capture_sec,capture_nanosec,base_in_age_ms,base_compute_ms,true_e2e_ms,output_period_ms,target_valid
1785812492,197700684,186.798,5.12,,,0
1785812492,297738037,128.199,0.686,,37.008,0
1785812492,364429443,2472.558,6.122,2478.658,2416.484,1
1785812494,133114502,723.906,0.759,724.642,14.672,1
1785812494,199817139,674.158,0.887,675.024,17.079,1
1785812494,266519287,640.751,0.812,641.535,33.218,1
1785812494,333221191,577.825,0.549,578.354,3.524,1
1785812494,399923096,514.626,0.574,515.166,3.516,1
1785812494,466624756,453.365,3.016,456.371,7.883,1
1785812494,533325928,397.357,0.687,398.021,8.367,1
1785812494,600027100,347.087,0.806,347.876,16.554,1
1785812494,666728027,293.511,1.391,294.872,13.699,1
1785812494,700078369,287.27,0.724,287.972,26.451,1
1785812494,766779053,227.682,1.007,228.669,7.388,1
1785812494,833479492,200.731,0.638,201.351,39.396,1
1785812494,900179688,146.963,0.874,147.812,13.157,1
1785812494,933529785,133.848,0.687,134.515,20.055,1
1785812494,967003174,162.103,0.754,162.834,61.797,1
1785812495,33953369,160.435,0.763,161.182,65.292,1
1785812495,100908203,132.054,0.684,132.726,38.497,1
1785812495,134387451,150.876,0.631,151.485,52.247,1
1785812495,201349121,130.378,0.682,131.037,46.513,1
1785812495,268315918,110.501,0.864,111.349,47.263,1
1785812495,301800781,139.212,1.398,140.114,62.257,1
1785812495,335287109,153.308,0.618,153.903,47.284,1
1785812495,402262939,149.517,0.716,150.207,63.282,1
1785812495,469243652,132.13,0.722,132.831,49.601,1
1785812495,536229004,130.171,0.748,130.895,65.048,1
1785812495,603218994,113.867,0.663,114.504,50.601,1
1785812495,636715820,136.241,0.662,136.88,55.874,1
1785812495,703712891,172.967,0.692,173.63,103.744,1
1785812495,770714600,138.855,0.793,139.61,32.98,1
1785812495,837720947,116.414,0.723,117.115,44.514,1
1785812495,871226074,129.271,0.816,130.071,46.457,1
1785812495,938236084,119.031,3.491,122.508,59.436,1
1785812495,971606445,138.307,0.847,139.121,49.992,1
1785812496,38265381,157.955,0.704,158.629,86.176,1
1785812496,71594238,159.892,0.637,160.506,35.207,1
1785812496,138250732,158.592,0.595,159.162,65.314,1
1785812496,204905762,162.299,0.662,162.941,70.428,1
1785812496,304885254,127.205,0.638,127.818,64.859,1
1785812496,338211182,304.656,0.989,305.637,211.126,1
1785812496,438186279,235.211,0.71,235.895,30.251,1
1785812496,604803955,140.04,0.64,140.658,71.382,1
1785812496,671448486,134.801,0.707,135.484,61.469,1
1785812496,704770020,177.062,0.733,177.769,75.61,1
1785812496,771412109,157.573,0.817,158.375,47.236,1
1785812496,838052734,148.43,0.579,148.986,57.264,1
1785812496,904691895,126.006,0.703,126.687,44.334,1
1785812496,938010986,132.821,0.581,133.382,40.019,1
1785812497,71335449,109.635,0.683,110.303,110.24,1
1785812497,138004150,147.357,0.708,148.036,104.406,1
1785812497,171337891,149.767,1.506,151.2,36.475,1
1785812497,238004883,111.8,0.707,112.484,27.972,1
1785812497,304670898,95.078,0.725,95.781,49.966,1
1785812497,371335693,87.833,0.626,88.386,59.272,1
1785812497,437999512,88.351,0.534,88.865,67.143,1
1785812497,504662354,88.104,0.614,88.694,66.492,1
1785812497,571323975,91.779,0.747,92.502,70.47,1
1785812497,637984619,87.27,0.605,87.851,62.01,1
1785812497,704644043,93.475,1.122,94.58,73.381,1
1785812497,771302734,96.468,0.718,97.168,69.249,1
1785812497,837960205,113.144,1.085,114.213,83.701,1
1785812497,871288330,128.385,0.548,128.911,48.034,1
1785812497,937944336,100.706,0.768,101.454,39.193,1
1785812498,37952881,92.63,0.555,93.164,91.724,1
1785812498,104632568,92.876,0.552,93.407,66.923,1
1785812498,171311279,89.428,0.57,89.974,63.245,1
1785812498,237989502,90.191,0.811,90.979,67.678,1
1785812498,304666748,93.147,0.564,93.69,69.394,1
1785812498,371343262,94.804,0.626,95.404,68.39,1
1785812498,404681396,123.462,0.598,124.037,61.971,1
1785812498,471356934,92.455,0.626,93.057,35.695,1
1785812498,538031738,89.763,0.655,90.398,64.015,1
1785812498,604705566,87.895,0.59,88.464,64.739,1
1785812498,671378906,90.591,0.562,91.133,69.345,1
1785812498,738051514,115.976,1.854,117.819,93.34,1
1785812498,771387451,131.697,0.663,132.338,47.87,1
1785812498,804723389,138.596,0.934,139.723,40.498,1
1785812498,871394287,131.552,0.665,132.189,59.361,1
1785812498,938064697,117.318,0.81,118.111,52.586,1
1785812498,971400146,130.936,0.724,131.638,46.868,1
1785812499,38264160,117.514,0.601,118.092,53.319,1
1785812499,71696777,136.268,0.793,137.044,52.375,1
1785812499,138563721,131.684,0.652,132.322,62.15,1
1785812499,205432617,111.067,0.692,111.742,46.289,1
1785812499,238867676,123.019,0.546,123.545,45.245,1
1785812499,305739746,99.251,0.696,99.927,43.253,1
1785812499,372613525,93.097,0.576,93.649,60.597,1
1785812499,439489502,91.309,0.622,91.911,65.138,1
1785812499,506367676,88.284,0.556,88.819,63.786,1
1785812499,573247559,86.559,0.618,87.155,65.214,1
1785812499,640129639,89.635,0.573,90.186,69.913,1
1785812499,707013672,92.422,0.6,93.001,69.7,1
1785812499,773899658,91.691,0.588,92.252,66.138,1
1785812499,840787598,86.929,0.587,87.494,62.129,1
1785812499,907677734,86.26,0.573,86.809,66.207,1
1785812499,974567871,91.662,0.713,92.356,72.434,1
1785812500,41399902,87.114,0.635,87.729,62.207,1
1785812500,108233398,89.174,0.569,89.721,68.826,1
1785812500,175068115,89.018,0.57,89.568,66.681,1
1785812500,241904297,87.054,0.58,87.612,64.879,1
1785812500,308741699,84.066,0.605,84.65,63.877,1
1785812500,375580322,88.741,0.571,89.287,71.476,1
1785812500,442420410,86.025,0.924,86.928,64.481,1
1785812500,509261719,85.571,0.557,86.106,66.02,1
1785812500,576104248,85.927,0.572,86.478,67.215,1
1785812500,642948242,84.617,0.733,85.345,65.695,1
1785812500,709793457,84.875,0.848,85.702,67.214,1
1785812500,776640137,90.69,0.647,91.312,72.46,1
1785812500,843488037,86.924,0.566,87.468,63.004,1
1785812500,910337158,86.568,0.892,87.445,66.822,1
1785812500,977186279,88.384,0.727,89.107,68.497,1
1785812501,43831787,86.024,0.677,86.679,64.235,1
1785812501,110476074,84.813,0.576,85.367,65.332,1
1785812501,177118896,87.003,0.568,87.55,68.826,1
1785812501,243760498,86.758,0.66,87.392,66.485,1
1785812501,310400635,84.814,0.576,85.365,64.612,1
1785812501,377039551,85.136,0.575,85.685,66.958,1
1785812501,443677002,89.412,0.571,89.961,70.913,1
1785812501,510313232,84.623,0.642,85.244,61.919,1
1785812501,576948242,94.742,0.713,95.435,76.821,1
1785812501,643581787,100.582,1.179,101.758,72.937,1
1785812501,676897949,120.09,0.645,120.801,52.292,1
1785812501,743529541,108.604,1.801,110.413,56.297,1
1785812501,776844971,127.557,0.723,128.257,51.194,1
1785812501,843474365,96.696,0.66,97.33,35.705,1
1785812501,910102783,90.212,0.571,90.759,60.061,1
1785812501,976730957,89.898,0.593,90.465,66.333,1
1785812502,43383057,92.995,0.68,93.656,69.843,1
1785812502,110034180,87.131,0.582,87.693,60.689,1
1785812502,176684326,87.075,0.672,87.722,66.679,1
1785812502,243333252,90.124,0.561,90.659,69.586,1
1785812502,309980713,85.226,0.565,85.77,61.758,1
1785812502,376627441,86.084,0.562,86.624,67.5,1
1785812502,443272705,86.822,0.568,87.369,67.391,1
1785812502,509916992,88.075,0.645,88.696,67.971,1
1785812502,576560059,88.959,0.566,89.504,67.451,1
1785812502,643202148,85.748,0.555,86.282,63.421,1
1785812502,709842773,86.638,0.556,87.17,67.528,1
1785812502,776482422,88.146,1.537,89.676,69.13,1
1785812502,843121094,91.763,0.623,92.365,69.343,1
1785812502,909758301,89.268,0.558,89.802,64.074,1
1785812502,976395508,98.487,2.786,101.287,78.08,1
1785812503,43197266,121.794,0.653,122.424,87.978,1
1785812503,110080322,110.362,0.614,110.938,55.397,1
1785812503,143522705,127.473,0.681,128.128,50.634,1
1785812503,210410156,94.98,0.708,95.67,34.424,1
1785812503,277300293,85.014,0.628,85.619,56.844,1
1785812503,344193604,86.59,0.555,87.12,68.397,1
1785812503,411089600,89.309,0.641,89.924,69.7,1
1785812503,477988525,87.488,0.641,88.104,65.079,1
1785812503,544890625,85.654,0.573,86.193,64.991,1
1785812503,611795410,88.071,0.66,88.707,69.413,1
1785812503,678703125,90.143,0.669,90.79,68.996,1
1785812503,745613770,87.368,0.586,87.932,64.053,1
1785812503,812527344,88.089,0.806,88.876,67.854,1
1785812503,879443848,89.355,0.559,89.892,67.936,1
1785812503,946363281,91.771,0.77,92.521,69.541,1
1785812503,979823975,122.387,0.72,123.086,64.025,1
1785812504,46610596,110.816,0.61,111.386,55.094,1
1785812504,79937744,135.698,0.683,136.357,58.294,1
1785812504,146591064,117.753,0.607,118.334,48.635,1
1785812504,213243408,104.573,0.56,105.11,53.428,1
1785812504,246569092,120.535,0.577,121.091,49.307,1
1785812504,279894531,138.913,0.671,139.568,51.794,1
1785812504,346544678,116.46,0.615,117.047,44.137,1
1785812504,413193848,100.741,0.72,101.447,51.038,1
1785812504,479842041,87.475,0.686,88.141,53.35,1
1785812504,546489014,86.767,0.63,87.376,65.883,1
1785812504,579812012,106.073,0.803,106.849,52.794,1
1785812504,679779785,87.774,0.576,88.315,81.437,1
1785812504,746423584,87.683,0.587,88.249,66.579,1
1785812504,813066406,92.084,0.674,92.736,71.128,1
1785812504,879708252,90.317,0.647,90.943,64.85,1
1785812504,946348877,90.979,0.63,91.565,67.262,1
1785812505,12989746,106.751,0.726,107.323,82.4,1
1785812505,46393555,124.875,0.622,125.472,51.552,1
1785812505,113202148,97.911,0.717,98.599,39.935,1
1785812505,180011719,91.739,0.55,92.267,60.479,1
1785812505,246822266,88.762,0.581,89.318,63.86,1
1785812505,313633545,99.985,0.581,100.542,78.036,1
1785812505,347039551,123.874,0.667,124.52,57.382,1
1785812505,413852295,109.61,0.584,110.175,52.467,1
1785812505,447259033,122.985,1.432,124.397,47.629,1
1785812505,547480469,89.819,0.589,90.385,66.212,1
1785812505,580887939,111.568,0.6,112.149,55.169,1
1785812505,647703857,90.666,0.579,91.218,45.887,1
1785812505,714520752,85.053,0.56,85.586,61.184,1
1785812505,781338379,91.474,0.657,92.106,73.337,1
1785812505,848156982,87.272,0.586,87.835,62.548,1
1785812505,914976563,84.152,0.567,84.695,63.679,1
1785812505,981796875,98.393,0.701,99.075,81.199,1
1785812506,15206543,119.761,0.691,120.428,54.76,1
1785812506,82005127,102.91,0.942,103.822,50.189,1
1785812506,115404541,113.16,0.797,113.915,43.49,1
1785812506,148804199,125.536,0.812,126.32,45.808,1
1785812506,215604004,103.513,0.608,104.102,44.586,1
1785812506,282404785,92.727,0.96,93.67,56.365,1
1785812506,349206055,90.46,0.666,91.103,64.239,1
1785812506,416008057,85.668,0.559,86.203,61.904,1
1785812506,516212402,83.174,0.568,83.718,97.72,1
1785812506,583016357,102.073,0.62,102.672,85.755,1
1785812506,616418457,120.889,0.574,121.442,52.174,1
1785812506,683223389,92.242,0.589,92.807,38.17,1
1785812506,750028809,100.991,0.692,101.654,75.649,1
1785812506,783431885,129.594,0.869,130.443,62.186,1
1785812506,850238525,125.253,0.723,125.95,62.315,1
1785812506,917045898,115.615,0.6,116.189,57.054,1
1785812506,950449951,148.116,0.697,148.753,65.964,1
1785812507,17257568,123.927,0.589,124.492,42.55,1
1785812507,83884033,97.832,0.768,98.581,40.711,1
1785812507,150509033,87.36,0.549,87.884,55.934,1
1785812507,217132324,88.288,0.636,88.902,67.64,1
1785812507,283754150,86.771,0.606,87.352,65.07,1
1785812507,350374512,85.326,0.554,85.856,65.126,1
1785812507,416993164,82.676,0.629,83.278,64.042,1
1785812507,483610107,82.223,0.549,82.75,66.089,1
1785812507,550225830,81.976,0.563,82.515,66.38,1
1785812507,616839844,90.144,0.574,90.706,74.792,1
1785812507,650146240,120.804,0.586,121.366,63.978,1
1785812507,716757813,95.365,0.614,95.95,41.196,1
1785812507,783367920,93.023,0.612,93.606,64.268,1
1785812507,849976563,86.667,0.548,87.191,60.194,1
1785812507,916583496,85.38,0.922,86.284,65.694,1
1785812507,983188965,99.264,1.132,100.33,80.642,1
1785812508,16492676,117.922,0.845,118.745,51.726,1
1785812508,49883301,133.341,0.655,133.972,48.622,1
1785812508,116665039,99.327,0.689,99.995,32.801,1
1785812508,216838379,86.912,0.623,87.512,87.696,1
1785812508,283621094,83.35,0.642,83.969,63.241,1
1785812508,350404053,86.041,0.592,86.592,69.406,1
1785812508,417187744,83.41,0.548,83.935,64.126,1
1785812508,483971680,83.182,0.654,83.814,66.663,1
1785812508,550755859,84.286,0.62,84.882,67.852,1
1785812508,617540771,85.984,0.547,86.506,68.41,1
1785812508,684325928,88.539,0.56,89.47,69.355,1
1785812508,751111572,86.905,0.566,87.446,65.155,1
1785812508,817897461,83.678,0.636,84.287,63.625,1
1785812508,884683838,86.082,0.546,86.607,69.109,1
1785812508,951470703,91.742,0.677,92.398,72.573,1
1785812509,18257324,91.24,1.19,92.419,66.801,1
1785812509,84866943,92.082,0.561,92.62,66.822,1
1785812509,151474854,93.193,0.62,93.79,67.775,1
1785812509,218080566,90.434,0.856,91.269,64.084,1
1785812509,284684814,85.629,0.571,86.177,61.514,1
1785812509,351286865,84.588,0.553,85.12,65.546,1
1785812509,417887207,82.563,0.645,83.188,64.665,1
1785812509,484485840,83.313,0.641,83.933,67.345,1
1785812509,551082275,84.518,0.558,85.053,67.718,1
1785812509,617677246,90.996,0.543,91.515,73.056,1
1785812509,684270020,89.421,0.82,90.216,65.294,1
1785812509,750861084,87.233,0.714,87.926,64.299,1
1785812509,817450439,89.246,0.549,89.771,68.436,1
1785812509,884037842,87.808,0.713,88.496,65.309,1
1785812509,950623291,85.378,0.608,85.962,64.054,1
1785812510,17208740,91.752,0.768,92.5,73.119,1
1785812510,83820313,88.978,0.78,89.733,63.85,1
1785812510,150430176,91.619,0.701,92.295,69.171,1
1785812510,217038330,88.214,0.57,88.763,63.077,1
1785812510,283644531,87.192,1.919,89.133,66.93,1
1785812510,316946777,127.973,0.597,128.547,72.762,1
1785812510,350248779,173.411,0.694,174.084,78.832,1
1785812510,450151855,120.945,0.64,121.561,47.388,1
1785812510,550050781,92.904,0.723,93.604,71.941,1
1785812510,616647949,88.679,0.566,89.22,62.214,1
1785812510,683243164,93.597,0.587,94.159,71.534,1
1785812510,749836426,92.769,0.548,93.295,65.73,1
1785812510,816427979,100.684,1.077,101.748,75.027,1
1785812510,849723145,119.721,0.662,120.36,51.919,1
1785812510,883017578,147.418,0.579,147.972,60.911,1
1785812510,949605469,132.002,0.778,132.757,51.369,1
1785812511,16193115,121.285,0.777,122.046,55.873,1
1785812511,49541260,124.25,0.577,124.802,36.111,1
1785812511,116238037,92.63,0.541,93.15,35.047,1
1785812511,182935303,88.564,0.551,89.091,62.638,1
1785812511,249633057,87.436,0.561,87.973,65.58,1
1785812511,316331299,86.823,0.597,87.398,66.121,1
1785812511,383029785,85.485,0.545,86.006,65.308,1
1785812511,449728760,88.953,0.546,89.476,70.169,1
1785812511,516428223,92.535,0.666,93.18,70.4,1
1785812511,583127930,88.054,0.676,88.711,62.233,1
1785812511,649828369,84.968,0.547,85.491,63.481,1
1785812511,716529053,92.704,0.599,93.279,74.488,1
1785812511,783230225,90.023,0.731,90.732,64.154,1
1785812511,849931641,89.989,0.568,90.535,66.504,1
1785812511,916633789,89.8,0.561,90.326,66.493,1
1785812511,983336182,91.878,0.643,92.497,68.873,1
1785812512,50000732,91.063,0.602,91.644,65.811,1
1785812512,116625977,89.668,0.633,90.28,65.263,1
1785812512,183249268,88.365,0.614,88.957,65.3,1
1785812512,249871338,87.672,0.55,88.198,65.864,1
1785812512,316491455,87.192,0.551,87.721,66.142,1
1785812512,383110352,87.427,0.552,87.954,66.852,1
1785812512,449727539,86.904,0.559,87.441,66.104,1
1785812512,516343018,89.808,0.591,90.375,69.549,1
1785812512,582957031,86.359,0.564,86.901,63.141,1
1785812512,649569580,90.39,0.544,90.91,70.623,1
1785812512,716180420,89.849,0.565,90.391,66.091,1
1785812512,782789551,88.818,0.547,89.341,65.559,1
1785812512,849397461,96.487,0.794,97.261,74.522,1
1785812512,916003418,93.349,0.63,93.957,63.308,1
1785812512,982608154,90.497,0.618,91.092,63.738,1
1785812513,49223877,94.128,0.617,94.79,70.245,1
1785812513,115848389,89.905,0.555,90.437,62.341,1
1785812513,182471191,91.503,0.559,92.041,68.228,1
1785812513,249092529,86.651,0.552,87.181,61.761,1
1785812513,315712402,89.036,0.559,89.575,69.013,1
1785812513,382330566,86.975,0.567,87.501,64.546,1
1785812513,448947021,88.712,0.552,89.239,68.354,1
1785812513,515562012,89.917,0.544,90.437,67.812,1
1785812513,582175537,90.95,0.571,91.5,67.677,1
1785812513,648787109,91.74,0.552,92.359,67.38,1
1785812513,748701904,91.462,0.562,92.002,99.65,1
1785812513,815309570,93.164,0.592,93.732,68.337,1
1785812513,881915771,87.669,0.632,88.281,61.154,1
1785812513,948520508,92.132,0.573,92.683,71.006,1
1785812514,15124512,95.908,0.603,96.489,70.411,1
1785812514,81859863,93.685,0.576,94.239,64.486,1
1785812514,148638672,93.09,0.723,93.79,66.33,1
1785812514,215417969,89.557,0.567,90.1,63.089,1
1785812514,282197754,90.759,0.668,91.406,68.086,1
1785812514,348977783,92.41,0.549,92.935,68.31,1
1785812514,415758301,90.534,0.641,91.15,64.994,1
1785812514,482539063,91.261,0.556,91.791,67.423,1
1785812514,549320313,91.984,0.589,92.552,67.543,1
1785812514,616102051,91.365,0.617,91.958,66.187,1
1785812514,682884033,88.922,0.558,89.452,64.277,1
1785812514,749666260,88.789,0.574,89.331,66.662,1
1785812514,816448975,92.916,0.571,93.461,70.912,1
1785812514,883232178,91.381,0.548,91.906,65.229,1
1785812514,950015625,90.098,0.669,90.744,65.619,1
1785812515,16799316,100.25,0.66,100.882,76.921,1
1785812515,50190430,116.544,0.614,117.131,49.643,1
1785812515,83615967,143.207,0.743,143.921,60.21,1
1785812515,150468994,98.545,0.555,99.079,22.017,1
1785812515,217324463,92.473,0.56,93.013,60.789,1
1785812515,284182373,90.656,0.6,91.231,65.075,1
1785812515,351042480,91.309,0.727,92.014,67.643,1
1785812515,417905273,92.132,0.559,92.669,67.519,1
1785812515,484770264,87.724,0.56,88.262,62.458,1
1785812515,551637695,86.66,0.563,87.199,65.806,1
1785812515,618507568,87.177,0.628,87.782,67.452,1
1785812515,685379639,88.493,0.623,89.095,68.182,1
1785812515,752254395,87.946,0.579,88.504,66.286,1
1785812515,819131348,95.276,0.706,95.966,74.325,1
1785812515,852570801,114.672,0.781,115.445,52.913,1
1785812515,886010742,123.239,0.574,123.791,41.806,1
1785812515,986334473,91.887,0.688,92.556,69.085,1
1785812516,53217773,90.995,0.572,91.543,65.873,1
1785812516,119912354,87.815,0.611,88.402,63.554,1
1785812516,186607178,88.981,0.622,89.539,67.833,1
1785812516,253302490,86.1,0.566,86.642,63.798,1
1785812516,319998291,86.746,0.541,87.265,67.319,1
1785812516,386694336,86.957,0.545,87.481,66.911,1
1785812516,453390869,88.563,0.575,89.114,68.33,1
1785812516,520087646,89.451,0.54,89.966,67.549,1
1785812516,586784912,89.552,0.647,90.242,66.905,1
1785812516,653482422,86.942,0.552,87.456,63.979,1
1785812516,720180420,86.26,0.708,86.944,66.185,1
1785812516,786878906,86.729,0.548,87.254,67.008,1
1785812516,853577637,89.628,0.597,90.203,69.648,1
1785812516,920276855,88.136,1.627,89.747,66.238,1
1785812516,986976318,99.102,0.765,99.909,76.792,1
1785812517,53676514,98.549,0.785,99.253,66.117,1
1785812517,120300537,87.799,0.601,88.376,55.749,1
1785812517,186923340,88.922,0.629,89.531,67.778,1
1785812517,253544189,86.588,0.687,87.251,64.34,1
1785812517,320163574,90.067,0.564,90.61,69.979,1
1785812517,386781494,87.733,0.626,88.338,64.345,1
1785812517,453397705,90.003,0.586,90.568,68.847,1
1785812517,520012207,87.292,0.565,87.817,63.864,1
1785812517,586625244,89.299,0.574,89.852,68.647,1
1785812517,653236572,87.601,0.561,88.141,64.902,1
1785812517,719846436,87.726,0.548,88.252,66.721,1
1785812517,786454590,90.04,0.542,90.559,68.915,1
1785812517,853061035,91.185,0.653,91.815,67.862,1
1785812517,919666016,91.712,1.141,92.339,67.127,1
1785812517,986269531,96.853,0.897,97.725,71.987,1
1785812518,52872314,90.835,0.542,91.353,60.236,1
1785812518,119495361,91.595,0.679,92.253,67.523,1
1785812518,186116455,96.937,0.782,97.698,72.061,1
1785812518,252736084,91.388,0.614,91.98,60.905,1
1785812518,319354004,88.928,0.56,89.466,64.105,1
1785812518,385970215,88.933,0.552,89.461,66.611,1
1785812518,452584961,90.978,0.546,91.503,68.656,1
1785812518,519197998,91.365,0.541,91.883,66.993,1
1785812518,585809570,87.898,0.537,88.413,63.142,1
1785812518,652419189,90.871,0.581,91.428,69.623,1
1785812518,719027588,89.634,0.541,90.15,65.332,1
1785812518,785634033,91.423,0.563,91.96,68.416,1
1785812518,885540771,92.849,0.599,93.422,101.367,1
1785812518,952143311,95.625,0.589,96.19,69.372,1
1785812519,18744141,100.449,0.809,101.231,71.636,1
1785812519,85400635,99.666,0.624,100.266,65.695,1
1785812519,152112061,89.062,0.656,89.694,56.142,1
1785812519,218824219,94.707,0.538,95.222,72.24,1
1785812519,285536865,90.95,0.609,91.539,63.028,1
1785812519,352250244,88.8,0.61,89.387,64.562,1
1785812519,418964355,92.36,0.602,92.937,70.264,1
1785812519,485678955,88.365,0.596,88.937,62.715,1
1785812519,552394531,89.635,0.567,90.182,67.961,1
1785812519,619110352,88.431,0.542,88.95,65.483,1
1785812519,685827148,88.996,0.543,89.622,67.285,1
1785812519,752544434,91.533,0.563,92.074,69.273,1
1785812519,819262451,92.846,0.558,93.383,68.026,1
1785812519,885981201,90.297,0.645,90.921,64.255,1
1785812519,919340576,103.447,0.827,104.214,46.628,1
1785812519,986060303,103.584,0.741,104.303,66.828,1
1785812520,52780273,99.042,0.622,99.636,62.058,1
1785812520,119443359,90.814,0.556,91.346,58.374,1
1785812520,186105469,92.3,0.559,92.838,68.154,1
1785812520,252766602,91.86,0.548,92.388,66.211,1
1785812520,319426758,89.608,0.63,90.217,64.489,1
1785812520,386085693,90.834,0.544,91.356,67.798,1
1785812520,452743652,97.865,0.586,98.429,73.732,1
1785812520,519400635,92.833,0.554,93.367,61.594,1
1785812520,586056396,92.28,0.613,92.869,66.158,1
1785812520,652711426,92.211,0.664,92.857,66.633,1
1785812520,719365234,93.906,0.566,94.451,68.258,1
1785812520,786017822,94.286,0.616,94.879,67.08,1
1785812520,852669678,93.945,0.626,94.547,66.32,1
1785812520,919320313,91.082,0.563,91.624,63.728,1
1785812520,985969971,99.867,0.544,100.386,75.411,1
1785812521,52619141,100.61,0.647,101.234,67.495,1
1785812521,119339600,91.006,0.559,91.541,57.03,1
1785812521,186061035,90.647,0.548,91.171,66.352,1
1785812521,252783447,88.889,0.548,89.415,64.965,1
1785812521,319506348,93.579,0.606,94.16,71.467,1
1785812521,386230225,92.407,0.551,92.932,65.497,1
1785812521,452955078,89.601,0.562,90.128,63.922,1
1785812521,519680664,91.218,0.553,91.747,68.344,1
1785812521,586406982,90.135,0.742,90.751,65.728,1
1785812521,653134277,89.933,0.636,90.548,66.526,1
1785812521,719862305,93.988,0.796,94.762,70.94,1
1785812521,786591309,92.433,0.602,93.011,64.98,1
1785812521,886686035,93.034,0.567,93.58,100.664,1
1785812521,953416992,112.746,0.753,113.467,86.616,1
1785812521,986782959,122.582,0.581,123.144,43.042,1
1785812522,20148926,144.345,0.657,144.97,55.192,1
1785812522,86883789,127.333,0.762,128.074,49.841,1
1785812522,153623047,97.282,0.581,97.842,36.508,1
1785812522,220363281,91.546,0.705,92.231,61.129,1
1785812522,287104980,94.139,0.562,94.679,69.191,1
1785812522,353847656,91.188,0.589,91.754,63.816,1
1785812522,420591553,91.41,0.554,91.973,66.93,1
1785812522,487336670,89.662,0.556,90.209,65.0,1
1785812522,554083008,90.164,0.571,90.706,67.258,1
1785812522,620830322,90.637,0.617,91.234,67.274,1
1785812522,687579102,91.433,0.654,92.066,67.58,1
1785812522,754328857,92.712,0.564,93.252,67.937,1
1785812522,821079834,95.49,0.625,96.093,69.592,1
1785812522,887832031,95.376,0.841,96.197,66.856,1
1785812522,954585449,89.073,0.568,89.618,60.174,1
1785812523,21339844,96.407,0.55,96.973,74.072,1
1785812523,88050781,92.805,0.552,93.334,63.111,1
1785812523,154718018,88.467,0.564,89.01,62.342,1
1785812523,221384521,94.559,0.604,95.139,72.795,1
1785812523,288050049,89.912,0.557,90.446,61.974,1
1785812523,354714844,91.479,0.651,92.11,68.328,1
1785812523,421378662,89.294,0.566,89.838,64.392,1
1785812523,488041748,89.801,0.554,90.329,67.155,1
1785812523,554703857,89.754,0.571,90.304,66.636,1
1785812523,621365479,92.722,0.561,93.261,69.619,1
1785812523,688025879,90.507,0.547,91.033,64.433,1
1785812523,754685791,92.645,0.561,93.185,68.811,1
1785812523,821344727,90.56,0.6,91.133,64.606,1
1785812523,888002686,92.579,0.545,93.101,68.626,1
1785812523,954659912,97.389,0.571,97.94,71.495,1
1785812523,987988281,131.8,0.592,132.368,67.756,1
1785812524,54645020,132.464,0.714,133.168,67.443,1
1785812524,121397705,125.996,0.695,126.67,60.265,1
1785812524,154774658,125.655,0.667,126.303,33.014,1
1785812524,254907715,90.217,0.662,90.857,64.687,1
1785812524,321665039,95.694,0.557,96.23,72.131,1
1785812524,388423584,98.186,0.663,98.759,69.287,1
1785812524,455183594,93.431,0.538,93.948,61.95,1
1785812524,521945068,92.475,0.554,93.007,65.82,1
1785812524,588708008,89.766,0.612,90.357,64.112,1
1785812524,655472168,89.771,0.564,90.311,66.719,1
1785812524,722238037,91.064,0.625,91.667,68.121,1
1785812524,789005127,90.452,0.62,91.049,66.15,1
1785812524,855773682,91.786,0.639,92.391,68.111,1
1785812524,922543701,95.144,0.575,95.695,70.073,1
1785812524,989315186,104.464,0.85,105.29,76.363,1
1785812525,22701416,127.615,0.59,128.163,56.263,1
1785812525,89440674,97.946,0.548,98.469,37.046,1
1785812525,156147217,93.846,0.561,94.384,62.62,1
1785812525,222853760,90.117,0.851,90.676,62.999,1
1785812525,289559814,92.722,0.556,93.255,69.285,1
1785812525,356265625,90.096,0.593,90.669,64.119,1
1785812525,422971191,95.923,0.608,96.507,72.543,1
1785812525,489676514,93.803,0.582,94.362,64.561,1
1785812525,556381592,88.754,0.585,89.315,61.659,1
1785812525,623086426,91.106,0.597,91.684,69.071,1
1785812525,689790771,91.294,0.549,91.822,66.845,1
1785812525,756495117,96.431,0.561,96.97,71.853,1
1785812525,823198975,97.292,0.704,97.978,67.708,1
1785812525,889902832,92.931,0.587,93.494,62.222,1
1785812525,956606201,97.412,0.946,98.339,71.543,1
1785812526,23309326,98.445,0.738,99.159,67.522,1
1785812526,56660889,119.011,0.747,119.729,53.922,1
1785812526,90001465,126.473,0.574,127.024,40.643,1
1785812526,190021973,92.682,0.515,93.177,66.174,1
1785812526,256701416,89.433,0.557,89.967,63.469,1
1785812526,323380615,92.429,0.564,92.971,69.683,1
1785812526,390058838,93.369,0.557,93.891,67.599,1
1785812526,456736816,92.372,0.557,92.907,65.694,1
1785812526,523414063,89.834,0.869,90.681,64.447,1
1785812526,590090576,90.246,0.618,90.843,66.842,1
1785812526,656766602,91.127,0.576,91.682,67.515,1
1785812526,723442139,92.054,0.682,92.714,67.704,1
1785812526,790116943,89.664,0.652,90.294,64.259,1
1785812526,856791260,93.297,0.691,93.967,70.348,1
1785812526,923464844,91.132,0.54,91.651,64.358,1
1785812526,990137939,96.503,0.558,97.04,72.061,1
1785812527,56810791,100.049,0.64,100.662,70.294,1
1785812527,90160400,115.506,0.532,116.017,48.707,1
1785812527,123510010,123.593,0.608,124.18,41.513,1
1785812527,223557861,92.158,1.012,93.154,69.017,1
1785812527,290256104,90.035,0.545,90.561,64.109,1
1785812527,356954102,89.843,0.558,90.38,66.518,1
1785812527,423651611,90.524,0.559,91.063,67.38,1
1785812527,490348633,90.121,0.543,90.712,66.276,1
1785812527,557045410,90.419,0.541,90.939,66.994,1
1785812527,623741699,90.814,0.542,91.336,67.092,1
1785812527,690437744,89.799,0.545,90.32,65.681,1
1785812527,757133301,90.621,0.547,91.148,67.524,1
1785812527,823828613,95.67,0.574,96.22,71.766,1
1785812527,890523438,94.762,0.557,95.297,65.774,1
1785812527,957218018,95.928,0.579,96.487,67.884,1
1785812528,23912109,102.714,0.639,103.331,73.534,1
1785812528,57259033,114.41,0.635,115.022,45.037,1
1785812528,90598633,127.718,0.561,128.259,46.581,1
1785812528,190616455,93.807,0.548,94.321,66.08,1
1785812528,257294189,95.441,0.542,95.962,68.319,1
1785812528,323971191,93.503,0.542,94.022,64.737,1
1785812528,390647705,90.423,0.552,90.954,63.608,1
1785812528,457323486,92.061,0.568,92.605,68.327,1
1785812528,523998535,94.113,0.556,94.645,68.715,1
1785812528,590673096,90.542,0.555,91.076,63.105,1
1785812528,657346924,91.248,0.541,91.769,67.368,1
1785812528,724020264,89.811,0.551,90.341,65.244,1
1785812528,790692871,90.727,0.552,91.258,67.591,1
1785812528,857364990,92.878,0.619,93.478,68.891,1
1785812528,924036133,93.667,0.577,94.221,67.415,1
1785812528,990707031,108.937,1.753,110.686,83.118,1
1785812529,24041992,129.215,0.6,129.792,52.459,1
1785812529,57377197,165.561,6.176,171.778,75.26,1
1785812529,157431152,99.134,0.558,99.658,27.995,1
1785812529,224133545,97.029,0.647,97.653,64.698,1
1785812529,290835449,99.867,2.224,102.116,71.116,1
1785812529,357537109,96.001,0.533,96.513,61.148,1
1785812529,424238281,94.876,0.599,95.454,65.64,1
1785812529,490939209,91.617,0.534,92.13,63.379,1
1785812529,557639648,93.587,0.57,94.133,68.703,1
1785812529,624339844,92.777,0.554,93.307,65.875,1
1785812529,691039795,91.501,0.617,92.095,65.488,1
1785812529,757739502,92.518,0.596,93.092,67.697,1
1785812529,824438721,92.32,0.811,93.112,66.717,1
1785812529,891137695,91.208,0.676,91.807,65.396,1
1785812529,957836182,98.493,0.66,99.126,74.017,1
1785812530,24534424,104.596,0.814,105.392,72.96,1
1785812530,91263672,94.414,0.653,95.044,56.385,1
1785812530,158025391,94.917,0.653,95.548,67.266,1
1785812530,224788818,93.912,0.596,94.501,65.701,1
1785812530,291553467,92.335,0.553,92.868,65.149,1
1785812530,358320068,92.862,0.743,93.58,67.478,1
1785812530,425087891,93.85,0.559,94.387,67.575,1
1785812530,491857422,91.2,0.678,91.855,64.238,1
1785812530,558628418,90.428,0.564,90.969,65.885,1
1785812530,625401123,92.245,0.545,92.769,68.573,1
1785812530,692175293,90.474,0.535,90.986,64.992,1
1785812530,758950928,91.28,0.561,91.819,67.607,1
1785812530,825728271,93.473,0.553,94.004,68.964,1
1785812530,892507080,93.447,0.733,94.16,66.934,1
1785812530,959287598,94.761,0.692,95.431,68.05,1
1785812531,26069580,103.914,0.568,104.462,75.814,1
1785812531,92927490,94.023,0.536,94.538,56.935,1
1785812531,159864746,95.478,0.557,96.014,68.413,1
1785812531,226806152,90.274,0.564,90.812,61.739,1
1785812531,293751465,92.14,0.559,92.678,68.812,1
1785812531,360700439,89.271,0.576,89.828,64.099,1
1785812531,427653564,90.251,0.549,90.78,67.905,1
1785812531,494610352,89.15,0.615,89.745,65.921,1
1785812531,561571289,90.702,0.626,91.308,68.525,1
1785812531,628535889,94.573,0.629,95.184,70.839,1
1785812531,695504395,88.394,0.566,88.94,60.726,1
1785812531,762476807,86.956,0.561,87.485,65.518,1
1785812531,829453125,91.869,0.561,92.41,71.901,1
1785812531,896433350,91.205,0.542,91.79,66.297,1
1785812531,963417480,89.443,0.579,89.999,65.256,1
1785812532,30405518,91.78,0.551,92.311,69.301,1
1785812532,97243896,90.095,0.541,90.614,65.141,1
1785812532,163935791,88.421,0.655,89.104,65.132,1
1785812532,230627197,89.439,0.555,89.973,67.61,1
1785812532,297318115,88.51,0.556,89.045,65.763,1
1785812532,364008545,86.879,0.659,87.519,65.163,1
1785812532,430698730,86.786,0.608,87.373,66.545,1
1785812532,497388428,88.163,0.539,88.681,67.998,1
1785812532,564077637,89.719,0.551,90.248,68.256,1
1785812532,630766357,87.3,0.558,87.837,64.277,1
1785812532,697454834,91.761,0.577,92.319,71.17,1
1785812532,764142822,88.511,0.579,89.07,63.44,1
1785812532,830830566,88.165,0.569,88.714,66.331,1
1785812532,897517578,86.341,0.54,86.86,64.833,1
1785812532,964204346,92.355,0.561,92.895,72.721,1
1785812533,30890869,95.104,0.658,95.742,69.534,1
1785812533,97579590,86.973,0.542,87.495,58.442,1
1785812533,164269775,87.934,0.57,88.483,67.678,1
1785812533,230959473,88.451,0.635,89.066,67.271,1
1785812533,297648926,90.39,0.552,90.922,68.548,1
1785812533,364337891,90.225,0.537,90.741,66.509,1
1785812533,431026367,88.84,0.534,89.353,65.3,1
1785812533,497714355,89.063,0.529,89.572,66.906,1
1785812533,564401855,88.062,0.574,88.615,65.73,1
1785812533,631089111,86.677,0.529,87.185,65.258,1
1785812533,697775879,92.179,0.562,92.719,72.221,1
1785812533,764462158,86.856,0.552,87.388,61.355,1
1785812533,831147949,94.071,0.558,94.609,73.906,1
1785812533,897833496,89.613,0.639,90.231,62.308,1
1785812533,964518311,93.504,0.638,94.122,70.576,1
1785812534,31202881,101.856,0.653,102.485,75.047,1
1785812534,97891357,107.454,0.754,108.183,72.384,1
1785812534,164582520,94.03,0.559,94.566,53.077,1
1785812534,231273193,88.163,0.557,88.699,60.825,1
1785812534,297963623,88.127,0.558,88.664,66.655,1
1785812534,364653564,90.866,0.591,91.438,69.464,1
1785812534,431343018,86.934,0.557,87.47,62.721,1
1785812534,498031982,87.26,0.556,87.795,67.014,1
1785812534,564720459,89.399,0.547,89.927,68.82,1
1785812534,631408691,87.761,0.546,88.287,65.049,1
1785812534,698096436,91.738,0.562,92.276,70.676,1
1785812534,764783691,87.589,0.553,88.12,62.532,1
1785812534,831470459,92.616,0.589,93.183,71.748,1
1785812534,898156982,88.236,0.649,88.864,62.368,1
1785812534,964843018,96.048,0.617,96.642,74.466,1
1785812535,31528564,99.309,0.795,100.084,70.121,1
1785812535,98232910,89.721,0.652,90.351,56.976,1
1785812535,165098145,89.736,0.609,90.326,66.84,1
1785812535,231965332,91.665,0.624,92.269,68.811,1
1785812535,298834229,88.252,0.562,88.794,63.394,1
1785812535,365704834,89.962,0.542,90.483,68.559,1
1785812535,432577393,88.236,0.553,88.768,65.158,1
1785812535,499451660,87.781,0.587,88.346,66.453,1
1785812535,566327881,86.664,0.783,87.431,65.956,1
1785812535,633205811,89.64,0.581,90.201,69.651,1
1785812535,700085693,87.131,0.644,87.755,64.434,1
1785812535,766967285,87.814,0.653,88.448,67.572,1
1785812535,833850586,96.755,0.681,97.411,75.847,1
1785812535,900736084,87.203,0.563,87.744,57.221,1
1785812535,967623047,86.557,0.65,87.188,66.33,1
1785812536,34511963,110.003,0.617,110.6,90.299,1
1785812536,67957031,126.454,0.561,126.992,49.839,1
1785812536,134744629,92.198,0.582,92.758,32.554,1
1785812536,201432129,87.394,0.835,88.209,62.136,1
1785812536,268119141,86.09,0.57,86.638,65.119,1
1785812536,334805908,87.093,0.643,87.716,67.765,1
1785812536,401492188,88.903,0.599,89.482,68.452,1
1785812536,468178223,87.578,0.61,88.169,65.373,1
1785812536,534863770,86.511,0.544,87.034,65.551,1
1785812536,601549072,84.631,0.587,85.197,64.849,1
1785812536,668233887,87.496,0.772,88.251,69.735,1
1785812536,734918457,88.314,0.561,88.855,67.29,1
1785812536,801602539,87.869,0.861,88.711,66.537,1
1785812536,868286377,87.784,0.778,88.543,66.519,1
1785812536,934969727,91.652,0.654,92.285,70.424,1
1785812537,1652832,100.008,0.914,100.905,75.297,1
1785812537,34994141,107.205,0.862,108.053,40.491,1
1785812537,101677246,88.991,0.539,89.51,48.147,1
1785812537,168507324,86.704,0.696,87.38,64.7,1
1785812537,235338623,88.511,0.662,89.156,68.606,1
1785812537,302171387,87.355,0.601,87.934,65.612,1
1785812537,369005371,88.232,0.727,88.939,67.839,1
1785812537,435840576,85.317,0.563,85.86,63.757,1
1785812537,502677002,85.845,0.55,86.372,67.349,1
1785812537,569514893,84.646,0.547,85.173,65.638,1
1785812537,636354004,87.797,0.559,88.336,70.002,1
1785812537,703194336,85.14,0.701,85.819,64.324,1
1785812537,770036133,86.325,0.551,86.855,67.877,1
1785812537,836879150,87.064,0.59,87.634,67.621,1
1785812537,870301025,126.336,0.566,126.88,72.669,1
1785812537,937145996,92.772,0.552,93.303,33.268,1
1785812538,3992188,89.745,0.579,90.3,63.842,1
1785812538,70839600,99.08,0.728,99.788,76.335,1
1785812538,104262451,112.403,0.568,112.949,46.585,1
1785812538,137670410,118.652,0.554,119.186,39.646,1
1785812538,237895996,85.464,0.557,86.0,67.04,1
1785812538,304714355,88.757,0.605,89.342,70.159,1
1785812538,338124023,104.881,0.654,105.516,49.578,1
1785812538,438354248,83.266,0.541,83.787,78.508,1
1785812538,538586670,85.092,0.555,85.625,102.071,1
1785812538,605409668,85.852,0.559,86.39,67.588,1
1785812538,672233643,84.633,0.54,85.152,65.586,1
1785812538,739058838,85.945,0.56,86.484,68.158,1
1785812538,805885010,85.523,0.542,86.043,66.385,1
1785812538,872712158,88.459,0.789,89.231,70.012,1
1785812538,939540283,82.809,0.611,83.4,61.0,1
1785812539,6369629,87.759,0.597,88.336,71.764,1
1785812539,73199707,84.758,0.736,85.475,63.968,1
1785812539,139937500,87.638,0.534,88.152,69.417,1
1785812539,206583252,84.027,0.564,84.568,63.061,1
1785812539,273227539,83.131,0.556,83.664,65.741,1
1785812539,339870850,84.629,0.58,85.186,68.163,1
1785812539,406512695,84.679,0.56,85.217,66.674,1
1785812539,473153564,82.199,0.553,82.731,64.155,1
1785812539,539792969,84.671,0.544,85.194,69.102,1
1785812539,606431396,83.072,0.546,83.595,65.04,1
1785812539,673068359,83.383,0.548,83.911,66.953,1
1785812539,739704346,83.078,0.539,83.596,66.321,1
1785812539,806338867,82.436,0.587,83.002,66.04,1
1785812539,872972412,91.643,0.542,92.164,75.796,1
1785812539,939604492,87.072,0.544,87.592,62.06,1
1785812540,6235596,92.501,0.793,93.284,72.313,1
1785812540,72865479,87.163,0.545,87.689,61.045,1
1785812540,139504150,84.173,0.54,84.693,63.642,1
1785812540,206149414,82.521,0.537,83.037,64.99,1
1785812540,272793457,84.542,0.535,85.056,68.664,1
1785812540,339436035,83.296,0.651,83.927,65.512,1
1785812540,406077637,84.829,0.641,85.449,68.163,1
1785812540,472717773,88.015,0.623,88.617,69.808,1
1785812540,539356934,87.067,0.538,87.584,65.607,1
1785812540,605994629,83.429,0.537,83.945,62.999,1
1785812540,672631348,88.429,0.678,89.087,71.778,1
1785812540,739266602,86.822,0.552,87.353,64.902,1
1785812540,805900879,86.909,0.543,87.431,66.712,1
1785812540,872533691,88.165,0.538,88.682,67.883,1
1785812540,939165527,84.604,0.583,85.165,63.114,1
1785812541,5795898,102.055,0.611,102.642,84.107,1
1785812541,39110840,112.241,0.709,112.935,43.602,1
1785812541,105740723,88.721,0.545,89.245,42.946,1
1785812541,172400146,85.789,0.554,86.322,63.737,1
1785812541,239058838,88.005,0.584,88.569,68.906,1
1785812541,305716797,86.205,0.549,86.733,64.822,1
1785812541,372373779,85.298,0.617,85.895,65.818,1
1785812541,439029785,99.889,0.675,100.537,81.294,1
1785812541,472357666,112.326,0.652,112.961,45.749,1
1785812541,539012451,86.265,0.606,86.846,40.547,1
1785812541,605666260,86.972,0.538,87.49,67.298,1
1785812541,672319580,86.5,0.519,86.997,66.161,1
1785812541,738971680,85.619,0.545,86.143,65.797,1
1785812541,805623047,85.787,0.564,86.316,66.824,1
1785812541,872273682,95.139,0.656,95.757,76.09,1
1785812541,938923340,88.513,0.591,89.061,59.953,1
1785812542,5572266,95.115,0.551,95.644,73.234,1
1785812542,105544678,89.348,0.577,89.904,94.23,1
1785812542,172311523,86.729,0.551,87.257,64.121,1
1785812542,239119385,88.814,0.645,89.437,68.988,1
1785812542,305928223,86.168,0.553,86.701,64.073,1
1785812542,372738037,86.916,0.509,87.406,67.515,1
1785812542,439548584,86.56,0.558,87.098,66.502,1
1785812542,506359863,87.385,0.537,87.902,67.616,1
1785812542,573172363,85.854,0.587,86.419,65.329,1
1785812542,639985352,91.13,0.588,91.698,72.092,1
1785812542,706799316,85.006,0.674,85.66,60.776,1
1785812542,773614258,85.494,0.564,86.038,67.194,1
1785812542,840429932,90.59,0.652,91.221,71.998,1
1785812542,907246582,87.744,0.611,88.335,63.93,1
1785812542,974063965,92.03,0.614,92.703,71.106,1
1785812543,40882324,91.865,0.531,92.376,66.572,1
1785812543,107701416,87.868,0.632,88.48,62.922,1
1785812543,174510986,83.872,0.543,84.394,62.724,1
1785812543,241312988,85.002,0.554,85.519,67.928,1
1785812543,308115723,89.337,0.542,89.858,71.141,1
1785812543,374919434,85.436,0.546,85.957,62.904,1
1785812543,441723877,84.414,0.565,84.96,65.806,1
1785812543,508529053,89.371,0.58,89.995,71.776,1
1785812543,575335449,86.803,0.589,87.369,64.245,1
1785812543,642142334,84.325,0.539,84.844,64.282,1
1785812543,708950439,83.715,0.61,84.307,66.269,1
1785812543,775759033,86.391,0.559,86.929,69.432,1
1785812543,842568604,94.383,0.791,95.152,75.029,1
1785812543,875973877,123.221,0.719,123.921,62.168,1
1785812543,942784668,107.851,1.803,109.635,52.523,1
1785812543,976190430,141.45,0.999,142.439,66.205,1
1785812544,43002686,111.419,0.815,112.216,36.597,1
1785812544,76408936,144.964,0.749,145.608,66.803,1
1785812544,143221680,124.47,0.675,125.018,46.225,1
1785812544,176531250,123.998,0.609,124.585,32.876,1
1785812544,276457275,88.903,0.617,89.497,64.839,1
1785812544,343072754,85.989,0.586,86.553,63.671,1
1785812544,409686523,92.514,0.624,93.122,73.179,1
1785812544,442992676,114.18,0.75,114.904,55.09,1
1785812544,476298340,119.149,0.564,119.693,38.097,1
1785812544,576213135,87.924,0.603,88.505,68.726,1
1785812544,642821045,85.388,0.623,85.99,64.094,1
1785812544,709427246,86.702,0.549,87.23,67.846,1
1785812544,776031494,84.552,0.538,85.067,64.442,1
1785812544,842634277,86.067,0.592,86.639,68.173,1
1785812544,942535156,84.699,0.592,85.271,98.534,1
1785812545,9133545,106.856,0.706,107.547,88.867,1
1785812545,42432373,122.704,0.587,123.267,49.026,1
1785812545,109028320,91.936,0.565,92.478,35.807,1
1785812545,175644043,89.857,0.633,90.469,64.607,1
1785812545,242276855,88.115,0.627,88.719,64.884,1
1785812545,308908203,85.69,0.541,86.21,64.122,1
1785812545,375538330,85.801,0.547,86.328,66.749,1
1785812545,442166992,85.052,0.764,85.794,66.093,1
1785812545,508794434,85.84,0.604,86.419,67.254,1
1785812545,575420410,85.219,0.655,85.866,66.057,1
1785812545,642045166,91.071,0.635,91.681,72.455,1
1785812545,708668701,88.539,0.562,89.076,64.019,1
1785812545,775290771,87.197,0.74,87.913,65.457,1
1785812545,841911621,91.199,0.665,91.842,70.55,1
1785812545,875221436,124.758,0.802,125.538,67.007,1
1785812545,941840332,95.286,0.588,95.855,36.935,1
1785812546,8457764,106.438,1.7,107.312,78.062,1
1785812546,41766113,131.868,0.819,132.673,58.668,1
1785812546,108381592,123.584,0.757,124.135,58.094,1
1785812546,175001221,93.647,0.544,94.171,36.655,1
1785812546,241622070,88.631,0.55,89.161,61.611,1
1785812546,308241455,86.053,0.629,86.662,64.12,1
1785812546,374858887,88.522,0.568,89.066,69.022,1
1785812546,441474854,88.914,0.557,89.451,67.0,1
1785812546,508089355,86.126,0.541,86.647,63.811,1
1785812546,574701904,86.634,0.565,87.18,67.143,1
1785812546,641312988,91.322,0.505,91.807,71.24,1
1785812546,707922363,88.061,0.516,88.558,63.361,1
1785812546,774530273,86.942,0.561,87.484,65.533,1
1785812546,841136230,94.632,0.519,95.131,74.254,1
1785812546,907740723,88.061,0.533,88.573,60.047,1
1785812546,974343750,91.048,0.589,91.619,69.646,1
1785812547,40944824,96.385,0.693,97.062,72.041,1
1785812547,107544434,89.857,0.553,90.389,59.932,1
1785812547,174199219,89.115,0.534,89.63,65.896,1
1785812547,240908203,87.641,0.54,88.148,65.227,1
1785812547,307617676,89.276,0.544,89.801,68.361,1
1785812547,374328125,87.479,0.622,88.081,64.99,1
1785812547,441039063,88.699,0.535,89.213,67.845,1
1785812547,507750732,88.101,0.561,88.638,66.136,1
1785812547,574462891,86.797,0.612,87.389,65.463,1
1785812547,641175781,92.003,0.592,92.569,71.894,1
1785812547,707889404,87.847,0.553,88.37,62.515,1
1785812547,774603516,88.821,0.552,89.349,67.693,1
1785812547,841318604,90.443,0.666,91.09,68.449,1
1785812547,908033936,87.317,0.634,87.931,63.563,1
1785812547,974750244,97.317,0.594,97.889,76.673,1
1785812548,41467041,95.183,2.411,97.6,66.398,1
1785812548,108184326,91.682,0.55,92.209,61.359,1
1785812548,174862793,89.251,0.552,89.784,64.252,1
1785812548,241500977,90.741,0.708,91.428,68.282,1
1785812548,308137939,89.743,0.678,90.398,65.608,1
1785812548,374773438,89.036,0.531,89.546,65.784,1
1785812548,441407715,88.701,0.551,89.232,66.319,1
1785812548,508040527,87.987,0.632,88.596,65.997,1
1785812548,574671875,87.805,0.558,88.339,66.374,1
1785812548,641302246,90.604,0.557,91.14,69.433,1
1785812548,707930908,89.474,0.55,90.004,65.493,1
1785812548,774558350,89.334,0.541,89.855,66.478,1
1785812548,841184570,98.373,0.701,99.048,75.816,1
1785812548,874497070,123.008,0.601,123.589,57.853,1
1785812548,907809326,123.489,0.648,124.117,33.841,1
1785812549,7744141,97.141,0.587,97.702,73.522,1
1785812549,74365479,102.534,0.713,103.225,72.143,1
1785812549,140986572,98.278,0.704,98.956,62.352,1
1785812549,207631348,91.717,0.558,92.251,59.943,1
1785812549,274274658,91.968,0.553,92.5,66.892,1
1785812549,340916992,90.565,0.51,91.057,65.199,1
1785812549,407557861,92.071,0.655,92.708,68.288,1
1785812549,474197510,88.704,0.556,89.241,63.176,1
1785812549,540835693,88.82,0.537,89.336,66.733,1
1785812549,607472900,90.281,0.536,90.794,68.096,1
1785812549,674108643,92.133,0.562,92.672,68.514,1
1785812549,740743164,90.004,0.543,90.523,64.486,1
1785812549,807376221,88.526,0.56,89.064,65.173,1
1785812549,874008301,92.801,0.54,93.318,70.886,1
1785812549,940638916,97.614,0.68,98.271,71.582,1
1785812550,7268311,97.047,0.553,97.579,65.939,1
1785812550,73896484,93.423,0.6,94.003,63.052,1
1785812550,140524170,92.064,0.636,92.68,65.304,1
1785812550,207161377,91.491,0.539,92.008,65.966,1
1785812550,273797363,89.984,0.689,90.654,65.28,1
1785812550,340431885,91.446,0.669,92.094,68.077,1
1785812550,407065186,93.278,0.541,93.798,68.338,1
1785812550,473697021,93.922,0.545,94.446,67.279,1
1785812550,540327637,93.695,0.552,94.227,66.411,1
1785812550,606956787,90.653,0.608,91.242,63.644,1
1785812550,673584473,92.522,0.72,93.223,68.608,1
1785812550,740210938,93.786,0.563,94.328,67.733,1
1785812550,806835938,93.933,0.542,94.453,66.749,1
1785812550,873459473,95.226,0.583,95.788,67.959,1
1785812550,940081787,94.638,0.556,95.172,66.007,1
1785812551,6702881,101.673,0.789,102.433,73.876,1
1785812551,40012695,119.313,0.967,120.254,51.126,1
1785812551,73322266,126.519,0.643,127.141,40.207,1
1785812551,173307861,95.35,0.603,95.93,68.775,1
1785812551,240041504,91.398,0.578,91.957,62.758,1
1785812551,306776367,91.466,0.649,92.095,66.876,1
1785812551,373512207,94.956,0.554,95.488,70.129,1
1785812551,440249512,94.245,0.54,94.764,66.013,1
1785812551,506987793,92.881,0.688,93.549,65.522,1
1785812551,573727295,91.774,0.542,92.295,65.487,1
1785812551,640467773,92.222,0.539,92.739,67.184,1
1785812551,707209473,96.587,0.568,97.135,71.137,1
1785812551,773952393,94.27,0.572,94.824,64.431,1
1785812551,840696289,97.865,0.531,98.376,70.298,1
1785812551,907441650,93.02,0.906,93.904,62.272,1
1785812551,974187744,101.092,0.803,101.874,74.712,1
1785812552,40935303,100.384,0.688,101.009,65.885,1
1785812552,107683838,93.061,0.657,93.78,59.438,1
1785812552,174384766,95.892,0.581,96.445,69.451,1
1785812552,241037598,91.067,0.647,91.69,61.896,1
1785812552,307689453,91.803,0.548,92.33,67.292,1
1785812552,374340332,90.216,0.539,90.732,65.054,1
1785812552,440989990,90.88,0.54,91.397,67.313,1
1785812552,507638428,93.646,0.555,94.18,69.432,1
1785812552,574285889,90.926,0.546,91.447,63.915,1
1785812552,640932373,91.127,0.556,91.725,66.859,1
1785812552,707577637,93.337,0.636,93.969,68.938,1
1785812552,774221924,94.703,0.555,95.236,67.928,1
1785812552,840864990,98.048,0.551,98.578,69.986,1
1785812552,907507080,94.367,0.739,95.086,63.15,1
1785812552,974147949,97.466,1.082,98.524,70.075,1
1785812553,40787842,98.465,0.524,98.969,67.089,1
1785812553,107426758,94.454,0.519,94.953,62.623,1
1785812553,174193359,91.038,0.562,91.575,63.39,1
1785812553,241090332,91.497,0.663,92.141,67.459,1
1785812553,307990479,90.854,0.539,91.373,66.135,1
1785812553,374893799,93.834,0.543,94.355,69.886,1
1785812553,441800293,95.042,0.654,95.674,68.226,1
1785812553,508709717,91.842,0.542,92.36,63.596,1
1785812553,575622559,93.773,0.604,94.355,68.907,1
1785812553,642538574,90.294,0.757,91.03,63.59,1
1785812553,709457520,94.608,0.556,95.14,71.03,1
1785812553,776379883,90.406,0.546,90.929,62.711,1
1785812553,843305420,95.981,0.631,96.592,72.589,1
1785812553,910233887,94.023,0.561,94.563,64.899,1
1785812553,977165771,90.236,0.555,90.77,63.139,1
1785812554,44100586,103.232,0.58,103.79,79.954,1
1785812554,111038818,98.873,0.631,99.479,62.628,1
1785812554,177875244,91.993,0.538,92.51,59.868,1
1785812554,244614502,91.995,0.585,92.558,66.786,1
1785812554,311354980,89.112,0.563,89.654,63.837,1
1785812554,378096436,90.473,0.535,90.988,68.075,1
1785812554,444839111,92.266,0.546,92.791,68.546,1
1785812554,511583008,89.971,0.536,90.487,64.44,1
1785812554,578328125,89.174,0.559,89.711,65.969,1
1785812554,645074219,88.272,0.551,88.802,65.837,1
1785812554,711821533,92.574,0.579,93.131,71.076,1
1785812554,778570068,91.915,0.534,92.428,66.046,1
1785812554,845319824,91.732,0.557,92.268,66.59,1
1785812554,912070801,89.026,0.703,89.708,64.19,1
1785812554,978822754,93.671,0.586,94.236,71.278,1
1785812555,45575928,97.272,0.806,98.069,70.577,1
1785812555,112330322,91.004,0.542,91.524,60.221,1
1785812555,179063477,89.532,0.521,90.033,65.243,1
1785812555,245894287,89.465,0.62,89.996,66.793,1
1785812555,312726074,90.79,0.545,91.314,68.151,1
1785812555,379559326,91.683,0.589,92.252,67.77,1
1785812555,446393799,88.255,0.602,88.779,63.362,1
1785812555,513229736,87.634,0.537,88.151,66.207,1
1785812555,580066650,88.193,0.554,88.725,67.412,1
1785812555,646904785,89.653,0.603,90.236,68.348,1
1785812555,713744385,91.605,0.702,92.287,68.89,1
1785812555,780585205,87.92,0.538,88.437,62.992,1
1785812555,847427246,91.869,0.557,92.39,70.795,1
1785812555,914270508,86.599,0.632,87.21,61.663,1
1785812555,981115234,90.803,0.84,91.623,71.255,1
1785812556,47960938,98.097,0.983,99.063,74.281,1
1785812556,114808105,88.589,0.688,89.259,57.049,1
1785812556,181654785,89.597,0.559,90.136,67.726,1
1785812556,248308105,86.99,0.555,87.523,64.04,1
1785812556,314960449,91.01,0.682,91.669,70.795,1
1785812556,381611816,89.482,0.555,90.017,65.002,1
1785812556,448261719,86.842,0.595,87.418,64.05,1
1785812556,514910889,91.125,0.593,91.698,70.929,1
1785812556,581558838,86.607,0.614,87.203,62.151,1
1785812556,648205566,90.02,0.557,90.557,70.002,1
1785812556,714851318,93.544,0.541,94.066,70.155,1
1785812556,781496094,87.861,0.556,88.393,60.973,1
1785812556,848139648,90.566,0.602,91.144,69.392,1
1785812556,914782227,88.143,0.549,88.672,64.172,1
1785812556,981423584,94.587,0.595,95.156,73.124,1
1785812557,48063965,91.329,0.56,91.869,63.354,1
1785812557,114703125,87.955,0.537,88.471,63.242,1
1785812557,181342285,87.117,0.538,87.631,65.799,1
1785812557,247996094,89.523,0.696,90.2,69.221,1
1785812557,314649170,88.04,0.549,88.565,65.02,1
1785812557,381300781,86.999,0.6,87.578,65.664,1
1785812557,447951660,88.595,0.556,89.119,68.192,1
1785812557,514601318,87.515,0.545,88.04,65.571,1
1785812557,581249756,88.477,0.536,88.993,67.601,1
1785812557,647897217,88.082,0.637,88.698,66.352,1
1785812557,714543701,87.792,0.536,88.306,66.255,1
1785812557,781188965,89.728,0.738,90.45,68.785,1
1785812557,847833252,93.605,0.534,94.118,70.316,1
1785812557,914476318,87.799,0.74,88.518,61.042,1
1785812557,981118408,93.326,0.699,93.98,72.099,1
1785812558,47759277,96.968,0.545,97.493,70.16,1
1785812558,114399170,91.3,0.538,91.818,60.964,1
1785812558,181038818,88.009,0.551,88.54,63.363,1
1785812558,247779297,88.674,0.546,89.2,67.399,1
1785812558,314521240,89.01,0.52,89.511,67.054,1
1785812558,381264160,90.889,0.566,91.433,68.665,1
1785812558,448008301,87.993,0.556,88.528,63.838,1
1785812558,514753662,90.63,0.562,91.173,69.39,1
1785812558,581500244,88.629,0.558,89.168,64.741,1
1785812558,648248291,89.575,0.54,90.094,67.675,1
1785812558,714997314,89.469,0.538,89.986,66.641,1
1785812558,781747559,88.037,0.54,88.554,65.318,1
1785812558,848499023,92.474,0.578,93.035,71.229,1
1785812558,915251709,96.429,0.654,97.061,70.781,1
1785812558,982005615,112.593,0.585,113.155,82.846,1
1785812559,15383057,151.772,0.626,152.376,72.599,1
1785812559,82138672,130.903,0.577,131.458,45.839,1
1785812559,148895508,102.908,1.353,104.264,39.532,1
1785812559,215652100,90.852,0.553,91.383,53.907,1
1785812559,282409668,88.224,0.743,88.948,64.322,1
1785812559,349168457,88.537,0.649,89.165,66.976,1
1785812559,415928955,88.591,0.54,89.111,66.707,1
1785812559,482690674,89.355,0.594,89.929,67.58,1
1785812559,549454102,88.458,0.645,89.083,65.917,1
1785812559,616218994,91.119,0.555,91.653,69.336,1
1785812559,682985352,87.283,0.55,87.813,62.926,1
1785812559,749753174,87.68,0.559,88.218,67.173,1
1785812559,816522461,89.314,0.62,89.91,68.46,1
1785812559,883293213,91.832,0.574,92.384,69.246,1
1785812559,950065430,88.811,0.573,89.363,63.751,1
1785812560,16839355,95.04,0.54,95.677,72.971,1
1785812560,83614502,91.753,0.66,92.322,63.538,1
1785812560,150391113,88.374,0.572,88.927,63.381,1
1785812560,217120605,90.814,0.604,91.397,69.2,1
1785812560,283802490,87.051,0.533,87.564,62.849,1
1785812560,350483643,88.23,0.561,88.768,67.885,1
1785812560,417164307,89.189,0.729,89.847,67.758,1
1785812560,483844238,90.828,0.602,91.411,68.245,1
1785812560,550523682,91.039,0.677,91.766,66.967,1
1785812560,617202637,89.508,0.617,90.107,65.088,1
1785812560,683881104,86.545,0.553,87.065,63.638,1
1785812560,750558594,93.331,0.616,93.927,73.537,1
1785812560,783897461,131.413,0.629,132.021,71.433,1
1785812560,817235840,156.221,0.655,156.859,58.171,1
1785812560,850574219,203.013,0.597,203.59,80.075,1
1785812560,883912354,244.948,0.624,245.553,75.3,1
1785812560,917250488,280.811,0.608,281.396,69.183,1
1785812561,17263672,226.663,1.033,227.681,46.287,1
1785812561,117265381,192.035,0.576,192.589,64.922,1
1785812561,217292480,137.448,0.65,138.083,45.511,1
1785812561,350660156,90.832,0.621,91.429,86.721,1
1785812561,417343262,95.657,0.564,96.201,71.457,1
1785812561,484025635,89.187,0.832,89.999,60.479,1
1785812561,550707520,90.595,0.587,91.161,67.845,1
1785812561,617388916,94.665,0.563,95.209,70.73,1
1785812561,650729248,127.43,0.652,128.061,66.191,1
1785812561,717409912,121.511,0.983,122.483,61.088,1
1785812561,750750000,123.688,0.639,124.294,35.167,1
1785812561,850769287,96.217,0.669,96.867,72.592,1
1785812561,917448242,92.37,0.558,92.908,62.721,1
1785812561,984126465,92.642,0.561,93.182,66.951,1
1785812562,50804443,115.017,0.663,115.655,89.15,1
1785812562,84143066,119.096,0.688,119.765,37.443,1
1785812562,150820068,97.119,0.566,97.667,44.584,1
1785812562,217500977,92.062,0.527,92.569,61.584,1
1785812562,284184570,95.44,0.54,95.96,70.075,1
1785812562,350867676,94.399,0.689,95.068,65.788,1
1785812562,417550293,92.007,0.546,92.53,64.148,1
1785812562,484232178,91.774,0.552,92.307,66.459,1
1785812562,550913574,88.995,0.609,89.585,63.959,1
1785812562,617594482,88.306,0.549,88.835,65.932,1
1785812562,684274902,92.675,0.62,93.276,71.12,1
1785812562,750954590,91.235,0.548,91.764,65.168,1
1785812562,817633789,94.065,0.535,94.581,69.497,1
1785812562,917651611,89.851,0.56,90.392,95.828,1
1785812562,984329346,93.694,0.653,94.328,70.613,1
1785812563,51006592,91.833,0.514,92.328,64.679,1
1785812563,117683350,91.811,0.532,92.324,66.673,1
1785812563,184359863,93.563,0.537,94.079,68.431,1
1785812563,251043213,89.657,0.549,90.186,62.79,1
1785812563,317726074,88.966,0.56,89.505,66.002,1
1785812563,384408203,94.367,0.536,94.882,72.059,1
1785812563,451089844,91.784,0.552,92.317,64.115,1
1785812563,517770996,89.544,0.596,90.118,64.483,1
1785812563,584451416,88.579,0.567,89.127,65.688,1
1785812563,651131348,90.099,0.544,90.623,68.177,1
1785812563,717810791,92.233,0.553,92.768,68.824,1
1785812563,784489502,92.423,0.533,92.936,66.848,1
1785812563,851167725,97.91,0.596,98.483,72.225,1
1785812563,884506592,113.833,0.688,114.501,49.351,1
1785812563,951184082,96.189,0.533,96.703,48.886,1
1785812564,17860840,95.997,0.542,96.518,66.492,1
1785812564,117875000,97.015,0.535,97.53,101.027,1
1785812564,151212891,116.824,0.658,117.463,53.267,1
1785812564,184550781,127.456,0.539,127.991,43.853,1
1785812564,284576660,94.897,0.529,95.407,67.458,1
1785812564,351259766,90.32,0.55,90.849,62.125,1
1785812564,417942383,88.91,0.885,89.78,65.608,1
1785812564,484624512,95.908,0.615,96.429,73.336,1
1785812564,551305908,93.357,0.601,93.938,64.191,1
1785812564,617986816,93.131,0.609,93.721,66.464,1
1785812564,684667236,89.831,0.542,90.353,63.313,1
1785812564,751347168,93.594,0.774,94.351,70.675,1
1785812564,818026611,92.668,0.541,93.187,65.519,1
1785812564,884705322,110.371,0.765,111.126,84.6,1
1785812564,918044434,132.33,0.661,132.969,55.198,1
1785812564,984722412,109.785,0.702,110.469,44.174,1
1785812565,18061035,128.034,0.821,128.841,51.699,1
1785812565,84738281,111.245,0.652,111.956,49.727,1
1785812565,118076660,133.086,0.737,133.801,55.256,1
1785812565,184753174,105.318,1.192,106.504,39.365,1
1785812565,251440430,94.675,0.56,95.215,55.421,1
1785812565,318126953,91.836,0.65,92.466,63.936,1
1785812565,384813232,90.61,0.544,91.134,65.356,1
1785812565,451499023,90.852,0.599,91.432,66.983,1
1785812565,518184326,90.603,0.534,91.118,66.372,1
1785812565,584869141,93.61,0.565,94.154,69.721,1
1785812565,651553467,91.842,0.611,92.432,64.962,1
1785812565,718237305,93.632,0.538,94.149,68.401,1
1785812565,784920898,93.492,0.558,94.03,66.564,1
1785812565,851603760,98.041,4.133,102.188,74.802,1
1785812565,884945068,117.409,0.617,118.006,49.194,1
1785812565,918286377,132.316,0.568,132.862,48.201,1
1785812566,18309326,105.527,3.133,110.775,75.796,1
1785812566,84990479,93.664,0.565,94.209,52.256,1
1785812566,151671631,95.76,0.555,96.261,68.734,1
1785812566,218354004,93.225,0.518,93.723,64.145,1
1785812566,285037842,91.354,0.558,91.889,64.849,1
1785812566,351720947,93.327,0.557,93.866,68.659,1
1785812566,418403320,91.017,0.555,91.551,64.368,1
1785812566,485085449,91.522,0.55,92.049,67.18,1
1785812566,551766846,89.903,0.538,90.421,65.053,1
1785812566,618447754,93.17,0.577,93.725,69.984,1
1785812566,685128174,90.316,0.536,90.831,63.787,1
1785812566,751807861,96.37,0.673,97.025,72.872,1
1785812566,818487061,93.903,0.55,94.434,64.09,1
1785812566,885165771,99.862,0.619,100.462,72.706,1
1785812566,918504883,103.148,0.745,103.873,36.748,1
1785812566,985182617,98.515,0.738,99.236,62.039,1
1785812567,51860107,96.522,0.536,97.098,64.485,1
1785812567,118536865,94.923,0.612,95.514,65.152,1
1785812567,185213135,90.514,0.54,91.034,62.196,1
1785812567,251897217,93.472,0.555,94.007,69.658,1
1785812567,318580811,91.553,0.58,92.113,64.788,1
1785812567,385263916,90.93,0.559,91.47,66.04,1
1785812567,451946533,91.148,0.653,91.78,66.994,1
1785812567,518628418,94.011,0.534,94.524,69.426,1
1785812567,585309814,90.73,0.531,91.242,63.4,1
1785812567,651990723,92.555,0.589,93.106,68.544,1
1785812567,718671143,92.351,0.557,92.889,66.463,1
1785812567,785350830,93.147,0.654,93.784,67.575,1
1785812567,852030029,96.667,0.506,97.154,70.05,1
1785812567,918708740,94.037,0.59,94.609,64.132,1
1785812567,985386963,97.794,0.629,98.403,70.472,1
1785812568,52064453,93.777,0.54,94.297,62.573,1
1785812568,118741699,95.902,0.541,96.422,68.803,1
1785812568,185418457,91.365,0.551,91.896,62.15,1
1785812568,252101807,91.716,0.55,92.246,67.033,1
1785812568,318784668,92.373,0.558,92.911,67.349,1
1785812568,385466797,93.15,0.883,94.019,67.782,1
1785812568,452148682,93.238,0.581,93.8,66.471,1
1785812568,518829834,90.468,0.55,90.998,63.88,1
1785812568,585510254,91.551,0.672,92.205,67.885,1
1785812568,652190430,93.535,0.714,94.233,68.705,1
1785812568,718869873,94.028,0.622,94.631,67.082,1
1785812568,785548828,93.811,0.625,94.417,66.465,1
1785812568,852227051,94.265,0.557,94.802,67.065,1
1785812568,918904785,93.32,0.554,93.856,65.73,1
1785812568,985582031,95.276,0.563,95.82,68.64,1
1785812569,52258789,95.929,0.741,96.651,67.508,1
1785812569,118934814,95.48,0.556,96.016,66.043,1
1785812569,185610596,91.964,0.605,92.547,63.207,1
1785812569,252382568,92.294,0.557,92.83,67.055,1
1785812569,319156250,92.417,0.549,92.945,66.889,1
1785812569,385931641,95.671,0.601,96.252,70.081,1
1785812569,452708740,91.327,0.685,91.992,62.518,1
1785812569,519487793,96.118,0.542,96.639,71.426,1
1785812569,586268555,92.368,0.541,92.888,63.03,1
1785812569,653051025,93.014,0.551,93.544,67.439,1
1785812569,719835205,92.496,0.58,93.053,66.291,1
1785812569,786621094,95.805,0.618,96.329,70.063,1
1785812569,853408691,96.627,0.55,97.157,67.617,1
1785812569,920198242,92.427,0.698,93.107,62.738,1
1785812569,986989258,97.086,0.585,97.651,71.336,1
1785812570,53782227,90.966,0.54,91.486,60.628,1
1785812570,120576904,93.026,0.551,93.557,68.866,1
1785812570,187372314,94.309,0.535,94.824,68.062,1
1785812570,254070313,91.815,0.619,92.414,64.289,1
1785812570,320768066,91.257,0.731,91.859,66.143,1
1785812570,387465576,93.517,0.563,94.075,68.898,1
1785812570,454162598,93.198,0.624,93.805,66.441,1
1785812570,520859619,92.9,0.587,93.469,66.362,1
1785812570,587556152,93.632,0.553,94.164,67.392,1
1785812570,654252441,93.198,0.557,93.736,66.267,1
1785812570,720948242,91.972,0.582,92.531,65.491,1
1785812570,787644043,93.799,0.553,94.332,68.498,1
1785812570,854339355,91.4,0.632,92.013,64.375,1
1785812570,921034424,95.258,0.719,95.94,70.621,1
1785812570,987729004,101.213,0.673,101.865,72.619,1
1785812571,54423584,92.629,0.562,93.169,58.001,1
1785812571,121117676,92.878,0.529,93.389,66.914,1
1785812571,187811523,92.544,0.539,93.061,66.367,1
1785812571,254599365,95.143,0.661,95.785,69.51,1
1785812571,321389160,95.647,0.552,96.179,67.185,1
1785812571,388181152,93.683,0.556,94.22,64.832,1
1785812571,454975098,93.632,0.536,94.148,66.722,1
1785812571,521770996,91.538,0.56,92.06,64.709,1
1785812571,588569092,93.269,0.635,93.884,68.621,1
1785812571,655369385,93.778,0.654,94.411,67.328,1
1785812571,722171631,90.753,0.766,91.502,63.89,1
1785812571,788975830,91.572,0.537,92.088,67.395,1
1785812571,855782227,94.445,0.632,95.058,69.776,1
1785812571,922590576,92.551,0.625,93.157,64.907,1
1785812571,989401123,96.647,0.915,97.334,70.985,1
1785812572,56213623,93.309,0.6,93.89,63.37,1
1785812572,123028076,93.604,0.531,94.115,67.04,1
1785812572,189843506,94.948,0.533,95.462,68.162,1
1785812572,223200928,123.545,0.834,124.352,62.247,1
1785812572,289915283,101.86,0.851,102.694,45.05,1
1785812572,323272705,126.466,0.542,126.988,57.66,1
1785812572,389987061,97.993,0.58,98.551,38.276,1
1785812572,456701660,93.284,0.534,93.798,61.962,1
1785812572,523416260,93.143,0.55,93.66,66.577,1
1785812572,590130615,89.681,0.529,90.191,63.245,1
1785812572,656845215,90.88,0.609,91.469,67.989,1
1785812572,723559570,92.538,0.597,93.115,68.362,1
1785812572,790274170,95.101,0.551,95.633,69.235,1
1785812572,856988525,97.467,0.558,98.006,69.087,1
1785812572,923703125,97.18,0.541,97.701,66.411,1
1785812572,990417480,95.598,0.561,96.139,65.151,1
1785812573,57132080,93.494,0.539,94.011,64.588,1
1785812573,123846436,90.494,0.63,91.105,63.806,1
1785812573,190561035,90.424,0.56,90.964,66.575,1
1785812573,257276367,90.773,0.599,91.351,67.103,1
1785812573,290634277,108.047,1.605,109.224,51.222,1
1785812573,357349854,93.577,0.552,94.111,51.611,1
1785812573,424065186,95.571,0.554,96.105,68.709,1
1785812573,490780762,91.291,0.583,91.854,62.466,1
1785812573,557496338,92.842,0.657,93.479,68.34,1
1785812573,624211914,91.815,0.608,92.404,65.64,1
1785812573,690927490,90.01,0.623,90.613,64.925,1
1785812573,757643066,95.595,0.618,96.196,72.298,1
1785812573,824358643,91.593,0.577,92.15,62.671,1
1785812573,891074219,93.14,0.701,93.823,68.387,1
1785812573,957789795,99.276,0.683,99.941,72.832,1
1785812574,24505615,98.794,0.702,99.458,66.231,1
1785812574,91221191,103.394,0.844,104.228,71.477,1
1785812574,124579102,132.446,0.898,133.323,62.462,1
1785812574,191295166,119.104,1.111,120.195,53.584,1
1785812574,224653320,125.971,0.62,126.571,39.743,1
1785812574,324728027,93.071,0.548,93.6,67.103,1
1785812574,391444580,90.158,0.609,90.747,63.863,1
1785812574,458161133,91.325,0.541,91.846,67.816,1
1785812574,524877686,93.175,0.723,93.878,68.749,1
1785812574,591594238,93.539,0.592,94.113,66.951,1
1785812574,658310791,92.939,0.654,93.571,66.175,1
1785812574,725027344,90.662,0.538,91.178,64.325,1
1785812574,825102295,91.001,0.557,91.538,100.434,1
1785812574,891818848,93.043,0.554,93.577,68.756,1
1785812574,991893799,99.32,0.769,100.07,106.562,1
1785812575,58610352,95.635,0.56,96.175,62.826,1
1785812575,125327148,91.266,0.533,91.78,62.322,1
1785812575,192044434,91.957,0.543,92.495,67.417,1
1785812575,258762451,90.342,0.779,91.024,65.261,1
1785812575,325480469,90.537,0.564,91.08,66.775,1
1785812575,392198486,92.415,0.578,92.971,68.608,1
1785812575,458916748,90.384,0.639,90.988,64.736,1
1785812575,525634766,92.713,0.632,93.325,69.054,1
1785812575,592353027,92.794,0.559,93.332,66.726,1
1785812575,659071289,93.713,0.638,94.33,67.716,1
1785812575,725789551,91.594,0.537,92.107,64.496,1
1785812575,792508057,94.355,0.592,94.926,69.537,1
1785812575,859226318,94.557,0.599,95.135,66.926,1
1785812575,925944824,93.52,0.535,94.032,65.618,1
1785812575,992663330,98.701,0.69,99.375,72.054,1
1785812576,59381836,94.858,0.622,95.457,62.805,1
1785812576,126100342,93.406,0.537,93.921,65.184,1
1785812576,192816650,94.935,0.54,95.453,68.248,1
1785812576,259530518,92.656,0.545,93.181,64.443,1
1785812576,326244629,93.42,0.539,93.938,67.471,1
1785812576,392958496,90.539,0.551,91.07,63.846,1
1785812576,459672363,90.483,0.56,91.02,66.664,1
1785812576,526386475,92.311,0.551,92.838,68.532,1
1785812576,593100342,91.691,0.639,92.311,66.187,1
1785812576,659814209,91.916,0.542,92.439,66.842,1
1785812576,726528076,89.961,0.621,90.562,64.837,1
1785812576,793241699,93.624,0.538,94.142,70.294,1
1785812576,859955566,91.925,0.594,92.5,65.068,1
1785812576,926669434,93.538,0.558,94.076,68.293,1
1785812576,993383057,96.333,0.55,96.86,69.498,1
1785812577,60096924,100.179,0.602,100.757,70.611,1
1785812577,126810547,94.366,0.558,94.902,60.858,1
1785812577,193524902,93.516,0.554,94.051,65.863,1
1785812577,260408936,89.614,0.586,90.179,63.013,1
1785812577,327295166,89.629,0.546,90.156,66.863,1
1785812577,394183350,89.177,0.527,89.684,66.416,1
1785812577,461073730,92.52,0.531,93.03,70.236,1
1785812577,527966553,92.754,0.622,93.356,67.218,1
1785812577,594861328,88.662,0.628,89.274,62.811,1
1785812577,661758301,88.462,0.671,89.114,66.739,1
1785812577,762107666,92.672,0.63,93.221,104.456,1
1785812577,829010010,91.183,0.562,91.725,65.407,1
1785812577,895914795,90.011,0.664,90.653,65.831,1
1785812577,962821289,95.989,0.624,96.592,72.846,1
1785812578,29730225,90.655,0.551,91.188,61.506,1
1785812578,96641357,89.631,0.628,90.24,65.962,1
1785812578,163554688,88.209,0.535,88.725,65.399,1
1785812578,230358643,87.826,0.538,88.344,66.424,1
1785812578,297055908,87.805,0.555,88.341,66.692,1
1785812578,363753174,88.547,0.615,89.143,67.497,1
1785812578,397101563,113.634,0.553,114.167,58.376,1
1785812578,430449951,128.865,2.848,130.569,49.736,1
1785812578,497146484,109.973,0.56,110.513,46.655,1
1785812578,530494629,136.236,3.259,138.945,61.744,1
1785812578,597190674,97.478,0.598,98.055,25.841,1
1785812578,663886230,89.92,0.537,90.436,59.079,1
1785812578,730581787,86.999,0.536,87.515,63.775,1
1785812578,797276855,89.2,0.542,89.721,68.901,1
1785812578,863971680,88.771,0.548,89.298,66.272,1
1785812578,930666260,92.553,0.554,93.088,70.484,1
1785812578,997360596,94.013,0.639,94.632,68.237,1
1785812579,64054443,94.559,0.55,95.09,67.153,1
1785812579,130748047,87.921,0.542,88.44,60.045,1
1785812579,197441895,90.069,0.589,90.639,68.893,1
1785812579,264140625,90.692,0.532,91.204,67.263,1
1785812579,330839111,88.284,0.577,88.842,64.335,1
1785812579,397537598,90.88,0.537,91.394,69.252,1
1785812579,464235596,88.742,0.647,89.368,64.671,1
1785812579,530933105,93.004,0.552,93.536,70.866,1
1785812579,597630615,91.995,0.538,92.513,65.675,1
1785812579,664327637,88.544,0.554,89.077,63.261,1
1785812579,731024414,87.653,0.615,88.335,65.868,1
1785812579,797720947,92.606,0.592,93.129,71.578,1
1785812579,864417236,89.297,0.576,90.025,63.418,1
1785812579,931113281,92.939,0.692,93.61,70.455,1
1785812579,997809082,96.372,0.828,97.188,70.263,1
1785812580,64504395,88.702,0.556,89.237,58.756,1
1785812580,131199463,88.458,0.546,88.984,66.441,1
1785812580,197894775,89.593,0.617,90.191,67.902,1
1785812580,264592773,89.185,6.139,95.309,71.813,1
1785812580,331290527,88.617,0.538,89.135,60.528,1
1785812580,397988281,90.662,0.535,91.177,68.74,1
1785812580,464685547,89.199,0.653,89.834,65.353,1
1785812580,531382324,89.452,0.721,90.156,67.019,1
1785812580,598079102,87.731,0.754,88.469,65.008,1
1785812580,664775391,88.088,0.635,88.703,66.934,1
1785812580,731471436,88.821,0.673,89.475,67.467,1
1785812580,798167236,91.204,0.64,91.823,69.043,1
1785812580,864862793,91.014,0.541,91.535,66.408,1
1785812580,931557861,88.717,0.56,89.257,64.417,1
1785812580,998252686,94.564,0.547,95.088,72.526,1
1785812581,64947266,91.783,0.69,92.455,64.06,1
1785812581,131641602,88.643,0.575,89.198,63.439,1
1785812581,198335938,87.857,0.643,88.483,65.978,1
1785812581,265033936,88.204,0.701,88.887,67.103,1
1785812581,331731445,91.295,0.593,91.869,69.68,1
1785812581,398428711,89.851,0.573,90.404,65.232,1
1785812581,465125488,88.725,0.605,89.311,65.603,1
1785812581,531822266,88.79,0.544,89.314,66.7,1
1785812581,598518555,88.51,0.631,89.05,66.433,1
1785812581,665214355,87.781,0.553,88.315,65.96,1
1785812581,731910156,91.271,0.554,91.805,70.186,1
1785812581,798605713,91.073,0.544,91.598,66.488,1
1785812581,865300781,89.412,0.543,89.936,65.034,1
1785812581,931995605,93.867,0.549,94.396,71.154,1
1785812581,998689941,102.909,0.785,103.676,75.968,1
1785812582,65384277,92.635,0.588,93.203,56.229,1
1785812582,132078125,88.797,0.664,89.44,62.931,1
1785812582,198771973,88.866,0.628,89.474,66.728,1
1785812582,265470215,91.474,0.552,92.006,69.231,1
1785812582,332167969,90.327,0.688,90.997,65.686,1
1785812582,398865723,88.374,0.708,89.064,64.766,1
1785812582,465562744,93.011,0.598,93.589,71.221,1
1785812582,498911377,103.69,0.894,104.571,44.319,1
1785812582,565608154,90.974,0.621,91.578,53.716,1
1785812582,632304688,90.824,0.543,91.346,66.466,1
1785812582,699000977,91.102,0.617,91.696,67.046,1
1785812582,765696777,94.984,0.621,95.602,70.585,1
1785812582,832392578,89.925,0.603,90.488,61.599,1
1785812582,899087891,88.929,0.703,89.612,65.818,1
1785812582,965782959,95.945,0.545,96.469,73.553,1
1785812583,32477539,95.414,0.729,96.125,66.344,1
1785812583,99172119,91.329,0.537,91.844,62.42,1
1785812583,165866211,92.641,0.626,93.246,68.094,1
1785812583,232563232,92.989,0.547,93.502,66.954,1
1785812583,299262207,92.166,0.538,92.684,65.881,1
1785812583,365961182,89.951,0.583,90.513,64.528,1
1785812583,432659668,92.287,0.552,92.819,69.005,1
1785812583,499357910,94.448,2.132,96.573,70.438,1
1785812583,566055908,90.298,0.565,90.841,60.979,1
1785812583,632753662,89.48,0.558,90.018,65.875,1
1785812583,699450928,88.228,0.54,88.748,65.427,1
1785812583,766148193,93.215,0.549,93.744,71.693,1
1785812583,832844971,89.986,0.537,90.503,63.456,1
1785812583,899541504,91.756,0.561,92.298,68.491,1
1785812583,966237793,93.434,0.55,93.964,68.362,1
1785812584,32933838,91.173,0.584,91.733,64.465,1
1785812584,99629395,95.735,0.616,96.33,71.293,1
1785812584,166324951,96.489,0.536,97.075,67.371,1
1785812584,233022461,89.6,0.586,90.164,59.854,1
1785812584,299721436,88.538,0.54,89.059,65.596,1
1785812584,366419922,88.769,0.634,89.385,67.024,1
1785812584,433118408,89.636,0.539,90.155,67.47,1
1785812584,499816650,89.054,0.543,89.577,66.119,1
1785812584,566514404,94.868,0.634,95.484,72.604,1
1785812584,633211914,90.98,0.555,91.516,62.73,1
1785812584,699909180,88.246,0.557,88.783,63.965,1
1785812584,799954590,90.884,0.555,91.419,102.682,1
1785812584,866651123,90.531,0.624,91.132,66.408,1
1785812584,933347412,89.333,0.648,89.959,65.523,1
1785812585,43457,92.066,0.621,92.667,69.401,1
1785812585,66739014,90.803,0.695,91.479,65.51,1
1785812585,133434570,91.558,0.644,92.181,67.397,1
1785812585,200129883,90.904,0.644,91.529,66.044,1
1785812585,266827637,91.763,0.543,92.283,67.453,1
1785812585,333525146,92.052,0.547,92.577,66.991,1
1785812585,400222168,91.75,0.544,92.275,66.395,1
1785812585,466919189,92.942,0.551,93.473,67.895,1
1785812585,533615723,87.797,0.555,88.319,61.543,1
1785812585,600312012,90.917,0.549,91.447,69.825,1
1785812585,667008057,90.337,0.55,90.867,66.116,1
1785812585,733703613,89.335,0.659,89.976,65.803,1
1785812585,800399170,90.131,0.536,90.647,67.368,1
1785812585,867094238,90.704,0.583,91.267,67.313,1
1785812585,933789063,91.415,0.57,91.965,67.394,1
1785812586,483643,97.225,0.544,97.75,72.479,1
1785812586,67177734,92.309,0.557,92.847,61.792,1
1785812586,133871826,90.121,0.555,90.657,64.504,1
1785812586,200565674,90.902,0.63,91.471,67.505,1
1785812586,267265137,93.199,0.682,93.862,69.092,1
1785812586,333964600,89.716,0.624,90.318,63.157,1
1785812586,400663574,91.903,0.541,92.422,68.804,1
1785812586,467362305,91.978,0.577,92.533,66.809,1
1785812586,534060547,89.31,0.615,89.907,64.072,1
1785812586,600758789,93.353,0.683,94.009,70.799,1
1785812586,634107666,124.542,0.716,125.338,64.571,1
1785812586,700805420,102.179,0.636,102.797,44.263,1
1785812586,734154053,127.982,0.581,128.544,59.097,1
1785812586,800851563,100.529,0.766,101.275,39.426,1
1785812586,867548340,94.741,0.554,95.275,60.7,1
1785812586,934245117,92.665,0.601,93.247,64.667,1
1785812587,34289795,103.057,0.783,103.818,110.612,1
1785812587,67637695,130.092,0.614,130.689,60.221,1
1785812587,134333496,102.273,0.817,103.068,39.073,1
1785812587,201029297,92.039,0.928,92.805,56.433,1
1785812587,267727051,90.136,0.563,90.68,64.577,1
1785812587,334424561,90.22,0.54,90.74,66.757,1
1785812587,401121582,92.772,0.587,93.34,69.296,1
1785812587,467818359,89.386,0.656,90.074,63.38,1
1785812587,534514648,92.352,0.608,92.94,69.614,1
1785812587,601210938,93.15,0.769,93.832,67.586,1
1785812587,634558838,114.668,1.26,115.923,55.415,1
1785812587,667906738,129.677,0.535,130.192,47.643,1
1785812587,734602295,100.76,0.634,101.373,37.875,1
1785812587,801297607,96.85,0.61,97.44,62.762,1
1785812587,867992432,91.692,0.584,92.255,61.509,1
1785812587,934687012,107.288,0.681,107.952,82.384,1
1785812587,968034180,130.893,0.551,131.424,56.828,1
1785812588,34728271,128.284,0.557,128.822,64.092,1
1785812588,101422119,95.897,0.628,96.508,34.379,1
1785812588,168115723,93.38,0.586,93.946,64.132,1
1785812588,234811768,91.425,0.572,91.977,64.726,1
1785812588,301509521,92.127,0.61,92.717,67.439,1
1785812588,368207031,95.421,0.609,96.008,69.988,1
1785812588,468252930,93.641,0.544,94.163,98.201,1
1785812588,534949707,93.703,0.607,94.291,66.823,1
1785812588,601646240,92.136,0.545,92.659,65.066,1
1785812588,668342285,92.994,0.533,93.506,67.544,1
1785812588,735038330,92.99,0.544,93.514,66.703,1
1785812588,801733887,94.544,0.563,95.085,68.267,1
1785812588,868429199,91.762,0.624,92.365,63.974,1
1785812588,935124268,90.205,0.655,90.842,65.172,1
1785812589,1818848,96.066,0.625,96.671,72.525,1
1785812589,101860352,93.535,0.586,94.103,97.473,1
1785812589,168554199,92.041,0.603,92.569,65.16,1
1785812589,235257080,96.387,0.806,97.172,71.303,1
1785812589,301968750,90.38,0.625,90.985,60.528,1
1785812589,368680176,93.153,0.543,93.673,69.399,1
1785812589,435391357,90.289,0.539,90.808,63.847,1
1785812589,502102539,90.261,0.632,90.875,66.778,1
1785812589,568813477,105.991,0.595,106.563,82.398,1
1785812589,602168945,124.22,0.566,124.765,51.559,1
1785812589,668879883,113.99,0.764,114.735,56.673,1
1785812589,702235352,126.597,0.588,127.165,45.793,1
1785812589,802301270,93.11,0.539,93.629,66.53,1
1785812589,869011719,99.897,0.802,100.676,73.753,1
1785812589,935722168,91.36,0.561,91.898,57.937,1
1785812590,2432373,93.602,0.773,94.357,69.168,1
1785812590,69142334,93.547,0.538,94.065,66.42,1
1785812590,135852295,95.47,0.597,96.046,68.69,1
1785812590,202562256,90.382,0.644,91.006,61.67,1
1785812590,269265381,91.332,0.589,91.9,67.595,1
1785812590,335968506,90.957,0.553,91.49,66.296,1
1785812590,402671143,90.482,0.631,91.093,66.306,1
1785812590,469373779,90.986,0.553,91.52,67.129,1
1785812590,536076172,90.165,0.678,90.825,66.007,1
1785812590,602778076,90.608,0.633,91.222,67.099,1
1785812590,669479980,92.366,0.622,92.969,68.449,1
1785812590,736181641,93.537,0.538,94.055,67.787,1
1785812590,802883057,91.457,0.541,91.978,64.625,1
1785812590,869584229,90.612,1.002,91.598,66.317,1
1785812590,936285400,95.2,0.561,95.738,70.845,1
1785812591,2986084,96.17,0.713,96.865,67.824,1
1785812591,69686523,94.621,0.651,95.233,65.072,1
1785812591,136386719,91.152,0.62,91.676,63.143,1
1785812591,203086914,92.599,0.614,93.238,68.217,1
1785812591,269791504,90.755,0.617,91.352,64.863,1
1785812591,336496094,92.214,0.561,92.754,68.106,1
1785812591,403200195,92.52,0.632,93.132,67.082,1
1785812591,469904297,93.736,0.534,94.25,67.823,1
1785812591,536608154,93.7,0.552,94.266,66.669,1
1785812591,603311768,92.031,0.531,92.543,65.03,1
1785812591,670015137,91.406,0.54,91.927,66.088,1
1785812591,736718262,91.441,0.556,91.978,66.753,1
1785812591,803421143,93.525,0.565,94.07,68.795,1
1785812591,870124023,93.259,0.555,93.794,66.428,1
1785812591,936826660,96.166,0.545,96.691,69.6,1
1785812592,3529053,98.455,0.657,99.089,69.099,1
1785812592,70231201,94.182,0.549,94.711,62.325,1
1785812592,136933105,91.248,0.556,91.784,63.775,1
1785812592,203635010,91.631,0.595,92.205,67.123,1
1785812592,270330811,90.873,0.579,91.431,65.922,1
1785812592,337026367,94.862,0.681,95.524,70.786,1
1785812592,403721680,91.176,0.564,91.718,62.891,1
1785812592,470416504,91.062,0.662,91.702,66.679,1
1785812592,537110840,90.382,0.513,90.875,65.869,1
1785812592,603805176,90.35,0.605,90.935,66.753,1
1785812592,670499023,92.986,0.676,93.637,69.396,1
1785812592,737192383,93.347,0.537,93.865,66.922,1
1785812592,803885498,92.241,0.548,92.768,65.597,1
1785812592,870578369,92.112,0.54,92.632,66.557,1
1785812592,937270996,99.993,0.727,100.708,74.76,1
1785812593,3963135,94.432,0.576,94.987,60.98,1
1785812593,70654785,90.763,0.558,91.3,63.004,1
1785812593,137346436,91.252,0.612,91.845,67.236,1
1785812593,204037598,91.812,0.586,92.376,67.222,1
1785812593,270853760,91.996,0.516,92.492,66.934,1
1785812593,337672363,91.608,0.58,92.167,66.493,1
1785812593,404493164,91.346,0.584,91.909,66.561,1
1785812593,471316650,95.868,0.547,96.395,71.311,1
1785812593,538142822,97.183,0.718,97.879,68.308,1
1785812593,604971191,91.709,0.555,92.246,61.196,1
1785812593,671802002,98.068,0.951,99.0,73.579,1
1785812593,738635498,94.208,0.617,94.804,62.644,1
1785812593,805471191,91.08,0.535,91.596,63.629,1
1785812593,872309570,95.112,0.59,95.662,70.905,1
1785812593,939150391,98.983,3.861,102.839,74.002,1
1785812594,5993652,99.168,0.658,99.803,63.821,1
1785812594,72839355,112.807,0.762,113.539,80.578,1
1785812594,106263184,128.198,0.539,128.717,48.608,1
1785812594,173112549,108.43,1.672,110.103,48.209,1
1785812594,206536621,126.202,0.564,126.747,50.093,1
1785812594,273246094,107.277,0.761,108.023,47.98,1
1785812594,306600586,128.852,0.569,129.399,54.737,1
1785812594,373310059,100.216,0.611,100.803,38.114,1
1785812594,440019287,93.035,0.569,93.584,59.489,1
1785812594,506728271,90.281,0.551,90.81,63.937,1
1785812594,573437256,97.021,0.685,97.688,73.581,1
1785812594,640146240,92.722,0.538,93.24,62.266,1
1785812594,706854980,90.471,0.555,91.006,64.475,1
1785812594,773563721,92.406,0.61,92.994,68.696,1
1785812594,806917969,107.607,0.76,108.348,48.698,1
1785812594,873626709,90.834,0.558,91.369,49.741,1
1785812594,940334961,95.634,0.567,96.181,71.52,1
1785812595,7043457,96.25,0.578,96.807,67.335,1
1785812595,73751709,89.624,0.628,90.232,60.133,1
1785812595,140459717,89.434,0.63,90.045,66.52,1
1785812595,207167969,91.473,0.752,92.206,68.868,1
1785812595,273877930,88.774,0.533,89.287,63.793,1
1785812595,340588135,92.023,0.621,92.624,70.046,1
1785812595,407297852,91.248,0.605,91.834,65.92,1
1785812595,474007813,90.974,0.639,91.642,66.47,1
1785812595,540717529,89.25,0.764,89.996,65.111,1
1785812595,607427246,89.939,0.545,90.463,67.178,1
1785812595,674136719,90.992,0.658,91.536,67.782,1
1785812595,740846191,89.94,0.54,90.461,65.634,1
1785812595,807555664,93.372,0.769,94.127,70.366,1
1785812595,840910156,103.914,0.553,104.447,43.684,1
1785812595,907619629,94.942,0.53,95.451,57.714,1
1785812595,974328613,97.902,0.562,98.443,69.702,1
1785812596,41037842,92.645,0.545,93.17,61.436,1
1785812596,107746826,89.38,0.596,89.955,63.493,1
1785812596,174455811,91.494,0.623,92.099,68.852,1
1785812596,241165771,90.865,0.546,91.392,66.003,1
1785812596,307876709,89.101,0.643,89.727,65.044,1
1785812596,374587646,92.233,0.538,92.751,69.738,1
1785812596,441298340,91.841,0.561,92.382,66.34,1
1785812596,508009033,91.824,0.577,92.377,66.706,1
1785812596,574719727,90.978,0.542,91.5,65.833,1
1785812596,641430176,92.912,0.556,93.448,68.659,1
1785812596,708140625,93.246,0.572,93.798,67.06,1
1785812596,774851074,92.766,0.536,93.281,66.194,1
1785812596,841561279,94.138,0.646,94.764,68.192,1
1785812596,908271729,90.686,0.562,91.228,63.175,1
1785812596,974981689,97.381,0.999,98.364,73.84,1
1785812597,41691895,92.923,0.561,93.463,61.815,1
1785812597,108401855,88.14,0.558,88.665,61.912,1
1785812597,175111816,100.714,0.731,101.438,79.463,1
1785812597,208466797,113.661,0.937,114.573,46.496,1
1785812597,241900635,126.644,0.648,127.251,46.125,1
1785812597,308770020,97.001,0.622,97.6,37.217,1
1785812597,375641357,92.626,0.55,93.157,62.429,1
1785812597,442514648,89.744,0.578,90.301,64.017,1
1785812597,509389893,88.15,0.532,88.65,65.225,1
1785812597,576267090,91.638,0.534,92.153,70.38,1
1785812597,643146240,89.322,0.584,89.885,64.612,1
1785812597,710027100,91.567,0.54,92.087,69.082,1
1785812597,776910156,88.905,0.543,89.429,64.226,1
1785812597,843794922,91.647,0.555,92.181,69.636,1
1785812597,910681885,89.571,0.627,90.177,64.882,1
1785812597,977570801,97.494,0.815,98.289,74.997,1
1785812598,44461426,89.428,0.618,90.027,58.632,1
1785812598,111354004,89.835,0.598,90.414,67.28,1
1785812598,178248779,92.071,0.563,92.611,69.093,1
1785812598,245118164,88.983,0.599,89.562,63.82,1
1785812598,311965820,89.795,0.583,90.357,67.641,1
1785812598,378815430,88.568,0.633,89.183,65.677,1
1785812598,445666504,89.271,0.54,89.792,67.46,1
1785812598,512519043,89.342,0.534,89.857,66.918,1
1785812598,579373291,91.683,0.562,92.225,69.222,1
1785812598,646229004,87.73,0.553,88.264,62.894,1
1785812598,713086426,86.597,0.67,87.248,65.841,1
1785812598,779945557,86.427,0.613,87.022,66.634,1
1785812598,846806152,85.61,0.565,86.141,65.98,1
1785812598,913668457,89.204,0.534,89.717,70.439,1
1785812598,980532227,87.798,0.599,88.379,65.523,1
1785812599,47397461,91.623,0.604,92.205,70.693,1
1785812599,114264404,91.445,0.597,92.019,66.68,1
1785812599,181133057,91.172,0.703,91.777,66.628,1
1785812599,247938232,85.56,0.577,86.116,61.144,1
1785812599,314777100,84.949,0.719,85.65,66.373,1
1785812599,381617188,84.976,0.544,85.495,66.687,1
1785812599,448458740,83.989,0.546,84.514,65.86,1
1785812599,515301758,84.788,0.564,85.333,67.662,1
1785812599,582146240,84.094,0.628,84.705,66.215,1
1785812599,682415771,87.273,0.582,87.835,103.398,1
1785812599,749263672,88.675,0.54,89.196,68.212,1
1785812599,816113037,83.544,0.53,84.123,61.708,1
1785812599,882963867,83.373,0.556,83.91,66.706,1
1785812599,949816162,92.027,0.583,92.59,75.53,1
1785812599,983242920,137.249,0.665,137.888,78.725,1
1785812600,16669922,154.216,0.741,154.939,50.474,1
1785812600,116953125,89.702,0.54,90.222,35.572,1
1785812600,183810303,86.584,0.529,87.094,63.729,1
1785812600,250667725,84.288,0.537,84.805,64.568,1
1785812600,317331543,82.919,0.629,83.528,65.388,1
1785812600,383994385,84.787,0.579,85.347,68.482,1
1785812600,450656494,83.214,0.622,83.815,65.13,1
1785812600,517317627,83.554,0.55,84.083,66.93,1
1785812600,583977783,83.44,0.627,84.047,66.624,1
1785812600,650637207,83.579,0.566,84.124,66.736,1
1785812600,717295654,88.713,0.548,89.241,71.776,1
1785812600,783953125,85.47,0.562,86.013,63.429,1
1785812600,850609863,83.157,0.538,83.675,64.319,1
1785812600,917265625,84.541,0.606,85.127,68.107,1
1785812600,983920410,92.418,0.885,93.251,74.769,1
1785812601,17247559,108.635,0.604,109.219,49.303,1
1785812601,83901123,89.548,0.629,90.159,47.596,1
1785812601,150553711,86.214,0.52,86.714,63.208,1
1785812601,217205566,84.32,0.633,84.933,64.87,1
1785812601,283863770,87.134,0.545,87.672,69.384,1
1785812601,350525879,86.681,0.556,87.217,66.222,1
1785812601,417187256,86.87,0.572,87.421,66.865,1
1785812601,483847656,86.422,0.68,87.083,66.322,1
1785812601,550507080,86.599,0.715,87.293,66.868,1
1785812601,617165771,84.682,0.565,85.224,64.591,1
1785812601,683823242,85.483,0.655,86.099,67.532,1
1785812601,750479980,89.772,0.697,90.451,71.007,1
1785812601,817135742,86.229,0.685,86.895,63.102,1
1785812601,883790771,83.941,0.522,84.443,64.205,1
1785812601,950444580,96.001,1.153,96.968,79.169,1
1785812602,17097656,91.429,0.63,92.041,61.735,1
1785812602,83749756,88.103,0.564,88.705,63.256,1
1785812602,150400879,83.848,0.588,84.416,62.422,1
1785812602,217051270,84.203,0.556,84.739,66.974,1
1785812602,283709473,84.796,0.6,85.376,67.295,1
1785812602,350373779,87.427,0.56,87.967,69.255,1
1785812602,417037354,86.4,0.676,87.059,65.753,1
1785812602,483699951,84.546,0.618,85.145,64.75,1
1785812602,550361572,87.531,0.543,88.053,69.571,1
1785812602,617022461,84.666,0.541,85.252,63.794,1
1785812602,683682373,87.808,0.556,88.344,69.818,1
1785812602,750341553,86.874,0.663,87.518,65.831,1
1785812602,816999756,88.34,0.593,88.913,68.052,1
1785812602,883656982,88.573,0.615,89.168,66.915,1
1785812602,950313477,86.526,0.533,87.039,64.528,1
1785812603,16968994,99.822,0.68,100.48,80.091,1
1785812603,50296387,124.689,0.618,125.285,58.136,1
1785812603,116950684,95.342,0.642,95.964,37.332,1
1785812603,183604248,88.275,0.538,88.793,59.486,1
1785812603,250257568,85.35,0.619,85.884,63.744,1
1785812603,316922852,85.341,0.701,86.024,66.804,1
1785812603,383587158,87.52,0.671,88.173,68.813,1
1785812603,450250488,86.131,0.555,86.667,65.159,1
1785812603,516913086,87.453,0.546,87.98,67.976,1
1785812603,583574707,87.271,0.534,87.786,66.467,1
1785812603,650235352,87.559,0.611,88.149,67.023,1
1785812603,716895264,85.975,0.761,86.715,65.226,1
1785812603,783554199,86.355,0.633,86.97,66.914,1
1785812603,850212402,88.591,0.613,89.184,68.873,1
1785812603,916869629,89.873,1.013,90.882,68.337,1
1785812603,983525879,92.249,0.783,92.95,68.74,1
1785812604,50181396,92.03,0.791,92.803,66.51,1
1785812604,83508789,122.681,0.701,123.362,63.886,1
1785812604,150162842,111.058,0.886,111.922,55.21,1
1785812604,183489502,129.04,0.638,129.653,51.062,1
1785812604,250143311,115.444,0.568,115.991,52.993,1
1785812604,283476318,123.076,0.574,123.628,40.97,1
1785812604,350142090,95.599,0.7,96.211,39.245,1
1785812604,416806641,88.129,0.634,88.745,59.202,1
1785812604,483470459,87.286,0.74,88.007,65.925,1
1785812604,550133545,86.895,0.667,87.464,66.122,1
1785812604,616795654,95.479,0.763,96.223,75.417,1
1785812604,683456787,88.351,0.532,88.865,59.306,1
1785812604,750117188,86.43,0.545,86.956,64.752,1
1785812604,816776611,87.407,0.555,87.94,67.644,1
1785812604,883435303,90.211,0.539,90.732,69.451,1
1785812604,950093018,109.887,0.695,110.552,86.476,1
1785812604,983421631,124.249,0.746,125.016,47.749,1
1785812605,16750000,148.058,0.663,148.701,57.053,1
1785812605,83406006,123.621,0.606,124.209,42.17,1
1785812605,150061035,116.014,0.61,116.606,59.05,1
1785812605,183388184,136.8,0.69,137.471,54.187,1
1785812605,250042969,108.289,0.724,108.992,38.177,1
1785812605,316714844,89.31,0.646,89.934,47.621,1
1785812605,383385986,90.163,0.554,90.683,67.421,1
1785812605,450056396,87.17,0.756,87.904,63.891,1
1785812605,516726074,86.976,0.519,87.474,66.241,1
1785812605,583395020,87.71,0.632,88.256,67.45,1
1785812605,650063477,87.8,0.546,88.325,66.737,1
1785812605,716730957,87.977,0.835,88.792,67.134,1
1785812605,783397949,87.834,0.567,88.375,66.251,1
1785812605,850064209,87.06,0.548,87.589,65.881,1
1785812605,916729736,93.041,0.567,93.588,72.664,1
1785812605,983394531,93.58,0.635,94.195,67.271,1
1785812606,50058838,89.515,0.606,90.101,62.571,1
1785812606,116722168,88.574,0.594,89.148,65.71,1
1785812606,183385010,89.409,0.529,89.919,67.434,1
1785812606,250047607,87.139,0.55,87.67,64.413,1
1785812606,316716309,87.274,0.541,87.794,66.793,1
1785812606,383384033,91.116,0.632,91.646,70.519,1
1785812606,450051025,91.218,0.649,91.844,66.865,1
1785812606,516717285,90.181,0.656,90.816,65.639,1
1785812606,583382813,91.089,0.536,91.605,67.454,1
1785812606,650047363,88.144,0.643,88.768,63.827,1
1785812606,716711182,88.794,0.515,89.29,67.187,1
1785812606,783374268,93.484,0.555,94.017,71.389,1
1785812606,850036621,87.626,0.784,88.392,61.033,1
1785812606,916697998,89.813,0.535,90.328,68.603,1
1785812606,983358643,95.535,0.642,96.155,72.484,1
1785812607,50018555,93.351,0.548,93.878,64.385,1
1785812607,116677490,91.8,0.533,92.313,65.094,1
1785812607,183335938,89.218,0.542,89.74,64.085,1
1785812607,249994141,88.512,0.621,89.114,66.032,1
1785812607,316665039,89.97,0.541,90.491,68.048,1
1785812607,383335205,91.768,0.556,92.304,68.484,1
1785812607,450004883,89.118,0.634,89.73,64.094,1
1785812607,516673584,88.674,0.621,89.276,66.215,1
1785812607,583341553,92.024,0.571,92.574,69.967,1
1785812607,650008789,88.898,0.633,89.51,63.603,1
1785812607,716675293,89.667,0.586,90.189,67.346,1
1785812607,783341064,91.98,0.562,92.501,68.978,1
1785812607,850006104,91.966,0.641,92.588,66.752,1
1785812607,916670410,90.696,0.576,91.249,65.324,1
1785812607,983333984,92.578,0.571,93.129,68.545,1
1785812608,49996582,92.914,0.688,93.584,67.115,1
1785812608,116658691,93.17,0.598,93.749,66.83,1
1785812608,183319824,94.76,0.596,95.335,68.248,1
1785812608,249980957,90.383,0.599,90.964,62.289,1
1785812608,316647461,91.133,0.702,91.815,67.518,1
1785812608,383312988,90.831,0.595,91.405,66.254,1
1785812608,449977783,92.499,0.552,93.031,68.293,1
1785812608,516641846,89.406,0.601,89.988,63.621,1
1785812608,583304932,90.159,0.546,90.683,67.358,1
1785812608,649967041,93.489,0.604,94.072,70.051,1
1785812608,716628418,91.003,0.539,91.522,64.112,1
1785812608,783288818,94.762,0.555,95.297,70.435,1
1785812608,849948486,95.518,0.538,96.037,67.398,1
1785812608,916607178,95.856,0.56,96.395,67.018,1
1785812608,983265137,95.583,0.554,96.117,66.38,1
1785812609,49922363,96.598,0.581,97.159,67.699,1
1785812609,116578369,99.965,0.609,100.549,70.046,1
1785812609,149906250,119.401,0.811,120.188,52.964,1
1785812609,183233887,131.483,0.682,132.145,45.287,1
1785812609,249888916,111.725,0.718,112.42,46.926,1
1785812609,316571045,94.075,0.614,94.668,48.934,1
1785812609,383252686,91.904,0.566,92.502,64.463,1
1785812609,449933838,91.1,0.593,91.673,65.905,1
1785812609,516614502,90.209,0.722,90.912,65.919,1
1785812609,583294922,92.243,0.624,92.848,68.616,1
1785812609,649974609,94.162,0.663,94.805,68.637,1
1785812609,716654053,93.208,0.538,93.725,65.6,1
1785812609,783333008,94.374,0.547,94.902,67.856,1
1785812609,850011475,89.858,0.565,90.403,62.181,1
1785812609,916689453,95.703,0.589,96.271,72.544,1
1785812609,983366943,95.847,0.636,96.466,66.869,1
1785812610,50043945,94.001,0.557,94.539,64.755,1
1785812610,116720703,93.525,0.551,94.057,66.195,1
1785812610,183396729,92.338,0.538,92.857,65.475,1
1785812610,250072754,93.429,0.631,94.04,67.859,1
1785812610,316769775,91.58,0.536,92.095,64.752,1
1785812610,383466309,94.116,0.54,94.636,69.238,1
1785812610,450162354,92.973,0.661,93.614,65.673,1
1785812610,516857910,91.632,0.57,92.181,65.263,1
1785812610,583553223,91.592,0.606,92.179,66.693,1
1785812610,650248047,93.657,0.559,94.196,68.713,1
1785812610,716942139,93.595,0.542,94.117,66.615,1
1785812610,783635986,95.171,0.612,95.76,68.337,1
1785812610,850329346,91.567,0.565,92.112,63.045,1
1785812610,917022217,95.625,0.549,96.153,70.735,1
1785812610,983714844,96.381,0.725,97.088,67.622,1
1785812611,50406738,92.753,0.621,93.355,62.963,1
1785812611,117098389,92.89,0.558,93.429,66.766,1
1785812611,183789551,91.341,0.58,91.898,65.16,1
1785812611,283813477,96.178,0.755,96.915,105.039,1
1785812611,350479248,91.754,0.554,92.289,62.042,1
1785812611,417144287,90.509,0.534,91.024,65.399,1
1785812611,483808594,91.003,0.567,91.549,67.19,1
1785812611,550471924,92.178,0.54,92.697,67.812,1
1785812611,617134277,92.155,0.532,92.667,66.633,1
1785812611,683795898,94.332,0.56,94.873,68.867,1
1785812611,750456543,93.158,0.647,93.788,65.572,1
1785812611,817116455,94.249,0.541,94.77,67.646,1
1785812611,883775635,93.256,0.657,93.895,65.783,1
1785812611,950433594,94.893,0.593,95.423,68.187,1
1785812612,17091064,97.537,0.623,98.14,69.373,1
1785812612,83747314,93.155,0.551,93.686,62.203,1
1785812612,150403076,93.741,0.709,94.429,67.397,1
1785812612,217057617,97.095,0.561,97.636,69.864,1
1785812612,283718506,93.468,0.572,94.021,63.045,1
1785812612,350385010,95.078,0.524,95.583,68.229,1
1785812612,417050293,92.69,0.639,93.31,64.391,1
1785812612,483715088,92.661,0.623,93.263,66.618,1
1785812612,550378906,91.94,0.623,92.543,65.944,1
1785812612,617041748,93.45,0.551,93.981,68.101,1
1785812612,683703857,91.619,0.635,92.233,64.913,1
1785812612,750365234,96.818,0.563,97.359,71.788,1
1785812612,817025635,95.224,0.647,95.852,65.152,1
1785812612,883685059,93.303,0.553,93.837,64.645,1
1785812612,950343750,98.201,0.662,98.842,71.661,1
1785812613,17001709,97.819,0.54,98.338,66.157,1
1785812613,83658691,95.399,0.588,95.966,64.286,1
1785812613,150314941,94.526,1.607,96.121,66.802,1
1785812613,216970215,94.765,0.543,95.289,65.832,1
1785812613,283675049,92.728,0.709,93.418,64.833,1
1785812613,350430420,95.57,0.625,96.177,69.514,1
1785812613,417187500,95.082,0.559,95.621,66.202,1
1785812613,483946045,93.836,0.553,94.37,65.507,1
1785812613,550705811,95.372,0.611,95.963,68.353,1
1785812613,617467285,92.816,0.574,93.367,64.165,1
1785812613,684229980,94.522,0.62,95.123,68.519,1
1785812613,750994385,96.563,0.566,97.095,68.737,1
1785812613,817760010,92.642,0.652,93.215,62.884,1
1785812613,884527344,95.159,0.542,95.681,69.234,1
1785812613,951295898,95.278,0.54,95.798,66.886,1
1785812614,18066162,96.921,0.541,97.442,68.414,1
1785812614,84837646,96.918,0.537,97.436,66.765,1
1785812614,151610840,95.247,0.564,95.805,65.126,1
1785812614,218385254,93.801,0.561,94.342,65.329,1
1785812614,285158447,94.652,0.553,95.184,67.616,1
1785812614,318545166,117.503,0.693,118.182,56.375,1
1785812614,351932373,131.798,0.551,132.326,47.54,1
1785812614,418708008,112.748,0.642,113.367,47.812,1
1785812614,452096680,123.654,1.011,124.617,44.631,1
1785812614,518875000,95.235,0.558,95.771,37.944,1
1785812614,585655029,95.005,0.536,95.52,66.529,1
1785812614,652436768,94.62,0.649,95.25,66.509,1
1785812614,719220215,92.607,0.585,93.172,64.708,1
1785812614,786005371,93.205,0.614,93.799,67.412,1
1785812614,852792480,91.553,1.083,92.614,65.6,1
1785812614,919581055,97.134,0.674,97.789,71.963,1
1785812614,986371338,117.975,0.664,118.618,87.615,1
1785812615,19767334,128.314,0.912,129.205,43.985,1
1785812615,86560303,99.596,0.549,100.125,37.718,1
1785812615,153354980,96.604,0.533,97.118,63.788,1
1785812615,220151367,94.093,0.673,94.747,64.425,1
1785812615,286940674,94.038,0.698,94.719,66.754,1
1785812615,320332764,101.532,0.959,102.473,41.148,1
1785812615,387118164,92.25,0.639,92.868,57.187,1
1785812615,453905518,91.27,0.585,91.835,65.754,1
1785812615,520695068,90.328,0.546,90.856,65.809,1
1785812615,587486572,90.514,0.624,91.12,67.056,1
1785812615,654279785,89.827,0.549,90.357,66.03,1
1785812615,721075195,90.93,0.539,91.464,67.888,1
1785812615,787872559,91.807,0.538,92.324,67.673,1
1785812615,854671875,90.246,0.611,90.838,65.312,1
1785812615,921473145,99.197,0.696,99.878,75.835,1
1785812615,988276367,95.797,0.657,96.433,63.362,1
1785812616,55081543,94.344,0.59,94.913,65.288,1
1785812616,121888672,91.171,0.549,91.7,63.595,1
1785812616,188697998,89.616,0.816,90.413,65.512,1
1785812616,255507813,91.33,0.533,91.844,68.25,1
1785812616,322219727,92.619,0.538,93.137,68.006,1
1785812616,388931641,91.986,0.616,92.512,66.086,1
1785812616,455643555,93.281,0.537,93.798,67.998,1
1785812616,522355225,91.405,0.539,91.993,64.838,1
1785812616,589066895,90.959,0.546,91.484,66.272,1
1785812616,655778564,92.107,0.541,92.628,67.856,1
1785812616,722489990,92.207,0.54,92.727,66.811,1
1785812616,789201416,93.186,0.968,94.14,68.119,1
1785812616,855912842,89.795,0.566,90.342,62.918,1
1785812616,922624268,91.764,0.713,92.456,68.826,1
1785812616,989335693,97.756,0.686,98.423,72.675,1
1785812617,56046875,92.453,0.626,93.059,61.351,1
1785812617,122758057,89.768,0.609,90.359,64.01,1
1785812617,189469238,94.524,0.614,95.117,71.469,1
1785812617,256180176,89.448,0.544,89.971,61.566,1
1785812617,322893066,90.358,0.572,90.91,67.652,1
1785812617,356249512,106.861,0.693,107.535,49.978,1
1785812617,422962402,94.148,0.522,94.651,53.833,1
1785812617,489675293,93.865,0.55,94.394,66.456,1
1785812617,556387939,89.755,0.553,90.29,62.609,1
1785812617,623100586,89.255,0.631,89.866,66.289,1
1785812617,689813232,92.351,0.55,92.88,69.728,1
1785812617,756525879,93.247,0.545,93.771,67.603,1
1785812617,823238281,90.761,0.552,91.307,64.233,1
1785812617,889950684,92.51,0.57,93.062,68.48,1
1785812617,956663330,94.517,0.581,95.079,68.73,1
1785812618,23375488,112.907,0.721,113.601,85.233,1
1785812618,56731689,128.623,0.607,129.21,48.967,1
1785812618,123444092,96.84,0.555,97.377,34.879,1
1785812618,190156250,91.335,0.546,91.861,61.196,1
1785812618,256868408,94.98,0.535,95.495,70.347,1
1785812618,323623779,94.996,0.535,95.512,66.772,1
1785812618,390379395,89.396,0.535,89.911,61.155,1
1785812618,457135498,89.71,0.653,90.345,67.19,1
1785812618,523892334,92.399,0.553,92.932,69.345,1
1785812618,590649414,89.523,0.67,90.173,63.997,1
1785812618,657406982,93.02,0.6,93.598,70.183,1
1785812618,724165283,90.34,0.589,90.91,64.07,1
1785812618,790923828,92.548,0.563,93.087,68.936,1
1785812618,857683105,90.224,0.532,90.733,64.406,1
1785812618,924442627,95.342,0.576,95.897,71.922,1
1785812618,991202881,93.746,0.66,94.385,65.247,1
1785812619,57963379,99.491,0.568,100.039,72.416,1
1785812619,124724609,98.137,0.585,98.705,65.424,1
1785812619,191486084,92.019,0.547,92.543,60.602,1
1785812619,258247803,95.606,0.535,96.122,70.341,1
1785812619,324954834,90.729,0.542,91.251,61.836,1
1785812619,391661865,89.322,0.523,89.827,65.283,1
1785812619,458368652,92.469,0.532,92.98,69.86,1
1785812619,525075195,89.204,0.557,89.741,63.467,1
1785812619,591781738,92.056,0.578,92.617,69.581,1
1785812619,658488281,88.985,0.626,89.591,63.682,1
1785812619,725194580,94.109,0.554,94.644,71.76,1
1785812619,791900635,92.111,0.538,92.641,64.689,1
1785812619,858606689,92.381,0.56,92.981,66.998,1
1785812619,925312500,92.527,0.535,93.042,66.829,1
1785812619,992018066,93.118,0.784,93.882,67.543,1
1785812620,58723877,96.479,0.625,97.085,69.908,1
1785812620,125429199,93.651,0.549,94.18,63.804,1
1785812620,192134521,92.849,0.537,93.367,65.892,1
1785812620,258839844,90.432,0.586,91.0,64.338,1
1785812620,325547119,96.214,0.542,96.735,72.444,1
1785812620,392254395,92.68,0.533,93.194,63.165,1
1785812620,458961670,89.272,0.558,89.81,63.323,1
1785812620,525668701,90.891,0.522,91.381,68.279,1
1785812620,592375488,90.263,0.542,90.785,66.11,1
1785812620,659082275,88.76,0.53,89.271,65.193,1
1785812620,725788818,89.617,0.562,90.156,67.591,1
1785812620,792495361,90.741,0.588,91.309,67.859,1
1785812620,859201660,89.742,0.541,90.263,65.66,1
1785812620,925907959,98.135,0.729,98.849,75.288,1
1785812620,992614014,102.886,0.958,103.824,71.678,1
1785812621,59320068,91.431,0.621,92.031,54.922,1
1785812621,126025879,90.353,0.536,90.87,65.545,1
1785812621,192731689,94.122,0.688,94.79,70.624,1
1785812621,259437500,93.413,0.628,94.022,65.939,1
1785812621,326301270,93.458,0.55,93.984,66.826,1
1785812621,393166992,93.648,0.675,94.304,67.185,1
1785812621,460034424,88.716,0.692,89.389,61.952,1
1785812621,526904053,91.496,0.538,92.013,69.495,1
1785812621,593775391,89.136,0.566,89.682,64.539,1
1785812621,660648438,91.101,0.567,91.648,68.84,1
1785812621,727523438,92.031,0.702,92.714,67.94,1
1785812621,794400391,89.831,0.634,90.447,64.61,1
1785812621,861279297,88.8,0.649,89.429,65.862,1
1785812621,928159912,92.779,0.558,93.316,70.769,1
1785812621,995042480,90.523,0.585,91.087,64.651,1
1785812622,61927002,91.292,0.703,91.977,67.774,1
1785812622,128813232,90.217,0.633,90.831,65.743,1
1785812622,195701416,89.923,0.77,90.676,66.732,1
1785812622,262589355,87.199,0.615,87.794,64.007,1
1785812622,329437500,90.388,0.541,90.909,69.965,1
1785812622,396287354,89.711,0.645,90.342,66.275,1
1785812622,429712646,110.755,0.783,111.519,54.601,1
1785812622,463138672,125.374,0.552,125.905,47.821,1
1785812622,529991455,95.616,0.712,96.242,37.185,1
1785812622,596845947,92.816,0.624,93.421,64.036,1
1785812622,663702148,88.243,0.738,88.961,62.397,1
1785812622,730559814,85.979,0.613,86.573,64.47,1
1785812622,797418945,87.377,0.552,87.91,68.196,1
1785812622,864280029,85.625,0.645,86.248,65.199,1
1785812622,931142334,89.634,0.783,90.399,71.011,1
1785812622,998006348,91.887,0.623,92.489,68.954,1
1785812623,64872070,89.882,0.609,90.472,64.851,1
1785812623,131739502,85.488,0.558,86.024,62.421,1
1785812623,198608154,84.016,0.593,84.591,65.434,1
1785812623,265477051,84.541,0.551,85.075,67.352,1
1785812623,332154785,85.718,0.54,86.238,67.842,1
1785812623,398831543,87.344,0.571,87.896,68.334,1
1785812623,465507813,85.982,0.537,86.5,65.28,1
1785812623,532183594,85.614,0.54,86.133,66.31,1
1785812623,598858398,84.073,0.538,84.59,65.132,1
1785812623,665532715,86.673,0.622,87.276,69.359,1
1785812623,732206299,88.462,0.537,88.979,68.378,1
1785812623,798879395,88.262,0.591,88.833,66.526,1
1785812623,865551758,84.157,0.591,84.742,62.568,1
1785812623,932223389,88.491,0.768,89.239,71.181,1
1785812623,998894287,90.792,0.536,91.308,68.741,1
1785812624,65564697,87.756,0.553,88.289,63.652,1
1785812624,132234375,90.064,0.545,90.589,68.969,1
1785812624,198903320,86.562,0.536,87.079,63.158,1
1785812624,265572510,85.775,0.557,86.311,65.903,1
1785812624,332249756,85.428,0.605,86.013,66.378,1
1785812624,398926514,89.13,0.802,89.896,70.557,1
1785812624,432264648,120.355,0.538,120.874,64.319,1
1785812624,498940186,98.94,0.578,99.496,45.297,1
1785812624,532277832,122.632,0.619,123.231,57.072,1
1785812624,598952393,91.412,0.628,92.02,35.464,1
1785812624,665626465,86.63,0.555,87.165,61.819,1
1785812624,732299805,90.21,0.538,90.728,70.236,1
1785812624,798972412,87.511,0.545,88.035,63.98,1
1785812624,865644287,85.938,0.646,86.564,65.2,1
1785812624,932315674,90.361,0.722,91.062,71.169,1
1785812624,998986328,92.518,0.679,93.179,68.784,1
1785812625,65656250,89.462,0.601,90.043,63.539,1
1785812625,132325439,85.861,0.567,86.408,63.034,1
1785812625,198994141,87.033,0.552,87.566,67.826,1
1785812625,265662842,86.584,0.561,87.125,66.228,1
1785812625,332339600,86.201,0.546,86.727,66.28,1
1785812625,399015869,91.045,0.603,91.626,71.574,1
1785812625,432353516,110.778,0.668,111.422,53.132,1
1785812625,499028564,90.011,0.63,90.622,45.876,1
1785812625,565703125,85.736,0.55,86.266,62.321,1
1785812625,632376953,87.357,0.537,87.875,68.282,1
1785812625,699050049,89.186,0.551,89.717,68.515,1
1785812625,765722412,91.963,0.569,92.579,69.468,1
1785812625,832394043,86.362,0.542,86.885,61.043,1
1785812625,899065186,86.377,0.623,86.98,66.767,1
1785812625,965735596,91.506,0.593,92.079,71.769,1
1785812626,32405273,95.012,0.541,95.533,70.124,1
1785812626,99074463,87.441,0.555,87.974,59.111,1
1785812626,165742920,89.098,0.658,89.736,68.43,1
1785812626,232410645,89.39,0.566,89.937,66.868,1
1785812626,299091309,88.724,0.554,89.258,66.003,1
1785812626,365783691,89.192,0.553,89.727,67.161,1
1785812626,432476074,92.24,0.628,92.863,69.812,1
1785812626,465822021,108.638,0.646,109.259,49.755,1
1785812626,532513916,92.404,0.554,92.938,50.375,1
1785812626,599205566,89.429,0.569,89.975,63.729,1
1785812626,665896973,88.352,0.548,88.881,65.598,1
1785812626,732587891,87.501,0.557,88.039,65.848,1
1785812626,799278809,88.204,0.554,88.738,67.391,1
1785812626,865969238,88.265,0.549,88.794,66.746,1
1785812626,932659668,95.838,0.581,96.401,74.295,1
1785812626,999349609,91.593,0.575,92.148,62.437,1
1785812627,66039307,91.019,0.64,91.641,66.184,1
1785812627,132728760,86.675,0.58,87.236,62.286,1
1785812627,199417969,87.019,0.63,87.629,67.082,1
1785812627,266107422,90.462,0.516,90.958,70.019,1
1785812627,332786621,90.079,0.605,90.666,66.386,1
1785812627,399465332,87.295,0.565,87.838,63.851,1
1785812627,466143311,92.314,0.581,92.874,71.714,1
1785812627,499481934,112.504,0.74,113.227,53.688,1
1785812627,566159180,92.752,0.556,93.288,46.742,1
1785812627,632835449,87.432,0.562,87.973,61.361,1
1785812627,699511230,87.01,0.539,87.527,66.231,1
1785812627,766186523,90.691,0.542,91.228,70.361,1
1785812627,832860840,88.367,0.559,88.908,64.369,1
1785812627,899534912,87.437,0.628,88.043,65.809,1
1785812627,966208008,106.67,0.646,107.301,85.922,1
1785812627,999544434,134.337,2.799,137.146,63.151,1
1785812628,66216797,126.383,0.536,126.898,56.466,1
1785812628,132888428,95.938,0.539,96.457,36.23,1
1785812628,199559570,89.785,0.64,90.406,60.619,1
1785812628,266230469,87.288,0.632,87.9,64.167,1
1785812628,332909912,91.353,0.627,91.962,70.739,1
1785812628,399588623,87.463,0.635,88.081,62.798,1
1785812628,466266602,89.327,0.789,90.098,68.695,1
1785812628,532944092,89.22,0.989,90.195,66.768,1
1785812628,599620850,88.772,0.54,89.291,65.78,1
1785812628,666297119,87.848,0.827,88.656,66.04,1
1785812628,732972656,92.565,0.538,93.083,71.103,1
1785812628,799647461,93.515,0.558,94.053,67.645,1
1785812628,866321777,92.041,0.627,92.648,65.269,1
1785812628,932995361,91.502,0.671,92.155,66.18,1
1785812628,999668457,93.224,0.682,93.89,68.404,1
1785812629,66340820,99.489,0.767,100.287,73.021,1
1785812629,99676758,122.36,0.708,123.05,56.146,1
1785812629,166348145,98.792,0.784,99.556,43.179,1
1785812629,266354736,89.597,0.551,90.129,90.583,1
1785812629,366374512,87.701,0.59,88.271,98.163,1
1785812629,433053467,89.216,0.555,89.752,68.159,1
1785812629,499731934,90.387,0.756,90.952,67.878,1
1785812629,566409912,88.932,0.585,89.497,65.224,1
1785812629,633087158,89.031,0.551,89.562,66.742,1
1785812629,699763672,88.932,0.538,89.45,66.566,1
1785812629,766439697,94.01,0.546,94.536,71.762,1
1785812629,833114990,89.97,0.552,90.501,62.64,1
1785812629,899789795,89.165,0.815,89.759,65.915,1
1785812629,966464111,93.544,0.561,94.087,71.018,1
1785812630,33137451,93.635,0.536,94.152,66.739,1
1785812630,99810547,92.049,0.529,92.557,65.08,1
1785812630,166482666,88.908,0.564,89.453,63.567,1
1785812630,233154297,92.237,0.557,92.776,69.995,1
1785812630,299833252,91.842,0.536,92.357,66.26,1
1785812630,366518311,90.263,0.587,90.829,65.158,1
1785812630,433202881,91.68,0.552,92.213,68.068,1
1785812630,499886963,92.469,0.543,92.991,67.463,1
1785812630,566570313,89.562,0.701,90.242,63.932,1
1785812630,633253418,92.411,0.533,92.925,69.368,1
1785812630,699936035,89.205,1.068,90.255,64.01,1
1785812630,766617920,98.833,0.68,99.492,75.916,1
1785812630,799958740,113.223,0.643,113.847,47.695,1
1785812630,866640137,92.702,0.627,93.309,46.146,1
1785812630,933320801,90.777,0.582,91.34,64.713,1
1785812631,1221,96.062,0.616,96.657,71.997,1
1785812631,66680908,93.837,0.555,94.368,64.392,1
1785812631,133360107,90.327,0.538,90.845,63.156,1
1785812631,200038818,92.624,0.533,93.138,68.972,1
1785812631,266717529,98.02,0.598,98.6,72.138,1
1785812631,333490967,90.238,0.575,90.793,58.969,1
1785812631,400330078,89.714,0.53,90.224,66.271,1
1785812631,467170410,92.195,0.598,92.772,69.388,1
1785812631,534012451,92.729,0.551,93.26,67.331,1
1785812631,600855713,91.043,0.575,91.597,65.179,1
1785812631,667700439,89.334,0.546,89.862,65.11,1
1785812631,734546387,91.597,0.551,92.128,69.113,1
1785812631,801394043,91.287,0.534,91.802,66.521,1
1785812631,868242920,90.984,0.55,91.515,66.563,1
1785812631,935093262,92.988,0.606,93.576,68.908,1
1785812632,1945068,97.28,0.6,97.859,71.137,1
1785812632,68798096,92.062,0.548,92.59,61.585,1
1785812632,135652832,88.127,0.537,88.644,62.909,1
1785812632,202508789,88.065,0.57,88.61,66.822,1
1785812632,269366211,90.173,0.536,90.689,68.936,1
1785812632,336125977,87.82,0.558,88.357,64.429,1
1785812632,402790039,88.355,0.551,88.885,67.193,1
1785812632,469453369,87.717,0.725,88.422,66.199,1
1785812632,536115723,88.982,0.654,89.617,67.858,1
1785812632,602777100,93.105,0.851,93.939,70.977,1
1785812632,669437744,87.994,0.561,88.521,61.249,1
1785812632,736097412,87.683,0.756,88.421,66.558,1
1785812632,802756104,89.373,0.563,89.915,68.155,1
1785812632,869414063,90.88,0.607,91.467,68.209,1
1785812632,936071045,88.771,0.557,89.308,64.499,1
1785812633,36054932,90.858,0.55,91.388,102.064,1
1785812633,102709717,89.771,0.548,90.298,65.564,1
1785812633,169363770,89.708,0.635,90.32,66.675,1
1785812633,236016602,88.277,0.637,88.893,65.227,1
1785812633,302669678,87.928,0.544,88.506,66.213,1
1785812633,369335205,91.15,0.55,91.68,69.893,1
1785812633,436000000,89.229,0.598,89.807,64.792,1
1785812633,502664063,88.479,0.709,89.169,66.025,1
1785812633,569327148,90.448,0.612,91.04,68.535,1
1785812633,635989258,89.896,0.543,90.418,66.04,1
1785812633,702650635,89.389,0.559,89.929,66.172,1
1785812633,769311035,94.285,0.607,94.872,71.603,1
1785812633,835970703,89.699,0.539,90.217,62.005,1
1785812633,902629395,89.671,0.565,90.218,66.658,1
1785812633,969287354,97.143,0.637,97.759,74.2,1
1785812634,35944336,95.367,0.552,95.898,64.795,1
1785812634,102600586,96.64,0.658,97.277,68.035,1
1785812634,169255859,89.41,0.585,89.973,59.352,1
1785812634,235910400,91.22,0.617,91.817,68.499,1
1785812634,302564697,88.665,0.564,89.21,64.047,1
1785812634,369254395,88.553,0.55,89.084,66.564,1
1785812634,435943848,92.552,0.534,93.066,70.672,1
1785812634,502632813,91.579,0.554,92.113,65.736,1
1785812634,569321777,89.641,0.546,90.167,64.743,1
1785812634,636010498,92.345,0.558,92.882,69.403,1
1785812634,702698975,94.882,0.607,95.469,69.274,1
1785812634,769387451,96.313,0.535,96.828,68.049,1
1785812634,836075439,90.559,0.537,91.076,60.936,1
1785812634,902763184,90.323,0.626,90.931,66.539,1
1785812634,969450684,94.576,0.696,95.252,71.011,1
1785812635,36137939,92.485,0.639,93.105,64.54,1
1785812635,102824951,90.595,0.548,91.111,64.693,1
1785812635,169511719,91.284,0.554,91.817,67.394,1
1785812635,236198486,92.703,0.551,93.234,68.103,1
1785812635,302885010,90.229,0.557,90.766,64.219,1
1785812635,369553711,89.403,0.562,89.945,65.848,1
1785812635,436221680,90.38,0.535,90.896,67.619,1
1785812635,502888916,89.854,0.655,90.489,66.261,1
1785812635,569555176,89.82,0.647,90.448,66.625,1
1785812635,636220703,94.236,0.562,94.775,70.993,1
1785812635,702885498,89.654,0.604,90.238,62.128,1
1785812635,769549561,90.859,0.552,91.379,67.805,1
1785812635,836212646,89.99,0.558,90.527,65.811,1
1785812635,902874756,93.24,0.593,93.814,69.947,1
1785812635,969536377,96.484,0.56,97.025,69.874,1
1785812636,36197021,99.622,0.544,100.145,69.782,1
1785812636,102856689,94.5,0.554,95.035,61.549,1
1785812636,169515869,94.246,0.614,94.84,66.464,1
1785812636,236174072,94.269,0.558,94.806,66.625,1
1785812636,302831787,90.473,0.557,91.01,62.861,1
1785812636,369501709,89.936,0.549,90.465,66.125,1
1785812636,436170654,90.031,0.545,90.556,66.761,1
1785812636,536172607,90.869,0.548,91.398,100.843,1
1785812636,602839355,92.253,0.629,92.863,68.131,1
1785812636,669505615,94.288,0.627,94.897,68.699,1
1785812636,736170898,91.249,0.54,91.77,63.54,1
1785812636,802835449,96.196,0.548,96.724,71.618,1
1785812636,869499268,93.226,0.541,93.747,63.687,1
1785812636,936162109,101.932,1.898,103.832,76.721,1
1785812637,2824219,114.781,0.649,115.414,78.264,1
1785812637,36155029,129.042,0.65,129.672,47.595,1
1785812637,102815918,97.762,0.533,98.275,35.265,1
1785812637,169476074,92.936,0.56,93.478,61.862,1
1785812637,236135254,94.347,0.539,94.864,68.046,1
1785812637,302794189,92.68,0.604,93.267,65.06,1
1785812637,369550293,93.893,0.591,94.465,67.955,1
1785812637,436307861,93.349,0.538,93.866,66.16,1
1785812637,503066650,92.34,0.527,92.848,65.741,1
1785812637,569827148,93.491,0.674,94.144,68.055,1
1785812637,669970703,96.692,0.591,97.267,103.263,1
1785812637,703352539,114.897,0.69,115.565,51.678,1
1785812637,770117432,96.71,0.589,97.281,48.487,1
1785812637,836883789,92.586,0.559,93.127,62.611,1
1785812637,903651367,91.246,0.587,91.813,65.454,1
1785812637,970420654,94.461,0.694,95.135,70.091,1
1785812638,37191406,103.155,0.804,103.938,75.571,1
1785812638,103963623,92.114,0.615,92.71,55.548,1
1785812638,170737549,94.146,0.543,94.668,68.733,1
1785812638,237512695,92.525,0.573,93.075,65.182,1
1785812638,304288330,90.98,0.554,91.513,65.214,1
1785812638,371059326,90.682,0.623,91.284,66.541,1
1785812638,437832275,89.67,0.614,90.263,65.753,1
1785812638,504606689,89.805,0.671,90.458,66.968,1
1785812638,571383057,90.329,0.719,90.953,67.273,1
1785812638,638160889,95.263,0.634,95.878,71.702,1
1785812638,704940674,96.383,0.537,96.899,67.801,1
1785812638,771722168,97.669,0.611,98.26,68.142,1
1785812638,838505371,90.557,0.631,91.166,59.69,1
1785812638,905290283,92.81,0.644,93.434,69.053,1
1785812638,972076904,89.95,0.576,90.498,63.85,1
1785812639,5470947,115.222,1.455,116.661,59.546,1
1785812639,72260254,104.517,0.72,105.17,55.308,1
1785812639,139051270,99.04,0.695,99.704,61.324,1
1785812639,205843994,92.729,0.539,93.248,60.339,1
1785812639,272638428,92.384,0.585,92.947,66.494,1
1785812639,339391602,90.18,0.626,90.788,64.593,1
1785812639,406103760,90.723,0.645,91.349,67.273,1
1785812639,472815918,89.672,0.544,90.193,65.557,1
1785812639,539528076,89.025,0.622,89.625,66.143,1
1785812639,606239990,90.106,0.594,90.677,67.765,1
1785812639,672951904,89.729,0.539,90.245,66.281,1
1785812639,739663574,90.969,0.566,91.513,67.979,1
1785812639,773019531,128.174,0.717,128.874,70.709,1
1785812639,839731201,103.22,0.754,103.955,41.798,1
1785812639,906442627,102.72,0.773,103.47,66.228,1
1785812639,973154053,113.834,0.597,114.408,77.65,1
1785812640,6509521,136.419,0.881,137.278,56.22,1
1785812640,73220703,105.882,0.777,106.64,36.071,1
1785812640,139931885,93.575,0.556,94.108,54.189,1
1785812640,206642822,91.377,0.638,91.993,64.596,1
1785812640,273353760,88.834,0.555,89.367,64.085,1
1785812640,340059570,89.827,0.54,90.345,67.684,1
1785812640,406759521,89.469,0.567,90.014,66.369,1
1785812640,473459473,90.745,0.56,91.284,67.97,1
1785812640,540159180,89.534,0.819,90.332,65.747,1
1785812640,606858398,88.325,0.555,88.858,65.226,1
1785812640,673557617,90.496,0.554,91.03,68.872,1
1785812640,740256348,94.867,0.552,95.398,71.067,1
1785812640,806954834,92.275,0.668,92.923,64.222,1
1785812640,873653076,92.011,0.536,92.528,66.304,1
1785812640,940351318,92.817,0.612,93.406,67.574,1
1785812641,7049072,94.519,0.558,95.054,68.349,1
1785812641,73746338,93.958,0.544,94.482,66.125,1
1785812641,140443604,90.397,0.541,90.917,63.132,1
1785812641,207140625,90.179,0.544,90.704,66.483,1
1785812641,273837402,91.007,0.533,91.52,67.513,1
1785812641,340535156,89.775,0.56,90.313,65.491,1
1785812641,407233398,90.271,0.539,90.791,67.176,1
1785812641,473931641,90.703,0.538,91.221,67.129,1
1785812641,540629395,91.416,0.559,91.955,67.431,1
1785812641,607326904,92.717,0.575,93.271,68.013,1
1785812641,674024170,93.952,0.549,94.482,67.908,1
1785812641,740720947,91.466,0.562,92.01,64.225,1
1785812641,807417725,93.38,0.559,93.919,68.606,1
1785812641,874114014,90.713,0.55,91.242,64.02,1
1785812641,940810059,89.83,0.58,90.391,65.842,1
1785812642,7505615,100.612,0.624,101.213,77.519,1
1785812642,74201172,93.45,0.611,94.042,59.525,1
1785812642,140896240,89.787,0.546,90.314,62.966,1
1785812642,207591064,92.639,0.524,93.144,69.526,1
1785812642,274285645,89.682,0.562,90.225,63.774,1
1785812642,340982422,89.488,0.534,90.001,66.474,1
1785812642,407681396,92.455,0.552,92.987,69.685,1
1785812642,474379883,91.093,0.519,91.591,65.303,1
1785812642,541078125,91.294,0.535,91.808,66.915,1
1785812642,607776123,90.253,0.672,90.825,65.715,1
1785812642,674473877,93.153,0.543,93.676,69.549,1
1785812642,741171387,93.308,0.543,93.832,66.854,1
1785812642,807868408,93.613,0.578,94.171,67.034,1
1785812642,874565186,92.617,0.644,93.242,65.768,1
1785812642,941261719,99.728,1.994,101.708,75.151,1
1785812643,7958008,100.098,0.67,100.743,65.744,1
1785812643,74654053,93.579,0.554,94.114,60.067,1
1785812643,141349854,90.006,0.568,90.548,63.129,1
1785812643,208045166,91.333,0.555,91.868,68.016,1
1785812643,274740234,89.901,0.549,90.431,65.257,1
1785812643,341436768,89.54,0.537,90.058,66.324,1
1785812643,408133789,89.529,0.538,90.047,66.686,1
1785812643,474830566,91.48,0.583,92.043,68.692,1
1785812643,541527100,90.091,0.608,90.679,65.332,1
1785812643,608223389,90.636,0.616,91.232,67.249,1
1785812643,674919434,90.035,0.544,90.56,66.023,1
1785812643,741614990,91.259,0.542,91.796,67.917,1
1785812643,808310303,92.861,0.597,93.438,68.351,1
1785812643,841657715,110.983,0.621,111.58,51.488,1
1785812643,941699951,91.299,0.602,91.881,80.344,1
1785812644,8394287,93.396,0.583,93.958,68.774,1
1785812644,75088135,94.102,0.564,94.646,67.382,1
1785812644,141781982,94.959,0.534,95.473,67.521,1
1785812644,208475342,91.236,0.535,91.753,62.973,1
1785812644,275168457,93.315,0.569,93.861,68.801,1
1785812644,341863770,88.976,0.536,89.491,62.326,1
1785812644,408561035,90.733,0.565,91.271,68.477,1
1785812644,475258057,90.505,0.546,91.032,66.457,1
1785812644,541954834,91.961,0.553,92.493,68.159,1
1785812644,608651123,90.855,0.543,91.378,65.581,1
1785812644,675347168,90.38,0.614,90.974,66.292,1
1785812644,742042969,92.811,0.545,93.334,69.055,1
1785812644,808738525,95.528,0.575,96.082,69.443,1
1785812644,875433594,92.677,0.631,93.289,63.903,1
1785812644,942128418,104.032,0.986,105.007,78.394,1
1785812645,8822998,103.872,0.743,104.646,66.295,1
1785812645,75517090,93.613,0.556,94.15,56.256,1
1785812645,142210938,91.301,0.55,91.832,64.376,1
1785812645,208904541,92.402,0.597,92.978,67.84,1
1785812645,275597900,90.539,0.558,91.077,64.792,1
1785812645,342293945,91.341,0.541,91.861,67.48,1
1785812645,408992432,91.193,0.557,91.731,66.568,1
1785812645,475690918,90.606,0.726,91.295,66.262,1
1785812645,542388916,94.034,0.55,94.552,69.956,1
1785812645,609086670,93.788,0.767,94.537,66.682,1
1785812645,675784180,93.911,0.539,94.431,66.593,1
1785812645,742481201,92.03,0.535,92.545,64.811,1
1785812645,809178223,95.377,0.535,95.892,70.044,1
1785812645,875874756,91.293,0.715,91.991,62.791,1
1785812645,942571045,97.568,0.699,98.242,72.951,1
1785812646,42614990,103.124,0.672,103.775,105.577,1
1785812646,75962646,127.0,0.566,127.545,57.118,1
1785812646,142658203,105.345,0.677,106.001,45.145,1
1785812646,176005615,116.797,0.636,117.414,44.763,1
1785812646,242700684,94.615,0.676,95.268,44.552,1
1785812646,309395508,92.055,0.556,92.591,64.02,1
1785812646,376093994,92.624,0.532,93.135,67.243,1
1785812646,442791992,91.299,0.642,91.915,65.477,1
1785812646,509489990,92.858,0.56,93.399,68.183,1
1785812646,576187500,95.997,0.591,96.567,69.865,1
1785812646,642884766,92.051,0.672,92.703,62.832,1
1785812646,709581787,94.136,0.537,94.651,68.645,1
1785812646,776278564,92.467,0.533,92.981,65.027,1
1785812646,842974854,91.943,0.587,92.509,66.224,1
1785812646,909671143,94.714,0.686,95.343,69.453,1
1785812646,976366943,95.702,0.561,96.244,67.674,1
1785812647,43062500,97.65,0.54,98.169,68.621,1
1785812647,109757813,92.677,0.538,93.194,61.721,1
1785812647,176452881,90.947,0.607,91.534,65.034,1
1785812647,243147461,95.685,0.653,96.35,71.479,1
1785812647,309842041,91.837,0.54,92.357,62.734,1
1785812647,376790039,90.826,0.631,91.438,66.029,1
1785812647,443742188,90.815,0.615,91.411,66.925,1
1785812647,510698486,93.556,0.55,94.087,69.633,1
1785812647,577658691,90.21,0.544,90.734,63.607,1
1785812647,644623047,89.601,0.607,90.19,66.418,1
1785812647,711591553,91.607,0.559,92.147,68.928,1
1785812647,778563965,90.067,0.514,90.561,65.387,1
1785812647,845540527,89.726,0.547,90.253,66.668,1
1785812647,912521240,94.519,0.961,95.466,72.186,1
1785812647,979506104,95.948,0.586,96.479,68.005,1
1785812648,46495117,95.658,0.569,96.207,66.717,1
1785812648,113488037,91.408,0.55,91.939,62.724,1
1785812648,180485107,88.089,0.538,88.607,63.666,1
1785812648,247486328,90.247,0.583,90.811,69.205,1
1785812648,314488037,88.055,0.54,88.574,64.765,1
1785812648,381185303,88.31,0.541,88.832,66.955,1
1785812648,447882080,87.992,0.54,88.512,66.377,1
1785812648,514578613,86.899,0.531,87.41,65.595,1
1785812648,581274902,87.216,0.529,87.726,67.013,1
1785812648,647970703,88.054,0.553,88.587,67.556,1
1785812648,714666260,90.023,0.587,90.589,68.696,1
1785812648,781361572,89.444,0.541,89.966,66.073,1
1785812648,848056396,90.123,0.609,90.712,67.441,1
1785812648,914750977,97.076,0.568,97.624,73.606,1
1785812648,948098145,125.889,0.594,126.465,62.187,1
1785812648,981445313,158.679,0.619,159.276,66.16,1
1785812649,81486328,109.155,0.566,109.7,50.465,1
1785812649,114833008,125.642,0.542,126.163,49.811,1
1785812649,181526367,92.457,0.537,92.974,33.504,1
1785812649,248219482,90.678,0.594,91.252,64.969,1
1785812649,314912598,87.601,0.63,88.21,63.653,1
1785812649,381610352,89.08,0.534,89.596,68.081,1
1785812649,448307861,90.748,0.655,91.382,68.483,1
1785812649,515004883,88.126,0.557,88.663,63.98,1
1785812649,581701904,89.769,0.603,90.353,68.387,1
1785812649,648398438,87.181,0.542,87.703,64.048,1
1785812649,715094727,88.167,0.556,88.703,67.696,1
1785812649,781790527,90.618,0.55,91.136,69.129,1
1785812649,848486328,91.149,0.597,91.728,67.286,1
1785812649,915181641,92.332,0.58,92.892,67.859,1
1785812649,981876465,119.184,0.589,119.75,93.553,1
1785812650,15223877,125.964,0.609,126.552,40.15,1
1785812650,81918457,111.193,3.013,114.23,54.323,1
1785812650,115265625,125.464,0.55,125.993,45.161,1
1785812650,181959717,93.737,0.551,94.268,34.969,1
1785812650,248653564,90.714,0.53,91.225,63.651,1
1785812650,315347412,90.807,0.588,91.376,66.844,1
1785812650,382046143,88.283,0.555,88.819,64.141,1
1785812650,448744141,89.093,0.544,89.618,67.497,1
1785812650,515442139,87.936,0.533,88.451,65.532,1
1785812650,582139893,88.992,0.61,89.583,67.829,1
1785812650,648837158,88.603,0.537,89.121,66.235,1
1785812650,715534180,87.63,0.56,88.17,65.746,1
1785812650,782230957,90.993,0.617,91.591,70.117,1
1785812650,848927490,88.5,0.545,89.025,64.131,1
1785812650,915623535,93.987,0.648,94.613,72.283,1
1785812650,982319336,102.689,1.447,104.118,76.132,1
1785812651,15667236,123.73,0.76,124.363,53.659,1
1785812651,49014893,138.401,2.127,140.519,49.485,1
1785812651,115710205,123.799,0.552,124.331,50.53,1
1785812651,149057861,125.932,0.559,126.471,35.488,1
1785812651,249099854,89.814,0.614,90.409,63.978,1
1785812651,315794678,88.218,0.563,88.76,65.047,1
1785812651,382493896,91.009,0.555,91.544,69.483,1
1785812651,449192871,99.074,0.631,99.684,74.838,1
1785812651,482542236,116.762,0.76,117.507,51.165,1
1785812651,549240723,98.756,0.665,99.398,48.595,1
1785812651,615938965,94.521,0.663,95.084,62.387,1
1785812651,682636719,95.09,0.577,95.649,67.26,1
1785812651,749334473,92.729,0.586,93.295,64.347,1
1785812651,816031738,95.535,0.575,96.075,69.477,1
1785812651,882728760,94.349,0.574,94.903,65.526,1
1785812651,949425537,118.92,0.577,119.476,91.27,1
1785812651,982773682,175.303,0.589,175.865,89.737,1
1785812652,82818115,135.147,0.588,135.736,59.893,1
1785812652,149513916,125.759,0.737,126.477,57.459,1
1785812652,216209473,117.01,0.694,117.683,57.894,1
1785812652,249557129,151.498,0.702,152.18,67.851,1
1785812652,316252686,129.441,0.637,130.058,44.574,1
1785812652,383104492,98.619,0.651,99.251,36.04,1
1785812652,449958008,96.236,0.677,96.893,64.501,1
1785812652,516813232,89.396,0.568,89.946,59.907,1
1785812652,583669922,90.467,0.558,91.005,67.918,1
1785812652,650528564,90.069,0.623,90.593,66.446,1
1785812652,717388672,89.526,0.566,90.073,66.34,1
1785812652,784250488,91.475,0.608,92.062,68.852,1
1785812652,851114014,88.144,0.551,88.676,63.478,1
1785812652,917979248,91.864,0.576,92.418,70.607,1
1785812652,984846191,90.959,0.548,91.487,65.936,1
1785812653,51714844,94.977,0.677,95.633,71.012,1
1785812653,85149658,121.929,0.727,122.638,60.435,1
1785812653,152020752,93.325,0.558,93.861,38.101,1
1785812653,218893555,88.965,0.584,89.529,62.54,1
1785812653,285768066,89.298,0.558,89.837,67.183,1
1785812653,352545166,87.617,0.677,88.276,65.213,1
1785812653,419227051,87.277,0.539,87.795,66.205,1
1785812653,485908203,85.243,0.53,85.754,64.64,1
1785812653,552588623,87.261,0.547,87.786,68.711,1
1785812653,619268555,87.103,0.607,87.691,66.585,1
1785812653,685947998,88.531,0.549,89.06,68.048,1
1785812653,752626953,90.504,0.581,91.065,68.683,1
1785812653,819305176,87.419,0.553,87.953,63.566,1
1785812653,885982666,89.734,0.535,90.249,68.974,1
1785812653,952659912,90.673,0.581,91.234,67.662,1
1785812654,19336426,111.634,0.613,112.222,87.664,1
1785812654,52674316,123.604,0.593,124.176,45.292,1
1785812654,119350098,119.194,0.583,119.756,62.255,1
1785812654,152687744,127.614,0.581,128.175,41.757,1
1785812654,219362549,95.475,0.548,96.004,34.505,1
1785812654,286036621,90.198,0.554,90.732,61.403,1
1785812654,352715820,87.537,0.609,88.085,64.031,1
1785812654,419398438,87.432,0.537,87.95,66.548,1
1785812654,486080566,86.172,0.557,86.71,65.443,1
1785812654,552761963,87.09,0.71,87.781,67.751,1
1785812654,619443115,86.248,0.539,86.766,65.668,1
1785812654,686123535,87.306,0.562,87.847,67.761,1
1785812654,752803223,89.837,0.599,90.414,69.245,1
1785812654,819482422,95.834,0.734,96.554,72.815,1
1785812654,886161133,90.465,0.555,90.999,61.129,1
1785812654,952839355,90.868,0.578,91.426,67.105,1
1785812655,19516846,113.981,0.558,114.52,89.771,1
1785812655,52855469,126.214,0.7,126.902,45.713,1
1785812655,119532227,98.286,0.557,98.823,38.606,1
1785812655,186208496,92.969,0.617,93.566,61.419,1
1785812655,252884033,89.159,0.621,89.762,62.871,1
1785812655,319559814,86.976,0.538,87.483,64.398,1
1785812655,386249268,88.266,0.544,88.79,67.996,1
1785812655,452938477,91.184,0.586,91.75,69.649,1
1785812655,519627197,90.196,0.536,90.713,65.652,1
1785812655,586315430,90.411,0.596,90.988,66.962,1
1785812655,653003418,90.297,0.552,90.827,66.528,1
1785812655,719691162,89.259,0.56,89.799,65.659,1
1785812655,786378174,91.268,0.547,91.797,68.685,1
1785812655,853065186,88.326,0.621,88.927,63.815,1
1785812655,919751465,93.68,0.63,94.288,72.049,1
1785812655,986437500,111.543,0.592,112.114,84.511,1
1785812656,19780518,125.485,0.57,126.034,47.265,1
1785812656,86465820,104.002,0.721,104.652,45.297,1
1785812656,119808594,119.153,0.88,120.016,48.705,1
1785812656,153150879,127.819,0.585,128.386,41.718,1
1785812656,219835693,115.666,0.662,116.304,54.603,1
1785812656,253177734,128.009,0.565,128.554,45.595,1
1785812656,319862305,113.197,0.701,113.877,52.008,1
1785812656,353204590,120.385,0.539,120.904,40.369,1
1785812656,453230713,91.871,0.691,92.542,71.665,1
1785812656,519913818,88.943,0.562,89.484,63.625,1
1785812656,586596680,88.952,0.538,89.469,66.668,1
1785812656,653279053,89.723,0.767,90.473,67.684,1
1785812656,719960693,88.068,0.644,88.772,64.904,1
1785812656,786641846,94.494,0.598,95.072,73.06,1
1785812656,853322510,90.746,0.644,91.369,62.977,1
1785812656,920002686,91.571,0.539,92.09,67.403,1
1785812656,986682129,95.485,0.797,96.265,70.849,1
1785812657,53361328,93.848,0.706,94.536,64.953,1
1785812657,120039795,89.105,0.645,89.731,61.875,1
1785812657,186717773,90.148,0.684,90.812,67.755,1
1785812657,220056641,114.498,0.842,115.324,57.845,1
1785812657,286733887,91.925,0.621,92.525,43.888,1
1785812657,353414795,90.057,0.714,90.749,64.905,1
1785812657,420098633,89.691,0.555,90.225,66.16,1
1785812657,486781982,91.248,0.588,91.817,68.272,1
1785812657,553464844,87.779,0.552,88.311,63.181,1
1785812657,620146973,90.997,0.554,91.53,69.901,1
1785812657,686828613,89.592,0.555,90.112,65.263,1
1785812657,753509766,91.647,0.6,92.226,68.794,1
1785812657,820190430,88.995,0.554,89.529,63.985,1
1785812657,886870361,91.806,0.533,92.32,69.471,1
1785812657,953550049,91.314,0.927,92.222,66.58,1
1785812658,20229004,95.906,0.781,96.786,71.124,1
1785812658,86907471,90.335,0.632,90.948,60.961,1
1785812658,153585205,90.648,0.621,91.248,66.979,1
1785812658,220262695,96.216,0.534,96.728,72.158,1
1785812658,253601074,127.331,0.551,127.861,64.471,1
1785812658,320278076,95.866,0.552,96.398,35.214,1
1785812658,386963379,91.196,0.584,91.76,62.048,1
1785812658,453648438,92.568,0.625,93.175,68.099,1
1785812658,520332764,92.095,0.559,92.634,66.144,1
1785812658,587016357,92.925,1.115,94.02,68.069,1
1785812658,653699707,88.851,0.705,89.438,62.101,1
1785812658,720382568,94.531,0.558,95.07,72.315,1
1785812658,787064697,93.961,0.569,94.509,66.121,1
1785812658,853746338,97.828,0.592,98.397,70.568,1
1785812658,920427734,92.013,0.554,92.545,60.831,1
1785812658,987108398,98.907,0.682,99.565,73.698,1
1785812659,53788330,94.536,0.616,95.131,62.248,1
1785812659,120468018,113.28,0.615,113.876,85.421,1
1785812659,153807617,130.406,0.655,131.041,50.508,1
1785812659,220486572,109.008,0.696,109.688,45.317,1
1785812659,253825684,134.29,0.72,134.996,58.648,1
1785812659,320504150,124.754,0.654,125.388,57.08,1
1785812659,387343262,98.52,0.542,99.042,40.493,1
1785812659,454183838,91.673,0.542,92.195,59.993,1
1785812659,521025635,91.308,0.558,91.846,66.493,1
1785812659,587869141,89.183,0.634,89.798,64.796,1
1785812659,654713867,87.45,0.548,87.976,65.023,1
1785812659,721560303,88.488,0.555,89.022,67.891,1
1785812659,788407959,90.357,0.528,90.864,68.69,1
1785812659,855257080,90.123,0.563,90.663,66.649,1
1785812659,922107666,93.133,0.546,93.657,69.845,1
1785812659,988959717,97.206,0.556,97.74,70.934,1
1785812660,55813232,94.691,0.59,95.262,64.376,1
1785812660,122668213,89.887,0.63,90.484,62.076,1
1785812660,189524658,91.417,0.54,91.937,68.31,1
1785812660,256382324,89.295,0.751,90.029,64.946,1
1785812660,323239990,90.634,0.569,91.183,68.015,1
1785812660,389909180,89.628,0.621,90.151,65.637,1
1785812660,456577637,89.829,0.559,90.367,66.885,1
1785812660,523245361,89.114,0.605,89.7,65.999,1
1785812660,589912109,89.512,0.567,90.044,67.013,1
1785812660,656578125,88.122,0.541,88.644,65.265,1
1785812660,723243408,88.309,0.539,88.828,66.85,1
1785812660,789907715,87.533,0.615,88.128,65.964,1
1785812660,856571289,89.054,0.54,89.572,68.107,1
1785812660,923233887,94.716,0.669,95.364,72.455,1
1785812660,989895996,95.538,0.702,96.219,67.515,1
1785812661,56557129,95.861,0.599,96.441,66.885,1
1785812661,123217285,90.944,0.646,91.57,61.789,1
1785812661,189876953,90.733,0.541,91.253,66.343,1
1785812661,256535645,89.598,0.557,90.135,65.54,1
1785812661,323194092,90.692,0.535,91.207,67.731,1
1785812661,389866455,87.716,0.535,88.231,63.697,1
1785812661,456538086,89.121,0.536,89.638,68.078,1
1785812661,523208984,90.287,0.547,90.813,67.847,1
1785812661,589878906,88.463,0.573,89.017,64.873,1
1785812661,656548340,88.388,0.564,88.933,66.585,1
1785812661,723216797,90.988,0.595,91.564,69.3,1
1785812661,789884521,91.751,0.543,92.272,67.376,1
1785812661,856551514,88.442,0.708,89.131,63.525,1
1785812661,923217773,91.701,0.653,92.334,69.87,1
1785812661,989883301,97.908,0.762,98.651,72.977,1
1785812662,23215820,130.946,0.829,131.761,66.438,1
1785812662,89880127,100.191,0.814,100.981,35.889,1
1785812662,156543701,91.203,0.544,91.743,57.414,1
1785812662,223206543,90.229,0.559,90.756,65.691,1
1785812662,289868408,92.476,0.583,93.041,68.947,1
1785812662,356534424,89.681,0.55,90.213,63.838,1
1785812662,423203125,89.218,0.634,89.75,66.206,1
1785812662,489871094,89.521,0.558,90.059,66.978,1
1785812662,556538086,89.095,0.603,89.678,66.285,1
1785812662,623204346,90.195,0.537,90.713,67.702,1
1785812662,689869873,89.93,0.64,90.552,66.504,1
1785812662,756534668,90.419,0.611,91.009,67.12,1
1785812662,823198486,97.112,0.604,97.693,73.35,1
1785812662,889861328,90.955,0.616,91.552,60.522,1
1785812662,956523682,94.7,0.559,95.238,70.349,1
1785812663,23185059,116.611,0.621,117.213,88.636,1
1785812663,56515381,122.898,0.595,123.474,39.592,1
1785812663,156505371,89.35,0.665,89.997,66.512,1
1785812663,223164307,90.35,0.556,90.886,67.549,1
1785812663,289822266,94.544,0.543,95.067,70.84,1
1785812663,356530762,95.007,0.538,95.525,67.166,1
1785812663,423290039,88.932,0.561,89.472,60.706,1
1785812663,490050781,92.204,0.584,92.767,70.056,1
1785812663,556813232,92.407,0.55,92.938,66.933,1
1785812663,623577393,91.023,0.535,91.537,65.362,1
1785812663,690342773,89.185,0.601,89.767,64.995,1
1785812663,757109863,89.691,0.614,90.284,67.283,1
1785812663,823878662,92.288,0.559,92.825,69.312,1
1785812663,890648682,93.079,0.683,93.739,67.684,1
1785812663,957420410,91.158,0.812,91.949,64.979,1
1785812664,24193848,98.631,0.569,99.18,74.006,1
1785812664,90968506,101.197,0.643,101.815,69.411,1
1785812664,157744873,94.4,0.575,94.954,59.916,1
1785812664,224522949,90.105,0.537,90.622,62.446,1
1785812664,291302490,89.832,0.551,90.363,66.52,1
1785812664,358034424,92.289,0.589,92.851,69.22,1
1785812664,391376953,109.44,0.661,110.072,50.561,1
1785812664,458061523,90.538,0.542,91.057,47.672,1
1785812664,524745361,89.37,0.604,89.953,65.581,1
1785812664,591428711,90.498,0.539,91.016,67.747,1
1785812664,658111572,90.703,0.551,91.232,66.898,1
1785812664,724793945,90.691,0.627,91.299,66.749,1
1785812664,791475830,90.924,0.659,91.565,66.949,1
1785812664,858156982,94.617,0.658,95.258,70.371,1
1785812664,924837646,104.8,0.686,105.46,76.881,1
1785812664,958177734,135.121,1.71,136.821,64.691,1
1785812665,24857666,109.617,4.001,113.653,43.469,1
1785812665,58197510,132.082,0.585,132.647,52.391,1
1785812665,124876709,101.611,0.626,102.216,36.247,1
1785812665,191555176,95.81,0.558,96.347,60.811,1
1785812665,258233398,91.798,0.557,92.335,62.667,1
1785812665,324911133,99.41,0.614,100.002,74.344,1
1785812665,391689941,96.549,0.643,97.169,63.943,1
1785812665,425113281,126.044,0.58,126.603,62.861,1
1785812665,491961426,94.591,0.562,95.119,35.364,1
1785812665,558810791,90.393,0.554,90.927,62.658,1
1785812665,625661865,87.745,0.553,88.278,64.202,1
1785812665,692514648,89.75,0.561,90.29,68.865,1
1785812665,759368652,90.081,0.75,90.814,67.375,1
1785812665,826224365,88.417,0.931,89.331,65.374,1
1785812665,893081543,91.205,0.555,91.739,69.268,1
1785812665,959940430,91.214,0.585,91.779,66.899,1
1785812666,26800781,97.787,0.598,98.362,73.443,1
1785812666,93662598,92.239,0.557,92.775,61.274,1
1785812666,160525879,87.706,0.562,88.246,62.336,1
1785812666,227390869,89.956,0.559,90.492,69.11,1
1785812666,294257324,86.242,0.631,86.852,63.226,1
1785812666,361123535,86.962,0.64,87.584,67.597,1
1785812666,427792969,89.567,0.686,90.234,69.317,1
1785812666,494461670,88.116,1.249,89.347,65.782,1
1785812666,561129639,89.844,0.543,90.366,67.691,1
1785812666,627796631,88.438,0.524,88.943,65.245,1
1785812666,694462891,89.003,0.602,89.587,67.308,1
1785812666,761128174,88.62,0.557,89.157,66.236,1
1785812666,827792969,88.314,0.592,88.885,66.394,1
1785812666,894456787,89.379,0.73,90.088,67.866,1
1785812666,961119873,101.806,0.644,102.429,79.001,1
1785812666,994450928,129.859,0.731,130.575,61.475,1
1785812667,61112793,126.622,0.562,127.165,63.256,1
1785812667,127773926,95.384,0.657,96.022,35.519,1
1785812667,194434082,89.755,0.556,90.292,60.93,1
1785812667,261093506,88.309,0.55,88.841,65.209,1
1785812667,327752197,90.826,0.536,91.341,69.16,1
1785812667,394417236,91.124,0.556,91.647,66.97,1
1785812667,461087402,91.674,0.659,92.316,67.336,1
1785812667,494422363,108.92,0.76,109.673,50.675,1
1785812667,594425537,87.707,0.613,88.298,78.648,1
1785812667,661093262,88.263,0.653,88.894,67.264,1
1785812667,727760254,87.79,0.553,88.307,66.081,1
1785812667,794426514,89.063,0.561,89.601,67.959,1
1785812667,861092041,87.759,0.545,88.281,65.346,1
1785812667,927756592,96.857,0.532,97.369,75.752,1
1785812667,994420654,103.443,0.668,104.094,73.386,1
1785812668,27752197,126.077,0.708,126.754,55.991,1
1785812668,94415039,98.435,0.603,99.017,38.928,1
1785812668,161076904,92.657,0.548,93.184,60.831,1
1785812668,227738037,88.324,0.727,89.035,62.508,1
1785812668,294398682,89.392,0.538,89.911,67.54,1
1785812668,361058838,90.873,0.547,91.401,68.151,1
1785812668,427816406,88.586,0.697,89.263,64.62,1
1785812668,494575684,88.882,0.623,89.408,66.904,1
1785812668,527955811,123.373,0.681,124.032,68.003,1
1785812668,594717041,92.296,0.657,92.932,35.661,1
1785812668,661479736,89.778,0.597,90.352,64.184,1
1785812668,728244141,90.216,0.612,90.808,67.22,1
1785812668,795009766,89.774,0.559,90.313,66.271,1
1785812668,861777100,93.103,0.69,93.77,70.22,1
1785812668,928545654,98.786,0.799,99.536,72.535,1
1785812668,995315918,113.214,0.639,113.835,81.067,1
1785812669,28701660,131.95,0.634,132.561,52.115,1
1785812669,95473877,127.379,0.963,128.327,62.528,1
1785812669,128860596,123.89,0.54,124.407,29.479,1
1785812669,229023193,91.441,0.548,91.967,67.722,1
1785812669,295800049,90.241,0.567,90.858,65.593,1
1785812669,362577637,88.609,0.558,89.146,65.14,1
1785812669,429261230,89.803,0.56,90.342,67.88,1
1785812669,495944580,91.643,0.6,92.222,68.561,1
1785812669,529285889,108.349,0.623,108.948,50.067,1
1785812669,595968262,92.008,0.635,92.622,50.359,1
1785812669,662650146,89.031,0.545,89.556,63.616,1
1785812669,729331299,89.061,0.552,89.593,66.718,1
1785812669,796011963,90.186,0.558,90.724,67.812,1
1785812669,862692139,88.759,0.603,89.341,65.298,1
1785812669,929371826,92.861,0.655,93.499,70.835,1
1785812669,996050781,103.303,0.667,103.95,77.13,1
1785812670,29390137,129.683,0.58,130.244,59.634,1
1785812670,96068359,101.815,0.871,102.67,39.095,1
1785812670,162746094,89.154,0.539,89.671,53.69,1
1785812670,262761475,90.594,0.567,91.14,101.483,1
1785812670,329437744,87.34,0.539,87.859,63.396,1
1785812670,396117920,88.211,0.628,88.821,67.641,1
1785812670,462801270,91.483,0.555,92.018,69.882,1
1785812670,529483887,94.236,0.681,94.893,69.556,1
1785812670,562825195,114.206,0.676,114.857,53.306,1
1785812670,629506836,92.318,0.6,92.9,44.724,1
1785812670,696188232,90.501,0.618,91.1,64.882,1
1785812670,762869141,89.777,0.551,90.306,65.887,1
1785812670,829549316,90.397,0.621,91.0,67.372,1
1785812670,896229004,90.772,0.648,91.403,67.082,1
1785812670,962907959,91.293,0.56,91.834,67.113,1
1785812671,29586426,100.876,0.946,101.748,76.587,1
1785812671,96264404,90.873,0.656,91.51,56.445,1
1785812671,162941895,90.074,0.535,90.603,65.759,1
1785812671,229618896,90.502,0.558,91.042,67.127,1
1785812671,296295166,88.809,0.696,89.487,65.121,1
1785812671,362971436,89.306,0.562,89.849,67.039,1
1785812671,429654785,88.596,0.533,89.11,65.945,1
1785812671,496337891,91.578,0.563,92.12,69.693,1
1785812671,563020264,95.405,0.558,95.943,70.505,1
1785812671,629702148,90.621,0.551,91.152,61.891,1
1785812671,696383545,90.525,0.543,91.047,66.577,1
1785812671,763064453,91.052,0.588,91.622,67.253,1
1785812671,829744629,92.468,0.536,92.984,68.046,1
1785812671,896424316,89.211,0.565,89.758,63.452,1
1785812671,963103271,93.567,0.555,94.102,71.023,1
1785812672,63120850,92.643,0.58,93.202,99.116,1
1785812672,129798584,92.639,0.562,93.166,66.644,1
1785812672,196475830,92.472,1.038,93.494,67.002,1
1785812672,263152344,88.233,0.546,88.757,61.943,1
1785812672,329828369,89.958,0.559,90.498,68.416,1
1785812672,396512207,91.153,0.598,91.73,67.916,1
1785812672,463202881,92.261,0.537,92.778,67.74,1
1785812672,529893066,92.115,0.584,92.68,66.591,1
1785812672,596582764,93.407,0.723,94.119,68.12,1
1785812672,629927490,108.005,0.697,108.682,47.912,1
1785812672,729960938,90.446,0.54,90.966,82.324,1
1785812672,796649170,90.158,0.565,90.701,66.423,1
1785812672,863336914,89.492,0.657,90.13,66.116,1
1785812672,930024414,94.043,0.604,94.626,71.183,1
1785812672,996711426,92.926,0.573,93.477,65.538,1
1785812673,63397705,96.789,0.589,97.358,70.567,1
1785812673,130083740,91.703,0.551,92.234,61.563,1
1785812673,196769287,93.151,0.605,93.736,68.186,1
1785812673,263454346,91.253,0.541,91.774,64.724,1
1785812673,330138916,91.724,0.603,92.305,67.215,1
1785812673,396822754,91.656,0.564,92.199,66.577,1
1785812673,463505127,89.559,0.556,90.094,64.577,1
1785812673,530187012,90.125,0.558,90.664,67.252,1
1785812673,596868408,91.885,0.623,92.487,68.505,1
1785812673,663549072,93.624,0.736,94.342,68.534,1
1785812673,730229248,92.933,0.691,93.603,65.942,1
1785812673,796908691,93.368,0.553,93.901,66.979,1
1785812673,863587646,91.347,0.54,91.868,64.645,1
1785812673,930266113,119.959,0.686,120.627,95.43,1
1785812673,963605225,155.579,0.665,156.222,68.94,1
1785812674,30282715,140.717,0.723,141.423,51.873,1
1785812674,96959717,126.661,0.584,127.224,52.485,1
1785812674,163635986,120.498,0.551,121.03,60.483,1
1785812674,196974121,122.72,0.602,123.324,35.61,1
1785812674,296987061,91.804,0.56,92.343,69.055,1
1785812674,363662109,91.08,0.539,91.598,65.929,1
1785812674,430346924,90.261,0.601,90.843,65.93,1
1785812674,497031250,91.029,0.669,91.679,67.521,1
1785812674,563714844,91.234,0.557,91.771,66.775,1
1785812674,630397949,94.655,0.63,95.265,70.178,1
1785812674,697080566,90.906,0.672,91.552,62.967,1
1785812674,763762695,95.899,0.559,96.434,71.567,1
1785812674,830444336,91.449,0.557,91.982,62.229,1
1785812674,897125244,95.495,0.675,96.142,70.84,1
1785812674,963805664,129.372,0.704,130.059,100.59,1
1785812675,30485596,125.536,0.567,126.081,62.71,1
1785812675,97165039,101.634,0.548,102.161,42.76,1
1785812675,163843750,97.739,0.538,98.258,62.776,1
1785812675,230522217,91.457,0.551,91.988,60.408,1
1785812675,297199951,94.811,0.654,95.446,70.135,1
1785812675,363877441,90.285,0.554,90.82,62.052,1
1785812675,430647217,92.271,0.541,92.792,68.742,1
1785812675,497418945,92.318,0.541,92.84,66.819,1
1785812675,564192383,90.907,0.643,91.533,65.465,1
1785812675,630967285,91.315,0.569,91.863,67.106,1
1785812675,697744141,91.886,0.55,92.414,67.329,1
1785812675,764522461,92.09,0.555,92.624,66.988,1
1785812675,831302734,91.176,0.543,91.698,65.854,1
1785812675,898084717,93.227,0.643,93.85,68.933,1
1785812675,964868164,95.578,0.543,96.1,69.035,1
1785812676,31653564,94.57,0.668,95.217,65.902,1
1785812676,98440430,91.182,0.556,91.716,63.286,1
1785812676,165229248,90.023,0.618,90.622,65.694,1
1785812676,232019531,91.695,0.537,92.213,68.382,1
1785812676,298811768,91.037,0.551,91.567,66.147,1
1785812676,365604492,90.632,0.552,91.164,66.389,1
1785812676,432302979,91.149,0.65,91.779,67.314,1
1785812676,499000977,89.851,0.617,90.449,65.367,1
1785812676,565698730,90.075,0.631,90.686,66.935,1
1785812676,632396484,90.653,0.55,91.183,67.196,1
1785812676,699093506,92.305,0.658,92.937,68.451,1
1785812676,765790527,95.2,0.536,95.715,69.476,1
1785812676,832487061,89.739,0.552,90.271,61.252,1
1785812676,899183594,90.248,0.658,90.886,67.31,1
1785812676,965879639,96.42,0.623,97.023,72.832,1
1785812677,32575195,105.189,0.634,105.802,75.476,1
1785812677,65923096,110.5,0.773,111.258,38.791,1
1785812677,132618408,92.449,0.563,92.991,48.442,1
1785812677,199313232,91.097,0.65,91.727,65.43,1
1785812677,266008057,90.224,0.638,90.842,65.81,1
1785812677,332702393,90.578,0.571,91.127,66.98,1
1785812677,399399170,92.643,0.557,93.18,68.749,1
1785812677,466097900,90.568,0.519,91.068,64.587,1
1785812677,532796387,90.116,0.706,90.803,66.431,1
1785812677,599494629,90.62,0.557,91.156,67.053,1
1785812677,666192627,91.366,0.548,91.881,67.424,1
1785812677,732890381,91.427,0.586,91.991,66.807,1
1785812677,799587646,95.112,0.54,95.632,70.338,1
1785812677,866284912,91.165,0.611,91.757,62.823,1
1785812677,932981689,96.747,0.578,97.305,72.243,1
1785812678,33026611,94.304,0.674,94.957,97.699,1
1785812678,99722656,90.25,0.621,90.852,62.591,1
1785812678,166418701,91.741,0.531,92.254,68.099,1
1785812678,233114258,92.758,0.543,93.28,67.722,1
1785812678,299809570,91.918,0.548,92.446,65.861,1
1785812678,366504883,91.866,0.527,92.374,66.624,1
1785812678,433203613,90.183,0.552,90.715,65.039,1
1785812678,499902100,90.957,0.552,91.489,67.472,1
1785812678,566600098,90.718,0.597,91.295,66.505,1
1785812678,633298096,91.643,0.553,92.177,67.579,1
1785812678,699995605,91.744,0.993,92.718,67.238,1
1785812678,766692871,93.251,0.6,93.83,67.809,1
1785812678,833389648,90.028,0.558,90.566,63.434,1
1785812678,900086426,90.599,0.707,91.287,67.415,1
1785812678,966782715,130.341,0.602,130.922,106.333,1
1785812679,130859,120.074,0.651,120.695,23.121,1
1785812679,66826904,122.541,0.642,123.155,69.156,1
1785812679,100174561,140.51,0.666,141.158,51.342,1
1785812679,166870117,119.106,0.646,119.727,45.271,1
1785812679,233565430,98.143,0.517,98.641,45.613,1
1785812679,300260254,104.51,0.792,105.332,73.331,1
1785812679,333607666,111.4,0.631,112.012,40.08,1
1785812679,400380371,97.482,0.644,98.106,52.868,1
1785812679,467232422,95.113,0.545,95.634,64.38,1
1785812679,534086182,90.065,0.638,90.683,61.9,1
1785812679,600941406,89.96,0.555,90.493,66.667,1
1785812679,667798340,89.863,0.549,90.389,66.754,1
1785812679,734656982,92.776,0.539,93.294,69.763,1
1785812679,801517334,92.388,0.748,93.119,66.681,1
1785812679,868379395,91.311,0.547,91.912,65.583,1
1785812679,935242920,114.912,0.715,115.607,90.634,1
1785812679,968675537,128.479,3.007,131.483,49.293,1
1785812680,35541504,126.997,0.639,127.614,63.014,1
1785812680,102409424,118.713,0.868,119.437,58.686,1
1785812680,135843994,127.281,0.644,127.902,41.907,1
1785812680,202714111,95.924,0.537,96.439,35.407,1
1785812680,269586182,90.32,0.705,91.005,61.436,1
1785812680,336459717,90.267,0.516,90.87,66.634,1
1785812680,403315430,91.781,0.644,92.32,68.413,1
1785812680,470156494,89.242,0.543,89.763,64.283,1
1785812680,536999268,90.665,0.544,91.184,68.264,1
1785812680,603843262,94.492,0.629,95.101,70.76,1
1785812680,670688965,91.37,0.598,91.948,63.693,1
1785812680,737535889,89.254,0.574,89.808,64.704,1
1785812680,804384521,93.642,0.667,94.288,71.331,1
1785812680,871234375,88.382,0.541,88.901,61.464,1
1785812680,938085938,89.15,0.789,89.921,67.867,1
1785812681,4938721,110.768,0.628,111.378,88.312,1
1785812681,38365723,125.827,0.734,126.541,48.59,1
1785812681,105220703,94.706,0.633,95.318,35.632,1
1785812681,172077148,90.532,0.543,91.055,62.595,1
1785812681,238935303,89.789,0.543,90.313,66.116,1
1785812681,305794678,91.195,0.577,91.75,68.296,1
1785812681,372653809,89.245,0.555,89.777,64.886,1
1785812681,439411377,88.888,0.552,89.419,66.399,1
1785812681,506170166,89.14,0.554,89.674,67.014,1
1785812681,572930664,88.37,0.567,88.916,66.003,1
1785812681,639692627,85.481,0.579,86.039,63.885,1
1785812681,706456055,87.875,0.585,88.439,69.164,1
1785812681,773220947,102.044,0.841,102.868,81.186,1
1785812681,806604004,106.369,0.75,107.088,37.603,1
1785812681,873371338,89.354,0.571,89.905,49.59,1
1785812681,940140137,90.528,0.567,91.074,67.939,1
1785812682,6910400,90.96,0.543,91.483,67.179,1
1785812682,73682129,87.282,0.519,87.782,63.072,1
1785812682,140455566,88.442,0.519,88.942,67.933,1
1785812682,207230469,85.776,0.819,86.581,64.409,1
1785812682,274006836,86.694,0.54,87.213,67.413,1
1785812682,340784912,87.322,0.546,87.849,67.414,1
1785812682,407515625,87.123,0.622,87.725,66.606,1
1785812682,474198730,85.537,0.544,86.06,65.018,1
1785812682,540881348,85.191,0.578,85.747,66.369,1
1785812682,607563477,85.273,0.538,85.787,66.723,1
1785812682,674244873,86.409,0.54,86.928,67.822,1
1785812682,740925781,88.99,0.554,89.521,69.274,1
1785812682,807606201,88.562,0.561,89.101,66.261,1
1785812682,874285889,85.931,0.684,86.595,64.171,1
1785812682,940965332,91.091,0.659,91.727,71.812,1
1785812683,7643799,92.133,0.554,92.663,67.615,1
1785812683,74322021,91.015,0.562,91.554,65.57,1
1785812683,140999512,86.738,0.545,87.26,62.383,1
1785812683,207676514,89.143,0.569,89.695,69.109,1
1785812683,274353027,87.328,0.782,88.093,65.076,1
1785812683,341029053,89.49,0.557,90.027,68.612,1
1785812683,407708984,87.525,0.598,88.104,64.757,1
1785812683,474391846,86.756,0.545,87.28,65.859,1
1785812683,541074219,85.143,0.549,85.672,65.074,1
1785812683,607755859,86.231,0.549,86.758,67.767,1
1785812683,674437012,89.354,0.615,89.95,69.873,1
1785812683,741117432,86.967,0.559,87.506,64.237,1
1785812683,807797607,89.403,0.566,89.948,69.122,1
1785812683,874477051,88.287,0.686,88.955,65.685,1
1785812683,941155762,92.714,0.592,93.282,71.007,1
1785812684,7834229,103.535,3.197,106.651,80.02,1
1785812684,41173096,157.255,0.769,158.011,84.715,1
1785812684,141189209,101.76,0.783,102.525,44.53,1
1785812684,174527588,125.501,0.753,126.234,57.056,1
1785812684,241203857,92.264,0.532,92.837,33.221,1
1785812684,307879639,88.957,0.544,89.48,63.378,1
1785812684,374555664,87.323,0.55,87.853,65.049,1
1785812684,441241943,86.489,0.534,87.004,65.837,1
1785812684,507927734,89.083,0.563,89.624,69.306,1
1785812684,574613037,85.471,0.556,86.006,63.068,1
1785812684,641297852,85.209,0.628,85.817,66.496,1
1785812684,707982422,89.565,0.54,90.083,70.95,1
1785812684,774666260,89.6,0.664,90.24,66.838,1
1785812684,841349365,88.705,0.561,89.247,65.692,1
1785812684,908032227,86.966,0.691,87.641,65.073,1
1785812684,974714600,94.501,0.603,95.081,74.128,1
1785812685,41396484,91.257,0.524,91.761,63.362,1
1785812685,108077881,88.012,0.559,88.55,63.47,1
1785812685,174758789,87.984,0.522,88.483,66.615,1
1785812685,241439209,86.602,0.586,87.166,65.362,1
1785812685,308118896,89.602,0.545,90.127,69.641,1
1785812685,374798828,90.627,0.542,91.149,67.702,1
1785812685,441581299,90.322,0.567,90.869,66.502,1
1785812685,508420410,85.822,0.558,86.36,62.331,1
1785812685,575260742,87.354,0.598,87.934,68.412,1
1785812685,642102783,86.423,0.695,87.099,66.007,1
1785812685,708946045,89.033,0.557,89.571,69.316,1
1785812685,775791016,92.223,0.62,92.824,70.098,1
1785812685,842637207,86.356,0.625,86.961,60.983,1
1785812685,909484863,89.471,0.85,90.308,70.184,1
1785812685,942909180,106.781,0.67,107.341,50.467,1
1785812686,9759033,124.2,0.566,124.744,84.255,1
1785812686,76610352,96.922,0.765,97.691,39.769,1
1785812686,143462891,87.478,0.661,88.192,57.31,1
1785812686,210317139,88.785,0.569,89.335,68.069,1
1785812686,277172607,86.098,0.561,86.638,64.159,1
1785812686,344029541,88.154,0.553,88.686,68.905,1
1785812686,410886475,84.837,0.543,85.36,63.53,1
1785812686,477554688,86.466,0.597,87.043,68.352,1
1785812686,544222168,89.827,0.594,90.401,70.025,1
1785812686,610888672,84.898,0.604,85.482,61.747,1
1785812686,677554443,88.251,0.586,88.817,70.001,1
1785812686,744219482,87.307,0.625,87.913,65.76,1
1785812686,810883545,89.078,0.533,89.591,68.343,1
1785812686,877546875,87.246,0.686,87.912,64.983,1
1785812686,944209229,114.677,0.951,115.608,94.351,1
1785812686,977540283,134.36,0.837,135.169,52.898,1
1785812687,44201416,122.598,0.651,123.299,54.721,1
1785812687,110861816,91.405,0.647,92.033,35.467,1
1785812687,177521484,87.887,0.563,88.42,63.046,1
1785812687,244180420,90.85,0.558,91.388,69.628,1
1785812687,310838379,89.521,0.551,90.051,65.322,1
1785812687,377495361,86.36,0.538,86.879,63.484,1
1785812687,444159180,88.752,0.557,89.289,69.073,1
1785812687,510827393,86.17,0.547,86.71,64.077,1
1785812687,577495117,87.136,0.543,87.659,67.63,1
1785812687,644161865,86.3,0.555,86.835,65.843,1
1785812687,710827637,86.809,0.542,87.331,67.162,1
1785812687,777492920,96.862,0.634,97.475,76.806,1
1785812687,810825195,109.5,0.911,110.395,46.244,1
1785812687,877489014,89.939,0.772,90.692,46.97,1
1785812687,944152100,116.481,0.616,117.076,93.047,1
1785812687,977483398,147.366,0.603,147.952,64.205,1
1785812688,44145264,127.123,0.569,127.671,46.385,1
1785812688,110806396,109.058,2.537,111.613,50.564,1
1785812688,177466553,87.979,0.542,88.499,43.585,1
1785812688,244125977,87.749,0.535,88.264,66.425,1
1785812688,310784668,86.385,0.729,87.094,65.487,1
1785812688,377442383,87.881,0.555,88.412,67.977,1
1785812688,444115967,86.159,0.549,86.688,64.95,1
1785812688,510789063,87.587,0.599,88.167,68.15,1
1785812688,577461426,87.546,0.553,88.078,66.585,1
1785812688,644132813,89.317,0.555,89.85,68.443,1
1785812688,710803711,87.996,0.545,88.52,65.341,1
1785812688,777473877,91.124,0.61,91.715,69.865,1
1785812688,844143311,87.026,0.557,87.564,62.518,1
1785812688,910812256,89.09,0.546,89.617,68.722,1
1785812688,977480225,113.477,0.631,114.091,91.138,1
1785812689,44147461,124.124,0.575,124.679,77.258,1
1785812689,77480957,138.395,1.873,140.26,48.89,1
1785812689,110814209,141.28,0.62,141.874,34.971,1
1785812689,210812988,92.759,0.545,93.279,51.405,1
1785812689,277477783,91.01,0.535,91.526,64.911,1
1785812689,344142090,93.315,0.627,93.922,69.061,1
1785812689,410834717,89.844,0.622,90.49,63.216,1
1785812689,477668213,90.193,0.682,90.855,67.242,1
1785812689,544502930,86.506,0.558,87.046,63.026,1
1785812689,611339111,87.076,0.557,87.599,67.39,1
1785812689,678176514,87.077,0.634,87.689,66.927,1
1785812689,745015137,87.219,0.55,87.749,66.899,1
1785812689,811855225,90.663,0.716,91.36,70.45,1
1785812689,878696533,90.75,0.616,91.345,66.826,1
1785812689,945539063,86.923,0.578,87.481,62.978,1
1785812690,12383057,119.656,0.709,120.348,99.707,1
1785812690,45805420,133.437,0.771,134.195,47.263,1
1785812690,112651367,115.086,0.623,115.689,48.347,1
1785812690,146074707,119.201,0.638,119.819,37.557,1
1785812690,246346924,88.676,0.562,89.217,69.67,1
1785812690,313196777,88.67,0.538,89.189,66.822,1
1785812690,380047607,88.386,0.54,88.906,66.568,1
1785812690,446799316,88.651,0.538,89.171,67.016,1
1785812690,513452637,88.44,0.565,88.986,66.469,1
1785812690,580104736,88.949,0.551,89.48,67.146,1
1785812690,646755859,88.976,0.541,89.497,66.668,1
1785812690,713406006,87.364,0.566,87.909,65.061,1
1785812690,780055176,88.611,0.537,89.128,67.869,1
1785812690,846703125,85.376,0.566,85.922,63.442,1
1785812690,913349854,86.437,0.6,86.978,67.703,1
1785812690,979995850,91.872,0.681,92.55,72.199,1
1785812691,46640625,109.271,0.572,109.822,83.935,1
1785812691,79962646,129.354,0.789,130.115,53.613,1
1785812691,179926758,89.698,0.591,90.268,60.118,1
1785812691,246568359,90.164,0.605,90.749,67.124,1
1785812691,313208984,86.959,0.555,87.495,63.388,1
1785812691,379848389,87.096,0.538,87.615,66.76,1
1785812691,446575195,91.335,0.539,91.854,70.966,1
1785812691,513388672,85.8,0.584,86.365,61.324,1
1785812691,580203369,85.778,0.608,86.367,66.815,1
1785812691,647019043,86.784,0.547,87.312,67.761,1
1785812691,713835449,89.456,0.555,89.99,69.495,1
1785812691,780653076,85.724,0.55,86.255,63.083,1
1785812691,814062256,106.499,0.842,107.294,54.433,1
1785812691,880881104,89.174,0.556,89.71,49.249,1
1785812691,947701172,88.65,0.554,89.184,66.295,1
1785812692,14522217,111.68,0.598,112.257,89.892,1
1785812692,47932861,127.249,0.624,127.851,49.006,1
1785812692,114755371,110.154,0.929,111.076,50.029,1
1785812692,148166992,124.67,0.799,125.455,47.802,1
1785812692,214990723,119.815,0.667,120.461,61.837,1
1785812692,281815674,91.554,0.549,92.084,38.448,1
1785812692,348641357,86.768,0.545,87.293,62.035,1
1785812692,448864014,84.462,0.545,84.988,97.916,1
1785812692,515658936,85.89,0.553,86.41,68.218,1
1785812692,582454346,85.39,0.558,85.928,66.314,1
1785812692,649250488,86.326,0.776,87.084,67.947,1
1785812692,716047363,87.397,0.63,88.009,67.725,1
1785812692,782844727,92.884,0.644,93.51,72.298,1
1785812692,816243652,113.538,0.662,114.18,54.066,1
1785812692,849642822,128.057,0.695,128.733,47.957,1
1785812692,916441406,98.876,0.809,99.642,37.7,1
1785812692,983240967,104.177,0.817,104.973,72.136,1
1785812693,16640869,128.767,0.644,129.393,57.82,1
1785812693,83441162,111.068,0.642,111.691,49.1,1
1785812693,116841553,123.826,0.591,124.396,46.103,1
1785812693,183643066,110.194,0.689,110.857,53.261,1
1785812693,217043945,127.944,0.654,128.573,51.118,1
1785812693,283846191,98.407,0.893,99.279,37.5,1
1785812693,350649170,88.373,0.553,88.906,56.44,1
1785812693,417451904,84.504,0.554,85.038,62.935,1
1785812693,484074951,86.553,0.536,87.068,68.653,1
1785812693,550696533,86.832,0.548,87.359,66.913,1
1785812693,617316162,85.095,0.564,85.623,64.883,1
1785812693,683934326,84.443,0.564,84.984,65.979,1
1785812693,750551025,85.605,0.575,86.159,67.791,1
1785812693,817166016,86.86,0.556,87.396,67.852,1
1785812693,883779297,87.343,0.594,87.917,67.135,1
1785812693,950390869,84.647,0.746,85.274,63.967,1
1785812694,17000977,96.017,3.259,99.319,80.59,1
1785812694,83609375,114.496,0.737,115.15,82.503,1
1785812694,116913086,156.87,2.838,159.684,77.835,1
1785812694,216821289,109.887,0.64,110.511,50.736,1
1785812694,250123291,123.719,0.654,124.354,47.149,1
1785812694,350026855,90.185,0.567,90.729,66.279,1
1785812694,416628662,85.365,0.605,85.951,61.824,1
1785812694,483252686,87.837,0.577,88.39,69.063,1
1785812694,549874756,88.106,0.551,88.637,66.869,1
1785812694,616495361,86.002,0.572,86.55,64.534,1
1785812694,683114502,86.242,0.542,86.762,66.831,1
1785812694,749731934,88.71,0.56,89.234,69.089,1
1785812694,816347656,87.471,0.531,87.983,65.365,1
1785812694,882961914,87.887,0.562,88.428,67.059,1
1785812694,949574463,93.192,0.54,93.709,71.894,1
1785812695,16185547,109.181,0.674,109.831,82.728,1
1785812695,82794922,90.776,0.588,91.303,48.086,1
1785812695,149402832,88.021,0.599,88.602,63.905,1
1785812695,216009033,87.745,0.577,88.299,66.304,1
1785812695,282613525,86.816,0.562,87.359,65.665,1
1785812695,349216553,89.635,0.544,90.158,69.403,1
1785812695,415819092,86.998,0.542,87.52,63.964,1
1785812695,482528809,88.095,0.535,88.61,67.8,1
1785812695,549239258,86.959,0.898,87.837,65.937,1
1785812695,615950439,90.138,0.551,90.668,69.543,1
1785812695,682662109,87.603,0.557,88.14,64.183,1
1785812695,749374268,86.395,0.538,86.912,65.483,1
1785812695,816087158,86.967,0.566,87.51,67.311,1
1785812695,882800781,90.35,0.661,90.935,70.136,1
1785812695,949515137,88.713,0.66,89.355,65.136,1
1785812696,16229980,109.601,0.637,110.22,87.574,1
1785812696,49587646,125.972,1.031,126.988,50.121,1
1785812696,116303223,104.583,1.174,105.621,45.333,1
1785812696,183019775,94.599,0.603,95.183,56.304,1
1785812696,249736816,87.584,0.608,88.171,59.705,1
1785812696,316454590,88.925,0.609,89.515,68.063,1
1785812696,383172852,89.804,0.57,90.354,67.557,1
1785812696,449898926,88.771,0.625,89.393,65.748,1
1785812696,516633301,87.416,0.558,87.951,65.31,1
1785812696,583368652,89.749,0.566,90.295,69.079,1
1785812696,650105225,87.394,0.538,87.91,64.351,1
1785812696,716842529,88.588,0.676,89.244,68.07,1
1785812696,783581055,89.363,0.559,89.902,67.398,1
1785812696,850320801,88.449,0.62,89.051,65.888,1
1785812696,917061279,86.809,0.669,87.456,65.146,1
1785812696,983802979,92.99,0.603,93.572,72.856,1
1785812697,50545654,97.765,0.759,98.478,71.647,1
1785812697,117289307,87.831,0.56,88.37,56.64,1
1785812697,184034180,89.966,0.737,90.684,69.058,1
1785812697,250780029,91.25,0.613,91.842,67.905,1
1785812697,317526855,86.554,0.64,87.175,62.079,1
1785812697,384274658,86.163,0.555,86.684,66.257,1
1785812697,450975098,87.025,0.556,87.56,67.576,1
1785812697,517626709,87.709,0.595,88.285,67.376,1
1785812697,584277100,86.814,0.904,87.7,66.064,1
1785812697,650926514,87.089,0.557,87.627,66.577,1
1785812697,717574951,87.208,0.538,87.727,66.748,1
1785812697,784222168,86.683,0.606,87.269,66.19,1
1785812697,850868164,87.599,0.535,88.114,67.491,1
1785812697,917513184,88.486,0.549,89.015,67.547,1
1785812697,984157227,95.762,3.639,99.924,77.006,1
1785812698,50800049,111.309,0.699,111.988,79.25,1
1785812698,84120850,126.437,0.627,127.043,48.378,1
1785812698,150761963,112.369,0.811,113.152,52.743,1
1785812698,184082275,122.741,0.675,123.396,43.566,1
1785812698,250721680,103.033,0.654,103.661,46.907,1
1785812698,284041016,125.555,0.559,126.089,55.751,1
1785812698,350678955,93.476,0.572,94.025,34.573,1
1785812698,417316406,89.146,0.535,89.66,62.273,1
1785812698,483970947,87.231,0.557,87.768,64.762,1
1785812698,550624268,87.526,0.56,88.063,66.949,1
1785812698,617276611,89.755,0.731,90.463,69.05,1
1785812698,683927734,88.248,0.684,88.91,65.1,1
1785812698,750577881,88.919,0.623,89.522,67.262,1
1785812698,817227051,88.294,0.631,88.905,66.032,1
1785812698,883875000,89.042,0.556,89.576,67.318,1
1785812698,950521729,102.228,0.871,103.076,80.099,1
1785812699,17167725,123.097,0.781,123.856,87.469,1
1785812699,83812256,116.128,0.778,116.886,59.67,1
1785812699,117134277,135.39,0.874,136.242,52.682,1
1785812699,150456055,156.705,3.072,159.754,56.834,1
1785812699,250419434,115.833,0.841,116.657,56.864,1
1785812699,283739990,121.911,0.725,122.507,39.177,1
1785812699,350380371,99.404,1.355,100.754,44.868,1
1785812699,417020508,91.585,1.019,92.583,58.488,1
1785812699,483677734,89.093,0.588,89.658,63.734,1
1785812699,550333740,89.549,0.551,90.08,67.078,1
1785812699,616989014,88.57,0.605,89.155,65.73,1
1785812699,683643066,89.098,0.666,89.687,67.184,1
1785812699,750295898,89.731,0.556,90.267,67.235,1
1785812699,816947754,88.875,0.545,89.399,65.783,1
1785812699,883598633,90.636,0.635,91.253,68.502,1
1785812699,950248535,92.476,0.539,92.995,68.396,1
1785812700,16897217,112.15,0.763,112.902,86.542,1
1785812700,50221191,128.294,0.616,128.888,49.324,1
1785812700,83544922,140.116,1.25,141.37,45.767,1
1785812700,150191650,126.249,0.561,126.775,52.09,1
1785812700,216837402,98.863,0.614,99.454,39.323,1
1785812700,283481934,93.14,0.58,93.7,60.892,1
1785812700,350125488,91.673,0.546,92.199,65.143,1
1785812700,416768555,91.255,0.538,91.772,66.217,1
1785812700,483423828,91.223,0.592,91.796,66.678,1
1785812700,550077881,89.36,0.563,89.967,64.761,1
1785812700,616730957,93.471,0.656,94.107,70.856,1
1785812700,683383057,90.606,0.536,91.122,63.669,1
1785812700,750033936,93.24,0.557,93.778,69.307,1
1785812700,816683838,90.368,0.554,90.902,63.774,1
1785812700,883332764,96.909,0.566,97.456,73.203,1
1785812700,949980469,93.972,0.575,94.527,63.719,1
1785812701,16626953,105.978,1.029,106.993,79.098,1
1785812701,83272705,93.661,0.559,94.201,53.868,1
1785812701,149917236,93.267,0.716,93.962,66.404,1
1785812701,216560791,90.829,0.555,91.365,64.049,1
1785812701,283203125,96.636,0.544,97.158,72.435,1
1785812701,349844482,94.813,0.616,95.399,64.882,1
1785812701,383164551,108.4,3.004,111.483,49.299,1
1785812701,449830322,93.991,0.541,94.51,49.798,1
1785812701,516722656,91.67,0.558,92.207,64.589,1
1785812701,583618164,91.585,0.551,92.117,66.804,1
1785812701,650516846,90.34,0.612,90.863,65.645,1
1785812701,717418701,90.939,0.555,91.473,67.512,1
1785812701,784323486,90.798,0.568,91.347,66.778,1
1785812701,851231445,91.24,0.652,91.826,67.388,1
1785812701,918142578,92.394,0.594,92.97,68.051,1
1785812701,985056885,94.176,0.65,94.808,68.754,1
1785812702,51974121,118.001,0.959,118.947,91.045,1
1785812702,85433838,132.557,0.618,133.152,47.677,1
1785812702,152355957,126.086,0.87,126.939,60.698,1
1785812702,219281006,99.69,0.929,100.602,40.592,1
1785812702,286209229,90.337,0.536,90.838,57.171,1
1785812702,353140625,89.092,0.593,89.667,65.759,1
1785812702,420074951,89.528,0.608,90.116,67.385,1
1785812702,486866211,87.12,0.536,87.636,64.312,1
1785812702,553516602,89.032,0.556,89.553,68.566,1
1785812702,620166016,89.019,0.522,89.524,66.621,1
1785812702,686813965,91.61,0.625,92.201,69.324,1
1785812702,753460938,90.832,0.585,91.399,65.845,1
1785812702,820106934,87.715,0.606,88.302,63.549,1
1785812702,886751465,95.902,0.618,96.499,74.842,1
1785812702,953395264,91.622,1.489,93.092,63.232,1
1785812703,20037598,105.764,1.869,107.649,81.164,1
1785812703,53358398,128.524,0.727,129.23,54.933,1
1785812703,119999268,113.067,0.569,113.617,51.037,1
1785812703,153319092,124.764,0.725,125.471,45.173,1
1785812703,219958252,104.092,1.305,105.397,46.535,1
1785812703,253277344,127.707,0.631,128.321,56.273,1
1785812703,319914795,101.769,0.654,102.378,40.674,1
1785812703,386551025,95.946,0.536,96.461,60.742,1
1785812703,453187012,90.914,0.722,91.523,61.696,1
1785812703,486513428,116.223,0.712,116.918,58.719,1
1785812703,519839355,133.051,0.908,133.941,50.346,1
1785812703,586490723,118.611,0.723,119.315,52.026,1
1785812703,619815918,128.568,0.511,129.061,43.078,1
1785812703,719789795,91.056,0.644,91.679,62.591,1
1785812703,786437744,90.457,0.584,91.021,65.99,1
1785812703,853084717,88.765,0.609,89.357,64.981,1
1785812703,919730469,96.258,0.649,96.887,74.177,1
1785812703,986375000,97.871,0.684,98.537,68.293,1
1785812704,53018555,103.714,0.716,104.41,72.516,1
1785812704,86339844,129.505,0.715,130.199,59.109,1
1785812704,152981689,114.379,0.567,114.924,51.37,1
1785812704,219622559,93.647,0.605,94.186,45.903,1
1785812704,286262207,92.494,0.535,93.028,65.464,1
1785812704,352900635,90.551,0.538,91.068,64.697,1
1785812704,419538086,94.967,0.531,95.479,71.049,1
1785812704,486183350,93.193,0.544,93.717,64.882,1
1785812704,552835449,90.871,0.638,91.49,64.426,1
1785812704,619486328,90.351,0.557,90.888,66.049,1
1785812704,686136230,90.504,0.535,91.019,66.781,1
1785812704,752784912,93.162,0.682,93.827,69.454,1
1785812704,819432373,91.13,0.539,91.649,64.472,1
1785812704,886079102,94.851,0.553,95.383,70.38,1
1785812704,952724365,94.769,0.655,95.334,66.596,1
1785812705,19368652,101.99,0.817,102.785,74.091,1
1785812705,86011963,95.681,0.534,96.194,60.058,1
1785812705,152654297,91.77,0.552,92.288,62.735,1
1785812705,219295166,90.352,0.547,90.878,65.232,1
1785812705,285935303,91.184,0.547,91.71,67.472,1
1785812705,352574219,90.549,0.688,91.218,66.146,1
1785812705,419211914,91.894,0.552,92.426,67.847,1
1785812705,485978027,94.1,0.575,94.656,68.995,1
1785812705,552874268,94.62,0.623,95.223,67.463,1
1785812705,619773926,91.666,0.537,92.183,63.86,1
1785812705,686676514,90.859,0.535,91.372,66.092,1
1785812705,753582520,90.784,0.548,91.307,66.841,1
1785812705,820491699,89.244,0.541,89.763,65.365,1
1785812705,887404053,90.506,0.552,91.036,68.185,1
1785812705,954319824,92.99,0.632,93.596,69.475,1
1785812706,21238525,102.053,0.674,102.705,76.026,1
1785812706,88160645,92.752,0.544,93.278,57.498,1
1785812706,155085938,92.301,0.583,92.863,66.511,1
1785812706,222014404,91.678,0.646,92.307,66.37,1
1785812706,288946045,88.289,0.68,88.951,63.577,1
1785812706,355881104,88.594,0.545,89.118,67.102,1
1785812706,422819336,88.511,0.54,89.03,66.85,1
1785812706,489613037,90.889,0.654,91.523,69.286,1
1785812706,556264648,90.662,0.541,91.182,66.311,1
1785812706,622915527,89.296,0.558,89.83,65.3,1
1785812706,689564941,91.325,0.56,91.864,68.683,1
1785812706,756213379,89.291,0.657,89.819,64.604,1
1785812706,822860840,88.53,0.631,89.135,65.964,1
1785812706,889507080,92.99,0.556,93.523,71.033,1
1785812706,956152100,91.393,0.539,91.909,65.032,1
1785812707,22796143,98.571,0.621,99.173,73.905,1
1785812707,89439209,95.748,0.553,96.279,63.752,1
1785812707,156080811,90.447,0.552,90.974,61.336,1
1785812707,222721680,89.803,0.574,90.352,66.019,1
1785812707,289361084,92.443,0.606,93.03,69.318,1
1785812707,355999756,88.307,0.554,88.841,62.45,1
1785812707,422636963,88.933,0.59,89.461,67.258,1
1785812707,489325928,91.107,0.549,91.636,68.863,1
1785812707,556066406,90.267,0.581,90.828,65.932,1
1785812707,622807861,91.711,0.591,92.282,68.196,1
1785812707,689550781,89.898,0.552,90.428,64.889,1
1785812707,756294922,88.218,0.561,88.759,65.076,1
1785812707,823040039,89.102,0.567,89.649,67.635,1
1785812707,889786377,89.182,0.545,89.707,66.805,1
1785812707,956534180,120.872,0.615,121.468,98.506,1
1785812707,989908447,123.933,1.928,125.851,37.743,1
1785812708,23282959,145.348,0.73,146.059,53.599,1
1785812708,90032959,126.479,0.548,127.006,47.698,1
1785812708,156784180,97.294,0.703,97.981,37.721,1
1785812708,223536621,90.064,0.531,90.576,59.352,1
1785812708,290290283,89.155,0.656,89.792,65.969,1
1785812708,357045166,88.436,0.621,89.036,66.0,1
1785812708,423801270,89.094,0.552,89.626,67.345,1
1785812708,490555908,89.419,0.55,89.949,67.079,1
1785812708,557310059,90.001,0.638,90.619,67.422,1
1785812708,624065674,90.964,0.55,91.494,67.633,1
1785812708,690822754,89.583,0.604,90.168,65.43,1
1785812708,757581299,90.803,0.556,91.34,67.931,1
1785812708,824341309,90.525,0.538,91.044,66.464,1
1785812708,891102783,95.185,0.547,95.713,71.43,1
1785812708,957865479,92.924,0.637,93.542,64.586,1
1785812709,24629639,97.999,0.587,98.563,71.791,1
1785812709,91395508,100.469,0.704,101.153,69.35,1
1785812709,158162598,97.507,0.635,98.116,63.733,1
1785812709,224931152,90.212,0.552,90.744,59.399,1
1785812709,291701172,88.408,0.55,88.939,64.965,1
1785812709,358472412,88.56,0.687,89.23,67.06,1
1785812709,425245361,89.131,0.609,89.72,67.263,1
1785812709,491973145,88.221,0.603,88.807,65.812,1
1785812709,558655518,91.281,0.573,91.934,69.712,1
1785812709,625337402,87.179,0.548,87.707,62.556,1
1785812709,692018555,87.802,0.592,88.376,67.349,1
1785812709,758699219,88.503,0.615,89.1,67.405,1
1785812709,825379395,92.087,0.552,92.619,70.199,1
1785812709,892059082,93.752,0.537,94.27,68.331,1
1785812709,958738037,91.408,0.552,91.942,64.35,1
1785812710,25416504,95.036,0.593,95.607,70.344,1
1785812710,92094238,92.783,0.536,93.299,64.37,1
1785812710,158771484,90.653,0.599,91.232,64.609,1
1785812710,258786377,92.37,0.648,92.999,101.781,1
1785812710,325462402,90.306,0.562,90.845,64.522,1
1785812710,392137695,88.96,0.567,89.504,65.335,1
1785812710,458812988,88.54,0.568,89.085,66.257,1
1785812710,525496582,90.282,0.597,90.858,68.457,1
1785812710,592179688,88.325,0.68,88.987,64.811,1
1785812710,658862305,90.481,0.564,91.021,68.718,1
1785812710,725544434,90.697,0.592,91.269,66.93,1
1785812710,792225830,88.071,0.635,88.683,64.095,1
1785812710,858906738,88.347,0.734,89.063,67.06,1
1785812710,925587158,90.866,0.555,91.4,69.018,1
1785812710,992267090,99.671,0.72,100.371,75.65,1
1785812711,25606689,140.81,1.153,141.942,74.897,1
1785812711,58946289,143.779,0.576,144.352,35.744,1
1785812711,158964111,92.513,0.596,93.04,48.726,1
1785812711,225642090,89.716,0.552,90.249,63.888,1
1785812711,292319336,90.567,0.577,91.126,67.553,1
1785812711,392334229,89.992,0.557,90.529,99.419,1
1785812711,459010742,89.235,0.552,89.769,65.916,1
1785812711,525695068,89.034,0.536,89.547,66.464,1
1785812711,592378906,91.147,0.571,91.699,68.834,1
1785812711,659062012,91.168,0.557,91.704,66.69,1
1785812711,725744873,87.855,0.543,88.378,63.356,1
1785812711,792427002,89.249,0.6,89.827,68.131,1
1785812711,859108643,89.659,0.542,90.178,67.033,1
1785812711,925789795,94.82,0.536,95.337,71.84,1
1785812711,992470459,101.187,0.589,101.757,73.1,1
1785812712,25810547,126.664,0.57,127.213,58.797,1
1785812712,92490234,96.555,0.564,97.1,36.567,1
1785812712,159169434,91.135,0.64,91.754,61.334,1
1785812712,225848145,90.786,0.526,91.294,66.218,1
1785812712,292526367,92.417,0.552,92.949,68.334,1
1785812712,359204102,88.883,0.671,89.495,63.221,1
1785812712,425881348,89.346,0.568,89.893,67.077,1
1785812712,492564453,89.962,0.54,90.481,67.272,1
1785812712,559252930,89.289,0.538,89.807,66.014,1
1785812712,625941162,94.314,0.552,94.846,71.727,1
1785812712,692628662,90.017,0.544,90.54,62.382,1
1785812712,759315918,89.566,0.573,90.119,66.265,1
1785812712,826002930,90.562,0.561,91.102,67.67,1
1785812712,892689209,96.691,0.553,97.224,72.81,1
1785812712,959375244,95.773,0.691,96.439,65.896,1
1785812713,26060791,99.395,0.67,100.04,70.287,1
1785812713,92745850,92.591,0.564,93.132,59.781,1
1785812713,159430664,91.335,0.607,91.921,65.474,1
1785812713,226114990,91.049,0.554,91.583,66.346,1
1785812713,292798828,89.42,0.572,89.973,65.074,1
1785812713,359482422,92.271,0.541,92.792,69.503,1
1785812713,426165283,92.193,0.543,92.716,66.607,1
1785812713,492849365,92.419,0.564,92.961,66.93,1
1785812713,592875000,89.801,0.558,90.338,97.402,1
1785812713,659558350,91.315,0.573,91.87,68.212,1
1785812713,726240967,89.57,0.665,90.217,65.031,1
1785812713,792923096,91.036,0.561,91.576,68.043,1
1785812713,859604492,91.054,0.536,91.567,66.672,1
1785812713,926285645,93.146,0.562,93.673,68.788,1
1785812713,992966064,95.763,0.605,96.348,69.353,1
1785812714,59645996,100.326,0.6,100.905,71.237,1
1785812714,126325439,113.337,0.652,113.968,79.743,1
1785812714,193004150,97.99,0.678,98.644,51.354,1
1785812714,259682373,91.542,0.547,92.07,60.106,1
1785812714,326360107,90.476,0.545,91.0,65.607,1
1785812714,393037354,90.584,0.565,91.129,66.806,1
1785812714,459714355,91.304,0.562,91.843,67.391,1
1785812714,526400391,89.988,0.631,90.6,65.443,1
1785812714,593086182,92.118,0.645,92.742,68.828,1
1785812714,659771484,92.086,0.54,92.603,66.547,1
1785812714,726456055,93.538,0.607,94.124,68.204,1
1785812714,793140381,90.761,0.541,91.281,63.843,1
1785812714,893165771,91.722,0.579,92.28,101.023,1
1785812714,959848633,93.849,0.549,94.377,68.78,1
1785812715,26531006,99.768,0.824,100.571,72.873,1
1785812715,93212891,103.185,0.812,103.968,70.08,1
1785812715,159894287,91.519,0.538,92.037,54.754,1
1785812715,226575195,93.508,0.553,94.041,68.684,1
1785812715,293255615,90.663,0.548,91.189,63.829,1
1785812715,359935547,92.178,0.528,92.688,68.179,1
1785812715,426614990,94.648,0.7,95.327,69.318,1
1785812715,493298340,92.754,0.547,93.283,64.638,1
1785812715,559985107,92.02,0.53,92.531,65.936,1
1785812715,626671387,92.656,0.678,93.271,67.425,1
1785812715,693357178,93.959,0.579,94.517,67.933,1
1785812715,760042480,95.141,0.591,95.712,67.881,1
1785812715,826727539,91.366,0.549,91.895,62.869,1
1785812715,893411865,93.132,0.561,93.661,68.449,1
1785812715,960095947,93.728,0.565,94.273,67.295,1
1785812716,26779297,105.408,1.12,106.525,78.914,1
1785812716,93462402,95.464,0.551,95.995,56.176,1
1785812716,160144775,92.751,0.561,93.291,63.979,1
1785812716,226826904,94.516,0.558,95.054,68.445,1
1785812716,293508545,92.905,0.625,93.512,65.138,1
1785812716,360189697,93.86,0.597,94.436,67.605,1
1785812716,426870361,92.259,0.555,92.794,65.04,1
1785812716,493632568,94.689,0.567,95.236,69.203,1
1785812716,560477295,94.669,0.671,95.321,66.93,1
1785812716,627323730,93.952,0.596,94.527,66.054,1
1785812716,694171631,91.99,0.535,92.506,64.826,1
1785812716,761021240,91.348,0.639,91.872,66.215,1
1785812716,827872314,89.749,0.555,90.283,65.262,1
1785812716,894724854,90.883,0.54,91.403,67.973,1
1785812716,961578857,96.292,0.776,96.944,72.392,1
1785812717,28434326,113.166,0.611,113.875,83.667,1
1785812717,95291504,94.466,0.607,95.053,48.155,1
1785812717,162150146,90.883,0.55,91.412,63.22,1
1785812717,229010254,90.413,0.565,90.956,66.404,1
1785812717,295872070,92.675,0.54,93.194,69.1,1
1785812717,362735352,93.692,0.561,94.233,67.901,1
1785812717,429600098,90.602,0.55,91.132,63.763,1
1785812717,496408691,88.895,0.561,89.436,65.113,1
1785812717,563164795,88.627,0.54,89.148,66.468,1
1785812717,629922363,89.613,0.539,90.132,67.743,1
1785812717,696681396,88.843,0.7,89.521,66.148,1
1785812717,763441895,89.483,0.638,90.1,67.339,1
1785812717,830203857,89.476,0.577,90.033,66.694,1
1785812717,896967285,93.802,0.672,94.452,71.184,1
1785812717,963732178,96.158,0.756,96.895,69.205,1
1785812718,30498535,97.074,0.717,97.79,67.645,1
1785812718,97266357,91.073,0.545,91.598,60.596,1
1785812718,164035645,91.215,0.569,91.763,66.935,1
1785812718,230806641,89.954,0.611,90.545,65.552,1
1785812718,297578857,88.372,0.628,88.981,65.208,1
1785812718,364352539,90.984,0.543,91.506,69.3,1
1785812718,431127686,91.997,0.674,92.652,67.918,1
1785812718,497858154,88.564,0.562,89.106,63.187,1
1785812718,564543701,89.134,0.565,89.679,67.258,1
1785812718,631228760,91.109,0.681,91.77,68.775,1
1785812718,664571045,109.93,1.411,111.326,52.89,1
1785812718,731255371,94.005,0.576,94.562,49.929,1
1785812718,797939209,88.371,0.607,88.959,61.082,1
1785812718,864622314,91.53,0.607,92.116,69.838,1
1785812718,931305176,91.048,0.612,91.639,66.207,1
1785812718,997987305,90.868,0.575,91.422,66.465,1
1785812719,64668945,91.227,0.585,91.793,67.05,1
1785812719,131350098,89.479,0.543,90.003,64.895,1
1785812719,198030762,92.4,0.751,93.127,69.805,1
1785812719,264710938,89.388,0.556,89.924,63.477,1
1785812719,331390625,88.495,0.609,89.085,65.84,1
1785812719,398069580,89.372,0.559,89.911,67.505,1
1785812719,464748535,90.303,0.559,90.843,67.611,1
1785812719,531524902,88.449,0.644,89.074,65.006,1
1785812719,598362793,89.804,0.586,90.369,68.133,1
1785812719,665202393,90.066,0.656,90.703,67.174,1
1785812719,732043213,88.284,0.56,88.825,64.964,1
1785812719,798885498,88.231,0.585,88.797,66.814,1
1785812719,865729248,89.039,0.543,89.562,67.609,1
1785812719,932574463,93.562,0.639,94.18,71.462,1
1785812719,999420898,96.792,0.831,97.609,70.272,1
1785812720,66269043,92.317,0.538,92.835,62.079,1
1785812720,133118408,93.605,0.555,94.14,68.154,1
1785812720,199969238,88.324,0.601,88.905,61.616,1
1785812720,266821533,86.722,0.551,87.239,65.188,1
1785812720,333675293,87.43,0.56,87.966,67.58,1
1785812720,400530518,90.461,0.558,90.998,69.888,1
1785812720,467386963,87.404,0.588,87.973,63.83,1
1785812720,567484619,89.417,0.595,89.992,102.117,1
1785812720,634154053,87.698,0.595,88.27,64.948,1
1785812720,700822754,91.824,0.604,92.405,70.801,1
1785812720,734156738,110.733,0.736,111.448,52.375,1
1785812720,767490723,124.398,0.786,125.169,47.05,1
1785812720,834157715,112.124,0.635,112.74,54.245,1
1785812720,867490967,124.368,0.802,125.15,45.746,1
1785812720,900824219,144.744,0.671,145.38,53.56,1
1785812720,967489746,129.958,0.868,130.81,52.091,1
1785812721,34154297,116.531,0.765,117.285,53.133,1
1785812721,67486572,125.918,0.575,126.472,42.534,1
1785812721,134150146,100.733,0.874,101.594,41.775,1
1785812721,200812744,89.983,0.571,90.533,55.612,1
1785812721,267474854,91.5,0.552,92.03,68.16,1
1785812721,334135986,90.103,0.605,90.689,65.319,1
1785812721,400796387,91.522,0.588,92.091,68.063,1
1785812721,467456055,87.97,0.609,88.559,63.126,1
1785812721,534163330,89.997,0.575,90.55,68.7,1
1785812721,600918701,88.501,0.554,89.036,65.241,1
1785812721,667675537,90.682,0.639,91.298,69.02,1
1785812721,734433594,88.687,0.633,89.302,64.759,1
1785812721,801193359,87.449,0.757,88.187,65.645,1
1785812721,867954346,90.21,0.565,90.754,69.33,1
1785812721,934716797,92.483,0.616,93.079,69.086,1
1785812722,1480713,96.103,0.964,97.058,70.73,1
1785812722,68246094,90.973,0.603,91.556,61.278,1
1785812722,135012939,88.671,0.551,89.202,64.412,1
1785812722,201781006,88.709,0.796,89.487,67.049,1
1785812722,268550781,87.676,0.559,88.217,65.504,1
1785812722,335321777,86.82,0.602,87.405,65.959,1
1785812722,402094238,87.241,0.558,87.78,67.147,1
1785812722,468868164,89.31,0.549,89.839,68.833,1
1785812722,535603027,86.915,0.618,87.514,64.41,1
1785812722,602299072,87.39,0.538,87.908,67.09,1
1785812722,668994629,87.19,0.561,87.728,66.516,1
1785812722,735689697,89.651,0.556,90.187,69.153,1
1785812722,802384521,88.131,0.615,88.728,65.235,1
1785812722,869078857,86.342,0.575,86.879,64.847,1
1785812722,935772705,88.701,0.546,89.227,69.042,1
1785812723,2466309,100.373,0.758,101.113,78.574,1
1785812723,35812988,128.198,0.615,128.792,61.03,1
1785812723,102506104,100.743,0.808,101.529,39.424,1
1785812723,202544678,89.677,0.587,90.244,88.761,1
1785812723,269236816,89.394,0.546,89.919,66.367,1
1785812723,335928467,90.516,0.556,91.05,67.823,1
1785812723,402619629,87.585,0.654,88.218,63.857,1
1785812723,469310547,88.527,0.533,89.04,67.516,1
1785812723,535998535,90.294,0.645,90.904,68.55,1
1785812723,602682617,89.938,0.535,90.452,66.234,1
1785812723,669366211,87.1,0.607,87.686,63.917,1
1785812723,736049072,92.543,0.554,93.076,72.073,1
1785812723,802731445,89.746,0.554,90.282,63.887,1
1785812723,869413330,87.021,0.552,87.541,63.942,1
1785812723,936094727,90.534,0.539,91.053,70.194,1
1785812724,2775635,96.911,0.579,97.466,73.093,1
1785812724,69455811,99.61,0.625,100.214,69.426,1
1785812724,136135498,98.223,0.64,98.842,65.309,1
1785812724,202814697,94.098,0.554,94.631,62.471,1
1785812724,269493408,90.73,0.56,91.27,63.317,1
1785812724,336171387,90.111,0.559,90.65,66.058,1
1785812724,402848877,90.062,0.557,90.597,66.625,1
1785812724,469525879,87.924,0.669,88.484,64.563,1
1785812724,536206543,87.958,0.56,88.497,66.695,1
1785812724,602890137,90.233,0.6,90.814,68.999,1
1785812724,669572998,90.754,0.565,91.299,67.169,1
1785812724,736255371,88.549,0.592,89.121,64.505,1
1785812724,802937256,87.653,0.551,88.181,65.742,1
1785812724,869618408,88.107,0.91,89.001,67.496,1
1785812724,969639160,87.891,0.68,88.553,99.576,1
1785812725,36319092,94.883,0.604,95.466,73.593,1
1785812725,102998291,90.847,0.578,91.419,62.614,1
1785812725,169677002,94.577,0.549,95.106,70.384,1
1785812725,236355225,88.052,0.648,88.679,60.251,1
1785812725,303032959,87.74,0.704,88.424,66.42,1
1785812725,369709961,88.089,0.653,88.723,66.977,1
1785812725,436386475,91.173,0.558,91.698,69.652,1
1785812725,503062988,88.078,0.699,88.757,63.734,1
1785812725,569765869,88.327,0.657,88.962,66.91,1
1785812725,636468262,91.162,0.632,91.774,69.514,1
1785812725,703170410,88.912,0.696,89.588,64.515,1
1785812725,769872314,91.507,0.638,92.124,69.238,1
1785812725,836573730,89.85,0.711,90.54,65.116,1
1785812725,903275146,88.346,0.549,88.877,65.04,1
1785812725,969976074,93.603,0.579,94.162,71.983,1
1785812726,36676514,97.175,0.656,97.814,70.351,1
1785812726,103376953,90.581,0.68,91.171,60.058,1
1785812726,170076904,89.546,0.538,90.064,65.597,1
1785812726,236776611,91.556,0.556,92.093,68.729,1
1785812726,303475830,88.094,0.528,88.602,63.209,1
1785812726,370174805,88.974,0.557,89.51,67.607,1
1785812726,436873535,88.372,0.561,88.913,66.101,1
1785812726,503572266,89.035,0.542,89.557,67.343,1
1785812726,570255371,92.265,0.608,92.854,69.979,1
1785812726,636937988,87.876,0.568,88.424,62.254,1
1785812726,703620117,88.237,0.637,88.854,67.111,1
1785812726,770301514,90.049,0.56,90.587,68.415,1
1785812726,836982422,88.913,0.546,89.438,65.532,1
1785812726,903662842,92.238,0.619,92.836,70.077,1
1785812726,970342773,93.478,0.538,93.996,67.842,1
1785812727,37021973,100.946,0.666,101.589,74.27,1
1785812727,103700439,98.988,0.604,99.568,64.658,1
1785812727,170378662,89.889,0.552,90.421,57.533,1
1785812727,237056152,88.238,0.556,88.774,65.03,1
1785812727,303733154,89.267,0.561,89.808,67.711,1
1785812727,370409424,90.249,0.538,90.766,67.635,1
1785812727,437085205,92.959,0.788,93.723,69.632,1
1785812727,503760986,95.571,0.721,96.219,69.171,1
1785812727,570443115,89.388,0.566,89.935,60.399,1
1785812727,637124512,89.118,0.786,89.885,66.631,1
1785812727,703805420,91.758,0.545,92.283,69.08,1
1785812727,770485596,93.273,0.658,93.842,68.238,1
1785812727,837165527,91.18,0.63,91.792,64.63,1
1785812727,903844482,92.028,0.581,92.592,67.477,1
1785812727,970523193,97.452,0.648,98.079,72.166,1
1785812728,37200928,98.145,0.73,98.86,67.454,1
1785812728,103878418,94.72,0.541,95.24,63.065,1
1785812728,170555176,89.872,0.591,90.423,61.859,1
1785812728,237231445,92.458,0.547,92.986,69.239,1
1785812728,303906982,89.273,0.574,89.827,63.516,1
1785812728,370582031,90.868,0.54,91.387,68.235,1
1785812728,437256592,89.409,0.523,89.914,65.202,1
1785812728,503930908,91.317,0.631,91.93,68.689,1
1785812728,570613281,90.294,0.555,90.831,65.585,1
1785812728,637294922,93.044,0.552,93.577,69.428,1
1785812728,703976318,91.074,0.588,91.643,64.748,1
1785812728,770656738,92.061,0.54,92.581,67.618,1
1785812728,837336914,92.11,0.542,92.631,66.731,1
1785812728,904016357,93.708,0.545,94.233,68.281,1
1785812728,970695313,100.168,0.565,101.406,73.158,1
1785812729,37373535,111.336,0.576,111.894,77.857,1
1785812729,104051270,108.5,0.613,109.088,63.875,1
1785812729,170728516,96.124,0.575,96.698,54.266,1
1785812729,237405029,92.111,0.652,92.677,62.675,1
1785812729,304081055,93.94,0.577,94.498,68.498,1
1785812729,370756592,93.155,0.558,93.693,65.871,1
1785812729,437431396,91.094,0.544,91.617,64.599,1
1785812729,504105957,90.688,0.542,91.209,66.267,1
1785812729,570788818,92.361,0.556,92.896,68.369,1
1785812729,637471191,92.581,0.557,93.119,66.906,1
1785812729,704153076,91.622,0.535,92.138,65.701,1
1785812729,770834229,89.545,0.557,90.081,64.626,1
1785812729,837514893,89.153,0.53,89.663,66.262,1
1785812729,904195068,93.623,0.723,94.327,71.343,1
1785812729,970874512,110.62,0.663,111.257,83.607,1
1785812730,4214111,120.573,0.597,121.151,43.235,1
1785812730,37553467,132.968,0.661,133.608,45.793,1
1785812730,104231689,121.387,0.658,122.135,55.093,1
1785812730,137570801,135.384,0.588,135.952,47.273,1
1785812730,204248291,113.262,0.654,113.892,44.614,1
1785812730,270925293,96.231,0.555,96.766,49.556,1
1785812730,337601563,91.523,0.584,92.089,61.998,1
1785812730,404277344,92.06,0.538,92.579,67.166,1
1785812730,470952637,94.909,0.584,95.469,69.566,1
1785812730,537631836,93.275,0.717,93.973,65.181,1
1785812730,604314209,93.24,0.54,93.758,66.469,1
1785812730,670996338,92.479,0.605,93.064,65.988,1
1785812730,737677734,90.735,0.63,91.346,64.963,1
1785812730,804358643,89.854,0.695,90.529,65.865,1
1785812730,871039063,91.627,0.539,92.146,68.298,1
1785812730,937718750,94.257,0.61,94.848,69.38,1
1785812730,971058350,112.061,0.954,112.993,51.478,1
1785812731,37737305,104.013,0.705,104.698,58.39,1
1785812731,104415527,107.264,0.603,107.847,69.829,1
1785812731,204432129,94.66,0.723,95.364,87.533,1
1785812731,271108887,91.067,0.709,91.756,63.07,1
1785812731,337785400,91.261,0.683,91.838,66.759,1
1785812731,404461182,93.168,0.614,93.761,68.599,1
1785812731,537814697,92.086,0.543,92.609,132.202,1
1785812731,604495850,90.767,0.657,91.405,65.475,1
1785812731,671176514,91.123,0.633,91.72,66.998,1
1785812731,737856445,91.48,0.577,92.036,66.995,1
1785812731,804535889,93.817,0.59,94.386,69.03,1
1785812731,871214844,90.785,0.566,91.331,63.623,1
1785812731,937893066,98.681,0.573,99.233,74.58,1
1785812732,4570557,96.653,0.606,97.238,64.684,1
1785812732,71247559,91.807,0.592,92.378,61.817,1
1785812732,137924072,94.717,0.54,95.237,69.535,1
1785812732,204599854,92.13,0.551,92.66,64.099,1
1785812732,271275146,92.072,0.589,92.641,66.657,1
1785812732,337949707,91.38,0.618,91.979,66.012,1
1785812732,404623779,92.177,0.545,92.701,67.397,1
1785812732,471297363,91.56,0.652,92.194,66.165,1
1785812732,538018799,91.397,0.638,92.002,66.53,1
1785812732,604789551,94.524,0.553,95.041,69.81,1
1785812732,671562256,92.924,0.535,93.539,65.172,1
1785812732,738336426,92.156,0.548,92.682,66.017,1
1785812732,805112549,92.39,0.624,92.996,67.088,1
1785812732,871890137,91.041,0.659,91.682,65.464,1
1785812732,938669678,91.909,0.545,92.431,67.53,1
1785812733,5450928,98.042,3.442,101.503,75.81,1
1785812733,38842041,132.342,0.656,132.977,64.907,1
1785812733,105625977,128.355,0.807,129.143,62.949,1
1785812733,172411377,97.954,0.547,98.48,36.123,1
1785812733,239198486,94.956,0.62,95.557,63.864,1
1785812733,305987549,96.595,0.638,97.213,68.445,1
1785812733,372778076,93.694,0.543,94.217,63.795,1
1785812733,439570557,97.86,0.532,98.372,70.948,1
1785812733,506363525,93.472,0.645,94.097,62.517,1
1785812733,573214111,91.038,0.625,91.645,64.398,1
1785812733,640066162,91.094,0.591,91.665,66.873,1
1785812733,706920166,94.913,0.639,95.532,70.72,1
1785812733,773775635,90.594,0.759,91.334,62.656,1
1785812733,840632813,90.879,0.628,91.489,67.013,1
1785812733,907491455,93.115,0.56,93.654,69.024,1
1785812733,974352051,95.435,0.823,96.244,69.443,1
1785812734,41214111,108.729,1.231,109.939,80.558,1
1785812734,74645752,123.622,0.703,124.303,47.795,1
1785812734,108077881,144.189,1.664,145.84,54.965,1
1785812734,174943115,123.815,0.584,124.377,45.413,1
1785812734,241810059,93.155,0.743,93.877,36.367,1
1785812734,308678711,91.518,0.557,92.054,65.047,1
1785812734,375549072,90.979,0.543,91.501,66.316,1
1785812734,442421143,88.664,0.625,89.269,64.64,1
1785812734,509292725,88.105,0.558,88.644,66.246,1
1785812734,575973877,90.496,0.563,91.039,69.077,1
1785812734,642654297,88.526,0.635,89.143,64.783,1
1785812734,709333984,88.142,0.551,88.674,66.212,1
1785812734,776013184,89.229,0.544,89.755,67.76,1
1785812734,842691895,89.531,0.576,90.086,67.01,1
1785812734,909370117,90.224,0.539,90.744,67.336,1
1785812734,976047607,98.165,0.624,98.772,74.7,1
1785812735,42724365,98.432,0.664,99.077,66.983,1
1785812735,76062744,113.02,0.683,113.684,47.943,1
1785812735,142738525,96.499,0.621,97.101,50.098,1
1785812735,209414063,93.685,0.559,94.224,63.799,1
1785812735,276088867,88.479,0.582,89.023,61.474,1
1785812735,342763184,88.705,0.627,89.314,66.964,1
1785812735,409436768,94.834,0.562,95.377,72.738,1
1785812735,476109863,89.263,0.593,89.833,61.129,1
1785812735,542829346,90.547,0.576,91.105,67.99,1
1785812735,609595703,91.116,0.624,91.72,67.383,1
1785812735,676363770,93.377,0.533,93.89,68.938,1
1785812735,743133545,88.099,0.559,88.638,61.517,1
1785812735,809904785,90.155,0.555,90.688,68.823,1
1785812735,876677734,88.842,0.663,89.487,65.57,1
1785812735,943452393,90.65,0.666,91.298,68.586,1
1785812736,10228516,90.844,1.034,91.604,67.078,1
1785812736,77006348,93.111,0.763,93.917,69.027,1
1785812736,110395752,112.07,0.766,112.813,52.352,1
1785812736,177176025,91.79,0.589,92.358,46.327,1
1785812736,243957764,89.837,0.555,90.373,64.796,1
1785812736,310741455,89.835,0.538,90.353,66.764,1
1785812736,377526367,91.086,0.581,91.647,68.079,1
1785812736,444313232,94.933,0.643,95.559,70.697,1
1785812736,511100830,89.471,0.538,89.988,61.219,1
1785812736,577796875,88.21,0.642,88.834,65.539,1
1785812736,644492920,89.02,0.624,89.626,67.49,1
1785812736,711188477,88.789,0.57,89.339,66.408,1
1785812736,777883789,88.107,0.617,88.703,66.06,1
1785812736,844578613,87.98,0.712,88.672,66.664,1
1785812736,911273193,89.376,0.538,89.892,67.915,1
1785812736,977967529,93.364,0.626,93.917,70.718,1
1785812737,44661377,109.173,0.684,109.831,82.607,1
1785812737,78008301,125.235,0.798,126.025,49.529,1
1785812737,144701660,100.761,0.698,101.431,42.111,1
1785812737,211394775,90.973,0.565,91.516,56.779,1
1785812737,278087646,88.328,0.709,89.018,64.195,1
1785812737,344780029,91.812,0.642,92.436,70.11,1
1785812737,411472168,88.195,0.579,88.756,63.014,1
1785812737,478164063,90.089,0.741,90.811,68.746,1
1785812737,544858643,90.125,0.732,90.838,66.721,1
1785812737,611555420,91.44,0.546,92.008,67.827,1
1785812737,678251953,90.942,0.561,91.483,66.213,1
1785812737,744948242,91.657,0.579,92.216,67.43,1
1785812737,811644043,89.052,0.542,89.573,64.052,1
1785812737,878339600,87.668,0.958,88.607,65.729,1
1785812737,945034668,92.884,0.604,93.468,71.556,1
1785812738,11729492,100.256,0.872,101.108,74.33,1
1785812738,78424072,92.235,0.62,92.836,58.428,1
1785812738,145118408,89.498,0.544,90.022,63.881,1
1785812738,211812256,91.698,0.684,92.361,69.033,1
1785812738,278505859,91.36,0.575,91.915,66.247,1
1785812738,345199219,91.322,0.543,91.844,66.623,1
1785812738,411892090,95.431,0.633,96.044,70.892,1
1785812738,478584717,95.212,0.553,95.745,66.393,1
1785812738,545282959,93.045,0.543,93.567,64.521,1
1785812738,611986328,89.101,0.569,89.65,62.786,1
1785812738,678689697,91.604,0.559,92.124,69.179,1
1785812738,745392822,89.67,0.564,90.214,64.792,1
1785812738,812095703,90.334,0.531,90.845,67.335,1
1785812738,878798340,90.313,0.655,90.997,66.806,1
1785812738,945500977,96.171,0.639,96.704,72.458,1
1785812739,12203369,95.525,0.562,96.066,66.065,1
1785812739,78905762,95.699,0.561,96.24,66.876,1
1785812739,178958984,90.306,0.561,90.846,94.66,1
1785812739,245660889,90.443,0.562,90.985,66.841,1
1785812739,312362549,92.398,0.565,92.942,68.659,1
1785812739,379064209,89.16,0.538,89.678,63.438,1
1785812739,445765625,91.63,0.637,92.246,69.269,1
1785812739,512467041,90.679,1.856,92.519,66.967,1
1785812739,579166260,88.914,0.618,89.51,63.698,1
1785812739,645864990,89.134,0.672,89.785,66.973,1
1785812739,712563721,90.135,0.541,90.656,67.569,1
1785812739,779261963,90.337,0.536,90.853,66.895,1
1785812739,845959961,88.335,0.557,88.872,64.717,1
1785812739,912657471,90.901,0.554,91.435,69.26,1
1785812739,979354980,99.257,0.616,99.852,75.113,1
1785812740,46052246,100.837,0.6,101.417,68.262,1
1785812740,112749023,91.769,0.538,92.288,57.569,1
1785812740,179445557,91.789,0.558,92.327,66.736,1
1785812740,279489990,89.387,0.554,89.925,97.63,1
1785812740,346185791,92.08,0.61,92.671,69.454,1
1785812740,412881348,89.141,0.728,89.852,63.876,1
1785812740,479576660,89.476,0.585,90.039,66.884,1
1785812740,546273438,90.802,0.561,91.342,68.0,1
1785812740,612970947,90.748,0.542,91.269,66.626,1
1785812740,679668213,88.37,0.564,88.914,64.341,1
1785812740,746365234,88.413,0.561,88.954,66.737,1
1785812740,813061768,92.518,0.534,93.032,70.775,1
1785812740,879758057,89.114,0.604,89.699,63.362,1
1785812740,946454102,90.695,0.553,91.229,68.227,1
1785812741,13149902,105.207,0.645,105.826,81.292,1
1785812741,46497559,117.428,0.564,117.971,45.494,1
1785812741,146540527,91.397,0.544,91.922,73.994,1
1785812741,213235352,94.298,0.541,94.818,69.592,1
1785812741,279929688,94.361,0.574,94.914,66.79,1
1785812741,346624023,88.846,0.536,89.361,61.141,1
1785812741,413317871,92.063,0.549,92.59,69.923,1
1785812741,480011475,91.479,0.715,92.07,66.174,1
1785812741,546791016,90.969,1.978,92.938,67.635,1
1785812741,613657227,90.936,0.611,91.528,65.468,1
1785812741,680525635,91.852,0.538,92.368,67.71,1
1785812741,747396240,88.985,0.612,89.577,64.078,1
1785812741,814268555,92.154,0.535,92.669,69.965,1
1785812741,881142822,88.017,0.554,88.551,62.756,1
1785812741,948019287,90.961,0.747,91.646,69.967,1
1785812742,14897705,100.754,0.607,101.339,76.575,1
1785812742,48337646,113.123,0.698,113.802,45.895,1
1785812742,81778076,125.85,0.543,126.369,46.015,1
1785812742,182102295,86.926,0.55,87.457,61.412,1
1785812742,248987549,90.81,0.553,91.343,70.77,1
1785812742,315875000,91.463,0.776,92.222,67.762,1
1785812742,382764160,87.688,0.724,88.223,62.895,1
1785812742,449655518,88.452,0.646,89.078,67.746,1
1785812742,516546631,87.05,0.598,87.628,65.441,1
1785812742,583232178,87.743,0.605,88.33,67.383,1
1785812742,649917236,88.195,0.672,88.847,67.206,1
1785812742,716601807,91.122,0.645,91.744,69.582,1
1785812742,783285889,90.049,0.552,90.582,65.522,1
1785812742,849969238,86.113,0.55,86.644,62.745,1
1785812742,916652344,87.161,0.712,87.855,67.893,1
1785812742,983334717,92.394,0.562,92.957,71.764,1
1785812743,50016602,95.874,0.697,96.555,70.299,1
1785812743,116697998,91.803,0.534,92.318,62.447,1
1785812743,183378906,88.373,0.547,88.914,63.263,1
1785812743,250059326,90.589,0.638,91.208,68.988,1
1785812743,316739014,87.906,0.547,88.432,63.905,1
1785812743,383418457,87.168,0.607,87.756,66.003,1
1785812743,450097168,89.375,0.682,90.037,68.96,1
1785812743,516776123,86.575,0.547,87.099,63.742,1
1785812743,583460693,89.543,0.707,90.232,69.814,1
1785812743,650144775,87.895,0.592,88.466,64.921,1
1785812743,716828369,89.145,0.58,89.705,67.924,1
1785812743,783511230,90.18,0.666,90.828,67.803,1
1785812743,850193848,88.269,0.543,88.788,64.646,1
1785812743,916875732,88.296,0.606,88.88,66.773,1
1785812743,983557129,90.787,0.823,91.433,69.233,1
1785812744,50238037,100.21,0.698,100.881,76.129,1
1785812744,116918213,94.541,0.546,95.067,60.867,1
1785812744,183598145,93.569,0.623,94.172,65.785,1
1785812744,250277344,86.469,0.539,86.989,59.496,1
1785812744,316956055,89.539,0.625,90.147,69.834,1
1785812744,383634277,93.413,0.61,94.051,70.539,1
1785812744,450311768,88.795,0.572,89.349,62.02,1
1785812744,516989502,88.632,0.541,89.152,66.483,1
1785812744,583826660,89.779,0.542,90.301,67.986,1
1785812744,650665283,91.142,0.576,91.699,68.235,1
1785812744,717505127,88.202,0.542,88.725,63.867,1
1785812744,784346680,89.086,0.55,89.603,67.72,1
1785812744,851189453,87.211,0.628,87.821,65.059,1
1785812744,918033691,90.457,0.548,90.985,70.01,1
1785812744,984879395,100.576,0.961,101.524,77.372,1
1785812745,18302734,131.067,0.731,131.783,63.687,1
1785812745,51726563,148.342,0.696,149.019,50.662,1
1785812745,118574951,127.968,0.58,128.509,46.344,1
1785812745,185425049,100.049,0.647,100.677,39.015,1
1785812745,252276367,93.537,0.538,94.056,60.233,1
1785812745,319129150,90.469,0.628,91.076,63.873,1
1785812745,385983398,89.128,0.557,89.665,65.443,1
1785812745,452839111,87.85,0.545,88.375,65.566,1
1785812745,553060547,84.279,0.687,84.946,96.792,1
1785812745,619889160,86.599,0.571,87.15,69.033,1
1785812745,686718994,87.405,0.561,87.946,67.626,1
1785812745,753550293,85.229,0.54,85.748,64.633,1
1785812745,820382568,84.795,0.558,85.333,66.417,1
1785812745,887216309,87.091,0.56,87.632,69.132,1
1785812745,954051270,87.885,0.524,88.389,67.593,1
1785812746,20887207,102.85,0.668,103.49,81.932,1
1785812746,54305908,123.759,0.668,124.403,54.331,1
1785812746,121143799,100.831,0.917,101.739,44.16,1
1785812746,187983154,85.271,0.727,85.979,51.097,1
1785812746,254823486,86.064,0.542,86.584,67.447,1
1785812746,321665283,86.631,0.622,87.232,67.49,1
1785812746,388508301,87.515,0.548,88.042,67.653,1
1785812746,455352539,85.359,0.674,86.013,64.815,1
1785812746,522197998,83.99,0.631,84.599,65.431,1
1785812746,588948486,84.912,0.649,85.541,67.691,1
1785812746,655604492,84.33,0.661,84.969,66.085,1
1785812746,722259766,84.95,0.658,85.586,67.273,1
1785812746,788913818,83.727,0.538,84.246,65.314,1
1785812746,855566895,86.568,0.718,87.267,69.673,1
1785812746,922218994,84.853,0.552,85.385,64.77,1
1785812746,988869873,92.605,0.593,93.178,74.443,1
1785812747,55519775,91.077,0.613,91.613,65.086,1
1785812747,122168945,87.921,0.589,88.49,63.527,1
1785812747,188816650,83.965,0.54,84.485,62.643,1
1785812747,255463623,87.016,0.554,87.549,69.71,1
1785812747,322109375,85.315,0.538,85.834,64.931,1
1785812747,388754395,85.219,0.543,85.74,66.551,1
1785812747,455397949,88.75,0.746,89.473,70.374,1
1785812747,488719482,107.168,0.663,107.839,51.659,1
1785812747,555362793,94.982,0.657,95.572,54.406,1
1785812747,622019531,89.963,0.62,90.565,61.651,1
1785812747,688675293,90.036,0.534,90.55,66.642,1
1785812747,755329834,83.934,0.599,84.514,60.617,1
1785812747,821983398,88.218,0.597,88.79,70.932,1
1785812747,888635986,85.264,0.662,85.904,63.764,1
1785812747,955287354,86.479,0.787,87.246,67.995,1
1785812748,21937744,92.524,0.543,93.046,72.451,1
1785812748,88587158,92.028,0.619,92.628,66.231,1
1785812748,155235596,89.125,0.543,89.644,63.665,1
1785812748,221883057,87.253,0.599,87.83,64.833,1
1785812748,288529297,85.618,0.633,86.23,65.045,1
1785812748,355174561,86.586,0.539,87.105,67.522,1
1785812748,421818848,86.613,0.556,87.15,66.689,1
1785812748,488461914,91.613,0.561,92.155,71.648,1
1785812748,521783203,115.771,0.723,116.465,57.625,1
1785812748,555104980,128.266,0.626,128.87,45.732,1
1785812748,621763184,113.316,0.654,113.949,51.736,1
1785812748,655091797,120.495,0.528,120.999,40.382,1
1785812748,755076172,87.324,0.613,87.918,66.901,1
1785812748,821731201,89.439,0.61,90.03,68.768,1
1785812748,888385254,89.273,0.588,89.842,66.465,1
1785812748,955038330,94.311,0.797,95.094,71.899,1
1785812749,21690430,123.517,0.584,124.081,95.645,1
1785812749,55015869,141.425,0.701,142.101,51.346,1
1785812749,121666504,121.631,0.577,122.168,46.719,1
1785812749,188315918,91.904,0.569,92.451,36.933,1
1785812749,254964355,86.811,0.545,87.336,61.533,1
1785812749,321611816,89.749,0.541,90.27,69.582,1
1785812749,388258301,90.124,0.579,90.682,67.057,1
1785812749,454903809,88.714,0.626,89.318,65.282,1
1785812749,521548096,90.814,0.85,91.663,68.964,1
1785812749,554870850,99.618,0.801,100.428,42.075,1
1785812749,621611084,88.958,0.712,89.648,55.998,1
1785812749,688352539,88.2,0.562,88.729,65.824,1
1785812749,755095215,87.997,0.6,88.579,66.59,1
1785812749,821839111,90.12,0.629,90.729,68.895,1
1785812749,888583984,88.326,0.618,88.924,64.939,1
1785812749,955330078,88.909,0.746,89.635,67.456,1
1785812750,22077637,95.281,0.636,95.896,73.01,1
1785812750,122200684,85.963,0.57,86.512,90.74,1
1785812750,188950928,87.474,0.544,88.0,68.238,1
1785812750,255702393,87.562,0.786,88.327,67.076,1
1785812750,322455078,87.455,0.605,88.001,66.43,1
1785812750,389208984,89.373,0.543,89.896,68.649,1
1785812750,455963867,89.39,0.557,89.926,66.785,1
1785812750,522720215,90.207,0.707,90.895,67.724,1
1785812750,589432373,89.83,0.604,90.414,66.233,1
1785812750,656100098,86.426,0.537,86.943,63.196,1
1785812750,722767090,86.896,0.538,87.415,67.138,1
1785812750,789433105,92.089,0.505,92.575,71.828,1
1785812750,856098389,89.344,0.584,89.907,63.996,1
1785812750,922762939,86.78,0.532,87.293,64.051,1
1785812750,989426514,94.1,0.545,94.623,73.994,1
1785812751,56089111,96.556,0.606,97.139,69.178,1
1785812751,122750977,89.086,0.63,89.695,59.218,1
1785812751,189412109,89.585,0.571,90.138,67.103,1
1785812751,256072510,87.888,0.554,88.422,64.945,1
1785812751,322731934,89.715,0.586,90.242,68.48,1
1785812751,389390381,86.868,0.548,87.397,63.813,1
1785812751,456048096,87.096,0.639,87.794,66.978,1
1785812751,522705078,86.809,0.542,87.331,66.271,1
1785812751,589372803,87.297,0.548,87.825,67.161,1
1785812751,656049805,89.503,0.642,90.113,68.965,1
1785812751,722726074,90.534,0.563,91.077,67.641,1
1785812751,789401855,86.766,0.548,87.295,62.893,1
1785812751,856076660,91.233,0.654,91.865,71.243,1
1785812751,922750977,88.009,0.522,88.512,63.324,1
1785812751,989424316,91.94,0.687,92.532,70.691,1
1785812752,56097168,118.34,0.572,118.891,93.034,1
1785812752,89433350,130.031,0.73,130.746,45.185,1
1785812752,156104980,123.857,0.569,124.405,60.336,1
1785812752,222776123,94.608,0.602,95.19,37.456,1
1785812752,289446289,90.284,0.538,90.802,62.284,1
1785812752,356115967,90.102,0.565,90.648,66.514,1
1785812752,422784912,86.895,0.544,87.418,63.441,1
1785812752,489453125,87.561,0.549,88.09,67.339,1
1785812752,556121094,87.312,0.555,87.834,66.413,1
1785812752,622788574,88.812,0.596,89.335,68.168,1
1785812752,689454834,87.671,0.549,88.199,65.53,1
1785812752,756120605,87.61,0.541,88.132,66.599,1
1785812752,822785156,87.338,0.558,87.877,66.409,1
1785812752,889449219,88.865,0.62,89.465,68.249,1
1785812752,956112305,92.179,0.589,92.75,69.949,1
1785812753,22774414,104.205,0.963,105.245,79.053,1
1785812753,56105225,126.293,0.617,126.885,55.076,1
1785812753,89435791,124.49,0.554,125.024,31.47,1
1785812753,189426270,92.664,0.706,93.35,68.314,1
1785812753,256085693,89.336,0.633,89.949,63.262,1
1785812753,322744141,88.429,0.564,88.974,65.683,1
1785812753,389401611,91.475,0.564,92.019,69.703,1
1785812753,456058350,86.953,0.644,87.577,62.214,1
1785812753,522714355,91.814,0.625,92.419,71.498,1
1785812753,589376709,89.284,0.608,89.872,64.115,1
1785812753,656044678,91.471,0.536,91.986,68.783,1
1785812753,722711670,91.823,0.547,92.351,67.031,1
1785812753,789377686,88.736,0.555,89.274,63.588,1
1785812753,856042969,88.523,0.535,89.024,66.417,1
1785812753,922707520,91.742,0.59,92.313,69.953,1
1785812753,989371338,93.821,0.591,94.393,68.742,1
1785812754,56034180,97.129,0.678,97.787,70.057,1
1785812754,122696045,98.495,0.558,99.033,67.908,1
1785812754,189357422,93.115,0.625,93.718,61.346,1
1785812754,289347656,92.982,0.561,93.522,99.796,1
1785812754,356006592,91.963,0.536,92.48,65.617,1
1785812754,422665039,91.087,0.533,91.6,65.778,1
1785812754,489322510,90.602,0.558,91.14,66.198,1
1785812754,589338867,89.74,0.663,90.384,99.259,1
1785812754,656057373,89.194,0.547,89.723,66.058,1
1785812754,722775391,94.969,0.531,95.48,72.476,1
1785812754,789493408,89.315,0.641,89.939,61.175,1
1785812754,856211182,89.763,0.62,90.363,67.144,1
1785812754,922928955,95.379,0.581,95.941,72.294,1
1785812754,989646484,98.471,2.573,101.053,71.8,1
1785812755,56363525,99.878,0.629,100.485,66.178,1
1785812755,123080811,91.696,0.613,92.29,58.523,1
1785812755,189797607,89.159,0.561,89.7,64.126,1
1785812755,256514404,89.764,0.562,90.307,67.325,1
1785812755,323230957,91.151,0.8,91.933,68.341,1
1785812755,389947266,90.379,0.552,90.911,65.696,1
1785812755,456663574,89.463,0.839,90.287,66.089,1
1785812755,523379395,90.561,0.555,91.096,67.528,1
1785812755,590069580,89.8,0.546,90.327,65.921,1
1785812755,656733887,89.438,0.62,90.039,66.376,1
1785812755,723397217,89.248,0.542,89.771,66.396,1
1785812755,790059570,94.303,0.535,94.818,71.71,1
1785812755,856721191,94.298,0.553,94.83,66.674,1
1785812755,923381592,88.497,0.544,89.034,60.85,1
1785812755,990041504,96.5,0.559,97.039,74.677,1
1785812756,56700195,101.466,0.753,102.2,71.819,1
1785812756,123358154,94.521,0.542,95.078,59.502,1
1785812756,190015381,89.965,0.573,90.518,62.131,1
1785812756,256671387,89.266,0.555,89.802,65.941,1
1785812756,323326660,93.411,0.538,93.928,70.782,1
1785812756,389981201,90.339,0.578,90.898,63.623,1
1785812756,456634766,92.42,0.553,92.953,68.709,1
1785812756,523287354,100.507,0.563,101.05,74.749,1
1785812756,556613770,106.186,0.555,106.72,38.997,1
1785812756,623433838,94.214,0.549,94.744,54.843,1
1785812756,690254883,91.894,0.538,92.415,64.492,1
1785812756,757077148,88.116,0.734,88.83,63.238,1
1785812756,823900391,90.797,0.541,91.319,69.312,1
1785812756,890724854,94.529,0.615,95.122,70.627,1
1785812756,957550293,99.194,0.773,99.943,71.64,1
1785812757,57790527,103.407,0.743,104.13,104.433,1
1785812757,124618652,93.488,0.718,94.188,56.886,1
1785812757,191447998,91.195,0.918,92.101,64.734,1
1785812757,258278320,88.939,0.556,89.475,64.214,1
1785812757,325109863,91.276,0.6,91.857,69.213,1
1785812757,391942383,91.788,0.555,92.32,67.297,1
1785812757,458775879,92.086,0.542,92.608,67.121,1
1785812757,525610840,90.381,0.535,90.896,65.123,1
1785812757,592393799,87.184,0.54,87.704,63.59,1
1785812757,659128662,93.659,0.539,94.178,73.209,1
1785812757,725864502,91.728,0.542,92.251,64.809,1
1785812757,792601563,90.018,0.533,90.531,65.018,1
1785812757,859339600,89.493,0.652,90.127,66.333,1
1785812757,926078857,89.515,0.534,90.131,66.644,1
1785812757,992819092,97.502,0.781,98.228,74.929,1
1785812758,59560547,94.97,0.54,95.49,64.012,1
1785812758,126302979,94.61,0.612,95.203,66.456,1
1785812758,193046631,91.881,0.646,92.508,64.049,1
1785812758,293163818,88.264,0.678,88.923,96.532,1
1785812758,359910156,90.705,0.543,91.224,69.049,1
1785812758,426657715,88.109,0.753,88.841,64.363,1
1785812758,493406006,89.183,0.536,89.698,67.607,1
1785812758,560155273,90.463,0.629,91.073,68.123,1
1785812758,626818604,88.907,0.597,89.48,65.072,1
1785812758,693481201,87.155,0.618,87.755,64.936,1
1785812758,760142578,88.639,0.897,89.516,68.423,1
1785812758,826803467,88.773,0.893,89.647,66.789,1
1785812758,893463135,99.746,0.684,100.409,77.423,1
1785812758,926792725,102.842,0.618,103.437,36.358,1
1785812758,993451172,97.026,0.556,97.561,60.785,1
1785812759,60108643,106.129,0.627,106.736,75.83,1
1785812759,126765137,96.754,0.576,97.312,57.232,1
1785812759,193420898,90.656,0.593,91.23,60.574,1
1785812759,260075684,90.312,0.553,90.844,66.271,1
1785812759,326729492,90.014,0.539,90.532,66.342,1
1785812759,393382324,91.005,0.565,91.549,67.669,1
1785812759,460034424,91.59,0.536,92.106,67.209,1
1785812759,526685547,91.748,0.55,92.279,66.824,1
1785812759,593343018,88.7,0.542,89.223,63.601,1
1785812759,660005615,91.069,0.605,91.654,69.091,1
1785812759,726667480,91.983,0.541,92.505,67.515,1
1785812759,793328369,90.993,0.523,91.498,65.654,1
1785812759,859988281,89.238,0.552,89.77,64.931,1
1785812759,926647217,91.142,0.597,91.785,68.608,1
1785812759,959976318,107.163,0.761,107.907,49.509,1
1785812760,26634033,109.001,0.82,109.799,68.55,1
1785812760,59962402,118.744,0.533,119.257,42.794,1
1785812760,159946289,89.909,0.68,90.57,71.294,1
1785812760,226601318,91.479,0.667,92.127,68.214,1
1785812760,293255127,97.511,0.617,98.108,72.635,1
1785812760,359908203,91.488,0.543,92.012,60.557,1
1785812760,426560303,92.674,0.559,93.213,67.853,1
1785812760,493211426,91.1,0.555,91.633,65.072,1
1785812760,559862305,91.38,0.55,91.912,66.929,1
1785812760,626610352,92.735,0.598,93.313,68.15,1
1785812760,693359619,91.048,0.552,91.581,65.016,1
1785812760,760110352,92.819,0.555,93.353,68.523,1
1785812760,826862305,89.644,0.54,90.163,63.562,1
1785812760,893615723,94.769,0.564,95.312,71.903,1
1785812760,960370361,105.311,0.64,105.928,77.365,1
1785812760,993748047,158.883,0.548,159.411,86.866,1
1785812761,60504639,144.018,0.648,144.649,51.987,1
1785812761,127262451,124.904,0.585,125.469,47.584,1
1785812761,194021729,108.09,0.607,108.671,49.963,1
1785812761,227401855,126.054,0.581,126.614,51.321,1
1785812761,294162842,95.356,0.622,95.957,36.106,1
1785812761,360925293,91.583,0.651,92.213,63.018,1
1785812761,461071533,88.686,0.539,89.224,97.137,1
1785812761,527837402,91.922,0.537,92.486,70.0,1
1785812761,594602051,91.745,0.66,92.271,66.597,1
1785812761,661367676,94.054,0.542,94.574,69.069,1
1785812761,728135010,94.543,0.537,95.06,67.253,1
1785812761,794903809,90.123,0.569,90.669,62.378,1
1785812761,861674316,89.349,0.68,90.011,66.112,1
1785812761,928446289,90.594,0.556,91.13,67.892,1
1785812761,995220215,95.469,0.597,96.048,71.689,1
1785812762,28607666,130.203,0.731,130.934,68.251,1
1785812762,95383789,116.997,0.605,117.582,53.447,1
1785812762,128772461,131.942,0.631,132.548,48.355,1
1785812762,195551270,111.248,1.324,112.57,46.779,1
1785812762,228941162,126.209,0.655,126.845,47.688,1
1785812762,295722412,96.669,0.7,97.35,37.287,1
1785812762,362505127,91.876,0.537,92.392,61.826,1
1785812762,429289551,90.116,0.543,90.725,65.03,1
1785812762,496075684,91.902,0.554,92.436,68.584,1
1785812762,562862305,88.381,0.656,89.019,63.369,1
1785812762,629557617,89.14,0.541,89.661,67.338,1
1785812762,696252686,89.816,0.553,90.35,67.385,1
1785812762,762947266,89.315,0.56,89.855,66.199,1
1785812762,829641602,90.109,0.539,90.643,67.468,1
1785812762,896335449,94.174,0.861,95.017,71.078,1
1785812762,963029053,93.31,0.576,93.865,65.545,1
1785812763,29722168,100.424,0.934,101.341,74.161,1
1785812763,63068604,129.792,0.644,130.413,62.426,1
1785812763,129761230,99.285,0.553,99.818,36.099,1
1785812763,196453613,96.209,0.539,96.729,63.602,1
1785812763,263145752,90.055,0.544,90.579,60.542,1
1785812763,329837402,91.486,0.587,92.053,68.167,1
1785812763,396528809,89.043,0.608,89.631,64.268,1
1785812763,463219727,93.107,0.602,93.626,70.687,1
1785812763,529910400,89.071,0.53,89.584,62.646,1
1785812763,596603271,89.162,0.611,89.753,66.863,1
1785812763,663297607,91.984,0.595,92.563,69.5,1
1785812763,729991699,92.516,0.55,93.046,67.181,1
1785812763,796685547,91.528,0.566,92.074,65.721,1
1785812763,863378906,89.017,0.61,89.608,64.228,1
1785812763,930072021,91.894,0.585,92.46,69.546,1
1785812763,996764648,97.196,0.734,97.825,72.054,1
1785812764,63457031,110.609,0.824,111.42,80.279,1
1785812764,96802979,127.521,0.64,128.142,50.078,1
1785812764,163494873,100.967,0.984,101.932,40.479,1
1785812764,230186279,91.832,0.652,92.463,57.224,1
1785812764,296877441,91.157,0.658,91.797,66.027,1
1785812764,363568115,89.588,0.589,90.156,65.051,1
1785812764,430258545,92.585,0.614,93.176,69.709,1
1785812764,496948730,93.305,0.606,93.894,67.408,1
1785812764,563638672,89.09,0.611,89.682,62.479,1
1785812764,630333740,91.905,0.553,92.437,69.451,1
1785812764,697028320,89.154,0.555,89.691,63.947,1
1785812764,763722412,89.044,0.633,89.657,66.66,1
1785812764,830416504,88.849,0.615,89.446,66.483,1
1785812764,897110107,93.054,0.745,93.781,71.027,1
1785812764,963803223,91.337,0.733,92.051,64.965,1
1785812765,30496094,95.662,0.609,96.25,70.892,1
1785812765,97188721,94.959,0.793,95.74,66.174,1
1785812765,130534912,122.28,0.572,122.83,60.445,1
1785812765,163880859,133.975,0.846,134.801,45.313,1
1785812765,263918701,92.762,0.716,93.458,58.696,1
1785812765,330610107,96.319,0.581,96.88,70.117,1
1785812765,397301025,92.563,0.602,93.142,62.953,1
1785812765,463991699,90.687,0.539,91.205,64.753,1
1785812765,530682129,92.621,0.65,93.23,68.715,1
1785812765,597374756,89.984,0.543,90.506,63.969,1
1785812765,664069336,90.468,0.572,91.017,67.206,1
1785812765,730763428,91.372,0.721,92.074,67.751,1
1785812765,797457031,89.981,0.795,90.594,65.213,1
1785812765,864150391,90.422,0.625,91.027,67.127,1
1785812765,930843506,91.376,0.764,92.122,67.786,1
1785812765,997536133,96.354,0.559,96.894,71.466,1
1785812766,64228271,110.741,0.662,111.378,81.176,1
1785812766,130920166,95.325,0.663,95.971,51.285,1
1785812766,197611816,90.955,0.628,91.483,62.204,1
1785812766,264302979,90.847,0.559,91.387,66.596,1
1785812766,330993896,93.4,0.554,93.932,69.237,1
1785812766,397684326,93.403,0.553,93.934,66.691,1
1785812766,464374512,90.282,0.52,90.78,63.537,1
1785812766,531064453,92.64,0.537,93.154,69.063,1
1785812766,597862549,90.217,0.565,90.76,64.403,1
1785812766,664770264,90.617,0.578,91.176,67.323,1
1785812766,731680664,92.396,0.564,92.939,68.674,1
1785812766,798593262,90.4,0.556,90.937,64.911,1
1785812766,865508057,91.843,0.554,92.375,68.354,1
1785812766,932425537,94.591,0.559,95.13,69.672,1
1785812766,999345215,92.456,0.552,92.988,64.778,1
1785812767,66267090,97.804,0.667,98.446,72.378,1
1785812767,133191650,91.382,0.54,91.9,60.381,1
1785812767,200118408,92.088,0.626,92.695,67.721,1
1785812767,267047363,88.402,0.567,88.948,63.183,1
1785812767,333978760,89.831,0.634,90.44,68.42,1
1785812767,400912598,90.591,0.578,91.149,67.646,1
1785812767,467848877,87.978,0.549,88.507,64.294,1
1785812767,568255127,86.254,0.584,86.815,98.716,1
1785812767,634933350,89.539,0.555,90.074,69.936,1
1785812767,701610840,89.022,0.563,89.563,66.166,1
1785812767,768287842,89.786,0.563,90.327,67.442,1
1785812767,834964355,87.622,0.536,88.136,64.485,1
1785812767,901640137,90.688,0.626,91.295,69.834,1
1785812767,968315430,94.191,0.651,94.82,70.2,1
1785812768,34989990,95.093,0.633,95.707,67.562,1
1785812768,101663818,92.463,0.553,92.997,63.963,1
1785812768,168337158,88.511,0.536,89.026,62.702,1
1785812768,235010010,90.689,0.541,91.209,68.855,1
1785812768,301682129,90.3,0.542,90.822,66.286,1
1785812768,368353760,88.654,0.598,89.234,65.081,1
1785812768,435024658,90.036,0.558,90.573,68.013,1
1785812768,501694824,87.821,0.555,88.354,64.451,1
1785812768,568365234,88.706,0.647,89.333,67.649,1
1785812768,635043945,87.456,0.614,88.05,65.396,1
1785812768,701721924,89.63,0.767,90.316,68.944,1
1785812768,768399414,87.693,0.758,88.432,64.794,1
1785812768,835076172,89.933,0.56,90.474,68.718,1
1785812768,901752197,92.226,0.57,92.773,68.975,1
1785812768,968427490,91.704,0.726,92.41,66.313,1
1785812769,35102295,92.629,0.732,93.34,67.603,1
1785812769,101776123,100.644,0.634,101.255,74.59,1
1785812769,135113037,126.111,0.557,126.647,58.73,1
1785812769,201786133,102.578,0.944,103.867,43.517,1
1785812769,235122314,125.712,0.578,126.269,56.113,1
1785812769,301794434,94.339,0.563,94.882,35.286,1
1785812769,368465576,91.761,0.628,92.37,64.158,1
1785812769,435136475,88.492,0.546,89.017,63.318,1
1785812769,501806396,89.095,0.553,89.627,67.279,1
1785812769,568476318,87.956,0.626,88.563,65.606,1
1785812769,635150635,89.059,0.587,89.626,67.738,1
1785812769,701823975,87.86,0.847,88.695,65.734,1
1785812769,768496582,90.437,0.559,90.975,68.961,1
1785812769,835168701,88.092,0.733,88.807,64.504,1
1785812769,901839844,93.0,0.647,93.63,71.494,1
1785812769,968510498,94.56,0.629,95.167,68.207,1
1785812770,35180420,95.228,0.55,95.753,67.258,1
1785812770,101849365,90.727,0.551,91.256,62.171,1
1785812770,168517822,90.08,0.631,90.69,66.101,1
1785812770,235185303,89.873,0.559,90.41,66.39,1
1785812770,301852295,89.76,0.548,90.284,66.542,1
1785812770,368518555,93.451,0.555,93.984,70.365,1
1785812770,435184082,90.239,0.561,90.763,63.445,1
1785812770,501848633,90.316,0.554,90.848,66.75,1
1785812770,568513428,89.082,0.552,89.61,65.427,1
1785812770,635214355,91.105,0.565,91.628,68.719,1
1785812770,701915527,91.661,0.543,92.181,67.254,1
1785812770,768616699,88.922,0.547,89.447,63.967,1
1785812770,835317871,88.528,0.686,89.196,66.446,1
1785812770,902019043,94.399,0.549,94.913,72.423,1
1785812770,968720215,96.147,0.618,96.743,68.528,1
1785812771,35421387,95.568,0.532,96.081,66.042,1
1785812771,102122314,94.879,0.63,95.491,66.11,1
1785812771,168823486,93.4,0.555,93.936,65.148,1
1785812771,235524658,92.476,0.546,93.018,65.768,1
1785812771,302225830,93.002,0.595,93.578,67.275,1
1785812771,368926758,88.247,0.567,88.794,61.918,1
1785812771,435627930,89.277,0.675,89.852,67.758,1
1785812771,502329102,89.411,0.521,89.913,66.765,1
1785812771,569030273,88.232,0.552,88.765,65.551,1
1785812771,635710938,88.757,0.705,89.444,67.359,1
1785812771,702391113,88.988,0.618,89.585,66.823,1
1785812771,769070557,90.564,0.637,91.182,68.276,1
1785812771,835749268,92.392,0.554,92.927,68.424,1
1785812771,902427490,100.309,0.551,100.836,74.588,1
1785812771,935766357,128.143,0.589,128.714,61.214,1
1785812772,2443848,131.217,0.619,131.817,69.781,1
1785812772,69120361,114.046,1.729,115.77,50.614,1
1785812772,135796631,95.755,0.538,96.273,47.197,1
1785812772,202471924,91.939,0.537,92.456,62.858,1
1785812772,269146973,91.863,0.722,92.566,66.782,1
1785812772,302484131,103.227,0.893,104.103,44.869,1
1785812772,369157959,91.288,0.606,91.873,54.452,1
1785812772,435831299,91.66,0.84,92.403,67.202,1
1785812772,502504150,93.14,0.767,93.888,68.157,1
1785812772,569176514,90.282,0.534,90.796,63.583,1
1785812772,635942627,91.918,0.565,92.463,68.432,1
1785812772,702710205,89.797,0.541,90.318,64.623,1
1785812772,769479492,88.698,0.551,89.229,65.68,1
1785812772,836250488,92.777,0.649,93.407,70.949,1
1785812772,903023193,93.895,0.553,94.427,67.793,1
1785812772,969797363,92.158,0.617,92.755,65.101,1
1785812773,36573242,109.818,0.707,110.508,84.52,1
1785812773,69961914,125.278,0.575,125.832,48.724,1
1785812773,136740234,118.098,0.769,118.849,59.792,1
1785812773,170130127,130.17,0.694,130.818,45.361,1
1785812773,236910889,95.545,0.554,96.079,32.043,1
1785812773,303693359,90.968,0.748,91.698,62.4,1
1785812773,370477539,90.092,0.518,90.591,65.679,1
1785812773,437263428,92.663,0.541,93.185,69.38,1
1785812773,504051025,89.188,0.549,89.717,63.32,1
1785812773,570839111,92.42,0.635,93.036,70.106,1
1785812773,637622803,88.506,0.655,89.141,62.889,1
1785812773,704471680,89.861,0.594,90.435,68.142,1
1785812773,771322021,88.198,0.755,88.933,65.348,1
1785812773,838174072,89.792,0.718,90.491,68.409,1
1785812773,905027588,90.337,0.541,90.858,67.221,1
1785812773,971882813,104.37,0.791,105.144,81.135,1
1785812774,5311035,139.461,0.868,140.308,68.591,1
1785812774,38739502,164.327,0.79,165.096,58.221,1
1785812774,139027832,97.47,0.538,97.987,33.182,1
1785812774,205888428,91.616,0.554,92.148,61.021,1
1785812774,272750977,88.788,0.543,89.311,64.025,1
1785812774,339614990,91.398,0.613,91.984,69.537,1
1785812774,373047363,109.366,0.711,110.049,51.495,1
1785812774,439913818,89.726,0.564,90.268,47.088,1
1785812774,506781738,89.4,0.686,90.066,66.666,1
1785812774,573651367,86.119,0.519,86.618,63.422,1
1785812774,640424316,86.751,0.57,87.297,67.452,1
1785812774,707102783,89.824,0.536,90.339,69.72,1
1785812774,773780273,88.704,0.617,89.3,65.639,1
1785812774,840457275,86.902,0.634,87.437,64.814,1
1785812774,907133545,90.979,0.565,91.525,70.763,1
1785812774,973809326,90.498,0.592,91.071,66.22,1
1785812775,40484375,91.35,0.541,91.871,67.478,1
1785812775,107158936,88.166,0.552,88.698,63.501,1
1785812775,173832520,88.339,0.552,88.871,66.847,1
1785812775,240505859,87.108,0.549,87.633,65.434,1
1785812775,307178223,87.302,0.554,87.837,66.877,1
1785812775,373850098,97.849,0.771,98.601,77.43,1
1785812775,407185791,112.514,0.565,113.059,47.799,1
1785812775,440521240,130.6,0.637,131.215,51.491,1
1785812775,507191895,112.226,0.842,113.056,48.501,1
1785812775,540526855,125.127,0.744,125.841,46.127,1
1785812775,607197266,111.068,0.686,111.732,52.564,1
1785812775,640550293,129.768,0.659,130.402,52.025,1
1785812775,707256592,97.904,0.617,98.499,34.804,1
1785812775,773962402,90.492,0.557,91.029,59.236,1
1785812775,840667969,91.082,0.618,91.682,67.358,1
1785812775,907373047,87.331,0.634,87.944,62.968,1
1785812775,974078125,92.0,0.557,92.537,71.297,1
1785812776,40782715,93.396,0.575,93.95,68.118,1
1785812776,107487061,88.72,0.787,89.493,62.244,1
1785812776,174191162,90.68,0.523,91.183,68.398,1
1785812776,240895020,87.258,0.559,87.797,63.317,1
1785812776,307598633,88.431,0.558,88.968,67.875,1
1785812776,374301758,93.961,0.56,94.501,72.236,1
1785812776,441004639,87.708,0.54,88.227,60.429,1
1785812776,507707275,88.752,0.586,89.317,67.79,1
1785812776,574409668,89.808,0.554,90.341,67.729,1
1785812776,641099365,89.94,0.589,90.508,66.856,1
1785812776,707775146,88.981,0.608,89.572,65.739,1
1785812776,774450439,90.019,0.598,90.597,67.701,1
1785812776,841125000,87.91,0.551,88.441,64.519,1
1785812776,907798828,91.834,0.579,92.394,70.626,1
1785812776,974471924,92.913,0.569,93.462,67.741,1
1785812777,41144531,108.833,1.239,110.069,83.259,1
1785812777,74480469,130.257,0.649,130.878,54.163,1
1785812777,141151855,120.312,0.636,120.919,56.714,1
1785812777,174487305,129.523,0.572,130.075,42.492,1
1785812777,241157959,119.489,0.734,120.198,56.792,1
1785812777,274492920,129.727,0.654,130.362,43.497,1
1785812777,341162354,96.969,0.667,97.615,33.924,1
1785812777,407831055,93.013,0.53,93.523,62.581,1
1785812777,474499023,87.914,0.718,88.613,61.756,1
1785812777,541166504,90.396,0.544,90.92,68.975,1
1785812777,607833740,87.795,0.634,88.407,64.155,1
1785812777,674509766,88.504,0.558,89.042,67.311,1
1785812777,741185303,88.455,0.542,88.974,66.608,1
1785812777,807859863,87.787,0.689,88.457,66.155,1
1785812777,874533936,94.355,0.842,94.92,73.139,1
1785812777,941207275,89.573,0.601,90.151,61.902,1
1785812778,7879883,96.285,0.651,96.913,73.436,1
1785812778,74551758,90.586,0.645,91.213,60.973,1
1785812778,141222900,91.673,0.556,92.21,67.669,1
1785812778,207893555,92.29,0.668,92.94,67.401,1
1785812778,274563477,88.814,0.538,89.332,63.062,1
1785812778,341232422,90.772,0.589,91.341,68.678,1
1785812778,407900879,89.188,0.675,89.845,65.17,1
1785812778,474568848,89.101,0.542,89.624,66.449,1
1785812778,541235840,91.961,0.562,92.504,69.547,1
1785812778,607902832,89.874,0.585,90.439,64.6,1
1785812778,674736572,89.468,0.565,90.012,66.41,1
1785812778,741571533,89.598,0.553,90.132,66.954,1
1785812778,808407715,88.121,0.619,88.72,65.424,1
1785812778,875245361,91.266,0.538,91.785,69.903,1
1785812778,942084229,89.974,0.722,90.676,65.729,1
1785812779,8924561,94.718,0.604,95.303,71.465,1
1785812779,75766113,118.474,0.77,119.222,90.763,1
1785812779,109187500,130.868,0.77,131.615,45.812,1
1785812779,176031006,130.681,0.662,131.32,66.55,1
1785812779,242875977,118.776,0.967,119.724,55.25,1
1785812779,276299072,164.008,0.622,164.584,78.282,1
1785812779,376570068,118.916,0.584,119.479,55.167,1
1785812779,409994385,149.907,0.642,150.531,64.477,1
1785812779,476843994,129.737,4.004,133.77,50.03,1
1785812779,543695068,117.436,0.71,118.123,51.263,1
1785812779,577121094,121.269,0.704,121.954,37.255,1
1785812779,677206299,87.427,0.568,87.973,66.107,1
1785812779,743865967,87.625,0.538,88.143,66.831,1
1785812779,810524414,86.668,0.727,87.376,65.889,1
1785812779,877182129,89.463,0.551,89.993,69.276,1
1785812779,943838867,90.544,0.631,91.157,67.82,1
1785812780,10494629,88.7,0.655,89.337,64.835,1
1785812780,77149414,91.819,0.629,92.428,69.746,1
1785812780,143803223,89.4,0.559,89.939,64.166,1
1785812780,210456055,89.549,0.601,90.131,66.844,1
1785812780,277107910,87.549,0.551,88.081,64.603,1
1785812780,343759033,88.561,0.552,89.092,67.664,1
1785812780,410408936,93.911,0.558,94.448,72.006,1
1785812780,477057861,88.246,0.559,88.784,60.984,1
1785812780,543706055,90.696,0.556,91.233,69.098,1
1785812780,577029785,111.878,0.686,112.541,54.625,1
1785812780,610354004,128.471,0.619,129.071,49.86,1
1785812780,677014648,104.973,0.904,106.801,43.439,1
1785812780,710344727,125.956,0.564,126.5,53.981,1
1785812780,777003906,97.882,0.607,98.467,38.625,1
1785812780,843662109,89.835,0.684,90.501,58.692,1
1785812780,910319580,92.765,0.592,93.335,69.493,1
1785812780,976975830,87.308,0.559,87.848,61.17,1
1785812781,43631348,99.971,0.84,100.792,79.594,1
1785812781,76958740,123.894,0.89,124.772,57.301,1
1785812781,143612549,89.71,0.623,90.312,32.206,1
1785812781,243591797,89.508,0.642,90.131,99.799,1
1785812781,310243408,87.982,0.725,88.688,65.209,1
1785812781,376894043,89.035,0.552,89.567,67.529,1
1785812781,443543701,91.203,0.538,91.72,68.804,1
1785812781,510192383,88.481,0.667,89.13,64.058,1
1785812781,576840088,92.388,0.57,92.938,70.456,1
1785812781,643495117,89.613,0.549,90.142,63.859,1
1785812781,710156006,92.574,0.546,93.1,69.618,1
1785812781,776815918,92.421,0.557,92.96,66.519,1
1785812781,843474854,87.951,0.529,88.46,62.16,1
1785812781,910133057,94.988,0.553,95.519,73.717,1
1785812781,976790039,88.748,0.544,89.272,60.41,1
1785812782,43446289,91.413,0.589,91.983,69.366,1
1785812782,110101563,94.293,0.6,94.874,69.547,1
1785812782,176755615,91.435,0.639,92.054,63.834,1
1785812782,243408936,90.06,0.556,90.595,65.194,1
1785812782,310061279,92.44,0.543,92.964,69.022,1
1785812782,376712891,88.315,0.518,88.827,62.502,1
1785812782,443363281,90.853,0.621,91.455,69.289,1
1785812782,510012695,90.224,0.536,90.74,65.936,1
1785812782,576661377,91.979,0.535,92.494,68.402,1
1785812782,643374756,90.674,0.555,91.21,65.43,1
1785812782,710154297,91.219,0.672,91.873,67.44,1
1785812782,776935791,90.525,0.536,91.04,65.951,1
1785812782,843719482,89.332,0.682,89.994,65.736,1
1785812782,910505371,93.175,0.61,93.763,70.556,1
1785812782,977293213,89.507,0.542,90.028,63.054,1
1785812783,44083496,91.253,0.591,91.824,68.585,1
1785812783,110875732,92.181,0.658,92.819,67.788,1
1785812783,177670166,88.747,0.614,89.342,63.317,1
1785812783,244466553,89.599,0.559,90.135,67.59,1
1785812783,311265381,88.213,0.541,88.734,65.397,1
1785812783,378066162,89.698,0.535,90.213,68.28,1
1785812783,444869141,88.24,0.759,88.98,65.568,1
1785812783,511674316,91.052,0.542,91.571,69.398,1
1785812783,578481445,90.172,0.546,90.699,65.934,1
1785812783,645304199,92.353,0.609,92.876,69.0,1
1785812783,712144287,89.565,0.542,90.088,64.051,1
1785812783,778985596,89.646,0.615,90.241,66.994,1
1785812783,845828369,90.537,0.555,91.07,67.672,1
1785812783,912672852,93.142,0.539,93.66,69.436,1
1785812783,979518555,89.241,1.37,90.603,63.775,1
1785812784,46365723,90.976,0.549,91.507,67.763,1
1785812784,113214111,89.451,0.521,89.952,65.295,1
1785812784,180064209,90.241,0.557,90.778,67.675,1
1785812784,246915527,86.893,0.616,87.491,63.563,1
1785812784,313768555,86.967,0.621,87.569,66.932,1
1785812784,380622803,87.476,0.534,87.991,67.277,1
1785812784,447478516,86.916,0.559,87.453,66.317,1
1785812784,514335693,89.784,0.554,90.316,69.72,1
1785812784,581194336,90.29,0.676,90.943,67.486,1
1785812784,647957764,88.017,0.549,88.545,64.366,1
1785812784,714627197,89.829,0.548,90.355,68.48,1
1785812784,781296143,91.153,0.565,91.696,68.01,1
1785812784,847964111,88.298,0.599,88.876,63.849,1
1785812784,914631348,92.756,0.588,93.323,71.113,1
1785812784,981297852,90.709,0.543,91.246,64.575,1
1785812785,47963623,91.71,0.536,92.225,67.66,1
1785812785,114628418,88.824,0.546,89.349,63.789,1
1785812785,181292725,87.512,0.537,88.029,65.344,1
1785812785,247956055,88.711,0.734,89.428,68.06,1
1785812785,314618652,86.457,0.628,87.066,64.301,1
1785812785,381280273,87.616,0.537,88.134,67.731,1
1785812785,447941406,90.29,0.562,90.833,69.36,1
1785812785,514601563,86.298,0.545,86.824,62.651,1
1785812785,581261230,86.754,0.557,87.291,67.127,1
1785812785,647924805,89.029,0.557,89.567,68.939,1
1785812785,714591064,90.526,0.552,91.058,68.157,1
1785812785,781256592,89.12,0.626,89.726,65.334,1
1785812785,847921143,88.974,0.558,89.511,66.449,1
1785812785,914584961,91.828,0.572,92.365,69.518,1
1785812785,981247803,89.682,0.558,90.221,64.518,1
1785812786,47909912,87.532,0.556,88.049,64.491,1
1785812786,114571289,89.186,0.546,89.712,68.324,1
1785812786,181231445,87.305,0.633,87.906,64.854,1
1785812786,247891113,89.235,0.614,89.831,68.585,1
1785812786,314549561,87.556,0.668,88.205,65.033,1
1785812786,381207520,88.08,0.552,88.612,67.065,1
1785812786,447864502,87.695,0.546,88.222,66.267,1
1785812786,514520508,87.991,0.549,88.517,66.951,1
1785812786,581175781,88.49,0.54,89.011,67.149,1
1785812786,647837402,89.187,0.563,89.732,67.381,1
1785812786,714503662,89.109,0.529,89.62,66.556,1
1785812786,781169189,89.077,0.549,89.606,66.652,1
1785812786,847833740,91.566,0.573,92.119,69.177,1
1785812786,914497314,90.454,0.585,91.022,65.566,1
1785812786,981160400,91.321,0.575,91.878,67.518,1
1785812787,47822266,89.845,0.617,90.443,65.228,1
1785812787,114483643,89.404,0.537,89.922,66.14,1
1785812787,181143799,88.652,0.538,89.17,65.909,1
1785812787,247803467,88.898,0.541,89.42,66.91,1
1785812787,314461914,89.509,0.549,90.038,67.276,1
1785812787,381119629,88.905,0.555,89.441,66.062,1
1785812787,447776611,89.124,0.516,89.635,66.838,1
1785812787,514432617,91.123,0.536,91.639,68.673,1
1785812787,581087891,89.101,0.576,89.656,64.671,1
1785812787,647749756,88.709,0.545,89.233,66.24,1
1785812787,714416748,92.473,0.592,93.045,70.479,1
1785812787,781082764,90.181,0.557,90.719,64.34,1
1785812787,847748291,88.53,0.566,89.076,65.023,1
1785812787,914412842,99.934,0.651,100.564,78.151,1
1785812787,981076416,92.313,0.553,92.847,58.949,1
1785812788,47739258,91.987,0.534,92.501,66.317,1
1785812788,114401367,91.496,0.645,92.121,66.282,1
1785812788,181062500,88.933,0.547,89.472,64.0,1
1785812788,247722900,89.185,0.709,89.876,67.076,1
1785812788,314382324,91.677,0.569,92.225,69.009,1
1785812788,381041016,91.936,0.534,92.452,66.885,1
1785812788,447698975,88.969,0.618,89.567,63.771,1
1785812788,514355957,88.743,0.547,89.27,66.362,1
1785812788,581012207,89.492,0.606,90.077,67.465,1
1785812788,647674805,89.235,0.565,89.781,66.364,1
1785812788,714342529,89.462,0.543,89.986,66.873,1
1785812788,781009766,91.237,0.56,91.777,68.458,1
1785812788,847676025,89.278,0.659,89.918,64.807,1
1785812788,914341309,90.353,0.558,90.89,67.638,1
1785812788,981005859,95.371,0.589,95.94,71.715,1
1785812789,47669678,93.417,0.636,94.035,64.758,1
1785812789,114332764,93.31,0.724,94.015,66.643,1
1785812789,180994873,91.732,0.624,92.336,64.984,1
1785812789,247656006,91.545,0.749,92.274,66.599,1
1785812789,314316650,90.974,0.554,91.507,65.895,1
1785812789,380976074,90.038,0.6,90.617,65.768,1
1785812789,447635010,89.708,0.555,90.314,66.286,1
1785812789,514292969,90.172,0.541,90.693,67.108,1
1785812789,580950195,92.442,0.566,92.986,68.95,1
1785812789,647654541,92.279,0.556,92.815,66.534,1
1785812789,714406738,90.933,0.558,91.471,65.408,1
1785812789,781160156,91.935,0.623,92.537,67.819,1
1785812789,847915039,92.918,0.536,93.434,67.652,1
1785812789,914671631,94.098,0.957,95.036,68.354,1
1785812789,981429199,95.401,0.573,95.954,67.679,1
1785812790,48188477,90.508,0.515,91.003,61.81,1
1785812790,114948975,93.166,0.552,93.697,69.454,1
1785812790,181710693,89.563,0.569,90.114,63.179,1
1785812790,248474121,92.871,0.552,93.404,70.054,1
1785812790,315238770,90.072,0.557,90.61,63.97,1
1785812790,382004883,92.385,0.601,92.967,69.123,1
1785812790,448772217,95.252,0.613,95.846,69.646,1
1785812790,515541260,91.486,0.557,92.024,62.947,1
1785812790,582311279,90.855,0.884,91.72,66.465,1
1785812790,649037354,89.596,0.618,90.194,65.201,1
1785812790,715718750,92.48,0.554,93.013,69.501,1
1785812790,782399658,90.067,0.568,90.616,64.283,1
1785812790,849080078,89.988,0.534,90.503,66.568,1
1785812790,915759766,92.588,0.554,93.122,69.3,1
1785812790,982438965,89.369,0.522,89.873,63.429,1
1785812791,49117676,92.53,0.581,93.091,69.895,1
1785812791,115795654,91.96,0.586,92.464,66.054,1
1785812791,182472900,89.58,0.539,90.1,64.313,1
1785812791,249149658,91.224,0.652,91.856,68.431,1
1785812791,315825928,90.535,0.579,91.091,65.912,1
1785812791,382501709,89.798,0.639,90.4,65.985,1
1785812791,449176758,89.03,0.562,89.572,65.847,1
1785812791,515851074,90.23,0.638,90.844,67.945,1
1785812791,582524902,92.648,0.563,93.19,69.023,1
1785812791,649210693,91.137,0.543,91.658,65.154,1
1785812791,715907471,92.306,0.634,92.917,67.954,1
1785812791,782604248,90.102,0.546,90.625,64.405,1
1785812791,849300781,92.99,0.554,93.506,69.578,1
1785812791,915997070,92.804,0.614,93.401,66.589,1
1785812791,982693359,93.284,0.631,93.896,67.192,1
1785812792,49389404,90.827,0.554,91.361,64.161,1
1785812792,116085205,95.827,0.567,96.375,71.71,1
1785812792,182780762,91.46,0.586,92.027,62.347,1
1785812792,249476074,92.421,0.563,92.961,67.629,1
1785812792,816349365,303.521,0.668,304.162,778.07,1
