stamp_sec,stamp_nanosec,capture_sec,capture_nanosec,detect_period_ms,count,image_w,image_h,processing_ms,detect_ms,img_ms,worker_call_ms,ipc_overhead_ms,pre_ms,dpu_ms,post_ms,worker_ms,detection_publish_ms,overlay_ms,age_in_ms,frame_age_ms
1785989054,252052246,1785989054,252052246,,5,848,480,65.073,64.092,7.211,56.88,19.957,9.659,17.386,9.878,36.924,0.976,0.005,55.983,121.077
1785989054,318583252,1785989054,318583252,69.053,5,848,480,59.876,59.183,2.726,56.457,17.616,11.22,17.534,10.086,38.841,0.689,0.004,63.876,123.611
1785989054,385164551,1785989054,385164551,46.331,5,848,480,45.273,44.415,1.814,42.601,10.142,10.331,17.268,4.86,32.459,0.851,0.007,58.045,103.373
1785989054,418479492,1785989054,418479492,45.078,5,848,480,44.535,43.658,1.469,42.189,10.341,9.055,17.104,5.689,31.848,0.871,0.005,70.546,115.114
1785989054,518421143,1785989054,518421143,71.055,5,848,480,40.013,39.178,1.75,37.428,6.719,9.347,17.165,4.197,30.709,0.83,0.005,46.186,86.229
1785989054,585046387,1785989054,585046387,66.831,5,848,480,42.432,41.291,2.044,39.247,8.704,8.439,17.384,4.72,30.543,1.134,0.006,43.976,86.445
1785989054,651669434,1785989054,651669434,65.822,5,848,480,41.216,40.512,2.089,38.423,7.268,8.313,17.346,5.496,31.155,0.698,0.006,44.39,85.671
1785989054,751600586,1785989054,751600586,104.101,5,848,480,42.984,42.194,2.842,39.352,7.79,8.879,17.309,5.374,31.562,0.785,0.005,46.793,89.807
1785989054,818218506,1785989054,818218506,68.604,5,848,480,47.55,46.65,3.368,43.281,11.282,9.905,17.778,4.317,32.0,0.895,0.005,44.214,91.79
1785989054,851526855,1785989054,851526855,163.866,5,848,480,163.417,162.457,4.135,158.322,63.318,65.025,17.05,12.93,95.004,0.954,0.006,59.041,222.363
1785989055,18060791,1785989055,18060791,76.871,5,848,480,76.32,75.401,1.122,74.278,14.443,35.752,17.329,6.755,59.836,0.914,0.006,56.325,132.693
1785989055,51365967,1785989055,51365967,57.857,5,848,480,57.424,56.556,9.52,47.037,10.853,12.504,17.254,6.427,36.184,0.863,0.005,99.771,157.239
1785989055,117975098,1785989055,117975098,44.749,5,848,480,44.316,43.57,0.944,42.625,8.172,12.356,17.048,5.049,34.453,0.74,0.006,91.02,135.381
1785989055,151278809,1785989055,151278809,75.079,5,848,480,73.118,72.242,1.752,70.49,28.661,19.495,17.482,4.853,41.83,0.869,0.007,104.024,177.17
1785989055,251186768,1785989055,251186768,62.147,5,848,480,61.597,60.799,6.453,54.346,13.105,18.936,16.882,5.423,41.241,0.791,0.008,77.757,139.42
1785989055,351091553,1785989055,351091553,61.964,5,848,480,42.463,41.472,1.883,39.589,7.674,9.352,17.414,5.148,31.914,0.985,0.006,58.963,101.462
1785989055,384453613,1785989055,384453613,61.625,5,848,480,58.579,57.775,5.177,52.598,16.444,9.113,22.245,4.797,36.155,0.797,0.006,71.109,129.734
1785989055,451179688,1785989055,451179688,72.92,5,848,480,69.252,68.319,5.446,62.873,21.564,9.601,17.435,14.272,41.309,0.927,0.007,66.622,135.917
1785989055,517907959,1785989055,517907959,58.384,5,848,480,55.02,54.247,4.982,49.265,13.859,13.444,17.377,4.585,35.406,0.768,0.005,72.513,127.562
1785989055,584638672,1785989055,584638672,64.597,5,848,480,59.333,58.634,5.156,53.478,9.873,15.137,22.173,6.295,43.605,0.694,0.005,67.342,125.426
1785989055,651372070,1785989055,651372070,66.094,5,848,480,63.184,62.489,5.161,57.328,11.757,14.968,16.818,13.784,45.571,0.691,0.004,61.566,124.782
1785989055,718107666,1785989055,718107666,65.745,5,848,480,62.887,62.102,4.956,57.146,11.44,14.949,16.866,13.89,45.706,0.78,0.005,60.881,126.038
1785989055,784845703,1785989055,784845703,64.48,5,848,480,59.569,58.8,7.984,50.817,8.583,14.896,16.783,10.555,42.234,0.764,0.004,61.943,121.535
1785989055,851586182,1785989055,851586182,69.29,5,848,480,68.893,68.116,7.064,61.052,14.691,15.241,16.909,14.211,46.361,0.773,0.004,55.154,124.085
1785989055,918329102,1785989055,918329102,50.357,5,848,480,47.652,46.837,5.452,41.385,9.655,9.129,17.28,5.321,31.73,0.803,0.011,60.033,107.729
1785989055,951701416,1785989055,951701416,96.785,5,848,480,88.386,87.51,11.795,75.715,20.848,31.18,18.245,5.442,54.867,0.869,0.007,82.734,171.122
1785989056,18447998,1785989056,18447998,85.346,5,848,480,84.91,84.145,6.442,77.703,30.238,25.769,17.319,4.376,47.465,0.761,0.004,104.766,189.712
1785989056,151948486,1785989056,151948486,68.494,5,848,480,65.751,65.003,2.536,62.466,14.337,19.408,18.602,10.119,48.13,0.743,0.005,58.942,126.986
1785989056,218702393,1785989056,218702393,63.082,5,848,480,57.913,57.093,7.359,49.733,13.534,10.917,17.823,7.46,36.2,0.816,0.005,63.101,121.037
1785989056,252080078,1785989056,252080078,62.955,5,848,480,59.129,58.396,3.615,54.782,7.891,16.553,16.771,13.567,46.891,0.728,0.005,91.461,150.609
1785989056,352216553,1785989056,352216553,65.861,5,848,480,58.147,57.335,2.346,54.99,8.195,16.596,16.773,13.426,46.795,0.806,0.005,58.168,116.343
1785989056,418905273,1785989056,418905273,55.774,5,848,480,55.266,54.207,1.159,53.048,9.011,21.206,17.502,5.328,44.036,1.053,0.006,50.121,105.612
1785989056,452249512,1785989056,452249512,49.221,5,848,480,46.462,45.692,1.333,44.359,9.795,9.664,17.691,7.209,34.564,0.766,0.004,74.814,121.3
1785989056,518937500,1785989056,518937500,45.62,5,848,480,45.108,44.24,1.788,42.453,8.052,12.919,17.03,4.452,34.401,0.862,0.006,55.086,100.258
1785989056,552281006,1785989056,552281006,67.846,5,848,480,61.364,57.618,5.341,52.277,8.952,9.051,19.239,15.035,43.325,3.741,0.006,73.369,134.747
1785989056,618968018,1785989056,618968018,53.367,5,848,480,52.743,52.053,4.958,47.095,16.998,8.509,16.961,4.626,30.097,0.686,0.004,68.635,121.415
1785989056,685654053,1785989056,685654053,65.568,5,848,480,65.153,64.498,0.976,63.522,12.136,22.709,16.727,11.95,51.386,0.651,0.004,55.104,120.293
1785989056,752339844,1785989056,752339844,74.283,5,848,480,73.781,72.965,1.016,71.949,17.527,24.415,16.776,13.231,54.422,0.81,0.006,54.076,127.901
1785989056,785682373,1785989056,785682373,67.67,5,848,480,67.23,66.46,1.278,65.182,20.99,22.102,17.767,4.323,44.192,0.765,0.004,94.953,162.222
1785989056,885708984,1785989056,885708984,53.762,5,848,480,53.323,52.487,1.144,51.343,8.55,19.929,17.642,5.222,42.794,0.83,0.005,62.596,115.963
1785989056,919050781,1785989056,919050781,73.805,5,848,480,73.373,72.527,1.05,71.477,25.519,18.565,21.411,5.981,45.958,0.841,0.006,83.034,156.426
1785989057,19075684,1785989057,19075684,89.474,5,848,480,89.036,88.286,0.955,87.331,17.954,38.196,20.857,10.324,69.377,0.745,0.005,56.795,145.876
1785989057,85758057,1785989057,85758057,77.141,5,848,480,75.442,74.636,1.079,73.558,28.506,22.786,17.662,4.603,45.052,0.801,0.005,80.862,156.354
1785989057,185780273,1785989057,185780273,56.996,5,848,480,55.268,54.435,0.98,53.455,7.924,21.898,16.735,6.899,45.532,0.827,0.006,58.016,113.337
1785989057,219120605,1785989057,219120605,43.711,5,848,480,43.231,42.418,1.181,41.237,9.366,9.305,17.235,5.331,31.871,0.806,0.007,80.405,123.677
1785989057,319141113,1785989057,319141113,65.884,5,848,480,41.923,41.128,2.019,39.109,7.483,9.671,17.564,4.391,31.627,0.79,0.005,47.588,89.545
1785989057,352481201,1785989057,352481201,72.936,5,848,480,50.077,49.331,1.052,48.279,10.074,9.894,17.662,10.649,38.205,0.74,0.006,79.045,129.209
1785989057,419200195,1785989057,419200195,78.783,5,848,480,78.261,74.114,4.285,69.83,16.413,28.044,18.889,6.483,53.416,4.137,0.009,62.902,141.229
1785989057,485920410,1785989057,485920410,59.221,5,848,480,58.722,57.942,1.79,56.152,17.385,16.841,17.272,4.655,38.767,0.775,0.005,74.935,133.781
1785989057,552641846,1785989057,552641846,55.674,5,848,480,55.132,54.421,4.651,49.769,18.652,8.491,18.08,4.546,31.117,0.707,0.004,67.477,122.645
1785989057,619364502,1785989057,619364502,43.226,5,848,480,41.073,40.075,0.799,39.276,8.207,9.612,17.276,4.18,31.068,0.992,0.006,58.056,99.171
1785989057,686088135,1785989057,686088135,65.856,5,848,480,41.15,40.447,1.759,38.689,6.874,10.714,16.963,4.138,31.814,0.698,0.005,57.109,98.338
1785989057,752812744,1785989057,752812744,61.239,5,848,480,39.644,38.93,0.901,38.029,7.111,8.786,17.348,4.784,30.918,0.709,0.005,53.131,92.797
1785989057,852902100,1785989057,852902100,92.538,5,848,480,40.236,39.557,2.088,37.469,6.861,8.462,17.353,4.793,30.608,0.674,0.004,44.989,85.244
1785989057,919629639,1785989057,919629639,67.839,5,848,480,40.318,39.564,1.043,38.522,7.786,8.538,17.491,4.706,30.735,0.747,0.007,46.017,86.36
1785989057,986358398,1785989057,986358398,70.554,5,848,480,43.165,41.288,1.807,39.481,6.94,8.698,19.235,4.607,32.541,1.872,0.006,46.993,90.194
1785989058,53088135,1785989058,53088135,76.406,5,848,480,52.591,51.85,1.174,50.676,7.813,18.602,19.521,4.739,42.863,0.736,0.005,47.25,99.862
1785989058,86453613,1785989058,86453613,54.077,5,848,480,53.608,52.908,1.037,51.87,15.17,11.211,17.514,7.975,36.7,0.695,0.005,66.929,120.575
1785989058,153185059,1785989058,153185059,50.166,5,848,480,49.64,48.623,1.797,46.825,11.897,13.196,17.281,4.451,34.928,1.01,0.006,54.333,104.312
1785989058,186551270,1785989058,186551270,56.386,5,848,480,54.226,53.413,3.269,50.144,15.256,13.306,17.432,4.149,34.887,0.808,0.005,72.787,127.026
1785989058,286651611,1785989058,286651611,62.693,5,848,480,39.803,38.983,1.828,37.154,6.742,8.604,17.459,4.349,30.412,0.816,0.004,49.789,89.618
1785989058,353386230,1785989058,353386230,62.237,5,848,480,40.313,39.538,1.605,37.933,7.318,8.604,17.084,4.926,30.614,0.772,0.004,44.782,85.118
1785989058,420087402,1785989058,420087402,68.304,5,848,480,40.76,40.035,1.944,38.091,7.238,8.476,17.219,5.158,30.853,0.721,0.004,45.939,86.722
1785989058,486788086,1785989058,486788086,63.978,5,848,480,39.583,38.858,1.599,37.259,6.876,8.686,17.055,4.643,30.383,0.721,0.004,44.394,84.001
1785989058,553488281,1785989058,553488281,69.851,5,848,480,41.042,40.181,2.822,37.358,6.838,8.494,17.242,4.784,30.52,0.857,0.005,46.09,87.152
1785989058,620188232,1785989058,620188232,68.242,5,848,480,44.253,43.601,1.629,41.972,7.545,8.739,17.456,8.232,34.427,0.648,0.004,44.414,88.689
1785989058,686887939,1785989058,686887939,64.821,5,848,480,39.852,39.16,1.733,37.427,6.967,8.441,17.314,4.705,30.46,0.688,0.004,46.937,86.813
1785989058,753587158,1785989058,753587158,68.514,5,848,480,42.101,41.395,4.277,37.118,7.044,8.453,17.513,4.109,30.074,0.701,0.005,46.504,88.634
1785989058,820286133,1785989058,820286133,64.345,5,848,480,41.041,40.18,1.712,38.468,7.382,8.491,17.187,5.408,31.086,0.856,0.004,45.211,86.276
1785989058,886984863,1785989058,886984863,66.121,5,848,480,40.649,39.858,2.302,37.556,6.889,8.387,17.185,5.096,30.668,0.786,0.005,45.111,85.699
1785989058,953682861,1785989058,953682861,69.246,5,848,480,41.864,40.98,1.821,39.16,8.088,8.561,17.607,4.903,31.072,0.879,0.005,46.361,88.245
1785989059,20380859,1785989059,20380859,69.228,5,848,480,44.816,44.098,1.582,42.516,8.709,9.087,17.258,7.462,33.807,0.713,0.005,46.043,90.78
1785989059,53729736,1785989059,53729736,74.47,5,848,480,74.023,73.246,1.486,71.76,26.225,17.849,17.281,10.405,45.535,0.771,0.006,57.836,131.914
1785989059,120427002,1785989059,120427002,53.225,5,848,480,52.636,51.934,0.873,51.061,13.545,14.971,17.529,5.016,37.516,0.698,0.004,65.767,118.42
1785989059,187124023,1785989059,187124023,59.879,5,848,480,59.489,58.679,0.901,57.778,10.343,19.767,17.237,10.431,47.435,0.804,0.007,52.08,111.621
1785989059,220472412,1785989059,220472412,43.206,5,848,480,41.352,40.572,0.869,39.703,7.922,8.578,17.438,5.764,31.781,0.775,0.005,80.089,121.464
1785989059,320517090,1785989059,320517090,65.218,5,848,480,40.035,39.193,2.137,37.056,6.964,8.368,17.096,4.628,30.092,0.837,0.005,46.584,86.635
1785989059,387209229,1785989059,387209229,68.543,5,848,480,42.193,41.361,2.282,39.078,6.991,8.298,19.845,3.944,32.088,0.827,0.005,46.272,88.493
1785989059,420553223,1785989059,420553223,62.669,5,848,480,57.472,56.806,1.944,54.862,16.945,12.769,16.803,8.345,37.917,0.662,0.004,60.316,117.864
1785989059,487240723,1785989059,487240723,42.082,5,848,480,41.634,40.93,0.985,39.945,9.419,9.098,17.324,4.104,30.526,0.701,0.004,51.534,93.207
1785989059,553927979,1785989059,553927979,69.554,5,848,480,40.388,39.593,1.681,37.912,6.775,9.679,17.282,4.176,31.137,0.791,0.005,55.661,96.072
1785989059,620614502,1785989059,620614502,59.09,5,848,480,40.565,39.879,0.868,39.011,8.783,8.564,17.376,4.288,30.228,0.681,0.004,47.896,88.476
1785989059,687300537,1785989059,687300537,67.017,5,848,480,41.776,41.095,2.603,38.492,7.898,8.448,17.893,4.253,30.594,0.677,0.004,47.012,88.808
1785989059,753986084,1785989059,753986084,64.582,5,848,480,39.271,38.318,1.632,36.686,6.434,8.13,17.505,4.617,30.253,0.947,0.006,47.412,86.715
1785989059,820671143,1785989059,820671143,66.093,5,848,480,40.299,39.301,1.588,37.713,7.078,8.541,17.058,5.036,30.635,0.992,0.007,45.791,86.131
1785989059,887355713,1785989059,887355713,67.204,5,848,480,40.83,40.114,2.215,37.9,6.902,8.551,17.571,4.876,30.998,0.712,0.004,45.778,86.632
1785989059,954039795,1785989059,954039795,66.792,5,848,480,40.619,39.869,1.687,38.182,6.98,8.32,17.229,5.653,31.202,0.745,0.005,46.097,86.744
1785989060,20723389,1785989060,20723389,108.167,5,848,480,82.061,81.288,1.012,80.276,16.911,26.372,17.995,18.999,63.365,0.768,0.004,46.138,128.225
1785989060,54064941,1785989060,54064941,65.056,5,848,480,64.511,63.694,1.036,62.658,25.203,11.381,18.095,7.979,37.455,0.813,0.005,95.392,159.944
1785989060,154088867,1785989060,154088867,68.321,5,848,480,67.858,67.126,1.223,65.902,21.987,21.977,17.401,4.537,43.915,0.728,0.004,60.339,128.249
1785989060,220770996,1785989060,220770996,62.372,5,848,480,61.955,61.175,0.932,60.242,26.889,9.051,17.123,7.179,33.353,0.776,0.004,61.929,123.923
1785989060,287452393,1785989060,287452393,52.594,5,848,480,51.585,50.591,3.547,47.044,9.555,15.21,16.947,5.332,37.489,0.754,0.24,58.566,110.1
1785989060,320792969,1785989060,320792969,46.243,5,848,480,45.459,44.7,0.899,43.801,12.568,9.36,17.677,4.197,31.234,0.755,0.004,77.245,122.741
1785989060,387479004,1785989060,387479004,55.519,5,848,480,55.124,44.832,0.899,43.934,7.519,15.078,17.143,4.193,36.414,10.282,0.009,56.416,111.599
1785989060,420823975,1785989060,420823975,63.531,5,848,480,57.939,56.75,2.352,54.398,8.244,21.343,16.856,7.954,46.154,1.18,0.009,83.803,141.803
1785989060,487513916,1785989060,487513916,47.662,5,848,480,47.075,46.309,1.024,45.285,7.857,8.79,16.867,11.771,37.428,0.761,0.006,75.624,122.733
1785989060,554203369,1785989060,554203369,46.743,5,848,480,46.334,45.221,1.019,44.202,12.972,10.062,17.181,3.988,31.23,1.107,0.006,56.414,102.8
1785989060,587547852,1785989060,587547852,55.421,5,848,480,52.559,51.71,1.211,50.499,19.107,8.665,17.71,5.016,31.392,0.843,0.006,72.349,124.871
1785989060,654236572,1785989060,654236572,60.227,5,848,480,59.693,58.944,1.55,57.395,13.821,17.984,16.8,8.791,43.574,0.744,0.005,58.826,118.396
1785989060,720925049,1785989060,720925049,43.517,5,848,480,43.034,42.348,1.098,41.251,7.582,11.976,17.536,4.156,33.668,0.682,0.004,52.155,95.226
1785989060,787612793,1785989060,787612793,61.565,5,848,480,39.793,39.018,1.641,37.377,7.174,8.775,17.236,4.191,30.202,0.771,0.004,50.287,90.105
1785989060,854300293,1785989060,854300293,66.189,5,848,480,43.076,42.315,1.058,41.257,7.003,8.612,21.289,4.352,34.254,0.756,0.005,46.511,89.607
1785989060,920987305,1785989060,920987305,63.179,5,848,480,40.077,39.388,1.737,37.651,7.345,8.554,17.055,4.697,30.306,0.685,0.004,45.997,86.097
1785989060,987673828,1785989060,987673828,71.031,5,848,480,43.877,42.987,1.552,41.435,8.063,8.851,17.148,7.374,33.372,0.885,0.005,46.542,90.476
1785989061,54360107,1785989061,54360107,86.299,5,848,480,61.807,60.997,1.576,59.421,8.732,8.735,18.895,23.058,50.689,0.804,0.006,48.226,110.066
1785989061,87703125,1785989061,87703125,54.287,5,848,480,53.814,53.109,0.931,52.178,13.079,9.045,24.326,5.728,39.099,0.701,0.004,77.148,130.998
1785989061,154388428,1785989061,154388428,57.376,5,848,480,57.14,56.104,0.885,55.219,17.218,15.392,18.003,4.605,38.001,0.867,0.169,64.676,121.87
1785989061,221073730,1785989061,221073730,63.726,5,848,480,63.044,62.382,1.128,61.253,23.141,11.438,17.269,9.405,38.112,0.658,0.005,55.653,118.73
1785989061,287758301,1785989061,287758301,43.884,5,848,480,42.522,41.193,1.391,39.802,8.299,9.863,17.545,4.096,31.504,1.324,0.005,53.379,95.932
1785989061,354442627,1785989061,354442627,61.835,5,848,480,39.62,38.85,1.482,37.369,7.03,8.656,17.447,4.235,30.339,0.765,0.004,51.438,91.081
1785989061,421135742,1785989061,421135742,68.223,5,848,480,39.471,38.729,0.906,37.823,6.981,9.037,17.347,4.458,30.841,0.737,0.004,53.117,92.611
1785989061,454482178,1785989061,454482178,59.121,5,848,480,52.421,51.712,0.865,50.847,16.614,9.838,17.853,6.541,34.232,0.704,0.004,66.004,121.534
1785989061,521174805,1785989061,521174805,47.536,5,848,480,43.873,43.121,2.934,40.186,7.555,9.73,18.501,4.4,32.631,0.747,0.006,55.322,99.24
1785989061,554520996,1785989061,554520996,53.043,5,848,480,51.602,50.736,2.542,48.195,9.441,16.492,17.112,5.15,38.753,0.859,0.006,67.296,118.945
1785989061,587866943,1785989061,587866943,73.203,5,848,480,72.731,72.057,14.142,57.916,20.67,14.803,17.322,5.122,37.246,0.668,0.005,86.018,158.783
1785989061,687904785,1785989061,687904785,45.367,5,848,480,43.926,43.044,1.478,41.566,8.522,11.026,17.53,4.488,33.044,0.876,0.007,60.217,104.183
1785989061,754596191,1785989061,754596191,56.619,5,848,480,43.938,43.19,2.403,40.787,8.339,10.561,17.624,4.263,32.448,0.743,0.005,50.079,94.041
1785989061,787941650,1785989061,787941650,70.372,5,848,480,65.906,65.18,1.983,63.197,13.331,22.191,17.696,9.979,49.866,0.721,0.005,65.127,131.079
1785989061,854632568,1785989061,854632568,62.875,5,848,480,62.4,61.613,0.991,60.622,16.665,17.633,17.374,8.95,43.957,0.783,0.005,64.813,127.39
1785989061,921323242,1785989061,921323242,59.341,5,848,480,58.467,57.679,1.247,56.432,14.378,13.692,17.235,11.127,42.054,0.783,0.006,61.401,119.914
1785989061,988013428,1785989061,988013428,70.351,5,848,480,65.592,64.818,2.651,62.167,15.644,12.427,17.022,17.073,46.523,0.766,0.007,57.948,123.564
1785989062,54703125,1785989062,54703125,75.159,5,848,480,74.746,73.931,0.839,73.092,33.99,16.498,18.262,4.343,39.102,0.81,0.005,57.249,132.031
1785989062,121392578,1785989062,121392578,49.808,5,848,480,49.423,48.397,0.987,47.411,16.132,9.581,17.2,4.497,31.278,1.019,0.007,65.69,115.174
1785989062,154737305,1785989062,154737305,51.615,5,848,480,49.309,48.413,7.912,40.501,6.996,11.922,17.353,4.23,33.505,0.89,0.006,84.091,133.446
1785989062,221426270,1785989062,221426270,54.363,5,848,480,53.868,53.108,1.007,52.1,20.446,9.238,17.34,5.076,31.654,0.756,0.004,67.189,121.093
1785989062,288114990,1785989062,288114990,67.212,5,848,480,65.807,65.124,0.933,64.19,13.507,18.798,16.92,14.965,50.683,0.679,0.004,55.779,121.616
1785989062,354803467,1785989062,354803467,41.236,5,848,480,40.608,39.803,0.915,38.887,7.453,9.821,17.502,4.111,31.434,0.8,0.005,55.52,96.165
1785989062,421662354,1785989062,421662354,61.855,5,848,480,41.586,40.856,2.097,38.759,7.471,8.979,18.098,4.21,31.288,0.725,0.005,49.557,91.16
1785989062,488522949,1785989062,488522949,63.485,5,848,480,40.89,40.207,2.057,38.15,7.302,8.618,17.205,5.026,30.849,0.679,0.004,46.871,87.799
1785989062,521953857,1785989062,521953857,63.949,5,848,480,56.413,55.679,0.771,54.908,13.686,14.617,16.858,9.746,41.222,0.729,0.005,61.87,118.302
1785989062,588817383,1785989062,588817383,54.829,5,848,480,54.428,53.239,0.935,52.304,10.978,19.759,16.723,4.843,41.326,1.182,0.007,51.805,106.438
1785989062,622249756,1785989062,622249756,53.455,5,848,480,49.922,49.069,9.862,39.207,7.991,8.907,17.673,4.637,31.216,0.848,0.004,76.35,126.29
1785989062,689115967,1785989062,689115967,44.756,5,848,480,44.291,42.556,4.21,38.346,8.443,8.594,17.179,4.129,29.902,1.726,0.009,59.857,104.212
1785989062,722549805,1785989062,722549805,52.769,5,848,480,46.679,45.865,8.009,37.856,7.368,8.449,17.402,4.637,30.488,0.806,0.007,76.825,123.537
1785989062,789418701,1785989062,789418701,60.356,5,848,480,59.934,59.235,0.989,58.247,24.712,8.937,16.986,7.611,33.535,0.694,0.004,57.032,117.002
1785989062,856289551,1785989062,856289551,52.595,5,848,480,52.145,50.936,1.501,49.435,7.524,19.602,18.045,4.264,41.911,1.201,0.008,50.55,102.785
1785989062,889725586,1785989062,889725586,55.48,5,848,480,50.627,49.946,3.229,46.718,16.176,8.916,17.293,4.333,30.542,0.676,0.004,74.136,124.769
1785989062,956599365,1785989062,956599365,62.594,5,848,480,62.008,61.246,0.837,60.409,26.227,10.215,16.843,7.124,34.182,0.758,0.004,58.486,120.496
1785989062,990036865,1785989062,990036865,57.784,5,848,480,57.28,56.519,1.415,55.105,9.69,14.136,23.333,7.947,45.415,0.757,0.004,87.522,144.841
1785989063,56913086,1785989063,56913086,63.78,5,848,480,63.358,62.452,1.338,61.113,25.586,10.638,18.96,5.929,35.527,0.898,0.008,78.352,141.764
1785989063,123791260,1785989063,123791260,71.31,5,848,480,70.782,69.795,5.953,63.843,13.354,26.257,16.942,7.29,50.489,0.98,0.007,75.365,146.2
1785989063,190671387,1785989063,190671387,73.779,5,848,480,69.705,68.963,9.419,59.544,14.038,10.907,26.535,8.064,45.506,0.737,0.006,83.346,153.073
1785989063,290995117,1785989063,290995117,65.941,5,848,480,59.726,58.943,6.568,52.376,12.971,11.388,21.596,6.421,39.405,0.778,0.004,58.946,118.692
1785989063,357877686,1785989063,357877686,39.74,5,848,480,39.356,38.585,1.229,37.356,7.342,8.855,17.255,3.905,30.014,0.767,0.004,52.154,91.55
1785989063,424549072,1785989063,424549072,71.083,5,848,480,46.467,45.769,1.518,44.251,6.579,15.886,17.652,4.133,37.671,0.694,0.004,49.47,95.959
1785989063,457884277,1785989063,457884277,52.503,5,848,480,51.922,51.231,0.945,50.286,9.175,17.775,18.783,4.553,41.111,0.687,0.004,63.186,115.126
1785989063,524554443,1785989063,524554443,56.461,5,848,480,55.998,54.932,0.818,54.114,14.439,17.788,16.692,5.194,39.675,1.058,0.008,48.889,104.964
1785989063,557889404,1785989063,557889404,65.897,5,848,480,49.604,48.669,1.184,47.486,7.521,18.771,16.68,4.513,39.965,0.928,0.007,87.854,137.494
1785989063,624558350,1785989063,624558350,48.301,5,848,480,47.7,46.925,0.997,45.928,7.911,16.219,17.282,4.517,38.018,0.77,0.005,71.381,119.112
1785989063,691226563,1785989063,691226563,65.964,5,848,480,65.488,64.748,0.973,63.775,11.441,17.869,16.74,17.725,52.334,0.735,0.005,52.886,118.418
1785989063,757894043,1785989063,757894043,61.588,5,848,480,61.152,60.342,1.056,59.285,20.942,17.488,16.923,3.932,38.343,0.806,0.005,52.14,113.343
1785989063,824560791,1785989063,824560791,48.232,5,848,480,46.495,45.791,4.173,41.618,10.115,9.839,17.487,4.176,31.502,0.699,0.005,48.374,94.897
1785989063,857893799,1785989063,857893799,59.575,5,848,480,54.814,54.084,0.888,53.195,23.008,8.517,17.528,4.141,30.187,0.726,0.005,66.289,121.138
1785989063,924559326,1785989063,924559326,67.905,5,848,480,67.491,66.698,1.017,65.681,17.017,16.856,16.89,14.917,48.663,0.788,0.005,54.847,122.378
1785989063,991224121,1785989063,991224121,69.75,5,848,480,69.283,68.502,0.837,67.665,10.261,23.073,16.855,17.477,57.405,0.775,0.006,56.141,125.471
1785989064,57888184,1785989064,57888184,61.519,5,848,480,60.046,59.002,0.935,58.066,26.586,9.466,17.346,4.668,31.48,1.038,0.006,60.243,120.392
1785989064,91219727,1785989064,91219727,67.086,5,848,480,66.585,65.824,2.468,63.356,7.903,25.521,17.005,12.926,55.452,0.756,0.005,87.449,154.07
1785989064,191213623,1785989064,191213623,51.72,5,848,480,51.298,50.492,0.938,49.554,16.397,11.205,16.661,5.291,33.157,0.802,0.004,54.46,105.796
1785989064,224544678,1785989064,224544678,77.268,5,848,480,75.533,74.864,0.921,73.943,12.552,33.414,16.642,11.335,61.391,0.665,0.005,74.182,149.733
1785989064,324536377,1785989064,324536377,42.4,5,848,480,41.909,41.22,0.864,40.356,7.208,11.51,17.48,4.158,33.148,0.685,0.004,50.193,92.141
1785989064,391202881,1785989064,391202881,63.254,5,848,480,39.38,38.592,1.665,36.926,6.738,8.68,17.508,4.0,30.189,0.784,0.005,49.323,88.728
1785989064,457874268,1785989064,457874268,64.547,5,848,480,39.288,38.602,1.18,37.422,6.993,8.381,17.189,4.859,30.429,0.682,0.004,47.293,86.603
1785989064,524544678,1785989064,524544678,66.186,5,848,480,40.656,39.907,1.894,38.013,6.961,8.45,17.244,5.359,31.052,0.744,0.005,45.444,86.118
1785989064,591214600,1785989064,591214600,66.611,5,848,480,40.696,39.871,2.058,37.813,7.025,8.492,17.294,5.002,30.787,0.82,0.005,45.341,86.06
1785989064,657883545,1785989064,657883545,66.358,5,848,480,40.483,39.611,1.631,37.98,6.671,8.54,17.276,5.493,31.309,0.865,0.006,45.242,85.846
1785989064,724551758,1785989064,724551758,69.763,5,848,480,42.314,41.604,3.437,38.168,7.562,8.968,17.358,4.28,30.605,0.705,0.005,46.633,88.844
1785989064,791219238,1785989064,791219238,63.977,5,848,480,41.445,40.774,1.747,39.028,7.037,8.839,17.107,6.044,31.99,0.664,0.007,44.685,86.154
1785989064,824552734,1785989064,824552734,46.892,5,848,480,42.178,41.389,1.744,39.645,6.979,11.375,17.097,4.194,32.666,0.784,0.006,57.499,99.723
1785989064,924552002,1785989064,924552002,87.097,5,848,480,40.786,40.116,2.712,37.404,6.933,8.322,17.231,4.919,30.471,0.666,0.004,46.004,86.808
1785989064,991217285,1785989064,991217285,67.022,5,848,480,40.041,39.145,1.822,37.323,7.186,8.517,17.179,4.441,30.137,0.891,0.004,47.116,87.166
1785989065,57881592,1785989065,57881592,101.599,5,848,480,67.388,66.63,1.685,64.945,12.903,19.07,18.083,14.889,52.042,0.753,0.004,54.686,122.099
1785989065,124545410,1785989065,124545410,54.763,5,848,480,54.337,53.542,0.898,52.644,8.944,12.653,17.557,13.49,43.7,0.789,0.006,55.826,110.206
1785989065,157876953,1785989065,157876953,54.821,5,848,480,53.282,52.392,3.954,48.438,12.228,11.847,17.464,6.899,36.21,0.885,0.005,78.387,131.693
1785989065,224539551,1785989065,224539551,65.606,5,848,480,65.1,64.408,0.823,63.585,16.138,25.664,17.654,4.129,47.447,0.688,0.004,65.495,130.634
1785989065,291201172,1785989065,291201172,53.31,5,848,480,51.821,51.02,0.936,50.084,10.705,14.947,17.844,6.588,39.379,0.795,0.006,65.431,117.292
1785989065,357862793,1785989065,357862793,42.695,5,848,480,40.779,39.979,1.076,38.903,7.761,9.473,17.418,4.252,31.143,0.794,0.007,52.514,93.315
1785989065,424617432,1785989065,424617432,60.815,5,848,480,39.863,39.206,1.748,37.458,7.026,8.608,17.333,4.49,30.432,0.653,0.004,47.488,87.372
1785989065,491373535,1785989065,491373535,66.049,5,848,480,40.437,39.707,1.744,37.963,7.249,8.391,17.427,4.896,30.714,0.725,0.005,46.205,86.669
1785989065,524752197,1785989065,524752197,65.388,5,848,480,60.4,59.741,3.656,56.085,18.018,8.583,16.845,12.639,38.067,0.655,0.004,58.243,118.675
1785989065,591510498,1785989065,591510498,40.129,5,848,480,39.746,38.979,0.74,38.239,7.528,9.342,17.33,4.04,30.711,0.762,0.005,52.265,92.052
1785989065,624890137,1785989065,624890137,60.006,5,848,480,53.657,52.966,2.109,50.857,14.273,10.648,17.053,8.884,36.585,0.686,0.004,64.999,118.722
1785989065,691650391,1785989065,691650391,44.063,5,848,480,43.625,42.873,0.838,42.035,8.172,12.358,17.469,4.036,33.862,0.748,0.005,52.313,95.977
1785989065,758412354,1785989065,758412354,77.007,5,848,480,51.607,50.763,1.75,49.013,7.251,18.513,17.964,5.284,41.761,0.839,0.005,54.591,106.236
1785989065,791793701,1785989065,791793701,47.671,5,848,480,46.814,46.134,1.517,44.617,14.623,8.657,17.12,4.216,29.994,0.677,0.004,73.668,120.525
1785989065,891940186,1785989065,891940186,67.813,5,848,480,42.231,41.491,2.04,39.452,6.792,8.595,19.945,4.12,32.66,0.735,0.005,45.928,88.178
1785989065,958706543,1785989065,958706543,64.375,5,848,480,39.811,39.011,1.852,37.159,6.772,8.612,17.263,4.513,30.388,0.793,0.006,46.031,85.807
1785989066,25474121,1785989066,25474121,72.639,5,848,480,44.379,43.493,0.861,42.632,11.966,8.309,17.274,5.082,30.666,0.878,0.007,47.258,91.68
1785989066,92243164,1785989066,92243164,86.272,5,848,480,57.442,56.44,1.67,54.77,9.929,18.5,16.92,9.421,44.841,0.995,0.007,53.699,111.188
1785989066,125628174,1785989066,125628174,48.51,5,848,480,47.978,47.33,0.975,46.355,11.564,10.607,17.591,6.593,34.791,0.643,0.005,78.277,126.285
1785989066,192399170,1785989066,192399170,43.655,5,848,480,43.189,42.345,0.878,41.467,8.734,10.254,17.134,5.345,32.733,0.839,0.006,59.947,106.322
1785989066,292558838,1785989066,292558838,87.626,5,848,480,43.589,42.926,2.199,40.727,7.256,9.452,19.668,4.351,33.471,0.658,0.004,47.025,90.637
1785989066,359332764,1785989066,359332764,64.104,5,848,480,41.069,40.367,2.406,37.961,7.928,8.416,17.538,4.079,30.033,0.697,0.005,46.884,87.968
1785989066,426014648,1785989066,426014648,66.469,5,848,480,42.74,42.03,3.166,38.864,8.894,8.434,17.193,4.343,29.97,0.706,0.004,44.991,87.751
1785989066,492696045,1785989066,492696045,65.476,5,848,480,42.382,41.67,2.308,39.362,8.873,8.528,17.148,4.813,30.489,0.708,0.005,44.158,86.55
1785989066,559376709,1785989066,559376709,65.628,5,848,480,39.745,38.976,1.608,37.368,7.036,8.381,17.024,4.928,30.333,0.765,0.004,45.725,85.493
1785989066,626056885,1785989066,626056885,66.451,5,848,480,40.282,39.604,1.467,38.136,7.508,8.369,17.15,5.11,30.629,0.674,0.005,44.962,85.266
1785989066,692736572,1785989066,692736572,69.998,5,848,480,43.231,42.493,2.021,40.472,8.276,8.503,19.527,4.165,32.195,0.733,0.005,45.334,88.592
1785989066,726075928,1785989066,726075928,68.14,5,848,480,61.839,61.125,7.971,53.154,21.409,9.513,17.752,4.48,31.745,0.709,0.005,61.514,123.387
1785989066,792754639,1785989066,792754639,51.223,5,848,480,50.824,49.755,1.062,48.693,9.222,9.995,19.218,10.257,39.47,1.061,0.008,57.072,107.977
1785989066,859432861,1785989066,859432861,48.978,5,848,480,39.834,39.07,1.199,37.871,6.848,8.859,17.531,4.633,31.023,0.759,0.005,50.376,90.23
1785989066,926110107,1785989066,926110107,66.975,5,848,480,41.094,40.336,1.076,39.26,8.67,8.993,17.557,4.041,30.59,0.754,0.004,49.412,90.528
1785989066,992787109,1785989066,992787109,63.616,5,848,480,39.344,38.603,1.148,37.455,7.149,8.463,17.306,4.537,30.307,0.734,0.007,48.101,87.472
1785989067,59463379,1785989067,59463379,81.884,5,848,480,45.056,44.331,1.025,43.306,7.694,13.186,17.39,5.037,35.613,0.716,0.009,57.601,102.783
1785989067,92801270,1785989067,92801270,61.21,5,848,480,60.71,59.944,1.002,58.943,26.018,10.649,17.427,4.848,32.925,0.714,0.052,69.847,130.596
1785989067,159476563,1785989067,159476563,58.458,5,848,480,57.995,57.286,0.949,56.336,25.152,9.182,17.345,4.657,31.184,0.704,0.004,64.297,122.329
1785989067,226151367,1785989067,226151367,49.566,5,848,480,49.171,47.714,1.105,46.609,10.606,14.054,17.298,4.651,36.003,1.45,0.007,56.015,110.063
1785989067,259488525,1785989067,259488525,57.369,5,848,480,50.192,49.261,7.506,41.755,7.408,12.584,17.448,4.315,34.346,0.927,0.004,79.037,129.255
1785989067,326162354,1785989067,326162354,56.445,5,848,480,55.851,55.089,0.758,54.331,21.356,9.761,16.985,6.23,32.975,0.756,0.005,63.136,119.035
1785989067,392915771,1785989067,392915771,42.208,5,848,480,41.79,41.056,0.929,40.127,7.402,11.249,17.446,4.03,32.724,0.729,0.004,52.65,94.479
1785989067,459749023,1785989067,459749023,67.032,5,848,480,39.898,39.195,1.725,37.47,6.609,9.265,17.572,4.025,30.861,0.698,0.005,54.755,94.679
1785989067,526583740,1785989067,526583740,60.124,5,848,480,40.58,39.888,1.963,37.925,6.721,8.591,17.24,5.373,31.204,0.688,0.004,47.36,87.967
1785989067,593419678,1785989067,593419678,64.153,5,848,480,39.609,38.85,1.67,37.18,6.673,8.154,17.038,5.314,30.507,0.755,0.004,45.648,85.283
1785989067,660257080,1785989067,660257080,68.529,5,848,480,39.65,38.99,1.632,37.357,6.906,8.468,17.232,4.751,30.451,0.655,0.005,47.3,86.973
1785989067,727095703,1785989067,727095703,68.95,5,848,480,42.045,41.332,1.003,40.329,7.198,8.531,20.48,4.12,33.131,0.709,0.004,47.013,89.151
1785989067,793935547,1785989067,793935547,65.642,5,848,480,42.751,41.816,1.894,39.922,9.202,8.765,17.391,4.565,30.72,0.929,0.005,45.125,87.894
1785989067,860776855,1785989067,860776855,67.151,5,848,480,43.088,42.3,4.309,37.992,6.61,8.834,18.271,4.276,31.381,0.783,0.004,45.091,88.197
1785989067,927619629,1785989067,927619629,65.385,5,848,480,41.949,41.265,2.542,38.723,6.958,8.577,18.762,4.426,31.765,0.679,0.004,44.764,86.742
1785989067,994463623,1785989067,994463623,67.682,5,848,480,41.713,40.982,2.173,38.81,7.136,8.575,18.983,4.115,31.673,0.726,0.005,45.839,87.577
1785989068,61308838,1785989068,61308838,74.343,5,848,480,44.478,43.598,2.364,41.234,7.685,11.004,17.657,4.889,33.55,0.874,0.006,50.574,95.081
1785989068,128155518,1785989068,128155518,70.621,5,848,480,47.974,47.206,0.952,46.254,8.794,14.938,17.422,5.1,37.461,0.762,0.006,50.851,98.863
1785989068,161579346,1785989068,161579346,51.56,5,848,480,50.693,49.837,1.482,48.355,10.377,15.711,17.331,4.937,37.978,0.85,0.006,66.262,116.994
1785989068,228427979,1785989068,228427979,57.439,5,848,480,56.998,55.952,1.537,54.415,11.98,16.921,17.405,8.11,42.436,1.041,0.005,50.909,107.586
1785989068,261852783,1785989068,261852783,67.244,5,848,480,65.531,64.43,0.814,63.616,20.755,19.803,18.159,4.9,42.862,1.094,0.007,75.84,141.419
1785989068,328703613,1785989068,328703613,54.464,5,848,480,54.0,53.254,3.59,49.664,10.969,15.863,17.36,5.472,38.695,0.742,0.004,74.971,129.01
1785989068,395502686,1785989068,395502686,57.247,5,848,480,56.719,56.059,1.005,55.054,11.958,14.787,16.714,11.595,43.096,0.655,0.005,62.704,119.458
1785989068,462253418,1785989068,462253418,60.626,5,848,480,60.145,59.229,0.98,58.249,24.757,10.45,16.656,6.386,33.492,0.911,0.005,53.15,113.332
1785989068,529005371,1785989068,529005371,47.022,5,848,480,44.731,44.031,0.976,43.055,7.17,14.279,17.476,4.13,35.885,0.696,0.005,48.847,93.67
1785989068,562381836,1785989068,562381836,53.786,5,848,480,53.312,52.651,0.798,51.853,8.753,16.882,16.856,9.363,43.1,0.658,0.004,60.661,114.01
1785989068,629135986,1785989068,629135986,71.228,5,848,480,70.771,70.083,0.898,69.184,19.07,24.61,16.819,8.685,50.114,0.684,0.004,47.677,118.482
1785989068,695891602,1785989068,695891602,42.723,5,848,480,42.282,41.583,2.018,39.566,7.846,10.196,17.362,4.162,31.719,0.694,0.005,52.134,94.453
1785989068,729269775,1785989068,729269775,55.817,5,848,480,49.744,48.734,1.296,47.438,9.89,9.84,17.515,10.194,37.548,1.001,0.008,67.134,116.911
1785989068,796027344,1785989068,796027344,45.723,5,848,480,44.992,44.199,1.649,42.55,8.917,12.221,17.48,3.931,33.633,0.787,0.007,50.838,95.865
1785989068,829406494,1785989068,829406494,53.427,5,848,480,51.823,51.183,1.377,49.806,14.671,9.328,18.192,7.615,35.135,0.636,0.004,64.063,115.913
1785989068,896166016,1785989068,896166016,47.139,5,848,480,46.753,46.017,4.021,41.996,10.799,9.897,17.157,4.143,31.197,0.731,0.005,49.494,96.285
1785989068,929546143,1785989068,929546143,55.247,5,848,480,53.798,53.083,0.903,52.179,12.282,9.361,17.209,13.327,39.897,0.71,0.005,64.323,118.149
1785989068,996307861,1785989068,996307861,62.422,5,848,480,61.976,60.849,0.812,60.036,18.76,16.042,17.049,8.186,41.276,1.118,0.009,51.803,113.845
1785989069,29688965,1785989069,29688965,74.444,5,848,480,71.602,70.904,19.852,51.051,16.951,9.342,20.471,4.288,34.101,0.695,0.004,83.257,154.874
1785989069,129834961,1785989069,129834961,61.082,5,848,480,60.627,59.948,1.006,58.942,17.341,15.537,16.944,9.12,41.601,0.674,0.005,55.149,115.813
1785989069,196600342,1785989069,196600342,44.657,5,848,480,44.214,43.463,3.392,40.071,8.602,9.38,18.073,4.016,31.469,0.747,0.004,49.45,93.704
1785989069,229983643,1785989069,229983643,57.923,5,848,480,56.038,55.279,1.603,53.676,17.086,10.706,17.422,8.462,36.59,0.713,0.045,62.221,118.283
1785989069,296751465,1785989069,296751465,45.248,5,848,480,44.816,43.984,2.012,41.972,9.225,10.848,17.508,4.391,32.747,0.825,0.008,51.872,96.885
1785989069,330135742,1785989069,330135742,52.683,5,848,480,51.188,50.457,1.212,49.245,14.104,11.137,17.241,6.762,35.14,0.727,0.004,64.8,116.122
1785989069,396863525,1785989069,396863525,44.74,5,848,480,44.248,43.514,1.036,42.478,11.735,9.363,17.238,4.142,30.743,0.729,0.004,49.748,94.032
1785989069,430207031,1785989069,430207031,59.332,5,848,480,57.845,57.181,1.003,56.178,21.691,10.598,16.733,7.157,34.487,0.646,0.018,62.158,120.033
1785989069,496893799,1785989069,496893799,58.184,5,848,480,57.73,57.027,1.016,56.012,22.708,9.133,16.709,7.462,33.304,0.696,0.007,53.753,111.516
1785989069,563580322,1785989069,563580322,44.178,5,848,480,42.724,41.979,3.303,38.676,8.145,9.088,17.311,4.132,30.532,0.738,0.007,46.254,89.014
1785989069,630266357,1785989069,630266357,62.791,5,848,480,40.24,39.546,0.921,38.625,7.949,8.423,17.522,4.731,30.676,0.688,0.006,44.857,85.118
1785989069,696951904,1785989069,696951904,65.17,5,848,480,40.407,39.658,0.979,38.679,7.178,8.462,17.108,5.931,31.501,0.746,0.004,43.172,83.597
1785989069,763636963,1785989069,763636963,71.198,5,848,480,46.271,45.496,2.497,42.999,11.393,8.097,17.427,6.083,31.607,0.77,0.004,41.817,88.114
1785989069,796979248,1785989069,796979248,53.555,5,848,480,49.277,48.109,1.091,47.019,12.792,9.158,17.153,7.915,34.226,1.158,0.01,59.03,108.354
1785989069,830321533,1785989069,830321533,46.716,5,848,480,45.863,45.13,1.207,43.923,8.656,13.555,17.551,4.161,35.267,0.729,0.004,75.808,121.7
1785989069,897005859,1785989069,897005859,57.195,5,848,480,56.777,56.072,0.989,55.083,20.571,9.906,19.246,5.36,34.512,0.701,0.004,55.394,112.21
1785989069,930347900,1785989069,930347900,41.183,5,848,480,40.721,40.005,1.131,38.874,7.921,9.014,17.37,4.569,30.953,0.712,0.004,79.292,120.051
1785989070,30373047,1785989070,30373047,72.957,5,848,480,48.921,48.089,1.974,46.115,12.329,8.633,17.145,8.008,33.787,0.815,0.016,44.049,92.995
1785989070,63714600,1785989070,63714600,60.647,5,848,480,60.035,59.353,1.179,58.174,26.714,9.154,17.374,4.933,31.461,0.678,0.004,60.217,120.289
1785989070,97055908,1785989070,97055908,67.569,5,848,480,67.071,66.202,1.079,65.122,19.505,11.721,17.084,16.812,45.617,0.861,0.008,87.478,154.528
1785989070,197079590,1785989070,197079590,70.044,5,848,480,69.599,68.862,1.437,67.424,20.764,17.866,24.146,4.648,46.66,0.732,0.005,54.902,124.542
1785989070,263761475,1785989070,263761475,59.964,5,848,480,59.38,58.329,1.818,56.511,25.588,8.826,17.393,4.704,30.923,1.044,0.007,58.404,117.831
1785989070,330442871,1785989070,330442871,63.649,5,848,480,62.142,61.357,1.084,60.272,23.827,11.857,16.831,7.757,36.446,0.768,0.018,52.675,114.805
1785989070,363783936,1785989070,363783936,52.334,5,848,480,51.879,50.897,0.953,49.944,7.938,21.045,16.781,4.179,42.006,0.976,0.006,81.865,133.796
1785989070,430467773,1785989070,430467773,43.484,5,848,480,42.972,41.947,1.042,40.905,8.147,8.913,17.389,6.456,32.758,1.019,0.005,67.572,110.593
1785989070,497150879,1785989070,497150879,53.854,5,848,480,51.313,50.552,1.876,48.675,7.956,20.091,16.628,4.0,40.719,0.756,0.005,46.419,97.763
1785989070,530492432,1785989070,530492432,52.95,5,848,480,52.474,51.765,4.35,47.415,15.298,9.088,16.969,6.06,32.117,0.703,0.007,64.852,117.361
1785989070,597174805,1785989070,597174805,65.962,5,848,480,65.564,64.876,4.638,60.238,24.339,8.569,16.754,10.575,35.899,0.685,0.004,51.036,116.636
1785989070,663856689,1785989070,663856689,41.955,5,848,480,41.431,40.67,1.107,39.563,7.209,10.774,17.492,4.088,32.354,0.757,0.005,50.457,91.915
1785989070,763878174,1785989070,763878174,97.736,5,848,480,44.74,43.919,1.698,42.221,7.029,8.572,20.709,5.911,35.191,0.817,0.005,44.862,89.634
1785989070,797218506,1785989070,797218506,56.968,5,848,480,51.731,50.78,2.364,48.416,8.886,15.398,17.27,6.861,39.53,0.945,0.006,61.507,113.267
1785989070,863898682,1785989070,863898682,57.609,5,848,480,56.753,55.417,2.424,52.993,10.814,18.145,16.864,7.171,42.179,1.328,0.008,47.405,104.352
1785989070,897238525,1785989070,897238525,52.506,5,848,480,48.496,47.703,9.999,37.704,7.194,9.145,17.32,4.045,30.51,0.788,0.005,74.885,123.354
1785989070,963917725,1785989070,963917725,42.22,5,848,480,41.817,40.953,0.709,40.244,7.653,10.929,17.456,4.206,32.591,0.858,0.006,57.039,98.908
1785989071,30596436,1785989071,30596436,68.202,5,848,480,47.055,45.943,0.971,44.972,9.955,9.76,19.942,5.314,35.017,1.105,0.007,53.34,100.433
1785989071,63935547,1785989071,63935547,57.257,5,848,480,55.939,55.195,3.327,51.868,18.441,9.804,18.097,5.526,33.427,0.74,0.004,68.456,124.589
1785989071,130613281,1785989071,130613281,62.961,5,848,480,62.294,61.614,1.127,60.486,24.918,13.071,17.539,4.959,35.568,0.676,0.004,58.286,120.615
1785989071,197290527,1785989071,197290527,41.682,5,848,480,41.163,40.401,0.935,39.466,8.158,9.792,17.386,4.129,31.308,0.758,0.005,54.421,95.623
1785989071,297305420,1785989071,297305420,93.48,5,848,480,39.886,39.159,1.69,37.469,7.062,8.662,17.682,4.063,30.407,0.72,0.007,49.18,89.09
1785989071,363981689,1785989071,363981689,64.027,5,848,480,39.589,38.767,1.892,36.875,6.63,8.455,17.213,4.577,30.245,0.816,0.007,46.825,86.444
1785989071,430664063,1785989071,430664063,67.578,5,848,480,42.803,42.048,1.865,40.183,6.816,8.556,20.923,3.888,33.366,0.748,0.006,44.531,87.334
1785989071,497345703,1785989071,497345703,67.113,5,848,480,39.239,38.517,1.294,37.224,6.934,8.379,17.347,4.564,30.29,0.715,0.006,48.502,87.766
1785989071,564026855,1785989071,564026855,63.777,5,848,480,40.965,40.004,1.811,38.193,8.529,8.352,17.153,4.159,29.664,0.953,0.008,43.875,84.87
1785989071,630707520,1785989071,630707520,70.092,5,848,480,41.122,40.428,2.237,38.191,6.923,8.426,18.572,4.27,31.268,0.689,0.004,47.126,88.345
1785989071,697387451,1785989071,697387451,63.138,5,848,480,39.477,38.792,1.04,37.753,6.875,8.474,17.321,5.083,30.878,0.678,0.007,45.232,84.734
1785989071,764066895,1785989071,764066895,68.897,5,848,480,41.395,40.602,2.002,38.601,7.065,8.481,19.058,3.997,31.536,0.788,0.005,45.527,86.95
1785989071,797406250,1785989071,797406250,64.428,5,848,480,59.909,59.175,3.698,55.477,14.925,16.488,16.73,7.334,40.552,0.729,0.005,58.104,118.036
1785989071,864084717,1785989071,864084717,41.872,5,848,480,41.482,40.765,0.893,39.872,7.761,10.58,17.417,4.114,32.111,0.713,0.004,51.709,93.244
1785989071,930762695,1785989071,930762695,65.635,5,848,480,40.11,39.381,0.977,38.404,7.723,8.943,17.398,4.34,30.681,0.722,0.007,52.197,92.188
1785989071,997439941,1785989071,997439941,62.931,5,848,480,39.092,38.34,0.926,37.415,6.925,8.795,17.429,4.266,30.49,0.747,0.005,49.323,88.443
1785989072,64116699,1785989072,64116699,95.739,5,848,480,64.634,63.905,5.239,58.665,17.086,17.318,17.656,6.606,41.579,0.724,0.005,52.927,117.509
1785989072,130792969,1785989072,130792969,53.386,5,848,480,52.985,52.063,1.259,50.804,16.884,11.414,16.931,5.575,33.92,0.917,0.006,51.191,104.406
1785989072,164130859,1785989072,164130859,55.224,5,848,480,53.163,52.391,1.522,50.869,20.486,9.098,17.415,3.869,30.383,0.766,0.005,72.984,126.105
1785989072,230805908,1785989072,230805908,60.181,5,848,480,59.769,59.083,3.507,55.576,12.729,13.583,16.843,12.42,42.846,0.683,0.004,59.797,119.605
1785989072,297480713,1785989072,297480713,64.144,5,848,480,62.724,62.066,1.38,60.686,9.178,23.714,16.76,11.034,51.508,0.654,0.004,54.319,117.072
1785989072,364155273,1785989072,364155273,49.898,5,848,480,49.517,48.395,1.923,46.472,14.902,10.29,16.939,4.34,31.57,1.115,0.007,50.744,100.373
1785989072,397583008,1785989072,397583008,64.792,5,848,480,62.824,61.951,7.259,54.692,20.507,12.703,17.273,4.209,34.185,0.867,0.006,68.836,131.675
1785989072,464439453,1785989072,464439453,49.199,5,848,480,48.744,47.715,3.963,43.751,12.211,9.374,16.881,5.285,31.54,1.023,0.007,65.224,115.391
1785989072,531297607,1785989072,531297607,43.495,5,848,480,41.465,40.701,2.569,38.133,7.672,9.05,17.406,4.005,30.461,0.759,0.004,49.145,90.641
1785989072,598157715,1785989072,598157715,67.184,5,848,480,41.159,40.424,1.946,38.478,6.715,10.22,17.448,4.095,31.763,0.73,0.004,49.782,90.962
1785989072,665019531,1785989072,665019531,64.998,5,848,480,39.973,39.265,2.195,37.07,6.727,8.773,17.461,4.109,30.343,0.703,0.005,49.103,89.101
1785989072,731882813,1785989072,731882813,63.353,5,848,480,38.925,38.248,1.002,37.246,6.694,8.438,17.398,4.716,30.552,0.672,0.005,46.64,85.591
1785989072,798748047,1785989072,798748047,67.861,5,848,480,42.916,42.197,0.922,41.276,7.103,10.809,19.063,4.301,34.173,0.712,0.007,43.646,86.599
1785989072,832181396,1785989072,832181396,67.049,5,848,480,63.048,62.356,0.911,61.445,23.411,8.515,25.342,4.177,38.034,0.688,0.005,57.152,120.201
1785989072,899049316,1785989072,899049316,43.07,5,848,480,42.564,41.79,2.056,39.734,7.567,9.707,18.484,3.977,32.167,0.77,0.004,53.801,96.405
1785989072,965918945,1785989072,965918945,63.424,5,848,480,40.25,39.424,1.702,37.723,6.939,9.358,17.452,3.974,30.784,0.82,0.005,52.684,92.962
1785989073,32790283,1785989073,32790283,66.363,5,848,480,43.965,43.195,3.01,40.185,8.945,8.741,17.654,4.845,31.24,0.765,0.005,48.462,92.453
1785989073,99663330,1785989073,99663330,78.46,5,848,480,48.036,46.843,0.962,45.881,8.365,14.336,18.612,4.568,37.516,1.187,0.006,55.979,104.064
1785989073,133100586,1785989073,133100586,52.675,5,848,480,51.356,50.661,1.925,48.736,17.668,9.612,17.349,4.107,31.068,0.69,0.005,72.328,123.274
1785989073,199976074,1785989073,199976074,64.758,5,848,480,64.361,63.624,0.941,62.683,22.117,8.856,25.045,6.665,40.566,0.732,0.005,56.757,121.163
1785989073,266853516,1785989073,266853516,64.75,5,848,480,64.295,63.566,0.875,62.691,25.236,8.665,16.834,11.957,37.455,0.724,0.004,54.696,119.028
1785989073,333732910,1785989073,333732910,60.881,5,848,480,60.48,59.793,0.885,58.908,16.424,16.379,16.781,9.324,42.484,0.682,0.005,52.512,113.029
1785989073,400507568,1785989073,400507568,41.36,5,848,480,39.981,39.266,0.926,38.34,7.764,8.889,17.428,4.26,30.577,0.71,0.005,47.704,87.616
1785989073,467179443,1785989073,467179443,63.758,5,848,480,41.663,40.836,2.499,38.337,7.114,8.643,18.14,4.439,31.223,0.823,0.005,43.052,84.703
1785989073,533850586,1785989073,533850586,67.492,5,848,480,42.528,41.752,1.812,39.941,6.479,8.169,21.346,3.947,33.462,0.771,0.004,42.968,85.523
1785989073,567185791,1785989073,567185791,61.242,5,848,480,52.732,52.04,1.844,50.195,11.369,10.21,17.048,11.569,38.827,0.688,0.005,60.671,113.427
1785989073,633855713,1785989073,633855713,40.094,5,848,480,39.63,38.901,1.02,37.881,7.212,8.842,17.451,4.376,30.669,0.724,0.005,47.184,86.853
1785989073,700524902,1785989073,700524902,65.589,5,848,480,39.736,39.024,1.747,37.277,6.712,8.876,17.471,4.218,30.565,0.708,0.004,46.014,85.78
1785989073,767193359,1785989073,767193359,63.514,5,848,480,39.742,38.989,1.662,37.327,6.966,8.305,17.199,4.857,30.361,0.747,0.006,42.85,82.625
1785989073,833860840,1785989073,833860840,71.538,5,848,480,44.249,43.568,1.827,41.741,7.006,8.42,21.708,4.606,34.735,0.676,0.005,43.213,87.502
1785989073,867194336,1785989073,867194336,58.748,5,848,480,54.857,54.108,2.818,51.29,18.394,8.46,19.716,4.719,32.895,0.745,0.005,58.021,113.201
1785989073,933860840,1785989073,933860840,47.08,5,848,480,46.375,45.69,0.942,44.748,13.228,10.091,17.278,4.151,31.52,0.68,0.005,46.903,93.328
1785989073,967193848,1785989073,967193848,54.706,5,848,480,54.236,53.528,0.795,52.733,13.806,11.41,18.945,8.572,38.927,0.704,0.005,60.415,114.688
1785989074,33859131,1785989074,33859131,74.482,5,848,480,73.96,73.162,1.948,71.214,32.569,10.769,17.94,9.936,38.645,0.793,0.005,48.508,122.511
1785989074,100523682,1785989074,100523682,43.482,5,848,480,43.06,42.067,1.005,41.062,8.747,10.88,17.17,4.265,32.315,0.986,0.006,56.227,99.34
1785989074,133855469,1785989074,133855469,50.879,5,848,480,48.406,47.623,2.167,45.456,10.679,12.052,17.799,4.926,34.777,0.777,0.006,68.469,116.881
1785989074,167187256,1785989074,167187256,44.481,5,848,480,43.888,43.212,1.43,41.782,8.875,10.265,17.525,5.118,32.907,0.672,0.004,84.1,128.02
1785989074,267181396,1785989074,267181396,65.716,5,848,480,41.466,40.773,0.903,39.87,7.24,10.447,17.985,4.197,32.629,0.689,0.004,52.251,93.741
1785989074,333843262,1785989074,333843262,64.208,5,848,480,39.653,38.863,1.158,37.705,7.348,8.916,17.377,4.065,30.358,0.785,0.004,51.613,91.291
1785989074,400511475,1785989074,400511475,60.864,5,848,480,40.8,39.605,2.098,37.506,6.993,8.543,17.241,4.73,30.513,1.19,0.005,44.664,85.49
1785989074,467184814,1785989074,467184814,67.973,5,848,480,42.356,41.585,1.905,39.68,6.915,8.828,19.672,4.266,32.766,0.766,0.004,44.44,86.785
1785989074,533857666,1785989074,533857666,65.412,5,848,480,41.991,41.223,1.035,40.188,8.545,8.508,18.879,4.256,31.643,0.763,0.005,43.515,85.525
1785989074,600529541,1785989074,600529541,65.985,5,848,480,40.993,40.259,1.675,38.585,7.079,8.722,18.192,4.592,31.506,0.729,0.004,43.824,84.835
1785989074,700536377,1785989074,700536377,99.735,5,848,480,41.622,40.945,1.607,39.337,6.778,8.476,17.349,6.734,32.559,0.673,0.005,42.916,84.564
1785989074,767206543,1785989074,767206543,64.396,5,848,480,39.595,38.908,1.575,37.333,6.645,8.506,17.142,5.041,30.688,0.683,0.004,42.669,82.288
1785989074,833876221,1785989074,833876221,73.302,5,848,480,43.006,42.242,1.849,40.393,7.111,8.819,19.897,4.566,33.282,0.76,0.005,45.89,88.919
1785989074,867210693,1785989074,867210693,61.616,5,848,480,57.035,56.312,3.842,52.471,16.241,9.281,16.974,9.974,36.229,0.718,0.005,60.147,117.202
1785989074,933879395,1785989074,933879395,40.559,5,848,480,40.159,39.398,0.875,38.523,7.501,9.211,17.364,4.447,31.022,0.757,0.004,50.895,91.093
1785989075,547363,1785989075,547363,62.795,5,848,480,40.38,39.56,1.179,38.381,7.96,8.497,17.535,4.39,30.422,0.817,0.004,46.822,87.219
1785989075,67214600,1785989075,67214600,78.893,5,848,480,44.967,43.974,0.928,43.045,7.9,12.468,17.887,4.791,35.145,0.988,0.005,54.456,99.457
1785989075,100548096,1785989075,100548096,68.619,5,848,480,67.727,66.562,1.046,65.516,29.571,10.726,17.455,7.765,35.946,1.156,0.008,66.975,134.762
1785989075,167214355,1785989075,167214355,55.73,5,848,480,55.227,54.533,10.833,43.7,8.814,10.103,17.955,6.828,34.886,0.689,0.004,68.534,124.111
1785989075,267212402,1785989075,267212402,81.446,5,848,480,57.662,56.53,2.146,54.384,12.965,13.823,22.407,5.188,41.419,1.124,0.008,47.563,105.29
1785989075,300544922,1785989075,300544922,48.323,5,848,480,47.753,46.985,1.505,45.481,14.267,9.164,17.396,4.653,31.213,0.763,0.004,72.449,120.232
1785989075,367209717,1785989075,367209717,62.986,5,848,480,62.595,61.904,0.96,60.944,24.735,9.154,16.743,10.312,36.21,0.685,0.005,53.924,116.55
1785989075,433879639,1785989075,433879639,43.512,5,848,480,43.098,42.327,0.993,41.334,7.586,12.202,17.556,3.991,33.748,0.767,0.004,50.262,93.396
1785989075,467214111,1785989075,467214111,58.652,5,848,480,56.481,55.801,2.267,53.534,10.764,10.235,16.889,15.645,42.769,0.675,0.004,62.208,118.714
1785989075,533882813,1785989075,533882813,42.084,5,848,480,41.627,40.952,0.955,39.997,9.292,9.225,17.484,3.995,30.705,0.671,0.004,52.465,94.131
1785989075,600550537,1785989075,600550537,60.42,5,848,480,40.749,40.003,1.118,38.885,8.694,8.526,17.453,4.211,30.191,0.742,0.004,47.11,87.884
1785989075,667217529,1785989075,667217529,63.439,5,848,480,39.987,39.219,1.091,38.127,7.058,8.462,17.207,5.4,31.069,0.764,0.005,44.643,84.654
1785989075,733883545,1785989075,733883545,66.571,5,848,480,39.209,38.394,0.946,37.448,6.865,8.777,17.373,4.433,30.583,0.81,0.005,45.326,84.56
1785989075,800549072,1785989075,800549072,66.516,5,848,480,40.833,40.085,2.188,37.897,7.112,8.729,17.358,4.698,30.785,0.743,0.005,43.558,84.41
1785989075,867213623,1785989075,867213623,68.924,5,848,480,41.296,40.565,2.104,38.461,7.172,8.46,17.29,5.538,31.289,0.726,0.005,45.354,86.67
1785989075,900545654,1785989075,900545654,50.783,5,848,480,46.306,45.316,2.204,43.112,8.936,12.397,16.963,4.817,34.176,0.983,0.007,57.795,104.147
1785989075,933877441,1785989075,933877441,50.38,5,848,480,49.774,49.012,1.139,47.873,16.602,8.648,18.403,4.22,31.272,0.757,0.004,71.443,121.17
1785989076,540283,1785989076,540283,42.833,5,848,480,42.43,41.544,0.808,40.736,7.597,9.778,17.329,6.033,33.139,0.88,0.005,54.871,97.344
1785989076,67202393,1785989076,67202393,90.157,5,848,480,63.611,62.8,0.959,61.841,6.94,18.729,16.796,19.375,54.9,0.806,0.006,57.2,120.837
1785989076,133863770,1785989076,133863770,61.995,5,848,480,61.456,60.709,1.042,59.667,27.821,9.057,18.05,4.738,31.846,0.742,0.005,54.675,116.172
1785989076,167194092,1785989076,167194092,43.553,5,848,480,42.157,41.471,0.925,40.547,9.274,9.75,17.449,4.074,31.273,0.681,0.004,84.202,126.39
1785989076,267184082,1785989076,267184082,71.858,5,848,480,44.827,43.956,3.196,40.759,8.458,11.24,17.017,4.044,32.302,0.865,0.006,53.408,98.272
1785989076,300513428,1785989076,300513428,56.713,5,848,480,56.253,55.531,1.015,54.516,22.324,8.603,17.232,6.357,32.192,0.718,0.004,65.351,121.64
1785989076,367172607,1785989076,367172607,57.985,5,848,480,57.575,55.517,0.859,54.658,18.578,12.667,16.764,6.649,36.08,2.05,0.008,55.357,113.013
1785989076,433841797,1785989076,433841797,56.018,5,848,480,53.631,52.39,1.691,50.698,10.893,18.926,16.76,4.12,39.805,1.232,0.009,48.71,102.346
1785989076,467176270,1785989076,467176270,53.23,5,848,480,52.554,51.756,1.811,49.946,16.984,8.987,19.887,4.088,32.962,0.792,0.005,69.764,122.223
1785989076,533843994,1785989076,533843994,65.183,5,848,480,64.736,63.988,1.116,62.872,14.391,17.141,16.765,14.576,48.482,0.742,0.005,55.955,120.73
1785989076,600511230,1785989076,600511230,41.359,5,848,480,40.873,40.148,0.84,39.309,7.468,10.23,17.537,4.074,31.841,0.72,0.005,54.51,95.42
1785989076,667177490,1785989076,667177490,64.609,5,848,480,39.949,39.237,1.67,37.567,6.65,9.311,17.446,4.159,30.917,0.708,0.005,53.389,93.362
1785989076,733843018,1785989076,733843018,64.926,5,848,480,41.998,41.248,3.047,38.201,7.318,9.319,17.372,4.193,30.883,0.745,0.005,49.601,91.623
1785989076,800507568,1785989076,800507568,70.885,5,848,480,45.353,44.587,0.884,43.703,7.208,8.535,17.465,10.495,36.495,0.761,0.005,50.472,95.849
1785989076,833839600,1785989076,833839600,60.485,5,848,480,60.022,59.231,5.372,53.859,13.379,15.604,20.727,4.15,40.48,0.787,0.004,62.936,122.996
1785989076,900503174,1785989076,900503174,45.855,5,848,480,45.442,44.428,0.871,43.558,10.156,11.223,17.228,4.95,33.402,1.006,0.008,56.711,102.221
1785989076,967165771,1785989076,967165771,73.843,5,848,480,51.291,50.269,0.954,49.316,9.028,17.415,16.59,6.284,40.288,1.014,0.008,58.054,109.385
1785989077,496582,1785989077,496582,82.131,5,848,480,75.971,74.929,3.819,71.11,25.43,11.772,18.076,15.832,45.68,1.036,0.006,82.178,158.18
1785989077,100488525,1785989077,100488525,60.554,5,848,480,58.507,57.789,1.237,56.552,22.758,9.93,17.709,6.155,33.794,0.714,0.005,60.228,118.726
1785989077,167148682,1785989077,167148682,46.132,5,848,480,45.734,44.963,0.841,44.123,11.205,10.311,18.504,4.103,32.918,0.766,0.005,52.429,98.215
1785989077,200478271,1785989077,200478271,60.583,5,848,480,58.684,57.611,1.297,56.314,16.292,18.046,17.426,4.55,40.022,1.067,0.007,66.751,125.467
1785989077,267137207,1785989077,267137207,59.356,5,848,480,58.799,58.074,1.64,56.434,12.406,16.959,17.171,9.898,44.028,0.721,0.004,59.317,118.145
1785989077,333795410,1785989077,333795410,42.919,5,848,480,42.553,41.816,1.032,40.784,9.527,9.488,17.669,4.1,31.257,0.732,0.004,51.819,94.425
1785989077,400458984,1785989077,400458984,65.786,5,848,480,40.577,39.88,1.642,38.237,6.902,9.305,17.414,4.617,31.336,0.692,0.005,52.932,93.537
1785989077,467126709,1785989077,467126709,64.224,5,848,480,39.232,38.497,0.973,37.524,7.345,8.671,17.513,3.995,30.179,0.731,0.004,51.833,91.102
1785989077,533793701,1785989077,533793701,64.566,5,848,480,39.517,38.792,1.898,36.894,6.896,8.565,17.294,4.139,29.998,0.721,0.004,49.446,88.988
1785989077,600459717,1785989077,600459717,66.235,5,848,480,43.617,42.863,4.197,38.666,6.566,8.175,19.986,3.939,32.1,0.749,0.004,44.92,88.559
1785989077,667125000,1785989077,667125000,64.618,5,848,480,39.99,39.217,2.086,37.131,6.929,8.079,17.178,4.945,30.202,0.768,0.005,46.5,86.512
1785989077,733789551,1785989077,733789551,67.709,5,848,480,41.12,40.379,0.906,39.473,6.738,8.788,19.797,4.152,32.736,0.736,0.004,46.412,87.555
1785989077,800453125,1785989077,800453125,66.823,5,848,480,41.702,41.019,1.858,39.162,8.804,8.481,17.349,4.528,30.358,0.678,0.005,45.988,87.715
1785989077,867115723,1785989077,867115723,67.123,5,848,480,42.459,41.651,2.426,39.225,6.621,8.588,20.089,3.927,32.604,0.802,0.005,45.699,88.179
1785989077,933777832,1785989077,933777832,64.807,5,848,480,39.59,38.866,1.796,37.07,6.65,8.421,17.346,4.653,30.42,0.72,0.004,46.766,86.32
1785989078,438721,1785989078,438721,68.38,5,848,480,41.731,40.915,3.99,36.925,6.933,8.407,17.253,4.332,29.992,0.811,0.005,46.283,88.046
1785989078,67099121,1785989078,67099121,83.798,5,848,480,49.606,48.518,2.342,46.176,8.172,14.308,17.257,6.439,38.005,1.08,0.008,55.551,105.195
1785989078,100428955,1785989078,100428955,61.126,5,848,480,60.639,58.902,3.6,55.302,16.572,14.791,17.384,6.556,38.731,1.729,0.008,72.304,133.0
1785989078,167087891,1785989078,167087891,53.883,5,848,480,53.127,52.398,1.786,50.613,18.345,10.419,17.292,4.557,32.268,0.724,0.005,67.047,120.2
1785989078,233746094,1785989078,233746094,65.781,5,848,480,65.383,64.439,1.173,63.267,10.387,30.915,16.923,5.042,52.88,0.939,0.005,53.899,119.323
1785989078,300403320,1785989078,300403320,65.229,5,848,480,64.63,63.848,0.996,62.853,18.091,15.284,16.669,12.809,44.761,0.776,0.006,53.228,117.902
1785989078,367060547,1785989078,367060547,62.639,5,848,480,60.774,59.933,1.125,58.807,21.146,12.673,16.707,8.281,37.661,0.837,0.005,53.077,113.874
1785989078,400410889,1785989078,400410889,40.641,5,848,480,40.225,39.522,0.883,38.64,7.132,8.826,17.391,5.29,31.507,0.699,0.004,80.918,121.163
1785989078,500784912,1785989078,500784912,68.761,5,848,480,45.028,44.294,4.897,39.397,7.851,8.414,17.246,5.886,31.546,0.73,0.005,44.5,89.552
1785989078,534244873,1785989078,534244873,61.448,5,848,480,61.047,60.309,0.923,59.386,10.859,21.342,16.903,10.281,48.526,0.733,0.005,56.456,117.54
1785989078,601166992,1785989078,601166992,42.771,5,848,480,42.283,41.502,3.418,38.084,7.631,9.022,17.259,4.173,30.453,0.776,0.005,51.069,93.389
1785989078,668092773,1785989078,668092773,63.508,5,848,480,40.41,39.67,2.073,37.597,7.413,8.63,17.592,3.963,30.184,0.732,0.007,49.541,89.976
1785989078,735022217,1785989078,735022217,64.578,5,848,480,42.204,41.49,2.101,39.389,7.282,8.685,19.233,4.189,32.107,0.709,0.005,45.392,87.621
1785989078,801954834,1785989078,801954834,65.632,5,848,480,40.936,40.273,2.82,37.453,6.992,8.361,17.231,4.869,30.461,0.659,0.004,45.359,86.334
1785989078,868891357,1785989078,868891357,68.273,5,848,480,41.781,41.091,1.881,39.21,8.029,9.115,17.649,4.418,31.181,0.685,0.005,45.856,87.656
1785989078,935831055,1785989078,935831055,64.42,5,848,480,40.438,39.643,1.914,37.729,6.828,8.511,17.402,4.987,30.9,0.79,0.005,44.798,85.14
1785989078,969302246,1785989078,969302246,67.208,5,848,480,57.484,56.767,2.41,54.357,8.177,16.338,16.71,13.132,46.18,0.712,0.005,61.466,118.887
1785989079,36247314,1785989079,36247314,66.601,5,848,480,66.135,65.465,0.928,64.537,12.353,15.675,19.734,16.775,52.184,0.665,0.005,52.356,118.597
1785989079,103196045,1785989079,103196045,49.585,5,848,480,49.064,48.146,1.059,47.088,7.216,18.032,17.074,4.766,39.872,0.912,0.006,52.066,101.178
1785989079,170148193,1785989079,170148193,86.495,5,848,480,68.682,67.915,3.4,64.515,15.303,20.13,24.93,4.152,49.212,0.762,0.004,52.006,120.963
1785989079,237103760,1785989079,237103760,61.599,5,848,480,60.857,60.108,0.93,59.178,25.616,8.411,16.889,8.263,33.563,0.744,0.004,54.458,115.35
1785989079,304062988,1785989079,304062988,50.298,5,848,480,49.903,48.81,0.876,47.934,12.672,13.933,17.261,4.067,35.262,1.086,0.007,48.752,98.71
1785989079,337543945,1785989079,337543945,54.945,5,848,480,52.807,52.096,6.899,45.197,9.816,13.707,17.427,4.247,35.381,0.706,0.005,67.342,120.151
1785989079,404505371,1785989079,404505371,63.566,5,848,480,63.177,62.438,5.546,56.892,11.497,16.959,16.989,11.447,45.395,0.734,0.004,53.544,116.756
1785989079,471174316,1785989079,471174316,48.319,5,848,480,47.91,46.807,0.888,45.919,15.702,9.285,16.785,4.147,30.217,1.097,0.006,50.462,98.428
1785989079,537842285,1785989079,537842285,60.484,5,848,480,40.075,39.4,2.0,37.4,6.791,9.045,17.553,4.01,30.609,0.671,0.004,52.254,92.235
1785989079,604509521,1785989079,604509521,59.7,5,848,480,39.935,39.159,1.748,37.411,6.84,8.377,17.468,4.725,30.57,0.772,0.004,45.296,85.259
1785989079,704509033,1785989079,704509033,99.75,5,848,480,42.489,41.739,1.961,39.778,7.141,8.092,20.652,3.893,32.637,0.744,0.005,42.497,85.011
1785989079,771174072,1785989079,771174072,65.893,5,848,480,40.619,39.802,1.797,38.005,7.466,8.448,17.199,4.892,30.539,0.812,0.005,43.591,84.239
1785989079,837838623,1785989079,837838623,66.515,5,848,480,41.231,40.314,1.923,38.392,8.411,8.476,17.172,4.332,29.98,0.911,0.006,42.847,84.094
1785989079,904502197,1785989079,904502197,67.293,5,848,480,38.635,37.929,0.953,36.976,6.919,8.466,17.276,4.315,30.057,0.702,0.004,46.056,84.715
1785989079,971164795,1785989079,971164795,69.794,5,848,480,44.929,44.233,2.279,41.955,8.064,8.511,20.077,5.303,33.89,0.692,0.004,42.927,87.846
1785989080,4495850,1785989080,4495850,44.366,5,848,480,40.417,39.337,1.098,38.239,7.303,8.77,17.401,4.765,30.936,1.073,0.007,58.444,99.084
1785989080,71157471,1785989080,71157471,91.311,5,848,480,66.874,66.062,1.135,64.927,11.459,23.139,17.538,12.791,53.468,0.807,0.006,56.636,123.533
1785989080,137818115,1785989080,137818115,93.191,5,848,480,92.452,91.746,4.102,87.645,34.11,28.624,17.721,7.19,53.535,0.7,0.005,57.577,150.063
1785989080,237807617,1785989080,237807617,72.048,5,848,480,70.07,69.426,5.848,63.578,15.782,25.358,17.272,5.165,47.796,0.64,0.004,52.027,122.117
1785989080,304466309,1785989080,304466309,66.817,5,848,480,66.364,65.642,1.438,64.204,23.49,17.448,16.765,6.501,40.714,0.718,0.005,55.877,122.282
1785989080,371124023,1785989080,371124023,58.303,5,848,480,57.82,56.975,2.624,54.351,21.503,9.573,17.111,6.165,32.849,0.839,0.005,56.07,114.069
1785989080,437864258,1785989080,437864258,54.222,5,848,480,52.461,51.523,1.041,50.482,16.289,13.043,16.642,4.508,34.192,0.931,0.006,48.926,101.422
1785989080,471275635,1785989080,471275635,58.066,5,848,480,52.428,51.735,2.836,48.898,17.681,9.509,17.59,4.118,31.217,0.689,0.004,73.617,129.27
1785989080,538098877,1785989080,538098877,55.53,5,848,480,51.838,50.949,2.407,48.543,17.051,8.532,17.325,5.634,31.492,0.883,0.006,62.896,114.768
1785989080,604923340,1785989080,604923340,47.706,5,848,480,42.907,42.138,2.54,39.599,7.702,10.499,17.361,4.036,31.897,0.764,0.005,52.718,95.654
1785989080,671748779,1785989080,671748779,57.386,5,848,480,41.438,40.746,2.287,38.459,7.206,8.604,17.839,4.811,31.254,0.688,0.004,44.746,86.209
1785989080,738575684,1785989080,738575684,66.405,5,848,480,42.819,41.942,2.033,39.908,6.745,8.515,17.186,7.463,33.164,0.671,0.206,43.147,85.994
1785989080,805403564,1785989080,805403564,66.608,5,848,480,42.504,41.742,1.285,40.458,8.452,8.511,19.278,4.217,32.006,0.757,0.005,43.041,85.569
1785989080,872232422,1785989080,872232422,68.995,5,848,480,42.684,42.005,1.71,40.295,6.905,8.992,20.399,4.0,33.39,0.674,0.004,45.026,87.732
1785989080,939062744,1785989080,939062744,63.605,5,848,480,40.782,40.114,1.078,39.036,8.584,8.377,17.218,4.857,30.452,0.664,0.004,43.711,84.501
1785989081,5894043,1785989081,5894043,66.289,5,848,480,41.714,40.658,1.095,39.563,9.017,8.591,17.231,4.725,30.546,1.051,0.006,42.233,83.976
1785989081,39310059,1785989081,39310059,62.253,5,848,480,55.396,54.404,1.326,53.077,8.875,11.548,16.963,15.691,44.202,0.985,0.007,57.392,112.815
1785989081,72726318,1785989081,72726318,86.25,5,848,480,85.347,84.325,0.986,83.339,26.04,28.995,17.571,10.734,57.299,1.016,0.006,80.258,165.65
1785989081,172977295,1785989081,172977295,60.042,5,848,480,55.174,54.469,14.437,40.032,9.475,8.969,17.299,4.289,30.557,0.7,0.004,70.241,125.428
1785989081,239812500,1785989081,239812500,58.76,5,848,480,57.281,56.518,1.615,54.903,21.442,12.182,17.111,4.169,33.462,0.759,0.005,60.039,117.354
1785989081,306648926,1785989081,306648926,64.0,5,848,480,59.703,59.031,2.056,56.975,22.712,10.908,16.618,6.737,34.263,0.667,0.004,54.883,114.513
1785989081,373486572,1785989081,373486572,51.509,5,848,480,51.099,50.389,2.021,48.369,15.893,10.916,17.144,4.415,32.476,0.705,0.005,48.05,99.189
1785989081,406904541,1785989081,406904541,55.45,5,848,480,54.077,53.384,1.575,51.809,21.459,8.886,17.421,4.043,30.35,0.688,0.005,67.11,121.301
1785989081,473561768,1785989081,473561768,55.184,5,848,480,54.68,53.903,0.928,52.976,15.87,13.518,16.791,6.797,37.106,0.771,0.005,55.028,109.769
1785989081,540218262,1785989081,540218262,47.146,5,848,480,45.465,44.774,3.578,41.195,11.125,8.522,17.328,4.22,30.07,0.687,0.004,44.755,90.236
1785989081,573545898,1785989081,573545898,57.262,5,848,480,56.858,56.137,0.935,55.201,19.065,10.189,16.833,9.114,36.136,0.716,0.005,57.273,114.165
1785989081,640200684,1785989081,640200684,40.03,5,848,480,39.649,38.951,0.917,38.033,7.415,9.012,17.507,4.1,30.618,0.694,0.004,47.877,87.544
1785989081,706854492,1785989081,706854492,63.923,5,848,480,39.131,38.39,0.823,37.566,7.392,8.597,17.377,4.2,30.174,0.736,0.005,45.657,84.814
1785989081,773507324,1785989081,773507324,65.714,5,848,480,40.342,39.529,2.082,37.447,7.483,8.435,17.174,4.355,29.964,0.809,0.005,43.508,83.873
1785989081,840158936,1785989081,840158936,68.612,5,848,480,40.076,39.382,0.869,38.513,8.058,8.736,17.475,4.244,30.455,0.689,0.004,45.734,85.834
1785989081,906809814,1785989081,906809814,66.042,5,848,480,41.872,41.196,1.622,39.575,7.271,8.457,17.177,6.669,32.303,0.671,0.004,43.33,85.225
1785989081,973459473,1785989081,973459473,66.063,5,848,480,42.189,41.403,1.747,39.656,6.661,8.196,20.947,3.852,32.995,0.781,0.005,42.425,84.655
1785989082,40107910,1785989082,40107910,65.233,5,848,480,40.546,39.784,1.619,38.165,7.108,8.372,17.319,5.366,31.057,0.757,0.005,42.653,83.22
1785989082,73431885,1785989082,73431885,70.609,5,848,480,65.856,65.061,1.263,63.797,15.495,18.301,19.496,10.505,48.303,0.791,0.005,54.63,120.508
1785989082,140079102,1785989082,140079102,59.314,5,848,480,58.871,58.055,0.997,57.059,14.469,17.841,17.166,7.582,42.589,0.809,0.007,54.268,113.349
1785989082,206725098,1785989082,206725098,44.483,5,848,480,43.746,42.963,1.013,41.95,9.269,10.215,17.565,4.901,32.681,0.779,0.004,47.23,91.013
1785989082,240047852,1785989082,240047852,57.839,5,848,480,55.926,55.189,1.242,53.947,13.569,14.66,17.448,8.269,40.378,0.732,0.005,59.627,115.525
1785989082,306692383,1785989082,306692383,41.269,5,848,480,40.881,40.19,0.942,39.248,7.612,9.73,17.595,4.312,31.636,0.686,0.004,49.233,90.204
1785989082,373335693,1785989082,373335693,65.16,5,848,480,40.106,39.299,1.746,37.553,6.984,9.131,17.42,4.017,30.569,0.803,0.004,48.538,88.668
1785989082,439985596,1785989082,439985596,62.696,5,848,480,40.179,39.482,2.145,37.337,7.335,8.317,17.284,4.4,30.002,0.693,0.004,44.514,84.712
1785989082,506639648,1785989082,506639648,64.958,5,848,480,40.182,39.471,1.561,37.91,7.094,8.11,17.135,5.571,30.815,0.707,0.004,42.811,83.159
1785989082,573292725,1785989082,573292725,69.66,5,848,480,42.024,41.281,0.923,40.358,7.711,8.535,17.191,6.922,32.647,0.739,0.004,43.983,86.025
1785989082,639944824,1785989082,639944824,64.038,5,848,480,39.934,39.137,1.598,37.539,6.77,8.114,17.121,5.534,30.769,0.792,0.005,43.45,83.411
1785989082,706595703,1785989082,706595703,69.138,5,848,480,41.91,41.136,1.657,39.479,6.819,8.114,20.632,3.914,32.66,0.77,0.004,44.017,85.896
1785989082,773245605,1785989082,773245605,66.311,5,848,480,41.799,40.928,1.988,38.94,6.639,8.079,20.043,4.179,32.301,0.866,0.005,43.734,85.559
1785989082,839894287,1785989082,839894287,65.861,5,848,480,40.233,39.52,1.431,38.088,8.4,8.072,17.198,4.417,29.688,0.71,0.004,44.516,84.766
1785989082,906541992,1785989082,906541992,66.434,5,848,480,40.296,39.586,1.946,37.64,7.194,8.701,17.195,4.55,30.446,0.706,0.004,44.246,84.557
1785989082,973188721,1785989082,973188721,67.724,5,848,480,42.664,41.861,1.634,40.227,6.784,8.436,21.026,3.982,33.443,0.799,0.004,42.944,85.635
1785989083,39834229,1785989083,39834229,90.331,5,848,480,65.669,58.039,1.625,56.414,7.853,25.928,17.952,4.682,48.562,7.62,0.009,43.63,109.36
1785989083,106478760,1785989083,106478760,74.133,5,848,480,51.799,51.142,3.316,47.826,14.696,9.969,17.112,6.049,33.129,0.654,0.004,64.988,116.805
1785989083,173122314,1785989083,173122314,71.559,5,848,480,68.999,68.119,7.006,61.114,25.686,9.7,17.244,8.484,35.428,0.875,0.004,52.69,121.724
1785989083,239764648,1785989083,239764648,64.946,5,848,480,63.55,62.759,0.825,61.933,15.488,17.172,25.173,4.1,46.445,0.787,0.004,56.448,120.027
1785989083,306406006,1785989083,306406006,42.503,5,848,480,42.036,41.22,0.986,40.234,8.247,10.1,17.528,4.358,31.987,0.811,0.005,53.815,95.888
1785989083,373046143,1785989083,373046143,63.463,5,848,480,39.912,39.189,1.794,37.395,7.24,9.12,17.149,3.886,30.154,0.718,0.005,52.775,92.715
1785989083,439736572,1785989083,439736572,64.663,5,848,480,43.263,42.486,0.88,41.606,9.297,10.771,17.497,4.042,32.309,0.772,0.005,47.399,90.686
1785989083,506476563,1785989083,506476563,65.106,5,848,480,42.016,41.316,1.97,39.346,8.414,8.968,17.558,4.406,30.932,0.696,0.004,47.008,89.048
1785989083,573218018,1785989083,573218018,65.139,5,848,480,40.663,39.89,2.508,37.382,6.942,8.432,17.522,4.486,30.44,0.769,0.004,46.76,87.446
1785989083,639960449,1785989083,639960449,63.959,5,848,480,41.75,40.699,2.528,38.171,7.12,8.467,17.181,5.403,31.051,1.044,0.008,42.892,84.695
1785989083,706704102,1785989083,706704102,66.297,5,848,480,38.959,38.19,0.991,37.199,6.982,8.532,17.2,4.485,30.217,0.764,0.005,45.233,84.224
1785989083,773448975,1785989083,773448975,69.969,5,848,480,43.037,42.227,1.135,41.092,8.74,8.446,17.397,6.508,32.352,0.806,0.005,44.383,87.445
1785989083,840194824,1785989083,840194824,70.352,5,848,480,40.056,39.375,1.87,37.505,6.858,9.107,17.44,4.1,30.647,0.677,0.005,50.966,91.049
1785989083,906941895,1785989083,906941895,61.765,5,848,480,40.027,39.235,1.859,37.375,7.19,8.478,17.284,4.423,30.185,0.787,0.005,46.015,86.066
1785989083,973690186,1785989083,973690186,64.497,5,848,480,39.402,38.636,1.164,37.472,6.919,8.128,17.089,5.336,30.553,0.762,0.004,44.39,83.816
1785989084,40439453,1785989084,40439453,74.3,5,848,480,45.98,45.183,0.944,44.239,7.006,8.976,19.75,8.507,37.233,0.792,0.005,45.359,91.365
1785989084,73814697,1785989084,73814697,61.742,5,848,480,56.847,56.011,3.02,52.991,12.228,10.313,17.183,13.267,40.763,0.831,0.005,62.862,119.736
1785989084,140565674,1785989084,140565674,69.204,5,848,480,68.789,68.112,3.856,64.256,13.17,21.762,21.857,7.467,51.086,0.672,0.005,53.358,122.184
1785989084,207317871,1785989084,207317871,45.167,5,848,480,44.777,43.887,0.928,42.96,7.3,14.409,16.986,4.265,35.66,0.884,0.006,55.786,100.627
1785989084,240694580,1785989084,240694580,49.417,5,848,480,46.614,45.952,1.172,44.78,10.985,9.362,17.657,6.775,33.795,0.658,0.004,70.014,116.638
1785989084,307448486,1785989084,307448486,40.763,5,848,480,40.295,39.612,0.998,38.614,7.525,9.548,17.469,4.072,31.089,0.679,0.005,50.316,90.664
1785989084,374203613,1785989084,374203613,64.43,5,848,480,41.538,40.734,1.149,39.585,9.361,8.403,17.379,4.442,30.224,0.8,0.004,46.763,88.326
1785989084,440992676,1785989084,440992676,62.867,5,848,480,40.961,40.07,1.637,38.433,6.8,8.535,17.145,5.953,31.633,0.887,0.005,43.459,84.404
1785989084,507816895,1785989084,507816895,67.819,5,848,480,39.778,39.012,1.689,37.323,6.693,8.416,17.355,4.859,30.63,0.762,0.004,45.593,85.397
1785989084,574642090,1785989084,574642090,65.274,5,848,480,41.04,40.261,1.864,38.397,7.5,8.379,17.424,5.094,30.898,0.774,0.004,42.782,83.848
1785989084,641468262,1785989084,641468262,67.345,5,848,480,41.984,41.083,2.265,38.819,7.453,8.436,17.223,5.707,31.366,0.895,0.005,42.361,84.368
1785989084,708295898,1785989084,708295898,66.487,5,848,480,41.526,40.738,3.161,37.577,6.908,8.404,17.323,4.942,30.669,0.784,0.004,42.585,84.025
1785989084,775124512,1785989084,775124512,68.063,5,848,480,42.121,41.323,1.835,39.489,6.668,8.078,20.483,4.26,32.821,0.793,0.004,43.114,85.26
1785989084,841954346,1785989084,841954346,67.621,5,848,480,41.884,41.206,1.615,39.591,6.941,8.456,19.995,4.199,32.65,0.674,0.004,44.139,86.049
1785989084,908785400,1785989084,908785400,62.988,5,848,480,39.824,39.156,0.969,38.187,7.196,8.959,17.14,4.892,30.991,0.664,0.004,42.364,82.202
1785989084,975617432,1785989084,975617432,67.457,5,848,480,39.71,39.028,1.573,37.455,6.815,8.333,17.229,5.078,30.639,0.675,0.007,43.098,82.834
1785989085,42450928,1785989085,42450928,70.543,5,848,480,44.285,43.493,1.991,41.502,7.264,8.947,21.192,4.099,34.238,0.788,0.004,42.231,86.54
1785989085,109285156,1785989085,109285156,70.772,5,848,480,45.872,44.965,1.413,43.552,8.48,12.289,17.855,4.927,35.071,0.901,0.005,44.698,90.485
1785989085,176120850,1785989085,176120850,76.426,5,848,480,49.686,48.099,1.1,46.999,10.512,13.939,17.241,5.308,36.487,1.577,0.01,50.367,100.11
1785989085,242957520,1785989085,242957520,63.671,5,848,480,44.519,43.821,1.237,42.583,7.628,12.416,17.291,5.248,34.955,0.693,0.006,52.488,96.904
1785989085,309795654,1785989085,309795654,59.054,5,848,480,40.116,39.388,0.875,38.513,8.009,8.915,17.272,4.316,30.504,0.723,0.004,48.978,89.119
1785989085,376634521,1785989085,376634521,68.672,5,848,480,44.638,43.94,1.144,42.795,8.944,11.04,18.753,4.059,33.852,0.694,0.004,46.288,91.046
1785989085,443418701,1785989085,443418701,63.995,5,848,480,40.576,39.809,2.267,37.542,6.808,9.111,17.415,4.209,30.734,0.762,0.004,47.562,88.164
1785989085,510227783,1785989085,510227783,61.649,5,848,480,40.557,39.79,2.67,37.121,6.911,8.522,17.581,4.107,30.21,0.752,0.015,42.437,83.016
1785989085,577037598,1785989085,577037598,66.137,5,848,480,39.887,39.194,1.721,37.473,6.938,8.448,17.418,4.669,30.535,0.689,0.004,42.418,82.33
1785989085,643848389,1785989085,643848389,65.557,5,848,480,39.762,39.038,1.876,37.161,6.958,8.831,17.158,4.214,30.203,0.719,0.005,41.29,81.076
1785989085,710660156,1785989085,710660156,66.658,5,848,480,40.444,39.677,1.651,38.026,6.945,8.303,18.46,4.318,31.081,0.761,0.006,40.485,80.932
1785989085,777472656,1785989085,777472656,67.507,5,848,480,40.555,39.743,2.024,37.72,6.993,8.433,17.281,5.013,30.727,0.807,0.005,41.039,81.638
1785989085,844286133,1785989085,844286133,68.244,5,848,480,42.054,41.404,1.562,39.841,9.436,8.378,17.123,4.904,30.405,0.646,0.004,40.971,83.06
1785989085,911100586,1785989085,911100586,66.376,5,848,480,40.782,40.056,0.937,39.118,8.032,8.373,17.245,5.468,31.086,0.722,0.005,41.803,82.61
1785989085,977915771,1785989085,977915771,67.995,5,848,480,43.368,42.595,2.166,40.43,6.772,8.179,21.477,4.001,33.657,0.768,0.004,40.402,83.789
1785989086,44731934,1785989086,44731934,69.132,5,848,480,45.409,44.607,1.745,42.862,8.369,9.389,17.84,7.264,34.493,0.798,0.004,40.671,86.101
1785989086,78140137,1785989086,78140137,67.88,5,848,480,65.151,64.286,1.984,62.301,17.533,15.953,23.715,5.101,44.768,0.86,0.005,55.4,120.587
1785989086,144957764,1785989086,144957764,41.997,5,848,480,41.567,40.726,0.902,39.823,7.821,10.223,17.363,4.416,32.003,0.835,0.007,54.153,95.885
1785989086,178366699,1785989086,178366699,56.67,5,848,480,48.355,47.668,0.977,46.691,7.769,17.115,17.54,4.268,38.922,0.682,0.004,70.643,119.017
1785989086,245185547,1785989086,245185547,64.765,5,848,480,64.367,63.616,1.103,62.512,30.56,8.288,19.269,4.396,31.953,0.746,0.005,52.558,116.965
1785989086,312005127,1785989086,312005127,62.829,5,848,480,62.41,61.656,0.986,60.67,18.283,10.336,16.708,15.343,42.388,0.749,0.004,50.523,112.975
1785989086,378825684,1785989086,378825684,44.591,5,848,480,43.25,42.488,0.994,41.494,10.03,10.059,17.276,4.128,31.464,0.757,0.005,47.462,90.743
1785989086,445646240,1785989086,445646240,65.07,5,848,480,39.7,38.994,1.036,37.958,6.951,9.538,17.343,4.126,31.007,0.701,0.005,49.266,88.994
1785989086,512283447,1785989086,512283447,67.265,5,848,480,42.535,41.85,1.937,39.912,6.682,11.728,17.441,4.061,33.23,0.682,0.004,47.059,89.62
1785989086,612236572,1785989086,612236572,92.556,5,848,480,42.062,41.358,1.953,39.405,6.667,8.92,17.412,6.407,32.739,0.7,0.004,40.141,82.222
1785989086,678870117,1785989086,678870117,65.283,5,848,480,41.105,40.411,1.703,38.708,6.923,8.702,17.254,5.829,31.785,0.69,0.004,39.741,80.873
1785989086,745502686,1785989086,745502686,68.006,5,848,480,41.654,40.957,1.705,39.252,8.673,8.581,17.421,4.578,30.579,0.693,0.005,40.568,82.247
1785989086,812133545,1785989086,812133545,67.564,5,848,480,42.276,41.522,1.66,39.862,7.794,8.549,19.616,3.903,32.068,0.75,0.005,40.877,83.179
1785989086,878763184,1785989086,878763184,67.528,5,848,480,41.358,40.578,1.734,38.844,6.784,8.532,19.498,4.03,32.06,0.775,0.004,42.693,84.077
1785989086,945391602,1785989086,945391602,67.567,5,848,480,41.188,40.412,1.683,38.728,7.995,9.129,17.477,4.127,30.734,0.772,0.004,43.859,85.017
1785989087,12018555,1785989087,12018555,68.569,5,848,480,44.741,43.799,1.704,42.096,7.013,8.474,17.41,9.199,35.083,0.937,0.005,42.192,86.962
1785989087,45331299,1785989087,45331299,63.203,5,848,480,62.73,60.03,1.246,58.784,19.228,17.195,17.315,5.047,39.556,2.692,0.007,54.084,116.882
1785989087,145268066,1785989087,145268066,65.878,5,848,480,40.858,40.153,1.794,38.359,6.849,8.579,17.361,5.569,31.51,0.702,0.004,41.956,82.803
1785989087,211891113,1785989087,211891113,65.572,5,848,480,40.847,40.088,2.138,37.95,7.236,8.459,17.362,4.893,30.714,0.755,0.004,40.871,81.741
1785989087,245201904,1785989087,245201904,63.239,5,848,480,53.841,51.766,2.151,49.614,14.131,11.006,16.958,7.52,35.484,2.068,0.007,57.807,111.68
1785989087,311822754,1785989087,311822754,65.326,5,848,480,64.897,62.636,2.179,60.457,22.078,15.065,16.73,6.584,38.379,2.255,0.007,45.437,110.386
1785989087,345132568,1785989087,345132568,69.066,5,848,480,68.592,67.941,7.274,60.667,11.383,17.186,18.436,13.662,49.284,0.646,0.004,77.499,146.126
1785989087,445061523,1785989087,445061523,53.68,5,848,480,53.268,52.073,0.964,51.109,10.479,19.627,16.672,4.331,40.63,1.188,0.007,46.575,99.905
1785989087,478381836,1785989087,478381836,58.887,5,848,480,55.743,55.018,12.442,42.576,11.019,9.813,17.654,4.091,31.557,0.721,0.005,69.741,125.445
1785989087,545021484,1785989087,545021484,56.457,5,848,480,56.055,55.385,0.841,54.544,14.722,14.84,16.887,8.095,39.822,0.665,0.004,59.169,115.264
1785989087,611659668,1785989087,611659668,40.862,5,848,480,40.447,39.73,0.935,38.795,7.834,9.214,17.682,4.065,30.961,0.712,0.004,48.999,89.487
1785989087,678296631,1785989087,678296631,62.408,5,848,480,39.655,38.832,1.604,37.228,7.052,8.783,17.347,4.045,30.176,0.818,0.005,45.578,85.26
1785989087,744932129,1785989087,744932129,65.428,5,848,480,40.976,40.246,1.868,38.378,7.059,8.822,17.287,5.209,31.319,0.726,0.004,43.049,84.048
1785989087,811566406,1785989087,811566406,67.137,5,848,480,42.091,41.361,1.891,39.47,7.815,8.627,18.189,4.839,31.655,0.726,0.005,42.44,84.553
1785989087,878199219,1785989087,878199219,64.725,5,848,480,40.251,39.542,1.97,37.573,7.08,8.814,17.201,4.477,30.492,0.704,0.005,42.374,82.644
1785989087,944830811,1785989087,944830811,65.42,5,848,480,39.692,38.891,1.975,36.916,6.934,8.107,17.16,4.715,29.982,0.796,0.005,41.717,81.582
1785989088,11461182,1785989088,11461182,68.907,5,848,480,41.429,40.451,1.072,39.379,8.286,8.545,17.218,5.33,31.093,0.973,0.005,42.258,83.726
1785989088,78090088,1785989088,78090088,71.307,5,848,480,41.725,40.895,1.788,39.107,7.551,9.717,17.415,4.425,31.556,0.825,0.005,46.636,88.393
1785989088,144717529,1785989088,144717529,71.877,5,848,480,44.853,44.008,1.933,42.075,7.7,9.771,19.899,4.705,34.375,0.84,0.005,48.759,93.641
1785989088,178031006,1785989088,178031006,58.941,5,848,480,58.528,57.761,4.562,53.2,21.069,8.456,19.682,3.993,32.131,0.762,0.004,60.697,119.265
1785989088,244656494,1785989088,244656494,47.832,5,848,480,47.434,46.127,0.916,45.211,13.445,10.45,17.367,3.949,31.766,1.299,0.008,53.001,100.505
1785989088,311280762,1785989088,311280762,73.889,5,848,480,57.432,56.701,1.133,55.568,8.615,22.818,16.925,7.211,46.953,0.724,0.006,50.28,107.749
1785989088,344592285,1785989088,344592285,47.358,5,848,480,46.629,45.944,1.377,44.567,9.528,13.682,17.324,4.033,35.039,0.68,0.004,75.121,121.781
1785989088,411214600,1785989088,411214600,44.065,5,848,480,43.584,42.659,1.001,41.658,10.246,9.868,17.169,4.375,31.412,0.918,0.007,55.604,99.243
1785989088,477898682,1785989088,477898682,59.272,5,848,480,41.398,40.677,2.463,38.214,7.075,9.491,17.483,4.166,31.139,0.717,0.004,50.39,91.811
1785989088,544644287,1785989088,544644287,65.632,5,848,480,41.075,40.338,1.603,38.736,7.738,9.312,17.633,4.052,30.997,0.732,0.005,49.601,90.702
1785989088,611391357,1785989088,611391357,63.526,5,848,480,39.923,39.111,1.821,37.29,6.82,8.859,17.592,4.02,30.47,0.808,0.004,47.528,87.477
1785989088,678139404,1785989088,678139404,64.218,5,848,480,41.419,40.741,1.891,38.85,7.038,8.466,19.215,4.13,31.811,0.674,0.005,43.507,84.949
1785989088,744888672,1785989088,744888672,63.827,5,848,480,40.293,39.584,1.105,38.479,7.648,8.449,17.147,5.236,30.831,0.705,0.005,41.709,82.025
1785989088,811639160,1785989088,811639160,69.603,5,848,480,43.092,42.346,0.878,41.468,8.832,8.185,20.534,3.917,32.636,0.741,0.005,41.761,84.88
1785989088,878391113,1785989088,878391113,65.742,5,848,480,40.174,39.368,2.027,37.341,6.92,8.816,17.263,4.342,30.421,0.8,0.005,43.674,83.868
1785989088,945144043,1785989088,945144043,66.551,5,848,480,41.402,40.721,1.87,38.851,7.441,9.026,17.55,4.835,31.411,0.677,0.004,42.245,83.668
1785989089,11898438,1785989089,11898438,73.288,5,848,480,47.873,47.069,2.355,44.714,14.122,8.138,17.15,5.304,30.592,0.798,0.006,42.352,90.254
1785989089,45275879,1785989089,45275879,56.458,5,848,480,53.214,51.675,2.627,49.048,14.839,10.863,17.169,6.178,34.209,1.53,0.008,60.041,113.31
1785989089,78653809,1785989089,78653809,69.422,5,848,480,65.026,63.918,2.353,61.565,11.837,20.285,17.359,12.084,49.728,1.102,0.005,84.28,149.334
1785989089,178789551,1785989089,178789551,64.836,5,848,480,62.974,62.119,12.296,49.823,11.919,12.407,17.024,8.473,37.904,0.85,0.006,51.021,114.03
1785989089,245548096,1785989089,245548096,44.821,5,848,480,44.393,43.699,1.013,42.686,9.693,9.331,17.287,6.376,32.993,0.689,0.004,47.656,92.087
1785989089,278927979,1785989089,278927979,55.599,5,848,480,53.56,52.596,5.026,47.57,15.962,9.457,17.048,5.103,31.608,0.956,0.007,60.72,114.319
1785989089,345688477,1785989089,345688477,51.239,5,848,480,43.16,42.196,0.951,41.245,8.18,11.963,16.901,4.201,33.065,0.958,0.006,55.604,98.857
1785989089,412450195,1785989089,412450195,67.186,5,848,480,43.112,41.649,0.904,40.745,8.344,11.237,17.015,4.149,32.401,1.454,0.01,56.076,99.241
1785989089,479158691,1785989089,479158691,60.661,5,848,480,42.477,41.665,0.952,40.713,9.439,9.813,17.484,3.978,31.275,0.807,0.005,50.661,93.162
1785989089,545812988,1785989089,545812988,61.275,5,848,480,39.026,38.249,1.821,36.428,6.682,8.371,17.362,4.013,29.746,0.772,0.005,48.73,87.781
1785989089,612466553,1785989089,612466553,67.979,5,848,480,41.516,40.761,1.924,38.838,6.669,8.781,19.502,3.885,32.168,0.75,0.005,47.564,89.109
1785989089,679118896,1785989089,679118896,65.227,5,848,480,39.674,38.951,1.741,37.209,6.981,8.787,17.524,3.917,30.229,0.719,0.004,47.982,87.682
1785989089,745770264,1785989089,745770264,65.516,5,848,480,39.125,38.348,1.621,36.727,6.648,8.268,17.299,4.513,30.08,0.772,0.005,47.399,86.547
1785989089,812420654,1785989089,812420654,67.656,5,848,480,39.531,38.8,1.637,37.162,6.814,8.914,17.314,4.12,30.348,0.726,0.005,47.997,87.552
1785989089,912394287,1785989089,912394287,95.896,5,848,480,40.855,40.086,2.074,38.012,6.881,8.509,17.594,5.028,31.131,0.764,0.004,42.599,83.473
1785989089,979041992,1785989089,979041992,65.436,5,848,480,39.837,39.166,1.571,37.595,6.924,8.389,17.302,4.981,30.671,0.667,0.004,42.399,82.275
1785989090,45688477,1785989090,45688477,79.301,5,848,480,51.607,50.681,0.869,49.812,7.81,11.172,25.379,5.451,42.002,0.921,0.005,43.286,94.92
1785989090,79011475,1785989090,79011475,63.375,5,848,480,62.714,61.855,1.032,60.823,29.7,9.284,17.533,4.306,31.123,0.854,0.006,62.224,124.975
1785989090,145656494,1785989090,145656494,66.792,5,848,480,63.918,63.118,2.082,61.036,15.795,24.083,17.264,3.894,45.241,0.795,0.005,61.173,125.116
1785989090,212300537,1785989090,212300537,57.872,5,848,480,56.393,55.394,1.094,54.3,17.061,8.929,17.231,11.08,37.24,0.993,0.006,59.92,116.355
1785989090,278943604,1785989090,278943604,70.241,5,848,480,64.779,63.987,1.657,62.33,26.803,12.79,18.52,4.217,35.527,0.787,0.005,55.142,119.941
1785989090,345585693,1785989090,345585693,42.107,5,848,480,41.641,40.876,1.019,39.856,8.206,10.213,17.374,4.063,31.651,0.761,0.004,53.729,95.409
1785989090,378906250,1785989090,378906250,60.598,5,848,480,51.931,51.188,2.938,48.25,11.052,15.528,17.52,4.151,37.198,0.738,0.005,70.736,122.687
1785989090,445551270,1785989090,445551270,44.354,5,848,480,43.951,43.059,0.822,42.237,10.56,10.198,17.133,4.347,31.678,0.886,0.006,56.405,100.42
1785989090,512199707,1785989090,512199707,56.361,5,848,480,44.434,43.747,3.649,40.098,9.871,8.825,17.363,4.04,30.227,0.683,0.004,45.652,90.12
1785989090,578847168,1785989090,578847168,60.135,5,848,480,39.567,38.792,0.902,37.889,7.681,8.593,17.217,4.398,30.208,0.77,0.005,44.004,83.595
1785989090,645493408,1785989090,645493408,69.738,5,848,480,43.71,42.708,0.961,41.747,7.141,8.635,17.356,8.615,34.606,0.997,0.005,42.956,86.705
1785989090,712138428,1785989090,712138428,64.741,5,848,480,41.48,40.611,0.93,39.681,7.889,8.848,17.273,5.671,31.791,0.864,0.004,43.277,84.784
1785989090,778782471,1785989090,778782471,68.314,5,848,480,41.91,41.221,2.106,39.116,6.991,8.466,17.213,6.445,32.125,0.684,0.005,44.524,86.455
1785989090,845425293,1785989090,845425293,66.237,5,848,480,42.19,41.45,2.429,39.021,7.255,8.646,18.839,4.281,31.766,0.735,0.005,43.833,86.049
1785989090,912066895,1785989090,912066895,65.907,5,848,480,40.579,39.894,1.034,38.86,7.96,8.409,17.366,5.126,30.901,0.68,0.004,44.709,85.311
1785989090,978707275,1785989090,978707275,84.324,5,848,480,58.26,57.473,1.665,55.807,11.089,23.094,16.7,4.925,44.718,0.778,0.01,44.718,103.019
1785989091,12027100,1785989091,12027100,55.02,5,848,480,54.313,53.602,1.361,52.241,16.429,8.327,17.294,10.192,35.813,0.706,0.005,70.351,124.7
1785989091,78665771,1785989091,78665771,64.408,5,848,480,63.987,63.323,8.963,54.36,15.441,16.985,17.667,4.267,38.919,0.66,0.004,58.44,122.464
1785989091,145303223,1785989091,145303223,49.45,5,848,480,49.045,48.039,4.862,43.177,8.459,11.864,17.357,5.496,34.718,0.999,0.007,56.197,105.473
1785989091,178621582,1785989091,178621582,57.259,5,848,480,53.872,53.087,7.737,45.35,13.522,10.399,17.407,4.021,31.828,0.779,0.005,75.326,129.222
1785989091,245257324,1785989091,245257324,56.828,5,848,480,56.357,55.607,1.876,53.73,21.459,8.888,19.041,4.342,32.272,0.746,0.005,63.016,119.416
1785989091,311891846,1785989091,311891846,66.407,5,848,480,65.016,64.343,0.943,63.4,15.537,17.899,16.729,13.235,47.863,0.669,0.004,54.134,119.185
1785989091,378525391,1785989091,378525391,42.577,5,848,480,42.034,41.335,1.0,40.335,8.761,10.081,17.382,4.111,31.574,0.694,0.004,53.056,95.127
1785989091,445197754,1785989091,445197754,62.255,5,848,480,39.456,38.666,0.994,37.672,7.149,9.15,17.378,3.995,30.523,0.785,0.005,51.23,90.71
1785989091,511850830,1785989091,511850830,67.03,5,848,480,39.913,39.104,1.657,37.447,6.981,8.92,17.578,3.967,30.465,0.805,0.004,51.15,91.088
1785989091,578502686,1785989091,578502686,61.279,5,848,480,40.565,39.924,1.017,38.907,8.626,8.29,17.236,4.755,30.281,0.637,0.004,45.13,85.711
1785989091,645153320,1785989091,645153320,67.513,5,848,480,41.059,40.323,1.589,38.733,6.404,8.635,19.266,4.429,32.33,0.732,0.005,45.492,86.579
1785989091,711802979,1785989091,711802979,69.428,5,848,480,45.218,44.52,1.931,42.588,6.861,8.312,20.813,6.603,35.727,0.694,0.005,44.113,89.355
1785989091,745127441,1785989091,745127441,41.728,5,848,480,41.333,40.531,0.903,39.628,8.95,9.593,17.12,3.964,30.678,0.797,0.006,56.388,97.865
1785989091,811775635,1785989091,811775635,59.9,5,848,480,41.675,40.93,2.677,38.253,7.804,9.062,17.438,3.949,30.449,0.74,0.005,49.314,91.013
1785989091,878422363,1785989091,878422363,61.558,5,848,480,40.945,40.189,1.869,38.32,7.667,8.727,17.278,4.648,30.653,0.708,0.049,44.998,85.969
1785989091,945068359,1785989091,945068359,67.611,5,848,480,39.853,39.12,1.087,38.033,7.478,8.883,17.257,4.415,30.555,0.728,0.005,47.011,86.888
1785989092,11713135,1785989092,11713135,81.877,5,848,480,57.757,56.825,0.809,56.015,15.334,8.484,17.901,14.295,40.681,0.926,0.006,44.34,102.134
1785989092,45034912,1785989092,45034912,59.912,5,848,480,58.843,58.108,1.348,56.76,11.177,20.905,17.332,7.346,45.583,0.731,0.004,69.838,128.707
1785989092,111677979,1785989092,111677979,56.937,5,848,480,56.442,55.673,0.916,54.757,8.504,16.259,16.696,13.298,46.253,0.764,0.005,62.525,119.003
1785989092,178320068,1785989092,178320068,43.395,5,848,480,42.895,42.166,0.912,41.254,9.673,9.876,17.406,4.3,31.582,0.724,0.005,52.826,95.759
1785989092,211640625,1785989092,211640625,56.977,5,848,480,50.604,49.39,2.642,46.748,13.599,8.401,17.641,7.106,33.149,1.206,0.008,68.802,119.477
1785989092,278281006,1785989092,278281006,44.071,5,848,480,43.512,42.813,1.703,41.11,9.253,10.358,17.511,3.988,31.857,0.692,0.007,53.298,96.848
1785989092,311600830,1785989092,311600830,54.784,5,848,480,53.077,52.432,1.402,51.03,18.183,8.827,16.879,7.141,32.847,0.638,0.007,65.219,118.31
1785989092,378239502,1785989092,378239502,42.337,5,848,480,41.85,41.109,0.962,40.147,7.459,11.145,17.423,4.119,32.687,0.737,0.005,52.119,94.009
1785989092,444877930,1785989092,444877930,70.148,5,848,480,41.975,41.252,2.552,38.7,6.903,10.181,17.472,4.145,31.797,0.718,0.005,55.518,97.522
1785989092,478203613,1785989092,478203613,56.003,5,848,480,51.199,50.519,1.277,49.242,8.639,17.917,17.29,5.396,40.603,0.676,0.004,68.992,120.195
1785989092,544854736,1785989092,544854736,63.911,5,848,480,63.525,62.833,4.975,57.858,22.806,8.942,16.864,9.246,35.052,0.688,0.004,53.89,117.456
1785989092,611504395,1785989092,611504395,52.166,5,848,480,51.682,50.867,1.405,49.462,16.352,11.453,17.164,4.493,33.11,0.811,0.004,51.252,102.975
1785989092,644828857,1785989092,644828857,55.309,5,848,480,53.267,52.481,1.541,50.94,20.361,8.756,17.338,4.484,30.579,0.781,0.005,71.66,124.957
1785989092,711477051,1785989092,711477051,60.416,5,848,480,60.013,59.337,0.826,58.511,10.721,16.284,16.887,14.618,47.79,0.672,0.004,58.672,118.722
1785989092,778124023,1785989092,778124023,46.193,5,848,480,45.723,44.886,0.934,43.952,7.486,15.133,17.285,4.047,36.466,0.832,0.005,52.508,98.272
1785989092,811447266,1785989092,811447266,53.111,5,848,480,51.014,50.334,1.965,48.369,14.68,9.66,17.269,6.76,33.689,0.675,0.005,67.027,118.055
1785989092,878092529,1785989092,878092529,55.131,5,848,480,54.743,53.748,0.976,52.773,9.332,21.886,16.818,4.736,43.441,0.987,0.007,51.764,106.569
1785989092,911414795,1785989092,911414795,52.089,5,848,480,49.051,48.293,0.891,47.402,17.216,8.718,17.426,4.042,30.186,0.753,0.005,76.241,125.318
1785989092,978058350,1785989092,978058350,60.756,5,848,480,60.133,57.314,0.917,56.397,19.77,12.382,16.994,7.251,36.627,2.807,0.012,59.26,119.447
1785989093,44700928,1785989093,44700928,50.469,5,848,480,46.784,45.684,0.904,44.78,13.019,9.212,17.744,4.804,31.761,1.094,0.006,56.441,105.706
1785989093,78021729,1785989093,78021729,79.387,5,848,480,70.913,70.263,11.561,58.701,9.082,20.872,17.005,11.742,49.619,0.646,0.005,78.392,149.353
1785989093,177982666,1785989093,177982666,48.953,5,848,480,48.521,47.726,1.81,45.916,13.781,10.996,17.154,3.985,32.135,0.79,0.005,49.748,98.31
1785989093,211302246,1785989093,211302246,59.866,5,848,480,57.945,57.254,1.153,56.101,18.759,10.692,21.449,5.2,37.342,0.687,0.004,66.881,124.855
1785989093,277940918,1785989093,277940918,60.243,5,848,480,59.841,58.99,0.954,58.037,22.647,10.765,16.683,7.942,35.39,0.846,0.005,58.578,118.46
1785989093,344578369,1785989093,344578369,41.696,5,848,480,41.281,40.605,1.388,39.217,8.474,9.213,17.491,4.039,30.744,0.671,0.004,52.198,93.517
1785989093,444533203,1785989093,444533203,94.579,5,848,480,40.014,39.326,1.678,37.648,7.755,8.179,17.389,4.325,29.893,0.684,0.004,48.101,88.143
1785989093,511184814,1785989093,511184814,69.441,5,848,480,39.675,38.997,1.656,37.341,6.587,8.692,17.688,4.374,30.754,0.674,0.004,51.233,90.931
1785989093,577835205,1785989093,577835205,68.709,5,848,480,40.323,39.575,1.595,37.98,6.898,9.5,17.463,4.119,31.082,0.744,0.004,52.641,92.99
1785989093,644484619,1785989093,644484619,63.251,5,848,480,41.85,41.108,1.816,39.292,7.021,8.672,19.713,3.886,32.27,0.738,0.005,47.716,89.594
1785989093,711132813,1785989093,711132813,64.922,5,848,480,40.498,38.717,1.503,37.214,6.658,8.302,17.209,5.045,30.556,1.727,0.053,47.39,87.936
1785989093,777780029,1785989093,777780029,69.469,5,848,480,43.253,42.525,2.4,40.125,6.835,8.313,17.271,7.706,33.29,0.724,0.005,47.447,90.689
1785989093,844426025,1785989093,844426025,62.937,5,848,480,40.831,40.087,1.464,38.623,7.105,8.769,17.186,5.564,31.519,0.739,0.004,46.12,86.979
1785989093,911070801,1785989093,911070801,67.26,5,848,480,41.228,40.512,1.579,38.934,8.636,8.507,17.475,4.316,30.298,0.711,0.005,46.339,87.591
1785989093,977714355,1785989093,977714355,65.953,5,848,480,40.401,39.711,1.964,37.747,6.664,8.474,17.273,5.336,31.083,0.682,0.007,46.522,86.903
1785989094,44356934,1785989094,44356934,72.861,5,848,480,44.879,44.09,2.374,41.716,8.554,10.525,17.737,4.901,33.162,0.784,0.005,48.215,93.125
1785989094,110998535,1785989094,110998535,69.576,5,848,480,42.031,41.272,2.531,38.741,7.187,9.735,17.584,4.236,31.555,0.754,0.005,54.001,96.097
1785989094,177638916,1785989094,177638916,69.687,5,848,480,48.649,47.88,1.645,46.235,13.574,10.803,17.797,4.062,32.662,0.764,0.004,50.43,99.104
1785989094,210958496,1785989094,210958496,59.901,5,848,480,59.483,58.72,3.802,54.918,9.528,14.353,25.358,5.679,45.39,0.758,0.006,66.163,125.692
1785989094,277597168,1785989094,277597168,57.158,5,848,480,56.725,56.014,3.407,52.607,18.736,10.003,16.716,7.152,33.871,0.707,0.004,59.439,116.199
1785989094,344234863,1785989094,344234863,60.934,5,848,480,60.562,59.01,3.893,55.117,16.549,16.854,16.699,5.015,38.568,1.545,0.007,49.9,110.52
1785989094,377553223,1785989094,377553223,49.323,5,848,480,45.619,44.932,2.85,42.082,11.658,8.771,17.357,4.296,30.424,0.682,0.005,80.865,126.549
1785989094,444189697,1785989094,444189697,56.266,5,848,480,55.757,54.966,2.363,52.604,20.898,8.66,16.765,6.28,31.705,0.786,0.005,60.339,116.137
1785989094,477561523,1785989094,477561523,45.567,5,848,480,45.16,44.459,2.22,42.239,12.22,8.487,17.477,4.055,30.019,0.696,0.004,83.13,128.33
1785989094,544306641,1785989094,544306641,65.775,5,848,480,65.255,64.48,1.078,63.401,30.771,10.968,17.564,4.099,32.63,0.771,0.005,62.066,127.36
1785989094,611052734,1785989094,611052734,62.626,5,848,480,54.603,53.834,1.172,52.662,21.431,8.588,17.187,5.456,31.231,0.764,0.005,68.626,123.237
1785989094,677800293,1785989094,677800293,44.288,5,848,480,43.879,43.003,0.877,42.126,10.083,10.866,17.087,4.09,32.043,0.869,0.007,56.864,100.852
1785989094,744548828,1785989094,744548828,56.723,5,848,480,40.434,39.741,1.928,37.813,7.669,8.618,17.521,4.006,30.144,0.689,0.005,50.296,90.755
1785989094,811298828,1785989094,811298828,64.103,5,848,480,41.249,40.519,1.961,38.559,6.934,8.57,17.642,5.412,31.624,0.725,0.004,46.831,88.106
1785989094,878050049,1785989094,878050049,66.749,5,848,480,39.98,39.168,1.692,37.475,6.933,8.246,17.391,4.906,30.543,0.808,0.005,48.101,88.106
1785989094,944802490,1785989094,944802490,66.562,5,848,480,39.927,39.151,1.802,37.349,6.606,8.594,17.305,4.843,30.743,0.771,0.004,47.962,87.914
1785989095,11556396,1785989095,11556396,74.704,5,848,480,47.609,46.83,1.726,45.104,10.333,8.988,21.703,4.08,34.771,0.772,0.006,48.231,95.87
1785989095,44933594,1785989095,44933594,61.44,5,848,480,61.007,60.346,6.381,53.964,21.063,9.577,17.42,5.905,32.902,0.656,0.005,62.883,123.93
1785989095,111689209,1785989095,111689209,71.737,5,848,480,68.884,68.065,3.883,64.183,21.416,15.462,22.36,4.945,42.767,0.813,0.005,59.998,128.917
1785989095,178446045,1785989095,178446045,64.957,5,848,480,64.523,63.057,5.193,57.864,15.44,18.523,19.248,4.654,42.425,1.46,0.006,62.549,127.119
1785989095,245204102,1785989095,245204102,60.902,5,848,480,58.975,58.103,6.528,51.575,11.241,14.475,18.19,7.669,40.334,0.867,0.005,62.26,121.256
1785989095,311963623,1785989095,311963623,64.594,5,848,480,64.18,63.428,2.781,60.647,13.827,15.703,19.854,11.263,46.82,0.748,0.004,54.867,119.087
1785989095,378724121,1785989095,378724121,49.978,5,848,480,49.559,48.682,0.849,47.833,7.454,19.163,17.119,4.097,40.379,0.871,0.007,52.708,102.337
1785989095,412104980,1785989095,412104980,72.867,5,848,480,70.318,62.037,1.155,60.882,21.299,18.544,17.007,4.032,39.583,8.272,0.009,71.463,141.817
1785989095,478818848,1785989095,478818848,51.428,5,848,480,50.192,49.435,10.452,38.983,7.288,8.747,17.465,5.483,31.695,0.753,0.004,76.289,126.504
1785989095,545485596,1785989095,545485596,56.478,5,848,480,54.276,53.486,0.884,52.602,20.893,8.102,19.383,4.223,31.709,0.783,0.007,62.006,116.335
1785989095,612151367,1785989095,612151367,69.223,5,848,480,63.585,62.864,1.913,60.952,25.952,8.808,17.19,9.002,35.0,0.716,0.004,55.265,118.871
1785989095,678816162,1785989095,678816162,67.619,5,848,480,67.2,66.536,0.935,65.601,16.066,25.086,16.744,7.705,49.535,0.66,0.004,52.588,119.825
1785989095,745480225,1785989095,745480225,42.952,5,848,480,42.562,41.867,0.946,40.92,8.99,10.027,17.831,4.072,31.931,0.691,0.004,53.514,96.116
1785989095,812143555,1785989095,812143555,75.68,5,848,480,49.786,48.729,2.043,46.686,6.951,18.592,16.681,4.462,39.735,1.05,0.007,55.323,112.448
1785989095,845474854,1785989095,845474854,68.718,5,848,480,52.823,51.849,4.092,47.756,7.609,18.807,16.578,4.763,40.147,0.966,0.008,87.675,140.633
1785989095,912136963,1785989095,912136963,49.263,5,848,480,48.607,47.718,1.02,46.698,8.368,9.683,24.568,4.078,38.33,0.884,0.006,74.477,123.129
1785989095,978798096,1785989095,978798096,40.842,5,848,480,40.397,39.645,0.978,38.667,8.043,9.029,17.311,4.284,30.624,0.747,0.005,56.865,97.381
1785989096,45458252,1785989096,45458252,91.796,5,848,480,61.939,61.143,0.916,60.227,8.207,18.547,18.275,15.198,52.019,0.79,0.006,60.474,122.438
1785989096,112117676,1785989096,112117676,61.358,5,848,480,60.85,60.167,0.998,59.169,24.827,13.742,16.724,3.877,34.343,0.678,0.005,56.249,117.136
1785989096,145447021,1785989096,145447021,49.929,5,848,480,49.503,48.676,0.913,47.763,7.547,19.527,16.752,3.938,40.216,0.82,0.007,84.194,133.782
1785989096,178776367,1785989096,178776367,52.196,5,848,480,51.694,50.746,2.553,48.193,14.127,9.33,18.133,6.603,34.066,0.942,0.006,100.874,152.611
1785989096,245434082,1785989096,245434082,67.259,5,848,480,64.801,64.142,2.014,62.127,24.775,14.15,16.746,6.456,37.352,0.655,0.004,88.375,153.198
1785989096,345418945,1785989096,345418945,39.755,5,848,480,39.364,38.668,0.917,37.751,7.239,8.725,17.588,4.199,30.512,0.692,0.004,53.569,92.97
1785989096,412074707,1785989096,412074707,67.403,5,848,480,39.839,39.081,1.632,37.449,6.793,9.042,17.387,4.226,30.656,0.754,0.005,53.855,93.722
1785989096,478778320,1785989096,478778320,62.335,5,848,480,40.277,39.509,1.822,37.688,6.949,8.508,18.249,3.981,30.738,0.764,0.004,49.046,89.349
1785989096,545530518,1785989096,545530518,65.915,5,848,480,39.514,38.781,1.141,37.64,7.151,8.428,17.288,4.774,30.49,0.729,0.004,48.977,88.513
1785989096,612283936,1785989096,612283936,66.799,5,848,480,40.609,39.885,1.526,38.359,8.412,8.22,17.214,4.514,29.947,0.719,0.005,47.923,88.557
1785989096,645661377,1785989096,645661377,62.424,5,848,480,51.736,50.901,0.944,49.958,11.153,10.719,16.737,11.35,38.805,0.83,0.005,65.844,117.612
1785989096,712416992,1785989096,712416992,47.81,5,848,480,47.346,46.643,1.122,45.522,8.403,8.802,19.332,8.985,37.119,0.698,0.004,51.273,98.659
1785989096,745795410,1785989096,745795410,57.249,5,848,480,56.834,56.165,0.946,55.22,20.461,8.426,16.835,9.497,34.758,0.665,0.004,65.656,122.545
1785989096,812553223,1785989096,812553223,43.737,5,848,480,43.316,42.53,1.007,41.523,10.342,9.794,17.341,4.046,31.181,0.781,0.005,56.225,99.512
1785989096,879312256,1785989096,879312256,71.605,5,848,480,47.895,46.593,1.79,44.803,7.185,17.084,16.488,4.046,37.618,1.291,0.011,56.441,104.431
1785989096,912692383,1785989096,912692383,54.212,5,848,480,53.523,52.771,1.474,51.297,10.393,17.225,17.174,6.505,40.904,0.746,0.006,71.631,125.189
1785989096,979453613,1785989096,979453613,67.324,5,848,480,66.753,66.036,1.002,65.034,21.37,15.708,17.019,10.937,43.664,0.713,0.004,58.958,125.748
1785989097,46216309,1785989097,46216309,62.747,5,848,480,62.052,61.368,1.189,60.179,20.487,16.929,17.398,5.364,39.691,0.679,0.005,59.647,121.737
1785989097,112980225,1785989097,112980225,50.837,5,848,480,49.102,48.268,1.093,47.175,8.421,10.457,23.134,5.163,38.754,0.828,0.006,56.681,105.82
1785989097,146362549,1785989097,146362549,48.207,5,848,480,47.271,46.368,1.464,44.903,10.085,9.574,16.921,8.324,34.819,0.895,0.008,73.335,120.658
1785989097,213128662,1785989097,213128662,48.162,5,848,480,46.709,45.852,0.969,44.883,14.418,9.288,17.078,4.098,30.465,0.851,0.005,55.304,102.034
1785989097,246512207,1785989097,246512207,65.518,5,848,480,63.658,62.787,1.959,60.827,20.617,18.458,17.739,4.014,40.21,0.865,0.006,70.483,134.173
1785989097,313280273,1785989097,313280273,54.675,5,848,480,53.901,53.219,0.978,52.241,21.305,8.358,17.219,5.359,30.936,0.678,0.004,68.133,122.069
1785989097,380049805,1785989097,380049805,55.384,5,848,480,54.999,53.792,5.081,48.711,14.551,11.446,16.769,5.945,34.16,1.2,0.007,55.647,110.832
1785989097,413435059,1785989097,413435059,58.265,5,848,480,44.876,44.098,3.859,40.24,7.037,11.781,17.256,4.166,33.203,0.768,0.01,90.672,141.848
1785989097,480161621,1785989097,480161621,52.381,5,848,480,45.076,44.428,3.503,40.925,9.275,9.777,17.188,4.685,31.651,0.643,0.005,76.122,121.213
1785989097,546845215,1785989097,546845215,42.776,5,848,480,42.331,41.6,1.116,40.484,7.557,9.048,18.112,5.766,32.927,0.727,0.005,54.94,97.31
1785989097,613528076,1785989097,613528076,62.808,5,848,480,40.36,39.546,2.084,37.462,6.797,9.114,17.402,4.148,30.664,0.807,0.007,53.06,93.437
1785989097,680210449,1785989097,680210449,64.273,5,848,480,40.069,39.298,1.845,37.453,7.448,8.51,17.475,4.02,30.005,0.764,0.007,50.936,91.03
1785989097,746892334,1785989097,746892334,64.489,5,848,480,40.002,39.068,1.904,37.164,7.111,8.499,17.152,4.402,30.053,0.927,0.006,48.808,88.839
1785989097,813573730,1785989097,813573730,66.118,5,848,480,41.562,40.875,1.965,38.909,8.389,8.413,17.357,4.751,30.521,0.683,0.004,46.757,88.269
1785989097,880254395,1785989097,880254395,66.797,5,848,480,41.668,40.946,2.412,38.534,6.92,9.079,17.398,5.137,31.614,0.716,0.007,46.694,88.388
1785989097,946934570,1785989097,946934570,65.627,5,848,480,39.651,38.965,1.02,37.945,6.817,8.508,17.132,5.488,31.128,0.683,0.004,47.659,87.46
1785989098,13614258,1785989098,13614258,74.066,5,848,480,46.27,45.495,0.967,44.528,7.674,8.845,22.502,5.507,36.854,0.769,0.006,48.426,94.727
1785989098,46954102,1785989098,46954102,46.716,5,848,480,46.041,44.76,1.173,43.586,10.951,9.72,17.405,5.51,32.635,1.272,0.009,62.025,108.176
1785989098,80293457,1785989098,80293457,50.45,5,848,480,49.659,48.812,1.247,47.565,9.018,15.935,17.561,5.051,38.547,0.841,0.006,75.524,125.213
1785989098,146972168,1785989098,146972168,67.209,5,848,480,66.79,66.119,4.035,62.084,16.181,19.885,17.815,8.203,45.903,0.666,0.004,58.91,125.734
1785989098,213650146,1785989098,213650146,42.88,5,848,480,42.498,41.652,0.984,40.668,7.964,11.156,17.44,4.108,32.704,0.839,0.006,59.423,101.955
1785989098,280327637,1785989098,280327637,65.616,5,848,480,40.919,39.988,0.908,39.081,7.056,9.732,17.309,4.983,32.024,0.924,0.007,59.935,100.879
1785989098,347004639,1785989098,347004639,58.875,5,848,480,43.116,42.428,1.776,40.652,9.942,8.954,17.412,4.344,30.711,0.684,0.004,49.932,93.075
1785989098,413681152,1785989098,413681152,73.79,5,848,480,44.974,44.156,3.217,40.94,7.176,11.318,17.473,4.972,33.763,0.812,0.006,55.193,100.194
1785989098,447019287,1785989098,447019287,60.636,5,848,480,60.137,59.361,1.059,58.301,23.258,9.66,17.342,8.041,35.043,0.771,0.005,67.315,127.489
1785989098,513857422,1785989098,513857422,58.622,5,848,480,58.233,57.396,3.015,54.38,19.804,8.642,16.735,9.198,34.576,0.832,0.005,60.999,119.272
1785989098,580697021,1785989098,580697021,49.96,5,848,480,46.007,45.127,2.961,42.166,8.786,12.244,16.982,4.154,33.38,0.873,0.006,56.378,102.426
1785989098,614117188,1785989098,614117188,53.641,5,848,480,50.281,49.608,4.694,44.914,7.298,10.026,19.721,7.87,37.617,0.669,0.004,72.307,122.677
1785989098,680958740,1785989098,680958740,51.159,5,848,480,46.74,45.163,0.823,44.339,13.303,9.535,17.19,4.312,31.037,1.569,0.008,60.169,107.072
1785989098,714380127,1785989098,714380127,48.939,5,848,480,46.844,46.161,1.707,44.454,8.869,9.457,17.434,8.694,35.585,0.678,0.005,75.574,122.524
1785989098,781223877,1785989098,781223877,61.607,5,848,480,61.015,60.296,0.812,59.484,11.787,12.76,24.109,10.827,47.696,0.714,0.004,56.16,117.209
1785989098,848069092,1785989098,848069092,50.112,5,848,480,47.556,46.759,2.801,43.958,13.056,9.221,17.398,4.284,30.902,0.792,0.005,52.898,100.489
1785989098,881492188,1785989098,881492188,55.199,5,848,480,49.038,48.211,3.743,44.468,10.343,9.242,17.537,7.346,34.125,0.822,0.005,73.203,122.257
1785989098,948339600,1785989098,948339600,40.874,5,848,480,40.475,39.735,0.901,38.834,7.846,9.3,17.451,4.237,30.988,0.736,0.004,55.766,96.28
1785989099,15188232,1785989099,15188232,68.361,5,848,480,41.239,40.496,1.879,38.617,7.144,9.083,17.385,5.004,31.473,0.738,0.005,56.53,97.799
1785989099,48613037,1785989099,48613037,66.366,5,848,480,62.571,61.696,1.49,60.206,27.024,10.58,17.674,4.928,33.181,0.87,0.005,68.134,130.741
1785989099,115464111,1785989099,115464111,55.707,5,848,480,55.126,54.234,0.851,53.384,11.801,10.781,18.979,11.823,41.583,0.886,0.005,64.432,119.596
1785989099,182316406,1785989099,182316406,52.68,5,848,480,52.176,51.327,0.966,50.361,18.887,9.443,17.337,4.694,31.474,0.841,0.008,53.208,105.435
1785989099,215742920,1785989099,215742920,52.18,5,848,480,48.06,47.293,1.186,46.106,13.577,9.043,17.008,6.477,32.529,0.763,0.005,76.094,124.169
1785989099,282597412,1785989099,282597412,46.604,5,848,480,45.994,44.97,1.062,43.908,8.576,12.571,17.295,5.466,35.332,1.018,0.006,57.891,103.941
1785989099,316025146,1785989099,316025146,49.812,5,848,480,49.067,48.416,1.204,47.212,13.341,9.268,17.037,7.566,33.871,0.647,0.004,71.212,120.32
1785989099,382881592,1785989099,382881592,41.819,5,848,480,41.412,40.729,1.148,39.581,9.03,9.12,17.32,4.111,30.551,0.679,0.005,53.816,95.267
1785989099,449737793,1785989099,449737793,61.838,5,848,480,41.21,40.474,1.887,38.587,6.78,9.056,18.511,4.239,31.807,0.732,0.004,49.013,90.248
1785989099,516406250,1785989099,516406250,62.984,5,848,480,40.254,39.584,2.338,37.247,6.674,8.449,17.434,4.69,30.573,0.665,0.004,46.289,86.565
1785989099,583073975,1785989099,583073975,66.899,5,848,480,40.177,39.48,1.921,37.559,7.231,8.471,17.333,4.524,30.328,0.693,0.004,46.594,86.795
1785989099,649740723,1785989099,649740723,66.324,5,848,480,39.754,39.069,1.679,37.39,6.729,8.484,17.3,4.878,30.661,0.681,0.004,46.674,86.453
1785989099,716406982,1785989099,716406982,66.334,5,848,480,39.645,38.876,1.964,36.912,6.96,8.445,17.37,4.137,29.952,0.765,0.005,46.451,86.122
1785989099,783072021,1785989099,783072021,67.916,5,848,480,41.109,40.326,1.677,38.649,6.868,8.576,17.386,5.82,31.781,0.779,0.004,46.237,87.37
1785989099,849736572,1785989099,849736572,67.37,5,848,480,41.607,40.807,1.894,38.913,6.884,8.646,17.335,6.048,32.029,0.796,0.004,46.49,88.078
1785989099,916400146,1785989099,916400146,66.661,5,848,480,41.995,41.287,4.151,37.135,6.794,8.476,17.274,4.591,30.342,0.703,0.005,46.062,88.126
1785989099,983062988,1785989099,983062988,66.569,5,848,480,39.546,38.812,1.009,37.803,6.683,8.755,17.406,4.959,31.12,0.729,0.004,48.409,88.041
1785989100,49725098,1785989100,49725098,72.809,5,848,480,47.757,45.419,2.24,43.178,9.301,9.155,17.606,7.117,33.878,2.331,0.007,46.388,94.147
1785989100,83055664,1785989100,83055664,66.05,5,848,480,65.219,64.315,1.215,63.1,16.493,19.42,22.351,4.836,46.608,0.899,0.005,61.595,126.849
1785989100,149716553,1785989100,149716553,67.13,5,848,480,66.704,65.914,4.381,61.532,13.438,20.823,22.385,4.886,48.094,0.786,0.004,60.573,129.168
1785989100,216376465,1785989100,216376465,50.18,5,848,480,47.46,46.742,1.762,44.98,12.073,9.567,17.215,6.126,32.907,0.711,0.007,63.344,110.851
1785989100,249706055,1785989100,249706055,78.897,5,848,480,76.671,75.846,12.254,63.592,9.969,19.346,16.709,17.568,53.623,0.819,0.006,79.729,156.412
1785989100,349694092,1785989100,349694092,60.473,5,848,480,59.905,59.236,1.09,58.146,19.011,14.829,16.888,7.418,39.135,0.664,0.004,56.95,116.886
1785989100,416351563,1785989100,416351563,47.448,5,848,480,46.078,45.291,0.914,44.377,12.816,9.967,17.432,4.162,31.56,0.783,0.004,51.57,97.68
1785989100,449680420,1785989100,449680420,54.244,5,848,480,53.661,52.94,1.134,51.806,16.46,9.305,17.183,8.858,35.346,0.716,0.005,64.898,118.593
1785989100,516434814,1785989100,516434814,65.381,5,848,480,64.999,64.18,1.009,63.171,20.668,20.177,16.828,5.499,42.504,0.814,0.005,52.184,117.223
1785989100,583190430,1785989100,583190430,40.798,5,848,480,40.407,39.677,0.965,38.712,7.788,9.214,17.488,4.223,30.925,0.722,0.007,50.82,91.267
1785989100,649947510,1785989100,649947510,67.366,5,848,480,43.546,42.88,1.596,41.284,10.063,8.074,19.304,3.843,31.221,0.662,0.005,48.303,91.871
1785989100,683326660,1785989100,683326660,61.208,5,848,480,57.071,56.219,0.908,55.311,22.794,9.149,16.84,6.528,32.517,0.846,0.006,62.608,119.712
1785989100,750085938,1785989100,750085938,64.815,5,848,480,64.292,63.487,0.95,62.537,28.914,9.498,16.864,7.261,33.623,0.801,0.005,53.433,117.759
1785989100,816846680,1785989100,816846680,53.165,5,848,480,52.765,51.849,0.96,50.889,18.499,10.96,17.028,4.402,32.39,0.909,0.006,51.36,110.13
1785989100,850227539,1785989100,850227539,58.449,5,848,480,50.12,49.37,10.57,38.8,7.619,9.499,17.597,4.085,31.182,0.745,0.005,79.09,129.231
1785989100,916990479,1785989100,916990479,57.147,5,848,480,56.739,55.964,0.88,55.084,18.189,10.466,16.941,9.488,36.895,0.769,0.006,62.837,119.619
1785989100,983754639,1785989100,983754639,42.833,5,848,480,41.431,40.732,0.826,39.906,8.827,9.6,17.379,4.1,31.079,0.694,0.005,54.221,95.685
1785989101,83903809,1785989101,83903809,102.079,5,848,480,48.609,47.923,1.024,46.9,8.394,15.905,18.458,4.143,38.506,0.682,0.004,48.979,97.612
1785989101,117287598,1785989101,117287598,52.45,5,848,480,51.943,51.262,0.883,50.379,11.834,14.598,16.847,7.099,38.545,0.677,0.004,64.697,116.676
1785989101,184056152,1785989101,184056152,46.115,5,848,480,45.731,44.949,2.05,42.899,7.983,9.253,17.881,7.782,34.916,0.777,0.004,50.324,96.029
1785989101,217440918,1785989101,217440918,59.229,5,848,480,57.772,56.908,0.914,55.994,22.299,10.689,17.345,5.66,33.695,0.858,0.005,64.068,121.884
1785989101,284211670,1785989101,284211670,46.591,5,848,480,46.174,45.136,0.891,44.245,7.594,15.448,17.07,4.133,36.651,1.031,0.006,55.479,101.711
1785989101,317597656,1785989101,317597656,50.295,5,848,480,48.542,47.883,1.355,46.528,8.729,9.923,16.962,10.914,37.799,0.655,0.005,70.039,118.595
1785989101,384370605,1785989101,384370605,41.481,5,848,480,40.981,40.18,0.811,39.368,7.658,10.395,17.297,4.019,31.71,0.796,0.004,52.289,93.307
1785989101,451144287,1785989101,451144287,84.149,5,848,480,54.61,53.821,1.744,52.077,6.875,16.433,17.251,11.517,45.201,0.783,0.007,56.052,110.699
1785989101,484528320,1785989101,484528320,44.146,5,848,480,43.273,42.591,1.248,41.342,10.261,9.132,17.58,4.369,31.081,0.677,0.005,78.154,121.446
1785989101,551297852,1785989101,551297852,48.037,5,848,480,45.437,44.734,3.489,41.245,10.188,9.629,17.205,4.223,31.057,0.698,0.005,57.241,104.968
1785989101,584683350,1785989101,584683350,64.876,5,848,480,60.098,59.222,1.951,57.27,17.647,16.176,19.335,4.113,39.623,0.871,0.006,74.079,134.211
1785989101,651455566,1785989101,651455566,57.678,5,848,480,57.218,56.47,8.819,47.651,14.143,8.495,17.399,7.614,33.508,0.743,0.005,67.852,125.104
1785989101,718229248,1785989101,718229248,64.957,5,848,480,60.835,60.092,2.194,57.898,19.078,8.937,17.699,12.184,38.82,0.739,0.004,62.433,123.295
1785989101,785004883,1785989101,785004883,60.57,5,848,480,59.174,58.43,0.946,57.484,18.241,14.39,16.896,7.957,39.243,0.739,0.005,57.879,117.09
1785989101,851782227,1785989101,851782227,46.029,5,848,480,45.608,44.839,0.971,43.868,8.608,14.062,17.149,4.049,35.259,0.764,0.005,50.691,96.34
1785989101,885171387,1785989101,885171387,54.684,5,848,480,53.193,52.387,0.964,51.423,10.647,16.561,16.824,7.391,40.776,0.801,0.005,64.408,117.64
1785989101,951951172,1785989101,951951172,74.719,5,848,480,74.26,59.365,5.792,53.573,10.07,14.071,16.706,12.726,43.503,14.89,0.006,51.277,125.573
1785989102,18732666,1785989102,18732666,62.582,5,848,480,62.162,61.407,4.966,56.441,15.852,18.36,17.507,4.722,40.589,0.75,0.005,59.173,121.377
1785989102,85515869,1785989102,85515869,63.218,5,848,480,61.586,60.284,1.126,59.158,15.552,18.025,17.517,8.065,43.606,1.295,0.007,56.2,117.829
1785989102,152300781,1785989102,152300781,55.626,5,848,480,54.756,53.602,3.888,49.714,8.22,20.059,16.823,4.612,41.494,1.146,0.008,51.878,106.901
1785989102,185693848,1785989102,185693848,56.678,5,848,480,54.83,54.035,6.531,47.504,12.7,13.002,17.731,4.07,34.804,0.791,0.005,75.077,129.934
1785989102,252481445,1785989102,252481445,55.06,5,848,480,54.656,53.814,1.253,52.562,13.927,16.435,16.941,5.258,38.635,0.836,0.006,63.512,118.213
1785989102,319270508,1785989102,319270508,39.808,5,848,480,39.247,38.494,1.143,37.351,6.917,8.971,17.459,4.004,30.434,0.748,0.005,51.943,91.225
1785989102,386061279,1785989102,386061279,66.174,5,848,480,39.588,38.756,1.791,36.965,6.807,8.77,17.485,3.903,30.159,0.827,0.005,51.002,90.675
1785989102,486201660,1785989102,486201660,96.638,5,848,480,43.786,43.045,4.542,38.503,6.55,8.386,17.331,6.236,31.953,0.737,0.004,43.294,87.12
1785989102,552898682,1785989102,552898682,65.738,5,848,480,41.667,40.948,3.494,37.453,7.12,8.493,17.299,4.541,30.333,0.715,0.004,44.456,86.146
1785989102,619595459,1785989102,619595459,67.6,5,848,480,43.037,42.301,4.226,38.075,7.933,8.45,17.407,4.284,30.141,0.732,0.004,43.993,87.05
1785989102,686291992,1785989102,686291992,65.426,5,848,480,40.328,39.57,1.828,37.742,7.433,8.356,17.264,4.689,30.309,0.753,0.005,45.426,85.78
1785989102,719640137,1785989102,719640137,62.125,5,848,480,52.493,51.769,0.972,50.797,15.903,9.665,16.849,8.381,34.894,0.721,0.004,62.037,114.564
1785989102,786335938,1785989102,786335938,47.935,5,848,480,47.542,46.781,1.506,45.276,15.468,8.527,17.319,3.961,29.807,0.754,0.006,48.217,95.797
1785989102,819683838,1785989102,819683838,65.144,5,848,480,62.797,61.749,1.419,60.33,29.388,9.323,17.356,4.263,30.942,1.039,0.009,64.8,127.612
1785989102,886379395,1785989102,886379395,48.674,5,848,480,48.059,47.181,2.606,44.574,10.172,11.064,17.944,5.394,34.402,0.872,0.007,61.476,109.591
1785989102,919727051,1785989102,919727051,46.758,5,848,480,44.204,43.352,5.167,38.185,7.662,8.65,17.614,4.259,30.522,0.848,0.005,78.754,122.98
1785989103,19769287,1785989103,19769287,75.86,5,848,480,51.307,50.491,1.969,48.522,7.258,10.866,18.157,12.241,41.264,0.81,0.005,47.466,98.799
1785989103,53116699,1785989103,53116699,59.94,5,848,480,59.545,58.786,1.436,57.35,13.934,19.744,17.63,6.043,43.416,0.754,0.005,66.059,125.395
1785989103,119811035,1785989103,119811035,50.217,5,848,480,49.793,48.806,1.068,47.739,9.09,16.32,16.964,5.364,38.649,0.981,0.005,59.085,108.923
1785989103,153157959,1785989103,153157959,47.562,5,848,480,45.724,44.99,0.96,44.029,8.429,12.377,17.51,5.713,35.6,0.73,0.005,77.382,123.129
1785989103,219852051,1785989103,219852051,63.171,5,848,480,62.778,61.94,0.966,60.975,19.052,17.521,18.829,5.572,41.923,0.832,0.005,56.79,119.609
1785989103,286545410,1785989103,286545410,42.364,5,848,480,41.954,41.183,1.629,39.554,8.348,9.87,17.269,4.067,31.206,0.766,0.005,53.284,95.279
1785989103,353238770,1785989103,353238770,65.291,5,848,480,40.109,39.434,1.33,38.104,6.897,9.44,17.606,4.16,31.207,0.67,0.005,53.741,93.875
1785989103,419931641,1785989103,419931641,59.033,5,848,480,40.741,40.007,1.089,38.918,7.711,8.504,17.181,5.522,31.207,0.728,0.006,45.455,86.218
1785989103,486628174,1785989103,486628174,66.693,5,848,480,40.258,39.561,1.711,37.85,6.894,8.604,17.528,4.824,30.957,0.692,0.005,45.929,86.213
1785989103,553327393,1785989103,553327393,65.835,5,848,480,39.015,38.272,0.849,37.423,6.695,8.493,17.287,4.949,30.729,0.739,0.004,46.306,85.348
1785989103,620026367,1785989103,620026367,67.383,5,848,480,40.406,39.612,2.079,37.533,6.982,8.44,17.38,4.731,30.551,0.789,0.005,45.745,86.049
1785989103,686725098,1785989103,686725098,67.656,5,848,480,42.055,41.36,1.087,40.274,7.636,8.154,20.628,3.856,32.638,0.69,0.005,44.908,87.062
1785989103,753423584,1785989103,753423584,65.57,5,848,480,40.879,40.165,1.709,38.456,8.121,8.536,17.191,4.608,30.335,0.71,0.004,44.986,85.859
1785989103,786772705,1785989103,786772705,63.204,5,848,480,51.927,51.259,2.188,49.07,11.717,9.63,17.15,10.573,37.353,0.664,0.005,63.766,115.715
1785989103,853470703,1785989103,853470703,49.098,5,848,480,48.702,47.857,1.314,46.543,14.363,10.472,17.275,4.433,32.18,0.84,0.005,49.47,98.119
1785989103,886819580,1785989103,886819580,50.924,5,848,480,49.212,48.407,1.205,47.202,13.025,9.699,17.406,7.073,34.178,0.798,0.006,66.467,115.706
1785989103,953517334,1785989103,953517334,44.741,5,848,480,44.151,43.374,0.973,42.401,11.33,9.628,17.289,4.154,31.071,0.773,0.005,49.567,93.735
1785989103,986866211,1785989103,986866211,59.79,5,848,480,55.067,54.325,2.352,51.973,8.881,18.15,17.907,7.035,43.092,0.737,0.005,65.112,120.177
1785989104,53563477,1785989104,53563477,67.274,5,848,480,60.624,59.918,0.9,59.018,12.694,15.088,16.767,14.469,46.324,0.702,0.004,60.094,120.771
1785989104,120260498,1785989104,120260498,44.08,5,848,480,43.64,42.925,1.113,41.812,10.305,9.735,17.491,4.281,31.507,0.71,0.005,54.46,98.147
1785989104,153608887,1785989104,153608887,62.097,5,848,480,54.599,53.926,1.898,52.027,8.9,19.968,17.727,5.432,43.127,0.67,0.004,72.263,126.884
1785989104,220305420,1785989104,220305420,60.186,5,848,480,58.373,57.715,1.082,56.633,10.675,12.669,17.045,16.244,45.959,0.654,0.004,61.967,120.368
1785989104,287001709,1785989104,287001709,41.419,5,848,480,40.712,39.988,0.883,39.105,7.796,9.465,17.505,4.34,31.31,0.72,0.004,54.348,95.099
1785989104,353697998,1785989104,353697998,62.082,5,848,480,40.035,39.226,0.946,38.28,7.566,8.806,17.47,4.438,30.714,0.803,0.005,50.429,90.488
1785989104,420393799,1785989104,420393799,60.841,5,848,480,39.731,39.016,1.6,37.416,7.028,8.628,17.053,4.708,30.388,0.711,0.004,44.872,84.627
1785989104,487095703,1785989104,487095703,69.321,5,848,480,41.825,41.145,1.951,39.195,7.107,8.708,17.206,6.174,32.088,0.676,0.004,45.398,87.262
1785989104,553803223,1785989104,553803223,65.775,5,848,480,41.043,40.321,3.141,37.18,6.872,8.44,17.357,4.511,30.308,0.719,0.004,45.246,86.316
1785989104,620510742,1785989104,620510742,66.091,5,848,480,41.186,40.376,1.898,38.478,7.62,8.405,17.207,5.246,30.858,0.806,0.004,44.491,85.7
1785989104,687218262,1785989104,687218262,67.162,5,848,480,40.173,39.463,1.694,37.769,7.25,8.123,17.165,5.231,30.519,0.706,0.004,45.993,86.151
1785989104,753925781,1785989104,753925781,66.808,5,848,480,40.769,40.018,1.77,38.248,7.096,8.624,17.386,5.142,31.152,0.746,0.005,45.458,86.254
1785989104,787279297,1785989104,787279297,65.238,5,848,480,58.041,57.383,2.239,55.145,18.951,13.606,17.099,5.488,36.194,0.654,0.004,60.073,118.189
1785989104,853986816,1785989104,853986816,48.258,5,848,480,47.817,46.824,0.982,45.842,8.806,15.317,17.119,4.6,37.036,0.987,0.006,51.833,99.707
1785989104,920694092,1785989104,920694092,61.881,5,848,480,41.05,40.352,2.081,38.272,6.971,9.552,17.719,4.029,31.301,0.69,0.007,53.798,94.866
1785989104,987401123,1785989104,987401123,63.58,5,848,480,41.289,40.557,3.358,37.199,6.868,8.907,17.315,4.109,30.331,0.728,0.005,50.421,91.736
1785989105,54108398,1785989105,54108398,93.498,5,848,480,57.515,56.772,1.158,55.614,13.339,17.24,17.462,7.572,42.275,0.737,0.006,60.987,118.535
1785989105,120815430,1785989105,120815430,50.22,5,848,480,48.542,47.517,3.641,43.876,8.788,10.788,17.679,6.621,35.088,1.018,0.007,53.475,102.053
1785989105,154168945,1785989105,154168945,80.871,5,848,480,73.626,72.724,3.435,69.29,19.861,24.021,17.4,8.007,49.428,0.896,0.005,75.934,149.565
1785989105,254229492,1785989105,254229492,42.556,5,848,480,42.065,41.24,1.697,39.543,8.463,9.246,17.65,4.184,31.08,0.821,0.004,49.95,92.049
1785989105,320936523,1785989105,320936523,65.911,5,848,480,39.689,38.928,2.064,36.865,6.703,8.707,17.474,3.981,30.162,0.756,0.005,51.548,91.274
1785989105,387643311,1785989105,387643311,68.603,5,848,480,40.788,40.006,1.59,38.416,7.248,9.856,17.259,4.052,31.167,0.778,0.005,52.338,93.152
1785989105,487700439,1785989105,487700439,93.071,5,848,480,40.526,39.704,1.83,37.875,6.672,8.326,17.528,5.348,31.202,0.818,0.004,45.612,86.164
1785989105,554400391,1785989105,554400391,66.419,5,848,480,41.0,40.319,1.624,38.695,7.769,8.412,17.303,5.211,30.926,0.677,0.004,44.859,85.885
1785989105,621100342,1785989105,621100342,64.685,5,848,480,38.585,37.793,1.584,36.209,6.751,8.143,17.144,4.171,29.458,0.788,0.005,45.257,83.868
1785989105,687799805,1785989105,687799805,67.933,5,848,480,39.637,38.945,1.7,37.245,6.745,8.125,17.111,5.264,30.5,0.688,0.004,45.442,85.1
1785989105,754499023,1785989105,754499023,68.095,5,848,480,40.59,39.9,0.844,39.055,8.589,8.44,17.252,4.773,30.466,0.687,0.004,45.884,86.496
1785989105,821197998,1785989105,821197998,69.406,5,848,480,42.899,42.234,2.309,39.925,8.153,8.451,17.185,6.135,31.771,0.661,0.004,46.289,89.203
1785989105,887896729,1785989105,887896729,65.556,5,848,480,40.287,39.54,0.956,38.584,7.997,8.606,17.298,4.683,30.587,0.742,0.004,47.75,88.063
1785989105,954595215,1785989105,954595215,66.11,5,848,480,41.686,40.963,2.469,38.494,7.847,8.422,17.18,5.044,30.647,0.719,0.004,45.78,87.477
1785989106,21293457,1785989106,21293457,70.275,5,848,480,41.83,41.003,1.53,39.474,8.537,8.693,17.388,4.856,30.936,0.821,0.005,49.196,91.055
1785989106,87991211,1785989106,87991211,72.756,5,848,480,43.442,42.679,1.058,41.621,7.292,11.581,18.089,4.659,34.329,0.759,0.004,53.649,97.12
1785989106,154688965,1785989106,154688965,59.055,5,848,480,38.758,38.028,0.82,37.208,6.893,8.746,17.483,4.086,30.315,0.726,0.005,50.684,89.473
1785989106,221386475,1785989106,221386475,64.668,5,848,480,40.236,39.389,0.876,38.513,8.225,8.612,17.163,4.514,30.289,0.842,0.005,47.176,87.437
1785989106,288083496,1785989106,288083496,68.495,5,848,480,41.641,40.951,1.836,39.115,7.161,8.77,18.91,4.275,31.955,0.686,0.004,47.569,89.237
1785989106,354780518,1785989106,354780518,64.813,5,848,480,40.705,40.008,0.875,39.134,7.1,8.351,17.098,6.585,32.034,0.692,0.005,46.621,87.538
1785989106,421477295,1785989106,421477295,67.358,5,848,480,41.914,41.167,2.624,38.543,7.196,8.723,18.336,4.289,31.347,0.743,0.004,46.073,88.012
1785989106,488254150,1785989106,488254150,66.609,5,848,480,42.468,41.705,1.932,39.773,9.075,8.639,17.098,4.961,30.698,0.759,0.004,45.355,87.855
1785989106,555112061,1785989106,555112061,65.992,5,848,480,41.495,40.82,3.443,37.378,6.653,8.447,17.195,5.082,30.724,0.671,0.004,45.46,86.992
1785989106,621971924,1785989106,621971924,68.07,5,848,480,43.468,42.744,4.279,38.466,7.067,8.145,19.418,3.835,31.398,0.72,0.004,44.697,88.187
1785989106,688833496,1785989106,688833496,66.017,5,848,480,40.746,39.884,1.709,38.175,7.391,8.102,17.22,5.462,30.784,0.857,0.005,46.571,87.362
1785989106,755696777,1785989106,755696777,64.691,5,848,480,41.542,40.824,2.795,38.029,7.267,8.479,17.201,5.082,30.762,0.712,0.005,43.607,85.171
1785989106,822561768,1785989106,822561768,67.569,5,848,480,41.644,40.928,0.84,40.088,8.98,9.219,17.183,4.706,31.108,0.711,0.005,44.207,85.876
1785989106,855995117,1785989106,855995117,65.538,5,848,480,61.365,60.647,0.94,59.706,19.231,15.225,16.855,8.396,40.475,0.713,0.005,56.591,117.981
1785989106,889428711,1785989106,889428711,45.046,5,848,480,44.512,43.79,1.919,41.871,10.162,9.906,17.602,4.201,31.709,0.717,0.005,85.042,129.595
1785989106,989732178,1785989106,989732178,56.615,5,848,480,39.746,39.027,1.717,37.311,6.756,8.535,17.261,4.76,30.555,0.715,0.004,46.132,85.903
1785989107,56603271,1785989107,56603271,73.206,5,848,480,40.227,39.424,1.05,38.374,7.371,9.156,17.348,4.5,31.003,0.797,0.006,51.989,92.247
1785989107,123476074,1785989107,123476074,63.457,5,848,480,39.839,39.057,0.918,38.139,7.282,8.942,17.361,4.554,30.857,0.778,0.005,48.961,88.827
1785989107,190350830,1785989107,190350830,67.613,5,848,480,45.102,44.385,3.045,41.34,8.044,8.773,19.227,5.297,33.296,0.712,0.005,44.632,89.563
1785989107,223788818,1785989107,223788818,44.397,5,848,480,43.856,42.957,0.99,41.967,9.339,10.775,17.477,4.376,32.628,0.893,0.006,56.628,100.536
1785989107,324105469,1785989107,324105469,84.048,5,848,480,40.321,39.58,1.236,38.345,6.974,8.539,17.294,5.538,31.371,0.735,0.006,43.912,84.253
1785989107,390985352,1785989107,390985352,65.6,5,848,480,40.089,39.431,1.989,37.443,7.353,8.417,17.087,4.586,30.09,0.653,0.005,42.863,82.973
1785989107,457864990,1785989107,457864990,71.391,5,848,480,40.677,39.943,1.819,38.125,6.922,8.834,18.232,4.136,31.203,0.73,0.005,46.78,87.487
1785989107,524702881,1785989107,524702881,63.618,5,848,480,40.319,39.524,2.484,37.04,6.876,8.324,17.227,4.613,30.164,0.79,0.005,43.927,84.264
1785989107,591542236,1785989107,591542236,65.12,5,848,480,39.083,38.404,1.833,36.571,6.531,8.195,17.188,4.656,30.04,0.675,0.004,43.44,82.561
1785989107,658383057,1785989107,658383057,68.976,5,848,480,41.021,40.339,0.887,39.451,6.869,8.206,20.495,3.882,32.582,0.678,0.004,43.632,84.696
1785989107,725225342,1785989107,725225342,66.297,5,848,480,42.123,41.37,1.726,39.644,6.589,8.448,17.634,6.973,33.056,0.749,0.005,41.984,84.134
1785989107,792068848,1785989107,792068848,64.588,5,848,480,39.462,38.7,1.971,36.729,6.65,8.132,17.239,4.709,30.08,0.757,0.004,42.391,81.879
1785989107,858914063,1785989107,858914063,69.528,5,848,480,41.743,41.047,0.993,40.054,7.904,8.138,20.087,3.925,32.15,0.692,0.004,42.795,84.565
1785989107,892337158,1785989107,892337158,65.569,5,848,480,60.738,59.995,1.176,58.819,11.472,15.961,16.722,14.664,47.347,0.739,0.004,55.947,116.705
1785989107,959184326,1785989107,959184326,47.375,5,848,480,46.962,46.102,0.912,45.19,7.595,16.416,16.93,4.249,37.594,0.854,0.006,50.235,97.251
1785989107,992608398,1785989107,992608398,67.033,5,848,480,65.341,64.548,1.429,63.119,10.235,14.862,18.047,19.974,52.884,0.787,0.006,65.483,131.02
1785989108,59457764,1785989108,59457764,57.253,5,848,480,56.612,55.783,1.104,54.679,14.895,16.378,17.601,5.805,39.784,0.824,0.005,64.6,121.251
1785989108,126308594,1785989108,126308594,60.387,5,848,480,59.975,59.301,1.026,58.276,8.739,19.813,16.64,13.084,49.537,0.669,0.004,54.772,114.782
1785989108,193160889,1785989108,193160889,42.641,5,848,480,41.205,40.433,0.901,39.532,7.991,9.886,17.575,4.081,31.541,0.768,0.004,49.336,90.574
1785989108,260014404,1785989108,260014404,60.048,5,848,480,40.302,39.473,2.015,37.459,7.449,8.328,17.39,4.292,30.01,0.824,0.005,43.446,83.766
1785989108,326869629,1785989108,326869629,68.29,5,848,480,42.797,42.121,2.35,39.771,7.828,8.528,19.365,4.05,31.943,0.672,0.004,42.467,85.202
1785989108,393726074,1785989108,393726074,63.5,5,848,480,40.643,39.889,2.034,37.855,7.285,8.567,17.267,4.735,30.57,0.75,0.004,41.177,81.843
1785989108,460582764,1785989108,460582764,67.182,5,848,480,40.328,39.568,1.944,37.624,7.151,8.516,17.23,4.726,30.473,0.755,0.005,41.816,82.174
1785989108,527254395,1785989108,527254395,69.763,5,848,480,44.417,43.712,2.226,41.486,7.33,8.292,17.353,8.512,34.156,0.7,0.005,40.831,85.374
1785989108,593925293,1785989108,593925293,63.87,5,848,480,40.779,39.709,1.179,38.529,8.532,8.381,17.293,4.323,29.997,1.064,0.006,41.663,82.472
1785989108,660595703,1785989108,660595703,65.664,5,848,480,39.906,39.169,1.068,38.101,7.846,8.446,17.315,4.494,30.255,0.731,0.005,41.535,81.626
1785989108,727265137,1785989108,727265137,68.94,5,848,480,42.114,41.325,1.256,40.069,7.756,8.365,17.273,6.675,32.313,0.784,0.005,41.589,83.724
1785989108,793933594,1785989108,793933594,67.508,5,848,480,43.207,42.524,1.07,41.454,7.38,8.326,17.149,8.599,34.075,0.678,0.004,41.333,84.566
1785989108,860601563,1785989108,860601563,64.196,5,848,480,41.492,40.729,2.056,38.673,8.042,8.607,17.514,4.511,30.632,0.758,0.005,40.576,82.172
1785989108,927268555,1785989108,927268555,68.559,5,848,480,42.507,41.812,2.25,39.562,7.303,8.699,17.489,6.071,32.259,0.691,0.004,41.454,83.984
1785989108,960601807,1785989108,960601807,62.016,5,848,480,57.783,56.981,1.139,55.841,13.607,15.741,18.354,8.14,42.235,0.797,0.005,54.86,112.668
1785989109,27267822,1785989109,27267822,45.67,5,848,480,45.273,44.372,1.511,42.861,10.495,10.035,17.598,4.732,32.366,0.897,0.005,46.359,91.672
1785989109,93932861,1785989109,93932861,67.278,5,848,480,44.431,43.663,3.804,39.859,7.263,10.3,17.576,4.72,32.596,0.764,0.005,47.844,92.286
1785989109,160597168,1785989109,160597168,65.284,5,848,480,41.569,40.663,1.084,39.579,8.771,8.851,17.513,4.445,30.808,0.899,0.006,49.315,90.918
1785989109,260592285,1785989109,260592285,97.233,5,848,480,46.422,45.541,1.658,43.884,6.603,8.436,22.397,6.448,37.28,0.876,0.005,41.694,88.22
1785989109,293923340,1785989109,293923340,58.89,5,848,480,58.339,57.582,2.083,55.499,23.073,8.434,19.446,4.545,32.426,0.749,0.007,55.325,113.718
1785989109,360585449,1785989109,360585449,46.343,5,848,480,45.856,45.097,0.795,44.302,11.364,11.646,17.304,3.987,32.937,0.754,0.005,47.489,93.383
1785989109,393916016,1785989109,393916016,53.816,5,848,480,52.21,51.131,1.109,50.023,15.887,11.42,18.116,4.6,34.136,1.072,0.007,61.635,114.021
1785989109,460577881,1785989109,460577881,54.25,5,848,480,53.553,52.779,1.032,51.746,8.568,21.865,16.659,4.654,43.178,0.77,0.005,47.865,101.455
1785989109,493914063,1785989109,493914063,56.295,5,848,480,55.693,54.974,1.006,53.968,23.479,8.915,17.528,4.046,30.488,0.715,0.004,68.682,124.414
1785989109,560586182,1785989109,560586182,58.501,5,848,480,58.1,57.359,0.997,56.362,19.351,8.91,17.304,10.798,37.011,0.736,0.005,58.105,116.241
1785989109,627257324,1785989109,627257324,43.014,5,848,480,42.604,41.754,1.931,39.823,8.116,10.15,17.427,4.13,31.707,0.845,0.005,49.945,92.589
1785989109,693927734,1785989109,693927734,61.257,5,848,480,39.221,38.54,1.484,37.056,6.997,8.681,17.388,3.99,30.059,0.677,0.004,47.925,87.188
1785989109,760597656,1785989109,760597656,62.733,5,848,480,40.227,39.555,2.282,37.273,6.882,8.435,17.259,4.697,30.392,0.667,0.004,42.984,83.237
1785989109,827266357,1785989109,827266357,66.284,5,848,480,39.908,39.107,0.98,38.126,7.848,8.393,17.381,4.504,30.278,0.796,0.006,42.92,82.863
1785989109,893934570,1785989109,893934570,65.457,5,848,480,39.848,39.118,1.077,38.041,7.985,8.278,17.229,4.549,30.056,0.726,0.004,41.766,81.638
1785989109,960602051,1785989109,960602051,69.227,5,848,480,40.45,39.705,0.923,38.783,8.196,8.527,17.826,4.233,30.587,0.741,0.005,43.724,84.201
1785989110,27268555,1785989110,27268555,65.916,5,848,480,40.537,39.732,1.969,37.762,6.951,8.451,17.423,4.937,30.811,0.8,0.005,42.892,83.454
1785989110,93934326,1785989110,93934326,76.334,5,848,480,49.701,48.954,1.05,47.904,7.617,11.645,19.28,9.362,40.287,0.742,0.005,43.4,93.144
1785989110,127267090,1785989110,127267090,58.054,5,848,480,57.659,56.734,0.902,55.832,11.384,19.228,20.277,4.944,44.448,0.706,0.219,60.361,118.062
1785989110,193931641,1785989110,193931641,67.736,5,848,480,66.995,66.191,0.874,65.317,9.501,23.852,16.947,15.017,55.815,0.8,0.005,51.876,118.912
1785989110,260595703,1785989110,260595703,49.958,5,848,480,49.448,47.961,1.0,46.961,9.553,12.091,19.876,5.441,37.408,1.438,0.049,52.761,102.314
1785989110,293927246,1785989110,293927246,83.103,5,848,480,80.804,78.42,1.403,77.016,15.424,28.387,19.648,13.557,61.592,2.376,0.009,71.553,152.006
1785989110,393921143,1785989110,393921143,53.817,5,848,480,53.286,52.477,1.329,51.148,17.201,11.199,16.887,5.861,33.947,0.802,0.006,52.477,105.818
1785989110,427251953,1785989110,427251953,47.774,5,848,480,44.339,43.594,1.794,41.8,7.899,8.944,19.175,5.782,33.901,0.741,0.004,75.882,120.245
1785989110,527257080,1785989110,527257080,61.984,5,848,480,38.858,38.143,1.653,36.49,6.805,8.194,17.215,4.277,29.686,0.71,0.005,43.336,82.218
1785989110,593929932,1785989110,593929932,67.648,5,848,480,40.901,40.221,1.669,38.552,7.553,8.538,17.366,5.096,30.999,0.676,0.004,42.32,83.193
1785989110,660602295,1785989110,660602295,67.799,5,848,480,42.083,41.368,1.305,40.063,6.981,8.615,20.333,4.133,33.082,0.71,0.005,42.222,84.321
1785989110,727273682,1785989110,727273682,66.655,5,848,480,42.106,41.377,2.098,39.279,7.062,8.518,19.329,4.37,32.217,0.724,0.004,42.178,84.304
1785989110,793944336,1785989110,793944336,68.226,5,848,480,42.757,42.068,2.705,39.363,6.955,8.519,19.665,4.224,32.408,0.685,0.004,43.076,85.908
1785989110,860614502,1785989110,860614502,66.269,5,848,480,42.797,42.063,2.671,39.392,7.238,8.607,19.304,4.244,32.154,0.729,0.005,42.64,85.46
1785989110,927283691,1785989110,927283691,65.964,5,848,480,42.109,41.412,1.767,39.646,6.668,8.583,18.587,5.807,32.977,0.693,0.004,42.619,84.752
1785989110,993952393,1785989110,993952393,66.236,5,848,480,41.432,40.75,1.729,39.021,9.047,8.379,17.333,4.262,29.974,0.677,0.005,42.866,84.321
1785989111,27286377,1785989111,27286377,63.619,5,848,480,54.023,53.341,9.345,43.996,12.351,8.953,17.026,5.666,31.645,0.677,0.005,60.558,114.732
1785989111,93953857,1785989111,93953857,61.26,5,848,480,60.7,59.952,1.243,58.709,9.043,24.927,16.871,7.868,49.666,0.742,0.007,48.462,109.211
1785989111,127287354,1785989111,127287354,46.743,5,848,480,45.983,45.252,5.847,39.405,7.227,10.649,17.365,4.163,32.178,0.726,0.005,76.596,122.609
1785989111,193953613,1785989111,193953613,57.215,5,848,480,56.815,56.149,0.902,55.247,12.393,15.767,17.2,9.887,42.854,0.66,0.005,56.303,113.154
1785989111,260619385,1785989111,260619385,43.699,5,848,480,42.197,41.512,1.29,40.222,6.885,11.01,17.809,4.517,33.337,0.68,0.004,47.962,90.191
1785989111,360616455,1785989111,360616455,93.407,5,848,480,39.533,38.797,0.999,37.798,6.979,8.33,17.213,5.276,30.819,0.731,0.005,44.042,83.599
1785989111,427280518,1785989111,427280518,71.83,5,848,480,44.253,43.501,2.234,41.267,6.802,8.521,18.864,7.079,34.464,0.748,0.005,44.487,88.765
1785989111,493974121,1785989111,493974121,63.61,5,848,480,40.809,40.059,1.672,38.387,7.361,8.793,17.605,4.629,31.027,0.745,0.005,44.849,85.684
1785989111,560802002,1785989111,560802002,65.596,5,848,480,40.398,39.653,1.044,38.609,7.778,8.505,17.548,4.777,30.83,0.741,0.004,44.025,84.451
1785989111,627631104,1785989111,627631104,68.178,5,848,480,40.909,40.16,0.948,39.212,8.357,8.631,18.077,4.147,30.855,0.744,0.005,44.867,85.801
1785989111,694461426,1785989111,694461426,66.653,5,848,480,42.534,41.862,2.019,39.843,6.954,8.479,20.175,4.235,32.889,0.667,0.005,43.069,85.621
1785989111,761292969,1785989111,761292969,65.066,5,848,480,41.802,40.964,2.498,38.466,8.167,8.561,17.282,4.456,30.299,0.834,0.005,42.066,83.855
1785989111,828125732,1785989111,828125732,66.701,5,848,480,40.751,39.752,1.073,38.678,8.498,8.425,17.115,4.64,30.18,0.994,0.006,42.976,83.731
1785989111,894959473,1785989111,894959473,67.355,5,848,480,41.26,40.586,0.996,39.59,8.403,8.434,17.655,5.098,31.187,0.67,0.005,42.963,84.245
1785989111,961794678,1785989111,961794678,67.46,5,848,480,42.173,41.271,2.427,38.844,8.803,8.369,17.29,4.382,30.041,0.897,0.005,42.673,84.873
1785989112,28631104,1785989112,28631104,64.993,5,848,480,40.56,39.784,1.954,37.83,7.157,8.393,17.335,4.944,30.672,0.771,0.005,42.712,83.034
1785989112,95468750,1785989112,95468750,72.33,5,848,480,41.478,40.599,2.182,38.417,7.143,9.127,17.493,4.654,31.274,0.875,0.005,47.017,88.523
1785989112,162307617,1785989112,162307617,67.937,5,848,480,40.332,39.615,0.915,38.7,7.289,9.886,17.343,4.182,31.411,0.712,0.005,49.262,89.617
1785989112,229147461,1785989112,229147461,68.345,5,848,480,44.16,43.452,3.99,39.462,7.036,10.705,17.622,4.099,32.426,0.704,0.004,46.941,91.124
1785989112,295988770,1785989112,295988770,61.107,5,848,480,42.069,41.346,2.521,38.825,8.212,9.093,17.365,4.155,30.612,0.719,0.004,43.294,85.389
1785989112,362831299,1785989112,362831299,64.838,5,848,480,39.664,39.016,0.955,38.061,7.824,8.433,17.29,4.514,30.237,0.643,0.004,43.693,83.392
1785989112,429675049,1785989112,429675049,65.98,5,848,480,40.94,40.191,2.017,38.175,7.185,8.306,17.682,5.002,30.99,0.745,0.004,41.558,82.518
1785989112,496518555,1785989112,496518555,71.123,5,848,480,45.13,44.461,1.029,43.432,7.502,8.544,17.222,10.164,35.93,0.665,0.004,41.646,86.812
1785989112,529845459,1785989112,529845459,60.288,5,848,480,59.88,59.142,0.986,58.156,14.922,16.725,16.894,9.614,43.234,0.734,0.004,53.841,113.756
1785989112,596498291,1785989112,596498291,41.645,5,848,480,41.254,40.579,0.885,39.693,8.723,9.475,17.389,4.106,30.97,0.671,0.004,47.459,88.751
1785989112,663150146,1785989112,663150146,69.517,5,848,480,40.549,39.826,1.676,38.15,6.957,9.689,17.393,4.112,31.194,0.719,0.004,51.08,91.686
1785989112,729800781,1785989112,729800781,62.621,5,848,480,40.439,39.749,2.271,37.478,6.953,8.872,17.549,4.104,30.525,0.686,0.005,47.122,87.589
1785989112,796450439,1785989112,796450439,63.794,5,848,480,40.322,39.637,0.853,38.784,7.091,8.495,19.114,4.083,31.692,0.681,0.004,44.389,84.731
1785989112,863099121,1785989112,863099121,65.652,5,848,480,40.683,40.003,2.997,37.005,6.671,8.474,17.399,4.462,30.335,0.676,0.004,43.032,83.734
1785989112,929746582,1785989112,929746582,66.661,5,848,480,41.349,40.664,2.139,38.525,7.495,8.456,17.398,5.176,31.03,0.68,0.005,42.379,83.748
1785989112,996392822,1785989112,996392822,66.178,5,848,480,41.626,40.776,1.51,39.265,8.508,8.661,17.204,4.891,30.757,0.845,0.005,41.629,83.283
1785989113,63038086,1785989113,63038086,100.269,5,848,480,67.002,66.187,1.123,65.064,9.706,19.68,17.076,18.602,55.358,0.81,0.005,49.885,116.906
1785989113,129682373,1785989113,129682373,67.63,5,848,480,62.982,62.246,2.736,59.51,18.629,10.496,17.102,13.283,40.881,0.731,0.005,54.886,117.889
1785989113,196325439,1785989113,196325439,42.7,5,848,480,42.306,41.544,1.924,39.62,7.54,10.675,17.274,4.131,32.08,0.757,0.005,51.604,93.956
1785989113,262967529,1785989113,262967529,85.718,5,848,480,62.166,57.698,2.032,55.666,10.403,18.803,17.173,9.287,45.262,4.459,0.009,50.84,113.073
1785989113,296288086,1785989113,296288086,75.849,5,848,480,74.926,74.21,3.392,70.818,27.65,20.07,17.921,5.176,43.168,0.711,0.005,80.598,155.557
1785989113,396248291,1785989113,396248291,46.795,5,848,480,46.258,45.311,1.232,44.079,11.784,9.755,17.191,5.35,32.295,0.941,0.006,56.093,102.401
1785989113,429567871,1785989113,429567871,52.256,5,848,480,48.969,48.158,3.633,44.525,7.667,9.195,17.332,10.331,36.858,0.806,0.005,72.333,121.328
1785989113,496207275,1785989113,496207275,44.276,5,848,480,43.851,43.064,0.939,42.124,10.998,9.865,17.13,4.132,31.127,0.78,0.007,55.073,99.078
1785989113,529611816,1785989113,529611816,52.367,5,848,480,50.489,49.724,0.903,48.821,12.406,10.359,17.1,8.956,36.415,0.761,0.004,67.416,117.921
1785989113,596422119,1785989113,596422119,64.147,5,848,480,63.685,62.996,0.749,62.247,28.883,8.286,16.831,8.247,33.364,0.685,0.004,51.535,115.256
1785989113,663233398,1785989113,663233398,39.707,5,848,480,39.321,38.578,1.828,36.75,6.837,8.464,17.498,3.951,29.913,0.738,0.004,48.795,88.156
1785989113,730045410,1785989113,730045410,66.533,5,848,480,41.882,41.16,1.784,39.376,6.996,10.665,17.486,4.229,32.38,0.718,0.004,45.968,87.879
1785989113,796858398,1785989113,796858398,64.836,5,848,480,43.607,42.905,1.497,41.408,7.449,8.449,21.273,4.237,33.959,0.697,0.005,42.269,85.9
1785989113,863672119,1785989113,863672119,64.763,5,848,480,41.913,41.221,1.603,39.618,7.54,8.47,19.284,4.325,32.079,0.687,0.005,41.914,83.852
1785989113,930487061,1785989113,930487061,69.218,5,848,480,44.625,43.734,3.009,40.725,8.969,8.726,18.594,4.436,31.756,0.885,0.007,41.604,86.265
1785989113,963894775,1785989113,963894775,61.16,5,848,480,60.667,59.759,0.804,58.954,24.925,8.873,16.705,8.451,34.029,0.904,0.005,53.302,114.006
1785989114,30710938,1785989114,30710938,64.272,5,848,480,61.452,60.739,0.975,59.765,12.118,21.418,16.98,9.249,47.647,0.707,0.006,49.983,111.73
1785989114,97528076,1785989114,97528076,70.564,5,848,480,68.867,68.14,2.29,65.85,24.532,16.697,16.937,7.685,41.319,0.721,0.006,46.312,115.285
1785989114,164346191,1785989114,164346191,67.75,5,848,480,53.847,53.107,2.32,50.787,13.788,11.638,17.016,8.345,36.999,0.735,0.005,62.272,116.137
1785989114,231165039,1785989114,231165039,57.619,5,848,480,57.229,56.279,0.904,55.375,18.686,14.012,16.786,5.892,36.69,0.944,0.006,49.671,106.949
1785989114,264574707,1785989114,264574707,55.406,5,848,480,53.17,52.315,14.031,38.284,7.252,9.657,17.289,4.086,31.032,0.849,0.007,75.75,128.948
1785989114,331395264,1785989114,331395264,54.587,5,848,480,54.12,53.481,1.132,52.349,9.755,14.594,16.836,11.165,42.595,0.635,0.004,62.545,116.697
1785989114,398216309,1785989114,398216309,55.565,5,848,480,55.113,53.674,1.042,52.633,8.588,16.211,16.892,10.941,44.045,1.43,0.009,50.297,105.48
1785989114,431627441,1785989114,431627441,52.24,5,848,480,48.453,47.674,1.375,46.299,7.224,10.622,24.467,3.986,39.075,0.775,0.004,75.813,124.273
1785989114,498448730,1785989114,498448730,57.987,5,848,480,57.512,56.8,0.824,55.976,23.632,9.545,16.88,5.919,32.344,0.707,0.005,57.891,115.436
1785989114,565173096,1785989114,565173096,42.218,5,848,480,41.825,41.141,0.975,40.166,9.405,9.399,17.31,4.052,30.761,0.68,0.004,49.067,90.934
1785989114,631898438,1785989114,631898438,63.096,5,848,480,40.459,39.578,1.85,37.727,7.102,9.023,17.564,4.039,30.626,0.876,0.004,46.819,87.305
1785989114,698624512,1785989114,698624512,65.196,5,848,480,42.187,41.443,1.742,39.701,7.04,8.628,19.937,4.096,32.661,0.739,0.004,43.56,85.773
1785989114,765351807,1785989114,765351807,64.701,5,848,480,40.687,40.003,3.077,36.927,7.124,8.108,17.152,4.542,29.803,0.679,0.005,43.041,83.746
1785989114,832079834,1785989114,832079834,64.814,5,848,480,40.896,40.101,1.277,38.824,7.25,8.492,17.513,5.569,31.574,0.79,0.005,40.912,81.833
1785989114,898808594,1785989114,898808594,68.841,5,848,480,41.845,41.134,1.583,39.551,6.756,10.415,17.312,5.068,32.795,0.707,0.004,42.072,83.944
1785989114,965538330,1785989114,965538330,66.201,5,848,480,40.113,39.334,1.014,38.32,7.294,8.52,18.177,4.329,31.026,0.775,0.005,43.283,83.42
1785989115,32269287,1785989115,32269287,72.096,5,848,480,46.193,45.44,0.944,44.496,8.249,8.611,22.769,4.867,36.247,0.747,0.005,42.638,88.785
1785989115,65634766,1785989115,65634766,48.452,5,848,480,47.863,47.093,0.911,46.181,11.11,9.682,17.16,8.229,35.071,0.764,0.006,55.969,103.876
1785989115,99000732,1785989115,99000732,64.326,5,848,480,63.885,62.525,13.583,48.942,8.923,15.652,17.558,6.808,40.019,1.353,0.007,70.907,134.942
1785989115,165733398,1785989115,165733398,55.823,5,848,480,48.912,47.857,2.698,45.159,8.922,10.987,18.425,6.825,36.237,1.047,0.007,74.985,123.94
1785989115,232466797,1785989115,232466797,57.135,5,848,480,56.425,55.443,1.313,54.13,11.365,10.744,17.586,14.434,42.764,0.976,0.006,57.858,114.33
1785989115,299201172,1785989115,299201172,70.282,5,848,480,68.706,68.031,1.602,66.429,9.006,33.19,20.019,4.215,57.423,0.671,0.004,49.137,117.868
1785989115,365936523,1785989115,365936523,70.284,5,848,480,69.879,68.922,9.962,58.96,10.505,16.316,18.173,13.967,48.455,0.95,0.006,51.499,121.428
1785989115,432672607,1785989115,432672607,53.72,5,848,480,52.004,51.256,1.403,49.853,14.574,9.303,17.093,8.882,35.279,0.741,0.006,56.375,108.409
1785989115,499409668,1785989115,499409668,42.885,5,848,480,40.986,40.248,1.08,39.167,7.909,9.723,17.298,4.237,31.258,0.734,0.005,43.538,84.547
1785989115,566064209,1785989115,566064209,65.415,5,848,480,40.1,39.364,1.736,37.628,7.407,8.433,17.277,4.511,30.222,0.732,0.004,43.187,83.309
1785989115,632717773,1785989115,632717773,64.908,5,848,480,40.231,39.496,1.901,37.595,6.889,8.33,17.376,5.0,30.706,0.73,0.004,41.306,81.561
1785989115,699370361,1785989115,699370361,67.172,5,848,480,40.736,40.031,2.305,37.726,6.901,8.407,17.235,5.184,30.825,0.7,0.005,41.324,82.083
1785989115,766021729,1785989115,766021729,67.038,5,848,480,41.102,40.37,1.743,38.628,7.222,8.336,17.67,5.399,31.405,0.727,0.005,41.34,82.47
1785989115,832672119,1785989115,832672119,67.604,5,848,480,41.935,41.198,1.105,40.093,7.672,8.595,19.368,4.459,32.421,0.732,0.005,41.462,83.422
1785989115,899321289,1785989115,899321289,65.943,5,848,480,40.236,39.547,0.896,38.651,7.638,8.977,17.145,4.89,31.012,0.684,0.005,42.453,82.715
1785989115,965969482,1785989115,965969482,69.622,5,848,480,43.984,43.177,1.046,42.131,7.174,8.48,22.493,3.984,34.957,0.802,0.004,41.684,85.691
1785989116,32616699,1785989116,32616699,65.515,5,848,480,40.233,39.505,0.958,38.546,7.781,8.8,17.429,4.536,30.766,0.723,0.006,44.3,84.565
1785989116,99262695,1785989116,99262695,72.52,5,848,480,45.494,44.773,0.982,43.791,8.674,13.072,17.714,4.331,35.117,0.716,0.005,44.912,90.43
1785989116,132585449,1785989116,132585449,51.663,5,848,480,51.214,50.343,0.898,49.445,11.673,16.064,16.837,4.87,37.772,0.862,0.009,57.521,108.79
1785989116,199229736,1785989116,199229736,69.546,5,848,480,48.73,47.998,1.252,46.746,9.688,14.774,17.091,5.193,37.058,0.728,0.005,62.928,111.746
1785989116,232551514,1785989116,232551514,47.158,5,848,480,45.49,44.766,0.923,43.843,7.253,12.346,17.886,6.359,36.591,0.719,0.005,79.991,125.507
1785989116,299194336,1785989116,299194336,41.135,5,848,480,40.72,39.84,0.868,38.972,8.012,9.129,17.273,4.558,30.96,0.873,0.007,59.245,100.04
1785989116,365836182,1785989116,365836182,60.436,5,848,480,40.999,40.218,1.838,38.38,6.747,10.4,17.165,4.068,31.634,0.776,0.004,52.769,93.796
1785989116,432476807,1785989116,432476807,62.923,5,848,480,42.038,40.966,2.08,38.886,7.981,9.393,17.555,3.956,30.905,1.067,0.005,48.018,90.085
1785989116,499117676,1785989116,499117676,67.552,5,848,480,39.312,38.609,1.889,36.72,6.746,8.59,17.412,3.972,29.974,0.682,0.021,51.665,91.006
1785989116,565963379,1785989116,565963379,60.742,5,848,480,40.224,39.553,2.769,36.784,6.745,8.437,17.436,4.167,30.04,0.666,0.004,44.638,84.885
1785989116,632810547,1785989116,632810547,67.201,5,848,480,42.35,41.661,0.952,40.709,8.059,8.453,17.36,6.836,32.65,0.684,0.004,42.87,87.603
1785989116,666234619,1785989116,666234619,50.284,5,848,480,47.469,45.707,1.903,43.804,13.129,9.036,16.931,4.708,30.674,1.755,0.008,54.595,103.039
1785989116,699659180,1785989116,699659180,53.943,5,848,480,50.411,49.738,5.171,44.566,12.911,9.411,18.169,4.076,31.656,0.669,0.004,72.192,122.614
1785989116,766509033,1785989116,766509033,42.759,5,848,480,42.197,41.286,0.84,40.446,9.104,9.805,17.207,4.331,31.342,0.905,0.006,56.292,98.539
1785989116,833360352,1785989116,833360352,71.924,5,848,480,49.311,47.729,1.851,45.878,7.289,16.152,16.699,5.739,38.589,1.573,0.009,54.267,103.795
1785989116,866786377,1785989116,866786377,51.288,5,848,480,50.574,49.84,0.966,48.874,15.082,11.458,17.5,4.835,33.792,0.73,0.005,70.853,121.463
1785989116,933639893,1785989116,933639893,61.795,5,848,480,61.386,60.691,0.913,59.779,26.814,9.474,17.136,6.355,32.965,0.691,0.004,54.975,116.398
1785989117,494629,1785989117,494629,71.695,5,848,480,71.176,70.43,1.136,69.294,10.597,20.69,17.934,20.072,58.696,0.741,0.005,50.028,121.245
1785989117,67350830,1785989117,67350830,66.281,5,848,480,64.42,63.52,5.604,57.916,17.397,10.744,17.481,12.294,40.519,0.895,0.005,56.22,120.667
1785989117,100779297,1785989117,100779297,61.444,5,848,480,57.999,57.24,7.31,49.93,10.865,14.824,17.185,7.056,39.065,0.754,0.004,90.657,148.681
1785989117,201067139,1785989117,201067139,45.241,5,848,480,41.064,40.205,0.99,39.215,7.423,10.118,17.337,4.338,31.793,0.852,0.007,52.549,93.659
1785989117,267927490,1785989117,267927490,63.183,5,848,480,43.5,42.823,0.909,41.914,7.636,12.852,17.526,3.9,34.278,0.673,0.004,46.43,89.956
1785989117,334789063,1785989117,334789063,63.179,5,848,480,43.099,42.353,2.071,40.282,7.355,9.279,19.628,4.02,32.927,0.739,0.007,43.157,86.279
1785989117,401652100,1785989117,401652100,62.586,5,848,480,41.393,40.626,4.122,36.504,6.766,8.537,17.207,3.994,29.738,0.763,0.004,40.585,81.997
1785989117,468516602,1785989117,468516602,67.215,5,848,480,41.838,41.046,1.922,39.124,7.204,8.585,19.145,4.19,31.92,0.787,0.005,40.483,82.351
1785989117,535272217,1785989117,535272217,64.234,5,848,480,40.786,40.142,0.773,39.368,7.08,8.667,17.56,6.061,32.289,0.641,0.004,39.014,79.968
1785989117,601919922,1785989117,601919922,67.3,5,848,480,40.287,39.519,1.863,37.656,7.261,8.464,17.268,4.663,30.395,0.763,0.004,40.165,80.478
1785989117,668566650,1785989117,668566650,68.757,5,848,480,42.038,41.308,1.639,39.669,7.309,8.726,19.632,4.002,32.36,0.725,0.005,40.525,82.589
1785989117,735211914,1785989117,735211914,66.96,5,848,480,41.75,40.932,1.13,39.802,9.377,8.307,17.381,4.737,30.425,0.812,0.005,41.14,82.903
1785989117,801855957,1785989117,801855957,64.273,5,848,480,40.16,39.299,1.714,37.584,6.955,8.371,17.198,5.061,30.63,0.859,0.003,40.363,80.532
1785989117,868499023,1785989117,868499023,66.765,5,848,480,40.709,40.048,1.967,38.081,7.265,8.65,17.188,4.977,30.816,0.657,0.003,39.919,80.65
1785989117,935140625,1785989117,935140625,66.702,5,848,480,39.34,38.579,0.961,37.618,6.847,8.757,17.248,4.767,30.771,0.757,0.003,41.349,80.713
1785989118,1781006,1785989118,1781006,68.182,5,848,480,41.051,40.313,1.747,38.566,6.984,8.466,18.282,4.834,31.582,0.735,0.003,41.18,82.25
1785989118,68420166,1785989118,68420166,94.804,5,848,480,69.923,69.137,1.748,67.388,20.603,19.227,16.956,10.602,46.785,0.782,0.004,40.476,110.422
1785989118,135057861,1785989118,135057861,50.629,5,848,480,50.125,49.249,1.286,47.962,14.974,11.179,17.555,4.255,32.988,0.871,0.005,44.249,94.423
1785989118,168376465,1785989118,168376465,61.334,5,848,480,56.198,55.408,3.865,51.544,18.144,9.024,17.019,7.357,33.4,0.786,0.004,66.211,122.426
1785989118,235012451,1785989118,235012451,60.412,5,848,480,56.348,55.608,2.953,52.654,18.383,11.108,17.155,6.008,34.271,0.737,0.003,59.829,116.199
1785989118,301647217,1785989118,301647217,60.541,5,848,480,60.167,59.301,1.862,57.439,13.312,21.406,16.736,5.984,44.126,0.862,0.003,49.902,110.107
1785989118,368280762,1785989118,368280762,41.957,5,848,480,40.438,39.742,1.032,38.71,8.05,8.909,17.381,4.37,30.66,0.693,0.003,44.964,85.433
1785989118,434913086,1785989118,434913086,63.211,5,848,480,38.92,38.234,1.008,37.226,6.552,8.451,17.391,4.832,30.674,0.682,0.003,43.064,82.011
1785989118,501545410,1785989118,501545410,69.402,5,848,480,39.599,38.917,1.761,37.157,6.795,8.733,17.384,4.244,30.361,0.678,0.003,45.155,84.792
1785989118,568305176,1785989118,568305176,63.244,5,848,480,40.368,39.547,0.942,38.605,6.917,8.472,18.908,4.308,31.688,0.818,0.003,40.876,81.266
1785989118,635094727,1785989118,635094727,67.474,5,848,480,39.682,38.985,0.963,38.021,7.576,8.493,17.776,4.176,30.445,0.694,0.003,42.242,81.948
1785989118,701884766,1785989118,701884766,67.728,5,848,480,43.619,42.77,2.042,40.728,8.07,8.515,19.98,4.163,32.659,0.844,0.005,39.248,82.893
1785989118,768675537,1785989118,768675537,65.427,5,848,480,40.861,40.181,1.587,38.595,8.31,8.463,17.239,4.583,30.284,0.677,0.003,40.637,81.521
1785989118,835466797,1785989118,835466797,64.58,5,848,480,39.717,38.973,2.181,36.792,6.881,8.462,17.112,4.337,29.911,0.741,0.003,39.573,79.313
1785989118,902258545,1785989118,902258545,65.596,5,848,480,38.506,37.759,1.279,36.48,6.673,8.621,17.091,4.094,29.807,0.743,0.004,39.585,78.117
1785989118,969050781,1785989118,969050781,71.419,5,848,480,42.718,41.92,1.974,39.945,6.856,8.099,21.015,3.975,33.09,0.795,0.003,40.047,82.744
1785989119,35843750,1785989119,35843750,72.259,5,848,480,48.515,47.74,1.777,45.963,7.023,8.094,21.293,9.554,38.94,0.772,0.003,39.667,88.207
1785989119,69240479,1785989119,69240479,57.418,5,848,480,56.926,54.65,0.969,53.681,15.79,16.478,16.915,4.498,37.892,2.269,0.006,55.268,112.246
1785989119,102637207,1785989119,102637207,67.544,5,848,480,67.101,66.385,1.044,65.34,25.692,17.012,17.065,5.571,39.648,0.713,0.004,79.24,146.378
1785989119,202828369,1785989119,202828369,41.134,5,848,480,39.543,38.864,1.241,37.623,6.82,9.375,17.471,3.956,30.803,0.675,0.004,47.749,87.32
1785989119,269623291,1785989119,269623291,86.867,5,848,480,56.853,55.946,1.083,54.863,14.246,13.405,16.928,10.284,40.617,0.902,0.006,50.516,107.408
1785989119,303020752,1785989119,303020752,43.301,5,848,480,42.653,41.844,0.918,40.926,8.042,9.191,17.895,5.797,32.884,0.804,0.005,74.618,117.347
1785989119,403214600,1785989119,403214600,68.248,5,848,480,43.238,42.47,1.051,41.419,7.29,8.787,21.042,4.3,34.129,0.765,0.003,42.094,85.349
1785989119,470010986,1785989119,470010986,66.785,5,848,480,43.46,42.716,1.932,40.785,6.982,8.542,18.901,6.36,33.803,0.74,0.003,41.904,85.337
1785989119,536807373,1785989119,536807373,65.584,5,848,480,40.912,40.178,1.733,38.445,7.269,9.554,17.473,4.149,31.176,0.73,0.003,43.187,84.128
1785989119,603583496,1785989119,603583496,65.394,5,848,480,43.148,42.429,3.162,39.266,7.11,8.417,19.475,4.265,32.157,0.716,0.003,39.572,82.745
1785989119,670359863,1785989119,670359863,64.968,5,848,480,41.571,40.89,3.185,37.705,6.993,8.455,17.459,4.798,30.712,0.678,0.003,39.339,80.936
1785989119,737136475,1785989119,737136475,66.2,5,848,480,41.097,40.285,2.242,38.043,6.817,8.744,17.191,5.291,31.226,0.808,0.004,39.24,80.357
1785989119,803913574,1785989119,803913574,69.304,5,848,480,43.285,42.552,2.184,40.367,7.218,8.434,17.744,6.971,33.15,0.73,0.004,39.594,82.887
1785989119,870690918,1785989119,870690918,67.343,5,848,480,42.086,41.374,0.851,40.523,7.641,8.453,20.261,4.168,32.882,0.709,0.003,41.34,83.453
1785989119,937468506,1785989119,937468506,65.823,5,848,480,42.05,41.351,2.1,39.251,8.705,8.466,17.94,4.141,30.547,0.696,0.003,40.424,82.494
1785989120,4246582,1785989120,4246582,65.504,5,848,480,41.33,40.586,3.304,37.282,7.114,8.447,17.111,4.611,30.168,0.74,0.005,39.874,81.236
1785989120,71024902,1785989120,71024902,109.715,5,848,480,71.972,69.556,3.084,66.472,11.384,24.667,19.048,11.374,55.088,2.41,0.007,52.307,124.182
1785989120,137803467,1785989120,137803467,56.34,5,848,480,55.301,54.541,4.635,49.907,13.361,10.082,20.211,6.253,36.546,0.757,0.003,58.385,113.718
1785989120,204582275,1785989120,204582275,61.934,5,848,480,61.549,60.671,0.907,59.765,8.311,23.862,16.853,10.739,51.454,0.874,0.004,47.288,108.876
1785989120,271361572,1785989120,271361572,50.002,5,848,480,44.389,43.646,1.423,42.223,9.002,11.283,17.836,4.102,33.221,0.739,0.004,47.824,92.101
1785989120,304751465,1785989120,304751465,54.143,5,848,480,52.314,51.358,1.249,50.109,12.663,15.572,16.819,5.056,37.447,0.952,0.004,60.511,112.853
1785989120,371531006,1785989120,371531006,48.505,5,848,480,48.092,47.234,1.295,45.939,13.309,11.357,17.115,4.158,32.63,0.853,0.005,46.45,94.594
1785989120,404921143,1785989120,404921143,53.443,5,848,480,51.785,50.943,1.321,49.622,18.917,8.303,17.31,5.091,30.705,0.838,0.005,62.828,114.638
1785989120,438311035,1785989120,438311035,51.016,5,848,480,50.589,49.593,0.759,48.834,8.02,14.748,18.658,7.407,40.814,0.99,0.006,81.633,132.532
1785989120,505091553,1785989120,505091553,48.411,5,848,480,47.467,46.684,1.472,45.213,8.38,9.329,20.209,7.295,36.833,0.78,0.003,66.461,113.884
1785989120,571864502,1785989120,571864502,65.183,5,848,480,64.773,64.124,0.908,63.216,31.443,8.599,16.738,6.436,31.773,0.646,0.003,47.486,112.298
1785989120,638631592,1785989120,638631592,45.341,5,848,480,44.929,44.102,0.77,43.332,7.836,13.547,17.919,4.03,35.496,0.824,0.004,45.903,90.873
1785989120,672014893,1785989120,672014893,55.97,5,848,480,53.791,53.044,1.951,51.092,11.187,9.159,17.345,13.401,39.905,0.744,0.003,59.644,113.459
1785989120,738781982,1785989120,738781982,50.577,5,848,480,50.066,49.181,0.926,48.255,9.603,17.08,17.064,4.509,38.653,0.88,0.005,47.166,97.295
1785989120,772165771,1785989120,772165771,52.167,5,848,480,43.216,42.485,1.396,41.089,9.587,9.594,17.374,4.534,31.502,0.728,0.003,72.811,116.07
1785989120,872316650,1785989120,872316650,65.105,5,848,480,40.329,39.523,1.53,37.994,6.844,8.535,17.265,5.35,31.15,0.802,0.003,40.65,81.007
1785989120,905700439,1785989120,905700439,63.986,5,848,480,58.142,57.452,2.267,55.185,22.044,8.548,16.947,7.646,33.141,0.687,0.004,53.433,111.608
1785989120,972468018,1785989120,972468018,44.679,5,848,480,44.141,43.355,0.982,42.373,10.492,10.422,17.508,3.95,31.88,0.783,0.003,45.344,89.519
1785989121,5851807,1785989121,5851807,51.827,5,848,480,50.47,49.692,1.008,48.684,9.303,16.198,18.359,4.823,39.381,0.775,0.003,57.459,107.967
1785989121,39235596,1785989121,39235596,73.281,5,848,480,72.846,72.101,0.847,71.254,14.641,23.98,16.887,15.745,56.613,0.741,0.003,74.976,147.859
1785989121,139387207,1785989121,139387207,67.346,5,848,480,65.753,65.05,1.116,63.934,27.907,10.073,17.062,8.892,36.027,0.7,0.003,49.335,115.05
1785989121,206155273,1785989121,206155273,62.211,5,848,480,61.825,61.012,2.024,58.988,9.389,22.365,16.892,10.342,49.599,0.809,0.004,48.631,110.494
1785989121,272923340,1785989121,272923340,65.45,5,848,480,58.479,57.776,0.855,56.921,10.358,11.528,22.453,12.583,46.563,0.7,0.003,50.677,109.176
1785989121,339691650,1785989121,339691650,41.221,5,848,480,39.709,39.023,0.876,38.147,7.58,8.925,17.49,4.151,30.567,0.683,0.003,43.887,83.64
1785989121,406459961,1785989121,406459961,64.911,5,848,480,40.477,39.792,1.087,38.705,7.821,8.833,17.477,4.573,30.884,0.682,0.003,41.275,81.77
1785989121,506612793,1785989121,506612793,96.798,5,848,480,40.243,39.544,1.984,37.56,6.791,8.435,17.281,5.053,30.769,0.696,0.003,38.149,78.416
1785989121,573291992,1785989121,573291992,68.492,5,848,480,39.875,39.181,0.818,38.363,6.999,8.6,18.617,4.147,31.365,0.69,0.004,40.329,80.228
1785989121,639880371,1785989121,639880371,67.136,5,848,480,38.756,38.006,0.739,37.267,6.682,8.527,17.442,4.616,30.585,0.747,0.003,41.995,80.777
1785989121,706466553,1785989121,706466553,64.233,5,848,480,40.889,40.211,1.709,38.502,6.665,8.734,17.439,5.665,31.837,0.675,0.003,37.508,78.423
1785989121,773050537,1785989121,773050537,67.127,5,848,480,40.555,39.865,0.86,39.005,7.951,8.529,17.271,5.255,31.054,0.688,0.003,38.389,78.965
1785989121,839632324,1785989121,839632324,69.157,5,848,480,41.839,41.145,1.675,39.471,7.254,8.247,20.146,3.824,32.217,0.69,0.003,39.68,81.543
1785989121,906211914,1785989121,906211914,65.723,5,848,480,41.062,40.253,1.857,38.396,6.383,8.137,19.948,3.929,32.014,0.806,0.003,39.661,80.685
1785989121,972789307,1785989121,972789307,65.146,5,848,480,39.65,38.921,1.594,37.327,7.691,8.153,17.239,4.243,29.636,0.725,0.003,39.578,79.299
1785989122,39364502,1785989122,39364502,69.421,5,848,480,43.068,40.566,0.827,39.739,7.076,8.594,16.981,7.088,32.663,2.496,0.006,39.007,82.179
1785989122,72651367,1785989122,72651367,71.368,5,848,480,50.214,49.492,2.314,47.177,13.882,9.723,18.679,4.894,33.296,0.719,0.003,69.951,120.183
1785989122,139223145,1785989122,139223145,60.456,5,848,480,59.911,59.252,1.211,58.041,11.573,18.635,20.758,7.075,46.468,0.656,0.003,54.118,114.064
1785989122,205792725,1785989122,205792725,60.504,5,848,480,60.077,59.055,0.864,58.191,24.889,10.952,16.858,5.491,33.301,1.016,0.006,47.887,108.021
1785989122,272360107,1785989122,272360107,49.146,5,848,480,46.878,46.16,1.212,44.948,12.31,11.049,17.506,4.084,32.638,0.715,0.003,43.681,90.58
1785989122,305642822,1785989122,305642822,56.122,5,848,480,51.962,51.251,7.041,44.21,8.21,13.34,17.191,5.469,36.0,0.708,0.004,61.433,113.415
1785989122,372207031,1785989122,372207031,46.438,5,848,480,46.037,45.177,0.877,44.3,12.481,10.665,17.2,3.953,31.819,0.856,0.005,47.216,93.318
1785989122,405488037,1785989122,405488037,52.539,5,848,480,50.887,50.143,1.598,48.545,14.967,10.167,17.146,6.265,33.577,0.74,0.004,61.642,112.585
1785989122,472048828,1785989122,472048828,43.152,5,848,480,42.692,42.012,1.074,40.938,9.481,9.995,17.33,4.132,31.457,0.677,0.003,46.41,89.14
1785989122,538609375,1785989122,538609375,74.424,5,848,480,49.854,49.0,1.668,47.332,7.211,19.256,16.645,4.22,40.121,0.848,0.005,47.127,97.021
1785989122,571948486,1785989122,571948486,47.588,5,848,480,47.084,46.257,1.438,44.82,14.666,8.532,17.215,4.406,30.154,0.821,0.005,64.136,111.28
1785989122,638626709,1785989122,638626709,48.501,5,848,480,48.005,47.289,1.022,46.266,14.259,10.911,17.053,4.044,32.008,0.713,0.003,45.116,93.205
1785989122,671966064,1785989122,671966064,56.8,5,848,480,55.066,54.318,2.755,51.563,13.836,9.182,20.049,8.495,37.726,0.745,0.003,61.448,116.534
1785989122,738644531,1785989122,738644531,53.558,5,848,480,53.162,52.395,0.982,51.413,19.786,9.691,16.767,5.169,31.627,0.762,0.005,50.215,103.467
1785989122,771983887,1785989122,771983887,49.894,5,848,480,47.432,46.709,7.412,39.297,9.049,8.842,17.344,4.063,30.248,0.719,0.003,72.605,119.972
1785989122,838662354,1785989122,838662354,63.954,5,848,480,63.493,62.676,0.956,61.72,22.476,16.945,17.44,4.858,39.243,0.812,0.005,53.717,117.258
1785989122,905341064,1785989122,905341064,52.445,5,848,480,51.822,50.549,2.997,47.553,16.153,9.197,16.757,5.445,31.4,1.266,0.007,51.157,103.041
1785989122,972020020,1785989122,972020020,50.697,5,848,480,42.885,42.149,4.376,37.773,7.348,9.163,17.451,3.81,30.424,0.733,0.003,44.121,87.03
1785989123,38698730,1785989123,38698730,63.408,5,848,480,43.014,42.344,2.136,40.209,8.177,8.567,17.372,6.093,32.032,0.667,0.003,40.726,83.811
1785989123,105377686,1785989123,105377686,67.193,5,848,480,42.589,41.789,1.883,39.906,8.233,9.283,17.633,4.757,31.673,0.796,0.004,41.659,84.281
1785989123,172056885,1785989123,172056885,74.106,5,848,480,43.323,42.484,0.785,41.699,8.197,11.686,17.483,4.333,33.502,0.835,0.004,48.354,91.708
1785989123,238736084,1785989123,238736084,63.321,5,848,480,41.725,39.713,0.947,38.767,7.165,8.586,17.685,5.331,31.602,2.006,0.006,46.593,90.526
1785989123,305415283,1785989123,305415283,67.384,5,848,480,40.915,40.084,0.867,39.217,7.273,10.29,17.504,4.15,31.944,0.828,0.003,48.104,89.044
1785989123,338754883,1785989123,338754883,60.62,5,848,480,39.859,39.134,2.186,36.948,6.778,8.456,17.289,4.425,30.17,0.721,0.003,76.444,116.34
1785989123,438773926,1785989123,438773926,66.357,5,848,480,40.108,39.415,1.78,37.636,7.543,8.682,17.282,4.129,30.092,0.69,0.003,42.532,82.666
1785989123,505453613,1785989123,505453613,67.875,5,848,480,42.819,42.067,1.987,40.079,7.287,8.576,17.361,6.856,32.793,0.749,0.003,41.021,83.859
1785989123,572137939,1785989123,572137939,67.946,5,848,480,41.788,41.104,0.969,40.135,6.797,8.681,19.421,5.236,33.338,0.681,0.003,43.307,85.121
1785989123,638826172,1785989123,638826172,62.723,5,848,480,41.558,40.636,1.877,38.759,8.243,8.533,17.121,4.862,30.516,0.919,0.003,39.576,81.158
1785989123,705514648,1785989123,705514648,66.987,5,848,480,41.002,40.264,0.995,39.269,8.717,8.395,17.283,4.874,30.552,0.735,0.003,40.429,81.454
1785989123,805548096,1785989123,805548096,103.577,5,848,480,44.58,43.829,3.081,40.748,6.939,8.438,20.085,5.286,33.809,0.747,0.004,40.397,85.001
1785989123,838892578,1785989123,838892578,52.549,5,848,480,52.06,51.264,0.881,50.384,18.106,8.966,17.123,6.188,32.278,0.791,0.005,52.106,104.246
1785989123,872237305,1785989123,872237305,51.407,5,848,480,50.783,49.967,1.057,48.91,17.685,9.387,17.593,4.245,31.225,0.813,0.003,71.452,122.267
1785989123,938926758,1785989123,938926758,60.483,5,848,480,60.083,59.364,0.733,58.631,10.204,17.219,16.878,14.329,48.427,0.715,0.004,55.939,116.062
1785989124,5616455,1785989124,5616455,61.688,5,848,480,61.201,60.45,0.905,59.546,13.039,9.611,24.275,12.62,46.506,0.746,0.004,49.82,111.064
1785989124,72306396,1785989124,72306396,71.845,5,848,480,70.173,69.453,1.098,68.355,20.799,18.037,16.921,12.597,47.555,0.716,0.003,46.026,116.369
1785989124,138996582,1785989124,138996582,45.015,5,848,480,44.451,43.607,0.908,42.698,10.965,9.229,17.535,4.97,31.734,0.839,0.005,50.05,94.551
1785989124,172341797,1785989124,172341797,61.612,5,848,480,56.666,55.894,2.902,52.992,21.82,8.844,17.253,5.075,31.172,0.768,0.004,66.122,122.807
1785989124,239032227,1785989124,239032227,58.821,5,848,480,58.262,57.456,0.949,56.507,19.435,10.559,21.889,4.624,37.072,0.803,0.003,56.636,114.935
1785989124,305723145,1785989124,305723145,42.532,5,848,480,41.275,40.545,1.056,39.489,7.993,9.998,17.32,4.178,31.496,0.727,0.003,49.466,90.777
1785989124,339068604,1785989124,339068604,54.261,5,848,480,41.314,40.64,1.068,39.571,7.635,9.011,17.072,5.854,31.936,0.671,0.003,70.358,111.69
1785989124,439105469,1785989124,439105469,72.43,5,848,480,42.556,41.885,1.017,40.868,7.322,8.477,17.054,8.015,33.547,0.668,0.003,41.506,84.153
1785989124,505797119,1785989124,505797119,66.111,5,848,480,40.706,39.968,1.97,37.998,6.905,8.62,18.237,4.235,31.093,0.735,0.003,42.77,83.505
1785989124,572453613,1785989124,572453613,67.068,5,848,480,41.985,41.234,1.716,39.518,7.006,8.526,19.927,4.058,32.511,0.748,0.003,41.904,83.916
1785989124,639072754,1785989124,639072754,65.001,5,848,480,39.901,39.217,1.799,37.417,7.307,8.572,17.234,4.305,30.111,0.682,0.003,42.37,82.295
1785989124,705690186,1785989124,705690186,66.008,5,848,480,39.792,39.06,1.766,37.295,6.96,8.414,17.318,4.602,30.334,0.729,0.003,41.869,81.687
1785989124,772305908,1785989124,772305908,66.185,5,848,480,40.345,39.664,1.399,38.265,7.433,8.335,17.1,5.397,30.833,0.678,0.003,40.957,81.255
1785989124,838919922,1785989124,838919922,72.942,5,848,480,44.252,43.505,1.797,41.707,6.614,8.479,17.207,9.408,35.094,0.744,0.003,43.307,87.587
1785989124,905532471,1785989124,905532471,65.955,5,848,480,42.747,41.95,1.791,40.16,9.068,9.053,17.55,4.488,31.091,0.794,0.003,44.155,86.932
1785989124,972143066,1785989124,972143066,64.993,5,848,480,40.332,39.656,0.87,38.786,8.815,8.623,17.286,4.061,29.971,0.673,0.003,44.952,85.309
1785989125,38752197,1785989125,38752197,69.396,5,848,480,45.012,44.195,1.778,42.417,7.421,8.726,21.221,5.049,34.996,0.812,0.004,43.059,88.103
1785989125,72056152,1785989125,72056152,60.004,5,848,480,59.581,58.868,0.931,57.937,18.987,12.538,17.393,9.018,38.949,0.71,0.004,55.178,114.799
1785989125,105359619,1785989125,105359619,72.016,5,848,480,71.608,70.882,0.954,69.928,14.449,20.524,17.057,17.899,55.479,0.722,0.003,81.862,153.511
1785989125,205267578,1785989125,205267578,66.025,5,848,480,65.617,64.844,1.01,63.834,26.301,15.697,17.037,4.798,37.533,0.769,0.004,53.972,119.63
1785989125,271870850,1785989125,271870850,58.448,5,848,480,58.024,57.347,1.148,56.198,12.091,18.641,16.801,8.664,44.107,0.674,0.003,53.408,111.47
1785989125,338472412,1785989125,338472412,48.319,5,848,480,46.642,45.81,1.179,44.631,13.485,9.681,17.485,3.98,31.146,0.829,0.003,46.521,93.19
1785989125,371772461,1785989125,371772461,53.728,5,848,480,49.503,48.6,1.291,47.308,9.204,16.185,16.847,5.072,38.104,0.898,0.006,64.093,113.637
1785989125,438371582,1785989125,438371582,44.924,5,848,480,44.299,43.631,1.21,42.421,9.326,11.069,17.71,4.316,33.095,0.665,0.003,47.607,92.074
1785989125,471670410,1785989125,471670410,61.433,5,848,480,59.63,58.855,1.33,57.526,16.246,17.85,18.38,5.05,41.28,0.772,0.003,60.416,120.075
1785989125,538268311,1785989125,538268311,41.733,5,848,480,41.227,40.48,0.84,39.64,7.825,10.375,17.349,4.091,31.815,0.743,0.004,53.947,95.213
1785989125,604889648,1785989125,604889648,61.471,5,848,480,39.916,39.227,1.585,37.642,7.138,9.021,17.425,4.057,30.504,0.686,0.003,50.118,90.061
1785989125,671509521,1785989125,671509521,61.401,5,848,480,41.151,40.425,1.977,38.448,7.402,8.36,17.199,5.486,31.046,0.724,0.003,43.711,84.84
1785989125,738127686,1785989125,738127686,65.772,5,848,480,41.41,40.454,2.031,38.423,7.462,8.639,17.162,5.16,30.961,0.953,0.004,42.561,84.002
1785989125,838051758,1785989125,838051758,99.332,5,848,480,39.79,38.99,1.327,37.664,7.306,8.163,17.165,5.029,30.358,0.796,0.003,43.591,83.407
1785989125,904665771,1785989125,904665771,66.568,5,848,480,39.837,39.127,1.823,37.303,6.823,8.503,17.34,4.637,30.48,0.708,0.003,43.493,83.36
1785989125,971278076,1785989125,971278076,69.729,5,848,480,42.224,41.508,1.812,39.696,8.186,8.568,17.28,5.663,31.51,0.713,0.003,44.227,86.478
1785989126,37888672,1785989126,37888672,66.22,5,848,480,42.791,41.85,0.891,40.96,8.567,8.652,17.303,6.439,32.393,0.935,0.005,43.268,86.096
1785989126,104497803,1785989126,104497803,67.865,5,848,480,43.527,42.773,2.329,40.444,8.019,9.489,17.376,5.56,32.425,0.749,0.004,43.787,87.345
1785989126,171105225,1785989126,171105225,67.369,5,848,480,41.321,40.633,0.923,39.709,8.218,9.667,17.436,4.387,31.491,0.685,0.003,46.754,88.111
1785989126,237710938,1785989126,237710938,65.893,5,848,480,40.355,39.682,0.954,38.729,7.299,8.705,18.701,4.025,31.43,0.669,0.003,47.007,87.401
1785989126,304314941,1785989126,304314941,64.909,5,848,480,38.482,37.811,0.752,37.059,6.839,8.599,17.079,4.542,30.22,0.668,0.004,47.188,85.692
1785989126,370917480,1785989126,370917480,65.323,5,848,480,39.291,38.507,1.809,36.698,6.678,8.521,17.218,4.28,30.02,0.78,0.004,45.099,84.417
1785989126,404218018,1785989126,404218018,63.78,5,848,480,56.963,56.212,0.916,55.296,17.85,8.429,16.727,12.29,37.446,0.747,0.004,57.906,114.891
1785989126,470818115,1785989126,470818115,57.049,5,848,480,56.646,55.732,4.361,51.371,8.257,21.286,16.644,5.183,43.114,0.909,0.005,48.658,105.361
1785989126,504117432,1785989126,504117432,50.303,5,848,480,47.303,46.625,3.037,43.588,12.858,8.903,17.459,4.368,30.73,0.676,0.003,75.021,122.342
1785989126,570728027,1785989126,570728027,63.495,5,848,480,63.111,62.382,1.061,61.322,20.974,14.598,20.067,5.682,40.348,0.726,0.003,56.08,119.228
1785989126,637347412,1785989126,637347412,41.123,5,848,480,40.722,40.051,0.881,39.17,8.052,9.503,17.467,4.148,31.118,0.668,0.003,52.974,93.748
1785989126,703965332,1785989126,703965332,60.778,5,848,480,38.958,38.182,1.689,36.493,6.5,8.536,17.319,4.138,29.993,0.773,0.004,48.911,87.897
1785989126,770581543,1785989126,770581543,64.239,5,848,480,40.357,39.578,2.519,37.059,7.131,8.3,17.143,4.486,29.928,0.776,0.003,45.141,85.517
1785989126,837196045,1785989126,837196045,68.08,5,848,480,39.663,38.923,1.785,37.138,6.671,8.422,17.264,4.781,30.467,0.737,0.004,47.294,86.985
1785989126,903809082,1785989126,903809082,67.841,5,848,480,43.847,43.123,1.98,41.143,7.372,8.155,20.027,5.589,33.771,0.721,0.003,44.345,88.209
1785989126,970420166,1785989126,970420166,64.917,5,848,480,41.101,40.392,1.807,38.585,8.038,8.667,17.319,4.56,30.547,0.706,0.003,45.453,86.514
1785989127,37029785,1785989127,37029785,69.463,5,848,480,43.274,42.399,0.89,41.509,10.138,8.643,17.376,5.352,31.371,0.871,0.005,46.07,89.392
1785989127,103637451,1785989127,103637451,64.186,5,848,480,40.117,39.215,0.993,38.222,7.737,8.689,17.437,4.36,30.486,0.895,0.006,46.815,86.968
1785989127,170243652,1785989127,170243652,66.276,5,848,480,40.854,40.065,1.046,39.019,8.262,8.847,17.283,4.627,30.757,0.785,0.004,45.743,86.618
1785989127,236848145,1785989127,236848145,65.976,5,848,480,40.245,39.429,0.904,38.525,7.651,8.702,17.256,4.916,30.874,0.812,0.003,45.72,85.991
1785989127,303451172,1785989127,303451172,70.037,5,848,480,40.601,39.87,1.732,38.138,6.989,9.361,17.257,4.531,31.149,0.727,0.003,48.801,89.423
1785989127,370052246,1785989127,370052246,63.628,5,848,480,39.07,38.297,0.945,37.352,6.786,8.411,17.291,4.864,30.566,0.769,0.003,47.353,86.45
1785989127,436651611,1785989127,436651611,68.235,5,848,480,42.123,40.297,1.005,39.292,8.429,8.414,17.269,5.18,30.863,1.82,0.006,45.939,88.103
1785989127,503249512,1785989127,503249512,65.89,5,848,480,39.917,39.196,1.657,37.54,7.143,8.489,17.303,4.604,30.397,0.717,0.004,47.436,87.378
1785989127,569901855,1785989127,569901855,66.124,5,848,480,41.291,40.62,1.069,39.552,6.988,8.465,17.443,6.655,32.563,0.668,0.003,45.539,86.848
1785989127,636608398,1785989127,636608398,65.214,5,848,480,39.571,38.903,1.494,37.409,6.711,8.515,17.25,4.933,30.698,0.665,0.003,45.758,85.354
1785989127,703315430,1785989127,703315430,67.764,5,848,480,39.67,38.901,0.978,37.922,6.856,8.612,17.464,4.991,31.067,0.766,0.003,46.716,86.413
1785989127,770022949,1785989127,770022949,66.08,5,848,480,40.099,39.374,1.553,37.821,7.149,8.474,17.277,4.921,30.672,0.722,0.003,45.665,85.784
1785989127,836731201,1785989127,836731201,68.36,5,848,480,39.641,38.921,1.108,37.813,7.714,8.573,17.311,4.215,30.098,0.718,0.003,47.772,87.436
1785989127,903439941,1785989127,903439941,68.429,5,848,480,42.455,41.762,4.149,37.613,6.789,8.994,17.596,4.234,30.823,0.689,0.003,46.679,89.156
1785989127,970149414,1785989127,970149414,65.314,5,848,480,41.125,40.443,1.987,38.457,7.429,8.476,18.217,4.335,31.027,0.679,0.003,46.614,87.76
1785989128,36859375,1785989128,36859375,72.78,5,848,480,48.613,47.877,1.909,45.968,7.235,8.735,17.031,12.967,38.733,0.732,0.003,45.193,93.837
1785989128,70214600,1785989128,70214600,57.36,5,848,480,56.857,56.144,0.855,55.289,17.733,13.333,17.152,7.071,37.556,0.709,0.004,60.942,117.836
1785989128,136925537,1785989128,136925537,67.407,5,848,480,63.948,63.173,9.539,53.634,15.124,14.634,16.661,7.215,38.509,0.772,0.003,54.558,118.532
1785989128,203636963,1785989128,203636963,48.024,5,848,480,47.629,46.686,0.911,45.775,14.627,9.471,17.603,4.075,31.149,0.939,0.005,52.179,99.859
1785989128,236992920,1785989128,236992920,57.457,5,848,480,55.88,55.109,1.871,53.239,13.839,9.384,17.807,12.209,39.399,0.768,0.003,68.043,123.948
1785989128,303705322,1785989128,303705322,65.903,5,848,480,65.477,64.691,3.922,60.769,27.212,9.738,19.778,4.042,33.558,0.783,0.003,57.621,123.138
1785989128,370418213,1785989128,370418213,59.46,5,848,480,59.052,58.286,3.68,54.606,19.351,11.635,16.717,6.904,35.256,0.762,0.003,56.796,115.882
1785989128,437131836,1785989128,437131836,62.051,5,848,480,50.714,42.837,1.914,40.924,7.832,11.763,16.772,4.556,33.091,7.87,0.006,60.489,111.244
1785989128,470488770,1785989128,470488770,52.192,5,848,480,49.494,48.66,10.961,37.698,7.145,9.02,17.488,4.045,30.553,0.83,0.004,80.536,130.066
1785989128,537203125,1785989128,537203125,58.235,5,848,480,57.822,57.072,3.968,53.104,16.352,14.563,17.47,4.719,36.752,0.746,0.003,63.717,121.58
1785989128,603840088,1785989128,603840088,59.175,5,848,480,58.79,57.899,5.312,52.588,17.417,11.627,16.645,6.899,35.171,0.887,0.004,55.289,114.121
1785989128,670475586,1785989128,670475586,42.205,5,848,480,40.706,40.027,1.079,38.948,8.601,8.71,17.519,4.118,30.347,0.677,0.003,48.952,89.687
1785989128,737109863,1785989128,737109863,67.049,5,848,480,40.2,39.525,1.721,37.804,7.543,8.64,17.52,4.101,30.261,0.672,0.003,49.876,90.102
1785989128,803742676,1785989128,803742676,64.512,5,848,480,39.461,38.675,0.83,37.846,6.907,8.495,17.224,5.22,30.939,0.783,0.003,48.495,87.981
1785989128,870374023,1785989128,870374023,63.524,5,848,480,38.351,37.628,1.47,36.158,6.814,8.167,17.128,4.048,29.344,0.72,0.003,46.497,84.874
1785989128,937003906,1785989128,937003906,69.728,5,848,480,42.339,41.537,1.622,39.914,6.637,8.729,20.633,3.915,33.277,0.799,0.003,45.606,87.973
1785989129,3632568,1785989129,3632568,67.444,5,848,480,42.924,42.158,1.903,40.255,7.204,8.481,20.112,4.457,33.051,0.762,0.003,45.838,88.785
1785989129,70259766,1785989129,70259766,72.641,5,848,480,46.25,45.499,1.108,44.391,8.089,11.046,20.366,4.891,36.302,0.748,0.003,48.527,96.541
1785989129,103572754,1785989129,103572754,65.083,5,848,480,62.883,62.046,2.591,59.455,17.323,14.18,17.377,10.576,42.132,0.834,0.003,63.651,126.574
1785989129,170197754,1785989129,170197754,63.308,5,848,480,62.74,61.979,0.766,61.213,19.178,19.075,17.504,5.456,42.035,0.757,0.004,60.478,123.264
1785989129,236821533,1785989129,236821533,54.956,5,848,480,53.088,52.4,0.768,51.631,11.718,16.973,17.027,5.914,39.913,0.686,0.003,58.469,111.59
1785989129,270132813,1785989129,270132813,53.934,5,848,480,53.523,52.751,0.925,51.826,20.117,9.949,17.739,4.021,31.709,0.769,0.003,78.647,132.212
1785989129,336754395,1785989129,336754395,52.206,5,848,480,51.798,51.152,0.884,50.268,9.163,12.33,17.542,11.233,41.105,0.643,0.003,65.957,117.792
1785989129,403374512,1785989129,403374512,40.9,5,848,480,40.519,39.824,0.941,38.882,7.631,9.719,17.608,3.924,31.252,0.692,0.003,51.516,92.074
1785989129,436684082,1785989129,436684082,70.157,5,848,480,64.128,63.326,0.965,62.361,11.45,28.662,17.526,4.723,50.91,0.798,0.004,64.771,128.929
1785989129,503302002,1785989129,503302002,67.419,5,848,480,66.98,66.242,0.961,65.282,15.807,18.521,19.871,11.083,49.475,0.733,0.004,62.706,129.735
1785989129,569970459,1785989129,569970459,54.861,5,848,480,54.215,53.453,0.943,52.51,10.219,15.344,17.442,9.505,42.29,0.758,0.004,63.664,117.919
1785989129,636689453,1785989129,636689453,41.547,5,848,480,39.865,39.171,1.369,37.802,7.667,8.82,17.21,4.106,30.136,0.691,0.003,52.849,92.745
1785989129,703408936,1785989129,703408936,61.123,5,848,480,40.515,39.744,1.915,37.83,8.202,8.193,17.178,4.257,29.627,0.768,0.003,46.605,87.146
1785989129,770129395,1785989129,770129395,67.375,5,848,480,39.215,38.445,1.806,36.639,6.515,8.453,17.224,4.447,30.124,0.767,0.003,48.558,87.8
1785989129,836850830,1785989129,836850830,68.065,5,848,480,41.136,40.362,1.289,39.073,7.376,8.618,17.217,5.861,31.697,0.771,0.004,47.981,89.145
1785989129,903572754,1785989129,903572754,64.937,5,848,480,40.117,39.362,1.6,37.762,6.859,8.538,17.041,5.324,30.903,0.752,0.003,47.215,87.362
1785989130,3657471,1785989130,3657471,103.295,5,848,480,43.006,42.26,1.819,40.441,6.779,8.457,21.214,3.991,33.662,0.743,0.003,47.54,90.578
1785989130,70381592,1785989130,70381592,68.75,5,848,480,42.777,41.966,0.896,41.07,9.179,9.302,17.488,5.1,31.89,0.807,0.005,49.806,92.604
1785989130,137106445,1785989130,137106445,70.08,5,848,480,45.506,44.803,3.863,40.94,8.791,9.895,17.68,4.574,32.149,0.7,0.004,50.42,95.951
1785989130,170469238,1785989130,170469238,59.597,5,848,480,59.113,58.365,0.973,57.392,19.028,12.072,17.257,9.034,38.364,0.744,0.004,63.033,122.279
1785989130,237195313,1785989130,237195313,67.97,5,848,480,67.34,66.64,1.403,65.237,16.686,23.364,16.854,8.333,48.551,0.696,0.004,56.052,123.424
1785989130,303922119,1785989130,303922119,48.073,5,848,480,47.59,46.534,1.028,45.506,8.89,14.851,17.216,4.55,36.616,1.049,0.006,57.149,104.8
1785989130,337285889,1785989130,337285889,50.722,5,848,480,46.968,46.279,1.88,44.399,12.085,9.806,17.398,5.109,32.314,0.686,0.003,75.166,122.133
1785989130,404013916,1785989130,404013916,40.902,5,848,480,40.507,39.748,0.962,38.786,7.592,9.637,17.475,4.081,31.193,0.756,0.003,55.76,96.308
1785989130,437378418,1785989130,437378418,57.722,5,848,480,52.421,51.722,1.134,50.588,8.745,18.446,17.836,5.561,41.843,0.695,0.003,68.22,120.668
1785989130,504107666,1785989130,504107666,63.38,5,848,480,62.962,62.203,3.411,58.792,14.452,19.403,16.862,8.075,44.34,0.755,0.003,54.313,117.313
1785989130,570815430,1785989130,570815430,42.26,5,848,480,40.655,39.883,0.956,38.926,8.165,9.287,17.415,4.06,30.761,0.768,0.003,52.182,92.871
1785989130,637621094,1785989130,637621094,63.924,5,848,480,40.183,39.488,1.802,37.686,6.781,9.489,17.472,3.944,30.905,0.692,0.003,49.775,89.984
1785989130,704427490,1785989130,704427490,64.67,5,848,480,40.91,40.064,2.096,37.968,7.283,8.397,17.193,5.095,30.685,0.842,0.003,46.913,87.85
1785989130,771234863,1785989130,771234863,64.754,5,848,480,39.411,38.698,1.994,36.705,6.521,8.522,17.177,4.485,30.184,0.709,0.003,46.36,85.794
1785989130,838043213,1785989130,838043213,67.252,5,848,480,38.683,37.92,1.735,36.185,6.519,8.257,17.149,4.26,29.666,0.759,0.004,47.53,86.239
1785989130,904852051,1785989130,904852051,70.148,5,848,480,43.369,42.672,3.84,38.832,6.919,9.247,18.777,3.889,31.913,0.693,0.003,46.189,89.578
1785989130,971661865,1785989130,971661865,65.61,5,848,480,41.162,40.45,1.787,38.663,8.463,8.375,17.317,4.508,30.2,0.709,0.003,47.19,88.377
1785989131,38472656,1785989131,38472656,72.281,5,848,480,47.669,47.0,1.648,45.352,7.757,8.875,23.662,5.059,37.595,0.664,0.004,46.153,93.862
1785989131,71878418,1785989131,71878418,71.504,5,848,480,71.084,70.267,1.934,68.333,17.662,24.462,21.656,4.552,50.671,0.813,0.004,60.824,131.954
1785989131,138690186,1785989131,138690186,55.093,5,848,480,54.667,53.908,1.093,52.814,15.083,14.64,17.436,5.655,37.731,0.757,0.003,65.52,120.228
1785989131,205502930,1785989131,205502930,65.834,5,848,480,65.43,64.7,1.068,63.632,18.531,20.828,18.676,5.597,45.1,0.726,0.004,53.78,119.252
1785989131,272316650,1785989131,272316650,68.255,5,848,480,66.862,66.06,0.912,65.147,31.542,10.278,17.196,6.132,33.606,0.798,0.004,53.795,120.691
1785989131,339130859,1785989131,339130859,67.542,5,848,480,67.128,66.393,3.193,63.201,23.48,15.803,16.765,7.153,39.721,0.731,0.003,54.25,121.415
1785989131,405946289,1785989131,405946289,48.467,5,848,480,48.085,47.228,5.329,41.899,11.27,9.428,16.824,4.377,30.629,0.853,0.004,54.945,103.084
1785989131,439354248,1785989131,439354248,61.128,5,848,480,42.521,41.825,3.073,38.751,6.65,10.504,17.562,4.035,32.101,0.693,0.003,88.245,130.79
1785989131,572986328,1785989131,572986328,92.564,5,848,480,43.258,42.539,2.635,39.904,7.456,8.546,17.287,6.615,32.448,0.716,0.003,46.444,89.728
1785989131,639619385,1785989131,639619385,63.926,5,848,480,40.802,40.113,1.107,39.006,8.528,8.341,17.21,4.928,30.479,0.686,0.003,46.186,87.01
1785989131,706250732,1785989131,706250732,70.811,5,848,480,42.667,41.982,2.584,39.398,8.792,8.469,17.887,4.249,30.606,0.682,0.003,48.503,91.193
1785989131,772880859,1785989131,772880859,63.726,5,848,480,40.257,39.539,0.982,38.556,7.163,8.53,18.629,4.234,31.394,0.714,0.004,48.006,88.292
1785989131,839509277,1785989131,839509277,66.927,5,848,480,42.782,42.106,2.396,39.709,7.572,8.771,19.26,4.106,32.137,0.673,0.003,45.792,88.587
1785989131,906136475,1785989131,906136475,67.718,5,848,480,43.725,42.835,1.899,40.936,6.917,8.414,21.589,4.016,34.019,0.886,0.004,45.934,89.723
1785989131,972761963,1785989131,972761963,65.35,5,848,480,41.693,40.94,1.093,39.847,10.14,8.315,17.371,4.021,29.707,0.749,0.004,46.687,88.406
1785989132,39386230,1785989132,39386230,71.568,5,848,480,44.045,42.939,0.844,42.095,7.804,10.906,17.099,6.286,34.291,1.1,0.006,49.28,93.373
1785989132,106009033,1785989132,106009033,75.588,5,848,480,51.725,50.858,1.11,49.748,14.407,14.48,16.686,4.174,35.341,0.862,0.005,50.569,102.331
1785989132,139319824,1785989132,139319824,56.201,5,848,480,52.085,51.37,1.969,49.401,18.746,8.487,17.373,4.794,30.654,0.712,0.003,73.096,125.204
1785989132,205940430,1785989132,205940430,66.098,5,848,480,63.399,62.653,3.588,59.065,23.948,11.254,17.169,6.694,35.117,0.743,0.003,61.294,124.679
1785989132,272559570,1785989132,272559570,42.857,5,848,480,42.471,41.465,1.133,40.332,8.229,10.748,17.064,4.292,32.103,1.002,0.005,58.41,100.936
1785989132,305868652,1785989132,305868652,49.921,5,848,480,47.224,46.239,2.18,44.059,10.888,9.247,17.227,6.697,33.171,0.981,0.004,70.337,117.539
1785989132,372485596,1785989132,372485596,53.757,5,848,480,52.812,51.857,1.435,50.422,9.693,19.796,16.546,4.387,40.729,0.95,0.005,51.835,104.708
1785989132,405793457,1785989132,405793457,50.684,5,848,480,48.972,48.255,1.456,46.799,8.676,8.791,25.28,4.052,38.123,0.715,0.003,73.058,122.046
1785989132,472408203,1785989132,472408203,47.712,5,848,480,43.604,42.601,2.577,40.024,7.24,11.86,16.746,4.178,32.784,0.998,0.005,59.518,103.154
1785989132,539021729,1785989132,539021729,54.657,5,848,480,43.051,42.357,1.172,41.184,10.651,8.76,17.633,4.14,30.533,0.692,0.003,48.116,91.199
1785989132,605697754,1785989132,605697754,64.212,5,848,480,42.322,41.617,2.241,39.376,7.056,8.495,19.731,4.094,32.32,0.702,0.003,46.382,88.724
1785989132,672437012,1785989132,672437012,63.304,5,848,480,38.762,38.031,2.117,35.914,6.7,8.087,17.106,4.021,29.214,0.727,0.003,46.506,85.286
1785989132,739177490,1785989132,739177490,69.712,5,848,480,41.246,40.488,0.787,39.702,9.066,8.969,17.254,4.413,30.636,0.755,0.003,46.99,88.258
1785989132,805919434,1785989132,805919434,66.254,5,848,480,39.794,38.916,0.903,38.012,7.321,8.389,17.378,4.925,30.691,0.873,0.005,48.036,87.795
1785989132,872662842,1785989132,872662842,66.915,5,848,480,39.943,39.272,1.441,37.831,7.216,8.567,17.308,4.74,30.615,0.667,0.003,47.978,87.943
1785989132,939407227,1785989132,939407227,66.868,5,848,480,41.077,40.405,2.259,38.145,7.477,8.655,17.405,4.608,30.668,0.67,0.003,46.967,88.069
1785989133,6153320,1785989133,6153320,67.812,5,848,480,40.838,40.023,1.014,39.009,8.014,8.527,17.323,5.146,30.995,0.812,0.003,48.267,89.137
1785989133,106274658,1785989133,106274658,103.288,5,848,480,40.333,39.597,1.279,38.317,7.561,8.458,17.45,4.848,30.756,0.733,0.004,51.947,92.301
1785989133,173023682,1785989133,173023682,64.795,5,848,480,40.449,39.713,2.505,37.208,6.925,8.871,17.305,4.106,30.282,0.733,0.003,49.877,90.344
1785989133,239774414,1785989133,239774414,65.707,5,848,480,42.25,41.504,1.183,40.321,9.459,8.65,17.871,4.341,30.862,0.743,0.003,47.032,89.3
1785989133,306526123,1785989133,306526123,82.288,5,848,480,52.328,51.23,1.185,50.045,8.619,20.253,16.696,4.477,41.426,1.093,0.005,52.486,104.853
1785989133,339902588,1785989133,339902588,56.435,5,848,480,52.406,51.729,9.64,42.089,11.774,8.889,17.566,3.86,30.314,0.674,0.003,75.51,127.897
1785989133,406656494,1785989133,406656494,59.935,5,848,480,59.439,58.728,2.089,56.639,15.373,9.23,16.763,15.273,41.266,0.708,0.003,61.598,121.074
1785989133,473411621,1785989133,473411621,41.696,5,848,480,41.238,40.349,0.98,39.37,7.632,9.837,17.438,4.462,31.737,0.884,0.004,54.741,96.026
1785989133,506789795,1785989133,506789795,62.404,5,848,480,53.984,53.268,1.089,52.179,10.215,19.568,17.877,4.519,41.964,0.714,0.003,71.04,125.04
1785989133,573546143,1785989133,573546143,42.0,5,848,480,41.6,40.728,1.992,38.737,7.367,10.017,17.285,4.068,31.37,0.867,0.004,58.648,100.295
1785989133,640205322,1785989133,640205322,56.856,5,848,480,41.497,40.751,1.853,38.898,7.809,9.731,17.267,4.092,31.09,0.742,0.004,48.96,90.489
1785989133,706863525,1785989133,706863525,63.904,5,848,480,40.748,40.067,0.938,39.129,7.029,8.48,17.068,6.552,32.101,0.678,0.003,46.957,87.727
1785989133,773520752,1785989133,773520752,68.814,5,848,480,44.415,43.662,2.113,41.549,8.707,9.631,17.199,6.013,32.842,0.749,0.004,45.443,89.885
1785989133,840177002,1785989133,840177002,63.878,5,848,480,40.163,39.478,1.702,37.776,6.721,8.566,17.243,5.245,31.055,0.681,0.004,46.919,87.106
1785989133,906832520,1785989133,906832520,68.653,5,848,480,40.111,39.408,0.889,38.518,6.871,9.24,17.418,4.988,31.647,0.701,0.003,48.966,89.105
1785989133,973487061,1785989133,973487061,65.809,5,848,480,40.639,39.949,2.625,37.323,6.603,8.57,17.215,4.935,30.72,0.688,0.003,47.592,88.257
1785989134,40140625,1785989134,40140625,71.6,5,848,480,45.52,44.512,1.744,42.768,7.429,13.518,17.289,4.532,35.339,1.003,0.005,47.66,93.229
1785989134,73467041,1785989134,73467041,63.404,5,848,480,62.914,62.012,0.984,61.028,16.423,21.394,16.843,6.367,44.605,0.898,0.004,60.331,123.287
1785989134,140119141,1785989134,140119141,47.078,5,848,480,46.64,45.64,3.833,41.807,10.189,9.784,17.139,4.695,31.618,0.994,0.006,57.032,103.725
1785989134,173444824,1785989134,173444824,59.063,5,848,480,57.151,56.466,5.961,50.505,9.917,9.476,22.341,8.771,40.588,0.682,0.003,72.277,129.525
1785989134,240095703,1785989134,240095703,53.401,5,848,480,52.901,51.874,3.513,48.361,17.925,8.689,16.956,4.792,30.437,1.021,0.006,63.259,116.217
1785989134,306745361,1785989134,306745361,52.369,5,848,480,50.494,49.65,4.04,45.61,13.794,10.716,17.007,4.093,31.816,0.838,0.005,51.396,101.932
1785989134,340070068,1785989134,340070068,55.103,5,848,480,48.629,47.922,1.005,46.917,15.795,8.711,17.402,5.009,31.122,0.703,0.004,75.028,123.694
1785989134,406718506,1785989134,406718506,41.465,5,848,480,41.055,40.374,0.977,39.397,7.664,10.116,17.391,4.227,31.733,0.678,0.003,57.413,98.521
1785989134,473365967,1785989134,473365967,71.336,5,848,480,48.265,47.464,2.001,45.463,6.764,17.166,17.27,4.263,38.698,0.797,0.004,54.983,103.21
1785989134,540012451,1785989134,540012451,72.115,5,848,480,47.583,46.425,1.198,45.227,8.855,14.352,16.66,5.361,36.372,1.151,0.006,61.06,108.689
1785989134,573335938,1785989134,573335938,54.867,5,848,480,43.673,42.931,3.665,39.267,7.083,10.623,17.466,4.095,32.184,0.738,0.003,86.516,130.211
1785989134,673678223,1785989134,673678223,58.969,5,848,480,40.75,40.022,1.006,39.017,8.699,8.454,17.136,4.728,30.318,0.724,0.004,48.068,88.836
1785989134,740576904,1785989134,740576904,66.393,5,848,480,41.03,40.277,2.336,37.942,7.269,8.575,17.229,4.868,30.672,0.75,0.003,47.279,88.33
1785989134,807478760,1785989134,807478760,70.816,5,848,480,39.752,39.035,1.683,37.353,6.863,8.723,17.469,4.298,30.49,0.714,0.003,52.466,92.245
1785989134,874383789,1785989134,874383789,63.587,5,848,480,40.419,39.677,2.048,37.628,7.201,8.354,17.315,4.759,30.427,0.738,0.004,48.484,88.947
1785989134,941291992,1785989134,941291992,65.942,5,848,480,40.815,40.112,0.919,39.193,8.283,8.602,17.248,5.061,30.911,0.699,0.003,47.13,87.961
1785989135,8203369,1785989135,8203369,71.277,5,848,480,45.47,44.718,1.019,43.699,12.835,8.452,17.375,5.037,30.864,0.748,0.004,46.836,92.332
1785989135,41660156,1785989135,41660156,66.527,5,848,480,66.101,65.268,5.871,59.397,16.126,20.364,17.485,5.422,43.271,0.828,0.005,59.259,125.411
1785989135,108576172,1785989135,108576172,53.564,5,848,480,52.656,51.765,0.893,50.872,7.511,21.313,17.391,4.657,43.361,0.887,0.004,59.353,112.046
1785989135,142035400,1785989135,142035400,63.456,5,848,480,61.652,59.211,0.841,58.37,9.821,17.412,17.998,13.139,48.549,2.435,0.006,80.369,142.068
1785989135,208956299,1785989135,208956299,61.409,5,848,480,60.634,59.825,0.899,58.925,26.07,10.912,17.374,4.569,32.855,0.805,0.004,75.86,136.535
1785989135,275880127,1785989135,275880127,56.449,5,848,480,56.054,55.233,1.174,54.059,23.19,9.341,17.381,4.148,30.87,0.818,0.003,69.961,126.062
1785989135,342807373,1785989135,342807373,57.501,5,848,480,56.029,55.393,0.898,54.495,21.596,9.414,17.018,6.467,32.899,0.633,0.003,60.568,116.627
1785989135,409737549,1785989135,409737549,47.056,5,848,480,46.589,45.81,2.385,43.425,11.463,10.216,17.36,4.385,31.961,0.776,0.003,50.127,96.756
1785989135,443203857,1785989135,443203857,54.405,5,848,480,51.167,50.442,1.522,48.919,14.354,9.768,17.072,7.725,34.566,0.723,0.003,66.531,117.69
1785989135,510138672,1785989135,510138672,67.317,5,848,480,66.907,66.178,0.898,65.28,8.166,33.635,17.176,6.302,57.114,0.725,0.004,51.131,118.08
1785989135,577073975,1785989135,577073975,53.309,5,848,480,47.083,45.243,0.869,44.374,12.869,9.883,16.776,4.846,31.505,1.833,0.007,57.348,104.619
1785989135,610443359,1785989135,610443359,55.484,5,848,480,51.968,51.275,11.392,39.882,7.883,10.371,17.624,4.004,31.999,0.691,0.003,74.572,126.565
1785989135,677182861,1785989135,677182861,42.423,5,848,480,40.694,39.71,0.753,38.957,7.844,9.529,17.313,4.272,31.114,0.979,0.005,61.519,102.268
1785989135,743923340,1785989135,743923340,60.329,5,848,480,43.308,42.577,2.556,40.021,8.507,9.966,17.397,4.151,31.513,0.728,0.004,52.509,95.837
1785989135,810665283,1785989135,810665283,60.316,5,848,480,39.694,39.019,1.622,37.397,7.092,8.649,17.548,4.108,30.304,0.672,0.003,49.69,89.412
1785989135,877408203,1785989135,877408203,63.434,5,848,480,40.764,40.023,2.591,37.432,6.847,8.738,17.287,4.559,30.585,0.736,0.004,45.318,86.107
1785989135,944152588,1785989135,944152588,66.667,5,848,480,40.667,39.944,2.222,37.722,7.124,8.51,17.335,4.753,30.598,0.72,0.004,45.331,86.036
1785989136,10897949,1785989136,10897949,65.801,5,848,480,40.37,39.587,1.691,37.896,7.072,8.559,17.358,4.907,30.824,0.78,0.004,44.685,85.081
1785989136,77644287,1785989136,77644287,74.679,5,848,480,45.069,44.23,0.96,43.27,10.744,10.454,17.769,4.303,32.526,0.834,0.004,47.918,93.017
1785989136,111018066,1785989136,111018066,63.352,5,848,480,62.94,62.164,6.427,55.737,14.865,16.026,17.331,7.515,40.872,0.773,0.003,60.013,122.991
1785989136,177766357,1785989136,177766357,45.212,5,848,480,44.703,43.741,0.91,42.832,11.493,9.891,17.146,4.301,31.339,0.957,0.004,56.714,101.482
1785989136,211141113,1785989136,211141113,62.178,5,848,480,59.986,59.065,1.808,57.257,23.916,11.449,17.387,4.505,33.34,0.916,0.005,70.255,130.268
1785989136,277891113,1785989136,277891113,53.771,5,848,480,53.229,52.525,0.958,51.567,17.987,11.639,16.942,4.999,33.58,0.699,0.004,64.012,117.285
1785989136,344642334,1785989136,344642334,46.609,5,848,480,45.951,45.176,0.924,44.252,8.93,14.084,17.229,4.009,35.322,0.771,0.004,51.149,97.14
1785989136,378018311,1785989136,378018311,57.28,5,848,480,55.188,54.53,1.645,52.884,20.108,8.945,17.161,6.67,32.777,0.655,0.003,65.823,121.04
1785989136,444771240,1785989136,444771240,63.385,5,848,480,62.923,62.162,0.968,61.194,15.802,19.111,16.881,9.4,45.392,0.757,0.005,54.712,117.678
1785989136,478148193,1785989136,478148193,47.681,5,848,480,47.22,46.371,0.853,45.519,11.651,12.066,17.733,4.068,33.867,0.845,0.004,84.72,131.989
1785989136,544903076,1785989136,544903076,58.613,5,848,480,51.739,50.423,3.269,47.155,16.382,8.662,17.583,4.528,30.773,1.312,0.003,72.073,123.841
1785989136,611658691,1785989136,611658691,43.921,5,848,480,46.279,42.535,1.119,41.416,9.961,9.703,17.329,4.423,31.455,0.836,2.908,57.59,103.96
1785989136,645037598,1785989136,645037598,59.563,5,848,480,50.839,50.073,12.917,37.156,6.798,9.123,17.264,3.971,30.358,0.762,0.003,76.327,127.235
1785989136,711796143,1785989136,711796143,57.757,5,848,480,57.295,56.56,0.73,55.83,15.222,8.627,17.18,14.8,40.608,0.732,0.003,60.85,118.183
1785989136,778556396,1785989136,778556396,47.457,5,848,480,47.047,46.153,0.892,45.261,14.081,10.193,16.916,4.072,31.18,0.89,0.004,51.794,98.893
1785989136,811937256,1785989136,811937256,56.694,5,848,480,49.568,48.842,1.268,47.574,16.351,8.832,18.246,4.145,31.223,0.722,0.003,72.614,122.192
1785989136,878699707,1785989136,878699707,61.488,5,848,480,61.076,60.345,0.91,59.435,17.807,15.685,16.791,9.153,41.629,0.727,0.004,55.802,116.918
1785989136,945463623,1785989136,945463623,44.953,5,848,480,44.553,43.829,0.942,42.887,7.792,13.774,17.167,4.154,35.095,0.721,0.003,50.515,95.106
1785989136,978846436,1785989136,978846436,62.845,5,848,480,61.388,60.385,3.544,56.841,24.759,10.031,17.225,4.825,32.082,0.999,0.004,63.15,124.569
1785989137,45612549,1785989137,45612549,60.003,5,848,480,59.393,58.59,4.214,54.376,19.005,12.703,17.054,5.614,35.371,0.8,0.003,58.377,117.801
1785989137,112380615,1785989137,112380615,49.908,5,848,480,49.396,48.402,3.511,44.891,13.966,9.288,17.082,4.556,30.925,0.989,0.004,51.511,101.026
1785989137,145765137,1785989137,145765137,57.816,5,848,480,54.801,54.039,6.083,47.957,12.34,10.038,17.25,8.329,35.617,0.758,0.004,70.573,125.381
1785989137,212535156,1785989137,212535156,68.034,5,848,480,67.622,66.854,2.662,64.192,32.042,9.114,17.348,5.688,32.15,0.764,0.004,58.979,126.644
1785989137,279306885,1785989137,279306885,55.246,5,848,480,54.741,53.971,1.052,52.919,10.503,17.323,17.053,8.039,42.416,0.767,0.004,60.337,115.12
1785989137,346080078,1785989137,346080078,48.829,5,848,480,47.381,46.519,1.108,45.411,12.465,11.915,17.013,4.019,32.946,0.857,0.005,49.76,97.184
1785989137,379467285,1785989137,379467285,58.619,5,848,480,58.096,57.44,0.885,56.555,23.516,10.761,17.613,4.664,33.038,0.654,0.003,64.271,122.4
1785989137,446242676,1785989137,446242676,56.411,5,848,480,56.025,55.175,0.908,54.267,16.83,11.025,16.79,9.622,37.437,0.844,0.006,55.978,112.06
1785989137,513019775,1785989137,513019775,45.408,5,848,480,41.85,41.033,2.294,38.739,8.192,9.015,17.395,4.136,30.547,0.813,0.004,48.796,90.679
1785989137,579797607,1785989137,579797607,72.857,5,848,480,39.984,38.971,1.517,37.454,6.915,9.817,16.892,3.829,30.539,1.006,0.006,56.742,98.633
1785989137,613224365,1785989137,613224365,61.857,5,848,480,40.981,40.195,2.626,37.569,7.085,8.943,17.445,4.096,30.484,0.783,0.003,84.171,125.179
1785989137,713507080,1785989137,713507080,62.517,5,848,480,41.891,41.086,1.937,39.149,6.919,8.509,19.517,4.204,32.229,0.802,0.004,45.567,87.412
1785989137,780364258,1785989137,780364258,64.339,5,848,480,41.514,40.83,2.559,38.271,7.89,8.415,17.163,4.804,30.381,0.681,0.003,43.358,84.967
1785989137,847223145,1785989137,847223145,67.123,5,848,480,42.814,42.084,2.033,40.051,8.767,8.676,18.368,4.24,31.284,0.728,0.003,42.322,85.157
1785989137,914083740,1785989137,914083740,66.165,5,848,480,41.944,41.235,2.458,38.778,7.789,9.035,17.169,4.785,30.989,0.705,0.003,42.497,84.462
1785989137,980945801,1785989137,980945801,67.66,5,848,480,39.885,39.205,2.037,37.168,7.206,8.396,17.495,4.071,29.962,0.677,0.003,45.35,85.259
1785989138,47809814,1785989138,47809814,74.745,5,848,480,51.066,50.337,1.301,49.035,7.571,11.149,25.402,4.913,41.464,0.725,0.004,42.05,93.29
1785989138,81242188,1785989138,81242188,66.003,5,848,480,65.399,64.511,0.988,63.522,32.234,9.994,17.279,4.016,31.288,0.884,0.004,60.277,125.716
1785989138,148108398,1785989138,148108398,55.811,5,848,480,55.385,54.729,0.835,53.894,18.811,8.603,16.81,9.669,35.082,0.654,0.003,59.233,114.652
1785989138,214976318,1785989138,214976318,47.148,5,848,480,46.759,46.027,1.542,44.485,12.362,10.907,17.146,4.071,32.123,0.729,0.003,48.139,94.953
1785989138,281845947,1785989138,281845947,84.583,5,848,480,59.702,59.017,5.533,53.484,16.33,11.453,16.947,8.754,37.154,0.681,0.004,52.924,112.687
1785989138,348717041,1785989138,348717041,46.299,5,848,480,45.794,44.996,0.962,44.034,7.413,14.64,17.964,4.017,36.62,0.795,0.003,46.244,92.077
1785989138,382153320,1785989138,382153320,61.693,5,848,480,60.203,59.533,0.883,58.65,25.42,9.645,17.194,6.392,33.23,0.667,0.003,60.101,120.331
1785989138,449026855,1785989138,449026855,57.598,5,848,480,57.132,56.28,0.81,55.47,12.188,18.913,20.012,4.358,43.282,0.847,0.005,53.889,111.097
1785989138,515902100,1785989138,515902100,67.373,5,848,480,63.369,62.604,2.689,59.915,12.95,16.227,16.812,13.925,46.965,0.762,0.003,48.179,111.558
1785989138,582777344,1785989138,582777344,46.965,5,848,480,45.486,44.735,0.896,43.838,7.484,14.571,17.704,4.079,36.354,0.749,0.003,46.127,91.645
1785989138,616112549,1785989138,616112549,53.638,5,848,480,53.241,52.498,0.992,51.507,18.634,9.247,17.443,6.183,32.873,0.739,0.003,58.668,111.963
1785989138,682782471,1785989138,682782471,44.788,5,848,480,39.112,38.395,0.93,37.465,6.978,9.036,17.384,4.067,30.487,0.713,0.003,50.928,90.067
1785989138,749451660,1785989138,749451660,65.696,5,848,480,40.664,39.965,1.658,38.307,7.405,9.356,17.527,4.018,30.901,0.696,0.003,48.404,89.1
1785989138,816119873,1785989138,816119873,59.767,5,848,480,40.291,39.58,1.124,38.456,7.987,8.317,17.143,5.009,30.469,0.708,0.003,41.881,82.191
1785989138,882787354,1785989138,882787354,67.723,5,848,480,41.064,40.267,0.949,39.319,7.666,9.179,18.172,4.302,31.653,0.792,0.004,42.159,83.258
1785989138,949454102,1785989138,949454102,68.187,5,848,480,41.264,40.502,1.095,39.407,6.984,8.492,19.84,4.091,32.423,0.759,0.003,43.48,84.769
1785989139,16120117,1785989139,16120117,72.331,5,848,480,48.753,48.046,1.25,46.796,7.512,8.453,17.223,13.608,39.284,0.704,0.003,41.659,90.43
1785989139,49452637,1785989139,49452637,69.534,5,848,480,69.129,68.348,1.791,66.557,20.856,12.307,17.656,15.737,45.7,0.778,0.003,57.466,126.665
1785989139,116117432,1785989139,116117432,61.321,5,848,480,60.855,60.11,0.98,59.13,16.428,15.842,21.602,5.257,42.701,0.742,0.003,60.396,121.29
1785989139,182781494,1785989139,182781494,51.01,5,848,480,50.499,49.557,0.961,48.596,12.614,12.758,17.306,5.918,35.982,0.937,0.005,55.1,105.651
1785989139,216113037,1785989139,216113037,55.05,5,848,480,53.057,52.284,1.267,51.016,11.613,15.879,17.504,6.02,39.403,0.769,0.004,74.273,127.357
1785989139,282775879,1785989139,282775879,57.759,5,848,480,57.246,56.575,1.168,55.408,11.191,14.984,23.167,6.066,44.217,0.667,0.003,61.166,118.448
1785989139,349437988,1785989139,349437988,54.908,5,848,480,54.501,53.613,1.456,52.158,14.853,15.318,16.82,5.167,37.305,0.881,0.006,52.161,106.718
1785989139,382768555,1785989139,382768555,64.417,5,848,480,62.03,61.01,2.279,58.731,23.547,12.597,16.805,5.782,35.184,1.013,0.007,75.729,137.813
1785989139,449429443,1785989139,449429443,50.071,5,848,480,47.192,46.424,6.923,39.501,8.191,9.128,17.423,4.759,31.31,0.764,0.003,73.969,121.192
1785989139,516089600,1785989139,516089600,43.688,5,848,480,43.253,42.244,0.942,41.302,10.622,9.162,17.336,4.182,30.681,1.004,0.005,54.932,98.312
1785989139,549419434,1785989139,549419434,58.873,5,848,480,56.24,55.464,2.676,52.788,20.547,10.634,17.287,4.32,32.241,0.772,0.003,67.505,123.764
1785989139,616089355,1785989139,616089355,43.524,5,848,480,43.104,41.88,0.981,40.899,10.277,9.272,17.149,4.201,30.622,1.218,0.006,57.478,100.643
1785989139,649428955,1785989139,649428955,59.791,5,848,480,43.035,42.251,2.994,39.257,7.014,9.992,18.253,3.998,32.243,0.781,0.003,84.012,127.07
1785989139,682768311,1785989139,682768311,54.531,5,848,480,49.514,48.806,2.906,45.9,12.885,9.551,16.872,6.593,33.016,0.704,0.003,98.779,148.257
1785989139,782785400,1785989139,782785400,40.479,5,848,480,40.075,39.353,0.93,38.422,7.977,9.044,17.384,4.017,30.445,0.72,0.003,48.607,88.722
1785989139,849462646,1785989139,849462646,63.228,5,848,480,40.173,39.469,1.466,38.002,7.024,8.785,18.123,4.07,30.978,0.701,0.003,45.081,85.272
1785989139,916139160,1785989139,916139160,66.154,5,848,480,40.174,39.39,1.932,37.458,6.881,8.68,17.78,4.118,30.578,0.781,0.003,44.549,84.751
1785989139,982814941,1785989139,982814941,66.552,5,848,480,42.023,41.242,1.799,39.443,6.945,8.517,19.834,4.147,32.498,0.778,0.003,42.583,84.627
1785989140,49489990,1785989140,49489990,68.954,5,848,480,45.822,45.098,2.312,42.786,7.615,10.158,17.939,7.074,35.171,0.721,0.003,41.061,86.907
1785989140,82827393,1785989140,82827393,60.862,5,848,480,60.452,59.738,1.086,58.652,8.711,22.215,16.766,10.96,49.941,0.711,0.004,53.938,114.665
1785989140,149501465,1785989140,149501465,66.793,5,848,480,66.142,65.421,2.382,63.038,18.322,13.343,17.571,13.803,44.716,0.718,0.003,48.368,114.549
1785989140,182838379,1785989140,182838379,68.407,5,848,480,67.975,67.248,0.874,66.374,20.476,20.46,17.101,8.337,45.897,0.724,0.003,81.604,149.619
1785989140,282847656,1785989140,282847656,49.366,5,848,480,48.963,48.112,0.886,47.225,10.535,14.458,17.306,4.926,36.691,0.847,0.004,49.972,98.983
1785989140,316183838,1785989140,316183838,54.363,5,848,480,52.615,51.941,1.338,50.603,17.325,11.288,17.712,4.278,33.278,0.671,0.003,67.371,120.058
1785989140,382855469,1785989140,382855469,63.42,5,848,480,62.96,62.158,0.951,61.207,24.12,11.789,16.899,8.399,37.087,0.799,0.003,53.751,116.747
1785989140,449526611,1785989140,449526611,55.292,5,848,480,54.81,52.768,1.068,51.7,9.013,20.667,16.551,5.469,42.687,2.036,0.007,50.527,105.41
1785989140,482861816,1785989140,482861816,46.162,5,848,480,43.451,42.711,1.244,41.466,8.276,10.633,17.27,5.287,33.191,0.736,0.004,74.725,118.199
1785989140,616200439,1785989140,616200439,96.823,5,848,480,40.778,40.05,1.807,38.243,7.908,8.537,17.136,4.663,30.335,0.725,0.003,40.879,81.684
1785989140,682866455,1785989140,682866455,67.956,5,848,480,41.214,40.404,2.411,37.993,7.06,8.543,17.457,4.932,30.932,0.807,0.004,41.741,82.973
1785989140,749531250,1785989140,749531250,67.468,5,848,480,39.327,38.619,0.754,37.865,6.926,8.57,17.545,4.823,30.939,0.705,0.003,44.424,83.791
1785989140,782863525,1785989140,782863525,65.434,5,848,480,58.98,58.296,3.785,54.511,15.671,15.923,16.632,6.286,38.84,0.681,0.003,56.875,115.876
1785989140,849527344,1785989140,849527344,41.095,5,848,480,40.635,39.858,1.895,37.963,7.495,9.306,17.303,3.859,30.468,0.774,0.003,49.635,90.31
1785989140,916190186,1785989140,916190186,62.377,5,848,480,39.35,38.676,1.754,36.922,6.961,8.4,17.435,4.126,29.961,0.671,0.003,46.647,86.021
1785989140,982852051,1785989140,982852051,64.428,5,848,480,39.766,38.973,1.287,37.686,7.001,8.504,17.203,4.978,30.686,0.789,0.003,43.998,83.791
1785989141,49513184,1785989141,49513184,67.004,5,848,480,40.246,39.429,1.841,37.589,7.152,8.558,16.994,4.885,30.436,0.813,0.003,43.861,84.133
1785989141,82843506,1785989141,82843506,75.12,5,848,480,66.889,66.088,3.347,62.742,17.861,21.977,18.171,4.732,44.88,0.797,0.003,59.008,125.975
1785989141,149503418,1785989141,149503418,55.37,5,848,480,54.893,54.03,0.938,53.092,22.101,8.293,17.023,5.674,30.991,0.859,0.004,59.701,114.64
1785989141,216162354,1785989141,216162354,43.289,5,848,480,42.826,41.998,1.675,40.323,8.597,8.878,17.42,5.428,31.726,0.824,0.003,48.397,91.267
1785989141,282820557,1785989141,282820557,82.875,5,848,480,46.962,44.311,2.198,42.113,9.732,9.366,17.047,5.968,32.381,2.644,0.008,60.497,107.559
1785989141,316149170,1785989141,316149170,47.466,5,848,480,46.929,46.244,5.635,40.609,10.695,8.384,17.34,4.19,29.915,0.682,0.003,74.65,121.616
1785989141,382806152,1785989141,382806152,61.903,5,848,480,61.503,60.776,1.146,59.63,25.331,11.799,17.149,5.35,34.299,0.724,0.003,55.32,116.859
1785989141,449462158,1785989141,449462158,63.82,5,848,480,63.429,62.739,0.805,61.934,20.942,9.374,16.854,14.764,40.992,0.687,0.004,50.559,114.028
1785989141,516117188,1785989141,516117188,42.532,5,848,480,40.971,40.289,0.897,39.392,8.616,9.43,17.358,3.989,30.776,0.679,0.003,48.903,89.904
1785989141,582772217,1785989141,582772217,63.828,5,848,480,43.293,42.577,2.327,40.249,7.669,8.461,17.356,6.763,32.58,0.713,0.003,43.758,87.081
1785989141,649442383,1785989141,649442383,65.622,5,848,480,39.817,39.045,2.227,36.817,6.696,8.641,17.537,3.943,30.121,0.769,0.003,46.185,86.166
1785989141,716111572,1785989141,716111572,66.928,5,848,480,39.684,38.432,1.893,36.539,6.525,8.457,17.258,4.3,30.014,1.248,0.004,46.578,86.481
1785989141,782780029,1785989141,782780029,68.468,5,848,480,39.447,38.743,1.665,37.078,6.796,8.51,17.433,4.34,30.283,0.7,0.003,48.614,88.138
1785989141,849447754,1785989141,849447754,67.608,5,848,480,42.177,41.487,1.852,39.634,7.977,8.843,17.271,5.544,31.657,0.687,0.003,46.833,89.027
1785989141,916114502,1785989141,916114502,62.02,5,848,480,41.383,40.613,2.05,38.563,7.814,8.654,17.392,4.703,30.749,0.767,0.003,42.974,84.379
1785989141,982780518,1785989141,982780518,69.88,5,848,480,42.896,42.144,2.26,39.883,9.456,8.812,17.613,4.003,30.428,0.749,0.003,44.707,87.593
1785989142,49445801,1785989142,49445801,73.253,5,848,480,49.323,48.525,3.027,45.499,7.162,8.68,25.063,4.593,38.337,0.794,0.004,44.833,94.185
1785989142,82778076,1785989142,82778076,53.855,5,848,480,53.444,52.763,0.903,51.86,11.056,10.072,17.386,13.345,40.804,0.677,0.004,61.223,114.705
1785989142,149442139,1785989142,149442139,57.916,5,848,480,57.437,56.589,1.006,55.584,8.908,14.873,24.257,7.547,46.676,0.841,0.007,48.484,105.993
1785989142,182773682,1785989142,182773682,79.531,5,848,480,78.01,76.704,1.008,75.695,24.417,28.16,17.305,5.813,51.278,1.302,0.004,74.119,152.777
1785989142,249436523,1785989142,249436523,53.582,5,848,480,52.486,51.62,6.9,44.72,9.444,12.742,17.398,5.136,35.276,0.86,0.006,86.557,139.096
1785989142,316098633,1785989142,316098633,61.068,5,848,480,59.417,58.24,1.209,57.031,9.763,24.929,17.555,4.784,47.268,1.171,0.006,74.045,133.504
1785989142,382759766,1785989142,382759766,53.858,5,848,480,53.317,52.506,1.144,51.362,8.095,15.322,17.553,10.392,43.267,0.807,0.004,67.327,120.679
1785989142,449420166,1785989142,449420166,51.054,5,848,480,50.509,49.583,1.136,48.447,8.324,16.662,17.121,6.34,40.123,0.922,0.004,54.532,105.077
1785989142,482750000,1785989142,482750000,63.635,5,848,480,61.302,59.947,1.149,58.798,17.823,9.522,19.537,11.917,40.976,1.349,0.006,74.053,135.413
1785989142,549409180,1785989142,549409180,54.444,5,848,480,53.447,52.551,1.45,51.101,17.953,10.47,17.473,5.205,33.148,0.892,0.004,69.787,123.172
1785989142,582739258,1785989142,582739258,67.592,5,848,480,65.593,64.855,1.186,63.669,17.89,14.03,17.522,14.227,45.779,0.734,0.004,91.808,157.433
1785989142,682749268,1785989142,682749268,61.047,5,848,480,60.437,59.439,1.395,58.043,11.684,19.657,17.069,9.634,46.359,0.994,0.004,57.988,118.475
1785989142,749421631,1785989142,749421631,44.602,5,848,480,44.033,43.16,1.031,42.129,8.365,10.874,18.965,3.925,33.764,0.869,0.004,52.321,96.398
1785989142,782757324,1785989142,782757324,58.978,5,848,480,56.646,55.321,1.343,53.978,9.634,18.226,17.366,8.751,44.344,1.319,0.006,65.368,123.552
1785989142,849428467,1785989142,849428467,97.061,5,848,480,76.463,72.466,2.536,69.93,21.223,22.641,17.82,8.246,48.707,3.99,0.006,75.952,152.447
1785989142,882763916,1785989142,882763916,59.609,5,848,480,58.953,55.356,1.014,54.342,10.923,19.169,17.534,6.716,43.419,3.59,0.008,119.713,178.733
1785989142,982768555,1785989142,982768555,68.01,5,848,480,67.505,66.655,11.328,55.327,17.652,10.137,22.551,4.986,37.675,0.846,0.003,79.162,146.707
1785989143,49437500,1785989143,49437500,65.762,5,848,480,62.998,62.018,1.812,60.206,19.309,10.524,17.932,12.442,40.897,0.974,0.006,82.776,145.814
1785989143,82771484,1785989143,82771484,48.297,5,848,480,46.087,45.371,1.354,44.017,9.471,11.517,18.005,5.024,34.546,0.711,0.005,114.649,163.108
1785989143,182772949,1785989143,182772949,61.694,5,848,480,58.791,57.587,1.696,55.891,11.384,21.286,18.346,4.875,44.507,1.198,0.007,63.626,122.489
1785989143,216106201,1785989143,216106201,77.772,5,848,480,75.861,74.652,2.574,72.078,12.49,28.132,25.661,5.795,59.588,1.204,0.006,91.009,166.973
1785989143,282772461,1785989143,282772461,52.896,5,848,480,51.973,50.99,1.167,49.823,13.544,14.159,17.773,4.347,36.279,0.98,0.004,101.121,153.121
1785989143,416102539,1785989143,416102539,69.426,5,848,480,43.856,43.158,1.849,41.309,6.764,8.456,21.808,4.281,34.545,0.695,0.003,45.395,89.216
1785989143,449434570,1785989143,449434570,74.128,5,848,480,70.343,69.544,1.977,67.567,21.993,8.643,17.634,19.298,45.575,0.795,0.003,59.643,130.017
1785989143,516098145,1785989143,516098145,60.889,5,848,480,60.45,59.603,2.437,57.165,26.528,8.965,17.549,4.123,30.637,0.844,0.004,63.75,124.246
1785989143,582761475,1785989143,582761475,56.162,5,848,480,55.712,55.013,1.008,54.005,12.526,16.236,16.922,8.32,41.479,0.696,0.003,57.987,113.735
1785989143,616094482,1785989143,616094482,47.351,5,848,480,45.167,44.411,0.917,43.494,11.805,9.462,18.108,4.119,31.689,0.752,0.004,82.559,127.759
1785989143,682760254,1785989143,682760254,60.747,5,848,480,60.247,59.475,1.049,58.426,27.391,8.54,16.962,5.534,31.035,0.769,0.003,61.566,121.832
1785989143,749425049,1785989143,749425049,42.407,5,848,480,41.957,41.269,2.374,38.895,7.762,9.797,17.337,4.0,31.133,0.685,0.003,55.584,97.682
1785989143,816088867,1785989143,816088867,59.127,5,848,480,39.437,38.674,0.958,37.716,7.302,8.528,17.48,4.406,30.414,0.76,0.003,50.581,90.043
1785989143,882751953,1785989143,882751953,66.222,5,848,480,45.322,44.635,2.476,42.159,7.651,12.926,17.261,4.321,34.508,0.684,0.003,44.253,89.599
1785989143,916083252,1785989143,916083252,60.679,5,848,480,60.277,59.455,1.068,58.387,21.353,12.405,16.795,7.834,37.034,0.818,0.003,56.631,116.947
1785989143,982744873,1785989143,982744873,51.541,5,848,480,51.117,50.22,1.017,49.204,15.757,12.149,17.056,4.241,33.447,0.893,0.004,50.672,101.831
1785989144,16075439,1785989144,16075439,71.043,5,848,480,68.964,67.988,6.764,61.224,16.79,19.742,19.281,5.412,44.434,0.97,0.006,70.555,139.564
1785989144,82736084,1785989144,82736084,61.721,5,848,480,60.98,59.847,10.906,48.941,13.723,13.707,17.155,4.357,35.219,1.126,0.006,73.591,134.619
1785989144,149395752,1785989144,149395752,55.714,5,848,480,53.881,53.108,8.638,44.47,14.029,8.628,17.676,4.137,30.441,0.769,0.004,69.747,123.656
1785989144,216054443,1785989144,216054443,62.386,5,848,480,59.373,58.582,3.103,55.479,16.366,11.368,21.646,6.099,39.112,0.787,0.004,59.98,119.39
1785989144,282712158,1785989144,282712158,63.212,5,848,480,62.739,62.084,1.234,60.85,22.881,15.023,18.388,4.558,37.969,0.651,0.003,53.159,115.934
1785989144,349369385,1785989144,349369385,56.985,5,848,480,56.496,55.621,0.891,54.73,8.417,25.242,16.618,4.452,46.313,0.867,0.007,49.735,106.288
1785989144,382697510,1785989144,382697510,53.139,5,848,480,47.018,46.236,3.252,42.984,11.841,9.337,17.547,4.259,31.143,0.778,0.004,79.037,126.074
1785989144,449353271,1785989144,449353271,58.474,5,848,480,58.067,57.42,2.654,54.766,18.301,9.801,20.418,6.246,36.465,0.643,0.003,59.785,117.889
1785989144,516008057,1785989144,516008057,43.488,5,848,480,43.086,42.32,1.896,40.424,8.8,9.857,17.498,4.27,31.624,0.762,0.003,51.6,94.726
1785989144,616015381,1785989144,616015381,91.836,5,848,480,39.124,38.441,1.549,36.892,6.695,8.557,17.311,4.329,30.198,0.68,0.003,47.404,86.554
1785989144,682837402,1785989144,682837402,65.532,5,848,480,39.062,38.307,0.988,37.319,6.523,8.409,17.246,5.141,30.796,0.752,0.003,46.175,85.264
1785989144,749660645,1785989144,749660645,69.593,5,848,480,40.182,39.436,1.785,37.651,7.383,8.667,17.308,4.294,30.268,0.744,0.003,47.823,88.031
1785989144,816485107,1785989144,816485107,68.476,5,848,480,43.745,43.03,1.008,42.022,6.791,8.503,17.123,9.605,35.231,0.712,0.003,45.92,89.699
1785989144,883310791,1785989144,883310791,63.1,5,848,480,40.473,39.76,0.826,38.934,7.221,8.543,17.164,6.006,31.712,0.71,0.003,45.46,85.961
1785989144,916723877,1785989144,916723877,67.391,5,848,480,59.335,58.552,0.812,57.74,22.556,12.188,17.032,5.965,35.184,0.779,0.004,60.587,119.938
1785989144,983551270,1785989144,983551270,62.515,5,848,480,54.723,53.956,6.369,47.587,16.207,9.035,16.71,5.634,31.38,0.763,0.004,60.868,115.628
1785989145,50379639,1785989145,50379639,68.337,5,848,480,67.928,67.076,4.715,62.361,20.029,17.668,18.291,6.373,42.332,0.849,0.004,49.167,117.133
1785989145,117209229,1785989145,117209229,69.487,5,848,480,61.928,60.852,0.934,59.917,26.446,11.243,17.194,5.034,33.472,1.072,0.004,57.841,119.796
1785989145,217456055,1785989145,217456055,75.946,5,848,480,50.105,49.073,0.977,48.096,10.734,10.126,18.377,8.859,37.362,1.027,0.005,45.372,95.495
1785989145,250872070,1785989145,250872070,55.362,5,848,480,54.906,54.247,1.983,52.263,19.035,10.315,17.141,5.772,33.228,0.656,0.003,62.493,117.429
1785989145,317705078,1785989145,317705078,41.415,5,848,480,40.748,39.969,0.905,39.064,7.637,9.921,17.488,4.017,31.427,0.775,0.003,51.232,92.019
1785989145,417957031,1785989145,417957031,95.779,5,848,480,42.13,41.389,2.131,39.258,6.98,8.47,18.472,5.337,32.279,0.738,0.003,45.388,87.544
1785989145,484792969,1785989145,484792969,65.536,5,848,480,41.905,41.159,1.046,40.113,8.251,8.63,19.411,3.82,31.862,0.741,0.004,44.314,86.248
1785989145,551630127,1785989145,551630127,73.298,5,848,480,48.648,47.62,0.999,46.621,6.847,8.1,21.473,10.201,39.774,1.023,0.005,44.032,92.722
1785989145,585049072,1785989145,585049072,54.98,5,848,480,54.517,53.74,1.12,52.62,17.11,13.149,16.935,5.426,35.509,0.774,0.003,59.712,114.265
1785989145,651802490,1785989145,651802490,58.201,5,848,480,57.81,56.212,2.145,54.067,12.786,19.025,17.024,5.232,41.281,1.591,0.007,47.868,107.17
1785989145,685137939,1785989145,685137939,43.827,5,848,480,41.687,40.878,1.607,39.27,8.423,8.931,17.119,4.798,30.848,0.806,0.004,74.482,116.206
1785989145,785142578,1785989145,785142578,67.612,5,848,480,40.488,39.683,2.669,37.014,6.784,8.409,17.154,4.667,30.23,0.802,0.004,43.299,83.813
1785989145,851811523,1785989145,851811523,70.194,5,848,480,43.524,42.798,1.176,41.622,7.657,8.594,21.369,4.002,33.965,0.722,0.004,43.789,87.341
1785989145,918479248,1785989145,918479248,64.754,5,848,480,40.735,39.993,1.82,38.173,7.263,8.786,17.246,4.878,30.91,0.739,0.003,44.664,85.423
1785989145,985146240,1785989145,985146240,65.942,5,848,480,39.746,38.991,1.624,37.367,6.507,8.622,17.498,4.741,30.861,0.751,0.003,44.974,84.698
1785989146,51812500,1785989146,51812500,71.803,5,848,480,46.052,45.332,1.955,43.377,11.549,8.732,17.519,5.577,31.828,0.717,0.003,43.758,89.836
1785989146,85145264,1785989146,85145264,63.803,5,848,480,63.257,62.538,2.038,60.5,22.525,15.122,17.557,5.296,37.975,0.715,0.004,57.013,120.311
1785989146,151810059,1785989146,151810059,65.186,5,848,480,64.761,64.087,0.92,63.167,18.595,19.716,16.998,7.859,44.572,0.67,0.003,54.028,118.826
1785989146,218474121,1785989146,218474121,47.612,5,848,480,47.216,46.208,0.932,45.275,10.831,12.772,17.518,4.154,34.444,1.003,0.005,52.521,99.868
1785989146,285137207,1785989146,285137207,63.286,5,848,480,40.84,40.14,2.409,37.731,7.049,9.125,17.497,4.06,30.682,0.697,0.003,55.534,96.399
1785989146,351799316,1785989146,351799316,59.739,5,848,480,40.644,39.924,1.046,38.878,8.68,8.677,17.424,4.097,30.198,0.717,0.003,48.808,89.477
1785989146,418460693,1785989146,418460693,63.126,5,848,480,42.226,41.468,2.528,38.94,8.759,8.41,17.264,4.506,30.181,0.754,0.003,43.688,85.939
1785989146,485121094,1785989146,485121094,65.784,5,848,480,40.762,39.934,1.144,38.79,8.233,8.733,17.144,4.68,30.557,0.825,0.003,44.274,85.078
1785989146,551780762,1785989146,551780762,72.408,5,848,480,44.543,43.743,1.69,42.052,7.319,9.524,20.863,4.346,34.734,0.797,0.004,46.242,90.814
1785989146,685333496,1785989146,685333496,154.271,5,848,480,62.366,61.596,2.05,59.545,13.607,10.439,24.303,11.196,45.938,0.767,0.004,49.139,111.531
1785989146,718781494,1785989146,718781494,79.893,5,848,480,76.552,75.677,2.163,73.514,16.923,19.041,20.071,17.479,56.591,0.871,0.004,81.396,157.982
1785989146,785679443,1785989146,785679443,71.022,5,848,480,70.555,69.696,4.64,65.056,20.777,9.334,17.746,17.199,44.279,0.855,0.004,91.505,162.107
1785989146,886032471,1785989146,886032471,46.847,5,848,480,46.409,45.708,1.513,44.195,10.215,9.814,17.593,6.573,33.98,0.696,0.005,62.146,108.619
1785989146,919485107,1785989146,919485107,68.841,5,848,480,64.657,63.939,8.871,55.067,18.111,14.808,17.202,4.946,36.956,0.715,0.004,79.31,143.98
1785989146,952938477,1785989146,952938477,69.051,5,848,480,52.47,51.434,2.113,49.321,13.016,9.801,17.444,9.06,36.304,1.031,0.005,127.084,179.595
1785989147,53303223,1785989147,53303223,72.532,5,848,480,68.525,67.696,4.006,63.69,17.926,20.823,17.387,7.554,45.764,0.824,0.005,83.219,151.756
1785989147,153675049,1785989147,153675049,67.941,5,848,480,60.803,60.021,2.421,57.6,15.944,14.385,17.315,9.956,41.656,0.778,0.004,58.489,119.312
1785989147,220593506,1785989147,220593506,65.004,5,848,480,63.653,62.915,0.905,62.01,22.141,15.845,17.323,6.701,39.869,0.733,0.004,53.762,117.409
1785989147,287515381,1785989147,287515381,52.438,5,848,480,51.975,50.913,1.031,49.882,8.774,18.781,17.087,5.24,41.108,1.056,0.006,50.903,102.943
1785989147,320977295,1785989147,320977295,55.959,5,848,480,51.842,51.042,11.374,39.668,9.328,9.103,17.233,4.004,30.34,0.796,0.003,73.55,125.412
1785989147,387903564,1785989147,387903564,53.645,5,848,480,53.172,52.413,0.839,51.574,9.063,18.441,16.762,7.309,42.512,0.756,0.003,58.919,112.13
1785989147,454833252,1785989147,454833252,45.027,5,848,480,43.465,42.71,0.92,41.791,9.647,10.454,17.515,4.175,32.143,0.751,0.004,46.733,90.23
1785989147,521765869,1785989147,521765869,61.011,5,848,480,39.989,39.241,1.917,37.323,6.714,8.624,17.72,4.267,30.61,0.745,0.003,44.292,84.306
1785989147,588701660,1785989147,588701660,65.196,5,848,480,39.75,39.023,0.944,38.078,7.276,8.913,17.38,4.509,30.802,0.725,0.003,42.796,82.565
1785989147,655572266,1785989147,655572266,68.818,5,848,480,41.997,41.321,2.091,39.229,8.456,8.972,17.584,4.217,30.773,0.673,0.003,42.545,84.513
1785989147,722381348,1785989147,722381348,69.282,5,848,480,45.038,44.191,2.073,42.117,6.984,8.676,19.528,6.928,35.133,0.843,0.004,41.926,87.036
1785989147,755786133,1785989147,755786133,59.886,5,848,480,59.411,58.63,0.973,57.657,20.838,13.942,16.723,6.154,36.819,0.777,0.004,54.019,113.469
1785989147,822596436,1785989147,822596436,41.233,5,848,480,40.835,40.087,0.93,39.157,7.366,10.192,17.49,4.109,31.791,0.745,0.003,47.016,87.89
1785989147,889407471,1785989147,889407471,63.411,5,848,480,40.064,39.342,2.271,37.071,6.782,8.466,17.498,4.325,30.288,0.719,0.003,44.4,84.49
1785989147,956219727,1785989147,956219727,67.055,5,848,480,43.252,42.36,2.494,39.866,6.702,8.49,18.453,6.221,33.164,0.888,0.005,41.457,84.744
1785989147,989625977,1785989147,989625977,60.129,5,848,480,57.542,56.688,2.449,54.24,21.79,10.287,16.745,5.418,32.45,0.849,0.005,53.885,111.49
1785989148,56439453,1785989148,56439453,69.556,5,848,480,53.122,52.436,4.69,47.746,12.146,12.767,17.201,5.632,35.6,0.682,0.003,61.049,114.193
1785989148,123253662,1785989148,123253662,66.413,5,848,480,65.844,64.806,0.81,63.997,9.495,21.283,18.609,14.61,54.501,1.032,0.005,47.916,113.834
1785989148,190068604,1785989148,190068604,67.633,5,848,480,65.837,64.915,1.155,63.76,18.711,16.398,16.946,11.705,45.049,0.917,0.005,48.76,114.64
1785989148,256884766,1785989148,256884766,68.42,5,848,480,67.516,66.681,1.124,65.557,23.126,13.951,17.249,11.231,42.432,0.83,0.004,48.667,116.223
1785989148,323701660,1785989148,323701660,63.291,5,848,480,62.841,62.153,1.074,61.08,10.174,24.162,16.828,9.916,50.906,0.684,0.003,49.812,112.692
1785989148,390519287,1785989148,390519287,44.075,5,848,480,42.391,41.653,1.007,40.646,9.544,9.694,17.418,3.99,31.103,0.735,0.003,47.573,89.951
1785989148,457338135,1785989148,457338135,59.854,5,848,480,39.909,39.173,1.817,37.356,6.852,8.641,17.681,4.182,30.504,0.733,0.003,43.125,82.997
1785989148,524157471,1785989148,524157471,66.228,5,848,480,42.606,41.861,1.563,40.298,6.822,8.546,20.729,4.201,33.476,0.742,0.003,39.76,82.392
1785989148,590978027,1785989148,590978027,65.026,5,848,480,40.361,39.688,2.043,37.645,6.852,9.21,17.3,4.283,30.793,0.67,0.003,40.211,80.596
1785989148,657705322,1785989148,657705322,69.018,5,848,480,42.515,41.743,1.82,39.923,6.912,8.645,20.337,4.029,33.011,0.769,0.003,40.349,82.999
1785989148,724339844,1785989148,724339844,63.344,5,848,480,40.408,39.735,1.523,38.212,6.983,8.528,17.405,5.295,31.229,0.67,0.003,39.164,79.597
1785989148,790973145,1785989148,790973145,67.629,5,848,480,40.654,39.945,2.027,37.918,6.771,8.504,18.308,4.336,31.147,0.706,0.003,39.915,80.591
1785989148,857604980,1785989148,857604980,65.768,5,848,480,41.414,40.687,2.045,38.642,7.708,8.656,17.095,5.182,30.934,0.724,0.004,38.292,79.745
1785989148,924235107,1785989148,924235107,65.726,5,848,480,40.532,39.317,2.107,37.21,7.784,8.177,17.034,4.215,29.426,1.208,0.006,38.273,78.858
1785989148,990864258,1785989148,990864258,70.551,5,848,480,41.022,40.325,2.036,38.289,8.125,8.522,17.417,4.225,30.164,0.694,0.003,41.703,82.752
1785989149,57491699,1785989149,57491699,71.28,5,848,480,47.301,46.571,1.929,44.641,9.507,8.685,18.569,7.88,35.134,0.726,0.004,40.079,87.402
1785989149,90804932,1785989149,90804932,66.379,5,848,480,61.233,60.445,4.689,55.756,19.71,10.647,20.668,4.731,36.046,0.784,0.004,59.214,120.465
1785989149,157430420,1785989149,157430420,58.745,5,848,480,58.032,57.269,1.061,56.209,14.061,17.915,16.958,7.275,42.148,0.76,0.003,54.52,112.585
1785989149,190742432,1785989149,190742432,45.181,5,848,480,44.769,44.019,0.919,43.1,11.131,9.614,17.671,4.683,31.969,0.747,0.003,79.647,124.451
1785989149,257365723,1785989149,257365723,54.188,5,848,480,53.808,53.099,0.693,52.406,11.088,16.343,17.145,7.83,41.318,0.706,0.003,58.172,112.016
1785989149,323987549,1785989149,323987549,55.451,5,848,480,55.022,54.076,1.926,52.15,13.49,16.991,16.762,4.908,38.661,0.939,0.006,45.791,101.129
1785989149,390608154,1785989149,390608154,56.582,5,848,480,42.285,41.519,3.343,38.176,7.163,9.532,17.509,3.972,31.013,0.762,0.004,48.503,90.811
1785989149,457227051,1785989149,457227051,62.348,5,848,480,40.842,40.066,2.673,37.393,6.878,8.71,17.698,4.107,30.515,0.772,0.004,45.678,86.543
1785989149,523844727,1785989149,523844727,63.697,5,848,480,40.008,39.264,1.686,37.578,7.148,8.667,17.342,4.421,30.43,0.74,0.004,43.587,83.622
1785989149,590460938,1785989149,590460938,67.44,5,848,480,42.569,41.819,2.223,39.596,7.046,8.565,19.92,4.065,32.55,0.746,0.004,41.855,84.445
1785989149,657087402,1785989149,657087402,75.07,5,848,480,49.081,48.279,1.943,46.336,6.972,9.126,26.224,4.014,39.364,0.798,0.003,43.779,92.888
1785989149,690404297,1785989149,690404297,51.265,5,848,480,50.792,50.1,0.87,49.231,8.468,12.306,16.835,11.622,40.763,0.689,0.003,60.005,110.832
1785989149,757037109,1785989149,757037109,41.126,5,848,480,40.562,39.819,0.808,39.01,8.705,8.735,17.533,4.037,30.305,0.74,0.003,44.73,85.329
1785989149,823668701,1785989149,823668701,65.118,5,848,480,39.327,38.59,1.841,36.749,6.797,8.355,17.288,4.309,29.952,0.734,0.003,44.462,83.816
1785989149,890298828,1785989149,890298828,68.731,5,848,480,42.308,41.376,1.621,39.755,6.721,8.537,20.417,4.08,33.034,0.929,0.003,43.584,85.917
1785989149,956927490,1785989149,956927490,65.662,5,848,480,42.227,40.972,1.52,39.452,7.499,8.39,17.437,6.124,31.952,1.251,0.004,42.696,84.948
1785989150,23554688,1785989150,23554688,74.063,5,848,480,50.266,49.414,1.633,47.781,6.91,8.788,17.11,14.974,40.871,0.848,0.004,42.092,92.389
1785989150,90180420,1785989150,90180420,61.846,5,848,480,45.051,44.272,2.093,42.179,8.506,10.246,17.28,6.147,33.674,0.777,0.003,42.529,87.604
1785989150,123492676,1785989150,123492676,75.211,5,848,480,71.183,70.359,2.169,68.191,17.002,24.588,22.299,4.302,51.189,0.819,0.005,58.298,129.512
1785989150,190116455,1785989150,190116455,81.314,5,848,480,80.839,79.969,1.515,78.454,34.998,20.53,16.941,5.985,43.456,0.865,0.004,63.32,144.204
1785989150,290049316,1785989150,290049316,70.203,5,848,480,67.966,67.206,1.035,66.171,19.099,16.292,16.558,14.223,47.072,0.757,0.004,46.473,114.462
1785989150,356669434,1785989150,356669434,70.473,5,848,480,70.028,69.349,0.817,68.531,20.925,18.341,23.769,5.497,47.607,0.676,0.004,48.251,118.317
1785989150,423288086,1785989150,423288086,53.951,5,848,480,53.477,52.006,0.825,51.181,18.365,10.89,16.6,5.326,32.816,1.467,0.005,52.136,105.662
1785989150,456596924,1785989150,456596924,53.844,5,848,480,40.878,40.109,1.25,38.86,7.401,9.799,17.516,4.144,31.459,0.765,0.004,85.3,126.186
1785989150,523213379,1785989150,523213379,55.359,5,848,480,54.955,54.303,0.841,53.462,9.725,14.778,17.077,11.883,43.737,0.649,0.003,59.935,114.925
1785989150,589828613,1785989150,589828613,65.555,5,848,480,65.127,64.426,0.897,63.529,18.031,22.628,16.736,6.134,45.498,0.697,0.003,48.703,113.869
1785989150,656495605,1785989150,656495605,41.057,5,848,480,39.557,38.864,0.994,37.87,7.905,8.929,17.202,3.834,29.965,0.69,0.003,48.668,88.258
1785989150,723213623,1785989150,723213623,66.606,5,848,480,43.776,43.049,2.14,40.909,6.934,8.365,18.804,6.806,33.975,0.724,0.003,44.345,88.148
1785989150,789932617,1785989150,789932617,60.571,5,848,480,39.215,38.546,1.229,37.317,7.648,8.079,17.169,4.421,29.669,0.666,0.003,42.758,81.998
1785989150,856652344,1785989150,856652344,68.929,5,848,480,40.93,40.163,1.203,38.96,6.749,8.557,17.223,6.431,32.211,0.765,0.003,43.25,84.204
1785989150,923372803,1785989150,923372803,66.01,5,848,480,40.144,39.444,1.811,37.633,7.014,8.416,17.449,4.755,30.619,0.697,0.004,43.328,83.497
1785989150,990094238,1785989150,990094238,67.281,5,848,480,41.064,40.391,1.961,38.43,8.204,8.491,17.303,4.431,30.225,0.669,0.003,42.97,84.057
1785989151,56816162,1785989151,56816162,84.541,5,848,480,58.334,57.276,1.026,56.249,11.446,22.399,17.406,4.998,44.804,1.052,0.006,43.521,101.895
1785989151,90177734,1785989151,90177734,57.193,5,848,480,51.795,50.94,1.885,49.054,17.247,9.876,17.303,4.629,31.808,0.852,0.003,73.884,125.706
1785989151,156900879,1785989151,156900879,58.265,5,848,480,39.748,39.077,1.32,37.757,7.49,8.822,17.307,4.138,30.268,0.668,0.003,77.486,117.248
1785989151,256987549,1785989151,256987549,72.101,5,848,480,44.51,43.712,3.147,40.565,8.312,9.004,17.821,5.429,32.253,0.792,0.006,44.732,89.285
1785989151,290350098,1785989151,290350098,64.012,5,848,480,63.306,62.539,1.127,61.412,22.295,14.959,20.225,3.933,39.117,0.764,0.003,56.57,119.914
1785989151,357075928,1785989151,357075928,43.57,5,848,480,43.115,42.119,0.903,41.216,9.888,10.055,17.014,4.259,31.328,0.992,0.004,53.657,96.771
1785989151,423802490,1785989151,423802490,60.572,5,848,480,40.696,39.942,0.908,39.034,6.852,10.547,17.642,3.993,32.182,0.751,0.003,49.884,90.605
1785989151,490529785,1785989151,490529785,64.801,5,848,480,40.599,39.861,1.881,37.98,7.439,9.165,17.288,4.088,30.542,0.735,0.003,48.052,88.678
1785989151,557258057,1785989151,557258057,64.575,5,848,480,39.581,38.876,1.746,37.13,6.729,8.621,17.607,4.174,30.401,0.702,0.003,46.92,86.584
1785989151,623986816,1785989151,623986816,63.585,5,848,480,40.286,39.544,1.784,37.759,7.49,8.56,17.448,4.262,30.269,0.739,0.003,43.067,83.38
1785989151,690634766,1785989151,690634766,72.652,5,848,480,41.779,41.033,0.957,40.075,9.157,9.209,17.416,4.294,30.919,0.743,0.003,47.586,89.386
1785989151,790604248,1785989151,790604248,94.491,5,848,480,41.777,41.084,1.641,39.443,6.736,8.581,19.918,4.207,32.707,0.689,0.004,42.102,83.905
1785989151,857249023,1785989151,857249023,67.736,5,848,480,41.852,41.002,1.82,39.183,6.868,8.493,19.975,3.847,32.315,0.847,0.003,43.119,84.997
1785989151,923892822,1785989151,923892822,82.949,5,848,480,45.453,44.284,1.04,43.244,7.487,13.633,17.4,4.724,35.757,1.162,0.006,55.832,101.346
1785989151,957214111,1785989151,957214111,59.479,5,848,480,58.534,57.679,1.806,55.873,16.177,16.748,17.638,5.311,39.697,0.851,0.004,68.898,127.465
1785989152,23856201,1785989152,23856201,85.96,5,848,480,85.548,84.548,1.055,83.494,14.841,44.065,17.906,6.681,68.653,0.995,0.005,61.191,146.794
1785989152,90496826,1785989152,90496826,117.9,5,848,480,117.426,116.426,5.09,111.336,44.586,32.856,22.75,11.144,66.75,0.993,0.007,80.577,198.062
1785989152,157136475,1785989152,157136475,119.552,5,848,480,72.493,71.685,14.018,57.667,18.473,10.241,17.107,11.846,39.194,0.803,0.004,189.79,250.988
1785989152,357047852,1785989152,357047852,67.999,5,848,480,67.498,66.748,1.223,65.525,10.204,22.717,16.928,15.676,55.321,0.747,0.003,51.5,119.056
1785989152,423682861,1785989152,423682861,75.312,5,848,480,73.568,72.846,1.529,71.317,23.39,19.298,23.748,4.881,47.927,0.718,0.003,54.124,127.72
1785989152,490316406,1785989152,490316406,58.498,5,848,480,58.065,57.324,1.243,56.081,24.214,9.031,17.276,5.561,31.867,0.737,0.003,61.474,119.575
1785989152,556948975,1785989152,556948975,59.376,5,848,480,58.983,57.479,1.436,56.043,18.598,12.826,16.747,7.873,37.445,1.498,0.006,53.301,112.342
1785989152,623581055,1785989152,623581055,47.527,5,848,480,45.837,45.04,2.253,42.788,11.715,9.558,17.432,4.083,31.073,0.792,0.004,47.347,93.217
1785989152,656906738,1785989152,656906738,57.468,5,848,480,57.064,56.336,0.884,55.452,14.847,12.04,24.095,4.47,40.605,0.726,0.003,60.255,117.356
1785989152,723557373,1785989152,723557373,45.47,5,848,480,45.058,44.298,0.838,43.459,7.334,13.923,17.317,4.886,36.126,0.757,0.003,51.081,96.179
1785989152,756882080,1785989152,756882080,53.289,5,848,480,51.329,50.605,1.922,48.683,11.307,9.515,17.408,10.452,37.375,0.721,0.003,64.793,116.139
1785989152,823530762,1785989152,823530762,42.821,5,848,480,42.429,41.622,3.049,38.573,7.38,9.637,17.392,4.164,31.193,0.804,0.003,49.845,92.313
1785989152,890178467,1785989152,890178467,63.034,5,848,480,39.264,38.579,1.655,36.924,6.612,8.681,17.568,4.063,30.312,0.682,0.003,49.412,88.699
1785989152,956824951,1785989152,956824951,63.281,5,848,480,40.675,39.848,1.952,37.897,7.06,8.611,17.357,4.869,30.837,0.822,0.004,44.639,85.338
1785989153,23470215,1785989153,23470215,83.626,5,848,480,57.905,56.776,1.338,55.439,8.466,8.454,17.153,21.366,46.973,1.123,0.006,44.386,102.382
1785989153,56792480,1785989153,56792480,59.855,5,848,480,59.163,58.44,1.15,57.29,22.122,12.781,18.006,4.381,35.168,0.719,0.004,69.652,128.853
1785989153,123436279,1785989153,123436279,56.317,5,848,480,55.806,55.024,0.92,54.105,16.629,11.685,20.133,5.658,37.476,0.778,0.003,62.685,118.522
1785989153,190078613,1785989153,190078613,65.187,5,848,480,43.71,42.246,2.143,40.103,7.114,8.783,17.367,6.839,32.989,1.459,0.006,73.344,117.085
1785989153,290040283,1785989153,290040283,88.085,5,848,480,58.425,57.686,9.728,47.958,8.694,15.43,17.363,6.471,39.264,0.725,0.014,46.752,105.205
1785989153,323360107,1785989153,323360107,53.059,5,848,480,52.641,51.973,4.068,47.905,14.463,11.129,17.353,4.96,33.442,0.665,0.003,72.248,124.929
1785989153,389999268,1785989153,389999268,61.059,5,848,480,60.615,59.933,0.915,59.018,23.291,10.988,17.158,7.581,35.727,0.679,0.003,58.694,119.367
1785989153,456637207,1785989153,456637207,42.578,5,848,480,42.157,41.474,0.965,40.51,9.088,9.918,17.158,4.346,31.422,0.679,0.003,53.092,95.288
1785989153,523273926,1785989153,523273926,67.549,5,848,480,40.72,40.024,0.844,39.181,8.174,9.801,17.234,3.971,31.006,0.692,0.003,55.455,96.2
1785989153,589909668,1785989153,589909668,60.766,5,848,480,38.308,37.582,0.809,36.773,6.758,8.8,17.321,3.894,30.015,0.723,0.003,51.998,90.33
1785989153,656598633,1785989153,656598633,63.272,5,848,480,40.213,39.41,1.699,37.711,7.31,8.147,17.764,4.49,30.401,0.799,0.004,46.677,86.923
1785989153,723340820,1785989153,723340820,68.003,5,848,480,41.495,40.726,1.001,39.725,6.931,8.296,17.632,6.866,32.793,0.767,0.003,46.653,88.176
1785989153,790084473,1785989153,790084473,64.657,5,848,480,40.767,40.064,2.161,37.903,7.598,8.345,17.222,4.738,30.305,0.699,0.003,45.303,86.098
1785989153,856829590,1785989153,856829590,64.075,5,848,480,39.102,38.068,1.649,36.419,6.732,8.225,17.058,4.404,29.688,1.029,0.005,44.291,83.438
1785989153,923575684,1785989153,923575684,67.761,5,848,480,40.543,39.816,1.876,37.94,6.768,8.494,17.208,5.471,31.173,0.724,0.003,43.864,84.432
1785989153,990323242,1785989153,990323242,67.0,5,848,480,40.38,39.667,1.565,38.102,6.893,8.577,17.265,5.367,31.208,0.711,0.003,44.277,84.752
1785989154,57072021,1785989154,57072021,98.934,5,848,480,72.95,72.033,3.069,68.963,28.085,15.564,16.844,8.471,40.879,0.913,0.004,43.9,116.873
1785989154,123822266,1785989154,123822266,65.733,5,848,480,65.296,64.583,4.199,60.384,21.457,17.076,16.856,4.994,38.927,0.708,0.005,50.52,115.865
1785989154,190573730,1785989154,190573730,54.274,5,848,480,51.445,50.576,2.803,47.773,15.622,10.454,16.984,4.714,32.152,0.865,0.005,51.904,103.387
1785989154,223949707,1785989154,223949707,60.616,5,848,480,42.611,41.923,1.326,40.598,7.448,10.36,18.497,4.293,33.15,0.684,0.003,87.979,130.616
1785989154,324080322,1785989154,324080322,60.593,5,848,480,41.183,40.413,0.964,39.449,6.917,11.132,17.386,4.014,32.532,0.766,0.004,49.876,91.078
1785989154,390835693,1785989154,390835693,63.248,5,848,480,40.383,39.696,2.812,36.884,6.947,8.575,17.41,3.953,29.937,0.684,0.003,47.163,87.569
1785989154,457592041,1785989154,457592041,64.134,5,848,480,39.725,38.948,1.795,37.153,6.778,8.498,17.175,4.703,30.375,0.774,0.003,45.198,84.947
1785989154,524350098,1785989154,524350098,70.482,5,848,480,43.42,42.652,1.845,40.808,6.978,8.44,21.287,4.103,33.83,0.764,0.003,45.227,88.67
1785989154,591109131,1785989154,591109131,63.083,5,848,480,40.135,39.462,1.012,38.45,7.835,8.84,17.242,4.533,30.615,0.67,0.003,44.834,84.994
1785989154,657821777,1785989154,657821777,65.877,5,848,480,40.682,40.003,1.817,38.186,6.897,8.673,17.138,5.478,31.29,0.676,0.003,43.45,84.157
1785989154,724487549,1785989154,724487549,68.894,5,848,480,42.382,41.685,1.567,40.118,6.911,8.453,20.632,4.122,33.207,0.694,0.003,43.978,86.388
1785989154,791152344,1785989154,791152344,67.088,5,848,480,42.215,41.446,1.815,39.631,7.36,8.695,19.424,4.152,32.271,0.766,0.003,44.621,86.809
1785989154,857816406,1785989154,857816406,65.161,5,848,480,40.504,39.786,1.029,38.758,7.765,8.868,17.513,4.612,30.993,0.715,0.003,44.776,85.306
1785989154,924479492,1785989154,924479492,66.027,5,848,480,39.879,39.212,1.584,37.628,6.844,8.431,17.205,5.148,30.783,0.664,0.003,44.768,84.739
1785989154,991141846,1785989154,991141846,67.598,5,848,480,40.52,39.623,0.808,38.815,7.986,8.637,17.239,4.952,30.829,0.893,0.004,45.061,85.611
1785989155,57803223,1785989155,57803223,105.564,5,848,480,68.812,67.962,2.066,65.896,14.781,23.548,17.501,10.066,51.115,0.847,0.003,55.677,124.514
1785989155,124463623,1785989155,124463623,79.052,5,848,480,78.639,77.264,5.757,71.507,26.058,12.16,17.029,16.261,45.45,1.368,0.006,58.224,136.926
1785989155,191123535,1785989155,191123535,57.91,5,848,480,52.703,52.023,1.673,50.35,12.392,16.228,17.023,4.706,37.957,0.677,0.003,75.417,128.149
1785989155,257782227,1785989155,257782227,57.824,5,848,480,52.468,51.798,2.485,49.313,18.659,9.045,17.202,4.407,30.654,0.667,0.003,66.822,119.314
1785989155,324440186,1785989155,324440186,42.78,5,848,480,42.375,41.627,0.895,40.733,10.156,9.365,17.201,4.011,30.577,0.745,0.003,53.023,95.438
1785989155,391097412,1785989155,391097412,61.015,5,848,480,39.754,38.946,1.757,37.189,6.902,8.623,17.593,4.071,30.287,0.805,0.003,50.015,89.796
1785989155,457753662,1785989155,457753662,65.102,5,848,480,40.062,39.377,1.097,38.28,8.105,8.631,17.571,3.973,30.175,0.682,0.003,48.153,88.241
1785989155,524409180,1785989155,524409180,64.033,5,848,480,38.903,38.131,1.661,36.47,7.049,8.145,17.127,4.149,29.421,0.769,0.003,46.689,85.615
1785989155,591063721,1785989155,591063721,73.185,5,848,480,46.847,46.122,1.979,44.143,7.404,8.546,20.254,7.939,36.738,0.721,0.004,45.276,92.158
1785989155,624391113,1785989155,624391113,57.378,5,848,480,56.816,55.797,2.824,52.973,18.995,12.1,17.718,4.16,33.978,1.014,0.006,59.349,116.214
1785989155,691063477,1785989155,691063477,64.964,5,848,480,64.295,63.615,1.171,62.443,26.085,10.257,16.823,9.278,36.358,0.677,0.003,50.16,114.488
1785989155,757734863,1785989155,757734863,60.27,5,848,480,59.774,58.578,1.86,56.718,15.394,18.751,16.634,5.939,41.324,1.19,0.006,48.279,108.114
1785989155,791070313,1785989155,791070313,49.276,5,848,480,47.267,46.589,8.214,38.375,7.642,8.938,17.705,4.091,30.733,0.675,0.003,76.731,124.027
1785989155,857740723,1785989155,857740723,40.693,5,848,480,40.22,39.493,0.869,38.624,7.458,9.434,17.671,4.06,31.166,0.723,0.003,57.793,98.051
1785989155,924410400,1785989155,924410400,61.438,5,848,480,39.599,38.912,1.671,37.242,6.829,8.899,17.401,4.112,30.413,0.683,0.003,53.194,92.818
1785989156,24413574,1785989156,24413574,101.573,5,848,480,47.936,47.09,0.794,46.296,15.636,8.456,17.217,4.987,30.66,0.842,0.004,46.428,94.391
1785989156,57747559,1785989156,57747559,59.253,5,848,480,52.159,51.242,1.02,50.223,13.64,13.407,17.363,5.813,36.582,0.912,0.004,68.126,120.314
1785989156,124415283,1785989156,124415283,68.375,5,848,480,67.94,67.284,4.468,62.816,27.438,9.057,17.456,8.865,35.378,0.652,0.003,54.038,122.011
1785989156,191082031,1785989156,191082031,55.057,5,848,480,54.429,51.132,1.91,49.223,16.576,9.322,16.69,6.635,32.647,3.288,0.008,55.943,110.446
1785989156,257748291,1785989156,257748291,73.991,5,848,480,56.672,56.003,0.974,55.028,16.289,12.675,16.961,9.103,38.739,0.666,0.003,61.035,117.729
1785989156,324413574,1785989156,324413574,45.077,5,848,480,40.764,39.974,2.258,37.716,6.796,9.705,17.22,3.995,30.92,0.787,0.003,55.353,96.145
1785989156,424410400,1785989156,424410400,90.063,5,848,480,39.192,38.344,1.611,36.733,6.608,8.119,17.274,4.732,30.125,0.845,0.003,46.992,86.21
1785989156,491074219,1785989156,491074219,64.901,5,848,480,39.533,38.568,1.507,37.061,7.455,8.471,17.096,4.039,29.606,0.96,0.005,44.889,84.47
1785989156,557737305,1785989156,557737305,68.988,5,848,480,40.566,39.851,1.617,38.234,7.247,8.306,17.523,5.158,30.987,0.712,0.003,46.178,86.772
1785989156,624399902,1785989156,624399902,66.792,5,848,480,39.901,39.172,1.094,38.078,7.84,8.357,17.121,4.761,30.238,0.726,0.003,46.974,86.9
1785989156,691067627,1785989156,691067627,69.147,5,848,480,42.569,41.881,1.332,40.549,6.901,8.51,21.105,4.033,33.648,0.685,0.003,46.784,89.381
1785989156,757734619,1785989156,757734619,65.654,5,848,480,41.461,40.73,2.112,38.618,6.975,8.076,19.404,4.163,31.643,0.728,0.003,46.88,92.93
1785989156,791067627,1785989156,791067627,65.154,5,848,480,60.148,59.47,0.911,58.559,13.483,15.678,16.764,12.634,45.076,0.674,0.003,60.004,120.187
1785989156,857733398,1785989156,857733398,43.955,5,848,480,39.016,38.342,0.954,37.388,6.63,9.161,17.53,4.067,30.758,0.67,0.003,58.427,97.476
1785989156,957730225,1785989156,957730225,89.83,5,848,480,39.839,39.149,1.809,37.341,6.816,8.538,17.321,4.665,30.525,0.687,0.003,47.445,87.309
1785989157,24393555,1785989157,24393555,74.64,5,848,480,49.35,48.589,2.616,45.974,12.855,8.982,18.499,5.638,33.118,0.757,0.003,45.919,95.29
1785989157,57725098,1785989157,57725098,61.719,5,848,480,61.306,60.494,1.248,59.246,13.358,23.313,17.56,5.015,45.888,0.808,0.004,62.354,123.676
1785989157,91056396,1785989157,91056396,67.305,5,848,480,66.905,66.123,1.017,65.106,26.949,9.052,24.774,4.331,38.157,0.779,0.003,90.703,157.647
1785989157,191048828,1785989157,191048828,68.895,5,848,480,66.244,65.565,3.585,61.981,24.97,15.296,16.833,4.882,37.011,0.676,0.003,60.267,126.546
1785989157,257709229,1785989157,257709229,54.517,5,848,480,54.069,53.269,3.345,49.925,11.937,13.747,17.178,7.062,37.988,0.796,0.004,60.298,114.419
1785989157,324368896,1785989157,324368896,43.282,5,848,480,41.524,40.836,2.323,38.513,7.562,9.116,17.624,4.211,30.951,0.685,0.003,49.584,91.08
1785989157,357698486,1785989157,357698486,60.646,5,848,480,54.273,53.496,3.06,50.435,12.343,12.206,16.766,9.12,38.092,0.774,0.004,64.048,118.346
1785989157,424356934,1785989157,424356934,54.739,5,848,480,54.476,53.349,2.044,51.305,8.776,19.22,18.542,4.767,42.529,0.929,0.198,52.104,106.652
1785989157,457685791,1785989157,457685791,56.711,5,848,480,53.965,53.152,1.139,52.014,18.937,11.772,17.346,3.959,33.077,0.809,0.003,75.822,129.807
1785989157,524343018,1785989157,524343018,56.233,5,848,480,55.847,55.052,1.197,53.855,20.343,10.429,16.968,6.115,33.512,0.792,0.004,63.496,119.387
1785989157,590999268,1785989157,590999268,52.565,5,848,480,52.097,51.268,6.059,45.209,14.373,9.493,16.761,4.582,30.837,0.824,0.005,53.159,105.302
1785989157,624327637,1785989157,624327637,53.502,5,848,480,47.376,46.66,6.21,40.45,10.147,8.699,17.417,4.187,30.302,0.713,0.003,78.081,125.465
1785989157,690994385,1785989157,690994385,44.489,5,848,480,43.992,43.111,0.903,42.208,10.54,9.74,17.489,4.438,31.668,0.876,0.005,59.261,103.297
1785989157,724327393,1785989157,724327393,49.139,5,848,480,47.368,46.606,0.977,45.629,13.793,9.145,17.314,5.377,31.836,0.758,0.003,71.706,119.089
1785989157,757660156,1785989157,757660156,45.476,5,848,480,45.078,44.362,1.041,43.322,7.481,14.018,17.792,4.03,35.84,0.713,0.003,86.12,131.236
1785989157,824325195,1785989157,824325195,46.271,5,848,480,44.749,43.847,1.02,42.827,10.22,9.378,17.469,5.76,32.607,0.897,0.004,66.063,110.863
1785989157,857657471,1785989157,857657471,48.159,5,848,480,47.237,46.475,1.13,45.345,12.177,11.283,17.611,4.274,33.168,0.759,0.003,78.41,125.671
1785989157,924321045,1785989157,924321045,41.481,5,848,480,41.077,40.175,0.863,39.312,7.627,10.501,17.153,4.031,31.686,0.897,0.004,59.373,100.5
1785989157,990984131,1785989157,990984131,84.549,5,848,480,67.201,63.472,1.043,62.429,9.762,15.878,17.947,18.841,52.666,3.722,0.007,51.152,118.397
1785989158,24315186,1785989158,24315186,67.994,5,848,480,67.52,66.568,7.729,58.839,22.011,13.863,17.098,5.867,36.828,0.946,0.005,85.482,153.056
1785989158,124307373,1785989158,124307373,68.691,5,848,480,66.63,65.862,1.12,64.742,27.282,10.283,22.174,5.003,37.46,0.764,0.004,55.084,121.738
1785989158,190967773,1785989158,190967773,54.872,5,848,480,54.397,53.301,0.944,52.356,20.883,9.763,16.987,4.723,31.473,1.09,0.006,55.514,109.973
1785989158,224297852,1785989158,224297852,78.449,5,848,480,76.204,75.3,13.219,62.081,18.494,21.274,17.467,4.846,43.587,0.9,0.004,78.843,155.076
1785989158,257627441,1785989158,257627441,53.866,5,848,480,53.273,52.401,1.006,51.395,9.793,18.367,17.39,5.845,41.602,0.855,0.017,122.304,175.63
1785989158,357615234,1785989158,357615234,61.166,5,848,480,50.346,49.067,6.398,42.669,7.647,12.431,17.554,5.037,35.022,1.274,0.005,86.411,136.793
1785989158,424272705,1785989158,424272705,56.139,5,848,480,55.283,54.518,3.866,50.652,18.041,8.902,19.577,4.132,32.611,0.761,0.003,70.944,126.263
1785989158,490929443,1785989158,490929443,56.799,5,848,480,56.394,55.681,0.935,54.745,16.374,14.949,16.854,6.568,38.371,0.708,0.006,59.973,116.446
1785989158,557585205,1785989158,557585205,51.499,5,848,480,49.946,49.148,1.1,48.048,16.376,10.486,17.168,4.019,31.672,0.794,0.004,51.273,101.253
1785989158,590912842,1785989158,590912842,52.28,5,848,480,51.83,51.048,1.232,49.816,14.48,11.748,17.721,5.867,35.336,0.778,0.004,68.333,120.206
1785989158,657575439,1785989158,657575439,41.924,5,848,480,41.427,40.669,1.21,39.458,8.801,9.155,17.444,4.058,30.657,0.755,0.003,53.998,95.462
1785989158,724244385,1785989158,724244385,63.341,5,848,480,39.524,38.832,0.961,37.87,7.615,8.776,17.578,3.901,30.256,0.69,0.003,52.585,92.132
1785989158,790912598,1785989158,790912598,65.783,5,848,480,39.851,39.132,1.735,37.397,7.041,8.651,17.427,4.278,30.356,0.717,0.003,51.369,91.247
1785989158,857580078,1785989158,857580078,64.115,5,848,480,39.951,39.286,1.863,37.423,6.682,8.699,17.408,4.634,30.741,0.662,0.003,48.718,88.695
1785989158,924246582,1785989158,924246582,67.851,5,848,480,41.904,41.224,2.101,39.123,7.2,8.58,18.96,4.384,31.923,0.677,0.003,48.004,89.879
1785989158,990912598,1785989158,990912598,67.79,5,848,480,43.39,42.641,2.209,40.432,9.139,8.653,17.239,5.402,31.294,0.746,0.003,47.589,91.0
1785989159,57577637,1785989159,57577637,95.796,5,848,480,67.424,66.704,7.845,58.858,14.422,16.436,17.008,10.994,44.437,0.716,0.004,52.688,120.138
1785989159,124241943,1785989159,124241943,67.492,5,848,480,67.086,66.416,1.083,65.333,10.472,21.54,16.735,16.587,54.861,0.667,0.003,53.838,120.967
1785989159,190905518,1785989159,190905518,51.035,5,848,480,50.545,49.501,0.842,48.659,10.39,16.967,16.814,4.488,38.269,1.038,0.006,54.753,105.358
1785989159,224237061,1785989159,224237061,68.152,5,848,480,64.85,63.948,18.091,45.857,8.327,14.391,16.912,6.227,37.53,0.898,0.005,75.372,140.174
1785989159,290899414,1785989159,290899414,49.922,5,848,480,49.098,48.375,1.68,46.695,15.077,8.82,17.396,5.402,31.618,0.721,0.003,74.296,123.413
1785989159,357561035,1785989159,357561035,61.971,5,848,480,61.572,60.865,0.916,59.949,12.188,21.226,17.077,9.457,47.761,0.703,0.004,57.112,118.724
1785989159,424221924,1785989159,424221924,64.576,5,848,480,55.567,46.029,2.054,43.975,7.876,14.785,16.681,4.633,36.099,9.531,0.007,61.053,116.664
1785989159,457552002,1785989159,457552002,41.887,5,848,480,41.363,40.659,0.82,39.839,9.853,8.62,17.485,3.88,29.986,0.701,0.003,83.794,125.195
1785989159,557541504,1785989159,557541504,65.648,5,848,480,42.443,41.716,1.963,39.754,6.833,8.077,20.322,4.522,32.921,0.723,0.004,48.383,90.856
1785989159,624200195,1785989159,624200195,66.21,5,848,480,42.297,41.613,2.243,39.37,7.136,8.621,19.382,4.231,32.234,0.681,0.003,48.082,90.404
1785989159,690866455,1785989159,690866455,64.62,5,848,480,39.371,38.668,1.062,37.606,7.248,8.524,17.264,4.569,30.358,0.699,0.004,48.96,88.369
1785989159,757531982,1785989159,757531982,70.074,5,848,480,40.718,39.933,2.52,37.413,7.237,8.425,17.512,4.238,30.176,0.782,0.003,51.023,91.766
1785989159,824196289,1785989159,824196289,63.992,5,848,480,40.729,39.796,1.946,37.851,6.94,8.487,17.247,5.177,30.911,0.928,0.004,48.339,89.1
1785989159,890860107,1785989159,890860107,67.29,5,848,480,40.226,39.484,2.366,37.119,6.947,8.408,17.275,4.488,30.171,0.739,0.003,49.467,89.719
1785989159,957522949,1785989159,957522949,66.981,5,848,480,41.675,40.935,2.324,38.611,6.872,8.322,17.234,6.183,31.739,0.737,0.003,48.344,90.039
1785989160,24184814,1785989160,24184814,68.935,5,848,480,44.574,43.514,1.684,41.83,9.399,8.541,17.203,6.688,32.432,1.055,0.005,47.71,92.316
1785989160,57515381,1785989160,57515381,86.222,5,848,480,85.584,76.62,8.818,67.802,29.494,15.987,17.541,4.78,38.308,8.958,0.006,59.585,145.224
1785989160,124176025,1785989160,124176025,74.232,5,848,480,71.87,71.145,8.484,62.661,12.922,22.655,17.903,9.18,49.739,0.721,0.004,80.916,152.769
1785989160,224165283,1785989160,224165283,69.811,5,848,480,69.382,68.563,0.911,67.652,17.238,23.314,16.862,10.238,50.414,0.816,0.004,53.174,122.595
1785989160,290823975,1785989160,290823975,42.629,5,848,480,41.291,40.534,1.415,39.119,8.307,9.255,17.484,4.073,30.811,0.754,0.003,57.242,98.566
1785989160,357481445,1785989160,357481445,59.742,5,848,480,41.854,41.165,1.885,39.28,7.878,8.924,17.32,5.157,31.402,0.686,0.003,49.775,91.651
1785989160,424138184,1785989160,424138184,63.213,5,848,480,39.58,38.914,1.56,37.353,7.068,8.484,17.098,4.704,30.285,0.663,0.003,48.6,88.223
1785989160,457466309,1785989160,457466309,53.374,5,848,480,46.579,45.72,2.305,43.414,12.611,9.176,16.898,4.73,30.804,0.854,0.005,61.65,108.266
1785989160,490794189,1785989160,490794189,48.604,5,848,480,47.92,47.217,0.857,46.361,12.295,9.864,17.43,6.772,34.065,0.699,0.003,75.572,123.544
1785989160,557449219,1785989160,557449219,47.701,5,848,480,47.281,46.34,1.066,45.274,8.617,14.372,18.082,4.204,36.657,0.934,0.007,57.258,104.793
1785989160,590776367,1785989160,590776367,54.8,5,848,480,52.335,51.499,1.083,50.416,16.948,9.071,17.803,6.594,33.468,0.831,0.004,73.699,126.051
1785989160,624103760,1785989160,624103760,50.481,5,848,480,49.982,49.101,0.842,48.259,15.316,9.538,18.408,4.997,32.943,0.876,0.005,93.184,143.304
1785989160,690868408,1785989160,690868408,50.534,5,848,480,49.805,48.968,1.293,47.675,17.359,8.663,17.444,4.209,30.316,0.834,0.004,77.135,126.972
1785989160,757634521,1785989160,757634521,53.774,5,848,480,53.313,52.557,2.797,49.76,18.995,9.724,16.848,4.193,30.765,0.752,0.005,60.627,113.992
1785989160,791018311,1785989160,791018311,55.661,5,848,480,53.703,52.915,11.88,41.035,9.146,10.119,17.728,4.042,31.89,0.784,0.004,82.538,136.259
1785989160,857786865,1785989160,857786865,50.654,5,848,480,50.074,49.399,1.141,48.259,16.628,9.613,17.136,4.882,31.631,0.67,0.005,70.035,120.343
1785989160,924556885,1785989160,924556885,46.458,5,848,480,45.762,45.036,1.676,43.36,8.021,14.195,17.185,3.96,35.339,0.724,0.003,54.032,99.829
1785989160,957942627,1785989160,957942627,52.195,5,848,480,50.108,49.254,1.507,47.746,13.096,9.451,17.399,7.8,34.65,0.85,0.005,68.51,120.881
1785989161,24715088,1785989161,24715088,75.525,5,848,480,71.49,70.677,3.637,67.04,20.113,16.838,17.23,12.859,46.926,0.791,0.022,55.883,127.414
1785989161,91489014,1785989161,91489014,61.418,5,848,480,60.991,60.082,7.168,52.914,15.594,13.637,17.209,6.474,37.32,0.903,0.006,61.008,122.154
1785989161,158264648,1785989161,158264648,68.313,5,848,480,66.642,65.886,3.627,62.259,21.565,10.516,17.028,13.151,40.695,0.752,0.003,56.903,123.573
1785989161,225041748,1785989161,225041748,46.713,5,848,480,46.292,45.594,0.882,44.712,11.813,10.115,17.24,5.545,32.899,0.695,0.003,57.179,103.51
1785989161,258430908,1785989161,258430908,51.373,5,848,480,49.743,49.038,0.966,48.072,10.335,14.782,17.225,5.73,37.737,0.702,0.003,71.719,121.492
1785989161,325210449,1785989161,325210449,40.141,5,848,480,39.636,38.904,0.772,38.132,7.392,9.41,17.35,3.981,30.74,0.729,0.003,55.18,94.922
1785989161,391991455,1785989161,391991455,63.704,5,848,480,40.134,39.399,1.617,37.782,6.71,9.482,17.503,4.086,31.072,0.732,0.003,51.617,91.777
1785989161,458773926,1785989161,458773926,63.731,5,848,480,40.019,39.239,1.509,37.729,6.933,8.489,17.179,5.128,30.796,0.777,0.003,48.68,88.728
1785989161,525558105,1785989161,525558105,66.667,5,848,480,39.642,38.855,0.993,37.862,7.441,8.536,17.265,4.619,30.42,0.784,0.003,48.942,88.609
1785989161,592343994,1785989161,592343994,69.383,5,848,480,42.299,41.61,0.95,40.659,6.92,8.938,18.052,6.749,33.739,0.687,0.003,48.882,91.256
1785989161,659082031,1785989161,659082031,66.54,5,848,480,41.671,40.991,1.857,39.133,7.009,8.635,18.699,4.791,32.124,0.677,0.003,49.312,91.009
1785989161,725773438,1785989161,725773438,69.631,5,848,480,44.499,43.799,1.804,41.995,7.046,8.54,17.649,8.759,34.949,0.697,0.003,49.43,94.006
1785989161,759118896,1785989161,759118896,61.17,5,848,480,60.586,59.866,0.872,58.995,26.961,8.541,17.061,6.431,32.033,0.717,0.003,61.147,121.772
1785989161,825809814,1785989161,825809814,48.93,5,848,480,48.514,47.685,0.905,46.78,16.004,9.973,16.864,3.94,30.776,0.825,0.004,55.461,104.021
1785989161,859155273,1785989161,859155273,58.37,5,848,480,52.236,51.554,13.54,38.014,7.007,9.402,17.524,4.081,31.007,0.679,0.003,76.782,129.037
1785989161,925845459,1785989161,925845459,57.567,5,848,480,57.076,56.348,0.88,55.469,23.298,8.728,16.696,6.746,32.171,0.724,0.004,62.801,119.92
1785989161,992535645,1785989161,992535645,42.465,5,848,480,40.92,40.19,0.98,39.21,7.92,9.886,17.363,4.041,31.29,0.726,0.003,54.737,95.701
1785989162,59225342,1785989162,59225342,92.905,5,848,480,59.352,58.129,1.774,56.356,13.219,18.882,17.405,6.85,43.137,1.217,0.005,62.527,121.918
1785989162,92570313,1785989162,92570313,73.931,5,848,480,72.924,72.158,1.392,70.766,24.519,23.73,17.903,4.614,46.247,0.761,0.005,89.535,162.902
1785989162,159259521,1785989162,159259521,67.077,5,848,480,66.172,65.171,1.609,63.562,26.075,14.788,18.249,4.45,37.487,0.997,0.004,96.67,162.884
1785989162,259292969,1785989162,259292969,58.75,5,848,480,56.676,55.982,3.617,52.365,13.677,13.357,16.788,8.544,38.688,0.691,0.003,64.929,121.591
1785989162,325981445,1785989162,325981445,49.397,5,848,480,48.868,47.837,0.896,46.941,16.483,9.573,16.991,3.893,30.457,1.026,0.005,55.397,104.322
1785989162,359325439,1785989162,359325439,58.815,5,848,480,57.291,56.555,2.075,54.48,13.928,13.992,17.34,9.221,40.552,0.734,0.003,72.459,129.789
1785989162,426013672,1785989162,426013672,58.084,5,848,480,57.681,56.951,5.787,51.163,18.448,8.801,16.811,7.103,32.715,0.727,0.003,63.448,121.167
1785989162,492701172,1785989162,492701172,42.002,5,848,480,41.601,40.91,1.083,39.827,8.174,10.078,17.624,3.951,31.653,0.687,0.003,54.843,96.499
1785989162,526044922,1785989162,526044922,61.056,5,848,480,53.065,52.342,2.379,49.963,19.225,8.723,17.173,4.841,30.737,0.719,0.004,71.117,124.197
1785989162,592732178,1785989162,592732178,53.999,5,848,480,53.601,52.683,0.892,51.791,17.722,10.875,17.274,5.92,34.069,0.913,0.005,57.87,111.528
1785989162,626075684,1785989162,626075684,44.939,5,848,480,42.277,41.478,1.366,40.112,8.316,8.908,17.33,5.558,31.796,0.797,0.003,80.816,123.105
1785989162,726228760,1785989162,726228760,67.832,5,848,480,40.826,40.119,1.909,38.21,6.994,8.514,17.323,5.379,31.216,0.703,0.003,49.931,90.781
1785989162,792999268,1785989162,792999268,66.818,5,848,480,41.133,40.366,1.697,38.669,7.231,8.445,17.278,5.715,31.437,0.764,0.004,49.675,90.831
1785989162,859771729,1785989162,859771729,66.011,5,848,480,40.817,40.122,0.855,39.267,8.667,8.38,17.224,4.997,30.601,0.691,0.003,49.229,90.065
1785989162,926545898,1785989162,926545898,64.855,5,848,480,40.858,40.17,1.617,38.553,6.837,8.627,17.279,5.809,31.716,0.684,0.003,47.265,88.316
1785989163,26710449,1785989163,26710449,110.32,5,848,480,50.124,49.238,1.59,47.647,7.914,8.13,17.254,14.349,39.733,0.882,0.004,48.156,98.31
1785989163,60099365,1785989163,60099365,45.928,5,848,480,45.48,44.551,0.973,43.579,12.314,9.902,16.918,4.445,31.265,0.924,0.005,65.326,110.858
1785989163,126878662,1785989163,126878662,76.327,5,848,480,51.501,50.633,1.199,49.434,7.56,13.343,17.667,10.864,41.874,0.865,0.004,68.867,120.395
1785989163,160268799,1785989163,160268799,47.0,5,848,480,44.313,43.621,4.033,39.588,7.547,10.427,17.323,4.29,32.041,0.688,0.004,89.66,134.001
1785989163,293834229,1785989163,293834229,90.317,5,848,480,42.831,42.143,1.71,40.433,6.866,8.499,21.101,3.967,33.567,0.685,0.003,47.897,90.752
1785989163,360619385,1785989163,360619385,62.05,5,848,480,38.756,38.029,1.136,36.893,7.652,8.095,17.143,4.003,29.241,0.724,0.003,47.241,86.017
1785989163,427406494,1785989163,427406494,67.364,5,848,480,39.542,38.481,2.373,36.108,6.785,8.133,16.986,4.204,29.323,1.056,0.005,47.034,86.614
1785989163,494195068,1785989163,494195068,69.851,5,848,480,40.919,40.169,1.322,38.846,6.951,8.168,19.902,3.825,31.895,0.747,0.004,48.713,90.96
1785989163,560985352,1785989163,560985352,66.435,5,848,480,41.924,41.282,1.608,39.674,8.64,8.442,17.126,5.465,31.033,0.639,0.003,47.411,89.298
1785989163,594381348,1785989163,594381348,62.774,5,848,480,56.618,55.884,4.908,50.976,20.897,8.143,17.588,4.348,30.079,0.73,0.003,62.041,118.692
1785989163,661169678,1785989163,661169678,69.912,5,848,480,69.39,68.729,1.013,67.716,31.14,8.085,24.597,3.895,36.576,0.657,0.003,52.374,121.801
1785989163,727957764,1785989163,727957764,43.353,5,848,480,42.887,42.062,0.885,41.177,9.82,9.226,17.408,4.723,31.357,0.82,0.005,55.445,98.382
1785989163,794747803,1785989163,794747803,67.757,5,848,480,40.763,39.985,2.4,37.585,6.877,9.325,17.327,4.056,30.708,0.776,0.003,58.545,99.337
1785989163,861539795,1785989163,861539795,61.583,5,848,480,40.298,39.601,1.171,38.431,8.152,8.882,17.337,4.06,30.279,0.694,0.003,53.807,94.127
1785989163,928333984,1785989163,928333984,60.05,5,848,480,41.204,40.431,2.103,38.328,8.194,8.704,17.274,4.156,30.134,0.77,0.003,46.156,87.384
1785989163,995130371,1785989163,995130371,69.928,5,848,480,42.518,41.818,1.815,40.004,6.664,8.808,20.501,4.031,33.339,0.696,0.003,47.972,90.514
1785989164,61928467,1785989164,61928467,78.296,5,848,480,50.075,49.017,0.727,48.29,15.654,11.244,16.843,4.549,32.636,0.692,0.366,52.276,102.39
1785989164,95328369,1785989164,95328369,53.437,5,848,480,52.464,51.692,1.099,50.593,9.148,14.001,17.85,9.594,41.445,0.769,0.004,69.552,122.05
1785989164,128728760,1785989164,128728760,64.825,5,848,480,63.366,62.731,0.992,61.739,16.573,17.627,18.124,9.414,45.165,0.633,0.003,90.076,153.484
1785989164,228933105,1785989164,228933105,65.684,5,848,480,64.189,63.472,1.076,62.395,16.772,21.984,17.297,6.342,45.623,0.714,0.003,54.733,118.952
1785989164,295738525,1785989164,295738525,50.906,5,848,480,50.499,49.676,1.914,47.762,14.839,11.691,17.039,4.193,32.923,0.818,0.005,52.519,103.315
1785989164,329141846,1785989164,329141846,53.365,5,848,480,51.304,50.641,1.059,49.582,19.023,8.696,17.529,4.334,30.559,0.661,0.003,71.69,123.015
1785989164,395950439,1785989164,395950439,65.45,5,848,480,65.036,58.398,1.041,57.357,20.964,13.731,16.818,5.843,36.393,6.634,0.004,56.584,121.662
1785989164,462760986,1785989164,462760986,57.149,5,848,480,56.668,46.824,2.387,44.437,13.962,9.615,16.812,4.048,30.476,9.838,0.006,55.314,112.092
1785989164,529573486,1785989164,529573486,48.764,5,848,480,39.105,38.332,1.324,37.008,7.107,8.405,17.398,4.098,29.901,0.77,0.003,54.822,93.951
1785989164,596387939,1785989164,596387939,63.745,5,848,480,41.964,41.131,1.9,39.232,8.744,8.659,17.433,4.395,30.487,0.829,0.004,48.891,90.878
1785989164,629794922,1785989164,629794922,63.26,5,848,480,58.208,57.513,5.021,52.492,17.939,9.561,17.028,7.964,34.553,0.691,0.003,62.497,120.732
1785989164,696508057,1785989164,696508057,63.812,5,848,480,63.42,62.647,3.221,59.427,19.606,12.391,16.955,10.475,39.821,0.77,0.004,54.371,117.845
1785989164,763221191,1785989164,763221191,44.013,5,848,480,43.596,42.924,1.026,41.898,10.169,10.184,17.348,4.197,31.729,0.669,0.003,51.495,95.163
1785989164,796577637,1785989164,796577637,57.238,5,848,480,55.328,54.577,3.286,51.292,11.294,15.325,17.187,7.486,39.998,0.747,0.004,63.656,119.029
1785989164,863290771,1785989164,863290771,44.96,5,848,480,44.451,43.759,1.273,42.486,10.898,10.444,17.276,3.868,31.588,0.689,0.003,52.772,97.262
1785989164,896647461,1785989164,896647461,55.518,5,848,480,54.077,53.285,5.884,47.401,16.964,8.335,17.126,4.976,30.437,0.788,0.003,65.31,119.435
1785989164,963360596,1785989164,963360596,45.467,5,848,480,44.954,44.197,0.811,43.386,7.017,15.057,17.122,4.19,36.369,0.755,0.003,53.18,98.173
1785989165,30073486,1785989165,30073486,66.024,5,848,480,48.206,47.463,1.072,46.39,9.842,8.662,22.745,5.141,36.549,0.74,0.003,49.268,97.486
1785989165,63430176,1785989165,63430176,58.802,5,848,480,58.384,57.466,1.059,56.407,25.022,8.961,17.271,5.153,31.386,0.915,0.003,64.508,122.932
1785989165,130143066,1785989165,130143066,66.148,5,848,480,65.744,64.888,1.803,63.086,21.743,12.841,17.052,11.449,41.343,0.851,0.004,56.583,122.366
1785989165,196856201,1785989165,196856201,61.034,5,848,480,60.211,59.262,1.283,57.979,14.265,17.749,16.808,9.156,43.713,0.945,0.004,56.444,116.69
1785989165,263569336,1785989165,263569336,71.364,5,848,480,69.647,68.779,5.243,63.536,27.21,11.082,17.294,7.95,36.326,0.865,0.003,51.665,121.34
1785989165,296925781,1785989165,296925781,62.815,5,848,480,62.151,61.418,3.62,57.797,10.477,21.198,18.35,7.772,47.32,0.73,0.004,88.608,150.903
1785989165,396995117,1785989165,396995117,47.131,5,848,480,46.54,45.845,3.612,42.233,9.234,11.143,17.718,4.138,32.999,0.691,0.004,51.279,97.859
1785989165,430351807,1785989165,430351807,60.549,5,848,480,60.058,59.357,1.802,57.555,11.264,19.982,18.034,8.274,46.291,0.697,0.004,64.968,125.047
1785989165,497064697,1785989165,497064697,64.696,5,848,480,64.301,63.634,1.989,61.645,7.797,24.502,25.334,4.012,53.848,0.664,0.003,58.693,123.049
1785989165,563777588,1785989165,563777588,56.69,5,848,480,56.277,55.396,1.126,54.27,15.758,17.036,17.426,4.05,38.512,0.875,0.005,56.696,113.026
1785989165,597134033,1785989165,597134033,56.084,5,848,480,54.084,50.454,11.502,38.952,8.556,8.535,17.307,4.554,30.396,3.621,0.008,81.627,135.783
1785989165,663846924,1785989165,663846924,55.635,5,848,480,43.341,42.597,2.356,40.241,9.774,8.735,17.564,4.168,30.467,0.741,0.003,81.294,124.662
1785989165,797272217,1785989165,797272217,97.112,5,848,480,39.665,38.919,1.399,37.52,7.188,8.814,17.183,4.335,30.332,0.742,0.004,48.659,88.427
1785989165,863984619,1785989165,863984619,66.69,5,848,480,41.252,40.539,2.03,38.51,8.131,8.593,17.202,4.583,30.378,0.709,0.003,47.047,88.321
1785989165,930697266,1785989165,930697266,65.807,5,848,480,40.077,39.404,1.733,37.671,6.991,8.591,17.494,4.594,30.68,0.67,0.003,47.316,87.418
1785989165,997409668,1785989165,997409668,67.579,5,848,480,40.875,40.075,1.565,38.51,7.06,9.035,18.306,4.108,31.45,0.797,0.003,47.382,88.327
1785989166,64122070,1785989166,64122070,102.687,5,848,480,74.914,74.068,0.773,73.295,36.726,9.006,17.285,10.278,36.57,0.842,0.004,49.319,124.263
1785989166,130834473,1785989166,130834473,72.649,5,848,480,72.219,70.297,0.933,69.363,32.131,15.731,17.508,3.993,37.232,1.918,0.005,57.94,130.204
1785989166,197546875,1785989166,197546875,62.671,5,848,480,62.23,61.448,1.838,59.61,16.562,15.494,23.157,4.398,43.048,0.779,0.003,63.884,126.155
1785989166,264259277,1785989166,264259277,61.928,5,848,480,57.928,53.607,1.428,52.179,21.168,8.565,16.962,5.483,31.01,4.315,0.006,63.415,121.383
1785989166,330971680,1785989166,330971680,63.808,5,848,480,62.253,61.495,2.188,59.307,27.668,8.384,16.886,6.368,31.639,0.753,0.004,56.178,118.737
1785989166,397684082,1785989166,397684082,48.528,5,848,480,47.785,46.915,1.317,45.598,15.113,9.663,16.859,3.964,30.486,0.865,0.005,52.462,100.295
1785989166,431040039,1785989166,431040039,61.333,5,848,480,58.389,57.644,2.077,55.567,24.7,9.174,17.696,3.997,30.867,0.741,0.004,69.849,128.258
1785989166,497752441,1785989166,497752441,54.784,5,848,480,54.393,53.492,1.311,52.181,11.1,13.531,17.221,10.328,41.081,0.897,0.004,61.896,116.328
1785989166,564464600,1785989166,564464600,41.715,5,848,480,40.198,39.431,0.893,38.537,7.908,9.047,17.577,4.005,30.629,0.764,0.003,51.102,91.333
1785989166,631176758,1785989166,631176758,66.825,5,848,480,39.757,39.046,1.617,37.429,6.857,8.69,17.739,4.143,30.572,0.707,0.004,51.661,91.447
1785989166,664533691,1785989166,664533691,58.76,5,848,480,52.142,51.457,0.823,50.634,11.488,12.962,16.784,9.401,39.146,0.682,0.003,64.685,116.85
1785989166,731247559,1785989166,731247559,50.239,5,848,480,49.832,48.939,0.962,47.977,16.651,10.15,17.127,4.049,31.326,0.889,0.004,50.5,100.382
1785989166,764604248,1785989166,764604248,51.804,5,848,480,50.217,49.512,0.986,48.526,7.817,13.681,16.977,10.051,40.709,0.701,0.004,68.578,118.82
1785989166,831317871,1785989166,831317871,45.49,5,848,480,45.095,44.384,1.068,43.315,10.624,11.091,17.637,3.963,32.691,0.708,0.003,52.46,97.594
1785989166,864674805,1785989166,864674805,53.207,5,848,480,52.74,51.924,1.251,50.673,13.629,14.181,16.97,5.893,37.045,0.812,0.004,64.667,117.46
1785989166,931388428,1785989166,931388428,60.493,5,848,480,59.866,59.1,1.144,57.957,14.003,20.976,16.708,6.269,43.954,0.762,0.003,51.326,111.224
1785989166,964745117,1785989166,964745117,43.629,5,848,480,42.081,41.397,0.857,40.54,9.515,8.502,17.118,5.405,31.025,0.68,0.003,79.385,121.493
1785989167,64815674,1785989167,64815674,78.878,5,848,480,49.53,48.697,0.878,47.818,8.039,17.934,17.317,4.529,39.78,0.828,0.005,50.751,100.313
1785989167,98172363,1785989167,98172363,54.596,5,848,480,54.12,53.451,9.031,44.42,12.165,9.386,17.402,5.467,32.255,0.667,0.003,67.386,121.539
1785989167,164885742,1785989167,164885742,43.399,5,848,480,42.705,41.941,0.983,40.958,9.268,10.304,17.44,3.945,31.689,0.761,0.003,55.485,98.229
1785989167,231599365,1785989167,231599365,75.274,5,848,480,55.639,54.201,1.005,53.196,12.342,19.668,17.058,4.127,40.854,1.433,0.005,51.126,106.813
1785989167,264956055,1785989167,264956055,51.519,5,848,480,44.367,43.675,2.778,40.897,10.418,8.857,17.539,4.083,30.479,0.689,0.003,80.549,124.952
1785989167,365026123,1785989167,365026123,60.987,5,848,480,40.119,39.413,1.677,37.736,6.657,8.479,17.444,5.156,31.079,0.703,0.003,45.722,85.865
1785989167,431739502,1785989167,431739502,66.805,5,848,480,40.089,39.371,1.113,38.257,6.791,8.451,17.271,5.743,31.466,0.714,0.003,45.851,85.962
1785989167,498452881,1785989167,498452881,69.123,5,848,480,41.721,40.886,1.686,39.2,7.118,8.529,19.414,4.139,32.082,0.832,0.003,46.622,88.371
1785989167,565166260,1785989167,565166260,65.156,5,848,480,40.558,39.733,2.761,36.971,6.665,8.633,17.283,4.39,30.307,0.822,0.004,46.236,86.813
1785989167,631879639,1785989167,631879639,82.214,5,848,480,46.765,45.658,1.801,43.856,7.113,15.632,16.892,4.219,36.743,1.102,0.005,55.523,102.355
1785989167,665237061,1785989167,665237061,53.463,5,848,480,44.184,43.52,2.068,41.452,11.04,8.75,17.419,4.243,30.412,0.661,0.003,78.22,122.417
1785989167,765545166,1785989167,765545166,67.573,5,848,480,41.906,41.166,1.805,39.361,7.179,8.353,17.292,6.537,32.182,0.736,0.004,47.754,89.687
1785989167,832419678,1785989167,832419678,67.885,5,848,480,42.349,41.673,1.979,39.694,8.174,8.736,17.667,5.117,31.52,0.672,0.004,48.32,90.695
1785989167,899296143,1785989167,899296143,63.62,5,848,480,41.583,40.793,1.728,39.065,7.034,10.062,17.287,4.682,32.031,0.786,0.004,45.829,87.459
1785989167,966174805,1785989167,966174805,63.791,5,848,480,39.537,38.762,1.597,37.165,6.997,8.445,17.052,4.672,30.169,0.77,0.005,44.787,84.367
1785989168,33055420,1785989168,33055420,86.012,5,848,480,51.819,50.919,2.609,48.31,7.126,8.901,27.285,4.998,41.184,0.896,0.004,51.637,103.489
1785989168,66496338,1785989168,66496338,77.374,5,848,480,76.692,76.05,1.326,74.724,32.529,18.09,16.899,7.205,42.194,0.639,0.003,70.69,147.412
1785989168,166822510,1785989168,166822510,70.5,5,848,480,68.943,68.158,0.891,67.267,15.636,20.538,16.894,14.2,51.632,0.781,0.004,48.616,117.589
1785989168,233708984,1785989168,233708984,60.245,5,848,480,59.845,59.109,2.623,56.486,13.499,19.434,17.454,6.099,42.987,0.733,0.004,51.063,110.948
1785989168,267153076,1785989168,267153076,71.018,5,848,480,69.346,68.664,6.518,62.146,20.749,14.239,16.862,10.296,41.397,0.679,0.003,79.148,148.52
1785989168,367488037,1785989168,367488037,42.901,5,848,480,42.51,41.746,0.973,40.773,7.887,11.383,17.346,4.157,32.886,0.761,0.003,48.538,91.088
1785989168,467827637,1785989168,467827637,96.536,5,848,480,41.694,41.02,2.133,38.888,6.636,8.569,17.211,6.471,32.252,0.671,0.003,45.563,87.281
1785989168,534723145,1785989168,534723145,64.014,5,848,480,41.092,40.426,1.566,38.86,6.676,8.58,19.333,4.272,32.184,0.663,0.003,43.283,84.401
1785989168,601620605,1785989168,601620605,66.766,5,848,480,42.218,41.454,2.427,39.027,7.949,8.554,17.189,5.335,31.078,0.761,0.004,42.031,84.274
1785989168,668518066,1785989168,668518066,68.615,5,848,480,42.08,41.293,1.876,39.417,7.46,8.215,19.898,3.843,31.957,0.784,0.004,43.882,85.989
1785989168,701866699,1785989168,701866699,64.808,5,848,480,57.09,56.357,6.703,49.654,18.903,8.841,17.295,4.616,30.752,0.73,0.003,60.334,117.521
1785989168,735215332,1785989168,735215332,63.272,5,848,480,62.793,62.065,1.666,60.398,10.046,22.874,16.822,10.657,50.352,0.725,0.003,84.539,147.37
1785989168,835260742,1785989168,835260742,48.568,5,848,480,48.182,47.44,0.991,46.449,15.924,9.212,17.278,4.035,30.525,0.739,0.003,47.672,95.892
1785989168,868608887,1785989168,868608887,58.446,5,848,480,56.84,56.122,1.369,54.752,20.38,8.542,21.653,4.178,34.373,0.715,0.003,64.126,120.991
1785989168,935305420,1785989168,935305420,50.225,5,848,480,49.824,48.871,0.877,47.994,16.907,9.664,16.71,4.713,31.087,0.947,0.005,54.659,104.542
1785989168,968653320,1785989168,968653320,53.006,5,848,480,49.079,48.353,8.192,40.162,9.669,8.989,17.356,4.148,30.492,0.722,0.003,75.368,124.176
1785989169,35349365,1785989169,35349365,58.294,5,848,480,57.81,56.767,1.194,55.574,11.504,10.037,18.996,15.036,44.069,1.038,0.005,57.928,115.795
1785989169,68697266,1785989169,68697266,66.988,5,848,480,60.62,59.91,9.46,50.45,11.938,13.27,18.112,7.13,38.512,0.707,0.003,88.773,149.413
1785989169,168740479,1785989169,168740479,45.521,5,848,480,45.12,44.317,0.918,43.399,7.338,14.906,17.271,3.884,36.062,0.798,0.004,49.736,94.901
1785989169,235435547,1785989169,235435547,65.719,5,848,480,41.516,40.783,2.213,38.569,6.918,9.779,17.415,4.458,31.651,0.73,0.003,52.374,93.929
1785989169,335477539,1785989169,335477539,92.199,5,848,480,41.774,41.062,1.087,39.975,9.042,8.504,18.357,4.071,30.933,0.709,0.003,44.272,86.073
1785989169,402171875,1785989169,402171875,64.022,5,848,480,39.87,39.161,1.604,37.557,6.913,8.092,17.288,5.264,30.644,0.705,0.004,43.505,83.404
1785989169,468865967,1785989169,468865967,69.802,5,848,480,41.943,41.181,1.898,39.283,6.839,8.524,19.686,4.235,32.445,0.759,0.003,44.541,86.51
1785989169,535559814,1785989169,535559814,66.412,5,848,480,42.304,41.611,2.163,39.448,8.265,8.556,18.394,4.233,31.183,0.689,0.004,43.899,86.23
1785989169,602253174,1785989169,602253174,65.362,5,848,480,39.618,38.901,0.866,38.036,7.225,8.496,17.634,4.681,30.811,0.713,0.004,45.251,84.9
1785989169,668946777,1785989169,668946777,68.417,5,848,480,41.833,41.128,2.388,38.74,6.815,8.571,19.197,4.157,31.925,0.702,0.003,44.759,86.617
1785989169,702295410,1785989169,702295410,64.965,5,848,480,60.559,59.813,1.192,58.621,12.587,13.182,16.783,16.07,46.035,0.742,0.003,57.652,118.234
1785989169,768992188,1785989169,768992188,43.013,5,848,480,42.575,41.771,0.952,40.82,8.875,10.605,17.212,4.128,31.945,0.8,0.003,51.936,94.553
1785989169,835688721,1785989169,835688721,64.169,5,848,480,40.609,39.828,1.018,38.81,7.554,9.413,17.444,4.399,31.257,0.777,0.004,51.393,92.028
1785989169,902384766,1785989169,902384766,63.575,5,848,480,40.599,39.838,1.583,38.255,6.755,8.731,17.531,5.238,31.5,0.758,0.003,48.277,88.904
1785989169,969080811,1785989169,969080811,63.404,5,848,480,38.272,37.51,0.757,36.753,7.017,8.306,17.21,4.22,29.736,0.758,0.003,47.313,85.611
1785989170,35776367,1785989170,35776367,66.621,5,848,480,41.22,40.385,1.752,38.633,7.908,8.512,17.357,4.855,30.725,0.831,0.004,44.293,85.555
1785989170,102471680,1785989170,102471680,75.868,5,848,480,43.501,40.611,0.981,39.63,7.441,9.983,17.784,4.423,32.189,2.885,0.005,51.185,94.719
1785989170,169166504,1785989170,169166504,67.654,5,848,480,44.436,43.609,0.906,42.703,8.115,12.411,17.371,4.807,34.588,0.823,0.004,51.206,95.673
1785989170,202513916,1785989170,202513916,66.57,5,848,480,65.928,65.267,5.344,59.923,28.398,9.311,17.438,4.777,31.526,0.659,0.003,62.925,128.887
1785989170,269208496,1785989170,269208496,52.112,5,848,480,51.665,50.922,1.091,49.831,17.669,9.6,17.0,5.561,32.162,0.74,0.003,62.605,114.307
1785989170,335902588,1785989170,335902588,45.901,5,848,480,41.49,40.799,1.007,39.792,8.776,9.413,17.592,4.011,31.016,0.689,0.003,52.0,93.519
1785989170,402596436,1785989170,402596436,61.297,5,848,480,39.843,39.091,2.335,36.756,6.576,8.633,17.425,4.122,30.18,0.749,0.004,48.249,89.652
1785989170,469290039,1785989170,469290039,64.035,5,848,480,41.037,40.313,2.966,37.347,7.466,8.509,17.191,4.181,29.881,0.721,0.003,44.402,87.605
1785989170,535983398,1785989170,535983398,66.81,5,848,480,41.732,41.061,1.661,39.4,6.877,8.433,19.801,4.289,32.523,0.668,0.003,43.818,85.576
1785989170,602676270,1785989170,602676270,66.207,5,848,480,39.628,38.937,0.975,37.962,6.911,8.663,17.715,4.673,31.051,0.688,0.003,45.441,85.09
1785989170,669369385,1785989170,669369385,67.32,5,848,480,42.222,41.432,2.171,39.261,7.996,8.497,17.218,5.549,31.264,0.786,0.004,43.48,85.728
1785989170,736069336,1785989170,736069336,69.489,5,848,480,38.918,38.175,1.797,36.378,6.609,8.357,17.416,3.996,29.769,0.739,0.003,49.563,88.508
1785989170,802768799,1785989170,802768799,63.955,5,848,480,40.841,40.048,1.684,38.364,8.524,8.344,17.17,4.326,29.84,0.79,0.004,44.895,85.764
1785989170,869468262,1785989170,869468262,66.333,5,848,480,40.337,39.628,1.869,37.759,6.962,8.652,17.304,4.842,30.797,0.706,0.003,45.031,85.394
1785989170,936167480,1785989170,936167480,67.126,5,848,480,41.136,40.427,1.895,38.532,7.07,8.611,17.334,5.517,31.463,0.707,0.003,44.781,85.819
1785989171,2866211,1785989171,2866211,68.832,5,848,480,40.791,39.982,1.757,38.225,6.927,8.473,17.429,5.396,31.298,0.806,0.003,47.144,87.952
1785989171,102914063,1785989171,102914063,106.484,5,848,480,42.819,42.067,0.921,41.146,7.637,11.0,18.401,4.108,33.509,0.748,0.003,51.551,94.405
1785989171,202961426,1785989171,202961426,92.278,5,848,480,42.137,41.353,2.634,38.719,7.092,8.437,19.019,4.172,31.628,0.779,0.004,44.46,86.625
1785989171,269659180,1785989171,269659180,68.157,5,848,480,43.197,42.485,2.116,40.368,10.099,8.85,17.401,4.017,30.269,0.71,0.003,44.858,88.08
1785989171,336356689,1785989171,336356689,64.698,5,848,480,39.588,38.845,0.903,37.941,7.271,8.483,17.96,4.228,30.671,0.74,0.003,46.468,86.084
1785989171,403053955,1785989171,403053955,64.404,5,848,480,40.258,39.594,1.552,38.042,7.249,8.381,17.121,5.291,30.793,0.662,0.003,43.613,83.789
1785989171,469750977,1785989171,469750977,66.654,5,848,480,39.682,39.005,1.799,37.206,6.615,8.345,17.179,5.067,30.591,0.674,0.003,44.037,83.746
1785989171,536447754,1785989171,536447754,67.369,5,848,480,40.726,40.083,1.688,38.395,7.719,8.47,17.363,4.843,30.676,0.64,0.003,43.667,84.415
1785989171,603144043,1785989171,603144043,68.938,5,848,480,42.464,41.767,1.542,40.225,6.7,8.232,18.923,6.37,33.525,0.694,0.003,44.169,86.659
1785989171,669840820,1785989171,669840820,64.235,5,848,480,40.31,39.62,1.001,38.618,7.485,8.543,17.528,5.063,31.133,0.688,0.003,43.866,84.199
1785989171,736804932,1785989171,736804932,67.002,5,848,480,40.005,39.366,1.641,37.725,7.106,8.867,17.237,4.516,30.619,0.636,0.003,44.205,84.232
1785989171,803772217,1785989171,803772217,67.717,5,848,480,41.111,40.4,2.389,38.011,7.22,8.582,17.446,4.763,30.791,0.707,0.003,43.851,84.985
1785989171,837256836,1785989171,837256836,67.586,5,848,480,60.741,60.086,6.98,53.106,10.143,11.292,19.725,11.945,42.963,0.652,0.003,58.372,119.104
1785989171,904228760,1785989171,904228760,64.29,5,848,480,63.81,63.087,0.916,62.171,28.397,9.61,16.721,7.443,33.774,0.719,0.003,52.556,116.401
1785989171,971203857,1785989171,971203857,46.459,5,848,480,46.021,45.342,0.856,44.486,7.423,15.805,17.275,3.982,37.063,0.676,0.003,49.83,95.937
1785989172,4692627,1785989172,4692627,66.801,5,848,480,64.996,64.269,1.158,63.112,8.267,10.721,17.201,26.922,54.845,0.723,0.004,64.186,129.205
1785989172,71672363,1785989172,71672363,50.525,5,848,480,49.997,49.197,1.089,48.108,8.008,17.873,17.103,5.124,40.1,0.795,0.004,62.715,112.753
1785989172,105163330,1785989172,105163330,50.095,5,848,480,48.605,47.843,0.99,46.853,7.899,16.654,17.256,5.044,38.954,0.759,0.004,80.714,129.369
1785989172,172147949,1785989172,172147949,52.602,5,848,480,52.114,51.391,0.994,50.397,14.126,14.166,16.787,5.318,36.271,0.719,0.004,62.818,114.966
1785989172,239135498,1785989172,239135498,44.501,5,848,480,44.084,43.329,0.933,42.396,7.692,12.954,17.529,4.221,34.704,0.752,0.003,48.359,92.483
1785989172,272630371,1785989172,272630371,59.648,5,848,480,58.091,57.435,0.931,56.504,22.859,10.546,17.025,6.074,33.645,0.653,0.003,60.512,118.632
1785989172,339622559,1785989172,339622559,50.752,5,848,480,50.371,49.27,0.941,48.329,16.68,10.111,16.871,4.667,31.649,1.095,0.006,51.987,102.535
1785989172,373119873,1785989172,373119873,48.107,5,848,480,44.669,43.858,1.173,42.684,8.138,10.769,17.155,6.623,34.547,0.808,0.004,72.325,117.006
1785989172,440116943,1785989172,440116943,50.569,5,848,480,50.057,49.314,0.864,48.45,17.788,9.124,16.866,4.671,30.662,0.739,0.003,50.48,100.626
1785989172,473616455,1785989172,473616455,55.488,5,848,480,54.949,54.291,0.969,53.322,17.444,14.317,17.569,3.993,35.879,0.655,0.003,67.577,122.58
1785989172,540618164,1785989172,540618164,58.945,5,848,480,58.475,57.78,1.034,56.746,20.206,12.985,16.903,6.653,36.541,0.691,0.004,55.994,114.505
1785989172,607622803,1785989172,607622803,42.426,5,848,480,42.026,41.333,0.9,40.433,7.769,10.944,17.654,4.066,32.664,0.69,0.003,47.862,89.928
1785989172,674627441,1785989172,674627441,64.551,5,848,480,40.506,39.798,1.846,37.951,7.358,9.161,17.39,4.043,30.593,0.705,0.004,46.986,87.476
1785989172,741299561,1785989172,741299561,65.855,5,848,480,40.871,40.188,1.054,39.134,8.483,9.225,17.373,4.053,30.651,0.68,0.003,45.765,86.657
1785989172,807970947,1785989172,807970947,64.153,5,848,480,41.927,41.2,1.754,39.447,7.066,8.86,19.479,4.042,32.38,0.723,0.003,42.185,84.143
1785989172,841306396,1785989172,841306396,64.561,5,848,480,58.336,57.651,0.995,56.656,20.8,8.742,16.911,10.203,35.856,0.682,0.003,57.004,115.364
1785989172,907976807,1785989172,907976807,44.203,5,848,480,43.804,43.074,1.025,42.049,9.937,10.928,17.189,3.995,32.113,0.726,0.003,49.054,92.897
1785989172,941311523,1785989172,941311523,56.608,5,848,480,54.92,54.117,1.481,52.636,12.918,12.043,17.771,9.905,39.719,0.799,0.003,61.226,116.171
1785989172,974646240,1785989172,974646240,57.793,5,848,480,57.394,56.573,0.896,55.678,13.873,9.947,23.64,8.217,41.805,0.815,0.005,83.198,140.642
1785989173,41314941,1785989173,41314941,61.347,5,848,480,60.874,60.045,6.674,53.371,19.26,10.755,17.421,5.935,34.111,0.824,0.005,74.398,135.324
1785989173,107983154,1785989173,107983154,66.78,5,848,480,62.988,62.165,2.685,59.48,24.476,11.352,17.288,6.364,35.004,0.817,0.006,72.403,138.108
1785989173,174650391,1785989173,174650391,50.883,5,848,480,47.605,46.906,6.629,40.277,9.646,8.731,17.415,4.485,30.631,0.696,0.003,71.995,119.637
1785989173,241316895,1785989173,241316895,46.222,5,848,480,44.852,43.814,0.981,42.833,10.368,10.219,17.267,4.978,32.465,1.034,0.005,54.306,99.212
1785989173,274649902,1785989173,274649902,51.97,5,848,480,51.11,50.338,6.335,44.003,13.523,9.052,17.467,3.961,30.481,0.768,0.003,66.689,117.828
1785989173,374647949,1785989173,374647949,64.959,5,848,480,41.28,40.589,1.975,38.614,6.726,8.597,18.723,4.569,31.889,0.688,0.003,41.483,82.788
1785989173,441312256,1785989173,441312256,67.098,5,848,480,42.326,41.582,1.684,39.898,7.305,8.762,19.789,4.042,32.593,0.74,0.003,40.87,83.224
1785989173,507976074,1785989173,507976074,66.56,5,848,480,43.037,42.297,2.152,40.145,8.18,8.814,18.847,4.304,31.965,0.691,0.049,40.104,83.167
1785989173,574638916,1785989173,574638916,67.42,5,848,480,43.031,42.255,2.068,40.187,7.973,8.58,19.454,4.18,32.214,0.772,0.004,40.819,83.877
1785989173,641301025,1785989173,641301025,64.221,5,848,480,39.878,39.124,1.745,37.379,7.088,8.427,17.227,4.637,30.291,0.751,0.003,41.53,81.469
1785989173,707968262,1785989173,707968262,66.856,5,848,480,40.272,39.508,1.715,37.793,7.024,8.339,17.218,5.212,30.769,0.761,0.003,41.325,81.625
1785989173,774638672,1785989173,774638672,67.73,5,848,480,40.175,39.505,1.838,37.667,6.855,8.449,17.282,5.081,30.813,0.666,0.004,42.483,82.696
1785989173,841308105,1785989173,841308105,66.798,5,848,480,40.164,39.52,1.643,37.877,7.389,8.476,17.26,4.751,30.488,0.642,0.003,42.621,82.808
1785989173,907976807,1785989173,907976807,67.579,5,848,480,41.338,40.58,1.132,39.448,8.092,9.855,17.327,4.174,31.356,0.755,0.004,42.362,83.722
1785989173,974644775,1785989173,974644775,63.899,5,848,480,39.526,38.8,1.787,37.013,7.164,8.573,17.146,4.13,29.849,0.723,0.003,41.401,81.0
1785989174,41312012,1785989174,41312012,68.763,5,848,480,42.323,41.477,0.867,40.61,7.658,8.629,17.402,6.921,32.951,0.842,0.004,40.702,83.055
1785989174,107978516,1785989174,107978516,74.927,5,848,480,45.994,45.216,2.028,43.188,7.371,12.851,18.467,4.499,35.817,0.774,0.004,45.293,91.319
1785989174,141311523,1785989174,141311523,59.656,5,848,480,59.24,58.361,0.853,57.508,9.035,13.361,17.411,17.701,48.473,0.874,0.005,58.355,117.644
1785989174,207976807,1785989174,207976807,67.017,5,848,480,66.578,65.823,1.116,64.707,16.544,17.922,16.98,13.261,48.163,0.751,0.004,51.369,117.987
1785989174,274641357,1785989174,274641357,60.848,5,848,480,60.429,59.687,0.952,58.736,12.58,18.318,16.749,11.089,46.156,0.738,0.004,51.699,112.166
1785989174,341305176,1785989174,341305176,52.745,5,848,480,48.762,47.82,2.355,45.465,13.667,10.718,16.967,4.113,31.798,0.937,0.005,50.305,98.266
1785989174,374636719,1785989174,374636719,53.939,5,848,480,46.657,45.929,2.041,43.888,10.805,11.319,17.345,4.419,33.083,0.725,0.003,72.177,118.855
1785989174,441299316,1785989174,441299316,61.608,5,848,480,61.205,60.383,0.906,59.478,18.915,11.752,16.783,12.027,40.563,0.818,0.004,52.558,113.821
1785989174,507961182,1785989174,507961182,44.259,5,848,480,43.835,43.088,0.873,42.215,8.1,12.578,17.419,4.119,34.115,0.744,0.003,47.524,91.399
1785989174,541291748,1785989174,541291748,57.795,5,848,480,55.823,54.968,1.552,53.416,12.754,10.986,17.089,12.587,40.662,0.85,0.004,60.01,115.872
1785989174,607952393,1785989174,607952393,49.502,5,848,480,49.056,48.194,1.201,46.993,10.307,15.449,16.956,4.281,36.686,0.858,0.004,49.61,98.716
1785989174,641282471,1785989174,641282471,53.495,5,848,480,52.82,52.097,1.023,51.074,11.658,9.059,16.833,13.524,39.416,0.72,0.003,66.015,118.869
1785989174,707949463,1785989174,707949463,44.134,5,848,480,43.726,42.888,0.893,41.995,9.958,10.87,17.134,4.032,32.037,0.834,0.003,52.572,96.343
1785989174,741285645,1785989174,741285645,58.365,5,848,480,56.955,56.244,1.07,55.173,24.381,9.244,17.475,4.073,30.792,0.708,0.003,64.386,121.368
1785989174,807957275,1785989174,807957275,62.103,5,848,480,61.7,60.971,0.9,60.07,16.921,14.649,16.813,11.687,43.149,0.726,0.003,55.057,116.793
1785989174,874627930,1785989174,874627930,44.031,5,848,480,43.627,42.855,2.202,40.653,8.008,11.537,17.103,4.004,32.645,0.769,0.003,50.49,94.158
1785989174,907963135,1785989174,907963135,58.623,5,848,480,48.633,47.903,9.564,38.338,7.751,8.875,17.456,4.257,30.587,0.727,0.003,70.795,119.446
1785989174,974632813,1785989174,974632813,61.516,5,848,480,61.115,60.424,1.329,59.095,27.156,8.428,18.832,4.68,31.94,0.687,0.004,53.138,114.288
1785989175,41302002,1785989175,41302002,53.484,5,848,480,53.083,52.012,0.845,51.167,9.138,12.655,19.826,9.548,42.029,1.067,0.005,47.985,101.118
1785989175,74636230,1785989175,74636230,51.188,5,848,480,48.939,48.235,1.835,46.4,11.132,10.751,17.24,7.277,35.268,0.701,0.004,70.017,118.962
1785989175,141303955,1785989175,141303955,69.371,5,848,480,68.956,68.225,3.945,64.279,10.798,13.472,17.258,22.75,53.481,0.728,0.004,52.668,121.667
1785989175,207971191,1785989175,207971191,65.107,5,848,480,64.675,63.746,5.666,58.08,21.476,14.164,18.375,4.064,36.603,0.924,0.004,55.391,120.127
1785989175,274637451,1785989175,274637451,45.676,5,848,480,44.274,43.061,1.196,41.865,9.836,10.644,17.272,4.112,32.028,1.207,0.006,55.02,99.14
1785989175,307970459,1785989175,307970459,50.762,5,848,480,49.19,48.497,2.004,46.493,11.745,8.61,17.432,8.706,34.748,0.69,0.003,67.335,116.541
1785989175,374635498,1785989175,374635498,41.708,5,848,480,41.311,40.622,1.028,39.594,7.619,10.394,17.614,3.967,31.975,0.687,0.003,50.234,91.586
1785989175,441300049,1785989175,441300049,60.528,5,848,480,40.413,39.695,2.235,37.461,7.53,8.113,17.367,4.45,29.93,0.714,0.004,45.013,85.45
1785989175,507963867,1785989175,507963867,63.594,5,848,480,39.75,38.992,1.682,37.31,6.899,8.384,17.239,4.789,30.411,0.755,0.003,42.65,82.378
1785989175,574626953,1785989175,574626953,66.484,5,848,480,39.69,38.992,0.869,38.123,7.002,8.501,17.08,5.54,31.121,0.695,0.003,42.49,82.201
1785989175,641289063,1785989175,641289063,67.78,5,848,480,39.642,38.934,0.92,38.014,7.452,8.496,17.303,4.762,30.562,0.705,0.003,43.651,83.378
1785989175,707956543,1785989175,707956543,69.217,5,848,480,42.396,41.625,1.795,39.83,7.1,8.839,18.672,5.22,32.73,0.768,0.003,43.447,85.868
1785989175,774627441,1785989175,774627441,64.722,5,848,480,40.732,40.013,1.637,38.376,7.081,8.641,17.516,5.139,31.296,0.716,0.003,43.205,83.919
1785989175,874632324,1785989175,874632324,99.983,5,848,480,40.521,39.88,1.759,38.12,7.377,8.537,17.321,4.884,30.743,0.639,0.003,43.35,83.893
1785989175,941301270,1785989175,941301270,67.334,5,848,480,40.016,39.251,1.876,37.375,7.324,8.734,17.267,4.05,30.052,0.762,0.003,44.52,84.562
1785989175,974635498,1785989175,974635498,64.534,5,848,480,57.651,56.994,2.384,54.61,18.842,10.464,16.763,8.541,35.768,0.654,0.003,58.087,115.76
1785989176,41303467,1785989176,41303467,68.18,5,848,480,67.795,67.017,1.474,65.543,9.001,30.875,19.209,6.458,56.542,0.773,0.005,49.442,117.628
1785989176,107970459,1785989176,107970459,49.467,5,848,480,48.587,47.787,0.988,46.799,13.394,10.215,17.47,5.72,33.405,0.796,0.003,51.453,100.152
1785989176,141303711,1785989176,141303711,77.485,5,848,480,74.997,73.622,1.194,72.427,35.298,10.543,17.36,9.227,37.13,1.367,0.009,69.214,144.366
1785989176,207969727,1785989176,207969727,46.339,5,848,480,45.41,44.723,1.123,43.6,10.704,11.279,17.339,4.277,32.896,0.684,0.003,78.466,123.9
1785989176,274635010,1785989176,274635010,58.22,5,848,480,57.703,56.942,0.852,56.09,23.783,8.518,17.873,5.916,32.307,0.757,0.003,57.714,115.454
1785989176,341299316,1785989176,341299316,50.521,5,848,480,48.932,47.671,0.902,46.769,8.475,17.418,16.556,4.32,38.294,1.255,0.005,50.351,99.333
1785989176,374631348,1785989176,374631348,51.048,5,848,480,50.488,49.759,3.582,46.177,12.238,8.982,16.929,8.027,33.938,0.726,0.003,66.504,117.027
1785989176,441294434,1785989176,441294434,61.839,5,848,480,61.442,60.652,0.896,59.757,18.848,15.589,16.941,8.378,40.909,0.785,0.005,50.725,112.217
1785989176,507957031,1785989176,507957031,49.653,5,848,480,48.09,47.27,3.006,44.264,9.136,13.73,17.421,3.977,35.128,0.816,0.003,47.095,95.196
1785989176,541288086,1785989176,541288086,58.615,5,848,480,54.379,53.683,2.55,51.133,14.426,14.194,17.37,5.143,36.707,0.693,0.003,66.077,120.473
1785989176,607949463,1785989176,607949463,62.057,5,848,480,61.596,60.905,2.893,58.012,12.877,19.821,16.8,8.514,45.135,0.688,0.004,54.238,115.872
1785989176,674610840,1785989176,674610840,47.356,5,848,480,46.962,46.162,2.206,43.956,9.609,13.181,17.237,3.929,34.347,0.796,0.004,49.568,96.591
1785989176,707950684,1785989176,707950684,54.176,5,848,480,51.795,50.787,5.208,45.58,12.151,11.004,17.317,5.108,33.429,1.002,0.005,65.647,117.423
1785989176,774630127,1785989176,774630127,49.964,5,848,480,49.436,48.535,4.611,43.924,9.661,13.157,16.957,4.149,34.263,0.896,0.005,51.216,100.952
1785989176,807969727,1785989176,807969727,54.737,5,848,480,52.56,51.893,6.71,45.184,7.73,15.611,17.467,4.376,37.454,0.663,0.003,69.496,122.095
1785989176,874648193,1785989176,874648193,46.905,5,848,480,46.514,45.578,3.729,41.85,11.597,8.653,17.232,4.367,30.252,0.931,0.005,55.759,102.323
1785989176,907987305,1785989176,907987305,53.591,5,848,480,50.119,49.38,7.764,41.616,10.61,9.055,17.789,4.162,31.006,0.736,0.003,72.436,122.563
1785989176,974665039,1785989176,974665039,65.155,5,848,480,64.755,63.902,1.008,62.894,18.994,9.135,30.715,4.05,43.9,0.849,0.003,56.246,121.04
1785989177,41342285,1785989177,41342285,96.241,5,848,480,87.774,86.96,0.985,85.975,40.321,18.613,18.225,8.816,45.653,0.81,0.004,62.809,150.611
1785989177,108019043,1785989177,108019043,46.365,5,848,480,45.907,44.984,0.895,44.089,7.35,14.384,17.333,5.022,36.739,0.918,0.005,84.351,130.307
1785989177,174695068,1785989177,174695068,53.539,5,848,480,51.935,51.156,6.37,44.786,9.645,9.231,18.337,7.573,35.141,0.775,0.004,65.196,117.157
1785989177,241370605,1785989177,241370605,48.726,5,848,480,48.282,47.428,1.948,45.48,7.78,12.18,19.776,5.744,37.7,0.851,0.003,50.886,99.213
1785989177,274708252,1785989177,274708252,53.939,5,848,480,52.456,51.722,1.171,50.552,20.382,8.461,17.409,4.3,30.17,0.731,0.003,67.32,119.805
1785989177,341383057,1785989177,341383057,47.884,5,848,480,47.494,46.496,1.024,45.472,11.902,12.074,17.031,4.465,33.57,0.994,0.004,53.484,101.025
1785989177,374720215,1785989177,374720215,51.288,5,848,480,50.638,49.925,1.051,48.875,15.929,9.521,16.728,6.696,32.946,0.709,0.004,68.297,118.968
1785989177,441394043,1785989177,441394043,53.866,5,848,480,53.364,52.112,0.909,51.202,9.036,18.26,16.931,6.975,42.166,1.246,0.006,52.761,106.193
1785989177,474730713,1785989177,474730713,53.397,5,848,480,50.331,49.655,9.424,40.231,8.223,9.911,18.102,3.995,32.008,0.673,0.003,75.868,126.221
1785989177,541403809,1785989177,541403809,56.512,5,848,480,56.094,55.436,1.939,53.496,19.286,10.0,18.427,5.783,34.21,0.656,0.003,59.925,116.058
1785989177,608076172,1785989177,608076172,63.818,5,848,480,63.423,62.582,2.32,60.262,12.107,22.638,16.731,8.787,48.155,0.837,0.004,49.742,113.205
1785989177,674748779,1785989177,674748779,45.313,5,848,480,43.797,43.003,0.907,42.096,10.76,9.898,17.48,3.958,31.336,0.79,0.003,48.019,91.849
1785989177,741422363,1785989177,741422363,63.569,5,848,480,44.955,44.228,1.749,42.479,8.676,8.107,17.238,8.457,33.802,0.723,0.004,43.813,88.742
1785989177,774758789,1785989177,774758789,59.455,5,848,480,59.046,58.285,0.981,57.304,10.21,19.961,16.83,10.302,47.094,0.757,0.004,55.775,114.865
1785989177,841431152,1785989177,841431152,65.815,5,848,480,65.063,64.321,0.973,63.348,17.327,18.148,16.84,11.033,46.021,0.739,0.003,48.906,114.0
1785989177,908103027,1785989177,908103027,50.49,5,848,480,50.104,49.291,1.947,47.343,14.394,11.053,17.318,4.578,32.949,0.809,0.004,47.679,97.835
1785989177,941438477,1785989177,941438477,62.137,5,848,480,59.848,59.116,5.773,53.343,18.39,13.165,17.547,4.241,34.953,0.728,0.004,66.756,126.625
1785989178,8109131,1785989178,8109131,109.714,5,848,480,109.275,104.999,1.132,103.867,41.8,32.62,19.039,10.408,62.067,4.269,0.007,60.356,169.705
1785989178,108113770,1785989178,108113770,84.03,5,848,480,60.751,59.845,3.872,55.974,16.21,14.3,17.148,8.315,39.764,0.9,0.005,92.92,156.454
1785989178,174782471,1785989178,174782471,69.327,5,848,480,64.28,63.501,1.247,62.253,14.55,24.692,18.275,4.736,47.703,0.775,0.004,92.048,156.357
1785989178,241450684,1785989178,241450684,69.714,5,848,480,69.271,68.564,0.945,67.618,16.609,26.478,18.601,5.93,51.009,0.704,0.004,90.086,159.397
1785989178,308117920,1785989178,308117920,56.803,5,848,480,56.3,55.492,0.824,54.668,8.69,24.083,17.397,4.499,45.979,0.804,0.004,93.194,149.54
1785989178,341451416,1785989178,341451416,63.335,5,848,480,61.212,44.704,0.944,43.76,9.202,11.854,17.618,5.085,34.557,16.5,0.009,118.301,179.58
1785989178,374784668,1785989178,374784668,62.798,5,848,480,62.251,61.249,3.8,57.448,11.161,23.402,17.783,5.103,46.287,0.997,0.005,146.711,209.02
1785989178,508115723,1785989178,508115723,62.438,5,848,480,55.053,54.277,1.093,53.184,16.032,14.698,17.377,5.077,37.152,0.772,0.005,83.03,138.315
1785989178,574780273,1785989178,574780273,51.899,5,848,480,51.264,50.59,0.984,49.606,13.111,10.107,22.293,4.095,36.495,0.671,0.003,72.034,123.338
1785989178,641443848,1785989178,641443848,61.446,5,848,480,61.028,60.281,1.0,59.281,19.864,14.555,17.301,7.561,39.417,0.743,0.004,57.055,118.121
1785989178,708112549,1785989178,708112549,53.906,5,848,480,53.456,52.453,0.829,51.624,7.357,21.126,16.785,6.356,44.268,0.996,0.006,51.868,105.379
1785989178,741448730,1785989178,741448730,52.654,5,848,480,49.967,49.222,4.161,45.061,14.859,8.832,17.405,3.965,30.202,0.742,0.003,74.693,124.674
1785989178,808120605,1785989178,808120605,57.188,5,848,480,56.806,56.146,1.138,55.007,13.474,17.263,16.859,7.412,41.534,0.657,0.003,58.347,115.197
1785989178,874791504,1785989178,874791504,44.457,5,848,480,44.046,43.236,1.022,42.214,7.585,11.447,17.486,5.696,34.629,0.806,0.003,48.895,92.984
1785989178,908126953,1785989178,908126953,57.342,5,848,480,55.833,55.077,0.987,54.09,10.603,18.985,17.083,7.42,43.488,0.753,0.003,61.12,116.984
1785989178,974796875,1785989178,974796875,54.358,5,848,480,53.957,53.075,3.773,49.302,15.124,12.63,16.644,4.903,34.178,0.878,0.004,50.679,104.68
1785989179,74800293,1785989179,74800293,89.851,5,848,480,46.544,45.676,1.121,44.555,9.0,13.551,17.36,4.645,35.555,0.863,0.004,47.956,94.528
1785989179,174802246,1785989179,174802246,107.834,5,848,480,59.57,55.667,3.617,52.05,8.403,20.604,18.785,4.256,43.646,0.896,3.007,45.858,106.129
1785989179,208135742,1785989179,208135742,61.395,5,848,480,54.752,54.043,11.488,42.555,10.548,9.92,17.876,4.211,32.007,0.706,0.003,75.642,130.49
1785989179,274802490,1785989179,274802490,56.15,5,848,480,55.669,54.942,1.889,53.053,19.683,9.112,17.489,6.769,33.37,0.724,0.003,64.192,119.898
1785989179,341468506,1785989179,341468506,45.336,5,848,480,44.89,44.002,1.839,42.162,9.183,9.811,19.058,4.11,32.979,0.883,0.005,53.643,98.6
1785989179,374801025,1785989179,374801025,60.119,5,848,480,57.555,56.883,4.612,52.271,20.585,8.47,17.603,5.612,31.686,0.668,0.003,67.848,125.356
1785989179,441465820,1785989179,441465820,57.088,5,848,480,56.519,55.7,3.339,52.361,12.981,10.722,17.567,11.09,39.379,0.815,0.004,59.223,115.778
1785989179,508129883,1785989179,508129883,55.393,5,848,480,54.969,54.044,4.521,49.522,9.942,9.746,24.833,5.001,39.58,0.921,0.004,49.502,104.518
1785989179,541461670,1785989179,541461670,61.306,5,848,480,57.586,56.769,8.181,48.588,12.265,14.624,17.306,4.392,36.323,0.813,0.005,75.052,132.492
1785989179,608124512,1785989179,608124512,55.787,5,848,480,55.179,54.383,0.994,53.389,19.6,9.964,17.92,5.904,33.788,0.793,0.004,66.394,121.612
1785989179,674787354,1785989179,674787354,51.098,5,848,480,50.611,49.828,0.924,48.904,16.082,10.741,16.993,5.089,32.823,0.778,0.005,55.395,106.135
1785989179,708124268,1785989179,708124268,57.218,5,848,480,50.537,49.819,10.021,39.798,8.667,9.893,17.256,3.981,31.13,0.715,0.003,79.366,129.922
1785989179,774797607,1785989179,774797607,58.184,5,848,480,57.759,57.043,0.911,56.132,13.187,12.059,16.809,14.077,42.945,0.713,0.004,63.636,121.433
1785989179,841470215,1785989179,841470215,58.925,5,848,480,58.512,57.285,0.836,56.449,17.836,15.799,16.675,6.138,38.613,1.222,0.006,55.137,113.703
1785989179,908142090,1785989179,908142090,43.367,5,848,480,41.52,40.739,1.077,39.662,9.483,8.676,17.413,4.09,30.179,0.778,0.004,48.83,90.384
1785989179,974813477,1785989179,974813477,66.795,5,848,480,40.038,39.344,2.268,37.076,6.767,8.702,17.529,4.078,30.309,0.691,0.003,50.441,90.612
1785989180,41483887,1785989180,41483887,75.854,5,848,480,53.101,52.093,1.524,50.569,8.138,10.003,18.079,14.349,42.432,1.003,0.005,46.568,99.716
1785989180,74818848,1785989180,74818848,78.645,5,848,480,78.17,77.115,5.633,71.482,19.987,25.434,18.531,7.529,51.494,1.051,0.005,66.792,145.012
1785989180,141488281,1785989180,141488281,79.64,5,848,480,62.827,62.146,3.586,58.56,16.949,16.389,17.312,7.91,41.611,0.678,0.003,95.117,157.966
1785989180,241491211,1785989180,241491211,42.515,5,848,480,42.019,41.332,0.996,40.335,7.172,9.435,17.321,6.407,33.163,0.684,0.003,58.422,100.478
1785989180,308158936,1785989180,308158936,58.365,5,848,480,40.61,39.867,0.847,39.021,7.96,9.574,17.283,4.205,31.061,0.739,0.004,51.543,92.178
1785989180,408158936,1785989180,408158936,93.475,5,848,480,40.753,39.975,1.548,38.427,6.556,8.582,17.06,6.228,31.87,0.774,0.003,44.873,85.653
1785989180,474824951,1785989180,474824951,67.531,5,848,480,40.362,39.675,1.476,38.199,7.025,8.577,17.409,5.188,31.175,0.683,0.003,46.13,86.516
1785989180,541490234,1785989180,541490234,67.893,5,848,480,40.855,40.146,1.666,38.48,7.256,8.439,18.64,4.146,31.224,0.707,0.003,46.865,87.743
1785989180,608154541,1785989180,608154541,66.358,5,848,480,40.353,39.638,1.604,38.034,6.769,8.624,17.466,5.175,31.264,0.712,0.003,47.061,87.439
1785989180,674818848,1785989180,674818848,65.904,5,848,480,40.61,39.923,2.29,37.632,6.747,8.558,17.204,5.123,30.885,0.684,0.003,46.042,86.677
1785989180,741491943,1785989180,741491943,79.235,5,848,480,52.277,51.406,2.188,49.218,18.507,9.497,17.151,4.064,30.711,0.868,0.004,46.942,99.263
1785989180,774828369,1785989180,774828369,55.161,5,848,480,54.639,53.929,6.565,47.364,16.401,8.143,17.84,4.979,30.963,0.707,0.003,66.389,121.062
1785989180,841500488,1785989180,841500488,55.118,5,848,480,54.652,52.127,0.813,51.314,18.418,10.875,16.703,5.318,32.896,2.519,0.006,54.824,109.533
1785989180,874836182,1785989180,874836182,46.046,5,848,480,43.962,43.299,1.092,42.207,11.677,8.148,18.424,3.957,30.529,0.66,0.003,78.243,122.271
1785989180,974842285,1785989180,974842285,68.065,5,848,480,43.496,42.837,1.957,40.881,6.993,8.603,19.285,6.0,33.887,0.656,0.003,46.755,90.342
1785989181,41512207,1785989181,41512207,76.725,5,848,480,51.662,50.639,1.828,48.812,8.152,8.836,17.313,14.511,40.66,1.018,0.005,48.649,100.349
1785989181,74846680,1785989181,74846680,64.525,5,848,480,63.515,61.979,1.12,60.858,26.831,12.309,17.457,4.262,34.028,1.531,0.005,68.006,131.527
1785989181,141515625,1785989181,141515625,74.656,5,848,480,61.05,60.002,2.487,57.515,24.048,11.588,17.167,4.713,33.467,1.042,0.005,78.439,139.563
1785989181,208183594,1785989181,208183594,61.6,5,848,480,57.191,56.123,7.3,48.823,13.62,10.219,20.854,4.13,35.203,1.063,0.005,77.218,134.455
1785989181,274850830,1785989181,274850830,56.088,5,848,480,52.746,52.024,1.053,50.97,14.387,9.545,17.256,9.783,36.584,0.72,0.003,71.1,123.859
1785989181,341517334,1785989181,341517334,62.703,5,848,480,62.313,61.61,1.906,59.704,14.966,18.508,16.798,9.432,44.737,0.699,0.004,57.548,119.966
1785989181,408183105,1785989181,408183105,41.017,5,848,480,40.553,39.858,0.859,38.999,8.409,9.09,17.323,4.177,30.59,0.692,0.003,53.658,94.25
1785989181,508180420,1785989181,508180420,94.813,5,848,480,40.689,39.827,1.938,37.888,6.615,8.087,19.358,3.828,31.274,0.859,0.004,48.351,89.074
1785989181,574844482,1785989181,574844482,64.707,5,848,480,38.494,37.769,0.751,37.018,6.725,8.518,17.187,4.588,30.293,0.722,0.003,48.588,87.108
1785989181,641507568,1785989181,641507568,67.647,5,848,480,40.046,39.248,1.844,37.405,6.997,8.444,17.28,4.684,30.408,0.794,0.004,48.022,88.094
1785989181,708254150,1785989181,708254150,65.166,5,848,480,39.976,39.252,0.848,38.404,7.141,8.537,17.473,5.253,31.263,0.721,0.003,46.59,86.512
1785989181,775084717,1785989181,775084717,68.504,5,848,480,41.738,41.06,1.594,39.467,6.911,8.605,19.576,4.375,32.556,0.674,0.003,46.422,88.187
1785989181,841916504,1785989181,841916504,65.952,5,848,480,39.689,39.02,0.886,38.133,7.429,8.478,17.478,4.749,30.704,0.666,0.003,47.628,87.305
1785989181,908749512,1785989181,908749512,67.712,5,848,480,41.634,40.863,1.666,39.197,6.75,8.627,19.652,4.168,32.447,0.767,0.003,46.529,88.187
1785989181,975583740,1785989181,975583740,69.702,5,848,480,43.654,42.985,1.963,41.022,8.472,8.818,17.364,6.367,32.55,0.666,0.003,47.374,91.052
1785989182,42419434,1785989182,42419434,80.007,5,848,480,52.701,51.403,1.018,50.385,8.985,17.961,18.458,4.982,41.401,1.292,0.005,51.5,104.243
1785989182,75837646,1785989182,75837646,62.363,5,848,480,61.571,60.794,1.265,59.529,8.606,29.562,17.135,4.226,50.923,0.773,0.004,71.569,133.178
1785989182,142675049,1785989182,142675049,59.198,5,848,480,53.656,52.974,2.528,50.446,19.692,9.207,17.663,3.884,30.754,0.679,0.003,71.85,125.543
1785989182,209513916,1785989182,209513916,62.017,5,848,480,61.546,60.816,0.891,59.925,13.142,17.951,24.584,4.249,46.784,0.726,0.004,59.123,120.722
1785989182,276354004,1785989182,276354004,67.759,5,848,480,66.221,65.466,0.911,64.554,29.06,8.503,22.769,4.223,35.495,0.752,0.003,55.372,121.626
1785989182,343195313,1785989182,343195313,66.349,5,848,480,65.868,65.089,0.806,64.283,27.523,8.676,23.924,4.16,36.76,0.775,0.004,55.228,121.136
1785989182,410037842,1785989182,410037842,61.898,5,848,480,61.493,60.784,0.892,59.892,10.612,10.776,23.863,14.641,49.28,0.706,0.003,54.657,116.2
1785989182,476881836,1785989182,476881836,44.073,5,848,480,42.58,41.832,0.978,40.853,9.561,9.584,17.694,4.015,31.292,0.745,0.003,50.807,93.419
1785989182,543726807,1785989182,543726807,65.244,5,848,480,40.882,40.105,1.731,38.373,7.184,9.69,17.441,4.058,31.19,0.774,0.003,50.909,91.817
1785989182,610573242,1785989182,610573242,65.118,5,848,480,40.61,39.88,2.15,37.73,7.247,8.752,17.54,4.191,30.483,0.727,0.003,49.456,90.089
1785989182,677419434,1785989182,677419434,63.594,5,848,480,41.67,40.991,2.153,38.839,8.023,8.441,17.824,4.55,30.816,0.676,0.003,45.142,86.888
1785989182,744081299,1785989182,744081299,65.949,5,848,480,39.6,38.912,1.108,37.804,7.575,8.451,17.246,4.531,30.229,0.685,0.003,46.498,86.124
1785989182,810742188,1785989182,810742188,66.471,5,848,480,39.497,38.803,1.533,37.271,6.974,8.466,17.202,4.63,30.297,0.691,0.003,46.421,85.935
1785989182,877402344,1785989182,877402344,64.507,5,848,480,39.002,38.237,1.642,36.594,7.076,8.376,17.078,4.065,29.519,0.762,0.003,44.753,88.302
1785989182,944061523,1785989182,944061523,70.061,5,848,480,39.219,38.526,0.891,37.635,7.06,8.726,17.722,4.126,30.575,0.689,0.004,47.939,87.184
1785989183,10719727,1785989183,10719727,69.712,5,848,480,44.076,43.247,1.113,42.134,8.713,8.414,20.737,4.269,33.421,0.825,0.004,46.141,90.243
1785989183,77376953,1785989183,77376953,106.331,5,848,480,75.531,74.752,1.176,73.576,36.965,15.427,17.34,3.844,36.611,0.776,0.003,54.354,129.91
1785989183,144033203,1785989183,144033203,62.273,5,848,480,61.87,61.107,1.165,59.942,18.109,10.091,18.984,12.759,41.833,0.759,0.004,63.617,125.528
1785989183,210688721,1785989183,210688721,48.516,5,848,480,41.579,40.27,1.145,39.125,8.142,9.228,16.914,4.841,30.983,1.302,0.006,65.788,107.447
1785989183,277343018,1785989183,277343018,48.493,5,848,480,41.513,40.84,1.022,39.818,8.531,9.048,17.622,4.618,31.288,0.67,0.003,47.695,89.224
1785989183,343996582,1785989183,343996582,64.844,5,848,480,39.978,39.293,1.082,38.211,7.624,8.457,17.356,4.774,30.587,0.682,0.004,47.411,87.42
1785989183,410649170,1785989183,410649170,65.675,5,848,480,40.893,40.198,1.477,38.722,7.472,8.309,17.267,5.673,31.25,0.691,0.003,45.518,86.435
1785989183,477300781,1785989183,477300781,68.237,5,848,480,42.346,41.642,2.049,39.593,6.623,8.586,20.339,4.045,32.97,0.701,0.003,45.656,88.036
1785989183,543951416,1785989183,543951416,69.962,5,848,480,44.657,43.972,0.869,43.104,7.738,8.425,17.179,9.762,35.366,0.681,0.003,46.653,91.335
1785989183,577276367,1785989183,577276367,59.144,5,848,480,58.639,57.954,0.89,57.065,14.38,9.556,23.218,9.911,42.684,0.681,0.003,58.476,117.157
1785989183,643925781,1785989183,643925781,45.14,5,848,480,44.678,43.888,0.956,42.932,7.772,13.989,17.2,3.971,35.16,0.786,0.003,50.928,95.645
1785989183,677250488,1785989183,677250488,56.232,5,848,480,54.561,53.838,1.072,52.767,12.718,15.817,16.92,7.311,40.048,0.719,0.003,63.96,118.548
1785989183,743996582,1785989183,743996582,52.584,5,848,480,52.206,51.075,1.224,49.851,17.973,10.536,16.801,4.541,31.877,1.127,0.005,52.145,104.504
1785989183,777369873,1785989183,777369873,54.289,5,848,480,52.184,51.376,3.092,48.284,12.513,13.828,17.429,4.514,35.771,0.805,0.003,73.091,125.303
1785989183,844117920,1785989183,844117920,44.744,5,848,480,44.359,43.612,5.716,37.896,7.893,8.509,17.366,4.128,30.004,0.744,0.003,61.085,103.302
1785989183,877492188,1785989183,877492188,54.807,5,848,480,53.242,52.515,1.334,51.181,19.23,10.487,17.421,4.043,31.951,0.724,0.003,71.461,124.747
1785989183,944242188,1785989183,944242188,41.046,5,848,480,40.631,39.706,0.873,38.832,7.242,9.869,17.137,4.584,31.59,0.919,0.006,58.363,99.338
1785989184,77745850,1785989184,77745850,141.332,5,848,480,49.661,48.899,0.889,48.01,7.908,18.011,16.724,5.369,40.103,0.757,0.004,57.175,106.869
1785989184,111122559,1785989184,111122559,49.618,5,848,480,47.715,46.98,1.163,45.816,9.937,13.185,17.699,4.995,35.879,0.733,0.003,75.401,123.131
1785989184,177877197,1785989184,177877197,67.064,5,848,480,66.635,65.912,0.923,64.99,21.933,21.232,17.158,4.667,43.057,0.719,0.004,56.734,123.407
1785989184,244632813,1785989184,244632813,65.961,5,848,480,61.629,60.991,2.181,58.809,15.579,14.474,16.871,11.885,43.23,0.636,0.003,60.962,122.609
1785989184,311389893,1785989184,311389893,48.122,5,848,480,47.653,46.714,0.916,45.798,7.279,17.107,16.852,4.56,38.52,0.933,0.005,56.289,103.993
1785989184,344769043,1785989184,344769043,57.011,5,848,480,54.265,53.503,2.111,51.392,18.69,11.205,17.575,3.922,32.702,0.759,0.003,73.321,127.612
1785989184,411528076,1785989184,411528076,59.809,5,848,480,59.362,58.633,1.878,56.755,12.267,17.887,17.519,9.082,44.488,0.725,0.003,61.259,120.675
1785989184,478288574,1785989184,478288574,64.059,5,848,480,63.639,62.894,0.869,62.025,17.195,15.834,16.813,12.183,44.83,0.742,0.003,54.281,117.961
1785989184,545050293,1785989184,545050293,44.13,5,848,480,42.617,41.92,0.934,40.987,7.786,11.248,17.97,3.983,33.201,0.694,0.003,52.676,95.328
1785989184,611813477,1785989184,611813477,65.005,5,848,480,42.554,41.868,1.982,39.886,6.832,11.363,17.539,4.151,33.053,0.683,0.003,50.989,93.652
1785989184,678577148,1785989184,678577148,60.165,5,848,480,40.084,39.358,1.729,37.63,7.379,8.44,17.519,4.292,30.251,0.723,0.003,46.915,86.97
1785989184,745261963,1785989184,745261963,69.298,5,848,480,44.273,43.497,1.486,42.011,8.093,8.499,21.333,4.086,33.918,0.773,0.003,45.286,89.585
1785989184,811946045,1785989184,811946045,63.236,5,848,480,40.905,40.239,2.091,38.148,7.803,8.46,17.319,4.566,30.344,0.663,0.003,45.207,86.17
1785989184,878629639,1785989184,878629639,64.511,5,848,480,39.406,38.61,1.69,36.92,6.726,8.571,17.248,4.375,30.193,0.793,0.003,44.529,83.961
1785989184,945312744,1785989184,945312744,66.642,5,848,480,38.619,37.892,1.268,36.624,7.109,8.161,17.192,4.161,29.515,0.723,0.003,45.275,83.919
1785989185,11995117,1785989185,11995117,70.997,5,848,480,41.286,40.541,1.875,38.667,6.849,8.623,18.032,5.162,31.818,0.694,0.051,46.971,88.285
1785989185,78677002,1785989185,78677002,86.347,5,848,480,51.484,50.274,0.886,49.388,9.937,16.274,18.686,4.49,39.451,1.204,0.007,56.402,107.933
1785989185,112017822,1785989185,112017822,59.992,5,848,480,59.397,58.397,1.128,57.268,20.289,15.116,17.5,4.364,36.98,0.995,0.005,75.121,134.658
1785989185,178698730,1785989185,178698730,55.534,5,848,480,54.929,53.958,3.521,50.437,17.605,9.673,17.486,5.673,32.832,0.966,0.005,68.441,123.422
1785989185,212039063,1785989185,212039063,55.017,5,848,480,46.982,46.079,2.402,43.677,11.871,9.567,17.384,4.854,31.806,0.898,0.005,98.079,145.094
1785989185,278718994,1785989185,278718994,49.599,5,848,480,49.125,48.409,8.546,39.863,8.142,10.007,17.473,4.241,31.721,0.712,0.003,78.841,128.003
1785989185,345398682,1785989185,345398682,53.944,5,848,480,53.436,52.556,0.95,51.606,14.483,14.445,16.827,5.85,37.122,0.875,0.005,61.793,115.285
1785989185,412077393,1785989185,412077393,46.371,5,848,480,44.816,44.133,4.164,39.969,8.69,9.675,17.464,4.139,31.279,0.68,0.003,50.109,94.957
1785989185,445416748,1785989185,445416748,56.983,5,848,480,56.493,55.815,0.836,54.979,9.309,13.786,17.419,14.465,45.67,0.675,0.004,62.07,118.597
1785989185,512094727,1785989185,512094727,40.973,5,848,480,40.374,39.678,0.811,38.867,7.648,9.664,17.46,4.094,31.219,0.693,0.003,52.488,92.897
1785989185,578772217,1785989185,578772217,62.583,5,848,480,39.433,38.677,1.655,37.022,6.714,8.855,17.415,4.038,30.308,0.752,0.004,49.345,88.811
1785989185,645448975,1785989185,645448975,66.692,5,848,480,42.91,42.239,2.149,40.089,6.947,8.69,20.336,4.117,33.142,0.668,0.003,45.887,88.818
1785989185,712124268,1785989185,712124268,67.0,5,848,480,41.299,40.621,1.804,38.817,7.299,8.583,18.818,4.117,31.518,0.675,0.003,47.816,89.144
1785989185,812133057,1785989185,812133057,96.648,5,848,480,40.626,39.762,2.062,37.7,6.971,8.579,17.102,5.048,30.729,0.861,0.003,45.132,85.941
1785989185,878804688,1785989185,878804688,66.708,5,848,480,40.738,40.0,1.785,38.215,7.851,8.422,17.24,4.701,30.363,0.735,0.003,45.053,85.816
1785989185,945475586,1785989185,945475586,71.811,5,848,480,40.364,39.683,2.258,37.425,6.928,8.755,17.562,4.179,30.496,0.679,0.003,50.572,90.956
1785989186,45480469,1785989186,45480469,109.359,5,848,480,54.107,53.36,1.846,51.514,7.038,8.597,27.282,8.597,44.475,0.744,0.003,46.177,100.318
1785989186,78814941,1785989186,78814941,62.249,5,848,480,61.638,60.916,1.086,59.83,26.422,11.284,17.512,4.613,33.408,0.718,0.004,67.554,129.234
1785989186,145483643,1785989186,145483643,51.859,5,848,480,51.418,50.588,0.955,49.633,13.649,10.153,16.978,8.853,35.984,0.825,0.004,62.961,114.421
1785989186,178817627,1785989186,178817627,70.129,5,848,480,69.702,68.871,1.0,67.871,28.382,13.603,17.118,8.768,39.489,0.828,0.004,81.47,151.219
1785989186,278818604,1785989186,278818604,65.55,5,848,480,52.601,51.853,0.96,50.893,16.209,10.922,16.783,6.979,34.684,0.745,0.003,64.136,116.76
1785989186,345485107,1785989186,345485107,57.01,5,848,480,55.581,54.881,0.979,53.902,13.903,17.891,16.569,5.539,39.999,0.697,0.003,51.49,107.104
1785989186,378818115,1785989186,378818115,47.398,5,848,480,46.908,46.037,1.484,44.553,12.871,8.912,17.328,5.443,31.682,0.867,0.003,74.222,121.169
1785989186,445483398,1785989186,445483398,64.598,5,848,480,64.111,63.425,0.82,62.605,8.273,22.844,16.793,14.696,54.333,0.683,0.003,54.953,119.1
1785989186,512147949,1785989186,512147949,46.854,5,848,480,46.238,45.457,0.887,44.569,13.263,9.813,17.496,3.997,31.306,0.777,0.004,53.018,99.312
1785989186,545479980,1785989186,545479980,58.643,5,848,480,56.506,55.775,2.075,53.7,23.026,8.802,17.719,4.154,30.674,0.728,0.003,68.14,124.603
1785989186,612143311,1785989186,612143311,47.529,5,848,480,47.125,46.249,3.948,42.301,10.48,9.686,17.21,4.925,31.821,0.872,0.004,58.304,105.481
1785989186,645474854,1785989186,645474854,51.726,5,848,480,50.1,49.358,1.447,47.911,16.921,9.315,17.616,4.059,30.99,0.738,0.003,73.732,123.874
1785989186,712146240,1785989186,712146240,40.724,5,848,480,40.313,39.597,0.87,38.727,7.416,9.553,17.316,4.441,31.311,0.712,0.003,57.563,97.915
1785989186,778824951,1785989186,778824951,61.269,5,848,480,43.106,42.353,3.604,38.749,8.655,8.792,17.33,3.972,30.094,0.75,0.003,49.382,92.506
1785989186,845503174,1785989186,845503174,63.611,5,848,480,40.377,39.616,1.725,37.891,7.173,8.633,17.342,4.744,30.718,0.757,0.003,49.034,89.438
1785989186,912180664,1785989186,912180664,63.205,5,848,480,39.501,38.338,1.713,36.625,7.159,8.348,17.183,3.935,29.466,1.158,0.005,46.44,85.972
1785989186,978857422,1785989186,978857422,70.577,5,848,480,41.538,40.835,2.519,38.316,8.416,8.618,17.286,3.996,29.9,0.7,0.003,48.304,89.865
1785989187,78871582,1785989187,78871582,111.108,5,848,480,51.629,50.745,1.259,49.486,11.511,15.291,17.517,5.167,37.975,0.879,0.005,49.38,100.976
1785989187,112209229,1785989187,112209229,61.275,5,848,480,60.73,59.975,4.126,55.849,14.135,14.145,17.542,10.027,41.714,0.726,0.028,68.156,128.927
1785989187,178884277,1785989187,178884277,64.06,5,848,480,63.613,62.802,3.733,59.069,20.26,16.784,17.585,4.441,38.809,0.807,0.004,62.629,126.283
1785989187,245558350,1785989187,245558350,63.525,5,848,480,63.113,62.349,0.966,61.383,25.984,9.207,19.415,6.777,35.399,0.762,0.003,59.978,123.134
1785989187,312232178,1785989187,312232178,65.379,5,848,480,57.042,56.327,3.053,53.274,21.009,9.854,17.746,4.665,32.266,0.712,0.003,64.769,121.836
1785989187,378905029,1785989187,378905029,43.704,5,848,480,43.288,42.477,0.893,41.584,9.682,10.292,17.612,3.997,31.901,0.809,0.003,55.54,98.868
1785989187,412241211,1785989187,412241211,59.079,5,848,480,57.241,56.483,0.999,55.484,19.653,11.508,19.951,4.372,35.831,0.755,0.003,67.346,124.611
1785989187,478913330,1785989187,478913330,61.114,5,848,480,60.714,59.93,0.808,59.122,19.589,14.544,16.789,8.2,39.533,0.781,0.003,58.299,119.055
1785989187,545584717,1785989187,545584717,58.591,5,848,480,55.818,54.969,1.105,53.864,23.137,8.953,16.618,5.155,30.727,0.844,0.006,55.122,110.99
1785989187,578920166,1785989187,578920166,52.307,5,848,480,49.287,48.602,7.801,40.801,8.586,9.542,18.496,4.177,32.215,0.682,0.003,80.634,129.944
1785989187,645590576,1785989187,645590576,59.199,5,848,480,58.675,57.962,0.865,57.097,16.617,17.952,17.532,4.996,40.48,0.71,0.003,63.759,122.486
1785989187,712273682,1785989187,712273682,51.593,5,848,480,51.189,50.497,1.048,49.449,18.087,9.443,16.864,5.055,31.363,0.689,0.003,56.154,107.383
1785989187,745763916,1785989187,745763916,51.775,5,848,480,49.544,48.748,4.839,43.909,13.743,8.686,17.568,3.912,30.166,0.792,0.003,76.104,125.67
1785989187,812748535,1785989187,812748535,53.335,5,848,480,52.933,52.101,0.952,51.149,7.657,19.537,16.913,7.043,43.492,0.828,0.004,59.045,112.033
1785989187,846242676,1785989187,846242676,48.336,5,848,480,47.856,47.174,0.97,46.204,15.174,9.205,17.633,4.192,31.03,0.678,0.003,78.969,126.862
1785989187,913234863,1785989187,913234863,44.777,5,848,480,44.285,43.332,1.053,42.279,11.24,9.821,17.116,4.101,31.039,0.948,0.005,60.323,104.662
1785989187,946732910,1785989187,946732910,53.386,5,848,480,51.115,50.172,1.895,48.277,11.96,11.254,17.604,7.459,36.317,0.938,0.004,73.402,124.541
1785989188,13733154,1785989188,13733154,72.764,5,848,480,72.043,71.321,0.957,70.363,23.444,16.497,17.69,12.732,46.919,0.72,0.003,58.22,130.295
1785989188,80738525,1785989188,80738525,55.457,5,848,480,54.895,54.079,0.958,53.122,18.277,9.224,17.678,7.942,34.844,0.813,0.003,63.815,118.752
1785989188,114242920,1785989188,114242920,70.729,5,848,480,52.147,51.329,2.225,49.104,15.892,9.175,18.466,5.571,33.212,0.814,0.004,103.815,155.976
1785989188,181256104,1785989188,181256104,63.7,5,848,480,63.044,62.326,1.83,60.496,18.114,13.303,17.242,11.837,42.382,0.715,0.003,89.579,152.66
1785989188,281785645,1785989188,281785645,44.126,5,848,480,43.728,42.96,1.063,41.897,7.59,11.896,17.525,4.886,34.307,0.764,0.004,52.489,96.255
1785989188,315297852,1785989188,315297852,64.753,5,848,480,58.129,57.344,2.575,54.769,21.025,9.183,20.359,4.203,33.744,0.781,0.004,69.346,127.5
1785989188,382326660,1785989188,382326660,57.205,5,848,480,56.794,55.872,0.904,54.968,19.795,10.25,17.512,7.411,35.172,0.919,0.004,60.839,117.679
1785989188,449360596,1785989188,449360596,46.402,5,848,480,45.908,45.017,1.739,43.277,10.358,11.353,17.436,4.13,32.919,0.888,0.004,51.095,97.06
1785989188,482879639,1785989188,482879639,53.01,5,848,480,50.424,49.755,1.274,48.481,11.636,10.544,16.865,9.436,36.845,0.665,0.004,66.089,116.591
1785989188,549921387,1785989188,549921387,65.631,5,848,480,65.173,64.48,1.721,62.759,30.406,9.836,16.865,5.652,32.353,0.69,0.004,49.909,115.118
1785989188,616968262,1785989188,616968262,45.337,5,848,480,44.94,44.15,2.017,42.133,11.64,9.202,17.189,4.102,30.493,0.787,0.003,48.432,93.413
1785989188,650493652,1785989188,650493652,59.527,5,848,480,57.453,56.753,1.003,55.75,25.398,8.927,17.17,4.256,30.352,0.697,0.003,61.929,119.41
1785989188,717544434,1785989188,717544434,45.409,5,848,480,45.026,44.26,1.762,42.498,11.359,9.442,17.318,4.38,31.14,0.763,0.003,52.705,97.785
1785989188,750885742,1785989188,750885742,53.012,5,848,480,51.29,50.545,0.998,49.546,18.255,9.088,17.351,4.852,31.291,0.742,0.003,66.122,117.439
1785989188,817567627,1785989188,817567627,53.104,5,848,480,52.718,50.466,0.957,49.509,16.252,11.31,16.728,5.219,33.257,2.243,0.008,51.113,103.912
1785989188,850908447,1785989188,850908447,49.113,5,848,480,45.75,45.068,2.162,42.905,10.098,8.818,19.783,4.207,32.808,0.679,0.003,73.866,119.635
1785989188,917589600,1785989188,917589600,48.996,5,848,480,48.532,47.72,0.863,46.856,15.35,9.769,16.75,4.988,31.506,0.809,0.004,53.38,101.957
1785989189,17610107,1785989189,17610107,78.858,5,848,480,38.775,38.047,1.66,36.387,6.699,8.61,17.091,3.986,29.688,0.725,0.003,41.986,80.79
1785989189,84289795,1785989189,84289795,84.732,5,848,480,44.199,43.413,0.96,42.453,8.205,12.147,17.045,5.056,34.248,0.782,0.004,54.618,99.04
1785989189,150968994,1785989189,150968994,68.213,5,848,480,42.869,41.874,0.978,40.896,9.215,10.217,16.983,4.481,31.681,0.989,0.006,57.485,100.404
1785989189,250986572,1785989189,250986572,84.059,5,848,480,41.384,40.687,0.903,39.785,9.323,8.549,17.096,4.817,30.462,0.693,0.003,43.006,84.414
1785989189,317664307,1785989189,317664307,68.956,5,848,480,43.575,42.875,1.03,41.845,7.173,8.425,21.956,4.292,34.673,0.696,0.004,43.099,86.765
1785989189,351002930,1785989189,351002930,61.925,5,848,480,54.601,53.85,1.01,52.84,21.578,8.582,16.721,5.96,31.262,0.747,0.003,60.656,115.284
1785989189,417679688,1785989189,417679688,42.315,5,848,480,41.895,41.144,1.505,39.639,8.491,9.416,17.616,4.116,31.148,0.748,0.003,48.986,90.92
1785989189,484355957,1785989189,484355957,61.852,5,848,480,39.89,39.201,1.832,37.369,6.695,8.501,17.256,4.918,30.675,0.686,0.003,46.179,86.097
1785989189,551031494,1785989189,551031494,65.317,5,848,480,43.224,42.524,1.899,40.625,8.76,8.482,18.873,4.51,31.865,0.697,0.003,41.486,84.738
1785989189,617706787,1785989189,617706787,64.46,5,848,480,40.023,39.344,1.688,37.656,6.769,8.514,17.253,5.12,30.887,0.676,0.003,42.47,82.522
1785989189,684381104,1785989189,684381104,67.606,5,848,480,39.39,38.648,0.83,37.818,7.182,8.585,17.442,4.609,30.636,0.739,0.004,44.112,83.454
1785989189,751061279,1785989189,751061279,67.302,5,848,480,40.725,40.018,1.954,38.064,6.86,9.156,17.266,4.783,31.205,0.704,0.003,43.323,84.075
1785989189,817745850,1785989189,817745850,66.088,5,848,480,40.947,39.943,2.148,37.795,6.932,8.585,17.339,4.939,30.863,0.999,0.005,42.51,83.501
1785989189,884429932,1785989189,884429932,66.238,5,848,480,40.719,40.059,2.624,37.436,6.752,8.984,17.251,4.448,30.683,0.657,0.003,42.288,83.032
1785989189,951113281,1785989189,951113281,66.55,5,848,480,42.019,41.35,2.776,38.574,7.071,8.591,17.373,5.54,31.503,0.666,0.003,40.856,82.9
1785989190,17796143,1785989190,17796143,71.302,5,848,480,43.336,42.506,1.955,40.551,7.697,8.133,20.031,4.691,32.854,0.826,0.003,44.157,87.519
1785989190,117819580,1785989190,117819580,108.516,5,848,480,49.332,48.505,2.006,46.499,7.301,10.199,17.788,11.21,39.198,0.823,0.004,46.657,96.016
1785989190,151160400,1785989190,151160400,78.935,5,848,480,78.523,77.73,1.698,76.031,31.26,14.841,17.406,12.525,44.771,0.788,0.005,63.045,141.614
1785989190,217841553,1785989190,217841553,56.592,5,848,480,56.137,55.295,1.334,53.962,22.052,10.862,17.084,3.964,31.909,0.838,0.004,75.344,131.529
1785989190,284522217,1785989190,284522217,52.408,5,848,480,47.652,46.794,1.882,44.912,9.123,9.076,17.732,8.981,35.789,0.855,0.004,69.558,117.248
1785989190,351202393,1785989190,351202393,64.4,5,848,480,59.484,58.714,2.158,56.556,19.11,11.772,16.709,8.965,37.446,0.766,0.003,55.456,114.963
1785989190,417882080,1785989190,417882080,55.586,5,848,480,48.437,47.236,2.334,44.901,7.323,15.567,16.635,5.376,37.578,1.197,0.004,55.409,103.88
1785989190,451221680,1785989190,451221680,51.702,5,848,480,48.998,48.273,3.557,44.717,13.749,9.509,17.397,4.062,30.967,0.721,0.003,73.208,122.314
1785989190,517900391,1785989190,517900391,60.97,5,848,480,60.425,59.762,0.847,58.914,10.658,20.205,16.729,11.323,48.257,0.661,0.003,56.06,116.52
1785989190,584578613,1785989190,584578613,47.786,5,848,480,47.322,46.487,0.915,45.571,11.065,13.901,16.718,3.888,34.507,0.831,0.005,50.271,97.658
1785989190,617917725,1785989190,617917725,58.502,5,848,480,55.652,54.835,1.34,53.495,23.63,8.294,17.398,4.172,29.865,0.814,0.004,67.221,122.798
1785989190,684594971,1785989190,684594971,48.859,5,848,480,48.441,47.512,0.921,46.591,14.604,9.12,17.365,5.501,31.987,0.923,0.006,56.499,105.003
1785989190,717934082,1785989190,717934082,55.116,5,848,480,53.17,52.343,8.808,43.534,10.413,9.231,17.654,6.237,33.121,0.823,0.004,73.558,126.77
1785989190,784617188,1785989190,784617188,61.784,5,848,480,61.34,60.627,8.869,51.758,13.938,16.143,17.569,4.108,37.821,0.709,0.004,60.473,121.852
1785989190,851299561,1785989190,851299561,61.262,5,848,480,60.855,60.063,0.964,59.098,23.319,13.495,17.058,5.227,35.78,0.789,0.004,55.537,116.431
1785989190,917981689,1785989190,917981689,56.531,5,848,480,55.176,53.809,2.579,51.23,14.125,15.269,16.617,5.219,37.105,1.36,0.007,51.122,106.318
1785989190,951322266,1785989190,951322266,48.656,5,848,480,47.361,46.634,1.085,45.548,14.629,8.852,17.694,4.373,30.919,0.724,0.003,74.2,121.593
1785989191,18003418,1785989191,18003418,58.951,5,848,480,58.555,57.687,0.861,56.826,10.922,13.003,16.745,16.156,45.905,0.863,0.005,55.273,113.879
1785989191,84683838,1785989191,84683838,86.58,5,848,480,65.43,64.245,2.524,61.72,14.254,19.636,17.37,10.46,47.466,1.18,0.005,68.321,133.789
1785989191,151363770,1785989191,151363770,56.83,5,848,480,55.836,55.127,1.315,53.812,18.078,13.762,17.59,4.382,35.734,0.705,0.003,68.053,123.919
1785989191,218043213,1785989191,218043213,59.114,5,848,480,58.649,57.97,2.219,55.751,17.695,14.35,18.007,5.699,38.056,0.677,0.003,57.661,116.348
1785989191,284721924,1785989191,284721924,53.424,5,848,480,51.856,50.926,0.842,50.083,18.544,9.954,16.703,4.882,31.539,0.925,0.005,51.209,103.113
1785989191,318061279,1785989191,318061279,50.563,5,848,480,48.996,48.345,3.394,44.951,10.919,9.954,17.294,6.785,34.032,0.648,0.003,71.306,120.318
1785989191,384739258,1785989191,384739258,63.637,5,848,480,63.243,62.557,1.939,60.618,28.884,8.576,16.948,6.21,31.733,0.683,0.003,53.995,117.278
1785989191,451416504,1785989191,451416504,70.874,5,848,480,64.453,63.582,2.108,61.474,25.04,8.688,17.812,9.934,36.434,0.868,0.004,56.999,121.475
1785989191,518093506,1785989191,518093506,65.748,5,848,480,64.391,63.472,0.961,62.511,15.86,18.377,17.243,11.03,46.651,0.915,0.004,56.121,120.556
1785989191,584769775,1785989191,584769775,62.925,5,848,480,62.21,61.506,1.465,60.041,15.939,18.328,18.687,7.086,44.102,0.702,0.003,54.634,116.791
1785989191,651445557,1785989191,651445557,62.994,5,848,480,62.56,61.867,1.016,60.852,17.774,16.445,16.657,9.975,43.077,0.689,0.004,50.513,113.111
1785989191,718121338,1785989191,718121338,46.05,5,848,480,44.573,43.79,1.324,42.466,12.113,8.898,17.466,3.989,30.353,0.78,0.003,47.883,92.487
1785989191,751461914,1785989191,751461914,56.939,5,848,480,56.537,55.827,0.924,54.903,16.634,12.728,17.047,8.494,38.269,0.706,0.004,59.509,116.082
1785989191,818143066,1785989191,818143066,52.397,5,848,480,52.014,51.047,1.129,49.918,8.003,13.536,24.047,4.332,41.915,0.962,0.005,49.749,101.948
1785989191,851483398,1785989191,851483398,49.751,5,848,480,47.82,47.084,1.647,45.437,13.746,8.806,17.142,5.742,31.69,0.733,0.003,70.363,118.212
1785989191,918163574,1785989191,918163574,53.873,5,848,480,53.484,52.207,1.009,51.198,8.651,21.281,16.606,4.66,42.547,1.27,0.007,51.902,105.601
1785989191,951503418,1785989191,951503418,50.595,5,848,480,48.336,47.603,8.895,38.708,8.578,8.924,17.329,3.876,30.13,0.73,0.003,74.298,122.661
1785989191,984843262,1785989191,984843262,79.053,5,848,480,78.59,77.247,1.046,76.201,18.953,23.508,17.362,16.377,57.247,1.337,0.006,89.841,170.923
1785989192,84861572,1785989192,84861572,85.165,5,848,480,81.483,80.759,3.543,77.216,24.117,16.666,30.358,6.075,53.099,0.721,0.003,72.014,153.513
1785989192,184878662,1785989192,184878662,60.87,5,848,480,60.509,59.719,0.887,58.831,20.806,9.389,16.981,11.656,38.026,0.786,0.004,53.823,114.371
1785989192,251555908,1785989192,251555908,41.997,5,848,480,40.419,39.741,0.933,38.808,7.985,9.024,17.572,4.227,30.823,0.675,0.003,49.241,89.693
1785989192,318232422,1785989192,318232422,60.466,5,848,480,39.782,39.103,1.537,37.566,6.733,8.471,17.648,4.713,30.833,0.676,0.003,43.672,83.48
1785989192,384908447,1785989192,384908447,70.938,5,848,480,43.17,42.394,1.866,40.528,10.011,9.208,17.413,3.896,30.517,0.773,0.003,44.552,87.741
1785989192,451583984,1785989192,451583984,63.496,5,848,480,40.261,39.542,2.003,37.539,6.927,8.55,17.33,4.732,30.612,0.715,0.004,44.278,84.562
1785989192,484921631,1785989192,484921631,64.277,5,848,480,57.119,56.46,3.17,53.29,19.675,8.541,17.416,7.658,33.615,0.655,0.004,58.362,115.5
1785989192,551596191,1785989192,551596191,54.151,5,848,480,53.666,52.617,0.878,51.739,15.595,13.957,16.783,5.404,36.144,1.043,0.006,49.279,103.01
1785989192,584933105,1785989192,584933105,53.015,5,848,480,51.222,50.291,1.419,48.872,17.845,9.257,17.555,4.215,31.027,0.927,0.004,71.408,122.663
1785989192,651606934,1785989192,651606934,61.301,5,848,480,60.756,60.061,1.249,58.812,20.113,14.127,17.519,7.053,38.699,0.692,0.003,56.493,117.281
1785989192,718280518,1785989192,718280518,41.143,5,848,480,40.752,40.042,0.909,39.134,7.588,9.536,17.388,4.622,31.545,0.707,0.003,50.963,91.755
1785989192,784968018,1785989192,784968018,61.744,5,848,480,39.592,38.877,0.989,37.889,7.855,8.467,17.183,4.384,30.034,0.711,0.004,47.194,86.812
1785989192,851654785,1785989192,851654785,64.906,5,848,480,39.909,39.127,1.033,38.094,7.416,8.732,17.213,4.733,30.678,0.779,0.004,45.096,85.034
1785989192,918341064,1785989192,918341064,66.661,5,848,480,39.526,38.766,0.932,37.833,7.23,8.359,17.361,4.884,30.604,0.757,0.003,45.509,85.005
1785989192,985027100,1785989192,985027100,66.318,5,848,480,40.103,39.428,0.973,38.454,8.095,8.471,17.368,4.521,30.36,0.672,0.004,44.512,84.637
1785989193,51712402,1785989193,51712402,68.97,5,848,480,41.108,40.121,1.001,39.12,8.375,8.67,17.266,4.809,30.745,0.982,0.005,45.79,86.937
1785989193,118397217,1785989193,118397217,77.56,5,848,480,45.351,44.555,0.951,43.605,9.664,10.727,19.005,4.209,33.94,0.792,0.004,52.423,97.806
1785989193,151739502,1785989193,151739502,63.748,5,848,480,63.201,62.326,1.259,61.067,21.151,15.444,18.503,5.969,39.916,0.872,0.003,64.968,128.206
1785989193,218423584,1785989193,218423584,57.171,5,848,480,56.716,56.064,1.396,54.668,12.631,19.608,17.099,5.33,42.038,0.649,0.003,61.935,118.688
1785989193,285106934,1785989193,285106934,41.087,5,848,480,40.63,39.806,1.996,37.81,7.493,9.137,17.242,3.939,30.317,0.82,0.004,52.425,93.103
1785989193,351790039,1785989193,351790039,65.14,5,848,480,39.887,39.079,1.938,37.141,6.803,8.885,17.296,4.157,30.338,0.805,0.003,51.638,91.551
1785989193,451813721,1785989193,451813721,94.049,5,848,480,41.348,40.619,2.061,38.558,7.829,8.153,17.372,5.204,30.729,0.726,0.003,44.204,85.576
1785989193,485154785,1785989193,485154785,64.486,5,848,480,57.01,56.175,1.037,55.138,15.606,12.303,16.857,10.372,39.532,0.831,0.004,59.686,116.722
1785989193,551836182,1785989193,551836182,39.592,5,848,480,39.171,38.322,0.914,37.407,6.965,9.093,17.356,3.993,30.442,0.846,0.004,50.421,89.642
1785989193,618517334,1785989193,618517334,65.109,5,848,480,39.86,39.116,1.773,37.342,6.666,8.671,17.946,4.059,30.677,0.741,0.003,48.172,88.06
1785989193,685197754,1785989193,685197754,65.863,5,848,480,41.418,40.614,1.707,38.907,6.956,8.672,19.355,3.924,31.951,0.801,0.003,45.796,87.242
1785989193,751878906,1785989193,751878906,65.063,5,848,480,39.972,39.155,2.083,37.071,7.116,8.379,17.189,4.387,29.955,0.814,0.003,45.625,85.623
1785989193,818559570,1785989193,818559570,67.831,5,848,480,42.161,41.419,1.74,39.68,8.417,8.636,17.593,5.034,31.263,0.738,0.004,44.586,86.773
1785989193,885239746,1785989193,885239746,67.623,5,848,480,41.418,40.63,1.81,38.82,6.787,8.442,19.396,4.195,32.033,0.785,0.004,46.272,87.717
1785989193,951919434,1785989193,951919434,67.022,5,848,480,43.878,43.189,1.671,41.519,9.186,8.627,17.169,6.536,32.333,0.686,0.003,44.159,88.057
1785989194,18598389,1785989194,18598389,64.708,5,848,480,39.149,38.295,1.788,36.507,6.49,8.542,17.284,4.19,30.017,0.851,0.003,46.913,86.088
1785989194,85276855,1785989194,85276855,83.298,5,848,480,49.183,48.32,0.925,47.395,7.989,13.719,21.396,4.291,39.406,0.86,0.004,53.501,102.713
1785989194,118615967,1785989194,118615967,59.762,5,848,480,59.26,58.383,4.827,53.555,21.272,10.625,17.493,4.165,32.283,0.874,0.003,69.835,129.134
1785989194,185293457,1785989194,185293457,60.477,5,848,480,59.851,59.178,0.812,58.367,18.743,18.409,17.348,3.866,39.624,0.669,0.003,63.047,122.943
1785989194,218631836,1785989194,218631836,44.756,5,848,480,44.278,43.45,0.794,42.657,11.216,10.067,17.229,4.144,31.44,0.823,0.005,90.033,134.36
1785989194,318646729,1785989194,318646729,58.145,5,848,480,41.579,40.907,1.367,39.54,7.197,10.754,17.581,4.008,32.343,0.669,0.003,50.872,92.478
1785989194,385322510,1785989194,385322510,65.675,5,848,480,42.096,41.271,1.038,40.233,8.117,8.87,18.866,4.38,32.116,0.821,0.004,49.356,91.484
1785989194,451997559,1785989194,451997559,70.676,5,848,480,44.016,43.167,1.518,41.649,7.127,11.75,17.437,5.336,34.523,0.845,0.003,51.437,95.48
1785989194,485334961,1785989194,485334961,62.125,5,848,480,49.547,48.8,9.717,39.083,7.011,10.447,17.516,4.109,32.072,0.743,0.003,74.703,124.266
1785989194,552009277,1785989194,552009277,61.781,5,848,480,61.32,60.596,1.78,58.815,20.679,15.384,17.197,5.555,38.136,0.721,0.003,58.017,119.371
1785989194,618682861,1785989194,618682861,48.518,5,848,480,48.121,47.248,0.976,46.272,8.052,17.162,16.895,4.164,38.22,0.868,0.004,53.057,101.236
1785989194,652019531,1785989194,652019531,84.054,5,848,480,81.556,80.915,3.17,77.745,26.109,18.31,16.735,16.591,51.636,0.639,0.003,70.361,151.929
1785989194,752112549,1785989194,752112549,61.298,5,848,480,60.85,58.947,2.06,56.888,19.904,13.411,16.759,6.813,36.984,1.828,0.074,52.322,113.231
1785989194,818953369,1785989194,818953369,56.229,5,848,480,49.965,49.18,0.915,48.265,11.806,15.5,16.918,4.041,36.459,0.781,0.004,52.545,102.539
1785989194,852374512,1785989194,852374512,46.34,5,848,480,45.861,44.961,0.849,44.112,10.747,8.603,17.21,7.552,33.365,0.895,0.005,69.549,115.457
1785989194,919217529,1785989194,919217529,41.737,5,848,480,41.261,40.566,1.442,39.124,8.005,9.613,17.509,3.998,31.119,0.692,0.003,49.044,90.34
1785989194,986062012,1785989194,986062012,64.151,5,848,480,41.893,41.172,2.342,38.831,8.514,8.654,17.317,4.345,30.316,0.717,0.003,45.736,87.643
1785989195,52907959,1785989195,52907959,69.801,5,848,480,44.895,44.132,0.986,43.147,7.296,13.43,17.605,4.815,35.85,0.759,0.004,45.68,90.604
1785989195,86331299,1785989195,86331299,72.141,5,848,480,71.726,71.027,0.819,70.208,31.054,9.852,24.692,4.61,39.154,0.696,0.003,57.554,129.32
1785989195,153179443,1785989195,153179443,73.917,5,848,480,73.517,72.627,0.898,71.729,28.544,21.014,17.233,4.938,43.185,0.885,0.005,62.833,139.66
1785989195,220029053,1785989195,220029053,60.323,5,848,480,55.098,54.189,2.974,51.215,11.323,16.965,18.382,4.545,39.892,0.905,0.005,74.734,129.869
1785989195,286879883,1785989195,286879883,54.834,5,848,480,52.317,51.565,2.24,49.325,16.831,10.101,17.068,5.325,32.495,0.749,0.003,65.504,117.841
1785989195,353732178,1785989195,353732178,65.577,5,848,480,65.182,64.518,0.963,63.555,28.762,8.548,16.674,9.571,34.793,0.66,0.003,51.348,116.566
1785989195,420586182,1785989195,420586182,66.215,5,848,480,65.825,65.046,2.319,62.727,11.697,24.563,16.861,9.606,51.03,0.776,0.003,50.065,115.932
1785989195,487441406,1785989195,487441406,66.062,5,848,480,64.306,63.53,1.338,62.192,23.677,16.39,16.773,5.351,38.514,0.773,0.003,50.956,115.138
1785989195,554298096,1785989195,554298096,52.263,5,848,480,46.086,45.052,7.027,38.026,7.485,9.284,17.015,4.241,30.541,1.029,0.005,54.437,100.6
1785989195,587727051,1785989195,587727051,57.046,5,848,480,55.182,54.468,2.616,51.852,21.616,8.878,17.386,3.971,30.236,0.71,0.004,68.952,124.162
1785989195,654585938,1785989195,654585938,57.874,5,848,480,53.157,52.407,1.943,50.464,14.915,9.023,17.282,9.244,35.549,0.747,0.003,61.984,115.248
1785989195,721444580,1785989195,721444580,49.901,5,848,480,49.42,48.682,0.863,47.819,14.727,11.983,16.997,4.112,33.091,0.735,0.003,48.761,98.218
1785989195,754777100,1785989195,754777100,59.156,5,848,480,57.333,56.519,0.995,55.523,23.923,9.51,17.724,4.367,31.6,0.811,0.003,66.678,124.041
1785989195,788109619,1785989195,788109619,60.097,5,848,480,59.696,58.78,0.958,57.822,21.619,14.321,17.213,4.67,36.204,0.912,0.004,91.086,150.815
1785989195,888105713,1785989195,888105713,47.942,5,848,480,47.46,46.648,3.298,43.35,11.327,10.683,17.297,4.043,32.023,0.808,0.004,51.254,98.764
1785989195,921437256,1785989195,921437256,53.155,5,848,480,51.206,50.545,1.727,48.818,14.597,10.366,17.565,6.29,34.221,0.658,0.003,67.353,118.574
1785989195,988099854,1785989195,988099854,43.058,5,848,480,42.536,41.814,1.46,40.354,7.687,10.524,18.037,4.107,32.667,0.718,0.003,52.396,94.972
1785989196,54761475,1785989196,54761475,74.399,5,848,480,55.512,54.622,1.058,53.564,10.002,13.031,19.381,11.15,43.562,0.885,0.005,47.171,102.721
1785989196,88092041,1785989196,88092041,64.509,5,848,480,64.071,63.091,1.112,61.979,26.535,11.157,17.317,6.97,35.444,0.975,0.005,69.78,133.901
1785989196,154752441,1785989196,154752441,54.058,5,848,480,53.595,52.776,1.067,51.71,21.049,9.001,17.468,4.192,30.661,0.816,0.003,67.65,121.287
1785989196,221411865,1785989196,221411865,62.211,5,848,480,61.793,61.07,0.994,60.076,25.672,10.432,17.391,6.581,34.404,0.719,0.004,55.004,116.834
1785989196,288070557,1785989196,288070557,53.179,5,848,480,51.799,50.88,0.981,49.899,7.578,20.753,16.767,4.801,42.321,0.914,0.004,51.525,103.368
1785989196,321399414,1785989196,321399414,46.66,5,848,480,46.188,45.319,1.35,43.969,9.237,10.025,19.434,5.273,34.732,0.865,0.003,70.463,116.687
1785989196,388056641,1785989196,388056641,49.904,5,848,480,49.538,48.483,0.991,47.492,7.415,19.322,16.641,4.114,40.077,1.0,0.055,50.408,100.027
1785989196,421385010,1785989196,421385010,63.202,5,848,480,60.856,60.05,0.966,59.084,21.613,16.099,17.195,4.177,37.471,0.802,0.004,68.937,129.811
1785989196,488041016,1785989196,488041016,54.982,5,848,480,54.578,53.925,0.967,52.959,17.604,12.153,17.752,5.45,35.355,0.649,0.003,63.516,118.142
1785989196,554696045,1785989196,554696045,64.911,5,848,480,57.731,57.056,8.116,48.94,12.091,9.174,16.711,10.964,36.849,0.671,0.003,58.636,116.391
1785989196,621350098,1785989196,621350098,57.455,5,848,480,56.015,54.718,0.847,53.871,19.434,11.773,16.676,5.988,34.437,1.288,0.008,51.148,107.228
1785989196,654677002,1785989196,654677002,50.534,5,848,480,50.004,49.283,7.227,42.056,11.318,9.178,17.546,4.014,30.738,0.717,0.003,74.36,124.399
1785989196,721330566,1785989196,721330566,62.464,5,848,480,62.048,61.306,0.988,60.318,18.25,15.68,22.088,4.3,42.068,0.738,0.004,58.122,120.209
1785989196,787996338,1785989196,787996338,43.48,5,848,480,43.029,42.256,0.808,41.448,7.786,11.009,18.535,4.118,33.662,0.77,0.003,53.954,97.022
1785989196,854661377,1785989196,854661377,58.301,5,848,480,41.83,41.048,2.093,38.955,8.523,8.834,17.497,4.101,30.432,0.778,0.004,46.812,88.672
1785989196,921325684,1785989196,921325684,65.333,5,848,480,42.881,42.132,3.542,38.59,7.189,8.427,18.708,4.266,31.401,0.746,0.003,44.422,87.327
1785989196,987988770,1785989196,987988770,67.037,5,848,480,43.008,42.211,2.225,39.986,8.559,8.772,18.414,4.242,31.427,0.793,0.004,44.669,87.702
1785989197,54651123,1785989197,54651123,75.648,5,848,480,50.894,50.135,1.613,48.523,7.93,9.496,17.969,13.128,40.593,0.755,0.003,45.765,96.727
1785989197,87982178,1785989197,87982178,56.894,5,848,480,56.431,55.712,1.022,54.69,20.51,10.583,17.559,6.037,34.18,0.715,0.004,63.781,120.255
1785989197,121312744,1785989197,121312744,63.022,5,848,480,62.579,61.855,0.912,60.944,20.842,15.347,16.965,7.79,40.102,0.72,0.003,87.323,149.939
1785989197,221303467,1785989197,221303467,66.715,5,848,480,66.254,65.555,1.606,63.949,27.559,10.968,16.821,8.602,36.391,0.696,0.003,50.372,116.662
1785989197,287962891,1785989197,287962891,53.028,5,848,480,52.646,51.624,4.851,46.773,12.955,11.962,17.174,4.682,33.818,1.017,0.005,50.362,103.199
1785989197,321292236,1785989197,321292236,56.23,5,848,480,53.6,52.924,14.295,38.629,7.689,9.593,17.335,4.012,30.94,0.674,0.003,72.314,125.945
1785989197,387950195,1785989197,387950195,47.689,5,848,480,47.217,46.193,0.978,45.215,13.694,9.121,17.002,5.397,31.521,1.018,0.006,59.711,107.064
1785989197,421278809,1785989197,421278809,75.734,5,848,480,73.061,72.362,7.141,65.222,16.485,25.734,16.676,6.327,48.737,0.696,0.003,76.292,149.366
1785989197,521263672,1785989197,521263672,48.687,5,848,480,48.214,47.459,1.173,46.286,15.533,9.73,17.035,3.988,30.753,0.752,0.003,49.82,98.077
1785989197,554591553,1785989197,554591553,63.201,5,848,480,45.629,44.854,8.225,36.629,6.408,9.075,17.331,3.815,30.221,0.772,0.003,82.296,127.946
1785989197,621246582,1785989197,621246582,54.762,5,848,480,54.297,53.631,0.849,52.781,18.413,12.93,16.984,4.455,34.369,0.663,0.003,61.718,116.05
1785989197,687900635,1785989197,687900635,41.44,5,848,480,40.985,40.29,1.075,39.216,8.351,9.207,17.558,4.099,30.864,0.691,0.003,49.815,90.837
1785989197,754613525,1785989197,754613525,63.398,5,848,480,38.782,38.09,0.981,37.109,6.744,8.646,17.54,4.178,30.365,0.689,0.003,48.715,87.527
1785989197,821385742,1785989197,821385742,64.579,5,848,480,40.983,40.317,1.568,38.749,6.645,8.65,17.451,6.003,32.104,0.663,0.003,44.32,85.328
1785989197,888159424,1785989197,888159424,70.174,5,848,480,39.068,38.376,1.659,36.717,6.674,8.523,17.385,4.135,30.043,0.69,0.003,49.638,88.733
1785989197,954934814,1785989197,954934814,66.819,5,848,480,39.551,38.742,1.657,37.085,6.786,8.748,17.412,4.139,30.3,0.805,0.003,49.198,88.774
1785989198,21711914,1785989198,21711914,67.427,5,848,480,43.03,42.293,1.758,40.535,6.859,8.564,18.51,6.602,33.676,0.734,0.003,46.368,89.425
1785989198,88490723,1785989198,88490723,92.642,5,848,480,58.135,57.405,2.503,54.902,13.779,17.104,16.721,7.297,41.123,0.726,0.004,57.13,115.291
1785989198,121880615,1785989198,121880615,69.29,5,848,480,65.876,65.154,1.742,63.412,27.562,11.02,16.93,7.9,35.85,0.719,0.003,85.291,151.738
1785989198,222052979,1785989198,222052979,68.475,5,848,480,67.439,66.75,1.003,65.747,31.339,8.889,16.889,8.63,34.409,0.686,0.003,52.015,119.488
1785989198,288836670,1785989198,288836670,65.161,5,848,480,64.721,63.981,0.78,63.201,11.796,27.388,16.872,7.144,51.405,0.737,0.004,53.108,117.87
1785989198,355622070,1785989198,355622070,61.805,5,848,480,61.209,59.433,1.052,58.381,9.599,23.06,18.979,6.743,48.782,1.77,0.007,51.646,112.923
1785989198,422409180,1785989198,422409180,43.093,5,848,480,41.101,40.31,1.179,39.131,8.195,9.484,17.401,4.05,30.936,0.788,0.003,48.075,89.194
1785989198,489197754,1785989198,489197754,65.114,5,848,480,41.417,40.687,1.75,38.937,6.877,10.231,17.762,4.068,32.061,0.727,0.003,46.082,87.52
1785989198,555988037,1785989198,555988037,65.835,5,848,480,40.844,39.943,2.384,37.559,7.404,8.376,17.401,4.378,30.156,0.897,0.004,45.698,86.569
1785989198,589384033,1785989198,589384033,63.206,5,848,480,55.838,55.161,7.242,47.919,13.76,9.304,16.776,8.08,34.16,0.673,0.004,60.513,116.371
1785989198,656176758,1785989198,656176758,68.621,5,848,480,68.015,67.279,1.015,66.264,16.536,22.166,23.049,4.513,49.728,0.733,0.003,50.149,118.2
1785989198,722970215,1785989198,722970215,42.602,5,848,480,42.216,41.449,0.91,40.539,7.862,11.308,17.236,4.133,32.677,0.763,0.003,51.756,94.013
1785989198,789650635,1785989198,789650635,60.67,5,848,480,41.506,40.711,2.142,38.569,8.271,8.813,17.401,4.084,30.298,0.792,0.003,46.471,88.001
1785989198,856330322,1785989198,856330322,64.742,5,848,480,40.997,40.235,1.928,38.307,6.768,8.624,17.381,5.535,31.54,0.759,0.003,45.046,86.062
1785989198,923009277,1785989198,923009277,68.305,5,848,480,42.875,42.182,2.502,39.679,6.455,8.547,20.648,4.029,33.224,0.69,0.004,44.79,87.69
1785989198,989687744,1785989198,989687744,66.934,5,848,480,42.402,41.678,1.634,40.043,7.117,8.509,20.257,4.161,32.927,0.721,0.003,45.518,87.944
1785989199,56365723,1785989199,56365723,70.781,5,848,480,47.13,46.286,0.95,45.336,8.526,9.399,18.935,8.475,36.81,0.84,0.004,44.892,92.048
1785989199,89704346,1785989199,89704346,68.085,5,848,480,67.354,66.594,1.391,65.203,22.001,20.875,17.328,4.999,43.202,0.757,0.003,59.406,126.79
1785989199,156381348,1785989199,156381348,56.133,5,848,480,55.74,55.015,0.893,54.122,15.58,10.995,17.332,10.215,38.542,0.721,0.003,60.53,116.247
1785989199,223057617,1785989199,223057617,43.92,5,848,480,43.488,42.703,1.039,41.663,10.027,9.959,17.612,4.065,31.636,0.782,0.003,49.966,93.498
1785989199,256395752,1785989199,256395752,56.02,5,848,480,53.8,52.939,1.054,51.885,10.472,16.927,16.914,7.572,41.413,0.857,0.004,62.347,116.18
1785989199,323071045,1785989199,323071045,43.485,5,848,480,43.073,42.335,2.243,40.092,6.802,11.722,17.489,4.08,33.29,0.734,0.003,49.942,93.001
1785989199,389746094,1785989199,389746094,63.949,5,848,480,40.425,39.631,2.679,36.953,6.815,8.814,17.367,3.956,30.137,0.79,0.003,49.806,90.258
1785989199,456420166,1785989199,456420166,65.629,5,848,480,40.807,40.09,2.731,37.36,6.944,8.685,17.58,4.15,30.415,0.714,0.003,48.381,89.216
1785989199,523093994,1785989199,523093994,67.798,5,848,480,42.157,41.385,2.024,39.361,9.761,8.32,17.259,4.021,29.6,0.768,0.003,48.157,90.337
1785989199,589767090,1785989199,589767090,60.166,5,848,480,38.796,38.083,0.822,37.261,7.147,8.366,17.166,4.582,30.114,0.71,0.003,45.007,83.829
1785989199,656439453,1785989199,656439453,68.262,5,848,480,40.752,39.979,1.523,38.456,7.772,8.512,17.213,4.959,30.684,0.771,0.003,44.64,85.42
1785989199,723112061,1785989199,723112061,65.936,5,848,480,40.189,39.386,2.325,37.062,6.76,8.128,17.244,4.93,30.302,0.799,0.003,44.469,84.868
1785989199,789790771,1785989199,789790771,67.945,5,848,480,40.645,39.935,1.412,38.522,7.896,8.396,17.483,4.747,30.626,0.707,0.003,45.295,85.948
1785989199,856468750,1785989199,856468750,65.49,5,848,480,40.51,39.834,1.562,38.272,7.87,8.439,17.068,4.895,30.403,0.672,0.004,44.225,84.759
1785989199,923146484,1785989199,923146484,68.887,5,848,480,42.657,41.895,2.292,39.603,6.993,8.083,19.568,4.958,32.61,0.759,0.003,44.29,86.975
1785989199,989823242,1785989199,989823242,67.224,5,848,480,42.167,41.366,2.074,39.292,7.965,8.734,18.282,4.311,31.327,0.798,0.003,45.326,87.519
1785989200,56499512,1785989200,56499512,97.838,5,848,480,68.634,67.711,2.264,65.448,11.327,28.578,18.086,7.457,54.12,0.919,0.003,50.023,118.682
1785989200,123175049,1785989200,123175049,50.355,5,848,480,49.918,49.076,0.828,48.248,12.559,12.218,18.784,4.686,35.688,0.839,0.003,52.403,102.368
1785989200,223187256,1785989200,223187256,99.563,5,848,480,53.712,52.931,1.023,51.908,18.775,11.353,17.377,4.403,33.133,0.777,0.004,48.177,102.003
1785989200,256524414,1785989200,256524414,56.188,5,848,480,55.637,54.862,3.738,51.124,19.859,10.112,17.188,3.965,31.265,0.772,0.003,69.091,124.763
1785989200,289861328,1785989200,289861328,60.1,5,848,480,59.651,58.994,1.834,57.16,24.416,9.73,18.281,4.734,32.744,0.654,0.004,91.835,151.524
1785989200,389871094,1785989200,389871094,40.891,5,848,480,40.508,39.829,0.829,39.0,7.891,9.631,17.443,4.035,31.11,0.676,0.003,51.859,92.406
1785989200,456543457,1785989200,456543457,64.359,5,848,480,40.72,39.937,1.969,37.967,6.948,8.809,17.75,4.46,31.019,0.78,0.004,49.347,90.093
1785989200,556551025,1785989200,556551025,97.355,5,848,480,39.498,38.774,1.808,36.966,6.701,8.501,17.405,4.36,30.265,0.721,0.003,47.916,87.439
1785989200,623221924,1785989200,623221924,65.307,5,848,480,40.532,39.869,2.084,37.786,7.566,8.45,17.321,4.448,30.219,0.659,0.003,45.523,86.073
1785989200,656557129,1785989200,656557129,63.179,5,848,480,56.256,55.462,0.814,54.647,16.291,10.575,16.896,10.886,38.356,0.79,0.004,59.655,115.923
1785989200,723227295,1785989200,723227295,57.13,5,848,480,53.222,52.466,2.324,50.142,17.762,10.53,16.792,5.058,32.38,0.753,0.003,53.183,106.38
1785989200,756570068,1785989200,756570068,54.482,5,848,480,51.761,50.408,1.916,48.492,17.515,9.172,17.235,4.569,30.977,1.348,0.005,75.74,127.537
1785989200,789912598,1785989200,789912598,57.136,5,848,480,54.766,54.025,2.92,51.105,15.631,11.279,17.335,6.86,35.474,0.737,0.004,96.516,151.326
1785989200,889939209,1785989200,889939209,41.297,5,848,480,40.883,40.15,0.869,39.281,7.915,9.884,17.364,4.118,31.366,0.729,0.003,51.663,92.583
1785989200,956623047,1785989200,956623047,63.828,5,848,480,41.171,40.446,1.735,38.711,6.973,8.562,19.072,4.104,31.738,0.722,0.003,48.59,89.727
1785989201,23306641,1785989201,23306641,63.945,5,848,480,38.435,37.749,0.769,36.98,6.756,8.306,17.346,4.572,30.224,0.684,0.003,48.526,86.985
1785989201,89989502,1785989201,89989502,76.307,5,848,480,43.839,42.935,0.978,41.957,7.545,11.256,17.267,5.889,34.412,0.9,0.004,52.75,96.618
1785989201,156672119,1785989201,156672119,67.345,5,848,480,42.759,42.011,0.934,41.077,8.947,10.55,17.388,4.192,32.13,0.745,0.003,54.491,97.274
1785989201,223354004,1785989201,223354004,65.285,5,848,480,43.33,42.587,0.841,41.746,9.782,10.591,17.369,4.004,31.964,0.739,0.004,52.525,95.879
1785989201,290035645,1785989201,290035645,59.189,5,848,480,41.018,40.311,1.674,38.637,7.992,8.71,17.433,4.502,30.645,0.705,0.003,47.347,88.385
1785989201,356716797,1785989201,356716797,64.758,5,848,480,41.433,40.75,1.756,38.994,7.655,8.529,17.192,5.618,31.339,0.68,0.003,45.003,86.463
1785989201,423397461,1785989201,423397461,68.788,5,848,480,39.345,38.625,1.689,36.936,6.783,8.507,17.378,4.268,30.153,0.717,0.003,49.199,88.57
1785989201,490077637,1785989201,490077637,66.354,5,848,480,42.499,41.607,1.618,39.989,7.15,8.839,19.928,4.072,32.839,0.888,0.004,45.719,88.269
1785989201,556757324,1785989201,556757324,65.591,5,848,480,40.759,39.972,2.644,37.329,7.133,8.657,17.49,4.048,30.195,0.784,0.003,46.374,87.155
1785989201,623436523,1785989201,623436523,66.671,5,848,480,40.813,40.125,1.876,38.249,7.512,8.58,17.467,4.691,30.737,0.684,0.003,46.306,87.149
1785989201,656775879,1785989201,656775879,66.671,5,848,480,62.401,61.602,2.56,59.041,18.088,14.042,16.903,10.009,40.953,0.796,0.004,58.052,120.477
1785989201,723454834,1785989201,723454834,44.096,5,848,480,43.702,43.011,2.183,40.828,8.219,11.494,17.072,4.043,32.609,0.687,0.003,54.153,97.912
1785989201,756795654,1785989201,756795654,55.789,5,848,480,54.317,53.647,1.048,52.598,19.574,8.983,17.249,6.792,33.024,0.668,0.003,66.005,120.337
1785989201,823476563,1785989201,823476563,39.671,5,848,480,39.268,38.495,0.915,37.581,7.648,8.566,17.302,4.064,29.932,0.769,0.004,54.025,93.333
1785989201,890156982,1785989201,890156982,62.146,5,848,480,39.899,39.139,1.652,37.487,7.055,8.382,17.439,4.612,30.433,0.756,0.004,48.874,88.796
1785989201,956836914,1785989201,956836914,67.73,5,848,480,44.149,43.462,0.804,42.658,10.88,8.555,18.273,4.951,31.778,0.684,0.003,45.676,89.846
1785989202,23516113,1785989202,23516113,65.333,5,848,480,42.374,41.292,1.553,39.739,7.2,8.653,17.174,6.712,32.539,1.077,0.005,46.1,88.504
1785989202,56855469,1785989202,56855469,73.866,5,848,480,67.159,66.42,2.22,64.2,25.328,17.229,17.572,4.072,38.873,0.736,0.003,61.841,129.025
1785989202,123533936,1785989202,123533936,62.084,5,848,480,58.481,57.759,1.4,56.359,25.385,9.064,17.659,4.25,30.974,0.719,0.003,65.926,124.433
1785989202,190211670,1785989202,190211670,60.033,5,848,480,59.612,58.818,0.986,57.832,11.091,12.088,19.857,14.796,46.741,0.791,0.004,58.136,117.783
1785989202,256888916,1785989202,256888916,52.042,5,848,480,51.468,50.276,1.373,48.903,17.636,9.928,17.082,4.258,31.268,1.186,0.005,51.648,103.491
1785989202,290227295,1785989202,290227295,58.91,5,848,480,53.6,52.825,8.374,44.451,11.952,11.043,17.448,4.008,32.5,0.772,0.003,75.446,128.723
1785989202,356903564,1785989202,356903564,57.568,5,848,480,57.129,56.472,2.147,54.325,20.399,9.369,18.84,5.716,33.925,0.655,0.003,62.446,119.612
1785989202,423579102,1785989202,423579102,43.121,5,848,480,42.655,41.952,2.057,39.894,9.171,9.179,17.456,4.089,30.724,0.7,0.003,53.365,96.059
1785989202,456916748,1785989202,456916748,60.265,5,848,480,53.603,52.861,3.404,49.457,9.709,15.091,20.58,4.078,39.749,0.739,0.003,69.379,122.986
1785989202,523591553,1785989202,523591553,58.693,5,848,480,58.178,57.346,0.884,56.462,23.6,9.524,16.741,6.596,32.861,0.829,0.004,56.789,115.004
1785989202,590265869,1785989202,590265869,49.275,5,848,480,47.751,47.041,1.647,45.394,14.707,9.516,17.195,3.976,30.688,0.707,0.003,49.825,97.669
1785989202,623602783,1785989202,623602783,52.681,5,848,480,52.201,51.527,0.933,50.594,10.647,9.743,17.327,12.877,39.947,0.671,0.004,64.71,116.947
1785989202,690276123,1785989202,690276123,48.345,5,848,480,41.396,40.561,2.324,38.237,7.146,9.689,17.323,4.079,31.091,0.832,0.003,57.204,98.622
1785989202,756954590,1785989202,756954590,63.105,5,848,480,40.407,39.67,1.503,38.167,7.511,9.259,17.446,3.95,30.656,0.734,0.003,54.624,95.047
1785989202,823637939,1785989202,823637939,62.545,5,848,480,39.589,38.896,1.574,37.321,6.841,8.729,17.482,4.27,30.48,0.69,0.003,51.296,90.909
1785989202,890320557,1785989202,890320557,65.137,5,848,480,41.363,40.606,1.806,38.799,7.043,8.552,19.097,4.108,31.757,0.754,0.003,47.977,89.363
1785989202,957002686,1785989202,957002686,66.104,5,848,480,41.784,40.988,2.193,38.794,7.051,8.574,18.976,4.194,31.744,0.794,0.003,46.984,88.787
1785989203,90365234,1785989203,90365234,139.775,5,848,480,44.462,43.76,0.998,42.763,11.66,9.706,17.316,4.081,31.103,0.699,0.003,50.735,95.198
1785989203,157045654,1785989203,157045654,66.689,5,848,480,42.974,42.222,3.669,38.553,8.137,9.11,17.253,4.054,30.416,0.749,0.003,52.215,95.208
1785989203,223725586,1785989203,223725586,72.746,5,848,480,49.393,47.38,1.68,45.701,13.38,10.065,17.477,4.778,32.32,2.005,0.008,51.926,101.312
1785989203,257065430,1785989203,257065430,61.02,5,848,480,49.69,48.86,8.282,40.579,10.096,8.927,17.567,3.989,30.483,0.826,0.004,79.358,128.954
1785989203,323744629,1785989203,323744629,56.456,5,848,480,56.036,55.32,0.96,54.36,17.363,10.772,17.325,8.899,36.996,0.713,0.003,62.654,118.73
1785989203,390423340,1785989203,390423340,58.624,5,848,480,58.231,55.738,2.549,53.188,15.746,14.455,16.519,6.468,37.442,2.486,0.007,52.409,110.706
1785989203,423762451,1785989203,423762451,53.608,5,848,480,50.751,49.966,2.659,47.307,13.987,11.873,17.331,4.116,33.32,0.782,0.003,80.223,130.948
1785989203,490440430,1785989203,490440430,54.583,5,848,480,54.135,52.177,2.045,50.131,12.254,9.663,17.225,10.989,37.877,1.952,0.006,64.677,118.861
1785989203,557117676,1785989203,557117676,55.253,5,848,480,54.824,54.064,6.773,47.291,8.459,16.875,16.876,5.081,38.832,0.757,0.003,52.562,107.427
1785989203,590456055,1785989203,590456055,46.328,5,848,480,44.107,43.299,0.95,42.349,9.263,9.07,17.257,6.76,33.087,0.804,0.003,76.291,120.415
1785989203,690470703,1785989203,690470703,79.931,5,848,480,51.0,50.184,1.701,48.483,6.992,17.277,20.115,4.098,41.491,0.811,0.004,49.308,100.345
1785989203,757273193,1785989203,757273193,64.608,5,848,480,38.677,37.987,0.908,37.079,7.258,8.58,17.129,4.112,29.821,0.687,0.003,59.434,98.137
1785989203,824204102,1785989203,824204102,62.697,5,848,480,39.181,38.506,1.592,36.914,6.654,8.951,17.236,4.074,30.26,0.671,0.003,54.696,93.902
1785989203,891138916,1785989203,891138916,62.408,5,848,480,38.925,38.233,0.854,37.379,7.223,8.442,17.34,4.374,30.156,0.688,0.004,50.426,89.376
1785989203,958077637,1785989203,958077637,62.814,5,848,480,39.167,38.474,1.642,36.831,6.667,8.515,17.153,4.497,30.164,0.69,0.003,46.058,85.266
1785989204,25020264,1785989204,25020264,79.849,5,848,480,50.687,45.523,2.131,43.392,12.465,8.725,17.54,4.662,30.928,5.157,0.006,47.45,98.231
1785989204,58492920,1785989204,58492920,63.898,5,848,480,63.377,62.699,5.322,57.377,25.507,9.994,17.458,4.418,31.87,0.675,0.003,65.17,128.875
1785989204,125440918,1785989204,125440918,59.369,5,848,480,58.57,57.06,1.216,55.844,24.075,9.794,17.426,4.55,31.77,1.506,0.004,62.4,123.063
1785989204,192393066,1785989204,192393066,68.594,5,848,480,65.297,64.546,0.998,63.548,28.026,8.545,16.954,10.023,35.522,0.748,0.003,57.311,122.643
1785989204,259348633,1785989204,259348633,61.188,5,848,480,60.718,59.967,2.397,57.57,17.329,18.246,16.671,5.324,40.241,0.747,0.004,56.122,116.878
1785989204,326308350,1785989204,326308350,56.919,5,848,480,56.5,55.645,0.937,54.708,11.048,21.149,16.689,5.822,43.66,0.851,0.004,50.3,106.844
1785989204,359789551,1785989204,359789551,54.912,5,848,480,52.794,52.056,0.976,51.08,19.561,9.385,17.976,4.158,31.519,0.734,0.003,75.449,128.285
1785989204,426754883,1785989204,426754883,61.957,5,848,480,61.505,60.763,0.699,60.065,13.625,15.65,21.977,8.813,46.44,0.739,0.003,61.715,123.26
1785989204,493723877,1785989204,493723877,60.782,5,848,480,60.368,59.595,1.063,58.531,15.741,14.068,16.641,12.082,42.791,0.77,0.003,56.666,117.073
1785989204,560696777,1785989204,560696777,52.259,5,848,480,50.269,49.249,1.179,48.07,16.425,9.632,17.245,4.768,31.645,1.015,0.005,52.062,102.379
1785989204,594184570,1785989204,594184570,52.229,5,848,480,51.709,51.027,4.232,46.795,16.818,8.545,17.468,3.964,29.977,0.679,0.003,69.355,121.1
1785989204,661163330,1785989204,661163330,61.716,5,848,480,61.241,60.529,1.138,59.391,25.085,10.102,16.716,7.488,34.306,0.709,0.003,54.558,115.836
1785989204,728142578,1785989204,728142578,47.099,5,848,480,46.69,45.855,4.773,41.082,9.799,9.998,17.253,4.032,31.282,0.832,0.003,49.23,95.972
1785989204,794823242,1785989204,794823242,73.016,5,848,480,47.473,46.578,1.126,45.453,7.486,16.466,16.707,4.793,37.967,0.889,0.005,54.796,102.302
1785989204,828163330,1785989204,828163330,56.156,5,848,480,53.677,52.938,4.445,48.493,7.969,18.922,17.549,4.053,40.524,0.734,0.004,71.491,125.109
1785989204,894843018,1785989204,894843018,54.79,5,848,480,54.374,53.524,1.029,52.495,13.183,11.676,17.267,10.369,39.312,0.845,0.005,58.807,113.231
1785989204,961522217,1785989204,961522217,44.856,5,848,480,44.408,43.682,1.069,42.613,11.271,9.533,17.607,4.202,31.341,0.723,0.003,46.949,91.464
1785989204,994861572,1785989204,994861572,57.793,5,848,480,55.876,55.132,2.002,53.13,9.731,11.355,19.154,12.89,43.4,0.74,0.004,59.943,115.854
1785989205,28200684,1785989205,28200684,76.599,5,848,480,76.188,75.497,1.08,74.417,42.343,10.277,17.528,4.269,32.074,0.687,0.004,82.882,159.126
1785989205,94878662,1785989205,94878662,62.472,5,848,480,62.041,61.259,1.031,60.229,10.866,25.83,17.967,5.566,49.363,0.778,0.004,92.824,154.91
1785989205,228232910,1785989205,228232910,70.943,5,848,480,46.271,45.523,2.179,43.344,10.39,11.386,17.531,4.036,32.953,0.745,0.003,46.198,92.492
1785989205,261571045,1785989205,261571045,57.945,5,848,480,57.557,56.865,2.736,54.129,16.819,12.482,17.69,7.137,37.309,0.689,0.004,59.502,117.166
1785989205,328246826,1785989205,328246826,41.061,5,848,480,40.591,39.88,0.84,39.039,7.813,9.691,17.439,4.097,31.227,0.708,0.003,50.854,91.485
1785989205,394922119,1785989205,394922119,66.247,5,848,480,38.996,38.275,1.446,36.829,6.625,8.832,17.342,4.029,30.203,0.719,0.003,52.034,91.056
1785989205,461596924,1785989205,461596924,62.033,5,848,480,40.845,40.11,1.699,38.411,6.852,8.504,17.298,5.756,31.558,0.732,0.003,45.543,86.416
1785989205,528270996,1785989205,528270996,64.882,5,848,480,39.424,38.76,1.86,36.899,7.108,8.447,17.173,4.171,29.791,0.662,0.003,45.178,84.62
1785989205,594944336,1785989205,594944336,81.525,5,848,480,55.523,54.599,4.229,50.37,8.897,20.146,17.141,4.185,41.473,0.919,0.005,43.928,99.492
1785989205,628281006,1785989205,628281006,49.178,5,848,480,48.675,47.774,1.995,45.779,13.443,9.943,17.062,5.33,32.336,0.895,0.005,66.605,115.37
1785989205,694953613,1785989205,694953613,70.412,5,848,480,69.87,69.181,0.985,68.196,22.159,19.584,17.81,8.643,46.037,0.686,0.003,49.15,119.052
1785989205,761633789,1785989205,761633789,61.236,5,848,480,60.764,59.786,0.801,58.985,16.456,16.232,16.822,9.475,42.529,0.974,0.004,52.81,113.63
1785989205,828321045,1785989205,828321045,66.479,5,848,480,57.494,56.675,1.291,55.384,13.636,16.291,17.067,8.39,41.747,0.814,0.004,55.892,113.413
1785989205,895007568,1785989205,895007568,49.771,5,848,480,49.254,48.509,1.979,46.53,11.668,12.382,18.354,4.127,34.863,0.742,0.003,47.195,96.489
1785989205,928350586,1785989205,928350586,51.536,5,848,480,50.036,49.303,1.452,47.851,13.703,10.135,16.833,7.181,34.148,0.73,0.004,64.612,114.681
1785989205,995036621,1785989205,995036621,51.668,5,848,480,51.241,50.215,0.991,49.224,10.538,16.838,17.771,4.077,38.686,1.021,0.005,48.384,99.743
1785989206,28379150,1785989206,28379150,62.13,5,848,480,61.247,60.332,1.146,59.187,20.865,8.935,17.651,11.736,38.322,0.911,0.003,67.171,128.452
1785989206,95064453,1785989206,95064453,66.546,5,848,480,66.068,65.161,1.144,64.017,20.69,14.229,17.051,12.046,43.327,0.902,0.004,62.205,128.313
1785989206,161749023,1785989206,161749023,55.445,5,848,480,55.038,52.504,1.04,51.464,20.728,8.497,17.062,5.176,30.735,2.528,0.006,61.994,117.09
1785989206,228433105,1785989206,228433105,62.033,5,848,480,50.161,49.318,1.258,48.06,11.709,10.003,17.064,9.283,36.351,0.839,0.004,62.236,112.42
1785989206,261774902,1785989206,261774902,41.584,5,848,480,41.156,40.469,0.806,39.663,8.931,9.171,17.346,4.216,30.732,0.684,0.003,79.465,120.661
1785989206,361799805,1785989206,361799805,63.931,5,848,480,39.054,38.326,1.832,36.494,6.946,8.47,17.171,3.908,29.548,0.725,0.003,45.486,84.566
1785989206,428482422,1785989206,428482422,67.908,5,848,480,41.073,40.196,2.691,37.505,6.908,8.096,17.234,5.267,30.597,0.873,0.004,44.734,85.798
1785989206,495164551,1785989206,495164551,66.15,5,848,480,42.757,42.074,3.728,38.346,8.143,8.443,17.236,4.524,30.203,0.68,0.003,42.48,85.26
1785989206,561846436,1785989206,561846436,67.675,5,848,480,41.505,40.826,1.781,39.044,7.29,8.183,19.709,3.861,31.754,0.676,0.003,44.723,86.271
1785989206,628527588,1785989206,628527588,77.67,5,848,480,51.238,50.386,1.622,48.764,13.655,14.362,16.64,4.107,35.109,0.849,0.003,46.598,97.245
1785989206,695208252,1785989206,695208252,68.672,5,848,480,49.61,48.725,1.591,47.134,6.778,19.145,16.974,4.237,40.356,0.88,0.005,49.606,99.251
1785989206,728548828,1785989206,728548828,55.348,5,848,480,54.791,54.074,1.268,52.806,21.033,10.262,17.402,4.109,31.773,0.714,0.003,66.414,121.241
1785989206,795231201,1785989206,795231201,47.997,5,848,480,47.554,46.572,1.367,45.205,10.036,13.945,16.844,4.38,35.169,0.976,0.006,54.965,102.578
1785989206,861913086,1785989206,861913086,74.644,5,848,480,55.351,44.647,2.114,42.533,8.465,13.023,16.906,4.139,34.068,10.697,0.007,55.177,110.543
1785989206,895253906,1785989206,895253906,48.281,5,848,480,44.477,43.75,2.25,41.5,11.092,9.161,17.228,4.019,30.408,0.724,0.003,80.963,125.459
1785989206,928594482,1785989206,928594482,57.81,5,848,480,57.347,56.648,0.825,55.822,18.972,12.662,16.957,7.231,36.851,0.696,0.003,92.542,149.929
1785989206,995275146,1785989206,995275146,48.39,5,848,480,47.883,46.956,7.5,39.455,7.341,9.983,17.245,4.886,32.114,0.922,0.005,83.718,131.65
1785989207,61955322,1785989207,61955322,65.708,5,848,480,65.22,64.444,4.683,59.761,16.819,20.906,17.495,4.541,42.942,0.772,0.004,65.409,130.669
1785989207,128635010,1785989207,128635010,61.321,5,848,480,56.063,55.336,1.254,54.081,19.981,10.335,17.618,6.147,34.1,0.723,0.004,69.517,125.307
1785989207,195313965,1785989207,195313965,64.443,5,848,480,63.876,63.128,1.076,62.051,18.638,11.885,18.104,13.425,43.414,0.744,0.004,59.16,123.071
1785989207,261992432,1785989207,261992432,58.386,5,848,480,57.989,57.004,0.936,56.068,20.008,10.367,17.424,8.269,36.06,0.98,0.004,56.751,114.805
1785989207,328670410,1785989207,328670410,54.193,5,848,480,52.423,51.397,2.859,48.538,17.303,10.33,16.842,4.064,31.235,1.022,0.004,49.852,102.299
1785989207,362009033,1785989207,362009033,47.2,5,848,480,46.579,45.847,1.136,44.711,14.457,8.765,17.093,4.396,30.254,0.727,0.004,69.54,116.16
1785989207,428686035,1785989207,428686035,44.815,5,848,480,44.362,43.662,1.231,42.431,9.189,11.718,17.453,4.071,33.242,0.696,0.003,49.894,94.294
1785989207,462024414,1785989207,462024414,54.998,5,848,480,53.302,52.586,1.004,51.582,9.691,19.287,17.036,5.567,41.891,0.713,0.003,62.621,115.95
1785989207,528700684,1785989207,528700684,47.001,5,848,480,46.594,45.91,0.97,44.94,13.286,10.221,17.325,4.108,31.654,0.681,0.003,49.644,96.277
1785989207,562038330,1785989207,562038330,56.384,5,848,480,54.914,54.155,1.157,52.997,10.127,15.504,18.199,9.168,42.871,0.756,0.003,64.38,119.322
1785989207,628713867,1785989207,628713867,43.26,5,848,480,42.869,42.146,1.026,41.119,9.566,10.132,17.448,3.974,31.553,0.721,0.003,52.998,95.908
1785989207,695388428,1785989207,695388428,73.92,5,848,480,48.024,47.141,1.137,46.004,11.272,12.614,17.466,4.652,34.732,0.878,0.005,55.116,103.176
1785989207,728726074,1785989207,728726074,56.918,5,848,480,56.426,55.683,4.457,51.226,19.926,9.778,17.524,3.997,31.3,0.74,0.003,70.27,126.736
1785989207,795501465,1785989207,795501465,60.275,5,848,480,57.694,56.948,3.036,53.911,23.321,8.409,17.341,4.84,30.59,0.742,0.004,62.507,120.234
1785989207,862338867,1785989207,862338867,49.093,5,848,480,39.538,38.675,0.791,37.884,7.547,9.111,17.083,4.142,30.337,0.857,0.006,62.932,102.509
1785989207,929177734,1785989207,929177734,56.536,5,848,480,41.377,40.682,2.134,38.547,8.084,9.087,17.506,3.87,30.464,0.692,0.003,50.786,92.186
1785989207,996017822,1785989207,996017822,64.205,5,848,480,41.058,40.314,1.767,38.547,8.588,8.538,17.555,3.866,29.959,0.741,0.003,48.468,89.55
1785989208,62859375,1785989208,62859375,103.055,5,848,480,79.744,78.967,2.014,76.954,14.589,27.953,22.325,12.086,62.364,0.774,0.003,45.992,125.765
1785989208,129702393,1785989208,129702393,61.833,5,848,480,61.38,60.677,1.137,59.539,26.256,9.394,17.179,6.71,33.284,0.7,0.003,59.335,120.75
1785989208,196546875,1785989208,196546875,53.202,5,848,480,50.573,49.578,0.935,48.643,11.795,14.597,17.01,5.241,36.848,0.988,0.007,56.505,107.15
1785989208,229969482,1785989208,229969482,52.204,5,848,480,48.596,47.722,2.266,45.456,13.534,9.991,17.606,4.325,31.922,0.871,0.003,77.279,125.895
1785989208,296815918,1785989208,296815918,57.751,5,848,480,57.2,56.492,0.82,55.672,13.216,17.369,16.905,8.183,42.456,0.704,0.004,59.562,116.803
1785989208,363663818,1785989208,363663818,51.344,5,848,480,50.924,49.961,1.184,48.776,16.323,11.326,16.702,4.425,32.453,0.959,0.005,50.334,101.306
1785989208,397088379,1785989208,397088379,53.79,5,848,480,51.729,50.997,1.271,49.726,19.088,8.709,17.53,4.4,30.638,0.728,0.004,69.92,121.661
1785989208,463938232,1785989208,463938232,50.238,5,848,480,49.78,47.781,0.839,46.942,8.12,16.698,16.952,5.172,38.822,1.992,0.007,55.246,105.096
1785989208,497363770,1785989208,497363770,49.302,5,848,480,47.2,46.508,1.823,44.684,13.323,8.435,18.82,4.106,31.362,0.69,0.003,73.711,120.927
1785989208,597642334,1785989208,597642334,65.398,5,848,480,39.252,38.484,0.764,37.721,7.111,9.086,17.335,4.188,30.609,0.764,0.003,46.769,86.047
1785989208,664496582,1785989208,664496582,70.06,5,848,480,45.716,44.927,2.418,42.509,12.054,9.195,17.284,3.976,30.455,0.786,0.003,43.515,89.252
1785989208,697924072,1785989208,697924072,64.113,5,848,480,63.711,62.966,0.879,62.086,21.893,10.5,17.289,12.404,40.193,0.742,0.003,56.187,119.938
1785989208,764778809,1785989208,764778809,60.17,5,848,480,59.76,59.116,0.8,58.316,14.862,13.276,16.658,13.52,43.454,0.641,0.003,53.454,113.25
1785989208,831448975,1785989208,831448975,44.092,5,848,480,42.733,42.055,0.932,41.123,8.621,9.985,18.365,4.151,32.501,0.675,0.003,47.91,90.733
1785989208,864783936,1785989208,864783936,57.602,5,848,480,50.372,49.616,0.973,48.643,16.386,8.686,18.531,5.041,32.257,0.752,0.004,64.55,114.943
1785989208,931453125,1785989208,931453125,49.142,5,848,480,48.745,47.908,0.882,47.026,16.079,9.713,17.229,4.005,30.947,0.833,0.004,48.631,97.648
1785989208,964787354,1785989208,964787354,55.258,5,848,480,54.597,53.833,4.476,49.357,17.236,9.33,17.431,5.36,32.121,0.761,0.003,64.703,119.339
1785989209,31455566,1785989209,31455566,44.934,5,848,480,44.53,43.828,3.349,40.478,7.648,10.888,17.312,4.63,32.831,0.698,0.004,53.035,97.84
1785989209,64789307,1785989209,64789307,64.719,5,848,480,62.887,61.912,5.58,56.332,21.106,10.345,19.925,4.956,35.226,0.971,0.004,66.076,128.995
1785989209,131456055,1785989209,131456055,65.831,5,848,480,62.77,62.064,1.52,60.544,29.012,9.82,17.52,4.192,31.533,0.703,0.003,65.362,128.201
1785989209,198122314,1785989209,198122314,56.166,5,848,480,55.706,54.927,0.889,54.037,13.204,18.32,17.275,5.238,40.833,0.776,0.003,61.909,117.65
1785989209,264787598,1785989209,264787598,64.915,5,848,480,64.524,63.837,1.091,62.745,29.732,8.356,16.701,7.956,33.013,0.684,0.004,51.341,115.902
1785989209,331452148,1785989209,331452148,47.646,5,848,480,47.263,46.526,0.902,45.624,8.519,16.027,17.014,4.064,37.105,0.733,0.003,49.582,96.943
1785989209,364784180,1785989209,364784180,57.433,5,848,480,55.444,54.673,4.7,49.973,9.976,18.105,17.638,4.254,39.997,0.768,0.004,65.545,120.987
1785989209,431447754,1785989209,431447754,59.945,5,848,480,59.547,58.769,1.034,57.734,25.179,9.482,16.687,6.387,32.556,0.775,0.004,54.681,114.266
1785989209,498110352,1785989209,498110352,60.538,5,848,480,58.923,58.039,1.011,57.028,12.399,14.532,19.3,10.797,44.629,0.879,0.005,49.192,108.153
1785989209,531441406,1785989209,531441406,49.305,5,848,480,48.662,47.973,1.483,46.49,11.448,13.406,17.5,4.136,35.042,0.686,0.004,75.424,124.117
1785989209,598103027,1785989209,598103027,60.458,5,848,480,60.001,59.317,1.051,58.266,25.337,9.226,16.899,6.804,32.928,0.681,0.003,57.872,117.91
1785989209,664763916,1785989209,664763916,62.924,5,848,480,62.52,61.744,0.863,60.881,23.453,13.073,17.211,7.144,37.428,0.773,0.004,51.618,114.18
1785989209,731423828,1785989209,731423828,41.479,5,848,480,40.021,39.326,0.922,38.404,7.485,9.579,17.33,4.009,30.919,0.692,0.003,48.941,88.994
1785989209,798101318,1785989209,798101318,62.382,5,848,480,40.843,40.161,1.035,39.126,8.344,8.385,17.152,5.245,30.782,0.678,0.004,43.833,84.7
1785989209,864794922,1785989209,864794922,69.14,5,848,480,43.47,42.813,2.073,40.74,8.902,8.45,17.225,6.163,31.838,0.653,0.003,43.658,87.143
1785989209,898141602,1785989209,898141602,55.027,5,848,480,48.618,47.536,2.217,45.319,11.841,9.694,17.074,6.71,33.478,1.078,0.005,60.205,108.84
1785989209,964834473,1785989209,964834473,66.458,5,848,480,56.994,56.101,2.413,53.687,13.051,16.752,16.658,7.227,40.636,0.888,0.005,51.623,108.603
1785989209,998180664,1785989209,998180664,53.256,5,848,480,52.809,52.065,1.0,51.065,17.583,10.174,17.254,6.053,33.482,0.74,0.004,75.655,128.505
1785989210,64872803,1785989210,64872803,70.119,5,848,480,69.7,68.977,1.231,67.746,23.825,20.237,17.397,6.288,43.921,0.721,0.003,62.35,131.928
1785989210,131564453,1785989210,131564453,60.583,5,848,480,59.971,59.113,1.065,58.049,23.194,11.87,17.663,5.321,34.854,0.855,0.003,65.81,125.824
1785989210,198255615,1785989210,198255615,60.816,5,848,480,60.395,59.71,0.956,58.755,22.939,9.643,22.055,4.118,35.815,0.682,0.003,59.51,119.955
1785989210,264946289,1785989210,264946289,64.751,5,848,480,62.552,61.809,1.076,60.733,25.291,9.483,17.297,8.662,35.442,0.741,0.003,55.421,117.999
1785989210,331636475,1785989210,331636475,47.849,5,848,480,47.311,46.453,1.178,45.275,10.417,13.78,16.995,4.082,34.858,0.854,0.004,51.814,99.178
1785989210,364981201,1785989210,364981201,55.27,5,848,480,54.824,54.163,1.041,53.121,18.691,10.461,19.894,4.075,34.43,0.658,0.003,66.226,121.103
1785989210,431670654,1785989210,431670654,60.863,5,848,480,58.356,57.712,1.747,55.965,23.332,9.169,17.038,6.426,32.633,0.642,0.003,56.87,115.315
1785989210,498359619,1785989210,498359619,47.702,5,848,480,47.231,46.415,0.959,45.456,14.242,9.984,17.204,4.026,31.214,0.813,0.003,49.004,96.274
1785989210,531703857,1785989210,531703857,57.792,5,848,480,55.622,54.817,1.242,53.576,22.979,8.54,17.591,4.466,30.597,0.801,0.003,65.079,120.725
1785989210,598391846,1785989210,598391846,60.877,5,848,480,60.475,59.819,0.871,58.948,15.767,17.022,16.805,9.354,43.181,0.653,0.003,54.397,114.908
1785989210,665079590,1785989210,665079590,45.55,5,848,480,45.106,44.433,0.913,43.52,7.679,14.391,17.43,4.02,35.841,0.67,0.003,48.628,93.773
1785989210,698423096,1785989210,698423096,55.469,5,848,480,53.614,52.772,1.077,51.695,19.663,8.432,17.587,6.013,32.032,0.837,0.005,62.255,115.915
1785989210,765110352,1785989210,765110352,56.625,5,848,480,53.744,48.701,4.509,44.193,12.456,10.666,16.845,4.226,31.737,5.036,0.007,52.1,105.874
1785989210,798486572,1785989210,798486572,61.99,5,848,480,60.171,52.129,8.48,43.65,12.461,9.406,17.654,4.128,31.188,8.032,0.009,74.264,134.486
1785989210,865239990,1785989210,865239990,57.151,5,848,480,56.579,55.907,7.603,48.305,15.103,11.383,17.464,4.355,33.201,0.669,0.003,68.233,124.849
1785989210,931995117,1785989210,931995117,59.485,5,848,480,55.441,54.632,2.373,52.26,15.109,12.119,17.061,7.972,37.151,0.804,0.004,62.113,117.576
1785989210,998751465,1785989210,998751465,71.132,5,848,480,69.601,68.751,0.847,67.903,9.901,20.507,21.537,15.958,58.002,0.847,0.004,52.32,121.954
1785989211,65509033,1785989211,65509033,65.887,5,848,480,65.493,64.792,7.204,57.588,16.905,16.661,17.245,6.777,40.683,0.698,0.004,55.551,121.084
1785989211,132268311,1785989211,132268311,68.69,5,848,480,68.101,67.422,0.834,66.588,32.502,12.685,17.222,4.178,34.085,0.677,0.003,54.874,123.013
1785989211,199029053,1785989211,199029053,59.407,5,848,480,57.903,56.918,0.941,55.977,19.115,10.841,16.883,9.138,36.862,0.982,0.003,57.724,115.664
1785989211,265791016,1785989211,265791016,48.742,5,848,480,48.307,47.503,1.146,46.356,15.871,9.327,17.18,3.978,30.485,0.8,0.005,49.295,97.649
1785989211,299172607,1785989211,299172607,60.575,5,848,480,58.637,57.844,1.117,56.727,18.662,16.429,17.597,4.04,38.066,0.79,0.003,66.232,124.835
1785989211,365936768,1785989211,365936768,59.798,5,848,480,59.375,58.404,0.833,57.571,24.152,8.909,19.882,4.629,33.42,0.967,0.003,58.508,117.87
1785989211,432702393,1785989211,432702393,41.861,5,848,480,41.342,40.65,0.813,39.836,8.568,9.751,17.583,3.934,31.269,0.688,0.004,51.586,92.963
1785989211,499469482,1785989211,499469482,61.738,5,848,480,39.986,39.292,2.237,37.055,6.697,8.787,17.482,4.088,30.358,0.691,0.003,47.927,87.936
1785989211,566238037,1785989211,566238037,64.1,5,848,480,41.174,40.51,0.854,39.656,9.359,8.512,17.472,4.313,30.296,0.661,0.003,44.069,85.263
1785989211,633008057,1785989211,633008057,66.907,5,848,480,42.232,41.543,2.398,39.145,7.773,8.463,18.635,4.275,31.372,0.686,0.003,43.146,85.402
1785989211,699779297,1785989211,699779297,67.186,5,848,480,41.175,40.484,1.931,38.553,6.991,8.478,18.824,4.261,31.562,0.687,0.003,44.618,85.817
1785989211,766551514,1785989211,766551514,62.678,5,848,480,38.007,37.235,0.796,36.439,7.038,8.17,17.156,4.075,29.401,0.769,0.003,43.69,81.723
1785989211,833282715,1785989211,833282715,68.03,5,848,480,40.16,39.478,2.026,37.451,6.671,8.536,17.164,5.08,30.78,0.679,0.003,42.837,83.038
1785989211,900014160,1785989211,900014160,66.996,5,848,480,39.819,39.137,1.515,37.622,6.894,8.426,18.127,4.176,30.728,0.678,0.003,43.451,83.284
1785989211,933379639,1785989211,933379639,52.358,5,848,480,45.23,44.311,4.122,40.189,8.337,10.465,16.759,4.628,31.852,0.915,0.004,57.025,102.377
1785989211,966745361,1785989211,966745361,54.145,5,848,480,51.793,51.05,9.475,41.575,11.056,8.759,17.755,4.005,30.519,0.739,0.003,71.266,123.06
1785989212,33476807,1785989212,33476807,56.849,5,848,480,56.425,55.22,0.983,54.237,20.061,9.125,16.885,8.167,34.176,1.199,0.006,56.715,113.323
1785989212,66842529,1785989212,66842529,77.297,5,848,480,75.717,75.019,1.387,73.632,17.82,19.265,17.371,19.176,55.812,0.694,0.003,81.429,157.105
1785989212,166939453,1785989212,166939453,61.366,5,848,480,60.942,60.246,0.918,59.328,15.721,14.657,17.317,11.634,43.607,0.692,0.003,57.397,118.378
1785989212,233670898,1785989212,233670898,59.692,5,848,480,56.923,56.057,3.733,52.324,17.18,9.255,17.262,8.627,35.144,0.861,0.005,54.384,111.353
1785989212,300402588,1785989212,300402588,46.86,5,848,480,45.187,44.398,0.894,43.504,10.64,10.295,17.755,4.815,32.865,0.785,0.003,46.248,91.466
1785989212,333768311,1785989212,333768311,56.385,5,848,480,55.967,54.191,0.991,53.2,8.573,22.499,16.949,5.18,44.628,1.771,0.005,58.48,114.496
1785989212,400499756,1785989212,400499756,43.622,5,848,480,43.11,42.231,1.068,41.163,8.148,11.196,17.711,4.107,33.015,0.876,0.003,48.228,91.379
1785989212,467231445,1785989212,467231445,64.293,5,848,480,40.249,39.57,1.95,37.62,7.313,8.861,17.386,4.06,30.307,0.675,0.003,48.697,88.936
1785989212,533963135,1785989212,533963135,62.368,5,848,480,40.959,40.248,1.398,38.85,7.565,9.531,17.168,4.585,31.284,0.709,0.003,43.591,84.573
1785989212,600694824,1785989212,600694824,66.685,5,848,480,40.842,40.115,1.969,38.146,6.772,8.414,17.372,5.587,31.374,0.724,0.003,43.665,84.537
1785989212,667426514,1785989212,667426514,66.192,5,848,480,40.195,39.517,1.94,37.577,6.694,8.294,17.562,5.027,30.883,0.675,0.003,43.767,83.989
1785989212,734158203,1785989212,734158203,74.043,5,848,480,41.153,40.395,1.892,38.503,7.523,9.461,17.412,4.107,30.98,0.755,0.003,50.121,91.3
1785989212,800862061,1785989212,800862061,63.507,5,848,480,41.881,41.103,1.816,39.286,8.379,8.989,17.659,4.259,30.907,0.775,0.003,46.193,88.104
1785989212,867537354,1785989212,867537354,62.951,5,848,480,40.716,40.005,1.075,38.93,8.469,8.484,17.254,4.722,30.461,0.708,0.003,43.664,84.376
1785989212,934212158,1785989212,934212158,69.733,5,848,480,44.571,43.797,1.998,41.799,7.433,8.403,19.852,6.111,34.366,0.77,0.003,42.91,87.435
1785989212,967549072,1785989212,967549072,60.317,5,848,480,55.761,54.937,2.204,52.733,18.209,9.053,16.799,8.671,34.524,0.819,0.004,58.634,114.421
1785989213,34222900,1785989213,34222900,49.743,5,848,480,49.264,48.493,2.641,45.852,13.173,10.073,17.354,5.253,32.679,0.766,0.004,48.888,97.49
1785989213,67559326,1785989213,67559326,54.983,5,848,480,53.425,52.7,1.425,51.275,18.927,9.668,17.24,5.44,32.347,0.721,0.004,65.687,121.508
1785989213,134231934,1785989213,134231934,65.331,5,848,480,62.417,61.689,1.948,59.741,23.256,12.489,16.839,7.157,36.485,0.725,0.003,55.336,117.787
1785989213,200903809,1785989213,200903809,46.604,5,848,480,43.869,43.104,1.963,41.141,9.672,9.973,17.281,4.215,31.469,0.761,0.004,53.826,97.729
1785989213,234239502,1785989213,234239502,54.793,5,848,480,52.097,51.391,1.919,49.473,15.495,9.19,17.47,7.317,33.978,0.703,0.003,67.063,119.173
1785989213,300910400,1785989213,300910400,41.943,5,848,480,41.563,40.81,1.811,38.998,7.397,10.12,17.323,4.159,31.602,0.75,0.003,52.848,94.451
1785989213,367580566,1785989213,367580566,72.492,5,848,480,42.956,42.064,1.699,40.365,7.681,11.314,17.131,4.239,32.683,0.888,0.004,57.291,100.288
1785989213,467584717,1785989213,467584717,85.082,5,848,480,40.02,39.298,1.748,37.55,7.053,8.498,17.396,4.604,30.497,0.718,0.003,45.358,85.35
1785989213,534253174,1785989213,534253174,67.668,5,848,480,39.548,38.769,0.921,37.847,7.095,8.486,17.324,4.942,30.753,0.776,0.003,46.776,86.351
1785989213,600920898,1785989213,600920898,64.118,5,848,480,42.071,41.34,1.814,39.526,8.768,8.586,17.237,4.935,30.758,0.727,0.004,41.708,83.805
1785989213,667587891,1785989213,667587891,66.705,5,848,480,39.832,39.146,0.95,38.196,7.263,8.408,17.223,5.302,30.933,0.683,0.003,43.982,83.843
1785989213,734254395,1785989213,734254395,68.324,5,848,480,40.63,39.905,0.956,38.949,8.151,8.738,17.447,4.614,30.799,0.722,0.004,44.839,85.498
1785989213,767587891,1785989213,767587891,68.265,5,848,480,51.383,50.643,5.695,44.948,8.621,9.077,23.226,4.024,36.327,0.736,0.003,69.027,120.428
1785989213,834272217,1785989213,834272217,57.385,5,848,480,56.97,55.787,0.991,54.796,16.032,13.113,16.851,8.8,38.764,1.177,0.005,54.121,111.133
1785989213,934297852,1785989213,934297852,75.752,5,848,480,42.815,42.121,1.705,40.416,6.936,8.545,21.092,3.843,33.48,0.691,0.003,44.012,86.853
1785989213,967639648,1785989213,967639648,62.159,5,848,480,57.562,56.879,1.197,55.682,25.291,8.119,17.767,4.505,30.391,0.679,0.003,58.085,115.681
1785989214,34322510,1785989214,34322510,42.956,5,848,480,42.554,41.855,1.927,39.928,6.895,10.21,18.313,4.51,33.033,0.695,0.004,49.352,91.948
1785989214,101005127,1785989214,101005127,67.438,5,848,480,42.299,41.492,1.014,40.478,8.462,9.776,17.798,4.442,32.016,0.804,0.004,50.378,92.701
1785989214,167687256,1785989214,167687256,64.958,5,848,480,43.14,42.368,0.879,41.489,9.086,10.562,17.319,4.522,32.404,0.769,0.003,47.81,90.976
1785989214,234368896,1785989214,234368896,64.385,5,848,480,42.889,42.153,2.272,39.881,8.393,9.86,17.471,4.157,31.488,0.734,0.003,45.766,88.69
1785989214,334390625,1785989214,334390625,93.855,5,848,480,39.37,38.67,1.561,37.109,6.575,8.582,17.321,4.632,30.534,0.697,0.003,43.114,82.511
1785989214,401071045,1785989214,401071045,70.271,5,848,480,39.561,38.878,1.875,37.003,6.986,8.648,17.189,4.18,30.017,0.68,0.003,46.515,86.115
1785989214,467751221,1785989214,467751221,63.975,5,848,480,39.231,38.567,1.595,36.972,7.024,8.603,17.184,4.161,29.948,0.661,0.003,44.139,83.451
1785989214,534430908,1785989214,534430908,73.289,5,848,480,41.624,40.889,1.697,39.192,6.675,11.038,17.337,4.141,32.517,0.732,0.003,48.359,90.005
1785989214,601110107,1785989214,601110107,63.728,5,848,480,41.085,40.359,2.397,37.963,6.822,8.611,18.351,4.179,31.141,0.722,0.004,45.942,87.056
1785989214,667788818,1785989214,667788818,66.237,5,848,480,41.655,40.92,2.291,38.629,6.907,8.489,19.074,4.158,31.721,0.732,0.003,44.933,86.615
1785989214,734467285,1785989214,734467285,67.421,5,848,480,42.176,41.418,1.724,39.694,7.16,8.556,19.842,4.135,32.534,0.755,0.003,45.158,87.356
1785989214,801144775,1785989214,801144775,64.322,5,848,480,40.731,40.049,1.53,38.519,7.332,8.59,17.393,5.203,31.187,0.679,0.003,44.241,84.997
1785989214,867820313,1785989214,867820313,69.344,5,848,480,43.961,43.278,2.337,40.942,7.257,8.451,21.141,4.092,33.685,0.679,0.003,43.687,87.669
1785989214,934495117,1785989214,934495117,66.285,5,848,480,42.772,42.055,2.02,40.035,7.955,8.514,19.344,4.222,32.08,0.714,0.003,44.484,87.278
1785989214,967832275,1785989214,967832275,47.521,5,848,480,40.903,39.297,0.915,38.382,7.489,9.722,17.128,4.043,30.893,1.599,0.006,60.537,101.504
1785989215,34506104,1785989215,34506104,59.882,5,848,480,45.974,45.201,1.272,43.93,10.877,9.962,17.673,5.417,33.052,0.768,0.004,48.679,94.686
1785989215,67842773,1785989215,67842773,75.878,5,848,480,75.45,74.55,1.182,73.368,25.278,25.045,17.776,5.269,48.09,0.896,0.004,61.723,137.217
1785989215,134515381,1785989215,134515381,74.382,5,848,480,73.946,73.253,4.055,69.198,12.845,31.789,17.218,7.347,56.354,0.69,0.003,70.935,146.704
1785989215,201187500,1785989215,201187500,55.152,5,848,480,50.924,50.052,2.6,47.452,13.559,11.682,17.37,4.841,33.893,0.868,0.004,82.457,133.409
1785989215,267858887,1785989215,267858887,48.369,5,848,480,46.199,45.198,1.596,43.603,10.598,9.163,18.656,5.186,33.005,0.997,0.004,68.874,115.11
1785989215,334529785,1785989215,334529785,44.479,5,848,480,43.961,43.229,1.115,42.114,8.866,11.054,17.942,4.252,33.248,0.729,0.003,48.913,92.909
1785989215,367864746,1785989215,367864746,60.217,5,848,480,58.85,58.107,2.837,55.271,19.764,13.996,16.802,4.708,35.506,0.739,0.003,60.906,119.786
1785989215,434534424,1785989215,434534424,56.136,5,848,480,55.674,51.09,0.825,50.266,9.325,19.09,16.719,5.132,40.941,4.575,0.008,53.549,109.28
1785989215,501203369,1785989215,501203369,51.145,5,848,480,40.049,39.322,0.958,38.364,7.163,9.463,17.677,4.06,31.201,0.724,0.003,53.657,93.731
1785989215,567871826,1785989215,567871826,62.979,5,848,480,40.748,39.935,2.626,37.31,6.8,8.819,17.687,4.004,30.51,0.809,0.003,49.282,90.041
1785989215,634539307,1785989215,634539307,62.574,5,848,480,39.963,39.226,1.915,37.311,6.816,8.585,17.25,4.66,30.495,0.734,0.003,45.959,85.948
1785989215,701206299,1785989215,701206299,67.726,5,848,480,40.902,40.174,1.758,38.416,6.825,8.605,18.007,4.979,31.591,0.724,0.003,46.082,87.024
1785989215,767873047,1785989215,767873047,67.823,5,848,480,39.599,38.86,1.578,37.281,7.041,8.771,17.412,4.057,30.241,0.737,0.003,48.537,88.161
1785989215,834565186,1785989215,834565186,64.321,5,848,480,40.766,40.036,1.998,38.037,7.211,8.42,17.368,5.039,30.827,0.727,0.003,45.004,85.792
1785989215,901257080,1785989215,901257080,72.009,5,848,480,45.773,44.977,1.581,43.396,12.152,9.866,17.324,4.054,31.244,0.792,0.004,45.311,91.114
1785989215,934602783,1785989215,934602783,59.785,5,848,480,59.389,58.283,0.944,57.338,26.2,8.342,16.979,5.817,31.139,1.1,0.007,58.124,117.578
1785989216,1293701,1785989216,1293701,79.14,5,848,480,66.907,55.179,0.843,54.336,14.253,12.582,17.555,9.946,40.083,11.721,0.007,63.072,130.025
1785989216,34638916,1785989216,34638916,46.76,5,848,480,44.998,44.135,0.985,43.149,9.534,11.026,17.307,5.283,33.615,0.859,0.004,98.391,143.437
1785989216,101329346,1785989216,101329346,41.622,5,848,480,41.12,40.333,0.921,39.412,7.846,9.288,17.511,4.767,31.566,0.784,0.003,77.188,118.344
1785989216,201363770,1785989216,201363770,75.87,5,848,480,49.177,48.389,1.071,47.318,14.631,8.606,17.506,6.575,32.687,0.785,0.004,44.979,94.182
1785989216,234708496,1785989216,234708496,55.152,5,848,480,54.734,53.945,1.088,52.856,19.768,9.107,17.149,6.832,33.088,0.786,0.004,61.214,115.988
1785989216,268052979,1785989216,268052979,67.967,5,848,480,67.566,66.863,12.146,54.717,9.931,15.483,16.746,12.557,44.786,0.699,0.004,83.005,150.614
1785989216,368085449,1785989216,368085449,43.131,5,848,480,42.641,41.829,1.408,40.421,9.729,9.282,17.366,4.044,30.692,0.809,0.003,51.027,93.708
1785989216,434773438,1785989216,434773438,78.787,5,848,480,47.214,46.517,1.642,44.875,6.95,15.923,16.613,5.388,37.925,0.694,0.004,58.567,105.811
1785989216,468117188,1785989216,468117188,45.975,5,848,480,45.479,44.739,0.928,43.811,11.552,9.221,17.306,5.732,32.26,0.737,0.003,72.92,118.437
1785989216,534804443,1785989216,534804443,41.091,5,848,480,40.626,39.939,0.798,39.141,7.94,9.671,17.38,4.15,31.201,0.683,0.003,52.176,92.84
1785989216,601490967,1785989216,601490967,62.489,5,848,480,42.21,41.538,1.929,39.609,7.491,9.545,17.511,5.062,32.118,0.669,0.003,46.409,88.642
1785989216,668177246,1785989216,668177246,66.267,5,848,480,41.0,40.312,1.748,38.564,7.209,8.565,17.505,5.284,31.355,0.685,0.003,47.199,88.223
1785989216,734862793,1785989216,734862793,65.041,5,848,480,40.15,39.447,1.134,38.314,7.235,8.672,17.365,5.042,31.079,0.699,0.003,46.408,86.579
1785989216,801543213,1785989216,801543213,65.568,5,848,480,40.909,40.232,1.615,38.617,6.863,8.61,17.309,5.835,31.754,0.674,0.003,44.532,85.469
1785989216,868217041,1785989216,868217041,67.126,5,848,480,41.269,40.626,1.574,39.051,7.601,8.514,17.245,5.691,31.45,0.64,0.003,44.625,85.915
1785989216,934890381,1785989216,934890381,67.948,5,848,480,41.379,40.698,1.638,39.06,7.026,8.473,19.404,4.157,32.034,0.678,0.003,45.79,87.196
1785989217,1562988,1785989217,1562988,69.427,5,848,480,44.098,43.396,1.596,41.8,7.032,8.507,21.908,4.353,34.768,0.699,0.003,45.825,89.947
1785989217,34898926,1785989217,34898926,68.52,5,848,480,61.436,60.543,6.118,54.426,9.122,18.068,17.546,9.689,45.303,0.89,0.004,63.671,125.138
1785989217,101570557,1785989217,101570557,57.78,5,848,480,57.247,56.449,0.826,55.623,16.98,16.776,17.125,4.742,38.643,0.795,0.003,58.956,116.245
1785989217,134906006,1785989217,134906006,68.014,5,848,480,66.477,65.601,6.413,59.189,21.329,13.076,16.801,7.983,37.86,0.871,0.005,84.458,150.941
1785989217,234911377,1785989217,234911377,65.239,5,848,480,61.368,60.61,8.977,51.633,16.924,9.963,16.8,7.946,34.709,0.754,0.004,54.761,116.152
1785989217,301580566,1785989217,301580566,54.141,5,848,480,52.82,51.931,10.097,41.834,9.335,11.452,16.609,4.438,32.499,0.885,0.004,50.773,103.654
1785989217,334915039,1785989217,334915039,55.022,5,848,480,54.577,53.816,0.994,52.823,22.523,8.897,17.39,4.012,30.3,0.724,0.036,70.734,125.353
1785989217,401583252,1785989217,401583252,41.069,5,848,480,40.625,39.78,0.82,38.959,7.801,9.976,17.244,3.938,31.158,0.841,0.005,59.052,99.724
1785989217,468250732,1785989217,468250732,69.474,5,848,480,43.005,41.864,2.026,39.837,8.029,10.865,16.803,4.14,31.808,1.137,0.005,59.493,102.544
1785989217,501584229,1785989217,501584229,55.28,5,848,480,50.389,49.666,8.952,40.714,10.147,8.771,17.585,4.211,30.567,0.72,0.003,74.082,124.469
1785989217,568250732,1785989217,568250732,60.437,5,848,480,60.022,59.28,1.021,58.259,14.067,18.73,17.134,8.329,44.192,0.739,0.003,58.177,118.236
1785989217,634916504,1785989217,634916504,53.683,5,848,480,53.292,52.605,0.996,51.609,8.097,22.031,16.687,4.794,43.512,0.684,0.003,51.924,105.385
1785989217,668249023,1785989217,668249023,58.888,5,848,480,56.789,56.106,1.455,54.651,23.514,9.267,17.355,4.515,31.138,0.68,0.003,73.994,130.829
1785989217,734913818,1785989217,734913818,55.897,5,848,480,55.327,54.564,1.089,53.475,19.774,9.993,16.912,6.796,33.7,0.76,0.003,64.678,120.041
1785989217,801583740,1785989217,801583740,41.065,5,848,480,40.661,39.926,0.869,39.056,8.315,9.342,17.381,4.019,30.742,0.732,0.003,53.739,94.438
1785989217,868258057,1785989217,868258057,61.571,5,848,480,39.311,38.56,1.701,36.858,6.963,8.6,17.288,4.008,29.896,0.748,0.003,49.999,89.337
1785989217,934931885,1785989217,934931885,63.922,5,848,480,41.26,40.541,1.55,38.991,6.478,8.479,17.053,6.982,32.513,0.716,0.003,45.297,86.587
1785989218,1604736,1785989218,1604736,72.572,5,848,480,45.447,44.546,0.976,43.57,7.034,8.688,23.686,4.161,36.536,0.897,0.004,47.012,92.484
1785989218,34940918,1785989218,34940918,69.719,5,848,480,60.405,59.339,1.194,58.144,11.128,10.269,17.936,18.812,47.017,1.061,0.005,68.449,128.877
1785989218,68277100,1785989218,68277100,56.298,5,848,480,55.649,54.694,1.369,53.325,20.57,9.741,17.497,5.517,32.755,0.951,0.003,96.144,151.83
1785989218,168284180,1785989218,168284180,74.043,5,848,480,72.407,65.713,4.281,61.432,19.902,18.54,16.747,6.243,41.53,6.687,0.007,53.432,125.885
1785989218,234954590,1785989218,234954590,60.291,5,848,480,59.824,58.995,2.347,56.648,18.394,16.004,16.773,5.477,38.254,0.824,0.005,59.626,119.511
1785989218,301624512,1785989218,301624512,40.183,5,848,480,39.678,38.899,0.939,37.961,7.187,9.307,17.373,4.093,30.773,0.775,0.003,53.284,92.998
1785989218,368293701,1785989218,368293701,63.164,5,848,480,42.228,41.478,1.688,39.79,8.187,8.677,17.522,5.405,31.603,0.747,0.003,47.321,89.489
1785989218,434961914,1785989218,434961914,64.59,5,848,480,40.736,40.063,0.876,39.187,7.732,8.616,17.331,5.508,31.454,0.669,0.003,46.652,87.413
1785989218,501629639,1785989218,501629639,68.524,5,848,480,42.354,41.591,1.836,39.755,7.218,8.416,17.342,6.779,32.537,0.76,0.003,46.89,89.27
1785989218,568296631,1785989218,568296631,63.861,5,848,480,39.284,38.415,0.927,37.487,6.963,8.355,16.979,5.189,30.524,0.866,0.004,47.154,86.465
1785989218,634962891,1785989218,634962891,67.394,5,848,480,39.425,38.653,0.951,37.702,7.545,8.453,17.23,4.474,30.157,0.768,0.004,47.815,87.192
1785989218,701628418,1785989218,701628418,69.527,5,848,480,44.109,43.276,1.657,41.619,10.356,8.592,17.0,5.67,31.263,0.83,0.003,45.917,90.053
1785989218,768293701,1785989218,768293701,62.114,5,848,480,39.177,38.499,1.855,36.644,6.94,8.35,17.125,4.229,29.705,0.675,0.003,46.298,85.497
1785989218,834968262,1785989218,834968262,70.734,5,848,480,42.795,42.098,2.186,39.912,6.768,8.884,17.195,7.064,33.143,0.694,0.003,46.744,89.559
1785989218,901642090,1785989218,901642090,67.712,5,848,480,44.342,43.605,2.118,41.487,7.021,8.495,21.831,4.14,34.466,0.733,0.004,46.232,90.605
1785989218,934978760,1785989218,934978760,41.127,5,848,480,40.413,39.677,0.976,38.701,7.686,9.562,17.231,4.223,31.015,0.734,0.003,57.939,98.388
1785989219,1651367,1785989219,1651367,57.955,5,848,480,39.344,38.635,0.882,37.753,7.239,8.565,17.407,4.542,30.514,0.705,0.003,50.303,89.669
1785989219,68323486,1785989219,68323486,77.182,5,848,480,48.22,47.383,0.911,46.472,7.638,14.337,18.389,6.108,38.834,0.834,0.004,51.935,100.181
1785989219,101659180,1785989219,101659180,62.754,5,848,480,62.356,61.657,6.162,55.495,22.067,11.053,17.693,4.682,33.428,0.695,0.003,67.203,129.6
1785989219,168330322,1785989219,168330322,58.606,5,848,480,58.208,57.503,2.219,55.284,20.553,9.166,20.111,5.454,34.731,0.702,0.003,63.286,121.534
1785989219,235000488,1785989219,235000488,62.429,5,848,480,61.909,61.041,0.893,60.148,22.865,11.412,17.071,8.8,37.283,0.864,0.004,55.346,117.299
1785989219,301669922,1785989219,301669922,45.11,5,848,480,43.328,42.609,1.227,41.382,8.001,11.793,17.517,4.072,33.381,0.717,0.003,52.376,95.732
1785989219,368338867,1785989219,368338867,63.659,5,848,480,40.967,40.257,1.721,38.536,7.776,9.004,17.626,4.129,30.76,0.707,0.003,51.729,92.723
1785989219,435006836,1785989219,435006836,72.044,5,848,480,51.446,50.771,1.153,49.618,7.285,8.378,25.026,8.929,42.333,0.672,0.003,46.634,98.097
1785989219,501674316,1785989219,501674316,63.89,5,848,480,40.169,39.364,1.797,37.567,6.715,9.336,17.532,3.985,30.852,0.801,0.004,55.126,95.321
1785989219,568341064,1785989219,568341064,62.716,5,848,480,40.009,39.206,1.742,37.464,7.165,8.623,17.571,4.105,30.299,0.8,0.003,51.334,91.372
1785989219,635007080,1785989219,635007080,63.792,5,848,480,40.478,39.74,0.98,38.76,7.22,8.338,17.639,5.563,31.54,0.735,0.003,47.994,88.494
1785989219,701672119,1785989219,701672119,66.064,5,848,480,39.892,39.16,1.68,37.48,6.874,8.855,17.272,4.479,30.605,0.729,0.003,48.005,87.896
1785989219,768337158,1785989219,768337158,68.933,5,848,480,41.704,40.872,0.903,39.969,7.611,9.006,19.234,4.119,32.358,0.829,0.003,48.431,90.163
1785989219,868542969,1785989219,868542969,100.812,5,848,480,42.799,42.058,1.93,40.128,6.762,8.221,18.044,7.101,33.366,0.738,0.003,47.947,90.768
1785989219,935349609,1785989219,935349609,63.773,5,848,480,40.129,39.366,2.307,37.058,6.562,8.409,17.162,4.925,30.496,0.76,0.004,47.583,87.734
1785989220,2158203,1785989220,2158203,66.704,5,848,480,41.045,40.3,2.162,38.137,6.751,8.627,17.241,5.518,31.386,0.742,0.003,46.566,87.63
1785989220,68968994,1785989220,68968994,75.12,5,848,480,45.527,44.366,1.137,43.229,11.879,8.589,17.386,5.376,31.35,1.156,0.004,50.394,95.945
1785989220,102375244,1785989220,102375244,67.502,5,848,480,56.911,56.097,2.388,53.709,21.985,8.924,17.504,5.296,31.724,0.81,0.004,73.152,130.045
1785989220,169189209,1785989220,169189209,60.241,5,848,480,59.691,58.84,3.278,55.563,24.109,9.147,17.195,5.112,31.454,0.847,0.004,63.736,123.467
1785989220,202596924,1785989220,202596924,69.744,5,848,480,64.456,63.761,3.02,60.741,27.683,10.468,17.28,5.311,33.058,0.692,0.003,95.318,159.796
1785989220,302823486,1785989220,302823486,42.033,5,848,480,41.652,40.881,0.896,39.984,8.97,9.268,17.451,4.295,31.015,0.766,0.005,59.915,101.62
1785989220,369644043,1785989220,369644043,63.092,5,848,480,40.636,39.873,1.79,38.083,6.958,9.067,17.291,4.768,31.125,0.759,0.004,57.218,97.883
1785989220,469878418,1785989220,469878418,88.624,5,848,480,40.16,39.467,1.164,38.302,7.844,8.496,17.104,4.858,30.458,0.69,0.003,46.081,86.265
1785989220,570117920,1785989220,570117920,100.821,5,848,480,40.393,39.698,1.845,37.853,6.947,8.456,17.357,5.094,30.906,0.692,0.003,46.429,86.849
1785989220,603531982,1785989220,603531982,61.572,5,848,480,56.854,56.037,0.932,55.105,18.085,13.843,16.621,6.556,37.02,0.813,0.004,58.118,115.008
1785989220,670362061,1785989220,670362061,41.323,5,848,480,40.82,40.129,2.227,37.901,7.377,8.831,17.44,4.254,30.525,0.688,0.003,48.64,89.499
1785989220,737194092,1785989220,737194092,67.063,5,848,480,44.597,43.826,2.478,41.348,10.614,9.053,17.518,4.164,30.735,0.768,0.003,45.112,89.734
1785989220,770609375,1785989220,770609375,54.165,5,848,480,53.744,52.451,1.017,51.434,7.868,20.259,16.755,6.552,43.566,1.287,0.006,56.7,110.498
1785989220,804029541,1785989220,804029541,43.188,5,848,480,42.73,42.059,1.067,40.992,10.117,8.887,17.236,4.753,30.876,0.667,0.003,77.479,120.25
1785989220,904292236,1785989220,904292236,67.33,5,848,480,41.158,40.224,1.837,38.387,6.931,8.424,17.28,5.752,31.456,0.928,0.005,46.134,87.329
1785989220,971135742,1785989220,971135742,65.364,5,848,480,39.781,39.063,1.062,38.001,6.909,8.34,17.022,5.729,31.091,0.715,0.003,46.029,85.836
1785989221,37980713,1785989221,37980713,87.237,5,848,480,53.825,52.205,1.316,50.889,7.939,15.042,20.948,6.96,42.95,1.425,0.194,52.569,106.442
1785989221,104827393,1785989221,104827393,63.813,5,848,480,51.452,48.778,1.657,47.121,10.904,14.929,16.989,4.299,36.217,2.669,0.005,51.723,103.31
1785989221,171675293,1785989221,171675293,58.391,5,848,480,41.076,40.374,2.202,38.172,7.083,9.669,17.398,4.022,31.089,0.699,0.003,53.636,94.737
1785989221,238524658,1785989221,238524658,75.553,5,848,480,49.631,48.676,0.894,47.782,7.429,18.746,17.072,4.535,40.353,0.95,0.005,53.788,103.461
1785989221,271949951,1785989221,271949951,52.167,5,848,480,51.218,50.488,1.209,49.279,18.059,8.586,18.614,4.02,31.22,0.727,0.003,70.94,122.186
1785989221,338801758,1785989221,338801758,43.105,5,848,480,42.626,41.845,1.302,40.542,7.995,11.135,17.284,4.128,32.547,0.776,0.005,55.771,98.442
1785989221,405654785,1785989221,405654785,57.085,5,848,480,39.537,38.791,0.816,37.975,7.239,8.602,17.545,4.589,30.736,0.743,0.003,49.108,88.684
1785989221,472509521,1785989221,472509521,69.892,5,848,480,40.209,39.468,1.564,37.904,7.182,9.093,17.538,4.091,30.722,0.738,0.003,51.47,91.718
1785989221,539365479,1785989221,539365479,63.421,5,848,480,40.046,39.353,1.972,37.381,7.041,8.597,17.504,4.24,30.34,0.69,0.003,48.198,88.274
1785989221,606223145,1785989221,606223145,64.465,5,848,480,39.624,38.947,2.071,36.876,6.906,8.421,17.392,4.156,29.969,0.674,0.003,46.227,85.874
1785989221,673082031,1785989221,673082031,66.364,5,848,480,41.455,40.765,1.904,38.861,8.403,8.443,17.152,4.863,30.458,0.687,0.003,43.903,85.381
1785989221,739942383,1785989221,739942383,71.57,5,848,480,41.809,41.054,1.736,39.319,8.827,9.166,17.257,4.068,30.491,0.752,0.003,48.263,90.092
1785989221,806708008,1785989221,806708008,61.752,5,848,480,41.076,40.32,1.112,39.208,8.35,8.716,17.29,4.852,30.858,0.753,0.003,43.976,85.079
1785989221,840044189,1785989221,840044189,63.711,5,848,480,58.538,57.813,2.252,55.561,18.647,11.237,16.612,9.065,36.914,0.721,0.003,56.88,115.45
1785989221,906716064,1785989221,906716064,70.446,5,848,480,70.066,69.347,8.344,61.003,25.32,13.741,16.751,5.191,35.683,0.716,0.003,49.121,119.292
1785989221,973387207,1785989221,973387207,47.574,5,848,480,47.096,45.991,1.503,44.488,6.863,16.384,17.171,4.07,37.624,1.1,0.005,52.997,100.142
1785989222,6722656,1785989222,6722656,65.276,5,848,480,56.583,55.823,11.984,43.839,12.743,8.531,17.351,5.214,31.095,0.756,0.004,75.469,132.075
1785989222,40057861,1785989222,40057861,83.059,5,848,480,82.63,81.479,1.225,80.254,31.33,25.832,18.067,5.025,48.923,1.145,0.005,99.128,181.856
1785989222,140062256,1785989222,140062256,72.454,5,848,480,71.694,71.005,1.016,69.989,30.308,11.803,23.746,4.132,39.681,0.686,0.003,82.521,154.244
1785989222,240064941,1785989222,240064941,65.004,5,848,480,57.935,57.169,2.097,55.072,18.546,11.395,20.863,4.268,36.526,0.763,0.003,61.288,119.244
1785989222,306732422,1785989222,306732422,51.711,5,848,480,50.36,49.297,1.029,48.268,14.062,12.469,16.732,5.004,34.206,1.057,0.006,53.9,104.34
1785989222,373399414,1785989222,373399414,48.807,5,848,480,42.05,41.335,2.196,39.14,8.863,8.634,17.289,4.354,30.277,0.712,0.003,44.361,86.428
1785989222,440065430,1785989222,440065430,67.047,5,848,480,40.723,39.617,1.676,37.942,7.447,8.641,17.189,4.665,30.495,1.1,0.006,46.197,86.841
1785989222,506730957,1785989222,506730957,66.284,5,848,480,41.894,41.14,1.998,39.142,7.175,8.746,19.089,4.133,31.968,0.751,0.003,44.517,86.431
1785989222,573395752,1785989222,573395752,65.302,5,848,480,40.488,39.801,1.94,37.861,7.233,8.629,17.202,4.798,30.628,0.685,0.003,44.552,85.064
1785989222,640059570,1785989222,640059570,66.048,5,848,480,40.394,39.712,1.952,37.76,6.967,8.454,17.195,5.144,30.793,0.679,0.003,44.033,84.451
1785989222,706722900,1785989222,706722900,70.181,5,848,480,43.493,42.754,0.936,41.818,7.502,8.863,17.784,7.67,34.317,0.735,0.003,44.474,87.968
1785989222,773385986,1785989222,773385986,64.515,5,848,480,39.368,38.688,0.993,37.695,7.145,8.561,17.19,4.799,30.55,0.677,0.003,46.434,85.821
1785989222,840059326,1785989222,840059326,65.946,5,848,480,40.473,39.739,0.966,38.773,6.788,8.121,16.979,6.885,31.985,0.731,0.003,44.594,85.092
1785989222,906731934,1785989222,906731934,68.333,5,848,480,42.504,41.74,1.544,40.196,6.84,8.422,20.932,4.003,33.356,0.761,0.003,44.224,86.756
1785989222,973403809,1785989222,973403809,62.808,5,848,480,38.747,37.991,1.55,36.441,6.811,8.314,17.29,4.026,29.63,0.752,0.003,44.116,82.889
1785989223,40074951,1785989223,40074951,75.615,5,848,480,47.648,46.92,1.699,45.221,6.533,8.637,25.907,4.145,38.688,0.725,0.003,44.159,91.833
1785989223,73410156,1785989223,73410156,86.426,5,848,480,86.018,85.194,10.92,74.274,26.394,22.487,18.119,7.274,47.88,0.82,0.004,58.868,144.936
1785989223,173415039,1785989223,173415039,48.005,5,848,480,46.345,45.648,1.314,44.334,13.09,9.497,17.643,4.105,31.244,0.694,0.003,46.548,92.925
1785989223,206749512,1785989223,206749512,54.706,5,848,480,54.245,53.279,1.806,51.474,8.493,21.953,16.833,4.195,42.981,0.961,0.005,60.014,114.311
1785989223,273418213,1785989223,273418213,69.327,5,848,480,53.56,52.834,0.837,51.997,12.09,15.101,16.705,8.102,39.907,0.723,0.003,63.37,116.953
1785989223,340085938,1785989223,340085938,51.004,5,848,480,50.498,49.708,0.816,48.892,9.677,16.875,18.061,4.279,39.215,0.785,0.005,50.757,101.377
1785989223,373419434,1785989223,373419434,55.519,5,848,480,52.974,52.228,1.763,50.465,18.412,10.342,17.608,4.104,32.054,0.743,0.003,70.484,123.476
1785989223,440086182,1785989223,440086182,63.542,5,848,480,62.987,62.33,1.059,61.271,17.017,12.414,16.922,14.918,44.254,0.654,0.003,57.326,120.42
1785989223,506752197,1785989223,506752197,61.03,5,848,480,60.57,59.722,0.968,58.754,13.275,22.269,16.747,6.462,45.479,0.844,0.004,54.106,114.716
1785989223,573417480,1785989223,573417480,42.802,5,848,480,41.303,40.608,0.991,39.616,8.508,9.424,17.448,4.236,31.108,0.692,0.003,49.52,90.851
1785989223,640081787,1785989223,640081787,62.431,5,848,480,39.679,38.984,1.756,37.228,6.836,8.419,17.255,4.718,30.392,0.692,0.003,46.913,86.618
1785989223,706745605,1785989223,706745605,65.975,5,848,480,40.225,39.528,1.591,37.937,6.944,8.615,17.372,5.006,30.993,0.693,0.004,45.679,85.93
1785989223,773409180,1785989223,773409180,66.419,5,848,480,39.893,39.168,1.55,37.618,7.1,8.507,17.26,4.751,30.518,0.721,0.003,45.765,85.683
1785989223,840166260,1785989223,840166260,67.227,5,848,480,40.504,39.722,1.62,38.102,6.925,8.618,17.39,5.169,31.177,0.778,0.004,45.669,86.156
1785989223,906924805,1785989223,906924805,66.091,5,848,480,40.928,40.218,1.73,38.489,8.33,8.162,17.025,4.971,30.158,0.706,0.003,44.534,85.488
1785989223,973684814,1785989223,973684814,68.333,5,848,480,41.313,40.587,1.878,38.709,6.717,8.559,19.194,4.239,31.992,0.723,0.003,45.722,87.061
1785989224,73827881,1785989224,73827881,105.639,5,848,480,47.496,46.73,1.714,45.016,8.732,11.101,19.307,5.876,36.284,0.762,0.003,45.035,92.759
1785989224,107209473,1785989224,107209473,60.888,5,848,480,60.242,59.44,0.961,58.48,22.712,12.228,17.291,6.248,35.767,0.798,0.004,59.786,120.068
1785989224,173974121,1785989224,173974121,44.459,5,848,480,43.484,42.711,1.57,41.141,7.879,12.025,17.142,4.095,33.262,0.717,0.056,54.304,97.816
1785989224,207356934,1785989224,207356934,53.641,5,848,480,52.048,51.167,0.999,50.168,19.371,8.899,17.142,4.755,30.797,0.877,0.004,65.939,118.043
1785989224,274123779,1785989224,274123779,50.653,5,848,480,42.97,42.039,0.82,41.219,8.793,10.805,17.312,4.309,32.426,0.926,0.005,58.912,101.95
1785989224,340892090,1785989224,340892090,53.759,5,848,480,42.428,41.653,2.806,38.848,7.501,9.975,17.395,3.976,31.347,0.771,0.004,46.441,88.893
1785989224,407661865,1785989224,407661865,64.416,5,848,480,42.345,41.513,1.691,39.822,6.716,8.394,17.411,7.301,33.106,0.828,0.004,44.167,86.633
1785989224,474433105,1785989224,474433105,66.422,5,848,480,40.845,40.147,1.804,38.343,7.749,8.944,17.202,4.448,30.594,0.695,0.003,45.318,86.185
1785989224,541205811,1785989224,541205811,65.154,5,848,480,39.908,39.027,1.723,37.304,6.786,8.438,17.269,4.81,30.518,0.878,0.003,44.636,84.572
1785989224,607979980,1785989224,607979980,68.198,5,848,480,39.62,38.831,2.316,36.514,6.69,8.304,17.266,4.254,29.824,0.786,0.003,46.354,85.994
1785989224,674755859,1785989224,674755859,67.554,5,848,480,39.847,39.148,0.827,38.321,6.939,8.57,18.34,4.472,31.382,0.696,0.003,46.9,86.772
1785989224,741532959,1785989224,741532959,68.346,5,848,480,39.37,38.646,1.029,37.617,7.22,8.827,17.528,4.041,30.397,0.721,0.003,48.946,88.343
1785989224,808264648,1785989224,808264648,62.575,5,848,480,38.818,38.122,1.338,36.784,6.614,8.367,17.241,4.563,30.17,0.692,0.004,45.341,84.185
1785989224,874950439,1785989224,874950439,68.601,5,848,480,39.597,38.748,1.755,36.993,7.024,8.537,17.165,4.267,29.969,0.846,0.004,46.537,86.103
1785989224,941635742,1785989224,941635742,68.18,5,848,480,42.784,42.028,1.832,40.196,7.077,8.386,20.911,3.822,33.119,0.743,0.013,44.99,87.605
1785989225,8320557,1785989225,8320557,66.424,5,848,480,42.637,41.622,2.108,39.514,6.863,8.288,20.531,3.831,32.651,1.012,0.003,44.674,87.333
1785989225,75004883,1785989225,75004883,72.959,5,848,480,44.731,43.854,1.046,42.809,7.994,11.942,17.377,5.496,34.815,0.873,0.004,48.853,93.616
1785989225,108346924,1785989225,108346924,59.87,5,848,480,59.445,58.333,1.5,56.833,21.899,10.742,17.255,6.937,34.934,1.107,0.005,60.656,120.156
1785989225,175030518,1785989225,175030518,47.037,5,848,480,46.569,45.678,1.641,44.037,9.276,11.929,17.299,5.533,34.761,0.886,0.005,53.885,100.501
1785989225,208372070,1785989225,208372070,45.728,5,848,480,44.106,43.27,1.577,41.693,8.195,10.068,17.441,5.989,33.498,0.83,0.006,68.749,112.89
1785989225,241713379,1785989225,241713379,47.66,5,848,480,40.155,39.361,2.126,37.234,6.957,8.865,17.369,4.044,30.277,0.791,0.003,87.018,127.195
1785989225,341737061,1785989225,341737061,61.605,5,848,480,39.065,38.303,0.816,37.488,6.547,8.527,17.788,4.626,30.941,0.758,0.003,49.685,88.777
1785989225,408418945,1785989225,408418945,62.143,5,848,480,39.676,38.958,1.212,37.745,7.103,8.505,17.192,4.945,30.643,0.715,0.003,44.54,84.238
1785989225,475100342,1785989225,475100342,68.074,5,848,480,39.912,39.22,1.661,37.559,6.705,8.801,17.464,4.588,30.854,0.689,0.003,45.693,85.629
1785989225,541781006,1785989225,541781006,65.64,5,848,480,40.614,39.891,1.734,38.157,7.406,8.59,17.193,4.968,30.751,0.72,0.004,43.98,84.584
1785989225,608461426,1785989225,608461426,67.98,5,848,480,41.893,41.244,1.939,39.305,9.23,8.535,17.26,4.28,30.075,0.647,0.003,43.971,85.883
1785989225,675141357,1785989225,675141357,68.596,5,848,480,43.624,42.896,1.567,41.329,6.839,8.508,21.835,4.147,34.49,0.724,0.003,44.157,87.804
1785989225,741820557,1785989225,741820557,66.776,5,848,480,41.066,40.375,1.692,38.684,7.464,9.152,17.936,4.133,31.22,0.687,0.003,46.809,87.901
1785989225,808510742,1785989225,808510742,64.998,5,848,480,40.835,40.11,2.132,37.978,6.953,8.56,17.197,5.269,31.025,0.722,0.003,45.35,86.208
1785989225,875210938,1785989225,875210938,67.895,5,848,480,41.696,40.876,1.098,39.777,6.832,8.417,20.606,3.922,32.946,0.817,0.003,45.681,87.404
1785989225,941911133,1785989225,941911133,67.98,5,848,480,43.408,42.633,2.961,39.672,7.43,10.476,17.61,4.157,32.242,0.771,0.003,45.25,88.681
1785989226,8611328,1785989226,8611328,64.836,5,848,480,41.439,40.658,1.738,38.92,7.115,8.889,17.285,5.631,31.805,0.777,0.003,45.355,86.819
1785989226,75311279,1785989226,75311279,82.783,5,848,480,45.523,44.65,0.983,43.667,7.412,13.052,18.328,4.876,36.256,0.868,0.005,57.355,102.939
1785989226,108661133,1785989226,108661133,56.981,5,848,480,53.749,53.022,5.859,47.164,12.407,12.857,17.62,4.28,34.757,0.724,0.003,72.765,126.542
1785989226,175361084,1785989226,175361084,57.107,5,848,480,56.716,55.83,1.024,54.806,23.66,9.392,16.8,4.954,31.146,0.883,0.004,60.184,116.958
1785989226,242060547,1785989226,242060547,58.761,5,848,480,58.072,57.13,1.032,56.097,16.882,16.111,16.652,6.452,39.215,0.939,0.004,50.9,109.013
1785989226,275410400,1785989226,275410400,75.01,5,848,480,68.571,67.632,9.783,57.849,20.314,14.696,16.683,6.157,37.536,0.934,0.005,82.077,150.706
1785989226,375459717,1785989226,375459717,48.334,5,848,480,47.822,47.03,1.209,45.822,14.177,10.643,17.012,3.99,31.645,0.788,0.004,51.088,98.952
1785989226,408809326,1785989226,408809326,65.199,5,848,480,62.739,61.978,2.632,59.346,21.079,17.202,17.19,3.876,38.267,0.758,0.003,68.037,130.795
1785989226,475508545,1785989226,475508545,53.942,5,848,480,53.542,52.797,1.528,51.269,17.759,9.301,16.9,7.309,33.511,0.741,0.004,64.458,118.039
1785989226,542207764,1785989226,542207764,41.014,5,848,480,40.615,39.873,0.904,38.97,8.391,9.124,17.404,4.051,30.579,0.739,0.003,51.698,92.352
1785989226,608906738,1785989226,608906738,69.619,5,848,480,45.364,44.639,2.964,41.675,10.074,10.05,17.596,3.954,31.601,0.722,0.003,49.885,95.287
1785989226,642256104,1785989226,642256104,59.515,5,848,480,59.101,58.39,0.831,57.558,13.635,15.143,24.778,4.002,43.923,0.708,0.003,62.298,121.437
1785989226,708954834,1785989226,708954834,66.634,5,848,480,66.143,65.393,0.921,64.472,28.181,10.586,20.962,4.743,36.291,0.747,0.003,55.192,121.373
1785989226,775653809,1785989226,775653809,59.359,5,848,480,58.914,58.228,0.98,57.247,23.142,10.972,16.783,6.35,34.105,0.684,0.003,55.079,114.031
1785989226,842342773,1785989226,842342773,50.326,5,848,480,48.52,47.783,10.08,37.704,7.087,9.684,16.975,3.958,30.617,0.734,0.003,49.124,97.675
1785989226,875687256,1785989226,875687256,50.898,5,848,480,44.633,43.884,2.42,41.464,9.533,9.085,17.997,4.849,31.931,0.745,0.003,70.562,115.224
1785989226,942375488,1785989226,942375488,45.735,5,848,480,45.326,44.631,0.782,43.849,7.591,14.365,17.852,4.042,36.258,0.692,0.003,48.905,94.271
1785989226,975719482,1785989226,975719482,57.432,5,848,480,57.033,55.959,0.952,55.007,18.314,13.282,17.077,6.333,36.693,1.069,0.004,61.289,119.254
1785989227,42407227,1785989227,42407227,63.025,5,848,480,61.632,60.555,4.163,56.391,9.994,12.518,17.037,16.842,46.397,1.071,0.007,53.032,114.869
1785989227,75750977,1785989227,75750977,67.591,5,848,480,60.283,59.572,4.157,55.415,15.334,17.935,16.982,5.164,40.081,0.708,0.003,90.581,148.942
1785989227,175781250,1785989227,175781250,46.939,5,848,480,46.551,45.796,0.996,44.801,14.323,9.181,17.23,4.067,30.478,0.751,0.003,49.261,95.855
1785989227,209124512,1785989227,209124512,58.094,5,848,480,56.67,55.927,0.986,54.941,18.594,9.97,17.084,9.293,36.347,0.74,0.004,63.901,120.6
1785989227,275810547,1785989227,275810547,41.581,5,848,480,41.188,40.443,0.955,39.488,6.682,11.059,17.555,4.192,32.806,0.742,0.003,54.27,95.512
1785989227,309153320,1785989227,309153320,59.077,5,848,480,53.461,52.804,3.506,49.298,16.223,10.261,17.141,5.673,33.075,0.654,0.003,67.753,121.227
1785989227,375838867,1785989227,375838867,61.782,5,848,480,61.392,60.462,0.91,59.553,19.613,15.878,16.741,7.321,39.94,0.926,0.004,54.897,116.34
1785989227,442523682,1785989227,442523682,56.206,5,848,480,55.256,54.274,0.914,53.36,16.089,9.087,22.901,5.284,37.272,0.976,0.006,50.56,105.872
1785989227,475865967,1785989227,475865967,56.473,5,848,480,53.713,52.9,8.894,44.006,13.575,8.95,17.438,4.044,30.431,0.808,0.004,75.248,128.985
1785989227,542550293,1785989227,542550293,57.128,5,848,480,56.703,55.898,0.986,54.912,15.696,14.846,17.821,6.549,39.216,0.801,0.004,62.683,119.425
1785989227,609234131,1785989227,609234131,44.689,5,848,480,44.263,43.481,3.732,39.749,7.963,10.253,17.45,4.082,31.786,0.778,0.004,53.127,97.433
1785989227,642575928,1785989227,642575928,52.347,5,848,480,50.354,49.491,0.982,48.509,12.225,14.256,16.835,5.193,36.284,0.857,0.006,66.053,116.463
1785989227,709259033,1785989227,709259033,56.016,5,848,480,55.353,54.224,1.495,52.729,20.933,9.917,17.003,4.876,31.796,1.123,0.006,50.384,105.815
1785989227,742600586,1785989227,742600586,53.074,5,848,480,50.056,49.32,5.543,43.776,13.512,8.948,17.367,3.949,30.265,0.733,0.003,75.582,125.5
1785989227,809300781,1785989227,809300781,56.986,5,848,480,56.579,55.693,3.962,51.731,14.695,12.23,16.872,7.933,37.036,0.882,0.004,59.166,115.798
1785989227,876018066,1785989227,876018066,41.816,5,848,480,41.346,40.634,1.175,39.459,8.487,9.143,17.575,4.254,30.973,0.709,0.003,49.498,90.883
1785989227,942735596,1785989227,942735596,66.713,5,848,480,41.135,40.355,1.584,38.772,6.746,8.527,17.853,5.646,32.026,0.775,0.004,49.718,90.882
1785989228,9453369,1785989228,9453369,64.375,5,848,480,41.666,40.602,0.985,39.616,8.752,8.688,17.312,4.865,30.865,1.06,0.004,46.883,88.54
1785989228,76171631,1785989228,76171631,95.531,5,848,480,66.062,65.352,3.537,61.815,15.237,19.427,17.318,9.832,46.578,0.708,0.003,51.264,117.345
1785989228,142889893,1785989228,142889893,45.093,5,848,480,44.708,43.954,3.358,40.596,7.665,10.555,18.244,4.132,32.931,0.751,0.003,50.976,95.723
1785989228,176249268,1785989228,176249268,55.186,5,848,480,53.768,52.968,1.184,51.785,20.465,8.625,17.437,5.258,31.319,0.797,0.004,63.75,117.55
1785989228,242968262,1785989228,242968262,42.755,5,848,480,42.336,41.584,0.984,40.599,9.132,9.41,17.301,4.756,31.468,0.749,0.003,51.211,93.587
1785989228,309687500,1785989228,309687500,67.333,5,848,480,41.232,40.55,2.121,38.429,7.208,9.522,17.602,4.098,31.221,0.679,0.003,52.941,94.201
1785989228,343047119,1785989228,343047119,62.408,5,848,480,58.014,57.281,2.118,55.163,10.779,20.79,19.35,4.244,44.383,0.73,0.003,65.213,123.251
1785989228,409766602,1785989228,409766602,64.253,5,848,480,63.839,63.015,0.907,62.108,22.627,12.564,16.706,10.212,39.481,0.821,0.004,56.904,120.79
1785989228,476486572,1785989228,476486572,52.794,5,848,480,52.35,51.457,1.01,50.447,8.347,20.19,16.81,5.101,42.101,0.888,0.006,54.469,107.118
1785989228,509846680,1785989228,509846680,54.048,5,848,480,51.463,50.677,9.835,40.843,9.803,9.424,17.575,4.041,31.04,0.783,0.003,76.055,127.545
1785989228,576567139,1785989228,576567139,56.997,5,848,480,56.563,55.907,1.136,54.771,12.25,14.189,16.857,11.476,42.521,0.652,0.003,61.218,117.815
1785989228,643287598,1785989228,643287598,65.182,5,848,480,64.73,63.989,0.984,63.006,11.935,19.711,16.55,14.81,51.071,0.737,0.004,51.513,116.286
1785989228,710008545,1785989228,710008545,42.115,5,848,480,40.607,39.86,0.882,38.979,7.828,9.613,17.489,4.048,31.151,0.743,0.004,51.087,91.676
1785989228,776729736,1785989228,776729736,61.721,5,848,480,39.772,39.055,1.926,37.129,6.862,8.462,17.214,4.591,30.267,0.714,0.004,46.884,86.675
1785989228,843424072,1785989228,843424072,64.344,5,848,480,39.221,38.507,1.697,36.81,6.688,8.415,17.131,4.576,30.122,0.711,0.004,45.076,84.323
1785989228,910118164,1785989228,910118164,68.284,5,848,480,40.143,39.417,0.937,38.481,7.498,8.782,17.338,4.863,30.982,0.722,0.003,45.745,85.915
1785989228,976811768,1785989228,976811768,65.046,5,848,480,38.344,37.656,1.69,35.966,6.844,8.105,17.046,3.971,29.122,0.685,0.003,45.898,84.267
1785989229,43504883,1785989229,43504883,74.608,5,848,480,45.881,45.076,1.965,43.111,7.268,8.432,20.087,7.325,35.843,0.802,0.004,46.275,92.182
1785989229,76851318,1785989229,76851318,68.61,5,848,480,67.739,66.844,4.471,62.373,10.836,22.953,20.881,7.703,51.537,0.891,0.004,59.67,127.446
1785989229,143544189,1785989229,143544189,61.152,5,848,480,58.588,57.886,4.501,53.384,12.889,15.702,19.643,5.151,40.495,0.699,0.003,63.279,121.903
1785989229,210236572,1785989229,210236572,59.692,5,848,480,59.238,58.404,1.01,57.394,18.631,10.049,16.795,11.92,38.764,0.83,0.004,55.628,114.913
1785989229,276928467,1785989229,276928467,67.61,5,848,480,62.953,62.125,1.834,60.291,20.839,16.552,16.651,6.25,39.453,0.824,0.003,52.847,115.828
1785989229,343620117,1785989229,343620117,59.676,5,848,480,59.208,57.162,2.295,54.867,13.235,19.308,16.597,5.727,41.632,2.039,0.007,49.565,108.839
1785989229,410311523,1785989229,410311523,57.904,5,848,480,42.109,41.356,1.083,40.273,6.714,12.615,16.877,4.066,33.559,0.75,0.004,57.888,102.266
1785989229,443656982,1785989229,443656982,51.258,5,848,480,43.715,42.908,1.379,41.529,9.613,9.757,17.181,4.979,31.917,0.802,0.005,74.208,117.947
1785989229,543693115,1785989229,543693115,69.574,5,848,480,40.948,40.296,1.748,38.548,7.713,8.472,17.327,5.036,30.835,0.649,0.003,46.497,87.469
1785989229,610383301,1785989229,610383301,69.798,5,848,480,40.619,39.827,1.727,38.099,6.776,8.487,18.701,4.135,31.323,0.789,0.003,49.935,90.578
1785989229,677073242,1785989229,677073242,66.991,5,848,480,41.967,41.21,2.189,39.021,6.767,8.135,17.226,6.893,32.254,0.754,0.003,48.894,90.881
1785989229,743762695,1785989229,743762695,68.31,5,848,480,39.117,38.327,1.022,37.305,6.858,8.992,17.502,3.954,30.448,0.786,0.004,53.358,92.501
1785989229,810454834,1785989229,810454834,67.506,5,848,480,44.805,44.108,2.198,41.909,7.413,8.304,17.211,8.982,34.496,0.694,0.003,48.489,93.313
1785989229,843801758,1785989229,843801758,47.131,5,848,480,46.682,45.733,0.909,44.824,11.096,11.226,17.175,5.327,33.728,0.943,0.006,60.393,107.127
1785989229,877148682,1785989229,877148682,55.283,5,848,480,51.144,50.465,12.698,37.767,7.272,8.911,17.576,4.009,30.495,0.676,0.003,77.854,129.033
1785989229,943842285,1785989229,943842285,58.274,5,848,480,57.786,57.133,0.929,56.203,18.654,13.059,17.043,7.446,37.549,0.65,0.003,62.79,120.611
1785989230,10535400,1785989230,10535400,65.379,5,848,480,64.997,63.994,0.902,63.092,7.802,26.093,16.951,12.247,55.291,0.997,0.005,54.267,119.311
1785989230,43881836,1785989230,43881836,58.189,5,848,480,55.654,54.553,1.034,53.519,8.903,19.787,17.503,7.326,44.616,1.094,0.006,88.47,144.169
1785989230,110574463,1785989230,110574463,74.573,5,848,480,74.078,73.388,9.895,63.493,16.814,20.547,19.478,6.654,46.679,0.686,0.004,77.909,152.02
1785989230,210612549,1785989230,210612549,54.049,5,848,480,51.711,50.795,1.108,49.688,13.979,11.955,17.04,6.714,35.709,0.74,0.176,54.477,106.216
1785989230,243958496,1785989230,243958496,51.49,5,848,480,50.861,50.054,0.966,49.089,9.014,16.863,17.625,5.586,40.075,0.804,0.003,73.283,124.177
1785989230,310649902,1785989230,310649902,60.127,5,848,480,59.721,58.955,0.97,57.985,15.312,19.238,16.807,6.627,42.673,0.762,0.004,57.856,117.623
1785989230,377341064,1785989230,377341064,55.956,5,848,480,55.561,54.825,2.205,52.62,7.162,23.962,16.653,4.843,45.458,0.731,0.005,51.282,107.05
1785989230,410686523,1785989230,410686523,58.244,5,848,480,48.413,47.655,8.446,39.209,7.62,10.237,17.266,4.087,31.589,0.755,0.003,83.341,131.777
1785989230,477377197,1785989230,477377197,55.304,5,848,480,54.903,53.878,1.321,52.557,20.916,9.828,17.413,4.399,31.641,1.02,0.005,65.451,120.418
1785989230,544067383,1785989230,544067383,49.837,5,848,480,49.337,48.369,4.626,43.743,9.967,12.488,16.894,4.394,33.776,0.962,0.005,54.165,103.565
1785989230,577412354,1785989230,577412354,51.122,5,848,480,47.508,46.802,3.28,43.522,11.738,9.222,17.396,5.166,31.784,0.703,0.003,74.406,121.313
1785989230,644102051,1785989230,644102051,41.49,5,848,480,41.089,40.305,1.026,39.279,7.566,10.097,17.402,4.214,31.713,0.781,0.003,54.987,96.176
1785989230,744135742,1785989230,744135742,98.766,5,848,480,40.0,39.188,1.599,37.589,6.791,9.423,17.392,3.983,30.798,0.808,0.004,54.824,94.847
1785989230,810827393,1785989230,810827393,64.462,5,848,480,40.741,39.958,1.18,38.778,7.228,10.232,17.372,3.945,31.55,0.779,0.003,51.859,92.618
1785989230,877520996,1785989230,877520996,65.846,5,848,480,42.379,41.652,1.417,40.235,9.329,8.762,17.601,4.544,30.906,0.724,0.003,49.366,91.771
1785989230,944214111,1785989230,944214111,73.692,5,848,480,50.279,49.519,1.797,47.722,10.036,8.901,17.741,11.044,37.687,0.758,0.003,48.465,98.77
1785989230,977560547,1785989230,977560547,54.167,5,848,480,53.421,52.692,4.173,48.52,13.197,10.145,17.232,7.946,35.323,0.725,0.004,66.139,119.588
1785989231,44253418,1785989231,44253418,66.078,5,848,480,65.471,64.779,1.081,63.698,28.37,13.887,17.249,4.192,35.328,0.688,0.003,53.466,118.978
1785989231,144291748,1785989231,144291748,74.333,5,848,480,44.7,43.932,2.876,41.056,8.295,10.524,17.838,4.399,32.761,0.764,0.003,48.548,93.271
1785989231,177637695,1785989231,177637695,44.61,5,848,480,44.208,41.109,1.069,40.04,7.598,10.861,17.323,4.259,32.442,3.093,0.005,60.289,104.596
1785989231,244329102,1785989231,244329102,66.923,5,848,480,53.241,52.114,0.993,51.121,13.815,16.323,16.876,4.107,37.306,1.122,0.005,51.503,104.812
1785989231,277674805,1785989231,277674805,51.198,5,848,480,50.572,49.83,1.148,48.681,10.009,14.178,17.359,7.136,38.673,0.739,0.003,72.01,122.619
1785989231,344365723,1785989231,344365723,63.713,5,848,480,63.322,62.671,5.526,57.145,22.074,10.786,16.74,7.545,35.071,0.648,0.003,56.278,119.638
1785989231,411056396,1785989231,411056396,41.437,5,848,480,40.887,40.147,0.954,39.193,7.92,9.419,17.689,4.166,31.273,0.737,0.004,53.461,94.389
1785989231,444401611,1785989231,444401611,59.974,5,848,480,54.312,53.635,0.973,52.662,10.336,12.572,24.492,5.262,42.326,0.673,0.003,66.682,121.015
1785989231,511091797,1785989231,511091797,41.773,5,848,480,41.378,40.681,1.003,39.679,8.49,9.616,17.517,4.056,31.189,0.694,0.003,54.681,96.099
1785989231,577781494,1785989231,577781494,63.307,5,848,480,40.19,39.442,1.872,37.57,7.016,9.055,17.373,4.126,30.554,0.745,0.003,52.501,92.718
1785989231,644470703,1785989231,644470703,63.03,5,848,480,40.788,39.932,2.069,37.863,7.627,8.455,17.334,4.446,30.235,0.853,0.004,48.248,89.059
1785989231,711159912,1785989231,711159912,66.042,5,848,480,40.084,39.359,0.976,38.383,7.399,8.906,17.403,4.675,30.984,0.722,0.003,48.298,88.408
1785989231,777848633,1785989231,777848633,65.215,5,848,480,41.06,40.348,1.32,39.028,7.56,8.123,17.787,5.558,31.468,0.709,0.003,45.853,86.935
1785989231,844551758,1785989231,844551758,66.929,5,848,480,41.235,40.515,1.981,38.535,7.396,8.381,17.395,5.363,31.138,0.716,0.004,45.902,87.164
1785989231,911254639,1785989231,911254639,66.776,5,848,480,39.22,38.393,1.778,36.614,6.747,8.619,17.144,4.104,29.867,0.823,0.003,47.988,87.236
1785989231,977957520,1785989231,977957520,69.17,5,848,480,42.245,41.52,2.036,39.484,6.837,8.559,19.998,4.089,32.647,0.721,0.003,47.521,89.701
1785989232,44660156,1785989232,44660156,76.937,5,848,480,48.44,47.521,1.075,46.447,7.8,15.636,17.782,5.228,38.646,0.912,0.007,51.473,99.968
1785989232,78011475,1785989232,78011475,64.305,5,848,480,63.656,62.916,1.424,61.492,18.688,15.096,17.732,9.976,42.804,0.737,0.003,67.2,130.888
1785989232,144713867,1785989232,144713867,55.09,5,848,480,53.37,52.579,3.879,48.7,16.474,8.924,16.971,6.332,32.226,0.788,0.003,65.873,119.274
1785989232,211416260,1785989232,211416260,41.753,5,848,480,40.161,39.418,0.879,38.539,7.859,9.079,17.342,4.259,30.68,0.739,0.004,54.136,94.327
1785989232,278118652,1785989232,278118652,66.604,5,848,480,40.252,39.5,1.817,37.684,6.983,9.271,17.425,4.004,30.7,0.748,0.004,53.953,94.232
1785989232,344820801,1785989232,344820801,63.258,5,848,480,40.316,39.616,2.193,37.423,7.046,8.73,17.221,4.426,30.377,0.698,0.003,50.449,90.783
1785989232,411522705,1785989232,411522705,63.304,5,848,480,40.881,40.061,1.938,38.122,6.946,8.484,17.117,5.575,31.177,0.817,0.003,46.484,87.386
1785989232,444873535,1785989232,444873535,53.276,5,848,480,48.231,47.062,1.362,45.699,13.638,10.652,16.702,4.707,32.062,1.163,0.006,59.049,107.338
1785989232,478224609,1785989232,478224609,68.575,5,848,480,58.779,57.558,5.912,51.646,7.989,19.235,17.2,7.222,43.657,1.213,0.007,83.737,142.58
1785989232,544926270,1785989232,544926270,57.174,5,848,480,53.375,52.597,11.188,41.409,8.367,9.845,19.324,3.873,33.042,0.774,0.003,79.61,133.012
1785989232,611627930,1785989232,611627930,58.558,5,848,480,58.063,57.342,0.929,56.413,23.136,8.929,17.288,7.059,33.276,0.718,0.003,66.764,124.862
1785989232,678329346,1785989232,678329346,44.54,5,848,480,43.029,42.24,0.807,41.433,8.407,11.324,17.212,4.489,33.025,0.785,0.004,59.642,102.708
1785989232,745030762,1785989232,745030762,58.727,5,848,480,44.067,43.253,1.774,41.479,6.718,12.219,18.582,3.961,34.762,0.811,0.003,50.635,94.729
1785989232,811729248,1785989232,811729248,62.351,5,848,480,41.172,40.441,2.665,37.776,7.114,8.627,17.906,4.13,30.662,0.728,0.003,49.191,90.38
1785989232,878424805,1785989232,878424805,66.17,5,848,480,42.822,42.096,2.095,40.001,7.174,8.702,19.888,4.237,32.827,0.723,0.003,47.006,89.854
1785989232,945120117,1785989232,945120117,65.646,5,848,480,41.739,41.012,2.197,38.815,7.971,8.668,17.831,4.345,30.844,0.723,0.004,47.041,88.812
1785989233,11815186,1785989233,11815186,64.98,5,848,480,39.695,38.993,1.858,37.135,6.796,8.525,17.195,4.619,30.339,0.7,0.003,47.37,87.09
1785989233,111856934,1785989233,111856934,112.152,5,848,480,47.206,46.467,3.71,42.757,8.448,11.804,18.403,4.101,34.309,0.735,0.003,51.976,99.2
1785989233,145203857,1785989233,145203857,53.978,5,848,480,53.445,52.763,0.866,51.898,17.394,9.544,17.386,7.573,34.504,0.679,0.003,66.349,119.828
1785989233,211897949,1785989233,211897949,52.576,5,848,480,52.167,51.269,1.082,50.188,17.49,11.056,16.871,4.77,32.697,0.892,0.005,53.51,105.735
1785989233,245244629,1785989233,245244629,47.898,5,848,480,44.899,44.187,1.683,42.505,8.093,12.25,17.102,5.06,34.412,0.707,0.004,75.373,120.27
1785989233,311938232,1785989233,311938232,41.378,5,848,480,40.884,40.112,0.848,39.264,8.049,9.731,17.497,3.988,31.215,0.769,0.003,54.027,94.951
1785989233,378631104,1785989233,378631104,70.106,5,848,480,44.916,44.231,1.625,42.606,6.785,13.693,18.121,4.007,35.821,0.682,0.003,53.435,98.365
1785989233,411977539,1785989233,411977539,56.495,5,848,480,55.903,55.223,0.964,54.26,19.908,11.031,17.197,6.124,34.351,0.678,0.003,65.57,121.511
1785989233,478670166,1785989233,478670166,38.939,5,848,480,38.531,37.842,0.841,37.001,6.628,8.85,17.31,4.213,30.374,0.686,0.003,55.187,93.759
1785989233,545362549,1785989233,545362549,64.973,5,848,480,41.614,40.868,1.85,39.018,7.938,8.686,18.202,4.192,31.08,0.743,0.003,50.4,92.039
1785989233,612054443,1785989233,612054443,65.86,5,848,480,40.514,39.781,2.832,36.949,6.782,8.483,17.571,4.113,30.167,0.73,0.003,50.748,91.207
1785989233,678745850,1785989233,678745850,63.282,5,848,480,39.546,38.646,1.809,36.837,7.182,8.494,17.165,3.997,29.655,0.895,0.005,48.227,87.809
1785989233,745437256,1785989233,745437256,68.381,5,848,480,40.594,39.789,0.976,38.813,7.17,8.695,18.764,4.184,31.643,0.803,0.003,48.927,89.487
1785989233,812130615,1785989233,812130615,65.237,5,848,480,40.871,40.147,1.077,39.07,9.134,8.302,17.276,4.358,29.936,0.72,0.003,47.136,88.031
1785989233,878825928,1785989233,878825928,65.749,5,848,480,39.585,38.898,1.575,37.323,7.273,8.167,17.175,4.707,30.049,0.684,0.003,47.475,87.086
1785989233,945520752,1785989233,945520752,68.556,5,848,480,41.156,40.471,1.969,38.502,7.393,8.45,17.174,5.485,31.108,0.682,0.003,47.771,88.947
1785989234,12215332,1785989234,12215332,70.018,5,848,480,44.876,44.169,1.787,42.383,7.649,8.391,17.68,8.663,34.734,0.703,0.003,47.367,92.266
1785989234,45562500,1785989234,45562500,78.255,5,848,480,77.857,76.807,1.214,75.593,23.021,30.036,17.221,5.315,52.572,1.045,0.005,59.283,137.188
1785989234,112256592,1785989234,112256592,47.141,5,848,480,46.584,45.701,6.689,39.012,8.267,9.163,16.825,4.757,30.745,0.877,0.006,71.008,117.643
1785989234,178950195,1785989234,178950195,70.304,5,848,480,65.359,63.855,3.316,60.538,23.215,8.524,16.716,12.082,37.323,1.5,0.004,55.858,121.243
1785989234,245643799,1785989234,245643799,51.714,5,848,480,51.196,50.325,1.011,49.315,17.447,8.25,17.221,6.397,31.868,0.865,0.005,55.025,106.275
1785989234,278990234,1785989234,278990234,56.053,5,848,480,53.98,53.289,5.027,48.261,17.295,9.429,17.444,4.093,30.966,0.688,0.003,74.966,128.962
1785989234,345683105,1785989234,345683105,60.248,5,848,480,59.742,59.078,0.92,58.158,7.982,11.909,23.157,15.11,50.176,0.661,0.003,62.735,122.533
1785989234,412375732,1785989234,412375732,51.915,5,848,480,51.429,49.214,0.907,48.307,9.167,9.948,24.141,5.05,39.139,2.2,0.016,56.284,107.826
1785989234,445721924,1785989234,445721924,55.165,5,848,480,50.512,49.821,8.672,41.149,9.902,9.52,17.624,4.103,31.247,0.688,0.003,79.028,129.558
1785989234,512413818,1785989234,512413818,48.459,5,848,480,48.008,46.229,1.018,45.211,11.675,10.848,17.231,5.457,33.536,1.773,0.007,63.283,111.357
1785989234,579105469,1785989234,579105469,72.472,5,848,480,52.369,51.62,1.154,50.465,18.647,8.658,18.829,4.331,31.818,0.746,0.003,64.711,117.12
1785989234,645796875,1785989234,645796875,47.806,5,848,480,46.334,45.586,0.949,44.637,13.148,9.726,17.202,4.561,31.49,0.744,0.004,51.854,98.224
1785989234,712487793,1785989234,712487793,69.093,5,848,480,47.285,46.493,3.625,42.869,9.031,10.562,18.736,4.541,33.838,0.786,0.005,53.318,100.646
1785989234,745833252,1785989234,745833252,54.052,5,848,480,53.52,52.839,1.175,51.664,20.786,8.771,17.286,4.82,30.877,0.678,0.003,67.773,121.332
1785989234,812526855,1785989234,812526855,45.726,5,848,480,45.309,44.574,0.891,43.683,10.449,9.983,19.186,4.064,33.233,0.732,0.003,55.014,100.364
1785989234,845874756,1785989234,845874756,57.998,5,848,480,57.577,56.876,0.922,55.954,24.41,9.87,17.621,4.053,31.544,0.697,0.003,67.398,125.013
1785989234,912570801,1785989234,912570801,47.71,5,848,480,47.31,46.415,1.008,45.407,14.151,9.515,16.959,4.781,31.255,0.891,0.003,58.677,106.029
1785989234,945918457,1785989234,945918457,60.193,5,848,480,58.355,57.592,1.241,56.35,21.394,13.773,17.094,4.09,34.957,0.759,0.004,74.493,132.873
1785989235,12614014,1785989235,12614014,57.196,5,848,480,56.74,55.865,0.962,54.903,22.933,8.94,17.202,5.829,31.971,0.869,0.005,66.596,123.389
1785989235,45961426,1785989235,45961426,61.845,5,848,480,61.336,60.481,1.149,59.331,7.387,22.316,17.071,12.557,51.944,0.851,0.005,90.501,151.883
1785989235,112656494,1785989235,112656494,65.969,5,848,480,65.506,64.542,1.287,63.256,7.358,16.938,26.916,12.044,55.898,0.959,0.004,85.715,151.151
1785989235,179351074,1785989235,179351074,68.535,5,848,480,64.918,64.063,5.099,58.964,20.092,12.515,16.946,9.411,38.872,0.852,0.004,88.034,152.981
1785989235,279392334,1785989235,279392334,44.014,5,848,480,43.633,42.895,3.622,39.272,7.651,9.679,17.614,4.329,31.621,0.734,0.004,53.285,96.959
1785989235,312739258,1785989235,312739258,59.85,5,848,480,58.043,57.394,1.125,56.268,20.328,11.383,19.586,4.971,35.94,0.646,0.003,65.389,123.468
1785989235,379432617,1785989235,379432617,47.213,5,848,480,46.755,45.906,1.117,44.789,11.214,12.286,17.212,4.078,33.576,0.845,0.004,57.187,103.996
1785989235,412779297,1785989235,412779297,55.584,5,848,480,54.064,53.367,1.023,52.344,9.455,18.783,19.92,4.187,42.889,0.694,0.003,72.121,126.318
1785989235,479472412,1785989235,479472412,40.76,5,848,480,40.242,39.506,0.924,38.582,8.388,9.0,17.194,4.0,30.194,0.733,0.003,60.002,100.281
1785989235,546165283,1785989235,546165283,57.701,5,848,480,39.485,38.791,1.574,37.217,7.036,8.727,17.312,4.143,30.182,0.691,0.003,51.782,91.291
1785989235,579511475,1785989235,579511475,64.505,5,848,480,57.654,56.993,0.949,56.044,24.093,8.46,16.856,6.636,31.951,0.658,0.003,64.77,122.447
1785989235,646203613,1785989235,646203613,39.942,5,848,480,39.494,38.749,0.98,37.769,7.015,9.276,17.447,4.031,30.755,0.741,0.003,56.168,95.772
1785989235,712895752,1785989235,712895752,71.666,5,848,480,45.705,44.956,0.846,44.11,6.925,15.436,17.687,4.062,37.185,0.745,0.003,54.945,100.68
1785989235,746241455,1785989235,746241455,53.603,5,848,480,53.153,52.397,1.166,51.231,7.759,13.355,17.2,12.917,43.472,0.753,0.003,67.743,120.933
1785989235,812946533,1785989235,812946533,51.44,5,848,480,50.944,49.893,0.948,48.945,15.401,12.393,16.597,4.554,33.545,1.046,0.005,54.686,105.68
1785989235,846305664,1785989235,846305664,48.338,5,848,480,46.235,45.464,1.758,43.706,9.694,9.773,17.191,7.047,34.011,0.766,0.004,74.405,120.817
1785989235,913024414,1785989235,913024414,46.457,5,848,480,45.793,45.1,1.083,44.017,13.892,8.767,17.332,4.026,30.125,0.69,0.003,54.555,100.385
1785989235,946383789,1785989235,946383789,58.195,5,848,480,56.508,55.605,1.937,53.668,15.33,9.184,17.962,11.192,38.338,0.899,0.003,68.712,125.221
1785989235,979743164,1785989235,979743164,48.733,5,848,480,48.203,47.336,2.219,45.117,12.946,10.579,16.946,4.647,32.171,0.863,0.004,92.357,140.863
1785989236,46462402,1785989236,46462402,56.002,5,848,480,55.234,54.377,1.037,53.341,19.49,9.97,18.036,5.845,33.85,0.853,0.004,74.608,129.885
1785989236,113181641,1785989236,113181641,61.553,5,848,480,51.166,50.413,1.042,49.371,15.381,11.144,18.53,4.316,33.991,0.749,0.003,73.522,124.707
1785989236,179901367,1785989236,179901367,59.876,5,848,480,59.458,58.699,0.904,57.796,7.983,22.528,16.652,10.632,49.813,0.755,0.004,58.371,117.867
1785989236,246621338,1785989236,246621338,53.91,5,848,480,52.45,51.493,0.872,50.621,9.72,20.04,16.724,4.136,40.901,0.953,0.004,52.579,105.207
1785989236,279981445,1785989236,279981445,53.202,5,848,480,52.381,51.715,1.102,50.613,10.212,9.358,17.286,13.757,40.401,0.663,0.003,72.484,124.898
1785989236,346701660,1785989236,346701660,54.329,5,848,480,53.863,48.863,0.868,47.995,7.559,18.555,16.848,5.032,40.435,4.994,0.006,58.622,112.541
1785989236,380062012,1785989236,380062012,44.058,5,848,480,41.419,40.755,1.841,38.914,7.717,8.45,17.253,5.495,31.198,0.66,0.004,81.767,123.204
1785989236,480143066,1785989236,480143066,63.457,5,848,480,39.521,38.837,1.732,37.105,6.549,8.829,17.292,4.436,30.557,0.681,0.003,47.032,86.577
1785989236,546864258,1785989236,546864258,73.224,5,848,480,45.767,44.977,1.744,43.233,6.98,8.55,17.222,10.481,36.253,0.786,0.004,47.298,93.084
1785989236,580224854,1785989236,580224854,61.061,5,848,480,60.623,59.979,1.042,58.937,26.577,8.642,16.699,7.019,32.359,0.641,0.003,60.125,120.831
1785989236,646946289,1785989236,646946289,53.906,5,848,480,47.448,46.311,1.819,44.492,13.261,9.714,16.831,4.686,31.231,1.132,0.006,60.497,107.99
1785989236,680307373,1785989236,680307373,52.608,5,848,480,49.808,48.964,1.095,47.869,15.892,9.187,17.319,5.471,31.977,0.84,0.005,77.401,127.22
1785989236,747029053,1785989236,747029053,40.727,5,848,480,40.249,39.385,0.772,38.613,7.465,9.659,17.342,4.147,31.148,0.86,0.004,60.938,101.235
1785989236,813804199,1785989236,813804199,60.613,5,848,480,40.093,39.411,1.929,37.482,6.934,9.142,17.443,3.963,30.548,0.679,0.003,54.939,95.056
1785989236,880634277,1785989236,880634277,59.926,5,848,480,40.311,39.591,1.543,38.048,7.561,8.695,17.349,4.442,30.487,0.718,0.003,47.821,88.154
1785989236,947467285,1785989236,947467285,65.933,5,848,480,39.997,39.324,2.066,37.258,7.498,8.459,17.247,4.053,29.759,0.67,0.003,47.233,87.251
1785989237,14302490,1785989237,14302490,68.245,5,848,480,40.488,39.794,1.883,37.912,6.795,8.636,17.38,5.101,31.116,0.691,0.003,48.149,88.758
1785989237,81140381,1785989237,81140381,76.308,5,848,480,47.286,46.564,0.916,45.648,6.887,8.948,17.268,12.544,38.76,0.719,0.003,50.822,98.135
1785989237,114560303,1785989237,114560303,62.042,5,848,480,61.56,60.903,6.676,54.227,21.197,10.422,17.306,5.301,33.029,0.654,0.003,65.158,126.768
1785989237,181402100,1785989237,181402100,67.746,5,848,480,67.342,66.606,1.153,65.453,12.62,23.293,23.807,5.734,52.833,0.732,0.003,60.278,127.658
1785989237,248246582,1785989237,248246582,59.254,5,848,480,58.83,57.92,1.103,56.817,12.043,20.291,17.396,7.087,44.774,0.906,0.004,61.2,120.075
1785989237,315093262,1785989237,315093262,49.182,5,848,480,45.675,44.48,1.743,42.738,9.026,12.664,16.742,4.306,33.712,1.19,0.005,56.708,102.416
1785989237,348517822,1785989237,348517822,50.129,5,848,480,49.577,48.838,0.938,47.9,11.587,10.808,18.534,6.971,36.313,0.735,0.004,69.494,119.108
1785989237,415368408,1785989237,415368408,39.79,5,848,480,39.39,38.693,0.982,37.711,7.229,9.08,17.345,4.058,30.482,0.694,0.003,52.618,92.048
1785989237,482221680,1785989237,482221680,63.836,5,848,480,38.868,38.101,0.911,37.19,6.786,8.687,17.199,4.517,30.403,0.764,0.003,50.137,89.031
1785989237,549077637,1785989237,549077637,64.756,5,848,480,40.962,40.206,1.596,38.609,7.815,8.575,17.271,4.949,30.795,0.753,0.004,45.943,86.934
1785989237,615936035,1785989237,615936035,63.897,5,848,480,38.379,37.722,1.541,36.181,6.427,8.434,17.223,4.096,29.754,0.653,0.003,45.563,83.965
1785989237,682796875,1785989237,682796875,69.601,5,848,480,40.116,39.424,2.238,37.187,6.807,8.557,17.201,4.622,30.379,0.688,0.003,46.567,86.71
1785989237,749660400,1785989237,749660400,74.152,5,848,480,40.947,40.14,1.022,39.118,8.206,9.49,17.415,4.007,30.912,0.804,0.003,53.024,93.999
1785989237,816448730,1785989237,816448730,63.138,5,848,480,39.436,38.689,1.714,36.975,6.709,8.741,17.588,3.937,30.266,0.744,0.003,50.885,90.349
1785989237,883163330,1785989237,883163330,65.514,5,848,480,42.807,42.129,3.069,39.06,7.65,8.58,17.482,5.349,31.41,0.675,0.003,46.317,89.158
1785989237,949877930,1785989237,949877930,64.298,5,848,480,40.659,39.981,1.995,37.986,7.187,8.608,17.348,4.844,30.8,0.676,0.003,46.05,86.727
1785989238,16592529,1785989238,16592529,65.588,5,848,480,40.487,39.675,1.622,38.053,7.111,8.487,17.153,5.302,30.942,0.808,0.004,45.165,85.605
1785989238,83307129,1785989238,83307129,73.996,5,848,480,44.815,44.072,0.965,43.108,7.407,9.403,21.352,4.946,35.701,0.739,0.003,48.045,92.901
1785989238,116664307,1785989238,116664307,57.05,5,848,480,56.626,55.92,1.124,54.796,7.552,18.679,17.68,10.885,47.245,0.703,0.003,59.912,116.578
1785989238,183378906,1785989238,183378906,41.929,5,848,480,41.522,40.781,2.31,38.471,7.765,9.382,17.316,4.008,30.706,0.739,0.003,50.23,91.829
1785989238,250093506,1785989238,250093506,72.62,5,848,480,41.481,40.68,1.654,39.026,8.437,9.169,17.383,4.037,30.589,0.797,0.004,56.192,97.704
1785989238,316807861,1785989238,316807861,61.224,5,848,480,39.568,38.77,0.88,37.89,7.528,8.856,17.43,4.077,30.363,0.794,0.004,52.616,92.207
1785989238,416879639,1785989238,416879639,96.864,5,848,480,43.652,42.884,2.104,40.78,6.894,8.601,21.156,4.13,33.886,0.766,0.003,45.359,89.0
1785989238,483593994,1785989238,483593994,64.115,5,848,480,41.286,40.593,2.048,38.546,7.186,8.55,17.144,5.666,31.359,0.689,0.003,45.089,86.399
1785989238,550308350,1785989238,550308350,68.409,5,848,480,42.222,41.371,1.488,39.883,7.038,8.434,18.394,6.018,32.846,0.848,0.004,45.846,88.104
1785989238,617022705,1785989238,617022705,65.687,5,848,480,39.086,38.385,1.001,37.385,7.231,8.373,17.264,4.517,30.154,0.697,0.004,47.961,87.066
1785989238,683737061,1785989238,683737061,66.007,5,848,480,39.809,39.013,1.543,37.47,6.569,8.308,17.245,5.348,30.901,0.793,0.003,46.525,86.373
1785989238,750451416,1785989238,750451416,70.322,5,848,480,41.849,41.045,1.591,39.454,6.605,8.793,19.818,4.238,32.849,0.8,0.003,48.09,89.969
1785989238,817164551,1785989238,817164551,64.195,5,848,480,39.164,38.478,1.582,36.896,6.696,8.286,17.515,4.398,30.199,0.683,0.004,48.259,87.447
1785989238,883875977,1785989238,883875977,65.109,5,848,480,39.534,38.771,1.525,37.246,6.801,8.42,17.195,4.83,30.446,0.76,0.003,46.283,85.888
1785989238,950587402,1785989238,950587402,69.361,5,848,480,39.628,38.941,1.824,37.117,6.705,8.498,17.463,4.451,30.412,0.683,0.003,48.843,88.495
1785989239,17298828,1785989239,17298828,64.251,5,848,480,40.186,39.419,1.731,37.687,7.531,8.419,17.303,4.434,30.157,0.763,0.004,45.827,86.034
1785989239,84010254,1785989239,84010254,74.726,5,848,480,46.521,45.504,1.136,44.368,8.38,9.02,17.967,9.002,35.988,1.011,0.006,47.507,94.071
1785989239,117365967,1785989239,117365967,54.984,5,848,480,54.062,53.33,1.137,52.192,11.84,16.503,17.027,6.822,40.352,0.729,0.003,61.592,115.672
1785989239,184077148,1785989239,184077148,40.26,5,848,480,39.855,39.126,0.926,38.199,7.567,9.1,17.425,4.108,30.633,0.726,0.003,49.427,89.226
1785989239,250788574,1785989239,250788574,64.286,5,848,480,40.047,39.329,2.098,37.231,6.928,8.716,17.219,4.368,30.303,0.715,0.003,46.732,86.8
1785989239,317499756,1785989239,317499756,65.506,5,848,480,39.757,39.036,1.725,37.31,6.649,8.561,17.205,4.895,30.661,0.718,0.003,45.81,85.592
1785989239,384210938,1785989239,384210938,67.208,5,848,480,40.23,39.469,1.79,37.679,6.781,8.578,17.406,4.914,30.899,0.758,0.003,45.833,86.091
1785989239,450921875,1785989239,450921875,68.236,5,848,480,40.939,40.247,1.07,39.177,8.786,8.601,17.173,4.617,30.391,0.688,0.003,46.656,87.613
1785989239,517633057,1785989239,517633057,67.307,5,848,480,42.123,41.418,1.682,39.736,6.965,8.587,20.062,4.121,32.771,0.702,0.003,46.063,88.213
1785989239,584343994,1785989239,584343994,66.575,5,848,480,42.479,41.729,2.017,39.712,7.024,8.481,19.984,4.224,32.688,0.746,0.003,45.609,88.077
1785989239,651054932,1785989239,651054932,64.73,5,848,480,39.628,38.963,1.671,37.293,6.962,8.667,17.352,4.312,30.331,0.661,0.003,46.439,86.092
1785989239,684410400,1785989239,684410400,58.898,5,848,480,52.455,51.493,1.939,49.554,6.494,20.062,17.018,5.98,43.06,0.957,0.005,59.161,111.727
1785989239,717765869,1785989239,717765869,63.389,5,848,480,62.856,61.238,6.409,54.828,15.96,11.302,22.031,5.535,38.868,1.613,0.006,78.777,141.697
1785989239,784476807,1785989239,784476807,50.063,5,848,480,49.54,48.794,6.258,42.535,11.407,9.009,17.38,4.739,31.128,0.742,0.004,75.448,125.024
1785989239,851187744,1785989239,851187744,55.331,5,848,480,54.943,54.025,5.101,48.925,15.187,11.43,16.87,5.437,33.738,0.913,0.005,58.662,113.66
1785989239,917898193,1785989239,917898193,44.602,5,848,480,43.084,42.396,1.285,41.111,7.727,8.601,17.302,7.481,33.384,0.685,0.003,48.608,91.536
1785989239,984608887,1785989239,984608887,66.599,5,848,480,42.404,41.693,2.251,39.442,8.374,9.274,17.516,4.278,31.068,0.708,0.003,48.994,91.421
1785989240,51319336,1785989240,51319336,68.864,5,848,480,43.186,42.337,1.968,40.369,7.951,9.233,17.521,5.663,32.417,0.846,0.004,50.366,93.584
1785989240,118029785,1785989240,118029785,70.18,5,848,480,42.909,42.166,1.099,41.067,9.344,9.853,17.478,4.392,31.723,0.74,0.003,54.114,97.047
1785989240,184740234,1785989240,184740234,88.695,5,848,480,63.165,62.215,1.188,61.027,8.363,19.355,16.858,16.451,52.664,0.946,0.004,55.842,119.039
1785989240,251450439,1785989240,251450439,67.575,5,848,480,67.137,66.231,4.424,61.806,15.221,17.801,17.407,11.378,46.585,0.903,0.003,52.736,119.896
1785989240,318160645,1785989240,318160645,42.367,5,848,480,41.968,41.276,0.88,40.396,7.814,11.001,17.504,4.077,32.582,0.688,0.003,53.544,95.664
1785989240,418225830,1785989240,418225830,92.587,5,848,480,40.162,39.41,1.662,37.748,6.659,8.116,19.112,3.862,31.089,0.748,0.003,47.886,88.075
1785989240,484936035,1785989240,484936035,64.052,5,848,480,40.367,39.587,1.767,37.819,7.14,8.424,17.332,4.924,30.68,0.777,0.003,45.021,85.414
1785989240,551645996,1785989240,551645996,66.888,5,848,480,40.097,39.429,1.576,37.853,6.657,8.41,17.156,5.631,31.196,0.666,0.003,45.468,85.59
1785989240,651710938,1785989240,651710938,99.809,5,848,480,39.43,38.728,1.723,37.005,6.56,8.129,18.39,3.926,30.445,0.698,0.004,45.88,87.393
1785989240,685065674,1785989240,685065674,68.842,5,848,480,56.815,55.849,7.53,48.319,10.276,8.69,17.099,12.254,38.043,0.962,0.004,63.985,120.872
1785989240,751775635,1785989240,751775635,42.434,5,848,480,41.923,41.229,0.934,40.296,8.1,10.74,17.45,4.007,32.196,0.691,0.003,54.585,96.546
1785989240,818485596,1785989240,818485596,62.635,5,848,480,39.526,38.719,0.789,37.929,7.558,8.949,17.394,4.028,30.371,0.804,0.003,52.924,92.473
1785989240,885195801,1785989240,885195801,60.793,5,848,480,40.683,39.933,1.692,38.241,6.966,8.543,17.479,5.253,31.275,0.747,0.003,45.845,86.554
1785989240,951905762,1785989240,951905762,68.055,5,848,480,41.413,40.619,0.923,39.696,7.296,8.59,19.435,4.375,32.4,0.791,0.003,46.464,87.901
1785989241,18615723,1785989241,18615723,72.504,5,848,480,45.588,44.897,2.178,42.719,10.716,9.809,17.687,4.507,32.003,0.688,0.004,48.08,93.693
1785989241,51970703,1785989241,51970703,99.721,5,848,480,97.028,96.326,1.963,94.364,20.377,40.775,18.434,14.778,73.987,0.699,0.003,62.998,160.061
1785989241,152035400,1785989241,152035400,58.815,5,848,480,58.417,57.648,1.27,56.378,11.07,12.223,16.715,16.37,45.308,0.767,0.003,60.354,118.812
1785989241,218745117,1785989241,218745117,42.449,5,848,480,40.343,39.546,1.089,38.457,7.774,8.951,17.282,4.451,30.683,0.794,0.004,54.177,99.081
1785989241,285454590,1785989241,285454590,72.759,5,848,480,47.981,47.227,4.603,42.624,6.581,9.705,22.442,3.895,36.042,0.749,0.005,52.598,100.64
1785989241,318809326,1785989241,318809326,51.924,5,848,480,50.545,49.782,2.972,46.809,16.623,8.651,17.086,4.45,30.186,0.76,0.003,68.605,119.419
1785989241,385518799,1785989241,385518799,42.236,5,848,480,41.566,40.812,1.263,39.549,8.023,10.064,17.492,3.971,31.526,0.751,0.003,53.092,94.708
1785989241,452228271,1785989241,452228271,66.085,5,848,480,43.254,42.512,3.065,39.447,7.133,10.44,17.736,4.137,32.314,0.739,0.003,50.792,94.104
1785989241,518937500,1785989241,518937500,60.893,5,848,480,41.91,41.14,2.012,39.128,7.06,8.67,19.156,4.242,32.068,0.767,0.003,46.327,88.268
1785989241,585646729,1785989241,585646729,66.529,5,848,480,41.86,41.104,2.082,39.022,7.002,8.09,20.066,3.865,32.021,0.753,0.003,46.192,88.078
1785989241,652355957,1785989241,652355957,65.087,5,848,480,40.664,39.691,2.048,37.644,7.426,8.458,17.254,4.506,30.218,0.968,0.005,45.77,86.472
1785989241,685710449,1785989241,685710449,66.356,5,848,480,59.301,58.477,2.139,56.338,8.073,15.469,16.931,15.865,48.265,0.82,0.003,60.13,119.453
1785989241,752419434,1785989241,752419434,41.965,5,848,480,41.566,40.848,0.808,40.04,8.343,9.933,17.822,3.942,31.697,0.715,0.004,53.106,94.709
1785989241,819205566,1785989241,819205566,61.142,5,848,480,39.701,39.025,1.82,37.205,7.239,8.58,17.402,3.985,29.966,0.672,0.003,49.346,89.067
1785989241,886069824,1785989241,886069824,63.184,5,848,480,40.29,39.548,1.589,37.959,7.157,8.433,17.393,4.976,30.802,0.739,0.003,45.07,85.385
1785989241,952936279,1785989241,952936279,69.616,5,848,480,42.88,42.087,1.963,40.123,7.817,8.181,20.283,3.843,32.306,0.789,0.004,45.238,88.159
1785989242,19804199,1785989242,19804199,67.272,5,848,480,43.294,42.636,2.015,40.62,10.338,8.481,17.331,4.47,30.282,0.655,0.003,45.222,88.584
1785989242,120110107,1785989242,120110107,102.36,5,848,480,43.813,43.082,1.049,42.033,7.468,8.867,17.964,7.734,34.565,0.727,0.004,46.758,90.599
1785989242,186982910,1785989242,186982910,85.895,5,848,480,46.714,45.425,0.938,44.488,8.442,12.873,17.341,5.832,36.046,1.283,0.006,62.877,109.638
1785989242,220419922,1785989242,220419922,50.062,5,848,480,49.56,48.801,1.79,47.011,15.313,9.732,17.663,4.303,31.698,0.756,0.003,77.448,126.243
1785989242,287295654,1785989242,287295654,57.307,5,848,480,56.903,56.153,0.809,55.344,16.576,15.504,17.068,6.195,38.767,0.747,0.003,59.729,116.669
1785989242,354173340,1785989242,354173340,43.134,5,848,480,42.715,42.035,0.938,41.097,9.868,9.571,17.573,4.085,31.229,0.676,0.004,50.175,92.93
1785989242,421052734,1785989242,421052734,63.766,5,848,480,41.206,39.997,1.647,38.351,7.929,8.761,17.643,4.018,30.422,1.204,0.005,48.588,89.831
1785989242,487934082,1785989242,487934082,63.296,5,848,480,40.701,40.025,2.052,37.973,7.127,8.536,17.264,5.046,30.846,0.674,0.003,45.507,86.292
1785989242,554817139,1785989242,554817139,68.009,5,848,480,42.206,41.537,2.058,39.479,6.872,8.478,20.023,4.106,32.607,0.666,0.003,45.129,87.355
1785989242,655145508,1785989242,655145508,98.967,5,848,480,41.616,40.902,1.806,39.096,6.826,8.526,17.84,5.904,32.27,0.711,0.003,44.351,85.994
1785989242,688589355,1785989242,688589355,61.941,5,848,480,58.083,57.337,2.164,55.173,18.642,10.62,16.87,9.04,36.531,0.742,0.004,56.385,114.528
1785989242,755478027,1785989242,755478027,46.132,5,848,480,45.685,44.833,1.69,43.143,7.996,14.051,17.047,4.049,35.147,0.848,0.003,48.01,93.733
1785989242,822287109,1785989242,822287109,60.125,5,848,480,38.937,38.24,0.989,37.25,7.477,8.49,17.357,3.926,29.773,0.694,0.003,48.194,87.051
1785989242,889169189,1785989242,889169189,63.077,5,848,480,39.549,38.821,1.014,37.807,6.814,8.241,17.329,5.424,30.994,0.725,0.003,43.668,83.244
1785989242,956053467,1785989242,956053467,69.195,5,848,480,42.206,41.499,2.106,39.393,7.125,8.807,19.331,4.13,32.269,0.703,0.003,43.327,85.555
1785989243,22939697,1785989243,22939697,65.625,5,848,480,40.748,39.977,1.84,38.137,7.014,8.514,17.752,4.857,31.123,0.768,0.003,43.519,84.295
1785989243,89828125,1785989243,89828125,75.497,5,848,480,47.096,46.228,1.129,45.099,9.757,10.502,17.68,7.16,35.342,0.863,0.005,45.785,92.912
1785989243,156718506,1785989243,156718506,65.358,5,848,480,41.265,40.508,1.839,38.669,7.334,9.653,17.649,4.033,31.335,0.753,0.003,50.081,91.37
1785989243,223611084,1785989243,223611084,66.62,5,848,480,42.367,41.433,1.708,39.725,7.203,9.938,18.25,4.334,32.522,0.93,0.004,48.707,91.106
1785989243,290505615,1785989243,290505615,62.738,5,848,480,43.455,42.697,2.152,40.545,6.795,8.432,21.285,4.033,33.75,0.755,0.003,43.461,86.943
1785989243,357402100,1785989243,357402100,64.174,5,848,480,41.105,40.299,2.173,38.127,6.656,9.296,17.606,4.568,31.471,0.803,0.003,43.092,84.219
1785989243,424300781,1785989243,424300781,65.776,5,848,480,40.392,39.713,2.11,37.603,6.901,8.424,17.307,4.97,30.701,0.676,0.003,42.767,83.095
1785989243,491201416,1785989243,491201416,66.321,5,848,480,40.851,40.156,1.232,38.924,6.941,8.65,17.07,6.263,31.983,0.692,0.003,41.641,82.518
1785989243,558104004,1785989243,558104004,68.27,5,848,480,41.237,40.383,1.034,39.349,8.227,8.508,18.594,4.02,31.122,0.85,0.004,42.629,83.89
1785989243,625008789,1785989243,625008789,66.074,5,848,480,40.439,39.768,1.849,37.919,7.674,8.333,17.274,4.638,30.245,0.667,0.003,42.596,83.053
1785989243,691915527,1785989243,691915527,65.643,5,848,480,40.803,40.029,1.876,38.153,6.688,8.148,18.875,4.442,31.465,0.77,0.003,40.969,81.79
1785989243,758824463,1785989243,758824463,71.711,5,848,480,40.959,40.236,2.334,37.903,7.68,8.825,17.298,4.101,30.223,0.72,0.003,45.606,86.594
1785989243,825733398,1785989243,825733398,60.492,5,848,480,40.187,39.481,2.036,37.445,7.056,8.132,17.287,4.97,30.389,0.703,0.003,39.965,80.211
1785989243,892410156,1785989243,892410156,66.476,5,848,480,39.805,39.119,1.052,38.068,7.447,8.647,17.18,4.794,30.621,0.682,0.004,40.146,79.977
1785989243,959086182,1785989243,959086182,70.055,5,848,480,40.806,40.075,0.861,39.214,7.692,8.529,18.866,4.127,31.522,0.728,0.003,42.524,83.354
1785989244,25761719,1785989244,25761719,64.533,5,848,480,40.392,39.642,2.081,37.561,6.982,8.583,17.414,4.583,30.579,0.746,0.003,40.795,81.213
1785989244,92436523,1785989244,92436523,100.893,5,848,480,65.466,64.692,1.857,62.835,11.622,15.326,17.147,18.74,51.212,0.77,0.004,49.944,115.429
1785989244,159110596,1785989244,159110596,64.836,5,848,480,64.38,63.708,1.003,62.705,17.812,21.587,16.718,6.589,44.894,0.668,0.003,49.172,113.591
1785989244,225783936,1785989244,225783936,62.845,5,848,480,62.449,61.747,2.608,59.139,11.489,15.413,23.812,8.425,47.65,0.699,0.004,47.291,109.837
1785989244,292456787,1785989244,292456787,42.262,5,848,480,40.857,40.098,1.385,38.713,8.607,8.618,17.415,4.072,30.106,0.756,0.003,44.466,85.351
1785989244,359128906,1785989244,359128906,63.766,5,848,480,41.137,40.43,1.421,39.008,6.491,8.438,16.999,7.081,32.517,0.704,0.004,41.282,82.446
1785989244,425800293,1785989244,425800293,65.595,5,848,480,40.519,39.779,2.272,37.508,6.893,8.462,17.197,4.955,30.614,0.737,0.003,40.822,81.365
1785989244,492471191,1785989244,492471191,68.19,5,848,480,42.39,41.631,0.874,40.757,8.609,8.562,17.264,6.321,32.147,0.755,0.004,40.473,82.888
1785989244,559141113,1785989244,559141113,69.535,5,848,480,45.29,44.603,1.017,43.586,8.289,8.467,17.101,9.729,35.297,0.684,0.003,40.441,85.749
1785989244,592476074,1785989244,592476074,42.943,5,848,480,42.549,41.544,1.936,39.608,7.048,9.554,17.176,5.83,32.56,1.001,0.004,52.775,95.37
1785989244,659145020,1785989244,659145020,57.899,5,848,480,38.48,37.725,0.885,36.84,6.623,8.762,17.438,4.017,30.217,0.751,0.004,48.086,86.592
1785989244,725813477,1785989244,725813477,66.838,5,848,480,45.638,44.942,1.83,43.112,6.82,8.662,16.901,10.729,36.292,0.693,0.003,41.095,86.759
1785989244,759147461,1785989244,759147461,60.864,5,848,480,48.266,47.6,2.162,45.437,15.08,8.368,17.17,4.819,30.357,0.663,0.003,66.053,114.288
1785989244,825815674,1785989244,825815674,51.108,5,848,480,46.226,45.242,0.85,44.392,9.783,13.224,17.178,4.207,34.609,0.978,0.006,52.477,98.748
1785989244,859154053,1785989244,859154053,48.49,5,848,480,46.406,45.72,2.193,43.527,11.46,9.102,17.877,5.088,32.067,0.684,0.003,67.466,113.88
1785989244,925830078,1785989244,925830078,46.645,5,848,480,46.113,45.405,0.906,44.5,11.264,11.744,17.408,4.084,33.236,0.705,0.004,47.699,93.855
1785989244,959167969,1785989244,959167969,55.517,5,848,480,53.945,53.224,0.852,52.372,12.311,17.528,17.275,5.257,40.06,0.717,0.003,62.055,116.028
1785989245,25843018,1785989245,25843018,47.601,5,848,480,47.131,46.348,0.968,45.38,12.891,9.936,17.253,5.3,32.489,0.781,0.003,49.785,96.96
1785989245,59180420,1785989245,59180420,90.903,5,848,480,87.599,86.788,1.124,85.665,29.978,24.97,17.495,13.222,55.687,0.807,0.003,66.909,154.522
1785989245,159191162,1785989245,159191162,59.815,5,848,480,59.415,58.625,3.99,54.635,8.775,21.419,19.402,5.039,45.86,0.787,0.004,55.164,114.323
1785989245,225864258,1785989245,225864258,48.234,5,848,480,46.793,46.017,1.065,44.953,8.828,9.694,22.23,4.2,36.125,0.772,0.003,49.062,95.891
1785989245,259200684,1785989245,259200684,52.547,5,848,480,52.091,51.327,1.302,50.025,13.666,14.974,16.833,4.552,36.359,0.761,0.003,62.968,115.101
1785989245,325872559,1785989245,325872559,41.782,5,848,480,41.363,40.564,0.955,39.609,7.621,9.932,17.982,4.074,31.988,0.796,0.003,48.804,90.221
1785989245,392543945,1785989245,392543945,61.603,5,848,480,39.862,39.064,1.837,37.228,7.079,8.718,17.325,4.106,30.149,0.795,0.003,45.25,85.139
1785989245,459214844,1785989245,459214844,65.864,5,848,480,41.094,40.323,2.058,38.264,7.146,8.276,18.527,4.315,31.118,0.768,0.004,43.211,84.336
1785989245,525884766,1785989245,525884766,64.827,5,848,480,40.61,39.882,2.15,37.732,6.773,8.333,17.408,5.218,30.959,0.725,0.003,41.852,82.489
1785989245,592554199,1785989245,592554199,69.754,5,848,480,43.077,42.403,1.884,40.52,6.735,8.658,20.935,4.191,33.784,0.671,0.003,42.47,85.573
1785989245,659222900,1785989245,659222900,61.605,5,848,480,39.431,38.613,1.565,37.048,6.667,8.555,17.282,4.544,30.38,0.815,0.003,41.052,80.507
1785989245,725890869,1785989245,725890869,73.382,5,848,480,45.022,44.397,1.705,42.692,11.051,8.694,17.083,5.865,31.642,0.622,0.003,42.176,87.218
1785989245,759224609,1785989245,759224609,46.843,5,848,480,41.041,39.763,0.895,38.868,7.881,9.431,17.098,4.458,30.987,1.272,0.006,59.671,100.761
1785989245,792558105,1785989245,792558105,52.781,5,848,480,47.495,46.8,9.304,37.496,7.218,8.566,17.536,4.175,30.277,0.691,0.004,72.667,120.183
1785989245,859231445,1785989245,859231445,44.096,5,848,480,43.668,42.563,1.081,41.482,7.432,12.733,17.278,4.038,34.05,1.099,0.006,53.9,97.679
1785989245,892570313,1785989245,892570313,53.731,5,848,480,51.386,50.699,1.73,48.969,18.202,8.678,17.189,4.9,30.767,0.684,0.003,66.592,117.996
1785989245,959247559,1785989245,959247559,52.534,5,848,480,48.646,47.159,2.433,44.725,13.897,9.029,16.99,4.809,30.829,1.481,0.006,55.185,106.714
1785989245,992585693,1785989245,992585693,64.797,5,848,480,60.228,59.319,1.355,57.964,22.092,10.533,19.001,6.339,35.872,0.904,0.005,75.059,135.327
1785989246,59261963,1785989246,59261963,57.5,5,848,480,52.449,51.589,1.58,50.009,17.819,9.858,17.431,4.902,32.191,0.856,0.004,73.663,126.138
1785989246,125937500,1785989246,125937500,62.604,5,848,480,62.187,61.321,1.026,60.295,23.455,13.672,18.339,4.829,36.84,0.862,0.004,59.838,122.071
1785989246,159274902,1785989246,159274902,61.502,5,848,480,60.832,60.124,1.291,58.833,20.865,8.736,16.692,12.541,37.968,0.704,0.003,89.363,150.226
1785989246,259286621,1785989246,259286621,67.852,5,848,480,67.459,66.645,0.953,65.692,30.528,8.413,22.571,4.18,35.164,0.811,0.003,50.571,118.07
1785989246,325960205,1785989246,325960205,62.314,5,848,480,61.91,61.136,0.893,60.243,13.275,24.178,16.711,6.079,46.968,0.771,0.003,51.76,113.706
1785989246,392633057,1785989246,392633057,41.362,5,848,480,40.043,39.252,1.382,37.87,7.564,9.037,17.237,4.032,30.306,0.788,0.004,48.322,88.398
1785989246,459305420,1785989246,459305420,63.892,5,848,480,41.297,40.541,2.177,38.364,7.042,8.648,18.18,4.493,31.321,0.754,0.003,44.295,85.618
1785989246,525977051,1785989246,525977051,63.785,5,848,480,40.395,39.632,1.431,38.201,6.587,8.524,18.588,4.502,31.614,0.76,0.003,42.31,82.732
1785989246,592647949,1785989246,592647949,67.177,5,848,480,40.811,40.136,2.585,37.551,6.684,8.724,17.478,4.666,30.868,0.671,0.003,42.4,83.236
1785989246,659318115,1785989246,659318115,69.789,5,848,480,43.954,43.187,4.353,38.833,7.352,8.564,18.517,4.4,31.481,0.765,0.003,42.383,86.356
1785989246,725987793,1785989246,725987793,67.128,5,848,480,44.076,43.256,1.407,41.849,7.611,9.113,18.048,7.077,34.238,0.817,0.003,42.712,86.816
1785989246,759322510,1785989246,759322510,58.745,5,848,480,48.924,48.046,2.265,45.782,13.822,9.232,17.083,5.645,31.96,0.875,0.004,63.276,112.23
1785989246,792656738,1785989246,792656738,46.404,5,848,480,45.782,45.098,1.049,44.049,13.181,9.366,17.47,4.032,30.868,0.68,0.003,79.478,125.295
1785989246,859333496,1785989246,859333496,55.688,5,848,480,54.094,53.41,6.264,47.147,14.086,9.179,18.938,4.944,33.061,0.681,0.003,60.18,114.304
1785989246,926016357,1785989246,926016357,39.934,5,848,480,39.54,38.817,1.721,37.096,7.363,8.418,17.371,3.945,29.734,0.72,0.003,47.977,87.558
1785989246,992698730,1785989246,992698730,65.95,5,848,480,40.172,39.399,2.218,37.18,6.941,8.505,17.423,4.312,30.239,0.77,0.003,46.627,86.824
1785989247,59380371,1785989247,59380371,86.214,5,848,480,57.575,55.6,2.415,53.185,8.381,12.604,18.567,13.632,44.803,1.893,0.082,48.836,106.453
1785989247,92720947,1785989247,92720947,46.24,5,848,480,45.632,44.967,0.992,43.974,11.909,9.41,17.381,5.275,32.066,0.662,0.003,73.594,119.305
1785989247,159401855,1785989247,159401855,62.425,5,848,480,61.958,61.239,0.937,60.302,25.704,9.17,17.924,7.505,34.598,0.716,0.003,53.002,115.002
1785989247,226082031,1785989247,226082031,71.378,5,848,480,69.922,69.278,0.961,68.316,22.956,21.562,17.731,6.068,45.361,0.642,0.003,49.744,119.694
1785989247,292761719,1785989247,292761719,44.232,5,848,480,43.683,42.937,0.856,42.082,9.141,11.29,17.347,4.303,32.94,0.741,0.005,53.533,97.266
1785989247,326101318,1785989247,326101318,55.912,5,848,480,54.146,53.476,1.078,52.398,9.807,17.352,21.339,3.899,42.591,0.667,0.003,65.651,119.823
1785989247,392780029,1785989247,392780029,48.862,5,848,480,48.301,47.316,0.967,46.349,7.667,10.062,24.299,4.321,38.682,0.98,0.005,53.671,102.117
1785989247,426119385,1785989247,426119385,51.973,5,848,480,49.893,49.065,2.083,46.982,14.564,9.504,17.389,5.525,32.418,0.824,0.003,70.719,120.642
1785989247,492797119,1785989247,492797119,52.953,5,848,480,52.53,51.619,1.039,50.58,7.589,20.004,16.796,6.19,42.991,0.905,0.005,54.351,106.938
1785989247,526135986,1785989247,526135986,51.061,5,848,480,49.645,48.882,7.808,41.074,10.018,9.436,17.794,3.826,31.056,0.76,0.004,74.96,124.64
1785989247,592812988,1785989247,592812988,43.586,5,848,480,43.18,42.192,0.914,41.278,8.478,11.021,17.213,4.565,32.799,0.983,0.006,58.331,101.571
1785989247,626151123,1785989247,626151123,47.698,5,848,480,45.563,44.499,3.364,41.135,9.801,9.455,17.236,4.643,31.334,1.06,0.005,70.331,115.937
1785989247,692827393,1785989247,692827393,46.623,5,848,480,46.169,45.448,1.542,43.905,8.889,10.037,17.476,7.505,35.017,0.718,0.004,49.647,95.857
1785989247,726165283,1785989247,726165283,53.437,5,848,480,51.965,51.298,1.345,49.953,14.442,9.296,19.744,6.472,35.511,0.664,0.003,63.966,115.951
1785989247,792840332,1785989247,792840332,53.282,5,848,480,49.181,48.212,2.204,46.009,8.446,16.263,16.728,4.571,37.563,0.962,0.006,53.357,102.58
1785989247,826178467,1785989247,826178467,57.868,5,848,480,41.575,40.898,2.871,38.026,6.693,9.739,17.513,4.081,31.333,0.674,0.003,85.492,127.089
1785989247,926193115,1785989247,926193115,60.594,5,848,480,42.494,41.703,0.985,40.718,7.318,8.645,20.144,4.612,33.4,0.788,0.004,45.157,87.668
1785989247,992868652,1785989247,992868652,64.734,5,848,480,43.349,42.656,2.014,40.642,9.148,8.832,17.224,5.438,31.494,0.69,0.003,42.353,85.729
1785989248,59543701,1785989248,59543701,65.918,5,848,480,41.313,40.574,2.1,38.474,8.233,8.602,16.982,4.657,30.241,0.734,0.005,43.637,85.11
1785989248,92880859,1785989248,92880859,78.455,5,848,480,55.118,54.193,4.393,49.8,14.609,13.058,17.068,5.066,35.191,0.921,0.004,74.951,130.097
1785989248,126218018,1785989248,126218018,56.498,5,848,480,56.068,55.35,10.192,45.158,10.393,12.053,17.514,5.198,34.765,0.714,0.003,97.143,153.25
1785989248,226228027,1785989248,226228027,59.498,5,848,480,59.114,58.376,5.769,52.608,8.433,18.506,18.265,7.403,44.175,0.735,0.003,53.583,112.734
1785989248,259564453,1785989248,259564453,43.13,5,848,480,41.389,40.668,1.047,39.621,9.233,9.213,17.255,3.919,30.388,0.718,0.003,81.134,122.532
1785989248,359572510,1785989248,359572510,63.218,5,848,480,39.612,38.785,1.83,36.954,6.647,8.787,17.434,4.087,30.307,0.824,0.003,46.104,85.742
1785989248,426243896,1785989248,426243896,66.829,5,848,480,42.477,41.731,1.695,40.036,6.71,8.081,21.416,3.83,33.326,0.742,0.004,43.397,85.948
1785989248,492914307,1785989248,492914307,67.533,5,848,480,42.342,41.654,2.447,39.207,6.753,8.525,19.843,4.086,32.454,0.685,0.003,44.495,86.76
1785989248,559584229,1785989248,559584229,66.523,5,848,480,41.626,40.881,2.345,38.536,6.803,8.508,19.193,4.032,31.733,0.741,0.003,44.961,86.67
1785989248,626253418,1785989248,626253418,65.508,5,848,480,41.366,40.577,0.987,39.59,7.921,8.458,17.389,5.821,31.669,0.785,0.004,44.061,85.462
1785989248,692921875,1785989248,692921875,66.01,5,848,480,40.1,39.346,2.084,37.262,6.499,8.474,17.212,5.078,30.763,0.752,0.003,44.668,84.795
1785989248,759589844,1785989248,759589844,67.8,5,848,480,40.262,39.561,1.777,37.784,7.005,8.493,17.312,4.975,30.779,0.698,0.003,45.637,85.928
1785989248,826257813,1785989248,826257813,64.323,5,848,480,39.4,38.601,1.641,36.96,6.765,8.589,17.655,3.951,30.195,0.797,0.003,44.154,83.579
1785989248,892936279,1785989248,892936279,66.836,5,848,480,39.701,38.995,1.6,37.394,6.562,8.479,17.124,5.23,30.832,0.703,0.003,44.012,83.74
1785989248,959614014,1785989248,959614014,68.944,5,848,480,40.699,39.869,0.755,39.114,6.802,8.548,19.399,4.365,32.312,0.826,0.004,45.281,86.01
1785989249,26291260,1785989249,26291260,69.925,5,848,480,44.131,43.334,1.977,41.357,7.018,8.585,21.567,4.187,34.339,0.793,0.004,45.097,89.259
1785989249,126305908,1785989249,126305908,97.703,5,848,480,40.717,40.042,1.856,38.186,7.412,8.969,17.418,4.387,30.774,0.671,0.003,46.2,86.942
1785989249,192981445,1785989249,192981445,66.949,5,848,480,41.382,40.708,1.61,39.099,6.963,8.743,19.206,4.187,32.136,0.671,0.003,45.812,87.216
1785989249,259656250,1785989249,259656250,66.735,5,848,480,40.52,39.757,0.893,38.864,8.421,8.834,17.453,4.156,30.443,0.76,0.003,46.73,87.277
1785989249,326330566,1785989249,326330566,66.947,5,848,480,43.045,42.281,2.074,40.207,7.033,8.65,20.295,4.229,33.175,0.76,0.003,44.478,87.546
1785989249,393004150,1785989249,393004150,67.444,5,848,480,40.148,39.447,2.167,37.28,6.903,8.713,17.519,4.145,30.377,0.699,0.003,48.15,88.319
1785989249,459677246,1785989249,459677246,63.677,5,848,480,40.59,39.912,1.893,38.019,7.09,8.581,17.221,5.126,30.928,0.676,0.003,44.705,85.321
1785989249,526349609,1785989249,526349609,67.917,5,848,480,42.077,41.367,1.213,40.155,9.882,8.406,17.292,4.575,30.272,0.706,0.003,44.47,86.562
1785989249,593021240,1785989249,593021240,68.113,5,848,480,43.105,42.45,1.769,40.68,6.66,8.45,20.213,5.358,34.02,0.652,0.003,44.876,88.008
1785989249,659692139,1785989249,659692139,66.386,5,848,480,43.863,43.149,2.209,40.94,6.769,8.515,18.714,6.942,34.171,0.71,0.004,43.834,87.723
1785989249,726362549,1785989249,726362549,66.799,5,848,480,42.555,41.883,1.795,40.089,6.813,9.892,17.982,5.402,33.276,0.669,0.003,45.273,87.852
1785989249,793032471,1785989249,793032471,66.417,5,848,480,42.258,41.587,1.756,39.831,6.712,8.624,17.451,7.043,33.118,0.669,0.003,45.314,87.648
1785989249,826367432,1785989249,826367432,63.999,5,848,480,56.511,55.752,0.934,54.818,8.596,15.946,16.804,13.471,46.222,0.756,0.003,61.729,118.261
1785989249,893044189,1785989249,893044189,40.445,5,848,480,39.925,39.192,0.84,38.352,7.345,9.406,17.501,4.1,31.007,0.73,0.003,52.069,92.033
1785989249,959720215,1785989249,959720215,63.513,5,848,480,39.392,38.572,1.703,36.869,6.977,8.51,17.342,4.04,29.892,0.818,0.003,49.52,88.868
1785989250,26395508,1785989250,26395508,71.718,5,848,480,44.173,43.384,1.494,41.889,7.112,8.493,17.458,8.827,34.777,0.786,0.003,49.711,93.913
1785989250,126407227,1785989250,126407227,96.987,5,848,480,44.898,44.113,1.071,43.042,9.031,10.141,17.371,6.498,34.01,0.781,0.004,45.967,90.891
1785989250,159744141,1785989250,159744141,65.352,5,848,480,62.702,61.961,3.984,57.977,19.221,16.22,17.477,5.06,38.757,0.737,0.004,60.189,122.903
1785989250,226417480,1785989250,226417480,64.321,5,848,480,63.917,63.26,6.068,57.192,21.122,12.722,17.48,5.868,36.07,0.653,0.003,56.593,120.548
1785989250,293089844,1785989250,293089844,56.887,5,848,480,54.959,53.317,0.862,52.455,10.032,18.635,17.886,5.903,42.423,1.636,0.005,55.769,110.776
1785989250,326426025,1785989250,326426025,53.485,5,848,480,51.19,50.512,1.051,49.461,7.819,9.678,27.884,4.079,41.641,0.674,0.004,79.699,136.472
1785989250,393097656,1785989250,393097656,59.961,5,848,480,53.283,52.576,2.776,49.8,19.567,8.618,17.588,4.027,30.233,0.703,0.003,70.888,124.212
1785989250,459768555,1785989250,459768555,57.445,5,848,480,57.039,56.26,1.381,54.879,10.861,17.609,16.942,9.467,44.018,0.776,0.003,57.896,114.975
1785989250,526438721,1785989250,526438721,42.538,5,848,480,41.118,40.349,0.887,39.462,6.994,11.109,17.387,3.972,32.468,0.767,0.003,49.695,90.844
1785989250,593108398,1785989250,593108398,69.256,5,848,480,43.507,42.689,1.595,41.094,6.761,12.671,17.675,3.987,34.333,0.815,0.003,49.897,93.43
1785989250,693111328,1785989250,693111328,92.144,5,848,480,40.575,39.752,2.027,37.725,7.154,8.47,17.186,4.914,30.57,0.82,0.003,44.971,85.572
1785989250,759779297,1785989250,759779297,68.67,5,848,480,41.263,40.489,1.845,38.645,6.832,8.353,18.101,5.359,31.813,0.77,0.004,46.285,87.572
1785989250,826447021,1785989250,826447021,64.064,5,848,480,39.485,38.778,1.681,37.097,6.762,8.073,18.203,4.06,30.335,0.703,0.004,45.464,84.97
1785989250,859785400,1785989250,859785400,62.181,5,848,480,56.51,55.842,6.991,48.851,12.309,13.28,16.625,6.636,36.542,0.665,0.003,57.278,113.806
1785989250,926461670,1785989250,926461670,47.119,5,848,480,46.731,45.962,2.602,43.36,12.535,9.269,17.543,4.013,30.825,0.765,0.004,47.484,94.256
1785989250,959799561,1785989250,959799561,63.917,5,848,480,63.502,62.669,6.409,56.26,24.718,8.459,17.205,5.878,31.542,0.829,0.003,64.648,124.833
1785989251,26474854,1785989251,26474854,69.608,5,848,480,69.198,68.284,0.955,67.329,11.231,14.492,17.384,24.222,56.098,0.911,0.003,58.528,127.768
1785989251,93149414,1785989251,93149414,60.777,5,848,480,60.322,59.519,0.956,58.563,18.935,15.784,17.407,6.436,39.627,0.799,0.004,61.508,121.874
1785989251,159823242,1785989251,159823242,68.109,5,848,480,66.598,65.955,1.121,64.834,23.571,18.508,16.876,5.879,41.263,0.64,0.003,56.675,123.3
1785989251,226496582,1785989251,226496582,60.641,5,848,480,60.242,59.453,2.033,57.419,20.174,14.678,17.217,5.35,37.245,0.784,0.005,56.991,117.291
1785989251,293169189,1785989251,293169189,48.782,5,848,480,47.856,47.017,1.244,45.772,14.781,9.973,17.049,3.969,30.992,0.835,0.004,51.494,99.389
1785989251,326505127,1785989251,326505127,52.967,5,848,480,50.911,50.161,2.194,47.967,16.795,8.816,17.043,5.313,31.171,0.746,0.003,68.076,119.01
1785989251,393176758,1785989251,393176758,56.839,5,848,480,56.449,55.158,2.393,52.765,14.787,16.318,16.814,4.846,37.978,1.285,0.006,52.693,109.208
1785989251,426512451,1785989251,426512451,50.637,5,848,480,50.123,49.393,1.274,48.12,17.637,8.959,17.363,4.161,30.483,0.725,0.004,76.321,126.485
1785989251,493182861,1785989251,493182861,56.657,5,848,480,56.132,55.42,0.931,54.489,17.879,14.512,16.672,5.426,36.61,0.708,0.004,60.298,116.466
1785989251,559852783,1785989251,559852783,45.044,5,848,480,44.643,43.918,0.959,42.959,9.346,11.823,17.644,4.146,33.613,0.722,0.003,50.158,94.839
1785989251,593187500,1785989251,593187500,55.334,5,848,480,53.378,52.626,0.91,51.716,13.316,14.218,17.122,7.06,38.4,0.749,0.003,63.434,116.839
1785989251,659856445,1785989251,659856445,48.839,5,848,480,48.339,47.524,0.86,46.664,10.098,15.508,16.808,4.25,36.566,0.811,0.004,50.634,99.021
1785989251,693190674,1785989251,693190674,43.028,5,848,480,41.394,40.307,1.022,39.286,7.801,8.653,17.295,5.536,31.485,1.082,0.005,67.291,109.783
1785989251,793192139,1785989251,793192139,77.052,5,848,480,40.311,39.455,2.23,37.225,6.435,8.279,17.941,4.571,30.79,0.853,0.003,45.418,85.762
1785989251,859864502,1785989251,859864502,67.451,5,848,480,40.88,40.096,2.537,37.559,6.953,8.498,17.256,4.853,30.606,0.781,0.003,45.626,86.532
1785989251,893202637,1785989251,893202637,46.993,5,848,480,42.725,41.877,1.107,40.77,8.9,10.452,17.36,4.057,31.87,0.843,0.005,57.44,100.207
1785989251,959878174,1785989251,959878174,62.174,5,848,480,41.138,40.39,2.412,37.978,6.868,9.659,17.326,4.125,31.109,0.744,0.004,54.526,95.692
1785989252,26553223,1785989252,26553223,64.0,5,848,480,40.564,39.856,1.68,38.176,7.161,9.247,17.425,4.343,31.015,0.705,0.003,52.42,93.009
1785989252,93227539,1785989252,93227539,78.853,5,848,480,47.685,46.825,2.445,44.38,7.874,13.778,17.135,5.593,36.506,0.855,0.005,57.481,105.201
1785989252,126564453,1785989252,126564453,93.061,5,848,480,92.582,91.566,0.977,90.589,28.762,33.375,17.721,10.731,61.827,1.012,0.004,72.295,164.927
1785989252,226574219,1785989252,226574219,61.642,5,848,480,61.189,60.433,4.813,55.62,24.947,9.144,17.449,4.079,30.673,0.753,0.003,65.318,126.546
1785989252,293246338,1785989252,293246338,57.219,5,848,480,55.759,54.869,0.95,53.92,13.366,13.242,17.085,10.227,40.553,0.885,0.004,61.304,117.101
1785989252,359917969,1785989252,359917969,40.628,5,848,480,40.076,39.401,0.88,38.521,7.724,9.001,17.738,4.058,30.797,0.671,0.003,50.939,91.05
1785989252,426588867,1785989252,426588867,68.921,5,848,480,42.224,41.413,3.623,37.791,7.264,8.773,17.614,4.139,30.527,0.807,0.003,51.051,93.3
1785989252,493259277,1785989252,493259277,65.845,5,848,480,40.354,39.58,2.314,37.266,6.762,8.886,17.461,4.157,30.504,0.771,0.004,52.104,92.474
1785989252,559928711,1785989252,559928711,63.258,5,848,480,39.537,38.827,0.973,37.854,7.006,8.677,17.41,4.761,30.848,0.707,0.003,49.505,89.063
1785989252,626597656,1785989252,626597656,64.556,5,848,480,40.926,40.188,0.902,39.286,8.219,8.634,17.226,5.207,31.067,0.735,0.004,46.004,86.948
1785989252,693265869,1785989252,693265869,67.915,5,848,480,40.599,39.916,1.401,38.515,7.401,8.716,17.212,5.187,31.114,0.68,0.003,47.571,88.195
1785989252,759933350,1785989252,759933350,67.656,5,848,480,40.789,40.117,2.454,37.664,7.179,8.471,17.639,4.375,30.485,0.669,0.003,48.37,89.233
1785989252,826600586,1785989252,826600586,64.344,5,848,480,41.402,40.656,2.366,38.291,7.378,8.447,17.229,5.237,30.913,0.743,0.003,45.438,86.862
1785989252,893349365,1785989252,893349365,68.044,5,848,480,40.426,39.776,1.88,37.896,7.628,8.456,17.241,4.572,30.268,0.648,0.003,47.707,88.152
1785989252,926723877,1785989252,926723877,63.665,5,848,480,58.52,57.819,2.336,55.483,13.933,15.783,16.777,8.99,41.55,0.698,0.003,59.904,118.444
1785989252,993473389,1785989252,993473389,49.052,5,848,480,48.553,47.682,0.927,46.755,16.787,9.025,17.122,3.822,29.968,0.867,0.004,52.159,100.767
1785989253,26848145,1785989253,26848145,75.064,5,848,480,73.078,72.061,1.118,70.943,21.294,25.549,17.323,6.776,49.649,1.013,0.005,69.444,142.468
1785989253,93598633,1785989253,93598633,78.625,5,848,480,78.159,77.453,1.206,76.247,18.404,23.936,26.441,7.466,57.843,0.703,0.003,76.117,154.321
1785989253,193725098,1785989253,193725098,65.773,5,848,480,60.917,60.173,2.113,58.06,12.292,15.292,16.971,13.505,45.768,0.74,0.003,59.017,119.957
1785989253,260477051,1785989253,260477051,49.309,5,848,480,48.921,47.944,0.961,46.984,14.035,11.429,17.348,4.171,32.949,0.972,0.004,53.556,102.532
1785989253,293853027,1785989253,293853027,51.189,5,848,480,49.144,48.472,1.083,47.389,9.821,9.877,18.643,9.049,37.568,0.67,0.003,71.166,120.329
1785989253,360605713,1785989253,360605713,39.903,5,848,480,39.485,38.736,0.924,37.811,7.271,9.117,17.273,4.151,30.54,0.747,0.003,53.955,93.496
1785989253,427358887,1785989253,427358887,62.552,5,848,480,40.51,39.759,2.791,36.968,6.949,8.674,17.445,3.9,30.019,0.747,0.003,48.745,89.36
1785989253,494112793,1785989253,494112793,63.072,5,848,480,39.905,39.217,1.746,37.471,6.819,8.341,17.253,5.058,30.652,0.685,0.003,45.665,85.594
1785989253,560867188,1785989253,560867188,68.62,5,848,480,39.802,39.145,1.799,37.346,6.704,8.502,17.381,4.76,30.642,0.654,0.003,47.635,87.475
1785989253,627622070,1785989253,627622070,67.093,5,848,480,41.406,40.735,1.892,38.843,6.836,8.407,17.924,5.675,32.007,0.668,0.003,46.367,87.798
1785989253,694377686,1785989253,694377686,64.229,5,848,480,39.809,39.115,1.713,37.402,6.917,8.576,17.114,4.796,30.486,0.691,0.003,45.437,85.271
1785989253,761133545,1785989253,761133545,68.215,5,848,480,42.635,41.743,0.867,40.876,8.83,8.898,16.979,6.17,32.047,0.888,0.004,44.076,86.737
1785989253,827889648,1785989253,827889648,65.748,5,848,480,42.009,41.208,2.135,39.073,8.156,8.528,17.238,5.151,30.917,0.798,0.003,43.691,85.725
1785989253,894569580,1785989253,894569580,66.795,5,848,480,39.647,38.957,1.643,37.314,6.69,8.462,17.176,4.986,30.624,0.688,0.003,46.167,87.585
1785989253,961249023,1785989253,961249023,66.589,5,848,480,40.088,39.39,1.62,37.771,7.053,8.435,17.252,5.031,30.718,0.695,0.003,45.635,85.748
1785989253,994588379,1785989253,994588379,46.031,5,848,480,39.823,39.141,0.853,38.288,7.658,9.288,17.367,3.974,30.63,0.679,0.003,58.595,98.442
1785989254,61266846,1785989254,61266846,63.8,5,848,480,45.772,44.885,0.938,43.947,8.437,8.981,17.273,9.256,35.51,0.883,0.004,49.769,95.568
1785989254,94605957,1785989254,94605957,62.972,5,848,480,62.288,61.602,1.271,60.331,24.639,11.602,18.852,5.238,35.692,0.684,0.003,62.874,125.196
1785989254,161283447,1785989254,161283447,61.637,5,848,480,58.95,58.291,1.728,56.563,20.234,11.096,17.504,7.729,36.329,0.656,0.003,61.176,120.15
1785989254,227960449,1785989254,227960449,63.328,5,848,480,62.849,62.181,0.94,61.242,19.3,16.13,16.811,9.0,41.941,0.665,0.003,53.918,116.864
1785989254,294636719,1785989254,294636719,52.17,5,848,480,50.729,49.522,1.321,48.202,7.742,18.967,16.776,4.717,40.46,1.202,0.005,51.583,102.323
1785989254,327974609,1785989254,327974609,52.589,5,848,480,51.937,51.194,1.461,49.733,12.734,9.065,17.539,10.396,37.0,0.739,0.003,69.583,121.552
1785989254,394650146,1785989254,394650146,64.188,5,848,480,63.797,63.132,5.624,57.509,16.63,14.073,16.839,9.967,40.879,0.662,0.003,55.226,119.063
1785989254,461324951,1785989254,461324951,55.264,5,848,480,54.886,52.607,5.988,46.62,8.34,16.612,16.63,5.037,38.279,2.271,0.008,52.748,107.695
1785989254,494662109,1785989254,494662109,46.731,5,848,480,43.833,43.08,2.38,40.7,7.404,8.67,17.087,7.539,33.297,0.75,0.003,77.199,121.047
1785989254,594672852,1785989254,594672852,65.311,5,848,480,38.872,38.15,1.834,36.316,6.478,8.364,17.186,4.289,29.838,0.719,0.004,47.45,86.352
1785989254,661345703,1785989254,661345703,68.757,5,848,480,42.72,41.886,1.593,40.293,6.75,8.301,21.413,3.828,33.543,0.831,0.003,45.684,88.432
1785989254,728018066,1785989254,728018066,66.398,5,848,480,41.72,41.034,2.806,38.228,7.545,8.775,17.182,4.726,30.683,0.683,0.003,46.413,88.25
1785989254,794689941,1785989254,794689941,66.876,5,848,480,41.03,40.329,1.571,38.758,6.613,8.608,19.354,4.183,32.145,0.699,0.003,47.304,88.361
1785989254,861364502,1785989254,861364502,67.873,5,848,480,43.242,39.732,1.703,38.029,6.9,8.952,17.122,5.055,31.129,3.504,0.006,46.294,89.572
1785989254,894702881,1785989254,894702881,68.158,5,848,480,47.463,46.731,3.913,42.818,11.662,8.606,17.407,5.143,31.157,0.728,0.003,77.026,124.382
1785989254,961379150,1785989254,961379150,58.123,5,848,480,53.149,52.387,4.331,48.055,14.417,9.385,16.798,7.456,33.639,0.759,0.003,62.641,115.826
1785989255,28054932,1785989255,28054932,81.067,5,848,480,70.088,69.405,0.982,68.423,35.057,9.659,17.642,6.066,33.366,0.68,0.004,60.106,130.226
1785989255,94729736,1785989255,94729736,64.839,5,848,480,60.901,60.093,2.69,57.403,10.124,12.628,22.041,12.611,47.279,0.805,0.003,67.448,128.383
1785989255,161404053,1785989255,161404053,54.453,5,848,480,54.016,53.223,0.858,52.365,14.735,11.896,17.437,8.297,37.63,0.789,0.004,62.106,118.551
1785989255,228077637,1785989255,228077637,60.734,5,848,480,55.474,53.361,10.489,42.872,10.941,9.245,17.459,5.228,31.931,2.107,0.006,54.726,110.298
1785989255,261414307,1785989255,261414307,55.018,5,848,480,54.491,53.728,7.857,45.871,7.028,8.123,26.703,4.017,38.843,0.759,0.004,77.373,131.903
1785989255,328086670,1785989255,328086670,58.797,5,848,480,58.392,57.716,2.205,55.511,9.853,16.208,25.511,3.939,45.658,0.673,0.003,65.596,124.08
1785989255,394758789,1785989255,394758789,61.23,5,848,480,60.735,60.074,0.955,59.119,19.419,14.826,18.107,6.767,39.7,0.657,0.003,57.811,118.583
1785989255,461429932,1785989255,461429932,47.596,5,848,480,46.036,45.311,0.882,44.428,13.77,9.237,17.265,4.156,30.658,0.722,0.003,53.442,99.511
1785989255,494765381,1785989255,494765381,53.969,5,848,480,53.517,52.739,1.53,51.209,12.569,15.809,16.839,5.991,38.639,0.775,0.004,66.59,120.23
1785989255,561435547,1785989255,561435547,44.319,5,848,480,43.509,42.829,1.85,40.98,10.478,9.188,17.251,4.063,30.502,0.677,0.003,54.243,97.79
1785989255,661439697,1785989255,661439697,91.346,5,848,480,40.817,39.898,1.609,38.289,7.156,8.492,17.295,5.346,31.133,0.914,0.004,48.291,89.137
1785989255,728108154,1785989255,728108154,65.64,5,848,480,40.853,40.176,1.665,38.511,6.679,8.788,17.245,5.798,31.831,0.674,0.003,47.225,88.104
1785989255,794776123,1785989255,794776123,66.083,5,848,480,39.289,38.648,0.888,37.76,8.128,8.127,17.343,4.163,29.633,0.638,0.003,48.203,87.516
1785989255,861448242,1785989255,861448242,68.108,5,848,480,42.871,42.2,1.596,40.604,9.616,8.576,18.059,4.353,30.988,0.668,0.003,46.06,88.952
1785989255,928123779,1785989255,928123779,66.663,5,848,480,41.603,40.926,1.718,39.207,6.816,8.135,19.96,4.297,32.392,0.674,0.003,47.315,88.977
1785989255,994798828,1785989255,994798828,65.191,5,848,480,40.172,39.437,1.822,37.615,6.886,8.136,17.24,5.353,30.729,0.731,0.003,47.261,87.459
1785989256,28135986,1785989256,28135986,74.495,5,848,480,67.636,66.803,1.107,65.696,26.711,8.498,17.004,13.484,38.985,0.829,0.004,60.958,128.625
1785989256,94809814,1785989256,94809814,65.43,5,848,480,62.458,61.728,1.581,60.147,26.037,10.401,17.542,6.168,34.11,0.727,0.004,64.896,127.373
1785989256,161482910,1785989256,161482910,57.857,5,848,480,55.133,54.346,5.341,49.005,15.006,10.8,17.328,5.872,33.999,0.783,0.004,63.402,119.233
1785989256,228155518,1785989256,228155518,42.416,5,848,480,40.237,39.511,1.17,38.342,7.328,9.659,17.328,4.026,31.013,0.722,0.004,54.078,94.301
1785989256,294827393,1785989256,294827393,61.307,5,848,480,41.143,40.418,0.902,39.516,8.202,8.386,17.277,5.651,31.314,0.721,0.003,47.768,88.935
1785989256,361498535,1785989256,361498535,65.651,5,848,480,40.615,39.541,1.082,38.459,7.018,8.535,17.296,5.609,31.44,1.07,0.004,47.28,88.004
1785989256,428168945,1785989256,428168945,65.727,5,848,480,40.052,39.287,0.986,38.301,7.814,8.516,17.542,4.428,30.487,0.762,0.003,46.931,86.972
1785989256,494838623,1785989256,494838623,71.194,5,848,480,43.205,42.511,1.0,41.511,7.313,8.455,17.102,8.641,34.198,0.692,0.003,48.273,91.497
1785989256,561507813,1785989256,561507813,63.399,5,848,480,39.908,39.169,2.281,36.889,6.626,8.61,17.271,4.382,30.263,0.736,0.003,48.295,88.227
1785989256,628176025,1785989256,628176025,67.066,5,848,480,40.174,39.463,1.984,37.479,6.865,8.465,17.339,4.809,30.613,0.708,0.003,48.43,88.624
1785989256,728177246,1785989256,728177246,101.775,5,848,480,42.017,41.301,1.957,39.344,7.298,8.452,19.703,3.891,32.046,0.713,0.003,48.358,90.398
1785989256,794843994,1785989256,794843994,66.383,5,848,480,39.065,38.299,1.691,36.608,6.688,8.316,17.358,4.246,29.92,0.763,0.003,51.025,90.11
1785989256,861515381,1785989256,861515381,63.434,5,848,480,39.613,38.929,1.739,37.19,6.681,8.406,17.168,4.936,30.51,0.68,0.003,47.238,86.876
1785989256,928190918,1785989256,928190918,69.372,5,848,480,42.413,41.706,1.992,39.714,9.561,8.424,17.153,4.575,30.152,0.703,0.004,47.137,89.576
1785989256,994865723,1785989256,994865723,70.175,5,848,480,44.409,43.722,2.07,41.652,6.651,8.634,17.772,8.595,35.001,0.684,0.003,48.64,93.068
1785989257,28202881,1785989257,28202881,82.958,5,848,480,75.859,74.92,2.499,72.42,28.553,20.195,18.318,5.355,43.867,0.934,0.005,66.811,142.8
1785989257,94876709,1785989257,94876709,48.821,5,848,480,47.086,46.314,3.357,42.957,11.643,9.983,17.269,4.062,31.314,0.769,0.004,77.727,124.842
1785989257,128213135,1785989257,128213135,47.854,5,848,480,43.42,42.417,1.845,40.572,8.914,9.555,17.292,4.812,31.658,0.998,0.005,95.915,139.38
1785989257,194885986,1785989257,194885986,54.973,5,848,480,50.693,49.891,1.445,48.446,17.379,9.37,17.375,4.321,31.067,0.798,0.004,76.96,127.659
1785989257,261558105,1785989257,261558105,60.712,5,848,480,60.308,59.599,0.909,58.69,22.895,11.525,16.887,7.383,35.795,0.706,0.003,61.349,121.696
1785989257,328229492,1785989257,328229492,48.289,5,848,480,47.887,46.99,0.824,46.166,15.679,9.556,16.896,4.035,30.487,0.892,0.004,55.389,103.323
1785989257,361564697,1785989257,361564697,58.579,5,848,480,45.637,44.878,1.874,43.004,12.503,9.235,17.31,3.956,30.501,0.757,0.003,82.895,128.556
1785989257,428235107,1785989257,428235107,60.193,5,848,480,59.781,59.06,0.911,58.15,15.737,17.127,16.728,8.558,42.413,0.717,0.003,62.261,122.081
1785989257,494904785,1785989257,494904785,42.132,5,848,480,41.741,41.008,1.156,39.852,7.169,11.227,17.428,4.028,32.683,0.73,0.003,55.762,97.545
1785989257,594907959,1785989257,594907959,95.106,5,848,480,38.794,37.991,1.621,36.37,6.304,8.28,17.5,4.287,30.066,0.8,0.003,53.826,92.649
1785989257,661575928,1785989257,661575928,65.034,5,848,480,39.862,39.032,1.749,37.283,6.666,8.565,17.351,4.701,30.617,0.827,0.003,51.123,91.012
1785989257,728243164,1785989257,728243164,65.662,5,848,480,40.144,39.47,1.8,37.67,6.692,8.757,17.291,4.929,30.977,0.671,0.003,49.837,90.004
1785989257,794909668,1785989257,794909668,66.694,5,848,480,40.613,39.935,2.141,37.794,6.745,8.402,17.451,5.196,31.049,0.675,0.003,49.398,90.034
1785989257,861622803,1785989257,861622803,65.336,5,848,480,39.433,38.741,0.889,37.852,7.49,8.474,17.246,4.642,30.362,0.688,0.004,49.199,88.654
1785989257,928384033,1785989257,928384033,67.621,5,848,480,39.371,38.605,0.869,37.735,7.103,8.49,17.301,4.841,30.632,0.763,0.003,50.129,89.518
1785989257,995146973,1785989257,995146973,67.779,5,848,480,40.755,40.074,1.984,38.09,6.844,8.607,18.397,4.243,31.246,0.678,0.003,49.752,90.534
1785989258,61911133,1785989258,61911133,65.75,5,848,480,41.07,40.378,1.985,38.393,7.782,8.559,17.389,4.663,30.611,0.688,0.003,48.422,89.52
1785989258,128677002,1785989258,128677002,75.568,5,848,480,47.054,46.309,1.0,45.309,8.415,14.443,18.191,4.26,36.894,0.741,0.003,51.245,98.322
1785989258,162060547,1785989258,162060547,55.318,5,848,480,54.9,54.169,1.114,53.054,18.21,9.315,16.94,8.59,34.845,0.728,0.003,65.317,120.253
1785989258,228828857,1785989258,228828857,43.057,5,848,480,42.667,41.914,1.013,40.902,9.51,9.706,17.631,4.054,31.391,0.749,0.003,53.838,96.546
1785989258,328983887,1785989258,328983887,92.605,5,848,480,39.428,38.664,1.585,37.079,6.969,8.493,17.217,4.4,30.11,0.761,0.004,49.541,89.005
1785989258,395756104,1785989258,395756104,66.579,5,848,480,40.709,40.028,1.016,39.012,8.081,8.389,17.383,5.159,30.932,0.677,0.003,48.072,88.802
1785989258,462529541,1785989258,462529541,66.789,5,848,480,39.802,39.128,1.777,37.351,6.753,8.394,17.192,5.012,30.598,0.67,0.003,48.988,88.815
1785989258,529304688,1785989258,529304688,66.901,5,848,480,40.174,39.479,0.996,38.483,6.575,8.081,19.97,3.856,31.908,0.691,0.003,48.743,88.941
1785989258,596081543,1785989258,596081543,67.815,5,848,480,41.102,40.372,1.834,38.538,6.517,8.137,20.059,3.826,32.022,0.727,0.003,48.855,89.995
1785989258,662859619,1785989258,662859619,65.236,5,848,480,40.693,39.964,2.751,37.213,6.509,8.599,17.459,4.645,30.704,0.725,0.003,47.72,88.649
1785989258,729639404,1785989258,729639404,72.401,5,848,480,45.66,44.888,1.693,43.194,6.715,12.314,19.629,4.536,36.479,0.769,0.004,48.374,94.063
1785989258,796420898,1785989258,796420898,61.119,5,848,480,39.6,38.69,1.734,36.956,6.896,8.685,17.394,3.981,30.06,0.906,0.003,48.771,88.398
1785989258,863207520,1785989258,863207520,68.765,5,848,480,42.752,42.008,1.062,40.946,7.937,8.558,20.254,4.198,33.01,0.74,0.003,47.596,90.376
1785989258,930002686,1785989258,930002686,64.969,5,848,480,40.905,40.218,3.183,37.035,6.567,8.531,17.36,4.577,30.468,0.683,0.003,47.625,88.548
1785989258,996799805,1785989258,996799805,65.3,5,848,480,40.302,39.558,2.157,37.401,7.406,8.716,17.054,4.225,29.995,0.741,0.003,46.731,87.046
1785989259,30199463,1785989259,30199463,98.342,5,848,480,72.547,71.555,3.856,67.699,10.563,31.188,20.835,5.113,57.136,0.989,0.003,79.427,152.01
1785989259,97000000,1785989259,97000000,49.625,5,848,480,43.763,43.049,4.679,38.37,8.803,8.478,17.006,4.082,29.567,0.712,0.003,91.345,134.818
1785989259,163802979,1785989259,163802979,57.156,5,848,480,55.763,55.04,1.013,54.028,13.178,19.184,17.539,4.126,40.849,0.719,0.003,69.377,125.171
1785989259,230608398,1785989259,230608398,60.485,5,848,480,60.07,59.349,0.814,58.534,23.37,9.65,18.496,7.019,35.165,0.718,0.003,58.743,118.85
1785989259,297416016,1785989259,297416016,56.13,5,848,480,55.747,54.618,2.0,52.618,13.083,17.671,16.531,5.333,39.535,1.122,0.006,52.39,108.274
1785989259,330820557,1785989259,330820557,51.3,5,848,480,47.507,46.705,2.452,44.253,13.231,9.378,17.503,4.14,31.021,0.799,0.003,78.539,126.067
1785989259,397631592,1785989259,397631592,47.192,5,848,480,46.777,45.908,0.865,45.043,7.606,15.406,16.968,5.063,37.437,0.864,0.005,59.636,106.468
1785989259,431038086,1785989259,431038086,79.323,5,848,480,73.34,72.676,13.539,59.137,9.342,18.861,16.784,14.151,49.796,0.661,0.003,80.617,152.417
1785989259,531260742,1785989259,531260742,39.978,5,848,480,39.525,38.672,0.947,37.725,7.236,9.155,17.417,3.917,30.489,0.85,0.003,52.557,92.122
1785989259,598078613,1785989259,598078613,66.862,5,848,480,41.282,40.54,1.638,38.902,6.549,10.715,17.557,4.081,32.353,0.74,0.002,50.891,92.165
1785989259,664898682,1785989259,664898682,61.934,5,848,480,40.192,39.516,1.703,37.813,6.907,8.578,17.439,4.89,30.906,0.672,0.003,47.063,87.278
1785989259,731721191,1785989259,731721191,66.947,5,848,480,40.872,40.178,2.42,37.758,6.622,8.754,17.523,4.859,31.136,0.692,0.003,46.507,87.404
1785989259,798546143,1785989259,798546143,68.744,5,848,480,42.407,41.709,1.862,39.847,7.092,8.479,19.008,5.268,32.755,0.696,0.003,46.896,89.322
1785989259,865313232,1785989259,865313232,63.857,5,848,480,40.141,39.435,1.733,37.702,7.025,8.481,17.198,4.997,30.677,0.702,0.003,46.25,86.413
1785989259,932023682,1785989259,932023682,66.783,5,848,480,40.193,39.142,1.802,37.34,6.566,8.437,17.236,5.1,30.774,1.047,0.004,46.268,86.496
1785989259,998734131,1785989259,998734131,69.147,5,848,480,43.031,42.186,2.251,39.935,7.602,8.435,19.479,4.419,32.333,0.841,0.004,45.868,88.923
1785989260,65444336,1785989260,65444336,69.97,5,848,480,43.668,42.884,1.706,41.178,8.72,9.742,17.48,5.235,32.458,0.78,0.004,48.501,92.186
1785989260,98799561,1785989260,98799561,56.323,5,848,480,50.248,49.547,0.934,48.612,9.92,11.209,17.559,9.925,38.692,0.698,0.003,64.881,115.152
1785989260,132154541,1785989260,132154541,65.667,5,848,480,63.051,62.202,1.939,60.263,16.223,20.556,17.302,6.182,44.04,0.845,0.003,84.385,147.464
1785989260,198864746,1785989260,198864746,49.28,5,848,480,48.861,48.192,5.625,42.567,10.006,10.002,17.734,4.826,32.562,0.666,0.003,81.132,130.033
1785989260,265574707,1785989260,265574707,52.289,5,848,480,51.011,50.228,0.958,49.27,8.86,13.973,16.774,9.663,40.41,0.78,0.003,64.564,115.625
1785989260,332284912,1785989260,332284912,47.149,5,848,480,45.606,44.862,1.183,43.679,12.817,9.466,17.374,4.021,30.862,0.741,0.003,50.42,96.054
1785989260,365639648,1785989260,365639648,46.201,5,848,480,45.778,44.656,1.885,42.77,11.853,9.45,17.315,4.152,30.917,1.116,0.006,63.083,108.934
1785989260,398994629,1785989260,398994629,49.376,5,848,480,48.83,48.146,0.992,47.154,9.687,14.802,17.858,4.807,37.466,0.681,0.003,76.054,124.918
1785989260,465704590,1785989260,465704590,48.29,5,848,480,47.9,46.057,0.897,45.16,8.429,15.147,16.889,4.695,36.732,1.836,0.007,58.564,110.199
1785989260,499059326,1785989260,499059326,57.191,5,848,480,51.952,51.23,12.889,38.341,7.061,9.679,17.502,4.1,31.281,0.719,0.003,78.358,130.333
1785989260,565769043,1785989260,565769043,59.417,5,848,480,58.991,58.227,1.039,57.188,9.104,19.337,23.354,5.393,48.084,0.761,0.003,64.011,123.042
1785989260,632478760,1785989260,632478760,41.396,5,848,480,40.883,40.122,1.116,39.006,7.425,9.952,17.511,4.118,31.581,0.758,0.003,56.808,97.74
1785989260,699188232,1785989260,699188232,64.215,5,848,480,42.101,41.353,1.518,39.835,7.275,9.145,17.505,5.911,32.56,0.744,0.003,53.109,95.238
1785989260,765897705,1785989260,765897705,70.068,5,848,480,42.747,42.045,0.92,41.125,10.135,9.517,17.31,4.163,30.99,0.699,0.004,55.82,98.658
1785989260,832607178,1785989260,832607178,55.502,5,848,480,40.112,39.444,0.863,38.581,7.734,8.516,17.151,5.18,30.847,0.666,0.002,47.247,87.386
1785989260,899316406,1785989260,899316406,67.004,5,848,480,39.373,38.697,1.868,36.829,6.683,8.345,17.264,4.537,30.146,0.674,0.003,48.282,87.68
1785989260,966025635,1785989260,966025635,68.363,5,848,480,42.366,41.633,1.749,39.883,6.921,8.413,20.542,4.007,32.962,0.731,0.003,46.943,89.33
1785989261,32734619,1785989261,32734619,68.181,5,848,480,44.438,43.563,1.81,41.753,6.734,8.099,17.134,9.786,35.018,0.872,0.003,46.343,90.807
1785989261,99443604,1785989261,99443604,77.225,5,848,480,49.194,48.458,2.197,46.261,8.694,9.659,22.325,5.583,37.567,0.732,0.004,52.106,103.697
1785989261,132798096,1785989261,132798096,86.139,5,848,480,63.7,63.025,1.588,61.437,17.066,16.658,17.041,10.673,44.371,0.672,0.002,90.396,154.107
1785989261,232861328,1785989261,232861328,62.006,5,848,480,61.585,60.864,1.008,59.856,18.883,16.333,17.024,7.616,40.973,0.718,0.003,54.426,116.05
1785989261,299570068,1785989261,299570068,42.145,5,848,480,40.734,40.013,0.951,39.062,7.824,9.464,17.419,4.355,31.238,0.716,0.004,50.72,91.492
1785989261,366278809,1785989261,366278809,61.832,5,848,480,39.97,39.097,1.91,37.187,7.409,8.498,17.205,4.075,29.778,0.87,0.004,46.617,86.613
1785989261,432987305,1785989261,432987305,67.004,5,848,480,40.047,39.261,1.577,37.684,7.01,8.577,17.258,4.839,30.674,0.782,0.004,46.833,86.907
1785989261,499695557,1785989261,499695557,66.543,5,848,480,41.017,40.25,1.944,38.306,7.772,8.668,17.224,4.642,30.534,0.764,0.003,45.699,86.744
1785989261,566403809,1785989261,566403809,66.119,5,848,480,40.417,39.616,1.699,37.917,6.67,8.372,17.114,5.761,31.247,0.798,0.003,45.707,86.153
1785989261,633112061,1785989261,633112061,67.828,5,848,480,41.811,41.138,1.469,39.669,7.068,10.676,17.437,4.488,32.601,0.67,0.003,45.433,87.27
1785989261,699820068,1785989261,699820068,65.658,5,848,480,39.377,38.71,1.545,37.165,6.909,8.077,17.267,4.912,30.256,0.664,0.003,46.817,86.222
1785989261,766528076,1785989261,766528076,71.394,5,848,480,39.012,38.276,1.001,37.276,7.037,8.831,17.503,3.905,30.239,0.733,0.003,51.869,90.908
1785989261,833236084,1785989261,833236084,66.755,5,848,480,40.643,39.938,2.191,37.746,7.245,8.786,17.674,4.042,30.502,0.702,0.003,50.287,90.953
1785989261,899945313,1785989261,899945313,65.551,5,848,480,41.379,40.66,0.93,39.729,6.824,8.488,18.886,5.532,32.906,0.716,0.003,48.392,89.797
1785989261,966654541,1785989261,966654541,64.966,5,848,480,39.323,38.624,1.737,36.887,6.845,8.607,17.274,4.161,30.042,0.696,0.003,48.709,88.054
1785989262,33363770,1785989262,33363770,72.737,5,848,480,46.104,41.09,0.868,40.222,8.303,8.152,17.323,6.444,31.919,5.008,0.006,47.953,94.11
1785989262,66718262,1785989262,66718262,69.938,5,848,480,69.216,68.512,13.787,54.726,20.058,12.862,17.539,4.267,34.668,0.7,0.004,61.414,130.666
1785989262,133427246,1785989262,133427246,58.695,5,848,480,58.036,57.333,1.059,56.274,19.361,10.818,17.165,8.93,36.913,0.699,0.003,64.578,122.651
1785989262,200136230,1785989262,200136230,62.111,5,848,480,50.176,49.506,2.64,46.866,14.602,8.419,17.276,6.569,32.264,0.667,0.003,67.854,118.062
1785989262,266844971,1785989262,266844971,56.358,5,848,480,54.91,51.732,0.99,50.741,8.771,19.606,16.553,5.811,41.97,3.173,0.005,52.761,107.727
1785989262,300199463,1785989262,300199463,47.961,5,848,480,45.916,45.189,0.935,44.255,12.265,8.899,18.69,4.4,31.989,0.723,0.003,76.369,122.307
1785989262,366907959,1785989262,366907959,47.088,5,848,480,46.69,45.751,0.943,44.809,11.215,11.27,17.093,5.231,33.594,0.934,0.005,55.958,102.706
1785989262,400262451,1785989262,400262451,52.659,5,848,480,50.624,49.83,1.109,48.721,14.527,9.652,17.399,7.142,34.194,0.789,0.005,71.364,122.146
1785989262,466970947,1785989262,466970947,48.399,5,848,480,47.925,46.779,0.922,45.857,8.157,16.679,16.945,4.076,37.7,1.033,0.113,55.828,103.821
1785989262,500325195,1785989262,500325195,55.176,5,848,480,52.604,51.924,8.94,42.983,12.899,8.859,17.399,3.826,30.085,0.677,0.003,72.884,125.604
1785989262,567033447,1785989262,567033447,48.252,5,848,480,47.665,44.645,0.814,43.83,9.974,9.996,17.187,6.674,33.856,3.013,0.007,59.347,107.087
1785989262,600387695,1785989262,600387695,51.265,5,848,480,48.781,48.014,7.87,40.144,9.658,8.885,17.516,4.085,30.486,0.764,0.003,76.156,124.954
1785989262,667095947,1785989262,667095947,40.922,5,848,480,40.454,39.675,0.806,38.869,7.453,10.09,17.378,3.948,31.416,0.776,0.003,58.679,99.175
1785989262,733804199,1785989262,733804199,74.024,5,848,480,51.371,50.286,1.168,49.118,8.716,18.194,17.02,5.188,40.402,1.079,0.006,55.099,120.869
1785989262,800512207,1785989262,800512207,58.196,5,848,480,43.242,42.483,2.863,39.62,8.42,9.866,17.33,4.004,31.2,0.756,0.003,54.698,97.976
1785989262,867222900,1785989262,867222900,63.903,5,848,480,43.308,42.618,1.116,41.503,10.482,9.532,17.429,4.059,31.02,0.687,0.003,51.853,95.166
1785989262,967293457,1785989262,967293457,90.774,5,848,480,39.348,38.655,1.864,36.791,6.929,8.237,17.078,4.547,29.862,0.691,0.003,46.495,85.871
1785989263,34007080,1785989263,34007080,69.241,5,848,480,41.485,40.618,2.125,38.493,6.469,8.463,17.398,6.162,32.023,0.864,0.004,46.888,88.4
1785989263,100720703,1785989263,100720703,76.932,5,848,480,46.38,45.305,2.33,42.974,8.202,10.612,17.507,6.653,34.772,1.07,0.004,52.211,98.629
1785989263,134077637,1785989263,134077637,62.271,5,848,480,61.823,61.115,5.269,55.846,20.187,8.853,22.683,4.122,35.659,0.704,0.003,65.669,127.6
1785989263,200791260,1785989263,200791260,57.855,5,848,480,53.526,52.874,2.081,50.793,16.988,9.273,16.979,7.554,33.805,0.649,0.003,65.124,118.669
1785989263,267504883,1785989263,267504883,47.415,5,848,480,47.02,46.271,1.871,44.4,13.466,9.706,17.255,3.973,30.934,0.745,0.003,52.315,99.39
1785989263,300861816,1785989263,300861816,54.775,5,848,480,47.703,46.983,2.433,44.55,11.528,8.478,16.848,7.695,33.021,0.716,0.004,73.076,120.804
1785989263,367575439,1785989263,367575439,62.234,5,848,480,61.698,60.772,0.951,59.821,19.24,15.275,16.832,8.474,40.581,0.921,0.005,54.579,116.333
1785989263,434289063,1785989263,434289063,50.488,5,848,480,46.511,45.712,3.254,42.458,9.194,12.072,17.1,4.092,33.264,0.795,0.004,53.559,100.097
1785989263,467645996,1785989263,467645996,55.069,5,848,480,49.692,48.929,2.467,46.462,10.797,10.882,20.558,4.225,35.665,0.76,0.003,72.55,121.801
1785989263,534359619,1785989263,534359619,66.277,5,848,480,65.894,65.136,5.259,59.877,17.489,10.144,16.757,15.487,42.388,0.755,0.003,55.429,121.366
1785989263,601073242,1785989263,601073242,47.874,5,848,480,47.475,46.589,1.869,44.719,7.806,15.73,17.013,4.17,36.913,0.882,0.004,55.011,102.541
1785989263,634430176,1785989263,634430176,51.454,5,848,480,49.26,48.557,1.737,46.82,8.715,15.887,17.253,4.965,38.105,0.7,0.003,71.346,120.618
1785989263,701143799,1785989263,701143799,51.001,5,848,480,50.601,49.828,1.876,47.952,7.805,18.736,16.73,4.681,40.147,0.769,0.005,54.269,104.936
1785989263,734500732,1785989263,734500732,58.093,5,848,480,56.215,54.805,1.547,53.259,20.547,8.651,17.55,6.511,32.712,1.405,0.004,73.416,129.651
1785989263,801214355,1785989263,801214355,56.02,5,848,480,55.616,54.959,5.937,49.022,14.519,8.989,16.832,8.682,34.504,0.653,0.003,63.294,118.947
1785989263,868002686,1785989263,868002686,62.581,5,848,480,62.204,61.53,2.696,58.834,8.555,23.056,16.735,10.487,50.279,0.672,0.003,52.498,114.743
1785989263,934866943,1785989263,934866943,47.544,5,848,480,46.031,45.307,2.475,42.832,12.285,8.972,17.511,4.064,30.547,0.721,0.003,49.361,95.44
1785989263,968299805,1785989263,968299805,43.512,5,848,480,43.078,42.23,1.119,41.111,8.491,10.786,17.185,4.649,32.62,0.842,0.006,62.388,105.52
1785989264,35166992,1785989264,35166992,50.77,5,848,480,42.15,41.374,0.985,40.388,9.024,8.525,17.424,5.415,31.364,0.772,0.004,47.237,89.407
1785989264,102036133,1785989264,102036133,85.202,5,848,480,59.355,58.526,8.1,50.426,7.636,14.399,17.266,11.126,42.791,0.823,0.005,48.364,107.752
1785989264,135471191,1785989264,135471191,54.525,5,848,480,49.807,49.07,1.672,47.398,12.428,13.042,17.741,4.188,34.97,0.734,0.003,79.004,128.828
1785989264,202343262,1785989264,202343262,62.482,5,848,480,54.572,53.854,15.512,38.342,7.273,8.98,17.972,4.117,31.069,0.716,0.003,69.868,124.437
1785989264,269216797,1785989264,269216797,60.655,5,848,480,60.179,59.502,0.884,58.618,18.92,15.129,16.726,7.844,39.699,0.673,0.003,58.001,118.216
1785989264,336092529,1785989264,336092529,41.125,5,848,480,40.739,40.045,0.887,39.158,7.951,9.714,17.417,4.076,31.207,0.691,0.003,51.691,92.469
1785989264,402969971,1785989264,402969971,61.626,5,848,480,39.142,38.302,1.591,36.711,6.704,8.37,17.139,4.498,30.007,0.836,0.003,48.052,87.221
1785989264,469849365,1785989264,469849365,64.419,5,848,480,40.23,39.544,1.8,37.743,6.542,8.456,17.45,5.295,31.201,0.683,0.003,44.5,84.758
1785989264,536730713,1785989264,536730713,68.125,5,848,480,40.988,40.312,1.07,39.241,6.755,8.524,18.05,5.913,32.486,0.673,0.003,45.072,86.0
1785989264,603613770,1785989264,603613770,67.805,5,848,480,42.139,41.317,1.945,39.372,6.616,8.174,20.735,3.846,32.756,0.819,0.003,44.757,86.924
1785989264,670499023,1785989264,670499023,66.122,5,848,480,41.782,41.039,1.852,39.188,6.851,8.389,17.429,6.519,32.337,0.739,0.003,44.351,86.163
1785989264,737385742,1785989264,737385742,67.132,5,848,480,41.653,40.877,0.882,39.995,7.141,10.5,17.504,4.85,32.854,0.773,0.003,44.727,86.405
1785989264,804274658,1785989264,804274658,68.656,5,848,480,44.448,43.528,0.932,42.595,7.538,10.303,19.666,5.089,35.058,0.916,0.004,43.707,88.182
1785989264,871142578,1785989264,871142578,64.243,5,848,480,41.51,40.735,0.874,39.861,8.48,8.876,17.334,5.171,31.381,0.771,0.004,44.012,85.543
1785989264,904567627,1785989264,904567627,62.243,5,848,480,57.743,57.103,0.846,56.256,13.884,15.413,16.874,10.086,42.373,0.637,0.003,56.603,114.364
1785989264,971418945,1785989264,971418945,41.6,5,848,480,41.172,40.469,1.999,38.47,8.052,9.082,17.299,4.037,30.418,0.7,0.003,47.904,89.115
1785989265,38272217,1785989265,38272217,72.951,5,848,480,50.564,49.821,1.212,48.609,11.306,11.119,19.49,6.694,37.303,0.74,0.004,44.632,95.218
1785989265,71699219,1785989265,71699219,61.282,5,848,480,60.773,60.0,3.798,56.201,24.915,9.399,17.55,4.337,31.286,0.77,0.004,62.256,123.067
1785989265,138554932,1785989265,138554932,70.984,5,848,480,70.584,69.813,0.913,68.9,28.6,18.131,17.631,4.537,40.3,0.767,0.004,56.573,127.339
1785989265,205412109,1785989265,205412109,85.076,5,848,480,84.495,83.737,0.973,82.765,38.704,20.009,16.8,7.252,44.061,0.752,0.006,60.884,145.434
1785989265,305701172,1785989265,305701172,54.049,5,848,480,47.152,45.667,2.088,43.579,11.71,10.225,17.558,4.086,31.869,1.48,0.006,52.002,99.201
1785989265,339131592,1785989265,339131592,52.704,5,848,480,51.855,51.082,1.474,49.608,16.92,8.218,17.197,7.273,32.688,0.769,0.004,66.565,118.452
1785989265,405993896,1785989265,405993896,50.006,5,848,480,49.595,48.776,0.898,47.878,12.735,13.233,17.166,4.743,35.142,0.815,0.005,51.958,101.609
1785989265,439425537,1785989265,439425537,46.657,5,848,480,44.994,44.167,1.032,43.134,8.214,8.955,17.171,8.794,34.92,0.824,0.003,69.806,114.817
1785989265,506290283,1785989265,506290283,41.757,5,848,480,41.361,40.682,2.297,38.386,7.316,9.505,17.503,4.061,31.069,0.677,0.003,48.308,89.706
1785989265,573156494,1785989265,573156494,61.443,5,848,480,39.346,38.655,1.702,36.953,6.744,8.526,17.267,4.417,30.21,0.689,0.003,44.962,84.286
1785989265,640024414,1785989265,640024414,66.703,5,848,480,42.328,41.596,1.662,39.934,6.55,8.422,17.07,7.891,33.383,0.729,0.003,41.766,84.12
1785989265,706894043,1785989265,706894043,65.494,5,848,480,41.48,40.721,2.027,38.694,8.089,8.472,17.26,4.872,30.604,0.756,0.004,41.241,82.745
1785989265,773765381,1785989265,773765381,67.989,5,848,480,40.252,39.489,2.325,37.164,6.886,8.364,17.505,4.409,30.278,0.76,0.004,43.596,83.865
1785989265,840636719,1785989265,840636719,65.67,5,848,480,40.338,39.571,2.157,37.414,6.946,8.39,17.316,4.762,30.468,0.764,0.003,42.299,82.659
1785989265,907319824,1785989265,907319824,67.736,5,848,480,41.595,40.92,2.243,38.676,6.695,8.118,20.035,3.828,31.982,0.672,0.003,42.094,83.788
1785989265,974002441,1785989265,974002441,65.653,5,848,480,40.789,40.114,1.987,38.127,6.682,8.554,17.722,5.17,31.446,0.671,0.003,41.87,82.683
1785989266,74025146,1785989266,74025146,105.268,5,848,480,44.903,44.029,2.564,41.465,7.489,11.377,17.404,5.194,33.975,0.87,0.005,43.004,87.942
1785989266,107365723,1785989266,107365723,69.982,5,848,480,69.529,68.783,1.287,67.496,27.409,13.298,22.51,4.278,40.087,0.742,0.004,55.005,124.577
1785989266,174046631,1785989266,174046631,57.222,5,848,480,56.774,56.138,1.234,54.903,11.879,20.095,17.103,5.826,43.024,0.634,0.003,58.3,115.11
1785989266,240726807,1785989266,240726807,46.285,5,848,480,45.752,45.044,1.258,43.786,11.08,11.509,17.055,4.141,32.706,0.705,0.003,48.927,94.722
1785989266,274066895,1785989266,274066895,59.528,5,848,480,50.706,50.008,3.987,46.02,14.906,8.728,17.835,4.55,31.114,0.695,0.003,70.184,120.906
1785989266,340746338,1785989266,340746338,44.637,5,848,480,44.15,43.194,0.833,42.361,8.479,11.45,18.133,4.299,33.882,0.951,0.005,54.676,99.147
1785989266,374085693,1785989266,374085693,51.994,5,848,480,50.939,50.181,0.998,49.183,18.198,8.849,17.234,4.902,30.985,0.755,0.003,66.555,117.517
1785989266,440764404,1785989266,440764404,42.921,5,848,480,42.525,41.834,1.126,40.707,9.305,10.146,17.196,4.061,31.403,0.688,0.003,51.196,93.763
1785989266,507442139,1785989266,507442139,61.923,5,848,480,39.101,38.381,0.782,37.6,7.17,8.956,17.391,4.082,30.429,0.716,0.003,49.88,89.004
1785989266,574119629,1785989266,574119629,61.596,5,848,480,38.879,38.203,0.99,37.212,6.969,8.542,17.335,4.366,30.243,0.673,0.003,45.025,83.923
1785989266,640796387,1785989266,640796387,66.244,5,848,480,39.98,39.266,1.897,37.369,7.313,8.406,17.209,4.441,30.056,0.71,0.003,43.485,83.489
1785989266,707472656,1785989266,707472656,65.893,5,848,480,40.199,39.47,0.868,38.602,8.192,8.608,17.173,4.629,30.41,0.725,0.003,42.487,82.718
1785989266,774148438,1785989266,774148438,66.645,5,848,480,39.837,39.036,1.689,37.347,6.638,8.474,17.356,4.879,30.709,0.797,0.003,42.812,82.68
1785989266,840824219,1785989266,840824219,68.252,5,848,480,40.764,39.907,1.704,38.204,6.706,8.912,17.272,5.314,31.498,0.853,0.004,43.465,84.255
1785989266,907506104,1785989266,907506104,66.916,5,848,480,42.922,42.141,1.933,40.209,7.059,8.342,20.341,4.467,33.15,0.777,0.003,41.541,84.487
1785989266,974187500,1785989266,974187500,66.075,5,848,480,41.6,40.877,2.187,38.69,7.592,8.333,17.389,5.377,31.098,0.72,0.003,42.255,83.893
1785989267,40868408,1785989267,40868408,67.14,5,848,480,41.721,40.902,2.382,38.52,7.236,8.579,17.302,5.402,31.283,0.814,0.005,42.598,84.363
1785989267,107548584,1785989267,107548584,87.048,5,848,480,57.533,56.751,1.375,55.376,8.317,23.467,17.267,6.326,47.06,0.778,0.004,47.155,104.73
1785989267,140888428,1785989267,140888428,64.03,5,848,480,63.523,62.685,5.833,56.853,25.332,10.034,17.23,4.256,31.521,0.833,0.005,71.837,137.753
1785989267,207567627,1785989267,207567627,54.236,5,848,480,51.206,50.516,1.741,48.775,17.391,9.715,17.564,4.105,31.384,0.686,0.004,71.732,122.953
1785989267,274246338,1785989267,274246338,58.33,5,848,480,57.929,57.172,0.861,56.311,25.482,8.52,17.081,5.228,30.83,0.754,0.003,56.635,114.602
1785989267,340924316,1785989267,340924316,51.292,5,848,480,46.101,45.282,1.385,43.897,10.046,12.506,16.851,4.495,33.852,0.816,0.003,53.096,99.22
1785989267,374263184,1785989267,374263184,50.232,5,848,480,49.804,49.131,0.964,48.167,14.378,11.3,17.233,5.255,33.788,0.67,0.003,66.268,116.109
1785989267,440940430,1785989267,440940430,44.074,5,848,480,43.684,42.995,0.836,42.159,10.793,9.92,17.305,4.142,31.366,0.686,0.003,49.784,93.508
1785989267,474278809,1785989267,474278809,54.707,5,848,480,53.239,52.578,0.909,51.669,12.094,11.231,17.267,11.076,39.575,0.658,0.003,61.605,114.874
1785989267,540955078,1785989267,540955078,41.098,5,848,480,40.71,39.995,1.093,38.902,7.773,9.357,17.498,4.274,31.129,0.711,0.004,48.639,89.299
1785989267,574292969,1785989267,574292969,57.652,5,848,480,52.982,52.201,2.566,49.635,15.298,11.112,16.892,6.333,34.337,0.778,0.003,60.605,113.611
1785989267,640968506,1785989267,640968506,42.684,5,848,480,42.281,41.583,2.173,39.411,8.585,9.36,17.437,4.029,30.826,0.695,0.003,47.299,89.622
1785989267,707643311,1785989267,707643311,64.502,5,848,480,39.121,38.316,1.677,36.639,6.329,8.577,17.444,4.289,30.31,0.801,0.004,48.349,87.452
1785989267,774317383,1785989267,774317383,64.8,5,848,480,40.036,39.263,1.673,37.589,7.354,8.547,17.484,4.204,30.236,0.77,0.004,45.515,85.573
1785989267,840991699,1785989267,840991699,66.081,5,848,480,40.392,39.66,1.87,37.791,6.548,8.452,18.628,4.163,31.243,0.729,0.003,44.562,84.983
1785989267,907671143,1785989267,907671143,67.343,5,848,480,41.026,40.319,1.857,38.462,6.936,8.415,18.992,4.12,31.527,0.704,0.003,44.591,85.66
1785989267,974349609,1785989267,974349609,65.391,5,848,480,40.522,39.832,1.834,37.998,7.351,8.545,17.178,4.923,30.647,0.686,0.004,43.864,84.356
1785989268,41027588,1785989268,41027588,68.368,5,848,480,42.237,41.45,2.236,39.214,7.407,8.634,17.74,5.433,31.807,0.783,0.004,43.79,86.057
1785989268,107705078,1785989268,107705078,74.281,5,848,480,48.862,47.835,1.063,46.772,10.064,10.864,17.858,7.985,36.708,1.022,0.005,44.767,93.659
1785989268,141043457,1785989268,141043457,54.254,5,848,480,53.819,53.038,1.727,51.311,18.916,8.527,17.11,6.758,32.395,0.777,0.004,60.709,114.576
1785989268,207719971,1785989268,207719971,67.334,5,848,480,66.908,66.263,5.857,60.406,8.925,25.649,16.866,8.965,51.48,0.642,0.003,48.276,115.27
1785989268,274395752,1785989268,274395752,44.766,5,848,480,44.31,43.547,0.814,42.732,7.365,13.946,17.345,4.077,35.367,0.761,0.003,48.963,93.315
1785989268,307733398,1785989268,307733398,58.145,5,848,480,56.214,55.407,1.156,54.251,11.937,18.063,17.13,7.121,42.314,0.804,0.004,61.878,118.128
1785989268,374408203,1785989268,374408203,49.217,5,848,480,44.643,43.705,2.391,41.314,9.15,10.605,17.215,4.344,32.164,0.933,0.006,55.997,100.691
1785989268,407745361,1785989268,407745361,54.983,5,848,480,52.687,52.01,1.372,50.638,19.994,9.032,17.392,4.22,30.643,0.674,0.003,69.628,122.309
1785989268,474419434,1785989268,474419434,40.738,5,848,480,40.25,39.454,0.872,38.582,7.204,9.998,17.274,4.106,31.378,0.791,0.005,56.085,96.394
1785989268,541092773,1785989268,541092773,59.49,5,848,480,39.345,38.601,1.708,36.892,6.993,8.348,17.446,4.105,29.9,0.741,0.004,49.82,89.194
1785989268,607765381,1785989268,607765381,61.914,5,848,480,39.342,38.586,0.973,37.612,6.879,8.616,17.358,4.76,30.734,0.753,0.003,45.063,84.43
1785989268,674437256,1785989268,674437256,66.117,5,848,480,39.888,39.082,1.722,37.36,6.908,8.547,17.132,4.773,30.452,0.803,0.003,43.962,83.877
1785989268,741108887,1785989268,741108887,67.94,5,848,480,41.768,40.983,2.164,38.819,7.254,8.828,17.404,5.334,31.566,0.781,0.003,43.357,85.145
1785989268,807779541,1785989268,807779541,65.722,5,848,480,40.213,39.497,1.653,37.844,6.565,8.525,17.201,5.552,31.279,0.713,0.003,43.955,84.193
1785989268,874468506,1785989268,874468506,67.298,5,848,480,40.922,40.253,1.957,38.296,7.32,8.918,17.241,4.817,30.976,0.666,0.003,43.861,84.804
1785989268,941174805,1785989268,941174805,66.719,5,848,480,41.379,40.656,2.091,38.565,7.248,8.517,17.202,5.598,31.317,0.72,0.003,43.419,84.817
1785989269,7881104,1785989269,7881104,65.706,5,848,480,39.808,39.085,1.168,37.917,7.563,8.418,17.385,4.55,30.354,0.72,0.003,43.985,83.819
1785989269,74587646,1785989269,74587646,73.589,5,848,480,44.259,43.56,2.366,41.194,7.482,10.327,17.512,5.873,33.712,0.695,0.003,46.418,90.703
1785989269,141294189,1785989269,141294189,72.623,5,848,480,48.381,47.524,1.05,46.474,10.107,13.758,17.699,4.909,36.367,0.853,0.004,48.294,96.637
1785989269,174647461,1785989269,174647461,57.19,5,848,480,56.732,55.981,1.257,54.724,13.178,17.97,17.659,5.918,41.547,0.747,0.004,63.787,120.453
1785989269,241354248,1785989269,241354248,52.938,5,848,480,52.41,51.547,1.013,50.533,11.496,15.445,17.729,5.864,39.038,0.86,0.004,54.237,106.685
1785989269,274707520,1785989269,274707520,54.786,5,848,480,53.18,52.415,1.146,51.269,20.499,9.531,17.264,3.974,30.769,0.762,0.003,74.909,128.117
1785989269,341414307,1785989269,341414307,58.456,5,848,480,58.059,57.304,0.842,56.461,26.713,8.181,17.371,4.198,29.749,0.752,0.003,61.783,119.868
1785989269,408121338,1785989269,408121338,64.682,5,848,480,57.937,57.231,5.192,52.039,20.621,8.996,17.491,4.931,31.418,0.703,0.004,59.88,117.84
1785989269,474828125,1785989269,474828125,62.903,5,848,480,61.415,60.635,4.473,56.162,21.469,11.917,16.629,6.146,34.693,0.777,0.003,52.592,114.037
1785989269,541535156,1785989269,541535156,43.954,5,848,480,43.489,42.728,3.672,39.056,7.991,9.369,17.607,4.088,31.065,0.758,0.003,47.757,91.287
1785989269,574888672,1785989269,574888672,58.773,5,848,480,57.23,56.542,6.843,49.7,9.675,16.88,17.045,6.1,40.024,0.684,0.003,59.443,116.707
1785989269,641595947,1785989269,641595947,42.081,5,848,480,41.576,40.808,0.851,39.957,8.802,9.493,17.526,4.137,31.156,0.765,0.003,50.465,92.079
1785989269,741656738,1785989269,741656738,92.696,5,848,480,39.304,38.612,1.613,36.999,7.253,8.586,17.157,4.003,29.746,0.689,0.003,45.384,84.714
1785989269,808364014,1785989269,808364014,65.752,5,848,480,40.052,39.297,2.232,37.065,6.744,8.635,17.249,4.437,30.321,0.752,0.003,43.686,83.759
1785989269,875060547,1785989269,875060547,67.128,5,848,480,39.863,39.177,1.023,38.154,7.378,8.592,17.196,4.989,30.776,0.683,0.003,44.303,84.193
1785989269,941745117,1785989269,941745117,69.053,5,848,480,42.202,41.443,1.854,39.589,6.865,8.656,19.177,4.89,32.723,0.757,0.003,44.329,86.56
1785989270,8428955,1785989270,8428955,65.086,5,848,480,39.693,38.581,1.696,36.885,7.092,8.311,17.178,4.303,29.793,1.107,0.005,45.242,85.108
1785989270,75112549,1785989270,75112549,102.51,5,848,480,70.905,70.231,5.126,65.105,15.165,24.174,19.026,6.739,49.94,0.671,0.003,49.862,120.915
1785989270,141795410,1785989270,141795410,69.314,5,848,480,68.68,66.835,1.387,65.448,16.762,17.455,25.387,5.843,48.686,1.839,0.006,54.703,123.452
1785989270,208478027,1785989270,208478027,64.378,5,848,480,63.902,63.145,2.527,60.618,20.007,18.501,17.984,4.126,40.611,0.754,0.003,57.174,121.113
1785989270,275159912,1785989270,275159912,48.822,5,848,480,47.321,45.544,1.281,44.262,12.801,9.702,17.148,4.611,31.461,1.771,0.007,55.961,103.289
1785989270,308500732,1785989270,308500732,49.664,5,848,480,48.882,48.193,4.557,43.636,11.995,8.69,18.932,4.019,31.641,0.686,0.003,71.015,119.58
1785989270,375181885,1785989270,375181885,48.864,5,848,480,48.406,47.541,0.81,46.732,13.776,11.606,16.931,4.419,32.956,0.86,0.004,53.316,101.78
1785989270,408522217,1785989270,408522217,53.231,5,848,480,42.636,41.944,2.108,39.836,9.31,8.992,17.505,4.029,30.525,0.688,0.004,78.991,121.652
1785989270,508542480,1785989270,508542480,63.992,5,848,480,40.659,39.98,2.261,37.719,6.979,8.605,17.866,4.269,30.74,0.676,0.003,44.943,85.622
1785989270,575221924,1785989270,575221924,67.246,5,848,480,42.962,42.09,2.24,39.85,7.154,8.688,19.459,4.548,32.695,0.869,0.003,43.209,86.191
1785989270,641901123,1785989270,641901123,65.33,5,848,480,40.994,40.155,2.178,37.977,7.156,8.742,17.356,4.722,30.821,0.836,0.003,43.824,84.841
1785989270,708579590,1785989270,708579590,66.611,5,848,480,41.015,40.246,2.966,37.279,6.65,8.684,17.28,4.664,30.629,0.765,0.004,43.775,84.78
1785989270,775257568,1785989270,775257568,69.073,5,848,480,38.809,38.044,0.94,37.104,6.83,8.473,17.389,4.413,30.274,0.762,0.003,48.339,87.17
1785989270,841935547,1785989270,841935547,65.917,5,848,480,41.177,40.437,1.765,38.672,6.846,8.482,19.195,4.15,31.826,0.737,0.003,45.205,86.409
1785989270,908621582,1785989270,908621582,66.309,5,848,480,38.79,38.109,0.996,37.113,6.896,8.726,17.269,4.223,30.217,0.677,0.003,47.215,86.092
1785989270,975306885,1785989270,975306885,65.257,5,848,480,40.3,39.578,2.018,37.561,7.1,8.38,17.182,4.899,30.461,0.717,0.004,44.284,84.602
1785989271,41991699,1785989271,41991699,76.23,5,848,480,49.606,48.844,1.885,46.96,6.801,8.662,21.617,9.879,40.159,0.758,0.003,44.517,94.153
1785989271,75333984,1785989271,75333984,64.104,5,848,480,63.671,62.994,1.01,61.983,20.394,17.934,18.63,5.025,41.59,0.675,0.003,61.2,124.909
1785989271,142017822,1785989271,142017822,71.417,5,848,480,71.001,70.176,1.049,69.127,33.693,12.482,18.606,4.347,35.435,0.821,0.004,58.604,129.651
1785989271,208701416,1785989271,208701416,58.342,5,848,480,57.918,57.225,1.238,55.987,25.835,8.813,17.233,4.107,30.152,0.69,0.003,63.344,121.3
1785989271,275384521,1785989271,275384521,39.885,5,848,480,38.643,37.828,1.195,36.633,6.866,8.637,17.113,4.016,29.766,0.812,0.003,55.826,94.505
1785989271,342066895,1785989271,342066895,58.322,5,848,480,40.171,39.468,2.141,37.328,6.749,8.356,17.14,5.083,30.579,0.7,0.003,45.953,86.142
1785989271,408749023,1785989271,408749023,66.57,5,848,480,39.56,38.843,0.986,37.857,7.491,8.524,17.426,4.416,30.366,0.714,0.003,46.447,86.03
1785989271,475430420,1785989271,475430420,65.198,5,848,480,40.521,39.821,1.588,38.234,6.748,8.53,17.179,5.776,31.486,0.697,0.003,44.001,84.549
1785989271,542111328,1785989271,542111328,70.802,5,848,480,40.973,40.276,0.907,39.369,8.174,8.826,17.974,4.396,31.195,0.695,0.003,47.669,88.669
1785989271,608791748,1785989271,608791748,63.108,5,848,480,39.887,39.14,1.817,37.323,7.001,8.542,17.424,4.357,30.323,0.744,0.003,45.185,85.097
1785989271,675471680,1785989271,675471680,65.512,5,848,480,39.832,39.118,1.558,37.56,7.337,8.674,17.21,4.338,30.222,0.711,0.003,44.071,83.924
1785989271,742151123,1785989271,742151123,69.955,5,848,480,42.781,42.091,2.101,39.99,9.537,8.815,17.476,4.162,30.453,0.687,0.003,44.399,87.203
1785989271,808830078,1785989271,808830078,64.976,5,848,480,40.434,39.683,1.096,38.587,7.933,8.418,17.438,4.797,30.653,0.748,0.003,45.042,85.499
1785989271,875512451,1785989271,875512451,66.585,5,848,480,40.057,39.344,1.642,37.702,6.881,8.567,17.503,4.75,30.821,0.711,0.003,45.323,85.404
1785989271,942197021,1785989271,942197021,66.431,5,848,480,39.932,39.249,1.863,37.386,6.712,8.42,17.355,4.899,30.674,0.68,0.003,45.193,85.165
1785989272,8881348,1785989272,8881348,66.687,5,848,480,38.65,37.834,0.89,36.944,6.798,8.616,17.243,4.287,30.145,0.813,0.003,46.477,85.154
1785989272,75564941,1785989272,75564941,74.592,5,848,480,46.245,45.518,2.153,43.365,8.557,8.83,17.097,8.883,34.809,0.722,0.004,46.886,93.065
1785989272,108906738,1785989272,108906738,65.746,5,848,480,62.958,62.126,3.079,59.047,17.043,16.466,19.933,5.604,42.004,0.829,0.004,62.476,125.468
1785989272,175589600,1785989272,175589600,59.585,5,848,480,59.181,58.235,2.824,55.411,14.977,17.981,17.005,5.448,40.434,0.94,0.006,59.15,118.388
1785989272,208930908,1785989272,208930908,42.85,5,848,480,42.247,41.494,1.151,40.343,9.95,8.998,17.316,4.079,30.392,0.75,0.003,85.591,127.927
1785989272,308953857,1785989272,308953857,67.184,5,848,480,41.583,40.846,2.164,38.682,7.724,9.444,17.369,4.145,30.958,0.734,0.004,53.434,95.039
1785989272,375635010,1785989272,375635010,61.998,5,848,480,41.0,40.257,1.031,39.227,7.82,9.662,17.599,4.145,31.406,0.739,0.003,49.333,90.353
1785989272,442315918,1785989272,442315918,62.402,5,848,480,41.068,40.389,0.913,39.477,9.006,8.551,17.318,4.601,30.47,0.677,0.003,44.982,86.078
1785989272,475656006,1785989272,475656006,64.124,5,848,480,60.031,57.662,2.369,55.292,18.974,13.576,16.798,5.944,36.319,2.363,0.007,56.808,116.891
1785989272,542335938,1785989272,542335938,43.824,5,848,480,43.347,42.628,0.932,41.697,9.654,10.406,17.696,3.941,32.042,0.714,0.004,50.619,94.005
1785989272,609015381,1785989272,609015381,64.29,5,848,480,39.587,38.838,1.79,37.049,6.53,8.955,17.452,4.111,30.519,0.746,0.003,52.002,91.614
1785989272,675694336,1785989272,675694336,64.389,5,848,480,40.465,39.667,1.75,37.917,7.473,8.691,17.665,4.088,30.444,0.794,0.003,48.833,89.324
1785989272,742372803,1785989272,742372803,69.269,5,848,480,46.204,45.426,1.625,43.8,13.14,9.216,17.493,3.95,30.66,0.775,0.003,45.684,91.915
1785989272,775711670,1785989272,775711670,49.092,5,848,480,48.567,47.143,0.937,46.206,8.338,15.668,16.689,5.511,37.868,1.418,0.006,59.068,107.703
1785989272,842389648,1785989272,842389648,50.633,5,848,480,45.554,44.77,1.327,43.443,13.104,8.863,17.469,4.006,30.339,0.781,0.003,46.203,91.624
1785989272,875731934,1785989272,875731934,58.232,5,848,480,57.803,57.037,0.745,56.292,16.576,10.144,24.06,5.512,39.716,0.762,0.004,58.673,116.523
1785989272,942415527,1785989272,942415527,47.46,5,848,480,47.05,46.266,0.93,45.335,8.947,15.277,16.99,4.121,36.388,0.781,0.003,50.201,97.291
1785989273,9098877,1785989273,9098877,62.872,5,848,480,44.827,44.059,2.201,41.857,7.926,8.664,20.546,4.722,33.932,0.765,0.003,48.637,93.477
1785989273,42440186,1785989273,42440186,90.138,5,848,480,87.371,86.57,2.248,84.322,45.529,14.722,18.091,5.98,38.793,0.797,0.004,62.878,150.278
1785989273,142463623,1785989273,142463623,67.049,5,848,480,65.606,64.894,1.104,63.791,28.922,10.852,16.832,7.185,34.869,0.709,0.003,51.663,117.298
1785989273,209145264,1785989273,209145264,45.59,5,848,480,45.205,44.528,1.117,43.411,11.624,9.652,17.325,4.81,31.788,0.674,0.003,50.966,96.209
1785989273,242485840,1785989273,242485840,58.008,5,848,480,56.432,55.71,1.006,54.704,20.114,9.849,17.096,7.644,34.59,0.719,0.003,64.414,120.877
1785989273,309166748,1785989273,309166748,43.716,5,848,480,43.317,42.589,1.008,41.58,9.218,9.997,18.218,4.147,32.362,0.725,0.003,54.556,97.911
1785989273,342506836,1785989273,342506836,58.644,5,848,480,56.903,56.145,1.053,55.091,23.615,9.758,17.405,4.314,31.477,0.755,0.003,66.293,123.217
1785989273,409186768,1785989273,409186768,63.528,5,848,480,63.125,62.453,0.91,61.543,9.468,21.733,16.749,13.592,52.075,0.668,0.003,56.9,120.065
1785989273,475866211,1785989273,475866211,63.293,5,848,480,62.878,62.194,1.039,61.156,21.292,15.243,16.797,7.824,39.864,0.681,0.003,53.76,116.677
1785989273,542545166,1785989273,542545166,54.025,5,848,480,48.557,47.233,0.98,46.252,13.093,11.294,16.925,4.94,33.159,1.318,0.007,55.445,104.129
1785989273,575884277,1785989273,575884277,78.568,5,848,480,72.86,72.199,11.048,61.15,14.593,23.287,16.688,6.582,46.558,0.657,0.004,76.388,149.253
1785989273,675901123,1785989273,675901123,40.525,5,848,480,40.085,39.322,1.821,37.501,7.001,8.814,17.632,4.055,30.5,0.76,0.004,49.636,89.764
1785989273,742578369,1785989273,742578369,74.415,5,848,480,49.671,48.913,1.723,47.19,8.301,17.466,17.411,4.012,38.889,0.755,0.003,47.805,97.514
1785989273,775916748,1785989273,775916748,55.407,5,848,480,54.989,54.308,0.942,53.366,8.517,17.987,18.025,8.837,44.849,0.678,0.003,64.54,119.571
1785989273,842593750,1785989273,842593750,44.774,5,848,480,44.313,43.488,0.815,42.673,7.344,13.853,17.369,4.107,35.329,0.82,0.004,53.315,97.781
1785989273,875935547,1785989273,875935547,55.596,5,848,480,53.875,53.061,0.906,52.155,15.785,14.285,16.842,5.243,36.37,0.81,0.004,66.014,119.924
1785989273,942619141,1785989273,942619141,50.685,5,848,480,50.172,49.146,1.428,47.718,12.704,11.779,16.891,6.345,35.015,1.021,0.005,53.713,103.948
1785989273,975960693,1785989273,975960693,52.137,5,848,480,49.622,48.831,3.585,45.247,14.419,8.705,17.533,4.59,30.827,0.787,0.003,73.081,122.719
1785989274,42643311,1785989274,42643311,50.897,5,848,480,50.33,45.279,1.415,43.864,10.937,9.636,18.772,4.518,32.927,5.045,0.007,56.566,106.961
1785989274,75984375,1785989274,75984375,79.988,5,848,480,79.458,78.383,17.281,61.102,16.688,18.868,17.376,8.171,44.414,1.072,0.003,74.088,153.579
1785989274,176007080,1785989274,176007080,63.904,5,848,480,63.507,62.79,1.949,60.841,15.692,17.87,17.01,10.269,45.149,0.714,0.003,53.912,117.457
1785989274,242687988,1785989274,242687988,52.01,5,848,480,47.438,46.415,2.634,43.781,10.998,11.345,17.155,4.283,32.783,1.016,0.007,55.329,102.817
1785989274,276028320,1785989274,276028320,50.976,5,848,480,50.379,49.602,1.001,48.601,18.889,8.173,17.326,4.213,29.712,0.774,0.003,70.014,120.427
1785989274,342708496,1785989274,342708496,63.855,5,848,480,63.455,62.802,5.661,57.141,23.137,8.443,16.694,8.867,34.004,0.65,0.003,54.103,117.612
1785989274,409388184,1785989274,409388184,43.915,5,848,480,43.508,42.752,2.576,40.176,6.988,11.617,17.509,4.062,33.188,0.753,0.003,51.285,94.834
1785989274,442727783,1785989274,442727783,60.572,5,848,480,55.965,55.237,3.62,51.617,15.013,8.868,18.623,9.113,36.604,0.725,0.004,66.088,122.066
1785989274,509406738,1785989274,509406738,61.854,5,848,480,61.368,60.606,1.047,59.56,14.782,20.817,16.789,7.172,44.778,0.758,0.004,55.835,117.245
1785989274,576084961,1785989274,576084961,59.303,5,848,480,50.786,48.534,2.431,46.103,7.902,15.775,16.677,5.749,38.201,2.245,0.007,59.059,110.111
1785989274,609423828,1785989274,609423828,45.445,5,848,480,43.081,42.31,1.46,40.85,10.282,9.074,17.318,4.175,30.568,0.768,0.003,78.924,121.972
1785989274,709439697,1785989274,709439697,67.552,5,848,480,43.342,42.453,0.932,41.522,8.903,8.754,19.156,4.709,32.619,0.885,0.004,46.14,89.515
1785989274,776116455,1785989274,776116455,65.623,5,848,480,39.855,39.068,1.715,37.353,6.549,8.206,18.763,3.834,30.803,0.784,0.003,48.571,88.454
1785989274,842792969,1785989274,842792969,62.825,5,848,480,38.678,37.957,1.645,36.312,6.591,8.3,17.164,4.257,29.721,0.718,0.003,45.897,84.599
1785989274,909477051,1785989274,909477051,71.789,5,848,480,43.503,42.732,1.825,40.907,7.033,8.159,17.09,8.625,33.874,0.767,0.004,46.178,89.714
1785989275,9502197,1785989275,9502197,100.158,5,848,480,41.97,41.172,0.778,40.394,6.528,8.098,21.861,3.907,33.866,0.795,0.004,47.844,89.842
1785989275,76184814,1785989275,76184814,69.715,5,848,480,44.585,43.844,1.037,42.807,8.909,9.518,17.214,7.166,33.898,0.737,0.004,48.264,92.874
1785989275,109526123,1785989275,109526123,61.944,5,848,480,61.505,60.763,9.083,51.68,15.424,10.323,17.396,8.536,36.255,0.738,0.004,59.932,121.482
1785989275,176208008,1785989275,176208008,69.268,5,848,480,68.67,67.906,1.613,66.293,21.639,19.884,17.221,7.548,44.653,0.761,0.004,55.353,124.063
1785989275,242889404,1785989275,242889404,48.189,5,848,480,47.781,46.992,1.239,45.753,15.117,8.936,17.016,4.684,30.636,0.786,0.003,57.747,105.572
1785989275,276229980,1785989275,276229980,56.88,5,848,480,54.845,54.103,1.557,52.546,15.052,11.617,22.018,3.859,37.493,0.739,0.003,74.239,129.108
1785989275,342910400,1785989275,342910400,54.878,5,848,480,54.385,53.631,0.899,52.732,15.227,10.934,17.075,9.496,37.504,0.75,0.004,62.883,117.31
1785989275,409590576,1785989275,409590576,55.279,5,848,480,54.584,53.763,1.274,52.489,12.731,17.824,17.076,4.857,39.757,0.816,0.005,51.291,108.39
1785989275,442930420,1785989275,442930420,52.975,5,848,480,47.265,46.581,6.513,40.067,9.738,8.773,17.432,4.124,30.329,0.681,0.004,78.252,125.54
1785989275,509609619,1785989275,509609619,63.417,5,848,480,62.935,62.168,0.83,61.338,14.879,17.445,24.902,4.111,46.458,0.764,0.003,59.302,122.278
1785989275,576288086,1785989275,576288086,63.271,5,848,480,59.008,58.339,2.12,56.219,8.384,17.977,16.816,13.041,47.835,0.666,0.003,59.836,118.868
1785989275,642966309,1785989275,642966309,63.249,5,848,480,61.771,61.036,0.932,60.104,18.206,15.117,16.723,10.058,41.898,0.731,0.004,53.637,115.441
1785989275,709643799,1785989275,709643799,65.192,5,848,480,64.738,63.955,1.129,62.826,11.205,20.791,16.957,13.873,51.621,0.778,0.005,49.181,113.972
1785989275,742982422,1785989275,742982422,40.872,5,848,480,39.969,39.249,0.988,38.262,7.447,8.603,17.206,5.005,30.815,0.716,0.003,81.487,121.489
1785989275,842997803,1785989275,842997803,71.208,5,848,480,42.467,41.757,1.798,39.959,9.019,8.542,18.373,4.025,30.94,0.707,0.003,50.186,92.678
1785989275,909768311,1785989275,909768311,62.161,5,848,480,40.059,39.386,2.447,36.939,7.193,8.376,17.291,4.08,29.746,0.671,0.003,47.991,88.07
1785989275,976607910,1785989275,976607910,66.06,5,848,480,40.34,39.598,1.875,37.723,6.577,8.664,17.204,5.279,31.146,0.739,0.003,46.924,87.293
1785989276,43448730,1785989276,43448730,78.252,5,848,480,47.871,47.162,2.162,45.0,12.157,8.974,17.155,6.715,32.844,0.704,0.004,50.807,98.709
1785989276,76869629,1785989276,76869629,71.119,5,848,480,70.67,67.614,1.138,66.475,15.84,28.566,17.361,4.708,50.635,3.052,0.005,65.694,136.414
1785989276,143712646,1785989276,143712646,87.77,5,848,480,85.878,85.212,1.353,83.859,27.442,18.632,16.796,20.988,56.417,0.663,0.003,71.428,157.327
1785989276,243979980,1785989276,243979980,59.11,5,848,480,58.557,57.867,0.808,57.059,15.288,9.008,22.228,10.535,41.771,0.687,0.004,57.575,116.17
1785989276,310826660,1785989276,310826660,47.699,5,848,480,46.146,45.369,0.905,44.464,13.49,9.524,17.228,4.222,30.974,0.773,0.003,50.848,97.023
1785989276,344250488,1785989276,344250488,54.244,5,848,480,53.809,53.038,0.902,52.136,11.848,13.759,16.903,9.625,40.288,0.768,0.004,63.995,117.84
1785989276,411099365,1785989276,411099365,40.758,5,848,480,40.248,39.499,1.019,38.479,7.968,9.168,17.317,4.026,30.511,0.746,0.003,51.463,91.832
1785989276,477949707,1785989276,477949707,66.058,5,848,480,43.17,42.457,2.502,39.955,7.721,10.852,17.419,3.963,32.234,0.71,0.003,47.766,90.958
1785989276,544801514,1785989276,544801514,64.298,5,848,480,41.438,40.759,3.371,37.388,6.928,8.587,17.649,4.224,30.459,0.676,0.003,46.942,88.421
1785989276,578228027,1785989276,578228027,66.825,5,848,480,59.508,58.819,0.824,57.995,7.623,17.546,16.939,15.886,50.372,0.685,0.004,62.273,121.804
1785989276,645081787,1785989276,645081787,51.754,5,848,480,51.338,50.431,0.965,49.466,14.694,12.092,17.372,5.308,34.772,0.902,0.005,55.327,108.297
1785989276,678509277,1785989276,678509277,54.84,5,848,480,50.223,49.492,9.808,39.685,7.966,9.688,17.525,4.506,31.719,0.726,0.004,77.876,128.122
1785989276,745365479,1785989276,745365479,57.915,5,848,480,54.383,53.59,2.245,51.346,11.119,17.684,17.231,5.312,40.227,0.789,0.003,64.766,119.173
1785989276,812222900,1785989276,812222900,61.211,5,848,480,60.817,60.143,4.194,55.949,16.056,16.046,16.796,7.052,39.893,0.67,0.003,52.672,113.526
1785989276,879080078,1785989276,879080078,52.256,5,848,480,48.681,47.941,1.712,46.23,13.017,12.285,17.096,3.831,33.212,0.736,0.004,50.218,98.943
1785989276,912414551,1785989276,912414551,51.481,5,848,480,51.005,50.21,1.158,49.051,15.265,9.12,17.14,7.527,33.787,0.79,0.005,66.032,117.089
1785989276,979082764,1785989276,979082764,58.06,5,848,480,57.581,55.821,1.108,54.713,13.965,17.977,16.734,6.036,40.748,1.753,0.007,50.852,108.687
1785989277,12416504,1785989277,12416504,56.204,5,848,480,54.29,53.452,0.922,52.53,18.119,10.071,19.705,4.635,34.411,0.833,0.005,77.019,131.364
1785989277,79083496,1785989277,79083496,54.238,5,848,480,53.75,53.049,1.73,51.318,16.294,9.33,19.537,6.157,35.024,0.698,0.004,65.12,118.909
1785989277,112416748,1785989277,112416748,55.133,5,848,480,53.571,52.739,1.041,51.697,17.836,11.078,17.382,5.401,33.861,0.827,0.005,87.105,140.73
1785989277,179082520,1785989277,179082520,53.183,5,848,480,52.615,51.813,6.062,45.751,14.024,9.571,17.8,4.356,31.727,0.798,0.004,74.57,127.223
1785989277,245747314,1785989277,245747314,61.444,5,848,480,61.042,60.253,1.006,59.247,27.904,8.517,18.529,4.297,31.343,0.786,0.003,60.922,122.002
1785989277,312411621,1785989277,312411621,57.872,5,848,480,57.334,55.26,0.805,54.455,24.204,9.438,16.759,4.053,30.251,2.068,0.006,55.843,113.284
1785989277,345743164,1785989277,345743164,69.656,5,848,480,61.406,60.591,5.526,55.065,11.173,22.612,16.741,4.538,43.892,0.81,0.005,88.109,149.56
1785989277,445737305,1785989277,445737305,69.635,5,848,480,67.834,67.126,1.386,65.739,14.601,18.708,20.356,12.074,51.138,0.706,0.003,51.328,119.172
1785989277,512399170,1785989277,512399170,48.453,5,848,480,46.928,45.976,1.017,44.959,8.233,15.627,16.95,4.148,36.725,0.948,0.005,54.009,100.981
1785989277,545729736,1785989277,545729736,53.203,5,848,480,52.736,52.056,1.454,50.602,18.019,8.773,17.37,6.44,32.583,0.677,0.003,68.065,120.889
1785989277,612390137,1785989277,612390137,63.279,5,848,480,57.417,56.758,0.913,55.846,18.165,12.222,16.748,8.71,37.68,0.655,0.003,60.017,117.454
1785989277,679049805,1785989277,679049805,41.999,5,848,480,41.61,40.907,0.969,39.938,7.203,11.116,17.545,4.073,32.734,0.7,0.003,51.147,92.795
1785989277,745708740,1785989277,745708740,67.257,5,848,480,43.198,42.522,1.177,41.345,10.344,9.481,17.47,4.05,31.001,0.673,0.003,50.178,93.393
1785989277,812366699,1785989277,812366699,75.398,5,848,480,47.206,46.284,1.724,44.56,7.205,9.457,23.645,4.254,37.355,0.916,0.005,54.904,102.159
1785989277,845695557,1785989277,845695557,50.614,5,848,480,49.934,49.15,1.882,47.269,14.867,9.004,17.249,6.149,32.402,0.781,0.003,69.449,119.419
1785989277,912361328,1785989277,912361328,49.523,5,848,480,49.111,48.317,0.84,47.477,15.943,10.399,16.954,4.18,31.533,0.79,0.004,53.127,102.286
1785989277,945697754,1785989277,945697754,54.654,5,848,480,49.354,48.68,2.43,46.251,15.016,9.376,17.738,4.121,31.235,0.67,0.004,74.227,123.609
1785989278,12369873,1785989278,12369873,51.646,5,848,480,51.237,50.002,0.891,49.111,16.636,9.19,16.693,6.592,32.475,1.227,0.007,57.297,108.595
1785989278,79041504,1785989278,79041504,67.067,5,848,480,50.199,48.981,3.232,45.749,8.681,10.36,17.682,9.026,37.068,1.212,0.006,58.745,108.99
1785989278,112376953,1785989278,112376953,55.715,5,848,480,52.128,51.373,11.445,39.927,9.195,9.413,17.316,4.003,30.732,0.752,0.003,79.191,131.344
1785989278,179047363,1785989278,179047363,53.72,5,848,480,53.193,52.475,1.286,51.188,13.585,9.289,21.643,6.671,37.603,0.715,0.003,65.163,118.387
1785989278,245717041,1785989278,245717041,52.36,5,848,480,51.992,51.035,1.061,49.974,7.363,20.389,17.22,5.002,42.612,0.952,0.005,52.052,104.115
1785989278,279051758,1785989278,279051758,51.716,5,848,480,48.113,47.421,1.813,45.608,13.822,8.136,19.773,3.877,31.786,0.688,0.003,74.36,122.462
1785989278,345720215,1785989278,345720215,54.629,5,848,480,54.226,53.496,0.826,52.67,7.938,21.474,16.769,6.487,44.731,0.725,0.005,56.161,110.486
1785989278,379054199,1785989278,379054199,41.174,5,848,480,40.571,39.858,0.979,38.879,7.668,8.587,17.698,4.926,31.211,0.709,0.004,77.659,118.314
1785989278,479054932,1785989278,479054932,68.102,5,848,480,40.489,39.796,2.122,37.673,7.244,8.669,17.333,4.428,30.43,0.69,0.003,45.856,86.365
1785989278,545721191,1785989278,545721191,64.457,5,848,480,38.822,38.027,2.006,36.021,6.578,8.155,17.149,4.139,29.443,0.792,0.003,45.314,84.157
1785989278,612386719,1785989278,612386719,70.759,5,848,480,41.195,40.466,2.29,38.176,6.746,8.281,19.307,3.842,31.43,0.726,0.003,47.03,88.251
1785989278,645719238,1785989278,645719238,64.027,5,848,480,52.334,51.63,0.984,50.646,8.896,10.014,16.897,14.84,41.751,0.701,0.003,66.64,118.944
1785989278,712383545,1785989278,712383545,67.98,5,848,480,67.584,66.917,0.879,66.038,18.412,17.374,16.896,13.356,47.626,0.664,0.003,52.639,120.258
1785989278,779047119,1785989278,779047119,47.386,5,848,480,46.992,46.105,3.303,42.803,8.214,13.395,17.072,4.122,34.589,0.883,0.004,53.953,101.021
1785989278,812378662,1785989278,812378662,52.545,5,848,480,45.562,44.77,3.753,41.017,7.564,9.698,17.537,6.218,33.453,0.788,0.004,76.363,120.196
1785989278,879041748,1785989278,879041748,54.773,5,848,480,54.375,53.421,0.882,52.539,8.218,22.135,16.654,5.532,44.321,0.95,0.004,53.893,108.329
1785989278,912376953,1785989278,912376953,58.002,5,848,480,56.402,55.584,8.803,46.782,14.013,9.889,18.661,4.219,32.769,0.813,0.005,76.542,133.058
1785989278,979047119,1785989278,979047119,49.803,5,848,480,49.263,48.547,1.003,47.544,8.791,15.088,16.717,6.948,38.753,0.714,0.003,66.806,116.105
1785989279,45716309,1785989279,45716309,43.788,5,848,480,42.403,41.446,1.053,40.393,8.342,8.846,17.965,5.241,32.051,0.952,0.005,50.788,93.242
1785989279,112385010,1785989279,112385010,71.605,5,848,480,44.525,43.635,0.909,42.726,8.247,11.432,17.423,5.624,34.479,0.885,0.005,53.614,98.174
1785989279,145718994,1785989279,145718994,61.557,5,848,480,60.956,60.319,0.872,59.448,9.98,18.014,16.954,14.501,49.468,0.634,0.003,65.392,126.394
1785989279,212386230,1785989279,212386230,47.836,5,848,480,47.438,45.201,1.111,44.09,9.26,12.11,17.155,5.566,34.831,2.232,0.005,60.276,107.574
1785989279,245719727,1785989279,245719727,76.308,5,848,480,74.535,73.815,10.239,63.577,16.712,19.533,16.562,10.769,46.865,0.716,0.004,75.968,150.528
1785989279,345718506,1785989279,345718506,42.914,5,848,480,42.519,41.763,0.882,40.882,9.725,9.692,17.427,4.038,31.157,0.752,0.003,50.884,93.442
1785989279,412383545,1785989279,412383545,66.462,5,848,480,41.165,40.402,1.019,39.383,8.72,9.051,17.534,4.078,30.663,0.76,0.003,52.049,93.24
1785989279,479047852,1785989279,479047852,65.34,5,848,480,41.016,40.288,1.015,39.273,8.474,8.791,17.874,4.134,30.799,0.724,0.004,50.873,91.913
1785989279,545711182,1785989279,545711182,64.711,5,848,480,39.553,38.876,1.791,37.086,6.805,8.485,17.303,4.492,30.28,0.674,0.003,50.382,89.963
1785989279,612373779,1785989279,612373779,65.223,5,848,480,40.041,39.311,2.06,37.251,6.802,8.653,17.272,4.523,30.449,0.727,0.003,48.454,88.522
1785989279,679035645,1785989279,679035645,66.912,5,848,480,40.807,40.117,1.734,38.383,6.963,8.428,18.831,4.161,31.42,0.687,0.003,47.939,88.772
1785989279,745696777,1785989279,745696777,65.852,5,848,480,41.795,41.077,1.333,39.744,9.213,8.631,17.353,4.547,30.531,0.715,0.003,46.152,87.962
1785989279,812357178,1785989279,812357178,65.202,5,848,480,40.078,39.363,1.497,37.866,6.842,8.3,17.245,5.479,31.024,0.712,0.003,46.401,86.507
1785989279,912394287,1785989279,912394287,99.405,5,848,480,39.921,39.193,1.534,37.659,6.884,8.089,17.08,5.607,30.775,0.726,0.003,45.937,85.873
1785989279,979149902,1785989279,979149902,68.116,5,848,480,39.54,38.808,1.623,37.186,6.81,8.511,17.315,4.55,30.376,0.729,0.003,47.668,87.235
1785989280,45906738,1785989280,45906738,66.179,5,848,480,39.468,38.575,1.037,37.538,6.894,8.543,16.983,5.119,30.644,0.888,0.005,47.162,86.668
1785989280,79285889,1785989280,79285889,73.967,5,848,480,65.221,64.49,15.518,48.972,12.552,10.915,17.735,7.771,36.421,0.727,0.004,61.997,127.244
1785989280,146044922,1785989280,146044922,68.456,5,848,480,68.046,67.299,9.534,57.765,23.749,10.919,17.37,5.727,34.016,0.743,0.004,60.855,128.941
1785989280,212805664,1785989280,212805664,64.543,5,848,480,64.123,63.438,7.051,56.387,19.337,15.437,17.207,4.406,37.05,0.683,0.003,62.559,126.723
1785989280,246186523,1785989280,246186523,50.479,5,848,480,47.963,46.834,1.439,45.396,9.829,12.323,17.17,6.074,35.566,1.124,0.005,95.827,143.837
1785989280,312949219,1785989280,312949219,52.577,5,848,480,51.843,51.08,5.648,45.433,14.362,9.56,17.477,4.034,31.071,0.76,0.003,77.754,129.634
1785989280,379713379,1785989280,379713379,52.374,5,848,480,51.839,51.125,2.103,49.022,16.506,8.758,16.871,6.887,32.516,0.711,0.003,63.366,115.241
1785989280,446479004,1785989280,446479004,43.793,5,848,480,42.147,41.452,2.537,38.916,8.625,9.067,17.36,3.864,30.291,0.692,0.003,50.094,92.27
1785989280,513245850,1785989280,513245850,61.601,5,848,480,40.38,39.622,2.248,37.374,6.663,8.367,17.312,5.032,30.711,0.755,0.003,46.699,87.106
1785989280,580014404,1785989280,580014404,65.999,5,848,480,39.3,38.593,1.827,36.765,6.97,8.451,17.258,4.087,29.795,0.704,0.003,47.008,86.544
1785989280,646784424,1785989280,646784424,68.702,5,848,480,41.632,40.949,2.738,38.211,6.751,8.102,19.469,3.89,31.46,0.679,0.003,46.61,88.462
1785989280,680169922,1785989280,680169922,63.934,5,848,480,59.472,58.68,0.851,57.829,17.408,15.843,16.845,7.733,40.421,0.788,0.004,59.32,118.817
1785989280,746941895,1785989280,746941895,41.94,5,848,480,41.376,40.652,1.926,38.726,7.985,9.185,17.473,4.082,30.74,0.721,0.003,52.569,93.983
1785989280,813715576,1785989280,813715576,68.413,5,848,480,40.416,39.736,1.76,37.976,6.819,9.479,17.588,4.09,31.157,0.677,0.003,55.181,95.634
1785989280,880489746,1785989280,880489746,58.682,5,848,480,38.842,38.098,0.812,37.286,7.04,8.319,17.128,4.798,30.246,0.742,0.003,48.673,87.528
1785989280,947261230,1785989280,947261230,68.75,5,848,480,40.351,39.568,2.608,36.96,6.799,8.633,17.31,4.218,30.161,0.78,0.003,49.131,89.507
1785989281,14034424,1785989281,14034424,67.139,5,848,480,40.845,40.036,2.711,37.326,6.815,8.753,17.602,4.156,30.511,0.805,0.004,49.01,89.876
1785989281,80809326,1785989281,80809326,73.855,5,848,480,47.988,47.239,2.263,44.976,11.698,11.081,17.723,4.475,33.279,0.745,0.004,48.944,96.96
1785989281,114197510,1785989281,114197510,62.352,5,848,480,61.739,60.998,0.962,60.035,26.714,11.605,17.484,4.233,33.322,0.738,0.003,64.148,125.919
1785989281,180975098,1785989281,180975098,52.687,5,848,480,52.277,51.426,1.103,50.323,17.315,9.072,18.348,5.588,33.009,0.845,0.005,59.515,111.844
1785989281,247754395,1785989281,247754395,69.94,5,848,480,60.136,59.346,1.922,57.424,10.927,21.68,16.804,8.013,46.497,0.786,0.004,54.831,115.004
1785989281,314535400,1785989281,314535400,70.686,5,848,480,69.99,69.294,1.603,67.691,26.7,17.815,16.8,6.376,40.991,0.693,0.003,48.879,118.895
1785989281,381318359,1785989281,381318359,53.823,5,848,480,53.319,52.34,0.79,51.55,9.256,20.709,16.6,4.985,42.294,0.973,0.006,52.58,105.952
1785989281,414710205,1785989281,414710205,54.129,5,848,480,50.558,49.773,2.05,47.722,16.439,9.646,17.605,4.032,31.283,0.781,0.004,76.095,126.678
1785989281,481495605,1785989281,481495605,55.602,5,848,480,55.177,54.277,0.949,53.328,17.527,11.551,17.076,7.175,35.801,0.895,0.005,60.274,115.501
1785989281,548282715,1785989281,548282715,58.381,5,848,480,57.17,56.12,1.42,54.7,18.011,15.325,16.666,4.699,36.689,1.044,0.006,49.961,107.281
1785989281,581677002,1785989281,581677002,76.182,5,848,480,58.983,58.298,3.276,55.022,14.999,18.059,16.916,5.048,40.024,0.682,0.004,90.89,149.87
1785989281,681862061,1785989281,681862061,48.074,5,848,480,47.569,46.815,1.384,45.432,7.908,16.468,17.041,4.015,37.523,0.75,0.003,50.153,97.761
1785989281,715258057,1785989281,715258057,64.201,5,848,480,53.21,52.405,1.918,50.487,19.323,9.682,17.487,3.995,31.164,0.801,0.003,75.34,128.569
1785989281,782051270,1785989281,782051270,55.729,5,848,480,55.277,54.539,0.801,53.738,21.568,8.512,17.641,6.017,32.17,0.735,0.003,62.186,117.502
1785989281,848845947,1785989281,848845947,43.741,5,848,480,42.377,41.699,0.905,40.794,7.259,11.912,17.443,4.18,33.535,0.675,0.003,52.037,94.447
1785989281,948943604,1785989281,948943604,89.795,5,848,480,39.294,38.411,1.874,36.538,6.851,8.416,17.154,4.116,29.686,0.879,0.004,44.825,84.143
1785989282,15644043,1785989282,15644043,71.389,5,848,480,42.925,42.256,1.869,40.387,9.369,8.098,17.29,5.63,31.018,0.666,0.003,45.942,88.83
1785989282,82344238,1785989282,82344238,100.023,5,848,480,71.222,70.315,1.102,69.213,18.315,24.973,16.852,9.073,50.898,0.901,0.005,50.915,122.174
1785989282,149043945,1785989282,149043945,62.822,5,848,480,59.952,59.31,2.002,57.308,23.312,9.827,17.152,7.017,33.995,0.639,0.003,58.3,118.306
1785989282,215743652,1785989282,215743652,47.631,5,848,480,47.073,46.361,0.933,45.428,14.959,8.91,17.524,4.035,30.469,0.708,0.003,52.098,99.208
1785989282,249093262,1785989282,249093262,53.467,5,848,480,51.528,50.774,2.792,47.981,9.132,16.443,17.272,5.135,38.85,0.751,0.003,67.77,119.327
1785989282,315792480,1785989282,315792480,64.18,5,848,480,63.786,63.061,6.974,56.088,18.68,11.737,17.218,8.454,37.408,0.722,0.003,52.981,116.805
1785989282,382491699,1785989282,382491699,44.272,5,848,480,43.88,43.197,0.884,42.313,9.446,10.78,18.02,4.067,32.867,0.679,0.003,50.46,94.381
1785989282,415841064,1785989282,415841064,43.556,5,848,480,41.618,40.762,0.931,39.831,8.378,9.315,17.406,4.732,31.453,0.851,0.005,62.941,104.736
1785989282,515888916,1785989282,515888916,80.221,5,848,480,39.883,39.165,2.029,37.137,6.894,8.478,17.238,4.526,30.242,0.715,0.003,44.851,84.76
1785989282,582587158,1785989282,582587158,67.325,5,848,480,40.63,39.821,2.172,37.649,7.479,8.546,17.202,4.422,30.17,0.806,0.003,44.733,85.386
1785989282,649285156,1785989282,649285156,65.862,5,848,480,39.904,39.235,1.687,37.547,7.038,8.308,17.189,5.013,30.509,0.666,0.003,44.62,84.552
1785989282,715983154,1785989282,715983154,66.889,5,848,480,39.726,38.894,1.74,37.153,7.325,8.332,17.083,4.414,29.829,0.829,0.004,44.99,84.751
1785989282,749332031,1785989282,749332031,66.36,5,848,480,52.803,51.886,2.531,49.356,12.337,10.78,16.662,9.576,37.018,0.913,0.004,64.935,117.752
1785989282,816029297,1785989282,816029297,41.095,5,848,480,40.676,39.947,1.047,38.901,8.393,9.059,17.235,4.213,30.508,0.725,0.003,51.577,92.164
1785989282,882726807,1785989282,882726807,65.259,5,848,480,40.602,39.878,1.804,38.074,7.151,8.664,17.521,4.738,30.923,0.721,0.003,50.087,90.826
1785989282,949583984,1785989282,949583984,65.042,5,848,480,42.671,41.935,1.882,40.053,6.968,8.312,17.285,7.489,33.085,0.733,0.003,46.201,88.898
1785989283,16442627,1785989283,16442627,63.57,5,848,480,39.864,39.049,0.924,38.125,7.919,8.45,17.264,4.493,30.207,0.81,0.005,45.722,85.623
1785989283,83303223,1785989283,83303223,96.534,5,848,480,59.612,58.836,0.932,57.904,15.559,19.5,17.033,5.813,42.346,0.774,0.003,55.648,115.279
1785989283,116734131,1785989283,116734131,49.736,5,848,480,49.359,48.531,7.029,41.502,7.776,12.282,17.391,4.052,33.726,0.823,0.005,82.19,131.614
1785989283,183597412,1785989283,183597412,55.723,5,848,480,55.255,54.515,10.556,43.958,8.231,13.921,17.438,4.369,35.728,0.737,0.003,65.153,120.446
1785989283,217029785,1785989283,217029785,44.217,5,848,480,42.314,41.532,1.527,40.004,8.279,9.947,17.303,4.475,31.725,0.779,0.004,88.887,131.249
1785989283,317329102,1785989283,317329102,55.068,5,848,480,40.796,40.082,0.91,39.172,8.966,8.553,17.311,4.342,30.206,0.71,0.004,45.189,86.007
1785989283,384197510,1785989283,384197510,68.042,5,848,480,41.637,40.95,2.832,38.118,7.28,8.445,17.327,5.066,30.838,0.684,0.003,45.517,87.177
1785989283,451067871,1785989283,451067871,65.712,5,848,480,42.145,41.352,1.978,39.374,8.67,8.427,17.244,5.033,30.704,0.717,0.075,43.922,86.094
1785989283,517939941,1785989283,517939941,68.29,5,848,480,43.745,42.946,2.332,40.614,7.449,8.504,20.373,4.288,33.164,0.795,0.003,43.67,87.437
1785989283,584813721,1785989283,584813721,63.787,5,848,480,40.853,40.077,2.095,37.982,6.75,8.583,17.134,5.515,31.232,0.771,0.004,43.474,84.351
1785989283,651689209,1785989283,651689209,68.35,5,848,480,41.81,41.063,0.885,40.178,7.748,8.457,20.013,3.96,32.43,0.744,0.003,43.986,85.826
1785989283,718566406,1785989283,718566406,67.316,5,848,480,42.507,41.768,1.655,40.112,9.175,8.127,18.652,4.158,30.937,0.736,0.003,43.734,86.269
1785989283,752005859,1785989283,752005859,65.037,5,848,480,55.19,54.521,2.112,52.409,16.855,13.26,16.754,5.54,35.554,0.665,0.004,62.647,117.863
1785989283,818885742,1785989283,818885742,42.999,5,848,480,42.457,41.738,2.007,39.731,7.649,10.539,17.44,4.102,32.082,0.715,0.003,51.485,93.979
1785989283,885765625,1785989283,885765625,60.593,5,848,480,39.54,38.761,1.801,36.96,6.526,8.7,17.706,4.028,30.434,0.776,0.003,48.126,87.692
1785989283,985790771,1785989283,985790771,94.527,5,848,480,40.128,39.363,1.6,37.764,6.793,8.643,17.163,5.164,30.971,0.761,0.003,42.039,82.195
1785989284,52473633,1785989284,52473633,93.052,5,848,480,61.389,60.377,3.394,56.983,13.234,17.649,19.571,6.529,43.749,1.007,0.005,47.151,108.578
1785989284,85814941,1785989284,85814941,49.412,5,848,480,48.916,48.194,1.212,46.982,8.987,15.756,17.345,4.894,37.995,0.718,0.004,75.686,124.645
1785989284,152496826,1785989284,152496826,46.335,5,848,480,45.811,45.04,0.951,44.089,7.333,9.103,17.355,10.298,36.756,0.766,0.005,58.44,104.303
1785989284,185837646,1785989284,185837646,58.406,5,848,480,56.75,56.026,1.09,54.936,15.499,16.865,18.536,4.036,39.437,0.72,0.004,72.577,129.37
1785989284,252518799,1785989284,252518799,54.389,5,848,480,53.897,52.957,0.83,52.127,9.904,12.67,17.392,12.161,42.223,0.935,0.006,63.128,117.088
1785989284,319199463,1785989284,319199463,40.488,5,848,480,40.032,39.353,0.966,38.387,7.763,9.146,17.386,4.092,30.623,0.677,0.003,50.796,90.882
1785989284,385879639,1785989284,385879639,66.01,5,848,480,39.691,39.009,1.752,37.257,6.665,9.054,17.53,4.008,30.592,0.679,0.003,50.482,90.247
1785989284,452559082,1785989284,452559082,61.873,5,848,480,41.105,40.347,2.364,37.983,7.95,8.421,17.173,4.439,30.033,0.756,0.003,44.262,85.392
1785989284,519238037,1785989284,519238037,65.104,5,848,480,40.465,39.789,0.956,38.833,8.256,8.748,17.311,4.517,30.577,0.674,0.003,43.324,83.815
1785989284,585916504,1785989284,585916504,67.415,5,848,480,40.87,40.088,1.979,38.109,6.807,8.444,17.261,5.597,31.302,0.78,0.003,43.656,84.555
1785989284,652594482,1785989284,652594482,66.031,5,848,480,40.275,39.546,1.796,37.749,7.183,8.482,17.315,4.77,30.566,0.727,0.003,43.638,83.906
1785989284,719271729,1785989284,719271729,65.272,5,848,480,39.995,39.158,1.544,37.614,7.115,8.551,17.134,4.815,30.499,0.834,0.004,42.481,82.502
1785989284,785948486,1785989284,785948486,69.301,5,848,480,40.901,40.073,1.792,38.282,6.868,8.46,17.424,5.529,31.413,0.824,0.004,44.325,85.127
1785989284,852624756,1785989284,852624756,67.004,5,848,480,42.667,41.954,1.534,40.42,6.572,8.193,21.844,3.811,33.847,0.71,0.004,42.759,87.216
1785989284,919305420,1785989284,919305420,65.28,5,848,480,40.405,39.719,1.869,37.85,7.059,8.589,17.221,4.981,30.791,0.671,0.015,43.632,84.063
1785989284,985989258,1785989284,985989258,67.809,5,848,480,39.502,38.84,0.901,37.939,7.043,8.567,17.277,5.052,30.896,0.659,0.003,45.649,85.177
1785989285,52672363,1785989285,52672363,66.491,5,848,480,42.363,41.628,1.48,40.148,7.282,8.88,17.296,6.691,32.866,0.73,0.004,42.596,87.309
1785989285,119355225,1785989285,119355225,77.405,5,848,480,44.478,43.693,1.077,42.616,8.45,11.11,17.551,5.506,34.166,0.781,0.004,51.208,98.967
1785989285,152696289,1785989285,152696289,56.983,5,848,480,53.109,52.288,0.941,51.347,17.518,9.615,17.07,7.144,33.829,0.818,0.003,66.205,119.348
1785989285,219378174,1785989285,219378174,47.808,5,848,480,47.396,46.396,1.047,45.348,12.406,11.094,17.447,4.402,32.942,0.995,0.005,53.04,100.489
1785989285,252718994,1785989285,252718994,56.273,5,848,480,54.052,53.358,1.78,51.578,16.899,11.305,19.069,4.305,34.679,0.691,0.004,69.346,123.41
1785989285,319399902,1785989285,319399902,59.53,5,848,480,58.894,58.213,0.987,57.226,23.805,10.553,16.722,6.146,33.421,0.678,0.003,57.324,116.314
1785989285,386080566,1785989285,386080566,64.456,5,848,480,64.004,63.224,2.037,61.187,31.738,8.189,16.907,4.354,29.449,0.777,0.003,49.988,114.031
1785989285,452760498,1785989285,452760498,66.782,5,848,480,65.199,64.517,2.024,62.494,27.982,8.33,16.909,9.273,34.512,0.679,0.003,48.905,114.129
1785989285,519439941,1785989285,519439941,44.924,5,848,480,44.399,43.7,2.711,40.988,7.568,11.872,17.514,4.034,33.42,0.696,0.003,47.94,92.375
1785989285,552779541,1785989285,552779541,56.944,5,848,480,55.47,54.657,1.736,52.921,11.766,19.261,16.854,5.039,41.154,0.808,0.006,60.485,116.004
1785989285,619458008,1785989285,619458008,50.69,5,848,480,50.059,49.189,3.443,45.747,13.309,11.423,16.878,4.137,32.438,0.865,0.004,49.905,100.009
1785989285,652797119,1785989285,652797119,52.069,5,848,480,50.132,49.4,2.785,46.615,15.909,8.637,17.25,4.818,30.705,0.729,0.003,68.572,118.723
1785989285,719475098,1785989285,719475098,69.054,5,848,480,68.618,67.892,2.005,65.887,17.146,16.74,20.069,11.931,48.741,0.722,0.004,52.443,121.107
1785989285,786152344,1785989285,786152344,62.769,5,848,480,62.339,61.623,0.909,60.714,7.401,21.534,16.675,15.103,53.312,0.713,0.004,54.814,117.204
1785989285,852829102,1785989285,852829102,65.681,5,848,480,61.649,60.918,6.117,54.802,9.217,19.773,16.713,9.099,45.585,0.727,0.003,54.526,116.195
1785989285,919509766,1785989285,919509766,40.951,5,848,480,39.418,38.68,1.024,37.656,7.422,9.046,17.343,3.845,30.234,0.734,0.003,51.016,90.465
1785989285,986193359,1785989285,986193359,60.028,5,848,480,40.129,39.466,1.7,37.765,6.817,8.56,17.151,5.237,30.948,0.66,0.003,43.654,83.808
1785989286,52876221,1785989286,52876221,72.27,5,848,480,46.016,45.286,1.455,43.831,9.456,8.414,17.187,8.775,34.375,0.727,0.004,43.355,89.399
1785989286,86217529,1785989286,86217529,71.589,5,848,480,71.146,70.332,7.205,63.126,24.532,15.242,17.53,5.822,38.594,0.809,0.005,56.463,127.647
1785989286,152899658,1785989286,152899658,65.429,5,848,480,64.98,62.496,3.679,58.817,20.446,14.05,19.123,5.198,38.371,2.477,0.007,61.377,126.42
1785989286,219581299,1785989286,219581299,66.697,5,848,480,54.251,53.57,14.474,39.095,7.918,9.697,17.489,3.991,31.177,0.679,0.003,72.135,126.408
1785989286,286262451,1785989286,286262451,55.001,5,848,480,53.484,52.718,0.866,51.852,15.289,12.279,19.71,4.574,36.563,0.763,0.003,61.21,114.725
1785989286,352942871,1785989286,352942871,48.98,5,848,480,48.568,47.846,0.923,46.923,15.361,10.061,17.412,4.088,31.562,0.719,0.003,48.418,97.026
1785989286,386282959,1785989286,386282959,55.663,5,848,480,55.145,54.452,1.306,53.145,19.137,8.316,17.336,8.357,34.009,0.69,0.003,64.164,119.349
1785989286,452962646,1785989286,452962646,53.716,5,848,480,53.225,51.682,0.834,50.848,11.748,17.196,16.719,5.186,39.1,1.537,0.006,53.126,106.406
1785989286,486302246,1785989286,486302246,54.695,5,848,480,54.087,53.32,8.263,45.057,9.371,13.503,18.028,4.155,35.686,0.763,0.004,73.623,127.739
1785989286,552981201,1785989286,552981201,58.415,5,848,480,57.951,57.206,1.009,56.197,16.969,15.591,17.346,6.291,39.228,0.742,0.003,61.487,119.476
1785989286,619659424,1785989286,619659424,53.198,5,848,480,52.731,51.934,0.892,51.042,8.726,20.354,16.651,5.31,42.315,0.794,0.003,53.229,106.048
1785989286,652998535,1785989286,652998535,49.258,5,848,480,47.084,46.365,0.94,45.425,13.395,9.921,17.67,4.439,32.03,0.716,0.003,74.807,121.915
1785989286,719676025,1785989286,719676025,44.817,5,848,480,44.398,43.532,0.929,42.602,9.955,11.237,17.262,4.149,32.647,0.862,0.004,55.619,100.384
1785989286,753014404,1785989286,753014404,50.164,5,848,480,48.143,47.19,1.514,45.676,10.099,11.28,17.112,7.185,35.577,0.949,0.004,68.706,116.884
1785989286,819691162,1785989286,819691162,42.56,5,848,480,42.127,41.384,1.684,39.699,9.159,9.035,17.507,3.999,30.541,0.74,0.003,50.6,92.764
1785989286,853029297,1785989286,853029297,63.485,5,848,480,56.223,55.432,15.0,40.432,9.57,8.714,17.374,4.773,30.861,0.787,0.004,66.666,122.912
1785989286,919709961,1785989286,919709961,60.224,5,848,480,59.809,58.926,0.905,58.022,7.105,27.722,17.464,5.731,50.917,0.879,0.004,56.608,116.476
1785989286,986393799,1785989286,986393799,40.655,5,848,480,40.162,39.473,0.989,38.484,7.77,9.152,17.46,4.102,30.715,0.685,0.003,50.229,90.425
1785989287,53077148,1785989287,53077148,81.14,5,848,480,57.663,56.636,1.988,54.648,7.208,8.154,30.461,8.826,47.44,1.021,0.006,47.195,104.909
1785989287,86418701,1785989287,86418701,48.5,5,848,480,47.912,46.964,1.176,45.787,11.074,10.617,17.257,6.839,34.714,0.944,0.004,72.094,120.206
1785989287,153101318,1785989287,153101318,62.06,5,848,480,61.111,60.302,2.221,58.081,20.976,11.706,16.933,8.467,37.105,0.804,0.005,54.282,115.435
1785989287,219783203,1785989287,219783203,46.57,5,848,480,46.106,45.017,1.964,43.053,8.931,11.349,17.345,5.427,34.122,1.084,0.005,49.166,95.322
1785989287,253124023,1785989287,253124023,53.452,5,848,480,51.104,49.065,1.057,48.008,16.363,9.334,17.025,5.286,31.645,2.032,0.007,64.293,115.447
1785989287,319805420,1785989287,319805420,54.149,5,848,480,53.376,52.48,1.593,50.887,11.679,18.349,16.846,4.013,39.208,0.892,0.005,49.556,102.901
1785989287,353145752,1785989287,353145752,48.21,5,848,480,46.367,45.173,1.316,43.857,12.705,9.256,17.525,4.371,31.152,1.19,0.004,71.379,117.757
1785989287,419826172,1785989287,419826172,50.485,5,848,480,49.938,48.698,3.608,45.091,7.922,15.911,17.191,4.067,37.169,1.234,0.005,51.586,101.577
1785989287,453166260,1785989287,453166260,57.18,5,848,480,54.987,54.25,1.21,53.041,22.318,9.11,17.55,4.063,30.722,0.734,0.003,70.397,125.399
1785989287,519845703,1785989287,519845703,44.701,5,848,480,44.211,42.923,0.823,42.099,9.883,10.274,17.172,4.77,32.216,1.282,0.007,59.175,103.464
1785989287,553185547,1785989287,553185547,57.71,5,848,480,54.076,53.352,12.491,40.861,9.699,9.643,17.439,4.081,31.162,0.72,0.004,73.702,127.789
1785989287,619864258,1785989287,619864258,56.647,5,848,480,56.12,55.452,1.261,54.191,19.458,11.715,17.075,5.942,34.733,0.665,0.003,61.599,117.753
1785989287,686542480,1785989287,686542480,41.496,5,848,480,40.881,40.21,2.032,38.178,7.22,9.387,17.451,4.12,30.959,0.668,0.003,51.66,92.576
1785989287,753220215,1785989287,753220215,64.842,5,848,480,40.672,39.477,1.83,37.647,6.854,8.737,17.765,4.29,30.793,1.191,0.004,50.042,90.747
1785989287,819897461,1785989287,819897461,64.851,5,848,480,39.763,39.002,1.037,37.965,6.939,8.545,17.663,4.819,31.026,0.758,0.003,49.126,88.912
1785989287,886574707,1785989287,886574707,64.948,5,848,480,43.424,42.525,1.832,40.693,8.545,9.035,17.153,5.96,32.149,0.894,0.004,43.754,87.192
1785989287,919917236,1785989287,919917236,61.505,5,848,480,56.713,55.893,1.458,54.435,20.594,9.37,16.689,7.782,33.841,0.816,0.004,58.611,115.356
1785989287,986602295,1785989287,986602295,54.364,5,848,480,53.857,52.875,1.086,51.788,8.263,19.915,18.993,4.617,43.525,0.978,0.004,49.135,103.033
1785989288,19944336,1785989288,19944336,63.06,5,848,480,57.519,56.455,13.023,43.432,10.871,9.612,17.742,5.208,32.561,1.06,0.004,75.206,132.752
1785989288,86628662,1785989288,86628662,62.741,5,848,480,62.0,61.149,1.19,59.959,16.926,20.986,17.45,4.597,43.033,0.847,0.004,66.768,128.808
1785989288,153312012,1785989288,153312012,59.187,5,848,480,58.745,57.993,1.261,56.732,9.837,19.784,22.773,4.338,46.895,0.748,0.004,62.519,121.306
1785989288,219995117,1785989288,219995117,66.517,5,848,480,64.959,64.283,0.905,63.378,28.559,9.083,21.887,3.848,34.819,0.672,0.004,56.15,121.138
1785989288,286677734,1785989288,286677734,60.708,5,848,480,60.229,59.522,1.773,57.749,15.857,16.665,16.704,8.523,41.892,0.704,0.003,54.894,115.16
1785989288,353359619,1785989288,353359619,47.626,5,848,480,47.234,46.542,2.075,44.467,13.028,9.769,17.59,4.08,31.439,0.689,0.003,48.832,96.106
1785989288,386700439,1785989288,386700439,56.94,5,848,480,55.075,54.323,1.973,52.35,19.685,8.938,16.98,6.746,32.665,0.748,0.003,64.633,119.704
1785989288,453381836,1785989288,453381836,68.508,5,848,480,68.009,67.326,1.903,65.423,27.064,15.901,16.66,5.798,38.36,0.68,0.003,53.486,121.53
1785989288,520062500,1785989288,520062500,52.953,5,848,480,52.552,51.508,1.128,50.38,8.32,19.807,17.117,5.136,42.06,1.039,0.005,55.214,107.829
1785989288,553402588,1785989288,553402588,53.296,5,848,480,50.746,50.014,4.293,45.722,13.156,10.765,17.724,4.077,32.565,0.728,0.003,76.995,127.762
1785989288,620082520,1785989288,620082520,52.216,5,848,480,51.81,51.11,0.93,50.18,12.159,11.094,16.996,9.931,38.021,0.696,0.003,61.446,113.295
1785989288,686761963,1785989288,686761963,48.554,5,848,480,47.074,46.369,4.446,41.923,10.68,9.635,17.557,4.051,31.243,0.702,0.003,48.061,95.171
1785989288,720101318,1785989288,720101318,46.237,5,848,480,45.74,44.449,0.845,43.603,9.862,12.607,17.175,3.959,33.741,1.285,0.006,62.294,108.101
1785989288,753440674,1785989288,753440674,59.743,5,848,480,59.173,58.268,1.586,56.682,10.563,23.854,18.104,4.161,46.119,0.901,0.004,75.264,134.488
1785989288,820119141,1785989288,820119141,53.844,5,848,480,53.35,52.133,1.09,51.043,19.646,8.706,17.486,5.205,31.398,1.214,0.004,68.25,121.977
1785989288,886797363,1785989288,886797363,52.72,5,848,480,51.971,51.099,1.501,49.598,8.662,18.709,16.62,5.607,40.936,0.868,0.004,55.671,107.69
1785989288,920139648,1785989288,920139648,53.099,5,848,480,43.778,42.985,1.087,41.898,8.884,9.937,17.388,5.689,33.014,0.789,0.004,83.774,127.438
1785989289,20165771,1785989289,20165771,72.785,5,848,480,50.442,49.607,1.145,48.462,8.384,19.089,16.782,4.208,40.078,0.831,0.004,49.728,105.213
1785989289,86849365,1785989289,86849365,90.088,5,848,480,61.353,60.485,2.996,57.489,14.806,19.541,16.964,6.178,42.683,0.865,0.003,62.246,123.603
1785989289,120190918,1785989289,120190918,71.01,5,848,480,68.455,66.619,2.365,64.254,19.853,22.533,17.532,4.335,44.401,1.831,0.005,92.787,161.282
1785989289,220214844,1785989289,220214844,69.058,5,848,480,68.618,67.924,1.276,66.649,31.149,14.315,17.106,4.078,35.499,0.69,0.003,61.644,130.302
1785989289,253555664,1785989289,253555664,55.394,5,848,480,54.945,54.205,0.804,53.401,20.003,8.848,16.943,7.607,33.398,0.736,0.004,97.37,152.352
1785989289,353578125,1785989289,353578125,54.924,5,848,480,54.419,53.309,0.902,52.407,16.187,14.226,16.565,5.43,36.221,1.104,0.006,52.802,107.281
1785989289,386918457,1785989289,386918457,52.01,5,848,480,48.92,48.229,1.002,47.227,16.866,8.886,17.473,4.002,30.361,0.689,0.003,76.979,125.926
1785989289,453599121,1785989289,453599121,62.373,5,848,480,61.974,61.258,1.131,60.128,16.078,17.93,21.779,4.34,44.05,0.713,0.003,59.604,121.619
1785989289,520279053,1785989289,520279053,48.884,5,848,480,48.471,47.4,1.019,46.381,8.651,16.528,16.815,4.386,37.729,1.068,0.004,55.311,103.832
1785989289,553618896,1785989289,553618896,55.34,5,848,480,52.176,51.406,10.8,40.607,9.116,9.193,17.332,4.966,31.49,0.767,0.003,73.63,125.822
1785989289,620298096,1785989289,620298096,48.885,5,848,480,48.486,47.436,0.898,46.537,12.118,11.975,16.949,5.495,34.419,1.045,0.005,59.505,108.048
1785989289,653637451,1785989289,653637451,45.908,5,848,480,43.176,42.456,2.202,40.254,8.648,9.463,17.246,4.897,31.606,0.716,0.003,77.399,120.599
1785989289,753654785,1785989289,753654785,66.499,5,848,480,39.952,39.165,0.921,38.244,7.177,8.645,17.194,5.228,31.067,0.784,0.003,47.103,87.078
1785989289,820332520,1785989289,820332520,67.643,5,848,480,41.073,40.346,1.735,38.611,7.993,8.514,17.192,4.911,30.618,0.723,0.003,46.948,88.048
1785989289,887009766,1785989289,887009766,67.762,5,848,480,42.21,41.496,1.836,39.66,6.697,8.591,20.223,4.149,32.963,0.71,0.004,46.961,89.132
1785989289,953693604,1785989289,953693604,65.129,5,848,480,41.443,40.629,1.057,39.572,7.133,8.53,19.733,4.176,32.439,0.81,0.004,46.108,87.58
1785989289,987035400,1785989289,987035400,57.208,5,848,480,50.226,49.389,0.835,48.554,17.255,9.836,16.692,4.77,31.299,0.833,0.004,61.191,111.441
1785989290,20376953,1785989290,20376953,48.447,5,848,480,48.018,47.239,0.892,46.348,8.385,9.1,17.238,11.625,37.963,0.775,0.004,78.49,126.554
1785989290,53718506,1785989290,53718506,54.154,5,848,480,53.383,52.375,0.882,51.493,15.168,10.245,17.497,8.584,36.325,1.004,0.005,93.942,147.373
1785989290,120400879,1785989290,120400879,50.729,5,848,480,50.025,49.024,1.075,47.949,9.269,13.266,17.575,7.839,38.68,0.997,0.005,81.349,131.417
1785989290,187083008,1785989290,187083008,52.988,5,848,480,51.403,50.504,0.994,49.51,10.476,10.44,17.997,10.597,39.034,0.895,0.004,66.282,117.72
1785989290,220423584,1785989290,220423584,59.64,5,848,480,59.038,57.598,1.106,56.492,15.082,18.429,17.123,5.858,41.41,1.435,0.006,84.938,144.035
1785989290,287104736,1785989290,287104736,54.198,5,848,480,53.522,52.736,7.286,45.45,13.11,9.899,18.348,4.093,32.34,0.782,0.004,77.968,131.531
1785989290,353785400,1785989290,353785400,54.147,5,848,480,53.745,52.929,0.84,52.089,18.034,11.036,17.008,6.012,34.055,0.811,0.005,65.211,119.001
1785989290,420465332,1785989290,420465332,55.139,5,848,480,53.619,52.757,1.304,51.453,17.598,12.365,16.724,4.765,33.855,0.856,0.006,53.81,107.485
1785989290,453805176,1785989290,453805176,47.825,5,848,480,47.232,46.497,0.961,45.536,8.731,14.198,17.222,5.385,36.804,0.732,0.003,74.672,121.94
1785989290,520484375,1785989290,520484375,49.791,5,848,480,49.4,48.299,0.899,47.4,15.6,10.628,16.739,4.432,31.8,1.095,0.006,55.614,105.293
1785989290,553823730,1785989290,553823730,54.187,5,848,480,51.654,50.902,2.019,48.883,18.405,8.839,17.501,4.139,30.478,0.748,0.004,74.239,125.9
1785989290,620502197,1785989290,620502197,59.535,5,848,480,59.128,58.458,1.018,57.44,12.948,16.794,17.038,10.66,44.493,0.667,0.003,59.587,118.754
1785989290,687180176,1785989290,687180176,57.405,5,848,480,57.008,54.972,1.04,53.932,11.634,20.012,16.605,5.681,42.298,2.029,0.007,52.438,109.514
1785989290,720518799,1785989290,720518799,49.058,5,848,480,47.12,46.371,7.79,38.581,7.786,8.729,17.453,4.613,30.795,0.744,0.005,78.054,125.207
1785989290,787195801,1785989290,787195801,60.098,5,848,480,59.207,58.412,0.885,57.527,13.437,18.293,17.114,8.684,44.09,0.792,0.003,59.38,118.621
1785989290,853872314,1785989290,853872314,41.835,5,848,480,41.432,40.74,1.084,39.656,8.247,9.738,17.476,4.195,31.409,0.689,0.003,52.324,93.78
1785989290,920553467,1785989290,920553467,63.711,5,848,480,38.821,38.08,1.744,36.336,6.344,8.532,17.434,4.026,29.993,0.737,0.003,51.965,90.812
1785989290,987238770,1785989290,987238770,64.056,5,848,480,40.778,40.031,1.998,38.033,7.306,8.456,17.516,4.756,30.727,0.744,0.003,47.378,88.18
1785989291,20581055,1785989291,20581055,57.6,5,848,480,50.643,49.712,0.831,48.881,13.098,8.898,18.997,7.888,35.784,0.926,0.005,61.772,112.448
1785989291,53923340,1785989291,53923340,57.269,5,848,480,56.81,55.596,2.827,52.77,17.367,11.235,18.992,5.176,35.403,1.207,0.006,79.522,136.39
1785989291,87265625,1785989291,87265625,58.891,5,848,480,58.222,57.386,16.753,40.633,8.106,10.153,17.664,4.709,32.527,0.832,0.003,103.659,161.916
1785989291,187291260,1785989291,187291260,49.234,5,848,480,48.828,47.692,0.87,46.822,9.646,11.25,17.053,8.873,37.176,1.13,0.006,62.257,111.153
1785989291,220632813,1785989291,220632813,74.476,5,848,480,66.811,66.149,7.356,58.793,15.728,16.491,16.824,9.75,43.065,0.659,0.003,85.449,152.255
1785989291,320656982,1785989291,320656982,41.07,5,848,480,40.653,39.743,1.006,38.738,7.883,9.438,17.298,4.119,30.855,0.905,0.004,52.611,93.303
1785989291,387339111,1785989291,387339111,62.971,5,848,480,39.561,38.792,1.765,37.028,7.139,8.448,17.425,4.015,29.888,0.765,0.004,50.009,89.596
1785989291,454020508,1785989291,454020508,66.827,5,848,480,41.706,40.987,0.822,40.165,7.273,8.517,20.094,4.28,32.892,0.716,0.003,48.004,89.737
1785989291,520701660,1785989291,520701660,65.578,5,848,480,40.939,40.224,0.855,39.369,8.318,8.479,17.242,5.33,31.051,0.712,0.004,47.67,88.646
1785989291,587382080,1785989291,587382080,66.461,5,848,480,39.782,39.099,1.955,37.144,6.681,8.476,17.413,4.573,30.462,0.68,0.003,48.611,88.415
1785989291,654062012,1785989291,654062012,66.683,5,848,480,41.203,40.492,1.868,38.624,7.163,8.461,17.328,5.672,31.461,0.708,0.003,47.187,88.418
1785989291,720741455,1785989291,720741455,66.166,5,848,480,40.246,39.419,1.645,37.774,6.899,8.507,17.422,4.947,30.876,0.823,0.004,47.632,87.91
1785989291,787420410,1785989291,787420410,68.076,5,848,480,42.575,41.873,1.653,40.22,6.896,9.75,19.451,4.124,33.325,0.699,0.003,46.699,89.304
1785989291,854098877,1785989291,854098877,64.958,5,848,480,40.485,39.687,1.895,37.792,6.769,8.457,17.49,5.077,31.023,0.794,0.004,47.069,87.584
1785989291,920822754,1785989291,920822754,66.673,5,848,480,39.574,38.804,1.941,36.864,6.898,8.404,17.198,4.363,29.965,0.766,0.003,47.933,87.527
1785989291,987593262,1785989291,987593262,67.046,5,848,480,40.642,39.893,1.825,38.068,6.563,8.445,18.287,4.772,31.505,0.746,0.003,47.137,87.806
1785989292,20979004,1785989292,20979004,52.275,5,848,480,44.628,43.761,4.394,39.368,7.735,9.201,17.267,5.164,31.632,0.862,0.005,62.044,106.715
1785989292,54365234,1785989292,54365234,84.458,5,848,480,83.978,83.197,1.09,82.108,30.686,17.894,17.168,16.36,51.422,0.777,0.003,73.751,157.768
1785989292,154526855,1785989292,154526855,63.997,5,848,480,59.74,59.007,5.802,53.205,19.554,10.032,16.793,6.826,33.651,0.73,0.003,61.837,121.599
1785989292,221303223,1785989292,221303223,42.614,5,848,480,42.231,41.436,2.37,39.066,7.565,9.886,17.272,4.343,31.501,0.792,0.003,55.17,97.442
1785989292,321471191,1785989292,321471191,92.814,5,848,480,43.144,42.413,2.174,40.239,7.53,8.474,17.633,6.601,32.708,0.727,0.004,46.92,90.091
1785989292,388251709,1785989292,388251709,65.563,5,848,480,42.219,41.475,2.163,39.313,6.914,8.442,19.958,3.998,32.398,0.741,0.003,46.625,88.872
1785989292,455034180,1785989292,455034180,66.861,5,848,480,41.788,41.085,1.99,39.095,9.138,8.498,17.191,4.269,29.958,0.699,0.003,47.138,88.946
1785989292,521818359,1785989292,521818359,64.575,5,848,480,39.975,39.241,1.071,38.17,6.794,8.33,18.185,4.861,31.376,0.73,0.004,46.738,86.744
1785989292,588604004,1785989292,588604004,67.826,5,848,480,40.903,40.212,2.191,38.021,6.991,8.621,17.328,5.081,31.03,0.687,0.003,46.856,87.779
1785989292,655391602,1785989292,655391602,70.127,5,848,480,45.574,44.853,1.01,43.843,7.684,10.282,20.469,5.409,36.159,0.718,0.004,45.522,91.119
1785989292,688785889,1785989292,688785889,61.805,5,848,480,61.326,60.652,1.092,59.559,21.623,11.676,16.764,9.497,37.936,0.671,0.003,58.166,119.53
1785989292,755575928,1785989292,755575928,44.14,5,848,480,43.65,42.857,2.24,40.617,8.714,9.671,17.671,4.562,31.903,0.789,0.004,53.192,96.887
1785989292,788971680,1785989292,788971680,57.219,5,848,480,49.709,49.002,1.127,47.875,13.32,10.18,17.343,7.032,34.555,0.703,0.003,70.978,120.707
1785989292,855764160,1785989292,855764160,42.736,5,848,480,42.325,41.582,1.139,40.443,8.402,10.427,17.412,4.201,32.041,0.74,0.003,54.362,96.649
1785989292,922588867,1785989292,922588867,63.276,5,848,480,40.338,39.543,2.206,37.337,6.805,8.929,17.62,3.983,30.532,0.792,0.004,52.74,93.102
1785989292,989447266,1785989292,989447266,67.29,5,848,480,39.646,38.972,1.658,37.314,6.874,9.138,17.239,4.063,30.441,0.672,0.003,53.884,93.529
1785989293,89738281,1785989293,89738281,117.691,5,848,480,59.756,58.972,0.953,58.019,9.844,21.466,17.23,9.48,48.176,0.779,0.006,51.152,110.946
1785989293,123169434,1785989293,123169434,73.208,5,848,480,72.726,71.997,3.23,68.767,25.046,18.024,17.315,8.382,43.721,0.725,0.003,77.945,150.703
1785989293,223465576,1785989293,223465576,44.59,5,848,480,41.874,41.183,1.96,39.223,8.21,9.77,17.269,3.974,31.013,0.688,0.003,53.094,94.999
1785989293,290331787,1785989293,290331787,60.845,5,848,480,41.067,40.355,1.624,38.731,7.249,8.484,18.761,4.236,31.482,0.708,0.003,47.888,88.979
1785989293,357199951,1785989293,357199951,64.485,5,848,480,40.949,40.238,1.927,38.311,6.785,8.532,17.285,5.71,31.527,0.707,0.003,45.627,86.594
1785989293,424069824,1785989293,424069824,64.757,5,848,480,41.584,40.75,3.008,37.742,7.179,8.259,17.355,4.949,30.563,0.831,0.004,42.877,84.487
1785989293,490941162,1785989293,490941162,66.395,5,848,480,40.192,39.521,1.66,37.861,6.774,8.587,17.44,5.06,31.087,0.669,0.003,43.788,84.005
1785989293,557814453,1785989293,557814453,69.396,5,848,480,41.949,41.197,1.12,40.077,7.732,8.132,20.363,3.85,32.345,0.749,0.003,44.556,86.536
1785989293,624689697,1785989293,624689697,66.715,5,848,480,41.109,40.367,2.817,37.55,7.046,8.291,18.318,3.895,30.504,0.739,0.004,45.237,86.374
1785989293,691566406,1785989293,691566406,65.717,5,848,480,40.111,39.428,1.833,37.595,7.068,8.36,17.254,4.913,30.527,0.68,0.003,45.072,85.208
1785989293,758444824,1785989293,758444824,65.619,5,848,480,40.071,39.353,1.69,37.663,6.715,8.767,17.132,5.05,30.948,0.715,0.003,43.852,83.949
1785989293,825325195,1785989293,825325195,69.826,5,848,480,42.21,41.488,1.747,39.741,6.832,8.848,19.991,4.071,32.91,0.719,0.003,44.658,86.908
1785989293,892205322,1785989293,892205322,64.244,5,848,480,40.186,39.449,1.728,37.721,7.009,8.482,17.285,4.945,30.712,0.733,0.003,44.05,84.261
1785989293,958892578,1785989293,958892578,68.377,5,848,480,41.839,41.121,1.886,39.236,6.519,8.522,19.893,4.301,32.716,0.715,0.003,44.083,85.951
1785989294,25579102,1785989294,25579102,65.075,5,848,480,40.848,40.009,2.207,37.802,7.053,8.523,17.352,4.874,30.749,0.836,0.003,43.47,84.337
1785989294,58922363,1785989294,58922363,71.672,5,848,480,64.588,63.772,2.406,61.366,7.907,24.36,17.083,12.016,53.459,0.812,0.004,58.055,122.676
1785989294,125608398,1785989294,125608398,63.443,5,848,480,62.858,62.077,3.546,58.531,20.162,14.661,17.612,6.096,38.369,0.779,0.003,56.532,119.422
1785989294,192293945,1785989294,192293945,51.764,5,848,480,51.351,45.426,0.983,44.444,8.249,14.407,17.19,4.597,36.195,5.919,0.006,53.115,104.52
1785989294,225636475,1785989294,225636475,48.419,5,848,480,44.63,43.91,2.868,41.042,8.34,9.68,17.169,5.854,32.702,0.716,0.004,74.928,119.589
1785989294,292321289,1785989294,292321289,42.524,5,848,480,42.112,41.398,0.906,40.492,9.308,10.005,17.139,4.04,31.184,0.711,0.003,53.266,95.417
1785989294,392347656,1785989294,392347656,91.212,5,848,480,41.559,40.816,1.747,39.069,7.002,8.502,19.718,3.847,32.067,0.739,0.004,45.022,86.602
1785989294,459031250,1785989294,459031250,70.031,5,848,480,44.476,43.803,1.806,41.997,6.895,8.091,17.241,9.769,35.101,0.67,0.003,45.448,90.016
1785989294,492372803,1785989294,492372803,57.47,5,848,480,56.928,56.14,0.993,55.147,22.319,9.289,16.847,6.692,32.828,0.784,0.004,57.113,114.083
1785989294,559055664,1785989294,559055664,40.084,5,848,480,39.547,38.855,1.272,37.583,7.331,8.783,17.446,4.023,30.252,0.689,0.003,47.896,87.48
1785989294,625738037,1785989294,625738037,67.944,5,848,480,39.631,38.953,1.81,37.143,6.516,8.944,17.538,4.146,30.628,0.674,0.003,49.086,88.746
1785989294,692420166,1785989294,692420166,61.241,5,848,480,39.702,38.821,2.131,36.69,7.127,8.109,17.082,4.371,29.563,0.877,0.004,43.576,83.304
1785989294,759101563,1785989294,759101563,69.166,5,848,480,40.122,39.455,1.77,37.685,7.404,8.4,17.401,4.48,30.281,0.665,0.003,45.637,85.784
1785989294,825782471,1785989294,825782471,68.82,5,848,480,41.633,40.947,2.058,38.889,6.872,8.723,17.749,5.545,32.017,0.683,0.003,46.267,87.924
1785989294,892463379,1785989294,892463379,64.973,5,848,480,41.947,41.222,2.229,38.993,8.111,8.678,17.224,4.979,30.881,0.721,0.003,44.246,86.281
1785989294,959147949,1785989294,959147949,64.322,5,848,480,39.549,38.75,1.275,37.476,7.111,8.461,17.217,4.687,30.364,0.795,0.004,44.281,83.859
1785989295,25831543,1785989295,25831543,67.348,5,848,480,39.924,39.166,1.977,37.189,6.624,8.376,17.341,4.848,30.565,0.755,0.004,44.569,84.557
1785989295,59173340,1785989295,59173340,64.035,5,848,480,57.482,56.64,5.166,51.475,13.315,14.917,17.106,6.137,38.16,0.838,0.004,57.707,115.213
1785989295,125856445,1785989295,125856445,50.604,5,848,480,50.0,48.781,1.314,47.467,8.356,15.951,17.563,5.596,39.111,1.214,0.005,49.102,99.151
1785989295,159197754,1785989295,159197754,58.047,5,848,480,55.588,54.734,8.256,46.478,14.694,9.997,17.486,4.302,31.784,0.849,0.005,68.23,127.231
1785989295,259220703,1785989295,259220703,77.944,5,848,480,52.759,51.682,1.274,50.408,13.132,16.264,16.585,4.427,37.276,1.071,0.006,48.979,104.191
1785989295,292561523,1785989295,292561523,55.78,5,848,480,51.704,50.956,5.5,45.456,15.293,8.819,17.274,4.07,30.163,0.746,0.003,72.54,124.2
1785989295,359242676,1785989295,359242676,43.348,5,848,480,42.898,42.008,0.825,41.183,11.191,9.008,17.057,3.927,29.992,0.885,0.005,57.93,100.884
1785989295,459263428,1785989295,459263428,83.87,5,848,480,39.157,38.429,0.829,37.6,6.926,8.422,17.219,5.033,30.674,0.725,0.003,45.532,84.714
1785989295,525943115,1785989295,525943115,68.116,5,848,480,41.281,40.603,1.837,38.766,6.59,8.129,20.198,3.849,32.176,0.676,0.003,44.844,86.167
1785989295,592622559,1785989295,592622559,65.651,5,848,480,40.85,40.13,0.893,39.237,7.997,8.464,17.145,5.632,31.24,0.717,0.003,44.249,85.123
1785989295,659301270,1785989295,659301270,68.163,5,848,480,41.183,40.463,1.791,38.672,6.961,8.423,19.103,4.185,31.711,0.717,0.003,45.398,86.674
1785989295,725979248,1785989295,725979248,67.728,5,848,480,41.123,40.397,2.405,37.992,6.958,8.445,18.467,4.122,31.034,0.723,0.003,46.518,87.656
1785989295,792656982,1785989295,792656982,67.449,5,848,480,42.21,41.499,1.836,39.664,7.153,8.796,18.164,5.551,32.511,0.707,0.003,46.192,88.428
1785989295,859333984,1785989295,859333984,62.387,5,848,480,39.349,38.67,1.44,37.23,6.723,8.188,17.113,5.206,30.507,0.676,0.003,44.762,84.138
1785989295,926015381,1785989295,926015381,70.173,5,848,480,42.647,41.856,0.967,40.889,7.02,8.843,19.861,5.165,33.869,0.787,0.004,44.957,87.63
1785989295,992699707,1785989295,992699707,64.778,5,848,480,40.094,39.361,1.826,37.534,6.947,8.703,17.237,4.647,30.587,0.73,0.003,45.699,85.722
1785989296,59383301,1785989296,59383301,75.994,5,848,480,51.813,51.102,3.608,47.494,8.186,8.592,18.629,12.087,39.308,0.707,0.004,43.2,95.037
1785989296,92725098,1785989296,92725098,69.343,5,848,480,61.188,60.511,7.792,52.719,17.506,13.361,17.38,4.473,35.213,0.674,0.003,69.828,131.085
1785989296,159408203,1785989296,159408203,53.679,5,848,480,53.172,52.477,2.186,50.292,11.525,13.247,16.944,8.576,38.767,0.692,0.003,64.821,118.027
1785989296,226090576,1785989296,226090576,42.02,5,848,480,41.561,40.811,1.11,39.701,8.019,9.754,17.554,4.374,31.681,0.746,0.003,51.769,93.367
1785989296,326113281,1785989296,326113281,95.442,5,848,480,43.141,42.413,1.648,40.765,7.363,9.252,19.99,4.16,33.402,0.725,0.003,45.629,88.792
1785989296,359453857,1785989296,359453857,62.147,5,848,480,59.553,58.851,0.954,57.897,18.507,10.799,16.779,11.812,39.39,0.699,0.003,58.006,117.595
1785989296,426134766,1785989296,426134766,49.127,5,848,480,48.716,47.938,1.113,46.824,11.297,14.046,17.338,4.144,35.527,0.775,0.003,51.285,100.05
1785989296,459474854,1785989296,459474854,59.566,5,848,480,53.932,53.239,14.658,38.581,7.467,9.382,17.644,4.088,31.114,0.689,0.004,72.316,126.336
1785989296,526155029,1785989296,526155029,57.272,5,848,480,56.797,56.046,1.037,55.009,16.226,14.05,16.752,7.982,38.783,0.748,0.003,60.021,116.857
1785989296,592834473,1785989296,592834473,42.194,5,848,480,41.735,41.062,0.962,40.099,7.443,10.99,17.535,4.131,32.656,0.67,0.003,50.598,92.373
1785989296,659513428,1785989296,659513428,68.138,5,848,480,40.518,39.838,1.717,38.121,6.938,9.407,17.612,4.164,31.183,0.676,0.003,53.288,93.843
1785989296,726191895,1785989296,726191895,62.773,5,848,480,41.626,40.796,0.824,39.972,6.742,8.645,20.58,4.006,33.23,0.827,0.003,48.304,89.924
1785989296,792869873,1785989296,792869873,70.434,5,848,480,48.123,47.324,1.876,45.448,6.961,16.64,17.662,4.185,38.487,0.796,0.004,45.539,93.69
1785989296,826208496,1785989296,826208496,60.735,5,848,480,60.268,59.522,0.934,58.588,27.529,9.421,16.877,4.761,31.059,0.743,0.003,60.771,121.074
1785989296,892885986,1785989296,892885986,63.583,5,848,480,55.018,54.29,5.608,48.683,11.652,9.155,17.428,10.448,37.03,0.725,0.003,62.96,117.98
1785989296,959571045,1785989296,959571045,54.17,5,848,480,53.767,52.697,5.504,47.192,8.184,17.544,16.823,4.642,39.009,1.065,0.006,51.664,105.527
1785989296,992913086,1785989296,992913086,56.403,5,848,480,51.042,50.372,7.851,42.521,11.958,9.011,17.471,4.081,30.563,0.667,0.003,77.468,128.529
1785989297,59597412,1785989297,59597412,80.319,5,848,480,79.922,79.159,1.002,78.157,25.739,26.828,17.199,8.391,52.418,0.759,0.004,62.203,142.163
1785989297,126280762,1785989297,126280762,72.908,5,848,480,57.803,57.031,1.782,55.249,13.36,16.286,16.742,8.861,41.889,0.768,0.005,90.561,148.399
1785989297,226305176,1785989297,226305176,69.163,5,848,480,66.856,66.165,3.932,62.234,18.002,18.368,16.793,9.07,44.232,0.688,0.003,50.645,117.525
1785989297,292987549,1785989297,292987549,42.3,5,848,480,41.892,41.212,1.015,40.198,7.395,11.321,17.404,4.078,32.803,0.676,0.003,51.215,93.145
1785989297,359669434,1785989297,359669434,61.822,5,848,480,39.808,39.132,0.905,38.227,8.087,8.45,17.244,4.446,30.14,0.672,0.004,48.452,88.288
1785989297,426350586,1785989297,426350586,68.983,5,848,480,44.643,43.902,1.013,42.889,6.731,8.398,17.048,10.711,36.158,0.738,0.003,45.926,90.585
1785989297,459691162,1785989297,459691162,60.097,5,848,480,59.693,58.892,0.98,57.912,22.928,11.846,16.835,6.304,34.984,0.797,0.004,57.627,117.346
1785989297,526371582,1785989297,526371582,51.371,5,848,480,50.95,49.888,2.345,47.543,7.834,18.936,16.855,3.918,39.709,1.057,0.005,51.047,102.103
1785989297,559711670,1785989297,559711670,49.167,5,848,480,47.587,46.89,1.29,45.6,11.771,8.906,17.349,7.574,33.829,0.694,0.004,70.242,117.857
1785989297,626391357,1785989297,626391357,64.658,5,848,480,62.037,61.374,2.082,59.292,17.585,15.316,16.678,9.714,41.707,0.659,0.003,53.772,115.837
1785989297,693070557,1785989297,693070557,48.695,5,848,480,48.268,47.436,0.914,46.522,15.565,9.83,17.126,4.0,30.957,0.828,0.004,49.549,97.862
1785989297,726409912,1785989297,726409912,53.357,5,848,480,51.25,50.592,1.867,48.725,13.923,12.138,17.202,5.463,34.803,0.654,0.003,66.604,117.922
1785989297,793088135,1785989297,793088135,64.691,5,848,480,64.244,63.561,3.395,60.166,23.444,13.366,16.779,6.578,36.722,0.68,0.003,51.603,115.884
1785989297,859766113,1785989297,859766113,45.621,5,848,480,44.269,43.516,4.234,39.282,7.779,9.914,17.474,4.114,31.503,0.75,0.004,50.53,94.834
1785989297,926447510,1785989297,926447510,61.974,5,848,480,39.201,38.471,1.945,36.526,6.746,8.448,17.259,4.073,29.78,0.727,0.003,50.897,90.124
1785989297,993131592,1785989297,993131592,63.417,5,848,480,40.696,39.984,0.991,38.993,7.82,8.406,18.038,4.729,31.173,0.709,0.004,46.14,86.854
1785989298,59815186,1785989298,59815186,75.715,5,848,480,45.892,45.127,1.733,43.395,8.01,8.805,17.29,9.29,35.385,0.761,0.004,49.968,95.891
1785989298,126498047,1785989298,126498047,69.029,5,848,480,41.901,40.995,0.954,40.041,7.435,9.839,17.994,4.773,32.606,0.901,0.004,56.308,98.236
1785989298,159839355,1785989298,159839355,60.978,5,848,480,44.858,44.011,1.125,42.886,10.753,9.228,17.414,5.491,32.133,0.843,0.004,80.987,125.875
1785989298,226521729,1785989298,226521729,61.397,5,848,480,60.881,60.229,3.353,56.877,21.669,9.361,17.753,8.094,35.208,0.648,0.003,59.68,120.581
1785989298,293203369,1785989298,293203369,45.139,5,848,480,44.646,43.88,2.052,41.829,9.301,10.973,17.476,4.078,32.527,0.762,0.003,54.357,99.046
1785989298,326543945,1785989298,326543945,56.278,5,848,480,54.209,53.401,3.713,49.688,18.135,8.981,17.45,5.122,31.554,0.805,0.003,67.838,121.978
1785989298,393224854,1785989298,393224854,50.501,5,848,480,50.108,46.925,0.881,46.044,8.25,16.724,16.782,4.289,37.795,3.175,0.008,55.656,105.856
1785989298,426564941,1785989298,426564941,53.942,5,848,480,50.89,50.097,1.196,48.902,19.14,8.368,17.402,3.992,29.762,0.789,0.003,75.621,126.401
1785989298,493244873,1785989298,493244873,57.049,5,848,480,54.404,53.135,3.495,49.639,19.512,8.272,16.96,4.894,30.127,1.264,0.005,62.336,116.797
1785989298,559924561,1785989298,559924561,41.046,5,848,480,40.042,39.335,2.373,36.962,7.13,8.539,17.487,3.806,29.832,0.705,0.003,51.06,91.15
1785989298,626603516,1785989298,626603516,61.632,5,848,480,38.962,38.218,1.692,36.526,6.758,8.259,17.212,4.297,29.769,0.74,0.003,47.102,86.09
1785989298,693281738,1785989298,693281738,67.93,5,848,480,41.715,40.889,2.051,38.838,7.992,8.589,17.193,5.064,30.846,0.824,0.003,45.602,87.342
1785989298,759959717,1785989298,759959717,65.87,5,848,480,40.195,39.444,1.675,37.769,7.593,8.401,17.25,4.525,30.176,0.748,0.003,46.313,86.537
1785989298,826636963,1785989298,826636963,69.053,5,848,480,39.622,38.867,0.906,37.961,7.301,8.609,17.434,4.616,30.66,0.752,0.003,49.261,88.91
1785989298,893314209,1785989298,893314209,63.96,5,848,480,39.92,39.238,1.092,38.146,7.284,8.553,17.117,5.192,30.862,0.678,0.003,46.251,86.193
1785989298,960085205,1785989298,960085205,68.126,5,848,480,40.841,40.135,1.565,38.57,7.342,8.491,17.6,5.137,31.228,0.704,0.003,46.679,87.547
1785989299,26858154,1785989299,26858154,68.201,5,848,480,42.954,42.079,0.782,41.297,7.419,8.669,20.776,4.434,33.878,0.871,0.003,45.995,88.979
1785989299,93632813,1785989299,93632813,71.048,5,848,480,41.614,40.786,0.926,39.86,7.356,10.677,17.203,4.624,32.504,0.824,0.004,51.614,93.254
1785989299,160409180,1785989299,160409180,88.406,5,848,480,61.623,60.979,1.758,59.222,27.013,9.003,16.769,6.437,32.209,0.64,0.003,53.229,114.874
1785989299,227187500,1785989299,227187500,71.747,5,848,480,67.259,66.495,5.661,60.834,9.533,23.167,16.804,11.33,51.301,0.762,0.003,52.567,119.848
1785989299,293967285,1785989299,293967285,53.875,5,848,480,53.432,52.565,1.07,51.495,15.748,13.977,16.594,5.176,35.747,0.86,0.007,53.477,106.962
1785989299,327357910,1785989299,327357910,51.253,5,848,480,49.519,48.838,1.03,47.808,14.223,11.111,18.411,4.063,33.585,0.678,0.003,75.263,124.804
1785989299,394140381,1785989299,394140381,56.82,5,848,480,56.351,55.457,1.013,54.443,20.084,10.483,16.704,7.172,34.359,0.891,0.004,58.454,114.858
1785989299,460924805,1785989299,460924805,49.581,5,848,480,47.546,46.76,0.945,45.815,10.521,13.919,17.385,3.99,35.294,0.783,0.003,50.075,97.638
1785989299,494317383,1785989299,494317383,56.229,5,848,480,55.829,55.053,0.934,54.119,17.12,15.34,17.296,4.363,36.999,0.771,0.004,64.608,120.472
1785989299,561104248,1785989299,561104248,41.632,5,848,480,41.055,40.323,1.009,39.314,8.731,9.322,17.313,3.948,30.583,0.729,0.003,54.286,95.322
1785989299,627893066,1785989299,627893066,63.861,5,848,480,41.205,40.509,1.233,39.276,8.49,9.138,17.565,4.083,30.787,0.693,0.003,51.181,92.396
1785989299,694683350,1785989299,694683350,60.325,5,848,480,40.305,39.56,2.135,37.425,6.913,8.666,17.253,4.594,30.512,0.741,0.003,45.603,85.926
1785989299,761475342,1785989299,761475342,67.264,5,848,480,40.781,39.81,1.249,38.561,7.076,8.405,17.051,6.03,31.485,0.966,0.005,45.623,86.412
1785989299,861666748,1785989299,861666748,102.358,5,848,480,43.046,42.318,1.8,40.518,6.75,10.193,18.758,4.817,33.768,0.724,0.004,45.494,88.573
1785989299,928490479,1785989299,928490479,65.17,5,848,480,41.469,40.739,1.577,39.162,6.438,8.102,20.737,3.884,32.723,0.726,0.004,45.419,86.914
1785989299,995344727,1785989299,995344727,66.651,5,848,480,41.099,40.43,1.056,39.374,8.162,9.506,17.293,4.414,31.212,0.666,0.003,45.588,86.724
1785989300,62200684,1785989300,62200684,79.447,5,848,480,54.162,46.505,1.858,44.647,7.221,8.308,21.128,7.99,37.426,7.65,0.007,45.15,99.57
1785989300,95629150,1785989300,95629150,59.155,5,848,480,58.443,55.641,1.791,53.85,17.533,12.593,17.294,6.43,36.317,2.795,0.008,66.553,125.074
1785989300,162487793,1785989300,162487793,56.971,5,848,480,56.446,55.791,2.278,53.513,12.131,16.841,17.0,7.541,41.382,0.652,0.003,58.656,115.137
1785989300,195917725,1785989300,195917725,72.623,5,848,480,56.974,56.304,1.818,54.486,13.151,19.225,17.333,4.776,41.335,0.666,0.003,97.337,154.435
1785989300,296209961,1785989300,296209961,44.358,5,848,480,43.847,42.985,0.906,42.078,7.79,12.99,17.231,4.067,34.288,0.858,0.004,54.513,98.408
1785989300,329641357,1785989300,329641357,55.925,5,848,480,50.215,49.541,3.198,46.343,15.496,9.07,17.56,4.218,30.848,0.671,0.003,70.699,120.891
1785989300,396505859,1785989300,396505859,44.034,5,848,480,43.637,42.729,0.796,41.933,10.361,10.354,17.095,4.123,31.572,0.904,0.005,54.386,98.072
1785989300,429938721,1785989300,429938721,55.505,5,848,480,53.897,53.214,1.693,51.521,19.874,8.559,17.405,5.683,31.647,0.679,0.004,66.219,120.134
1785989300,496805908,1785989300,496805908,55.01,5,848,480,54.488,53.643,1.034,52.609,16.41,15.409,16.674,4.117,36.2,0.839,0.005,53.752,108.294
1785989300,530239990,1785989300,530239990,73.646,5,848,480,71.881,71.184,10.755,60.429,18.305,15.416,16.679,10.03,42.124,0.693,0.003,76.598,148.483
1785989300,630544922,1785989300,630544922,54.393,5,848,480,53.944,53.195,5.312,47.883,12.584,13.911,16.649,4.74,35.299,0.745,0.004,48.594,102.594
1785989300,663980713,1785989300,663980713,47.451,5,848,480,45.36,44.458,1.446,43.012,11.567,9.402,17.242,4.802,31.445,0.898,0.003,71.207,116.59
1785989300,730853760,1785989300,730853760,45.217,5,848,480,44.816,44.135,1.062,43.073,13.01,8.851,17.225,3.987,30.063,0.678,0.003,50.081,94.935
1785989300,764290771,1785989300,764290771,54.546,5,848,480,53.138,52.405,1.079,51.326,19.949,8.609,17.26,5.508,31.377,0.728,0.005,62.925,116.077
1785989300,831166260,1785989300,831166260,64.125,5,848,480,63.584,62.692,4.942,57.749,23.33,12.367,16.759,5.293,34.419,0.888,0.004,49.678,113.306
1785989300,898041748,1785989300,898041748,45.886,5,848,480,40.213,39.546,2.448,37.099,7.068,8.52,17.297,4.214,30.031,0.663,0.003,52.075,92.318
1785989300,964726318,1785989300,964726318,61.195,5,848,480,41.262,40.573,1.206,39.367,9.136,8.335,17.398,4.498,30.231,0.686,0.003,45.533,86.816
1785989301,31410400,1785989301,31410400,68.211,5,848,480,43.355,42.561,2.985,39.575,8.197,8.674,17.257,5.447,31.378,0.789,0.005,44.965,88.351
1785989301,98093750,1785989301,98093750,92.112,5,848,480,58.674,57.995,2.163,55.832,12.97,17.49,17.458,7.914,42.862,0.676,0.003,55.074,113.89
1785989301,131435303,1785989301,131435303,41.366,5,848,480,40.818,40.131,0.941,39.19,7.656,9.6,17.651,4.283,31.534,0.684,0.003,80.939,121.796
1785989301,231459229,1785989301,231459229,77.406,5,848,480,45.755,44.847,1.834,43.013,8.698,10.755,17.447,6.113,34.315,0.903,0.005,53.401,99.191
1785989301,298141113,1785989301,298141113,82.307,5,848,480,56.344,55.629,2.371,53.259,15.225,15.166,16.818,6.05,38.034,0.711,0.003,58.435,114.804
1785989301,364822266,1785989301,364822266,41.117,5,848,480,40.614,39.877,1.074,38.803,8.007,9.254,17.439,4.103,30.796,0.734,0.003,48.586,89.24
1785989301,431503174,1785989301,431503174,65.351,5,848,480,41.183,40.435,1.794,38.641,6.688,8.933,18.447,4.573,31.953,0.745,0.003,46.699,87.91
1785989301,498183350,1785989301,498183350,67.306,5,848,480,41.839,41.148,3.929,37.219,6.678,8.821,17.602,4.117,30.541,0.688,0.003,46.674,88.536
1785989301,564863037,1785989301,564863037,65.403,5,848,480,40.155,39.458,1.904,37.554,7.061,8.697,17.943,3.854,30.494,0.693,0.004,47.077,87.316
1785989301,631542236,1785989301,631542236,63.776,5,848,480,39.807,39.098,2.106,36.992,6.873,8.45,17.29,4.378,30.118,0.707,0.003,44.523,84.352
1785989301,698220703,1785989301,698220703,66.444,5,848,480,41.06,40.314,3.778,36.536,7.121,8.372,17.1,3.943,29.415,0.743,0.003,43.046,84.121
1785989301,764898926,1785989301,764898926,67.853,5,848,480,41.583,40.818,1.728,39.09,6.536,8.129,20.532,3.893,32.553,0.762,0.003,43.685,85.297
1785989301,831576416,1785989301,831576416,66.761,5,848,480,39.262,38.545,1.608,36.937,6.501,8.432,17.272,4.732,30.436,0.714,0.003,46.092,85.382
1785989301,898253906,1785989301,898253906,67.397,5,848,480,42.375,41.525,2.034,39.491,8.0,8.458,17.423,5.61,31.491,0.834,0.016,43.718,86.121
1785989301,964937500,1785989301,964937500,66.745,5,848,480,40.075,39.309,1.742,37.566,7.123,8.575,17.209,4.66,30.444,0.763,0.003,46.062,86.164
1785989302,31620605,1785989302,31620605,67.321,5,848,480,42.686,41.952,1.829,40.123,9.295,9.071,17.182,4.575,30.828,0.729,0.005,44.086,86.817
1785989302,131643799,1785989302,131643799,99.612,5,848,480,41.222,40.326,0.965,39.361,8.783,8.715,17.483,4.38,30.578,0.893,0.004,45.151,86.391
1785989302,198325439,1785989302,198325439,69.744,5,848,480,41.457,40.759,0.956,39.803,7.084,11.17,17.471,4.079,32.719,0.695,0.003,47.968,89.448
1785989302,265006592,1785989302,265006592,66.699,5,848,480,39.589,38.904,1.044,37.86,7.372,9.199,17.243,4.046,30.488,0.682,0.003,49.853,89.467
1785989302,298346924,1785989302,298346924,59.664,5,848,480,52.863,51.787,1.376,50.411,20.954,8.14,16.887,4.429,29.456,1.07,0.006,62.907,115.858
1785989302,365027100,1785989302,365027100,47.384,5,848,480,46.878,46.182,1.637,44.545,11.501,12.163,17.022,3.859,33.045,0.693,0.003,49.577,96.494
1785989302,398366943,1785989302,398366943,60.286,5,848,480,58.74,57.957,2.287,55.67,23.65,8.991,17.463,5.566,32.02,0.779,0.003,64.675,123.441
1785989302,465046387,1785989302,465046387,59.421,5,848,480,59.034,58.147,1.059,57.089,26.433,8.603,16.84,5.213,30.655,0.869,0.017,57.123,116.206
1785989302,531725098,1785989302,531725098,59.548,5,848,480,59.023,58.062,0.968,57.094,9.386,20.518,16.79,10.4,47.708,0.955,0.006,49.995,109.073
1785989302,565064209,1785989302,565064209,52.14,5,848,480,49.465,48.775,6.891,41.884,10.746,9.629,17.472,4.038,31.138,0.687,0.003,78.377,127.852
1785989302,631742188,1785989302,631742188,48.532,5,848,480,48.133,47.098,0.717,46.382,15.436,9.133,16.698,5.114,30.946,1.029,0.006,61.537,109.73
1785989302,698419678,1785989302,698419678,48.042,5,848,480,40.393,39.662,1.614,38.048,7.739,8.917,17.41,3.983,30.309,0.728,0.003,50.665,91.067
1785989302,765096680,1785989302,765096680,67.024,5,848,480,48.666,47.958,2.344,45.614,9.121,8.785,17.323,10.385,36.493,0.704,0.003,42.732,91.419
1785989302,798434814,1785989302,798434814,57.536,5,848,480,57.139,56.372,0.925,55.447,10.212,20.384,18.403,6.448,45.235,0.763,0.004,58.44,115.62
1785989302,865110840,1785989302,865110840,44.961,5,848,480,44.542,43.85,0.87,42.98,9.099,12.493,17.318,4.071,33.882,0.689,0.003,49.321,93.97
1785989302,898449219,1785989302,898449219,62.335,5,848,480,60.8,60.025,1.108,58.917,22.393,8.323,17.196,11.005,36.524,0.771,0.003,62.068,122.907
1785989302,965133057,1785989302,965133057,39.049,5,848,480,38.549,37.825,1.006,36.819,7.162,8.57,17.22,3.866,29.657,0.721,0.003,56.678,95.265
1785989303,31816162,1785989303,31816162,63.922,5,848,480,42.451,41.756,1.687,40.069,8.908,9.753,17.36,4.047,31.161,0.692,0.003,50.031,92.646
1785989303,98499023,1785989303,98499023,91.697,5,848,480,53.025,52.212,1.055,51.157,8.966,18.75,17.131,6.31,42.191,0.808,0.004,64.472,117.52
1785989303,165181152,1785989303,165181152,43.08,5,848,480,42.426,41.746,1.026,40.72,8.205,10.724,17.454,4.337,32.515,0.676,0.003,51.454,94.019
1785989303,298543701,1785989303,298543701,132.034,5,848,480,40.413,39.724,1.744,37.981,6.962,9.657,17.492,3.87,31.019,0.686,0.003,52.15,92.586
1785989303,331884033,1785989303,331884033,62.04,5,848,480,54.758,53.968,2.045,51.923,10.966,13.672,16.896,10.389,40.957,0.787,0.003,66.507,121.286
1785989303,398564209,1785989303,398564209,58.677,5,848,480,58.213,56.413,0.854,55.559,18.321,15.719,16.912,4.607,37.238,1.793,0.007,55.035,113.496
1785989303,431904053,1785989303,431904053,70.776,5,848,480,68.812,68.146,12.961,55.185,21.973,9.69,16.883,6.638,33.211,0.662,0.003,81.883,150.719
1785989303,531922852,1785989303,531922852,39.766,5,848,480,39.273,38.45,0.943,37.507,6.948,9.371,17.224,3.964,30.56,0.819,0.003,51.156,90.47
1785989303,598601318,1785989303,598601318,62.995,5,848,480,39.961,39.275,1.799,37.476,6.91,8.288,17.258,5.019,30.566,0.683,0.003,46.795,86.782
1785989303,665279297,1785989303,665279297,64.715,5,848,480,40.446,39.669,1.977,37.692,6.795,8.454,17.466,4.977,30.897,0.774,0.003,44.355,84.82
1785989303,731956787,1785989303,731956787,66.748,5,848,480,40.353,39.562,2.175,37.387,6.919,8.696,17.288,4.485,30.468,0.788,0.003,44.683,84.891
1785989303,798633545,1785989303,798633545,70.721,5,848,480,44.28,43.534,1.987,41.548,6.901,8.135,22.279,4.233,34.647,0.742,0.003,44.631,88.936
1785989303,865309814,1785989303,865309814,65.042,5,848,480,42.406,41.63,2.263,39.367,7.327,8.475,19.107,4.459,32.041,0.774,0.003,44.885,87.3
1785989303,931990479,1785989303,931990479,72.15,5,848,480,45.518,44.606,1.91,42.696,10.129,10.621,17.629,4.318,32.567,0.906,0.005,47.232,92.789
1785989303,998674316,1785989303,998674316,63.408,5,848,480,43.862,43.152,1.137,42.015,11.208,8.544,17.34,4.922,30.807,0.706,0.003,45.62,89.489
1785989304,65357422,1785989304,65357422,67.457,5,848,480,45.289,44.437,1.848,42.589,7.591,9.149,20.963,4.887,34.998,0.847,0.005,44.969,90.28
1785989304,98698730,1785989304,98698730,57.682,5,848,480,57.21,56.382,7.081,49.301,16.295,10.817,17.167,5.023,33.006,0.824,0.004,57.364,114.63
1785989304,165381348,1785989304,165381348,73.053,5,848,480,72.611,71.794,1.176,70.618,17.273,24.113,16.96,12.272,53.345,0.813,0.004,48.331,120.986
1785989304,232062988,1785989304,232062988,62.623,5,848,480,62.199,61.256,0.986,60.27,7.946,29.223,17.069,6.031,52.324,0.937,0.005,54.685,116.929
1785989304,298744385,1785989304,298744385,41.684,5,848,480,39.923,39.216,0.884,38.332,7.541,9.415,17.339,4.037,30.791,0.703,0.004,51.977,91.925
1785989304,332084961,1785989304,332084961,59.774,5,848,480,52.909,52.23,2.345,49.885,15.76,10.054,17.393,6.678,34.125,0.676,0.003,65.425,118.419
1785989304,398765381,1785989304,398765381,65.019,5,848,480,64.552,63.83,0.885,62.946,17.974,16.987,16.707,11.277,44.971,0.718,0.003,52.105,116.696
1785989304,465445313,1785989304,465445313,48.71,5,848,480,48.317,47.428,3.162,44.266,13.026,9.93,17.264,4.047,31.24,0.885,0.004,50.37,98.739
1785989304,498785156,1785989304,498785156,60.644,5,848,480,54.574,53.776,3.143,50.633,18.146,10.947,17.435,4.105,32.487,0.795,0.003,71.434,126.031
1785989304,565464355,1785989304,565464355,56.861,5,848,480,56.436,55.716,0.87,54.846,22.344,8.223,17.145,7.134,32.502,0.716,0.003,59.74,116.211
1785989304,632142822,1785989304,632142822,44.113,5,848,480,42.682,41.915,1.067,40.848,9.636,9.578,17.534,4.101,31.212,0.764,0.004,50.932,93.648
1785989304,698820801,1785989304,698820801,62.188,5,848,480,41.899,41.153,1.107,40.046,7.297,8.501,18.219,6.029,32.749,0.743,0.003,47.251,89.156
1785989304,765498291,1785989304,765498291,66.099,5,848,480,42.399,41.725,1.807,39.917,6.939,8.674,20.269,4.035,32.978,0.671,0.003,46.153,88.578
1785989304,832175293,1785989304,832175293,67.39,5,848,480,40.389,39.624,2.093,37.531,6.949,9.166,17.514,3.902,30.582,0.762,0.003,48.876,89.292
1785989304,898852295,1785989304,898852295,66.27,5,848,480,40.636,39.861,1.71,38.151,7.598,8.837,17.556,4.16,30.553,0.771,0.004,48.226,88.888
1785989304,965538086,1785989304,965538086,65.671,5,848,480,41.751,41.07,2.897,38.173,6.845,8.564,18.529,4.235,31.328,0.677,0.003,46.092,87.867
1785989305,32223389,1785989305,32223389,108.138,5,848,480,82.874,82.14,0.791,81.349,21.695,18.931,35.823,4.9,59.654,0.729,0.004,46.429,129.328
1785989305,98907959,1785989305,98907959,62.937,5,848,480,62.501,61.785,0.944,60.841,29.22,8.968,17.351,5.303,31.621,0.711,0.004,63.036,125.579
1785989305,165592285,1785989305,165592285,44.345,5,848,480,43.907,42.86,1.301,41.559,8.685,9.845,17.433,5.596,32.874,1.043,0.004,59.292,103.245
1785989305,198934082,1785989305,198934082,51.742,5,848,480,49.481,48.764,2.891,45.873,9.263,14.142,17.819,4.649,36.61,0.714,0.003,72.249,121.634
1785989305,265617432,1785989305,265617432,61.971,5,848,480,61.573,60.831,0.885,59.947,7.481,21.035,17.157,14.274,52.465,0.739,0.003,55.311,116.922
1785989305,332300537,1785989305,332300537,43.736,5,848,480,43.338,42.501,2.147,40.355,7.572,11.268,17.553,3.962,32.783,0.834,0.003,50.598,93.975
1785989305,365641602,1785989305,365641602,55.768,5,848,480,46.402,45.751,1.423,44.328,10.845,9.441,17.043,6.999,33.483,0.648,0.003,69.982,116.4
1785989305,432323730,1785989305,432323730,43.701,5,848,480,43.197,42.447,2.672,39.776,8.016,9.964,17.391,4.405,31.76,0.747,0.003,50.187,93.426
1785989305,499005371,1785989305,499005371,68.758,5,848,480,42.307,41.558,1.709,39.849,6.665,11.774,17.349,4.061,33.184,0.745,0.004,53.168,95.503
1785989305,565686523,1785989305,565686523,61.735,5,848,480,40.096,39.359,2.002,37.357,6.994,8.831,17.496,4.036,30.363,0.734,0.003,50.435,90.554
1785989305,632366943,1785989305,632366943,63.628,5,848,480,42.303,41.58,1.626,39.953,6.921,8.111,21.073,3.849,33.033,0.72,0.004,45.171,87.554
1785989305,699047119,1785989305,699047119,65.096,5,848,480,40.501,39.763,1.657,38.106,7.566,8.58,17.271,4.688,30.539,0.735,0.003,45.386,85.914
1785989305,765726563,1785989305,765726563,67.912,5,848,480,43.588,42.929,2.868,40.061,9.47,8.543,17.866,4.182,30.591,0.656,0.003,43.538,87.145
1785989305,832405518,1785989305,832405518,67.973,5,848,480,44.509,43.776,0.867,42.91,13.062,8.076,17.298,4.474,29.848,0.73,0.003,43.911,88.44
1785989305,932439697,1785989305,932439697,99.487,5,848,480,43.205,42.482,1.513,40.969,6.74,8.182,19.251,6.796,34.229,0.719,0.004,44.666,87.896
1785989305,999278564,1785989305,999278564,64.724,5,848,480,40.267,39.577,2.134,37.443,7.282,8.508,17.217,4.436,30.161,0.687,0.003,45.492,85.79
1785989306,66118652,1785989306,66118652,83.969,5,848,480,53.553,52.654,0.915,51.739,7.398,9.33,29.274,5.738,44.341,0.894,0.004,49.333,102.921
1785989306,99539307,1785989306,99539307,51.368,5,848,480,50.704,49.852,4.091,45.761,10.488,11.551,17.41,6.312,35.273,0.849,0.003,70.185,120.863
1785989306,166381836,1785989306,166381836,62.853,5,848,480,62.433,61.433,3.922,57.51,26.895,8.575,16.916,5.124,30.616,0.995,0.006,54.398,116.891
1785989306,233225586,1785989306,233225586,43.984,5,848,480,43.482,42.801,1.152,41.649,10.278,9.843,17.398,4.131,31.371,0.678,0.003,50.488,94.005
1785989306,266647949,1785989306,266647949,63.466,5,848,480,61.628,60.775,1.139,59.635,20.145,9.12,25.064,5.307,39.491,0.849,0.004,62.394,124.054
1785989306,333493896,1785989306,333493896,59.648,5,848,480,57.1,56.371,1.499,54.872,12.434,17.219,16.839,8.381,42.438,0.725,0.003,59.731,116.852
1785989306,400341309,1785989306,400341309,67.077,5,848,480,58.894,58.176,4.43,53.746,22.3,8.333,17.754,5.358,31.445,0.715,0.004,58.163,117.084
1785989306,467190186,1785989306,467190186,42.73,5,848,480,41.247,40.379,0.954,39.425,8.461,9.494,17.479,3.991,30.964,0.865,0.003,51.684,92.965
1785989306,534040527,1785989306,534040527,60.016,5,848,480,39.756,38.945,2.174,36.771,6.891,8.444,17.358,4.078,29.88,0.808,0.003,46.354,86.132
1785989306,600892090,1785989306,600892090,65.784,5,848,480,40.6,39.875,1.845,38.03,7.034,8.517,17.273,5.207,30.997,0.721,0.003,44.44,85.062
1785989306,667745361,1785989306,667745361,68.941,5,848,480,42.42,41.677,1.547,40.13,7.085,8.443,17.185,7.416,33.045,0.739,0.003,44.704,87.149
1785989306,734599854,1785989306,734599854,68.068,5,848,480,44.093,43.365,1.791,41.573,6.471,8.201,22.934,3.967,35.102,0.725,0.003,44.244,88.362
1785989306,801455811,1785989306,801455811,66.93,5,848,480,43.506,42.666,1.544,41.122,6.96,8.506,20.934,4.723,34.162,0.835,0.005,44.911,88.447
1785989306,868313232,1785989306,868313232,66.598,5,848,480,42.626,41.913,2.233,39.679,7.03,8.529,19.733,4.388,32.65,0.709,0.004,45.525,88.178
1785989306,935170410,1785989306,935170410,66.412,5,848,480,39.941,39.184,1.913,37.271,6.931,8.727,17.47,4.144,30.34,0.754,0.003,47.765,87.734
1785989307,35405762,1785989307,35405762,106.966,5,848,480,46.579,45.872,1.029,44.843,8.324,13.297,18.302,4.92,36.519,0.703,0.004,47.859,94.473
1785989307,68818115,1785989307,68818115,87.237,5,848,480,86.707,86.033,4.636,81.397,22.704,30.554,16.858,11.281,58.693,0.671,0.003,61.544,148.285
1785989307,169056885,1785989307,169056885,44.388,5,848,480,43.977,43.253,0.903,42.35,12.516,8.456,17.313,4.065,29.834,0.722,0.003,48.421,92.436
1785989307,202470459,1785989307,202470459,62.696,5,848,480,61.408,60.679,0.916,59.763,21.599,13.496,17.308,7.359,38.164,0.726,0.003,60.278,121.731
1785989307,269298340,1785989307,269298340,56.177,5,848,480,55.775,54.418,1.633,52.785,20.228,9.197,16.824,6.535,32.557,1.352,0.005,55.256,111.088
1785989307,302712891,1785989307,302712891,50.5,5,848,480,49.722,48.934,0.989,47.945,16.286,10.43,17.39,3.839,31.659,0.785,0.004,78.401,128.163
1785989307,369542480,1785989307,369542480,52.045,5,848,480,51.618,50.895,0.972,49.922,16.393,9.95,17.323,6.256,33.529,0.72,0.003,61.714,113.368
1785989307,436373291,1785989307,436373291,65.654,5,848,480,58.583,57.497,2.238,55.259,7.473,25.53,17.527,4.728,47.785,1.08,0.006,53.594,112.212
1785989307,503205566,1785989307,503205566,55.337,5,848,480,53.935,52.924,0.926,51.998,13.583,9.74,24.237,4.437,38.415,1.004,0.006,46.734,100.729
1785989307,536621826,1785989307,536621826,53.968,5,848,480,53.211,52.534,8.601,43.933,13.537,8.798,17.465,4.133,30.396,0.674,0.004,68.008,121.25
1785989307,603455811,1785989307,603455811,52.887,5,848,480,52.466,51.759,0.955,50.804,8.718,17.794,16.634,7.658,42.085,0.705,0.003,54.798,107.31
1785989307,703708740,1785989307,703708740,77.679,5,848,480,41.1,40.343,0.745,39.598,7.45,8.099,20.202,3.846,32.148,0.754,0.003,43.605,84.734
1785989307,770545410,1785989307,770545410,65.427,5,848,480,40.287,39.506,1.333,38.173,7.771,8.54,17.252,4.61,30.402,0.778,0.003,43.01,83.32
1785989307,837383301,1785989307,837383301,66.82,5,848,480,39.332,38.639,1.019,37.62,7.462,8.333,17.338,4.487,30.157,0.69,0.003,44.105,83.3
1785989307,904222412,1785989307,904222412,65.94,5,848,480,39.904,39.128,1.618,37.51,6.739,8.584,17.254,4.933,30.771,0.773,0.003,42.472,82.404
1785989307,970968018,1785989307,970968018,67.063,5,848,480,41.269,40.497,1.142,39.355,8.641,8.428,17.551,4.734,30.714,0.769,0.003,41.443,82.719
1785989308,37620850,1785989308,37620850,107.307,5,848,480,74.341,73.621,1.699,71.921,12.556,25.997,23.566,9.802,59.366,0.717,0.003,49.006,123.374
1785989308,70946777,1785989308,70946777,58.776,5,848,480,58.249,57.472,0.876,56.596,10.213,23.394,17.392,5.597,46.383,0.775,0.003,90.537,148.824
1785989308,170923340,1785989308,170923340,41.29,5,848,480,40.884,40.058,0.955,39.103,8.287,9.432,17.329,4.054,30.816,0.823,0.003,49.213,90.145
1785989308,237572998,1785989308,237572998,60.491,5,848,480,40.415,39.693,1.181,38.512,7.887,8.75,17.247,4.629,30.625,0.719,0.003,43.54,84.182
1785989308,304221436,1785989308,304221436,66.789,5,848,480,41.004,40.211,1.681,38.53,6.874,8.562,17.189,5.906,31.656,0.789,0.004,43.129,84.123
1785989308,370869141,1785989308,370869141,64.967,5,848,480,40.872,40.14,2.628,37.512,6.725,8.869,17.329,4.589,30.787,0.729,0.003,41.546,82.451
1785989308,437515381,1785989308,437515381,67.31,5,848,480,41.288,40.63,2.113,38.516,7.764,8.744,17.254,4.754,30.752,0.655,0.003,41.793,83.101
1785989308,470838379,1785989308,470838379,69.595,5,848,480,57.556,56.875,7.828,49.047,16.159,8.786,19.959,4.142,32.888,0.678,0.003,61.793,119.374
1785989308,537483154,1785989308,537483154,61.459,5,848,480,61.034,60.285,0.82,59.465,13.567,18.946,16.678,10.274,45.898,0.746,0.003,53.116,114.185
1785989308,604126709,1785989308,604126709,46.488,5,848,480,46.043,45.288,1.833,43.456,11.781,10.331,17.392,3.952,31.674,0.751,0.003,47.954,94.031
1785989308,637448242,1785989308,637448242,57.739,5,848,480,55.623,54.937,1.023,53.914,18.679,13.255,17.119,4.861,35.234,0.683,0.004,62.806,118.502
1785989308,704090332,1785989308,704090332,42.447,5,848,480,41.987,41.3,0.941,40.359,9.046,9.849,17.384,4.08,31.313,0.685,0.003,52.229,94.255
1785989308,770731445,1785989308,770731445,65.433,5,848,480,41.008,40.293,1.722,38.571,7.06,10.138,17.326,4.048,31.511,0.712,0.003,52.013,93.046
1785989308,837371338,1785989308,837371338,61.856,5,848,480,40.777,39.98,1.802,38.178,7.649,8.947,17.511,4.071,30.529,0.793,0.003,47.535,88.263
1785989308,904010254,1785989308,904010254,62.683,5,848,480,40.726,39.987,1.168,38.819,8.331,8.662,17.164,4.662,30.488,0.736,0.003,43.555,84.309
1785989308,970700928,1785989308,970700928,66.72,5,848,480,40.245,39.577,0.959,38.617,8.123,8.528,17.143,4.823,30.494,0.665,0.003,44.064,84.337
1785989309,37443115,1785989309,37443115,70.356,5,848,480,46.011,45.341,1.685,43.656,13.015,8.31,17.075,5.257,30.641,0.666,0.004,41.914,87.948
1785989309,70814697,1785989309,70814697,50.337,5,848,480,44.284,43.31,1.483,41.827,7.683,9.093,20.407,4.644,34.144,0.969,0.005,60.614,104.938
1785989309,104186523,1785989309,104186523,80.213,5,848,480,75.456,74.662,1.1,73.562,24.284,16.897,16.842,15.538,49.278,0.79,0.003,76.412,151.762
1785989309,204303955,1785989309,204303955,67.47,5,848,480,64.069,63.341,3.208,60.133,20.508,8.835,17.506,13.284,39.625,0.725,0.003,55.017,119.111
1785989309,271050537,1785989309,271050537,61.533,5,848,480,61.104,60.32,1.091,59.23,8.2,22.251,16.683,12.096,51.029,0.78,0.004,52.754,113.896
1785989309,337798340,1785989309,337798340,54.654,5,848,480,53.412,52.34,1.152,51.188,8.067,19.924,18.378,4.819,43.122,0.794,0.278,48.639,102.111
1785989309,371172607,1785989309,371172607,46.606,5,848,480,45.465,44.597,5.46,39.137,7.385,9.077,17.124,5.551,31.752,0.864,0.005,69.548,115.064
1785989309,437922119,1785989309,437922119,48.052,5,848,480,47.601,46.516,1.119,45.397,11.783,12.243,17.098,4.272,33.614,1.079,0.005,48.699,96.358
1785989309,504673096,1785989309,504673096,60.418,5,848,480,39.272,38.577,1.616,36.962,6.65,8.9,17.334,4.078,30.311,0.692,0.003,50.708,90.006
1785989309,571425049,1785989309,571425049,61.693,5,848,480,41.7,40.957,1.994,38.963,7.104,8.553,19.169,4.138,31.86,0.74,0.003,43.221,84.948
1785989309,638178467,1785989309,638178467,69.285,5,848,480,44.796,44.079,1.023,43.056,7.398,11.299,17.59,6.769,35.657,0.714,0.003,42.658,87.476
1785989309,671555420,1785989309,671555420,51.043,5,848,480,50.648,48.837,0.885,47.952,16.128,9.235,17.037,5.552,31.824,1.803,0.008,54.459,105.185
1785989309,704932861,1785989309,704932861,43.223,5,848,480,42.377,41.625,1.002,40.623,8.652,8.735,17.179,6.057,31.971,0.749,0.004,72.59,114.989
1785989309,805067139,1785989309,805067139,72.847,5,848,480,44.307,43.64,0.758,42.881,11.96,8.721,17.387,4.815,30.922,0.664,0.003,43.373,87.698
1785989309,871824707,1785989309,871824707,73.374,5,848,480,48.361,47.669,2.064,45.605,7.794,16.524,17.292,3.995,37.811,0.689,0.003,45.935,94.374
1785989309,905204102,1785989309,905204102,56.391,5,848,480,55.881,55.203,1.944,53.259,18.265,12.716,17.391,4.887,34.994,0.675,0.003,61.409,117.327
1785989309,971918457,1785989309,971918457,45.646,5,848,480,45.25,44.479,0.924,43.555,7.863,14.286,17.323,4.083,35.692,0.768,0.004,50.972,96.266
1785989310,5253418,1785989310,5253418,56.006,5,848,480,54.44,53.742,1.31,52.431,20.883,8.726,18.769,4.054,31.548,0.695,0.003,64.468,118.931
1785989310,38588379,1785989310,38588379,68.116,5,848,480,67.619,66.832,1.16,65.672,15.59,9.378,22.867,17.837,50.082,0.783,0.004,86.055,153.714
1785989310,138591797,1785989310,138591797,52.773,5,848,480,52.373,49.63,0.963,48.668,9.206,11.146,18.344,9.971,39.462,2.737,0.006,54.072,106.534
1785989310,171925781,1785989310,171925781,43.877,5,848,480,41.999,41.118,0.978,40.14,8.807,9.214,17.302,4.817,31.333,0.876,0.005,75.01,117.031
1785989310,271926758,1785989310,271926758,82.443,5,848,480,50.55,49.401,1.919,47.482,8.436,16.963,17.557,4.525,39.046,1.144,0.005,48.897,99.743
1785989310,305260010,1785989310,305260010,50.903,5,848,480,49.76,49.078,1.203,47.875,9.733,9.765,16.983,11.394,38.142,0.679,0.003,67.246,117.065
1785989310,371926025,1785989310,371926025,54.552,5,848,480,54.069,53.239,1.047,52.193,7.538,21.772,16.609,6.273,44.655,0.824,0.006,50.818,105.541
1785989310,405258789,1785989310,405258789,54.503,5,848,480,52.247,51.46,13.333,38.127,6.939,9.43,17.652,4.106,31.188,0.783,0.003,73.826,126.11
1785989310,471923584,1785989310,471923584,58.146,5,848,480,57.72,57.045,1.019,56.026,11.02,16.514,18.816,9.677,45.006,0.671,0.004,59.817,117.574
1785989310,538587646,1785989310,538587646,64.314,5,848,480,59.095,58.43,2.062,56.368,25.207,8.61,16.847,5.704,31.161,0.661,0.003,56.106,115.223
1785989310,605250977,1785989310,605250977,64.936,5,848,480,64.543,63.668,2.035,61.634,17.511,22.36,16.736,5.027,44.123,0.87,0.005,48.917,113.511
1785989310,671913330,1785989310,671913330,43.699,5,848,480,43.216,42.521,1.109,41.412,8.593,11.382,17.233,4.204,32.819,0.692,0.004,47.283,90.535
1785989310,738575195,1785989310,738575195,67.417,5,848,480,42.215,41.42,1.123,40.296,9.348,9.423,17.493,4.032,30.949,0.792,0.003,49.052,91.289
1785989310,805236084,1785989310,805236084,61.765,5,848,480,40.736,40.044,1.059,38.985,8.537,8.553,17.513,4.381,30.447,0.688,0.003,45.641,86.396
1785989310,871896240,1785989310,871896240,65.586,5,848,480,43.076,42.301,1.579,40.722,6.941,8.539,21.379,3.864,33.782,0.772,0.003,42.217,85.32
1785989310,938556396,1785989310,938556396,66.376,5,848,480,42.054,41.135,2.113,39.021,8.683,8.332,17.331,4.675,30.338,0.915,0.004,42.96,85.039
1785989311,5226074,1785989311,5226074,65.89,5,848,480,41.14,40.412,2.2,38.212,7.708,8.722,17.275,4.507,30.504,0.725,0.003,43.107,84.251
1785989311,71895020,1785989311,71895020,86.207,5,848,480,59.871,58.975,1.991,56.984,7.701,8.796,27.591,12.897,49.283,0.893,0.004,43.897,103.794
1785989311,105229004,1785989311,105229004,54.833,5,848,480,54.012,53.183,1.954,51.229,19.476,9.941,17.649,4.162,31.753,0.825,0.004,71.251,125.294
1785989311,171896729,1785989311,171896729,57.388,5,848,480,56.809,56.064,1.094,54.969,21.554,10.745,16.844,5.826,33.415,0.742,0.003,59.166,116.012
1785989311,238563477,1785989311,238563477,42.19,5,848,480,41.687,40.863,0.849,40.014,8.546,10.114,17.286,4.068,31.468,0.821,0.003,49.81,91.55
1785989311,271896729,1785989311,271896729,58.282,5,848,480,52.996,52.349,6.519,45.829,14.308,8.648,17.337,5.537,31.522,0.645,0.003,63.467,116.48
1785989311,338562256,1785989311,338562256,46.253,5,848,480,45.79,44.964,1.04,43.924,8.628,12.946,18.446,3.903,35.296,0.822,0.004,50.245,96.073
1785989311,405227295,1785989311,405227295,61.753,5,848,480,39.808,39.096,1.631,37.465,6.91,9.051,17.437,4.066,30.555,0.709,0.003,51.327,91.214
1785989311,471891357,1785989311,471891357,59.44,5,848,480,39.179,38.355,1.433,36.921,7.153,8.555,17.263,3.951,29.769,0.821,0.003,44.739,83.938
1785989311,538554443,1785989311,538554443,66.875,5,848,480,39.142,38.435,1.74,36.695,6.619,8.553,17.264,4.259,30.076,0.704,0.003,44.979,84.223
1785989311,605217041,1785989311,605217041,67.204,5,848,480,39.986,39.243,2.504,36.739,6.926,8.459,17.292,4.063,29.813,0.739,0.003,44.676,84.689
1785989311,671878662,1785989311,671878662,67.425,5,848,480,40.651,39.951,1.767,38.184,7.598,8.446,17.372,4.768,30.586,0.697,0.003,44.776,85.449
1785989311,738539551,1785989311,738539551,65.567,5,848,480,39.843,39.047,1.733,37.314,6.951,8.809,17.253,4.301,30.363,0.793,0.003,44.491,84.36
1785989311,838529541,1785989311,838529541,102.424,5,848,480,39.666,38.877,1.956,36.921,7.301,8.142,17.442,4.037,29.62,0.785,0.003,47.166,86.792
1785989311,905188232,1785989311,905188232,69.103,5,848,480,45.509,44.685,3.264,41.421,8.164,8.677,19.717,4.863,33.257,0.82,0.003,43.709,89.237
1785989311,938518311,1785989311,938518311,73.712,5,848,480,73.311,72.386,5.691,66.695,18.518,26.308,17.666,4.203,48.178,0.92,0.005,56.27,129.629
1785989312,5187988,1785989312,5187988,93.78,5,848,480,90.78,90.061,6.097,83.964,14.12,29.618,18.66,21.565,69.843,0.715,0.005,65.949,157.145
1785989312,71857178,1785989312,71857178,91.916,5,848,480,90.979,90.175,1.251,88.924,20.686,46.501,17.138,4.6,68.238,0.801,0.004,90.964,181.978
1785989312,138525391,1785989312,138525391,111.159,5,848,480,105.432,104.608,3.377,101.232,41.408,27.686,21.228,10.909,59.823,0.819,0.005,121.013,226.473
1785989312,205192871,1785989312,205192871,89.341,5,848,480,85.29,84.407,3.97,80.437,40.169,15.444,17.526,7.298,40.268,0.878,0.005,163.843,249.154
1785989312,271859619,1785989312,271859619,54.579,5,848,480,54.075,53.127,5.672,47.454,11.484,12.076,17.585,6.31,35.97,0.943,0.005,182.942,237.072
1785989312,371858154,1785989312,371858154,79.054,5,848,480,73.237,72.513,3.877,68.636,28.48,9.244,17.508,13.404,40.156,0.72,0.004,142.853,216.122
1785989312,505186768,1785989312,505186768,55.119,5,848,480,48.278,47.51,1.168,46.343,10.941,10.603,17.64,7.159,35.402,0.763,0.004,89.611,137.908
1785989312,571849854,1785989312,571849854,81.867,5,848,480,68.076,67.267,2.077,65.19,8.812,21.584,17.611,17.183,56.379,0.805,0.004,85.001,153.103
1785989312,671843018,1785989312,671843018,68.183,5,848,480,61.686,60.996,2.326,58.67,18.843,17.914,17.447,4.466,39.827,0.687,0.003,59.869,121.294
1785989312,738504395,1785989312,738504395,51.91,5,848,480,51.358,50.447,0.904,49.543,16.446,10.96,16.943,5.193,33.097,0.907,0.004,55.145,106.55
1785989312,771834473,1785989312,771834473,46.828,5,848,480,45.19,44.292,0.986,43.306,11.223,8.86,18.4,4.823,32.082,0.894,0.004,74.823,120.046
1785989312,838494629,1785989312,838494629,64.084,5,848,480,63.413,62.71,1.3,61.41,13.441,25.38,16.744,5.845,47.969,0.698,0.005,54.021,117.48
1785989312,871824219,1785989312,871824219,69.635,5,848,480,69.036,68.153,1.34,66.812,19.77,18.417,18.171,10.454,47.042,0.88,0.004,84.7,153.776
1785989312,971818848,1785989312,971818848,62.798,5,848,480,62.374,61.68,1.165,60.514,16.815,22.13,17.139,4.43,43.699,0.691,0.004,54.158,116.569
1785989313,38489014,1785989313,38489014,55.996,5,848,480,55.542,54.709,1.964,52.745,7.436,21.133,17.144,7.033,45.31,0.829,0.003,50.317,105.904
1785989313,71823730,1785989313,71823730,83.259,5,848,480,80.674,79.882,1.696,78.186,21.343,11.938,17.637,27.268,56.843,0.788,0.004,75.126,155.828
1785989313,171826660,1785989313,171826660,48.374,5,848,480,47.948,47.023,1.098,45.925,11.929,11.602,17.5,4.893,33.996,0.92,0.004,56.208,104.2
1785989313,205160645,1785989313,205160645,50.817,5,848,480,48.072,47.395,2.039,45.356,12.992,10.025,17.181,5.157,32.364,0.674,0.003,73.585,121.675
1785989313,271827881,1785989313,271827881,65.276,5,848,480,64.842,59.518,0.847,58.671,25.571,10.16,17.125,5.815,33.1,5.317,0.006,55.407,120.302
1785989313,338494141,1785989313,338494141,48.254,5,848,480,47.8,42.521,1.983,40.538,8.277,9.601,17.45,5.211,32.262,5.272,0.007,54.039,101.895
1785989313,371827148,1785989313,371827148,52.36,5,848,480,48.764,48.076,0.92,47.156,7.899,9.513,17.035,12.708,39.257,0.685,0.003,72.111,120.899
1785989313,438492432,1785989313,438492432,40.198,5,848,480,39.728,38.984,0.825,38.159,7.426,9.128,17.526,4.079,30.733,0.741,0.003,54.664,94.432
1785989313,505156982,1785989313,505156982,67.397,5,848,480,49.526,48.229,1.965,46.264,9.251,14.893,16.951,5.169,37.013,1.292,0.005,45.617,95.187
1785989313,538489014,1785989313,538489014,58.731,5,848,480,58.233,57.466,5.641,51.825,21.117,9.342,17.362,4.004,30.708,0.764,0.003,62.299,120.566
1785989313,571820557,1785989313,571820557,72.414,5,848,480,65.506,64.707,0.991,63.716,33.129,8.902,17.504,4.181,30.587,0.794,0.004,94.116,159.652
1785989313,671814697,1785989313,671814697,54.704,5,848,480,54.286,53.542,0.951,52.591,13.71,10.407,17.046,11.428,38.881,0.74,0.004,60.032,114.352
1785989313,738476563,1785989313,738476563,57.081,5,848,480,55.481,54.506,1.083,53.423,14.205,17.064,16.932,5.222,39.218,0.97,0.005,49.268,104.945
1785989313,771807129,1785989313,771807129,52.693,5,848,480,51.951,50.913,1.671,49.242,7.95,11.846,24.466,4.98,41.292,1.034,0.004,72.158,124.149
1785989313,838467529,1785989313,838467529,66.459,5,848,480,65.856,65.094,3.991,61.104,10.008,11.153,16.935,23.008,51.096,0.758,0.004,58.042,123.939
1785989313,905127197,1785989313,905127197,60.174,5,848,480,59.772,59.016,0.964,58.052,22.886,9.653,16.763,8.749,35.165,0.753,0.003,57.639,117.45
1785989313,971791992,1785989313,971791992,72.68,5,848,480,72.287,71.521,5.854,65.666,17.171,14.749,16.878,16.869,48.496,0.763,0.004,51.14,123.469
1785989314,38460693,1785989314,38460693,51.524,5,848,480,51.116,50.291,1.018,49.273,13.786,11.415,17.327,6.745,35.487,0.82,0.005,57.168,108.337
1785989314,71794434,1785989314,71794434,78.557,5,848,480,74.298,73.653,9.667,63.986,20.63,12.497,17.229,13.631,43.356,0.642,0.003,79.236,153.541
1785989314,171795166,1785989314,171795166,42.578,5,848,480,42.14,41.446,0.841,40.605,7.784,9.389,19.289,4.143,32.821,0.691,0.003,53.943,96.123
1785989314,238461426,1785989314,238461426,61.914,5,848,480,41.629,40.871,1.104,39.767,8.619,9.863,17.352,3.933,31.148,0.755,0.003,49.74,91.369
1785989314,305126709,1785989314,305126709,64.109,5,848,480,40.638,39.922,1.993,37.929,7.545,8.436,17.713,4.236,30.385,0.713,0.003,48.148,88.812
1785989314,371791260,1785989314,371791260,63.96,5,848,480,40.269,39.506,2.464,37.043,6.954,8.517,17.093,4.479,30.089,0.76,0.003,45.821,86.11
1785989314,438454834,1785989314,438454834,68.836,5,848,480,42.522,41.778,3.24,38.538,6.98,9.311,17.654,4.593,31.558,0.741,0.003,45.792,88.281
1785989314,505117676,1785989314,505117676,65.4,5,848,480,40.285,39.544,1.637,37.906,7.096,8.566,17.508,4.737,30.811,0.739,0.003,46.706,87.019
1785989314,571779785,1785989314,571779785,64.567,5,848,480,39.697,38.989,1.443,37.546,7.0,8.461,17.243,4.842,30.546,0.705,0.003,45.2,84.923
1785989314,638441162,1785989314,638441162,69.052,5,848,480,41.288,40.601,1.864,38.737,8.269,8.658,17.289,4.521,30.468,0.684,0.003,46.001,87.314
1785989314,705101563,1785989314,705101563,68.126,5,848,480,42.424,41.582,1.756,39.826,6.794,8.614,19.582,4.836,33.032,0.839,0.003,46.33,88.779
1785989314,771761230,1785989314,771761230,65.722,5,848,480,41.987,41.296,2.196,39.1,8.116,8.654,17.393,4.938,30.984,0.688,0.003,45.833,87.844
1785989314,871749268,1785989314,871749268,98.973,5,848,480,40.657,39.894,1.828,38.066,7.232,8.539,17.351,4.944,30.834,0.76,0.003,46.176,86.826
1785989314,938407471,1785989314,938407471,66.441,5,848,480,40.361,39.643,2.231,37.412,6.771,8.587,17.267,4.788,30.641,0.716,0.003,46.222,86.61
1785989315,5079346,1785989315,5079346,68.38,5,848,480,42.558,41.797,1.659,40.138,6.823,8.361,21.114,3.84,33.315,0.758,0.003,45.734,88.32
1785989315,71750488,1785989315,71750488,77.54,5,848,480,43.211,42.401,0.907,41.494,7.345,10.918,17.797,5.434,34.149,0.806,0.004,55.951,99.194
1785989315,138420654,1785989315,138420654,67.793,5,848,480,45.877,44.659,2.536,42.123,8.866,10.51,17.602,5.145,33.256,1.214,0.004,54.417,100.321
1785989315,171755615,1785989315,171755615,64.901,5,848,480,63.16,62.408,1.008,61.4,18.429,20.954,17.556,4.462,42.971,0.749,0.004,68.685,132.127
1785989315,238424561,1785989315,238424561,55.177,5,848,480,54.455,53.639,0.985,52.654,14.963,11.058,17.661,8.972,37.691,0.812,0.004,65.895,120.387
1785989315,305093018,1785989315,305093018,54.745,5,848,480,54.339,53.617,4.186,49.431,18.163,9.304,16.996,4.968,31.268,0.718,0.004,54.103,110.746
1785989315,338427002,1785989315,338427002,75.235,5,848,480,60.597,59.811,2.016,57.795,12.4,18.646,17.071,9.678,45.395,0.782,0.004,89.749,150.364
1785989315,438427490,1785989315,438427490,66.897,5,848,480,66.491,65.806,2.163,63.643,13.668,26.414,16.799,6.762,49.976,0.682,0.004,50.729,117.261
1785989315,505093506,1785989315,505093506,50.698,5,848,480,49.011,48.156,3.649,44.507,11.931,11.457,17.035,4.085,32.577,0.851,0.004,52.251,101.303
1785989315,538426270,1785989315,538426270,55.35,5,848,480,54.902,54.153,1.122,53.03,20.925,8.352,17.219,6.534,32.105,0.746,0.004,68.37,123.313
1785989315,605091309,1785989315,605091309,61.234,5,848,480,60.819,60.127,2.25,57.878,24.399,10.112,16.892,6.474,33.479,0.688,0.004,57.02,117.881
1785989315,671755371,1785989315,671755371,67.121,5,848,480,60.153,59.438,6.457,52.981,8.134,15.884,16.866,12.097,44.847,0.712,0.004,58.158,118.335
1785989315,738418701,1785989315,738418701,50.078,5,848,480,48.414,47.413,2.072,45.341,12.81,11.393,16.939,4.2,32.531,0.996,0.005,53.31,101.765
1785989315,771750244,1785989315,771750244,57.204,5,848,480,56.627,55.557,2.194,53.363,19.407,8.25,19.051,6.655,33.956,1.065,0.004,68.96,125.63
1785989315,838412354,1785989315,838412354,60.283,5,848,480,59.673,58.99,1.894,57.096,18.702,15.132,16.833,6.43,38.394,0.679,0.004,59.536,119.24
1785989315,905073975,1785989315,905073975,43.395,5,848,480,42.902,42.223,3.568,38.655,7.572,9.68,17.433,3.971,31.084,0.676,0.003,53.035,95.991
1785989315,938404785,1785989315,938404785,60.652,5,848,480,58.463,57.728,0.847,56.88,21.871,11.397,16.73,6.882,35.009,0.732,0.003,64.804,123.294
1785989316,5163330,1785989316,5163330,54.607,5,848,480,54.216,53.364,0.871,52.493,10.024,20.485,16.835,5.149,42.469,0.848,0.004,56.891,111.141
1785989316,38543213,1785989316,38543213,81.254,5,848,480,79.511,78.803,16.954,61.849,13.114,18.176,17.103,13.456,48.735,0.705,0.003,79.489,159.017
1785989316,138685059,1785989316,138685059,62.099,5,848,480,61.569,60.8,0.978,59.823,23.808,14.267,17.259,4.489,36.015,0.766,0.003,59.418,120.977
1785989316,172066406,1785989316,172066406,63.314,5,848,480,61.224,60.476,0.85,59.626,15.771,18.736,16.888,8.231,43.855,0.744,0.003,89.655,150.91
1785989316,272212646,1785989316,272212646,64.647,5,848,480,64.237,63.436,2.821,60.615,14.984,22.24,17.726,5.665,45.631,0.797,0.004,51.134,115.41
1785989316,305595459,1785989316,305595459,41.213,5,848,480,40.669,39.809,0.899,38.91,7.93,8.65,17.302,5.027,30.979,0.856,0.005,82.535,123.248
1785989316,405746338,1785989316,405746338,69.958,5,848,480,41.399,40.614,1.891,38.723,6.663,10.475,17.539,4.045,32.059,0.781,0.003,51.621,93.047
1785989316,472515381,1785989316,472515381,61.071,5,848,480,38.905,38.11,0.952,37.158,6.997,8.427,17.183,4.551,30.161,0.792,0.003,48.425,87.346
1785989316,539285889,1785989316,539285889,65.717,5,848,480,39.694,38.87,1.334,37.536,6.989,8.177,17.163,5.208,30.548,0.821,0.003,46.573,86.298
1785989316,606058105,1785989316,606058105,69.501,5,848,480,43.324,42.573,2.195,40.378,7.061,8.625,20.512,4.18,33.317,0.748,0.003,45.678,89.022
1785989316,672831543,1785989316,672831543,64.353,5,848,480,39.871,39.116,2.083,37.033,6.825,8.521,17.575,4.111,30.208,0.751,0.003,46.705,86.603
1785989316,706218994,1785989316,706218994,66.016,5,848,480,60.694,60.034,2.542,57.491,23.708,8.427,16.785,8.571,33.783,0.657,0.003,58.514,119.227
1785989316,772994629,1785989316,772994629,61.263,5,848,480,60.824,59.954,1.106,58.848,24.038,11.189,16.803,6.818,34.81,0.866,0.004,52.857,113.796
1785989316,806383301,1785989316,806383301,51.589,5,848,480,49.723,48.977,1.3,47.676,14.69,11.935,17.167,3.884,32.986,0.743,0.004,82.164,131.921
1785989316,873161377,1785989316,873161377,51.137,5,848,480,50.731,49.877,1.019,48.858,15.427,8.924,16.97,7.536,33.431,0.851,0.004,65.576,116.276
1785989316,939939941,1785989316,939939941,58.173,5,848,480,56.556,55.625,0.998,54.627,10.099,22.442,16.751,5.334,44.528,0.925,0.006,51.089,107.748
1785989316,973282471,1785989316,973282471,59.017,5,848,480,56.788,55.894,6.639,49.255,7.834,8.822,28.032,4.568,41.422,0.89,0.004,76.548,133.356
1785989317,39967041,1785989317,39967041,64.213,5,848,480,63.746,62.586,1.447,61.139,16.265,9.043,29.445,6.386,44.874,1.156,0.004,67.12,130.88
1785989317,106651123,1785989317,106651123,78.299,5,848,480,76.179,73.819,4.38,69.439,30.172,17.05,16.791,5.425,39.267,2.353,0.007,66.294,142.803
1785989317,173334717,1785989317,173334717,44.861,5,848,480,43.99,43.17,1.017,42.153,11.779,8.351,17.24,4.784,30.374,0.816,0.003,76.639,120.666
1785989317,273359131,1785989317,273359131,72.937,5,848,480,42.014,41.327,1.821,39.507,7.456,9.075,18.863,4.113,32.051,0.684,0.003,51.539,93.578
1785989317,340041260,1785989317,340041260,63.839,5,848,480,41.085,40.391,1.755,38.636,6.901,8.727,18.751,4.256,31.735,0.69,0.003,49.624,90.737
1785989317,406723145,1785989317,406723145,64.153,5,848,480,40.401,39.686,0.917,38.769,7.25,8.873,18.342,4.304,31.519,0.711,0.004,47.783,88.215
1785989317,473404297,1785989317,473404297,65.768,5,848,480,38.781,38.091,1.785,36.305,6.468,8.131,17.258,4.448,29.837,0.687,0.003,48.487,87.294
1785989317,540084961,1785989317,540084961,67.576,5,848,480,41.109,40.407,0.882,39.525,6.799,8.11,20.598,4.018,32.726,0.7,0.003,47.052,88.239
1785989317,606765137,1785989317,606765137,65.59,5,848,480,40.741,39.887,2.79,37.097,6.512,8.359,17.257,4.969,30.585,0.85,0.003,46.331,87.097
1785989317,673444824,1785989317,673444824,70.998,5,848,480,39.539,38.815,1.703,37.112,6.761,8.743,17.49,4.118,30.351,0.721,0.003,51.881,91.417
1785989317,740123779,1785989317,740123779,61.982,5,848,480,40.027,39.329,1.835,37.494,7.684,8.448,17.204,4.158,29.809,0.695,0.003,46.666,86.718
1785989317,806802490,1785989317,806802490,67.499,5,848,480,40.924,40.181,2.05,38.131,6.847,8.396,17.317,5.57,31.284,0.74,0.004,46.589,87.541
1785989317,873480469,1785989317,873480469,66.665,5,848,480,41.096,40.214,2.311,37.902,7.095,8.563,17.431,4.814,30.808,0.879,0.003,46.411,87.527
1785989317,940158203,1785989317,940158203,65.231,5,848,480,39.38,38.712,1.947,36.765,6.62,8.582,17.283,4.28,30.146,0.664,0.004,46.674,86.079
1785989318,6849854,1785989318,6849854,69.385,5,848,480,41.825,41.078,1.631,39.447,7.047,8.539,19.756,4.105,32.4,0.744,0.004,46.922,88.821
1785989318,73540771,1785989318,73540771,70.877,5,848,480,44.764,43.821,1.735,42.087,9.047,9.698,18.61,4.732,33.04,0.937,0.005,48.176,92.97
1785989318,106886230,1785989318,106886230,61.375,5,848,480,60.933,60.113,4.953,55.16,20.603,10.329,17.535,6.694,34.558,0.817,0.003,60.018,120.987
1785989318,173576660,1785989318,173576660,65.623,5,848,480,64.292,63.635,1.017,62.619,18.702,17.585,16.949,9.383,43.917,0.654,0.003,55.595,119.918
1785989318,240266602,1785989318,240266602,63.675,5,848,480,63.211,62.358,0.961,61.397,12.593,21.298,16.865,10.641,48.804,0.848,0.004,53.658,116.926
1785989318,306956055,1785989318,306956055,67.631,5,848,480,66.135,65.44,4.558,60.882,10.364,18.488,16.857,15.173,50.518,0.692,0.003,51.675,117.847
1785989318,373645020,1785989318,373645020,69.672,5,848,480,69.257,68.542,0.855,67.687,16.463,23.019,16.72,11.485,51.224,0.712,0.003,51.536,120.83
1785989318,440333740,1785989318,440333740,45.966,5,848,480,45.578,44.785,0.892,43.892,7.664,14.911,17.299,4.019,36.229,0.789,0.005,54.494,100.134
1785989318,473677979,1785989318,473677979,53.141,5,848,480,48.532,47.828,1.106,46.722,14.129,8.931,17.543,6.119,32.593,0.701,0.003,71.359,119.903
1785989318,540365723,1785989318,540365723,48.469,5,848,480,48.008,47.242,0.97,46.272,8.613,16.682,16.947,4.03,37.659,0.763,0.004,53.641,101.722
1785989318,573709473,1785989318,573709473,63.298,5,848,480,59.336,58.633,18.42,40.213,8.651,9.715,17.674,4.173,31.562,0.7,0.003,72.286,131.641
1785989318,640396729,1785989318,640396729,58.735,5,848,480,58.2,57.536,0.957,56.579,22.887,8.51,17.281,7.901,33.692,0.661,0.003,65.451,123.691
1785989318,707083740,1785989318,707083740,53.85,5,848,480,52.156,50.07,0.933,49.137,15.73,10.419,16.977,6.012,33.408,2.08,0.006,58.67,110.869
1785989318,773770020,1785989318,773770020,79.032,5,848,480,60.101,59.275,2.084,57.191,9.372,11.026,16.686,20.108,47.819,0.822,0.003,63.071,123.202
1785989318,840455811,1785989318,840455811,44.049,5,848,480,43.628,42.745,1.024,41.721,9.473,11.076,17.1,4.071,32.247,0.879,0.005,56.896,100.575
1785989318,873798584,1785989318,873798584,53.763,5,848,480,51.347,50.332,1.15,49.183,18.483,9.166,16.879,4.654,30.699,1.009,0.006,69.678,121.01
1785989318,940484131,1785989318,940484131,48.083,5,848,480,47.534,46.507,4.203,42.304,9.78,11.608,16.864,4.052,32.524,1.021,0.005,54.812,102.4
1785989319,7169678,1785989319,7169678,56.409,5,848,480,39.216,38.464,1.013,37.452,7.187,8.804,17.597,3.864,30.265,0.749,0.003,52.862,92.105
1785989319,73854736,1785989319,73854736,102.245,5,848,480,66.866,66.099,1.83,64.269,8.15,34.308,17.337,4.474,56.119,0.762,0.004,60.771,127.669
1785989319,107197021,1785989319,107197021,59.396,5,848,480,58.973,58.173,0.936,57.237,23.779,10.511,17.246,5.702,33.458,0.796,0.004,94.705,153.72
1785989319,173881348,1785989319,173881348,45.514,5,848,480,45.088,44.157,0.953,43.204,9.771,10.357,18.26,4.817,33.434,0.926,0.004,87.421,132.56
1785989319,240564941,1785989319,240564941,58.948,5,848,480,58.491,57.689,1.249,56.44,20.719,9.565,17.21,8.947,35.721,0.799,0.003,66.282,124.81
1785989319,307248291,1785989319,307248291,50.907,5,848,480,46.183,44.967,3.484,41.484,7.994,10.649,17.385,5.455,33.489,1.21,0.006,62.85,111.636
1785989319,340589600,1785989319,340589600,54.58,5,848,480,51.417,50.655,12.438,38.217,7.152,8.889,18.038,4.138,31.065,0.758,0.004,78.828,130.278
1785989319,407271973,1785989319,407271973,55.581,5,848,480,54.785,54.049,0.985,53.064,15.517,11.411,17.487,8.648,37.547,0.733,0.003,64.35,119.166
1785989319,473953857,1785989319,473953857,52.805,5,848,480,52.433,51.2,0.951,50.249,7.656,21.681,16.681,4.23,42.593,1.227,0.006,52.826,105.325
1785989319,507294678,1785989319,507294678,52.074,5,848,480,49.306,48.656,1.241,47.416,10.43,9.49,17.042,10.453,36.985,0.647,0.003,74.708,124.026
1785989319,573975586,1785989319,573975586,44.084,5,848,480,43.605,42.853,0.988,41.865,10.119,10.305,17.443,3.998,31.746,0.748,0.004,57.789,101.518
1785989319,607316162,1785989319,607316162,53.539,5,848,480,51.808,51.061,1.533,49.529,8.929,13.928,17.226,9.445,40.599,0.743,0.004,69.793,121.63
1785989319,673996338,1785989319,673996338,64.303,5,848,480,63.91,63.166,5.351,57.816,13.437,17.667,17.074,9.637,44.379,0.739,0.004,55.319,119.259
1785989319,740676025,1785989319,740676025,52.779,5,848,480,52.314,51.445,1.149,50.296,7.169,20.33,16.809,5.988,43.127,0.865,0.003,53.001,105.355
1785989319,774015869,1785989319,774015869,54.743,5,848,480,48.766,48.047,3.748,44.298,11.407,11.144,17.487,4.261,32.892,0.716,0.003,77.967,126.756
1785989319,874034180,1785989319,874034180,64.739,5,848,480,40.215,39.454,1.699,37.755,6.765,8.631,18.169,4.19,30.99,0.757,0.004,51.237,91.478
1785989319,940712646,1785989319,940712646,64.162,5,848,480,40.429,39.759,0.918,38.84,8.198,8.423,17.193,5.027,30.642,0.667,0.003,48.503,88.959
1785989320,7396484,1785989320,7396484,66.035,5,848,480,40.545,39.826,2.249,37.577,6.871,8.614,17.391,4.7,30.706,0.715,0.004,47.747,88.316
1785989320,74079834,1785989320,74079834,78.964,5,848,480,43.26,42.182,1.825,40.358,8.28,10.272,17.304,4.501,32.077,1.072,0.006,57.307,100.671
1785989320,140762939,1785989320,140762939,67.846,5,848,480,46.458,45.721,3.087,42.633,8.481,10.165,18.476,5.512,34.153,0.734,0.003,55.274,101.76
1785989320,174104004,1785989320,174104004,61.881,5,848,480,61.437,60.712,0.896,59.817,26.845,9.652,18.973,4.347,32.972,0.72,0.004,68.82,130.295
1785989320,240786133,1785989320,240786133,66.892,5,848,480,66.484,65.793,5.495,60.299,24.816,8.853,22.202,4.428,35.483,0.688,0.003,63.98,130.504
1785989320,307467773,1785989320,307467773,56.863,5,848,480,56.241,55.529,0.991,54.538,8.284,18.392,16.783,11.08,46.254,0.708,0.004,64.406,120.684
1785989320,374148682,1785989320,374148682,55.559,5,848,480,53.993,52.893,3.386,49.507,16.209,10.999,16.732,5.567,33.298,1.094,0.006,55.542,110.7
1785989320,407489014,1785989320,407489014,48.983,5,848,480,47.023,46.197,1.003,45.195,7.922,13.212,19.717,4.344,37.273,0.822,0.003,78.164,125.206
1785989320,474168945,1785989320,474168945,67.796,5,848,480,67.388,66.666,0.828,65.838,8.084,23.525,19.458,14.771,57.754,0.718,0.004,58.912,126.33
1785989320,540848633,1785989320,540848633,61.762,5,848,480,61.324,60.409,1.004,59.405,10.083,17.308,24.849,7.166,49.323,0.91,0.005,60.043,121.418
1785989320,574188232,1785989320,574188232,52.73,5,848,480,50.091,49.244,1.271,47.974,8.319,17.422,17.267,4.965,39.654,0.842,0.004,90.681,140.845
1785989320,640866943,1785989320,640866943,48.63,5,848,480,48.084,47.318,1.282,46.036,8.152,12.503,17.097,8.283,37.883,0.762,0.003,74.623,122.746
1785989320,707545166,1785989320,707545166,48.421,5,848,480,45.846,45.053,2.116,42.937,13.206,8.535,17.119,4.077,29.731,0.788,0.005,58.613,104.497
1785989320,740884033,1785989320,740884033,50.485,5,848,480,49.614,48.892,1.255,47.637,15.783,8.706,16.941,6.207,31.854,0.719,0.003,71.989,121.635
1785989320,807561523,1785989320,807561523,67.317,5,848,480,63.261,62.584,2.0,60.584,21.718,16.956,16.86,5.05,38.867,0.674,0.004,58.988,122.273
1785989320,874238281,1785989320,874238281,45.918,5,848,480,45.521,44.688,1.164,43.524,12.824,9.456,17.174,4.07,30.7,0.828,0.005,55.954,101.528
1785989320,907576660,1785989320,907576660,51.522,5,848,480,49.501,48.793,1.02,47.773,10.065,15.981,16.979,4.748,37.708,0.704,0.004,70.222,119.697
1785989320,974256836,1785989320,974256836,53.588,5,848,480,53.182,52.139,1.939,50.2,14.217,14.834,16.541,4.607,35.983,1.038,0.005,53.387,106.678
1785989321,7598633,1785989321,7598633,54.263,5,848,480,53.51,52.806,1.467,51.339,18.795,8.974,19.206,4.365,32.545,0.7,0.004,73.983,129.622
1785989321,74281982,1785989321,74281982,78.978,5,848,480,76.293,75.29,1.901,73.39,17.764,27.026,21.39,7.209,55.625,0.998,0.005,63.493,139.83
1785989321,140964844,1785989321,140964844,55.072,5,848,480,51.972,51.296,3.355,47.941,17.196,9.166,17.511,4.067,30.745,0.674,0.003,76.238,128.222
1785989321,240988037,1785989321,240988037,65.98,5,848,480,41.763,40.993,0.986,40.007,7.878,10.419,17.543,4.167,32.129,0.767,0.003,52.379,94.168
1785989321,307669434,1785989321,307669434,64.872,5,848,480,40.11,39.392,1.026,38.366,7.924,8.823,17.457,4.162,30.442,0.715,0.003,52.226,92.362
1785989321,374350342,1785989321,374350342,66.311,5,848,480,42.762,41.984,1.61,40.374,7.327,8.605,17.393,7.049,33.047,0.774,0.004,49.204,91.998
1785989321,441030518,1785989321,441030518,64.867,5,848,480,42.402,41.716,1.851,39.865,8.273,9.437,17.367,4.787,31.592,0.683,0.003,47.757,90.301
1785989321,507710449,1785989321,507710449,65.417,5,848,480,39.994,39.272,1.794,37.478,7.007,8.604,17.374,4.494,30.472,0.719,0.003,48.892,88.914
1785989321,574389648,1785989321,574389648,69.127,5,848,480,40.002,39.195,1.045,38.15,7.858,8.602,17.448,4.242,30.292,0.803,0.004,51.344,91.361
1785989321,641068359,1785989321,641068359,65.095,5,848,480,39.873,39.197,1.013,38.184,7.647,8.536,17.305,4.696,30.537,0.673,0.003,49.877,89.776
1785989321,707746582,1785989321,707746582,69.841,5,848,480,39.583,38.82,1.633,37.187,6.817,8.77,17.396,4.204,30.37,0.759,0.004,53.333,92.945
1785989321,774424316,1785989321,774424316,66.35,5,848,480,39.645,38.907,0.862,38.045,6.945,8.142,18.845,4.113,31.1,0.734,0.004,52.945,92.612
1785989321,807762939,1785989321,807762939,61.39,5,848,480,52.646,51.773,2.197,49.576,12.061,9.122,17.712,10.681,37.515,0.868,0.005,67.995,120.671
1785989321,874439697,1785989321,874439697,48.306,5,848,480,47.896,42.003,1.951,40.052,8.009,9.86,17.858,4.324,32.043,5.885,0.007,54.36,102.315
1785989321,907777832,1785989321,907777832,58.148,5,848,480,56.214,55.488,15.649,39.838,8.249,8.79,18.568,4.232,31.59,0.724,0.003,70.866,127.106
1785989321,974579102,1785989321,974579102,61.162,5,848,480,60.757,59.999,0.919,59.08,22.955,8.839,16.981,10.304,36.125,0.754,0.004,60.666,121.472
1785989322,41507324,1785989322,41507324,66.625,5,848,480,66.088,62.126,1.126,61.001,23.074,12.832,17.018,8.077,37.926,3.958,0.005,55.033,121.163
1785989322,108439453,1785989322,108439453,73.094,5,848,480,63.081,62.269,3.19,59.079,11.259,23.477,19.715,4.628,47.82,0.809,0.003,64.218,127.32
1785989322,175375244,1785989322,175375244,68.277,5,848,480,67.725,67.035,0.83,66.205,32.971,8.523,17.481,7.23,33.234,0.687,0.003,60.899,128.659
1785989322,242314941,1785989322,242314941,62.892,5,848,480,62.482,61.776,0.826,60.951,20.322,10.386,17.513,12.73,40.629,0.702,0.003,62.092,124.615
1785989322,309258057,1785989322,309258057,43.326,5,848,480,41.772,40.853,1.02,39.833,8.4,10.366,17.078,3.99,31.433,0.915,0.004,59.194,101.007
1785989322,376205078,1785989322,376205078,63.546,5,848,480,40.746,39.935,1.555,38.38,7.455,9.707,17.235,3.983,30.925,0.807,0.003,56.825,97.592
1785989322,443155762,1785989322,443155762,61.066,5,848,480,39.315,38.632,1.695,36.937,6.662,8.805,17.416,4.055,30.276,0.68,0.003,52.37,91.711
1785989322,543588867,1785989322,543588867,98.099,5,848,480,38.983,38.274,1.472,36.802,7.08,8.182,17.4,4.14,29.722,0.706,0.003,50.365,89.377
1785989322,610549072,1785989322,610549072,67.668,5,848,480,44.321,43.624,0.867,42.757,7.155,8.388,17.123,10.091,35.602,0.694,0.003,45.742,90.084
1785989322,677512695,1785989322,677512695,67.049,5,848,480,39.613,38.884,1.75,37.134,6.865,8.696,17.457,4.117,30.269,0.725,0.004,50.53,90.17
1785989322,744480225,1785989322,744480225,64.57,5,848,480,41.906,41.152,1.688,39.464,7.18,8.617,19.189,4.478,32.284,0.69,0.063,45.898,87.833
1785989322,811451660,1785989322,811451660,66.221,5,848,480,41.156,40.371,1.738,38.633,7.016,8.585,17.363,5.669,31.617,0.781,0.004,45.84,87.025
1785989322,844938477,1785989322,844938477,50.07,5,848,480,45.024,44.099,1.57,42.529,7.593,13.216,16.901,4.818,34.935,0.92,0.006,58.558,103.623
1785989322,878426514,1785989322,878426514,52.828,5,848,480,48.88,48.174,1.029,47.145,11.71,9.729,17.122,8.584,35.436,0.703,0.003,74.051,122.94
1785989322,945401855,1785989322,945401855,53.65,5,848,480,53.271,52.149,0.985,51.164,18.59,9.451,16.618,6.505,32.574,1.116,0.005,56.31,109.632
1785989323,45746826,1785989323,45746826,83.581,5,848,480,45.174,44.449,2.372,42.077,9.86,10.072,17.62,4.525,32.217,0.721,0.004,47.655,92.921
1785989323,79241943,1785989323,79241943,75.327,5,848,480,74.847,74.076,6.011,68.065,31.126,15.201,17.472,4.266,36.939,0.767,0.003,59.801,134.687
1785989323,146235596,1785989323,146235596,64.071,5,848,480,63.652,62.866,3.941,58.925,14.256,23.48,17.198,3.991,44.669,0.781,0.005,68.073,131.77
1785989323,213233643,1785989323,213233643,62.7,5,848,480,62.061,61.286,1.291,59.995,26.926,10.103,18.762,4.204,33.069,0.772,0.003,65.367,127.467
1785989323,280236328,1785989323,280236328,59.424,5,848,480,57.935,57.285,1.004,56.281,25.425,8.471,17.42,4.966,30.856,0.646,0.004,61.92,119.887
1785989323,347243164,1785989323,347243164,61.234,5,848,480,60.78,60.119,0.942,59.176,19.902,15.03,16.754,7.491,39.274,0.658,0.003,53.295,114.113
1785989323,414254883,1785989323,414254883,46.269,5,848,480,45.877,45.109,1.979,43.13,11.847,9.727,17.589,3.967,31.283,0.765,0.003,47.455,93.372
1785989323,447762207,1785989323,447762207,63.127,5,848,480,60.736,59.839,5.812,54.027,9.942,21.896,17.454,4.735,44.085,0.893,0.003,62.233,122.991
1785989323,514780518,1785989323,514780518,60.244,5,848,480,59.601,58.733,4.398,54.334,9.673,15.592,17.948,11.121,44.662,0.864,0.003,56.579,116.222
1785989323,581803223,1785989323,581803223,51.569,5,848,480,50.883,49.722,3.869,45.853,8.726,14.63,17.464,5.034,37.128,1.153,0.007,49.851,100.802
1785989323,615316406,1785989323,615316406,75.369,5,848,480,63.051,62.204,4.738,57.466,17.177,15.754,17.756,6.779,40.29,0.843,0.004,79.543,142.624
1785989323,682345703,1785989323,682345703,72.453,5,848,480,71.728,70.972,1.135,69.837,28.108,11.107,17.559,13.063,41.73,0.753,0.004,76.283,148.051
1785989323,782898438,1785989323,782898438,76.942,5,848,480,69.268,68.403,6.631,61.772,20.621,9.411,24.373,7.367,41.151,0.861,0.004,55.561,124.439
1785989323,849938965,1785989323,849938965,88.133,5,848,480,87.619,86.945,1.465,85.479,39.143,20.678,17.303,8.356,46.337,0.671,0.003,57.867,145.641
1785989323,950508301,1785989323,950508301,79.116,5,848,480,63.081,61.628,0.983,60.645,11.778,26.857,17.742,4.268,48.867,1.446,0.007,60.972,124.103
1785989324,17467041,1785989324,17467041,51.075,5,848,480,50.353,49.533,1.311,48.222,14.222,9.166,17.665,7.17,34.0,0.814,0.005,57.801,108.207
1785989324,50904541,1785989324,50904541,81.038,5,848,480,74.808,73.789,5.501,68.288,18.214,22.586,22.674,4.814,50.073,1.014,0.005,80.959,155.8
1785989324,117781006,1785989324,117781006,92.575,5,848,480,92.074,91.367,3.99,87.377,19.512,18.701,31.35,17.814,67.865,0.702,0.005,89.378,181.504
1785989324,218099121,1785989324,218099121,71.878,5,848,480,66.251,65.537,1.054,64.483,15.746,26.937,17.35,4.45,48.736,0.711,0.004,86.778,153.051
1785989324,284980225,1785989324,284980225,50.366,5,848,480,49.897,49.069,5.502,43.567,6.888,14.453,17.304,4.922,36.679,0.823,0.005,86.597,136.549
1785989324,351863281,1785989324,351863281,47.813,5,848,480,40.777,40.036,1.427,38.609,7.089,9.448,17.901,4.172,31.521,0.737,0.004,76.666,117.461
1785989324,452191162,1785989324,452191162,65.066,5,848,480,43.68,42.998,2.05,40.948,9.132,8.49,17.181,6.145,31.816,0.68,0.003,38.497,82.197
1785989324,519078613,1785989324,519078613,66.223,5,848,480,41.777,41.037,1.907,39.13,7.157,8.341,17.707,5.926,31.974,0.737,0.003,39.736,81.532
1785989324,585968018,1785989324,585968018,65.443,5,848,480,40.424,39.731,1.802,37.929,7.123,8.454,17.547,4.805,30.806,0.689,0.003,39.638,80.133
1785989324,652859375,1785989324,652859375,66.937,5,848,480,41.442,40.704,1.763,38.941,7.389,8.302,17.336,5.914,31.552,0.735,0.003,38.665,80.132
1785989324,719752686,1785989324,719752686,66.872,5,848,480,42.408,41.611,1.957,39.654,7.761,8.646,18.7,4.547,31.893,0.794,0.003,37.679,80.112
1785989324,786647705,1785989324,786647705,68.645,5,848,480,42.316,41.563,1.754,39.809,6.7,8.65,20.239,4.221,33.11,0.75,0.003,39.576,81.864
1785989324,853544434,1785989324,853544434,98.746,5,848,480,75.256,74.176,2.602,71.574,37.367,10.197,17.433,6.577,34.207,1.075,0.005,38.437,113.73
1785989324,920443115,1785989324,920443115,54.742,5,848,480,54.222,51.796,1.851,49.945,18.209,9.25,16.709,5.777,31.736,2.418,0.008,47.303,101.705
1785989324,987342041,1785989324,987342041,58.107,5,848,480,41.916,41.131,0.84,40.29,7.295,11.536,17.037,4.423,32.995,0.781,0.004,50.823,92.774
1785989325,53999268,1785989325,53999268,65.752,5,848,480,41.875,41.144,0.929,40.215,8.638,9.945,17.129,4.503,31.577,0.727,0.003,49.96,91.86
1785989325,120655273,1785989325,120655273,85.553,5,848,480,54.927,54.169,1.04,53.129,17.014,9.833,17.262,9.02,36.115,0.755,0.003,55.804,110.758
1785989325,187310303,1785989325,187310303,68.354,5,848,480,67.954,67.105,0.919,66.186,21.349,15.024,17.001,12.813,44.838,0.844,0.006,44.463,112.463
1785989325,220637451,1785989325,220637451,65.468,5,848,480,63.897,63.206,1.105,62.101,19.879,16.197,16.92,9.105,42.222,0.688,0.003,80.665,144.598
1785989325,320617432,1785989325,320617432,67.854,5,848,480,67.347,66.633,0.91,65.723,21.09,15.767,17.998,10.868,44.632,0.711,0.003,45.084,112.49
1785989325,387269287,1785989325,387269287,40.078,5,848,480,39.646,38.902,1.182,37.72,7.237,8.973,17.598,3.912,30.483,0.741,0.003,46.209,85.895
1785989325,453920410,1785989325,453920410,63.715,5,848,480,42.152,41.378,2.352,39.026,6.952,8.448,19.377,4.248,32.073,0.771,0.003,40.781,82.959
1785989325,520570313,1785989325,520570313,65.623,5,848,480,39.017,38.329,1.067,37.262,6.989,8.56,17.508,4.206,30.273,0.685,0.003,42.927,81.93
1785989325,587219238,1785989325,587219238,63.985,5,848,480,41.036,40.352,2.417,37.935,7.262,8.445,17.523,4.705,30.673,0.68,0.003,38.207,79.268
1785989325,653867188,1785989325,653867188,66.372,5,848,480,40.751,40.029,1.941,38.087,7.233,8.507,17.467,4.88,30.854,0.719,0.003,38.223,78.992
1785989325,720514160,1785989325,720514160,68.887,5,848,480,42.634,41.81,1.81,40.0,6.767,8.408,18.37,6.455,33.233,0.822,0.003,38.571,81.232
1785989325,820482666,1785989325,820482666,96.412,5,848,480,39.463,38.697,1.556,37.141,6.838,8.105,17.229,4.969,30.303,0.762,0.004,38.185,77.682
1785989325,887126953,1785989325,887126953,69.74,5,848,480,40.617,39.734,2.294,37.44,7.218,8.358,17.326,4.538,30.222,0.879,0.003,40.214,80.772
1785989325,953770508,1785989325,953770508,68.333,5,848,480,43.766,43.048,1.348,41.7,8.276,8.463,17.286,7.674,33.423,0.705,0.013,38.686,82.471
1785989325,987093018,1785989325,987093018,65.917,5,848,480,58.722,57.996,0.881,57.115,16.265,14.804,21.611,4.435,40.85,0.723,0.003,56.307,115.049
1785989326,53750244,1785989326,53750244,82.141,5,848,480,81.738,80.013,0.873,79.14,20.103,15.359,16.851,26.828,59.037,1.719,0.007,48.763,130.563
1785989326,120406250,1785989326,120406250,51.128,5,848,480,50.61,49.926,1.123,48.803,18.657,8.502,17.385,4.26,30.147,0.681,0.003,64.362,115.009
1785989326,187061523,1785989326,187061523,63.328,5,848,480,61.038,60.352,1.044,59.308,23.807,11.879,16.785,6.837,35.501,0.683,0.003,50.616,111.682
1785989326,253715576,1785989326,253715576,45.402,5,848,480,44.998,44.13,0.897,43.233,10.305,11.753,17.217,3.958,32.928,0.864,0.003,45.394,90.433
1785989326,287042236,1785989326,287042236,57.579,5,848,480,55.982,55.209,1.108,54.102,11.54,8.783,17.373,16.406,42.562,0.77,0.003,58.674,114.679
1785989326,353694580,1785989326,353694580,49.053,5,848,480,48.652,47.648,1.975,45.674,13.804,10.459,17.1,4.311,31.87,0.999,0.005,48.395,97.101
1785989326,387020508,1785989326,387020508,53.736,5,848,480,51.155,50.387,1.175,49.212,14.676,11.737,17.303,5.497,34.537,0.763,0.005,66.331,117.507
1785989326,453671631,1785989326,453671631,49.437,5,848,480,48.955,47.719,3.347,44.373,10.838,11.256,17.366,4.914,33.535,1.229,0.006,51.294,100.316
1785989326,486996826,1785989326,486996826,52.288,5,848,480,47.867,47.009,9.533,37.476,7.591,8.436,17.452,3.997,29.885,0.855,0.004,71.368,119.245
1785989326,553646240,1785989326,553646240,45.176,5,848,480,44.763,43.96,1.022,42.938,8.123,13.647,16.928,4.239,34.815,0.799,0.005,52.968,97.789
1785989326,620294678,1785989326,620294678,62.441,5,848,480,51.112,50.339,1.057,49.281,9.512,18.788,16.958,4.023,39.769,0.769,0.004,42.426,93.574
1785989326,653618652,1785989326,653618652,63.304,5,848,480,58.699,58.008,5.881,52.127,13.605,8.83,25.743,3.95,38.522,0.688,0.003,64.843,123.542
1785989326,720265625,1785989326,720265625,56.175,5,848,480,55.777,55.084,4.189,50.895,18.825,9.936,16.819,5.314,32.069,0.69,0.003,57.253,113.069
1785989326,786911621,1785989326,786911621,52.023,5,848,480,51.517,50.426,0.992,49.434,17.793,10.018,16.7,4.923,31.641,1.086,0.005,46.895,98.483
1785989326,820234131,1785989326,820234131,58.364,5,848,480,53.715,52.947,11.377,41.57,10.378,9.706,17.344,4.142,31.192,0.764,0.004,69.755,123.489
1785989326,886878662,1785989326,886878662,55.19,5,848,480,54.783,54.124,3.295,50.829,20.404,8.751,17.077,4.596,30.425,0.656,0.003,57.213,112.145
1785989326,953521973,1785989326,953521973,66.218,5,848,480,65.688,64.952,0.896,64.056,24.927,14.559,16.838,7.732,39.129,0.732,0.003,45.884,111.608
1785989327,20251709,1785989327,20251709,69.884,5,848,480,62.302,61.648,2.387,59.261,16.32,17.26,16.721,8.96,42.941,0.651,0.003,52.436,114.757
1785989327,87066162,1785989327,87066162,62.415,5,848,480,61.905,61.193,0.921,60.273,13.257,21.06,17.131,8.825,47.016,0.708,0.004,48.422,110.371
1785989327,153881836,1785989327,153881836,64.908,5,848,480,64.481,63.813,0.971,62.842,22.278,11.991,17.166,11.408,40.565,0.665,0.003,43.937,108.456
1785989327,220698486,1785989327,220698486,52.297,5,848,480,50.789,50.016,1.06,48.956,13.512,14.055,17.203,4.187,35.444,0.769,0.004,43.117,93.95
1785989327,254107178,1785989327,254107178,51.416,5,848,480,50.972,50.047,1.299,48.748,11.821,10.794,17.204,8.93,36.928,0.92,0.005,60.935,111.953
1785989327,320925049,1785989327,320925049,66.414,5,848,480,65.976,65.285,1.724,63.561,20.371,17.087,16.864,9.24,43.19,0.687,0.003,45.526,111.539
1785989327,387744385,1785989327,387744385,39.874,5,848,480,39.484,38.782,0.978,37.804,7.034,9.081,17.556,4.132,30.77,0.699,0.003,45.071,84.607
1785989327,454564453,1785989327,454564453,63.875,5,848,480,40.935,40.255,3.287,36.968,6.625,8.569,17.576,4.197,30.343,0.677,0.003,40.694,81.664
1785989327,521385498,1785989327,521385498,69.108,5,848,480,40.829,40.162,1.011,39.151,7.581,8.916,17.548,5.106,31.57,0.663,0.003,43.087,83.949
1785989327,588207520,1785989327,588207520,62.035,5,848,480,39.675,38.914,1.022,37.892,7.142,8.614,17.235,4.901,30.749,0.758,0.003,39.453,79.15
1785989327,655030518,1785989327,655030518,67.448,5,848,480,41.322,40.546,2.243,38.303,8.111,8.492,17.175,4.525,30.192,0.772,0.003,38.43,79.773
1785989327,721854736,1785989327,721854736,67.946,5,848,480,42.843,42.103,2.94,39.163,9.03,8.127,17.076,4.93,30.133,0.738,0.003,38.031,80.894
1785989327,788679688,1785989327,788679688,66.347,5,848,480,41.43,40.755,2.489,38.265,6.433,8.657,18.964,4.211,31.833,0.672,0.003,38.967,80.417
1785989327,888919189,1785989327,888919189,99.253,5,848,480,40.771,40.076,0.921,39.156,7.104,8.942,17.43,5.68,32.051,0.691,0.003,38.635,79.502
1785989327,955746826,1785989327,955746826,64.533,5,848,480,39.238,38.19,2.076,36.114,7.052,8.092,17.039,3.931,29.062,1.041,0.006,37.88,77.162
1785989328,22481445,1785989328,22481445,77.78,5,848,480,49.737,48.859,2.595,46.265,6.751,8.585,21.198,9.731,39.514,0.874,0.004,38.422,88.185
1785989328,55802490,1785989328,55802490,91.823,5,848,480,81.126,80.214,13.014,67.2,10.722,28.321,18.102,10.055,56.478,0.908,0.004,65.547,146.692
1785989328,155763672,1785989328,155763672,59.289,5,848,480,58.622,56.548,2.22,54.329,18.352,12.162,17.023,6.792,35.977,2.068,0.006,47.357,106.033
1785989328,222402832,1785989328,222402832,43.682,5,848,480,41.991,41.204,2.88,38.324,7.563,8.869,17.467,4.426,30.761,0.784,0.003,41.037,83.056
1785989328,289040771,1785989328,289040771,71.896,5,848,480,49.421,48.734,1.806,46.927,8.053,8.469,17.193,13.212,38.874,0.673,0.014,38.881,88.329
1785989328,322359375,1785989328,322359375,56.431,5,848,480,56.016,55.28,0.972,54.309,12.17,9.506,16.625,16.008,42.139,0.731,0.004,55.371,111.434
1785989328,388995361,1785989328,388995361,68.562,5,848,480,68.089,67.387,0.994,66.393,12.847,21.577,16.792,15.178,53.546,0.699,0.003,45.225,113.363
1785989328,455630127,1785989328,455630127,42.586,5,848,480,42.127,41.438,1.079,40.359,9.051,9.796,17.372,4.141,31.309,0.686,0.003,47.136,89.383
1785989328,522263672,1785989328,522263672,65.831,5,848,480,40.883,40.185,1.404,38.781,6.594,9.427,18.768,3.992,32.186,0.695,0.003,47.595,88.502
1785989328,588895752,1785989328,588895752,60.398,5,848,480,40.21,39.501,1.818,37.683,6.818,8.899,17.256,4.711,30.866,0.706,0.003,42.031,82.264
1785989328,655526611,1785989328,655526611,64.666,5,848,480,41.035,40.367,1.545,38.822,7.839,8.522,17.281,5.181,30.984,0.665,0.003,39.24,80.297
1785989328,722156250,1785989328,722156250,65.636,5,848,480,39.808,39.112,1.025,38.087,7.125,8.533,17.226,5.203,30.962,0.693,0.003,39.48,79.306
1785989328,788784668,1785989328,788784668,66.938,5,848,480,40.226,39.544,1.492,38.052,7.239,8.588,17.237,4.987,30.813,0.679,0.003,39.366,79.618
1785989328,855411865,1785989328,855411865,72.778,5,848,480,39.576,38.698,1.612,37.086,6.905,8.843,17.391,3.946,30.181,0.874,0.004,46.166,85.771
1785989328,922037598,1785989328,922037598,63.693,5,848,480,40.113,39.404,2.333,37.071,6.825,8.68,17.29,4.275,30.245,0.706,0.003,42.703,82.837
1785989328,988663574,1785989328,988663574,64.818,5,848,480,39.979,39.253,0.957,38.296,8.196,8.408,17.224,4.469,30.1,0.723,0.003,41.025,81.025
1785989329,55308838,1785989329,55308838,69.151,5,848,480,41.642,40.68,0.883,39.797,7.123,8.672,17.371,6.631,32.673,0.958,0.004,41.929,83.54
1785989329,88630859,1785989329,88630859,65.369,5,848,480,57.105,56.344,1.25,55.093,14.93,17.573,17.558,5.032,40.163,0.758,0.004,58.465,115.597
1785989329,121952637,1785989329,121952637,64.245,5,848,480,63.64,62.863,0.956,61.907,14.873,21.017,17.477,8.54,47.034,0.774,0.003,82.826,146.503
1785989329,221916260,1785989329,221916260,63.462,5,848,480,63.057,62.287,0.878,61.409,18.419,20.716,16.807,5.467,42.99,0.767,0.004,46.906,110.002
1785989329,288557129,1785989329,288557129,43.074,5,848,480,42.587,41.79,1.953,39.836,9.087,9.211,17.491,4.048,30.75,0.793,0.003,43.81,86.437
1785989329,355196777,1785989329,355196777,62.908,5,848,480,40.369,39.603,1.857,37.746,7.92,8.419,17.157,4.25,29.826,0.762,0.004,42.31,82.752
1785989329,421835205,1785989329,421835205,67.702,5,848,480,42.3,41.603,0.817,40.786,6.842,8.604,20.757,4.584,33.945,0.694,0.003,41.44,83.767
1785989329,488472412,1785989329,488472412,63.093,5,848,480,38.178,37.386,0.834,36.551,6.664,8.239,17.218,4.43,29.887,0.789,0.004,42.02,80.227
1785989329,555108398,1785989329,555108398,67.978,5,848,480,40.131,39.417,1.973,37.445,7.251,8.545,17.321,4.327,30.193,0.71,0.003,41.409,81.564
1785989329,621743164,1785989329,621743164,70.218,5,848,480,40.246,39.505,0.949,38.555,7.994,8.946,17.598,4.017,30.562,0.739,0.003,44.882,85.148
1785989329,688376709,1785989329,688376709,64.496,5,848,480,40.285,39.598,2.313,37.284,6.94,8.601,17.345,4.398,30.344,0.685,0.003,42.707,83.01
1785989329,755008789,1785989329,755008789,66.53,5,848,480,40.307,39.514,1.876,37.638,6.69,9.115,17.961,3.874,30.949,0.79,0.003,42.582,82.908
1785989329,821639893,1785989329,821639893,65.545,5,848,480,40.297,39.518,1.807,37.71,7.169,8.442,17.434,4.665,30.541,0.776,0.003,41.501,81.825
1785989329,888269775,1785989329,888269775,64.964,5,848,480,40.113,39.31,1.689,37.62,7.705,8.415,17.056,4.444,29.915,0.799,0.004,40.019,80.166
1785989329,954898193,1785989329,954898193,67.871,5,848,480,41.465,40.672,2.621,38.051,6.62,8.557,17.761,5.112,31.43,0.79,0.003,39.916,81.401
1785989330,21534668,1785989330,21534668,71.3,5,848,480,45.694,44.949,1.826,43.123,8.004,8.418,21.613,5.089,35.119,0.742,0.003,40.346,86.062
1785989330,54855957,1785989330,54855957,78.859,5,848,480,78.475,77.532,3.59,73.942,20.34,16.114,25.27,12.217,53.602,0.94,0.004,55.138,131.611
1785989330,121497070,1785989330,121497070,84.407,5,848,480,72.224,71.499,2.082,69.418,16.814,24.204,23.452,4.948,52.604,0.721,0.004,77.122,149.373
1785989330,221456543,1785989330,221456543,55.418,5,848,480,53.041,52.283,1.603,50.68,8.372,17.774,17.192,7.342,42.308,0.754,0.004,51.755,104.837
1785989330,254775635,1785989330,254775635,51.005,5,848,480,50.509,49.72,7.165,42.556,8.299,8.873,21.329,4.055,34.257,0.785,0.004,71.967,122.518
1785989330,321413086,1785989330,321413086,59.163,5,848,480,58.755,57.929,0.877,57.052,14.116,17.831,17.174,7.931,42.936,0.823,0.004,56.243,115.035
1785989330,388049072,1785989330,388049072,48.342,5,848,480,47.935,46.886,0.852,46.034,13.886,10.084,17.956,4.108,32.148,1.044,0.004,48.77,96.822
1785989330,421366699,1785989330,421366699,56.106,5,848,480,53.645,52.908,2.438,50.471,20.067,8.753,17.591,4.061,30.404,0.733,0.004,65.858,119.536
1785989330,488000977,1785989330,488000977,42.269,5,848,480,41.869,40.985,1.37,39.615,7.579,10.855,17.204,3.977,32.036,0.879,0.005,53.259,95.178
1785989330,554633789,1785989330,554633789,64.716,5,848,480,41.12,40.269,1.804,38.465,6.973,9.852,17.637,4.003,31.492,0.849,0.003,52.104,93.252
1785989330,621265381,1785989330,621265381,61.617,5,848,480,40.643,39.951,2.178,37.774,7.269,8.903,17.531,4.071,30.505,0.688,0.004,47.567,88.237
1785989330,721210449,1785989330,721210449,93.106,5,848,480,40.572,39.869,2.152,37.717,6.885,8.094,17.325,5.413,30.832,0.699,0.003,40.805,81.395
1785989330,787838867,1785989330,787838867,66.786,5,848,480,40.474,39.713,1.664,38.05,7.309,8.338,17.617,4.786,30.741,0.758,0.003,41.053,81.554
1785989330,887779053,1785989330,887779053,103.0,5,848,480,45.037,44.272,7.386,36.886,6.653,8.591,17.452,4.19,30.233,0.761,0.003,39.553,84.613
1785989330,921091797,1785989330,921091797,49.065,5,848,480,48.665,47.767,0.969,46.799,14.743,10.475,17.306,4.274,32.055,0.893,0.006,51.662,100.394
1785989330,954404297,1785989330,954404297,55.584,5,848,480,55.053,54.258,1.053,53.205,22.182,9.177,17.783,4.062,31.023,0.792,0.003,67.546,122.64
1785989331,21039551,1785989331,21039551,59.65,5,848,480,59.142,58.331,0.826,57.506,22.205,8.972,18.189,8.139,35.3,0.806,0.004,56.471,115.655
1785989331,87682373,1785989331,87682373,65.513,5,848,480,65.098,64.444,0.828,63.616,7.628,33.535,17.349,5.104,55.988,0.651,0.003,49.385,114.585
1785989331,154323975,1785989331,154323975,65.98,5,848,480,57.407,56.727,0.992,55.735,11.472,16.355,18.008,9.899,44.262,0.677,0.003,56.431,113.876
1785989331,220964355,1785989331,220964355,41.249,5,848,480,40.771,39.986,0.934,39.052,8.473,9.213,17.326,4.041,30.579,0.781,0.004,47.659,88.468
1785989331,287603516,1785989331,287603516,63.896,5,848,480,41.015,40.292,1.628,38.664,6.965,8.755,18.618,4.326,31.699,0.72,0.004,44.687,85.836
1785989331,354241211,1785989331,354241211,65.096,5,848,480,41.517,40.831,1.671,39.16,6.886,8.637,19.369,4.269,32.274,0.682,0.003,42.64,84.185
1785989331,420877930,1785989331,420877930,66.737,5,848,480,42.371,41.573,1.529,40.044,8.806,8.592,17.617,5.03,31.238,0.795,0.004,41.887,84.309
1785989331,454195801,1785989331,454195801,64.721,5,848,480,59.145,58.335,1.858,56.477,16.62,10.571,17.589,11.698,39.857,0.806,0.004,56.592,115.798
1785989331,520830566,1785989331,520830566,48.326,5,848,480,47.735,46.947,2.256,44.691,11.93,11.149,17.022,4.591,32.761,0.783,0.005,49.611,97.386
1785989331,554147461,1785989331,554147461,54.202,5,848,480,52.373,51.543,1.158,50.385,19.421,8.404,17.535,5.025,30.964,0.827,0.003,65.859,118.262
1785989331,620780273,1785989331,620780273,41.738,5,848,480,41.339,40.664,0.874,39.79,8.249,10.072,17.35,4.119,31.541,0.672,0.003,51.99,93.367
1785989331,687411865,1785989331,687411865,60.001,5,848,480,40.545,39.862,1.551,38.31,7.283,9.274,17.656,4.097,31.027,0.681,0.003,46.201,86.737
1785989331,754042236,1785989331,754042236,64.051,5,848,480,41.455,40.799,2.527,38.271,6.859,8.675,17.504,5.233,31.412,0.654,0.003,42.679,84.169
1785989331,820671387,1785989331,820671387,69.88,5,848,480,45.258,44.578,2.506,42.072,7.149,8.646,22.205,4.072,34.923,0.677,0.003,42.128,87.408
1785989331,853985352,1785989331,853985352,60.32,5,848,480,59.808,59.148,0.965,58.183,18.337,15.025,16.947,7.874,39.846,0.658,0.003,54.566,114.41
1785989331,920612793,1785989331,920612793,46.89,5,848,480,46.504,45.825,1.933,43.892,12.447,10.058,17.286,4.1,31.444,0.676,0.003,48.133,94.759
1785989331,953925781,1785989331,953925781,54.402,5,848,480,52.718,52.0,2.859,49.14,16.866,8.907,17.394,5.974,32.274,0.715,0.004,63.028,115.775
1785989332,20575928,1785989332,20575928,76.091,5,848,480,75.647,74.822,1.212,73.61,29.94,15.704,22.16,5.806,43.67,0.821,0.004,49.523,125.216
1785989332,87248047,1785989332,87248047,62.842,5,848,480,62.411,61.72,1.012,60.707,26.598,10.83,18.314,4.964,34.109,0.688,0.003,58.929,121.376
1785989332,153918945,1785989332,153918945,66.034,5,848,480,58.492,57.751,2.328,55.422,9.536,10.505,18.035,17.347,45.886,0.738,0.003,62.227,120.75
1785989332,220589111,1785989332,220589111,60.938,5,848,480,60.484,59.753,1.102,58.651,12.827,15.173,22.912,7.738,45.824,0.728,0.003,54.487,115.007
1785989332,287258301,1785989332,287258301,42.394,5,848,480,41.997,41.221,2.02,39.201,8.679,8.696,17.387,4.439,30.522,0.773,0.003,48.698,90.733
1785989332,353926758,1785989332,353926758,62.217,5,848,480,39.988,39.313,1.704,37.609,7.021,8.299,17.346,4.942,30.588,0.672,0.004,46.305,86.282
1785989332,420594482,1785989332,420594482,65.49,5,848,480,41.347,40.597,1.047,39.55,6.905,8.411,17.103,7.13,32.645,0.747,0.003,43.732,85.104
1785989332,487261230,1785989332,487261230,67.103,5,848,480,40.688,39.918,1.888,38.03,6.919,8.64,17.536,4.934,31.111,0.766,0.003,44.828,85.541
1785989332,553927002,1785989332,553927002,67.457,5,848,480,42.258,41.594,1.89,39.704,6.756,8.631,19.957,4.36,32.948,0.662,0.003,44.047,86.332
1785989332,620592041,1785989332,620592041,63.408,5,848,480,39.778,39.005,2.138,36.867,6.919,8.611,17.166,4.171,29.948,0.77,0.003,43.273,83.077
1785989332,687256104,1785989332,687256104,67.867,5,848,480,39.247,38.427,1.569,36.858,7.1,8.407,17.204,4.147,29.758,0.817,0.003,45.012,84.28
1785989332,753919189,1785989332,753919189,69.016,5,848,480,42.526,41.748,1.983,39.765,6.944,8.139,20.851,3.83,32.821,0.775,0.003,44.078,86.629
1785989332,820581543,1785989332,820581543,68.774,5,848,480,39.496,38.819,0.888,37.93,6.652,8.58,17.642,5.057,31.279,0.674,0.003,49.222,88.757
1785989332,887243164,1785989332,887243164,64.813,5,848,480,42.339,41.631,1.794,39.837,6.941,8.498,20.285,4.114,32.896,0.704,0.003,44.535,86.893
1785989332,953903809,1785989332,953903809,66.109,5,848,480,41.998,41.217,1.918,39.299,6.96,8.469,19.786,4.083,32.338,0.778,0.003,44.323,86.341
1785989333,20555664,1785989333,20555664,63.786,5,848,480,39.218,38.455,1.63,36.825,6.711,8.164,17.069,4.881,30.114,0.76,0.003,44.232,83.474
1785989333,87197266,1785989333,87197266,71.316,5,848,480,42.979,41.189,1.083,40.107,9.354,8.933,17.261,4.559,30.752,1.784,0.005,45.151,88.17
1785989333,120517578,1785989333,120517578,74.906,5,848,480,51.921,51.004,7.22,43.784,8.291,12.584,18.182,4.728,35.494,0.912,0.005,77.797,129.753
1785989333,187157227,1785989333,187157227,54.568,5,848,480,45.458,44.651,2.795,41.856,8.069,8.616,18.351,6.82,33.787,0.803,0.004,72.252,117.668
1785989333,253795410,1785989333,253795410,70.431,5,848,480,65.632,64.817,1.761,63.057,20.867,12.435,16.975,12.78,42.19,0.811,0.003,55.802,121.463
1785989333,320432617,1785989333,320432617,63.651,5,848,480,63.115,62.385,0.971,61.414,24.9,8.683,16.867,10.964,36.515,0.727,0.004,55.323,118.473
1785989333,387068359,1785989333,387068359,62.708,5,848,480,62.3,61.341,0.974,60.367,14.368,23.203,16.667,6.129,45.999,0.955,0.004,52.207,114.545
1785989333,453702881,1785989333,453702881,46.259,5,848,480,44.523,43.737,1.225,42.512,11.297,9.667,17.42,4.128,31.215,0.782,0.003,49.67,94.171
1785989333,553652100,1785989333,553652100,92.152,5,848,480,42.16,41.362,2.536,38.826,7.095,8.922,17.334,5.476,31.732,0.794,0.004,44.186,86.382
1785989333,620283447,1785989333,620283447,68.077,5,848,480,43.164,42.489,1.091,41.398,7.9,8.154,21.46,3.885,33.498,0.672,0.003,44.635,87.916
1785989333,686913330,1785989333,686913330,67.303,5,848,480,43.883,43.149,2.473,40.676,6.903,8.191,18.784,6.798,33.773,0.731,0.003,44.587,88.497
1785989333,753541992,1785989333,753541992,65.822,5,848,480,42.395,41.63,1.898,39.733,6.561,8.608,20.677,3.886,33.171,0.762,0.003,45.263,87.696
1785989333,820169434,1785989333,820169434,67.337,5,848,480,42.419,41.537,1.905,39.631,7.019,8.096,17.224,7.291,32.612,0.877,0.005,45.952,88.41
1785989333,886795410,1785989333,886795410,67.702,5,848,480,44.678,43.95,2.169,41.781,7.385,9.373,20.901,4.123,34.396,0.725,0.003,44.767,89.468
1785989333,920107910,1785989333,920107910,62.47,5,848,480,62.055,61.321,0.845,60.476,22.954,11.956,17.033,8.533,37.522,0.731,0.003,56.534,118.626
1785989333,986733154,1785989333,986733154,41.393,5,848,480,40.985,40.298,0.876,39.421,8.166,9.706,17.438,4.112,31.256,0.684,0.003,52.372,93.394
1785989334,53484375,1785989334,53484375,77.734,5,848,480,47.375,46.42,1.96,44.46,7.64,14.824,16.989,5.007,36.82,0.951,0.004,56.976,104.384
1785989334,86885010,1785989334,86885010,57.046,5,848,480,56.429,55.731,1.127,54.604,20.146,10.042,17.737,6.679,34.458,0.694,0.003,71.558,128.022
1785989334,153687012,1785989334,153687012,51.445,5,848,480,51.042,50.263,0.845,49.418,15.354,10.314,16.725,7.025,34.064,0.776,0.003,61.585,112.677
1785989334,253891602,1785989334,253891602,76.514,5,848,480,42.843,42.066,1.967,40.099,7.707,8.625,19.505,4.262,32.392,0.774,0.003,46.107,88.975
1785989334,320695313,1785989334,320695313,66.071,5,848,480,39.885,39.103,0.919,38.183,7.946,8.671,17.361,4.205,30.237,0.779,0.003,48.333,88.249
1785989334,387500244,1785989334,387500244,63.688,5,848,480,39.104,38.422,0.839,37.582,7.044,8.59,17.375,4.573,30.538,0.679,0.003,45.996,85.125
1785989334,454305664,1785989334,454305664,66.983,5,848,480,39.43,38.677,1.704,36.973,6.878,8.455,17.2,4.44,30.095,0.75,0.003,45.848,85.301
1785989334,521112061,1785989334,521112061,67.951,5,848,480,41.067,40.276,1.759,38.516,6.647,8.091,19.926,3.853,31.87,0.789,0.003,45.355,86.45
1785989334,587919189,1785989334,587919189,67.421,5,848,480,43.064,42.382,2.157,40.225,6.988,8.346,20.747,4.144,33.237,0.679,0.003,43.973,87.062
1785989334,654727051,1785989334,654727051,64.026,5,848,480,40.194,39.419,1.109,38.31,6.956,8.363,17.212,5.779,31.354,0.771,0.003,44.068,84.283
1785989334,721535889,1785989334,721535889,67.118,5,848,480,40.106,39.362,1.808,37.554,6.79,8.296,17.441,5.027,30.763,0.741,0.003,44.456,84.589
1785989334,788345459,1785989334,788345459,67.828,5,848,480,41.927,41.237,1.575,39.661,6.467,8.557,20.319,4.318,33.194,0.687,0.004,43.654,85.607
1785989334,855155762,1785989334,855155762,69.699,5,848,480,42.772,42.091,1.004,41.087,9.166,8.563,17.587,5.771,31.921,0.678,0.003,45.699,88.496
1785989334,921966797,1785989334,921966797,64.942,5,848,480,41.015,40.343,1.906,38.437,6.575,8.503,17.949,5.409,31.862,0.669,0.004,45.587,86.626
1785989334,988778809,1785989334,988778809,65.354,5,848,480,40.674,39.979,1.036,38.943,8.625,8.554,17.162,4.603,30.318,0.692,0.003,44.471,85.168
1785989335,55497559,1785989335,55497559,70.883,5,848,480,41.825,41.076,0.975,40.101,7.676,9.712,17.674,5.039,32.425,0.746,0.003,47.483,89.341
1785989335,122123779,1785989335,122123779,77.395,5,848,480,46.158,45.218,0.783,44.436,8.068,15.308,16.884,4.175,36.368,0.935,0.005,53.923,100.111
1785989335,155436279,1785989335,155436279,64.432,5,848,480,63.802,63.106,0.894,62.212,20.548,20.182,17.278,4.203,41.663,0.693,0.004,67.386,131.225
1785989335,222060303,1785989335,222060303,55.047,5,848,480,44.974,44.238,0.827,43.411,10.837,10.546,17.371,4.658,32.574,0.733,0.003,74.648,119.646
1785989335,288682861,1785989335,288682861,44.175,5,848,480,43.778,42.876,0.813,42.063,10.483,10.139,17.359,4.082,31.58,0.897,0.005,53.381,97.22
1785989335,321993408,1785989335,321993408,53.912,5,848,480,51.836,51.129,1.885,49.244,8.946,16.012,17.72,6.565,40.298,0.705,0.003,65.941,117.799
1785989335,388613525,1785989335,388613525,59.251,5,848,480,58.846,58.104,0.832,57.272,16.271,9.324,19.206,12.471,41.001,0.737,0.005,51.546,110.762
1785989335,421923096,1785989335,421923096,73.439,5,848,480,70.772,70.052,14.889,55.163,16.03,14.495,16.818,7.82,39.133,0.716,0.004,79.774,150.559
1785989335,521849365,1785989335,521849365,50.108,5,848,480,47.505,46.42,1.911,44.509,14.326,9.189,16.806,4.189,30.183,1.078,0.006,53.2,100.854
1785989335,588464844,1785989335,588464844,60.715,5,848,480,39.957,39.219,1.139,38.08,7.633,9.109,17.32,4.018,30.447,0.734,0.004,54.936,94.84
1785989335,655078857,1785989335,655078857,58.512,5,848,480,39.807,38.996,2.347,36.649,6.48,8.401,17.476,4.291,30.169,0.808,0.003,46.906,86.738
1785989335,721691406,1785989335,721691406,66.219,5,848,480,41.881,41.035,2.113,38.922,7.253,8.309,17.156,6.204,31.669,0.842,0.004,44.441,86.347
1785989335,788302246,1785989335,788302246,68.015,5,848,480,43.499,42.776,1.773,41.002,7.056,8.599,21.46,3.887,33.946,0.72,0.003,44.224,87.751
1785989335,854911865,1785989335,854911865,65.187,5,848,480,40.197,39.526,2.328,37.198,7.243,8.366,17.263,4.326,29.955,0.667,0.003,46.105,86.325
1785989335,921519531,1785989335,921519531,64.976,5,848,480,39.462,38.762,0.835,37.927,6.82,8.097,17.237,5.773,31.107,0.697,0.003,45.206,84.694
1785989335,988125977,1785989335,988125977,67.252,5,848,480,40.651,39.732,1.232,38.5,7.775,8.772,17.27,4.683,30.725,0.915,0.004,44.664,85.343
1785989336,54743164,1785989336,54743164,73.065,5,848,480,47.027,46.286,2.559,43.727,7.118,8.626,20.806,7.177,36.609,0.738,0.003,44.742,91.844
1785989336,88056396,1785989336,88056396,92.053,5,848,480,68.101,65.172,3.005,62.166,18.84,18.787,16.901,7.639,43.327,0.696,2.232,84.637,152.771
1785989336,187993652,1785989336,187993652,69.869,5,848,480,67.21,66.518,2.651,63.867,16.684,16.417,16.736,14.03,47.183,0.689,0.003,53.211,120.459
1785989336,254616699,1785989336,254616699,64.498,5,848,480,57.363,56.584,5.551,51.033,9.132,12.242,16.805,12.854,41.901,0.775,0.004,60.947,118.338
1785989336,321238037,1785989336,321238037,48.195,5,848,480,46.635,45.866,1.001,44.865,13.499,10.053,17.214,4.099,31.366,0.765,0.004,53.242,99.919
1785989336,354548096,1785989336,354548096,53.627,5,848,480,53.123,52.357,6.948,45.409,13.855,8.699,17.463,5.392,31.554,0.763,0.003,67.064,120.225
1785989336,421167236,1785989336,421167236,60.607,5,848,480,60.19,59.149,0.897,58.252,17.271,17.671,17.069,6.24,40.981,1.036,0.006,53.985,114.235
1785989336,454476074,1785989336,454476074,70.286,5,848,480,69.807,69.027,8.815,60.211,18.52,15.871,16.776,9.045,41.692,0.777,0.003,81.344,151.186
1785989336,554400635,1785989336,554400635,40.278,5,848,480,39.889,39.211,1.013,38.198,7.452,9.223,17.36,4.163,30.746,0.675,0.003,51.614,91.54
1785989336,621014893,1785989336,621014893,81.508,5,848,480,52.834,51.67,1.161,50.508,12.166,13.306,18.022,7.015,38.342,1.159,0.006,53.59,106.462
1785989336,654321533,1785989336,654321533,66.121,5,848,480,64.995,63.845,1.813,62.032,23.82,16.021,17.368,4.822,38.212,1.145,0.005,74.235,139.323
1785989336,720933594,1785989336,720933594,48.416,5,848,480,47.631,46.946,1.312,45.634,12.156,9.388,16.857,7.234,33.479,0.682,0.003,73.399,121.051
1785989336,787544189,1785989336,787544189,54.963,5,848,480,54.498,52.475,0.731,51.744,10.191,18.307,16.633,6.614,41.553,2.015,0.007,54.876,109.45
1785989336,820848877,1785989336,820848877,46.921,5,848,480,44.239,43.429,0.991,42.439,7.224,8.661,17.149,9.404,35.214,0.806,0.004,78.764,123.024
1785989336,920760498,1785989336,920760498,62.879,5,848,480,39.579,38.857,0.866,37.991,8.092,8.079,17.134,4.685,29.899,0.718,0.003,46.39,85.991
1785989336,987366211,1785989336,987366211,68.208,5,848,480,41.022,40.264,1.494,38.77,8.417,8.481,17.125,4.746,30.353,0.755,0.003,46.547,87.592
1785989337,53983154,1785989337,53983154,74.647,5,848,480,44.421,43.611,1.123,42.488,7.299,13.463,17.447,4.279,35.189,0.806,0.003,51.185,95.627
1785989337,87296143,1785989337,87296143,73.927,5,848,480,70.729,69.754,3.461,66.293,26.806,18.413,17.125,3.95,39.487,0.971,0.004,65.475,136.254
1785989337,153921387,1785989337,153921387,52.679,5,848,480,52.149,51.445,1.281,50.164,11.391,15.65,17.249,5.875,38.773,0.7,0.004,70.105,122.288
1785989337,220544922,1785989337,220544922,41.651,5,848,480,41.147,40.368,0.859,39.51,7.822,9.763,17.344,4.581,31.688,0.776,0.003,56.133,97.318
1785989337,253855957,1785989337,253855957,61.713,5,848,480,55.971,55.271,2.644,52.628,21.132,9.778,17.368,4.35,31.496,0.696,0.004,69.729,125.723
1785989337,287166748,1785989337,287166748,44.107,5,848,480,43.634,42.762,0.823,41.94,10.545,9.019,17.314,5.062,31.395,0.869,0.003,92.844,136.518
1785989337,387096680,1785989337,387096680,53.147,5,848,480,39.604,38.753,1.021,37.732,7.656,8.505,17.191,4.381,30.076,0.847,0.004,50.117,89.737
1785989337,453714844,1785989337,453714844,64.387,5,848,480,40.769,39.988,0.869,39.12,7.989,8.694,17.176,5.261,31.13,0.778,0.003,46.708,87.532
1785989337,520331299,1785989337,520331299,71.017,5,848,480,44.567,43.892,5.086,38.806,7.28,8.921,17.943,4.662,31.526,0.672,0.003,47.31,91.9
1785989337,553638916,1785989337,553638916,40.407,5,848,480,40.009,39.062,0.909,38.154,7.354,9.096,17.372,4.332,30.8,0.942,0.004,58.954,99.012
1785989337,620252930,1785989337,620252930,63.078,5,848,480,38.307,37.532,0.914,36.618,6.746,8.52,17.26,4.092,29.872,0.773,0.003,57.134,95.467
1785989337,686865479,1785989337,686865479,62.125,5,848,480,40.184,39.39,1.78,37.609,7.373,8.665,17.438,4.133,30.236,0.791,0.004,50.769,90.979
1785989337,753476563,1785989337,753476563,65.725,5,848,480,41.218,40.468,1.661,38.808,6.49,8.128,20.349,3.841,32.317,0.747,0.003,48.849,90.092
1785989337,820085938,1785989337,820085938,66.312,5,848,480,41.287,40.468,1.999,38.469,7.492,8.611,17.354,5.012,30.977,0.815,0.004,48.483,89.795
1785989337,886693848,1785989337,886693848,67.215,5,848,480,43.238,42.503,1.601,40.902,7.059,8.064,21.864,3.916,33.843,0.732,0.004,47.145,90.487
1785989337,953300293,1785989337,953300293,64.639,5,848,480,40.784,39.816,2.057,37.76,6.969,8.081,18.208,4.502,30.791,0.963,0.005,47.63,88.449
1785989338,19905762,1785989338,19905762,70.735,5,848,480,39.78,39.037,1.682,37.356,6.811,8.566,17.403,4.576,30.545,0.74,0.003,52.761,92.562
1785989338,86777832,1785989338,86777832,75.823,5,848,480,49.293,46.662,0.903,45.759,8.631,8.951,17.936,10.241,37.129,2.625,0.006,52.201,101.533
1785989338,153652344,1785989338,153652344,65.307,5,848,480,42.966,42.168,0.812,41.356,8.937,10.861,17.233,4.325,32.419,0.794,0.004,56.958,99.956
1785989338,220529785,1785989338,220529785,62.57,5,848,480,41.623,40.883,0.897,39.986,7.352,11.015,17.549,4.07,32.634,0.737,0.003,53.99,95.643
1785989338,320851074,1785989338,320851074,94.689,5,848,480,40.999,40.2,0.843,39.356,8.361,8.316,18.843,3.836,30.995,0.796,0.003,48.985,90.008
1785989338,354292725,1785989338,354292725,62.525,5,848,480,48.641,47.969,1.035,46.934,13.632,8.585,18.055,6.663,33.302,0.669,0.003,70.437,119.09
1785989338,421178467,1785989338,421178467,44.666,5,848,480,39.565,38.809,0.87,37.939,7.045,9.208,17.367,4.32,30.894,0.752,0.004,57.274,96.967
1785989338,488066895,1785989338,488066895,63.117,5,848,480,44.017,43.278,1.188,42.09,11.589,9.035,17.451,4.016,30.501,0.736,0.003,49.06,93.102
1785989338,554958008,1785989338,554958008,64.476,5,848,480,39.876,39.085,0.985,38.1,7.935,8.574,17.397,4.194,30.165,0.788,0.003,50.784,90.686
1785989338,621851807,1785989338,621851807,62.868,5,848,480,39.297,38.601,1.888,36.713,6.585,8.743,17.227,4.158,30.128,0.693,0.003,47.353,86.66
1785989338,688748535,1785989338,688748535,66.763,5,848,480,40.027,39.314,1.731,37.583,7.212,8.523,17.344,4.504,30.371,0.71,0.003,46.474,86.527
1785989338,755647949,1785989338,755647949,72.308,5,848,480,46.037,45.233,2.13,43.103,7.143,8.655,19.252,8.053,35.96,0.801,0.003,45.879,91.944
1785989338,789098633,1785989338,789098633,62.439,5,848,480,61.915,61.157,1.167,59.99,25.771,12.583,17.145,4.491,34.218,0.755,0.004,58.976,120.921
1785989338,856002197,1785989338,856002197,64.126,5,848,480,63.723,63.081,2.857,60.224,14.353,16.85,18.51,10.511,45.871,0.639,0.003,54.384,118.145
1785989338,922908691,1785989338,922908691,42.513,5,848,480,42.049,41.325,1.026,40.299,7.409,11.299,17.554,4.036,32.89,0.722,0.003,51.664,93.753
1785989338,989817627,1785989338,989817627,77.134,5,848,480,56.007,54.85,1.719,53.131,16.241,14.68,17.773,4.438,36.89,1.151,0.006,47.948,109.574
1785989339,23270508,1785989339,23270508,53.287,5,848,480,47.175,46.505,4.813,41.692,8.286,9.535,17.298,6.573,33.405,0.667,0.004,76.6,123.814
1785989339,90175781,1785989339,90175781,52.907,5,848,480,52.366,51.545,3.201,48.344,11.848,13.553,17.425,5.518,36.495,0.817,0.004,57.411,109.819
1785989339,123629639,1785989339,123629639,72.559,5,848,480,70.998,70.127,0.973,69.153,19.688,19.011,17.448,13.007,49.466,0.866,0.006,77.893,148.939
1785989339,190540039,1785989339,190540039,47.287,5,848,480,46.775,46.038,0.952,45.086,13.748,9.901,17.292,4.144,31.337,0.734,0.003,82.485,129.296
1785989339,257454346,1785989339,257454346,42.147,5,848,480,41.744,40.836,0.787,40.049,9.047,8.886,17.36,4.756,31.002,0.903,0.006,62.747,104.74
1785989339,290912842,1785989339,290912842,52.417,5,848,480,48.27,47.56,0.958,46.601,12.576,9.849,18.491,5.685,34.025,0.708,0.003,75.192,123.484
1785989339,357832520,1785989339,357832520,61.618,5,848,480,61.164,60.362,0.919,59.443,16.628,10.624,16.918,15.272,42.815,0.797,0.004,56.987,118.189
1785989339,424755615,1785989339,424755615,51.293,5,848,480,44.395,43.106,0.82,42.286,10.689,10.812,16.603,4.182,31.598,1.283,0.007,58.14,102.582
1785989339,458218750,1785989339,458218750,53.863,5,848,480,48.012,47.335,0.861,46.474,7.319,9.054,16.859,13.242,39.155,0.674,0.003,74.931,122.958
1785989339,525147461,1785989339,525147461,61.412,5,848,480,60.919,60.227,0.91,59.317,20.859,13.834,16.956,7.668,38.458,0.689,0.003,56.481,117.437
1785989339,592079834,1785989339,592079834,40.246,5,848,480,39.8,38.974,0.924,38.05,7.196,9.251,17.347,4.256,30.854,0.823,0.004,50.914,90.761
1785989339,659015625,1785989339,659015625,64.19,5,848,480,42.71,41.976,1.998,39.979,9.189,9.145,17.579,4.066,30.79,0.73,0.003,45.273,88.007
1785989339,725955322,1785989339,725955322,65.434,5,848,480,42.0,41.263,0.999,40.264,8.287,8.563,18.78,4.633,31.977,0.734,0.003,44.476,86.501
1785989339,792898438,1785989339,792898438,65.225,5,848,480,42.118,41.378,2.183,39.194,8.089,8.4,18.092,4.613,31.106,0.737,0.004,42.642,84.786
1785989339,859845459,1785989339,859845459,96.455,5,848,480,61.682,60.873,2.295,58.579,8.767,18.229,20.27,11.313,49.812,0.805,0.003,52.587,114.292
1785989339,926795898,1785989339,926795898,41.551,5,848,480,41.132,40.352,1.592,38.76,8.348,9.081,17.37,3.961,30.412,0.776,0.003,47.721,88.891
1785989339,993750000,1785989339,993750000,71.191,5,848,480,46.747,46.026,2.738,43.288,12.868,8.733,17.603,4.084,30.42,0.718,0.003,46.365,93.125
1785989340,27225586,1785989340,27225586,78.637,5,848,480,78.229,75.679,9.474,66.205,16.806,25.628,17.35,6.421,49.399,2.544,0.006,60.026,138.314
1785989340,93966064,1785989340,93966064,77.257,5,848,480,76.749,75.973,9.441,66.532,14.527,22.724,17.168,12.112,52.005,0.772,0.003,78.983,148.868
1785989340,194079346,1785989340,194079346,50.183,5,848,480,49.631,48.722,2.222,46.5,13.624,11.355,17.352,4.169,32.877,0.904,0.005,49.209,98.89
1785989340,227451172,1785989340,227451172,62.771,5,848,480,42.886,42.129,1.198,40.93,8.782,9.733,18.44,3.975,32.149,0.753,0.004,85.367,128.281
1785989340,327568604,1785989340,327568604,68.397,5,848,480,44.24,43.471,4.096,39.375,7.018,11.016,17.129,4.212,32.357,0.766,0.004,52.291,96.559
1785989340,394315186,1785989340,394315186,83.819,5,848,480,61.211,60.49,0.99,59.5,13.315,21.158,16.867,8.159,46.185,0.718,0.004,52.389,113.631
1785989340,461063232,1785989340,461063232,74.686,5,848,480,57.033,56.22,2.897,53.322,19.162,11.282,17.32,5.558,34.16,0.809,0.004,64.51,121.57
1785989340,527812744,1785989340,527812744,70.764,5,848,480,70.357,69.588,6.326,63.262,23.754,9.912,17.508,12.088,39.508,0.766,0.003,55.183,125.581
1785989340,594563721,1785989340,594563721,59.014,5,848,480,55.329,54.354,11.495,42.859,8.394,10.543,17.73,6.19,34.464,0.97,0.005,64.19,117.861
1785989340,661316162,1785989340,661316162,62.862,5,848,480,61.949,61.277,1.129,60.148,7.8,21.907,17.798,12.643,52.348,0.669,0.003,51.97,113.953
1785989340,694692871,1785989340,694692871,59.955,5,848,480,58.333,57.095,1.154,55.941,11.244,20.381,17.304,7.012,44.697,1.234,0.005,82.167,140.541
1785989340,761447266,1785989340,761447266,54.835,5,848,480,54.253,53.303,3.408,49.896,18.604,10.263,17.045,3.985,31.292,0.944,0.006,74.324,128.63
1785989340,794824951,1785989340,794824951,61.688,5,848,480,61.16,60.382,4.037,56.345,24.639,9.299,17.569,4.838,31.706,0.775,0.003,95.723,156.92
1785989340,894960205,1785989340,894960205,59.125,5,848,480,58.517,57.676,1.122,56.554,20.251,11.913,17.099,7.29,36.302,0.837,0.004,57.356,115.909
1785989340,961718750,1785989340,961718750,63.643,5,848,480,63.215,62.492,1.016,61.476,24.648,13.235,16.828,6.766,36.828,0.719,0.003,49.541,112.793
1785989341,28478516,1785989341,28478516,51.257,5,848,480,48.209,47.167,2.647,44.521,12.908,10.642,16.875,4.095,31.613,1.037,0.004,49.071,97.308
1785989341,61803711,1785989341,61803711,61.845,5,848,480,57.293,56.596,2.861,53.735,16.81,8.759,20.027,8.139,36.925,0.694,0.003,68.518,125.811
1785989341,128453613,1785989341,128453613,56.768,5,848,480,56.306,55.624,1.029,54.595,19.467,11.89,17.117,6.122,35.128,0.678,0.003,59.583,115.929
1785989341,195102539,1785989341,195102539,61.477,5,848,480,61.075,60.334,0.961,59.372,8.125,23.293,16.578,11.375,51.247,0.738,0.003,49.642,110.755
1785989341,261750000,1785989341,261750000,47.73,5,848,480,45.953,45.196,1.243,43.953,13.97,8.634,17.1,4.249,29.983,0.754,0.003,45.862,91.841
1785989341,295073486,1785989341,295073486,56.998,5,848,480,56.598,55.857,0.767,55.09,8.734,23.951,17.953,4.452,46.356,0.738,0.003,58.877,115.515
1785989341,361719482,1785989341,361719482,53.001,5,848,480,51.823,51.076,0.916,50.16,7.264,20.831,16.649,5.416,42.896,0.742,0.005,50.013,101.884
1785989341,395041992,1785989341,395041992,46.607,5,848,480,46.111,45.375,1.071,44.304,12.71,8.509,17.101,5.984,31.594,0.734,0.003,69.008,115.227
1785989341,461686279,1785989341,461686279,71.351,5,848,480,66.656,65.974,2.698,63.275,27.368,13.541,18.204,4.163,35.908,0.679,0.003,53.179,119.859
1785989341,528329346,1785989341,528329346,59.193,5,848,480,58.733,57.953,1.022,56.931,7.43,20.952,16.651,11.898,49.501,0.777,0.004,53.638,112.412
1785989341,594971191,1785989341,594971191,46.815,5,848,480,44.727,43.67,1.585,42.085,10.86,9.686,17.439,4.1,31.225,1.052,0.005,47.829,92.598
1785989341,628291748,1785989341,628291748,57.466,5,848,480,57.021,56.306,1.867,54.439,10.989,20.395,17.003,6.052,43.45,0.712,0.003,59.67,116.729
1785989341,694932129,1785989341,694932129,66.989,5,848,480,66.576,65.845,1.848,63.997,23.037,13.834,17.28,9.845,40.959,0.726,0.005,50.464,117.09
1785989341,761571045,1785989341,761571045,65.517,5,848,480,62.855,62.037,0.976,61.061,21.348,16.199,17.383,6.131,39.713,0.813,0.004,53.073,115.963
1785989341,828208984,1785989341,828208984,86.36,5,848,480,84.45,83.564,1.11,82.454,39.725,18.967,17.497,6.266,42.729,0.883,0.004,51.21,135.688
1785989341,894845947,1785989341,894845947,63.94,5,848,480,63.498,62.524,1.054,61.47,9.77,16.614,30.325,4.761,51.7,0.971,0.004,69.443,132.992
1785989341,961481689,1785989341,961481689,59.71,5,848,480,58.986,58.204,0.981,57.223,13.654,19.13,19.293,5.145,43.569,0.778,0.003,67.034,126.056
1785989342,28117188,1785989342,28117188,61.776,5,848,480,60.098,59.324,1.001,58.324,12.447,17.961,17.849,10.068,45.877,0.771,0.003,61.069,121.2
1785989342,94768799,1785989342,94768799,71.138,5,848,480,70.717,69.963,1.039,68.924,26.587,10.184,20.151,12.002,42.337,0.751,0.003,54.925,125.679
1785989342,161419189,1785989342,161419189,48.217,5,848,480,47.823,46.715,0.879,45.836,12.261,9.624,17.014,6.937,33.575,1.101,0.007,59.389,107.276
1785989342,194743896,1785989342,194743896,54.36,5,848,480,51.756,50.912,0.935,49.977,16.614,10.375,17.483,5.505,33.363,0.839,0.005,76.507,128.292
1785989342,261392578,1785989342,261392578,67.964,5,848,480,67.422,66.078,0.92,65.159,31.004,11.107,17.289,5.759,34.154,1.336,0.008,62.223,129.635
1785989342,328040039,1785989342,328040039,51.56,5,848,480,50.879,50.055,2.744,47.311,11.814,13.079,17.375,5.044,35.498,0.82,0.004,63.598,114.518
1785989342,394686523,1785989342,394686523,51.849,5,848,480,49.829,48.977,0.936,48.041,10.067,15.678,18.039,4.257,37.974,0.848,0.004,49.86,99.731
1785989342,428009277,1785989342,428009277,51.992,5,848,480,51.525,50.79,1.011,49.779,15.89,9.856,17.174,6.859,33.889,0.732,0.003,66.819,118.384
1785989342,494654053,1785989342,494654053,65.828,5,848,480,58.889,58.197,6.67,51.527,14.843,8.986,16.924,10.774,36.684,0.689,0.003,58.652,117.573
1785989342,561297607,1785989342,561297607,66.174,5,848,480,65.777,65.031,0.881,64.15,17.988,15.652,16.8,13.71,46.162,0.743,0.003,51.279,117.097
1785989342,627940186,1785989342,627940186,55.223,5,848,480,53.793,52.272,1.122,51.149,13.828,14.483,16.546,6.292,37.322,1.515,0.007,51.854,105.731
1785989342,661260986,1785989342,661260986,50.405,5,848,480,49.836,49.074,8.238,40.837,10.111,9.121,17.475,4.13,30.726,0.758,0.003,72.892,122.763
1785989342,727901611,1785989342,727901611,49.019,5,848,480,48.603,47.227,0.805,46.422,15.406,9.823,16.683,4.51,31.016,1.368,0.007,56.503,105.243
1785989342,761221680,1785989342,761221680,59.181,5,848,480,42.431,41.641,2.987,38.654,7.34,10.238,17.021,4.056,31.315,0.786,0.004,88.548,131.02
1785989342,861179932,1785989342,861179932,66.762,5,848,480,42.944,42.176,1.225,40.951,9.093,10.733,17.12,4.005,31.858,0.763,0.004,54.842,97.813
1785989342,927817383,1785989342,927817383,62.679,5,848,480,41.13,40.318,1.01,39.307,7.179,10.487,17.671,3.971,32.128,0.809,0.003,52.698,93.847
1785989342,994453613,1785989342,994453613,63.943,5,848,480,41.154,40.443,2.22,38.223,7.468,9.274,17.462,4.019,30.755,0.708,0.003,49.977,91.152
1785989343,61140625,1785989343,61140625,63.874,5,848,480,39.527,38.845,2.17,36.675,6.602,8.337,17.454,4.282,30.073,0.678,0.004,48.793,88.339
1785989343,127877930,1785989343,127877930,68.885,5,848,480,39.255,38.482,1.73,36.752,6.617,8.735,17.357,4.043,30.135,0.77,0.003,51.208,90.494
1785989343,194616455,1785989343,194616455,63.044,5,848,480,40.067,39.299,1.885,37.414,6.707,8.846,17.395,4.466,30.707,0.765,0.003,46.701,86.794
1785989343,261355957,1785989343,261355957,64.995,5,848,480,39.086,38.288,1.51,36.778,6.817,8.509,17.189,4.263,29.961,0.794,0.003,45.936,85.048
1785989343,328096680,1785989343,328096680,70.003,5,848,480,42.736,41.989,1.928,40.061,8.227,10.313,17.482,4.038,31.834,0.744,0.003,45.549,88.31
1785989343,394838623,1785989343,394838623,64.147,5,848,480,40.649,39.92,1.109,38.811,8.076,8.477,17.671,4.587,30.735,0.726,0.003,45.047,85.716
1785989343,461581543,1785989343,461581543,66.999,5,848,480,42.831,42.145,2.059,40.087,7.116,8.537,17.337,7.098,32.971,0.682,0.003,43.117,85.97
1785989343,494953613,1785989343,494953613,47.439,5,848,480,43.613,42.74,2.03,40.711,7.661,11.745,17.119,4.187,33.05,0.868,0.005,56.404,100.058
1785989343,561698242,1785989343,561698242,55.768,5,848,480,43.414,42.731,4.53,38.201,7.243,8.726,18.019,4.212,30.958,0.68,0.003,45.658,89.061
1785989343,628444092,1785989343,628444092,64.725,5,848,480,39.582,38.886,1.913,36.974,6.993,8.633,17.289,4.06,29.981,0.691,0.004,47.441,87.042
1785989343,695191162,1785989343,695191162,66.909,5,848,480,40.108,39.382,1.856,37.527,6.845,8.85,17.761,4.07,30.681,0.723,0.003,47.068,87.202
1785989343,761939209,1785989343,761939209,66.154,5,848,480,39.216,38.522,1.519,37.002,6.626,8.612,17.647,4.117,30.376,0.692,0.003,47.366,86.609
1785989343,828688721,1785989343,828688721,68.89,5,848,480,41.894,41.2,2.048,39.152,7.674,8.889,18.235,4.353,31.477,0.691,0.003,46.83,88.748
1785989343,895438965,1785989343,895438965,65.494,5,848,480,42.864,42.135,0.943,41.192,7.806,8.33,17.272,7.784,33.386,0.727,0.003,44.604,87.493
1785989343,962190674,1785989343,962190674,65.298,5,848,480,41.531,40.796,2.025,38.771,6.718,8.549,19.166,4.339,32.053,0.722,0.013,44.493,86.052
1785989344,28942871,1785989344,28942871,63.817,5,848,480,40.244,39.548,1.989,37.559,6.692,8.485,17.088,5.294,30.867,0.692,0.003,42.835,83.104
1785989344,95609863,1785989344,95609863,71.577,5,848,480,43.87,43.043,1.01,42.033,7.324,8.628,21.981,4.1,34.709,0.822,0.004,44.121,88.026
1785989344,162275635,1785989344,162275635,64.247,5,848,480,39.602,38.903,0.954,37.95,7.546,8.551,17.669,4.185,30.404,0.695,0.003,46.087,85.597
1785989344,262273193,1785989344,262273193,100.516,5,848,480,41.961,41.231,2.545,38.685,7.086,8.62,18.896,4.084,31.599,0.727,0.003,44.127,86.115
1785989344,328937012,1785989344,328937012,70.581,5,848,480,40.992,40.204,0.911,39.293,8.834,9.007,17.393,4.059,30.459,0.785,0.003,49.017,90.031
1785989344,395600098,1785989344,395600098,62.4,5,848,480,40.565,39.878,1.922,37.955,7.109,8.487,18.203,4.156,30.846,0.684,0.003,45.178,85.769
1785989344,462262207,1785989344,462262207,66.849,5,848,480,40.908,40.223,1.873,38.35,6.756,8.537,18.906,4.15,31.594,0.683,0.003,45.022,85.955
1785989344,528923584,1785989344,528923584,65.999,5,848,480,41.773,41.094,1.926,39.168,7.141,8.752,19.103,4.172,32.027,0.675,0.003,43.501,85.292
1785989344,595583984,1785989344,595583984,67.307,5,848,480,42.632,41.818,1.753,40.065,7.277,8.545,19.92,4.324,32.789,0.81,0.004,43.289,85.946
1785989344,662243652,1785989344,662243652,64.18,5,848,480,40.397,39.689,1.623,38.066,7.08,8.557,17.118,5.312,30.986,0.704,0.003,43.039,83.461
1785989344,728902344,1785989344,728902344,68.531,5,848,480,41.986,41.349,2.223,39.126,8.023,8.345,17.858,4.9,31.103,0.634,0.003,43.327,85.332
1785989344,795560303,1785989344,795560303,67.667,5,848,480,42.034,41.314,3.196,38.118,6.731,8.586,18.736,4.066,31.387,0.717,0.003,44.283,86.344
1785989344,862217285,1785989344,862217285,67.498,5,848,480,41.236,40.52,2.168,38.352,8.084,8.889,17.355,4.024,30.268,0.713,0.003,45.928,87.185
1785989344,928873535,1785989344,928873535,63.417,5,848,480,39.681,38.973,1.555,37.418,6.896,8.57,17.321,4.631,30.523,0.704,0.003,44.236,83.947
1785989344,995528809,1785989344,995528809,69.313,5,848,480,40.24,39.504,1.792,37.712,7.0,8.596,17.171,4.945,30.712,0.733,0.003,46.335,86.6
1785989345,62268555,1785989345,62268555,64.909,5,848,480,40.607,39.846,1.122,38.724,7.885,8.289,17.58,4.97,30.84,0.757,0.004,44.139,84.771
1785989345,129093018,1785989345,129093018,76.006,5,848,480,40.069,39.38,1.676,37.703,6.735,9.601,17.439,3.928,30.969,0.686,0.003,53.858,93.954
1785989345,195918701,1785989345,195918701,65.327,5,848,480,40.754,39.949,1.73,38.22,6.888,9.741,17.573,4.018,31.332,0.802,0.003,51.703,92.455
1785989345,262745605,1785989345,262745605,63.268,5,848,480,39.437,38.674,1.748,36.927,6.884,8.607,17.541,3.894,30.043,0.759,0.003,49.432,88.977
1785989345,329573486,1785989345,329573486,68.349,5,848,480,39.795,39.085,2.021,37.064,6.943,8.753,17.261,4.107,30.121,0.706,0.004,50.636,90.419
1785989345,396402832,1785989345,396402832,63.227,5,848,480,40.78,40.108,2.648,37.46,6.788,8.586,17.951,4.135,30.672,0.669,0.003,46.016,86.813
1785989345,463233154,1785989345,463233154,64.067,5,848,480,40.732,40.023,2.167,37.856,7.134,8.613,17.22,4.889,30.722,0.705,0.003,43.297,84.051
1785989345,530064697,1785989345,530064697,66.049,5,848,480,39.884,39.157,1.87,37.286,6.925,8.188,17.175,4.998,30.362,0.724,0.003,43.362,83.27
1785989345,563480713,1785989345,563480713,67.701,5,848,480,60.78,60.088,4.404,55.684,15.209,16.133,16.948,7.393,40.474,0.689,0.003,56.75,117.551
1785989345,630314209,1785989345,630314209,45.051,5,848,480,44.645,43.963,2.906,41.058,8.823,10.781,17.259,4.194,32.235,0.679,0.003,51.086,95.809
1785989345,663731201,1785989345,663731201,54.871,5,848,480,53.022,52.371,0.927,51.445,14.376,11.432,17.252,8.385,37.069,0.648,0.003,64.184,117.222
1785989345,730566162,1785989345,730566162,64.101,5,848,480,63.631,62.881,0.943,61.938,16.262,22.688,16.732,6.256,45.676,0.747,0.003,50.82,114.491
1785989345,797402344,1785989345,797402344,69.926,5,848,480,69.464,68.694,0.916,67.778,13.082,23.136,18.775,12.785,54.696,0.767,0.003,48.077,117.581
1785989345,864239746,1785989345,864239746,65.213,5,848,480,63.628,62.971,0.926,62.046,19.887,17.972,16.785,7.401,42.159,0.653,0.003,52.296,115.954
1785989345,931078369,1785989345,931078369,42.104,5,848,480,41.638,40.849,0.943,39.906,7.15,11.078,17.675,4.003,32.756,0.785,0.003,49.544,91.225
1785989345,997918213,1785989345,997918213,65.164,5,848,480,39.765,39.081,1.592,37.489,6.847,9.333,17.339,3.969,30.642,0.681,0.003,49.755,89.546
1785989346,64665527,1785989346,64665527,62.987,5,848,480,40.72,40.031,1.111,38.92,8.485,8.539,17.524,4.373,30.435,0.685,0.003,45.041,85.787
1785989346,131321533,1785989346,131321533,66.258,5,848,480,40.401,39.708,1.655,38.053,7.768,8.447,17.313,4.525,30.285,0.69,0.003,44.969,85.389
1785989346,197976563,1785989346,197976563,65.739,5,848,480,42.044,41.372,1.625,39.747,9.695,8.469,17.107,4.476,30.052,0.669,0.003,42.4,84.469
1785989346,264630371,1785989346,264630371,67.727,5,848,480,42.634,41.948,2.344,39.604,7.493,8.479,19.498,4.133,32.111,0.683,0.003,42.889,85.603
1785989346,331283203,1785989346,331283203,65.417,5,848,480,40.953,40.212,1.039,39.173,8.983,8.53,17.325,4.335,30.19,0.737,0.004,43.332,84.312
1785989346,397935059,1785989346,397935059,67.114,5,848,480,42.114,41.28,2.22,39.06,7.332,8.559,17.463,5.705,31.728,0.83,0.004,42.636,84.774
1785989346,464585693,1785989346,464585693,66.074,5,848,480,41.46,40.661,3.076,37.585,7.543,8.368,17.159,4.515,30.042,0.796,0.003,42.711,84.197
1785989346,564559814,1785989346,564559814,101.572,5,848,480,42.974,42.212,2.318,39.895,7.311,8.638,17.25,6.696,32.584,0.759,0.003,42.796,85.793
1785989346,597884033,1785989346,597884033,63.071,5,848,480,54.325,53.671,0.994,52.677,15.541,12.877,16.875,7.384,37.136,0.651,0.003,61.192,115.535
1785989346,664531494,1785989346,664531494,43.83,5,848,480,43.394,42.623,2.912,39.711,7.129,10.495,17.851,4.237,32.582,0.768,0.003,49.29,92.725
1785989346,731177979,1785989346,731177979,60.77,5,848,480,41.475,40.788,2.623,38.165,7.443,8.863,17.387,4.472,30.722,0.684,0.003,45.346,86.846
1785989346,797823486,1785989346,797823486,62.928,5,848,480,40.527,39.852,1.893,37.96,7.22,8.358,17.117,5.265,30.74,0.672,0.003,42.579,83.129
1785989346,864467773,1785989346,864467773,68.35,5,848,480,40.471,39.791,2.165,37.626,7.396,8.294,17.254,4.682,30.23,0.677,0.003,44.344,84.879
1785989346,931111084,1785989346,931111084,68.209,5,848,480,42.675,41.762,2.106,39.656,6.745,8.455,20.208,4.248,32.911,0.91,0.003,43.703,86.401
1785989346,997753418,1785989346,997753418,64.077,5,848,480,40.339,39.502,2.053,37.448,7.782,8.332,17.209,4.126,29.667,0.833,0.004,43.472,83.838
1785989347,64400879,1785989347,64400879,66.772,5,848,480,40.461,39.788,2.316,37.472,6.969,8.499,17.638,4.366,30.503,0.669,0.003,43.476,83.956
1785989347,164376953,1785989347,164376953,98.955,5,848,480,40.366,39.692,1.571,38.122,6.545,8.651,17.144,5.781,31.576,0.671,0.003,42.545,82.952
1785989347,231026367,1785989347,231026367,69.985,5,848,480,42.042,41.22,1.823,39.396,6.93,8.356,19.614,4.496,32.467,0.818,0.004,44.238,86.279
1785989347,297674561,1785989347,297674561,63.947,5,848,480,39.061,38.372,0.846,37.526,6.919,8.333,17.2,5.073,30.606,0.686,0.003,44.491,83.571
1785989347,364321777,1785989347,364321777,71.459,5,848,480,40.222,39.456,2.402,37.054,6.779,8.622,17.552,4.101,30.275,0.763,0.003,48.137,88.385
1785989347,430967773,1785989347,430967773,64.227,5,848,480,39.715,38.965,2.126,36.839,6.83,8.421,17.181,4.407,30.009,0.747,0.003,46.26,85.966
1785989347,497612549,1785989347,497612549,67.745,5,848,480,41.874,41.173,1.96,39.213,6.555,8.475,18.498,5.685,32.658,0.698,0.003,45.166,87.065
1785989347,564256348,1785989347,564256348,65.003,5,848,480,39.669,38.981,1.0,37.981,7.783,8.429,17.228,4.542,30.198,0.686,0.003,45.728,85.424
1785989347,630898926,1785989347,630898926,66.156,5,848,480,39.79,39.148,1.839,37.309,6.758,8.591,17.404,4.556,30.551,0.639,0.003,45.121,84.934
1785989347,697540283,1785989347,697540283,68.233,5,848,480,41.64,40.811,0.779,40.033,7.838,8.425,17.495,6.274,32.195,0.824,0.004,44.871,86.568
1785989347,764180664,1785989347,764180664,64.921,5,848,480,39.923,39.238,1.593,37.645,6.872,8.399,17.565,4.808,30.772,0.682,0.004,44.861,84.809
1785989347,830820068,1785989347,830820068,68.786,5,848,480,42.749,41.898,1.731,40.167,7.064,8.246,20.99,3.867,33.103,0.848,0.003,44.216,86.957
1785989347,897458008,1785989347,897458008,66.349,5,848,480,42.655,42.019,2.244,39.775,8.536,8.552,17.323,5.363,31.239,0.633,0.003,43.987,86.663
1785989347,964094971,1785989347,964094971,64.644,5,848,480,40.016,39.331,1.061,38.27,7.09,8.481,17.316,5.383,31.179,0.682,0.003,44.64,84.673
1785989348,30731689,1785989348,30731689,67.03,5,848,480,40.92,40.223,2.195,38.028,7.208,8.444,17.502,4.875,30.82,0.694,0.003,44.121,85.067
1785989348,97397705,1785989348,97397705,69.641,5,848,480,41.72,41.023,2.093,38.93,7.032,8.928,18.459,4.512,31.898,0.694,0.003,46.302,88.043
1785989348,164063232,1785989348,164063232,66.425,5,848,480,41.788,41.094,2.101,38.994,8.709,8.621,17.386,4.278,30.285,0.69,0.003,45.99,87.804
1785989348,230727783,1785989348,230727783,66.503,5,848,480,41.727,40.76,1.977,38.782,6.608,8.76,19.341,4.074,32.175,0.963,0.004,45.888,87.642
1785989348,297391602,1785989348,297391602,63.879,5,848,480,40.667,39.98,2.411,37.569,6.843,8.432,17.205,5.089,30.726,0.683,0.003,44.17,84.857
1785989348,364054688,1785989348,364054688,69.967,5,848,480,43.648,42.844,0.885,41.959,10.905,8.734,17.943,4.377,31.054,0.801,0.003,44.491,88.163
1785989348,430717041,1785989348,430717041,64.321,5,848,480,41.276,40.592,1.978,38.613,6.808,9.49,17.273,5.043,31.805,0.681,0.003,44.522,85.821
1785989348,497378662,1785989348,497378662,67.335,5,848,480,40.432,39.675,2.111,37.564,7.068,8.588,17.162,4.745,30.495,0.754,0.003,46.037,86.494
1785989348,564039551,1785989348,564039551,66.78,5,848,480,42.035,41.341,1.202,40.139,7.208,8.526,18.405,6.0,32.931,0.691,0.003,44.554,86.612
1785989348,630699707,1785989348,630699707,65.896,5,848,480,39.924,39.257,2.053,37.203,6.969,8.608,17.397,4.229,30.234,0.664,0.003,45.896,85.846
1785989348,697359131,1785989348,697359131,67.29,5,848,480,40.088,39.347,1.732,37.614,7.091,8.449,17.336,4.738,30.523,0.738,0.003,46.365,86.479
1785989348,764017822,1785989348,764017822,69.212,5,848,480,41.631,40.888,2.334,38.555,8.2,8.656,17.357,4.341,30.354,0.739,0.004,47.379,89.032
1785989348,830675537,1785989348,830675537,69.01,5,848,480,45.912,45.123,2.943,42.18,6.696,8.806,22.404,4.275,35.484,0.785,0.003,45.644,91.385
1785989348,864004395,1785989348,864004395,58.432,5,848,480,58.015,57.287,0.829,56.458,12.074,12.163,16.979,15.242,44.384,0.725,0.003,58.433,116.491
1785989348,930661133,1785989348,930661133,42.442,5,848,480,42.029,41.282,0.826,40.456,9.601,8.941,17.891,4.023,30.855,0.744,0.003,50.204,92.273
1785989348,997317139,1785989348,997317139,62.416,5,848,480,38.773,38.097,1.03,37.067,6.938,8.557,17.492,4.08,30.129,0.672,0.004,49.235,88.045
1785989349,63974121,1785989349,63974121,64.418,5,848,480,39.686,38.989,0.979,38.01,7.113,8.6,17.304,4.993,30.898,0.693,0.003,46.084,85.793
1785989349,130630371,1785989349,130630371,68.452,5,848,480,39.511,38.851,1.036,37.815,6.888,9.353,17.307,4.267,30.927,0.656,0.003,48.055,87.588
1785989349,197285645,1785989349,197285645,64.465,5,848,480,39.851,39.19,0.854,38.336,7.059,8.449,17.647,5.181,31.277,0.659,0.003,45.52,85.398
1785989349,263939941,1785989349,263939941,67.807,5,848,480,40.45,39.72,1.172,38.549,8.389,8.542,17.205,4.413,30.16,0.726,0.003,46.075,86.551
1785989349,330593018,1785989349,330593018,67.493,5,848,480,43.355,42.634,1.044,41.59,10.541,8.769,17.578,4.702,31.049,0.717,0.003,44.011,87.393
1785989349,397245117,1785989349,397245117,65.565,5,848,480,40.034,39.377,1.036,38.341,8.188,8.563,17.099,4.492,30.153,0.654,0.003,46.429,86.301
1785989349,463896240,1785989349,463896240,66.422,5,848,480,39.847,39.126,0.94,38.186,8.247,8.452,17.176,4.311,29.939,0.718,0.003,46.205,86.075
1785989349,530546387,1785989349,530546387,67.921,5,848,480,39.928,39.202,1.791,37.412,6.95,8.546,17.279,4.637,30.461,0.722,0.003,47.393,87.344
1785989349,597195313,1785989349,597195313,65.69,5,848,480,40.259,39.455,1.225,38.23,7.897,8.526,17.181,4.626,30.333,0.8,0.004,46.115,86.385
1785989349,663843262,1785989349,663843262,68.431,5,848,480,42.859,42.148,2.044,40.104,10.386,8.363,17.033,4.321,29.718,0.708,0.003,45.291,88.169
1785989349,697166748,1785989349,697166748,66.883,5,848,480,57.636,56.914,1.001,55.913,21.773,8.634,21.629,3.876,34.139,0.718,0.004,64.089,121.732
1785989349,763813232,1785989349,763813232,41.153,5,848,480,40.642,39.916,0.849,39.067,9.326,8.197,17.733,3.812,29.742,0.722,0.003,55.555,96.251
1785989349,830458740,1785989349,830458740,65.312,5,848,480,42.935,42.14,1.661,40.479,7.198,11.692,17.522,4.067,33.281,0.79,0.005,51.945,94.912
1785989349,897103027,1785989349,897103027,63.438,5,848,480,43.939,43.206,1.627,41.579,6.623,8.54,21.799,4.617,34.956,0.73,0.003,47.729,91.694
1785989349,963746338,1785989349,963746338,60.588,5,848,480,39.489,38.736,1.628,37.108,7.02,8.484,17.297,4.307,30.088,0.75,0.004,46.123,85.643
1785989350,30389160,1785989350,30389160,67.812,5,848,480,40.665,39.847,1.437,38.41,7.753,8.605,17.185,4.867,30.656,0.814,0.004,46.12,86.825
1785989350,97127930,1785989350,97127930,75.08,5,848,480,49.002,48.269,1.614,46.655,7.222,8.641,22.628,8.164,39.433,0.729,0.004,46.121,95.217
1785989350,130497803,1785989350,130497803,58.902,5,848,480,58.424,57.763,0.997,56.765,25.504,8.428,17.364,5.47,31.262,0.658,0.003,62.217,120.68
1785989350,197238525,1785989350,197238525,53.715,5,848,480,53.298,52.209,0.898,51.31,18.488,10.516,16.787,5.519,32.822,1.083,0.007,54.321,107.685
1785989350,230609375,1785989350,230609375,52.719,5,848,480,50.401,49.641,4.671,44.97,14.693,8.909,17.396,3.971,30.276,0.756,0.004,76.589,127.006
1785989350,297351563,1785989350,297351563,60.083,5,848,480,59.555,58.901,1.073,57.829,16.372,18.416,16.864,6.177,41.457,0.651,0.003,60.752,120.339
1785989350,364095215,1785989350,364095215,47.355,5,848,480,46.975,46.222,2.41,43.812,11.958,10.697,17.132,4.026,31.855,0.749,0.004,53.942,100.985
1785989350,397467529,1785989350,397467529,54.827,5,848,480,52.2,51.492,1.946,49.546,15.122,11.058,17.751,5.615,34.424,0.705,0.003,70.183,122.409
1785989350,464212646,1785989350,464212646,62.461,5,848,480,61.987,61.167,3.207,57.96,23.922,10.962,16.784,6.293,34.038,0.816,0.004,56.1,118.131
1785989350,530959229,1785989350,530959229,46.667,5,848,480,46.246,45.514,0.872,44.642,14.024,8.597,18.213,3.809,30.618,0.728,0.003,51.762,98.048
1785989350,564333008,1785989350,564333008,55.726,5,848,480,53.124,52.406,1.332,51.074,20.073,8.404,17.287,5.309,31.001,0.715,0.003,67.254,120.398
1785989350,631081299,1785989350,631081299,63.726,5,848,480,63.322,62.618,3.27,59.348,16.619,20.196,16.87,5.663,42.729,0.701,0.003,54.014,117.376
1785989350,697830566,1785989350,697830566,51.937,5,848,480,51.554,47.814,1.88,45.934,12.152,12.935,16.821,4.026,33.782,3.733,0.008,50.974,102.586
1785989350,764581299,1785989350,764581299,58.167,5,848,480,39.08,38.324,1.026,37.298,6.833,9.052,17.389,4.023,30.465,0.753,0.004,54.874,93.983
1785989350,831333008,1785989350,831333008,62.051,5,848,480,43.066,42.378,0.885,41.494,7.756,9.894,17.242,6.601,33.737,0.684,0.003,46.186,89.278
1785989350,898085938,1785989350,898085938,65.89,5,848,480,41.155,40.455,0.755,39.701,8.809,8.667,17.272,4.952,30.891,0.696,0.003,47.248,88.417
1785989350,964840088,1785989350,964840088,64.363,5,848,480,39.88,39.035,1.919,37.116,6.955,8.542,17.255,4.364,30.162,0.842,0.003,46.119,86.026
1785989351,31594971,1785989351,31594971,66.692,5,848,480,39.844,39.105,1.018,38.088,7.153,8.58,17.198,5.157,30.934,0.735,0.003,46.094,85.964
1785989351,98262939,1785989351,98262939,71.837,5,848,480,45.009,44.284,1.046,43.238,7.367,8.992,21.041,5.837,35.87,0.722,0.003,46.109,91.134
1785989351,131596436,1785989351,131596436,42.454,5,848,480,42.055,41.276,0.949,40.327,8.15,10.506,17.552,4.119,32.177,0.776,0.003,58.158,100.264
1785989351,198263184,1785989351,198263184,69.705,5,848,480,50.006,48.955,1.7,47.255,9.555,9.581,23.747,4.372,37.7,1.044,0.006,53.262,103.32
1785989351,231596191,1785989351,231596191,49.499,5,848,480,48.612,47.844,1.057,46.787,13.42,10.923,17.131,5.312,33.367,0.764,0.003,70.826,119.456
1785989351,298261719,1785989351,298261719,65.205,5,848,480,64.748,63.876,0.79,63.086,25.371,11.172,17.558,8.985,37.715,0.869,0.004,53.207,117.996
1785989351,364926270,1785989351,364926270,51.58,5,848,480,51.19,50.016,8.668,41.347,9.726,10.153,17.176,4.293,31.621,1.169,0.005,51.682,103.236
1785989351,398258301,1785989351,398258301,56.851,5,848,480,50.614,49.903,7.978,41.925,10.627,9.687,17.548,4.063,31.298,0.707,0.003,75.798,126.43
1785989351,464921631,1785989351,464921631,60.053,5,848,480,59.646,58.785,0.876,57.909,16.354,16.058,16.783,8.713,41.555,0.856,0.005,60.135,119.839
1785989351,531583984,1785989351,531583984,63.208,5,848,480,62.678,62.01,4.36,57.65,23.288,11.556,17.276,5.53,34.362,0.665,0.003,53.652,116.365
1785989351,598245850,1785989351,598245850,53.395,5,848,480,51.768,50.915,0.996,49.92,8.355,13.961,23.279,4.324,41.565,0.849,0.004,51.298,103.11
1785989351,631576172,1785989351,631576172,46.311,5,848,480,45.744,44.945,1.383,43.561,8.015,11.085,16.844,7.617,35.546,0.795,0.004,70.3,116.09
1785989351,698236816,1785989351,698236816,58.689,5,848,480,58.234,56.594,0.94,55.654,15.32,18.338,16.686,5.309,40.334,1.633,0.007,49.84,108.143
1785989351,731566650,1785989351,731566650,48.664,5,848,480,48.083,47.356,0.963,46.393,8.706,16.278,17.508,3.901,37.687,0.723,0.003,75.322,123.442
1785989351,798225830,1785989351,798225830,65.858,5,848,480,58.843,58.181,0.87,57.311,13.228,16.556,20.439,7.087,44.083,0.659,0.003,63.773,122.637
1785989351,864884033,1785989351,864884033,60.26,5,848,480,59.872,59.139,0.935,58.204,21.787,9.955,16.781,9.681,36.416,0.73,0.004,56.33,116.242
1785989351,931541748,1785989351,931541748,46.505,5,848,480,45.053,44.344,3.582,40.762,9.737,9.54,17.437,4.047,31.024,0.707,0.003,51.001,96.088
1785989351,964870117,1785989351,964870117,57.316,5,848,480,56.847,56.107,0.828,55.28,19.825,10.012,16.752,8.691,35.455,0.736,0.003,63.191,120.075
1785989352,31526855,1785989352,31526855,41.628,5,848,480,41.241,40.496,0.84,39.656,8.595,9.58,17.454,4.026,31.061,0.741,0.003,53.779,95.049
1785989352,98199951,1785989352,98199951,68.206,5,848,480,41.678,40.973,1.573,39.4,6.817,10.711,17.447,4.426,32.583,0.702,0.003,54.877,96.582
1785989352,164872314,1785989352,164872314,61.668,5,848,480,39.642,38.962,1.641,37.321,6.455,8.82,17.361,4.685,30.866,0.677,0.003,51.907,91.576
1785989352,231543945,1785989352,231543945,66.046,5,848,480,41.716,40.895,1.726,39.169,8.566,8.848,17.844,3.911,30.603,0.818,0.003,49.209,90.952
1785989352,298214844,1785989352,298214844,66.773,5,848,480,45.502,44.832,0.847,43.984,12.707,8.728,17.357,5.193,31.278,0.667,0.003,45.594,91.052
1785989352,331550049,1785989352,331550049,63.058,5,848,480,62.644,61.826,0.967,60.859,21.875,9.103,16.711,13.17,38.984,0.814,0.003,58.092,120.776
1785989352,398219727,1785989352,398219727,54.028,5,848,480,53.626,52.809,3.694,49.115,11.775,11.163,21.328,4.849,37.34,0.812,0.005,54.469,108.154
1785989352,431554199,1785989352,431554199,51.848,5,848,480,50.014,49.289,1.008,48.281,18.659,8.456,17.29,3.877,29.623,0.722,0.003,76.609,126.66
1785989352,498222900,1785989352,498222900,61.411,5,848,480,60.993,60.324,0.881,59.442,18.618,16.18,16.987,7.658,40.825,0.666,0.003,60.356,121.439
1785989352,564890625,1785989352,564890625,45.953,5,848,480,45.515,44.734,0.912,43.822,13.021,9.462,17.276,4.063,30.801,0.777,0.004,55.121,100.682
1785989352,598224121,1785989352,598224121,55.248,5,848,480,52.545,51.75,2.46,49.29,11.005,15.087,17.649,5.55,38.285,0.792,0.003,70.121,122.589
1785989352,664890869,1785989352,664890869,49.92,5,848,480,49.501,48.335,0.965,47.369,8.447,16.987,17.35,4.585,38.922,1.162,0.005,56.304,106.275
1785989352,698223877,1785989352,698223877,50.547,5,848,480,48.285,47.61,2.253,45.357,14.403,8.913,17.416,4.625,30.954,0.671,0.003,75.017,123.056
1785989352,764889404,1785989352,764889404,63.634,5,848,480,63.23,62.49,1.001,61.488,28.685,8.083,17.477,7.243,32.803,0.738,0.003,56.755,120.021
1785989352,831554199,1785989352,831554199,66.162,5,848,480,58.574,57.807,1.002,56.805,12.446,22.962,17.044,4.353,44.359,0.763,0.004,60.924,119.525
1785989352,898218018,1785989352,898218018,42.82,5,848,480,41.22,40.475,2.689,37.786,7.318,9.101,17.389,3.977,30.467,0.741,0.004,54.43,95.681
1785989352,964881348,1785989352,964881348,62.923,5,848,480,39.658,38.988,1.92,37.069,6.858,8.655,17.418,4.138,30.21,0.666,0.003,52.254,91.938
1785989353,31543945,1785989353,31543945,64.336,5,848,480,41.077,40.399,1.734,38.665,6.954,8.477,19.185,4.048,31.71,0.675,0.003,48.509,89.671
1785989353,98214355,1785989353,98214355,67.453,5,848,480,43.208,41.942,1.892,40.05,7.976,8.316,17.256,6.503,32.075,1.259,0.006,47.163,90.422
1785989353,164884033,1785989353,164884033,64.666,5,848,480,39.872,39.203,1.749,37.454,6.807,8.591,17.447,4.609,30.647,0.665,0.003,48.495,88.388
1785989353,231552734,1785989353,231552734,66.72,5,848,480,39.977,39.308,1.569,37.74,6.832,8.593,17.286,5.029,30.908,0.665,0.003,48.438,88.441
1785989353,298220703,1785989353,298220703,66.264,5,848,480,40.086,39.383,1.797,37.587,6.839,8.694,17.162,4.891,30.747,0.699,0.004,47.926,88.037
1785989353,364887695,1785989353,364887695,68.802,5,848,480,41.759,40.918,1.639,39.278,7.07,9.033,17.132,6.043,32.209,0.838,0.003,48.387,90.175
1785989353,431554199,1785989353,431554199,65.258,5,848,480,40.704,40.028,1.0,39.028,7.259,8.531,17.392,5.847,31.77,0.673,0.003,48.033,88.78
1785989353,498219727,1785989353,498219727,66.646,5,848,480,39.538,38.795,1.011,37.785,7.225,8.6,17.284,4.675,30.56,0.739,0.004,49.181,88.75
1785989353,564884521,1785989353,564884521,71.049,5,848,480,42.994,42.322,0.78,41.543,6.759,8.09,17.169,9.525,34.784,0.669,0.003,50.109,93.261
1785989353,631548340,1785989353,631548340,63.892,5,848,480,39.502,38.696,2.139,36.557,6.711,8.337,17.369,4.139,29.845,0.802,0.004,50.838,90.359
1785989353,698211670,1785989353,698211670,64.799,5,848,480,40.521,39.804,0.904,38.9,8.204,8.385,17.226,5.085,30.696,0.713,0.003,47.947,88.494
1785989353,764873779,1785989353,764873779,72.482,5,848,480,45.451,44.728,1.087,43.642,7.19,12.935,18.287,5.229,36.452,0.72,0.003,48.989,94.31
1785989353,798204834,1785989353,798204834,44.401,5,848,480,44.013,43.124,0.912,42.212,10.71,10.157,17.253,4.092,31.502,0.883,0.006,61.334,105.411
1785989353,831535400,1785989353,831535400,80.067,5,848,480,65.516,64.83,12.685,52.145,11.987,16.789,17.03,6.339,40.158,0.682,0.003,86.584,152.178
1785989353,931526367,1785989353,931526367,49.26,5,848,480,47.643,46.791,2.541,44.25,12.06,10.228,17.257,4.705,32.19,0.846,0.006,53.72,101.406
1785989353,964856201,1785989353,964856201,53.292,5,848,480,52.806,52.145,0.972,51.172,15.692,12.473,17.182,5.826,35.48,0.658,0.003,68.507,121.472
1785989354,31515625,1785989354,31515625,46.393,5,848,480,45.872,45.124,0.804,44.32,7.11,16.275,16.868,4.067,37.21,0.745,0.003,55.173,101.101
1785989354,64892822,1785989354,64892822,58.94,5,848,480,58.435,57.76,0.95,56.81,20.304,12.19,19.008,5.308,36.506,0.672,0.003,68.176,126.642
1785989354,131648438,1785989354,131648438,62.131,5,848,480,61.687,60.933,2.587,58.345,18.543,9.291,16.967,13.543,39.802,0.751,0.004,60.297,122.024
1785989354,198405518,1785989354,198405518,62.436,5,848,480,62.035,60.968,1.092,59.876,29.228,8.857,16.736,5.055,30.648,1.064,0.004,55.628,117.703
