capture_sec,capture_nanosec,target3d_in_age_ms,target3d_compute_ms,target3d_out_age_ms,depth_vs_color_skew_ms,skew_if_latest_ms,depth_valid
1785989054,252052246,135.853,1.863,137.562,,66.531,0
1785989054,318583252,128.839,0.562,129.307,,66.581,0
1785989054,385164551,115.088,2961.39,3076.197,0.0,66.629,1
1785989056,685654053,779.736,2.861,782.468,-2233.86,-2233.86,1
1785989056,752339844,728.098,2.817,730.681,633.501,633.501,1
1785989056,785682373,700.635,3.204,703.726,600.158,600.158,1
1785989056,885708984,611.82,2.763,614.455,500.132,533.491,1
1785989056,919050781,584.372,2.504,586.766,466.79,500.149,1
1785989057,19075684,492.655,4.535,497.069,366.765,400.125,1
1785989057,85758057,435.391,4.405,439.596,300.083,333.442,1
1785989057,185780273,344.185,3.477,347.501,200.06,233.42,1
1785989057,219120605,322.61,3.145,325.605,166.72,233.44,1
1785989057,319141113,229.281,2.378,231.549,66.699,133.419,1
1785989057,352481201,201.272,3.637,204.77,33.359,100.079,1
1785989057,419200195,145.894,2.967,148.599,0.0,33.36,1
1785989057,485920410,140.541,3.795,143.88,0.0,66.721,1
1785989057,552641846,131.111,3.107,133.864,0.0,66.723,1
1785989057,619364502,104.866,5.831,109.45,0.0,33.362,1
1785989057,686088135,103.776,4.803,108.436,0.0,33.362,1
1785989057,752812744,96.387,2.542,98.798,0.0,33.363,1
1785989057,852902100,88.845,2.244,90.984,0.0,33.364,1
1785989057,919629639,90.141,2.226,92.261,0.0,33.364,1
1785989057,986358398,94.316,2.492,96.687,0.0,33.365,1
1785989058,53088135,106.447,2.987,109.148,0.0,33.365,1
1785989058,86453613,126.093,8.94,134.732,0.0,66.731,1
1785989058,153185059,111.154,2.418,113.425,0.0,33.366,1
1785989058,186551270,130.8,2.472,133.152,0.0,66.733,1
1785989058,286651611,93.474,2.533,95.904,0.0,0.0,1
1785989058,353386230,90.515,2.726,93.06,33.351,33.351,1
1785989058,420087402,90.46,2.259,92.619,0.0,33.35,1
1785989058,486788086,91.672,2.313,93.875,33.35,33.35,1
1785989058,553488281,90.809,2.23,92.94,0.0,33.35,1
1785989058,620188232,92.561,2.428,94.884,-33.35,33.35,1
1785989058,686887939,90.521,2.312,92.729,0.0,33.35,1
1785989058,753587158,92.744,2.257,94.897,0.0,33.35,1
1785989058,820286133,90.045,2.209,92.147,0.0,33.349,1
1785989058,886984863,91.302,2.27,93.421,0.0,33.349,1
1785989058,953682861,92.135,2.403,94.341,0.0,33.349,1
1785989059,20380859,96.266,5.215,101.318,0.0,0.0,1
1785989059,53729736,144.297,3.258,147.433,0.0,66.697,1
1785989059,120427002,124.283,3.822,127.979,0.0,66.697,1
1785989059,187124023,121.911,4.597,126.392,0.0,66.697,1
1785989059,220472412,125.253,2.426,127.557,0.0,66.697,1
1785989059,320517090,90.914,2.304,93.117,0.0,33.348,1
1785989059,387209229,96.641,3.029,99.546,0.0,33.344,1
1785989059,420553223,123.722,2.827,126.411,0.0,33.344,1
1785989059,487240723,97.168,2.527,99.585,-33.344,33.344,1
1785989059,553927979,102.75,3.233,105.841,0.0,33.343,1
1785989059,620614502,94.169,2.148,96.22,0.0,33.343,1
1785989059,687300537,92.601,2.266,94.763,0.0,33.343,1
1785989059,753986084,91.01,2.452,93.36,0.0,33.343,1
1785989059,820671143,90.444,2.139,92.479,33.342,33.342,1
1785989059,887355713,90.376,2.081,92.359,0.0,33.342,1
1785989059,954039795,90.939,2.199,93.03,0.0,33.342,1
1785989060,20723389,138.169,2.714,140.751,0.0,66.683,1
1785989060,54064941,172.401,2.387,174.671,0.0,100.024,1
1785989060,154088867,137.642,2.717,140.227,0.0,66.682,1
1785989060,220770996,130.072,2.806,132.744,0.0,66.681,1
1785989060,287452393,122.747,2.099,124.737,0.0,66.681,1
1785989060,320792969,131.013,2.261,133.167,0.0,66.686,1
1785989060,387479004,110.096,2.751,112.729,0.0,33.345,1
1785989060,420823975,150.151,2.411,152.449,0.0,66.69,1
1785989060,487513916,127.443,8.682,136.002,0.0,66.689,1
1785989060,554203369,112.338,3.704,115.899,0.0,33.344,1
1785989060,587547852,130.206,7.314,137.391,0.0,66.689,1
1785989060,654236572,122.867,3.306,126.002,0.0,66.688,1
1785989060,720925049,99.41,2.903,102.1,0.0,0.0,1
1785989060,787612793,94.192,2.545,96.63,0.0,33.344,1
1785989060,854300293,93.414,2.277,95.585,0.0,33.344,1
1785989060,920987305,89.955,2.284,92.114,0.0,33.344,1
1785989060,987673828,94.575,2.589,97.043,0.0,33.343,1
1785989061,54360107,116.586,7.839,124.303,0.0,33.343,1
1785989061,87703125,137.025,2.794,139.684,0.0,66.685,1
1785989061,154388428,126.276,3.174,129.22,0.0,66.685,1
1785989061,221073730,126.804,2.716,129.333,0.0,66.685,1
1785989061,287758301,100.542,2.75,103.084,0.0,33.342,1
1785989061,354442627,94.844,2.239,96.976,0.0,33.347,1
1785989061,421135742,97.194,4.317,101.16,0.0,33.346,1
1785989061,454482178,122.018,2.623,124.53,0.0,66.693,1
1785989061,521174805,109.698,10.783,120.337,0.0,33.346,1
1785989061,554520996,126.787,5.427,132.087,0.0,0.0,1
1785989061,587866943,164.928,5.522,170.311,-33.346,100.038,1
1785989061,687904785,111.587,3.22,114.67,0.0,33.346,1
1785989061,754596191,97.746,3.862,101.388,0.0,33.345,1
1785989061,787941650,145.619,8.642,151.994,0.0,66.691,1
1785989061,854632568,131.644,2.47,133.993,0.0,66.691,1
1785989061,921323242,125.314,3.492,128.681,0.0,66.69,1
1785989061,988013428,129.063,2.151,131.109,0.0,66.69,1
1785989062,54703125,138.64,3.995,142.447,0.0,66.689,1
1785989062,121392578,120.787,2.613,123.276,0.0,33.345,1
1785989062,154737305,139.755,6.303,145.876,0.0,66.689,1
1785989062,221426270,125.613,3.018,128.503,0.0,66.689,1
1785989062,288114990,128.851,2.365,131.095,0.0,66.688,1
1785989062,354803467,103.925,10.439,110.393,0.0,33.429,1
1785989062,421662354,94.969,2.194,97.056,0.0,33.43,1
1785989062,488522949,93.821,3.659,97.35,0.0,33.431,1
1785989062,521953857,129.848,2.349,132.072,0.0,66.864,1
1785989062,588817383,116.376,2.834,119.081,0.0,66.865,1
1785989062,622249756,131.501,6.895,138.267,0.0,66.866,1
1785989062,689115967,110.019,3.021,112.928,0.0,33.434,1
1785989062,722549805,128.166,2.412,130.471,0.0,66.869,1
1785989062,789418701,122.582,3.88,126.344,0.0,33.435,1
1785989062,856289551,113.345,3.713,116.918,-33.436,33.436,1
1785989062,889725586,129.158,2.757,131.728,0.0,66.874,1
1785989062,956599365,127.448,17.758,145.064,0.0,66.875,1
1785989062,990036865,153.217,4.8,157.014,0.0,66.876,1
1785989063,56913086,160.622,5.518,166.004,0.0,66.878,1
1785989063,123791260,154.135,3.071,157.071,0.0,66.88,1
1785989063,190671387,158.938,2.996,161.822,0.0,100.324,1
1785989063,290995117,126.396,2.298,128.579,0.0,66.883,1
1785989063,357877686,95.45,2.422,97.751,0.0,0.0,1
1785989063,424549072,101.94,2.945,104.717,33.335,33.335,1
1785989063,457884277,119.948,2.379,122.219,0.0,33.335,1
1785989063,524554443,110.273,2.547,112.669,-33.335,33.335,1
1785989063,557889404,143.408,3.134,146.423,0.0,66.669,1
1785989063,624558350,125.277,3.586,128.745,0.0,66.668,1
1785989063,691226563,128.454,2.461,130.725,0.0,66.667,1
1785989063,757894043,119.154,2.342,121.351,0.0,66.667,1
1785989063,824560791,98.443,4.812,103.102,0.0,33.333,1
1785989063,857893799,125.424,3.937,129.197,0.0,66.666,1
1785989063,924559326,129.302,3.025,132.193,0.0,66.665,1
1785989063,991224121,134.936,3.774,138.57,0.0,66.664,1
1785989064,57888184,127.271,6.311,131.062,0.0,66.663,1
1785989064,91219727,158.542,3.068,161.379,0.0,99.994,1
1785989064,191213623,116.951,4.786,121.596,0.0,33.331,1
1785989064,224544678,155.825,2.991,158.691,0.0,99.992,1
1785989064,324536377,96.555,2.711,99.131,0.0,33.331,1
1785989064,391202881,92.554,2.545,94.981,0.0,33.336,1
1785989064,457874268,90.455,2.219,92.553,0.0,33.335,1
1785989064,524544678,90.164,2.362,92.42,0.0,33.335,1
1785989064,591214600,90.099,2.824,92.734,0.0,33.334,1
1785989064,657883545,89.514,7.47,96.792,33.334,33.334,1
1785989064,724551758,94.08,2.03,96.014,0.0,33.334,1
1785989064,791219238,89.721,2.558,92.162,-33.333,33.333,1
1785989064,824552734,105.394,3.17,108.401,0.0,33.333,1
1785989064,924552002,90.568,2.185,92.647,0.0,33.333,1
1785989064,991217285,91.058,2.726,93.673,0.0,33.332,1
1785989065,57881592,129.242,2.498,131.611,0.0,66.664,1
1785989065,124545410,124.315,7.959,132.026,0.0,33.332,1
1785989065,157876953,140.592,9.345,149.819,0.0,66.663,1
1785989065,224539551,135.526,4.75,140.051,0.0,66.662,1
1785989065,291201172,127.423,2.628,129.936,0.0,66.662,1
1785989065,357862793,97.131,2.537,99.551,0.0,33.377,1
1785989065,424617432,92.418,2.159,94.474,-33.377,33.378,1
1785989065,491373535,90.216,2.249,92.348,0.0,33.379,1
1785989065,524752197,124.132,3.043,126.984,0.0,66.758,1
1785989065,591510498,97.236,3.138,99.613,0.0,33.38,1
1785989065,624890137,124.638,2.719,127.237,0.0,66.76,1
1785989065,691650391,100.039,2.797,102.728,0.0,33.381,1
1785989065,758412354,113.559,2.073,115.531,0.0,33.381,1
1785989065,791793701,125.232,2.13,127.256,0.0,66.764,1
1785989065,891940186,91.862,2.246,94.004,0.0,33.383,1
1785989065,958706543,92.886,2.196,94.903,0.0,33.384,1
1785989066,25474121,98.4,3.502,101.775,0.0,33.384,1
1785989066,92243164,120.265,2.962,123.105,0.0,33.385,1
1785989066,125628174,142.779,4.692,147.337,0.0,66.771,1
1785989066,192399170,110.677,2.476,113.026,0.0,33.386,1
1785989066,292558838,94.453,2.456,96.806,0.0,33.387,1
1785989066,359332764,91.661,2.419,93.976,0.0,33.341,1
1785989066,426014648,91.638,2.229,93.759,0.0,33.341,1
1785989066,492696045,90.327,2.216,92.438,0.0,33.34,1
1785989066,559376709,89.453,2.259,91.609,-33.34,33.34,1
1785989066,626056885,89.654,3.017,92.55,0.0,33.34,1
1785989066,692736572,92.689,2.474,95.061,0.0,33.339,1
1785989066,726075928,128.352,3.015,131.217,0.0,66.679,1
1785989066,792754639,114.577,2.67,117.029,0.0,33.339,1
1785989066,859432861,93.814,2.147,95.848,33.339,33.339,1
1785989066,926110107,94.496,2.134,96.526,0.0,33.339,1
1785989066,992787109,92.688,2.286,94.858,0.0,0.0,1
1785989067,59463379,111.624,4.006,115.497,0.0,33.338,1
1785989067,92801270,141.599,5.138,146.109,0.0,66.675,1
1785989067,159476563,130.436,3.497,133.808,0.0,66.675,1
1785989067,226151367,121.465,4.033,125.361,0.0,66.674,1
1785989067,259488525,147.821,4.46,152.163,-33.337,33.337,1
1785989067,326162354,126.809,2.253,128.949,-33.337,66.753,1
1785989067,392915771,98.396,5.76,104.027,0.0,33.417,1
1785989067,459749023,98.46,2.443,100.722,0.0,33.417,1
1785989067,526583740,91.773,2.15,93.817,0.0,33.418,1
1785989067,593419678,89.154,2.284,91.33,0.0,33.418,1
1785989067,660257080,91.013,2.807,93.704,0.0,33.419,1
1785989067,727095703,93.008,2.862,95.693,0.0,33.42,1
1785989067,793935547,91.503,2.212,93.611,0.0,33.421,1
1785989067,860776855,91.851,2.101,93.853,0.0,33.421,1
1785989067,927619629,90.584,2.168,92.623,-33.422,33.422,1
1785989067,994463623,91.357,2.485,93.732,0.0,33.422,1
1785989068,61308838,99.511,2.28,101.681,0.0,33.423,1
1785989068,128155518,104.202,3.771,107.707,0.0,33.424,1
1785989068,161579346,126.188,2.343,128.417,0.0,66.849,1
1785989068,228427979,112.81,4.951,117.333,0.0,33.425,1
1785989068,261852783,148.014,13.501,160.305,0.0,33.425,1
1785989068,328703613,134.189,4.044,138.083,33.424,66.799,1
1785989068,395502686,126.097,9.819,135.739,0.0,66.751,1
1785989068,462253418,119.387,3.345,122.266,0.0,66.752,1
1785989068,529005371,107.469,2.358,109.653,0.0,33.376,1
1785989068,562381836,119.078,2.306,121.284,0.0,66.754,1
1785989068,629135986,123.328,4.649,127.848,0.0,66.756,1
1785989068,695891602,98.574,4.574,103.028,0.0,33.378,1
1785989068,729269775,124.739,3.18,127.734,0.0,66.758,1
1785989068,796027344,108.089,2.626,110.586,0.0,33.379,1
1785989068,829406494,123.635,2.563,126.074,0.0,66.76,1
1785989068,896166016,102.04,2.572,104.477,0.0,33.38,1
1785989068,929546143,123.265,2.301,125.463,0.0,66.762,1
1785989068,996307861,124.706,2.812,127.404,0.0,66.763,1
1785989069,29688965,159.511,2.556,161.899,0.0,100.146,1
1785989069,129834961,121.102,3.585,124.451,0.0,66.765,1
1785989069,196600342,106.049,4.769,110.683,0.0,33.383,1
1785989069,229983643,126.305,2.826,129.006,0.0,66.768,1
1785989069,296751465,106.343,3.159,109.337,0.0,33.384,1
1785989069,330135742,122.691,2.763,125.327,0.0,66.728,1
1785989069,396863525,99.124,9.719,108.7,0.0,33.344,1
1785989069,430207031,126.013,2.175,128.069,0.0,66.687,1
1785989069,496893799,118.695,2.456,121.024,0.0,33.343,1
1785989069,563580322,92.703,2.222,94.823,33.343,33.343,1
1785989069,630266357,88.749,2.199,90.798,0.0,33.343,1
1785989069,696951904,87.525,2.258,89.68,0.0,33.343,1
1785989069,763636963,95.681,2.856,98.375,0.0,33.342,1
1785989069,796979248,113.373,4.07,117.202,0.0,33.342,1
1785989069,830321533,126.248,2.136,128.28,0.0,66.684,1
1785989069,897005859,119.063,2.405,121.351,0.0,66.684,1
1785989069,930347900,123.844,2.189,125.909,0.0,66.684,1
1785989070,30373047,101.533,3.253,104.667,0.0,33.342,1
1785989070,63714600,127.574,3.189,130.626,0.0,66.683,1
1785989070,97055908,163.736,3.157,166.757,0.0,100.024,1
1785989070,197079590,132.477,2.655,135.008,0.0,33.341,1
1785989070,263761475,125.429,2.292,127.605,-33.341,-33.341,1
1785989070,330442871,122.211,2.355,124.446,0.0,66.683,1
1785989070,363783936,145.638,7.466,152.929,-33.341,66.684,1
1785989070,430467773,119.198,2.812,121.891,0.0,33.342,1
1785989070,497150879,110.579,2.885,113.321,-33.341,-33.341,1
1785989070,530492432,123.175,2.947,125.732,33.341,66.682,1
1785989070,597174805,123.863,2.417,126.068,0.0,66.682,1
1785989070,663856689,96.784,2.858,99.341,0.0,33.341,1
1785989070,763878174,107.065,2.139,109.099,-33.34,33.34,1
1785989070,797218506,120.364,2.641,122.88,0.0,66.68,1
1785989070,863898682,113.038,2.715,115.639,0.0,66.679,1
1785989070,897238525,129.711,2.463,132.037,0.0,66.679,1
1785989070,963917725,105.121,2.594,107.601,0.0,33.339,1
1785989071,30596436,106.992,2.354,109.229,0.0,33.339,1
1785989071,63935547,128.749,2.345,130.991,0.0,66.678,1
1785989071,130613281,128.591,2.652,131.123,0.0,66.677,1
1785989071,197290527,100.643,3.713,104.224,0.0,33.338,1
1785989071,297305420,92.808,2.191,94.892,0.0,33.338,1
1785989071,363981689,89.891,2.346,92.135,0.0,33.341,1
1785989071,430664063,90.981,2.289,93.17,0.0,33.341,1
1785989071,497345703,91.614,2.327,93.836,0.0,33.341,1
1785989071,564026855,88.716,2.291,90.904,0.0,33.34,1
1785989071,630707520,91.953,2.175,94.022,33.34,33.34,1
1785989071,697387451,88.445,2.212,90.551,0.0,33.34,1
1785989071,764066895,93.791,9.391,103.065,0.0,33.339,1
1785989071,797406250,125.062,4.386,129.328,0.0,66.678,1
1785989071,864084717,97.082,2.343,99.319,0.0,33.339,1
1785989071,930762695,95.905,2.253,98.052,0.0,33.339,1
1785989071,997439941,96.969,2.237,99.093,0.0,33.339,1
1785989072,64116699,121.747,3.257,124.891,0.0,66.676,1
1785989072,130792969,110.279,3.449,112.848,0.0,33.338,1
1785989072,164130859,133.345,3.423,136.614,0.0,33.338,1
1785989072,230805908,125.401,4.557,129.761,-33.337,66.675,1
1785989072,297480713,122.235,2.729,124.8,0.0,66.675,1
1785989072,364155273,108.983,2.774,111.638,0.0,33.428,1
1785989072,397583008,147.89,3.389,151.15,0.0,66.856,1
1785989072,464439453,122.256,2.788,124.92,0.0,66.858,1
1785989072,531297607,94.568,2.221,96.684,0.0,33.43,1
1785989072,598157715,94.572,2.126,96.599,0.0,33.431,1
1785989072,665019531,94.417,2.095,96.415,0.0,33.431,1
1785989072,731882813,89.362,2.197,91.455,0.0,33.433,1
1785989072,798748047,93.623,2.537,96.03,0.0,33.433,1
1785989072,832181396,124.436,7.383,131.702,0.0,66.868,1
1785989072,899049316,101.225,3.522,104.529,0.0,33.435,1
1785989072,965918945,97.435,5.656,102.956,0.0,33.435,1
1785989073,32790283,96.717,3.307,99.714,0.0,33.436,1
1785989073,99663330,110.814,2.849,113.364,0.0,33.437,1
1785989073,133100586,127.718,2.579,130.15,0.0,66.875,1
1785989073,199976074,126.178,2.409,128.457,0.0,66.877,1
1785989073,266853516,124.226,2.829,126.923,0.0,66.879,1
1785989073,333732910,117.887,3.321,121.08,0.0,66.775,1
1785989073,400507568,91.795,2.293,93.985,0.0,33.336,1
1785989073,467179443,88.564,2.25,90.709,0.0,33.336,1
1785989073,533850586,89.12,2.156,91.171,0.0,33.335,1
1785989073,567185791,119.366,2.826,122.059,0.0,66.67,1
1785989073,633855713,90.988,2.317,93.159,0.0,33.335,1
1785989073,700524902,89.606,2.42,91.918,0.0,33.334,1
1785989073,767193359,86.965,2.332,89.188,33.334,33.334,1
1785989073,833860840,95.769,3.159,98.713,0.0,33.333,1
1785989073,867194336,118.027,3.877,121.794,0.0,66.667,1
1785989073,933860840,98.683,6.749,105.268,0.0,33.333,1
1785989073,967193848,125.435,2.268,127.588,0.0,66.665,1
1785989074,33859131,127.864,2.93,130.664,0.0,66.665,1
1785989074,100523682,105.509,6.47,111.857,0.0,33.332,1
1785989074,133855469,123.08,2.715,125.668,0.0,33.332,1
1785989074,167187256,133.368,3.492,136.693,0.0,66.663,1
1785989074,267181396,97.671,2.949,100.426,0.0,33.331,1
1785989074,333843262,95.295,3.627,98.658,0.0,33.331,1
1785989074,400511475,89.347,3.048,92.154,0.0,33.337,1
1785989074,467184814,90.715,2.206,92.819,0.0,33.336,1
1785989074,533857666,89.201,2.165,91.264,0.0,33.336,1
1785989074,600529541,88.535,2.317,90.728,0.0,33.336,1
1785989074,700536377,88.439,2.312,90.602,33.335,33.335,1
1785989074,767206543,87.64,2.239,89.777,-33.335,33.335,1
1785989074,833876221,92.886,3.561,96.25,0.0,33.334,1
1785989074,867210693,122.052,3.029,124.957,0.0,66.669,1
1785989074,933879395,94.888,5.087,99.851,0.0,33.334,1
1785989075,547363,96.83,3.527,100.224,0.0,0.0,1
1785989075,67214600,110.363,7.535,117.748,0.0,33.333,1
1785989075,100548096,143.462,2.626,145.968,0.0,66.666,1
1785989075,167214355,128.007,2.385,130.275,0.0,33.333,1
1785989075,267212402,115.351,3.187,118.403,33.333,66.665,1
1785989075,300544922,124.959,2.482,127.336,0.0,66.665,1
1785989075,367209717,122.18,2.623,124.684,0.0,66.67,1
1785989075,433879639,101.078,4.108,104.911,0.0,33.334,1
1785989075,467214111,123.743,3.651,127.266,0.0,66.669,1
1785989075,533882813,100.63,3.142,103.442,0.0,33.334,1
1785989075,600550537,91.825,2.458,94.122,0.0,33.333,1
1785989075,667217529,88.391,2.251,90.536,0.0,33.333,1
1785989075,733883545,90.015,2.119,92.035,0.0,33.333,1
1785989075,800549072,88.214,2.243,90.353,0.0,33.332,1
1785989075,867213623,93.324,2.633,95.823,0.0,33.332,1
1785989075,900545654,111.32,2.669,113.774,0.0,33.332,1
1785989075,933877441,128.448,10.354,138.635,0.0,66.663,1
1785989076,540283,108.607,3.097,111.585,0.0,33.331,1
1785989076,67202393,127.498,2.658,130.03,33.331,66.661,1
1785989076,133863770,123.187,3.032,126.084,0.0,66.66,1
1785989076,167194092,130.279,6.202,136.366,0.0,66.66,1
1785989076,267184082,106.137,4.553,110.553,0.0,33.329,1
1785989076,300513428,129.014,7.951,136.819,0.0,66.659,1
1785989076,367172607,122.042,2.645,124.551,0.0,66.669,1
1785989076,433841797,112.6,2.658,115.136,0.0,33.334,1
1785989076,467176270,128.468,2.302,130.665,0.0,66.668,1
1785989076,533843994,126.181,2.87,128.932,0.0,66.667,1
1785989076,600511230,99.686,3.941,103.431,0.0,33.333,1
1785989076,667177490,97.166,2.562,99.606,0.0,33.333,1
1785989076,733843018,95.552,2.285,97.673,0.0,33.332,1
1785989076,800507568,104.444,3.67,107.966,0.0,33.332,1
1785989076,833839600,128.351,4.381,132.591,0.0,66.664,1
1785989076,900503174,111.028,2.754,113.651,0.0,33.331,1
1785989076,967165771,114.942,2.812,117.639,0.0,66.662,1
1785989077,496582,167.0,2.414,169.28,0.0,99.992,1
1785989077,100488525,123.241,2.854,125.973,0.0,66.66,1
1785989077,167148682,105.434,4.808,110.051,0.0,33.33,1
1785989077,200478271,135.408,3.577,138.85,0.0,66.659,1
1785989077,267137207,123.508,4.378,127.766,0.0,66.658,1
1785989077,333795410,98.587,3.113,101.564,0.0,33.329,1
1785989077,400458984,97.399,2.445,99.725,0.0,33.334,1
1785989077,467126709,94.846,2.27,97.011,0.0,33.333,1
1785989077,533793701,92.756,2.12,94.772,0.0,33.333,1
1785989077,600459717,92.196,2.254,94.347,0.0,33.333,1
1785989077,667125000,92.14,2.188,94.231,0.0,33.332,1
1785989077,733789551,93.09,2.149,95.141,33.332,33.332,1
1785989077,800453125,91.735,2.435,94.028,0.0,33.331,1
1785989077,867115723,91.893,2.298,94.089,0.0,33.331,1
1785989077,933777832,91.704,2.339,93.859,0.0,33.331,1
1785989078,438721,94.723,2.924,97.53,0.0,33.33,1
1785989078,67099121,122.978,3.846,126.428,0.0,66.659,1
1785989078,100428955,153.076,3.865,156.82,0.0,66.659,1
1785989078,167087891,128.496,2.319,130.7,0.0,33.329,1
1785989078,233746094,129.671,2.641,132.13,33.329,66.657,1
1785989078,300403320,126.06,2.73,128.608,0.0,66.657,1
1785989078,367060547,120.956,2.259,123.102,0.0,66.807,1
1785989078,400410889,125.861,2.222,127.98,0.0,66.915,1
1785989078,500784912,97.791,3.173,100.772,0.0,33.46,1
1785989078,534244873,121.816,2.875,124.56,0.0,66.922,1
1785989078,601166992,97.533,9.969,107.251,0.0,33.462,1
1785989078,668092773,93.895,2.163,95.956,-33.463,33.464,1
1785989078,735022217,91.259,2.158,93.271,0.0,33.466,1
1785989078,801954834,89.953,2.123,91.97,0.0,33.468,1
1785989078,868891357,91.376,2.166,93.44,0.0,33.469,1
1785989078,935831055,90.308,2.536,92.697,0.0,33.471,1
1785989078,969302246,129.764,4.18,133.758,0.0,66.945,1
1785989079,36247314,126.774,2.386,129.009,0.0,66.949,1
1785989079,103196045,107.986,2.659,110.519,0.0,33.476,1
1785989079,170148193,125.234,2.193,127.318,0.0,66.956,1
1785989079,237103760,120.095,2.235,122.226,0.0,66.959,1
1785989079,304062988,104.503,2.591,106.981,0.0,33.481,1
1785989079,337543945,130.564,12.343,142.732,0.0,66.961,1
1785989079,404505371,121.193,3.119,124.093,0.0,66.669,1
1785989079,471174316,102.847,4.448,107.176,0.0,33.334,1
1785989079,537842285,96.255,2.942,99.036,0.0,33.334,1
1785989079,604509521,89.048,2.164,91.107,0.0,33.333,1
1785989079,704509033,88.992,2.312,91.197,0.0,33.333,1
1785989079,771174072,88.593,2.277,90.77,0.0,33.332,1
1785989079,837838623,88.522,2.244,90.662,0.0,33.332,1
1785989079,904502197,88.438,2.281,90.607,0.0,33.331,1
1785989079,971164795,95.286,4.153,99.238,0.0,33.331,1
1785989080,4495850,104.219,2.669,106.691,0.0,33.331,1
1785989080,71157471,128.334,5.273,133.424,0.0,66.661,1
1785989080,137818115,158.409,14.124,172.309,0.0,99.99,1
1785989080,237807617,128.418,11.882,140.175,0.0,66.659,1
1785989080,304466309,128.427,2.97,131.269,0.0,66.658,1
1785989080,371124023,120.326,3.818,124.011,0.0,66.74,1
1785989080,437864258,108.866,2.492,111.246,0.0,33.411,1
1785989080,471275635,129.876,5.407,135.141,0.0,66.823,1
1785989080,538098877,119.265,4.217,123.366,0.0,66.824,1
1785989080,604923340,100.266,5.733,105.821,0.0,33.413,1
1785989080,671748779,89.956,2.38,92.232,0.0,33.413,1
1785989080,738575684,89.536,2.486,91.917,0.0,33.414,1
1785989080,805403564,89.325,2.387,91.608,0.0,33.414,1
1785989080,872232422,91.576,2.321,93.773,0.0,33.415,1
1785989080,939062744,88.508,2.18,90.579,0.0,33.416,1
1785989081,5894043,88.094,2.398,90.351,0.0,33.416,1
1785989081,39310059,121.485,2.904,124.268,0.0,33.416,1
1785989081,72726318,175.036,2.66,177.578,0.0,100.251,1
1785989081,172977295,132.315,3.274,135.458,0.0,66.835,1
1785989081,239812500,121.468,3.576,124.927,0.0,33.418,1
1785989081,306648926,119.2,2.719,121.798,-33.418,66.838,1
1785989081,373486572,109.211,4.572,113.654,0.0,33.418,1
1785989081,406904541,126.105,2.259,128.259,0.0,66.657,1
1785989081,473561768,117.967,2.691,120.529,0.0,66.656,1
1785989081,540218262,95.106,2.252,97.223,0.0,33.328,1
1785989081,573545898,121.844,2.183,123.914,0.0,66.655,1
1785989081,640200684,91.489,2.362,93.744,0.0,33.327,1
1785989081,706854492,88.718,2.247,90.854,0.0,33.327,1
1785989081,773507324,87.614,2.42,89.93,0.0,0.0,1
1785989081,840158936,89.506,2.16,91.56,0.0,33.325,1
1785989081,906809814,90.915,2.227,93.028,0.0,33.325,1
1785989081,973459473,88.258,2.202,90.353,33.324,33.324,1
1785989082,40107910,91.908,3.234,95.018,0.0,33.324,1
1785989082,73431885,126.914,3.845,130.533,0.0,66.647,1
1785989082,140079102,120.63,2.567,123.068,0.0,66.646,1
1785989082,206725098,98.154,3.558,101.531,0.0,33.323,1
1785989082,240047852,122.537,2.928,125.337,0.0,66.645,1
1785989082,306692383,95.475,2.096,97.475,0.0,33.322,1
1785989082,373335693,92.358,2.149,94.404,0.0,33.323,1
1785989082,439985596,88.566,2.169,90.625,0.0,33.327,1
1785989082,506639648,86.688,2.176,88.746,33.327,33.327,1
1785989082,573292725,89.717,2.345,91.914,0.0,33.326,1
1785989082,639944824,87.11,2.249,89.252,0.0,33.326,1
1785989082,706595703,89.739,2.102,91.724,0.0,33.325,1
1785989082,773245605,90.927,2.005,92.836,0.0,33.324,1
1785989082,839894287,90.334,2.023,92.258,0.0,33.324,1
1785989082,906541992,88.048,2.156,90.1,33.323,33.323,1
1785989082,973188721,89.479,2.278,91.556,33.323,33.323,1
1785989083,39834229,113.517,2.293,115.648,0.0,66.645,1
1785989083,106478760,122.201,2.373,124.453,0.0,66.644,1
1785989083,173122314,127.498,2.636,129.997,0.0,66.642,1
1785989083,239764648,126.51,3.24,129.624,0.0,66.641,1
1785989083,306406006,100.406,2.643,102.85,0.0,33.32,1
1785989083,373046143,96.407,2.322,98.607,0.0,33.321,1
1785989083,439736572,94.54,2.42,96.841,0.0,33.37,1
1785989083,506476563,93.08,2.515,95.481,0.0,33.371,1
1785989083,573218018,91.016,2.174,93.067,0.0,33.371,1
1785989083,639960449,90.205,2.198,92.282,-33.371,33.372,1
1785989083,706704102,88.125,2.334,90.354,0.0,0.0,1
1785989083,773448975,98.219,2.58,100.637,0.0,33.373,1
1785989083,840194824,94.975,2.657,97.507,0.0,33.374,1
1785989083,906941895,91.604,2.228,93.679,0.0,33.374,1
1785989083,973690186,89.436,2.245,91.582,0.0,33.375,1
1785989084,40439453,99.88,14.331,113.431,0.0,0.0,1
1785989084,73814697,130.868,10.72,141.418,-33.375,66.751,1
1785989084,140565674,145.972,2.597,148.394,0.0,66.752,1
1785989084,207317871,114.488,2.306,116.68,0.0,33.377,1
1785989084,240694580,123.303,2.422,125.59,0.0,66.754,1
1785989084,307448486,96.055,2.421,98.357,0.0,33.377,1
1785989084,374203613,92.032,2.381,94.307,33.377,33.377,1
1785989084,440992676,87.919,2.299,90.109,-33.412,33.412,1
1785989084,507816895,88.938,2.303,91.065,0.0,33.412,1
1785989084,574642090,87.776,2.284,89.955,0.0,33.413,1
1785989084,641468262,88.244,2.242,90.38,0.0,33.414,1
1785989084,708295898,88.05,2.431,90.315,0.0,33.414,1
1785989084,775124512,89.214,2.282,91.39,0.0,33.415,1
1785989084,841954346,89.947,3.338,93.172,0.0,33.415,1
1785989084,908785400,86.003,2.226,88.126,0.0,0.0,1
1785989084,975617432,86.615,2.385,88.894,33.417,33.417,1
1785989085,42450928,90.203,2.571,92.662,0.0,33.417,1
1785989085,109285156,94.82,5.886,100.524,0.0,33.418,1
1785989085,176120850,113.352,4.677,117.867,0.0,33.418,1
1785989085,242957520,101.482,3.235,104.59,0.0,33.419,1
1785989085,309795654,92.854,2.328,95.076,-33.419,33.419,1
1785989085,376634521,94.547,2.072,96.522,0.0,33.419,1
1785989085,443418701,91.927,2.259,94.082,0.0,33.405,1
1785989085,510227783,86.867,2.629,89.369,0.0,0.0,1
1785989085,577037598,86.114,2.276,88.288,33.405,33.405,1
1785989085,643848389,86.727,2.108,88.744,0.0,0.0,1
1785989085,710660156,87.014,2.143,89.005,33.406,33.406,1
1785989085,777472656,85.475,2.386,87.757,0.0,33.407,1
1785989085,844286133,86.662,2.62,89.165,-33.407,33.407,1
1785989085,911100586,86.439,2.276,88.612,0.0,33.407,1
1785989085,977915771,87.462,2.17,89.527,0.0,33.408,1
1785989086,44731934,92.276,2.764,94.92,33.408,33.408,1
1785989086,78140137,126.137,2.918,128.943,0.0,66.818,1
1785989086,144957764,102.053,5.793,107.715,0.0,33.409,1
1785989086,178366699,123.433,2.196,125.511,0.0,66.819,1
1785989086,245185547,122.052,2.384,124.242,0.0,66.82,1
1785989086,312005127,118.949,3.727,122.534,0.0,66.821,1
1785989086,378825684,96.876,2.351,99.124,0.0,33.411,1
1785989086,445646240,93.054,2.956,95.84,0.0,0.0,1
1785989086,512283447,93.628,2.584,96.027,0.0,33.318,1
1785989086,612236572,85.988,2.282,88.162,0.0,33.317,1
1785989086,678870117,84.666,2.292,86.855,33.316,33.316,1
1785989086,745502686,86.128,2.123,88.15,0.0,33.316,1
1785989086,812133545,86.901,2.296,89.092,0.0,33.315,1
1785989086,878763184,87.876,2.247,90.017,0.0,33.314,1
1785989086,945391602,88.95,2.284,91.129,0.0,33.313,1
1785989087,12018555,95.12,9.131,104.107,0.0,33.313,1
1785989087,45331299,119.522,2.785,122.186,0.0,66.625,1
1785989087,145268066,88.619,2.139,90.647,-33.312,33.312,1
1785989087,211891113,86.27,2.367,88.525,0.0,33.311,1
1785989087,245201904,115.77,2.187,117.848,0.0,66.621,1
1785989087,311822754,113.393,2.707,115.984,0.0,66.619,1
1785989087,345132568,151.253,2.437,153.573,0.0,99.929,1
1785989087,445061523,107.471,2.722,110.066,0.0,33.32,1
1785989087,478381836,132.06,7.533,139.453,0.0,66.64,1
1785989087,545021484,121.757,2.748,124.156,0.0,66.638,1
1785989087,611659668,93.348,2.679,95.907,0.0,33.319,1
1785989087,678296631,88.839,2.292,91.025,0.0,33.318,1
1785989087,744932129,88.161,2.282,90.32,0.0,33.317,1
1785989087,811566406,88.213,2.419,90.415,0.0,33.317,1
1785989087,878199219,86.325,2.144,88.364,0.0,33.316,1
1785989087,944830811,85.141,2.199,87.235,0.0,33.315,1
1785989088,11461182,91.146,2.223,93.258,0.0,33.315,1
1785989088,78090088,92.167,2.71,94.704,0.0,33.314,1
1785989088,144717529,101.232,4.063,104.964,0.0,33.313,1
1785989088,178031006,123.608,3.64,127.116,0.0,66.625,1
1785989088,244656494,107.187,2.402,109.465,0.0,0.0,1
1785989088,311280762,117.954,4.987,122.825,33.312,66.623,1
1785989088,344592285,126.206,4.792,129.468,0.0,66.622,1
1785989088,411214600,104.841,2.304,107.019,0.0,33.312,1
1785989088,477898682,95.715,2.548,98.101,0.0,33.373,1
1785989088,544644287,94.405,2.834,97.121,0.0,33.373,1
1785989088,611391357,91.286,2.3,93.483,0.0,33.374,1
1785989088,678139404,90.344,2.06,92.307,0.0,33.375,1
1785989088,744888672,85.727,2.383,88.009,0.0,33.375,1
1785989088,811639160,88.342,2.347,90.586,0.0,33.376,1
1785989088,878391113,87.661,2.295,89.854,0.0,33.376,1
1785989088,945144043,87.355,2.188,89.44,0.0,33.377,1
1785989089,11898438,102.239,8.175,109.663,0.0,33.377,1
1785989089,45275879,125.969,2.569,128.425,0.0,66.756,1
1785989089,78653809,155.372,2.448,157.706,0.0,66.757,1
1785989089,178789551,121.152,2.329,123.361,0.0,66.759,1
1785989089,245548096,96.282,2.519,98.68,0.0,33.38,1
1785989089,278927979,120.537,2.251,122.686,0.0,66.76,1
1785989089,345688477,102.906,3.599,106.396,0.0,33.381,1
1785989089,412450195,104.344,2.342,106.581,0.0,33.381,1
1785989089,479158691,99.904,2.673,102.437,0.0,33.327,1
1785989089,545812988,93.066,2.155,95.068,0.0,33.327,1
1785989089,612466553,94.234,2.249,96.367,0.0,33.326,1
1785989089,679118896,92.812,2.022,94.739,0.0,33.326,1
1785989089,745770264,91.62,2.103,93.627,0.0,33.325,1
1785989089,812420654,91.597,2.485,93.976,0.0,33.325,1
1785989089,912394287,87.262,2.157,89.313,0.0,33.324,1
1785989089,979041992,86.027,2.456,88.361,33.323,33.323,1
1785989090,45688477,103.071,3.414,106.227,0.0,33.323,1
1785989090,79011475,130.568,6.224,135.972,0.0,66.645,1
1785989090,145656494,129.978,5.175,134.981,0.0,66.644,1
1785989090,212300537,121.564,4.474,125.905,0.0,66.643,1
1785989090,278943604,126.417,2.831,129.117,0.0,66.642,1
1785989090,345585693,100.344,3.279,103.44,0.0,33.321,1
1785989090,378906250,127.499,10.314,137.695,0.0,66.645,1
1785989090,445551270,108.297,2.406,110.594,0.0,33.324,1
1785989090,512199707,93.943,2.494,96.318,0.0,33.324,1
1785989090,578847168,89.004,2.17,90.994,0.0,33.323,1
1785989090,645493408,90.238,2.378,92.511,0.0,33.323,1
1785989090,712138428,88.927,2.777,91.29,0.0,33.322,1
1785989090,778782471,90.165,2.282,92.344,0.0,33.322,1
1785989090,845425293,91.727,2.355,93.974,0.0,33.321,1
1785989090,912066895,89.006,2.151,91.055,0.0,33.32,1
1785989090,978707275,111.791,2.331,114.009,0.0,33.32,1
1785989091,12027100,131.384,4.088,135.352,0.0,66.639,1
1785989091,78665771,129.863,2.422,132.165,0.0,66.637,1
1785989091,145303223,114.012,2.89,116.762,0.0,33.318,1
1785989091,178621582,134.144,7.624,141.616,0.0,66.636,1
1785989091,245257324,123.882,3.249,126.982,0.0,66.635,1
1785989091,311891846,124.037,6.129,130.044,0.0,66.634,1
1785989091,378525391,99.24,3.24,102.354,0.0,33.317,1
1785989091,445197754,94.78,3.199,97.783,0.0,33.327,1
1785989091,511850830,94.933,2.28,97.107,0.0,33.326,1
1785989091,578502686,90.48,2.528,92.893,0.0,33.325,1
1785989091,645153320,90.18,2.333,92.41,33.325,33.325,1
1785989091,711802979,94.168,4.612,98.663,0.0,33.324,1
1785989091,745127441,102.24,2.697,104.741,0.0,33.324,1
1785989091,811775635,94.817,2.286,97.0,0.0,33.323,1
1785989091,878422363,89.853,2.235,91.987,0.0,33.323,1
1785989091,945068359,91.13,2.327,93.353,0.0,33.323,1
1785989092,11713135,112.005,6.887,118.763,0.0,33.322,1
1785989092,45034912,136.535,2.93,139.34,0.0,33.322,1
1785989092,111677979,130.051,2.381,132.318,33.321,66.642,1
1785989092,178320068,108.739,2.853,111.46,0.0,33.321,1
1785989092,211640625,125.483,3.427,128.78,0.0,66.64,1
1785989092,278281006,103.72,3.068,106.658,0.0,33.32,1
1785989092,311600830,123.207,3.329,126.251,0.0,66.639,1
1785989092,378239502,104.323,4.286,108.493,0.0,33.319,1
1785989092,444877930,109.944,8.48,118.292,0.0,33.326,1
1785989092,478203613,127.804,2.826,130.484,0.0,66.651,1
1785989092,544854736,122.739,2.347,124.92,0.0,66.65,1
1785989092,611504395,111.539,2.723,114.118,0.0,33.324,1
1785989092,644828857,129.4,3.942,133.219,0.0,66.648,1
1785989092,711477051,125.418,2.415,127.713,0.0,33.324,1
1785989092,778124023,110.201,3.145,113.116,-33.323,33.323,1
1785989092,811447266,124.275,2.687,126.804,0.0,66.645,1
1785989092,878092529,113.101,3.657,116.619,0.0,33.322,1
1785989092,911414795,130.815,2.705,133.394,0.0,66.644,1
1785989092,978058350,126.871,2.4,129.161,0.0,66.643,1
1785989093,44700928,119.836,2.525,122.253,0.0,33.321,1
1785989093,78021729,154.355,2.593,156.834,0.0,66.641,1
1785989093,177982666,105.898,2.789,108.558,33.32,33.32,1
1785989093,211302246,133.032,2.668,135.575,0.0,33.32,1
1785989093,277940918,123.076,2.95,125.903,33.319,66.637,1
1785989093,344578369,97.679,2.866,100.397,0.0,33.318,1
1785989093,444533203,91.844,2.327,94.067,0.0,33.326,1
1785989093,511184814,99.138,7.118,105.522,0.0,33.325,1
1785989093,577835205,96.94,2.59,99.391,0.0,33.325,1
1785989093,644484619,93.634,2.082,95.609,0.0,33.324,1
1785989093,711132813,92.14,3.243,95.268,0.0,33.324,1
1785989093,777780029,94.623,2.099,96.617,0.0,33.323,1
1785989093,844426025,91.217,2.539,93.582,33.323,33.323,1
1785989093,911070801,91.522,2.244,93.574,33.322,33.322,1
1785989093,977714355,90.688,2.121,92.708,0.0,33.322,1
1785989094,44356934,98.024,2.155,100.075,0.0,33.321,1
1785989094,110998535,102.865,2.472,105.2,0.0,33.32,1
1785989094,177638916,107.508,5.113,112.501,0.0,33.32,1
1785989094,210958496,130.165,4.034,134.061,0.0,66.639,1
1785989094,277597168,121.157,5.977,124.517,0.0,33.319,1
1785989094,344234863,116.612,2.913,119.398,0.0,33.318,1
1785989094,377553223,130.932,2.931,133.715,0.0,66.636,1
1785989094,444189697,120.386,2.155,122.435,0.0,33.372,1
1785989094,477561523,136.308,2.738,138.939,0.0,66.745,1
1785989094,544306641,131.424,2.968,134.113,0.0,66.746,1
1785989094,611052734,128.412,3.875,131.983,0.0,66.748,1
1785989094,677800293,105.756,4.312,109.919,0.0,33.374,1
1785989094,744548828,94.377,2.324,96.588,0.0,33.375,1
1785989094,811298828,91.829,2.26,93.92,-33.375,33.375,1
1785989094,878050049,92.049,2.314,94.256,0.0,33.376,1
1785989094,944802490,91.639,2.135,93.672,0.0,33.377,1
1785989095,11556396,100.234,2.175,102.295,0.0,33.377,1
1785989095,44933594,131.846,2.247,133.988,0.0,66.756,1
1785989095,111689209,134.449,2.898,137.233,0.0,66.757,1
1785989095,178446045,132.369,19.769,152.013,0.0,66.758,1
1785989095,245204102,131.832,8.752,140.404,0.0,66.76,1
1785989095,311963623,127.088,2.22,129.204,0.0,66.76,1
1785989095,378724121,113.368,4.134,117.363,0.0,33.381,1
1785989095,412104980,142.357,3.186,145.314,0.0,66.714,1
1785989095,478818848,131.993,2.629,134.506,0.0,66.667,1
1785989095,545485596,126.146,2.133,128.17,0.0,33.333,1
1785989095,612151367,123.127,2.127,125.133,0.0,66.665,1
1785989095,678816162,126.723,2.56,129.167,0.0,66.664,1
1785989095,745480225,99.997,3.057,102.94,0.0,33.332,1
1785989095,812143555,111.525,2.117,113.542,0.0,33.331,1
1785989095,845474854,147.661,2.757,150.288,0.0,66.662,1
1785989095,912136963,131.45,3.031,134.368,0.0,66.661,1
1785989095,978798096,101.74,3.676,105.12,0.0,33.33,1
1785989096,45458252,128.271,4.035,132.175,0.0,66.659,1
1785989096,112117676,123.721,2.582,126.17,0.0,66.659,1
1785989096,145447021,138.617,2.903,141.395,-33.329,33.329,1
1785989096,178776367,157.498,2.881,160.247,0.0,99.986,1
1785989096,245434082,158.016,3.559,161.467,0.0,99.985,1
1785989096,345418945,96.722,2.275,98.888,0.0,33.328,1
1785989096,412074707,97.437,2.519,99.854,0.0,33.328,1
1785989096,478778320,93.011,2.315,95.224,0.0,33.376,1
1785989096,545530518,92.191,2.137,94.227,0.0,33.376,1
1785989096,612283936,92.368,2.704,94.835,-33.377,33.377,1
1785989096,645661377,122.003,3.171,125.039,0.0,66.756,1
1785989096,712416992,103.861,5.468,108.824,0.0,33.378,1
1785989096,745795410,127.478,3.018,130.377,0.0,66.758,1
1785989096,812553223,107.07,2.827,109.733,0.0,33.379,1
1785989096,879312256,111.308,4.834,116.004,0.0,0.0,1
1785989096,912692383,132.751,2.595,135.077,-33.38,66.761,1
1785989096,979453613,133.476,2.564,135.926,0.0,66.763,1
1785989097,46216309,126.831,2.649,129.354,0.0,66.764,1
1785989097,112980225,123.665,2.748,126.28,0.0,66.765,1
1785989097,146362549,127.398,2.808,130.083,0.0,66.766,1
1785989097,213128662,115.954,2.997,118.823,0.0,33.384,1
1785989097,246512207,140.701,6.566,147.132,0.0,66.768,1
1785989097,313280273,126.199,2.769,128.843,0.0,66.77,1
1785989097,380049805,117.052,2.571,119.375,0.0,66.77,1
1785989097,413435059,141.475,2.548,143.848,0.0,66.727,1
1785989097,480161621,131.94,2.91,134.562,0.0,66.684,1
1785989097,546845215,101.156,2.295,103.294,0.0,33.342,1
1785989097,613528076,98.752,2.415,101.059,-33.341,33.341,1
1785989097,680210449,96.489,2.096,98.491,0.0,33.341,1
1785989097,746892334,94.236,2.115,96.246,0.0,33.341,1
1785989097,813573730,92.512,2.149,94.554,0.0,33.34,1
1785989097,880254395,92.038,2.204,94.139,0.0,33.34,1
1785989097,946934570,91.034,2.264,93.127,0.0,33.34,1
1785989098,13614258,102.451,4.972,106.929,0.0,33.34,1
1785989098,46954102,123.088,2.614,125.589,0.0,66.679,1
1785989098,80293457,129.809,2.999,132.688,0.0,66.679,1
1785989098,146972168,130.601,3.897,134.386,0.0,66.678,1
1785989098,213650146,107.853,3.123,110.848,0.0,33.339,1
1785989098,280327637,105.816,3.85,109.532,0.0,33.339,1
1785989098,347004639,96.917,2.641,99.45,0.0,33.338,1
1785989098,413681152,110.311,7.63,117.568,0.0,33.338,1
1785989098,447019287,132.955,3.709,136.529,0.0,66.838,1
1785989098,513857422,124.358,3.77,127.988,0.0,66.84,1
1785989098,580697021,109.068,2.594,111.54,0.0,33.42,1
1785989098,614117188,131.873,5.918,137.648,0.0,66.842,1
1785989098,680958740,114.535,6.805,121.181,0.0,33.421,1
1785989098,714380127,127.569,2.94,130.382,0.0,66.844,1
1785989098,781223877,121.631,2.897,124.42,0.0,0.0,1
1785989098,848069092,110.103,2.593,112.58,33.423,33.423,1
1785989098,881492188,127.068,3.302,130.252,0.0,66.847,1
1785989098,948339600,108.196,5.909,113.981,0.0,33.424,1
1785989099,15188232,104.922,2.429,107.233,0.0,33.425,1
1785989099,48613037,140.625,3.922,144.424,0.0,66.851,1
1785989099,115464111,124.441,2.176,126.516,0.0,66.852,1
1785989099,182316406,112.469,2.649,114.973,0.0,33.427,1
1785989099,215742920,128.937,2.7,131.483,0.0,66.854,1
1785989099,282597412,113.924,3.494,117.173,0.0,33.428,1
1785989099,316025146,125.73,4.047,129.637,0.0,66.856,1
1785989099,382881592,99.246,3.307,102.38,0.0,33.429,1
1785989099,449737793,94.075,2.427,96.394,0.0,33.334,1
1785989099,516406250,90.308,2.144,92.354,0.0,33.334,1
1785989099,583073975,90.389,2.443,92.729,0.0,33.333,1
1785989099,649740723,91.375,2.158,93.43,0.0,33.333,1
1785989099,716406982,90.166,2.119,92.179,0.0,0.0,1
1785989099,783072021,91.796,2.236,93.862,0.0,33.333,1
1785989099,849736572,92.816,3.053,95.757,0.0,33.332,1
1785989099,916400146,91.826,2.214,93.934,0.0,33.332,1
1785989099,983062988,91.791,2.681,94.283,0.0,33.331,1
1785989100,49725098,98.859,2.366,101.115,0.0,33.331,1
1785989100,83055664,133.345,2.67,135.84,0.0,66.661,1
1785989100,149716553,134.089,2.453,136.332,0.0,66.66,1
1785989100,216376465,116.204,2.568,118.65,0.0,33.33,1
1785989100,249706055,163.18,2.533,165.575,0.0,99.988,1
1785989100,349694092,121.915,2.396,124.204,0.0,66.657,1
1785989100,416351563,105.673,6.816,112.337,0.0,33.329,1
1785989100,449680420,125.069,3.209,128.145,0.0,66.754,1
1785989100,516434814,126.063,2.291,128.246,0.0,66.756,1
1785989100,583190430,95.241,2.428,97.566,0.0,33.378,1
1785989100,649947510,96.168,4.138,100.115,0.0,33.379,1
1785989100,683326660,125.157,2.448,127.215,0.0,66.759,1
1785989100,750085938,122.747,2.631,125.273,0.0,66.761,1
1785989100,816846680,109.171,7.717,116.756,0.0,33.381,1
1785989100,850227539,139.284,5.12,144.255,0.0,66.763,1
1785989100,916990479,126.475,3.027,129.376,0.0,66.764,1
1785989100,983754639,101.82,5.829,107.48,0.0,33.383,1
1785989101,83903809,109.8,3.144,112.82,0.0,33.384,1
1785989101,117287598,122.365,2.901,125.139,0.0,33.384,1
1785989101,184056152,100.792,9.955,110.606,-33.385,33.385,1
1785989101,217440918,132.548,3.037,135.457,0.0,66.771,1
1785989101,284211670,108.002,7.87,115.593,0.0,33.386,1
1785989101,317597656,125.263,2.302,127.443,0.0,66.773,1
1785989101,384370605,96.956,9.9,106.725,0.0,33.387,1
1785989101,451144287,124.247,2.567,126.701,0.0,66.769,1
1785989101,484528320,126.729,3.304,129.896,0.0,66.77,1
1785989101,551297852,109.493,3.293,112.648,0.0,33.385,1
1785989101,584683350,141.231,5.868,146.963,0.0,66.772,1
1785989101,651455566,129.163,4.382,133.427,0.0,66.774,1
1785989101,718229248,128.081,4.64,132.617,0.0,66.776,1
1785989101,785004883,122.179,3.634,125.691,0.0,66.777,1
1785989101,851782227,104.077,4.009,107.956,0.0,0.0,1
1785989101,885171387,123.76,2.434,126.048,-33.389,66.78,1
1785989101,951951172,131.307,2.692,133.862,0.0,66.781,1
1785989102,18732666,129.033,2.82,131.729,0.0,66.783,1
1785989102,85515869,129.915,2.493,132.289,0.0,66.785,1
1785989102,152300781,111.739,4.547,116.172,0.0,33.393,1
1785989102,185693848,143.458,2.815,146.052,0.0,66.788,1
1785989102,252481445,133.331,3.122,136.307,0.0,66.789,1
1785989102,319270508,95.117,2.353,97.37,0.0,33.395,1
1785989102,386061279,94.163,2.266,96.33,0.0,33.396,1
1785989102,486201660,90.697,2.243,92.838,0.0,33.349,1
1785989102,552898682,89.948,2.262,92.11,0.0,33.349,1
1785989102,619595459,90.698,2.126,92.717,0.0,33.348,1
1785989102,686291992,89.569,2.077,91.544,0.0,33.348,1
1785989102,719640137,122.168,2.197,124.266,0.0,33.348,1
1785989102,786335938,104.381,2.686,106.877,33.348,33.348,1
1785989102,819683838,134.011,4.161,137.944,0.0,66.696,1
1785989102,886379395,114.38,2.786,116.99,0.0,33.348,1
1785989102,919727051,126.513,2.015,128.431,0.0,66.695,1
1785989103,19769287,105.587,3.694,109.115,0.0,33.347,1
1785989103,53116699,130.296,3.454,133.613,0.0,66.694,1
1785989103,119811035,113.978,3.105,116.959,0.0,33.347,1
1785989103,153157959,127.642,2.263,129.804,0.0,66.694,1
1785989103,219852051,125.158,3.275,128.308,0.0,33.347,1
1785989103,286545410,99.225,2.439,101.556,-33.347,33.347,1
1785989103,353238770,97.922,3.157,100.912,0.0,33.346,1
1785989103,419931641,89.817,2.252,91.968,0.0,33.347,1
1785989103,486628174,89.894,2.117,91.911,0.0,33.35,1
1785989103,553327393,89.285,2.156,91.339,0.0,33.349,1
1785989103,620026367,90.002,2.337,92.235,0.0,33.349,1
1785989103,686725098,90.589,2.34,92.77,0.0,33.349,1
1785989103,753423584,90.164,2.902,92.958,-33.349,33.349,1
1785989103,786772705,121.635,2.586,124.115,0.0,66.698,1
1785989103,853470703,109.355,3.015,112.242,0.0,33.349,1
1785989103,886819580,120.008,4.228,123.964,0.0,33.349,1
1785989103,953517334,100.948,10.085,110.895,0.0,33.349,1
1785989103,986866211,124.461,3.443,127.784,0.0,66.697,1
1785989104,53563477,126.681,2.792,129.344,0.0,66.697,1
1785989104,120260498,104.416,7.148,111.441,0.0,0.0,1
1785989104,153608887,134.4,4.069,138.323,33.348,66.697,1
1785989104,220305420,125.777,3.146,128.804,0.0,66.696,1
1785989104,287001709,99.396,2.764,102.029,0.0,33.348,1
1785989104,353697998,97.095,2.306,99.285,0.0,33.348,1
1785989104,420393799,88.607,2.316,90.821,33.348,33.348,1
1785989104,487095703,90.975,2.341,93.197,0.0,33.354,1
1785989104,553803223,90.052,2.241,92.192,0.0,33.354,1
1785989104,620510742,89.395,2.205,91.499,0.0,33.354,1
1785989104,687218262,89.85,2.23,91.98,0.0,33.354,1
1785989104,753925781,90.231,2.632,92.754,0.0,33.354,1
1785989104,787279297,124.44,2.742,127.065,0.0,66.708,1
1785989104,853986816,104.597,2.935,107.414,0.0,33.354,1
1785989104,920694092,98.885,3.183,101.947,0.0,33.354,1
1785989104,987401123,95.418,2.162,97.477,0.0,33.354,1
1785989105,54108398,123.716,2.535,126.113,0.0,33.354,1
1785989105,120815430,109.653,2.748,112.288,0.0,33.354,1
1785989105,154168945,155.312,2.675,157.87,0.0,66.707,1
1785989105,254229492,96.884,2.332,99.113,-33.354,33.354,1
1785989105,320936523,94.834,2.716,97.439,0.0,33.354,1
1785989105,387643311,98.987,3.039,101.886,0.0,0.0,1
1785989105,487700439,89.93,2.225,92.052,0.0,33.35,1
1785989105,554400391,89.592,2.562,92.049,-33.35,33.35,1
1785989105,621100342,88.532,2.21,90.642,33.35,33.35,1
1785989105,687799805,88.828,2.42,91.055,0.0,33.35,1
1785989105,754499023,92.052,2.177,94.122,0.0,33.349,1
1785989105,821197998,93.032,2.246,95.169,0.0,33.349,1
1785989105,887896729,93.65,2.171,95.724,0.0,33.349,1
1785989105,954595215,91.259,2.566,93.724,0.0,33.349,1
1785989106,21293457,96.337,2.665,98.893,0.0,33.349,1
1785989106,87991211,106.109,3.59,109.585,0.0,33.349,1
1785989106,154688965,93.11,2.142,95.15,0.0,0.0,1
1785989106,221386475,91.28,2.358,93.533,0.0,33.349,1
1785989106,288083496,92.918,2.359,95.161,0.0,33.349,1
1785989106,354780518,91.045,2.239,93.178,0.0,33.348,1
1785989106,421477295,91.868,2.536,94.292,0.0,33.348,1
1785989106,488254150,93.085,2.124,95.096,0.0,33.429,1
1785989106,555112061,90.657,2.371,92.906,0.0,33.43,1
1785989106,621971924,91.851,2.3,94.029,0.0,33.431,1
1785989106,688833496,90.765,2.327,92.983,0.0,33.431,1
1785989106,755696777,89.046,2.461,91.318,0.0,33.432,1
1785989106,822561768,94.203,2.989,97.067,0.0,33.433,1
1785989106,855995117,129.062,2.322,131.243,0.0,66.868,1
1785989106,889428711,136.656,4.686,141.186,0.0,66.868,1
1785989106,989732178,89.561,2.127,91.58,-33.435,33.435,1
1785989107,56603271,96.245,2.838,98.965,0.0,33.436,1
1785989107,123476074,93.179,2.392,95.465,0.0,33.437,1
1785989107,190350830,96.334,2.307,98.526,0.0,33.438,1
1785989107,223788818,106.498,4.492,110.627,0.0,33.438,1
1785989107,324105469,87.873,2.151,89.925,0.0,33.44,1
1785989107,390985352,86.71,2.221,88.823,0.0,33.44,1
1785989107,457864990,91.001,2.53,93.425,0.0,33.419,1
1785989107,524702881,88.103,2.155,90.153,0.0,33.419,1
1785989107,591542236,86.856,2.283,88.93,0.0,33.42,1
1785989107,658383057,88.747,2.144,90.783,0.0,33.421,1
1785989107,725225342,88.206,2.14,90.245,-33.421,33.422,1
1785989107,792068848,85.622,2.546,88.067,0.0,0.0,1
1785989107,858914063,89.552,4.291,93.728,0.0,33.423,1
1785989107,892337158,122.252,2.892,125.012,0.0,66.847,1
1785989107,959184326,103.813,5.136,108.807,0.0,33.424,1
1785989107,992608398,150.022,3.199,153.027,0.0,66.849,1
1785989108,59457764,129.852,2.994,132.712,0.0,66.851,1
1785989108,126308594,120.666,2.793,123.248,0.0,66.852,1
1785989108,193160889,94.186,3.655,97.713,0.0,33.427,1
1785989108,260014404,87.484,2.368,89.747,0.0,33.427,1
1785989108,326869629,88.969,2.393,91.259,0.0,33.428,1
1785989108,393726074,85.462,2.217,87.567,0.0,33.429,1
1785989108,460582764,86.074,2.488,88.438,0.0,33.336,1
1785989108,527254395,90.966,2.15,93.018,0.0,33.336,1
1785989108,593925293,89.963,2.071,91.94,0.0,33.335,1
1785989108,660595703,89.357,2.132,91.395,0.0,33.335,1
1785989108,727265137,87.487,2.301,89.685,0.0,33.334,1
1785989108,793933594,88.265,2.096,90.262,0.0,33.334,1
1785989108,860601563,85.833,2.316,88.035,0.0,33.333,1
1785989108,927268555,93.686,2.637,96.207,0.0,33.333,1
1785989108,960601807,120.074,2.451,122.404,0.0,66.666,1
1785989109,27267822,95.313,2.061,97.274,0.0,33.333,1
1785989109,93932861,99.45,2.124,101.466,0.0,0.0,1
1785989109,160597168,99.416,3.054,102.337,0.0,33.332,1
1785989109,260592285,93.188,3.593,96.378,-66.663,-66.663,1
1785989109,293923340,119.694,2.65,122.222,33.331,66.662,1
1785989109,360585449,100.429,4.188,104.406,0.0,33.331,1
1785989109,393916016,124.987,2.287,127.166,0.0,66.662,1
1785989109,460577881,108.464,3.358,111.407,0.0,33.336,1
1785989109,493914063,129.494,6.048,135.35,0.0,66.672,1
1785989109,560586182,122.999,3.114,125.993,0.0,66.671,1
1785989109,627257324,96.441,2.907,99.23,0.0,33.335,1
1785989109,693927734,90.968,2.477,93.342,0.0,33.335,1
1785989109,760597656,87.055,2.386,89.34,0.0,33.334,1
1785989109,827266357,86.731,2.313,88.939,0.0,0.0,1
1785989109,893934570,85.294,2.325,87.508,0.0,33.334,1
1785989109,960602051,89.367,2.183,91.437,0.0,33.333,1
1785989110,27268555,87.713,3.181,90.783,0.0,0.0,1
1785989110,93934326,97.94,3.592,101.402,0.0,33.333,1
1785989110,127267090,122.654,2.739,125.268,0.0,33.333,1
1785989110,193931641,123.517,3.301,126.671,33.332,66.664,1
1785989110,260595703,118.554,9.534,127.969,0.0,33.332,1
1785989110,293927246,158.999,2.471,161.331,0.0,99.994,1
1785989110,393921143,115.441,3.31,118.624,0.0,66.662,1
1785989110,427251953,125.485,2.004,127.393,0.0,66.668,1
1785989110,527257080,86.25,2.159,88.306,0.0,0.0,1
1785989110,593929932,86.817,2.153,88.866,0.0,33.336,1
1785989110,660602295,89.589,2.014,91.507,0.0,33.336,1
1785989110,727273682,89.44,2.01,91.354,0.0,33.335,1
1785989110,793944336,91.052,2.001,92.958,0.0,33.335,1
1785989110,860614502,89.395,2.856,92.142,0.0,33.335,1
1785989110,927283691,88.509,2.331,90.723,-33.334,33.334,1
1785989110,993952393,88.103,2.622,90.623,0.0,33.334,1
1785989111,27286377,124.158,2.756,126.634,0.0,33.334,1
1785989111,93953857,119.048,2.88,121.805,33.333,33.333,1
1785989111,127287354,146.441,3.73,150.037,0.0,66.666,1
1785989111,193953613,122.273,2.411,124.573,0.0,66.666,1
1785989111,260619385,94.161,3.089,97.129,0.0,33.333,1
1785989111,360616455,87.419,2.41,89.728,0.0,33.332,1
1785989111,427280518,94.315,2.139,96.356,0.0,33.332,1
1785989111,493974121,89.406,2.267,91.492,0.0,33.414,1
1785989111,560802002,89.622,2.027,91.553,0.0,33.415,1
1785989111,627631104,89.512,2.391,91.796,0.0,33.415,1
1785989111,694461426,89.287,2.079,91.267,0.0,33.416,1
1785989111,761292969,87.493,2.168,89.561,0.0,33.416,1
1785989111,828125732,88.018,2.211,90.127,0.0,33.417,1
1785989111,894959473,89.787,2.114,91.806,0.0,33.417,1
1785989111,961794678,90.25,2.475,92.62,0.0,33.418,1
1785989112,28631104,87.929,2.642,90.457,0.0,33.419,1
1785989112,95468750,93.614,5.446,98.946,0.0,33.419,1
1785989112,162307617,93.424,2.812,96.116,0.0,33.42,1
1785989112,229147461,99.69,9.914,109.487,0.0,33.421,1
1785989112,295988770,89.132,2.205,91.234,-33.421,33.421,1
1785989112,362831299,87.452,2.368,89.661,0.0,33.422,1
1785989112,429675049,88.212,2.112,90.231,0.0,33.422,1
1785989112,496518555,93.178,2.948,96.003,0.0,33.327,1
1785989112,529845459,118.83,4.616,123.214,0.0,66.653,1
1785989112,596498291,92.816,2.455,95.138,0.0,33.326,1
1785989112,663150146,95.408,2.862,98.133,0.0,33.325,1
1785989112,729800781,91.238,2.337,93.455,0.0,33.325,1
1785989112,796450439,88.448,2.295,90.643,0.0,0.0,1
1785989112,863099121,89.628,2.428,91.922,0.0,33.324,1
1785989112,929746582,87.438,2.318,89.655,0.0,33.323,1
1785989112,996392822,87.195,2.143,89.236,33.323,33.323,1
1785989113,63038086,126.828,3.388,130.054,0.0,66.644,1
1785989113,129682373,123.259,3.715,126.852,0.0,66.643,1
1785989113,196325439,98.674,3.412,101.846,0.0,33.321,1
1785989113,262967529,118.16,5.757,123.795,0.0,33.321,1
1785989113,296288086,163.557,3.106,166.483,0.0,99.96,1
1785989113,396248291,110.305,16.358,126.541,0.0,33.32,1
1785989113,429567871,128.242,9.691,137.806,0.0,66.639,1
1785989113,496207275,108.589,2.482,110.949,0.0,0.0,1
1785989113,529611816,122.875,2.736,125.481,-33.405,66.81,1
1785989113,596422119,122.527,2.385,124.801,0.0,66.811,1
1785989113,663233398,92.322,2.362,94.57,0.0,33.406,1
1785989113,730045410,91.525,2.281,93.704,0.0,33.406,1
1785989113,796858398,89.646,2.384,91.843,0.0,33.407,1
1785989113,863672119,89.512,2.734,91.892,0.0,33.407,1
1785989113,930487061,92.365,3.903,96.024,0.0,33.408,1
1785989113,963894775,121.114,5.265,126.218,0.0,66.816,1
1785989114,30710938,119.788,8.148,126.456,0.0,33.408,1
1785989114,97528076,120.933,2.236,123.062,-33.409,66.818,1
1785989114,164346191,120.74,2.259,122.891,0.0,33.409,1
1785989114,231165039,114.31,2.678,116.866,-33.41,66.82,1
1785989114,264574707,141.103,2.358,143.336,0.0,66.821,1
1785989114,331395264,121.744,2.818,124.442,0.0,66.821,1
1785989114,398216309,117.429,2.181,119.506,0.0,66.822,1
1785989114,431627441,129.111,3.76,132.743,0.0,66.821,1
1785989114,498448730,121.884,3.045,124.805,0.0,66.724,1
1785989114,565173096,96.199,2.976,98.902,0.0,33.363,1
1785989114,631898438,91.121,2.392,93.412,0.0,33.363,1
1785989114,698624512,89.615,2.429,91.941,0.0,33.364,1
1785989114,765351807,87.492,2.303,89.67,0.0,33.364,1
1785989114,832079834,85.594,2.345,87.836,0.0,33.364,1
1785989114,898808594,89.65,2.205,91.756,0.0,33.365,1
1785989114,965538330,88.587,2.245,90.716,0.0,33.365,1
1785989115,32269287,98.464,11.007,106.558,0.0,33.365,1
1785989115,65634766,112.474,6.686,119.03,0.0,33.366,1
1785989115,99000732,141.583,2.329,143.792,0.0,66.733,1
1785989115,165733398,134.892,6.242,140.928,0.0,66.733,1
1785989115,232466797,122.297,2.974,125.145,0.0,33.367,1
1785989115,299201172,124.119,1.982,125.996,0.0,66.735,1
1785989115,365936523,127.586,2.257,129.741,0.0,66.736,1
1785989115,432672607,113.488,2.529,115.896,0.0,33.368,1
1785989115,499409668,88.377,2.522,90.796,0.0,33.327,1
1785989115,566064209,88.028,2.398,90.282,0.0,33.327,1
1785989115,632717773,85.275,2.271,87.428,0.0,33.326,1
1785989115,699370361,85.788,2.341,87.999,0.0,33.326,1
1785989115,766021729,86.06,2.241,88.199,0.0,33.325,1
1785989115,832672119,87.166,2.33,89.392,0.0,33.325,1
1785989115,899321289,86.589,2.328,88.8,0.0,33.324,1
1785989115,965969482,90.388,3.114,93.4,0.0,33.324,1
1785989116,32616699,89.201,2.454,91.54,0.0,0.0,1
1785989116,99262695,95.548,2.39,97.83,0.0,33.323,1
1785989116,132585449,116.261,3.197,119.175,0.0,33.322,1
1785989116,199229736,118.22,2.662,120.767,0.0,66.643,1
1785989116,232551514,130.459,3.661,133.99,0.0,66.643,1
1785989116,299194336,106.301,2.311,108.489,0.0,33.321,1
1785989116,365836182,98.205,2.635,100.733,0.0,33.321,1
1785989116,432476807,99.194,2.175,101.274,0.0,33.32,1
1785989116,499117676,95.313,2.44,97.628,0.0,33.423,1
1785989116,565963379,89.142,2.299,91.327,0.0,33.423,1
1785989116,632810547,91.623,2.88,94.171,0.0,33.424,1
1785989116,666234619,110.016,3.426,113.326,0.0,33.425,1
1785989116,699659180,129.839,3.222,132.925,0.0,66.85,1
1785989116,766509033,104.706,4.875,109.456,0.0,33.426,1
1785989116,833360352,110.158,2.36,112.394,0.0,33.426,1
1785989116,866786377,126.039,2.666,128.587,0.0,66.854,1
1785989116,933639893,122.82,2.939,125.594,0.0,66.855,1
1785989117,494629,132.473,8.431,140.781,0.0,66.856,1
1785989117,67350830,124.669,2.679,127.235,0.0,66.857,1
1785989117,100779297,152.812,20.433,172.961,0.0,100.288,1
1785989117,201067139,98.199,2.19,100.288,0.0,33.43,1
1785989117,267927490,93.38,2.152,95.365,0.0,0.0,1
1785989117,334789063,91.78,2.453,94.119,0.0,33.431,1
1785989117,401652100,87.225,2.076,89.159,0.0,33.432,1
1785989117,468516602,86.072,2.305,88.272,0.0,33.431,1
1785989117,535272217,83.528,2.441,85.864,33.324,33.324,1
1785989117,601919922,85.944,2.17,88.015,0.0,33.323,1
1785989117,668566650,88.125,2.133,90.16,0.0,33.323,1
1785989117,735211914,86.716,2.209,88.819,0.0,33.322,1
1785989117,801855957,84.808,2.224,86.933,0.0,33.322,1
1785989117,868499023,84.262,2.155,86.307,0.0,33.321,1
1785989117,935140625,84.309,2.272,86.476,0.0,33.32,1
1785989118,1781006,86.504,2.439,88.837,0.0,33.32,1
1785989118,68420166,115.737,2.641,118.078,0.0,66.638,1
1785989118,135057861,101.805,3.86,105.554,0.0,33.319,1
1785989118,168376465,128.154,4.176,132.145,0.0,66.636,1
1785989118,235012451,124.326,2.275,126.492,0.0,66.635,1
1785989118,301647217,115.159,3.275,118.291,0.0,66.634,1
1785989118,368280762,90.181,2.12,92.201,0.0,33.316,1
1785989118,434913086,85.565,2.184,87.644,0.0,33.316,1
1785989118,501545410,88.446,2.135,90.48,-33.317,33.365,1
1785989118,568305176,85.297,2.145,87.338,0.0,33.395,1
1785989118,635094727,85.698,2.118,87.713,0.0,33.395,1
1785989118,701884766,86.575,2.266,88.726,-33.395,33.395,1
1785989118,768675537,85.878,2.25,88.026,-33.396,-33.396,1
1785989118,835466797,83.078,2.197,85.173,-100.187,-100.187,1
1785989118,902258545,81.89,2.953,84.622,-166.979,-166.979,1
1785989118,969050781,86.67,2.147,88.717,0.0,33.396,1
1785989119,35843750,93.018,2.347,95.249,-33.396,33.397,1
1785989119,69240479,119.858,2.699,122.441,0.0,33.397,1
1785989119,102637207,154.696,2.589,157.159,0.0,100.191,1
1785989119,202828369,94.868,6.096,100.849,0.0,33.397,1
1785989119,269623291,119.889,6.568,126.231,0.0,33.397,1
1785989119,303020752,122.334,2.687,124.906,0.0,66.796,1
1785989119,403214600,89.162,2.462,91.51,0.0,33.398,1
1785989119,470010986,89.844,2.293,92.031,0.0,33.398,1
1785989119,536807373,87.856,2.263,90.015,0.0,33.388,1
1785989119,603583496,86.391,2.187,88.477,0.0,33.388,1
1785989119,670359863,84.571,2.068,86.54,0.0,33.388,1
1785989119,737136475,85.469,2.106,87.472,0.0,33.388,1
1785989119,803913574,86.592,2.135,88.626,0.0,33.389,1
1785989119,870690918,88.656,2.799,91.183,0.0,33.389,1
1785989119,937468506,87.949,2.142,89.994,0.0,33.389,1
1785989120,4246582,87.645,3.664,91.188,0.0,0.0,1
1785989120,71024902,137.96,6.569,144.401,0.0,66.779,1
1785989120,137803467,120.486,2.687,123.053,0.0,66.779,1
1785989120,204582275,113.183,2.826,115.887,0.0,66.779,1
1785989120,271361572,100.594,3.653,104.13,0.0,33.39,1
1785989120,304751465,117.089,2.685,119.655,0.0,66.78,1
1785989120,371531006,102.386,4.484,106.728,0.0,33.39,1
1785989120,404921143,121.522,3.012,124.409,0.0,66.78,1
1785989120,438311035,147.113,2.172,149.177,0.0,100.17,1
1785989120,505091553,118.421,3.005,121.295,0.0,66.773,1
1785989120,571864502,119.461,2.409,121.759,0.0,66.767,1
1785989120,638631592,98.824,6.129,104.759,0.0,33.383,1
1785989120,672014893,121.377,2.844,124.1,0.0,66.767,1
1785989120,738781982,110.867,2.91,113.629,0.0,66.767,1
1785989120,772165771,119.836,2.246,121.977,0.0,66.767,1
1785989120,872316650,85.599,3.471,88.117,0.0,33.384,1
1785989120,905700439,115.839,4.471,120.182,0.0,66.768,1
1785989120,972468018,101.766,4.143,104.102,0.0,33.384,1
1785989121,5851807,114.045,2.401,116.325,0.0,33.384,1
1785989121,39235596,152.492,3.04,155.41,0.0,100.152,1
1785989121,139387207,119.577,5.294,124.749,0.0,66.768,1
1785989121,206155273,115.264,3.611,118.713,0.0,66.768,1
1785989121,272923340,113.906,3.303,117.081,0.0,66.768,1
1785989121,339691650,87.353,2.156,89.404,0.0,33.384,1
1785989121,406459961,86.041,2.289,88.222,0.0,33.384,1
1785989121,506612793,81.98,2.205,84.075,0.0,33.384,1
1785989121,573291992,83.832,2.074,85.802,0.0,33.294,1
1785989121,639880371,84.557,2.125,86.578,0.0,33.293,1
1785989121,706466553,82.029,2.254,84.176,33.292,33.292,1
1785989121,773050537,82.619,2.131,84.646,0.0,33.291,1
1785989121,839632324,86.682,1.991,88.564,0.0,33.29,1
1785989121,906211914,86.121,1.978,87.989,0.0,33.289,1
1785989121,972789307,82.853,2.34,85.091,-33.288,-33.288,1
1785989122,39364502,92.016,2.296,94.134,33.287,33.287,1
1785989122,72651367,125.045,7.132,132.055,0.0,66.572,1
1785989122,139223145,118.699,2.227,120.818,0.0,66.57,1
1785989122,205792725,117.281,2.339,119.473,0.0,66.567,1
1785989122,272360107,96.715,2.22,98.818,0.0,33.283,1
1785989122,305642822,117.776,4.164,121.809,0.0,66.564,1
1785989122,372207031,104.027,2.38,106.286,0.0,33.281,1
1785989122,405488037,116.761,2.835,119.462,0.0,33.281,1
1785989122,472048828,95.107,2.955,97.935,0.0,33.28,1
1785989122,538609375,108.395,3.693,111.954,0.0,33.339,1
1785989122,571948486,117.051,2.606,119.404,0.0,66.678,1
1785989122,638626709,98.388,2.488,100.752,0.0,33.339,1
1785989122,671966064,120.852,2.88,123.619,0.0,66.678,1
1785989122,738644531,109.619,2.929,112.396,0.0,33.339,1
1785989122,771983887,124.551,2.846,127.249,0.0,0.0,1
1785989122,838662354,124.02,2.592,126.488,33.339,66.679,1
1785989122,905341064,109.804,2.47,112.171,0.0,33.339,1
1785989122,972020020,90.755,2.041,92.693,33.339,33.339,1
1785989123,38698730,87.731,2.277,89.903,0.0,33.34,1
1785989123,105377686,88.369,2.697,90.846,-33.339,-33.339,1
1785989123,172056885,95.94,3.737,99.556,0.0,33.34,1
1785989123,238736084,93.953,5.972,99.785,0.0,33.34,1
1785989123,305415283,96.618,3.77,100.083,0.0,33.34,1
1785989123,338754883,121.749,2.071,123.726,0.0,66.679,1
1785989123,438773926,86.468,2.266,88.551,0.0,0.0,1
1785989123,505453613,87.957,2.314,90.169,0.0,33.34,1
1785989123,572137939,88.962,2.356,91.214,0.0,33.344,1
1785989123,638826172,84.892,2.266,87.061,0.0,33.344,1
1785989123,705514648,85.819,2.338,88.051,0.0,33.344,1
1785989123,805548096,89.8,2.296,91.993,0.0,33.344,1
1785989123,838892578,111.677,2.604,114.166,0.0,33.345,1
1785989123,872237305,129.768,7.193,136.826,0.0,66.689,1
1785989123,938926758,122.835,2.326,125.043,0.0,66.69,1
1785989124,5616455,116.674,2.773,119.335,0.0,33.345,1
1785989124,72306396,122.748,3.06,125.669,33.345,66.69,1
1785989124,138996582,102.614,6.423,108.907,0.0,33.345,1
1785989124,172341797,127.784,3.316,130.972,0.0,66.69,1
1785989124,239032227,119.365,3.344,122.569,0.0,66.691,1
1785989124,305723145,96.182,3.438,99.272,0.0,33.345,1
1785989124,339068604,115.262,2.124,117.261,0.0,33.345,1
1785989124,439105469,90.128,2.48,92.498,0.0,33.346,1
1785989124,505797119,87.204,2.316,89.416,0.0,33.346,1
1785989124,572453613,87.566,2.36,89.826,0.0,33.31,1
1785989124,639072754,85.926,2.297,88.121,0.0,33.309,1
1785989124,705690186,85.48,2.546,87.918,0.0,33.308,1
1785989124,772305908,84.96,2.327,87.186,0.0,33.307,1
1785989124,838919922,91.172,2.103,93.173,33.306,33.306,1
1785989124,905532471,91.336,2.416,93.643,0.0,33.305,1
1785989124,972143066,89.12,2.282,91.302,0.0,0.0,1
1785989125,38752197,93.003,2.565,95.452,0.0,33.304,1
1785989125,72056152,119.674,2.637,122.178,0.0,66.606,1
1785989125,105359619,167.185,3.152,170.202,0.0,99.908,1
1785989125,205267578,127.939,2.283,130.096,0.0,66.603,1
1785989125,271870850,117.102,2.164,119.162,0.0,66.602,1
1785989125,338472412,98.636,7.977,106.463,0.0,33.3,1
1785989125,371772461,124.243,2.623,126.641,0.0,66.599,1
1785989125,438371582,105.634,5.801,111.314,0.0,33.299,1
1785989125,471670410,126.591,8.868,135.331,0.0,66.598,1
1785989125,538268311,99.704,3.052,102.579,0.0,33.311,1
1785989125,604889648,93.678,2.29,95.854,0.0,33.31,1
1785989125,671509521,88.357,2.126,90.381,0.0,33.309,1
1785989125,738127686,87.769,2.228,89.892,0.0,33.308,1
1785989125,838051758,87.141,2.326,89.35,0.0,33.307,1
1785989125,904665771,87.073,2.187,89.153,0.0,33.306,1
1785989125,971278076,90.91,2.208,92.993,0.0,0.0,1
1785989126,37888672,89.911,2.391,92.197,0.0,33.305,1
1785989126,104497803,92.27,2.486,94.647,0.0,33.304,1
1785989126,171105225,92.146,2.351,94.392,0.0,33.303,1
1785989126,237710938,91.458,2.355,93.622,0.0,33.302,1
1785989126,304314941,89.279,2.306,91.48,0.0,33.302,1
1785989126,370917480,90.943,3.26,94.053,0.0,33.301,1
1785989126,404218018,121.143,2.909,123.928,0.0,66.6,1
1785989126,470818115,111.481,2.87,114.189,0.0,33.299,1
1785989126,504117432,126.752,3.643,130.266,0.0,66.611,1
1785989126,570728027,126.921,2.381,129.187,0.0,66.619,1
1785989126,637347412,97.604,3.303,100.778,0.0,33.309,1
1785989126,703965332,91.564,2.979,94.435,0.0,33.308,1
1785989126,770581543,89.105,2.205,91.205,0.0,33.308,1
1785989126,837196045,90.503,2.311,92.713,0.0,33.307,1
1785989126,903809082,92.518,2.741,95.156,0.0,33.306,1
1785989126,970420166,90.319,2.267,92.484,0.0,33.305,1
1785989127,37029785,93.747,2.282,95.929,0.0,33.304,1
1785989127,103637451,90.849,2.389,93.12,0.0,0.0,1
1785989127,170243652,90.626,2.23,92.736,0.0,33.302,1
1785989127,236848145,89.837,2.339,92.077,0.0,0.0,1
1785989127,303451172,93.294,2.51,95.691,0.0,33.301,1
1785989127,370052246,90.509,3.2,93.446,0.0,33.3,1
1785989127,436651611,94.485,2.033,96.423,0.0,33.299,1
1785989127,503249512,91.094,2.103,93.089,0.0,33.299,1
1785989127,569901855,90.733,2.161,92.791,0.0,33.353,1
1785989127,636608398,89.045,2.378,91.323,-33.353,33.353,1
1785989127,703315430,90.418,2.354,92.668,0.0,33.354,1
1785989127,770022949,91.198,2.132,93.232,0.0,33.354,1
1785989127,836731201,91.166,2.204,93.268,0.0,33.354,1
1785989127,903439941,92.919,2.167,94.986,0.0,33.355,1
1785989127,970149414,91.542,2.162,93.603,0.0,33.355,1
1785989128,36859375,101.066,9.979,110.896,0.0,0.0,1
1785989128,70214600,123.217,3.445,126.555,-33.355,-33.355,1
1785989128,136925537,123.407,2.228,125.532,33.356,66.711,1
1785989128,203636963,109.174,5.022,114.061,0.0,33.356,1
1785989128,236992920,132.654,3.091,135.609,0.0,66.712,1
1785989128,303705322,131.597,2.895,134.355,0.0,66.713,1
1785989128,370418213,120.697,2.942,123.408,0.0,66.714,1
1785989128,437131836,111.274,2.176,113.348,0.0,33.357,1
1785989128,470488770,135.52,2.805,138.194,0.0,66.714,1
1785989128,537203125,126.228,2.311,128.426,0.0,66.637,1
1785989128,603840088,118.382,2.879,121.144,0.0,66.635,1
1785989128,670475586,93.412,2.284,95.594,0.0,33.317,1
1785989128,737109863,93.741,2.077,95.716,0.0,33.316,1
1785989128,803742676,91.548,2.297,93.743,0.0,33.316,1
1785989128,870374023,88.542,2.282,90.717,0.0,0.0,1
1785989128,937003906,93.548,1.97,95.424,33.314,33.314,1
1785989129,3632568,93.174,2.3,95.359,33.314,33.314,1
1785989129,70259766,100.591,3.264,103.497,0.0,33.313,1
1785989129,103572754,135.098,6.798,141.774,0.0,66.625,1
1785989129,170197754,133.003,3.447,136.313,0.0,66.624,1
1785989129,236821533,119.423,2.857,122.154,0.0,33.311,1
1785989129,270132813,140.194,6.165,144.998,0.0,66.622,1
1785989129,336754395,122.988,4.198,126.867,0.0,33.31,1
1785989129,403374512,100.171,5.964,105.958,33.31,33.31,1
1785989129,436684082,134.078,2.839,136.768,0.0,66.618,1
1785989129,503302002,135.718,2.768,138.358,0.0,66.668,1
1785989129,569970459,124.836,2.749,127.47,0.0,66.719,1
1785989129,636689453,96.505,2.245,98.646,0.0,33.36,1
1785989129,703408936,92.339,2.179,94.415,0.0,0.0,1
1785989129,770129395,91.507,2.259,93.597,0.0,33.361,1
1785989129,836850830,93.144,2.302,95.343,-33.361,33.361,1
1785989129,903572754,91.164,2.203,93.266,-33.361,33.361,1
1785989130,3657471,94.434,2.794,97.11,0.0,33.362,1
1785989130,70381592,96.93,2.555,99.254,0.0,33.362,1
1785989130,137106445,100.823,2.381,103.092,0.0,33.363,1
1785989130,170469238,131.736,2.978,134.42,0.0,66.726,1
1785989130,237195313,128.199,3.0,131.061,0.0,66.727,1
1785989130,303922119,113.252,2.385,115.521,0.0,33.364,1
1785989130,337285889,128.324,2.589,130.791,0.0,66.728,1
1785989130,404013916,106.237,3.352,109.385,0.0,33.365,1
1785989130,437378418,127.867,4.085,131.822,0.0,66.729,1
1785989130,504107666,122.03,3.68,125.569,0.0,66.708,1
1785989130,570815430,101.739,2.932,104.478,0.0,33.403,1
1785989130,637621094,93.856,2.167,95.919,0.0,33.403,1
1785989130,704427490,92.113,2.253,94.264,0.0,33.404,1
1785989130,771234863,90.148,2.212,92.257,0.0,33.404,1
1785989130,838043213,90.178,2.141,92.213,0.0,33.404,1
1785989130,904852051,95.2,2.074,97.176,0.0,33.405,1
1785989130,971661865,92.142,2.562,94.601,0.0,33.405,1
1785989131,38472656,100.826,3.319,104.033,-33.406,33.406,1
1785989131,71878418,139.184,6.151,145.092,0.0,66.812,1
1785989131,138690186,126.888,2.929,129.686,0.0,66.813,1
1785989131,205502930,128.691,2.422,130.88,0.0,66.814,1
1785989131,272316650,128.523,3.132,131.535,0.0,66.814,1
1785989131,339130859,125.987,2.334,128.208,0.0,66.815,1
1785989131,405946289,110.159,2.796,112.825,0.0,33.408,1
1785989131,439354248,136.825,2.465,139.164,0.0,66.816,1
1785989131,572986328,94.332,2.302,96.51,0.0,33.317,1
1785989131,639619385,90.749,2.313,92.909,0.0,33.316,1
1785989131,706250732,94.842,2.119,96.859,0.0,33.315,1
1785989131,772880859,91.924,2.241,94.065,0.0,33.314,1
1785989131,839509277,92.2,2.049,94.149,0.0,33.314,1
1785989131,906136475,93.294,2.162,95.357,0.0,33.313,1
1785989131,972761963,92.071,2.496,94.466,0.0,33.312,1
1785989132,39386230,115.77,2.839,118.494,0.0,33.312,1
1785989132,106009033,107.511,5.05,112.441,0.0,33.311,1
1785989132,139319824,130.523,3.303,133.5,0.0,66.621,1
1785989132,205940430,140.155,6.387,146.373,0.0,66.619,1
1785989132,272559570,112.844,4.083,116.794,0.0,33.309,1
1785989132,305868652,126.295,2.855,128.928,0.0,66.617,1
1785989132,372485596,116.361,2.277,118.469,0.0,0.0,1
1785989132,405793457,126.685,2.653,129.031,33.308,33.308,1
1785989132,472408203,111.42,2.856,114.164,33.307,33.307,1
1785989132,539021729,94.912,2.212,97.022,0.0,33.307,1
1785989132,605697754,92.525,2.165,94.539,0.0,33.369,1
1785989132,672437012,89.587,2.672,92.157,0.0,0.0,1
1785989132,739177490,93.903,2.219,96.014,0.0,33.371,1
1785989132,805919434,93.683,2.203,95.756,0.0,33.372,1
1785989132,872662842,92.653,2.374,94.911,0.0,33.372,1
1785989132,939407227,92.083,2.232,94.215,0.0,33.373,1
1785989133,6153320,93.668,3.13,96.677,0.0,33.373,1
1785989133,106274658,97.96,2.484,100.282,0.0,33.374,1
1785989133,173023682,94.136,2.203,96.238,0.0,33.375,1
1785989133,239774414,93.171,2.34,95.387,0.0,33.376,1
1785989133,306526123,115.748,2.471,118.105,0.0,66.753,1
1785989133,339902588,132.02,3.252,135.138,0.0,66.754,1
1785989133,406656494,128.731,2.224,130.844,0.0,66.755,1
1785989133,473411621,114.496,2.903,117.263,0.0,33.378,1
1785989133,506789795,130.058,2.903,132.741,0.0,66.756,1
1785989133,573546143,105.301,5.063,110.231,0.0,33.33,1
1785989133,640205322,94.373,2.179,96.45,33.329,33.329,1
1785989133,706863525,91.506,2.186,93.587,0.0,33.329,1
1785989133,773520752,93.501,2.285,95.683,0.0,33.328,1
1785989133,840177002,90.565,2.377,92.836,-33.328,33.328,1
1785989133,906832520,92.763,2.063,94.723,0.0,33.327,1
1785989133,973487061,91.899,2.268,94.065,0.0,33.327,1
1785989134,40140625,99.311,4.603,103.695,0.0,33.326,1
1785989134,73467041,137.25,11.31,148.293,0.0,66.652,1
1785989134,140119141,115.371,3.875,119.082,0.0,33.326,1
1785989134,173444824,135.094,3.933,138.654,0.0,66.651,1
1785989134,240095703,120.147,3.289,123.322,0.0,33.325,1
1785989134,306745361,107.176,3.967,111.025,0.0,0.0,1
1785989134,340070068,129.25,3.103,132.205,33.324,66.648,1
1785989134,406718506,102.385,2.931,105.092,0.0,33.324,1
1785989134,473365967,112.132,2.733,114.733,33.323,33.323,1
1785989134,540012451,117.492,2.634,119.997,-33.323,66.77,1
1785989134,573335938,133.904,2.705,136.437,0.0,66.894,1
1785989134,673678223,93.104,2.336,95.323,0.0,33.449,1
1785989134,740576904,97.116,1.979,99.002,0.0,33.45,1
1785989134,807478760,95.943,2.106,97.946,0.0,33.452,1
1785989134,874383789,93.244,2.365,95.493,0.0,33.454,1
1785989134,941291992,91.92,2.168,93.94,0.0,33.455,1
1785989135,8203369,98.047,2.36,100.292,0.0,33.457,1
1785989135,41660156,131.187,2.538,133.589,0.0,66.916,1
1785989135,108576172,118.459,2.699,121.033,0.0,33.459,1
1785989135,142035400,147.3,2.463,149.637,0.0,66.921,1
1785989135,208956299,144.143,2.807,146.83,0.0,66.924,1
1785989135,275880127,130.653,2.871,133.387,0.0,66.927,1
1785989135,342807373,120.608,3.435,123.933,0.0,33.465,1
1785989135,409737549,102.808,5.898,108.559,-33.466,33.466,1
1785989135,443203857,122.685,3.177,125.627,0.0,66.935,1
1785989135,510138672,121.928,3.611,124.477,0.0,66.935,1
1785989135,577073975,109.057,2.608,111.548,0.0,33.369,1
1785989135,610443359,132.54,3.82,136.236,0.0,66.74,1
1785989135,677182861,107.945,2.854,110.669,0.0,33.37,1
1785989135,743923340,100.102,4.801,104.794,0.0,33.371,1
1785989135,810665283,93.098,2.082,95.084,0.0,33.371,1
1785989135,877408203,90.591,2.305,92.785,0.0,33.372,1
1785989135,944152588,90.757,2.163,92.821,0.0,33.373,1
1785989136,10897949,88.749,2.594,91.225,0.0,33.373,1
1785989136,77644287,98.708,3.791,102.072,0.0,33.374,1
1785989136,111018066,129.192,5.086,134.144,0.0,66.748,1
1785989136,177766357,110.975,3.13,113.989,0.0,33.375,1
1785989136,211141113,135.139,3.613,138.616,0.0,66.75,1
1785989136,277891113,127.735,2.092,129.721,0.0,66.751,1
1785989136,344642334,104.36,4.312,108.529,0.0,33.376,1
1785989136,378018311,125.991,3.022,128.892,0.0,66.753,1
1785989136,444771240,122.757,6.186,128.833,0.0,66.754,1
1785989136,478148193,144.616,2.537,146.945,0.0,66.755,1
1785989136,544903076,131.381,3.084,134.319,0.0,66.756,1
1785989136,611658691,109.523,3.135,112.546,0.0,33.379,1
1785989136,645037598,132.955,2.827,135.636,0.0,66.759,1
1785989136,711796143,122.759,2.318,124.975,0.0,66.76,1
1785989136,778556396,105.5,6.691,112.078,0.0,0.0,1
1785989136,811937256,126.72,2.79,129.375,-33.381,66.762,1
1785989136,878699707,124.396,2.357,126.593,0.0,66.764,1
1785989136,945463623,102.973,3.431,106.197,0.0,33.383,1
1785989136,978846436,130.25,5.599,135.69,0.0,66.766,1
1785989137,45612549,124.054,3.239,127.144,0.0,66.768,1
1785989137,112380615,106.444,2.579,108.909,0.0,33.385,1
1785989137,145765137,131.213,7.106,138.185,0.0,66.77,1
1785989137,212535156,135.146,3.479,138.473,0.0,66.772,1
1785989137,279306885,120.046,6.69,126.616,0.0,66.773,1
1785989137,346080078,103.781,3.342,106.979,0.0,33.387,1
1785989137,379467285,129.419,2.605,131.837,0.0,66.775,1
1785989137,446242676,119.907,2.605,122.389,0.0,66.777,1
1785989137,513019775,97.43,2.553,99.803,0.0,33.389,1
1785989137,579797607,102.344,5.775,108.005,0.0,33.427,1
1785989137,613224365,128.996,2.527,131.404,0.0,66.855,1
1785989137,713507080,91.114,2.259,93.27,0.0,33.428,1
1785989137,780364258,88.807,2.322,90.961,0.0,0.0,1
1785989137,847223145,88.751,2.447,91.089,0.0,33.43,1
1785989137,914083740,88.258,2.166,90.32,0.0,33.431,1
1785989137,980945801,89.021,2.242,91.16,0.0,33.432,1
1785989138,47809814,102.929,3.892,106.567,-33.432,33.432,1
1785989138,81242188,130.529,5.0,135.378,0.0,66.866,1
1785989138,148108398,119.098,2.432,121.407,0.0,66.868,1
1785989138,214976318,99.591,2.718,102.205,0.0,33.435,1
1785989138,281845947,117.851,3.006,120.744,0.0,66.871,1
1785989138,348717041,97.211,2.614,99.706,0.0,33.436,1
1785989138,382153320,125.537,3.104,128.414,0.0,66.874,1
1785989138,449026855,119.015,2.409,121.299,0.0,66.875,1
1785989138,515902100,117.933,2.885,120.703,0.0,66.875,1
1785989138,582777344,97.008,3.854,100.662,0.0,33.335,1
1785989138,616112549,115.964,7.763,123.273,0.0,66.67,1
1785989138,682782471,95.185,2.727,97.706,0.0,33.335,1
1785989138,749451660,92.923,2.656,95.46,0.0,33.334,1
1785989138,816119873,86.204,2.229,88.266,0.0,33.334,1
1785989138,882787354,87.777,2.725,90.374,0.0,33.333,1
1785989138,949454102,88.462,2.349,90.671,0.0,33.333,1
1785989139,16120117,99.514,8.376,107.749,0.0,33.333,1
1785989139,49452637,134.672,5.93,140.467,0.0,33.333,1
1785989139,116117432,128.983,3.027,131.772,0.0,66.664,1
1785989139,182781494,111.503,4.923,116.3,0.0,33.332,1
1785989139,216113037,139.511,7.277,146.666,0.0,66.663,1
1785989139,282775879,122.59,2.576,125.036,0.0,66.662,1
1785989139,349437988,110.663,3.91,114.459,0.0,33.331,1
1785989139,382768555,147.032,2.49,149.405,0.0,99.991,1
1785989139,449429443,125.438,2.654,127.959,0.0,66.66,1
1785989139,516089600,108.011,2.986,110.857,0.0,33.33,1
1785989139,549419434,128.722,2.892,131.475,0.0,66.67,1
1785989139,616089355,110.972,2.633,113.479,0.0,66.679,1
1785989139,649428955,138.328,3.001,141.198,0.0,66.679,1
1785989139,682768311,152.774,2.854,155.415,0.0,100.017,1
1785989139,782785400,92.62,2.558,95.056,0.0,33.339,1
1785989139,849462646,89.132,2.316,91.345,0.0,33.338,1
1785989139,916139160,88.555,2.495,90.941,0.0,33.338,1
1785989139,982814941,88.354,2.202,90.453,0.0,33.338,1
1785989140,49489990,96.127,3.376,99.325,0.0,33.337,1
1785989140,82827393,120.5,3.9,124.246,0.0,66.674,1
1785989140,149501465,120.226,3.793,123.905,0.0,66.673,1
1785989140,182838379,161.13,4.963,165.976,0.0,100.009,1
1785989140,282847656,105.301,2.691,107.767,0.0,33.336,1
1785989140,316183838,124.615,3.932,128.341,0.0,66.672,1
1785989140,382855469,122.872,2.745,125.368,0.0,66.671,1
1785989140,449526611,114.317,2.472,116.673,0.0,66.67,1
1785989140,482861816,122.144,2.286,124.327,0.0,66.67,1
1785989140,616200439,85.417,2.171,87.486,0.0,33.333,1
1785989140,682866455,86.718,2.198,88.811,0.0,33.333,1
1785989140,749531250,88.062,2.763,90.712,0.0,33.332,1
1785989140,782863525,120.352,3.237,123.299,0.0,33.332,1
1785989140,849527344,95.725,2.458,98.061,33.332,33.332,1
1785989140,916190186,89.742,2.234,91.873,0.0,33.331,1
1785989140,982852051,87.454,2.361,89.712,0.0,33.331,1
1785989141,49513184,95.175,15.492,109.167,0.0,0.0,1
1785989141,82843506,130.606,4.402,134.611,0.0,66.66,1
1785989141,149503418,125.507,2.158,127.564,0.0,66.659,1
1785989141,216162354,97.119,2.148,99.172,0.0,33.329,1
1785989141,282820557,114.541,2.37,116.787,0.0,66.657,1
1785989141,316149170,125.769,2.373,128.019,0.0,66.657,1
1785989141,382806152,121.623,2.574,124.07,0.0,66.656,1
1785989141,449462158,118.688,3.222,121.757,0.0,66.655,1
1785989141,516117188,93.568,2.243,95.709,0.0,33.327,1
1785989141,582772217,91.515,2.733,94.135,0.0,33.335,1
1785989141,649442383,89.792,2.108,91.783,0.0,33.335,1
1785989141,716111572,90.306,2.525,92.726,0.0,33.334,1
1785989141,782780029,92.08,2.929,94.9,0.0,33.334,1
1785989141,849447754,92.797,2.181,94.879,0.0,33.333,1
1785989141,916114502,90.0,2.132,92.035,0.0,33.333,1
1785989141,982780518,91.223,2.442,93.557,0.0,33.333,1
1785989142,49445801,100.183,10.194,110.238,0.0,33.332,1
1785989142,82778076,122.108,3.135,125.123,0.0,66.664,1
1785989142,149442139,113.987,5.44,119.286,0.0,33.332,1
1785989142,182773682,162.891,15.583,178.341,0.0,99.994,1
1785989142,249436523,151.364,6.393,157.634,0.0,66.662,1
1785989142,316098633,144.643,3.739,148.26,0.0,66.661,1
1785989142,382759766,131.857,2.65,134.262,0.0,66.66,1
1785989142,449420166,111.194,2.431,113.492,0.0,33.33,1
1785989142,482750000,139.735,2.618,142.219,0.0,33.33,1
1785989142,549409180,129.983,2.678,132.532,-33.329,66.667,1
1785989142,582739258,161.921,2.458,164.257,0.0,100.01,1
1785989142,682749268,124.812,2.502,127.182,0.0,66.672,1
1785989142,749421631,106.637,2.74,109.231,0.0,33.336,1
1785989142,782757324,133.169,13.45,146.379,0.0,66.671,1
1785989142,849428467,163.097,6.645,169.574,0.0,100.005,1
1785989142,882763916,191.12,2.806,193.801,-33.335,133.339,1
1785989142,982768555,156.33,10.104,166.316,0.0,66.669,1
1785989143,49437500,170.355,8.165,178.371,0.0,66.668,1
1785989143,82771484,179.08,6.712,185.632,0.0,33.334,1
1785989143,182772949,133.567,12.867,146.017,0.0,33.333,1
1785989143,216106201,174.53,3.084,177.461,0.0,99.999,1
1785989143,282772461,157.064,2.407,159.355,0.0,99.998,1
1785989143,416102539,92.956,2.357,95.167,-33.332,-33.332,1
1785989143,449434570,136.756,2.763,139.389,33.332,66.664,1
1785989143,516098145,133.532,2.89,136.299,0.0,66.663,1
1785989143,582761475,119.029,3.142,121.933,0.0,66.666,1
1785989143,616094482,132.766,4.095,136.644,0.0,66.666,1
1785989143,682760254,126.375,3.066,129.276,0.0,66.665,1
1785989143,749425049,102.055,3.091,105.02,0.0,33.332,1
1785989143,816088867,95.748,3.481,99.113,0.0,33.332,1
1785989143,882751953,93.78,2.72,96.371,0.0,33.331,1
1785989143,916083252,121.369,2.233,123.5,0.0,66.662,1
1785989143,982744873,107.454,4.695,112.024,0.0,33.331,1
1785989144,16075439,153.221,3.623,156.734,0.0,99.99,1
1785989144,82736084,141.928,6.6,148.299,0.0,66.66,1
1785989144,149395752,128.554,2.837,131.177,0.0,66.659,1
1785989144,216054443,127.24,2.647,129.681,0.0,66.658,1
1785989144,282712158,122.998,2.528,125.412,0.0,33.329,1
1785989144,349369385,115.463,3.09,118.431,33.328,66.656,1
1785989144,382697510,132.522,3.359,135.748,0.0,66.656,1
1785989144,449353271,122.537,5.835,128.144,0.0,66.655,1
1785989144,516008057,98.66,2.857,101.344,0.0,33.327,1
1785989144,616015381,91.759,2.066,93.727,0.0,33.411,1
1785989144,682837402,88.966,2.173,91.035,0.0,33.412,1
1785989144,749660645,91.785,2.172,93.858,0.0,33.412,1
1785989144,816485107,94.233,3.288,97.416,0.0,33.413,1
1785989144,883310791,90.55,2.847,93.279,0.0,33.413,1
1785989144,916723877,123.496,4.007,127.386,0.0,66.827,1
1785989144,983551270,123.336,3.125,126.25,0.0,66.828,1
1785989145,50379639,124.116,4.074,127.858,0.0,66.83,1
1785989145,117209229,124.297,2.687,126.76,0.0,66.831,1
1785989145,217456055,110.72,2.673,113.267,0.0,33.416,1
1785989145,250872070,125.876,2.224,127.993,0.0,66.833,1
1785989145,317705078,95.868,8.004,103.761,0.0,33.417,1
1785989145,417957031,91.21,2.232,93.34,0.0,33.418,1
1785989145,484792969,89.936,2.132,91.967,0.0,33.418,1
1785989145,551630127,98.824,5.452,104.146,0.0,33.419,1
1785989145,585049072,118.487,3.701,122.066,0.0,33.418,1
1785989145,651802490,112.778,2.813,115.441,0.0,33.335,1
1785989145,685137939,120.121,2.13,122.137,0.0,66.67,1
1785989145,785142578,87.503,2.09,89.493,33.334,33.334,1
1785989145,851811523,91.014,2.44,93.351,0.0,33.334,1
1785989145,918479248,89.707,2.572,92.17,0.0,33.334,1
1785989145,985146240,88.417,2.147,90.463,0.0,33.333,1
1785989146,51812500,95.29,20.644,104.884,0.0,33.333,1
1785989146,85145264,125.45,2.461,127.626,0.0,33.333,1
1785989146,151810059,125.236,3.088,128.193,33.332,66.664,1
1785989146,218474121,104.584,3.831,108.116,0.0,33.332,1
1785989146,285137207,100.695,2.917,103.479,0.0,33.331,1
1785989146,351799316,94.757,2.107,96.768,0.0,33.331,1
1785989146,418460693,89.498,2.341,91.735,0.0,0.0,1
1785989146,485121094,88.926,2.108,90.93,0.0,33.33,1
1785989146,551780762,96.148,2.463,98.469,0.0,33.33,1
1785989146,685333496,118.17,2.161,120.224,-33.447,33.448,1
1785989146,718781494,164.235,2.368,166.472,0.0,33.448,1
1785989146,785679443,180.041,8.404,186.061,0.0,100.353,1
1785989146,886032471,120.323,3.128,123.324,0.0,66.906,1
1785989146,919485107,150.356,2.699,152.941,0.0,66.907,1
1785989146,952938477,186.645,2.794,189.233,0.0,100.365,1
1785989147,53303223,156.704,2.269,158.873,0.0,100.372,1
1785989147,153675049,124.027,2.373,126.28,0.0,66.918,1
1785989147,220593506,125.587,2.311,127.785,0.0,66.922,1
1785989147,287515381,109.24,2.281,111.415,0.0,33.462,1
1785989147,320977295,134.489,3.229,137.467,0.0,33.463,1
1785989147,387903564,117.475,3.545,120.676,-33.463,33.464,1
1785989147,454833252,95.904,2.437,98.221,-33.465,33.466,1
1785989147,521765869,88.008,2.112,90.022,0.0,33.468,1
1785989147,588701660,87.729,2.145,89.764,0.0,33.467,1
1785989147,655572266,88.251,2.349,90.497,0.0,33.405,1
1785989147,722381348,91.693,2.248,93.842,0.0,33.405,1
1785989147,755786133,118.155,3.379,121.422,0.0,66.81,1
1785989147,822596436,91.851,4.504,93.943,0.0,33.406,1
1785989147,889407471,88.159,2.268,90.317,0.0,33.406,1
1785989147,956219727,89.93,2.612,92.428,0.0,33.406,1
1785989147,989625977,117.774,2.592,120.176,0.0,66.813,1
1785989148,56439453,122.801,2.637,125.317,0.0,66.814,1
1785989148,123253662,121.888,3.313,125.077,0.0,66.815,1
1785989148,190068604,121.189,3.144,124.193,0.0,66.816,1
1785989148,256884766,125.474,2.654,127.971,0.0,66.817,1
1785989148,323701660,118.835,3.192,121.89,0.0,66.818,1
1785989148,390519287,93.779,2.566,96.221,0.0,33.409,1
1785989148,457338135,86.829,2.363,89.091,0.0,33.41,1
1785989148,524157471,86.032,2.318,88.248,-33.41,33.41,1
1785989148,590978027,84.255,2.136,86.245,33.409,33.409,1
1785989148,657705322,86.63,2.201,88.717,0.0,33.317,1
1785989148,724339844,83.621,2.213,85.734,33.317,33.317,1
1785989148,790973145,84.368,2.234,86.502,33.316,33.316,1
1785989148,857604980,83.948,2.293,86.076,0.0,33.315,1
1785989148,924235107,82.49,2.1,84.488,0.0,33.315,1
1785989148,990864258,86.509,2.128,88.538,0.0,33.314,1
1785989149,57491699,95.496,2.697,98.06,0.0,33.313,1
1785989149,90804932,128.686,2.609,131.159,0.0,66.625,1
1785989149,157430420,119.966,2.607,122.426,0.0,66.624,1
1785989149,190742432,145.325,9.107,154.225,0.0,66.623,1
1785989149,257365723,118.395,3.207,121.491,0.0,33.311,1
1785989149,323987549,104.978,7.47,112.262,-33.311,33.311,1
1785989149,390608154,94.844,3.191,97.835,0.0,33.31,1
1785989149,457227051,90.327,2.301,92.524,0.0,33.309,1
1785989149,523844727,87.311,2.325,89.536,0.0,33.308,1
1785989149,590460938,88.147,2.169,90.212,0.0,33.309,1
1785989149,657087402,104.257,3.997,108.129,0.0,33.317,1
1785989149,690404297,116.018,3.697,119.557,0.0,33.317,1
1785989149,757037109,89.956,2.305,92.156,-33.316,-33.316,1
1785989149,823668701,87.5,2.999,90.303,0.0,33.315,1
1785989149,890298828,89.511,2.186,91.596,0.0,33.314,1
1785989149,956927490,88.582,2.055,90.536,0.0,33.314,1
1785989150,23554688,97.674,3.165,100.662,0.0,33.313,1
1785989150,90180420,92.218,2.848,94.945,0.0,33.312,1
1785989150,123492676,135.213,6.562,141.65,0.0,66.624,1
1785989150,190116455,151.245,2.3,153.441,0.0,66.622,1
1785989150,290049316,119.804,3.796,123.393,33.31,66.62,1
1785989150,356669434,122.686,3.017,125.467,0.0,66.619,1
1785989150,423288086,113.035,2.343,115.243,0.0,66.617,1
1785989150,456596924,131.567,4.686,136.138,33.308,66.616,1
1785989150,523213379,119.477,2.218,121.598,0.0,66.615,1
1785989150,589828613,118.325,3.693,121.882,0.0,66.667,1
1785989150,656495605,92.223,2.314,94.43,0.0,33.359,1
1785989150,723213623,92.204,2.319,94.344,0.0,33.359,1
1785989150,789932617,85.673,2.262,87.833,0.0,33.36,1
1785989150,856652344,88.289,2.274,90.392,0.0,33.36,1
1785989150,923372803,88.911,2.017,90.833,0.0,33.361,1
1785989150,990094238,87.791,2.191,89.875,-33.361,33.361,1
1785989151,56816162,112.774,2.57,115.226,0.0,66.723,1
1785989151,90177734,130.106,3.032,133.016,0.0,66.723,1
1785989151,156900879,121.026,2.137,123.062,0.0,33.362,1
1785989151,256987549,94.708,2.341,96.93,0.0,33.363,1
1785989151,290350098,124.72,3.001,127.511,0.0,66.726,1
1785989151,357075928,101.353,2.124,103.377,0.0,33.363,1
1785989151,423802490,94.585,2.182,96.665,0.0,33.364,1
1785989151,490529785,92.438,2.469,94.736,0.0,33.364,1
1785989151,557258057,90.134,2.229,92.262,0.0,33.364,1
1785989151,623986816,87.089,2.251,89.219,0.0,33.324,1
1785989151,690634766,93.15,2.164,95.214,0.0,33.323,1
1785989151,790604248,87.681,2.248,89.826,33.323,33.323,1
1785989151,857249023,88.465,2.411,90.73,0.0,33.322,1
1785989151,923892822,108.952,2.457,111.273,0.0,33.321,1
1785989151,957214111,138.183,3.565,141.611,0.0,66.642,1
1785989152,23856201,153.591,2.794,156.114,0.0,33.32,1
1785989152,90496826,209.634,4.828,214.325,0.0,66.64,1
1785989152,157136475,257.68,2.862,260.435,0.0,199.911,1
1785989152,357047852,124.947,2.404,127.209,0.0,66.635,1
1785989152,423682861,133.586,2.751,136.202,0.0,66.634,1
1785989152,490316406,125.555,3.482,128.886,0.0,66.633,1
1785989152,556948975,119.764,2.725,122.329,0.0,33.316,1
1785989152,623581055,97.688,4.433,101.983,-33.316,33.326,1
1785989152,656906738,124.074,2.293,126.255,0.0,66.651,1
1785989152,723557373,104.551,7.046,109.343,0.0,33.325,1
1785989152,756882080,121.831,2.861,124.556,0.0,66.649,1
1785989152,823530762,96.257,2.632,98.77,0.0,33.324,1
1785989152,890178467,92.569,2.175,94.641,0.0,33.323,1
1785989152,956824951,89.15,2.237,91.285,0.0,33.323,1
1785989153,23470215,108.579,2.909,111.186,33.322,33.322,1
1785989153,56792480,134.046,4.215,138.118,0.0,66.644,1
1785989153,123436279,124.147,2.468,126.51,0.0,66.642,1
1785989153,190078613,121.885,2.078,123.864,0.0,66.641,1
1785989153,290040283,110.046,2.331,112.24,0.0,33.32,1
1785989153,323360107,129.213,2.335,131.427,0.0,66.639,1
1785989153,389999268,128.124,2.225,130.225,0.0,66.638,1
1785989153,456637207,99.753,5.092,104.732,0.0,33.319,1
1785989153,523273926,101.367,4.243,103.936,0.0,33.318,1
1785989153,589909668,94.465,2.098,96.406,0.0,0.0,1
1785989153,656598633,91.953,2.794,94.631,0.0,33.371,1
1785989153,723340820,92.076,2.366,94.248,0.0,33.372,1
1785989153,790084473,90.222,2.325,92.447,0.0,33.372,1
1785989153,856829590,87.545,2.254,89.7,-33.373,33.373,1
1785989153,923575684,88.107,2.201,90.208,-33.373,33.374,1
1785989153,990323242,88.443,2.168,90.505,-33.374,33.374,1
1785989154,57072021,122.439,2.918,125.242,0.0,66.75,1
1785989154,123822266,122.423,2.561,124.87,0.0,66.751,1
1785989154,190573730,115.756,5.4,121.037,0.0,33.376,1
1785989154,223949707,136.57,7.255,143.694,0.0,66.753,1
1785989154,324080322,94.738,2.238,96.871,0.0,33.377,1
1785989154,390835693,91.091,2.438,93.417,0.0,33.378,1
1785989154,457592041,88.823,2.258,90.979,0.0,33.379,1
1785989154,524350098,92.339,2.262,94.501,0.0,33.379,1
1785989154,591109131,88.573,2.102,90.574,0.0,33.38,1
1785989154,657821777,87.811,2.186,89.896,-33.333,33.333,1
1785989154,724487549,90.11,2.535,92.524,33.333,33.333,1
1785989154,791152344,90.355,2.222,92.471,0.0,33.332,1
1785989154,857816406,89.048,2.202,91.148,0.0,33.332,1
1785989154,924479492,88.259,2.36,90.503,0.0,33.331,1
1785989154,991141846,91.776,1.974,93.655,0.0,33.331,1
1785989155,57803223,129.588,2.444,131.901,0.0,66.66,1
1785989155,124463623,154.334,6.928,159.126,0.0,99.989,1
1785989155,191123535,135.445,3.679,139.005,0.0,66.659,1
1785989155,257782227,123.745,3.729,127.348,0.0,66.658,1
1785989155,324440186,101.628,4.749,106.218,0.0,33.329,1
1785989155,391097412,100.233,3.09,103.199,0.0,33.328,1
1785989155,457753662,92.101,2.196,94.197,0.0,33.328,1
1785989155,524409180,89.436,2.158,91.494,0.0,0.0,1
1785989155,591063721,101.045,2.694,103.611,0.0,33.327,1
1785989155,624391113,120.634,3.162,123.672,0.0,66.672,1
1785989155,691063477,118.428,3.956,122.252,0.0,33.336,1
1785989155,757734863,112.386,4.522,116.793,33.335,33.335,1
1785989155,791070313,129.178,3.962,133.011,0.0,66.67,1
1785989155,857740723,103.109,2.937,105.935,0.0,33.335,1
1785989155,924410400,96.704,2.732,99.316,0.0,33.334,1
1785989156,24413574,99.24,7.579,106.146,0.0,33.334,1
1785989156,57747559,125.516,2.59,127.996,0.0,66.668,1
1785989156,124415283,126.943,2.664,129.479,0.0,66.667,1
1785989156,191082031,115.784,5.136,120.812,0.0,33.333,1
1785989156,257748291,121.728,3.539,125.144,33.333,66.665,1
1785989156,324413574,102.124,2.924,104.922,0.0,33.333,1
1785989156,424410400,89.719,4.876,94.486,0.0,33.332,1
1785989156,491074219,90.323,2.111,92.339,33.332,33.332,1
1785989156,557737305,90.635,2.338,92.871,0.0,33.331,1
1785989156,624399902,92.628,2.072,94.609,0.0,33.334,1
1785989156,691067627,92.959,2.253,95.113,0.0,33.333,1
1785989156,757734619,92.026,2.489,94.403,0.0,33.333,1
1785989156,791067627,123.965,6.502,130.332,0.0,66.666,1
1785989156,857733398,102.273,3.547,105.686,0.0,33.333,1
1785989156,957730225,91.118,2.269,93.284,0.0,33.332,1
1785989157,24393555,100.762,3.879,104.516,0.0,33.332,1
1785989157,57725098,129.085,2.509,131.473,0.0,66.662,1
1785989157,91056396,163.315,2.528,165.636,0.0,99.992,1
1785989157,191048828,134.544,15.818,150.211,0.0,66.66,1
1785989157,257709229,122.163,2.683,124.722,0.0,66.66,1
1785989157,324368896,95.058,2.494,97.45,0.0,33.33,1
1785989157,357698486,124.279,3.945,128.102,0.0,66.658,1
1785989157,424356934,113.468,3.089,116.436,0.0,33.329,1
1785989157,457685791,137.128,3.229,140.219,0.0,66.657,1
1785989157,524343018,124.35,6.203,130.329,0.0,66.656,1
1785989157,590999268,115.428,2.851,118.083,0.0,33.328,1
1785989157,624327637,131.894,13.392,145.166,0.0,66.667,1
1785989157,690994385,111.946,2.699,114.516,0.0,33.333,1
1785989157,724327393,128.594,2.192,130.676,0.0,66.666,1
1785989157,757660156,138.944,3.511,142.314,0.0,66.665,1
1785989157,824325195,116.367,3.597,119.842,0.0,33.332,1
1785989157,857657471,130.655,7.523,138.054,0.0,66.664,1
1785989157,924321045,109.526,4.39,113.696,0.0,33.332,1
1785989157,990984131,132.049,2.626,134.548,33.331,66.662,1
1785989158,24315186,160.721,3.247,163.865,0.0,66.662,1
1785989158,124307373,128.522,2.901,131.292,0.0,66.66,1
1785989158,190967773,115.44,2.44,117.649,0.0,33.33,1
1785989158,224297852,166.458,2.185,168.532,0.0,66.659,1
1785989158,257627441,180.996,3.709,184.262,33.329,99.988,1
1785989158,357615234,144.913,4.672,149.43,0.0,66.657,1
1785989158,424272705,130.462,2.089,132.445,0.0,66.657,1
1785989158,490929443,121.514,2.881,124.134,0.0,33.328,1
1785989158,557585205,108.672,10.372,118.894,0.0,33.328,1
1785989158,590912842,129.187,2.249,131.294,0.0,66.663,1
1785989158,657575439,99.36,2.513,101.683,0.0,33.334,1
1785989158,724244385,95.777,2.214,97.891,0.0,33.334,1
1785989158,790912598,95.036,2.329,97.203,0.0,33.334,1
1785989158,857580078,92.529,2.414,94.78,0.0,33.333,1
1785989158,924246582,93.474,2.112,95.484,0.0,33.333,1
1785989158,990912598,95.143,2.192,97.233,0.0,33.333,1
1785989159,57577637,129.051,2.377,131.319,0.0,66.664,1
1785989159,124241943,127.945,3.385,131.217,0.0,66.664,1
1785989159,190905518,112.796,2.288,114.97,0.0,33.332,1
1785989159,224237061,151.786,2.751,154.406,0.0,99.993,1
1785989159,290899414,128.194,3.137,130.982,-33.331,66.662,1
1785989159,357561035,123.075,3.004,125.805,0.0,66.661,1
1785989159,424221924,116.692,3.686,120.245,0.0,66.66,1
1785989159,457552002,129.172,2.145,131.209,0.0,66.66,1
1785989159,557541504,94.554,2.2,96.651,0.0,33.329,1
1785989159,624200195,93.943,2.085,95.923,0.0,33.333,1
1785989159,690866455,92.096,2.78,94.762,0.0,33.333,1
1785989159,757531982,95.85,2.306,97.988,0.0,33.332,1
1785989159,824196289,92.961,2.192,95.036,0.0,33.332,1
1785989159,890860107,94.798,1.992,96.693,0.0,33.332,1
1785989159,957522949,94.907,2.126,96.821,0.0,0.0,1
1785989160,24184814,97.548,2.369,99.803,-66.662,-66.662,1
1785989160,57515381,145.12,2.301,147.315,33.331,66.661,1
1785989160,124176025,157.485,2.329,159.713,0.0,66.66,1
1785989160,224165283,126.987,3.573,130.427,-33.329,66.659,1
1785989160,290823975,102.802,3.059,105.733,0.0,33.329,1
1785989160,357481445,95.461,2.397,97.755,0.0,33.329,1
1785989160,424138184,92.396,2.607,94.877,-33.328,33.328,1
1785989160,457466309,113.408,4.615,117.286,0.0,33.328,1
1785989160,490794189,130.576,2.424,132.868,0.0,66.655,1
1785989160,557449219,114.554,2.14,116.571,0.0,33.327,1
1785989160,590776367,132.181,2.417,134.426,0.0,66.709,1
1785989160,624103760,150.286,2.311,152.479,0.0,66.765,1
1785989160,690868408,133.616,5.51,138.989,0.0,66.766,1
1785989160,757634521,123.686,2.368,125.922,0.0,66.768,1
1785989160,791018311,144.865,4.484,149.196,0.0,66.769,1
1785989160,857786865,127.02,2.488,129.385,0.0,66.77,1
1785989160,924556885,108.127,3.425,111.421,0.0,33.386,1
1785989160,957942627,124.906,2.289,127.079,0.0,66.772,1
1785989161,24715088,133.163,3.085,136.123,0.0,66.774,1
1785989161,91489014,126.74,2.552,129.18,0.0,66.776,1
1785989161,158264648,128.222,2.872,130.964,0.0,66.777,1
1785989161,225041748,112.346,4.059,116.011,0.0,33.389,1
1785989161,258430908,128.597,2.426,130.913,0.0,66.78,1
1785989161,325210449,98.743,2.166,100.805,0.0,33.39,1
1785989161,391991455,95.465,2.309,97.665,-33.391,33.391,1
1785989161,458773926,93.891,2.312,96.016,-33.391,33.392,1
1785989161,525558105,92.306,2.062,94.216,0.0,33.393,1
1785989161,592343994,94.99,2.14,97.014,0.0,33.392,1
1785989161,659082031,94.841,2.387,97.117,0.0,33.346,1
1785989161,725773438,101.094,2.557,103.531,0.0,33.345,1
1785989161,759118896,126.186,2.609,128.666,0.0,66.691,1
1785989161,825809814,112.696,3.532,116.094,0.0,33.345,1
1785989161,859155273,134.015,4.315,138.177,0.0,66.69,1
1785989161,925845459,127.776,2.835,130.481,0.0,66.69,1
1785989161,992535645,99.298,2.564,101.658,0.0,33.345,1
1785989162,59225342,129.54,3.053,132.465,0.0,33.345,1
1785989162,92570313,168.139,10.171,178.166,0.0,66.689,1
1785989162,159259521,167.652,2.811,170.347,0.0,100.033,1
1785989162,259292969,126.819,2.422,129.114,0.0,66.688,1
1785989162,325981445,109.746,2.437,112.078,0.0,33.344,1
1785989162,359325439,135.461,2.915,138.249,0.0,66.688,1
1785989162,426013672,128.889,2.396,131.175,0.0,66.688,1
1785989162,492701172,100.561,15.631,116.048,0.0,33.344,1
1785989162,526044922,128.825,2.64,131.336,0.0,66.687,1
1785989162,592732178,119.897,5.666,125.344,0.0,66.728,1
1785989162,626075684,126.834,2.223,128.942,0.0,66.768,1
1785989162,726228760,94.552,2.222,96.671,0.0,33.385,1
1785989162,792999268,94.732,2.52,97.072,0.0,33.386,1
1785989162,859771729,93.675,2.113,95.685,0.0,33.387,1
1785989162,926545898,91.728,2.295,93.919,-33.387,33.388,1
1785989163,26710449,102.723,4.369,106.96,0.0,33.389,1
1785989163,60099365,116.415,3.317,119.508,0.0,33.389,1
1785989163,126878662,125.002,2.393,127.28,0.0,66.781,1
1785989163,160268799,138.633,2.439,140.953,0.0,66.782,1
1785989163,293834229,94.349,2.092,96.34,0.0,33.392,1
1785989163,360619385,89.577,2.374,91.849,0.0,0.0,1
1785989163,427406494,90.616,2.095,92.611,0.0,33.394,1
1785989163,494195068,93.266,2.21,95.373,0.0,33.395,1
1785989163,560985352,93.569,4.296,97.756,-33.395,33.396,1
1785989163,594381348,123.386,2.622,125.894,0.0,33.395,1
1785989163,661169678,126.305,2.896,129.058,-33.393,66.788,1
1785989163,727957764,106.565,3.401,109.84,0.0,33.395,1
1785989163,794747803,103.833,3.249,106.895,0.0,33.396,1
1785989163,861539795,98.042,2.513,100.283,0.0,33.397,1
1785989163,928333984,91.173,2.335,93.406,0.0,0.0,1
1785989163,995130371,94.135,2.285,96.224,33.399,33.399,1
1785989164,61928467,113.877,3.118,116.872,0.0,33.4,1
1785989164,95328369,127.525,4.142,131.335,0.0,66.801,1
1785989164,128728760,158.671,2.618,161.153,0.0,100.204,1
1785989164,228933105,125.674,2.207,127.764,0.0,66.805,1
1785989164,295738525,111.082,2.737,113.517,0.0,33.403,1
1785989164,329141846,128.867,2.728,131.465,0.0,66.809,1
1785989164,395950439,122.329,4.824,127.047,0.0,66.811,1
1785989164,462760986,114.917,2.303,117.095,0.0,66.812,1
1785989164,529573486,98.009,2.65,100.541,0.0,33.407,1
1785989164,596387939,102.087,2.402,104.35,0.0,33.407,1
1785989164,629794922,141.007,8.47,149.357,0.0,66.713,1
1785989164,696508057,124.281,3.15,127.221,0.0,66.713,1
1785989164,763221191,102.51,3.249,105.564,0.0,33.356,1
1785989164,796577637,123.677,3.101,126.657,0.0,66.713,1
1785989164,863290771,102.325,4.198,106.386,0.0,33.357,1
1785989164,896647461,126.952,2.399,129.241,0.0,66.713,1
1785989164,963360596,104.36,4.707,108.916,0.0,33.356,1
1785989165,30073486,105.914,8.627,114.278,0.0,33.357,1
1785989165,63430176,130.582,3.785,134.244,0.0,66.713,1
1785989165,130143066,127.763,2.991,130.628,0.0,66.713,1
1785989165,196856201,125.732,2.509,127.904,0.0,66.713,1
1785989165,263569336,129.597,8.905,132.29,0.0,66.713,1
1785989165,296925781,159.495,3.141,162.498,0.0,100.069,1
1785989165,396995117,107.271,2.663,109.802,0.0,33.357,1
1785989165,430351807,133.115,2.426,135.367,0.0,66.713,1
1785989165,497064697,127.454,3.131,130.451,0.0,66.713,1
1785989165,563777588,119.107,2.901,121.893,0.0,33.356,1
1785989165,597134033,145.511,2.663,148.068,0.0,66.713,1
1785989165,663846924,133.762,2.445,136.082,0.0,33.356,1
1785989165,797272217,93.79,2.032,95.73,33.356,33.356,1
1785989165,863984619,92.226,2.188,94.293,0.0,33.356,1
1785989165,930697266,91.02,2.13,93.049,0.0,33.356,1
1785989165,997409668,92.079,2.188,94.164,-33.356,33.356,1
1785989166,64122070,130.474,5.552,135.895,0.0,66.712,1
1785989166,130834473,136.831,3.041,139.748,0.0,66.712,1
1785989166,197546875,131.005,2.835,133.598,0.0,66.712,1
1785989166,264259277,124.885,2.712,127.453,0.0,66.712,1
1785989166,330971680,124.04,2.778,126.69,0.0,66.712,1
1785989166,397684082,106.451,2.839,109.173,0.0,33.356,1
1785989166,431040039,140.548,6.062,145.497,0.0,66.712,1
1785989166,497752441,124.032,2.483,126.385,0.0,66.712,1
1785989166,564464600,94.921,2.329,97.143,0.0,33.356,1
1785989166,631176758,95.618,4.726,100.058,0.0,33.357,1
1785989166,664533691,121.775,2.499,124.173,0.0,33.357,1
1785989166,731247559,107.654,6.056,113.578,0.0,33.357,1
1785989166,764604248,127.547,2.201,129.626,0.0,66.714,1
1785989166,831317871,103.282,2.802,105.929,0.0,33.357,1
1785989166,864674805,124.063,5.798,129.744,0.0,33.357,1
1785989166,931388428,116.16,3.117,119.151,0.0,33.357,1
1785989166,964745117,129.891,2.225,132.018,0.0,66.714,1
1785989167,64815674,118.493,6.144,123.349,0.0,33.357,1
1785989167,98172363,131.288,6.253,137.406,0.0,66.713,1
1785989167,164885742,103.375,5.475,108.687,0.0,33.357,1
1785989167,231599365,115.164,2.244,117.285,0.0,66.713,1
1785989167,264956055,128.783,2.127,130.811,0.0,66.713,1
1785989167,365026123,89.511,2.056,91.465,-33.357,33.357,1
1785989167,431739502,89.675,2.151,91.723,0.0,33.357,1
1785989167,498452881,91.971,2.238,94.002,0.0,33.357,1
1785989167,565166260,92.229,2.182,94.313,0.0,33.357,1
1785989167,631879639,108.283,4.701,112.854,0.0,33.357,1
1785989167,665237061,126.203,2.205,128.306,0.0,66.872,1
1785989167,765545166,94.134,2.578,96.593,0.0,33.437,1
1785989167,832419678,94.518,2.202,96.619,0.0,33.438,1
1785989167,899296143,91.279,2.117,93.297,0.0,33.439,1
1785989167,966174805,88.277,4.744,92.911,-33.439,-33.439,1
1785989168,33055420,116.704,8.078,124.663,0.0,33.441,1
1785989168,66496338,152.035,3.617,155.525,0.0,66.884,1
1785989168,166822510,123.658,4.155,127.674,-33.443,66.886,1
1785989168,233708984,118.677,3.859,122.295,0.0,33.444,1
1785989168,267153076,156.813,2.162,158.872,0.0,100.335,1
1785989168,367488037,95.423,7.031,102.336,0.0,33.446,1
1785989168,467827637,91.091,2.144,93.135,0.0,33.448,1
1785989168,534723145,88.21,2.302,90.407,-33.448,33.448,1
1785989168,601620605,89.39,1.977,91.274,0.0,33.449,1
1785989168,668518066,90.866,2.665,93.299,0.0,33.349,1
1785989168,701866699,124.417,2.575,126.789,0.0,66.697,1
1785989168,735215332,151.77,4.237,155.899,0.0,66.697,1
1785989168,835260742,102.085,3.254,105.207,33.348,33.348,1
1785989168,868608887,125.654,2.78,128.312,0.0,66.697,1
1785989168,935305420,114.503,2.172,116.574,0.0,33.348,1
1785989168,968653320,128.883,2.936,131.555,0.0,33.348,1
1785989169,35349365,125.802,3.108,128.78,-33.348,66.696,1
1785989169,68697266,160.125,2.215,162.225,0.0,100.043,1
1785989169,168740479,99.063,2.308,101.264,0.0,33.347,1
1785989169,235435547,97.81,3.327,101.004,0.0,33.347,1
1785989169,335477539,89.814,2.127,91.843,0.0,33.347,1
1785989169,402171875,87.386,2.231,89.515,-33.347,33.347,1
1785989169,468865967,90.287,2.231,92.415,0.0,33.347,1
1785989169,535559814,89.986,2.104,91.989,0.0,33.347,1
1785989169,602253174,88.592,2.098,90.593,0.0,33.347,1
1785989169,668946777,90.425,3.434,93.741,0.0,33.349,1
1785989169,702295410,124.698,2.651,127.223,0.0,66.697,1
1785989169,768992188,100.805,3.045,103.73,0.0,33.348,1
1785989169,835688721,95.652,3.411,98.942,0.0,33.348,1
1785989169,902384766,92.619,2.459,94.976,0.0,33.348,1
1785989169,969080811,89.195,2.344,91.433,0.0,33.348,1
1785989170,35776367,95.517,6.255,100.514,0.0,0.0,1
1785989170,102471680,97.55,3.589,100.947,0.0,33.347,1
1785989170,169166504,100.916,9.593,110.39,0.0,33.347,1
1785989170,202513916,136.353,10.101,146.309,0.0,66.695,1
1785989170,269208496,118.279,2.822,120.991,0.0,66.694,1
1785989170,335902588,99.645,2.568,102.094,0.0,33.347,1
1785989170,402596436,91.931,2.391,94.211,0.0,33.347,1
1785989170,469290039,89.336,2.133,91.371,0.0,33.347,1
1785989170,535983398,89.208,2.233,91.339,33.346,33.346,1
1785989170,602676270,88.77,2.206,90.873,0.0,33.346,1
1785989170,669369385,95.841,2.271,97.995,0.0,33.35,1
1785989170,736069336,94.588,2.113,96.602,0.0,33.35,1
1785989170,802768799,89.468,2.232,91.538,0.0,33.35,1
1785989170,869468262,89.171,2.476,91.513,0.0,33.35,1
1785989170,936167480,89.647,2.151,91.697,0.0,33.349,1
1785989171,2866211,92.148,2.607,94.647,0.0,33.349,1
1785989171,102914063,100.562,2.948,103.344,0.0,0.0,1
1785989171,202961426,90.282,2.332,92.447,0.0,33.349,1
1785989171,269659180,91.919,2.244,94.062,0.0,33.349,1
1785989171,336356689,89.524,2.35,91.769,0.0,33.349,1
1785989171,403053955,87.406,2.289,89.593,0.0,33.349,1
1785989171,469750977,87.684,2.171,89.753,33.348,33.348,1
1785989171,536447754,89.558,1.946,91.412,33.348,33.348,1
1785989171,603144043,90.565,2.271,92.734,-33.348,-33.348,1
1785989171,669840820,87.842,2.11,89.853,0.0,33.482,1
1785989171,736804932,87.938,2.107,89.942,-33.482,33.483,1
1785989171,803772217,88.999,2.438,91.324,0.0,33.485,1
1785989171,837256836,124.877,2.531,127.285,0.0,66.972,1
1785989171,904228760,121.772,3.008,124.662,0.0,66.975,1
1785989171,971203857,109.181,6.843,115.821,0.0,33.489,1
1785989172,4692627,139.893,5.542,145.283,0.0,66.98,1
1785989172,71672363,121.871,6.469,128.183,0.0,33.491,1
1785989172,105163330,139.359,3.034,142.254,0.0,66.985,1
1785989172,172147949,120.824,2.698,123.404,0.0,66.988,1
1785989172,239135498,97.843,5.248,102.941,0.0,33.495,1
1785989172,272630371,123.762,3.868,127.51,0.0,66.992,1
1785989172,339622559,109.993,4.202,114.077,0.0,33.497,1
1785989172,373119873,121.12,2.439,123.453,0.0,66.997,1
1785989172,440116943,106.257,2.124,108.283,0.0,33.5,1
1785989172,473616455,126.864,3.183,129.928,0.0,67.002,1
1785989172,540618164,122.962,2.305,125.137,0.0,67.005,1
1785989172,607622803,93.966,3.119,96.96,0.0,33.504,1
1785989172,674627441,91.562,2.396,93.834,0.0,33.336,1
1785989172,741299561,91.833,2.129,93.845,0.0,33.336,1
1785989172,807970947,89.959,2.54,92.283,0.0,33.335,1
1785989172,841306396,122.54,3.089,125.506,0.0,66.67,1
1785989172,907976807,99.034,4.71,103.581,0.0,33.335,1
1785989172,941311523,120.998,2.195,123.071,0.0,66.669,1
1785989172,974646240,146.438,2.868,149.167,0.0,66.669,1
1785989173,41314941,143.191,4.665,147.713,0.0,66.668,1
1785989173,107983154,142.722,3.549,146.132,0.0,66.667,1
1785989173,174650391,124.587,15.486,136.003,0.0,66.667,1
1785989173,241316895,105.638,2.417,107.924,0.0,33.333,1
1785989173,274649902,121.364,2.253,123.515,0.0,66.666,1
1785989173,374647949,86.591,2.191,88.68,0.0,33.332,1
1785989173,441312256,88.685,2.202,90.723,0.0,0.0,1
1785989173,507976074,86.787,2.091,88.778,0.0,33.332,1
1785989173,574638916,87.547,2.229,89.672,0.0,33.331,1
1785989173,641301025,85.256,2.19,87.345,-33.331,33.332,1
1785989173,707968262,85.603,2.252,87.747,0.0,33.335,1
1785989173,774638672,86.563,2.399,88.861,0.0,33.335,1
1785989173,841308105,91.73,2.642,94.242,33.334,33.334,1
1785989173,907976807,88.216,2.233,90.329,0.0,33.334,1
1785989173,974644775,84.849,2.169,86.915,0.0,0.0,1
1785989174,41312012,88.977,2.261,91.123,0.0,33.333,1
1785989174,107978516,96.632,4.118,100.487,0.0,33.333,1
1785989174,141311523,121.879,4.199,125.92,0.0,66.665,1
1785989174,207976807,122.485,2.326,124.704,0.0,66.665,1
1785989174,274641357,118.757,2.781,121.404,0.0,66.664,1
1785989174,341305176,103.66,3.917,107.415,0.0,33.332,1
1785989174,374636719,123.515,2.385,125.776,0.0,66.663,1
1785989174,441299316,121.396,2.224,123.506,0.0,66.662,1
1785989174,507961182,98.242,5.822,103.896,0.0,33.331,1
1785989174,541291748,121.748,8.019,129.649,0.0,66.661,1
1785989174,607952393,111.146,2.943,113.752,0.0,33.33,1
1785989174,641282471,123.742,4.018,127.636,0.0,66.667,1
1785989174,707949463,105.757,6.659,112.023,0.0,33.336,1
1785989174,741285645,126.349,2.287,128.527,0.0,33.336,1
1785989174,807957275,122.629,3.542,126.042,33.335,66.671,1
1785989174,874627930,98.792,4.411,103.076,0.0,0.0,1
1785989174,907963135,124.197,2.166,126.256,33.335,66.67,1
1785989174,974632813,120.65,3.674,124.208,0.0,33.335,1
1785989175,41302002,114.724,5.942,119.357,33.334,33.334,1
1785989175,74636230,133.65,3.339,136.769,0.0,66.668,1
1785989175,141303955,130.411,17.777,148.064,0.0,66.667,1
1785989175,207971191,126.082,9.41,128.37,0.0,66.666,1
1785989175,274637451,113.104,2.263,115.258,0.0,33.333,1
1785989175,307970459,123.48,2.525,125.891,0.0,66.665,1
1785989175,374635498,95.256,2.682,97.74,0.0,33.333,1
1785989175,441300049,89.047,2.186,91.135,0.0,33.332,1
1785989175,507963867,86.137,2.211,88.245,33.332,33.332,1
1785989175,574626953,85.842,2.048,87.79,0.0,33.331,1
1785989175,641289063,87.081,2.262,89.241,0.0,33.332,1
1785989175,707956543,89.777,2.231,91.906,0.0,33.335,1
1785989175,774627441,89.382,2.126,91.412,33.335,33.335,1
1785989175,874632324,87.578,2.102,89.579,0.0,33.335,1
1785989175,941301270,88.62,2.554,91.059,0.0,0.0,1
1785989175,974635498,124.296,2.658,126.844,33.334,66.668,1
1785989176,41303467,123.126,3.413,126.403,0.0,66.667,1
1785989176,107970459,105.219,5.921,111.016,0.0,33.333,1
1785989176,141303711,151.563,3.032,154.456,0.0,66.666,1
1785989176,207969727,128.824,2.497,131.205,0.0,0.0,1
1785989176,274635010,123.055,2.731,125.671,33.332,66.664,1
1785989176,341299316,107.785,3.285,110.899,0.0,0.0,1
1785989176,374631348,123.182,2.393,125.469,33.332,66.663,1
1785989176,441294434,121.648,3.651,125.176,0.0,66.663,1
1785989176,507957031,102.103,2.999,104.964,0.0,33.331,1
1785989176,541288086,127.426,3.107,130.395,0.0,66.661,1
1785989176,607949463,122.148,6.129,128.161,0.0,66.661,1
1785989176,674610840,101.662,2.963,104.389,0.0,33.34,1
1785989176,707950684,122.452,2.663,124.982,0.0,66.679,1
1785989176,774630127,105.533,3.876,109.273,0.0,33.34,1
1785989176,807969727,126.877,3.466,130.207,0.0,66.678,1
1785989176,874648193,108.265,6.559,114.709,0.0,33.339,1
1785989176,907987305,129.788,2.729,132.32,0.0,66.678,1
1785989176,974665039,126.16,8.735,133.352,0.0,66.677,1
1785989177,41342285,159.835,2.63,162.348,0.0,100.015,1
1785989177,108019043,139.294,4.009,143.151,0.0,66.676,1
1785989177,174695068,124.654,2.714,127.237,0.0,66.676,1
1785989177,241370605,105.224,5.604,110.648,0.0,33.338,1
1785989177,274708252,124.052,2.675,126.604,0.0,66.675,1
1785989177,341383057,113.158,2.355,115.4,0.0,33.337,1
1785989177,374720215,123.894,3.334,127.114,0.0,66.674,1
1785989177,441394043,114.313,2.481,116.661,0.0,66.673,1
1785989177,474730713,130.606,3.57,133.975,0.0,66.673,1
1785989177,541403809,120.567,2.787,123.224,0.0,66.672,1
1785989177,608076172,119.669,3.55,122.997,0.0,66.673,1
1785989177,674748779,95.806,2.389,98.077,0.0,33.337,1
1785989177,741422363,95.345,3.299,98.528,0.0,33.336,1
1785989177,774758789,120.887,3.062,123.825,0.0,66.672,1
1785989177,841431152,119.846,2.693,122.408,0.0,33.336,1
1785989177,908103027,108.819,3.117,111.557,33.335,33.335,1
1785989177,941438477,135.128,7.699,142.709,0.0,66.671,1
1785989178,8109131,181.074,2.373,183.335,0.0,133.339,1
1785989178,108113770,160.151,5.55,165.587,0.0,66.669,1
1785989178,174782471,161.947,2.757,164.577,0.0,66.668,1
1785989178,241450684,165.421,3.147,168.451,0.0,33.334,1
1785989178,308117920,154.503,4.296,158.682,0.0,33.333,1
1785989178,341451416,171.021,2.484,173.362,0.0,66.666,1
1785989178,374784668,216.312,4.746,220.936,0.0,133.331,1
1785989178,508115723,143.961,2.614,146.458,0.0,66.665,1
1785989178,574780273,127.491,2.408,129.678,0.0,66.664,1
1785989178,641443848,125.186,2.241,127.304,0.0,66.669,1
1785989178,708112549,114.695,2.428,117.009,0.0,33.336,1
1785989178,741448730,130.418,2.546,132.824,0.0,66.672,1
1785989178,808120605,123.206,4.73,127.805,0.0,33.335,1
1785989178,874791504,102.049,2.729,104.648,-33.335,33.335,1
1785989178,908126953,121.916,2.905,124.704,0.0,66.67,1
1785989178,974796875,114.054,2.691,116.626,0.0,33.335,1
1785989179,74800293,98.725,3.354,101.958,0.0,33.334,1
1785989179,174802246,115.9,2.313,118.108,0.0,66.667,1
1785989179,208135742,135.644,4.173,139.624,0.0,66.667,1
1785989179,274802490,126.984,2.821,129.675,0.0,66.666,1
1785989179,341468506,110.324,3.225,113.307,0.0,33.333,1
1785989179,374801025,129.71,2.726,132.296,0.0,66.665,1
1785989179,441465820,119.773,2.785,122.338,0.0,66.664,1
1785989179,508129883,110.567,7.768,118.209,0.0,33.332,1
1785989179,541461670,138.241,3.299,141.354,0.0,66.663,1
1785989179,608124512,127.164,3.399,130.326,0.0,66.663,1
1785989179,674787354,113.02,3.644,115.973,0.0,33.337,1
1785989179,708124268,136.526,8.459,142.198,0.0,66.673,1
1785989179,774797607,125.806,3.012,128.51,0.0,66.673,1
1785989179,841470215,119.983,2.939,122.78,0.0,33.336,1
1785989179,908142090,94.054,2.836,96.774,0.0,33.336,1
1785989179,974813477,94.118,2.271,96.288,0.0,33.335,1
1785989180,41483887,111.542,2.991,114.419,0.0,33.335,1
1785989180,74818848,155.874,2.631,158.393,0.0,100.004,1
1785989180,141488281,169.477,11.45,180.776,0.0,100.003,1
1785989180,241491211,115.198,2.466,117.548,0.0,33.334,1
1785989180,308158936,96.65,5.068,101.591,0.0,33.333,1
1785989180,408158936,89.308,2.179,91.383,-33.333,33.333,1
1785989180,474824951,90.347,2.182,92.41,0.0,33.333,1
1785989180,541490234,91.55,2.146,93.594,0.0,33.332,1
1785989180,608154541,90.919,2.148,92.965,0.0,33.332,1
1785989180,674818848,90.323,2.306,92.526,0.0,33.337,1
1785989180,741491943,104.988,2.325,107.19,0.0,33.336,1
1785989180,774828369,125.547,2.525,127.95,0.0,66.672,1
1785989180,841500488,117.217,2.735,119.78,0.0,66.671,1
1785989180,874836182,126.035,2.19,128.122,0.0,66.671,1
1785989180,974842285,94.027,2.172,96.026,0.0,33.335,1
1785989181,41512207,111.227,2.96,114.052,33.334,33.334,1
1785989181,74846680,136.845,2.986,139.716,0.0,66.669,1
1785989181,141515625,150.952,5.581,156.171,0.0,66.668,1
1785989181,208183594,159.124,3.786,162.768,0.0,66.667,1
1785989181,274850830,129.053,4.819,133.74,0.0,66.667,1
1785989181,341517334,127.148,2.679,129.693,0.0,66.666,1
1785989181,408183105,98.238,2.634,100.751,0.0,33.333,1
1785989181,508180420,92.748,2.176,94.82,0.0,33.332,1
1785989181,574844482,90.902,2.35,92.969,0.0,33.332,1
1785989181,641507568,92.057,2.222,94.178,0.0,33.332,1
1785989181,708254150,90.157,2.121,92.176,0.0,33.415,1
1785989181,775084717,91.765,2.157,93.824,-33.416,33.416,1
1785989181,841916504,90.884,3.287,94.064,0.0,33.416,1
1785989181,908749512,91.872,2.211,93.983,0.0,33.417,1
1785989181,975583740,94.784,2.098,96.785,0.0,33.418,1
1785989182,42419434,113.341,2.682,115.9,0.0,33.418,1
1785989182,75837646,143.208,4.548,147.397,0.0,66.837,1
1785989182,142675049,130.458,2.139,132.483,0.0,66.839,1
1785989182,209513916,125.339,2.779,127.992,0.0,66.84,1
1785989182,276354004,126.051,2.626,128.565,0.0,66.841,1
1785989182,343195313,126.136,3.706,129.606,0.0,66.843,1
1785989182,410037842,122.162,3.155,125.165,0.0,66.844,1
1785989182,476881836,97.273,2.402,99.558,0.0,33.422,1
1785989182,543726807,95.527,2.365,97.788,0.0,33.423,1
1785989182,610573242,93.802,2.229,95.927,0.0,33.424,1
1785989182,677419434,90.465,2.262,92.61,0.0,33.331,1
1785989182,744081299,89.864,2.281,91.937,0.0,33.331,1
1785989182,810742188,89.84,2.169,91.907,0.0,33.33,1
1785989182,877402344,87.351,2.276,89.53,33.33,33.33,1
1785989182,944061523,90.88,2.565,93.341,0.0,33.329,1
1785989183,10719727,95.789,5.551,101.223,0.0,33.329,1
1785989183,77376953,136.101,11.02,143.549,0.0,66.656,1
1785989183,144033203,129.408,7.715,136.991,0.0,66.656,1
1785989183,210688721,112.049,3.241,115.157,0.0,33.327,1
1785989183,277343018,94.407,2.142,96.448,0.0,33.327,1
1785989183,343996582,91.058,2.17,93.121,0.0,33.326,1
1785989183,410649170,90.473,2.241,92.613,33.326,33.326,1
1785989183,477300781,91.728,2.108,93.734,0.0,0.0,1
1785989183,543951416,96.796,2.52,99.207,0.0,33.325,1
1785989183,577276367,124.52,2.245,126.652,0.0,66.649,1
1785989183,643925781,102.276,3.486,105.482,0.0,33.325,1
1785989183,677250488,123.985,2.706,126.565,0.0,66.746,1
1785989183,743996582,114.702,5.783,120.348,0.0,33.373,1
1785989183,777369873,130.709,11.33,141.575,0.0,66.748,1
1785989183,844117920,113.596,3.231,116.682,0.0,33.374,1
1785989183,877492188,131.37,15.032,146.257,0.0,66.75,1
1785989183,944242188,105.245,3.708,108.809,0.0,33.375,1
1785989184,77745850,119.792,2.136,121.824,0.0,66.754,1
1785989184,111122559,127.633,2.686,130.167,0.0,66.755,1
1785989184,177877197,128.229,4.407,131.022,0.0,66.756,1
1785989184,244632813,127.782,3.408,131.077,0.0,66.757,1
1785989184,311389893,115.194,5.775,120.717,0.0,33.379,1
1785989184,344769043,143.771,2.092,145.757,0.0,66.759,1
1785989184,411528076,125.506,2.092,127.498,0.0,66.76,1
1785989184,478288574,124.348,2.995,127.228,0.0,66.762,1
1785989184,545050293,99.157,2.432,101.485,0.0,33.381,1
1785989184,611813477,97.226,2.401,99.51,0.0,33.382,1
1785989184,678577148,90.741,2.247,92.886,33.343,33.343,1
1785989184,745261963,93.379,2.168,95.443,0.0,33.342,1
1785989184,811946045,89.994,2.336,92.208,0.0,33.342,1
1785989184,878629639,87.696,2.252,89.844,-33.342,-33.342,1
1785989184,945312744,87.518,2.179,89.594,0.0,0.0,1
1785989185,11995117,93.863,2.07,95.827,0.0,33.341,1
1785989185,78677002,113.748,6.44,120.029,0.0,33.341,1
1785989185,112017822,142.011,3.817,145.706,0.0,66.681,1
1785989185,178698730,134.197,3.984,138.034,0.0,66.68,1
1785989185,212039063,152.427,5.291,157.597,0.0,66.68,1
1785989185,278718994,133.098,11.203,144.176,0.0,66.68,1
1785989185,345398682,124.5,3.185,127.557,0.0,66.679,1
1785989185,412077393,102.312,2.663,104.848,0.0,33.339,1
1785989185,445416748,126.598,2.454,128.942,0.0,66.678,1
1785989185,512094727,96.744,2.125,98.765,0.0,33.339,1
1785989185,578772217,92.733,2.182,94.73,0.0,33.338,1
1785989185,645448975,92.615,2.287,94.783,0.0,33.339,1
1785989185,712124268,94.695,3.035,96.833,0.0,33.336,1
1785989185,812133057,89.406,2.178,91.477,0.0,33.336,1
1785989185,878804688,89.997,2.245,92.135,33.335,33.335,1
1785989185,945475586,94.665,2.348,96.902,0.0,33.335,1
1785989186,45480469,109.406,2.606,111.853,0.0,33.334,1
1785989186,78814941,134.422,5.151,139.386,0.0,66.669,1
1785989186,145483643,119.287,3.244,122.411,0.0,0.0,1
1785989186,178817627,155.737,2.606,158.232,-33.334,100.001,1
1785989186,278818604,121.235,3.585,124.694,0.0,66.667,1
1785989186,345485107,120.281,2.118,122.288,0.0,33.333,1
1785989186,378818115,128.542,2.544,130.967,0.0,66.665,1
1785989186,445483398,124.755,2.541,126.785,0.0,66.665,1
1785989186,512147949,105.769,3.588,109.22,0.0,33.332,1
1785989186,545479980,130.525,8.067,138.465,0.0,66.663,1
1785989186,612143311,111.367,13.801,125.058,0.0,33.332,1
1785989186,645474854,129.44,2.735,132.059,0.0,66.671,1
1785989186,712146240,102.897,3.452,106.173,0.0,33.339,1
1785989186,778824951,96.241,2.179,98.308,0.0,33.339,1
1785989186,845503174,94.191,2.215,96.3,0.0,33.339,1
1785989186,912180664,89.823,2.102,91.824,33.338,33.338,1
1785989186,978857422,93.626,2.274,95.796,0.0,33.338,1
1785989187,78871582,117.56,6.54,123.974,0.0,33.338,1
1785989187,112209229,140.222,2.495,142.581,0.0,66.675,1
1785989187,178884277,131.04,2.097,133.039,0.0,66.674,1
1785989187,245558350,132.541,3.476,135.894,0.0,66.674,1
1785989187,312232178,126.168,5.213,131.259,0.0,66.673,1
1785989187,378905029,105.108,6.923,111.896,0.0,33.336,1
1785989187,412241211,132.858,2.556,135.286,0.0,66.672,1
1785989187,478913330,124.798,4.521,128.974,0.0,66.671,1
1785989187,545584717,115.406,2.393,117.666,0.0,0.0,1
1785989187,578920166,135.622,4.782,139.933,-33.335,66.67,1
1785989187,645590576,127.883,2.9,130.656,0.0,66.683,1
1785989187,712273682,111.89,2.589,114.367,0.0,33.49,1
1785989187,745763916,133.006,2.715,135.592,0.0,66.985,1
1785989187,812748535,117.014,3.021,119.897,0.0,33.494,1
1785989187,846242676,131.258,3.358,134.482,0.0,66.992,1
1785989187,913234863,114.704,3.076,117.651,0.0,33.498,1
1785989187,946732910,130.323,2.92,133.015,0.0,67.0,1
1785989188,13733154,135.126,2.512,137.52,0.0,67.005,1
1785989188,80738525,123.796,2.668,126.337,0.0,33.504,1
1785989188,114242920,160.437,4.332,164.654,0.0,100.522,1
1785989188,181256104,160.058,2.776,162.657,0.0,100.53,1
1785989188,281785645,104.871,8.903,113.335,0.0,33.512,1
1785989188,315297852,132.705,5.558,138.128,0.0,67.029,1
1785989188,382326660,124.176,2.572,126.63,0.0,67.034,1
1785989188,449360596,105.016,13.237,118.139,0.0,33.519,1
1785989188,482879639,122.732,2.091,124.714,0.0,67.042,1
1785989188,549921387,119.576,3.314,122.664,0.0,67.047,1
1785989188,616968262,98.463,3.023,101.356,0.0,33.525,1
1785989188,650493652,124.15,5.02,129.027,0.0,67.051,1
1785989188,717544434,110.749,7.907,118.527,0.0,33.341,1
1785989188,750885742,121.805,2.834,124.44,0.0,66.682,1
1785989188,817567627,112.179,2.376,114.435,0.0,66.681,1
1785989188,850908447,124.252,2.499,126.627,0.0,66.681,1
1785989188,917589600,108.922,2.121,110.945,0.0,33.34,1
1785989189,17610107,84.672,2.295,86.801,-33.34,-33.34,1
1785989189,84289795,107.234,4.99,111.956,0.0,33.34,1
1785989189,150968994,109.524,2.09,111.52,0.0,33.339,1
1785989189,250986572,87.919,2.135,89.951,33.339,33.339,1
1785989189,317664307,91.432,2.49,93.808,0.0,33.339,1
1785989189,351002930,120.255,2.732,122.865,0.0,66.677,1
1785989189,417679688,95.057,2.684,97.62,0.0,33.338,1
1785989189,484355957,89.898,2.477,92.273,0.0,33.338,1
1785989189,551031494,88.834,2.472,91.191,0.0,33.338,1
1785989189,617706787,86.549,2.253,88.697,33.337,33.337,1
1785989189,684381104,88.109,2.24,90.244,0.0,33.338,1
1785989189,751061279,87.841,2.31,90.049,0.0,33.343,1
1785989189,817745850,87.172,2.218,89.286,0.0,33.342,1
1785989189,884429932,86.804,2.167,88.853,33.342,33.342,1
1785989189,951113281,86.639,2.103,88.641,-33.342,33.342,1
1785989190,17796143,91.475,2.527,93.892,0.0,33.341,1
1785989190,117819580,109.581,2.398,111.866,0.0,33.341,1
1785989190,151160400,147.047,2.59,149.516,0.0,66.681,1
1785989190,217841553,136.107,3.65,139.637,0.0,66.681,1
1785989190,284522217,122.353,2.278,124.503,0.0,66.68,1
1785989190,351202393,118.978,2.527,121.393,0.0,66.68,1
1785989190,417882080,108.344,3.181,111.384,0.0,33.34,1
1785989190,451221680,129.38,8.701,137.94,0.0,66.679,1
1785989190,517900391,120.949,3.937,124.746,0.0,66.678,1
1785989190,584578613,104.666,2.317,106.873,0.0,0.0,1
1785989190,617917725,127.142,2.117,129.156,33.339,66.677,1
1785989190,684594971,110.757,4.45,115.032,0.0,33.339,1
1785989190,717934082,133.154,3.491,136.377,0.0,66.683,1
1785989190,784617188,126.192,2.369,128.439,0.0,66.682,1
1785989190,851299561,120.619,3.219,123.533,0.0,66.682,1
1785989190,917981689,110.889,3.267,114.029,0.0,33.341,1
1785989190,951322266,126.419,3.929,130.22,0.0,66.681,1
1785989191,18003418,118.283,2.566,120.733,0.0,33.34,1
1785989191,84683838,139.491,2.521,141.887,0.0,66.68,1
1785989191,151363770,128.951,2.409,131.146,0.0,33.34,1
1785989191,218043213,121.86,2.617,124.352,-33.34,66.679,1
1785989191,284721924,113.277,2.524,115.667,0.0,33.339,1
1785989191,318061279,124.93,2.294,127.122,0.0,66.678,1
1785989191,384739258,122.091,2.572,124.561,0.0,33.339,1
1785989191,451416504,126.16,2.464,128.489,-33.339,66.677,1
1785989191,518093506,128.309,9.56,137.205,0.0,66.676,1
1785989191,584769775,121.826,3.679,124.644,0.0,66.676,1
1785989191,651445557,117.633,3.924,121.22,0.0,66.676,1
1785989191,718121338,97.886,10.366,108.115,0.0,33.341,1
1785989191,751461914,123.652,2.439,125.943,0.0,66.681,1
1785989191,818143066,110.221,4.852,114.517,0.0,33.34,1
1785989191,851483398,124.271,3.755,127.803,0.0,66.68,1
1785989191,918163574,114.027,2.247,116.152,0.0,0.0,1
1785989191,951503418,132.083,5.239,137.193,-33.34,66.679,1
1785989191,984843262,176.157,2.841,178.865,0.0,100.018,1
1785989192,84861572,158.748,3.692,161.976,0.0,100.017,1
1785989192,184878662,125.469,2.31,127.673,0.0,66.677,1
1785989192,251555908,93.331,2.499,95.634,0.0,33.338,1
1785989192,318232422,88.596,2.204,90.7,-33.338,33.338,1
1785989192,384908447,91.382,2.17,93.455,0.0,33.338,1
1785989192,451583984,88.72,3.151,91.771,0.0,33.338,1
1785989192,484921631,120.539,3.769,124.176,0.0,0.0,1
1785989192,551596191,110.272,3.345,113.401,33.337,33.337,1
1785989192,584933105,135.45,3.147,138.467,0.0,66.674,1
1785989192,651606934,123.761,2.429,126.07,0.0,66.674,1
1785989192,718280518,95.741,2.116,97.738,0.0,33.344,1
1785989192,784968018,90.491,2.269,92.657,0.0,33.344,1
1785989192,851654785,90.971,2.089,92.965,0.0,33.343,1
1785989192,918341064,90.646,2.245,92.779,0.0,33.343,1
1785989192,985027100,90.115,2.106,92.06,0.0,33.343,1
1785989193,51712402,96.325,6.379,101.421,0.0,33.343,1
1785989193,118397217,106.059,3.834,109.758,0.0,33.342,1
1785989193,151739502,137.933,3.284,141.057,0.0,66.684,1
1785989193,218423584,126.595,2.459,128.942,0.0,66.683,1
1785989193,285106934,99.133,2.9,101.913,0.0,33.342,1
1785989193,351790039,96.868,2.297,99.048,0.0,33.341,1
1785989193,451813721,89.99,2.347,92.226,0.0,33.341,1
1785989193,485154785,121.795,3.003,124.682,0.0,33.341,1
1785989193,551836182,93.946,2.36,96.203,33.341,33.341,1
1785989193,618517334,91.845,2.17,93.867,0.0,33.34,1
1785989193,685197754,91.005,2.215,93.11,0.0,33.341,1
1785989193,751878906,90.978,2.099,92.976,0.0,33.34,1
1785989193,818559570,91.23,2.303,93.427,-33.34,33.34,1
1785989193,885239746,91.446,2.363,93.706,0.0,33.34,1
1785989193,951919434,91.9,2.343,94.123,0.0,33.34,1
1785989194,18598389,91.513,2.386,93.789,0.0,33.339,1
1785989194,85276855,109.833,3.088,112.811,0.0,33.339,1
1785989194,118615967,133.795,2.946,136.631,0.0,33.339,1
1785989194,185293457,128.223,2.56,130.672,33.338,66.677,1
1785989194,218631836,139.672,3.743,143.275,0.0,66.677,1
1785989194,318646729,96.221,7.399,103.5,0.0,33.338,1
1785989194,385322510,95.677,2.222,97.784,0.0,33.338,1
1785989194,451997559,99.371,2.614,101.757,0.0,33.337,1
1785989194,485334961,130.896,2.635,133.4,0.0,66.674,1
1785989194,552009277,124.228,4.433,128.544,0.0,66.674,1
1785989194,618682861,108.432,2.312,110.607,0.0,33.337,1
1785989194,652019531,156.449,2.32,158.657,0.0,100.093,1
1785989194,752112549,116.519,2.345,118.748,0.0,33.42,1
1785989194,818953369,114.55,3.213,117.649,0.0,33.421,1
1785989194,852374512,123.313,2.287,125.484,0.0,33.421,1
1785989194,919217529,94.281,2.201,96.379,-33.422,33.422,1
1785989194,986062012,92.924,2.114,94.873,0.0,33.423,1
1785989195,52907959,95.684,2.454,98.028,0.0,33.423,1
1785989195,86331299,134.872,4.567,139.324,0.0,66.848,1
1785989195,153179443,150.55,2.856,153.261,0.0,66.85,1
1785989195,220029053,135.061,2.611,137.553,0.0,66.851,1
1785989195,286879883,122.713,3.366,125.968,0.0,66.852,1
1785989195,353732178,121.578,5.522,126.965,0.0,66.854,1
1785989195,420586182,121.187,2.834,123.896,0.0,66.855,1
1785989195,487441406,119.231,2.711,121.822,0.0,66.857,1
1785989195,554298096,108.125,5.021,112.987,0.0,33.429,1
1785989195,587727051,128.133,3.562,131.552,0.0,66.859,1
1785989195,654585938,119.664,2.581,122.116,0.0,66.859,1
1785989195,721444580,105.157,2.993,108.025,0.0,33.333,1
1785989195,754777100,128.482,2.86,131.221,0.0,33.333,1
1785989195,788109619,156.776,3.131,159.793,0.0,99.996,1
1785989195,888105713,105.029,4.141,109.044,0.0,33.332,1
1785989195,921437256,128.658,2.553,130.987,0.0,66.663,1
1785989195,988099854,102.687,5.092,107.661,0.0,33.331,1
1785989196,54761475,112.991,3.531,116.384,0.0,33.331,1
1785989196,88092041,140.303,2.248,142.433,0.0,66.66,1
1785989196,154752441,129.672,2.238,131.801,0.0,66.659,1
1785989196,221411865,125.716,2.246,127.855,0.0,66.659,1
1785989196,288070557,112.77,2.209,114.876,0.0,33.329,1
1785989196,321399414,125.002,2.086,126.983,0.0,66.657,1
1785989196,388056641,109.815,3.692,113.301,0.0,0.0,1
1785989196,421385010,134.137,3.356,137.336,33.328,66.656,1
1785989196,488041016,123.821,2.255,125.962,0.0,66.655,1
1785989196,554696045,123.057,3.161,125.999,0.0,66.654,1
1785989196,621350098,111.644,2.02,113.57,0.0,33.327,1
1785989196,654677002,128.786,3.063,131.681,0.0,66.654,1
1785989196,721330566,127.067,2.387,129.328,0.0,66.666,1
1785989196,787996338,102.503,3.919,106.053,0.0,33.333,1
1785989196,854661377,92.197,2.164,94.257,0.0,33.332,1
1785989196,921325684,91.305,2.169,93.372,0.0,33.332,1
1785989196,987988770,91.555,2.279,93.732,0.0,33.331,1
1785989197,54651123,106.098,2.684,108.629,0.0,33.331,1
1785989197,87982178,128.415,2.421,130.728,0.0,66.661,1
1785989197,121312744,159.805,2.271,161.948,0.0,99.991,1
1785989197,221303467,122.967,2.556,125.392,0.0,66.659,1
1785989197,287962891,111.395,2.855,114.125,0.0,33.329,1
1785989197,321292236,132.088,3.232,135.185,0.0,66.658,1
1785989197,387950195,116.762,3.861,120.493,0.0,33.329,1
1785989197,421278809,155.288,2.145,157.328,0.0,99.985,1
1785989197,521263672,103.581,2.698,106.168,0.0,33.328,1
1785989197,554591553,131.906,2.064,133.872,0.0,66.655,1
1785989197,621246582,122.806,2.659,125.345,0.0,33.327,1
1785989197,687900635,96.219,2.134,98.241,-33.327,33.327,1
1785989197,754613525,91.172,2.157,93.224,0.0,33.386,1
1785989197,821385742,89.248,2.583,91.721,-33.386,33.386,1
1785989197,888159424,92.334,2.173,94.406,0.0,33.387,1
1785989197,954934814,92.385,2.267,94.548,0.0,33.388,1
1785989198,21711914,95.778,12.336,107.991,0.0,33.389,1
1785989198,88490723,125.558,6.944,132.375,0.0,66.78,1
1785989198,121880615,156.429,4.711,160.954,0.0,100.172,1
1785989198,222052979,127.023,2.448,129.341,0.0,66.784,1
1785989198,288836670,124.877,16.334,141.058,0.0,66.785,1
1785989198,355622070,120.651,2.447,122.977,0.0,66.787,1
1785989198,422409180,94.913,2.343,97.15,0.0,33.394,1
1785989198,489197754,91.28,2.359,93.536,0.0,33.395,1
1785989198,555988037,91.227,2.736,93.823,0.0,33.396,1
1785989198,589384033,122.327,3.77,125.968,0.0,66.793,1
1785989198,656176758,125.816,2.273,127.981,0.0,66.793,1
1785989198,722970215,100.805,4.94,105.611,0.0,33.34,1
1785989198,789650635,93.515,2.077,95.497,0.0,33.34,1
1785989198,856330322,89.797,2.386,92.074,0.0,33.34,1
1785989198,923009277,91.395,2.23,93.462,0.0,33.339,1
1785989198,989687744,91.738,2.219,93.851,0.0,33.339,1
1785989199,56365723,97.337,2.699,99.924,0.0,0.0,1
1785989199,89704346,131.725,5.483,137.08,-33.339,33.339,1
1785989199,156381348,121.272,5.521,126.676,0.0,66.676,1
1785989199,223057617,106.089,5.508,111.474,0.0,33.338,1
1785989199,256395752,124.687,2.26,126.812,0.0,66.675,1
1785989199,323071045,96.826,2.616,99.323,0.0,33.338,1
1785989199,389746094,93.984,2.232,96.114,0.0,33.337,1
1785989199,456420166,93.079,2.277,95.254,0.0,33.337,1
1785989199,523093994,93.895,2.31,96.1,0.0,33.337,1
1785989199,589767090,89.177,2.288,91.341,0.0,33.336,1
1785989199,656439453,89.238,2.221,91.353,-33.336,33.336,1
1785989199,723112061,88.489,2.109,90.501,0.0,33.339,1
1785989199,789790771,89.599,2.263,91.761,0.0,33.339,1
1785989199,856468750,88.452,2.013,90.37,-33.339,33.339,1
1785989199,923146484,90.752,2.419,93.064,0.0,33.338,1
1785989199,989823242,91.157,2.161,93.216,0.0,33.338,1
1785989200,56499512,123.346,3.743,126.849,0.0,66.676,1
1785989200,123175049,109.283,4.37,113.536,0.0,33.338,1
1785989200,223187256,110.455,4.586,114.879,0.0,33.337,1
1785989200,256524414,128.901,2.88,131.644,0.0,66.674,1
1785989200,289861328,158.526,2.249,160.652,0.0,100.01,1
1785989200,389871094,96.354,2.41,98.652,0.0,33.336,1
1785989200,456543457,93.897,2.305,96.101,0.0,33.336,1
1785989200,556551025,92.803,2.127,94.83,0.0,33.335,1
1785989200,623221924,90.03,2.694,92.563,0.0,33.335,1
1785989200,656557129,126.028,2.453,128.36,0.0,66.67,1
1785989200,723227295,112.033,3.408,115.326,0.0,33.343,1
1785989200,756570068,133.59,3.878,137.333,0.0,66.685,1
1785989200,789912598,158.495,2.251,160.635,0.0,100.027,1
1785989200,889939209,96.248,2.202,98.267,0.0,33.342,1
1785989200,956623047,93.529,2.136,95.56,0.0,33.342,1
1785989201,23306641,102.415,7.107,109.39,0.0,33.342,1
1785989201,89989502,101.687,5.51,107.076,0.0,33.341,1
1785989201,156672119,101.555,2.376,103.768,0.0,33.341,1
1785989201,223354004,102.541,3.548,105.937,0.0,33.341,1
1785989201,290035645,92.096,2.192,94.185,0.0,33.341,1
1785989201,356716797,90.128,2.12,92.145,0.0,33.34,1
1785989201,423397461,92.382,2.219,94.497,0.0,33.34,1
1785989201,490077637,93.285,3.201,96.373,33.34,33.34,1
1785989201,556757324,90.894,2.224,93.019,0.0,33.34,1
1785989201,623436523,94.005,2.73,96.608,0.0,33.339,1
1785989201,656775879,126.386,2.433,128.699,0.0,66.679,1
1785989201,723454834,103.17,3.946,106.976,0.0,0.0,1
1785989201,756795654,127.845,2.309,130.041,33.341,66.681,1
1785989201,823476563,97.53,2.468,99.881,0.0,33.34,1
1785989201,890156982,92.361,2.22,94.48,-33.34,33.34,1
1785989201,956836914,93.542,2.113,95.549,0.0,33.34,1
1785989202,23516113,93.443,2.294,95.625,33.339,33.339,1
1785989202,56855469,137.391,5.201,142.437,0.0,66.678,1
1785989202,123533936,131.74,2.504,134.082,0.0,66.678,1
1785989202,190211670,123.351,2.034,125.284,0.0,66.677,1
1785989202,256888916,108.795,6.79,115.457,0.0,33.338,1
1785989202,290227295,133.532,4.289,137.679,0.0,66.676,1
1785989202,356903564,124.967,3.154,127.995,0.0,66.676,1
1785989202,423579102,106.381,10.47,116.704,0.0,33.338,1
1785989202,456916748,127.352,3.298,130.519,0.0,66.675,1
1785989202,523591553,119.791,2.56,122.245,0.0,66.674,1
1785989202,590265869,103.151,10.022,113.048,0.0,33.337,1
1785989202,623602783,121.12,2.552,123.559,0.0,66.673,1
1785989202,690276123,103.482,7.785,111.149,0.0,33.337,1
1785989202,756954590,99.488,4.683,104.04,0.0,33.342,1
1785989202,823637939,94.657,2.227,96.781,0.0,33.341,1
1785989202,890320557,93.223,2.191,95.309,0.0,33.341,1
1785989202,957002686,92.475,2.219,94.589,0.0,33.341,1
1785989203,90365234,98.917,2.371,101.168,0.0,33.34,1
1785989203,157045654,99.061,2.389,101.331,0.0,33.34,1
1785989203,223725586,119.885,2.815,122.589,-33.34,33.34,1
1785989203,257065430,134.436,3.196,137.435,0.0,66.679,1
1785989203,323744629,123.818,2.761,126.449,0.0,66.679,1
1785989203,390423340,116.077,2.788,118.747,0.0,66.678,1
1785989203,423762451,138.712,5.916,144.503,-33.339,66.678,1
1785989203,490440430,125.234,2.777,127.879,0.0,66.677,1
1785989203,557117676,122.197,2.591,124.664,0.0,33.338,1
1785989203,590456055,124.039,2.302,126.169,0.0,66.677,1
1785989203,690470703,106.984,2.146,109.019,0.0,0.0,1
1785989203,757273193,104.191,3.308,107.291,0.0,33.465,1
1785989203,824204102,97.572,2.293,99.753,0.0,33.467,1
1785989203,891138916,93.392,2.273,95.565,0.0,33.469,1
1785989203,958077637,88.984,2.07,90.952,-33.47,33.471,1
1785989204,25020264,105.023,2.457,107.222,-33.472,33.473,1
1785989204,58492920,134.423,2.132,136.442,0.0,66.948,1
1785989204,125440918,128.753,3.792,132.411,0.0,66.952,1
1785989204,192393066,131.712,3.357,134.834,0.0,66.956,1
1785989204,259348633,124.246,2.61,126.726,0.0,66.96,1
1785989204,326308350,114.602,2.912,117.389,0.0,33.481,1
1785989204,359789551,136.365,4.011,140.222,0.0,33.482,1
1785989204,426754883,127.663,2.455,129.919,-33.483,66.969,1
1785989204,493723877,121.537,2.584,124.013,0.0,66.973,1
1785989204,560696777,110.823,3.143,113.828,0.0,33.488,1
1785989204,594184570,128.501,2.93,131.304,0.0,33.489,1
1785989204,661163330,121.96,2.911,124.736,-33.49,66.979,1
1785989204,728142578,108.666,2.801,111.346,0.0,33.34,1
1785989204,794823242,108.181,2.694,110.756,0.0,33.34,1
1785989204,828163330,132.911,5.115,137.824,0.0,66.68,1
1785989204,894843018,119.904,2.928,122.582,0.0,66.679,1
1785989204,961522217,99.341,7.635,105.539,0.0,33.339,1
1785989204,994861572,120.497,6.85,127.226,0.0,33.339,1
1785989205,28200684,171.097,10.841,181.773,0.0,100.017,1
1785989205,94878662,158.914,3.144,161.949,0.0,100.016,1
1785989205,228232910,98.041,3.594,101.511,0.0,33.338,1
1785989205,261571045,124.006,2.366,126.253,0.0,66.676,1
1785989205,328246826,95.575,10.393,105.767,0.0,33.338,1
1785989205,394922119,94.887,2.709,97.481,-33.337,33.337,1
1785989205,461596924,90.104,2.172,92.176,0.0,33.337,1
1785989205,528270996,88.366,2.334,90.599,0.0,0.0,1
1785989205,594944336,104.376,6.481,110.708,0.0,33.337,1
1785989205,628281006,124.509,2.245,126.644,0.0,66.673,1
1785989205,694953613,124.247,2.398,126.538,0.0,66.68,1
1785989205,761633789,118.029,2.335,120.255,0.0,66.687,1
1785989205,828321045,118.217,2.428,120.531,0.0,33.343,1
1785989205,895007568,104.56,4.069,108.429,0.0,33.343,1
1785989205,928350586,123.08,2.537,125.499,0.0,33.343,1
1785989205,995036621,104.657,2.866,107.411,0.0,33.343,1
1785989206,28379150,133.109,3.401,136.327,0.0,66.685,1
1785989206,95064453,134.158,3.862,137.876,0.0,66.685,1
1785989206,161749023,119.423,2.424,121.732,0.0,66.684,1
1785989206,228433105,118.942,2.462,121.273,0.0,66.684,1
1785989206,261774902,124.668,2.222,126.787,0.0,66.683,1
1785989206,361799805,88.211,2.02,90.127,0.0,0.0,1
1785989206,428482422,89.66,2.238,91.783,0.0,33.341,1
1785989206,495164551,89.042,2.098,91.04,0.0,33.341,1
1785989206,561846436,89.952,2.231,92.081,0.0,33.341,1
1785989206,628527588,101.521,3.006,104.338,0.0,0.0,1
1785989206,695208252,105.679,3.084,108.638,0.0,33.341,1
1785989206,728548828,126.221,2.964,129.051,0.0,33.341,1
1785989206,795231201,111.116,3.733,114.717,-33.341,33.341,1
1785989206,861913086,112.644,2.38,114.916,0.0,66.681,1
1785989206,895253906,131.383,4.65,135.811,0.0,66.681,1
1785989206,928594482,153.926,2.145,155.971,0.0,100.021,1
1785989206,995275146,138.216,3.097,141.207,0.0,66.68,1
1785989207,61955322,136.029,4.219,140.123,0.0,66.68,1
1785989207,128635010,130.341,3.023,133.243,0.0,66.679,1
1785989207,195313965,128.23,3.065,131.171,0.0,66.678,1
1785989207,261992432,124.14,2.687,126.699,0.0,66.678,1
1785989207,328670410,111.316,5.777,116.961,0.0,33.339,1
1785989207,362009033,121.247,2.702,123.832,0.0,66.677,1
1785989207,428686035,104.375,10.622,114.871,0.0,33.338,1
1785989207,462024414,120.584,2.086,122.572,0.0,33.338,1
1785989207,528700684,112.686,2.535,115.104,33.338,33.338,1
1785989207,562038330,123.264,5.537,128.674,0.0,66.676,1
1785989207,628713867,100.187,3.078,103.078,0.0,33.337,1
1785989207,695388428,114.557,3.527,117.944,0.0,33.338,1
1785989207,728726074,132.514,3.796,136.182,0.0,66.775,1
1785989207,795501465,124.584,2.695,127.147,0.0,66.837,1
1785989207,862338867,108.965,2.901,111.678,0.0,33.419,1
1785989207,929177734,97.215,2.545,99.642,0.0,33.42,1
1785989207,996017822,93.105,2.137,95.133,0.0,33.421,1
1785989208,62859375,130.526,2.861,133.134,-33.421,66.843,1
1785989208,129702393,127.081,3.04,129.975,0.0,66.844,1
1785989208,196546875,112.302,2.836,115.018,0.0,33.423,1
1785989208,229969482,132.169,5.171,137.221,0.0,66.846,1
1785989208,296815918,121.548,5.529,126.938,0.0,66.848,1
1785989208,363663818,108.09,2.849,110.812,0.0,33.425,1
1785989208,397088379,129.195,5.211,134.286,0.0,66.85,1
1785989208,463938232,112.691,2.115,114.708,0.0,33.426,1
1785989208,497363770,124.689,2.256,126.839,0.0,66.852,1
1785989208,597642334,89.815,2.206,91.921,0.0,33.427,1
1785989208,664496582,93.993,3.265,97.123,0.0,33.427,1
1785989208,697924072,125.506,2.116,127.521,0.0,66.855,1
1785989208,764778809,117.637,3.305,120.823,0.0,66.67,1
1785989208,831448975,94.721,3.336,97.951,0.0,33.335,1
1785989208,864783936,119.211,2.791,121.87,0.0,66.669,1
1785989208,931453125,101.933,4.336,106.153,0.0,33.334,1
1785989208,964787354,123.459,13.868,137.185,0.0,66.668,1
1785989209,31455566,102.505,2.807,105.197,0.0,0.0,1
1785989209,64789307,137.016,2.846,139.748,33.333,66.667,1
1785989209,131456055,133.272,3.315,136.452,0.0,66.666,1
1785989209,198122314,123.014,2.29,125.191,0.0,66.665,1
1785989209,264787598,122.717,3.004,125.482,0.0,66.665,1
1785989209,331452148,108.447,6.671,114.968,0.0,33.332,1
1785989209,364784180,127.085,2.727,129.678,0.0,66.664,1
1785989209,431447754,120.243,2.302,122.427,0.0,66.663,1
1785989209,498110352,128.823,8.692,137.271,0.0,66.662,1
1785989209,531441406,128.63,4.677,133.188,0.0,66.662,1
1785989209,598103027,122.745,3.038,125.669,0.0,66.661,1
1785989209,664763916,120.29,2.687,122.853,0.0,66.66,1
1785989209,731423828,92.729,2.429,95.055,0.0,33.331,1
1785989209,798101318,88.699,2.381,90.977,0.0,33.347,1
1785989209,864794922,91.077,2.777,93.751,0.0,33.347,1
1785989209,898141602,118.332,2.48,120.702,0.0,33.346,1
1785989209,964834473,113.864,5.922,119.648,0.0,33.346,1
1785989209,998180664,138.289,9.6,147.75,0.0,66.692,1
1785989210,64872803,138.426,5.471,143.54,0.0,33.346,1
1785989210,131564453,131.167,5.021,135.835,0.0,33.346,1
1785989210,198255615,126.172,2.332,128.399,-33.345,66.691,1
1785989210,264946289,122.547,2.539,124.96,0.0,66.69,1
1785989210,331636475,104.611,3.229,107.509,0.0,33.345,1
1785989210,364981201,127.898,2.078,129.879,0.0,66.689,1
1785989210,431670654,120.067,2.295,122.262,0.0,66.689,1
1785989210,498359619,105.17,3.668,108.71,0.0,33.344,1
1785989210,531703857,125.725,2.988,128.552,0.0,33.344,1
1785989210,598391846,122.081,2.256,124.223,-33.344,33.344,1
1785989210,665079590,100.891,3.46,104.214,33.344,33.344,1
1785989210,698423096,121.748,2.333,123.96,0.0,66.687,1
1785989210,765110352,111.362,5.319,116.555,0.0,33.376,1
1785989210,798486572,132.761,3.958,136.505,0.0,66.753,1
1785989210,865239990,134.617,6.68,141.005,0.0,66.755,1
1785989210,931995117,126.094,2.225,128.21,0.0,66.756,1
1785989210,998751465,128.679,2.604,131.153,0.0,66.758,1
1785989211,65509033,126.557,3.442,129.523,0.0,33.38,1
1785989211,132268311,130.877,3.005,133.568,0.0,66.761,1
1785989211,199029053,121.095,2.977,123.944,0.0,66.762,1
1785989211,265791016,104.801,2.787,107.362,0.0,33.382,1
1785989211,299172607,130.309,2.625,132.789,0.0,66.764,1
1785989211,365936768,124.976,3.064,127.76,0.0,66.766,1
1785989211,432702393,97.05,2.948,99.871,0.0,33.384,1
1785989211,499469482,91.661,2.128,93.689,0.0,33.384,1
1785989211,566238037,89.24,2.147,91.287,0.0,33.385,1
1785989211,633008057,89.139,2.476,91.505,0.0,33.385,1
1785989211,699779297,89.357,2.42,91.67,-33.386,33.386,1
1785989211,766551514,85.508,2.135,87.541,0.0,0.0,1
1785989211,833282715,87.152,2.132,89.182,0.0,33.366,1
1785989211,900014160,87.216,2.753,89.859,0.0,33.365,1
1785989211,933379639,108.305,2.488,110.679,0.0,33.366,1
1785989211,966745361,127.946,5.578,133.375,0.0,66.731,1
1785989212,33476807,117.702,2.534,120.104,0.0,33.366,1
1785989212,66842529,164.693,10.232,174.793,0.0,100.097,1
1785989212,166939453,123.827,3.198,126.913,0.0,66.731,1
1785989212,233670898,116.166,5.839,121.838,0.0,33.366,1
1785989212,300402588,104.782,2.722,107.366,0.0,33.366,1
1785989212,333768311,121.684,2.322,123.888,0.0,33.366,1
1785989212,400499756,96.936,2.564,99.378,-33.366,33.366,1
1785989212,467231445,92.833,2.506,95.221,0.0,33.366,1
1785989212,533963135,88.454,2.2,90.551,0.0,33.366,1
1785989212,600694824,89.827,2.069,91.8,0.0,33.366,1
1785989212,667426514,89.225,2.346,91.456,0.0,33.366,1
1785989212,734158203,95.083,2.775,97.739,0.0,33.366,1
1785989212,800862061,91.817,2.104,93.819,0.0,33.338,1
1785989212,867537354,88.107,2.188,90.194,0.0,33.337,1
1785989212,934212158,92.934,2.374,95.192,0.0,33.337,1
1785989212,967549072,120.859,2.071,122.829,0.0,0.0,1
1785989213,34222900,102.786,3.722,106.393,33.336,33.336,1
1785989213,67559326,125.357,3.463,128.696,0.0,66.673,1
1785989213,134231934,123.611,2.545,126.004,0.0,66.672,1
1785989213,200903809,104.08,12.369,116.327,0.0,33.336,1
1785989213,234239502,127.204,2.398,129.491,0.0,66.671,1
1785989213,300910400,98.387,2.784,101.058,0.0,33.335,1
1785989213,367580566,106.655,2.158,108.695,0.0,33.335,1
1785989213,467584717,89.184,2.536,91.52,0.0,33.334,1
1785989213,534253174,90.014,2.343,92.255,0.0,33.334,1
1785989213,600920898,87.499,2.245,89.64,0.0,33.333,1
1785989213,667587891,87.476,2.117,89.495,0.0,33.333,1
1785989213,734254395,90.09,2.292,92.255,0.0,33.333,1
1785989213,767587891,125.352,2.159,127.411,0.0,66.684,1
1785989213,834272217,114.953,2.19,117.039,0.0,66.684,1
1785989213,934297852,91.19,5.815,96.87,33.342,33.342,1
1785989213,967639648,120.452,3.492,123.783,0.0,33.342,1
1785989214,34322510,96.158,6.47,102.516,33.341,33.341,1
1785989214,101005127,96.981,2.128,99.006,33.341,33.341,1
1785989214,167687256,94.838,2.213,96.945,0.0,33.341,1
1785989214,234368896,92.374,2.21,94.483,0.0,33.341,1
1785989214,334390625,86.286,2.495,88.679,33.34,33.34,1
1785989214,401071045,89.891,2.246,91.962,0.0,33.34,1
1785989214,467751221,87.136,2.095,89.132,-33.34,-33.34,1
1785989214,534430908,93.985,2.27,96.027,0.0,0.0,1
1785989214,601110107,90.861,2.202,92.959,0.0,33.34,1
1785989214,667788818,90.359,2.61,92.653,0.0,33.339,1
1785989214,734467285,91.009,2.262,93.169,0.0,33.339,1
1785989214,801144775,88.882,2.438,91.219,33.338,33.338,1
1785989214,867820313,91.553,2.155,93.608,0.0,33.337,1
1785989214,934495117,91.431,2.434,93.764,0.0,33.337,1
1785989214,967832275,108.41,4.27,112.547,0.0,33.337,1
1785989215,34506104,99.201,3.265,102.345,0.0,33.337,1
1785989215,67842773,144.363,5.601,149.836,0.0,66.673,1
1785989215,134515381,157.451,5.408,162.725,0.0,66.672,1
1785989215,201187500,139.868,3.845,143.343,0.0,66.671,1
1785989215,267858887,126.757,2.152,128.806,0.0,66.671,1
1785989215,334529785,99.45,9.483,108.821,0.0,33.335,1
1785989215,367864746,127.357,2.629,129.789,0.0,33.335,1
1785989215,434534424,111.525,5.393,116.802,-33.335,33.335,1
1785989215,501203369,97.422,2.641,99.814,-33.334,33.334,1
1785989215,567871826,95.404,2.166,97.474,0.0,33.334,1
1785989215,634539307,91.319,2.058,93.281,0.0,33.333,1
1785989215,701206299,90.999,2.103,92.998,0.0,33.333,1
1785989215,767873047,91.828,2.25,93.977,0.0,33.346,1
1785989215,834565186,89.535,2.492,91.852,0.0,33.346,1
1785989215,901257080,96.111,2.291,98.282,33.346,33.346,1
1785989215,934602783,121.516,2.596,124.002,0.0,66.691,1
1785989216,1293701,126.135,4.129,130.154,0.0,66.69,1
1785989216,34638916,148.181,3.567,151.631,0.0,66.69,1
1785989216,101329346,122.018,2.667,124.461,0.0,66.69,1
1785989216,201363770,98.405,2.608,100.891,0.0,33.345,1
1785989216,234708496,120.154,2.404,122.392,0.0,66.689,1
1785989216,268052979,157.375,2.709,159.955,0.0,100.032,1
1785989216,368085449,100.39,2.963,103.228,0.0,33.344,1
1785989216,434773438,116.91,2.225,119.022,0.0,33.344,1
1785989216,468117188,125.38,2.321,127.588,0.0,66.687,1
1785989216,534804443,96.572,2.489,98.944,0.0,33.343,1
1785989216,601490967,92.597,2.366,94.824,0.0,33.343,1
1785989216,668177246,91.962,2.344,94.193,0.0,33.343,1
1785989216,734862793,90.144,2.022,92.071,0.0,33.343,1
1785989216,801543213,89.098,2.118,91.114,33.337,33.337,1
1785989216,868217041,89.684,2.197,91.692,-33.337,33.337,1
1785989216,934890381,91.055,2.213,93.167,0.0,33.336,1
1785989217,1562988,93.903,2.901,96.673,0.0,33.336,1
1785989217,34898926,129.615,3.001,132.346,0.0,66.672,1
1785989217,101570557,123.075,3.397,126.341,0.0,33.335,1
1785989217,134906006,156.066,2.532,158.484,0.0,100.005,1
1785989217,234911377,120.642,2.647,123.181,0.0,66.669,1
1785989217,301580566,110.948,2.527,113.367,0.0,33.334,1
1785989217,334915039,139.108,6.487,145.455,0.0,66.668,1
1785989217,401583252,103.999,2.323,106.211,0.0,33.334,1
1785989217,468250732,114.332,2.076,116.312,0.0,66.667,1
1785989217,501584229,133.485,3.047,136.212,0.0,66.667,1
1785989217,568250732,126.01,2.298,128.195,0.0,66.666,1
1785989217,634916504,111.992,2.94,114.801,0.0,33.333,1
1785989217,668249023,135.531,3.124,138.532,0.0,66.665,1
1785989217,734913818,127.534,3.474,129.871,0.0,66.67,1
1785989217,801583740,98.404,2.666,100.953,0.0,33.337,1
1785989217,868258057,93.013,2.124,95.023,0.0,33.337,1
1785989217,934931885,90.256,2.189,92.328,33.336,33.336,1
1785989218,1604736,97.288,2.353,99.513,0.0,0.0,1
1785989218,34940918,133.767,3.286,136.845,-33.336,33.336,1
1785989218,68277100,155.81,3.497,159.191,0.0,100.007,1
1785989218,168284180,124.56,3.103,127.479,0.0,66.67,1
1785989218,234954590,124.359,3.133,127.336,0.0,66.67,1
1785989218,301624512,97.042,2.703,99.625,0.0,33.335,1
1785989218,368293701,94.385,2.267,96.549,0.0,33.334,1
1785989218,434961914,91.261,2.577,93.73,0.0,33.334,1
1785989218,501629639,92.823,2.339,95.06,0.0,33.333,1
1785989218,568296631,90.065,2.329,92.292,0.0,33.333,1
1785989218,634962891,91.011,2.148,93.062,0.0,33.333,1
1785989218,701628418,93.804,2.252,95.951,-33.333,33.333,1
1785989218,768293701,89.201,2.169,91.269,-33.333,-33.333,1
1785989218,834968262,93.347,4.272,97.514,0.0,33.337,1
1785989218,901642090,97.525,4.006,101.398,0.0,33.337,1
1785989218,934978760,107.355,6.694,113.887,0.0,33.336,1
1785989219,1651367,96.002,2.444,98.341,0.0,33.336,1
1785989219,68323486,109.955,4.157,113.764,0.0,33.336,1
1785989219,101659180,136.692,17.107,153.585,0.0,66.671,1
1785989219,168330322,126.665,2.933,129.461,0.0,66.67,1
1785989219,235000488,124.148,2.976,126.991,0.0,66.669,1
1785989219,301669922,99.919,2.349,102.095,0.0,33.334,1
1785989219,368338867,96.369,2.157,98.427,0.0,33.334,1
1785989219,435006836,102.105,6.54,107.43,0.0,33.334,1
1785989219,501674316,98.894,2.84,101.498,0.0,33.333,1
1785989219,568341064,95.114,2.167,97.179,0.0,33.333,1
1785989219,635007080,92.223,2.277,94.395,0.0,33.333,1
1785989219,701672119,91.536,2.508,93.908,-33.333,33.333,1
1785989219,768337158,95.301,1.995,97.195,0.0,33.401,1
1785989219,868542969,94.479,2.24,96.561,0.0,33.403,1
1785989219,935349609,93.331,2.099,95.334,0.0,33.404,1
1785989220,2158203,91.369,2.169,93.437,0.0,33.405,1
1785989220,68968994,100.154,2.55,102.523,0.0,33.406,1
1785989220,102375244,134.871,2.746,137.5,0.0,33.407,1
1785989220,169189209,137.653,7.383,144.909,0.0,66.816,1
1785989220,202596924,164.645,2.759,167.277,0.0,100.227,1
1785989220,302823486,107.448,2.627,109.962,0.0,33.41,1
1785989220,369644043,102.592,3.148,105.612,0.0,33.411,1
1785989220,469878418,90.156,2.711,92.76,0.0,33.413,1
1785989220,570117920,90.399,3.631,93.91,0.0,33.414,1
1785989220,603531982,119.531,3.226,122.605,0.0,66.83,1
1785989220,670362061,93.37,2.863,96.028,0.0,33.416,1
1785989220,737194092,94.778,3.338,97.848,0.0,33.415,1
1785989220,770609375,116.175,2.642,118.676,0.0,33.42,1
1785989220,804029541,124.098,2.266,126.262,0.0,66.841,1
1785989220,904292236,92.35,2.311,94.559,0.0,33.422,1
1785989220,971135742,89.372,2.271,91.542,0.0,33.422,1
1785989221,37980713,115.478,2.229,117.595,0.0,33.423,1
1785989221,104827393,110.651,2.536,113.064,-33.424,33.424,1
1785989221,171675293,98.472,2.178,100.547,0.0,33.425,1
1785989221,238524658,115.345,2.554,117.716,0.0,66.851,1
1785989221,271949951,130.395,7.48,137.736,0.0,66.852,1
1785989221,338801758,104.598,3.157,107.637,0.0,33.426,1
1785989221,405654785,98.854,2.381,101.136,0.0,33.427,1
1785989221,472509521,95.402,2.266,97.562,0.0,33.428,1
1785989221,539365479,92.036,2.421,94.352,0.0,33.429,1
1785989221,606223145,89.662,2.267,91.81,0.0,33.429,1
1785989221,673082031,89.124,2.316,91.332,0.0,33.43,1
1785989221,739942383,93.792,2.164,95.852,0.0,33.429,1
1785989221,806708008,88.765,2.424,91.082,0.0,33.336,1
1785989221,840044189,119.683,2.153,121.73,0.0,66.672,1
1785989221,906716064,128.56,2.404,130.843,0.0,66.671,1
1785989221,973387207,112.876,2.642,115.397,0.0,33.335,1
1785989222,6722656,139.067,3.735,142.69,0.0,66.67,1
1785989222,40057861,186.566,2.853,188.839,0.0,100.004,1
1785989222,140062256,158.26,12.33,170.431,0.0,100.003,1
1785989222,240064941,123.921,3.28,126.777,0.0,66.667,1
1785989222,306732422,109.117,4.335,113.334,0.0,33.334,1
1785989222,373399414,90.419,2.49,92.802,0.0,33.333,1
1785989222,440065430,90.678,2.253,92.83,0.0,33.333,1
1785989222,506730957,90.121,2.502,92.514,0.0,33.333,1
1785989222,573395752,89.201,2.265,91.364,0.0,33.332,1
1785989222,640059570,88.147,2.398,90.439,0.0,33.332,1
1785989222,706722900,91.853,2.242,93.993,0.0,33.331,1
1785989222,773385986,89.434,2.078,91.407,0.0,33.337,1
1785989222,840059326,88.682,2.094,90.676,0.0,33.336,1
1785989222,906731934,90.626,2.248,92.735,33.336,33.336,1
1785989222,973403809,86.477,2.158,88.531,-33.336,-33.336,1
1785989223,40074951,100.549,2.129,102.566,33.335,33.335,1
1785989223,73410156,151.301,2.754,153.924,0.0,66.67,1
1785989223,173415039,99.617,2.634,102.126,0.0,33.334,1
1785989223,206749512,120.656,4.472,125.008,0.0,33.334,1
1785989223,273418213,123.465,2.934,126.265,33.334,66.668,1
1785989223,340085938,115.041,2.286,117.2,0.0,66.667,1
1785989223,373419434,128.686,2.987,131.508,-33.333,66.667,1
1785989223,440086182,126.446,8.207,134.529,0.0,66.666,1
1785989223,506752197,120.785,3.296,123.951,0.0,66.665,1
1785989223,573417480,94.586,2.426,96.851,0.0,33.332,1
1785989223,640081787,90.408,2.139,92.444,0.0,33.332,1
1785989223,706745605,89.679,2.056,91.632,33.332,33.332,1
1785989223,773409180,91.179,2.184,93.203,-33.332,33.378,1
1785989223,840166260,91.298,2.007,93.208,-33.379,33.379,1
1785989223,906924805,90.07,2.142,92.111,-33.379,33.38,1
1785989223,973684814,90.789,2.144,92.83,0.0,33.381,1
1785989224,73827881,97.283,2.39,99.543,0.0,33.382,1
1785989224,107209473,125.572,2.923,128.367,0.0,66.765,1
1785989224,173974121,103.093,4.625,107.378,0.0,33.383,1
1785989224,207356934,123.165,2.763,125.827,0.0,66.767,1
1785989224,274123779,111.663,2.327,113.865,0.0,33.384,1
1785989224,340892090,92.628,2.162,94.689,0.0,33.385,1
1785989224,407661865,92.577,2.588,94.994,-33.385,33.385,1
1785989224,474433105,90.216,2.206,92.32,0.0,33.386,1
1785989224,541205811,88.036,2.41,90.334,-33.386,33.387,1
1785989224,607979980,89.601,2.166,91.665,0.0,33.388,1
1785989224,674755859,90.631,2.539,93.058,0.0,33.388,1
1785989224,741532959,92.058,2.141,94.099,0.0,33.389,1
1785989224,808264648,87.847,2.171,89.916,0.0,33.343,1
1785989224,874950439,89.852,2.261,92.013,0.0,33.343,1
1785989224,941635742,91.15,2.08,93.128,0.0,33.343,1
1785989225,8320557,91.719,2.34,93.938,0.0,33.342,1
1785989225,75004883,98.66,3.251,101.758,0.0,33.342,1
1785989225,108346924,124.536,2.607,127.01,0.0,33.342,1
1785989225,175030518,105.675,3.199,108.606,0.0,33.342,1
1785989225,208372070,118.536,2.77,121.198,0.0,66.683,1
1785989225,241713379,131.084,2.416,133.384,0.0,66.683,1
1785989225,341737061,92.337,2.13,94.368,0.0,33.341,1
1785989225,408418945,87.89,2.121,89.895,0.0,33.341,1
1785989225,475100342,89.317,2.206,91.419,0.0,33.34,1
1785989225,541781006,88.443,2.26,90.597,-33.34,33.34,1
1785989225,608461426,89.752,2.273,91.911,0.0,33.34,1
1785989225,675141357,91.609,2.239,93.734,33.34,33.34,1
1785989225,741820557,91.722,2.18,93.804,0.0,33.34,1
1785989225,808510742,89.885,2.18,91.963,0.0,33.35,1
1785989225,875210938,91.141,2.15,93.188,0.0,33.35,1
1785989225,941911133,92.453,2.147,94.499,0.0,33.35,1
1785989226,8611328,90.822,2.791,93.504,0.0,33.35,1
1785989226,75311279,110.1,3.002,112.88,0.0,33.35,1
1785989226,108661133,135.298,3.428,138.546,0.0,66.7,1
1785989226,175361084,123.767,2.607,126.134,0.0,66.699,1
1785989226,242060547,113.361,6.357,119.604,0.0,33.35,1
1785989226,275410400,156.265,2.821,158.971,0.0,100.049,1
1785989226,375459717,104.814,3.253,107.937,0.0,33.35,1
1785989226,408809326,135.72,4.442,140.034,0.0,66.699,1
1785989226,475508545,126.428,2.352,128.67,0.0,66.699,1
1785989226,542207764,103.404,2.925,106.204,0.0,33.349,1
1785989226,608906738,106.18,6.074,112.107,0.0,33.349,1
1785989226,642256104,127.748,3.421,131.036,0.0,66.699,1
1785989226,708954834,125.984,2.238,128.123,0.0,66.699,1
1785989226,775653809,118.368,2.351,120.599,0.0,66.689,1
1785989226,842342773,102.037,2.732,104.647,0.0,33.344,1
1785989226,875687256,120.985,2.826,123.65,0.0,33.344,1
1785989226,942375488,98.632,3.027,101.54,-33.344,33.344,1
1785989226,975719482,123.111,3.016,126.006,0.0,33.344,1
1785989227,42407227,124.242,2.44,126.564,0.0,33.344,1
1785989227,75750977,155.409,2.837,158.121,0.0,66.687,1
1785989227,175781250,100.315,3.224,103.409,0.0,33.343,1
1785989227,209124512,129.695,2.336,131.915,0.0,66.686,1
1785989227,275810547,103.51,3.928,107.297,0.0,33.343,1
1785989227,309153320,125.626,2.664,128.139,0.0,66.686,1
1785989227,375838867,124.412,2.885,127.166,0.0,66.685,1
1785989227,442523682,114.676,3.723,118.275,0.0,33.342,1
1785989227,475865967,135.216,7.089,142.175,0.0,66.684,1
1785989227,542550293,123.848,2.786,126.506,0.0,66.684,1
1785989227,609234131,104.509,3.254,107.636,0.0,33.342,1
1785989227,642575928,122.136,2.599,124.627,0.0,66.683,1
1785989227,709259033,109.96,4.526,114.145,0.0,33.342,1
1785989227,742600586,130.178,2.784,132.843,0.0,66.7,1
1785989227,809300781,120.545,4.604,125.028,0.0,33.358,1
1785989227,876018066,94.855,2.613,97.301,0.0,33.359,1
1785989227,942735596,95.193,2.399,97.482,0.0,33.359,1
1785989228,9453369,93.433,2.905,96.23,0.0,33.359,1
1785989228,76171631,123.611,2.417,125.897,0.0,66.718,1
1785989228,142889893,103.184,2.876,105.927,0.0,33.359,1
1785989228,176249268,136.498,2.738,139.043,0.0,66.719,1
1785989228,242968262,98.926,4.251,103.067,0.0,33.36,1
1785989228,309687500,101.169,3.383,104.424,0.0,33.36,1
1785989228,343047119,128.379,2.292,130.573,0.0,66.719,1
1785989228,409766602,126.137,3.019,128.727,0.0,66.72,1
1785989228,476486572,115.406,2.55,117.827,0.0,33.36,1
1785989228,509846680,132.295,6.279,138.347,0.0,66.72,1
1785989228,576567139,121.991,2.197,124.082,0.0,66.72,1
1785989228,643287598,124.515,13.192,137.482,0.0,66.721,1
1785989228,710008545,95.79,2.275,97.959,0.0,33.361,1
1785989228,776729736,90.34,2.203,92.428,0.0,33.347,1
1785989228,843424072,87.949,2.188,90.037,-33.347,33.347,1
1785989228,910118164,89.818,2.254,91.971,0.0,33.347,1
1785989228,976811768,87.985,2.212,90.096,0.0,0.0,1
1785989229,43504883,98.149,2.373,100.406,0.0,33.346,1
1785989229,76851318,132.896,2.226,135.007,0.0,66.693,1
1785989229,143544189,126.5,2.264,128.665,0.0,66.692,1
1785989229,210236572,120.813,4.712,125.392,0.0,66.692,1
1785989229,276928467,120.514,2.27,122.684,0.0,66.692,1
1785989229,343620117,115.015,2.335,117.228,0.0,66.691,1
1785989229,410311523,106.754,3.476,110.121,0.0,33.345,1
1785989229,443656982,122.998,2.509,125.4,0.0,66.691,1
1785989229,543693115,91.221,2.088,93.21,-33.345,33.345,1
1785989229,610383301,94.306,2.249,96.453,0.0,33.345,1
1785989229,677073242,98.345,2.413,100.637,0.0,33.345,1
1785989229,743762695,96.222,2.183,98.307,0.0,33.345,1
1785989229,810454834,99.482,3.267,102.599,0.0,33.347,1
1785989229,843801758,115.595,2.255,117.74,0.0,66.694,1
1785989229,877148682,134.083,11.18,145.118,0.0,66.694,1
1785989229,943842285,125.698,2.928,128.507,0.0,66.693,1
1785989230,10535400,124.872,6.825,131.567,0.0,66.693,1
1785989230,43881836,150.299,2.374,152.55,0.0,66.693,1
1785989230,110574463,158.405,2.449,160.693,0.0,100.038,1
1785989230,210612549,113.179,2.532,115.6,0.0,33.346,1
1785989230,243958496,129.94,2.623,132.435,0.0,33.346,1
1785989230,310649902,125.688,2.328,127.901,-33.346,66.691,1
1785989230,377341064,112.793,5.852,118.532,0.0,33.345,1
1785989230,410686523,137.884,3.027,140.713,0.0,66.691,1
1785989230,477377197,126.324,2.52,128.721,0.0,66.69,1
1785989230,544067383,109.74,2.781,112.405,0.0,33.345,1
1785989230,577412354,126.09,2.535,128.505,0.0,66.69,1
1785989230,644102051,99.89,2.68,102.462,0.0,33.344,1
1785989230,744135742,98.674,2.655,101.212,0.0,33.345,1
1785989230,810827393,96.484,2.308,98.679,0.0,33.347,1
1785989230,877520996,95.571,2.343,97.808,0.0,33.347,1
1785989230,944214111,108.735,3.572,112.157,0.0,33.346,1
1785989230,977560547,125.144,2.565,127.485,0.0,66.693,1
1785989231,44253418,122.823,2.475,125.182,0.0,33.346,1
1785989231,144291748,97.971,4.297,102.094,0.0,33.346,1
1785989231,177637695,109.673,9.49,119.022,0.0,33.346,1
1785989231,244329102,111.304,3.446,114.603,0.0,33.346,1
1785989231,277674805,127.482,2.456,129.821,0.0,66.691,1
1785989231,344365723,124.233,3.399,127.504,0.0,66.691,1
1785989231,411056396,103.223,4.27,107.215,0.0,33.345,1
1785989231,444401611,125.494,3.482,128.827,0.0,66.69,1
1785989231,511091797,99.759,2.608,102.169,0.0,33.345,1
1785989231,577781494,96.583,2.623,99.097,0.0,33.345,1
1785989231,644470703,92.666,2.239,94.8,0.0,33.345,1
1785989231,711159912,91.923,3.306,95.119,0.0,33.344,1
1785989231,777848633,90.491,2.276,92.665,0.0,33.352,1
1785989231,844551758,90.95,2.159,93.01,0.0,33.351,1
1785989231,911254639,90.852,2.383,93.076,0.0,0.0,1
1785989231,977957520,93.372,2.142,95.393,0.0,33.351,1
1785989232,44660156,106.999,3.413,110.21,0.0,33.351,1
1785989232,78011475,138.586,3.836,142.26,0.0,66.702,1
1785989232,144713867,124.181,3.224,127.269,0.0,66.702,1
1785989232,211416260,99.074,5.057,103.474,0.0,33.351,1
1785989232,278118652,98.286,2.318,100.501,0.0,33.351,1
1785989232,344820801,94.745,2.337,96.979,0.0,33.351,1
1785989232,411522705,91.03,4.128,95.041,0.0,33.351,1
1785989232,444873535,112.475,2.207,114.572,0.0,33.351,1
1785989232,478224609,149.412,2.38,151.68,0.0,66.702,1
1785989232,544926270,140.192,3.176,143.237,0.0,66.702,1
1785989232,611627930,132.223,2.946,135.039,0.0,66.701,1
1785989232,678329346,109.122,2.804,111.791,0.0,33.351,1
1785989232,745030762,98.338,2.676,100.897,0.0,33.351,1
1785989232,811729248,94.241,2.394,96.481,0.0,33.348,1
1785989232,878424805,93.599,2.454,95.944,0.0,33.348,1
1785989232,945120117,92.775,2.288,94.955,0.0,33.348,1
1785989233,11815186,90.729,2.054,92.677,0.0,33.347,1
1785989233,111856934,103.337,3.07,106.258,0.0,0.0,1
1785989233,145203857,126.035,3.213,128.737,-33.347,66.694,1
1785989233,211897949,117.688,2.356,119.936,0.0,33.347,1
1785989233,245244629,126.666,3.15,129.696,0.0,66.694,1
1785989233,311938232,98.736,2.596,101.21,0.0,33.346,1
1785989233,378631104,103.145,3.744,106.755,0.0,33.346,1
1785989233,411977539,128.921,2.283,131.097,0.0,66.693,1
1785989233,478670166,100.159,2.739,102.713,0.0,33.346,1
1785989233,545362549,97.872,2.336,100.097,0.0,33.346,1
1785989233,612054443,96.638,2.245,98.723,0.0,33.346,1
1785989233,678745850,94.009,2.408,96.274,0.0,0.0,1
1785989233,745437256,93.289,2.227,95.417,0.0,33.345,1
1785989233,812130615,91.664,2.048,93.61,0.0,33.348,1
1785989233,878825928,90.744,2.35,92.926,0.0,33.347,1
1785989233,945520752,92.543,2.361,94.786,0.0,33.347,1
1785989234,12215332,98.322,4.558,102.749,0.0,33.347,1
1785989234,45562500,146.444,3.322,149.561,0.0,66.694,1
1785989234,112256592,125.533,2.3,127.716,0.0,66.694,1
1785989234,178950195,128.036,2.268,130.193,0.0,66.694,1
1785989234,245643799,112.483,2.516,114.894,0.0,33.346,1
1785989234,278990234,136.694,2.611,139.122,0.0,66.693,1
1785989234,345683105,128.961,2.564,131.401,0.0,66.693,1
1785989234,412375732,119.626,2.579,122.075,0.0,66.692,1
1785989234,445721924,137.025,4.35,141.247,0.0,66.692,1
1785989234,512413818,119.154,2.505,121.541,0.0,66.692,1
1785989234,579105469,121.919,2.18,123.998,0.0,33.346,1
1785989234,645796875,102.343,2.566,104.807,-33.346,-33.346,1
1785989234,712487793,109.52,3.667,112.966,0.0,33.345,1
1785989234,745833252,126.043,2.087,128.033,0.0,66.694,1
1785989234,812526855,106.631,2.716,109.214,0.0,33.348,1
1785989234,845874756,129.629,2.088,131.617,0.0,66.696,1
1785989234,912570801,114.721,4.537,118.9,0.0,33.348,1
1785989234,945918457,137.883,3.025,140.715,0.0,66.696,1
1785989235,12614014,133.032,2.303,135.224,0.0,33.347,1
1785989235,45961426,160.968,2.372,163.226,0.0,66.695,1
1785989235,112656494,160.796,2.563,163.239,0.0,100.042,1
1785989235,179351074,159.885,2.815,162.569,0.0,100.041,1
1785989235,279392334,103.861,2.532,106.28,0.0,33.347,1
1785989235,312739258,131.121,2.229,133.25,0.0,66.693,1
1785989235,379432617,117.629,2.61,120.119,0.0,33.347,1
1785989235,412779297,131.772,3.101,134.744,0.0,66.693,1
1785989235,479472412,106.203,2.824,108.888,0.0,33.346,1
1785989235,546165283,101.411,2.478,103.767,33.346,33.346,1
1785989235,579511475,127.503,3.242,130.614,0.0,66.692,1
1785989235,646203613,99.586,2.825,102.294,0.0,33.346,1
1785989235,712895752,113.909,2.281,116.069,0.0,33.346,1
1785989235,746241455,127.784,2.61,130.272,0.0,66.705,1
1785989235,812946533,118.344,6.224,124.33,0.0,33.359,1
1785989235,846305664,126.11,2.211,128.2,0.0,66.719,1
1785989235,913024414,105.744,2.72,108.342,0.0,33.359,1
1785989235,946383789,132.177,2.275,134.329,0.0,66.719,1
1785989235,979743164,145.2,2.331,147.424,0.0,66.719,1
1785989236,46462402,135.797,4.649,140.338,0.0,66.719,1
1785989236,113181641,129.86,2.506,132.239,0.0,66.72,1
1785989236,179901367,125.682,3.066,128.632,0.0,66.72,1
1785989236,246621338,113.944,3.43,116.264,0.0,33.36,1
1785989236,279981445,129.829,3.597,133.314,0.0,66.72,1
1785989236,346701660,119.493,2.733,122.088,0.0,66.721,1
1785989236,380062012,127.156,2.227,129.28,0.0,66.721,1
1785989236,480143066,90.539,2.259,92.697,-33.36,33.361,1
1785989236,546864258,98.701,2.975,101.541,0.0,33.361,1
1785989236,580224854,130.346,2.584,132.705,0.0,66.721,1
1785989236,646946289,114.208,3.519,117.593,0.0,33.361,1
1785989236,680307373,135.725,5.408,140.024,0.0,66.722,1
1785989236,747029053,107.677,5.098,112.6,0.0,33.361,1
1785989236,813804199,98.805,3.637,102.323,0.0,33.415,1
1785989236,880634277,91.873,2.175,93.941,0.0,33.416,1
1785989236,947467285,90.93,2.12,92.948,0.0,0.0,1
1785989237,14302490,92.357,2.168,94.423,0.0,33.419,1
1785989237,81140381,104.138,4.746,108.674,0.0,33.42,1
1785989237,114560303,133.187,6.014,135.656,0.0,66.842,1
1785989237,181402100,133.259,10.39,143.45,0.0,66.844,1
1785989237,248246582,128.282,3.078,131.219,0.0,66.847,1
1785989237,315093262,109.375,3.159,112.286,0.0,0.0,1
1785989237,348517822,125.811,2.57,128.238,-33.425,66.851,1
1785989237,415368408,95.748,2.25,97.879,0.0,33.427,1
1785989237,482221680,92.874,2.159,94.932,0.0,33.428,1
1785989237,549077637,90.89,2.164,92.956,-33.428,33.429,1
1785989237,615936035,88.253,2.821,90.867,-33.429,-33.429,1
1785989237,682796875,90.407,2.207,92.495,0.0,33.431,1
1785989237,749660400,97.712,3.012,100.613,0.0,33.431,1
1785989237,816448730,93.991,2.247,96.137,33.357,33.357,1
1785989237,883163330,92.914,2.7,95.398,0.0,33.357,1
1785989237,949877930,90.436,2.302,92.62,0.0,33.357,1
1785989238,16592529,90.407,2.07,92.378,-33.357,33.357,1
1785989238,83307129,101.63,2.962,104.479,0.0,33.357,1
1785989238,116664307,124.07,2.645,126.532,0.0,66.715,1
1785989238,183378906,95.753,2.319,97.968,0.0,33.357,1
1785989238,250093506,102.223,2.429,104.481,0.0,33.357,1
1785989238,316807861,96.224,2.414,98.41,0.0,33.357,1
1785989238,416879639,92.635,2.247,94.783,0.0,33.357,1
1785989238,483593994,90.002,2.091,91.991,0.0,33.357,1
1785989238,550308350,92.693,2.771,95.353,0.0,33.357,1
1785989238,617022705,94.362,2.034,96.301,0.0,33.357,1
1785989238,683737061,91.806,2.22,93.917,33.357,33.357,1
1785989238,750451416,95.07,1.975,96.952,-33.357,-33.357,1
1785989238,817164551,92.848,2.043,94.8,0.0,33.356,1
1785989238,883875977,90.86,2.03,92.792,33.356,33.356,1
1785989238,950587402,92.21,2.213,94.317,0.0,33.356,1
1785989239,17298828,89.964,2.37,92.226,0.0,33.356,1
1785989239,84010254,102.537,10.129,112.526,0.0,33.356,1
1785989239,117365967,123.268,2.246,125.407,0.0,33.356,1
1785989239,184077148,94.772,2.147,96.825,-33.355,33.356,1
1785989239,250788574,90.571,2.35,92.817,0.0,33.355,1
1785989239,317499756,89.351,2.238,91.486,0.0,33.355,1
1785989239,384210938,89.661,2.107,91.664,0.0,33.355,1
1785989239,450921875,91.727,2.136,93.757,0.0,33.356,1
1785989239,517633057,92.133,2.548,94.492,0.0,33.355,1
1785989239,584343994,91.709,2.194,93.799,0.0,33.355,1
1785989239,651054932,90.483,2.63,92.935,0.0,33.355,1
1785989239,684410400,117.595,3.737,121.226,0.0,33.355,1
1785989239,717765869,153.841,3.854,157.578,0.0,100.066,1
1785989239,784476807,129.714,3.954,133.526,0.0,66.711,1
1785989239,851187744,121.908,2.509,124.254,0.0,33.355,1
1785989239,917898193,97.21,2.353,99.448,-33.355,33.355,1
1785989239,984608887,95.106,2.179,97.179,0.0,33.355,1
1785989240,51319336,98.115,2.537,100.417,0.0,33.355,1
1785989240,118029785,101.851,2.799,104.527,0.0,33.355,1
1785989240,184740234,124.369,2.481,126.722,0.0,66.71,1
1785989240,251450439,126.807,2.384,129.077,0.0,66.71,1
1785989240,318160645,101.302,2.374,103.554,0.0,33.355,1
1785989240,418225830,91.814,2.213,93.927,0.0,33.355,1
1785989240,484936035,89.08,2.088,91.069,-33.355,33.355,1
1785989240,551645996,89.33,2.097,91.327,-33.355,33.355,1
1785989240,651710938,91.511,1.949,93.368,0.0,33.355,1
1785989240,685065674,129.958,2.394,132.232,0.0,66.71,1
1785989240,751775635,101.084,5.749,106.71,0.0,33.355,1
1785989240,818485596,96.16,2.291,98.351,0.0,33.355,1
1785989240,885195801,90.467,2.32,92.683,33.355,33.355,1
1785989240,951905762,93.544,2.069,95.52,0.0,33.355,1
1785989241,18615723,102.225,7.18,109.267,0.0,33.355,1
1785989241,51970703,165.893,4.646,170.405,0.0,100.065,1
1785989241,152035400,125.079,3.084,128.035,0.0,66.71,1
1785989241,218745117,98.339,2.757,100.973,0.0,33.355,1
1785989241,285454590,107.024,3.017,109.905,0.0,0.0,1
1785989241,318809326,124.151,2.872,126.884,-33.355,66.709,1
1785989241,385518799,98.688,3.14,101.704,0.0,33.355,1
1785989241,452228271,97.867,2.692,100.438,0.0,33.355,1
1785989241,518937500,91.919,2.22,94.03,0.0,33.355,1
1785989241,585646729,91.656,2.326,93.88,0.0,33.355,1
1785989241,652355957,92.413,2.492,94.793,0.0,33.354,1
1785989241,685710449,124.292,3.629,127.8,0.0,66.709,1
1785989241,752419434,98.557,2.5,100.941,0.0,33.355,1
1785989241,819205566,92.798,2.051,94.743,0.0,33.432,1
1785989241,886069824,89.104,2.28,91.174,-33.432,33.433,1
1785989241,952936279,91.979,2.247,94.124,0.0,33.434,1
1785989242,19804199,92.447,2.223,94.567,0.0,33.435,1
1785989242,120110107,94.801,2.277,96.971,0.0,33.436,1
1785989242,186982910,129.485,3.91,133.27,0.0,66.875,1
1785989242,220419922,132.951,3.455,136.285,0.0,33.438,1
1785989242,287295654,121.044,3.474,124.387,-33.438,33.438,1
1785989242,354173340,97.621,2.368,99.871,-33.439,33.439,1
1785989242,421052734,93.144,2.566,95.607,0.0,0.0,1
1785989242,487934082,90.056,2.457,92.413,0.0,33.441,1
1785989242,554817139,91.802,2.355,94.001,0.0,33.442,1
1785989242,655145508,92.32,2.927,95.112,0.0,33.444,1
1785989242,688589355,120.27,3.137,123.282,0.0,66.889,1
1785989242,755478027,97.924,2.991,100.677,0.0,0.0,1
1785989242,822287109,90.608,2.405,92.909,0.0,33.441,1
1785989242,889169189,87.025,2.28,89.107,0.0,33.442,1
1785989242,956053467,90.8,2.015,92.72,0.0,33.443,1
1785989243,22939697,88.257,2.516,90.665,0.0,0.0,1
1785989243,89828125,99.405,2.467,101.765,0.0,33.445,1
1785989243,156718506,95.249,3.004,97.997,0.0,33.446,1
1785989243,223611084,94.918,2.879,97.681,0.0,33.447,1
1785989243,290505615,90.603,2.276,92.72,0.0,33.448,1
1785989243,357402100,88.206,2.224,90.328,0.0,33.449,1
1785989243,424300781,87.288,2.217,89.406,0.0,33.45,1
1785989243,491201416,86.52,2.216,88.632,0.0,33.451,1
1785989243,558104004,90.123,2.132,92.159,0.0,33.452,1
1785989243,625008789,86.793,2.449,89.081,0.0,33.453,1
1785989243,691915527,87.171,2.293,89.33,0.0,33.454,1
1785989243,758824463,90.356,2.271,92.526,0.0,33.455,1
1785989243,825733398,83.941,2.479,86.297,0.0,33.338,1
1785989243,892410156,83.79,2.468,86.154,0.0,33.338,1
1785989243,959086182,87.318,2.492,89.709,0.0,33.338,1
1785989244,25761719,93.067,5.92,98.847,0.0,0.0,1
1785989244,92436523,121.391,3.337,124.6,0.0,66.674,1
1785989244,159110596,124.598,2.168,126.665,0.0,66.673,1
1785989244,225783936,114.752,3.139,117.77,0.0,66.673,1
1785989244,292456787,89.16,2.166,91.224,0.0,33.336,1
1785989244,359128906,86.096,2.141,88.118,0.0,33.336,1
1785989244,425800293,86.752,2.055,88.71,33.335,33.335,1
1785989244,492471191,86.677,2.17,88.74,0.0,33.335,1
1785989244,559141113,92.867,2.778,95.516,0.0,33.335,1
1785989244,592476074,105.006,3.036,107.897,0.0,33.334,1
1785989244,659145020,90.388,2.345,92.628,0.0,33.334,1
1785989244,725813477,90.85,2.708,93.429,33.334,33.334,1
1785989244,759147461,122.321,3.118,125.311,0.0,66.668,1
1785989244,825815674,111.788,3.156,114.674,0.0,33.338,1
1785989244,859154053,119.053,3.517,122.459,0.0,66.676,1
1785989244,925830078,104.865,4.251,108.642,0.0,33.338,1
1785989244,959167969,123.125,2.886,125.88,0.0,66.675,1
1785989245,25843018,106.056,3.402,109.338,0.0,33.337,1
1785989245,59180420,162.762,3.505,166.139,0.0,100.011,1
1785989245,159191162,119.414,3.349,122.617,0.0,66.673,1
1785989245,225864258,102.675,2.997,105.513,0.0,33.336,1
1785989245,259200684,122.606,2.214,124.702,0.0,66.672,1
1785989245,325872559,94.212,2.809,96.759,0.0,0.0,1
1785989245,392543945,88.85,2.21,90.957,0.0,33.335,1
1785989245,459214844,88.076,2.194,90.168,0.0,33.335,1
1785989245,525884766,86.183,2.219,88.299,0.0,33.335,1
1785989245,592554199,89.339,2.099,91.338,0.0,33.334,1
1785989245,659222900,84.197,2.243,86.335,33.334,33.334,1
1785989245,725890869,91.389,4.29,95.558,0.0,33.334,1
1785989245,759224609,113.036,2.21,115.141,0.0,66.668,1
1785989245,792558105,127.219,2.587,129.562,0.0,66.673,1
1785989245,859231445,104.998,3.246,108.08,0.0,33.339,1
1785989245,892570313,122.024,3.594,125.501,0.0,66.677,1
1785989245,959247559,109.497,2.938,112.304,0.0,33.338,1
1785989245,992585693,140.266,4.122,144.273,0.0,66.676,1
1785989246,59261963,131.388,7.659,138.92,0.0,66.676,1
1785989246,125937500,126.653,2.528,129.048,0.0,66.675,1
1785989246,159274902,155.992,4.697,160.569,0.0,100.012,1
1785989246,259286621,123.09,4.784,127.761,0.0,66.674,1
1785989246,325960205,118.18,3.053,121.108,0.0,66.673,1
1785989246,392633057,92.553,2.128,94.581,0.0,33.336,1
1785989246,459305420,89.43,2.472,91.702,0.0,33.336,1
1785989246,525977051,86.217,2.475,88.587,33.335,33.335,1
1785989246,592647949,86.999,2.353,89.247,33.335,33.335,1
1785989246,659318115,90.243,2.341,92.482,0.0,33.335,1
1785989246,725987793,91.364,2.289,93.503,0.0,33.335,1
1785989246,759322510,116.721,2.368,118.967,0.0,66.669,1
1785989246,792656738,129.862,2.935,132.678,0.0,66.677,1
1785989246,859333496,118.969,3.544,122.315,0.0,66.683,1
1785989246,926016357,91.365,2.162,93.426,0.0,33.341,1
1785989246,992698730,95.598,2.598,98.075,0.0,33.341,1
1785989247,59380371,111.309,5.853,117.024,0.0,33.341,1
1785989247,92720947,124.389,2.081,126.367,0.0,66.681,1
1785989247,159401855,119.975,4.221,123.925,0.0,66.68,1
1785989247,226082031,125.184,3.251,128.303,0.0,66.68,1
1785989247,292761719,106.466,6.407,112.353,0.0,33.34,1
1785989247,326101318,125.435,2.937,128.255,0.0,66.679,1
1785989247,392780029,111.332,4.11,115.316,0.0,33.339,1
1785989247,426119385,126.297,2.818,128.986,0.0,66.678,1
1785989247,492797119,110.987,4.087,114.953,0.0,33.339,1
1785989247,526135986,129.071,5.412,133.082,0.0,66.677,1
1785989247,592812988,113.544,2.788,116.209,0.0,66.676,1
1785989247,626151123,121.544,3.276,124.688,0.0,66.676,1
1785989247,692827393,101.938,3.84,104.999,0.0,33.338,1
1785989247,726165283,122.201,2.733,124.804,0.0,66.675,1
1785989247,792840332,112.672,2.656,115.205,0.0,66.677,1
1785989247,826178467,131.899,3.535,135.279,0.0,66.677,1
1785989247,926193115,91.558,2.396,93.832,0.0,33.338,1
1785989247,992868652,89.272,2.12,91.287,0.0,33.338,1
1785989248,59543701,88.985,3.186,92.052,0.0,0.0,1
1785989248,92880859,137.85,18.906,156.633,0.0,66.674,1
1785989248,126218018,158.376,9.931,168.18,0.0,100.01,1
1785989248,226228027,118.031,3.692,121.589,0.0,66.673,1
1785989248,259564453,126.25,2.135,128.281,0.0,66.672,1
1785989248,359572510,90.551,2.082,92.531,0.0,33.336,1
1785989248,426243896,89.696,2.37,91.959,0.0,33.335,1
1785989248,492914307,90.462,2.419,92.78,0.0,33.335,1
1785989248,559584229,90.649,2.13,92.662,0.0,33.335,1
1785989248,626253418,89.87,2.577,92.335,0.0,33.334,1
1785989248,692921875,88.454,2.366,90.71,0.0,33.334,1
1785989248,759589844,91.029,2.106,93.028,0.0,33.334,1
1785989248,826257813,87.471,2.09,89.463,0.0,0.0,1
1785989248,892936279,87.434,2.164,89.455,0.0,33.339,1
1785989248,959614014,89.852,2.227,91.975,0.0,33.339,1
1785989249,26291260,93.168,6.602,99.638,0.0,33.338,1
1785989249,126305908,90.577,2.196,92.668,0.0,33.338,1
1785989249,192981445,90.81,2.463,93.172,0.0,33.337,1
1785989249,259656250,91.071,2.131,93.096,0.0,33.337,1
1785989249,326330566,91.764,2.5,94.154,0.0,33.337,1
1785989249,393004150,92.055,2.231,94.18,0.0,33.337,1
1785989249,459677246,89.058,2.204,91.161,0.0,33.336,1
1785989249,526349609,90.256,2.264,92.418,0.0,33.336,1
1785989249,593021240,91.675,2.195,93.769,0.0,33.335,1
1785989249,659692139,91.486,2.082,93.464,33.335,33.335,1
1785989249,726362549,91.524,2.13,93.555,0.0,33.335,1
1785989249,793032471,91.661,2.285,93.834,0.0,33.335,1
1785989249,826367432,123.074,3.189,126.15,0.0,66.677,1
1785989249,893044189,95.944,2.594,98.425,0.0,33.338,1
1785989249,959720215,92.568,2.293,94.758,0.0,33.338,1
1785989250,26395508,101.793,3.3,104.919,0.0,33.337,1
1785989250,126407227,96.46,2.887,99.222,0.0,33.337,1
1785989250,159744141,128.375,2.698,130.89,0.0,66.673,1
1785989250,226417480,125.347,3.57,128.787,0.0,66.672,1
1785989250,293089844,118.925,4.705,123.491,0.0,66.672,1
1785989250,326426025,136.913,6.665,143.458,0.0,66.672,1
1785989250,393097656,130.413,3.051,133.332,0.0,66.671,1
1785989250,459768555,121.567,2.805,124.207,0.0,66.67,1
1785989250,526438721,94.753,2.255,96.903,0.0,33.335,1
1785989250,593108398,97.017,2.499,99.399,0.0,33.334,1
1785989250,693111328,89.3,2.449,91.635,0.0,33.334,1
1785989250,759779297,91.425,2.149,93.458,0.0,33.333,1
1785989250,826447021,92.748,2.079,94.725,0.0,33.338,1
1785989250,859785400,118.861,2.049,120.813,0.0,66.676,1
1785989250,926461670,98.461,3.16,101.503,0.0,33.338,1
1785989250,959799561,132.925,6.478,139.267,0.0,66.675,1
1785989251,26474854,133.084,2.63,135.598,0.0,66.675,1
1785989251,93149414,126.979,3.828,130.667,0.0,66.674,1
1785989251,159823242,128.696,4.108,132.661,0.0,66.673,1
1785989251,226496582,123.106,2.506,125.486,0.0,66.673,1
1785989251,293169189,104.82,5.08,109.587,0.0,33.336,1
1785989251,326505127,124.076,2.711,126.572,0.0,66.672,1
1785989251,393176758,115.182,2.829,117.852,0.0,33.336,1
1785989251,426512451,132.723,4.733,137.313,0.0,66.67,1
1785989251,493182861,121.506,4.764,126.154,0.0,66.67,1
1785989251,559852783,100.763,10.889,111.365,0.0,33.335,1
1785989251,593187500,121.247,2.674,123.768,0.0,33.334,1
1785989251,659856445,105.418,8.637,113.925,-33.334,-33.334,1
1785989251,693190674,116.217,2.163,118.285,33.334,33.334,1
1785989251,793192139,89.399,2.321,91.614,0.0,33.334,1
1785989251,859864502,94.039,2.789,96.694,0.0,33.338,1
1785989251,893202637,103.866,2.966,106.693,0.0,33.338,1
1785989251,959878174,100.621,4.414,104.917,0.0,33.338,1
1785989252,26553223,98.295,2.599,100.777,0.0,33.337,1
1785989252,93227539,112.141,4.692,116.72,0.0,33.337,1
1785989252,126564453,173.749,8.042,181.661,0.0,100.01,1
1785989252,226574219,131.284,3.88,134.816,0.0,66.672,1
1785989252,293246338,125.068,2.13,127.07,0.0,66.672,1
1785989252,359917969,96.756,2.073,98.734,0.0,33.336,1
1785989252,426588867,100.092,2.894,102.864,0.0,33.335,1
1785989252,493259277,96.182,2.122,98.2,0.0,33.335,1
1785989252,559928711,92.736,2.171,94.803,0.0,33.334,1
1785989252,626597656,90.65,2.137,92.673,0.0,33.334,1
1785989252,693265869,91.889,2.45,94.136,0.0,33.334,1
1785989252,759933350,93.064,2.166,95.131,0.0,33.333,1
1785989252,826600586,90.651,2.251,92.8,0.0,33.374,1
1785989252,893349365,92.224,3.099,95.21,0.0,33.375,1
1785989252,926723877,123.835,2.235,125.966,0.0,66.75,1
1785989252,993473389,106.975,3.049,109.887,0.0,33.375,1
1785989253,26848145,147.275,3.105,150.262,0.0,66.75,1
1785989253,93598633,158.768,2.561,161.217,0.0,100.126,1
1785989253,193725098,125.95,2.717,128.537,0.0,66.752,1
1785989253,260477051,111.155,10.869,121.896,0.0,33.376,1
1785989253,293853027,130.52,2.868,133.255,0.0,66.753,1
1785989253,360605713,98.641,2.698,101.217,0.0,33.376,1
1785989253,427358887,93.317,2.102,95.32,0.0,0.0,1
1785989253,494112793,89.231,2.162,91.268,33.377,33.377,1
1785989253,560867188,91.223,2.169,93.289,0.0,33.377,1
1785989253,627622070,91.629,2.232,93.756,0.0,33.378,1
1785989253,694377686,88.981,2.17,91.042,33.378,33.378,1
1785989253,761133545,90.362,2.097,92.359,0.0,33.378,1
1785989253,827889648,89.567,2.216,91.677,0.0,33.34,1
1785989253,894569580,89.509,2.31,91.675,0.0,33.34,1
1785989253,961249023,92.158,3.994,96.021,33.339,33.339,1
1785989253,994588379,103.817,3.873,107.417,0.0,33.339,1
1785989254,61266846,101.237,10.659,111.704,33.339,33.339,1
1785989254,94605957,140.735,8.311,148.909,0.0,66.677,1
1785989254,161283447,124.931,3.305,128.112,0.0,66.677,1
1785989254,227960449,124.758,2.618,127.257,0.0,66.676,1
1785989254,294636719,114.599,3.294,117.772,0.0,33.338,1
1785989254,327974609,126.537,2.493,128.913,0.0,66.676,1
1785989254,394650146,124.261,2.378,126.524,0.0,66.675,1
1785989254,461324951,117.375,2.532,119.792,0.0,66.674,1
1785989254,494662109,124.827,2.33,127.052,0.0,66.674,1
1785989254,594672852,90.002,2.205,92.037,0.0,33.336,1
1785989254,661345703,92.3,2.841,94.926,-33.336,33.336,1
1785989254,728018066,92.294,2.443,94.6,0.0,33.336,1
1785989254,794689941,92.176,2.043,94.117,-33.336,33.336,1
1785989254,861364502,91.542,2.951,94.198,0.0,0.0,1
1785989254,894702881,127.975,2.354,130.224,0.0,66.676,1
1785989254,961379150,120.188,2.813,122.885,0.0,66.676,1
1785989255,28054932,145.191,7.729,152.788,0.0,66.675,1
1785989255,94729736,133.431,7.552,140.814,0.0,66.674,1
1785989255,161404053,123.296,2.296,125.484,0.0,66.674,1
1785989255,228077637,114.343,2.433,116.67,0.0,33.337,1
1785989255,261414307,138.1,4.741,142.697,0.0,66.672,1
1785989255,328086670,128.849,2.478,131.226,0.0,66.672,1
1785989255,394758789,123.485,2.953,126.32,0.0,66.671,1
1785989255,461429932,111.474,6.847,116.226,0.0,33.335,1
1785989255,494765381,126.109,2.508,128.469,0.0,66.67,1
1785989255,561435547,103.923,3.253,107.039,0.0,33.335,1
1785989255,661439697,92.878,2.129,94.888,0.0,33.334,1
1785989255,728108154,91.847,2.612,94.355,0.0,0.0,1
1785989255,794776123,91.509,2.269,93.673,0.0,33.334,1
1785989255,861448242,92.603,2.088,94.589,33.338,33.338,1
1785989255,928123779,92.78,2.287,94.895,0.0,33.338,1
1785989255,994798828,91.447,2.497,93.832,0.0,33.337,1
1785989256,28135986,134.599,3.254,137.736,0.0,33.337,1
1785989256,94809814,137.383,2.767,140.024,33.337,66.673,1
1785989256,161482910,126.994,3.14,129.999,0.0,66.673,1
1785989256,228155518,97.993,2.24,100.13,0.0,33.336,1
1785989256,294827393,92.546,2.265,94.71,0.0,33.335,1
1785989256,361498535,91.591,2.291,93.743,0.0,33.335,1
1785989256,428168945,91.131,2.193,93.22,0.0,33.335,1
1785989256,494838623,95.276,2.261,97.422,0.0,33.335,1
1785989256,561507813,92.118,2.484,94.498,0.0,0.0,1
1785989256,628176025,92.3,2.098,94.296,0.0,33.334,1
1785989256,728177246,93.977,2.3,96.174,-33.333,33.333,1
1785989256,794843994,94.693,2.168,96.762,0.0,33.333,1
1785989256,861515381,90.613,2.424,92.85,33.338,33.338,1
1785989256,928190918,93.304,2.417,95.614,0.0,33.337,1
1785989256,994865723,99.851,18.304,118.038,0.0,33.337,1
1785989257,28202881,158.636,2.925,161.446,0.0,66.674,1
1785989257,94876709,129.918,7.689,137.469,0.0,66.673,1
1785989257,128213135,148.309,2.353,150.551,0.0,66.673,1
1785989257,194885986,134.575,2.634,137.012,0.0,66.672,1
1785989257,261558105,126.18,2.905,128.956,0.0,66.671,1
1785989257,328229492,117.831,2.833,120.55,0.0,66.671,1
1785989257,361564697,139.928,7.129,146.847,0.0,66.67,1
1785989257,428235107,130.683,2.108,132.689,0.0,66.67,1
1785989257,494904785,103.522,2.954,106.327,0.0,33.334,1
1785989257,594907959,98.478,2.01,100.373,0.0,33.334,1
1785989257,661575928,96.294,2.067,98.262,0.0,33.333,1
1785989257,728243164,95.812,2.042,97.76,0.0,33.333,1
1785989257,794909668,93.775,2.236,95.908,0.0,33.333,1
1785989257,861622803,92.646,2.143,94.686,0.0,33.381,1
1785989257,928384033,95.074,2.168,97.144,0.0,33.381,1
1785989257,995146973,95.499,2.17,97.562,0.0,33.382,1
1785989258,61911133,94.339,2.404,96.634,0.0,0.0,1
1785989258,128677002,107.532,8.688,116.076,0.0,33.384,1
1785989258,162060547,126.728,3.483,130.094,0.0,66.768,1
1785989258,228828857,100.331,10.708,110.88,0.0,33.385,1
1785989258,328983887,93.373,2.566,95.785,0.0,33.386,1
1785989258,395756104,92.454,2.288,94.639,0.0,33.386,1
1785989258,462529541,92.505,2.288,94.692,0.0,33.387,1
1785989258,529304688,92.933,2.147,94.924,0.0,33.388,1
1785989258,596081543,93.899,2.125,95.923,0.0,33.389,1
1785989258,662859619,92.168,2.362,94.407,0.0,33.39,1
1785989258,729639404,99.635,2.472,101.987,0.0,33.391,1
1785989258,796420898,92.886,2.106,94.837,33.39,33.39,1
1785989258,863207520,94.033,2.274,96.21,0.0,33.397,1
1785989258,930002686,92.447,2.222,94.567,0.0,33.398,1
1785989258,996799805,91.029,2.052,92.982,0.0,0.0,1
1785989259,30199463,155.865,3.675,159.404,0.0,100.202,1
1785989259,97000000,139.511,2.259,141.66,0.0,66.803,1
1785989259,163802979,130.418,2.375,132.69,0.0,33.403,1
1785989259,230608398,123.188,2.747,125.819,-33.403,66.808,1
1785989259,297416016,116.686,2.213,118.787,0.0,66.81,1
1785989259,330820557,131.518,2.809,134.194,0.0,66.811,1
1785989259,397631592,119.172,3.994,123.048,0.0,66.813,1
1785989259,431038086,158.001,2.616,160.482,0.0,100.223,1
1785989259,531260742,97.662,2.085,99.629,0.0,33.408,1
1785989259,598078613,95.966,2.214,98.074,0.0,33.41,1
1785989259,664898682,90.945,2.329,93.135,0.0,33.411,1
1785989259,731721191,91.005,2.318,93.223,0.0,33.412,1
1785989259,798546143,93.185,2.615,95.695,0.0,33.412,1
1785989259,865313232,90.129,2.064,92.091,0.0,33.355,1
1785989259,932023682,91.193,2.368,93.458,0.0,33.355,1
1785989259,998734131,95.763,2.663,97.73,0.0,33.355,1
1785989260,65444336,96.576,4.436,100.888,0.0,33.355,1
1785989260,98799561,121.094,2.682,123.659,0.0,33.355,1
1785989260,132154541,152.511,3.27,155.656,0.0,66.71,1
1785989260,198864746,134.552,4.832,139.256,0.0,66.71,1
1785989260,265574707,121.357,2.7,123.924,0.0,66.71,1
1785989260,332284912,100.583,3.263,103.721,0.0,33.355,1
1785989260,365639648,124.465,4.042,128.397,0.0,33.355,1
1785989260,398994629,130.2,2.594,132.65,0.0,66.71,1
1785989260,465704590,115.009,4.1,118.991,0.0,33.355,1
1785989260,499059326,136.626,5.594,142.081,0.0,66.71,1
1785989260,565769043,130.411,2.351,132.636,0.0,66.71,1
1785989260,632478760,104.598,2.65,107.113,0.0,33.355,1
1785989260,699188232,100.168,3.606,103.655,0.0,33.355,1
1785989260,765897705,106.349,3.016,109.228,0.0,33.355,1
1785989260,832607178,92.662,2.097,94.627,33.354,33.354,1
1785989260,899316406,93.0,2.1,94.946,0.0,33.355,1
1785989260,966025635,93.013,2.267,95.177,0.0,33.354,1
1785989261,32734619,96.684,2.267,98.839,0.0,33.355,1
1785989261,99443604,109.0,2.7,111.58,0.0,33.354,1
1785989261,132798096,159.716,3.925,163.485,0.0,100.063,1
1785989261,232861328,122.341,2.578,124.784,0.0,33.354,1
1785989261,299570068,95.817,2.262,97.899,-33.354,33.354,1
1785989261,366278809,90.836,2.163,92.899,0.0,33.354,1
1785989261,432987305,90.95,2.153,93.0,0.0,33.354,1
1785989261,499695557,90.749,2.261,92.897,0.0,33.354,1
1785989261,566403809,91.621,2.078,93.605,-33.354,33.354,1
1785989261,633112061,92.432,1.998,94.333,-33.354,-33.354,1
1785989261,699820068,91.744,2.629,94.257,0.0,33.354,1
1785989261,766528076,94.698,2.343,96.839,0.0,33.354,1
1785989261,833236084,94.802,2.248,96.87,0.0,33.355,1
1785989261,899945313,93.852,2.165,95.913,0.0,33.355,1
1785989261,966654541,92.097,2.168,94.158,0.0,33.355,1
1785989262,33363770,98.659,2.222,100.758,0.0,33.354,1
1785989262,66718262,135.782,3.136,138.795,0.0,66.709,1
1785989262,133427246,126.638,2.35,128.854,0.0,33.354,1
1785989262,200136230,126.143,2.593,128.606,-33.354,66.709,1
1785989262,266844971,117.907,6.237,124.033,0.0,66.709,1
1785989262,300199463,129.795,4.243,133.899,0.0,66.708,1
1785989262,366907959,118.428,3.683,121.991,0.0,33.354,1
1785989262,400262451,127.184,3.185,130.258,0.0,66.708,1
1785989262,466970947,114.614,2.349,116.855,0.0,33.354,1
1785989262,500325195,130.959,3.349,134.146,0.0,33.354,1
1785989262,567033447,114.012,2.379,116.203,-33.354,-33.354,1
1785989262,600387695,132.138,2.295,134.318,-66.708,66.708,1
1785989262,667095947,103.851,2.77,106.515,0.0,33.354,1
1785989262,733804199,111.683,2.52,114.084,0.0,33.354,1
1785989262,800512207,102.737,4.629,106.726,0.0,33.354,1
1785989262,867222900,100.7,2.819,103.383,0.0,33.357,1
1785989262,967293457,91.035,1.991,92.915,0.0,33.357,1
1785989263,34007080,92.754,2.146,94.792,0.0,33.357,1
1785989263,100720703,106.991,5.338,112.203,0.0,33.357,1
1785989263,134077637,135.556,3.071,138.436,0.0,66.714,1
1785989263,200791260,123.688,2.827,126.382,0.0,66.714,1
1785989263,267504883,105.521,3.351,108.743,0.0,33.357,1
1785989263,300861816,126.29,4.648,130.802,0.0,66.714,1
1785989263,367575439,123.449,2.91,126.234,0.0,66.714,1
1785989263,434289063,106.246,2.411,108.543,0.0,33.357,1
1785989263,467645996,129.835,3.686,133.362,0.0,66.714,1
1785989263,534359619,130.674,2.323,132.877,0.0,66.714,1
1785989263,601073242,109.16,7.082,116.053,0.0,33.357,1
1785989263,634430176,129.366,2.335,131.577,0.0,66.714,1
1785989263,701143799,118.088,3.105,121.054,0.0,33.357,1
1785989263,734500732,139.062,5.159,144.081,0.0,66.714,1
1785989263,801214355,124.832,3.258,127.961,0.0,66.788,1
1785989263,868002686,120.383,2.916,123.165,0.0,33.432,1
1785989263,934866943,102.054,6.312,108.228,-33.432,33.433,1
1785989263,968299805,117.901,2.848,120.615,0.0,66.867,1
1785989264,35166992,107.308,10.653,117.066,0.0,33.434,1
1785989264,102036133,118.591,8.702,127.168,0.0,66.871,1
1785989264,135471191,133.02,3.911,136.822,0.0,66.872,1
1785989264,202343262,130.183,2.464,132.531,0.0,66.874,1
1785989264,269216797,124.949,2.397,127.221,0.0,66.876,1
1785989264,336092529,96.48,2.743,99.104,0.0,33.438,1
1785989264,402969971,90.811,2.389,93.038,0.0,33.439,1
1785989264,469849365,88.373,2.298,90.568,-33.44,33.44,1
1785989264,536730713,89.541,2.223,91.668,0.0,33.441,1
1785989264,603613770,90.509,2.23,92.636,0.0,33.442,1
1785989264,670499023,90.114,2.094,92.107,0.0,33.443,1
1785989264,737385742,90.095,2.269,92.257,0.0,33.444,1
1785989264,804274658,93.807,2.735,96.434,0.0,33.443,1
1785989264,871142578,89.521,3.002,92.415,0.0,33.425,1
1785989264,904567627,119.896,3.002,122.768,0.0,33.426,1
1785989264,971418945,92.837,2.298,95.032,-33.426,33.427,1
1785989265,38272217,100.518,8.523,106.943,0.0,33.427,1
1785989265,71699219,138.31,7.555,145.733,0.0,66.856,1
1785989265,138554932,140.429,4.79,145.061,0.0,66.857,1
1785989265,205412109,154.528,2.897,157.302,0.0,100.289,1
1785989265,305701172,107.457,4.245,111.581,0.0,33.43,1
1785989265,339131592,123.722,3.536,127.14,0.0,66.862,1
1785989265,405993896,111.301,4.649,115.679,0.0,33.432,1
1785989265,439425537,121.488,2.442,123.796,0.0,66.865,1
1785989265,506290283,93.731,2.611,96.226,0.0,33.433,1
1785989265,573156494,87.972,2.357,90.155,0.0,33.434,1
1785989265,640024414,87.824,2.216,89.94,-33.434,33.435,1
1785989265,706894043,89.269,2.341,91.501,0.0,33.436,1
1785989265,773765381,87.888,2.479,90.244,0.0,33.436,1
1785989265,840636719,86.333,2.04,88.269,0.0,33.342,1
1785989265,907319824,87.309,2.374,89.496,0.0,33.341,1
1785989265,974002441,86.493,2.245,88.636,0.0,33.341,1
1785989266,74025146,93.035,3.509,96.41,0.0,0.0,1
1785989266,107365723,139.146,2.687,141.714,33.341,66.681,1
1785989266,174046631,121.121,2.283,123.3,0.0,66.68,1
1785989266,240726807,108.779,2.238,110.874,0.0,33.34,1
1785989266,274066895,127.77,3.023,130.661,0.0,66.679,1
1785989266,340746338,104.778,2.373,107.02,0.0,33.339,1
1785989266,374085693,123.643,3.953,127.468,0.0,66.679,1
1785989266,440764404,98.592,2.491,100.974,0.0,33.339,1
1785989266,507442139,92.633,2.188,94.672,0.0,33.339,1
1785989266,574119629,90.777,2.119,92.801,0.0,33.339,1
1785989266,640796387,88.27,2.325,90.458,0.0,33.338,1
1785989266,707472656,89.21,2.177,91.273,0.0,33.338,1
1785989266,774148438,86.507,2.335,88.74,0.0,33.338,1
1785989266,840824219,88.186,2.376,90.386,0.0,33.341,1
1785989266,907506104,88.036,2.154,90.085,0.0,33.341,1
1785989266,974187500,88.474,2.159,90.535,0.0,33.341,1
1785989267,40868408,89.312,2.579,91.783,0.0,0.0,1
1785989267,107548584,110.102,2.624,112.593,0.0,33.34,1
1785989267,140888428,142.743,2.225,144.851,0.0,66.679,1
1785989267,207567627,127.808,2.117,129.822,0.0,66.679,1
1785989267,274246338,121.602,2.853,124.316,0.0,66.678,1
1785989267,340924316,104.818,2.227,106.94,0.0,33.339,1
1785989267,374263184,121.171,2.33,123.399,0.0,66.677,1
1785989267,440940430,98.277,3.149,101.23,0.0,33.338,1
1785989267,474278809,119.486,3.622,122.976,0.0,66.676,1
1785989267,540955078,93.747,3.514,97.139,0.0,33.338,1
1785989267,574292969,118.857,2.933,121.646,0.0,66.676,1
1785989267,640968506,93.874,9.515,103.267,0.0,33.337,1
1785989267,707643311,95.373,2.473,97.724,0.0,33.337,1
1785989267,774317383,89.458,2.451,91.806,0.0,33.337,1
1785989267,840991699,90.736,2.219,92.803,0.0,33.34,1
1785989267,907671143,94.919,2.46,97.261,0.0,33.339,1
1785989267,974349609,88.004,2.235,90.135,0.0,33.339,1
1785989268,41027588,90.379,2.327,92.596,0.0,0.0,1
1785989268,107705078,99.87,2.269,102.027,0.0,33.338,1
1785989268,141043457,121.468,6.903,128.199,0.0,66.677,1
1785989268,207719971,122.185,2.408,124.477,0.0,66.676,1
1785989268,274395752,111.934,2.562,114.356,0.0,33.338,1
1785989268,307733398,127.261,7.331,134.466,0.0,66.675,1
1785989268,374408203,114.346,2.548,116.779,0.0,66.674,1
1785989268,407745361,127.729,3.211,130.61,0.0,66.674,1
1785989268,474419434,103.519,3.455,106.719,0.0,33.337,1
1785989268,541092773,92.776,2.134,94.81,0.0,33.336,1
1785989268,607765381,89.696,1.996,91.596,0.0,33.336,1
1785989268,674437256,89.221,2.134,91.253,0.0,33.336,1
1785989268,741108887,90.498,2.009,92.407,0.0,33.335,1
1785989268,807779541,87.801,2.139,89.834,-33.335,33.336,1
1785989268,874468506,88.44,2.092,90.435,0.0,33.353,1
1785989268,941174805,88.484,2.156,90.532,0.0,33.353,1
1785989269,7881104,87.459,2.081,89.393,0.0,33.353,1
1785989269,74587646,94.91,2.491,97.293,0.0,33.353,1
1785989269,141294189,106.141,2.273,108.292,0.0,33.353,1
1785989269,174647461,128.197,2.472,130.548,0.0,66.707,1
1785989269,241354248,114.778,2.628,117.275,0.0,33.353,1
1785989269,274707520,136.397,2.102,138.392,0.0,66.707,1
1785989269,341414307,124.043,2.458,126.387,0.0,33.354,1
1785989269,408121338,121.969,2.529,124.376,33.353,66.707,1
1785989269,474828125,118.092,3.045,121.004,0.0,66.707,1
1785989269,541535156,95.468,3.167,98.51,0.0,33.354,1
1785989269,574888672,122.362,2.984,125.206,0.0,66.707,1
1785989269,641595947,97.496,3.515,100.8,0.0,33.354,1
1785989269,741656738,88.445,2.164,90.505,-33.354,-33.354,1
1785989269,808364014,87.372,2.209,89.48,0.0,33.354,1
1785989269,875060547,87.943,2.216,90.058,0.0,33.342,1
1785989269,941745117,90.371,2.364,92.485,0.0,33.342,1
1785989270,8428955,94.441,3.654,97.974,0.0,33.342,1
1785989270,75112549,128.213,8.32,136.165,0.0,66.683,1
1785989270,141795410,141.31,8.199,149.353,0.0,66.683,1
1785989270,208478027,126.114,3.309,129.3,0.0,66.682,1
1785989270,275159912,112.229,2.55,114.651,0.0,66.681,1
1785989270,308500732,124.114,2.033,126.052,0.0,66.681,1
1785989270,375181885,105.872,2.392,108.14,0.0,33.34,1
1785989270,408522217,125.273,2.095,127.27,0.0,66.68,1
1785989270,508542480,89.322,2.17,91.388,0.0,33.34,1
1785989270,575221924,90.135,2.376,92.369,0.0,33.34,1
1785989270,641901123,88.448,2.099,90.446,0.0,33.339,1
1785989270,708579590,94.73,2.33,96.938,0.0,33.339,1
1785989270,775257568,91.146,2.377,93.293,0.0,33.339,1
1785989270,841935547,90.061,2.206,92.163,0.0,33.343,1
1785989270,908621582,89.881,2.402,92.181,0.0,33.343,1
1785989270,975306885,88.825,2.255,90.97,0.0,33.343,1
1785989271,41991699,102.174,3.769,105.72,0.0,33.342,1
1785989271,75333984,143.152,4.355,147.177,0.0,66.684,1
1785989271,142017822,136.981,3.283,140.127,0.0,66.684,1
1785989271,208701416,126.187,3.604,129.675,0.0,66.683,1
1785989271,275384521,100.393,2.935,103.197,0.0,33.341,1
1785989271,342066895,89.878,2.195,91.973,0.0,33.341,1
1785989271,408749023,92.324,2.144,94.356,0.0,33.341,1
1785989271,475430420,88.215,2.128,90.239,-33.341,33.341,1
1785989271,542111328,92.479,2.429,94.693,0.0,33.34,1
1785989271,608791748,88.946,2.333,91.18,0.0,33.34,1
1785989271,675471680,87.706,2.457,89.934,0.0,33.34,1
1785989271,742151123,90.793,2.138,92.834,0.0,33.34,1
1785989271,808830078,89.03,2.319,91.153,0.0,33.34,1
1785989271,875512451,90.544,2.028,92.474,0.0,33.342,1
1785989271,942197021,88.785,2.141,90.823,0.0,33.342,1
1785989272,8881348,89.315,2.618,91.822,0.0,0.0,1
1785989272,75564941,99.439,3.629,102.942,0.0,33.342,1
1785989272,108906738,132.165,3.24,135.264,0.0,66.683,1
1785989272,175589600,124.271,3.603,127.729,0.0,66.682,1
1785989272,208930908,133.084,5.305,138.275,0.0,66.682,1
1785989272,308953857,99.638,3.216,102.735,0.0,33.341,1
1785989272,375635010,94.188,2.219,96.305,0.0,33.341,1
1785989272,442315918,93.227,3.073,96.166,0.0,33.34,1
1785989272,475656006,128.166,2.47,130.532,0.0,66.68,1
1785989272,542335938,97.892,2.44,100.212,0.0,33.34,1
1785989272,609015381,95.316,2.136,97.338,0.0,33.34,1
1785989272,675694336,93.14,2.163,95.203,0.0,33.339,1
1785989272,742372803,98.283,3.572,101.718,33.339,33.339,1
1785989272,775711670,113.881,2.474,116.243,0.0,33.339,1
1785989272,842389648,97.498,10.119,107.456,-33.339,33.342,1
1785989272,875731934,124.637,3.26,127.791,0.0,66.684,1
1785989272,942415527,108.465,2.378,110.714,0.0,33.342,1
1785989273,9098877,99.557,6.671,106.103,0.0,33.341,1
1785989273,42440186,154.221,2.183,156.283,0.0,33.341,1
1785989273,142463623,129.558,5.838,135.281,33.341,66.682,1
1785989273,209145264,102.763,3.225,105.839,0.0,33.341,1
1785989273,242485840,127.483,2.714,130.071,0.0,66.681,1
1785989273,309166748,105.392,2.984,108.238,0.0,33.34,1
1785989273,342506836,130.086,9.719,139.668,0.0,66.68,1
1785989273,409186768,125.04,3.676,128.561,0.0,66.679,1
1785989273,475866211,120.831,3.476,124.186,0.0,66.679,1
1785989273,542545166,114.406,2.602,116.889,0.0,66.678,1
1785989273,575884277,154.745,2.952,157.577,0.0,66.678,1
1785989273,675901123,93.563,2.197,95.656,33.339,33.339,1
1785989273,742578369,102.154,4.158,106.183,0.0,33.338,1
1785989273,775916748,124.377,3.209,127.469,0.0,66.677,1
1785989273,842593750,110.373,4.596,114.845,0.0,33.342,1
1785989273,875935547,124.696,2.862,127.422,0.0,66.684,1
1785989273,942619141,109.539,2.553,111.973,0.0,33.342,1
1785989273,975960693,128.148,6.583,130.693,0.0,66.683,1
1785989274,42643311,114.901,2.666,117.453,0.0,0.0,1
1785989274,75984375,157.649,2.836,160.36,-33.341,100.023,1
1785989274,176007080,121.707,3.561,125.146,0.0,66.681,1
1785989274,242687988,109.866,2.418,112.15,0.0,33.34,1
1785989274,276028320,125.829,2.321,128.035,0.0,66.68,1
1785989274,342708496,124.072,3.068,126.958,0.0,66.68,1
1785989274,409388184,99.645,5.118,104.638,0.0,33.34,1
1785989274,442727783,129.776,2.403,132.062,0.0,66.679,1
1785989274,509406738,123.048,2.403,125.34,0.0,66.678,1
1785989274,576084961,117.983,3.63,121.464,0.0,66.678,1
1785989274,609423828,125.765,2.334,127.996,0.0,66.677,1
1785989274,709439697,93.584,2.103,95.587,0.0,33.338,1
1785989274,776116455,92.251,2.2,94.307,0.0,33.338,1
1785989274,842792969,88.324,2.244,90.466,-33.338,-33.338,1
1785989274,909477051,95.264,2.018,97.186,0.0,33.342,1
1785989275,9502197,95.948,2.3,98.143,0.0,33.341,1
1785989275,76184814,106.344,13.661,119.686,0.0,33.341,1
1785989275,109526123,128.466,2.308,130.656,0.0,66.682,1
1785989275,176208008,129.284,4.121,133.287,0.0,66.681,1
1785989275,242889404,117.133,2.799,119.805,0.0,33.341,1
1785989275,276229980,135.526,2.547,137.951,0.0,66.68,1
1785989275,342910400,123.565,3.737,127.067,0.0,33.34,1
1785989275,409590576,115.287,3.275,118.43,33.34,33.34,1
1785989275,442930420,129.974,2.737,132.517,0.0,66.679,1
1785989275,509609619,128.813,3.047,131.725,0.0,66.678,1
1785989275,576288086,125.394,2.052,127.352,0.0,66.678,1
1785989275,642966309,122.101,2.33,124.295,0.0,66.677,1
1785989275,709643799,122.039,2.354,124.281,0.0,66.677,1
1785989275,742982422,125.179,2.402,127.371,0.0,66.677,1
1785989275,842997803,97.504,3.284,100.673,0.0,33.351,1
1785989275,909768311,92.184,2.088,94.172,0.0,33.42,1
1785989275,976607910,91.814,2.464,94.158,0.0,33.42,1
1785989276,43448730,104.922,2.304,107.069,0.0,0.0,1
1785989276,76869629,147.632,2.085,149.612,-33.421,66.843,1
1785989276,143712646,162.693,2.132,164.718,0.0,100.267,1
1785989276,243979980,121.483,2.162,123.543,0.0,66.847,1
1785989276,310826660,102.918,7.397,110.148,0.0,33.424,1
1785989276,344250488,122.685,2.902,125.46,0.0,66.849,1
1785989276,411099365,95.492,2.358,97.747,0.0,33.425,1
1785989276,477949707,94.797,2.176,96.87,0.0,33.426,1
1785989276,544801514,93.577,2.404,95.879,0.0,33.427,1
1785989276,578228027,126.698,2.39,128.968,0.0,66.854,1
1785989276,645081787,115.963,2.565,118.272,0.0,66.855,1
1785989276,678509277,135.247,2.401,137.523,0.0,33.428,1
1785989276,745365479,124.194,2.445,126.525,-33.428,66.857,1
1785989276,812222900,121.302,2.129,123.319,0.0,33.429,1
1785989276,879080078,108.817,3.132,111.829,33.334,33.334,1
1785989276,912414551,123.019,2.624,125.535,0.0,33.334,1
1785989276,979082764,113.3,3.098,116.265,33.334,33.334,1
1785989277,12416504,137.803,3.112,140.743,0.0,66.667,1
1785989277,79083496,125.029,2.1,127.023,0.0,66.666,1
1785989277,112416748,148.418,2.284,150.586,0.0,66.666,1
1785989277,179082520,131.665,3.159,134.697,0.0,66.665,1
1785989277,245747314,125.921,3.926,129.72,0.0,66.664,1
1785989277,312411621,122.472,2.062,124.431,0.0,66.663,1
1785989277,345743164,156.449,1.965,158.319,0.0,99.994,1
1785989277,445737305,125.441,2.782,128.092,0.0,66.662,1
1785989277,512399170,116.591,2.785,119.167,0.0,66.661,1
1785989277,545729736,124.745,5.163,129.779,0.0,66.66,1
1785989277,612390137,122.85,2.788,125.516,0.0,66.66,1
1785989277,679049805,97.566,12.093,109.546,0.0,33.33,1
1785989277,745708740,101.542,5.307,106.73,0.0,33.329,1
1785989277,812366699,108.779,2.834,111.473,0.0,0.0,1
1785989277,845695557,124.022,2.325,126.23,-33.329,66.666,1
1785989277,912361328,108.593,3.739,112.216,0.0,33.336,1
1785989277,945697754,128.041,2.36,130.28,0.0,66.672,1
1785989278,12369873,117.371,2.468,119.722,0.0,66.672,1
1785989278,79041504,122.171,2.087,124.152,0.0,66.671,1
1785989278,112376953,142.148,4.428,146.293,0.0,66.67,1
1785989278,179047363,132.083,2.39,134.351,0.0,33.335,1
1785989278,245717041,116.268,2.593,118.733,-33.335,66.669,1
1785989278,279051758,128.331,2.847,131.06,0.0,66.668,1
1785989278,345720215,123.599,2.427,125.918,0.0,66.668,1
1785989278,379054199,125.822,2.747,128.472,0.0,66.667,1
1785989278,479054932,89.944,2.159,92.001,0.0,33.333,1
1785989278,545721191,87.745,2.114,89.754,0.0,0.0,1
1785989278,612386719,92.386,2.473,94.747,0.0,33.333,1
1785989278,645719238,123.814,2.272,125.987,0.0,66.664,1
1785989278,712383545,126.147,2.644,128.657,0.0,66.664,1
1785989278,779047119,107.854,5.11,112.844,0.0,33.332,1
1785989278,812378662,125.21,3.026,128.115,0.0,66.663,1
1785989278,879041748,116.76,3.008,119.626,0.0,33.335,1
1785989278,912376953,149.625,2.186,151.703,0.0,100.005,1
1785989278,979047119,121.818,2.741,124.425,0.0,33.335,1
1785989279,45716309,98.864,2.267,101.019,33.334,33.334,1
1785989279,112385010,104.165,2.603,106.642,0.0,33.334,1
1785989279,145718994,131.359,15.684,146.924,0.0,66.667,1
1785989279,212386230,119.014,3.014,121.893,0.0,66.667,1
1785989279,245719727,155.825,2.859,158.519,0.0,99.999,1
1785989279,345718506,97.362,2.45,99.69,0.0,33.333,1
1785989279,412383545,97.129,2.41,99.347,0.0,33.332,1
1785989279,479047852,95.631,2.124,97.656,0.0,33.332,1
1785989279,545711182,93.598,2.129,95.611,0.0,33.332,1
1785989279,612373779,93.677,2.173,95.743,0.0,33.331,1
1785989279,679035645,92.442,2.056,94.398,0.0,33.331,1
1785989279,745696777,91.648,2.052,93.544,0.0,33.33,1
1785989279,812357178,90.349,2.462,92.706,33.33,33.33,1
1785989279,912394287,89.543,2.195,91.638,-33.377,33.378,1
1785989279,979149902,90.846,2.059,92.806,0.0,33.378,1
1785989280,45906738,92.0,4.695,94.364,0.0,0.0,1
1785989280,79285889,134.298,2.407,136.586,0.0,66.759,1
1785989280,146044922,147.839,9.799,157.517,0.0,66.761,1
1785989280,212805664,150.739,2.293,152.915,0.0,66.762,1
1785989280,246186523,150.051,2.277,152.21,0.0,66.763,1
1785989280,312949219,134.657,3.638,138.131,0.0,66.764,1
1785989280,379713379,121.219,3.288,124.381,0.0,33.383,1
1785989280,446479004,96.01,2.302,98.158,-33.383,33.383,1
1785989280,513245850,92.444,2.07,94.418,0.0,33.384,1
1785989280,580014404,90.38,2.0,92.264,0.0,0.0,1
1785989280,646784424,95.004,2.532,97.406,0.0,33.385,1
1785989280,680169922,123.898,2.674,126.44,0.0,33.386,1
1785989280,746941895,97.976,2.648,100.444,-33.386,33.387,1
1785989280,813715576,99.629,2.785,102.267,0.0,33.387,1
1785989280,880489746,91.041,2.245,93.183,0.0,33.385,1
1785989280,947261230,95.663,2.46,97.972,0.0,33.386,1
1785989281,14034424,93.633,2.347,95.878,0.0,33.387,1
1785989281,80809326,101.408,2.973,104.244,0.0,0.0,1
1785989281,114197510,133.486,4.112,137.396,-33.388,66.778,1
1785989281,180975098,119.886,2.563,122.348,0.0,0.0,1
1785989281,247754395,122.794,3.755,126.446,33.39,33.39,1
1785989281,314535400,125.101,3.198,127.998,-33.391,66.783,1
1785989281,381318359,113.099,3.098,116.041,0.0,33.392,1
1785989281,414710205,132.255,2.68,134.816,0.0,66.785,1
1785989281,481495605,123.329,2.961,126.159,0.0,66.787,1
1785989281,548282715,116.27,2.413,118.567,0.0,66.789,1
1785989281,581677002,160.1,2.195,162.193,0.0,100.185,1
1785989281,681862061,110.26,4.41,114.508,0.0,33.396,1
1785989281,715258057,133.454,5.115,138.428,0.0,66.793,1
1785989281,782051270,122.06,3.761,125.658,0.0,66.795,1
1785989281,848845947,98.938,2.852,101.665,0.0,0.0,1
1785989281,948943604,88.265,2.129,90.293,0.0,33.35,1
1785989282,15644043,93.321,2.481,95.697,0.0,33.35,1
1785989282,82344238,128.699,4.483,132.13,0.0,66.7,1
1785989282,149043945,123.361,3.325,126.556,0.0,33.35,1
1785989282,215743652,110.041,4.435,114.358,33.35,33.35,1
1785989282,249093262,124.358,2.059,126.313,0.0,66.699,1
1785989282,315792480,121.913,3.296,125.067,0.0,66.699,1
1785989282,382491699,102.974,4.378,106.872,0.0,33.349,1
1785989282,415841064,111.419,2.163,113.487,0.0,33.349,1
1785989282,515888916,88.211,2.213,90.32,0.0,33.349,1
1785989282,582587158,89.494,2.282,91.674,0.0,33.349,1
1785989282,649285156,88.309,2.25,90.459,-33.349,33.349,1
1785989282,715983154,90.633,2.463,92.983,-33.349,33.349,1
1785989282,749332031,122.353,2.706,124.922,0.0,66.697,1
1785989282,816029297,96.102,2.32,98.321,0.0,33.349,1
1785989282,882726807,95.821,2.034,97.759,0.0,33.428,1
1785989282,949583984,92.818,2.357,95.073,0.0,33.429,1
1785989283,16442627,95.112,2.485,97.492,0.0,33.43,1
1785989283,83303223,119.97,2.808,122.127,0.0,66.862,1
1785989283,116734131,144.442,6.848,151.17,0.0,66.863,1
1785989283,183597412,126.955,3.387,130.213,0.0,66.865,1
1785989283,217029785,137.449,5.655,142.849,0.0,66.866,1
1785989283,317329102,90.598,2.728,93.214,0.0,33.434,1
1785989283,384197510,91.047,2.237,93.182,0.0,33.435,1
1785989283,451067871,89.737,2.337,91.965,0.0,33.436,1
1785989283,517939941,91.071,2.135,93.1,0.0,33.437,1
1785989283,584813721,87.998,2.236,90.129,0.0,33.438,1
1785989283,651689209,89.346,2.121,91.366,0.0,33.438,1
1785989283,718566406,90.874,2.107,92.883,0.0,33.439,1
1785989283,752005859,124.516,2.701,127.095,0.0,66.88,1
1785989283,818885742,97.757,2.892,100.526,0.0,33.441,1
1785989283,885765625,92.474,2.199,94.573,0.0,33.342,1
1785989283,985790771,85.96,2.183,88.042,-33.342,33.342,1
1785989284,52473633,119.901,2.499,122.226,0.0,33.341,1
1785989284,85814941,136.787,4.021,140.674,0.0,66.682,1
1785989284,152496826,113.796,5.882,119.477,0.0,33.341,1
1785989284,185837646,139.778,3.118,142.765,0.0,66.681,1
1785989284,252518799,126.425,2.215,128.519,0.0,66.681,1
1785989284,319199463,94.76,3.121,97.76,0.0,33.34,1
1785989284,385879639,93.968,2.333,96.144,0.0,33.34,1
1785989284,452559082,89.094,2.419,91.409,0.0,33.34,1
1785989284,519238037,87.536,2.122,89.557,0.0,33.339,1
1785989284,585916504,88.316,2.373,90.586,0.0,33.339,1
1785989284,652594482,87.687,2.313,89.822,0.0,33.339,1
1785989284,719271729,86.516,2.255,88.66,-33.339,-33.339,1
1785989284,785948486,90.144,2.11,92.146,0.0,33.338,1
1785989284,852624756,89.151,2.051,91.104,-33.338,33.339,1
1785989284,919305420,87.721,2.067,89.688,0.0,33.342,1
1785989284,985989258,88.868,2.233,91.0,0.0,33.342,1
1785989285,52672363,95.572,2.496,97.95,-33.342,33.342,1
1785989285,119355225,102.114,2.628,104.632,0.0,33.341,1
1785989285,152696289,124.654,9.194,133.663,0.0,66.682,1
1785989285,219378174,106.383,2.571,108.833,0.0,33.341,1
1785989285,252718994,127.563,4.273,131.695,0.0,66.681,1
1785989285,319399902,120.677,2.31,122.862,0.0,66.681,1
1785989285,386080566,118.174,2.4,120.462,0.0,33.34,1
1785989285,452760498,121.514,2.765,124.156,-33.34,66.679,1
1785989285,519439941,100.035,6.754,106.641,0.0,33.34,1
1785989285,552779541,121.626,3.191,124.684,0.0,66.678,1
1785989285,619458008,106.279,2.67,108.792,0.0,33.339,1
1785989285,652797119,124.09,2.607,126.57,0.0,66.678,1
1785989285,719475098,126.51,2.586,128.985,0.0,66.677,1
1785989285,786152344,122.42,3.198,125.504,0.0,66.677,1
1785989285,852829102,120.916,3.402,124.132,0.0,66.681,1
1785989285,919509766,94.181,2.125,96.203,0.0,33.342,1
1785989285,986193359,87.628,2.125,89.655,33.342,33.342,1
1785989286,52876221,96.794,4.198,100.875,33.341,33.341,1
1785989286,86217529,138.538,7.53,145.945,0.0,66.682,1
1785989286,152899658,143.016,3.256,146.143,0.0,66.682,1
1785989286,219581299,131.453,9.446,140.754,0.0,66.681,1
1785989286,286262451,119.219,2.779,121.891,0.0,33.34,1
1785989286,352942871,103.172,4.483,107.523,-33.34,33.34,1
1785989286,386282959,124.908,3.635,128.401,0.0,66.68,1
1785989286,452962646,119.829,2.9,122.604,0.0,66.679,1
1785989286,486302246,140.842,7.909,148.639,0.0,66.679,1
1785989286,552981201,127.308,2.381,129.57,0.0,66.678,1
1785989286,619659424,118.824,4.543,123.242,0.0,33.339,1
1785989286,652998535,127.148,3.699,130.719,0.0,66.677,1
1785989286,719676025,105.901,5.976,111.747,0.0,33.338,1
1785989286,753014404,122.79,2.86,125.515,0.0,33.338,1
1785989286,819691162,96.826,2.777,99.479,33.338,33.338,1
1785989286,853029297,129.34,2.425,131.634,0.0,66.681,1
1785989286,919709961,122.697,2.47,125.055,0.0,66.684,1
1785989286,986393799,94.331,2.091,96.317,0.0,33.342,1
1785989287,53077148,112.106,2.642,114.633,0.0,33.342,1
1785989287,86418701,127.118,1.992,129.016,0.0,33.341,1
1785989287,153101318,121.285,3.305,124.448,33.341,33.341,1
1785989287,219783203,102.098,2.897,104.864,-33.341,33.341,1
1785989287,253124023,120.977,2.481,123.213,0.0,66.681,1
1785989287,319805420,109.767,2.937,112.572,0.0,33.34,1
1785989287,353145752,121.859,2.819,124.554,0.0,66.68,1
1785989287,419826172,110.791,6.392,116.134,0.0,33.34,1
1785989287,453166260,130.151,8.494,138.519,0.0,66.679,1
1785989287,519845703,114.458,2.34,116.69,0.0,66.679,1
1785989287,553185547,132.336,2.464,134.686,0.0,66.679,1
1785989287,619864258,122.376,2.943,125.19,0.0,66.678,1
1785989287,686542480,96.489,2.661,99.038,0.0,33.339,1
1785989287,753220215,97.438,2.636,99.946,0.0,33.339,1
1785989287,819897461,92.747,2.179,94.822,0.0,33.338,1
1785989287,886574707,95.878,2.714,98.452,0.0,33.343,1
1785989287,919917236,121.239,2.727,123.847,0.0,33.343,1
1785989287,986602295,112.999,2.446,115.321,0.0,33.342,1
1785989288,19944336,139.579,9.249,148.703,0.0,66.684,1
1785989288,86628662,135.686,2.702,138.243,0.0,66.683,1
1785989288,153312012,127.787,2.368,130.037,0.0,66.683,1
1785989288,219995117,125.317,3.143,128.294,0.0,66.683,1
1785989288,286677734,120.066,2.191,122.149,0.0,33.341,1
1785989288,353359619,102.132,3.747,105.65,-33.341,33.341,1
1785989288,386700439,125.657,2.368,127.916,0.0,66.681,1
1785989288,453381836,126.44,2.929,129.26,0.0,66.681,1
1785989288,520062500,116.158,2.562,118.59,0.0,66.68,1
1785989288,553402588,139.726,2.607,142.16,0.0,66.68,1
1785989288,620082520,118.179,2.361,120.423,0.0,33.34,1
1785989288,686761963,100.387,4.472,103.75,33.339,33.339,1
1785989288,720101318,118.308,2.497,120.622,0.0,33.339,1
1785989288,753440674,146.459,2.944,149.268,0.0,66.678,1
1785989288,820119141,128.743,3.0,131.624,0.0,66.678,1
1785989288,886797363,114.495,14.013,128.37,0.0,0.0,1
1785989288,920139648,131.278,2.941,133.976,-33.342,66.684,1
1785989289,20165771,104.792,3.432,108.075,0.0,33.342,1
1785989289,86849365,131.53,21.196,152.6,0.0,66.683,1
1785989289,120190918,168.672,4.513,173.048,33.341,100.024,1
1785989289,220214844,136.28,9.814,145.964,0.0,66.682,1
1785989289,253555664,157.007,3.205,160.085,0.0,100.022,1
1785989289,353578125,113.92,2.865,116.642,0.0,0.0,1
1785989289,386918457,130.248,2.061,132.204,-33.34,66.681,1
1785989289,453599121,126.727,3.15,129.759,0.0,66.68,1
1785989289,520279053,118.442,2.276,120.6,0.0,66.679,1
1785989289,553618896,130.757,4.459,134.386,0.0,66.679,1
1785989289,620298096,114.608,3.03,117.515,0.0,66.679,1
1785989289,653637451,126.122,1.984,128.011,0.0,66.678,1
1785989289,753654785,92.99,2.173,95.057,0.0,33.339,1
1785989289,820332520,92.016,2.356,94.181,0.0,33.338,1
1785989289,887009766,92.787,2.235,94.92,0.0,33.342,1
1785989289,953693604,91.763,2.719,94.368,0.0,33.342,1
1785989289,987035400,118.136,4.733,122.734,0.0,33.342,1
1785989290,20376953,132.071,2.752,134.615,0.0,33.342,1
1785989290,53718506,153.606,2.854,156.304,0.0,33.341,1
1785989290,120400879,136.826,4.237,140.668,0.0,33.341,1
1785989290,187083008,122.592,2.815,125.277,0.0,33.341,1
1785989290,220423584,150.369,2.769,152.918,0.0,66.681,1
1785989290,287104736,138.181,3.077,141.11,0.0,66.681,1
1785989290,353785400,126.116,3.032,129.023,0.0,66.68,1
1785989290,420465332,117.28,2.347,119.512,0.0,66.68,1
1785989290,453805176,126.372,3.292,129.44,0.0,66.679,1
1785989290,520484375,111.491,2.588,113.94,0.0,33.339,1
1785989290,553823730,133.137,3.124,136.104,0.0,66.678,1
1785989290,620502197,123.189,2.68,125.745,0.0,66.678,1
1785989290,687180176,115.483,2.763,118.013,0.0,33.339,1
1785989290,720518799,133.605,3.264,136.672,0.0,66.677,1
1785989290,787195801,123.475,2.805,126.146,0.0,66.677,1
1785989290,853872314,99.348,2.576,101.807,0.0,33.338,1
1785989290,920553467,95.489,3.094,98.469,0.0,33.343,1
1785989290,987238770,92.242,2.792,94.921,0.0,33.342,1
1785989291,20581055,122.328,4.061,126.268,0.0,33.342,1
1785989291,53923340,143.74,11.299,154.875,0.0,33.342,1
1785989291,87265625,178.254,4.533,182.671,0.0,100.026,1
1785989291,187291260,116.397,2.923,119.211,0.0,33.342,1
1785989291,220632813,159.247,2.438,161.573,0.0,100.024,1
1785989291,320656982,97.183,2.236,99.316,0.0,33.341,1
1785989291,387339111,93.469,2.353,95.72,0.0,0.0,1
1785989291,454020508,93.666,2.218,95.78,0.0,33.341,1
1785989291,520701660,92.69,2.279,94.866,0.0,33.34,1
1785989291,587382080,92.25,2.095,94.246,0.0,33.34,1
1785989291,654062012,92.199,2.505,94.594,0.0,33.34,1
1785989291,720741455,91.773,2.36,93.829,0.0,33.34,1
1785989291,787420410,93.055,2.154,95.108,-33.339,33.339,1
1785989291,854098877,91.423,2.146,93.467,0.0,33.339,1
1785989291,920822754,91.116,2.106,93.121,0.0,33.385,1
1785989291,987593262,93.02,4.171,97.064,0.0,33.386,1
1785989292,20979004,115.871,2.385,118.138,0.0,33.386,1
1785989292,54365234,162.432,2.245,164.571,0.0,100.162,1
1785989292,154526855,139.15,6.88,145.794,0.0,66.776,1
1785989292,221303223,101.315,3.078,104.266,0.0,33.389,1
1785989292,321471191,93.931,2.183,96.011,0.0,33.39,1
1785989292,388251709,92.675,2.396,94.896,0.0,33.391,1
1785989292,455034180,92.686,2.26,94.84,0.0,33.392,1
1785989292,521818359,90.372,2.553,92.813,0.0,33.393,1
1785989292,588604004,91.511,2.283,93.691,0.0,33.394,1
1785989292,655391602,96.843,2.675,99.387,0.0,33.394,1
1785989292,688785889,123.742,2.899,126.515,0.0,66.79,1
1785989292,755575928,108.012,2.696,110.585,0.0,33.396,1
1785989292,788971680,129.513,2.441,131.844,0.0,66.792,1
1785989292,855764160,101.068,3.21,104.147,0.0,33.396,1
1785989292,922588867,96.789,2.328,99.001,0.0,33.429,1
1785989292,989447266,99.231,2.826,101.919,0.0,33.43,1
1785989293,89738281,119.39,2.649,121.927,0.0,33.431,1
1785989293,123169434,170.79,10.242,180.897,0.0,100.296,1
1785989293,223465576,98.809,2.949,101.63,0.0,33.433,1
1785989293,290331787,92.942,2.27,95.112,0.0,33.434,1
1785989293,357199951,90.791,2.444,93.131,0.0,33.435,1
1785989293,424069824,88.169,2.502,90.517,0.0,33.436,1
1785989293,490941162,87.727,2.298,89.92,-33.436,33.437,1
1785989293,557814453,90.22,2.463,92.577,0.0,33.438,1
1785989293,624689697,91.331,2.211,93.445,0.0,33.438,1
1785989293,691566406,90.519,2.139,92.552,0.0,33.439,1
1785989293,758444824,90.127,2.219,92.238,-33.439,33.44,1
1785989293,825325195,90.641,2.263,92.8,0.0,33.441,1
1785989293,892205322,87.993,2.326,90.213,0.0,33.344,1
1785989293,958892578,89.827,2.269,91.994,0.0,33.343,1
1785989294,25579102,88.576,2.495,90.954,0.0,33.343,1
1785989294,58922363,127.217,2.447,129.546,0.0,66.686,1
1785989294,125608398,125.821,2.365,128.071,0.0,66.686,1
1785989294,192293945,104.899,2.852,107.641,0.0,33.343,1
1785989294,225636475,126.014,2.759,128.623,0.0,66.685,1
1785989294,292321289,100.056,3.28,103.197,0.0,33.342,1
1785989294,392347656,90.514,2.346,92.755,0.0,33.342,1
1785989294,459031250,94.912,2.964,97.757,0.0,33.342,1
1785989294,492372803,119.778,3.164,122.781,0.0,66.683,1
1785989294,559055664,91.144,2.476,93.509,0.0,33.341,1
1785989294,625738037,92.525,2.202,94.541,0.0,33.341,1
1785989294,692420166,87.298,2.239,89.437,0.0,33.341,1
1785989294,759101563,93.975,2.248,96.116,0.0,33.341,1
1785989294,825782471,91.88,2.26,93.964,0.0,33.34,1
1785989294,892463379,90.025,2.313,92.236,0.0,33.342,1
1785989294,959147949,87.649,2.246,89.794,0.0,33.342,1
1785989295,25831543,92.947,2.105,94.949,0.0,33.342,1
1785989295,59173340,123.117,2.551,125.484,0.0,66.683,1
1785989295,125856445,116.796,2.62,119.289,0.0,66.682,1
1785989295,159197754,128.271,2.451,130.549,0.0,66.682,1
1785989295,259220703,113.582,2.393,115.78,0.0,66.681,1
1785989295,292561523,130.96,3.919,134.728,33.341,66.681,1
1785989295,359242676,106.356,3.357,109.603,0.0,33.34,1
1785989295,459263428,88.539,2.188,90.626,33.34,33.34,1
1785989295,525943115,89.757,2.201,91.858,0.0,33.34,1
1785989295,592622559,88.699,2.246,90.821,0.0,33.339,1
1785989295,659301270,92.049,2.124,94.078,0.0,33.339,1
1785989295,725979248,93.007,2.113,95.021,0.0,33.339,1
1785989295,792656982,92.179,2.733,94.806,0.0,33.339,1
1785989295,859333984,87.894,2.294,90.086,0.0,33.339,1
1785989295,926015381,91.351,2.186,93.433,0.0,33.342,1
1785989295,992699707,89.247,2.093,91.239,0.0,33.342,1
1785989296,59383301,100.303,2.878,103.012,0.0,33.342,1
1785989296,92725098,147.173,2.359,149.422,0.0,66.683,1
1785989296,159408203,123.432,3.241,126.541,0.0,66.682,1
1785989296,226090576,97.304,3.149,100.337,0.0,33.341,1
1785989296,326113281,94.434,3.191,97.269,0.0,33.341,1
1785989296,359453857,122.574,4.628,126.581,0.0,66.681,1
1785989296,426134766,107.242,5.737,112.845,0.0,33.34,1
1785989296,459474854,130.743,2.574,133.198,0.0,66.68,1
1785989296,526155029,121.757,3.536,125.179,0.0,66.679,1
1785989296,592834473,96.359,2.862,99.003,0.0,33.34,1
1785989296,659513428,97.557,2.85,100.279,0.0,33.339,1
1785989296,726191895,93.662,2.385,95.928,0.0,33.339,1
1785989296,792869873,99.149,2.859,101.739,0.0,33.339,1
1785989296,826208496,124.811,2.159,126.868,0.0,66.677,1
1785989296,892885986,122.389,3.476,125.741,0.0,66.685,1
1785989296,959571045,114.054,2.821,116.648,0.0,33.342,1
1785989296,992913086,139.673,2.379,141.937,0.0,66.684,1
1785989297,59597412,149.455,4.824,154.167,0.0,66.683,1
1785989297,126280762,156.399,2.438,158.714,0.0,66.683,1
1785989297,226305176,124.925,2.185,126.987,33.341,66.682,1
1785989297,292987549,96.993,2.516,99.396,0.0,33.341,1
1785989297,359669434,92.002,2.184,94.084,0.0,33.341,1
1785989297,426350586,94.982,2.689,97.54,0.0,33.341,1
1785989297,459691162,124.343,2.784,127.006,0.0,66.68,1
1785989297,526371582,109.5,6.355,115.682,0.0,33.34,1
1785989297,559711670,123.073,2.329,125.284,0.0,66.68,1
1785989297,626391357,120.686,2.554,123.108,0.0,33.34,1
1785989297,693070557,105.878,5.221,110.901,33.339,33.339,1
1785989297,726409912,121.989,2.875,124.752,0.0,33.339,1
1785989297,793088135,119.755,5.336,124.958,33.339,33.339,1
1785989297,859766113,98.643,2.924,101.447,-33.339,-33.339,1
1785989297,926447510,93.745,2.326,95.954,0.0,33.342,1
1785989297,993131592,92.326,2.13,94.323,0.0,33.342,1
1785989298,59815186,100.365,4.382,104.073,0.0,33.342,1
1785989298,126498047,104.96,2.858,107.645,0.0,33.341,1
1785989298,159839355,133.747,6.134,139.755,0.0,66.682,1
1785989298,226521729,125.49,3.273,128.638,0.0,66.682,1
1785989298,293203369,104.905,3.96,108.745,0.0,33.341,1
1785989298,326543945,128.814,2.472,131.169,0.0,66.681,1
1785989298,393224854,114.166,3.116,117.146,0.0,33.34,1
1785989298,426564941,132.015,3.81,135.604,0.0,66.68,1
1785989298,493244873,121.26,4.426,125.558,0.0,33.34,1
1785989298,559924561,95.153,2.41,97.443,0.0,33.339,1
1785989298,626603516,89.972,2.526,92.379,33.339,33.339,1
1785989298,693281738,91.053,2.387,93.334,0.0,33.339,1
1785989298,759959717,90.816,2.436,93.137,0.0,33.339,1
1785989298,826636963,92.638,2.237,94.772,0.0,33.338,1
1785989298,893314209,90.088,2.221,92.206,0.0,33.385,1
1785989298,960085205,91.384,2.203,93.486,-33.386,33.386,1
1785989299,26858154,94.567,2.096,96.558,0.0,0.0,1
1785989299,93632813,96.948,2.529,99.354,0.0,33.388,1
1785989299,160409180,120.551,2.338,122.776,0.0,33.389,1
1785989299,227187500,127.044,2.114,129.043,-33.389,66.78,1
1785989299,293967285,114.401,2.466,116.758,0.0,0.0,1
1785989299,327357910,129.235,2.55,131.632,-33.391,66.782,1
1785989299,394140381,127.174,2.222,129.287,0.0,66.784,1
1785989299,460924805,103.431,3.295,106.551,0.0,33.393,1
1785989299,494317383,127.659,2.727,130.268,0.0,66.787,1
1785989299,561104248,105.14,7.178,112.195,0.0,33.394,1
1785989299,627893066,96.067,2.151,98.118,0.0,33.395,1
1785989299,694683350,91.295,2.092,93.29,0.0,33.396,1
1785989299,761475342,91.175,3.583,94.625,0.0,33.397,1
1785989299,861666748,92.484,2.367,94.748,0.0,33.397,1
1785989299,928490479,90.485,2.112,92.496,0.0,33.427,1
1785989299,995344727,90.23,2.207,92.336,0.0,33.428,1
1785989300,62200684,99.376,5.937,105.189,0.0,33.428,1
1785989300,95629150,135.255,4.239,139.352,0.0,33.429,1
1785989300,162487793,124.201,6.629,130.662,0.0,33.43,1
1785989300,195917725,158.902,2.702,161.47,0.0,100.292,1
1785989300,296209961,109.971,2.524,112.371,0.0,33.431,1
1785989300,329641357,125.63,3.733,128.946,0.0,66.865,1
1785989300,396505859,108.219,3.21,111.291,0.0,33.433,1
1785989300,429938721,124.217,3.223,127.317,0.0,66.867,1
1785989300,496805908,119.641,2.447,121.978,0.0,66.869,1
1785989300,530239990,153.32,2.637,155.833,0.0,100.305,1
1785989300,630544922,110.073,10.867,120.821,0.0,0.0,1
1785989300,663980713,120.985,2.256,123.123,-33.436,66.873,1
1785989300,730853760,101.799,3.243,104.66,0.0,33.437,1
1785989300,764290771,123.536,2.431,125.86,0.0,66.875,1
1785989300,831166260,117.302,2.328,119.521,0.0,66.875,1
1785989300,898041748,96.224,2.49,98.52,0.0,33.342,1
1785989300,964726318,91.009,2.201,93.105,0.0,33.342,1
1785989301,31410400,95.38,2.264,97.526,0.0,33.342,1
1785989301,98093750,120.226,2.475,122.558,0.0,66.683,1
1785989301,131435303,125.601,2.287,127.785,0.0,66.683,1
1785989301,231459229,108.138,3.259,111.267,0.0,33.341,1
1785989301,298141113,121.351,2.546,123.782,0.0,66.681,1
1785989301,364822266,92.929,2.57,95.389,0.0,33.341,1
1785989301,431503174,91.681,2.432,94.01,0.0,33.34,1
1785989301,498183350,92.36,2.483,94.654,0.0,33.34,1
1785989301,564863037,90.832,2.198,92.927,0.0,33.34,1
1785989301,631542236,88.153,2.277,90.329,0.0,33.339,1
1785989301,698220703,87.82,2.143,89.858,0.0,0.0,1
1785989301,764898926,91.087,2.142,93.123,0.0,33.339,1
1785989301,831576416,88.935,2.203,91.033,0.0,33.339,1
1785989301,898253906,90.323,2.163,92.385,0.0,33.342,1
1785989301,964937500,89.997,2.197,92.092,0.0,33.342,1
1785989302,31620605,95.991,6.894,102.75,0.0,33.341,1
1785989302,131643799,90.693,2.208,92.786,0.0,0.0,1
1785989302,198325439,93.291,2.636,95.822,0.0,33.341,1
1785989302,265006592,93.61,3.034,96.542,0.0,33.34,1
1785989302,298346924,124.879,2.59,127.338,0.0,66.68,1
1785989302,365027100,104.137,2.976,106.948,0.0,0.0,1
1785989302,398366943,127.862,3.262,131.008,-33.34,66.679,1
1785989302,465046387,125.275,2.259,127.42,0.0,66.679,1
1785989302,531725098,119.737,2.886,122.167,0.0,66.678,1
1785989302,565064209,137.296,7.879,145.04,0.0,66.678,1
1785989302,631742188,114.595,3.869,118.321,0.0,33.339,1
1785989302,698419678,95.412,3.041,98.337,0.0,33.339,1
1785989302,765096680,97.733,4.42,102.016,0.0,33.338,1
1785989302,798434814,122.144,2.821,124.845,0.0,66.676,1
1785989302,865110840,98.632,3.826,102.14,0.0,33.338,1
1785989302,898449219,129.744,9.934,139.519,0.0,66.684,1
1785989302,965133057,99.794,3.553,103.232,0.0,33.342,1
1785989303,31816162,96.769,3.22,99.807,0.0,33.342,1
1785989303,98499023,124.456,2.619,126.961,0.0,66.682,1
1785989303,165181152,97.828,3.028,100.739,0.0,33.341,1
1785989303,298543701,96.745,5.132,101.731,0.0,33.34,1
1785989303,331884033,126.279,3.618,129.757,0.0,66.68,1
1785989303,398564209,119.581,2.575,122.041,0.0,66.679,1
1785989303,431904053,158.027,2.284,160.205,0.0,100.019,1
1785989303,531922852,94.279,2.383,96.541,0.0,33.339,1
1785989303,598601318,90.499,2.174,92.569,0.0,33.339,1
1785989303,665279297,88.447,2.332,90.605,0.0,33.339,1
1785989303,731956787,88.729,2.151,90.777,0.0,0.0,1
1785989303,798633545,92.701,2.225,94.811,0.0,33.338,1
1785989303,865309814,90.932,2.133,92.942,0.0,33.339,1
1785989303,931990479,96.578,2.674,99.132,0.0,33.342,1
1785989303,998674316,93.986,2.586,96.466,0.0,33.342,1
1785989304,65357422,99.46,3.364,102.696,33.341,33.341,1
1785989304,98698730,119.688,4.076,123.644,0.0,33.341,1
1785989304,165381348,128.897,2.402,131.168,0.0,66.682,1
1785989304,232062988,123.311,2.881,126.077,0.0,66.681,1
1785989304,298744385,95.854,2.807,98.41,0.0,0.0,1
1785989304,332084961,124.904,2.593,127.378,33.34,66.68,1
1785989304,398765381,122.963,2.763,125.598,0.0,66.68,1
1785989304,465445313,106.382,2.993,109.185,0.0,33.34,1
1785989304,498785156,132.829,3.33,136.023,0.0,66.679,1
1785989304,565464355,123.116,2.672,125.64,0.0,66.678,1
1785989304,632142822,97.394,3.738,101.002,0.0,33.339,1
1785989304,698820801,93.473,2.227,95.597,0.0,33.339,1
1785989304,765498291,93.301,2.355,95.512,0.0,33.339,1
1785989304,832175293,93.123,2.137,95.157,0.0,33.338,1
1785989304,898852295,92.517,2.219,94.634,0.0,33.343,1
1785989304,965538086,91.502,2.343,93.724,0.0,33.343,1
1785989305,32223389,134.672,2.899,137.455,0.0,66.685,1
1785989305,98907959,135.356,3.748,138.978,0.0,66.684,1
1785989305,165592285,111.041,3.138,113.893,0.0,33.342,1
1785989305,198934082,129.618,2.403,131.894,0.0,66.683,1
1785989305,265617432,124.983,2.688,127.541,0.0,66.683,1
1785989305,332300537,97.909,3.242,101.013,0.0,33.341,1
1785989305,365641602,121.072,2.812,123.762,0.0,66.682,1
1785989305,432323730,97.372,7.171,103.915,0.0,33.341,1
1785989305,499005371,99.109,2.035,101.046,0.0,0.0,1
1785989305,565686523,94.204,2.022,96.127,0.0,33.34,1
1785989305,632366943,91.075,2.169,93.142,-33.34,33.34,1
1785989305,699047119,89.415,2.111,91.424,33.34,33.34,1
1785989305,765726563,91.623,2.064,93.566,0.0,33.34,1
1785989305,832405518,92.584,2.156,94.637,0.0,33.339,1
1785989305,932439697,91.574,2.206,93.668,33.419,33.419,1
1785989305,999278564,94.227,4.253,98.36,0.0,33.42,1
1785989306,66118652,110.248,2.818,112.845,0.0,33.421,1
1785989306,99539307,125.93,2.379,128.204,0.0,66.843,1
1785989306,166381836,126.409,2.969,129.187,0.0,66.844,1
1785989306,233225586,102.974,4.303,106.812,0.0,0.0,1
1785989306,266647949,130.056,6.084,136.011,-33.422,66.846,1
1785989306,333493896,122.441,2.19,124.519,0.0,66.847,1
1785989306,400341309,124.47,2.63,126.981,0.0,66.849,1
1785989306,467190186,96.788,3.33,100.003,0.0,0.0,1
1785989306,534040527,89.765,2.249,91.913,0.0,33.426,1
1785989306,600892090,88.779,2.065,90.743,0.0,33.427,1
1785989306,667745361,92.325,2.006,94.233,0.0,33.427,1
1785989306,734599854,92.035,2.203,94.134,0.0,33.428,1
1785989306,801455811,93.862,2.085,95.825,0.0,33.428,1
1785989306,868313232,91.972,2.322,94.192,0.0,33.429,1
1785989306,935170410,91.606,2.236,93.738,0.0,33.412,1
1785989307,35405762,101.457,2.302,103.637,-33.412,33.412,1
1785989307,68818115,152.977,2.131,155.008,0.0,66.826,1
1785989307,169056885,96.86,2.355,99.096,-33.413,33.414,1
1785989307,202470459,126.045,2.962,128.893,0.0,66.828,1
1785989307,269298340,116.251,4.015,119.93,0.0,0.0,1
1785989307,302712891,133.414,3.512,136.785,-33.415,-33.415,1
1785989307,369542480,117.302,2.472,119.663,33.415,66.831,1
1785989307,436373291,116.81,3.959,120.629,0.0,33.416,1
1785989307,503205566,112.362,2.447,114.677,0.0,66.833,1
1785989307,536621826,133.382,2.258,135.51,0.0,66.834,1
1785989307,603455811,113.619,2.017,115.54,0.0,33.417,1
1785989307,703708740,90.199,2.011,92.114,0.0,33.418,1
1785989307,770545410,87.126,2.163,89.181,0.0,33.419,1
1785989307,837383301,87.032,2.324,89.254,0.0,33.419,1
1785989307,904222412,85.981,2.145,88.011,0.0,33.419,1
1785989307,970968018,86.402,2.092,88.394,0.0,33.326,1
1785989308,37620850,132.127,2.833,134.779,0.0,66.652,1
1785989308,70946777,153.279,2.76,155.897,0.0,99.977,1
1785989308,170923340,93.862,2.386,96.063,0.0,33.325,1
1785989308,237572998,87.689,2.036,89.63,0.0,33.324,1
1785989308,304221436,88.321,2.104,90.324,33.324,33.324,1
1785989308,370869141,85.974,2.15,88.023,0.0,0.0,1
1785989308,437515381,87.854,2.054,89.805,0.0,33.323,1
1785989308,470838379,125.0,3.165,127.933,0.0,66.645,1
1785989308,537483154,118.768,3.142,121.656,0.0,66.644,1
1785989308,604126709,101.432,4.568,105.772,0.0,33.322,1
1785989308,637448242,123.595,4.877,128.151,0.0,66.642,1
1785989308,704090332,99.152,3.257,101.979,0.0,0.0,1
1785989308,770731445,97.486,8.991,106.332,0.0,33.32,1
1785989308,837371338,92.083,2.148,94.129,33.32,33.32,1
1785989308,904010254,88.019,2.257,90.173,0.0,33.32,1
1785989308,970700928,87.987,2.262,90.147,0.0,33.371,1
1785989309,37443115,92.667,15.838,107.499,-33.371,33.372,1
1785989309,70814697,116.156,3.023,119.06,0.0,33.372,1
1785989309,104186523,157.912,2.507,160.296,0.0,100.117,1
1785989309,204303955,125.31,3.3,128.491,0.0,66.747,1
1785989309,271050537,121.627,2.893,124.4,0.0,66.748,1
1785989309,337798340,111.982,3.195,115.058,0.0,33.374,1
1785989309,371172607,123.004,2.113,125.02,0.0,66.75,1
1785989309,437922119,105.972,3.291,109.079,0.0,33.375,1
1785989309,504673096,93.757,2.447,96.086,0.0,33.376,1
1785989309,571425049,88.619,2.23,90.735,0.0,33.376,1
1785989309,638178467,93.015,3.03,95.906,0.0,33.377,1
1785989309,671555420,113.582,2.464,115.929,0.0,33.377,1
1785989309,704932861,118.659,2.224,120.782,0.0,66.756,1
1785989309,805067139,93.139,2.069,95.117,0.0,33.379,1
1785989309,871824707,98.602,2.38,100.865,0.0,33.379,1
1785989309,905204102,124.231,2.379,126.487,0.0,66.714,1
1785989309,971918457,103.066,5.494,107.939,0.0,33.335,1
1785989310,5253418,123.569,2.597,126.015,0.0,66.67,1
1785989310,38588379,159.677,3.455,163.001,0.0,100.003,1
1785989310,138591797,114.39,3.054,117.32,0.0,66.668,1
1785989310,171925781,125.731,2.389,128.009,0.0,66.667,1
1785989310,271926758,106.562,8.116,114.55,33.333,33.333,1
1785989310,305260010,124.648,2.129,126.666,0.0,66.666,1
1785989310,371926025,112.409,2.505,114.781,0.0,33.333,1
1785989310,405258789,130.786,7.101,137.643,0.0,66.665,1
1785989310,471923584,126.983,3.809,130.671,0.0,66.664,1
1785989310,538587646,119.897,2.947,122.701,0.0,66.663,1
1785989310,605250977,121.513,2.54,123.934,0.0,33.331,1
1785989310,671913330,94.399,2.47,96.744,0.0,33.331,1
1785989310,738575195,94.993,2.509,97.384,0.0,33.331,1
1785989310,805236084,90.044,2.107,92.033,0.0,0.0,1
1785989310,871896240,89.257,2.214,91.35,33.33,33.33,1
1785989310,938556396,90.218,2.075,92.197,0.0,33.335,1
1785989311,5226074,87.851,2.02,89.77,0.0,33.334,1
1785989311,71895020,110.389,2.999,113.267,0.0,33.334,1
1785989311,105229004,129.748,3.091,132.688,0.0,66.668,1
1785989311,171896729,121.121,3.24,124.194,0.0,66.667,1
1785989311,238563477,97.087,3.637,100.567,0.0,33.333,1
1785989311,271896729,122.194,7.096,129.159,0.0,66.666,1
1785989311,338562256,100.562,2.684,103.13,0.0,0.0,1
1785989311,405227295,94.997,3.259,98.136,0.0,33.332,1
1785989311,471891357,87.637,2.179,89.712,0.0,33.332,1
1785989311,538554443,89.384,2.244,91.524,0.0,33.332,1
1785989311,605217041,88.343,2.18,90.314,0.0,33.331,1
1785989311,671878662,89.139,2.222,91.249,0.0,33.331,1
1785989311,738539551,87.936,2.289,90.122,0.0,33.33,1
1785989311,838529541,90.598,2.259,92.756,0.0,33.329,1
1785989311,905188232,94.377,3.006,97.265,0.0,33.33,1
1785989311,938518311,136.829,2.705,139.285,0.0,66.67,1
1785989312,5187988,163.244,12.799,175.813,0.0,66.669,1
1785989312,71857178,201.347,14.924,216.129,0.0,66.668,1
1785989312,138525391,238.944,6.289,245.096,0.0,66.667,1
1785989312,205192871,257.341,2.663,259.846,0.0,100.0,1
1785989312,271859619,245.159,2.686,247.721,0.0,99.999,1
1785989312,371858154,222.719,3.739,226.348,0.0,133.329,1
1785989312,505186768,143.419,4.222,147.53,0.0,66.663,1
1785989312,571849854,157.652,2.282,159.832,0.0,99.993,1
1785989312,671843018,126.086,3.127,129.089,0.0,66.661,1
1785989312,738504395,125.861,3.558,129.298,0.0,33.33,1
1785989312,771834473,145.183,2.662,147.725,0.0,66.66,1
1785989312,838494629,123.015,2.917,125.71,0.0,66.659,1
1785989312,871824219,158.89,2.347,161.131,0.0,99.995,1
1785989312,971818848,121.715,3.125,124.71,0.0,33.335,1
1785989313,38489014,114.069,5.399,119.319,33.335,33.335,1
1785989313,71823730,160.545,4.471,164.528,0.0,100.003,1
1785989313,171826660,126.209,3.73,128.556,0.0,33.334,1
1785989313,205160645,129.131,5.183,134.076,0.0,66.667,1
1785989313,271827881,120.898,3.491,124.274,0.0,66.666,1
1785989313,338494141,102.296,2.848,105.029,0.0,33.333,1
1785989313,371827148,128.886,2.124,130.907,0.0,66.665,1
1785989313,438492432,98.202,2.549,100.624,0.0,33.332,1
1785989313,505156982,99.506,4.068,103.435,0.0,0.0,1
1785989313,538489014,126.047,6.512,132.164,0.0,66.663,1
1785989313,571820557,164.908,16.078,180.87,0.0,99.994,1
1785989313,671814697,121.622,2.861,124.18,0.0,66.662,1
1785989313,738476563,117.972,2.348,120.21,0.0,33.331,1
1785989313,771807129,130.717,8.135,138.736,0.0,66.66,1
1785989313,838467529,133.329,2.97,136.171,0.0,66.66,1
1785989313,905127197,122.088,2.976,124.936,0.0,66.665,1
1785989313,971791992,128.051,2.834,130.755,0.0,66.669,1
1785989314,38460693,120.63,7.077,127.532,0.0,66.668,1
1785989314,71794434,161.174,3.085,164.135,0.0,100.001,1
1785989314,171795166,103.607,5.682,109.076,0.0,33.333,1
1785989314,238461426,97.003,11.863,107.419,0.0,33.333,1
1785989314,305126709,92.679,2.373,94.851,33.332,33.332,1
1785989314,371791260,89.889,2.494,92.178,0.0,33.332,1
1785989314,438454834,92.398,2.186,94.482,0.0,33.332,1
1785989314,505117676,90.766,2.24,92.901,0.0,33.331,1
1785989314,571779785,90.019,2.119,92.032,-33.331,33.331,1
1785989314,638441162,91.075,2.112,93.085,0.0,33.33,1
1785989314,705101563,92.504,2.055,94.457,0.0,33.33,1
1785989314,771761230,91.585,2.104,93.587,0.0,33.33,1
1785989314,871749268,90.647,2.193,92.737,0.0,33.329,1
1785989314,938407471,90.443,2.295,92.634,0.0,33.336,1
1785989315,5079346,91.957,2.107,93.962,33.336,33.336,1
1785989315,71750488,104.111,2.554,106.538,0.0,33.335,1
1785989315,138420654,107.048,2.79,109.722,0.0,33.335,1
1785989315,171755615,137.72,4.255,141.461,0.0,66.669,1
1785989315,238424561,126.185,2.57,128.64,0.0,66.668,1
1785989315,305093018,119.441,3.022,122.341,0.0,66.667,1
1785989315,338427002,158.932,2.354,161.177,0.0,100.0,1
1785989315,438427490,122.596,4.162,125.813,0.0,66.666,1
1785989315,505093506,107.944,4.908,112.714,0.0,33.333,1
1785989315,538426270,128.065,2.802,130.745,0.0,66.665,1
1785989315,605091309,122.706,2.579,125.153,0.0,66.664,1
1785989315,671755371,122.682,3.24,125.781,0.0,66.663,1
1785989315,738418701,107.934,2.673,110.492,0.0,0.0,1
1785989315,771750244,132.998,2.779,135.598,33.331,66.662,1
1785989315,838412354,125.701,3.105,128.599,0.0,66.662,1
1785989315,905073975,101.352,3.201,104.427,0.0,33.331,1
1785989315,938404785,128.916,3.803,132.484,0.0,66.759,1
1785989316,5163330,117.385,2.893,120.158,0.0,33.38,1
1785989316,38543213,165.129,3.252,168.263,0.0,100.142,1
1785989316,138685059,126.384,3.013,129.154,0.0,66.763,1
1785989316,172066406,157.869,14.424,172.162,0.0,100.146,1
1785989316,272212646,129.603,3.449,132.908,0.0,66.766,1
1785989316,305595459,133.799,3.848,137.518,0.0,66.767,1
1785989316,405746338,96.848,2.415,99.16,0.0,33.384,1
1785989316,472515381,91.196,2.409,93.495,0.0,33.385,1
1785989316,539285889,90.042,2.105,92.031,0.0,33.386,1
1785989316,606058105,92.62,2.386,94.904,0.0,33.386,1
1785989316,672831543,90.58,3.77,93.795,0.0,0.0,1
1785989316,706218994,125.481,1.987,127.376,-33.387,66.776,1
1785989316,772994629,119.873,5.726,125.119,0.0,33.389,1
1785989316,806383301,136.68,4.394,140.936,0.0,66.778,1
1785989316,873161377,121.356,4.077,125.3,0.0,66.779,1
1785989316,939939941,117.98,4.273,122.063,0.0,66.685,1
1785989316,973282471,139.311,10.39,149.569,0.0,33.342,1
1785989317,39967041,154.707,2.463,157.027,33.342,100.026,1
1785989317,106651123,146.521,2.623,149.005,0.0,66.684,1
1785989317,173334717,124.543,2.523,126.906,0.0,66.683,1
1785989317,273359131,97.268,2.247,99.412,33.341,33.341,1
1785989317,340041260,94.365,2.375,96.64,0.0,33.341,1
1785989317,406723145,91.985,2.499,94.372,0.0,33.341,1
1785989317,473404297,90.817,2.186,92.905,0.0,33.34,1
1785989317,540084961,91.816,2.156,93.875,0.0,33.34,1
1785989317,606765137,90.865,2.251,93.011,0.0,33.34,1
1785989317,673444824,96.518,2.06,98.475,0.0,33.34,1
1785989317,740123779,90.25,2.045,92.147,0.0,0.0,1
1785989317,806802490,92.72,2.06,94.682,0.0,33.339,1
1785989317,873480469,91.609,2.131,93.638,0.0,33.339,1
1785989317,940158203,89.974,2.193,92.066,0.0,0.0,1
1785989318,6849854,92.306,2.155,94.358,0.0,33.345,1
1785989318,73540771,99.039,2.394,101.318,0.0,33.345,1
1785989318,106886230,126.015,2.286,128.194,0.0,66.69,1
1785989318,173576660,124.941,3.965,128.786,0.0,66.69,1
1785989318,240266602,123.164,2.476,125.52,0.0,66.689,1
1785989318,306956055,124.912,2.196,127.0,0.0,66.689,1
1785989318,373645020,125.73,3.7,129.313,0.0,66.689,1
1785989318,440333740,106.997,11.069,117.942,0.0,33.344,1
1785989318,473677979,126.472,3.307,129.661,0.0,66.688,1
1785989318,540365723,111.305,2.685,113.843,0.0,33.344,1
1785989318,573709473,138.744,4.354,142.957,0.0,66.687,1
1785989318,640396729,129.939,2.921,132.711,0.0,66.687,1
1785989318,707083740,118.747,2.179,120.819,0.0,33.343,1
1785989318,773770020,132.508,2.433,134.815,33.343,66.686,1
1785989318,840455811,109.796,4.31,113.987,0.0,33.343,1
1785989318,873798584,125.192,2.456,127.544,0.0,66.686,1
1785989318,940484131,107.262,3.991,111.131,0.0,33.343,1
1785989319,7169678,96.007,2.107,98.014,0.0,33.343,1
1785989319,73854736,135.77,3.108,138.747,0.0,66.685,1
1785989319,107197021,160.208,3.031,163.084,0.0,100.026,1
1785989319,173881348,138.534,2.985,141.371,0.0,66.684,1
1785989319,240564941,129.582,2.469,131.946,0.0,66.683,1
1785989319,307248291,117.468,2.448,119.808,0.0,66.683,1
1785989319,340589600,144.567,2.806,147.243,0.0,66.682,1
1785989319,407271973,125.804,2.982,128.215,0.0,66.682,1
1785989319,473953857,125.821,2.549,128.258,0.0,66.681,1
1785989319,507294678,129.415,2.772,132.057,0.0,66.681,1
1785989319,573975586,109.518,3.657,113.044,0.0,33.341,1
1785989319,607316162,126.383,2.617,128.882,0.0,66.68,1
1785989319,673996338,126.725,2.448,129.041,0.0,66.68,1
1785989319,740676025,114.521,2.991,117.346,0.0,33.34,1
1785989319,774015869,132.286,2.398,134.57,0.0,66.679,1
1785989319,874034180,94.918,2.228,97.046,0.0,33.339,1
1785989319,940712646,92.727,2.327,94.953,0.0,33.342,1
1785989320,7396484,92.212,2.167,94.276,0.0,33.342,1
1785989320,74079834,105.047,2.347,107.284,0.0,33.342,1
1785989320,140762939,107.044,2.354,109.275,0.0,33.341,1
1785989320,174104004,135.933,3.067,138.884,0.0,66.682,1
1785989320,240786133,138.144,3.55,141.548,0.0,66.682,1
1785989320,307467773,126.444,2.265,128.591,0.0,66.681,1
1785989320,374148682,121.509,2.723,124.123,0.0,66.68,1
1785989320,407489014,131.19,5.28,136.345,0.0,66.68,1
1785989320,474168945,135.563,6.518,141.929,0.0,66.68,1
1785989320,540848633,134.462,2.893,137.035,0.0,66.679,1
1785989320,574188232,148.784,5.237,153.889,33.339,66.679,1
1785989320,640866943,131.718,2.901,134.489,0.0,66.678,1
1785989320,707545166,116.782,3.016,119.679,0.0,0.0,1
1785989320,740884033,128.487,2.737,131.092,-33.339,66.677,1
1785989320,807561523,127.605,2.07,129.575,0.0,66.677,1
1785989320,874238281,109.868,3.642,113.081,0.0,33.338,1
1785989320,907576660,124.365,2.156,126.419,0.0,33.338,1
1785989320,974256836,111.489,2.998,114.351,-33.342,-33.342,1
1785989321,7598633,134.0,2.379,136.267,33.342,66.683,1
1785989321,74281982,147.873,2.627,150.375,0.0,66.683,1
1785989321,140964844,131.804,2.084,133.785,0.0,66.682,1
1785989321,240988037,97.895,2.291,100.083,0.0,33.341,1
1785989321,307669434,96.21,2.215,98.324,0.0,33.34,1
1785989321,374350342,96.311,2.186,98.393,0.0,33.34,1
1785989321,441030518,93.981,2.246,96.055,0.0,33.34,1
1785989321,507710449,95.232,4.321,99.444,0.0,33.34,1
1785989321,574389648,95.089,2.11,97.094,0.0,33.339,1
1785989321,641068359,93.519,2.266,95.683,0.0,33.339,1
1785989321,707746582,97.115,2.406,99.417,0.0,33.339,1
1785989321,774424316,99.062,6.856,101.112,0.0,33.339,1
1785989321,807762939,127.705,2.56,130.149,0.0,66.677,1
1785989321,874439697,101.267,3.097,104.135,0.0,33.338,1
1785989321,907777832,131.977,3.03,134.876,0.0,66.801,1
1785989321,974579102,127.009,2.375,129.268,0.0,66.928,1
1785989322,41507324,132.093,11.061,143.01,0.0,66.932,1
1785989322,108439453,133.21,2.924,135.876,0.0,66.936,1
1785989322,175375244,133.928,2.428,136.239,0.0,66.94,1
1785989322,242314941,130.204,4.981,135.04,0.0,66.943,1
1785989322,309258057,104.768,3.205,107.849,0.0,33.473,1
1785989322,376205078,102.428,3.221,105.522,0.0,33.475,1
1785989322,443155762,95.469,2.193,97.554,0.0,33.477,1
1785989322,543588867,93.042,2.355,95.292,0.0,33.48,1
1785989322,610549072,95.52,2.079,97.504,0.0,33.481,1
1785989322,677512695,93.82,2.081,95.763,0.0,33.483,1
1785989322,744480225,91.524,2.273,93.696,0.0,33.485,1
1785989322,811451660,91.446,5.308,96.636,0.0,33.487,1
1785989322,844938477,111.48,2.606,113.966,0.0,33.488,1
1785989322,878426514,127.612,2.25,129.76,0.0,66.975,1
1785989322,945401855,114.216,2.019,116.136,0.0,66.851,1
1785989323,45746826,97.806,4.003,101.68,0.0,0.0,1
1785989323,79241943,139.732,3.946,143.514,-33.495,66.994,1
1785989323,146235596,140.564,3.363,143.792,0.0,66.998,1
1785989323,213233643,134.478,2.743,137.08,0.0,67.003,1
1785989323,280236328,124.296,2.319,126.483,0.0,67.007,1
1785989323,347243164,118.295,2.153,120.345,0.0,33.505,1
1785989323,414254883,98.502,2.644,100.999,-33.506,-33.506,1
1785989323,447762207,127.426,2.771,130.077,33.509,67.018,1
1785989323,514780518,121.037,2.675,123.585,0.0,67.023,1
1785989323,581803223,114.774,2.549,117.213,0.0,67.027,1
1785989323,615316406,147.514,3.089,150.464,0.0,67.029,1
1785989323,682345703,153.227,2.795,155.903,0.0,100.553,1
1785989323,782898438,131.223,2.403,133.319,0.0,67.041,1
1785989323,849938965,153.198,2.254,155.265,0.0,100.569,1
1785989323,950508301,131.341,2.231,133.455,0.0,33.522,1
1785989324,17467041,114.721,2.431,117.04,0.0,33.438,1
1785989324,50904541,162.612,2.383,164.876,0.0,66.876,1
1785989324,117781006,196.411,8.548,204.84,0.0,100.318,1
1785989324,218099121,170.391,2.155,172.432,0.0,100.322,1
1785989324,284980225,149.419,2.532,151.839,0.0,100.325,1
1785989324,351863281,121.289,2.238,123.426,0.0,66.885,1
1785989324,452191162,86.091,2.437,88.422,0.0,33.443,1
1785989324,519078613,85.249,2.275,87.42,0.0,33.445,1
1785989324,585968018,83.747,2.128,85.773,0.0,33.446,1
1785989324,652859375,83.973,2.506,86.264,-33.446,33.446,1
1785989324,719752686,83.714,2.283,85.895,0.0,33.447,1
1785989324,786647705,85.554,2.257,87.711,0.0,33.448,1
1785989324,853544434,118.668,3.409,121.964,0.0,33.449,1
1785989324,920443115,107.181,3.237,110.305,-33.449,-33.449,1
1785989324,987342041,97.083,2.597,99.572,33.329,33.329,1
1785989325,53999268,97.152,4.174,101.196,0.0,33.328,1
1785989325,120655273,117.854,2.765,120.419,0.0,66.655,1
1785989325,187310303,119.359,2.481,121.728,0.0,66.654,1
1785989325,220637451,149.123,2.759,151.767,0.0,99.98,1
1785989325,320617432,118.839,2.985,121.701,0.0,66.652,1
1785989325,387269287,89.774,2.483,92.142,0.0,33.326,1
1785989325,453920410,87.795,3.422,90.964,0.0,33.325,1
1785989325,520570313,85.782,2.169,87.851,0.0,33.325,1
1785989325,587219238,82.997,2.341,85.237,0.0,33.324,1
1785989325,653867188,82.899,2.491,85.287,0.0,33.324,1
1785989325,720514160,84.975,2.475,87.336,0.0,33.323,1
1785989325,820482666,81.94,2.108,83.945,33.322,33.322,1
1785989325,887126953,86.111,2.064,88.081,0.0,33.322,1
1785989325,953770508,86.431,3.184,89.501,0.0,33.323,1
1785989325,987093018,120.149,2.423,122.44,0.0,66.657,1
1785989326,53750244,135.128,2.515,137.517,0.0,66.656,1
1785989326,120406250,122.779,3.213,125.871,0.0,66.655,1
1785989326,187061523,119.91,3.369,122.993,0.0,66.654,1
1785989326,253715576,97.83,6.897,104.605,0.0,33.327,1
1785989326,287042236,119.68,2.98,122.526,0.0,66.652,1
1785989326,353694580,107.084,12.08,118.91,0.0,33.326,1
1785989326,387020508,123.658,3.252,126.776,0.0,0.0,1
1785989326,453671631,109.065,2.629,111.57,33.325,66.65,1
1785989326,486996826,127.553,2.751,130.146,0.0,66.649,1
1785989326,553646240,104.611,4.238,108.731,0.0,33.324,1
1785989326,620294678,98.929,4.603,103.387,33.324,33.324,1
1785989326,653618652,129.272,2.81,131.927,0.0,66.647,1
1785989326,720265625,118.426,2.799,121.107,0.0,66.646,1
1785989326,786911621,112.718,2.412,114.996,0.0,66.645,1
1785989326,820234131,131.294,4.986,136.138,0.0,66.645,1
1785989326,886878662,119.979,2.293,122.163,0.0,33.322,1
1785989326,953521973,116.308,2.677,118.785,-33.322,66.73,1
1785989327,20251709,120.035,6.594,126.496,0.0,66.814,1
1785989327,87066162,115.438,6.756,120.687,0.0,33.408,1
1785989327,153881836,113.3,2.548,115.746,0.0,33.408,1
1785989327,220698486,98.7,14.973,113.563,-33.408,33.409,1
1785989327,254107178,119.087,3.71,122.667,0.0,66.818,1
1785989327,320925049,117.67,2.834,120.326,0.0,66.819,1
1785989327,387744385,88.473,2.386,90.754,0.0,33.41,1
1785989327,454564453,85.421,2.588,87.903,0.0,33.41,1
1785989327,521385498,87.511,2.137,89.546,0.0,33.411,1
1785989327,588207520,84.284,1.99,86.181,0.0,33.411,1
1785989327,655030518,85.126,1.988,87.019,0.0,33.412,1
1785989327,721854736,84.382,2.362,86.636,0.0,33.412,1
1785989327,788679688,84.074,2.311,86.218,0.0,33.413,1
1785989327,888919189,83.096,2.277,85.274,0.0,33.414,1
1785989327,955746826,80.902,2.115,82.917,0.0,33.413,1
1785989328,22481445,96.265,10.172,106.322,0.0,33.321,1
1785989328,55802490,151.237,2.493,153.606,0.0,99.961,1
1785989328,155763672,117.576,2.255,119.671,0.0,66.639,1
1785989328,222402832,86.86,2.413,89.169,0.0,33.319,1
1785989328,289040771,93.483,6.15,99.472,0.0,33.319,1
1785989328,322359375,116.213,2.864,118.945,0.0,66.636,1
1785989328,388995361,120.732,2.746,123.368,0.0,66.635,1
1785989328,455630127,93.184,2.589,95.668,0.0,0.0,1
1785989328,522263672,92.271,2.77,94.83,0.0,33.316,1
1785989328,588895752,86.335,2.175,88.411,0.0,33.316,1
1785989328,655526611,83.921,2.469,86.284,0.0,33.315,1
1785989328,722156250,82.825,2.105,84.825,0.0,33.314,1
1785989328,788784668,83.233,2.156,85.287,0.0,33.314,1
1785989328,855411865,89.501,2.34,91.734,0.0,33.313,1
1785989328,922037598,86.668,2.28,88.833,0.0,33.312,1
1785989328,988663574,85.023,2.244,87.03,0.0,33.323,1
1785989329,55308838,87.552,2.872,90.31,0.0,33.322,1
1785989329,88630859,123.304,3.256,126.433,0.0,66.643,1
1785989329,121952637,152.339,3.693,155.895,0.0,99.964,1
1785989329,221916260,116.24,2.57,118.682,0.0,66.641,1
1785989329,288557129,90.307,2.343,92.541,0.0,0.0,1
1785989329,355196777,86.316,2.42,88.632,0.0,33.319,1
1785989329,421835205,87.628,2.401,89.851,33.319,33.319,1
1785989329,488472412,84.809,2.253,86.96,0.0,33.318,1
1785989329,555108398,85.22,2.219,87.338,0.0,33.318,1
1785989329,621743164,88.678,2.246,90.823,0.0,33.317,1
1785989329,688376709,86.709,2.222,88.816,0.0,33.316,1
1785989329,755008789,86.55,2.224,88.673,0.0,33.316,1
1785989329,821639893,85.394,2.263,87.556,0.0,33.315,1
1785989329,888269775,83.805,2.468,86.139,33.314,33.314,1
1785989329,954898193,85.102,2.253,87.242,0.0,33.315,1
1785989330,21534668,91.553,3.185,94.624,0.0,33.321,1
1785989330,54855957,137.985,3.215,141.087,0.0,66.641,1
1785989330,121497070,161.058,2.971,163.908,0.0,99.959,1
1785989330,221456543,110.678,3.16,113.704,0.0,33.319,1
1785989330,254775635,127.17,2.572,129.624,0.0,66.637,1
1785989330,321413086,119.552,2.718,122.02,0.0,66.636,1
1785989330,388049072,102.873,6.136,108.865,0.0,33.318,1
1785989330,421366699,125.875,3.086,128.835,0.0,66.634,1
1785989330,488000977,99.148,3.11,102.141,0.0,33.316,1
1785989330,554633789,99.041,7.026,105.447,0.0,33.316,1
1785989330,621265381,92.714,4.021,95.015,0.0,33.315,1
1785989330,721210449,85.203,2.227,87.326,0.0,33.314,1
1785989330,787838867,85.3,2.11,87.305,33.314,33.314,1
1785989330,887779053,89.219,2.639,91.744,0.0,33.313,1
1785989330,921091797,107.322,2.581,109.533,0.0,33.312,1
1785989330,954404297,127.022,3.31,130.202,0.0,66.635,1
1785989331,21039551,121.647,2.503,124.038,0.0,66.643,1
1785989331,87682373,118.969,2.661,121.52,0.0,33.321,1
1785989331,154323975,118.591,3.139,121.601,0.0,33.32,1
1785989331,220964355,92.463,2.328,94.688,33.32,33.32,1
1785989331,287603516,89.789,2.232,91.846,0.0,33.319,1
1785989331,354241211,87.928,2.462,90.288,0.0,33.319,1
1785989331,420877930,88.463,2.664,90.993,-33.318,-33.318,1
1785989331,454195801,121.214,2.931,124.016,33.317,66.635,1
1785989331,520830566,103.797,3.261,106.938,0.0,0.0,1
1785989331,554147461,125.455,2.286,127.627,33.317,66.633,1
1785989331,620780273,98.219,3.217,101.306,0.0,0.0,1
1785989331,687411865,90.509,2.392,92.793,0.0,33.315,1
1785989331,754042236,87.845,2.128,89.872,0.0,33.315,1
1785989331,820671387,91.881,2.392,94.154,0.0,33.314,1
1785989331,853985352,118.613,2.073,120.584,0.0,66.627,1
1785989331,920612793,100.967,2.98,103.841,0.0,33.313,1
1785989331,953925781,124.678,3.694,128.252,0.0,33.314,1
1785989332,20575928,131.209,3.197,134.277,0.0,66.672,1
1785989332,87248047,125.771,3.245,128.916,0.0,66.671,1
1785989332,153918945,127.202,3.358,130.441,0.0,66.67,1
1785989332,220589111,120.624,3.021,123.447,0.0,66.669,1
1785989332,287258301,94.68,3.015,97.576,0.0,33.334,1
1785989332,353926758,89.931,2.275,92.088,0.0,33.334,1
1785989332,420594482,88.72,2.394,91.009,0.0,33.333,1
1785989332,487261230,89.138,2.219,91.249,0.0,33.333,1
1785989332,553927002,90.04,2.2,92.134,0.0,33.333,1
1785989332,620592041,86.786,2.247,88.928,0.0,0.0,1
1785989332,687256104,87.911,2.183,89.996,0.0,33.332,1
1785989332,753919189,90.27,2.28,92.448,0.0,33.331,1
1785989332,820581543,92.561,2.193,94.655,0.0,33.331,1
1785989332,887243164,90.761,2.298,92.955,0.0,33.33,1
1785989332,953903809,90.29,2.343,92.523,0.0,33.331,1
1785989333,20555664,87.882,2.439,90.215,0.0,33.321,1
1785989333,87197266,94.09,3.046,96.678,0.0,0.0,1
1785989333,120517578,154.625,2.344,156.853,0.0,66.64,1
1785989333,187157227,122.313,3.824,126.03,0.0,66.638,1
1785989333,253795410,126.434,2.423,128.735,0.0,66.637,1
1785989333,320432617,124.202,3.683,127.754,0.0,66.636,1
1785989333,387068359,119.068,3.617,122.56,0.0,66.635,1
1785989333,453702881,98.573,2.935,101.325,0.0,33.317,1
1785989333,553652100,90.607,2.268,92.767,0.0,33.316,1
1785989333,620283447,91.35,2.055,93.306,0.0,33.315,1
1785989333,686913330,92.33,2.234,94.463,0.0,33.314,1
1785989333,753541992,91.544,2.179,93.622,0.0,33.314,1
1785989333,820169434,92.111,2.519,94.473,0.0,33.313,1
1785989333,886795410,94.358,2.444,96.703,0.0,33.312,1
1785989333,920107910,125.947,2.483,128.309,0.0,66.625,1
1785989333,986733154,97.215,2.502,99.604,0.0,33.351,1
1785989334,53484375,109.959,9.796,119.609,0.0,33.401,1
1785989334,86885010,136.96,5.292,142.098,0.0,66.802,1
1785989334,153687012,116.699,2.221,118.812,0.0,0.0,1
1785989334,253891602,92.758,2.601,95.252,0.0,33.402,1
1785989334,320695313,91.916,2.253,94.069,0.0,33.402,1
1785989334,387500244,88.856,2.15,90.904,0.0,33.403,1
1785989334,454305664,90.652,2.097,92.651,0.0,33.403,1
1785989334,521112061,90.047,2.458,92.401,0.0,33.404,1
1785989334,587919189,90.888,2.385,93.165,0.0,33.404,1
1785989334,654727051,88.1,2.119,90.081,0.0,33.404,1
1785989334,721535889,89.987,2.093,91.986,0.0,33.405,1
1785989334,788345459,91.074,2.087,93.068,-33.405,33.405,1
1785989334,855155762,92.194,2.14,94.23,0.0,33.406,1
1785989334,921966797,90.275,2.165,92.321,0.0,33.406,1
1785989334,988778809,88.89,2.258,91.044,0.0,33.405,1
1785989335,55497559,93.135,2.217,95.246,0.0,33.313,1
1785989335,122123779,107.547,2.754,110.164,0.0,33.312,1
1785989335,155436279,135.75,7.733,143.369,0.0,66.624,1
1785989335,222060303,124.882,2.417,127.166,0.0,66.623,1
1785989335,288682861,105.493,6.9,112.264,0.0,33.311,1
1785989335,321993408,122.342,2.366,124.567,0.0,66.62,1
1785989335,388613525,116.008,2.521,118.407,0.0,33.31,1
1785989335,421923096,155.688,2.277,157.854,0.0,99.926,1
1785989335,521849365,107.583,2.547,110.005,0.0,33.308,1
1785989335,588464844,99.243,3.795,102.782,0.0,33.307,1
1785989335,655078857,90.391,2.266,92.554,33.306,33.306,1
1785989335,721691406,90.471,2.355,92.541,0.0,33.306,1
1785989335,788302246,91.808,2.308,93.976,33.305,33.305,1
1785989335,854911865,91.865,2.12,93.89,0.0,33.304,1
1785989335,921519531,88.25,2.152,90.303,0.0,33.303,1
1785989335,988125977,88.936,2.082,90.913,0.0,33.304,1
1785989336,54743164,95.948,2.864,98.698,0.0,33.313,1
1785989336,88056396,155.559,2.459,157.901,0.0,99.937,1
1785989336,187993652,124.45,2.738,127.069,0.0,66.623,1
1785989336,254616699,122.457,3.451,125.795,0.0,66.621,1
1785989336,321238037,104.95,6.597,111.403,0.0,33.31,1
1785989336,354548096,124.929,3.309,127.691,0.0,66.619,1
1785989336,421167236,123.708,3.002,126.587,0.0,33.309,1
1785989336,454476074,156.166,3.221,159.117,0.0,99.925,1
1785989336,554400635,95.571,2.634,97.958,0.0,33.307,1
1785989336,621014893,120.475,11.257,131.595,0.0,33.307,1
1785989336,654321533,151.898,2.245,153.944,0.0,66.612,1
1785989336,720933594,126.653,2.975,129.309,0.0,66.611,1
1785989336,787544189,116.093,2.897,118.861,0.0,33.305,1
1785989336,820848877,127.056,2.155,129.111,0.0,66.608,1
1785989336,920760498,89.655,2.307,91.857,0.0,33.303,1
1785989336,987366211,96.419,2.387,98.702,0.0,33.303,1
1785989337,53983154,123.276,10.041,133.185,0.0,33.313,1
1785989337,87296143,146.77,2.565,149.058,0.0,66.625,1
1785989337,153921387,129.578,2.478,131.939,0.0,66.624,1
1785989337,220544922,109.4,3.776,112.886,0.0,33.311,1
1785989337,253855957,130.112,3.85,133.829,0.0,33.311,1
1785989337,287166748,141.598,3.902,145.328,0.0,66.62,1
1785989337,387096680,93.387,2.244,95.53,0.0,33.309,1
1785989337,453714844,91.275,2.234,93.408,0.0,33.308,1
1785989337,520331299,98.463,3.484,101.83,0.0,33.308,1
1785989337,553638916,104.369,2.033,106.301,0.0,33.307,1
1785989337,620252930,99.093,2.135,101.124,0.0,0.0,1
1785989337,686865479,94.685,2.107,96.69,0.0,33.306,1
1785989337,753476563,93.78,2.122,95.802,0.0,33.305,1
1785989337,820085938,95.475,1.997,97.372,0.0,33.304,1
1785989337,886693848,93.978,2.244,96.12,0.0,33.303,1
1785989337,953300293,93.913,2.262,96.077,0.0,33.302,1
1785989338,19905762,96.621,2.522,99.034,0.0,33.436,1
1785989338,86777832,104.77,2.191,106.845,0.0,33.437,1
1785989338,153652344,104.944,3.07,107.874,0.0,33.438,1
1785989338,220529785,99.506,2.348,101.717,0.0,33.44,1
1785989338,320851074,93.629,2.3,95.811,0.0,33.442,1
1785989338,354292725,122.937,7.025,129.834,0.0,66.886,1
1785989338,421178467,108.405,7.329,112.566,0.0,33.444,1
1785989338,488066895,96.75,2.18,98.758,0.0,33.445,1
1785989338,554958008,94.705,2.256,96.859,0.0,33.447,1
1785989338,621851807,90.58,2.119,92.599,0.0,33.448,1
1785989338,688748535,90.024,2.326,92.232,0.0,33.449,1
1785989338,755647949,98.918,3.651,102.355,0.0,33.451,1
1785989338,789098633,127.699,2.828,130.403,0.0,66.904,1
1785989338,856002197,124.769,2.335,126.987,0.0,66.906,1
1785989338,922908691,99.812,2.813,102.456,0.0,33.454,1
1785989338,989817627,116.177,2.444,118.497,33.453,33.453,1
1785989339,23270508,132.361,6.878,139.1,0.0,66.905,1
1785989339,90175781,114.87,2.958,117.719,0.0,33.454,1
1785989339,123629639,156.908,3.873,160.615,0.0,66.91,1
1785989339,190540039,141.289,7.573,148.716,0.0,66.914,1
1785989339,257454346,112.843,4.205,116.926,0.0,33.458,1
1785989339,290912842,127.825,3.153,130.759,0.0,66.92,1
1785989339,357832520,123.142,3.883,126.907,0.0,66.923,1
1785989339,424755615,114.959,4.629,119.457,0.0,66.927,1
1785989339,458218750,127.655,2.26,129.812,0.0,66.929,1
1785989339,525147461,122.611,3.237,125.733,0.0,66.932,1
1785989339,592079834,97.769,3.396,101.023,0.0,33.468,1
1785989339,659015625,91.676,2.164,93.738,0.0,33.469,1
1785989339,725955322,90.624,2.246,92.77,0.0,33.471,1
1785989339,792898438,90.333,2.13,92.366,0.0,33.473,1
1785989339,859845459,121.507,3.0,124.398,0.0,66.95,1
1785989339,926795898,92.984,2.239,95.119,0.0,33.477,1
1785989339,993750000,124.091,12.756,136.717,0.0,66.846,1
1785989340,27225586,152.556,7.697,160.144,0.0,66.74,1
1785989340,93966064,158.42,2.364,160.669,0.0,100.113,1
1785989340,194079346,112.617,2.538,115.026,0.0,66.744,1
1785989340,227451172,133.538,3.502,136.84,0.0,66.744,1
1785989340,327568604,101.485,3.783,105.143,0.0,0.0,1
1785989340,394315186,125.118,2.552,127.558,0.0,66.748,1
1785989340,461063232,132.058,3.024,134.71,0.0,33.375,1
1785989340,527812744,132.399,3.476,135.519,0.0,66.751,1
1785989340,594563721,129.634,2.684,132.209,0.0,33.376,1
1785989340,661316162,119.949,2.558,122.381,0.0,66.754,1
1785989340,694692871,146.056,2.542,148.482,0.0,66.754,1
1785989340,761447266,134.538,2.845,137.268,0.0,66.756,1
1785989340,794824951,165.223,3.19,168.266,-33.378,100.135,1
1785989340,894960205,120.563,2.379,122.817,0.0,66.759,1
1785989340,961718750,120.83,2.86,123.523,0.0,66.76,1
1785989341,28478516,107.123,2.805,109.783,0.0,33.325,1
1785989341,61803711,130.929,2.887,133.692,0.0,66.65,1
1785989341,128453613,123.291,2.128,125.31,0.0,66.649,1
1785989341,195102539,117.076,2.124,119.09,0.0,33.324,1
1785989341,261750000,98.049,3.88,101.691,-33.323,33.323,1
1785989341,295073486,122.662,2.601,125.147,0.0,66.646,1
1785989341,361719482,108.702,4.592,113.162,0.0,33.323,1
1785989341,395041992,121.429,2.671,123.94,0.0,33.322,1
1785989341,461686279,128.761,3.456,132.092,33.322,66.643,1
1785989341,528329346,117.241,2.908,120.022,0.0,66.642,1
1785989341,594971191,97.693,7.555,105.061,0.0,33.321,1
1785989341,628291748,123.877,2.208,125.985,0.0,66.64,1
1785989341,694932129,126.468,3.083,129.427,0.0,66.639,1
1785989341,761571045,123.499,2.901,126.267,0.0,33.319,1
1785989341,828208984,141.838,5.334,147.047,0.0,66.637,1
1785989341,894845947,138.818,3.769,142.445,0.0,66.636,1
1785989341,961481689,134.616,3.315,137.802,0.0,66.635,1
1785989342,28117188,127.424,3.899,131.198,0.0,66.652,1
1785989342,94768799,132.679,6.48,138.918,0.0,66.65,1
1785989342,161419189,115.569,9.891,125.322,0.0,33.325,1
1785989342,194743896,139.508,13.576,152.958,0.0,33.324,1
1785989342,261392578,136.101,8.081,144.06,33.324,33.324,1
1785989342,328040039,120.239,6.32,126.443,-33.323,33.323,1
1785989342,394686523,110.992,2.707,113.512,0.0,0.0,1
1785989342,428009277,122.529,2.642,124.947,33.323,66.645,1
1785989342,494654053,122.199,2.458,124.553,0.0,66.644,1
1785989342,561297607,123.418,1.975,125.3,0.0,66.643,1
1785989342,627940186,112.723,2.359,114.958,0.0,66.641,1
1785989342,661260986,127.361,2.251,129.452,33.32,66.641,1
1785989342,727901611,113.025,2.601,115.504,0.0,66.64,1
1785989342,761221680,135.799,4.978,140.641,33.32,66.639,1
1785989342,861179932,102.554,4.123,106.54,0.0,33.319,1
1785989342,927817383,97.608,2.611,100.043,0.0,33.318,1
1785989342,994453613,94.936,2.525,97.349,0.0,33.319,1
1785989343,61140625,92.015,2.156,94.069,0.0,33.368,1
1785989343,127877930,94.665,2.278,96.826,0.0,33.369,1
1785989343,194616455,90.485,2.236,92.616,0.0,33.37,1
1785989343,261355957,89.038,2.212,91.144,0.0,33.37,1
1785989343,328096680,92.031,2.275,94.19,0.0,33.371,1
1785989343,394838623,89.351,2.284,91.451,0.0,33.371,1
1785989343,461581543,94.04,2.666,96.566,0.0,33.372,1
1785989343,494953613,109.931,2.428,112.25,0.0,33.372,1
1785989343,561698242,92.914,2.289,95.102,-33.373,33.373,1
1785989343,628444092,91.096,2.53,93.511,0.0,33.374,1
1785989343,695191162,91.049,2.194,93.14,0.0,33.374,1
1785989343,761939209,90.308,2.23,92.437,0.0,0.0,1
1785989343,828688721,92.526,2.198,94.606,0.0,33.375,1
1785989343,895438965,91.168,2.187,93.256,0.0,33.376,1
1785989343,962190674,89.622,2.33,91.851,0.0,33.376,1
1785989344,28942871,86.896,2.155,88.95,0.0,33.333,1
1785989344,95609863,93.414,2.022,95.339,0.0,33.333,1
1785989344,162275635,89.404,2.224,91.521,0.0,33.333,1
1785989344,262273193,94.932,5.729,100.536,0.0,33.332,1
1785989344,328937012,93.682,2.064,95.647,0.0,33.332,1
1785989344,395600098,89.865,2.375,92.103,0.0,33.331,1
1785989344,462262207,90.905,2.149,92.943,0.0,33.331,1
1785989344,528923584,88.949,2.128,90.973,0.0,33.33,1
1785989344,595583984,90.052,2.223,92.171,0.0,33.33,1
1785989344,662243652,87.31,2.467,89.61,33.329,33.329,1
1785989344,728902344,89.034,2.17,91.102,0.0,33.329,1
1785989344,795560303,90.43,2.467,92.789,0.0,33.329,1
1785989344,862217285,90.971,2.234,93.1,0.0,33.328,1
1785989344,928873535,87.652,2.395,89.943,33.328,33.328,1
1785989344,995528809,90.372,2.226,92.488,0.0,33.328,1
1785989345,62268555,89.942,2.022,91.866,0.0,33.412,1
1785989345,129093018,97.988,3.388,101.169,0.0,33.413,1
1785989345,195918701,96.249,2.64,98.767,0.0,33.413,1
1785989345,262745605,92.49,2.561,94.948,0.0,33.414,1
1785989345,329573486,94.476,7.315,101.65,0.0,33.415,1
1785989345,396402832,90.648,2.172,92.72,0.0,33.415,1
1785989345,463233154,87.695,2.317,89.906,0.0,0.0,1
1785989345,530064697,87.366,2.667,89.914,0.0,33.416,1
1785989345,563480713,121.982,2.453,124.312,0.0,66.833,1
1785989345,630314209,101.686,2.996,104.376,0.0,33.417,1
1785989345,663731201,122.82,2.918,125.618,0.0,66.835,1
1785989345,730566162,119.104,2.246,121.25,0.0,66.836,1
1785989345,797402344,123.042,2.632,125.542,0.0,66.837,1
1785989345,864239746,122.996,2.39,125.274,0.0,66.839,1
1785989345,931078369,97.235,3.31,100.4,0.0,33.42,1
1785989345,997918213,93.188,2.448,95.428,0.0,33.419,1
1785989346,64665527,89.4,2.055,91.353,0.0,33.328,1
1785989346,131321533,89.017,2.227,91.142,0.0,33.328,1
1785989346,197976563,88.687,2.553,91.136,33.327,33.327,1
1785989346,264630371,89.538,2.265,91.699,0.0,33.326,1
1785989346,331283203,88.153,2.574,90.617,33.326,33.326,1
1785989346,397935059,90.189,2.105,92.183,0.0,33.325,1
1785989346,464585693,88.988,2.159,91.048,0.0,33.325,1
1785989346,564559814,90.015,2.453,92.359,0.0,33.324,1
1785989346,597884033,122.447,2.902,125.224,0.0,66.647,1
1785989346,664531494,97.024,3.065,99.965,0.0,33.323,1
1785989346,731177979,90.658,2.342,92.898,0.0,33.323,1
1785989346,797823486,86.758,2.238,88.891,0.0,33.322,1
1785989346,864467773,90.112,2.154,92.166,0.0,33.322,1
1785989346,931111084,89.975,2.321,92.198,0.0,33.321,1
1785989346,997753418,87.543,2.218,89.661,0.0,33.322,1
1785989347,64400879,87.631,2.704,90.222,0.0,33.326,1
1785989347,164376953,86.536,2.165,88.59,-33.325,33.325,1
1785989347,231026367,90.074,2.385,92.351,0.0,33.324,1
1785989347,297674561,87.3,2.165,89.346,0.0,33.324,1
1785989347,364321777,92.202,2.197,94.295,0.0,33.323,1
1785989347,430967773,89.513,2.238,91.572,0.0,33.323,1
1785989347,497612549,90.625,2.169,92.679,0.0,33.322,1
1785989347,564256348,90.442,2.099,92.433,0.0,33.322,1
1785989347,630898926,89.168,2.138,91.203,0.0,33.321,1
1785989347,697540283,90.332,2.107,92.339,0.0,0.0,1
1785989347,764180664,88.757,2.293,90.946,33.32,33.32,1
1785989347,830820068,90.604,2.105,92.503,0.0,33.319,1
1785989347,897458008,90.561,2.153,92.612,0.0,33.319,1
1785989347,964094971,88.255,2.097,90.249,0.0,33.318,1
1785989348,30731689,88.835,2.255,90.988,-33.319,33.333,1
1785989348,97397705,93.496,2.032,95.436,0.0,0.0,1
1785989348,164063232,93.266,2.15,95.227,0.0,33.332,1
1785989348,230727783,92.666,1.996,94.547,0.0,33.332,1
1785989348,297391602,88.686,2.062,90.646,0.0,33.332,1
1785989348,364054688,91.847,2.238,93.965,0.0,33.331,1
1785989348,430717041,89.496,2.059,91.452,0.0,33.331,1
1785989348,497378662,90.161,2.239,92.3,0.0,33.331,1
1785989348,564039551,90.297,2.253,92.438,0.0,33.33,1
1785989348,630699707,90.778,2.151,92.822,0.0,33.33,1
1785989348,697359131,90.203,2.208,92.309,0.0,0.0,1
1785989348,764017822,92.788,2.341,95.028,0.0,33.329,1
1785989348,830675537,96.47,2.527,98.887,0.0,33.329,1
1785989348,864004395,122.032,2.884,124.782,0.0,66.657,1
1785989348,930661133,96.116,2.352,98.342,0.0,33.328,1
1785989348,997317139,91.811,2.229,93.937,0.0,33.328,1
1785989349,63974121,89.316,2.113,91.312,0.0,33.328,1
1785989349,130630371,91.18,2.066,93.137,0.0,33.328,1
1785989349,197285645,89.042,2.182,91.068,0.0,33.327,1
1785989349,263939941,91.705,2.016,93.622,0.0,33.327,1
1785989349,330593018,91.118,2.193,93.21,0.0,33.326,1
1785989349,397245117,90.14,2.168,92.206,0.0,33.326,1
1785989349,463896240,89.673,2.146,91.71,0.0,0.0,1
1785989349,530546387,91.145,2.128,93.172,0.0,33.324,1
1785989349,597195313,89.95,2.232,92.078,0.0,33.324,1
1785989349,663843262,91.996,2.564,94.447,0.0,33.323,1
1785989349,697166748,126.048,2.664,128.593,0.0,66.646,1
1785989349,763813232,100.049,2.852,102.725,0.0,33.323,1
1785989349,830458740,98.546,2.689,101.047,0.0,0.0,1
1785989349,897103027,95.407,2.145,97.45,33.322,33.322,1
1785989349,963746338,89.261,2.22,91.378,-33.322,-33.322,1
1785989350,30389160,91.936,2.002,93.827,0.0,33.369,1
1785989350,97127930,101.851,2.595,104.309,-33.369,33.37,1
1785989350,130497803,124.994,3.384,128.25,0.0,66.741,1
1785989350,197238525,112.826,2.426,115.131,0.0,33.371,1
1785989350,230609375,132.111,4.577,136.512,0.0,66.742,1
1785989350,297351563,125.28,4.003,128.801,0.0,66.744,1
1785989350,364095215,106.337,4.883,111.096,0.0,33.372,1
1785989350,397467529,128.562,1.995,130.461,0.0,66.745,1
1785989350,464212646,122.522,2.239,124.654,0.0,66.747,1
1785989350,530959229,107.063,2.605,109.541,0.0,0.0,1
1785989350,564333008,126.533,2.865,129.26,-33.374,66.748,1
1785989350,631081299,122.556,5.685,128.126,0.0,66.749,1
1785989350,697830566,106.327,4.836,110.876,0.0,0.0,1
1785989350,764581299,97.611,2.447,99.941,0.0,33.376,1
1785989350,831333008,93.029,2.131,95.058,0.0,33.376,1
1785989350,898085938,92.202,2.155,94.256,0.0,33.377,1
1785989350,964840088,89.664,2.216,91.777,0.0,0.0,1
1785989351,31594971,89.566,2.205,91.551,0.0,33.334,1
1785989351,98262939,96.94,3.574,100.394,0.0,33.333,1
1785989351,131596436,105.042,2.428,107.368,0.0,33.333,1
1785989351,198263184,117.214,2.441,119.541,0.0,66.666,1
1785989351,231596191,127.689,2.079,129.652,0.0,66.666,1
1785989351,298261719,122.385,2.13,124.411,0.0,66.665,1
1785989351,364926270,108.241,6.597,114.697,0.0,33.332,1
1785989351,398258301,131.69,2.657,134.085,0.0,66.663,1
1785989351,464921631,125.501,2.579,127.95,0.0,66.662,1
1785989351,531583984,123.946,2.52,126.35,0.0,33.331,1
1785989351,598245850,115.335,2.111,117.343,0.0,33.33,1
1785989351,631576172,121.092,3.036,124.0,0.0,0.0,1
1785989351,698236816,117.982,4.158,121.667,33.33,33.33,1
1785989351,731566650,127.501,2.422,129.809,0.0,66.659,1
1785989351,798225830,127.377,2.997,130.263,0.0,66.658,1
1785989351,864884033,120.7,2.83,123.41,0.0,66.658,1
1785989351,931541748,100.771,3.345,103.984,0.0,33.328,1
1785989351,964870117,126.206,3.462,129.446,0.0,66.657,1
1785989352,31526855,98.964,2.634,101.491,0.0,33.337,1
1785989352,98199951,104.563,3.56,107.985,0.0,33.336,1
1785989352,164872314,95.481,2.29,97.663,0.0,33.336,1
1785989352,231543945,94.821,2.244,96.962,0.0,33.336,1
1785989352,298214844,96.693,4.011,100.583,0.0,33.335,1
1785989352,331550049,124.86,2.537,127.282,0.0,66.67,1
1785989352,398219727,117.413,2.941,120.223,0.0,33.334,1
1785989352,431554199,132.104,2.256,134.246,0.0,66.669,1
1785989352,498222900,127.173,4.446,131.511,0.0,66.668,1
1785989352,564890625,110.351,2.857,113.074,0.0,33.333,1
1785989352,598224121,128.273,9.611,137.742,0.0,66.667,1
1785989352,664890869,111.783,3.453,115.101,0.0,33.333,1
1785989352,698223877,127.216,2.019,129.139,0.0,66.666,1
1785989352,764889404,125.865,4.534,129.919,0.0,66.665,1
1785989352,831554199,126.214,3.291,129.375,0.0,66.664,1
1785989352,898218018,99.45,2.412,101.737,0.0,33.332,1
1785989352,964881348,95.612,2.038,97.549,0.0,0.0,1
1785989353,31543945,95.101,2.169,97.119,0.0,33.335,1
1785989353,98214355,94.236,2.22,96.353,0.0,33.335,1
1785989353,164884033,92.076,2.325,94.29,0.0,33.334,1
1785989353,231552734,92.135,2.103,94.133,0.0,33.334,1
1785989353,298220703,91.873,2.903,94.556,0.0,33.333,1
1785989353,364887695,93.689,2.113,95.7,-33.333,33.333,1
1785989353,431554199,92.392,2.139,94.426,0.0,33.333,1
1785989353,498219727,92.456,2.191,94.543,0.0,33.333,1
1785989353,564884521,98.593,2.498,100.964,0.0,33.332,1
1785989353,631548340,94.013,2.34,96.251,0.0,33.332,1
1785989353,698211670,93.284,2.509,95.691,0.0,33.331,1
1785989353,764873779,101.655,3.759,105.276,0.0,33.331,1
1785989353,798204834,111.263,2.372,113.529,0.0,33.331,1
1785989353,831535400,156.76,3.606,160.233,0.0,99.991,1
1785989353,931526367,108.74,7.966,116.575,0.0,33.33,1
1785989353,964856201,128.074,2.261,130.221,0.0,66.659,1
1785989354,31515625,109.072,5.432,113.606,0.0,33.377,1
1785989354,64892822,131.694,2.867,134.429,0.0,66.756,1
1785989354,131648438,126.812,2.267,128.978,0.0,66.757,1
1785989354,198405518,122.336,2.357,124.585,0.0,66.759,1
1785989354,832671387,133.717,3.658,136.724,0.0,66.772,1
