wall_time_s,tick,cpu_cores_camera,majflt_camera,last_cpu_camera,rss_kb_camera,swap_kb_camera,nonvol_ctxt_camera,cpu_cores_detector,majflt_detector,last_cpu_detector,rss_kb_detector,swap_kb_detector,nonvol_ctxt_detector,cpu_cores_worker,rss_kb_worker,cpu_cores_pick_logic,majflt_pick_logic,last_cpu_pick_logic,rss_kb_pick_logic,swap_kb_pick_logic,nonvol_ctxt_pick_logic,cpu_cores_target_3d,majflt_target_3d,last_cpu_target_3d,rss_kb_target_3d,swap_kb_target_3d,nonvol_ctxt_target_3d,cpu_cores_target_base,majflt_target_base,last_cpu_target_base,rss_kb_target_base,swap_kb_target_base,nonvol_ctxt_target_base,cpu_cores_static_tf,majflt_static_tf,last_cpu_static_tf,rss_kb_static_tf,swap_kb_static_tf,nonvol_ctxt_static_tf,sys_cpu_pct_total,sys_cpu_pct_cpu0,sys_cpu_pct_cpu1,sys_cpu_pct_cpu2,sys_cpu_pct_cpu3,mem_available_kb,swap_free_kb,cma_free_kb,ams_in10_input,ams_in11_input,ams_in12_input,ams_in13_input,ams_in14_input,ams_in15_input,ams_in16_input,ams_in17_input,ams_in18_input,ams_in19_input,ams_in1_input,ams_in20_input,ams_in21_input,ams_in22_input,ams_in23_input,ams_in24_input,ams_in25_input,ams_in26_input,ams_in27_input,ams_in2_input,ams_in3_input,ams_in4_input,ams_in5_input,ams_in6_input,ams_in7_input,ams_in8_input,ams_in9_input,ams_temp1_input,ams_temp2_input,ams_temp3_input,pwmfan_pwm1,ina260_u14_curr1_input,ina260_u14_in1_input,ina260_u14_power1_input,worker_restart_count,pss_kb_camera,pss_kb_detector,pss_kb_pick_logic,pss_kb_target_3d,pss_kb_target_base,pss_kb_static_tf,majflt_worker,last_cpu_worker,swap_kb_worker,nonvol_ctxt_worker,pss_kb_worker
1785989041.272,1,0.5584,0,2,64648,0,1193,0.6083,0,2,44972,0,587,,,0.6781,0,0,30216,0,2296,0.6282,0,2,23176,0,1084,0.5285,0,1,21320,0,1371,0.0,0,1,36880,0,485,0.75,1.0,0.9919,1.0,0.0,2131952,29359100,114160,1792,1197,1782,1782,1782,1783,856,1795,596,717,1200,1797,1251,0,858,840,839,1798,600,0,715,856,1796,1792,842,840,837,30619,31070,30542,15,1205,5016,6050000,0,,,,,,,,,,,
1785989042.377,2,0.067,0,2,66084,0,1193,0.3922,0,1,44972,0,938,,,0.6792,0,0,57108,0,3785,0.4305,0,2,43900,0,1349,0.6313,0,1,45568,0,2419,0.0191,0,1,37112,0,485,0.7483,1.0,1.0,1.0,0.0,2076124,29359100,99032,1794,1198,1782,1783,1782,1783,854,1796,597,717,1197,1802,1251,0,857,846,837,1798,600,0,714,857,1794,1792,841,841,839,30884,31101,31288,15,1207,5016,6050000,0,,,,,,,,,,,
1785989043.337,3,0.0416,0,2,66084,0,1193,0.5719,0,1,47964,0,1760,,,0.2704,0,0,58020,0,4233,0.6239,0,2,46912,0,1733,0.4991,0,0,46636,0,3268,0.0,0,1,37212,0,485,0.7474,0.9894,1.0,1.0,0.0,2064920,29359100,93700,1794,1197,1783,1783,1783,1784,855,1795,597,716,1197,1798,1250,0,858,841,841,1798,600,0,714,855,1796,1793,843,841,838,30417,31521,30402,15,1186,5016,5950000,0,,,,,,,,,,,
1785989044.351,4,0.0492,2,2,66260,0,1193,0.3247,0,2,47964,0,2206,,,0.0,0,0,58132,0,4233,0.364,0,0,69840,0,2327,0.4427,0,2,48012,0,3586,0.0098,0,1,37212,0,485,0.7506,1.0,1.0,1.0,0.0,2039908,29359100,81176,1792,1200,1781,1782,1781,1782,855,1794,596,717,1196,1802,1249,0,858,844,840,1797,600,0,714,854,1797,1793,840,841,839,31645,31552,31365,15,1193,5016,5990000,0,,,,,,,,,,,
1785989045.195,5,0.0308,0,2,66364,0,1193,0.5849,0,0,55100,0,3169,,,0.0103,0,0,58292,0,4233,0.5952,0,1,73768,0,3675,0.4926,0,2,66988,0,3972,0.0,0,1,37212,0,485,0.7466,1.0,1.0,1.0,0.0,2020972,29359100,71572,1793,1198,1782,1783,1782,1782,856,1796,597,716,1197,1800,1251,1,858,843,838,1798,600,0,716,854,1795,1792,840,841,844,30681,30837,30200,15,1192,5016,5990000,0,46905,40540,41545,53365,48612,26151,,,,,
1785989046.164,6,0.0096,0,2,66364,0,1193,0.8433,0,0,70112,0,3973,,,0.0192,0,0,58292,0,4233,0.0671,0,1,74224,0,3768,0.4792,0,2,74724,0,4675,0.0287,0,1,37488,0,485,0.4646,1.0,0.6322,0.2273,0.0,2010380,29359100,66488,1792,1198,1781,1781,1781,1782,854,1796,597,717,1198,1801,1251,1,858,844,842,1799,600,0,714,854,1796,1792,840,841,838,30713,30184,29562,15,1133,5016,5690000,0,,,,,,,,,,,
1785989047.155,7,0.0103,0,2,66364,0,1193,1.1423,0,0,118296,0,5018,,,0.0,0,0,58292,0,4233,0.0,0,2,74224,0,3770,0.0,0,2,74724,0,4675,0.0,0,1,37488,0,485,0.4351,1.0,0.2917,0.4583,0.0,1991052,29359100,56444,1793,1201,1782,1782,1781,1783,854,1797,596,715,1198,1801,1250,1,858,843,836,1799,598,0,715,855,1799,1794,840,841,838,30479,31816,31521,15,1122,5016,5630000,0,,,,,,,,,,,
1785989048.177,8,0.3816,0,2,81952,0,1290,0.8536,0,0,131220,0,6475,,,0.0201,0,0,58496,0,4233,0.1205,0,0,82420,0,3993,0.0502,0,2,75016,0,4746,0.0502,0,2,37488,0,601,0.5369,1.0,0.6078,0.53,0.0,1974428,29359100,51196,1793,1197,1782,1782,1782,1783,853,1794,596,715,1197,1801,1251,0,859,844,842,1799,600,0,715,856,1796,1790,841,841,839,30588,31769,30915,15,1150,5016,5860000,0,,,,,,,,,,,
1785989049.167,9,0.2157,0,2,88272,0,1290,0.8531,0,0,157200,0,8252,,,0.0098,0,0,58496,0,4233,0.304,0,1,93240,0,4536,0.0294,0,2,75376,0,4746,0.0196,0,2,37728,0,601,0.4961,0.99,0.5263,0.4574,0.0,1933524,29359100,26248,1793,1200,1782,1782,1782,1783,854,1794,597,716,1197,1799,1250,0,859,845,845,1799,600,0,715,856,1797,1791,841,840,838,31459,30837,30122,15,1256,5015,5880000,0,,,,,,,,,,,
1785989050.18,10,0.2183,0,2,88272,0,1290,0.0,0,0,157200,0,8252,,41656,0.0,0,0,58496,0,4233,0.2084,0,1,98828,0,4820,0.0,0,2,75376,0,4746,0.0,0,2,37728,0,601,0.4558,0.9714,0.4717,0.3981,0.0,1921400,29359100,14632,1794,1200,1782,1783,1783,1784,854,1799,596,715,1196,1799,1250,0,858,841,844,1797,599,0,715,856,1797,1794,842,841,839,31490,32313,30744,15,1133,5016,6340000,0,61975,111923,41010,76447,53174,26074,,0,0,1746,21933
1785989051.18,11,0.3493,0,2,91420,0,1290,0.0599,0,0,160392,0,8252,0.8981,48952,0.02,0,0,58624,0,4233,0.1696,0,1,97424,0,4990,0.01,0,2,75376,0,4746,0.01,0,2,37728,0,601,0.4921,1.0,0.5213,0.4468,0.0,1915852,29359100,8852,1793,1195,1782,1783,1782,1783,854,1797,597,717,1197,1798,1250,0,857,841,836,1798,599,0,716,855,1797,1793,840,840,842,29811,30060,30433,15,1200,5016,6020000,0,,,,,,,0,0,0,3287,
1785989052.172,12,0.3304,0,2,91420,0,1290,0.04,0,0,160636,0,8252,0.911,61664,0.0,0,0,58624,0,4233,0.1201,0,1,94460,0,5127,0.0,0,2,75376,0,4746,0.0,0,2,37728,0,601,0.4527,1.0,0.4167,0.398,0.0,1912720,29359100,5684,1793,1199,1782,1783,1783,1784,853,1794,597,716,1194,1797,1251,0,856,842,837,1798,599,0,716,856,1797,1792,841,841,831,30417,31350,30075,15,1250,5015,6270000,0,,,,,,,0,0,0,4806,
1785989053.157,13,0.3427,0,2,91420,0,1290,0.0403,0,0,160636,0,8252,0.9878,100908,0.0,0,0,58624,0,4233,0.1714,0,1,97340,0,5311,0.0,0,2,75376,0,4746,0.0101,0,2,37728,0,601,0.5089,0.96,0.5758,0.4792,0.0,1902448,29359100,492,1792,1187,1782,1782,1782,1783,855,1795,597,719,1193,1799,1250,0,858,845,840,1798,600,0,714,855,1796,1790,835,841,837,29842,31645,31801,15,1131,5015,6240000,0,,,,,,,0,1,0,6286,
1785989054.161,14,0.3772,0,2,92232,0,1290,0.0408,0,0,160800,0,8252,0.9378,150840,0.0102,0,0,58624,0,4233,0.1529,0,2,98128,0,5587,0.0,0,2,75376,0,4746,0.0,0,2,37728,0,601,0.5227,0.4737,0.7041,0.9192,0.0098,1852320,29359100,484,1793,1199,1782,1782,1781,1782,854,1794,596,716,1202,1802,1249,0,855,844,842,1796,599,0,714,856,1794,1792,840,840,836,31054,32205,30852,15,1153,5016,5790000,0,,,,,,,0,2,0,7057,
1785989055.16,15,0.3673,0,2,93024,0,1290,0.3276,0,0,169208,0,8646,0.3077,140316,0.0695,0,0,58624,0,4435,0.4765,28,0,129840,0,6120,0.0199,0,2,75376,0,4773,0.0,0,2,37728,0,601,0.5576,0.7685,0.6481,0.8182,0.0,1823100,29359100,2108,1793,1197,1782,1783,1782,1784,855,1798,597,715,1200,1799,1250,0,856,841,840,1798,599,0,715,856,1796,1790,839,840,838,29702,31505,31241,15,1261,5015,6370000,0,62582,106560,41080,88719,52703,26031,0,2,0,7677,86351
1785989056.255,16,0.4132,0,2,93024,0,1290,0.4231,0,1,171564,0,8988,0.305,140524,0.1082,0,1,59064,0,4604,0.856,0,0,156144,0,7551,0.0,0,2,75376,0,4773,0.0,0,2,37728,0,601,0.6332,0.8,0.8416,0.8889,0.0,1815712,29359100,900,1794,1199,1783,1783,1783,1784,854,1795,597,717,1196,1799,1250,0,858,842,839,1798,599,0,716,854,1795,1793,839,841,839,31117,31909,31179,15,1183,5016,5940000,0,,,,,,,0,2,0,8501,
1785989057.215,17,0.3506,0,2,93024,0,1290,0.3506,0,1,170308,0,9275,0.2805,140524,0.0902,0,1,59064,0,4785,0.8514,0,1,162368,0,8794,0.0,0,2,75376,0,4773,0.0,0,2,37728,0,601,0.6438,0.8936,0.7717,0.9271,0.0,1829576,29359100,3640,1793,1195,1782,1784,1783,1785,854,1796,597,714,1199,1798,1252,0,855,841,841,1798,600,0,713,856,1794,1789,839,841,842,31319,32049,30868,15,1268,5016,6360000,0,,,,,,,0,0,0,9410,
1785989058.185,18,0.3781,0,2,93024,0,1290,0.327,0,1,169308,0,9571,0.2759,140524,0.1022,0,0,59064,0,4948,0.4394,1,2,183496,0,9518,0.1329,0,1,76696,0,5028,0.0,0,2,37728,0,601,0.5381,0.7684,0.6979,0.6947,0.0,1825388,29359100,748,1793,1187,1780,1781,1780,1782,856,1796,596,716,1198,1800,1248,0,858,841,841,1798,600,0,712,856,1797,1791,841,841,838,31940,31412,30666,15,1183,5016,5940000,0,,,,,,,0,0,0,10050,
1785989059.141,19,0.3527,0,2,93024,0,1290,0.3225,0,1,169168,0,9880,0.2822,140524,0.0806,0,0,59064,0,5043,0.2519,0,0,184056,0,9928,0.0705,0,1,76696,0,5127,0.0,0,2,37728,0,601,0.4885,0.5888,0.663,0.6737,0.0,1823652,29359100,748,1794,1198,1782,1783,1783,1784,854,1797,597,716,1200,1799,1250,1,857,844,843,1798,600,0,714,856,1796,1793,842,840,844,31614,31132,31288,15,1418,5013,8960000,0,,,,,,,0,1,0,10451,
1785989060.136,20,0.3711,0,2,93024,0,1290,0.3611,0,0,169128,0,10299,0.2808,140524,0.0903,0,0,59064,0,5191,0.2808,0,2,184580,0,10258,0.0802,0,0,76696,0,5283,0.0,0,2,37728,0,601,0.4884,0.6075,0.6449,0.7222,0.0,1823572,29359100,900,1793,1199,1782,1782,1782,1783,854,1797,596,716,1197,1801,1249,0,859,841,843,1798,600,0,714,856,1798,1793,839,841,836,31257,32003,31428,15,1175,5016,5890000,0,62578,100558,41195,116269,53705,26031,0,0,0,11078,80265
1785989061.216,21,0.3741,0,2,93024,0,1290,0.3933,0,1,170380,0,10640,0.3166,140524,0.1055,0,0,59064,0,5418,0.2878,0,1,183240,0,10610,0.0863,0,1,76696,0,5462,0.0,0,2,37728,0,601,0.509,0.6526,0.6531,0.7273,0.0,1824400,29359100,884,1793,1194,1782,1783,1782,1783,855,1798,596,719,1195,1800,1250,1,859,841,844,1798,600,0,715,855,1794,1793,840,841,838,30557,31692,30899,15,1175,5016,5890000,0,,,,,,,0,0,0,11914,
1785989062.168,22,0.3546,0,2,93024,0,1290,0.3546,0,1,170600,0,10987,0.3039,140524,0.1013,0,2,59064,0,5581,0.2837,0,2,184556,0,10972,0.0912,0,1,76696,0,5620,0.0,0,2,37728,0,601,0.5428,0.7283,0.7097,0.7527,0.0,1821916,29359100,884,1794,1187,1782,1782,1782,1783,855,1796,596,713,1197,1800,1252,0,857,843,842,1798,599,0,714,855,1794,1792,837,841,831,31210,30619,30604,15,1176,5016,5900000,0,,,,,,,0,2,0,12798,
1785989063.25,23,0.3911,0,2,93024,0,1290,0.4212,0,2,171668,0,11435,0.351,140524,0.1103,0,1,59064,0,5756,0.3109,0,2,183276,0,11433,0.1003,0,0,76696,0,5844,0.0,0,2,37728,0,601,0.5176,0.6762,0.6887,0.7103,0.0,1823984,29359100,928,1793,1193,1782,1782,1781,1783,855,1797,597,718,1198,1800,1250,0,857,842,841,1798,599,0,715,855,1797,1791,840,841,839,31241,30713,31334,15,1171,5016,6380000,0,,,,,,,0,0,0,13590,
1785989064.168,24,0.3458,0,2,93024,0,1290,0.356,0,0,169548,0,11753,0.2848,140524,0.0915,0,1,59064,0,5873,0.2441,0,1,183276,0,11732,0.0814,0,0,76696,0,6038,0.0,0,2,37728,0,601,0.4918,0.6966,0.5667,0.7222,0.0,1825020,29359100,928,1795,1199,1783,1784,1783,1785,854,1796,597,715,1197,1800,1249,0,859,845,838,1798,600,0,715,855,1796,1787,842,841,843,32282,31723,31614,15,1358,5016,6810000,0,,,,,,,0,0,0,14280,
1785989065.158,25,0.3519,0,2,93024,0,1290,0.3519,0,1,169372,0,12148,0.2815,140524,0.0905,0,2,59064,0,5977,0.2915,0,0,186176,0,12141,0.0905,0,2,76696,0,6206,0.0,0,2,37728,0,601,0.4874,0.6422,0.5888,0.7321,0.0,1822056,29359100,928,1793,1195,1782,1783,1782,1783,854,1795,597,717,1203,1800,1251,0,857,842,841,1795,599,0,716,856,1794,1791,843,840,841,32096,31567,31536,15,1238,5016,6220000,0,62582,100690,41256,117889,53793,26031,0,1,0,14817,80265
1785989066.135,26,0.3522,0,2,93024,0,1290,0.3421,0,2,169444,0,12458,0.2918,140524,0.0906,0,2,59064,0,6111,0.2616,0,0,184920,0,12490,0.0805,0,2,76696,0,6350,0.0,0,2,37728,0,601,0.4866,0.5926,0.631,0.7176,0.0,1822976,29359100,864,1793,1204,1782,1783,1783,1783,854,1798,596,716,1196,1802,1250,0,858,844,839,1799,600,0,714,856,1795,1793,840,841,835,30915,31412,30215,15,1248,5016,6260000,0,,,,,,,0,2,0,15420,
1785989067.155,27,0.3762,0,2,93024,0,1290,0.3465,0,1,169424,0,12843,0.2871,140524,0.0792,0,0,59064,0,6230,0.2574,0,2,184920,0,12784,0.0693,0,1,76696,0,6475,0.0099,0,2,37728,0,601,0.47,0.5859,0.59,0.7228,0.0,1824112,29359100,1028,1793,1198,1782,1782,1782,1783,854,1796,597,716,1199,1800,1248,0,857,844,841,1799,600,0,715,855,1796,1793,841,841,836,31707,31179,30635,15,1226,5016,6150000,0,,,,,,,0,2,0,15916,
1785989068.186,28,0.3776,0,2,93024,0,1290,0.3776,0,0,169384,0,13266,0.2882,140524,0.0994,0,0,59064,0,6411,0.2782,0,2,183336,0,13106,0.0894,0,1,76696,0,6654,0.0,0,2,37728,0,601,0.4778,0.66,0.5941,0.6569,0.0,1826236,29359100,1272,1794,1198,1783,1783,1782,1784,854,1796,598,716,1196,1799,1250,0,857,845,841,1796,600,0,716,856,1796,1792,842,840,840,31396,32360,31148,15,1542,5015,7740000,0,,,,,,,0,1,0,16444,
1785989069.135,29,0.3348,0,2,93024,0,1290,0.3551,0,0,169424,0,13579,0.3246,140524,0.1116,0,0,59064,0,6598,0.2942,0,2,183860,0,13528,0.0913,0,0,76696,0,6847,0.0,0,2,37728,0,601,0.5335,0.6957,0.6522,0.8,0.0,1824672,29359100,1348,1794,1198,1782,1783,1782,1783,853,1798,596,718,1195,1799,1252,0,858,841,839,1795,600,0,716,856,1797,1792,842,840,839,31583,32329,30339,15,1251,5016,6280000,0,,,,,,,0,0,0,17487,
1785989070.195,30,0.3754,0,2,93024,0,1290,0.3754,0,0,169480,0,13920,0.3561,140524,0.1059,0,1,59064,0,6789,0.3176,0,2,184632,0,13914,0.0962,0,1,76696,0,7015,0.0,0,2,37728,0,601,0.512,0.6549,0.6726,0.7368,0.0,1822956,29359100,1348,1793,1201,1782,1782,1782,1783,855,1795,597,715,1198,1799,1249,0,858,842,844,1798,600,0,716,855,1794,1790,840,841,838,30992,32391,30526,15,1206,5016,6050000,0,62582,100812,41307,116349,53849,26031,0,1,0,18449,80265
1785989071.158,31,0.3509,0,2,93024,0,1290,0.3819,0,0,169404,0,14290,0.289,140524,0.1032,0,1,59064,0,6993,0.227,0,2,183368,0,14135,0.0929,0,1,76696,0,7156,0.0,0,2,37728,0,601,0.4941,0.6548,0.6,0.7294,0.0,1824984,29359100,1356,1794,1202,1783,1783,1782,1783,854,1795,596,718,1195,1801,1250,0,857,842,838,1797,599,0,708,855,1795,1792,834,841,834,32065,31630,31474,15,1743,5015,8740000,0,,,,,,,0,0,0,19323,
1785989072.155,32,0.368,0,2,93024,0,1290,0.3381,0,0,169504,0,14646,0.2785,140524,0.0796,0,0,59064,0,7099,0.2685,0,2,183892,0,14402,0.0696,0,0,76696,0,7307,0.0,0,2,37728,0,601,0.4578,0.5474,0.5918,0.701,0.0,1823940,29359100,1332,1793,1198,1781,1782,1781,1782,854,1795,596,715,1197,1802,1250,0,856,844,835,1799,600,0,715,855,1796,1793,839,841,841,32174,30790,29998,15,1343,5015,6740000,0,,,,,,,0,0,0,19854,
1785989073.163,33,0.3712,0,2,93024,0,1290,0.4013,0,2,169408,0,14995,0.301,140524,0.1003,0,1,59064,0,7263,0.2909,0,2,184684,0,14754,0.0803,0,1,76696,0,7474,0.0,0,2,37728,0,601,0.5061,0.6636,0.6,0.75,0.0,1824740,29359100,1348,1794,1200,1782,1783,1783,1784,854,1796,597,717,1198,1799,1250,0,858,844,843,1800,599,0,716,856,1794,1791,842,841,843,31319,32920,31552,15,1198,5016,6010000,0,,,,,,,0,1,0,20503,
1785989074.179,34,0.3772,0,2,93024,0,1290,0.3474,0,1,172024,0,15336,0.3176,140524,0.0893,0,1,59352,0,7403,0.2879,0,2,183408,0,15106,0.0893,0,1,76696,0,7626,0.0,0,2,37728,0,601,0.4864,0.6768,0.63,0.6408,0.0,1824324,29359100,1312,1793,1200,1782,1782,1782,1783,853,1795,596,715,1197,1800,1252,0,858,842,842,1797,600,0,715,856,1795,1790,842,841,838,30821,32671,31754,15,1222,5015,6140000,0,,,,,,,0,0,0,21203,
1785989075.152,35,0.3657,0,2,93024,0,1290,0.3556,0,0,169600,0,15760,0.2946,140524,0.1016,0,0,59352,0,7559,0.2845,0,0,183932,0,15517,0.0813,0,0,76948,0,7782,0.0,0,2,37728,0,601,0.4929,0.6667,0.5962,0.7196,0.0,1824664,29359100,1348,1793,1198,1782,1782,1782,1784,854,1795,596,715,1199,1802,1250,1,858,842,842,1795,599,0,716,855,1796,1790,845,840,838,32920,31008,30775,15,1848,5013,9270000,0,62582,100914,41359,115601,53905,26031,0,1,0,21795,80265
1785989076.166,36,0.3648,0,2,93024,0,1290,0.3451,0,1,169692,0,16112,0.2958,140524,0.0887,0,0,59352,0,7710,0.2662,0,0,184688,0,15881,0.0789,0,1,76948,0,7925,0.0,0,2,37728,0,601,0.4823,0.7065,0.5824,0.663,0.0,1825360,29359100,1352,1793,1191,1782,1783,1783,1784,854,1798,597,718,1199,1800,1250,0,856,842,838,1797,599,0,715,854,1796,1793,837,841,839,32189,32298,31630,15,1273,5016,6390000,0,,,,,,,0,0,0,22572,
1785989077.13,37,0.3561,0,2,94080,0,1290,0.3662,0,0,169624,0,16477,0.2849,140524,0.1017,0,0,59352,0,7866,0.2645,0,0,184688,0,16216,0.0916,0,1,76948,0,8062,0.0,0,2,37728,0,601,0.4973,0.6989,0.6277,0.6667,0.0,1825880,29359100,1356,1793,1200,1782,1783,1782,1783,854,1795,597,716,1198,1799,1249,0,859,841,840,1797,600,0,713,857,1797,1792,840,841,837,31909,31878,32329,15,1266,5016,6350000,0,,,,,,,0,0,0,23272,
1785989078.192,38,0.3868,0,2,94080,0,1290,0.3675,0,1,169576,0,16872,0.2998,140524,0.087,0,0,59352,0,8025,0.2901,0,1,185480,0,16653,0.0677,0,0,76948,0,8200,0.0,0,2,37728,0,601,0.4761,0.625,0.625,0.6731,0.0,1823152,29359100,732,1794,1195,1783,1783,1783,1783,854,1795,597,712,1193,1798,1249,0,857,842,842,1794,599,0,712,855,1798,1794,840,841,833,32096,30977,30821,15,1271,5016,6370000,0,,,,,,,0,0,0,23846,
1785989079.236,39,0.3763,0,2,94080,0,1290,0.3862,0,1,168664,0,17236,0.307,140524,0.099,0,0,59352,0,8212,0.2872,0,2,184212,0,17030,0.0891,0,1,76948,0,8396,0.0,0,2,37728,0,601,0.5061,0.6436,0.6569,0.7282,0.0,1823668,29359100,1352,1793,1199,1782,1783,1783,1784,856,1797,597,717,1199,1801,1250,0,860,843,835,1799,599,0,714,856,1797,1795,842,840,840,30899,32205,30697,15,1258,5016,6310000,0,,,,,,,0,1,0,24529,
1785989080.171,40,0.3399,0,2,94080,0,1290,0.3299,0,0,169548,0,17551,0.2699,140524,0.08,0,1,59352,0,8349,0.2699,0,1,184892,0,17322,0.08,0,1,76948,0,8545,0.0,0,2,37728,0,601,0.4784,0.5567,0.69,0.6804,0.0,1822048,29359100,1548,1794,1200,1782,1782,1782,1783,854,1795,597,717,1198,1802,1250,0,858,842,841,1799,599,0,714,857,1798,1790,844,841,842,32749,31692,30619,15,1182,5015,5930000,0,63774,101990,41403,116413,53953,26031,0,1,0,24927,80265
1785989081.162,41,0.3621,0,2,94080,0,1290,0.3621,0,1,169764,0,17906,0.2816,140524,0.0805,0,0,59352,0,8469,0.2715,0,1,185652,0,17715,0.0805,0,0,76948,0,8650,0.0,0,2,37728,0,601,0.4848,0.5795,0.6444,0.7143,0.0,1821508,29359100,1268,1793,1200,1782,1783,1782,1784,853,1796,597,716,1198,1800,1250,0,857,842,839,1798,599,0,713,859,1797,1793,837,841,838,31801,31645,31163,15,1310,5016,6570000,0,,,,,,,0,0,0,25474,
1785989082.167,42,0.3763,0,2,94080,0,1290,0.3661,0,1,169692,0,18293,0.3153,140524,0.1017,0,2,59352,0,8633,0.2848,0,2,184764,0,18003,0.0814,0,1,76948,0,8841,0.0102,0,2,37728,0,601,0.4836,0.61,0.6224,0.71,0.0,1824772,29359100,1644,1794,1186,1782,1783,1782,1783,854,1797,596,712,1197,1799,1251,0,857,843,840,1796,599,0,714,854,1795,1791,836,841,835,31676,32733,31630,15,1251,5015,6280000,0,,,,,,,0,1,0,26087,
1785989083.172,43,0.3594,0,2,94080,0,1290,0.3594,0,2,170852,0,18667,0.2795,140524,0.0799,0,0,59352,0,8747,0.2596,0,2,184764,0,18173,0.0699,0,1,76948,0,8952,0.0,0,2,37728,0,601,0.466,0.5464,0.5253,0.7921,0.0,1824264,29359100,1828,1793,1202,1782,1782,1782,1783,856,1794,597,716,1198,1800,1248,0,857,842,837,1797,600,0,715,854,1798,1793,842,840,834,30961,32267,31443,15,1180,5016,5920000,0,,,,,,,0,1,0,26627,
1785989084.197,44,0.3651,0,2,94080,0,1290,0.375,0,0,170828,0,19028,0.2763,140524,0.0888,0,0,59352,0,8892,0.2566,0,1,183188,0,18476,0.0789,0,2,76948,0,9067,0.0,0,2,37728,0,601,0.4764,0.55,0.7,0.6765,0.0,1824092,29359100,1828,1793,1204,1781,1782,1782,1783,854,1798,596,716,1197,1799,1249,0,857,842,836,1798,600,0,714,855,1797,1793,839,840,840,31365,32189,31054,15,1851,5013,9280000,0,,,,,,,0,1,0,27128,
1785989085.178,45,0.3696,0,2,94080,0,1290,0.3296,0,0,169760,0,19325,0.2897,140524,0.0899,0,1,59352,0,8988,0.2797,0,1,183188,0,18870,0.0799,0,1,76948,0,9153,0.01,0,2,37728,0,601,0.4749,0.5686,0.6952,0.6346,0.0,1824592,29359100,1828,1794,1198,1783,1783,1783,1784,855,1794,596,717,1197,1799,1250,0,859,845,847,1799,600,0,715,856,1796,1793,840,841,843,31676,32500,31863,15,1215,5016,6210000,0,63774,101118,41451,114857,54001,26031,0,2,0,27623,80265
1785989086.172,46,0.3513,0,2,94080,0,1290,0.3312,0,0,169760,0,19647,0.2609,140524,0.0703,0,0,59352,0,9096,0.2208,0,2,181836,0,19141,0.0602,0,0,76948,0,9257,0.0,0,2,37728,0,601,0.451,0.5116,0.5682,0.7333,0.0,1825272,29359100,1828,1793,1190,1782,1782,1781,1782,854,1794,596,709,1198,1799,1250,0,856,846,840,1797,600,0,713,856,1798,1792,840,841,832,32298,31552,31847,15,1495,5015,7490000,0,,,,,,,0,0,0,28079,
1785989087.178,47,0.3828,0,2,94080,0,1290,0.3425,0,0,170028,0,20032,0.282,140524,0.0907,0,1,59352,0,9241,0.272,0,2,183152,0,19369,0.0806,0,1,76948,0,9414,0.0,0,2,37728,0,601,0.4741,0.5865,0.6061,0.703,0.0,1823656,29359100,1828,1793,1197,1781,1782,1782,1783,856,1796,596,717,1198,1801,1250,0,859,844,843,1798,600,0,716,856,1796,1792,833,841,836,31847,31754,31396,15,1208,5016,6130000,0,,,,,,,0,1,0,28595,
1785989088.2,48,0.3563,0,2,94080,0,1290,0.3464,0,0,169724,0,20457,0.3068,140524,0.0891,0,0,59352,0,9356,0.287,0,2,185528,0,19681,0.0792,0,1,76948,0,9553,0.0,0,2,37728,0,601,0.4648,0.5773,0.5556,0.7426,0.0,1822220,29359100,1828,1793,1198,1782,1782,1782,1783,853,1795,596,715,1195,1799,1249,0,857,842,841,1795,599,0,712,855,1795,1791,839,841,837,31552,32453,31132,15,1697,5015,5930000,0,,,,,,,0,1,0,29156,
1785989089.191,49,0.3617,0,2,94080,0,1290,0.3316,0,1,169724,0,20769,0.2914,140524,0.0904,0,0,59352,0,9503,0.2612,0,2,185528,0,19942,0.0804,0,1,76948,0,9694,0.0,0,2,37728,0,601,0.4718,0.5979,0.6146,0.6804,0.0,1822048,29359100,1828,1794,1184,1783,1783,1783,1784,854,1798,596,716,1196,1799,1250,0,858,845,837,1798,600,0,713,856,1797,1791,838,840,837,31956,33510,31536,15,1297,5015,6510000,0,,,,,,,0,0,0,29815,
1785989090.138,50,0.3502,0,2,94080,0,1290,0.3399,0,1,169844,0,21156,0.2781,140524,0.0927,0,0,59352,0,9619,0.2781,0,0,184264,0,20247,0.0721,0,1,76948,0,9806,0.0,0,2,37728,0,601,0.48,0.5657,0.68,0.6832,0.0,1824108,29359100,1828,1793,1194,1783,1783,1782,1783,853,1793,596,717,1202,1801,1250,0,858,845,837,1796,599,0,714,855,1796,1793,842,841,844,32236,32018,31521,15,1226,5016,6150000,0,63774,101214,41495,115785,54045,26031,0,1,0,30356,80265
1785989091.149,51,0.3552,0,2,94080,0,1290,0.365,0,0,169796,0,21588,0.2763,140524,0.0789,0,2,59352,0,9752,0.2763,0,2,185580,0,20638,0.0789,0,0,76948,0,9971,0.0,0,2,37728,0,601,0.4906,0.5934,0.6333,0.7527,0.0,1822200,29359100,1828,1794,1200,1783,1783,1783,1783,854,1796,597,718,1197,1802,1250,0,858,843,840,1796,599,0,715,856,1797,1794,840,841,836,32469,32686,31738,15,1250,5016,6270000,0,,,,,,,0,2,0,30977,
1785989092.133,52,0.3746,0,2,94080,0,1290,0.3746,0,0,170012,0,21943,0.2936,140524,0.0911,0,1,59352,0,9875,0.2835,0,1,184812,0,20978,0.0911,0,1,76948,0,10167,0.0,0,2,37728,0,601,0.4806,0.6429,0.5567,0.7245,0.0,1821744,29359100,1828,1793,1196,1782,1783,1782,1783,854,1795,597,718,1195,1800,1249,0,858,841,842,1797,600,0,716,856,1796,1791,841,841,837,32531,32718,31536,15,1411,5015,7080000,0,,,,,,,0,0,0,31613,
1785989093.195,53,0.3771,0,2,94080,0,1290,0.3965,0,0,171208,0,22343,0.3481,140524,0.116,0,2,59352,0,10056,0.2901,0,0,184812,0,21332,0.0967,0,1,76948,0,10310,0.0,0,2,37728,0,601,0.5084,0.6535,0.6827,0.7143,0.0,1820964,29359100,1468,1793,1199,1782,1782,1782,1784,855,1797,597,713,1197,1800,1250,0,858,841,841,1798,600,0,713,854,1796,1792,840,840,833,31707,31614,32049,15,1671,5015,8390000,0,,,,,,,0,2,0,32732,
1785989094.153,54,0.3517,0,2,94080,0,1290,0.3207,0,1,169980,0,22637,0.269,140524,0.0724,0,0,59352,0,10174,0.2586,0,2,183508,0,21597,0.0724,0,0,76948,0,10443,0.0,0,2,37728,0,601,0.4579,0.6022,0.5426,0.6842,0.0,1823848,29359100,1568,1794,1197,1782,1782,1782,1783,855,1796,596,715,1197,1799,1248,0,857,843,840,1798,599,0,716,855,1796,1790,839,842,834,32469,31054,32111,15,1601,5013,8030000,0,,,,,,,0,2,0,33241,
1785989095.186,55,0.3609,0,2,94080,0,1290,0.3706,0,1,171272,0,23031,0.3219,140524,0.0975,0,0,59352,0,10302,0.2829,0,2,184032,0,21926,0.0878,0,0,76948,0,10694,0.0,0,2,37728,0,601,0.4885,0.6389,0.5981,0.7273,0.0,1821316,29359100,1584,1794,1195,1783,1784,1783,1784,855,1795,596,716,1198,1801,1249,0,856,840,836,1798,599,0,713,854,1797,1794,841,841,837,31925,32049,32220,15,1207,5015,6060000,0,63774,102514,41539,115713,54089,26031,0,0,0,33820,80265
1785989096.159,56,0.3723,0,2,94080,0,1290,0.3723,0,1,170380,0,23455,0.2792,140524,0.0931,0,2,59352,0,10449,0.2792,0,2,184032,0,22232,0.0827,0,0,76948,0,10859,0.0,0,2,37728,0,601,0.4972,0.6235,0.6136,0.7582,0.0,1822580,29359100,1584,1795,1199,1784,1785,1784,1785,855,1796,597,717,1200,1800,1249,0,857,840,833,1798,599,0,716,856,1798,1793,837,841,838,32422,32236,31878,15,1313,5016,6590000,0,,,,,,,0,1,0,34378,
1785989097.199,57,0.3592,0,2,94080,0,1290,0.3592,0,0,170176,0,23776,0.3204,140524,0.0971,0,1,59352,0,10616,0.2622,0,2,184032,0,22551,0.0874,0,1,76948,0,11033,0.0,0,2,37728,0,601,0.4817,0.6505,0.598,0.6863,0.0,1822536,29359100,1628,1794,1197,1783,1782,1782,1783,854,1796,596,710,1196,1799,1249,0,857,844,841,1797,599,0,713,856,1795,1793,838,840,839,32096,31630,30930,15,1481,5015,7430000,0,,,,,,,0,0,0,35156,
1785989098.204,58,0.3695,0,2,94080,0,1290,0.39,0,1,171300,0,24169,0.3284,140524,0.1026,0,0,59352,0,10814,0.2976,0,2,184076,0,22893,0.0821,0,1,77168,0,11156,0.0,0,2,37728,0,601,0.495,0.602,0.71,0.68,0.0,1823332,29359100,1828,1794,1200,1783,1783,1783,1784,854,1794,597,715,1197,1802,1251,0,858,845,836,1799,599,0,714,856,1797,1792,841,841,833,31769,32376,31894,15,1190,5016,5970000,0,,,,,,,0,0,0,35783,
1785989099.199,59,0.3537,0,2,94080,0,1290,0.3831,0,0,171340,0,24561,0.3144,140524,0.1179,0,0,59352,0,11035,0.2849,0,2,184868,0,23281,0.0982,0,0,77168,0,11279,0.0,0,2,37728,0,601,0.5243,0.6875,0.7216,0.6939,0.0,1822400,29359100,1828,1794,1188,1783,1783,1783,1783,852,1796,596,721,1199,1800,1250,0,857,843,839,1798,599,0,711,855,1794,1788,841,841,838,31598,33728,30977,15,1298,5016,6520000,0,,,,,,,0,1,0,36730,
1785989100.169,60,0.3515,0,2,94080,0,1290,0.3515,0,0,170116,0,24920,0.3013,140524,0.0804,0,1,59352,0,11185,0.2812,0,2,184868,0,23628,0.0804,0,1,77168,0,11432,0.0,0,2,37728,0,601,0.4902,0.61,0.6569,0.7059,0.0,1821960,29359100,1732,1794,1198,1783,1784,1784,1785,856,1796,596,715,1197,1800,1251,0,857,844,842,1795,600,0,714,856,1796,1793,842,842,837,32764,32205,31350,15,1372,5016,6880000,0,63774,101418,41583,116573,54133,26031,0,0,0,37460,80265
1785989101.146,61,0.3524,0,2,94080,0,1290,0.3624,0,2,170016,0,25278,0.292,140524,0.1007,0,2,59592,0,11367,0.2819,0,0,184868,0,23971,0.0805,0,1,77168,0,11583,0.0,0,2,37728,0,601,0.5,0.6742,0.625,0.7033,0.0,1824204,29359100,1764,1793,1202,1782,1783,1783,1784,854,1796,597,716,1199,1800,1251,0,856,846,841,1801,599,0,713,855,1797,1791,833,841,841,31272,32329,31661,15,1367,5015,6860000,0,,,,,,,0,2,0,38236,
1785989102.174,62,0.3738,0,2,94080,0,1290,0.4142,0,1,170296,0,25654,0.3536,140524,0.1111,0,2,59592,0,11530,0.293,0,2,183608,0,24491,0.0909,0,0,77168,0,11746,0.0,0,2,37728,0,601,0.5049,0.63,0.6832,0.7228,0.0,1823956,29359100,1764,1793,1187,1782,1782,1782,1783,856,1796,597,715,1197,1799,1250,0,859,842,837,1794,599,0,713,857,1796,1794,843,840,834,31536,33075,31940,15,1261,5016,6180000,0,,,,,,,0,0,0,39006,
1785989103.164,63,0.3699,0,2,94080,0,1290,0.3699,0,2,170876,0,25998,0.2899,140524,0.1,0,1,59592,0,11670,0.2699,0,2,183608,0,24761,0.08,0,1,77168,0,11886,0.01,0,2,37728,0,601,0.485,0.5758,0.6364,0.7255,0.0098,1822572,29359100,1764,1794,1183,1783,1783,1783,1783,855,1796,596,716,1197,1799,1249,0,858,844,842,1799,599,0,715,856,1798,1794,841,841,840,30837,32158,31412,15,1210,5016,6070000,0,,,,,,,0,0,0,39633,
1785989104.205,64,0.3638,0,2,94080,0,1290,0.3734,0,1,172524,0,26382,0.3159,140524,0.0862,0,1,59592,0,11806,0.2777,0,2,184132,0,25108,0.0957,0,2,77168,0,12020,0.0,0,2,37728,0,601,0.4849,0.6495,0.6429,0.6667,0.0,1820384,29359100,1184,1794,1201,1782,1784,1783,1784,854,1798,597,717,1198,1800,1249,0,858,842,842,1799,599,0,714,855,1796,1793,842,841,842,32857,32003,31987,15,1257,5015,6310000,0,,,,,,,0,1,0,40396,
1785989105.154,65,0.3612,0,2,94080,0,1290,0.3509,0,1,170220,0,26698,0.289,140524,0.0929,0,1,59592,0,11933,0.2786,0,2,184132,0,25390,0.0826,0,1,77168,0,12168,0.0,0,2,37728,0,601,0.4939,0.5941,0.6796,0.7184,0.0,1824028,29359100,1336,1795,1200,1783,1784,1782,1783,854,1799,598,716,1194,1799,1249,0,858,840,840,1799,599,0,714,856,1797,1791,838,841,842,32391,32422,30915,15,1242,5016,6230000,0,63774,101518,41632,115825,54189,26031,0,0,0,41036,80266
1785989106.158,66,0.3596,0,2,94080,0,1290,0.3596,0,0,170316,0,27083,0.2597,140524,0.0699,0,0,59592,0,12025,0.2398,0,1,184924,0,25691,0.0599,0,0,77168,0,12278,0.0,0,2,37728,0,601,0.4579,0.5114,0.6742,0.6404,0.0,1822236,29359100,1336,1794,1200,1783,1784,1783,1783,855,1797,597,714,1198,1801,1251,1,857,842,839,1799,599,0,711,855,1798,1791,838,841,832,32702,32702,32640,15,1621,5015,8130000,0,,,,,,,0,0,0,41457,
1785989107.183,67,0.3703,0,2,94080,0,1290,0.3403,0,0,170316,0,27427,0.2802,140524,0.0901,0,0,59592,0,12133,0.2802,0,2,184176,0,26007,0.0701,0,1,77168,0,12384,0.0,0,2,37728,0,601,0.4552,0.5859,0.59,0.6535,0.0,1822864,29359100,1336,1793,1198,1783,1783,1783,1784,855,1797,596,713,1191,1801,1252,0,857,841,837,1797,599,0,713,855,1799,1794,839,841,841,31940,33262,30946,15,1860,5016,5760000,0,,,,,,,0,1,0,41866,
1785989108.154,68,0.355,0,2,94080,0,1290,0.3448,0,0,171532,0,27805,0.284,140524,0.0811,0,0,59592,0,12264,0.2637,0,0,184176,0,26296,0.071,0,1,77168,0,12509,0.0,0,2,37728,0,601,0.4637,0.5638,0.5368,0.7653,0.0,1821084,29359100,1784,1794,1200,1783,1783,1783,1784,854,1796,597,716,1200,1799,1249,0,858,845,838,1795,599,0,715,857,1796,1794,840,841,836,32391,32003,31132,15,1288,5015,6470000,0,,,,,,,0,1,0,42382,
1785989109.18,69,0.3568,0,2,94080,0,1290,0.3472,0,0,170188,0,28242,0.2797,140524,0.0868,0,0,59592,0,12358,0.27,0,2,184968,0,26689,0.0868,0,1,77168,0,12641,0.0,0,2,37728,0,601,0.4685,0.5714,0.5758,0.7426,0.0,1822328,29359100,1784,1792,1199,1781,1782,1782,1783,856,1798,596,716,1197,1801,1249,0,860,843,839,1800,599,0,713,855,1795,1791,840,841,838,31972,31350,31769,15,1231,5015,6580000,0,,,,,,,0,0,0,42926,
1785989110.183,70,0.3474,0,2,94080,0,1290,0.3573,0,0,170284,0,28607,0.3077,140524,0.0893,0,1,59592,0,12482,0.2978,0,2,183688,0,27138,0.0893,0,1,77168,0,12840,0.0,0,2,37728,0,601,0.4957,0.614,0.6466,0.7304,0.0,1822312,29359100,1784,1793,1200,1782,1782,1783,1784,854,1796,597,718,1196,1799,1250,1,858,845,840,1798,600,0,714,855,1796,1791,845,840,842,32842,32749,31878,15,1275,5016,6390000,0,63774,101622,41671,115201,54233,26031,0,0,0,43483,80265
1785989111.181,71,0.3799,0,2,94080,0,1290,0.3594,0,0,170352,0,29008,0.267,140524,0.0821,0,1,59592,0,12565,0.2362,0,1,183688,0,27372,0.0616,0,2,77168,0,12963,0.0,0,2,37728,0,601,0.4738,0.6707,0.4937,0.7317,0.0,1823132,29359100,1792,1794,1196,1782,1782,1782,1783,853,1795,596,716,1185,1801,1252,0,857,844,843,1798,600,0,714,857,1795,1791,839,841,842,31319,31940,31909,15,1428,5015,6530000,0,,,,,,,0,2,0,44106,
1785989112.197,72,0.3605,0,2,94080,0,1290,0.3215,0,1,170432,0,29371,0.2728,140524,0.0877,0,0,59592,0,12701,0.2728,0,2,184952,0,27727,0.078,0,1,77168,0,13092,0.0,0,2,37728,0,601,0.4652,0.5758,0.58,0.703,0.0,1823144,29359100,1476,1793,1200,1782,1782,1782,1783,855,1796,597,716,1194,1797,1252,0,856,842,842,1799,600,0,713,856,1796,1791,838,840,840,30246,32764,31008,15,1178,5015,5910000,0,,,,,,,0,0,0,44507,
1785989113.15,73,0.3638,0,2,94080,0,1290,0.3431,0,1,170456,0,29726,0.2703,140524,0.0728,0,2,59592,0,12785,0.2599,0,2,184952,0,28022,0.0728,0,1,77168,0,13185,0.0,0,2,37728,0,601,0.4501,0.5495,0.6304,0.6452,0.0,1823212,29359100,1476,1794,1197,1783,1783,1782,1784,855,1798,597,712,1197,1804,1250,0,857,843,840,1800,600,0,713,858,1798,1792,838,841,839,32609,31334,31567,15,1275,5015,6400000,0,,,,,,,0,1,0,45001,
1785989114.155,74,0.3506,0,2,94080,0,1290,0.3706,0,1,169292,0,30066,0.3105,140524,0.0901,0,0,59592,0,12963,0.2805,0,1,183716,0,28549,0.0901,0,1,77168,0,13382,0.0,0,2,37728,0,601,0.5264,0.7113,0.6931,0.71,0.0,1823300,29359100,1592,1794,1190,1783,1784,1783,1784,855,1795,596,718,1201,1799,1251,0,857,845,837,1800,600,0,713,857,1796,1792,842,841,839,30992,32049,32267,15,1280,5016,6420000,0,,,,,,,0,1,0,45685,
1785989115.168,75,0.3773,0,2,94080,0,1290,0.3872,0,1,170416,0,30417,0.3177,140524,0.1191,0,2,59592,0,13145,0.3177,0,2,185032,0,28950,0.0894,0,1,77168,0,13533,0.0,0,2,37728,0,601,0.5064,0.6724,0.661,0.6983,0.0,1820276,29359100,1212,1794,1201,1783,1783,1782,1784,852,1798,597,718,1197,1802,1250,0,859,845,838,1798,600,0,715,856,1795,1793,837,841,836,32220,32593,31801,15,1238,5015,6220000,0,63774,101718,41715,116717,54277,26032,0,0,0,46399,80265
1785989116.15,76,0.3597,0,2,94080,0,1290,0.3297,0,0,170644,0,30682,0.2798,140524,0.0699,0,0,59592,0,13227,0.2398,0,2,185032,0,29199,0.0699,0,0,77168,0,13674,0.0,0,2,37728,0,601,0.4712,0.5526,0.7105,0.6375,0.0,1820396,29359100,1196,1793,1192,1782,1782,1782,1783,854,1795,597,718,1195,1799,1251,0,858,842,844,1798,600,0,715,856,1797,1792,839,841,844,31801,33044,31552,15,1390,5015,6970000,0,,,,,,,0,2,0,47026,
1785989117.145,77,0.3612,0,2,94080,0,1290,0.3812,0,0,170580,0,31016,0.301,140524,0.1003,0,1,59592,0,13395,0.2909,0,0,185064,0,29508,0.0803,0,0,77168,0,13858,0.01,0,2,37728,0,601,0.4974,0.6701,0.5918,0.7374,0.0,1821652,29359100,1848,1793,1197,1782,1782,1782,1783,853,1799,597,718,1195,1801,1251,0,856,842,838,1799,600,0,712,857,1797,1790,840,841,836,30588,32142,32329,15,1532,5015,8900000,0,,,,,,,0,1,0,47690,
1785989118.155,78,0.3706,0,2,94080,0,1290,0.3505,0,1,171728,0,31414,0.2804,140524,0.0701,0,0,59592,0,13522,0.2704,0,2,185064,0,29805,0.0901,0,1,77168,0,13998,0.0,0,2,37728,0,601,0.4645,0.5876,0.6289,0.6531,0.0,1820316,29359100,1740,1794,1197,1783,1783,1783,1784,853,1796,596,717,1198,1801,1249,0,857,841,835,1797,600,0,711,856,1797,1792,839,841,839,31521,32407,31303,15,1213,5016,6090000,0,,,,,,,0,0,0,48161,
1785989119.18,79,0.3643,0,2,94080,0,1290,0.3545,0,0,171852,0,31801,0.2856,140524,0.0985,0,0,59592,0,13656,0.2363,0,2,185856,0,30005,0.0689,0,0,77168,0,14143,0.0,0,2,37728,0,601,0.4579,0.604,0.52,0.7184,0.0,1818956,29359100,1936,1793,1197,1783,1783,1783,1784,854,1797,597,718,1204,1798,1249,0,857,844,843,1794,599,0,716,857,1798,1791,838,841,837,31614,32500,31614,15,1255,5015,6360000,0,,,,,,,0,0,0,48701,
1785989120.131,80,0.3471,0,2,94080,0,1290,0.3369,0,0,171560,0,32109,0.2756,140524,0.0715,0,0,59592,0,13793,0.2756,0,0,185100,0,30373,0.0817,0,1,77168,0,14274,0.0,0,2,37728,0,601,0.4825,0.5816,0.65,0.71,0.0,1820752,29359100,1744,1794,1191,1783,1783,1783,1784,855,1798,597,718,1195,1800,1250,0,856,844,843,1797,599,0,713,855,1796,1790,836,840,839,31396,33230,32174,15,1222,5016,6130000,0,63774,102994,41751,116769,54321,26031,0,0,0,49167,80269
1785989121.194,81,0.3898,0,2,94080,0,1290,0.4198,0,0,170628,0,32564,0.3398,140524,0.1199,0,0,59592,0,14026,0.3098,0,2,185104,0,30862,0.0999,0,0,77168,0,14473,0.0,0,2,37728,0,601,0.53,0.6837,0.7041,0.7327,0.0,1820268,29359100,1588,1793,1197,1782,1783,1783,1784,855,1795,597,715,1196,1801,1250,0,858,842,842,1798,600,0,712,856,1797,1794,839,841,842,32655,33122,31225,15,1465,5015,8780000,0,,,,,,,0,0,0,50030,
1785989122.178,82,0.3429,0,2,94080,0,1290,0.3331,0,0,172064,0,32951,0.2645,140524,0.0686,0,0,59592,0,14113,0.2351,0,2,185104,0,31003,0.0686,0,0,77168,0,14630,0.0,0,2,37728,0,601,0.4491,0.5591,0.5208,0.7216,0.0,1819904,29359100,1756,1794,1198,1784,1784,1784,1785,855,1797,597,717,1197,1800,1249,0,859,844,838,1798,599,0,713,857,1797,1794,842,840,834,32578,32795,32158,15,1188,5016,5970000,0,,,,,,,0,0,0,50535,
1785989123.189,83,0.3653,0,2,94080,0,1290,0.3851,0,2,171816,0,33355,0.3357,140524,0.1185,0,0,59592,0,14305,0.2863,0,2,184332,0,31289,0.0889,0,0,77168,0,14796,0.0,0,2,37728,0,601,0.495,0.6566,0.61,0.7228,0.0,1820280,29359100,756,1794,1194,1783,1784,1782,1783,853,1796,596,716,1199,1800,1250,0,857,845,839,1797,599,1,715,856,1795,1788,835,841,831,32251,33526,31086,15,1216,5016,6100000,0,,,,,,,0,1,0,51245,
1785989124.156,84,0.3609,0,2,94080,0,1290,0.3299,0,1,171936,0,33685,0.2784,140524,0.0722,0,1,59592,0,14403,0.2475,0,2,184336,0,31657,0.0722,0,2,77168,0,14889,0.0103,0,2,37728,0,601,0.4695,0.6022,0.6304,0.6562,0.0,1820580,29359100,1780,1794,1199,1783,1783,1782,1783,856,1796,597,719,1195,1800,1250,0,855,840,836,1800,599,0,712,855,1797,1791,839,841,839,34272,31630,32484,15,1676,5013,8400000,0,,,,,,,0,1,0,51779,
1785989125.165,85,0.367,0,2,94080,0,1290,0.3372,0,0,171636,0,33963,0.2975,140524,0.0992,0,0,59592,0,14546,0.2876,0,2,184336,0,32046,0.0793,0,1,77420,0,15024,0.0,0,2,37728,0,601,0.4754,0.6286,0.7009,0.5794,0.0,1820160,29359100,1792,1794,1196,1783,1783,1783,1783,855,1795,597,716,1193,1801,1249,0,857,843,836,1800,600,0,714,857,1796,1794,841,841,835,32516,32982,31692,15,1175,5016,5890000,0,63774,103046,41803,116013,54377,26031,0,0,0,52272,80269
1785989126.2,86,0.3594,0,2,94080,0,1290,0.3497,0,1,171720,0,34337,0.2817,140524,0.0874,0,0,59592,0,14720,0.2623,0,2,185128,0,32409,0.0777,0,0,77420,0,15195,0.0,0,2,37728,0,601,0.4894,0.6809,0.6632,0.6354,0.0,1819756,29359100,1228,1793,1200,1782,1782,1782,1783,854,1794,596,718,1194,1799,1251,0,857,842,839,1799,600,0,715,857,1796,1792,840,841,839,31536,30915,31505,15,1260,5016,6320000,0,,,,,,,0,0,0,53005,
1785989127.166,87,0.3614,0,2,94080,0,1290,0.351,0,2,171792,0,34726,0.2891,140524,0.0826,0,1,59592,0,14822,0.2891,0,0,185952,0,32802,0.0826,0,2,77420,0,15320,0.0,0,2,37728,0,601,0.483,0.6458,0.5684,0.7097,0.0,1818532,29359100,1304,1794,1199,1783,1784,1784,1785,856,1799,597,720,1195,1797,1248,0,857,844,843,1797,599,0,710,856,1796,1792,843,841,844,33308,33526,32516,15,1560,5015,7820000,0,,,,,,,0,1,0,53460,
1785989128.178,88,0.3762,0,2,94080,0,1290,0.3366,0,0,171792,0,35124,0.2673,140524,0.0792,0,1,59592,0,14928,0.2475,0,1,185952,0,33101,0.0693,0,0,77420,0,15416,0.0,0,2,37728,0,601,0.4497,0.5773,0.703,0.54,0.0,1817696,29359100,1304,1794,1194,1782,1783,1783,1783,854,1797,597,715,1194,1801,1248,0,857,842,834,1798,600,0,714,858,1798,1792,843,841,842,32904,32500,32174,15,1322,5016,6290000,0,,,,,,,0,1,0,53876,
1785989129.155,89,0.3568,0,2,94080,0,1290,0.367,0,0,171884,0,35550,0.3059,140524,0.0918,0,0,59592,0,15055,0.2651,0,2,184660,0,33368,0.0816,0,1,77420,0,15562,0.0,0,2,37728,0,601,0.4778,0.6129,0.6562,0.6421,0.0,1820072,29359100,1728,1793,1200,1782,1783,1783,1784,855,1799,597,718,1201,1802,1250,1,858,842,840,1798,600,0,716,856,1797,1792,841,841,837,32111,32329,32049,15,1182,5016,5930000,0,,,,,,,0,0,0,54529,
1785989130.198,90,0.3769,0,2,94080,0,1290,0.3571,0,2,171828,0,35887,0.3075,140524,0.0992,0,2,59592,0,15223,0.2976,0,2,183604,0,33773,0.0893,0,0,77420,0,15733,0.0,0,2,37728,0,601,0.523,0.7105,0.7739,0.6228,0.0,1820152,29359100,1788,1794,1204,1783,1782,1782,1783,854,1797,597,717,1190,1800,1250,0,857,841,837,1799,600,0,712,858,1797,1795,843,841,845,31707,33168,32065,15,1396,5015,7010000,0,63774,103226,41843,115261,54425,26031,0,1,0,55241,80269
1785989131.186,91,0.3676,0,2,94080,0,1290,0.3577,0,0,172172,0,36211,0.2881,140524,0.0894,0,1,59848,0,15345,0.2484,0,0,184396,0,34150,0.0695,0,1,77420,0,15857,0.0,0,2,37728,0,601,0.4826,0.6071,0.6429,0.6706,0.0,1820796,29359100,1864,1794,1198,1783,1784,1783,1785,853,1798,597,716,1200,1801,1249,0,857,844,842,1798,599,0,714,857,1797,1793,843,841,838,32422,32453,32578,15,1272,5016,6390000,0,,,,,,,0,0,0,55919,
1785989132.134,92,0.3367,0,2,94080,0,1290,0.3265,0,0,171720,0,36566,0.2755,140524,0.0714,0,1,59848,0,15439,0.2653,0,1,184396,0,34399,0.0714,0,0,77420,0,15987,0.0,0,2,37728,0,601,0.4665,0.5591,0.6452,0.6842,0.0,1817904,29359100,1900,1794,1200,1782,1783,1782,1783,854,1797,597,717,1200,1801,1249,0,856,842,844,1796,600,0,716,858,1796,1791,840,841,836,33370,32080,32298,15,1305,5015,6550000,0,,,,,,,0,0,0,56384,
1785989133.174,93,0.3638,0,2,94080,0,1290,0.3351,0,0,171816,0,36926,0.2872,140524,0.0957,0,0,59848,0,15597,0.2681,0,1,183908,0,34840,0.0862,0,0,77420,0,16086,0.0,0,2,37728,0,601,0.4672,0.6,0.5882,0.6827,0.0,1817148,29359100,1228,1794,1186,1783,1784,1783,1783,854,1799,597,717,1198,1798,1250,0,857,841,841,1798,599,0,714,856,1796,1791,844,841,838,32484,32298,31272,15,1118,5016,6130000,0,,,,,,,0,2,0,56913,
1785989134.177,94,0.3772,0,2,94080,0,1290,0.3772,0,0,171912,0,37265,0.3039,140524,0.0838,0,1,59848,0,15750,0.2934,0,0,185224,0,35160,0.0734,0,1,77420,0,16248,0.0,0,2,37728,0,601,0.4826,0.65,0.6535,0.63,0.0,1816016,29359100,1380,1794,1185,1783,1782,1782,1783,855,1795,597,716,1199,1800,1251,0,858,843,842,1799,600,0,715,855,1797,1790,842,841,834,33681,32205,32376,15,1302,5015,6530000,0,,,,,,,0,1,0,57398,
1785989135.16,95,0.357,0,2,94080,0,1290,0.3868,0,0,173008,0,37623,0.3074,140524,0.0992,0,0,59848,0,15891,0.2777,0,2,182852,0,35522,0.0992,0,1,77420,0,16419,0.0,0,2,37728,0,601,0.4929,0.6154,0.6762,0.6981,0.0,1820460,29359100,2072,1794,1199,1783,1784,1784,1784,854,1796,597,718,1198,1801,1250,0,858,844,839,1798,599,0,715,856,1798,1790,841,842,838,32904,32345,32080,15,1230,5016,6170000,0,63774,104346,41883,114513,54469,26031,0,1,0,57967,80269
1785989136.202,96,0.3707,0,2,94080,0,1290,0.3805,0,1,171856,0,38062,0.3024,140524,0.0976,0,1,59848,0,16096,0.2927,0,2,185228,0,35954,0.0683,0,1,77420,0,16528,0.0,0,2,37728,0,601,0.5108,0.7065,0.6559,0.6882,0.0,1817228,29359100,2072,1794,1197,1783,1783,1783,1784,855,1798,597,719,1196,1803,1249,0,858,845,840,1798,599,0,709,856,1799,1793,842,842,834,31769,32904,31365,15,1828,5015,9170000,0,,,,,,,0,0,0,58714,
1785989137.201,97,0.3775,0,2,94080,0,1290,0.3979,0,0,174136,0,38386,0.3367,140524,0.1224,0,0,59848,0,16300,0.2857,0,0,185228,0,36326,0.102,0,1,77420,0,16668,0.0,0,2,37728,0,601,0.5139,0.701,0.65,0.7071,0.0,1815952,29359100,2264,1793,1200,1782,1782,1782,1783,856,1795,597,716,1196,1802,1250,0,857,843,840,1797,599,0,714,856,1797,1791,840,841,842,31987,32889,32935,15,1261,5016,6320000,0,,,,,,,0,1,0,59685,
1785989138.155,98,0.3463,0,2,94080,0,1290,0.3463,0,1,171808,0,38681,0.2869,140524,0.0792,0,0,59848,0,16456,0.2671,0,0,185228,0,36718,0.0792,0,1,77420,0,16818,0.0099,0,2,37728,0,601,0.4855,0.5851,0.6979,0.6667,0.0,1817432,29359100,2264,1795,1196,1784,1784,1784,1785,855,1797,597,717,1199,1802,1252,0,858,842,843,1799,600,0,714,856,1796,1792,843,841,839,31692,32733,31428,15,1215,5015,6090000,0,,,,,,,0,1,0,60273,
1785989139.147,99,0.3614,0,2,94080,0,1290,0.3814,0,0,171868,0,39105,0.3112,140524,0.1004,0,1,59848,0,16609,0.2811,0,1,186020,0,37093,0.0903,0,0,77420,0,16989,0.0,0,2,37728,0,601,0.4987,0.6354,0.6531,0.7113,0.0,1817064,29359100,2268,1795,1196,1784,1784,1784,1785,855,1795,598,716,1198,1801,1249,0,858,843,840,1799,600,0,716,857,1797,1794,841,841,835,31894,32920,31598,15,1213,5016,5970000,0,,,,,,,0,1,0,61000,
1785989140.178,100,0.3811,0,2,94080,0,1290,0.4011,0,2,173072,0,39455,0.351,140524,0.1003,0,0,59848,0,16785,0.3409,0,2,186020,0,37586,0.1003,0,1,77552,0,17152,0.0,0,2,37728,0,601,0.5191,0.6909,0.7909,0.6036,0.0,1816288,29359100,2232,1795,1193,1783,1784,1784,1785,855,1795,597,717,1196,1797,1249,0,856,842,835,1797,600,0,714,857,1798,1794,840,841,831,32205,32267,31443,15,1295,5016,6490000,0,63774,104400,41927,117765,54517,26031,0,0,0,61819,80269
1785989141.178,101,0.3496,0,2,94080,0,1290,0.3302,0,0,171800,0,39752,0.2719,140524,0.0874,0,1,59848,0,16937,0.2525,0,1,185304,0,37878,0.068,0,2,77552,0,17270,0.0,0,2,37728,0,601,0.4774,0.5977,0.6591,0.6667,0.0,1817452,29359100,2416,1795,1192,1784,1784,1784,1784,854,1796,597,718,1193,1800,1251,0,858,839,840,1799,599,0,715,858,1796,1792,842,841,839,32391,33510,31940,15,1603,5015,8040000,0,,,,,,,0,0,0,62438,
1785989142.232,102,0.4054,0,2,94080,0,1290,0.3952,0,1,173204,0,40182,0.3142,140524,0.0912,0,2,59848,0,17071,0.304,0,0,186096,0,38290,0.0912,0,1,77552,0,17416,0.0,0,2,37728,0,601,0.4867,0.6471,0.6509,0.6571,0.0,1818424,29359100,2416,1794,1186,1783,1783,1783,1784,855,1798,596,716,1197,1799,1251,0,856,843,841,1799,600,0,711,855,1797,1795,841,842,845,31956,33433,32547,15,1490,5015,7470000,0,,,,,,,0,1,0,62888,
1785989143.192,103,0.3569,0,2,94080,0,1290,0.3271,0,1,173208,0,40512,0.2875,140524,0.0892,0,1,59848,0,17202,0.2577,0,1,186096,0,38617,0.0694,0,1,77552,0,17578,0.0,0,2,37728,0,601,0.6345,0.8723,0.7979,0.875,0.0,1815380,29359100,4544,1794,1201,1783,1783,1783,1784,854,1799,598,714,1195,1801,1251,0,858,843,838,1796,600,0,712,857,1795,1792,838,841,838,33215,33433,32220,15,1262,5015,6330000,0,,,,,,,0,0,0,63930,
1785989144.178,104,0.364,0,2,94260,0,1290,0.3745,0,2,172972,0,40814,0.312,140524,0.1144,0,1,59956,0,17398,0.2912,0,0,183732,0,39122,0.0936,0,1,77592,0,17771,0.0,0,2,37728,0,601,0.5367,0.7525,0.7245,0.6667,0.0,1814744,29359100,1368,1794,1194,1782,1783,1782,1784,855,1796,597,717,1203,1801,1250,0,858,840,839,1797,599,0,712,856,1797,1792,838,841,840,33588,33308,32236,15,1486,5013,7450000,0,,,,,,,0,0,0,64567,
1785989145.193,105,0.3751,0,2,94260,0,1290,0.3462,0,1,172092,0,41155,0.2981,140524,0.0866,0,1,59956,0,17540,0.2981,0,0,185316,0,39602,0.0962,0,1,77592,0,17899,0.0,0,2,37728,0,601,0.4841,0.6667,0.5926,0.6852,0.0,1813144,29359100,1368,1795,1196,1783,1784,1783,1784,856,1796,596,717,1199,1802,1250,0,857,842,838,1797,599,0,714,855,1797,1794,841,841,838,33091,31474,32313,15,1351,5016,6780000,0,63774,103382,41971,117009,54565,26031,0,0,0,65078,80269
1785989146.182,106,0.3483,0,2,94260,0,1290,0.3185,0,0,171944,0,41531,0.2687,140524,0.0796,0,0,59956,0,17631,0.2389,0,2,185316,0,39853,0.0597,0,1,77592,0,18020,0.0,0,2,37728,0,601,0.4791,0.5938,0.6477,0.6897,0.0111,1813720,29359100,1368,1794,1199,1783,1783,1783,1784,854,1798,596,715,1190,1799,1250,0,857,844,844,1800,599,0,714,856,1796,1792,844,840,835,33355,32640,32313,15,1177,5016,5910000,0,,,,,,,0,0,0,65497,
1785989147.272,107,0.4123,0,2,94260,0,1290,0.3519,0,1,173200,0,41871,0.2916,140524,0.0905,0,1,59956,0,17784,0.2916,0,2,184032,0,40163,0.0804,0,0,77592,0,18193,0.0,0,2,37728,0,601,0.5899,0.7818,0.8241,0.7477,0.0,1813748,29359100,1368,1793,1203,1781,1782,1782,1783,854,1797,597,714,1197,1801,1250,0,857,844,839,1800,599,0,715,856,1796,1793,843,841,843,32267,32982,32624,15,1270,5016,6370000,0,,,,,,,0,2,0,66278,
1785989148.213,108,0.3503,0,2,94260,0,1290,0.3503,0,0,174456,0,42187,0.2902,140524,0.0901,0,2,59956,0,17904,0.2702,0,2,184552,0,40460,0.0801,0,0,77592,0,18352,0.0,0,2,37728,0,601,0.4919,0.6703,0.6413,0.663,0.0,1812820,29359100,1368,1794,1197,1783,1783,1783,1784,856,1797,598,718,1191,1800,1250,0,857,843,843,1797,600,0,714,857,1797,1790,842,841,841,32376,32298,32780,15,1266,5016,6350000,0,,,,,,,0,1,0,66900,
1785989149.207,109,0.3636,0,2,94260,0,1290,0.3434,0,0,173100,0,42530,0.2929,140524,0.0707,0,0,59956,0,18026,0.2424,0,1,185320,0,40760,0.0808,0,1,77592,0,18474,0.0,0,2,37728,0,601,0.459,0.6632,0.5408,0.6465,0.0,1812296,29359100,1368,1793,1198,1781,1782,1781,1782,854,1794,596,718,1194,1798,1251,0,857,845,844,1798,599,0,714,856,1795,1790,843,840,842,33075,30992,32189,15,1370,5015,6870000,0,,,,,,,0,0,0,67400,
1785989150.191,110,0.3601,0,2,94260,0,1290,0.3301,0,0,172064,0,42866,0.3001,140524,0.1,0,0,59956,0,18198,0.2801,0,0,185320,0,41125,0.08,0,1,77592,0,18611,0.0,0,2,37728,0,601,0.4843,0.6311,0.6214,0.6923,0.0,1812836,29359100,1368,1794,1201,1783,1783,1784,1785,855,1795,597,718,1196,1799,1249,0,857,842,839,1797,599,0,715,856,1796,1791,841,841,843,31210,32733,31707,15,1232,5015,6180000,0,63774,103310,42007,117053,54609,26031,0,0,0,68058,80269
1785989151.186,111,0.365,0,2,94260,0,1290,0.3549,0,1,172136,0,43261,0.2738,140524,0.0811,0,1,59956,0,18326,0.2636,0,2,184596,0,41425,0.071,0,1,77592,0,18745,0.0,0,2,37728,0,601,0.4712,0.6778,0.5506,0.6703,0.0,1814288,29359100,1368,1793,1203,1783,1783,1783,1784,855,1797,596,719,1199,1799,1250,0,857,842,836,1796,600,0,713,857,1797,1794,841,840,838,32655,32096,31956,15,1780,5015,8920000,0,,,,,,,0,0,0,68667,
1785989152.199,112,0.3496,0,2,94260,0,1290,0.3205,0,1,174364,0,43625,0.2622,140524,0.0874,0,1,59956,0,18449,0.2525,0,2,184596,0,41712,0.0777,0,1,77592,0,18881,0.0,0,2,37728,0,601,0.4975,0.6735,0.6224,0.6961,0.0,1811192,29359100,1368,1794,1203,1783,1783,1783,1784,855,1795,597,716,1198,1803,1250,0,857,845,843,1797,600,0,716,855,1797,1793,841,841,834,34101,32049,31257,15,1238,5016,6210000,0,,,,,,,0,1,0,69115,
1785989153.177,113,0.3947,0,2,94608,0,1290,0.3531,0,0,173080,0,44100,0.2908,140524,0.0935,0,1,59956,0,18594,0.2908,0,2,185344,0,42038,0.0727,0,1,77592,0,19009,0.0,0,2,37728,0,601,0.5607,0.7684,0.7143,0.7604,0.0,1812952,29359100,1432,1795,1198,1783,1784,1784,1784,855,1798,597,717,1199,1801,1250,0,858,845,837,1796,600,0,715,857,1800,1790,841,841,840,32391,32578,31163,15,1265,5016,6340000,0,,,,,,,0,1,0,69906,
1785989154.183,114,0.3501,0,2,94608,0,1290,0.3404,0,0,173300,0,44424,0.282,140524,0.0778,0,0,59956,0,18716,0.2431,0,1,185344,0,42355,0.0681,0,0,77592,0,19117,0.0,0,2,37728,0,601,0.4612,0.6082,0.6162,0.6436,0.0,1812660,29359100,1432,1794,1194,1783,1783,1783,1784,853,1794,597,717,1201,1802,1247,0,857,844,843,1798,599,0,715,857,1797,1793,839,841,841,32609,30961,33433,15,1227,5016,6150000,0,,,,,,,0,1,0,70466,
1785989155.135,115,0.3641,0,2,94608,0,1290,0.3329,0,0,171956,0,44820,0.2705,140524,0.0832,0,0,59956,0,18816,0.2705,0,2,184632,0,42597,0.0832,0,0,77592,0,19236,0.0,0,2,37728,0,601,0.4634,0.598,0.5588,0.703,0.0,1812896,29359100,1432,1795,1202,1784,1785,1784,1785,856,1795,597,717,1198,1802,1251,0,857,843,843,1798,599,0,716,856,1798,1793,841,841,838,33293,32096,31505,15,1110,5016,5570000,0,64170,103352,42047,116293,54653,26031,0,1,0,70893,80269
1785989156.208,116,0.3831,0,2,94608,0,1290,0.3544,0,1,173100,0,45193,0.3065,140524,0.0862,0,1,59956,0,18939,0.2682,0,2,185424,0,43020,0.0862,0,1,77592,0,19391,0.0096,0,2,37728,0,601,0.4856,0.6,0.6701,0.6804,0.0,1812148,29359100,1432,1795,1196,1784,1784,1783,1784,855,1796,596,715,1201,1799,1250,1,859,841,839,1799,599,0,712,855,1797,1793,839,841,839,32142,31925,31769,15,1425,5015,7150000,0,,,,,,,0,0,0,71291,
1785989157.211,117,0.3822,0,2,94608,0,1290,0.3409,0,0,171984,0,45488,0.2686,140524,0.0826,0,1,59956,0,19031,0.2686,0,2,184648,0,43366,0.0723,0,1,77592,0,19521,0.0103,0,2,37728,0,601,0.452,0.5625,0.567,0.6832,0.0,1814612,29359100,1432,1794,1197,1783,1783,1783,1784,855,1798,597,717,1193,1800,1252,1,857,844,844,1796,600,0,711,857,1795,1794,843,842,842,32500,32749,32127,15,1281,5015,9020000,0,,,,,,,0,1,0,71750,
1785989158.169,118,0.3488,0,2,95664,0,1290,0.3687,0,1,173196,0,45801,0.3288,140524,0.0997,0,0,59956,0,19221,0.279,0,0,186232,0,43762,0.0897,0,2,77592,0,19657,0.0,0,2,37728,0,601,0.5132,0.7391,0.6489,0.6702,0.0,1811300,29359100,1432,1795,1200,1783,1785,1783,1785,854,1795,597,715,1197,1799,1249,0,859,844,836,1796,600,0,714,856,1795,1793,838,841,840,33137,33324,31847,15,1182,5015,6570000,0,,,,,,,0,0,0,72528,
1785989159.155,119,0.3632,0,2,95664,0,1290,0.3632,0,1,172064,0,46173,0.2925,140524,0.0908,0,0,59956,0,19391,0.2724,0,2,184948,0,44027,0.0807,0,1,77592,0,19785,0.0,0,2,37728,0,601,0.4948,0.7071,0.6383,0.6562,0.0,1812276,29359100,1564,1792,1209,1782,1783,1782,1783,854,1794,597,711,1190,1801,1251,0,860,845,841,1797,599,0,714,857,1797,1793,841,841,838,32282,33293,31676,15,1208,5016,6060000,0,,,,,,,0,0,0,73145,
1785989160.157,120,0.3451,0,2,95664,0,1290,0.3451,0,0,172152,0,46510,0.2958,140524,0.0986,0,2,59956,0,19543,0.2662,0,2,185472,0,44265,0.0789,0,0,77592,0,19927,0.0,0,2,37728,0,601,0.487,0.5714,0.6286,0.7477,0.0,1813216,29359100,1640,1793,1194,1781,1782,1781,1783,855,1797,596,717,1199,1796,1251,0,858,842,839,1799,599,0,714,854,1796,1795,840,840,842,32593,32593,31428,15,1251,5016,6280000,0,65362,103530,42095,117141,54697,26031,0,2,0,73705,80269
1785989161.199,121,0.3852,0,2,95664,0,1290,0.3754,0,1,174588,0,46841,0.3359,140524,0.0988,0,0,59956,0,19755,0.2766,0,2,184684,0,44614,0.0889,0,1,77592,0,20089,0.0,0,2,37728,0,601,0.5064,0.6562,0.7245,0.6562,0.0,1812328,29359100,1640,1794,1202,1783,1783,1783,1785,855,1797,597,716,1200,1801,1251,0,859,843,841,1798,599,0,714,855,1796,1792,844,841,834,32469,32997,32018,15,1221,5016,6130000,0,,,,,,,0,0,0,74522,
1785989162.172,122,0.3583,0,2,95664,0,1290,0.3484,0,1,171992,0,47218,0.2986,140524,0.0995,0,0,59956,0,19895,0.2588,0,0,185476,0,45008,0.0796,0,1,77592,0,20230,0.0,0,2,37728,0,601,0.4814,0.6882,0.6146,0.6237,0.0,1811964,29359100,1640,1794,1200,1783,1784,1783,1784,856,1795,596,718,1195,1802,1248,0,858,842,837,1798,599,0,715,855,1797,1790,843,841,837,33852,32142,33619,15,1202,5016,6030000,0,,,,,,,0,0,0,75003,
1785989163.19,123,0.3712,0,2,95664,0,1290,0.3612,0,0,172012,0,47586,0.301,140524,0.0903,0,1,59956,0,20042,0.2909,0,0,186268,0,45366,0.0903,0,1,77592,0,20389,0.0,0,2,37728,0,601,0.4862,0.6531,0.5816,0.7426,0.0,1812056,29359100,1656,1793,1201,1783,1783,1783,1784,855,1797,597,718,1196,1801,1252,0,859,844,838,1798,600,0,712,856,1795,1792,839,842,838,32842,33060,31801,15,1195,5016,6000000,0,,,,,,,0,1,0,75503,
1785989164.189,124,0.3554,0,2,95664,0,1290,0.3456,0,0,171988,0,47939,0.2765,140524,0.079,0,0,59956,0,20193,0.237,0,0,184992,0,45644,0.0691,0,2,77592,0,20497,0.0,0,2,37728,0,601,0.4487,0.5579,0.5417,0.697,0.0,1812392,29359100,1660,1794,1204,1783,1784,1783,1784,855,1797,597,709,1196,1800,1248,0,858,842,842,1796,600,0,715,856,1797,1794,842,841,843,31832,32951,31614,15,1501,5015,7530000,0,,,,,,,0,1,0,75869,
1785989165.287,125,0.3999,0,2,95664,0,1290,0.4298,0,1,174532,0,48412,0.3699,140524,0.12,0,0,59956,0,20429,0.3599,0,2,185516,0,46276,0.11,0,0,77592,0,20746,0.0,0,2,37728,0,601,0.5206,0.7025,0.6803,0.6992,0.0,1813328,29359100,1660,1794,1191,1782,1783,1783,1784,855,1796,596,714,1203,1801,1251,0,857,843,839,1796,599,0,714,855,1797,1792,841,842,843,32065,32158,33075,15,1277,5016,6400000,0,65362,105846,42135,117193,54745,26031,0,0,0,76664,80269
1785989166.189,126,0.3443,0,2,95664,0,1290,0.3139,0,0,173260,0,48760,0.2431,140524,0.0709,0,1,59956,0,20513,0.2025,0,2,185516,0,46420,0.0608,0,1,77792,0,20871,0.0,0,2,37728,0,601,0.4821,0.7105,0.6267,0.6234,0.0,1812000,29359100,1660,1793,1202,1782,1783,1782,1784,855,1796,597,714,1198,1799,1251,0,859,843,842,1799,600,0,714,857,1796,1791,840,842,839,30604,33060,31381,15,1231,5015,6180000,0,,,,,,,0,1,0,77038,
1785989167.149,127,0.3491,0,2,95664,0,1290,0.3696,0,1,172104,0,49058,0.3183,140524,0.1027,0,1,59956,0,20707,0.2875,0,1,185532,0,46836,0.0924,0,1,77792,0,21019,0.0,0,2,37728,0,601,0.496,0.6848,0.6277,0.6667,0.0,1812660,29359100,1664,1793,1196,1783,1784,1784,1785,856,1796,597,714,1196,1800,1251,0,857,843,842,1796,600,0,714,858,1799,1793,840,841,839,31536,33557,31194,15,1190,5016,5970000,0,,,,,,,0,1,0,77750,
1785989168.146,128,0.3712,0,2,95664,0,1290,0.3411,0,1,172072,0,49401,0.2709,140524,0.0803,0,1,59956,0,20870,0.2709,0,1,185532,0,47199,0.0702,0,2,77792,0,21145,0.0,0,2,37728,0,601,0.4697,0.5918,0.65,0.6465,0.0,1812720,29359100,1664,1793,1196,1783,1783,1783,1784,855,1798,597,716,1197,1800,1250,0,856,842,837,1799,599,0,714,856,1798,1793,841,841,841,34101,32220,31956,15,1220,5015,6120000,0,,,,,,,0,1,0,78142,
1785989169.159,129,0.3503,0,2,95664,0,1290,0.3503,0,1,171176,0,49707,0.3003,140524,0.1001,0,1,59956,0,21020,0.2602,0,2,184232,0,47544,0.0801,0,0,77792,0,21285,0.0,0,2,37728,0,601,0.4693,0.6364,0.56,0.6863,0.0,1813648,29359100,1664,1794,1201,1783,1783,1783,1784,856,1796,597,718,1197,1802,1251,1,858,842,840,1798,600,0,713,855,1795,1795,844,841,838,32018,31972,31008,15,1222,5016,6130000,0,,,,,,,0,0,0,78705,
1785989170.198,130,0.3693,0,2,95664,0,1290,0.3498,0,0,172064,0,50139,0.2915,140524,0.0875,0,0,59956,0,21118,0.2915,0,1,184756,0,47918,0.0875,0,2,77792,0,21458,0.0,0,2,37728,0,601,0.4731,0.6522,0.6,0.6455,0.0,1813272,29359100,1664,1794,1202,1783,1783,1782,1784,855,1799,597,716,1200,1800,1251,1,858,844,841,1797,599,0,712,857,1798,1796,841,842,840,32111,32422,32718,15,1710,5015,8580000,0,65362,103506,42175,116437,54789,26031,0,1,0,79182,80269
1785989171.144,131,0.3589,0,2,95664,0,1290,0.3178,0,0,172300,0,50505,0.2461,140524,0.0718,0,2,59956,0,21221,0.2461,0,0,184756,0,48174,0.0718,0,1,77792,0,21559,0.0,0,2,37728,0,601,0.4706,0.6092,0.6071,0.6627,0.0,1813156,29359100,1664,1794,1196,1783,1784,1783,1784,854,1795,596,720,1197,1800,1249,1,858,841,838,1795,599,0,715,856,1795,1793,842,840,834,30775,32671,32531,15,1250,5015,6270000,0,,,,,,,0,2,0,79588,
1785989172.157,132,0.3632,0,2,95664,0,1290,0.3531,0,0,173480,0,50839,0.2926,140524,0.0807,0,0,60188,0,21331,0.232,0,0,184756,0,48413,0.0605,0,1,77792,0,21671,0.0,0,2,37728,0,601,0.4557,0.5926,0.5361,0.68,0.0,1812660,29359100,1664,1794,1203,1783,1783,1783,1784,856,1797,597,713,1197,1799,1249,0,858,838,838,1796,600,0,714,856,1795,1793,842,841,841,31925,32873,33293,15,1811,5013,9080000,0,,,,,,,0,1,0,80175,
1785989173.219,133,0.3942,0,2,95664,0,1290,0.3843,0,1,174708,0,51165,0.3449,140524,0.1084,0,0,60188,0,21491,0.3154,0,2,184788,0,48893,0.0985,0,0,77792,0,21883,0.0,0,2,37728,0,601,0.5084,0.7333,0.6698,0.6571,0.0,1812020,29359100,1664,1794,1200,1783,1783,1782,1783,854,1798,597,715,1193,1799,1252,0,858,846,844,1797,600,0,715,856,1796,1792,843,842,837,32034,33137,31940,15,1291,5015,6480000,0,,,,,,,0,0,0,81006,
1785989174.187,134,0.3612,0,2,95664,0,1290,0.3124,0,2,172444,0,51516,0.2636,140524,0.0781,0,0,60188,0,21610,0.2538,0,2,185580,0,49171,0.0683,0,1,77792,0,21982,0.0,0,2,37728,0,601,0.4591,0.6304,0.6632,0.5474,0.0,1811884,29359100,1664,1794,1197,1784,1784,1784,1785,854,1795,597,716,1197,1801,1250,1,857,843,843,1795,600,0,715,854,1798,1790,842,841,837,31552,32904,32313,15,1255,5016,6300000,0,,,,,,,0,1,0,81400,
1785989175.156,135,0.3648,0,2,95664,0,1290,0.3752,0,0,172096,0,51837,0.3544,140524,0.1146,0,0,60188,0,21825,0.3023,0,0,185604,0,49573,0.1042,0,0,77792,0,22178,0.0,0,2,37728,0,601,0.5225,0.7115,0.6731,0.7075,0.0,1810764,29359100,1664,1795,1199,1784,1784,1782,1784,855,1796,597,716,1199,1802,1250,0,857,841,839,1796,599,0,714,857,1796,1793,841,841,841,31645,32578,31179,15,1282,5015,6430000,0,65362,103558,42215,117285,54833,26031,0,1,0,82338,80269
1785989176.192,136,0.3717,0,2,95664,0,1290,0.3228,0,2,174584,0,52181,0.2935,140524,0.088,0,1,60188,0,21930,0.2543,0,2,185604,0,49867,0.0783,0,0,77792,0,22283,0.0,0,2,37728,0,601,0.4661,0.6374,0.6022,0.6304,0.0,1809220,29359100,1656,1794,1199,1783,1783,1783,1784,854,1795,597,716,1191,1801,1250,1,857,842,837,1796,599,0,716,858,1797,1790,841,841,841,32920,32018,32951,15,1212,5016,6080000,0,,,,,,,0,2,0,82893,
1785989177.178,137,0.3561,0,2,95664,0,1290,0.4069,0,2,173388,0,52532,0.3256,140524,0.1017,0,2,60188,0,22128,0.295,0,2,184832,0,50286,0.0916,0,1,77792,0,22424,0.0,0,2,37728,0,601,0.5088,0.7423,0.59,0.7143,0.0,1811180,29359100,1656,1794,1198,1783,1783,1782,1784,857,1797,597,716,1197,1802,1249,0,857,842,838,1798,600,0,715,858,1796,1790,843,840,840,31863,33852,31552,15,1232,5016,6180000,0,,,,,,,0,0,0,83568,
1785989178.243,138,0.4015,0,2,95664,0,1290,0.4015,0,1,172512,0,52870,0.3413,140524,0.1104,0,2,60188,0,22379,0.3011,0,2,184856,0,50753,0.0903,0,1,77792,0,22581,0.01,0,2,37728,0,601,0.5337,0.7115,0.6923,0.75,0.0,1811980,29359100,1656,1794,1201,1783,1783,1783,1784,855,1795,597,717,1200,1797,1249,0,857,845,841,1798,600,0,716,856,1798,1793,839,841,841,31956,32034,31847,15,1213,5016,6460000,0,,,,,,,0,0,0,84416,
1785989179.163,139,0.3274,0,2,95664,0,1290,0.3274,0,1,171204,0,53157,0.2679,140524,0.0893,0,1,60188,0,22568,0.258,0,1,184856,0,51044,0.0695,0,1,77792,0,22694,0.0,0,2,37728,0,601,0.5989,0.8315,0.7283,0.837,0.0,1813844,29359100,1668,1794,1202,1783,1783,1785,1785,855,1797,597,716,1199,1801,1251,0,857,843,844,1797,599,0,716,857,1799,1791,836,841,839,32220,33246,31692,15,1276,5015,6400000,0,,,,,,,0,0,0,85169,
1785989180.178,140,0.3656,0,2,95664,0,1290,0.3755,0,1,172292,0,53528,0.3162,140524,0.0988,0,1,60188,0,22769,0.3063,0,0,186440,0,51517,0.0988,0,2,77792,0,22819,0.0,0,2,37728,0,601,0.5323,0.7407,0.7222,0.6759,0.0,1813760,29359100,1668,1794,1192,1782,1783,1782,1783,853,1796,596,714,1200,1800,1249,0,857,844,846,1797,599,0,711,856,1797,1792,843,841,835,34458,32624,31350,15,1620,5015,8130000,0,65362,103734,42259,118137,54877,26031,0,0,0,85811,80269
1785989181.184,141,0.3714,0,2,95664,0,1290,0.3413,0,2,172384,0,53942,0.2811,140524,0.0903,0,0,60188,0,22939,0.2509,0,2,186440,0,51732,0.0703,0,0,77792,0,22892,0.01,0,2,37728,0,601,0.4674,0.6703,0.4831,0.7128,0.0,1813316,29359100,1668,1794,1199,1784,1782,1782,1783,855,1798,598,715,1199,1802,1250,0,857,843,839,1799,599,0,715,857,1797,1791,840,842,839,33013,32702,32142,15,1210,5015,6070000,0,,,,,,,0,0,0,86287,
1785989182.144,142,0.3536,0,2,95664,0,1290,0.3233,0,1,172208,0,54320,0.2627,140524,0.0808,0,0,60188,0,23062,0.2627,0,2,185164,0,52059,0.0606,0,1,77792,0,23003,0.0,0,2,37728,0,601,0.4695,0.6087,0.617,0.6596,0.0,1814596,29359100,1672,1794,1195,1784,1785,1784,1785,854,1797,597,716,1196,1800,1248,0,856,845,845,1797,599,0,716,855,1796,1793,839,842,836,31987,32826,30666,15,1173,5016,5880000,0,,,,,,,0,1,0,86662,
1785989183.159,143,0.3791,0,2,95664,0,1290,0.3591,0,0,172444,0,54606,0.2693,140524,0.0798,0,1,60188,0,23170,0.2693,0,1,185164,0,52387,0.0798,0,1,77792,0,23117,0.0,0,2,37728,0,601,0.4582,0.6735,0.602,0.5842,0.0,1814364,29359100,1672,1795,1200,1783,1784,1783,1784,856,1796,597,716,1197,1800,1251,0,857,845,840,1795,599,0,713,857,1797,1791,841,841,839,32686,31474,32391,15,1125,5016,5640000,0,,,,,,,0,1,0,87117,
1785989184.174,144,0.3584,0,2,95664,0,1290,0.3484,0,1,172220,0,54909,0.3086,140524,0.0896,0,0,60188,0,23328,0.2787,0,2,185164,0,52799,0.0796,0,1,77792,0,23242,0.0,0,2,37728,0,601,0.485,0.6263,0.6429,0.6667,0.0,1814312,29359100,1672,1795,1196,1783,1783,1784,1784,854,1796,597,716,1194,1798,1250,0,856,842,842,1798,599,0,714,857,1798,1789,841,841,842,32003,33759,31723,15,1446,5015,9310000,0,,,,,,,0,1,0,87642,
1785989185.169,145,0.3608,0,2,95664,0,1290,0.3608,0,1,172364,0,55286,0.3006,140524,0.1002,0,2,60188,0,23454,0.2706,0,2,185688,0,53060,0.0902,0,0,77792,0,23424,0.0,0,2,37728,0,601,0.4872,0.6422,0.5607,0.7615,0.0,1814872,29359100,1676,1795,1201,1783,1785,1784,1785,855,1798,597,717,1194,1800,1250,0,858,844,846,1798,600,0,712,855,1794,1793,843,842,838,31381,33122,31474,15,1658,5015,8320000,0,65362,103805,42290,117381,54925,26031,0,2,0,88144,80269
1785989186.241,146,0.386,0,2,95664,0,1290,0.3474,0,2,172448,0,55671,0.2992,140524,0.0869,0,0,60188,0,23617,0.2606,0,2,184404,0,53397,0.0772,0,1,77792,0,23551,0.0,0,2,37728,0,601,0.4818,0.6383,0.6562,0.6458,0.0,1817788,29359100,1944,1794,1204,1783,1784,1783,1784,853,1796,598,716,1195,1800,1248,0,857,843,835,1796,599,0,717,857,1798,1792,843,841,832,31521,34303,31847,15,1251,5016,6280000,0,,,,,,,0,0,0,88733,
1785989187.174,147,0.3509,0,2,95664,0,1290,0.3509,0,0,172500,0,55977,0.289,140524,0.0929,0,1,60188,0,23734,0.2683,0,1,184404,0,53728,0.0722,0,1,77792,0,23653,0.0,0,2,37728,0,601,0.4892,0.6522,0.6848,0.6196,0.0,1817176,29359100,1944,1795,1199,1784,1783,1783,1783,853,1796,597,716,1199,1799,1249,0,857,842,843,1796,599,0,715,856,1795,1790,843,842,839,31661,32438,32018,15,1590,5013,7970000,0,,,,,,,0,0,0,89309,
1785989188.176,148,0.371,0,2,95664,0,1290,0.3911,0,0,174904,0,56316,0.3409,140524,0.1103,0,0,60188,0,23945,0.2908,0,1,184928,0,54219,0.0902,0,2,77792,0,23855,0.0,0,2,37728,0,601,0.5303,0.7053,0.6931,0.7245,0.0,1813556,29359100,1944,1794,1203,1782,1783,1784,1785,857,1799,596,716,1198,1800,1250,0,858,843,836,1796,599,0,715,856,1797,1793,840,841,840,34381,33635,32096,15,1200,5016,9000000,0,,,,,,,0,1,0,89915,
1785989189.179,149,0.3601,0,2,95664,0,1290,0.3601,0,1,172384,0,56696,0.3115,140524,0.1071,0,0,60188,0,24160,0.292,0,1,185720,0,54665,0.0876,0,0,77792,0,23983,0.0,0,2,37728,0,601,0.5038,0.7041,0.6768,0.66,0.0,1814916,29359100,1968,1795,1200,1783,1783,1783,1784,855,1797,597,716,1198,1800,1249,0,858,843,838,1797,599,0,716,855,1794,1793,843,841,842,33293,32484,31163,15,1217,5016,6110000,0,,,,,,,0,0,0,90695,
1785989190.182,150,0.3578,0,2,95664,0,1290,0.3379,0,0,172504,0,57059,0.2683,140524,0.0696,0,0,60188,0,24291,0.2485,0,2,184444,0,54943,0.0696,0,0,77792,0,24135,0.0,0,2,37728,0,601,0.4681,0.5865,0.6381,0.6442,0.0,1816356,29359100,2032,1794,1207,1783,1783,1783,1784,855,1796,596,712,1197,1798,1250,0,856,847,845,1795,600,0,714,854,1797,1793,842,840,836,32205,32733,32624,15,1663,5015,8340000,0,65362,103729,42334,115957,54969,26031,0,0,0,91125,80269
1785989191.15,151,0.3602,0,2,95664,0,1290,0.3705,0,0,173720,0,57438,0.319,140524,0.1132,0,0,60188,0,24465,0.2881,0,2,184968,0,55286,0.0823,0,1,77792,0,24266,0.0,0,2,37728,0,601,0.5057,0.6932,0.7126,0.6364,0.0,1815624,29359100,2032,1793,1189,1782,1782,1782,1783,853,1796,596,717,1197,1800,1249,0,857,845,842,1796,599,0,713,857,1795,1794,845,841,838,32236,32764,31925,15,1206,5016,6050000,0,,,,,,,0,0,0,91926,
1785989192.15,152,0.3852,0,2,95664,0,1290,0.375,0,0,173604,0,57877,0.3244,140524,0.0912,0,0,60188,0,24594,0.2737,0,2,183664,0,55613,0.0912,0,0,77792,0,24370,0.0,0,2,37728,0,601,0.5051,0.6562,0.6429,0.732,0.0,1814480,29359100,2036,1794,1205,1783,1784,1783,1784,855,1797,597,717,1196,1799,1250,0,857,841,840,1798,599,0,715,857,1799,1792,839,841,842,33464,33230,32562,15,1225,5016,6120000,0,,,,,,,0,0,0,92617,
1785989193.239,153,0.3869,0,2,95664,0,1290,0.3869,0,0,172492,0,58304,0.3095,140524,0.0967,0,2,60188,0,24725,0.2998,0,2,184980,0,56051,0.0871,0,0,77792,0,24528,0.0,0,2,37728,0,601,0.486,0.619,0.6697,0.6667,0.0,1815384,29359100,2036,1794,1197,1782,1782,1782,1783,854,1797,597,718,1197,1800,1249,0,855,843,839,1795,600,0,714,854,1795,1790,843,841,840,32640,33417,32578,15,1308,5015,6570000,0,,,,,,,0,0,0,93125,
1785989194.222,154,0.3482,0,2,95664,0,1290,0.3283,0,0,172584,0,58634,0.2885,140524,0.0796,0,0,60188,0,24833,0.2487,0,1,185772,0,56399,0.0696,0,2,77792,0,24658,0.0,0,2,37728,0,601,0.473,0.6289,0.6458,0.6263,0.0,1813904,29359100,2036,1794,1192,1783,1784,1783,1784,853,1796,597,710,1193,1801,1249,0,858,845,840,1796,599,0,716,857,1799,1794,843,841,843,32018,31801,31785,15,1193,5016,5990000,0,,,,,,,0,2,0,93555,
1785989195.226,155,0.3803,0,2,95664,0,1290,0.3703,0,2,173700,0,58963,0.3102,140524,0.1001,0,1,60188,0,25019,0.3002,0,2,185004,0,56776,0.1001,0,2,78056,0,24873,0.0,0,2,37728,0,601,0.5034,0.6667,0.6091,0.7455,0.0,1811932,29359100,2036,1794,1198,1783,1783,1783,1783,855,1798,597,715,1197,1800,1249,0,856,844,839,1797,600,0,717,856,1794,1791,843,841,843,31381,33448,32018,15,1291,5015,6480000,0,65362,104977,42378,116673,55017,26031,0,2,0,94118,80269
1785989196.168,156,0.3503,0,2,95664,0,1290,0.3503,0,1,172376,0,59275,0.2988,140524,0.103,0,0,60188,0,25249,0.2576,0,0,185004,0,57108,0.0824,0,0,78056,0,25022,0.0,0,2,37728,0,601,0.5165,0.7294,0.55,0.7805,0.0119,1813072,29359100,2036,1794,1199,1783,1783,1783,1784,855,1797,597,716,1191,1800,1252,0,857,843,835,1800,599,0,717,856,1798,1790,843,842,835,33930,33619,31816,15,1338,5015,8440000,0,,,,,,,0,0,0,94673,
1785989197.189,157,0.3603,0,2,95664,0,1290,0.3701,0,1,172424,0,59634,0.3214,140524,0.0876,0,0,60188,0,25448,0.2921,0,2,185796,0,57455,0.0779,0,1,78056,0,25175,0.0,0,2,37728,0,601,0.5108,0.7248,0.6078,0.7087,0.0,1811744,29359100,2036,1793,1199,1782,1782,1782,1783,855,1796,597,717,1201,1798,1250,1,857,842,837,1794,600,0,715,855,1797,1793,842,841,845,31894,32422,31288,15,1220,5016,6120000,0,,,,,,,0,0,0,95364,
1785989198.192,158,0.3767,0,2,95664,0,1290,0.3767,0,0,172988,0,60045,0.3156,140524,0.0916,0,0,60188,0,25593,0.2647,0,1,186588,0,57704,0.0814,0,1,78056,0,25360,0.0,0,2,37728,0,601,0.4808,0.604,0.6562,0.6667,0.0,1809344,29359100,2036,1793,1199,1783,1783,1783,1784,854,1797,597,717,1198,1800,1250,0,855,843,839,1797,600,0,714,856,1799,1793,843,841,840,32453,32391,31070,15,1288,5016,6470000,0,,,,,,,0,1,0,95895,
1785989199.169,159,0.3476,0,2,95664,0,1290,0.3476,0,2,172592,0,60363,0.278,140524,0.0993,0,0,60188,0,25702,0.2681,0,1,185844,0,58153,0.0794,0,2,78056,0,25478,0.0,0,2,37728,0,601,0.4843,0.6559,0.6354,0.6495,0.0,1812440,29359100,2036,1794,1199,1782,1782,1782,1782,856,1797,597,717,1203,1800,1250,0,857,841,842,1799,599,0,714,856,1796,1793,838,841,837,32065,33075,31816,15,1225,5015,6140000,0,,,,,,,0,0,0,96409,
1785989200.194,160,0.3799,0,2,95664,0,1290,0.3699,0,1,173740,0,60722,0.3099,140524,0.09,0,1,60188,0,25833,0.2999,0,0,184532,0,58527,0.09,0,1,78056,0,25590,0.0,0,2,37728,0,601,0.4793,0.6168,0.6667,0.6481,0.0,1815524,29359100,2036,1794,1194,1783,1783,1783,1784,854,1795,597,717,1196,1799,1248,0,857,844,838,1799,599,0,714,857,1797,1792,843,840,831,32920,32889,32516,15,1235,5016,6220000,0,65362,105029,42422,116049,55069,26031,0,0,0,96999,80269
1785989201.185,161,0.3598,0,2,95664,0,1290,0.3198,0,2,172608,0,61028,0.2798,140524,0.07,0,1,60444,0,25962,0.2599,0,2,185848,0,58839,0.07,0,0,78056,0,25776,0.0,0,2,37728,0,601,0.489,0.6966,0.6444,0.6304,0.0,1811952,29359100,2036,1793,1194,1781,1782,1782,1783,853,1796,597,717,1188,1799,1250,0,857,841,836,1794,600,0,714,855,1796,1792,840,840,835,32438,32811,31117,15,1280,5015,6420000,0,,,,,,,0,1,0,97595,
1785989202.151,162,0.368,0,2,95664,0,1290,0.3374,0,1,172576,0,61344,0.2863,140524,0.092,0,1,60444,0,26085,0.2556,0,2,185848,0,59168,0.0818,0,0,78056,0,25975,0.0102,0,2,37728,0,601,0.4752,0.6064,0.6947,0.6082,0.0,1813652,29359100,2036,1794,1200,1783,1783,1783,1784,855,1798,597,717,1198,1799,1249,1,858,841,843,1794,599,0,715,855,1796,1793,835,841,840,32376,31288,31972,15,1805,5013,9050000,0,,,,,,,0,0,0,98066,
1785989203.145,163,0.3691,0,2,95664,0,1290,0.3591,0,0,172488,0,61644,0.2893,140524,0.0898,0,0,60444,0,26222,0.2893,0,2,185872,0,59505,0.0798,0,0,78056,0,26094,0.0,0,2,37728,0,601,0.4873,0.6495,0.5979,0.701,0.0,1811572,29359100,2036,1793,1194,1782,1783,1782,1783,853,1795,596,717,1199,1799,1250,0,857,844,841,1796,600,0,712,857,1798,1791,840,841,835,31832,32718,32904,15,1198,5016,6010000,0,,,,,,,0,0,0,98601,
1785989204.179,164,0.3749,0,2,95664,0,1290,0.3749,0,1,173724,0,61965,0.3141,140524,0.0912,0,0,60444,0,26386,0.2736,0,2,185872,0,59784,0.0811,0,0,78056,0,26247,0.0,0,2,37728,0,601,0.484,0.64,0.6078,0.6961,0.0,1813352,29359100,2036,1793,1199,1782,1783,1782,1783,854,1795,597,717,1198,1798,1249,0,858,843,836,1799,599,0,715,857,1799,1794,842,841,834,32811,32220,32127,15,1240,5015,6210000,0,,,,,,,0,0,0,99183,
1785989205.137,165,0.3388,0,2,95664,0,1290,0.3687,0,0,172680,0,62375,0.3188,140524,0.0996,0,1,60444,0,26596,0.279,0,0,184576,0,60258,0.0996,0,2,78056,0,26412,0.0,0,2,37728,0,601,0.5178,0.7212,0.7048,0.6542,0.0,1812248,29359100,2036,1795,1197,1784,1784,1784,1785,854,1797,597,717,1195,1799,1249,0,858,842,846,1798,599,0,713,859,1799,1790,839,841,836,31288,32826,32547,15,1267,5016,6360000,0,65362,103881,42466,116101,55113,26031,0,2,0,99958,80269
1785989206.187,166,0.389,0,2,95664,0,1290,0.3491,0,1,173660,0,62639,0.3292,140524,0.0997,0,1,60444,0,26721,0.2793,0,2,184576,0,60761,0.0798,0,1,78056,0,26542,0.0,0,2,37728,0,601,0.4933,0.6022,0.6809,0.6915,0.0,1814040,29359100,2036,1794,1187,1783,1783,1783,1784,853,1798,597,712,1198,1798,1250,0,856,843,844,1796,600,0,716,854,1798,1791,838,841,840,33401,33510,32671,15,1791,5015,8980000,0,,,,,,,0,0,0,100639,
1785989207.22,167,0.3457,0,2,95664,0,1290,0.3457,0,0,172808,0,62961,0.3073,140524,0.096,0,0,60444,0,26879,0.2689,0,2,185892,0,61068,0.0864,0,1,78056,0,26649,0.0,0,2,37728,0,601,0.4793,0.6408,0.6364,0.6505,0.0,1813172,29359100,2036,1794,1195,1783,1783,1783,1784,853,1797,597,717,1197,1798,1249,0,856,846,836,1795,600,0,715,856,1797,1791,843,841,843,32516,32422,32142,15,1262,5015,6330000,0,,,,,,,0,1,0,101237,
1785989208.164,168,0.3581,0,2,95664,0,1290,0.3683,0,0,172692,0,63277,0.2967,140524,0.1023,0,2,60444,0,27067,0.2762,0,1,184328,0,61462,0.0818,0,0,78056,0,26826,0.0,0,2,37728,0,601,0.5178,0.6932,0.6813,0.7253,0.0,1813848,29359100,1960,1793,1196,1782,1783,1782,1783,854,1798,596,717,1203,1802,1251,0,856,842,841,1799,599,0,714,856,1795,1789,837,840,836,32345,32096,31801,15,1185,5015,5940000,0,,,,,,,0,0,0,101837,
1785989209.188,169,0.3816,0,2,95664,0,1290,0.3615,0,1,172596,0,63599,0.3414,140524,0.1004,0,1,60444,0,27208,0.3013,0,2,184328,0,61821,0.1004,0,0,78056,0,27021,0.0,0,2,37728,0,601,0.4925,0.6667,0.602,0.7129,0.0,1812464,29359100,1992,1793,1200,1782,1783,1782,1783,855,1797,596,715,1198,1800,1252,0,857,841,841,1798,599,0,715,855,1796,1791,843,841,838,32174,33728,31552,15,1266,5016,6360000,0,,,,,,,0,1,0,102560,
1785989210.145,170,0.3459,0,2,95664,0,1290,0.3561,0,0,172796,0,63947,0.3256,140524,0.1017,0,1,60444,0,27371,0.2849,0,0,185120,0,62226,0.0916,0,1,78056,0,27186,0.0,0,2,37728,0,601,0.5084,0.6699,0.6311,0.7404,0.0,1811368,29359100,1996,1793,1200,1783,1783,1782,1783,855,1796,596,717,1196,1802,1250,0,857,844,844,1796,599,0,715,855,1794,1790,842,840,840,32096,32702,30915,15,1266,5015,6210000,0,65362,104061,42510,116825,55161,26031,0,1,0,103213,80269
1785989211.165,171,0.3726,0,2,95664,0,1290,0.3726,0,0,173888,0,64271,0.3235,140524,0.098,0,1,60444,0,27571,0.2745,0,2,185120,0,62670,0.0882,0,1,78056,0,27369,0.0098,0,2,37728,0,601,0.5055,0.7143,0.6154,0.7033,0.0,1811376,29359100,1996,1794,1200,1782,1784,1783,1784,856,1797,597,718,1198,1799,1246,0,858,842,840,1798,599,0,714,856,1796,1793,836,841,837,32702,33013,32220,15,1258,5015,6310000,0,,,,,,,0,0,0,103918,
1785989212.233,172,0.3711,0,2,95664,0,1290,0.3907,0,0,173940,0,64688,0.3125,140524,0.0977,0,1,60444,0,27734,0.293,0,2,185964,0,63053,0.0781,0,1,78056,0,27515,0.0,0,2,37728,0,601,0.488,0.6923,0.5577,0.7143,0.0,1810748,29359100,1996,1794,1202,1783,1784,1783,1784,854,1796,597,716,1199,1800,1250,0,859,840,837,1796,599,0,713,856,1796,1793,841,841,845,32920,34008,32578,15,1527,5015,7660000,0,,,,,,,0,2,0,104420,
1785989213.219,173,0.3707,0,2,95664,0,1290,0.3606,0,1,173752,0,65002,0.3105,140524,0.0902,0,1,60444,0,27842,0.2805,0,0,185184,0,63421,0.0902,0,1,78056,0,27647,0.0,0,2,37728,0,601,0.4845,0.6064,0.732,0.6082,0.0,1812016,29359100,1996,1794,1189,1783,1783,1783,1784,855,1795,596,716,1198,1798,1250,1,857,842,849,1795,600,0,713,856,1798,1791,838,841,840,32236,32422,32640,15,1768,5016,6290000,0,,,,,,,0,2,0,104980,
1785989214.207,174,0.3651,0,2,95664,0,1290,0.3448,0,2,172752,0,65338,0.2839,140524,0.0913,0,1,60444,0,28004,0.2535,0,2,185976,0,63690,0.0811,0,1,78056,0,27812,0.0,0,2,37728,0,601,0.473,0.5895,0.5612,0.7526,0.0,1811884,29359100,1996,1795,1201,1784,1785,1784,1785,855,1797,597,715,1199,1800,1251,0,858,843,837,1798,599,0,715,857,1795,1793,841,841,839,33759,33324,31552,15,1285,5015,6440000,0,,,,,,,0,0,0,105585,
1785989215.177,175,0.3559,0,2,95664,0,1290,0.3152,0,1,172752,0,65651,0.2644,140524,0.0712,0,1,60444,0,28108,0.2542,0,2,185976,0,64006,0.0712,0,1,78056,0,27922,0.0,0,2,37728,0,601,0.4636,0.6733,0.495,0.6796,0.0,1811200,29359100,1996,1794,1201,1783,1783,1783,1784,853,1797,597,718,1200,1801,1249,0,857,844,844,1796,600,0,716,856,1794,1791,838,841,842,32920,33168,32516,15,1785,5013,8950000,0,65362,103989,42554,117673,55205,26031,0,1,0,106022,80269
1785989216.145,176,0.3536,0,2,95664,0,1290,0.3334,0,2,171520,0,65944,0.293,140524,0.0909,0,1,60444,0,28231,0.2526,0,1,185976,0,64345,0.0808,0,2,78056,0,28061,0.0,0,2,37728,0,601,0.4816,0.6591,0.6705,0.618,0.0,1812368,29359100,1996,1794,1199,1782,1783,1783,1784,855,1797,596,717,1202,1800,1250,1,857,844,839,1796,599,0,713,856,1797,1789,837,841,832,32003,33277,32298,15,1521,5016,7630000,0,,,,,,,0,0,0,106597,
1785989217.193,177,0.3812,0,2,95664,0,1290,0.3612,0,1,174008,0,66315,0.321,140524,0.1003,0,0,60444,0,28349,0.2909,0,2,186768,0,64659,0.0803,0,1,78056,0,28191,0.01,0,2,37728,0,601,0.4757,0.6238,0.5865,0.6952,0.0,1812184,29359100,1996,1794,1197,1783,1783,1782,1784,855,1794,597,715,1191,1802,1250,1,857,843,840,1797,599,0,709,856,1794,1792,841,841,833,33401,31909,32702,15,1721,5013,8640000,0,,,,,,,0,2,0,107257,
1785989218.148,178,0.3391,0,2,95664,0,1290,0.369,0,1,172704,0,66709,0.3092,140524,0.0798,0,0,60444,0,28533,0.2593,0,2,186768,0,64946,0.0798,0,0,78056,0,28384,0.0,0,2,37728,0,601,0.4907,0.6237,0.6809,0.6702,0.0,1812892,29359100,1996,1794,1205,1783,1784,1782,1784,854,1797,595,716,1198,1802,1250,0,857,843,841,1799,599,0,715,856,1797,1791,840,841,842,31428,32267,31987,15,1273,5015,6390000,0,,,,,,,0,0,0,107853,
1785989219.167,179,0.3843,0,2,95664,0,1290,0.3548,0,2,172792,0,67117,0.2858,140524,0.0985,0,0,60444,0,28628,0.2759,0,1,183928,0,65310,0.0788,0,0,78056,0,28542,0.0,0,2,37728,0,601,0.4775,0.66,0.6735,0.5816,0.0,1813780,29359100,1996,1794,1204,1783,1784,1783,1784,856,1795,597,716,1199,1799,1250,0,858,843,841,1797,599,0,715,855,1796,1792,838,842,838,32142,31210,32189,15,1223,5015,6200000,0,,,,,,,0,0,0,108259,
1785989220.195,180,0.3671,0,2,95664,0,1290,0.3373,0,0,172920,0,67494,0.2977,140524,0.0794,0,1,60444,0,28734,0.2877,0,2,186036,0,65686,0.0794,0,1,78056,0,28684,0.0,0,2,37728,0,601,0.4807,0.6296,0.6636,0.6364,0.0,1813016,29359100,1996,1793,1198,1782,1782,1781,1784,855,1797,597,717,1201,1799,1249,0,857,842,841,1795,599,0,714,856,1798,1791,841,841,836,32174,33013,31754,15,1247,5016,6260000,0,65362,104165,42598,117717,55249,26031,0,2,0,108708,80269
1785989221.132,181,0.3596,0,2,95664,0,1290,0.2979,0,2,172748,0,67797,0.2568,140524,0.0822,0,1,60444,0,28863,0.2466,0,0,186036,0,66013,0.0616,0,2,78296,0,28808,0.0,0,2,37728,0,601,0.4748,0.6477,0.6905,0.5663,0.0,1812420,29359100,1996,1794,1199,1783,1784,1783,1784,855,1795,597,717,1196,1801,1250,1,857,845,840,1798,600,0,714,856,1797,1793,840,842,835,32578,33013,31396,15,1248,5016,6260000,0,,,,,,,0,2,0,109280,
1785989222.21,182,0.3722,0,2,95664,0,1290,0.3722,0,0,174012,0,68135,0.2958,140524,0.0954,0,0,60444,0,29077,0.2863,0,1,186052,0,66317,0.0859,0,1,78296,0,28988,0.0,0,2,37728,0,601,0.4932,0.7119,0.566,0.6822,0.0,1812432,29359100,1996,1794,1199,1783,1782,1782,1783,855,1796,597,716,1194,1799,1249,0,858,844,844,1798,599,0,714,858,1797,1791,835,841,834,32873,31132,31630,15,1211,5016,6080000,0,,,,,,,0,1,0,109805,
1785989223.173,183,0.3518,0,2,95664,0,1290,0.3217,0,2,172804,0,68466,0.2614,140524,0.0905,0,2,60444,0,29179,0.2413,0,2,186844,0,66563,0.0704,0,0,78296,0,29113,0.0,0,2,37728,0,601,0.4721,0.6389,0.5978,0.6316,0.0,1811052,29359100,1996,1794,1189,1783,1783,1783,1784,855,1795,596,718,1196,1801,1250,0,859,844,841,1796,599,0,716,853,1796,1791,840,841,839,32453,32189,32453,15,1325,5015,6650000,0,,,,,,,0,2,0,110200,
1785989224.192,184,0.374,0,2,95664,0,1290,0.3639,0,2,173016,0,68806,0.3033,140524,0.0809,0,0,60444,0,29295,0.2426,0,2,185560,0,66758,0.0809,0,1,78296,0,29267,0.0,0,2,37728,0,601,0.4613,0.6139,0.5758,0.6566,0.0,1812548,29359100,1996,1794,1202,1782,1783,1782,1784,854,1796,597,713,1196,1802,1249,0,856,844,839,1797,600,0,711,855,1794,1790,841,841,834,33044,32718,33122,15,1821,5016,6290000,0,,,,,,,0,0,0,110821,
1785989225.168,185,0.3528,0,2,95664,0,1290,0.3427,0,1,172868,0,69123,0.2923,140524,0.0907,0,0,60444,0,29416,0.2823,0,2,185560,0,67066,0.0806,0,0,78296,0,29402,0.0,0,2,37728,0,601,0.4822,0.5922,0.6,0.7477,0.0,1811224,29359100,1996,1793,1200,1782,1783,1782,1783,853,1798,597,715,1196,1798,1248,0,856,840,839,1795,599,0,715,856,1797,1792,842,841,838,34132,33153,32003,15,1261,5016,6330000,0,65362,104085,42634,117185,55293,26031,0,1,0,111327,80269
1785989226.179,186,0.3789,0,2,95664,0,1290,0.3291,0,0,172724,0,69461,0.2692,140524,0.0798,0,1,60444,0,29544,0.2692,0,2,187112,0,67284,0.0698,0,0,78296,0,29518,0.0,0,2,37728,0,601,0.4672,0.6484,0.6022,0.6413,0.0,1810304,29359100,1996,1793,1198,1782,1782,1782,1783,855,1797,597,716,1197,1799,1251,0,856,843,841,1794,599,0,716,854,1797,1794,837,842,841,31754,33339,31832,15,1298,5016,6510000,0,,,,,,,0,1,0,111856,
1785989227.14,187,0.3591,0,2,95664,0,1290,0.3899,0,1,174088,0,69815,0.3283,140524,0.1026,0,1,60444,0,29706,0.2667,0,2,186144,0,67582,0.0923,0,1,78296,0,29665,0.0,0,2,37728,0,601,0.5,0.6374,0.6087,0.7553,0.0,1811644,29359100,1996,1794,1199,1782,1783,1782,1783,854,1796,597,717,1201,1802,1250,0,859,845,843,1796,600,0,714,857,1795,1791,846,842,842,33495,32282,32438,15,1220,5015,6390000,0,,,,,,,0,0,0,112537,
1785989228.133,188,0.3684,0,2,95664,0,1290,0.4082,0,0,172876,0,70104,0.3086,140524,0.0996,0,0,60444,0,29851,0.2987,0,1,185380,0,67920,0.0896,0,1,78296,0,29803,0.0,0,2,37728,0,601,0.5165,0.6837,0.7374,0.6531,0.0,1812420,29359100,1996,1794,1195,1783,1784,1783,1783,858,1798,596,716,1202,1800,1249,0,859,842,842,1796,599,1,716,856,1797,1790,842,840,835,31801,33370,32640,15,1261,5015,6330000,0,,,,,,,0,0,0,113384,
1785989229.187,189,0.3769,0,2,95664,0,1290,0.3769,0,0,172928,0,70531,0.3189,140524,0.0966,0,0,60444,0,29955,0.2899,0,2,186172,0,68224,0.087,0,1,78296,0,29989,0.0,0,2,37728,0,601,0.4916,0.6667,0.5962,0.7212,0.0,1811824,29359100,1996,1794,1196,1783,1784,1783,1785,855,1797,597,717,1194,1800,1252,0,857,842,836,1797,600,0,713,854,1795,1790,837,841,837,32174,33230,32282,15,1217,5016,6100000,0,,,,,,,0,0,0,114259,
1785989230.182,190,0.362,0,2,95664,0,1290,0.3827,0,2,173900,0,70832,0.3103,140524,0.0931,0,0,60444,0,30095,0.3,0,2,185392,0,68407,0.0931,0,1,78296,0,30173,0.0,0,2,37728,0,601,0.4888,0.6577,0.5766,0.7257,0.0,1812656,29359100,1996,1792,1200,1781,1782,1781,1782,855,1795,596,718,1195,1797,1250,0,857,843,841,1797,599,0,715,855,1795,1791,841,841,841,32811,31645,32329,15,1373,5015,6890000,0,65362,105331,42682,117053,55341,26031,0,0,0,115047,80269
1785989231.2,191,0.3688,0,2,95664,0,1290,0.3397,0,0,171676,0,71107,0.2815,140524,0.0874,0,1,60700,0,30292,0.2427,0,2,185392,0,68646,0.0777,0,1,78296,0,30292,0.0,0,2,37728,0,601,0.4913,0.6395,0.6512,0.6706,0.0,1813136,29359100,1996,1794,1199,1783,1784,1783,1785,855,1795,596,716,1199,1801,1248,0,856,843,836,1798,599,0,716,857,1796,1793,842,841,842,33060,33339,32329,15,1545,5013,7750000,0,,,,,,,0,1,0,115964,
1785989232.173,192,0.3583,0,2,95664,0,1290,0.3787,0,0,172820,0,71433,0.3071,140524,0.1024,0,0,60700,0,30402,0.2866,0,1,186184,0,69045,0.0819,0,2,78296,0,30390,0.0,0,2,37728,0,601,0.474,0.6064,0.6771,0.625,0.0,1812448,29359100,1996,1793,1201,1781,1782,1781,1783,855,1796,597,712,1190,1800,1250,1,857,842,840,1798,600,0,715,856,1798,1791,841,840,838,33510,32655,31847,15,1357,5015,6810000,0,,,,,,,0,1,0,116692,
1785989233.163,193,0.3608,0,2,95664,0,1290,0.3121,0,0,173048,0,71757,0.2633,140524,0.0878,0,1,60700,0,30564,0.2633,0,1,186184,0,69348,0.078,0,1,78296,0,30550,0.0,0,2,37728,0,601,0.4689,0.6146,0.5684,0.6979,0.0,1812536,29359100,1996,1794,1200,1783,1783,1783,1784,853,1794,597,716,1198,1803,1251,1,856,843,839,1796,599,0,714,856,1796,1793,841,841,836,32780,32345,32422,15,1187,5015,5950000,0,,,,,,,0,0,0,117157,
1785989234.151,194,0.3672,0,2,95664,0,1290,0.357,0,0,172752,0,72087,0.306,140524,0.0918,0,1,60700,0,30690,0.2856,0,1,186224,0,69780,0.0816,0,1,78296,0,30715,0.0,0,2,37728,0,601,0.4742,0.625,0.6495,0.6566,0.0,1812464,29359100,1996,1794,1187,1783,1783,1781,1783,855,1794,595,718,1199,1799,1250,0,856,847,839,1797,600,0,713,855,1797,1793,844,840,836,32889,32982,32422,15,1812,5013,9090000,0,,,,,,,0,0,0,117895,
1785989235.183,195,0.3724,0,2,95664,0,1290,0.4227,0,0,173148,0,72432,0.3522,140524,0.1107,0,0,60700,0,30954,0.322,0,2,185440,0,70160,0.1006,0,1,78296,0,30910,0.0,0,2,37728,0,601,0.5264,0.729,0.6449,0.7339,0.0,1812496,29359100,1996,1794,1199,1784,1784,1784,1784,856,1797,597,717,1198,1799,1248,0,858,841,838,1795,599,0,714,857,1797,1792,842,841,840,32251,32376,31598,15,1167,5016,5860000,0,65362,104321,42722,117105,55389,26031,0,2,0,118874,80269
1785989236.177,196,0.3782,0,2,95664,0,1290,0.3782,0,1,174216,0,72770,0.3284,140524,0.1095,0,1,60700,0,31179,0.2787,0,2,187024,0,70477,0.0796,0,1,78296,0,31046,0.0,0,2,37728,0,601,0.5259,0.7143,0.6848,0.7222,0.0,1810436,29359100,1996,1794,1199,1783,1783,1782,1783,854,1797,597,716,1197,1800,1250,0,858,844,842,1797,600,0,714,856,1796,1791,840,840,840,33153,32407,32127,15,1307,5016,6560000,0,,,,,,,0,2,0,119713,
1785989237.24,197,0.3698,0,2,95664,0,1290,0.3795,0,0,174140,0,73175,0.3114,140524,0.0973,0,1,60700,0,31318,0.3017,0,2,185744,0,70904,0.0973,0,1,78296,0,31167,0.0,0,2,37728,0,601,0.4928,0.6538,0.6602,0.6571,0.0,1811956,29359100,1996,1794,1206,1783,1783,1782,1784,854,1795,597,715,1200,1801,1250,0,857,843,842,1797,600,0,713,856,1798,1794,842,841,843,33044,33464,32127,15,1175,5016,5890000,0,,,,,,,0,1,0,120479,
1785989238.156,198,0.3517,0,2,95664,0,1290,0.3413,0,2,172784,0,73471,0.2689,140524,0.0827,0,1,60700,0,31417,0.2275,0,2,186268,0,71160,0.0724,0,2,78296,0,31279,0.0103,0,2,37728,0,601,0.4654,0.5568,0.6484,0.6593,0.0,1811392,29359100,1996,1794,1201,1782,1783,1782,1783,855,1796,596,717,1197,1801,1252,0,857,843,844,1795,600,0,714,856,1795,1791,841,841,839,32764,33790,31303,15,1267,5016,5920000,0,,,,,,,0,1,0,121014,
1785989239.163,199,0.352,0,2,95664,0,1290,0.3129,0,0,172900,0,73807,0.264,140524,0.0684,0,1,60700,0,31539,0.2347,0,0,186268,0,71395,0.0684,0,0,78296,0,31415,0.0,0,2,37728,0,601,0.4492,0.6082,0.6162,0.5918,0.0,1810464,29359100,1996,1793,1197,1782,1782,1782,1783,855,1796,597,716,1199,1799,1249,0,857,843,845,1799,600,0,715,855,1796,1792,834,841,838,33230,31847,31878,15,1268,5015,6360000,0,,,,,,,0,1,0,121428,
1785989240.188,200,0.3827,0,2,95664,0,1290,0.3625,0,2,172996,0,74164,0.3222,140524,0.1108,0,1,60700,0,31686,0.292,0,2,186268,0,71743,0.0806,0,1,78296,0,31530,0.0,0,2,37728,0,601,0.4804,0.6321,0.6111,0.6818,0.0,1811780,29359100,1996,1794,1202,1783,1783,1782,1783,855,1792,596,717,1194,1801,1249,0,858,843,842,1797,600,0,709,855,1796,1790,845,841,840,31707,32391,33572,15,1457,5015,7300000,0,65362,104369,42766,117961,55433,26031,0,2,0,122047,80269
1785989241.175,201,0.3536,0,2,95664,0,1290,0.3132,0,0,174028,0,74491,0.2526,140524,0.0707,0,1,60700,0,31772,0.2425,0,0,184976,0,71983,0.0707,0,2,78296,0,31648,0.0101,0,2,37728,0,601,0.4485,0.5402,0.5795,0.6848,0.0,1812604,29359100,1996,1793,1197,1781,1783,1781,1782,855,1796,596,717,1191,1801,1250,0,858,840,843,1797,600,0,710,854,1795,1792,842,841,834,32624,32951,31334,15,1762,5013,8840000,0,,,,,,,0,0,0,122566,
1785989242.194,202,0.3749,0,2,95664,0,1290,0.3453,0,1,172916,0,74846,0.2763,140524,0.0789,0,1,60700,0,31867,0.2664,0,2,185468,0,72284,0.0888,0,1,78296,0,31802,0.0,0,2,37728,0,601,0.4715,0.596,0.6569,0.6337,0.0,1812200,29359100,1996,1794,1201,1783,1783,1782,1783,854,1795,596,717,1199,1801,1250,0,858,843,840,1798,600,0,715,857,1795,1793,841,841,837,33324,31816,32080,15,1151,5016,5780000,0,,,,,,,0,0,0,123116,
1785989243.17,203,0.3541,0,2,95664,0,1290,0.3339,0,0,172892,0,75185,0.2732,140524,0.0911,0,0,60700,0,31994,0.2529,0,2,186260,0,72571,0.0708,0,0,78296,0,31957,0.0,0,2,37728,0,601,0.4609,0.6421,0.6211,0.5938,0.0,1811764,29359100,1996,1793,1198,1782,1783,1783,1784,856,1794,597,717,1196,1801,1250,0,859,843,843,1800,599,0,714,857,1797,1792,839,840,842,32764,32096,32096,15,1263,5015,6340000,0,,,,,,,0,0,0,123699,
1785989244.177,204,0.3641,0,2,95664,0,1290,0.3247,0,0,172892,0,75497,0.2657,140524,0.0689,0,0,60700,0,32099,0.2559,0,1,187052,0,72944,0.0689,0,2,78296,0,32040,0.0,0,2,37728,0,601,0.4561,0.62,0.63,0.5859,0.0,1811100,29359100,1996,1794,1195,1783,1783,1781,1782,854,1797,597,717,1193,1801,1251,0,859,842,836,1798,600,0,713,855,1794,1791,840,841,838,31443,31785,32562,15,1240,5016,6220000,0,,,,,,,0,0,0,124072,
1785989245.172,205,0.3842,0,2,95664,0,1290,0.3946,0,0,174180,0,75917,0.3219,140524,0.1038,0,1,60700,0,32271,0.3115,0,1,185812,0,73307,0.0935,0,2,78296,0,32183,0.0,0,2,37728,0,601,0.5036,0.6019,0.699,0.7115,0.0094,1808616,29359100,1996,1794,1203,1782,1782,1782,1783,853,1797,596,717,1197,1802,1251,0,858,843,843,1795,600,0,716,856,1796,1793,834,841,843,32795,32764,32127,15,1606,5013,8050000,0,65362,105513,42806,117329,55481,26031,0,0,0,124736,80269
1785989246.238,206,0.3733,0,2,95664,0,1290,0.3637,0,0,173064,0,76345,0.3159,140524,0.0957,0,2,60700,0,32413,0.2776,0,2,186336,0,73676,0.0766,0,0,78296,0,32325,0.0,0,2,37728,0,601,0.4924,0.6633,0.6566,0.6598,0.0,1810872,29359100,1996,1794,1193,1782,1783,1782,1784,854,1796,597,718,1197,1802,1252,0,858,844,841,1795,600,0,715,854,1794,1792,836,841,839,33401,32531,31987,15,1277,5016,6410000,0,,,,,,,0,2,0,125433,
1785989247.135,207,0.3307,0,2,95664,0,1290,0.3204,0,1,173044,0,76625,0.279,140524,0.093,0,1,60700,0,32523,0.2584,0,0,186336,0,73963,0.0723,0,1,78296,0,32479,0.0,0,2,37728,0,601,0.4918,0.66,0.593,0.7045,0.0,1810580,29359100,1996,1793,1199,1782,1783,1782,1783,855,1795,598,715,1195,1798,1249,0,856,845,843,1797,600,0,714,855,1798,1792,844,841,834,32220,33712,31521,15,1742,5015,8740000,0,,,,,,,0,1,0,125947,
1785989248.221,208,0.3893,0,2,95664,0,1290,0.4282,0,2,174220,0,77080,0.3406,140524,0.107,0,1,60700,0,32699,0.3114,0,0,187128,0,74466,0.0973,0,0,78296,0,32658,0.0,0,2,37728,0,601,0.5289,0.7213,0.7156,0.6574,0.0,1810172,29359100,1996,1794,1186,1782,1782,1782,1783,854,1796,596,716,1197,1801,1251,0,860,845,837,1798,600,0,714,854,1799,1790,838,841,840,33868,32749,32111,15,1500,5013,7520000,0,,,,,,,0,2,0,126958,
1785989249.15,209,0.3546,0,2,95664,0,1290,0.3233,0,0,173336,0,77501,0.2607,140524,0.073,0,2,60700,0,32792,0.2712,0,2,187128,0,74729,0.0834,0,1,78560,0,32795,0.0,0,2,37728,0,601,0.4784,0.6327,0.5667,0.7065,0.0,1810388,29359100,1996,1794,1196,1782,1783,1783,1783,856,1798,597,718,1199,1800,1252,0,858,844,843,1799,600,0,715,856,1796,1791,842,841,836,31225,32469,32500,15,1306,5016,6550000,0,,,,,,,0,2,0,127260,
1785989250.185,210,0.3762,0,2,95664,0,1290,0.3465,0,1,173220,0,77897,0.2871,140524,0.0792,0,1,60700,0,32907,0.2772,0,0,186384,0,75070,0.0792,0,1,78560,0,32923,0.0,0,2,37728,0,601,0.4678,0.7027,0.6372,0.5446,0.0,1811256,29359100,1996,1794,1194,1782,1783,1782,1783,855,1796,596,719,1196,1801,1251,0,859,844,838,1797,599,0,715,856,1795,1792,841,841,834,32453,32764,32531,15,1232,5016,6460000,0,65362,104417,42850,118049,55525,26031,0,2,0,127763,80269
1785989251.199,211,0.3607,0,2,95664,0,1290,0.3607,0,1,175428,0,78286,0.2906,140524,0.1002,0,0,60700,0,33054,0.3006,0,2,187176,0,75484,0.0701,0,1,78560,0,33088,0.0,0,2,37728,0,601,0.4892,0.6154,0.5761,0.7742,0.0,1810904,29359100,1996,1794,1196,1783,1783,1782,1783,853,1796,597,718,1196,1801,1251,0,858,845,842,1799,600,0,713,855,1797,1790,842,841,838,31039,31940,32624,15,1426,5015,7150000,0,,,,,,,0,0,0,128338,
1785989252.218,212,0.3663,0,2,95664,0,1290,0.3663,0,2,173244,0,78619,0.3085,140524,0.0964,0,0,60700,0,33213,0.2699,0,0,187176,0,75962,0.0868,0,0,78560,0,33200,0.0,0,2,37728,0,601,0.478,0.6421,0.5729,0.7113,0.0,1811320,29359100,1996,1793,1203,1782,1782,1782,1783,853,1793,597,716,1195,1800,1250,0,859,845,838,1798,600,0,716,856,1796,1793,835,841,840,33401,33681,31567,15,1226,5016,6150000,0,,,,,,,0,0,0,129066,
1785989253.163,213,0.3539,0,2,95664,0,1290,0.3336,0,0,173072,0,78917,0.2629,140524,0.0708,0,0,60700,0,33341,0.2629,0,2,187988,0,76245,0.0708,0,0,78560,0,33285,0.0,0,2,37728,0,601,0.4866,0.5957,0.6882,0.6667,0.0,1810280,29359100,1996,1794,1197,1783,1783,1782,1783,855,1797,597,718,1196,1799,1247,0,858,844,839,1796,599,0,716,855,1795,1794,839,841,844,33044,32920,31630,15,1230,5016,6170000,0,,,,,,,0,2,0,129685,
1785989254.191,214,0.3666,0,2,95664,0,1290,0.3666,0,1,173148,0,79265,0.3171,140524,0.0991,0,1,60700,0,33468,0.2675,0,0,186704,0,76582,0.0793,0,1,78560,0,33442,0.0,0,2,37728,0,601,0.4769,0.6,0.6602,0.6634,0.0,1810144,29359100,1996,1794,1202,1785,1785,1785,1785,854,1798,597,717,1199,1798,1249,0,858,842,841,1797,599,0,714,857,1796,1792,843,841,839,32920,33386,32111,15,1186,5015,5950000,0,,,,,,,0,1,0,130390,
1785989255.184,215,0.3724,0,2,95664,0,1290,0.362,0,2,174436,0,79645,0.3103,140524,0.0931,0,1,60700,0,33627,0.2896,0,2,185636,0,76964,0.0827,0,1,78560,0,33576,0.0,0,2,37728,0,601,0.4906,0.6698,0.6095,0.6881,0.0,1811384,29359100,1996,1794,1198,1783,1783,1782,1784,853,1796,597,716,1198,1802,1249,0,857,844,838,1798,600,0,714,857,1796,1793,843,841,839,32640,33106,32407,15,1223,5015,6130000,0,65362,105713,42890,117297,55565,26031,0,2,0,131125,80269
1785989256.195,216,0.3495,0,2,95664,0,1290,0.3398,0,0,174544,0,79993,0.2718,140524,0.0874,0,0,60700,0,33800,0.2427,0,2,186428,0,77251,0.0777,0,0,78560,0,33684,0.0097,0,2,37728,0,601,0.4654,0.6136,0.5393,0.6923,0.0,1810224,29359100,1996,1794,1201,1782,1782,1781,1783,856,1796,597,712,1196,1802,1251,0,857,844,840,1798,600,0,714,857,1799,1792,843,841,841,32562,32593,32065,15,1571,5015,7880000,0,,,,,,,0,2,0,131643,
1785989257.138,217,0.3627,0,2,95664,0,1290,0.3109,0,0,173340,0,80312,0.2591,140524,0.0725,0,1,60700,0,33890,0.2487,0,0,185640,0,77578,0.0622,0,1,78560,0,33784,0.0,0,2,37728,0,601,0.4486,0.617,0.5806,0.6237,0.0,1811388,29359100,1996,1794,1191,1782,1784,1783,1784,854,1794,596,715,1194,1799,1249,0,857,843,843,1796,599,0,712,856,1794,1791,839,841,835,32500,33339,31801,15,1567,5015,7860000,0,,,,,,,0,1,0,131994,
1785989258.193,218,0.3652,0,2,95664,0,1290,0.3941,0,1,173144,0,80681,0.298,140524,0.0961,0,2,60700,0,34036,0.2884,0,2,187224,0,77904,0.0769,0,1,78560,0,33912,0.0,0,2,37728,0,601,0.471,0.6078,0.6176,0.6569,0.0,1808808,29359100,1996,1793,1199,1782,1782,1782,1783,855,1798,596,716,1196,1801,1250,1,860,841,847,1800,600,0,716,855,1796,1791,839,841,838,33619,32049,31194,15,1381,5013,6930000,0,,,,,,,0,2,0,132578,
1785989259.144,219,0.3765,0,2,95664,0,1290,0.3137,0,0,173256,0,81082,0.2719,140524,0.0627,0,0,60700,0,34125,0.251,0,2,187224,0,78100,0.0837,0,1,78560,0,34012,0.0,0,2,37728,0,601,0.4465,0.5444,0.5054,0.7447,0.0,1809828,29359100,1996,1794,1198,1782,1783,1783,1784,854,1796,596,715,1192,1800,1250,0,858,841,842,1799,599,0,714,855,1795,1791,843,841,841,31707,32702,33013,15,1302,5015,6530000,0,,,,,,,0,0,0,132916,
1785989260.178,220,0.3589,0,2,95664,0,1290,0.4087,0,1,173184,0,81450,0.309,140524,0.1097,0,0,60700,0,34256,0.2991,0,2,187260,0,78393,0.0798,0,2,78560,0,34193,0.0,0,2,37728,0,601,0.4876,0.6697,0.5909,0.7054,0.0,1809544,29359100,1996,1794,1191,1783,1783,1783,1783,853,1796,596,718,1198,1800,1250,0,858,847,842,1797,598,0,715,856,1798,1791,839,841,840,31987,33448,32904,15,1183,5016,5940000,0,65362,104621,42930,118941,55617,26031,0,0,0,133555,80269
1785989261.189,221,0.3713,0,2,95664,0,1290,0.3615,0,0,173400,0,81815,0.2931,140524,0.0782,0,0,60700,0,34398,0.2638,0,2,185964,0,78725,0.0782,0,0,78560,0,34334,0.0,0,2,37728,0,601,0.5014,0.6593,0.6044,0.7473,0.0,1810832,29359100,1996,1794,1197,1783,1782,1782,1784,854,1796,597,716,1199,1798,1250,0,859,843,844,1798,600,0,713,856,1797,1791,842,841,841,31878,32749,32826,15,1151,5015,5770000,0,,,,,,,0,2,0,134248,
1785989262.164,222,0.3778,0,2,95664,0,1290,0.3369,0,1,173524,0,82148,0.2757,140524,0.0919,0,0,60700,0,34509,0.2655,0,2,184372,0,78929,0.0817,0,1,78560,0,34465,0.0,0,2,37728,0,601,0.4635,0.6105,0.6289,0.6186,0.0,1812176,29359100,1996,1793,1194,1783,1783,1783,1783,852,1794,596,717,1200,1801,1249,0,857,842,836,1799,600,0,713,856,1797,1790,838,840,840,33619,32220,32593,15,1653,5015,8300000,0,,,,,,,0,2,0,134651,
1785989263.173,223,0.3515,0,2,95664,0,1290,0.3711,0,0,173436,0,82550,0.3027,140524,0.0977,0,1,60964,0,34710,0.2637,0,2,186480,0,79282,0.0781,0,1,78560,0,34632,0.0,0,2,37728,0,601,0.4862,0.5758,0.6566,0.7172,0.0,1809296,29359100,1996,1794,1186,1783,1783,1782,1784,854,1795,596,716,1197,1800,1247,0,856,844,836,1799,599,0,712,856,1795,1791,842,841,838,32718,31801,32080,15,1680,5015,8430000,0,,,,,,,0,1,0,135301,
1785989264.197,224,0.3693,0,2,95664,0,1290,0.3892,0,1,173468,0,82932,0.3393,140524,0.0998,0,2,60964,0,34922,0.2894,0,0,186480,0,79691,0.0898,0,1,78560,0,34775,0.0,0,2,37728,0,601,0.495,0.63,0.6931,0.6699,0.0,1810276,29359100,1996,1793,1201,1783,1783,1783,1783,855,1798,596,716,1198,1797,1251,0,858,842,845,1796,600,0,714,856,1793,1793,840,840,835,32966,34085,33759,15,1188,5016,5960000,0,,,,,,,0,0,0,136270,
1785989265.173,225,0.3677,0,2,95664,0,1290,0.3472,0,1,174628,0,83264,0.3064,140524,0.1021,0,0,60964,0,35053,0.3166,0,0,186512,0,80147,0.0817,0,1,78560,0,34924,0.0,0,2,37728,0,601,0.4977,0.6571,0.6321,0.7075,0.0,1806432,29359100,1996,1793,1198,1782,1782,1782,1783,857,1795,597,717,1197,1800,1249,0,857,840,840,1797,599,0,716,855,1797,1791,842,841,839,32904,31319,33324,15,1242,5015,6370000,0,65362,105913,42978,118189,55661,26031,0,0,0,136858,80269
1785989266.143,226,0.3645,0,2,95664,0,1290,0.3341,0,1,173364,0,83577,0.2734,140524,0.081,0,2,60964,0,35168,0.2329,0,0,186512,0,80445,0.0709,0,2,78560,0,35031,0.0,0,2,37728,0,601,0.4651,0.6047,0.6047,0.6705,0.0,1810528,29359100,2012,1793,1199,1782,1782,1781,1784,855,1795,596,716,1200,1800,1249,0,857,842,840,1799,600,0,713,856,1796,1789,844,841,837,32205,32298,32671,15,1286,5016,6450000,0,,,,,,,0,0,0,137288,
1785989267.166,227,0.3604,0,2,95664,0,1290,0.3507,0,1,173464,0,83959,0.2922,140524,0.0877,0,1,60964,0,35329,0.2825,0,1,187304,0,80804,0.0877,0,1,78560,0,35163,0.0,0,2,37728,0,601,0.4874,0.5816,0.65,0.7172,0.0,1809716,29359100,2012,1794,1207,1783,1783,1783,1784,854,1795,596,719,1199,1801,1250,0,857,843,840,1796,600,0,713,856,1795,1795,844,841,832,32174,32236,32811,15,1215,5016,6100000,0,,,,,,,0,2,0,137828,
1785989268.174,228,0.3807,0,2,95664,0,1290,0.3707,0,0,173408,0,84327,0.3206,140524,0.1002,0,0,60964,0,35484,0.2905,0,2,187304,0,81079,0.0801,0,1,78560,0,35313,0.0,0,2,37728,0,601,0.4874,0.5816,0.6465,0.7245,0.0,1809704,29359100,2012,1793,1197,1782,1782,1782,1783,853,1796,597,712,1198,1798,1249,0,858,847,842,1799,600,0,711,855,1796,1792,841,840,843,33106,33433,33153,15,1711,5015,8580000,0,,,,,,,0,1,0,138618,
1785989269.179,229,0.3668,0,2,95664,0,1290,0.3569,0,1,173356,0,84729,0.2974,140524,0.0892,0,0,60964,0,35634,0.2875,0,2,186564,0,81342,0.0793,0,0,78560,0,35449,0.0,0,2,37728,0,601,0.4938,0.6263,0.68,0.69,0.0,1810976,29359100,2012,1794,1200,1782,1783,1783,1783,855,1796,596,716,1198,1799,1251,1,857,844,841,1796,599,0,716,855,1798,1794,838,841,838,33728,33075,31583,15,1677,5013,8410000,0,,,,,,,0,0,0,139259,
1785989270.16,230,0.3681,0,2,95664,0,1290,0.3885,0,1,173556,0,85144,0.2965,140524,0.1022,0,0,60964,0,35778,0.276,0,1,185248,0,81685,0.092,0,1,78560,0,35601,0.0102,0,2,37728,0,601,0.482,0.6373,0.5905,0.7075,0.0,1811192,29359100,2112,1794,1199,1783,1783,1783,1784,855,1797,597,716,1195,1801,1251,0,857,841,837,1799,600,0,715,857,1797,1792,840,841,834,31956,32733,33091,15,1206,5016,6050000,0,65362,104817,43022,116761,55705,26031,0,0,0,139856,80269
1785989271.19,231,0.3631,0,2,95664,0,1290,0.3533,0,1,174728,0,85450,0.2748,140524,0.0785,0,1,60964,0,35900,0.2748,0,0,187356,0,81969,0.0687,0,2,78560,0,35756,0.0,0,2,37728,0,601,0.4743,0.6556,0.5435,0.7174,0.0,1809016,29359100,2112,1793,1200,1782,1782,1782,1783,854,1798,597,717,1197,1800,1250,0,858,844,839,1797,599,0,715,857,1796,1794,842,841,836,33821,33106,31878,15,1256,5016,6300000,0,,,,,,,0,0,0,140326,
1785989272.187,232,0.3639,0,2,95664,0,1290,0.3538,0,0,173536,0,85799,0.283,140524,0.0809,0,1,60964,0,36008,0.2527,0,2,187356,0,82317,0.0708,0,1,78560,0,35885,0.0,0,2,37728,0,601,0.4736,0.63,0.6224,0.6465,0.0,1808688,29359100,2112,1793,1198,1782,1783,1783,1784,855,1795,596,716,1200,1801,1250,0,857,839,842,1799,600,0,713,855,1793,1791,844,841,838,32578,32376,32842,15,1640,5013,8220000,0,,,,,,,0,2,0,140807,
1785989273.168,233,0.3627,0,2,95664,0,1290,0.3426,0,1,174840,0,86107,0.3123,140524,0.0907,0,2,60964,0,36167,0.2821,0,2,186584,0,82642,0.1008,0,1,78560,0,36058,0.0,0,2,37728,0,601,0.4922,0.6559,0.6289,0.6939,0.0,1808660,29359100,2112,1794,1199,1783,1784,1783,1784,854,1796,597,716,1197,1804,1251,0,858,842,845,1798,599,0,714,856,1798,1791,843,840,841,32593,32671,32003,15,1247,5013,6260000,0,,,,,,,0,0,0,141460,
1785989274.18,234,0.3652,0,2,95664,0,1290,0.385,0,1,173520,0,86489,0.3257,140524,0.1086,0,0,60964,0,36333,0.2863,0,2,185808,0,82965,0.079,0,1,78560,0,36193,0.0099,0,2,37728,0,601,0.5012,0.6733,0.6465,0.6863,0.0,1810152,29359100,2112,1794,1201,1782,1783,1783,1784,854,1797,597,716,1201,1800,1249,0,858,842,836,1797,600,0,711,856,1798,1790,840,841,837,32469,32469,31972,15,1607,5013,8020000,0,,,,,,,0,2,0,142293,
1785989275.191,235,0.3783,0,2,95664,0,1290,0.368,0,2,173720,0,86909,0.3169,140524,0.092,0,0,60964,0,36451,0.2862,0,2,185808,0,83244,0.1022,0,0,78560,0,36399,0.0,0,2,37728,0,601,0.4867,0.6273,0.5841,0.7522,0.0,1807788,29359100,2112,1794,1204,1783,1783,1783,1784,855,1797,597,716,1199,1800,1250,0,858,843,846,1797,599,0,714,856,1798,1789,845,841,843,32795,32578,31676,15,1271,5016,6370000,0,65362,104913,43062,117477,55753,26031,0,0,0,142878,80269
1785989276.142,236,0.3386,0,2,95664,0,1290,0.3187,0,0,173788,0,87164,0.2689,140524,0.0797,0,0,60964,0,36597,0.239,0,2,185808,0,83463,0.0697,0,1,78560,0,36536,0.0,0,2,37728,0,601,0.489,0.557,0.6875,0.7037,0.0,1809368,29359100,2112,1793,1196,1783,1784,1783,1784,854,1794,597,715,1199,1798,1250,0,856,840,842,1797,600,0,716,859,1797,1793,841,841,835,32951,32749,31225,15,1243,5016,6240000,0,,,,,,,0,2,0,143484,
1785989277.185,237,0.3903,0,2,95664,0,1290,0.3903,0,1,174904,0,87521,0.3303,140524,0.1101,0,0,60964,0,36833,0.2802,0,2,185808,0,83723,0.0901,0,1,78560,0,36704,0.0,0,2,37728,0,601,0.5134,0.61,0.6832,0.7788,0.0,1809300,29359100,2112,1794,1195,1783,1784,1782,1783,855,1797,597,715,1196,1800,1249,0,859,841,843,1801,599,0,714,855,1798,1793,841,841,836,32174,32951,32142,15,1315,5015,6590000,0,,,,,,,0,0,0,144468,
1785989278.153,238,0.34,0,2,95664,0,1290,0.36,0,0,172680,0,87842,0.31,140524,0.1,0,2,60964,0,36961,0.29,0,2,187420,0,83987,0.09,0,1,78820,0,36889,0.0,0,2,37728,0,601,0.4909,0.5957,0.5851,0.7812,0.0,1807892,29359100,2112,1794,1203,1783,1783,1783,1784,855,1797,596,713,1198,1801,1249,0,858,843,836,1799,600,0,717,857,1799,1790,842,841,843,32531,32469,33028,15,1266,5016,6350000,0,,,,,,,0,1,0,145188,
1785989279.211,239,0.372,0,2,95664,0,1290,0.3915,0,0,173656,0,88210,0.3328,140524,0.1175,0,1,60964,0,37180,0.2741,0,2,187420,0,84226,0.0979,0,1,78820,0,37049,0.0,0,2,37728,0,601,0.4965,0.6168,0.5888,0.787,0.0,1808184,29359100,2112,1793,1197,1783,1783,1783,1784,853,1796,597,717,1203,1801,1250,0,857,843,844,1797,600,0,712,858,1797,1793,842,841,842,33168,33060,32174,15,1747,5013,8760000,0,,,,,,,0,0,0,146086,
1785989280.175,240,0.3466,0,2,95664,0,1290,0.3268,0,0,173748,0,88582,0.2674,140524,0.0693,0,2,60964,0,37272,0.2674,0,2,187420,0,84450,0.0594,0,0,78820,0,37171,0.0,0,2,37728,0,601,0.467,0.6139,0.598,0.6765,0.0,1805648,29359100,2112,1794,1201,1783,1783,1782,1783,854,1798,597,715,1196,1799,1250,0,857,844,847,1799,600,0,715,856,1796,1791,842,840,837,32516,32080,32718,15,1293,5016,6490000,0,65362,105013,43106,119129,55797,26031,0,2,0,146643,80269
1785989281.197,241,0.3777,0,2,95664,0,1290,0.3578,0,2,173728,0,88882,0.2882,140524,0.0895,0,2,60964,0,37355,0.2584,0,1,186144,0,84683,0.0895,0,1,78820,0,37346,0.0,0,2,37728,0,601,0.4795,0.6292,0.5385,0.7391,0.0,1808904,29359100,2112,1794,1199,1782,1782,1782,1783,856,1798,597,718,1198,1801,1248,0,858,842,844,1798,600,0,714,856,1795,1793,845,841,842,31443,33060,32251,15,1891,5013,9480000,0,,,,,,,0,1,0,147244,
1785989282.187,242,0.3604,0,2,95664,0,1290,0.3604,0,0,173884,0,89204,0.2987,140524,0.0927,0,1,60964,0,37501,0.2678,0,2,185876,0,85157,0.0824,0,1,78820,0,37460,0.0,0,2,37728,0,601,0.4742,0.6804,0.6289,0.6146,0.0,1807436,29359100,2112,1794,1200,1783,1784,1783,1784,854,1796,596,719,1199,1803,1249,0,858,845,838,1800,600,0,715,856,1795,1791,841,841,839,32516,32484,32034,15,1238,5015,6210000,0,,,,,,,0,2,0,147933,
1785989283.15,243,0.3648,0,2,95664,0,1290,0.3648,0,0,173684,0,89549,0.2939,140524,0.0811,0,0,60964,0,37608,0.2533,0,2,186668,0,85492,0.0709,0,1,78820,0,37576,0.0,0,2,37728,0,601,0.4841,0.587,0.617,0.734,0.0,1807484,29359100,2112,1793,1200,1782,1782,1782,1783,855,1795,597,718,1192,1804,1249,0,857,843,840,1796,600,1,714,855,1794,1790,838,840,840,33106,32313,32080,15,1248,5016,6270000,0,,,,,,,0,2,0,148337,
1785989284.136,244,0.3487,0,2,95664,0,1290,0.3287,0,1,173776,0,89884,0.269,140524,0.0897,0,0,60964,0,37751,0.269,0,1,187460,0,85788,0.0797,0,2,78820,0,37707,0.0,0,2,37728,0,601,0.459,0.5625,0.6082,0.67,0.0,1808276,29359100,2112,1793,1195,1782,1782,1781,1783,853,1794,597,709,1198,1800,1248,0,858,844,842,1797,600,0,713,857,1796,1791,839,841,837,31490,32547,32205,15,1361,5016,6830000,0,,,,,,,0,2,0,148755,
1785989285.209,245,0.3854,0,2,95664,0,1290,0.3758,0,1,173868,0,90284,0.3276,140524,0.106,0,0,60964,0,37913,0.2987,0,2,186188,0,86102,0.0867,0,1,78820,0,37878,0.0,0,2,37728,0,601,0.499,0.6471,0.6198,0.7355,0.0,1807880,29359100,2112,1793,1197,1781,1782,1781,1783,855,1796,596,718,1199,1798,1251,0,857,840,836,1797,600,0,714,857,1796,1791,842,841,847,32718,33215,31614,15,1337,5015,6710000,0,65362,105113,43150,117705,55845,26031,0,0,0,149378,80269
1785989286.254,246,0.3706,0,2,95664,0,1290,0.3706,0,2,173932,0,90694,0.3105,140524,0.1002,0,1,60964,0,38108,0.2604,0,2,186712,0,86374,0.0902,0,2,78820,0,37997,0.0,0,2,37728,0,601,0.4944,0.6404,0.6092,0.7222,0.0,1807984,29359100,2112,1792,1200,1781,1781,1781,1782,852,1795,596,716,1195,1801,1250,0,857,842,836,1800,599,0,715,856,1796,1792,840,840,839,32593,33961,32982,15,1392,5016,5890000,0,,,,,,,0,1,0,150075,
1785989287.175,247,0.3554,0,2,95664,0,1290,0.3554,0,2,173972,0,90949,0.3148,140524,0.0914,0,0,60964,0,38278,0.2742,0,2,186712,0,86751,0.0812,0,0,78820,0,38196,0.0,0,2,37728,0,601,0.5193,0.7,0.6813,0.7111,0.0,1807072,29359100,2112,1794,1201,1782,1783,1782,1783,853,1794,596,716,1195,1798,1249,0,858,847,837,1797,600,0,710,855,1797,1792,840,840,837,32469,32142,32469,15,1748,5015,8770000,0,,,,,,,0,1,0,150849,
1785989288.181,248,0.3568,0,2,95664,0,1290,0.3964,0,0,175172,0,91278,0.327,140524,0.109,0,1,60964,0,38456,0.2874,0,2,186724,0,87089,0.0892,0,1,78820,0,38352,0.0,0,2,37728,0,601,0.51,0.7282,0.66,0.6531,0.0,1806656,29359100,2112,1793,1194,1782,1782,1782,1783,855,1796,597,716,1199,1799,1251,0,857,847,840,1797,599,0,714,854,1795,1789,844,841,836,32500,33153,33386,15,1558,5015,7810000,0,,,,,,,0,0,0,151634,
1785989289.191,249,0.3595,0,2,95664,0,1290,0.3994,0,1,173868,0,91657,0.3195,140524,0.1098,0,0,60964,0,38688,0.2796,0,1,185432,0,87470,0.0899,0,0,78820,0,38556,0.0,0,2,37728,0,601,0.5074,0.6931,0.596,0.7451,0.0,1808592,29359100,2112,1793,1197,1782,1782,1781,1783,855,1795,596,717,1198,1800,1250,0,858,843,842,1798,599,0,714,855,1794,1791,835,840,835,33448,32578,32562,15,1286,5015,6450000,0,,,,,,,0,0,0,152399,
1785989290.173,250,0.3584,0,2,95664,0,1290,0.3789,0,0,173944,0,92014,0.3277,140524,0.1024,0,0,60964,0,38864,0.297,0,2,185956,0,87760,0.1024,0,0,78820,0,38714,0.0,0,2,37728,0,601,0.5093,0.7009,0.5701,0.7685,0.0,1808288,29359100,2112,1794,1199,1783,1783,1782,1784,855,1797,597,716,1191,1800,1250,0,857,844,836,1799,600,0,716,855,1797,1790,840,841,832,32578,33075,31459,15,1243,5016,6240000,0,65362,105221,43198,117625,55897,26031,0,1,0,153189,80269
1785989291.157,251,0.3561,0,2,95664,0,1290,0.366,0,0,173976,0,92349,0.3066,140524,0.1088,0,1,60964,0,39032,0.2869,0,0,187540,0,88152,0.0791,0,1,78820,0,38841,0.0099,0,2,37728,0,601,0.5058,0.6552,0.6824,0.6905,0.0,1807636,29359100,2112,1793,1201,1782,1782,1782,1783,855,1796,597,719,1194,1800,1252,0,859,839,837,1799,600,0,714,855,1796,1791,841,841,838,32391,33510,32702,15,1632,5015,8190000,0,,,,,,,0,0,0,153958,
1785989292.176,252,0.3934,0,2,95664,0,1290,0.3934,0,1,175252,0,92754,0.3026,140524,0.0807,0,0,61224,0,39186,0.2623,0,2,187540,0,88421,0.0807,0,1,78820,0,38952,0.0,0,2,37728,0,601,0.4812,0.6224,0.5859,0.74,0.0,1806668,29359100,2112,1794,1187,1783,1783,1783,1783,854,1794,596,713,1198,1801,1250,0,859,843,841,1797,599,0,715,855,1798,1793,840,841,844,31909,32655,31692,15,1178,5016,5910000,0,,,,,,,0,2,0,154539,
1785989293.166,253,0.3524,0,2,95664,0,1290,0.3328,0,1,173876,0,93088,0.2741,140524,0.0881,0,1,61224,0,39293,0.2643,0,1,187540,0,88806,0.0685,0,1,78820,0,39102,0.0,0,2,37728,0,601,0.4613,0.5957,0.6146,0.6465,0.0,1807108,29359100,2112,1793,1208,1782,1782,1782,1783,855,1797,596,718,1193,1798,1252,0,857,843,839,1798,600,0,706,854,1796,1790,838,842,842,32702,32391,32080,15,1638,5015,8220000,0,,,,,,,0,0,0,155101,
1785989294.17,254,0.3764,0,2,95664,0,1290,0.3459,0,0,173856,0,93452,0.2747,140524,0.0712,0,1,61224,0,39383,0.2645,0,2,187540,0,89078,0.0814,0,1,78820,0,39209,0.0,0,2,37728,0,601,0.4527,0.5376,0.6061,0.6598,0.0098,1805992,29359100,2112,1794,1200,1783,1783,1783,1784,853,1797,597,716,1202,1801,1251,0,858,843,840,1799,599,0,716,856,1797,1793,838,841,842,32578,32826,33060,15,1185,5016,5940000,0,,,,,,,0,1,0,155549,
1785989295.227,255,0.3639,0,2,95664,0,1290,0.3738,0,0,174072,0,93798,0.3246,140524,0.1082,0,0,61224,0,39527,0.3246,0,2,187596,0,89413,0.0885,0,1,78820,0,39377,0.0,0,2,37728,0,601,0.4901,0.625,0.614,0.7436,0.0,1805476,29359100,2112,1793,1201,1782,1783,1783,1784,854,1797,597,717,1192,1801,1249,0,858,842,837,1799,600,0,715,854,1797,1792,842,840,839,33060,32811,31319,15,1300,5016,6520000,0,65362,105317,43238,119273,55941,26031,0,0,0,156223,80269
1785989296.18,256,0.3536,0,2,95664,0,1290,0.3132,0,1,173928,0,94115,0.2324,140524,0.0707,0,0,61224,0,39630,0.2223,0,2,187596,0,89648,0.0505,0,1,78820,0,39463,0.0,0,2,37728,0,601,0.4527,0.5366,0.5783,0.6905,0.0,1807504,29359100,2112,1793,1197,1781,1782,1782,1782,854,1795,597,717,1199,1800,1251,1,857,844,841,1794,600,0,714,856,1798,1795,839,842,835,32391,31832,31956,15,1325,5016,6640000,0,,,,,,,0,2,0,156552,
1785989297.188,257,0.3662,0,2,95664,0,1290,0.3662,0,2,176356,0,94446,0.2969,140524,0.099,0,0,61224,0,39795,0.287,0,2,187616,0,90028,0.099,0,0,78820,0,39669,0.0,0,2,37728,0,601,0.4874,0.6837,0.6162,0.6733,0.0,1806120,29359100,2112,1795,1194,1782,1783,1782,1783,856,1797,597,718,1196,1801,1251,0,858,844,845,1797,600,0,714,856,1796,1789,842,841,842,32951,31769,30821,15,1235,5015,6200000,0,,,,,,,0,2,0,157344,
1785989298.2,258,0.368,0,2,95664,0,1290,0.368,0,1,174128,0,94767,0.3282,140524,0.0796,0,1,61224,0,39899,0.2685,0,2,186316,0,90321,0.0796,0,1,78820,0,39824,0.0,0,2,37728,0,601,0.4876,0.63,0.6869,0.6337,0.0,1808220,29359100,2112,1793,1192,1781,1782,1782,1782,856,1796,597,713,1194,1798,1250,1,858,842,841,1796,600,0,714,856,1797,1792,841,841,836,32904,31707,32609,15,1741,5013,8740000,0,,,,,,,0,1,0,158024,
1785989299.156,259,0.3516,0,2,95664,0,1290,0.3723,0,1,174200,0,95078,0.2896,140524,0.1034,0,2,61224,0,40018,0.2585,0,2,186840,0,90698,0.0827,0,1,78820,0,39962,0.0,0,2,37728,0,601,0.4817,0.5652,0.6667,0.6875,0.0,1807980,29359100,2112,1793,1196,1782,1782,1781,1782,855,1796,597,716,1196,1801,1248,0,859,843,840,1800,601,0,712,856,1796,1790,838,841,835,32997,32997,31738,15,1162,5015,5830000,0,,,,,,,0,1,0,158510,
1785989300.173,260,0.3593,0,2,95664,0,1290,0.3398,0,2,174028,0,95461,0.2816,140524,0.0777,0,2,61224,0,40139,0.2816,0,0,186840,0,91057,0.0777,0,2,78820,0,40077,0.0,0,2,37728,0,601,0.4786,0.5865,0.6476,0.6981,0.0,1807044,29359100,2112,1792,1197,1782,1782,1782,1783,854,1794,596,717,1197,1800,1251,0,859,843,839,1798,599,0,715,856,1794,1792,842,841,844,32422,31987,32686,15,1461,5015,7330000,0,65362,105413,43282,118517,55985,26031,0,2,0,159075,80269
1785989301.139,261,0.3856,0,2,95664,0,1290,0.3752,0,1,174164,0,95715,0.3231,140524,0.1042,0,1,61224,0,40274,0.2918,0,2,187632,0,91445,0.0938,0,1,78820,0,40202,0.0,0,2,37728,0,601,0.5014,0.625,0.6742,0.7191,0.0,1807184,29359100,2112,1793,1202,1782,1783,1782,1783,853,1796,596,716,1196,1800,1250,0,857,843,838,1799,599,0,714,857,1796,1793,843,840,838,32780,32966,31552,15,1278,5016,6420000,0,,,,,,,0,0,0,159600,
1785989302.142,262,0.3496,0,2,95664,0,1290,0.3596,0,0,174252,0,96105,0.2597,140524,0.0799,0,0,61224,0,40350,0.2597,0,0,187632,0,91693,0.0699,0,0,78820,0,40309,0.0,0,2,37728,0,601,0.4695,0.6224,0.5567,0.71,0.0,1808264,29359100,2112,1794,1199,1782,1783,1782,1783,854,1798,597,716,1198,1800,1249,0,857,842,843,1798,599,0,717,857,1798,1792,841,842,836,33106,33541,31412,15,1232,5016,6180000,0,,,,,,,0,1,0,160107,
1785989303.185,263,0.3728,0,2,95664,0,1290,0.3441,0,1,174060,0,96366,0.3059,140524,0.0956,0,2,61224,0,40501,0.2772,0,2,186880,0,92191,0.086,0,2,78820,0,40502,0.0,0,2,37728,0,601,0.4988,0.6931,0.6176,0.6863,0.0,1807052,29359100,2112,1793,1199,1782,1782,1782,1782,853,1796,597,717,1194,1802,1249,0,857,842,840,1797,600,0,712,855,1795,1792,841,840,843,31754,31257,31863,15,1787,5013,8960000,0,,,,,,,0,2,0,160801,
1785989304.152,264,0.378,0,2,95664,0,1290,0.3465,0,1,174268,0,96700,0.273,140524,0.084,0,1,61224,0,40611,0.2625,0,2,187672,0,92458,0.0735,0,0,78820,0,40655,0.0,0,2,37728,0,601,0.4738,0.6702,0.5474,0.6771,0.0,1807760,29359100,2112,1794,1195,1782,1783,1782,1783,854,1795,597,715,1198,1800,1249,0,857,841,846,1798,600,0,714,856,1797,1792,839,841,840,32049,32205,32516,15,1257,5016,6310000,0,,,,,,,0,1,0,161234,
1785989305.146,265,0.3554,0,2,95664,0,1290,0.3554,0,0,174848,0,97086,0.2962,140524,0.0889,0,0,61224,0,40773,0.306,0,2,186864,0,92872,0.0987,0,1,79068,0,40851,0.0,0,2,37728,0,601,0.5,0.6604,0.6545,0.7064,0.0,1804056,29359100,2112,1793,1198,1782,1783,1782,1783,855,1795,597,718,1199,1802,1249,0,858,843,840,1799,600,0,714,855,1794,1792,832,841,838,32547,33417,32935,15,1237,5015,6210000,0,65362,106343,43322,118561,56029,26031,0,2,0,161916,80269
1785989306.159,266,0.3578,0,2,95664,0,1290,0.3578,0,0,174264,0,97428,0.2783,140524,0.0795,0,1,61224,0,40884,0.2385,0,2,187656,0,93117,0.0696,0,0,79068,0,41012,0.0,0,2,37728,0,601,0.4656,0.5556,0.6333,0.6813,0.0,1805084,29359100,2112,1793,1197,1782,1782,1782,1782,855,1795,596,714,1196,1801,1249,0,858,840,839,1797,600,0,713,854,1796,1791,840,840,846,31925,31925,31878,15,1865,5013,9350000,0,,,,,,,0,1,0,162545,
1785989307.135,267,0.3548,0,2,95664,0,1290,0.3446,0,0,174360,0,97811,0.2737,140524,0.0912,0,0,61224,0,41023,0.2636,0,2,186920,0,93414,0.0912,0,0,79068,0,41162,0.0,0,2,37728,0,601,0.4686,0.6196,0.5833,0.6771,0.0,1807112,29359100,2112,1793,1197,1782,1783,1782,1783,856,1797,597,716,1195,1800,1250,0,857,842,838,1799,600,0,713,855,1797,1792,841,841,842,31940,31505,32749,15,1267,5016,6340000,0,,,,,,,0,1,0,163149,
1785989308.131,268,0.3598,0,2,95664,0,1290,0.3198,0,0,174188,0,98228,0.2898,140524,0.08,0,0,61224,0,41133,0.2399,0,2,185604,0,93589,0.07,0,1,79068,0,41303,0.01,0,2,37728,0,601,0.459,0.5773,0.5464,0.7245,0.0,1806408,29359100,2112,1793,1203,1782,1782,1781,1781,855,1795,596,716,1199,1801,1251,1,857,844,840,1798,599,0,715,856,1795,1791,841,840,839,31707,32857,33557,15,1191,5016,5970000,0,,,,,,,0,2,0,163785,
1785989309.222,269,0.3859,0,2,95664,0,1290,0.3859,0,1,174412,0,98605,0.3184,140524,0.1061,0,1,61224,0,41310,0.2894,0,0,187712,0,93942,0.0868,0,1,79068,0,41507,0.0,0,2,37728,0,601,0.4826,0.6095,0.6296,0.6944,0.0,1805428,29359100,2112,1792,1186,1782,1782,1782,1782,856,1796,595,714,1201,1801,1249,1,857,839,842,1798,599,0,717,856,1795,1792,842,841,838,33448,32671,32345,15,1282,5016,6440000,0,,,,,,,0,1,0,164501,
1785989310.206,270,0.3514,0,2,95664,0,1290,0.3413,0,1,175476,0,98855,0.3112,140524,0.1004,0,1,61224,0,41491,0.3012,0,0,187976,0,94438,0.1004,0,1,79068,0,41649,0.01,0,2,37728,0,601,0.4954,0.6389,0.7037,0.6422,0.0,1803148,29359100,2112,1793,1199,1782,1783,1781,1782,856,1794,597,715,1199,1802,1249,0,856,843,841,1798,600,0,714,857,1797,1789,841,841,836,32189,33572,31676,15,1202,5016,6040000,0,65362,106833,43366,119549,56073,26031,0,0,0,165293,80269
1785989311.171,271,0.3628,0,2,95664,0,1290,0.3426,0,0,174472,0,99186,0.2822,140524,0.0806,0,0,61224,0,41590,0.2318,0,2,187784,0,94736,0.0605,0,1,79068,0,41768,0.0,0,2,37728,0,601,0.4699,0.6049,0.6265,0.6627,0.0,1807020,29359100,2112,1794,1202,1783,1782,1781,1783,855,1795,597,717,1197,1801,1251,0,859,843,843,1797,600,0,714,856,1796,1794,840,840,838,33075,33386,32111,15,1796,5015,9010000,0,,,,,,,0,0,0,165831,
1785989312.206,272,0.3892,0,2,95664,0,1290,0.338,0,1,176820,0,99550,0.2868,140524,0.0922,0,2,61224,0,41751,0.297,0,1,187784,0,95091,0.0819,0,0,79068,0,41906,0.0,0,2,37728,0,601,0.528,0.7692,0.7184,0.6275,0.0,1804920,29359100,2112,1793,1201,1781,1782,1781,1783,854,1799,596,717,1194,1800,1248,0,860,842,846,1798,600,0,715,856,1796,1792,840,841,837,31707,33417,32547,15,1235,5016,6190000,0,,,,,,,0,1,0,166400,
1785989313.149,273,0.3371,0,2,95664,0,1290,0.3371,0,2,173276,0,99937,0.2578,140524,0.0793,0,0,61224,0,41886,0.2677,0,0,188576,0,95490,0.0694,0,2,79068,0,41981,0.0,0,2,37728,0,601,0.6201,0.8763,0.828,0.7742,0.0,1833288,29359100,2124,1794,1203,1783,1783,1782,1783,854,1794,597,715,1202,1801,1249,0,857,841,843,1800,599,0,715,857,1796,1791,839,841,833,33013,32857,31972,15,1256,5015,6300000,0,,,,,,,0,0,0,167098,
1785989314.178,274,0.3829,0,2,95664,0,1290,0.3728,0,1,174380,0,100237,0.3325,140524,0.1108,0,2,61224,0,42060,0.3023,0,0,188612,0,95968,0.1008,0,0,79068,0,42210,0.0,0,2,37728,0,601,0.5659,0.7568,0.7822,0.7059,0.0,1842484,29359100,2888,1794,1195,1782,1782,1783,1784,852,1796,596,717,1186,1802,1249,0,858,842,838,1800,600,0,716,856,1795,1789,841,841,840,32376,32313,32640,15,1386,5015,6960000,0,,,,,,,0,2,0,167837,
1785989315.212,275,0.3695,0,2,95664,0,1290,0.3501,0,0,174352,0,100630,0.282,140524,0.0875,0,0,61224,0,42187,0.282,0,2,187308,0,96332,0.0681,0,0,79068,0,42335,0.0,0,2,37728,0,601,0.4776,0.7143,0.5897,0.6174,0.0,1842644,29359100,2888,1793,1201,1782,1782,1782,1783,855,1798,596,716,1199,1802,1248,0,857,842,839,1797,600,0,714,856,1798,1791,838,841,835,33277,32313,33075,15,1287,5015,6460000,0,65362,105705,43406,118821,56117,26031,0,2,0,168356,80269
1785989316.188,276,0.3749,0,2,95664,0,1290,0.3749,0,0,176244,0,100995,0.304,140524,0.0811,0,1,61224,0,42379,0.2432,0,1,187832,0,96686,0.0709,0,0,79068,0,42432,0.0,0,2,37728,0,601,0.4939,0.679,0.6296,0.6829,0.0,1841144,29359100,2888,1794,1193,1782,1782,1783,1784,855,1796,597,718,1198,1800,1251,0,860,840,843,1798,599,0,714,856,1797,1793,843,841,843,32547,32453,31567,15,1235,5016,6190000,0,,,,,,,0,1,0,169101,
1785989317.169,277,0.3427,0,2,95664,0,1290,0.3427,0,0,175716,0,101328,0.3024,140524,0.1008,0,1,61224,0,42505,0.2823,0,0,187832,0,97098,0.0907,0,1,79068,0,42600,0.0,0,2,37728,0,601,0.487,0.6316,0.5684,0.7526,0.0,1845044,29359100,2888,1793,1198,1782,1782,1782,1783,854,1796,596,717,1193,1800,1248,0,859,842,843,1799,599,0,713,856,1795,1792,841,840,833,32407,32298,31816,15,1190,5016,5970000,0,,,,,,,0,0,0,169584,
1785989318.175,278,0.3527,0,2,95664,0,1290,0.3233,0,0,174360,0,101687,0.2547,140524,0.0784,0,0,61224,0,42598,0.2547,0,2,186536,0,97322,0.0784,0,1,79068,0,42745,0.0,0,2,37728,0,601,0.4502,0.602,0.4848,0.7129,0.0,1845024,29359100,2928,1793,1199,1782,1782,1782,1783,855,1796,596,717,1197,1800,1250,0,858,841,839,1799,599,0,713,855,1799,1790,841,840,839,32609,32049,31878,15,1375,5015,6890000,0,,,,,,,0,2,0,169973,
1785989319.189,279,0.3667,0,2,95664,0,1290,0.3766,0,1,174516,0,102042,0.3171,140524,0.0991,0,1,61224,0,42777,0.2775,0,2,187060,0,97660,0.0793,0,1,79068,0,42875,0.0,0,2,37728,0,601,0.4796,0.6,0.6327,0.697,0.0,1845464,29359100,2928,1793,1200,1782,1783,1782,1783,856,1796,596,717,1197,1801,1249,0,858,842,840,1797,600,0,714,857,1798,1792,840,840,836,31801,33230,32127,15,1192,5016,5980000,0,,,,,,,0,2,0,170795,
1785989320.221,280,0.37,0,2,95664,0,1290,0.36,0,0,174580,0,102387,0.33,140524,0.11,0,0,61224,0,42993,0.32,0,2,187852,0,98040,0.09,0,0,79068,0,43039,0.0,0,2,37728,0,601,0.5112,0.6486,0.6607,0.7477,0.0,1841644,29359100,2928,1793,1192,1782,1781,1781,1782,855,1796,597,715,1194,1800,1250,0,858,842,843,1796,599,0,713,855,1796,1794,837,840,841,33308,31909,32220,15,1195,5016,6000000,0,65362,105801,43450,119545,56161,26031,0,0,0,171626,80269
1785989321.174,281,0.3563,0,2,95664,0,1290,0.3665,0,0,175716,0,102686,0.3156,140524,0.1018,0,1,61224,0,43142,0.2443,0,2,186572,0,98365,0.0814,0,1,79068,0,43214,0.0,0,2,37728,0,601,0.5339,0.7108,0.7412,0.6977,0.0,1841008,29359100,2928,1793,1201,1781,1782,1781,1783,854,1796,596,715,1200,1802,1251,0,857,843,843,1798,600,0,711,855,1799,1790,843,841,838,32562,32158,31801,15,1536,5015,9200000,0,,,,,,,0,0,0,172582,
1785989322.201,282,0.3842,0,2,95664,0,1290,0.3448,0,1,174608,0,103056,0.2857,140524,0.0887,0,1,61472,0,43250,0.2955,0,2,187888,0,98630,0.0887,0,1,79068,0,43397,0.0,0,2,37728,0,601,0.5,0.703,0.61,0.6863,0.0,1842364,29359100,2928,1794,1202,1783,1783,1783,1784,853,1796,597,718,1197,1803,1248,0,857,842,839,1798,599,0,712,853,1796,1794,839,841,837,32982,32298,32018,15,1610,5015,8070000,0,,,,,,,0,1,0,173147,
1785989323.154,283,0.3514,0,2,95664,0,1290,0.3307,0,1,174584,0,103359,0.2791,140524,0.0827,0,1,61472,0,43378,0.2687,0,2,187888,0,98921,0.0827,0,1,79068,0,43524,0.0,0,2,37728,0,601,0.4642,0.6105,0.5895,0.6632,0.0,1841712,29359100,2928,1793,1198,1781,1782,1782,1783,855,1796,597,716,1198,1800,1250,0,857,841,838,1800,600,0,714,856,1797,1790,841,841,839,33821,32174,32034,15,1258,5016,6310000,0,,,,,,,0,2,0,173698,
1785989324.203,284,0.3886,0,2,95664,0,1290,0.4085,0,2,175768,0,103778,0.3089,140524,0.0797,0,2,61472,0,43542,0.279,0,2,186592,0,99258,0.0797,0,1,79068,0,43715,0.0,0,2,37728,0,601,0.6024,0.8462,0.703,0.8922,0.0,1835916,29359100,2928,1792,1195,1780,1781,1781,1782,856,1798,597,717,1197,1802,1250,0,858,841,836,1799,600,0,715,856,1796,1793,838,840,838,32205,32205,31754,15,1257,5016,6310000,0,,,,,,,0,2,0,174590,
1785989325.174,285,0.3578,0,2,95664,0,1290,0.3578,0,1,174524,0,104070,0.2683,140524,0.0994,0,0,61472,0,43649,0.2683,0,2,187908,0,99573,0.0795,0,1,79068,0,43867,0.0,0,2,37728,0,601,0.5266,0.7264,0.6415,0.7455,0.0,1841428,29359100,2928,1793,1194,1781,1782,1782,1783,854,1795,596,717,1198,1800,1250,0,858,844,843,1800,600,0,715,857,1798,1790,839,841,838,33790,33230,32298,15,1211,5016,6080000,0,65362,105897,43494,119589,56205,26031,0,0,0,175061,80269
1785989326.169,286,0.3635,0,2,95664,0,1290,0.3332,0,1,176992,0,104415,0.2625,140524,0.0606,0,2,61472,0,43739,0.2322,0,0,188700,0,99897,0.0606,0,1,79068,0,43951,0.0,0,2,37728,0,601,0.4561,0.5181,0.6207,0.686,0.0,1837724,29359100,2928,1793,1198,1781,1781,1781,1782,855,1796,596,716,1199,1799,1252,0,857,843,841,1798,600,0,716,854,1795,1791,839,841,839,32174,32111,31972,15,1236,5016,6200000,0,,,,,,,0,0,0,175554,
1785989327.215,287,0.3585,0,2,95664,0,1290,0.407,0,0,176996,0,104796,0.3488,140524,0.1066,0,1,61472,0,43944,0.2907,0,0,187512,0,100430,0.0969,0,1,79068,0,44149,0.0,0,2,37728,0,601,0.5144,0.6311,0.7019,0.7308,0.0,1840556,29359100,2928,1792,1198,1781,1782,1783,1784,854,1797,597,715,1193,1802,1249,0,857,841,838,1798,600,0,713,856,1795,1792,840,840,842,32764,33230,31334,15,1347,5015,6760000,0,,,,,,,0,1,0,176316,
1785989328.169,288,0.3567,0,2,95664,0,1290,0.3363,0,0,175764,0,105118,0.265,140524,0.0815,0,0,61472,0,44031,0.265,0,1,187944,0,100797,0.0713,0,0,79068,0,44247,0.0102,0,2,37728,0,601,0.4667,0.6484,0.5361,0.6915,0.0,1840908,29359100,2928,1792,1185,1781,1782,1782,1783,854,1796,596,716,1195,1803,1249,1,857,841,840,1798,599,0,709,855,1794,1792,839,841,838,31707,32174,33899,15,1221,5016,6130000,0,,,,,,,0,0,0,176793,
1785989329.201,289,0.3658,0,2,95664,0,1290,0.3461,0,1,174684,0,105480,0.2966,140524,0.089,0,2,61472,0,44123,0.2768,0,1,187944,0,101150,0.0791,0,2,79068,0,44402,0.0,0,2,37728,0,601,0.4644,0.58,0.596,0.6893,0.0,1842188,29359100,2928,1793,1199,1782,1782,1782,1783,854,1798,596,717,1197,1803,1251,1,858,843,840,1800,599,0,714,857,1796,1792,839,841,839,32142,31925,32391,15,1235,5016,6190000,0,,,,,,,0,0,0,177288,
1785989330.156,290,0.3468,0,2,95664,0,1290,0.3366,0,2,175204,0,105769,0.2754,140524,0.0816,0,0,61472,0,44232,0.2754,0,0,187944,0,101497,0.0714,0,1,79068,0,44518,0.0,0,2,37728,0,601,0.4665,0.63,0.55,0.6931,0.0,1841852,29359100,2928,1794,1199,1783,1784,1783,1784,855,1794,596,716,1196,1799,1249,0,858,843,841,1801,600,0,714,856,1796,1792,840,840,833,32282,31940,32671,15,1637,5013,8210000,0,65362,107189,43534,119641,56245,26031,0,0,0,177730,80269
1785989331.185,291,0.3721,0,2,95664,0,1290,0.3623,0,0,177128,0,106127,0.284,140524,0.0881,0,0,61472,0,44369,0.2546,0,2,187944,0,101859,0.0783,0,1,79068,0,44681,0.0,0,2,37728,0,601,0.4815,0.6105,0.6277,0.6947,0.0,1839420,29359100,2928,1792,1194,1781,1782,1781,1782,853,1795,597,717,1199,1802,1250,0,857,846,842,1798,600,0,713,855,1794,1789,841,841,842,32749,32438,32438,15,1198,5016,6010000,0,,,,,,,0,1,0,178313,
1785989332.15,292,0.3736,0,2,95664,0,1290,0.384,0,1,177184,0,106506,0.3113,140524,0.0934,0,1,61472,0,44522,0.2698,0,0,187944,0,102189,0.1038,0,1,79068,0,44874,0.0,0,2,37728,0,601,0.4896,0.7053,0.6702,0.5789,0.0,1838976,29359100,2928,1793,1201,1782,1783,1782,1783,854,1798,597,717,1198,1800,1248,0,857,841,839,1799,600,0,714,856,1796,1789,840,841,837,31894,32174,31894,15,1247,5016,6260000,0,,,,,,,0,0,0,178926,
1785989333.203,293,0.3724,0,2,95664,0,1290,0.343,0,1,174632,0,106939,0.2842,140524,0.0882,0,1,61472,0,44618,0.2842,0,0,187996,0,102608,0.0686,0,1,79068,0,45033,0.0,0,2,37728,0,601,0.4694,0.5743,0.6436,0.6893,0.0,1843268,29359100,2928,1792,1201,1781,1782,1781,1782,852,1796,597,716,1203,1800,1249,0,857,843,842,1798,601,0,715,855,1797,1793,836,841,835,31863,34319,31785,15,1513,5013,7590000,0,,,,,,,0,0,0,179347,
1785989334.153,294,0.3402,0,2,95664,0,1290,0.3301,0,1,174732,0,107264,0.2701,140524,0.07,0,2,61472,0,44730,0.2701,0,2,188788,0,102963,0.07,0,1,79068,0,45121,0.0,0,2,37728,0,601,0.4681,0.6237,0.5591,0.6915,0.0,1842140,29359100,2928,1793,1198,1781,1782,1782,1783,855,1795,596,716,1192,1798,1250,0,857,845,844,1798,600,0,715,857,1795,1793,844,841,844,33075,32655,31179,15,1217,5016,6110000,0,,,,,,,0,1,0,179774,
1785989335.174,295,0.3709,0,2,95664,0,1290,0.3509,0,1,174848,0,107714,0.3008,140524,0.1003,0,1,61472,0,44886,0.2807,0,2,187220,0,103253,0.0702,0,1,79332,0,45229,0.0,0,2,37728,0,601,0.4645,0.5741,0.6422,0.6514,0.0,1844380,29359100,2928,1792,1201,1782,1782,1782,1783,855,1795,596,712,1200,1800,1251,0,857,843,840,1799,600,0,715,856,1795,1791,840,841,840,32251,32500,32749,15,1181,5016,5920000,0,65362,106085,43574,118893,56293,26031,0,0,0,180226,80269
1785989336.19,296,0.3559,0,2,95664,0,1290,0.3361,0,0,174800,0,108035,0.2768,140524,0.0791,0,1,61472,0,45018,0.257,0,2,188012,0,103555,0.0791,0,1,79332,0,45331,0.0,0,2,37728,0,601,0.4781,0.5778,0.6559,0.6848,0.0,1843744,29359100,2928,1793,1198,1781,1782,1782,1782,856,1795,597,716,1198,1803,1249,1,858,840,848,1798,600,0,712,855,1795,1790,841,841,841,32469,31987,32873,15,1265,5015,6340000,0,,,,,,,0,2,0,180734,
1785989337.159,297,0.3589,0,2,95664,0,1290,0.3692,0,0,174864,0,108368,0.3076,140524,0.0923,0,0,61604,0,45182,0.2871,0,0,188996,0,103926,0.0718,0,2,79332,0,45433,0.0,0,2,37728,0,601,0.5026,0.6489,0.7021,0.6702,0.0,1841544,29359100,2720,1793,1189,1781,1781,1782,1783,854,1795,595,716,1198,1801,1248,0,857,843,840,1799,600,0,715,856,1798,1793,842,841,838,32080,33137,31225,15,1217,5016,6110000,0,,,,,,,0,1,0,181397,
1785989338.157,298,0.3544,0,2,95664,0,1290,0.3249,0,1,174704,0,108713,0.2855,140524,0.0886,0,1,61604,0,45301,0.2658,0,2,189000,0,104245,0.0788,0,1,79332,0,45585,0.0,0,2,37728,0,601,0.4887,0.5941,0.5918,0.77,0.0,1841240,29359100,2720,1793,1200,1781,1782,1782,1782,855,1795,597,712,1197,1802,1249,1,859,842,840,1798,600,0,715,856,1795,1790,840,841,833,33557,32686,32484,15,1147,5016,5760000,0,,,,,,,0,1,0,181839,
1785989339.23,299,0.378,0,2,95664,0,1290,0.3482,0,2,174808,0,109021,0.3084,140524,0.0995,0,0,61604,0,45435,0.2984,0,2,188060,0,104562,0.0995,0,0,79332,0,45790,0.0,0,2,37728,0,601,0.4778,0.6381,0.5472,0.7358,0.0,1842208,29359100,2720,1794,1196,1783,1783,1783,1782,854,1795,596,716,1196,1802,1249,0,858,841,841,1800,600,0,710,857,1795,1791,839,840,828,31054,33106,31536,15,1701,5015,8530000,0,,,,,,,0,1,0,182405,
1785989340.128,300,0.3494,0,2,95664,0,1290,0.3699,0,0,174852,0,109337,0.298,140524,0.0822,0,0,61604,0,45616,0.2672,0,2,188064,0,104953,0.0822,0,1,79332,0,45965,0.0,0,2,37728,0,601,0.5102,0.6875,0.6667,0.7,0.0,1841184,29359100,2720,1793,1197,1782,1783,1781,1782,854,1794,597,718,1199,1802,1250,0,859,842,840,1798,599,0,714,857,1798,1791,838,841,843,32795,32733,33122,15,1230,5015,6170000,0,65362,106185,43618,119741,56337,26031,0,2,0,182926,80269
