capture_sec,capture_nanosec,base_in_age_ms,base_compute_ms,true_e2e_ms,output_period_ms,target_valid
1784729007,152259033,2318.717,4.253,2322.93,,1
1784729008,811017334,698.142,0.731,698.843,34.67,1
1784729008,877596680,639.351,0.902,640.239,7.959,1
1784729008,944173828,589.888,0.751,590.615,16.969,1
1784729009,10838135,526.872,0.551,527.398,3.45,1
1784729009,77501221,464.742,0.616,465.336,4.603,1
1784729009,144163330,402.999,0.747,403.711,5.036,1
1784729009,210824219,342.879,0.571,343.429,6.377,1
1784729009,244154297,315.834,0.852,316.661,6.552,1
1784729009,277484131,292.337,0.721,293.036,9.715,1
1784729009,344143066,234.74,0.669,235.387,9.01,1
1784729009,410800781,174.648,0.835,175.466,6.73,1
1784729009,444129150,146.624,0.84,147.445,5.309,1
1784729009,544113037,94.228,0.608,94.815,47.362,1
1784729009,610767578,91.102,0.656,91.735,63.571,1
1784729009,677420898,90.609,0.66,91.248,66.166,1
1784729009,744073242,93.756,0.551,94.283,69.692,1
1784729009,810724609,97.164,0.561,97.703,70.072,1
1784729009,844049805,113.637,0.629,114.241,49.862,1
1784729009,877374756,125.435,0.572,125.983,45.067,1
1784729009,944024170,98.272,0.582,98.833,39.5,1
1784729010,11027588,93.862,0.553,94.392,62.563,1
1784729010,78039551,90.349,0.679,91.01,63.624,1
1784729010,145060547,93.22,0.572,93.77,69.786,1
1784729010,212090088,93.74,0.621,94.337,67.596,1
1784729010,279128662,90.92,0.655,91.554,64.251,1
1784729010,346175781,91.934,0.554,92.467,67.966,1
1784729010,413231934,93.294,0.728,94.004,68.581,1
1784729010,446763184,110.893,1.76,112.636,52.166,1
1784729010,513832520,92.922,0.549,93.449,47.891,1
1784729010,580910645,87.358,0.57,87.908,61.536,1
1784729010,647997559,87.938,0.554,88.472,67.652,1
1784729010,715093262,88.381,0.634,88.992,67.612,1
1784729010,782197510,91.376,0.621,91.972,70.087,1
1784729010,849310791,96.805,0.74,97.521,72.659,1
1784729010,882870850,110.219,0.707,110.9,46.94,1
1784729010,916432861,128.495,0.68,129.144,51.806,1
1784729010,983301514,96.591,0.659,97.221,34.947,1
1784729011,49916748,86.267,0.573,86.819,56.214,1
1784729011,116529297,85.624,0.582,86.183,65.977,1
1784729011,183138672,85.512,0.601,86.093,66.519,1
1784729011,249745117,85.294,0.558,85.831,66.345,1
1784729011,316348389,87.743,0.653,88.375,69.145,1
1784729011,382948975,86.484,0.631,87.097,65.323,1
1784729011,449546387,89.725,0.606,90.314,69.812,1
1784729011,516140625,88.87,0.567,89.417,65.701,1
1784729011,582732178,86.391,0.638,87.006,64.181,1
1784729011,649320557,87.532,0.572,88.08,67.662,1
1784729011,715906006,88.325,0.611,88.975,67.418,1
1784729011,782488281,88.395,0.643,89.013,66.681,1
1784729011,849067871,91.471,0.569,92.018,69.586,1
1784729011,915644287,87.819,0.628,88.423,62.98,1
1784729011,982254883,89.034,0.596,89.606,67.795,1
1784729012,48897217,93.571,0.726,94.272,71.305,1
1784729012,115537842,107.583,0.879,108.455,80.798,1
1784729012,148857422,134.666,0.756,135.398,60.286,1
1784729012,215495361,121.798,0.579,122.355,53.601,1
1784729012,282131592,93.797,0.564,94.336,38.618,1
1784729012,348765869,92.22,0.568,92.765,65.063,1
1784729012,415398438,90.653,0.563,91.194,65.062,1
1784729012,482029053,91.464,0.617,92.045,67.479,1
1784729012,548658203,89.437,0.566,89.98,64.566,1
1784729012,615285400,91.878,0.579,92.435,69.082,1
1784729012,681910645,90.462,0.587,91.027,65.217,1
1784729012,748534424,89.936,0.575,90.476,66.074,1
1784729012,815156250,90.838,0.59,91.404,67.549,1
1784729012,881776367,91.882,0.552,92.411,67.627,1
1784729012,948395508,90.083,0.565,90.611,64.82,1
1784729013,15057129,89.744,0.568,90.291,66.341,1
1784729013,81717285,89.608,0.563,90.15,66.519,1
1784729013,148376709,88.012,0.571,88.561,65.07,1
1784729013,215034668,90.587,0.578,91.13,69.227,1
1784729013,281691650,95.241,0.726,95.946,71.47,1
1784729013,348347656,92.753,1.13,93.86,64.571,1
1784729013,415002441,91.415,0.564,91.958,64.755,1
1784729013,481656006,91.328,0.596,91.902,66.596,1
1784729013,548308594,90.533,0.552,91.063,65.816,1
1784729013,614959961,89.346,0.703,90.03,65.613,1
1784729013,681610352,90.395,0.554,90.926,67.551,1
1784729013,748259521,90.987,0.589,91.555,67.277,1
1784729013,814907715,95.256,1.017,96.264,71.335,1
1784729013,848231445,108.4,0.669,109.028,46.105,1
1784729013,914877686,92.481,0.571,93.029,50.653,1
1784729013,981536865,89.933,0.572,90.484,64.114,1
1784729014,48207520,88.751,0.555,89.282,65.469,1
1784729014,114877686,89.291,0.57,89.84,67.227,1
1784729014,181546631,95.778,0.57,96.327,73.156,1
1784729014,248215088,91.297,0.573,91.851,62.191,1
1784729014,314882813,89.845,0.578,90.391,65.208,1
1784729014,381549561,90.734,0.666,91.377,67.653,1
1784729014,448215576,92.413,0.618,93.006,68.295,1
1784729014,514881104,90.214,0.573,90.764,64.424,1
1784729014,581545410,90.406,0.599,90.982,66.883,1
1784729014,648209229,89.741,0.634,90.353,66.033,1
1784729014,714872314,90.71,0.67,91.252,67.563,1
1784729014,781534424,91.075,0.556,91.608,67.018,1
1784729014,848195801,93.122,0.595,93.695,68.747,1
1784729014,914856445,93.966,0.632,94.578,67.543,1
1784729014,981548340,91.891,0.622,92.493,64.607,1
1784729015,48272217,90.868,0.564,91.412,65.643,1
1784729015,114997314,90.665,0.611,91.255,66.568,1
1784729015,181723633,91.07,0.55,91.598,67.071,1
1784729015,248450928,90.858,0.567,91.402,66.531,1
1784729015,315179688,92.034,0.641,92.653,67.979,1
1784729015,381909180,92.56,0.654,93.19,67.263,1
1784729015,448640137,90.814,0.57,91.361,64.907,1
1784729015,515372314,91.293,0.551,91.82,67.191,1
1784729015,582105469,90.299,0.636,90.914,65.825,1
1784729015,648839844,90.398,0.577,90.954,66.775,1
1784729015,715575195,91.362,0.559,91.9,67.681,1
1784729015,782312012,92.402,0.779,93.157,67.992,1
1784729015,849049805,92.708,0.642,93.286,66.868,1
1784729015,915788818,93.318,0.558,93.856,67.31,1
1784729015,982501465,91.371,0.618,91.966,64.822,1
1784729016,49187256,90.225,0.578,90.779,65.5,1
1784729016,115872559,89.762,0.572,90.311,66.216,1
1784729016,182557373,89.919,0.604,90.502,66.876,1
1784729016,249241699,90.076,0.731,90.784,66.967,1
1784729016,315925537,91.008,0.56,91.541,67.441,1
1784729016,382608887,92.381,0.715,92.98,68.123,1
1784729016,449291748,93.755,0.569,94.303,68.005,1
1784729016,515974121,93.659,0.553,94.185,66.565,1
1784729016,582656250,91.27,0.552,91.811,64.294,1
1784729016,649337646,91.229,0.628,91.834,66.718,1
1784729016,716018555,91.965,0.652,92.595,67.441,1
1784729016,782698975,91.469,0.57,92.019,66.105,1
1784729016,849379150,93.563,0.671,94.21,68.869,1
1784729016,916058594,91.44,0.619,92.038,64.51,1
1784729016,982741943,90.938,0.556,91.472,66.118,1
1784729017,49429199,96.117,0.593,96.688,71.901,1
1784729017,116115723,94.974,0.698,95.649,65.645,1
1784729017,182801758,94.682,0.648,95.306,66.346,1
1784729017,249487549,91.204,0.555,91.734,63.114,1
1784729017,316172852,91.09,0.572,91.64,66.591,1
1784729017,382857666,92.155,0.664,92.801,67.841,1
1784729017,449541992,93.76,0.571,94.31,68.199,1
1784729017,516225830,91.961,0.646,92.584,64.953,1
1784729017,582909424,90.664,0.572,91.215,65.319,1
1784729017,649592285,92.944,0.583,93.503,68.97,1
1784729017,716274902,92.797,0.575,93.353,66.531,1
1784729017,782957031,91.337,0.571,91.882,65.212,1
1784729017,849638672,94.831,0.69,95.502,70.3,1
1784729017,916319824,93.399,0.56,93.931,65.113,1
1784729017,983004150,92.227,0.575,92.777,65.53,1
1784729018,49691406,92.211,0.553,92.739,66.649,1
1784729018,116378174,91.62,0.576,92.17,66.118,1
1784729018,183064453,93.452,0.682,94.111,68.625,1
1784729018,249750244,96.44,0.657,97.076,69.65,1
1784729018,316435547,95.701,0.576,96.251,65.863,1
1784729018,383120605,91.626,0.579,92.168,62.602,1
1784729018,449804932,94.336,1.265,95.582,70.093,1
1784729018,516489014,93.179,0.562,93.719,64.826,1
1784729018,583172852,94.573,0.554,95.105,68.07,1
1784729018,649855957,92.831,0.554,93.364,64.942,1
1784729018,716538574,92.261,0.552,92.792,66.11,1
1784729018,783220947,93.616,0.554,94.147,68.038,1
1784729018,849902832,97.792,0.581,98.35,70.884,1
1784729018,916584229,94.648,0.565,95.192,63.525,1
1784729018,983292236,91.533,0.559,92.069,63.584,1
1784729019,50027588,91.988,0.555,92.52,67.187,1
1784729019,116763916,91.75,0.575,92.301,66.517,1
1784729019,183501221,92.935,0.572,93.482,67.918,1
1784729019,250239502,92.196,0.567,92.741,65.998,1
1784729019,316979004,91.883,0.554,92.416,66.414,1
1784729019,383719238,93.935,0.572,94.486,68.81,1
1784729019,450460449,94.397,0.692,95.064,67.317,1
1784729019,517202637,93.659,0.567,94.205,65.886,1
1784729019,583946045,94.526,0.553,95.054,67.592,1
1784729019,650690186,91.816,0.569,92.364,64.054,1
1784729019,717435547,94.003,0.572,94.551,68.933,1
1784729019,784181641,93.189,0.704,93.872,66.065,1
1784729019,850928955,94.408,0.704,95.089,67.966,1
1784729019,917677246,90.944,0.575,91.481,63.141,1
1784729019,984396240,91.809,0.565,92.353,67.591,1
1784729020,51086426,91.379,0.58,91.938,66.275,1
1784729020,117776123,91.949,0.557,92.483,67.235,1
1784729020,184465332,92.488,0.559,93.026,67.232,1
1784729020,251154297,124.353,0.655,124.99,98.647,1
1784729020,284498535,138.82,0.778,139.57,47.93,1
1784729020,317842529,549.668,0.664,550.301,444.072,1
1784729020,351186768,580.756,0.608,581.339,64.385,1
1784729020,417874512,577.931,0.606,578.515,63.864,1
1784729020,817992188,237.584,0.767,238.222,59.823,1
1784729020,884677002,220.491,0.582,221.052,49.518,1
1784729020,951472656,199.759,0.564,200.302,46.046,1
1784729021,18270264,189.391,0.644,189.998,56.492,1
1784729021,51669922,204.247,1.812,206.034,49.417,1
1784729021,118470703,187.386,0.761,188.127,48.912,1
1784729021,185273682,160.84,0.688,161.507,40.184,1
1784729021,285481934,145.042,0.626,145.637,84.337,1
1784729021,352290039,118.688,0.576,119.24,40.412,1
1784729021,419100098,113.545,0.582,114.105,61.675,1
1784729021,485912354,120.493,0.655,121.125,73.828,1
1784729021,519319336,126.002,0.712,126.689,38.969,1
1784729021,586134521,111.861,0.681,112.524,52.653,1
1784729021,652951904,111.374,1.033,112.409,66.674,1
1784729021,719771484,114.373,0.717,115.071,69.508,1
1784729021,786593018,134.027,1.658,135.648,87.365,1
1784729021,820004639,137.132,0.784,137.897,35.692,1
1784729021,886827881,132.813,0.719,133.481,62.413,1
1784729021,953538330,118.422,0.589,118.988,52.218,1
1784729021,986887207,135.008,0.765,135.75,50.109,1
1784729022,20235840,155.226,1.282,156.494,54.078,1
1784729022,86933105,131.973,0.752,132.704,42.92,1
1784729022,120281738,137.695,0.811,138.506,39.131,1
1784729022,186978516,125.814,1.705,127.442,55.636,1
1784729022,253674805,122.09,0.601,122.667,61.941,1
1784729022,320371094,120.181,0.631,120.792,64.819,1
1784729022,387066895,115.408,0.797,116.174,62.076,1
1784729022,453762451,112.069,0.594,112.639,63.165,1
1784729022,520457520,112.084,0.638,112.702,66.755,1
1784729022,587152588,114.043,0.753,114.705,68.699,1
1784729022,653847168,109.335,0.777,110.195,62.074,1
1784729022,720541260,119.582,0.827,120.388,76.999,1
1784729022,787235352,117.264,0.582,117.823,64.131,1
1784729022,853928955,116.898,0.778,117.654,66.52,1
1784729022,887275635,145.736,0.759,146.472,62.164,1
1784729022,953968994,122.485,0.618,123.078,43.303,1
1784729022,987318115,132.522,0.822,133.324,43.586,1
1784729023,54016113,116.986,0.551,117.516,50.901,1
1784729023,120713867,111.395,0.578,111.949,61.13,1
1784729023,187411377,112.68,0.682,113.342,68.09,1
1784729023,254108398,115.596,0.926,116.522,69.853,1
1784729023,287457031,143.322,1.022,144.333,61.169,1
1784729023,320805420,168.585,1.556,169.951,58.947,1
1784729023,387501953,150.164,0.562,150.704,47.484,1
1784729023,454198242,133.67,0.737,134.376,50.364,1
1784729023,487546143,154.185,0.64,154.795,53.769,1
1784729023,554241943,133.639,0.71,134.325,46.222,1
1784729023,587589600,149.115,0.714,149.805,48.831,1
1784729023,654284912,127.901,0.746,128.63,45.514,1
1784729023,687632568,148.888,0.67,149.764,54.261,1
1784729023,754327393,118.656,1.852,120.523,37.644,1
1784729023,821021973,114.417,0.583,114.978,61.189,1
1784729023,887716309,115.408,0.708,116.099,67.808,1
1784729023,921063232,131.043,0.805,131.842,49.082,1
1784729023,987759766,118.616,0.601,119.195,54.063,1
1784729024,21109375,124.698,0.833,125.507,39.655,1
1784729024,87808105,112.634,0.602,113.214,54.414,1
1784729024,154506836,117.931,0.742,118.65,72.134,1
1784729024,187855957,123.693,0.871,124.55,39.231,1
1784729024,254553955,111.506,0.688,112.17,54.336,1
1784729024,321251953,109.918,0.831,110.725,65.249,1
1784729024,387949463,123.037,0.914,123.937,79.9,1
1784729024,454646729,111.96,0.849,112.785,55.557,1
1784729024,521343506,111.979,0.742,112.701,66.612,1
1784729024,588040283,127.966,0.877,128.827,82.819,1
1784729024,621388428,146.039,0.809,146.817,51.34,1
1784729024,688084717,130.409,0.626,131.013,50.899,1
1784729024,721432861,137.021,0.728,137.719,40.051,1
1784729024,788128662,126.535,0.803,127.314,56.285,1
1784729024,821476563,151.161,0.647,151.785,57.827,1
1784729024,888171875,129.256,0.784,130.002,44.907,1
1784729024,921519531,158.17,0.683,158.833,62.179,1
1784729024,988216553,147.086,0.614,147.677,55.545,1
1784729025,54915771,115.413,0.584,115.976,35.0,1
1784729025,121614502,114.322,0.649,114.946,65.669,1
1784729025,188312988,110.579,0.788,111.344,63.093,1
1784729025,255010986,114.369,0.632,114.985,70.338,1
1784729025,321708984,112.595,0.581,113.154,64.873,1
1784729025,388406494,110.979,0.683,111.638,65.177,1
1784729025,455104004,118.983,0.574,119.535,74.598,1
1784729025,521801025,113.074,0.595,113.646,60.807,1
1784729025,588497803,112.03,0.624,112.633,65.684,1
1784729025,655194336,115.157,0.814,115.954,70.008,1
1784729025,688542480,128.378,0.778,129.131,46.525,1
1784729025,721890625,140.901,0.616,141.493,45.721,1
1784729025,821934326,119.968,0.657,120.601,79.148,1
1784729025,855282227,127.417,0.766,128.163,40.91,1
1784729025,921977539,127.965,1.057,129.006,67.528,1
1784729025,988718262,131.07,0.592,131.64,69.387,1
1784729026,55505371,118.759,0.636,119.367,54.517,1
1784729026,122294678,111.594,0.818,112.387,59.804,1
1784729026,189086182,114.032,0.586,114.594,69.003,1
1784729026,255879395,112.293,0.99,113.265,65.456,1
1784729026,322674561,111.421,0.659,112.058,65.595,1
1784729026,389471924,114.1,0.763,114.836,69.576,1
1784729026,456271240,111.349,0.721,112.045,64.01,1
1784729026,523072510,110.653,0.574,111.201,65.957,1
1784729026,589875977,114.788,0.658,115.421,71.02,1
1784729026,656681152,110.222,0.634,110.832,62.217,1
1784729026,723488525,109.146,0.708,109.839,65.81,1
1784729026,790297852,118.016,0.592,118.586,75.562,1
1784729026,857109131,124.868,1.58,126.434,74.649,1
1784729026,890515625,147.242,0.799,148.024,55.001,1
1784729026,957328613,129.527,0.751,130.258,49.046,1
1784729026,990685059,150.416,1.497,151.905,54.993,1
1784729027,57397705,136.526,0.953,137.452,52.266,1
1784729027,90753906,160.453,0.777,161.21,57.124,1
1784729027,157466553,139.276,1.199,140.315,45.805,1
1784729027,190822754,162.118,0.982,163.049,56.1,1
1784729027,257535156,143.466,0.591,144.034,47.703,1
1784729027,324247803,118.344,0.549,118.871,41.551,1
1784729027,390960205,113.1,0.622,113.703,61.538,1
1784729027,457672363,111.929,0.556,112.463,65.477,1
1784729027,524384766,116.328,0.6,116.909,71.155,1
1784729027,591097168,120.253,0.646,120.877,70.684,1
1784729027,624453125,127.23,0.746,127.946,40.424,1
1784729027,691165283,112.499,1.354,113.854,52.598,1
1784729027,757877441,111.267,0.745,111.992,64.87,1
1784729027,824589600,125.89,0.623,126.488,81.212,1
1784729027,857945801,146.524,0.982,147.494,54.348,1
1784729027,924657715,126.88,0.731,127.583,46.808,1
1784729027,958013916,133.521,0.876,134.383,40.152,1
1784729028,24726807,145.229,0.639,145.873,78.186,1
1784729028,91439453,128.515,0.569,129.063,49.93,1
1784729028,124795898,143.644,0.757,144.385,48.669,1
1784729028,191508545,127.151,0.827,127.964,50.292,1
1784729028,224864990,134.708,0.61,135.293,40.693,1
1784729028,291577637,130.203,0.716,130.857,62.272,1
1784729028,324934082,158.722,0.59,159.291,61.794,1
1784729028,391646484,132.173,0.684,132.839,40.257,1
1784729028,458359131,120.733,0.704,121.409,55.282,1
1784729028,491715332,131.619,0.847,132.447,44.387,1
1784729028,558427979,113.811,0.702,114.49,48.768,1
1784729028,625140381,110.329,0.58,110.886,63.11,1
1784729028,691852783,112.86,0.917,113.759,69.575,1
1784729028,758564941,110.835,1.411,112.24,65.185,1
1784729028,825277344,122.697,0.618,123.289,77.78,1
1784729028,858633301,136.547,1.164,137.707,47.746,1
1784729028,925345703,116.829,0.585,117.393,46.426,1
1784729028,992058105,120.064,0.596,120.638,69.956,1
1784729029,25414551,124.883,0.701,125.556,38.272,1
1784729029,92127197,118.048,0.575,118.598,59.758,1
1784729029,125483643,126.63,0.661,127.252,41.987,1
1784729029,192196045,115.199,0.574,115.82,55.235,1
1784729029,258908691,111.12,0.556,111.657,62.619,1
1784729029,325621338,112.119,0.67,112.764,67.817,1
1784729029,392333740,119.67,0.748,120.239,74.191,1
1784729029,425689941,123.377,0.965,124.246,37.352,1
1784729029,492402344,111.302,0.638,111.92,54.395,1
1784729029,559114746,110.496,0.568,111.029,65.823,1
1784729029,625827148,117.103,0.574,117.655,73.338,1
1784729029,659183350,123.225,0.922,124.13,39.817,1
1784729029,725895508,112.868,0.56,113.406,56.004,1
1784729029,792607666,111.011,0.607,111.598,64.902,1
1784729029,859319824,139.643,0.805,140.43,95.536,1
1784729029,892676025,158.692,0.85,159.513,52.439,1
1784729029,959388184,123.282,0.929,124.193,31.389,1
1784729030,26100586,124.808,1.361,126.164,68.669,1
1784729030,59456787,132.689,2.758,135.453,42.644,1
1784729030,126169189,119.86,0.583,120.42,51.71,1
1784729030,159525391,141.809,0.645,142.438,55.369,1
1784729030,226237793,130.218,1.035,131.229,55.499,1
1784729030,259593994,142.596,0.878,143.451,45.583,1
1784729030,326306152,116.609,0.552,117.14,40.405,1
1784729030,393018311,115.581,0.981,116.546,66.113,1
1784729030,459730469,113.515,0.696,114.19,64.358,1
1784729030,493086670,129.046,0.756,129.781,48.946,1
1784729030,559798584,114.98,0.559,115.513,52.45,1
1784729030,626510742,110.075,0.59,110.633,61.831,1
1784729030,693222656,118.809,0.645,119.435,75.511,1
1784729030,759934570,110.664,0.633,111.261,58.537,1
1784729030,826646484,118.154,0.619,118.752,74.205,1
1784729030,860002441,138.104,0.634,138.712,53.316,1
1784729030,893358398,161.014,0.633,161.586,56.232,1
1784729030,960070068,140.243,0.717,140.941,46.058,1
1784729031,26782959,127.469,0.735,128.191,53.958,1
1784729031,93495850,118.332,0.727,119.038,57.567,1
1784729031,126852051,131.512,0.586,132.073,46.398,1
1784729031,160208496,141.075,2.221,143.275,44.557,1
1784729031,260277588,111.751,0.758,112.488,69.282,1
1784729031,326989990,112.307,0.573,112.858,67.084,1
1784729031,393702637,113.271,0.588,113.837,67.691,1
1784729031,460415283,110.754,0.645,111.376,64.249,1
1784729031,527127686,110.429,0.684,111.094,66.43,1
1784729031,560483887,127.197,0.865,128.039,50.299,1
1784729031,627196289,113.363,0.602,113.945,52.623,1
1784729031,693908691,110.192,0.667,110.838,63.606,1
1784729031,760620850,109.248,0.649,109.877,65.751,1
1784729031,827333252,118.2,1.456,119.657,76.466,1
1784729031,860689209,132.163,0.783,133.046,46.65,1
1784729031,927401367,116.489,0.573,117.04,50.83,1
1784729031,994114502,112.957,0.676,113.612,63.282,1
1784729032,60828369,116.497,0.993,117.475,70.566,1
1784729032,94185303,130.074,0.682,130.692,46.586,1
1784729032,160898926,140.471,0.77,141.191,77.207,1
1784729032,194255859,165.662,0.668,166.304,58.474,1
1784729032,260969727,147.035,0.594,147.602,48.016,1
1784729032,327683350,120.782,0.649,121.406,40.517,1
1784729032,394397217,118.559,0.632,119.166,64.469,1
1784729032,427753906,145.21,0.742,145.968,60.071,1
1784729032,494467529,114.398,0.591,114.964,35.801,1
1784729032,561181152,111.316,0.557,111.852,63.602,1
1784729032,627894775,111.824,0.664,112.465,67.326,1
1784729032,694608398,118.241,0.584,118.801,73.051,1
1784729032,761321777,126.167,0.781,126.928,74.83,1
1784729032,794678467,153.29,0.58,153.847,60.285,1
1784729032,861392090,136.685,0.713,137.378,50.239,1
1784729032,894748779,151.671,0.685,152.334,48.317,1
1784729032,961462158,127.918,0.906,128.804,43.174,1
1784729033,28174561,115.201,0.574,115.753,53.672,1
1784729033,94886963,112.938,0.713,113.629,64.581,1
1784729033,128243164,130.256,0.747,130.978,50.71,1
1784729033,194955322,115.756,0.635,116.369,52.105,1
1784729033,261667725,115.543,0.808,116.335,66.663,1
1784729033,295023682,143.746,0.845,144.622,61.594,1
1784729033,328379883,166.874,0.784,167.659,56.435,1
1784729033,395092041,155.815,0.56,156.354,55.431,1
1784729033,461804199,138.029,0.828,138.836,49.187,1
1784729033,495160156,160.621,0.628,161.23,55.752,1
1784729033,561872070,129.76,0.809,130.435,35.918,1
1784729033,628583984,117.689,0.646,118.312,54.594,1
1784729033,695295898,109.309,0.575,109.862,58.261,1
1784729033,762007813,121.607,0.689,122.274,79.122,1
1784729033,795363770,146.831,1.002,147.821,58.891,1
1784729033,862075439,122.985,0.589,123.552,42.457,1
1784729033,928787109,120.983,0.626,121.589,64.745,1
1784729033,995500732,113.43,0.563,113.971,59.1,1
1784729034,62215820,118.231,0.641,118.85,71.592,1
1784729034,95573242,124.579,0.598,125.156,39.663,1
1784729034,128930664,156.609,0.637,157.224,65.424,1
1784729034,195645752,130.16,0.733,130.87,40.359,1
1784729034,262360840,119.198,0.549,119.725,55.576,1
1784729034,329075928,110.649,0.567,111.192,58.181,1
1784729034,395790771,111.579,0.888,112.426,67.949,1
1784729034,462505859,112.564,0.577,113.12,67.41,1
1784729034,529220703,112.601,0.608,113.187,66.782,1
1784729034,595935547,112.487,0.565,113.028,66.556,1
1784729034,662650635,116.731,0.574,117.284,70.971,1
1784729034,729365479,110.82,0.642,111.443,60.871,1
1784729034,796080322,111.059,0.658,111.697,66.966,1
1784729034,862795166,125.406,2.197,127.593,82.595,1
1784729034,896152588,144.341,0.7,145.019,50.798,1
1784729034,962867188,119.379,0.682,120.046,41.741,1
1784729034,996223389,131.585,0.642,132.202,45.518,1
1784729035,29579590,150.246,0.562,150.787,51.943,1
1784729035,96291748,123.562,0.612,124.148,40.072,1
1784729035,163003906,118.998,0.637,119.616,62.177,1
1784729035,196359863,147.196,0.857,147.881,61.622,1
1784729035,263072021,118.426,0.58,118.972,37.807,1
1784729035,329783936,115.0,0.561,115.539,63.28,1
1784729035,363139893,128.402,0.63,129.014,46.825,1
1784729035,429851807,120.588,0.806,121.368,59.062,1
1784729035,463207764,130.632,0.675,131.305,43.281,1
1784729035,529919434,116.678,0.76,117.391,52.817,1
1784729035,563275391,133.491,1.0,134.468,50.419,1
1784729035,596631348,151.602,0.662,152.241,51.143,1
1784729035,663343018,124.701,0.744,125.419,39.888,1
1784729035,730054688,119.311,0.896,120.176,61.467,1
1784729035,763410400,147.857,2.451,150.291,63.466,1
1784729035,796766357,155.531,0.693,156.202,39.27,1
1784729035,830122070,164.373,0.689,165.042,42.198,1
1784729035,930189209,132.888,0.832,133.69,68.715,1
1784729036,30258545,112.655,0.783,113.426,79.794,1
1784729036,63615234,126.696,0.652,127.326,47.266,1
1784729036,130328369,113.216,0.664,113.854,53.245,1
1784729036,197041748,115.28,0.649,115.91,68.764,1
1784729036,230398438,128.277,0.617,128.866,46.319,1
1784729036,297111572,117.576,0.577,118.13,55.977,1
1784729036,330468262,126.101,0.699,126.768,41.993,1
1784729036,397181396,112.996,0.598,113.569,53.516,1
1784729036,463894531,109.697,0.738,110.405,63.549,1
1784729036,530607666,112.39,0.578,112.947,69.256,1
1784729036,597320801,111.686,0.684,112.348,66.113,1
1784729036,664033936,112.574,0.559,113.111,67.479,1
1784729036,697390381,128.875,0.607,129.459,49.702,1
1784729036,764103271,111.592,0.72,112.293,49.543,1
1784729036,830816162,117.376,0.702,118.058,72.481,1
1784729036,897529053,122.72,0.772,123.474,72.12,1
1784729036,964241943,112.864,0.58,113.422,56.672,1
1784729037,30967529,125.123,7.675,132.812,86.068,1
1784729037,64330322,160.584,0.843,161.407,62.002,1
1784729037,131056396,133.836,0.78,134.598,39.914,1
1784729037,197782715,142.217,0.763,142.959,75.089,1
1784729037,231145996,160.389,0.552,160.92,51.329,1
1784729037,297872803,153.567,1.505,155.059,60.855,1
1784729037,364599854,149.642,0.733,150.352,62.026,1
1784729037,431327148,134.436,0.773,135.193,51.557,1
1784729037,464690918,145.336,0.769,146.088,44.269,1
1784729037,531418701,127.714,0.59,128.279,48.925,1
1784729037,564782715,150.412,0.604,150.995,56.079,1
1784729037,631510986,126.779,0.856,127.67,43.338,1
1784729037,664875244,132.725,0.844,133.543,39.295,1
1784729037,731604004,114.12,0.558,114.656,47.85,1
1784729037,798333008,131.729,0.59,132.299,84.37,1
1784729037,831697754,148.275,0.735,148.99,50.05,1
1784729037,898427246,134.524,2.391,136.937,54.599,1
1784729037,931791992,150.936,0.605,151.515,48.029,1
1784729037,998591797,125.225,1.435,126.643,41.92,1
1784729038,98899902,110.491,0.574,111.041,84.714,1
1784729038,165774414,109.364,0.6,109.942,65.774,1
1784729038,232650879,115.143,0.647,115.764,72.696,1
1784729038,266089844,157.574,0.798,158.257,75.932,1
1784729038,332969482,150.545,0.696,151.22,59.845,1
1784729038,399850830,125.706,0.863,126.551,42.203,1
1784729038,433292480,148.253,0.602,148.832,55.735,1
1784729038,500177002,121.663,1.156,122.81,40.842,1
1784729038,567063477,119.433,1.149,120.516,64.603,1
1784729038,600507324,126.809,0.682,127.463,40.399,1
1784729038,667396973,112.324,0.563,112.862,52.29,1
1784729038,734288330,109.148,0.57,109.69,63.719,1
1784729038,801181885,122.859,0.758,123.598,80.796,1
1784729038,834629150,147.433,0.599,148.006,57.861,1
1784729038,901525635,122.31,0.907,123.199,42.072,1
1784729038,934974609,129.851,0.604,130.435,40.699,1
1784729039,1772461,116.817,0.567,117.36,53.726,1
1784729039,68472900,112.84,0.573,113.389,62.731,1
1784729039,135173096,110.503,0.56,111.039,64.35,1
1784729039,201872803,117.795,1.25,119.069,74.676,1
1784729039,268572510,118.15,0.887,119.011,66.68,1
1784729039,301922363,128.17,1.064,129.22,43.553,1
1784729039,368621582,110.804,0.55,111.33,48.831,1
1784729039,435320557,113.992,0.65,114.609,69.976,1
1784729039,468669922,121.777,0.762,122.514,41.244,1
1784729039,535368408,118.249,0.616,118.819,63.014,1
1784729039,568717529,138.556,0.929,139.467,53.978,1
1784729039,602066650,148.058,0.558,148.591,42.493,1
1784729039,668764893,128.943,0.753,129.662,47.761,1
1784729039,702113770,142.164,0.692,142.835,46.523,1
1784729039,768811279,119.364,0.872,120.31,44.08,1
1784729039,802160156,152.835,1.069,153.761,66.876,1
1784729039,868857422,139.758,0.596,140.317,53.277,1
1784729039,902205811,152.483,0.646,153.109,46.14,1
1784729039,968903076,123.287,0.982,124.21,37.708,1
1784729040,35603027,111.327,0.61,111.912,54.492,1
1784729040,102302734,108.95,0.569,109.499,64.287,1
1784729040,169002197,115.932,0.59,116.502,73.702,1
1784729040,202351807,120.011,0.685,120.673,37.518,1
1784729040,269050781,134.542,0.973,135.477,81.492,1
1784729040,302400146,130.605,0.93,131.504,29.382,1
1784729040,369098633,114.286,0.566,114.831,50.034,1
1784729040,435797119,109.736,0.582,110.296,62.162,1
1784729040,502495117,108.259,0.687,108.926,65.326,1
1784729040,569192871,111.069,0.572,111.619,69.395,1
1784729040,635890381,108.612,0.558,109.145,64.224,1
1784729040,702587646,109.687,0.62,110.284,67.835,1
1784729040,769284668,108.766,0.69,109.431,65.843,1
1784729040,835981201,113.979,0.574,114.532,71.799,1
1784729040,902677734,135.928,0.851,136.755,88.913,1
1784729040,969374268,118.618,0.585,119.182,49.13,1
1784729041,36231934,110.414,0.589,110.979,58.656,1
1784729041,103091309,114.263,0.59,114.817,70.697,1
1784729041,136521729,117.304,0.633,117.911,36.521,1
1784729041,203383789,109.999,0.582,110.56,59.514,1
1784729041,270247803,114.558,0.914,115.451,71.753,1
1784729041,337113281,112.102,1.279,112.83,64.244,1
1784729041,370546875,134.497,1.128,135.7,56.189,1
1784729041,437415039,110.767,0.586,111.332,42.618,1
1784729041,504285156,115.583,0.61,116.173,71.709,1
1784729041,571156738,110.544,0.568,111.087,61.788,1
1784729041,638030273,108.222,0.692,108.894,64.679,1
1784729041,704905518,107.056,0.664,107.697,65.678,1
1784729041,771782715,107.449,0.931,108.362,67.537,1
1784729041,838661377,113.292,0.664,113.937,72.457,1
1784729041,905541992,109.313,0.639,109.929,62.875,1
1784729041,972422607,108.193,0.564,108.735,65.687,1
1784729042,39150879,110.802,0.713,111.496,69.485,1
1784729042,105835938,121.942,1.052,122.977,78.154,1
1784729042,172520508,123.596,0.87,124.448,68.157,1
1784729042,205862549,139.616,0.626,140.214,49.121,1
1784729042,272546387,113.118,0.691,113.802,40.255,1
1784729042,339229492,113.254,0.915,114.154,67.041,1
1784729042,372571045,126.402,0.778,127.169,46.352,1
1784729042,439253418,112.179,0.611,112.768,52.298,1
1784729042,505935303,107.478,0.833,108.294,62.204,1
1784729042,572616699,106.76,0.573,107.312,65.704,1
1784729042,639297607,106.314,0.62,106.912,66.28,1
1784729042,705978027,107.64,0.593,108.212,67.982,1
1784729042,772657715,108.2,0.586,108.763,67.229,1
1784729042,839337158,119.351,0.564,119.895,77.812,1
1784729042,872676514,130.164,0.787,130.937,44.367,1
1784729042,906015869,148.111,0.646,148.736,51.152,1
1784729042,972694092,116.189,0.692,116.856,34.798,1
1784729043,39373535,108.692,0.565,109.235,59.06,1
1784729043,106057373,106.525,0.557,107.061,64.51,1
1784729043,172740479,107.736,0.577,108.279,67.901,1
1784729043,239423096,109.123,0.565,109.668,68.071,1
1784729043,306105225,118.022,1.12,119.017,76.01,1
1784729043,339446045,140.945,0.984,141.965,56.242,1
1784729043,406127441,145.087,0.614,145.68,70.464,1
1784729043,472808105,125.818,0.592,126.384,47.385,1
1784729043,506148438,132.713,0.683,133.375,40.327,1
1784729043,572828369,114.51,0.578,115.067,48.376,1
1784729043,639507568,108.502,0.61,109.092,60.704,1
1784729043,706186279,114.533,0.558,115.068,72.656,1
1784729043,772864502,117.651,0.862,118.504,70.093,1
1784729043,806203613,141.877,0.653,142.504,57.358,1
1784729043,839542236,153.544,2.278,155.891,46.634,1
1784729043,906219482,121.765,0.715,122.454,33.328,1
1784729043,972895996,109.326,0.572,109.878,54.106,1
1784729044,39573975,108.23,0.563,108.771,65.572,1
1784729044,106258057,107.176,0.595,107.747,65.661,1
1784729044,172941406,106.756,0.653,107.398,66.322,1
1784729044,239624268,106.418,0.665,107.06,66.356,1
1784729044,306306396,109.159,0.701,109.84,69.462,1
1784729044,372988281,107.076,0.628,107.678,64.521,1
1784729044,439669434,114.432,0.672,115.085,74.086,1
1784729044,506350098,109.427,0.644,110.047,61.642,1
1784729044,573030273,107.631,0.611,108.221,64.857,1
1784729044,639709717,108.648,0.642,109.258,67.716,1
1784729044,706388672,109.316,0.621,109.914,67.334,1
1784729044,773067139,109.35,1.059,109.973,66.736,1
1784729044,839745117,125.052,1.008,126.034,82.728,1
1784729044,873083740,141.435,0.567,141.979,49.296,1
1784729044,939760986,115.207,0.562,115.748,40.446,1
1784729045,6435303,111.527,0.645,112.15,63.075,1
1784729045,73119873,106.823,0.633,107.433,61.968,1
1784729045,139803955,107.453,0.659,108.088,67.34,1
1784729045,206487549,108.599,0.681,109.26,67.854,1
1784729045,273170654,105.998,0.638,106.616,64.041,1
1784729045,339853271,107.99,0.593,108.561,68.627,1
1784729045,406535156,115.492,0.74,116.212,74.327,1
1784729045,439875977,127.126,0.768,127.868,44.998,1
1784729045,539897461,106.956,0.698,107.636,79.792,1
1784729045,606577881,113.49,0.573,114.042,73.09,1
1784729045,639917725,122.611,0.641,123.227,42.522,1
1784729045,706597168,110.025,0.564,110.566,54.021,1
1784729045,773276367,108.594,0.599,109.172,65.282,1
1784729045,839954590,110.75,0.567,111.293,68.802,1
1784729045,906632568,113.007,0.616,113.565,68.948,1
1784729045,973309814,115.08,0.647,115.708,68.821,1
1784729046,39988525,109.082,0.554,109.615,60.586,1
1784729046,106672363,108.572,0.623,109.174,66.243,1
1784729046,173355713,107.661,0.646,108.283,65.793,1
1784729046,240038330,107.435,0.645,108.049,66.446,1
1784729046,306720459,108.73,0.57,109.279,67.914,1
1784729046,373402100,107.285,0.557,107.821,65.223,1
1784729046,440083008,111.242,0.698,111.916,70.771,1
1784729046,473423340,127.138,0.743,127.868,49.286,1
1784729046,540103516,115.821,0.579,116.377,55.2,1
1784729046,606783203,120.483,0.821,121.294,71.58,1
1784729046,640122803,122.668,1.13,123.797,35.835,1
1784729046,706801514,110.294,0.587,110.944,53.763,1
1784729046,773479736,110.714,0.659,111.351,67.171,1
1784729046,840157471,129.49,0.926,130.402,85.722,1
1784729046,873496094,149.71,0.745,150.432,53.374,1
1784729046,940173096,123.269,0.895,124.061,40.299,1
1784729047,6846680,112.21,0.61,112.798,55.42,1
1784729047,73533203,118.345,0.629,118.952,72.84,1
1784729047,106876221,144.222,0.577,144.779,59.171,1
1784729047,173562012,122.632,1.875,124.517,46.376,1
1784729047,206904541,142.092,0.871,142.946,51.814,1
1784729047,273589355,126.519,0.866,127.368,51.104,1
1784729047,340273682,111.154,0.553,111.684,51.008,1
1784729047,406957520,117.309,0.708,117.997,72.995,1
1784729047,473640869,109.665,0.663,110.307,58.991,1
1784729047,506982422,125.849,2.011,127.835,50.863,1
1784729047,573665039,109.727,0.567,110.275,49.132,1
1784729047,640346924,109.66,0.563,110.204,66.611,1
1784729047,707028564,115.571,0.571,116.121,72.598,1
1784729047,740369141,124.979,0.692,125.647,42.863,1
1784729047,807049805,124.937,0.651,125.565,66.601,1
1784729047,840389893,153.049,0.626,153.652,61.428,1
1784729047,873729980,149.144,0.708,149.835,29.517,1
1784729047,940409668,134.831,0.584,135.393,52.246,1
1784729047,973749268,155.009,0.563,155.549,53.496,1
1784729048,40430420,126.979,0.635,127.603,38.722,1
1784729048,107116943,115.782,0.708,116.471,55.564,1
1784729048,173803223,108.983,0.555,109.517,59.736,1
1784729048,240488770,121.785,0.903,122.674,79.831,1
1784729048,273831299,127.337,3.186,130.552,41.176,1
1784729048,340516357,123.992,0.797,124.765,60.948,1
1784729048,407200684,125.515,0.647,126.129,68.052,1
1784729048,440542480,132.393,0.792,133.188,40.365,1
1784729048,507226074,121.926,0.799,122.707,56.223,1
1784729048,607250488,107.575,0.563,108.115,85.45,1
1784729048,673932861,108.344,0.569,108.893,67.461,1
1784729048,740614746,110.803,0.721,111.505,69.292,1
1784729048,807295898,115.255,0.612,115.842,71.019,1
1784729048,840636475,145.444,0.642,146.064,63.562,1
1784729048,907316895,130.964,1.002,131.959,52.554,1
1784729048,940656982,143.36,0.591,143.929,45.333,1
1784729049,7335449,115.235,0.575,115.787,38.536,1
1784729049,74020996,111.704,0.625,112.304,63.204,1
1784729049,140705811,110.08,0.557,110.614,64.994,1
1784729049,207390137,110.755,0.579,111.314,67.384,1
1784729049,274073975,110.043,0.612,110.634,66.004,1
1784729049,340757324,108.098,0.562,108.639,64.689,1
1784729049,407440186,115.856,0.656,116.49,74.534,1
1784729049,474122314,110.838,0.564,111.381,61.572,1
1784729049,540803955,108.988,0.685,109.654,64.951,1
1784729049,574144775,143.748,0.613,144.34,68.028,1
1784729049,640825684,116.89,0.575,117.444,39.786,1
1784729049,707505859,112.172,0.559,112.71,61.947,1
1784729049,774185791,111.856,0.683,112.519,66.486,1
1784729049,840864990,122.236,0.624,122.844,77.001,1
1784729049,874204346,129.928,0.63,130.539,41.037,1
1784729049,907543701,147.846,0.731,148.551,51.349,1
1784729049,974221924,131.781,1.085,132.852,50.969,1
1784729050,7558838,141.319,0.83,142.135,42.622,1
1784729050,74245850,121.027,0.654,121.662,46.223,1
1784729050,107589111,128.202,0.556,128.736,40.422,1
1784729050,207618164,108.97,0.57,109.51,80.803,1
1784729050,274303467,108.817,0.573,109.37,66.546,1
1784729050,340988525,109.225,0.577,109.848,67.095,1
1784729050,407672852,110.982,0.595,111.554,68.457,1
1784729050,474356934,111.422,0.719,112.119,67.248,1
1784729050,541040283,116.7,0.779,117.46,72.021,1
1784729050,574381836,122.993,0.773,123.74,39.619,1
1784729050,641064453,116.893,0.609,117.48,60.428,1
1784729050,707746582,110.215,0.659,110.852,60.057,1
1784729050,774428467,117.268,2.116,119.373,75.192,1
1784729050,841109619,130.632,1.92,132.557,79.843,1
1784729050,907790283,127.351,0.911,128.237,62.387,1
1784729051,7809570,108.708,0.568,109.256,81.043,1
1784729051,74493652,109.932,0.645,110.558,67.986,1
1784729051,141177490,111.007,0.567,111.553,67.68,1
1784729051,207860596,111.258,0.554,111.79,66.92,1
1784729051,274543213,113.851,0.574,114.404,69.296,1
1784729051,341225342,110.331,0.61,110.918,63.195,1
1784729051,407906738,110.342,0.582,110.9,66.663,1
1784729051,474587891,111.604,0.564,112.146,67.927,1
1784729051,541268311,113.177,0.914,113.915,68.438,1
1784729051,574608154,123.943,1.441,125.384,44.783,1
1784729051,641287842,117.821,0.763,118.621,59.894,1
1784729051,741306152,112.629,0.573,113.18,94.637,1
1784729051,807984375,133.103,0.845,133.931,87.415,1
1784729051,841323242,149.87,0.634,150.484,49.907,1
1784729051,908000732,120.418,0.901,121.235,37.418,1
1784729051,974677490,112.444,0.649,113.073,58.524,1
1784729052,41356689,124.037,0.919,124.881,78.47,1
1784729052,108041992,129.661,0.83,130.467,72.28,1
1784729052,174727051,129.054,0.709,129.736,65.953,1
1784729052,241411377,115.671,0.889,116.545,53.49,1
1784729052,274753418,134.157,0.837,134.981,51.776,1
1784729052,341436768,111.963,0.572,112.513,44.231,1
1784729052,408119873,112.642,0.734,113.356,67.522,1
1784729052,474802490,114.796,0.657,115.417,68.747,1
1784729052,541484375,115.233,0.705,115.918,67.175,1
1784729052,574825195,132.141,0.755,132.879,50.298,1
1784729052,641506348,119.163,0.633,119.775,53.584,1
1784729052,708187012,118.586,0.673,119.239,66.15,1
1784729052,774867188,113.223,0.742,113.943,61.381,1
1784729052,841546875,117.642,0.685,118.302,71.042,1
1784729052,874886475,152.429,0.728,153.134,68.17,1
1784729052,941565186,135.177,0.702,135.855,49.399,1
1784729052,974904541,153.463,0.73,154.189,51.648,1
1784729053,8242188,171.304,0.943,172.227,51.396,1
1784729053,74927246,148.116,0.733,148.831,43.293,1
1784729053,141611572,129.627,0.677,130.284,48.136,1
1784729053,174953613,154.897,0.742,155.617,58.677,1
1784729053,241636963,123.613,3.238,126.861,37.886,1
1784729053,308320068,124.358,0.77,125.115,64.967,1
1784729053,375002441,116.659,0.66,117.297,58.877,1
1784729053,441684570,125.576,1.74,127.284,76.626,1
1784729053,475025146,128.166,0.738,128.89,34.978,1
1784729053,541706299,119.522,0.779,120.288,58.078,1
1784729053,575046631,139.177,0.691,139.849,52.909,1
1784729053,608386963,159.001,0.795,159.763,53.257,1
1784729053,675066895,148.536,0.633,149.148,56.068,1
1784729053,741746338,121.188,0.595,121.761,39.293,1
1784729053,775085938,134.189,0.728,134.904,46.472,1
1784729053,841764404,132.753,0.805,133.491,65.258,1
1784729053,875103516,146.697,0.777,147.459,47.319,1
1784729053,941781494,133.508,0.62,134.108,53.331,1
1784729053,975120117,157.598,0.847,158.418,57.648,1
1784729054,41827148,145.88,0.691,146.55,54.841,1
1784729054,108598633,126.413,1.561,127.961,48.167,1
1784729054,141984863,143.418,0.635,144.036,49.474,1
1784729054,208759033,116.782,0.558,117.319,40.062,1
1784729054,275534912,112.027,0.554,112.559,62.016,1
1784729054,342312500,114.257,0.789,115.039,69.244,1
1784729054,409091797,114.322,0.566,114.867,66.62,1
1784729054,475872803,114.088,0.621,114.687,66.602,1
1784729054,542655518,112.012,0.549,112.541,64.637,1
1784729054,609439941,114.786,0.747,115.516,69.755,1
1784729054,676226074,116.261,0.618,116.858,68.131,1
1784729054,743014160,110.199,0.643,110.822,60.752,1
1784729054,809803711,132.146,0.614,132.735,88.703,1
1784729054,843199219,138.657,0.823,139.456,40.109,1
1784729054,909991455,128.286,0.681,128.945,56.282,1
1784729054,976785400,112.869,0.549,113.397,51.254,1
1784729055,43549561,117.137,0.711,117.822,71.188,1
1784729055,110249756,110.339,0.653,110.96,59.839,1
1784729055,176949951,109.474,0.581,110.035,65.776,1
1784729055,243649902,109.874,0.57,110.423,67.089,1
1784729055,310349365,110.093,0.619,110.692,66.967,1
1784729055,377048828,110.384,0.675,111.04,67.047,1
1784729055,443747803,113.943,0.627,114.549,70.208,1
1784729055,510446777,112.392,0.629,113.001,65.15,1
1784729055,577145264,111.911,0.573,112.464,66.163,1
1784729055,643843506,111.851,0.599,112.431,66.662,1
1784729055,677192627,132.573,0.744,133.294,54.21,1
1784729055,743890625,112.561,0.572,113.109,46.52,1
1784729055,810588135,114.425,0.646,115.053,68.635,1
1784729055,877285645,114.726,0.591,115.308,66.941,1
1784729055,943982666,127.867,0.728,128.573,79.972,1
1784729055,977331055,139.832,0.687,140.499,45.274,1
1784729056,10678711,146.042,0.573,146.592,39.448,1
1784729056,110730225,114.416,0.641,115.036,68.495,1
1784729056,177430908,110.903,0.647,111.527,63.192,1
1784729056,244131104,110.188,0.579,110.744,65.918,1
1784729056,310831299,111.239,0.549,111.766,67.723,1
1784729056,377531006,111.198,0.574,111.736,66.669,1
1784729056,444230713,112.191,0.604,112.833,67.733,1
1784729056,510929932,110.21,0.643,110.835,64.762,1
1784729056,577628906,112.716,0.707,113.404,69.269,1
1784729056,644327637,114.53,0.631,115.141,68.434,1
1784729056,677677002,146.15,0.585,146.715,64.923,1
1784729056,744375488,136.277,1.15,137.405,57.383,1
1784729056,777724609,144.073,0.709,144.764,40.713,1
1784729056,844422607,144.981,0.658,145.577,67.51,1
1784729056,911120117,130.148,0.77,130.9,52.016,1
1784729056,944468994,134.399,0.848,135.225,37.668,1
1784729057,11152832,124.43,0.925,125.377,56.798,1
1784729057,44546143,141.459,0.6,142.037,50.105,1
1784729057,77939941,159.361,0.916,160.264,51.609,1
1784729057,144729248,137.683,0.837,138.7,45.026,1
1784729057,178124756,160.615,1.233,161.85,56.722,1
1784729057,244916992,151.392,0.577,152.101,56.926,1
1784729057,311711426,138.023,2.156,140.158,54.988,1
1784729057,345109375,150.977,0.655,151.607,44.862,1
1784729057,411906738,123.094,0.717,123.793,38.976,1
1784729057,478706299,114.859,0.628,115.466,58.48,1
1784729057,545507813,110.344,0.72,111.045,62.381,1
1784729057,612311279,109.221,0.628,109.828,65.588,1
1784729057,679116943,114.772,1.137,115.907,72.853,1
1784729057,712520508,127.363,0.66,128.003,45.524,1
1784729057,779329102,116.747,0.78,117.448,56.256,1
1784729057,846139648,127.55,0.956,128.495,77.849,1
1784729057,879545654,131.112,0.779,131.87,36.791,1
1784729057,946359375,114.953,0.581,115.513,50.46,1
1784729058,13175049,112.74,0.561,113.279,64.583,1
1784729058,80051270,111.867,0.615,112.462,66.057,1
1784729058,146929688,109.5,0.657,110.136,64.553,1
1784729058,213809814,107.475,0.579,108.031,64.776,1
1784729058,280692383,113.799,0.766,114.543,73.39,1
1784729058,347576904,128.273,0.82,129.083,81.415,1
1784729058,381019775,145.633,0.884,146.499,50.867,1
1784729058,447907471,137.03,1.124,138.127,58.499,1
1784729058,481352051,129.056,0.597,129.626,24.965,1
1784729058,548242676,117.782,0.95,118.715,55.967,1
1784729058,581688721,137.688,1.023,138.671,53.4,1
1784729058,648582520,112.788,0.596,113.362,41.598,1
1784729058,715478271,110.357,0.872,111.216,64.738,1
1784729058,782376221,109.322,0.608,109.902,65.597,1
1784729058,849276367,110.971,0.632,111.58,68.578,1
1784729058,916178223,115.016,0.824,115.819,71.131,1
1784729058,949630127,126.87,0.708,127.559,45.199,1
1784729059,16533203,109.405,0.581,110.012,49.311,1
1784729059,83231445,106.064,0.576,106.618,63.354,1
1784729059,149929688,106.212,0.615,106.807,66.886,1
1784729059,216627197,106.563,0.625,107.168,67.059,1
1784729059,283324707,108.011,0.613,108.603,68.133,1
1784729059,350021973,107.584,0.644,108.16,66.253,1
1784729059,416718750,108.197,0.581,108.755,67.293,1
1784729059,483415283,115.658,0.586,116.223,74.165,1
1784729059,550111328,108.122,0.572,108.673,59.146,1
1784729059,616807373,107.343,0.611,107.937,65.957,1
1784729059,683502930,114.85,0.629,115.46,74.221,1
1784729059,750198242,108.706,0.588,109.272,60.507,1
1784729059,783545898,133.431,0.597,134.004,58.081,1
1784729059,850240723,150.316,1.271,151.553,84.231,1
1784729059,916935303,141.46,0.578,142.016,57.171,1
1784729059,983629639,115.155,0.914,116.184,40.717,1
1784729060,50326416,110.566,0.677,111.222,61.877,1
1784729060,117024902,106.521,0.641,107.141,62.62,1
1784729060,183722900,106.087,0.572,106.635,66.192,1
1784729060,250420898,106.844,0.825,107.652,67.711,1
1784729060,317118408,106.541,0.561,107.082,66.132,1
1784729060,383815674,106.17,0.57,106.72,66.335,1
1784729060,450512695,111.122,0.571,111.671,71.649,1
1784729060,517209229,108.014,0.724,108.713,63.735,1
1784729060,583905762,107.854,0.741,108.5,66.486,1
1784729060,650601807,107.809,0.679,108.463,66.658,1
1784729060,717297607,107.533,0.673,108.181,66.415,1
1784729060,783992920,108.242,1.084,109.301,67.81,1
1784729060,850688232,128.402,0.692,129.067,86.465,1
1784729060,884035645,137.866,0.811,138.665,42.932,1
1784729060,917383057,155.757,0.772,156.495,51.189,1
1784729060,950730225,171.085,0.688,171.749,48.602,1
1784729061,17428467,144.297,0.698,144.965,39.916,1
1784729061,117475830,110.099,0.623,110.701,65.783,1
1784729061,184173584,108.712,0.61,109.301,65.297,1
1784729061,250871094,107.513,0.753,108.247,65.643,1
1784729061,317568359,106.658,0.579,107.216,65.668,1
1784729061,384265381,107.552,0.575,108.103,67.584,1
1784729061,450962158,108.405,0.747,109.117,67.709,1
1784729061,517658447,116.549,0.757,117.287,74.861,1
1784729061,551006592,130.193,1.053,131.254,47.289,1
1784729061,584354492,144.344,0.577,144.899,47.027,1
1784729061,651050293,117.079,0.604,117.682,39.455,1
1784729061,717745850,110.055,0.677,110.71,59.747,1
1784729061,784440918,116.877,3.167,120.126,75.996,1
1784729061,817788574,143.839,0.822,144.639,57.968,1
1784729061,851135986,166.71,0.622,167.304,56.02,1
1784729061,917830566,147.167,0.773,147.921,47.31,1
1784729061,984524658,126.499,0.71,127.194,45.961,1
1784729062,17871826,152.437,1.35,153.771,59.914,1
1784729062,84571289,133.75,0.676,134.404,47.348,1
1784729062,117921143,146.299,1.013,147.306,46.236,1
1784729062,151270752,169.578,0.721,170.276,56.336,1
1784729062,217969727,144.14,2.235,146.391,42.778,1
1784729062,284668457,126.775,0.765,127.514,47.859,1
1784729062,351366943,112.502,0.568,113.048,52.234,1
1784729062,418064941,110.354,0.616,110.949,64.599,1
1784729062,484762939,106.932,0.601,107.512,63.26,1
1784729062,551460449,107.727,0.576,108.28,67.466,1
1784729062,618157715,108.273,0.608,108.855,67.272,1
1784729062,684854736,108.071,0.555,108.62,66.447,1
1784729062,718203125,126.914,0.855,127.756,52.481,1
1784729062,751551514,136.61,0.664,137.188,42.798,1
1784729062,851596191,108.5,0.649,109.131,71.981,1
1784729062,884944092,149.087,0.759,149.829,74.045,1
1784729062,951640137,143.991,0.62,144.588,61.462,1
1784729063,18335938,131.155,0.966,132.102,54.2,1
1784729063,51685547,158.269,0.703,158.95,60.207,1
1784729063,118384521,140.78,0.733,141.496,49.236,1
1784729063,185083008,120.706,1.153,121.872,47.031,1
1784729063,218432373,144.576,0.723,145.284,56.806,1
1784729063,285130371,133.054,0.782,133.814,55.231,1
1784729063,318479492,162.245,0.642,162.869,62.407,1
1784729063,385177246,140.327,0.65,140.953,44.784,1
1784729063,451874756,122.255,0.8,123.039,48.767,1
1784729063,485223389,138.723,7.008,145.765,56.034,1
1784729063,518572021,161.709,0.687,162.37,50.006,1
1784729063,585269043,145.116,0.592,145.687,50.019,1
1784729063,651965576,121.779,0.634,122.381,43.389,1
1784729063,685313965,130.528,0.542,131.047,42.017,1
1784729063,785358154,110.025,0.866,110.877,79.865,1
1784729063,852053955,128.358,0.697,129.036,84.856,1
1784729063,885401855,153.54,0.998,154.518,58.825,1
1784729063,952097412,132.333,0.831,133.142,45.329,1
1784729063,985444824,155.325,0.951,156.265,56.455,1
1784729064,52142822,145.774,0.7,146.449,56.899,1
1784729064,85492676,150.828,0.826,151.64,38.535,1
1784729064,185542236,106.094,1.141,107.177,55.566,1
1784729064,252241455,114.142,0.828,114.926,74.459,1
1784729064,318940674,109.337,0.618,109.932,61.723,1
1784729064,385639404,108.804,0.585,109.366,66.132,1
1784729064,452337891,109.655,0.591,110.222,67.554,1
1784729064,519036133,113.161,0.715,113.856,70.33,1
1784729064,585734131,111.231,0.724,111.934,64.778,1
1784729064,652431885,112.922,0.762,113.659,68.419,1
1784729064,719129395,109.321,0.672,109.974,63.015,1
1784729064,785826416,112.659,0.807,113.443,70.162,1
1784729064,852523438,128.373,2.235,130.615,83.832,1
1784729064,885871826,131.295,0.945,132.219,34.972,1
1784729064,919219971,155.549,0.932,156.471,57.606,1
1784729064,985916504,132.038,0.671,132.678,42.92,1
1784729065,19264893,153.266,0.791,154.043,54.699,1
1784729065,85964844,137.881,0.741,138.606,51.272,1
1784729065,119314697,151.639,0.821,152.44,47.19,1
1784729065,186014404,127.249,0.776,128.001,42.256,1
1784729065,252713867,114.35,0.878,115.224,53.902,1
1784729065,319412842,108.191,0.644,108.8,60.3,1
1784729065,386111816,108.741,0.575,109.291,67.19,1
1784729065,452810303,110.111,0.593,110.68,68.088,1
1784729065,519508545,112.72,0.696,113.393,69.406,1
1784729065,586206543,114.193,0.757,114.928,68.229,1
1784729065,652904297,107.724,0.594,108.296,60.073,1
1784729065,719601807,109.566,0.75,110.254,68.658,1
1784729065,786299072,126.227,0.809,127.017,83.452,1
1784729065,852995850,120.255,1.039,121.282,60.959,1
1784729065,886344238,159.5,1.259,160.673,72.736,1
1784729065,953040771,149.052,1.996,151.029,57.062,1
1784729066,19737305,120.194,0.662,120.836,36.508,1
1784729066,86438965,118.407,1.032,119.453,65.279,1
1784729066,153140381,110.944,0.655,111.579,58.866,1
1784729066,219841553,108.779,0.645,109.402,64.524,1
1784729066,286542480,108.859,0.715,109.55,66.85,1
1784729066,353242920,109.309,0.637,109.848,66.999,1
1784729066,419943359,109.746,0.564,110.287,67.14,1
1784729066,486643555,111.696,0.579,112.254,68.667,1
1784729066,553343506,111.599,0.566,112.141,66.587,1
1784729066,620043213,110.42,0.569,110.964,65.524,1
1784729066,686742432,107.802,0.579,108.36,64.094,1
1784729066,753441650,108.125,0.569,108.673,67.013,1
1784729066,820140625,117.133,0.637,117.748,75.77,1
1784729066,853489990,135.49,0.901,136.375,51.965,1
1784729066,886839355,153.173,0.588,153.743,50.729,1
1784729066,953537598,119.272,0.659,119.911,32.862,1
1784729067,20236084,112.938,0.727,113.643,60.432,1
1784729067,87089844,120.786,0.611,121.373,74.588,1
1784729067,153945313,124.384,0.625,124.983,70.468,1
1784729067,187373535,135.73,1.408,137.14,45.562,1
1784729067,220802490,154.963,0.643,155.585,51.893,1
1784729067,287661377,146.978,0.701,147.633,58.903,1
1784729067,354521973,126.565,0.654,127.2,46.431,1
1784729067,387952881,144.67,0.582,145.21,51.445,1
1784729067,454815918,125.037,0.667,125.685,47.332,1
1784729067,488248047,132.297,0.744,133.02,40.768,1
1784729067,521680664,148.373,0.66,149.015,49.426,1
1784729067,588547363,129.024,0.867,129.879,47.721,1
1784729067,621981201,138.277,0.634,138.937,42.461,1
1784729067,722285400,107.459,0.777,108.215,69.628,1
1784729067,789156982,108.701,3.226,111.941,70.559,1
1784729067,856030273,115.813,0.677,116.467,71.439,1
1784729067,922905273,109.663,0.682,110.326,60.729,1
1784729067,989781982,108.323,0.726,109.031,65.583,1
1784729068,56561279,112.175,1.266,113.437,71.153,1
1784729068,89903076,124.718,0.656,125.324,45.263,1
1784729068,156586670,107.909,0.575,108.459,49.82,1
1784729068,223269287,108.927,0.696,109.605,67.824,1
1784729068,289951660,118.751,0.737,119.466,76.546,1
1784729068,323292725,131.036,0.874,131.905,45.763,1
1784729068,389974121,111.493,0.785,112.247,47.035,1
1784729068,456655029,108.143,0.591,108.711,63.151,1
1784729068,523335449,114.777,0.664,115.423,73.388,1
1784729068,590015137,128.854,0.584,129.415,80.677,1
1784729068,623354736,139.354,0.681,140.014,43.939,1
1784729068,690033936,123.678,0.83,124.508,51.142,1
1784729068,723373047,139.748,0.588,140.314,49.177,1
1784729068,790051270,120.461,0.58,121.018,47.381,1
1784729068,823390137,147.747,0.893,148.632,60.935,1
1784729068,856728760,163.506,0.669,164.159,48.879,1
1784729068,923406006,144.489,0.568,145.036,47.56,1
1784729068,990082520,122.156,0.8,122.944,44.567,1
1784729069,23421143,139.334,0.571,139.884,50.296,1
1784729069,90105713,124.832,0.726,125.536,52.329,1
1784729069,123447998,136.932,0.719,137.628,45.44,1
1784729069,223473633,109.91,0.619,110.509,72.908,1
1784729069,290156738,108.277,0.603,108.857,65.032,1
1784729069,356839355,108.643,0.646,109.271,67.095,1
1784729069,423521484,118.746,0.673,119.403,76.809,1
1784729069,456862305,127.266,0.809,128.047,41.984,1
1784729069,523543457,121.027,0.667,121.676,60.314,1
1784729069,556883789,125.623,0.647,126.213,37.88,1
1784729069,623564209,109.653,0.574,110.206,50.674,1
1784729069,690244141,106.841,0.579,107.399,63.872,1
1784729069,756923584,110.585,0.581,111.146,70.427,1
1784729069,823602295,122.722,0.752,123.46,78.982,1
1784729069,856941650,134.574,1.103,135.654,45.53,1
1784729069,890280762,146.672,0.717,147.362,45.056,1
1784729069,956958496,120.296,0.71,120.992,40.305,1
1784729070,23635986,112.427,0.58,112.984,58.679,1
1784729070,90320801,111.523,0.617,112.119,65.82,1
1784729070,157005127,107.414,0.623,108.016,62.58,1
1784729070,190347168,125.629,0.787,126.396,51.72,1
1784729070,257030518,108.495,0.676,109.153,49.439,1
1784729070,323713379,107.924,0.848,108.76,66.284,1
1784729070,390395752,109.549,0.631,110.16,68.089,1
1784729070,457077637,107.866,1.911,109.795,66.28,1
1784729070,523758789,114.535,0.568,115.082,72.009,1
1784729070,590439697,109.328,0.673,109.974,61.57,1
1784729070,657119873,108.832,0.72,109.529,66.235,1
1784729070,723799561,109.284,0.678,109.94,67.087,1
1784729070,790478516,118.79,0.679,119.454,76.193,1
1784729070,823817871,144.972,0.657,145.608,59.494,1
1784729070,857157227,153.672,0.78,154.437,42.166,1
1784729070,890496338,165.31,0.749,166.032,44.935,1
1784729070,957174072,143.343,0.884,144.211,44.853,1
1784729071,23851807,125.125,0.608,125.713,48.188,1
1784729071,57194580,143.755,0.566,144.3,51.933,1
1784729071,123879639,120.595,0.645,121.217,43.603,1
1784729071,190564209,118.169,0.776,118.924,64.386,1
1784729071,223906494,139.852,0.756,140.596,55.011,1
1784729071,290590332,130.644,1.43,132.066,58.139,1
1784729071,323931885,130.871,0.806,131.65,32.941,1
1784729071,390614990,122.356,0.594,122.928,57.969,1
1784729071,457297607,114.621,0.717,115.321,59.071,1
1784729071,523979492,111.755,0.706,112.438,63.799,1
1784729071,590660889,112.396,0.991,113.218,67.464,1
1784729071,657341797,108.967,0.844,109.796,63.252,1
1784729071,724022217,108.944,0.646,109.602,66.461,1
1784729071,790702148,123.845,1.014,124.858,81.942,1
1784729071,824041992,146.183,0.746,146.91,55.414,1
1784729071,890720947,135.73,1.216,136.925,56.677,1
1784729071,924060303,159.187,0.588,159.75,56.189,1
1784729071,990738525,134.082,0.577,134.638,41.565,1
1784729072,57499268,121.946,0.8,122.719,54.839,1
1784729072,90920654,134.388,0.677,135.039,45.742,1
1784729072,124342773,142.466,0.674,143.171,41.497,1
1784729072,191187744,158.826,1.406,160.213,83.937,1
1784729072,224610840,165.148,0.655,165.784,39.001,1
1784729072,324882324,133.916,0.749,134.632,69.116,1
1784729072,358306885,144.706,0.579,145.265,44.063,1
1784729072,458583008,111.547,0.571,112.097,67.109,1
1784729072,525435547,112.553,0.567,113.1,67.856,1
1784729072,592289551,113.353,0.756,114.092,67.84,1
1784729072,659145264,114.777,0.653,115.414,68.178,1
1784729072,726002197,111.005,0.56,111.545,62.993,1
1784729072,792860840,111.335,0.579,111.893,67.207,1
1784729072,859720947,115.828,0.628,116.44,71.401,1
1784729072,893151367,131.727,0.917,132.626,49.606,1
1784729072,926582520,150.893,0.664,151.532,52.353,1
1784729072,993445557,125.354,0.65,125.982,41.312,1
1784729073,60210938,112.752,0.611,113.345,54.129,1
1784729073,126880615,111.32,0.704,112.01,65.329,1
1784729073,193549316,110.231,0.619,110.828,65.494,1
1784729073,260217285,115.816,0.99,116.794,72.618,1
1784729073,293551025,136.464,2.029,138.447,54.984,1
1784729073,360217773,141.743,0.601,142.321,70.561,1
1784729073,426883789,124.371,0.683,125.03,49.372,1
1784729073,493549072,109.514,0.587,110.079,51.717,1
1784729073,560213379,110.844,0.565,111.388,67.974,1
1784729073,626876953,111.651,0.559,112.186,67.463,1
1784729073,693539795,106.27,0.539,106.789,61.266,1
1784729073,760201660,107.23,0.645,107.856,67.727,1
1784729073,826863037,127.75,0.708,128.436,87.238,1
1784729073,860193359,147.734,0.558,148.269,53.167,1
1784729073,926853271,129.392,0.679,130.047,48.431,1
1784729073,960182861,145.843,0.808,146.633,49.913,1
1784729074,26842529,124.0,0.824,124.801,44.831,1
1784729074,93600098,118.281,0.611,118.865,60.827,1
1784729074,126979248,128.989,0.635,129.621,44.114,1
1784729074,193739258,111.951,0.618,112.553,49.709,1
1784729074,260500488,115.876,0.811,116.664,70.87,1
1784729074,327263428,109.213,0.679,109.869,59.973,1
1784729074,394028076,118.853,1.361,120.093,76.975,1
1784729074,460793945,112.157,0.621,112.76,59.446,1
1784729074,527561523,109.191,0.685,109.848,63.854,1
1784729074,594330566,107.785,0.958,108.727,65.638,1
1784729074,661101074,109.641,0.715,110.335,68.389,1
1784729074,727873047,109.494,0.68,110.138,66.576,1
1784729074,794646729,114.513,0.733,115.229,71.86,1
1784729074,828034180,151.978,0.709,152.67,70.83,1
1784729074,894810059,126.388,0.859,127.222,41.329,1
1784729074,961587402,111.703,0.622,112.306,51.866,1
1784729075,28365723,108.082,0.623,108.686,63.159,1
1784729075,95052246,108.555,0.551,109.085,67.086,1
1784729075,161738281,109.286,0.578,109.845,67.445,1
1784729075,228423584,108.277,0.56,108.816,65.657,1
1784729075,295108643,115.17,0.659,115.776,73.644,1
1784729075,328450684,129.991,0.84,130.811,48.371,1
1784729075,361792969,140.201,0.832,141.015,43.546,1
1784729075,461818604,108.864,0.638,109.485,68.499,1
1784729075,528501709,116.555,0.771,117.314,74.509,1
1784729075,595184326,110.481,0.544,111.005,60.381,1
1784729075,661866211,110.684,0.623,111.207,66.884,1
1784729075,728547852,108.211,0.66,108.844,64.318,1
1784729075,795228760,110.762,0.738,111.483,69.315,1
1784729075,861909180,116.395,0.685,117.057,72.258,1
1784729075,928589355,113.978,0.624,114.581,64.206,1
1784729075,961928955,137.359,0.862,138.202,56.952,1
1784729076,28608643,122.041,0.864,122.887,51.36,1
1784729076,61951172,127.68,0.632,128.309,38.76,1
1784729076,128635254,109.2,0.756,109.938,48.329,1
1784729076,195319092,108.506,0.618,109.102,65.849,1
1784729076,262002197,110.146,0.609,110.735,68.313,1
1784729076,328685059,109.276,0.572,109.828,65.78,1
1784729076,362026123,128.833,0.658,129.47,52.978,1
1784729076,428708008,108.645,0.563,109.19,46.405,1
1784729076,495389160,111.851,0.579,112.407,69.899,1
1784729076,562070068,108.35,0.57,108.899,63.173,1
1784729076,628750244,108.103,0.572,108.654,66.435,1
1784729076,695429932,107.775,0.657,108.413,66.438,1
1784729076,762108887,110.276,0.581,110.888,69.104,1
1784729076,828787598,120.379,0.658,121.014,76.853,1
1784729076,862126465,128.841,0.584,129.406,41.732,1
1784729076,928804199,120.155,0.739,120.872,58.139,1
1784729076,995481445,113.712,1.072,114.763,60.565,1
1784729077,62162354,112.275,0.701,112.962,64.88,1
1784729077,128845459,122.583,1.753,124.37,78.039,1
1784729077,162187012,130.961,1.029,131.987,40.999,1
1784729077,228869385,119.741,0.788,120.506,55.218,1
1784729077,295551270,110.789,0.631,111.399,57.579,1
1784729077,362232666,108.775,2.248,111.014,66.281,1
1784729077,395572998,121.533,1.103,122.623,44.953,1
1784729077,462253418,109.467,0.618,110.069,54.136,1
1784729077,528933350,121.671,0.737,122.373,78.983,1
1784729077,595612793,115.541,0.727,116.25,60.557,1
1784729077,662291504,112.744,0.675,113.397,63.826,1
1784729077,728969727,111.066,0.566,111.613,64.896,1
1784729077,795647217,117.132,2.023,119.148,74.193,1
1784729077,862324463,120.965,0.793,121.733,69.278,1
1784729077,895662842,140.974,1.028,141.988,53.578,1
1784729077,962338867,117.402,0.557,117.937,42.645,1
1784729077,995677002,135.325,0.793,136.092,51.484,1
1784729078,29015137,142.02,0.601,142.596,39.85,1
1784729078,129043945,112.163,0.593,112.737,70.167,1
1784729078,195729004,106.859,0.659,107.49,61.441,1
1784729078,262413818,111.261,0.626,111.862,71.056,1
1784729078,295755859,143.295,0.725,144.006,65.479,1
1784729078,329097900,161.717,0.577,162.271,51.615,1
1784729078,395781494,169.78,0.686,170.443,74.852,1
1784729078,462464600,139.402,0.81,140.187,36.422,1
1784729078,495805908,159.692,0.616,160.29,53.45,1
1784729078,562488281,135.464,2.773,136.312,42.7,1
1784729078,629170166,118.706,0.635,119.32,49.697,1
1784729078,695851318,114.231,0.574,114.785,62.146,1
1784729078,762532227,116.95,0.88,117.633,69.527,1
1784729078,795872314,150.502,0.798,151.182,66.89,1
1784729078,862552246,123.287,0.62,123.888,39.385,1
1784729078,929231689,117.638,0.553,118.17,60.964,1
1784729078,995910645,116.396,0.568,116.943,65.452,1
1784729079,62592529,109.477,0.597,110.053,59.791,1
1784729079,95934814,123.597,0.725,124.218,47.508,1
1784729079,195960205,109.146,0.854,109.978,85.778,1
1784729079,262643066,109.214,0.843,110.045,66.747,1
1784729079,329325439,109.254,0.987,109.951,66.597,1
1784729079,396007080,113.246,1.118,114.354,71.068,1
1784729079,429347900,122.568,0.652,123.201,42.203,1
1784729079,496028809,114.891,0.716,115.589,59.07,1
1784729079,562709229,109.149,0.693,109.822,60.914,1
1784729079,629388916,111.804,0.571,112.354,69.213,1
1784729079,696068359,108.315,0.587,108.882,63.205,1
1784729079,762747070,113.95,0.559,114.487,72.287,1
1784729079,796086182,141.167,0.648,141.795,60.645,1
1784729079,862764160,141.519,0.583,142.082,66.966,1
1784729079,896103027,132.889,0.644,133.509,24.762,1
1784729079,996118408,111.795,0.669,112.448,78.955,1
1784729080,62799805,112.56,0.676,113.2,67.432,1
1784729080,129485107,112.264,0.668,112.921,66.403,1
1784729080,196169922,112.342,0.557,112.877,66.65,1
1784729080,262854248,112.294,0.658,112.932,66.738,1
1784729080,329537842,113.443,0.691,114.112,67.864,1
1784729080,396221191,119.005,0.827,119.752,72.317,1
1784729080,429562500,124.684,2.043,126.736,40.3,1
1784729080,496244873,115.183,0.655,115.783,55.706,1
1784729080,562926758,110.976,0.668,111.624,62.578,1
1784729080,629608154,110.066,0.562,110.606,65.665,1
1784729080,696289063,109.539,0.64,110.158,66.232,1
1784729080,762969238,111.287,0.565,111.833,68.355,1
1784729080,829649170,141.55,0.706,142.152,96.998,1
1784729080,862988770,153.166,0.783,153.931,45.116,1
1784729080,929667725,121.589,1.744,123.329,36.062,1
1784729080,996346191,115.853,0.875,116.712,60.076,1
1784729081,63106934,109.927,0.921,110.836,60.878,1
1784729081,129951416,111.324,0.614,111.918,67.937,1
1784729081,196797119,112.568,0.66,113.212,68.134,1
1784729081,263644531,112.678,0.661,113.324,66.958,1
1784729081,330493164,111.333,0.61,111.927,65.456,1
1784729081,397343506,114.555,0.671,115.207,70.13,1
1784729081,430769287,133.544,1.129,134.675,52.873,1
1784729081,497621826,117.977,0.549,118.507,50.711,1
1784729081,564476074,117.024,0.573,117.571,65.917,1
1784729081,597903564,122.092,0.563,122.636,38.493,1
1784729081,664760010,116.288,0.815,117.081,61.301,1
1784729081,731617676,115.198,0.609,115.783,65.56,1
1784729081,798477051,134.514,0.759,135.255,86.322,1
1784729081,831907227,158.263,1.272,159.528,57.696,1
1784729081,898768799,137.601,0.694,138.277,45.621,1
1784729081,965632080,120.569,0.659,121.205,49.798,1
1784729081,999064209,126.958,0.734,127.675,39.893,1
1784729082,65830322,126.789,0.778,127.547,66.639,1
1784729082,99165527,160.881,0.822,161.674,67.466,1
1784729082,165835449,123.583,0.778,124.352,29.337,1
1784729082,199169922,151.102,0.874,151.962,60.946,1
1784729082,265838623,141.363,0.702,142.04,56.755,1
1784729082,332506592,118.293,0.751,119.024,43.647,1
1784729082,365840332,132.352,0.71,133.039,47.355,1
1784729082,399173828,151.174,4.003,155.103,55.357,1
1784729082,465840088,134.198,0.77,134.946,46.55,1
1784729082,532505615,120.752,0.585,121.315,53.038,1
1784729082,565838135,129.571,1.97,131.541,43.539,1
1784729082,632502441,114.601,0.574,115.155,50.298,1
1784729082,699166260,106.785,0.569,107.332,58.84,1
1784729082,765828857,110.534,0.576,111.09,70.421,1
1784729082,832490967,121.991,0.645,122.613,78.184,1
1784729082,865821777,130.842,0.771,131.599,42.304,1
1784729082,899152344,146.287,0.585,146.851,48.597,1
1784729082,965812744,125.018,1.125,126.138,45.922,1
1784729082,999142578,139.797,1.585,141.364,48.561,1
1784729083,65850098,116.04,0.674,116.697,42.059,1
1784729083,132605469,109.759,0.691,110.427,60.484,1
1784729083,199362305,107.168,0.634,107.785,64.114,1
1784729083,266120361,114.35,0.817,115.149,74.121,1
1784729083,332880127,124.355,0.822,125.16,76.766,1
1784729083,366260498,141.504,0.58,142.065,50.294,1
1784729083,399641113,160.542,0.682,161.203,52.514,1
1784729083,466403809,147.643,0.951,148.574,54.129,1
1784729083,533167725,131.686,0.702,132.36,50.557,1
1784729083,566550293,146.999,0.712,147.69,48.712,1
1784729083,633316650,140.753,0.703,141.447,60.515,1
1784729083,700084229,128.943,0.703,129.627,54.954,1
1784729083,733468506,142.724,0.642,143.347,47.109,1
1784729083,800238281,128.75,0.695,129.422,52.841,1
1784729083,833623779,143.36,0.701,144.047,48.006,1
1784729083,900395752,120.939,0.669,121.582,44.313,1
1784729083,933782227,144.632,0.578,145.188,56.996,1
1784729084,556396,115.018,0.569,115.567,37.154,1
1784729084,67285400,113.12,0.571,113.673,64.834,1
1784729084,133968750,112.237,1.047,113.164,66.155,1
1784729084,167310547,122.331,0.817,123.131,43.321,1
1784729084,233993164,108.082,0.577,108.64,52.199,1
1784729084,300675293,110.979,0.567,111.526,69.569,1
1784729084,367356934,111.606,0.624,112.212,67.364,1
1784729084,434038086,110.153,0.696,110.829,65.301,1
1784729084,500718506,115.538,0.991,116.536,72.358,1
1784729084,534058594,126.243,0.662,126.887,43.718,1
1784729084,600738281,117.951,0.754,118.686,58.48,1
1784729084,667417236,112.412,0.657,112.972,60.967,1
1784729084,734095947,114.407,0.72,115.082,68.782,1
1784729084,767434814,123.764,0.733,124.48,42.74,1
1784729084,867451172,117.022,0.651,117.653,93.193,1
1784729084,934128174,113.642,0.551,114.172,63.198,1
1784729085,804443,109.982,0.807,110.775,63.273,1
1784729085,67485352,110.497,0.887,111.361,67.271,1
1784729085,134170410,112.299,0.63,112.909,68.234,1
1784729085,200854736,108.375,0.762,109.116,62.889,1
1784729085,267538574,109.412,0.571,109.961,67.532,1
1784729085,334221680,109.364,0.725,110.064,66.783,1
1784729085,400904541,114.853,0.64,115.468,72.087,1
1784729085,434245605,130.427,2.445,132.892,50.723,1
1784729085,500927490,124.142,0.876,125.0,58.826,1
1784729085,534268311,155.746,1.204,156.858,65.199,1
1784729085,600949463,130.143,0.793,130.909,40.736,1
1784729085,634289795,151.551,0.693,152.224,54.658,1
1784729085,700970215,129.774,2.203,131.961,46.372,1
1784729085,767649902,115.41,0.634,116.024,50.79,1
1784729085,834329102,126.195,0.647,126.782,77.437,1
1784729085,867668457,134.045,0.768,134.792,41.349,1
1784729085,934346924,141.737,0.695,142.486,74.291,1
1784729085,967686035,163.074,0.582,163.634,54.569,1
1784729086,34364014,144.639,0.584,145.203,48.247,1
1784729086,101048828,123.707,0.828,124.517,45.986,1
1784729086,134391113,145.167,0.576,145.721,54.559,1
1784729086,201075195,117.312,0.574,117.867,38.83,1
1784729086,267758789,112.995,0.561,113.536,62.353,1
1784729086,334441895,112.385,0.618,112.983,66.13,1
1784729086,401124268,108.878,0.923,109.792,63.48,1
1784729086,467806396,113.99,0.584,114.553,71.453,1
1784729086,534487793,117.653,0.61,118.243,70.372,1
1784729086,567828125,141.55,3.431,144.997,60.058,1
1784729086,634508789,123.457,0.619,124.051,45.771,1
1784729086,667848877,133.259,0.67,133.902,43.189,1
1784729086,734528809,125.754,1.06,126.794,59.544,1
1784729086,767868408,150.261,0.704,150.948,57.516,1
1784729086,834547363,144.642,0.66,145.283,61.019,1
1784729086,901225830,127.078,0.835,127.893,49.289,1
1784729086,934564697,145.152,0.594,145.722,51.17,1
1784729087,1242432,122.877,1.098,123.988,44.904,1
1784729087,67923828,120.754,0.619,121.352,64.083,1
1784729087,134608398,117.836,0.658,118.474,63.808,1
1784729087,201292480,126.708,0.627,127.311,75.521,1
1784729087,234634277,132.826,1.002,133.823,39.818,1
1784729087,301317627,112.353,0.556,112.888,45.785,1
1784729087,368000244,109.199,0.569,109.747,63.541,1
1784729087,434682617,112.824,0.578,113.38,70.316,1
1784729087,501364258,110.971,0.568,111.518,64.82,1
1784729087,568045166,125.822,0.939,126.732,81.89,1
1784729087,601385498,133.57,0.66,134.21,40.818,1
1784729087,634725830,153.381,0.573,153.934,53.068,1
1784729087,701405762,133.991,0.823,134.768,47.502,1
1784729087,734745605,156.732,0.714,157.426,56.007,1
1784729087,801424805,131.532,0.874,132.392,41.638,1
1784729087,868103516,129.398,0.645,130.026,64.317,1
1784729087,968120605,119.166,0.593,119.742,89.736,1
1784729088,1459229,139.0,0.689,139.671,53.266,1
1784729088,34798096,154.653,0.598,155.231,48.902,1
1784729088,101612061,121.135,0.72,121.836,33.414,1
1784729088,168539307,113.309,0.56,113.85,58.947,1
1784729088,235470459,113.225,0.843,113.986,67.063,1
1784729088,302405273,116.751,0.889,117.625,70.57,1
1784729088,369343750,113.151,0.653,113.783,63.105,1
1784729088,436286133,109.319,0.556,109.855,63.014,1
1784729088,503232178,114.851,0.592,115.421,72.511,1
1784729088,536706543,121.014,0.553,121.548,39.602,1
1784729088,603658203,129.597,0.865,130.448,75.835,1
1784729088,637135254,149.41,0.628,150.012,53.056,1
1784729088,704092529,118.851,0.562,119.393,36.34,1
1784729088,771053467,118.965,0.689,119.64,67.201,1
1784729088,838018066,116.173,0.621,116.773,64.104,1
1784729088,904986572,112.238,0.568,112.787,62.982,1
1784729088,971958740,109.215,7.961,117.16,71.339,1
1784729089,38934570,109.542,0.628,110.149,59.971,1
1784729089,105763184,115.241,0.566,115.787,72.465,1
1784729089,139105469,121.801,0.75,122.531,40.082,1
1784729089,205789551,111.411,0.57,111.959,56.118,1
1784729089,272472900,105.387,0.555,105.919,60.644,1
1784729089,339156006,112.047,0.641,112.667,73.429,1
1784729089,372497070,117.928,0.64,118.552,39.222,1
1784729089,439179199,108.92,0.561,109.462,57.598,1
1784729089,505860840,114.439,0.695,115.114,72.329,1
1784729089,539201416,125.188,0.826,125.993,44.213,1
1784729089,605882324,118.951,2.14,120.848,61.505,1
1784729089,639222412,142.138,0.8,142.903,55.433,1
1784729089,705902344,110.351,0.746,111.076,34.856,1
1784729089,772581787,110.962,0.668,111.519,67.123,1
1784729089,839260742,122.065,0.779,122.828,77.979,1
1784729089,872600098,135.643,0.777,136.403,46.913,1
1784729089,905939209,151.275,0.625,151.877,48.825,1
1784729089,972616943,147.344,0.805,148.131,62.93,1
1784729090,39294189,118.271,0.66,119.012,37.457,1
1784729090,105976563,110.081,0.571,110.631,58.405,1
1784729090,172662598,108.503,0.567,109.05,65.105,1
1784729090,239348145,106.48,1.895,108.359,65.992,1
1784729090,306033203,113.2,0.58,113.753,72.083,1
1784729090,339375488,121.937,0.92,122.838,42.419,1
1784729090,406059814,110.855,0.647,111.482,55.336,1
1784729090,472743652,117.503,0.746,118.227,73.428,1
1784729090,506085449,118.884,0.827,119.685,34.799,1
1784729090,572768311,110.807,0.657,111.445,58.443,1
1784729090,639450684,116.926,0.753,117.644,72.88,1
1784729090,672791748,123.667,0.722,124.376,40.068,1
1784729090,739473633,132.923,0.696,133.601,75.909,1
1784729090,772814209,145.62,0.677,146.275,46.02,1
1784729090,839495117,127.966,0.878,128.828,49.222,1
1784729090,872835449,147.248,0.605,147.834,52.358,1
1784729090,939515381,129.449,0.893,130.321,49.151,1
1784729090,972855225,153.803,0.793,154.491,57.519,1
1784729091,39534668,125.44,0.86,126.279,38.472,1
1784729091,106297363,109.447,0.675,110.1,50.586,1
1784729091,173143799,106.836,0.741,107.56,64.303,1
1784729091,239991699,108.726,0.635,109.354,68.633,1
1784729091,306841309,108.678,0.638,109.297,66.804,1
1784729091,373692383,111.82,0.688,112.488,70.035,1
1784729091,407118408,121.223,0.717,121.925,42.861,1
1784729091,473971680,109.31,0.578,109.867,54.805,1
1784729091,540826660,116.219,0.547,116.745,73.734,1
1784729091,607683105,115.138,0.846,115.959,66.062,1
1784729091,641111816,128.591,0.799,129.383,46.842,1
1784729091,674541016,152.572,2.599,155.148,59.203,1
1784729091,741400635,126.015,0.73,126.719,38.438,1
1784729091,808261719,129.528,0.761,130.269,70.403,1
1784729091,841692871,150.068,1.04,150.908,54.051,1
1784729091,908556152,129.88,0.795,130.651,46.62,1
1784729091,975421143,117.147,1.234,118.367,54.584,1
1784729092,8854004,126.323,0.733,127.035,42.108,1
1784729092,109054199,116.649,0.631,117.256,90.422,1
1784729092,142388672,153.016,0.8,153.795,69.874,1
1784729092,209056885,127.661,0.58,128.22,41.095,1
1784729092,309057861,107.061,0.561,107.602,79.384,1
1784729092,375724121,105.562,0.648,106.19,65.254,1
1784729092,442389404,107.853,0.58,108.407,68.884,1
1784729092,509053955,108.325,0.611,108.913,67.17,1
1784729092,575717773,113.871,0.756,114.603,72.339,1
1784729092,609049316,137.721,0.543,138.243,56.987,1
1784729092,675711914,118.995,1.816,120.808,49.203,1
1784729092,709042725,163.221,0.691,163.87,76.415,1
1784729092,775704102,117.259,0.624,117.87,20.652,1
1784729092,842364502,116.466,0.68,117.123,65.922,1
1784729092,909024170,120.767,0.813,121.561,71.091,1
1784729092,975682861,110.054,0.674,110.71,55.815,1
1784729093,42341064,107.53,0.584,108.089,64.038,1
1784729093,109083252,110.682,0.591,111.215,69.869,1
1784729093,175909424,107.282,0.747,108.012,63.619,1
1784729093,242736816,118.535,0.66,119.175,77.992,1
1784729093,276150879,141.028,0.723,141.728,55.968,1
1784729093,309565430,149.009,0.566,149.551,41.239,1
1784729093,376395264,129.406,0.783,130.164,47.435,1
1784729093,409810547,145.041,0.565,145.583,48.841,1
1784729093,476642090,119.039,0.665,119.686,40.928,1
1784729093,576891602,108.35,0.577,108.904,89.475,1
1784729093,643726074,109.659,2.182,111.825,69.75,1
1784729093,710561768,113.552,0.628,114.159,69.175,1
1784729093,743980225,137.024,1.88,138.903,58.137,1
1784729093,810817627,123.799,0.636,124.417,52.371,1
1784729093,844236816,148.494,0.611,149.084,58.092,1
1784729093,911076172,128.837,0.717,129.531,47.284,1
1784729093,944496094,143.86,0.728,144.573,48.46,1
1784729094,11337158,124.905,0.679,125.563,47.831,1
1784729094,44758301,144.182,0.76,144.924,52.774,1
1784729094,111505615,119.932,0.636,120.546,42.381,1
1784729094,144832520,140.538,0.781,141.297,54.073,1
1784729094,211485840,115.764,0.569,116.313,41.675,1
1784729094,278138184,110.89,0.661,111.532,61.87,1
1784729094,344789307,105.781,0.564,106.322,61.442,1
1784729094,411439453,106.813,0.618,107.411,67.738,1
1784729094,478088379,112.656,0.602,113.237,72.475,1
1784729094,511412598,118.828,0.79,119.6,39.674,1
1784729094,578060059,110.385,0.577,110.942,58.003,1
1784729094,644706299,106.9,0.674,107.554,63.258,1
1784729094,711351563,108.74,0.575,109.295,68.386,1
1784729094,777995605,113.104,0.587,113.667,71.016,1
1784729094,811317383,154.666,0.841,155.497,75.142,1
1784729094,877959961,145.241,0.835,146.047,57.201,1
1784729094,944601318,127.659,0.846,128.505,49.074,1
1784729094,977921631,148.489,0.704,149.182,54.016,1
1784729095,44561523,134.267,1.147,135.42,52.85,1
1784729095,77882324,145.577,0.756,146.208,44.144,1
1784729095,144536621,118.368,0.694,119.045,39.482,1
1784729095,211189941,108.282,0.561,108.823,56.443,1
1784729095,277842041,106.296,0.661,106.936,64.765,1
1784729095,344493164,108.164,0.552,108.695,68.411,1
1784729095,411143066,108.434,0.566,108.979,66.933,1
1784729095,477791992,106.999,0.619,107.552,65.222,1
1784729095,544439941,117.304,0.619,117.886,76.98,1
1784729095,577763428,144.266,0.607,144.854,60.293,1
1784729095,644409668,121.603,1.015,122.607,44.385,1
1784729095,677732422,128.774,0.754,129.511,40.235,1
1784729095,744376953,120.753,0.73,121.46,58.596,1
1784729095,777698730,136.613,0.982,137.572,49.42,1
1784729095,844341797,133.271,0.568,133.819,62.908,1
1784729095,910983643,134.445,0.727,135.162,67.973,1
1784729095,977624512,113.554,0.556,114.103,45.58,1
1784729096,44264160,115.703,0.647,116.33,68.88,1
1784729096,77584717,120.144,1.069,121.196,38.172,1
1784729096,144239014,109.525,0.56,110.064,55.538,1
1784729096,210892090,107.332,0.577,107.885,64.475,1
1784729096,277544189,108.576,0.644,109.201,67.967,1
1784729096,344195313,109.473,0.561,110.013,67.464,1
1784729096,410845215,107.112,0.577,107.669,64.305,1
1784729096,477494141,110.792,0.658,111.431,70.41,1
1784729096,544142090,115.193,0.597,115.768,70.985,1
1784729096,577465576,118.901,0.769,119.647,37.187,1
1784729096,644111816,107.493,0.616,108.051,55.067,1
1784729096,710756836,107.594,0.571,108.131,66.725,1
1784729096,777400879,109.366,0.561,109.904,68.417,1
1784729096,844043945,131.373,2.939,134.226,90.963,1
1784729096,877364990,126.677,0.654,127.311,26.409,1
1784729096,944006348,125.483,0.718,126.162,65.485,1
1784729097,10646729,117.553,0.706,118.235,58.719,1
1784729097,43966309,141.957,0.571,142.505,57.59,1
1784729097,110657715,135.934,0.711,136.616,60.797,1
1784729097,144029053,146.61,0.766,147.357,44.116,1
1784729097,244145020,113.627,0.773,114.381,67.139,1
1784729097,310890381,109.071,0.566,109.615,61.981,1
1784729097,377637207,108.002,0.557,108.54,65.671,1
1784729097,444385254,112.749,0.621,113.352,71.558,1
1784729097,511134277,112.174,0.574,112.729,66.128,1
1784729097,577884766,111.202,0.634,111.815,65.837,1
1784729097,644636475,106.971,0.722,107.674,62.609,1
1784729097,711389404,108.393,0.551,108.923,68.004,1
1784729097,778143555,107.679,0.549,108.208,66.038,1
1784729097,844898926,114.922,1.644,116.554,75.092,1
1784729097,878277100,132.314,0.919,133.222,50.042,1
1784729097,945034424,121.465,0.697,122.144,55.685,1
1784729098,11792969,110.179,0.553,110.711,55.333,1
1784729098,78552246,108.944,0.58,109.504,65.553,1
1784729098,145221191,108.831,0.666,109.475,66.639,1
1784729098,211889404,107.851,0.566,108.384,65.578,1
1784729098,278556885,111.856,1.205,113.055,71.318,1
1784729098,311890381,138.275,0.754,139.009,59.306,1
1784729098,345223389,144.292,0.945,145.223,39.533,1
1784729098,411889160,131.803,0.605,132.382,53.84,1
1784729098,478554199,123.909,0.58,124.465,58.75,1
1784729098,545218262,116.872,0.569,117.422,59.62,1
1784729098,611881592,113.688,0.589,114.258,63.498,1
1784729098,678544189,113.567,0.562,114.109,66.516,1
1784729098,745205811,108.915,0.559,109.454,62.007,1
1784729098,811866699,110.828,0.581,111.388,68.594,1
1784729098,845196777,129.592,0.7,130.353,52.207,1
1784729098,878526855,159.45,0.833,160.267,63.32,1
1784729098,945186035,152.019,0.602,152.595,59.0,1
1784729099,11844482,131.279,0.719,131.974,46.033,1
1784729099,45173340,150.597,0.749,151.337,52.685,1
1784729099,111838135,143.524,0.572,144.063,59.403,1
1784729099,178508545,118.786,1.606,120.386,42.973,1
1784729099,211843506,144.389,0.574,144.943,57.912,1
1784729099,278512451,112.181,0.555,112.716,34.443,1
1784729099,345180908,109.142,0.566,109.686,63.638,1
1784729099,411848389,109.621,0.624,110.225,67.206,1
1784729099,478515137,111.22,0.602,111.802,68.244,1
1784729099,545181152,111.195,0.565,111.737,66.602,1
1784729099,578513916,130.504,0.839,131.32,52.908,1
1784729099,645178467,112.802,0.667,113.45,48.799,1
1784729099,711842529,108.314,0.576,108.868,62.085,1
1784729099,778505615,108.323,0.818,109.122,66.915,1
1784729099,845167969,119.121,0.839,119.942,77.48,1
1784729099,878499023,130.183,0.737,130.902,44.29,1
1784729099,911829590,148.276,0.585,148.842,51.275,1
1784729099,978490479,139.744,0.873,140.601,58.416,1
1784729100,11820557,148.265,0.623,148.861,41.594,1
1784729100,78480713,127.556,0.688,128.226,46.019,1
1784729100,111815918,144.986,0.807,145.772,50.882,1
1784729100,178485840,119.241,0.674,119.896,40.793,1
1784729100,245154785,110.652,0.628,111.26,58.041,1
1784729100,311822754,108.729,0.651,109.359,64.767,1
1784729100,378490234,109.069,0.566,109.616,66.925,1
1784729100,445156738,107.856,0.557,108.393,65.443,1
1784729100,511822510,118.528,0.706,119.21,77.482,1
1784729100,545155029,128.13,0.776,128.894,43.006,1
1784729100,578487549,149.811,0.633,150.425,54.873,1
1784729100,645151611,124.978,0.869,125.838,42.062,1
1784729100,711814941,112.218,0.565,112.763,53.606,1
1784729100,778477539,112.289,0.561,112.829,66.727,1
1784729100,845139160,121.31,1.405,122.633,76.451,1
1784729100,878469727,142.485,0.925,143.392,54.101,1
1784729100,945130127,129.822,0.579,130.381,53.653,1
1784729100,978460205,138.162,0.846,139.014,41.93,1
1784729101,45119385,129.592,0.644,130.221,57.894,1
1784729101,111801514,128.913,0.581,129.472,65.939,1
1784729101,145215088,144.819,0.984,145.79,49.718,1
1784729101,212042969,119.066,0.637,119.682,40.73,1
1784729101,278872314,114.006,0.573,114.555,61.706,1
1784729101,345702637,111.583,0.672,112.236,64.511,1
1784729101,412534424,108.761,0.693,109.434,64.03,1
1784729101,479367188,114.146,0.646,114.815,72.17,1
1784729101,546201416,114.282,0.606,114.867,66.929,1
1784729101,579618896,119.872,0.987,120.849,39.382,1
1784729101,646454834,109.278,0.553,109.81,55.816,1
1784729101,713291992,108.387,0.654,108.927,65.953,1
1784729101,780130371,115.113,0.795,115.889,73.798,1
1784729101,813550049,124.38,0.616,124.975,42.506,1
1784729101,880390137,119.188,1.308,120.478,62.337,1
1784729101,947231689,109.55,0.842,110.376,56.739,1
1784729102,14074219,119.926,0.619,120.522,76.996,1
1784729102,47495850,144.875,0.73,145.539,58.44,1
1784729102,114338867,133.312,0.637,133.925,55.228,1
1784729102,147689453,169.211,0.858,170.032,69.456,1
1784729102,214390137,147.971,0.701,148.633,45.306,1
1784729102,281090332,125.818,0.671,126.469,44.529,1
1784729102,347790039,110.441,0.569,110.987,51.225,1
1784729102,414489502,107.118,0.568,107.666,63.378,1
1784729102,481188232,108.599,0.685,109.261,68.292,1
1784729102,547886475,109.46,0.862,110.288,67.724,1
1784729102,614584473,107.334,0.651,107.965,64.378,1
1784729102,681281738,107.834,0.554,108.367,67.1,1
1784729102,747978760,108.042,0.544,108.566,66.897,1
1784729102,814675049,118.704,0.811,119.5,77.616,1
1784729102,848023193,147.363,0.596,147.934,61.795,1
1784729102,914718750,120.294,0.706,120.986,39.739,1
1784729102,948066406,141.007,0.714,141.701,54.067,1
1784729103,14761475,124.983,0.82,125.787,50.777,1
1784729103,81455811,111.381,0.558,111.919,52.834,1
1784729103,148128418,111.779,0.629,112.385,67.138,1
1784729103,214778076,107.012,0.552,107.544,61.81,1
1784729103,281426514,110.978,0.656,111.604,70.708,1
1784729103,348073975,126.063,0.624,126.668,81.709,1
1784729103,414720215,117.237,0.571,117.788,57.768,1
1784729103,481365234,117.235,0.731,117.949,66.804,1
1784729103,548009277,109.861,0.587,110.427,59.123,1
1784729103,614651855,110.442,0.638,110.99,67.207,1
1784729103,681293457,112.035,0.578,112.592,68.244,1
1784729103,747933838,110.242,0.642,110.863,64.911,1
1784729103,814573242,130.586,0.738,131.31,87.077,1
1784729103,847892578,152.51,0.59,153.08,55.099,1
1784729103,914530029,130.033,0.602,130.616,44.173,1
1784729103,981166504,123.724,0.991,124.702,60.705,1
1784729104,47801758,115.058,0.557,115.595,57.547,1
1784729104,147803955,114.382,0.798,115.152,99.554,1
1784729104,181171631,128.009,0.613,128.6,46.819,1
1784729104,247907715,111.499,0.579,112.096,50.196,1
1784729104,314644775,109.376,0.574,109.93,64.609,1
1784729104,381383057,109.179,0.609,109.769,66.577,1
1784729104,448122314,107.923,0.561,108.478,65.434,1
1784729104,514862793,109.116,0.558,109.654,67.931,1
1784729104,581604492,108.993,0.636,109.608,66.695,1
1784729104,648346924,110.631,0.646,111.257,68.393,1
1784729104,715090576,107.429,0.56,107.969,63.456,1
1784729104,781835449,110.559,0.677,111.219,69.988,1
1784729104,815208252,139.785,0.658,140.423,62.582,1
1784729104,848581299,152.221,1.14,153.348,46.29,1
1784729104,915328369,123.457,1.077,124.53,37.917,1
1784729104,982076416,112.366,0.837,113.186,55.423,1
1784729105,48825439,111.093,0.648,111.723,65.285,1
1784729105,82200439,128.716,0.852,129.556,51.196,1
1784729105,115575195,148.438,0.583,148.997,52.832,1
1784729105,182238770,131.676,0.745,132.393,50.057,1
1784729105,215570313,141.142,0.557,141.676,42.618,1
1784729105,315563477,111.311,0.613,111.912,70.217,1
1784729105,382224365,108.957,0.643,109.577,64.337,1
1784729105,448884521,110.35,0.573,110.903,67.986,1
1784729105,515543701,114.74,0.736,115.401,71.157,1
1784729105,582201904,111.265,0.623,111.871,63.125,1
1784729105,615530762,125.23,0.621,125.83,47.289,1
1784729105,682187500,109.611,0.553,110.145,50.974,1
1784729105,748843506,111.059,0.664,111.7,68.209,1
1784729105,815498535,119.609,0.734,120.329,75.279,1
1784729105,848825684,134.697,0.702,135.339,48.34,1
1784729105,882152588,152.804,0.599,153.384,51.375,1
1784729105,948805664,145.242,0.56,145.782,59.052,1
1784729106,15458008,127.741,0.574,128.293,49.164,1
1784729106,48783936,143.019,0.653,143.652,48.683,1
1784729106,115435303,151.366,0.705,152.039,75.038,1
1784729106,182100586,116.236,0.595,116.808,31.436,1
1784729106,248765137,111.769,0.573,112.319,62.176,1
1784729106,315428711,112.314,0.64,112.913,67.257,1
1784729106,382091309,109.901,0.557,110.436,64.186,1
1784729106,448753174,108.885,0.569,109.432,65.658,1
1784729106,515414063,111.952,0.582,112.513,69.741,1
1784729106,582073975,111.405,0.629,111.999,66.145,1
1784729106,648733154,110.591,0.578,111.145,65.807,1
1784729106,715391602,110.845,0.74,111.56,67.067,1
1784729106,748720215,128.25,0.581,128.81,50.583,1
1784729106,848705322,119.211,0.806,119.995,91.17,1
1784729106,882033447,122.585,0.554,123.117,36.452,1
1784729106,948688477,113.884,0.639,114.5,58.037,1
1784729107,15342773,116.961,0.623,117.564,69.718,1
1784729107,48669678,149.395,0.702,150.078,65.834,1
1784729107,115323242,134.059,0.844,134.887,51.455,1
1784729107,148699707,177.468,0.873,178.326,76.816,1
1784729107,215453613,157.503,2.099,159.614,48.012,1
1784729107,282208984,143.971,0.598,144.545,51.73,1
1784729107,348965820,113.117,0.568,113.665,35.877,1
1784729107,415724121,110.143,0.647,110.769,63.861,1
1784729107,482483887,116.429,0.554,116.963,72.955,1
1784729107,549244873,113.668,1.036,114.683,64.478,1
1784729107,616007568,109.894,0.628,110.504,62.584,1
1784729107,682771484,109.72,0.628,110.327,66.589,1
1784729107,749537109,109.235,0.551,109.767,66.205,1
1784729107,816303955,111.36,0.625,111.965,68.963,1
1784729107,883072266,122.635,1.139,123.762,78.547,1
1784729107,916457031,139.591,0.661,140.232,49.874,1
1784729107,949842041,151.111,0.771,151.862,45.014,1
1784729108,16613281,140.514,0.798,141.3,56.204,1
1784729108,83385986,125.671,0.654,126.304,51.78,1
1784729108,116771973,133.625,0.905,134.52,41.585,1
1784729108,150112793,155.801,0.636,156.413,55.253,1
1784729108,250134521,113.918,0.565,114.462,58.072,1
1784729108,316814941,116.508,0.699,117.187,69.401,1
1784729108,383494873,116.193,0.658,116.831,66.328,1
1784729108,450174072,110.038,0.574,110.592,60.44,1
1784729108,516852539,107.982,0.554,108.515,64.602,1
1784729108,583530518,112.499,0.797,113.28,71.437,1
1784729108,650208008,111.531,0.702,112.213,65.615,1
1784729108,716884766,112.113,0.637,112.731,67.195,1
1784729108,783560791,110.837,0.66,111.475,65.419,1
1784729108,850236328,117.433,1.629,119.079,74.243,1
1784729108,916911377,113.002,0.643,113.622,61.257,1
1784729108,983585693,111.906,0.686,112.557,65.61,1
1784729109,50259521,111.236,0.568,111.783,65.899,1
1784729109,116932861,117.759,0.821,118.566,73.446,1
1784729109,183854248,116.423,0.997,117.396,65.752,1
1784729109,217316162,143.398,0.614,143.99,60.066,1
1784729109,284242920,116.774,0.569,117.323,40.259,1
1784729109,351173340,111.503,0.555,112.038,61.646,1
1784729109,418107422,108.647,0.612,109.239,64.135,1
1784729109,485045166,120.991,0.551,121.522,79.222,1
1784729109,518515381,151.477,0.949,152.402,64.342,1
1784729109,585458740,135.579,0.705,136.265,50.81,1
1784729109,618931641,152.681,2.413,155.063,52.266,1
1784729109,685880371,138.683,0.901,139.56,51.447,1
1784729109,752832520,163.965,0.759,164.635,92.033,1
1784729109,786310059,176.672,1.275,177.935,46.756,1
1784729109,886748291,144.772,1.514,146.257,68.767,1
1784729109,920229492,166.921,0.867,167.765,55.001,1
1784729109,987194580,149.343,0.756,150.082,49.271,1
1784729110,20678467,171.072,0.762,171.815,55.229,1
1784729110,87648926,155.356,0.838,156.186,51.33,1
1784729110,120992920,175.685,0.823,176.481,53.653,1
1784729110,187680176,158.983,1.261,160.216,50.416,1
1784729110,254367188,153.351,1.318,154.637,61.088,1
1784729110,321053467,122.465,1.947,124.423,36.46,1
1784729110,387739502,111.848,0.607,112.419,54.721,1
1784729110,454424805,115.639,0.703,116.321,70.581,1
1784729110,521109863,109.841,0.575,110.394,60.765,1
1784729110,587794189,106.756,0.726,107.461,63.75,1
1784729110,654478027,107.481,0.728,108.189,67.413,1
1784729110,721161377,106.41,0.553,106.941,65.435,1
1784729110,787844482,110.652,0.958,111.592,71.328,1
1784729110,854526855,113.301,0.841,114.124,69.215,1
1784729110,921208740,123.141,0.599,123.696,76.26,1
1784729111,21230469,107.97,0.638,108.587,84.912,1
1784729111,87911865,106.129,0.577,106.686,64.781,1
1784729111,154614502,109.291,0.596,109.859,69.876,1
1784729111,221294678,108.354,0.679,109.013,65.833,1
1784729111,287973877,111.308,0.725,111.917,69.581,1
1784729111,321313477,126.019,0.806,126.796,48.217,1
1784729111,387991943,111.575,0.59,112.146,52.033,1
1784729111,454669922,107.03,0.799,107.811,62.341,1
1784729111,521347168,107.259,0.806,108.046,66.913,1
1784729111,588023682,107.993,0.796,108.77,67.401,1
1784729111,654699707,105.815,0.567,106.361,64.268,1
1784729111,721375000,107.092,0.695,107.77,68.081,1
1784729111,788049805,114.913,0.998,115.891,74.79,1
1784729111,821386963,144.472,1.232,145.698,63.133,1
1784729111,888060791,124.511,1.178,125.697,46.655,1
1784729111,921397461,139.397,0.751,140.136,47.802,1
1784729111,988070557,120.29,1.298,121.566,48.083,1
1784729112,21406738,133.57,1.631,135.878,46.974,1
1784729112,54742676,164.204,1.029,165.225,63.37,1
1784729112,121415039,147.521,0.903,148.406,49.865,1
1784729112,154760742,188.759,0.945,189.691,74.625,1
1784729112,221597168,177.183,0.71,177.875,55.025,1
1784729112,321854004,126.405,0.854,127.23,49.611,1
1784729112,355273682,142.719,0.704,143.403,49.599,1
1784729112,422114014,120.484,1.751,122.222,45.651,1
1784729112,455534668,125.578,0.698,126.258,37.458,1
1784729112,522377197,118.344,0.65,118.977,59.566,1
1784729112,589220947,107.612,0.613,108.203,56.073,1
1784729112,656066162,108.092,0.578,108.65,67.294,1
1784729112,722912842,105.778,0.568,106.326,64.522,1
1784729112,789760742,107.192,0.614,107.787,68.307,1
1784729112,856610107,111.201,0.595,111.772,70.837,1
1784729112,923460938,112.775,0.861,113.615,68.689,1
1784729112,990312988,108.092,0.559,108.633,61.875,1
1784729113,57166504,106.424,0.638,107.042,65.262,1
1784729113,124021240,120.79,0.808,121.575,81.38,1
1784729113,190866943,108.945,0.674,109.598,54.878,1
1784729113,257703125,119.967,0.71,120.567,77.804,1
1784729113,324540527,130.311,0.726,131.014,77.279,1
1784729113,357959961,155.48,0.94,156.392,58.793,1
1784729113,424799316,121.143,0.611,121.726,32.185,1
1784729113,491640137,107.774,0.57,108.323,53.438,1
1784729113,558482422,111.592,0.582,112.152,70.67,1
1784729113,625325684,105.557,0.561,106.096,60.788,1
1784729113,692170410,105.031,0.58,105.59,66.339,1
1784729113,759016602,109.238,0.573,109.791,71.046,1
1784729113,825864014,105.937,0.594,106.512,63.564,1
1784729113,892712646,110.524,0.592,111.096,71.436,1
1784729113,926137451,117.694,0.906,118.585,40.898,1
1784729113,992988037,104.986,0.565,105.527,53.81,1
1784729114,59839844,106.6,0.591,107.168,68.493,1
1784729114,126693115,102.601,0.603,103.183,62.868,1
1784729114,193442627,104.144,0.586,104.699,68.266,1
1784729114,260089355,105.483,0.619,106.082,68.028,1
1784729114,326735107,103.717,0.601,104.297,64.861,1
1784729114,393379395,106.507,0.709,107.232,69.54,1
1784729114,426701172,121.634,0.617,122.229,48.359,1
1784729114,493343750,108.302,0.613,108.889,53.304,1
1784729114,559985107,107.353,0.601,107.935,65.686,1
1784729114,626625244,104.004,0.644,104.63,63.334,1
1784729114,693264160,103.062,0.573,103.615,65.625,1
1784729114,759902100,103.033,0.555,103.568,66.591,1
1784729114,826538574,118.163,0.862,119.013,82.072,1
1784729114,859856445,127.791,0.832,128.609,42.909,1
1784729114,926491211,111.717,0.75,112.453,50.482,1
1784729114,993125000,105.65,0.718,106.345,60.536,1
1784729115,59757324,104.052,0.731,104.762,65.051,1
1784729115,126388428,105.975,0.822,106.759,68.625,1
1784729115,193038086,103.589,0.659,104.226,64.118,1
1784729115,259688232,104.215,0.57,104.764,67.189,1
1784729115,326337158,105.55,0.576,106.105,67.988,1
1784729115,392984863,112.086,0.707,112.775,73.311,1
1784729115,426308350,136.612,0.722,137.308,57.857,1
1784729115,492954346,123.277,0.725,123.982,53.322,1
1784729115,526276855,135.928,0.633,136.543,45.884,1
1784729115,592921387,121.906,0.807,122.682,52.782,1
1784729115,626243164,127.809,0.978,128.797,39.402,1
1784729115,692885742,107.263,0.649,107.891,45.777,1
1784729115,759527100,105.576,0.601,106.161,64.908,1
1784729115,826167480,109.816,0.614,110.408,70.888,1
1784729115,892806641,121.788,0.698,122.467,78.691,1
1784729115,926125977,131.775,0.671,132.42,43.28,1
1784729115,959444824,138.169,0.57,138.721,39.621,1
1784729116,59399658,110.316,0.655,110.954,72.184,1
1784729116,126034912,105.013,0.739,105.734,61.413,1
1784729116,192675537,114.343,0.746,115.07,75.979,1
1784729116,259324219,106.583,0.57,107.129,58.713,1
1784729116,325971680,107.937,1.278,109.134,68.651,1
1784729116,392617920,110.606,0.76,111.354,68.855,1
1784729116,425940430,122.869,0.675,123.523,45.497,1
1784729116,492584961,110.056,0.953,110.991,54.116,1
1784729116,559228271,112.885,0.782,113.646,69.301,1
1784729116,625870361,107.61,0.551,108.141,61.139,1
1784729116,692511475,106.467,0.668,107.116,65.615,1
1784729116,759151367,106.69,0.666,107.337,66.861,1
1784729116,825790039,108.307,0.657,108.946,68.246,1
1784729116,859108887,130.799,0.811,131.599,55.956,1
1784729116,892427490,141.869,0.752,142.602,44.337,1
1784729116,992381348,109.403,0.75,110.184,67.482,1
1784729117,59016113,113.259,1.021,114.274,70.76,1
1784729117,125649414,112.611,1.003,113.608,65.945,1
1784729117,192325439,130.304,0.719,131.03,84.111,1
1784729117,225693115,147.454,0.844,148.277,50.641,1
1784729117,292429199,129.931,0.721,130.62,49.078,1
1784729117,325797852,161.213,0.759,161.946,64.699,1
1784729117,392535645,127.994,0.623,128.6,33.389,1
1784729117,425905029,154.858,0.772,155.617,60.377,1
1784729117,492644531,133.367,0.639,133.983,45.119,1
1784729117,526014893,145.54,0.677,146.196,45.584,1
1784729117,592756104,119.495,0.852,120.335,40.866,1
1784729117,659498291,108.262,0.579,108.819,55.241,1
1784729117,726241699,106.636,0.572,107.188,65.111,1
1784729117,792986328,111.531,0.909,112.357,71.903,1
1784729117,859731934,117.673,0.588,118.237,72.637,1
1784729117,926478760,110.166,0.664,110.811,59.315,1
1784729117,993226807,106.269,0.58,106.812,62.754,1
1784729118,59975586,107.112,0.636,107.738,67.662,1
1784729118,126725830,110.531,0.818,111.333,70.349,1
1784729118,193450195,107.072,0.582,107.633,63.033,1
1784729118,260139404,121.411,0.613,122.004,81.058,1
1784729118,293483887,144.216,0.766,144.941,56.28,1
1784729118,326828369,147.2,0.578,147.757,36.163,1
1784729118,393517090,124.484,0.771,125.237,44.165,1
1784729118,460205566,115.984,1.304,117.288,58.724,1
1784729118,493549805,151.617,1.231,152.85,68.902,1
1784729118,560237793,124.191,0.628,124.793,38.655,1
1784729118,626925781,112.855,0.659,113.494,55.39,1
1784729118,693613525,106.185,0.603,106.769,59.962,1
1784729118,760301025,111.64,0.573,112.191,72.111,1
1784729118,826988281,112.011,0.639,112.633,67.124,1
1784729118,860331787,133.291,0.669,133.938,54.651,1
1784729118,893675293,150.766,1.164,151.923,51.302,1
1784729118,960362061,130.317,0.637,130.927,45.719,1
1784729118,993705322,142.455,0.876,143.31,45.725,1
1784729119,60391602,119.453,0.85,120.301,43.652,1
1784729119,93734863,150.03,0.709,150.72,63.786,1
1784729119,160420898,134.424,1.255,135.662,51.617,1
1784729119,193831787,152.611,0.966,153.572,51.311,1
1784729119,260654785,125.817,0.64,126.437,39.709,1
1784729119,327479004,114.07,0.561,114.61,55.001,1
1784729119,394304443,106.514,0.733,107.226,59.439,1
1784729119,461130859,107.535,0.693,108.216,67.806,1
1784729119,527958496,114.835,0.684,115.536,74.118,1
1784729119,561372559,130.173,0.628,130.779,48.698,1
1784729119,594787109,140.478,0.738,141.195,43.826,1
1784729119,661616943,116.318,0.615,116.914,42.549,1
1784729119,728447998,110.09,0.856,110.929,60.843,1
1784729119,795280273,108.514,0.851,109.347,65.249,1
1784729119,862113770,111.341,0.752,112.081,69.565,1
1784729119,928948242,111.243,0.607,111.833,66.6,1
1784729119,995783936,106.13,0.623,106.732,61.736,1
1784729120,62620605,106.354,0.607,106.941,67.047,1
1784729120,129458740,108.327,0.824,109.135,69.022,1
1784729120,196278809,106.613,0.752,107.349,65.039,1
1784729120,263083740,104.593,0.654,105.227,64.686,1
1784729120,329889648,104.567,0.642,105.188,66.768,1
1784729120,396696289,104.108,0.708,104.797,66.416,1
1784729120,463503662,104.69,0.709,105.378,67.386,1
1784729120,530312012,110.779,0.717,111.47,72.901,1
1784729120,563716553,137.961,0.613,138.553,60.488,1
1784729120,630526123,131.403,0.856,132.246,60.487,1
1784729120,663931152,148.121,0.589,148.689,49.867,1
1784729120,730741943,121.513,0.756,122.243,40.36,1
1784729120,797553711,111.284,0.561,111.825,56.398,1
1784729120,864366211,112.792,0.624,113.395,68.383,1
1784729120,931179688,118.309,0.628,118.894,72.312,1
1784729120,997993896,109.71,0.579,110.268,58.189,1
1784729121,64809082,108.007,1.057,109.048,65.58,1
1784729121,131625000,104.215,0.593,104.787,62.567,1
1784729121,198351807,104.88,0.634,105.498,67.436,1
1784729121,264989746,103.446,0.698,104.121,65.266,1
1784729121,331626221,103.302,0.636,103.912,66.429,1
1784729121,398261475,103.608,0.662,104.248,66.969,1
1784729121,464895264,105.267,1.027,106.192,68.567,1
1784729121,531527588,111.268,4.015,115.279,75.714,1
1784729121,564843262,119.72,0.843,120.549,38.591,1
1784729121,631473877,106.816,0.62,107.416,53.509,1
1784729121,698102783,104.273,0.65,104.905,64.118,1
1784729121,764730469,105.326,0.571,105.877,67.601,1
1784729121,831356934,105.902,0.574,106.458,67.207,1
1784729121,897981689,107.273,0.63,107.885,68.051,1
1784729121,964605469,103.898,0.585,104.462,63.201,1
1784729122,31227783,110.109,0.694,110.784,72.944,1
1784729122,97848633,129.147,0.749,129.879,85.709,1
1784729122,131158447,147.28,0.703,147.856,51.294,1
1784729122,197792480,127.259,0.942,128.184,46.951,1
1784729122,231115234,147.914,0.748,148.649,53.787,1
1784729122,297759766,138.007,0.691,138.676,56.684,1
1784729122,364403076,129.07,0.587,129.622,57.59,1
1784729122,397724121,141.749,0.593,142.31,46.01,1
1784729122,464365723,116.524,1.35,117.863,42.18,1
1784729122,564325439,111.494,0.755,112.23,94.338,1
1784729122,597644531,126.803,0.899,127.694,48.773,1
1784729122,664282227,111.114,0.587,111.68,50.635,1
1784729122,730918701,110.147,0.631,110.756,65.712,1
1784729122,797553711,106.988,0.752,107.71,63.586,1
1784729122,864187500,117.419,0.754,118.154,77.076,1
1784729122,930820068,114.681,0.577,115.237,63.722,1
1784729122,997451416,104.733,0.63,105.341,56.736,1
1784729123,64081543,108.97,0.79,109.741,71.023,1
1784729123,130710205,107.001,0.727,107.705,64.595,1
1784729123,197344971,106.663,1.049,107.635,66.56,1
1784729123,263983887,110.241,0.967,111.191,70.199,1
1784729123,330621094,129.338,0.585,129.902,85.354,1
1784729123,397257080,121.898,0.63,122.506,59.239,1
1784729123,463891846,121.986,1.016,123.003,67.105,1
1784729123,530525146,115.607,0.615,116.203,59.859,1
1784729123,597157227,115.853,0.631,116.462,66.893,1
1784729123,630472656,125.851,0.63,126.46,43.313,1
1784729123,697102539,107.804,0.694,108.479,48.648,1
1784729123,763731201,112.841,0.729,113.551,71.7,1
1784729123,830358398,113.55,0.876,114.408,67.48,1
1784729123,896984375,118.818,0.704,119.502,71.722,1
1784729123,930296875,126.756,0.595,127.33,41.142,1
1784729123,996920898,110.977,0.569,111.525,50.821,1
1784729124,63543457,113.233,0.626,113.84,68.937,1
1784729124,130164551,117.486,1.026,118.496,71.27,1
1784729124,163475830,124.084,0.787,124.875,39.668,1
1784729124,230266357,107.763,0.645,108.384,50.329,1
1784729124,297057861,107.04,0.624,107.643,66.05,1
1784729124,363849609,105.86,0.605,106.446,65.594,1
1784729124,430642334,106.296,0.579,106.856,67.203,1
1784729124,497435303,109.522,0.678,110.176,70.113,1
1784729124,564229004,113.739,0.687,114.409,71.021,1
1784729124,631023438,110.868,1.045,111.896,64.273,1
1784729124,664420898,129.281,0.567,129.827,51.344,1
1784729124,697818359,138.717,0.572,139.266,42.836,1
1784729124,798011963,109.908,0.636,110.522,71.45,1
1784729124,864808350,111.7,0.683,112.363,68.635,1
1784729124,931605469,107.628,0.692,108.299,62.727,1
1784729124,998403076,106.331,0.685,106.968,65.471,1
1784729125,65201416,107.575,1.631,109.19,69.015,1
1784729125,132000244,115.56,0.565,116.104,73.723,1
1784729125,198753174,108.683,0.691,109.34,59.989,1
1784729125,265461670,105.367,0.933,106.281,63.639,1
1784729125,332170898,105.84,0.951,106.78,67.207,1
1784729125,398880859,109.895,0.567,110.441,70.383,1
1784729125,465591553,106.63,0.658,107.277,63.534,1
1784729125,532302734,114.666,0.711,115.361,74.803,1
1784729125,632370605,109.486,0.693,110.164,94.869,1
1784729125,665726807,122.658,0.643,123.285,46.478,1
1784729125,732439941,106.976,0.689,107.642,51.07,1
1784729125,799153564,109.917,0.686,110.581,69.656,1
1784729125,865867920,115.96,0.717,116.661,72.785,1
1784729125,899225342,129.977,0.687,130.642,47.345,1
1784729125,932583008,157.45,0.897,158.332,61.044,1
1784729125,999298584,139.608,0.567,140.179,48.547,1
1784729126,66014648,115.45,1.189,116.641,43.163,1
1784729126,99373047,126.464,0.609,127.05,43.806,1
1784729126,166090088,110.663,0.566,111.209,50.877,1
1784729126,232729492,116.109,0.589,116.676,72.106,1
1784729126,266048584,140.776,0.598,141.35,57.993,1
1784729126,332686035,115.75,0.573,116.299,41.586,1
1784729126,366004150,131.655,0.989,132.623,49.633,1
1784729126,399322021,144.823,0.962,145.766,46.463,1
1784729126,465956543,127.372,0.82,128.176,49.039,1
1784729126,499273438,131.907,0.658,132.539,37.691,1
1784729126,565906006,126.739,0.729,127.442,61.532,1
1784729126,599221924,124.618,0.558,125.156,31.037,1
1784729126,665852539,119.611,0.819,120.404,61.869,1
1784729126,699167236,138.174,0.748,138.892,51.806,1
1784729126,799109619,112.366,0.639,112.982,74.036,1
1784729126,832423096,127.016,0.64,127.629,47.962,1
1784729126,899049072,117.706,0.778,118.444,57.433,1
1784729126,932361328,127.765,0.567,128.312,43.189,1
1784729126,998985352,109.922,0.907,110.676,48.974,1
1784729127,65607910,122.015,0.875,122.837,78.787,1
1784729127,132229004,124.58,0.665,125.22,69.011,1
1784729127,165540039,154.557,0.621,155.159,63.251,1
1784729127,232289063,147.412,0.657,148.047,59.639,1
1784729127,299082031,141.063,0.761,141.81,60.545,1
1784729127,332478760,155.95,0.746,156.688,48.272,1
1784729127,399272705,139.855,0.641,140.476,50.597,1
1784729127,466067383,117.515,0.655,118.148,44.463,1
1784729127,499464844,152.142,0.616,152.738,67.989,1
1784729127,566260498,135.533,1.059,136.561,50.615,1
1784729127,599658447,141.999,0.551,142.53,39.372,1
1784729127,699853516,110.835,1.041,111.869,69.517,1
1784729127,733251953,121.824,0.954,122.773,44.298,1
1784729127,800049805,112.753,0.864,113.6,57.641,1
1784729127,833448730,134.831,0.713,135.535,55.325,1
1784729127,866848145,157.669,0.667,158.317,56.194,1
1784729127,933646973,129.534,0.766,130.277,38.759,1
1784729128,446533,119.761,1.076,120.832,57.332,1
1784729128,33846680,125.952,0.65,126.581,39.17,1
1784729128,100647217,110.062,0.547,110.588,50.812,1
1784729128,167448242,111.123,0.822,111.926,68.136,1
1784729128,234207275,106.315,0.575,106.871,61.706,1
1784729128,301072998,108.573,0.61,109.162,69.157,1
1784729128,367941162,124.84,0.723,125.506,83.204,1
1784729128,401376221,146.919,0.571,147.469,55.407,1
1784729128,468248535,127.894,0.714,128.59,47.984,1
1784729128,501685547,145.759,0.599,146.338,51.194,1
1784729128,568561768,116.07,0.585,116.633,37.172,1
1784729128,635440430,116.538,0.652,117.168,67.412,1
1784729128,702322021,113.858,0.908,114.752,64.453,1
1784729128,735763672,129.565,0.934,130.486,49.167,1
1784729128,769206055,163.757,1.27,165.01,67.977,1
1784729128,836092773,159.874,0.676,160.53,62.418,1
1784729128,902982178,132.337,0.715,133.034,39.387,1
1784729129,3321289,107.149,0.648,107.779,75.088,1
1784729129,70217285,104.397,0.887,105.271,64.375,1
1784729129,137115967,112.101,0.647,112.727,74.371,1
1784729129,204017334,105.953,0.666,106.598,60.772,1
1784729129,270903809,105.816,0.797,106.599,66.879,1
1784729129,337778809,102.762,0.909,103.658,63.93,1
1784729129,404656738,104.663,0.628,105.275,68.505,1
1784729129,471537598,110.939,0.731,111.651,73.26,1
1784729129,538421387,104.35,0.615,104.947,60.178,1
1784729129,605307861,111.981,0.613,112.574,74.515,1
1784729129,672197266,105.787,0.573,106.336,60.652,1
1784729129,739089355,110.106,0.737,110.803,71.356,1
1784729129,772536621,122.019,0.629,122.628,45.276,1
1784729129,872882324,117.199,1.449,118.666,96.34,1
1784729129,906332275,121.148,0.597,121.706,36.535,1
1784729129,973234619,109.878,0.694,110.555,55.743,1
1784729130,6686768,118.34,0.602,118.918,41.823,1
1784729130,73593262,106.681,0.571,107.231,55.22,1
1784729130,140502441,106.198,0.683,106.861,66.538,1
1784729130,207414551,108.825,0.758,109.564,69.614,1
1784729130,274169678,102.116,1.243,103.355,60.531,1
1784729130,340792969,101.108,0.559,101.647,64.932,1
1784729130,407414307,105.885,0.795,106.664,71.63,1
1784729130,474034180,102.604,0.726,103.31,63.269,1
1784729130,540652588,102.295,0.655,102.976,66.238,1
1784729130,607269287,108.159,0.659,108.789,72.48,1
1784729130,673884277,109.791,0.569,110.339,68.167,1
1784729130,740497803,102.796,0.668,103.448,59.713,1
1784729130,807109619,112.139,0.717,112.837,76.005,1
1784729130,840415039,136.994,0.602,137.573,58.046,1
1784729130,907024414,128.101,0.846,128.928,57.957,1
1784729130,940328613,144.312,0.582,144.873,49.257,1
1784729131,6935547,118.992,0.609,119.577,41.31,1
1784729131,106843262,105.949,0.559,106.486,86.818,1
1784729131,173446289,118.744,1.302,120.026,80.132,1
1784729131,206747070,123.588,0.686,124.261,37.538,1
1784729131,273362305,111.344,0.565,111.888,54.251,1
1784729131,306674561,125.163,0.604,125.745,47.167,1
1784729131,373298340,109.955,0.57,110.504,51.383,1
1784729131,439920166,102.539,0.575,103.094,59.213,1
1784729131,506540771,104.985,0.753,105.72,69.244,1
1784729131,573159668,103.655,0.566,104.2,65.101,1
1784729131,639776855,103.967,0.611,104.556,66.974,1
1784729131,706392822,104.142,0.564,104.685,66.744,1
1784729131,773006836,104.93,0.551,105.46,67.391,1
1784729131,839619629,127.389,0.871,128.232,89.37,1
1784729131,872925293,129.482,0.717,130.182,35.262,1
1784729131,906230469,141.184,0.761,141.929,45.054,1
1784729132,6144043,117.222,0.767,117.975,75.953,1
1784729132,39447998,125.404,0.76,126.148,41.478,1
1784729132,72751221,143.345,0.89,144.214,51.365,1
1784729132,106054199,154.673,0.568,155.216,44.32,1
1784729132,205960693,125.707,0.852,126.471,71.151,1
1784729132,306118652,110.975,0.607,111.561,85.256,1
1784729132,339539063,135.565,0.68,136.226,58.085,1
1784729132,406381348,116.6,0.708,117.285,47.897,1
1784729132,439802734,136.398,0.644,137.026,53.163,1
1784729132,506646484,126.407,0.597,126.987,56.808,1
1784729132,540068848,145.146,0.987,146.108,52.542,1
1784729132,606914551,115.996,0.733,116.708,37.442,1
1784729132,673761230,109.381,0.575,109.936,60.082,1
1784729132,740609131,113.817,0.672,114.504,71.373,1
1784729132,807458252,112.159,0.559,112.698,65.085,1
1784729132,874308594,122.56,0.793,123.34,77.482,1
1784729132,907734131,146.531,0.742,147.243,57.333,1
1784729132,974586182,124.354,1.028,125.359,44.961,1
1784729133,8012451,138.672,0.643,139.293,47.372,1
1784729133,74866455,111.079,0.571,111.627,39.189,1
1784729133,141721191,110.267,0.612,110.861,66.086,1
1784729133,208577393,117.54,1.249,118.808,74.756,1
1784729133,241996338,143.153,1.355,144.497,59.149,1
1784729133,308762695,119.021,1.18,120.301,42.445,1
1784729133,342145752,142.647,0.622,143.248,56.464,1
1784729133,408912109,121.958,0.737,122.677,46.191,1
1784729133,442295410,132.309,0.664,132.953,43.659,1
1784729133,509062012,117.491,0.662,118.123,51.94,1
1784729133,542445313,119.131,0.692,119.804,35.062,1
1784729133,609212158,108.687,0.68,109.347,56.311,1
1784729133,675979004,104.153,0.622,104.76,62.179,1
1784729133,742746094,101.516,0.63,102.122,64.133,1
1784729133,809513184,115.372,1.165,116.521,81.16,1
1784729133,876280518,123.317,0.691,123.987,74.238,1
1784729133,909664063,146.097,0.655,146.729,56.126,1
1784729133,976431641,117.651,0.855,118.485,38.519,1
1784729134,43199219,104.83,0.553,105.363,53.651,1
1784729134,109966797,102.449,0.572,103.001,64.406,1
1784729134,176734619,113.215,0.576,113.77,77.537,1
1784729134,210118652,116.738,0.763,117.574,37.09,1
1784729134,276797119,106.184,0.69,106.855,56.052,1
1784729134,343385498,100.268,0.612,100.859,60.595,1
1784729134,409971680,112.559,0.614,113.151,78.878,1
1784729134,476555664,104.352,0.578,104.907,58.343,1
1784729134,543137207,103.801,0.841,104.619,66.286,1
1784729134,609716797,104.085,0.798,104.868,66.83,1
1784729134,676293945,106.127,0.574,106.683,68.396,1
1784729134,742869141,105.625,0.68,106.287,66.174,1
1784729134,809441895,112.381,0.745,113.109,73.391,1
1784729134,842727295,122.513,0.75,123.244,43.427,1
1784729134,909296875,134.972,0.643,135.591,78.92,1
1784729134,975864258,119.766,1.074,120.691,51.655,1
1784729135,9146973,139.22,0.719,139.923,52.518,1
1784729135,75710938,118.556,0.763,119.402,45.943,1
1784729135,142272705,119.189,0.601,119.755,67.024,1
1784729135,175552734,124.751,0.677,125.407,38.928,1
1784729135,242113037,107.186,0.697,107.864,49.017,1
1784729135,308945313,110.732,0.707,111.418,70.383,1
1784729135,342362305,120.649,0.66,121.292,43.294,1
1784729135,409197754,109.795,0.652,110.428,55.975,1
1784729135,476035156,104.147,0.572,104.7,61.11,1
1784729135,542874512,109.367,0.578,109.921,72.061,1
1784729135,609716064,105.745,0.637,106.361,63.278,1
1784729135,676559814,105.324,0.66,105.965,66.448,1
1784729135,743405273,104.582,0.742,105.302,66.185,1
1784729135,810252930,105.792,0.66,106.434,67.977,1
1784729135,877102783,111.621,0.899,112.511,72.912,1
1784729135,910528320,137.233,2.096,140.727,60.218,1
1784729135,943954346,142.14,0.682,142.797,36.938,1
1784729135,977381104,149.907,1.477,151.311,41.922,1
1784729136,77664063,107.399,0.55,107.929,56.919,1
1784729136,144521973,108.306,0.607,108.893,67.821,1
1784729136,211381836,110.905,0.567,111.45,69.417,1
1784729136,278146484,104.712,0.687,105.379,60.693,1
1784729136,311481934,118.122,0.653,118.756,46.708,1
1784729136,378153076,109.423,0.659,110.061,57.98,1
1784729136,411488525,115.356,0.73,116.074,39.336,1
1784729136,478159424,106.457,0.644,107.079,57.69,1
1784729136,544830322,104.448,0.583,105.011,64.602,1
1784729136,611501221,105.234,3.56,108.778,70.42,1
1784729136,644836670,116.268,0.84,117.087,41.657,1
1784729136,711507324,101.356,0.554,101.89,51.479,1
1784729136,778178223,101.133,0.574,101.687,66.468,1
1784729136,844848877,111.032,0.585,111.595,76.577,1
1784729136,878184082,131.654,0.595,132.231,53.97,1
1784729136,911519531,145.638,0.61,146.227,47.333,1
1784729136,978189941,115.804,0.798,116.588,37.02,1
1784729137,11525146,153.995,1.171,155.152,71.894,1
1784729137,78195801,139.042,0.913,139.936,51.465,1
1784729137,144866211,117.15,0.602,117.727,44.468,1
1784729137,178201416,130.952,1.64,132.595,48.173,1
1784729137,244872559,132.175,0.886,133.043,67.131,1
1784729137,311610596,118.355,0.577,118.904,52.617,1
1784729137,378371826,122.058,0.689,122.73,70.581,1
1784729137,411752197,136.853,0.626,137.459,48.114,1
1784729137,478513428,120.77,0.947,121.702,50.989,1
1784729137,511894043,137.979,0.749,138.715,50.396,1
1784729137,578655273,111.239,0.723,111.947,39.996,1
1784729137,612036133,129.387,1.759,131.143,52.56,1
1784729137,645416748,146.01,0.707,146.7,48.959,1
1784729137,712177979,119.138,0.649,119.768,39.831,1
1784729137,778939453,111.486,0.664,112.136,59.125,1
1784729137,845700928,118.889,0.827,119.692,74.322,1
1784729137,879081543,145.77,0.639,146.386,60.076,1
1784729137,945843262,123.836,0.817,124.527,44.903,1
1784729137,979223877,142.87,1.702,144.553,53.406,1
1784729138,45985596,140.118,0.636,140.731,62.942,1
1784729138,112747314,109.689,0.626,110.296,36.327,1
1784729138,179508789,106.534,0.571,107.081,63.548,1
1784729138,246270508,112.601,1.475,114.138,73.726,1
1784729138,279651611,146.161,1.092,147.221,66.55,1
1784729138,346405518,132.1,0.575,132.65,52.189,1
1784729138,379780029,148.088,0.769,148.833,49.549,1
1784729138,446529053,115.623,0.861,116.462,34.38,1
1784729138,513278076,114.708,1.062,115.765,66.038,1
1784729138,546652588,118.66,0.676,119.316,36.939,1
1784729138,613401367,103.482,0.656,104.117,51.557,1
1784729138,680150146,102.825,1.091,103.92,66.513,1
1784729138,713524414,110.737,0.58,111.298,40.79,1
1784729138,780272705,109.759,0.835,110.57,66.015,1
1784729138,813646973,122.43,1.022,123.448,46.228,1
1784729138,880395264,122.78,0.661,123.419,66.75,1
1784729138,913769287,143.773,0.595,144.349,54.301,1
1784729138,980517578,135.377,0.752,136.106,58.505,1
1784729139,47265381,121.758,0.675,122.408,53.048,1
1784729139,80639404,143.963,0.555,144.497,55.468,1
1784729139,147387207,125.495,0.793,126.262,48.511,1
1784729139,180760986,143.058,0.596,143.629,50.742,1
1784729139,247508545,114.795,0.897,115.798,38.783,1
1784729139,314232910,102.819,0.748,103.546,54.605,1
1784729139,380806152,103.152,0.691,103.823,66.852,1
1784729139,447376953,101.719,0.791,102.49,65.237,1
1784729139,513945313,104.757,0.799,105.541,69.615,1
1784729139,580511230,102.867,0.556,103.403,64.433,1
1784729139,647074707,103.79,0.566,104.335,67.496,1
1784729139,713635498,110.314,0.598,110.892,73.116,1
1784729139,746915039,115.474,0.812,116.268,38.644,1
1784729139,813472168,108.087,0.742,108.807,59.108,1
1784729139,880026855,118.02,0.704,118.696,76.442,1
1784729139,913303223,125.39,1.025,126.416,40.972,1
1784729139,979854248,106.424,0.665,107.067,47.226,1
1784729140,13128662,124.984,0.88,125.853,52.056,1
1784729140,79676025,111.752,0.657,112.388,53.085,1
1784729140,112948730,130.508,0.685,131.176,52.061,1
1784729140,146220703,147.735,0.579,148.293,50.394,1
1784729140,212762939,122.642,0.698,123.324,41.571,1
1784729140,279302734,111.326,0.79,112.098,55.315,1
1784729140,345955322,111.533,0.712,112.225,66.781,1
1784729140,379281250,118.645,1.03,119.662,40.746,1
1784729140,445933350,104.77,0.554,105.301,52.308,1
1784729140,512584717,108.049,0.665,108.688,70.036,1
1784729140,579236084,104.832,0.575,105.387,63.352,1
1784729140,645886719,104.597,0.622,105.2,66.464,1
1784729140,712537354,104.084,0.677,104.741,66.192,1
1784729140,779187256,106.093,0.799,106.875,68.781,1
1784729140,845837158,115.752,0.687,116.42,76.193,1
1784729140,879161865,129.428,0.68,130.096,46.997,1
1784729140,912486328,151.541,0.629,152.148,55.384,1
1784729140,979135498,123.897,0.635,124.511,39.011,1
1784729141,79108154,115.012,0.811,115.807,91.257,1
1784729141,112432373,143.382,0.805,144.169,61.696,1
1784729141,179080078,128.997,1.191,130.29,52.636,1
1784729141,245727783,117.727,1.061,118.777,55.25,1
1784729141,312346924,104.645,0.575,105.2,53.063,1
1784729141,378935059,105.666,0.559,106.203,67.592,1
1784729141,445520752,104.886,0.731,105.595,65.977,1
1784729141,512104248,113.74,0.636,114.355,75.343,1
1784729141,578685547,105.913,0.653,106.546,58.772,1
1784729141,645264648,108.299,0.62,108.896,68.929,1
1784729141,711841553,105.166,0.564,105.709,63.39,1
1784729141,778416260,111.713,0.58,112.269,73.134,1
1784729141,844988525,120.855,1.05,121.896,76.176,1
1784729141,878273926,144.764,0.736,145.482,56.893,1
1784729141,944843018,114.326,0.553,114.857,35.947,1
1784729142,11409912,115.694,0.768,116.445,68.151,1
1784729142,77974365,135.746,0.65,136.355,86.479,1
1784729142,111255859,152.366,0.798,153.153,50.068,1
1784729142,177817139,167.091,0.646,167.714,81.13,1
1784729142,244375977,146.694,0.553,147.225,46.074,1
1784729142,310951172,118.553,0.718,119.257,38.598,1
1784729142,377539063,108.696,0.582,109.258,56.597,1
1784729142,444124756,107.438,0.572,107.989,65.317,1
1784729142,510708252,115.658,0.584,116.221,74.815,1
1784729142,543999023,142.703,0.713,143.393,60.461,1
1784729142,610579102,118.276,0.666,118.923,42.109,1
1784729142,643868408,122.005,0.77,122.761,37.113,1
1784729142,710445068,113.323,0.631,113.933,57.765,1
1784729142,777019775,109.362,0.575,109.918,62.56,1
1784729142,843592041,113.1,0.881,113.971,70.613,1
1784729142,910161865,115.908,0.661,116.55,69.161,1
1784729142,976729736,109.368,0.619,109.968,59.986,1
1784729143,43295410,111.059,0.745,111.784,68.379,1
1784729143,109858643,114.805,0.563,115.345,70.129,1
1784729143,143139648,135.135,1.233,136.347,54.257,1
1784729143,176419922,148.613,0.675,149.26,46.215,1
1784729143,242978760,129.685,0.84,130.448,47.732,1
1784729143,276258789,157.969,0.693,158.636,61.482,1
1784729143,309594727,177.881,0.665,178.515,53.218,1
1784729143,376266846,154.226,1.168,155.318,43.469,1
1784729143,442938965,141.071,0.66,141.7,53.06,1
1784729143,509611084,129.118,1.198,130.276,55.237,1
1784729143,542947021,143.233,0.584,143.794,46.865,1
1784729143,609619141,127.196,0.906,128.112,50.951,1
1784729143,642955078,153.356,0.996,154.47,59.58,1
1784729143,709626953,114.773,0.679,115.432,27.786,1
1784729143,776298828,114.488,0.599,115.067,66.307,1
1784729143,809635010,156.687,2.092,158.766,77.015,1
1784729143,876306885,125.457,0.76,126.188,34.11,1
1784729143,909642822,137.105,0.642,137.724,44.874,1
1784729143,976314697,116.017,0.603,116.6,45.551,1
1784729144,42986572,110.081,0.614,110.676,60.747,1
1784729144,109658203,112.492,0.591,113.063,69.059,1
1784729144,176330078,114.417,0.661,115.055,68.661,1
1784729144,209666016,131.102,0.589,131.67,49.954,1
1784729144,276337891,120.724,0.651,121.362,56.356,1
1784729144,309681641,148.641,0.583,149.204,61.194,1
1784729144,376369141,123.732,0.829,124.544,42.012,1
1784729144,409713135,130.975,0.748,131.711,40.517,1
1784729144,476401123,119.721,0.682,120.391,55.365,1
1784729144,509745361,135.486,0.957,136.418,49.367,1
1784729144,543089355,143.098,0.583,143.661,40.601,1
1784729144,643122314,112.534,0.569,113.082,69.455,1
1784729144,709811279,116.246,0.641,116.818,70.424,1
1784729144,743155762,120.439,0.623,121.041,37.566,1
1784729144,809845215,114.102,0.878,114.963,60.598,1
1784729144,843189941,125.166,1.165,126.306,44.696,1
1784729144,909879639,127.369,1.032,128.379,68.764,1
1784729144,976569580,114.684,0.607,115.27,53.587,1
1784729145,43259766,110.882,0.589,111.453,62.873,1
1784729145,109950195,112.407,0.619,113.005,68.242,1
1784729145,176640869,120.599,0.638,121.216,74.9,1
1784729145,209986328,131.157,0.579,131.717,43.848,1
1784729145,276677246,119.814,0.838,120.631,55.598,1
1784729145,310106934,131.671,1.363,132.891,45.659,1
1784729145,376968018,113.645,0.578,114.202,48.211,1
1784729145,443831543,111.792,0.641,112.332,64.994,1
1784729145,510697754,112.618,0.705,113.298,67.832,1
1784729145,544131836,144.166,0.57,144.717,64.852,1
1784729145,611001709,143.291,0.582,143.854,66.007,1
1784729145,677874268,126.447,0.957,127.37,50.378,1
1784729145,711311523,146.4,0.662,147.043,53.117,1
1784729145,778187988,125.985,1.754,127.725,47.548,1
1784729145,811627197,158.314,0.636,158.929,64.656,1
1784729145,878507324,138.435,0.722,139.141,47.089,1
1784729145,911948242,159.617,0.57,160.159,54.466,1
1784729145,978832275,138.928,0.755,139.671,46.386,1
1784729146,45718994,126.373,0.829,127.207,54.399,1
1784729146,79163086,141.396,0.822,142.218,48.467,1
1784729146,146053467,114.326,0.981,115.289,39.977,1
1784729146,212946533,120.272,0.598,120.847,72.455,1
1784729146,246393799,138.858,0.997,139.84,52.424,1
1784729146,279839600,154.398,1.297,155.691,49.291,1
1784729146,346458252,129.431,0.662,130.063,41.011,1
1784729146,379767090,148.466,0.709,149.155,52.402,1
1784729146,446383301,129.309,1.735,131.06,48.479,1
1784729146,479690674,141.223,0.783,141.987,44.274,1
1784729146,546304199,128.693,0.79,129.46,54.086,1
1784729146,579610352,148.929,0.583,149.491,53.34,1
1784729146,646221436,139.744,0.629,140.353,57.473,1
1784729146,712830811,112.999,0.575,113.553,39.81,1
1784729146,779438477,118.534,1.905,120.503,73.465,1
1784729146,846044189,116.473,0.768,117.174,63.362,1
1784729146,879346436,128.376,0.718,129.075,45.202,1
1784729146,945949707,115.927,0.564,116.471,54.009,1
1784729147,12551514,111.422,0.551,111.953,62.083,1
1784729147,79151367,116.016,0.858,116.861,71.498,1
1784729147,145749512,116.641,0.666,117.287,67.032,1
1784729147,212345947,151.812,0.745,152.54,101.839,1
1784729147,278941650,128.729,0.642,129.351,43.417,1
1784729147,345559570,115.188,0.555,115.722,52.993,1
1784729147,412175537,116.488,0.593,117.059,67.951,1
1784729147,478789795,111.419,0.696,112.093,61.648,1
1784729147,545402344,112.655,0.559,113.192,67.713,1
1784729147,578708008,131.61,0.816,132.387,52.5,1
1784729147,645317871,114.68,0.57,115.229,49.453,1
1784729147,711926270,112.85,0.804,113.635,65.012,1
1784729147,778532715,113.55,0.642,114.175,67.145,1
1784729147,845137451,119.283,0.568,119.828,72.26,1
1784729147,878439209,125.277,0.551,125.807,39.281,1
1784729147,945041504,116.449,0.58,117.008,57.804,1
1784729148,11641846,109.542,0.847,110.37,59.961,1
1784729148,78240479,110.582,0.702,111.186,67.416,1
1784729148,144837402,114.231,0.579,114.791,70.201,1
1784729148,211432617,117.747,3.37,121.115,72.9,1
1784729148,278027100,130.149,0.774,130.911,76.397,1
1784729148,311396240,155.264,0.639,155.88,58.352,1
1784729148,378135254,129.84,0.696,130.52,41.368,1
1784729148,444875732,119.196,0.611,119.786,56.017,1
1784729148,511617676,116.194,0.629,116.803,63.757,1
1784729148,578360840,111.764,0.687,112.431,62.37,1
1784729148,645105713,114.372,0.581,114.933,69.25,1
1784729148,711851807,110.6,0.644,111.224,63.037,1
1784729148,778599365,112.753,0.635,113.366,68.89,1
1784729148,845348389,117.066,0.567,117.614,70.997,1
1784729148,912098877,118.659,0.624,119.264,68.4,1
1784729148,945474854,144.811,0.769,145.561,59.672,1
1784729149,12227295,115.815,0.577,116.368,37.561,1
1784729149,78981445,112.429,0.588,112.996,63.382,1
1784729149,145736816,114.321,0.652,114.953,68.713,1
1784729149,212493652,109.581,0.639,110.201,62.004,1
1784729149,279251221,116.785,0.632,117.396,73.949,1
1784729149,345977539,117.781,2.35,119.041,68.369,1
1784729149,379341064,121.856,0.865,122.698,37.017,1
1784729149,446068604,113.263,0.604,113.846,57.886,1
1784729149,512797363,112.137,0.825,112.943,65.825,1
1784729149,579527100,113.445,0.68,114.104,67.891,1
1784729149,646257813,113.405,0.603,113.988,66.616,1
1784729149,712989502,111.821,0.681,112.481,65.225,1
1784729149,779722168,110.723,0.55,111.252,65.505,1
1784729149,846455811,113.378,0.677,114.034,69.513,1
1784729149,913190430,114.703,0.606,115.292,67.993,1
1784729149,979926025,110.988,0.793,111.757,63.201,1
1784729150,13294189,129.381,0.632,129.995,51.606,1
1784729150,80031250,111.289,0.566,111.835,48.578,1
1784729150,146769287,120.501,0.726,121.134,76.033,1
1784729150,180138672,122.785,0.786,123.553,35.781,1
1784729150,246877930,113.256,0.689,113.924,57.121,1
1784729150,313574707,113.046,0.611,113.635,66.406,1
1784729150,380227783,114.542,0.675,115.197,68.213,1
1784729150,413554199,130.172,0.569,130.72,48.853,1
1784729150,480205811,111.897,0.627,112.505,48.436,1
1784729150,546856445,111.951,0.623,112.555,66.701,1
1784729150,613505859,111.823,0.569,112.372,66.468,1
1784729150,680154297,111.819,0.613,112.411,66.686,1
1784729150,746801514,111.721,0.549,112.249,66.486,1
1784729150,813447754,114.525,0.62,115.123,69.519,1
1784729150,880092773,116.273,0.605,116.858,68.38,1
1784729150,946736816,127.078,0.666,127.719,77.502,1
1784729151,13379883,113.5,0.574,114.053,52.98,1
1784729151,80021729,110.375,0.554,111.005,63.498,1
1784729151,146662354,120.99,1.994,123.022,78.691,1
1784729151,179982422,134.688,0.619,135.285,45.644,1
1784729151,246621582,119.674,0.843,120.491,51.843,1
1784729151,279941406,127.258,0.713,127.962,40.783,1
1784729151,346683838,113.493,0.588,114.158,52.852,1
1784729151,413427734,113.636,0.661,114.278,66.961,1
1784729151,446800049,146.43,0.786,147.205,66.287,1
1784729151,513545654,132.246,1.011,133.245,52.785,1
1784729151,546918945,131.239,0.605,131.821,31.961,1
1784729151,613666504,123.845,0.622,124.441,59.368,1
1784729151,647040771,147.954,0.561,148.494,57.429,1
1784729151,713790283,131.514,0.911,132.433,50.647,1
1784729151,747165283,150.324,0.579,150.88,51.862,1
1784729151,813916748,152.949,0.755,153.686,69.553,1
1784729151,880669189,127.004,0.665,127.647,40.717,1
1784729151,980800293,113.582,0.596,114.159,86.642,1
1784729152,47555908,121.266,0.692,121.879,74.471,1
1784729152,80934082,147.424,0.831,148.233,59.73,1
1784729152,147691650,144.408,0.649,145.038,63.566,1
1784729152,181070801,160.927,0.596,161.502,49.845,1
1784729152,247830078,135.898,1.153,137.02,42.242,1
1784729152,281209473,149.01,0.568,149.557,45.954,1
1784729152,381216797,116.623,0.55,117.151,67.601,1
1784729152,447887451,114.052,0.556,114.588,64.107,1
1784729152,481222412,147.46,0.6,148.038,66.786,1
1784729152,547891846,122.63,0.634,123.245,41.874,1
1784729152,581226318,135.298,0.903,136.189,46.26,1
1784729152,647894531,115.446,0.565,115.991,46.491,1
1784729152,714562012,111.376,0.556,111.912,62.589,1
1784729152,781228760,113.897,0.726,114.605,69.355,1
1784729152,847894531,121.287,0.643,121.912,73.973,1
1784729152,914559814,115.843,0.57,116.392,61.15,1
1784729152,981224121,114.408,0.767,115.159,65.425,1
1784729153,47887695,114.546,0.569,115.097,66.607,1
1784729153,114550293,113.549,0.574,114.103,65.67,1
1784729153,181212158,112.676,0.563,113.218,65.777,1
1784729153,247873535,116.113,0.585,116.677,70.12,1
1784729153,314581787,125.342,0.861,126.216,76.208,1
1784729153,347959717,151.325,0.756,152.06,59.256,1
1784729153,414716797,127.802,0.646,128.425,43.125,1
1784729153,481475342,118.087,1.415,119.486,57.803,1
1784729153,514855225,126.195,0.747,126.918,40.823,1
1784729153,581615967,117.643,0.655,118.278,58.127,1
1784729153,648378174,117.736,0.7,118.419,66.902,1
1784729153,715141846,114.941,0.743,115.664,64.011,1
1784729153,781906982,112.58,0.639,113.198,64.299,1
1784729153,848673828,117.946,1.333,119.281,72.82,1
1784729153,882057617,136.939,0.705,137.622,51.752,1
1784729153,915441895,148.295,0.569,148.84,44.606,1
1784729153,982211670,115.948,0.577,116.505,34.435,1
1784729154,48982666,114.574,0.567,115.121,65.386,1
1784729154,115755371,113.219,0.559,113.757,65.409,1
1784729154,215916992,110.576,0.654,111.21,97.614,1
1784729154,282692383,111.221,0.571,111.773,67.338,1
1784729154,349462646,112.517,0.719,113.216,68.214,1
1784729154,416234619,109.913,1.302,111.2,64.749,1
1784729154,483008301,110.11,0.636,110.726,66.307,1
1784729154,549783936,118.693,0.691,119.36,75.405,1
1784729154,583172119,152.45,0.657,153.089,67.12,1
1784729154,649950195,124.848,0.906,125.765,39.418,1
1784729154,683340088,149.102,0.862,149.949,57.605,1
1784729154,750120605,119.494,0.855,120.327,37.162,1
1784729154,816903076,116.339,0.73,117.048,63.502,1
1784729154,883687256,113.518,2.994,116.501,66.232,1
1784729154,950473145,111.34,0.549,111.87,62.164,1
1784729155,17260986,108.39,0.578,108.948,63.865,1
1784729155,84050293,109.394,0.748,110.125,67.965,1
1784729155,150841309,113.528,0.638,114.146,70.813,1
1784729155,217634277,110.794,0.668,111.44,64.087,1
1784729155,284427979,109.878,0.571,110.427,65.782,1
1784729155,351127197,112.003,0.634,112.616,68.887,1
1784729155,417825928,110.668,0.621,111.266,65.347,1
1784729155,484524658,110.239,0.673,110.892,66.326,1
1784729155,551222900,117.932,1.289,119.225,75.004,1
1784729155,584572021,139.226,0.597,139.798,53.949,1
1784729155,617920898,146.901,0.818,147.7,41.25,1
1784729155,684618652,145.435,0.642,146.057,65.055,1
1784729155,751316162,123.333,0.865,124.193,44.816,1
1784729155,784664795,147.94,0.661,148.583,57.757,1
1784729155,851361816,130.244,0.907,131.132,49.226,1
1784729155,884710205,153.482,0.715,154.246,56.413,1
1784729155,951406738,145.381,0.86,146.224,58.734,1
1784729156,18103271,134.656,1.108,135.745,56.218,1
1784729156,51451172,142.643,0.71,143.334,40.947,1
1784729156,118147217,129.815,0.692,130.489,53.847,1
1784729156,151495117,145.09,0.803,145.871,48.732,1
1784729156,218190430,121.849,0.778,122.599,43.422,1
1784729156,251538086,138.593,0.92,139.499,50.239,1
1784729156,284885986,142.462,0.568,142.999,36.861,1
1784729156,385099121,110.207,0.573,110.76,67.973,1
1784729156,485389160,109.468,0.596,110.04,99.571,1
1784729156,552251465,115.234,0.647,115.86,72.682,1
1784729156,585683350,145.321,0.599,145.899,63.47,1
1784729156,652548340,123.58,0.659,124.215,45.181,1
1784729156,685981445,149.532,0.591,150.099,59.317,1
1784729156,752848877,142.434,0.603,143.013,59.782,1
1784729156,819718262,119.74,0.652,120.371,44.226,1
1784729156,853153564,139.161,0.718,139.959,52.918,1
1784729156,886589355,151.733,0.668,152.327,45.91,1
1784729156,953462158,125.311,0.551,125.843,40.39,1
1784729157,20336670,117.904,0.731,118.617,59.643,1
1784729157,87212891,128.525,0.625,129.128,77.389,1
1784729157,154091064,144.083,0.822,144.891,82.634,1
1784729157,187530762,144.884,0.728,145.59,34.145,1
1784729157,254411377,124.098,0.65,124.7,45.992,1
1784729157,321291992,112.524,0.622,113.124,55.306,1
1784729157,387976074,107.681,0.555,108.217,61.778,1
1784729157,454659912,107.356,0.576,107.913,66.378,1
1784729157,521343018,111.005,0.591,111.571,70.344,1
1784729157,588025635,112.104,0.861,112.949,68.05,1
1784729157,621366699,145.422,0.657,146.057,66.457,1
1784729157,688048340,118.855,0.69,119.528,40.149,1
1784729157,788070068,112.494,0.558,113.031,93.53,1
1784729157,854750488,116.397,0.881,117.174,70.82,1
1784729157,888090576,130.275,1.029,131.338,47.416,1
1784729157,954770020,108.372,0.57,108.92,44.353,1
1784729158,21449219,109.255,0.548,109.783,67.542,1
1784729158,88127686,107.451,0.755,108.187,65.08,1
1784729158,154805664,108.557,0.662,109.186,67.679,1
1784729158,221483154,111.749,0.726,112.46,69.946,1
1784729158,254821533,134.063,0.675,134.723,55.601,1
1784729158,354840332,117.305,1.024,118.35,83.611,1
1784729158,454864258,107.656,0.57,108.206,89.922,1
1784729158,521546387,109.214,0.549,109.744,68.22,1
1784729158,588227539,111.109,0.748,111.838,68.77,1
1784729158,621568115,148.275,0.576,148.829,70.337,1
1784729158,688248779,133.166,0.777,133.915,51.76,1
1784729158,721588623,152.883,0.802,153.667,53.09,1
1784729158,788268555,132.586,0.634,133.201,46.217,1
1784729158,821608154,159.123,0.601,159.708,59.847,1
1784729158,888286865,148.904,0.939,149.83,56.792,1
1784729158,921626221,161.076,0.914,161.974,45.491,1
1784729158,988304199,146.713,0.578,147.271,51.981,1
1784729159,54981689,117.219,0.611,117.808,37.215,1
1784729159,121658447,114.704,0.75,115.423,64.289,1
1784729159,188334961,108.808,0.611,109.397,60.651,1
1784729159,255010742,108.728,0.635,109.271,66.551,1
1784729159,321686279,109.48,0.859,110.052,67.456,1
1784729159,388370117,108.242,0.63,108.852,65.483,1
1784729159,455053467,109.689,0.552,110.222,68.054,1
1784729159,521736084,109.738,0.566,110.282,66.743,1
1784729159,555077393,128.403,0.836,129.134,52.182,1
1784729159,588418457,147.453,6.41,153.969,58.059,1
1784729159,655099854,120.711,1.676,122.194,34.982,1
1784729159,721781006,112.386,0.59,112.954,57.495,1
1784729159,788461426,111.529,0.561,112.068,65.793,1
1784729159,855141357,115.437,0.561,115.978,70.591,1
1784729159,921820801,109.346,0.645,109.966,60.668,1
1784729159,988499512,109.092,0.771,109.775,66.488,1
1784729160,55177734,110.141,0.57,110.687,67.59,1
1784729160,121855469,108.779,0.554,109.312,65.302,1
1784729160,188532471,109.27,0.74,109.989,67.352,1
1784729160,255209229,108.578,1.892,110.461,67.14,1
1784729160,321885498,109.557,0.627,110.164,66.39,1
1784729160,388741211,108.881,0.572,109.419,66.111,1
1784729160,455598389,108.491,0.738,109.21,66.646,1
1784729160,522457275,110.525,0.815,111.322,68.972,1
1784729160,555887451,138.657,0.731,139.368,61.472,1
1784729160,622748779,129.71,1.278,130.995,58.458,1
1784729160,656180176,146.279,0.645,146.903,49.375,1
1784729160,723043945,135.349,1.483,136.751,56.691,1
1784729160,756476563,149.824,0.731,150.537,47.237,1
1784729160,823342773,125.465,0.988,126.449,42.761,1
1784729160,890210693,128.091,0.775,128.839,69.273,1
1784729160,957080322,112.996,0.566,113.54,51.574,1
1784729161,23951660,109.044,0.785,109.769,63.097,1
1784729161,90824707,109.013,0.644,109.636,66.742,1
1784729161,157699219,105.677,0.968,106.623,63.862,1
1784729161,224575439,108.656,0.573,109.209,69.463,1
1784729161,291453369,105.236,0.601,105.815,63.485,1
1784729161,358267822,105.804,0.703,106.486,67.484,1
1784729161,425022217,106.233,0.567,106.779,67.048,1
1784729161,491778320,107.151,0.605,107.733,67.71,1
1784729161,558535645,106.927,0.561,107.464,66.489,1
1784729161,625294434,105.701,0.846,106.528,65.819,1
1784729161,692054688,107.916,1.3,109.198,69.427,1
1784729161,758816650,117.754,1.304,118.8,76.361,1
1784729161,825579590,111.944,0.635,112.505,60.476,1
1784729161,892344238,112.716,0.784,113.48,67.736,1
1784729161,959110352,108.845,0.558,109.38,62.67,1
1784729162,25877930,114.223,0.655,114.854,72.239,1
1784729162,92646729,122.894,0.73,123.606,75.517,1
1784729162,126031738,141.913,0.653,142.544,52.328,1
1784729162,159417236,161.951,0.96,162.916,53.727,1
1784729162,226188965,150.275,0.846,151.113,54.985,1
1784729162,292962158,116.233,0.756,116.971,32.642,1
1784729162,326348877,140.457,0.652,141.091,57.507,1
1784729162,393032227,117.367,0.784,118.132,43.72,1
1784729162,426373535,141.239,0.58,141.793,57.013,1
1784729162,493055908,113.695,0.557,114.231,39.121,1
1784729162,559737793,110.729,0.568,111.277,63.727,1
1784729162,626419189,106.58,0.559,107.119,62.524,1
1784729162,693099854,106.597,0.582,107.157,66.719,1
1784729162,726439941,129.983,0.789,130.758,56.928,1
1784729162,759780029,155.545,0.957,156.408,58.983,1
1784729162,826459473,145.212,0.767,145.964,56.244,1
1784729162,893138672,139.429,0.66,140.021,60.745,1
1784729162,959817139,127.446,0.802,128.233,54.882,1
1784729162,993156006,140.782,0.573,141.335,46.451,1
1784729163,59833740,127.036,0.967,127.987,53.318,1
1784729163,93172363,142.054,0.806,142.835,48.196,1
1784729163,159849121,114.143,0.562,114.686,38.53,1
1784729163,226525391,110.775,0.758,111.513,63.501,1
1784729163,293200928,112.782,0.564,113.327,68.491,1
1784729163,359880615,127.293,0.703,127.981,81.326,1
1784729163,393221924,134.019,2.04,136.05,41.396,1
1784729163,459904053,110.556,0.707,111.242,41.897,1
1784729163,526585449,105.74,0.577,106.296,61.736,1
1784729163,593266602,108.568,0.624,109.173,69.555,1
1784729163,659946777,113.584,0.683,114.248,71.756,1
1784729163,726626709,115.119,0.87,115.98,68.397,1
1784729163,759966309,140.536,1.616,142.141,59.506,1
1784729163,826645264,151.664,3.697,153.383,77.911,1
1784729163,893323730,139.966,0.738,140.695,54.001,1
1784729163,960001465,129.187,0.699,129.87,55.857,1
1784729163,993340088,146.393,0.66,147.03,50.505,1
1784729164,60017090,120.543,1.162,121.711,41.324,1
1784729164,126693359,111.311,0.694,111.983,56.983,1
1784729164,193369141,110.436,0.758,111.209,65.863,1
1784729164,226707031,129.491,1.089,130.581,52.718,1
1784729164,260044434,147.781,0.618,148.452,51.163,1
1784729164,326719727,113.76,0.773,114.446,32.741,1
1784729164,393489014,108.04,0.628,108.647,60.973,1
1784729164,460332275,105.798,0.575,106.353,64.55,1
1784729164,527177246,111.956,0.742,112.68,73.171,1
1784729164,594023682,106.999,0.769,107.751,61.914,1
1784729164,660871582,106.946,0.711,107.634,66.733,1
1784729164,727720947,106.788,0.617,107.38,66.596,1
1784729164,794571777,109.804,2.331,112.127,71.567,1
1784729164,827997803,150.411,0.989,151.4,72.66,1
1784729164,894850830,130.338,1.053,131.377,46.882,1
1784729164,928278076,144.316,0.565,144.859,46.928,1
1784729164,995133301,130.216,0.663,130.833,52.827,1
1784729165,28561523,136.9,0.645,137.525,40.122,1
1784729165,128848633,107.68,0.747,108.408,71.17,1
1784729165,195708496,108.672,0.645,109.296,67.747,1
1784729165,262569824,104.274,0.606,104.859,62.425,1
1784729165,329432617,104.182,0.575,104.725,66.729,1
1784729165,396282715,104.584,0.563,105.128,67.253,1
1784729165,463111572,103.446,0.607,104.032,65.734,1
1784729165,529941650,107.279,0.665,107.922,70.719,1
1784729165,596772949,104.614,0.586,105.181,64.09,1
1784729165,663605469,106.317,0.718,107.013,68.665,1
1784729165,730438965,104.884,0.667,105.531,65.352,1
1784729165,797273926,106.21,0.888,106.954,68.256,1
1784729165,864110107,113.04,0.741,113.761,73.637,1
1784729165,897528564,132.037,0.914,133.01,52.588,1
1784729165,930947510,153.238,1.003,154.219,54.701,1
1784729165,997786133,136.702,0.8,137.466,50.091,1
1784729166,64625977,117.326,0.881,118.189,47.558,1
1784729166,98046143,138.931,0.671,139.581,54.827,1
1784729166,164887939,114.395,0.706,115.078,42.335,1
1784729166,198309082,124.33,0.633,124.943,43.288,1
1784729166,265152588,106.004,0.642,106.623,48.526,1
1784729166,331997314,107.179,0.585,107.744,67.964,1
1784729166,398766357,103.972,0.637,104.577,63.603,1
1784729166,465417236,107.099,0.672,107.75,69.824,1
1784729166,532066895,103.774,0.607,104.36,63.26,1
1784729166,598715332,104.442,0.752,105.175,67.457,1
1784729166,665362549,107.697,0.579,108.256,69.735,1
1784729166,732008789,101.812,0.573,102.36,60.751,1
1784729166,798653809,117.565,0.666,118.212,82.494,1
1784729166,831976074,149.667,0.561,150.207,65.321,1
1784729166,898619385,140.039,0.588,140.604,57.038,1
1784729166,965261719,115.584,0.887,116.455,42.484,1
1784729166,998582520,137.708,0.696,138.381,55.255,1
1784729167,31902832,154.101,0.858,154.949,49.871,1
1784729167,98542969,148.6,1.78,150.384,62.069,1
1784729167,131862549,180.829,0.625,181.433,64.394,1
1784729167,231819580,135.601,0.619,136.201,54.723,1
1784729167,265137939,158.299,0.588,158.866,55.986,1
1784729167,331774170,140.947,0.584,141.51,49.28,1
1784729167,398416504,114.208,0.825,114.994,40.123,1
1784729167,465068848,105.192,0.581,105.745,57.407,1
1784729167,531719727,102.503,0.598,103.079,63.984,1
1784729167,598369629,115.539,0.684,116.207,79.773,1
1784729167,665018555,107.707,0.576,108.263,58.711,1
1784729167,731666260,104.409,0.743,105.077,63.462,1
1784729167,798312988,121.327,0.79,122.068,83.627,1
1784729167,831635986,129.451,0.625,130.058,41.32,1
1784729167,864958496,165.284,0.978,166.24,69.498,1
1784729167,931603027,147.829,1.654,149.474,49.863,1
1784729167,998246338,129.854,1.398,131.276,48.423,1
1784729168,31567627,142.735,1.235,143.554,45.644,1
1784729168,98209473,121.873,0.826,122.695,45.765,1
1784729168,131529785,137.937,0.625,138.538,49.184,1
1784729168,198169922,117.04,0.712,117.734,45.831,1
1784729168,231489502,129.176,0.65,129.804,45.396,1
1784729168,264808838,138.097,0.558,138.634,42.151,1
1784729168,364763916,112.239,0.631,112.85,74.166,1
1784729168,431418457,118.173,0.893,119.056,72.846,1
1784729168,498071777,104.95,0.584,105.514,53.131,1
1784729168,564723877,108.847,0.587,109.413,70.551,1
1784729168,631375244,107.397,0.725,108.102,65.34,1
1784729168,698025391,104.297,0.576,104.852,63.401,1
1784729168,764674316,105.405,0.66,106.046,67.842,1
1784729168,831322510,115.566,1.1,116.756,77.242,1
1784729168,864645996,135.157,1.442,136.605,53.261,1
1784729168,897969482,161.177,13.072,173.119,69.801,1
1784729168,964615234,150.686,0.954,151.624,45.208,1
1784729168,997937744,164.22,1.71,165.713,47.392,1
1784729169,64582275,141.19,0.683,141.854,42.813,1
1784729169,131225342,125.557,0.813,126.349,51.13,1
1784729169,164546631,138.329,0.705,138.962,45.94,1
1784729169,264508789,108.97,0.591,109.539,70.542,1
1784729169,331148682,105.998,0.587,106.564,63.664,1
1784729169,397794189,108.457,0.591,109.029,69.109,1
1784729169,464446533,106.493,0.586,107.057,64.682,1
1784729169,531098145,106.236,0.593,106.807,66.401,1
1784729169,597748291,106.866,0.693,107.539,67.379,1
1784729169,664397705,107.994,0.585,108.558,67.672,1
1784729169,731045654,106.122,0.583,106.685,64.774,1
1784729169,797692871,110.379,0.737,111.1,71.055,1
1784729169,864338623,110.029,0.622,110.635,66.184,1
1784729169,930983643,118.08,0.656,118.746,74.726,1
1784729169,964305664,140.541,0.597,141.118,55.727,1
1784729170,30948730,130.264,0.92,131.163,56.678,1
1784729170,64270020,146.229,0.665,146.872,49.042,1
1784729170,130911377,118.314,0.692,118.998,38.753,1
1784729170,197552002,111.362,0.667,112.004,59.656,1
1784729170,264191162,109.47,0.566,110.012,64.653,1
1784729170,330829590,108.651,0.624,109.253,65.88,1
1784729170,397552246,106.148,0.584,106.711,64.179,1
1784729170,464361084,106.369,0.587,106.919,67.017,1
1784729170,531170898,105.565,0.596,106.125,66.017,1
1784729170,597981689,108.399,0.62,108.997,69.68,1
1784729170,664793213,107.372,0.71,108.06,65.876,1
1784729170,731605469,106.604,0.679,107.262,66.013,1
1784729170,798418945,107.018,0.701,107.693,67.244,1
1784729170,865232910,113.618,0.687,114.312,73.397,1
1784729170,932048096,116.638,0.561,117.179,69.72,1
1784729170,998864014,120.473,0.776,121.219,70.851,1
1784729171,65680908,113.739,0.655,114.377,59.974,1
1784729171,132498779,110.521,0.674,111.171,63.612,1
1784729171,199317383,107.939,0.648,108.57,64.216,1
1784729171,232727051,131.186,0.791,131.956,56.796,1
1784729171,266136963,151.173,0.723,151.88,53.335,1
1784729171,332957275,111.795,1.419,113.192,28.133,1
1784729171,399764160,107.432,0.598,108.01,61.627,1
1784729171,466559814,104.245,0.623,104.846,63.634,1
1784729171,533355957,104.784,0.592,105.352,67.301,1
1784729171,600152832,107.492,5.12,112.382,73.815,1
1784729171,666950439,110.163,0.744,110.893,65.309,1
1784729171,733748535,105.226,0.673,105.879,61.796,1
1784729171,800547363,109.669,0.698,110.347,71.26,1
1784729171,867346924,111.049,2.442,113.136,69.59,1
1784729171,934146973,106.614,0.666,107.259,60.928,1
1784729172,947754,112.188,0.596,112.764,72.307,1
1784729172,67749268,114.233,0.584,114.796,68.833,1
1784729172,134551270,133.613,0.79,134.379,86.382,1
1784729172,167952637,160.344,0.634,160.951,59.976,1
1784729172,234755615,143.499,2.19,145.705,51.518,1
1784729172,301559326,117.857,0.721,118.681,39.689,1
1784729172,368362549,117.897,0.908,118.793,67.023,1
1784729172,401795654,124.92,0.71,125.612,40.268,1
1784729172,468663818,104.069,0.799,104.852,46.109,1
1784729172,535534668,102.354,0.781,102.999,65.023,1
1784729172,602408203,123.185,0.651,123.81,87.682,1
1784729172,669284424,107.131,0.864,107.911,50.976,1
1784729172,736163330,105.302,0.88,106.2,65.132,1
1784729172,803044922,102.774,0.844,103.562,64.271,1
1784729172,869929199,116.381,0.736,117.097,80.426,1
1784729172,936816162,103.735,0.721,104.436,54.23,1
1784729173,3705811,103.55,0.7,104.228,66.683,1
1784729173,70598145,102.089,0.749,102.82,65.482,1
1784729173,137493164,104.309,0.928,105.225,69.288,1
1784729173,170941895,120.364,0.793,121.141,49.375,1
1784729173,271291260,127.693,1.19,128.72,107.923,1
1784729173,304742676,129.026,0.874,129.884,34.615,1
1784729173,338194336,139.508,0.654,140.153,43.718,1
1784729173,404958252,118.217,0.959,119.096,45.708,1
1784729173,438271240,126.093,0.801,126.875,41.093,1
1784729173,504895752,103.634,0.557,104.169,43.93,1
1784729173,571518799,101.143,0.655,101.778,64.232,1
1784729173,638140137,116.013,1.414,117.413,82.239,1
1784729173,671450195,121.874,1.395,123.291,39.163,1
1784729173,738069092,102.378,0.979,103.729,46.706,1
1784729173,804686523,109.064,0.673,109.712,72.993,1
1784729173,871302246,113.071,0.704,113.754,70.655,1
1784729173,904609375,121.013,0.624,121.615,41.171,1
1784729173,971222900,111.818,0.693,112.498,57.489,1
1784729174,37834717,112.385,0.857,113.271,67.343,1
1784729174,71139893,120.856,0.693,121.527,41.606,1
1784729174,137749268,105.968,1.673,107.654,52.703,1
1784729174,204357178,116.707,1.648,118.351,77.323,1
1784729174,270963379,104.636,0.708,105.302,53.572,1
1784729174,337567871,103.869,1.234,105.102,66.389,1
1784729174,404182373,102.571,0.577,103.127,64.66,1
1784729174,470803711,104.7,0.709,105.386,68.876,1
1784729174,537423096,106.751,0.804,107.54,68.767,1
1784729174,604041016,107.1,1.389,108.482,67.545,1
1784729174,670657471,106.094,0.831,106.906,65.059,1
1784729174,737271973,104.106,0.79,104.883,64.592,1
1784729174,803884766,109.858,0.797,110.63,72.361,1
1784729174,837190674,142.307,0.648,142.911,65.59,1
1784729174,903801270,128.958,0.622,129.557,53.259,1
1784729174,937105713,145.282,0.686,145.957,49.695,1
1784729175,3713623,125.414,0.691,126.083,46.74,1
1784729175,37017090,142.521,0.627,143.124,50.348,1
1784729175,103622559,126.589,0.671,127.238,50.72,1
1784729175,136924561,139.916,1.331,141.251,47.29,1
1784729175,203527588,121.528,0.812,122.316,47.691,1
1784729175,270128906,107.727,0.756,108.468,52.743,1
1784729175,336728760,105.315,0.857,106.154,64.29,1
1784729175,403340332,105.936,0.882,106.804,67.258,1
1784729175,469961182,107.106,0.94,108.042,67.852,1
1784729175,536580078,106.353,0.63,106.962,65.557,1
1784729175,603197510,107.136,0.867,107.991,67.63,1
1784729175,669813477,106.876,2.567,107.879,66.496,1
1784729175,736427490,109.675,0.91,110.557,69.313,1
1784729175,803040039,110.646,1.847,112.472,68.525,1
1784729175,869650635,117.306,2.236,119.548,73.66,1
1784729175,969563965,105.32,0.562,105.863,86.26,1
1784729176,36170410,104.428,0.642,104.974,65.718,1
1784729176,102775391,106.787,0.681,107.448,69.078,1
1784729176,169378906,115.159,1.068,116.081,75.23,1
1784729176,202679932,126.101,0.568,126.65,43.878,1
1784729176,269280762,108.068,0.783,108.819,48.757,1
1784729176,335879883,110.034,0.917,110.931,68.718,1
1784729176,402534424,106.448,0.804,107.233,62.954,1
1784729176,469417236,107.85,1.175,109.02,68.654,1
1784729176,536302979,106.124,0.915,107.019,64.9,1
1784729176,603191895,107.806,1.914,109.738,69.576,1
1784729176,670083496,106.974,0.831,107.788,64.97,1
1784729176,736978271,104.906,0.713,105.62,64.716,1
1784729176,803875977,133.562,0.805,134.341,95.634,1
1784729176,837325928,141.934,0.726,142.644,41.751,1
1784729176,904228271,124.068,0.877,124.922,49.185,1
1784729176,937680420,139.693,0.651,140.321,48.855,1
1784729176,971133301,159.944,1.583,161.525,54.636,1
1784729177,38041504,153.525,0.627,154.135,59.536,1
1784729177,104952637,137.478,1.366,138.842,51.58,1
1784729177,138409180,153.535,2.177,155.709,50.337,1
1784729177,205324951,146.24,0.597,146.816,58.05,1
1784729177,272243408,125.371,0.825,126.178,46.273,1
1784729177,305703857,148.171,0.67,148.82,56.11,1
1784729177,372626709,131.983,0.934,132.911,50.99,1
1784729177,406087158,148.773,0.582,149.334,49.908,1
1784729177,472843506,128.153,0.736,128.872,46.283,1
1784729177,506235107,145.535,0.569,146.083,50.614,1
1784729177,573018311,123.395,0.922,124.301,44.99,1
1784729177,606409912,136.898,0.705,137.583,46.681,1
1784729177,673193848,111.642,0.607,112.232,41.433,1
1784729177,739978027,106.244,0.587,106.806,61.362,1
1784729177,806762695,115.118,2.917,118.076,77.99,1
1784729177,840155273,138.23,0.757,138.934,54.305,1
1784729177,906940674,125.739,0.665,126.376,54.234,1
1784729177,940333252,145.348,0.562,145.89,52.908,1
1784729178,7119385,125.546,0.641,126.169,47.063,1
1784729178,40512451,147.042,0.649,147.672,54.894,1
1784729178,107298828,114.88,0.72,115.579,34.691,1
1784729178,174085938,107.236,0.947,108.167,59.365,1
1784729178,207479492,119.835,0.665,120.482,45.721,1
1784729178,274267090,114.903,0.58,115.462,61.772,1
1784729178,307661133,127.173,0.791,127.95,45.874,1
1784729178,341055176,148.993,0.662,149.636,55.084,1
1784729178,407843506,126.933,0.604,127.513,44.668,1
1784729178,441237549,145.912,0.619,146.512,52.394,1
1784729178,508003418,126.112,0.804,126.89,47.138,1
1784729178,541386475,149.555,0.711,150.263,56.742,1
1784729178,608152344,128.741,0.946,129.681,46.18,1
1784729178,641535400,145.363,0.605,145.95,49.674,1
1784729178,708301514,112.63,0.743,113.352,34.166,1
1784729178,775067871,106.251,0.662,106.896,60.313,1
1784729178,841834473,109.938,0.595,110.508,70.379,1
1784729178,875217773,126.412,0.737,127.128,50.001,1
1784729178,908601074,147.063,0.749,147.799,54.043,1
1784729178,975367676,127.937,0.769,128.689,47.665,1
1784729179,8750977,152.77,0.681,153.392,58.088,1
1784729179,75518066,126.296,0.752,127.025,40.4,1
1784729179,142284912,114.713,0.783,115.477,55.215,1
1784729179,209052002,112.997,0.939,113.913,65.202,1
1784729179,242435791,124.954,0.822,125.771,45.232,1
1784729179,275819336,144.751,0.593,145.318,52.95,1
1784729179,342586670,119.82,0.798,120.598,42.042,1
1784729179,409354248,108.061,0.667,108.709,54.885,1
1784729179,476031006,102.441,0.952,103.242,61.2,1
1784729179,542621338,101.581,0.686,102.246,65.603,1
1784729179,609209717,104.234,0.683,104.896,69.238,1
1784729179,675795654,103.405,4.24,107.649,69.307,1
1784729179,709087891,111.848,0.998,112.834,38.501,1
1784729179,775670654,102.104,0.769,102.852,56.606,1
1784729179,842251221,118.459,0.683,119.113,82.842,1
1784729179,875540771,140.777,0.645,141.402,55.578,1
1784729179,942118164,125.141,0.677,125.795,50.972,1
1784729179,975406006,150.269,0.923,151.173,58.651,1
1784729180,41979980,128.637,1.431,130.044,45.445,1
1784729180,75266357,144.797,0.79,145.472,48.731,1
1784729180,141836914,117.6,0.978,118.463,39.556,1
1784729180,208405762,108.053,0.731,108.767,56.874,1
1784729180,241689209,126.034,1.026,127.057,51.552,1
1784729180,308254395,124.054,0.988,125.023,64.547,1
1784729180,341536377,148.298,0.64,148.917,57.187,1
1784729180,408098389,120.396,0.678,121.057,38.695,1
1784729180,474799561,113.142,0.741,113.865,59.515,1
1784729180,541633789,105.119,0.834,105.93,58.893,1
1784729180,608469971,106.065,0.613,106.658,67.568,1
1784729180,675308594,107.563,0.6,108.144,68.326,1
1784729180,742148926,103.644,0.789,104.412,63.104,1
1784729180,808991455,120.833,0.815,121.633,84.055,1
1784729180,842413574,150.337,0.742,151.062,62.859,1
1784729180,909259277,129.4,1.236,130.555,46.316,1
1784729180,942682861,147.258,0.723,147.96,50.853,1
1784729181,9531738,122.066,0.653,122.7,41.589,1
1784729181,76382813,108.276,0.876,109.137,53.283,1
1784729181,143235840,100.742,0.869,101.589,59.31,1
1784729181,210090820,108.554,0.984,109.521,74.788,1
1784729181,276947998,108.474,0.723,109.18,66.509,1
1784729181,310377441,126.344,0.802,127.115,51.361,1
1784729181,377237793,108.462,0.564,109.001,48.759,1
1784729181,444098633,102.735,0.581,103.295,61.155,1
1784729181,510779541,101.439,0.567,101.986,65.372,1
1784729181,577460693,103.4,0.64,104.021,68.716,1
1784729181,644141846,104.06,0.581,104.621,67.281,1
1784729181,710823242,102.303,0.577,102.862,64.921,1
1784729181,777504883,102.719,0.599,103.298,67.118,1
1784729181,844186523,101.238,0.683,101.903,65.284,1
1784729181,910868408,117.69,1.076,118.766,83.518,1
1784729181,944209473,134.541,0.671,135.194,49.798,1
1784729182,10891602,126.641,0.958,127.604,59.063,1
1784729182,44232666,148.962,0.62,149.56,55.327,1
1784729182,110915039,144.77,0.835,145.372,62.494,1
1784729182,177597656,144.904,0.62,145.46,66.771,1
1784729182,244280273,124.577,0.655,125.213,46.431,1
1784729182,277621582,140.664,0.797,141.442,49.565,1
1784729182,344304688,116.644,0.661,117.285,42.536,1
1784729182,410987793,113.549,0.79,114.329,63.712,1
1784729182,444329834,123.941,0.646,124.569,43.595,1
1784729182,510937988,110.094,0.558,110.632,52.674,1
1784729182,544241211,123.179,0.595,123.754,46.425,1
1784729182,577544189,150.264,0.685,150.931,60.474,1
1784729182,644148438,116.395,0.614,116.991,32.667,1
1784729182,710750732,120.411,0.601,120.992,70.605,1
1784729182,744051270,127.721,0.945,128.658,40.945,1
1784729182,810650879,110.441,0.732,111.154,49.114,1
1784729182,843949951,136.315,0.579,136.873,59.022,1
1784729182,910546631,126.146,0.905,127.038,56.75,1
1784729182,943844238,140.923,0.574,141.472,47.743,1
1784729183,10437988,125.071,0.612,125.619,50.74,1
1784729183,43734375,146.648,0.611,147.238,54.914,1
1784729183,110325195,138.337,0.587,138.905,58.258,1
1784729183,176914307,129.113,0.586,129.678,57.363,1
1784729183,210208252,146.767,0.921,147.674,51.276,1
1784729183,243501465,178.532,0.606,179.117,64.751,1
1784729183,310086914,174.864,0.675,175.516,62.984,1
1784729183,376670410,146.659,0.577,147.217,38.285,1
1784729183,443253418,140.465,0.686,141.128,60.49,1
1784729183,510020508,109.3,0.577,109.856,35.5,1
1784729183,576787842,112.152,0.71,112.846,69.753,1
1784729183,610171387,120.681,0.629,121.303,41.825,1
1784729183,676938965,105.468,0.628,106.078,51.559,1
1784729183,743706543,117.103,0.975,118.056,78.726,1
1784729183,777090332,137.291,0.774,138.053,53.394,1
1784729183,843858154,120.803,0.746,121.518,50.239,1
1784729183,877241943,142.932,1.854,144.773,56.63,1
1784729183,944010010,116.868,0.82,117.667,39.667,1
1784729183,977394043,135.497,0.568,136.044,51.769,1
1784729184,44162354,115.357,0.615,115.952,46.676,1
1784729184,77546387,139.128,0.664,139.777,57.203,1
1784729184,144314697,120.989,0.662,121.619,48.616,1
1784729184,177698975,138.933,0.577,139.487,51.253,1
1784729184,244467529,121.813,1.101,122.746,50.008,1
1784729184,277852051,129.269,0.807,130.058,40.702,1
1784729184,344620850,110.377,0.622,110.977,47.701,1
1784729184,411389648,109.293,0.72,109.998,65.785,1
1784729184,444773682,136.532,1.429,137.963,61.327,1
1784729184,544659912,104.452,0.595,105.026,66.978,1
1784729184,611247803,109.587,0.715,110.288,71.836,1
1784729184,677833740,109.91,0.601,110.492,66.801,1
1784729184,744417480,107.872,0.666,108.517,64.61,1
1784729184,810999023,113.962,1.001,114.947,73.005,1
1784729184,844288818,145.364,0.654,146.0,64.347,1
1784729184,877578369,160.859,0.729,161.566,48.852,1
1784729184,944155518,142.513,0.762,143.259,48.272,1
1784729185,10730469,125.453,0.82,126.116,49.437,1
1784729185,44017090,135.273,0.842,136.097,43.253,1
1784729185,143873779,108.233,0.765,108.984,72.751,1
1784729185,210442139,121.068,0.849,121.904,79.483,1
1784729185,243725586,126.822,0.749,127.54,38.928,1
1784729185,310290527,108.626,0.679,109.283,48.309,1
1784729185,376853516,106.304,0.562,106.891,64.126,1
1784729185,443416016,110.863,0.613,111.457,71.172,1
1784729185,476790283,144.824,0.719,145.525,67.44,1
1784729185,543538574,114.0,0.711,114.685,35.907,1
1784729185,610286621,109.772,0.821,110.575,62.632,1
1784729185,677034668,108.894,0.761,109.637,65.819,1
1784729185,743782471,111.904,0.663,112.561,69.659,1
1784729185,810530029,115.582,0.727,116.295,70.485,1
1784729185,843903809,156.972,1.088,157.87,74.954,1
1784729185,910651123,118.069,0.628,118.679,27.558,1
1784729185,977398438,119.734,0.885,120.609,68.667,1
1784729186,44145264,107.069,0.79,107.84,53.992,1
1784729186,110892090,104.427,0.575,104.98,63.888,1
1784729186,177638916,104.807,0.553,105.34,67.108,1
1784729186,244385254,108.154,0.608,108.742,70.147,1
1784729186,311131592,107.351,0.65,107.979,65.984,1
1784729186,377877686,112.586,1.406,113.974,72.731,1
1784729186,411250732,121.659,0.653,122.29,41.697,1
1784729186,477954590,110.956,0.779,111.727,56.129,1
1784729186,511286133,128.799,0.804,129.588,51.195,1
1784729186,577948730,118.663,0.605,119.249,56.33,1
1784729186,611280029,120.826,0.579,121.384,35.471,1
1784729186,677942383,115.41,0.694,116.091,61.364,1
1784729186,744604736,107.138,0.859,107.991,58.545,1
1784729186,811266846,107.867,0.593,108.44,67.133,1
1784729186,877928711,115.211,0.574,115.766,73.988,1
1784729186,944590576,116.316,0.556,116.851,67.748,1
1784729187,11251953,114.664,0.678,115.321,65.128,1
1784729187,44582764,140.984,0.681,141.645,59.656,1
1784729187,111244141,112.949,0.762,113.691,38.709,1
1784729187,177905029,119.534,1.026,120.584,73.51,1
1784729187,211235596,142.936,0.661,143.576,56.364,1
1784729187,277896484,128.141,0.683,128.896,51.889,1
1784729187,311226807,153.728,0.71,154.414,58.937,1
1784729187,377887451,128.812,0.859,129.65,41.897,1
1784729187,411217529,155.328,0.587,155.89,59.576,1
1784729187,477887451,136.068,0.729,136.775,47.551,1
1784729187,511226807,151.364,0.731,152.075,48.642,1
1784729187,577905273,122.29,0.873,123.152,37.743,1
1784729187,644583984,119.377,1.195,120.612,64.084,1
1784729187,677923340,134.261,1.159,135.316,48.104,1
1784729187,744602051,117.823,1.512,119.329,50.673,1
1784729187,777941650,145.205,2.622,147.83,61.836,1
1784729187,811281006,161.151,0.717,161.852,47.385,1
1784729187,877959961,149.825,0.653,150.461,55.289,1
1784729187,944639160,138.271,0.559,138.81,55.033,1
1784729188,11318359,120.049,0.854,120.89,48.742,1
1784729188,44658203,140.095,0.606,140.668,53.135,1
1784729188,111337402,120.77,0.945,121.7,47.696,1
1784729188,144677246,141.926,0.669,142.573,54.227,1
1784729188,211356934,124.296,0.658,124.933,49.034,1
1784729188,244696777,142.697,0.848,143.481,51.889,1
1784729188,311376465,135.938,2.132,138.044,61.236,1
1784729188,344716309,149.785,0.576,150.343,45.652,1
1784729188,411396240,131.916,0.667,132.557,48.892,1
1784729188,478026611,124.665,0.558,125.202,59.278,1
1784729188,511456299,157.504,0.737,158.217,66.441,1
1784729188,578317627,124.033,0.835,124.854,33.487,1
1784729188,645181641,117.545,0.598,118.125,60.147,1
1784729188,712048096,113.592,0.609,114.181,62.924,1
1784729188,778916992,109.595,0.805,110.382,63.066,1
1784729188,845788574,109.885,0.711,110.575,67.069,1
1784729188,879225098,128.796,0.686,129.459,52.316,1
1784729188,912662354,153.451,1.007,154.439,58.412,1
1784729188,979538818,138.362,0.656,138.991,51.437,1
1784729189,46417969,128.713,0.841,129.595,57.418,1
1784729189,79858398,143.004,0.721,143.699,47.606,1
1784729189,146740967,117.252,1.174,118.411,41.588,1
1784729189,213626221,114.582,0.796,115.36,63.838,1
1784729189,280513916,109.203,0.555,109.736,61.271,1
1784729189,347404297,109.677,0.67,110.328,67.481,1
1784729189,414297119,107.248,0.549,107.778,64.344,1
1784729189,481192383,106.064,0.759,106.868,65.917,1
1784729189,547911865,108.621,0.715,109.313,69.232,1
1784729189,581215576,143.025,0.622,143.624,67.614,1
1784729189,647821777,123.03,0.842,123.856,46.827,1
1784729189,681124023,139.399,0.575,139.952,49.411,1
1784729189,714425781,152.696,0.869,153.547,46.886,1
1784729189,781028076,125.229,0.643,125.851,38.917,1
1784729189,880927979,112.719,0.556,113.253,87.303,1
1784729189,947525635,109.938,0.618,110.533,63.877,1
1784729190,14121338,108.221,0.84,109.042,65.097,1
1784729190,80715332,105.12,0.62,105.725,63.279,1
1784729190,147307373,109.251,0.64,109.871,70.743,1
1784729190,213897461,108.005,0.646,108.628,65.347,1
1784729190,280485840,113.198,0.61,113.786,71.746,1
1784729190,313779297,119.272,0.733,119.991,39.49,1
1784729190,380364746,108.697,0.559,109.235,55.839,1
1784729190,446948242,106.295,0.603,106.878,64.227,1
1784729190,513533691,105.707,0.626,106.312,66.016,1
1784729190,580139648,112.832,0.563,113.373,73.67,1
1784729190,613441895,139.42,0.664,140.071,59.994,1
1784729190,680045166,121.279,0.741,121.996,48.529,1
1784729190,713345947,130.085,1.034,131.119,42.393,1
1784729190,779946289,112.717,0.657,113.352,48.869,1
1784729190,846544678,117.683,0.689,118.35,71.597,1
1784729190,879843018,124.777,0.583,125.339,40.288,1
1784729190,946438477,127.06,0.851,127.911,69.148,1
1784729191,13032227,122.421,2.678,125.086,63.758,1
1784729191,46328125,132.511,1.525,134.084,42.239,1
1784729191,112918945,118.253,1.38,119.617,52.198,1
1784729191,146213623,121.124,0.848,121.954,35.627,1
1784729191,212801270,110.944,0.599,111.523,56.173,1
1784729191,246094482,131.337,0.912,132.216,53.977,1
1784729191,279387207,149.462,0.863,150.311,51.386,1
1784729191,345971191,132.247,0.669,132.894,49.174,1
1784729191,379262695,141.584,0.619,142.183,42.583,1
1784729191,445843750,127.611,0.668,128.259,52.655,1
1784729191,479133545,144.716,0.825,145.523,50.554,1
1784729191,545729736,116.382,0.585,116.944,38.019,1
1784729191,612333984,126.068,0.685,126.726,76.389,1
1784729191,645635254,129.791,0.612,130.38,36.953,1
1784729191,745536377,112.125,0.664,112.768,82.291,1
1784729191,812134766,111.66,0.554,112.419,66.025,1
1784729191,878731201,113.087,0.579,113.645,68.046,1
1784729191,945325928,118.386,2.878,121.292,74.189,1
1784729191,978622314,139.925,0.849,140.757,52.803,1
1784729192,11918457,158.651,0.723,159.359,51.896,1
1784729192,78509033,143.965,0.846,144.79,52.032,1
1784729192,145097656,129.09,0.614,129.688,51.484,1
1784729192,178391357,150.833,0.86,151.688,55.278,1
1784729192,211684570,174.247,0.761,174.999,56.61,1
1784729192,278269287,162.674,2.46,165.102,56.683,1
1784729192,344852295,149.472,0.588,150.038,51.539,1
1784729192,411433105,127.841,0.812,128.639,45.168,1
1784729192,478012207,116.743,0.553,117.276,55.23,1
1784729192,544708984,115.608,0.685,116.266,65.687,1
1784729192,611406494,114.464,0.556,114.999,65.431,1
1784729192,678104248,117.958,0.582,118.519,70.216,1
1784729192,711453369,145.351,0.623,145.955,60.784,1
1784729192,778151855,116.116,0.671,116.767,37.509,1
1784729192,844850830,121.073,0.735,121.734,71.664,1
1784729192,878200439,127.393,0.832,128.207,39.821,1
1784729192,944900146,121.843,0.961,122.782,61.271,1
1784729192,978250244,142.852,0.818,143.657,54.228,1
1784729193,44950684,127.428,0.945,128.327,51.367,1
1784729193,78301025,143.645,0.662,144.285,49.319,1
1784729193,145001953,117.433,0.644,118.058,40.472,1
1784729193,211703369,114.69,0.634,115.306,63.951,1
1784729193,278405518,112.313,0.603,112.893,64.289,1
1784729193,345107910,126.142,0.814,126.945,80.738,1
1784729193,378459229,158.545,1.068,159.594,66.007,1
1784729193,445162354,133.317,0.782,134.067,41.175,1
1784729193,511947266,113.334,0.587,113.902,46.631,1
1784729193,578816406,113.029,0.59,113.597,66.564,1
1784729193,645688477,116.297,0.546,116.823,70.099,1
1784729193,712562988,112.36,0.692,113.034,63.076,1
1784729193,746001221,123.005,0.846,123.833,44.237,1
1784729193,812879883,116.627,1.03,117.651,60.68,1
1784729193,846320313,129.306,0.795,130.079,45.89,1
1784729193,913202881,116.543,1.842,118.392,55.173,1
1784729193,980088379,109.298,0.556,109.833,58.354,1
1784729194,46976318,108.528,0.655,109.163,66.217,1
1784729194,113867188,120.827,0.82,121.623,79.341,1
1784729194,147313477,141.459,0.633,142.072,53.905,1
1784729194,214208496,130.425,0.869,131.28,56.093,1
1784729194,247656738,144.779,0.551,145.307,47.487,1
1784729194,314555664,131.022,1.765,132.923,54.332,1
1784729194,381457275,112.882,0.564,113.414,47.576,1
1784729194,448361572,107.065,0.629,107.673,61.163,1
1784729194,515166748,106.613,0.551,107.144,66.276,1
1784729194,581876465,111.026,1.501,112.515,72.07,1
1784729194,648586426,108.832,0.642,109.453,63.655,1
1784729194,715297363,117.107,0.87,117.957,75.209,1
1784729194,748653076,120.446,0.962,121.4,36.791,1
1784729194,815364746,111.64,0.691,112.258,57.584,1
1784729194,882077393,119.548,1.051,120.552,75.002,1
1784729194,948790527,110.243,0.621,110.794,56.962,1
1784729195,15504150,114.884,0.658,115.493,71.411,1
1784729195,48861328,130.656,1.084,131.75,49.57,1
1784729195,82218750,153.449,0.753,154.188,55.828,1
1784729195,148933838,123.92,0.774,124.536,37.073,1
1784729195,215649658,111.561,0.573,112.113,54.296,1
1784729195,282365967,108.337,0.562,108.876,63.481,1
1784729195,349083252,107.581,0.575,108.134,65.975,1
1784729195,415800781,110.079,0.556,110.615,69.198,1
1784729195,482519287,114.59,0.593,115.162,71.266,1
1784729195,515838623,120.131,0.743,120.855,38.999,1
1784729195,582476318,110.315,0.589,110.88,56.676,1
1784729195,649112549,110.789,0.555,111.323,67.079,1
1784729195,715747559,116.63,1.182,117.806,73.097,1
1784729195,749064453,128.709,0.904,129.606,45.123,1
1784729195,815697510,114.081,0.596,114.655,51.695,1
1784729195,882329102,116.93,0.593,117.501,69.478,1
1784729195,948959229,122.009,0.71,122.705,71.821,1
1784729195,982273926,134.292,0.839,135.107,45.712,1
1784729196,15588135,148.49,0.566,149.037,47.262,1
1784729196,82215576,126.189,0.641,126.808,44.4,1
1784729196,115528809,152.309,0.555,152.844,59.349,1
1784729196,182154297,141.132,0.663,141.777,55.553,1
1784729196,248778320,125.209,0.576,125.764,50.616,1
1784729196,282089844,147.311,0.659,147.951,55.497,1
1784729196,348711914,132.726,0.861,133.567,52.225,1
1784729196,382022461,150.856,0.616,151.452,51.21,1
1784729196,448642578,148.046,0.642,148.613,63.781,1
1784729196,515392578,121.186,1.426,122.606,40.719,1
1784729196,548833008,126.049,0.757,126.789,37.642,1
1784729196,615715820,112.804,0.592,113.375,53.473,1
1784729196,682601563,118.26,0.726,118.972,72.476,1
1784729196,716045654,128.51,0.67,129.157,43.632,1
1784729196,749490234,162.513,0.918,163.429,67.698,1
1784729196,816381836,138.12,0.696,138.792,42.274,1
1784729196,849828613,157.024,0.676,157.679,52.337,1
1784729196,916724609,133.358,1.005,134.186,43.396,1
1784729196,983623535,128.5,0.729,129.204,61.915,1
1784729197,50525146,128.777,1.024,129.79,67.481,1
1784729197,83977051,155.357,0.72,156.061,59.73,1
1784729197,150883057,144.765,0.561,146.278,56.158,1
1784729197,217791992,136.334,0.707,137.014,58.615,1
1784729197,251247559,147.78,0.567,148.325,44.77,1
1784729197,318160889,119.08,0.566,119.627,38.214,1
1784729197,385077148,113.777,0.62,114.377,61.666,1
1784729197,451996094,109.543,0.569,110.091,62.633,1
1784729197,518814453,106.956,0.554,107.489,64.217,1
1784729197,585610352,110.463,0.586,111.028,70.334,1
1784729197,652406738,109.436,0.924,110.344,66.105,1
1784729197,752602783,113.181,0.786,113.946,103.805,1
1784729197,786001953,145.28,0.639,145.897,65.351,1
1784729197,852800293,145.461,0.695,146.128,67.026,1
1784729197,886199951,162.981,1.027,163.978,51.244,1
1784729197,952999512,138.681,0.717,139.38,42.208,1
1784729198,19799561,124.517,0.681,125.178,52.601,1
1784729198,53199951,132.098,0.952,133.034,41.237,1
1784729198,120001221,126.551,2.965,129.494,63.274,1
1784729198,186802979,112.61,0.666,113.257,50.57,1
1784729198,220204102,129.755,0.69,130.424,50.564,1
1784729198,253605469,145.379,0.853,146.226,49.189,1
1784729198,320408691,128.491,2.259,130.761,51.313,1
1784729198,353810547,155.024,0.718,155.73,58.403,1
1784729198,420614746,139.731,0.602,140.313,51.4,1
1784729198,487419678,113.179,0.571,113.717,40.21,1
1784729198,554133057,109.334,0.715,110.03,63.019,1
1784729198,587444580,119.98,1.102,120.944,44.22,1
1784729198,654066162,108.047,0.622,108.648,54.337,1
1784729198,720686035,108.331,0.603,108.91,66.883,1
1784729198,787304443,119.423,3.599,123.02,80.691,1
1784729198,820612793,139.634,0.589,140.204,50.529,1
1784729198,887228760,123.88,0.586,124.443,50.856,1
1784729198,920536133,133.116,0.916,134.022,42.862,1
1784729198,987149658,108.1,0.567,108.644,41.259,1
1784729199,53761475,106.79,0.581,107.35,65.318,1
1784729199,120371582,108.886,0.609,109.475,68.735,1
1784729199,186980225,110.519,0.569,111.07,68.204,1
1784729199,253587158,107.349,0.648,107.977,63.514,1
1784729199,320192627,107.22,0.563,107.761,66.39,1
1784729199,386796387,105.856,0.634,106.469,65.31,1
1784729199,453398438,106.312,0.559,106.85,66.984,1
1784729199,520000244,107.142,0.623,107.744,67.496,1
1784729199,586710449,105.586,0.641,106.207,65.172,1
1784729199,653421387,107.592,0.557,108.129,68.634,1
1784729199,720132813,108.911,0.605,109.496,68.075,1
1784729199,786844971,114.819,0.884,115.682,72.891,1
1784729199,820201416,128.694,0.691,129.371,47.049,1
1784729199,886914551,116.528,0.637,117.15,54.493,1
1784729199,920271484,137.516,0.784,138.286,54.492,1
1784729199,953628418,142.483,0.988,143.457,38.528,1
1784729200,20343018,123.43,0.661,124.067,47.327,1
1784729200,53700684,144.932,0.801,145.713,55.007,1
1784729200,120416260,130.767,0.686,131.43,52.431,1
1784729200,153774170,137.138,0.572,137.687,39.618,1
1784729200,220490967,122.57,0.804,123.35,52.376,1
1784729200,253849365,134.207,1.057,135.244,45.244,1
1784729200,287208252,142.473,0.635,143.082,41.207,1
1784729200,353926270,115.81,0.633,116.424,40.061,1
1784729200,420644775,112.048,0.583,112.611,62.907,1
1784729200,487364258,109.589,0.59,110.158,64.267,1
1784729200,554043213,109.916,0.679,110.576,67.088,1
1784729200,587362061,122.459,0.776,123.213,45.963,1
1784729200,653998779,127.231,0.737,127.954,71.369,1
1784729200,687316650,136.529,0.612,137.12,42.494,1
1784729200,753951172,120.286,0.65,120.914,50.426,1
1784729200,787268066,146.511,0.573,147.063,59.469,1
1784729200,820584473,155.526,0.91,156.418,42.664,1
1784729200,887216309,133.762,0.853,134.605,44.813,1
1784729200,920531738,142.398,0.842,143.304,41.924,1
1784729200,987161621,142.58,0.693,143.252,66.676,1
1784729201,20476074,157.345,0.705,158.026,48.088,1
1784729201,87103760,143.557,0.578,144.116,52.721,1
1784729201,153730225,127.739,0.715,128.426,50.931,1
1784729201,187042969,144.033,0.569,144.583,49.475,1
1784729201,253667236,130.065,0.771,130.804,52.831,1
1784729201,286979004,135.642,0.73,138.588,38.867,1
1784729201,353601318,118.549,0.604,119.137,49.412,1
1784729201,420222168,111.249,0.644,111.872,59.36,1
1784729201,486841797,116.382,0.603,116.963,71.71,1
1784729201,520152100,119.72,0.783,120.492,36.823,1
1784729201,587031494,109.095,0.609,109.685,56.087,1
1784729201,653914063,107.959,0.566,108.504,65.703,1
1784729201,720799316,108.952,0.731,109.664,68.044,1
1784729201,787687500,111.224,0.744,111.866,69.088,1
1784729201,854578613,126.204,1.967,128.154,83.175,1
1784729201,888025391,154.778,0.725,155.48,60.778,1
1784729201,921472656,161.67,0.579,162.228,40.197,1
1784729202,21819336,132.971,0.815,133.767,71.874,1
1784729202,55269531,151.704,0.887,152.723,52.263,1
1784729202,122172363,150.796,0.871,151.53,65.859,1
1784729202,155624756,163.116,0.747,163.851,45.766,1
1784729202,222531738,164.964,0.67,165.608,68.674,1
1784729202,289441895,140.967,0.592,141.538,42.84,1
1784729202,356354736,122.272,1.404,123.676,49.027,1
1784729202,389812256,139.483,0.583,140.045,49.853,1
1784729202,456729492,116.223,0.726,116.929,43.802,1
1784729202,523647461,110.75,0.576,111.304,61.293,1
1784729202,590439697,105.796,0.643,106.419,61.905,1
1784729202,657232910,105.228,0.647,105.856,66.231,1
1784729202,724026611,107.025,0.573,107.578,68.516,1
1784729202,790820801,105.305,0.614,105.899,65.115,1
1784729202,891013428,109.419,1.274,110.689,104.886,1
1784729202,924411133,126.34,1.424,127.781,50.549,1
1784729202,991207275,107.646,0.554,108.181,47.233,1
1784729203,58004150,105.498,0.557,106.035,64.652,1
1784729203,124801514,105.41,0.616,106.006,66.768,1
1784729203,191599609,104.327,0.778,105.086,65.877,1
1784729203,258398193,105.39,0.759,106.13,67.838,1
1784729203,291797607,136.828,1.276,138.083,65.346,1
1784729203,325197510,159.759,0.881,160.617,55.935,1
1784729203,391997314,142.144,0.571,142.694,48.889,1
1784729203,425397461,176.887,0.624,177.491,68.196,1
1784729203,525598145,117.031,1.002,118.165,40.718,1
1784729203,558909912,145.318,0.785,146.081,61.384,1
1784729203,625532227,124.317,0.671,124.963,45.503,1
1784729203,658842529,130.861,4.146,135.006,43.323,1
1784729203,692152832,142.991,0.758,143.73,42.066,1
1784729203,758771729,132.09,0.827,132.904,55.778,1
1784729203,825389160,117.04,0.866,117.89,51.613,1
1784729203,858697266,125.067,0.531,125.578,41.005,1
1784729203,925312256,126.662,1.029,127.689,68.704,1
1784729203,958619141,147.97,1.55,149.601,55.13,1
1784729204,25231689,123.688,0.913,124.587,41.698,1
1784729204,91842529,108.741,0.56,109.277,51.312,1
1784729204,158451660,108.601,0.578,109.158,66.49,1
1784729204,225059326,104.946,0.576,105.501,62.951,1
1784729204,291665527,106.893,0.706,107.579,68.682,1
1784729204,358269775,107.109,0.653,107.741,66.768,1
1784729204,424872559,108.095,0.574,108.649,67.511,1
1784729204,491473633,105.24,0.697,105.782,63.735,1
1784729204,558132568,108.554,0.696,109.229,70.105,1
1784729204,624848389,108.899,0.745,109.626,67.11,1
1784729204,691564941,105.598,0.571,106.15,63.242,1
1784729204,758282471,108.607,0.719,109.326,69.874,1
1784729204,825000488,107.625,0.619,108.208,65.617,1
1784729204,858359863,130.782,2.833,134.891,58.738,1
1784729204,891719482,144.43,0.589,144.994,44.77,1
1784729204,958439453,114.012,0.613,114.598,36.323,1
1784729204,991799561,146.457,0.883,147.313,66.067,1
1784729205,58520508,124.028,0.607,124.613,44.029,1
1784729205,125242432,113.025,0.583,113.583,55.693,1
1784729205,191965088,106.884,0.576,107.441,60.58,1
1784729205,225326660,128.347,0.726,129.05,54.968,1
1784729205,258688477,144.264,0.685,144.929,49.242,1
1784729205,325412842,116.956,0.718,117.663,39.447,1
1784729205,392137695,105.702,0.552,106.234,55.31,1
1784729205,458863770,105.021,0.83,105.83,66.321,1
1784729205,525590332,107.506,0.675,108.161,69.057,1
1784729205,592336182,105.619,0.593,106.193,64.779,1
1784729205,659131592,106.306,0.569,106.854,67.457,1
1784729205,725927734,106.149,0.668,106.797,66.738,1
1784729205,792724609,111.333,0.839,112.207,72.149,1
1784729205,859521973,115.531,0.782,116.302,70.939,1
1784729205,892920898,140.789,0.641,141.445,58.513,1
1784729205,959719482,125.093,0.752,125.821,51.211,1
1784729205,993118896,142.576,0.594,143.148,50.73,1
1784729206,59918213,113.138,0.72,113.895,37.491,1
1784729206,126718506,111.033,1.1,112.111,65.068,1
1784729206,193519043,104.926,0.594,105.498,60.192,1
1784729206,260320557,103.603,0.574,104.152,65.457,1
1784729206,327122559,103.898,0.656,104.533,67.181,1
1784729206,393925293,103.517,0.724,104.223,66.491,1
1784729206,460728760,104.223,0.559,104.761,67.344,1
1784729206,527532715,102.498,0.574,103.049,65.091,1
1784729206,594287354,106.203,0.598,106.781,70.486,1
1784729206,660909912,103.693,0.64,104.313,64.156,1
1784729206,760841064,102.252,0.576,102.808,98.425,1
1784729206,827459717,118.642,0.728,119.349,83.154,1
1784729206,860768311,126.806,0.782,127.425,41.389,1
1784729206,894076660,148.461,0.785,149.223,55.103,1
1784729206,960692139,129.282,0.981,130.278,47.633,1
1784729206,993999268,155.848,2.192,158.02,61.066,1
1784729207,27305908,180.845,0.862,181.692,56.994,1
1784729207,127223633,135.732,1.186,136.908,55.129,1
1784729207,160528809,146.194,0.683,146.856,43.268,1
1784729207,227137695,143.507,0.696,144.183,63.932,1
1784729207,260441650,173.105,0.767,173.751,62.874,1
1784729207,360350830,123.567,0.693,124.24,50.392,1
1784729207,393653076,139.84,0.588,140.394,49.464,1
1784729207,460256592,111.882,0.575,112.436,38.645,1
1784729207,526858154,107.016,0.73,107.727,61.892,1
1784729207,593466064,104.942,0.6,105.523,64.405,1
1784729207,660090088,105.766,0.566,106.312,67.414,1
1784729207,726712891,106.216,0.711,106.909,67.215,1
1784729207,793333984,110.592,0.639,111.211,70.925,1
1784729207,859953369,110.733,0.56,111.272,66.684,1
1784729207,926571289,110.672,0.623,111.275,66.619,1
1784729207,993187500,116.253,0.855,117.096,72.424,1
1784729208,26495117,129.261,0.692,129.931,46.155,1
1784729208,93108887,109.726,0.688,110.395,47.08,1
1784729208,159721191,105.634,0.574,106.243,62.392,1
1784729208,226331787,105.69,0.557,106.225,66.661,1
1784729208,292940918,123.124,0.66,123.767,84.145,1
1784729208,326244873,149.463,0.638,150.084,59.623,1
1784729208,392851563,129.342,0.773,130.106,46.617,1
1784729208,426154297,150.624,0.567,151.17,54.382,1
1784729208,492758545,139.911,0.653,140.543,55.977,1
1784729208,559356689,118.581,0.994,119.567,45.606,1
1784729208,592669189,139.352,0.672,140.002,53.765,1
1784729208,659293457,137.107,0.57,137.654,64.277,1
1784729208,692604980,139.581,0.682,140.236,35.893,1
1784729208,792537109,110.015,0.552,110.545,70.242,1
1784729208,859156494,118.478,0.63,119.086,75.155,1
1784729208,892465576,147.682,0.642,148.309,62.531,1
1784729208,959082520,116.545,0.548,117.074,35.388,1
1784729209,25697998,112.544,0.611,113.134,62.674,1
1784729209,59005127,142.402,0.939,143.386,63.494,1
1784729209,125618164,138.954,0.876,139.811,63.098,1
1784729209,158924072,142.727,0.656,143.363,36.863,1
1784729209,225534668,114.953,0.627,115.542,38.79,1
1784729209,292143799,112.938,0.605,113.523,64.592,1
1784729209,358751221,108.725,0.564,109.264,62.348,1
1784729209,425357178,108.494,0.657,109.128,66.469,1
1784729209,491961426,108.963,0.702,109.645,67.122,1
1784729209,558564209,109.292,0.662,109.935,66.892,1
1784729209,625429932,107.509,0.778,108.27,65.197,1
1784729209,692298340,114.625,0.607,115.211,73.813,1
1784729209,725733643,120.829,0.644,121.45,39.673,1
1784729209,792606201,113.64,0.848,114.408,59.83,1
1784729209,859481201,118.256,0.763,118.993,71.461,1
1784729209,892919678,122.496,0.742,123.225,37.659,1
1784729209,959798828,109.904,0.611,110.495,54.163,1
1784729210,26680664,108.636,0.634,109.251,65.638,1
1784729210,93564941,110.643,0.975,111.601,69.228,1
1784729210,127008301,137.447,0.593,138.021,59.867,1
1784729210,160452148,150.447,0.603,151.031,46.454,1
1784729210,227341797,137.399,0.576,137.951,53.812,1
1784729210,294234131,111.885,0.562,112.427,41.369,1
1784729210,361129395,107.533,0.612,108.124,62.592,1
1784729210,428027100,105.516,0.551,106.046,64.82,1
1784729210,494927490,112.435,0.602,113.017,73.87,1
1784729210,561828125,105.331,0.576,105.887,59.77,1
1784729210,628609131,107.584,0.848,108.414,69.304,1
1784729210,695390381,108.3,0.562,108.841,67.213,1
1784729210,762172119,105.886,0.671,106.538,64.478,1
1784729210,828954346,110.255,0.662,110.896,71.139,1
1784729210,895736816,132.89,0.774,133.643,89.528,1
1784729210,929128418,142.477,0.824,143.285,43.031,1
1784729210,995911621,114.567,0.956,115.546,39.005,1
1784729211,62695068,109.207,0.57,109.755,61.038,1
1784729211,129479004,105.465,0.825,106.27,63.291,1
1784729211,162871094,127.678,0.637,128.301,55.424,1
1784729211,196263428,146.871,0.621,147.469,52.565,1
1784729211,263048096,119.271,0.778,120.031,39.337,1
1784729211,329833252,113.441,0.626,114.046,60.811,1
1784729211,396618896,105.307,0.625,105.91,58.65,1
1784729211,463404785,106.62,0.576,107.189,68.051,1
1784729211,496797852,124.15,0.823,124.956,51.161,1
1784729211,530191162,141.902,0.592,142.475,50.925,1
1784729211,596967773,123.734,1.87,125.593,49.878,1
1784729211,630352051,137.42,1.061,138.694,46.266,1
1784729211,697120605,123.8,0.828,124.613,52.912,1
1784729211,730504883,144.665,0.673,145.316,54.098,1
1784729211,763889160,154.612,0.726,155.293,43.357,1
1784729211,864042725,116.058,0.682,116.72,61.582,1
1784729211,930811768,110.518,0.615,111.114,61.166,1
1784729211,997581055,107.674,0.806,108.46,64.115,1
1784729212,64350586,110.298,0.837,111.116,69.423,1
1784729212,131120117,129.525,0.839,130.348,85.998,1
1784729212,164505127,150.74,2.337,153.081,56.097,1
1784729212,197890137,166.615,0.973,167.581,47.899,1
1784729212,264660156,149.996,0.667,150.636,49.836,1
1784729212,331430176,128.909,0.682,129.573,45.702,1
1784729212,431585693,109.641,0.58,110.201,80.791,1
1784729212,498356445,102.853,0.578,103.41,59.98,1
1784729212,565126465,102.388,0.561,102.928,66.287,1
1784729212,631806396,105.24,0.583,105.802,69.554,1
1784729212,698486328,105.47,0.871,106.321,67.198,1
1784729212,765166504,104.436,0.65,105.065,65.425,1
1784729212,831846680,106.824,0.664,107.467,69.081,1
1784729212,898527100,107.712,0.651,108.387,67.558,1
1784729212,965207520,104.592,0.553,105.125,63.463,1
1784729213,31888184,104.479,0.614,105.073,66.628,1
1784729213,98569092,103.675,0.559,104.214,65.824,1
1784729213,165250000,111.429,0.629,112.037,74.501,1
1784729213,198590576,133.618,0.837,134.439,55.736,1
1784729213,231930908,171.362,0.643,171.985,70.894,1
1784729213,298612305,153.272,1.016,154.276,48.955,1
1784729213,365293457,134.372,0.63,134.981,47.403,1
1784729213,398634277,159.597,0.687,160.263,58.624,1
1784729213,465315918,139.772,0.606,140.357,46.775,1
1784729213,531997559,109.051,0.584,109.616,35.941,1
1784729213,598700195,108.121,0.639,108.742,65.829,1
1784729213,665553711,106.629,0.686,107.294,65.406,1
1784729213,732409668,106.789,1.182,107.739,67.287,1
1784729213,765838623,123.839,0.693,124.428,50.13,1
1784729213,832698242,121.602,0.774,122.36,64.786,1
1784729213,866128906,133.828,0.699,134.506,45.579,1
1784729213,899560303,149.733,0.724,150.439,49.364,1
1784729213,966424805,135.619,0.662,136.26,52.691,1
1784729214,33291748,109.364,0.633,109.976,40.585,1
1784729214,100161133,105.83,0.581,106.393,63.284,1
1784729214,167032959,106.575,0.92,107.481,67.953,1
1784729214,233907227,103.321,0.59,103.89,63.292,1
1784729214,267345459,137.543,0.619,138.15,67.691,1
1784729214,334223389,119.495,0.907,120.393,49.106,1
1784729214,367663086,136.381,0.639,137.005,50.069,1
1784729214,434544678,123.24,0.694,123.913,53.794,1
1784729214,467986572,137.529,0.775,138.285,47.811,1
1784729214,534871582,121.726,1.633,123.341,51.927,1
1784729214,568315186,128.301,0.827,129.107,39.224,1
1784729214,635141357,109.327,0.623,109.93,47.653,1
1784729214,701908936,108.135,0.571,108.686,65.522,1
1784729214,768676758,99.614,0.735,100.33,58.411,1
1784729214,835444824,108.364,0.978,109.321,75.751,1
1784729214,868828857,121.079,0.683,121.744,45.814,1
1784729214,935596924,104.858,0.803,105.543,50.567,1
1784729215,2365479,104.046,0.634,104.659,65.887,1
1784729215,69134033,100.772,0.685,101.348,63.458,1
1784729215,135902588,103.899,0.762,104.639,70.06,1
1784729215,169287109,123.826,1.045,124.873,53.584,1
1784729215,202671631,135.915,0.622,136.516,45.06,1
1784729215,269440674,118.954,1.002,119.953,50.144,1
1784729215,336209717,114.544,1.814,116.367,63.207,1
1784729215,402979004,108.253,0.701,108.934,59.375,1
1784729215,469748535,102.525,0.634,103.184,60.975,1
1784729215,536518311,101.483,0.579,102.04,65.673,1
1784729215,603287842,102.584,0.574,103.13,67.86,1
1784729215,669880615,101.871,0.562,102.411,65.874,1
1784729215,736470947,104.884,0.795,105.659,69.836,1
1784729215,803059326,110.093,0.737,110.811,71.735,1
1784729215,869645508,114.556,0.735,115.266,71.045,1
1784729215,902937744,129.329,0.803,130.116,48.135,1
1784729215,936229492,136.75,0.699,137.427,40.607,1
1784729216,2811523,110.524,0.699,111.209,40.359,1
1784729216,69391113,106.634,0.639,107.251,62.632,1
1784729216,135968750,101.399,0.575,101.955,61.281,1
1784729216,202544189,103.263,0.732,103.975,68.595,1
1784729216,269117432,102.97,0.577,103.527,66.126,1
1784729216,335688477,104.433,0.62,105.031,68.075,1
1784729216,368973389,125.312,1.259,126.555,54.795,1
1784729216,402257568,140.121,0.653,140.754,47.497,1
1784729216,468824219,122.099,0.958,123.045,48.841,1
1784729216,502106934,143.197,0.842,144.026,54.269,1
1784729216,568670410,114.784,0.901,115.593,38.136,1
1784729216,635250977,105.728,0.586,106.293,57.285,1
1784729216,701844238,107.035,0.555,107.569,67.871,1
1784729216,768435547,103.162,0.569,103.696,62.718,1
1784729216,835024902,108.811,0.58,109.367,72.26,1
1784729216,901611816,109.413,0.636,110.029,67.248,1
1784729216,968196777,104.408,0.557,104.945,61.501,1
1784729217,34779541,108.861,0.641,109.482,71.117,1
1784729217,68070313,143.007,0.915,143.901,67.71,1
1784729217,134649902,131.439,1.501,132.942,55.588,1
1784729217,167938721,162.846,0.799,163.632,64.001,1
1784729217,234515137,142.152,0.683,142.828,45.767,1
1784729217,301089600,115.404,0.622,115.987,39.753,1
1784729217,367661621,108.574,0.942,109.504,60.08,1
1784729217,400947021,132.12,0.804,132.922,56.683,1
1784729217,434231689,146.807,0.697,147.492,47.873,1
1784729217,500799561,136.029,0.599,136.607,55.692,1
1784729217,567365479,116.273,0.718,116.977,46.93,1
1784729217,600649170,138.646,0.622,139.252,55.563,1
1784729217,667329102,129.153,0.62,129.752,57.181,1
1784729217,700669189,145.157,0.711,145.852,49.435,1
1784729217,767349121,114.511,0.55,115.04,35.876,1
1784729217,834029297,110.16,0.703,110.844,62.482,1
1784729217,900709717,114.204,0.562,114.764,70.583,1
1784729217,934049805,121.287,0.608,121.873,40.468,1
1784729218,730225,106.86,0.571,107.41,52.217,1
1784729218,67410889,104.744,0.602,105.327,64.596,1
1784729218,134091553,116.363,2.407,117.944,79.279,1
1784729218,200772461,104.384,0.588,104.95,53.707,1
1784729218,267453369,111.277,0.996,112.182,73.901,1
1784729218,334134521,143.881,0.89,144.745,99.251,1
1784729218,367475098,149.754,2.409,152.143,40.732,1
1784729218,434156494,130.227,0.753,130.929,45.478,1
1784729218,467497070,137.026,0.562,137.568,39.983,1
1784729218,567519287,107.334,0.547,107.86,70.314,1
1784729218,634207764,106.233,0.573,106.784,65.613,1
1784729218,700902344,108.299,0.744,109.025,68.931,1
1784729218,767597168,105.273,0.603,105.854,63.526,1
1784729218,834292480,108.727,0.6,109.307,70.149,1
1784729218,900988281,111.171,0.565,111.716,69.105,1
1784729218,967684326,103.878,0.64,104.498,59.478,1
1784729219,34380859,111.512,0.642,112.133,74.331,1
1784729219,67729248,126.878,2.115,129.01,50.185,1
1784729219,101077637,130.586,0.818,131.391,35.75,1
1784729219,167774902,108.479,0.628,109.089,44.413,1
1784729219,234472412,108.799,0.656,109.434,67.041,1
1784729219,301170410,108.334,0.641,108.947,66.214,1
1784729219,367868652,106.695,0.619,107.295,65.046,1
1784729219,434567383,112.945,0.664,113.585,72.985,1
1784729219,467916748,125.161,0.869,126.027,45.778,1
1784729219,534615967,107.844,0.705,108.529,49.218,1
1784729219,601315918,106.14,0.746,106.867,65.037,1
1784729219,667940186,106.476,0.608,107.06,66.82,1
1784729219,734562744,106.51,0.677,107.118,66.68,1
1784729219,801183838,110.567,0.561,111.108,70.611,1
1784729219,867803223,110.811,0.576,111.364,66.875,1
1784729219,901112549,137.235,0.874,138.195,60.026,1
1784729219,967729492,126.036,0.67,126.684,55.214,1
1784729220,1037354,138.832,0.596,139.399,46.029,1
1784729220,67652100,112.482,0.942,113.402,40.611,1
1784729220,134265137,110.673,0.783,111.431,64.649,1
1784729220,200876465,108.18,0.627,108.784,63.964,1
1784729220,267486328,109.513,0.697,110.186,68.012,1
1784729220,334094482,109.303,0.687,109.967,66.39,1
1784729220,400701172,110.535,0.621,111.134,67.774,1
1784729220,467306152,113.324,1.081,114.379,69.833,1
1784729220,500608154,128.642,0.79,129.404,48.339,1
1784729220,533909424,137.841,0.547,138.367,42.269,1
1784729220,633824951,109.02,0.553,109.554,71.102,1
1784729220,700448975,109.048,0.567,109.595,66.665,1
1784729220,767071289,107.992,0.639,108.61,65.637,1
1784729220,833691895,119.063,0.811,119.82,77.811,1
1784729220,867001709,142.931,0.614,143.523,57.031,1
1784729220,900311035,163.456,0.708,164.139,53.923,1
1784729220,966928467,147.394,2.99,150.375,52.841,1
1784729221,33544189,129.369,0.784,130.135,46.382,1
1784729221,66851563,146.746,0.573,147.298,50.479,1
1784729221,133465088,129.191,0.796,129.961,49.273,1
1784729221,166771240,144.556,0.711,145.248,48.596,1
1784729221,233382324,131.216,0.836,132.04,53.395,1
1784729221,266687256,154.995,0.579,155.55,56.824,1
1784729221,333295898,138.59,0.736,139.301,50.357,1
1784729221,366599609,156.333,0.703,157.018,51.017,1
1784729221,433205811,143.029,0.582,143.591,53.186,1
1784729221,499810547,117.789,0.877,118.64,41.644,1
1784729221,533112061,143.886,0.817,144.692,59.352,1
1784729221,599715576,132.015,1.098,132.981,54.895,1
1784729221,633070068,147.164,0.809,147.955,48.331,1
1784729221,699780029,136.34,1.08,137.406,56.156,1
1784729221,733135254,145.002,0.582,145.563,41.522,1
1784729221,799846191,127.192,0.702,127.876,49.021,1
1784729221,833201660,152.743,0.7,153.427,58.905,1
1784729221,899913574,144.616,0.785,145.386,58.666,1
1784729221,966625977,131.557,0.828,132.368,53.696,1
1784729221,999982666,155.974,0.696,156.65,57.644,1
1784729222,66696045,130.386,1.215,131.582,41.639,1
1784729222,133410156,123.68,1.089,124.746,59.879,1
1784729222,200124756,120.31,0.839,121.057,63.028,1
1784729222,266840332,130.004,0.609,130.593,76.255,1
1784729222,333556396,111.824,0.587,112.392,48.515,1
1784729222,400272949,111.202,0.647,111.813,66.133,1
1784729222,466990479,109.679,0.666,110.28,65.189,1
1784729222,533708252,115.13,0.76,115.873,72.305,1
1784729222,567067627,142.983,0.975,143.903,61.388,1
1784729222,633766846,112.663,0.558,113.201,36.006,1
1784729222,700560303,108.739,0.621,109.341,62.933,1
1784729222,767354492,115.802,0.616,116.372,73.811,1
1784729222,834149170,118.594,0.952,119.533,69.957,1
1784729222,867546875,131.572,0.835,132.408,46.263,1
1784729222,934342529,122.002,0.7,122.686,57.089,1
1784729223,1138916,109.564,0.62,110.164,54.283,1
1784729223,67935791,107.543,0.704,108.151,64.783,1
1784729223,134733398,116.094,0.618,116.685,75.332,1
1784729223,201531494,108.497,0.77,109.248,59.361,1
1784729223,268330322,128.081,0.815,128.883,86.424,1
1784729223,301729980,162.744,1.483,163.967,68.455,1
1784729223,368529785,143.003,2.433,145.301,48.137,1
1784729223,435330078,124.513,0.601,125.091,46.628,1
1784729223,468730469,147.279,0.777,148.04,56.337,1
1784729223,535531982,131.733,0.958,132.686,51.436,1
1784729223,568932861,149.039,0.659,149.676,50.414,1
1784729223,635735840,122.942,0.629,123.548,40.676,1
1784729223,702519775,125.683,0.806,126.475,69.698,1
1784729223,735911621,143.86,0.638,144.477,51.406,1
1784729223,802696045,121.719,1.073,122.871,45.072,1
1784729223,869480957,128.277,0.779,129.03,73.043,1
1784729223,902873535,155.166,0.706,155.85,60.218,1
1784729223,969658936,114.964,0.552,115.495,26.433,1
1784729224,36444824,109.505,0.647,110.132,61.423,1
1784729224,103231201,107.778,0.66,108.345,65.0,1
1784729224,170018066,107.171,0.574,107.725,66.166,1
1784729224,236805176,127.038,0.758,127.769,86.825,1
1784729224,270198975,145.204,0.641,145.82,51.451,1
1784729224,336986816,124.953,0.649,125.578,46.543,1
1784729224,370381104,141.61,0.572,142.162,49.981,1
1784729224,437169678,118.912,0.593,119.481,44.108,1
1784729224,470563965,130.628,0.883,131.501,45.396,1
1784729224,503958496,145.364,0.797,146.146,48.048,1
1784729224,570748047,124.807,0.734,125.52,46.171,1
1784729224,604142822,150.741,0.708,151.547,59.305,1
1784729224,670843262,149.953,0.835,150.771,66.042,1
1784729224,737452393,125.07,1.064,126.146,41.952,1
1784729224,770756348,141.732,0.692,142.402,49.593,1
1784729224,870665527,113.117,1.159,114.264,71.755,1
1784729224,937269043,108.544,0.7,109.224,61.579,1
1784729225,3870850,107.274,0.666,107.916,65.295,1
1784729225,70470703,108.299,0.691,108.969,67.653,1
1784729225,137068848,107.347,0.649,107.975,65.606,1
1784729225,203665039,107.665,0.759,108.405,67.024,1
1784729225,270259277,109.121,0.765,109.878,68.056,1
1784729225,336851807,108.092,0.586,108.655,65.382,1
1784729225,403442383,107.377,0.62,107.975,65.912,1
1784729225,470031250,107.046,0.641,107.667,66.28,1
1784729225,536618164,107.439,0.628,108.049,66.966,1
1784729225,603203125,117.188,0.678,117.846,76.383,1
1784729225,636496094,144.384,1.538,145.927,61.341,1
1784729225,703347900,131.046,0.742,131.774,52.724,1
1784729225,736774658,145.841,0.623,146.43,48.092,1
1784729225,803630127,131.073,1.308,132.288,52.678,1
1784729225,837058594,152.534,0.668,153.185,54.355,1
1784729225,903917725,128.796,0.642,129.42,43.096,1
1784729225,937348145,159.737,0.568,160.285,64.299,1
1784729226,4210693,141.139,0.581,141.699,48.278,1
1784729226,37642822,148.176,0.558,148.714,40.447,1
1784729226,137943115,106.79,0.751,107.522,59.106,1
1784729226,204812744,107.779,0.737,108.449,67.797,1
1784729226,271685059,107.185,0.678,107.841,66.266,1
1784729226,338559570,105.226,0.734,105.939,64.972,1
1784729226,405436523,105.725,0.615,106.322,67.258,1
1784729226,472315918,105.313,0.618,105.908,66.468,1
1784729226,539197754,106.351,0.719,107.049,68.021,1
1784729226,606081787,114.713,1.557,116.31,76.081,1
1784729226,639522705,131.976,2.773,134.754,51.924,1
1784729226,672869629,151.658,0.798,152.439,51.052,1
1784729226,739563721,140.737,0.656,141.374,55.632,1
1784729226,806258301,133.413,1.01,134.421,59.718,1
1784729226,839605713,138.51,0.624,139.115,38.066,1
1784729226,939648438,108.32,2.478,110.789,71.702,1
1784729227,6344238,116.356,0.832,117.176,73.089,1
1784729227,73040283,120.624,0.861,121.467,70.99,1
1784729227,106388428,136.359,0.713,137.042,48.924,1
1784729227,139736572,153.783,0.859,154.622,50.925,1
1784729227,206433594,128.319,0.581,128.876,40.959,1
1784729227,239781982,140.759,0.682,141.417,45.888,1
1784729227,306479492,122.787,0.721,123.483,48.761,1
1784729227,373177246,108.372,0.711,109.064,52.283,1
1784729227,439875488,104.051,0.57,104.601,62.236,1
1784729227,506573975,105.849,0.57,106.398,68.497,1
1784729227,573272949,109.572,0.554,110.107,70.408,1
1784729227,639972412,111.227,0.671,111.88,68.465,1
1784729227,673327637,129.206,0.803,129.998,51.471,1
1784729227,706682861,164.189,0.801,164.97,68.332,1
1784729227,740038574,177.219,3.341,180.577,48.922,1
1784729227,840106201,121.451,1.652,123.102,42.613,1
1784729227,906818848,117.778,0.565,118.31,61.946,1
1784729227,973532471,117.993,1.223,119.269,67.594,1
1784729228,6889404,125.334,0.692,126.005,40.166,1
1784729228,73603760,113.723,0.616,114.322,55.033,1
1784729228,140318848,107.065,0.673,107.714,60.108,1
1784729228,207034668,105.807,0.636,106.478,65.426,1
1784729228,273751221,112.406,0.89,113.276,73.561,1
1784729228,340468262,113.512,0.61,114.102,67.549,1
1784729228,407186035,107.843,0.679,108.502,61.117,1
1784729228,473904785,106.492,0.787,107.259,65.474,1
1784729228,540623779,106.125,0.647,106.753,66.216,1
1784729228,607343750,105.675,0.862,106.523,66.483,1
1784729228,674101318,107.651,0.991,108.626,68.856,1
1784729228,707498779,138.413,0.564,138.967,63.74,1
1784729228,774294189,123.247,0.597,123.824,51.665,1
1784729228,807692139,148.101,0.623,148.704,58.275,1
1784729228,874488770,133.63,0.702,134.308,52.399,1
1784729228,907887207,153.772,0.679,154.437,53.525,1
1784729228,974684570,129.106,0.856,129.879,42.241,1
1784729229,41482666,112.889,0.651,113.52,50.444,1
1784729229,108281494,105.005,0.576,105.557,58.838,1
1784729229,175080811,105.281,0.604,105.862,67.103,1
1784729229,241880859,112.479,0.612,113.07,74.007,1
1784729229,275281006,126.918,0.651,127.537,47.866,1
1784729229,308681396,146.49,0.701,147.177,53.036,1
1784729229,375482666,117.756,0.835,118.566,38.184,1
1784729229,442284668,113.369,0.644,113.992,62.24,1
1784729229,475686035,127.793,0.877,128.662,48.054,1
1784729229,509087402,136.738,0.757,137.474,42.232,1
1784729229,609292480,105.578,0.79,106.348,69.071,1
1784729229,676126953,110.937,0.898,111.817,72.299,1
1784729229,709561035,137.454,0.703,138.137,59.76,1
1784729229,776430908,117.161,0.593,117.788,46.47,1
1784729229,809867188,123.675,0.636,124.29,39.995,1
1784729229,876741211,124.053,0.839,124.882,67.452,1
1784729229,943618164,120.459,0.907,121.349,63.347,1
1784729229,977057617,124.471,0.576,125.027,37.129,1
1784729230,43938477,106.705,0.775,107.325,49.179,1
1784729230,110822021,104.248,0.7,104.931,64.487,1
1784729230,177708252,104.615,0.576,105.171,67.129,1
1784729230,244597168,106.201,0.584,106.764,68.48,1
1784729230,311488770,103.066,0.662,103.707,63.836,1
1784729230,378383057,104.153,0.557,104.689,67.877,1
1784729230,445280029,101.518,0.714,102.215,64.419,1
1784729230,512179932,104.065,0.626,104.671,69.359,1
1784729230,579082275,101.452,0.561,101.992,64.224,1
1784729230,645985352,104.306,0.787,105.078,69.981,1
1784729230,746050781,109.431,1.06,110.468,105.452,1
1784729230,779406250,119.541,0.609,120.132,43.028,1
1784729230,846117676,113.24,0.668,113.876,60.457,1
1784729230,879473633,139.989,0.842,140.813,60.289,1
1784729230,946186279,123.123,0.68,123.783,49.682,1
1784729230,979542725,137.638,0.646,138.257,47.836,1
1784729231,46256348,118.968,0.963,119.931,48.361,1
1784729231,79613281,138.851,0.653,139.483,52.936,1
1784729231,146327881,112.737,0.728,113.449,40.675,1
1784729231,213042969,109.241,0.676,109.894,63.163,1
1784729231,279758789,103.703,0.925,104.607,61.427,1
1784729231,346475342,103.54,1.038,104.566,66.662,1
1784729231,413192627,103.527,0.737,104.251,66.406,1
1784729231,479910645,102.559,1.503,104.054,66.522,1
1784729231,546629150,104.542,0.651,105.173,67.85,1
1784729231,613348389,102.732,0.942,103.662,65.195,1
1784729231,680027832,105.861,0.578,106.419,69.45,1
1784729231,746665283,106.419,1.869,108.314,68.486,1
1784729231,779983398,150.43,0.691,151.096,76.144,1
1784729231,846618896,118.6,0.692,119.274,34.813,1
1784729231,913252930,113.935,0.617,114.529,61.891,1
1784729231,979885498,119.317,0.909,120.228,72.3,1
1784729232,13201172,136.297,0.784,137.062,50.179,1
1784729232,79831787,128.223,0.985,129.194,58.752,1
1784729232,113146729,157.37,0.67,158.019,62.154,1
1784729232,179775146,140.988,0.572,141.535,50.145,1
1784729232,213088867,166.125,0.739,166.849,58.62,1
1784729232,279715332,146.351,0.579,146.909,46.695,1
1784729232,346340576,125.696,0.677,126.354,46.069,1
1784729232,379652588,140.24,0.654,140.877,47.833,1
1784729232,446275635,124.647,0.702,125.328,51.071,1
1784729232,479586670,141.501,0.593,142.073,50.061,1
1784729232,546207764,120.046,0.666,120.682,45.229,1
1784729232,612827393,107.744,0.765,108.489,54.425,1
1784729232,679505127,106.52,1.457,107.971,66.142,1
1784729232,746284668,103.731,0.672,104.374,63.202,1
1784729232,813105713,111.79,0.693,112.462,74.903,1
1784729232,846516602,139.991,0.734,140.703,61.65,1
1784729232,913338867,123.867,0.656,124.499,50.627,1
1784729232,946750488,152.15,1.541,153.685,62.572,1
1784729233,13574463,136.154,0.588,136.714,49.88,1
1784729233,80399414,118.583,1.602,120.055,50.145,1
1784729233,113812256,123.837,2.197,126.052,39.391,1
1784729233,180638672,104.703,0.736,105.419,46.233,1
1784729233,247465820,117.654,0.708,118.338,79.743,1
1784729233,280879883,137.464,0.879,138.325,53.391,1
1784729233,347708740,118.737,0.671,119.389,47.906,1
1784729233,381123535,125.817,0.653,126.449,40.471,1
1784729233,447953857,111.729,0.565,112.267,52.654,1
1784729233,481369385,129.134,0.791,129.908,51.047,1
1784729233,514785156,135.253,1.472,136.742,40.213,1
1784729233,615033936,105.358,0.675,106.016,69.565,1
1784729233,681867676,101.958,0.682,102.617,63.433,1
1784729233,748593018,110.378,0.693,111.048,75.16,1
1784729233,781908447,156.952,0.773,157.725,79.971,1
1784729233,848537842,146.851,0.609,147.443,56.366,1
1784729233,915165771,124.691,0.646,125.316,44.504,1
1784729233,948479248,133.155,0.607,133.739,41.739,1
1784729234,48416992,102.312,0.554,102.846,69.045,1
1784729234,115040527,103.684,0.556,104.219,67.996,1
1784729234,181662354,103.315,0.582,103.872,66.274,1
1784729234,248282715,107.434,1.943,108.246,70.989,1
1784729234,348210205,103.807,0.574,104.357,96.045,1
1784729234,414826904,106.096,0.735,106.811,69.065,1
1784729234,481441895,105.202,0.712,105.919,65.703,1
1784729234,548055176,105.13,0.608,105.717,66.437,1
1784729234,614667236,103.21,0.562,103.75,64.645,1
1784729234,681277588,107.084,0.596,107.643,70.503,1
1784729234,747979492,106.167,0.644,106.79,65.847,1
1784729234,814758789,104.146,0.719,104.847,64.83,1
1784729234,848148438,146.988,0.767,147.735,76.283,1
1784729234,914927979,131.693,1.157,132.839,51.867,1
1784729234,948318115,151.087,0.661,151.722,52.284,1
1784729235,15098145,135.845,0.598,136.421,51.485,1
1784729235,81878662,110.648,0.651,111.188,41.549,1
1784729235,148659668,111.221,0.639,111.841,67.432,1
1784729235,215440918,102.534,0.701,103.214,58.149,1
1784729235,282222656,104.402,0.666,105.046,68.616,1
1784729235,349004639,104.106,0.762,104.852,66.587,1
1784729235,415787109,106.324,0.625,106.926,68.861,1
1784729235,449178223,120.645,0.641,121.342,47.73,1
1784729235,515961182,109.033,0.793,109.806,55.322,1
1784729235,582744629,104.997,0.638,105.616,62.595,1
1784729235,649528076,110.109,0.566,110.655,71.823,1
1784729235,682920166,125.327,0.887,126.231,48.932,1
1784729235,716302490,142.678,0.68,143.337,50.524,1
1784729235,782907715,137.048,0.654,137.684,60.949,1
1784729235,816209473,148.984,0.659,149.625,45.239,1
1784729235,882812012,156.345,0.654,156.981,73.96,1
1784729235,949412354,148.135,1.392,149.398,59.013,1
1784729236,16010986,134.662,0.678,135.323,52.525,1
1784729236,82607422,114.705,2.542,117.255,48.499,1
1784729236,115905029,126.018,1.039,127.049,43.112,1
1784729236,182498779,106.975,0.572,107.513,47.075,1
1784729236,249090576,106.727,0.618,107.32,66.397,1
1784729236,315680420,112.839,0.652,113.472,72.742,1
1784729236,348974609,120.763,0.606,121.32,41.145,1
1784729236,448854248,103.295,0.558,103.832,82.392,1
1784729236,515438232,104.162,0.642,104.772,67.522,1
1784729236,582020264,103.203,0.577,103.759,65.57,1
1784729236,648600342,107.785,0.574,108.337,71.158,1
1784729236,715190674,112.61,0.761,113.353,71.604,1
1784729236,748570068,127.194,0.632,127.808,47.83,1
1784729236,781949707,145.966,0.655,146.597,52.172,1
1784729236,848708740,141.015,0.727,141.718,61.88,1
1784729236,882088379,149.944,0.733,150.659,42.311,1
1784729236,948847412,137.237,1.43,138.667,54.75,1
1784729237,15606689,118.042,0.985,119.011,47.117,1
1784729237,48986328,149.723,1.003,150.706,65.084,1
1784729237,115745605,124.311,0.783,125.068,41.118,1
1784729237,149125244,135.486,1.199,136.61,44.922,1
1784729237,249264160,120.937,0.802,121.711,85.246,1
1784729237,282643799,139.423,0.754,140.167,51.824,1
1784729237,349403076,119.294,2.168,121.497,48.038,1
1784729237,382782715,137.264,0.643,137.888,49.832,1
1784729237,449542236,119.516,0.847,120.352,49.211,1
1784729237,482921875,137.507,0.65,138.137,51.178,1
1784729237,549681396,118.804,0.739,119.525,48.135,1
1784729237,583061035,141.842,0.819,142.639,56.502,1
1784729237,649820557,115.122,0.754,115.896,39.981,1
1784729237,683200439,145.701,0.677,146.357,63.882,1
1784729237,749948242,112.953,0.686,113.62,34.01,1
1784729237,816690430,118.302,0.582,118.863,71.987,1
1784729237,850061523,129.194,0.989,130.391,44.668,1
1784729237,883432373,165.953,7.166,173.085,76.251,1
1784729237,950174072,125.723,1.225,127.053,20.619,1
1784729238,16915527,119.228,0.733,119.931,59.752,1
1784729238,83656738,110.907,0.58,111.46,58.274,1
1784729238,117027344,118.818,0.713,119.515,41.417,1
1784729238,183768066,105.777,0.611,106.37,53.603,1
1784729238,250508545,108.702,0.665,109.351,69.715,1
1784729238,283878906,130.396,0.958,131.344,55.349,1
1784729238,317249023,147.469,0.634,148.081,50.126,1
1784729238,383989014,128.424,0.685,129.088,47.745,1
1784729238,417358887,148.713,0.862,149.571,53.836,1
1784729238,484098633,138.261,0.591,138.83,56.02,1
1784729238,550837891,117.37,1.117,118.47,46.353,1
1784729238,584207520,129.197,0.674,129.851,44.773,1
1784729238,650946777,113.942,0.731,114.659,51.542,1
1784729238,684316162,131.526,0.68,132.181,50.9,1
1784729238,717685303,147.785,0.593,148.343,49.531,1
1784729238,784346191,124.93,3.266,128.225,46.418,1
1784729238,851006836,121.742,0.854,122.565,61.124,1
1784729238,884337158,134.768,0.805,135.569,46.313,1
1784729238,917667236,163.713,0.85,164.534,62.311,1
1784729238,984327637,129.08,0.798,129.857,31.978,1
1784729239,50987549,115.798,0.693,116.5,53.281,1
1784729239,117647461,106.612,0.689,107.279,57.473,1
1784729239,184307129,106.484,0.562,107.024,66.406,1
1784729239,250966553,106.406,0.884,107.272,66.903,1
1784729239,317625732,113.31,0.697,113.987,73.376,1
1784729239,350955322,119.298,0.934,120.218,39.551,1
1784729239,417614258,109.294,0.553,109.825,56.278,1
1784729239,484272949,104.358,1.463,105.797,62.627,1
1784729239,550931396,108.152,0.648,108.78,69.644,1
1784729239,617589600,107.24,0.551,107.768,65.647,1
1784729239,684247803,112.11,0.632,112.718,71.605,1
1784729239,717577393,138.228,0.652,138.862,59.47,1
1784729239,784256592,123.847,0.623,124.471,52.269,1
1784729239,817596436,135.142,3.28,138.466,47.293,1
1784729239,884275879,117.384,0.604,117.968,46.244,1
1784729239,950955322,114.007,0.606,114.591,63.304,1
1784729239,984295166,142.108,0.643,142.73,61.478,1
1784729240,50975098,127.602,0.849,128.44,52.379,1
1784729240,84314941,147.729,0.641,148.35,53.26,1
1784729240,150995117,119.34,0.775,120.099,38.418,1
1784729240,217675049,110.603,0.617,111.199,57.794,1
1784729240,284355469,108.034,0.621,108.581,64.062,1
1784729240,351035889,106.504,0.641,107.13,65.225,1
1784729240,417716309,105.609,0.568,106.156,65.711,1
1784729240,484396973,106.635,0.629,107.246,67.769,1
1784729240,551077637,108.842,1.004,109.84,69.255,1
1784729240,584418213,127.591,0.819,128.395,51.903,1
1784729240,617758789,144.955,0.562,145.495,50.454,1
1784729240,684439697,136.266,0.78,137.027,58.212,1
1784729240,751161377,121.811,0.842,122.633,52.323,1
1784729240,784541992,148.765,0.598,149.343,60.096,1
1784729240,851303467,134.004,1.06,135.018,52.419,1
1784729240,884684326,156.275,0.862,157.122,55.495,1
1784729240,951446045,148.06,0.788,148.834,58.476,1
1784729241,18207520,135.219,0.635,135.832,53.765,1
1784729241,118350342,104.83,0.627,105.439,69.749,1
1784729241,185112061,105.12,0.583,105.68,67.005,1
1784729241,251874023,105.834,0.585,106.398,67.479,1
1784729241,318635986,108.184,0.539,108.767,69.067,1
1784729241,385398193,104.605,0.785,105.373,63.431,1
1784729241,452160400,106.364,0.842,107.187,68.577,1
1784729241,518922607,105.408,0.569,105.956,65.533,1
1784729241,585684814,110.628,0.599,111.202,72.007,1
1784729241,619066162,121.682,0.617,122.28,44.456,1
1784729241,685828613,110.669,0.733,111.383,55.863,1
1784729241,752625488,106.106,1.228,107.26,62.676,1
1784729241,819459229,106.04,0.706,106.731,66.303,1
1784729241,886295410,120.34,0.846,121.176,81.27,1
1784729241,919714111,137.76,0.686,138.433,50.684,1
1784729241,986553223,122.167,0.637,122.786,51.194,1
1784729242,19973633,149.574,0.636,150.188,60.826,1
1784729242,86815918,155.046,1.394,156.422,73.071,1
1784729242,120237793,192.628,2.081,194.643,71.629,1
1784729242,220506592,160.537,5.423,165.999,71.586,1
1784729242,287354980,128.449,0.8,129.291,30.134,1
1784729242,354205566,111.343,0.56,111.882,49.511,1
1784729242,421058350,113.778,1.69,115.497,70.415,1
1784729242,454485352,124.413,0.623,125.014,42.994,1
1784729242,521341309,113.964,0.673,114.618,56.46,1
1784729242,554770020,119.745,0.688,120.418,39.223,1
1784729242,621628906,107.249,0.598,107.827,54.275,1
1784729242,688489990,111.584,0.863,112.373,71.405,1
1784729242,721919678,131.879,0.744,132.605,53.66,1
1784729242,755285889,151.743,0.762,152.479,53.238,1
1784729242,822029297,131.237,0.844,132.06,46.323,1
1784729242,855404297,153.816,0.614,154.411,55.732,1
1784729242,922154297,139.233,2.119,141.348,53.67,1
1784729242,988904297,135.462,0.853,136.3,61.715,1
1784729243,55653809,123.911,0.716,124.606,55.057,1
1784729243,89028809,146.182,0.619,146.781,55.553,1
1784729243,155778076,118.633,0.55,119.163,39.133,1
1784729243,222527588,115.677,0.685,116.346,63.927,1
1784729243,289276611,114.066,0.728,114.766,65.169,1
1784729243,322651367,144.43,0.678,145.087,63.694,1
1784729243,356025879,159.592,1.032,160.593,48.869,1
1784729243,422774658,140.053,0.617,140.65,46.819,1
1784729243,489523438,124.543,0.646,125.167,51.266,1
1784729243,522897705,138.495,0.605,139.082,47.292,1
1784729243,589646240,119.441,0.663,120.08,47.745,1
1784729243,656394531,107.265,0.607,107.849,54.521,1
1784729243,723142822,103.526,0.557,104.058,62.956,1
1784729243,789868408,110.301,0.55,110.831,73.499,1
1784729243,856445557,111.248,0.638,111.865,67.611,1
1784729243,889733154,136.699,0.65,137.327,58.748,1
1784729243,956306641,114.764,0.96,115.709,44.94,1
1784729243,989592529,127.039,0.64,127.665,45.25,1
1784729244,56162354,116.804,0.751,117.535,56.438,1
1784729244,122729492,118.212,1.878,120.105,69.11,1
1784729244,156012451,122.536,0.657,123.17,36.386,1
1784729244,222576172,117.138,2.454,118.794,62.123,1
1784729244,255856934,118.368,0.952,119.338,33.836,1
1784729244,322417236,105.302,0.544,105.824,53.101,1
1784729244,388974854,106.216,0.629,106.825,67.557,1
1784729244,455530029,104.084,0.567,104.617,64.348,1
1784729244,522082764,103.437,0.575,103.992,65.927,1
1784729244,588633057,108.608,0.816,109.411,71.956,1
1784729244,621907471,120.553,0.747,121.283,45.148,1
1784729244,688454102,121.588,0.571,122.139,67.414,1
1784729244,721726563,129.584,2.558,132.139,43.247,1
1784729244,788407715,111.052,0.557,111.588,46.157,1
1784729244,855227539,118.404,0.681,119.065,74.295,1
1784729244,888637939,123.529,0.969,124.476,38.819,1
1784729244,955460449,111.994,0.655,112.63,54.979,1
1784729245,22284912,108.526,1.508,110.014,64.205,1
1784729245,55697754,130.451,0.819,131.241,54.637,1
1784729245,89111084,134.603,0.926,135.492,37.663,1
1784729245,155938965,116.125,0.61,116.712,48.056,1
1784729245,222768799,115.746,0.596,116.324,66.443,1
1784729245,289600342,115.917,0.714,116.615,67.116,1
1784729245,323016846,133.419,0.582,133.979,50.788,1
1784729245,389851074,105.69,0.597,106.268,39.123,1
1784729245,456687012,105.09,0.562,105.631,66.199,1
1784729245,523524902,105.61,0.575,106.165,67.372,1
1784729245,590364746,103.589,0.55,104.119,64.794,1
1784729245,657206299,103.127,0.582,103.689,66.411,1
1784729245,724049561,106.182,0.575,106.737,69.891,1
1784729245,790801025,117.255,0.653,117.888,77.9,1
1784729245,824131836,138.093,0.598,138.671,54.116,1
1784729245,890792725,112.28,0.73,112.989,40.979,1
1784729245,957453613,117.219,0.78,117.979,71.639,1
1784729245,990783936,130.743,0.865,131.593,46.945,1
1784729246,24114258,147.924,0.79,148.705,50.436,1
1784729246,90774658,137.657,0.765,138.408,56.376,1
1784729246,157435059,119.567,0.785,120.326,48.577,1
1784729246,190765137,141.668,0.772,142.416,55.427,1
1784729246,257425049,114.323,0.701,115.006,39.248,1
1784729246,324084961,116.942,0.832,117.749,69.399,1
1784729246,390744629,102.73,0.64,103.351,52.266,1
1784729246,457404053,108.413,0.784,109.188,72.478,1
1784729246,490733643,117.244,0.736,117.963,42.117,1
1784729246,557392822,109.613,0.574,110.166,58.869,1
1784729246,624051758,113.549,0.604,114.132,70.624,1
1784729246,657381104,131.686,0.648,132.312,51.508,1
1784729246,690710449,150.244,2.231,152.476,53.47,1
1784729246,757369873,125.189,0.637,125.802,40.011,1
1784729246,824140381,119.018,0.832,119.828,60.787,1
1784729246,857525635,129.937,0.636,130.551,44.116,1
1784729246,890910889,147.128,0.56,147.667,50.504,1
1784729246,957681641,135.328,0.601,135.907,55.009,1
1784729247,24452637,118.213,0.706,118.898,49.759,1
1784729247,57837891,144.275,0.831,145.093,59.572,1
1784729247,124608887,132.462,1.263,133.702,55.37,1
1784729247,157994629,153.56,1.052,154.609,54.294,1
1784729247,224765625,159.805,0.974,160.775,72.928,1
1784729247,291536865,142.758,0.744,143.483,49.505,1
1784729247,358308350,123.503,0.619,124.099,47.387,1
1784729247,391694092,145.345,0.799,146.125,55.41,1
1784729247,458465576,115.809,0.681,116.468,37.115,1
1784729247,558623047,106.503,0.649,107.132,90.826,1
1784729247,625394775,102.329,0.664,102.968,62.607,1
1784729247,692166748,108.171,0.737,108.889,72.692,1
1784729247,758938232,110.685,0.58,111.241,69.126,1
1784729247,825511230,114.178,0.64,114.798,70.127,1
1784729247,858796875,142.563,0.598,143.141,61.631,1
1784729247,925366211,111.368,0.565,111.902,35.331,1
1784729247,991933105,109.277,0.566,109.823,64.488,1
1784729248,58497314,105.059,0.576,105.615,62.356,1
1784729248,125059082,107.561,0.582,108.107,69.054,1
1784729248,158339111,126.077,0.806,126.871,52.032,1
1784729248,191618408,146.278,1.128,147.397,53.804,1
1784729248,258175293,118.77,0.715,119.463,38.629,1
1784729248,324729492,130.161,0.758,130.906,77.986,1
1784729248,358005615,153.089,0.864,153.933,56.308,1
1784729248,424556152,137.101,0.911,137.995,50.613,1
1784729248,457830566,147.545,0.616,148.145,43.431,1
1784729248,524377197,129.002,1.183,130.176,48.565,1
1784729248,557649658,148.717,0.561,149.254,52.369,1
1784729248,624192627,138.975,0.58,139.536,56.823,1
1784729248,690733154,122.895,1.253,124.121,51.083,1
1784729248,724002441,140.744,0.554,141.278,50.471,1
1784729248,790609375,131.144,1.027,132.16,57.469,1
1784729248,823945801,152.807,0.986,153.841,54.965,1
1784729248,923955078,110.006,0.679,110.665,56.905,1
1784729248,990627930,106.833,0.67,107.484,63.491,1
1784729249,57301025,111.586,0.602,112.168,71.358,1
1784729249,90637451,128.962,0.612,129.551,50.719,1
1784729249,123974121,144.291,0.587,144.858,48.645,1
1784729249,190647461,130.854,0.675,131.478,53.291,1
1784729249,223984131,146.369,0.597,146.944,48.805,1
1784729249,290657715,123.893,0.894,124.935,44.485,1
1784729249,323994385,152.874,1.049,153.924,62.478,1
1784729249,390667969,129.596,0.832,130.414,43.177,1
1784729249,424004883,137.465,0.622,138.068,41.004,1
1784729249,524015869,108.219,0.57,108.766,70.71,1
1784729249,590689697,106.715,0.612,107.305,65.213,1
1784729249,657364014,110.462,0.62,111.058,70.426,1
1784729249,690701172,121.681,0.735,122.349,44.623,1
1784729249,757375732,108.26,0.559,108.797,53.128,1
1784729249,823973389,120.038,0.632,120.696,78.448,1
1784729249,857271484,143.743,0.593,144.333,56.964,1
1784729249,923865967,115.673,0.574,116.227,38.508,1
1784729249,990458496,113.189,0.555,113.723,64.088,1
1784729250,57049072,106.903,0.571,107.453,60.32,1
1784729250,123637451,112.505,0.905,113.312,72.446,1
1784729250,156930908,121.004,0.758,121.748,41.717,1
1784729250,223516357,112.182,0.963,113.129,57.975,1
1784729250,290099854,112.786,0.571,113.334,66.794,1
1784729250,323390625,121.599,0.7,122.281,42.23,1
1784729250,389970947,107.398,0.574,107.951,52.258,1
1784729250,456549316,110.97,0.558,111.504,70.132,1
1784729250,523125488,107.48,0.553,108.01,63.083,1
1784729250,589699707,109.364,0.621,109.963,68.526,1
1784729250,656271973,112.004,0.571,112.555,69.165,1
1784729250,722842041,112.152,0.624,112.754,66.77,1
1784729250,756127930,129.286,0.615,129.88,50.41,1
1784729250,789467041,141.477,0.803,142.262,45.719,1
1784729250,889484619,119.011,0.654,119.644,77.403,1
1784729250,922823975,140.763,0.651,141.393,55.086,1
1784729250,956163330,149.774,0.587,150.336,42.285,1
1784729250,989502686,179.221,0.604,179.798,62.802,1
1784729251,89520752,127.772,0.793,128.546,48.759,1
1784729251,122860352,153.54,0.7,154.228,59.014,1
1784729251,189539307,126.905,1.817,128.64,41.071,1
1784729251,222878906,155.707,1.019,156.726,61.433,1
1784729251,289558105,138.747,0.847,139.57,49.541,1
1784729251,356237305,130.17,0.731,130.88,57.992,1
1784729251,422916748,112.873,0.67,113.524,49.327,1
1784729251,489596191,109.678,0.652,110.309,63.466,1
1784729251,556275879,108.589,0.552,109.12,65.492,1
1784729251,622955566,108.56,0.608,109.148,66.706,1
1784729251,689635254,107.11,0.857,107.949,65.476,1
1784729251,756315430,110.574,0.557,111.111,69.849,1
1784729251,823045166,116.042,0.849,116.871,72.482,1
1784729251,856427979,137.032,0.68,137.684,54.204,1
1784729251,889810547,145.772,0.66,146.41,42.106,1
1784729251,956576172,121.988,1.13,123.114,43.452,1
1784729252,23342041,116.303,0.631,116.909,60.58,1
1784729252,90107910,113.481,0.809,114.273,64.126,1
1784729252,156874023,117.538,0.861,118.376,70.866,1
1784729252,190256836,131.563,1.177,132.727,47.725,1
1784729252,223640137,161.5,0.715,162.198,62.861,1
1784729252,290406250,139.086,0.796,139.83,44.398,1
1784729252,323789551,156.241,0.682,156.902,50.464,1
1784729252,390555908,133.642,0.629,134.25,44.115,1
1784729252,457322510,116.438,0.635,117.056,49.57,1
1784729252,524089111,109.776,0.602,110.359,60.072,1
1784729252,590855957,108.257,0.576,108.813,65.221,1
1784729252,657622803,107.313,0.647,107.939,65.893,1
1784729252,724389893,113.854,0.675,114.508,73.336,1
1784729252,791156006,114.957,0.787,115.726,67.981,1
1784729252,824572021,141.896,0.592,142.464,60.158,1
1784729252,891405518,125.367,0.75,126.09,50.456,1
1784729252,924822998,137.599,0.857,138.671,45.757,1
1784729252,991659424,112.297,0.691,112.969,41.378,1
1784729253,58498047,105.691,0.578,106.25,60.12,1
1784729253,125338623,108.976,0.632,109.587,70.178,1
1784729253,192181152,106.951,0.68,107.611,64.867,1
1784729253,259025879,124.714,1.107,125.829,85.031,1
1784729253,292448975,136.154,0.634,136.766,44.39,1
1784729253,325872803,154.102,0.649,154.73,51.386,1
1784729253,359296875,164.55,0.812,165.346,44.038,1
1784729253,392721436,173.175,0.564,173.718,41.803,1
1784729253,459572266,145.196,0.824,146.007,39.129,1
1784729253,526425293,140.741,1.114,141.838,62.692,1
1784729253,593280273,129.815,0.708,130.51,55.517,1
1784729253,660137207,110.749,0.547,111.276,47.635,1
1784729253,726996338,106.233,0.581,106.793,62.376,1
1784729253,793855713,105.461,0.608,106.047,66.113,1
1784729253,860530273,109.45,0.671,110.099,70.724,1
1784729253,927205078,114.861,2.614,117.464,74.015,1
1784729253,960542480,125.909,0.585,126.473,42.374,1
1784729254,27217285,109.598,0.576,110.154,50.357,1
1784729254,93892090,107.151,0.68,107.822,64.331,1
1784729254,160567139,108.954,0.712,109.649,68.51,1
1784729254,227241943,110.344,0.619,110.942,67.971,1
1784729254,260579346,128.641,0.658,129.28,51.672,1
1784729254,293916748,143.863,2.657,146.539,50.556,1
1784729254,360591797,126.542,0.752,127.278,47.451,1
1784729254,393929199,144.534,0.605,145.119,51.187,1
1784729254,460604004,139.045,0.734,139.758,61.312,1
1784729254,527279053,110.948,0.571,111.498,38.416,1
1784729254,593954102,109.254,0.69,109.926,65.101,1
1784729254,660628906,106.155,0.55,106.684,63.435,1
1784729254,727303955,109.499,0.635,110.114,70.104,1
1784729254,793979492,108.527,0.69,109.198,65.757,1
1784729254,860589355,116.983,0.566,117.528,74.943,1
1784729254,893893799,143.612,0.595,144.185,59.961,1
1784729254,960500732,115.22,0.669,115.869,38.29,1
1784729255,27105957,109.178,0.645,109.804,60.541,1
1784729255,93709473,109.14,0.605,109.68,66.481,1
1784729255,160311035,105.638,0.615,106.234,63.154,1
1784729255,226910645,105.434,0.657,106.074,66.439,1
1784729255,293508301,113.993,0.781,114.752,75.272,1
1784729255,326806396,130.216,0.832,131.035,49.563,1
1784729255,393401367,112.074,0.565,112.618,48.202,1
1784729255,459994385,107.767,0.553,108.299,62.274,1
1784729255,526585693,106.924,0.649,107.554,65.844,1
1784729255,593174805,109.754,0.576,110.309,69.344,1
1784729255,659762451,108.265,0.621,108.865,65.145,1
1784729255,726347900,111.053,0.602,111.636,69.357,1
1784729255,792932861,109.8,0.667,110.379,65.326,1
1784729255,859694824,115.331,0.757,116.067,72.448,1
1784729255,893075684,139.3,0.974,140.225,57.515,1
1784729255,926456543,153.093,0.725,153.8,46.978,1
1784729255,993218506,138.645,2.249,142.073,53.832,1
1784729256,26599609,155.124,1.212,156.339,48.821,1
1784729256,93361816,136.926,0.818,137.726,48.178,1
1784729256,160123779,117.736,0.582,118.297,47.338,1
1784729256,226885986,109.879,0.667,110.526,58.991,1
1784729256,293648438,110.273,0.714,110.968,67.205,1
1784729256,360410645,108.461,2.657,111.1,66.892,1
1784729256,393791992,131.448,1.055,132.488,54.761,1
1784729256,427173096,148.565,0.763,149.3,50.204,1
1784729256,493935791,138.091,0.975,139.051,56.494,1
1784729256,527316895,155.622,0.785,156.461,50.729,1
1784729256,594079590,124.575,1.103,125.667,36.023,1
1784729256,660842285,109.698,0.577,110.252,51.375,1
1784729256,727604980,112.533,0.649,113.159,69.669,1
1784729256,760986572,125.555,0.776,126.301,46.522,1
1784729256,827680664,116.74,0.688,117.408,57.799,1
1784729256,861100830,148.18,0.6,148.759,64.774,1
1784729256,927943115,115.967,0.575,116.519,34.603,1
1784729256,994787598,109.239,0.557,109.775,60.101,1
1784729257,61634277,120.291,1.364,121.652,78.694,1
1784729257,95058350,154.559,0.905,155.452,67.238,1
1784729257,161908203,144.744,0.614,145.334,56.743,1
1784729257,195333984,176.777,1.21,177.986,66.057,1
1784729257,262187012,148.575,0.623,149.176,38.068,1
1784729257,295614258,153.053,2.03,155.031,39.235,1
1784729257,395899658,113.056,0.622,113.656,58.954,1
1784729257,429329102,145.396,0.61,145.979,65.755,1
1784729257,496189941,125.671,0.767,126.416,47.291,1
1784729257,529621094,130.235,0.766,130.974,37.989,1
1784729257,596484863,110.497,0.561,111.036,46.934,1
1784729257,663351074,104.66,0.609,105.248,61.078,1
1784729257,730219238,109.961,0.571,110.512,72.132,1
1784729257,797089600,106.42,0.743,107.147,63.501,1
1784729257,863909180,115.223,0.656,115.86,75.533,1
1784729257,897246826,141.67,0.7,142.351,59.83,1
1784729257,963922119,113.741,0.587,114.309,38.634,1
1784729258,30597412,110.199,0.553,110.747,63.1,1
1784729258,97272705,107.226,0.557,107.763,63.707,1
1784729258,163947998,104.481,0.706,105.169,64.079,1
1784729258,230623535,109.759,0.772,110.468,71.971,1
1784729258,330636719,111.591,0.633,112.202,101.753,1
1784729258,397312012,117.507,1.132,118.78,73.08,1
1784729258,463987549,110.751,0.994,111.733,59.793,1
1784729258,530663330,108.032,0.568,108.581,63.53,1
1784729258,597338867,105.86,0.574,106.414,64.511,1
1784729258,664014404,106.101,0.571,106.651,66.913,1
1784729258,730690186,107.276,0.646,107.903,67.926,1
1784729258,797365967,107.832,0.816,108.63,67.4,1
1784729258,864046631,110.236,0.572,110.789,68.843,1
1784729258,930739746,105.747,0.602,106.327,62.231,1
1784729258,997433350,106.419,0.594,107.046,67.359,1
1784729259,64127441,104.387,0.616,104.983,64.684,1
1784729259,130821777,107.96,0.634,108.573,70.285,1
1784729259,197516357,107.986,0.562,108.527,66.649,1
1784729259,264211426,112.817,0.588,113.382,71.551,1
1784729259,330906982,107.802,0.548,108.33,61.643,1
1784729259,397602783,110.669,0.601,111.251,69.614,1
1784729259,464299072,111.207,0.715,111.906,67.346,1
1784729259,497647217,130.552,0.65,131.18,52.628,1
1784729259,564343994,115.15,0.844,116.106,51.49,1
1784729259,597692627,129.817,0.8,130.595,47.967,1
1784729259,631041260,136.501,0.571,137.052,39.81,1
1784729259,764436523,104.496,0.576,105.05,101.393,1
1784729259,831151367,113.495,0.651,114.123,75.788,1
1784729259,864462158,134.614,0.704,135.301,54.483,1
1784729259,897772705,146.695,0.705,147.379,45.39,1
1784729259,964392334,125.161,0.661,125.805,45.047,1
1784729259,997701660,142.933,0.594,143.505,51.012,1
1784729260,64318848,116.066,0.769,116.819,39.926,1
1784729260,130934570,112.56,0.613,113.15,62.952,1
1784729260,197548340,107.786,0.643,108.412,61.875,1
1784729260,264160645,108.711,0.734,109.425,67.625,1
1784729260,330771240,105.21,0.624,105.858,62.999,1
1784729260,397380371,107.592,0.556,108.128,68.926,1
1784729260,463987793,106.476,0.575,107.031,65.51,1
1784729260,530593506,109.795,2.222,111.957,71.51,1
1784729260,563895752,127.07,0.573,127.621,48.988,1
1784729260,630499023,111.506,0.57,112.056,51.038,1
1784729260,697100586,107.513,0.556,108.049,62.595,1
1784729260,763700439,116.369,0.994,117.359,75.882,1
1784729260,796999756,138.841,0.87,139.677,55.63,1
1784729260,830298828,161.724,0.906,162.613,56.243,1
1784729260,897164795,134.425,1.006,135.417,39.667,1
1784729260,964033691,122.001,1.046,123.042,54.484,1
1784729260,997468994,141.888,0.838,142.673,53.081,1
1784729261,30905029,163.812,0.808,164.602,55.364,1
1784729261,97779297,146.734,0.596,147.307,49.586,1
1784729261,164656006,125.868,0.805,126.658,46.221,1
1784729261,198095459,140.385,0.663,141.03,47.815,1
1784729261,264976318,119.926,2.667,122.59,48.416,1
1784729261,298417725,139.861,0.642,140.48,51.357,1
1784729261,365302490,121.191,1.049,122.055,48.439,1
1784729261,398745850,128.366,1.096,129.474,40.849,1
1784729261,465634766,107.612,0.674,108.266,45.717,1
1784729261,532526123,106.784,0.603,107.367,65.992,1
1784729261,599420166,107.186,1.176,108.349,67.858,1
1784729261,632868408,122.158,0.776,122.917,48.023,1
1784729261,699766602,107.964,0.553,108.497,52.489,1
1784729261,766667236,109.089,0.558,109.625,68.029,1
1784729261,833568604,105.558,0.943,106.489,63.75,1
1784729261,900188232,114.801,1.236,116.085,76.063,1
1784729261,966806152,105.403,0.597,105.979,56.676,1
1784729262,33422363,110.322,0.596,110.86,71.5,1
1784729262,100036865,114.276,0.875,115.138,70.884,1
1784729262,133343506,131.75,0.893,132.622,50.79,1
1784729262,166649658,152.228,0.987,153.198,53.868,1
1784729262,233260742,140.894,0.641,141.519,54.948,1
1784729262,299870361,122.261,0.787,123.033,48.117,1
1784729262,333174316,145.372,0.6,145.949,56.233,1
1784729262,399781250,115.843,0.826,116.637,37.291,1
1784729262,499688477,107.217,0.632,107.829,91.102,1
1784729262,566291260,107.025,0.584,107.59,66.365,1
1784729262,632892334,108.35,0.611,108.942,67.952,1
1784729262,666192139,141.295,0.829,142.08,66.425,1
1784729262,732790771,118.835,0.699,119.521,44.04,1
1784729262,766089355,139.795,0.716,140.416,54.204,1
1784729262,832686768,139.935,0.573,140.484,66.67,1
1784729262,899406006,117.669,0.719,118.371,44.602,1
1784729262,932765869,137.862,0.572,138.412,53.404,1
1784729262,966125977,147.513,0.608,148.1,43.047,1
1784729263,32847168,129.437,0.895,130.311,48.918,1
1784729263,66208008,147.895,0.566,148.439,51.505,1
1784729263,132930664,119.421,0.914,120.336,38.589,1
1784729263,199654053,109.611,0.803,110.396,56.812,1
1784729263,266378418,124.2,0.622,124.799,81.128,1
1784729263,299740967,162.46,0.684,163.127,71.688,1
1784729263,366466797,142.992,0.689,143.659,47.26,1
1784729263,433193604,116.041,1.628,117.654,40.715,1
1784729263,499921387,106.65,0.609,107.237,56.318,1
1784729263,566649902,107.184,0.597,107.757,67.249,1
1784729263,633379639,110.049,0.693,110.723,69.693,1
1784729263,666744629,132.099,1.025,132.835,55.474,1
1784729263,766841553,107.898,0.625,108.487,75.755,1
1784729263,833573730,116.015,0.678,116.669,74.911,1
1784729263,866893066,125.592,1.023,126.607,43.239,1
1784729263,933531006,114.434,0.791,115.201,55.251,1
1784729264,167236,109.082,0.574,109.636,61.074,1
1784729264,66802246,107.057,0.553,107.59,64.59,1
1784729264,133436035,107.013,0.582,107.575,66.618,1
1784729264,200068359,107.071,0.556,107.606,66.663,1
1784729264,266699219,108.066,0.555,108.6,67.625,1
1784729264,366643066,106.847,0.64,107.467,98.811,1
1784729264,466583984,106.921,0.66,107.557,100.031,1
1784729264,533209473,108.5,0.557,109.035,68.104,1
1784729264,599833740,107.867,0.552,108.397,65.986,1
1784729264,666456543,111.443,0.635,112.053,70.277,1
1784729264,733077881,110.924,0.691,111.594,66.163,1
1784729264,799697998,111.317,0.825,112.126,67.146,1
1784729264,866405029,117.933,0.905,118.811,73.387,1
1784729264,933198242,110.12,0.611,110.709,58.702,1
1784729264,999992188,108.823,0.557,109.36,65.445,1
1784729265,66786865,108.375,0.584,108.937,66.372,1
1784729265,133581787,107.681,0.573,108.231,66.089,1
1784729265,200377686,106.152,0.569,106.7,65.265,1
1784729265,267174072,106.634,0.601,107.214,67.309,1
1784729265,333971191,106.114,0.742,106.837,66.421,1
1784729265,400768799,107.412,0.609,108.002,67.963,1
1784729265,467566895,105.827,0.577,106.383,65.18,1
1784729265,534365967,107.024,0.572,107.574,67.989,1
1784729265,601165283,107.909,0.571,108.459,67.684,1
1784729265,667965576,108.249,0.594,108.825,67.165,1
1784729265,701365723,129.365,0.806,130.156,54.724,1
1784729265,768166992,121.27,0.598,121.845,58.5,1
1784729265,801567627,152.529,0.667,153.176,64.728,1
1784729265,868358154,130.698,0.69,131.364,44.979,1
1784729265,901748779,144.657,0.743,145.319,47.345,1
1784729265,968530273,149.764,0.817,150.566,72.017,1
1784729266,35312256,130.59,0.945,131.511,47.734,1
1784729266,68703613,149.367,0.564,149.911,51.8,1
1784729266,135486084,121.116,0.604,121.703,38.572,1
1784729266,202269287,115.503,0.962,116.445,61.515,1
1784729266,269052734,108.776,0.753,109.509,59.856,1
1784729266,335836670,105.262,0.751,105.994,63.273,1
1784729266,402620850,106.195,0.596,106.772,67.563,1
1784729266,469405518,104.876,0.581,105.437,65.45,1
1784729266,536190674,105.727,0.628,106.33,67.678,1
1784729266,602976074,107.436,0.583,108.0,68.455,1
1784729266,669761963,106.254,0.57,106.804,65.59,1
1784729266,736548340,109.469,0.823,110.283,70.246,1
1784729266,769941650,144.262,0.682,144.922,68.049,1
1784729266,836727539,137.575,0.72,138.276,60.137,1
1784729266,903469238,126.471,0.724,127.164,55.63,1
1784729266,936852783,134.69,0.746,135.419,41.629,1
1784729267,3620117,113.316,0.617,113.916,45.276,1
1784729267,70387695,115.279,0.665,115.929,68.773,1
1784729267,103771484,123.276,0.861,124.122,41.574,1
1784729267,170539307,119.013,0.807,119.787,62.443,1
1784729267,203923096,145.081,0.713,145.774,59.369,1
1784729267,270691162,127.713,0.77,128.466,49.457,1
1784729267,304075195,141.251,0.609,141.839,46.765,1
1784729267,370843262,114.264,0.564,114.809,39.739,1
1784729267,437611816,107.821,0.641,108.366,60.326,1
1784729267,504380127,103.613,0.576,104.169,62.572,1
1784729267,571148682,103.873,0.559,104.411,67.011,1
1784729267,637917480,103.514,0.589,104.077,66.435,1
1784729267,704686523,102.789,0.581,103.346,66.038,1
1784729267,771455566,104.448,0.957,105.388,68.803,1
1784729267,804840088,137.782,1.271,139.035,67.016,1
1784729267,838224609,140.35,3.699,144.047,38.396,1
1784729267,871608643,156.957,0.743,157.683,47.038,1
1784729267,938288086,137.606,0.688,138.271,47.268,1
1784729267,971627686,151.386,0.626,151.994,47.065,1
1784729268,38307373,131.339,0.829,132.149,46.825,1
1784729268,104987061,124.715,0.67,125.358,59.9,1
1784729268,138326904,140.233,1.177,141.254,49.145,1
1784729268,205006592,120.907,1.017,121.898,47.406,1
1784729268,271686768,113.167,0.766,113.914,58.696,1
1784729268,338366699,120.665,0.67,121.312,74.087,1
1784729268,405047119,109.089,0.811,109.88,55.249,1
1784729268,471727539,103.525,0.57,104.073,60.875,1
1784729268,538407959,104.471,0.636,105.087,67.695,1
1784729268,605088623,104.943,0.706,105.565,67.158,1
1784729268,671769287,105.415,0.634,106.028,67.144,1
1784729268,738450195,104.674,0.615,105.267,65.919,1
1784729268,805131348,144.674,0.85,145.5,106.906,1
1784729268,838471924,145.11,0.69,145.784,33.624,1
1784729268,938506592,105.389,0.618,105.986,60.244,1
1784729269,5200684,103.832,0.557,104.367,65.075,1
1784729269,71895020,109.25,0.655,109.885,72.213,1
1784729269,138589844,105.736,0.577,106.294,63.104,1
1784729269,205285156,105.748,0.676,106.405,66.804,1
1784729269,271980469,108.937,0.596,109.513,69.805,1
1784729269,338676514,109.274,0.711,109.964,67.147,1
1784729269,405372803,109.568,0.621,110.168,66.903,1
1784729269,472069336,107.7,0.637,108.313,64.84,1
1784729269,538766602,103.898,0.668,104.545,62.929,1
1784729269,605463867,104.378,0.74,105.096,67.249,1
1784729269,672161621,103.86,0.549,104.388,65.991,1
1784729269,738859863,106.375,0.63,106.984,69.294,1
1784729269,805558350,107.783,0.712,108.463,68.173,1
1784729269,872257568,114.748,7.275,122.038,80.237,1
1784729269,905569824,138.101,0.938,139.058,50.334,1
1784729270,5503906,104.555,0.576,105.109,66.024,1
1784729270,72124756,105.43,0.574,105.981,67.494,1
1784729270,138743896,105.787,0.749,106.461,67.098,1
1784729270,205361572,104.919,0.709,105.61,65.767,1
1784729270,271977295,115.887,0.876,116.821,77.745,1
1784729270,338591797,105.753,0.677,106.396,56.273,1
1784729270,405204346,107.54,0.771,108.24,68.451,1
1784729270,471815430,105.874,0.686,106.537,64.913,1
1784729270,538425049,105.705,0.769,106.454,66.525,1
1784729270,605032715,105.321,0.8,106.088,66.241,1
1784729270,671639160,106.081,0.799,106.86,67.378,1
1784729270,738243652,106.741,0.725,107.445,67.189,1
1784729270,804846680,111.421,0.775,112.169,71.328,1
1784729270,871449463,117.64,0.663,118.288,72.718,1
1784729270,904840820,154.161,0.694,154.826,69.935,1
1784729271,5015869,116.802,0.914,117.703,63.042,1
1784729271,38407959,134.799,0.886,135.663,51.357,1
1784729271,105192139,115.351,0.718,116.049,47.176,1
1784729271,138584473,141.141,0.556,141.676,59.02,1
1784729271,205369385,124.268,1.512,125.77,50.85,1
1784729271,238761963,139.051,0.789,139.874,47.47,1
1784729271,305547363,129.345,0.621,130.005,56.909,1
1784729271,338940430,148.783,0.774,149.547,52.986,1
1784729271,405726563,139.458,0.661,140.098,57.348,1
1784729271,472513428,125.309,1.089,126.376,53.056,1
1784729271,505906738,141.034,0.842,141.861,48.881,1
1784729271,572694092,125.277,0.831,126.089,51.012,1
1784729271,606088135,138.801,0.581,139.361,46.675,1
1784729271,672875977,111.309,0.928,112.226,39.638,1
1784729271,739664551,118.523,1.135,119.792,74.2,1
1784729271,839848145,112.737,0.673,113.39,93.949,1
1784729271,906588867,106.278,0.665,106.925,60.271,1
1784729271,973282715,114.461,0.764,115.203,74.975,1
1784729272,6629883,142.903,0.769,143.652,61.798,1
1784729272,73324463,145.576,0.62,146.175,69.218,1
1784729272,140019531,138.921,0.657,139.553,60.073,1
1784729272,206714844,130.807,0.645,131.43,58.57,1
1784729272,240062744,147.657,0.567,148.256,50.123,1
1784729272,306758545,141.675,0.75,142.345,60.839,1
1784729272,373454834,111.396,0.636,112.013,36.363,1
1784729272,440151367,106.699,0.55,107.228,61.914,1
1784729272,506848389,105.186,0.572,105.738,65.206,1
1784729272,573545898,105.646,0.576,106.2,67.16,1
1784729272,640243652,106.694,0.567,107.241,67.738,1
1784729272,706941650,108.231,0.57,108.781,68.238,1
1784729272,773640137,109.085,0.579,109.638,67.555,1
1784729272,806989502,128.656,0.578,129.212,52.923,1
1784729272,873688721,133.687,0.807,134.477,71.952,1
1784729272,940470947,120.213,0.795,120.989,53.303,1
1784729273,40794434,114.633,0.578,115.189,94.529,1
1784729273,74237061,140.643,0.854,141.478,59.716,1
1784729273,141124268,125.652,0.732,126.314,51.731,1
1784729273,174569092,154.221,0.666,154.862,61.996,1
1784729273,241460693,127.892,0.888,128.774,40.788,1
1784729273,274907715,174.186,0.763,174.938,79.617,1
1784729273,375252930,131.824,0.713,132.517,57.932,1
1784729273,408702637,137.415,0.559,137.953,38.891,1
1784729273,509056641,104.26,0.736,104.976,67.377,1
1784729273,575962646,101.926,0.648,102.555,64.484,1
1784729273,642871826,103.449,0.576,104.004,68.36,1
1784729273,709783691,101.657,0.654,102.292,65.198,1
1784729273,776698730,104.244,0.569,104.793,69.417,1
1784729273,843616455,108.579,0.792,109.353,71.475,1
1784729273,877076416,139.824,0.547,140.35,64.461,1
1784729273,943872559,126.572,0.811,127.359,53.797,1
1784729273,977184326,147.074,0.771,147.845,53.781,1
1784729274,43806152,132.681,0.746,133.405,52.196,1
1784729274,110426758,120.902,0.958,121.838,55.052,1
1784729274,143736328,139.422,0.567,139.987,51.451,1
1784729274,210354248,114.337,1.278,115.605,42.242,1
1784729274,276970459,106.893,4.351,111.254,62.245,1
1784729274,343585205,104.644,0.643,105.265,60.659,1
1784729274,410198242,103.064,0.683,103.729,65.074,1
1784729274,476809814,104.876,0.723,105.58,68.464,1
1784729274,543419678,102.695,0.673,103.349,64.38,1
1784729274,610028076,105.147,0.637,105.764,69.023,1
1784729274,676634521,104.553,0.594,105.126,65.969,1
1784729274,743239502,105.155,0.734,105.873,67.347,1
1784729274,809843018,105.72,0.588,106.289,67.023,1
1784729274,876444824,109.414,0.783,110.178,70.483,1
1784729274,909743652,136.14,0.723,136.843,59.971,1
1784729274,976366699,124.119,0.757,124.857,54.637,1
1784729275,9677490,133.486,0.625,134.088,42.543,1
1784729275,42988037,149.267,0.674,149.925,49.14,1
1784729275,109607666,147.025,0.855,147.808,64.505,1
1784729275,176225586,134.24,0.738,134.958,53.772,1
1784729275,242842041,114.993,0.675,115.652,47.309,1
1784729275,276149658,137.246,0.885,138.06,55.717,1
1784729275,342763672,119.346,0.982,120.318,48.851,1
1784729275,376070068,129.751,1.231,130.978,43.947,1
1784729275,409376221,148.703,0.931,149.603,51.973,1
1784729275,475986816,114.405,0.809,115.195,32.198,1
1784729275,542595947,108.354,0.777,109.114,60.524,1
1784729275,609203613,107.76,0.723,108.581,65.965,1
1784729275,675809570,105.961,0.738,106.68,64.823,1
1784729275,742413818,106.624,0.806,107.412,67.332,1
1784729275,809016357,111.801,1.409,113.192,72.381,1
1784729275,908917236,120.369,0.599,120.946,107.661,1
1784729275,942369873,143.729,1.477,144.544,57.047,1
1784729276,9276611,132.973,0.653,138.469,55.969,1
1784729276,42730713,151.175,1.33,152.261,52.101,1
1784729276,109640381,129.64,0.752,130.376,45.028,1
1784729276,143096191,150.725,0.746,151.438,54.521,1
1784729276,210008789,138.611,0.589,139.157,54.636,1
1784729276,276923340,111.916,0.597,112.486,40.244,1
1784729276,343840088,112.271,0.676,112.931,67.357,1
1784729276,410758789,111.772,0.644,112.394,66.385,1
1784729276,477679443,103.653,0.64,104.269,58.798,1
1784729276,544602051,103.763,0.591,104.328,66.982,1
1784729276,611526611,104.412,0.647,104.97,67.566,1
1784729276,678453369,103.573,0.725,104.276,66.233,1
1784729276,745381836,104.898,0.687,105.566,68.218,1
1784729276,812312500,116.832,1.764,118.58,79.932,1
1784729276,879245117,112.009,0.636,112.628,60.989,1
1784729276,946050781,104.431,0.668,105.078,59.26,1
1784729277,12733643,101.883,0.648,102.502,64.106,1
1784729277,79416748,108.653,0.635,109.268,73.448,1
1784729277,112758301,141.597,2.446,144.04,68.078,1
1784729277,179441650,151.315,0.56,151.854,74.536,1
1784729277,246125244,121.062,1.241,122.287,37.11,1
1784729277,312808838,126.964,0.829,127.786,72.173,1
1784729277,346150879,144.616,0.575,145.17,50.742,1
1784729277,412834717,122.028,0.654,122.66,44.171,1
1784729277,479519043,109.122,0.624,109.724,53.75,1
1784729277,546203369,105.878,0.798,106.655,63.608,1
1784729277,612887939,103.431,0.643,104.052,64.089,1
1784729277,679572510,110.024,0.674,110.673,73.303,1
1784729277,746257568,112.144,0.62,112.745,68.758,1
1784729277,812942627,111.06,0.723,111.771,65.702,1
1784729277,846285156,130.602,0.869,131.446,53.019,1
1784729277,879627930,146.466,0.58,147.028,48.933,1
1784729277,946276123,126.888,0.974,127.833,47.451,1
1784729277,979580811,136.473,0.684,137.086,42.561,1
1784729278,79491943,104.6,0.617,105.197,68.023,1
1784729278,146097168,107.828,0.752,108.561,69.959,1
1784729278,179398926,137.01,0.791,137.782,62.531,1
1784729278,246001221,116.114,0.887,116.983,45.793,1
1784729278,279301758,151.135,1.957,155.125,69.326,1
1784729278,345901123,142.116,0.649,142.746,56.349,1
1784729278,379200195,148.906,0.72,149.604,40.152,1
1784729278,445796875,127.808,0.668,128.436,45.433,1
1784729278,479094727,144.772,0.559,145.311,50.175,1
1784729278,545688477,126.515,0.598,127.092,48.375,1
1784729278,578984863,135.416,0.578,135.975,42.179,1
1784729278,678870850,110.917,0.61,111.506,75.417,1
1784729278,745459229,110.969,0.739,111.69,66.77,1
1784729278,812045654,111.898,0.867,112.755,67.644,1
1784729278,878630127,110.017,0.818,110.823,64.648,1
1784729278,945228516,107.964,0.705,108.645,64.431,1
1784729279,11837646,106.753,0.872,107.511,65.459,1
1784729279,78445068,107.644,0.689,108.308,67.422,1
1784729279,145050293,104.995,0.709,105.686,63.983,1
1784729279,178352295,128.796,0.675,129.454,57.07,1
1784729279,211653809,139.225,0.669,139.872,43.72,1
1784729279,278255615,117.501,0.782,118.269,44.997,1
1784729279,311555664,139.439,0.657,140.077,55.109,1
1784729279,378154541,113.287,0.56,113.824,40.352,1
1784729279,444751465,109.124,0.559,109.662,62.433,1
1784729279,511346680,110.704,0.618,111.303,68.236,1
1784729279,577939941,105.464,0.571,106.015,61.306,1
1784729279,644531494,106.504,0.623,107.108,67.683,1
1784729279,711121094,106.633,0.57,107.18,66.663,1
1784729279,777708740,116.871,1.637,118.526,77.889,1
1784729279,811001953,126.3,1.197,127.499,42.289,1
1784729279,877586914,132.713,0.744,133.433,72.535,1
1784729279,910880127,145.876,0.727,146.576,46.44,1
1784729279,977645996,122.434,1.019,123.435,43.615,1
1784729280,11029053,131.262,0.649,131.885,41.843,1
1784729280,44412109,150.912,0.694,151.591,53.081,1
1784729280,111178223,129.937,0.931,130.852,46.029,1
1784729280,144561279,153.715,0.583,154.277,56.815,1
1784729280,211327637,123.51,0.544,124.034,36.523,1
1784729280,278094238,122.131,0.866,122.986,65.699,1
1784729280,344860840,111.599,0.626,112.207,56.004,1
1784729280,411627686,105.4,0.702,106.082,60.645,1
1784729280,478394775,111.238,0.563,111.78,72.466,1
1784729280,545161865,108.06,0.694,108.731,63.711,1
1784729280,611928955,106.602,0.918,107.502,65.533,1
1784729280,678696289,107.302,0.717,108.003,67.271,1
1784729280,745463867,110.871,0.71,111.563,70.332,1
1784729280,812231689,114.095,0.607,114.682,69.888,1
1784729280,878999268,114.377,0.589,114.945,67.032,1
1784729280,945799561,118.145,0.859,118.993,70.836,1
1784729280,979217041,132.342,1.038,133.041,47.474,1
1784729281,46053711,114.488,0.636,115.102,48.902,1
1784729281,79472656,128.25,0.552,128.782,47.098,1
1784729281,112892334,146.301,0.642,146.923,51.556,1
1784729281,179733154,118.364,1.135,119.482,39.399,1
1784729281,213154297,145.642,0.891,146.517,60.453,1
1784729281,279998291,127.566,0.739,128.274,48.605,1
1784729281,313421143,144.867,0.667,145.514,50.667,1
1784729281,380268311,114.391,0.564,114.935,36.269,1
1784729281,447117676,106.729,0.557,107.266,59.181,1
1784729281,513968994,104.975,0.636,105.592,65.176,1
1784729281,580822510,103.737,0.576,104.293,65.556,1
1784729281,647677979,104.578,0.567,105.208,67.688,1
1784729281,714535645,103.261,0.673,103.915,65.646,1
1784729281,781395508,104.86,0.591,105.43,68.375,1
1784729281,848257324,110.581,0.64,111.239,72.632,1
1784729281,881689209,142.283,0.659,142.868,65.101,1
1784729281,948478516,112.541,0.92,113.375,37.292,1
1784729282,15315186,111.786,0.702,112.473,65.934,1
1784729282,82154053,116.896,0.742,117.62,71.985,1
1784729282,148994873,116.792,0.671,117.407,66.631,1
1784729282,182416260,136.99,0.965,137.924,53.934,1
1784729282,215838135,157.753,3.448,161.219,56.677,1
1784729282,282683350,127.863,0.882,128.732,34.393,1
1784729282,349530762,115.218,0.736,115.938,54.06,1
1784729282,416380371,104.688,0.663,105.332,56.245,1
1784729282,483232178,101.035,0.731,101.749,63.271,1
1784729282,550086182,110.903,0.577,111.459,76.566,1
1784729282,616942139,106.186,0.665,106.828,62.221,1
1784729282,683800293,106.884,0.669,107.527,67.557,1
1784729282,750660645,104.422,0.664,105.069,64.399,1
1784729282,817523193,105.367,0.693,106.034,67.83,1
1784729282,884387939,106.186,0.622,106.789,67.624,1
1784729282,917821045,134.973,0.73,135.687,62.326,1
1784729282,984620605,119.442,1.157,120.586,51.683,1
1784729283,18040527,136.224,0.585,136.788,49.643,1
1784729283,84882324,116.014,2.304,118.327,48.344,1
1784729283,118303955,133.123,0.908,134.019,49.134,1
1784729283,185149170,110.263,0.581,110.823,43.665,1
1784729283,218572510,126.372,4.118,130.51,53.059,1
1784729283,251996338,155.716,0.949,156.666,59.599,1
1784729283,318845947,140.63,0.844,141.458,51.656,1
1784729283,352271484,167.593,0.821,168.393,60.369,1
1784729283,419124268,141.716,0.942,142.645,41.102,1
1784729283,485979248,137.798,1.549,138.382,62.604,1
1784729283,552836426,123.224,0.637,123.836,52.311,1
1784729283,586265869,139.527,0.588,140.09,49.685,1
1784729283,653126465,111.788,0.658,112.431,39.196,1
1784729283,719989258,107.676,0.562,108.215,62.652,1
1784729283,753421387,127.688,0.769,128.56,53.645,1
1784729283,820287598,105.753,5.654,111.418,49.818,1
1784729283,853721436,115.411,0.567,115.958,38.012,1
1784729283,920590820,112.875,0.682,113.536,64.445,1
1784729283,987460205,119.371,0.88,120.226,73.556,1
1784729284,20836182,139.193,0.68,139.853,53.009,1
1784729284,87588135,107.574,0.675,108.228,35.121,1
1784729284,154340088,104.701,0.625,105.308,63.833,1
1784729284,221091797,99.162,0.707,99.847,61.29,1
1784729284,287843506,111.054,0.644,111.616,78.526,1
1784729284,354594971,111.434,1.436,112.755,67.859,1
1784729284,421346436,102.679,0.795,103.458,57.481,1
1784729284,488097900,102.507,0.866,103.349,66.643,1
1784729284,554849121,104.166,0.652,104.793,68.2,1
1784729284,621600098,99.921,0.808,100.716,62.666,1
1784729284,688351318,102.834,0.618,103.432,69.473,1
1784729284,755102051,103.996,0.592,104.562,67.884,1
1784729284,821853027,100.573,0.612,101.159,63.348,1
1784729284,888603760,110.411,0.553,110.945,76.535,1
1784729284,955354248,105.963,0.807,106.756,62.543,1
1784729284,988729492,119.809,0.693,120.48,47.114,1
1784729285,55466309,106.465,0.557,107.002,53.263,1
1784729285,122202881,99.822,0.563,100.364,60.098,1
1784729285,188938965,98.678,0.609,99.265,65.637,1
1784729285,255674805,98.549,1.461,100.002,67.46,1
1784729285,322410156,105.0,0.691,105.677,72.414,1
1784729285,355777832,118.189,0.624,118.785,46.485,1
1784729285,422512451,102.366,0.62,102.965,50.914,1
1784729285,489247070,99.999,0.656,100.635,64.405,1
1784729285,555981201,100.617,0.563,101.16,67.261,1
1784729285,622714844,101.484,0.627,102.094,67.663,1
1784729285,689448242,101.878,0.677,102.531,67.172,1
1784729285,756181152,100.609,0.641,101.228,65.43,1
1784729285,822913818,112.087,0.721,112.786,78.282,1
1784729285,856280029,141.263,0.615,141.859,62.447,1
1784729285,923012207,136.152,0.8,136.964,61.803,1
1784729285,989743896,120.993,0.968,121.944,51.729,1
1784729286,23105713,133.377,0.578,133.936,45.372,1
1784729286,89828857,118.999,1.2,120.184,52.956,1
1784729286,123190186,132.643,0.937,133.575,46.75,1
1784729286,189912354,111.614,0.741,112.339,45.496,1
1784729286,223273193,133.743,0.571,134.293,55.324,1
1784729286,289994385,109.48,0.655,110.12,42.539,1
1784729286,323354736,134.145,2.99,137.145,60.348,1
1784729286,356715088,144.623,0.684,145.288,41.55,1
1784729286,456794922,104.156,0.568,104.705,59.497,1
1784729286,523513916,99.052,0.721,99.754,61.766,1
1784729286,590232666,100.502,0.669,101.152,68.118,1
1784729286,656950439,98.901,0.565,99.447,65.014,1
1784729286,723667725,98.858,0.752,99.591,66.859,1
1784729286,790384521,109.298,1.752,111.051,78.15,1
1784729286,823742676,114.256,0.561,114.796,37.132,1
1784729286,890458496,121.573,0.565,122.118,74.037,1
1784729286,923816162,126.634,0.897,127.51,38.747,1
1784729286,990531494,117.073,0.898,117.956,57.146,1
1784729287,23927979,141.385,0.716,142.071,57.526,1
1784729287,90722168,127.273,4.572,131.834,56.525,1
1784729287,124119629,155.765,4.916,160.697,62.242,1
1784729287,190916016,147.333,0.616,147.93,54.08,1
1784729287,257713623,134.193,1.323,135.507,54.363,1
1784729287,324512695,105.654,0.622,106.257,37.564,1
1784729287,391312988,101.887,0.675,102.537,63.08,1
1784729287,424713867,119.16,0.694,119.828,50.69,1
1784729287,458114746,137.082,0.671,137.737,51.307,1
1784729287,524917969,122.294,0.791,123.069,52.129,1
1784729287,591722656,113.55,0.621,114.147,57.893,1
1784729287,658528564,98.99,0.56,99.526,52.186,1
1784729287,725335938,105.415,0.683,105.972,73.252,1
1784729287,758740234,112.955,0.751,113.689,41.115,1
1784729287,825549561,107.428,0.701,108.11,61.232,1
1784729287,858954834,112.489,0.614,113.083,38.384,1
1784729287,925766357,111.312,1.499,112.801,66.513,1
1784729287,959172607,123.996,0.706,124.679,45.296,1
1784729287,992578613,145.855,0.571,146.405,55.137,1
1784729288,59308838,115.764,0.681,116.423,36.746,1
1784729288,126016113,109.57,0.776,110.329,60.606,1
1784729288,192722656,105.999,0.565,106.543,62.931,1
1784729288,226075439,117.762,0.853,118.597,45.4,1
1784729288,292780518,105.704,0.808,106.506,54.602,1
1784729288,359484863,121.346,0.854,122.178,82.377,1
1784729288,392836670,140.995,0.681,141.662,52.842,1
1784729288,459539551,112.966,0.943,113.993,38.934,1
1784729288,526241699,105.236,0.556,105.772,58.593,1
1784729288,592942871,100.496,0.624,101.053,61.982,1
1784729288,659643311,96.543,0.584,97.109,62.754,1
1784729288,726342529,97.33,0.565,97.874,67.465,1
1784729288,793041260,100.579,0.605,101.164,69.986,1
1784729288,859738770,101.941,0.776,102.703,68.227,1
1784729288,893087402,114.948,0.868,115.8,46.449,1
1784729288,959783691,103.452,0.898,104.335,55.23,1
1784729289,26479736,101.763,0.568,102.311,64.682,1
1784729289,93246826,98.669,0.633,99.282,63.737,1
1784729289,160031006,101.267,0.635,101.883,69.385,1
1784729289,193423584,117.631,0.865,118.476,49.978,1
1784729289,260209717,106.334,0.665,106.978,55.294,1
1784729289,293603271,122.68,0.826,123.485,49.897,1
1784729289,326997070,131.5,0.746,132.202,42.112,1
1784729289,427180420,100.393,4.98,105.377,73.334,1
1784729289,460575439,122.37,3.402,124.67,52.699,1
1784729289,527366699,119.359,0.912,120.245,62.374,1
1784729289,594158936,109.063,0.686,109.735,56.284,1
1784729289,660952393,99.303,0.576,99.857,56.923,1
1784729289,727747314,96.769,0.577,97.326,64.264,1
1784729289,794543213,102.996,0.848,103.826,73.294,1
1784729289,827941895,110.308,2.187,112.484,42.039,1
1784729289,894739746,106.847,0.842,107.67,62.003,1
1784729289,928139160,110.828,1.073,111.893,37.604,1
1784729289,994938965,106.926,0.65,107.557,62.483,1
1784729290,61720459,101.165,0.558,101.702,60.928,1
1784729290,128256592,97.975,0.573,98.528,63.362,1
1784729290,194789551,99.286,0.633,99.898,67.903,1
1784729290,261319580,98.956,0.573,99.509,66.141,1
1784729290,327846436,98.937,0.553,99.469,66.487,1
1784729290,394370117,102.562,0.654,103.198,70.248,1
1784729290,460890625,120.517,0.807,121.307,84.624,1
1784729290,494149658,155.181,0.899,156.063,68.015,1
1784729290,560665527,150.986,0.87,151.831,62.285,1
1784729290,627178467,157.601,0.61,158.191,72.882,1
1784729290,660433594,166.374,0.78,167.139,42.188,1
1784729290,726941650,152.617,0.71,153.307,52.685,1
1784729290,760194580,214.483,0.767,215.233,95.177,1
1784729290,859948486,211.286,0.629,211.892,96.421,1
1784729290,959695313,155.669,0.759,156.407,44.252,1
1784729291,26189209,139.669,0.565,140.213,50.31,1
1784729291,92719971,120.911,0.711,121.612,47.919,1
1784729291,125984131,140.589,0.572,141.141,52.803,1
1784729291,192510010,125.9,0.732,126.61,51.991,1
1784729291,225771729,150.73,0.676,151.379,58.033,1
1784729291,259032715,160.368,0.876,161.221,43.096,1
1784729291,358810547,125.804,0.78,126.542,65.106,1
1784729291,425325195,112.557,0.767,113.308,53.274,1
1784729291,458581299,137.704,0.671,138.356,58.305,1
1784729291,525091064,113.767,0.862,114.616,42.763,1
1784729291,591597656,109.589,0.695,110.262,62.167,1
1784729291,624849854,113.648,0.73,114.364,37.348,1
1784729291,691351563,106.994,0.605,107.566,59.709,1
1784729291,724601074,133.842,5.137,135.017,60.534,1
1784729291,757849854,132.866,4.303,137.148,35.539,1
1784729291,857591553,108.915,0.562,109.456,72.058,1
1784729291,924082031,102.905,0.592,103.475,60.508,1
1784729291,990569336,107.663,0.639,108.279,71.292,1
1784729292,57167236,119.317,0.665,119.957,78.275,1
1784729292,90514160,142.298,0.587,142.862,56.253,1
1784729292,123861328,149.563,0.628,150.168,40.651,1
1784729292,190556152,159.715,4.489,160.636,77.16,1
1784729292,257252197,142.395,0.681,143.056,49.119,1
1784729292,357298096,119.482,0.622,120.078,77.071,1
1784729292,423996582,112.179,0.577,112.735,59.356,1
1784729292,457346191,127.982,0.792,128.683,49.293,1
1784729292,524046143,116.145,0.828,116.962,54.969,1
1784729292,590747070,108.033,0.576,108.625,58.34,1
1784729292,657448975,107.019,0.677,107.674,65.79,1
1784729292,724151611,104.974,1.698,106.673,65.679,1
1784729292,790855469,105.28,0.764,106.025,66.074,1
1784729292,857560303,107.078,0.582,107.638,68.322,1
1784729292,924266113,107.023,0.75,107.755,66.821,1
1784729292,990972900,108.035,0.768,108.78,67.73,1
1784729293,57681885,110.644,0.575,111.2,69.132,1
1784729293,124400879,102.942,0.568,103.491,59.01,1
1784729293,191119141,104.414,0.574,104.966,68.192,1
1784729293,257836670,114.037,0.838,114.88,76.608,1
1784729293,291195313,130.683,1.145,131.824,50.298,1
1784729293,324553711,150.256,0.77,151.015,52.568,1
1784729293,391270020,128.252,1.311,129.555,45.242,1
1784729293,424627930,138.359,0.736,139.072,42.898,1
1784729293,491343018,115.035,0.957,115.831,43.47,1
1784729293,524700439,134.354,0.761,135.1,52.623,1
1784729293,591414795,114.583,1.349,115.93,47.528,1
1784729293,624771729,123.387,0.649,124.026,41.47,1
1784729293,691484863,109.385,0.574,109.938,52.635,1
1784729293,724841309,127.345,9.969,137.319,60.708,1
1784729293,824909424,119.296,0.701,119.977,82.752,1
1784729293,858265137,137.805,0.637,138.422,51.805,1
1784729293,924975830,114.708,0.554,115.241,43.53,1
1784729293,958331055,129.0,0.725,129.706,47.811,1
1784729294,25041016,116.018,0.667,116.665,53.67,1
1784729294,58394531,126.396,0.657,127.029,43.721,1
1784729294,125092773,114.158,0.632,114.772,54.44,1
1784729294,158441650,142.206,0.693,142.878,61.458,1
1784729294,225138428,117.969,0.997,118.943,42.749,1
1784729294,258486572,127.162,1.209,128.359,42.756,1
1784729294,325181885,111.064,0.923,111.97,50.324,1
1784729294,358529053,115.938,0.698,116.612,37.989,1
1784729294,425222900,107.495,0.563,108.038,58.126,1
1784729294,491915771,103.984,0.698,104.723,63.311,1
1784729294,558607422,107.999,0.672,108.636,70.67,1
1784729294,591952881,126.74,0.642,127.358,52.066,1
1784729294,691988037,105.494,0.739,106.213,78.89,1
1784729294,758676758,124.785,0.739,125.51,85.98,1
1784729294,792020752,145.216,0.62,145.812,53.654,1
1784729294,858707764,139.205,0.756,139.94,60.812,1
1784729294,925394043,121.582,0.778,122.302,49.043,1
1784729294,958736816,151.31,1.305,152.689,63.636,1
1784729295,25421387,136.358,0.589,136.925,51.021,1
1784729295,92110596,115.8,0.618,116.395,46.161,1
1784729295,125455322,140.33,0.608,140.913,57.862,1
1784729295,192143555,116.205,0.746,116.91,42.675,1
1784729295,225487305,136.634,0.794,137.409,53.851,1
1784729295,292173828,112.57,0.674,113.224,42.502,1
1784729295,358859131,111.517,0.643,112.14,65.602,1
1784729295,425543213,107.512,0.749,108.243,62.787,1
1784729295,492226074,104.77,0.569,105.319,63.761,1
1784729295,558907959,108.452,0.778,109.188,70.543,1
1784729295,592248291,120.249,0.99,121.222,45.375,1
1784729295,625588379,143.057,0.659,143.693,55.819,1
1784729295,692267578,127.372,0.821,128.164,51.145,1
1784729295,725606934,139.502,0.634,140.115,45.294,1
1784729295,825622803,126.038,1.273,127.323,87.191,1
1784729295,858960693,152.633,0.582,153.194,59.242,1
1784729295,925635742,144.86,0.645,145.47,58.948,1
1784729295,992309814,128.112,0.673,128.765,49.969,1
1784729296,25646240,147.666,0.838,148.491,53.053,1
1784729296,58982666,167.966,0.636,168.577,53.434,1
1784729296,92368408,193.788,0.658,194.421,59.231,1
1784729296,159140625,186.233,0.605,186.82,59.171,1
1784729296,192526855,213.088,2.495,215.555,62.114,1
1784729296,292687500,169.547,0.796,170.313,54.92,1
1784729296,359462402,157.641,0.65,158.262,54.73,1
1784729296,426238281,146.495,0.619,147.083,55.594,1
1784729296,493015137,121.411,0.668,122.059,41.752,1
1784729296,559792725,108.085,0.694,108.755,53.474,1
1784729296,626571289,107.747,0.858,108.589,66.609,1
1784729296,659961182,124.774,0.65,125.407,50.21,1
1784729296,693351074,146.538,0.577,147.095,55.083,1
1784729296,760131592,116.713,0.564,117.257,36.943,1
1784729296,826912842,123.881,0.601,124.462,73.984,1
1784729296,860303955,125.068,0.638,125.687,34.615,1
1784729296,960478516,108.403,0.624,109.008,83.498,1
1784729297,27262939,108.942,0.821,109.684,67.456,1
1784729297,93956299,119.506,0.606,120.193,77.102,1
1784729297,160559082,118.271,0.676,118.928,65.442,1
1784729297,227160645,114.828,0.566,115.374,63.049,1
1784729297,293760986,124.186,0.63,124.793,76.019,1
1784729297,393659180,103.88,0.562,104.424,79.529,1
1784729297,460256592,104.086,0.75,104.819,66.99,1
1784729297,526852783,103.127,0.674,103.78,65.561,1
1784729297,593447510,107.741,0.662,108.382,71.195,1
1784729297,660041016,111.806,0.897,112.688,70.894,1
1784729297,693337402,118.77,0.616,119.365,39.978,1
1784729297,793224609,107.649,0.565,108.193,88.718,1
1784729297,859814697,106.903,0.569,107.437,65.835,1
1784729297,926403320,106.571,0.587,107.137,66.287,1
1784729297,992990723,108.916,0.567,109.463,68.914,1
1784729298,59578125,106.645,0.66,107.287,64.41,1
1784729298,126196045,107.58,0.921,108.481,67.813,1
1784729298,192812988,107.223,0.56,107.763,65.899,1
1784729298,259428955,116.442,0.63,117.056,75.904,1
1784729298,292736572,142.079,0.749,142.796,59.049,1
1784729298,326043701,142.866,0.622,143.466,33.978,1
1784729298,359350830,172.12,0.597,172.68,62.523,1
1784729298,459270752,121.327,1.024,122.328,49.55,1
1784729298,492576904,138.569,0.574,139.123,50.121,1
1784729298,559188477,115.42,0.561,115.96,43.449,1
1784729298,592493896,121.369,0.648,122.004,39.34,1
1784729298,659103760,112.925,0.927,113.83,58.433,1
1784729298,692408447,137.28,1.256,138.524,57.99,1
1784729298,725712891,150.115,0.599,150.692,45.491,1
1784729298,792321045,118.475,0.586,119.043,34.958,1
1784729298,858928223,112.414,0.643,113.007,60.538,1
1784729298,925534424,109.806,0.582,110.366,64.001,1
1784729298,992139648,117.058,0.578,117.612,73.852,1
1784729299,25441895,120.292,0.86,121.133,36.816,1
1784729299,92062256,109.856,0.623,110.459,55.953,1
1784729299,158696777,109.505,0.646,110.133,66.307,1
1784729299,225330811,107.756,0.567,108.303,64.806,1
1784729299,291964111,110.986,0.564,111.529,69.859,1
1784729299,358596680,113.102,0.656,113.739,68.842,1
1784729299,425228760,107.605,0.609,108.193,61.087,1
1784729299,491859863,109.49,0.576,110.044,68.482,1
1784729299,558490479,110.447,0.62,111.044,67.631,1
1784729299,625120605,109.375,0.7,110.056,65.641,1
1784729299,691749756,117.171,0.662,117.817,74.383,1
1784729299,725064209,140.334,0.719,141.034,56.534,1
1784729299,758378418,137.612,0.765,138.358,30.637,1
1784729299,825006348,120.12,1.1,121.205,49.47,1
1784729299,891633545,113.605,0.613,114.199,59.633,1
1784729299,958260254,111.414,0.586,111.978,64.406,1
1784729300,24885986,114.828,0.535,115.341,69.99,1
1784729300,91524658,111.273,0.558,111.807,63.104,1
1784729300,158175049,112.949,0.577,113.504,68.347,1
1784729300,224824951,109.366,0.616,109.961,63.107,1
1784729300,291474365,110.425,0.575,111.006,67.667,1
1784729300,358123535,111.421,0.557,111.958,67.628,1
1784729300,424772217,106.892,0.599,107.471,62.16,1
1784729300,491420410,114.086,0.718,114.783,73.961,1
1784729300,524744385,120.569,0.827,121.379,39.913,1
1784729300,591392090,111.73,0.573,112.284,57.561,1
1784729300,658039307,117.015,0.624,117.618,71.981,1
1784729300,691363037,131.083,0.959,132.029,47.723,1
1784729300,724686279,146.494,0.668,147.137,48.44,1
1784729300,791332764,126.568,0.833,127.322,46.816,1
1784729300,824656006,144.391,0.583,144.954,50.975,1
1784729300,891301758,129.463,0.711,130.157,51.838,1
1784729300,924624512,148.486,0.651,149.117,52.292,1
1784729300,991270020,127.467,0.915,128.371,45.884,1
1784729301,24592529,142.651,0.579,143.209,48.179,1
1784729301,57915283,158.686,0.878,159.549,49.65,1
1784729301,124581787,131.551,0.963,132.504,39.619,1
1784729301,191248291,125.69,0.806,126.404,60.575,1
1784729301,257914551,110.984,0.562,111.523,51.793,1
1784729301,324580811,117.921,0.56,118.461,73.604,1
1784729301,357913818,127.3,0.554,127.834,42.706,1
1784729301,457912842,108.834,0.556,109.482,81.534,1
1784729301,524578857,110.198,0.575,110.753,68.049,1
1784729301,591244629,111.844,0.576,112.4,68.313,1
1784729301,657910156,112.074,0.613,112.664,66.93,1
1784729301,724575684,112.249,0.589,112.817,66.818,1
1784729301,757908447,149.265,0.593,149.837,70.351,1
1784729301,824573730,127.361,0.741,128.077,44.903,1
1784729301,857906250,141.243,0.648,141.867,47.126,1
1784729301,891239014,158.809,0.987,159.781,51.231,1
1784729301,957904053,125.869,0.806,126.663,33.552,1
1784729302,24569092,132.636,0.774,133.393,73.401,1
1784729302,57901611,143.045,1.204,144.231,44.156,1
1784729302,91241699,171.644,1.433,173.075,62.176,1
1784729302,157922119,153.58,0.744,154.308,47.937,1
1784729302,224602783,134.743,0.89,135.592,47.967,1
1784729302,257943115,151.244,0.705,151.928,49.676,1
1784729302,324623779,142.587,0.719,143.295,58.037,1
1784729302,391304688,124.811,1.057,125.767,49.161,1
1784729302,424645264,128.382,0.693,129.058,36.63,1
1784729302,491326416,115.078,0.569,115.627,53.259,1
1784729302,558007568,110.959,0.6,111.541,62.594,1
1784729302,624688965,114.651,0.591,115.221,70.361,1
1784729302,691370605,113.239,0.628,113.849,65.31,1
1784729302,758052246,119.405,0.587,119.973,72.806,1
1784729302,791393066,144.616,0.805,145.414,58.761,1
1784729302,858074951,128.365,0.798,129.156,50.428,1
1784729302,891416016,145.541,0.644,146.164,50.368,1
1784729302,958098145,143.435,0.883,144.289,64.801,1
1784729302,991439209,148.988,0.987,149.962,39.007,1
1784729303,58121338,130.985,0.866,131.943,48.554,1
1784729303,91546143,147.415,0.678,148.072,49.674,1
1784729303,158397461,123.991,1.046,125.0,43.766,1
1784729303,225251221,115.478,0.99,116.29,58.151,1
1784729303,292107178,126.099,0.621,126.697,77.271,1
1784729303,325536133,144.701,0.875,145.555,52.267,1
1784729303,358965576,164.446,0.985,165.418,53.299,1
1784729303,425826416,145.567,0.803,146.363,47.803,1
1784729303,492689697,125.23,0.786,126.004,46.505,1
1784729303,526122314,145.328,0.623,145.929,53.372,1
1784729303,592989014,124.64,1.094,125.712,46.628,1
1784729303,626423340,140.22,0.646,140.846,48.592,1
1784729303,693293701,125.025,0.949,125.961,51.971,1
1784729303,726729736,145.061,0.834,145.885,53.359,1
1784729303,793603760,125.788,0.986,126.818,47.719,1
1784729303,827041504,148.385,2.271,150.583,57.26,1
1784729303,893919189,129.526,0.76,130.27,46.599,1
1784729303,927358643,153.184,0.575,153.734,56.915,1
1784729303,994239746,120.797,0.631,121.409,34.553,1
1784729304,27681152,131.56,1.005,132.552,44.578,1
1784729304,94468262,123.147,0.927,124.054,58.292,1
1784729304,161322754,109.845,1.137,110.977,53.772,1
1784729304,228179688,109.058,0.569,109.606,65.5,1
1784729304,295039063,109.582,1.344,110.918,68.146,1
1784729304,361900635,110.049,0.579,110.607,66.576,1
1784729304,428764893,106.51,0.655,107.145,63.401,1
1784729304,495631592,106.429,0.561,106.971,66.693,1
1784729304,562500732,109.15,0.57,109.699,69.599,1
1784729304,629372314,109.736,0.558,110.274,67.446,1
1784729304,696246338,105.25,0.563,105.792,62.392,1
1784729304,763122559,117.656,1.404,118.9,79.976,1
1784729304,796561768,124.064,1.049,125.105,39.634,1
1784729304,863441895,108.099,0.632,108.711,50.504,1
1784729304,930324463,107.136,0.568,107.684,65.857,1
1784729304,997209473,108.181,0.578,108.74,67.94,1
1784729305,64096680,107.056,0.684,107.719,65.865,1
1784729305,130886963,108.583,0.58,109.131,68.205,1
1784729305,197582764,107.33,0.65,107.959,65.523,1
1784729305,264278809,108.766,0.77,109.517,68.254,1
1784729305,330975098,106.683,0.614,107.278,64.458,1
1784729305,397672119,107.421,0.639,108.041,67.458,1
1784729305,464369385,106.049,0.616,106.646,65.303,1
1784729305,531067139,107.149,0.57,107.7,67.752,1
1784729305,597765137,107.831,0.562,108.372,67.37,1
1784729305,664463623,107.282,0.55,107.811,66.138,1
1784729305,731162598,105.801,0.721,106.503,65.388,1
1784729305,797861816,108.642,0.569,109.192,69.391,1
1784729305,864561523,107.79,0.797,108.545,66.048,1
1784729305,897911621,129.478,0.838,130.255,55.051,1
1784729305,931261719,153.886,0.695,154.561,57.666,1
1784729305,997962158,129.955,1.074,131.028,43.143,1
1784729306,31312500,140.919,0.657,141.558,43.906,1
1784729306,98013916,119.777,1.119,120.776,45.899,1
1784729306,131411377,139.901,0.594,140.475,53.119,1
1784729306,198206787,120.395,0.813,121.166,47.485,1
1784729306,231604980,139.826,0.594,140.4,52.634,1
1784729306,298401123,119.571,0.575,120.124,46.521,1
1784729306,331799561,132.678,1.267,133.925,47.178,1
1784729306,365198242,148.373,0.63,148.982,48.478,1
1784729306,431995850,138.664,1.059,139.712,57.513,1
1784729306,498793945,114.97,0.894,115.843,42.94,1
1784729306,532193115,123.618,0.823,124.417,41.965,1
1784729306,598992188,107.204,0.58,107.764,50.158,1
1784729306,665791748,105.784,0.57,106.333,65.369,1
1784729306,732591797,106.023,0.608,106.596,67.061,1
1784729306,799392578,111.82,0.791,112.586,72.785,1
1784729306,832793213,122.27,0.899,123.153,43.963,1
1784729306,899594971,109.491,0.619,110.09,53.751,1
1784729306,966397217,107.105,0.598,107.682,64.394,1
1784729307,33199951,111.681,0.657,112.32,71.433,1
1784729307,66601563,128.462,0.789,129.239,50.314,1
1784729307,100002441,143.145,0.632,143.759,47.93,1
1784729307,732693359,124.76,1.097,125.856,614.765,1
1784729307,799282227,242.691,0.728,243.402,184.154,1
1784729307,832576172,216.239,0.917,217.131,7.019,1
1784729307,899162109,158.485,0.762,159.227,8.68,1
1784729307,932454590,165.1,0.879,165.96,40.029,1
1784729307,999037842,145.277,0.757,146.014,46.645,1
1784729308,65619141,115.426,0.611,116.017,36.587,1
1784729308,132222900,114.552,0.613,115.142,65.728,1
1784729308,198845703,110.581,0.979,111.548,63.014,1
1784729308,232156738,125.217,0.756,125.953,47.73,1
1784729308,298777100,130.14,0.667,130.793,71.454,1
1784729308,332086670,149.242,0.588,149.809,52.335,1
1784729308,398704590,119.649,0.841,120.472,37.276,1
1784729308,465320801,110.936,0.694,111.567,57.715,1
1784729308,531935303,106.478,0.579,107.037,62.086,1
1784729308,598548096,106.469,0.575,107.024,66.599,1
1784729308,665159180,109.961,0.727,110.67,70.256,1
1784729308,731768555,107.585,0.75,108.206,64.143,1
1784729308,798376465,114.974,0.609,115.563,73.968,1
1784729308,831679688,139.726,0.577,140.281,58.022,1
1784729308,898284912,118.811,0.568,119.358,45.683,1
1784729308,931586914,134.237,1.007,135.22,49.151,1
1784729308,998189453,130.35,0.787,131.114,62.501,1
1784729309,64790527,115.386,0.707,116.076,51.569,1
1784729309,131436523,108.58,0.568,109.128,59.7,1
1784729309,198126709,114.286,0.64,114.905,72.465,1
1784729309,264817383,119.67,1.174,120.868,72.612,1
1784729309,331508301,113.588,0.736,114.305,60.17,1
1784729309,398199463,287.448,1.145,288.512,240.886,1
