capture_sec,capture_nanosec,pick_logic_in_age_ms,pick_logic_compute_ms,pick_logic_out_age_ms,n_candidates,target_valid
1784729007,152259033,123.913,20.782,144.335,5,1
1784729007,185393066,165.179,1.475,166.563,5,1
1784729007,284744385,110.066,0.706,110.698,5,1
1784729007,384019775,79.819,0.954,80.692,5,1
1784729007,450161133,82.483,1.063,83.462,5,1
1784729007,516269043,83.294,0.766,83.986,5,1
1784729007,582343018,82.049,0.852,82.762,5,1
1784729007,648383301,83.514,0.991,84.424,5,1
1784729007,681390625,98.154,1.414,99.46,5,1
1784729007,747380371,96.138,1.394,97.443,5,1
1784729007,813336426,84.551,1.568,86.041,5,1
1784729007,879258545,135.07,4.405,139.35,5,1
1784729007,945156982,127.738,1.153,128.714,5,1
1784729008,11783447,114.017,1.397,115.201,5,1
1784729008,78406006,87.184,0.941,88.049,5,1
1784729008,145025146,86.194,0.894,87.007,5,1
1784729008,211640381,88.922,10.306,99.085,5,1
1784729008,244946777,160.127,0.766,160.814,5,1
1784729008,344860596,113.749,1.103,114.76,5,1
1784729008,411465088,91.993,0.713,92.631,5,1
1784729008,478066162,90.616,0.78,91.321,5,1
1784729008,544663574,86.009,0.719,86.647,5,1
1784729008,577960938,98.073,0.936,98.929,5,1
1784729008,644552979,86.608,0.753,87.285,5,1
1784729008,711141357,88.871,1.07,89.859,5,1
1784729008,744434326,98.282,0.911,99.114,5,1
1784729008,811017334,89.672,0.729,90.323,5,1
1784729008,877596680,89.829,0.817,90.568,5,1
1784729008,944173828,89.078,0.716,89.72,5,1
1784729009,10838135,90.664,0.71,91.299,5,1
1784729009,77501221,87.007,0.749,87.679,5,1
1784729009,144163330,89.942,0.741,90.607,5,1
1784729009,210824219,89.812,8.231,97.902,5,1
1784729009,244154297,109.03,1.315,110.246,5,1
1784729009,277484131,119.591,1.331,120.828,5,1
1784729009,344143066,93.718,0.883,94.522,5,1
1784729009,410800781,103.097,2.23,105.207,5,1
1784729009,444129150,114.544,4.998,115.447,5,1
1784729009,544113037,87.121,0.893,87.928,5,1
1784729009,610767578,84.538,0.959,85.403,5,1
1784729009,677420898,84.806,0.959,85.678,5,1
1784729009,744073242,86.051,1.099,87.066,5,1
1784729009,810724609,88.447,2.572,90.931,5,1
1784729009,844049805,105.552,1.036,106.488,5,1
1784729009,877374756,117.898,1.039,118.835,5,1
1784729009,944024170,92.717,0.761,93.403,5,1
1784729010,11027588,86.848,1.153,87.798,5,1
1784729010,78039551,84.206,0.895,85.013,5,1
1784729010,145060547,84.44,0.822,85.177,5,1
1784729010,212090088,84.543,0.833,85.266,5,1
1784729010,279128662,84.872,5.106,89.856,5,1
1784729010,346175781,84.725,1.076,85.711,5,1
1784729010,413231934,86.908,0.78,87.607,5,1
1784729010,446763184,97.209,0.835,97.964,5,1
1784729010,513832520,87.112,0.996,88.026,5,1
1784729010,580910645,81.729,0.652,82.308,5,1
1784729010,647997559,82.189,0.652,82.769,5,1
1784729010,715093262,81.755,0.741,82.419,5,1
1784729010,782197510,84.696,0.733,85.351,5,1
1784729010,849310791,88.977,0.847,89.736,5,1
1784729010,882870850,101.804,0.86,102.572,5,1
1784729010,916432861,118.831,0.978,119.722,5,1
1784729010,983301514,90.83,0.696,91.454,5,1
1784729011,49916748,80.884,0.641,81.45,5,1
1784729011,116529297,79.947,0.732,80.588,5,1
1784729011,183138672,79.942,0.839,80.707,5,1
1784729011,249745117,79.346,0.703,79.973,5,1
1784729011,316348389,82.173,4.19,86.244,5,1
1784729011,382948975,81.092,0.665,81.683,5,1
1784729011,449546387,84.166,0.658,84.752,5,1
1784729011,516140625,83.412,0.642,83.981,5,1
1784729011,582732178,80.8,0.689,81.416,5,1
1784729011,649320557,82.002,0.65,82.58,5,1
1784729011,715906006,82.371,0.784,83.077,5,1
1784729011,782488281,81.865,0.692,82.481,5,1
1784729011,849067871,85.784,0.653,86.364,5,1
1784729011,915644287,81.624,0.877,82.351,5,1
1784729011,982254883,83.274,0.765,83.962,5,1
1784729012,48897217,86.203,0.822,86.945,5,1
1784729012,115537842,98.616,0.854,99.387,5,1
1784729012,148857422,126.577,2.418,128.894,5,1
1784729012,215495361,114.488,0.979,115.385,5,1
1784729012,282131592,87.311,0.755,87.988,5,1
1784729012,348765869,84.288,4.537,88.683,5,1
1784729012,415398438,82.257,0.8,82.966,5,1
1784729012,482029053,83.149,0.884,83.938,5,1
1784729012,548658203,82.344,0.824,83.079,5,1
1784729012,615285400,82.921,1.126,83.968,5,1
1784729012,681910645,82.471,0.825,83.212,5,1
1784729012,748534424,83.903,0.957,84.772,5,1
1784729012,815156250,85.183,0.757,85.866,5,1
1784729012,881776367,85.899,0.73,86.553,5,1
1784729012,948395508,82.595,0.85,83.356,5,1
1784729013,15057129,83.065,0.868,83.854,5,1
1784729013,81717285,82.829,0.965,83.711,5,1
1784729013,148376709,82.468,0.68,83.073,5,1
1784729013,215034668,83.596,0.839,84.352,5,1
1784729013,281691650,88.257,0.791,88.948,5,1
1784729013,348347656,86.442,4.318,90.644,5,1
1784729013,415002441,84.499,0.877,85.282,5,1
1784729013,481656006,83.019,0.763,83.696,5,1
1784729013,548308594,83.81,0.863,84.59,5,1
1784729013,614959961,83.403,0.785,84.112,5,1
1784729013,681610352,83.321,0.864,84.104,5,1
1784729013,748259521,85.227,1.031,86.178,5,1
1784729013,814907715,88.101,0.789,88.81,5,1
1784729013,848231445,101.225,0.911,102.053,5,1
1784729013,914877686,87.013,0.652,87.593,5,1
1784729013,981536865,84.57,0.659,85.155,5,1
1784729014,48207520,83.435,0.653,84.015,5,1
1784729014,114877686,83.48,0.674,84.079,5,1
1784729014,181546631,90.152,0.648,90.727,5,1
1784729014,248215088,85.849,0.713,86.49,5,1
1784729014,314882813,84.415,0.666,85.01,5,1
1784729014,381549561,83.753,4.51,88.146,5,1
1784729014,448215576,86.767,0.66,87.354,5,1
1784729014,514881104,84.716,0.642,85.285,5,1
1784729014,581545410,84.852,0.658,85.438,5,1
1784729014,648209229,84.235,0.656,84.819,5,1
1784729014,714872314,84.477,0.703,85.106,5,1
1784729014,781534424,85.241,0.842,86.005,5,1
1784729014,848195801,86.886,0.846,87.557,5,1
1784729014,914856445,88.462,0.705,89.045,5,1
1784729014,981548340,86.233,0.8,86.961,5,1
1784729015,48272217,85.463,0.697,86.036,5,1
1784729015,114997314,85.173,0.671,85.77,5,1
1784729015,181723633,85.492,0.66,86.078,5,1
1784729015,248450928,85.097,0.716,85.739,5,1
1784729015,315179688,86.408,0.799,87.117,5,1
1784729015,381909180,85.775,5.994,91.648,5,1
1784729015,448640137,85.054,0.641,85.622,5,1
1784729015,515372314,85.659,0.658,86.245,5,1
1784729015,582105469,84.34,0.67,84.935,5,1
1784729015,648839844,84.938,0.643,85.508,5,1
1784729015,715575195,85.28,0.745,85.946,5,1
1784729015,782312012,85.862,1.025,86.805,5,1
1784729015,849049805,86.371,0.795,87.085,5,1
1784729015,915788818,87.568,0.77,88.266,5,1
1784729015,982501465,85.514,0.647,86.088,5,1
1784729016,49187256,84.517,0.638,85.082,5,1
1784729016,115872559,84.12,0.667,84.714,5,1
1784729016,182557373,84.239,0.65,84.816,5,1
1784729016,249241699,84.732,0.653,85.3,5,1
1784729016,315925537,85.445,0.657,86.029,5,1
1784729016,382608887,85.37,4.285,89.546,5,1
1784729016,449291748,88.257,0.658,88.842,5,1
1784729016,515974121,87.941,0.716,88.581,5,1
1784729016,582656250,85.527,0.658,86.113,5,1
1784729016,649337646,85.489,0.677,86.056,5,1
1784729016,716018555,86.186,0.784,86.892,5,1
1784729016,782698975,85.602,0.741,86.267,5,1
1784729016,849379150,86.831,0.753,87.506,5,1
1784729016,916058594,86.05,0.682,86.614,5,1
1784729016,982741943,85.465,0.66,86.053,5,1
1784729017,49429199,90.143,0.697,90.763,5,1
1784729017,116115723,88.74,0.802,89.462,5,1
1784729017,182801758,88.813,0.752,89.454,5,1
1784729017,249487549,85.556,0.655,86.138,5,1
1784729017,316172852,85.352,0.636,85.915,5,1
1784729017,382857666,86.201,4.329,90.416,5,1
1784729017,449541992,87.934,0.713,88.572,5,1
1784729017,516225830,86.177,0.664,86.767,5,1
1784729017,582909424,84.871,0.712,85.506,5,1
1784729017,649592285,87.588,0.655,88.171,5,1
1784729017,716274902,86.998,0.731,87.653,5,1
1784729017,782957031,85.818,0.721,86.462,5,1
1784729017,849638672,88.978,0.715,89.62,5,1
1784729017,916319824,87.725,0.654,88.307,5,1
1784729017,983004150,86.658,0.647,87.229,5,1
1784729018,49691406,86.497,0.651,87.075,5,1
1784729018,116378174,86.326,0.639,86.892,5,1
1784729018,183064453,87.192,0.792,87.91,5,1
1784729018,249750244,89.324,0.801,90.045,5,1
1784729018,316435547,90.372,0.664,90.964,5,1
1784729018,383120605,85.654,0.709,86.285,5,1
1784729018,449804932,88.67,4.436,92.994,5,1
1784729018,516489014,87.688,0.74,88.357,5,1
1784729018,583172852,89.135,0.715,89.775,5,1
1784729018,649855957,87.286,0.729,87.943,5,1
1784729018,716538574,86.562,0.812,87.3,5,1
1784729018,783220947,88.194,0.738,88.856,5,1
1784729018,849902832,91.127,0.77,91.821,5,1
1784729018,916584229,88.969,0.65,89.546,5,1
1784729018,983292236,86.145,0.654,86.728,5,1
1784729019,50027588,86.587,0.653,87.167,5,1
1784729019,116763916,86.306,0.637,86.872,5,1
1784729019,183501221,86.986,1.121,88.035,5,1
1784729019,250239502,86.797,0.655,87.379,5,1
1784729019,316979004,86.449,0.649,87.026,5,1
1784729019,383719238,87.518,0.757,88.198,5,1
1784729019,450460449,88.257,4.244,92.39,5,1
1784729019,517202637,88.19,0.652,88.771,5,1
1784729019,583946045,88.953,0.653,89.533,5,1
1784729019,650690186,86.216,0.643,86.785,5,1
1784729019,717435547,88.617,0.646,89.19,5,1
1784729019,784181641,87.591,0.681,88.196,5,1
1784729019,850928955,88.288,0.726,88.937,5,1
1784729019,917677246,85.563,0.649,86.139,5,1
1784729019,984396240,86.345,0.635,86.91,5,1
1784729020,51086426,86.035,0.65,86.613,5,1
1784729020,117776123,86.525,0.656,87.109,5,1
1784729020,184465332,86.922,0.664,87.509,5,1
1784729020,251154297,103.247,0.922,104.079,5,1
1784729020,284498535,130.571,0.689,131.187,5,1
1784729020,317842529,542.01,19.127,561.009,5,1
1784729020,351186768,567.061,0.924,567.898,5,1
1784729020,417874512,565.683,1.144,566.734,5,1
1784729020,817992188,227.956,0.844,228.715,5,1
1784729020,884677002,212.984,1.316,214.16,5,1
1784729020,951472656,188.611,1.0,189.524,5,1
1784729021,18270264,182.114,0.976,182.994,5,1
1784729021,51669922,195.745,0.69,196.36,5,1
1784729021,118470703,179.126,0.826,179.846,5,1
1784729021,185273682,153.139,1.186,154.22,5,1
1784729021,285481934,130.794,1.073,131.786,5,1
1784729021,352290039,112.505,0.675,113.106,5,1
1784729021,419100098,105.594,0.875,106.292,5,1
1784729021,485912354,110.914,0.859,111.687,5,1
1784729021,519319336,118.631,1.078,119.627,5,1
1784729021,586134521,105.255,0.814,105.986,5,1
1784729021,652951904,104.458,1.071,105.343,5,1
1784729021,719771484,106.845,2.124,108.882,5,1
1784729021,786593018,117.21,7.316,124.389,5,1
1784729021,820004639,129.442,0.826,130.188,5,1
1784729021,886827881,125.921,0.983,126.819,5,1
1784729021,953538330,112.254,1.299,113.458,5,1
1784729021,986887207,126.213,1.26,127.371,5,1
1784729022,20235840,144.91,1.331,146.074,5,1
1784729022,86933105,118.975,5.788,124.664,5,1
1784729022,120281738,129.544,1.226,130.582,5,1
1784729022,186978516,116.262,0.903,117.084,5,1
1784729022,253674805,116.456,0.698,117.076,5,1
1784729022,320371094,110.745,1.041,111.701,5,1
1784729022,387066895,104.409,1.321,105.522,5,1
1784729022,453762451,104.658,0.773,105.35,5,1
1784729022,520457520,103.482,0.917,104.31,5,1
1784729022,587152588,104.348,0.84,105.091,5,1
1784729022,653847168,102.42,1.131,103.308,5,1
1784729022,720541260,111.507,1.187,112.601,5,1
1784729022,787235352,111.198,0.76,111.878,5,1
1784729022,853928955,108.326,16.22,124.302,5,1
1784729022,887275635,136.569,1.626,138.027,5,1
1784729022,953968994,114.476,1.167,115.541,5,1
1784729022,987318115,124.83,2.19,126.934,5,1
1784729023,54016113,110.909,0.734,111.565,5,1
1784729023,120713867,102.186,1.138,103.241,5,1
1784729023,187411377,105.48,0.89,106.241,5,1
1784729023,254108398,106.51,3.488,109.044,5,1
1784729023,287457031,131.162,0.99,131.916,5,1
1784729023,320805420,155.552,1.186,156.656,5,1
1784729023,387501953,141.295,0.91,142.115,5,1
1784729023,454198242,121.692,0.996,122.607,5,1
1784729023,487546143,146.11,0.912,146.932,5,1
1784729023,554241943,122.55,1.234,123.651,5,1
1784729023,587589600,139.132,4.434,139.78,5,1
1784729023,654284912,117.336,0.976,118.234,5,1
1784729023,687632568,134.714,0.951,135.569,5,1
1784729023,754327393,109.194,0.814,109.93,5,1
1784729023,821021973,108.287,0.798,109.008,5,1
1784729023,887716309,108.343,18.543,126.755,5,1
1784729023,921063232,123.769,1.84,125.477,5,1
1784729023,987759766,111.215,0.954,112.077,5,1
1784729024,21109375,117.18,0.671,117.777,5,1
1784729024,87808105,106.238,0.761,106.923,5,1
1784729024,154506836,110.159,1.021,111.094,5,1
1784729024,187855957,116.436,0.724,117.085,5,1
1784729024,254553955,103.66,2.356,105.852,5,1
1784729024,321251953,103.317,0.893,104.127,5,1
1784729024,387949463,116.117,0.86,116.903,5,1
1784729024,454646729,103.307,1.04,104.261,5,1
1784729024,521343506,105.616,0.958,106.454,5,1
1784729024,588040283,118.66,6.375,124.929,5,1
1784729024,621388428,134.503,1.015,135.42,5,1
1784729024,688084717,120.091,1.526,121.53,5,1
1784729024,721432861,127.681,0.888,128.483,5,1
1784729024,788128662,119.223,0.744,119.888,5,1
1784729024,821476563,142.946,1.533,144.379,5,1
1784729024,888171875,118.064,5.02,122.943,5,1
1784729024,921519531,149.674,1.485,151.065,5,1
1784729024,988216553,135.305,1.348,136.556,5,1
1784729025,54915771,108.672,1.102,109.686,5,1
1784729025,121614502,107.508,1.028,108.349,5,1
1784729025,188312988,102.959,1.0,103.82,5,1
1784729025,255010986,106.269,0.882,107.068,5,1
1784729025,321708984,104.268,1.179,105.356,5,1
1784729025,388406494,103.42,0.907,104.241,5,1
1784729025,455104004,113.186,0.754,113.861,5,1
1784729025,521801025,105.323,0.973,106.207,5,1
1784729025,588497803,103.754,1.103,104.773,5,1
1784729025,655194336,107.121,0.949,107.972,5,1
1784729025,688542480,119.033,0.675,119.632,5,1
1784729025,721890625,133.178,0.82,133.92,5,1
1784729025,821934326,112.488,0.944,113.294,5,1
1784729025,855282227,121.144,0.738,121.803,5,1
1784729025,921977539,119.784,19.937,139.58,5,1
1784729025,988718262,123.593,0.967,124.467,5,1
1784729026,55505371,111.649,0.997,112.434,5,1
1784729026,122294678,103.666,4.543,107.912,5,1
1784729026,189086182,102.682,0.832,103.423,5,1
1784729026,255879395,105.488,4.537,109.853,5,1
1784729026,322674561,103.899,1.234,104.985,5,1
1784729026,389471924,104.26,2.485,106.497,5,1
1784729026,456271240,103.713,0.904,104.52,5,1
1784729026,523072510,102.036,0.826,102.776,5,1
1784729026,589875977,107.891,1.084,108.869,5,1
1784729026,656681152,103.406,1.009,104.321,5,1
1784729026,723488525,102.502,0.865,103.274,5,1
1784729026,790297852,111.646,0.955,112.512,5,1
1784729026,857109131,117.465,0.746,118.136,5,1
1784729026,890515625,135.994,7.652,143.456,5,1
1784729026,957328613,112.138,4.983,116.986,5,1
1784729026,990685059,142.617,2.591,144.87,5,1
1784729027,57397705,125.208,1.271,126.392,5,1
1784729027,90753906,150.802,0.995,151.669,5,1
1784729027,157466553,129.232,1.623,130.691,5,1
1784729027,190822754,153.737,1.284,154.44,5,1
1784729027,257535156,133.4,1.049,134.361,5,1
1784729027,324247803,110.189,0.683,110.797,5,1
1784729027,390960205,102.706,0.999,103.619,5,1
1784729027,457672363,102.988,0.971,103.833,5,1
1784729027,524384766,106.589,0.881,107.38,5,1
1784729027,591097168,107.932,0.905,108.747,5,1
1784729027,624453125,119.004,1.233,119.743,5,1
1784729027,691165283,106.444,0.692,107.049,5,1
1784729027,757877441,104.496,0.786,105.18,5,1
1784729027,824589600,117.538,0.862,118.319,5,1
1784729027,857945801,139.133,0.839,139.895,5,1
1784729027,924657715,117.759,1.142,118.625,5,1
1784729027,958013916,126.736,6.545,133.143,5,1
1784729028,24726807,136.448,1.682,137.969,5,1
1784729028,91439453,119.044,1.286,120.25,5,1
1784729028,124795898,136.641,1.105,137.631,5,1
1784729028,191508545,115.592,1.034,116.546,5,1
1784729028,224864990,127.866,1.263,129.024,5,1
1784729028,291577637,119.672,1.122,120.693,5,1
1784729028,324934082,150.514,0.844,151.273,5,1
1784729028,391646484,125.525,0.973,126.404,5,1
1784729028,458359131,113.03,0.702,113.657,5,1
1784729028,491715332,122.485,0.958,123.347,5,1
1784729028,558427979,106.343,0.672,106.942,5,1
1784729028,625140381,104.663,0.795,105.317,5,1
1784729028,691852783,106.591,0.696,107.212,5,1
1784729028,758564941,102.522,0.93,103.363,5,1
1784729028,825277344,115.558,0.828,116.299,5,1
1784729028,858633301,125.69,1.158,126.691,5,1
1784729028,925345703,107.676,0.808,108.4,5,1
1784729028,992058105,102.381,15.07,117.317,5,1
1784729029,25414551,118.578,0.692,119.196,5,1
1784729029,92127197,110.728,0.86,111.495,5,1
1784729029,125483643,119.236,0.755,119.918,5,1
1784729029,192196045,107.307,0.971,108.199,5,1
1784729029,258908691,102.755,1.149,103.805,5,1
1784729029,325621338,104.464,1.546,105.395,5,1
1784729029,392333740,110.079,1.308,111.202,5,1
1784729029,425689941,115.63,0.718,116.276,5,1
1784729029,492402344,103.804,0.964,104.684,5,1
1784729029,559114746,103.718,0.933,104.567,5,1
1784729029,625827148,107.548,0.87,108.332,5,1
1784729029,659183350,115.187,0.68,115.794,5,1
1784729029,725895508,106.708,0.923,107.547,5,1
1784729029,792607666,104.408,0.822,105.137,5,1
1784729029,859319824,131.528,0.85,132.287,5,1
1784729029,892676025,145.304,1.046,146.253,5,1
1784729029,959388184,117.422,0.764,118.107,5,1
1784729030,26100586,110.331,4.442,114.653,5,1
1784729030,59456787,125.616,0.866,126.395,5,1
1784729030,126169189,114.027,0.689,114.642,5,1
1784729030,159525391,133.239,0.909,134.041,5,1
1784729030,226237793,117.493,0.996,118.411,5,1
1784729030,259593994,133.808,1.115,134.834,5,1
1784729030,326306152,110.354,0.718,110.998,5,1
1784729030,393018311,108.454,0.844,109.21,5,1
1784729030,459730469,104.014,1.159,105.062,5,1
1784729030,493086670,121.698,0.932,122.548,5,1
1784729030,559798584,107.56,0.728,108.216,5,1
1784729030,626510742,103.636,0.997,104.55,5,1
1784729030,693222656,110.02,0.704,110.651,5,1
1784729030,759934570,102.498,0.879,103.296,5,1
1784729030,826646484,110.686,0.867,111.467,5,1
1784729030,860002441,128.804,0.841,129.561,5,1
1784729030,893358398,153.241,0.853,154.004,5,1
1784729030,960070068,127.355,0.849,128.095,5,1
1784729031,26782959,114.629,4.387,118.873,5,1
1784729031,93495850,111.232,1.018,112.058,5,1
1784729031,126852051,124.292,1.186,125.382,5,1
1784729031,160208496,131.674,0.868,132.335,5,1
1784729031,260277588,102.454,1.157,103.518,5,1
1784729031,326989990,105.575,1.48,106.971,5,1
1784729031,393702637,104.739,1.108,105.745,5,1
1784729031,460415283,103.598,1.574,105.068,5,1
1784729031,527127686,103.587,1.406,104.903,5,1
1784729031,560483887,120.244,0.749,120.907,5,1
1784729031,627196289,107.723,0.75,108.399,5,1
1784729031,693908691,104.051,0.973,104.925,5,1
1784729031,760620850,101.761,0.848,102.525,5,1
1784729031,827333252,111.309,2.262,113.493,5,1
1784729031,860689209,124.486,0.749,125.155,5,1
1784729031,927401367,107.918,0.857,108.69,5,1
1784729031,994114502,102.553,1.057,103.508,5,1
1784729032,60828369,108.832,18.644,127.281,5,1
1784729032,94185303,123.39,1.146,124.45,5,1
1784729032,160898926,130.244,1.298,131.458,5,1
1784729032,194255859,159.428,0.881,160.228,5,1
1784729032,260969727,140.17,0.858,140.943,5,1
1784729032,327683350,114.92,0.69,115.536,5,1
1784729032,394397217,112.15,0.766,112.841,5,1
1784729032,427753906,133.606,1.475,134.965,5,1
1784729032,494467529,108.425,0.73,109.08,5,1
1784729032,561181152,105.61,0.786,106.319,5,1
1784729032,627894775,105.894,0.823,106.639,5,1
1784729032,694608398,108.833,0.743,109.5,5,1
1784729032,761321777,112.863,0.811,113.59,5,1
1784729032,794678467,141.614,0.958,142.483,5,1
1784729032,861392090,126.628,1.218,127.62,5,1
1784729032,894748779,142.291,0.921,143.127,5,1
1784729032,961462158,118.366,0.73,118.981,5,1
1784729033,28174561,107.859,0.719,108.505,5,1
1784729033,94886963,105.964,4.518,110.372,5,1
1784729033,128243164,122.666,1.689,124.271,5,1
1784729033,194955322,110.123,0.797,110.843,5,1
1784729033,261667725,106.722,0.966,107.599,5,1
1784729033,295023682,128.946,1.611,130.151,5,1
1784729033,328379883,155.433,0.974,156.293,5,1
1784729033,395092041,146.807,0.784,147.509,5,1
1784729033,461804199,130.594,1.61,132.124,5,1
1784729033,495160156,149.492,0.935,150.344,5,1
1784729033,561872070,122.8,1.032,123.675,5,1
1784729033,628583984,110.303,0.759,110.989,5,1
1784729033,695295898,103.475,0.958,104.347,5,1
1784729033,762007813,114.485,0.909,115.313,5,1
1784729033,795363770,139.953,0.777,140.651,5,1
1784729033,862075439,117.143,0.763,117.831,5,1
1784729033,928787109,115.242,0.665,115.832,5,1
1784729033,995500732,104.6,0.948,105.43,5,1
1784729034,62215820,110.887,0.787,111.595,5,1
1784729034,95573242,116.512,4.336,120.736,5,1
1784729034,128930664,149.631,0.967,150.48,5,1
1784729034,195645752,123.467,0.763,124.157,5,1
1784729034,262360840,112.303,0.671,112.901,5,1
1784729034,329075928,104.629,0.952,105.473,5,1
1784729034,395790771,105.009,0.803,105.728,5,1
1784729034,462505859,105.493,1.652,107.055,5,1
1784729034,529220703,103.628,1.257,104.78,5,1
1784729034,595935547,104.49,0.815,105.223,5,1
1784729034,662650635,110.979,0.696,111.601,5,1
1784729034,729365479,104.214,1.171,105.142,5,1
1784729034,796080322,104.327,1.099,105.29,5,1
1784729034,862795166,118.895,0.828,119.637,5,1
1784729034,896152588,132.187,1.005,133.099,5,1
1784729034,962867188,112.13,0.772,112.823,5,1
1784729034,996223389,124.902,0.778,125.596,5,1
1784729035,29579590,143.835,0.938,144.68,5,1
1784729035,96291748,117.054,4.696,121.643,5,1
1784729035,163003906,112.464,0.781,113.168,5,1
1784729035,196359863,137.226,1.189,138.186,5,1
1784729035,263072021,112.496,0.694,113.115,5,1
1784729035,329783936,106.542,0.857,107.295,5,1
1784729035,363139893,120.651,0.911,121.479,5,1
1784729035,429851807,112.377,0.802,113.098,5,1
1784729035,463207764,122.719,0.887,123.519,5,1
1784729035,529919434,108.84,0.702,109.468,5,1
1784729035,563275391,125.576,2.294,127.775,5,1
1784729035,596631348,143.609,1.028,144.557,5,1
1784729035,663343018,117.338,0.711,117.948,5,1
1784729035,730054688,112.348,7.647,119.902,5,1
1784729035,763410400,129.629,0.879,130.426,5,1
1784729035,796766357,147.259,2.026,149.183,5,1
1784729035,830122070,157.082,0.862,157.866,5,1
1784729035,930189209,126.83,0.692,127.447,5,1
1784729036,30258545,105.981,0.777,106.684,5,1
1784729036,63615234,120.002,0.7,120.625,5,1
1784729036,130328369,106.585,5.132,111.593,5,1
1784729036,197041748,108.536,0.871,109.321,5,1
1784729036,230398438,121.094,1.873,122.649,5,1
1784729036,297111572,110.507,0.833,111.249,5,1
1784729036,330468262,118.598,0.717,119.207,5,1
1784729036,397181396,105.524,1.607,107.043,5,1
1784729036,463894531,102.66,0.804,103.382,5,1
1784729036,530607666,104.031,1.086,105.0,5,1
1784729036,597320801,104.693,2.074,106.655,5,1
1784729036,664033936,105.661,0.961,106.542,5,1
1784729036,697390381,120.716,1.887,122.405,5,1
1784729036,764103271,104.949,0.779,105.613,5,1
1784729036,830816162,108.706,0.911,109.53,5,1
1784729036,897529053,115.599,0.676,116.201,5,1
1784729036,964241943,106.68,0.77,107.376,5,1
1784729037,30967529,115.465,0.901,116.285,5,1
1784729037,64330322,152.617,0.971,153.489,5,1
1784729037,131056396,126.736,9.3,135.911,5,1
1784729037,197782715,132.731,1.231,133.618,5,1
1784729037,231145996,153.728,0.754,154.405,5,1
1784729037,297872803,144.963,0.746,145.636,5,1
1784729037,364599854,143.335,0.78,144.038,5,1
1784729037,431327148,122.203,1.052,123.15,5,1
1784729037,464690918,137.268,1.084,138.245,5,1
1784729037,531418701,117.873,1.016,118.793,5,1
1784729037,564782715,137.565,1.201,138.667,5,1
1784729037,631510986,114.421,0.966,115.31,5,1
1784729037,664875244,126.243,0.854,127.013,5,1
1784729037,731604004,108.271,0.659,108.841,5,1
1784729037,798333008,115.094,0.866,115.875,5,1
1784729037,831697754,140.417,0.862,141.196,5,1
1784729037,898427246,123.078,0.962,123.926,5,1
1784729037,931791992,142.538,0.746,143.208,5,1
1784729037,998591797,118.719,0.715,119.359,5,1
1784729038,98899902,104.137,0.824,104.882,5,1
1784729038,165774414,103.142,8.258,111.278,6,1
1784729038,232650879,107.711,0.94,108.568,5,1
1784729038,266089844,145.958,1.006,146.886,5,1
1784729038,332969482,138.597,1.036,139.542,5,1
1784729038,399850830,116.782,2.177,118.878,5,1
1784729038,433292480,136.556,1.16,137.614,5,1
1784729038,500177002,114.535,1.012,115.419,5,1
1784729038,567063477,111.345,0.849,112.112,5,1
1784729038,600507324,119.035,0.759,119.717,5,1
1784729038,667396973,106.538,0.69,107.155,5,1
1784729038,734288330,101.884,1.014,102.811,5,1
1784729038,801181885,115.435,1.208,116.546,5,1
1784729038,834629150,136.937,0.881,137.725,5,1
1784729038,901525635,111.762,0.712,112.399,5,1
1784729038,934974609,121.49,0.755,122.166,5,1
1784729039,1772461,111.073,0.75,111.75,5,1
1784729039,68472900,107.259,0.798,107.985,5,1
1784729039,135173096,103.092,0.797,103.809,5,1
1784729039,201872803,106.737,4.035,110.661,5,1
1784729039,268572510,106.356,0.817,107.091,5,1
1784729039,301922363,120.956,1.133,121.996,5,1
1784729039,368621582,104.037,0.688,104.651,5,1
1784729039,435320557,106.02,0.859,106.795,5,1
1784729039,468669922,114.639,0.669,115.234,5,1
1784729039,535368408,110.878,1.005,111.749,5,1
1784729039,568717529,123.787,0.882,124.557,5,1
1784729039,602066650,140.143,0.782,140.842,5,1
1784729039,668764893,117.25,2.223,119.398,5,1
1784729039,702113770,135.53,1.029,136.434,5,1
1784729039,768811279,113.082,7.376,120.369,5,1
1784729039,802160156,141.338,0.742,141.985,5,1
1784729039,868857422,128.212,0.975,129.099,5,1
1784729039,902205811,143.727,0.844,144.483,5,1
1784729039,968903076,116.131,0.692,116.749,5,1
1784729040,35603027,105.206,0.681,105.813,5,1
1784729040,102302734,102.831,0.725,103.478,5,1
1784729040,169002197,108.324,0.857,109.091,5,1
1784729040,202351807,113.485,4.559,117.935,5,1
1784729040,269050781,108.492,0.727,109.144,5,1
1784729040,302400146,121.821,0.974,122.699,5,1
1784729040,369098633,108.093,0.675,108.695,5,1
1784729040,435797119,103.694,0.694,104.305,5,1
1784729040,502495117,100.114,0.807,100.841,5,1
1784729040,569192871,105.032,0.681,105.641,5,1
1784729040,635890381,102.358,0.786,103.063,5,1
1784729040,702587646,103.296,0.789,104.01,5,1
1784729040,769284668,102.36,0.847,103.127,5,1
1784729040,835981201,107.699,1.054,108.674,5,1
1784729040,902677734,115.589,3.856,119.12,5,1
1784729040,969374268,112.95,0.67,113.547,5,1
1784729041,36231934,104.384,0.746,105.058,5,1
1784729041,103091309,107.42,1.321,108.643,5,1
1784729041,136521729,111.631,0.763,112.251,5,1
1784729041,203383789,101.335,2.075,103.312,5,1
1784729041,270247803,103.263,4.363,107.488,5,1
1784729041,337113281,102.854,0.91,103.681,5,1
1784729041,370546875,123.31,0.818,124.042,5,1
1784729041,437415039,105.102,0.736,105.719,5,1
1784729041,504285156,107.458,0.778,108.145,5,1
1784729041,571156738,103.838,0.657,104.424,5,1
1784729041,638030273,102.386,0.736,103.049,5,1
1784729041,704905518,100.931,0.745,101.595,5,1
1784729041,771782715,100.886,0.72,101.528,5,1
1784729041,838661377,105.345,1.095,106.13,5,1
1784729041,905541992,103.661,0.775,104.364,5,1
1784729041,972422607,102.339,0.681,102.946,5,1
1784729042,39150879,100.849,0.765,101.536,5,1
1784729042,105835938,111.553,0.957,112.317,5,1
1784729042,172520508,114.191,1.377,115.28,5,1
1784729042,205862549,130.967,1.892,132.755,5,1
1784729042,272546387,106.559,7.847,114.295,5,1
1784729042,339229492,103.573,0.829,104.324,5,1
1784729042,372571045,117.647,0.962,118.505,5,1
1784729042,439253418,105.802,0.768,106.445,5,1
1784729042,505935303,99.356,0.98,100.246,5,1
1784729042,572616699,101.035,0.687,101.648,5,1
1784729042,639297607,100.632,0.748,101.301,5,1
1784729042,705978027,100.806,0.714,101.443,5,1
1784729042,772657715,100.519,0.765,101.204,5,1
1784729042,839337158,112.114,2.455,114.329,5,1
1784729042,872676514,123.447,0.827,124.187,5,1
1784729042,906015869,138.091,1.094,139.098,5,1
1784729042,972694092,109.779,0.821,110.525,5,1
1784729043,39373535,102.542,0.677,103.145,5,1
1784729043,106057373,99.992,7.663,107.572,5,1
1784729043,172740479,101.432,0.714,102.071,5,1
1784729043,239423096,102.827,0.879,103.626,5,1
1784729043,306105225,109.732,22.575,132.167,5,1
1784729043,339446045,132.496,10.007,142.395,5,1
1784729043,406127441,137.568,0.968,138.451,5,1
1784729043,472808105,115.31,1.106,116.316,5,1
1784729043,506148438,123.969,1.069,124.932,5,1
1784729043,572828369,108.717,0.753,109.397,5,1
1784729043,639507568,100.034,0.846,100.792,5,1
1784729043,706186279,108.647,0.682,109.256,5,1
1784729043,772864502,110.136,1.562,111.612,5,1
1784729043,806203613,126.373,0.767,127.054,5,1
1784729043,839542236,143.245,1.189,144.348,5,1
1784729043,906219482,114.904,0.675,115.504,5,1
1784729043,972895996,103.148,0.682,103.758,5,1
1784729044,39573975,101.838,0.722,102.485,5,1
1784729044,106258057,100.575,1.357,101.85,5,1
1784729044,172941406,100.44,1.134,101.493,5,1
1784729044,239624268,99.453,0.873,100.243,5,1
1784729044,306306396,101.554,0.731,102.208,5,1
1784729044,372988281,99.365,11.28,110.504,5,1
1784729044,439669434,108.37,0.888,109.177,5,1
1784729044,506350098,102.845,0.998,103.761,5,1
1784729044,573030273,101.827,1.328,103.069,5,1
1784729044,639709717,102.685,0.702,103.313,5,1
1784729044,706388672,103.086,0.703,103.716,5,1
1784729044,773067139,100.755,1.273,101.942,5,1
1784729044,839745117,115.453,0.851,116.214,5,1
1784729044,873083740,133.88,1.243,135.025,5,1
1784729044,939760986,109.352,0.719,109.999,5,1
1784729045,6435303,105.638,0.944,106.506,5,1
1784729045,73119873,100.83,0.928,101.678,5,1
1784729045,139803955,101.089,1.287,102.28,5,1
1784729045,206487549,100.989,0.979,101.887,5,1
1784729045,273170654,99.973,0.871,100.763,5,1
1784729045,339853271,101.747,0.842,102.508,5,1
1784729045,406535156,100.834,12.144,112.823,5,1
1784729045,439875977,118.686,0.935,119.547,5,1
1784729045,539897461,100.868,1.399,102.057,5,1
1784729045,606577881,106.086,0.968,106.957,5,1
1784729045,639917725,114.112,0.718,114.756,5,1
1784729045,706597168,100.537,1.877,102.327,5,1
1784729045,773276367,102.442,0.736,103.1,5,1
1784729045,839954590,104.297,0.991,105.21,5,1
1784729045,906632568,106.669,0.854,107.446,5,1
1784729045,973309814,109.373,0.743,110.043,5,1
1784729046,39988525,103.171,0.871,103.968,5,1
1784729046,106672363,102.652,0.765,103.34,5,1
1784729046,173355713,101.036,1.7,102.617,5,1
1784729046,240038330,101.274,1.056,102.244,5,1
1784729046,306720459,102.823,0.759,103.504,5,1
1784729046,373402100,101.014,0.884,101.803,5,1
1784729046,440083008,104.961,11.232,116.064,5,1
1784729046,473423340,121.083,0.753,121.759,5,1
1784729046,540103516,110.295,6.156,116.319,5,1
1784729046,606783203,109.751,0.883,110.547,5,1
1784729046,640122803,114.923,0.707,115.558,5,1
1784729046,706801514,103.185,0.74,103.851,5,1
1784729046,773479736,103.734,0.729,104.386,5,1
1784729046,840157471,121.56,1.105,122.555,5,1
1784729046,873496094,141.14,1.034,142.09,5,1
1784729046,940173096,115.389,0.743,116.059,5,1
1784729047,6846680,105.411,0.77,106.107,5,1
1784729047,73533203,109.702,1.713,111.338,5,1
1784729047,106876221,136.238,1.068,137.206,5,1
1784729047,173562012,114.163,1.125,115.19,5,1
1784729047,206904541,134.912,1.017,135.837,5,1
1784729047,273589355,119.508,0.671,120.106,5,1
1784729047,340273682,105.06,1.272,105.739,5,1
1784729047,406957520,105.966,0.759,106.65,5,1
1784729047,473640869,102.28,15.689,117.835,5,1
1784729047,506982422,116.366,0.842,117.134,5,1
1784729047,573665039,104.079,0.766,104.76,5,1
1784729047,640346924,103.943,0.705,104.573,5,1
1784729047,707028564,106.784,0.831,107.524,5,1
1784729047,740369141,116.757,0.675,117.358,5,1
1784729047,807049805,112.048,0.819,112.789,5,1
1784729047,840389893,125.478,2.308,127.672,5,1
1784729047,873729980,141.642,0.717,142.283,5,1
1784729047,940409668,125.957,0.734,126.618,5,1
1784729047,973749268,145.652,1.021,146.588,5,1
1784729048,40430420,119.567,0.838,120.318,5,1
1784729048,107116943,109.777,0.675,110.379,5,1
1784729048,173803223,102.752,1.126,103.678,5,1
1784729048,240488770,111.618,1.03,112.557,5,1
1784729048,273831299,119.224,1.087,120.227,5,1
1784729048,340516357,116.123,0.708,116.722,5,1
1784729048,407200684,118.114,1.119,119.118,5,1
1784729048,440542480,124.955,0.859,125.727,5,1
1784729048,507226074,114.334,4.843,119.042,5,1
1784729048,607250488,100.937,0.909,101.761,5,1
1784729048,673932861,102.229,0.856,102.998,5,1
1784729048,740614746,105.313,0.787,106.026,5,1
1784729048,807295898,107.497,0.866,108.282,5,1
1784729048,840636475,137.027,3.626,140.533,5,1
1784729048,907316895,121.509,3.824,125.201,5,1
1784729048,940656982,135.085,1.087,136.074,5,1
1784729049,7335449,109.389,0.698,110.011,5,1
1784729049,74020996,105.63,0.699,106.255,5,1
1784729049,140705811,104.306,0.8,105.025,5,1
1784729049,207390137,104.578,0.708,105.21,5,1
1784729049,274073975,104.138,0.825,104.861,5,1
1784729049,340757324,101.31,0.906,102.133,5,1
1784729049,407440186,102.009,0.875,102.804,5,1
1784729049,474122314,104.773,0.777,105.468,5,1
1784729049,540803955,102.358,4.674,106.909,5,1
1784729049,574144775,134.153,0.99,135.048,5,1
1784729049,640825684,110.879,0.682,111.488,5,1
1784729049,707505859,106.36,0.763,107.044,5,1
1784729049,774185791,102.613,1.284,103.801,5,1
1784729049,840864990,113.706,1.373,114.742,5,1
1784729049,874204346,123.206,1.116,124.24,5,1
1784729049,907543701,141.94,0.729,142.591,5,1
1784729049,974221924,123.502,1.374,124.765,5,1
1784729050,7558838,133.008,2.101,135.018,5,1
1784729050,74245850,111.87,0.972,112.765,5,1
1784729050,107589111,121.132,1.111,122.148,5,1
1784729050,207618164,101.69,0.819,102.43,5,1
1784729050,274303467,102.225,0.867,103.01,5,1
1784729050,340988525,102.623,0.871,103.412,5,1
1784729050,407672852,104.079,0.931,104.928,5,1
1784729050,474356934,105.63,0.703,106.26,5,1
1784729050,541040283,106.073,13.567,119.5,5,1
1784729050,574381836,116.769,0.694,117.388,5,1
1784729050,641064453,111.134,0.67,111.733,5,1
1784729050,707746582,103.296,1.819,105.023,5,1
1784729050,774428467,106.032,0.737,106.694,5,1
1784729050,841109619,119.178,0.79,119.891,5,1
1784729050,907790283,116.6,0.714,117.241,5,1
1784729051,7809570,101.771,0.796,102.486,5,1
1784729051,74493652,102.652,0.881,103.451,5,1
1784729051,141177490,103.755,1.636,105.308,5,1
1784729051,207860596,104.971,0.945,105.835,5,1
1784729051,274543213,107.766,0.786,108.472,5,1
1784729051,341225342,103.754,6.734,110.401,5,1
1784729051,407906738,103.852,1.416,105.18,5,1
1784729051,474587891,104.006,1.105,105.028,5,1
1784729051,541268311,102.38,0.832,103.126,5,1
1784729051,574608154,116.421,10.554,126.8,5,1
1784729051,641287842,111.4,0.662,111.988,5,1
1784729051,741306152,104.168,1.122,105.21,5,1
1784729051,807984375,116.985,0.968,117.869,5,1
1784729051,841323242,142.89,1.617,144.416,5,1
1784729051,908000732,114.07,0.866,114.863,5,1
1784729051,974677490,106.738,0.903,107.499,5,1
1784729052,41356689,116.61,0.888,117.418,5,1
1784729052,108041992,118.85,0.933,119.702,5,1
1784729052,174727051,118.152,1.033,119.106,5,1
1784729052,241411377,108.432,0.749,109.107,5,1
1784729052,274753418,124.121,0.979,125.004,5,1
1784729052,341436768,106.006,0.792,106.719,5,1
1784729052,408119873,106.264,1.128,107.29,5,1
1784729052,474802490,109.071,0.684,109.682,5,1
1784729052,541484375,104.962,1.155,106.017,5,1
1784729052,574825195,124.137,6.862,130.865,5,1
1784729052,641506348,113.536,0.686,114.148,5,1
1784729052,708187012,112.798,0.693,113.419,5,1
1784729052,774867188,106.956,0.693,107.576,5,1
1784729052,841546875,108.353,1.16,109.413,5,1
1784729052,874886475,141.037,1.039,141.986,5,1
1784729052,941565186,128.168,1.009,129.075,5,1
1784729052,974904541,147.084,1.294,148.28,5,1
1784729053,8242188,162.093,0.888,162.896,5,1
1784729053,74927246,141.4,0.883,142.196,5,1
1784729053,141611572,119.59,0.923,120.435,5,1
1784729053,174953613,147.141,0.881,147.937,5,1
1784729053,241636963,115.053,1.028,115.966,5,1
1784729053,308320068,117.963,1.06,118.937,5,1
1784729053,375002441,110.58,0.705,111.214,5,1
1784729053,441684570,111.296,1.347,112.555,5,1
1784729053,475025146,120.222,0.732,120.881,5,1
1784729053,541706299,110.616,0.757,111.295,5,1
1784729053,575046631,128.586,6.427,134.894,5,1
1784729053,608386963,149.491,0.768,150.178,5,1
1784729053,675066895,136.362,0.843,137.123,5,1
1784729053,741746338,113.119,0.863,113.896,5,1
1784729053,775085938,124.608,1.176,125.689,5,1
1784729053,841764404,116.611,1.041,117.399,5,1
1784729053,875103516,140.147,0.748,140.814,5,1
1784729053,941781494,126.723,0.856,127.501,5,1
1784729053,975120117,150.276,1.229,151.343,5,1
1784729054,41827148,136.973,0.891,137.778,5,1
1784729054,108598633,116.663,1.336,117.917,5,1
1784729054,141984863,134.178,0.939,135.031,5,1
1784729054,208759033,111.289,6.196,117.367,5,1
1784729054,275534912,104.02,0.877,104.816,5,1
1784729054,342312500,106.459,0.924,107.279,5,1
1784729054,409091797,105.805,0.981,106.681,5,1
1784729054,475872803,106.668,0.687,107.28,5,1
1784729054,542655518,103.83,0.882,104.629,5,1
1784729054,609439941,103.436,4.532,107.829,5,1
1784729054,676226074,110.167,0.721,110.816,5,1
1784729054,743014160,102.705,0.876,103.502,5,1
1784729054,809803711,118.464,1.035,119.401,5,1
1784729054,843199219,128.91,0.953,129.776,5,1
1784729054,909991455,119.309,0.734,119.969,5,1
1784729054,976785400,107.238,0.764,107.929,5,1
1784729055,43549561,110.734,0.745,111.357,5,1
1784729055,110249756,104.376,2.158,106.449,5,1
1784729055,176949951,103.205,0.864,103.985,5,1
1784729055,243649902,103.564,0.889,104.372,5,1
1784729055,310349365,103.872,2.484,104.688,5,1
1784729055,377048828,104.24,1.221,105.377,5,1
1784729055,443747803,108.067,0.824,108.81,5,1
1784729055,510446777,105.786,0.777,106.481,5,1
1784729055,577145264,106.069,0.787,106.779,5,1
1784729055,643843506,104.446,8.203,112.53,5,1
1784729055,677192627,125.711,1.126,126.758,5,1
1784729055,743890625,106.587,0.736,107.249,5,1
1784729055,810588135,104.871,1.035,105.82,5,1
1784729055,877285645,107.719,0.77,108.393,5,1
1784729055,943982666,116.667,1.51,118.081,5,1
1784729055,977331055,131.364,1.186,132.45,5,1
1784729056,10678711,140.433,0.706,141.062,5,1
1784729056,110730225,108.612,0.749,109.276,5,1
1784729056,177430908,104.518,0.958,105.394,5,1
1784729056,244131104,103.498,0.836,104.251,5,1
1784729056,310831299,103.983,0.868,104.763,5,1
1784729056,377531006,104.003,0.889,104.804,5,1
1784729056,444230713,106.043,3.412,109.334,5,1
1784729056,510929932,103.093,1.14,104.148,5,1
1784729056,577628906,106.987,0.861,107.775,5,1
1784729056,644327637,106.691,4.717,111.299,5,1
1784729056,677677002,135.354,0.881,136.151,5,1
1784729056,744375488,113.841,1.307,114.938,5,1
1784729056,777724609,133.295,3.966,137.162,5,1
1784729056,844422607,137.312,1.157,138.366,5,1
1784729056,911120117,117.96,2.384,119.486,5,1
1784729056,944468994,127.118,1.242,128.277,5,1
1784729057,11152832,114.725,0.971,115.61,5,1
1784729057,44546143,132.357,1.829,134.082,5,1
1784729057,77939941,146.6,6.447,152.948,5,1
1784729057,144729248,125.725,0.776,126.423,5,1
1784729057,178124756,151.738,0.976,152.632,5,1
1784729057,244916992,140.561,4.282,144.765,5,1
1784729057,311711426,125.749,0.979,126.631,5,1
1784729057,345109375,142.7,1.01,143.624,5,1
1784729057,411906738,116.755,1.052,117.728,5,1
1784729057,478706299,109.136,0.761,109.824,5,1
1784729057,545507813,102.653,0.828,103.398,5,1
1784729057,612311279,102.013,0.917,102.845,5,1
1784729057,679116943,101.957,8.57,110.305,5,1
1784729057,712520508,118.436,0.876,119.232,5,1
1784729057,779329102,106.361,0.841,106.979,5,1
1784729057,846139648,116.455,0.992,117.336,5,1
1784729057,879545654,123.652,1.403,124.971,5,1
1784729057,946359375,108.843,0.686,109.455,5,1
1784729058,13175049,106.372,0.697,106.994,5,1
1784729058,80051270,102.404,0.879,103.203,5,1
1784729058,146929688,102.015,0.862,102.796,5,1
1784729058,213809814,101.241,0.815,101.976,5,1
1784729058,280692383,102.854,0.767,103.542,5,1
1784729058,347576904,117.363,1.029,118.304,5,1
1784729058,381019775,133.721,1.468,135.1,5,1
1784729058,447907471,111.043,2.338,113.291,5,1
1784729058,481352051,121.763,0.815,122.497,5,1
1784729058,548242676,110.639,0.929,111.397,5,1
1784729058,581688721,122.338,0.95,123.199,5,1
1784729058,648582520,106.133,0.731,106.789,5,1
1784729058,715478271,102.074,7.129,109.014,5,1
1784729058,782376221,103.121,0.738,103.78,5,1
1784729058,849276367,104.921,0.79,105.639,5,1
1784729058,916178223,108.32,0.878,109.092,5,1
1784729058,949630127,120.282,0.997,121.073,5,1
1784729059,16533203,103.754,0.685,104.365,5,1
1784729059,83231445,98.966,0.897,99.782,5,1
1784729059,149929688,99.749,0.798,100.468,5,1
1784729059,216627197,100.112,0.901,100.93,5,1
1784729059,283324707,101.701,0.828,102.434,5,1
1784729059,350021973,101.704,0.786,102.394,5,1
1784729059,416718750,101.133,1.975,103.022,5,1
1784729059,483415283,109.859,0.683,110.468,5,1
1784729059,550111328,102.085,0.774,102.78,5,1
1784729059,616807373,100.604,0.856,101.37,5,1
1784729059,683502930,109.074,0.685,109.686,5,1
1784729059,750198242,99.418,5.185,104.475,5,1
1784729059,783545898,124.693,1.44,126.05,5,1
1784729059,850240723,140.178,1.203,141.279,5,1
1784729059,916935303,133.786,5.461,139.112,5,1
1784729059,983629639,108.879,0.915,109.685,5,1
1784729060,50326416,102.767,0.783,103.476,5,1
1784729060,117024902,100.144,0.883,100.944,5,1
1784729060,183722900,99.33,1.002,100.252,5,1
1784729060,250420898,100.882,2.978,101.661,5,1
1784729060,317118408,100.337,0.878,101.134,5,1
1784729060,383815674,100.026,0.835,100.777,5,1
1784729060,450512695,104.639,0.686,105.251,5,1
1784729060,517209229,100.802,1.125,101.723,5,1
1784729060,583905762,101.2,1.101,102.218,5,1
1784729060,650601807,100.996,1.496,102.41,5,1
1784729060,717297607,100.843,1.259,101.97,5,1
1784729060,783992920,100.537,26.355,126.759,5,1
1784729060,850688232,118.184,0.909,119.011,5,1
1784729060,884035645,131.117,0.8,131.839,5,1
1784729060,917383057,147.806,1.115,148.815,5,1
1784729060,950730225,161.23,1.099,161.943,5,1
1784729061,17428467,137.85,0.722,138.498,5,1
1784729061,117475830,104.519,0.681,105.127,5,1
1784729061,184173584,102.39,0.76,103.073,5,1
1784729061,250871094,100.86,0.868,101.646,5,1
1784729061,317568359,100.224,0.833,100.971,5,1
1784729061,384265381,100.858,1.03,101.797,5,1
1784729061,450962158,102.364,0.847,103.107,5,1
1784729061,517658447,105.546,1.038,106.506,5,1
1784729061,551006592,123.642,0.876,124.434,5,1
1784729061,584354492,135.843,1.07,136.795,5,1
1784729061,651050293,108.53,0.765,109.218,5,1
1784729061,717745850,103.609,0.707,104.242,5,1
1784729061,784440918,103.423,23.925,127.21,5,1
1784729061,817788574,134.245,10.125,144.264,5,1
1784729061,851135986,152.3,1.508,153.719,5,1
1784729061,917830566,140.355,1.068,141.337,5,1
1784729061,984524658,113.056,1.516,114.486,5,1
1784729062,17871826,143.327,1.581,144.815,5,1
1784729062,84571289,125.6,1.169,126.67,5,1
1784729062,117921143,138.298,0.867,139.082,5,1
1784729062,151270752,159.027,0.856,159.801,5,1
1784729062,217969727,135.118,1.014,136.042,5,1
1784729062,284668457,118.888,1.683,120.484,5,1
1784729062,351366943,106.699,0.678,107.304,5,1
1784729062,418064941,99.581,1.833,101.323,5,1
1784729062,484762939,100.215,0.914,101.05,5,1
1784729062,551460449,101.238,1.054,102.206,5,1
1784729062,618157715,101.619,1.059,102.593,5,1
1784729062,684854736,101.818,1.164,102.9,5,1
1784729062,718203125,116.469,0.856,117.233,5,1
1784729062,751551514,130.013,0.634,130.576,5,1
1784729062,851596191,102.097,10.844,112.761,5,1
1784729062,884944092,142.535,1.229,143.679,5,1
1784729062,951640137,137.422,0.799,138.146,5,1
1784729063,18335938,123.862,0.781,124.566,5,1
1784729063,51685547,148.308,0.779,148.995,5,1
1784729063,118384521,133.634,1.06,134.606,5,1
1784729063,185083008,110.29,1.185,111.317,5,1
1784729063,218432373,136.556,1.775,138.242,5,1
1784729063,285130371,121.355,0.798,122.074,5,1
1784729063,318479492,152.118,1.004,152.97,5,1
1784729063,385177246,132.826,0.816,133.559,5,1
1784729063,451874756,113.884,1.229,115.024,5,1
1784729063,485223389,131.222,1.222,132.353,5,1
1784729063,518572021,154.451,8.558,162.924,5,1
1784729063,585269043,134.224,1.473,135.497,5,1
1784729063,651965576,112.26,1.112,113.29,5,1
1784729063,685313965,125.083,0.656,125.669,5,1
1784729063,785358154,101.271,0.687,101.885,5,1
1784729063,852053955,118.35,4.848,123.062,5,1
1784729063,885401855,143.223,1.178,144.248,5,1
1784729063,952097412,123.573,1.071,124.55,5,1
1784729063,985444824,147.447,0.774,148.144,5,1
1784729064,52142822,135.044,2.835,137.79,5,1
1784729064,85492676,143.75,0.71,144.388,5,1
1784729064,185542236,100.046,0.641,100.616,5,1
1784729064,252241455,107.733,0.867,108.525,5,1
1784729064,318940674,102.879,0.913,103.689,5,1
1784729064,385639404,101.895,0.957,102.758,5,1
1784729064,452337891,102.904,0.923,103.739,5,1
1784729064,519036133,101.837,0.981,102.715,5,1
1784729064,585734131,102.467,1.014,103.395,5,1
1784729064,652431885,105.77,1.077,106.577,5,1
1784729064,719129395,102.734,1.153,103.576,5,1
1784729064,785826416,101.425,0.892,102.233,5,1
1784729064,852523438,120.102,13.511,133.443,5,1
1784729064,885871826,120.987,0.933,121.839,5,1
1784729064,919219971,147.665,6.252,153.782,5,1
1784729064,985916504,125.2,0.79,125.913,5,1
1784729065,19264893,145.694,1.061,146.667,5,1
1784729065,85964844,125.471,0.856,126.249,5,1
1784729065,119314697,144.371,1.242,145.518,5,1
1784729065,186014404,119.927,1.581,121.42,5,1
1784729065,252713867,106.26,0.702,106.885,5,1
1784729065,319412842,101.044,0.817,101.781,5,1
1784729065,386111816,102.105,0.9,102.91,5,1
1784729065,452810303,103.422,0.754,104.095,5,1
1784729065,519508545,105.273,9.016,114.015,5,1
1784729065,586206543,107.141,7.321,114.328,5,1
1784729065,652904297,100.677,0.921,101.518,5,1
1784729065,719601807,102.762,0.998,103.674,5,1
1784729065,786299072,116.988,0.909,117.815,5,1
1784729065,852995850,111.251,0.751,111.926,5,1
1784729065,886344238,139.302,22.108,161.273,6,1
1784729065,953040771,135.915,0.976,136.799,5,1
1784729066,19737305,114.327,0.756,115.008,5,1
1784729066,86438965,112.671,0.73,113.328,5,1
1784729066,153140381,103.528,0.893,104.22,5,1
1784729066,219841553,101.718,0.846,102.483,5,1
1784729066,286542480,101.911,0.89,102.718,5,1
1784729066,353242920,102.735,0.997,103.649,5,1
1784729066,419943359,100.285,0.884,101.085,5,1
1784729066,486643555,105.451,0.695,106.072,5,1
1784729066,553343506,105.345,0.695,105.965,5,1
1784729066,620043213,104.107,0.758,104.785,5,1
1784729066,686742432,100.891,1.09,101.902,5,1
1784729066,753441650,100.962,0.856,101.738,5,1
1784729066,820140625,109.163,0.828,109.902,5,1
1784729066,853489990,125.462,0.997,126.357,5,1
1784729066,886839355,138.656,1.092,139.655,5,1
1784729066,953537598,113.287,9.707,122.857,5,1
1784729067,20236084,104.441,0.765,105.125,5,1
1784729067,87089844,114.448,0.771,115.138,5,1
1784729067,153945313,116.731,1.127,117.745,5,1
1784729067,187373535,127.834,2.039,129.794,5,1
1784729067,220802490,148.005,0.832,148.752,5,1
1784729067,287661377,134.437,0.895,135.241,5,1
1784729067,354521973,114.35,1.134,115.405,5,1
1784729067,387952881,133.358,0.921,134.194,5,1
1784729067,454815918,112.208,5.172,117.292,5,1
1784729067,488248047,123.905,0.941,124.757,5,1
1784729067,521680664,141.816,0.964,142.587,5,1
1784729067,588547363,121.325,1.002,122.245,5,1
1784729067,621981201,131.272,0.811,131.994,5,1
1784729067,722285400,99.803,1.17,100.875,5,1
1784729067,789156982,99.768,0.827,100.517,5,1
1784729067,856030273,105.542,1.017,106.48,5,1
1784729067,922905273,101.941,0.908,102.772,5,1
1784729067,989781982,99.335,7.493,106.691,5,1
1784729068,56561279,100.092,0.994,100.988,5,1
1784729068,89903076,116.616,0.718,117.258,5,1
1784729068,156586670,101.652,0.776,102.347,5,1
1784729068,223269287,100.574,1.031,101.513,5,1
1784729068,289951660,110.635,0.913,111.458,5,1
1784729068,323292725,122.247,0.908,123.067,5,1
1784729068,389974121,104.942,0.715,105.584,5,1
1784729068,456655029,101.193,0.901,102.006,5,1
1784729068,523335449,104.165,2.195,106.281,5,1
1784729068,590015137,118.826,0.884,119.619,5,1
1784729068,623354736,131.416,0.876,132.205,5,1
1784729068,690033936,115.154,1.184,116.262,5,1
1784729068,723373047,132.035,1.254,133.153,5,1
1784729068,790051270,111.937,0.991,112.841,5,1
1784729068,823390137,134.377,8.941,143.225,6,1
1784729068,856728760,151.227,1.029,152.176,5,1
1784729068,923406006,131.899,0.844,132.662,5,1
1784729068,990082520,110.065,5.723,115.638,5,1
1784729069,23421143,131.937,8.153,139.956,5,1
1784729069,90105713,114.962,0.788,115.672,5,1
1784729069,123447998,129.818,0.676,130.418,5,1
1784729069,223473633,104.259,0.654,104.839,5,1
1784729069,290156738,99.244,0.99,100.148,5,1
1784729069,356839355,101.563,1.641,103.12,5,1
1784729069,423521484,111.377,0.852,112.147,5,1
1784729069,456862305,119.867,0.723,120.503,5,1
1784729069,523543457,111.409,1.993,113.207,5,1
1784729069,556883789,117.27,0.662,117.858,5,1
1784729069,623564209,103.579,0.795,104.295,5,1
1784729069,690244141,99.704,0.83,100.45,5,1
1784729069,756923584,104.848,0.654,105.428,5,1
1784729069,823602295,112.495,1.003,113.405,5,1
1784729069,856941650,125.41,1.05,126.37,5,1
1784729069,890280762,139.656,0.934,140.498,5,1
1784729069,956958496,114.173,0.71,114.808,5,1
1784729070,23635986,105.151,4.277,109.312,5,1
1784729070,90320801,104.409,0.815,105.142,5,1
1784729070,157005127,100.863,0.971,101.745,5,1
1784729070,190347168,118.328,0.724,118.972,5,1
1784729070,257030518,101.526,0.91,102.342,5,1
1784729070,323713379,99.916,0.814,100.632,5,1
1784729070,390395752,101.682,0.877,102.465,5,1
1784729070,457077637,100.684,0.807,101.401,5,1
1784729070,523758789,99.682,0.892,100.483,5,1
1784729070,590439697,101.857,0.988,102.753,5,1
1784729070,657119873,101.793,0.897,102.599,5,1
1784729070,723799561,101.936,1.004,102.81,5,1
1784729070,790478516,107.638,0.804,108.352,5,1
1784729070,823817871,132.183,1.229,133.311,5,1
1784729070,857157227,144.608,0.844,145.364,5,1
1784729070,890496338,157.492,1.012,158.402,5,1
1784729070,957174072,136.225,1.308,137.323,5,1
1784729071,23851807,115.335,8.619,123.837,5,1
1784729071,57194580,135.491,2.398,137.768,5,1
1784729071,123879639,112.834,0.882,113.633,5,1
1784729071,190564209,109.02,0.912,109.848,5,1
1784729071,223906494,133.093,0.961,133.954,5,1
1784729071,290590332,116.371,1.056,117.349,5,1
1784729071,323931885,124.629,0.763,125.314,5,1
1784729071,390614990,112.737,0.897,113.553,5,1
1784729071,457297607,108.235,0.837,108.994,5,1
1784729071,523979492,104.312,0.82,105.05,5,1
1784729071,590660889,104.596,0.931,105.449,5,1
1784729071,657341797,102.385,1.279,103.426,5,1
1784729071,724022217,100.634,1.511,102.06,5,1
1784729071,790702148,107.815,7.894,115.598,5,1
1784729071,824041992,137.793,2.093,139.799,5,1
1784729071,890720947,124.547,4.552,129.008,5,1
1784729071,924060303,146.002,1.835,147.757,5,1
1784729071,990738525,126.941,1.602,128.426,5,1
1784729072,57499268,113.71,11.541,125.125,5,1
1784729072,90920654,124.532,1.211,125.658,5,1
1784729072,124342773,135.621,0.792,136.332,5,1
1784729072,191187744,140.58,4.068,144.566,5,1
1784729072,224610840,159.082,0.674,159.681,5,1
1784729072,324882324,124.505,1.159,125.532,5,1
1784729072,358306885,134.815,0.917,135.65,5,1
1784729072,458583008,103.499,0.755,104.17,5,1
1784729072,525435547,101.603,1.174,102.679,5,1
1784729072,592289551,103.573,1.04,104.535,5,1
1784729072,659145264,101.001,1.646,102.472,5,1
1784729072,726002197,101.545,1.045,102.503,5,1
1784729072,792860840,100.076,1.515,101.419,5,1
1784729072,859720947,106.37,0.886,107.171,5,1
1784729072,893151367,123.082,0.812,123.807,5,1
1784729072,926582520,143.2,0.898,143.992,5,1
1784729072,993445557,117.218,0.736,117.872,5,1
1784729073,60210938,104.996,0.959,105.875,5,1
1784729073,126880615,99.371,4.768,104.011,5,1
1784729073,193549316,101.735,0.897,102.547,5,1
1784729073,260217285,108.488,1.0,109.375,5,1
1784729073,293551025,123.965,0.741,124.624,5,1
1784729073,360217773,132.395,0.834,133.146,6,1
1784729073,426883789,116.14,0.712,116.775,5,1
1784729073,493549072,103.585,0.68,104.189,5,1
1784729073,560213379,103.567,0.884,104.369,5,1
1784729073,626876953,105.62,0.687,106.232,5,1
1784729073,693539795,100.105,0.898,100.914,5,1
1784729073,760201660,101.314,0.964,102.194,5,1
1784729073,826863037,117.055,1.001,117.961,5,1
1784729073,860193359,141.577,0.698,142.197,5,1
1784729073,926853271,121.578,1.131,122.613,5,1
1784729073,960182861,138.134,0.712,138.77,5,1
1784729074,26842529,116.585,0.711,117.22,5,1
1784729074,93600098,111.28,0.849,112.041,5,1
1784729074,126979248,120.528,5.375,125.753,5,1
1784729074,193739258,101.922,1.713,103.553,5,1
1784729074,260500488,109.434,1.002,110.338,5,1
1784729074,327263428,102.386,1.302,103.589,5,1
1784729074,394028076,112.153,0.754,112.827,5,1
1784729074,460793945,102.786,0.835,103.522,5,1
1784729074,527561523,100.553,1.246,101.642,5,1
1784729074,594330566,100.3,1.202,101.363,5,1
1784729074,661101074,102.408,0.822,103.147,5,1
1784729074,727873047,102.24,0.879,103.029,5,1
1784729074,794646729,100.605,5.275,105.781,5,1
1784729074,828034180,144.973,1.003,145.885,5,1
1784729074,894810059,119.486,0.888,120.28,5,1
1784729074,961587402,106.085,0.661,106.672,5,1
1784729075,28365723,101.904,0.786,102.608,5,1
1784729075,95052246,102.733,0.694,103.349,5,1
1784729075,161738281,100.865,7.987,108.728,5,1
1784729075,228423584,102.243,0.801,102.959,5,1
1784729075,295108643,102.796,1.272,103.988,5,1
1784729075,328450684,121.662,1.1,122.657,5,1
1784729075,361792969,132.238,1.043,133.193,5,1
1784729075,461818604,102.617,0.866,103.311,5,1
1784729075,528501709,110.471,0.76,111.15,5,1
1784729075,595184326,99.593,0.81,100.312,5,1
1784729075,661866211,99.452,0.837,100.204,5,1
1784729075,728547852,100.667,0.925,101.5,5,1
1784729075,795228760,99.985,0.964,100.856,5,1
1784729075,861909180,107.356,1.998,109.274,5,1
1784729075,928589355,108.217,6.373,114.487,5,1
1784729075,961928955,130.12,0.945,130.978,5,1
1784729076,28608643,112.621,2.035,114.575,5,1
1784729076,61951172,121.352,0.847,122.114,5,1
1784729076,128635254,102.434,0.844,103.15,5,1
1784729076,195319092,100.027,14.245,114.128,5,1
1784729076,262002197,102.937,1.033,103.839,5,1
1784729076,328685059,100.889,1.384,102.051,5,1
1784729076,362026123,121.969,0.812,122.697,5,1
1784729076,428708008,102.988,0.736,103.647,5,1
1784729076,495389160,106.236,0.669,106.83,5,1
1784729076,562070068,101.291,1.679,102.883,5,1
1784729076,628750244,100.813,0.908,101.634,5,1
1784729076,695429932,101.19,0.879,101.969,5,1
1784729076,762108887,104.622,0.663,105.211,5,1
1784729076,828787598,112.53,0.884,113.321,5,1
1784729076,862126465,123.042,0.744,123.705,5,1
1784729076,928804199,114.457,0.684,115.066,5,1
1784729076,995481445,103.323,1.341,104.579,5,1
1784729077,62162354,105.07,0.968,105.951,5,1
1784729077,128845459,115.172,1.214,116.285,5,1
1784729077,162187012,123.71,0.991,124.62,5,1
1784729077,228869385,113.58,9.718,123.168,5,1
1784729077,295551270,105.086,0.67,105.681,5,1
1784729077,362232666,101.538,0.955,102.395,5,1
1784729077,395572998,115.183,0.657,115.765,5,1
1784729077,462253418,101.639,0.957,102.498,5,1
1784729077,528933350,113.793,0.731,114.448,5,1
1784729077,595612793,109.333,0.89,110.137,5,1
1784729077,662291504,105.808,1.246,106.968,5,1
1784729077,728969727,102.024,1.363,103.297,5,1
1784729077,795647217,104.335,1.208,105.455,5,1
1784729077,862324463,114.876,0.819,115.609,5,1
1784729077,895662842,132.995,0.953,133.857,5,1
1784729077,962338867,109.839,1.149,110.9,5,1
1784729077,995677002,124.448,1.318,125.67,5,1
1784729078,29015137,131.968,0.827,132.711,5,1
1784729078,129043945,102.439,1.279,103.621,5,1
1784729078,195729004,100.046,0.858,100.752,5,1
1784729078,262413818,104.525,10.344,114.713,5,1
1784729078,295755859,131.841,1.013,132.763,5,1
1784729078,329097900,155.987,0.827,156.735,5,1
1784729078,395781494,149.113,0.804,149.828,5,1
1784729078,462464600,127.686,0.908,128.516,5,1
1784729078,495805908,151.94,0.859,152.713,5,1
1784729078,562488281,126.965,0.94,127.822,5,1
1784729078,629170166,113.34,0.678,113.946,5,1
1784729078,695851318,108.313,0.818,109.057,5,1
1784729078,762532227,110.546,0.942,111.406,5,1
1784729078,795872314,141.354,2.006,143.248,5,1
1784729078,862552246,117.529,0.761,118.214,5,1
1784729078,929231689,112.183,0.714,112.822,5,1
1784729078,995910645,108.424,0.892,109.233,5,1
1784729079,62592529,102.246,0.921,103.08,5,1
1784729079,95934814,117.086,0.664,117.677,5,1
1784729079,195960205,101.457,1.076,102.321,5,1
1784729079,262643066,102.307,5.157,103.27,5,1
1784729079,329325439,101.58,9.086,110.501,5,1
1784729079,396007080,102.905,1.647,104.459,5,1
1784729079,429347900,116.639,0.697,117.262,5,1
1784729079,496028809,109.225,0.815,109.963,5,1
1784729079,562709229,102.495,0.987,103.394,5,1
1784729079,629388916,105.81,0.779,106.514,5,1
1784729079,696068359,101.828,0.813,102.556,5,1
1784729079,762747070,105.713,0.682,106.319,5,1
1784729079,796086182,121.182,1.953,123.052,5,1
1784729079,862764160,122.182,1.087,123.175,5,1
1784729079,896103027,127.141,0.778,127.843,5,1
1784729079,996118408,105.046,1.773,106.728,5,1
1784729080,62799805,105.125,1.009,106.046,5,1
1784729080,129485107,103.795,1.299,105.0,5,1
1784729080,196169922,103.026,1.348,104.253,5,1
1784729080,262854248,104.124,1.311,105.321,5,1
1784729080,329537842,103.141,6.876,109.7,5,1
1784729080,396221191,107.603,8.32,115.796,5,1
1784729080,429562500,118.019,0.705,118.651,5,1
1784729080,496244873,109.477,0.665,110.069,5,1
1784729080,562926758,105.227,0.708,105.86,5,1
1784729080,629608154,103.875,1.186,104.838,5,1
1784729080,696289063,103.176,0.861,103.946,5,1
1784729080,762969238,105.521,0.776,106.208,6,1
1784729080,829649170,125.952,1.124,126.988,5,1
1784729080,862988770,141.183,4.108,145.206,5,1
1784729080,929667725,115.843,0.885,116.596,5,1
1784729080,996346191,107.065,2.351,109.335,5,1
1784729081,63106934,101.849,6.555,102.615,5,1
1784729081,129951416,102.121,1.111,103.081,5,1
1784729081,196797119,102.154,0.848,102.913,5,1
1784729081,263644531,102.861,1.94,104.61,5,1
1784729081,330493164,103.965,11.183,115.012,5,1
1784729081,397343506,106.626,0.806,107.324,5,1
1784729081,430769287,122.773,0.946,123.64,5,1
1784729081,497621826,111.846,0.681,112.453,5,1
1784729081,564476074,110.431,0.835,111.18,5,1
1784729081,597903564,116.598,0.678,117.202,5,1
1784729081,664760010,110.314,0.871,110.916,5,1
1784729081,731617676,108.274,0.83,109.024,5,1
1784729081,798477051,126.141,0.844,126.895,5,1
1784729081,831907227,150.574,0.742,151.218,5,1
1784729081,898768799,130.354,8.252,138.486,5,1
1784729081,965632080,111.771,0.904,112.592,5,1
1784729081,999064209,117.604,0.89,118.412,5,1
1784729082,65830322,119.466,0.86,120.243,5,1
1784729082,99165527,141.615,1.334,142.851,5,1
1784729082,165835449,116.82,0.891,117.632,5,1
1784729082,199169922,144.472,0.846,145.182,5,1
1784729082,265838623,132.079,0.802,132.8,5,1
1784729082,332506592,110.919,10.714,121.515,5,1
1784729082,365840332,124.745,0.894,125.553,5,1
1784729082,399173828,142.403,0.704,143.03,5,1
1784729082,465840088,121.774,0.747,122.438,5,1
1784729082,532505615,113.598,0.878,114.39,5,1
1784729082,565838135,123.413,0.819,124.143,5,1
1784729082,632502441,108.935,0.658,109.52,5,1
1784729082,699166260,100.329,0.867,101.113,5,1
1784729082,765828857,102.532,1.223,103.642,5,1
1784729082,832490967,111.578,1.255,112.542,5,1
1784729082,865821777,123.712,0.958,124.586,5,1
1784729082,899152344,138.367,1.096,139.382,5,1
1784729082,965812744,117.132,1.105,118.142,5,1
1784729082,999142578,130.274,0.92,131.109,5,1
1784729083,65850098,110.501,0.754,111.181,5,1
1784729083,132605469,102.19,1.458,103.544,5,1
1784729083,199362305,100.136,0.891,100.943,5,1
1784729083,266120361,107.401,0.799,108.12,5,1
1784729083,332880127,116.541,16.657,132.985,5,1
1784729083,366260498,133.169,1.581,134.603,5,1
1784729083,399641113,149.329,2.432,151.664,5,1
1784729083,466403809,140.908,1.193,141.993,5,1
1784729083,533167725,122.625,1.965,124.423,5,1
1784729083,566550293,140.965,0.821,141.706,5,1
1784729083,633316650,132.939,1.007,133.852,5,1
1784729083,700084229,117.449,0.784,118.15,5,1
1784729083,733468506,128.353,0.773,129.04,5,1
1784729083,800238281,119.919,0.894,120.726,5,1
1784729083,833623779,133.24,6.273,139.371,5,1
1784729083,900395752,111.367,1.136,112.425,5,1
1784729083,933782227,134.411,1.029,135.342,5,1
1784729084,556396,109.269,0.671,109.866,5,1
1784729084,67285400,107.011,0.8,107.731,5,1
1784729084,133968750,101.238,1.519,102.633,5,1
1784729084,167310547,115.477,0.809,116.213,5,1
1784729084,233993164,101.709,1.117,102.742,5,1
1784729084,300675293,105.246,0.683,105.854,5,1
1784729084,367356934,105.698,7.414,112.998,5,1
1784729084,434038086,103.2,0.869,103.986,5,1
1784729084,500718506,108.407,0.771,109.094,5,1
1784729084,534058594,120.657,0.653,121.235,5,1
1784729084,600738281,110.915,0.659,111.502,5,1
1784729084,667417236,105.765,0.992,106.671,5,1
1784729084,734095947,104.825,0.839,105.574,5,1
1784729084,767434814,117.829,0.8,118.552,5,1
1784729084,867451172,111.452,0.668,112.047,5,1
1784729084,934128174,104.837,1.326,106.079,5,1
1784729085,804443,102.804,1.03,103.749,5,1
1784729085,67485352,102.948,1.12,103.962,5,1
1784729085,134170410,103.418,0.935,104.256,5,1
1784729085,200854736,101.75,1.089,102.739,5,1
1784729085,267538574,101.454,1.004,102.356,5,1
1784729085,334221680,101.651,0.861,102.429,5,1
1784729085,400904541,106.163,8.026,114.055,5,1
1784729085,434245605,123.81,0.929,124.648,5,1
1784729085,500927490,115.715,0.762,116.399,5,1
1784729085,534268311,147.492,1.048,148.406,5,1
1784729085,600949463,121.272,0.932,122.122,5,1
1784729085,634289795,143.743,1.36,144.982,5,1
1784729085,700970215,120.58,1.264,121.543,5,1
1784729085,767649902,108.121,0.67,108.717,5,1
1784729085,834329102,103.764,0.805,104.487,5,1
1784729085,867668457,125.985,0.695,126.603,5,1
1784729085,934346924,131.482,0.754,132.152,5,1
1784729085,967686035,154.487,0.744,155.154,5,1
1784729086,34364014,138.327,0.938,139.181,5,1
1784729086,101048828,116.625,8.315,124.855,5,1
1784729086,134391113,134.892,0.954,135.759,5,1
1784729086,201075195,111.483,0.93,112.244,5,1
1784729086,267758789,105.575,0.825,106.317,5,1
1784729086,334441895,103.886,1.33,105.105,5,1
1784729086,401124268,102.039,0.988,102.931,5,1
1784729086,467806396,104.745,5.057,109.47,5,1
1784729086,534487793,109.466,0.785,110.167,5,1
1784729086,567828125,134.271,1.706,135.26,5,1
1784729086,634508789,116.127,1.243,117.194,5,1
1784729086,667848877,126.613,1.061,127.588,5,1
1784729086,734528809,110.729,0.734,111.384,5,1
1784729086,767868408,136.938,5.927,142.764,5,1
1784729086,834547363,135.545,0.921,136.371,5,1
1784729086,901225830,117.185,0.835,117.938,5,1
1784729086,934564697,137.45,1.078,138.421,5,1
1784729087,1242432,113.653,0.844,114.414,5,1
1784729087,67923828,112.297,0.74,112.96,5,1
1784729087,134608398,111.706,0.777,112.403,5,1
1784729087,201292480,115.729,0.729,116.379,5,1
1784729087,234634277,121.794,0.948,122.656,5,1
1784729087,301317627,106.655,0.677,107.245,5,1
1784729087,368000244,102.921,0.872,103.686,5,1
1784729087,434682617,105.637,0.674,106.238,5,1
1784729087,501364258,102.82,4.873,107.567,5,1
1784729087,568045166,107.582,0.752,108.254,5,1
1784729087,601385498,125.027,0.825,125.77,5,1
1784729087,634725830,146.288,0.894,147.089,5,1
1784729087,701405762,122.593,0.92,123.423,5,1
1784729087,734745605,148.582,0.844,149.334,5,1
1784729087,801424805,123.699,1.331,124.948,5,1
1784729087,868103516,123.468,0.679,124.071,5,1
1784729087,968120605,110.714,0.778,111.408,5,1
1784729088,1459229,127.522,1.228,128.647,5,1
1784729088,34798096,140.553,1.41,141.867,5,1
1784729088,101612061,113.124,0.764,113.81,5,1
1784729088,168539307,107.322,0.741,107.988,5,1
1784729088,235470459,105.947,0.782,106.648,5,1
1784729088,302405273,110.13,0.764,110.819,5,1
1784729088,369343750,107.507,0.661,108.094,5,1
1784729088,436286133,103.28,0.874,104.066,5,1
1784729088,503232178,107.798,11.935,119.595,5,1
1784729088,536706543,115.212,0.678,115.815,5,1
1784729088,603658203,118.639,1.601,120.011,5,1
1784729088,637135254,142.351,0.958,143.204,5,1
1784729088,704092529,113.22,0.719,113.861,5,1
1784729088,771053467,112.73,0.757,113.41,5,1
1784729088,838018066,110.138,0.696,110.758,5,1
1784729088,904986572,106.18,0.668,106.775,5,1
1784729088,971958740,101.342,0.895,102.142,5,1
1784729089,38934570,102.528,0.721,103.173,5,1
1784729089,105763184,107.26,0.935,108.108,5,1
1784729089,139105469,114.219,0.672,114.818,5,1
1784729089,205789551,105.516,0.693,106.136,5,1
1784729089,272472900,98.376,1.013,99.297,5,1
1784729089,339156006,100.591,1.208,101.708,5,1
1784729089,372497070,111.917,0.666,112.509,5,1
1784729089,439179199,101.395,0.834,102.129,5,1
1784729089,505860840,107.538,10.32,117.733,5,1
1784729089,539201416,118.393,0.676,118.983,5,1
1784729089,605882324,109.304,0.721,109.948,5,1
1784729089,639222412,131.977,1.419,133.288,5,1
1784729089,705902344,104.485,0.798,105.172,5,1
1784729089,772581787,105.159,0.677,105.76,5,1
1784729089,839260742,113.44,0.86,114.214,5,1
1784729089,872600098,127.865,0.857,128.64,5,1
1784729089,905939209,144.403,1.074,145.262,5,1
1784729089,972616943,132.217,1.453,133.574,5,1
1784729090,39294189,112.269,0.744,112.936,5,1
1784729090,105976563,104.29,0.77,104.982,5,1
1784729090,172662598,102.527,0.726,103.175,5,1
1784729090,239348145,100.524,0.924,101.359,5,1
1784729090,306033203,106.166,0.854,106.932,5,1
1784729090,339375488,115.22,0.65,115.796,5,1
1784729090,406059814,105.179,1.08,105.937,5,1
1784729090,472743652,110.581,1.344,111.831,5,1
1784729090,506085449,112.186,10.857,122.912,5,1
1784729090,572768311,105.055,0.751,105.732,5,1
1784729090,639450684,106.94,0.779,107.642,5,1
1784729090,672791748,117.915,0.655,118.496,5,1
1784729090,739473633,121.1,1.305,122.298,5,1
1784729090,772814209,134.005,1.231,135.147,5,1
1784729090,839495117,113.72,4.413,118.051,5,1
1784729090,872835449,140.1,1.255,141.26,5,1
1784729090,939515381,118.24,1.174,119.266,5,1
1784729090,972855225,147.02,0.952,147.886,5,1
1784729091,39534668,116.653,0.709,117.286,5,1
1784729091,106297363,103.513,0.868,104.21,5,1
1784729091,173143799,100.464,0.878,101.256,5,1
1784729091,239991699,102.985,0.696,103.605,5,1
1784729091,306841309,102.713,0.817,103.436,5,1
1784729091,373692383,104.837,0.678,105.442,5,1
1784729091,407118408,114.744,0.723,115.394,5,1
1784729091,473971680,103.874,0.717,104.512,5,1
1784729091,540826660,108.639,11.022,119.528,5,1
1784729091,607683105,106.763,2.074,108.756,5,1
1784729091,641111816,118.918,1.244,120.063,5,1
1784729091,674541016,142.222,0.972,143.098,5,1
1784729091,741400635,118.312,0.905,119.136,5,1
1784729091,808261719,111.915,0.865,112.698,5,1
1784729091,841692871,140.999,0.732,141.657,5,1
1784729091,908556152,122.098,1.201,123.211,5,1
1784729091,975421143,109.299,1.006,110.219,5,1
1784729092,8854004,116.677,0.948,117.539,5,1
1784729092,109054199,108.471,1.955,110.341,5,1
1784729092,142388672,145.832,1.08,146.821,5,1
1784729092,209056885,121.181,0.907,122.003,5,1
1784729092,309057861,101.112,0.7,101.735,5,1
1784729092,375724121,98.993,0.847,99.753,5,1
1784729092,442389404,101.397,0.818,102.078,5,1
1784729092,509053955,102.461,0.673,103.061,5,1
1784729092,575717773,107.344,11.29,118.504,5,1
1784729092,609049316,130.859,1.122,131.891,5,1
1784729092,675711914,112.152,1.137,113.205,5,1
1784729092,709042725,148.851,3.636,152.401,5,1
1784729092,775704102,111.167,0.772,111.861,5,1
1784729092,842364502,109.143,0.745,109.777,5,1
1784729092,909024170,113.375,0.736,113.965,5,1
1784729092,975682861,103.731,0.759,104.414,5,1
1784729093,42341064,101.292,0.73,101.939,5,1
1784729093,109083252,104.777,0.671,105.361,5,1
1784729093,175909424,101.317,0.722,101.96,5,1
1784729093,242736816,111.498,0.95,112.362,5,1
1784729093,276150879,126.872,0.881,127.665,5,1
1784729093,309565430,141.954,1.09,142.959,5,1
1784729093,376395264,121.321,1.976,123.202,5,1
1784729093,409810547,138.028,0.817,138.757,5,1
1784729093,476642090,112.782,1.157,113.757,5,1
1784729093,576891602,102.914,0.657,103.497,5,1
1784729093,643726074,102.713,11.775,114.377,5,1
1784729093,710561768,104.926,0.759,105.585,5,1
1784729093,743980225,130.265,1.073,131.244,5,1
1784729093,810817627,113.47,6.919,120.295,5,1
1784729093,844236816,141.433,1.751,142.999,5,1
1784729093,911076172,119.632,3.155,122.203,5,1
1784729093,944496094,137.173,1.062,138.083,5,1
1784729094,11337158,112.955,0.858,113.739,5,1
1784729094,44758301,132.361,0.862,133.141,5,1
1784729094,111505615,113.578,1.103,114.603,5,1
1784729094,144832520,133.511,0.754,134.181,5,1
1784729094,211485840,110.081,0.78,110.736,5,1
1784729094,278138184,105.368,0.658,105.953,5,1
1784729094,344789307,99.349,0.879,100.144,5,1
1784729094,411439453,98.707,1.06,99.683,5,1
1784729094,478088379,100.544,0.975,101.401,5,1
1784729094,511412598,111.237,0.645,111.807,5,1
1784729094,578060059,104.822,0.684,105.431,5,1
1784729094,644706299,101.145,0.741,101.81,5,1
1784729094,711351563,100.021,4.423,104.32,5,1
1784729094,777995605,106.477,0.942,107.332,5,1
1784729094,811317383,147.945,0.832,148.694,5,1
1784729094,877959961,138.294,0.868,139.078,5,1
1784729094,944601318,121.236,0.767,121.923,5,1
1784729094,977921631,141.914,1.32,143.149,5,1
1784729095,44561523,122.837,1.783,124.442,5,1
1784729095,77882324,138.273,1.171,139.355,5,1
1784729095,144536621,111.162,0.779,111.864,5,1
1784729095,211189941,102.484,0.667,103.078,5,1
1784729095,277842041,99.38,1.216,100.511,5,1
1784729095,344493164,102.025,1.106,103.048,5,1
1784729095,411143066,99.847,2.847,102.614,5,1
1784729095,477791992,100.197,0.831,100.936,5,1
1784729095,544439941,109.312,0.695,109.93,5,1
1784729095,577763428,138.366,0.842,139.125,5,1
1784729095,644409668,111.299,9.215,120.423,5,1
1784729095,677732422,122.521,0.801,123.236,5,1
1784729095,744376953,110.061,16.732,126.664,5,1
1784729095,777698730,125.508,0.809,126.232,5,1
1784729095,844341797,124.263,0.946,125.103,5,1
1784729095,910983643,125.459,1.043,126.403,5,1
1784729095,977624512,107.091,0.653,107.669,5,1
1784729096,44264160,106.519,0.824,107.262,5,1
1784729096,77584717,113.79,0.662,114.378,5,1
1784729096,144239014,103.565,0.787,104.278,5,1
1784729096,210892090,100.617,1.786,102.316,5,1
1784729096,277544189,102.342,0.949,103.213,5,1
1784729096,344195313,100.95,1.211,102.061,5,1
1784729096,410845215,101.222,0.91,102.029,5,1
1784729096,477494141,103.612,0.689,104.225,5,1
1784729096,544142090,105.799,0.874,106.514,5,1
1784729096,577465576,112.902,0.755,113.585,5,1
1784729096,644111816,101.573,0.839,102.331,5,1
1784729096,710756836,101.79,0.816,102.527,5,1
1784729096,777400879,103.73,7.59,111.135,5,1
1784729096,844043945,106.859,0.786,107.561,5,1
1784729096,877364990,121.092,0.653,121.67,5,1
1784729096,944006348,118.335,0.753,119.009,5,1
1784729097,10646729,108.94,1.09,109.94,5,1
1784729097,43966309,134.715,0.995,135.622,5,1
1784729097,110657715,128.194,1.464,129.564,5,1
1784729097,144029053,140.066,1.082,141.058,5,1
1784729097,244145020,108.143,0.684,108.751,5,1
1784729097,310890381,102.842,0.693,103.457,5,1
1784729097,377637207,102.294,0.738,102.934,5,1
1784729097,444385254,106.963,0.746,107.62,5,1
1784729097,511134277,106.361,0.665,106.952,5,1
1784729097,577884766,105.057,0.665,105.648,5,1
1784729097,644636475,100.487,0.875,101.267,5,1
1784729097,711389404,102.425,0.864,103.209,5,1
1784729097,778143555,101.92,0.74,102.58,5,1
1784729097,844898926,107.954,7.598,115.428,5,1
1784729097,878277100,126.041,0.664,126.63,5,1
1784729097,945034424,112.452,0.705,113.081,5,1
1784729098,11792969,104.153,0.716,104.752,5,1
1784729098,78552246,103.023,0.691,103.638,5,1
1784729098,145221191,102.096,0.829,102.82,5,1
1784729098,211889404,101.417,0.87,102.189,5,1
1784729098,278556885,102.133,1.406,103.438,5,1
1784729098,311890381,130.005,0.909,130.826,5,1
1784729098,345223389,138.133,0.765,138.819,5,1
1784729098,411889160,126.152,0.67,126.747,5,1
1784729098,478554199,117.668,0.672,118.265,5,1
1784729098,545218262,111.231,0.716,111.871,5,1
1784729098,611881592,108.18,0.673,108.778,5,1
1784729098,678544189,108.046,0.791,108.749,5,1
1784729098,745205811,102.746,0.758,103.422,5,1
1784729098,811866699,103.883,0.83,104.627,5,1
1784729098,845196777,121.951,16.708,138.511,5,1
1784729098,878526855,150.534,1.181,151.621,5,1
1784729098,945186035,141.701,0.762,142.383,5,1
1784729099,11844482,124.329,0.752,125.002,5,1
1784729099,45173340,142.818,0.848,143.579,5,1
1784729099,111838135,133.763,1.061,134.729,5,1
1784729099,178508545,110.592,0.82,111.326,5,1
1784729099,211843506,132.451,1.335,133.685,5,1
1784729099,278512451,106.372,0.759,107.054,5,1
1784729099,345180908,103.127,0.87,103.918,5,1
1784729099,411848389,101.783,1.057,102.757,5,1
1784729099,478515137,103.586,0.914,104.417,5,1
1784729099,545181152,104.222,0.691,104.838,5,1
1784729099,578513916,121.545,1.15,122.607,5,1
1784729099,645178467,107.121,0.777,107.726,5,1
1784729099,711842529,102.251,1.202,103.353,5,1
1784729099,778505615,102.191,0.937,103.047,5,1
1784729099,845167969,111.047,0.96,111.921,5,1
1784729099,878499023,123.721,11.687,135.194,5,1
1784729099,911829590,142.541,0.853,143.304,5,1
1784729099,978490479,126.692,13.892,140.474,5,1
1784729100,11820557,141.113,1.117,142.138,5,1
1784729100,78480713,117.899,2.599,120.415,5,1
1784729100,111815918,137.399,0.844,138.158,5,1
1784729100,178485840,112.618,0.714,113.255,5,1
1784729100,245154785,105.086,0.682,105.695,5,1
1784729100,311822754,102.189,1.754,103.86,5,1
1784729100,378490234,102.512,1.602,104.029,5,1
1784729100,445156738,101.463,0.988,102.37,5,1
1784729100,511822510,110.648,0.966,111.526,5,1
1784729100,545155029,121.429,0.787,122.124,5,1
1784729100,578487549,140.21,0.879,141.012,5,1
1784729100,645151611,114.134,0.712,114.773,5,1
1784729100,711814941,106.692,0.747,107.365,5,1
1784729100,778477539,106.541,0.667,107.132,5,1
1784729100,845139160,113.507,0.821,114.167,5,1
1784729100,878469727,135.523,22.652,157.937,5,1
1784729100,945130127,122.689,1.011,123.619,5,1
1784729100,978460205,131.774,0.772,132.47,5,1
1784729101,45119385,119.23,0.777,119.919,5,1
1784729101,111801514,118.236,2.169,120.31,5,1
1784729101,145215088,137.825,0.731,138.476,5,1
1784729101,212042969,113.355,0.758,114.035,5,1
1784729101,278872314,106.679,0.672,107.276,5,1
1784729101,345702637,105.881,0.666,106.472,5,1
1784729101,412534424,101.721,0.882,102.521,5,1
1784729101,479367188,101.131,0.92,101.965,5,1
1784729101,546201416,106.885,0.87,107.665,5,1
1784729101,579618896,112.744,0.732,113.402,5,1
1784729101,646454834,102.103,1.913,103.935,5,1
1784729101,713291992,102.343,0.94,103.186,5,1
1784729101,780130371,107.926,7.935,108.725,5,1
1784729101,813550049,116.437,0.764,117.12,5,1
1784729101,880390137,111.948,0.679,112.554,5,1
1784729101,947231689,103.554,4.766,108.151,5,1
1784729102,14074219,113.248,0.832,113.996,5,1
1784729102,47495850,138.541,0.799,139.262,5,1
1784729102,114338867,123.359,2.283,125.552,5,1
1784729102,147689453,154.259,0.993,155.157,5,1
1784729102,214390137,140.134,1.217,141.256,5,1
1784729102,281090332,116.058,0.722,116.704,5,1
1784729102,347790039,104.369,0.669,104.965,5,1
1784729102,414489502,99.648,0.81,100.375,5,1
1784729102,481188232,100.693,1.105,101.534,5,1
1784729102,547886475,102.002,0.917,102.826,5,1
1784729102,614584473,101.275,1.119,102.311,5,1
1784729102,681281738,100.781,0.874,101.567,5,1
1784729102,747978760,101.79,1.104,102.809,5,1
1784729102,814675049,107.256,0.724,107.904,5,1
1784729102,848023193,138.406,0.835,139.154,5,1
1784729102,914718750,111.634,0.684,112.244,5,1
1784729102,948066406,132.962,5.159,137.993,5,1
1784729103,14761475,118.166,0.81,118.899,5,1
1784729103,81455811,105.929,0.686,106.535,5,1
1784729103,148128418,103.78,0.665,104.372,5,1
1784729103,214778076,100.665,0.858,101.44,5,1
1784729103,281426514,102.734,1.285,103.928,5,1
1784729103,348073975,118.433,0.665,119.025,5,1
1784729103,414720215,111.393,0.815,111.997,5,1
1784729103,481365234,111.551,0.799,112.27,5,1
1784729103,548009277,101.41,0.863,102.179,5,1
1784729103,614651855,102.996,0.774,103.687,5,1
1784729103,681293457,105.991,0.729,106.644,5,1
1784729103,747933838,103.867,0.628,104.421,5,1
1784729103,814573242,112.55,4.019,116.488,5,1
1784729103,847892578,144.747,0.936,145.587,5,1
1784729103,914530029,120.372,1.201,121.493,5,1
1784729103,981166504,112.886,9.777,122.316,5,1
1784729104,47801758,109.402,0.674,110.002,5,1
1784729104,147803955,107.938,0.858,108.71,5,1
1784729104,181171631,118.465,1.767,120.006,5,1
1784729104,247907715,105.787,0.668,106.381,5,1
1784729104,314644775,103.186,0.82,103.909,5,1
1784729104,381383057,103.12,1.062,103.903,5,1
1784729104,448122314,101.954,0.858,102.716,5,1
1784729104,514862793,102.519,2.378,104.787,5,1
1784729104,581604492,103.131,0.802,103.791,5,1
1784729104,648346924,104.962,0.759,105.583,5,1
1784729104,715090576,101.263,0.856,102.02,5,1
1784729104,781835449,102.641,1.849,104.407,5,1
1784729104,815208252,124.969,7.936,132.636,5,1
1784729104,848581299,142.137,1.153,143.202,5,1
1784729104,915328369,114.356,0.673,114.956,5,1
1784729104,982076416,106.254,0.75,106.926,5,1
1784729105,48825439,104.065,4.536,108.454,5,1
1784729105,82200439,121.414,0.845,122.175,5,1
1784729105,115575195,141.685,0.837,142.437,5,1
1784729105,182238770,124.003,2.229,125.427,5,1
1784729105,215570313,134.742,0.949,135.609,5,1
1784729105,315563477,105.6,0.701,106.227,5,1
1784729105,382224365,102.338,1.742,103.997,5,1
1784729105,448884521,104.76,0.683,105.37,5,1
1784729105,515543701,108.508,0.741,109.175,5,1
1784729105,582201904,104.801,0.773,105.484,5,1
1784729105,615530762,118.444,0.772,119.138,5,1
1784729105,682187500,103.232,0.798,103.945,5,1
1784729105,748843506,103.995,2.149,105.125,5,1
1784729105,815498535,110.691,0.851,111.454,5,1
1784729105,848825684,127.012,0.99,127.909,5,1
1784729105,882152588,146.735,1.11,147.749,5,1
1784729105,948805664,139.253,1.169,140.325,5,1
1784729106,15458008,119.078,0.918,119.913,5,1
1784729106,48783936,134.602,11.985,146.463,5,1
1784729106,115435303,137.891,1.362,139.072,5,1
1784729106,182100586,109.833,0.658,110.417,5,1
1784729106,248765137,106.155,0.697,106.777,5,1
1784729106,315428711,106.165,0.68,106.757,5,1
1784729106,382091309,103.155,1.864,104.931,5,1
1784729106,448753174,102.885,1.855,104.648,5,1
1784729106,515414063,106.376,0.675,106.978,5,1
1784729106,582073975,105.296,0.921,106.122,5,1
1784729106,648733154,104.778,0.706,105.405,5,1
1784729106,715391602,104.205,0.812,104.906,5,1
1784729106,748720215,121.268,1.219,122.314,5,1
1784729106,848705322,111.262,1.01,112.121,5,1
1784729106,882033447,116.988,0.672,117.586,5,1
1784729106,948688477,106.992,0.828,107.585,5,1
1784729107,15342773,110.195,0.951,110.962,5,1
1784729107,48669678,141.927,15.325,157.109,5,1
1784729107,115323242,126.446,0.911,127.265,5,1
1784729107,148699707,168.936,0.8,169.652,5,1
1784729107,215453613,150.35,0.909,151.168,5,1
1784729107,282208984,132.996,1.104,134.009,5,1
1784729107,348965820,107.314,0.755,107.993,5,1
1784729107,415724121,103.775,1.723,105.273,5,1
1784729107,482483887,110.425,1.206,111.549,5,1
1784729107,549244873,107.022,0.868,107.811,6,1
1784729107,616007568,103.543,0.953,104.412,5,1
1784729107,682771484,102.824,0.912,103.646,5,1
1784729107,749537109,102.316,0.964,103.199,5,1
1784729107,816303955,105.021,1.034,105.965,5,1
1784729107,883072266,114.152,1.001,115.066,5,1
1784729107,916457031,127.284,0.817,128.0,5,1
1784729107,949842041,143.709,1.062,144.684,5,1
1784729108,16613281,133.393,0.791,134.101,5,1
1784729108,83385986,111.855,10.176,121.897,5,1
1784729108,116771973,124.916,0.935,125.743,5,1
1784729108,150112793,148.596,0.684,149.205,5,1
1784729108,250134521,107.839,0.681,108.446,5,1
1784729108,316814941,109.281,0.936,110.126,5,1
1784729108,383494873,109.926,0.709,110.561,5,1
1784729108,450174072,104.182,0.753,104.853,5,1
1784729108,516852539,101.656,0.821,102.398,5,1
1784729108,583530518,106.708,0.665,107.299,5,1
1784729108,650208008,105.737,0.683,106.332,5,1
1784729108,716884766,106.317,0.763,107.006,5,1
1784729108,783560791,103.874,1.038,104.762,5,1
1784729108,850236328,109.542,0.729,110.193,5,1
1784729108,916911377,107.25,0.673,107.848,5,1
1784729108,983585693,106.228,0.685,106.839,5,1
1784729109,50259521,104.994,1.065,105.955,5,1
1784729109,116932861,110.12,8.71,118.718,5,1
1784729109,183854248,107.159,0.893,107.966,5,1
1784729109,217316162,133.846,1.432,135.164,5,1
1784729109,284242920,108.366,1.011,109.3,5,1
1784729109,351173340,105.804,0.701,106.428,5,1
1784729109,418107422,102.197,0.889,103.002,5,1
1784729109,485045166,112.343,0.933,113.171,5,1
1784729109,518515381,139.536,1.13,140.564,5,1
1784729109,585458740,121.124,1.712,122.753,5,1
1784729109,618931641,134.128,0.9,134.952,5,1
1784729109,685880371,124.992,1.242,126.154,5,1
1784729109,752832520,138.348,1.037,139.297,5,1
1784729109,786310059,166.857,0.811,167.587,5,1
1784729109,886748291,130.522,0.875,131.311,5,1
1784729109,920229492,158.027,1.309,159.081,5,1
1784729109,987194580,137.143,1.111,138.146,5,1
1784729110,20678467,159.356,1.255,160.528,5,1
1784729110,87648926,146.334,19.277,165.463,5,1
1784729110,120992920,162.633,1.495,164.036,5,1
1784729110,187680176,143.601,0.821,144.346,5,1
1784729110,254367188,139.083,0.952,139.944,5,1
1784729110,321053467,113.477,0.679,114.082,5,1
1784729110,387739502,105.787,0.699,106.406,5,1
1784729110,454424805,107.032,0.682,107.638,5,1
1784729110,521109863,103.615,1.397,104.922,5,1
1784729110,587794189,100.12,1.122,101.026,5,1
1784729110,654478027,101.427,0.769,102.114,5,1
1784729110,721161377,99.447,0.848,100.194,5,1
1784729110,787844482,104.209,0.746,104.877,5,1
1784729110,854526855,105.88,0.757,106.552,5,1
1784729110,921208740,112.396,0.893,113.214,5,1
1784729111,21230469,98.651,3.097,101.635,5,1
1784729111,87911865,98.867,0.904,99.688,5,1
1784729111,154614502,101.707,4.545,106.141,5,1
1784729111,221294678,99.707,0.881,100.503,5,1
1784729111,287973877,99.526,0.857,100.296,5,1
1784729111,321313477,117.207,2.224,119.176,5,1
1784729111,387991943,105.138,0.747,105.81,5,1
1784729111,454669922,100.293,0.891,101.1,5,1
1784729111,521347168,100.792,0.892,101.594,5,1
1784729111,588023682,101.795,0.824,102.517,5,1
1784729111,654699707,99.293,0.905,100.116,5,1
1784729111,721375000,100.773,0.868,101.549,5,1
1784729111,788049805,106.953,1.198,108.074,5,1
1784729111,821386963,135.291,1.085,136.288,5,1
1784729111,888060791,116.933,0.849,117.707,5,1
1784729111,921397461,132.265,0.911,133.085,5,1
1784729111,988070557,110.253,1.237,111.407,5,1
1784729112,21406738,125.875,0.88,126.667,5,1
1784729112,54742676,157.453,0.867,158.238,5,1
1784729112,121415039,139.07,24.785,163.733,5,1
1784729112,154760742,176.867,0.806,177.595,5,1
1784729112,221597168,167.233,0.914,168.059,5,1
1784729112,321854004,111.792,0.989,112.686,5,1
1784729112,355273682,131.148,0.856,131.922,5,1
1784729112,422114014,109.115,1.941,110.979,5,1
1784729112,455534668,117.543,0.775,118.239,5,1
1784729112,522377197,109.513,6.948,116.319,5,1
1784729112,589220947,101.514,0.723,102.156,5,1
1784729112,656066162,101.882,0.763,102.566,5,1
1784729112,722912842,100.065,4.384,104.359,5,1
1784729112,789760742,101.218,0.892,102.022,5,1
1784729112,856610107,105.337,0.725,105.987,5,1
1784729112,923460938,106.681,0.741,107.347,5,1
1784729112,990312988,101.969,0.917,102.808,5,1
1784729113,57166504,100.494,0.749,101.148,5,1
1784729113,124021240,109.297,0.947,110.16,5,1
1784729113,190866943,100.968,4.324,105.169,5,1
1784729113,257703125,100.94,0.995,101.815,5,1
1784729113,324540527,117.656,0.935,118.495,5,1
1784729113,357959961,144.438,4.577,145.713,5,1
1784729113,424799316,114.552,0.817,115.28,5,1
1784729113,491640137,101.355,0.839,102.068,5,1
1784729113,558482422,104.704,0.886,105.51,5,1
1784729113,625325684,98.207,0.888,98.967,5,1
1784729113,692170410,98.397,1.095,99.406,5,1
1784729113,759016602,103.363,0.68,103.969,5,1
1784729113,825864014,99.252,0.786,99.956,5,1
1784729113,892712646,102.845,0.842,103.601,5,1
1784729113,926137451,109.044,0.682,109.652,5,1
1784729113,992988037,98.108,1.242,99.262,5,1
1784729114,59839844,99.988,2.615,102.518,5,1
1784729114,126693115,95.774,1.011,96.694,5,1
1784729114,193442627,97.436,1.603,98.951,5,1
1784729114,260089355,97.542,6.22,103.467,5,1
1784729114,326735107,97.109,0.929,97.95,5,1
1784729114,393379395,97.8,2.206,98.917,5,1
1784729114,426701172,114.031,1.573,115.221,5,1
1784729114,493343750,101.209,0.729,101.86,5,1
1784729114,559985107,99.467,0.708,100.097,5,1
1784729114,626625244,97.148,0.886,97.95,5,1
1784729114,693264160,96.555,0.936,97.408,5,1
1784729114,759902100,96.526,0.904,97.35,5,1
1784729114,826538574,110.909,1.088,111.892,5,1
1784729114,859856445,120.741,0.68,121.345,5,1
1784729114,926491211,105.346,0.693,105.944,5,1
1784729114,993125000,98.645,1.562,100.124,5,1
1784729115,59757324,96.613,0.8,97.329,5,1
1784729115,126388428,98.325,0.923,99.154,5,1
1784729115,193038086,96.959,0.842,97.72,5,1
1784729115,259688232,96.885,0.804,97.607,5,1
1784729115,326337158,97.002,4.901,101.78,5,1
1784729115,392984863,101.313,0.925,102.16,5,1
1784729115,426308350,129.12,0.965,129.984,5,1
1784729115,492954346,115.091,1.181,116.181,5,1
1784729115,526276855,125.057,0.817,125.787,5,1
1784729115,592921387,110.664,1.078,111.644,5,1
1784729115,626243164,120.273,0.818,121.004,5,1
1784729115,692885742,101.497,0.73,102.151,5,1
1784729115,759527100,98.638,0.874,99.43,5,1
1784729115,826167480,103.536,0.757,104.185,5,1
1784729115,892806641,109.374,0.887,110.169,5,1
1784729115,926125977,123.231,1.785,124.921,5,1
1784729115,959444824,130.966,0.942,131.824,5,1
1784729116,59399658,103.574,0.69,104.173,5,1
1784729116,126034912,98.323,0.913,99.152,5,1
1784729116,192675537,106.065,0.679,106.67,5,1
1784729116,259324219,99.655,1.621,101.189,5,1
1784729116,325971680,99.273,4.714,103.872,5,1
1784729116,392617920,102.038,1.517,103.444,5,1
1784729116,425940430,116.052,0.779,116.754,5,1
1784729116,492584961,103.482,2.004,105.301,5,1
1784729116,559228271,105.741,0.715,106.378,5,1
1784729116,625870361,101.712,0.735,102.365,5,1
1784729116,692511475,99.917,0.858,100.681,5,1
1784729116,759151367,100.304,1.116,101.336,5,1
1784729116,825790039,102.03,0.86,102.806,5,1
1784729116,859108887,122.767,0.802,123.48,5,1
1784729116,892427490,135.59,0.696,136.208,5,1
1784729116,992381348,102.113,0.761,102.793,5,1
1784729117,59016113,105.136,0.95,106.006,5,1
1784729117,125649414,105.213,1.273,105.918,5,1
1784729117,192325439,123.984,0.729,124.638,5,1
1784729117,225693115,140.375,0.766,141.059,5,1
1784729117,292429199,122.93,0.974,123.82,5,1
1784729117,325797852,143.68,11.684,155.086,5,1
1784729117,392535645,119.781,2.406,122.06,5,1
1784729117,425905029,142.328,0.909,143.147,5,1
1784729117,492644531,121.405,1.054,122.343,5,1
1784729117,526014893,133.814,1.049,134.756,5,1
1784729117,592756104,109.654,0.927,110.501,5,1
1784729117,659498291,101.488,0.808,102.2,5,1
1784729117,726241699,99.089,0.813,99.821,5,1
1784729117,792986328,100.059,0.975,100.946,5,1
1784729117,859731934,108.551,0.781,109.25,5,1
1784729117,926478760,103.481,0.688,104.079,5,1
1784729117,993226807,98.528,0.907,99.311,5,1
1784729118,59975586,99.171,0.806,99.89,5,1
1784729118,126725830,99.379,0.917,100.207,5,1
1784729118,193450195,98.8,0.904,99.624,5,1
1784729118,260139404,109.323,5.792,115.011,5,1
1784729118,293483887,123.195,5.745,128.794,5,1
1784729118,326828369,139.971,0.829,140.711,5,1
1784729118,393517090,115.939,7.368,123.17,5,1
1784729118,460205566,109.203,0.91,110.033,5,1
1784729118,493549805,143.486,1.026,144.412,5,1
1784729118,560237793,117.323,0.768,118.014,5,1
1784729118,626925781,107.207,0.674,107.804,5,1
1784729118,693613525,99.011,0.849,99.779,5,1
1784729118,760301025,103.754,0.726,104.406,5,1
1784729118,826988281,105.332,0.855,106.11,5,1
1784729118,860331787,125.776,1.462,127.152,5,1
1784729118,893675293,142.589,0.949,143.452,5,1
1784729118,960362061,120.611,1.149,121.671,5,1
1784729118,993705322,134.03,1.052,134.996,5,1
1784729119,60391602,109.304,2.893,111.91,5,1
1784729119,93734863,142.739,1.0,143.651,5,1
1784729119,160420898,123.592,0.833,124.347,5,1
1784729119,193831787,143.911,1.404,145.18,5,1
1784729119,260654785,118.971,0.906,119.784,5,1
1784729119,327479004,107.208,0.732,107.86,5,1
1784729119,394304443,99.973,0.911,100.792,5,1
1784729119,461130859,98.923,5.299,104.093,6,1
1784729119,527958496,103.471,0.829,104.216,5,1
1784729119,561372559,119.859,1.046,120.81,5,1
1784729119,594787109,130.936,0.814,131.649,5,1
1784729119,661616943,108.63,0.93,109.473,5,1
1784729119,728447998,102.907,0.763,103.595,5,1
1784729119,795280273,100.873,0.827,101.613,5,1
1784729119,862113770,104.617,0.731,105.271,5,1
1784729119,928948242,104.9,0.678,105.503,5,1
1784729119,995783936,98.994,0.927,99.787,5,1
1784729120,62620605,98.879,1.891,100.644,5,1
1784729120,129458740,99.68,1.829,101.233,5,1
1784729120,196278809,99.221,1.365,100.491,5,1
1784729120,263083740,97.612,0.838,98.358,5,1
1784729120,329889648,97.472,0.924,98.309,5,1
1784729120,396696289,96.784,0.906,97.586,5,1
1784729120,463503662,96.898,10.551,107.314,5,1
1784729120,530312012,101.129,0.787,101.835,5,1
1784729120,563716553,129.294,1.12,130.326,5,1
1784729120,630526123,123.602,0.82,124.339,5,1
1784729120,663931152,140.219,0.864,140.992,5,1
1784729120,730741943,113.453,0.714,114.092,5,1
1784729120,797553711,103.81,0.797,104.529,5,1
1784729120,864366211,104.123,0.785,104.807,5,1
1784729120,931179688,108.77,0.813,109.498,5,1
1784729120,997993896,101.816,3.891,105.59,5,1
1784729121,64809082,100.81,0.74,101.474,5,1
1784729121,131625000,95.871,0.85,96.611,5,1
1784729121,198351807,97.133,0.883,97.934,5,1
1784729121,264989746,96.11,0.896,96.924,5,1
1784729121,331626221,96.358,0.908,97.18,5,1
1784729121,398261475,96.514,0.894,97.321,5,1
1784729121,464895264,98.251,8.746,106.854,5,1
1784729121,531527588,97.935,6.902,104.152,5,1
1784729121,564843262,110.686,0.666,111.281,5,1
1784729121,631473877,101.202,0.658,101.786,5,1
1784729121,698102783,98.618,1.801,100.308,5,1
1784729121,764730469,99.466,0.741,100.126,5,1
1784729121,831356934,99.803,0.869,100.588,5,1
1784729121,897981689,101.602,0.659,102.186,5,1
1784729121,964605469,97.47,1.018,98.404,5,1
1784729122,31227783,101.889,0.872,102.68,5,1
1784729122,97848633,115.174,1.045,116.027,5,1
1784729122,131158447,138.589,1.161,139.658,5,1
1784729122,197792480,116.963,1.028,117.901,5,1
1784729122,231115234,139.493,0.843,140.253,5,1
1784729122,297759766,128.698,0.923,129.533,5,1
1784729122,364403076,113.538,2.029,115.36,5,1
1784729122,397724121,134.37,1.547,135.827,5,1
1784729122,464365723,107.19,5.276,112.334,5,1
1784729122,564325439,103.989,0.825,104.726,5,1
1784729122,597644531,120.374,0.907,121.196,5,1
1784729122,664282227,104.4,0.685,105.008,6,1
1784729122,730918701,102.567,0.685,103.179,5,1
1784729122,797553711,98.851,0.908,99.669,5,1
1784729122,864187500,106.352,1.3,107.541,5,1
1784729122,930820068,105.719,0.966,106.602,5,1
1784729122,997451416,98.11,0.908,98.933,5,1
1784729123,64081543,98.439,0.789,99.142,5,1
1784729123,130710205,99.677,1.305,100.865,6,1
1784729123,197344971,100.231,6.866,106.979,5,1
1784729123,263983887,101.125,0.996,102.028,5,1
1784729123,330621094,123.718,0.709,124.351,5,1
1784729123,397257080,116.349,1.188,117.392,5,1
1784729123,463891846,109.31,15.685,124.853,5,1
1784729123,530525146,105.326,0.682,105.934,5,1
1784729123,597157227,102.374,1.188,103.423,5,1
1784729123,630472656,119.043,1.069,120.014,5,1
1784729123,697102539,102.168,0.729,102.819,5,1
1784729123,763731201,105.279,1.777,106.97,5,1
1784729123,830358398,106.744,0.975,107.641,5,1
1784729123,896984375,111.145,0.828,111.877,5,1
1784729123,930296875,119.341,1.017,120.19,5,1
1784729123,996920898,103.922,0.857,104.663,5,1
1784729124,63543457,106.34,0.812,107.075,5,1
1784729124,130164551,104.265,0.929,105.113,5,1
1784729124,163475830,117.299,1.005,118.159,5,1
1784729124,230266357,101.363,1.17,102.45,5,1
1784729124,297057861,100.725,0.893,101.534,5,1
1784729124,363849609,99.246,0.966,100.133,5,1
1784729124,430642334,99.633,0.901,100.451,5,1
1784729124,497435303,100.885,5.795,106.553,5,1
1784729124,564229004,107.981,0.679,108.586,5,1
1784729124,631023438,101.911,0.837,102.665,5,1
1784729124,664420898,120.511,0.995,121.343,5,1
1784729124,697818359,131.018,0.786,131.722,5,1
1784729124,798011963,102.316,0.889,103.122,5,1
1784729124,864808350,103.295,0.943,104.055,5,1
1784729124,931605469,100.193,9.108,109.207,5,1
1784729124,998403076,98.725,5.481,104.085,5,1
1784729125,65201416,100.087,5.251,105.2,5,1
1784729125,132000244,101.011,5.373,106.296,5,1
1784729125,198753174,101.417,0.734,102.072,5,1
1784729125,265461670,98.363,0.973,99.253,5,1
1784729125,332170898,99.016,1.016,99.885,5,1
1784729125,398880859,99.437,0.904,100.256,5,1
1784729125,465591553,98.401,0.815,99.135,5,1
1784729125,532302734,103.959,5.332,109.109,5,1
1784729125,632370605,101.966,0.747,102.632,5,1
1784729125,665726807,115.789,0.703,116.415,5,1
1784729125,732439941,99.629,0.917,100.46,5,1
1784729125,799153564,102.232,0.812,102.963,5,1
1784729125,865867920,106.237,3.267,109.37,5,1
1784729125,899225342,123.451,0.813,124.18,5,1
1784729125,932583008,147.051,0.804,147.768,5,1
1784729125,999298584,131.751,1.101,132.751,5,1
1784729126,66014648,108.348,10.558,118.757,5,1
1784729126,99373047,119.5,0.787,120.196,5,1
1784729126,166090088,104.95,0.701,105.575,5,1
1784729126,232729492,108.661,0.846,109.431,5,1
1784729126,266048584,129.638,0.833,130.389,5,1
1784729126,332686035,108.305,1.239,109.452,5,1
1784729126,366004150,122.958,0.824,123.697,5,1
1784729126,399322021,137.098,0.922,137.932,5,1
1784729126,465956543,115.648,6.483,121.997,5,1
1784729126,499273438,125.622,0.827,126.37,5,1
1784729126,565906006,109.61,12.769,122.229,5,1
1784729126,599221924,117.178,0.694,117.798,5,1
1784729126,665852539,112.259,0.743,112.923,5,1
1784729126,699167236,131.242,0.882,132.044,5,1
1784729126,799109619,104.477,0.816,105.212,5,1
1784729126,832423096,120.457,0.668,121.051,5,1
1784729126,899049072,110.965,7.732,118.589,5,1
1784729126,932361328,121.149,0.862,121.92,5,1
1784729126,998985352,103.033,0.877,103.827,5,1
1784729127,65607910,115.723,0.825,116.464,5,1
1784729127,132229004,118.158,0.763,118.843,5,1
1784729127,165540039,148.815,0.734,149.472,5,1
1784729127,232289063,138.433,2.044,139.261,5,1
1784729127,299082031,126.868,0.745,127.53,5,1
1784729127,332478760,146.828,0.717,147.469,5,1
1784729127,399272705,130.831,0.881,131.623,5,1
1784729127,466067383,111.835,0.729,112.488,5,1
1784729127,499464844,144.773,1.088,145.776,5,1
1784729127,566260498,122.045,10.896,132.797,5,1
1784729127,599658447,135.974,0.741,136.617,5,1
1784729127,699853516,101.819,0.788,102.524,5,1
1784729127,733251953,115.447,0.656,116.029,5,1
1784729127,800049805,105.479,4.054,109.356,5,1
1784729127,833448730,128.122,0.86,128.894,5,1
1784729127,866848145,149.565,1.456,150.849,5,1
1784729127,933646973,122.537,1.17,123.622,5,1
1784729128,446533,112.288,1.832,114.008,5,1
1784729128,33846680,119.787,1.084,120.782,5,1
1784729128,100647217,104.574,0.738,105.239,5,1
1784729128,167448242,105.269,0.669,105.863,5,1
1784729128,234207275,99.891,0.872,100.673,5,1
1784729128,301072998,101.972,0.835,102.722,5,1
1784729128,367941162,116.071,1.421,117.354,5,1
1784729128,401376221,140.494,0.887,141.298,5,1
1784729128,468248535,120.333,1.371,121.601,5,1
1784729128,501685547,135.972,1.101,136.985,5,1
1784729128,568561768,109.229,0.683,109.832,5,1
1784729128,635440430,110.384,6.796,117.071,5,1
1784729128,702322021,103.508,1.239,104.568,5,1
1784729128,735763672,122.769,0.982,123.632,5,1
1784729128,769206055,146.073,0.848,146.844,5,1
1784729128,836092773,151.228,1.44,152.524,5,1
1784729128,902982178,126.044,0.712,126.681,5,1
1784729129,3321289,98.735,0.986,99.634,5,1
1784729129,70217285,97.173,1.038,98.074,5,1
1784729129,137115967,103.906,2.965,106.785,5,1
1784729129,204017334,98.887,0.878,99.679,5,1
1784729129,270903809,97.782,1.32,99.015,5,1
1784729129,337778809,95.872,1.031,96.819,5,1
1784729129,404656738,98.262,0.96,99.123,5,1
1784729129,471537598,105.248,0.78,105.955,5,1
1784729129,538421387,97.507,1.313,98.724,5,1
1784729129,605307861,102.105,0.842,102.862,5,1
1784729129,672197266,97.492,7.749,105.091,5,1
1784729129,739089355,96.696,1.051,97.652,5,1
1784729129,772536621,110.377,0.795,111.095,5,1
1784729129,872882324,108.009,1.106,108.892,5,1
1784729129,906332275,113.545,0.869,114.333,5,1
1784729129,973234619,102.83,0.909,103.653,5,1
1784729130,6686768,110.7,0.666,111.294,5,1
1784729130,73593262,100.042,0.791,100.748,5,1
1784729130,140502441,98.664,0.993,99.567,5,1
1784729130,207414551,100.748,0.907,101.489,5,1
1784729130,274169678,93.953,0.844,94.705,5,1
1784729130,340792969,92.951,0.686,93.562,5,1
1784729130,407414307,99.106,1.033,100.048,5,1
1784729130,474034180,94.816,1.063,95.748,5,1
1784729130,540652588,95.572,0.978,96.465,5,1
1784729130,607269287,99.876,0.914,100.702,5,1
1784729130,673884277,100.53,5.641,106.057,5,1
1784729130,740497803,95.352,0.914,96.167,5,1
1784729130,807109619,102.381,0.961,103.256,5,1
1784729130,840415039,129.457,1.331,130.684,5,1
1784729130,907024414,117.423,2.286,119.562,5,1
1784729130,940328613,135.875,0.928,136.719,5,1
1784729131,6935547,110.72,0.729,111.376,5,1
1784729131,106843262,100.009,0.712,100.649,5,1
1784729131,173446289,110.492,0.85,111.257,5,1
1784729131,206747070,117.335,0.854,118.098,5,1
1784729131,273362305,102.468,0.862,103.24,5,1
1784729131,306674561,117.566,0.942,118.41,5,1
1784729131,373298340,103.978,0.671,104.573,5,1
1784729131,439920166,95.026,0.852,95.796,5,1
1784729131,506540771,98.311,0.72,98.953,5,1
1784729131,573159668,96.812,0.933,97.647,5,1
1784729131,639776855,97.568,0.954,98.438,5,1
1784729131,706392822,95.882,4.827,100.586,5,1
1784729131,773006836,97.381,1.106,98.396,5,1
1784729131,839619629,98.666,0.939,99.52,5,1
1784729131,872925293,122.406,0.901,123.22,5,1
1784729131,906230469,134.832,1.027,135.775,5,1
1784729132,6144043,101.03,0.883,101.826,5,1
1784729132,39447998,118.873,0.979,119.771,5,1
1784729132,72751221,136.297,0.847,137.066,5,1
1784729132,106054199,147.144,2.286,149.349,5,1
1784729132,205960693,119.1,0.824,119.843,5,1
1784729132,306118652,104.698,0.661,105.286,5,1
1784729132,339539063,129.3,0.954,130.159,5,1
1784729132,406381348,108.136,1.245,109.27,5,1
1784729132,439802734,128.048,2.644,130.6,5,1
1784729132,506646484,118.695,0.824,119.427,5,1
1784729132,540068848,135.848,0.982,136.745,5,1
1784729132,606914551,109.738,0.665,110.328,5,1
1784729132,673761230,101.51,0.946,102.371,5,1
1784729132,740609131,102.573,7.836,110.285,5,1
1784729132,807458252,106.36,0.719,107.004,5,1
1784729132,874308594,110.596,0.863,111.369,5,1
1784729132,907734131,135.842,2.225,137.913,5,1
1784729132,974586182,114.642,0.954,115.513,5,1
1784729133,8012451,128.623,10.841,139.299,5,1
1784729133,74866455,105.139,0.716,105.78,5,1
1784729133,141721191,102.296,3.087,105.295,5,1
1784729133,208577393,108.791,0.841,109.543,5,1
1784729133,241996338,126.837,0.971,127.703,5,1
1784729133,308762695,110.649,1.232,111.801,6,1
1784729133,342145752,135.628,0.896,136.436,5,1
1784729133,408912109,110.049,4.979,114.939,5,1
1784729133,442295410,119.241,0.77,119.927,5,1
1784729133,509062012,105.386,1.532,106.805,5,1
1784729133,542445313,112.042,0.788,112.756,5,1
1784729133,609212158,100.252,1.336,101.506,5,1
1784729133,675979004,97.506,1.91,98.4,5,1
1784729133,742746094,93.817,1.081,94.814,5,1
1784729133,809513184,108.665,22.867,131.398,5,1
1784729133,876280518,115.268,0.858,116.048,5,1
1784729133,909664063,138.55,0.889,139.358,5,1
1784729133,976431641,111.231,0.833,111.884,5,1
1784729134,43199219,98.919,0.807,99.65,5,1
1784729134,109966797,96.437,0.936,97.295,5,1
1784729134,176734619,105.694,1.299,106.886,5,1
1784729134,210118652,110.438,0.655,111.019,5,1
1784729134,276797119,98.373,0.709,98.999,5,1
1784729134,343385498,94.024,0.868,94.809,5,1
1784729134,409971680,106.445,0.678,107.049,5,1
1784729134,476555664,95.736,1.108,96.746,5,1
1784729134,543137207,96.899,0.879,97.681,5,1
1784729134,609716797,95.557,1.133,96.587,5,1
1784729134,676293945,95.771,1.026,96.702,5,1
1784729134,742869141,96.584,1.287,97.769,5,1
1784729134,809441895,104.752,1.006,105.674,5,1
1784729134,842727295,116.78,10.632,126.986,5,1
1784729134,909296875,127.894,5.908,133.664,5,1
1784729134,975864258,111.443,0.985,112.326,5,1
1784729135,9146973,130.851,1.502,132.261,5,1
1784729135,75710938,110.806,0.714,111.407,5,1
1784729135,142272705,108.781,0.904,109.593,5,1
1784729135,175552734,115.472,0.977,116.362,5,1
1784729135,242113037,101.379,0.735,102.036,5,1
1784729135,308945313,103.994,0.834,104.722,5,1
1784729135,342362305,113.467,0.905,114.248,5,1
1784729135,409197754,103.51,0.923,104.35,5,1
1784729135,476035156,97.249,1.052,98.209,5,1
1784729135,542874512,100.91,1.024,101.846,5,1
1784729135,609716064,99.017,1.102,100.02,5,1
1784729135,676559814,98.684,1.059,99.657,5,1
1784729135,743405273,97.825,0.789,98.529,5,1
1784729135,810252930,97.737,0.822,98.454,5,1
1784729135,877102783,100.343,8.773,108.996,5,1
1784729135,910528320,118.743,1.3,119.618,5,1
1784729135,943954346,127.153,5.612,132.226,5,1
1784729135,977381104,143.464,1.112,144.501,5,1
1784729136,77664063,101.233,0.663,101.823,5,1
1784729136,144521973,97.888,0.846,98.643,5,1
1784729136,211381836,105.379,0.747,106.047,5,1
1784729136,278146484,98.832,0.695,99.451,5,1
1784729136,311481934,111.308,1.313,112.538,5,1
1784729136,378153076,102.313,7.737,109.911,5,1
1784729136,411488525,109.281,0.653,109.859,5,1
1784729136,478159424,99.576,1.011,100.508,5,1
1784729136,544830322,98.565,0.763,99.247,5,1
1784729136,611501221,96.278,1.186,97.368,5,1
1784729136,644836670,109.47,0.809,110.205,5,1
1784729136,711507324,94.995,0.858,95.768,5,1
1784729136,778178223,94.991,0.968,95.877,5,1
1784729136,844848877,101.362,0.874,102.147,5,1
1784729136,878184082,115.465,9.813,125.147,5,1
1784729136,911519531,139.373,0.814,140.049,5,1
1784729136,978189941,108.641,0.721,109.282,5,1
1784729137,11525146,146.316,0.683,146.921,5,1
1784729137,78195801,131.104,0.879,131.903,5,1
1784729137,144866211,108.201,1.752,109.45,5,1
1784729137,178201416,120.816,4.361,125.057,5,1
1784729137,244872559,123.785,0.719,124.43,5,1
1784729137,311610596,112.708,0.672,113.303,5,1
1784729137,378371826,111.405,0.739,112.056,5,1
1784729137,411752197,128.034,1.128,129.074,5,1
1784729137,478513428,110.755,0.816,111.497,5,1
1784729137,511894043,125.216,0.985,126.121,5,1
1784729137,578655273,103.622,0.706,104.251,5,1
1784729137,612036133,121.63,0.923,122.466,5,1
1784729137,645416748,138.95,1.442,140.108,5,1
1784729137,712177979,112.631,1.747,114.264,5,1
1784729137,778939453,103.688,0.682,104.291,5,1
1784729137,845700928,109.411,0.716,110.05,5,1
1784729137,879081543,133.549,10.269,143.685,5,1
1784729137,945843262,114.699,0.917,115.533,5,1
1784729137,979223877,135.966,0.71,136.599,5,1
1784729138,45985596,127.815,0.978,128.695,5,1
1784729138,112747314,103.788,0.886,104.561,5,1
1784729138,179508789,100.899,0.666,101.492,5,1
1784729138,246270508,101.565,1.174,102.66,5,1
1784729138,279651611,132.026,8.2,132.924,5,1
1784729138,346405518,115.4,1.019,116.336,5,1
1784729138,379780029,132.897,0.795,133.611,5,1
1784729138,446529053,107.304,0.704,107.92,5,1
1784729138,513278076,103.838,0.851,104.608,5,1
1784729138,546652588,110.836,0.678,111.427,5,1
1784729138,613401367,97.496,0.776,98.194,5,1
1784729138,680150146,94.372,1.137,95.347,5,1
1784729138,713524414,105.08,0.659,105.665,5,1
1784729138,780272705,102.545,0.833,103.253,5,1
1784729138,813646973,112.183,0.839,112.941,5,1
1784729138,880395264,116.691,0.687,117.302,5,1
1784729138,913769287,137.659,7.774,145.318,5,1
1784729138,980517578,126.765,1.085,127.749,5,1
1784729139,47265381,111.592,0.772,112.282,5,1
1784729139,80639404,137.304,0.774,137.996,5,1
1784729139,147387207,117.382,0.891,118.162,5,1
1784729139,180760986,136.187,1.041,137.143,5,1
1784729139,247508545,108.675,0.768,109.367,5,1
1784729139,314232910,97.01,2.333,97.663,5,1
1784729139,380806152,95.369,1.011,96.301,5,1
1784729139,447376953,95.146,1.604,96.666,5,1
1784729139,513945313,97.944,0.85,98.713,5,1
1784729139,580511230,97.026,0.726,97.673,5,1
1784729139,647074707,98.124,0.689,98.739,5,1
1784729139,713635498,102.265,1.392,103.565,5,1
1784729139,746915039,108.822,0.655,109.402,5,1
1784729139,813472168,98.294,4.408,102.546,5,1
1784729139,880026855,108.87,2.065,110.848,5,1
1784729139,913303223,117.819,0.92,118.654,5,1
1784729139,979854248,100.256,4.304,104.457,5,1
1784729140,13128662,118.025,0.82,118.759,5,1
1784729140,79676025,103.865,0.752,104.487,5,1
1784729140,112948730,121.316,0.97,122.19,5,1
1784729140,146220703,140.72,0.943,141.579,5,1
1784729140,212762939,115.558,0.845,116.266,5,1
1784729140,279302734,105.686,0.658,106.27,5,1
1784729140,345955322,104.651,0.938,105.483,5,1
1784729140,379281250,111.911,0.669,112.506,5,1
1784729140,445933350,96.883,0.913,97.712,5,1
1784729140,512584717,100.489,0.754,101.162,5,1
1784729140,579236084,99.171,0.708,99.803,5,1
1784729140,645886719,98.531,0.753,99.204,5,1
1784729140,712537354,97.604,1.344,98.856,5,1
1784729140,779187256,99.095,0.892,99.903,5,1
1784729140,845837158,109.408,1.233,110.555,5,1
1784729140,879161865,122.916,1.412,124.232,5,1
1784729140,912486328,144.735,1.282,145.903,5,1
1784729140,979135498,117.54,4.379,121.799,5,1
1784729141,79108154,106.698,0.71,107.33,5,1
1784729141,112432373,135.413,0.702,136.035,5,1
1784729141,179080078,121.412,1.052,122.38,5,1
1784729141,245727783,111.052,0.782,111.76,5,1
1784729141,312346924,97.866,0.876,98.657,5,1
1784729141,378935059,99.942,0.72,100.585,5,1
1784729141,445520752,98.386,1.131,99.219,5,1
1784729141,512104248,98.661,1.226,99.789,5,1
1784729141,578685547,100.24,0.754,100.915,5,1
1784729141,645264648,101.081,0.694,101.701,5,1
1784729141,711841553,99.41,0.939,100.264,5,1
1784729141,778416260,106.021,0.699,106.643,5,1
1784729141,844988525,113.115,0.81,113.841,5,1
1784729141,878273926,134.217,0.986,135.102,5,1
1784729141,944843018,108.018,0.696,108.639,5,1
1784729142,11409912,106.146,4.333,110.358,5,1
1784729142,77974365,113.432,0.853,114.204,5,1
1784729142,111255859,141.169,3.717,144.795,5,1
1784729142,177817139,156.076,1.073,157.053,5,1
1784729142,244375977,138.033,1.242,139.177,5,1
1784729142,310951172,112.416,0.682,113.024,5,1
1784729142,377539063,102.381,0.751,103.051,5,1
1784729142,444124756,100.845,1.004,101.764,5,1
1784729142,510708252,109.226,0.952,110.094,5,1
1784729142,543999023,132.28,1.248,133.423,5,1
1784729142,610579102,110.308,1.072,111.286,5,1
1784729142,643868408,115.908,0.714,116.546,5,1
1784729142,710445068,107.426,0.869,108.221,5,1
1784729142,777019775,103.843,0.743,104.511,5,1
1784729142,843592041,103.099,1.195,104.2,5,1
1784729142,910161865,110.455,0.656,111.037,5,1
1784729142,976729736,103.795,0.759,104.472,5,1
1784729143,43295410,104.361,7.55,111.8,5,1
1784729143,109858643,107.804,0.874,108.595,5,1
1784729143,143139648,123.603,3.073,126.523,5,1
1784729143,176419922,139.863,0.83,140.61,5,1
1784729143,242978760,121.656,1.358,122.916,5,1
1784729143,276258789,144.008,3.186,147.059,5,1
1784729143,309594727,167.458,1.041,168.397,5,1
1784729143,376266846,147.096,0.762,147.758,5,1
1784729143,442938965,130.375,1.003,131.293,5,1
1784729143,509611084,119.69,2.252,121.8,5,1
1784729143,542947021,133.929,0.876,134.723,5,1
1784729143,609619141,117.347,0.935,118.191,5,1
1784729143,642955078,141.694,0.79,142.394,5,1
1784729143,709626953,108.792,0.883,109.597,5,1
1784729143,776298828,108.664,0.931,109.439,5,1
1784729143,809635010,125.336,1.052,126.288,5,1
1784729143,876306885,118.206,0.856,118.944,5,1
1784729143,909642822,127.709,0.687,128.322,5,1
1784729143,976314697,109.16,0.698,109.783,5,1
1784729144,42986572,103.871,0.93,104.592,5,1
1784729144,109658203,105.132,4.374,109.388,5,1
1784729144,176330078,104.869,1.598,106.381,5,1
1784729144,209666016,122.712,0.781,123.412,5,1
1784729144,276337891,114.649,0.831,115.397,5,1
1784729144,309681641,140.062,0.655,140.643,5,1
1784729144,376369141,113.9,1.097,114.92,5,1
1784729144,409713135,124.755,0.824,125.494,5,1
1784729144,476401123,112.436,0.863,113.213,5,1
1784729144,509745361,125.078,0.836,125.832,5,1
1784729144,543089355,136.646,0.98,137.455,5,1
1784729144,643122314,106.457,0.718,107.1,5,1
1784729144,709811279,108.2,0.863,108.973,5,1
1784729144,743155762,114.776,0.671,115.373,5,1
1784729144,809845215,106.51,0.745,107.176,5,1
1784729144,843189941,119.189,0.718,119.83,5,1
1784729144,909879639,119.661,1.022,120.558,5,1
1784729144,976569580,108.813,0.742,109.48,5,1
1784729145,43259766,104.886,0.733,105.54,5,1
1784729145,109950195,105.094,4.914,109.773,5,1
1784729145,176640869,108.253,0.927,108.93,5,1
1784729145,209986328,124.159,0.979,125.047,5,1
1784729145,276677246,111.25,0.693,111.866,5,1
1784729145,310106934,123.109,1.153,124.16,5,1
1784729145,376968018,107.558,0.673,108.157,5,1
1784729145,443831543,105.59,0.752,106.266,5,1
1784729145,510697754,104.736,0.757,105.413,5,1
1784729145,544131836,136.313,1.522,137.731,5,1
1784729145,611001709,136.615,2.046,138.535,5,1
1784729145,677874268,117.521,0.689,118.132,5,1
1784729145,711311523,136.472,1.158,137.54,5,1
1784729145,778187988,117.912,1.094,118.925,5,1
1784729145,811627197,151.261,1.202,152.373,5,1
1784729145,878507324,130.405,0.732,131.059,5,1
1784729145,911948242,149.185,1.073,150.174,5,1
1784729145,978832275,123.431,1.0,124.348,5,1
1784729146,45718994,116.64,0.996,117.546,5,1
1784729146,79163086,134.748,1.1,135.73,5,1
1784729146,146053467,108.298,7.728,115.898,5,1
1784729146,212946533,113.481,1.071,114.461,5,1
1784729146,246393799,124.562,1.091,125.566,5,1
1784729146,279839600,145.384,1.779,147.021,5,1
1784729146,346458252,120.855,2.787,123.546,5,1
1784729146,379767090,141.507,0.949,142.368,5,1
1784729146,446383301,121.649,1.526,122.992,5,1
1784729146,479690674,134.075,1.034,135.011,5,1
1784729146,546304199,121.101,1.133,122.103,5,1
1784729146,579610352,142.101,0.756,142.771,5,1
1784729146,646221436,132.578,1.017,133.476,6,1
1784729146,712830811,107.249,0.829,108.001,5,1
1784729146,779438477,108.791,0.901,109.614,5,1
1784729146,846044189,109.941,0.852,110.709,5,1
1784729146,879346436,120.622,0.67,121.22,5,1
1784729146,945949707,110.394,0.677,110.997,5,1
1784729147,12551514,105.601,0.758,106.28,5,1
1784729147,79151367,109.488,0.719,110.129,5,1
1784729147,145749512,108.537,13.06,121.463,5,1
1784729147,212345947,142.193,0.766,142.883,5,1
1784729147,278941650,122.214,0.893,123.029,5,1
1784729147,345559570,109.795,0.652,110.376,5,1
1784729147,412175537,110.739,0.669,111.332,5,1
1784729147,478789795,105.866,0.797,106.503,5,1
1784729147,545402344,106.023,0.746,106.694,5,1
1784729147,578708008,121.889,1.73,123.276,5,1
1784729147,645317871,108.919,0.673,109.518,5,1
1784729147,711926270,107.15,0.684,107.759,5,1
1784729147,778532715,105.469,0.799,106.186,5,1
1784729147,845137451,111.012,0.967,111.895,5,1
1784729147,878439209,119.315,0.662,119.903,5,1
1784729147,945041504,110.472,0.657,111.055,5,1
1784729148,11641846,102.884,0.812,103.615,5,1
1784729148,78240479,104.244,1.071,105.23,5,1
1784729148,144837402,108.136,0.879,108.936,5,1
1784729148,211432617,109.958,17.531,127.346,5,1
1784729148,278027100,113.278,4.814,117.996,5,1
1784729148,311396240,146.628,0.831,147.371,5,1
1784729148,378135254,120.773,0.811,121.501,5,1
1784729148,444875732,113.303,0.68,113.91,5,1
1784729148,511617676,106.788,0.822,107.531,5,1
1784729148,578360840,105.39,0.773,106.067,5,1
1784729148,645105713,108.435,0.688,109.049,5,1
1784729148,711851807,103.274,0.841,104.03,5,1
1784729148,778599365,106.416,0.85,107.183,5,1
1784729148,845348389,111.518,0.675,112.118,5,1
1784729148,912098877,112.412,0.749,113.087,5,1
1784729148,945474854,135.203,1.033,136.146,5,1
1784729149,12227295,109.728,0.825,110.477,5,1
1784729149,78981445,106.778,0.689,107.39,5,1
1784729149,145736816,108.505,0.771,109.196,5,1
1784729149,212493652,103.418,0.774,104.112,5,1
1784729149,279251221,105.369,4.121,109.371,5,1
1784729149,345977539,105.883,1.117,106.914,5,1
1784729149,379341064,115.729,0.81,116.465,5,1
1784729149,446068604,107.535,0.664,108.124,5,1
1784729149,512797363,105.496,0.969,106.377,5,1
1784729149,579527100,107.617,0.691,108.233,5,1
1784729149,646257813,107.708,0.776,108.328,5,1
1784729149,712989502,105.903,0.852,106.677,5,1
1784729149,779722168,104.847,0.762,105.525,5,1
1784729149,846455811,106.33,1.356,107.603,5,1
1784729149,913190430,108.861,0.674,109.461,5,1
1784729149,979926025,104.616,0.813,105.346,5,1
1784729150,13294189,121.037,4.547,125.456,5,1
1784729150,80031250,104.009,0.746,104.675,5,1
1784729150,146769287,111.174,0.905,111.99,5,1
1784729150,180138672,116.724,0.659,117.308,5,1
1784729150,246877930,107.295,0.687,107.907,5,1
1784729150,313574707,106.615,4.801,111.304,6,1
1784729150,380227783,104.086,1.167,105.168,5,1
1784729150,413554199,123.614,1.227,124.73,5,1
1784729150,480205811,106.328,0.747,106.997,5,1
1784729150,546856445,106.16,0.873,106.958,5,1
1784729150,613505859,106.113,0.943,106.964,5,1
1784729150,680154297,106.117,0.802,106.84,5,1
1784729150,746801514,105.538,0.731,106.19,5,1
1784729150,813447754,107.962,0.722,108.607,5,1
1784729150,880092773,108.901,0.753,109.576,5,1
1784729150,946736816,119.563,0.666,120.154,5,1
1784729151,13379883,107.437,0.667,108.029,5,1
1784729151,80021729,104.286,0.858,105.054,5,1
1784729151,146662354,114.554,1.097,115.573,5,1
1784729151,179982422,127.135,1.144,128.179,5,1
1784729151,246621582,112.034,0.852,112.8,5,1
1784729151,279941406,120.786,0.726,121.433,5,1
1784729151,346683838,106.701,4.347,110.921,5,1
1784729151,413427734,107.497,0.999,108.414,5,1
1784729151,446800049,138.842,1.144,139.877,5,1
1784729151,513545654,117.191,0.987,118.078,5,1
1784729151,546918945,124.514,1.001,125.396,5,1
1784729151,613666504,116.565,0.995,117.478,5,1
1784729151,647040771,141.013,0.97,141.897,5,1
1784729151,713790283,122.005,1.593,123.378,5,1
1784729151,747165283,143.699,0.869,144.489,5,1
1784729151,813916748,143.995,0.905,144.824,5,1
1784729151,880669189,119.616,0.866,120.404,5,1
1784729151,980800293,107.754,0.685,108.366,5,1
1784729152,47555908,114.229,1.21,115.35,5,1
1784729152,80934082,129.824,0.857,130.585,5,1
1784729152,147691650,134.484,1.149,135.538,5,1
1784729152,181070801,154.218,0.918,155.043,5,1
1784729152,247830078,129.005,0.949,129.858,5,1
1784729152,281209473,143.433,0.637,143.997,5,1
1784729152,381216797,108.992,10.823,119.703,5,1
1784729152,447887451,107.963,0.866,108.612,5,1
1784729152,481222412,132.881,0.918,133.709,5,1
1784729152,547891846,113.907,0.827,114.647,5,1
1784729152,581226318,123.551,0.901,124.354,5,1
1784729152,647894531,108.028,0.653,108.609,5,1
1784729152,714562012,105.488,0.755,106.159,5,1
1784729152,781228760,105.981,3.994,109.89,5,1
1784729152,847894531,114.718,0.711,115.356,5,1
1784729152,914559814,109.951,0.678,110.554,5,1
1784729152,981224121,106.061,0.766,106.748,5,1
1784729153,47887695,108.694,0.661,109.28,5,1
1784729153,114550293,107.604,0.674,108.203,5,1
1784729153,181212158,106.484,0.712,107.118,5,1
1784729153,247873535,109.262,0.723,109.91,5,1
1784729153,314581787,117.657,0.989,118.564,5,1
1784729153,347959717,144.17,8.949,152.991,5,1
1784729153,414716797,119.961,0.655,120.543,5,1
1784729153,481475342,106.879,0.832,107.63,5,1
1784729153,514855225,120.19,0.715,120.83,5,1
1784729153,581615967,111.744,0.673,112.344,5,1
1784729153,648378174,111.977,0.677,112.571,5,1
1784729153,715141846,109.35,0.846,110.027,5,1
1784729153,781906982,104.238,4.747,108.897,5,1
1784729153,848673828,109.469,2.49,111.879,5,1
1784729153,882057617,130.359,1.271,131.206,5,1
1784729153,915441895,138.129,5.037,143.067,5,1
1784729153,982211670,110.469,6.172,116.528,5,1
1784729154,48982666,108.945,0.709,109.58,5,1
1784729154,115755371,107.299,0.68,107.903,5,1
1784729154,215916992,104.487,1.253,105.657,5,1
1784729154,282692383,105.446,0.815,106.16,5,1
1784729154,349462646,104.472,1.065,105.455,5,1
1784729154,416234619,102.472,10.292,112.652,5,1
1784729154,483008301,102.824,0.977,103.716,5,1
1784729154,549783936,110.648,0.714,111.284,5,1
1784729154,583172119,140.933,2.634,143.475,5,1
1784729154,649950195,115.877,1.115,116.913,5,1
1784729154,683340088,141.786,1.471,143.058,5,1
1784729154,750120605,113.221,0.755,113.901,5,1
1784729154,816903076,109.934,0.69,110.533,5,1
1784729154,883687256,107.878,0.675,108.48,5,1
1784729154,950473145,103.571,1.156,104.643,5,1
1784729155,17260986,101.584,1.09,102.592,5,1
1784729155,84050293,103.466,1.072,104.455,5,1
1784729155,150841309,107.994,0.696,108.579,5,1
1784729155,217634277,102.781,0.855,103.548,5,1
1784729155,284427979,102.785,0.869,103.565,5,1
1784729155,351127197,106.228,0.676,106.83,5,1
1784729155,417825928,104.15,8.232,112.259,5,1
1784729155,484524658,103.817,1.036,104.757,5,1
1784729155,551222900,110.922,4.858,115.703,5,1
1784729155,584572021,130.319,2.683,132.886,5,1
1784729155,617920898,140.729,0.836,141.488,5,1
1784729155,684618652,134.801,0.902,135.617,5,1
1784729155,751316162,114.353,0.75,115.026,5,1
1784729155,784664795,138.484,1.157,139.547,5,1
1784729155,851361816,121.215,0.884,122.018,5,1
1784729155,884710205,145.549,0.73,146.201,5,1
1784729155,951406738,138.527,1.225,139.671,5,1
1784729156,18103271,119.529,1.114,120.558,5,1
1784729156,51451172,128.73,0.92,129.567,5,1
1784729156,118147217,114.746,0.846,115.505,5,1
1784729156,151495117,134.479,0.873,135.256,5,1
1784729156,218190430,112.622,1.822,114.363,5,1
1784729156,251538086,130.699,1.11,131.676,5,1
1784729156,284885986,135.27,0.798,135.987,5,1
1784729156,385099121,104.196,0.753,104.868,5,1
1784729156,485389160,102.394,4.712,106.981,5,1
1784729156,552251465,104.759,0.91,105.499,5,1
1784729156,585683350,138.571,0.94,139.431,5,1
1784729156,652548340,116.909,0.863,117.691,5,1
1784729156,685981445,142.891,0.85,143.658,5,1
1784729156,752848877,130.789,0.848,131.548,5,1
1784729156,819718262,111.143,0.95,112.006,5,1
1784729156,853153564,129.373,0.819,130.051,5,1
1784729156,886589355,141.737,0.851,142.503,5,1
1784729156,953462158,117.426,1.033,118.385,5,1
1784729157,20336670,110.0,0.766,110.687,5,1
1784729157,87212891,121.634,0.847,122.401,5,1
1784729157,154091064,129.2,1.088,130.184,5,1
1784729157,187530762,137.291,0.967,138.167,5,1
1784729157,254411377,117.4,0.9,118.225,5,1
1784729157,321291992,106.527,0.662,107.115,5,1
1784729157,387976074,102.136,0.742,102.797,5,1
1784729157,454659912,101.379,1.168,102.465,5,1
1784729157,521343018,105.081,9.193,114.107,5,1
1784729157,588025635,103.119,0.891,103.928,5,1
1784729157,621366699,137.494,0.845,138.251,5,1
1784729157,688048340,112.608,0.729,113.26,5,1
1784729157,788070068,104.407,0.834,105.12,5,1
1784729157,854750488,108.468,0.933,109.28,5,1
1784729157,888090576,122.69,3.084,125.643,5,1
1784729157,954770020,102.479,0.752,103.153,5,1
1784729158,21449219,102.656,0.771,103.346,5,1
1784729158,88127686,101.082,0.892,101.883,5,1
1784729158,154805664,102.02,1.274,103.187,5,1
1784729158,221483154,104.84,1.015,105.774,5,1
1784729158,254821533,125.463,3.5,128.876,5,1
1784729158,354840332,111.658,0.747,112.33,5,1
1784729158,454864258,101.055,0.877,101.826,5,1
1784729158,521546387,102.58,1.074,103.554,5,1
1784729158,588227539,103.285,4.43,107.596,5,1
1784729158,621568115,140.748,0.758,141.429,5,1
1784729158,688248779,125.277,0.864,126.067,5,1
1784729158,721588623,143.339,0.862,144.12,5,1
1784729158,788268555,123.045,1.852,124.794,5,1
1784729158,821608154,148.238,0.846,149.004,5,1
1784729158,888286865,134.08,2.989,136.989,5,1
1784729158,921626221,151.925,0.976,152.801,5,1
1784729158,988304199,139.447,1.281,140.625,5,1
1784729159,54981689,110.421,0.75,111.094,5,1
1784729159,121658447,108.755,0.662,109.343,5,1
1784729159,188334961,102.199,1.082,103.192,5,1
1784729159,255010742,102.465,1.295,103.675,5,1
1784729159,321686279,103.283,0.874,104.055,5,1
1784729159,388370117,102.322,1.132,103.368,6,1
1784729159,455053467,103.619,0.778,104.316,5,1
1784729159,521736084,103.167,0.92,103.89,5,1
1784729159,555077393,120.927,1.139,121.948,5,1
1784729159,588418457,135.246,16.409,151.373,5,1
1784729159,655099854,112.472,0.789,113.184,5,1
1784729159,721781006,106.613,0.747,107.286,5,1
1784729159,788461426,104.981,0.94,105.746,5,1
1784729159,855141357,109.233,0.681,109.829,5,1
1784729159,921820801,102.404,1.299,103.614,5,1
1784729159,988499512,103.328,0.771,104.019,5,1
1784729160,55177734,104.441,0.818,105.137,5,1
1784729160,121855469,102.763,0.969,103.63,5,1
1784729160,188532471,103.004,1.066,103.98,5,1
1784729160,255209229,101.537,1.048,102.493,5,1
1784729160,321885498,102.874,1.671,104.297,5,1
1784729160,388741211,103.096,0.892,103.879,5,1
1784729160,455598389,102.168,1.311,103.358,5,1
1784729160,522457275,104.674,0.76,105.359,5,1
1784729160,555887451,132.225,1.15,133.286,5,1
1784729160,622748779,115.528,7.848,123.248,5,1
1784729160,656180176,138.177,0.921,139.006,5,1
1784729160,723043945,123.585,4.423,127.87,5,1
1784729160,756476563,139.022,1.014,139.946,5,1
1784729160,823342773,115.307,0.902,116.126,5,1
1784729160,890210693,114.917,1.884,116.723,5,1
1784729160,957080322,107.225,0.866,108.016,5,1
1784729161,23951660,102.553,0.823,103.298,5,1
1784729161,90824707,100.802,1.043,101.742,5,1
1784729161,157699219,99.376,0.888,100.181,5,1
1784729161,224575439,102.716,0.689,103.329,5,1
1784729161,291453369,98.288,0.844,99.014,5,1
1784729161,358267822,99.401,0.935,100.17,5,1
1784729161,425022217,100.191,1.219,101.319,5,1
1784729161,491778320,101.328,0.776,102.024,5,1
1784729161,558535645,100.278,1.593,101.782,5,1
1784729161,625294434,98.738,0.812,99.465,5,1
1784729161,692054688,99.87,6.809,106.353,5,1
1784729161,758816650,108.076,0.675,108.677,5,1
1784729161,825579590,105.753,0.796,106.473,5,1
1784729161,892344238,106.696,0.718,107.339,5,1
1784729161,959110352,100.903,0.777,101.6,5,1
1784729162,25877930,102.431,0.948,103.295,5,1
1784729162,92646729,110.66,0.932,111.506,5,1
1784729162,126031738,126.613,2.041,128.473,5,1
1784729162,159417236,150.528,3.281,153.676,5,1
1784729162,226188965,139.737,1.579,141.208,5,1
1784729162,292962158,109.939,0.72,110.587,5,1
1784729162,326348877,133.5,1.051,134.446,5,1
1784729162,393032227,110.159,0.739,110.818,5,1
1784729162,426373535,131.624,1.167,132.689,5,1
1784729162,493055908,106.129,0.829,106.881,5,1
1784729162,559737793,104.667,0.681,105.275,5,1
1784729162,626419189,99.585,0.875,100.365,5,1
1784729162,693099854,97.871,0.945,98.729,5,1
1784729162,726439941,115.77,10.123,125.764,5,1
1784729162,759780029,147.864,1.301,149.068,5,1
1784729162,826459473,137.671,0.989,138.58,5,1
1784729162,893138672,132.119,1.737,133.766,5,1
1784729162,959817139,119.214,0.952,120.074,5,1
1784729162,993156006,133.894,1.176,134.962,5,1
1784729163,59833740,117.67,1.015,118.581,5,1
1784729163,93172363,132.666,1.155,133.724,5,1
1784729163,159849121,108.099,0.759,108.784,5,1
1784729163,226525391,104.623,0.761,105.308,5,1
1784729163,293200928,105.558,1.053,106.206,5,1
1784729163,359880615,115.068,0.973,115.96,5,1
1784729163,393221924,123.9,1.103,124.913,5,1
1784729163,459904053,104.706,0.727,105.358,5,1
1784729163,526585449,99.692,0.88,100.492,5,1
1784729163,593266602,102.188,0.787,102.895,5,1
1784729163,659946777,106.786,0.67,107.382,5,1
1784729163,726626709,105.588,0.73,106.241,5,1
1784729163,759966309,133.672,16.082,149.586,5,1
1784729163,826645264,140.993,1.007,141.866,5,1
1784729163,893323730,130.004,0.967,130.88,5,1
1784729163,960001465,121.043,0.823,121.788,5,1
1784729163,993340088,139.086,0.806,139.8,5,1
1784729164,60017090,111.328,0.719,111.972,5,1
1784729164,126693359,103.516,0.713,104.156,5,1
1784729164,193369141,101.837,1.025,102.778,5,1
1784729164,226707031,122.598,0.934,123.443,5,1
1784729164,260044434,135.012,5.155,140.072,5,1
1784729164,326719727,106.701,0.726,107.352,5,1
1784729164,393489014,101.806,0.755,102.48,5,1
1784729164,460332275,98.456,0.779,99.155,5,1
1784729164,527177246,98.311,0.924,99.08,5,1
1784729164,594023682,99.967,0.864,100.736,5,1
1784729164,660871582,100.129,1.003,101.043,5,1
1784729164,727720947,99.916,1.391,101.218,5,1
1784729164,794571777,99.919,21.679,121.453,5,1
1784729164,827997803,142.026,1.299,143.242,5,1
1784729164,894850830,121.733,2.964,122.826,5,1
1784729164,928278076,136.13,0.755,136.805,5,1
1784729164,995133301,122.277,1.014,123.205,5,1
1784729165,28561523,130.745,0.931,131.589,5,1
1784729165,128848633,100.418,0.758,101.096,5,1
1784729165,195708496,98.239,0.949,99.102,5,1
1784729165,262569824,97.852,0.878,98.576,5,1
1784729165,329432617,97.892,0.893,98.702,5,1
1784729165,396282715,98.464,0.879,99.235,5,1
1784729165,463111572,97.025,1.028,97.97,5,1
1784729165,529941650,97.3,0.951,98.167,5,1
1784729165,596772949,97.801,0.904,98.613,5,1
1784729165,663605469,98.746,1.054,99.684,5,1
1784729165,730438965,98.216,1.037,99.163,5,1
1784729165,797273926,99.804,1.085,100.806,5,1
1784729165,864110107,105.797,12.03,117.659,5,1
1784729165,897528564,124.379,1.028,125.316,5,1
1784729165,930947510,146.33,0.805,147.053,5,1
1784729165,997786133,128.435,0.812,129.167,5,1
1784729166,64625977,109.066,1.165,110.147,5,1
1784729166,98046143,130.476,1.512,131.878,5,1
1784729166,164887939,106.597,0.983,107.482,5,1
1784729166,198309082,117.963,0.906,118.77,5,1
1784729166,265152588,100.231,0.667,100.823,5,1
1784729166,331997314,100.883,0.66,101.469,5,1
1784729166,398766357,98.057,0.713,98.69,5,1
1784729166,465417236,100.444,0.678,101.047,5,1
1784729166,532066895,96.945,1.531,98.39,5,1
1784729166,598715332,98.478,0.746,99.145,5,1
1784729166,665362549,101.26,0.68,101.855,5,1
1784729166,732008789,95.711,0.813,96.418,5,1
1784729166,798653809,108.013,0.729,108.661,5,1
1784729166,831976074,140.828,5.501,146.195,5,1
1784729166,898619385,130.925,1.976,132.74,5,1
1784729166,965261719,107.73,0.943,108.596,5,1
1784729166,998582520,126.212,1.273,127.396,5,1
1784729167,31902832,145.659,0.839,146.409,5,1
1784729167,98542969,127.238,0.793,127.949,5,1
1784729167,131862549,168.257,3.421,171.584,5,1
1784729167,231819580,124.187,2.489,126.577,5,1
1784729167,265137939,148.012,0.801,148.736,5,1
1784729167,331774170,131.361,0.979,132.252,5,1
1784729167,398416504,106.397,0.878,107.017,5,1
1784729167,465068848,98.612,0.864,99.352,5,1
1784729167,531719727,95.439,0.797,96.152,5,1
1784729167,598369629,101.687,0.678,102.29,5,1
1784729167,665018555,99.722,0.868,100.504,5,1
1784729167,731666260,98.158,0.968,98.937,5,1
1784729167,798312988,110.305,0.954,111.17,5,1
1784729167,831635986,123.044,0.696,123.665,5,1
1784729167,864958496,156.576,8.321,164.762,5,1
1784729167,931603027,140.178,0.755,140.853,5,1
1784729167,998246338,122.672,0.798,123.385,5,1
1784729168,31567627,134.551,0.887,135.348,5,1
1784729168,98209473,112.903,4.552,117.357,5,1
1784729168,131529785,130.503,8.517,138.893,5,1
1784729168,198169922,108.679,1.229,109.818,5,1
1784729168,231489502,122.166,0.836,122.914,5,1
1784729168,264808838,131.702,1.303,132.733,5,1
1784729168,364763916,105.483,0.898,106.298,5,1
1784729168,431418457,111.768,0.705,112.399,5,1
1784729168,498071777,98.494,0.881,99.289,5,1
1784729168,564723877,99.255,1.386,100.554,5,1
1784729168,631375244,101.467,0.748,102.141,5,1
1784729168,698025391,97.019,0.794,97.73,5,1
1784729168,764674316,97.705,1.121,98.717,5,1
1784729168,831322510,106.369,1.392,107.669,5,1
1784729168,864645996,125.898,0.779,126.595,5,1
1784729168,897969482,150.801,5.284,155.896,5,1
1784729168,964615234,137.852,1.223,138.997,5,1
1784729168,997937744,154.862,1.516,156.204,5,1
1784729169,64582275,128.356,2.34,130.576,5,1
1784729169,131225342,118.764,0.861,119.533,5,1
1784729169,164546631,131.691,0.873,132.478,5,1
1784729169,264508789,102.361,0.703,102.987,5,1
1784729169,331148682,99.52,1.941,100.286,5,1
1784729169,397794189,101.678,0.722,102.304,5,1
1784729169,464446533,98.788,0.826,99.528,5,1
1784729169,531098145,98.326,1.188,99.302,5,1
1784729169,597748291,99.218,0.875,100.009,5,1
1784729169,664397705,100.574,1.573,102.051,5,1
1784729169,731045654,98.67,0.847,99.379,5,1
1784729169,797692871,102.483,0.774,103.176,5,1
1784729169,864338623,103.686,0.678,104.29,5,1
1784729169,930983643,106.762,0.713,107.398,5,1
1784729169,964305664,132.226,8.41,140.49,5,1
1784729170,30948730,121.229,1.049,122.195,5,1
1784729170,64270020,139.397,1.05,140.317,5,1
1784729170,130911377,110.606,0.874,111.399,5,1
1784729170,197552002,104.404,0.702,105.016,5,1
1784729170,264191162,102.945,0.695,103.563,5,1
1784729170,330829590,101.965,0.738,102.62,5,1
1784729170,397552246,99.054,0.814,99.787,5,1
1784729170,464361084,99.179,0.819,99.915,5,1
1784729170,531170898,99.05,0.814,99.782,5,1
1784729170,597981689,101.38,0.931,102.227,5,1
1784729170,664793213,100.43,1.112,101.433,5,1
1784729170,731605469,98.905,0.908,99.702,5,1
1784729170,798418945,100.26,1.229,101.387,5,1
1784729170,865232910,103.207,4.36,103.91,5,1
1784729170,932048096,106.817,4.884,111.48,5,1
1784729170,998864014,103.94,17.886,121.695,5,1
1784729171,65680908,107.096,0.824,107.798,5,1
1784729171,132498779,104.379,0.816,105.118,5,1
1784729171,199317383,101.489,1.222,102.625,5,1
1784729171,232727051,121.457,1.101,122.456,5,1
1784729171,266136963,131.831,1.09,132.816,5,1
1784729171,332957275,104.109,0.757,104.79,5,1
1784729171,399764160,100.836,0.828,101.577,5,1
1784729171,466559814,96.613,0.803,97.337,5,1
1784729171,533355957,97.841,1.032,98.786,5,1
1784729171,600152832,97.067,1.085,98.06,5,1
1784729171,666950439,103.533,0.903,104.344,5,1
1784729171,733748535,98.005,0.834,98.756,5,1
1784729171,800547363,100.156,0.929,101.002,5,1
1784729171,867346924,101.767,1.018,102.707,5,1
1784729171,934146973,99.097,1.673,100.685,5,1
1784729172,947754,97.361,0.797,98.079,5,1
1784729172,67749268,102.671,20.664,123.212,5,1
1784729172,134551270,121.94,2.466,124.312,5,1
1784729172,167952637,147.267,0.952,148.135,5,1
1784729172,234755615,134.403,0.892,135.205,5,1
1784729172,301559326,108.876,0.717,109.512,5,1
1784729172,368362549,107.35,0.87,108.08,5,1
1784729172,401795654,114.498,0.784,115.202,5,1
1784729172,468663818,96.881,0.791,97.587,5,1
1784729172,535534668,95.49,0.818,96.14,5,1
1784729172,602408203,103.147,9.633,112.691,5,1
1784729172,669284424,101.165,0.704,101.793,5,1
1784729172,736163330,98.901,0.921,99.712,5,1
1784729172,803044922,96.389,0.905,97.208,5,1
1784729172,869929199,105.966,0.984,106.78,5,1
1784729172,936816162,96.64,0.858,97.397,5,1
1784729173,3705811,96.225,0.899,97.034,5,1
1784729173,70598145,95.673,0.861,96.448,5,1
1784729173,137493164,95.227,17.771,112.866,5,1
1784729173,170941895,113.029,0.782,113.731,5,1
1784729173,271291260,106.985,8.519,115.401,5,1
1784729173,304742676,115.152,3.556,118.567,5,1
1784729173,338194336,130.844,0.713,131.477,5,1
1784729173,404958252,107.53,0.994,108.446,5,1
1784729173,438271240,118.161,0.806,118.882,5,1
1784729173,504895752,97.587,0.72,98.23,5,1
1784729173,571518799,94.056,0.759,94.733,5,1
1784729173,638140137,105.357,0.835,106.086,5,1
1784729173,671450195,113.734,1.3,114.856,5,1
1784729173,738069092,95.367,0.789,96.074,5,1
1784729173,804686523,95.674,0.881,96.473,5,1
1784729173,871302246,102.846,0.839,103.599,5,1
1784729173,904609375,113.414,0.674,114.013,5,1
1784729173,971222900,106.209,0.662,106.797,5,1
1784729174,37834717,104.667,0.849,105.436,5,1
1784729174,71139893,113.886,0.799,114.6,5,1
1784729174,137749268,97.504,4.447,101.825,5,1
1784729174,204357178,108.84,0.988,109.738,5,1
1784729174,270963379,97.784,0.84,98.529,5,1
1784729174,337567871,96.402,0.878,97.195,5,1
1784729174,404182373,95.363,0.859,96.139,5,1
1784729174,470803711,97.563,1.327,98.672,5,1
1784729174,537423096,96.365,0.841,97.12,5,1
1784729174,604041016,96.689,0.954,97.478,5,1
1784729174,670657471,99.417,0.959,100.243,5,1
1784729174,737271973,97.117,0.977,98.011,5,1
1784729174,803884766,100.432,0.807,101.159,5,1
1784729174,837190674,135.411,0.832,136.158,5,1
1784729174,903801270,119.817,3.23,122.893,5,1
1784729174,937105713,137.806,0.854,138.579,5,1
1784729175,3713623,117.538,1.682,119.137,5,1
1784729175,37017090,135.379,1.025,136.293,5,1
1784729175,103622559,116.553,3.466,119.906,5,1
1784729175,136924561,130.392,14.667,144.922,5,1
1784729175,203527588,114.082,0.697,114.702,5,1
1784729175,270128906,99.777,0.743,100.437,5,1
1784729175,336728760,98.784,1.229,99.922,5,1
1784729175,403340332,98.708,0.854,99.472,5,1
1784729175,469961182,99.047,0.982,99.943,5,1
1784729175,536580078,98.871,0.899,99.67,5,1
1784729175,603197510,98.28,0.892,99.088,5,1
1784729175,669813477,98.58,0.918,99.407,5,1
1784729175,736427490,98.714,1.022,99.649,5,1
1784729175,803040039,102.185,1.055,103.114,5,1
1784729175,869650635,108.445,4.884,110.318,5,1
1784729175,969563965,99.23,0.932,100.069,5,1
1784729176,36170410,97.71,0.993,98.429,5,1
1784729176,102775391,100.844,0.808,101.535,5,1
1784729176,169378906,103.24,18.097,121.147,5,1
1784729176,202679932,116.791,1.555,118.252,5,1
1784729176,269280762,101.479,0.848,102.242,5,1
1784729176,335879883,101.625,0.905,102.429,5,1
1784729176,402534424,98.578,1.01,99.504,5,1
1784729176,469417236,98.619,1.027,99.564,5,1
1784729176,536302979,98.42,1.163,99.499,5,1
1784729176,603191895,98.366,0.827,99.111,5,1
1784729176,670083496,99.976,0.957,100.85,5,1
1784729176,736978271,97.343,1.163,98.42,5,1
1784729176,803875977,102.09,18.37,120.36,5,1
1784729176,837325928,133.967,1.474,135.345,5,1
1784729176,904228271,115.068,0.999,115.989,5,1
1784729176,937680420,131.829,1.054,132.628,5,1
1784729176,971133301,151.494,0.864,152.242,5,1
1784729177,38041504,141.292,8.657,149.861,5,1
1784729177,104952637,124.896,1.075,125.611,5,1
1784729177,138409180,144.562,13.171,157.611,5,1
1784729177,205324951,138.251,1.431,139.36,5,1
1784729177,272243408,118.927,0.863,119.715,5,1
1784729177,305703857,140.736,0.859,141.42,5,1
1784729177,372626709,121.648,0.855,122.426,5,1
1784729177,406087158,140.531,0.876,141.316,5,1
1784729177,472843506,119.911,0.744,120.539,5,1
1784729177,506235107,137.311,1.213,138.416,5,1
1784729177,573018311,112.982,1.161,114.064,5,1
1784729177,606409912,128.888,1.642,130.448,5,1
1784729177,673193848,105.19,0.835,105.94,5,1
1784729177,739978027,97.408,0.997,98.316,5,1
1784729177,806762695,104.04,0.762,104.717,5,1
1784729177,840155273,130.958,1.066,131.908,5,1
1784729177,906940674,118.221,1.008,119.149,5,1
1784729177,940333252,139.129,0.982,139.93,5,1
1784729178,7119385,118.054,1.127,119.091,5,1
1784729178,40512451,140.277,1.402,141.582,5,1
1784729178,107298828,108.546,0.687,109.142,5,1
1784729178,174085938,99.514,0.705,100.142,5,1
1784729178,207479492,112.461,11.325,123.67,5,1
1784729178,274267090,107.268,2.225,109.223,5,1
1784729178,307661133,117.526,1.115,118.554,5,1
1784729178,341055176,139.99,1.06,140.96,5,1
1784729178,407843506,120.113,1.017,121.012,5,1
1784729178,441237549,139.815,1.067,140.799,5,1
1784729178,508003418,118.068,0.777,118.764,5,1
1784729178,541386475,140.88,10.427,151.21,5,1
1784729178,608152344,119.894,0.968,120.784,5,1
1784729178,641535400,138.103,2.405,139.196,5,1
1784729178,708301514,106.656,0.853,107.436,5,1
1784729178,775067871,99.92,0.835,100.678,5,1
1784729178,841834473,103.168,0.923,104.003,5,1
1784729178,875217773,119.262,0.884,120.053,5,1
1784729178,908601074,137.517,2.962,140.395,5,1
1784729178,975367676,120.105,1.281,121.304,5,1
1784729179,8750977,144.422,0.988,145.321,5,1
1784729179,75518066,119.308,1.147,120.354,5,1
1784729179,142284912,109.163,6.31,109.769,5,1
1784729179,209052002,98.013,0.973,98.906,5,1
1784729179,242435791,118.367,7.737,125.982,5,1
1784729179,275819336,137.214,1.104,138.232,5,1
1784729179,342586670,112.576,1.527,113.925,5,1
1784729179,409354248,101.777,0.846,102.541,5,1
1784729179,476031006,95.466,0.888,96.239,5,1
1784729179,542621338,95.188,1.033,96.133,5,1
1784729179,609209717,96.659,1.212,97.751,5,1
1784729179,675795654,94.508,0.82,95.247,5,1
1784729179,709087891,106.041,0.711,106.675,5,1
1784729179,775670654,95.451,0.959,96.326,5,1
1784729179,842251221,102.64,0.868,103.429,5,1
1784729179,875540771,131.678,0.878,132.477,5,1
1784729179,942118164,116.128,1.0,117.047,5,1
1784729179,975406006,139.302,0.868,140.082,5,1
1784729180,41979980,117.36,0.866,118.137,5,1
1784729180,75266357,136.669,1.142,137.725,5,1
1784729180,141836914,110.967,0.771,111.663,5,1
1784729180,208405762,100.898,1.262,101.777,5,1
1784729180,241689209,119.823,14.091,133.795,5,1
1784729180,308254395,116.47,0.877,117.243,5,1
1784729180,341536377,139.429,0.79,140.132,5,1
1784729180,408098389,113.366,1.082,114.369,5,1
1784729180,474799561,100.202,4.584,104.703,5,1
1784729180,541633789,96.991,1.09,97.996,5,1
1784729180,608469971,96.514,0.851,97.283,5,1
1784729180,675308594,100.039,0.788,100.747,5,1
1784729180,742148926,95.038,0.837,95.794,5,1
1784729180,808991455,112.022,0.946,112.886,5,1
1784729180,842413574,130.986,14.39,145.288,5,1
1784729180,909259277,116.606,0.931,117.459,5,1
1784729180,942682861,138.105,0.859,138.878,5,1
1784729181,9531738,114.73,0.925,115.568,5,1
1784729181,76382813,100.998,1.148,102.017,5,1
1784729181,143235840,93.87,7.459,94.611,5,1
1784729181,210090820,96.013,0.841,96.776,5,1
1784729181,276947998,100.269,5.472,105.613,5,1
1784729181,310377441,119.624,0.785,120.324,5,1
1784729181,377237793,101.298,0.658,101.882,5,1
1784729181,444098633,96.557,0.787,97.257,5,1
1784729181,510779541,95.056,0.849,95.822,5,1
1784729181,577460693,97.596,0.709,98.228,5,1
1784729181,644141846,97.19,0.739,97.85,5,1
1784729181,710823242,95.999,1.202,97.117,5,1
1784729181,777504883,96.378,1.108,97.402,5,1
1784729181,844186523,95.237,0.931,96.083,5,1
1784729181,910868408,110.482,0.818,111.214,5,1
1784729181,944209473,127.704,1.097,128.706,5,1
1784729182,10891602,115.651,1.421,116.769,5,1
1784729182,44232666,141.706,0.969,142.587,5,1
1784729182,110915039,137.58,0.78,138.263,5,1
1784729182,177597656,133.254,2.065,135.231,5,1
1784729182,244280273,117.839,0.689,118.452,5,1
1784729182,277621582,133.603,5.003,138.489,5,1
1784729182,344304688,111.028,6.275,117.185,5,1
1784729182,410987793,106.14,0.724,106.787,5,1
1784729182,444329834,117.803,0.835,118.555,5,1
1784729182,510937988,103.591,0.875,104.375,5,1
1784729182,544241211,115.719,0.994,116.595,5,1
1784729182,577544189,135.52,6.854,142.282,5,1
1784729182,644148438,108.542,0.716,109.183,5,1
1784729182,710750732,112.151,1.135,113.186,5,1
1784729182,744051270,119.987,0.877,120.78,5,1
1784729182,810650879,102.368,0.9,103.19,5,1
1784729182,843949951,129.965,1.079,130.886,5,1
1784729182,910546631,118.271,9.199,127.36,5,1
1784729182,943844238,133.712,0.74,134.373,5,1
1784729183,10437988,115.666,0.834,116.423,5,1
1784729183,43734375,139.858,0.79,140.572,5,1
1784729183,110325195,127.989,0.862,128.765,5,1
1784729183,176914307,111.729,1.096,112.749,5,1
1784729183,210208252,136.568,1.068,137.546,5,1
1784729183,243501465,164.838,19.793,184.477,5,1
1784729183,310086914,160.4,1.256,161.55,5,1
1784729183,376670410,139.741,0.934,140.589,5,1
1784729183,443253418,128.541,0.828,129.283,5,1
1784729183,510020508,103.528,0.721,104.175,5,1
1784729183,576787842,104.852,1.358,106.116,5,1
1784729183,610171387,114.097,0.719,114.738,5,1
1784729183,676938965,98.216,0.85,98.98,5,1
1784729183,743706543,110.339,0.896,111.156,5,1
1784729183,777090332,129.877,1.102,130.881,5,1
1784729183,843858154,113.827,1.039,114.787,5,1
1784729183,877241943,133.017,0.844,133.779,5,1
1784729183,944010010,110.051,1.186,111.158,5,1
1784729183,977394043,127.979,1.026,128.897,5,1
1784729184,44162354,108.342,0.831,109.094,5,1
1784729184,77546387,131.927,1.115,132.955,5,1
1784729184,144314697,112.491,1.119,113.515,5,1
1784729184,177698975,129.893,1.302,130.865,5,1
1784729184,244467529,113.105,1.243,114.265,5,1
1784729184,277852051,121.244,0.919,122.075,5,1
1784729184,344620850,101.542,5.282,106.694,5,1
1784729184,411389648,102.471,0.834,103.22,5,1
1784729184,444773682,127.77,0.828,128.516,5,1
1784729184,544659912,97.476,0.879,98.267,5,1
1784729184,611247803,96.431,0.875,97.218,5,1
1784729184,677833740,101.37,0.998,102.157,5,1
1784729184,744417480,101.703,0.984,102.598,5,1
1784729184,810999023,105.653,0.987,106.489,5,1
1784729184,844288818,137.487,1.405,138.787,5,1
1784729184,877578369,152.627,4.019,156.562,5,1
1784729184,944155518,136.419,0.889,137.162,5,1
1784729185,10730469,116.791,1.392,118.074,5,1
1784729185,44017090,125.995,0.675,126.595,5,1
1784729185,143873779,97.006,0.838,97.761,5,1
1784729185,210442139,111.601,0.853,112.37,5,1
1784729185,243725586,120.556,0.887,121.355,5,1
1784729185,310290527,102.884,0.675,103.482,5,1
1784729185,376853516,97.875,4.792,102.531,5,1
1784729185,443416016,99.482,0.784,100.185,5,1
1784729185,476790283,133.102,1.386,134.395,5,1
1784729185,543538574,107.059,1.345,107.754,5,1
1784729185,610286621,103.506,0.87,104.302,5,1
1784729185,677034668,99.105,1.04,100.054,5,1
1784729185,743782471,103.083,0.809,103.808,5,1
1784729185,810530029,102.56,0.818,103.3,5,1
1784729185,843903809,141.977,0.868,142.754,5,1
1784729185,910651123,111.106,0.856,111.882,5,1
1784729185,977398438,112.771,0.67,113.367,5,1
1784729186,44145264,101.418,0.697,102.04,5,1
1784729186,110892090,97.737,1.019,98.673,5,1
1784729186,177638916,98.054,1.134,99.105,5,1
1784729186,244385254,102.252,0.664,102.842,5,1
1784729186,311131592,101.332,0.834,102.09,5,1
1784729186,377877686,101.232,5.552,106.639,5,1
1784729186,411250732,113.314,0.741,113.979,5,1
1784729186,477954590,104.104,1.124,105.14,5,1
1784729186,511286133,121.067,1.12,122.085,5,1
1784729186,577948730,110.877,2.826,113.594,5,1
1784729186,611280029,115.116,0.803,115.844,5,1
1784729186,677942383,109.701,0.675,110.301,5,1
1784729186,744604736,97.788,1.135,98.828,5,1
1784729186,811266846,100.652,1.033,101.588,5,1
1784729186,877928711,106.544,0.683,107.154,5,1
1784729186,944590576,108.688,0.702,109.315,5,1
1784729187,11251953,106.881,0.92,107.71,5,1
1784729187,44582764,132.667,4.721,137.247,5,1
1784729187,111244141,106.695,0.77,107.381,5,1
1784729187,177905029,112.301,1.039,113.258,5,1
1784729187,211235596,136.613,0.936,137.449,5,1
1784729187,277896484,119.424,0.811,120.155,5,1
1784729187,311226807,145.551,1.045,146.505,5,1
1784729187,377887451,121.958,10.126,131.951,5,1
1784729187,411217529,149.307,0.822,150.041,5,1
1784729187,477887451,120.765,0.705,121.392,5,1
1784729187,511226807,142.073,1.671,143.655,5,1
1784729187,577905273,114.903,0.668,115.492,5,1
1784729187,644583984,111.841,0.875,112.632,5,1
1784729187,677923340,123.409,0.834,124.16,5,1
1784729187,744602051,109.273,0.909,110.081,5,1
1784729187,777941650,122.444,4.927,127.289,5,1
1784729187,811281006,152.239,0.93,153.086,5,1
1784729187,877959961,141.037,0.745,141.707,5,1
1784729187,944639160,129.362,0.98,130.241,5,1
1784729188,11318359,111.696,0.702,112.322,5,1
1784729188,44658203,131.372,1.468,132.736,5,1
1784729188,111337402,113.415,1.83,115.103,5,1
1784729188,144677246,133.52,1.249,134.668,5,1
1784729188,211356934,110.039,0.937,110.9,5,1
1784729188,244696777,131.111,1.154,132.092,5,1
1784729188,311376465,126.881,1.663,128.448,5,1
1784729188,344716309,140.476,3.957,144.341,5,1
1784729188,411396240,125.932,4.218,130.021,5,1
1784729188,478026611,117.974,0.72,118.614,5,1
1784729188,511456299,144.938,0.85,145.707,5,1
1784729188,578317627,117.504,0.812,118.239,5,1
1784729188,645181641,111.684,0.669,112.265,5,1
1784729188,712048096,107.816,0.744,108.486,5,1
1784729188,778916992,102.397,0.73,103.048,5,1
1784729188,845788574,103.878,1.003,104.727,5,1
1784729188,879225098,122.319,2.168,124.38,5,1
1784729188,912662354,145.72,0.832,146.464,5,1
1784729188,979538818,128.144,0.865,128.929,5,1
1784729189,46417969,115.045,1.354,116.264,5,1
1784729189,79858398,136.234,0.95,137.095,5,1
1784729189,146740967,111.412,0.694,112.029,5,1
1784729189,213626221,106.85,0.857,107.632,5,1
1784729189,280513916,101.867,1.177,102.939,5,1
1784729189,347404297,100.743,1.013,101.673,5,1
1784729189,414297119,101.182,0.692,101.8,5,1
1784729189,481192383,96.065,5.951,101.884,5,1
1784729189,547911865,101.784,0.749,102.453,5,1
1784729189,581215576,128.374,1.103,129.389,5,1
1784729189,647821777,108.659,0.962,109.542,5,1
1784729189,681124023,128.862,1.006,129.756,5,1
1784729189,714425781,143.678,0.879,144.475,5,1
1784729189,781028076,118.95,0.834,119.688,5,1
1784729189,880927979,104.734,0.74,105.391,5,1
1784729189,947525635,101.13,0.913,101.951,5,1
1784729190,14121338,101.232,0.829,101.97,5,1
1784729190,80715332,98.221,4.886,103.01,5,1
1784729190,147307373,101.398,0.842,102.152,5,1
1784729190,213897461,101.572,0.746,102.235,5,1
1784729190,280485840,103.992,0.746,104.656,5,1
1784729190,313779297,113.089,0.657,113.671,5,1
1784729190,380364746,102.598,0.664,103.189,5,1
1784729190,446948242,99.932,0.996,100.845,5,1
1784729190,513533691,99.009,9.659,108.545,5,1
1784729190,580139648,106.468,0.7,107.092,5,1
1784729190,613441895,132.243,1.058,133.207,5,1
1784729190,680045166,110.986,4.288,115.193,5,1
1784729190,713345947,121.199,1.137,122.242,5,1
1784729190,779946289,105.845,1.256,107.021,5,1
1784729190,846544678,108.977,0.836,109.728,5,1
1784729190,879843018,118.264,0.971,119.107,5,1
1784729190,946438477,119.476,0.678,120.08,5,1
1784729191,13032227,113.663,0.944,114.52,5,1
1784729191,46328125,124.316,0.781,125.008,5,1
1784729191,112918945,108.653,0.876,109.444,5,1
1784729191,146213623,115.17,0.682,115.776,5,1
1784729191,212801270,103.965,0.808,104.689,5,1
1784729191,246094482,124.745,0.868,125.53,5,1
1784729191,279387207,142.967,0.945,143.732,5,1
1784729191,345971191,122.377,1.97,124.218,5,1
1784729191,379262695,134.626,0.965,135.487,5,1
1784729191,445843750,117.041,0.966,117.931,5,1
1784729191,479133545,136.085,12.899,148.862,5,1
1784729191,545729736,110.832,0.69,111.446,5,1
1784729191,612333984,113.538,0.764,114.222,5,1
1784729191,645635254,122.564,0.989,123.452,5,1
1784729191,745536377,105.884,0.873,106.679,5,1
1784729191,812134766,103.031,1.136,104.053,5,1
1784729191,878731201,106.618,0.827,107.367,5,1
1784729191,945325928,111.288,0.87,112.052,5,1
1784729191,978622314,125.713,3.097,128.719,5,1
1784729192,11918457,146.92,0.799,147.639,5,1
1784729192,78509033,136.823,1.245,137.964,5,1
1784729192,145097656,120.83,1.436,122.165,5,1
1784729192,178391357,138.243,1.191,139.349,5,1
1784729192,211684570,167.758,2.538,169.593,5,1
1784729192,278269287,154.62,0.757,155.292,5,1
1784729192,344852295,140.942,4.44,141.703,5,1
1784729192,411433105,119.445,0.802,120.171,5,1
1784729192,478012207,111.068,0.677,111.67,5,1
1784729192,544708984,107.66,4.5,112.043,5,1
1784729192,611406494,105.979,0.876,106.772,5,1
1784729192,678104248,112.234,0.801,112.945,5,1
1784729192,711453369,135.592,1.343,136.811,5,1
1784729192,778151855,110.113,0.818,110.853,5,1
1784729192,844850830,113.591,0.885,114.393,5,1
1784729192,878200439,119.675,0.75,120.353,5,1
1784729192,944900146,113.262,1.073,114.25,5,1
1784729192,978250244,133.531,1.747,135.179,5,1
1784729193,44950684,115.631,1.024,116.578,5,1
1784729193,78301025,135.14,1.722,136.771,5,1
1784729193,145001953,111.645,0.72,112.289,5,1
1784729193,211703369,109.012,0.709,109.646,5,1
1784729193,278405518,104.625,2.275,105.897,5,1
1784729193,345107910,118.091,0.928,118.931,5,1
1784729193,378459229,149.952,0.789,150.659,5,1
1784729193,445162354,125.859,0.738,126.521,5,1
1784729193,511947266,107.802,0.699,108.427,5,1
1784729193,578816406,106.494,4.235,110.562,5,1
1784729193,645688477,109.858,0.661,110.445,5,1
1784729193,712562988,104.232,0.724,104.873,5,1
1784729193,746001221,116.164,0.666,116.756,5,1
1784729193,812879883,107.091,1.171,108.182,5,1
1784729193,846320313,120.373,1.953,122.218,5,1
1784729193,913202881,108.44,0.752,109.104,5,1
1784729193,980088379,102.44,1.834,104.131,5,1
1784729194,46976318,102.716,1.084,103.69,5,1
1784729194,113867188,113.174,0.861,113.89,5,1
1784729194,147313477,134.44,0.851,135.207,5,1
1784729194,214208496,120.948,1.78,121.867,5,1
1784729194,247656738,137.695,1.881,139.371,5,1
1784729194,314555664,119.415,0.795,120.127,5,1
1784729194,381457275,107.11,0.673,107.71,5,1
1784729194,448361572,100.722,0.883,101.51,5,1
1784729194,515166748,100.236,0.899,101.053,5,1
1784729194,581876465,103.879,4.452,108.177,5,1
1784729194,648586426,102.495,0.713,103.129,5,1
1784729194,715297363,102.716,0.833,103.465,5,1
1784729194,748653076,113.978,0.662,114.564,5,1
1784729194,815364746,105.508,0.893,106.324,5,1
1784729194,882077393,111.351,0.684,111.961,5,1
1784729194,948790527,102.572,0.815,103.298,5,1
1784729195,15504150,107.859,0.761,108.54,5,1
1784729195,48861328,123.385,0.951,124.246,5,1
1784729195,82218750,142.477,0.982,143.375,5,1
1784729195,148933838,116.28,0.756,116.961,5,1
1784729195,215649658,105.399,0.679,106.004,5,1
1784729195,282365967,101.977,0.974,102.863,5,1
1784729195,349083252,100.733,1.031,101.682,5,1
1784729195,415800781,102.001,1.094,102.93,5,1
1784729195,482519287,105.781,0.911,106.615,5,1
1784729195,515838623,112.839,0.657,113.421,5,1
1784729195,582476318,103.42,4.485,107.785,5,1
1784729195,649112549,104.134,0.828,104.879,5,1
1784729195,715747559,107.429,1.003,108.355,5,1
1784729195,749064453,120.597,0.843,121.35,5,1
1784729195,815697510,107.116,1.208,108.237,5,1
1784729195,882329102,110.551,0.719,111.192,5,1
1784729195,948959229,112.848,0.995,113.758,5,1
1784729195,982273926,124.916,0.825,125.66,5,1
1784729196,15588135,142.532,1.096,143.43,5,1
1784729196,82215576,119.739,0.786,120.449,5,1
1784729196,115528809,146.301,0.803,147.018,5,1
1784729196,182154297,132.885,0.987,133.789,5,1
1784729196,248778320,117.383,0.909,118.21,5,1
1784729196,282089844,141.017,1.041,141.973,5,1
1784729196,348711914,124.914,0.973,125.792,5,1
1784729196,382022461,143.871,0.793,144.586,5,1
1784729196,448642578,135.055,3.782,138.734,5,1
1784729196,515392578,109.981,2.779,112.612,5,1
1784729196,548833008,119.01,0.669,119.604,5,1
1784729196,615715820,106.371,13.394,119.634,5,1
1784729196,682601563,110.516,0.932,111.362,5,1
1784729196,716045654,118.605,1.67,120.109,5,1
1784729196,749490234,145.21,0.986,146.112,5,1
1784729196,816381836,124.816,1.02,125.759,5,1
1784729196,849828613,147.777,0.958,148.642,5,1
1784729196,916724609,122.731,0.854,123.503,5,1
1784729196,983623535,119.697,0.932,120.539,5,1
1784729197,50525146,115.489,4.378,119.696,5,1
1784729197,83977051,135.433,0.923,136.27,5,1
1784729197,150883057,137.915,0.795,138.631,5,1
1784729197,217791992,119.136,0.864,119.915,5,1
1784729197,251247559,138.966,0.87,139.759,5,1
1784729197,318160889,113.619,0.708,114.252,5,1
1784729197,385077148,108.348,0.67,108.94,5,1
1784729197,451996094,103.804,0.674,104.404,5,1
1784729197,518814453,100.651,0.955,101.522,5,1
1784729197,585610352,104.845,0.683,105.454,5,1
1784729197,652406738,103.382,7.102,110.37,5,1
1784729197,752602783,106.859,0.714,107.495,5,1
1784729197,786001953,137.897,0.718,138.536,5,1
1784729197,852800293,123.157,0.969,124.048,5,1
1784729197,886199951,148.619,1.146,149.674,5,1
1784729197,952999512,131.195,1.009,131.983,5,1
1784729198,19799561,114.993,1.061,115.966,5,1
1784729198,53199951,125.278,1.106,126.274,5,1
1784729198,120001221,118.212,1.098,119.21,5,1
1784729198,186802979,106.549,0.93,107.372,5,1
1784729198,220204102,122.873,1.821,124.483,5,1
1784729198,253605469,137.487,1.948,139.352,5,1
1784729198,320408691,120.37,1.103,121.39,5,1
1784729198,353810547,148.681,0.749,149.346,5,1
1784729198,420614746,130.835,1.045,131.777,5,1
1784729198,487419678,107.299,0.698,107.902,5,1
1784729198,554133057,101.46,0.821,102.168,5,1
1784729198,587444580,112.304,0.784,113.014,5,1
1784729198,654066162,102.236,8.503,110.624,5,1
1784729198,720686035,101.937,0.662,102.525,5,1
1784729198,787304443,100.925,1.119,101.938,5,1
1784729198,820612793,132.77,1.404,134.075,5,1
1784729198,887228760,112.032,0.815,112.769,5,1
1784729198,920536133,121.519,1.044,122.48,5,1
1784729198,987149658,101.982,0.722,102.625,5,1
1784729199,53761475,101.156,0.703,101.785,5,1
1784729199,120371582,103.419,0.674,104.019,5,1
1784729199,186980225,104.771,0.674,105.371,5,1
1784729199,253587158,101.356,0.872,102.153,5,1
1784729199,320192627,101.185,0.813,101.806,5,1
1784729199,386796387,99.681,1.193,100.789,5,1
1784729199,453398438,100.125,1.148,101.182,5,1
1784729199,520000244,101.375,0.724,102.006,5,1
1784729199,586710449,98.864,0.988,99.769,5,1
1784729199,653421387,101.704,0.699,102.324,5,1
1784729199,720132813,102.994,7.978,110.786,5,1
1784729199,786844971,101.149,0.944,102.005,5,1
1784729199,820201416,120.391,1.174,121.47,5,1
1784729199,886914551,110.477,1.092,111.488,5,1
1784729199,920271484,122.903,1.322,124.124,5,1
1784729199,953628418,135.237,1.008,136.165,5,1
1784729200,20343018,115.877,0.913,116.714,5,1
1784729200,53700684,135.305,0.85,136.065,5,1
1784729200,120416260,116.25,1.514,117.562,5,1
1784729200,153774170,128.978,1.067,129.966,5,1
1784729200,220490967,108.606,0.923,109.427,5,1
1784729200,253849365,121.132,0.983,122.025,5,1
1784729200,287208252,133.903,1.111,134.901,5,1
1784729200,353926270,109.883,0.804,110.612,5,1
1784729200,420644775,105.926,0.668,106.521,5,1
1784729200,487364258,103.82,0.846,104.593,5,1
1784729200,554043213,102.194,0.73,102.848,5,1
1784729200,587362061,116.22,1.612,117.685,5,1
1784729200,653998779,118.712,1.367,119.947,5,1
1784729200,687316650,129.574,1.018,130.489,5,1
1784729200,753951172,113.374,9.665,122.901,5,1
1784729200,787268066,139.757,1.205,140.869,5,1
1784729200,820584473,148.287,0.962,149.161,5,1
1784729200,887216309,126.873,0.933,127.72,5,1
1784729200,920531738,134.751,0.772,135.446,5,1
1784729200,987161621,135.493,1.067,136.463,5,1
1784729201,20476074,150.917,1.015,151.837,5,1
1784729201,87103760,137.041,1.815,138.754,5,1
1784729201,153730225,120.363,1.273,121.547,5,1
1784729201,187042969,137.742,0.924,138.482,5,1
1784729201,253667236,118.447,0.965,119.334,5,1
1784729201,286979004,127.987,0.841,128.718,5,1
1784729201,353601318,112.651,0.764,113.34,5,1
1784729201,420222168,103.234,0.924,104.058,5,1
1784729201,486841797,107.252,0.988,108.156,5,1
1784729201,520152100,113.15,0.666,113.742,5,1
1784729201,587031494,103.081,0.7,103.707,5,1
1784729201,653914063,101.452,0.897,102.25,5,1
1784729201,720799316,103.128,0.695,103.751,5,1
1784729201,787687500,100.216,7.674,107.746,5,1
1784729201,854578613,118.928,0.913,119.756,5,1
1784729201,888025391,145.899,0.839,146.651,5,1
1784729201,921472656,155.752,0.675,156.352,5,1
1784729202,21819336,125.276,1.025,126.085,5,1
1784729202,55269531,144.909,0.826,145.656,5,1
1784729202,122172363,139.63,0.772,140.316,5,1
1784729202,155624756,151.59,0.965,152.47,5,1
1784729202,222531738,152.941,0.979,153.833,5,1
1784729202,289441895,134.462,0.693,135.078,5,1
1784729202,356354736,112.678,0.8,113.394,5,1
1784729202,389812256,131.149,1.138,132.193,5,1
1784729202,456729492,105.052,0.697,105.673,5,1
1784729202,523647461,104.858,0.689,105.474,5,1
1784729202,590439697,99.643,0.726,100.29,5,1
1784729202,657232910,99.282,0.745,99.947,5,1
1784729202,724026611,101.199,0.732,101.82,5,1
1784729202,790820801,98.558,13.1,111.455,5,1
1784729202,891013428,102.178,0.862,102.963,5,1
1784729202,924411133,118.614,1.088,119.615,5,1
1784729202,991207275,101.774,0.828,102.528,5,1
1784729203,58004150,99.768,0.798,100.488,5,1
1784729203,124801514,99.664,0.804,100.359,5,1
1784729203,191599609,98.465,0.851,99.234,5,1
1784729203,258398193,98.71,0.998,99.623,5,1
1784729203,291797607,127.831,1.168,128.913,5,1
1784729203,325197510,150.283,0.93,151.106,5,1
1784729203,391997314,130.645,1.495,132.053,5,1
1784729203,425397461,166.117,0.989,167.012,5,1
1784729203,525598145,108.842,4.201,112.956,5,1
1784729203,558909912,133.246,0.704,133.875,5,1
1784729203,625532227,109.283,1.139,110.343,5,1
1784729203,658842529,121.042,0.813,121.769,5,1
1784729203,692152832,136.394,0.822,137.136,5,1
1784729203,758771729,112.844,0.718,113.484,5,1
1784729203,825389160,107.955,9.879,117.714,5,1
1784729203,858697266,117.742,0.71,118.376,5,1
1784729203,925312256,116.547,1.834,117.624,5,1
1784729203,958619141,139.144,0.837,139.869,5,1
1784729204,25231689,117.215,0.869,117.989,5,1
1784729204,91842529,102.785,0.664,103.375,5,1
1784729204,158451660,100.918,0.823,101.668,5,1
1784729204,225059326,97.854,0.877,98.642,5,1
1784729204,291665527,101.233,0.696,101.854,5,1
1784729204,358269775,101.479,0.71,102.116,5,1
1784729204,424872559,101.949,0.657,102.532,5,1
1784729204,491473633,98.988,1.221,100.128,5,1
1784729204,558132568,101.65,0.701,102.274,5,1
1784729204,624848389,99.815,0.733,100.466,5,1
1784729204,691564941,97.632,0.872,98.415,5,1
1784729204,758282471,100.911,0.7,101.536,5,1
1784729204,825000488,100.843,0.769,101.529,5,1
1784729204,858359863,117.134,7.681,124.641,5,1
1784729204,891719482,132.824,1.447,134.171,5,1
1784729204,958439453,106.453,1.804,108.181,5,1
1784729204,991799561,137.836,0.654,138.416,5,1
1784729205,58520508,115.172,0.748,115.845,5,1
1784729205,125242432,107.031,0.678,107.636,5,1
1784729205,191965088,100.153,0.718,100.794,5,1
1784729205,225326660,119.612,0.884,120.41,5,1
1784729205,258688477,135.702,0.786,136.404,5,1
1784729205,325412842,110.272,0.654,110.852,5,1
1784729205,392137695,99.795,0.753,100.468,5,1
1784729205,458863770,98.881,0.942,99.74,5,1
1784729205,525590332,101.687,0.676,102.29,5,1
1784729205,592336182,98.527,0.957,99.398,5,1
1784729205,659131592,100.025,0.799,100.746,5,1
1784729205,725927734,100.319,0.848,101.05,5,1
1784729205,792724609,100.286,1.076,101.265,5,1
1784729205,859521973,108.755,1.002,109.572,5,1
1784729205,892920898,130.545,9.256,139.594,5,1
1784729205,959719482,112.185,0.793,112.901,5,1
1784729205,993118896,132.911,1.477,134.27,5,1
1784729206,59918213,105.653,0.677,106.256,5,1
1784729206,126718506,104.986,0.66,105.571,5,1
1784729206,193519043,99.124,0.717,99.761,5,1
1784729206,260320557,97.397,0.878,98.182,5,1
1784729206,327122559,97.767,0.932,98.614,5,1
1784729206,393925293,97.689,0.967,98.545,5,1
1784729206,460728760,98.325,0.884,99.118,5,1
1784729206,527532715,96.444,0.867,97.228,5,1
1784729206,594287354,99.722,0.813,100.46,5,1
1784729206,660909912,97.08,1.77,98.76,5,1
1784729206,760841064,95.526,0.934,96.349,5,1
1784729206,827459717,103.724,1.098,104.731,5,1
1784729206,860768311,119.894,1.33,121.116,5,1
1784729206,894076660,137.939,5.566,143.37,5,1
1784729206,960692139,120.747,0.759,121.425,5,1
1784729206,993999268,146.517,0.803,147.242,5,1
1784729207,27305908,174.043,0.728,174.694,5,1
1784729207,127223633,123.51,1.437,124.837,5,1
1784729207,160528809,138.937,1.195,139.964,5,1
1784729207,227137695,134.406,0.948,135.263,5,1
1784729207,260441650,162.554,0.816,163.281,5,1
1784729207,360350830,110.997,1.086,111.94,5,1
1784729207,393653076,130.15,1.082,131.135,5,1
1784729207,460256592,105.776,0.785,106.485,5,1
1784729207,526858154,101.408,0.745,102.026,5,1
1784729207,593466064,98.134,0.873,98.925,5,1
1784729207,660090088,99.637,0.942,100.479,5,1
1784729207,726712891,100.199,0.778,100.896,5,1
1784729207,793333984,103.612,0.934,104.461,5,1
1784729207,859953369,104.055,0.683,104.665,6,1
1784729207,926571289,104.69,0.888,105.489,5,1
1784729207,993187500,107.965,12.66,120.427,5,1
1784729208,26495117,122.558,0.851,123.326,5,1
1784729208,93108887,103.626,0.867,104.4,5,1
1784729208,159721191,99.148,2.064,101.102,5,1
1784729208,226331787,97.945,0.795,98.661,5,1
1784729208,292940918,115.405,0.82,116.143,5,1
1784729208,326244873,143.118,1.017,144.042,5,1
1784729208,392851563,122.096,1.126,123.13,5,1
1784729208,426154297,144.476,0.772,145.164,5,1
1784729208,492758545,132.089,1.122,133.122,6,1
1784729208,559356689,112.014,0.753,112.69,5,1
1784729208,592669189,132.83,0.998,133.735,5,1
1784729208,659293457,125.561,2.756,128.21,5,1
1784729208,692604980,132.389,0.848,133.154,5,1
1784729208,792537109,103.603,0.762,104.287,5,1
1784729208,859156494,111.544,0.98,112.43,5,1
1784729208,892465576,135.088,8.087,143.047,5,1
1784729208,959082520,110.278,0.76,110.961,5,1
1784729209,25697998,106.206,6.072,112.159,5,1
1784729209,59005127,134.0,1.192,135.1,5,1
1784729209,125618164,121.007,3.352,124.247,6,1
1784729209,158924072,132.631,0.92,133.463,5,1
1784729209,225534668,108.776,0.666,109.367,5,1
1784729209,292143799,106.798,0.664,107.386,5,1
1784729209,358751221,102.513,0.751,103.183,5,1
1784729209,425357178,101.21,0.888,102.016,5,1
1784729209,491961426,102.879,0.89,103.683,5,1
1784729209,558564209,102.358,1.986,104.261,5,1
1784729209,625429932,100.818,0.894,101.626,5,1
1784729209,692298340,106.873,0.836,107.618,5,1
1784729209,725733643,113.944,0.713,114.582,5,1
1784729209,792606201,106.179,0.745,106.846,5,1
1784729209,859481201,110.836,1.006,111.75,5,1
1784729209,892919678,115.865,0.658,116.449,5,1
1784729209,959798828,104.301,0.663,104.89,5,1
1784729210,26680664,102.607,0.69,103.221,5,1
1784729210,93564941,103.859,13.368,117.061,5,1
1784729210,127008301,130.562,1.143,131.618,5,1
1784729210,160452148,143.238,1.08,144.232,5,1
1784729210,227341797,129.942,1.026,130.877,5,1
1784729210,294234131,105.918,0.678,106.521,5,1
1784729210,361129395,98.931,0.95,99.801,5,1
1784729210,428027100,97.767,0.815,98.501,5,1
1784729210,494927490,98.076,0.811,98.806,5,1
1784729210,561828125,99.076,0.863,99.848,5,1
1784729210,628609131,98.574,0.944,99.437,5,1
1784729210,695390381,102.477,0.669,103.056,5,1
1784729210,762172119,99.767,0.737,100.429,5,1
1784729210,828954346,104.397,0.688,105.01,5,1
1784729210,895736816,118.317,1.6,119.529,5,1
1784729210,929128418,135.606,1.097,136.609,5,1
1784729210,995911621,108.536,6.4,109.204,5,1
1784729211,62695068,103.105,0.667,103.699,5,1
1784729211,129479004,98.541,11.076,109.487,5,1
1784729211,162871094,118.613,0.816,119.342,5,1
1784729211,196263428,136.51,0.876,137.303,5,1
1784729211,263048096,112.195,0.778,112.893,5,1
1784729211,329833252,107.527,0.685,108.126,5,1
1784729211,396618896,99.627,0.753,100.299,5,1
1784729211,463404785,99.919,0.746,100.585,5,1
1784729211,496797852,117.1,0.749,117.763,5,1
1784729211,530191162,134.212,1.041,135.076,5,1
1784729211,596967773,112.597,1.155,113.65,5,1
1784729211,630352051,129.422,0.821,130.16,5,1
1784729211,697120605,116.674,8.041,124.588,5,1
1784729211,730504883,135.944,1.063,136.918,5,1
1784729211,763889160,142.813,1.209,143.892,5,1
1784729211,864042725,109.211,0.878,109.939,5,1
1784729211,930811768,104.416,7.051,111.367,5,1
1784729211,997581055,101.712,0.76,102.396,5,1
1784729212,64350586,104.061,0.845,104.826,5,1
1784729212,131120117,106.806,39.2,145.767,5,1
1784729212,164505127,132.723,1.626,134.228,5,1
1784729212,197890137,157.4,0.977,158.2,5,1
1784729212,264660156,133.14,0.946,133.991,5,1
1784729212,331430176,120.651,0.791,121.363,5,1
1784729212,431585693,103.792,0.855,104.531,5,1
1784729212,498356445,96.442,0.833,97.194,5,1
1784729212,565126465,95.609,1.073,96.599,5,1
1784729212,631806396,97.922,1.632,99.474,5,1
1784729212,698486328,99.75,0.708,100.383,5,1
1784729212,765166504,97.998,0.957,98.872,5,1
1784729212,831846680,100.332,0.843,101.098,5,1
1784729212,898527100,101.992,0.672,102.59,5,1
1784729212,965207520,98.624,0.779,99.315,5,1
1784729213,31888184,98.214,0.956,99.089,5,1
1784729213,98569092,97.523,0.955,98.395,5,1
1784729213,165250000,99.053,6.787,105.714,5,1
1784729213,198590576,124.109,0.85,124.855,5,1
1784729213,231930908,163.867,1.211,164.973,5,1
1784729213,298612305,144.894,1.306,146.013,5,1
1784729213,365293457,126.733,0.808,127.456,5,1
1784729213,398634277,150.639,1.751,152.284,5,1
1784729213,465315918,130.034,1.352,131.279,6,1
1784729213,531997559,103.007,0.747,103.677,5,1
1784729213,598700195,102.359,0.782,103.065,5,1
1784729213,665553711,100.744,0.688,101.356,5,1
1784729213,732409668,100.284,0.696,100.904,5,1
1784729213,765838623,117.009,1.177,118.086,5,1
1784729213,832698242,108.621,0.936,109.467,5,1
1784729213,866128906,125.65,1.239,126.777,5,1
1784729213,899560303,142.131,1.587,143.622,5,1
1784729213,966424805,127.718,0.959,128.583,5,1
1784729214,33291748,103.35,0.897,104.169,5,1
1784729214,100161133,100.085,0.711,100.722,5,1
1784729214,167032959,95.837,0.927,96.677,5,1
1784729214,233907227,96.748,10.952,107.569,5,1
1784729214,267345459,130.782,1.6,132.272,5,1
1784729214,334223389,108.896,1.501,110.183,5,1
1784729214,367663086,129.722,1.404,130.999,5,1
1784729214,434544678,114.155,2.061,116.036,5,1
1784729214,467986572,129.701,1.032,130.639,5,1
1784729214,534871582,110.382,0.953,111.25,5,1
1784729214,568315186,121.247,0.792,121.952,5,1
1784729214,635141357,103.102,0.751,103.781,5,1
1784729214,701908936,102.528,0.672,103.129,5,1
1784729214,768676758,93.512,0.983,94.41,5,1
1784729214,835444824,100.19,0.927,101.031,5,1
1784729214,868828857,111.353,0.921,112.19,5,1
1784729214,935596924,97.45,1.085,98.454,5,1
1784729215,2365479,97.908,0.85,98.684,5,1
1784729215,69134033,94.37,0.918,95.132,5,1
1784729215,135902588,95.408,1.18,96.501,5,1
1784729215,169287109,116.217,0.933,117.007,5,1
1784729215,202671631,128.795,8.597,137.234,5,1
1784729215,269440674,111.137,0.967,112.007,5,1
1784729215,336209717,105.787,0.837,106.547,5,1
1784729215,402979004,102.313,0.795,103.034,5,1
1784729215,469748535,96.103,0.722,96.744,5,1
1784729215,536518311,94.12,0.81,94.848,5,1
1784729215,603287842,96.545,0.73,97.197,5,1
1784729215,669880615,94.75,0.849,95.511,5,1
1784729215,736470947,98.491,0.706,99.123,5,1
1784729215,803059326,99.586,1.88,101.365,5,1
1784729215,869645508,107.08,1.471,108.448,5,1
1784729215,902937744,122.07,1.334,123.301,5,1
1784729215,936229492,126.756,1.904,128.565,5,1
1784729216,2811523,103.898,0.688,104.51,5,1
1784729216,69391113,100.653,0.678,101.258,5,1
1784729216,135968750,95.279,0.894,96.091,5,1
1784729216,202544189,97.197,0.723,97.839,6,1
1784729216,269117432,95.577,11.716,107.161,5,1
1784729216,335688477,95.224,0.897,96.034,5,1
1784729216,368973389,118.66,0.89,119.444,5,1
1784729216,402257568,132.339,1.066,133.002,5,1
1784729216,468824219,111.667,0.915,112.493,5,1
1784729216,502106934,132.33,0.764,133.017,5,1
1784729216,568670410,107.884,0.716,108.523,5,1
1784729216,635250977,99.851,0.675,100.45,5,1
1784729216,701844238,99.806,0.664,100.394,5,1
1784729216,768435547,96.695,1.029,97.641,5,1
1784729216,835024902,99.484,0.934,100.338,5,1
1784729216,901611816,102.789,0.666,103.382,5,1
1784729216,968196777,97.982,0.919,98.821,5,1
1784729217,34779541,102.067,2.098,104.083,5,1
1784729217,68070313,132.071,0.882,132.869,5,1
1784729217,134649902,119.764,0.814,120.499,5,1
1784729217,167938721,145.833,8.246,153.746,5,1
1784729217,234515137,134.935,15.48,150.25,5,1
1784729217,301089600,109.633,0.887,110.446,5,1
1784729217,367661621,101.878,0.69,102.492,5,1
1784729217,400947021,121.482,0.871,122.261,5,1
1784729217,434231689,140.132,0.95,140.966,5,1
1784729217,500799561,129.082,0.99,129.973,5,1
1784729217,567365479,109.862,5.697,115.429,5,1
1784729217,600649170,132.018,0.935,132.86,5,1
1784729217,667329102,113.741,1.302,114.938,5,1
1784729217,700669189,134.367,1.24,135.518,5,1
1784729217,767349121,108.633,0.708,109.267,5,1
1784729217,834029297,104.222,0.817,104.913,5,1
1784729217,900709717,106.14,0.972,106.899,5,1
1784729217,934049805,113.458,0.996,114.362,5,1
1784729218,730225,101.243,0.813,101.98,5,1
1784729218,67410889,98.448,0.886,99.25,5,1
1784729218,134091553,107.243,0.739,107.907,5,1
1784729218,200772461,97.905,0.786,98.611,5,1
1784729218,267453369,104.078,12.609,116.431,5,1
1784729218,334134521,124.486,1.302,125.676,5,1
1784729218,367475098,134.374,0.765,135.057,5,1
1784729218,434156494,119.08,2.667,121.656,5,1
1784729218,467497070,130.477,0.803,131.196,5,1
1784729218,567519287,101.337,0.762,102.022,5,1
1784729218,634207764,99.454,1.249,100.216,5,1
1784729218,700902344,102.03,0.751,102.708,5,1
1784729218,767597168,98.038,0.913,98.868,5,1
1784729218,834292480,103.003,0.768,103.692,5,1
1784729218,900988281,104.688,0.725,105.319,5,1
1784729218,967684326,97.245,0.931,98.093,5,1
1784729219,34380859,104.107,0.772,104.798,5,1
1784729219,67729248,116.156,4.939,120.997,5,1
1784729219,101077637,123.469,1.03,124.417,5,1
1784729219,167774902,102.877,0.66,103.461,5,1
1784729219,234472412,102.947,0.673,103.544,5,1
1784729219,301170410,101.154,4.519,105.553,5,1
1784729219,367868652,98.801,0.861,99.578,5,1
1784729219,434567383,97.73,0.855,98.497,5,1
1784729219,467916748,116.192,0.739,116.851,5,1
1784729219,534615967,100.955,0.742,101.617,5,1
1784729219,601315918,98.658,0.835,99.363,5,1
1784729219,667940186,98.746,0.797,99.463,5,1
1784729219,734562744,100.523,0.852,101.281,5,1
1784729219,801183838,100.313,1.128,101.235,5,1
1784729219,867803223,102.804,0.759,103.482,5,1
1784729219,901112549,130.054,0.969,130.942,5,1
1784729219,967729492,115.712,0.924,116.554,5,1
1784729220,1037354,131.347,1.078,132.337,5,1
1784729220,67652100,106.412,0.729,107.065,5,1
1784729220,134265137,104.914,0.675,105.512,5,1
1784729220,200876465,102.334,0.714,102.971,5,1
1784729220,267486328,103.421,0.681,104.024,5,1
1784729220,334094482,99.238,4.946,104.073,5,1
1784729220,400701172,104.346,0.674,104.945,5,1
1784729220,467306152,103.946,0.73,104.599,5,1
1784729220,500608154,121.737,1.328,122.963,5,1
1784729220,533909424,131.333,0.803,132.055,5,1
1784729220,633824951,103.268,0.699,103.89,5,1
1784729220,700448975,103.035,0.726,103.681,5,1
1784729220,767071289,100.53,0.812,101.244,5,1
1784729220,833691895,111.245,1.229,112.386,5,1
1784729220,867001709,126.597,1.084,127.591,5,1
1784729220,900311035,155.913,2.385,158.152,5,1
1784729220,966928467,139.493,0.832,140.202,5,1
1784729221,33544189,122.667,0.877,123.454,5,1
1784729221,66851563,140.761,0.839,141.498,5,1
1784729221,133465088,120.069,1.952,121.934,5,1
1784729221,166771240,138.034,1.477,139.418,5,1
1784729221,233382324,123.56,2.629,124.481,5,1
1784729221,266687256,147.558,0.851,148.322,5,1
1784729221,333295898,125.341,4.656,129.843,5,1
1784729221,366599609,148.109,0.994,149.02,5,1
1784729221,433205811,133.596,1.055,134.556,5,1
1784729221,499810547,109.637,0.711,110.273,5,1
1784729221,533112061,135.969,1.549,137.426,5,1
1784729221,599715576,122.323,2.115,124.316,5,1
1784729221,633070068,139.637,1.763,141.084,5,1
1784729221,699780029,124.582,2.086,126.54,5,1
1784729221,733135254,137.782,0.792,138.493,5,1
1784729221,799846191,117.721,0.873,118.51,5,1
1784729221,833201660,144.956,0.969,145.844,5,1
1784729221,899913574,137.67,4.674,142.218,5,1
1784729221,966625977,123.967,3.984,127.761,5,1
1784729221,999982666,147.906,0.899,148.715,5,1
1784729222,66696045,122.237,0.785,122.945,5,1
1784729222,133410156,116.24,1.172,117.146,5,1
1784729222,200124756,112.718,1.021,113.654,5,1
1784729222,266840332,122.005,0.727,122.652,5,1
1784729222,333556396,105.639,0.674,106.238,5,1
1784729222,400272949,103.896,5.052,108.752,5,1
1784729222,466990479,102.85,1.061,103.666,5,1
1784729222,533708252,103.128,1.216,104.257,5,1
1784729222,567067627,132.361,0.917,133.173,5,1
1784729222,633766846,106.969,0.736,107.63,5,1
1784729222,700560303,102.766,0.905,103.583,5,1
1784729222,767354492,109.982,0.825,110.639,5,1
1784729222,834149170,110.458,1.896,111.063,5,1
1784729222,867546875,124.701,0.994,125.609,5,1
1784729222,934342529,106.427,1.057,107.395,5,1
1784729223,1138916,102.185,1.791,103.886,5,1
1784729223,67935791,100.911,0.822,101.651,5,1
1784729223,134733398,106.986,0.743,107.651,5,1
1784729223,201531494,101.494,1.001,102.411,6,1
1784729223,268330322,114.751,3.081,117.74,5,1
1784729223,301729980,154.993,1.607,156.51,5,1
1784729223,368529785,134.774,1.068,135.753,5,1
1784729223,435330078,114.337,13.885,128.086,5,1
1784729223,468730469,140.836,0.845,141.599,5,1
1784729223,535531982,117.686,1.0,118.509,5,1
1784729223,568932861,140.056,1.459,141.071,5,1
1784729223,635735840,113.94,0.682,114.547,5,1
1784729223,702519775,117.954,2.079,119.694,5,1
1784729223,735911621,133.387,0.922,134.227,5,1
1784729223,802696045,110.452,1.077,111.444,5,1
1784729223,869480957,113.077,1.651,114.59,5,1
1784729223,902873535,139.099,2.994,141.991,5,1
1784729223,969658936,108.742,0.677,109.344,5,1
1784729224,36444824,103.714,0.797,104.436,5,1
1784729224,103231201,101.191,0.986,102.091,5,1
1784729224,170018066,99.752,0.829,100.497,5,1
1784729224,236805176,117.139,11.453,128.49,5,1
1784729224,270198975,133.809,1.556,135.269,5,1
1784729224,336986816,112.328,1.444,113.669,5,1
1784729224,370381104,131.711,1.023,132.647,5,1
1784729224,437169678,109.355,1.691,110.968,5,1
1784729224,470563965,122.663,5.302,127.842,5,1
1784729224,503958496,136.344,0.968,137.226,5,1
1784729224,570748047,115.826,0.894,116.635,5,1
1784729224,604142822,143.682,0.973,144.567,5,1
1784729224,670843262,141.092,0.78,141.784,5,1
1784729224,737452393,115.682,0.825,116.428,5,1
1784729224,770756348,134.118,1.171,135.188,5,1
1784729224,870665527,106.32,0.709,106.952,5,1
1784729224,937269043,100.595,0.967,101.478,5,1
1784729225,3870850,100.983,0.855,101.745,5,1
1784729225,70470703,101.876,0.892,102.68,5,1
1784729225,137068848,100.083,0.832,100.828,5,1
1784729225,203665039,101.232,0.855,101.993,5,1
1784729225,270259277,101.65,0.942,102.507,5,1
1784729225,336851807,100.719,0.956,101.592,5,1
1784729225,403442383,100.263,0.899,101.076,5,1
1784729225,470031250,99.809,1.04,100.762,5,1
1784729225,536618164,100.328,11.792,111.97,5,1
1784729225,603203125,110.898,1.159,111.799,5,1
1784729225,636496094,134.232,1.165,135.279,5,1
1784729225,703347900,119.923,1.162,120.984,5,1
1784729225,736774658,139.269,0.828,140.014,5,1
1784729225,803630127,120.115,1.161,121.195,5,1
1784729225,837058594,140.666,0.871,141.447,5,1
1784729225,903917725,121.971,0.919,122.812,5,1
1784729225,937348145,151.921,0.866,152.705,5,1
1784729226,4210693,128.884,0.919,129.725,5,1
1784729226,37642822,141.142,0.781,141.844,5,1
1784729226,137943115,99.257,1.022,100.193,5,1
1784729226,204812744,100.989,1.687,102.586,5,1
1784729226,271685059,99.936,0.96,100.813,5,1
1784729226,338559570,98.23,0.974,99.121,5,1
1784729226,405436523,98.132,0.84,98.887,5,1
1784729226,472315918,98.28,0.796,98.994,5,1
1784729226,539197754,98.557,12.885,111.308,5,1
1784729226,606081787,99.241,1.312,100.452,5,1
1784729226,639522705,124.141,1.183,125.224,5,1
1784729226,672869629,144.503,1.013,145.43,5,1
1784729226,739563721,131.972,1.07,132.958,5,1
1784729226,806258301,125.657,1.829,127.383,5,1
1784729226,839605713,131.755,1.015,132.664,5,1
1784729226,939648438,100.646,1.104,101.655,5,1
1784729227,6344238,105.355,0.735,106.01,5,1
1784729227,73040283,111.663,3.594,114.042,5,1
1784729227,106388428,127.046,0.862,127.824,5,1
1784729227,139736572,146.26,0.971,147.133,5,1
1784729227,206433594,121.671,0.83,122.421,5,1
1784729227,239781982,132.019,1.007,132.933,5,1
1784729227,306479492,115.755,0.667,116.349,5,1
1784729227,373177246,102.3,0.723,102.945,5,1
1784729227,439875488,97.415,0.801,98.135,5,1
1784729227,506573975,99.61,0.877,100.403,5,1
1784729227,573272949,99.937,7.259,107.07,5,1
1784729227,639972412,100.521,0.965,101.371,5,1
1784729227,673327637,120.91,0.897,121.711,5,1
1784729227,706682861,153.369,1.062,154.343,5,1
1784729227,740038574,170.272,1.044,171.226,5,1
1784729227,840106201,114.803,0.804,115.527,5,1
1784729227,906818848,111.71,0.672,112.308,5,1
1784729227,973532471,110.884,1.351,112.022,5,1
1784729228,6889404,118.151,0.738,118.809,5,1
1784729228,73603760,103.887,0.701,104.514,5,1
1784729228,140318848,99.389,0.859,100.164,5,1
1784729228,207034668,98.572,0.819,99.286,5,1
1784729228,273751221,103.519,0.736,104.179,5,1
1784729228,340468262,106.712,0.924,107.55,5,1
1784729228,407186035,100.748,1.268,101.821,5,1
1784729228,473904785,99.263,1.041,100.165,5,1
1784729228,540623779,98.689,1.157,99.677,5,1
1784729228,607343750,98.294,8.357,106.524,5,1
1784729228,674101318,100.632,1.555,102.093,5,1
1784729228,707498779,129.829,1.06,130.798,5,1
1784729228,774294189,114.476,1.168,115.555,5,1
1784729228,807692139,140.71,0.782,141.413,5,1
1784729228,874488770,123.973,0.965,124.858,5,1
1784729228,907887207,146.09,0.971,146.976,5,1
1784729228,974684570,122.79,0.851,123.555,5,1
1784729229,41482666,107.333,0.667,107.927,5,1
1784729229,108281494,98.22,0.967,99.1,5,1
1784729229,175080811,98.417,0.863,99.192,5,1
1784729229,241880859,99.541,1.019,100.459,5,1
1784729229,275281006,117.724,0.98,118.621,5,1
1784729229,308681396,136.693,1.267,137.772,5,1
1784729229,375482666,110.814,0.811,111.55,5,1
1784729229,442284668,107.102,1.237,108.224,5,1
1784729229,475686035,121.774,1.006,122.689,5,1
1784729229,509087402,129.805,0.801,130.526,5,1
1784729229,609292480,99.391,12.036,111.255,5,1
1784729229,676126953,101.926,0.928,102.771,5,1
1784729229,709561035,129.854,0.93,130.692,5,1
1784729229,776430908,109.448,1.552,110.865,5,1
1784729229,809867188,117.718,0.74,118.379,5,1
1784729229,876741211,117.702,0.648,118.274,5,1
1784729229,943618164,111.628,0.84,112.382,5,1
1784729229,977057617,117.904,1.01,118.823,5,1
1784729230,43938477,100.945,0.659,101.531,5,1
1784729230,110822021,98.346,0.941,99.204,5,1
1784729230,177708252,97.752,1.304,98.971,5,1
1784729230,244597168,95.962,0.98,96.86,5,1
1784729230,311488770,95.912,1.02,96.823,5,1
1784729230,378383057,97.74,1.195,98.845,5,1
1784729230,445280029,95.196,0.914,96.008,5,1
1784729230,512179932,97.922,0.742,98.582,5,1
1784729230,579082275,94.71,1.022,95.652,5,1
1784729230,645985352,98.526,8.79,107.197,5,1
1784729230,746050781,94.28,1.086,95.274,5,1
1784729230,779406250,111.888,0.677,112.493,5,1
1784729230,846117676,106.698,1.082,107.688,5,1
1784729230,879473633,131.751,1.554,133.22,5,1
1784729230,946186279,114.74,3.307,117.927,5,1
1784729230,979542725,129.265,3.902,132.929,5,1
1784729231,46256348,111.636,0.982,112.507,5,1
1784729231,79613281,129.758,1.298,130.918,5,1
1784729231,146327881,105.624,0.862,106.39,5,1
1784729231,213042969,101.203,0.882,101.994,5,1
1784729231,279758789,95.668,1.108,96.685,5,1
1784729231,346475342,96.062,1.308,97.14,5,1
1784729231,413192627,96.162,1.185,97.091,5,1
1784729231,479910645,95.938,1.031,96.882,5,1
1784729231,546629150,95.847,1.106,96.867,5,1
1784729231,613348389,95.017,0.996,95.904,5,1
1784729231,680027832,98.628,9.029,107.523,5,1
1784729231,746665283,98.446,12.43,110.773,5,1
1784729231,779983398,130.626,9.188,139.703,5,1
1784729231,846618896,103.862,6.088,109.865,5,1
1784729231,913252930,108.048,0.712,108.687,5,1
1784729231,979885498,110.128,0.98,111.029,5,1
1784729232,13201172,128.665,1.44,130.018,5,1
1784729232,79831787,119.749,1.342,120.996,5,1
1784729232,113146729,150.068,0.836,150.823,5,1
1784729232,179775146,132.406,0.856,133.177,5,1
1784729232,213088867,155.587,0.904,156.398,5,1
1784729232,279715332,136.319,4.134,140.375,5,1
1784729232,346340576,116.879,2.595,119.298,5,1
1784729232,379652588,132.441,1.831,134.164,5,1
1784729232,446275635,116.784,1.305,117.872,5,1
1784729232,479586670,134.353,1.282,135.546,5,1
1784729232,546207764,112.689,0.702,113.317,5,1
1784729232,612827393,101.136,0.98,102.028,5,1
1784729232,679505127,97.288,2.099,98.364,5,1
1784729232,746284668,97.205,4.798,101.863,5,1
1784729232,813105713,104.78,1.116,105.812,5,1
1784729232,846516602,132.933,0.888,133.72,5,1
1784729232,913338867,115.759,0.999,116.66,5,1
1784729232,946750488,144.468,0.99,145.371,5,1
1784729233,13574463,127.599,1.053,128.565,5,1
1784729233,80399414,108.366,0.705,108.991,5,1
1784729233,113812256,117.411,0.947,118.188,5,1
1784729233,180638672,99.051,0.79,99.764,5,1
1784729233,247465820,105.636,2.582,108.13,5,1
1784729233,280879883,130.18,0.872,130.969,5,1
1784729233,347708740,110.934,0.866,111.675,5,1
1784729233,381123535,116.872,0.85,117.633,5,1
1784729233,447953857,104.195,0.9,105.009,5,1
1784729233,481369385,119.121,1.065,120.087,5,1
1784729233,514785156,126.573,0.877,127.368,5,1
1784729233,615033936,96.743,0.968,97.624,5,1
1784729233,681867676,94.899,0.853,95.629,5,1
1784729233,748593018,103.634,8.975,112.416,5,1
1784729233,781908447,145.187,1.385,146.479,5,1
1784729233,848537842,137.285,0.839,138.042,5,1
1784729233,915165771,116.008,2.438,118.362,5,1
1784729233,948479248,126.376,0.796,127.088,5,1
1784729234,48416992,95.834,1.08,96.833,5,1
1784729234,115040527,97.647,0.767,98.331,5,1
1784729234,181662354,96.746,1.193,97.854,5,1
1784729234,248282715,96.637,1.143,97.692,5,1
1784729234,348210205,95.908,1.005,96.827,5,1
1784729234,414826904,96.523,0.894,97.328,5,1
1784729234,481441895,97.032,1.308,98.247,5,1
1784729234,548055176,96.674,1.009,97.597,5,1
1784729234,614667236,95.826,0.838,96.581,5,1
1784729234,681277588,98.761,2.306,100.913,5,1
1784729234,747979492,98.594,0.771,99.278,5,1
1784729234,814758789,96.282,15.301,111.453,5,1
1784729234,848148438,139.668,1.096,140.671,5,1
1784729234,914927979,123.569,25.299,148.709,5,1
1784729234,948318115,143.295,0.756,143.968,5,1
1784729235,15098145,126.761,1.064,127.726,5,1
1784729235,81878662,103.361,1.186,104.428,5,1
1784729235,148659668,105.299,0.91,106.129,5,1
1784729235,215440918,94.473,1.003,95.392,5,1
1784729235,282222656,95.888,11.367,107.153,5,1
1784729235,349004639,95.631,0.816,96.351,5,1
1784729235,415787109,96.861,1.113,97.871,5,1
1784729235,449178223,113.736,0.739,114.396,5,1
1784729235,515961182,103.483,0.654,104.064,5,1
1784729235,582744629,97.813,0.744,98.476,5,1
1784729235,649528076,102.961,0.923,103.799,5,1
1784729235,682920166,114.99,0.848,115.752,5,1
1784729235,716302490,132.826,1.081,133.809,5,1
1784729235,782907715,118.154,2.743,120.715,5,1
1784729235,816209473,142.606,9.984,152.454,5,1
1784729235,882812012,149.317,0.804,150.041,5,1
1784729235,949412354,139.678,0.967,140.568,5,1
1784729236,16010986,126.989,0.91,127.814,5,1
1784729236,82607422,107.257,0.99,108.169,5,1
1784729236,115905029,119.388,0.734,120.041,5,1
1784729236,182498779,101.226,0.674,101.811,5,1
1784729236,249090576,98.439,0.889,99.24,5,1
1784729236,315680420,105.318,0.811,106.049,5,1
1784729236,348974609,112.416,0.663,113.005,5,1
1784729236,448854248,97.027,0.984,97.928,5,1
1784729236,515438232,97.235,0.856,98.008,5,1
1784729236,582020264,96.714,0.911,97.543,5,1
1784729236,648600342,102.066,0.653,102.646,5,1
1784729236,715190674,106.015,0.925,106.857,5,1
1784729236,748570068,119.115,1.293,120.306,5,1
1784729236,781949707,137.207,1.849,138.968,5,1
1784729236,848708740,122.955,26.789,149.448,5,1
1784729236,882088379,143.771,1.03,144.71,5,1
1784729236,948847412,129.896,1.579,131.387,5,1
1784729237,15606689,109.155,1.043,110.115,5,1
1784729237,48986328,141.564,1.96,143.323,5,1
1784729237,115745605,116.08,0.931,116.924,5,1
1784729237,149125244,126.632,0.997,127.547,5,1
1784729237,249264160,112.769,0.755,113.446,5,1
1784729237,282643799,132.38,0.852,133.14,5,1
1784729237,349403076,112.111,1.278,113.288,5,1
1784729237,382782715,129.176,1.597,130.682,5,1
1784729237,449542236,111.746,0.784,112.454,5,1
1784729237,482921875,130.668,2.907,133.457,5,1
1784729237,549681396,110.159,0.936,110.997,5,1
1784729237,583061035,130.143,1.558,131.539,5,1
1784729237,649820557,107.866,1.075,108.855,5,1
1784729237,683200439,135.487,1.874,137.172,5,1
1784729237,749948242,107.089,0.775,107.784,5,1
1784729237,816690430,108.489,0.904,109.31,5,1
1784729237,850061523,117.89,0.82,118.631,5,1
1784729237,883432373,145.586,25.686,171.135,5,1
1784729237,950174072,119.494,0.826,120.244,5,1
1784729238,16915527,110.864,0.681,111.47,5,1
1784729238,83656738,101.511,0.999,102.429,5,1
1784729238,117027344,112.213,0.675,112.814,5,1
1784729238,183768066,99.81,0.678,100.412,5,1
1784729238,250508545,102.499,0.803,103.219,5,1
1784729238,283878906,121.917,2.139,123.944,5,1
1784729238,317249023,138.675,3.622,142.209,5,1
1784729238,383989014,121.359,0.752,122.037,5,1
1784729238,417358887,141.705,0.766,142.388,5,1
1784729238,484098633,129.085,1.147,130.134,5,1
1784729238,550837891,108.247,0.914,109.075,5,1
1784729238,584207520,120.835,0.84,121.593,5,1
1784729238,650946777,106.585,0.76,107.262,5,1
1784729238,684316162,121.06,1.153,122.074,5,1
1784729238,717685303,138.8,1.117,139.833,5,1
1784729238,784346191,116.313,0.89,117.107,5,1
1784729238,851006836,114.184,0.923,115.012,5,1
1784729238,884337158,123.021,0.723,123.665,5,1
1784729238,917667236,148.043,20.038,167.947,5,1
1784729238,984327637,122.107,0.724,122.755,5,1
1784729239,50987549,109.729,0.67,110.325,5,1
1784729239,117647461,100.856,0.655,101.436,5,1
1784729239,184307129,100.25,0.715,100.89,5,1
1784729239,250966553,98.586,0.927,99.415,5,1
1784729239,317625732,106.227,1.103,107.245,5,1
1784729239,350955322,112.673,0.65,113.248,5,1
1784729239,417614258,101.023,0.839,101.768,5,1
1784729239,484272949,97.423,1.195,98.522,5,1
1784729239,550931396,101.932,1.33,103.112,5,1
1784729239,617589600,101.493,0.771,102.154,5,1
1784729239,684247803,103.358,0.992,104.262,5,1
1784729239,717577393,130.557,2.689,133.024,5,1
1784729239,784256592,115.024,2.385,117.326,5,1
1784729239,817596436,126.43,1.212,127.525,5,1
1784729239,884275879,111.548,0.682,112.141,5,1
1784729239,950955322,100.337,0.967,101.213,5,1
1784729239,984295166,130.288,6.155,136.316,5,1
1784729240,50975098,118.808,1.035,119.757,5,1
1784729240,84314941,138.871,0.926,139.712,5,1
1784729240,150995117,111.908,0.761,112.593,5,1
1784729240,217675049,104.686,0.678,105.291,5,1
1784729240,284355469,101.679,0.703,102.304,5,1
1784729240,351035889,100.199,0.892,100.991,5,1
1784729240,417716309,97.919,1.166,98.987,5,1
1784729240,484396973,100.427,1.214,101.555,5,1
1784729240,551077637,100.584,1.161,101.655,5,1
1784729240,584418213,120.604,0.937,121.455,5,1
1784729240,617758789,138.596,0.869,139.383,5,1
1784729240,684439697,129.391,0.959,130.263,5,1
1784729240,751161377,111.658,1.953,113.528,5,1
1784729240,784541992,141.873,1.035,142.82,5,1
1784729240,851303467,123.931,0.939,124.79,5,1
1784729240,884684326,149.79,0.901,150.606,5,1
1784729240,951446045,141.912,0.879,142.708,5,1
1784729241,18207520,127.267,4.92,132.067,5,1
1784729241,118350342,98.346,0.892,99.146,5,1
1784729241,185112061,99.087,0.904,99.892,5,1
1784729241,251874023,98.977,0.925,99.805,5,1
1784729241,318635986,102.196,0.664,102.784,5,1
1784729241,385398193,98.325,0.963,99.205,5,1
1784729241,452160400,100.565,0.861,101.351,5,1
1784729241,518922607,99.574,0.725,100.218,5,1
1784729241,585684814,103.284,0.833,104.033,5,1
1784729241,619066162,114.021,0.758,114.704,5,1
1784729241,685828613,102.327,0.744,102.996,5,1
1784729241,752625488,99.413,0.916,100.237,5,1
1784729241,819459229,97.614,2.518,100.014,5,1
1784729241,886295410,108.394,0.893,109.2,5,1
1784729241,919714111,128.665,1.744,130.311,5,1
1784729241,986553223,111.658,0.787,112.365,5,1
1784729242,19973633,139.923,12.649,152.453,5,1
1784729242,86815918,145.861,1.173,146.883,5,1
1784729242,120237793,181.234,0.789,181.943,5,1
1784729242,220506592,144.222,1.048,145.188,5,1
1784729242,287354980,121.711,0.831,122.453,5,1
1784729242,354205566,105.833,0.658,106.416,5,1
1784729242,421058350,106.82,0.843,107.579,5,1
1784729242,454485352,116.839,0.853,117.602,5,1
1784729242,521341309,105.793,0.819,106.526,5,1
1784729242,554770020,113.423,0.686,114.034,5,1
1784729242,621628906,101.031,0.727,101.679,5,1
1784729242,688489990,102.154,0.963,103.038,5,1
1784729242,721919678,123.268,0.837,124.018,5,1
1784729242,755285889,143.464,0.95,144.278,5,1
1784729242,822029297,124.45,0.886,125.254,5,1
1784729242,855404297,146.359,0.728,147.009,5,1
1784729242,922154297,131.242,0.791,131.885,5,1
1784729242,988904297,123.269,0.705,123.897,5,1
1784729243,55653809,114.975,20.761,135.592,5,1
1784729243,89028809,138.958,1.421,140.28,5,1
1784729243,155778076,111.356,0.727,112.007,5,1
1784729243,222527588,109.875,0.99,110.74,5,1
1784729243,289276611,105.523,3.237,108.046,5,1
1784729243,322651367,136.761,0.842,137.478,5,1
1784729243,356025879,151.985,0.784,152.686,5,1
1784729243,422774658,134.282,0.721,134.91,5,1
1784729243,489523438,114.469,1.157,115.531,5,1
1784729243,522897705,130.895,0.787,131.598,5,1
1784729243,589646240,112.02,1.816,113.735,5,1
1784729243,656394531,101.573,0.751,102.249,5,1
1784729243,723142822,97.604,0.68,98.208,5,1
1784729243,789868408,96.51,0.77,97.197,5,1
1784729243,856445557,103.772,0.809,104.499,5,1
1784729243,889733154,127.323,0.784,128.025,5,1
1784729243,956306641,105.242,1.264,106.263,5,1
1784729243,989592529,119.569,1.065,120.549,5,1
1784729244,56162354,109.838,0.749,110.51,5,1
1784729244,122729492,106.039,5.971,111.88,5,1
1784729244,156012451,115.885,1.14,116.932,5,1
1784729244,222576172,108.169,0.946,109.018,5,1
1784729244,255856934,110.363,0.663,110.953,5,1
1784729244,322417236,97.568,0.858,98.345,5,1
1784729244,388974854,100.436,0.682,101.044,5,1
1784729244,455530029,98.195,0.745,98.858,5,1
1784729244,522082764,95.693,1.003,96.614,5,1
1784729244,588633057,101.535,0.891,102.348,5,1
1784729244,621907471,113.267,0.775,113.967,5,1
1784729244,688454102,106.08,1.324,107.243,5,1
1784729244,721726563,117.364,0.743,118.033,5,1
1784729244,788407715,105.247,0.756,105.914,5,1
1784729244,855227539,108.801,1.59,110.142,5,1
1784729244,888637939,116.85,0.793,117.568,5,1
1784729244,955460449,104.936,0.878,105.735,5,1
1784729245,22284912,100.565,0.816,101.302,5,1
1784729245,55697754,120.946,1.459,122.277,5,1
1784729245,89111084,126.41,0.808,127.124,5,1
1784729245,155938965,110.238,7.624,117.747,5,1
1784729245,222768799,110.238,0.749,110.909,5,1
1784729245,289600342,108.012,0.942,108.871,5,1
1784729245,323016846,119.741,1.098,120.746,5,1
1784729245,389851074,100.077,0.667,100.67,5,1
1784729245,456687012,99.05,0.76,99.735,5,1
1784729245,523524902,99.774,0.754,100.454,5,1
1784729245,590364746,97.659,0.856,98.435,5,1
1784729245,657206299,96.452,1.041,97.41,5,1
1784729245,724049561,100.099,0.669,100.694,5,1
1784729245,790801025,102.943,0.843,103.7,5,1
1784729245,824131836,128.432,1.061,129.393,5,1
1784729245,890792725,105.414,0.742,106.079,5,1
1784729245,957453613,107.019,0.773,107.709,5,1
1784729245,990783936,120.242,0.959,121.122,5,1
1784729246,24114258,140.748,0.695,141.365,5,1
1784729246,90774658,127.542,5.334,132.79,5,1
1784729246,157435059,107.717,16.171,123.758,5,1
1784729246,190765137,129.121,0.851,129.89,5,1
1784729246,257425049,105.019,0.81,105.746,5,1
1784729246,324084961,110.497,0.731,111.155,5,1
1784729246,390744629,96.484,1.124,97.518,5,1
1784729246,457404053,101.774,1.073,102.765,5,1
1784729246,490733643,111.224,0.666,111.815,5,1
1784729246,557392822,103.805,0.652,104.384,5,1
1784729246,624051758,105.966,1.018,106.897,5,1
1784729246,657381104,119.374,0.851,120.141,5,1
1784729246,690710449,141.812,1.019,142.742,5,1
1784729246,757369873,118.392,0.89,119.166,5,1
1784729246,824140381,112.407,0.963,113.28,5,1
1784729246,857525635,122.358,0.906,123.181,5,1
1784729246,890910889,140.858,0.816,141.588,5,1
1784729246,957681641,128.562,1.341,129.8,5,1
1784729247,24452637,111.455,1.25,112.62,5,1
1784729247,57837891,137.782,0.865,138.403,5,1
1784729247,124608887,123.0,1.298,124.192,6,1
1784729247,157994629,145.301,23.667,168.831,5,1
1784729247,224765625,150.309,1.12,151.34,5,1
1784729247,291536865,136.636,0.975,137.525,5,1
1784729247,358308350,114.971,2.254,117.129,5,1
1784729247,391694092,136.214,0.981,137.115,5,1
1784729247,458465576,109.304,0.671,109.901,5,1
1784729247,558623047,99.426,0.679,100.03,5,1
1784729247,625394775,95.541,0.79,96.246,5,1
1784729247,692166748,100.984,0.7,101.608,5,1
1784729247,758938232,103.959,0.677,104.558,5,1
1784729247,825511230,108.053,0.754,108.73,5,1
1784729247,858796875,127.895,1.04,128.845,5,1
1784729247,925366211,105.06,0.719,105.703,5,1
1784729247,991933105,103.149,0.678,103.752,5,1
1784729248,58497314,99.094,0.682,99.69,5,1
1784729248,125059082,99.214,0.701,99.84,5,1
1784729248,158339111,119.732,0.885,120.529,5,1
1784729248,191618408,134.925,9.054,143.845,5,1
1784729248,258175293,111.977,1.073,112.967,5,1
1784729248,324729492,119.835,3.139,122.887,5,1
1784729248,358005615,146.571,1.02,147.506,5,1
1784729248,424556152,127.011,1.026,127.95,5,1
1784729248,457830566,140.804,1.09,141.806,5,1
1784729248,524377197,119.533,0.779,120.233,5,1
1784729248,557649658,142.72,0.961,143.587,5,1
1784729248,624192627,131.501,2.402,133.818,5,1
1784729248,690733154,115.072,0.863,115.827,5,1
1784729248,724002441,133.52,0.952,134.354,5,1
1784729248,790609375,120.22,1.09,121.219,5,1
1784729248,823945801,142.577,0.772,143.231,5,1
1784729248,923955078,103.921,0.664,104.511,5,1
1784729248,990627930,100.741,0.774,101.441,5,1
1784729249,57301025,104.386,0.975,105.278,5,1
1784729249,90637451,122.3,1.037,123.254,5,1
1784729249,123974121,137.509,0.801,138.224,5,1
1784729249,190647461,117.441,1.43,118.723,5,1
1784729249,223984131,134.803,13.76,148.331,5,1
1784729249,290657715,113.078,1.224,114.215,5,1
1784729249,323994385,140.607,0.72,141.235,5,1
1784729249,390667969,117.649,0.968,118.528,5,1
1784729249,424004883,130.644,0.78,131.341,5,1
1784729249,524015869,102.321,0.669,102.917,5,1
1784729249,590689697,100.261,0.818,100.998,5,1
1784729249,657364014,103.276,1.026,104.216,5,1
1784729249,690701172,112.712,1.003,113.62,5,1
1784729249,757375732,102.66,0.789,103.372,5,1
1784729249,823973389,113.078,0.995,113.961,5,1
1784729249,857271484,136.387,5.109,141.394,5,1
1784729249,923865967,109.498,0.72,110.142,5,1
1784729249,990458496,107.502,0.677,108.105,5,1
1784729250,57049072,101.219,0.72,101.861,5,1
1784729250,123637451,104.433,1.805,106.161,5,1
1784729250,156930908,112.88,0.714,113.498,5,1
1784729250,223516357,105.936,0.677,106.539,5,1
1784729250,290099854,104.252,13.895,118.004,5,1
1784729250,323390625,114.991,0.719,115.636,5,1
1784729250,389970947,101.96,0.713,102.598,5,1
1784729250,456549316,104.822,0.67,105.419,5,1
1784729250,523125488,100.971,1.032,101.923,5,1
1784729250,589699707,103.579,0.711,104.213,5,1
1784729250,656271973,106.06,0.678,106.664,5,1
1784729250,722842041,105.743,0.904,106.565,5,1
1784729250,756127930,119.25,1.098,120.256,5,1
1784729250,789467041,130.76,1.35,131.986,5,1
1784729250,889484619,112.333,0.938,113.178,6,1
1784729250,922823975,133.309,1.244,134.458,5,1
1784729250,956163330,142.643,1.488,144.049,5,1
1784729250,989502686,168.61,3.993,172.513,5,1
1784729251,89520752,114.881,0.901,115.674,5,1
1784729251,122860352,142.555,0.859,143.325,5,1
1784729251,189539307,114.419,0.709,115.05,5,1
1784729251,222878906,148.386,0.761,149.066,5,1
1784729251,289558105,129.43,4.681,133.976,5,1
1784729251,356237305,124.16,0.798,124.845,5,1
1784729251,422916748,107.29,0.755,107.969,5,1
1784729251,489596191,104.054,0.743,104.666,5,1
1784729251,556275879,101.824,1.863,103.6,5,1
1784729251,622955566,102.861,0.729,103.511,5,1
1784729251,689635254,100.865,0.862,101.645,5,1
1784729251,756315430,105.046,0.672,105.63,5,1
1784729251,823045166,107.419,0.993,108.323,5,1
1784729251,856427979,121.332,1.329,122.536,5,1
1784729251,889810547,137.227,1.069,138.22,5,1
1784729251,956576172,114.122,1.017,115.056,5,1
1784729252,23342041,109.055,0.784,109.72,5,1
1784729252,90107910,107.091,0.881,107.805,5,1
1784729252,156874023,108.883,1.124,109.913,5,1
1784729252,190256836,123.663,1.142,124.713,5,1
1784729252,223640137,153.157,1.074,154.091,5,1
1784729252,290406250,131.687,11.17,142.726,5,1
1784729252,323789551,148.445,8.464,156.813,5,1
1784729252,390555908,124.564,1.296,125.744,5,1
1784729252,457322510,110.682,0.673,111.28,5,1
1784729252,524089111,104.033,0.692,104.65,5,1
1784729252,590855957,101.951,0.743,102.613,5,1
1784729252,657622803,100.777,1.337,102.027,5,1
1784729252,724389893,108.078,0.727,108.728,5,1
1784729252,791156006,108.408,0.982,109.265,5,1
1784729252,824572021,134.15,1.051,135.099,5,1
1784729252,891405518,113.047,0.994,113.962,5,1
1784729252,924822998,121.205,0.965,122.08,5,1
1784729252,991659424,106.711,0.671,107.308,5,1
1784729253,58498047,98.997,0.822,99.735,5,1
1784729253,125338623,103.335,0.769,104.026,5,1
1784729253,192181152,101.058,0.747,101.724,5,1
1784729253,259025879,102.413,0.788,103.121,5,1
1784729253,292448975,127.463,0.959,128.336,5,1
1784729253,325872803,143.43,18.572,161.836,5,1
1784729253,359296875,157.207,1.755,158.63,5,1
1784729253,392721436,166.32,0.967,167.205,5,1
1784729253,459572266,139.447,0.675,140.043,5,1
1784729253,526425293,132.95,1.15,133.826,5,1
1784729253,593280273,122.095,0.942,122.951,5,1
1784729253,660137207,103.512,0.666,104.106,5,1
1784729253,726996338,100.461,0.722,101.105,5,1
1784729253,793855713,98.476,0.86,99.243,5,1
1784729253,860530273,102.224,0.8,102.905,5,1
1784729253,927205078,107.181,1.014,108.093,5,1
1784729253,960542480,118.53,1.222,119.633,5,1
1784729254,27217285,103.915,0.891,104.731,5,1
1784729254,93892090,101.345,0.717,101.984,5,1
1784729254,160567139,103.23,0.745,103.901,5,1
1784729254,227241943,104.215,1.035,105.167,5,1
1784729254,260579346,119.208,7.034,126.129,5,1
1784729254,293916748,137.237,0.845,137.993,5,1
1784729254,360591797,120.328,5.628,125.829,5,1
1784729254,393929199,138.19,1.147,139.2,5,1
1784729254,460604004,130.441,0.811,131.171,5,1
1784729254,527279053,104.987,0.744,105.655,5,1
1784729254,593954102,103.489,0.829,104.244,5,1
1784729254,660628906,100.026,0.974,100.895,5,1
1784729254,727303955,102.234,0.683,102.843,5,1
1784729254,793979492,102.656,0.692,103.272,5,1
1784729254,860589355,110.678,0.912,111.508,5,1
1784729254,893893799,134.285,1.068,135.256,5,1
1784729254,960500732,108.802,0.89,109.565,5,1
1784729255,27105957,102.819,0.792,103.529,5,1
1784729255,93709473,100.857,0.802,101.562,5,1
1784729255,160311035,99.096,0.847,99.86,5,1
1784729255,226910645,99.505,0.887,100.309,5,1
1784729255,293508301,107.213,0.85,107.985,5,1
1784729255,326806396,121.703,0.923,122.537,5,1
1784729255,393401367,104.24,4.33,108.465,5,1
1784729255,459994385,100.815,0.922,101.654,5,1
1784729255,526585693,100.884,1.057,101.855,5,1
1784729255,593174805,103.914,0.726,104.564,5,1
1784729255,659762451,101.284,1.642,102.846,5,1
1784729255,726347900,103.774,0.679,104.379,5,1
1784729255,792932861,102.775,0.734,103.427,5,1
1784729255,859694824,109.149,0.744,109.813,5,1
1784729255,893075684,132.327,1.241,133.459,5,1
1784729255,926456543,147.099,0.78,147.792,5,1
1784729255,993218506,129.133,0.833,129.88,5,1
1784729256,26599609,148.193,0.855,148.967,5,1
1784729256,93361816,129.718,0.994,130.634,5,1
1784729256,160123779,112.179,0.674,112.778,5,1
1784729256,226885986,104.079,0.669,104.673,5,1
1784729256,293648438,104.59,0.671,105.186,5,1
1784729256,360410645,100.783,0.911,101.596,5,1
1784729256,393791992,123.227,14.143,137.219,5,1
1784729256,427173096,141.16,0.832,141.906,5,1
1784729256,493935791,123.519,1.004,124.443,5,1
1784729256,527316895,143.529,0.841,144.281,5,1
1784729256,594079590,116.034,0.874,116.777,5,1
1784729256,660842285,103.895,0.848,104.663,5,1
1784729256,727604980,106.166,0.774,106.859,5,1
1784729256,760986572,118.243,0.711,118.877,5,1
1784729256,827680664,110.813,5.507,116.211,5,1
1784729256,861100830,139.974,1.007,140.885,5,1
1784729256,927943115,110.213,0.887,111.023,5,1
1784729256,994787598,103.647,0.729,104.301,5,1
1784729257,61634277,109.88,1.077,110.873,5,1
1784729257,95058350,144.727,1.94,146.543,5,1
1784729257,161908203,136.488,0.935,137.34,5,1
1784729257,195333984,157.596,1.019,158.534,5,1
1784729257,262187012,138.382,0.943,139.235,5,1
1784729257,295614258,145.201,0.766,145.892,5,1
1784729257,395899658,100.092,1.196,101.192,5,1
1784729257,429329102,130.769,5.748,136.387,5,1
1784729257,496189941,111.131,1.338,112.388,5,1
1784729257,529621094,121.979,1.04,122.912,5,1
1784729257,596484863,104.377,0.699,105.0,5,1
1784729257,663351074,98.632,1.213,99.737,5,1
1784729257,730219238,104.403,0.655,104.984,5,1
1784729257,797089600,98.979,1.01,99.905,5,1
1784729257,863909180,109.212,0.684,109.82,5,1
1784729257,897246826,135.037,1.008,135.957,5,1
1784729257,963922119,107.338,0.976,108.229,5,1
1784729258,30597412,104.465,0.788,105.18,5,1
1784729258,97272705,101.24,0.721,101.883,5,1
1784729258,163947998,98.039,0.882,98.836,5,1
1784729258,230623535,100.168,0.723,100.813,5,1
1784729258,330636719,105.908,0.681,106.514,5,1
1784729258,397312012,106.98,0.886,107.789,5,1
1784729258,463987549,104.849,10.437,115.163,5,1
1784729258,530663330,102.055,0.777,102.75,5,1
1784729258,597338867,99.888,0.816,100.623,5,1
1784729258,664014404,100.253,0.737,100.911,5,1
1784729258,730690186,101.023,0.867,101.812,5,1
1784729258,797365967,101.907,0.782,102.612,5,1
1784729258,864046631,104.537,0.656,105.121,5,1
1784729258,930739746,98.294,0.957,99.162,5,1
1784729258,997433350,100.165,0.727,100.814,5,1
1784729259,64127441,98.409,6.712,105.002,5,1
1784729259,130821777,101.523,0.787,102.234,5,1
1784729259,197516357,102.141,0.66,102.726,5,1
1784729259,264211426,105.266,0.735,105.9,5,1
1784729259,330906982,102.263,0.682,102.87,5,1
1784729259,397602783,105.164,0.66,105.747,5,1
1784729259,464299072,104.079,0.719,104.721,5,1
1784729259,497647217,119.862,6.249,125.989,5,1
1784729259,564343994,109.137,1.179,110.225,5,1
1784729259,597692627,121.689,1.903,123.494,5,1
1784729259,631041260,128.338,0.809,129.071,5,1
1784729259,764436523,98.394,0.876,99.188,5,1
1784729259,831151367,107.057,0.956,107.929,5,1
1784729259,864462158,127.137,1.587,128.631,5,1
1784729259,897772705,139.184,1.005,140.097,5,1
1784729259,964392334,116.995,1.407,118.312,5,1
1784729259,997701660,136.06,0.913,136.885,5,1
1784729260,64318848,109.776,0.778,110.478,5,1
1784729260,130934570,106.456,0.796,107.144,5,1
1784729260,197548340,102.074,0.84,102.84,5,1
1784729260,264160645,101.925,0.858,102.704,5,1
1784729260,330771240,98.615,1.062,99.54,5,1
1784729260,397380371,101.677,0.826,102.425,5,1
1784729260,463987793,100.215,0.976,101.104,5,1
1784729260,530593506,102.526,4.92,107.338,5,1
1784729260,563895752,120.789,0.832,121.533,5,1
1784729260,630499023,105.669,0.67,106.265,5,1
1784729260,697100586,101.683,0.741,102.343,5,1
1784729260,763700439,107.076,0.963,107.839,5,1
1784729260,796999756,126.581,1.365,127.599,5,1
1784729260,830298828,146.707,1.178,147.799,5,1
1784729260,897164795,126.432,1.084,127.429,5,1
1784729260,964033691,114.435,1.134,115.484,5,1
1784729260,997468994,134.346,0.964,135.225,5,1
1784729261,30905029,154.369,1.056,155.333,5,1
1784729261,97779297,138.423,1.532,139.876,5,1
1784729261,164656006,118.823,1.029,119.744,5,1
1784729261,198095459,133.679,1.326,134.917,5,1
1784729261,264976318,111.895,0.796,112.611,5,1
1784729261,298417725,129.412,6.114,135.432,5,1
1784729261,365302490,110.557,1.044,111.515,5,1
1784729261,398745850,119.032,1.367,120.299,5,1
1784729261,465634766,99.994,0.89,100.772,5,1
1784729261,532526123,100.173,0.835,100.928,5,1
1784729261,599420166,98.991,13.469,112.322,5,1
1784729261,632868408,115.37,1.982,117.221,5,1
1784729261,699766602,102.446,0.705,103.078,5,1
1784729261,766667236,103.354,0.685,103.965,5,1
1784729261,833568604,99.044,0.858,99.817,5,1
1784729261,900188232,109.194,0.668,109.787,5,1
1784729261,966806152,99.443,0.944,100.307,5,1
1784729262,33422363,104.443,0.761,105.122,5,1
1784729262,100036865,104.276,0.9,105.091,5,1
1784729262,133343506,123.905,1.343,125.14,5,1
1784729262,166649658,144.004,1.223,145.107,5,1
1784729262,233260742,134.781,0.841,135.545,5,1
1784729262,299870361,115.051,0.778,115.747,5,1
1784729262,333174316,135.916,0.874,136.627,5,1
1784729262,399781250,109.352,0.858,110.134,5,1
1784729262,499688477,101.125,0.763,101.809,5,1
1784729262,566291260,99.442,1.121,100.48,5,1
1784729262,632892334,100.752,8.354,108.986,5,1
1784729262,666192139,132.647,1.33,133.877,5,1
1784729262,732790771,112.598,0.804,113.283,5,1
1784729262,766089355,132.972,1.126,134.0,5,1
1784729262,832686768,132.598,1.528,134.005,5,1
1784729262,899406006,110.593,1.946,112.455,5,1
1784729262,932765869,129.948,1.173,131.027,5,1
1784729262,966125977,140.712,1.236,141.853,5,1
1784729263,32847168,122.92,0.834,123.672,5,1
1784729263,66208008,139.519,1.038,140.461,5,1
1784729263,132930664,110.904,0.809,111.638,5,1
1784729263,199654053,103.977,0.73,104.633,5,1
1784729263,266378418,117.326,1.372,118.595,5,1
1784729263,299740967,151.217,1.299,152.426,5,1
1784729263,366466797,132.03,1.046,132.896,5,1
1784729263,433193604,109.979,0.815,110.72,6,1
1784729263,499921387,99.714,1.627,101.255,5,1
1784729263,566649902,100.902,0.996,101.788,5,1
1784729263,633379639,104.424,11.18,115.415,5,1
1784729263,666744629,125.22,1.054,126.187,5,1
1784729263,766841553,100.341,1.09,101.334,5,1
1784729263,833573730,108.132,1.17,109.213,5,1
1784729263,866893066,117.719,1.046,118.537,5,1
1784729263,933531006,107.516,1.12,108.559,5,1
1784729264,167236,103.487,0.669,104.081,5,1
1784729264,66802246,101.239,0.82,101.979,6,1
1784729264,133436035,101.308,0.743,101.971,5,1
1784729264,200068359,101.367,0.721,102.003,5,1
1784729264,266699219,101.902,0.71,102.531,5,1
1784729264,366643066,99.467,0.859,100.243,5,1
1784729264,466583984,100.222,0.875,100.99,5,1
1784729264,533209473,100.764,1.138,101.817,5,1
1784729264,599833740,101.951,0.746,102.616,5,1
1784729264,666456543,101.349,6.881,108.089,5,1
1784729264,733077881,102.594,0.798,103.311,5,1
1784729264,799697998,104.603,0.741,105.266,5,1
1784729264,866405029,111.511,0.697,112.13,5,1
1784729264,933198242,104.222,0.685,104.832,5,1
1784729264,999992188,102.955,0.699,103.578,5,1
1784729265,66786865,102.757,2.26,103.389,5,1
1784729265,133581787,102.009,0.738,102.667,5,1
1784729265,200377686,99.924,0.926,100.767,5,1
1784729265,267174072,99.934,1.063,100.908,5,1
1784729265,333971191,99.557,0.845,100.321,5,1
1784729265,400768799,101.095,0.893,101.875,5,1
1784729265,467566895,99.621,0.983,100.523,5,1
1784729265,534365967,100.361,1.119,101.396,5,1
1784729265,601165283,101.614,0.731,102.253,5,1
1784729265,667965576,101.988,0.921,102.77,5,1
1784729265,701365723,122.134,8.118,130.132,5,1
1784729265,768166992,115.381,0.716,116.015,5,1
1784729265,801567627,144.325,1.996,146.231,5,1
1784729265,868358154,119.539,0.821,120.268,5,1
1784729265,901748779,132.415,0.826,133.152,5,1
1784729265,968530273,141.471,0.885,142.275,5,1
1784729266,35312256,120.455,0.976,121.31,5,1
1784729266,68703613,141.963,0.879,142.756,5,1
1784729266,135486084,114.758,0.881,115.56,5,1
1784729266,202269287,108.428,0.681,109.033,5,1
1784729266,269052734,100.545,0.752,101.214,5,1
1784729266,335836670,98.709,0.887,99.512,5,1
1784729266,402620850,100.224,0.737,100.88,5,1
1784729266,469405518,97.836,0.918,98.67,5,1
1784729266,536190674,99.41,2.501,101.738,5,1
1784729266,602976074,101.563,0.734,102.223,5,1
1784729266,669761963,100.525,0.764,101.21,5,1
1784729266,736548340,101.76,15.037,116.659,5,1
1784729266,769941650,136.216,1.15,137.275,5,1
1784729266,836727539,130.903,0.847,131.662,5,1
1784729266,903469238,110.634,5.128,115.638,5,1
1784729266,936852783,121.017,0.926,121.755,5,1
1784729267,3620117,107.513,1.024,108.456,5,1
1784729267,70387695,107.637,2.231,108.901,5,1
1784729267,103771484,115.906,0.856,116.683,5,1
1784729267,170539307,110.845,0.799,111.563,5,1
1784729267,203923096,138.19,0.789,138.905,5,1
1784729267,270691162,117.393,4.665,120.579,5,1
1784729267,304075195,133.583,1.181,134.632,5,1
1784729267,370843262,107.598,0.714,108.237,5,1
1784729267,437611816,102.06,0.674,102.659,5,1
1784729267,504380127,96.407,0.932,97.21,5,1
1784729267,571148682,96.599,0.806,97.321,5,1
1784729267,637917480,97.098,0.819,97.834,6,1
1784729267,704686523,95.983,0.793,96.693,5,1
1784729267,771455566,97.25,22.348,119.224,5,1
1784729267,804840088,122.837,3.011,125.416,5,1
1784729267,838224609,134.1,0.827,134.837,5,1
1784729267,871608643,151.333,1.171,152.281,5,1
1784729267,938288086,129.148,0.827,129.891,5,1
1784729267,971627686,140.917,1.02,141.838,5,1
1784729268,38307373,123.972,0.752,124.645,5,1
1784729268,104987061,116.603,1.128,117.613,5,1
1784729268,138326904,133.87,0.808,134.599,5,1
1784729268,205006592,110.0,0.749,110.634,5,1
1784729268,271686768,103.498,4.596,108.003,5,1
1784729268,338366699,110.506,3.914,114.296,5,1
1784729268,405047119,102.986,0.7,103.612,5,1
1784729268,471727539,96.785,0.807,97.51,5,1
1784729268,538407959,97.425,0.867,98.208,5,1
1784729268,605088623,97.93,0.9,98.741,5,1
1784729268,671769287,99.607,0.739,100.249,5,1
1784729268,738450195,98.774,0.981,99.671,5,1
1784729268,805131348,105.886,13.872,119.607,5,1
1784729268,838471924,136.817,0.74,137.484,5,1
1784729268,938506592,98.947,0.944,99.808,5,1
1784729269,5200684,97.702,0.769,98.385,5,1
1784729269,71895020,103.493,0.675,104.093,5,1
1784729269,138589844,99.181,0.986,100.063,5,1
1784729269,205285156,99.003,1.006,99.925,5,1
1784729269,271980469,101.101,2.875,103.897,5,1
1784729269,338676514,103.264,0.786,103.919,5,1
1784729269,405372803,100.672,4.821,101.659,5,1
1784729269,472069336,101.933,0.709,102.564,5,1
1784729269,538766602,97.714,0.814,98.443,5,1
1784729269,605463867,97.737,0.864,98.516,5,1
1784729269,672161621,96.984,0.895,97.798,5,1
1784729269,738859863,99.767,0.827,100.492,5,1
1784729269,805558350,100.672,0.663,101.261,5,1
1784729269,872257568,107.106,15.77,122.721,5,1
1784729269,905569824,130.856,0.826,131.594,5,1
1784729270,5503906,98.307,0.897,99.12,6,1
1784729270,72124756,99.159,0.964,100.04,5,1
1784729270,138743896,99.237,0.934,100.085,5,1
1784729270,205361572,98.645,0.884,99.446,5,1
1784729270,271977295,98.678,0.873,99.461,5,1
1784729270,338591797,99.631,1.076,100.624,5,1
1784729270,405204346,101.561,0.86,102.346,5,1
1784729270,471815430,98.989,0.896,99.803,5,1
1784729270,538425049,98.55,0.912,99.293,5,1
1784729270,605032715,98.936,0.857,99.709,5,1
1784729270,671639160,98.953,0.95,99.82,5,1
1784729270,738243652,100.129,2.498,102.517,5,1
1784729270,804846680,100.914,0.926,101.753,5,1
1784729270,871449463,109.262,8.852,117.954,5,1
1784729270,904840820,142.876,0.736,143.534,5,1
1784729271,5015869,108.746,0.789,109.422,5,1
1784729271,38407959,124.311,0.769,124.994,5,1
1784729271,105192139,107.588,0.794,108.295,5,1
1784729271,138584473,132.346,1.064,133.248,5,1
1784729271,205369385,115.192,1.107,116.179,5,1
1784729271,238761963,130.012,1.084,131.008,5,1
1784729271,305547363,122.381,0.722,123.027,5,1
1784729271,338940430,142.817,1.045,143.777,5,1
1784729271,405726563,131.396,8.794,140.078,5,1
1784729271,472513428,113.325,0.989,114.21,5,1
1784729271,505906738,134.929,0.754,135.602,5,1
1784729271,572694092,114.923,1.14,115.893,5,1
1784729271,606088135,130.694,0.946,131.551,5,1
1784729271,672875977,105.245,0.783,105.952,5,1
1784729271,739664551,109.976,0.667,110.568,5,1
1784729271,839848145,103.573,0.755,104.249,5,1
1784729271,906588867,100.07,4.831,104.721,5,1
1784729271,973282715,105.068,1.142,106.116,5,1
1784729272,6629883,133.018,1.461,134.388,5,1
1784729272,73324463,137.927,5.983,143.827,5,1
1784729272,140019531,131.357,1.773,132.991,5,1
1784729272,206714844,123.118,1.205,124.212,5,1
1784729272,240062744,140.478,1.169,141.563,5,1
1784729272,306758545,131.262,1.526,132.671,5,1
1784729272,373454834,105.553,0.811,106.285,5,1
1784729272,440151367,100.566,0.82,101.286,5,1
1784729272,506848389,98.018,0.808,98.744,5,1
1784729272,573545898,98.991,0.88,99.78,5,1
1784729272,640243652,99.905,0.956,100.779,5,1
1784729272,706941650,98.79,0.89,99.6,5,1
1784729272,773640137,102.071,0.702,102.696,5,1
1784729272,806989502,119.446,1.266,120.627,5,1
1784729272,873688721,122.795,0.781,123.499,5,1
1784729272,940470947,112.728,14.189,126.776,5,1
1784729273,40794434,108.407,0.752,109.083,5,1
1784729273,74237061,133.335,1.139,134.384,5,1
1784729273,141124268,119.117,1.123,120.153,5,1
1784729273,174569092,140.071,0.894,140.853,5,1
1784729273,241460693,119.619,0.854,120.384,5,1
1784729273,274907715,167.234,1.263,168.397,5,1
1784729273,375252930,119.678,1.75,121.324,5,1
1784729273,408702637,130.553,0.839,131.31,5,1
1784729273,509056641,97.708,0.994,98.505,5,1
1784729273,575962646,95.463,0.883,96.259,5,1
1784729273,642871826,97.193,7.205,104.287,5,1
1784729273,709783691,94.928,0.8,95.644,5,1
1784729273,776698730,98.263,0.863,99.043,5,1
1784729273,843616455,99.821,0.748,100.487,5,1
1784729273,877076416,132.941,0.804,133.659,5,1
1784729273,943872559,113.44,5.855,119.172,5,1
1784729273,977184326,137.964,1.165,139.042,5,1
1784729274,43806152,125.354,0.718,125.994,5,1
1784729274,110426758,112.034,0.874,112.824,5,1
1784729274,143736328,129.766,1.27,130.948,5,1
1784729274,210354248,105.51,0.76,106.195,5,1
1784729274,276970459,98.341,0.996,99.239,5,1
1784729274,343585205,97.428,0.958,98.296,5,1
1784729274,410198242,96.319,0.815,97.044,5,1
1784729274,476809814,98.834,0.741,99.496,5,1
1784729274,543419678,96.096,1.022,97.037,5,1
1784729274,610028076,98.901,0.739,99.56,5,1
1784729274,676634521,96.374,3.692,99.947,5,1
1784729274,743239502,97.6,0.849,98.365,5,1
1784729274,809843018,97.385,0.993,98.291,5,1
1784729274,876444824,101.186,0.735,101.797,5,1
1784729274,909743652,128.822,1.05,129.77,5,1
1784729274,976366699,117.502,17.764,135.127,5,1
1784729275,9677490,125.898,0.861,126.673,5,1
1784729275,42988037,142.656,0.901,143.468,5,1
1784729275,109607666,134.298,0.964,135.183,5,1
1784729275,176225586,127.345,1.002,128.245,5,1
1784729275,242842041,108.249,0.863,109.022,5,1
1784729275,276149658,129.679,0.837,130.433,5,1
1784729275,342763672,109.293,2.395,111.597,5,1
1784729275,376070068,122.363,0.825,123.101,5,1
1784729275,409376221,136.856,2.463,139.167,5,1
1784729275,475986816,107.273,0.911,108.108,5,1
1784729275,542595947,101.486,0.971,102.38,5,1
1784729275,609203613,100.955,0.892,101.705,5,1
1784729275,675809570,98.431,0.838,99.187,5,1
1784729275,742413818,99.495,1.218,100.617,5,1
1784729275,809016357,104.813,0.96,105.614,5,1
1784729275,908917236,113.549,0.943,114.186,5,1
1784729275,942369873,133.601,1.067,134.526,5,1
1784729276,9276611,122.235,5.303,127.387,5,1
1784729276,42730713,143.897,1.987,145.706,5,1
1784729276,109640381,120.646,0.869,121.435,5,1
1784729276,143096191,144.171,1.01,145.093,5,1
1784729276,210008789,129.934,1.247,130.978,5,1
1784729276,276923340,105.421,1.006,106.281,5,1
1784729276,343840088,106.021,0.673,106.619,5,1
1784729276,410758789,104.481,0.687,105.092,5,1
1784729276,477679443,96.999,0.792,97.708,5,1
1784729276,544602051,96.3,0.813,97.029,5,1
1784729276,611526611,96.322,0.884,97.126,5,1
1784729276,678453369,96.707,0.878,97.505,5,1
1784729276,745381836,98.847,0.796,99.563,5,1
1784729276,812312500,109.371,0.865,110.149,5,1
1784729276,879245117,105.355,0.809,106.085,5,1
1784729276,946050781,96.957,1.649,98.519,5,1
1784729277,12733643,95.033,1.018,95.966,5,1
1784729277,79416748,100.509,9.871,110.253,5,1
1784729277,112758301,133.756,0.819,134.446,5,1
1784729277,179441650,143.593,1.761,145.241,5,1
1784729277,246125244,114.999,0.769,115.692,5,1
1784729277,312808838,119.405,0.787,120.111,5,1
1784729277,346150879,134.639,0.796,135.355,5,1
1784729277,412834717,110.542,0.723,111.19,5,1
1784729277,479519043,102.72,0.866,103.465,5,1
1784729277,546203369,98.976,0.883,99.777,5,1
1784729277,612887939,97.332,0.987,98.18,5,1
1784729277,679572510,103.249,0.828,104.001,5,1
1784729277,746257568,105.047,1.04,105.951,5,1
1784729277,812942627,102.281,0.836,102.986,5,1
1784729277,846285156,121.228,3.716,124.84,5,1
1784729277,879627930,140.402,1.134,141.455,5,1
1784729277,946276123,118.819,1.374,120.025,5,1
1784729277,979580811,129.293,0.813,130.022,5,1
1784729278,79491943,96.559,1.008,97.484,5,1
1784729278,146097168,96.355,5.735,101.905,5,1
1784729278,179398926,128.4,1.031,129.343,5,1
1784729278,246001221,106.263,1.0,107.184,5,1
1784729278,279301758,139.248,1.055,140.128,5,1
1784729278,345901123,127.783,1.12,128.794,5,1
1784729278,379200195,139.681,0.874,140.471,5,1
1784729278,445796875,120.656,1.253,121.794,5,1
1784729278,479094727,138.059,0.86,138.831,5,1
1784729278,545688477,116.51,3.578,119.792,5,1
1784729278,578984863,129.059,0.807,129.783,5,1
1784729278,678870850,103.144,0.682,103.752,5,1
1784729278,745459229,104.283,1.13,105.329,5,1
1784729278,812045654,105.15,10.478,115.164,5,1
1784729278,878630127,103.125,1.067,104.063,5,1
1784729278,945228516,101.456,0.872,102.249,5,1
1784729279,11837646,99.126,2.075,101.115,5,1
1784729279,78445068,100.255,0.94,101.108,5,1
1784729279,145050293,98.033,10.167,108.083,5,1
1784729279,178352295,122.604,7.197,129.683,5,1
1784729279,211653809,130.756,0.891,131.56,5,1
1784729279,278255615,109.699,2.03,111.63,5,1
1784729279,311555664,129.281,0.752,129.953,5,1
1784729279,378154541,105.743,0.851,106.519,5,1
1784729279,444751465,102.464,1.236,103.329,5,1
1784729279,511346680,104.498,0.82,105.244,5,1
1784729279,577939941,99.375,0.936,100.227,5,1
1784729279,644531494,99.605,0.92,100.442,5,1
1784729279,711121094,99.258,0.811,99.98,5,1
1784729279,777708740,108.623,0.839,109.375,5,1
1784729279,811001953,118.001,0.874,118.794,5,1
1784729279,877586914,118.158,0.731,118.802,5,1
1784729279,910880127,132.27,1.073,133.245,5,1
1784729279,977645996,109.263,0.862,110.031,5,1
1784729280,11029053,124.091,1.022,124.951,5,1
1784729280,44412109,142.739,0.897,143.543,5,1
1784729280,111178223,122.503,0.831,123.241,5,1
1784729280,144561279,137.613,5.658,143.153,5,1
1784729280,211327637,117.845,0.812,118.581,5,1
1784729280,278094238,115.992,0.665,116.584,5,1
1784729280,344860840,104.743,0.834,105.438,5,1
1784729280,411627686,98.493,1.036,99.445,5,1
1784729280,478394775,103.742,0.734,104.4,5,1
1784729280,545161865,100.388,0.943,101.243,5,1
1784729280,611928955,99.414,0.829,100.158,5,1
1784729280,678696289,99.579,0.904,100.401,5,1
1784729280,745463867,100.493,0.767,101.182,5,1
1784729280,812231689,106.515,0.839,107.27,5,1
1784729280,878999268,106.71,0.854,107.482,5,1
1784729280,945799561,105.331,0.713,105.967,5,1
1784729280,979217041,120.005,0.972,120.889,5,1
1784729281,46053711,107.912,0.796,108.621,5,1
1784729281,79472656,121.891,0.843,122.643,5,1
1784729281,112892334,138.012,1.099,139.019,5,1
1784729281,179733154,112.061,7.883,119.723,5,1
1784729281,213154297,138.802,1.015,139.737,5,1
1784729281,279998291,120.739,1.469,121.96,5,1
1784729281,313421143,136.858,11.625,148.387,5,1
1784729281,380268311,108.415,0.719,109.058,5,1
1784729281,447117676,100.826,0.711,101.461,5,1
1784729281,513968994,98.168,0.899,98.984,5,1
1784729281,580822510,97.046,0.977,97.938,5,1
1784729281,647677979,97.933,0.89,98.718,5,1
1784729281,714535645,96.836,0.927,97.659,5,1
1784729281,781395508,98.599,0.988,99.501,5,1
1784729281,848257324,102.257,0.919,103.052,5,1
1784729281,881689209,130.727,1.008,131.633,5,1
1784729281,948478516,105.383,0.84,106.094,5,1
1784729282,15315186,103.94,1.199,105.043,5,1
1784729282,82154053,106.73,2.489,109.135,5,1
1784729282,148994873,109.054,1.255,110.117,5,1
1784729282,182416260,117.118,8.372,125.353,5,1
1784729282,215838135,145.384,0.923,146.229,5,1
1784729282,282683350,119.858,0.724,120.506,5,1
1784729282,349530762,108.835,0.671,109.434,5,1
1784729282,416380371,98.222,0.781,98.922,5,1
1784729282,483232178,95.177,0.826,95.871,5,1
1784729282,550086182,103.813,0.79,104.517,5,1
1784729282,616942139,97.184,1.249,98.349,5,1
1784729282,683800293,96.487,0.911,97.306,5,1
1784729282,750660645,96.003,0.937,96.85,5,1
1784729282,817523193,98.09,0.741,98.75,5,1
1784729282,884387939,99.386,0.879,100.181,5,1
1784729282,917821045,128.096,1.022,129.014,5,1
1784729282,984620605,107.533,0.929,108.377,5,1
1784729283,18040527,126.354,0.96,127.222,5,1
1784729283,84882324,106.479,1.388,107.778,5,1
1784729283,118303955,126.116,0.989,127.01,5,1
1784729283,185149170,103.749,0.931,104.586,5,1
1784729283,218572510,116.472,5.188,121.528,5,1
1784729283,251996338,148.793,0.766,149.479,5,1
1784729283,318845947,133.949,0.912,134.77,5,1
1784729283,352271484,160.529,1.252,161.687,5,1
1784729283,419124268,134.46,0.819,135.184,5,1
1784729283,485979248,123.97,1.097,124.97,5,1
1784729283,552836426,116.111,2.345,117.3,5,1
1784729283,586265869,130.199,0.844,130.96,5,1
1784729283,653126465,105.897,0.743,106.564,5,1
1784729283,719989258,101.067,7.534,108.502,5,1
1784729283,753421387,110.029,0.775,110.726,5,1
1784729283,820287598,98.337,0.938,99.147,5,1
1784729283,853721436,109.763,0.67,110.36,5,1
1784729283,920590820,107.082,0.655,107.663,5,1
1784729283,987460205,103.249,0.879,104.051,5,1
1784729284,20836182,125.537,1.004,126.416,5,1
1784729284,87588135,99.349,0.878,100.094,5,1
1784729284,154340088,97.414,0.889,98.225,5,1
1784729284,221091797,91.561,1.139,92.566,5,1
1784729284,287843506,104.038,12.19,116.092,5,1
1784729284,354594971,103.835,1.027,104.778,5,1
1784729284,421346436,94.723,0.895,95.534,5,1
1784729284,488097900,93.13,0.943,93.985,5,1
1784729284,554849121,92.25,0.824,92.992,5,1
1784729284,621600098,93.372,0.893,94.172,5,1
1784729284,688351318,92.119,1.029,93.064,5,1
1784729284,755102051,95.047,1.023,95.984,5,1
1784729284,821853027,92.943,1.026,93.883,5,1
1784729284,888603760,100.716,3.745,104.38,5,1
1784729284,955354248,99.011,1.157,100.038,5,1
1784729284,988729492,113.837,0.854,114.58,5,1
1784729285,55466309,100.654,0.662,101.229,5,1
1784729285,122202881,92.464,0.926,93.305,5,1
1784729285,188938965,91.42,0.887,92.226,5,1
1784729285,255674805,91.394,0.905,92.214,5,1
1784729285,322410156,96.182,6.48,102.525,5,1
1784729285,355777832,109.597,0.731,110.25,5,1
1784729285,422512451,95.09,0.684,95.693,5,1
1784729285,489247070,91.832,0.962,92.706,5,1
1784729285,555981201,92.207,0.853,92.977,5,1
1784729285,622714844,92.538,1.045,93.499,5,1
1784729285,689448242,91.978,0.842,92.737,5,1
1784729285,756181152,93.467,1.241,94.552,5,1
1784729285,822913818,104.914,0.98,105.815,5,1
1784729285,856280029,132.639,8.981,137.754,5,1
1784729285,923012207,128.42,1.001,129.279,5,1
1784729285,989743896,110.855,1.116,111.891,5,1
1784729286,23105713,127.568,1.002,128.476,5,1
1784729286,89828857,108.135,1.019,108.956,5,1
1784729286,123190186,124.175,1.101,125.181,5,1
1784729286,189912354,104.056,0.95,104.915,5,1
1784729286,223273193,123.68,1.08,124.654,5,1
1784729286,289994385,99.668,0.925,100.509,5,1
1784729286,323354736,116.484,5.045,121.392,5,1
1784729286,356715088,138.747,0.824,139.496,5,1
1784729286,456794922,98.461,0.673,99.059,5,1
1784729286,523513916,92.158,0.867,92.943,5,1
1784729286,590232666,94.259,0.778,94.956,5,1
1784729286,656950439,92.507,0.891,93.308,5,1
1784729286,723667725,92.835,0.872,93.62,5,1
1784729286,790384521,102.217,0.886,103.018,5,1
1784729286,823742676,108.063,1.048,109.029,5,1
1784729286,890458496,114.502,1.326,115.718,5,1
1784729286,923816162,119.3,1.053,120.27,5,1
1784729286,990531494,110.011,1.658,111.576,5,1
1784729287,23927979,133.732,0.79,134.437,5,1
1784729287,90722168,114.052,0.875,114.836,5,1
1784729287,124119629,145.82,0.925,146.653,5,1
1784729287,190916016,141.326,1.108,142.349,5,1
1784729287,257713623,123.919,1.544,125.28,5,1
1784729287,324512695,99.993,0.736,100.655,5,1
1784729287,391312988,92.647,12.039,104.553,5,1
1784729287,424713867,111.576,0.865,112.35,5,1
1784729287,458114746,130.773,0.716,131.412,5,1
1784729287,524917969,115.674,0.851,116.433,5,1
1784729287,591722656,106.069,0.672,106.666,5,1
1784729287,658528564,93.267,0.747,93.934,5,1
1784729287,725335938,98.262,0.941,99.099,5,1
1784729287,758740234,105.416,0.666,106.009,5,1
1784729287,825549561,99.12,0.941,99.974,5,1
1784729287,858954834,106.813,0.654,107.393,5,1
1784729287,925766357,104.309,0.938,105.167,5,1
1784729287,959172607,116.257,0.851,117.023,5,1
1784729287,992578613,136.85,0.844,137.608,5,1
1784729288,59308838,109.88,0.724,110.53,5,1
1784729288,126016113,103.473,0.677,104.063,5,1
1784729288,192722656,97.556,1.365,98.807,5,1
1784729288,226075439,107.232,0.939,108.019,5,1
1784729288,292780518,96.092,0.89,96.893,5,1
1784729288,359484863,114.194,0.915,115.01,5,1
1784729288,392836670,130.295,12.984,143.152,5,1
1784729288,459539551,106.39,0.734,107.049,5,1
1784729288,526241699,99.352,0.823,100.098,5,1
1784729288,592942871,94.553,0.809,95.284,5,1
1784729288,659643311,89.801,1.05,90.766,5,1
1784729288,726342529,89.977,1.09,90.963,5,1
1784729288,793041260,94.195,0.829,94.947,5,1
1784729288,859738770,94.353,1.907,96.184,5,1
1784729288,893087402,107.267,0.752,107.933,5,1
1784729288,959783691,93.645,0.726,94.294,5,1
1784729289,26479736,95.521,1.001,96.43,5,1
1784729289,93246826,91.265,1.293,92.317,5,1
1784729289,160031006,93.596,0.987,94.491,5,1
1784729289,193423584,110.938,1.025,111.845,5,1
1784729289,260209717,100.408,0.926,101.233,5,1
1784729289,293603271,114.933,0.801,115.645,5,1
1784729289,326997070,123.59,0.845,124.325,5,1
1784729289,427180420,92.753,0.977,93.626,5,1
1784729289,460575439,109.13,8.165,117.161,5,1
1784729289,527366699,111.051,0.671,111.649,5,1
1784729289,594158936,102.611,0.682,103.217,5,1
1784729289,660952393,93.165,0.723,93.81,5,1
1784729289,727747314,90.854,1.84,92.57,5,1
1784729289,794543213,95.855,1.076,96.834,5,1
1784729289,827941895,102.192,0.724,102.84,5,1
1784729289,894739746,99.507,1.056,100.461,5,1
1784729289,928139160,104.292,0.66,104.878,5,1
1784729289,994938965,92.906,1.177,93.997,5,1
1784729290,61720459,95.089,0.734,95.746,5,1
1784729290,128256592,91.934,0.763,92.616,5,1
1784729290,194789551,92.815,0.704,93.44,5,1
1784729290,261319580,92.918,0.719,93.56,5,1
1784729290,327846436,92.48,0.769,93.168,5,1
1784729290,394370117,93.936,0.803,94.66,5,1
1784729290,460890625,107.581,1.143,108.639,5,1
1784729290,494149658,147.067,9.077,155.816,5,1
1784729290,560665527,142.517,1.057,143.493,5,1
1784729290,627178467,133.326,0.746,133.992,5,1
1784729290,660433594,160.074,0.708,160.704,5,1
1784729290,726941650,142.978,0.796,143.691,5,1
1784729290,760194580,198.966,5.439,199.877,5,1
1784729290,859948486,186.672,5.739,192.329,5,1
1784729290,959695313,142.995,0.836,143.752,5,1
1784729291,26189209,133.334,0.818,134.07,5,1
1784729291,92719971,113.494,5.48,115.149,5,1
1784729291,125984131,131.608,0.837,132.356,5,1
1784729291,192510010,118.28,0.828,119.02,5,1
1784729291,225771729,141.334,0.864,142.115,5,1
1784729291,259032715,153.019,0.832,153.768,5,1
1784729291,358810547,116.23,0.886,117.034,5,1
1784729291,425325195,105.018,0.924,105.861,5,1
1784729291,458581299,125.709,0.857,126.481,5,1
1784729291,525091064,106.974,0.885,107.783,5,1
1784729291,591597656,101.789,14.98,116.589,5,1
1784729291,624849854,107.916,0.663,108.504,5,1
1784729291,691351563,97.419,0.867,98.194,5,1
1784729291,724601074,113.466,0.983,114.371,5,1
1784729291,757849854,124.661,0.887,125.418,5,1
1784729291,857591553,103.497,0.673,104.096,5,1
1784729291,924082031,95.876,0.886,96.676,5,1
1784729291,990569336,98.396,0.797,99.108,5,1
1784729292,57167236,110.683,1.09,111.674,5,1
1784729292,90514160,134.306,1.109,135.314,5,1
1784729292,123861328,142.806,0.759,143.457,5,1
1784729292,190556152,147.927,0.934,148.745,5,1
1784729292,257252197,135.782,1.228,136.913,5,1
1784729292,357298096,111.866,0.745,112.538,5,1
1784729292,423996582,101.818,1.186,102.924,5,1
1784729292,457346191,119.926,0.804,120.646,5,1
1784729292,524046143,110.069,0.716,110.709,5,1
1784729292,590747070,101.697,0.672,102.293,5,1
1784729292,657448975,100.493,4.217,104.591,5,1
1784729292,724151611,97.481,0.925,98.303,5,1
1784729292,790855469,98.665,0.712,99.297,5,1
1784729292,857560303,100.386,0.763,101.071,5,1
1784729292,924266113,101.417,0.735,102.079,5,1
1784729292,990972900,97.88,0.74,98.539,5,1
1784729293,57681885,105.025,0.732,105.684,5,1
1784729293,124400879,96.043,1.035,96.989,5,1
1784729293,191119141,98.348,0.784,99.048,5,1
1784729293,257836670,107.015,1.465,108.388,5,1
1784729293,291195313,120.006,1.066,120.969,5,1
1784729293,324553711,134.506,2.645,135.772,5,1
1784729293,391270020,117.035,1.376,118.318,5,1
1784729293,424627930,130.263,1.626,131.787,5,1
1784729293,491343018,106.978,0.833,107.731,5,1
1784729293,524700439,121.33,0.893,122.138,5,1
1784729293,591414795,105.392,4.106,109.247,5,1
1784729293,624771729,113.946,0.726,114.596,5,1
1784729293,691484863,101.577,5.186,106.557,5,1
1784729293,724841309,117.753,1.292,118.883,5,1
1784729293,824909424,112.191,0.945,113.049,5,1
1784729293,858265137,129.872,1.047,130.82,5,1
1784729293,924975830,107.078,1.255,108.223,5,1
1784729293,958331055,118.818,1.145,119.873,5,1
1784729294,25041016,108.366,1.567,109.76,5,1
1784729294,58394531,119.967,0.89,120.749,5,1
1784729294,125092773,107.872,1.117,108.894,5,1
1784729294,158441650,130.108,1.773,131.787,5,1
1784729294,225138428,108.004,2.144,110.062,5,1
1784729294,258486572,119.489,0.972,120.379,5,1
1784729294,325181885,104.104,7.846,111.867,5,1
1784729294,358529053,109.943,0.657,110.525,5,1
1784729294,425222900,99.278,1.143,100.292,5,1
1784729294,491915771,96.772,2.335,98.954,5,1
1784729294,558607422,101.13,1.082,102.128,5,1
1784729294,591952881,120.063,0.852,120.833,5,1
1784729294,691988037,99.13,1.102,100.143,5,1
1784729294,758676758,101.525,7.836,109.236,5,1
1784729294,792020752,135.413,2.065,137.394,5,1
1784729294,858707764,128.772,1.409,130.082,5,1
1784729294,925394043,113.863,5.054,114.597,5,1
1784729294,958736816,144.213,1.011,145.133,5,1
1784729295,25421387,125.235,0.821,125.976,5,1
1784729295,92110596,107.228,0.829,107.972,5,1
1784729295,125455322,128.647,1.117,129.675,5,1
1784729295,192143555,106.799,0.961,107.682,5,1
1784729295,225487305,127.609,0.972,128.497,5,1
1784729295,292173828,104.182,0.845,104.944,5,1
1784729295,358859131,103.093,0.673,103.692,5,1
1784729295,425543213,100.281,0.711,100.901,5,1
1784729295,492226074,95.928,1.285,97.082,5,1
1784729295,558907959,97.889,1.27,99.064,5,1
1784729295,592248291,111.472,0.846,112.239,5,1
1784729295,625588379,136.576,1.192,137.68,5,1
1784729295,692267578,115.225,3.814,118.951,5,1
1784729295,725606934,127.397,1.492,128.799,5,1
1784729295,825622803,115.326,12.862,128.053,5,1
1784729295,858960693,145.762,0.748,146.388,5,1
1784729295,925635742,137.765,0.781,138.413,5,1
1784729295,992309814,120.409,0.801,121.129,5,1
1784729296,25646240,140.787,0.793,141.499,5,1
1784729296,58982666,159.467,0.83,160.21,5,1
1784729296,92368408,186.427,0.988,187.328,5,1
1784729296,159140625,174.198,4.552,178.651,5,1
1784729296,192526855,205.7,0.963,206.585,5,1
1784729296,292687500,161.159,1.026,162.087,5,1
1784729296,359462402,149.111,0.764,149.791,5,1
1784729296,426238281,136.935,0.912,137.761,5,1
1784729296,493015137,113.111,0.701,113.74,5,1
1784729296,559792725,100.279,0.901,101.094,5,1
1784729296,626571289,98.672,0.806,99.391,5,1
1784729296,659961182,118.348,0.93,119.186,6,1
1784729296,693351074,138.332,1.094,139.336,5,1
1784729296,760131592,110.888,0.943,111.756,5,1
1784729296,826912842,110.012,1.818,111.754,5,1
1784729296,860303955,119.338,5.672,124.71,5,1
1784729296,960478516,98.466,0.746,99.131,5,1
1784729297,27262939,100.566,0.929,101.414,5,1
1784729297,93956299,113.218,0.796,113.936,5,1
1784729297,160559082,111.639,0.746,112.307,5,1
1784729297,227160645,109.13,0.817,109.872,5,1
1784729297,293760986,117.912,0.722,118.556,5,1
1784729297,393659180,98.222,0.839,98.964,5,1
1784729297,460256592,98.38,0.854,99.133,5,1
1784729297,526852783,96.717,0.817,97.452,5,1
1784729297,593447510,101.764,0.739,102.357,5,1
1784729297,660041016,100.513,0.728,101.165,5,1
1784729297,693337402,112.504,0.786,113.213,5,1
1784729297,793224609,102.01,0.705,102.64,5,1
1784729297,859814697,101.026,0.672,101.621,5,1
1784729297,926403320,98.553,4.769,103.191,5,1
1784729297,992990723,99.219,6.351,105.481,5,1
1784729298,59578125,99.974,0.733,100.627,5,1
1784729298,126196045,101.955,0.696,102.577,5,1
1784729298,192812988,100.921,0.726,101.569,5,1
1784729298,259428955,105.814,1.435,107.156,5,1
1784729298,292736572,118.524,4.035,122.427,5,1
1784729298,326043701,131.198,8.679,139.756,5,1
1784729298,359350830,163.073,1.145,164.047,5,1
1784729298,459270752,113.789,0.968,114.665,5,1
1784729298,492576904,129.067,0.941,129.905,5,1
1784729298,559188477,106.094,0.881,106.898,5,1
1784729298,592493896,115.67,0.715,116.309,5,1
1784729298,659103760,106.329,0.701,106.95,5,1
1784729298,692408447,126.754,1.483,128.149,5,1
1784729298,725712891,141.906,1.069,142.881,5,1
1784729298,792321045,112.535,0.719,113.178,5,1
1784729298,858928223,106.743,0.75,107.419,5,1
1784729298,925534424,100.515,5.346,105.737,6,1
1784729298,992139648,110.557,7.727,118.166,5,1
1784729299,25441895,114.506,0.672,115.104,5,1
1784729299,92062256,104.02,0.739,104.68,5,1
1784729299,158696777,103.819,0.721,104.461,5,1
1784729299,225330811,101.383,1.099,102.368,5,1
1784729299,291964111,100.374,1.097,101.376,5,1
1784729299,358596680,107.363,0.673,107.958,5,1
1784729299,425228760,100.497,0.888,101.299,5,1
1784729299,491859863,100.3,1.072,101.271,5,1
1784729299,558490479,103.455,0.85,104.214,5,1
1784729299,625120605,101.774,1.824,103.502,5,1
1784729299,691749756,107.969,0.873,108.733,5,1
1784729299,725064209,122.542,1.715,124.135,5,1
1784729299,758378418,130.198,0.847,130.956,5,1
1784729299,825006348,113.541,0.699,114.167,5,1
1784729299,891633545,107.718,0.682,108.326,5,1
1784729299,958260254,104.662,4.425,108.975,5,1
1784729300,24885986,107.349,0.892,108.154,5,1
1784729300,91524658,103.984,0.84,104.699,5,1
1784729300,158175049,105.721,0.756,106.403,5,1
1784729300,224824951,103.529,0.759,104.183,5,1
1784729300,291474365,102.094,1.907,103.914,5,1
1784729300,358123535,104.06,0.729,104.715,5,1
1784729300,424772217,100.299,0.824,101.042,5,1
1784729300,491420410,106.349,0.904,107.172,5,1
1784729300,524744385,114.276,0.721,114.922,5,1
1784729300,591392090,105.551,0.901,106.294,5,1
1784729300,658039307,109.511,0.874,110.281,5,1
1784729300,691363037,118.103,0.812,118.838,5,1
1784729300,724686279,140.563,0.786,141.265,5,1
1784729300,791332764,120.126,1.26,121.214,5,1
1784729300,824656006,138.02,1.019,138.953,5,1
1784729300,891301758,122.008,1.239,123.153,5,1
1784729300,924624512,140.534,8.626,149.038,5,1
1784729300,991270020,119.454,0.911,120.282,5,1
1784729301,24592529,134.016,1.295,135.218,5,1
1784729301,57915283,150.812,0.933,151.654,5,1
1784729301,124581787,125.314,0.852,126.085,5,1
1784729301,191248291,116.131,0.66,116.718,5,1
1784729301,257914551,104.999,0.655,105.58,5,1
1784729301,324580811,110.222,0.858,110.996,5,1
1784729301,357913818,121.255,0.875,122.049,5,1
1784729301,457912842,102.532,0.885,103.326,5,1
1784729301,524578857,104.312,0.752,104.975,5,1
1784729301,591244629,106.068,0.724,106.718,5,1
1784729301,657910156,106.03,0.658,106.613,5,1
1784729301,724575684,105.627,0.952,106.503,5,1
1784729301,757908447,142.798,1.332,144.045,5,1
1784729301,824573730,119.985,1.1,121.004,5,1
1784729301,857906250,131.086,10.338,141.326,5,1
1784729301,891239014,146.722,1.193,147.829,5,1
1784729301,957904053,119.829,4.448,124.161,5,1
1784729302,24569092,115.936,1.649,117.464,5,1
1784729302,57901611,134.449,1.133,135.481,5,1
1784729302,91241699,154.672,1.007,155.585,5,1
1784729302,157922119,146.605,0.81,147.332,5,1
1784729302,224602783,127.412,0.948,128.275,5,1
1784729302,257943115,144.24,0.867,145.02,5,1
1784729302,324623779,134.644,1.083,135.629,5,1
1784729302,391304688,114.294,0.952,115.168,5,1
1784729302,424645264,121.582,0.851,122.353,5,1
1784729302,491326416,107.824,0.697,108.446,5,1
1784729302,558007568,104.401,1.061,105.353,5,1
1784729302,624688965,106.955,0.671,107.55,5,1
1784729302,691370605,107.585,2.852,110.339,5,1
1784729302,758052246,111.388,0.975,112.269,5,1
1784729302,791393066,135.68,1.021,136.612,5,1
1784729302,858074951,119.123,1.05,120.091,5,1
1784729302,891416016,137.914,1.005,138.736,5,1
1784729302,958098145,122.745,9.943,132.52,5,1
1784729302,991439209,141.727,0.834,142.473,5,1
1784729303,58121338,122.272,1.163,123.319,5,1
1784729303,91546143,138.1,0.9,138.897,5,1
1784729303,158397461,115.228,0.797,115.908,5,1
1784729303,225251221,109.602,0.668,110.198,5,1
1784729303,292107178,118.802,0.813,119.535,5,1
1784729303,325536133,135.143,0.966,136.03,5,1
1784729303,358965576,154.211,1.099,155.213,5,1
1784729303,425826416,139.721,0.715,140.357,5,1
1784729303,492689697,117.312,0.832,118.003,5,1
1784729303,526122314,139.237,1.096,140.239,5,1
1784729303,592989014,116.197,1.043,117.161,5,1
1784729303,626423340,133.845,5.504,139.264,5,1
1784729303,693293701,114.599,0.973,115.493,5,1
1784729303,726729736,135.282,4.332,139.5,5,1
1784729303,793603760,115.543,0.814,116.279,5,1
1784729303,827041504,141.758,1.088,142.76,5,1
1784729303,893919189,122.551,1.545,123.907,5,1
1784729303,927358643,135.005,1.387,136.287,5,1
1784729303,994239746,113.279,10.587,123.672,5,1
1784729304,27681152,124.892,0.717,125.53,5,1
1784729304,94468262,116.476,0.676,117.077,5,1
1784729304,161322754,104.331,1.182,105.0,5,1
1784729304,228179688,102.86,1.16,103.917,5,1
1784729304,295039063,103.862,0.788,104.566,5,1
1784729304,361900635,104.297,0.739,104.961,5,1
1784729304,428764893,99.611,0.978,100.386,5,1
1784729304,495631592,99.572,0.814,100.305,5,1
1784729304,562500732,99.665,0.874,100.454,5,1
1784729304,629372314,99.62,0.899,100.434,5,1
1784729304,696246338,99.226,0.822,99.961,5,1
1784729304,763122559,109.734,1.49,111.135,5,1
1784729304,796561768,113.708,0.829,114.46,5,1
1784729304,863441895,102.363,0.751,103.038,5,1
1784729304,930324463,100.86,0.739,101.523,5,1
1784729304,997209473,98.579,0.927,99.419,5,1
1784729305,64096680,100.866,8.466,109.2,5,1
1784729305,130886963,101.368,1.075,102.357,5,1
1784729305,197582764,100.126,0.974,101.01,5,1
1784729305,264278809,103.134,0.674,103.734,5,1
1784729305,330975098,100.474,0.747,101.141,5,1
1784729305,397672119,100.166,0.768,100.848,5,1
1784729305,464369385,100.019,0.859,100.782,5,1
1784729305,531067139,101.154,0.728,101.803,5,1
1784729305,597765137,101.94,0.673,102.539,5,1
1784729305,664463623,101.314,0.706,101.941,5,1
1784729305,731162598,99.056,0.851,99.823,5,1
1784729305,797861816,103.072,0.669,103.666,5,1
1784729305,864561523,100.992,0.739,101.65,5,1
1784729305,897911621,122.297,0.859,123.062,5,1
1784729305,931261719,140.685,1.022,141.618,5,1
1784729305,997962158,114.266,2.404,116.586,5,1
1784729306,31312500,133.258,0.853,134.028,5,1
1784729306,98013916,111.147,9.292,120.317,6,1
1784729306,131411377,131.022,0.918,131.856,5,1
1784729306,198206787,110.135,1.031,111.077,5,1
1784729306,231604980,130.722,1.03,131.651,5,1
1784729306,298401123,109.459,1.203,110.561,5,1
1784729306,331799561,125.062,0.988,125.947,5,1
1784729306,365198242,140.26,0.978,141.142,5,1
1784729306,431995850,129.53,1.297,130.679,5,1
1784729306,498793945,107.112,0.863,107.761,5,1
1784729306,532193115,115.493,1.57,116.773,5,1
1784729306,598992188,101.286,0.841,102.05,5,1
1784729306,665791748,99.673,1.0,100.354,5,1
1784729306,732591797,100.021,0.726,100.666,5,1
1784729306,799392578,104.532,0.742,105.197,5,1
1784729306,832793213,113.812,0.751,114.485,5,1
1784729306,899594971,101.826,0.732,102.48,5,1
1784729306,966397217,99.771,0.826,100.512,5,1
1784729307,33199951,104.434,1.23,105.53,5,1
1784729307,66601563,119.173,6.591,120.126,5,1
1784729307,100002441,136.297,7.835,144.003,5,1
1784729307,732693359,114.747,1.023,115.587,5,1
