capture_sec,capture_nanosec,base_in_age_ms,base_compute_ms,true_e2e_ms,output_period_ms,target_valid
1785988048,712634033,302.95,7.697,,,0
1785988048,912743896,177.146,0.704,,67.321,0
1785988048,979453369,2976.633,76.968,3053.578,2942.472,1
1785988051,381305176,663.143,5.004,664.324,12.585,1
1785988051,414687500,640.974,0.716,641.665,10.734,1
1785988051,448070313,612.463,0.51,612.95,4.672,1
1785988051,514837402,549.448,1.033,550.463,4.268,1
1785988051,581606445,486.831,0.634,487.6,3.759,1
1785988051,614991699,458.299,0.692,458.961,4.902,1
1785988051,648377441,428.955,0.936,429.867,4.288,1
1785988051,715150391,366.938,0.723,367.62,4.528,1
1785988051,748537598,340.851,3.704,344.556,10.3,1
1785988051,815312500,283.964,3.52,287.493,9.696,1
1785988051,882020508,225.892,1.995,227.886,7.122,1
1785988051,982082275,130.912,1.873,132.774,4.955,1
1785988052,15436035,138.499,0.673,139.146,39.74,1
1785988052,82143799,120.846,0.595,121.419,48.984,1
1785988052,115497559,130.469,0.613,131.063,42.995,1
1785988052,182205322,113.623,0.681,114.284,49.923,1
1785988052,215559082,126.369,0.585,126.932,46.01,1
1785988052,282266846,110.019,1.047,111.059,50.813,1
1785988052,315620605,119.746,0.615,120.344,42.656,1
1785988052,382328125,102.431,0.651,103.056,49.423,1
1785988052,415681885,118.717,0.621,119.315,49.611,1
1785988052,449035645,140.763,1.282,142.045,56.056,1
1785988052,515743164,130.854,0.738,131.57,56.26,1
1785988052,582450684,116.181,0.69,116.847,51.981,1
1785988052,615804443,145.491,0.906,146.374,62.886,1
1785988052,682511719,127.39,0.632,127.999,48.334,1
1785988052,749218994,99.653,0.713,100.47,39.053,1
1785988052,782572754,124.412,0.665,124.998,58.006,1
1785988052,815926270,137.824,0.809,138.559,46.91,1
1785988052,882822998,147.22,0.915,148.116,76.455,1
1785988052,949722656,132.55,0.66,133.189,51.975,1
1785988053,16625000,129.271,0.901,130.145,63.853,1
1785988053,83530273,105.254,0.696,105.929,42.694,1
1785988053,116983887,114.005,0.752,114.741,42.257,1
1785988053,150438477,131.956,0.751,132.602,51.324,1
1785988053,217349365,106.32,1.099,107.408,41.703,1
1785988053,250805908,122.525,0.918,123.418,49.472,1
1785988053,284263428,132.445,0.68,133.097,43.146,1
1785988053,351180176,109.914,1.627,111.509,45.318,1
1785988053,384639404,117.076,0.766,117.827,39.775,1
1785988053,418099609,129.819,0.624,130.419,46.066,1
1785988053,485022217,104.604,0.699,105.284,41.78,1
1785988053,518484375,123.245,0.795,124.015,52.194,1
1785988053,585411377,106.336,0.704,107.016,49.928,1
1785988053,618875732,109.137,0.575,109.689,36.145,1
1785988053,719273438,92.388,0.585,92.952,83.66,1
1785988053,752740723,104.458,0.959,105.398,45.907,1
1785988053,786208740,118.866,0.573,119.418,47.494,1
1785988053,819675049,141.443,0.683,142.11,56.151,1
1785988053,886380127,129.569,0.603,130.15,54.752,1
1785988053,953068115,116.626,0.638,117.243,53.78,1
1785988053,986412109,143.882,0.637,144.496,60.596,1
1785988054,53099365,133.46,0.641,134.1,56.27,1
1785988054,119786377,127.07,0.574,127.621,60.232,1
1785988054,186473145,102.148,0.624,102.748,41.812,1
1785988054,219816162,125.199,0.582,125.762,56.358,1
1785988054,286502197,100.825,0.648,101.446,42.369,1
1785988054,319845215,122.739,0.652,123.374,55.27,1
1785988054,386530762,100.428,0.668,101.071,44.383,1
1785988054,419873291,122.891,0.573,123.44,55.715,1
1785988054,486558105,104.016,0.581,104.572,47.816,1
1785988054,519900391,117.445,0.747,118.169,46.935,1
1785988054,553242676,129.407,0.653,130.04,45.218,1
1785988054,619926758,124.159,0.574,124.711,61.355,1
1785988054,686610596,99.138,0.665,99.778,41.748,1
1785988054,719952393,111.8,0.76,112.536,46.1,1
1785988054,753294189,123.15,0.571,123.698,44.506,1
1785988054,819977051,99.542,0.908,100.429,43.41,1
1785988054,853318848,112.261,0.616,112.856,45.77,1
1785988054,886673340,150.056,0.977,151.164,71.509,1
1785988054,953382080,130.122,0.637,130.74,46.44,1
1785988055,20090576,114.426,0.556,115.003,50.932,1
1785988055,53444824,135.538,0.831,136.354,54.741,1
1785988055,120152832,124.41,0.591,124.978,55.338,1
1785988055,186860840,100.083,0.839,100.899,42.625,1
1785988055,220214600,123.687,0.7,124.365,56.822,1
1785988055,253568359,130.441,0.595,131.016,40.005,1
1785988055,320275879,105.877,0.65,106.504,42.195,1
1785988055,353629395,128.32,0.6,128.896,55.748,1
1785988055,420336426,102.629,0.815,103.426,41.229,1
1785988055,453689697,120.061,0.616,120.652,50.585,1
1785988055,487043213,129.976,0.597,130.55,43.252,1
1785988055,553749756,101.621,0.665,102.259,38.413,1
1785988055,620455811,96.101,0.588,96.663,61.114,1
1785988055,653808838,102.344,0.661,102.982,39.669,1
1785988055,720514648,96.605,0.577,97.159,60.887,1
1785988055,753867676,106.257,0.709,106.953,43.136,1
1785988055,787220459,130.846,0.728,131.552,57.958,1
1785988055,853925781,130.092,0.584,130.655,65.812,1
1785988055,887295410,151.038,0.605,151.619,54.332,1
1785988055,954035156,156.536,0.606,157.119,72.238,1
1785988056,20776123,172.075,0.629,172.68,82.302,1
1785988056,87518311,188.921,0.739,189.647,83.7,1
1785988056,187633789,144.69,0.553,145.221,55.703,1
1785988056,254379150,146.773,0.637,147.388,68.909,1
1785988056,321125488,131.247,0.737,131.912,51.267,1
1785988056,387873047,129.676,0.595,130.243,65.085,1
1785988056,454621826,116.323,0.617,116.918,53.422,1
1785988056,487996582,129.58,0.61,130.163,46.62,1
1785988056,521371826,165.876,0.881,166.739,69.942,1
1785988056,588122803,152.581,0.793,153.353,53.369,1
1785988056,654875244,135.12,0.812,135.913,49.314,1
1785988056,721628906,114.403,0.631,115.015,45.855,1
1785988056,755006104,126.806,0.778,127.561,45.927,1
1785988056,821761475,102.051,1.126,103.163,42.344,1
1785988056,855139160,130.458,0.717,131.154,61.379,1
1785988056,921832764,108.813,0.756,109.551,45.088,1
1785988056,955179199,138.486,1.941,140.444,64.199,1
1785988057,21872314,116.641,0.735,117.352,43.642,1
1785988057,55218506,137.699,0.948,138.629,54.619,1
1785988057,121910889,122.573,0.569,123.121,51.195,1
1785988057,155256836,132.835,0.97,133.65,43.867,1
1785988057,221948486,117.429,0.693,118.1,51.14,1
1785988057,255294189,124.871,0.588,125.434,40.69,1
1785988057,321985352,108.875,0.704,109.559,50.813,1
1785988057,355330811,126.478,0.73,127.186,50.974,1
1785988057,388676025,129.479,0.636,130.086,36.245,1
1785988057,455366455,111.823,0.737,112.521,49.121,1
1785988057,488711426,128.615,0.564,129.153,49.983,1
1785988057,555401123,110.502,0.717,111.213,48.731,1
1785988057,622090332,101.526,0.865,102.365,57.857,1
1785988057,655435059,124.181,0.699,124.855,55.839,1
1785988057,722123535,98.897,0.593,99.464,41.298,1
1785988057,755467773,109.094,0.772,109.856,43.724,1
1785988057,788812012,129.805,1.044,130.836,54.324,1
1785988057,822156006,141.921,2.187,144.085,46.602,1
1785988057,855500244,165.024,0.621,165.626,54.885,1
1785988057,955545898,108.778,2.243,111.039,45.416,1
1785988057,988894287,128.836,0.575,129.389,51.746,1
1785988058,55590820,99.003,0.595,99.575,36.882,1
1785988058,88938965,116.563,0.809,117.355,51.12,1
1785988058,122287109,129.433,0.648,130.06,46.061,1
1785988058,188982910,112.901,0.68,113.563,50.191,1
1785988058,222330811,126.773,0.627,127.326,47.118,1
1785988058,289026123,100.874,0.822,101.673,41.039,1
1785988058,322373779,114.54,0.846,115.376,47.032,1
1785988058,355721191,126.269,0.697,126.942,44.936,1
1785988058,422416016,100.311,0.752,100.99,40.741,1
1785988058,455763428,107.23,0.795,107.997,40.351,1
1785988058,489110596,124.002,0.614,124.588,49.944,1
1785988058,555804688,115.55,0.737,116.263,58.358,1
1785988058,589151611,132.142,0.569,132.689,49.783,1
1785988058,655845215,104.517,0.567,105.064,39.067,1
1785988058,689191895,126.605,0.574,127.158,55.442,1
1785988058,755885254,101.481,0.568,102.028,41.563,1
1785988058,789231689,123.211,0.675,123.866,55.179,1
1785988058,855924561,104.189,0.655,104.825,47.653,1
1785988058,889273682,126.064,0.749,126.653,55.181,1
1785988058,955971191,125.409,0.588,125.977,66.018,1
1785988059,22668457,123.427,0.702,124.111,64.828,1
1785988059,89365723,104.181,0.782,104.939,47.531,1
1785988059,122714111,120.722,0.552,121.253,49.664,1
1785988059,156062256,129.017,0.584,129.58,41.674,1
1785988059,222758789,100.954,0.598,101.53,38.647,1
1785988059,256106934,126.486,0.568,127.034,58.852,1
1785988059,322802979,99.118,0.585,99.679,39.342,1
1785988059,356150879,117.08,0.625,117.657,51.323,1
1785988059,389498535,133.272,1.036,134.345,49.979,1
1785988059,456194092,105.011,0.797,106.13,38.186,1
1785988059,522889160,98.152,0.664,98.791,59.707,1
1785988059,556236572,126.458,0.595,127.031,61.59,1
1785988059,622931152,97.536,0.562,98.074,37.739,1
1785988059,656278320,106.034,0.574,106.586,41.858,1
1785988059,722972412,95.576,0.592,96.146,56.255,1
1785988059,756319580,110.705,0.689,111.375,48.571,1
1785988059,789666504,127.447,0.919,128.346,50.32,1
1785988059,856360352,126.592,0.598,127.168,65.518,1
1785988059,923056885,113.591,0.681,114.253,53.777,1
1785988059,956405273,131.808,0.59,132.359,51.46,1
1785988060,23101318,113.306,0.705,113.985,48.319,1
1785988060,56449463,148.297,0.696,148.966,68.327,1
1785988060,123145020,127.491,0.558,128.038,45.76,1
1785988060,189840332,103.885,0.701,104.559,43.224,1
1785988060,223187988,127.605,0.585,128.168,56.961,1
1785988060,289882813,104.12,0.695,104.79,43.311,1
1785988060,323230225,116.747,0.576,117.3,45.863,1
1785988060,356577393,130.161,0.614,130.753,46.798,1
1785988060,423271729,102.172,0.584,102.731,38.673,1
1785988060,456618652,126.753,0.66,127.397,58.007,1
1785988060,523312256,103.16,0.633,103.771,43.071,1
1785988060,556659180,124.62,0.645,125.248,54.822,1
1785988060,623352295,99.578,0.637,100.193,41.64,1
1785988060,656698975,118.352,0.641,118.973,52.126,1
1785988060,690045166,123.083,0.983,124.049,38.414,1
1785988060,756737793,100.812,0.578,101.369,44.024,1
1785988060,790083984,119.764,0.607,120.347,52.324,1
1785988060,823430176,130.248,0.698,130.925,43.921,1
1785988060,890203369,122.495,2.895,125.371,61.215,1
1785988060,923630615,129.942,0.776,130.704,38.759,1
1785988060,990486572,117.202,0.575,117.752,53.912,1
1785988061,23915039,127.654,0.838,128.473,44.146,1
1785988061,90773438,111.666,1.744,113.415,51.77,1
1785988061,124203369,128.051,0.661,128.602,48.651,1
1785988061,191064453,103.812,0.784,104.532,42.786,1
1785988061,224495361,110.054,0.825,110.868,39.757,1
1785988061,257927002,125.646,0.666,126.291,48.87,1
1785988061,324791504,105.101,1.161,108.491,46.81,1
1785988061,358224365,118.526,0.696,119.196,46.388,1
1785988061,425091309,94.881,0.714,95.58,43.244,1
1785988061,458525391,110.777,1.02,111.78,49.629,1
1785988061,491959961,124.359,0.701,125.035,46.706,1
1785988061,525394775,141.169,0.852,141.996,50.387,1
1785988061,592266113,116.705,0.682,117.359,42.241,1
1785988061,625702393,126.649,0.774,127.402,43.48,1
1785988061,692576172,100.699,0.803,101.52,40.952,1
1785988061,726013672,110.6,0.714,111.292,43.25,1
1785988061,759451660,116.347,0.72,116.941,39.088,1
1785988061,859766113,90.405,0.731,91.116,74.487,1
1785988061,893107178,97.107,0.76,97.844,40.067,1
1785988061,926447998,125.094,0.571,125.644,61.145,1
1785988061,993129150,110.48,0.771,111.227,52.261,1
1785988062,26469482,127.549,0.59,128.12,50.235,1
1785988062,93149902,122.229,0.839,123.06,61.605,1
1785988062,159829590,114.048,0.945,114.978,58.606,1
1785988062,193169189,120.645,0.762,121.248,39.617,1
1785988062,259847900,104.284,3.897,108.225,53.587,1
1785988062,293187256,126.312,0.67,126.961,52.143,1
1785988062,359865234,97.938,0.593,98.622,38.227,1
1785988062,393203857,109.943,0.833,110.759,45.575,1
1785988062,426542480,110.549,0.815,111.849,33.908,1
1785988062,459880859,129.154,0.594,129.726,51.749,1
1785988062,526557373,118.646,0.58,119.191,56.141,1
1785988062,559895508,132.671,0.691,133.338,47.481,1
1785988062,626571045,122.562,0.587,123.126,56.468,1
1785988062,693246094,95.746,0.576,96.298,39.848,1
1785988062,726583496,112.912,0.686,113.575,50.612,1
1785988062,759920654,125.188,0.573,125.738,45.503,1
1785988062,826594482,103.747,0.577,104.302,45.236,1
1785988062,859931641,131.166,0.621,131.764,60.798,1
1785988062,926614502,124.228,0.58,124.784,59.706,1
1785988062,993296631,120.269,0.632,120.901,62.772,1
1785988063,59978516,96.072,0.627,96.679,42.485,1
1785988063,93319092,115.398,0.651,116.044,52.691,1
1785988063,126659424,126.781,0.568,127.327,44.64,1
1785988063,193340088,118.766,0.586,119.33,58.683,1
1785988063,226680176,146.454,0.824,147.264,61.261,1
1785988063,293359863,127.227,0.575,127.777,47.205,1
1785988063,360039063,101.932,0.606,102.515,41.415,1
1785988063,393378418,125.281,0.707,125.97,56.788,1
1785988063,460056885,104.78,0.622,105.38,46.095,1
1785988063,493395752,117.192,0.723,117.899,45.854,1
1785988063,526734619,132.354,0.599,132.931,48.375,1
1785988063,593411865,113.887,0.628,114.489,48.235,1
1785988063,626750244,124.376,0.576,124.928,43.779,1
1785988063,693426514,109.457,0.634,110.063,51.809,1
1785988063,726764648,126.321,0.595,126.869,50.146,1
1785988063,793440186,99.03,0.911,99.928,39.721,1
1785988063,826777588,126.86,0.696,127.536,60.956,1
1785988063,860115723,151.792,0.707,152.484,58.278,1
1785988063,926950195,148.323,0.736,149.049,63.396,1
1785988063,993786133,122.981,0.635,123.595,41.395,1
1785988064,94042480,95.858,0.58,96.412,73.073,1
1785988064,127461914,121.876,0.701,122.537,59.537,1
1785988064,194302002,124.04,0.575,124.578,68.889,1
1785988064,261143311,110.55,0.863,111.4,53.649,1
1785988064,294564697,122.116,0.559,122.653,44.687,1
1785988064,361407959,100.013,0.819,100.791,44.978,1
1785988064,394830322,118.048,0.599,118.623,51.257,1
1785988064,428252930,124.715,0.583,125.272,40.073,1
1785988064,495099121,109.722,0.63,110.324,51.898,1
1785988064,528522705,113.472,0.654,114.107,37.202,1
1785988064,561946533,119.462,0.558,119.998,39.32,1
1785988064,628795654,100.467,0.708,101.152,48.001,1
1785988064,662220703,105.957,0.774,106.715,38.98,1
1785988064,695645996,119.527,0.927,120.444,47.146,1
1785988064,729071533,130.814,0.672,131.462,44.461,1
1785988064,795924072,107.846,0.86,108.686,44.076,1
1785988064,829350586,141.235,0.998,142.219,66.943,1
1785988064,896111816,102.245,0.82,103.037,27.591,1
1785988064,929447021,118.891,0.567,119.421,49.726,1
1785988064,962782227,122.264,0.588,122.831,36.744,1
1785988065,29451904,94.452,0.588,95.016,38.856,1
1785988065,62786621,114.45,0.908,115.336,53.646,1
1785988065,96120850,130.067,0.815,130.858,48.861,1
1785988065,162789063,117.304,0.662,117.938,53.749,1
1785988065,196122803,134.953,0.693,135.63,51.015,1
1785988065,262789795,128.336,0.589,128.904,59.953,1
1785988065,329456299,100.616,0.667,101.26,39.019,1
1785988065,429454102,91.317,0.581,91.874,90.616,1
1785988065,462786377,110.001,0.605,110.588,52.043,1
1785988065,496118408,120.082,0.62,120.649,43.397,1
1785988065,529450439,136.084,0.644,136.71,49.387,1
1785988065,596113525,127.263,0.609,127.835,57.793,1
1785988065,662776123,94.723,0.564,95.259,34.088,1
1785988065,696106934,122.923,0.573,123.472,61.544,1
1785988065,762768311,109.349,0.894,110.227,53.395,1
1785988065,796098633,105.807,0.675,106.459,29.581,1
1785988065,829428711,135.352,0.951,136.282,63.145,1
1785988065,896093750,126.886,0.784,127.648,58.035,1
1785988065,962761230,109.216,0.821,110.012,49.025,1
1785988065,996094727,121.395,0.553,121.927,45.263,1
1785988066,62761230,114.027,4.234,118.268,62.974,1
1785988066,96093994,121.002,0.591,121.572,36.668,1
1785988066,129426758,141.5,0.94,142.414,54.162,1
1785988066,196091309,107.104,0.803,107.889,32.137,1
1785988066,229423340,129.116,0.672,129.769,55.227,1
1785988066,296086914,100.521,1.32,101.951,38.701,1
1785988066,329418213,119.499,0.571,120.049,51.576,1
1785988066,362749512,125.854,0.569,126.399,39.681,1
1785988066,429411377,97.732,0.632,98.34,38.6,1
1785988066,462741943,124.152,0.83,124.956,59.943,1
1785988066,529402344,100.815,0.853,101.689,43.353,1
1785988066,562732422,117.851,0.858,118.603,50.285,1
1785988066,596062012,127.269,0.673,127.92,42.652,1
1785988066,662720947,98.835,0.706,99.517,38.253,1
1785988066,696050049,116.089,0.657,116.73,50.54,1
1785988066,729378906,124.587,0.654,125.22,41.825,1
1785988066,796036133,110.87,0.634,111.477,52.913,1
1785988066,829364502,113.722,0.788,114.492,36.34,1
1785988066,862693359,126.676,0.6,127.26,46.097,1
1785988066,929372803,109.24,0.668,109.884,49.302,1
1785988066,962712402,123.622,0.689,124.274,47.728,1
1785988067,29391113,99.639,0.578,100.195,42.607,1
1785988067,62729980,120.959,0.591,121.528,54.671,1
1785988067,96068848,129.77,0.599,130.346,42.156,1
1785988067,162746094,109.977,0.651,110.613,46.938,1
1785988067,229422607,96.45,0.969,97.408,53.462,1
1785988067,262760498,122.366,2.55,124.943,60.841,1
1785988067,329436035,104.536,1.249,105.745,47.467,1
1785988067,362773438,116.363,0.631,116.968,44.618,1
1785988067,396110840,123.871,0.763,124.616,40.98,1
1785988067,462784912,104.919,1.875,106.769,48.808,1
1785988067,496121826,123.649,0.589,124.215,50.81,1
1785988067,562794922,98.386,1.165,99.536,41.975,1
1785988067,596131104,123.064,0.868,123.906,57.724,1
1785988067,629467285,126.097,0.585,126.66,36.09,1
1785988067,696138916,96.432,0.583,96.994,37.006,1
1785988067,729474609,111.736,1.023,112.755,49.072,1
1785988067,762810059,124.89,0.669,125.539,46.143,1
1785988067,829480225,104.355,0.63,104.961,46.09,1
1785988067,862815674,127.272,1.702,128.95,57.324,1
1785988067,929484375,115.291,0.713,115.999,53.701,1
1785988067,962818115,128.787,0.536,129.302,46.658,1
1785988068,29485352,104.597,0.806,105.394,42.744,1
1785988068,96151855,101.066,0.585,101.614,62.901,1
1785988068,129484863,123.075,0.772,123.815,55.529,1
1785988068,196149902,99.965,0.651,100.594,43.447,1
1785988068,229482178,114.63,0.641,115.248,47.984,1
1785988068,262814453,136.488,0.689,137.147,55.231,1
1785988068,329477783,115.677,0.609,116.263,45.783,1
1785988068,396140625,99.876,0.665,100.519,50.916,1
1785988068,429471680,120.969,0.616,121.557,54.372,1
1785988068,462802490,128.352,0.56,128.889,40.664,1
1785988068,529463379,101.649,0.891,102.529,40.283,1
1785988068,562793701,117.28,0.769,118.006,48.82,1
1785988068,596123535,137.64,0.933,138.558,53.879,1
1785988068,662782959,112.599,0.67,113.244,41.349,1
1785988068,729441406,105.423,1.598,107.185,60.41,1
1785988068,762770508,137.232,0.783,137.991,64.323,1
1785988068,829427734,146.586,0.923,147.495,76.155,1
1785988068,862756592,170.48,0.817,171.274,57.116,1
1785988068,962899414,134.164,0.803,134.995,63.798,1
1785988068,996281006,151.372,0.75,152.102,50.557,1
1785988069,96428467,103.451,0.745,104.174,52.215,1
1785988069,129811768,135.336,0.629,135.935,65.151,1
1785988069,196579346,121.688,0.63,122.294,53.123,1
1785988069,229963623,125.442,0.672,126.09,37.178,1
1785988069,296733398,113.383,0.664,114.025,54.706,1
1785988069,330118896,130.241,0.573,130.791,50.155,1
1785988069,396891113,101.522,0.973,102.492,38.443,1
1785988069,430277832,129.392,0.649,130.02,60.942,1
1785988069,497052246,111.694,0.922,112.608,49.342,1
1785988069,530439941,125.679,0.714,126.373,47.174,1
1785988069,597216553,106.623,1.5,107.551,47.952,1
1785988069,630605469,126.23,0.602,126.813,52.653,1
1785988069,697384521,103.698,1.086,104.723,44.639,1
1785988069,730774658,126.17,0.587,126.734,55.454,1
1785988069,797555908,94.618,0.561,95.155,35.202,1
1785988069,830947021,133.962,2.146,136.223,74.321,1
1785988069,897677979,106.432,0.745,107.155,37.793,1
1785988069,931017822,129.529,0.632,130.078,56.271,1
1785988069,964357422,133.434,0.705,134.113,37.374,1
1785988070,31036377,107.638,2.848,110.496,43.031,1
1785988070,64375488,128.285,0.556,128.82,51.695,1
1785988070,131053711,115.188,0.775,115.946,53.793,1
1785988070,164392334,126.531,0.803,127.316,44.712,1
1785988070,231069336,104.73,0.916,105.629,44.984,1
1785988070,264407715,123.114,0.645,123.739,51.46,1
1785988070,331083984,120.808,0.58,121.367,64.306,1
1785988070,364421631,133.228,1.087,134.183,46.147,1
1785988070,431096924,125.526,0.748,126.253,58.75,1
1785988070,497771484,100.599,0.784,101.36,41.778,1
1785988070,531108643,124.285,0.554,124.817,56.8,1
1785988070,597782227,115.81,0.856,116.647,58.5,1
1785988070,631118896,136.621,0.844,137.445,54.128,1
1785988070,697791748,118.092,0.649,118.723,47.957,1
1785988070,731127686,130.748,0.682,131.411,46.024,1
1785988070,797799561,120.409,0.637,121.014,56.274,1
1785988070,831135254,131.18,0.822,131.848,44.168,1
1785988070,897818115,111.379,0.605,111.951,46.79,1
1785988070,931164795,134.969,0.658,135.604,56.999,1
1785988070,964511475,149.805,0.633,150.415,48.158,1
1785988071,31204834,125.003,0.565,125.531,41.813,1
1785988071,97897705,100.67,0.552,101.2,42.362,1
1785988071,131244141,141.882,0.892,142.706,74.847,1
1785988071,197936523,125.304,0.667,125.944,49.932,1
1785988071,264628662,103.339,0.677,103.998,44.742,1
1785988071,297974854,122.576,0.636,123.189,52.544,1
1785988071,364666504,107.524,0.784,108.281,51.775,1
1785988071,398012451,125.901,0.753,126.634,51.708,1
1785988071,464703857,104.923,0.729,105.629,45.683,1
1785988071,498049561,109.886,0.682,110.546,38.267,1
1785988071,531395020,127.469,0.73,128.17,50.966,1
1785988071,598085938,125.145,0.609,125.727,64.251,1
1785988071,631431152,128.97,0.611,129.563,37.178,1
1785988071,698121582,110.157,0.842,110.971,48.092,1
1785988071,731466797,124.38,0.71,125.072,47.453,1
1785988071,798156982,102.741,1.067,103.774,45.387,1
1785988071,831501953,115.504,0.976,116.464,46.033,1
1785988071,864846924,128.366,1.798,130.144,47.033,1
1785988071,931531250,118.19,1.144,119.314,55.845,1
1785988071,964873291,130.941,0.585,131.56,45.543,1
1785988072,31556641,104.198,0.802,104.981,40.156,1
1785988072,64898193,114.317,1.936,116.088,44.446,1
1785988072,98239502,149.73,0.984,150.697,67.949,1
1785988072,164921875,130.282,0.674,130.934,46.926,1
1785988072,231603760,106.994,1.02,107.999,43.733,1
1785988072,264944336,125.798,0.578,126.35,51.706,1
1785988072,331625488,100.354,0.913,101.248,41.573,1
1785988072,364965576,126.221,0.579,126.777,58.875,1
1785988072,431645752,100.475,0.816,101.268,41.167,1
1785988072,464985596,124.828,0.577,125.382,57.459,1
1785988072,531665039,107.244,0.668,107.887,49.179,1
1785988072,565004395,128.192,0.632,128.783,54.238,1
1785988072,631682861,113.81,0.63,114.419,52.313,1
1785988072,665021973,130.208,2.773,130.905,49.828,1
1785988072,731699707,103.987,0.673,104.633,40.402,1
1785988072,798376709,99.242,0.58,99.815,61.843,1
1785988072,831715088,119.813,0.596,120.386,53.928,1
1785988072,865053711,143.227,0.69,143.884,56.833,1
1785988072,931735596,122.586,0.728,123.299,46.094,1
1785988072,965076416,132.331,0.563,132.87,42.92,1
1785988073,31757568,116.034,0.708,116.722,50.525,1
1785988073,65097900,122.504,0.727,123.204,39.827,1
1785988073,98437988,133.858,0.554,134.39,44.529,1
1785988073,165117920,112.001,0.76,112.735,45.014,1
1785988073,198457520,130.866,0.605,131.433,52.046,1
1785988073,265136719,115.039,0.669,115.692,50.933,1
1785988073,331815186,99.925,0.585,100.486,51.479,1
1785988073,365154053,109.64,1.138,110.759,43.601,1
1785988073,398492920,128.377,0.589,128.945,51.535,1
1785988073,465170166,101.229,0.885,102.091,39.82,1
1785988073,498508545,112.376,1.007,113.376,44.599,1
1785988073,531846924,127.177,0.656,127.812,47.802,1
1785988073,598522949,105.681,0.631,106.275,45.136,1
1785988073,631860840,128.439,0.57,128.985,56.051,1
1785988073,698536133,100.006,0.614,100.593,38.284,1
1785988073,731873535,118.846,0.666,119.496,52.233,1
1785988073,765210693,132.708,0.586,133.272,47.12,1
1785988073,831884766,111.75,0.935,112.654,46.055,1
1785988073,865221924,134.067,0.577,134.622,55.306,1
1785988073,931904053,136.903,1.25,138.196,70.182,1
1785988073,965244873,152.969,0.793,153.739,48.955,1
1785988074,31926270,131.345,0.905,132.219,45.155,1
1785988074,98606934,109.162,0.844,109.981,44.445,1
1785988074,131947021,126.906,0.64,127.532,50.892,1
1785988074,198626709,102.671,0.679,103.326,42.478,1
1785988074,231966553,128.66,0.672,129.307,59.32,1
1785988074,298645508,105.356,1.555,106.911,44.25,1
1785988074,331984619,117.72,0.834,118.538,44.992,1
1785988074,365323730,129.11,0.798,129.896,44.695,1
1785988074,432001709,132.493,0.721,133.193,69.985,1
1785988074,498678955,115.985,0.65,116.614,50.097,1
1785988074,532017334,120.401,0.629,121.01,37.735,1
1785988074,565355469,136.09,0.561,136.628,48.958,1
1785988074,632031494,116.273,0.648,116.897,46.943,1
1785988074,665369385,131.973,0.553,132.502,48.946,1
1785988074,732044678,111.814,0.704,112.502,46.666,1
1785988074,765382080,126.665,0.715,127.358,48.202,1
1785988074,832056396,110.421,0.877,111.278,50.591,1
1785988074,865393555,129.057,0.727,129.775,51.824,1
1785988074,932076660,127.286,0.855,128.206,65.038,1
1785988074,998759033,104.995,0.947,105.921,44.474,1
1785988075,32100098,119.073,1.339,119.728,47.159,1
1785988075,65440918,136.737,0.797,137.512,51.12,1
1785988075,132122314,125.601,0.573,126.152,55.329,1
1785988075,198802979,100.884,0.609,101.471,41.999,1
1785988075,232143066,126.692,0.588,127.259,59.126,1
1785988075,298822998,100.09,0.575,100.643,40.066,1
1785988075,332162842,127.611,0.58,128.169,60.865,1
1785988075,398841797,99.919,5.967,105.9,44.369,1
1785988075,432181152,119.465,0.62,120.058,47.538,1
1785988075,465520264,129.451,0.563,129.993,43.275,1
1785988075,532198242,100.009,0.577,100.549,37.233,1
1785988075,565536865,118.999,0.64,119.61,52.398,1
1785988075,632213867,100.495,0.571,101.041,48.11,1
1785988075,665552246,119.212,0.639,119.835,52.126,1
1785988075,698890381,132.838,0.565,133.378,46.887,1
1785988075,765566406,114.386,0.639,115.005,48.3,1
1785988075,798904053,124.48,0.744,125.203,43.538,1
1785988075,898927002,100.172,0.717,100.814,75.632,1
1785988075,932348389,105.668,0.725,106.367,38.974,1
1785988075,965770020,114.539,0.76,115.302,42.335,1
1785988075,999192139,131.304,0.61,131.885,50.03,1
1785988076,66037354,107.348,0.634,107.958,42.917,1
1785988076,99460449,129.606,0.574,130.158,55.624,1
1785988076,166307861,122.453,0.656,123.078,59.767,1
1785988076,199732178,120.402,0.656,121.032,31.38,1
1785988076,233156982,135.852,0.902,136.73,49.119,1
1785988076,300007324,111.39,1.294,112.668,42.764,1
1785988076,333433105,126.257,0.567,126.803,47.59,1
1785988076,400285645,98.501,0.76,99.316,39.283,1
1785988076,433712646,120.351,0.766,121.099,55.282,1
1785988076,467139893,129.977,0.583,130.536,42.874,1
1785988076,533995361,118.409,0.673,119.052,55.368,1
1785988076,567423828,134.387,0.8,135.168,49.538,1
1785988076,634281494,118.009,0.673,118.655,50.351,1
1785988076,701140869,97.344,0.627,97.948,46.156,1
1785988076,734571045,111.328,0.746,112.057,47.532,1
1785988076,801432617,99.711,0.577,100.266,55.079,1
1785988076,834864014,106.626,0.703,107.364,40.471,1
1785988076,868295654,125.272,0.749,126.178,52.119,1
1785988076,901725830,141.593,0.702,142.262,49.682,1
1785988076,968478760,128.919,0.556,129.453,53.96,1
1785988077,35233154,113.242,0.717,113.939,51.238,1
1785988077,68610840,127.842,0.6,128.528,47.861,1
1785988077,135367188,101.456,0.656,102.091,40.424,1
1785988077,168746094,116.039,1.024,117.045,48.328,1
1785988077,235504639,108.132,0.873,109.003,58.701,1
1785988077,268884521,130.858,0.673,131.509,55.909,1
1785988077,335645264,106.689,1.066,107.753,42.984,1
1785988077,369026123,124.988,0.583,125.55,51.2,1
1785988077,435789063,99.305,0.642,99.878,41.09,1
1785988077,469171143,127.184,0.635,127.798,61.303,1
1785988077,535936035,101.131,0.763,101.911,40.811,1
1785988077,569319092,119.995,2.649,122.523,54.043,1
1785988077,602702637,131.866,0.584,132.428,43.307,1
1785988077,669470459,106.029,0.752,106.759,41.098,1
1785988077,702854980,116.408,0.547,116.934,43.561,1
1785988077,736239746,129.536,0.769,130.148,46.597,1
1785988077,803010498,104.359,0.68,105.013,41.637,1
1785988077,836396484,129.506,0.735,130.221,58.591,1
1785988077,903168701,111.428,0.7,112.108,48.658,1
1785988077,936509766,132.342,0.75,133.063,54.299,1
1785988077,969850830,130.815,0.644,131.446,31.718,1
1785988078,36532227,117.807,0.652,118.441,53.677,1
1785988078,69872803,133.522,0.571,134.071,48.977,1
1785988078,136553467,110.073,0.69,110.735,43.341,1
1785988078,169893799,129.585,0.708,130.332,52.882,1
1785988078,236573486,130.562,0.638,131.18,67.586,1
1785988078,303252686,105.746,0.58,106.303,41.804,1
1785988078,336592285,124.843,0.555,125.377,52.413,1
1785988078,403270508,104.107,0.661,104.738,46.036,1
1785988078,436609619,125.396,0.559,125.935,54.539,1
1785988078,469948242,136.438,0.575,136.993,44.394,1
1785988078,536625488,116.284,1.434,117.703,47.381,1
1785988078,569963867,128.441,0.634,129.051,44.692,1
1785988078,636640381,103.522,0.775,104.285,41.897,1
1785988078,669978271,126.656,0.587,127.222,56.289,1
1785988078,736653809,99.446,0.615,100.039,39.492,1
1785988078,769991211,113.562,0.638,114.26,47.477,1
1785988078,803328613,133.171,0.581,133.733,52.889,1
1785988078,870002930,131.863,5.324,137.186,70.108,1
1785988078,936681396,137.425,0.658,138.063,67.577,1
1785988078,970022461,146.913,0.746,147.65,42.911,1
1785988079,36703613,126.149,0.586,126.714,45.764,1
1785988079,103384521,101.108,0.601,101.685,41.653,1
1785988079,136724609,116.337,0.641,116.957,48.612,1
1785988079,170064697,129.181,0.574,129.734,46.117,1
1785988079,236744385,103.739,0.748,104.459,41.4,1
1785988079,270083984,113.17,0.633,113.787,42.668,1
1785988079,303423340,127.078,0.546,127.602,47.16,1
1785988079,370101807,114.593,2.912,117.491,56.552,1
1785988079,403440918,126.447,0.579,127.005,42.867,1
1785988079,470118408,114.851,0.699,115.529,55.199,1
1785988079,536795410,98.631,0.832,99.445,50.577,1
1785988079,570133789,112.096,0.678,112.757,46.659,1
1785988079,603471924,131.212,0.65,131.843,52.431,1
1785988079,670147705,117.773,0.824,118.586,53.409,1
1785988079,703485352,130.557,0.629,131.167,45.928,1
1785988079,770160400,114.181,0.842,115.003,50.504,1
1785988079,803497559,129.773,0.539,130.291,48.635,1
1785988079,870171631,123.527,0.609,124.116,60.495,1
1785988079,903509033,160.875,0.648,161.503,70.727,1
1785988080,3668213,104.637,0.712,105.333,43.985,1
1785988080,37055420,128.655,0.704,129.338,57.396,1
1785988080,103831055,101.589,0.574,102.142,39.58,1
1785988080,137219727,125.937,0.672,126.589,57.836,1
1785988080,203998047,97.81,0.651,98.441,38.63,1
1785988080,237387939,130.691,0.846,131.378,66.327,1
1785988080,304168945,95.911,0.67,96.548,31.947,1
1785988080,337560059,113.213,0.673,113.867,50.711,1
1785988080,370951416,126.69,0.775,127.301,46.827,1
1785988080,437735840,119.644,0.802,120.424,59.909,1
1785988080,471128662,125.43,0.597,126.006,38.975,1
1785988080,537915771,115.015,0.649,115.644,56.423,1
1785988080,571309814,129.117,0.563,129.659,47.413,1
1785988080,638099365,128.201,0.642,128.823,65.953,1
1785988080,704890625,104.198,2.877,107.002,44.887,1
1785988080,738286865,125.098,0.548,125.626,52.103,1
1785988080,805080566,114.354,0.636,114.968,56.131,1
1785988080,838478271,130.304,0.555,130.835,49.27,1
1785988080,905273682,129.751,0.642,130.367,66.323,1
1785988080,971970459,102.456,0.562,102.996,39.329,1
1785988081,38666992,95.606,0.552,96.138,59.839,1
1785988081,72015137,110.111,0.595,110.685,47.894,1
1785988081,105363037,124.588,0.565,125.133,47.797,1
1785988081,172058838,107.868,0.623,108.47,50.03,1
1785988081,205406738,111.439,1.66,113.101,37.954,1
1785988081,238754395,123.955,0.861,124.787,45.055,1
1785988081,305449707,99.346,0.674,99.996,41.909,1
1785988081,338797119,123.143,0.582,123.704,57.058,1
1785988081,372144531,131.285,0.636,131.899,41.539,1
1785988081,438839111,105.515,0.961,106.444,41.23,1
1785988081,472186523,125.834,0.605,126.417,53.331,1
1785988081,538880615,96.091,0.623,96.698,36.971,1
1785988081,572227539,111.766,0.914,112.68,49.306,1
1785988081,605574463,132.45,0.633,133.061,53.756,1
1785988081,672267822,114.459,0.764,115.208,48.829,1
1785988081,705614502,129.191,0.626,129.794,47.944,1
1785988081,772307617,113.996,0.671,114.651,51.541,1
1785988081,805653809,132.019,0.616,132.61,51.315,1
1785988081,872346436,129.129,0.589,129.699,63.778,1
1785988081,939041016,130.153,0.703,130.818,67.817,1
1785988082,5736816,100.772,0.626,101.373,37.249,1
1785988082,39084717,115.712,0.62,116.311,48.284,1
1785988082,72432373,135.554,0.564,136.095,53.136,1
1785988082,139127686,124.107,0.594,124.643,55.244,1
1785988082,205822510,103.8,0.671,104.449,46.497,1
1785988082,239169922,124.743,0.576,125.297,54.199,1
1785988082,305864258,97.035,0.839,97.841,39.233,1
1785988082,339211182,109.809,0.787,110.577,46.077,1
1785988082,372558350,128.012,0.773,128.765,51.545,1
1785988082,439251953,100.843,0.965,101.712,39.634,1
1785988082,472598877,110.296,0.631,110.907,42.55,1
1785988082,505945313,119.446,0.744,120.165,42.603,1
1785988082,539291992,128.985,0.617,129.578,42.76,1
1785988082,605984863,123.94,0.957,124.884,61.989,1
1785988082,672677490,103.248,1.272,104.495,46.294,1
1785988082,706023682,118.394,0.628,118.998,47.868,1
1785988082,739369873,127.183,0.599,127.761,42.109,1
1785988082,806061768,100.553,0.845,101.296,40.222,1
1785988082,839407471,116.239,0.743,116.959,49.01,1
1785988082,872753418,132.875,0.804,133.652,50.037,1
1785988082,939450684,128.701,0.665,129.343,62.393,1
1785988083,6153320,114.608,1.037,115.63,52.977,1
1785988083,39504395,129.467,0.586,130.028,47.763,1
1785988083,106206787,102.095,0.87,102.962,39.615,1
1785988083,139557861,128.485,0.684,129.149,59.558,1
1785988083,206260010,106.201,0.843,107.026,44.574,1
1785988083,239610840,126.941,0.586,127.506,53.837,1
1785988083,306312744,112.221,1.316,113.54,52.709,1
1785988083,339663574,120.334,0.768,121.081,40.916,1
1785988083,373014404,131.01,0.579,131.568,43.841,1
1785988083,439716064,103.896,1.14,105.115,40.143,1
1785988083,473066650,114.577,1.508,116.095,44.403,1
1785988083,506417480,130.624,0.664,131.267,48.556,1
1785988083,573118652,107.333,0.881,108.188,43.614,1
1785988083,606469238,133.161,0.567,133.708,58.88,1
1785988083,673170166,121.312,0.553,121.843,54.836,1
1785988083,706520752,140.949,1.005,141.927,53.422,1
1785988083,773221436,128.018,0.58,128.578,53.361,1
1785988083,839922119,113.85,0.742,114.573,52.694,1
1785988083,873272217,151.061,0.728,151.768,70.543,1
1785988083,939972412,132.633,0.798,133.414,48.343,1
1785988084,6672119,125.58,0.549,126.107,59.404,1
1785988084,73371338,101.504,0.709,102.198,42.779,1
1785988084,106720947,123.172,0.572,123.723,54.885,1
1785988084,140070557,130.192,0.583,130.75,40.376,1
1785988084,206769287,109.091,0.6,109.672,45.619,1
1785988084,240118652,117.869,0.667,118.514,42.193,1
1785988084,306817139,95.739,0.603,96.32,44.505,1
1785988084,340166260,125.852,0.565,126.397,63.426,1
1785988084,406864258,102.689,0.859,103.525,43.821,1
1785988084,440213135,129.3,0.618,129.897,59.725,1
1785988084,506910645,103.629,0.988,104.594,41.383,1
1785988084,540259521,129.175,0.763,129.923,58.679,1
1785988084,606956787,112.887,0.759,113.62,50.403,1
1785988084,640305176,127.621,0.696,128.3,48.024,1
1785988084,707001953,107.376,1.384,108.75,47.133,1
1785988084,740350342,127.278,0.674,127.938,52.549,1
1785988084,807046875,107.868,0.822,108.67,47.43,1
1785988084,840395020,128.793,0.705,129.478,54.157,1
1785988084,907091064,122.349,0.723,123.05,60.27,1
1785988084,940443359,138.394,0.747,139.126,49.421,1
1785988085,7147461,128.383,0.76,129.121,56.706,1
1785988085,73851563,97.56,0.753,98.3,35.88,1
1785988085,107203369,128.114,0.559,128.651,63.709,1
1785988085,173907227,102.437,1.084,103.409,41.455,1
1785988085,207259033,123.545,0.64,124.165,54.114,1
1785988085,240610840,130.947,0.655,131.583,40.769,1
1785988085,307314453,107.553,0.948,108.442,43.544,1
1785988085,340666016,125.467,0.569,126.011,50.94,1
1785988085,407369385,102.462,0.646,103.086,43.776,1
1785988085,440720947,126.038,0.585,126.601,56.869,1
1785988085,507424072,104.802,1.314,106.105,46.182,1
1785988085,540775391,114.255,0.629,114.863,42.132,1
1785988085,574126953,139.482,0.911,140.381,58.857,1
1785988085,640829590,124.687,0.653,125.32,51.655,1
1785988085,707532227,111.333,0.697,112.007,53.384,1
1785988085,740883545,136.234,0.661,136.872,58.221,1
1785988085,807585938,124.148,0.665,124.784,54.614,1
1785988085,840937012,139.01,0.711,139.707,48.263,1
1785988085,907639404,131.601,0.545,132.122,59.132,1
1785988085,974497314,113.489,0.695,114.17,48.896,1
1785988086,7927002,131.914,0.576,132.469,51.738,1
1785988086,74787354,116.961,0.575,117.515,51.906,1
1785988086,108218262,134.335,0.626,134.939,50.852,1
1785988086,175081299,120.323,0.575,120.876,52.803,1
1785988086,208513672,129.193,0.563,129.734,42.291,1
1785988086,275379395,108.517,0.933,109.439,46.551,1
1785988086,308812988,125.96,0.601,126.541,50.555,1
1785988086,375681152,98.193,0.644,98.81,39.136,1
1785988086,409116211,122.077,0.681,122.737,57.363,1
1785988086,442551270,128.755,0.703,129.629,40.125,1
1785988086,509423340,116.379,0.847,117.197,54.63,1
1785988086,542859863,126.801,0.743,127.518,43.768,1
1785988086,609734375,105.079,0.913,105.979,45.321,1
1785988086,643172119,128.491,0.681,129.151,56.624,1
1785988086,710049316,122.683,0.674,123.338,61.064,1
1785988086,776928223,104.542,0.896,105.411,48.946,1
1785988086,810368408,132.149,0.998,133.13,61.157,1
1785988086,877249756,124.116,1.127,125.218,58.966,1
1785988086,910689209,135.896,1.01,136.887,45.112,1
1785988086,977372803,124.595,0.585,125.154,54.96,1
1785988087,44055908,98.688,0.923,99.595,41.115,1
1785988087,77396973,126.359,0.861,127.207,60.949,1
1785988087,110738281,123.039,0.667,123.685,29.828,1
1785988087,177420166,104.125,0.686,104.794,47.788,1
1785988087,210760986,124.104,0.565,124.646,53.201,1
1785988087,277441895,108.54,0.674,109.193,51.221,1
1785988087,310782227,124.14,0.567,124.683,48.837,1
1785988087,377462402,95.389,0.694,96.06,38.056,1
1785988087,410802490,108.68,0.565,109.222,46.502,1
1785988087,444142090,126.68,0.82,127.472,51.588,1
1785988087,510821289,110.443,0.659,111.071,50.278,1
1785988087,544160645,123.124,0.56,123.657,45.929,1
1785988087,610838867,100.527,0.656,101.16,44.174,1
1785988087,644177979,123.984,0.587,124.55,56.733,1
1785988087,710855469,104.724,2.239,106.947,49.055,1
1785988087,744193848,131.145,0.665,131.791,58.201,1
1785988087,810870605,106.366,1.836,108.238,43.052,1
1785988087,844208740,138.242,1.162,139.398,64.548,1
1785988087,910885010,128.044,0.577,128.599,55.903,1
1785988087,944303711,159.66,0.62,160.258,65.076,1
1785988088,44562256,102.984,0.922,103.879,43.875,1
1785988088,77982422,128.574,0.872,129.426,58.97,1
1785988088,144823730,102.605,0.679,103.266,40.678,1
1785988088,178244873,113.348,0.56,113.886,44.049,1
1785988088,245088379,101.306,0.641,101.923,54.877,1
1785988088,278510742,125.96,0.598,126.538,58.037,1
1785988088,345356445,109.684,1.959,111.624,51.931,1
1785988088,378780029,111.107,0.645,111.73,33.532,1
1785988088,445627686,102.971,0.804,103.755,58.869,1
1785988088,479052246,109.211,0.906,110.101,39.765,1
1785988088,512477051,122.981,0.695,123.653,46.986,1
1785988088,579327881,99.217,0.808,99.995,43.191,1
1785988088,612753662,114.692,0.654,115.324,48.757,1
1785988088,646179932,127.512,0.765,128.258,46.357,1
1785988088,713033691,110.668,0.858,111.511,50.099,1
1785988088,746460938,134.401,0.893,135.286,57.192,1
1785988088,813316650,116.266,0.758,117.008,48.595,1
1785988088,846745117,136.364,0.922,137.221,53.634,1
1785988088,913601563,139.465,0.594,140.021,69.67,1
1785988088,980423340,116.255,0.869,117.108,43.902,1
1785988089,13834473,125.019,0.649,125.645,41.954,1
1785988089,80657959,94.861,0.655,95.499,36.672,1
1785988089,114070068,103.954,0.963,104.901,42.812,1
1785988089,147482666,113.554,0.617,114.151,42.67,1
1785988089,180895264,121.269,0.562,121.81,41.074,1
1785988089,214308350,128.594,0.639,129.207,40.809,1
1785988089,281135254,109.747,0.667,110.396,48.013,1
1785988089,314549072,129.759,0.901,130.639,53.657,1
1785988089,381377930,118.995,0.668,119.638,55.828,1
1785988089,414792480,133.89,0.739,134.564,48.342,1
1785988089,481622803,109.381,0.749,110.104,42.366,1
1785988089,515038574,124.822,0.678,125.398,48.716,1
1785988089,548454346,135.866,1.035,136.837,44.831,1
1785988089,615287109,113.295,0.67,113.944,43.963,1
1785988089,648703857,120.991,0.657,121.621,41.093,1
1785988089,715538086,96.966,0.651,97.594,42.808,1
1785988089,748955811,101.353,4.77,106.183,41.922,1
1785988089,782373535,117.84,0.929,118.751,46.066,1
1785988089,815791748,134.111,1.234,135.237,49.898,1
1785988089,882628906,111.74,0.761,112.473,44.081,1
1785988089,916046875,132.406,0.836,133.221,54.159,1
1785988089,982821045,122.014,0.595,122.585,56.146,1
1785988090,49629639,94.497,0.631,95.108,39.328,1
1785988090,83034424,123.164,0.769,123.917,62.213,1
1785988090,149844482,107.833,0.705,108.521,51.411,1
1785988090,183249756,123.965,0.537,124.482,49.375,1
1785988090,250061279,114.596,0.726,115.294,57.621,1
1785988090,283467285,121.771,0.774,122.521,40.634,1
1785988090,350279785,96.652,0.832,97.468,41.752,1
1785988090,383686523,120.794,0.638,121.411,57.359,1
1785988090,450500732,110.008,0.722,110.708,56.11,1
1785988090,483907959,120.934,0.589,121.497,44.196,1
1785988090,550723389,98.688,1.255,99.939,45.235,1
1785988090,584131348,115.528,0.855,116.27,49.756,1
1785988090,617539795,135.956,0.726,136.658,53.801,1
1785988090,684356934,119.346,0.646,119.976,50.132,1
1785988090,751175049,93.934,0.755,94.667,41.509,1
1785988090,784584229,111.125,0.962,112.062,50.806,1
1785988090,817993896,126.658,0.656,127.296,48.64,1
1785988090,884813721,141.584,0.644,142.201,81.725,1
1785988090,951633545,112.804,0.601,113.387,38.009,1
1785988090,985030518,119.898,0.584,120.458,40.47,1
1785988091,51824463,92.419,0.607,93.002,39.337,1
1785988091,85221680,106.143,0.669,106.796,47.182,1
1785988091,118619141,127.315,0.647,127.941,54.551,1
1785988091,185414551,92.801,0.677,93.434,32.286,1
1785988091,218812500,118.924,0.559,119.462,59.43,1
1785988091,285608643,89.711,0.567,90.243,37.577,1
1785988091,319007080,117.551,0.926,118.464,61.607,1
1785988091,385804443,94.306,0.83,95.05,43.393,1
1785988091,419203125,117.433,0.558,117.97,56.321,1
1785988091,486001465,92.676,0.616,93.263,42.09,1
1785988091,519400879,117.927,0.551,118.442,58.581,1
1785988091,586199951,90.192,0.61,90.774,39.129,1
1785988091,619599854,102.347,0.591,102.917,45.543,1
1785988091,652999756,118.232,0.569,118.779,49.262,1
1785988091,719800293,92.391,0.618,92.986,41.006,1
1785988091,786601563,89.348,0.657,89.982,63.8,1
1785988091,820002197,101.207,0.836,102.034,45.432,1
1785988091,853403320,145.567,0.954,146.475,77.855,1
1785988091,920205566,111.898,0.866,112.704,33.034,1
1785988091,953606445,129.618,0.674,130.269,50.97,1
1785988092,20473633,111.67,0.748,112.307,48.904,1
1785988092,53908203,121.937,0.586,122.5,43.631,1
1785988092,120779297,97.981,0.8,98.759,43.123,1
1785988092,154215820,117.155,0.767,117.904,52.582,1
1785988092,221091064,98.377,1.073,99.466,48.405,1
1785988092,254529541,117.905,0.786,118.669,52.676,1
1785988092,321408691,99.054,0.807,99.837,48.049,1
1785988092,354849365,101.153,0.658,101.792,35.394,1
1785988092,388290771,122.544,0.654,123.181,54.832,1
1785988092,455175293,112.268,1.079,113.335,57.031,1
1785988092,488618652,126.348,0.953,127.229,47.34,1
1785988092,555507324,110.134,0.585,110.698,50.367,1
1785988092,588952637,117.729,0.6,118.308,41.056,1
1785988092,655845459,104.158,0.945,105.09,53.649,1
1785988092,689292725,102.756,0.68,103.417,31.797,1
1785988092,722740967,115.939,0.673,116.593,46.622,1
1785988092,789639160,101.744,0.651,102.373,52.68,1
1785988092,823089111,116.806,0.687,117.473,48.553,1
1785988092,889991455,116.753,0.572,117.303,66.734,1
1785988092,923443359,153.222,0.562,153.763,69.911,1
1785988093,23670410,103.281,0.726,103.988,50.445,1
1785988093,57060303,120.706,0.561,121.247,50.655,1
1785988093,123840332,104.032,0.703,104.715,50.244,1
1785988093,157230469,122.78,0.627,123.381,52.06,1
1785988093,224010986,115.386,0.547,115.909,59.309,1
1785988093,290791992,90.816,0.731,91.523,42.392,1
1785988093,324182617,105.579,0.64,106.198,48.064,1
1785988093,357573242,121.634,0.582,122.195,49.392,1
1785988093,424354980,98.686,0.708,99.374,43.957,1
1785988093,457745850,113.04,0.719,113.738,47.757,1
1785988093,524528320,84.825,0.552,85.355,38.402,1
1785988093,557919434,100.649,0.576,101.207,49.24,1
1785988093,591311035,117.319,0.666,117.969,50.149,1
1785988093,658093994,93.303,1.44,94.739,43.53,1
1785988093,691485596,114.586,0.59,115.135,53.816,1
1785988093,758269287,90.436,0.773,91.138,42.783,1
1785988093,791661377,112.743,0.587,113.307,55.564,1
1785988093,825053223,155.553,0.64,156.171,76.256,1
1785988093,925230225,125.236,0.809,126.022,70.027,1
1785988093,992014893,117.508,0.555,118.054,58.801,1
1785988094,58779785,100.18,0.781,100.934,49.653,1
1785988094,92162109,119.216,0.598,119.792,52.248,1
1785988094,158927002,114.901,0.621,115.499,62.471,1
1785988094,225692139,85.078,0.562,85.618,36.887,1
1785988094,259074707,102.047,0.636,102.663,50.424,1
1785988094,292457275,120.418,0.877,121.272,51.988,1
1785988094,359222656,107.549,0.8,108.324,53.82,1
1785988094,392605225,125.155,0.895,126.031,51.082,1
1785988094,459370850,105.23,0.719,105.86,46.602,1
1785988094,492753418,124.978,0.696,125.647,53.172,1
1785988094,559519287,109.155,0.654,109.79,50.907,1
1785988094,626285156,90.942,0.904,91.823,48.793,1
1785988094,659667969,100.299,0.742,101.025,42.583,1
1785988094,693051025,108.784,0.765,109.526,41.893,1
1785988094,759817139,91.668,0.609,92.255,49.495,1
1785988094,793200195,117.629,0.729,118.335,59.464,1
1785988094,859966309,88.968,0.872,89.818,38.245,1
1785988094,926732910,102.529,0.652,103.16,80.113,1
1785988094,960115967,108.099,0.763,108.843,39.065,1
1785988094,993499512,118.961,0.676,119.612,44.154,1
1785988095,60254639,89.326,1.262,90.589,37.699,1
1785988095,93632324,105.027,0.762,105.773,48.586,1
1785988095,127009766,117.721,0.623,118.32,45.932,1
1785988095,193764893,109.095,0.586,109.66,58.096,1
1785988095,227142334,116.227,0.56,116.761,40.48,1
1785988095,293897217,99.743,0.638,100.362,50.351,1
1785988095,327274658,114.939,0.553,115.471,48.49,1
1785988095,394029541,96.889,0.722,97.589,48.871,1
1785988095,427406982,116.03,0.572,116.578,52.369,1
1785988095,494161865,87.914,0.642,88.532,38.707,1
1785988095,527539063,107.997,0.577,108.552,53.399,1
1785988095,560916504,122.089,0.64,122.706,47.53,1
1785988095,627671143,113.771,0.783,114.534,58.577,1
1785988095,661048340,131.684,1.226,132.895,51.727,1
1785988095,727802979,112.78,0.552,113.313,47.189,1
1785988095,794557373,93.252,1.717,94.961,48.382,1
1785988095,827934570,111.704,0.734,112.418,50.852,1
1785988095,894688965,113.949,0.898,114.831,69.165,1
1785988095,961443115,115.192,0.68,115.848,67.779,1
1785988096,28110840,99.115,0.797,99.881,50.698,1
1785988096,61400146,112.418,0.591,112.987,46.398,1
1785988096,127977539,87.369,0.581,87.928,41.518,1
1785988096,161265381,102.489,0.741,103.212,48.567,1
1785988096,194552490,107.98,0.888,108.864,38.922,1
1785988096,227839111,119.969,0.799,120.74,45.182,1
1785988096,294410645,104.323,1.302,105.606,51.43,1
1785988096,327695557,120.999,0.643,121.62,49.306,1
1785988096,394263428,113.701,0.653,114.334,59.284,1
1785988096,460829102,99.365,0.59,99.915,52.147,1
1785988096,494111084,115.265,0.57,115.816,49.181,1
1785988096,560673096,105.726,0.672,106.363,57.111,1
1785988096,593953369,105.253,0.82,106.024,32.929,1
1785988096,627232910,120.368,0.695,121.032,48.298,1
1785988096,693790283,115.742,0.604,116.325,61.848,1
1785988096,760345459,101.966,0.575,102.519,52.752,1
1785988096,793622070,121.719,0.576,122.27,53.027,1
1785988096,860173828,115.462,0.593,116.035,60.315,1
1785988096,926723145,109.936,0.699,110.608,61.12,1
1785988096,959996826,121.086,0.571,121.636,44.306,1
1785988097,26562256,100.939,0.769,101.692,46.612,1
1785988097,59851318,117.644,0.562,118.184,49.791,1
1785988097,126427490,99.119,0.725,99.818,48.205,1
1785988097,159714844,124.714,3.084,127.793,61.246,1
1785988097,226287598,95.548,0.747,96.237,35.03,1
1785988097,259572998,114.918,0.791,115.612,52.667,1
1785988097,326142090,89.089,0.78,89.857,40.798,1
1785988097,359425781,101.852,0.67,102.503,45.941,1
1785988097,392708984,135.733,0.712,136.423,67.206,1
1785988097,459273193,94.871,2.77,97.65,27.759,1
1785988097,525835205,88.479,0.542,89.001,57.948,1
1785988097,559115234,101.913,0.645,102.536,46.815,1
1785988097,592394775,114.379,0.676,115.035,45.776,1
1785988097,658951904,101.822,0.64,102.441,53.965,1
1785988097,692229736,114.463,0.843,115.295,46.121,1
1785988097,758783203,96.239,0.93,97.152,48.415,1
1785988097,792059082,110.687,0.577,111.243,47.373,1
1785988097,825334473,126.64,0.744,127.366,49.392,1
1785988097,891883301,121.334,0.555,121.868,61.058,1
1785988097,958429688,107.397,0.713,108.089,52.767,1
1785988097,991704346,137.802,0.697,138.477,63.662,1
1785988098,58290771,118.19,0.673,118.843,46.95,1
1785988098,124875000,89.692,0.577,90.248,37.992,1
1785988098,158166016,106.768,0.619,107.359,50.403,1
1785988098,191456787,124.279,0.622,124.88,50.811,1
1785988098,224746826,143.957,0.534,144.471,52.883,1
1785988098,291325195,126.568,0.66,127.205,49.309,1
1785988098,357901123,116.661,0.811,117.456,56.811,1
1785988098,391188477,126.567,0.579,127.125,42.973,1
1785988098,424474854,149.232,0.57,149.782,55.944,1
1785988098,491046387,134.783,0.679,135.439,52.223,1
1785988098,557615723,108.886,0.61,109.478,40.611,1
1785988098,624182373,92.442,0.658,93.079,50.167,1
1785988098,657465088,121.333,0.577,121.889,62.095,1
1785988098,724028564,94.721,0.603,95.298,39.974,1
1785988098,757309326,110.238,0.547,110.763,48.746,1
1785988098,790589600,118.974,0.56,119.513,42.03,1
1785988098,857148438,93.308,0.617,93.903,40.948,1
1785988098,890427002,125.166,0.585,125.73,65.105,1
1785988098,956982422,114.426,0.577,114.982,55.808,1
1785988098,990261230,129.607,0.655,130.238,48.534,1
1785988099,56848145,108.648,0.546,109.174,45.525,1
1785988099,123432861,105.1,0.664,105.76,63.147,1
1785988099,156724121,102.897,1.74,104.642,32.169,1
1785988099,223305420,96.034,0.61,96.62,58.585,1
1785988099,256594971,103.547,0.721,104.237,40.906,1
1785988099,289884277,125.823,0.567,126.37,55.425,1
1785988099,356460693,100.736,0.712,101.401,41.597,1
1785988099,389748291,120.058,0.573,120.61,52.507,1
1785988099,456321289,100.503,1.02,101.45,47.4,1
1785988099,489606934,120.142,0.653,120.774,52.623,1
1785988099,556176758,96.803,0.737,97.511,43.302,1
1785988099,589460693,111.884,1.004,112.867,48.637,1
1785988099,622744141,123.536,5.599,129.169,49.537,1
1785988099,689309082,92.389,0.647,93.015,30.465,1
1785988099,722590820,100.495,0.951,101.422,41.68,1
1785988099,755871826,116.914,0.581,117.474,49.343,1
1785988099,789152588,140.677,0.665,141.321,57.123,1
1785988099,855711914,128.926,0.812,129.721,54.958,1
1785988099,922268799,103.971,0.653,104.597,41.434,1
1785988099,955546387,126.68,0.672,127.331,56.015,1
1785988100,22115234,120.297,0.658,120.94,60.171,1
1785988100,55404785,129.053,0.563,129.595,41.952,1
1785988100,121981689,113.139,0.607,113.724,50.706,1
1785988100,155269287,122.614,0.566,123.157,42.722,1
1785988100,221842529,103.021,0.589,103.589,47.004,1
1785988100,255128418,122.563,0.698,123.239,52.937,1
1785988100,321697998,97.648,0.569,98.196,41.526,1
1785988100,354981934,122.71,0.581,123.266,58.355,1
1785988100,421548096,97.38,0.596,97.955,41.254,1
1785988100,454830322,115.912,0.591,116.483,51.81,1
1785988100,488112061,123.629,0.741,124.354,41.142,1
1785988100,554673340,104.915,1.09,105.997,48.195,1
1785988100,587953125,123.669,0.714,124.356,51.655,1
1785988100,654510986,107.703,0.672,108.354,50.555,1
1785988100,687788818,123.879,0.563,124.421,49.35,1
1785988100,754343018,96.627,0.559,97.163,39.296,1
1785988100,787619385,108.072,0.579,108.622,44.736,1
1785988100,820894775,131.76,1.092,132.83,57.476,1
1785988100,887444336,106.57,0.928,107.473,41.194,1
1785988100,920718018,107.978,0.632,108.606,34.392,1
1785988100,953991211,126.968,0.746,127.7,52.375,1
1785988101,20609619,109.359,0.768,110.111,49.034,1
1785988101,53976807,122.565,0.626,123.171,46.432,1
1785988101,120710693,109.157,0.963,110.11,53.657,1
1785988101,154077637,127.705,0.56,128.245,51.52,1
1785988101,220811035,113.91,0.759,114.652,53.13,1
1785988101,254177490,123.262,0.541,123.782,42.508,1
1785988101,320910400,100.281,0.838,101.098,44.044,1
1785988101,354276611,125.311,0.737,126.038,58.288,1
1785988101,421008789,99.863,0.762,100.598,41.313,1
1785988101,454374756,124.876,0.819,125.696,58.443,1
1785988101,521106201,96.08,0.652,96.712,37.769,1
1785988101,554471924,106.726,3.026,109.762,46.377,1
1785988101,587837402,115.865,0.649,116.496,40.134,1
1785988101,621202637,128.145,0.572,128.695,45.57,1
1785988101,687933350,99.428,0.881,100.238,38.265,1
1785988101,721298340,134.366,0.854,135.204,68.329,1
1785988101,788028320,109.767,0.612,110.357,41.893,1
1785988101,821393066,133.637,0.897,134.529,57.466,1
1785988101,888122314,117.866,0.673,118.518,50.786,1
1785988101,921486816,137.251,0.993,138.222,53.059,1
1785988101,988215576,123.524,0.682,124.187,52.703,1
1785988102,54983154,95.323,0.616,95.919,38.503,1
1785988102,88387451,123.499,0.611,124.087,61.572,1
1785988102,155197510,116.305,0.648,116.925,59.648,1
1785988102,188603027,131.198,0.633,131.811,48.29,1
1785988102,255415283,119.88,0.612,120.47,55.473,1
1785988102,322229492,111.688,0.676,112.343,58.682,1
1785988102,355636963,125.004,0.547,125.53,46.601,1
1785988102,422453613,106.33,0.634,106.943,48.225,1
1785988102,455862305,123.749,0.582,124.333,50.78,1
1785988102,522681396,104.053,0.677,104.714,47.213,1
1785988102,556091309,123.444,0.532,123.956,52.661,1
1785988102,622912842,97.235,0.64,97.854,40.717,1
1785988102,656324219,123.024,0.656,123.661,59.217,1
1785988102,723147949,99.602,0.774,100.36,43.517,1
1785988102,756560547,113.973,0.609,114.564,47.624,1
1785988102,789973389,127.08,0.792,127.854,46.693,1
1785988102,856800537,121.423,0.648,122.01,60.993,1
1785988102,890214844,135.697,0.632,136.313,47.715,1
1785988102,957044434,114.566,0.743,115.29,45.8,1
1785988102,990459717,130.229,0.725,130.932,49.068,1
1785988103,57155029,104.482,0.825,105.284,41.041,1
1785988103,90435547,124.653,0.573,125.183,53.186,1
1785988103,156994385,109.314,0.617,109.911,51.284,1
1785988103,256827393,93.808,0.821,94.607,84.531,1
1785988103,290103760,101.079,1.991,102.519,41.167,1
1785988103,323379639,115.29,0.763,116.037,46.803,1
1785988103,356654541,120.931,0.674,121.581,38.833,1
1785988103,389928955,126.65,0.566,127.195,38.888,1
1785988103,456475586,101.456,0.866,102.252,41.596,1
1785988103,523019775,94.471,0.917,95.374,59.661,1
1785988103,556290771,109.308,0.571,109.859,47.769,1
1785988103,622830566,95.091,0.649,95.72,52.402,1
1785988103,656099609,125.448,0.561,125.988,63.536,1
1785988103,722635498,98.543,0.754,99.277,39.821,1
1785988103,755902588,106.719,0.719,107.422,41.406,1
1785988103,789168701,124.0,0.567,124.645,50.399,1
1785988103,855699219,94.79,0.807,95.575,37.558,1
1785988103,922227051,101.716,0.922,102.622,73.57,1
1785988103,955489990,130.163,0.705,130.848,61.494,1
1785988104,22073242,125.32,0.728,126.031,61.767,1
1785988104,88715088,106.545,0.987,107.461,48.063,1
1785988104,122035645,124.4,0.615,124.994,50.863,1
1785988104,221996582,95.358,0.631,95.936,70.903,1
1785988104,255316650,112.285,0.592,112.865,50.241,1
1785988104,288636475,131.263,0.658,131.84,52.301,1
1785988104,355275879,98.791,0.635,99.401,34.202,1
1785988104,388595459,114.449,1.261,115.735,49.599,1
1785988104,421914795,125.12,0.584,125.682,43.32,1
1785988104,488552979,100.593,0.741,101.316,42.271,1
1785988104,521872070,110.051,0.571,110.706,42.608,1
1785988104,555190674,129.003,0.581,129.562,52.278,1
1785988104,621827881,101.341,1.081,102.394,39.459,1
1785988104,655146240,116.991,0.636,117.61,48.54,1
1785988104,688464355,126.505,0.661,127.146,42.859,1
1785988104,755100342,97.422,0.815,98.21,37.7,1
1785988104,788418213,103.486,0.82,104.281,39.385,1
1785988104,821735840,113.307,0.62,113.907,42.946,1
1785988104,855053467,129.718,0.605,130.307,49.714,1
1785988104,921687988,138.787,0.889,139.612,75.934,1
1785988104,988322510,119.897,0.834,120.707,47.736,1
1785988105,21659180,128.535,0.716,129.233,41.863,1
1785988105,88477051,108.421,0.807,109.218,46.789,1
1785988105,121886719,122.398,0.608,122.982,47.191,1
1785988105,155296875,133.383,0.693,134.052,44.476,1
1785988105,222118408,111.781,0.709,112.473,45.241,1
1785988105,322354248,95.877,0.568,96.424,84.195,1
1785988105,355767090,125.74,0.535,126.254,63.243,1
1785988105,422593994,97.371,0.612,97.965,38.536,1
1785988105,456008057,113.469,0.638,114.079,49.529,1
1785988105,489422607,131.261,0.672,131.916,51.248,1
1785988105,556253174,102.377,1.141,103.398,38.296,1
1785988105,589669189,117.935,0.9,118.813,48.847,1
1785988105,623085449,125.614,0.66,126.256,40.862,1
1785988105,689919678,112.908,0.688,113.708,54.152,1
1785988105,723337402,124.963,0.644,125.588,45.435,1
1785988105,790174316,96.338,0.649,96.902,38.149,1
1785988105,823593262,108.046,0.746,108.773,45.289,1
1785988105,857012695,137.665,1.136,138.79,63.426,1
1785988105,923853271,120.226,0.981,121.155,49.206,1
1785988105,957274170,131.745,0.72,132.453,44.725,1
1785988106,57458496,97.836,0.619,98.432,66.169,1
1785988106,90867676,106.364,0.658,106.993,41.969,1
1785988106,124277344,126.264,0.565,126.807,53.226,1
1785988106,191097656,98.887,0.759,99.625,39.636,1
1785988106,224508545,123.925,0.673,124.577,58.365,1
1785988106,291331787,95.358,0.665,96.0,38.247,1
1785988106,324744141,100.873,0.798,101.65,39.06,1
1785988106,358156738,105.785,0.861,106.628,38.383,1
1785988106,424983643,92.921,0.795,93.711,53.906,1
1785988106,458397705,105.553,0.812,106.351,46.059,1
1785988106,491812256,122.916,0.576,123.471,50.545,1
1785988106,558642578,99.513,0.748,100.239,43.594,1
1785988106,592058594,110.187,3.952,114.14,47.3,1
1785988106,625474854,136.25,0.708,136.892,56.187,1
1785988106,692308838,110.695,0.729,111.403,41.34,1
1785988106,725726563,131.186,1.935,133.127,55.111,1
1785988106,792563232,104.76,0.876,105.618,39.354,1
1785988106,859401855,96.693,0.801,97.442,58.665,1
1785988106,926242188,97.333,0.697,98.008,67.415,1
1785988106,959663086,111.364,0.881,112.231,47.633,1
1785988106,993084473,127.69,0.597,128.262,49.463,1
1785988107,59926514,108.624,0.788,109.385,47.962,1
1785988107,93258301,109.152,0.777,109.889,33.835,1
1785988107,126589844,128.319,0.786,129.09,52.532,1
1785988107,193252686,121.668,0.913,122.561,60.135,1
1785988107,259915527,102.844,0.766,103.589,47.695,1
1785988107,293246826,111.968,1.334,113.294,43.02,1
1785988107,326578125,127.378,0.711,128.068,48.123,1
1785988107,393240723,105.552,3.007,108.569,47.124,1
1785988107,426571777,124.034,0.625,124.638,49.437,1
1785988107,493234131,96.961,0.617,97.554,39.579,1
1785988107,526564941,102.645,0.757,103.381,39.151,1
1785988107,559895996,113.515,1.124,114.495,44.431,1
1785988107,593227051,124.436,0.697,125.115,43.966,1
1785988107,659888672,101.73,0.652,102.366,43.914,1
1785988107,693219482,120.235,0.605,120.815,51.782,1
1785988107,759881104,101.153,0.839,101.974,47.815,1
1785988107,793211670,126.443,0.598,127.021,58.384,1
1785988107,859873047,117.811,0.594,118.383,58.026,1
1785988107,893203613,126.723,0.627,127.331,42.275,1
1785988107,959864502,108.052,0.657,108.686,48.018,1
1785988107,993194824,126.119,0.677,126.663,51.308,1
1785988108,59855957,107.793,0.699,108.475,48.466,1
1785988108,93194580,122.773,0.627,123.383,48.251,1
1785988108,159872070,98.148,0.588,98.716,42.014,1
1785988108,193210693,103.761,1.064,104.805,39.407,1
1785988108,226549316,142.572,0.889,143.389,71.935,1
1785988108,326565430,100.295,0.901,101.17,57.796,1
1785988108,359904297,113.987,0.982,114.96,47.121,1
1785988108,393243164,126.637,0.689,127.303,45.701,1
1785988108,459920654,99.367,0.733,100.078,39.449,1
1785988108,493259521,123.973,0.737,124.691,57.953,1
1785988108,559937256,96.92,0.872,97.779,39.754,1
1785988108,593276123,107.882,0.571,108.435,44.007,1
1785988108,626614990,122.227,0.81,123.019,47.919,1
1785988108,693292969,113.723,0.692,114.394,58.051,1
1785988108,726632080,125.453,0.581,126.012,44.965,1
1785988108,793310059,98.137,0.617,98.73,39.394,1
1785988108,826648926,125.089,0.631,125.696,60.305,1
1785988108,859988037,121.721,0.716,122.419,30.053,1
1785988108,893327148,151.333,0.595,151.907,62.837,1
1785988108,960005371,130.712,1.552,132.245,47.012,1
1785988109,26683594,114.74,0.572,115.294,49.731,1
1785988109,60022949,136.053,1.324,137.357,55.394,1
1785988109,126714844,118.401,0.597,118.976,48.32,1
1785988109,160061035,134.94,2.256,137.082,51.428,1
1785988109,226753418,112.777,0.637,113.388,43.021,1
1785988109,260099854,133.149,0.742,133.873,53.821,1
1785988109,326792725,116.482,0.727,117.194,50.02,1
1785988109,360139404,138.703,1.334,140.021,56.168,1
1785988109,426833008,118.501,0.649,119.128,45.812,1
1785988109,460179688,124.411,0.55,124.94,39.161,1
1785988109,526873779,106.792,0.6,107.368,49.121,1
1785988109,560220947,126.022,0.703,126.705,52.684,1
1785988109,626915527,95.475,0.765,96.216,36.205,1
1785988109,660262939,112.822,1.433,114.36,51.347,1
1785988109,693610352,125.623,0.644,126.244,45.376,1
1785988109,760305664,103.992,0.577,104.544,44.996,1
1785988109,793653320,115.11,0.579,115.669,44.473,1
1785988109,827001221,143.108,0.764,143.809,61.484,1
1785988109,893697021,119.165,1.514,120.655,43.544,1
1785988109,927045166,127.519,0.675,128.178,40.866,1
1785988109,993741455,117.179,0.794,117.95,56.476,1
1785988110,27089844,133.738,0.853,134.57,49.965,1
1785988110,93917725,118.122,0.619,118.723,50.983,1
1785988110,127397949,127.742,1.312,129.039,43.794,1
1785988110,160879150,128.693,0.813,129.482,33.925,1
1785988110,227844482,116.381,0.809,117.178,54.651,1
1785988110,261328369,128.727,0.58,129.286,45.605,1
1785988110,328299316,108.345,0.666,108.988,46.673,1
1785988110,361786377,131.087,1.334,132.413,56.9,1
1785988110,428763184,111.145,1.439,112.598,47.14,1
1785988110,462252930,128.648,0.72,129.354,50.274,1
1785988110,529235596,111.505,0.707,112.196,49.822,1
1785988110,562728271,123.717,0.572,124.269,45.575,1
1785988110,629716553,100.258,0.713,100.954,43.664,1
1785988110,663212158,116.419,0.559,116.957,49.507,1
1785988110,696708740,123.383,0.591,123.931,40.47,1
1785988110,763704590,93.313,0.684,93.97,37.031,1
1785988110,797204102,115.594,0.682,116.252,55.786,1
1785988110,830704346,131.185,0.834,131.997,49.24,1
1785988110,897708008,126.062,0.608,126.644,61.656,1
1785988110,964715576,120.145,0.885,120.999,61.361,1
1785988111,31727051,92.832,0.839,93.657,39.66,1
1785988111,65230713,103.397,0.839,104.215,44.066,1
1785988111,98581543,122.698,0.619,123.296,52.438,1
1785988111,165283691,93.283,0.625,93.881,37.287,1
1785988111,198635010,106.245,0.583,106.808,46.278,1
1785988111,231986328,120.639,0.557,121.175,47.72,1
1785988111,298689697,93.135,0.666,93.778,39.301,1
1785988111,332041504,99.434,0.789,100.203,39.777,1
1785988111,365393555,118.926,0.557,119.461,52.615,1
1785988111,432097900,100.47,0.612,101.057,48.298,1
1785988111,465450195,110.776,0.688,111.417,43.709,1
1785988111,498802734,123.293,0.583,123.856,45.797,1
1785988111,565508057,106.638,0.649,107.263,50.111,1
1785988111,598861084,112.014,0.767,112.761,38.84,1
1785988111,632214111,124.777,0.57,125.326,45.93,1
1785988111,698920654,122.563,0.549,123.091,64.473,1
1785988111,765627930,98.115,0.652,98.747,42.358,1
1785988111,798981689,113.289,0.7,113.969,48.572,1
1785988111,832335449,125.129,0.785,125.898,45.276,1
1785988111,865689453,158.362,0.624,158.961,66.433,1
1785988111,965752441,118.365,0.628,118.963,60.064,1
1785988112,32461670,99.304,0.681,99.958,47.701,1
1785988112,65816895,112.149,0.679,112.807,46.202,1
1785988112,99209961,121.3,0.835,122.117,42.706,1
1785988112,165996338,93.82,0.648,94.446,39.115,1
1785988112,199389648,104.916,0.644,105.538,44.483,1
1785988112,232783203,124.037,0.593,124.608,52.467,1
1785988112,299570557,96.86,1.043,97.872,40.014,1
1785988112,332964600,119.905,0.991,120.867,56.422,1
1785988112,399752686,97.006,0.929,97.91,43.828,1
1785988112,433146973,115.585,0.656,116.222,51.71,1
1785988112,466541260,121.88,0.577,122.432,39.609,1
1785988112,533330566,97.384,0.791,98.151,42.497,1
1785988112,566725342,111.506,0.617,112.11,47.356,1
1785988112,600120117,127.283,0.571,127.83,49.124,1
1785988112,666910156,99.348,0.796,100.121,39.077,1
1785988112,700305420,106.957,0.746,107.688,40.961,1
1785988112,733700684,123.564,0.748,124.294,50.003,1
1785988112,800491943,93.064,0.79,93.834,36.331,1
1785988112,833887695,99.559,0.632,100.167,39.729,1
1785988112,867283447,112.282,0.706,112.97,46.194,1
1785988112,934075439,124.253,0.544,124.777,78.606,1
1785988113,867920,106.037,0.831,106.838,48.847,1
1785988113,34264404,119.028,0.569,119.574,46.14,1
1785988113,101029785,88.259,0.672,88.904,36.092,1
1785988113,134415771,112.663,0.605,113.248,57.73,1
1785988113,167802002,122.551,0.615,123.146,43.282,1
1785988113,234574707,97.68,0.679,98.283,41.912,1
1785988113,267961182,114.981,0.564,115.523,50.629,1
1785988113,301347656,121.359,0.574,121.91,39.773,1
1785988113,368120605,120.222,0.904,121.114,65.955,1
1785988113,434894043,97.85,0.932,98.805,44.432,1
1785988113,468280762,121.669,0.695,122.344,56.978,1
1785988113,535054443,94.644,0.782,95.403,39.832,1
1785988113,568441406,120.287,0.58,120.846,58.832,1
1785988113,635215576,91.953,0.664,92.589,38.518,1
1785988113,668602539,104.326,0.588,104.895,45.692,1
1785988113,701989746,119.257,0.654,119.892,48.384,1
1785988113,768764404,91.97,0.733,92.681,39.559,1
1785988113,802151855,104.75,0.911,105.643,46.347,1
1785988113,835539307,122.706,0.58,123.266,51.017,1
1785988113,868926758,146.741,1.308,148.029,58.13,1
1785988113,935701904,123.29,0.58,123.849,42.618,1
1785988113,969089600,160.305,0.741,161.025,70.552,1
1785988114,69253174,113.121,0.665,113.766,52.909,1
1785988114,102640625,125.772,0.615,126.364,45.989,1
1785988114,169400635,108.916,1.159,110.071,50.451,1
1785988114,202780762,117.34,0.633,117.954,41.281,1
1785988114,269541260,101.36,0.684,102.023,50.826,1
1785988114,302921387,117.857,0.736,118.563,49.919,1
1785988114,369681641,92.868,0.954,93.871,42.001,1
1785988114,403062012,114.824,0.661,115.465,55.045,1
1785988114,436442139,124.929,0.807,125.718,43.627,1
1785988114,503202881,121.021,0.703,121.699,62.749,1
1785988114,569963379,96.348,1.089,97.414,42.46,1
1785988114,603343750,111.746,0.67,112.375,48.354,1
1785988114,636724121,120.959,0.709,121.648,42.655,1
1785988114,703484863,95.149,0.93,96.178,41.17,1
1785988114,736865234,106.218,0.638,106.817,44.137,1
1785988114,770245605,120.35,0.739,121.069,47.636,1
1785988114,837006592,92.417,0.794,93.19,38.879,1
1785988114,870387207,120.294,0.82,121.097,61.287,1
1785988114,937148193,97.875,3.867,101.728,47.38,1
1785988114,970528564,113.414,0.678,114.07,45.737,1
1785988115,3909180,122.215,0.668,122.86,42.172,1
1785988115,70670410,93.123,0.888,93.99,37.887,1
1785988115,104050781,104.258,0.703,104.937,44.327,1
1785988115,137422852,119.006,0.561,119.547,47.987,1
1785988115,204166992,91.89,0.638,92.506,39.702,1
1785988115,237539063,105.07,3.301,105.924,46.782,1
1785988115,270910889,108.85,0.681,109.515,36.963,1
1785988115,304282959,122.402,0.563,122.943,46.809,1
1785988115,371026611,99.902,0.696,100.576,44.371,1
1785988115,404398438,117.961,0.57,118.511,51.312,1
1785988115,471141846,113.863,0.569,114.411,62.644,1
1785988115,504513428,139.806,0.601,140.373,59.332,1
1785988115,571256592,119.786,0.58,120.345,46.717,1
1785988115,637999268,94.561,0.737,95.277,41.669,1
1785988115,671370850,109.64,0.576,110.194,48.295,1
1785988115,704742188,116.309,0.63,116.923,40.095,1
1785988115,771484619,87.291,0.563,87.834,37.657,1
1785988115,804855713,100.692,1.688,102.395,47.893,1
1785988115,838226807,113.02,0.647,113.646,44.659,1
1785988115,871597900,143.155,0.617,143.755,63.48,1
1785988115,938340088,121.709,0.652,122.346,45.331,1
1785988116,5081787,108.641,0.63,109.249,53.648,1
1785988116,38452637,121.297,0.562,121.838,45.963,1
1785988116,105194092,95.519,0.572,96.07,40.973,1
1785988116,138563965,115.291,0.664,115.938,53.233,1
1785988116,171926758,119.978,0.687,120.646,38.071,1
1785988116,238652100,96.622,0.992,97.604,43.671,1
1785988116,272014404,115.352,0.782,116.114,51.882,1
1785988116,338739014,88.776,0.798,89.554,40.169,1
1785988116,372101074,100.211,0.801,100.992,44.801,1
1785988116,405462891,108.069,1.073,109.136,41.488,1
1785988116,438824707,119.277,0.601,119.856,44.102,1
1785988116,505547852,108.853,0.542,109.375,56.242,1
1785988116,538909180,118.426,0.545,118.947,42.934,1
1785988116,605631348,106.129,0.612,106.724,54.496,1
1785988116,638992188,118.414,0.584,118.976,45.615,1
1785988116,705713623,115.313,0.602,115.889,63.635,1
1785988116,772434570,88.839,0.645,89.457,40.284,1
1785988116,805794678,108.758,0.622,109.345,53.253,1
1785988116,839154785,123.511,10.058,133.551,57.557,1
1785988116,905874512,112.779,0.724,113.483,46.654,1
1785988116,939234131,126.932,0.656,127.564,47.446,1
1785988117,5953125,109.079,0.61,109.671,48.825,1
1785988117,39312500,124.796,0.641,125.415,49.105,1
1785988117,106030518,96.455,0.927,97.366,38.662,1
1785988117,139389404,119.362,0.556,119.897,55.899,1
1785988117,206037842,95.585,0.689,96.246,42.996,1
1785988117,239361816,116.447,0.652,117.079,54.157,1
1785988117,306009521,89.274,0.74,89.989,39.552,1
1785988117,339333252,116.334,0.657,116.984,60.31,1
1785988117,405980225,91.105,0.583,91.667,41.345,1
1785988117,439303711,118.255,2.089,120.353,61.976,1
1785988117,505949951,96.378,0.795,97.134,43.457,1
1785988117,539272949,102.456,0.839,103.282,39.464,1
1785988117,605918457,94.439,0.843,95.261,58.63,1
1785988117,639241211,100.966,0.66,101.605,39.671,1
1785988117,672563721,115.884,0.614,116.475,48.193,1
1785988117,739208496,90.993,0.548,91.521,41.691,1
1785988117,772530518,96.98,0.746,97.705,39.504,1
1785988117,805852783,110.064,0.714,110.759,46.372,1
1785988117,839174561,122.458,0.787,123.227,45.791,1
1785988117,905818115,124.758,0.565,125.303,68.724,1
1785988117,972461426,115.958,0.636,116.575,57.915,1
1785988118,39104004,89.605,0.722,90.307,40.375,1
1785988118,72425049,106.985,0.763,107.735,50.741,1
1785988118,105746094,124.671,0.847,125.508,51.085,1
1785988118,172397949,120.311,0.599,120.89,62.05,1
1785988118,239057373,103.544,0.73,104.255,50.022,1
1785988118,272386963,110.404,1.066,111.456,40.517,1
1785988118,305716309,122.693,0.539,123.212,45.102,1
1785988118,372375244,95.465,1.105,96.358,39.782,1
1785988118,405704590,111.117,0.607,111.7,48.693,1
1785988118,439033936,123.351,0.767,124.104,45.73,1
1785988118,505692139,120.703,0.545,121.227,63.787,1
1785988118,572350342,103.588,1.116,104.745,50.108,1
1785988118,605679443,107.832,0.668,108.484,37.133,1
1785988118,639008301,125.017,0.61,125.606,50.453,1
1785988118,705666016,118.548,0.597,119.124,60.176,1
1785988118,772323486,88.239,0.866,89.078,36.604,1
1785988118,805652100,100.64,0.913,101.622,45.788,1
1785988118,838980713,130.275,0.738,130.938,62.734,1
1785988118,905637695,134.709,0.674,135.356,71.076,1
1785988118,972294189,119.152,0.673,119.802,51.101,1
1785988119,38950684,95.347,0.779,96.103,42.958,1
1785988119,72279053,120.672,0.563,121.214,58.444,1
1785988119,138936035,93.119,0.692,93.789,39.229,1
1785988119,172307373,117.791,0.68,118.455,58.033,1
1785988119,239050049,101.836,0.655,102.474,50.762,1
1785988119,272421143,118.421,0.568,118.969,49.873,1
1785988119,339163330,90.637,0.681,91.298,39.07,1
1785988119,372534180,96.487,1.006,97.474,39.536,1
1785988119,405905029,119.904,0.661,120.547,56.455,1
1785988119,472646729,91.633,0.946,92.331,38.519,1
1785988119,506017334,121.383,0.557,121.92,62.966,1
1785988119,572758545,101.672,1.088,102.742,47.552,1
1785988119,606128906,112.138,1.161,113.294,43.909,1
1785988119,639499268,115.384,0.628,115.993,36.092,1
1785988119,672869629,121.5,0.644,122.128,39.503,1
1785988119,739610107,109.58,1.181,110.747,55.344,1
1785988119,772980225,121.42,0.772,122.176,44.815,1
1785988119,839720215,91.637,0.749,92.297,36.858,1
1785988119,906459961,90.849,0.559,91.387,65.838,1
1785988119,939829590,108.398,0.555,108.931,50.913,1
1785988119,973199219,120.5,0.743,121.225,45.654,1
1785988120,39938477,106.979,0.578,107.537,53.06,1
1785988120,73307861,119.821,1.212,121.018,46.845,1
1785988120,140046387,104.947,1.012,105.942,51.657,1
1785988120,206616211,90.413,0.655,91.049,51.688,1
1785988120,239900146,111.133,0.586,111.698,53.933,1
1785988120,273183350,119.377,0.688,120.045,41.628,1
1785988120,339748047,94.357,0.791,95.127,41.647,1
1785988120,373029297,99.074,0.678,99.733,37.883,1
1785988120,406310059,121.686,0.564,122.23,55.785,1
1785988120,472869629,89.291,0.632,89.902,34.23,1
1785988120,506148438,112.508,0.651,113.135,56.512,1
1785988120,539426514,124.635,0.65,125.266,45.409,1
1785988120,605980957,120.928,2.646,123.554,64.839,1
1785988120,672532715,103.328,0.945,104.254,47.245,1
1785988120,705807617,120.109,0.692,120.778,49.807,1
1785988120,772355469,98.689,0.68,99.34,45.108,1
1785988120,805628418,110.884,0.806,111.665,45.59,1
1785988120,838900879,125.594,0.674,126.248,47.863,1
1785988120,905443604,113.429,0.677,114.087,54.381,1
1785988120,938714111,125.877,1.044,126.829,45.934,1
1785988121,5253174,96.701,0.654,97.332,37.126,1
1785988121,38521729,118.385,0.586,118.948,54.885,1
1785988121,71789551,121.817,0.567,122.362,36.681,1
1785988121,138325439,93.477,0.666,94.121,38.293,1
1785988121,171655029,109.166,0.665,109.81,49.018,1
1785988121,204984375,117.393,0.617,117.992,41.51,1
1785988121,271643311,90.125,0.56,90.663,39.334,1
1785988121,304972412,100.646,0.581,101.221,43.87,1
1785988121,338301758,110.163,0.562,110.702,42.826,1
1785988121,371630859,121.441,0.561,121.983,44.611,1
1785988121,438289063,99.013,0.65,99.64,44.312,1
1785988121,471617920,112.514,0.656,113.152,46.839,1
1785988121,504946777,125.879,0.572,126.431,46.613,1
1785988121,571604248,99.028,0.935,99.855,40.076,1
1785988121,604933105,118.711,1.09,119.789,53.258,1
1785988121,671590088,102.175,0.747,102.898,49.769,1
1785988121,704918701,121.684,0.583,122.246,52.683,1
1785988121,771575439,95.697,0.772,96.444,40.848,1
1785988121,804903809,118.625,7.782,126.404,63.25,1
1785988121,838231934,124.064,0.696,124.742,31.707,1
1785988121,904888184,116.642,0.767,117.391,59.306,1
1785988121,938216309,125.28,0.566,125.825,41.764,1
1785988122,4872070,94.89,0.708,95.579,36.407,1
1785988122,38199951,101.336,0.75,102.065,39.815,1
1785988122,71527588,113.708,0.632,114.324,45.583,1
1785988122,104855469,125.748,0.601,126.329,45.337,1
1785988122,171596924,121.725,1.876,123.58,63.983,1
1785988122,238425049,95.793,0.622,96.394,39.65,1
1785988122,271839844,123.182,0.651,123.813,60.836,1
1785988122,338670898,98.138,0.768,98.965,41.898,1
1785988122,372087158,113.619,0.626,114.219,48.756,1
1785988122,405503906,127.086,0.57,127.634,46.832,1
1785988122,472338867,107.922,0.626,108.519,47.72,1
1785988122,505757080,120.974,0.565,121.519,46.419,1
1785988122,572594971,106.304,1.166,107.477,52.763,1
1785988122,606014648,120.643,0.579,121.201,47.176,1
1785988122,672855469,98.223,0.824,99.035,44.667,1
1785988122,706276611,107.47,0.673,108.116,42.507,1
1785988122,739698242,121.272,0.653,121.901,47.21,1
1785988122,806542969,105.467,0.719,106.172,51.106,1
1785988122,839966064,119.508,0.583,120.071,47.331,1
1785988122,906813721,110.051,0.744,110.792,57.549,1
1785988122,940238281,123.634,0.584,124.195,46.85,1
1785988123,7088867,100.354,1.091,101.428,44.071,1
1785988123,40514893,111.612,0.787,112.382,44.386,1
1785988123,73941162,127.471,0.613,128.059,49.109,1
1785988123,140793945,106.296,0.664,106.942,45.731,1
1785988123,174087402,121.447,0.791,122.219,48.573,1
1785988123,240672119,103.38,1.529,104.928,49.255,1
1785988123,273963867,119.71,0.567,120.257,48.663,1
1785988123,340545166,94.373,0.75,95.101,41.424,1
1785988123,373835205,103.891,0.792,104.658,42.843,1
1785988123,440413086,88.354,0.645,88.978,50.902,1
1785988123,473701172,92.713,0.549,93.236,37.547,1
1785988123,540275879,87.096,0.584,87.657,60.995,1
1785988123,573562256,107.382,0.699,108.061,53.684,1
1785988123,606848145,123.954,0.699,124.628,49.86,1
1785988123,673418213,106.039,0.582,106.599,48.541,1
1785988123,706702393,119.606,0.613,120.194,46.88,1
1785988123,739985840,142.15,2.778,144.882,57.968,1
1785988123,806551270,111.535,2.948,114.503,36.142,1
1785988123,873114502,131.893,0.639,132.511,84.616,1
1785988123,939675293,119.771,0.578,120.325,54.377,1
1785988123,972954834,145.099,0.626,145.696,58.653,1
1785988124,39512207,118.37,0.583,118.93,39.79,1
1785988124,72790283,123.766,0.59,124.332,38.68,1
1785988124,139345947,101.139,1.208,102.232,44.441,1
1785988124,172639648,116.399,0.687,117.063,48.134,1
1785988124,205932861,145.543,0.587,146.108,62.343,1
1785988124,272517578,124.721,0.561,125.26,45.738,1
1785988124,339099854,99.052,0.895,99.93,41.244,1
1785988124,372390137,107.062,0.663,107.707,41.067,1
1785988124,405679688,123.617,0.672,124.27,49.859,1
1785988124,438968994,131.984,0.749,132.658,41.678,1
1785988124,505545410,114.07,0.94,114.987,48.897,1
1785988124,538833008,126.544,0.551,127.074,45.385,1
1785988124,605406006,112.405,1.566,113.98,53.445,1
1785988124,638691895,125.307,0.964,126.246,45.577,1
1785988124,705261475,106.903,0.748,107.635,47.956,1
1785988124,738545654,112.388,0.704,113.132,38.732,1
1785988124,771829102,123.211,0.618,123.807,44.018,1
1785988124,838394043,114.631,1.001,115.639,58.369,1
1785988124,871675781,135.621,1.066,136.567,54.226,1
1785988124,938237549,124.209,0.543,124.732,54.739,1
1785988125,4797119,96.1,0.696,96.676,38.503,1
1785988125,38075928,116.488,0.576,117.042,53.646,1
1785988125,71354248,130.837,2.942,133.766,49.994,1
1785988125,137910645,119.975,0.674,120.576,53.374,1
1785988125,171280762,109.675,0.717,110.373,23.165,1
1785988125,204650879,123.278,0.547,123.875,46.805,1
1785988125,271390625,99.214,0.692,99.885,42.816,1
1785988125,338129883,94.83,0.569,95.379,62.237,1
1785988125,371499512,104.759,0.682,105.42,43.405,1
1785988125,404869141,123.167,0.793,123.933,51.88,1
1785988125,471607666,100.382,0.923,101.299,44.092,1
1785988125,504977051,126.892,0.584,127.454,59.544,1
1785988125,571715332,98.018,0.631,98.626,37.91,1
1785988125,605084229,123.932,0.588,124.499,59.242,1
1785988125,671822021,102.506,1.101,103.594,45.82,1
1785988125,705190674,124.545,0.57,125.094,54.883,1
1785988125,771927979,97.84,0.59,98.41,40.051,1
1785988125,805296387,110.612,0.842,111.442,46.391,1
1785988125,838664795,130.641,0.658,131.282,53.215,1
1785988125,905401367,116.569,0.743,117.303,52.749,1
1785988125,938769531,138.465,0.838,139.285,55.351,1
1785988126,5505371,124.545,0.688,125.209,52.667,1
1785988126,72241211,105.041,0.571,105.592,47.124,1
1785988126,105608887,117.937,0.729,118.573,46.343,1
1785988126,138975830,141.015,2.163,143.23,57.947,1
1785988126,205707520,116.878,2.285,119.177,42.722,1
1785988126,272488037,94.398,0.56,94.937,42.58,1
1785988126,305879150,103.216,3.346,106.546,44.956,1
1785988126,339270508,117.724,0.773,118.48,45.363,1
1785988126,372662598,126.558,0.556,127.091,42.009,1
1785988126,439447998,96.743,0.658,97.382,37.074,1
1785988126,472841309,107.508,0.571,108.057,44.07,1
1785988126,506235352,123.073,0.92,123.967,49.302,1
1785988126,573024658,95.086,0.817,95.848,38.66,1
1785988126,606420166,124.932,0.707,125.618,63.178,1
1785988126,673212402,101.934,0.649,102.563,43.734,1
1785988126,706609375,125.13,0.588,125.696,56.533,1
1785988126,773404541,109.594,0.66,110.235,51.333,1
1785988126,806802979,124.919,0.709,125.603,48.767,1
1785988126,873601074,104.214,0.636,104.832,46.025,1
1785988126,907000977,136.921,0.72,137.62,66.19,1
1785988126,940401123,148.216,0.629,148.817,44.597,1
1785988127,7203369,134.753,0.671,135.401,53.383,1
1785988127,74007324,113.128,0.651,113.763,45.164,1
1785988127,107410156,125.594,0.604,126.177,45.822,1
1785988127,174215820,100.649,0.577,101.207,41.836,1
1785988127,207509766,125.373,0.561,125.913,58.001,1
1785988127,274096191,101.557,0.689,102.229,42.896,1
1785988127,307388428,111.182,0.622,111.804,42.849,1
1785988127,373971191,95.172,0.819,95.972,50.774,1
1785988127,407261719,99.812,0.648,100.419,37.738,1
1785988127,440551758,109.775,0.676,110.361,43.232,1
1785988127,473841309,120.814,4.115,124.93,47.835,1
1785988127,507130127,127.777,0.727,128.481,36.858,1
1785988127,573706055,107.242,0.789,108.01,46.108,1
1785988127,606993408,129.704,0.66,130.345,55.625,1
1785988127,673565918,108.677,0.694,109.348,45.571,1
1785988127,706851318,127.53,0.553,128.06,52.005,1
1785988127,773420654,106.237,0.854,107.074,45.576,1
1785988127,806704346,115.829,0.8,116.605,42.816,1
1785988127,839987549,135.514,0.855,136.347,53.023,1
1785988127,906552246,143.256,0.943,144.174,74.392,1
1785988127,973114502,117.7,0.755,118.428,40.82,1
1785988128,6395020,128.186,0.575,128.74,43.595,1
1785988128,72953857,101.106,0.658,101.74,39.556,1
1785988128,106232422,117.281,0.585,117.846,49.386,1
1785988128,139510498,129.308,0.578,129.866,45.298,1
1785988128,206126221,107.599,0.8,108.373,45.113,1
1785988128,239462891,118.318,0.731,119.021,43.992,1
1785988128,272799561,129.059,0.587,129.627,43.945,1
1785988128,339472656,107.219,0.848,108.054,45.084,1
1785988128,372809326,131.847,0.665,132.489,57.786,1
1785988128,439482422,105.293,0.648,105.921,40.104,1
1785988128,472819092,122.001,0.562,122.542,49.962,1
1785988128,506155518,137.179,0.699,137.854,48.644,1
1785988128,572828857,119.346,0.977,120.308,49.119,1
1785988128,606165283,136.055,0.799,136.834,49.873,1
1785988128,672838623,119.27,0.691,119.9,49.734,1
1785988128,706175049,130.964,0.559,131.499,44.943,1
1785988128,772848389,104.996,2.62,107.948,42.759,1
1785988128,806184814,128.018,0.582,128.579,54.328,1
1785988128,839521484,145.328,0.681,145.993,50.747,1
1785988128,906194580,146.085,0.779,146.772,67.447,1
1785988128,972867676,139.207,0.696,139.883,59.786,1
1785988129,39540771,118.807,0.736,119.465,46.264,1
1785988129,106214111,99.154,0.633,99.766,46.974,1
1785988129,139550537,109.169,0.731,109.872,43.437,1
1785988129,172887207,129.932,0.589,130.498,53.969,1
1785988129,239577881,100.912,0.612,101.501,37.694,1
1785988129,272923096,127.83,0.557,128.367,60.212,1
1785988129,339614258,100.023,0.611,100.613,38.936,1
1785988129,372959717,117.07,0.634,117.679,50.41,1
1785988129,406305420,126.549,0.574,127.103,42.771,1
1785988129,472997070,102.432,0.784,103.196,42.78,1
1785988129,506343018,116.446,0.779,117.203,47.354,1
1785988129,539688965,130.434,0.556,130.968,47.115,1
1785988129,606381104,102.463,0.912,103.352,39.069,1
1785988129,639727295,136.692,0.872,137.552,67.541,1
1785988129,706419922,111.053,0.869,111.927,41.051,1
1785988129,739766357,128.895,0.823,129.711,51.145,1
1785988129,806459473,114.005,0.592,114.577,51.571,1
1785988129,839806152,126.543,0.546,127.068,45.839,1
1785988129,906499512,123.197,0.559,123.736,63.362,1
1785988129,939846436,151.595,0.606,152.181,61.791,1
1785988130,6540283,128.814,0.584,129.376,43.889,1
1785988130,39887451,152.41,0.565,152.954,56.926,1
1785988130,106581787,120.209,0.56,120.75,34.49,1
1785988130,206628906,93.334,0.796,94.111,73.399,1
1785988130,239981445,108.03,3.359,111.39,50.615,1
1785988130,273334229,129.631,0.672,130.282,52.27,1
1785988130,340040283,101.887,0.883,102.752,39.169,1
1785988130,373393311,126.18,0.677,126.837,57.444,1
1785988130,440100098,98.242,0.681,98.893,38.759,1
1785988130,473453613,108.308,0.657,108.95,43.408,1
1785988130,506807373,122.841,0.537,123.359,47.77,1
1785988130,573515137,96.368,0.567,96.915,40.264,1
1785988130,606869385,114.872,0.581,115.434,51.871,1
1785988130,640223633,136.846,0.656,137.481,55.399,1
1785988130,706932617,127.879,0.559,128.418,57.651,1
1785988130,773642090,102.433,0.647,103.058,41.347,1
1785988130,806997070,124.097,0.661,124.735,55.03,1
1785988130,840352051,136.981,0.67,137.629,46.25,1
1785988130,907062744,123.432,0.629,124.037,53.119,1
1785988130,940418213,128.404,0.597,128.98,38.3,1
1785988131,7129639,112.868,0.733,113.574,51.302,1
1785988131,40485352,127.224,0.57,127.775,47.559,1
1785988131,107197754,103.546,0.591,104.117,43.054,1
1785988131,140553955,115.062,0.63,115.675,44.912,1
1785988131,173910156,130.662,0.685,131.33,49.007,1
1785988131,240642822,117.368,0.746,118.095,53.501,1
1785988131,274009521,132.313,0.685,132.981,48.249,1
1785988131,340743408,117.11,0.706,117.812,51.553,1
1785988131,374110840,131.377,0.557,131.916,47.491,1
1785988131,440846436,100.942,0.748,101.662,36.479,1
1785988131,474214600,118.205,0.614,118.802,50.505,1
1785988131,507582764,127.728,0.563,128.269,42.84,1
1785988131,540951416,136.192,0.6,136.769,41.869,1
1785988131,607689209,113.987,0.78,114.76,44.709,1
1785988131,641058594,132.04,0.633,132.65,51.277,1
1785988131,707797852,125.611,0.694,126.199,60.288,1
1785988131,774538330,104.144,0.762,104.89,45.425,1
1785988131,807908691,130.777,0.567,131.414,59.813,1
1785988131,874650391,132.315,0.867,133.171,68.578,1
1785988131,941393066,126.807,0.574,127.359,60.941,1
1785988132,8136719,112.997,2.946,116.011,55.302,1
1785988132,41509033,128.338,0.565,128.883,46.339,1
1785988132,108254150,107.051,1.228,108.171,46.019,1
1785988132,141626953,113.818,0.674,114.473,39.683,1
1785988132,174999512,127.737,0.721,128.436,47.339,1
1785988132,241731934,98.763,4.436,103.194,41.473,1
1785988132,275098633,116.217,0.663,116.861,47.048,1
1785988132,308465576,128.205,0.56,128.746,45.258,1
1785988132,375200195,99.963,0.698,100.637,38.625,1
1785988132,408567871,122.219,0.788,122.98,55.707,1
1785988132,441935791,119.811,0.685,120.477,30.866,1
1785988132,475303955,126.34,0.567,126.978,39.78,1
1785988132,542041016,96.634,0.568,97.183,37.033,1
1785988132,575409912,114.923,0.851,115.758,51.936,1
1785988132,608779053,131.449,0.569,131.996,49.616,1
1785988132,675518311,117.622,0.568,118.168,52.911,1
1785988132,708888184,130.248,0.569,130.793,45.995,1
1785988132,775628906,103.848,1.014,104.846,40.786,1
1785988132,808999512,125.999,0.592,126.57,55.101,1
1785988132,875741943,111.995,0.815,112.787,52.956,1
1785988132,909113281,139.864,0.877,140.729,61.306,1
1785988132,975857178,132.404,0.669,133.049,59.074,1
1785988133,42601807,105.907,0.74,106.628,40.318,1
1785988133,75974609,116.317,0.68,116.975,43.722,1
1785988133,109347656,133.183,0.683,133.843,50.243,1
1785988133,142720947,154.77,0.575,155.321,54.855,1
1785988133,209438721,124.235,0.555,124.771,36.167,1
1785988133,276128174,102.372,0.765,103.118,45.032,1
1785988133,309472900,109.282,1.773,111.046,41.262,1
1785988133,342817139,123.06,0.963,124.0,46.306,1
1785988133,409505615,98.367,4.936,103.309,45.976,1
1785988133,442849365,103.119,1.085,104.188,34.239,1
1785988133,509536865,93.945,0.685,94.609,57.12,1
1785988133,542880371,96.659,0.724,97.366,36.095,1
1785988133,576223877,115.185,0.805,115.973,51.95,1
1785988133,609567139,129.155,0.686,129.755,47.131,1
1785988133,676253174,115.382,7.151,122.505,59.432,1
1785988133,709595947,125.715,0.545,126.24,37.084,1
1785988133,776281250,99.406,0.559,99.944,40.389,1
1785988133,809623779,132.507,0.609,133.097,66.491,1
1785988133,876308105,137.844,0.65,138.474,72.063,1
1785988133,942991943,127.066,0.576,127.623,55.836,1
1785988134,9675293,114.747,0.829,115.719,54.603,1
1785988134,76357910,99.852,0.608,100.439,51.578,1
1785988134,109699219,113.031,0.649,118.724,46.562,1
1785988134,143040283,128.521,0.56,129.058,48.74,1
1785988134,209711914,100.083,0.632,100.694,38.306,1
1785988134,243042480,116.17,0.587,116.722,49.359,1
1785988134,276372559,126.943,0.653,127.574,44.178,1
1785988134,343032227,102.251,0.665,102.899,41.98,1
1785988134,376361572,115.869,0.663,116.515,46.947,1
1785988134,409690918,127.299,0.58,127.855,44.677,1
1785988134,476348633,102.3,0.668,102.94,41.739,1
1785988134,509677002,116.963,0.639,117.586,47.971,1
1785988134,543005371,126.868,0.565,127.412,43.161,1
1785988134,609661133,105.911,0.583,106.474,45.716,1
1785988134,642988525,111.572,0.791,112.354,39.192,1
1785988134,676315918,138.613,0.762,139.355,60.344,1
1785988134,742969727,117.074,0.743,117.8,45.095,1
1785988134,776296143,124.339,0.794,125.116,40.642,1
1785988134,842948486,114.839,0.607,115.428,56.968,1
1785988134,876274414,142.856,0.673,143.506,61.401,1
1785988134,942925293,129.457,0.547,129.982,53.133,1
1785988135,9575195,99.214,0.667,99.86,36.526,1
1785988135,42899658,112.971,0.811,113.754,47.216,1
1785988135,76224121,122.791,0.806,123.565,43.136,1
1785988135,109548340,132.037,0.813,132.827,42.586,1
1785988135,176196289,106.545,1.013,107.536,41.348,1
1785988135,209570801,126.426,0.584,126.988,52.84,1
1785988135,276320801,100.714,0.584,101.277,41.039,1
1785988135,309696289,110.148,0.609,110.733,42.831,1
1785988135,343072021,125.679,0.694,126.352,48.989,1
1785988135,376448242,125.846,0.551,126.377,33.408,1
1785988135,443201416,97.823,0.599,98.403,38.777,1
1785988135,476578613,113.075,0.578,113.632,48.608,1
1785988135,509956055,125.136,0.561,125.677,45.423,1
1785988135,576711914,96.507,0.558,97.043,38.122,1
1785988135,610090332,116.109,0.559,116.631,52.966,1
1785988135,643468994,135.143,0.621,135.742,52.488,1
1785988135,710227539,128.866,0.563,129.406,60.424,1
1785988135,776987549,101.324,0.625,101.925,39.278,1
1785988135,810367920,122.933,0.748,123.649,55.102,1
1785988135,843748535,129.477,0.689,130.154,39.879,1
1785988135,877129639,148.659,0.713,149.356,52.586,1
1785988135,943892822,149.05,0.73,149.763,67.173,1
1785988136,10657471,129.641,0.572,130.192,47.197,1
1785988136,77423096,122.805,2.152,124.968,61.51,1
1785988136,110806641,135.722,0.625,136.326,44.771,1
1785988136,177573486,123.054,0.621,123.654,54.093,1
1785988136,244411377,100.946,0.594,101.519,44.707,1
1785988136,277830811,124.448,0.712,125.131,57.03,1
1785988136,311250488,133.888,0.64,134.505,42.794,1
1785988136,378090820,102.904,0.855,103.74,36.068,1
1785988136,444932617,99.429,0.544,99.95,63.061,1
1785988136,478354004,104.643,0.585,105.204,38.675,1
1785988136,511775879,126.3,0.57,126.846,55.065,1
1785988136,578620361,98.617,0.722,99.254,39.246,1
1785988136,612042969,113.996,1.131,115.101,49.262,1
1785988136,645466064,126.154,0.842,126.978,45.308,1
1785988136,712313232,102.772,1.555,104.296,44.142,1
1785988136,745737305,125.665,0.647,126.292,55.448,1
1785988136,812586670,107.439,0.909,108.333,48.881,1
1785988136,846011719,112.269,0.731,112.98,38.073,1
1785988136,879437256,130.168,0.553,130.7,51.155,1
1785988136,912863037,143.756,3.045,144.607,47.32,1
1785988136,979715576,131.074,0.622,131.682,53.934,1
1785988137,46569580,113.25,0.67,113.901,49.073,1
1785988137,79997070,130.125,0.585,130.689,50.222,1
1785988137,146853027,100.716,0.622,101.314,37.479,1
1785988137,213610352,109.183,0.604,109.768,75.212,1
1785988137,246940674,107.583,0.766,108.329,31.884,1
1785988137,280270996,125.797,0.708,126.488,51.492,1
1785988137,346930664,104.582,0.641,105.204,45.378,1
1785988137,380260010,122.282,0.565,122.826,50.955,1
1785988137,413589111,130.724,0.652,131.355,41.853,1
1785988137,480246826,110.716,0.644,111.334,46.64,1
1785988137,546903564,97.198,0.635,97.813,53.137,1
1785988137,580231689,106.465,0.683,107.134,42.639,1
1785988137,613559326,117.153,0.569,117.704,43.908,1
1785988137,680214111,96.111,0.538,96.628,45.58,1
1785988137,746867920,90.885,0.646,91.51,61.532,1
1785988137,780194580,111.532,0.599,112.123,53.923,1
1785988137,813520752,126.547,0.693,127.221,48.441,1
1785988137,880172607,106.98,0.728,107.687,47.114,1
1785988137,913498291,131.355,0.764,132.098,57.736,1
1785988137,980148682,112.686,0.671,113.342,47.893,1
1785988138,13473633,135.538,0.795,136.311,56.3,1
1785988138,80122559,126.978,0.582,127.54,57.879,1
1785988138,113446533,132.129,0.625,132.73,38.512,1
1785988138,146770508,141.14,3.737,144.884,45.449,1
1785988138,213467773,127.216,0.604,127.799,49.643,1
1785988138,280214355,112.743,0.836,113.562,52.502,1
1785988138,313588135,125.212,0.562,125.752,45.574,1
1785988138,380336426,97.601,0.597,98.175,39.169,1
1785988138,413711182,105.056,0.892,105.932,41.123,1
1785988138,447086182,121.797,0.684,122.461,49.908,1
1785988138,480461670,130.318,0.678,130.976,41.895,1
1785988138,547213135,100.42,1.045,101.45,37.219,1
1785988138,613966064,96.927,0.659,97.566,62.876,1
1785988138,647343018,101.64,0.583,102.203,38.014,1
1785988138,680720215,119.814,0.635,120.424,51.597,1
1785988138,714097900,128.038,0.628,128.642,41.597,1
1785988138,780854004,101.397,0.678,102.006,40.119,1
1785988138,814232422,137.134,0.608,137.721,69.092,1
1785988138,880990479,135.203,0.669,135.828,64.866,1
1785988138,947749756,132.075,0.562,132.617,63.55,1
1785988139,14510254,126.301,0.587,126.867,61.01,1
1785988139,81271973,97.098,0.565,97.641,37.536,1
1785988139,114653320,106.192,0.6,106.771,42.511,1
1785988139,148035156,112.995,0.762,113.747,40.34,1
1785988139,181416504,129.089,0.616,129.683,49.335,1
1785988139,248090820,99.022,0.629,99.629,36.619,1
1785988139,281427979,115.937,0.596,116.514,50.222,1
1785988139,314764648,128.06,0.6,128.639,45.463,1
1785988139,381437744,102.069,0.619,102.665,40.698,1
1785988139,414773926,118.384,0.619,118.978,49.65,1
1785988139,448110107,128.046,1.571,129.598,43.955,1
1785988139,514781738,102.494,0.651,103.119,40.194,1
1785988139,548117188,118.414,0.612,119.009,49.223,1
1785988139,581452393,126.208,0.591,126.78,41.11,1
1785988139,648122559,99.144,0.594,99.714,39.605,1
1785988139,681457275,126.759,0.572,127.296,60.916,1
1785988139,748126221,102.878,0.701,103.556,42.923,1
1785988139,781460449,117.155,7.834,124.995,54.744,1
1785988139,814794434,127.427,0.569,127.955,36.331,1
1785988139,881461914,128.115,0.887,128.981,67.683,1
1785988139,948128662,119.604,0.625,120.211,57.904,1
1785988139,981461670,135.042,0.696,135.761,48.841,1
1785988140,48127197,123.124,0.67,123.771,54.72,1
1785988140,81459717,131.047,0.562,131.61,41.149,1
1785988140,148124268,119.211,0.584,119.773,54.85,1
1785988140,181456787,125.551,0.583,126.113,39.672,1
1785988140,248287598,100.844,1.642,102.542,43.164,1
1785988140,281703613,114.413,0.778,115.13,46.094,1
1785988140,315119629,125.041,0.569,125.589,43.88,1
1785988140,381952881,95.917,0.579,96.475,37.72,1
1785988140,415370117,124.802,0.766,125.55,62.487,1
1785988140,482205322,99.482,0.583,100.045,41.334,1
1785988140,515623291,108.757,0.781,109.523,42.887,1
1785988140,549041748,120.22,1.017,121.234,45.117,1
1785988140,582460449,133.111,0.849,133.941,46.142,1
1785988140,649298828,110.793,0.817,111.553,44.45,1
1785988140,682718506,128.723,0.797,129.495,51.366,1
1785988140,749558838,104.748,1.189,105.965,43.248,1
1785988140,782979492,122.74,0.568,123.288,50.807,1
1785988140,849821777,128.491,0.634,129.106,72.66,1
1785988140,916665039,113.56,1.026,114.568,52.295,1
1785988140,950087402,131.463,0.652,132.096,50.956,1
1785988141,16932617,116.748,0.677,117.403,52.158,1
1785988141,50355957,131.655,0.741,132.375,48.39,1
1785988141,117203125,107.157,0.929,107.892,42.362,1
1785988141,150627197,130.978,0.608,131.563,57.101,1
1785988141,217434570,103.402,0.6,103.981,39.225,1
1785988141,250819580,114.979,0.796,115.76,45.157,1
1785988141,284204834,127.488,0.555,128.022,45.655,1
1785988141,350976563,98.823,1.007,99.811,38.558,1
1785988141,384363037,106.742,0.858,107.58,41.15,1
1785988141,417750000,129.177,0.62,129.774,55.587,1
1785988141,484524902,110.892,0.566,111.437,48.44,1
1785988141,517912842,116.22,0.58,116.778,38.729,1
1785988141,551301514,128.03,0.574,128.582,45.193,1
1785988141,618079346,103.942,0.813,104.74,42.925,1
1785988141,651468994,125.111,0.705,125.803,54.453,1
1785988141,684859131,126.805,0.582,127.367,34.964,1
1785988141,751640137,101.22,0.899,102.106,41.505,1
1785988141,785031494,127.002,0.651,127.632,58.933,1
1785988141,851814941,98.697,1.129,99.81,38.947,1
1785988141,885207275,139.209,0.664,139.854,73.445,1
1785988141,951993164,120.14,0.704,120.815,47.75,1
1785988142,18780762,97.153,0.704,97.834,43.808,1
1785988142,52175049,104.76,0.696,105.435,40.992,1
1785988142,85569580,117.3,0.679,117.957,45.916,1
1785988142,118964844,130.739,0.689,131.407,46.846,1
1785988142,185755371,121.977,0.584,122.54,57.927,1
1785988142,252466797,93.668,0.638,94.28,38.452,1
1785988142,285822510,118.946,0.663,119.595,58.661,1
1785988142,319178467,126.537,0.559,127.077,40.848,1
1785988142,385890381,100.285,0.791,101.054,40.682,1
1785988142,419246338,113.435,0.652,114.068,46.373,1
1785988142,452602539,124.288,0.557,124.825,44.117,1
1785988142,519314941,100.355,1.086,101.431,43.298,1
1785988142,552671143,117.752,1.266,119.004,50.932,1
1785988142,586027588,126.833,0.588,127.399,41.769,1
1785988142,652740479,97.289,0.657,97.923,37.235,1
1785988142,686096924,128.666,0.688,129.337,64.766,1
1785988142,752810303,116.942,0.759,117.684,55.061,1
1785988142,786166992,124.453,0.58,125.011,40.689,1
1785988142,852880615,115.529,0.845,116.364,58.056,1
1785988142,919594482,112.637,0.715,113.328,63.686,1
1785988142,952951660,131.905,0.592,132.476,52.507,1
1785988143,19666016,111.9,0.591,112.472,46.709,1
1785988143,53023193,116.927,0.735,117.634,38.519,1
1785988143,86380371,131.648,0.96,132.575,48.301,1
1785988143,153095215,102.037,1.09,103.032,37.155,1
1785988143,186452881,124.991,0.566,125.537,55.879,1
1785988143,253132813,98.644,1.057,99.677,40.814,1
1785988143,286472412,111.945,0.688,112.613,46.278,1
1785988143,319811768,124.027,0.695,124.703,45.433,1
1785988143,386490234,108.494,0.821,109.309,51.264,1
1785988143,419829346,126.691,0.568,127.238,51.288,1
1785988143,486506836,101.389,0.651,102.018,41.457,1
1785988143,519845215,111.778,0.561,112.319,43.64,1
1785988143,553183594,124.028,0.634,124.642,45.662,1
1785988143,619859863,95.34,0.545,95.864,37.9,1
1785988143,653197510,101.244,0.821,102.046,39.511,1
1785988143,686535400,116.774,0.649,117.402,48.702,1
1785988143,719872803,125.7,0.567,126.246,42.181,1
1785988143,786547363,99.435,0.668,100.08,40.506,1
1785988143,819884521,115.093,2.281,117.376,50.611,1
1785988143,853221191,145.229,0.561,145.769,61.755,1
1785988143,919894531,128.016,0.59,128.585,49.489,1
1785988143,953230957,157.184,0.6,157.762,62.511,1
1785988144,53239014,123.304,0.56,123.843,66.091,1
1785988144,119910400,98.478,0.585,99.042,41.869,1
1785988144,153245850,121.541,0.769,122.293,56.577,1
1785988144,186581787,135.376,0.657,136.013,47.063,1
1785988144,253260742,132.25,0.624,132.852,63.521,1
1785988144,319939209,115.069,0.714,115.765,49.585,1
1785988144,353278076,123.862,0.559,124.4,41.982,1
1785988144,419955566,111.695,0.766,112.452,54.711,1
1785988144,453293945,125.012,0.558,125.549,46.454,1
1785988144,519970459,104.605,0.614,105.196,46.322,1
1785988144,553308350,115.349,0.73,116.066,44.198,1
1785988144,619983643,94.019,0.582,94.58,45.2,1
1785988144,653321045,96.031,0.536,96.548,35.305,1
1785988144,686658447,127.02,0.581,127.578,64.367,1
1785988144,719995605,133.347,0.75,134.074,39.83,1
1785988144,786669189,119.08,0.652,119.713,52.316,1
1785988144,820005859,131.73,0.677,132.386,46.007,1
1785988144,886678467,130.47,0.68,131.128,65.412,1
1785988144,953350586,133.264,0.801,134.045,69.59,1
1785988145,20021973,99.691,0.635,100.304,32.934,1
1785988145,53357422,125.928,0.567,126.474,59.506,1
1785988145,120027832,97.819,0.631,98.428,38.623,1
1785988145,153362793,126.17,0.57,126.717,61.627,1
1785988145,220044434,101.666,0.689,102.332,42.291,1
1785988145,253390869,114.346,0.664,114.995,46.007,1
1785988145,286737061,126.382,0.588,126.95,45.31,1
1785988145,353428955,100.67,0.773,101.422,41.156,1
1785988145,386774902,114.035,0.776,114.798,46.712,1
1785988145,420120605,124.58,0.707,125.269,43.833,1
1785988145,486811768,102.41,0.685,103.049,44.469,1
1785988145,520156982,123.037,0.591,123.59,53.888,1
1785988145,586847412,101.315,0.567,101.863,44.965,1
1785988145,620192383,125.246,0.546,125.772,57.255,1
1785988145,686881836,107.651,1.307,108.968,49.85,1
1785988145,720226563,123.661,0.642,124.211,48.622,1
1785988145,786915527,96.566,2.604,99.177,41.619,1
1785988145,820259766,133.688,0.684,134.354,68.552,1
1785988145,853603760,143.193,0.747,143.916,42.909,1
1785988145,920291748,129.636,0.56,130.175,52.95,1
1785988145,986979248,123.576,0.561,124.115,60.628,1
1785988146,53666260,106.437,0.768,107.185,49.749,1
1785988146,87009521,118.833,0.558,119.37,45.536,1
1785988146,120352783,145.907,0.73,146.633,60.586,1
1785988146,187039063,127.426,0.561,127.967,48.04,1
1785988146,253718018,108.1,0.785,108.867,47.573,1
1785988146,287057129,125.772,0.56,126.312,50.79,1
1785988146,353734863,117.97,0.773,118.714,59.072,1
1785988146,387073486,130.838,0.645,131.46,46.092,1
1785988146,453750244,105.329,0.832,106.135,41.348,1
1785988146,487088623,129.931,0.565,130.475,57.683,1
1785988146,553764404,114.25,0.628,114.856,51.056,1
1785988146,587102051,131.458,0.643,132.094,50.556,1
1785988146,653776855,114.382,0.661,115.013,49.612,1
1785988146,687114014,129.414,0.548,129.938,48.264,1
1785988146,753787842,119.919,0.685,120.582,57.316,1
1785988146,787124512,131.039,0.741,131.762,44.512,1
1785988146,853797119,145.709,0.675,146.362,81.277,1
1785988146,920469482,135.058,0.829,135.87,56.176,1
1785988146,953805176,152.777,0.566,153.321,50.794,1
1785988147,20476318,128.791,0.556,129.325,42.675,1
1785988147,87146729,107.267,0.694,107.94,45.282,1
1785988147,120481689,120.843,0.661,121.406,46.803,1
1785988147,220494629,99.518,0.779,100.27,78.878,1
1785988147,253837402,124.77,0.776,125.528,58.594,1
1785988147,320522461,103.518,0.819,104.262,45.422,1
1785988147,353864746,126.139,0.717,126.838,55.923,1
1785988147,420549072,98.388,0.625,98.994,38.839,1
1785988147,453890869,118.546,0.605,119.135,53.478,1
1785988147,487232910,128.834,0.599,129.414,43.628,1
1785988147,553916260,113.662,0.673,114.317,51.583,1
1785988147,587257568,122.314,0.647,122.942,41.968,1
1785988147,620599121,125.883,0.547,126.409,36.81,1
1785988147,687281494,100.371,0.815,101.163,41.434,1
1785988147,720622314,124.495,0.588,125.063,57.243,1
1785988147,753963379,134.41,0.628,135.015,43.292,1
1785988147,820644775,112.577,0.75,113.28,44.939,1
1785988147,853985352,130.511,0.57,131.06,51.13,1
1785988147,920666016,125.628,0.611,126.214,61.835,1
1785988147,954006104,125.133,0.559,125.673,32.799,1
1785988148,20686035,113.103,1.26,114.358,55.342,1
1785988148,54025879,127.005,0.558,127.542,46.548,1
1785988148,120705078,115.407,0.727,116.115,55.247,1
1785988148,154044678,134.948,0.643,135.571,52.796,1
1785988148,220724609,116.152,0.669,116.804,47.908,1
1785988148,254064941,129.064,0.59,129.633,46.177,1
1785988148,320745117,102.491,0.746,103.217,40.262,1
1785988148,354084717,112.883,1.652,114.537,44.636,1
1785988148,420763916,99.848,0.636,100.459,52.627,1
1785988148,454103027,120.447,0.6,121.021,53.902,1
1785988148,487442383,128.206,0.981,129.17,41.485,1
1785988148,554120117,100.332,0.608,100.919,38.428,1
1785988148,587458740,123.299,0.711,123.979,56.395,1
1785988148,620797119,132.742,0.544,133.266,42.632,1
1785988148,687473633,109.085,0.626,109.693,43.097,1
1785988148,720811768,117.299,0.813,118.094,41.741,1
1785988148,754149658,130.333,0.549,130.861,46.11,1
1785988148,820824951,114.753,2.292,117.022,52.83,1
1785988148,854162354,158.205,0.663,158.831,75.151,1
1785988148,920836426,130.994,0.606,131.577,39.419,1
1785988148,954173340,152.643,0.594,153.218,54.977,1
1785988149,20846680,128.391,0.862,129.194,42.643,1
1785988149,87519531,105.95,0.654,106.582,44.063,1
1785988149,120855469,145.024,0.758,145.755,72.511,1
1785988149,154191406,139.777,0.639,140.386,27.968,1
1785988149,220880127,119.214,0.605,119.797,46.099,1
1785988149,254312012,129.343,0.652,129.974,43.611,1
1785988149,321177734,111.27,0.566,111.818,48.708,1
1785988149,354611084,117.015,0.652,117.647,39.26,1
1785988149,388044922,128.631,0.596,129.207,44.997,1
1785988149,454914307,100.348,0.842,101.166,38.824,1
1785988149,488349609,112.631,1.085,113.764,45.971,1
1785988149,521785645,125.638,0.625,126.168,45.909,1
1785988149,588658691,96.693,0.647,97.325,38.026,1
1785988149,622095947,104.466,0.987,105.44,41.541,1
1785988149,655533691,117.446,0.723,118.144,46.151,1
1785988149,688971924,127.016,0.95,127.949,43.236,1
1785988149,755849609,107.471,0.935,108.393,47.318,1
1785988149,789289307,121.251,0.716,121.938,46.995,1
1785988149,822729492,144.056,0.695,144.732,56.234,1
1785988149,889611084,129.122,0.558,129.658,51.815,1
1785988149,956494629,109.11,0.629,109.719,46.939,1
1785988149,989937012,127.921,0.685,128.586,52.313,1
1785988150,56823486,102.264,0.691,102.906,41.207,1
1785988150,90267334,114.715,0.764,115.461,45.994,1
1785988150,123711670,125.622,0.607,126.207,44.194,1
1785988150,190601807,109.194,0.711,109.882,50.567,1
1785988150,224045654,115.141,0.557,115.664,39.226,1
1785988150,357406006,90.029,0.644,90.658,108.346,1
1785988150,390745850,111.233,0.673,111.892,54.576,1
1785988150,424085449,124.642,0.568,125.191,46.645,1
1785988150,490763916,102.03,3.907,105.959,47.398,1
1785988150,524102783,127.199,0.573,127.749,55.178,1
1785988150,590780273,101.159,3.065,104.203,43.125,1
1785988150,624118652,115.219,0.799,116.088,45.139,1
1785988150,657457031,129.765,0.639,130.384,47.725,1
1785988150,690795166,140.581,1.606,142.205,45.118,1
1785988150,757470703,107.603,0.75,108.312,32.823,1
1785988150,824145752,97.115,2.973,100.074,58.43,1
1785988150,857482910,123.674,0.656,124.316,57.58,1
1785988150,924156738,123.435,0.579,123.993,66.358,1
1785988150,957493408,137.418,0.673,138.075,47.41,1
1785988151,24166260,115.862,0.577,116.417,45.024,1
1785988151,90838379,97.567,0.656,98.204,48.455,1
1785988151,124174316,118.591,0.591,119.16,54.296,1
1785988151,157509766,139.457,0.611,140.048,54.221,1
1785988151,224181152,128.205,0.535,128.719,55.346,1
1785988151,290845703,111.045,0.684,111.711,49.646,1
1785988151,324177490,122.166,0.661,122.812,44.435,1
1785988151,357509277,131.24,0.588,131.806,42.333,1
1785988151,424171875,103.251,0.597,103.83,38.682,1
1785988151,457502930,119.258,0.56,119.797,49.303,1
1785988151,490833740,126.198,0.562,126.74,40.274,1
1785988151,557494629,98.043,0.907,98.928,38.844,1
1785988151,624154541,93.808,0.604,94.392,62.128,1
1785988151,657484375,96.149,0.705,96.836,35.773,1
1785988151,724142822,91.972,0.55,92.502,62.326,1
1785988151,757471924,101.954,0.946,102.903,43.701,1
1785988151,790800537,129.195,0.585,129.757,60.212,1
1785988151,857457520,141.108,0.685,141.771,78.667,1
1785988151,924113281,118.591,0.999,119.467,44.344,1
1785988151,957440918,150.634,0.801,151.397,65.261,1
1785988152,24095459,129.468,0.555,130.002,45.266,1
1785988152,90749268,109.99,0.692,110.663,47.308,1
1785988152,124075684,130.692,0.706,131.376,54.039,1
1785988152,190728027,111.751,0.636,112.371,47.647,1
1785988152,224054443,129.456,0.543,129.978,50.942,1
1785988152,290815430,111.659,0.545,112.185,48.968,1
1785988152,324196533,132.484,0.832,133.297,54.489,1
1785988152,390959717,115.062,0.68,115.72,49.187,1
1785988152,424342041,127.516,0.601,128.092,45.757,1
1785988152,491107666,104.547,2.748,107.325,45.945,1
1785988152,524490967,124.108,0.835,124.921,51.032,1
1785988152,591258789,97.328,0.658,97.965,39.812,1
1785988152,624643311,109.291,0.749,110.013,45.432,1
1785988152,658028320,111.7,0.623,112.305,35.676,1
1785988152,691413574,126.91,0.536,127.424,48.507,1
1785988152,758185059,108.986,0.669,109.633,48.975,1
1785988152,791571533,118.878,0.695,119.546,43.3,1
1785988152,824958496,136.186,0.74,136.909,50.742,1
1785988152,891733154,129.651,0.547,130.177,60.057,1
1785988152,958509521,124.344,0.574,124.899,61.496,1
1785988153,25287109,112.298,0.553,112.826,54.706,1
1785988153,58676758,125.033,0.565,125.574,46.137,1
1785988153,125456787,94.099,0.553,94.63,35.836,1
1785988153,158847412,124.1,0.56,124.64,63.401,1
1785988153,225628906,111.089,0.617,111.687,53.826,1
1785988153,258968750,146.385,0.649,147.016,68.664,1
1785988153,325647949,128.569,0.63,129.132,48.803,1
1785988153,392326660,102.796,0.616,103.389,40.936,1
1785988153,425665527,114.577,0.665,115.217,45.163,1
1785988153,459004395,125.197,0.68,125.83,43.952,1
1785988153,525681641,102.619,0.678,103.274,44.12,1
1785988153,559020020,119.423,0.561,119.962,50.031,1
1785988153,592358154,128.05,0.548,128.578,41.955,1
1785988153,659034180,103.806,0.683,104.466,42.559,1
1785988153,692371826,122.933,0.564,123.476,52.352,1
1785988153,725709473,131.405,0.582,131.967,41.829,1
1785988153,792384033,103.285,0.871,104.135,38.835,1
1785988153,825720947,115.186,0.62,115.787,44.996,1
1785988153,859057861,130.849,0.579,131.407,48.959,1
1785988153,925731201,134.559,0.731,135.146,70.411,1
1785988153,992403809,114.355,0.567,114.902,46.43,1
1785988154,25739990,129.687,0.556,130.224,48.657,1
1785988154,92411621,102.178,0.69,102.85,39.295,1
1785988154,125747314,120.067,0.843,120.896,51.375,1
1785988154,159082764,143.129,0.652,143.758,56.202,1
1785988154,225753662,127.308,0.565,127.852,50.771,1
1785988154,292450928,107.309,0.651,107.943,46.784,1
1785988154,325799561,128.961,0.582,129.523,54.932,1
1785988154,392496338,105.428,1.225,106.633,43.801,1
1785988154,425844482,124.735,0.573,125.29,52.01,1
1785988154,492540771,104.218,0.634,104.829,46.234,1
1785988154,525888672,125.257,0.569,125.806,54.328,1
1785988154,592583984,117.481,0.736,118.182,59.069,1
1785988154,625931641,119.51,0.634,120.128,35.291,1
1785988154,659279297,126.784,0.56,127.324,40.549,1
1785988154,692626465,148.843,0.645,149.467,55.486,1
1785988154,759321045,110.526,0.731,111.239,28.463,1
1785988154,792667969,134.799,0.912,135.688,57.792,1
1785988154,859361816,112.524,0.748,113.246,44.259,1
1785988154,892708496,115.942,0.57,116.492,36.596,1
1785988154,926055176,128.953,0.576,129.508,46.363,1
1785988154,992748291,115.406,0.716,116.093,53.273,1
1785988155,26094482,131.439,0.719,132.146,49.394,1
1785988155,92786865,103.796,0.683,104.453,39.006,1
1785988155,126132813,130.54,0.73,131.252,60.146,1
1785988155,192824463,105.008,0.662,105.647,41.083,1
1785988155,226170410,125.969,0.618,126.567,54.269,1
1785988155,292848145,105.014,0.709,105.691,45.802,1
1785988155,326186768,117.806,0.581,118.367,46.016,1
1785988155,359525391,127.627,0.56,128.167,43.14,1
1785988155,426201904,105.909,0.87,106.763,45.264,1
1785988155,459539795,126.253,0.584,126.815,53.397,1
1785988155,526215088,101.234,0.566,101.779,41.64,1
1785988155,559552734,125.547,0.617,126.144,57.702,1
1785988155,626227051,96.776,0.565,97.321,37.853,1
1785988155,659563965,103.919,0.666,104.562,40.57,1
1785988155,692900635,114.88,0.564,115.424,44.205,1
1785988155,792909912,94.128,0.618,94.726,79.311,1
1785988155,826246094,102.641,0.617,103.238,41.847,1
1785988155,859582031,131.29,2.888,134.157,64.254,1
1785988155,892917725,162.32,0.959,163.257,62.433,1
1785988155,992923828,104.105,0.701,104.786,41.538,1
1785988156,26258789,115.251,0.69,115.921,44.469,1
1785988156,59593750,121.147,1.381,122.768,39.923,1
1785988156,92928467,136.47,3.379,139.964,50.647,1
1785988156,159597412,113.626,0.678,114.258,41.105,1
1785988156,192931396,135.157,0.638,135.774,54.852,1
1785988156,259647217,111.518,0.731,112.235,43.169,1
1785988156,293028564,131.118,0.661,131.759,52.914,1
1785988156,359792969,112.824,0.589,113.402,48.394,1
1785988156,393175537,112.783,0.708,113.475,33.46,1
1785988156,426558594,127.449,0.578,128.006,47.924,1
1785988156,493325928,99.813,0.635,100.427,39.186,1
1785988156,526710205,113.911,0.72,114.605,47.561,1
1785988156,560094971,125.643,0.575,126.197,44.979,1
1785988156,626865479,95.927,0.556,96.464,37.038,1
1785988156,660251221,103.465,0.649,104.092,41.01,1
1785988156,727024170,96.233,0.556,96.765,59.45,1
1785988156,760411133,112.615,0.629,113.219,49.84,1
1785988156,827186279,98.166,0.57,98.717,52.273,1
1785988156,860574463,126.502,0.631,127.115,61.784,1
1785988156,927351807,117.546,0.774,118.308,57.962,1
1785988156,960741211,135.931,0.755,136.664,51.754,1
1785988157,27520996,116.225,0.622,116.831,46.946,1
1785988157,60911621,129.796,0.552,130.329,46.893,1
1785988157,127693848,112.536,0.698,113.162,49.611,1
1785988157,161085449,123.194,0.546,123.72,43.955,1
1785988157,227869141,104.572,0.899,105.457,48.51,1
1785988157,261299072,128.964,0.558,129.502,57.485,1
1785988157,328160645,125.486,0.649,126.116,63.476,1
1785988157,395023926,99.125,0.728,99.748,40.493,1
1785988157,428456299,128.468,0.569,129.016,62.703,1
1785988157,495322266,97.333,3.808,101.136,38.969,1
1785988157,528756104,109.098,1.042,110.132,42.426,1
1785988157,562190430,125.07,0.559,125.607,48.93,1
1785988157,629060303,96.793,0.899,97.689,38.927,1
1785988157,662496094,120.162,0.902,121.042,56.809,1
1785988157,695932129,124.203,0.562,124.741,37.139,1
1785988157,762805908,95.286,0.566,95.812,37.946,1
1785988157,796243652,104.646,2.112,106.758,44.359,1
1785988157,829681641,130.706,0.575,131.262,57.963,1
1785988157,896559082,123.129,0.576,123.686,59.304,1
1785988157,963438721,103.839,0.848,104.669,47.855,1
1785988157,996879150,128.011,0.575,128.566,57.346,1
1785988158,30320068,126.951,0.556,127.488,32.362,1
1785988158,97203369,107.402,0.725,108.107,47.496,1
1785988158,130645752,137.737,0.977,138.704,64.03,1
1785988158,197531738,115.649,0.675,116.302,44.495,1
1785988158,230973633,130.617,0.644,131.239,48.381,1
1785988158,297809082,110.81,0.694,111.476,47.071,1
1785988158,331227295,129.493,0.66,130.13,52.073,1
1785988158,398064453,103.374,0.769,104.122,40.829,1
1785988158,431483643,112.373,0.763,113.113,42.407,1
1785988158,464903320,126.252,0.576,126.806,47.117,1
1785988158,531743164,122.014,0.662,122.653,62.685,1
1785988158,598584717,98.955,0.632,99.563,43.752,1
1785988158,632005859,111.133,0.844,111.952,45.808,1
1785988158,665427246,121.002,3.926,122.161,43.619,1
1785988158,732271484,103.365,4.227,107.067,51.746,1
1785988158,765693848,122.394,0.555,122.929,49.305,1
1785988158,832540039,99.11,0.616,99.706,43.621,1
1785988158,865963623,109.997,0.723,110.7,44.412,1
1785988158,899387451,141.488,0.659,142.123,64.852,1
1785988158,966236328,123.864,0.712,124.442,49.168,1
1785988159,33086426,122.075,1.074,123.122,65.522,1
1785988159,99937744,99.631,0.901,100.514,44.244,1
1785988159,133364014,107.106,0.561,107.646,40.566,1
1785988159,166790527,120.714,0.568,121.257,47.038,1
1785988159,200217529,144.152,0.6,144.729,56.897,1
1785988159,266975586,126.447,0.561,126.983,49.014,1
1785988159,333639648,98.369,0.781,99.116,38.79,1
1785988159,366971436,112.113,0.708,112.797,47.016,1
1785988159,400302979,120.969,0.959,121.91,42.446,1
1785988159,466965088,91.274,0.591,91.846,36.597,1
1785988159,500295898,111.684,0.622,112.289,53.774,1
1785988159,533626465,123.187,0.573,123.74,44.785,1
1785988159,600286865,98.156,0.713,98.85,41.768,1
1785988159,633616699,105.278,0.687,105.945,40.422,1
1785988159,700275879,96.526,0.889,97.397,58.112,1
1785988159,733604980,109.41,0.732,110.121,46.054,1
1785988159,766933838,124.451,0.622,125.053,48.266,1
1785988159,833591064,96.67,0.652,97.3,38.901,1
1785988159,866919434,106.362,0.578,106.92,42.952,1
1785988159,900247559,122.612,0.648,123.24,49.644,1
1785988159,966902832,119.457,0.548,119.984,63.402,1
1785988160,33557373,114.156,1.053,115.2,61.853,1
1785988160,66884033,130.107,0.722,130.81,48.953,1
1785988160,133537109,110.845,0.632,111.451,47.295,1
1785988160,166863525,125.954,0.612,126.547,48.421,1
1785988160,200189453,129.159,0.56,129.699,36.48,1
1785988160,266848389,124.091,0.58,124.65,61.61,1
1785988160,333512451,98.062,0.616,98.653,40.666,1
1785988160,366844238,121.794,0.685,122.496,57.134,1
1785988160,400175781,131.525,0.747,132.253,43.123,1
1785988160,466837891,114.336,0.67,114.987,49.399,1
1785988160,500168701,125.379,1.108,126.47,44.812,1
1785988160,566829590,96.436,0.739,97.155,37.341,1
1785988160,600159668,110.64,0.68,111.3,47.482,1
1785988160,633489502,123.222,0.648,123.85,45.883,1
1785988160,700148682,96.308,0.777,97.06,39.858,1
1785988160,733477783,110.922,0.617,111.512,47.794,1
1785988160,766806641,123.899,0.577,124.455,46.272,1
1785988160,833463867,99.366,0.737,100.03,42.23,1
1785988160,866792236,109.766,0.737,110.484,43.777,1
1785988160,900120117,134.184,0.719,134.884,57.73,1
1785988160,966775635,107.284,0.694,107.959,39.73,1
1785988161,33429932,93.5,0.576,94.146,52.755,1
1785988161,66756836,110.317,0.639,110.939,50.202,1
1785988161,100083496,127.165,0.581,127.727,50.123,1
1785988161,166736084,115.219,0.592,115.788,54.715,1
1785988161,200062012,130.181,0.531,130.692,48.232,1
1785988161,266724365,120.858,0.59,121.424,57.394,1
1785988161,333395264,102.222,0.558,102.76,48.007,1
1785988161,366730469,123.674,0.562,124.215,54.791,1
1785988161,433400391,103.446,0.708,104.127,46.576,1
1785988161,466734863,123.235,0.579,123.789,53.002,1
1785988161,533403564,98.97,0.639,99.586,42.464,1
1785988161,566737793,117.741,0.864,118.568,52.309,1
1785988161,600071533,122.649,0.634,123.266,38.038,1
1785988161,633405273,124.295,0.565,124.84,34.91,1
1785988161,700072266,101.249,0.677,101.902,43.724,1
1785988161,733405273,113.568,0.73,114.268,45.699,1
1785988161,800071045,96.738,0.634,97.35,49.752,1
1785988161,833403564,117.375,0.627,117.982,53.966,1
1785988161,866736084,132.784,0.581,133.34,48.691,1
1785988161,933400391,127.462,0.556,127.998,61.322,1
1785988162,63965,109.667,1.457,111.184,49.764,1
1785988162,33395508,124.578,0.627,125.188,47.414,1
1785988162,100057861,108.554,0.571,109.104,50.584,1
1785988162,133388916,130.577,0.663,131.218,55.442,1
1785988162,200050049,110.274,1.725,112.028,47.41,1
1785988162,233381348,125.305,0.581,125.863,47.231,1
1785988162,300205322,96.354,0.618,96.948,37.908,1
1785988162,333617676,123.419,0.591,123.986,60.451,1
1785988162,400443359,94.496,0.561,95.037,37.877,1
1785988162,433856445,111.954,0.629,112.554,50.93,1
1785988162,467270020,130.297,0.597,130.874,51.732,1
1785988162,534097900,112.693,1.129,113.797,49.739,1
1785988162,567512207,126.34,0.648,126.966,46.596,1
1785988162,634341797,98.756,0.861,99.513,39.373,1
1785988162,667757080,127.593,0.917,128.491,62.383,1
1785988162,734588379,115.799,0.618,116.397,54.753,1
1785988162,768004395,122.488,0.562,123.028,40.046,1
1785988162,834837402,100.666,3.015,103.692,47.457,1
1785988162,868254395,114.446,1.882,116.321,46.069,1
1785988162,901671631,127.187,0.645,127.81,44.924,1
1785988162,968506836,128.573,0.678,129.214,68.235,1
1785988163,35343262,101.007,1.998,103.497,40.601,1
1785988163,68761963,115.046,0.833,115.865,46.301,1
1785988163,102180664,126.02,0.638,126.637,44.199,1
1785988163,169019531,94.947,0.676,95.597,35.795,1
1785988163,202439209,113.935,0.671,114.585,52.407,1
1785988163,235857910,140.17,0.585,140.734,59.571,1
1785988163,302511475,117.426,1.234,118.627,44.537,1
1785988163,335837891,144.0,0.589,144.568,59.277,1
1785988163,402489990,122.431,0.57,122.98,45.065,1
1785988163,469140625,109.432,0.679,110.093,53.758,1
1785988163,502465820,123.147,0.553,123.68,46.919,1
1785988163,569114746,109.233,0.569,109.782,52.75,1
1785988163,602438965,120.496,0.58,121.053,44.595,1
1785988163,635762695,122.955,0.657,123.59,35.86,1
1785988163,702409668,94.273,0.616,94.864,37.923,1
1785988163,735732666,105.968,0.658,106.608,45.06,1
1785988163,769055420,120.904,0.566,121.45,48.172,1
1785988163,835699951,96.389,0.778,97.144,42.334,1
1785988163,902343506,99.449,0.695,100.121,69.62,1
1785988163,935664795,127.078,0.627,127.685,60.887,1
1785988164,2306641,118.205,0.611,118.794,57.753,1
1785988164,35626953,129.0,0.656,129.636,44.162,1
1785988164,102267090,114.524,0.57,115.075,52.081,1
1785988164,135586670,125.259,0.572,125.81,44.056,1
1785988164,202225098,99.74,0.663,100.379,41.205,1
1785988164,235544922,120.594,0.879,121.379,54.314,1
1785988164,268870605,134.276,1.599,135.948,47.8,1
1785988164,335520996,116.017,1.02,117.015,47.807,1
1785988164,368845703,141.06,0.847,141.887,58.192,1
1785988164,435494141,126.927,0.564,127.47,52.248,1
1785988164,502141846,96.392,0.624,96.993,36.17,1
1785988164,535465088,123.276,0.576,123.831,60.162,1
1785988164,602110840,95.25,0.587,95.812,38.626,1
1785988164,635433105,108.93,0.561,109.47,46.98,1
1785988164,668755371,118.372,0.972,119.334,43.177,1
1785988164,702077148,132.84,0.643,133.463,47.458,1
1785988164,768719971,114.585,0.562,115.126,48.309,1
1785988164,802041016,126.891,0.611,127.481,45.676,1
1785988164,868682129,105.816,0.768,106.558,45.713,1
1785988164,902002197,125.129,0.643,125.754,52.517,1
1785988164,968641602,100.074,0.588,100.642,41.531,1
1785988165,1960938,124.11,0.574,124.663,57.341,1
1785988165,68598389,100.518,0.768,101.264,43.236,1
1785988165,135234863,101.02,1.337,102.345,67.69,1
1785988165,168552734,104.558,0.959,105.498,36.48,1
1785988165,201870361,119.975,0.611,120.567,48.405,1
1785988165,268563232,102.729,3.31,106.042,52.133,1
1785988165,301938232,106.663,0.845,107.573,34.848,1
1785988165,368689453,96.007,0.829,96.813,56.075,1
1785988165,402065674,115.265,0.561,115.803,52.378,1
1785988165,435442139,128.547,0.859,129.389,46.959,1
1785988165,502196289,100.117,0.914,101.008,38.368,1
1785988165,535573730,114.846,0.814,115.65,48.012,1
1785988165,568951660,133.552,0.81,134.331,52.072,1
1785988165,635708496,100.849,0.658,101.573,33.908,1
1785988165,669087402,119.877,0.858,120.712,52.604,1
1785988165,702466553,121.477,0.794,122.249,34.918,1
1785988165,769226318,102.562,0.669,103.264,47.725,1
1785988165,802606445,110.938,0.704,111.631,41.79,1
1785988165,835987305,139.889,0.601,140.465,62.226,1
1785988165,902749512,131.338,0.668,131.977,58.274,1
1785988165,969513428,123.739,0.673,124.392,59.179,1
1785988166,36278564,90.157,0.535,90.672,33.046,1
1785988166,103044922,88.322,0.538,88.84,64.934,1
1785988166,136428711,103.317,1.323,104.662,49.156,1
1785988166,169812988,125.115,0.579,125.67,54.443,1
1785988166,236581787,122.968,0.583,123.527,64.625,1
1785988166,303258301,100.155,0.781,100.916,44.061,1
1785988166,336596436,124.231,0.731,124.943,57.369,1
1785988166,403271973,93.147,0.998,94.135,35.857,1
1785988166,436609619,116.222,0.775,116.984,56.187,1
1785988166,469947021,128.782,0.588,129.348,45.712,1
1785988166,536621338,103.109,0.693,103.776,41.101,1
1785988166,569958252,114.3,0.985,115.256,44.806,1
1785988166,603294922,124.492,0.683,125.157,43.243,1
1785988166,669968018,114.643,0.582,115.219,56.725,1
1785988166,703304199,128.279,0.565,128.824,46.958,1
1785988166,769976318,108.017,0.753,108.746,46.591,1
1785988166,803312256,110.383,0.709,111.065,35.655,1
1785988166,836647949,127.724,0.572,128.274,50.547,1
1785988166,903318604,99.874,0.619,100.469,38.867,1
1785988166,936653809,112.051,0.901,112.938,45.793,1
1785988166,969988770,115.349,0.565,115.891,36.3,1
1785988167,3323730,131.042,0.703,131.718,49.157,1
1785988167,69992920,123.86,1.025,124.867,59.821,1
1785988167,136661621,106.024,0.739,106.745,48.543,1
1785988167,169995605,123.219,0.617,123.776,50.37,1
1785988167,203329346,132.999,0.628,133.602,43.158,1
1785988167,270023193,128.008,0.539,128.528,61.622,1
1785988167,336857178,116.766,0.8,117.542,55.841,1
1785988167,370274414,130.631,0.649,131.254,47.133,1
1785988167,437110107,114.523,0.541,115.044,50.629,1
1785988167,470528564,135.745,0.552,136.277,54.651,1
1785988167,537366211,123.836,0.579,124.376,54.937,1
1785988167,604205078,99.486,0.596,100.059,42.521,1
1785988167,637625000,112.032,0.566,112.578,45.939,1
1785988167,704465820,100.186,0.682,100.849,55.108,1
1785988167,737886719,114.498,0.623,115.104,47.675,1
1785988167,771307861,125.406,0.561,125.947,44.27,1
1785988167,838151123,103.579,0.846,104.41,45.297,1
1785988167,871573242,125.328,0.598,125.907,54.926,1
1785988167,938418457,103.522,0.726,104.229,45.167,1
1785988167,971841553,125.947,0.635,126.56,55.757,1
1785988168,38688721,109.326,0.667,109.971,50.254,1
1785988168,72112549,121.967,0.581,122.527,45.985,1
1785988168,138961670,94.401,0.602,94.982,39.303,1
1785988168,172386719,118.779,0.579,119.335,57.778,1
1785988168,205812012,130.096,1.153,131.257,45.315,1
1785988168,272661865,105.582,0.573,106.133,41.757,1
1785988168,305990234,121.342,0.572,121.893,49.09,1
1785988168,339318115,128.215,0.592,128.789,40.222,1
1785988168,405973145,107.193,0.674,107.843,45.707,1
1785988168,439300293,124.117,0.528,124.625,50.115,1
1785988168,505954102,111.797,0.654,112.431,54.454,1
1785988168,539280518,130.357,0.613,130.948,51.846,1
1785988168,605932373,109.71,0.708,110.399,46.102,1
1785988168,639258057,116.56,0.676,117.219,40.14,1
1785988168,672583496,130.815,0.731,131.526,47.639,1
1785988168,739233398,106.749,0.676,107.405,42.525,1
1785988168,772558105,122.095,0.578,122.651,48.576,1
1785988168,839206543,102.762,0.691,103.437,47.427,1
1785988168,872530273,138.746,0.701,139.424,69.313,1
1785988168,939177246,133.61,0.717,134.305,61.531,1
1785988168,972500244,149.386,0.66,150.027,49.043,1
1785988169,39145508,130.538,0.641,131.157,47.778,1
1785988169,105789795,107.801,0.558,108.338,43.827,1
1785988169,139111572,116.521,0.569,117.089,42.052,1
1785988169,205754395,106.12,0.74,106.839,56.41,1
1785988169,239075439,123.795,0.816,124.595,51.067,1
1785988169,305723389,104.379,0.624,104.98,47.045,1
1785988169,339049316,111.513,0.562,112.054,40.401,1
1785988169,372375000,122.847,0.617,123.445,44.714,1
1785988169,439025391,97.286,0.559,97.824,41.032,1
1785988169,472350098,115.139,0.665,115.775,51.273,1
1785988169,505674805,124.41,0.563,124.951,42.504,1
1785988169,572322998,97.928,0.628,98.53,40.225,1
1785988169,605646484,116.35,0.659,116.99,51.781,1
1785988169,638969971,131.765,0.655,132.394,48.729,1
1785988169,705615967,113.043,0.582,113.604,47.857,1
1785988169,738938477,125.023,0.561,125.564,45.284,1
1785988169,805582764,112.572,0.578,113.129,54.209,1
1785988169,838904541,127.144,0.678,127.802,47.995,1
1785988169,905546875,122.597,0.649,123.218,62.056,1
1785988169,972188477,100.606,0.826,101.413,44.832,1
1785988170,5508789,123.802,0.596,124.375,56.288,1
1785988170,72148438,95.42,0.661,96.062,38.327,1
1785988170,105467773,109.227,0.674,109.88,47.137,1
1785988170,138786865,126.797,0.762,127.543,50.979,1
1785988170,172105957,139.337,2.268,141.593,47.359,1
1785988170,238742676,127.787,0.573,128.341,53.397,1
1785988170,305392822,115.816,1.055,116.839,55.145,1
1785988170,338723877,136.947,0.676,137.599,54.09,1
1785988170,405385254,126.482,0.557,127.02,56.087,1
1785988170,472045898,107.375,0.555,107.909,47.549,1
1785988170,505375732,126.853,0.699,127.497,52.912,1
1785988170,572034912,104.066,0.653,104.694,43.862,1
1785988170,605364258,122.284,0.552,122.832,51.451,1
1785988170,672022217,106.913,0.727,107.629,51.457,1
1785988170,705350830,124.257,0.668,124.902,50.611,1
1785988170,772007324,102.713,0.849,103.544,45.293,1
1785988170,805335205,119.327,0.593,119.899,49.691,1
1785988170,838663086,134.355,0.628,134.961,48.39,1
1785988170,905317871,125.122,0.541,125.643,57.339,1
1785988170,971971924,106.426,0.608,107.014,48.019,1
1785988171,5298584,114.025,0.866,114.893,41.179,1
1785988171,38625000,127.623,0.637,128.233,46.697,1
1785988171,105277344,105.627,0.701,106.309,44.727,1
1785988171,138603027,112.074,0.675,112.728,39.745,1
1785988171,171928711,122.536,0.575,123.094,43.691,1
1785988171,205253906,135.387,0.871,136.271,46.399,1
1785988171,271904785,109.772,0.656,110.411,40.889,1
1785988171,305233398,124.38,0.517,124.876,47.802,1
1785988171,371890137,110.74,0.645,111.366,53.139,1
1785988171,405218018,125.465,0.573,126.017,47.986,1
1785988171,471873047,109.853,0.684,110.516,51.146,1
1785988171,505200195,131.422,3.546,134.951,57.766,1
1785988171,571853760,100.368,0.817,101.23,32.864,1
1785988171,605179932,124.211,0.682,124.866,57.034,1
1785988171,671831787,98.648,0.641,99.264,41.049,1
1785988171,705157471,113.951,0.633,114.566,48.625,1
1785988171,738482666,127.799,0.565,128.342,47.105,1
1785988171,805132324,98.466,0.699,99.064,37.37,1
1785988171,838456787,127.345,0.626,127.953,62.211,1
1785988171,905104980,123.5,0.58,124.061,62.759,1
1785988171,971752197,102.563,0.751,103.29,45.874,1
1785988172,5075439,127.501,0.59,128.065,58.101,1
1785988172,71720947,96.442,0.548,96.967,35.549,1
1785988172,138365234,93.158,0.548,93.702,63.359,1
1785988172,171687256,103.475,1.087,104.548,44.171,1
1785988172,205008789,117.845,0.626,118.451,47.237,1
1785988172,271651855,95.107,0.601,95.688,43.886,1
1785988172,304978516,120.803,0.602,121.382,59.019,1
1785988172,338304932,130.776,0.788,131.522,43.463,1
1785988172,404956787,113.395,0.616,113.99,49.121,1
1785988172,438282227,133.229,0.555,133.844,53.101,1
1785988172,504932617,105.761,0.776,106.52,39.405,1
1785988172,538257324,126.599,0.943,127.318,54.118,1
1785988172,604905762,109.653,0.625,110.26,49.593,1
1785988172,638229736,126.919,0.578,127.474,50.543,1
1785988172,704876709,101.041,0.63,101.65,40.821,1
1785988172,738199707,116.854,0.561,117.393,49.069,1
1785988172,771522461,136.954,3.497,140.373,56.283,1
1785988172,838166992,130.914,0.624,131.517,57.808,1
1785988172,904810547,107.818,0.86,108.662,43.775,1
1785988172,938131836,131.623,0.562,132.165,56.839,1
1785988173,4773682,119.491,0.633,120.102,54.573,1
1785988173,38094238,127.77,0.802,128.55,41.773,1
1785988173,104734375,99.899,0.682,100.562,38.65,1
1785988173,138054199,108.461,3.271,111.844,44.458,1
1785988173,171373535,130.13,0.696,130.806,52.429,1
1785988173,238011475,104.987,0.758,105.725,41.549,1
1785988173,271330566,130.17,0.654,130.803,58.405,1
1785988173,338070557,100.861,0.637,101.473,37.408,1
1785988173,371441162,123.67,0.579,124.226,56.126,1
1785988173,404811768,138.853,0.699,139.529,48.672,1
1785988173,471554199,116.044,0.752,116.779,43.98,1
1785988173,504925781,131.278,0.929,132.186,48.79,1
1785988173,571669922,113.148,0.596,113.723,48.281,1
1785988173,605042236,131.898,0.593,132.468,52.118,1
1785988173,671788086,101.97,0.641,102.59,36.866,1
1785988173,738535156,98.557,0.591,99.127,63.286,1
1785988173,771908936,105.296,0.595,105.85,40.097,1
1785988173,805283203,118.141,0.595,118.716,46.237,1
1785988173,838657715,128.672,0.568,129.219,43.881,1
1785988173,905407471,130.683,0.595,131.258,68.788,1
1785988173,972158447,129.694,0.558,130.233,65.727,1
1785988174,38910645,104.78,0.713,105.474,41.985,1
1785988174,72287109,125.773,0.569,126.321,54.233,1
1785988174,105664063,132.245,0.609,132.834,39.888,1
1785988174,172418457,107.91,0.579,108.469,42.39,1
1785988174,205796143,133.768,0.691,134.446,59.348,1
1785988174,272551514,127.777,0.546,128.303,60.621,1
1785988174,339305908,99.457,0.808,100.243,38.685,1
1785988174,372683594,126.209,0.574,126.762,59.906,1
1785988174,439439941,113.268,0.664,113.917,53.904,1
1785988174,472818604,128.442,0.558,128.979,48.448,1
1785988174,539577148,102.079,0.876,102.935,40.71,1
1785988174,572957031,111.674,0.871,112.535,42.972,1
1785988174,606337158,131.274,0.569,131.822,52.68,1
1785988174,673098389,108.644,0.717,109.333,44.27,1
1785988174,706479736,112.265,0.675,112.917,36.963,1
1785988174,773243164,95.958,0.578,96.499,50.349,1
1785988174,806625488,126.348,0.619,126.946,63.828,1
1785988174,840008057,137.012,0.911,137.905,44.333,1
1785988174,906774414,119.45,0.608,120.038,48.905,1
1785988174,940158203,128.786,0.595,129.361,42.709,1
1785988175,6926514,110.963,0.701,111.658,49.048,1
1785988175,40311279,128.508,0.585,129.074,50.819,1
1785988175,107081787,101.111,0.587,101.661,39.358,1
1785988175,140467773,122.681,0.635,123.298,55.021,1
1785988175,173853760,138.259,0.579,138.817,48.907,1
1785988175,240627197,117.108,0.778,117.86,45.804,1
1785988175,274013672,132.346,0.648,132.973,48.509,1
1785988175,340854248,114.045,0.732,114.76,48.622,1
1785988175,374275146,127.593,0.597,128.17,46.84,1
1785988175,441117920,101.361,0.609,101.949,40.619,1
1785988175,474540039,128.81,0.55,129.337,60.812,1
1785988175,541385010,105.555,0.689,106.227,43.725,1
1785988175,574807861,115.859,0.6,116.438,43.641,1
1785988175,641655029,110.327,0.577,110.884,61.295,1
1785988175,675079102,118.608,0.62,119.205,41.744,1
1785988175,708503662,126.628,0.573,127.18,41.4,1
1785988175,775353516,116.216,0.584,116.776,56.445,1
1785988175,808779053,131.904,0.642,132.525,49.173,1
1785988175,875631104,111.221,0.657,111.851,46.18,1
1785988175,909057861,109.382,0.714,110.066,31.636,1
1785988175,942484619,137.441,0.605,138.026,61.391,1
1785988176,9339600,125.388,0.579,125.945,54.776,1
1785988176,76196045,101.002,0.655,101.611,42.521,1
1785988176,109625000,122.89,0.787,123.657,55.473,1
1785988176,176483398,97.913,0.805,98.699,41.9,1
1785988176,209913330,118.427,0.565,118.975,53.707,1
1785988176,243343506,134.789,0.649,135.409,49.866,1
1785988176,310185791,107.167,0.729,107.874,39.3,1
1785988176,343599854,127.456,0.576,128.011,53.56,1
1785988176,410428467,117.06,0.658,117.709,56.516,1
1785988176,443843262,134.025,0.665,134.666,50.38,1
1785988176,510673584,108.658,0.727,109.358,41.519,1
1785988176,544089355,126.032,0.628,126.575,50.638,1
1785988176,610921631,97.384,0.869,98.234,38.48,1
1785988176,644338135,113.911,0.971,114.896,50.051,1
1785988176,677755127,128.533,0.579,129.091,47.65,1
1785988176,744589600,102.12,1.681,103.81,41.519,1
1785988176,778007324,112.903,0.751,113.634,43.273,1
1785988176,811425537,129.717,0.669,130.359,50.144,1
1785988176,878262451,108.282,0.739,109.002,45.48,1
1785988176,911681396,116.093,0.911,116.987,41.4,1
1785988176,945100586,149.502,1.059,150.554,66.976,1
1785988177,11940186,127.382,0.572,127.933,44.234,1
1785988177,78780762,122.604,0.563,123.145,62.054,1
1785988177,145622559,96.423,0.717,97.113,40.809,1
1785988177,179043701,112.711,0.711,113.401,49.708,1
1785988177,245887451,102.087,0.656,102.718,56.16,1
1785988177,279308105,108.287,0.532,108.8,39.505,1
1785988177,346089355,96.436,0.579,96.994,54.975,1
1785988177,379506592,106.679,0.807,107.463,43.879,1
1785988177,412924316,116.189,0.671,116.843,42.799,1
1785988177,446342041,132.432,0.926,133.341,49.914,1
1785988177,513178955,110.416,0.582,110.977,44.48,1
1785988177,546597656,123.146,0.579,123.705,46.148,1
1785988177,613436279,96.063,0.559,96.601,39.735,1
1785988177,646855957,104.814,0.677,105.474,42.285,1
1785988177,680275879,126.719,0.569,127.265,55.218,1
1785988177,747116699,98.149,0.645,98.768,38.342,1
1785988177,780537598,122.666,0.56,123.191,57.847,1
1785988177,847380371,97.171,0.632,97.774,41.423,1
1785988177,880802246,107.624,0.572,108.176,43.824,1
1785988177,914224365,128.688,0.602,129.266,54.514,1
1785988177,981069336,106.558,0.693,107.234,44.804,1
1785988178,47915771,91.931,0.617,92.617,52.148,1
1785988178,81339355,111.699,0.689,112.365,53.258,1
1785988178,114763184,129.201,0.914,130.104,51.157,1
1785988178,181612061,104.928,0.636,105.549,42.295,1
1785988178,215036865,125.296,0.735,126.03,53.893,1
1785988178,281887207,110.121,0.822,110.935,51.761,1
1785988178,315311523,127.613,0.625,128.216,50.719,1
1785988178,382034912,112.513,0.92,113.416,51.915,1
1785988178,415396973,139.817,0.74,140.524,60.477,1
1785988178,482121582,106.494,0.667,107.142,33.342,1
1785988178,515484131,113.787,0.948,114.711,40.917,1
1785988178,548847168,124.827,0.647,125.455,44.125,1
1785988178,615573486,99.841,0.806,100.617,41.885,1
1785988178,648937012,120.938,0.734,121.654,54.399,1
1785988178,715664795,117.078,0.594,117.654,62.731,1
1785988178,749029053,122.743,0.591,123.312,39.024,1
1785988178,815758057,94.178,0.55,94.709,38.126,1
1785988178,849122803,112.31,0.653,112.951,51.596,1
1785988178,882488037,127.246,0.655,127.878,48.301,1
1785988178,949218750,124.409,0.553,124.941,63.796,1
1785988179,15950439,109.515,0.548,110.043,51.834,1
1785988179,49316650,127.221,0.637,127.832,51.152,1
1785988179,116049561,117.743,0.727,118.45,57.349,1
1785988179,182783447,93.687,0.591,94.257,42.544,1
1785988179,216150635,122.324,0.558,122.861,61.973,1
1785988179,249518311,128.688,0.652,129.297,39.799,1
1785988179,316253906,106.38,0.554,106.913,44.356,1
1785988179,349580566,124.092,0.554,124.626,51.039,1
1785988179,416233154,96.003,0.633,96.607,38.632,1
1785988179,449559082,108.659,0.739,109.357,46.077,1
1785988179,482884521,120.51,0.732,121.222,45.19,1
1785988179,549534912,94.386,0.635,95.001,40.427,1
1785988179,582859863,102.014,0.656,102.652,40.973,1
1785988179,616184326,122.505,0.58,123.064,53.741,1
1785988179,682832520,88.579,0.606,89.17,32.75,1
1785988179,716156006,122.465,0.546,122.99,67.149,1
1785988179,782802734,106.56,0.674,107.209,50.861,1
1785988179,816125488,132.064,0.579,132.608,58.726,1
1785988179,882770264,120.578,0.608,121.167,55.202,1
1785988179,949414063,110.042,0.554,110.577,56.056,1
1785988179,982735596,128.072,0.623,128.673,51.416,1
1785988180,49377686,115.616,0.562,116.158,54.13,1
1785988180,82698242,120.299,0.712,120.995,38.148,1
1785988180,149338623,100.39,0.658,101.031,46.68,1
1785988180,182658447,106.849,0.609,107.44,39.729,1
1785988180,215978027,119.887,0.56,120.428,46.312,1
1785988180,282616211,92.519,1.727,94.268,40.436,1
1785988180,315936279,100.987,0.794,101.761,40.849,1
1785988180,349261475,111.892,0.675,112.554,44.117,1
1785988180,382586182,129.137,0.819,129.935,50.71,1
1785988180,449235107,113.572,1.375,114.86,51.519,1
1785988180,482559082,127.297,0.712,127.989,46.511,1
1785988180,549206299,98.851,0.65,99.477,38.134,1
1785988180,582529297,125.083,0.543,125.605,59.454,1
1785988180,649174805,121.449,0.556,121.984,63.023,1
1785988180,682497070,127.957,0.64,128.571,39.908,1
1785988180,749140625,122.426,0.567,122.972,61.046,1
1785988180,815783203,114.374,0.597,114.951,58.62,1
1785988180,849104004,129.313,0.62,129.91,48.28,1
1785988180,915744629,117.768,0.598,118.345,55.076,1
1785988180,949064697,146.77,0.644,147.395,62.37,1
1785988181,15703613,123.768,0.563,124.309,43.555,1
1785988181,82341309,98.374,0.713,99.066,41.392,1
1785988181,115659912,103.412,0.812,104.15,38.402,1
1785988181,148978027,115.414,0.881,116.281,45.438,1
1785988181,182295898,127.058,0.634,127.671,44.721,1
1785988181,248930908,120.854,0.668,121.591,60.464,1
1785988181,315565674,100.769,0.853,101.604,46.731,1
1785988181,348900391,113.997,0.744,114.724,46.458,1
1785988181,382234863,122.353,0.568,122.9,41.516,1
1785988181,448902832,104.361,0.7,105.035,48.799,1
1785988181,482236572,116.545,0.684,117.21,45.502,1
1785988181,515570068,141.083,0.925,141.974,58.101,1
1785988181,582236328,107.007,0.559,107.544,32.244,1
1785988181,615569336,124.028,2.315,126.325,52.11,1
1785988181,682234375,93.855,0.705,94.516,34.86,1
1785988181,715566406,112.466,0.967,113.419,52.224,1
1785988181,748898438,134.082,0.838,134.901,54.819,1
1785988181,815561768,106.099,0.856,106.931,38.695,1
1785988181,848893066,124.677,0.929,125.479,51.868,1
1785988181,915554932,117.326,0.653,117.963,59.153,1
1785988181,948885498,132.96,0.771,133.712,49.085,1
1785988182,15546143,107.173,0.666,107.82,40.765,1
1785988182,48876221,129.082,0.663,129.727,55.238,1
1785988182,115535400,102.363,0.904,103.245,40.18,1
1785988182,148864746,123.198,0.613,123.791,53.876,1
1785988182,215522705,105.577,0.632,106.184,49.052,1
1785988182,248851318,121.604,0.55,122.133,49.278,1
1785988182,315508789,100.926,0.779,101.713,46.196,1
1785988182,348834229,124.017,0.649,124.648,56.3,1
1785988182,415484863,96.617,0.56,97.159,39.163,1
1785988182,448809570,114.13,0.783,114.893,51.056,1
1785988182,482134033,125.739,0.584,126.303,44.736,1
1785988182,548782227,98.798,0.617,99.412,39.737,1
1785988182,582105957,107.095,0.666,107.719,41.648,1
1785988182,615429199,114.818,0.587,115.385,40.992,1
1785988182,648752197,126.144,0.631,126.753,44.69,1
1785988182,715397461,113.98,0.677,114.625,54.519,1
1785988182,748719727,125.886,0.55,126.416,45.114,1
1785988182,815363281,112.493,0.66,113.133,53.355,1
1785988182,848684814,130.726,0.678,131.381,51.568,1
1785988182,915326660,123.473,0.578,124.029,59.297,1
1785988182,981967285,97.74,0.595,98.317,40.927,1
1785988183,15287109,118.902,0.605,119.471,54.473,1
1785988183,48606934,130.026,0.651,130.658,44.505,1
1785988183,115245117,116.721,0.609,117.308,53.292,1
1785988183,148563965,129.12,0.585,129.684,45.695,1
1785988183,215200684,104.664,0.742,105.383,42.334,1
1785988183,248518555,116.889,0.564,117.43,45.368,1
1785988183,315154541,115.542,1.231,116.76,65.955,1
1785988183,348527832,130.026,0.865,130.886,47.492,1
1785988183,415275146,104.734,2.728,107.511,43.315,1
1785988183,448649414,126.151,0.568,126.698,52.636,1
1785988183,515398682,100.189,0.658,100.823,40.873,1
1785988183,548773926,103.046,1.181,104.217,36.751,1
1785988183,582149414,128.076,0.583,128.638,57.816,1
1785988183,648901367,102.452,0.957,103.404,41.492,1
1785988183,682277832,126.007,0.558,126.545,56.542,1
1785988183,749031738,98.441,0.649,99.214,39.276,1
1785988183,782409180,121.779,0.562,122.317,56.629,1
1785988183,849165039,113.046,0.785,113.813,58.243,1
1785988183,882543457,135.519,0.908,136.392,55.958,1
1785988183,949301270,124.566,0.684,125.23,55.602,1
1785988183,982680664,146.349,0.757,147.088,55.236,1
1785988184,49440430,126.536,0.744,127.265,46.934,1
1785988184,116201660,125.205,4.326,129.514,69.003,1
1785988184,182964111,113.971,0.779,114.738,51.988,1
1785988184,216345703,129.515,0.713,130.216,48.86,1
1785988184,249727783,144.297,0.654,144.929,48.102,1
1785988184,316492188,117.225,0.666,117.872,39.704,1
1785988184,349825195,127.115,0.575,127.67,43.137,1
1785988184,416490234,98.393,0.727,99.096,38.089,1
1785988184,449822510,111.221,0.932,112.133,46.354,1
1785988184,483154541,130.736,0.658,131.369,52.584,1
1785988184,549817871,100.557,0.784,101.319,36.611,1
1785988184,583149170,123.972,0.56,124.512,56.528,1
1785988184,649811279,100.179,0.726,100.885,43.035,1
1785988184,683141846,118.526,4.157,122.687,55.102,1
1785988184,716472412,126.265,0.56,126.805,37.481,1
1785988184,783132568,99.737,0.596,100.311,40.165,1
1785988184,816462402,135.328,0.694,136.002,69.014,1
1785988184,883121338,116.124,0.545,116.648,47.313,1
1785988184,916450439,129.547,0.829,130.357,47.032,1
1785988184,983107910,117.564,0.777,118.259,54.561,1
1785988185,16436523,137.334,0.888,138.201,53.266,1
1785988185,83092773,109.128,0.942,110.062,38.507,1
1785988185,116420410,130.603,0.619,131.201,54.483,1
1785988185,183075439,122.85,0.822,123.653,59.106,1
1785988185,216402588,131.163,0.651,131.788,41.464,1
1785988185,283056152,111.72,0.753,112.451,47.317,1
1785988185,316383301,125.134,0.681,125.806,46.673,1
1785988185,383203857,105.474,3.242,108.738,49.718,1
1785988185,416614502,114.286,0.59,114.853,39.571,1
1785988185,450025391,124.416,0.545,124.941,43.499,1
1785988185,516847900,99.93,0.843,100.699,42.572,1
1785988185,550259766,114.989,0.744,115.715,48.434,1
1785988185,583671631,130.059,0.714,130.759,48.452,1
1785988185,650496582,111.539,0.569,112.087,48.159,1
1785988185,683909424,127.842,0.581,128.403,49.728,1
1785988185,750735840,103.084,1.168,104.251,42.649,1
1785988185,784149414,115.268,0.618,115.868,45.052,1
1785988185,817563232,131.435,0.663,132.078,49.625,1
1785988185,884392090,134.592,0.848,135.419,70.17,1
1785988185,951221680,110.454,0.737,111.179,42.579,1
1785988185,984636963,130.287,0.555,130.821,53.071,1
1785988186,51468262,109.419,0.584,109.981,45.991,1
1785988186,84884277,123.853,0.543,124.373,47.809,1
1785988186,118300781,130.559,0.707,131.25,40.284,1
1785988186,185134277,115.378,0.558,115.916,51.508,1
1785988186,218551514,127.895,0.63,128.504,46.006,1
1785988186,285386719,115.534,0.591,116.103,54.433,1
1785988186,318803223,129.335,0.759,130.014,47.326,1
1785988186,385608887,110.609,0.82,111.399,48.188,1
1785988186,452415283,94.838,0.727,95.53,50.936,1
1785988186,485818848,113.537,0.578,114.092,51.972,1
1785988186,519222656,123.028,0.778,123.785,43.095,1
1785988186,586030762,96.249,0.549,96.776,39.801,1
1785988186,619435303,103.937,2.157,106.091,42.7,1
1785988186,652839844,114.46,0.926,115.364,42.689,1
1785988186,686244629,128.554,0.681,129.216,47.258,1
1785988186,753054932,105.907,0.757,106.643,44.235,1
1785988186,786460205,123.673,0.596,124.246,51.016,1
1785988186,853271729,116.224,0.569,116.77,59.336,1
1785988186,920083984,110.834,0.688,111.497,61.539,1
1785988186,953490479,139.665,0.704,140.351,62.254,1
1785988187,20304199,123.221,0.557,123.755,50.226,1
1785988187,87118408,98.148,0.61,98.736,41.794,1
1785988187,120525879,124.64,0.588,125.208,59.88,1
1785988187,187341553,99.143,0.593,99.716,41.322,1
1785988187,220749756,128.523,0.608,129.104,62.798,1
1785988187,287566406,103.664,0.667,104.309,42.017,1
1785988187,320974121,115.264,0.607,115.85,44.951,1
1785988187,354292969,121.467,0.617,122.058,39.527,1
1785988187,420929199,97.403,0.689,98.071,42.65,1
1785988187,454246826,100.499,2.548,102.673,37.903,1
1785988187,520880859,90.612,0.548,91.14,55.118,1
1785988187,554197510,95.259,0.589,95.828,38.004,1
1785988187,587513672,109.983,0.557,110.518,48.008,1
1785988187,620829590,124.667,0.554,125.201,47.998,1
1785988187,687460449,108.235,0.746,108.962,50.384,1
1785988187,720775391,129.171,0.633,129.782,54.14,1
1785988187,787404053,109.419,0.609,110.007,46.855,1
1785988187,820717773,125.745,0.557,126.281,49.589,1
1785988187,887344238,114.482,0.651,115.115,55.454,1
1785988187,920657227,146.864,0.557,147.4,65.605,1
1785988187,987281738,130.712,0.667,131.356,50.577,1
1785988188,53904785,114.892,0.585,115.456,50.726,1
1785988188,87215820,123.971,0.593,124.53,42.384,1
1785988188,153836914,102.553,0.707,103.251,45.329,1
1785988188,187146973,116.689,0.559,117.225,47.299,1
1785988188,220456543,150.504,0.694,151.177,67.257,1
1785988188,287074707,123.282,0.569,123.828,39.273,1
1785988188,353702881,98.129,0.858,98.965,41.76,1
1785988188,387020508,123.172,0.581,123.731,58.089,1
1785988188,453655029,96.038,0.618,96.628,39.53,1
1785988188,486971680,111.672,0.644,112.301,48.984,1
1785988188,520288086,138.304,0.808,139.096,60.107,1
1785988188,586919678,102.173,1.015,103.109,30.637,1
1785988188,620234863,125.899,0.582,126.459,56.684,1
1785988188,686864502,100.892,0.668,101.533,41.702,1
1785988188,720178711,112.65,0.846,113.49,45.247,1
1785988188,753492432,132.551,0.798,133.33,53.171,1
1785988188,820119141,116.624,0.619,117.223,50.525,1
1785988188,853431885,135.302,0.704,135.984,52.071,1
1785988188,920056396,136.604,0.761,137.348,67.987,1
1785988188,986679443,117.276,0.721,117.98,47.259,1
1785988189,19990479,137.407,0.585,137.968,53.302,1
1785988189,86611572,114.236,0.719,114.936,43.581,1
1785988189,119921387,130.816,0.665,131.459,49.841,1
1785988189,186540283,115.778,0.689,116.448,51.601,1
1785988189,219849121,130.163,0.664,130.811,47.674,1
1785988189,286465820,112.978,0.678,113.636,49.438,1
1785988189,319774658,125.226,0.651,125.851,45.532,1
1785988189,386413818,101.123,0.732,101.835,42.616,1
1785988189,419732910,137.365,0.859,138.202,69.689,1
1785988189,486369873,106.033,0.81,106.858,35.248,1
1785988189,519687988,126.028,0.562,126.57,53.08,1
1785988189,586322998,105.093,0.574,105.644,45.709,1
1785988189,619639893,115.034,0.661,115.675,43.341,1
1785988189,652956543,126.963,0.573,127.517,45.164,1
1785988189,719588867,99.768,0.637,100.377,39.491,1
1785988189,752904297,111.985,0.605,112.57,45.508,1
1785988189,786219727,129.984,0.581,130.529,51.277,1
1785988189,852849121,111.844,0.811,112.649,48.727,1
1785988189,886163330,146.592,0.686,147.254,67.939,1
1785988189,952790771,111.989,0.589,112.558,31.932,1
1785988189,986104004,138.115,0.849,138.95,59.697,1
1785988190,52729492,129.189,0.766,129.912,57.595,1
1785988190,86041504,127.463,0.548,127.991,31.394,1
1785988190,152664795,104.354,5.168,109.536,48.127,1
1785988190,185976074,128.535,0.561,129.074,52.891,1
1785988190,252597412,102.829,0.689,103.5,41.042,1
1785988190,285907471,116.319,0.59,116.893,46.704,1
1785988190,319218262,131.657,0.671,132.311,48.728,1
1785988190,385855957,105.359,0.598,105.918,40.25,1
1785988190,419174561,117.325,0.752,118.06,45.451,1
1785988190,452492432,125.949,0.549,126.477,41.745,1
1785988190,519127441,115.318,1.013,116.32,56.462,1
1785988190,552444580,127.523,0.651,128.155,45.167,1
1785988190,619077637,121.508,0.601,122.091,60.568,1
1785988190,652393555,135.567,0.742,136.287,47.51,1
1785988190,719024414,128.372,0.563,128.914,59.262,1
1785988190,785653809,103.699,0.919,104.506,42.212,1
1785988190,818968018,134.194,0.824,135.0,63.812,1
1785988190,885595459,129.582,0.578,130.137,61.769,1
1785988190,952221436,105.605,1.486,107.108,43.554,1
1785988190,985533936,126.341,0.671,127.0,53.238,1
1785988191,52157715,127.309,0.709,128.001,67.634,1
1785988191,118780273,106.601,0.922,107.51,46.121,1
1785988191,152090820,127.806,0.685,128.473,54.284,1
1785988191,218711182,113.126,1.206,114.44,52.449,1
1785988191,252020996,128.372,0.593,128.947,47.955,1
1785988191,318640137,112.276,0.867,113.03,50.7,1
1785988191,352002197,130.324,0.568,130.869,51.207,1
1785988191,418727295,114.68,0.63,115.291,51.144,1
1785988191,452090088,122.759,0.585,123.323,41.398,1
1785988191,485453369,128.8,0.55,129.329,39.369,1
1785988191,552180176,116.024,0.881,116.879,54.267,1
1785988191,585543945,116.46,0.626,117.071,33.56,1
1785988191,618907715,128.985,0.575,129.54,45.838,1
1785988191,685636475,118.489,0.577,119.043,56.233,1
1785988191,719000977,134.384,0.623,134.983,49.303,1
1785988191,785730957,105.48,0.916,106.383,38.116,1
1785988191,819096436,132.847,0.832,133.665,60.647,1
1785988191,885827637,118.146,0.598,118.721,51.801,1
1785988191,919193604,142.116,0.768,142.852,57.488,1
1785988191,985926270,124.738,0.573,125.284,49.174,1
1785988192,19292725,138.581,0.71,139.267,47.343,1
1785988192,86026855,123.839,0.755,124.582,52.046,1
1785988192,119394043,146.98,0.748,147.717,56.5,1
1785988192,186129395,124.084,0.616,124.678,43.704,1
1785988192,219497314,132.047,0.563,132.59,41.282,1
1785988192,286233887,115.723,0.789,116.505,50.633,1
1785988192,319602051,129.812,0.564,130.355,47.237,1
1785988192,386341553,99.358,0.665,100.006,36.385,1
1785988192,419711914,126.061,0.707,126.75,60.116,1
1785988192,453082520,136.434,0.775,137.19,43.81,1
1785988192,519824463,127.174,0.582,127.734,57.291,1
1785988192,586567627,116.154,0.742,116.878,55.876,1
1785988192,619939453,129.726,0.544,130.25,46.754,1
1785988192,686684326,103.278,6.164,109.353,45.793,1
1785988192,720057373,106.729,0.672,107.384,31.451,1
1785988192,753430420,129.227,1.984,131.195,57.186,1
1785988192,820177734,111.367,0.775,112.131,47.679,1
1785988192,853551758,132.631,1.14,133.632,54.874,1
1785988192,920300781,112.904,0.579,113.462,46.59,1
1785988192,953675781,124.873,0.786,125.641,45.553,1
1785988192,987051025,125.907,0.576,126.464,34.199,1
1785988193,53802246,120.709,0.619,121.302,61.589,1
1785988193,87178223,136.821,0.736,137.493,49.567,1
1785988193,153931396,108.416,0.643,109.034,38.293,1
1785988193,187308350,129.37,0.585,129.937,54.279,1
1785988193,254063232,109.28,1.372,110.606,47.403,1
1785988193,287441162,123.039,0.73,123.757,46.544,1
1785988193,354201172,103.055,0.91,103.965,46.953,1
1785988193,387583984,122.105,0.797,122.885,52.323,1
1785988193,420967529,129.996,0.562,130.538,41.04,1
1785988193,487735596,115.194,0.797,115.973,52.197,1
1785988193,521120361,131.52,0.68,132.178,49.594,1
1785988193,587890869,114.283,0.65,114.913,49.505,1
1785988193,621277100,129.555,0.576,130.112,48.586,1
1785988193,688050293,101.424,0.631,102.03,38.69,1
1785988193,721437744,139.414,0.715,140.107,71.463,1
1785988193,788213623,114.945,0.779,115.702,42.367,1
1785988193,821602295,118.508,0.633,119.123,36.813,1
1785988193,854991211,131.525,0.58,132.082,46.35,1
1785988193,921770752,120.221,0.702,120.897,55.594,1
1785988193,955161133,152.819,0.911,153.605,66.083,1
1785988194,21943115,128.726,0.618,129.319,42.514,1
1785988194,88726807,113.556,0.601,114.137,51.599,1
1785988194,122119385,139.72,2.028,141.768,60.978,1
1785988194,188905762,112.307,1.014,113.328,38.36,1
1785988194,222299805,124.635,0.559,125.175,45.274,1
1785988194,255694092,139.854,3.003,142.849,51.044,1
1785988194,322482910,125.353,0.617,125.95,49.914,1
1785988194,389166748,109.538,2.176,111.706,52.424,1
1785988194,422508545,119.297,0.927,120.21,41.854,1
1785988194,455850098,130.785,0.667,131.432,44.572,1
1785988194,522532715,105.175,0.679,105.786,41.037,1
1785988194,555874023,119.026,0.599,119.6,47.156,1
1785988194,589215088,125.033,0.699,125.693,39.434,1
1785988194,655896484,102.763,0.787,103.523,44.502,1
1785988194,689237061,116.322,0.707,117.01,46.837,1
1785988194,789258057,95.755,0.593,96.326,79.338,1
1785988194,822597900,110.549,0.628,111.164,48.17,1
1785988194,855937744,130.571,0.586,131.136,53.318,1
1785988194,922617188,120.856,0.557,121.392,56.938,1
1785988194,955956543,129.093,0.567,129.638,41.585,1
1785988195,22635010,112.267,0.627,112.872,49.91,1
1785988195,55974121,135.709,0.672,136.357,56.824,1
1785988195,122651611,117.224,0.626,117.834,48.152,1
1785988195,155990234,123.914,0.691,124.587,40.089,1
1785988195,222666992,102.704,0.578,103.256,45.351,1
1785988195,256005127,120.19,2.927,123.114,53.159,1
1785988195,289343018,129.174,0.543,129.694,39.957,1
1785988195,356037109,104.028,1.396,105.219,42.196,1
1785988195,389476074,129.549,0.565,130.094,58.336,1
1785988195,456355225,117.374,0.71,118.069,54.846,1
1785988195,489795654,135.061,0.857,135.896,51.269,1
1785988195,556677734,123.352,0.588,123.92,54.913,1
1785988195,623562012,102.792,0.821,103.479,46.44,1
1785988195,657004639,114.6,0.601,115.178,45.144,1
1785988195,690447998,129.437,0.66,130.078,48.343,1
1785988195,757335938,124.706,0.624,125.313,62.119,1
1785988195,824225830,107.968,0.687,108.638,50.213,1
1785988195,857671387,133.469,1.27,134.732,59.522,1
1785988195,924564209,120.914,1.032,121.934,54.102,1
1785988195,958011230,130.114,0.798,130.886,42.415,1
1785988196,24906738,107.547,0.649,108.09,44.101,1
1785988196,58355469,110.782,0.636,111.396,36.754,1
1785988196,91804443,124.884,0.84,125.708,47.752,1
1785988196,158703857,105.067,2.169,107.241,48.411,1
1785988196,192154297,127.211,0.632,127.82,54.061,1
1785988196,259056641,109.432,0.809,110.228,49.298,1
1785988196,292508545,117.354,0.657,117.995,41.224,1
1785988196,359411621,95.028,0.698,95.664,44.578,1
1785988196,392744385,102.403,0.79,103.171,40.838,1
1785988196,426076660,125.43,0.703,126.112,56.275,1
1785988196,492740967,98.51,0.823,99.333,39.862,1
1785988196,526072754,104.075,2.471,106.451,40.423,1
1785988196,592735840,91.557,0.576,92.115,52.373,1
1785988196,626066895,103.764,0.825,104.568,45.782,1
1785988196,659397705,126.636,0.592,127.207,55.976,1
1785988196,726058838,106.133,0.722,106.834,46.283,1
1785988196,759389160,111.234,0.567,111.779,38.281,1
1785988196,792718994,117.568,0.744,118.296,39.843,1
1785988196,826048828,142.325,0.863,143.095,58.127,1
1785988196,892707520,119.715,0.695,120.388,43.953,1
1785988196,926036621,114.527,1.393,115.909,28.843,1
1785988196,959365479,124.098,0.552,124.629,42.061,1
1785988197,26022461,97.373,0.604,97.955,39.981,1
1785988197,59350586,113.577,0.734,114.291,49.656,1
1785988197,92678711,127.763,0.557,128.299,47.346,1
1785988197,159333740,116.282,0.571,116.831,55.187,1
1785988197,192661133,135.04,0.69,135.707,52.197,1
1785988197,259314941,117.122,0.609,117.713,48.662,1
1785988197,292641357,123.839,0.554,124.374,39.991,1
1785988197,359294678,106.176,0.993,107.143,49.412,1
1785988197,392631348,126.333,0.6,126.911,53.115,1
1785988197,459303955,119.706,0.604,120.288,60.049,1
1785988197,492639893,141.963,0.553,142.494,55.544,1
1785988197,559311523,122.43,0.563,122.971,47.148,1
1785988197,625982422,100.269,0.76,101.002,44.698,1
1785988197,659317627,114.981,1.171,116.155,48.461,1
1785988197,692652588,127.804,0.553,128.332,45.543,1
1785988197,759322266,109.028,1.384,110.803,48.725,1
1785988197,792656738,122.735,0.914,123.634,46.57,1
1785988197,825990967,132.206,0.794,132.979,42.682,1
1785988197,892659180,122.882,2.153,125.019,58.704,1
1785988197,959326660,119.858,0.592,120.424,62.085,1
1785988197,992660156,125.486,0.596,126.062,38.97,1
1785988198,59326416,111.248,0.687,111.92,52.52,1
1785988198,125992188,95.565,0.776,96.318,51.064,1
1785988198,159324707,111.853,0.734,112.565,49.582,1
1785988198,192657227,127.343,1.022,128.351,49.106,1
1785988198,259321533,119.974,2.011,120.763,59.064,1
1785988198,359317383,107.975,0.716,108.667,87.918,1
1785988198,392662354,107.812,0.675,108.462,33.149,1
1785988198,426006836,119.037,0.61,119.624,44.506,1
1785988198,459351563,127.486,0.654,128.12,41.841,1
1785988198,526040283,115.827,0.589,116.395,54.963,1
1785988198,559384277,125.667,0.691,126.341,43.285,1
1785988198,626072266,96.876,0.579,97.433,37.784,1
1785988198,659415771,105.459,1.368,106.806,42.688,1
1785988198,692759277,122.709,0.738,123.43,49.985,1
1785988198,726102783,131.471,0.614,132.06,41.984,1
1785988198,792789063,108.537,0.857,109.373,43.993,1
1785988198,826132080,134.691,1.132,135.69,59.664,1
1785988198,892817627,134.847,0.845,135.672,66.666,1
1785988198,959502441,109.16,0.76,109.789,40.805,1
1785988198,992844727,135.359,0.733,136.071,59.623,1
1785988199,59528809,108.993,0.729,109.706,40.31,1
1785988199,92870605,123.632,0.635,124.248,47.895,1
1785988199,159553711,107.196,0.728,107.9,50.327,1
1785988199,192895020,128.666,0.59,129.233,54.683,1
1785988199,259577393,114.817,0.587,115.387,52.833,1
1785988199,292918213,128.58,0.566,129.125,47.081,1
1785988199,359600098,106.935,0.745,107.661,45.211,1
1785988199,392933594,121.699,0.696,122.363,48.042,1
1785988199,426267090,137.913,2.156,145.508,51.016,1
1785988199,492933105,115.332,2.04,117.367,43.969,1
1785988199,526265869,126.409,0.584,126.965,42.951,1
1785988199,592930664,108.77,0.656,109.406,49.099,1
1785988199,626262695,127.674,0.583,128.235,52.167,1
1785988199,692926270,97.776,2.663,100.447,38.846,1
1785988199,726257568,128.403,0.589,128.97,61.883,1
1785988199,792919922,108.127,0.782,108.887,46.57,1
1785988199,826250732,131.731,0.731,132.437,56.888,1
1785988199,892911621,130.033,0.653,130.667,64.892,1
1785988199,926241943,139.65,0.791,140.421,43.082,1
1785988199,992901611,118.479,0.724,119.187,45.424,1
1785988200,26231201,130.49,0.785,131.26,45.404,1
1785988200,92889648,125.241,0.538,125.758,61.161,1
1785988200,159547119,102.402,0.8,103.191,44.078,1
1785988200,192875732,126.479,0.566,127.025,57.175,1
1785988200,226203857,140.735,1.161,141.891,48.174,1
1785988200,292859863,125.817,0.574,126.37,51.155,1
1785988200,359515381,105.051,0.849,105.881,46.152,1
1785988200,392849121,116.724,0.715,117.42,44.88,1
1785988200,426182861,124.364,0.545,124.889,40.811,1
1785988200,526182129,94.861,0.575,95.415,70.526,1
1785988200,559514648,125.964,0.562,126.504,64.42,1
1785988200,626179199,97.374,0.56,97.914,38.075,1
1785988200,659511230,114.305,0.548,114.835,50.253,1
1785988200,692843018,130.381,0.55,130.909,49.406,1
1785988200,759505859,107.364,0.95,108.306,44.039,1
1785988200,792837158,129.395,0.567,129.937,54.983,1
1785988200,859498535,120.835,0.578,121.392,58.114,1
1785988200,892829102,139.83,0.659,140.469,52.408,1
1785988200,959489258,117.23,0.612,117.819,44.011,1
1785988200,992819092,134.023,0.69,134.685,50.194,1
1785988201,59478027,115.944,0.619,116.545,48.518,1
1785988201,92807129,126.996,0.555,127.531,44.319,1
1785988201,159464600,106.292,0.646,106.915,46.038,1
1785988201,192792969,131.204,0.755,131.942,58.349,1
1785988201,259449219,126.949,0.557,127.484,62.209,1
1785988201,326104736,99.265,0.695,99.962,39.109,1
1785988201,359432617,114.018,0.788,114.784,48.171,1
1785988201,392806885,126.245,0.572,126.796,45.388,1
1785988201,459556885,106.858,0.67,107.507,47.459,1
1785988201,492932373,118.975,0.576,119.531,45.401,1
1785988201,526308105,147.829,0.81,148.63,62.456,1
1785988201,593060547,107.709,1.874,109.61,27.702,1
1785988201,626437256,118.774,0.825,119.576,43.383,1
1785988201,659814453,128.287,0.708,128.917,42.727,1
1785988201,726569580,107.352,0.804,108.136,45.965,1
1785988201,759947754,132.467,0.614,133.064,58.311,1
1785988201,826704834,115.86,0.801,116.648,50.331,1
1785988201,860083984,135.662,0.711,136.35,53.09,1
1785988201,926843262,117.634,0.573,118.186,48.6,1
1785988201,960223145,127.236,0.715,127.934,43.119,1
1785988202,26984375,106.591,0.577,107.147,45.983,1
1785988202,60365479,119.738,0.743,120.463,46.685,1
1785988202,127128662,98.569,0.565,99.114,45.426,1
1785988202,160510742,126.469,0.66,127.114,61.375,1
1785988202,193893066,139.661,0.649,140.303,46.563,1
1785988202,260658936,125.789,0.542,126.31,52.789,1
1785988202,294042236,133.079,0.643,133.698,40.769,1
1785988202,360809326,129.827,0.561,130.367,63.438,1
1785988202,427574463,116.798,0.644,117.419,53.813,1
1785988202,460957520,149.37,0.683,150.014,65.977,1
1785988202,527725098,133.908,0.793,134.667,51.424,1
1785988202,561109619,130.378,0.583,130.941,29.659,1
1785988202,627879395,128.746,0.637,129.361,65.192,1
1785988202,694651123,103.129,0.755,103.823,41.23,1
1785988202,728037354,125.648,0.667,126.298,55.858,1
1785988202,794811279,115.607,0.671,116.254,56.732,1
1785988202,828198975,139.65,0.677,140.305,57.442,1
1785988202,861586914,162.968,0.63,163.569,56.654,1
1785988202,961753418,110.243,0.691,110.912,47.505,1
1785988202,995142822,123.181,0.554,123.712,46.195,1
1785988203,61923340,102.949,0.867,103.793,46.855,1
1785988203,95313965,114.273,2.849,117.128,46.692,1
1785988203,128705322,132.232,0.991,133.207,49.502,1
1785988203,195488770,103.941,7.094,111.035,44.59,1
1785988203,228881348,139.528,0.965,140.435,62.811,1
1785988203,295667236,131.692,0.66,132.331,58.691,1
1785988203,362454102,101.416,0.775,102.169,36.621,1
1785988203,429148438,96.135,0.655,96.77,61.3,1
1785988203,462495361,110.57,0.683,111.212,47.788,1
1785988203,495842285,116.83,0.592,117.399,39.534,1
1785988203,529189209,127.379,0.598,127.957,43.906,1
1785988203,595882568,103.757,0.78,104.513,43.246,1
1785988203,629229004,128.212,0.694,128.886,57.722,1
1785988203,695921875,103.357,0.772,104.113,41.917,1
1785988203,729268066,124.251,0.853,125.086,54.316,1
1785988203,762614258,130.052,0.848,130.892,39.145,1
1785988203,829306152,114.882,0.651,115.515,51.325,1
1785988203,929343262,97.396,0.599,97.974,82.5,1
1785988203,962688965,126.07,0.815,126.871,62.232,1
1785988203,996034424,138.999,4.311,143.291,49.754,1
1785988204,62725098,128.657,0.569,129.198,52.62,1
1785988204,129415283,101.488,2.786,104.56,41.697,1
1785988204,162760254,119.954,0.568,120.5,49.642,1
1785988204,196104980,128.168,0.551,128.699,41.543,1
1785988204,262794434,128.342,0.674,128.996,66.985,1
1785988204,329483643,100.456,2.459,102.906,40.585,1
1785988204,362828125,110.981,3.162,114.132,44.57,1
1785988204,396175293,127.635,0.565,128.18,47.411,1
1785988204,462869141,107.903,0.858,108.727,47.23,1
1785988204,496216064,125.933,0.594,126.507,51.138,1
1785988204,562909424,98.109,0.61,98.701,38.885,1
1785988204,596255859,116.886,0.664,117.527,52.17,1
1785988204,629602295,137.156,0.706,137.841,53.659,1
1785988204,696294922,113.678,0.648,114.313,43.161,1
1785988204,729640869,138.948,0.582,139.509,58.552,1
1785988204,796333008,122.585,0.582,123.147,50.33,1
1785988204,829678711,140.444,1.54,141.961,52.154,1
1785988204,896370117,133.51,0.771,134.259,58.993,1
1785988204,963061035,110.011,0.852,110.837,43.27,1
1785988204,996406494,137.614,0.572,138.165,60.674,1
1785988205,63096680,125.563,0.997,126.557,55.063,1
1785988205,129786865,104.866,0.68,105.52,45.672,1
1785988205,163131592,128.417,0.553,128.949,56.775,1
1785988205,229821045,94.885,0.722,95.595,33.328,1
1785988205,263165527,127.565,0.576,128.12,65.877,1
1785988205,329854492,119.345,0.57,119.877,58.446,1
1785988205,363198975,130.806,0.612,131.398,44.864,1
1785988205,429894775,110.694,0.722,111.389,46.68,1
1785988205,463242676,130.202,0.564,130.745,52.712,1
1785988205,529938232,105.627,0.576,106.182,42.131,1
1785988205,563285645,116.101,0.664,116.747,43.906,1
1785988205,596633301,131.139,0.651,131.703,48.309,1
1785988205,663327881,104.938,0.592,105.509,40.5,1
1785988205,696675293,122.342,0.664,122.988,50.821,1
1785988205,730022461,140.599,0.683,141.26,51.62,1
1785988205,796716309,128.259,0.772,129.012,54.438,1
1785988205,830063232,148.067,0.704,148.753,53.094,1
1785988205,896756836,134.657,1.026,135.655,53.594,1
1785988205,963449951,122.943,0.629,123.552,54.598,1
1785988206,30142578,109.498,1.347,110.836,53.96,1
1785988206,63489014,128.782,0.643,129.405,51.933,1
1785988206,130181152,98.781,0.68,99.446,36.727,1
1785988206,163527344,115.291,0.634,115.906,49.808,1
1785988206,196873047,133.057,0.584,133.619,51.062,1
1785988206,263564697,110.155,0.707,110.851,43.908,1
1785988206,296910400,132.651,0.637,133.282,55.768,1
1785988206,363601563,112.934,0.567,113.477,46.91,1
1785988206,396969238,127.682,0.57,128.232,48.122,1
1785988206,463704102,105.364,0.658,105.999,44.5,1
1785988206,497071777,125.396,0.63,126.004,53.376,1
1785988206,563807129,101.077,0.576,101.633,42.364,1
1785988206,597174805,115.223,0.555,115.757,47.492,1
1785988206,630542480,135.271,0.597,135.844,53.454,1
1785988206,697278076,129.538,0.668,130.183,61.072,1
1785988206,764013916,106.279,0.813,107.062,43.609,1
1785988206,797381836,118.11,0.554,118.643,44.958,1
1785988206,830749756,132.089,0.771,132.849,47.563,1
1785988206,897485596,115.41,0.592,115.983,49.88,1
1785988206,930853760,149.537,0.717,150.239,67.614,1
1785988206,997590088,113.742,0.581,114.3,30.809,1
1785988207,30958252,131.62,0.541,132.14,51.209,1
1785988207,97694580,117.223,0.698,117.902,52.492,1
1785988207,131062988,130.553,0.549,131.081,46.554,1
1785988207,197799561,120.78,0.619,121.432,57.033,1
1785988207,231167969,128.35,0.554,128.883,40.874,1
1785988207,297905029,106.377,0.638,106.995,44.847,1
1785988207,331273438,127.171,0.599,127.747,54.123,1
1785988207,364641602,125.12,0.655,125.755,31.375,1
1785988207,431486328,113.241,0.855,114.078,55.162,1
1785988207,464909180,129.681,0.828,130.496,49.84,1
1785988207,531756104,127.474,0.558,128.009,64.368,1
1785988207,598604492,102.5,0.608,103.087,41.924,1
1785988207,632029297,119.77,0.645,120.391,50.729,1
1785988207,665454590,140.576,0.721,141.275,54.304,1
1785988207,732306152,124.856,0.579,125.415,50.996,1
1785988207,799159180,99.859,0.586,100.423,41.862,1
1785988207,832586182,113.537,0.591,114.105,47.109,1
1785988207,866013672,120.435,0.757,121.196,40.485,1
1785988207,899441650,131.846,0.619,132.438,44.702,1
1785988207,966298584,110.247,0.61,110.832,45.25,1
1785988207,999727539,127.615,0.554,128.149,50.747,1
1785988208,66586914,112.675,0.605,113.257,51.966,1
1785988208,100017090,128.759,0.559,129.298,49.473,1
1785988208,166878662,99.128,1.375,100.477,38.03,1
1785988208,200310059,113.941,0.708,114.577,47.537,1
1785988208,233741699,129.674,3.741,133.423,52.24,1
1785988208,300606201,111.96,0.783,112.725,46.202,1
1785988208,334039307,130.648,0.639,131.264,51.978,1
1785988208,400809082,114.507,0.718,115.21,50.712,1
1785988208,434147217,128.6,0.603,129.184,47.316,1
1785988208,500822998,113.991,0.632,114.605,52.094,1
1785988208,534160645,115.128,0.587,115.696,34.43,1
1785988208,567498047,126.617,0.585,127.179,44.824,1
1785988208,634172607,101.699,0.683,102.358,41.851,1
1785988208,667509521,122.26,0.601,122.842,53.823,1
1785988208,734182861,106.205,0.798,106.978,50.804,1
1785988208,767519287,127.398,0.586,127.964,54.328,1
1785988208,834191650,101.274,0.985,102.242,40.94,1
1785988208,867527588,128.222,0.705,128.907,60.01,1
1785988208,934198730,123.706,0.729,124.415,62.18,1
1785988208,967534180,153.439,0.669,154.086,63.007,1
1785988209,869385,165.919,1.051,166.949,46.193,1
1785988209,100874023,110.973,0.694,111.639,44.7,1
1785988209,134208496,128.171,0.554,128.705,50.402,1
1785988209,200876953,100.509,0.724,101.208,39.169,1
1785988209,234210938,117.577,0.916,118.477,50.598,1
1785988209,267544922,135.044,1.302,136.342,51.174,1
1785988209,334211914,123.557,0.71,124.247,54.604,1
1785988209,400883545,107.73,0.756,108.466,50.889,1
1785988209,434221191,124.355,0.99,125.33,50.193,1
1785988209,500895508,107.867,6.962,114.827,56.156,1
1785988209,534232666,119.303,0.884,120.171,38.702,1
1785988209,567569336,121.108,0.75,121.834,34.999,1
1785988209,634242432,97.281,0.666,97.926,42.769,1
1785988209,667578613,102.067,0.742,102.758,38.156,1
1785988209,700914795,125.722,0.71,126.416,57.001,1
1785988209,767586426,105.815,4.968,110.792,51.016,1
1785988209,800921875,125.632,0.698,126.314,48.892,1
1785988209,867592529,110.24,0.732,110.956,51.311,1
1785988209,900927490,138.451,3.934,142.382,64.742,1
1785988209,967596924,129.719,0.645,130.343,54.654,1
1785988210,34265625,105.744,1.171,109.216,43.212,1
1785988210,67599854,128.991,0.686,129.658,56.105,1
1785988210,134267334,108.086,0.923,108.99,45.991,1
1785988210,167600830,120.392,0.688,121.06,45.409,1
1785988210,200934326,130.995,1.056,132.044,44.305,1
1785988210,267600586,111.489,0.71,112.152,46.783,1
1785988210,300933350,124.302,1.231,125.509,46.692,1
1785988210,367599121,98.119,0.929,99.026,40.185,1
1785988210,401013916,128.34,0.702,128.967,63.359,1
1785988210,467844971,101.85,0.781,102.609,40.47,1
1785988210,501260742,128.025,0.638,128.641,59.452,1
1785988210,568093506,101.247,0.858,102.084,40.27,1
1785988210,601510498,115.324,0.878,116.31,47.518,1
1785988210,634927490,126.135,0.567,126.666,43.905,1
1785988210,701762939,96.92,0.667,97.569,37.735,1
1785988210,735180908,115.13,0.574,115.685,51.534,1
1785988210,768599365,127.463,0.642,128.086,45.819,1
1785988210,835437256,128.943,0.584,129.505,68.257,1
1785988210,902276367,121.048,0.686,121.713,59.048,1
1785988210,969116699,100.233,0.632,100.841,45.968,1
1785988211,2537354,124.913,1.278,126.2,58.75,1
1785988211,69379639,114.243,0.594,114.815,55.488,1
1785988211,102801270,123.078,0.603,123.663,42.266,1
1785988211,169645508,100.07,0.915,100.966,44.144,1
1785988211,203068115,116.294,0.887,117.159,49.617,1
1785988211,236490967,129.438,0.703,130.121,46.388,1
1785988211,303337646,105.054,0.816,105.852,42.574,1
1785988211,336761475,123.058,0.733,123.768,51.345,1
1785988211,403567627,94.575,0.807,95.366,38.391,1
1785988211,436951904,107.367,0.622,107.967,45.997,1
1785988211,470336670,115.513,0.949,116.44,41.854,1
1785988211,503721680,127.543,0.56,128.08,45.031,1
1785988211,570493164,98.251,1.26,99.502,38.174,1
1785988211,603879639,109.384,0.561,109.925,43.828,1
1785988211,637266602,121.36,0.692,122.032,45.493,1
1785988211,704041992,97.071,0.748,97.636,42.381,1
1785988211,737430176,104.053,1.035,105.073,40.809,1
1785988211,770819092,132.749,0.722,133.452,61.783,1
1785988211,837598145,120.918,0.587,121.477,54.806,1
1785988211,870988281,139.351,0.893,140.232,52.131,1
1785988211,937770020,130.703,0.86,131.537,58.094,1
1785988212,4553467,110.96,0.69,111.621,46.867,1
1785988212,37946045,123.842,0.785,124.602,46.379,1
1785988212,104732422,94.178,0.68,94.838,37.024,1
1785988212,138126221,102.707,0.772,103.451,42.001,1
1785988212,171520752,112.725,0.592,113.295,43.242,1
1785988212,204915527,128.492,1.398,129.874,49.97,1
1785988212,238310791,129.681,0.616,130.275,33.802,1
1785988212,338499268,91.971,0.782,92.733,62.645,1
1785988212,371895752,94.75,0.866,95.596,36.251,1
1785988212,405236084,118.051,0.659,118.696,56.445,1
1785988212,438576172,127.887,0.552,128.418,43.068,1
1785988212,505256104,126.54,0.574,127.09,65.352,1
1785988212,571935303,99.609,0.754,100.329,39.913,1
1785988212,605274658,112.362,0.555,112.897,45.912,1
1785988212,638613770,125.981,0.55,126.508,46.951,1
1785988212,705291748,108.741,0.614,109.328,49.498,1
1785988212,738630615,112.449,0.58,113.008,37.017,1
1785988212,771969238,124.119,0.684,124.776,45.107,1
1785988212,838645996,124.117,0.611,124.71,66.606,1
1785988212,905322021,112.623,0.639,113.246,55.211,1
1785988212,938659668,133.766,0.654,134.395,54.49,1
1785988213,5334961,114.457,0.643,115.082,47.361,1
1785988213,38672363,132.005,0.569,132.552,50.812,1
1785988213,105346436,124.26,0.55,124.791,58.912,1
1785988213,172020020,109.944,0.791,110.721,52.587,1
1785988213,205356689,127.005,0.564,127.546,50.179,1
1785988213,272029297,99.285,0.558,99.824,38.95,1
1785988213,338701172,93.86,0.72,94.561,61.408,1
1785988213,372037598,99.824,0.786,100.587,39.359,1
1785988213,405403076,121.847,1.046,122.89,55.656,1
1785988213,472241455,111.583,1.295,112.868,56.816,1
1785988213,505661133,125.271,0.565,125.815,46.384,1
1785988213,572501465,113.316,0.756,114.063,55.073,1
1785988213,605922119,133.485,0.869,134.335,53.699,1
1785988213,672764648,123.718,0.683,124.378,56.892,1
1785988213,739608398,99.68,0.768,100.418,42.877,1
1785988213,773031006,123.561,0.681,124.224,57.229,1
1785988213,839876953,126.786,0.592,127.357,69.986,1
1785988213,906724365,126.668,0.639,127.282,66.774,1
1785988213,973572998,105.549,0.634,106.16,45.723,1
1785988214,6997803,127.463,0.715,128.159,55.424,1
1785988214,73848633,110.963,0.607,111.548,50.241,1
1785988214,107274658,133.284,0.588,133.849,55.729,1
1785988214,174127441,115.095,0.591,115.645,48.649,1
1785988214,207554443,122.504,1.536,124.025,41.797,1
1785988214,274409424,93.039,0.642,93.657,36.496,1
1785988214,307837402,95.25,0.627,95.854,35.625,1
1785988214,341265869,120.383,0.569,120.932,58.507,1
1785988214,408122070,102.182,0.624,102.78,48.703,1
1785988214,441462158,121.119,0.683,121.786,52.338,1
1785988214,508141846,100.788,0.746,101.512,46.408,1
1785988214,541481445,119.122,0.564,119.666,51.502,1
1785988214,608160156,103.237,0.661,103.881,50.889,1
1785988214,641499512,123.597,0.562,124.139,53.603,1
1785988214,708177490,122.896,0.555,123.431,65.969,1
1785988214,774854980,98.231,0.657,98.866,42.109,1
1785988214,808193359,112.431,0.65,113.06,47.532,1
1785988214,841531982,125.964,0.595,126.542,46.82,1
1785988214,908208252,131.747,2.616,134.373,74.477,1
1785988214,974884033,120.849,0.56,121.39,53.727,1
1785988215,41559570,96.366,0.642,96.985,42.268,1
1785988215,74896973,106.941,0.67,107.588,43.94,1
1785988215,141571533,95.014,0.671,95.658,54.744,1
1785988215,174908447,111.549,0.568,112.094,49.778,1
1785988215,208245361,124.09,0.877,124.952,46.182,1
1785988215,274918945,99.989,0.644,100.657,42.345,1
1785988215,308255371,126.185,0.563,126.727,59.452,1
1785988215,374927979,110.27,0.682,110.91,50.853,1
1785988215,408264893,123.255,0.548,123.784,46.214,1
1785988215,474931152,116.563,0.651,117.191,60.069,1
1785988215,508263916,133.65,0.597,134.226,50.371,1
1785988215,574928955,116.387,0.69,117.058,49.493,1
1785988215,608260986,125.105,0.565,125.621,41.9,1
1785988215,674924805,120.983,0.881,121.846,62.883,1
1785988215,708256104,142.263,1.485,143.746,55.212,1
1785988215,774918457,118.923,1.935,120.847,43.774,1
1785988215,841580078,102.152,1.294,103.212,49.03,1
1785988215,874910400,135.586,0.781,136.342,66.469,1
1785988215,941570557,108.916,3.498,112.398,42.71,1
1785988215,974900146,127.374,0.54,127.895,48.836,1
1785988216,41559082,114.521,0.661,115.141,53.9,1
1785988216,74888184,124.751,0.692,125.421,43.611,1
1785988216,141545654,114.825,0.564,115.367,56.606,1
1785988216,174874023,124.123,0.567,124.669,42.63,1
1785988216,241530273,104.361,0.843,105.188,47.162,1
1785988216,274857910,122.557,0.564,123.099,51.253,1
1785988216,341512939,98.36,0.653,98.992,42.544,1
1785988216,374840088,119.525,0.666,120.171,54.51,1
1785988216,408167725,139.506,0.774,140.259,53.409,1
1785988216,474835938,118.054,0.644,118.683,45.094,1
1785988216,508169678,141.578,0.763,142.32,56.968,1
1785988216,574836426,126.342,0.664,126.982,51.336,1
1785988216,641502441,96.892,0.826,97.697,37.378,1
1785988216,674835205,116.717,0.595,117.291,52.93,1
1785988216,708167725,141.09,1.011,142.088,58.11,1
1785988216,774832031,129.676,0.61,130.264,54.858,1
1785988216,841495605,107.659,0.814,108.461,44.845,1
1785988216,874827148,127.26,0.628,127.869,52.754,1
1785988216,941489258,110.378,0.708,111.069,49.857,1
1785988216,974820068,127.748,0.567,128.293,50.563,1
1785988217,41481201,104.675,0.796,105.4,43.762,1
1785988217,74811523,126.7,0.551,127.226,55.163,1
1785988217,141471191,113.01,0.67,113.66,53.089,1
1785988217,174800781,131.633,0.61,132.219,51.892,1
1785988217,241459229,128.524,0.639,129.136,63.575,1
1785988217,308116943,109.601,0.571,110.15,47.672,1
1785988217,341445557,122.896,0.567,123.438,46.618,1
1785988217,408102783,97.88,0.755,98.611,41.82,1
1785988217,441437500,125.075,0.558,125.61,60.343,1
1785988217,508106445,97.775,0.59,98.342,39.402,1
1785988217,541440430,126.148,0.556,126.683,61.674,1
1785988217,608107910,97.547,0.623,98.147,38.13,1
1785988217,641441406,124.612,0.582,125.173,60.361,1
1785988217,708107666,98.431,0.582,98.991,40.482,1
1785988217,741440430,115.616,0.716,116.319,50.647,1
1785988217,774773193,129.991,0.678,130.639,47.665,1
1785988217,841437744,134.188,0.619,134.785,70.809,1
1785988217,874769775,160.272,0.576,160.826,59.378,1
1785988217,974764404,115.269,0.908,116.067,55.227,1
1785988218,8095459,136.147,0.577,136.702,53.974,1
1785988218,74757080,114.728,0.559,115.265,45.226,1
1785988218,108087646,123.736,0.636,124.352,42.414,1
1785988218,174748047,96.747,0.696,97.368,39.675,1
1785988218,208077881,118.382,0.743,119.127,55.062,1
1785988218,241407471,122.304,0.853,123.142,37.359,1
1785988218,274737061,132.577,0.761,133.31,43.512,1
1785988218,341395264,108.206,0.727,108.902,42.247,1
1785988218,374724121,123.905,0.561,124.443,48.876,1
1785988218,441386963,97.166,0.863,97.988,40.204,1
1785988218,474720459,105.212,1.227,106.426,41.765,1
1785988218,508053711,125.067,0.684,125.721,52.637,1
1785988218,574719482,118.29,0.598,118.865,59.812,1
1785988218,608052002,126.213,0.566,126.755,41.222,1
1785988218,674716309,99.685,0.552,100.217,40.127,1
1785988218,708048340,119.85,0.735,120.568,53.68,1
1785988218,741379883,139.282,2.565,141.838,54.587,1
1785988218,808042725,130.151,1.131,131.259,56.087,1
1785988218,841373779,147.989,0.664,148.633,50.715,1
1785988218,908035156,141.786,4.223,145.997,64.015,1
1785988218,974695801,133.489,0.766,134.187,54.863,1
1785988219,41355469,127.185,0.666,127.831,60.306,1
1785988219,108014160,102.143,0.902,103.087,41.842,1
1785988219,141343262,129.744,0.635,130.342,60.659,1
1785988219,208000977,101.553,0.705,102.236,38.55,1
1785988219,241329346,115.348,0.584,115.911,47.004,1
1785988219,274657471,125.748,0.617,126.346,43.763,1
1785988219,341313232,102.517,0.821,103.317,43.626,1
1785988219,374640869,118.96,0.593,119.53,49.543,1
1785988219,407968994,129.926,0.789,130.692,44.489,1
1785988219,474798828,106.563,2.09,108.601,44.717,1
1785988219,508214111,129.001,0.571,129.535,54.373,1
1785988219,575045654,105.697,0.59,106.268,43.562,1
1785988219,608461914,126.463,0.59,127.033,54.182,1
1785988219,675295410,97.022,0.592,97.597,37.396,1
1785988219,708712402,114.832,0.592,115.407,51.227,1
1785988219,742129883,130.336,0.695,131.015,49.023,1
1785988219,808965820,100.2,0.663,100.842,36.664,1
1785988219,842384277,119.5,0.818,120.301,52.877,1
1785988219,875802979,154.962,0.797,155.737,68.855,1
1785988219,976060791,97.563,0.547,98.089,42.616,1
1785988220,9480713,111.169,0.706,111.849,47.174,1
1785988220,42900879,127.365,0.536,127.882,49.458,1
1785988220,109742188,102.638,0.577,103.193,42.15,1
1785988220,143163330,121.384,0.657,122.052,52.245,1
1785988220,176584717,125.059,0.559,125.597,37.003,1
1785988220,243428467,96.978,0.686,97.637,38.881,1
1785988220,276850830,101.678,2.482,104.165,39.917,1
1785988220,310273438,126.184,0.736,126.898,56.189,1
1785988220,377119873,107.696,0.634,108.312,48.259,1
1785988220,410541748,115.712,0.616,116.3,41.414,1
1785988220,443867432,129.554,0.587,130.119,47.143,1
1785988220,510517578,104.116,0.67,104.765,41.295,1
1785988220,543842285,124.446,0.633,124.995,53.558,1
1785988220,610490967,125.474,0.595,126.046,67.7,1
1785988220,677138428,103.25,1.183,104.424,45.003,1
1785988220,710461670,121.431,0.577,121.985,50.906,1
1785988220,777107422,95.588,0.861,96.432,41.083,1
1785988220,810429932,116.527,0.762,117.265,54.162,1
1785988220,843751953,133.465,0.651,134.093,50.152,1
1785988220,910395508,111.584,0.7,112.263,44.812,1
1785988220,943716797,126.605,0.727,127.286,48.343,1
1785988220,977037598,138.391,1.096,139.424,45.438,1
1785988221,43678711,125.887,0.556,126.419,53.661,1
1785988221,110318848,110.682,0.65,111.308,51.529,1
1785988221,143638428,109.908,1.018,110.799,32.799,1
1785988221,176957520,127.333,0.582,127.892,50.423,1
1785988221,243595215,103.715,0.746,104.374,43.117,1
1785988221,276913574,112.186,0.602,112.767,41.715,1
1785988221,310231689,129.578,0.59,130.145,50.695,1
1785988221,376867188,107.809,0.634,108.419,44.907,1
1785988221,410185303,127.469,0.608,128.055,52.956,1
1785988221,476840332,98.085,0.65,98.712,37.312,1
1785988221,510167480,103.698,1.179,104.866,39.466,1
1785988221,543494385,117.209,0.874,118.059,46.53,1
1785988221,576821045,130.096,0.834,130.907,46.176,1
1785988221,643473389,105.566,0.973,106.52,42.267,1
1785988221,676799316,114.938,0.632,115.55,42.356,1
1785988221,710124756,128.03,0.579,128.589,46.366,1
1785988221,776774902,104.213,0.952,105.09,43.144,1
1785988221,810099609,127.77,0.596,128.347,56.587,1
1785988221,876748047,109.091,0.624,109.699,47.997,1
1785988221,910072021,128.836,0.584,129.403,53.031,1
1785988221,976718994,112.312,0.701,112.994,50.234,1
1785988222,10041992,127.743,0.568,128.292,48.626,1
1785988222,76687256,104.208,0.606,104.791,43.143,1
1785988222,110009521,129.085,0.784,129.846,58.374,1
1785988222,143331543,150.273,0.763,151.022,54.491,1
1785988222,209974609,126.555,0.558,127.092,42.726,1
1785988222,276616455,118.087,0.831,118.909,58.445,1
1785988222,343257568,99.87,0.661,100.512,48.257,1
1785988222,376577393,105.056,0.701,105.735,38.541,1
1785988222,409897949,125.458,0.556,125.99,53.578,1
1785988222,476571533,100.232,0.585,100.797,41.48,1
1785988222,509907959,116.282,0.616,116.862,49.4,1
1785988222,543244385,131.314,0.701,131.994,48.47,1
1785988222,609916748,104.642,0.931,105.553,40.231,1
1785988222,643252686,118.512,0.654,119.15,46.929,1
1785988222,676588379,126.428,0.591,126.999,41.189,1
1785988222,743259521,100.425,0.637,101.041,40.711,1
1785988222,776594971,126.664,0.672,127.319,59.609,1
1785988222,809930176,139.78,0.711,140.473,46.49,1
1785988222,876600342,126.853,0.651,127.484,53.682,1
1785988222,943269775,115.891,0.688,116.565,55.746,1
1785988222,976604248,128.916,0.555,129.45,46.229,1
1785988223,43272949,109.422,0.672,110.075,47.288,1
1785988223,76606934,124.033,1.023,125.045,48.301,1
1785988223,143274658,98.377,0.597,98.955,40.586,1
1785988223,176608398,110.919,0.558,111.456,45.836,1
1785988223,243275391,109.827,0.67,110.478,65.684,1
1785988223,276608643,130.005,0.559,130.543,53.404,1
1785988223,343274658,101.268,0.728,101.978,38.092,1
1785988223,376607422,117.607,0.634,118.192,49.553,1
1785988223,409940674,129.34,0.541,129.861,45.005,1
1785988223,476679932,105.97,0.632,106.58,43.457,1
1785988223,510050049,117.156,0.696,117.825,44.6,1
1785988223,543420654,129.245,0.67,129.899,45.457,1
1785988223,610162109,113.439,0.699,114.028,50.873,1
1785988223,676905029,98.79,0.775,99.55,52.261,1
1785988223,710276855,112.231,0.567,112.796,46.604,1
1785988223,743648926,125.749,0.54,126.269,46.866,1
1785988223,810394043,99.147,0.711,99.831,40.302,1
1785988223,843767090,109.185,2.387,111.561,45.09,1
1785988223,877140381,126.821,0.692,127.493,49.322,1
1785988223,910513916,142.812,0.66,143.44,49.317,1
1785988223,977261719,128.299,0.825,129.109,52.41,1
1785988224,44010986,109.232,0.862,110.077,47.715,1
1785988224,77385986,125.123,0.788,125.893,49.192,1
1785988224,144136719,100.541,1.067,101.589,42.45,1
1785988224,177512451,117.435,0.576,117.988,49.783,1
1785988224,210888672,128.965,0.595,129.536,44.923,1
1785988224,277641846,99.868,0.606,100.452,37.669,1
1785988224,311018799,115.765,0.688,116.429,49.352,1
1785988224,344395996,126.608,0.577,127.167,44.117,1
1785988224,411150635,99.38,0.607,99.965,39.553,1
1785988224,444485352,119.4,0.639,120.019,53.389,1
1785988224,477820068,127.149,0.582,127.71,41.027,1
1785988224,544488281,97.31,0.613,97.902,36.861,1
1785988224,577822266,116.27,0.736,116.988,52.411,1
1785988224,611156006,127.474,0.558,128.01,44.364,1
1785988224,677822754,99.898,0.638,100.515,39.17,1
1785988224,711155762,117.366,0.601,117.948,50.765,1
1785988224,744488770,124.633,0.595,125.207,40.596,1
1785988224,811153809,106.954,1.139,108.097,49.523,1
1785988224,844486084,130.786,0.705,131.468,56.732,1
1785988224,911149902,106.034,0.894,106.913,42.097,1
1785988224,944481445,122.738,0.606,123.32,49.751,1
1785988224,977812988,134.2,1.727,135.915,45.913,1
1785988225,44475098,111.797,0.847,112.616,43.368,1
1785988225,77805908,130.132,0.606,130.718,51.439,1
1785988225,144467041,116.939,0.702,117.62,53.561,1
1785988225,177797119,126.189,0.76,126.918,42.63,1
1785988225,244456787,101.039,0.7,101.72,41.461,1
1785988225,277786377,131.313,0.689,131.906,63.52,1
1785988225,344444824,101.51,0.642,102.128,36.878,1
1785988225,377773682,115.598,0.556,116.131,47.335,1
1785988225,411103027,130.686,0.829,131.49,48.679,1
1785988225,477929932,113.853,0.669,114.498,49.839,1
1785988225,511343994,129.383,0.587,129.948,48.868,1
1785988225,578172607,97.982,2.716,100.677,37.553,1
1785988225,611587402,123.096,0.663,123.735,56.478,1
1785988225,645002441,127.448,0.59,128.013,37.693,1
1785988225,711833496,107.296,0.905,108.198,46.995,1
1785988225,745249512,115.716,1.019,116.726,41.946,1
1785988225,778665771,150.072,0.738,150.788,67.492,1
1785988225,845499268,129.749,0.572,130.298,46.349,1
1785988225,912333984,112.059,0.583,112.622,49.157,1
1785988225,945751709,116.013,1.87,117.886,38.65,1
1785988225,979169678,133.086,0.61,133.67,49.235,1
1785988226,46006836,118.62,0.658,119.257,52.424,1
1785988226,79425781,129.743,0.613,130.497,44.497,1
1785988226,146264404,106.195,3.02,109.222,45.688,1
1785988226,179684326,125.534,0.593,126.088,50.324,1
1785988226,246524902,99.669,0.657,100.282,41.034,1
1785988226,279945557,127.02,0.622,127.623,60.763,1
1785988226,346787842,98.17,0.63,98.778,37.996,1
1785988226,380209473,117.293,0.656,117.925,52.565,1
1785988226,413629883,126.987,0.575,127.557,43.041,1
1785988226,480370117,98.545,0.631,99.149,38.349,1
1785988226,513740723,118.818,0.555,119.349,53.572,1
1785988226,547111816,126.118,0.563,126.655,40.677,1
1785988226,613854492,100.894,0.644,101.511,41.596,1
1785988226,647226318,110.52,0.575,111.073,42.936,1
1785988226,713970703,101.513,0.688,102.179,57.842,1
1785988226,747343262,121.327,0.615,121.913,53.115,1
1785988226,780716309,130.129,0.599,130.707,42.165,1
1785988226,847462891,110.303,0.721,111.001,47.036,1
1785988226,880836914,131.421,0.614,132.01,54.39,1
1785988226,947585205,110.302,0.709,110.984,45.717,1
1785988226,980959961,127.07,0.586,127.634,50.031,1
1785988227,47710205,98.921,0.76,99.656,38.764,1
1785988227,81085693,114.193,0.578,114.75,48.476,1
1785988227,114461670,125.315,0.678,125.974,44.6,1
1785988227,181214111,104.445,0.61,105.036,45.813,1
1785988227,214591064,125.998,0.566,126.541,54.885,1
1785988227,281345215,110.169,0.557,110.706,50.92,1
1785988227,314722900,124.334,0.574,124.884,47.556,1
1785988227,381479004,99.147,0.604,99.726,41.597,1
1785988227,414856934,114.273,0.591,114.843,48.495,1
1785988227,448191162,125.965,0.528,126.474,44.967,1
1785988227,514859131,110.931,0.599,111.509,51.7,1
1785988227,548192871,128.937,0.711,129.624,51.444,1
1785988227,614859375,110.981,0.69,111.643,48.688,1
1785988227,648192383,128.905,0.99,129.88,51.565,1
1785988227,714857910,113.014,0.629,113.623,50.417,1
1785988227,748190186,123.41,0.562,123.953,43.662,1
1785988227,814854248,109.508,0.815,110.301,53.009,1
1785988227,848186035,108.576,2.777,123.632,34.359,1
1785988227,914848877,103.521,0.769,104.269,59.604,1
1785988227,948180176,112.081,0.602,112.665,41.727,1
1785988227,981510986,126.353,0.95,127.278,47.946,1
1785988228,48172119,102.429,0.96,103.374,42.744,1
1785988228,81502441,112.196,0.585,112.757,42.727,1
1785988228,114832520,121.852,0.82,122.545,43.117,1
1785988228,148162354,125.503,0.727,126.204,36.99,1
1785988228,214821533,112.304,0.658,112.939,53.391,1
1785988228,248150635,127.094,0.885,127.956,48.34,1
1785988228,314808594,105.77,2.495,108.123,46.827,1
1785988228,348136963,126.714,0.658,127.352,52.564,1
1785988228,414794189,103.065,1.001,103.955,43.249,1
1785988228,448207275,126.218,0.567,126.762,56.231,1
1785988228,515034180,98.271,0.623,98.873,38.935,1
1785988228,548447998,120.405,0.69,121.071,55.614,1
1785988228,581862305,129.73,0.679,130.387,42.728,1
1785988228,648691406,101.899,1.056,102.938,39.367,1
1785988228,682106689,114.969,0.693,115.641,46.128,1
1785988228,715521973,134.015,0.774,134.767,52.543,1
1785988228,782353516,112.279,0.591,112.852,44.919,1
1785988228,815769775,132.935,0.81,133.724,54.285,1
1785988228,882603271,125.954,0.619,126.549,59.663,1
1785988228,916020508,160.573,0.576,161.125,67.994,1
1785988229,16273682,113.12,1.107,114.211,53.323,1
1785988229,49691895,129.49,8.697,138.212,57.387,1
1785988229,116529541,101.168,0.755,101.901,30.573,1
1785988229,149948730,111.515,0.924,112.438,43.935,1
1785988229,183368164,122.554,0.76,123.292,44.295,1
1785988229,216788086,126.702,0.721,127.403,37.525,1
1785988229,283628662,103.85,2.443,106.269,45.694,1
1785988229,317049316,123.67,2.42,126.11,53.239,1
1785988229,383891602,99.647,0.871,100.494,41.263,1
1785988229,417311768,126.572,0.654,127.204,60.134,1
1785988229,450681885,134.328,0.918,135.227,41.384,1
1785988229,517423096,113.938,0.677,114.594,46.115,1
1785988229,550794189,123.6,0.543,124.205,42.903,1
1785988229,617537109,113.03,0.824,113.837,56.45,1
1785988229,650909180,124.847,0.569,125.396,44.938,1
1785988229,717653809,99.05,1.358,100.419,41.73,1
1785988229,751026611,124.259,0.664,124.91,57.891,1
1785988229,817773193,106.248,0.887,107.118,48.958,1
1785988229,851146973,115.975,0.707,116.666,42.922,1
1785988229,884520996,128.421,0.702,129.104,45.817,1
1785988229,951270020,102.079,0.895,102.955,40.596,1
1785988229,984645020,127.083,1.039,128.113,58.522,1
1785988230,51395752,118.885,0.565,119.428,58.081,1
1785988230,84771484,127.675,0.746,128.402,42.349,1
1785988230,151523926,98.989,1.231,100.203,38.547,1
1785988230,184900635,114.464,0.706,115.154,48.328,1
1785988230,218277832,125.678,0.601,126.258,44.488,1
1785988230,285032715,102.885,0.675,103.534,44.029,1
1785988230,318410645,110.961,0.675,111.617,41.456,1
1785988230,385167236,96.407,0.538,96.925,52.073,1
1785988230,418545898,103.894,7.263,111.142,47.58,1
1785988230,451882080,113.238,0.995,114.215,36.414,1
1785988230,485218262,123.767,0.583,124.328,43.459,1
1785988230,551890137,98.985,0.653,99.616,41.957,1
1785988230,585225586,109.666,0.89,110.391,44.108,1
1785988230,618561035,122.089,0.542,122.624,45.561,1
1785988230,685231445,96.534,0.56,97.074,41.134,1
1785988230,718566162,113.528,0.779,114.287,50.544,1
1785988230,751900879,126.538,0.539,127.057,46.109,1
1785988230,818569580,102.809,0.624,103.41,43.02,1
1785988230,851903564,135.493,0.615,136.087,66.008,1
1785988230,918571045,119.634,0.644,120.245,50.824,1
1785988230,951904541,124.925,0.758,125.664,38.756,1
1785988231,18571045,102.026,0.927,102.996,43.925,1
1785988231,51903809,115.107,0.672,115.757,46.166,1
1785988231,85236572,123.05,0.565,123.594,41.173,1
1785988231,151901367,94.822,0.587,95.389,38.459,1
1785988231,185233643,110.689,0.66,111.328,49.269,1
1785988231,218565430,125.286,0.583,125.848,47.855,1
1785988231,285228760,96.678,0.598,97.254,38.069,1
1785988231,318560303,115.765,0.605,116.352,52.426,1
1785988231,351891357,127.742,0.569,128.309,45.27,1
1785988231,418553955,110.244,0.687,110.909,49.281,1
1785988231,451888916,121.878,0.753,122.622,45.035,1
1785988231,518558594,101.023,0.603,101.607,45.669,1
1785988231,551893066,111.818,0.587,112.382,44.111,1
1785988231,585227295,123.3,0.58,123.858,44.809,1
1785988231,651895020,99.948,0.641,100.567,43.375,1
1785988231,685228760,114.68,0.605,115.266,48.034,1
1785988231,718562012,128.694,0.724,129.395,47.457,1
1785988231,785228271,108.025,0.573,108.577,45.856,1
1785988231,818561035,128.461,0.751,129.193,53.945,1
1785988231,885226074,112.572,0.663,113.217,50.687,1
1785988231,918558350,127.094,0.672,127.742,47.861,1
1785988231,985221924,112.417,0.56,112.97,51.877,1
1785988232,18553467,125.31,0.562,125.853,46.229,1
1785988232,85216064,95.461,0.626,96.063,36.873,1
1785988232,118546875,106.693,2.025,108.708,45.964,1
1785988232,151877686,122.19,0.564,122.734,47.37,1
1785988232,218538574,94.863,0.541,95.382,39.309,1
1785988232,251868652,114.404,0.548,114.929,52.878,1
1785988232,285198486,140.738,0.906,141.622,60.011,1
1785988232,351857910,124.708,0.67,125.358,50.405,1
1785988232,418516846,102.523,0.683,103.185,44.486,1
1785988232,451851318,103.741,1.716,105.404,35.54,1
1785988232,485185547,112.837,0.677,113.5,41.438,1
1785988232,518519531,127.595,0.586,128.161,48.001,1
1785988232,585186768,99.103,0.643,99.717,38.223,1
1785988232,618520264,114.031,0.609,114.62,48.236,1
1785988232,651853271,127.558,0.665,128.286,46.917,1
1785988232,718519043,101.833,0.893,102.71,41.161,1
1785988232,751851563,124.111,0.619,124.71,55.344,1
1785988232,818516113,109.713,1.249,110.955,52.897,1
1785988232,851847900,133.245,0.904,134.089,56.472,1
1785988232,918510986,124.342,0.611,124.932,57.514,1
1785988232,985173340,93.937,0.562,94.479,36.209,1
1785988233,51834717,93.118,0.584,93.678,65.861,1
1785988233,85165283,98.259,0.598,98.836,38.487,1
1785988233,118495361,112.032,0.628,112.644,47.133,1
1785988233,151825439,126.797,0.562,127.338,48.03,1
1785988233,218484863,96.755,0.556,97.29,36.612,1
1785988233,251814209,112.154,0.853,112.993,49.021,1
1785988233,285143311,128.367,0.598,128.944,49.291,1
1785988233,351801025,109.48,0.544,110.004,47.718,1
1785988233,385129395,126.84,0.57,127.389,50.713,1
1785988233,451794922,106.338,0.621,106.94,46.215,1
1785988233,485131348,126.433,0.567,126.979,53.378,1
1785988233,551803223,108.211,0.604,108.798,48.488,1
1785988233,585138916,126.825,0.683,127.487,52.024,1
1785988233,651809814,110.789,0.559,111.326,50.515,1
1785988233,685145020,125.902,0.617,126.503,48.508,1
1785988233,751814697,106.287,2.656,108.854,49.003,1
1785988233,785149414,144.682,0.703,145.361,69.861,1
1785988233,851817871,144.749,0.665,145.387,66.697,1
1785988233,918485596,114.77,0.592,115.339,36.62,1
1785988233,951819336,136.213,0.84,137.037,55.027,1
1785988234,18485840,111.625,0.874,112.454,42.076,1
1785988234,51818848,126.947,0.591,127.519,48.411,1
1785988234,118484375,98.865,0.806,99.657,38.795,1
1785988234,151816895,112.202,0.582,112.765,46.448,1
1785988234,185149170,128.751,0.562,129.293,49.861,1
1785988234,251812988,111.658,0.559,112.197,49.568,1
1785988234,285144775,120.097,0.667,120.858,41.873,1
1785988234,318476318,131.968,0.614,132.562,45.154,1
1785988234,385138672,104.765,0.711,105.455,39.554,1
1785988234,418470215,127.476,0.627,128.08,55.959,1
1785988234,485153320,101.092,0.788,101.857,40.46,1
1785988234,518494629,127.37,0.559,127.907,59.392,1
1785988234,585177002,114.847,1.012,115.837,54.607,1
1785988234,618517822,130.522,0.643,131.147,48.656,1
1785988234,685198975,102.41,0.79,103.175,38.709,1
1785988234,718539307,115.444,0.91,116.331,46.486,1
1785988234,751879639,127.435,0.552,127.965,44.986,1
1785988234,818559326,101.096,0.834,101.91,40.622,1
1785988234,851899170,124.253,0.63,124.857,56.288,1
1785988234,885238770,148.507,0.823,149.309,57.79,1
1785988234,951917236,131.317,0.558,131.854,49.226,1
1785988235,18595215,104.114,0.777,104.825,39.642,1
1785988235,51934082,125.841,0.64,126.459,54.979,1
1785988235,118611084,112.423,0.596,113.001,53.219,1
1785988235,151949219,130.832,0.684,131.571,51.832,1
1785988235,218625244,116.986,0.825,117.797,52.972,1
1785988235,251962891,130.383,0.575,130.936,46.484,1
1785988235,318637939,103.655,0.734,104.369,40.106,1
1785988235,351975098,109.522,0.869,110.377,39.334,1
1785988235,385312256,135.406,0.677,136.064,59.036,1
1785988235,452029053,109.768,0.952,110.586,41.235,1
1785988235,485409180,127.946,0.553,128.479,51.278,1
1785988235,552170166,107.159,2.259,109.44,47.678,1
1785988235,585551270,115.154,0.955,116.099,40.073,1
1785988235,618932861,124.689,2.873,127.566,44.829,1
1785988235,685696777,105.51,1.057,106.496,45.72,1
1785988235,719079590,130.71,0.646,131.337,58.227,1
1785988235,785845947,114.89,1.849,116.753,52.145,1
1785988235,819229736,137.569,1.176,139.011,55.372,1
1785988235,885998535,116.883,0.932,117.802,45.854,1
1785988235,919383545,137.802,9.774,147.075,62.636,1
1785988235,986154541,127.279,0.569,127.826,47.559,1
1785988236,52927002,101.779,0.937,102.702,41.636,1
1785988236,86313965,115.79,0.56,116.329,47.027,1
1785988236,119701172,127.601,0.669,128.245,45.302,1
1785988236,186476807,99.458,0.653,100.089,38.616,1
1785988236,219865234,125.966,0.585,126.53,59.832,1
1785988236,286643311,100.309,1.032,101.325,41.565,1
1785988236,320032959,113.088,0.695,113.765,45.83,1
1785988236,353422852,133.237,0.994,134.213,53.841,1
1785988236,420203125,110.208,0.562,110.749,43.323,1
1785988236,453544678,121.966,0.939,122.901,45.474,1
1785988236,486886230,129.315,0.689,129.984,40.444,1
1785988236,553568848,103.038,1.001,103.926,40.617,1
1785988236,586909912,108.571,0.582,109.131,38.554,1
1785988236,620250732,133.595,0.649,134.222,58.429,1
1785988236,686932129,105.838,0.685,106.496,38.952,1
1785988236,720272705,121.263,0.628,121.869,48.717,1
1785988236,753613037,136.267,0.592,136.838,48.312,1
1785988236,820293213,121.101,0.705,121.778,51.615,1
1785988236,853633057,148.298,0.667,148.943,60.504,1
1785988236,920312500,133.198,0.583,133.759,51.499,1
1785988236,986991211,120.483,0.614,121.073,53.993,1
1785988237,20330322,126.715,0.582,127.278,39.546,1
1785988237,87008057,106.708,0.654,107.343,46.741,1
1785988237,120346924,127.35,0.56,127.887,53.885,1
1785988237,187023926,102.995,0.611,103.583,42.371,1
1785988237,220362061,110.065,0.666,110.708,40.459,1
1785988237,253700195,124.817,0.665,125.463,48.097,1
1785988237,287038330,132.78,0.682,133.443,41.318,1
1785988237,353713623,104.674,1.387,106.0,39.217,1
1785988237,387051270,120.335,0.751,121.069,48.416,1
1785988237,420389160,137.706,0.873,138.536,50.81,1
1785988237,487163086,114.725,0.798,115.501,43.733,1
1785988237,520582764,137.922,1.306,139.204,57.122,1
1785988237,587423584,118.071,0.844,118.893,46.529,1
1785988237,620844238,149.838,0.699,150.514,65.048,1
1785988237,687687012,140.289,1.751,142.028,58.344,1
1785988237,754531250,144.924,2.15,147.061,71.875,1
1785988237,821376953,139.261,1.595,140.071,59.871,1
1785988237,888224121,128.091,0.926,129.005,55.774,1
1785988237,955072754,133.604,0.837,134.425,72.27,1
1785988238,21922607,130.488,0.734,131.205,63.633,1
1785988238,88774170,118.313,0.611,118.883,54.534,1
1785988238,122200439,147.051,0.701,147.73,62.274,1
1785988238,189053955,130.32,0.902,131.202,50.317,1
1785988238,255908936,119.284,0.813,120.075,55.737,1
1785988238,289337158,126.655,0.674,127.309,40.659,1
1785988238,356194336,110.515,1.272,111.765,51.312,1
1785988238,389623535,125.605,1.258,126.851,48.511,1
1785988238,456480957,108.043,0.833,108.851,48.857,1
1785988238,489816162,169.361,0.913,170.199,94.635,1
1785988238,556485596,160.529,0.644,161.15,57.678,1
1785988238,656488037,102.413,0.922,103.322,42.166,1
1785988238,689821777,124.526,0.562,125.065,55.087,1
1785988238,756488770,98.021,0.653,98.65,40.251,1
1785988238,789822021,109.1,0.795,109.884,44.554,1
1785988238,823154785,129.831,0.831,130.653,54.102,1
1785988238,889820068,122.118,0.915,123.014,59.028,1
1785988238,923152588,149.084,0.984,149.967,60.217,1
1785988238,989816650,127.968,0.651,128.6,45.378,1
1785988239,56479736,114.144,0.678,114.796,52.857,1
1785988239,89811279,124.76,0.588,125.325,43.863,1
1785988239,156473145,98.353,0.82,99.15,40.484,1
1785988239,189803955,112.171,8.384,120.548,54.702,1
1785988239,223134277,109.141,1.062,110.2,22.988,1
1785988239,256464600,122.28,0.882,123.142,46.29,1
1785988239,323124512,107.339,2.024,108.482,51.983,1
1785988239,356454346,121.524,0.739,122.244,47.113,1
1785988239,389783691,126.98,0.971,128.067,39.018,1
1785988239,456442871,109.539,1.079,110.599,49.32,1
1785988239,523111084,98.646,0.653,99.276,55.351,1
1785988239,556444824,117.384,0.58,117.944,52.003,1
1785988239,589778564,123.512,1.391,124.906,40.273,1
1785988239,656445068,109.238,0.915,110.138,51.909,1
1785988239,689778076,116.116,0.707,116.802,40.009,1
1785988239,723110840,141.441,0.981,142.392,58.922,1
1785988239,789775879,115.344,1.335,116.618,40.877,1
1785988239,823107910,130.274,0.572,130.824,47.554,1
1785988239,889771729,116.522,3.03,119.667,55.371,1
1785988239,923103027,138.154,0.896,139.037,52.82,1
1785988239,989765625,122.33,0.594,122.903,50.546,1
1785988240,56427002,104.718,0.834,105.533,49.285,1
1785988240,89757568,118.378,0.599,118.957,46.761,1
1785988240,156417969,105.455,0.863,106.3,53.998,1
1785988240,189747803,110.205,0.683,110.87,37.904,1
1785988240,223077393,123.699,0.626,124.304,46.765,1
1785988240,256406738,129.307,0.942,130.206,39.23,1
1785988240,323064941,110.576,0.829,111.392,47.836,1
1785988240,356393799,128.1,0.881,129.033,50.896,1
1785988240,389722168,127.718,0.625,128.32,32.701,1
1785988240,456379395,114.644,0.753,115.387,53.713,1
1785988240,489791992,134.948,0.658,135.583,53.619,1
1785988240,556618164,109.685,0.922,110.594,41.821,1
1785988240,590031738,127.726,0.592,128.299,51.134,1
1785988240,656859619,101.399,0.776,102.156,40.679,1
1785988240,690274170,118.872,0.661,119.512,50.778,1
1785988240,723688721,125.986,0.633,126.6,40.502,1
1785988240,790519043,108.536,0.731,109.249,49.475,1
1785988240,823934570,121.327,0.627,121.929,46.099,1
1785988240,857350586,151.904,0.576,152.458,63.947,1
1785988240,924183105,144.744,0.664,145.376,59.75,1
1785988240,991016846,117.002,0.622,117.602,39.059,1
1785988241,24434082,125.309,0.566,125.855,41.672,1
1785988241,91269775,100.847,0.66,101.482,42.461,1
1785988241,124687988,124.826,0.559,125.364,57.302,1
1785988241,191525146,98.452,0.647,99.078,40.549,1
1785988241,224944336,124.282,0.583,124.844,59.186,1
1785988241,291783447,101.069,0.688,101.734,43.728,1
1785988241,325203369,122.3,0.565,122.844,54.533,1
1785988241,392044189,95.187,0.577,95.742,39.738,1
1785988241,425464844,107.417,0.707,108.093,45.766,1
1785988241,458884521,124.379,0.74,125.096,50.42,1
1785988241,525625244,104.0,0.629,104.604,46.257,1
1785988241,558996094,113.703,0.64,114.318,43.082,1
1785988241,592367188,129.385,0.57,129.934,48.99,1
1785988241,659110352,118.161,0.589,118.729,55.539,1
1785988241,692482178,136.438,0.876,137.292,51.926,1
1785988241,759227051,126.558,0.784,127.323,56.782,1
1785988241,825973145,98.628,1.084,99.707,39.113,1
1785988241,859346680,124.333,0.673,124.985,58.668,1
1785988241,926094482,101.043,0.835,101.86,43.62,1
1785988241,959468994,107.408,3.303,108.379,39.893,1
1785988241,992843506,114.998,0.91,115.9,40.883,1
1785988242,26218506,127.475,0.56,128.015,45.507,1
1785988242,92969482,104.719,0.681,105.383,44.113,1
1785988242,126345215,123.127,0.552,123.659,51.657,1
1785988242,193097900,103.306,0.695,103.982,47.073,1
1785988242,226474609,114.055,1.11,115.186,44.539,1
1785988242,259851807,126.618,0.572,127.168,45.405,1
1785988242,326606689,95.981,3.748,99.715,39.292,1
1785988242,359984619,107.73,0.683,108.392,42.061,1
1785988242,393362793,125.508,0.576,126.064,51.055,1
1785988242,460119873,103.027,1.114,104.133,44.801,1
1785988242,493454346,123.661,0.564,124.202,53.428,1
1785988242,560122803,92.718,0.735,93.434,35.899,1
1785988242,593456787,109.362,0.695,110.038,49.934,1
1785988242,626790527,129.315,0.87,130.131,53.423,1
1785988242,693457275,115.526,0.669,116.178,52.717,1
1785988242,726790283,126.324,0.576,126.88,44.04,1
1785988242,793456055,119.294,0.762,120.012,59.797,1
1785988242,826788330,144.091,0.573,144.643,57.965,1
1785988242,893452637,126.633,0.723,127.334,49.354,1
1785988242,960116211,108.815,1.389,110.18,49.497,1
1785988242,993447754,127.526,0.582,128.085,51.25,1
1785988243,60109863,114.854,0.897,115.736,54.302,1
1785988243,93440674,129.031,0.565,129.575,47.181,1
1785988243,160101807,102.233,1.05,103.352,40.345,1
1785988243,193431885,114.568,0.921,115.474,45.538,1
1785988243,260091553,102.208,2.009,104.199,55.386,1
1785988243,293421143,107.183,0.77,107.936,37.068,1
1785988243,326750488,124.376,0.662,125.01,50.406,1
1785988243,393408691,96.395,0.807,97.193,38.833,1
1785988243,426737549,112.962,3.112,116.099,52.199,1
1785988243,460066650,125.427,0.553,125.959,43.237,1
1785988243,526736084,99.611,0.644,100.231,40.939,1
1785988243,560070313,127.655,0.635,128.27,61.373,1
1785988243,626738281,113.702,0.606,114.287,52.686,1
1785988243,660072021,134.379,0.581,134.939,53.987,1
1785988243,726738770,115.387,0.644,116.012,47.736,1
1785988243,760072021,129.629,0.632,130.241,47.564,1
1785988243,826737549,105.658,0.594,106.228,42.654,1
1785988243,860069824,127.578,0.598,128.156,55.258,1
1785988243,926734131,124.223,0.596,124.798,63.308,1
1785988243,960065918,159.469,0.545,159.995,68.529,1
1785988244,60060303,102.313,0.665,102.956,42.952,1
1785988244,93391357,128.831,0.546,129.356,59.734,1
1785988244,160052490,106.599,0.666,107.249,44.549,1
1785988244,193383057,125.703,0.563,126.247,52.334,1
1785988244,260042969,103.386,0.559,103.923,44.336,1
1785988244,293372803,124.656,0.571,125.207,54.614,1
1785988244,360031738,100.737,0.593,101.31,42.76,1
1785988244,393360840,110.696,0.696,111.367,43.384,1
1785988244,426689697,125.343,0.576,125.898,47.864,1
1785988244,493396240,98.246,0.621,98.848,39.655,1
1785988244,526773926,111.702,0.764,112.455,46.969,1
1785988244,560152100,115.849,0.701,116.529,37.461,1
1785988244,593530273,125.832,0.565,126.376,43.233,1
1785988244,660288086,102.196,0.676,102.848,43.224,1
1785988244,693667725,126.426,0.561,126.966,57.503,1
1785988244,760427734,99.982,0.73,100.683,40.472,1
1785988244,793808105,125.806,0.839,126.624,59.319,1
1785988244,827188965,124.824,0.651,125.457,32.217,1
1785988244,860570313,164.235,0.66,164.879,72.802,1
1785988244,960716309,104.484,2.083,106.526,41.794,1
1785988244,994098877,125.488,0.569,126.036,52.896,1
1785988245,60865479,96.212,0.691,96.883,37.612,1
1785988245,94249268,126.872,0.607,127.462,63.961,1
1785988245,161017822,104.777,0.694,105.453,44.754,1
1785988245,194402832,118.696,0.656,119.333,47.27,1
1785988245,227788086,126.85,0.666,127.496,41.551,1
1785988245,294559570,97.886,0.792,98.661,37.933,1
1785988245,327945801,110.714,0.692,111.386,46.114,1
1785988245,361332520,125.122,0.59,125.692,47.696,1
1785988245,428106934,128.027,0.546,128.552,69.635,1
1785988245,494855713,101.341,1.079,102.411,40.589,1
1785988245,528346436,124.929,2.9,127.826,58.9,1
1785988245,595330078,119.249,0.708,119.935,59.114,1
1785988245,628823242,115.68,0.875,116.538,30.092,1
1785988245,662316895,132.698,1.35,134.028,50.986,1
1785988245,729307129,110.198,0.635,110.814,43.777,1
1785988245,762803467,123.195,0.596,123.771,46.457,1
1785988245,829798340,121.538,0.589,122.107,65.328,1
1785988245,896796631,112.735,0.654,113.367,58.257,1
1785988245,930296875,131.447,0.649,132.067,52.203,1
1785988245,997300049,106.675,0.645,107.301,42.234,1
1785988246,30802979,117.05,0.703,117.735,43.938,1
1785988246,64306396,125.928,0.709,126.616,42.382,1
1785988246,131315918,114.247,0.564,114.791,55.189,1
1785988246,164822021,122.523,0.647,123.143,41.859,1
1785988246,231836426,95.091,0.65,95.718,39.589,1
1785988246,265344971,98.274,2.414,100.687,38.454,1
1785988246,332364258,90.634,0.586,91.196,57.553,1
1785988246,365875244,95.23,0.673,95.881,38.194,1
1785988246,399386719,100.923,2.514,103.449,41.034,1
1785988246,432899414,119.215,0.591,119.781,49.891,1
1785988246,499923340,99.305,0.623,99.883,47.125,1
1785988246,533252686,114.077,0.634,114.688,48.134,1
1785988246,566581787,118.577,0.879,119.449,38.073,1
1785988246,633239258,103.276,1.103,104.365,51.575,1
1785988246,666567383,122.001,0.694,122.675,51.655,1
1785988246,733223389,96.5,0.769,97.16,41.14,1
1785988246,766551025,120.486,0.604,121.069,57.238,1
1785988246,833205322,114.086,2.141,116.228,61.782,1
1785988246,866531982,132.703,0.897,133.589,50.709,1
1785988246,933184814,120.781,0.681,121.442,54.516,1
1785988246,999836670,97.341,0.88,98.205,43.407,1
1785988247,33162354,111.757,0.771,112.502,47.627,1
1785988247,66487549,117.329,0.656,117.966,38.794,1
1785988247,99812500,119.661,0.541,120.182,35.542,1
1785988247,166461914,109.857,0.683,110.523,56.983,1
1785988247,199786133,125.285,0.575,125.836,48.645,1
1785988247,266433838,96.327,0.629,96.937,37.744,1
1785988247,299757324,112.936,0.597,113.509,49.899,1
1785988247,333080566,126.666,0.593,127.238,47.052,1
1785988247,399726318,96.019,0.637,96.637,36.041,1
1785988247,433048828,119.299,0.549,119.828,56.518,1
1785988247,466370850,133.439,0.684,134.109,47.593,1
1785988247,533098633,112.32,0.645,112.946,45.569,1
1785988247,566503418,124.627,0.823,125.434,45.887,1
1785988247,633313721,105.639,0.576,106.195,47.583,1
1785988247,666719238,117.611,0.556,118.147,45.357,1
1785988247,700124756,131.06,0.716,131.755,47.013,1
1785988247,766936768,103.802,1.486,105.278,40.316,1
1785988247,800343262,148.667,0.776,149.425,77.569,1
1785988247,867156738,103.645,1.023,104.657,22.032,1
1785988247,900563721,120.933,0.927,121.845,50.602,1
1785988247,967378418,105.195,2.858,108.065,53.012,1
1785988248,786133,124.707,0.647,125.336,50.711,1
1785988248,67602295,97.312,0.7,97.99,39.47,1
1785988248,101010742,119.226,0.564,119.769,55.188,1
1785988248,167828125,95.585,0.631,96.194,43.24,1
1785988248,201237305,118.323,0.611,118.908,56.125,1
1785988248,268056152,96.718,0.7,97.392,45.302,1
1785988248,301465820,106.124,0.688,106.796,42.804,1
1785988248,334875732,120.778,0.542,121.314,47.925,1
1785988248,401696533,95.976,0.576,96.532,42.053,1
1785988248,435107178,111.461,0.582,112.022,48.9,1
1785988248,468518066,121.287,0.827,122.094,43.482,1
1785988248,535324463,92.827,0.64,93.443,38.155,1
1785988248,568720947,109.957,0.884,110.816,50.762,1
1785988248,602117432,117.317,0.734,118.033,40.618,1
1785988248,668910889,102.077,0.831,102.894,51.649,1
1785988248,702307861,113.164,0.694,113.837,44.345,1
1785988248,735705078,118.466,0.57,119.014,38.579,1
1785988248,802500000,95.697,2.833,98.608,46.282,1
1785988248,835897461,127.718,0.998,128.702,63.587,1
1785988248,902693359,111.978,0.797,112.761,50.859,1
1785988248,936091309,131.899,0.845,132.72,53.357,1
1785988249,2887939,129.18,0.82,129.964,64.043,1
1785988249,69685059,109.198,0.646,109.826,46.662,1
1785988249,103083984,121.431,0.776,122.187,45.761,1
1785988249,169882080,95.428,0.668,96.077,40.684,1
1785988249,203281494,117.295,0.724,117.999,55.323,1
1785988249,270080566,96.969,0.69,97.636,46.438,1
1785988249,303480225,110.583,0.835,111.41,47.156,1
1785988249,336880127,121.279,0.724,121.984,43.99,1
1785988249,403680420,107.197,0.563,107.741,52.56,1
1785988249,437080811,120.762,0.67,121.419,47.072,1
1785988249,503881348,97.766,0.811,98.564,43.939,1
1785988249,537194580,110.233,0.54,110.752,45.516,1
1785988249,570507324,127.348,0.605,127.932,50.491,1
1785988249,637131348,112.584,0.59,113.154,51.846,1
1785988249,670442871,122.846,0.546,123.371,43.53,1
1785988249,737064941,96.209,0.718,96.911,40.15,1
1785988249,770375244,114.319,0.583,114.882,51.292,1
1785988249,803685059,128.924,0.575,129.478,47.905,1
1785988249,836994629,143.839,0.639,144.456,48.285,1
1785988249,903612549,143.122,0.628,143.731,65.892,1
1785988249,970229004,124.192,0.681,124.852,47.741,1
1785988250,36843750,100.276,0.713,100.976,42.729,1
1785988250,70150635,112.782,0.577,113.339,45.68,1
1785988250,103457031,120.45,0.594,121.022,40.989,1
1785988250,170068604,95.224,0.662,95.868,41.454,1
1785988250,203373779,103.944,0.538,104.461,41.903,1
1785988250,236678711,127.078,0.658,127.714,56.556,1
1785988250,303287109,104.426,0.576,104.983,43.876,1
1785988250,336590820,122.244,0.595,122.818,51.14,1
1785988250,403196777,114.608,0.617,115.206,58.991,1
1785988250,436499268,121.079,0.574,121.631,39.731,1
1785988250,503104736,95.242,0.608,95.827,40.802,1
1785988250,536421875,123.887,0.558,124.424,61.915,1
1785988250,603054688,106.513,0.623,107.139,49.32,1
1785988250,636370605,113.451,0.681,114.113,40.312,1
1785988250,669686279,134.832,0.608,135.42,54.626,1
1785988250,703001465,153.071,0.581,153.628,51.525,1
1785988250,802945313,107.689,0.559,108.243,54.543,1
1785988250,836259033,125.862,0.778,126.624,51.699,1
1785988250,869572510,132.165,1.102,133.259,39.943,1
1785988250,936198730,122.032,0.553,122.567,55.95,1
1785988251,2823242,100.807,0.673,101.461,45.517,1
1785988251,36135010,109.372,0.895,110.257,42.097,1
1785988251,69446533,123.856,0.566,124.401,47.468,1
1785988251,136068359,97.862,0.82,98.671,40.88,1
1785988251,169378662,122.018,0.613,122.579,57.229,1
1785988251,235998535,99.359,0.701,100.042,44.075,1
1785988251,269307861,121.3,0.553,121.83,55.107,1
1785988251,335925537,92.401,0.549,92.927,37.715,1
1785988251,369233887,107.795,0.638,108.412,48.789,1
1785988251,402541748,123.851,0.557,124.388,49.288,1
1785988251,469156738,98.669,0.838,99.484,41.71,1
1785988251,502465088,127.51,0.62,128.105,61.93,1
1785988251,569131836,104.996,0.629,105.602,44.162,1
1785988251,602464600,122.659,0.564,123.202,50.935,1
1785988251,669129883,93.769,0.813,94.704,38.022,1
1785988251,702461914,109.311,0.698,109.991,48.76,1
1785988251,802456787,102.009,0.812,102.75,92.751,1
1785988251,835787842,110.684,0.699,111.366,41.941,1
1785988251,869118896,123.382,0.709,124.071,46.047,1
1785988251,935779785,109.191,0.658,109.822,52.413,1
1785988251,969109619,124.791,0.79,125.557,49.06,1
1785988252,2439453,127.128,0.765,127.876,35.65,1
1785988252,69098389,105.557,0.824,106.366,45.144,1
1785988252,102427246,121.72,0.546,122.246,49.218,1
1785988252,169084717,92.245,0.745,92.99,37.374,1
1785988252,202412842,100.036,0.872,100.892,41.242,1
1785988252,235740723,113.889,0.659,114.527,46.978,1
1785988252,302395996,113.232,0.687,113.902,66.021,1
1785988252,335723145,126.525,0.566,127.071,46.504,1
1785988252,402376709,104.719,0.771,105.473,45.045,1
1785988252,435703125,114.865,0.692,115.54,43.396,1
1785988252,502355957,94.263,0.568,94.831,45.932,1
1785988252,535667480,113.046,0.628,113.651,52.15,1
1785988252,568978516,125.675,0.583,126.237,45.898,1
1785988252,635599609,100.167,0.722,100.871,41.246,1
1785988252,668909424,127.802,0.615,128.4,60.843,1
1785988252,735528076,122.498,0.602,123.079,61.303,1
1785988252,802145020,102.456,0.591,103.043,46.563,1
1785988252,835452881,105.368,0.663,106.007,36.287,1
1785988252,868760254,141.84,0.582,142.401,69.704,1
1785988252,935373779,118.46,0.586,119.025,43.238,1
1785988252,968679932,127.024,0.563,127.567,41.849,1
1785988253,35291260,105.132,0.615,105.718,44.761,1
1785988253,68596191,124.515,0.577,125.071,52.66,1
1785988253,135204834,96.528,0.749,97.255,38.785,1
1785988253,168508545,113.313,0.612,113.906,49.959,1
1785988253,201811768,125.362,0.735,126.074,45.471,1
1785988253,268417236,121.273,0.722,121.968,62.499,1
1785988253,301719238,121.894,0.891,122.766,34.095,1
1785988253,368322266,98.968,0.782,99.753,43.571,1
1785988253,401623047,110.522,3.015,113.517,47.086,1
1785988253,468223633,115.487,0.788,116.265,69.338,1
1785988253,501524414,128.21,0.626,128.819,45.868,1
1785988253,568309326,122.211,0.646,122.837,60.804,1
1785988253,635171631,100.25,1.416,101.667,45.664,1
1785988253,668603760,116.794,0.673,117.466,49.239,1
1785988253,702036621,122.923,0.587,123.491,39.478,1
1785988253,768904053,96.996,0.812,97.789,41.162,1
1785988253,802338867,125.83,0.781,126.593,62.239,1
1785988253,869210205,132.663,0.737,133.382,73.659,1
1785988253,902646729,156.091,0.873,156.954,56.998,1
1785988253,969521729,134.103,0.963,135.043,44.971,1
1785988254,36399414,110.19,0.578,110.747,42.589,1
1785988254,103279785,91.739,0.633,92.351,48.484,1
1785988254,136720947,106.763,0.655,107.398,48.485,1
1785988254,170162598,111.139,0.658,111.78,37.821,1
1785988254,237047852,99.712,0.589,100.28,55.393,1
1785988254,270491455,111.333,0.564,111.876,45.04,1
1785988254,337380615,100.285,0.595,100.859,55.872,1
1785988254,370826172,108.663,0.579,109.221,41.807,1
1785988254,404272461,120.163,0.585,120.726,44.951,1
1785988254,504614746,97.508,0.684,98.165,77.78,1
1785988254,538061279,112.512,0.765,113.26,48.532,1
1785988254,571448975,126.711,0.811,127.509,47.64,1
1785988254,638224609,108.233,4.078,112.337,51.566,1
1785988254,671612549,125.928,0.636,126.478,47.575,1
1785988254,738388672,118.784,0.74,119.51,59.8,1
1785988254,805165039,104.479,0.625,105.083,52.356,1
1785988254,838553223,110.214,0.676,110.868,39.175,1
1785988254,871941650,128.46,0.604,129.04,51.559,1
1785988254,938718750,126.811,0.674,127.466,65.199,1
1785988255,5496094,102.26,3.436,105.645,44.946,1
1785988255,38884766,122.146,0.683,122.811,50.569,1
1785988255,105662598,104.203,0.778,104.955,48.917,1
1785988255,139051514,105.756,0.823,106.573,34.996,1
1785988255,172440674,120.845,0.675,121.498,48.331,1
1785988255,239219238,94.659,0.67,95.305,40.584,1
1785988255,272608398,118.935,0.674,119.594,57.675,1
1785988255,339387451,96.486,0.706,97.171,44.354,1
1785988255,372777100,120.16,0.669,120.812,57.034,1
1785988255,439556396,97.659,0.81,98.447,44.41,1
1785988255,472946289,122.791,0.682,123.453,58.403,1
1785988255,539725586,97.946,0.957,98.889,42.203,1
1785988255,573030029,122.624,0.576,123.179,57.605,1
1785988255,639637451,97.59,0.718,98.264,41.69,1
1785988255,672940430,125.211,0.723,125.913,60.955,1
1785988255,739545166,108.008,1.064,108.832,49.517,1
1785988255,772846680,121.114,1.025,122.129,46.594,1
1785988255,839448486,116.475,0.716,117.168,61.652,1
1785988255,872748779,140.279,0.74,140.998,57.131,1
1785988255,939347656,123.196,0.56,123.737,49.338,1
1785988256,5944824,99.088,0.88,99.946,42.8,1
1785988256,72540039,89.828,0.675,90.481,57.133,1
1785988256,105836914,98.42,0.965,99.374,42.18,1
1785988256,139133301,114.083,0.687,114.724,48.655,1
1785988256,172429199,126.191,0.634,126.805,45.382,1
1785988256,239019531,104.429,0.833,105.238,45.022,1
1785988256,272314209,120.205,1.0,121.011,49.065,1
1785988256,338901611,92.579,0.748,93.307,38.885,1
1785988256,372194824,109.114,0.554,109.647,49.637,1
1785988256,405487305,126.918,0.63,127.454,51.099,1
1785988256,472071289,101.887,3.795,105.685,44.787,1
1785988256,505362305,115.717,0.756,116.435,44.067,1
1785988256,538654785,129.873,0.777,130.628,47.484,1
1785988256,605350098,113.026,0.865,113.873,49.943,1
1785988256,638697998,139.59,0.662,140.23,59.707,1
1785988256,705393799,116.926,0.604,117.513,43.974,1
1785988256,738741943,127.896,0.717,128.6,44.432,1
1785988256,805438477,125.771,0.714,126.471,64.566,1
1785988256,838786865,123.002,2.936,125.92,32.801,1
1785988256,872135254,161.84,0.588,162.407,69.84,1
1785988256,972181396,111.539,0.832,112.348,49.983,1
1785988257,5530273,132.702,0.718,133.399,54.401,1
1785988257,72228271,102.596,0.771,103.343,36.645,1
1785988257,105577393,120.032,0.578,120.589,50.595,1
1785988257,172276123,96.043,0.619,96.64,42.748,1
1785988257,205625488,113.978,0.909,114.868,51.566,1
1785988257,238975098,119.437,0.566,119.982,38.477,1
1785988257,272324707,124.946,0.696,125.622,38.989,1
1785988257,339024170,94.58,0.912,95.474,36.543,1
1785988257,372374268,109.945,0.671,110.596,48.474,1
1785988257,439074463,110.223,0.784,111.035,67.082,1
1785988257,472424561,124.61,0.666,125.258,47.634,1
1785988257,539125488,98.717,0.863,99.562,41.001,1
1785988257,572514648,115.585,0.88,116.248,50.081,1
1785988257,605903564,126.92,0.834,127.731,44.871,1
1785988257,672682129,118.206,0.643,118.827,57.874,1
1785988257,706071289,121.763,0.605,122.348,36.912,1
1785988257,772850342,101.499,0.647,102.127,46.554,1
1785988257,806239990,120.611,0.638,121.228,52.493,1
1785988257,839629639,124.728,0.596,125.304,37.466,1
1785988257,873019287,151.004,0.686,151.672,59.752,1
1785988257,939799072,105.094,0.655,105.729,20.842,1
1785988257,973189209,119.291,0.618,119.889,47.549,1
1785988258,6579346,124.529,0.584,125.094,38.597,1
1785988258,73359863,96.116,0.615,96.709,38.394,1
1785988258,106750244,108.13,0.637,108.747,45.43,1
1785988258,140140625,125.066,0.576,125.606,50.25,1
1785988258,206921875,96.764,0.874,97.61,38.782,1
1785988258,240312744,121.263,0.63,121.874,57.654,1
1785988258,307094482,93.618,0.65,94.25,39.16,1
1785988258,340485352,99.507,0.864,100.319,39.452,1
1785988258,373876465,120.312,0.644,120.937,54.017,1
1785988258,440658936,97.166,0.792,97.934,43.779,1
1785988258,507441650,90.728,0.654,91.361,60.212,1
1785988258,540832520,95.967,1.004,96.965,38.977,1
1785988258,574136963,113.651,0.645,114.27,50.627,1
1785988258,607440918,126.191,0.734,126.906,45.94,1
1785988258,674047363,122.991,0.629,123.6,63.301,1
1785988258,740652100,105.38,0.881,106.25,49.239,1
1785988258,773953613,121.25,0.777,122.008,49.072,1
1785988258,840555420,117.153,0.593,117.725,62.32,1
1785988258,873855713,144.734,0.791,145.508,61.073,1
1785988258,940454590,132.922,0.781,133.584,54.686,1
1785988259,7051758,117.527,0.817,118.327,51.333,1
1785988259,40349365,124.958,0.645,125.58,40.557,1
1785988259,106943604,98.039,0.909,98.996,39.936,1
1785988259,140239990,110.329,0.595,110.902,45.279,1
1785988259,173535889,123.146,0.66,123.787,46.179,1
1785988259,240126465,94.301,0.553,94.833,37.639,1
1785988259,273420898,119.387,0.577,119.945,58.404,1
1785988259,306714844,124.187,0.699,124.865,38.208,1
1785988259,373301514,99.653,2.558,102.238,43.916,1
1785988259,406594238,122.511,0.561,123.052,54.158,1
1785988259,473177979,96.29,0.544,96.814,40.345,1
1785988259,506469238,123.902,0.705,124.583,61.059,1
1785988259,573066650,106.793,0.582,107.355,49.371,1
1785988259,606371582,122.004,0.617,122.604,48.549,1
1785988259,672979736,101.128,0.714,101.822,45.829,1
1785988259,706283203,121.361,0.539,121.881,53.364,1
1785988259,739586182,124.612,0.535,125.113,36.536,1
1785988259,806190674,115.43,0.638,116.05,57.536,1
1785988259,839492188,132.03,0.579,132.592,49.843,1
1785988259,906093994,131.352,0.627,131.957,65.969,1
1785988259,972693848,115.595,0.607,116.181,50.824,1
1785988260,5993164,131.044,0.637,131.66,48.779,1
1785988260,72590332,122.967,0.568,123.516,58.455,1
1785988260,139185547,93.571,0.541,94.094,37.174,1
1785988260,172482422,124.198,0.58,124.756,63.959,1
1785988260,205778809,130.014,0.882,130.881,39.413,1
1785988260,272370361,107.79,0.624,108.337,44.056,1
1785988260,305665283,116.143,0.815,116.948,41.89,1
1785988260,338959961,129.032,0.782,129.795,46.155,1
1785988260,405547607,102.904,0.771,103.652,40.443,1
1785988260,438840820,108.888,0.567,109.436,39.08,1
1785988260,505425781,102.422,0.824,103.221,60.363,1
1785988260,538718750,117.327,0.628,117.935,48.011,1
1785988260,572065918,126.337,0.736,127.043,42.454,1
1785988260,638973145,102.88,0.687,103.538,43.403,1
1785988260,672427490,127.384,0.573,127.937,57.857,1
1785988260,739337646,121.617,0.591,122.187,61.16,1
1785988260,772793457,127.09,0.712,127.78,39.046,1
1785988260,839706543,95.168,0.631,95.778,34.913,1
1785988260,906621582,101.599,0.655,102.231,73.366,1
1785988260,940079834,118.548,1.092,119.633,50.843,1
1785988260,973538574,131.75,1.005,132.736,46.574,1
1785988261,40457275,122.876,0.724,123.571,57.757,1
1785988261,107377930,110.379,1.135,111.487,54.833,1
1785988261,140839111,110.391,0.769,111.138,33.116,1
1785988261,174300781,123.551,0.753,124.278,46.601,1
1785988261,207762695,132.53,0.574,133.085,42.272,1
1785988261,274688232,112.712,0.587,113.278,47.12,1
1785988261,341615723,96.274,0.822,97.075,50.723,1
1785988261,375080322,110.131,0.669,110.776,47.167,1
1785988261,408545166,123.152,0.568,123.7,46.391,1
1785988261,475476563,114.798,0.616,115.393,58.622,1
1785988261,508942871,129.637,1.26,130.888,48.94,1
1785988261,542409912,153.556,0.602,154.138,56.738,1
1785988261,609246338,127.413,0.712,128.108,40.804,1
1785988261,675991943,100.941,0.846,101.767,40.404,1
1785988261,709365234,124.313,0.758,125.053,56.662,1
1785988261,776113770,94.612,0.815,95.402,37.097,1
1785988261,809488525,110.213,0.61,110.802,48.777,1
1785988261,842864014,135.414,0.975,136.367,58.931,1
1785988261,909616211,126.29,1.279,127.549,57.943,1
1785988261,976370361,115.192,0.634,115.809,55.012,1
1785988262,9748047,138.079,0.791,138.846,56.42,1
1785988262,76505127,111.967,0.565,112.513,40.422,1
1785988262,109884277,125.004,0.664,125.647,46.514,1
1785988262,176644287,100.604,1.508,102.263,43.197,1
1785988262,210024902,114.378,0.974,115.34,46.62,1
1785988262,243406006,122.151,0.699,122.831,40.887,1
1785988262,310169922,102.471,2.623,105.111,48.999,1
1785988262,343552490,121.947,0.69,122.618,50.935,1
1785988262,410319092,93.09,0.944,94.01,38.151,1
1785988262,443703125,120.071,2.191,122.289,61.623,1
1785988262,477087646,126.652,0.751,127.391,38.523,1
1785988262,510472656,151.363,2.143,153.43,59.426,1
1785988262,577243408,119.686,0.694,120.367,33.711,1
1785988262,644009766,95.207,0.632,95.796,42.202,1
1785988262,677393066,120.076,0.652,120.707,58.296,1
1785988262,744159668,103.153,1.282,106.518,50.456,1
1785988262,777542969,114.43,0.653,115.054,44.04,1
1785988262,810926270,128.783,0.72,129.482,47.809,1
1785988262,877693115,119.147,0.841,119.972,57.248,1
1785988262,911076660,146.186,0.655,146.823,60.243,1
1785988262,977843750,124.577,0.536,125.094,45.041,1
1785988263,44611084,102.801,0.675,103.455,45.122,1
1785988263,77994629,118.568,0.563,119.109,49.043,1
1785988263,144762207,100.903,0.661,101.543,49.197,1
1785988263,178145996,124.721,0.576,125.276,57.121,1
1785988263,244913574,102.41,0.787,103.189,44.665,1
1785988263,278297607,109.679,0.745,110.4,40.604,1
1785988263,345065430,91.404,0.545,91.925,48.3,1
1785988263,378449463,97.225,1.047,98.283,39.705,1
1785988263,411833496,110.267,0.618,110.858,45.995,1
1785988263,445217529,119.42,0.609,120.009,42.534,1
1785988263,511985840,103.178,0.903,104.064,50.811,1
1785988263,545370117,124.328,0.582,124.888,54.221,1
1785988263,612093262,100.487,0.699,101.173,42.995,1
1785988263,645432617,113.266,0.625,113.877,46.052,1
1785988263,678771973,124.345,0.629,124.954,44.42,1
1785988263,745450684,99.751,0.681,100.395,42.112,1
1785988263,778790283,104.109,0.665,104.751,37.701,1
1785988263,845469238,94.097,0.565,94.64,56.57,1
1785988263,878808838,124.832,0.656,125.467,64.165,1
1785988263,945487793,150.623,0.943,151.548,92.749,1
1785988264,12166992,119.242,0.656,119.881,35.024,1
1785988264,45506592,120.658,0.809,121.448,34.901,1
1785988264,112186035,96.785,0.605,97.367,42.603,1
1785988264,145525635,113.499,0.75,114.239,50.199,1
1785988264,178865479,120.199,0.687,120.874,39.979,1
1785988264,212205078,121.026,0.57,121.574,34.05,1
1785988264,278884521,90.546,0.634,91.156,36.259,1
1785988264,312224365,106.786,0.592,107.355,49.541,1
1785988264,345564209,119.385,0.583,119.946,45.93,1
1785988264,412243896,93.734,0.658,94.368,41.1,1
1785988264,445583740,100.346,0.684,101.0,39.973,1
1785988264,478923584,122.376,0.872,123.273,55.565,1
1785988264,545603516,99.35,0.595,99.924,43.38,1
1785988264,578944092,115.041,0.58,115.601,49.018,1
1785988264,612290527,121.785,1.09,122.63,40.365,1
1785988264,678983643,99.828,0.92,100.733,44.795,1
1785988264,712330566,123.879,0.611,124.469,57.095,1
1785988264,779024170,98.0,0.917,98.907,41.118,1
1785988264,812371338,128.044,1.201,128.886,63.334,1
1785988264,879065430,102.035,2.197,104.188,41.964,1
1785988264,912412842,129.977,0.627,130.582,59.777,1
1785988264,979107422,124.261,0.705,124.98,61.052,1
1785988265,45802490,106.806,0.594,107.401,49.136,1
1785988265,79150146,116.744,0.856,117.586,43.541,1
1785988265,112498047,124.353,0.676,125.006,40.781,1
1785988265,179193604,98.692,0.649,99.315,41.004,1
1785988265,212541748,110.342,0.573,110.896,44.931,1
1785988265,245889893,127.417,0.742,128.139,50.583,1
1785988265,312586182,113.823,0.598,114.397,52.96,1
1785988265,345934570,124.731,0.692,125.4,44.353,1
1785988265,412631348,96.55,1.089,97.638,38.908,1
1785988265,445979980,120.457,0.843,121.266,56.998,1
1785988265,479328613,121.51,0.908,122.399,34.477,1
1785988265,546026123,110.281,1.056,111.298,55.602,1
1785988265,579375488,123.799,0.643,124.417,46.473,1
1785988265,646002686,95.144,0.643,95.768,37.973,1
1785988265,679315674,106.15,0.605,106.857,44.284,1
1785988265,712628174,125.319,0.726,125.935,52.514,1
1785988265,779252197,100.216,0.946,101.155,41.83,1
1785988265,812563721,125.557,0.777,126.246,58.408,1
1785988265,879185303,118.269,0.994,119.447,59.621,1
1785988265,912495605,144.991,0.658,145.631,59.703,1
1785988265,979114746,129.333,1.451,131.105,51.755,1
1785988266,45732666,102.271,0.761,102.924,38.779,1
1785988266,79040771,119.645,0.663,120.285,50.668,1
1785988266,145656250,98.934,1.163,100.519,46.392,1
1785988266,178963135,116.815,1.617,118.426,51.657,1
1785988266,212270020,126.281,0.552,126.812,41.708,1
1785988266,278882080,105.137,0.768,105.894,45.683,1
1785988266,312187500,122.8,1.043,123.822,51.236,1
1785988266,378797363,96.949,0.853,97.782,40.578,1
1785988266,412101807,106.802,0.583,107.363,42.887,1
1785988266,445405762,114.612,0.678,115.262,41.202,1
1785988266,478709229,126.233,0.702,126.917,44.951,1
1785988266,545314941,110.075,0.649,110.635,50.331,1
1785988266,578618652,121.492,0.577,122.047,44.717,1
1785988266,645242432,102.727,0.782,103.49,48.054,1
1785988266,678553711,110.722,0.723,111.431,41.25,1
1785988266,711864502,126.195,0.584,126.748,48.639,1
1785988266,778485107,103.511,1.321,106.101,44.681,1
1785988266,811794922,127.234,0.744,127.959,56.457,1
1785988266,878412842,127.558,0.662,128.199,66.863,1
1785988266,945029297,115.469,0.82,116.268,54.68,1
1785988266,978336914,128.436,0.587,129.002,46.047,1
1785988267,44951172,108.543,1.098,109.615,47.222,1
1785988267,78257568,126.229,0.695,126.904,50.6,1
1785988267,144869141,97.139,0.812,97.936,37.638,1
1785988267,178174316,108.434,1.394,109.848,45.179,1
1785988267,211479004,121.959,0.725,122.662,46.158,1
1785988267,278087402,96.551,0.925,97.331,41.278,1
1785988267,311391113,124.798,0.789,125.569,61.544,1
1785988267,377997070,96.49,0.89,97.362,38.396,1
1785988267,411299316,112.313,1.969,114.267,50.199,1
1785988267,444601318,131.205,5.719,137.003,55.949,1
1785988267,511204102,113.586,0.617,114.176,43.878,1
1785988267,577825928,99.832,0.957,100.771,53.208,1
1785988267,611146729,125.808,0.584,126.37,58.929,1
1785988267,677787842,97.375,0.662,98.016,38.287,1
1785988267,711107666,106.135,0.812,106.933,42.23,1
1785988267,744427490,111.927,0.659,112.572,38.956,1
1785988267,777747070,126.705,2.899,129.62,50.334,1
1785988267,844385010,131.253,0.765,132.006,69.058,1
1785988267,911021973,119.205,0.569,119.984,54.393,1
1785988267,944340088,144.171,0.607,144.759,58.324,1
1785988268,10975342,123.039,0.587,123.603,45.481,1
1785988268,77609619,101.419,0.794,102.196,45.222,1
1785988268,110926270,114.041,0.705,114.722,45.847,1
1785988268,144242676,125.931,0.869,126.777,45.362,1
1785988268,210874512,105.015,1.269,106.284,46.117,1
1785988268,244190186,113.953,0.715,114.652,41.712,1
1785988268,277505371,130.499,0.57,131.047,49.715,1
1785988268,344135010,126.104,0.707,126.792,62.373,1
1785988268,410763672,106.554,2.397,108.96,48.766,1
1785988268,444077393,120.784,0.698,121.461,45.84,1
1785988268,510704346,97.37,0.572,97.902,43.075,1
1785988268,544018311,130.193,0.655,130.826,66.238,1
1785988268,610684082,110.017,0.86,110.864,46.686,1
1785988268,644002441,127.937,0.751,128.67,51.139,1
1785988268,710637695,99.592,0.543,100.114,38.082,1
1785988268,743954834,111.332,0.623,111.929,45.129,1
1785988268,777271484,133.946,0.583,134.492,55.881,1
1785988268,843903809,112.338,0.681,112.998,45.134,1
1785988268,877219482,130.11,0.566,130.655,50.977,1
1785988268,943849854,116.438,0.651,117.074,53.043,1
1785988268,977164307,161.691,0.703,162.368,78.609,1
1785988269,77105713,111.772,0.681,112.429,50.006,1
1785988269,110418945,116.097,0.615,116.692,37.576,1
1785988269,177044189,101.577,0.644,102.194,52.13,1
1785988269,210356201,115.976,0.581,116.531,47.651,1
1785988269,243667725,127.438,0.631,128.045,44.824,1
1785988269,310290039,100.799,0.879,101.658,40.225,1
1785988269,343600586,126.365,0.581,126.925,58.589,1
1785988269,410220703,100.089,0.613,100.679,40.373,1
1785988269,443530273,120.324,0.718,121.027,53.651,1
1785988269,476839355,128.794,0.549,129.321,41.611,1
1785988269,543456543,120.432,0.775,121.188,58.478,1
1785988269,576765381,129.52,0.571,130.07,42.195,1
1785988269,643481934,117.717,0.623,118.309,54.956,1
1785988269,743558350,93.027,0.683,93.696,75.453,1
1785988269,776917480,110.729,2.408,113.193,52.773,1
1785988269,810276611,125.798,0.657,126.417,46.678,1
1785988269,876995850,117.478,1.266,118.756,59.023,1
1785988269,977075928,98.029,1.774,99.807,81.142,1
1785988270,10436279,103.075,0.814,103.876,37.442,1
1785988270,43796875,122.616,0.559,123.154,52.65,1
1785988270,77157471,131.287,0.58,131.847,42.05,1
1785988270,143879639,117.673,0.6,118.256,53.13,1
1785988270,177240723,132.703,0.748,133.437,48.54,1
1785988270,243963867,111.303,0.608,111.884,45.176,1
1785988270,277325684,118.545,0.916,119.453,40.912,1
1785988270,310687744,134.428,0.712,135.115,49.043,1
1785988270,377412109,115.397,0.596,115.972,47.582,1
1785988270,410774658,130.221,0.655,130.854,48.243,1
1785988270,477500244,101.69,1.022,102.693,38.557,1
1785988270,510863281,112.793,1.626,113.763,44.427,1
1785988270,544226563,123.643,0.585,124.209,43.823,1
1785988270,610951172,98.063,0.802,98.85,41.354,1
1785988270,644312988,129.13,0.601,129.708,64.233,1
1785988270,711037598,102.052,0.872,102.883,39.891,1
1785988270,744400146,111.513,0.636,112.122,42.609,1
1785988270,777762939,134.169,0.846,134.993,56.231,1
1785988270,844489258,144.403,0.821,145.204,76.939,1
1785988270,911216309,122.491,0.598,123.068,44.592,1
1785988270,944580078,138.829,0.836,139.648,49.934,1
1785988271,11308594,130.44,0.562,130.982,58.072,1
1785988271,78037842,107.722,2.955,110.678,46.382,1
1785988271,111402588,130.471,0.743,131.189,53.916,1
1785988271,144767822,144.614,0.661,145.256,47.428,1
1785988271,211498779,119.6,1.107,120.661,42.118,1
1785988271,244864746,132.424,0.719,133.126,45.85,1
1785988271,311596924,114.777,0.709,115.473,49.071,1
1785988271,344963379,127.445,0.544,127.967,45.875,1
1785988271,411697021,103.121,0.782,103.883,42.645,1
1785988271,445063965,117.17,0.637,117.783,47.269,1
1785988271,478431396,128.788,0.539,129.305,44.892,1
1785988271,545166748,104.831,0.669,105.48,42.909,1
1785988271,578534180,117.739,0.637,118.36,46.243,1
1785988271,611862061,132.762,0.664,133.408,48.376,1
1785988271,678517090,115.774,0.611,116.369,49.617,1
1785988271,711844238,127.763,0.571,128.314,45.276,1
1785988271,778497803,98.634,0.56,99.174,37.514,1
1785988271,811823975,110.384,0.817,111.163,45.298,1
1785988271,845150146,128.363,0.559,128.901,51.082,1
1785988271,911801514,134.443,0.688,135.11,72.858,1
1785988271,978451660,109.759,0.925,110.666,42.201,1
1785988272,11776611,130.129,0.576,130.685,53.35,1
1785988272,78425049,103.333,0.671,103.979,39.941,1
1785988272,111749023,126.871,0.632,127.479,56.824,1
1785988272,178396240,101.522,0.695,102.198,41.364,1
1785988272,211719238,118.712,0.673,119.374,50.491,1
1785988272,245042236,135.794,0.673,136.442,50.401,1
1785988272,311687012,102.432,0.662,103.076,33.277,1
1785988272,345009277,128.575,0.57,129.125,59.375,1
1785988272,411652588,101.953,0.777,102.71,40.225,1
1785988272,444973877,119.092,0.584,119.654,50.269,1
1785988272,478294678,131.961,0.654,132.592,46.255,1
1785988272,544936035,116.008,0.682,116.665,50.714,1
1785988272,578256836,130.567,0.585,131.131,47.79,1
1785988272,644913818,101.782,0.78,102.545,38.057,1
1785988272,678242188,118.431,0.653,119.059,49.855,1
1785988272,711570068,138.008,1.322,139.348,53.577,1
1785988272,778225098,120.314,0.908,121.194,48.535,1
1785988272,811552246,146.305,0.993,147.282,59.413,1
1785988272,878205811,133.908,0.902,134.683,54.058,1
1785988272,911532227,159.503,0.574,160.051,58.701,1
1785988273,11509766,106.0,0.657,106.633,46.555,1
1785988273,44835205,132.861,0.704,133.545,60.238,1
1785988273,111484863,102.055,0.555,102.585,35.692,1
1785988273,144809570,106.878,0.972,107.839,38.56,1
1785988273,178133789,121.661,1.497,123.152,48.638,1
1785988273,244781494,105.861,0.778,106.513,50.024,1
1785988273,278104980,119.578,0.911,120.358,47.162,1
1785988273,311428223,131.394,0.689,132.065,45.034,1
1785988273,378073975,111.066,1.736,111.829,46.414,1
1785988273,411396240,112.758,0.555,113.292,34.786,1
1785988273,444718506,120.216,0.76,120.955,40.978,1
1785988273,478040527,138.446,0.788,139.212,51.582,1
1785988273,544683594,121.2,0.688,121.869,49.301,1
1785988273,578005127,134.544,0.632,135.157,46.61,1
1785988273,644909912,108.092,0.695,108.764,40.511,1
1785988273,678363525,131.801,0.556,132.334,57.028,1
1785988273,745273193,107.805,0.658,108.446,43.015,1
1785988273,778729248,133.31,0.714,133.987,59.001,1
1785988273,812186279,139.264,0.676,139.915,39.384,1
1785988273,879102539,122.039,0.559,122.579,49.582,1
1785988273,912561768,151.058,0.674,151.71,62.589,1
1785988273,979483154,133.515,0.59,134.082,49.296,1
1785988274,46407471,114.877,0.653,115.509,48.35,1
1785988274,79871094,127.325,0.55,127.855,45.81,1
1785988274,146800293,103.856,0.922,104.762,43.822,1
1785988274,180266357,128.502,0.609,129.089,57.804,1
1785988274,247200684,112.593,0.59,113.266,51.006,1
1785988274,280668945,125.555,0.65,126.106,46.417,1
1785988274,347608154,97.022,0.725,97.724,38.55,1
1785988274,381079102,117.527,0.578,118.085,53.838,1
1785988274,414550781,131.861,0.674,132.4,47.788,1
1785988274,481496582,124.888,0.693,125.449,59.995,1
1785988274,514970703,131.104,0.675,131.739,39.762,1
1785988274,581918457,103.954,0.794,104.723,39.926,1
1785988274,615245605,127.614,0.633,128.224,56.836,1
1785988274,681899414,101.406,0.718,102.094,40.519,1
1785988274,715225830,127.922,0.56,128.461,59.698,1
1785988274,781877930,104.737,0.894,105.62,43.793,1
1785988274,815203613,117.578,0.746,118.308,46.025,1
1785988274,848529053,132.36,0.87,133.21,48.226,1
1785988274,915178955,132.631,0.807,133.42,66.862,1
1785988274,981827881,119.855,0.65,120.487,53.718,1
1785988275,15151855,145.51,0.721,146.21,59.044,1
1785988275,81798828,111.576,0.682,112.232,32.667,1
1785988275,115122070,131.636,0.795,132.412,53.509,1
1785988275,181767578,106.531,0.712,107.226,41.452,1
1785988275,215090088,127.975,0.579,128.533,54.639,1
1785988275,281733887,102.006,0.594,102.576,40.687,1
1785988275,315055420,109.452,0.634,110.06,40.803,1
1785988275,348376709,126.094,0.557,126.631,49.893,1
1785988275,415018311,100.064,0.64,100.683,40.693,1
1785988275,448338867,111.609,0.764,112.35,44.983,1
1785988275,481658936,128.507,0.562,129.048,50.026,1
1785988275,548298584,105.764,0.824,106.566,44.145,1
1785988275,581618652,129.081,0.587,129.648,56.413,1
1785988275,648370850,102.623,0.693,103.289,40.391,1
1785988275,681775391,118.376,0.578,118.932,49.051,1
1785988275,715179932,127.474,0.574,128.028,42.499,1
1785988275,781989746,115.266,0.584,115.831,54.612,1
1785988275,815395020,137.721,0.647,138.346,55.919,1
1785988275,882206055,107.954,0.68,108.614,37.079,1
1785988275,915612061,136.657,0.625,137.26,62.054,1
1785988275,982424561,114.443,0.629,115.049,44.601,1
1785988276,15831055,129.492,0.565,130.024,48.384,1
1785988276,82645020,116.505,0.886,117.378,54.16,1
1785988276,116052246,150.824,0.648,151.455,67.487,1
1785988276,182867432,129.151,0.562,129.693,45.058,1
1785988276,249683594,104.911,0.781,105.676,42.793,1
1785988276,283091797,118.912,0.6,119.491,47.228,1
1785988276,316500488,126.127,0.635,126.743,40.66,1
1785988276,383318359,98.471,0.651,99.098,39.172,1
1785988276,416727539,101.523,0.582,102.085,36.398,1
1785988276,483546631,97.529,0.621,98.132,62.865,1
1785988276,516956543,107.133,0.664,107.774,43.05,1
1785988276,583777100,93.569,0.561,94.107,53.157,1
1785988276,617186279,101.254,0.654,101.881,41.179,1
1785988276,650591553,115.737,0.572,116.289,47.817,1
1785988276,683997559,126.991,0.648,127.611,44.725,1
1785988276,750811768,113.641,0.646,114.27,53.471,1
1785988276,784219971,132.036,0.554,132.569,51.712,1
1785988276,851039063,117.292,0.675,117.956,52.195,1
1785988276,884449707,163.176,0.567,163.739,79.189,1
1785988276,984686035,104.881,0.574,105.432,41.946,1
1785988277,18099609,123.699,0.58,124.258,52.239,1
1785988277,84929443,97.49,0.565,98.034,40.606,1
1785988277,118345459,106.657,0.749,107.38,42.754,1
1785988277,185179688,96.245,0.569,96.795,56.256,1
1785988277,218597900,121.253,0.603,121.841,58.461,1
1785988277,252017090,135.704,0.69,136.371,47.948,1
1785988277,318857422,125.356,0.557,125.877,56.353,1
1785988277,385700928,98.898,0.807,99.686,40.65,1
1785988277,419123779,105.301,3.361,108.664,42.371,1
1785988277,452547607,124.025,0.651,124.726,49.447,1
1785988277,519397217,120.765,0.823,121.567,63.76,1
1785988277,552823242,112.212,0.768,113.141,24.808,1
1785988277,619675781,97.48,0.703,98.163,52.067,1
1785988277,653088867,105.24,0.712,105.922,41.173,1
1785988277,686501953,111.899,1.043,112.931,40.399,1
1785988277,719915283,127.399,0.696,128.077,48.58,1
1785988277,786743164,111.073,0.635,111.688,50.439,1
1785988277,820157471,150.545,0.623,151.151,72.877,1
1785988277,886987305,129.826,0.659,130.464,46.143,1
1785988277,953817871,106.139,0.693,106.813,43.176,1
1785988277,987233887,124.694,0.563,125.236,51.847,1
1785988278,54066406,99.287,0.673,99.934,41.527,1
1785988278,87482910,104.257,0.751,104.931,38.408,1
1785988278,120900146,124.911,0.574,125.465,53.958,1
1785988278,187734863,110.858,0.568,111.404,52.775,1
1785988278,221152832,122.716,0.574,123.268,45.281,1
1785988278,287989502,94.737,0.67,95.387,38.95,1
1785988278,321408203,112.561,0.773,113.312,51.342,1
1785988278,354827148,129.105,0.614,129.698,49.812,1
1785988278,421666260,110.091,0.763,110.837,47.966,1
1785988278,455086182,124.887,0.598,125.464,48.059,1
1785988278,521927002,112.842,0.663,113.483,54.86,1
1785988278,555347900,122.667,0.592,123.237,43.176,1
1785988278,622188965,96.019,0.657,96.63,40.232,1
1785988278,655632813,119.962,0.567,120.509,57.324,1
1785988278,722522461,92.198,0.841,93.021,39.4,1
1785988278,755968506,103.906,2.18,106.138,46.479,1
1785988278,789415283,121.953,0.653,122.586,49.981,1
1785988278,856311279,116.315,0.777,117.071,61.375,1
1785988278,889760254,139.17,3.432,142.613,58.957,1
1785988278,956660645,135.92,0.858,136.761,61.077,1
1785988279,23564209,119.964,0.78,120.724,50.875,1
1785988279,90470703,110.147,0.574,110.714,56.884,1
1785988279,123925293,125.269,0.611,125.854,48.609,1
1785988279,190836426,92.805,0.8,93.584,34.638,1
1785988279,224293213,109.446,0.839,110.263,50.136,1
1785988279,257750732,125.949,0.726,126.657,49.853,1
1785988279,324667969,102.842,0.622,103.446,43.707,1
1785988279,358127686,110.524,0.627,111.132,41.146,1
1785988279,391588379,123.36,0.565,123.904,46.235,1
1785988279,458511719,101.828,0.771,102.571,45.582,1
1785988279,491974609,117.424,0.564,117.962,48.863,1
1785988279,558902588,90.705,0.595,91.292,40.241,1
1785988279,592367676,103.71,0.585,104.274,46.462,1
1785988279,625831543,111.083,1.074,112.149,41.322,1
1785988279,659210449,122.351,0.654,122.986,44.233,1
1785988279,726020508,121.395,0.639,122.016,65.838,1
1785988279,792831787,109.357,0.972,110.159,54.951,1
1785988279,826237549,129.914,7.345,137.267,60.483,1
1785988279,859643799,148.254,0.637,148.873,45.045,1
1785988279,926456543,124.591,0.852,125.413,43.347,1
1785988279,993270264,101.894,0.778,102.657,44.054,1
1785988280,26677734,124.003,0.587,124.569,55.333,1
1785988280,93492676,98.145,0.596,98.721,40.966,1
1785988280,126900635,109.561,0.646,110.186,44.875,1
1785988280,160308838,117.721,0.577,118.277,41.498,1
1785988280,227125732,94.526,0.659,95.164,43.702,1
1785988280,260534668,114.213,0.599,114.794,53.039,1
1785988280,293943604,131.556,0.622,132.163,50.774,1
1785988280,360762207,105.842,0.84,106.662,41.307,1
1785988280,394172119,118.108,0.582,118.669,45.433,1
1785988280,460992188,91.024,0.713,91.713,39.86,1
1785988280,494402588,108.818,0.604,109.356,51.058,1
1785988280,527812988,118.441,0.552,118.971,43.026,1
1785988280,594635010,102.006,0.674,102.667,50.506,1
1785988280,628046143,120.461,0.545,120.986,51.741,1
1785988280,694783691,110.954,0.618,111.559,57.303,1
1785988280,728110107,118.367,0.574,118.919,40.694,1
1785988280,794761963,90.687,0.614,91.281,39.013,1
1785988280,828087402,110.335,0.584,110.9,52.943,1
1785988280,861412598,132.893,0.611,133.476,55.904,1
1785988280,928062256,123.856,0.572,124.408,57.581,1
1785988280,994710449,105.121,0.728,105.832,48.064,1
1785988281,28034180,116.742,0.675,117.397,44.889,1
1785988281,94680664,91.354,0.801,92.14,41.385,1
1785988281,128003662,106.187,0.781,106.952,48.14,1
1785988281,161326172,124.339,0.582,124.901,51.279,1
1785988281,227970459,96.271,1.348,97.603,39.323,1
1785988281,261291992,109.067,0.84,109.883,45.617,1
1785988281,294613281,116.342,0.755,117.076,40.52,1
1785988281,361255127,91.226,0.651,91.853,41.42,1
1785988281,394575684,97.76,0.921,98.67,40.128,1
1785988281,427895752,106.676,1.049,107.709,42.351,1
1785988281,461215820,120.713,0.709,122.465,47.033,1
1785988281,527854492,107.158,1.327,108.49,53.695,1
1785988281,561173584,117.653,0.756,118.383,43.239,1
1785988281,627810547,92.18,0.674,92.838,41.09,1
1785988281,661130127,110.175,0.564,110.719,51.206,1
1785988281,694448975,122.903,0.764,123.647,46.246,1
1785988281,761085449,103.249,1.037,104.282,47.251,1
1785988281,794403076,118.617,0.579,120.741,48.234,1
1785988281,861037598,121.863,0.644,122.488,69.943,1
1785988281,927670410,114.019,0.714,114.712,58.859,1
1785988281,960986572,122.003,0.694,122.673,41.275,1
1785988282,27617432,108.501,0.689,109.183,53.128,1
1785988282,60932373,123.679,0.562,124.221,48.368,1
1785988282,127561279,100.114,0.676,100.773,43.175,1
1785988282,160875244,112.631,0.559,113.168,45.715,1
1785988282,194188965,125.183,0.594,125.751,45.896,1
1785988282,260815186,94.324,0.601,94.9,35.774,1
1785988282,294127686,106.2,0.738,106.922,45.323,1
1785988282,327439941,120.922,0.568,121.469,47.871,1
1785988282,394063477,93.962,1.011,94.786,39.938,1
1785988282,427374512,105.192,0.813,105.989,44.512,1
1785988282,460685547,119.99,2.999,122.996,50.296,1
1785988282,527306152,100.092,1.023,101.093,44.741,1
1785988282,560615967,116.18,0.844,117.002,49.217,1
1785988282,593925537,124.635,0.592,125.204,41.517,1
1785988282,660545166,96.757,1.125,97.915,39.269,1
1785988282,693882080,117.55,0.626,118.156,53.639,1
1785988282,760555664,97.862,0.942,98.789,47.295,1
1785988282,793891846,113.797,0.843,114.617,49.168,1
1785988282,827228027,131.219,1.131,132.341,51.052,1
1785988282,893899658,126.392,0.942,127.328,61.655,1
1785988282,960570313,110.078,1.027,111.1,50.444,1
1785988282,993905273,138.674,0.607,139.262,61.514,1
1785988283,60574463,107.86,0.567,108.408,35.816,1
1785988283,127242920,91.884,0.624,92.488,50.749,1
1785988283,160576660,111.871,0.996,112.846,53.689,1
1785988283,193910156,123.856,0.7,124.536,45.025,1
1785988283,260576660,103.161,0.666,103.806,45.938,1
1785988283,293909668,104.685,0.674,105.34,34.865,1
1785988283,327242188,113.74,0.594,114.316,42.309,1
1785988283,360574707,130.363,1.275,131.636,50.625,1
1785988283,427239014,120.25,0.557,120.787,55.845,1
1785988283,493902100,93.596,0.553,94.127,40.004,1
1785988283,527233398,107.2,0.563,107.741,46.945,1
1785988283,560564453,119.945,0.637,120.561,46.147,1
1785988283,627225830,92.919,0.58,93.475,39.579,1
1785988283,660557129,101.182,0.598,101.76,41.614,1
1785988283,693873779,112.015,0.631,112.628,44.183,1
1785988283,727190186,122.949,0.636,123.563,44.255,1
1785988283,793821777,96.108,0.678,96.764,39.829,1
1785988283,827136963,124.246,0.604,124.824,61.377,1
1785988283,893766357,115.909,0.741,116.631,58.43,1
1785988283,927080322,124.453,0.537,124.97,41.661,1
1785988284,27020508,99.363,0.587,99.926,74.896,1
1785988284,60333252,123.021,0.554,123.555,56.942,1
1785988284,126957520,94.978,0.624,95.577,38.645,1
1785988284,160269043,111.376,0.637,111.985,49.718,1
1785988284,193580078,125.187,0.63,125.798,47.123,1
1785988284,260201416,109.551,0.654,110.186,51.006,1
1785988284,293511475,121.464,0.567,122.006,45.137,1
1785988284,360130615,112.011,0.645,112.631,57.24,1
1785988284,393439697,119.341,0.845,120.163,40.835,1
1785988284,426748291,131.336,0.8,132.048,45.2,1
1785988284,493364502,108.547,0.699,109.228,43.791,1
1785988284,526671875,112.484,0.608,113.07,37.157,1
1785988284,559979004,128.189,0.636,128.804,49.04,1
1785988284,626592285,103.092,0.71,103.793,41.589,1
1785988284,659899902,120.522,0.557,121.055,50.585,1
1785988284,726537842,94.064,0.96,95.003,40.576,1
1785988284,759856445,108.244,0.605,108.827,47.15,1
1785988284,793174561,114.911,0.604,115.494,39.987,1
1785988284,893127197,94.051,0.687,94.724,79.174,1
1785988284,926444092,135.405,1.112,136.513,75.089,1
1785988284,993076904,124.793,0.68,125.453,55.598,1
1785988285,59708252,104.834,1.057,105.861,47.026,1
1785988285,93023438,122.593,1.417,123.997,51.452,1
1785988285,159652832,108.316,1.289,109.595,52.222,1
1785988285,192967041,107.525,0.931,108.447,32.169,1
1785988285,226281006,124.573,0.573,125.126,50.009,1
1785988285,292907715,95.49,0.854,96.268,37.764,1
1785988285,326220703,118.303,0.706,118.994,56.032,1
1785988285,359533203,126.849,0.619,127.447,41.777,1
1785988285,426157471,105.796,0.71,106.485,45.659,1
1785988285,459468994,123.087,0.545,123.613,50.443,1
1785988285,526091064,96.556,0.808,97.342,40.349,1
1785988285,559401611,107.614,0.658,108.248,44.216,1
1785988285,592711914,125.544,0.653,126.173,51.238,1
1785988285,659332520,99.242,0.665,99.882,40.327,1
1785988285,692651123,107.434,0.599,107.99,41.429,1
1785988285,725969482,116.008,0.827,116.822,42.139,1
1785988285,792605225,94.894,0.558,95.431,45.257,1
1785988285,825922363,122.801,0.581,123.362,61.246,1
1785988285,892555908,108.703,0.613,109.299,52.568,1
1785988285,959188232,104.678,0.631,105.291,62.624,1
1785988285,992503906,122.876,0.553,123.408,51.437,1
1785988286,59134033,102.929,0.88,103.578,46.799,1
1785988286,92448486,123.101,0.896,123.983,53.708,1
1785988286,159076660,98.159,2.387,100.571,43.182,1
1785988286,192390137,117.562,0.622,118.165,50.952,1
1785988286,225703369,125.164,0.59,125.731,40.882,1
1785988286,292328857,108.973,0.655,109.609,50.502,1
1785988286,325640869,121.063,0.593,121.632,45.335,1
1785988286,358952881,125.293,0.558,125.828,37.508,1
1785988286,425575439,112.79,0.741,113.504,54.294,1
1785988286,458886230,122.775,0.581,123.334,43.145,1
1785988286,525506836,102.739,0.682,103.392,46.675,1
1785988286,558816650,121.879,0.634,122.494,52.411,1
1785988286,592126221,130.262,0.647,130.888,41.706,1
1785988286,658745117,106.974,1.886,108.873,44.563,1
1785988286,692063477,115.205,0.987,116.17,40.649,1
1785988286,725381592,129.278,0.592,129.844,47.003,1
1785988286,792016602,100.854,0.897,101.736,38.516,1
1785988286,825333496,124.551,1.132,125.677,57.237,1
1785988286,891966309,121.774,0.665,122.417,63.404,1
1785988286,925282227,143.961,0.566,144.503,55.403,1
1785988286,991913086,121.293,3.128,124.414,46.517,1
1785988287,25227783,134.895,0.637,135.508,44.433,1
1785988287,91856445,123.407,0.672,124.059,55.175,1
1785988287,158483643,99.791,0.897,100.662,43.231,1
1785988287,191796875,122.112,4.077,126.091,58.743,1
1785988287,225109375,145.279,0.67,145.933,53.146,1
1785988287,291733887,125.179,0.571,125.73,46.433,1
1785988287,358356689,107.689,0.702,108.364,49.255,1
1785988287,391667725,123.983,0.57,124.534,49.482,1
1785988287,458288574,105.842,0.749,106.574,48.656,1
1785988287,491598389,127.098,0.615,127.692,54.432,1
1785988287,558217041,99.464,0.636,100.079,39.005,1
1785988287,591525879,108.932,0.825,109.744,42.957,1
1785988287,624834473,126.485,0.549,127.013,50.597,1
1785988287,691460693,96.909,0.643,97.526,37.136,1
1785988287,724777832,104.826,0.652,105.461,41.247,1
1785988287,824726563,97.856,0.591,98.428,92.921,1
1785988287,891357422,106.275,0.649,106.902,75.104,1
1785988287,924672119,131.199,0.615,131.792,58.206,1
1785988287,991300781,132.287,0.689,132.953,67.788,1
1785988288,24614502,147.728,0.562,148.267,48.63,1
1785988288,91240967,129.098,0.557,129.631,47.991,1
1785988288,157865967,102.677,0.576,103.233,40.226,1
1785988288,191177734,112.803,0.925,113.714,43.783,1
1785988288,224489258,130.647,0.597,131.222,50.83,1
1785988288,291111328,102.353,0.891,103.224,38.618,1
1785988288,324421875,128.217,0.565,128.762,58.854,1
1785988288,357732178,133.429,0.621,134.028,38.574,1
1785988288,424351318,125.947,0.634,126.56,59.154,1
1785988288,490968994,102.535,0.739,103.216,43.266,1
1785988288,524277344,127.251,0.689,127.92,58.018,1
1785988288,557585205,134.578,0.94,135.401,40.786,1
1785988288,624200195,108.651,0.81,109.374,40.589,1
1785988288,657507813,125.112,0.559,125.65,49.587,1
1785988288,690825684,131.012,0.578,131.569,39.237,1
1785988288,757459961,117.371,0.788,118.136,53.189,1
1785988288,790776611,152.688,0.57,153.236,68.429,1
1785988288,857408936,105.678,0.783,106.44,19.825,1
1785988288,890724609,144.982,0.662,145.624,72.508,1
1785988288,957354736,142.375,0.844,143.205,64.203,1
1785988289,23983398,129.311,0.561,129.851,53.285,1
1785988289,90610840,101.614,0.595,102.186,38.963,1
1785988289,123923828,127.593,0.556,128.129,59.255,1
1785988289,190549072,99.093,0.686,99.752,38.245,1
1785988289,223861084,109.763,0.872,110.597,44.152,1
1785988289,257172852,128.685,0.628,129.291,52.012,1
1785988289,323795166,109.266,0.637,109.887,47.215,1
1785988289,357105713,124.255,0.654,124.882,48.31,1
1785988289,390416016,127.47,0.572,128.023,36.454,1
1785988289,457035400,105.675,0.77,106.499,45.017,1
1785988289,490344727,127.521,0.714,128.216,55.098,1
1785988289,556961914,105.462,0.988,106.445,44.827,1
1785988289,590270020,131.726,0.581,132.286,59.175,1
1785988289,656885986,100.218,0.723,100.922,35.247,1
1785988289,690248535,118.312,0.619,118.905,51.349,1
1785988289,723611328,127.113,0.57,127.662,42.121,1
1785988289,790337402,107.703,1.042,108.664,47.712,1
1785988289,823700684,114.527,0.696,115.203,39.914,1
1785988289,857064453,142.589,1.797,144.4,62.528,1
1785988289,923792480,133.114,0.656,133.751,56.116,1
1785988289,990521484,116.861,0.625,117.466,50.443,1
1785988290,23886230,139.96,2.265,142.244,58.102,1
1785988290,90616699,127.963,0.701,128.648,53.169,1
1785988290,157347900,118.164,0.739,118.863,56.953,1
1785988290,190713867,120.821,3.098,121.698,36.198,1
1785988290,224080322,129.374,0.566,129.919,41.592,1
1785988290,290813477,101.503,0.621,102.101,38.911,1
1785988290,324180420,123.405,0.864,124.113,55.374,1
1785988290,357547607,131.187,0.675,131.829,41.092,1
1785988290,424282715,106.367,1.183,107.539,42.419,1
1785988290,457650635,128.825,0.65,129.455,55.31,1
1785988290,524387207,109.647,0.896,110.484,47.755,1
1785988290,557755859,133.623,0.571,134.173,57.068,1
1785988290,624493896,112.077,0.592,112.649,45.213,1
1785988290,657862305,121.529,0.562,122.07,42.79,1
1785988290,691187256,128.52,0.582,129.082,40.336,1
1785988290,757835938,100.713,0.628,101.327,38.889,1
1785988290,791159668,114.057,0.648,114.655,46.656,1
1785988290,824483398,135.398,0.785,136.162,54.828,1
1785988290,891129639,115.542,0.652,116.171,46.655,1
1785988290,924452393,134.957,0.623,135.561,52.713,1
1785988290,991096924,121.798,0.833,122.627,53.692,1
1785988291,24418701,132.234,0.627,132.841,43.557,1
1785988291,91061523,120.871,0.713,121.569,55.365,1
1785988291,124382568,129.847,0.557,130.381,42.14,1
1785988291,191023438,118.818,0.616,119.415,55.673,1
1785988291,224343506,133.73,0.601,134.308,48.213,1
1785988291,290982666,118.129,0.872,118.979,51.298,1
1785988291,324302002,130.192,0.578,130.747,45.1,1
1785988291,390939453,118.214,0.587,118.78,54.67,1
1785988291,424257813,127.101,0.547,127.627,42.166,1
1785988291,457575684,139.668,1.036,140.697,46.366,1
1785988291,524210938,128.271,0.736,128.98,54.936,1
1785988291,590844727,102.83,0.631,103.443,41.097,1
1785988291,624161377,125.703,0.816,126.5,56.368,1
1785988291,657528564,137.706,0.821,138.503,45.374,1
1785988291,724263916,123.301,0.544,123.823,52.061,1
1785988291,757632080,133.581,0.655,134.213,43.758,1
1785988291,824368896,113.954,0.651,114.57,47.093,1
1785988291,857737793,131.426,0.6,132.006,50.804,1
1785988291,924476318,126.439,0.681,127.1,61.829,1
1785988291,957845947,133.747,0.556,134.279,40.555,1
1785988292,24585938,121.881,0.673,122.531,54.99,1
1785988292,57956299,132.274,0.632,132.885,43.725,1
1785988292,124697998,108.768,0.612,109.358,43.214,1
1785988292,158069092,119.269,0.55,119.796,43.811,1
1785988292,191440674,146.554,0.697,147.223,60.796,1
1785988292,258184326,130.153,0.662,130.785,50.305,1
1785988292,324929199,109.841,0.605,110.426,46.385,1
1785988292,358301758,130.039,0.563,130.577,53.527,1
1785988292,425048096,103.995,1.164,104.883,41.047,1
1785988292,458421631,123.201,2.264,125.466,53.94,1
1785988292,491795654,127.085,0.672,127.74,35.668,1
1785988292,558543945,111.417,0.607,111.998,51.008,1
1785988292,591918457,126.039,0.87,126.679,48.055,1
1785988292,625292480,145.949,0.885,146.785,53.47,1
1785988292,692045654,104.908,0.788,105.675,25.645,1
1785988292,725458008,128.985,0.56,129.521,57.268,1
1785988292,792283936,99.961,0.67,100.581,37.885,1
1785988292,825697510,119.747,1.078,120.494,53.324,1
1785988292,859111084,126.591,0.583,127.151,40.073,1
1785988292,925939453,111.171,0.739,111.855,51.53,1
1785988292,959354004,136.946,0.706,137.633,59.194,1
1785988293,26184082,125.385,0.552,125.917,55.116,1
1785988293,93015381,114.059,0.817,114.848,55.754,1
1785988293,126431396,117.342,0.658,117.981,36.552,1
1785988293,159847900,126.741,0.587,127.306,42.746,1
1785988293,226681396,117.108,0.566,117.647,57.176,1
1785988293,260098633,139.318,0.63,139.925,55.694,1
1785988293,326934082,130.86,0.551,131.392,58.304,1
1785988293,393770752,104.716,0.887,105.584,40.954,1
1785988293,427189453,114.914,0.74,115.636,43.539,1
1785988293,460608643,126.361,0.578,126.919,44.708,1
1785988293,527447510,104.642,0.65,105.267,45.186,1
1785988293,560867432,130.474,0.571,131.022,59.176,1
1785988293,627708252,105.227,0.64,105.84,41.658,1
1785988293,661127197,111.935,0.687,112.601,40.178,1
1785988293,694496338,127.255,0.555,127.789,48.56,1
1785988293,761235107,106.67,0.705,107.357,46.3,1
1785988293,794604736,119.619,2.088,121.797,47.704,1
1785988293,861345215,108.968,0.678,109.608,54.661,1
1785988293,894716064,118.47,0.598,119.047,42.813,1
1785988293,928086914,143.979,0.683,144.64,58.961,1
1785988293,994829834,130.214,0.58,130.773,52.878,1
1785988294,61573730,105.865,0.731,106.523,42.493,1
1785988294,94946045,116.436,0.637,117.056,43.901,1
1785988294,128318604,127.244,0.534,127.758,44.081,1
1785988294,195064941,110.608,0.716,111.312,50.288,1
1785988294,228438477,132.957,0.712,133.646,55.718,1
1785988294,295186279,109.257,0.585,109.816,42.92,1
1785988294,328560791,127.843,0.646,128.392,51.95,1
1785988294,395310303,101.313,0.854,102.151,40.5,1
1785988294,428685547,120.025,3.054,120.898,52.124,1
1785988294,462061279,128.886,0.575,129.436,41.921,1
1785988294,528813232,100.659,0.608,101.277,38.558,1
1785988294,562189453,127.685,0.759,128.335,60.468,1
1785988294,628943115,104.14,0.963,105.0,43.41,1
1785988294,662319824,126.424,0.579,126.982,55.369,1
1785988294,729066895,98.641,0.723,99.354,39.107,1
1785988294,762441162,108.568,3.524,112.097,46.057,1
1785988294,795815430,142.688,0.707,143.368,64.716,1
1785988294,862565186,111.22,0.792,111.997,35.374,1
1785988294,895940674,133.024,0.813,133.813,55.195,1
1785988294,962692139,109.249,1.216,110.465,43.379,1
1785988294,996068604,125.718,0.578,126.275,49.214,1
1785988295,62822021,115.131,3.186,118.28,58.754,1
1785988295,96199463,115.437,1.014,116.413,31.51,1
1785988295,129576904,125.329,0.587,125.892,42.862,1
1785988295,196333008,97.189,0.584,97.75,38.615,1
1785988295,229711670,126.96,0.573,127.512,63.14,1
1785988295,296469727,103.447,0.795,104.226,43.46,1
1785988295,329849121,131.295,0.685,131.959,61.12,1
1785988295,396609131,111.256,0.577,111.812,46.617,1
1785988295,429989502,123.645,0.553,124.175,45.745,1
1785988295,463370361,130.313,0.581,130.87,40.075,1
1785988295,530132813,102.611,0.656,103.242,39.133,1
1785988295,563514404,128.343,0.74,129.064,59.2,1
1785988295,630278809,100.827,0.595,101.397,39.1,1
1785988295,663660889,114.185,0.576,114.736,46.723,1
1785988295,697044678,128.032,0.587,128.597,47.244,1
1785988295,763813721,119.663,0.571,120.211,58.384,1
1785988295,797198975,138.397,0.865,139.243,52.402,1
1785988295,863970459,122.568,0.577,123.125,50.665,1
1785988295,930743652,105.809,0.841,106.638,50.274,1
1785988295,964130859,129.546,0.546,130.072,56.836,1
1785988296,30906494,123.362,0.823,124.165,60.862,1
1785988296,97683838,100.23,1.076,101.293,43.892,1
1785988296,131073242,115.939,0.608,116.528,48.639,1
1785988296,164462891,128.047,0.848,128.875,45.735,1
1785988296,231243652,110.421,3.027,113.466,51.34,1
1785988296,264634766,127.108,0.823,127.917,47.872,1
1785988296,331417969,118.931,1.004,119.939,58.781,1
1785988296,364810059,132.188,0.657,132.821,46.305,1
1785988296,431595947,105.597,0.591,106.148,40.113,1
1785988296,464989258,119.359,0.582,119.918,47.164,1
1785988296,498383301,128.246,0.558,128.776,42.253,1
1785988296,565172363,117.554,0.567,118.099,56.112,1
1785988296,598567383,129.5,0.763,130.242,45.53,1
1785988296,665358154,115.431,0.638,116.053,52.604,1
1785988296,698709473,126.871,0.563,127.412,44.716,1
1785988296,765412109,99.438,3.883,103.338,42.588,1
1785988296,798763184,127.811,0.818,128.607,58.656,1
1785988296,832114502,128.659,0.697,129.333,34.078,1
1785988296,898816650,125.895,0.705,126.582,63.954,1
1785988296,965518799,122.044,0.787,122.815,62.932,1
1785988297,32220703,102.09,0.91,102.975,46.856,1
1785988297,65571533,124.626,0.564,125.168,55.555,1
1785988297,132273193,95.517,0.72,96.217,37.742,1
1785988297,165624023,110.245,0.767,110.992,48.132,1
1785988297,198974609,125.469,0.568,126.015,48.375,1
1785988297,265676025,99.417,0.649,100.014,40.698,1
1785988297,299026611,114.801,0.755,115.528,48.863,1
1785988297,332377441,131.024,1.044,132.047,49.87,1
1785988297,399078369,111.164,0.568,111.712,46.369,1
1785988297,432428955,131.036,0.945,131.958,53.589,1
1785988297,499129639,107.424,0.867,108.283,43.01,1
1785988297,532479980,131.002,0.989,131.976,57.052,1
1785988297,599180664,121.75,0.723,122.452,57.189,1
1785988297,632531006,128.307,0.605,128.887,39.788,1
1785988297,699231201,107.25,1.341,108.566,46.369,1
1785988297,732580811,108.825,0.805,109.603,34.391,1
1785988297,765930176,129.878,0.69,130.547,54.298,1
1785988297,832629150,112.462,1.208,113.655,49.791,1
1785988297,865978516,137.942,0.825,138.75,58.455,1
1785988297,932676758,133.632,0.628,134.226,62.177,1
1785988297,999374756,122.15,0.624,122.755,55.228,1
1785988298,66072510,108.67,0.757,109.406,53.345,1
1785988298,99421387,123.453,0.56,123.991,47.938,1
1785988298,166118652,113.436,0.675,114.094,56.795,1
1785988298,199467285,131.569,0.586,132.131,51.391,1
1785988298,266164063,106.177,1.2,107.36,41.907,1
1785988298,299512451,123.739,1.351,125.103,51.078,1
1785988298,366208740,107.321,0.863,108.166,49.782,1
1785988298,399556885,121.365,1.115,122.633,47.648,1
1785988298,432904785,130.126,0.678,130.783,41.673,1
1785988298,499600586,117.448,0.72,118.142,54.053,1
1785988298,532948242,129.892,0.673,130.546,45.755,1
1785988298,599643555,107.81,0.701,108.488,44.632,1
1785988298,632990967,112.647,0.77,113.402,38.258,1
1785988298,666338867,128.261,0.775,129.017,48.97,1
1785988298,733054932,99.775,0.655,100.408,38.108,1
1785988298,766413086,111.292,0.739,112.014,44.955,1
1785988298,799771240,117.33,0.68,117.961,39.313,1
1785988298,833129395,136.098,0.938,137.022,52.407,1
1785988298,899846191,134.474,1.292,135.703,65.393,1
1785988298,966562988,138.102,0.781,138.87,69.897,1
1785988299,33279785,128.309,0.725,129.013,56.868,1
1785988299,99997070,123.649,0.579,124.21,61.913,1
1785988299,166714355,100.175,1.044,101.201,43.702,1
1785988299,200073242,128.114,0.703,128.797,60.961,1
1785988299,233431885,135.446,0.772,136.199,40.756,1
1785988299,300149658,111.338,0.934,112.271,42.776,1
1785988299,333508545,127.322,0.566,127.865,48.973,1
1785988299,400226807,110.44,0.913,111.338,50.177,1
1785988299,433585693,126.683,0.558,127.221,49.255,1
1785988299,500303955,111.912,0.742,112.633,52.121,1
1785988299,533663330,129.846,0.563,130.388,51.124,1
1785988299,600381836,100.961,0.611,101.548,37.878,1
1785988299,633741211,128.874,0.696,129.55,61.361,1
1785988299,700450439,99.424,0.621,100.024,37.184,1
1785988299,733800049,108.144,0.704,108.932,42.148,1
1785988299,767149658,126.861,0.688,127.527,52.054,1
1785988299,833848633,97.572,1.579,99.171,38.304,1
1785988299,900547607,122.099,0.939,123.021,90.581,1
1785988299,933896729,133.146,0.641,133.768,44.101,1
1785988300,594971,114.758,0.911,115.645,48.569,1
1785988300,33944092,129.473,0.547,129.999,47.712,1
1785988300,100642090,108.509,0.809,109.298,45.988,1
1785988300,133990723,127.417,0.84,128.236,52.294,1
1785988300,200688232,105.984,0.992,106.953,45.408,1
1785988300,234036865,126.119,0.671,126.77,53.172,1
1785988300,300733887,99.626,0.81,100.416,40.341,1
1785988300,334082275,115.044,0.654,115.675,48.608,1
1785988300,367430664,130.308,0.59,130.879,48.554,1
1785988300,434127197,126.675,0.728,127.382,63.199,1
1785988300,500823242,97.81,0.65,98.444,37.755,1
1785988300,534171143,109.644,0.725,110.357,45.25,1
1785988300,567519043,128.077,0.786,128.841,51.845,1
1785988300,634214600,113.011,0.755,113.719,51.568,1
1785988300,700912598,96.985,0.587,97.552,50.538,1
1785988300,734262207,106.685,0.585,107.25,43.047,1
1785988300,767612061,129.117,0.565,129.664,55.763,1
1785988300,834311279,116.418,3.11,119.507,56.532,1
1785988300,867660645,137.482,0.809,138.187,52.036,1
1785988300,934359375,113.812,0.667,114.458,42.972,1
1785988300,967708740,152.266,0.912,153.159,72.048,1
1785988301,34406982,127.634,0.592,128.206,41.75,1
1785988301,101105225,97.696,0.714,98.39,36.883,1
1785988301,134454102,115.375,0.761,116.111,51.062,1
1785988301,167802979,128.853,0.591,129.423,46.667,1
1785988301,234500244,104.874,0.638,105.485,42.758,1
1785988301,267848877,115.62,0.624,116.223,44.087,1
1785988301,301197510,130.177,0.544,130.701,47.829,1
1785988301,367894531,105.619,0.649,106.247,42.237,1
1785988301,401242676,116.949,0.531,117.447,44.555,1
1785988301,434591064,141.503,0.787,142.268,58.159,1
1785988301,501287354,117.033,0.552,117.566,42.004,1
1785988301,534635498,130.757,0.559,131.296,47.077,1
1785988301,601331299,121.296,0.59,121.865,57.265,1
1785988301,634679199,127.642,0.572,128.197,39.677,1
1785988301,701376709,103.204,0.879,104.028,42.519,1
1785988301,734726318,116.003,0.721,116.701,46.03,1
1785988301,768075684,130.689,0.794,131.36,48.012,1
1785988301,834774414,105.204,0.861,106.05,41.381,1
1785988301,868123535,146.683,1.233,147.918,75.192,1
1785988301,934821777,120.711,3.486,124.197,42.987,1
1785988301,968170654,141.383,0.79,142.153,51.324,1
1785988302,34868408,131.736,0.689,132.41,56.953,1
1785988302,101565918,102.591,0.809,103.382,37.668,1
1785988302,134914551,130.391,0.549,130.919,60.894,1
1785988302,201611572,107.106,0.648,107.731,43.507,1
1785988302,234959961,122.627,0.908,123.511,49.127,1
1785988302,268308105,125.451,0.716,126.148,35.985,1
1785988302,335004639,102.21,1.049,103.254,43.781,1
1785988302,368352783,122.047,0.553,122.579,52.697,1
1785988302,401700684,133.143,0.715,133.831,44.594,1
1785988302,468396484,129.012,0.622,129.614,62.484,1
1785988302,535092041,101.98,0.855,102.795,39.869,1
1785988302,568439697,130.08,0.85,130.911,61.467,1
1785988302,601787354,127.415,0.633,128.022,30.463,1
1785988302,668482422,122.923,0.654,123.561,62.23,1
1785988302,735340820,102.615,0.692,103.406,46.59,1
1785988302,768770752,118.697,1.605,120.323,50.424,1
1785988302,802200928,153.618,0.612,154.2,67.349,1
1785988302,835631592,151.934,0.886,152.807,32.029,1
1785988302,902494385,146.173,0.889,147.038,61.097,1
1785988302,969358887,115.776,0.889,116.648,36.465,1
1785988303,2791992,130.385,0.615,130.98,47.779,1
1785988303,69659180,126.472,0.694,127.142,63.029,1
1785988303,136528076,97.087,0.62,97.686,37.413,1
1785988303,169963135,115.506,0.626,116.107,51.853,1
1785988303,203398926,128.571,0.587,129.136,46.468,1
1785988303,270271240,96.812,0.575,97.345,35.082,1
1785988303,303708252,115.381,0.635,115.964,52.055,1
1785988303,337145508,128.07,0.746,128.803,46.263,1
1785988303,404021729,101.647,0.666,102.293,40.375,1
1785988303,470899414,95.162,0.797,95.944,60.519,1
1785988303,504338867,121.687,0.67,122.34,59.845,1
1785988303,537779053,127.211,0.621,127.811,38.915,1
1785988303,604660400,120.533,0.581,121.091,60.162,1
1785988303,638101563,124.296,1.003,125.275,37.621,1
1785988303,704962402,97.28,0.704,97.961,39.549,1
1785988303,738383545,108.913,3.02,111.923,47.362,1
1785988303,771805176,118.291,0.775,119.051,40.564,1
1785988303,805227051,141.789,0.637,142.409,56.786,1
1785988303,872072266,141.212,0.631,141.818,66.255,1
1785988303,938918701,116.151,0.658,116.792,41.819,1
1785988303,972342529,149.326,0.634,149.935,66.567,1
1785988304,39191162,126.373,0.55,126.901,43.82,1
1785988304,106041504,102.652,0.597,103.226,43.173,1
1785988304,139467041,113.763,0.608,114.35,44.547,1
1785988304,172893066,123.495,0.567,124.039,43.119,1
1785988304,239746338,94.938,0.555,95.471,38.285,1
1785988304,273173340,114.929,0.588,115.495,53.45,1
1785988304,306600830,124.894,0.556,125.428,43.361,1
1785988304,373457031,100.397,0.701,101.075,42.498,1
1785988304,406885498,133.014,0.708,133.702,66.055,1
1785988304,440314453,146.486,0.668,147.13,46.859,1
1785988304,507173584,137.525,0.694,138.2,57.927,1
1785988304,574033936,119.235,0.614,119.827,48.492,1
1785988304,607464844,147.048,0.746,147.793,61.375,1
1785988304,674325928,123.397,0.586,123.954,43.045,1
1785988304,740996094,107.586,0.944,108.5,51.202,1
1785988304,774330811,110.805,0.751,111.539,36.383,1
1785988304,807665283,132.716,1.071,133.723,55.499,1
1785988304,874333496,133.73,0.716,134.428,67.387,1
1785988304,941001221,126.897,0.717,127.596,59.842,1
1785988305,7667969,101.424,0.846,102.252,41.321,1
1785988305,41000977,136.182,1.108,137.283,68.347,1
1785988305,107666504,113.198,0.966,114.151,43.538,1
1785988305,140999023,119.697,0.659,120.341,39.533,1
1785988305,174331299,124.849,0.677,125.507,38.504,1
1785988305,240995117,99.764,0.869,100.611,41.76,1
1785988305,274326904,118.85,0.604,119.43,52.16,1
1785988305,307658203,130.58,0.904,131.466,45.362,1
1785988305,374320557,107.143,0.89,108.034,43.209,1
1785988305,407651367,125.071,0.636,125.687,51.009,1
1785988305,474312500,107.154,1.084,108.239,49.185,1
1785988305,507642822,122.386,0.796,123.166,48.277,1
1785988305,574302490,98.039,0.57,98.586,42.089,1
1785988305,607632324,122.613,0.541,123.134,57.879,1
1785988305,674291748,99.613,0.621,100.212,43.735,1
1785988305,707627197,110.282,0.7,110.962,44.083,1
1785988305,740962402,121.175,0.572,121.726,44.104,1
1785988305,807632324,95.302,0.847,96.141,41.07,1
1785988305,840967041,113.583,0.834,114.397,51.594,1
1785988305,874301514,115.599,0.953,116.545,35.477,1
1785988305,907635742,131.667,0.768,132.362,49.165,1
1785988305,974303467,131.361,0.889,132.073,66.378,1
1785988306,7637207,139.51,0.782,140.27,41.533,1
1785988306,74303955,112.435,0.721,113.136,39.528,1
1785988306,107636963,119.662,0.812,120.458,40.655,1
1785988306,174302490,94.602,0.963,95.552,41.752,1
1785988306,207635010,108.264,0.732,108.986,46.766,1
1785988306,240967041,121.7,0.719,122.393,46.749,1
1785988306,307631104,99.307,3.684,103.001,47.24,1
1785988306,340962646,106.069,0.849,106.904,37.259,1
1785988306,374294189,122.568,0.599,123.145,49.583,1
1785988306,440956543,100.467,1.151,101.554,45.058,1
1785988306,474287354,124.136,0.635,124.749,56.54,1
1785988306,540948486,97.785,0.662,98.426,40.335,1
1785988306,574278564,124.812,0.584,125.371,60.278,1
1785988306,640938477,99.768,0.837,100.529,41.81,1
1785988306,674269043,118.4,0.676,119.056,51.862,1
1785988306,707604492,129.258,0.804,130.05,44.324,1
1785988306,774274902,107.744,1.656,109.38,46.004,1
1785988306,807609863,125.569,0.571,126.115,50.075,1
1785988306,874279053,112.346,3.711,116.075,56.591,1
1785988306,907613281,149.514,0.589,150.082,67.379,1
1785988306,974281250,125.128,0.575,125.68,42.266,1
1785988307,40948486,96.713,0.601,97.29,38.276,1
1785988307,107614746,96.511,0.659,97.154,66.527,1
1785988307,140947754,104.673,0.703,105.354,41.531,1
1785988307,174280273,124.06,0.556,124.591,52.576,1
1785988307,240945068,110.089,0.591,110.658,52.731,1
1785988307,274277344,126.129,0.563,126.668,49.344,1
1785988307,340940674,101.594,0.569,102.137,42.131,1
1785988307,374272217,122.774,0.892,123.643,54.829,1
1785988307,407603516,132.372,0.586,132.934,42.632,1
1785988307,474265625,120.556,0.687,121.222,54.949,1
1785988307,507596191,133.973,0.95,134.924,47.008,1
1785988307,574256836,116.417,0.804,117.19,48.949,1
1785988307,607586914,124.221,0.669,124.871,41.014,1
1785988307,674247314,107.638,0.69,108.306,50.095,1
1785988307,707582764,123.909,0.561,124.445,49.477,1
1785988307,774252930,97.607,0.764,98.347,40.565,1
1785988307,807587646,113.156,0.774,113.908,48.899,1
1785988307,840922119,127.759,0.864,128.6,48.024,1
1785988307,907590820,114.175,0.882,115.032,53.096,1
1785988307,940924805,130.061,0.733,130.776,49.086,1
1785988308,7592041,114.887,0.666,115.535,51.425,1
1785988308,40925537,125.058,0.842,125.894,43.677,1
1785988308,107591797,109.027,1.072,110.098,50.86,1
1785988308,140924561,129.136,0.602,129.718,52.981,1
1785988308,207589600,108.171,0.659,108.805,45.749,1
1785988308,240921875,123.381,0.724,124.077,48.607,1
1785988308,274253906,140.913,0.79,141.683,50.935,1
1785988308,307585693,155.887,0.712,156.569,48.217,1
1785988308,374248535,144.435,0.591,145.003,55.101,1
1785988308,407579834,179.509,0.721,180.188,68.514,1
1785988308,474241699,202.372,0.882,203.232,89.702,1
1785988308,540902832,196.918,0.571,197.469,60.905,1
1785988308,674223145,127.087,0.671,127.738,63.589,1
1785988308,740979736,98.742,0.609,99.331,38.349,1
1785988308,807737793,98.276,0.72,98.972,66.397,1
1785988308,841117432,115.431,0.661,116.178,50.479,1
1785988308,874497559,142.815,0.635,143.43,60.738,1
1785988308,907877930,161.37,0.586,161.931,51.884,1
1785988309,8021240,130.339,0.815,131.144,69.338,1
1785988309,74785156,110.741,0.654,111.378,47.01,1
1785988309,108167725,135.139,0.863,135.985,57.99,1
1785988309,174934082,106.606,0.794,107.379,38.161,1
1785988309,208317627,130.452,0.884,131.323,57.323,1
1785988309,275086182,127.374,0.768,128.116,63.57,1
1785988309,341855957,103.954,1.232,105.161,43.809,1
1785988309,375241699,127.637,0.582,128.198,56.429,1
1785988309,442013672,106.079,0.666,106.726,45.295,1
1785988309,475400391,127.662,0.573,128.215,54.88,1
1785988309,542174805,106.969,0.629,107.574,46.133,1
1785988309,575562500,129.722,0.788,130.483,56.291,1
1785988309,642339111,112.393,0.613,112.987,49.284,1
1785988309,675727295,135.919,0.555,136.598,56.857,1
1785988309,742413330,123.755,0.582,124.317,54.548,1
1785988309,775756348,143.867,0.857,144.705,53.724,1
1785988309,842441650,101.008,0.6,101.584,23.569,1
1785988309,909126465,103.549,0.583,104.11,69.213,1
1785988309,975810791,111.13,0.591,111.7,74.274,1
1785988310,9152588,125.698,0.766,126.449,48.081,1
1785988310,75836182,103.658,0.609,104.247,44.489,1
1785988310,109177734,119.268,0.571,119.818,48.915,1
1785988310,142519287,131.17,0.653,131.794,45.317,1
1785988310,209201660,128.776,0.556,129.313,64.203,1
1785988310,275883545,106.852,0.633,107.46,44.827,1
1785988310,309224365,124.425,0.568,124.974,50.856,1
1785988310,375905518,114.226,0.633,114.837,56.543,1
1785988310,409245850,127.76,0.891,128.637,47.129,1
1785988310,475926270,107.629,0.589,108.197,46.251,1
1785988310,542606201,107.904,0.727,108.617,67.094,1
1785988310,575945801,128.33,0.537,128.848,53.578,1
1785988310,642625000,116.875,0.588,117.441,55.271,1
1785988310,675964844,124.745,0.654,125.382,41.277,1
1785988310,742650146,124.311,0.615,124.898,66.207,1
1785988310,809334961,102.203,0.666,102.865,44.631,1
1785988310,842677002,134.218,0.633,134.828,65.325,1
1785988310,909361084,128.894,0.635,129.506,61.361,1
1785988310,976044434,114.627,0.652,115.256,52.433,1
1785988311,9385986,135.782,0.741,136.495,54.581,1
1785988311,76068604,102.851,0.583,103.415,33.603,1
1785988311,109409668,111.666,0.689,112.336,42.257,1
1785988311,142750732,125.677,0.594,126.249,47.261,1
1785988311,209432129,117.157,0.684,117.822,58.248,1
1785988311,242772705,127.872,0.67,128.522,44.047,1
1785988311,309453369,102.459,1.032,103.471,41.621,1
1785988311,342793457,122.543,0.555,123.077,52.956,1
1785988311,409473389,100.218,0.637,100.834,44.433,1
1785988311,442812988,114.81,0.633,115.428,47.932,1
1785988311,476152588,137.864,0.598,138.441,56.356,1
1785988311,542831543,117.843,0.63,118.45,46.688,1
1785988311,576170654,123.533,0.565,124.077,38.967,1
1785988311,642848633,101.826,0.685,102.493,45.087,1
1785988311,676187988,123.674,0.645,124.296,55.147,1
1785988311,709531250,133.488,0.761,134.227,43.269,1
1785988311,776218018,125.248,0.55,125.778,58.245,1
1785988311,842904053,104.529,0.89,105.275,46.171,1
1785988311,876246826,129.843,0.569,130.392,58.473,1
1785988311,942932129,119.795,0.564,120.337,56.63,1
1785988311,976274658,127.727,0.621,128.4,41.332,1
1785988312,42959229,99.431,0.853,100.263,38.618,1
1785988312,76301270,117.93,0.6,118.506,51.588,1
1785988312,109643311,129.624,0.554,130.158,44.994,1
1785988312,176326904,117.831,0.709,118.518,55.042,1
1785988312,209668457,138.87,0.557,139.406,54.231,1
1785988312,276351074,126.689,0.592,127.26,54.536,1
1785988312,343033447,97.932,0.605,98.517,37.938,1
1785988312,376374268,122.927,0.752,123.667,58.481,1
1785988312,443055908,101.61,1.584,103.038,46.034,1
1785988312,476396484,126.819,0.581,127.363,57.695,1
1785988312,543077148,99.585,0.636,100.2,39.516,1
1785988312,576417236,128.549,0.628,129.157,62.299,1
1785988312,643097412,97.355,0.516,97.852,35.377,1
1785988312,709793457,98.373,0.646,99.003,67.843,1
1785988312,743213867,121.75,0.574,122.303,56.724,1
1785988312,776634521,137.791,0.855,138.622,49.736,1
1785988312,843477051,110.19,1.669,111.858,40.048,1
1785988312,910320801,100.936,1.148,102.19,57.077,1
1785988312,943743408,125.978,0.677,126.636,58.0,1
1785988312,977166260,132.547,0.58,133.107,39.895,1
1785988313,44012939,110.293,0.679,110.951,44.685,1
1785988313,77436768,129.675,0.627,130.282,52.76,1
1785988313,144285889,104.572,0.689,105.247,41.805,1
1785988313,177710693,129.942,0.595,130.515,58.702,1
1785988313,244562012,108.827,0.581,109.543,45.724,1
1785988313,277988037,128.879,0.642,129.502,53.538,1
1785988313,344841309,127.744,0.642,128.366,65.721,1
1785988313,411696045,104.678,3.732,108.41,46.867,1
1785988313,445123779,117.013,0.753,117.753,42.791,1
1785988313,478552246,126.753,0.663,127.404,43.084,1
1785988313,545409668,108.859,0.554,109.392,48.852,1
1785988313,578839111,118.115,0.866,118.96,42.993,1
1785988313,612268799,127.375,0.814,128.167,42.639,1
1785988313,679129395,102.645,1.057,103.697,42.373,1
1785988313,712558350,122.774,0.567,123.318,53.07,1
1785988313,745894287,140.417,0.665,141.061,51.073,1
1785988313,812565430,134.189,0.925,135.096,60.708,1
1785988313,879235840,104.41,1.092,105.487,37.052,1
1785988313,945905273,99.706,0.817,100.509,61.697,1
1785988313,979239990,128.076,0.549,128.602,61.437,1
1785988314,12574219,150.97,0.592,151.542,56.273,1
1785988314,79242188,128.257,0.782,129.021,44.144,1
1785988314,145909668,100.774,0.799,101.504,39.149,1
1785988314,179242920,127.261,0.537,127.778,59.613,1
1785988314,245909180,113.188,0.824,113.957,52.839,1
1785988314,279241943,129.569,0.661,130.212,49.591,1
1785988314,345906738,105.048,0.856,105.89,42.334,1
1785988314,379239014,126.287,0.586,126.853,54.305,1
1785988314,445902832,97.925,0.685,98.59,38.399,1
1785988314,479234619,115.671,0.679,116.34,51.072,1
1785988314,512565918,128.817,0.787,129.587,46.587,1
1785988314,579228271,103.216,0.772,103.971,41.046,1
1785988314,612559082,118.355,0.714,119.044,48.405,1
1785988314,645889893,123.721,0.885,124.334,38.622,1
1785988314,712551270,97.349,0.648,97.971,40.298,1
1785988314,745887451,112.557,1.678,114.258,49.576,1
1785988314,779223389,126.322,0.857,127.166,46.284,1
1785988314,845894775,131.587,0.842,132.409,71.919,1
1785988314,912565186,109.654,0.785,110.422,44.68,1
1785988314,945900146,114.465,0.588,115.032,37.951,1
1785988314,979234863,119.004,0.558,119.54,37.843,1
1785988315,12569580,126.359,0.602,126.942,40.735,1
1785988315,79238037,107.221,0.608,107.807,47.535,1
1785988315,112572021,114.576,0.585,115.139,40.666,1
1785988315,145905762,125.965,0.586,126.531,44.727,1
1785988315,212572754,98.386,0.656,99.02,39.153,1
1785988315,245906006,130.624,0.801,131.411,65.721,1
1785988315,312571777,118.4,0.737,119.11,54.369,1
1785988315,345904297,113.055,0.618,113.654,27.875,1
1785988315,379236816,126.676,0.559,127.215,46.896,1
1785988315,479232910,91.001,0.581,91.555,64.337,1
1785988315,512564453,98.071,0.561,98.627,40.386,1
1785988315,545895996,109.992,0.666,110.64,45.356,1
1785988315,579227051,125.51,0.564,126.054,48.75,1
1785988315,645888916,110.7,0.663,111.345,51.946,1
1785988315,679219727,121.916,0.588,122.483,44.477,1
1785988315,712550781,128.554,0.554,129.088,39.935,1
1785988315,779220459,106.071,0.577,106.627,44.208,1
1785988315,812555176,117.797,0.566,118.342,45.051,1
1785988315,845889648,152.424,0.668,153.065,68.056,1
1785988315,912557861,127.629,1.143,128.744,42.34,1
1785988315,979225098,100.031,0.625,100.632,38.561,1
1785988316,12558594,129.498,0.61,130.085,62.788,1
1785988316,79224609,107.647,0.668,108.295,44.873,1
1785988316,112557373,117.269,0.755,118.007,43.039,1
1785988316,145890137,131.443,0.61,132.038,47.369,1
1785988316,212554688,108.112,0.797,108.89,43.513,1
1785988316,245886475,125.447,0.562,125.989,50.44,1
1785988316,312549805,105.897,0.796,106.666,47.332,1
1785988316,345881104,115.925,0.689,116.593,43.263,1
1785988316,379212402,126.321,0.911,127.213,43.947,1
1785988316,445874023,96.454,1.042,97.484,36.925,1
1785988316,479204590,109.698,0.765,110.444,46.294,1
1785988316,512534912,127.039,0.683,127.702,50.598,1
1785988316,579194824,99.306,0.558,99.842,38.801,1
1785988316,612524658,104.66,0.868,105.505,38.988,1
1785988316,679183594,97.47,0.68,98.13,59.288,1
1785988316,712513184,106.412,0.669,107.06,42.26,1
1785988316,745848633,119.144,0.679,119.8,46.076,1
1785988316,779184082,123.258,0.556,123.791,37.327,1
1785988316,845854004,102.741,0.829,103.548,46.424,1
1785988316,879188721,137.799,0.782,138.558,68.344,1
1785988316,945857666,124.572,0.741,125.294,53.406,1
1785988317,12525635,107.585,2.415,109.989,51.348,1
1785988317,45859375,120.07,0.851,120.782,44.138,1
1785988317,79192871,127.728,0.58,128.286,40.842,1
1785988317,145859375,105.394,1.675,107.057,45.426,1
1785988317,179192383,113.447,0.801,114.23,40.515,1
1785988317,212525146,129.02,0.694,129.695,48.798,1
1785988317,279189941,102.515,0.697,103.191,40.161,1
1785988317,312521973,125.948,0.81,126.721,56.861,1
1785988317,345854004,127.333,0.66,127.972,34.586,1
1785988317,412517090,99.746,0.651,100.371,39.06,1
1785988317,445848633,124.942,0.616,125.541,58.5,1
1785988317,512510498,116.186,0.626,116.789,57.911,1
1785988317,545841309,133.4,0.639,134.017,50.56,1
1785988317,579171875,154.372,0.898,155.255,54.563,1
1785988317,645832275,130.446,0.573,131.0,42.411,1
1785988317,712492432,102.191,0.844,102.966,38.624,1
1785988317,745827637,128.334,0.55,128.865,59.237,1
1785988317,812497559,100.148,0.702,100.827,38.628,1
1785988317,845832275,131.552,0.822,132.356,64.862,1
1785988317,912500977,127.16,0.577,127.716,62.033,1
1785988317,979168701,99.274,0.89,100.15,39.089,1
1785988318,12502441,118.414,0.809,119.207,52.392,1
1785988318,45835938,148.408,0.97,149.362,63.49,1
1785988318,112502197,117.311,0.653,117.941,35.257,1
1785988318,145834961,122.881,0.681,123.534,38.926,1
1785988318,179167480,132.781,0.887,133.657,43.442,1
1785988318,245832275,127.938,0.654,128.573,61.594,1
1785988318,312496094,107.081,0.945,107.999,46.084,1
1785988318,345827637,130.991,0.616,131.585,56.923,1
1785988318,412490234,112.493,1.574,114.042,49.094,1
1785988318,445821289,128.535,0.853,129.369,48.676,1
1785988318,512482666,106.107,1.223,107.315,44.609,1
1785988318,545812988,111.884,0.572,112.435,38.458,1
1785988318,612473145,107.476,1.686,109.278,63.361,1
1785988318,645802979,129.556,0.558,130.094,54.287,1
1785988318,712462402,102.653,0.801,103.347,39.911,1
1785988318,745841064,109.605,0.855,110.421,40.447,1
1785988318,779219971,132.117,0.687,132.769,55.732,1
1785988318,845979248,105.89,0.81,106.679,40.665,1
1785988318,879359375,134.246,0.613,134.837,61.542,1
1785988318,946120850,130.454,0.654,131.014,62.94,1
1785988319,12883789,109.666,0.666,110.302,46.049,1
1785988319,46265869,132.825,0.644,133.451,56.531,1
1785988319,113031006,111.119,0.652,111.75,45.063,1
1785988319,146414063,128.021,0.625,128.626,50.262,1
1785988319,213181396,106.481,1.053,107.525,45.65,1
1785988319,246565674,131.97,0.706,132.656,58.532,1
1785988319,313335449,123.047,0.775,123.798,57.906,1
1785988319,346720703,130.217,0.585,130.78,40.372,1
1785988319,413492676,107.421,2.309,109.732,45.697,1
1785988319,446879150,120.041,0.928,120.956,44.631,1
1785988319,480265869,129.004,0.545,129.528,41.967,1
1785988319,547040771,97.775,0.597,98.351,35.597,1
1785988319,580428711,106.851,0.754,107.584,42.618,1
1785988319,613816895,118.677,0.797,119.457,45.259,1
1785988319,647205811,134.093,0.554,134.627,48.564,1
1785988319,713983398,111.3,0.559,111.839,43.99,1
1785988319,747368896,127.456,0.582,128.019,49.564,1
1785988319,814141357,150.971,0.788,151.74,90.493,1
1785988319,880915527,132.622,0.641,133.246,48.277,1
1785988319,947691650,111.856,0.868,112.707,46.231,1
1785988319,981080322,127.199,0.736,127.915,48.607,1
1785988320,47858887,107.069,2.713,109.78,48.622,1
1785988320,81248779,136.382,0.784,137.148,60.775,1
1785988320,148029785,118.012,0.692,118.684,48.316,1
1785988320,181421143,135.347,0.783,136.113,50.821,1
1785988320,248204834,119.713,0.615,120.307,50.983,1
1785988320,281597412,127.046,0.68,127.707,40.793,1
1785988320,348383789,114.602,1.086,115.554,54.622,1
1785988320,381777588,125.117,0.676,125.774,43.626,1
1785988320,415171875,137.653,0.678,138.362,45.931,1
1785988320,481961670,131.203,0.657,131.835,60.316,1
1785988320,548753418,100.177,0.642,100.795,35.751,1
1785988320,582149658,112.272,0.652,112.922,45.504,1
1785988320,615546631,127.466,0.586,128.029,48.524,1
1785988320,682341553,106.907,0.747,107.566,46.324,1
1785988320,715738770,125.775,0.557,126.309,52.148,1
1785988320,782438965,114.5,0.556,115.036,55.427,1
1785988320,815788818,133.536,1.714,135.105,53.405,1
1785988320,882488525,124.283,0.835,125.103,56.695,1
1785988320,915838135,135.535,0.83,136.285,44.509,1
1785988320,982537354,126.393,0.839,127.214,57.659,1
1785988321,49236328,112.015,0.754,112.763,52.236,1
1785988321,82585693,129.275,0.721,129.977,50.582,1
1785988321,149284180,97.719,0.956,98.676,35.375,1
1785988321,182633301,114.386,5.325,119.717,54.383,1
1785988321,215982422,130.567,0.821,131.256,44.917,1
1785988321,282680420,103.254,1.221,104.474,39.893,1
1785988321,316029297,125.623,0.764,126.371,55.258,1
1785988321,382726807,107.224,1.816,109.032,49.358,1
1785988321,416075439,112.597,0.587,113.164,37.494,1
1785988321,449424072,125.318,0.582,125.878,46.064,1
1785988321,516121094,106.314,0.819,107.111,47.922,1
1785988321,549469482,116.902,0.834,117.719,43.954,1
1785988321,582817627,132.203,0.788,132.971,48.603,1
1785988321,649514160,104.308,1.386,105.685,39.393,1
1785988321,682862305,118.626,0.874,119.476,47.153,1
1785988321,716210449,128.884,0.786,129.63,43.51,1
1785988321,782911377,103.3,1.29,104.517,41.488,1
1785988321,816261963,117.35,0.579,117.951,46.843,1
1785988321,849612305,150.385,2.969,153.324,68.765,1
1785988321,882962402,163.007,0.664,163.651,43.678,1
1785988321,983012939,113.551,0.564,114.095,50.495,1
1785988322,16362793,128.586,0.596,129.161,48.416,1
1785988322,83062500,115.145,0.772,115.879,53.407,1
1785988322,116412354,130.373,0.577,130.929,48.411,1
1785988322,183111816,106.976,3.649,110.646,46.376,1
1785988322,216461426,127.494,0.629,128.097,50.84,1
1785988322,283160400,101.771,0.711,102.462,41.058,1
1785988322,316509766,117.65,0.641,118.268,49.161,1
1785988322,349859131,130.717,0.769,131.473,46.543,1
1785988322,416557617,110.436,0.645,111.06,46.294,1
1785988322,449906738,128.363,0.567,128.906,51.198,1
1785988322,516604736,120.047,0.631,120.659,58.448,1
1785988322,549953613,131.016,0.573,131.567,44.26,1
1785988322,616651367,110.282,0.727,110.989,46.105,1
1785988322,683348877,99.097,0.805,99.875,55.594,1
1785988322,716697510,120.622,0.602,121.199,54.675,1
1785988322,750067383,127.77,0.57,128.318,40.489,1
1785988322,816807129,120.112,0.734,120.825,59.24,1
1785988322,850177002,142.129,0.609,142.71,55.261,1
1785988322,916916992,127.7,0.561,128.24,52.271,1
1785988322,983657227,99.342,0.648,99.965,38.464,1
1785988323,17027588,110.259,0.782,111.015,44.412,1
1785988323,50397705,127.561,0.56,128.101,50.466,1
1785988323,117138428,105.216,0.796,105.991,44.628,1
1785988323,150509033,118.501,0.603,119.08,46.463,1
1785988323,183879395,126.885,0.632,127.498,41.786,1
1785988323,250620605,102.63,1.29,103.914,43.133,1
1785988323,283991455,118.313,0.671,118.961,48.443,1
1785988323,317362061,129.169,0.576,129.724,44.134,1
1785988323,350732910,136.294,1.105,137.433,41.017,1
1785988323,417474609,113.472,0.611,114.06,43.431,1
1785988323,450845703,132.268,0.594,132.841,52.151,1
1785988323,517587891,101.718,0.911,102.613,36.503,1
1785988323,550958984,127.557,0.586,128.121,58.89,1
1785988323,617701416,99.09,0.676,99.74,38.361,1
1785988323,651072754,107.582,0.666,108.231,41.855,1
1785988323,684444092,120.623,0.571,121.173,46.323,1
1785988323,717815186,128.129,0.566,128.674,40.871,1
1785988323,784513428,111.235,0.77,111.99,50.004,1
1785988323,817862305,142.046,1.049,143.108,64.442,1
1785988323,884559814,141.014,0.83,141.833,65.445,1
1785988323,917908447,172.609,0.615,173.203,64.732,1
1785988324,17953857,127.607,0.584,128.169,55.012,1
1785988324,84650391,115.318,0.673,115.965,54.49,1
1785988324,117998535,130.387,0.563,130.929,48.315,1
1785988324,184694580,110.111,0.671,110.768,46.525,1
1785988324,218042725,128.433,0.557,128.97,51.559,1
1785988324,251390381,135.549,0.733,136.261,40.634,1
1785988324,318085938,127.816,0.741,128.541,58.971,1
1785988324,384781006,109.301,0.803,110.081,48.238,1
1785988324,418128418,125.405,0.582,125.969,49.24,1
1785988324,484822998,107.926,0.881,108.792,49.505,1
1785988324,518170166,128.161,0.541,128.681,53.252,1
1785988324,584864258,99.841,0.638,100.457,38.468,1
1785988324,618211182,112.152,0.68,112.81,45.695,1
1785988324,651558105,123.5,0.655,124.129,44.67,1
1785988324,718251709,101.663,0.98,102.618,45.179,1
1785988324,784995605,96.107,0.565,96.648,60.779,1
1785988324,818367676,104.47,0.779,105.23,41.949,1
1785988324,851739746,136.845,0.878,137.702,65.841,1
1785988324,918483887,127.38,0.599,127.956,57.006,1
1785988324,985228516,114.521,0.674,115.179,53.962,1
1785988325,18600830,127.525,0.607,128.113,46.309,1
1785988325,85345947,108.967,0.581,109.526,48.161,1
1785988325,118718506,121.299,0.566,121.846,45.692,1
1785988325,152091064,138.466,0.678,139.125,50.643,1
1785988325,218836670,126.618,0.569,127.164,54.793,1
1785988325,252209473,149.996,0.759,150.724,56.927,1
1785988325,318955322,134.173,0.651,134.801,50.826,1
1785988325,385701660,116.462,0.572,117.013,48.961,1
1785988325,419074707,128.023,0.558,128.56,44.92,1
1785988325,485821289,101.178,0.578,101.736,39.922,1
1785988325,519194580,127.73,0.816,128.536,60.157,1
1785988325,585941650,105.641,0.659,106.28,44.504,1
1785988325,619315186,121.402,0.66,122.035,49.13,1
1785988325,652688721,134.717,0.621,135.318,46.656,1
1785988325,686062500,147.905,0.702,148.593,46.646,1
1785988325,752781738,129.804,0.58,130.364,48.494,1
1785988325,819472900,113.643,2.511,116.127,52.424,1
1785988325,852818359,131.455,0.904,132.354,49.587,1
1785988325,919508789,117.755,0.562,118.294,52.649,1
1785988325,952854004,133.639,0.622,134.24,49.287,1
1785988326,19543945,111.939,0.596,112.515,44.966,1
1785988326,52888672,137.005,0.655,137.637,58.467,1
1785988326,119577881,126.79,0.703,127.471,56.523,1
1785988326,186266846,101.434,0.904,102.319,41.535,1
1785988326,219611084,124.933,0.638,125.549,56.579,1
1785988326,286299316,117.39,0.746,118.107,59.245,1
1785988326,319643066,125.327,1.088,126.398,41.625,1
1785988326,386330566,103.873,0.929,104.784,45.068,1
1785988326,419674316,131.823,0.665,132.468,61.042,1
1785988326,486361084,106.493,0.736,107.209,41.427,1
1785988326,519704590,125.83,0.685,126.495,52.631,1
1785988326,586390625,99.349,0.644,99.968,40.159,1
1785988326,619733643,111.288,0.878,112.15,45.517,1
1785988326,653076660,126.815,0.703,127.496,48.693,1
1785988326,719762207,103.161,0.746,103.891,43.082,1
1785988326,753108154,124.531,0.565,125.076,54.535,1
1785988326,786454102,145.732,0.618,146.324,54.592,1
1785988326,853145264,135.675,0.857,136.512,56.874,1
1785988326,919836182,129.767,0.583,130.328,60.514,1
1785988326,986526611,116.492,0.922,117.394,53.75,1
1785988327,19871826,136.325,0.763,137.02,52.973,1
1785988327,86561523,126.922,0.693,127.599,57.269,1
1785988327,153250977,112.03,0.641,112.647,51.738,1
1785988327,186595459,125.667,0.603,126.25,46.948,1
1785988327,253284180,116.81,0.603,117.394,57.835,1
1785988327,286628418,127.092,0.588,127.659,43.61,1
1785988327,353316650,114.532,0.71,115.228,54.245,1
1785988327,386660400,132.882,0.616,133.472,51.6,1
1785988327,453347900,117.794,1.698,119.486,52.685,1
1785988327,520034912,100.573,0.623,101.175,48.391,1
1785988327,553378418,113.245,0.707,113.928,46.099,1
1785988327,586721680,125.097,0.694,125.77,45.182,1
1785988327,653407715,113.461,0.782,114.23,55.139,1
1785988327,686750732,130.331,0.566,130.86,49.983,1
1785988327,753439941,113.433,0.808,114.222,50.046,1
1785988327,786785645,118.125,0.876,118.982,38.109,1
1785988327,853477295,100.264,0.704,100.948,48.656,1
1785988327,920168213,101.158,0.971,102.111,67.852,1
1785988327,953513672,119.191,0.813,119.984,51.221,1
1785988327,986858887,132.75,0.739,133.474,46.834,1
1785988328,53549072,114.992,0.802,115.772,48.984,1
1785988328,86894043,130.678,0.637,131.292,48.872,1
1785988328,153583740,98.987,0.672,99.645,35.037,1
1785988328,186928467,116.632,0.72,117.335,51.04,1
1785988328,220272949,119.837,0.741,120.501,36.512,1
1785988328,253617432,151.988,0.862,152.826,65.665,1
1785988328,320305908,131.169,0.827,131.98,45.839,1
1785988328,386993896,113.554,0.762,114.297,49.011,1
1785988328,420337891,129.485,0.841,130.306,49.352,1
1785988328,487025391,98.619,0.668,99.267,35.652,1
1785988328,520368896,118.367,0.654,119.004,53.079,1
1785988328,553712402,129.611,0.627,130.218,44.561,1
1785988328,620399170,107.983,2.916,110.904,47.341,1
1785988328,653742188,130.539,0.565,131.083,53.553,1
1785988328,720428467,101.165,0.684,101.826,37.428,1
1785988328,753817871,111.191,0.585,111.755,43.32,1
1785988328,787207520,121.818,0.69,122.49,44.123,1
1785988328,820597656,130.319,0.586,130.884,41.786,1
1785988328,887379395,103.165,0.63,103.772,39.668,1
1785988328,920770996,131.879,0.698,132.549,62.168,1
1785988328,954163086,139.947,0.614,140.538,41.382,1
1785988329,20948486,136.592,0.605,137.175,63.422,1
1785988329,87735840,126.484,0.555,127.018,56.633,1
1785988329,154525146,128.809,0.556,129.344,69.115,1
1785988329,221316162,132.545,0.689,133.215,70.658,1
1785988329,288109131,125.498,0.627,126.103,59.684,1
1785988329,354903809,137.582,0.564,138.127,78.82,1
1785988329,421700439,128.61,0.558,129.147,57.817,1
1785988329,488499023,115.7,0.569,116.233,53.885,1
1785988329,521898926,141.214,0.715,141.911,59.073,1
1785988329,588700195,115.933,0.69,116.603,41.495,1
1785988329,655503418,111.57,0.687,112.24,62.438,1
1785988329,688905762,130.05,0.553,130.582,51.75,1
1785988329,755672363,109.769,0.629,110.38,46.559,1
1785988329,789037354,131.863,0.747,132.592,55.576,1
1785988329,855767334,110.403,0.906,111.271,45.408,1
1785988329,889132568,127.3,0.563,127.842,49.944,1
1785988329,955862793,101.757,0.662,102.398,41.285,1
1785988329,989228027,125.781,0.582,126.343,57.311,1
1785988330,55958496,99.908,2.298,102.218,42.573,1
1785988330,89323730,126.212,0.74,126.932,58.112,1
1785988330,156054443,100.176,0.753,100.907,40.705,1
1785988330,189419922,127.852,0.563,128.394,60.854,1
1785988330,256150879,126.972,0.578,127.529,65.866,1
1785988330,322881836,99.683,0.61,100.27,39.471,1
1785988330,356247314,129.768,0.582,130.329,63.426,1
1785988330,422978516,100.549,0.933,101.46,37.858,1
1785988330,456344238,110.241,3.955,114.172,46.075,1
1785988330,489709961,126.375,0.704,127.035,46.234,1
1785988330,523075684,133.129,0.612,133.719,40.049,1
1785988330,589807129,127.191,0.673,127.762,60.777,1
1785988330,656538818,99.935,0.568,100.48,39.451,1
1785988330,689904785,112.062,0.719,112.767,45.641,1
1785988330,723270508,119.515,0.591,120.084,40.694,1
1785988330,756624023,134.008,0.655,134.636,47.903,1
1785988330,823330566,120.009,0.595,120.584,52.655,1
1785988330,856683594,127.676,0.542,128.198,40.969,1
1785988330,923389893,105.525,0.684,106.187,44.688,1
1785988330,956743164,124.622,0.559,125.16,52.333,1
1785988331,23449219,105.238,0.689,105.911,47.448,1
1785988331,56802002,113.858,0.534,114.371,41.822,1
1785988331,156860840,92.402,0.555,92.935,78.623,1
1785988331,190213623,122.997,0.553,123.515,63.933,1
1785988331,256918945,106.097,0.645,106.715,49.904,1
1785988331,290271729,116.43,2.778,119.215,45.826,1
1785988331,356977051,98.801,0.65,99.427,46.942,1
1785988331,423682129,93.024,0.609,93.627,60.895,1
1785988331,457034668,104.886,0.599,105.466,45.203,1
1785988331,490386963,112.889,0.606,113.474,41.361,1
1785988331,523739502,128.688,0.771,129.44,49.318,1
1785988331,590444092,102.673,0.857,103.458,40.72,1
1785988331,623796387,128.417,0.668,129.064,58.962,1
1785988331,690500977,108.943,0.713,109.634,47.275,1
1785988331,723853271,112.621,0.83,113.44,37.146,1
1785988331,757205811,128.776,0.584,129.335,49.259,1
1785988331,823910889,99.616,0.588,100.183,37.552,1
1785988331,857263184,115.11,0.599,115.684,48.854,1
1785988331,890615723,125.043,0.51,125.532,43.203,1
1785988331,957320313,104.337,0.591,104.909,46.079,1
1785988331,990672607,114.939,0.688,115.612,44.048,1
1785988332,24024902,128.444,0.709,129.14,46.882,1
1785988332,90729004,112.82,1.041,113.853,51.398,1
1785988332,124081299,126.761,0.584,127.325,46.849,1
1785988332,190785156,110.291,0.577,110.845,50.225,1
1785988332,224137207,136.474,0.734,137.186,59.683,1
1785988332,290840820,112.724,1.835,114.561,44.054,1
1785988332,324192627,123.676,0.949,124.489,43.303,1
1785988332,390895996,115.098,0.72,115.803,58.02,1
1785988332,424247559,134.255,1.079,135.215,52.765,1
1785988332,490950684,124.873,0.903,125.761,57.245,1
1785988332,557653564,103.82,0.88,104.684,45.628,1
1785988332,591005127,119.737,0.652,120.372,49.043,1
1785988332,624356445,129.268,0.65,129.894,42.878,1
1785988332,691058838,112.203,0.643,112.831,49.633,1
1785988332,724410400,126.569,1.067,127.63,48.137,1
1785988332,791116211,121.744,0.691,122.421,61.507,1
1785988332,824469238,156.155,0.815,156.951,67.887,1
1785988332,891175049,136.547,1.059,137.507,47.247,1
1785988332,957880615,127.941,0.65,128.492,57.711,1
1785988333,24585938,102.804,0.904,103.69,41.893,1
1785988333,57938477,118.522,0.785,119.295,48.957,1
1785988333,91291260,127.26,0.599,127.834,41.902,1
1785988333,157996338,100.277,0.598,100.851,39.722,1
1785988333,191348633,127.154,0.546,127.678,60.179,1
1785988333,224701172,134.887,0.92,135.787,41.456,1
1785988333,291405762,128.873,0.868,129.725,60.638,1
1785988333,358110352,118.69,1.085,119.754,56.735,1
1785988333,391462402,142.545,2.065,144.626,58.192,1
1785988333,458166748,134.01,0.748,134.736,56.852,1
1785988333,524870850,132.953,0.725,133.66,65.627,1
1785988333,591574707,127.601,0.559,128.14,61.188,1
1785988333,658278564,105.267,2.675,107.702,46.197,1
1785988333,691630371,127.725,0.576,128.281,53.998,1
1785988333,758411133,110.069,0.73,110.78,49.278,1
1785988333,791840576,137.818,0.861,138.615,61.252,1
1785988333,858700928,137.811,0.938,138.74,66.98,1
1785988333,925562988,126.422,0.739,127.144,55.285,1
1785988333,992426758,112.162,1.503,113.326,53.026,1
1785988334,25859375,135.728,0.847,136.565,56.681,1
1785988334,92725830,128.748,0.564,129.291,59.606,1
1785988334,159593994,109.343,0.761,110.083,47.653,1
1785988334,193028809,117.021,0.715,117.73,41.071,1
1785988334,259899902,103.068,0.617,103.664,52.822,1
1785988334,293335938,126.981,0.562,127.519,57.293,1
1785988334,360209473,118.245,0.716,118.946,58.293,1
1785988334,393646973,151.768,0.634,152.385,66.879,1
1785988334,460523193,123.641,0.57,124.191,38.687,1
1785988334,527401367,110.303,0.662,110.939,53.626,1
1785988334,560841064,124.029,0.584,124.593,47.094,1
1785988334,594281250,137.625,0.801,138.411,47.251,1
1785988334,661162842,120.861,1.447,122.305,50.762,1
1785988334,694604248,133.082,0.858,133.87,45.024,1
1785988334,761465332,116.645,1.078,117.677,50.663,1
1785988334,794886719,146.384,0.732,146.959,62.712,1
1785988334,861730469,126.433,0.685,127.098,46.982,1
1785988334,928575928,110.295,0.846,111.129,50.867,1
1785988334,995422852,103.43,0.645,104.054,59.779,1
1785988335,28846680,130.775,0.608,131.363,60.734,1
1785988335,95695801,105.831,0.615,106.42,41.908,1
1785988335,129121094,124.101,0.637,124.64,51.644,1
1785988335,195972412,101.745,0.775,102.509,44.706,1
1785988335,229398682,124.787,0.559,125.31,56.243,1
1785988335,296252197,99.088,0.789,99.858,41.397,1
1785988335,329679688,116.28,0.69,116.937,50.509,1
1785988335,363107422,121.344,0.651,121.976,38.467,1
1785988335,396535400,129.858,3.014,133.066,44.298,1
1785988335,463392822,120.526,1.31,121.587,55.586,1
1785988335,496822266,139.958,0.713,140.654,52.503,1
1785988335,563681885,125.556,0.671,126.206,52.417,1
1785988335,630542969,125.017,0.662,125.665,66.314,1
1785988335,697405762,113.513,0.655,114.143,55.347,1
1785988335,764206299,93.135,0.614,93.731,46.389,1
1785988335,797623047,99.56,0.715,100.251,39.936,1
1785988335,831039795,117.895,0.571,118.446,51.614,1
1785988335,864457275,122.869,0.556,123.404,38.375,1
1785988335,931292725,105.539,0.919,106.434,49.853,1
1785988335,964710938,122.084,0.703,122.766,49.763,1
1785988336,31548584,95.683,0.768,96.43,40.5,1
1785988336,64967773,115.237,0.664,115.877,52.868,1
1785988336,98387207,113.085,0.722,113.785,31.323,1
1785988336,131807129,122.82,0.554,123.354,42.993,1
1785988336,198647949,114.55,0.655,115.182,58.667,1
1785988336,232068848,126.558,0.727,127.269,45.504,1
1785988336,298911621,106.471,0.839,107.293,46.864,1
1785988336,332333496,110.101,0.642,110.725,36.859,1
1785988336,399178223,91.339,0.551,91.869,47.993,1
1785988336,432601074,113.206,0.591,113.778,55.33,1
1785988336,466024170,129.204,0.647,129.802,49.445,1
1785988336,532871582,108.204,0.732,108.919,45.959,1
1785988336,566295654,127.327,0.632,127.934,52.446,1
1785988336,633145020,99.309,0.556,99.845,38.762,1
1785988336,666570068,117.763,0.667,118.414,51.986,1
1785988336,699995605,126.699,0.629,127.308,42.324,1
1785988336,766846191,95.003,0.701,95.692,35.226,1
1785988336,800179199,116.324,0.646,116.949,54.597,1
1785988336,866844482,100.416,0.658,101.05,50.767,1
1785988336,900176514,118.67,0.638,119.286,51.571,1
1785988336,966840332,110.56,0.574,111.111,58.488,1
1785988337,171875,119.384,0.554,119.915,42.137,1
1785988337,66834473,111.205,0.612,111.794,58.54,1
1785988337,100165283,121.147,0.565,121.672,43.211,1
1785988337,166826416,97.241,0.757,97.977,42.963,1
1785988337,200156494,109.352,0.643,109.967,45.32,1
1785988337,233486572,121.382,0.582,121.94,45.306,1
1785988337,266816162,126.88,0.653,127.51,38.899,1
1785988337,333475098,101.581,0.735,102.31,41.439,1
1785988337,366803955,120.531,0.757,121.27,52.297,1
1785988337,433461426,111.109,0.734,111.818,57.217,1
1785988337,466789795,104.858,0.865,105.707,27.21,1
1785988337,500117920,124.093,0.572,124.637,52.267,1
1785988337,566773438,96.99,1.288,98.266,40.264,1
1785988337,600101074,114.468,0.721,115.163,50.239,1
1785988337,633428223,136.925,1.217,138.111,56.277,1
1785988337,700082031,121.355,0.67,122.003,50.548,1
1785988337,766735840,94.903,0.645,95.52,40.171,1
1785988337,800143066,118.703,0.809,119.488,57.366,1
1785988337,833550293,133.906,0.729,134.616,48.543,1
1785988337,900365479,124.022,0.656,124.657,56.859,1
1785988337,967181885,97.306,0.77,98.055,40.213,1
1785988338,590332,100.482,0.969,101.509,36.778,1
1785988338,33999023,125.377,0.715,125.943,57.928,1
1785988338,100817383,111.263,0.653,111.898,52.769,1
1785988338,134226807,121.019,0.631,121.63,43.143,1
1785988338,201046631,98.613,0.575,99.167,44.361,1
1785988338,234456787,122.901,0.598,123.474,57.717,1
1785988338,301278076,103.139,0.982,103.864,47.204,1
1785988338,334688965,120.431,0.606,121.02,50.572,1
1785988338,401511719,98.707,1.206,99.879,45.673,1
1785988338,434923584,121.776,0.548,122.306,55.851,1
1785988338,501747803,98.674,0.854,99.518,44.024,1
1785988338,535160156,112.664,0.592,113.236,47.143,1
1785988338,568572998,127.334,0.745,128.05,48.224,1
1785988338,635399170,110.199,0.605,110.805,49.562,1
1785988338,668812744,133.144,0.86,133.987,56.606,1
1785988338,735640381,102.214,0.656,102.854,35.7,1
1785988338,769053467,106.914,0.715,107.614,38.169,1
1785988338,802396240,119.389,0.571,119.94,45.679,1
1785988338,869081055,98.309,0.657,98.95,45.686,1
1785988338,902423340,109.248,0.72,109.955,44.35,1
1785988338,969107422,91.94,0.668,92.592,49.322,1
1785988339,2449219,104.909,0.583,105.47,46.225,1
1785988339,35791016,121.14,0.727,121.842,49.709,1
1785988339,102474365,105.434,0.682,106.096,50.937,1
1785988339,135815918,119.407,0.566,119.948,47.199,1
1785988339,202498291,91.28,0.683,91.939,38.669,1
1785988339,235839600,110.59,0.511,111.078,52.485,1
1785988339,269180664,128.502,0.595,129.076,51.338,1
1785988339,335862305,109.097,0.584,109.66,47.267,1
1785988339,369202881,125.087,0.572,125.644,49.32,1
1785988339,435884033,117.645,0.547,118.167,59.209,1
1785988339,469224365,134.99,0.668,135.612,50.782,1
1785988339,535904541,109.105,0.769,109.856,40.915,1
1785988339,569244629,124.075,0.637,124.692,48.187,1
1785988339,635924316,94.194,0.645,94.817,36.804,1
1785988339,702603516,87.272,0.708,87.955,59.814,1
1785988339,735942871,94.034,0.739,94.751,40.137,1
1785988339,802608154,84.787,0.725,85.487,57.399,1
1785988339,835932617,98.033,0.826,98.839,46.674,1
1785988339,869257080,123.387,0.539,123.906,58.401,1
1785988339,935905029,97.417,0.987,98.385,41.116,1
1785988339,969228516,108.113,0.605,108.697,43.644,1
1785988340,2551758,109.178,0.82,109.861,34.483,1
1785988340,69197266,107.575,0.852,108.408,65.193,1
1785988340,102519775,120.656,0.652,121.287,46.207,1
1785988340,169163574,92.794,0.748,93.524,38.878,1
1785988340,202484863,112.267,0.95,113.208,52.987,1
1785988340,235806152,130.483,0.729,131.194,51.326,1
1785988340,302447510,111.008,1.182,112.202,47.61,1
1785988340,335767822,126.339,0.692,126.983,48.14,1
1785988340,402407715,117.522,0.663,118.166,57.823,1
1785988340,435727051,139.824,0.651,140.453,55.607,1
1785988340,502364990,105.587,0.613,106.179,32.367,1
1785988340,535683594,124.095,0.582,124.656,51.796,1
1785988340,602319824,93.266,0.665,93.914,35.889,1
1785988340,635637451,109.939,0.915,110.661,50.064,1
1785988340,702271729,100.473,0.668,101.121,57.092,1
1785988340,735588623,107.647,0.615,108.236,40.437,1
1785988340,802242676,93.605,0.666,94.245,52.663,1
1785988340,835578613,106.893,0.667,107.539,46.628,1
1785988340,868914551,130.399,0.592,130.97,56.771,1
1785988340,935586182,121.446,0.938,122.372,58.058,1
1785988341,2257080,102.933,0.741,103.621,47.931,1
1785988341,35592285,120.525,0.592,121.097,50.815,1
1785988341,102262451,110.791,0.658,111.425,56.996,1
1785988341,135597412,126.968,0.633,127.608,49.493,1
1785988341,202266602,102.547,0.806,103.331,42.413,1
1785988341,235601074,126.366,0.588,126.93,56.94,1
1785988341,302269775,106.183,0.622,106.81,46.525,1
1785988341,335603760,131.254,0.69,131.924,58.468,1
1785988341,402271484,131.212,0.846,132.136,66.734,1
1785988341,468938477,100.979,0.885,101.799,36.475,1
1785988341,502271973,125.997,0.602,126.577,58.114,1
1785988341,568938232,90.817,0.736,91.533,31.624,1
1785988341,635604248,91.726,0.55,92.254,67.388,1
1785988341,668936768,93.878,0.724,94.589,35.661,1
1785988341,702269287,114.08,0.823,114.89,53.628,1
1785988341,735601807,124.211,0.571,124.761,43.216,1
1785988341,802260254,104.1,0.715,104.809,46.687,1
1785988341,835585205,123.302,0.58,123.862,52.397,1
1785988341,902234375,122.308,0.562,122.849,65.636,1
1785988341,968882324,95.896,0.588,96.465,40.263,1
1785988342,2205811,115.566,0.557,116.103,52.961,1
1785988342,35529053,131.945,0.602,132.521,49.743,1
1785988342,102174805,96.177,0.567,96.723,30.847,1
1785988342,135497070,106.635,0.773,107.39,43.98,1
1785988342,168819336,123.921,0.559,124.46,50.402,1
1785988342,235462646,99.328,1.203,100.52,42.683,1
1785988342,268783936,119.322,0.573,119.875,52.696,1
1785988342,335425537,106.33,0.838,107.147,53.905,1
1785988342,368745850,126.248,0.579,126.807,52.989,1
1785988342,435385742,104.292,0.788,105.061,44.885,1
1785988342,468705078,125.736,0.588,126.301,54.568,1
1785988342,535343262,94.272,0.737,94.99,35.325,1
1785988342,568661865,108.431,0.701,109.085,47.415,1
1785988342,601980225,113.949,0.94,114.879,39.097,1
1785988342,635298340,124.108,0.59,124.674,43.128,1
1785988342,701933594,102.582,3.105,105.687,47.598,1
1785988342,735250732,122.682,0.683,123.345,51.022,1
1785988342,801894043,103.893,0.606,104.477,47.778,1
1785988342,835219238,136.193,0.721,136.878,65.728,1
1785988342,901868408,97.202,0.646,97.827,27.596,1
1785988342,935192871,104.295,0.763,105.042,40.531,1
1785988342,968516602,114.386,0.846,115.201,43.486,1
1785988343,1840332,129.284,0.656,129.913,48.043,1
1785988343,68486816,115.184,0.812,115.975,52.701,1
1785988343,101809570,128.338,0.663,128.984,46.335,1
1785988343,168454346,107.847,1.526,109.375,47.01,1
1785988343,201776123,122.457,0.657,123.094,47.07,1
1785988343,268419189,95.464,0.838,96.288,39.831,1
1785988343,301740234,111.237,0.882,112.098,49.125,1
1785988343,335061035,127.444,0.565,128.093,49.223,1
1785988343,368381348,134.636,2.528,137.502,42.472,1
1785988343,435021484,124.397,0.623,125.0,54.499,1
1785988343,501660400,98.078,0.574,98.631,40.273,1
1785988343,534979492,129.298,0.565,129.841,64.529,1
1785988343,601616699,115.119,0.706,115.806,52.597,1
1785988343,634934814,125.948,0.782,126.713,44.227,1
1785988343,701570313,99.215,1.718,100.918,40.833,1
1785988343,734887695,127.053,0.681,127.717,60.12,1
1785988343,801637451,115.834,0.997,116.832,55.848,1
1785988343,835069824,132.098,0.719,132.794,49.418,1
1785988343,901935547,121.735,0.671,122.391,56.458,1
1785988343,935369141,138.396,0.677,139.058,50.097,1
1785988344,2237305,127.963,0.567,128.493,56.313,1
1785988344,69106934,110.958,0.698,111.63,50.004,1
1785988344,102542480,129.607,0.587,130.173,51.981,1
1785988344,169414551,100.151,0.692,100.821,37.514,1
1785988344,202851074,115.665,0.56,116.205,48.826,1
1785988344,236288086,128.744,0.671,129.387,46.617,1
1785988344,303163574,106.267,0.638,106.887,44.372,1
1785988344,336601807,119.54,0.899,120.33,46.884,1
1785988344,370040283,156.385,0.642,157.003,70.115,1
1785988344,470358643,105.254,0.565,105.799,49.113,1
1785988344,503798828,118.133,0.56,118.671,46.313,1
1785988344,570680420,92.996,0.561,93.537,41.747,1
1785988344,604121826,100.442,0.583,101.003,40.906,1
1785988344,637563721,115.875,0.545,116.4,48.841,1
1785988344,671005859,126.034,0.572,126.586,43.627,1
1785988344,737891357,101.374,0.692,102.038,42.33,1
1785988344,771332764,120.341,0.752,121.067,52.472,1
1785988344,838091553,101.255,0.572,101.806,47.503,1
1785988344,871485596,121.516,0.811,122.313,53.889,1
1785988344,938274414,112.162,0.653,112.798,57.279,1
1785988344,971668945,125.581,0.686,126.254,46.846,1
1785988345,38458252,116.598,0.732,117.308,57.848,1
1785988345,71853271,137.411,0.58,137.969,54.061,1
1785988345,138643311,115.986,0.736,116.705,45.515,1
1785988345,172038818,128.604,0.814,129.405,46.096,1
1785988345,238829834,120.557,0.556,121.093,58.49,1
1785988345,305621338,91.798,1.104,92.892,38.569,1
1785988345,339017090,120.181,0.608,120.772,61.294,1
1785988345,372413330,126.418,0.739,127.142,39.764,1
1785988345,439205811,114.613,0.624,115.216,54.87,1
1785988345,472602295,119.284,0.732,119.997,38.178,1
1785988345,539395752,109.091,0.775,109.846,56.642,1
1785988345,572792480,127.036,1.579,127.831,51.38,1
1785988345,639586670,101.443,0.64,102.056,41.021,1
1785988345,672983887,123.332,0.685,123.908,55.251,1
1785988345,739778809,99.007,4.03,103.05,45.896,1
1785988345,773176514,122.252,0.545,122.777,53.166,1
1785988345,839966553,109.195,0.633,109.81,53.819,1
1785988345,873359619,121.547,0.659,122.185,45.769,1
1785988345,940146484,100.538,0.77,101.286,45.879,1
1785988345,973540283,115.372,0.592,115.94,48.059,1
1785988346,6934082,121.227,0.587,121.792,39.246,1
1785988346,73722168,96.3,0.662,96.938,41.933,1
1785988346,107116455,108.014,0.695,108.688,45.142,1
1785988346,140510742,105.443,0.654,106.076,30.781,1
1785988346,207300049,91.869,0.567,92.416,53.132,1
1785988346,240694824,98.223,0.569,98.772,39.751,1
1785988346,274089844,120.034,0.574,120.587,55.211,1
1785988346,340880127,102.686,1.445,104.128,50.307,1
1785988346,374275635,120.266,0.692,120.942,50.228,1
1785988346,441066895,99.542,0.732,100.255,46.107,1
1785988346,474462891,118.182,0.549,118.727,51.855,1
1785988346,541254883,97.421,0.761,98.164,46.237,1
1785988346,574651367,106.496,0.777,107.258,42.489,1
1785988346,608047607,121.669,0.578,122.227,48.373,1
1785988346,674841064,94.557,0.583,95.115,39.682,1
1785988346,708238037,104.489,0.675,105.15,43.423,1
1785988346,741635010,121.826,0.566,122.371,50.627,1
1785988346,808428711,89.875,0.57,90.419,34.842,1
1785988346,841729492,118.249,0.595,118.822,61.703,1
1785988346,908329834,99.767,2.22,101.969,49.708,1
1785988346,941629150,120.778,0.551,121.307,52.678,1
1785988347,8226074,107.878,0.561,108.419,53.708,1
1785988347,41523926,124.238,0.664,124.885,49.762,1
1785988347,108118164,117.838,0.585,118.407,60.114,1
1785988347,174710205,97.279,0.816,98.114,46.245,1
1785988347,208005615,106.028,0.675,106.688,41.919,1
1785988347,241300293,123.783,0.557,124.301,50.917,1
1785988347,307888428,103.927,2.136,106.018,48.285,1
1785988347,341181885,110.988,0.584,111.552,38.847,1
1785988347,407766846,94.656,0.959,95.594,50.621,1
1785988347,441058594,124.803,0.848,125.61,63.312,1
1785988347,507640625,94.677,0.619,95.27,36.242,1
1785988347,540930908,123.781,0.569,124.33,62.352,1
1785988347,607510010,95.816,0.637,96.429,38.676,1
1785988347,640798828,104.214,0.672,104.865,41.722,1
1785988347,674087158,125.18,0.575,125.736,54.162,1
1785988347,740662109,96.138,0.799,96.913,37.744,1
1785988347,773948975,116.696,0.574,117.25,53.633,1
1785988347,807237061,120.231,0.601,120.835,36.848,1
1785988347,873838867,111.358,0.618,111.958,57.747,1
1785988347,907138916,132.717,0.753,133.451,54.79,1
1785988347,973737793,107.979,0.698,108.657,41.81,1
1785988348,7036377,110.125,0.677,110.783,35.425,1
1785988348,73632324,92.019,0.67,92.668,48.483,1
1785988348,106929443,111.209,1.343,111.986,52.61,1
1785988348,140226074,122.133,0.809,122.925,44.237,1
1785988348,206817871,111.712,0.709,112.405,56.065,1
1785988348,240113037,127.164,0.631,127.851,48.672,1
1785988348,306701904,116.793,0.756,117.531,56.337,1
1785988348,339995361,123.596,0.586,124.163,39.935,1
1785988348,406581299,109.969,0.944,110.894,53.309,1
1785988348,439873291,129.517,0.818,130.312,52.717,1
1785988348,506456055,114.519,1.654,116.178,52.418,1
1785988348,539746826,136.521,1.987,138.506,55.624,1
1785988348,606326660,120.241,0.818,121.036,49.135,1
1785988348,672904297,112.722,0.644,113.343,58.885,1
1785988348,706192383,125.789,0.556,126.325,46.273,1
1785988349,538577148,447.619,0.627,448.206,1154.265,1
