capture_sec,capture_nanosec,target3d_in_age_ms,target3d_compute_ms,target3d_out_age_ms,depth_vs_color_skew_ms,skew_if_latest_ms,depth_valid
1785988048,712634033,279.482,0.575,279.949,,200.11,0
1785988048,912743896,171.267,0.463,171.646,,100.064,0
1785988048,979453369,156.195,2817.48,2973.535,-33.355,100.065,1
1785988051,381305176,595.799,4.669,600.354,-2301.787,-2301.787,1
1785988051,414687500,587.548,2.358,589.793,500.687,500.687,1
1785988051,448070313,559.289,2.08,561.257,467.304,467.304,1
1785988051,514837402,502.448,2.733,505.071,400.537,433.891,1
1785988051,581606445,442.003,3.47,445.341,333.768,367.122,1
1785988051,614991699,416.267,9.325,425.472,300.383,333.737,1
1785988051,648377441,404.996,3.26,408.079,266.997,300.351,1
1785988051,715150391,344.511,2.367,346.772,200.224,233.578,1
1785988051,748537598,316.401,2.614,318.902,166.837,200.191,1
1785988051,815312500,255.359,3.048,258.281,100.062,133.416,1
1785988051,882020508,194.762,3.069,197.698,33.354,66.708,1
1785988051,982082275,118.018,4.744,122.579,33.354,33.354,1
1785988052,15436035,133.145,2.95,135.875,0.0,33.354,1
1785988052,82143799,113.011,4.647,117.501,-33.354,33.354,1
1785988052,115497559,125.736,2.71,128.318,0.0,66.708,1
1785988052,182205322,107.993,3.113,110.975,0.0,33.354,1
1785988052,215559082,121.53,2.753,124.148,0.0,33.354,1
1785988052,282266846,101.739,5.397,106.862,33.354,33.354,1
1785988052,315620605,111.978,5.596,116.399,0.0,0.0,1
1785988052,382328125,96.911,2.833,99.595,0.0,33.354,1
1785988052,415681885,113.976,2.269,116.125,0.0,33.354,1
1785988052,449035645,132.756,4.932,137.546,0.0,66.708,1
1785988052,515743164,124.588,3.412,127.857,0.0,66.708,1
1785988052,582450684,111.835,2.342,114.067,0.0,33.354,1
1785988052,615804443,133.692,3.592,137.141,0.0,66.707,1
1785988052,682511719,121.739,3.395,125.003,0.0,0.0,1
1785988052,749218994,94.919,2.772,97.561,33.354,33.354,1
1785988052,782572754,118.504,2.566,120.948,0.0,66.802,1
1785988052,815926270,133.134,2.266,135.288,-33.354,66.897,1
1785988052,882822998,143.044,2.261,145.202,0.0,66.9,1
1785988052,949722656,127.848,2.59,130.302,0.0,66.902,1
1785988053,16625000,124.348,2.498,126.726,0.0,66.905,1
1785988053,83530273,99.55,3.028,102.355,0.0,33.454,1
1785988053,116983887,107.474,3.917,111.079,0.0,33.455,1
1785988053,150438477,126.849,2.901,129.334,0.0,66.911,1
1785988053,217349365,97.429,6.048,103.239,0.0,33.457,1
1785988053,250805908,113.65,2.535,116.061,0.0,33.458,1
1785988053,284263428,125.682,4.828,130.029,0.0,66.917,1
1785988053,351180176,102.197,5.405,107.176,0.0,33.459,1
1785988053,384639404,112.206,2.535,114.631,0.0,33.46,1
1785988053,418099609,125.022,2.901,127.798,0.0,66.923,1
1785988053,485022217,99.518,2.882,102.252,0.0,33.462,1
1785988053,518484375,118.609,2.399,120.879,0.0,33.463,1
1785988053,585411377,95.376,4.872,100.038,0.0,33.464,1
1785988053,618875732,104.348,2.953,107.159,0.0,33.465,1
1785988053,719273438,87.365,2.689,89.923,0.0,33.467,1
1785988053,752740723,98.373,2.809,101.062,0.0,0.0,1
1785988053,786208740,114.739,2.279,116.907,33.466,66.827,1
1785988053,819675049,134.174,4.133,138.184,0.0,66.705,1
1785988053,886380127,122.08,5.657,127.509,0.0,33.344,1
1785988053,953068115,110.615,2.942,113.429,-33.344,33.344,1
1785988053,986412109,138.35,3.1,141.323,0.0,66.687,1
1785988054,53099365,128.613,2.726,131.157,0.0,66.687,1
1785988054,119786377,121.474,3.721,124.938,0.0,66.687,1
1785988054,186473145,96.95,3.003,99.745,0.0,33.343,1
1785988054,219816162,120.677,2.598,123.149,0.0,66.686,1
1785988054,286502197,95.564,2.982,98.404,0.0,33.343,1
1785988054,319845215,117.204,3.429,120.501,0.0,33.343,1
1785988054,386530762,95.472,2.841,98.196,0.0,33.343,1
1785988054,419873291,117.037,3.293,120.197,0.0,66.685,1
1785988054,486558105,98.305,3.493,101.574,0.0,33.342,1
1785988054,519900391,111.538,3.706,115.118,0.0,33.342,1
1785988054,553242676,124.744,2.81,127.431,0.0,66.684,1
1785988054,619926758,119.514,2.644,122.025,0.0,66.684,1
1785988054,686610596,93.272,3.273,96.414,0.0,33.342,1
1785988054,719952393,102.997,6.082,108.305,0.0,33.342,1
1785988054,753294189,116.616,4.112,120.599,0.0,33.342,1
1785988054,819977051,93.881,3.28,97.028,0.0,33.342,1
1785988054,853318848,107.525,2.605,110.013,0.0,33.354,1
1785988054,886673340,145.301,2.518,147.697,0.0,66.709,1
1785988054,953382080,125.03,2.873,127.78,0.0,66.708,1
1785988055,20090576,110.424,2.084,112.41,0.0,0.0,1
1785988055,53444824,130.845,2.6,133.134,-33.354,-33.354,1
1785988055,120152832,119.538,2.766,122.178,33.354,66.708,1
1785988055,186860840,93.938,3.531,97.159,0.0,33.354,1
1785988055,220214600,116.468,4.664,121.007,0.0,66.708,1
1785988055,253568359,125.248,3.247,128.364,0.0,66.708,1
1785988055,320275879,98.24,3.672,101.757,0.0,33.354,1
1785988055,353629395,123.596,2.209,125.691,0.0,66.707,1
1785988055,420336426,95.798,4.346,100.018,0.0,33.353,1
1785988055,453689697,114.541,3.188,117.564,0.0,66.707,1
1785988055,487043213,122.994,5.014,127.884,0.0,66.707,1
1785988055,553749756,96.769,2.642,99.262,0.0,33.353,1
1785988055,620455811,91.208,2.37,93.463,0.0,33.353,1
1785988055,653808838,97.739,2.539,100.148,0.0,33.353,1
1785988055,720514648,92.426,2.39,94.693,0.0,33.353,1
1785988055,753867676,99.731,4.193,103.784,0.0,33.353,1
1785988055,787220459,126.429,2.431,128.739,0.0,66.705,1
1785988055,853925781,123.41,4.801,128.05,0.0,33.37,1
1785988055,887295410,144.376,3.384,147.633,0.0,0.0,1
1785988055,954035156,148.828,5.646,154.341,33.37,66.741,1
1785988056,20776123,160.646,4.643,165.163,0.0,66.742,1
1785988056,87518311,179.773,2.378,181.928,0.0,100.115,1
1785988056,187633789,139.728,2.945,142.545,0.0,66.745,1
1785988056,254379150,142.184,2.403,144.468,0.0,66.746,1
1785988056,321125488,126.796,2.383,129.065,0.0,0.0,1
1785988056,387873047,124.794,2.442,127.119,33.374,66.749,1
1785988056,454621826,111.187,2.924,113.99,0.0,33.375,1
1785988056,487996582,124.805,2.584,127.224,0.0,33.375,1
1785988056,521371826,159.395,4.432,163.47,0.0,100.127,1
1785988056,588122803,146.745,3.45,150.036,0.0,66.752,1
1785988056,654875244,128.398,4.031,132.302,0.0,66.754,1
1785988056,721628906,109.239,2.972,112.093,0.0,33.377,1
1785988056,755006104,122.111,2.642,124.622,0.0,66.755,1
1785988056,821761475,96.56,2.695,99.094,0.0,33.378,1
1785988056,855139160,125.486,2.851,128.107,0.0,66.694,1
1785988056,921832764,102.773,3.489,106.08,0.0,33.346,1
1785988056,955179199,131.279,3.274,134.349,0.0,66.693,1
1785988057,21872314,109.452,4.679,113.75,0.0,33.346,1
1785988057,55218506,130.979,3.895,134.705,0.0,66.692,1
1785988057,121910889,117.949,2.611,120.442,0.0,66.692,1
1785988057,155256836,123.207,4.065,126.543,0.0,66.692,1
1785988057,221948486,110.594,2.823,113.085,0.0,33.346,1
1785988057,255294189,118.597,3.109,121.433,0.0,33.346,1
1785988057,321985352,102.622,3.237,105.539,-33.345,-33.345,1
1785988057,355330811,109.539,14.647,124.057,33.345,33.345,1
1785988057,388676025,122.698,4.549,127.122,0.0,66.69,1
1785988057,455366455,106.796,2.734,109.388,0.0,33.345,1
1785988057,488711426,123.632,2.987,126.482,0.0,66.69,1
1785988057,555401123,105.13,3.4,108.391,0.0,33.345,1
1785988057,622090332,96.15,2.803,98.829,0.0,33.345,1
1785988057,655435059,119.6,2.647,122.12,0.0,66.688,1
1785988057,722123535,92.161,3.485,95.506,0.0,33.344,1
1785988057,755467773,103.88,3.121,106.865,0.0,33.344,1
1785988057,788812012,124.908,2.48,127.243,0.0,33.344,1
1785988057,822156006,124.433,2.202,126.529,0.0,66.693,1
1785988057,855500244,160.512,2.19,162.588,0.0,100.046,1
1785988057,955545898,97.274,2.534,99.669,0.0,33.348,1
1785988057,988894287,124.24,2.684,126.75,0.0,66.697,1
1785988058,55590820,93.774,2.767,96.41,0.0,33.348,1
1785988058,88938965,110.933,2.981,113.777,0.0,33.348,1
1785988058,122287109,123.461,3.58,126.906,0.0,66.696,1
1785988058,188982910,97.017,13.346,109.118,0.0,33.348,1
1785988058,222330811,121.996,2.608,124.486,0.0,66.695,1
1785988058,289026123,95.241,2.957,98.068,0.0,33.348,1
1785988058,322373779,109.325,2.578,111.751,0.0,33.347,1
1785988058,355721191,119.381,3.257,122.506,0.0,33.347,1
1785988058,422416016,95.676,2.39,97.933,-33.347,33.347,1
1785988058,455763428,99.334,2.971,102.175,0.0,33.347,1
1785988058,489110596,118.896,2.737,121.499,0.0,66.694,1
1785988058,555804688,110.787,2.552,113.21,0.0,33.347,1
1785988058,589151611,125.357,4.779,130.006,0.0,66.694,1
1785988058,655845215,99.068,3.304,102.247,0.0,33.347,1
1785988058,689191895,121.132,2.775,123.742,0.0,66.693,1
1785988058,755885254,96.453,2.969,99.297,0.0,33.346,1
1785988058,789231689,118.335,2.478,120.697,0.0,66.693,1
1785988058,855924561,98.748,3.013,101.567,0.0,33.349,1
1785988058,889273682,119.394,2.951,122.012,0.0,33.349,1
1785988058,955971191,117.637,5.353,122.859,0.0,33.349,1
1785988059,22668457,118.277,3.043,121.132,0.0,66.697,1
1785988059,89365723,98.345,3.292,101.484,0.0,33.348,1
1785988059,122714111,116.414,2.481,118.777,0.0,33.348,1
1785988059,156062256,124.288,2.923,127.086,0.0,66.697,1
1785988059,222758789,95.797,3.01,98.686,0.0,33.348,1
1785988059,256106934,121.289,3.209,124.364,0.0,66.696,1
1785988059,322802979,94.056,3.051,96.971,0.0,33.348,1
1785988059,356150879,110.328,4.632,114.84,0.0,33.348,1
1785988059,389498535,128.761,2.666,131.298,0.0,33.348,1
1785988059,456194092,99.459,2.749,102.071,33.347,33.347,1
1785988059,522889160,92.659,2.99,95.507,0.0,33.347,1
1785988059,556236572,122.346,2.285,124.508,0.0,66.695,1
1785988059,622931152,92.754,2.841,95.459,0.0,33.347,1
1785988059,656278320,100.43,3.447,103.676,0.0,33.347,1
1785988059,722972412,91.305,2.367,93.558,0.0,33.347,1
1785988059,756319580,105.861,2.564,108.306,0.0,33.347,1
1785988059,789666504,122.31,3.083,125.272,0.0,66.694,1
1785988059,856360352,121.024,3.434,124.258,0.0,66.697,1
1785988059,923056885,103.725,7.768,111.345,0.0,33.348,1
1785988059,956405273,126.993,2.679,129.551,0.0,66.696,1
1785988060,23101318,107.745,2.471,110.077,0.0,33.348,1
1785988060,56449463,140.203,5.919,145.787,0.0,66.696,1
1785988060,123145020,122.815,2.674,125.362,0.0,66.695,1
1785988060,189840332,98.73,2.848,101.43,0.0,0.0,1
1785988060,223187988,123.253,2.413,125.543,33.347,66.695,1
1785988060,289882813,99.184,2.725,101.775,0.0,33.347,1
1785988060,323230225,112.527,2.38,114.783,0.0,33.347,1
1785988060,356577393,123.481,4.455,127.813,0.0,66.694,1
1785988060,423271729,94.684,5.363,99.887,0.0,33.347,1
1785988060,456618652,121.523,3.187,124.265,0.0,66.694,1
1785988060,523312256,97.876,2.618,100.364,0.0,33.347,1
1785988060,556659180,117.156,5.682,122.524,0.0,33.347,1
1785988060,623352295,94.817,2.647,97.33,0.0,33.347,1
1785988060,656698975,110.692,5.57,116.137,0.0,33.346,1
1785988060,690045166,118.326,2.558,120.655,0.0,33.346,1
1785988060,756737793,96.445,2.501,98.828,-33.346,-33.346,1
1785988060,790083984,115.538,2.182,117.604,33.346,66.693,1
1785988060,823430176,124.835,2.651,127.363,0.0,66.773,1
1785988060,890203369,113.654,5.322,118.855,0.0,33.427,1
1785988060,923630615,126.029,2.069,127.998,0.0,66.856,1
1785988060,990486572,105.82,2.956,108.603,0.0,33.428,1
1785988061,23915039,123.2,2.36,125.447,0.0,66.858,1
1785988061,90773438,103.782,5.344,108.784,0.0,33.43,1
1785988061,124203369,123.255,2.609,125.741,0.0,66.861,1
1785988061,191064453,98.935,2.585,101.38,0.0,33.431,1
1785988061,224495361,104.91,2.852,107.572,0.0,33.432,1
1785988061,257927002,120.441,2.904,123.219,0.0,66.865,1
1785988061,324791504,98.212,4.246,102.305,0.0,33.433,1
1785988061,358224365,112.706,2.976,115.545,0.0,33.433,1
1785988061,425091309,87.363,2.069,89.323,-33.434,33.434,1
1785988061,458525391,102.08,2.768,104.686,0.0,33.435,1
1785988061,491959961,118.543,3.232,121.475,0.0,66.87,1
1785988061,525394775,130.58,6.53,136.37,0.0,33.436,1
1785988061,592266113,110.428,2.683,112.953,-33.436,33.436,1
1785988061,625702393,122.43,2.364,124.669,0.0,66.874,1
1785988061,692576172,92.742,5.54,98.151,0.0,33.438,1
1785988061,726013672,100.144,8.223,108.216,0.0,33.438,1
1785988061,759451660,112.536,1.929,114.376,0.0,66.877,1
1785988061,859766113,84.727,3.421,88.027,0.0,33.341,1
1785988061,893107178,92.362,2.427,94.664,0.0,33.341,1
1785988061,926447998,120.128,2.986,122.982,0.0,66.681,1
1785988061,993129150,100.946,6.306,107.101,0.0,33.34,1
1785988062,26469482,122.083,3.271,125.223,0.0,66.68,1
1785988062,93149902,117.246,2.6,119.734,0.0,33.34,1
1785988062,159829590,101.496,10.354,111.689,33.34,33.34,1
1785988062,193169189,116.516,2.228,118.57,0.0,33.339,1
1785988062,259847900,96.472,4.191,100.499,-33.339,33.339,1
1785988062,293187256,122.307,2.03,124.234,0.0,66.678,1
1785988062,359865234,93.417,2.598,95.887,0.0,33.339,1
1785988062,393203857,101.315,6.103,107.265,0.0,33.339,1
1785988062,426542480,106.302,2.19,108.381,0.0,33.338,1
1785988062,459880859,124.067,3.041,126.985,0.0,66.677,1
1785988062,526557373,113.375,3.374,116.642,0.0,66.676,1
1785988062,559895508,127.252,3.101,130.204,0.0,66.676,1
1785988062,626571045,117.578,2.838,120.29,0.0,66.675,1
1785988062,693246094,90.459,3.223,93.344,0.0,33.337,1
1785988062,726583496,104.428,5.96,109.967,0.0,33.337,1
1785988062,759920654,120.226,2.729,122.814,0.0,66.674,1
1785988062,826594482,98.123,3.321,101.314,0.0,33.337,1
1785988062,859931641,125.914,3.248,129.037,0.0,66.683,1
1785988062,926614502,118.759,2.573,121.228,0.0,66.682,1
1785988062,993296631,115.049,2.919,117.837,0.0,33.341,1
1785988063,59978516,91.775,2.618,94.154,0.0,33.341,1
1785988063,93319092,109.972,3.491,113.252,0.0,33.34,1
1785988063,126659424,122.981,2.06,124.943,0.0,66.681,1
1785988063,193340088,113.991,2.736,116.582,0.0,66.68,1
1785988063,226680176,140.029,4.782,144.145,0.0,66.68,1
1785988063,293359863,122.323,3.137,125.12,0.0,66.679,1
1785988063,360039063,96.662,3.284,99.509,0.0,33.339,1
1785988063,393378418,120.589,2.597,123.068,0.0,66.678,1
1785988063,460056885,96.798,4.872,101.54,0.0,33.339,1
1785988063,493395752,112.862,2.395,115.138,0.0,33.339,1
1785988063,526734619,127.601,2.852,130.312,0.0,66.677,1
1785988063,593411865,104.733,4.95,109.555,0.0,33.338,1
1785988063,626750244,119.556,2.661,122.087,0.0,66.676,1
1785988063,693426514,104.31,2.946,107.107,0.0,33.338,1
1785988063,726764648,121.37,2.807,124.059,0.0,66.676,1
1785988063,793440186,94.795,2.127,96.8,0.0,33.337,1
1785988063,826777588,118.372,5.221,123.465,0.0,66.755,1
1785988063,860115723,147.322,2.356,149.555,0.0,66.834,1
1785988063,926950195,138.336,7.764,145.98,0.0,66.836,1
1785988063,993786133,118.637,2.486,121.021,0.0,66.837,1
1785988064,94042480,90.657,3.085,93.486,0.0,33.419,1
1785988064,127461914,117.468,2.316,119.682,0.0,33.42,1
1785988064,194302002,118.377,3.554,121.718,0.0,66.841,1
1785988064,261143311,101.581,6.214,107.659,0.0,0.0,1
1785988064,294564697,118.137,2.101,120.138,-33.421,-33.421,1
1785988064,361407959,94.357,2.559,96.704,33.422,33.422,1
1785988064,394830322,113.698,2.252,115.841,0.0,66.845,1
1785988064,428252930,120.341,2.395,122.608,0.0,66.846,1
1785988064,495099121,94.015,13.639,107.158,0.0,33.424,1
1785988064,528522705,109.16,2.401,111.438,0.0,0.0,1
1785988064,561946533,114.624,2.716,117.214,-33.424,33.424,1
1785988064,628795654,95.124,2.926,97.826,-33.425,33.425,1
1785988064,662220703,99.135,4.243,103.221,0.0,33.425,1
1785988064,695645996,111.536,5.51,116.916,0.0,33.426,1
1785988064,729071533,125.043,3.642,128.525,0.0,66.853,1
1785988064,795924072,100.405,3.528,103.8,0.0,33.427,1
1785988064,829350586,127.094,11.218,138.165,0.0,66.761,1
1785988064,896111816,95.634,3.545,99.031,0.0,33.335,1
1785988064,929447021,114.666,2.172,116.732,0.0,66.67,1
1785988064,962782227,117.528,2.753,120.158,33.335,33.335,1
1785988065,29451904,90.246,2.227,92.359,-33.335,33.335,1
1785988065,62786621,110.041,2.177,112.105,0.0,33.334,1
1785988065,96120850,124.809,2.946,127.615,0.0,66.668,1
1785988065,162789063,112.342,2.869,115.076,0.0,66.667,1
1785988065,196122803,126.398,2.211,128.508,0.0,66.667,1
1785988065,262789795,122.995,3.331,126.163,0.0,66.667,1
1785988065,329456299,95.519,2.749,98.143,0.0,33.333,1
1785988065,429454102,86.374,2.89,89.141,0.0,33.332,1
1785988065,462786377,100.183,5.856,105.912,0.0,33.332,1
1785988065,496118408,115.395,2.232,117.516,0.0,66.664,1
1785988065,529450439,131.055,3.081,134.006,0.0,66.663,1
1785988065,596113525,123.058,2.19,125.144,0.0,66.663,1
1785988065,662776123,89.862,2.998,92.428,0.0,33.331,1
1785988065,696106934,117.736,3.335,120.929,0.0,66.661,1
1785988065,762768311,94.224,12.762,106.837,0.0,33.33,1
1785988065,796098633,101.547,2.219,103.646,0.0,33.33,1
1785988065,829428711,129.346,3.251,132.467,0.0,66.665,1
1785988065,896093750,121.989,2.761,124.612,0.0,66.667,1
1785988065,962761230,103.654,3.039,106.554,0.0,33.333,1
1785988065,996094727,117.011,2.321,119.208,0.0,66.667,1
1785988066,62761230,94.538,15.867,110.276,0.0,33.333,1
1785988066,96093994,116.258,2.5,118.63,0.0,66.665,1
1785988066,129426758,126.208,12.403,136.497,0.0,66.665,1
1785988066,196091309,101.504,3.102,104.343,0.0,33.332,1
1785988066,229423340,124.868,2.298,127.055,0.0,66.664,1
1785988066,296086914,93.909,3.551,97.34,0.0,33.331,1
1785988066,329418213,115.324,2.285,117.498,0.0,66.662,1
1785988066,362749512,121.646,2.251,123.779,0.0,66.662,1
1785988066,429411377,92.946,2.268,95.054,0.0,33.331,1
1785988066,462741943,118.353,3.184,121.285,0.0,66.66,1
1785988066,529402344,93.945,3.597,97.419,0.0,33.33,1
1785988066,562732422,111.799,3.879,115.545,0.0,0.0,1
1785988066,596062012,122.039,3.126,125.017,-33.33,66.659,1
1785988066,662720947,93.832,2.501,96.213,0.0,33.329,1
1785988066,696050049,104.239,5.338,109.319,0.0,0.0,1
1785988066,729378906,119.395,3.069,122.335,-33.329,66.657,1
1785988066,796036133,93.934,14.531,108.289,0.0,33.328,1
1785988066,829364502,103.625,8.228,111.597,0.0,33.329,1
1785988066,862693359,121.637,2.97,124.485,0.0,33.34,1
1785988066,929372803,103.919,3.109,106.9,0.0,33.34,1
1785988066,962712402,118.995,2.194,121.075,0.0,66.679,1
1785988067,29391113,94.711,3.036,97.625,0.0,33.339,1
1785988067,62729980,116.053,2.768,118.678,0.0,66.677,1
1785988067,96068848,124.589,2.916,127.377,0.0,66.677,1
1785988067,162746094,100.766,4.421,105.05,0.0,33.338,1
1785988067,229422607,90.84,2.501,93.224,0.0,33.338,1
1785988067,262760498,118.394,2.107,120.401,0.0,66.676,1
1785988067,329436035,97.296,3.478,100.606,0.0,33.337,1
1785988067,362773438,111.313,2.686,113.869,0.0,33.337,1
1785988067,396110840,117.913,3.739,121.531,0.0,33.337,1
1785988067,462784912,97.172,3.68,100.619,-33.337,33.337,1
1785988067,496121826,118.791,2.779,121.448,0.0,33.336,1
1785988067,562794922,91.42,2.528,93.831,33.336,33.336,1
1785988067,596131104,115.868,5.044,120.795,0.0,33.336,1
1785988067,629467285,121.416,2.653,123.951,0.0,66.672,1
1785988067,696138916,91.662,2.455,94.001,0.0,33.336,1
1785988067,729474609,103.97,3.081,106.914,0.0,33.335,1
1785988067,762810059,120.126,2.738,122.731,0.0,66.67,1
1785988067,829480225,98.916,3.191,101.97,0.0,0.0,1
1785988067,862815674,122.655,2.793,125.169,33.334,66.669,1
1785988067,929484375,108.85,3.917,112.611,0.0,33.334,1
1785988067,962818115,123.971,2.905,126.746,0.0,66.667,1
1785988068,29485352,99.544,2.814,102.224,0.0,33.333,1
1785988068,96151855,96.507,2.515,98.902,0.0,33.333,1
1785988068,129484863,117.909,2.682,120.463,0.0,33.333,1
1785988068,196149902,95.083,2.538,97.487,33.332,33.332,1
1785988068,229482178,107.622,5.105,112.605,0.0,33.332,1
1785988068,262814453,130.945,2.995,133.804,0.0,66.663,1
1785988068,329477783,111.629,2.175,113.68,0.0,33.332,1
1785988068,396140625,95.12,2.835,97.774,0.0,33.331,1
1785988068,429471680,115.883,2.928,118.653,0.0,66.661,1
1785988068,462802490,123.006,3.1,125.978,0.0,66.661,1
1785988068,529463379,95.001,3.538,98.415,0.0,33.33,1
1785988068,562793701,112.275,2.862,115.02,0.0,33.33,1
1785988068,596123535,132.64,2.491,134.979,0.0,66.659,1
1785988068,662782959,103.325,3.021,106.166,0.0,33.329,1
1785988068,729441406,95.273,2.7,97.832,0.0,33.329,1
1785988068,762770508,131.614,2.854,134.339,0.0,33.329,1
1785988068,829427734,130.504,9.113,139.487,-33.329,33.329,1
1785988068,862756592,162.859,5.124,167.852,0.0,100.143,1
1785988068,962899414,121.805,10.098,131.788,0.0,66.764,1
1785988068,996281006,145.821,2.363,148.065,0.0,100.147,1
1785988069,96428467,98.439,2.746,100.997,0.0,33.383,1
1785988069,129811768,131.057,2.306,133.248,0.0,66.768,1
1785988069,196579346,116.965,2.601,119.444,0.0,33.384,1
1785988069,229963623,120.765,2.37,123.013,0.0,66.77,1
1785988069,296733398,106.402,4.514,110.777,0.0,0.0,1
1785988069,330118896,125.526,2.782,128.192,-33.385,66.772,1
1785988069,396891113,96.561,2.408,98.849,0.0,33.387,1
1785988069,430277832,123.456,2.256,125.587,0.0,66.774,1
1785988069,497052246,105.639,2.64,108.113,0.0,33.388,1
1785988069,530439941,120.311,3.259,123.441,0.0,66.777,1
1785988069,597216553,97.639,3.168,100.672,0.0,33.389,1
1785988069,630605469,120.754,3.336,123.805,0.0,66.779,1
1785988069,697384521,98.19,2.698,100.761,0.0,33.39,1
1785988069,730774658,121.939,2.303,124.036,0.0,66.781,1
1785988069,797555908,90.074,2.447,92.412,0.0,33.391,1
1785988069,830947021,122.836,6.68,129.393,0.0,33.391,1
1785988069,897677979,97.772,5.593,103.224,0.0,33.34,1
1785988069,931017822,124.577,2.792,127.247,0.0,66.679,1
1785988069,964357422,127.683,3.24,130.688,0.0,66.679,1
1785988070,31036377,102.791,2.476,105.136,0.0,33.339,1
1785988070,64375488,123.103,2.947,125.925,0.0,33.339,1
1785988070,131053711,110.214,2.92,112.998,33.339,33.339,1
1785988070,164392334,121.682,2.556,124.109,0.0,66.677,1
1785988070,231069336,99.734,2.571,102.176,0.0,33.338,1
1785988070,264407715,118.611,2.199,120.643,0.0,66.676,1
1785988070,331083984,116.228,2.644,118.626,0.0,66.675,1
1785988070,364421631,128.363,2.339,130.581,0.0,66.675,1
1785988070,431096924,120.674,2.624,123.162,0.0,66.675,1
1785988070,497771484,95.056,3.081,98.001,0.0,33.337,1
1785988070,531108643,119.232,2.922,121.984,0.0,66.674,1
1785988070,597782227,109.225,4.512,113.605,0.0,33.337,1
1785988070,631118896,130.33,3.701,133.9,0.0,66.673,1
1785988070,697791748,113.465,2.43,115.77,0.0,33.336,1
1785988070,731127686,125.608,2.989,128.463,0.0,66.672,1
1785988070,797799561,109.502,7.535,116.89,0.0,33.336,1
1785988070,831135254,126.207,3.089,129.07,0.0,66.683,1
1785988070,897818115,106.027,2.807,108.705,0.0,33.347,1
1785988070,931164795,129.276,3.426,132.563,0.0,66.693,1
1785988070,964511475,144.798,2.618,147.29,0.0,33.347,1
1785988071,31204834,119.496,3.531,122.832,33.346,33.346,1
1785988071,97897705,96.135,2.617,98.633,-33.346,33.346,1
1785988071,131244141,127.177,3.393,130.447,0.0,66.692,1
1785988071,197936523,120.039,3.023,122.937,0.0,33.346,1
1785988071,264628662,98.347,2.733,100.945,0.0,33.346,1
1785988071,297974854,117.98,2.3,120.166,0.0,66.692,1
1785988071,364666504,101.103,3.269,104.224,0.0,33.346,1
1785988071,398012451,121.127,2.875,123.879,0.0,66.691,1
1785988071,464703857,97.428,4.15,101.449,0.0,33.346,1
1785988071,498049561,104.496,3.618,107.273,0.0,0.0,1
1785988071,531395020,121.894,2.764,124.526,-33.345,66.691,1
1785988071,598085938,115.905,6.758,121.902,0.0,33.345,1
1785988071,631431152,124.936,2.14,126.969,0.0,66.69,1
1785988071,698121582,104.192,3.612,107.656,0.0,33.345,1
1785988071,731466797,119.516,2.695,122.077,0.0,66.69,1
1785988071,798156982,96.933,2.528,99.341,0.0,33.345,1
1785988071,831501953,110.194,2.853,112.917,0.0,33.345,1
1785988071,864846924,123.07,2.789,125.726,0.0,33.342,1
1785988071,931531250,112.477,3.012,115.333,-33.342,33.342,1
1785988071,964873291,126.562,2.459,128.905,0.0,66.683,1
1785988072,31556641,98.376,2.881,101.049,0.0,33.342,1
1785988072,64898193,105.084,7.017,111.977,0.0,33.341,1
1785988072,98239502,144.821,2.506,147.211,0.0,66.682,1
1785988072,164921875,125.845,2.394,128.122,0.0,66.682,1
1785988072,231603760,96.458,7.636,103.956,0.0,33.341,1
1785988072,264944336,120.098,3.551,123.502,0.0,66.681,1
1785988072,331625488,94.192,3.835,97.841,0.0,33.34,1
1785988072,364965576,120.75,3.226,123.842,0.0,66.68,1
1785988072,431645752,95.077,3.015,97.805,0.0,33.34,1
1785988072,464985596,120.178,2.449,122.522,0.0,66.679,1
1785988072,531665039,100.711,3.911,104.467,0.0,33.339,1
1785988072,565004395,124.105,2.167,126.163,0.0,66.678,1
1785988072,631682861,109.146,2.428,111.456,0.0,33.339,1
1785988072,665021973,122.058,2.225,124.139,0.0,66.678,1
1785988072,731699707,98.245,3.592,101.713,0.0,33.339,1
1785988072,798376709,94.008,2.792,96.669,0.0,33.338,1
1785988072,831715088,104.973,11.745,116.493,0.0,33.339,1
1785988072,865053711,130.516,10.451,140.818,0.0,66.682,1
1785988072,931735596,117.053,3.232,120.153,0.0,33.341,1
1785988072,965076416,127.59,2.774,130.234,0.0,66.681,1
1785988073,31757568,106.971,2.244,109.103,0.0,33.34,1
1785988073,65097900,117.774,2.495,120.121,0.0,66.68,1
1785988073,98437988,128.234,3.298,131.401,0.0,66.68,1
1785988073,165117920,104.236,5.07,109.099,0.0,33.34,1
1785988073,198457520,122.432,6.098,128.294,0.0,66.679,1
1785988073,265136719,109.623,2.433,111.938,0.0,33.339,1
1785988073,331815186,95.2,2.559,97.623,0.0,33.339,1
1785988073,365154053,103.667,2.438,105.955,0.0,33.339,1
1785988073,398492920,124.037,2.321,126.237,0.0,66.677,1
1785988073,465170166,95.207,3.464,98.543,0.0,33.338,1
1785988073,498508545,104.564,3.476,107.745,0.0,33.338,1
1785988073,531846924,122.396,2.62,124.889,0.0,66.676,1
1785988073,598522949,100.27,3.236,103.384,0.0,33.338,1
1785988073,631860840,122.818,2.49,125.19,0.0,33.338,1
1785988073,698536133,93.707,2.244,95.842,33.337,33.337,1
1785988073,731873535,113.114,3.573,116.564,0.0,33.337,1
1785988073,765210693,127.714,2.652,130.231,0.0,66.674,1
1785988073,831884766,105.1,2.432,107.386,0.0,33.337,1
1785988073,865221924,125.986,4.562,130.424,0.0,66.682,1
1785988073,931904053,127.572,6.837,134.284,0.0,33.341,1
1785988073,965244873,148.067,2.442,150.375,0.0,66.681,1
1785988074,31926270,126.492,2.268,128.632,0.0,66.681,1
1785988074,98606934,103.638,2.628,106.133,0.0,33.34,1
1785988074,131947021,122.314,2.504,124.68,0.0,66.68,1
1785988074,198626709,97.048,2.969,99.879,0.0,33.34,1
1785988074,231966553,122.781,3.249,125.881,0.0,66.679,1
1785988074,298645508,98.814,3.444,102.058,0.0,33.339,1
1785988074,331984619,112.115,3.518,115.143,0.0,33.339,1
1785988074,365323730,123.88,2.182,125.924,0.0,66.678,1
1785988074,432001709,125.27,5.036,130.114,0.0,66.677,1
1785988074,498678955,101.219,12.578,113.674,0.0,33.338,1
1785988074,532017334,115.605,2.45,117.928,0.0,33.338,1
1785988074,565355469,127.73,4.01,131.391,0.0,66.676,1
1785988074,632031494,110.256,3.284,113.404,0.0,33.338,1
1785988074,665369385,127.304,2.704,129.88,0.0,66.675,1
1785988074,732044678,106.673,2.942,109.463,0.0,33.337,1
1785988074,765382080,122.196,2.458,124.538,0.0,66.674,1
1785988074,832056396,104.748,3.392,108.005,0.0,33.337,1
1785988074,865393555,123.882,2.848,126.607,0.0,66.683,1
1785988074,932076660,122.579,2.638,125.019,0.0,66.682,1
1785988074,998759033,99.068,2.968,101.908,0.0,33.341,1
1785988075,32100098,113.28,2.474,115.634,0.0,33.341,1
1785988075,65440918,131.768,2.429,134.077,0.0,66.681,1
1785988075,132122314,120.806,2.883,123.4,0.0,66.681,1
1785988075,198802979,95.841,2.957,98.675,0.0,33.34,1
1785988075,232143066,121.221,3.112,124.134,0.0,33.34,1
1785988075,298822998,94.947,3.099,97.913,-33.34,33.34,1
1785988075,332162842,122.169,3.293,125.334,0.0,66.679,1
1785988075,398841797,95.442,2.31,97.633,0.0,33.339,1
1785988075,432181152,112.5,2.81,115.177,0.0,33.339,1
1785988075,465520264,125.243,2.277,127.398,0.0,66.678,1
1785988075,532198242,94.444,3.527,97.833,0.0,33.339,1
1785988075,565536865,114.442,2.324,116.655,0.0,33.339,1
1785988075,632213867,96.018,2.475,98.362,-33.338,33.338,1
1785988075,665552246,113.252,3.778,116.8,0.0,33.338,1
1785988075,698890381,128.71,2.31,130.896,0.0,66.676,1
1785988075,765566406,104.153,8.22,112.258,0.0,33.338,1
1785988075,798904053,120.376,2.193,122.467,0.0,66.675,1
1785988075,898927002,94.473,3.389,97.742,0.0,0.0,1
1785988075,932348389,100.102,3.215,103.125,-33.421,-33.421,1
1785988075,965770020,109.927,2.627,112.422,-66.843,-66.843,1
1785988075,999192139,125.593,2.429,127.896,33.422,66.845,1
1785988076,66037354,101.764,3.073,104.709,0.0,33.423,1
1785988076,99460449,125.402,2.265,127.568,0.0,66.847,1
1785988076,166307861,114.802,2.741,117.416,0.0,33.424,1
1785988076,199732178,115.363,2.729,117.932,0.0,33.425,1
1785988076,233156982,129.849,3.405,133.115,0.0,66.85,1
1785988076,300007324,103.817,4.385,107.913,0.0,33.426,1
1785988076,333433105,120.977,3.261,124.117,0.0,33.426,1
1785988076,400285645,92.425,3.207,95.505,-33.427,33.427,1
1785988076,433712646,115.436,2.684,117.996,0.0,33.427,1
1785988076,467139893,124.575,3.4,127.807,0.0,66.855,1
1785988076,533995361,109.314,5.833,115.012,0.0,33.428,1
1785988076,567423828,124.928,2.814,127.606,0.0,66.858,1
1785988076,634281494,112.987,2.747,115.623,0.0,33.429,1
1785988076,701140869,92.317,2.894,95.083,-33.43,-33.43,1
1785988076,734571045,106.016,3.147,109.044,33.431,33.431,1
1785988076,801432617,95.395,2.334,97.613,0.0,33.431,1
1785988076,834864014,101.534,2.727,104.124,0.0,33.432,1
1785988076,868295654,114.348,8.627,116.8,0.0,33.43,1
1785988076,901725830,136.998,2.164,139.054,0.0,66.753,1
1785988076,968478760,124.623,2.219,126.725,0.0,66.754,1
1785988077,35233154,100.672,7.59,108.143,0.0,33.378,1
1785988077,68610840,121.399,3.875,125.146,0.0,66.756,1
1785988077,135367188,96.493,2.876,99.25,0.0,33.379,1
1785988077,168746094,110.619,2.809,113.288,0.0,33.379,1
1785988077,235504639,103.104,2.326,105.318,0.0,33.38,1
1785988077,268884521,125.804,2.809,128.362,0.0,66.761,1
1785988077,335645264,99.207,4.809,103.878,0.0,33.381,1
1785988077,369026123,119.606,3.106,122.574,0.0,66.763,1
1785988077,435789063,94.622,2.466,96.975,0.0,33.382,1
1785988077,469171143,122.539,2.659,125.073,0.0,66.765,1
1785988077,535936035,96.228,2.403,98.52,0.0,33.383,1
1785988077,569319092,111.58,3.939,115.414,0.0,33.384,1
1785988077,602702637,127.571,2.227,129.684,0.0,66.768,1
1785988077,669470459,100.637,2.517,103.03,0.0,33.385,1
1785988077,702854980,111.871,2.404,114.141,0.0,33.385,1
1785988077,736239746,122.508,5.044,127.414,0.0,66.771,1
1785988077,803010498,98.878,2.985,101.745,0.0,33.386,1
1785988077,836396484,124.562,2.314,126.771,0.0,66.772,1
1785988077,903168701,103.076,5.473,108.238,0.0,33.341,1
1785988077,936509766,127.892,2.312,130.031,0.0,66.682,1
1785988077,969850830,126.24,2.652,128.766,0.0,33.341,1
1785988078,36532227,112.955,2.529,115.362,33.341,33.341,1
1785988078,69872803,128.866,2.683,131.405,0.0,66.681,1
1785988078,136553467,104.16,3.619,107.644,0.0,0.0,1
1785988078,169893799,125.723,2.084,127.708,33.34,66.68,1
1785988078,236573486,125.996,2.587,128.458,0.0,66.679,1
1785988078,303252686,100.598,3.098,103.512,0.0,33.34,1
1785988078,336592285,119.876,2.726,122.479,0.0,66.678,1
1785988078,403270508,97.477,4.216,101.554,0.0,33.339,1
1785988078,436609619,116.307,4.604,120.182,0.0,66.677,1
1785988078,469948242,130.332,3.368,133.398,0.0,33.339,1
1785988078,536625488,109.201,5.245,114.202,-33.338,33.338,1
1785988078,569963867,121.95,2.459,124.19,0.0,33.338,1
1785988078,636640381,98.751,2.625,101.258,33.338,33.338,1
1785988078,669978271,121.907,2.668,124.45,0.0,66.676,1
1785988078,736653809,94.349,2.858,97.075,0.0,33.337,1
1785988078,769991211,108.942,2.793,111.492,0.0,33.337,1
1785988078,803328613,127.798,3.132,130.824,0.0,66.674,1
1785988078,870002930,126.052,3.477,129.267,0.0,66.678,1
1785988078,936681396,116.57,17.756,134.142,0.0,33.341,1
1785988078,970022461,141.421,2.517,143.818,0.0,66.681,1
1785988079,36703613,120.05,3.832,123.602,0.0,66.681,1
1785988079,103384521,96.915,2.21,99.011,0.0,33.34,1
1785988079,136724609,111.727,2.518,114.117,0.0,0.0,1
1785988079,170064697,124.73,2.601,127.22,-33.34,-33.34,1
1785988079,236744385,98.923,2.538,101.334,33.34,33.34,1
1785988079,270083984,108.504,2.77,111.147,0.0,33.339,1
1785988079,303423340,122.527,2.485,124.893,0.0,66.678,1
1785988079,370101807,105.33,5.717,110.902,0.0,33.339,1
1785988079,403440918,122.032,2.292,124.226,0.0,66.677,1
1785988079,470118408,110.17,2.349,112.401,0.0,33.339,1
1785988079,536795410,93.198,3.278,96.357,-33.338,33.338,1
1785988079,570133789,106.778,2.841,109.488,0.0,33.338,1
1785988079,603471924,126.359,2.695,128.928,0.0,66.676,1
1785988079,670147705,113.316,2.395,115.606,0.0,66.675,1
1785988079,703485352,126.661,2.004,128.572,0.0,66.675,1
1785988079,770160400,107.933,2.895,110.687,0.0,33.337,1
1785988079,803497559,125.372,2.394,127.656,0.0,66.674,1
1785988079,870171631,118.511,2.779,121.17,0.0,33.337,1
1785988079,903509033,153.851,4.775,158.497,0.0,100.159,1
1785988080,3668213,100.088,2.301,102.268,0.0,33.387,1
1785988080,37055420,123.748,2.396,126.027,0.0,66.776,1
1785988080,103831055,97.0,2.461,99.348,0.0,33.389,1
1785988080,137219727,121.172,2.672,123.72,0.0,66.778,1
1785988080,203998047,92.775,2.842,95.483,0.0,33.39,1
1785988080,237387939,126.42,2.118,128.435,0.0,66.781,1
1785988080,304168945,91.684,2.184,93.767,0.0,33.391,1
1785988080,337560059,106.504,2.951,109.333,0.0,33.391,1
1785988080,370951416,122.125,2.436,124.443,0.0,66.784,1
1785988080,437735840,112.738,4.318,116.929,0.0,33.393,1
1785988080,471128662,120.895,2.417,123.193,0.0,66.787,1
1785988080,537915771,104.205,6.6,110.673,0.0,33.394,1
1785988080,571309814,122.325,2.482,124.695,0.0,66.79,1
1785988080,638099365,122.804,3.41,126.06,0.0,66.791,1
1785988080,704890625,97.616,2.523,100.018,0.0,33.396,1
1785988080,738286865,120.43,2.683,122.968,0.0,66.794,1
1785988080,805080566,101.572,10.852,112.3,0.0,33.398,1
1785988080,838478271,125.255,3.151,128.287,0.0,66.795,1
1785988080,905273682,122.872,2.928,125.683,0.0,33.348,1
1785988080,971970459,97.533,2.668,100.083,0.0,33.348,1
1785988081,38666992,90.88,2.577,93.334,0.0,33.348,1
1785988081,72015137,102.808,5.228,106.695,0.0,33.348,1
1785988081,105363037,119.4,3.238,122.514,0.0,66.696,1
1785988081,172058838,97.57,3.594,101.04,0.0,33.348,1
1785988081,205406738,105.534,3.513,108.924,0.0,33.348,1
1785988081,238754395,119.149,2.369,121.405,0.0,33.348,1
1785988081,305449707,94.521,2.626,97.028,33.347,33.347,1
1785988081,338797119,118.938,2.282,121.112,0.0,66.695,1
1785988081,372144531,126.753,2.576,129.2,-33.347,66.695,1
1785988081,438839111,100.038,2.901,102.809,0.0,33.347,1
1785988081,472186523,121.349,2.393,123.626,0.0,66.694,1
1785988081,538880615,91.2,2.657,93.756,0.0,33.347,1
1785988081,572227539,105.381,3.686,108.799,0.0,33.347,1
1785988081,605574463,125.938,3.869,129.525,0.0,66.693,1
1785988081,672267822,109.835,2.32,112.036,0.0,33.347,1
1785988081,705614502,123.991,2.835,126.668,0.0,66.693,1
1785988081,772307617,109.322,2.583,111.78,0.0,33.346,1
1785988081,805653809,125.787,2.175,127.857,0.0,66.693,1
1785988081,872346436,124.176,2.374,126.444,0.0,66.695,1
1785988081,939041016,126.137,2.214,128.226,0.0,66.696,1
1785988082,5736816,96.39,2.364,98.631,0.0,33.348,1
1785988082,39084717,106.69,6.91,112.413,0.0,33.348,1
1785988082,72432373,131.303,2.327,133.509,0.0,66.695,1
1785988082,139127686,118.897,2.908,121.681,0.0,33.347,1
1785988082,205822510,97.997,3.115,100.861,-33.347,33.347,1
1785988082,239169922,119.816,2.708,122.4,0.0,66.694,1
1785988082,305864258,92.357,2.376,94.61,0.0,33.347,1
1785988082,339211182,104.902,2.76,107.53,0.0,33.347,1
1785988082,372558350,123.334,2.481,125.699,0.0,66.694,1
1785988082,439251953,94.428,3.392,97.691,0.0,33.347,1
1785988082,472598877,103.706,4.604,108.192,0.0,33.346,1
1785988082,505945313,110.412,5.304,115.589,0.0,33.347,1
1785988082,539291992,124.361,2.387,126.622,0.0,66.693,1
1785988082,605984863,118.493,2.929,121.27,0.0,66.693,1
1785988082,672677490,96.059,3.77,99.702,0.0,33.346,1
1785988082,706023682,113.388,2.944,116.207,0.0,33.346,1
1785988082,739369873,123.089,2.134,125.113,0.0,66.692,1
1785988082,806061768,96.042,2.238,98.16,0.0,33.346,1
1785988082,839407471,110.416,2.721,113.01,0.0,33.346,1
1785988082,872753418,128.599,2.197,130.682,0.0,66.697,1
1785988082,939450684,124.086,2.679,126.656,0.0,66.703,1
1785988083,6153320,108.006,2.722,110.598,0.0,33.351,1
1785988083,39504395,123.701,3.797,127.389,0.0,66.702,1
1785988083,106206787,96.535,3.078,99.492,0.0,33.351,1
1785988083,139557861,121.379,4.037,125.289,0.0,66.702,1
1785988083,206260010,100.811,2.574,103.13,0.0,33.351,1
1785988083,239610840,121.831,2.84,124.546,0.0,66.702,1
1785988083,306312744,102.128,7.939,109.822,0.0,33.351,1
1785988083,339663574,116.131,2.215,118.166,0.0,33.351,1
1785988083,373014404,126.016,2.91,128.808,0.0,66.702,1
1785988083,439716064,98.435,2.783,101.092,0.0,33.351,1
1785988083,473066650,109.42,2.767,112.012,0.0,33.351,1
1785988083,506417480,124.787,3.837,128.477,0.0,66.701,1
1785988083,573118652,101.808,2.638,104.316,0.0,33.351,1
1785988083,606469238,128.034,3.073,130.978,0.0,66.701,1
1785988083,673170166,116.732,2.492,118.954,0.0,66.701,1
1785988083,706520752,133.952,3.438,137.247,0.0,66.701,1
1785988083,773221436,123.935,2.046,125.882,0.0,66.701,1
1785988083,839922119,106.977,4.331,111.104,0.0,33.35,1
1785988083,873272217,129.909,18.981,148.763,0.0,66.7,1
1785988083,939972412,128.12,2.477,130.487,0.0,66.7,1
1785988084,6672119,120.596,3.064,123.525,0.0,66.699,1
1785988084,73371338,96.844,2.532,99.214,0.0,33.35,1
1785988084,106720947,115.812,2.713,118.358,0.0,66.699,1
1785988084,140070557,122.854,2.505,125.229,0.0,66.699,1
1785988084,206769287,98.964,7.715,106.455,0.0,33.349,1
1785988084,240118652,113.086,2.845,115.781,0.0,33.349,1
1785988084,306817139,91.188,2.241,93.124,33.349,33.349,1
1785988084,340166260,120.74,2.085,122.719,0.0,66.698,1
1785988084,406864258,96.656,3.301,98.889,0.0,33.349,1
1785988084,440213135,124.238,2.7,126.796,0.0,66.698,1
1785988084,506910645,98.464,2.435,100.773,0.0,33.349,1
1785988084,540259521,124.539,2.158,126.6,0.0,66.697,1
1785988084,606956787,106.506,4.013,110.4,0.0,0.0,1
1785988084,640305176,123.605,2.085,125.589,33.348,66.697,1
1785988084,707001953,102.542,2.506,104.942,0.0,33.348,1
1785988084,740350342,123.162,2.192,125.248,0.0,66.697,1
1785988084,807046875,100.351,3.383,103.608,0.0,33.348,1
1785988084,840395020,124.19,2.346,126.426,0.0,33.348,1
1785988084,907091064,116.738,2.875,119.485,-33.348,33.352,1
1785988084,940443359,133.825,2.219,135.942,0.0,66.704,1
1785988085,7147461,122.324,2.952,125.056,0.0,66.704,1
1785988085,73851563,93.068,2.725,95.585,0.0,33.352,1
1785988085,107203369,123.291,2.848,125.939,0.0,66.704,1
1785988085,173907227,95.788,3.603,99.131,0.0,33.352,1
1785988085,207259033,117.015,7.218,121.451,0.0,33.352,1
1785988085,240610840,126.158,2.71,128.732,0.0,66.704,1
1785988085,307314453,102.162,2.691,104.723,0.0,33.352,1
1785988085,340666016,120.611,2.526,123.005,0.0,66.703,1
1785988085,407369385,97.273,2.871,100.026,0.0,33.352,1
1785988085,440720947,121.088,2.792,123.754,0.0,66.703,1
1785988085,507424072,99.131,2.822,101.801,0.0,0.0,1
1785988085,540775391,109.841,2.421,112.144,-33.351,33.352,1
1785988085,574126953,130.671,5.727,134.102,0.0,66.703,1
1785988085,640829590,120.056,2.214,122.161,0.0,33.351,1
1785988085,707532227,105.17,3.831,108.854,33.351,33.351,1
1785988085,740883545,130.812,2.691,133.374,0.0,66.702,1
1785988085,807585938,119.329,2.664,121.867,0.0,33.351,1
1785988085,840937012,129.46,2.866,132.123,0.0,66.702,1
1785988085,907639404,126.562,3.075,129.514,0.0,66.858,1
1785988085,974497314,109.212,2.264,111.362,0.0,33.43,1
1785988086,7927002,127.176,2.615,129.661,0.0,66.86,1
1785988086,74787354,105.746,6.669,112.29,0.0,33.431,1
1785988086,108218262,129.05,3.282,132.201,0.0,66.863,1
1785988086,175081299,106.96,7.699,114.5,0.0,33.432,1
1785988086,208513672,124.052,3.043,126.96,0.0,66.866,1
1785988086,275379395,101.884,3.919,105.665,0.0,33.434,1
1785988086,308812988,121.632,2.517,124.031,0.0,33.434,1
1785988086,375681152,93.333,2.68,95.881,-33.434,33.435,1
1785988086,409116211,117.544,2.478,119.906,0.0,66.871,1
1785988086,442551270,123.933,2.443,126.265,0.0,66.872,1
1785988086,509423340,105.267,3.932,109.071,0.0,33.437,1
1785988086,542859863,120.47,2.461,122.805,0.0,66.875,1
1785988086,609734375,96.012,5.721,101.611,0.0,33.438,1
1785988086,643172119,123.869,2.465,126.218,0.0,66.877,1
1785988086,710049316,118.293,2.378,120.556,0.0,66.879,1
1785988086,776928223,96.524,2.391,98.813,0.0,33.44,1
1785988086,810368408,126.681,3.192,129.741,0.0,66.881,1
1785988086,877249756,118.261,3.24,121.375,0.0,33.439,1
1785988086,910689209,129.344,3.176,132.163,0.0,66.684,1
1785988086,977372803,119.857,2.689,122.418,0.0,33.342,1
1785988087,44055908,93.55,2.704,96.049,33.341,33.341,1
1785988087,77396973,121.795,2.398,124.079,0.0,33.341,1
1785988087,110738281,117.983,2.423,120.294,0.0,66.682,1
1785988087,177420166,98.864,3.275,101.954,0.0,33.341,1
1785988087,210760986,119.875,2.308,122.072,0.0,66.681,1
1785988087,277441895,101.369,3.923,105.092,0.0,33.34,1
1785988087,310782227,118.551,3.725,121.107,0.0,66.68,1
1785988087,377462402,90.618,2.581,93.066,0.0,33.34,1
1785988087,410802490,100.827,4.84,105.533,0.0,0.0,1
1785988087,444142090,120.934,3.245,124.05,-33.34,66.679,1
1785988087,510821289,102.362,5.968,108.199,0.0,0.0,1
1785988087,544160645,118.31,2.66,120.845,33.339,33.339,1
1785988087,610838867,95.956,2.504,98.342,-33.339,33.339,1
1785988087,644177979,119.22,2.531,121.637,0.0,66.677,1
1785988087,710855469,98.895,2.386,101.158,0.0,33.338,1
1785988087,744193848,125.711,3.107,128.683,0.0,66.677,1
1785988087,810870605,98.606,4.613,103.098,0.0,33.338,1
1785988087,844208740,131.769,3.839,134.079,0.0,66.676,1
1785988087,910885010,123.072,2.634,125.576,0.0,66.838,1
1785988087,944303711,155.038,2.336,157.247,0.0,66.839,1
1785988088,44562256,96.423,3.713,99.942,-33.42,33.42,1
1785988088,77982422,124.209,2.527,126.593,0.0,66.841,1
1785988088,144823730,97.576,2.804,100.222,0.0,33.421,1
1785988088,178244873,103.167,4.082,106.94,0.0,33.422,1
1785988088,245088379,95.847,2.91,98.631,-33.422,33.422,1
1785988088,278510742,121.067,2.632,123.579,0.0,66.846,1
1785988088,345356445,93.864,13.416,106.127,0.0,33.424,1
1785988088,378780029,103.645,5.503,109.034,0.0,33.424,1
1785988088,445627686,94.771,6.067,100.561,0.0,33.425,1
1785988088,479052246,102.74,4.137,106.739,0.0,33.425,1
1785988088,512477051,118.139,2.957,120.981,0.0,66.851,1
1785988088,579327881,93.198,2.901,95.978,0.0,33.426,1
1785988088,612753662,110.479,2.358,112.728,0.0,33.426,1
1785988088,646179932,122.496,2.796,125.179,0.0,66.854,1
1785988088,713033691,104.74,3.261,107.868,0.0,33.427,1
1785988088,746460938,126.612,5.029,131.301,0.0,66.856,1
1785988088,813316650,111.478,2.649,113.995,0.0,33.428,1
1785988088,846745117,130.988,2.467,133.328,0.0,66.856,1
1785988088,913601563,129.827,7.119,136.322,0.0,66.822,1
1785988088,980423340,111.532,2.366,113.783,0.0,33.411,1
1785988089,13834473,120.312,2.26,122.461,0.0,66.823,1
1785988089,80657959,89.302,3.214,92.389,0.0,33.412,1
1785988089,114070068,98.412,3.088,101.293,0.0,33.413,1
1785988089,147482666,109.249,2.274,111.402,0.0,33.413,1
1785988089,180895264,114.843,4.422,119.142,0.0,66.826,1
1785988089,214308350,123.976,2.666,126.517,0.0,66.827,1
1785988089,281135254,105.173,2.62,107.667,0.0,33.414,1
1785988089,314549072,125.132,2.257,127.264,0.0,66.829,1
1785988089,381377930,114.718,2.144,116.736,0.0,66.83,1
1785988089,414792480,127.857,3.46,131.127,0.0,66.83,1
1785988089,481622803,102.451,4.315,106.606,0.0,33.416,1
1785988089,515038574,119.778,2.462,122.12,0.0,66.832,1
1785988089,548454346,129.449,3.519,132.833,0.0,66.833,1
1785988089,615287109,108.139,2.776,110.743,0.0,0.0,1
1785988089,648703857,115.423,2.638,117.937,-33.417,66.834,1
1785988089,715538086,89.477,3.357,92.7,0.0,33.418,1
1785988089,748955811,95.583,3.351,98.806,0.0,0.0,1
1785988089,782373535,113.034,2.696,115.598,-33.418,-33.418,1
1785988089,815791748,127.953,3.506,131.316,33.418,66.837,1
1785988089,882628906,100.067,7.425,107.341,0.0,0.0,1
1785988089,916046875,122.515,7.389,129.774,33.37,66.774,1
1785988089,982821045,117.353,2.583,119.822,0.0,66.809,1
1785988090,49629639,86.883,2.356,89.121,0.0,33.405,1
1785988090,83034424,118.907,2.201,120.994,0.0,33.405,1
1785988090,149844482,99.971,5.421,105.264,-33.405,33.405,1
1785988090,183249756,117.033,4.936,121.849,0.0,66.812,1
1785988090,250061279,99.578,12.861,112.314,0.0,33.406,1
1785988090,283467285,116.681,2.683,119.234,0.0,66.812,1
1785988090,350279785,90.456,3.296,93.635,0.0,33.407,1
1785988090,383686523,116.024,2.458,118.362,0.0,66.814,1
1785988090,450500732,92.463,12.846,105.19,0.0,33.407,1
1785988090,483907959,115.033,3.505,118.384,0.0,66.815,1
1785988090,550723389,89.279,2.923,92.084,0.0,33.408,1
1785988090,584131348,105.324,8.129,113.231,0.0,33.408,1
1785988090,617539795,130.093,2.797,132.731,0.0,66.817,1
1785988090,684356934,111.735,5.655,117.267,0.0,33.409,1
1785988090,751175049,88.643,2.883,91.386,0.0,33.409,1
1785988090,784584229,103.144,2.472,105.491,0.0,33.41,1
1785988090,817993896,122.278,2.481,124.65,0.0,66.82,1
1785988090,884813721,129.916,9.247,139.017,0.0,66.82,1
1785988090,951633545,102.227,8.639,110.738,0.0,33.397,1
1785988090,985030518,114.923,2.895,117.691,0.0,66.794,1
1785988091,51824463,86.361,2.825,89.068,0.0,33.397,1
1785988091,85221680,99.975,3.936,103.774,0.0,33.397,1
1785988091,118619141,122.685,2.08,124.653,0.0,66.795,1
1785988091,185414551,87.033,3.47,90.381,0.0,33.398,1
1785988091,218812500,114.675,2.444,116.998,0.0,33.398,1
1785988091,285608643,84.966,2.609,87.445,-33.398,33.398,1
1785988091,319007080,113.602,1.964,115.476,0.0,0.0,1
1785988091,385804443,88.362,3.412,91.64,33.399,33.399,1
1785988091,419203125,112.547,2.923,115.351,0.0,33.399,1
1785988091,486001465,87.467,2.843,90.153,-33.399,33.399,1
1785988091,519400879,112.71,3.369,115.966,0.0,33.399,1
1785988091,586199951,85.064,2.787,87.731,-33.4,33.4,1
1785988091,619599854,97.239,2.97,99.864,0.0,0.0,1
1785988091,652999756,112.943,2.61,115.421,-33.4,33.4,1
1785988091,719800293,88.173,2.048,90.123,-33.4,-33.4,1
1785988091,786601563,84.349,3.008,87.143,0.0,33.401,1
1785988091,820002197,92.521,2.337,94.755,0.0,33.401,1
1785988091,853403320,135.547,6.917,142.347,0.0,66.802,1
1785988091,920205566,106.971,2.716,109.56,0.0,33.401,1
1785988091,953606445,123.287,3.032,126.188,0.0,66.867,1
1785988092,20473633,104.07,5.262,109.206,0.0,33.435,1
1785988092,53908203,115.905,3.974,119.647,0.0,66.871,1
1785988092,120779297,92.633,2.493,95.001,0.0,0.0,1
1785988092,154215820,112.599,2.288,114.761,-33.437,66.875,1
1785988092,221091064,90.299,5.777,95.942,0.0,33.438,1
1785988092,254529541,112.747,2.364,114.993,0.0,66.879,1
1785988092,321408691,86.482,9.693,96.042,0.0,33.441,1
1785988092,354849365,96.771,2.132,98.788,0.0,33.441,1
1785988092,388290771,118.229,2.323,120.434,0.0,66.885,1
1785988092,455175293,97.536,10.375,107.774,0.0,33.443,1
1785988092,488618652,119.825,4.034,123.538,0.0,66.889,1
1785988092,555507324,104.657,3.264,107.798,0.0,33.445,1
1785988092,588952637,112.29,2.762,114.923,0.0,66.893,1
1785988092,655845459,84.903,3.64,88.412,0.0,33.447,1
1785988092,689292725,93.775,5.876,99.409,0.0,33.448,1
1785988092,722740967,111.523,2.417,113.828,0.0,66.898,1
1785988092,789639160,94.951,4.618,99.419,0.0,33.45,1
1785988092,823089111,112.909,2.094,114.897,0.0,66.902,1
1785988092,889991455,112.175,2.704,114.764,0.0,66.903,1
1785988092,923443359,148.557,2.69,151.126,0.0,100.227,1
1785988093,23670410,95.715,5.281,100.866,0.0,33.39,1
1785988093,57060303,116.615,2.257,118.765,0.0,66.78,1
1785988093,123840332,96.963,4.39,101.234,0.0,33.39,1
1785988093,157230469,117.767,2.204,119.858,0.0,66.781,1
1785988093,224010986,109.715,3.773,113.375,0.0,33.39,1
1785988093,290791992,86.145,2.453,88.449,-33.391,33.391,1
1785988093,324182617,99.873,3.788,103.548,0.0,33.391,1
1785988093,357573242,117.283,2.51,119.617,0.0,66.782,1
1785988093,424354980,87.441,5.726,93.003,0.0,33.391,1
1785988093,457745850,107.71,2.65,110.232,0.0,33.391,1
1785988093,524528320,80.242,2.381,82.499,33.391,33.391,1
1785988093,557919434,96.572,2.157,98.626,0.0,33.392,1
1785988093,591311035,112.434,2.653,114.958,0.0,66.783,1
1785988093,658093994,87.166,2.5,89.55,0.0,33.392,1
1785988093,691485596,109.987,2.512,112.371,0.0,66.784,1
1785988093,758269287,85.101,2.8,87.762,0.0,33.392,1
1785988093,791661377,105.077,5.67,110.636,0.0,66.784,1
1785988093,825053223,148.173,2.348,150.419,0.0,100.177,1
1785988093,925230225,119.882,2.647,122.413,0.0,66.785,1
1785988093,992014893,113.409,2.174,115.476,0.0,66.765,1
1785988094,58779785,92.114,5.855,97.839,0.0,0.0,1
1785988094,92162109,115.217,2.133,117.239,-33.382,66.765,1
1785988094,158927002,110.289,2.758,112.899,0.0,66.765,1
1785988094,225692139,80.575,2.585,83.031,0.0,33.383,1
1785988094,259074707,97.114,2.908,99.866,0.0,0.0,1
1785988094,292457275,114.72,3.268,117.828,-33.383,66.765,1
1785988094,359222656,103.108,2.292,105.287,0.0,33.383,1
1785988094,392605225,119.756,2.594,122.222,0.0,66.766,1
1785988094,459370850,100.747,2.365,102.999,0.0,33.383,1
1785988094,492753418,119.903,2.532,122.306,0.0,66.766,1
1785988094,559519287,104.93,2.11,106.935,0.0,33.383,1
1785988094,626285156,84.928,3.017,87.824,33.383,33.383,1
1785988094,659667969,93.484,4.464,97.807,0.0,33.383,1
1785988094,693051025,103.758,2.321,105.964,0.0,66.766,1
1785988094,759817139,86.31,3.239,89.389,0.0,33.383,1
1785988094,793200195,110.332,5.212,115.422,0.0,66.766,1
1785988094,859966309,83.73,2.854,86.461,0.0,33.383,1
1785988094,926732910,98.157,2.279,100.323,0.0,33.383,1
1785988094,960115967,103.781,2.22,105.88,0.0,33.384,1
1785988094,993499512,114.517,2.22,116.633,0.0,66.755,1
1785988095,60254639,82.619,2.487,84.985,0.0,33.378,1
1785988095,93632324,98.46,2.702,101.029,0.0,33.377,1
1785988095,127009766,113.284,2.171,115.346,0.0,66.755,1
1785988095,193764893,104.139,2.911,106.929,0.0,33.377,1
1785988095,227142334,111.665,2.45,113.997,0.0,66.755,1
1785988095,293897217,90.291,7.405,97.561,0.0,33.377,1
1785988095,327274658,110.892,2.099,112.875,0.0,66.755,1
1785988095,394029541,89.77,4.128,93.755,0.0,33.377,1
1785988095,427406982,110.85,3.055,113.783,0.0,66.755,1
1785988095,494161865,82.914,2.909,85.69,0.0,33.377,1
1785988095,527539063,97.949,7.961,105.794,0.0,33.377,1
1785988095,560916504,112.961,4.895,117.732,0.0,66.755,1
1785988095,627671143,109.012,2.677,111.58,0.0,66.754,1
1785988095,661048340,125.539,2.545,127.961,0.0,66.755,1
1785988095,727802979,108.762,2.09,110.753,0.0,66.754,1
1785988095,794557373,85.724,4.433,90.03,0.0,33.377,1
1785988095,827934570,106.779,2.7,109.351,0.0,66.754,1
1785988095,894688965,109.972,2.147,112.014,0.0,66.754,1
1785988095,961443115,109.327,3.327,112.527,0.0,66.668,1
1785988096,28110840,91.559,2.911,94.302,0.0,33.289,1
1785988096,61400146,107.678,2.75,110.231,0.0,66.577,1
1785988096,127977539,82.249,3.009,84.989,0.0,33.288,1
1785988096,161265381,97.747,2.461,100.084,0.0,0.0,1
1785988096,194552490,101.134,4.06,105.07,33.287,33.287,1
1785988096,227839111,113.845,2.561,116.278,0.0,66.572,1
1785988096,294410645,97.549,3.145,100.577,0.0,33.285,1
1785988096,327695557,116.05,2.489,118.423,0.0,66.568,1
1785988096,394263428,109.104,2.452,111.431,0.0,66.566,1
1785988096,460829102,91.819,5.529,97.205,0.0,33.282,1
1785988096,494111084,110.632,2.408,112.924,0.0,66.562,1
1785988096,560673096,88.427,3.828,92.088,0.0,33.28,1
1785988096,593953369,99.396,2.367,101.645,0.0,33.28,1
1785988096,627232910,116.424,1.993,118.325,0.0,66.557,1
1785988096,693790283,108.429,3.906,112.214,0.0,33.278,1
1785988096,760345459,95.426,4.644,99.868,33.277,33.277,1
1785988096,793622070,114.181,5.477,119.538,0.0,66.552,1
1785988096,860173828,109.591,3.838,113.314,0.0,66.549,1
1785988096,926723145,101.906,4.078,105.744,0.0,33.274,1
1785988096,959996826,116.696,2.488,119.059,0.0,66.565,1
1785988097,26562256,91.679,7.009,98.564,0.0,33.289,1
1785988097,59851318,113.339,2.225,115.437,0.0,66.576,1
1785988097,126427490,92.026,4.221,96.071,0.0,33.287,1
1785988097,159714844,112.905,6.085,118.86,0.0,66.573,1
1785988097,226287598,90.747,2.426,93.054,0.0,33.285,1
1785988097,259572998,109.501,2.739,112.1,0.0,66.569,1
1785988097,326142090,84.493,2.179,86.569,0.0,33.284,1
1785988097,359425781,94.375,3.128,97.26,0.0,33.283,1
1785988097,392708984,126.775,6.348,132.849,0.0,66.564,1
1785988097,459273193,89.208,3.034,92.112,0.0,33.281,1
1785988097,525835205,83.794,2.827,86.424,33.28,33.28,1
1785988097,559115234,94.921,4.964,99.746,0.0,33.28,1
1785988097,592394775,109.922,2.35,112.143,0.0,33.279,1
1785988097,658951904,94.637,4.63,99.083,33.278,33.278,1
1785988097,692229736,110.006,2.231,112.12,0.0,33.277,1
1785988097,758783203,87.977,2.499,90.322,33.276,33.276,1
1785988097,792059082,106.53,2.084,108.513,0.0,66.55,1
1785988097,825334473,120.032,2.395,122.321,0.0,66.549,1
1785988097,891883301,116.959,2.318,119.175,0.0,66.546,1
1785988097,958429688,102.285,2.078,104.258,0.0,33.275,1
1785988097,991704346,132.634,3.15,135.444,0.0,66.586,1
1785988098,58290771,113.655,2.606,116.136,0.0,33.292,1
1785988098,124875000,84.191,3.448,87.514,0.0,33.291,1
1785988098,158166016,101.997,2.701,104.571,0.0,33.291,1
1785988098,191456787,119.232,3.058,122.173,0.0,66.579,1
1785988098,224746826,139.587,2.533,142.02,0.0,66.578,1
1785988098,291325195,122.259,2.27,124.405,0.0,66.576,1
1785988098,357901123,112.082,2.38,114.337,0.0,66.574,1
1785988098,391188477,121.775,2.75,124.337,0.0,66.573,1
1785988098,424474854,143.981,2.294,146.163,0.0,99.856,1
1785988098,491046387,123.908,8.49,132.271,0.0,66.569,1
1785988098,557615723,101.487,5.442,106.618,0.0,0.0,1
1785988098,624182373,87.253,2.819,89.861,0.0,33.283,1
1785988098,657465088,116.711,2.714,119.316,0.0,66.563,1
1785988098,724028564,89.327,3.379,92.582,0.0,33.281,1
1785988098,757309326,96.489,11.964,108.342,0.0,33.28,1
1785988098,790589600,113.794,3.182,116.786,0.0,66.559,1
1785988098,857148438,88.226,2.72,90.822,0.0,33.279,1
1785988098,890427002,120.656,2.587,123.122,0.0,66.555,1
1785988098,956982422,109.729,2.598,112.202,0.0,66.573,1
1785988098,990261230,124.319,3.118,127.315,0.0,66.587,1
1785988099,56848145,103.366,2.976,106.147,0.0,33.292,1
1785988099,123432861,95.946,6.072,101.884,0.0,33.291,1
1785988099,156724121,97.702,3.089,100.55,0.0,33.291,1
1785988099,223305420,90.596,3.008,93.47,0.0,33.29,1
1785988099,256594971,98.31,2.915,101.092,0.0,33.289,1
1785988099,289884277,121.6,2.427,123.907,0.0,66.576,1
1785988099,356460693,96.182,2.41,98.464,0.0,33.288,1
1785988099,389748291,115.338,2.742,117.948,0.0,33.287,1
1785988099,456321289,93.491,3.797,97.138,33.286,33.286,1
1785988099,489606934,115.303,2.859,118.028,0.0,33.285,1
1785988099,556176758,91.667,2.54,94.077,33.284,33.284,1
1785988099,589460693,106.55,2.82,109.255,0.0,33.283,1
1785988099,622744141,115.577,4.133,119.548,0.0,66.565,1
1785988099,689309082,87.658,2.611,90.137,0.0,33.282,1
1785988099,722590820,94.204,3.526,97.584,0.0,33.281,1
1785988099,755871826,112.72,2.368,114.973,0.0,33.281,1
1785988099,789152588,131.564,11.341,138.537,0.0,66.559,1
1785988099,855711914,108.531,17.954,126.361,0.0,33.279,1
1785988099,922268799,98.52,3.091,101.425,0.0,33.278,1
1785988099,955546387,121.494,2.84,124.192,0.0,66.569,1
1785988100,22115234,104.888,13.397,118.105,0.0,33.29,1
1785988100,55404785,121.812,4.981,126.666,0.0,66.577,1
1785988100,121981689,106.669,4.269,110.813,0.0,0.0,1
1785988100,155269287,117.523,3.01,120.405,33.287,66.573,1
1785988100,221842529,96.419,4.402,100.685,0.0,33.286,1
1785988100,255128418,116.544,4.071,120.48,0.0,33.285,1
1785988100,321697998,92.056,3.091,95.009,33.284,33.284,1
1785988100,354981934,117.431,3.149,120.451,0.0,33.283,1
1785988100,421548096,91.832,3.406,95.111,33.282,33.282,1
1785988100,454830322,105.267,8.813,113.907,0.0,33.282,1
1785988100,488112061,118.998,2.427,121.306,0.0,66.561,1
1785988100,554673340,99.669,2.814,102.343,0.0,33.28,1
1785988100,587953125,119.07,2.502,121.456,0.0,66.558,1
1785988100,654510986,99.39,4.959,104.199,0.0,33.278,1
1785988100,687788818,118.867,2.977,121.729,0.0,33.278,1
1785988100,754343018,92.03,2.673,94.591,-33.277,-33.277,1
1785988100,787619385,100.619,4.352,104.821,33.275,33.275,1
1785988100,820894775,125.482,2.406,127.777,0.0,66.55,1
1785988100,887444336,100.899,2.761,103.513,0.0,33.274,1
1785988100,920718018,99.656,3.031,102.306,0.0,33.273,1
1785988100,953991211,122.764,2.189,124.86,0.0,66.618,1
1785988101,20609619,103.287,4.004,107.161,0.0,33.367,1
1785988101,53976807,116.002,4.666,120.565,0.0,33.367,1
1785988101,120710693,102.557,2.953,105.382,0.0,33.367,1
1785988101,154077637,122.909,2.864,125.656,0.0,66.733,1
1785988101,220811035,106.178,5.467,111.198,0.0,0.0,1
1785988101,254177490,119.475,2.018,121.393,-33.366,66.733,1
1785988101,320910400,95.501,2.463,97.85,0.0,33.366,1
1785988101,354276611,120.1,2.822,122.715,0.0,66.732,1
1785988101,421008789,94.158,3.281,97.285,0.0,33.366,1
1785988101,454374756,120.431,2.618,122.919,0.0,66.731,1
1785988101,521106201,90.893,3.001,93.678,0.0,33.366,1
1785988101,554471924,100.895,3.085,103.852,0.0,33.365,1
1785988101,587837402,110.603,2.407,112.889,0.0,33.365,1
1785988101,621202637,122.339,3.508,125.733,0.0,66.731,1
1785988101,687933350,93.522,3.288,96.588,0.0,33.365,1
1785988101,721298340,128.753,3.022,131.637,0.0,66.73,1
1785988101,788028320,105.435,2.297,107.61,0.0,33.365,1
1785988101,821393066,128.622,2.595,131.097,0.0,66.729,1
1785988101,888122314,110.163,4.599,114.628,0.0,33.365,1
1785988101,921486816,130.783,3.157,133.801,0.0,66.729,1
1785988101,988215576,117.915,3.444,121.23,0.0,33.364,1
1785988102,54983154,90.279,2.825,92.984,0.0,33.404,1
1785988102,88387451,119.327,2.254,121.466,0.0,66.81,1
1785988102,155197510,107.369,2.73,109.975,0.0,33.406,1
1785988102,188603027,127.064,2.153,129.117,0.0,66.812,1
1785988102,255415283,115.765,2.221,117.866,0.0,66.814,1
1785988102,322229492,102.824,6.571,109.249,0.0,33.407,1
1785988102,355636963,120.288,2.694,122.852,0.0,66.817,1
1785988102,422453613,101.958,2.308,104.149,0.0,33.409,1
1785988102,455862305,119.267,2.365,121.525,0.0,66.819,1
1785988102,522681396,97.715,3.749,101.176,0.0,33.41,1
1785988102,556091309,119.026,2.534,121.438,0.0,66.822,1
1785988102,622912842,91.857,2.678,94.408,0.0,33.411,1
1785988102,656324219,117.273,2.934,119.972,0.0,66.824,1
1785988102,723147949,94.367,2.899,97.138,0.0,33.413,1
1785988102,756560547,109.637,2.581,112.034,0.0,33.413,1
1785988102,789973389,122.976,2.104,124.982,0.0,66.827,1
1785988102,856800537,116.73,2.248,118.867,0.0,66.829,1
1785988102,890214844,128.048,2.914,130.847,0.0,66.83,1
1785988102,957044434,109.685,2.493,112.059,0.0,33.415,1
1785988102,990459717,124.702,2.273,126.863,0.0,66.695,1
1785988103,57155029,99.701,2.35,101.918,0.0,33.281,1
1785988103,90435547,120.342,2.279,122.501,0.0,66.559,1
1785988103,156994385,103.14,4.25,107.251,0.0,33.278,1
1785988103,256827393,89.154,2.654,91.683,0.0,33.276,1
1785988103,290103760,93.357,2.977,96.188,0.0,0.0,1
1785988103,323379639,106.623,3.791,110.265,33.275,33.275,1
1785988103,356654541,116.55,2.361,118.806,0.0,66.548,1
1785988103,389928955,122.401,2.339,124.539,0.0,66.547,1
1785988103,456475586,96.355,2.596,98.82,0.0,33.272,1
1785988103,523019775,88.143,2.441,90.454,0.0,33.271,1
1785988103,556290771,104.058,3.321,107.264,0.0,33.27,1
1785988103,622830566,91.084,2.053,93.032,0.0,33.269,1
1785988103,656099609,120.827,2.631,123.339,0.0,66.536,1
1785988103,722635498,93.059,2.979,95.892,0.0,33.267,1
1785988103,755902588,101.463,2.632,103.962,0.0,33.266,1
1785988103,789168701,118.834,2.582,121.29,0.0,66.531,1
1785988103,855699219,90.682,2.276,92.85,0.0,33.264,1
1785988103,922227051,93.789,2.793,96.457,0.0,0.0,1
1785988103,955489990,125.244,2.752,127.87,0.0,66.583,1
1785988104,22073242,120.823,2.662,123.36,0.0,66.642,1
1785988104,88715088,97.261,6.074,103.213,0.0,33.321,1
1785988104,122035645,120.5,2.094,122.497,0.0,66.641,1
1785988104,221996582,89.797,3.143,92.667,0.0,33.32,1
1785988104,255316650,107.559,2.793,110.217,0.0,33.32,1
1785988104,288636475,124.128,1.999,126.027,0.0,66.639,1
1785988104,355275879,92.702,3.429,95.999,0.0,33.32,1
1785988104,388595459,107.985,2.938,110.783,0.0,0.0,1
1785988104,421914795,119.492,3.319,122.677,-33.319,-33.319,1
1785988104,488552979,95.959,2.605,98.441,33.319,33.319,1
1785988104,521872070,104.514,2.41,106.802,0.0,33.319,1
1785988104,555190674,123.712,3.216,126.779,0.0,66.637,1
1785988104,621827881,94.193,4.169,98.243,0.0,0.0,1
1785988104,655146240,110.926,4.171,114.98,33.318,33.318,1
1785988104,688464355,122.433,2.063,124.388,0.0,33.318,1
1785988104,755100342,91.488,2.449,93.813,-33.318,33.318,1
1785988104,788418213,98.285,2.388,100.555,0.0,33.318,1
1785988104,821735840,108.402,2.42,110.7,0.0,33.318,1
1785988104,855053467,124.782,2.715,127.383,0.0,66.635,1
1785988104,921687988,132.284,2.392,134.549,0.0,66.635,1
1785988104,988322510,115.285,2.127,117.301,0.0,33.337,1
1785988105,21659180,124.589,2.078,126.565,0.0,66.818,1
1785988105,88477051,102.535,2.355,104.768,0.0,33.41,1
1785988105,121886719,118.115,2.138,120.147,0.0,66.821,1
1785988105,155296875,128.225,2.896,130.993,0.0,66.822,1
1785988105,222118408,105.561,3.133,108.518,0.0,33.412,1
1785988105,322354248,91.496,2.463,93.855,0.0,33.413,1
1785988105,355767090,121.814,2.161,123.857,0.0,66.827,1
1785988105,422593994,92.194,3.128,95.187,0.0,33.414,1
1785988105,456008057,108.971,2.398,111.256,0.0,33.415,1
1785988105,489422607,127.123,2.096,129.117,0.0,66.831,1
1785988105,556253174,97.027,2.578,99.486,0.0,33.416,1
1785988105,589669189,111.132,4.226,115.212,0.0,33.416,1
1785988105,623085449,120.551,2.82,123.245,0.0,66.834,1
1785988105,689919678,107.937,2.767,110.574,0.0,33.418,1
1785988105,723337402,119.433,3.573,122.881,0.0,66.837,1
1785988105,790174316,91.375,2.889,94.147,0.0,33.419,1
1785988105,823593262,103.807,2.152,105.853,0.0,33.419,1
1785988105,857012695,132.521,2.738,135.108,0.0,66.841,1
1785988105,923853271,111.931,5.68,117.492,0.0,33.421,1
1785988105,957274170,127.751,2.088,129.74,0.0,66.841,1
1785988106,57458496,91.306,2.579,93.766,0.0,33.409,1
1785988106,90867676,101.113,2.516,103.491,0.0,33.41,1
1785988106,124277344,121.114,2.989,123.972,0.0,66.82,1
1785988106,191097656,94.316,2.376,96.581,0.0,33.411,1
1785988106,224508545,118.835,2.775,121.46,0.0,33.411,1
1785988106,291331787,90.497,2.698,93.065,-33.412,33.412,1
1785988106,324744141,95.775,2.783,98.421,0.0,33.413,1
1785988106,358156738,100.207,3.008,103.016,0.0,33.413,1
1785988106,424983643,88.174,2.352,90.424,0.0,33.414,1
1785988106,458397705,99.8,2.85,102.492,0.0,33.415,1
1785988106,491812256,117.143,3.64,120.664,0.0,33.415,1
1785988106,558642578,93.083,3.825,96.788,-33.415,33.416,1
1785988106,592058594,106.102,2.215,108.21,0.0,33.416,1
1785988106,625474854,131.918,2.214,134.02,0.0,66.834,1
1785988106,692308838,105.344,2.765,107.956,0.0,33.418,1
1785988106,725726563,116.808,6.343,123.033,0.0,33.418,1
1785988106,792563232,98.567,3.455,101.81,-33.418,33.419,1
1785988106,859401855,92.052,2.576,94.348,0.0,33.42,1
1785988106,926242188,91.715,2.871,94.464,0.0,33.421,1
1785988106,959663086,105.661,3.345,108.849,0.0,33.421,1
1785988106,993084473,122.475,2.544,124.888,0.0,66.842,1
1785988107,59926514,99.18,7.036,104.004,0.0,33.332,1
1785988107,93258301,101.442,4.059,105.353,0.0,33.332,1
1785988107,126589844,123.831,2.132,125.867,0.0,66.663,1
1785988107,193252686,115.613,2.412,117.828,0.0,33.332,1
1785988107,259915527,96.605,3.466,99.842,-33.331,33.331,1
1785988107,293246826,106.952,2.58,109.367,0.0,33.331,1
1785988107,326578125,122.555,2.673,125.098,0.0,66.663,1
1785988107,393240723,97.992,2.945,100.803,0.0,33.331,1
1785988107,426571777,118.636,3.216,121.712,0.0,66.662,1
1785988107,493234131,92.272,2.356,94.509,0.0,33.331,1
1785988107,526564941,97.247,2.735,99.855,0.0,33.331,1
1785988107,559895996,108.201,2.718,110.779,0.0,33.331,1
1785988107,593227051,119.1,3.074,121.962,0.0,66.662,1
1785988107,659888672,97.117,2.442,99.428,0.0,33.331,1
1785988107,693219482,115.508,2.694,118.081,0.0,33.331,1
1785988107,759881104,95.158,3.644,98.6,0.0,33.331,1
1785988107,793211670,115.477,2.715,118.095,0.0,66.661,1
1785988107,859873047,108.048,5.548,113.482,0.0,33.331,1
1785988107,893203613,122.059,2.419,124.362,0.0,66.661,1
1785988107,959864502,101.884,3.683,105.444,0.0,33.33,1
1785988107,993194824,120.044,3.745,123.662,0.0,66.661,1
1785988108,59855957,101.312,3.455,104.533,0.0,33.339,1
1785988108,93194580,117.218,3.634,120.733,0.0,33.339,1
1785988108,159872070,93.917,2.317,96.113,0.0,33.339,1
1785988108,193210693,98.044,2.81,100.739,0.0,33.339,1
1785988108,226549316,129.697,2.731,132.291,0.0,66.677,1
1785988108,326565430,89.219,6.523,95.523,0.0,33.339,1
1785988108,359904297,107.131,4.909,111.649,0.0,33.339,1
1785988108,393243164,119.692,3.81,123.363,0.0,66.677,1
1785988108,459920654,94.019,2.56,96.455,0.0,33.339,1
1785988108,493259521,118.525,3.065,121.465,0.0,66.678,1
1785988108,559937256,91.866,2.832,94.56,0.0,33.339,1
1785988108,593276123,103.452,2.263,105.59,0.0,33.339,1
1785988108,626614990,116.869,2.637,119.387,0.0,66.678,1
1785988108,693292969,107.344,4.118,111.317,0.0,33.339,1
1785988108,726632080,120.371,2.997,123.236,0.0,66.678,1
1785988108,793310059,93.652,2.455,95.989,0.0,33.339,1
1785988108,826648926,102.792,18.482,121.117,0.0,33.339,1
1785988108,859988037,116.995,2.596,119.468,0.0,33.339,1
1785988108,893327148,141.858,7.444,149.168,0.0,66.678,1
1785988108,960005371,125.477,2.91,128.237,0.0,33.339,1
1785988109,26683594,110.453,2.323,112.665,-33.339,33.339,1
1785988109,60022949,129.43,4.44,131.993,0.0,66.692,1
1785988109,126714844,113.802,2.417,116.088,0.0,0.0,1
1785988109,160061035,126.2,2.638,128.708,-33.346,66.692,1
1785988109,226753418,107.839,2.807,110.487,0.0,33.346,1
1785988109,260099854,128.607,2.227,130.716,0.0,66.693,1
1785988109,326792725,110.936,3.094,113.888,0.0,33.347,1
1785988109,360139404,126.228,7.425,133.53,0.0,66.694,1
1785988109,426833008,109.166,6.103,114.659,0.0,33.347,1
1785988109,460179688,119.969,2.395,122.241,0.0,66.694,1
1785988109,526873779,101.505,3.177,104.477,0.0,33.347,1
1785988109,560220947,121.999,2.002,123.9,0.0,66.695,1
1785988109,626915527,90.524,2.454,92.864,0.0,33.347,1
1785988109,660262939,108.345,2.523,110.748,0.0,33.347,1
1785988109,693610352,121.77,2.055,123.729,0.0,66.695,1
1785988109,760305664,96.228,5.347,101.413,0.0,0.0,1
1785988109,793653320,110.725,2.385,112.989,-33.348,33.348,1
1785988109,827001221,133.918,2.393,136.197,0.0,66.696,1
1785988109,893697021,104.729,11.031,115.638,0.0,33.348,1
1785988109,927045166,122.927,2.3,125.085,0.0,66.696,1
1785988109,993741455,107.305,3.221,110.405,0.0,33.348,1
1785988110,27089844,128.748,2.3,130.925,0.0,66.828,1
1785988110,93917725,113.204,2.694,115.766,0.0,33.48,1
1785988110,127397949,121.727,2.002,123.627,0.0,66.963,1
1785988110,160879150,123.978,2.581,126.437,0.0,66.965,1
1785988110,227844482,100.523,6.111,106.516,0.0,33.484,1
1785988110,261328369,124.017,2.732,126.624,0.0,66.971,1
1785988110,328299316,103.656,2.338,105.852,0.0,33.487,1
1785988110,361786377,125.848,3.195,128.916,0.0,66.977,1
1785988110,428763184,106.867,2.195,108.94,0.0,33.49,1
1785988110,462252930,123.684,2.872,126.432,0.0,66.983,1
1785988110,529235596,106.839,2.581,109.285,0.0,33.493,1
1785988110,562728271,118.996,2.851,121.736,0.0,66.988,1
1785988110,629716553,94.112,3.829,97.808,0.0,33.496,1
1785988110,663212158,111.636,2.724,114.243,0.0,33.497,1
1785988110,696708740,118.462,2.849,121.194,0.0,66.996,1
1785988110,763704590,88.347,2.73,90.951,0.0,33.5,1
1785988110,797204102,111.177,2.34,113.399,0.0,33.5,1
1785988110,830704346,125.91,2.649,128.375,0.0,67.004,1
1785988110,897708008,120.607,3.121,123.503,0.0,67.008,1
1785988110,964715576,113.366,2.64,115.875,0.0,67.011,1
1785988111,31727051,87.913,2.806,90.598,0.0,33.504,1
1785988111,65230713,98.237,2.687,100.784,0.0,33.351,1
1785988111,98581543,118.429,2.382,120.701,0.0,66.702,1
1785988111,165283691,88.334,2.895,91.098,0.0,33.351,1
1785988111,198635010,99.895,4.452,104.2,0.0,33.351,1
1785988111,231986328,115.789,3.033,118.56,0.0,66.703,1
1785988111,298689697,88.392,2.816,91.06,0.0,0.0,1
1785988111,332041504,93.996,2.429,96.302,-33.352,33.352,1
1785988111,365393555,114.506,2.471,116.832,0.0,66.704,1
1785988111,432097900,95.272,2.923,98.065,0.0,33.352,1
1785988111,465450195,105.87,2.851,108.499,0.0,33.353,1
1785988111,498802734,118.06,3.118,121.05,0.0,66.705,1
1785988111,565508057,91.48,13.233,104.272,0.0,33.353,1
1785988111,598861084,105.527,4.332,109.701,0.0,33.353,1
1785988111,632214111,120.639,2.162,122.694,0.0,66.707,1
1785988111,698920654,117.315,3.033,120.212,0.0,66.707,1
1785988111,765627930,93.152,2.787,95.73,0.0,33.354,1
1785988111,798981689,108.05,2.651,110.586,0.0,33.354,1
1785988111,832335449,119.957,2.869,122.695,0.0,33.354,1
1785988111,865689453,152.724,3.544,156.148,0.0,66.708,1
1785988111,965752441,113.789,2.286,115.953,-33.354,33.354,1
1785988112,32461670,91.933,2.784,94.588,-33.355,33.355,1
1785988112,65816895,108.046,2.262,110.183,0.0,0.0,1
1785988112,99209961,116.651,2.721,119.26,-33.393,66.786,1
1785988112,165996338,89.254,2.518,91.641,0.0,33.393,1
1785988112,199389648,99.185,2.694,101.717,0.0,33.394,1
1785988112,232783203,119.48,2.432,121.794,0.0,66.787,1
1785988112,299570557,90.953,3.117,93.951,0.0,33.394,1
1785988112,332964600,112.547,4.911,117.32,0.0,33.394,1
1785988112,399752686,90.889,3.124,93.889,0.0,33.394,1
1785988112,433146973,104.969,8.588,107.391,0.0,33.394,1
1785988112,466541260,116.483,3.249,119.597,0.0,66.789,1
1785988112,533330566,92.378,2.428,94.679,0.0,33.395,1
1785988112,566725342,106.692,2.888,109.457,0.0,33.395,1
1785988112,600120117,122.777,2.433,125.087,0.0,66.79,1
1785988112,666910156,94.12,2.606,96.594,0.0,33.395,1
1785988112,700305420,101.434,3.536,104.853,0.0,33.395,1
1785988112,733700684,119.466,2.062,121.428,0.0,66.791,1
1785988112,800491943,87.751,2.997,90.398,0.0,33.396,1
1785988112,833887695,94.081,3.189,97.143,0.0,33.396,1
1785988112,867283447,106.203,3.801,109.827,0.0,33.396,1
1785988112,934075439,120.069,2.35,122.303,-33.396,66.792,1
1785988113,867920,92.584,6.828,99.065,0.0,0.0,1
1785988113,34264404,114.241,2.823,116.947,33.396,66.765,1
1785988113,101029785,83.705,2.33,85.918,0.0,33.386,1
1785988113,134415771,108.076,2.824,110.786,0.0,33.386,1
1785988113,167802002,118.218,2.308,120.41,0.0,66.773,1
1785988113,234574707,91.786,3.432,94.991,0.0,33.386,1
1785988113,267961182,110.921,2.278,113.085,0.0,66.773,1
1785988113,301347656,117.084,2.405,119.373,0.0,66.773,1
1785988113,368120605,114.077,2.356,116.152,0.0,66.773,1
1785988113,434894043,91.956,2.847,94.67,0.0,33.387,1
1785988113,468280762,117.114,2.518,119.441,0.0,66.774,1
1785988113,535054443,89.371,2.813,92.058,0.0,33.387,1
1785988113,568441406,115.62,2.586,118.09,0.0,66.774,1
1785988113,635215576,85.976,2.772,88.627,0.0,33.387,1
1785988113,668602539,97.626,4.716,102.155,0.0,0.0,1
1785988113,701989746,114.509,2.546,116.923,-33.387,66.775,1
1785988113,768764404,85.672,3.706,89.255,0.0,33.387,1
1785988113,802151855,97.734,2.511,100.088,0.0,0.0,1
1785988113,835539307,116.235,4.232,120.353,33.387,66.775,1
1785988113,868926758,130.601,6.371,136.844,0.0,66.775,1
1785988113,935701904,112.793,8.483,121.165,0.0,0.0,1
1785988113,969089600,155.576,2.287,157.737,33.388,100.164,1
1785988114,69253174,105.385,6.269,110.898,0.0,33.387,1
1785988114,102640625,120.96,2.695,123.526,0.0,66.76,1
1785988114,169400635,99.283,3.505,102.665,0.0,0.0,1
1785988114,202780762,113.374,2.239,115.499,-33.38,66.76,1
1785988114,269541260,92.064,6.922,98.843,0.0,33.38,1
1785988114,302921387,113.102,2.54,115.508,0.0,66.76,1
1785988114,369681641,88.361,2.295,90.478,0.0,33.38,1
1785988114,403062012,108.016,2.243,110.143,0.0,66.76,1
1785988114,436442139,120.673,2.117,122.691,0.0,66.761,1
1785988114,503202881,116.347,2.143,118.382,0.0,66.76,1
1785988114,569963379,89.849,2.897,92.617,0.0,33.38,1
1785988114,603343750,107.238,2.306,109.426,0.0,33.38,1
1785988114,636724121,116.586,2.346,118.823,0.0,66.761,1
1785988114,703484863,89.139,3.354,92.368,0.0,33.38,1
1785988114,736865234,94.843,2.413,97.135,0.0,0.0,1
1785988114,770245605,114.635,3.022,117.54,-33.38,66.761,1
1785988114,837006592,86.995,3.119,89.984,0.0,33.381,1
1785988114,870387207,116.365,2.103,118.357,0.0,66.761,1
1785988114,937148193,90.751,2.431,93.053,0.0,33.38,1
1785988114,970528564,107.043,3.163,110.077,0.0,33.381,1
1785988115,3909180,114.843,2.732,117.464,0.0,66.761,1
1785988115,70670410,87.904,2.776,90.56,0.0,33.38,1
1785988115,104050781,97.039,4.42,101.264,0.0,33.372,1
1785988115,137422852,115.02,2.091,117.01,0.0,66.744,1
1785988115,204166992,85.8,3.021,88.701,0.0,33.372,1
1785988115,237539063,97.081,3.196,100.085,0.0,33.372,1
1785988115,270910889,104.106,2.764,106.757,0.0,33.372,1
1785988115,304282959,117.227,3.256,120.366,0.0,66.744,1
1785988115,371026611,95.016,2.747,97.622,0.0,33.372,1
1785988115,404398438,113.343,2.613,115.816,0.0,66.743,1
1785988115,471141846,109.302,2.542,111.716,0.0,66.743,1
1785988115,504513428,127.461,7.973,135.289,0.0,66.743,1
1785988115,571256592,114.499,3.317,117.698,0.0,66.743,1
1785988115,637999268,86.624,5.128,91.629,0.0,33.372,1
1785988115,671370850,104.939,2.822,107.539,0.0,33.371,1
1785988115,704742188,111.552,3.244,114.275,0.0,0.0,1
1785988115,771484619,81.944,3.372,85.064,0.0,33.371,1
1785988115,804855713,95.694,2.792,98.376,0.0,33.371,1
1785988115,838226807,107.503,2.374,109.768,0.0,33.371,1
1785988115,871597900,133.543,7.555,140.977,0.0,66.742,1
1785988115,938340088,117.337,2.413,119.615,0.0,66.742,1
1785988116,5081787,101.543,4.934,106.328,0.0,0.0,1
1785988116,38452637,116.977,2.291,119.151,33.371,66.741,1
1785988116,105194092,90.037,3.478,93.17,0.0,33.37,1
1785988116,138563965,109.675,3.641,113.205,0.0,33.363,1
1785988116,171926758,115.198,2.646,117.715,0.0,66.725,1
1785988116,238652100,91.06,2.864,93.774,0.0,33.362,1
1785988116,272014404,110.094,2.659,112.531,0.0,66.725,1
1785988116,338739014,84.034,2.539,86.456,0.0,33.362,1
1785988116,372101074,95.192,2.574,97.64,0.0,33.362,1
1785988116,405462891,103.182,2.176,105.243,0.0,33.362,1
1785988116,438824707,114.906,2.122,116.92,0.0,66.723,1
1785988116,505547852,103.756,3.221,106.851,0.0,33.361,1
1785988116,538909180,113.514,2.287,115.698,0.0,66.722,1
1785988116,605631348,95.941,8.33,103.996,0.0,33.361,1
1785988116,638992188,113.389,2.914,116.183,0.0,66.721,1
1785988116,705713623,110.749,2.45,113.077,0.0,33.361,1
1785988116,772434570,84.18,2.572,86.63,33.36,33.36,1
1785988116,805794678,103.29,2.843,105.985,0.0,33.36,1
1785988116,839154785,119.206,2.285,121.327,0.0,66.72,1
1785988116,905874512,105.135,5.039,110.055,0.0,33.36,1
1785988116,939234131,122.407,2.51,124.761,0.0,66.719,1
1785988117,5953125,102.284,4.981,107.137,0.0,33.359,1
1785988117,39312500,119.655,3.021,122.561,0.0,66.718,1
1785988117,106030518,90.366,2.998,93.112,0.0,33.359,1
1785988117,139389404,114.873,2.412,117.158,0.0,66.648,1
1785988117,206037842,90.492,2.351,92.722,0.0,0.0,1
1785988117,239361816,112.066,2.414,114.359,-33.324,33.324,1
1785988117,306009521,84.524,2.419,86.819,-33.324,33.324,1
1785988117,339333252,111.483,2.508,113.869,0.0,33.323,1
1785988117,405980225,86.061,2.733,88.664,33.323,33.323,1
1785988117,439303711,111.969,2.74,114.601,0.0,66.646,1
1785988117,505949951,89.932,3.705,93.41,0.0,33.323,1
1785988117,539272949,96.123,3.016,98.997,0.0,33.323,1
1785988117,605918457,89.898,2.156,91.94,0.0,33.323,1
1785988117,639241211,90.24,8.031,97.56,0.0,33.323,1
1785988117,672563721,110.987,2.643,113.5,0.0,0.0,1
1785988117,739208496,85.253,3.301,88.42,33.322,33.322,1
1785988117,772530518,91.147,2.88,93.882,0.0,33.322,1
1785988117,805852783,104.088,2.62,106.586,0.0,33.322,1
1785988117,839174561,117.395,2.502,119.78,0.0,66.644,1
1785988117,905818115,119.668,2.354,121.909,0.0,66.643,1
1785988117,972461426,111.378,2.634,113.885,0.0,33.321,1
1785988118,39104004,85.11,2.543,87.51,33.321,33.321,1
1785988118,72425049,102.483,2.366,104.704,0.0,33.321,1
1785988118,105746094,120.061,2.444,122.378,0.0,66.652,1
1785988118,172397949,115.579,2.461,117.918,0.0,66.659,1
1785988118,239057373,90.816,10.289,100.977,0.0,33.33,1
1785988118,272386963,105.97,2.102,107.966,0.0,33.329,1
1785988118,305716309,118.338,2.406,120.619,0.0,66.659,1
1785988118,372375244,90.089,2.672,92.63,0.0,33.329,1
1785988118,405704590,104.545,2.567,106.981,0.0,33.329,1
1785988118,439033936,117.635,3.667,121.185,0.0,66.658,1
1785988118,505692139,115.519,3.106,118.495,0.0,66.658,1
1785988118,572350342,88.356,2.793,91.017,0.0,33.329,1
1785988118,605679443,103.945,2.047,105.887,0.0,0.0,1
1785988118,639008301,120.441,2.463,122.794,-33.329,66.658,1
1785988118,705666016,114.067,2.347,116.297,0.0,66.657,1
1785988118,772323486,83.572,2.475,85.925,0.0,33.329,1
1785988118,805652100,95.241,3.029,98.142,0.0,33.329,1
1785988118,838980713,125.571,2.41,127.858,0.0,66.657,1
1785988118,905637695,125.982,2.175,128.046,0.0,33.328,1
1785988118,972294189,113.918,2.962,116.723,0.0,66.656,1
1785988119,38950684,89.323,3.042,92.233,0.0,33.328,1
1785988119,72279053,116.477,2.382,118.737,0.0,66.657,1
1785988119,138936035,86.93,2.897,89.704,0.0,33.371,1
1785988119,172307373,113.181,2.524,115.589,0.0,33.371,1
1785988119,239050049,95.376,4.077,99.289,-33.371,-33.371,1
1785988119,272421143,111.961,2.865,114.626,-66.742,-66.742,1
1785988119,339163330,85.589,3.05,88.522,33.371,33.371,1
1785988119,372534180,90.983,2.768,93.604,0.0,33.371,1
1785988119,405905029,115.842,2.186,117.913,0.0,66.742,1
1785988119,472646729,86.674,2.616,89.157,0.0,0.0,1
1785988119,506017334,117.125,2.244,119.231,-33.371,66.741,1
1785988119,572758545,89.869,9.267,99.006,0.0,33.37,1
1785988119,606128906,105.664,3.277,108.802,0.0,33.37,1
1785988119,639499268,110.731,2.419,113.027,0.0,33.37,1
1785988119,672869629,116.958,2.505,119.294,0.0,66.74,1
1785988119,739610107,104.703,2.332,106.917,0.0,33.37,1
1785988119,772980225,117.377,2.116,119.377,0.0,66.74,1
1785988119,839720215,87.248,2.17,89.315,0.0,33.37,1
1785988119,906459961,86.207,2.395,88.483,0.0,33.37,1
1785988119,939829590,103.645,2.471,105.987,0.0,33.37,1
1785988119,973199219,115.472,2.424,117.774,0.0,33.37,1
1785988120,39938477,102.547,2.585,105.014,33.369,33.369,1
1785988120,73307861,114.935,2.686,117.505,0.0,66.739,1
1785988120,140046387,98.032,4.671,102.575,0.0,33.285,1
1785988120,206616211,86.182,2.312,88.365,0.0,33.284,1
1785988120,239900146,101.934,7.22,109.017,0.0,33.283,1
1785988120,273183350,114.488,2.821,117.064,0.0,66.565,1
1785988120,339748047,88.819,3.645,92.268,0.0,33.281,1
1785988120,373029297,93.413,3.307,96.504,0.0,33.281,1
1785988120,406310059,117.408,2.326,119.629,0.0,66.56,1
1785988120,472869629,85.134,2.311,87.257,0.0,33.279,1
1785988120,506148438,108.231,2.192,110.308,0.0,33.278,1
1785988120,539426514,120.021,2.629,122.518,0.0,66.554,1
1785988120,605980957,115.674,2.309,117.871,0.0,33.276,1
1785988120,672532715,96.748,2.868,99.427,33.275,33.275,1
1785988120,705807617,114.808,3.291,117.983,0.0,66.548,1
1785988120,772355469,92.664,3.243,95.722,0.0,33.273,1
1785988120,805628418,105.916,2.805,108.597,0.0,33.272,1
1785988120,838900879,120.965,2.324,123.179,0.0,33.272,1
1785988120,905443604,100.888,10.529,111.307,33.271,33.271,1
1785988120,938714111,121.701,2.18,123.766,0.0,66.539,1
1785988121,5253174,92.136,2.485,94.436,0.0,33.269,1
1785988121,38521729,113.837,2.484,116.126,0.0,66.535,1
1785988121,71789551,117.09,2.733,119.708,0.0,66.536,1
1785988121,138325439,89.311,2.194,91.391,0.0,33.33,1
1785988121,171655029,101.461,5.781,107.129,0.0,33.329,1
1785988121,204984375,111.3,3.975,115.141,0.0,33.33,1
1785988121,271643311,85.66,2.502,88.031,0.0,33.329,1
1785988121,304972412,91.166,3.023,94.054,0.0,33.329,1
1785988121,338301758,104.694,3.238,107.796,0.0,33.329,1
1785988121,371630859,116.448,3.104,119.427,0.0,66.658,1
1785988121,438289063,93.886,2.914,96.583,0.0,33.329,1
1785988121,471617920,107.802,2.502,110.175,0.0,0.0,1
1785988121,504946777,119.976,3.547,123.389,-33.329,66.657,1
1785988121,571604248,93.229,2.894,96.003,0.0,33.329,1
1785988121,604933105,112.716,3.926,116.519,0.0,66.657,1
1785988121,671590088,97.31,2.353,99.514,0.0,33.329,1
1785988121,704918701,116.605,2.649,119.108,0.0,66.657,1
1785988121,771575439,90.653,2.64,93.167,0.0,33.328,1
1785988121,804903809,106.676,2.339,108.892,0.0,33.328,1
1785988121,838231934,118.003,2.279,120.136,0.0,0.0,1
1785988121,904888184,112.195,2.454,114.529,33.328,66.656,1
1785988121,938216309,120.955,2.395,123.234,0.0,66.656,1
1785988122,4872070,89.941,2.799,92.613,0.0,33.328,1
1785988122,38199951,95.635,3.411,98.835,0.0,33.328,1
1785988122,71527588,107.232,4.135,111.235,0.0,33.328,1
1785988122,104855469,121.404,2.407,123.626,0.0,66.741,1
1785988122,171596924,116.415,2.594,118.893,0.0,66.828,1
1785988122,238425049,90.659,2.793,93.33,0.0,33.415,1
1785988122,271839844,118.809,2.478,121.167,0.0,66.831,1
1785988122,338670898,92.836,2.794,95.464,0.0,33.416,1
1785988122,372087158,103.508,5.482,108.872,0.0,33.417,1
1785988122,405503906,122.331,2.727,124.933,0.0,66.835,1
1785988122,472338867,103.13,2.823,105.801,0.0,33.418,1
1785988122,505757080,115.925,2.297,118.104,0.0,66.838,1
1785988122,572594971,97.021,6.307,103.115,0.0,33.42,1
1785988122,606014648,115.597,2.907,118.379,0.0,33.42,1
1785988122,672855469,88.221,7.753,95.865,-33.421,33.421,1
1785988122,706276611,98.665,3.007,101.537,0.0,33.422,1
1785988122,739698242,115.631,2.932,118.426,0.0,66.845,1
1785988122,806542969,93.412,9.625,102.898,0.0,33.423,1
1785988122,839966064,114.907,2.555,117.323,0.0,66.848,1
1785988122,906813721,104.419,2.506,106.8,0.0,33.425,1
1785988122,940238281,118.651,2.618,121.136,0.0,66.851,1
1785988123,7088867,92.707,2.82,95.395,0.0,33.426,1
1785988123,40514893,105.504,4.188,109.576,0.0,33.426,1
1785988123,73941162,123.056,2.323,125.258,0.0,66.853,1
1785988123,140793945,99.684,4.426,103.874,0.0,33.293,1
1785988123,174087402,116.862,2.592,119.326,0.0,66.585,1
1785988123,240672119,98.434,2.62,100.91,0.0,0.0,1
1785988123,273963867,114.603,3.304,117.782,33.291,33.291,1
1785988123,340545166,89.193,2.872,91.928,33.29,33.29,1
1785988123,373835205,95.487,3.626,98.993,0.0,33.289,1
1785988123,440413086,83.728,2.618,86.231,0.0,33.288,1
1785988123,473701172,88.833,2.166,90.896,0.0,0.0,1
1785988123,540275879,83.14,2.161,85.1,0.0,0.0,1
1785988123,573562256,101.012,3.948,104.845,33.286,33.286,1
1785988123,606848145,117.879,3.609,121.354,0.0,66.57,1
1785988123,673418213,101.651,2.343,103.873,0.0,33.284,1
1785988123,706702393,114.12,3.431,117.424,0.0,33.283,1
1785988123,739985840,122.193,2.578,124.576,0.0,66.565,1
1785988123,806551270,101.431,5.503,106.82,0.0,33.282,1
1785988123,873114502,123.539,3.272,126.694,0.0,66.561,1
1785988123,939675293,114.134,3.512,117.518,0.0,0.0,1
1785988123,972954834,132.351,6.097,138.321,33.279,66.557,1
1785988124,39512207,114.054,2.234,116.172,0.0,66.555,1
1785988124,72790283,118.604,2.799,121.256,33.277,66.556,1
1785988124,139345947,94.646,3.634,98.08,0.0,33.294,1
1785988124,172639648,111.644,2.496,114.019,0.0,33.293,1
1785988124,205932861,139.438,4.04,143.311,0.0,33.293,1
1785988124,272517578,120.319,2.076,122.289,-33.292,66.582,1
1785988124,339099854,93.899,2.586,96.367,0.0,33.29,1
1785988124,372390137,101.77,2.9,104.541,0.0,33.29,1
1785988124,405679688,119.273,2.483,121.643,0.0,66.578,1
1785988124,438968994,127.458,2.37,129.7,0.0,66.576,1
1785988124,505545410,108.209,3.089,111.16,0.0,33.288,1
1785988124,538833008,121.155,3.232,124.263,0.0,66.573,1
1785988124,605406006,107.6,2.628,110.103,0.0,33.286,1
1785988124,638691895,119.422,3.638,122.932,0.0,66.57,1
1785988124,705261475,94.485,9.011,103.376,0.0,33.284,1
1785988124,738545654,107.924,2.481,110.289,0.0,33.283,1
1785988124,771829102,118.849,2.279,120.95,0.0,66.565,1
1785988124,838394043,105.649,5.459,110.732,0.0,33.282,1
1785988124,871675781,129.274,2.897,132.038,0.0,66.562,1
1785988124,938237549,119.127,3.059,122.071,0.0,66.56,1
1785988125,4797119,90.637,2.782,93.293,0.0,33.279,1
1785988125,38075928,111.855,2.423,114.15,0.0,33.278,1
1785988125,71354248,124.996,2.468,127.325,0.0,66.556,1
1785988125,137910645,107.428,8.969,116.276,0.0,33.37,1
1785988125,171280762,104.531,2.822,107.213,0.0,33.37,1
1785988125,204650879,119.219,2.275,121.374,0.0,66.74,1
1785988125,271390625,95.23,2.036,97.167,0.0,33.37,1
1785988125,338129883,90.511,2.318,92.703,0.0,33.37,1
1785988125,371499512,100.065,2.43,102.357,0.0,33.37,1
1785988125,404869141,118.132,2.368,120.387,0.0,66.739,1
1785988125,471607666,95.713,2.102,97.699,0.0,33.369,1
1785988125,504977051,122.679,2.231,124.803,0.0,66.738,1
1785988125,571715332,92.734,2.978,95.581,0.0,33.369,1
1785988125,605084229,119.025,2.523,121.413,0.0,66.738,1
1785988125,671822021,91.812,5.394,97.085,0.0,0.0,1
1785988125,705190674,119.616,2.713,122.2,33.369,66.737,1
1785988125,771927979,92.787,2.995,95.646,0.0,33.368,1
1785988125,805296387,103.652,4.745,108.257,0.0,33.368,1
1785988125,838664795,126.131,2.515,128.53,0.0,66.737,1
1785988125,905401367,111.861,2.832,114.576,0.0,33.368,1
1785988125,938769531,133.429,2.502,135.806,0.0,66.736,1
1785988126,5505371,120.165,2.261,122.31,0.0,66.736,1
1785988126,72241211,96.863,6.044,102.779,0.0,33.368,1
1785988126,105608887,113.196,2.341,115.427,0.0,66.709,1
1785988126,138975830,130.55,6.944,137.301,0.0,66.732,1
1785988126,205707520,109.437,2.21,111.521,0.0,33.39,1
1785988126,272488037,90.111,2.398,92.394,0.0,33.391,1
1785988126,305879150,96.512,3.759,100.042,0.0,33.391,1
1785988126,339270508,106.937,7.009,111.648,0.0,33.392,1
1785988126,372662598,121.915,2.439,124.234,0.0,66.785,1
1785988126,439447998,91.695,2.763,94.319,0.0,33.393,1
1785988126,472841309,102.926,2.603,105.376,0.0,33.394,1
1785988126,506235352,118.422,2.425,120.73,0.0,33.395,1
1785988126,573024658,90.631,2.379,92.902,-33.395,33.396,1
1785988126,606420166,120.274,2.601,122.749,0.0,66.792,1
1785988126,673212402,96.837,3.032,99.75,0.0,33.397,1
1785988126,706609375,120.34,2.579,122.791,0.0,66.795,1
1785988126,773404541,95.094,12.597,107.569,0.0,33.398,1
1785988126,806802979,119.105,3.037,122.014,0.0,66.798,1
1785988126,873601074,98.812,3.297,101.983,0.0,33.4,1
1785988126,907000977,131.384,3.372,134.508,0.0,66.801,1
1785988126,940401123,143.219,2.681,145.755,0.0,66.802,1
1785988127,7203369,127.353,2.166,129.409,0.0,66.804,1
1785988127,74007324,106.796,4.279,110.935,0.0,33.403,1
1785988127,107410156,120.376,3.323,123.557,0.0,66.806,1
1785988127,174215820,95.571,3.028,98.476,0.0,33.294,1
1785988127,207509766,120.923,2.552,123.35,0.0,66.586,1
1785988127,274096191,96.583,2.563,99.004,0.0,33.292,1
1785988127,307388428,106.584,2.309,108.781,0.0,33.292,1
1785988127,373971191,90.598,2.578,93.059,0.0,33.291,1
1785988127,407261719,94.522,2.78,97.151,0.0,33.29,1
1785988127,440551758,103.308,4.21,107.377,0.0,33.29,1
1785988127,473841309,113.816,2.587,116.286,0.0,33.289,1
1785988127,507130127,122.232,2.605,124.703,0.0,66.576,1
1785988127,573706055,101.047,2.578,103.501,0.0,33.287,1
1785988127,606993408,124.743,2.978,127.601,0.0,66.573,1
1785988127,673565918,101.995,2.458,104.33,0.0,0.0,1
1785988127,706851318,121.235,4.004,125.087,33.285,66.569,1
1785988127,773420654,96.715,7.101,103.692,0.0,33.284,1
1785988127,806704346,107.861,5.429,113.158,0.0,0.0,1
1785988127,839987549,130.031,2.529,132.445,33.283,66.565,1
1785988127,906552246,129.639,9.823,139.34,0.0,66.562,1
1785988127,973114502,104.784,8.311,112.979,0.0,33.281,1
1785988128,6395020,123.965,2.307,126.163,0.0,66.559,1
1785988128,72953857,95.59,3.412,98.861,0.0,33.279,1
1785988128,106232422,107.79,4.785,112.435,0.0,33.278,1
1785988128,139510498,123.561,3.543,126.963,0.0,66.616,1
1785988128,206126221,102.321,3.018,105.209,0.0,33.337,1
1785988128,239462891,111.906,2.812,114.603,0.0,33.337,1
1785988128,272799561,124.766,2.059,126.718,0.0,66.673,1
1785988128,339472656,102.504,2.586,104.961,0.0,33.337,1
1785988128,372809326,127.893,2.068,129.845,0.0,66.673,1
1785988128,439482422,99.181,3.542,102.587,0.0,33.337,1
1785988128,472819092,116.849,3.328,120.056,0.0,66.673,1
1785988128,506155518,131.437,2.98,134.279,0.0,66.673,1
1785988128,572828857,110.524,3.655,114.065,0.0,33.336,1
1785988128,606165283,130.442,2.936,133.252,0.0,66.673,1
1785988128,672838623,112.544,2.545,114.952,0.0,33.336,1
1785988128,706175049,125.377,2.945,128.05,0.0,66.673,1
1785988128,772848389,99.367,3.064,102.317,0.0,33.336,1
1785988128,806184814,123.101,2.595,125.557,0.0,66.673,1
1785988128,839521484,136.827,2.55,139.256,0.0,33.336,1
1785988128,906194580,138.431,2.455,140.76,-33.337,66.673,1
1785988128,972867676,134.387,2.501,136.749,0.0,66.673,1
1785988129,39540771,104.516,3.239,107.512,0.0,33.337,1
1785988129,106214111,94.71,2.562,97.157,0.0,33.336,1
1785988129,139550537,103.424,2.903,106.199,0.0,33.337,1
1785988129,172887207,124.736,2.277,126.9,0.0,66.691,1
1785988129,239577881,96.287,2.591,98.757,0.0,33.345,1
1785988129,272923096,123.759,2.22,125.861,0.0,66.691,1
1785988129,339614258,93.068,4.948,97.899,0.0,33.345,1
1785988129,372959717,108.922,4.32,113.122,0.0,33.346,1
1785988129,406305420,122.087,2.535,124.437,0.0,33.346,1
1785988129,472997070,97.17,2.836,99.885,-33.346,33.346,1
1785988129,506343018,111.685,2.445,114.008,0.0,33.346,1
1785988129,539688965,125.093,3.265,128.235,0.0,66.692,1
1785988129,606381104,97.499,2.347,99.735,0.0,33.346,1
1785988129,639727295,128.547,5.465,133.891,0.0,66.693,1
1785988129,706419922,103.35,5.074,107.908,0.0,33.346,1
1785988129,739766357,123.992,2.288,126.157,0.0,66.693,1
1785988129,806459473,103.187,8.66,111.699,0.0,33.347,1
1785988129,839806152,121.012,3.635,124.541,0.0,33.347,1
1785988129,906499512,114.674,6.753,121.314,-33.347,33.347,1
1785988129,939846436,139.416,10.37,149.608,0.0,66.694,1
1785988130,6540283,124.886,2.043,126.832,0.0,66.694,1
1785988130,39887451,143.71,6.644,150.19,0.0,33.347,1
1785988130,106581787,116.304,2.119,118.32,-33.347,66.695,1
1785988130,206628906,88.774,2.189,90.849,-33.353,33.353,1
1785988130,239981445,99.087,6.916,105.882,0.0,33.353,1
1785988130,273334229,125.182,2.476,127.535,0.0,66.706,1
1785988130,340040283,96.089,3.153,99.105,0.0,33.353,1
1785988130,373393311,121.335,2.598,123.804,0.0,66.707,1
1785988130,440100098,92.986,2.928,95.783,0.0,33.354,1
1785988130,473453613,102.343,3.724,105.925,0.0,33.354,1
1785988130,506807373,118.318,2.671,120.866,0.0,66.708,1
1785988130,573515137,91.32,2.435,93.637,0.0,33.354,1
1785988130,606869385,110.173,2.697,112.744,0.0,33.354,1
1785988130,640223633,130.929,3.491,134.289,0.0,66.709,1
1785988130,706932617,123.43,2.334,125.64,0.0,66.709,1
1785988130,773642090,97.961,2.383,100.219,0.0,33.355,1
1785988130,806997070,119.6,2.393,121.866,0.0,33.355,1
1785988130,840352051,128.911,5.416,134.134,0.0,66.711,1
1785988130,907062744,112.531,8.57,120.958,0.0,33.355,1
1785988130,940418213,123.167,3.145,126.194,0.0,66.711,1
1785988131,7129639,106.419,4.379,110.66,0.0,33.356,1
1785988131,40485352,122.608,2.752,125.249,0.0,66.712,1
1785988131,107197754,97.866,3.327,101.013,0.0,33.356,1
1785988131,140553955,109.813,3.475,113.154,0.0,33.356,1
1785988131,173910156,126.425,2.285,128.579,0.0,66.733,1
1785988131,240642822,112.46,3.239,115.251,0.0,33.367,1
1785988131,274009521,127.454,2.772,130.12,0.0,66.734,1
1785988131,340743408,112.186,3.118,115.041,0.0,33.367,1
1785988131,374110840,127.461,2.008,129.367,0.0,66.736,1
1785988131,440846436,95.868,2.636,98.381,0.0,33.368,1
1785988131,474214600,113.684,2.675,116.239,0.0,0.0,1
1785988131,507582764,122.672,2.693,125.239,-33.368,66.738,1
1785988131,540951416,131.252,3.019,134.146,0.0,66.738,1
1785988131,607689209,107.285,4.139,111.294,0.0,33.369,1
1785988131,641058594,127.481,2.43,129.8,0.0,66.739,1
1785988131,707797852,120.968,2.434,123.279,0.0,66.74,1
1785988131,774538330,99.036,2.611,101.52,0.0,33.37,1
1785988131,807908691,123.022,5.492,128.026,0.0,66.742,1
1785988131,874650391,127.704,2.674,130.262,0.0,66.743,1
1785988131,941393066,121.224,3.39,124.501,0.0,66.744,1
1785988132,8136719,106.804,3.002,109.676,0.0,33.372,1
1785988132,41509033,123.155,3.121,126.16,0.0,66.745,1
1785988132,108254150,96.154,2.665,98.696,0.0,33.373,1
1785988132,141626953,105.94,3.64,109.364,0.0,33.373,1
1785988132,174999512,121.505,3.911,125.228,0.0,33.366,1
1785988132,241731934,93.755,2.386,96.018,-33.366,33.367,1
1785988132,275098633,107.368,7.515,113.963,0.0,33.367,1
1785988132,308465576,123.203,2.983,126.062,0.0,66.735,1
1785988132,375200195,94.993,2.531,97.4,0.0,33.368,1
1785988132,408567871,107.556,6.89,114.315,0.0,33.368,1
1785988132,441935791,115.617,2.14,117.64,0.0,33.368,1
1785988132,475303955,121.456,3.024,124.249,0.0,66.737,1
1785988132,542041016,91.858,2.583,94.24,0.0,0.0,1
1785988132,575409912,110.152,2.509,112.541,-33.369,33.369,1
1785988132,608779053,125.98,2.667,128.489,0.0,66.739,1
1785988132,675518311,102.703,3.227,105.798,0.0,33.37,1
1785988132,708888184,125.107,2.719,127.693,0.0,66.741,1
1785988132,775628906,98.785,2.503,101.165,0.0,0.0,1
1785988132,808999512,120.959,2.016,122.876,-33.371,66.742,1
1785988132,875741943,103.383,5.92,109.164,0.0,33.371,1
1785988132,909113281,133.745,3.568,137.187,0.0,66.744,1
1785988132,975857178,127.689,2.597,130.153,0.0,66.745,1
1785988133,42601807,99.123,3.754,102.665,0.0,0.0,1
1785988133,75974609,111.274,2.6,113.764,-33.373,33.373,1
1785988133,109347656,125.884,4.755,130.518,0.0,66.746,1
1785988133,142720947,148.175,2.226,150.283,0.0,100.063,1
1785988133,209438721,119.358,2.965,122.181,0.0,33.345,1
1785988133,276128174,97.343,2.649,99.868,-33.344,33.345,1
1785988133,309472900,103.094,3.144,106.1,0.0,33.344,1
1785988133,342817139,118.502,2.401,120.769,0.0,33.344,1
1785988133,409505615,93.601,2.723,96.147,33.344,33.344,1
1785988133,442849365,98.179,2.389,100.428,0.0,33.344,1
1785988133,509536865,89.784,2.244,91.886,0.0,33.344,1
1785988133,542880371,90.943,3.071,93.788,0.0,33.344,1
1785988133,576223877,106.279,4.886,110.836,0.0,33.343,1
1785988133,609567139,121.513,5.45,126.74,0.0,66.686,1
1785988133,676253174,106.343,2.488,108.718,0.0,33.343,1
1785988133,709595947,120.654,3.005,123.489,0.0,33.343,1
1785988133,776281250,94.44,2.803,97.115,-33.343,33.343,1
1785988133,809623779,127.833,2.449,130.167,0.0,66.684,1
1785988133,876308105,126.49,4.131,130.505,0.0,66.684,1
1785988133,942991943,123.08,2.139,125.12,0.0,66.683,1
1785988134,9675293,109.826,2.378,112.023,0.0,33.341,1
1785988134,76357910,94.971,2.786,97.609,0.0,33.341,1
1785988134,109699219,105.724,4.795,110.388,0.0,33.341,1
1785988134,143040283,124.565,2.087,126.549,0.0,66.672,1
1785988134,209711914,95.327,2.678,97.888,0.0,33.331,1
1785988134,243042480,107.573,2.62,110.06,0.0,33.33,1
1785988134,276372559,122.486,2.473,124.829,0.0,66.66,1
1785988134,343032227,97.552,2.7,100.137,0.0,33.329,1
1785988134,376361572,110.825,2.939,113.639,0.0,33.329,1
1785988134,409690918,122.965,2.177,125.028,0.0,66.658,1
1785988134,476348633,96.641,2.542,99.062,0.0,33.328,1
1785988134,509677002,112.817,2.225,114.926,0.0,0.0,1
1785988134,543005371,121.454,3.232,124.564,33.328,66.656,1
1785988134,609661133,100.606,3.372,103.625,0.0,33.327,1
1785988134,642988525,105.029,2.984,107.885,0.0,33.327,1
1785988134,676315918,132.422,3.347,135.554,0.0,66.654,1
1785988134,742969727,109.839,5.136,114.84,0.0,33.326,1
1785988134,776296143,119.301,3.008,122.097,0.0,33.326,1
1785988134,842948486,103.979,8.687,112.42,0.0,33.326,1
1785988134,876274414,130.323,7.889,138.074,0.0,66.651,1
1785988134,942925293,124.57,2.277,126.728,0.0,66.65,1
1785988135,9575195,94.234,2.615,96.713,0.0,33.324,1
1785988135,42899658,106.202,2.712,108.783,0.0,33.324,1
1785988135,76224121,117.578,2.691,120.145,0.0,33.324,1
1785988135,109548340,125.303,2.307,127.494,0.0,66.648,1
1785988135,176196289,101.144,2.766,103.754,0.0,33.375,1
1785988135,209570801,121.512,2.831,124.218,0.0,33.375,1
1785988135,276320801,96.034,2.716,98.587,-33.375,33.375,1
1785988135,309696289,104.478,3.434,107.776,0.0,33.376,1
1785988135,343072021,116.301,7.409,123.591,0.0,33.376,1
1785988135,376448242,121.277,2.66,123.81,0.0,33.376,1
1785988135,443201416,93.299,2.421,95.6,-33.377,33.377,1
1785988135,476578613,106.857,4.096,110.792,0.0,33.377,1
1785988135,509956055,120.848,2.497,123.208,0.0,33.378,1
1785988135,576711914,91.948,2.567,94.381,-33.378,33.378,1
1785988135,610090332,111.993,2.335,114.187,0.0,33.379,1
1785988135,643468994,130.049,3.049,132.98,0.0,66.759,1
1785988135,710227539,124.915,2.172,126.974,0.0,66.76,1
1785988135,776987549,96.4,2.772,99.042,0.0,33.38,1
1785988135,810367920,118.566,2.21,120.661,0.0,33.381,1
1785988135,843748535,120.63,3.872,124.101,0.0,66.763,1
1785988135,877129639,143.687,2.609,146.123,0.0,66.763,1
1785988135,943892822,144.834,2.396,147.12,0.0,66.765,1
1785988136,10657471,124.847,2.708,127.423,0.0,66.766,1
1785988136,77423096,109.515,11.389,120.741,0.0,33.384,1
1785988136,110806641,129.001,4.692,133.572,0.0,66.767,1
1785988136,177573486,118.717,2.282,120.896,0.0,66.838,1
1785988136,244411377,96.721,2.275,98.886,0.0,33.419,1
1785988136,277830811,118.123,4.116,122.113,0.0,33.42,1
1785988136,311250488,128.859,2.922,131.548,0.0,0.0,1
1785988136,378090820,98.047,2.449,100.378,33.421,33.421,1
1785988136,444932617,94.92,2.586,97.397,0.0,33.421,1
1785988136,478354004,99.675,2.935,102.415,0.0,33.422,1
1785988136,511775879,121.809,2.678,124.331,0.0,33.422,1
1785988136,578620361,93.183,2.799,95.862,-33.423,33.423,1
1785988136,612042969,104.887,2.82,107.588,0.0,0.0,1
1785988136,645466064,121.817,2.229,123.941,-33.423,33.424,1
1785988136,712313232,97.917,2.273,100.08,-33.424,33.424,1
1785988136,745737305,120.626,3.03,123.53,0.0,66.849,1
1785988136,812586670,95.26,9.187,98.006,0.0,0.0,1
1785988136,846011719,104.922,4.767,109.556,-33.425,-33.425,1
1785988136,879437256,125.333,2.771,127.775,33.426,33.426,1
1785988136,912863037,135.284,2.586,137.746,0.0,0.0,1
1785988136,979715576,126.465,2.902,129.07,33.427,66.854,1
1785988137,46569580,108.7,2.638,111.206,0.0,33.427,1
1785988137,79997070,125.81,2.435,128.124,0.0,66.856,1
1785988137,146853027,96.229,2.3,98.41,0.0,33.427,1
1785988137,213610352,95.966,2.213,98.07,0.0,33.33,1
1785988137,246940674,102.471,2.479,104.811,0.0,33.33,1
1785988137,280270996,120.337,3.458,123.679,0.0,66.66,1
1785988137,346930664,98.858,3.427,102.146,0.0,33.329,1
1785988137,380260010,117.542,2.887,120.315,0.0,66.658,1
1785988137,413589111,125.476,2.883,128.228,0.0,66.658,1
1785988137,480246826,104.467,3.986,108.329,0.0,33.329,1
1785988137,546903564,92.384,2.987,95.253,-33.328,33.328,1
1785988137,580231689,97.542,6.706,104.12,0.0,33.328,1
1785988137,613559326,112.96,2.28,115.121,0.0,33.328,1
1785988137,680214111,91.657,2.616,94.163,-33.327,33.327,1
1785988137,746867920,86.323,2.435,88.648,0.0,33.327,1
1785988137,780194580,101.846,6.218,106.814,0.0,33.326,1
1785988137,813520752,121.846,2.787,124.284,0.0,66.652,1
1785988137,880172607,101.001,3.655,104.482,0.0,33.326,1
1785988137,913498291,126.665,2.427,128.976,0.0,66.65,1
1785988137,980148682,107.337,3.058,110.27,0.0,33.325,1
1785988138,13473633,130.496,2.651,133.028,0.0,66.649,1
1785988138,80122559,122.409,2.607,124.876,0.0,66.648,1
1785988138,113446533,127.03,2.962,129.862,0.0,66.648,1
1785988138,146770508,135.551,3.024,138.421,0.0,66.697,1
1785988138,213467773,122.11,2.989,124.979,0.0,66.747,1
1785988138,280214355,102.297,4.327,106.494,0.0,33.374,1
1785988138,313588135,120.251,2.691,122.639,0.0,33.374,1
1785988138,380336426,92.809,2.44,95.125,-33.374,33.375,1
1785988138,413711182,99.262,3.398,102.44,0.0,33.375,1
1785988138,447086182,116.682,2.991,119.554,0.0,33.375,1
1785988138,480461670,125.947,2.418,128.244,0.0,66.751,1
1785988138,547213135,96.039,2.293,98.223,0.0,0.0,1
1785988138,613966064,92.894,2.132,94.914,33.377,33.377,1
1785988138,647343018,96.757,2.896,99.498,0.0,33.377,1
1785988138,680720215,115.154,2.656,117.693,0.0,33.378,1
1785988138,714097900,122.136,3.616,125.62,0.0,66.756,1
1785988138,780854004,96.708,2.579,99.168,0.0,33.378,1
1785988138,814232422,132.14,3.045,134.917,0.0,66.758,1
1785988138,880990479,129.288,3.777,132.945,0.0,66.759,1
1785988138,947749756,126.737,3.134,129.749,0.0,66.76,1
1785988139,14510254,121.761,2.434,124.084,0.0,66.762,1
1785988139,81271973,92.334,2.818,95.034,0.0,33.381,1
1785988139,114653320,99.472,3.409,102.634,0.0,33.382,1
1785988139,148035156,108.449,2.336,110.673,0.0,33.381,1
1785988139,181416504,124.948,2.211,127.047,0.0,66.674,1
1785988139,248090820,93.849,2.782,96.512,0.0,33.337,1
1785988139,281427979,106.776,7.189,113.754,0.0,33.337,1
1785988139,314764648,122.704,2.757,125.342,0.0,66.673,1
1785988139,381437744,96.993,2.637,99.48,0.0,33.336,1
1785988139,414773926,113.189,3.031,116.076,0.0,33.336,1
1785988139,448110107,123.429,2.666,125.964,0.0,66.672,1
1785988139,514781738,97.526,2.806,100.197,0.0,33.335,1
1785988139,548117188,114.123,2.343,116.36,0.0,33.335,1
1785988139,581452393,121.406,2.768,124.054,0.0,66.67,1
1785988139,648122559,94.483,2.412,96.787,0.0,33.335,1
1785988139,681457275,122.139,2.82,124.793,0.0,66.669,1
1785988139,748126221,97.851,2.843,100.566,0.0,33.334,1
1785988139,781460449,108.217,2.468,110.544,0.0,33.334,1
1785988139,814794434,122.063,3.499,125.448,0.0,33.334,1
1785988139,881461914,123.395,2.257,125.53,0.0,66.667,1
1785988139,948128662,113.623,3.932,117.433,0.0,33.333,1
1785988139,981461670,129.638,3.101,132.538,0.0,66.666,1
1785988140,48127197,112.672,5.841,118.392,0.0,33.333,1
1785988140,81459717,123.06,2.298,125.24,0.0,33.333,1
1785988140,148124268,109.464,5.462,114.786,0.0,33.333,1
1785988140,181456787,120.391,2.994,123.255,0.0,33.415,1
1785988140,248287598,93.647,2.708,96.237,-33.416,33.416,1
1785988140,281703613,107.696,4.173,111.723,0.0,33.416,1
1785988140,315119629,120.604,2.475,122.911,0.0,66.833,1
1785988140,381952881,91.807,2.072,93.773,0.0,33.417,1
1785988140,415370117,120.298,2.408,122.577,0.0,66.835,1
1785988140,482205322,93.917,2.961,96.753,0.0,33.418,1
1785988140,515623291,103.541,2.804,106.208,0.0,33.418,1
1785988140,549041748,115.844,2.158,117.892,0.0,33.419,1
1785988140,582460449,128.465,2.447,130.791,0.0,66.838,1
1785988140,649298828,103.875,3.969,107.672,0.0,33.42,1
1785988140,682718506,123.043,2.791,125.709,0.0,66.84,1
1785988140,749558838,99.114,2.653,101.645,0.0,33.421,1
1785988140,782979492,118.366,2.158,120.421,0.0,33.421,1
1785988140,849821777,123.75,2.444,126.076,-33.421,33.421,1
1785988140,916665039,107.476,2.449,109.801,-33.422,-33.422,1
1785988140,950087402,126.025,2.82,128.709,33.422,66.845,1
1785988141,16932617,105.676,7.782,113.326,0.0,33.423,1
1785988141,50355957,122.497,4.416,126.808,0.0,66.847,1
1785988141,117203125,100.175,2.654,102.715,0.0,33.424,1
1785988141,150627197,126.413,2.409,128.716,0.0,66.807,1
1785988141,217434570,97.684,3.624,101.069,0.0,33.385,1
1785988141,250819580,109.171,2.735,111.667,0.0,33.385,1
1785988141,284204834,123.29,2.228,125.414,0.0,66.772,1
1785988141,350976563,94.169,2.443,96.424,0.0,33.386,1
1785988141,384363037,99.52,3.641,103.01,0.0,33.387,1
1785988141,417750000,124.869,2.259,126.961,0.0,66.775,1
1785988141,484524902,106.129,2.706,108.707,0.0,33.388,1
1785988141,517912842,111.549,2.351,113.78,0.0,66.777,1
1785988141,551301514,123.082,2.792,125.748,0.0,66.778,1
1785988141,618079346,99.079,2.64,101.586,0.0,33.39,1
1785988141,651468994,114.115,8.845,122.833,0.0,33.39,1
1785988141,684859131,121.523,2.849,124.245,0.0,66.781,1
1785988141,751640137,96.194,2.4,98.452,0.0,33.391,1
1785988141,785031494,122.729,2.301,124.912,0.0,66.783,1
1785988141,851814941,93.905,2.653,96.446,0.0,33.392,1
1785988141,885207275,126.99,8.815,135.675,0.0,66.786,1
1785988141,951993164,115.375,2.318,117.571,0.0,33.394,1
1785988142,18780762,92.962,2.198,95.049,-33.394,33.394,1
1785988142,52175049,99.87,2.723,102.463,0.0,33.395,1
1785988142,85569580,110.297,3.007,113.175,0.0,33.395,1
1785988142,118964844,126.287,2.521,128.701,0.0,66.791,1
1785988142,185755371,116.774,3.256,119.904,0.0,66.711,1
1785988142,252466797,89.011,2.537,91.432,0.0,33.356,1
1785988142,285822510,106.912,4.324,111.113,0.0,33.356,1
1785988142,319178467,121.972,2.736,124.578,0.0,66.712,1
1785988142,385890381,93.859,3.41,97.07,0.0,33.356,1
1785988142,419246338,106.155,4.756,110.747,0.0,33.356,1
1785988142,452602539,119.946,2.336,122.168,0.0,66.712,1
1785988142,519314941,95.037,2.526,97.389,0.0,33.356,1
1785988142,552671143,112.985,2.367,115.222,0.0,33.356,1
1785988142,586027588,122.106,2.689,124.683,0.0,66.713,1
1785988142,652740479,92.458,2.513,94.831,0.0,33.356,1
1785988142,686096924,124.24,2.486,126.493,0.0,66.713,1
1785988142,752810303,112.615,2.244,114.753,0.0,33.357,1
1785988142,786166992,119.592,2.558,122.028,0.0,66.714,1
1785988142,852880615,110.753,2.617,113.256,0.0,33.357,1
1785988142,919594482,102.282,7.534,109.663,0.0,33.357,1
1785988142,952951660,127.578,2.43,129.891,0.0,66.714,1
1785988143,19666016,106.96,2.795,109.633,0.0,33.357,1
1785988143,53023193,112.171,2.482,114.513,0.0,33.357,1
1785988143,86380371,124.623,2.394,126.897,0.0,33.357,1
1785988143,153095215,96.784,2.651,99.308,-33.357,33.358,1
1785988143,186452881,118.449,2.627,120.939,0.0,33.34,1
1785988143,253132813,90.949,3.141,93.96,33.34,33.34,1
1785988143,286472412,102.528,6.876,109.279,0.0,33.339,1
1785988143,319811768,117.477,4.377,121.726,0.0,66.678,1
1785988143,386490234,103.191,2.89,105.933,0.0,0.0,1
1785988143,419829346,122.435,2.278,124.594,33.339,66.677,1
1785988143,486506836,94.455,2.597,96.921,0.0,33.338,1
1785988143,519845215,102.527,7.318,109.729,0.0,33.338,1
1785988143,553183594,119.644,2.248,121.776,0.0,66.676,1
1785988143,619859863,89.837,3.0,92.708,0.0,33.338,1
1785988143,653197510,95.268,3.374,98.513,0.0,0.0,1
1785988143,686535400,110.935,3.403,113.989,33.337,33.337,1
1785988143,719872803,121.445,2.296,123.627,0.0,66.675,1
1785988143,786547363,94.226,2.948,96.915,0.0,33.337,1
1785988143,819884521,110.639,2.383,112.898,0.0,33.337,1
1785988143,853221191,135.676,7.469,142.996,0.0,66.673,1
1785988143,919894531,123.301,2.4,125.591,0.0,66.673,1
1785988143,953230957,151.88,3.108,154.881,0.0,100.008,1
1785988144,53239014,118.572,2.421,120.766,0.0,66.671,1
1785988144,119910400,93.751,2.564,96.19,0.0,33.335,1
1785988144,153245850,117.086,2.15,119.117,0.0,66.676,1
1785988144,186581787,130.649,2.628,133.113,0.0,66.679,1
1785988144,253260742,127.514,2.573,129.949,0.0,66.678,1
1785988144,319939209,110.297,2.508,112.669,0.0,33.339,1
1785988144,353278076,119.219,2.684,121.77,0.0,66.677,1
1785988144,419955566,104.943,4.648,109.458,0.0,33.338,1
1785988144,453293945,120.374,2.578,122.819,0.0,66.677,1
1785988144,519970459,98.914,3.444,102.222,0.0,33.338,1
1785988144,553308350,110.619,2.446,112.918,0.0,33.338,1
1785988144,619983643,89.024,2.406,91.292,33.337,33.337,1
1785988144,653321045,92.144,2.062,94.103,0.0,33.337,1
1785988144,686658447,122.868,2.308,124.934,0.0,66.674,1
1785988144,719995605,128.416,2.469,130.767,0.0,66.674,1
1785988144,786669189,114.038,2.932,116.836,0.0,33.337,1
1785988144,820005859,126.693,2.63,129.207,0.0,66.673,1
1785988144,886678467,125.746,2.49,128.132,0.0,66.672,1
1785988144,953350586,128.061,2.097,130.044,0.0,66.671,1
1785988145,20021973,95.26,2.392,97.538,0.0,0.0,1
1785988145,53357422,121.744,2.309,123.926,33.335,66.67,1
1785988145,120027832,92.677,2.643,95.178,0.0,33.335,1
1785988145,153362793,121.112,2.796,123.767,0.0,66.682,1
1785988145,220044434,95.585,2.612,98.053,0.0,33.346,1
1785988145,253390869,108.652,3.673,112.197,0.0,33.346,1
1785988145,286737061,121.848,2.679,124.374,0.0,66.692,1
1785988145,353428955,95.879,2.647,98.405,0.0,33.346,1
1785988145,386774902,109.331,2.495,111.7,0.0,0.0,1
1785988145,420120605,119.256,3.512,122.649,-33.346,66.691,1
1785988145,486811768,97.395,2.811,100.037,0.0,33.345,1
1785988145,520156982,118.397,2.647,120.908,0.0,33.345,1
1785988145,586847412,93.615,5.675,99.175,33.345,33.345,1
1785988145,620192383,120.631,2.611,123.124,0.0,66.689,1
1785988145,686881836,98.045,7.527,103.677,0.0,33.345,1
1785988145,720226563,119.269,2.516,121.664,0.0,66.689,1
1785988145,786915527,92.118,2.282,94.217,0.0,33.344,1
1785988145,820259766,117.576,14.072,131.532,0.0,66.688,1
1785988145,853603760,138.252,2.229,140.373,0.0,66.688,1
1785988145,920291748,125.373,2.47,127.726,0.0,33.344,1
1785988145,986979248,118.943,2.548,121.365,33.344,33.344,1
1785988146,53666260,98.544,5.718,104.102,33.343,33.343,1
1785988146,87009521,114.907,1.977,116.783,0.0,66.686,1
1785988146,120352783,137.679,6.17,143.65,33.343,66.686,1
1785988146,187039063,120.736,4.442,125.035,0.0,66.679,1
1785988146,253718018,103.061,2.681,105.56,0.0,33.339,1
1785988146,287057129,121.233,2.759,123.784,0.0,66.678,1
1785988146,353734863,113.488,2.451,115.79,0.0,66.677,1
1785988146,387073486,125.465,3.424,128.772,0.0,66.677,1
1785988146,453750244,100.218,2.781,102.873,0.0,33.338,1
1785988146,487088623,125.462,2.569,127.903,0.0,66.676,1
1785988146,553764404,109.716,2.558,112.168,0.0,33.338,1
1785988146,587102051,127.063,2.479,129.433,0.0,66.675,1
1785988146,653776855,105.84,6.67,112.346,0.0,33.337,1
1785988146,687114014,124.757,2.575,127.167,0.0,66.674,1
1785988146,753787842,115.305,2.459,117.631,0.0,66.673,1
1785988146,787124512,127.005,2.116,129.023,0.0,66.673,1
1785988146,853797119,131.691,10.492,142.037,0.0,66.672,1
1785988146,920469482,129.459,3.139,132.472,0.0,66.671,1
1785988146,953805176,143.031,7.823,150.722,33.336,33.336,1
1785988147,20476318,123.47,2.653,125.996,-33.335,66.67,1
1785988147,87146729,100.766,4.146,104.586,0.0,33.335,1
1785988147,120481689,114.659,4.099,118.646,0.0,66.67,1
1785988147,220494629,90.832,6.416,97.145,0.0,33.343,1
1785988147,253837402,119.809,2.43,122.121,0.0,66.685,1
1785988147,320522461,97.609,3.032,100.402,0.0,33.342,1
1785988147,353864746,122.005,2.258,124.146,0.0,66.684,1
1785988147,420549072,93.078,2.851,95.735,0.0,33.342,1
1785988147,453890869,112.094,2.413,114.358,0.0,33.342,1
1785988147,487232910,124.258,2.751,126.883,0.0,66.683,1
1785988147,553916260,108.352,4.245,111.45,0.0,33.341,1
1785988147,587257568,117.462,2.732,120.078,0.0,33.342,1
1785988147,620599121,121.254,2.578,123.689,0.0,66.682,1
1785988147,687281494,95.35,2.772,97.993,0.0,0.0,1
1785988147,720622314,120.053,2.498,122.407,-33.341,66.682,1
1785988147,753963379,129.875,2.302,132.019,0.0,66.681,1
1785988147,820644775,106.042,2.962,108.877,0.0,33.341,1
1785988147,853985352,125.724,2.527,128.139,0.0,66.681,1
1785988147,920666016,120.781,4.673,123.243,0.0,33.34,1
1785988147,954006104,120.59,2.661,123.145,0.0,66.68,1
1785988148,20686035,105.531,4.151,109.534,0.0,33.34,1
1785988148,54025879,123.075,2.075,125.049,0.0,66.679,1
1785988148,120705078,106.251,6.904,113.031,0.0,33.34,1
1785988148,154044678,129.039,2.601,131.49,0.0,66.68,1
1785988148,220724609,105.947,3.99,109.807,0.0,33.34,1
1785988148,254064941,124.515,2.613,126.986,0.0,66.68,1
1785988148,320745117,96.627,3.255,99.751,0.0,33.34,1
1785988148,354084717,107.633,2.464,109.982,0.0,33.34,1
1785988148,420763916,95.15,2.647,97.6,33.339,33.339,1
1785988148,454103027,115.495,2.53,117.902,0.0,66.678,1
1785988148,487442383,123.647,2.657,126.187,0.0,66.678,1
1785988148,554120117,95.369,2.83,98.074,0.0,33.339,1
1785988148,587458740,118.411,2.723,121.013,0.0,66.677,1
1785988148,620797119,128.145,2.638,130.655,0.0,66.677,1
1785988148,687473633,104.039,2.841,106.746,0.0,33.338,1
1785988148,720811768,111.409,3.941,115.228,0.0,33.338,1
1785988148,754149658,125.571,2.675,128.087,0.0,66.675,1
1785988148,820824951,106.344,6.436,112.662,0.0,33.337,1
1785988148,854162354,131.606,23.018,154.51,0.0,66.674,1
1785988148,920836426,122.323,7.568,128.012,0.0,33.337,1
1785988148,954173340,146.26,4.394,150.54,0.0,66.673,1
1785988149,20846680,123.387,2.82,126.083,0.0,33.336,1
1785988149,87519531,100.769,3.142,103.76,0.0,33.336,1
1785988149,120855469,135.836,6.17,141.865,0.0,66.672,1
1785988149,154191406,133.283,4.006,137.063,0.0,66.689,1
1785988149,220880127,114.634,2.524,117.029,0.0,33.432,1
1785988149,254312012,124.652,2.665,127.182,0.0,66.866,1
1785988149,321177734,102.236,9.871,107.997,0.0,33.433,1
1785988149,354611084,112.404,2.56,114.83,0.0,33.434,1
1785988149,388044922,124.026,2.389,126.3,0.0,66.869,1
1785988149,454914307,93.891,2.513,96.277,0.0,33.435,1
1785988149,488349609,107.42,2.919,110.212,0.0,33.436,1
1785988149,521785645,120.149,3.349,123.374,0.0,66.873,1
1785988149,588658691,91.791,2.717,94.384,0.0,33.437,1
1785988149,622095947,99.285,2.65,101.801,0.0,33.438,1
1785988149,655533691,111.283,3.744,114.811,0.0,33.438,1
1785988149,688971924,122.694,2.041,124.632,0.0,66.878,1
1785988149,755849609,98.104,6.152,104.097,0.0,33.44,1
1785988149,789289307,113.456,2.9,116.225,0.0,33.44,1
1785988149,822729492,135.26,6.75,141.689,0.0,66.882,1
1785988149,889611084,123.147,6.004,126.594,0.0,33.442,1
1785988149,956494629,103.16,2.879,105.903,-33.442,33.442,1
1785988149,989937012,123.611,2.237,125.728,0.0,66.886,1
1785988150,56823486,94.846,2.424,97.08,0.0,33.444,1
1785988150,90267334,110.3,2.249,112.433,0.0,33.444,1
1785988150,123711670,121.113,2.681,123.263,0.0,33.445,1
1785988150,190601807,100.258,6.741,105.86,33.444,33.444,1
1785988150,224045654,111.322,2.0,113.215,0.0,66.681,1
1785988150,357406006,86.128,2.059,88.083,-33.34,33.34,1
1785988150,390745850,104.748,4.221,108.842,0.0,33.34,1
1785988150,424085449,118.946,3.035,121.853,0.0,66.678,1
1785988150,490763916,96.785,2.39,99.054,0.0,33.339,1
1785988150,524102783,121.53,3.447,124.849,0.0,66.677,1
1785988150,590780273,96.108,2.416,98.401,0.0,33.338,1
1785988150,624118652,110.164,2.61,112.653,0.0,33.338,1
1785988150,657457031,123.087,3.127,126.098,0.0,66.676,1
1785988150,690795166,131.89,3.816,135.576,0.0,66.676,1
1785988150,757470703,103.095,2.276,105.249,0.0,0.0,1
1785988150,824145752,93.111,1.988,95.005,0.0,33.337,1
1785988150,857482910,118.69,2.767,121.324,0.0,33.337,1
1785988150,924156738,118.564,2.708,121.081,0.0,66.673,1
1785988150,957493408,130.281,4.541,134.48,-33.337,66.673,1
1785988151,24166260,111.34,2.351,113.585,0.0,33.336,1
1785988151,90838379,93.662,2.073,95.632,33.336,33.336,1
1785988151,124174316,113.316,2.454,115.64,0.0,0.0,1
1785988151,157509766,133.581,3.353,136.763,33.335,66.671,1
1785988151,224181152,124.278,2.084,126.259,0.0,66.665,1
1785988151,290845703,97.366,11.515,108.701,0.0,33.332,1
1785988151,324177490,117.136,2.626,119.613,0.0,66.663,1
1785988151,357509277,124.686,3.636,128.203,0.0,66.663,1
1785988151,424171875,97.818,3.106,100.762,0.0,33.331,1
1785988151,457502930,114.923,2.422,117.224,0.0,66.661,1
1785988151,490833740,121.449,2.629,123.951,0.0,66.661,1
1785988151,557494629,93.998,2.095,95.991,0.0,33.33,1
1785988151,624154541,88.886,2.871,91.627,0.0,33.33,1
1785988151,657484375,92.267,2.085,94.252,0.0,33.329,1
1785988151,724142822,87.161,2.676,89.713,0.0,33.329,1
1785988151,757471924,96.906,2.501,99.288,0.0,33.329,1
1785988151,790800537,124.779,2.363,127.03,0.0,66.657,1
1785988151,857457520,135.637,2.755,138.248,0.0,66.656,1
1785988151,924113281,113.048,3.36,116.276,0.0,33.328,1
1785988151,957440918,145.234,3.207,148.303,0.0,66.655,1
1785988152,24095459,124.436,2.933,127.183,0.0,66.654,1
1785988152,90749268,103.639,3.178,106.608,0.0,33.326,1
1785988152,124075684,125.56,2.535,127.965,0.0,33.326,1
1785988152,190728027,103.532,5.007,108.399,0.0,33.326,1
1785988152,224054443,124.904,2.451,127.21,0.0,66.761,1
1785988152,290815430,105.702,4.06,109.626,0.0,33.381,1
1785988152,324196533,128.007,2.334,130.228,0.0,66.763,1
1785988152,390959717,110.664,2.325,112.876,0.0,33.382,1
1785988152,424342041,122.808,2.439,125.115,0.0,66.766,1
1785988152,491107666,98.936,2.928,101.724,0.0,33.383,1
1785988152,524490967,119.177,2.454,121.503,0.0,33.384,1
1785988152,591258789,92.018,2.771,94.651,-33.384,33.385,1
1785988152,624643311,97.149,8.169,105.195,0.0,33.385,1
1785988152,658028320,105.651,3.807,109.325,0.0,33.385,1
1785988152,691413574,121.307,3.803,124.998,0.0,66.771,1
1785988152,758185059,102.7,2.736,105.306,0.0,33.386,1
1785988152,791571533,112.648,2.781,115.32,0.0,33.387,1
1785988152,824958496,128.307,4.629,132.827,0.0,66.775,1
1785988152,891733154,124.866,2.714,127.413,0.0,66.776,1
1785988152,958509521,119.855,2.486,122.222,0.0,66.778,1
1785988153,25287109,108.175,2.27,110.329,0.0,33.39,1
1785988153,58676758,120.2,2.762,122.716,0.0,33.39,1
1785988153,125456787,89.797,2.372,92.059,-33.39,33.391,1
1785988153,158847412,119.302,2.922,122.09,0.0,66.781,1
1785988153,225628906,104.25,4.72,108.842,0.0,33.34,1
1785988153,258968750,139.781,4.372,144.011,0.0,66.679,1
1785988153,325647949,121.283,4.366,125.301,0.0,66.679,1
1785988153,392326660,97.309,3.117,100.209,0.0,33.339,1
1785988153,425665527,109.997,2.457,112.335,0.0,33.339,1
1785988153,459004395,120.641,2.412,122.94,0.0,66.677,1
1785988153,525681641,97.043,3.246,100.154,0.0,33.338,1
1785988153,559020020,110.469,7.081,117.443,0.0,33.338,1
1785988153,592358154,123.824,2.36,126.07,0.0,66.676,1
1785988153,659034180,98.24,3.278,101.382,0.0,33.338,1
1785988153,692371826,117.521,3.117,120.513,0.0,66.675,1
1785988153,725709473,127.268,2.11,129.269,0.0,66.675,1
1785988153,792384033,97.192,3.256,100.31,0.0,33.337,1
1785988153,825720947,106.264,7.199,112.973,0.0,0.0,1
1785988153,859057861,126.299,2.365,128.545,-33.337,66.673,1
1785988153,925731201,129.656,2.819,132.304,0.0,66.673,1
1785988153,992403809,108.489,3.922,112.296,0.0,33.336,1
1785988154,25739990,123.277,4.503,127.667,0.0,66.672,1
1785988154,92411621,96.645,2.854,99.37,0.0,33.336,1
1785988154,125747314,111.842,2.17,113.903,0.0,33.335,1
1785988154,159082764,135.612,3.699,139.169,0.0,66.671,1
1785988154,225753662,122.889,2.322,125.088,0.0,66.697,1
1785988154,292450928,102.398,2.951,105.145,0.0,33.349,1
1785988154,325799561,124.232,2.769,126.877,0.0,66.697,1
1785988154,392496338,99.714,3.534,103.124,0.0,33.348,1
1785988154,425844482,120.86,2.11,122.866,0.0,33.348,1
1785988154,492540771,98.671,3.103,101.649,33.348,33.348,1
1785988154,525888672,120.852,2.529,123.264,0.0,66.695,1
1785988154,592583984,107.189,5.806,110.758,0.0,33.348,1
1785988154,625931641,112.613,4.731,117.225,0.0,33.348,1
1785988154,659279297,122.706,2.448,124.912,0.0,66.695,1
1785988154,692626465,137.577,6.268,143.714,0.0,66.695,1
1785988154,759321045,103.538,3.463,106.861,0.0,0.0,1
1785988154,792667969,127.555,2.131,129.566,-33.347,66.694,1
1785988154,859361816,94.865,14.933,109.682,0.0,33.347,1
1785988154,892708496,111.972,2.079,113.942,0.0,33.347,1
1785988154,926055176,124.437,2.552,126.878,0.0,66.693,1
1785988154,992748291,109.158,3.381,112.405,0.0,33.346,1
1785988155,26094482,127.449,2.002,129.35,0.0,66.692,1
1785988155,92786865,97.337,3.093,100.285,0.0,33.346,1
1785988155,126132813,125.186,3.187,128.231,0.0,33.346,1
1785988155,192824463,99.199,3.155,102.207,-33.346,33.346,1
1785988155,226170410,120.902,2.924,123.704,0.0,66.678,1
1785988155,292848145,99.613,2.774,102.224,0.0,33.339,1
1785988155,326186768,109.888,6.012,115.762,0.0,33.339,1
1785988155,359525391,122.849,2.81,125.532,0.0,66.677,1
1785988155,426201904,100.162,3.63,103.594,0.0,33.338,1
1785988155,459539795,120.369,3.601,123.847,0.0,66.675,1
1785988155,526215088,96.1,3.23,99.197,0.0,33.338,1
1785988155,559552734,120.85,2.802,123.534,0.0,33.337,1
1785988155,626227051,92.5,2.408,94.788,33.337,33.337,1
1785988155,659563965,98.504,3.249,101.583,0.0,33.337,1
1785988155,692900635,110.991,2.161,113.056,0.0,33.337,1
1785988155,792909912,87.091,5.419,92.189,0.0,33.336,1
1785988155,826246094,97.233,2.829,99.943,0.0,33.336,1
1785988155,859582031,124.336,2.272,126.465,0.0,33.336,1
1785988155,892917725,154.948,5.216,160.039,0.0,66.671,1
1785988155,992923828,99.105,2.88,101.798,0.0,33.335,1
1785988156,26258789,108.784,4.003,112.656,0.0,33.335,1
1785988156,59593750,116.166,2.658,118.698,0.0,33.335,1
1785988156,92928467,130.048,2.51,132.419,0.0,66.669,1
1785988156,159597412,105.381,4.279,109.531,0.0,33.334,1
1785988156,192931396,130.753,2.327,132.961,0.0,66.716,1
1785988156,259647217,106.064,2.324,108.268,0.0,33.381,1
1785988156,293028564,124.604,4.312,128.792,0.0,66.764,1
1785988156,359792969,104.4,6.438,110.697,0.0,33.383,1
1785988156,393175537,108.151,2.517,110.544,0.0,33.383,1
1785988156,426558594,122.419,2.855,125.093,0.0,66.767,1
1785988156,493325928,93.769,3.016,96.665,0.0,33.384,1
1785988156,526710205,108.831,2.455,111.155,0.0,0.0,1
1785988156,560094971,121.472,2.187,123.542,-33.385,66.771,1
1785988156,626865479,90.888,3.236,93.925,0.0,33.386,1
1785988156,660251221,97.994,3.378,101.255,0.0,33.386,1
1785988156,727024170,90.907,3.305,94.085,0.0,33.387,1
1785988156,760411133,102.162,4.574,106.432,0.0,33.387,1
1785988156,827186279,93.619,2.454,95.959,0.0,33.388,1
1785988156,860574463,121.403,2.832,124.096,0.0,66.777,1
1785988156,927351807,113.068,2.5,115.445,0.0,33.389,1
1785988156,960741211,128.034,5.883,133.797,0.0,33.39,1
1785988157,27520996,110.82,3.174,113.865,0.0,33.391,1
1785988157,60911621,125.306,2.597,127.79,0.0,66.782,1
1785988157,127693848,100.786,7.488,107.909,0.0,33.392,1
1785988157,161085449,119.134,2.281,121.307,0.0,0.0,1
1785988157,227869141,99.301,2.609,101.778,33.43,33.43,1
1785988157,261299072,123.146,3.854,126.896,0.0,66.862,1
1785988157,328160645,120.022,3.167,123.06,0.0,66.863,1
1785988157,395023926,91.98,4.602,96.457,0.0,33.432,1
1785988157,428456299,123.927,2.484,126.295,0.0,66.866,1
1785988157,495322266,92.109,2.818,94.793,0.0,33.434,1
1785988157,528756104,100.324,4.284,104.258,0.0,33.434,1
1785988157,562190430,119.342,3.156,122.374,0.0,66.87,1
1785988157,629060303,91.685,2.68,94.18,0.0,33.436,1
1785988157,662496094,116.01,2.164,118.064,0.0,33.436,1
1785988157,695932129,118.716,3.349,121.935,0.0,66.874,1
1785988157,762805908,90.154,3.069,93.091,0.0,33.438,1
1785988157,796243652,99.197,2.741,101.803,0.0,33.438,1
1785988157,829681641,124.897,3.71,128.443,0.0,66.877,1
1785988157,896559082,118.905,2.111,120.902,0.0,66.88,1
1785988157,963438721,95.937,5.079,100.888,0.0,33.44,1
1785988157,996879150,116.738,9.191,125.816,0.0,66.882,1
1785988158,30320068,121.936,2.689,124.498,0.0,66.883,1
1785988158,97203369,102.086,2.668,104.618,0.0,33.442,1
1785988158,130645752,131.103,3.585,134.54,0.0,66.886,1
1785988158,197531738,110.958,2.202,113.045,0.0,33.442,1
1785988158,230973633,125.646,2.444,127.961,0.0,66.835,1
1785988158,297809082,104.464,3.788,108.129,0.0,33.418,1
1785988158,331227295,123.238,3.066,126.174,0.0,66.837,1
1785988158,398064453,96.428,3.887,100.133,0.0,33.419,1
1785988158,431483643,106.3,3.189,108.8,0.0,33.42,1
1785988158,464903320,121.753,2.469,124.103,0.0,66.84,1
1785988158,531743164,115.473,2.504,117.77,0.0,66.842,1
1785988158,598584717,94.351,2.526,96.746,0.0,33.421,1
1785988158,632005859,101.971,6.617,108.457,0.0,33.421,1
1785988158,665427246,113.678,2.591,116.071,0.0,66.844,1
1785988158,732271484,92.937,3.062,95.861,0.0,0.0,1
1785988158,765693848,118.112,2.503,120.473,-33.422,66.846,1
1785988158,832540039,89.021,4.482,93.386,0.0,33.424,1
1785988158,865963623,103.953,3.621,107.293,0.0,0.0,1
1785988158,899387451,127.855,11.403,139.122,-33.424,66.849,1
1785988158,966236328,119.162,2.271,121.317,0.0,66.85,1
1785988159,33086426,115.727,2.58,118.173,0.0,66.851,1
1785988159,99937744,94.228,2.698,96.665,0.0,33.426,1
1785988159,133364014,101.959,3.237,105.071,0.0,33.427,1
1785988159,166790527,115.452,3.411,118.743,0.0,66.853,1
1785988159,200217529,135.714,6.279,141.86,0.0,66.758,1
1785988159,266975586,122.015,2.523,124.418,0.0,66.664,1
1785988159,333639648,92.948,2.815,95.625,0.0,33.332,1
1785988159,366971436,106.358,3.21,109.43,0.0,33.332,1
1785988159,400302979,116.211,2.866,118.931,0.0,66.662,1
1785988159,466965088,87.467,2.084,89.454,0.0,33.331,1
1785988159,500295898,105.024,4.48,109.337,0.0,33.331,1
1785988159,533626465,117.894,2.578,120.337,0.0,66.66,1
1785988159,600286865,91.245,4.44,95.544,0.0,33.33,1
1785988159,633616699,99.818,2.492,102.188,0.0,33.33,1
1785988159,700275879,91.4,2.602,93.874,0.0,33.329,1
1785988159,733604980,102.737,4.506,106.989,0.0,0.0,1
1785988159,766933838,120.125,2.449,122.462,33.329,66.657,1
1785988159,833591064,92.049,2.518,94.423,0.0,33.328,1
1785988159,866919434,100.983,2.501,103.335,0.0,33.328,1
1785988159,900247559,117.895,2.463,120.235,0.0,33.328,1
1785988159,966902832,115.375,2.265,117.543,33.327,66.655,1
1785988160,33557373,109.346,2.552,111.676,0.0,33.327,1
1785988160,66884033,124.772,3.275,127.86,0.0,66.653,1
1785988160,133537109,103.319,4.005,107.18,0.0,33.326,1
1785988160,166863525,116.34,7.44,123.657,0.0,66.653,1
1785988160,200189453,124.645,2.302,126.838,0.0,66.659,1
1785988160,266848389,118.639,3.504,122.001,0.0,66.664,1
1785988160,333512451,92.975,2.661,95.518,0.0,0.0,1
1785988160,366844238,116.638,2.374,118.893,33.332,66.663,1
1785988160,400175781,126.219,2.669,128.747,0.0,66.662,1
1785988160,466837891,106.84,3.96,110.638,0.0,0.0,1
1785988160,500168701,121.031,2.213,123.117,33.331,66.661,1
1785988160,566829590,89.888,2.259,91.958,0.0,33.33,1
1785988160,600159668,105.543,3.092,108.491,0.0,33.33,1
1785988160,633489502,118.904,2.407,121.19,0.0,66.659,1
1785988160,700148682,91.593,2.285,93.761,0.0,33.329,1
1785988160,733477783,102.823,3.035,105.689,0.0,33.329,1
1785988160,766806641,118.764,2.32,120.962,0.0,33.329,1
1785988160,833463867,95.08,1.994,96.97,-33.328,33.328,1
1785988160,866792236,103.203,2.964,105.811,0.0,33.328,1
1785988160,900120117,127.261,4.588,131.606,0.0,66.656,1
1785988160,966775635,102.673,2.533,105.07,0.0,33.327,1
1785988161,33429932,89.054,2.14,91.081,0.0,33.327,1
1785988161,66756836,105.927,2.35,108.165,0.0,33.327,1
1785988161,100083496,121.137,3.879,124.891,0.0,66.653,1
1785988161,166736084,109.068,3.087,112.007,0.0,33.326,1
1785988161,200062012,125.768,2.617,128.265,0.0,66.662,1
1785988161,266724365,116.341,2.396,118.626,0.0,33.336,1
1785988161,333395264,97.098,2.997,99.976,-33.335,33.335,1
1785988161,366730469,118.977,2.65,121.482,0.0,66.67,1
1785988161,433400391,98.225,3.21,101.231,0.0,33.334,1
1785988161,466734863,117.901,3.201,120.97,0.0,66.669,1
1785988161,533403564,92.981,3.967,96.817,0.0,33.334,1
1785988161,566737793,112.897,2.406,115.175,0.0,33.334,1
1785988161,600071533,118.516,2.414,120.667,0.0,66.667,1
1785988161,633405273,119.08,3.351,122.257,0.0,66.667,1
1785988161,700072266,95.551,3.648,98.869,0.0,33.333,1
1785988161,733405273,107.426,3.106,110.418,0.0,33.333,1
1785988161,800071045,91.705,3.019,94.607,0.0,33.333,1
1785988161,833403564,111.752,3.543,115.162,0.0,33.333,1
1785988161,866736084,127.296,3.21,130.376,0.0,66.664,1
1785988161,933400391,122.986,2.511,125.382,0.0,66.664,1
1785988162,63965,97.013,10.515,107.387,0.0,33.332,1
1785988162,33395508,120.573,2.195,122.593,0.0,66.662,1
1785988162,100057861,102.884,3.784,106.531,0.0,33.331,1
1785988162,133388916,123.951,3.852,127.632,0.0,66.661,1
1785988162,200050049,103.8,3.623,107.283,0.0,33.331,1
1785988162,233381348,121.025,2.48,123.381,0.0,66.824,1
1785988162,300205322,91.699,2.295,93.884,0.0,33.412,1
1785988162,333617676,118.445,2.846,121.158,0.0,66.826,1
1785988162,400443359,90.203,2.332,92.427,0.0,33.413,1
1785988162,433856445,104.829,4.794,109.424,0.0,0.0,1
1785988162,467270020,125.61,2.538,127.998,-33.414,66.828,1
1785988162,534097900,107.423,2.59,109.9,0.0,33.414,1
1785988162,567512207,119.2,3.973,123.051,0.0,66.83,1
1785988162,634341797,93.357,2.778,95.98,0.0,33.415,1
1785988162,667757080,122.197,2.482,124.554,0.0,66.831,1
1785988162,734588379,111.168,2.561,113.62,0.0,33.416,1
1785988162,768004395,117.312,3.136,120.331,0.0,66.833,1
1785988162,834837402,88.024,3.005,90.902,0.0,33.417,1
1785988162,868254395,101.901,7.858,109.637,0.0,33.417,1
1785988162,901671631,122.443,2.556,124.868,0.0,66.835,1
1785988162,968506836,124.026,2.326,126.235,0.0,66.836,1
1785988163,35343262,94.131,3.034,96.901,0.0,33.419,1
1785988163,68761963,105.3,7.596,112.764,0.0,33.419,1
1785988163,102180664,121.77,2.197,123.843,0.0,66.839,1
1785988163,169019531,91.003,1.981,92.888,0.0,0.0,1
1785988163,202439209,108.869,2.466,111.154,33.419,33.419,1
1785988163,235857910,134.052,4.215,138.123,0.0,66.654,1
1785988163,302511475,110.153,2.681,112.632,0.0,33.326,1
1785988163,335837891,139.056,3.238,141.991,0.0,66.652,1
1785988163,402489990,118.12,2.155,120.18,0.0,66.651,1
1785988163,469140625,103.181,4.154,107.183,0.0,33.325,1
1785988163,502465820,118.567,2.41,120.818,0.0,66.649,1
1785988163,569114746,101.665,5.655,107.162,0.0,33.324,1
1785988163,602438965,116.33,2.304,118.532,0.0,66.647,1
1785988163,635762695,118.277,2.754,120.785,0.0,66.647,1
1785988163,702409668,88.073,3.7,91.642,0.0,33.323,1
1785988163,735732666,100.832,2.903,103.594,0.0,33.323,1
1785988163,769055420,115.308,3.438,118.614,0.0,33.323,1
1785988163,835699951,92.026,2.325,94.169,-33.322,33.322,1
1785988163,902343506,94.726,2.079,96.697,0.0,33.321,1
1785988163,935664795,122.09,2.803,124.759,0.0,66.642,1
1785988164,2306641,113.596,2.468,115.912,0.0,66.641,1
1785988164,35626953,124.111,2.618,126.575,0.0,66.64,1
1785988164,102267090,109.716,2.951,112.553,0.0,33.32,1
1785988164,135586670,118.001,5.186,123.048,0.0,66.638,1
1785988164,202225098,94.837,2.671,97.382,0.0,33.32,1
1785988164,235544922,116.167,2.248,118.294,0.0,66.651,1
1785988164,268870605,129.419,2.319,131.611,0.0,66.65,1
1785988164,335520996,110.978,2.202,113.068,0.0,33.325,1
1785988164,368845703,136.188,2.503,138.561,0.0,66.648,1
1785988164,435494141,122.476,2.525,124.819,0.0,66.648,1
1785988164,502141846,90.474,3.9,94.256,0.0,33.323,1
1785988164,535465088,118.363,2.917,121.155,0.0,33.323,1
1785988164,602110840,90.471,2.651,92.98,33.322,33.322,1
1785988164,635433105,104.802,2.339,106.997,0.0,33.322,1
1785988164,668755371,112.223,3.994,116.066,0.0,33.322,1
1785988164,702077148,128.248,2.56,130.661,0.0,66.643,1
1785988164,768719971,109.224,2.964,112.054,0.0,33.321,1
1785988164,802041016,119.676,5.166,124.642,0.0,66.641,1
1785988164,868682129,97.793,5.405,102.733,0.0,33.32,1
1785988164,902002197,120.675,2.562,123.109,0.0,33.32,1
1785988164,968641602,94.225,3.726,97.831,0.0,33.319,1
1785988165,1960938,119.551,2.496,121.92,0.0,66.637,1
1785988165,68598389,95.255,2.508,97.647,0.0,33.318,1
1785988165,135234863,89.531,6.821,96.236,0.0,33.318,1
1785988165,168552734,99.29,2.285,101.456,0.0,33.318,1
1785988165,201870361,115.332,2.283,117.476,0.0,33.318,1
1785988165,268563232,91.821,4.454,96.15,-33.375,33.375,1
1785988165,301938232,101.118,2.228,103.208,0.0,33.375,1
1785988165,368689453,88.955,2.552,91.353,0.0,33.376,1
1785988165,402065674,109.505,2.418,111.815,0.0,33.376,1
1785988165,435442139,123.981,2.548,126.406,0.0,66.754,1
1785988165,502196289,94.733,2.732,97.328,0.0,33.377,1
1785988165,535573730,110.211,2.533,112.623,0.0,33.378,1
1785988165,568951660,126.835,2.248,128.901,0.0,66.757,1
1785988165,635708496,95.204,2.756,97.832,0.0,33.379,1
1785988165,669087402,115.5,2.177,117.558,0.0,66.759,1
1785988165,702466553,117.325,2.062,119.289,0.0,66.76,1
1785988165,769226318,97.359,2.843,100.06,0.0,33.38,1
1785988165,802606445,106.13,2.398,108.401,0.0,33.381,1
1785988165,835987305,131.008,6.714,137.587,0.0,66.762,1
1785988165,902749512,126.085,2.39,128.351,0.0,66.764,1
1785988165,969513428,119.631,2.123,121.648,0.0,66.765,1
1785988166,36278564,86.306,2.103,88.308,0.0,33.383,1
1785988166,103044922,84.065,2.338,86.303,0.0,33.384,1
1785988166,136428711,94.926,4.634,99.434,0.0,33.384,1
1785988166,169812988,119.676,3.251,122.803,0.0,66.769,1
1785988166,236581787,118.195,2.556,120.581,0.0,66.677,1
1785988166,303258301,94.144,3.262,97.251,0.0,33.338,1
1785988166,336596436,119.354,2.783,122.023,0.0,66.676,1
1785988166,403271973,88.887,2.425,91.201,0.0,33.338,1
1785988166,436609619,110.494,3.468,113.795,0.0,33.337,1
1785988166,469947021,124.422,2.351,126.587,0.0,66.674,1
1785988166,536621338,96.464,2.939,98.991,0.0,33.337,1
1785988166,569958252,109.621,2.359,111.873,0.0,33.337,1
1785988166,603294922,119.687,2.665,122.243,0.0,33.337,1
1785988166,669968018,104.72,7.937,112.529,33.336,33.336,1
1785988166,703304199,118.728,3.457,122.044,0.0,66.672,1
1785988166,769976318,100.767,3.279,103.908,0.0,33.336,1
1785988166,803312256,103.006,4.855,107.662,0.0,33.336,1
1785988166,836647949,123.265,2.475,125.628,0.0,66.671,1
1785988166,903318604,92.266,4.1,96.245,0.0,0.0,1
1785988166,936653809,105.305,4.006,109.19,33.335,33.335,1
1785988166,969988770,110.737,2.291,112.908,0.0,33.335,1
1785988167,3323730,126.115,2.315,128.317,0.0,66.669,1
1785988167,69992920,119.89,2.151,121.948,0.0,66.669,1
1785988167,136661621,98.791,4.813,103.263,0.0,33.334,1
1785988167,169995605,118.181,2.926,120.846,0.0,33.334,1
1785988167,203329346,127.3,3.652,130.821,0.0,66.694,1
1785988167,270023193,121.212,5.029,126.101,0.0,66.834,1
1785988167,336857178,112.158,2.283,114.326,0.0,0.0,1
1785988167,370274414,126.423,2.226,128.536,-33.417,66.836,1
1785988167,437110107,109.977,2.626,112.473,0.0,33.418,1
1785988167,470528564,130.977,2.741,133.598,0.0,66.838,1
1785988167,537366211,119.444,2.363,121.686,0.0,66.839,1
1785988167,604205078,94.326,3.022,97.207,0.0,33.42,1
1785988167,637625000,101.24,3.277,104.362,0.0,33.42,1
1785988167,704465820,95.43,2.573,97.713,0.0,33.421,1
1785988167,737886719,105.805,4.72,110.379,0.0,33.421,1
1785988167,771307861,120.441,2.865,123.169,0.0,66.843,1
1785988167,838151123,97.534,3.55,100.961,0.0,33.422,1
1785988167,871573242,120.638,2.68,123.203,0.0,33.422,1
1785988167,938418457,96.163,4.45,100.402,-33.423,33.423,1
1785988167,971841553,120.784,2.754,123.412,0.0,66.847,1
1785988168,38688721,101.183,5.701,106.755,0.0,33.424,1
1785988168,72112549,117.09,2.943,119.725,0.0,0.0,1
1785988168,138961670,89.51,2.979,92.361,33.425,33.425,1
1785988168,172386719,113.614,2.767,116.268,0.0,66.851,1
1785988168,205812012,124.707,2.523,127.097,0.0,66.85,1
1785988168,272661865,99.201,3.909,102.892,0.0,33.328,1
1785988168,305990234,116.831,2.398,119.111,0.0,66.656,1
1785988168,339318115,122.225,4.156,126.268,0.0,66.655,1
1785988168,405973145,99.507,5.577,104.97,0.0,33.327,1
1785988168,439300293,118.069,4.262,122.212,0.0,66.654,1
1785988168,505954102,106.444,3.088,109.401,0.0,33.326,1
1785988168,539280518,126.082,2.274,128.208,0.0,66.652,1
1785988168,605932373,102.777,4.062,106.709,0.0,33.326,1
1785988168,639258057,112.467,1.973,114.346,0.0,66.651,1
1785988168,672583496,126.0,2.721,128.567,0.0,66.65,1
1785988168,739233398,100.841,3.663,104.376,0.0,33.325,1
1785988168,772558105,117.247,2.81,119.775,0.0,66.648,1
1785988168,839206543,95.139,5.401,100.331,0.0,33.324,1
1785988168,872530273,128.311,8.215,136.401,0.0,66.647,1
1785988168,939177246,123.931,4.997,128.813,0.0,33.323,1
1785988168,972500244,141.08,5.561,146.524,0.0,66.645,1
1785988169,39145508,125.668,2.736,128.285,0.0,66.644,1
1785988169,105789795,100.787,3.9,104.491,0.0,33.322,1
1785988169,139111572,111.874,2.764,114.528,0.0,33.322,1
1785988169,205754395,99.799,3.531,103.19,0.0,33.321,1
1785988169,239075439,119.456,2.352,121.697,0.0,66.648,1
1785988169,305723389,97.23,3.948,100.823,0.0,33.326,1
1785988169,339049316,106.358,3.219,109.44,0.0,33.326,1
1785988169,372375000,117.43,3.386,120.689,0.0,33.325,1
1785988169,439025391,92.431,3.004,95.308,0.0,33.325,1
1785988169,472350098,103.73,6.893,110.493,0.0,33.325,1
1785988169,505674805,119.543,2.934,122.343,0.0,66.648,1
1785988169,572322998,92.233,3.505,95.615,0.0,33.323,1
1785988169,605646484,112.074,2.318,114.287,0.0,33.323,1
1785988169,638969971,127.613,2.203,129.7,0.0,66.646,1
1785988169,705615967,106.381,4.426,110.639,0.0,33.323,1
1785988169,738938477,120.224,2.916,122.998,0.0,66.644,1
1785988169,805582764,105.701,5.141,110.424,0.0,0.0,1
1785988169,838904541,122.494,2.805,125.171,-33.322,66.642,1
1785988169,905546875,118.018,2.479,120.377,0.0,0.0,1
1785988169,972188477,95.404,2.619,97.905,-66.642,-66.642,1
1785988170,5508789,118.528,2.819,121.126,-99.962,-99.962,1
1785988170,72148438,89.68,3.669,93.217,33.319,33.319,1
1785988170,105467773,105.001,2.368,107.253,0.0,0.0,1
1785988170,138786865,123.136,1.959,125.0,-33.319,66.637,1
1785988170,172105957,133.426,3.207,136.326,0.0,66.637,1
1785988170,238742676,122.252,2.412,124.504,0.0,66.65,1
1785988170,305392822,110.941,2.841,113.626,0.0,33.331,1
1785988170,338723877,131.138,3.53,134.435,0.0,66.661,1
1785988170,405385254,120.18,4.453,124.516,0.0,66.661,1
1785988170,472045898,98.879,6.489,105.211,0.0,33.33,1
1785988170,505375732,119.11,2.337,121.333,0.0,66.659,1
1785988170,572034912,96.153,2.651,98.68,0.0,33.329,1
1785988170,605364258,118.11,2.291,120.298,0.0,66.658,1
1785988170,672022217,98.917,3.647,102.437,0.0,0.0,1
1785988170,705350830,118.881,2.903,121.623,33.328,66.656,1
1785988170,772007324,96.85,3.168,99.897,0.0,33.328,1
1785988170,805335205,114.656,2.523,117.045,0.0,66.655,1
1785988170,838663086,125.832,3.662,129.141,0.0,66.655,1
1785988170,905317871,120.526,2.701,123.091,0.0,66.654,1
1785988170,971971924,98.532,5.865,104.16,0.0,33.327,1
1785988171,5298584,108.234,2.08,110.206,0.0,33.326,1
1785988171,38625000,121.606,2.294,123.773,0.0,66.652,1
1785988171,105277344,100.01,3.764,103.437,0.0,33.326,1
1785988171,138603027,107.236,2.728,109.847,0.0,33.326,1
1785988171,171928711,118.077,2.349,120.29,0.0,66.65,1
1785988171,205253906,129.554,3.133,132.565,0.0,66.651,1
1785988171,271904785,103.13,4.09,107.02,0.0,33.329,1
1785988171,305233398,120.505,2.125,122.528,0.0,66.657,1
1785988171,371890137,105.416,3.212,108.505,0.0,33.328,1
1785988171,405218018,120.635,2.682,123.188,0.0,66.655,1
1785988171,471873047,100.102,6.807,106.782,0.0,33.327,1
1785988171,505200195,127.113,2.267,129.27,0.0,66.654,1
1785988171,571853760,95.652,2.65,98.183,0.0,33.326,1
1785988171,605179932,119.495,2.463,121.835,0.0,66.652,1
1785988171,671831787,93.888,2.595,96.332,0.0,33.326,1
1785988171,705157471,107.728,4.037,111.609,0.0,33.325,1
1785988171,738482666,123.443,2.308,125.631,0.0,66.65,1
1785988171,805132324,93.255,2.542,95.677,0.0,33.324,1
1785988171,838456787,122.121,2.461,124.463,0.0,66.648,1
1785988171,905104980,118.775,2.552,121.078,0.0,33.324,1
1785988171,971752197,97.337,2.737,99.94,33.323,33.323,1
1785988172,5075439,123.378,2.021,125.297,0.0,66.646,1
1785988172,71720947,92.318,1.991,94.211,0.0,33.322,1
1785988172,138365234,88.588,2.549,91.001,-33.322,33.322,1
1785988172,171687256,98.59,2.384,100.867,0.0,33.322,1
1785988172,205008789,113.501,2.058,115.458,0.0,33.321,1
1785988172,271651855,90.743,2.289,92.917,0.0,33.327,1
1785988172,304978516,114.904,2.423,117.225,0.0,33.326,1
1785988172,338304932,125.842,2.597,128.313,0.0,66.652,1
1785988172,404956787,108.714,2.629,111.208,0.0,0.0,1
1785988172,438282227,126.813,3.944,130.633,33.325,66.65,1
1785988172,504932617,99.688,3.302,102.786,0.0,33.325,1
1785988172,538257324,120.584,3.263,123.635,0.0,66.648,1
1785988172,604905762,104.674,2.93,107.325,0.0,33.324,1
1785988172,638229736,122.046,2.687,124.595,0.0,66.647,1
1785988172,704876709,95.618,3.194,98.686,0.0,33.323,1
1785988172,738199707,112.882,2.208,114.99,0.0,33.323,1
1785988172,771522461,131.828,2.67,134.314,0.0,66.645,1
1785988172,838166992,124.755,2.968,127.601,0.0,66.644,1
1785988172,904810547,99.904,2.932,102.712,0.0,33.321,1
1785988172,938131836,126.561,3.051,129.491,0.0,66.642,1
1785988173,4773682,113.399,3.178,116.446,0.0,33.321,1
1785988173,38094238,123.021,2.831,125.732,0.0,66.64,1
1785988173,104734375,95.271,2.555,97.71,0.0,33.32,1
1785988173,138054199,102.299,2.592,104.73,0.0,0.0,1
1785988173,171373535,125.349,2.633,127.827,33.319,66.638,1
1785988173,238011475,99.692,2.962,102.533,0.0,33.319,1
1785988173,271330566,126.208,2.104,128.205,0.0,66.74,1
1785988173,338070557,95.798,2.668,98.342,0.0,33.371,1
1785988173,371441162,119.116,2.684,121.671,0.0,66.742,1
1785988173,404811768,131.56,2.917,134.332,0.0,66.742,1
1785988173,471554199,105.56,8.447,113.812,0.0,0.0,1
1785988173,504925781,125.756,3.18,128.807,-33.372,66.744,1
1785988173,571669922,106.15,4.936,110.966,0.0,33.372,1
1785988173,605042236,126.413,3.372,129.661,0.0,66.746,1
1785988173,671788086,97.723,2.032,99.655,0.0,33.373,1
1785988173,738535156,93.584,2.879,96.301,0.0,33.374,1
1785988173,771908936,98.84,4.135,102.817,0.0,33.374,1
1785988173,805283203,111.346,4.803,116.021,0.0,33.375,1
1785988173,838657715,123.523,3.159,126.547,0.0,66.75,1
1785988173,905407471,123.882,4.184,127.949,0.0,66.751,1
1785988173,972158447,124.931,2.8,127.574,0.0,66.752,1
1785988174,38910645,99.275,3.276,102.425,0.0,33.376,1
1785988174,72287109,120.952,2.769,123.577,0.0,66.754,1
1785988174,105664063,127.526,2.603,129.92,0.0,66.754,1
1785988174,172418457,103.096,2.679,105.649,0.0,33.378,1
1785988174,205796143,129.02,2.655,131.549,0.0,66.755,1
1785988174,272551514,122.87,2.706,125.444,0.0,66.754,1
1785988174,339305908,94.582,2.679,97.127,0.0,33.378,1
1785988174,372683594,122.275,2.063,124.239,0.0,66.756,1
1785988174,439439941,107.13,3.374,110.34,0.0,33.379,1
1785988174,472818604,123.404,2.793,126.062,0.0,66.759,1
1785988174,539577148,97.446,2.309,99.629,0.0,33.38,1
1785988174,572957031,103.608,3.102,106.585,0.0,33.38,1
1785988174,606337158,126.447,2.828,129.149,0.0,66.761,1
1785988174,673098389,99.714,6.548,106.08,0.0,33.381,1
1785988174,706479736,103.051,3.188,106.106,0.0,33.382,1
1785988174,773243164,91.156,2.781,93.762,-33.382,33.382,1
1785988174,806625488,122.006,2.177,124.076,0.0,0.0,1
1785988174,840008057,127.649,6.681,134.132,-33.383,-33.383,1
1785988174,906774414,113.695,3.59,117.129,33.384,33.384,1
1785988174,940158203,123.403,3.095,126.393,0.0,66.768,1
1785988175,6926514,104.271,3.48,107.616,0.0,33.385,1
1785988175,40311279,123.828,2.794,126.361,0.0,66.771,1
1785988175,107081787,96.712,2.476,99.063,0.0,33.386,1
1785988175,140467773,107.085,13.602,120.551,0.0,33.386,1
1785988175,173853760,129.215,2.779,131.867,0.0,66.773,1
1785988175,240627197,112.622,2.464,114.977,0.0,33.386,1
1785988175,274013672,127.362,2.952,130.187,0.0,66.841,1
1785988175,340854248,108.976,2.914,111.753,0.0,33.421,1
1785988175,374275146,122.837,2.952,125.605,0.0,66.843,1
1785988175,441117920,96.665,2.24,98.782,0.0,33.422,1
1785988175,474540039,124.296,2.632,126.805,0.0,66.845,1
1785988175,541385010,96.812,6.413,102.977,0.0,33.423,1
1785988175,574807861,111.577,2.315,113.784,0.0,33.423,1
1785988175,641655029,98.257,10.174,108.319,0.0,33.424,1
1785988175,675079102,109.577,4.743,114.173,0.0,33.425,1
1785988175,708503662,121.618,3.057,124.509,0.0,33.425,1
1785988175,775353516,110.847,3.135,113.865,-33.425,33.426,1
1785988175,808779053,125.534,3.382,128.805,0.0,66.852,1
1785988175,875631104,97.546,11.334,108.754,0.0,33.427,1
1785988175,909057861,104.473,2.675,107.011,0.0,33.427,1
1785988175,942484619,131.957,3.342,135.168,0.0,66.855,1
1785988176,9339600,120.462,2.893,123.225,0.0,66.856,1
1785988176,76196045,95.528,3.25,98.635,0.0,33.429,1
1785988176,109625000,118.275,2.669,120.808,0.0,66.858,1
1785988176,176483398,93.229,2.722,95.574,0.0,33.43,1
1785988176,209913330,114.234,2.166,116.289,0.0,66.859,1
1785988176,243343506,129.272,3.452,132.6,0.0,66.842,1
1785988176,310185791,101.633,3.152,104.651,0.0,33.414,1
1785988176,343599854,122.292,2.663,124.849,0.0,66.829,1
1785988176,410428467,112.293,2.994,115.06,0.0,33.415,1
1785988176,443843262,127.439,4.457,131.741,0.0,66.83,1
1785988176,510673584,103.525,2.805,106.18,0.0,33.416,1
1785988176,544089355,119.81,4.048,123.738,0.0,33.416,1
1785988176,610921631,91.952,2.521,94.319,-33.416,33.417,1
1785988176,644338135,108.72,2.766,111.373,0.0,33.417,1
1785988176,677755127,123.824,2.499,126.2,0.0,66.834,1
1785988176,744589600,95.886,3.27,98.932,0.0,0.0,1
1785988176,778007324,108.136,2.686,110.593,-33.418,33.418,1
1785988176,811425537,124.332,2.475,126.683,0.0,66.837,1
1785988176,878262451,101.651,4.6,106.113,0.0,33.419,1
1785988176,911681396,111.88,2.139,113.916,0.0,66.839,1
1785988176,945100586,144.045,2.21,146.138,0.0,66.84,1
1785988177,11940186,123.132,2.202,125.231,0.0,66.841,1
1785988177,78780762,118.008,2.444,120.321,0.0,33.421,1
1785988177,145622559,89.773,2.783,92.436,33.421,33.421,1
1785988177,179043701,107.493,2.355,109.748,0.0,33.422,1
1785988177,245887451,96.998,2.836,99.709,0.0,33.421,1
1785988177,279308105,104.309,2.232,106.437,0.0,33.364,1
1785988177,346089355,90.802,3.087,93.757,0.0,33.417,1
1785988177,379506592,100.5,2.857,103.214,0.0,33.418,1
1785988177,412924316,109.265,4.345,113.47,0.0,33.418,1
1785988177,446342041,127.501,2.704,130.069,0.0,66.837,1
1785988177,513178955,104.913,3.088,107.869,0.0,33.419,1
1785988177,546597656,118.026,3.137,120.906,0.0,66.839,1
1785988177,613436279,91.262,2.748,93.885,0.0,33.42,1
1785988177,646855957,98.745,3.691,102.311,0.0,33.42,1
1785988177,680275879,121.764,3.075,124.719,0.0,66.841,1
1785988177,747116699,92.83,3.005,95.71,0.0,33.421,1
1785988177,780537598,118.239,2.623,120.73,0.0,66.843,1
1785988177,847380371,92.561,2.734,95.178,0.0,0.0,1
1785988177,880802246,103.009,2.705,105.593,-33.422,33.422,1
1785988177,914224365,123.835,2.232,125.961,0.0,66.845,1
1785988177,981069336,99.744,2.973,102.584,0.0,33.423,1
1785988178,47915771,87.485,2.369,89.74,0.0,33.424,1
1785988178,81339355,107.242,2.497,109.603,0.0,33.424,1
1785988178,114763184,121.204,3.998,125.069,0.0,66.849,1
1785988178,181612061,99.366,2.869,102.106,0.0,33.425,1
1785988178,215036865,120.484,2.503,122.862,0.0,66.85,1
1785988178,281887207,105.397,2.358,107.609,0.0,33.424,1
1785988178,315311523,123.219,2.271,125.385,0.0,66.723,1
1785988178,382034912,106.876,3.625,110.389,0.0,33.362,1
1785988178,415396973,122.538,3.616,126.027,0.0,66.725,1
1785988178,482121582,94.689,9.63,104.192,0.0,33.363,1
1785988178,515484131,107.36,3.729,110.972,0.0,33.363,1
1785988178,548847168,120.31,2.792,122.978,0.0,66.726,1
1785988178,615573486,94.177,3.14,97.123,0.0,33.364,1
1785988178,648937012,116.395,2.336,118.601,0.0,66.728,1
1785988178,715664795,112.824,2.332,115.04,0.0,66.729,1
1785988178,749029053,117.859,2.869,120.61,-33.364,66.729,1
1785988178,815758057,89.744,2.63,92.258,0.0,0.0,1
1785988178,849122803,106.899,3.384,110.127,-33.365,33.365,1
1785988178,882488037,122.694,2.374,124.959,0.0,66.731,1
1785988178,949218750,119.561,2.885,122.243,0.0,66.732,1
1785988179,15950439,105.136,2.432,107.466,0.0,33.366,1
1785988179,49316650,121.334,3.783,125.0,0.0,66.733,1
1785988179,116049561,113.033,2.736,115.557,0.0,66.734,1
1785988179,182783447,88.705,2.932,91.514,0.0,33.367,1
1785988179,216150635,118.223,2.226,120.34,0.0,66.735,1
1785988179,249518311,123.926,2.718,126.528,0.0,66.736,1
1785988179,316253906,98.802,2.858,101.521,0.0,33.327,1
1785988179,349580566,120.234,2.084,122.215,0.0,66.653,1
1785988179,416233154,91.333,2.668,93.877,0.0,0.0,1
1785988179,449559082,102.424,3.038,105.305,33.325,33.325,1
1785988179,482884521,114.327,4.05,118.255,0.0,33.325,1
1785988179,549534912,87.253,5.076,92.21,-33.325,33.325,1
1785988179,582859863,96.732,3.242,99.834,0.0,33.324,1
1785988179,616184326,118.308,2.23,120.436,0.0,66.648,1
1785988179,682832520,84.48,2.25,86.617,0.0,33.323,1
1785988179,716156006,118.073,2.488,120.441,0.0,66.647,1
1785988179,782802734,100.192,4.296,104.339,0.0,33.323,1
1785988179,816125488,127.871,2.18,129.937,0.0,66.645,1
1785988179,882770264,116.14,2.334,118.351,0.0,66.644,1
1785988179,949414063,103.048,4.851,107.769,0.0,33.322,1
1785988179,982735596,123.245,2.839,125.854,0.0,66.642,1
1785988180,49377686,110.998,2.719,113.592,0.0,66.641,1
1785988180,82698242,115.528,2.65,118.058,0.0,33.32,1
1785988180,149338623,95.955,2.429,98.255,33.32,33.32,1
1785988180,182658447,101.784,2.64,104.256,0.0,33.32,1
1785988180,215978027,115.98,2.114,117.984,0.0,66.638,1
1785988180,282616211,87.761,2.608,90.244,0.0,33.32,1
1785988180,315936279,95.604,2.741,98.185,0.0,33.325,1
1785988180,349261475,107.638,2.301,109.832,0.0,33.325,1
1785988180,382586182,123.693,2.883,126.416,0.0,66.649,1
1785988180,449235107,108.471,2.513,110.741,0.0,33.324,1
1785988180,482559082,122.04,3.313,125.237,0.0,66.647,1
1785988180,549206299,93.599,2.877,96.339,0.0,33.323,1
1785988180,582529297,119.189,2.936,121.994,0.0,66.646,1
1785988180,649174805,115.927,3.071,118.725,0.0,66.644,1
1785988180,682497070,122.485,2.682,125.059,0.0,66.644,1
1785988180,749140625,117.365,2.903,120.148,0.0,66.643,1
1785988180,815783203,109.509,2.794,112.171,0.0,33.321,1
1785988180,849104004,124.048,3.218,127.059,0.0,33.321,1
1785988180,915744629,113.082,2.752,115.606,-33.32,33.32,1
1785988180,949064697,138.464,6.332,144.586,0.0,66.639,1
1785988181,15703613,119.373,2.442,121.66,0.0,33.319,1
1785988181,82341309,93.345,2.61,95.822,33.319,33.319,1
1785988181,115659912,96.587,4.336,100.806,0.0,33.318,1
1785988181,148978027,107.139,5.684,112.622,0.0,33.318,1
1785988181,182295898,122.559,2.494,124.925,0.0,66.635,1
1785988181,248930908,114.936,3.573,118.383,0.0,33.317,1
1785988181,315565674,91.729,5.606,97.191,-33.318,33.335,1
1785988181,348900391,106.994,4.734,111.601,0.0,33.334,1
1785988181,382234863,117.444,2.523,119.841,0.0,33.334,1
1785988181,448902832,96.313,5.439,101.421,-33.334,-33.334,1
1785988181,482236572,110.577,3.264,113.698,33.333,33.333,1
1785988181,515570068,126.551,11.792,138.156,0.0,66.666,1
1785988181,582236328,101.027,4.211,104.845,0.0,0.0,1
1785988181,615569336,119.258,2.431,121.569,33.333,66.665,1
1785988181,682234375,87.712,3.435,91.014,0.0,33.332,1
1785988181,715566406,106.912,2.476,109.262,0.0,33.332,1
1785988181,748898438,124.915,2.777,127.569,0.0,66.663,1
1785988181,815561768,99.348,2.945,102.169,0.0,33.331,1
1785988181,848893066,119.636,2.485,121.907,0.0,66.662,1
1785988181,915554932,112.538,2.416,114.843,0.0,66.661,1
1785988181,948885498,128.556,2.171,130.615,0.0,66.661,1
1785988182,15546143,100.391,3.021,103.263,0.0,33.33,1
1785988182,48876221,124.994,2.168,127.055,0.0,66.659,1
1785988182,115535400,97.029,2.711,99.624,0.0,33.329,1
1785988182,148864746,118.002,3.257,121.143,0.0,66.658,1
1785988182,215522705,99.219,3.872,102.895,0.0,33.329,1
1785988182,248851318,116.769,2.542,119.183,0.0,66.657,1
1785988182,315508789,95.182,3.252,98.308,0.0,0.0,1
1785988182,348834229,119.744,2.43,122.06,33.325,66.651,1
1785988182,415484863,91.749,2.745,94.37,0.0,33.325,1
1785988182,448809570,102.168,9.345,111.342,0.0,33.324,1
1785988182,482134033,120.626,3.128,123.528,0.0,66.648,1
1785988182,548782227,91.675,4.935,96.476,0.0,33.324,1
1785988182,582105957,102.103,2.891,104.841,0.0,33.323,1
1785988182,615429199,110.058,2.63,112.563,0.0,33.323,1
1785988182,648752197,121.207,2.874,123.941,0.0,66.645,1
1785988182,715397461,107.531,3.144,110.534,0.0,33.322,1
1785988182,748719727,120.505,3.389,123.773,0.0,66.644,1
1785988182,815363281,105.321,5.17,110.113,0.0,33.322,1
1785988182,848684814,126.107,2.297,128.289,0.0,66.642,1
1785988182,915326660,118.614,2.781,121.269,0.0,66.641,1
1785988182,981967285,92.665,2.845,95.379,0.0,33.32,1
1785988183,15287109,113.787,3.01,116.672,0.0,33.32,1
1785988183,48606934,121.806,6.331,128.014,0.0,66.638,1
1785988183,115245117,103.461,11.121,114.459,0.0,33.319,1
1785988183,148563965,120.352,4.327,124.57,0.0,66.637,1
1785988183,215200684,95.047,2.862,97.785,0.0,33.318,1
1785988183,248518555,110.036,3.08,112.968,0.0,33.318,1
1785988183,315154541,108.761,4.536,113.162,-33.318,33.373,1
1785988183,348527832,124.749,2.531,127.149,0.0,33.374,1
1785988183,415275146,99.838,2.396,102.113,-33.374,33.374,1
1785988183,448649414,120.047,4.048,123.979,0.0,66.749,1
1785988183,515398682,95.304,2.479,97.654,0.0,33.375,1
1785988183,548773926,98.099,2.475,100.441,0.0,33.375,1
1785988183,582149414,121.099,4.863,125.829,0.0,66.752,1
1785988183,648901367,97.448,2.591,99.922,0.0,33.376,1
1785988183,682277832,121.393,2.589,123.857,0.0,66.754,1
1785988183,749031738,93.053,3.107,96.025,0.0,33.377,1
1785988183,782409180,117.452,2.24,119.58,0.0,66.756,1
1785988183,849165039,105.928,4.751,110.515,0.0,33.378,1
1785988183,882543457,129.182,3.731,132.789,0.0,66.758,1
1785988183,949301270,114.194,7.286,121.36,0.0,33.379,1
1785988183,982680664,142.281,2.149,144.321,0.0,66.76,1
1785988184,49440430,122.209,2.367,124.475,0.0,33.38,1
1785988184,116201660,117.381,2.751,120.032,-33.381,66.762,1
1785988184,182964111,109.098,2.863,111.847,0.0,0.0,1
1785988184,216345703,122.214,5.233,127.192,-33.382,66.764,1
1785988184,249727783,139.019,2.418,141.313,0.0,66.764,1
1785988184,316492188,112.355,2.593,114.823,0.0,33.333,1
1785988184,349825195,122.963,2.247,125.096,0.0,66.665,1
1785988184,416490234,92.992,2.757,95.622,0.0,33.332,1
1785988184,449822510,104.564,4.422,108.864,0.0,33.332,1
1785988184,483154541,124.775,2.657,127.304,0.0,66.663,1
1785988184,549817871,95.457,2.472,97.81,0.0,33.331,1
1785988184,583149170,118.301,3.549,121.716,0.0,66.662,1
1785988184,649811279,95.135,2.829,97.829,0.0,33.331,1
1785988184,683141846,110.546,5.817,116.235,0.0,33.331,1
1785988184,716472412,122.104,2.355,124.346,0.0,66.66,1
1785988184,783132568,93.001,4.842,97.647,0.0,33.33,1
1785988184,816462402,130.409,2.719,133.001,0.0,66.659,1
1785988184,883121338,110.667,2.523,113.04,0.0,33.329,1
1785988184,916450439,122.803,4.044,126.688,0.0,66.657,1
1785988184,983107910,111.087,3.891,114.506,0.0,0.0,1
1785988185,16436523,130.983,4.098,134.81,33.328,33.328,1
1785988185,83092773,103.29,2.589,105.752,33.328,33.328,1
1785988185,116420410,126.051,2.333,128.275,0.0,66.655,1
1785988185,183075439,118.539,2.234,120.669,0.0,33.327,1
1785988185,216402588,124.303,4.729,128.887,0.0,66.654,1
1785988185,283056152,103.887,5.378,109.138,0.0,33.327,1
1785988185,316383301,120.993,2.039,122.933,0.0,66.821,1
1785988185,383203857,99.346,3.243,102.435,0.0,33.411,1
1785988185,416614502,109.699,2.619,112.078,0.0,33.411,1
1785988185,450025391,119.878,2.384,122.112,0.0,66.823,1
1785988185,516847900,94.612,2.65,97.122,0.0,33.412,1
1785988185,550259766,110.786,2.351,113.029,0.0,33.412,1
1785988185,583671631,125.546,2.378,127.788,0.0,66.825,1
1785988185,650496582,107.167,2.454,109.501,0.0,33.413,1
1785988185,683909424,122.955,2.966,125.805,0.0,66.826,1
1785988185,750735840,97.313,3.224,100.397,0.0,33.414,1
1785988185,784149414,110.172,2.672,112.722,0.0,33.414,1
1785988185,817563232,127.034,2.537,129.46,0.0,33.414,1
1785988185,884392090,129.194,2.668,131.734,-33.415,66.83,1
1785988185,951221680,103.111,4.969,107.888,0.0,0.0,1
1785988185,984636963,125.924,2.404,128.216,-33.415,33.416,1
1785988186,51468262,103.515,3.938,107.307,-33.416,33.416,1
1785988186,84884277,117.744,3.926,121.546,0.0,66.833,1
1785988186,118300781,126.104,2.32,128.243,0.0,66.833,1
1785988186,185134277,109.239,3.817,112.837,0.0,33.417,1
1785988186,218551514,121.42,4.377,125.687,0.0,0.0,1
1785988186,285386719,110.948,2.145,112.987,33.417,66.819,1
1785988186,318803223,125.089,2.034,127.023,0.0,66.806,1
1785988186,385608887,105.416,2.478,107.772,0.0,33.403,1
1785988186,452415283,89.943,2.56,92.377,0.0,33.404,1
1785988186,485818848,105.143,6.167,111.188,0.0,33.404,1
1785988186,519222656,118.028,2.784,120.688,0.0,66.808,1
1785988186,586030762,90.098,3.553,93.301,0.0,33.405,1
1785988186,619435303,98.669,2.892,101.419,0.0,33.405,1
1785988186,652839844,107.333,5.051,112.258,0.0,33.405,1
1785988186,686244629,124.26,2.309,126.451,0.0,66.81,1
1785988186,753054932,98.144,4.822,102.755,0.0,33.405,1
1785988186,786460205,118.142,3.641,121.578,0.0,66.812,1
1785988186,853271729,109.326,4.956,114.168,0.0,33.406,1
1785988186,920083984,105.364,3.258,108.49,0.0,0.0,1
1785988186,953490479,133.393,4.313,137.505,-33.406,66.814,1
1785988187,20304199,117.858,3.417,121.138,0.0,66.814,1
1785988187,87118408,93.344,2.174,95.403,0.0,33.407,1
1785988187,120525879,119.101,2.932,121.902,0.0,66.816,1
1785988187,187341553,93.88,3.051,96.59,0.0,33.408,1
1785988187,220749756,123.248,3.072,126.203,0.0,66.817,1
1785988187,287566406,98.3,3.154,101.326,0.0,33.408,1
1785988187,320974121,111.226,2.186,113.31,0.0,33.319,1
1785988187,354292969,114.525,2.547,116.924,0.0,66.636,1
1785988187,420929199,92.799,2.435,95.11,0.0,33.318,1
1785988187,454246826,94.776,2.659,97.251,0.0,33.317,1
1785988187,520880859,86.407,2.221,88.513,0.0,33.317,1
1785988187,554197510,90.484,2.505,92.825,0.0,33.316,1
1785988187,587513672,104.957,2.824,107.64,0.0,33.316,1
1785988187,620829590,120.055,2.574,122.496,0.0,66.631,1
1785988187,687460449,102.741,3.437,106.057,0.0,33.315,1
1785988187,720775391,124.697,2.447,126.952,0.0,66.629,1
1785988187,787404053,105.055,2.275,107.229,0.0,33.314,1
1785988187,820717773,120.748,2.814,123.422,0.0,66.626,1
1785988187,887344238,103.531,7.529,110.917,0.0,33.313,1
1785988187,920657227,142.203,2.743,144.815,0.0,66.625,1
1785988187,987281738,125.088,3.475,128.437,0.0,66.623,1
1785988188,53904785,109.229,3.787,112.812,0.0,33.311,1
1785988188,87215820,118.445,2.884,121.197,0.0,66.621,1
1785988188,153836914,96.325,3.772,99.935,0.0,33.31,1
1785988188,187146973,109.668,5.205,114.77,0.0,0.0,1
1785988188,220456543,144.414,4.073,148.36,33.309,66.618,1
1785988188,287074707,117.593,3.252,120.718,0.0,66.628,1
1785988188,353702881,92.842,3.004,95.7,0.0,33.318,1
1785988188,387020508,117.558,3.448,120.882,0.0,66.635,1
1785988188,453655029,91.064,2.736,93.651,0.0,33.317,1
1785988188,486971680,107.569,2.116,109.581,0.0,33.316,1
1785988188,520288086,125.304,2.668,127.828,0.0,66.632,1
1785988188,586919678,96.918,2.724,99.521,0.0,33.315,1
1785988188,620234863,120.771,2.89,123.52,0.0,66.63,1
1785988188,686864502,95.602,2.85,98.298,0.0,33.314,1
1785988188,720178711,108.08,2.274,110.236,0.0,33.314,1
1785988188,753492432,125.752,2.279,127.918,0.0,66.627,1
1785988188,820119141,111.058,4.701,114.462,0.0,33.313,1
1785988188,853431885,130.127,3.29,132.912,0.0,66.625,1
1785988188,920056396,126.714,6.867,129.526,0.0,33.312,1
1785988188,986679443,112.709,2.701,115.276,0.0,33.311,1
1785988189,19990479,132.097,3.315,135.261,0.0,66.621,1
1785988189,86611572,109.238,2.938,112.048,0.0,0.0,1
1785988189,119921387,126.018,2.577,128.461,33.31,66.619,1
1785988189,186540283,110.615,2.974,113.439,0.0,33.309,1
1785988189,219849121,124.696,3.044,127.604,0.0,66.617,1
1785988189,286465820,108.113,2.83,110.792,0.0,33.309,1
1785988189,319774658,120.21,2.576,122.661,0.0,66.639,1
1785988189,386413818,96.202,2.632,98.684,0.0,33.319,1
1785988189,419732910,122.075,3.268,125.232,0.0,66.637,1
1785988189,486369873,100.928,2.63,103.425,0.0,33.318,1
1785988189,519687988,120.593,3.071,123.342,0.0,66.635,1
1785988189,586322998,99.197,3.765,102.824,0.0,33.317,1
1785988189,619639893,109.182,3.607,112.144,0.0,33.317,1
1785988189,652956543,122.085,2.766,124.726,0.0,66.632,1
1785988189,719588867,94.499,2.777,97.159,0.0,33.315,1
1785988189,752904297,106.614,2.867,109.344,0.0,33.315,1
1785988189,786219727,125.419,2.63,127.932,0.0,66.629,1
1785988189,852849121,101.043,3.633,104.538,0.0,33.314,1
1785988189,886163330,129.565,14.891,144.337,0.0,66.627,1
1785988189,952790771,107.191,2.595,109.667,0.0,33.313,1
1785988189,986104004,130.426,4.875,135.159,0.0,66.625,1
1785988190,52729492,122.354,4.522,126.732,0.0,33.312,1
1785988190,86041504,122.397,2.93,125.192,0.0,66.623,1
1785988190,152664795,98.745,2.975,101.592,0.0,33.311,1
1785988190,185976074,124.523,2.144,126.556,0.0,66.621,1
1785988190,252597412,97.205,3.147,99.93,0.0,33.31,1
1785988190,285907471,111.536,2.879,114.286,0.0,33.311,1
1785988190,319218262,126.354,3.279,129.517,0.0,66.638,1
1785988190,385855957,99.353,3.852,103.01,0.0,33.319,1
1785988190,419174561,110.244,4.947,115.052,0.0,33.318,1
1785988190,452492432,121.177,2.719,123.773,0.0,66.635,1
1785988190,519127441,106.515,6.276,112.662,0.0,33.317,1
1785988190,552444580,123.442,2.243,125.584,0.0,33.317,1
1785988190,619077637,116.793,2.44,119.105,33.316,66.631,1
1785988190,652393555,130.144,3.135,133.153,0.0,66.631,1
1785988190,719024414,122.601,3.305,125.768,0.0,66.629,1
1785988190,785653809,98.532,2.487,100.896,0.0,33.314,1
1785988190,818968018,128.458,3.618,131.948,0.0,66.627,1
1785988190,885595459,124.098,2.822,126.795,0.0,66.626,1
1785988190,952221436,99.71,3.049,102.564,0.0,33.312,1
1785988190,985533936,122.027,2.239,124.167,0.0,66.624,1
1785988191,52157715,123.529,1.979,125.407,0.0,66.623,1
1785988191,118780273,99.562,4.552,103.999,0.0,33.311,1
1785988191,152090820,123.156,2.556,125.586,0.0,66.62,1
1785988191,218711182,99.896,6.201,105.97,0.0,33.31,1
1785988191,252020996,123.946,2.138,125.973,0.0,66.619,1
1785988191,318640137,101.173,6.314,107.334,0.0,33.362,1
1785988191,352002197,124.113,2.664,126.646,0.0,66.725,1
1785988191,418727295,103.763,8.771,112.4,0.0,33.363,1
1785988191,452090088,117.059,3.605,120.529,0.0,66.727,1
1785988191,485453369,123.185,2.956,126.011,0.0,66.727,1
1785988191,552180176,99.297,14.589,113.737,0.0,33.364,1
1785988191,585543945,104.56,10.003,114.402,0.0,33.364,1
1785988191,618907715,124.255,2.759,126.887,0.0,66.729,1
1785988191,685636475,114.243,2.211,116.354,0.0,66.729,1
1785988191,719000977,128.586,2.584,131.046,0.0,66.73,1
1785988191,785730957,99.338,2.582,101.713,0.0,33.365,1
1785988191,819096436,126.748,3.865,130.497,0.0,66.731,1
1785988191,885827637,113.55,2.448,115.882,0.0,33.366,1
1785988191,919193604,136.957,2.651,139.472,0.0,66.733,1
1785988191,985926270,120.415,2.207,122.516,0.0,66.733,1
1785988192,19292725,132.465,2.985,135.321,0.0,66.734,1
1785988192,86026855,117.398,4.561,121.777,0.0,33.367,1
1785988192,119394043,133.875,9.563,143.315,0.0,66.735,1
1785988192,186129395,119.247,2.475,121.592,0.0,66.736,1
1785988192,219497314,127.529,2.494,129.908,0.0,66.737,1
1785988192,286233887,109.675,2.506,112.029,0.0,33.368,1
1785988192,319602051,125.45,2.482,127.818,0.0,66.74,1
1785988192,386341553,94.624,2.692,97.187,0.0,0.0,1
1785988192,419711914,121.562,2.483,123.914,-33.37,66.741,1
1785988192,453082520,130.947,3.053,133.88,33.371,66.742,1
1785988192,519824463,122.05,2.843,124.766,0.0,66.743,1
1785988192,586567627,105.389,8.69,113.936,0.0,33.372,1
1785988192,619939453,125.403,2.547,127.834,0.0,66.745,1
1785988192,686684326,95.753,3.175,98.791,0.0,33.373,1
1785988192,720057373,102.264,2.377,104.521,0.0,0.0,1
1785988192,753430420,124.73,2.322,126.93,-33.373,66.747,1
1785988192,820177734,106.265,5.412,109.314,0.0,33.374,1
1785988192,853551758,127.551,2.665,130.085,0.0,33.374,1
1785988192,920300781,106.62,3.95,110.007,0.0,33.375,1
1785988192,953675781,120.6,2.174,122.667,0.0,33.375,1
1785988192,987051025,121.685,2.176,123.739,0.0,0.0,1
1785988193,53802246,115.057,2.93,117.879,0.0,33.376,1
1785988193,87178223,131.567,2.862,134.302,0.0,33.376,1
1785988193,153931396,103.899,2.372,106.167,-33.377,-33.377,1
1785988193,187308350,124.95,2.461,127.304,33.377,66.755,1
1785988193,254063232,100.525,4.493,104.893,0.0,33.378,1
1785988193,287441162,118.573,2.396,120.86,0.0,33.377,1
1785988193,354201172,98.217,2.344,100.451,-33.383,33.383,1
1785988193,387583984,117.697,2.406,119.963,0.0,66.767,1
1785988193,420967529,125.549,2.077,127.516,0.0,66.768,1
1785988193,487735596,108.541,2.803,111.197,0.0,33.385,1
1785988193,521120361,126.799,2.729,129.411,0.0,66.771,1
1785988193,587890869,100.282,11.754,111.9,0.0,33.386,1
1785988193,621277100,125.325,2.273,127.479,0.0,66.773,1
1785988193,688050293,94.759,2.422,97.068,0.0,33.387,1
1785988193,721437744,132.885,3.649,136.292,0.0,66.776,1
1785988193,788213623,106.927,5.859,112.134,0.0,33.389,1
1785988193,821602295,109.815,6.726,116.423,0.0,33.389,1
1785988193,854991211,126.762,2.738,129.368,0.0,66.78,1
1785988193,921770752,111.491,6.72,118.09,0.0,33.39,1
1785988193,955161133,147.246,2.474,149.608,0.0,66.782,1
1785988194,21943115,123.671,2.457,125.894,0.0,33.392,1
1785988194,88726807,108.404,3.082,111.268,-33.392,33.393,1
1785988194,122119385,129.954,6.518,135.876,0.0,66.786,1
1785988194,188905762,107.019,2.877,109.751,0.0,33.394,1
1785988194,222299805,120.464,2.331,122.69,0.0,66.789,1
1785988194,255694092,132.453,3.28,135.61,0.0,66.789,1
1785988194,322482910,120.746,2.219,122.799,0.0,66.684,1
1785988194,389166748,100.761,3.611,104.112,0.0,33.342,1
1785988194,422508545,114.891,2.264,116.945,0.0,66.683,1
1785988194,455850098,125.083,3.698,128.657,0.0,66.683,1
1785988194,522532715,98.235,4.774,102.84,0.0,33.341,1
1785988194,555874023,105.71,6.149,111.718,0.0,33.341,1
1785988194,589215088,120.184,2.515,122.576,0.0,33.341,1
1785988194,655896484,97.477,2.722,100.066,0.0,33.341,1
1785988194,689237061,112.377,2.103,114.38,0.0,33.341,1
1785988194,789258057,88.847,4.8,93.512,0.0,33.34,1
1785988194,822597900,100.474,6.389,106.736,0.0,33.34,1
1785988194,855937744,123.978,4.505,128.333,0.0,66.679,1
1785988194,922617188,116.3,2.744,118.936,0.0,66.679,1
1785988194,955956543,124.713,2.502,127.094,0.0,66.678,1
1785988195,22635010,106.707,3.31,109.84,0.0,33.339,1
1785988195,55974121,127.281,6.294,133.444,0.0,66.677,1
1785988195,122651611,109.22,6.039,114.928,0.0,33.339,1
1785988195,155990234,119.576,2.298,121.758,0.0,33.338,1
1785988195,222666992,97.22,2.943,100.029,33.338,33.338,1
1785988195,256005127,115.329,2.638,117.838,0.0,66.676,1
1785988195,289343018,124.658,2.624,127.156,0.0,66.694,1
1785988195,356037109,96.991,3.749,100.634,0.0,33.439,1
1785988195,389476074,125.246,2.258,127.38,0.0,66.879,1
1785988195,456355225,112.676,2.404,114.961,0.0,33.44,1
1785988195,489795654,130.136,2.44,132.436,0.0,66.882,1
1785988195,556677734,119.309,2.173,121.372,0.0,33.442,1
1785988195,623562012,97.017,2.999,99.875,-33.442,33.443,1
1785988195,657004639,109.231,2.418,111.529,0.0,33.443,1
1785988195,690447998,125.364,2.179,127.446,0.0,66.888,1
1785988195,757335938,119.47,2.371,121.614,0.0,66.89,1
1785988195,824225830,102.084,3.438,105.394,0.0,33.446,1
1785988195,857671387,128.026,3.001,130.897,0.0,33.446,1
1785988195,924564209,112.686,2.413,114.992,0.0,33.447,1
1785988195,958011230,125.106,2.651,127.638,0.0,66.896,1
1785988196,24906738,101.045,3.201,104.104,0.0,33.449,1
1785988196,58355469,106.099,2.468,108.436,0.0,33.449,1
1785988196,91804443,120.245,2.22,122.355,0.0,66.899,1
1785988196,158703857,98.711,3.619,102.122,0.0,0.0,1
1785988196,192154297,122.046,3.252,125.164,-33.45,66.902,1
1785988196,259056641,98.323,5.861,104.029,0.0,33.452,1
1785988196,292508545,110.37,4.73,113.099,0.0,33.452,1
1785988196,359411621,89.876,2.651,92.407,0.0,33.333,1
1785988196,392744385,96.01,2.34,98.147,0.0,0.0,1
1785988196,426076660,119.952,3.131,122.951,-33.332,33.332,1
1785988196,492740967,93.683,2.661,96.22,33.332,33.332,1
1785988196,526072754,96.506,2.734,99.053,0.0,33.332,1
1785988196,592735840,87.542,2.021,89.462,0.0,33.331,1
1785988196,626066895,98.535,2.817,101.208,0.0,33.331,1
1785988196,659397705,122.587,2.089,124.572,0.0,66.661,1
1785988196,726058838,92.166,11.165,102.88,0.0,33.33,1
1785988196,759389160,101.738,3.625,105.091,0.0,33.33,1
1785988196,792718994,113.381,2.152,115.409,0.0,0.0,1
1785988196,826048828,130.638,8.973,139.487,33.329,66.659,1
1785988196,892707520,110.607,5.317,115.802,0.0,33.329,1
1785988196,926036621,109.851,2.58,112.306,0.0,0.0,1
1785988196,959365479,117.62,3.245,120.632,33.329,33.329,1
1785988197,26022461,93.147,2.247,95.216,33.328,33.328,1
1785988197,59350586,108.326,2.926,111.0,0.0,33.328,1
1785988197,92678711,120.16,5.312,124.712,0.0,66.655,1
1785988197,159333740,110.257,3.389,113.508,0.0,33.327,1
1785988197,192661133,128.599,4.178,132.652,0.0,66.654,1
1785988197,259314941,112.059,3.048,114.989,0.0,33.326,1
1785988197,292641357,118.258,3.691,121.833,0.0,66.653,1
1785988197,359294678,97.243,6.481,103.589,0.0,33.337,1
1785988197,392631348,119.485,3.251,122.604,0.0,66.673,1
1785988197,459303955,114.981,2.711,117.561,0.0,66.672,1
1785988197,492639893,136.855,3.01,139.711,0.0,66.672,1
1785988197,559311523,117.927,2.636,120.436,0.0,66.671,1
1785988197,625982422,93.761,4.272,97.553,0.0,33.335,1
1785988197,659317627,108.965,3.841,112.696,0.0,33.335,1
1785988197,692652588,122.812,2.383,125.074,0.0,66.67,1
1785988197,759322266,101.968,3.356,105.176,0.0,0.0,1
1785988197,792656738,117.99,2.353,120.228,33.334,66.668,1
1785988197,825990967,126.586,2.985,129.448,0.0,66.668,1
1785988197,892659180,118.005,2.616,120.51,0.0,66.667,1
1785988197,959326660,115.265,2.198,117.363,0.0,33.333,1
1785988197,992660156,121.628,2.121,123.506,0.0,66.666,1
1785988198,59326416,106.897,2.472,109.249,0.0,33.333,1
1785988198,125992188,90.373,2.198,92.459,0.0,0.0,1
1785988198,159324707,107.372,2.296,109.544,-33.333,33.333,1
1785988198,192657227,121.584,2.518,123.985,0.0,66.664,1
1785988198,259321533,111.828,3.06,114.752,0.0,33.332,1
1785988198,359317383,91.444,5.926,97.258,-33.332,33.345,1
1785988198,392662354,102.533,2.84,105.201,0.0,33.344,1
1785988198,426006836,113.08,3.897,116.816,0.0,66.689,1
1785988198,459351563,122.252,2.746,124.878,0.0,66.689,1
1785988198,526040283,109.676,4.538,113.715,0.0,33.344,1
1785988198,559384277,119.491,4.158,123.522,0.0,33.344,1
1785988198,626072266,91.372,3.271,94.335,0.0,33.344,1
1785988198,659415771,98.408,2.748,101.034,0.0,33.344,1
1785988198,692759277,117.997,2.388,120.271,0.0,66.687,1
1785988198,726102783,126.855,2.479,129.204,0.0,66.686,1
1785988198,792789063,101.664,2.713,104.247,0.0,33.343,1
1785988198,826132080,128.769,2.78,131.414,0.0,66.686,1
1785988198,892817627,128.595,2.58,131.036,0.0,66.685,1
1785988198,959502441,102.093,4.317,106.298,0.0,0.0,1
1785988198,992844727,130.611,2.354,132.844,-33.342,66.684,1
1785988199,59528809,102.714,3.735,106.113,0.0,0.0,1
1785988199,92870605,118.782,2.574,121.23,33.342,33.342,1
1785988199,159553711,97.722,6.653,104.249,-33.342,-33.342,1
1785988199,192895020,124.61,2.154,126.662,66.682,66.682,1
1785988199,259577393,109.198,3.454,112.37,0.0,33.341,1
1785988199,292918213,123.606,2.788,126.257,0.0,66.682,1
1785988199,359600098,98.125,6.572,104.497,0.0,33.333,1
1785988199,392933594,117.052,2.277,119.177,0.0,33.333,1
1785988199,426267090,127.498,7.703,135.019,0.0,66.666,1
1785988199,492933105,105.191,2.986,108.056,0.0,33.333,1
1785988199,526265869,121.889,2.452,124.219,0.0,66.665,1
1785988199,592930664,102.847,3.601,106.291,0.0,33.332,1
1785988199,626262695,122.886,2.687,125.455,0.0,66.664,1
1785988199,692926270,92.811,2.81,95.496,0.0,33.331,1
1785988199,726257568,123.668,2.621,126.168,0.0,66.662,1
1785988199,792919922,98.47,2.396,100.763,0.0,0.0,1
1785988199,826250732,126.403,2.643,128.941,33.331,66.661,1
1785988199,892911621,124.561,3.254,127.67,0.0,66.66,1
1785988199,926241943,132.002,5.186,136.979,0.0,66.66,1
1785988199,992901611,113.647,2.837,116.355,0.0,33.33,1
1785988200,26231201,126.734,2.004,128.645,0.0,66.658,1
1785988200,92889648,120.402,2.959,123.228,0.0,66.657,1
1785988200,159547119,97.298,2.62,99.774,0.0,33.329,1
1785988200,192875732,121.394,2.915,124.133,0.0,66.656,1
1785988200,226203857,135.49,2.873,138.242,0.0,33.328,1
1785988200,292859863,121.005,2.8,123.681,33.328,66.656,1
1785988200,359515381,99.4,3.15,102.42,0.0,33.334,1
1785988200,392849121,111.24,3.14,114.238,0.0,0.0,1
1785988200,426182861,120.436,2.181,122.513,33.333,66.666,1
1785988200,526182129,89.945,2.062,91.901,0.0,33.333,1
1785988200,559514648,121.193,2.72,123.755,0.0,33.333,1
1785988200,626179199,92.75,2.718,95.344,-33.332,33.332,1
1785988200,659511230,110.093,2.405,112.38,0.0,33.332,1
1785988200,692843018,125.703,2.765,128.342,0.0,66.663,1
1785988200,759505859,101.008,3.863,104.704,0.0,33.331,1
1785988200,792837158,124.81,2.529,127.219,0.0,66.661,1
1785988200,859498535,108.655,6.055,114.575,0.0,33.331,1
1785988200,892829102,131.887,5.492,137.244,0.0,66.66,1
1785988200,959489258,112.757,2.349,114.982,0.0,0.0,1
1785988200,992819092,129.663,2.129,131.678,33.33,66.659,1
1785988201,59478027,109.791,2.487,112.161,0.0,33.329,1
1785988201,92807129,122.19,2.696,124.74,0.0,66.657,1
1785988201,159464600,94.877,4.043,98.807,0.0,33.328,1
1785988201,192792969,127.166,1.963,129.037,0.0,66.656,1
1785988201,259449219,119.668,5.314,124.84,0.0,33.328,1
1785988201,326104736,93.98,2.874,96.723,-33.328,33.328,1
1785988201,359432617,101.609,9.42,110.904,0.0,33.374,1
1785988201,392806885,121.878,2.431,124.196,0.0,0.0,1
1785988201,459556885,101.829,2.861,104.529,33.375,33.375,1
1785988201,492932373,114.469,2.418,116.759,0.0,33.376,1
1785988201,526308105,127.229,18.056,145.159,0.0,66.752,1
1785988201,593060547,100.073,5.142,105.076,0.0,33.377,1
1785988201,626437256,114.176,2.113,116.186,0.0,33.377,1
1785988201,659814453,123.72,2.315,125.907,0.0,66.755,1
1785988201,726569580,101.547,3.273,104.682,0.0,33.378,1
1785988201,759947754,120.714,2.529,123.095,0.0,33.378,1
1785988201,826704834,105.719,7.108,112.667,-33.379,33.379,1
1785988201,860083984,130.459,3.014,133.344,0.0,66.759,1
1785988201,926843262,105.793,7.345,113.007,0.0,33.38,1
1785988201,960223145,122.482,2.483,124.765,0.0,66.761,1
1785988202,26984375,101.167,3.337,104.355,0.0,33.381,1
1785988202,60365479,106.858,10.683,117.419,0.0,33.381,1
1785988202,127128662,93.568,3.045,96.489,0.0,33.382,1
1785988202,160510742,120.733,3.537,124.138,0.0,33.382,1
1785988202,193893066,133.282,3.547,136.667,0.0,0.0,1
1785988202,260658936,121.592,2.43,123.904,33.383,66.767,1
1785988202,294042236,127.728,2.929,130.525,0.0,66.767,1
1785988202,360809326,123.888,3.297,127.059,0.0,66.765,1
1785988202,427574463,111.151,3.493,114.464,0.0,33.383,1
1785988202,460957520,138.793,5.532,144.206,0.0,66.768,1
1785988202,527725098,125.881,5.64,130.642,0.0,33.385,1
1785988202,561109619,126.174,2.121,128.188,0.0,33.385,1
1785988202,627879395,123.785,2.498,126.156,-33.385,66.772,1
1785988202,694651123,98.282,2.462,100.617,0.0,33.386,1
1785988202,728037354,121.121,2.366,123.358,0.0,66.774,1
1785988202,794811279,105.127,6.198,111.194,0.0,33.388,1
1785988202,828198975,129.334,2.084,131.312,0.0,66.776,1
1785988202,861586914,157.129,2.334,159.352,0.0,100.167,1
1785988202,961753418,103.667,2.127,105.685,0.0,33.389,1
1785988202,995142822,117.641,3.616,121.087,0.0,66.781,1
1785988203,61923340,96.737,3.145,99.752,0.0,0.0,1
1785988203,95313965,109.197,2.724,111.794,-33.391,-33.391,1
1785988203,128705322,126.865,2.321,129.066,33.392,66.783,1
1785988203,195488770,96.722,2.708,99.315,0.0,33.393,1
1785988203,228881348,134.695,2.459,137.016,0.0,66.786,1
1785988203,295667236,127.051,2.635,129.552,0.0,66.787,1
1785988203,362454102,96.519,2.519,98.926,0.0,33.347,1
1785988203,429148438,89.966,4.242,94.097,0.0,33.347,1
1785988203,462495361,102.503,5.533,107.907,0.0,33.347,1
1785988203,495842285,112.043,2.727,114.637,0.0,33.347,1
1785988203,529189209,123.281,2.223,125.389,0.0,33.347,1
1785988203,595882568,94.779,6.199,100.769,33.346,33.346,1
1785988203,629229004,122.972,2.704,125.55,0.0,66.693,1
1785988203,695921875,98.246,2.784,100.757,0.0,33.346,1
1785988203,729268066,119.605,2.331,121.817,0.0,66.692,1
1785988203,762614258,125.988,2.184,128.074,33.346,66.692,1
1785988203,829306152,110.564,2.233,112.686,0.0,33.346,1
1785988203,929343262,92.682,2.42,94.979,0.0,33.346,1
1785988203,962688965,121.373,2.517,123.774,0.0,66.691,1
1785988203,996034424,131.589,2.32,133.739,0.0,66.691,1
1785988204,62725098,122.48,3.535,125.897,0.0,66.69,1
1785988204,129415283,95.956,2.757,98.579,0.0,33.345,1
1785988204,162760254,115.02,2.831,117.723,0.0,66.689,1
1785988204,196104980,124.153,2.263,126.307,0.0,66.689,1
1785988204,262794434,123.937,2.457,126.282,0.0,66.689,1
1785988204,329483643,93.742,2.671,96.294,0.0,33.344,1
1785988204,362828125,99.44,4.032,102.763,0.0,33.347,1
1785988204,396175293,122.607,3.198,125.697,0.0,66.694,1
1785988204,462869141,102.329,3.01,105.196,0.0,33.347,1
1785988204,496216064,120.619,3.185,123.671,0.0,66.693,1
1785988204,562909424,93.223,2.79,95.887,0.0,33.346,1
1785988204,596255859,110.505,2.882,113.268,0.0,0.0,1
1785988204,629602295,130.035,4.757,134.613,33.346,66.693,1
1785988204,696294922,108.606,2.287,110.796,0.0,33.346,1
1785988204,729640869,133.224,4.654,136.385,0.0,66.692,1
1785988204,796333008,108.991,11.716,120.591,0.0,33.346,1
1785988204,829678711,132.931,5.31,138.117,0.0,66.691,1
1785988204,896370117,126.338,5.158,131.383,0.0,66.691,1
1785988204,963061035,104.99,3.047,107.902,0.0,33.345,1
1785988204,996406494,133.158,2.526,135.508,0.0,0.0,1
1785988205,63096680,121.629,2.14,123.67,66.69,66.69,1
1785988205,129786865,99.75,2.745,102.32,0.0,33.345,1
1785988205,163131592,124.341,2.086,126.323,0.0,66.689,1
1785988205,229821045,90.565,2.393,92.851,0.0,33.344,1
1785988205,263165527,123.096,2.399,125.388,0.0,66.689,1
1785988205,329854492,114.463,2.779,117.092,0.0,66.692,1
1785988205,363198975,126.076,2.536,128.487,0.0,66.696,1
1785988205,429894775,105.257,3.308,108.44,0.0,33.348,1
1785988205,463242676,125.328,3.034,128.115,0.0,66.696,1
1785988205,529938232,97.152,6.38,103.41,0.0,33.347,1
1785988205,563285645,110.622,2.903,113.382,0.0,33.348,1
1785988205,596633301,127.144,2.065,129.103,0.0,66.695,1
1785988205,663327881,96.128,6.381,101.894,0.0,33.347,1
1785988205,696675293,117.279,2.993,120.129,0.0,33.347,1
1785988205,730022461,130.409,7.398,137.641,0.0,33.347,1
1785988205,796716309,124.126,2.017,126.044,33.347,66.694,1
1785988205,830063232,140.976,4.679,145.541,0.0,66.694,1
1785988205,896756836,129.369,2.837,132.077,0.0,66.693,1
1785988205,963449951,118.378,2.461,120.708,0.0,33.346,1
1785988206,30142578,99.859,5.213,104.664,-33.346,33.346,1
1785988206,63489014,121.646,5.278,124.481,0.0,33.346,1
1785988206,130181152,94.132,2.648,96.667,-33.346,33.346,1
1785988206,163527344,109.249,4.057,113.191,0.0,33.346,1
1785988206,196873047,128.665,2.415,130.955,0.0,66.692,1
1785988206,263564697,104.572,2.685,107.128,0.0,33.346,1
1785988206,296910400,124.842,2.108,126.852,0.0,66.691,1
1785988206,363601563,108.22,2.694,110.806,0.0,33.368,1
1785988206,396969238,123.063,2.685,125.622,0.0,66.735,1
1785988206,463704102,100.063,3.022,102.946,0.0,0.0,1
1785988206,497071777,120.745,2.646,123.254,-33.368,33.368,1
1785988206,563807129,96.123,2.69,98.695,-33.368,33.368,1
1785988206,597174805,110.616,2.53,113.037,0.0,33.368,1
1785988206,630542480,130.308,2.774,132.984,0.0,66.736,1
1785988206,697278076,124.74,2.581,127.196,0.0,66.736,1
1785988206,764013916,101.048,2.71,103.623,0.0,0.0,1
1785988206,797381836,111.023,5.128,116.011,-33.368,-33.368,1
1785988206,830749756,124.824,5.296,129.99,33.368,66.736,1
1785988206,897485596,108.946,4.703,113.244,0.0,33.368,1
1785988206,930853760,129.593,2.565,132.041,0.0,66.736,1
1785988206,997590088,109.155,2.674,111.591,0.0,0.0,1
1785988207,30958252,127.572,2.296,129.754,-33.368,66.736,1
1785988207,97694580,111.264,3.764,114.907,0.0,33.368,1
1785988207,131062988,125.354,3.119,128.349,0.0,66.737,1
1785988207,197799561,113.765,4.098,117.733,0.0,33.368,1
1785988207,231167969,123.326,3.224,126.365,0.0,66.737,1
1785988207,297905029,94.642,8.05,102.525,0.0,33.368,1
1785988207,331273438,112.629,12.428,124.938,0.0,33.368,1
1785988207,364641602,119.99,2.863,122.731,0.0,33.422,1
1785988207,431486328,104.792,6.298,110.968,-33.423,33.423,1
1785988207,464909180,125.748,2.044,127.694,0.0,66.847,1
1785988207,531756104,122.532,2.916,125.326,0.0,66.848,1
1785988207,598604492,97.856,2.518,100.248,0.0,33.425,1
1785988207,632029297,115.004,2.832,117.613,0.0,33.425,1
1785988207,665454590,126.737,11.977,138.22,0.0,66.852,1
1785988207,732306152,119.447,2.946,122.26,0.0,66.853,1
1785988207,799159180,94.352,3.17,97.381,0.0,33.427,1
1785988207,832586182,108.828,2.526,111.238,0.0,33.427,1
1785988207,866013672,115.6,2.282,117.769,0.0,66.856,1
1785988207,899441650,126.641,2.793,129.299,0.0,66.857,1
1785988207,966298584,104.528,3.424,107.816,0.0,33.429,1
1785988207,999727539,121.889,3.688,125.461,0.0,66.859,1
1785988208,66586914,104.756,5.901,110.454,0.0,33.43,1
1785988208,100017090,123.2,3.732,126.794,0.0,66.862,1
1785988208,166878662,91.935,2.489,94.307,0.0,33.431,1
1785988208,200310059,108.299,3.587,111.75,0.0,33.432,1
1785988208,233741699,124.987,2.221,127.094,0.0,66.865,1
1785988208,300606201,107.289,2.623,109.785,0.0,33.433,1
1785988208,334039307,124.982,3.684,128.546,0.0,66.77,1
1785988208,400809082,105.553,4.968,110.294,0.0,33.338,1
1785988208,434147217,124.211,2.482,126.57,0.0,66.676,1
1785988208,500822998,98.403,13.732,112.018,0.0,33.338,1
1785988208,534160645,110.081,2.777,112.731,0.0,33.337,1
1785988208,567498047,121.722,2.716,124.31,0.0,66.675,1
1785988208,634172607,96.393,2.691,98.951,0.0,33.337,1
1785988208,667509521,118.448,1.993,120.347,0.0,66.673,1
1785988208,734182861,97.926,5.466,103.129,0.0,33.336,1
1785988208,767519287,122.924,2.57,125.244,0.0,66.672,1
1785988208,834191650,92.568,5.884,98.319,0.0,33.336,1
1785988208,867527588,122.507,2.49,124.887,0.0,66.671,1
1785988208,934198730,114.154,3.237,117.272,0.0,33.335,1
1785988208,967534180,145.559,3.444,148.467,0.0,66.67,1
1785988209,869385,160.462,2.807,163.118,0.0,100.005,1
1785988209,100874023,102.493,2.791,105.141,0.0,33.334,1
1785988209,134208496,122.122,3.263,125.265,0.0,66.668,1
1785988209,200876953,94.123,3.531,97.526,0.0,33.334,1
1785988209,234210938,112.797,2.442,115.123,0.0,0.0,1
1785988209,267544922,129.062,2.967,131.91,-33.334,66.667,1
1785988209,334211914,119.16,2.325,121.377,0.0,66.672,1
1785988209,400883545,101.651,3.433,104.884,0.0,33.338,1
1785988209,434221191,119.29,2.537,121.712,0.0,66.674,1
1785988209,500895508,99.996,4.575,104.421,0.0,33.337,1
1785988209,534232666,115.376,2.048,117.322,0.0,66.673,1
1785988209,567569336,114.783,3.881,118.536,0.0,33.337,1
1785988209,634242432,92.958,2.3,95.147,0.0,33.336,1
1785988209,667578613,96.142,3.977,99.852,0.0,33.336,1
1785988209,700914795,121.18,2.51,123.549,0.0,66.672,1
1785988209,767586426,98.906,4.122,102.51,0.0,0.0,1
1785988209,800921875,121.229,2.379,123.499,-33.335,66.671,1
1785988209,867592529,103.339,4.325,107.536,0.0,33.335,1
1785988209,900927490,132.491,2.698,135.069,0.0,66.669,1
1785988209,967596924,124.976,2.668,127.525,0.0,66.669,1
1785988210,34265625,100.622,2.441,102.928,0.0,33.334,1
1785988210,67599854,125.029,2.001,126.931,0.0,66.667,1
1785988210,134267334,96.697,7.835,104.415,0.0,0.0,1
1785988210,167600830,116.201,2.174,118.267,-33.333,66.667,1
1785988210,200934326,126.519,2.451,128.87,0.0,66.666,1
1785988210,267600586,105.651,3.399,108.761,0.0,33.333,1
1785988210,300933350,119.566,2.514,121.958,0.0,33.333,1
1785988210,367599121,92.601,3.13,95.6,0.0,33.415,1
1785988210,401013916,123.75,2.599,126.14,0.0,66.831,1
1785988210,467844971,96.49,2.808,99.173,0.0,33.416,1
1785988210,501260742,123.47,2.641,125.969,0.0,66.833,1
1785988210,568093506,95.75,2.859,98.489,0.0,33.417,1
1785988210,601510498,109.973,3.06,112.907,0.0,33.417,1
1785988210,634927490,121.883,2.301,124.055,0.0,66.835,1
1785988210,701762939,92.09,2.807,94.773,0.0,33.418,1
1785988210,735180908,108.684,4.339,112.83,0.0,33.418,1
1785988210,768599365,122.912,2.329,125.132,0.0,33.419,1
1785988210,835437256,122.256,4.59,126.438,-33.419,66.839,1
1785988210,902276367,115.909,3.07,118.617,0.0,66.84,1
1785988210,969116699,95.356,2.512,97.764,0.0,33.421,1
1785988211,2537354,119.529,2.834,122.218,0.0,66.842,1
1785988211,69379639,103.819,7.644,111.307,0.0,33.422,1
1785988211,102801270,117.21,3.346,120.426,0.0,33.422,1
1785988211,169645508,95.081,2.514,97.473,0.0,33.423,1
1785988211,203068115,111.685,2.205,113.779,0.0,33.423,1
1785988211,236490967,123.75,2.973,126.403,0.0,66.847,1
1785988211,303337646,98.872,3.514,102.237,0.0,33.424,1
1785988211,336761475,118.447,2.592,120.879,0.0,66.806,1
1785988211,403567627,88.226,2.195,90.306,0.0,0.0,1
1785988211,436951904,99.217,4.021,103.094,-33.384,33.385,1
1785988211,470336670,110.0,3.224,113.079,0.0,33.385,1
1785988211,503721680,122.683,2.837,125.392,0.0,33.385,1
1785988211,570493164,93.649,2.487,95.907,-33.386,-33.386,1
1785988211,603879639,104.501,2.902,107.287,33.387,33.387,1
1785988211,637266602,117.123,2.254,119.257,0.0,33.387,1
1785988211,704041992,87.448,5.309,92.636,-33.388,33.388,1
1785988211,737430176,95.965,5.348,101.178,0.0,33.389,1
1785988211,770819092,123.245,4.699,127.811,0.0,66.779,1
1785988211,837598145,115.574,2.653,118.112,0.0,66.781,1
1785988211,870988281,133.265,3.004,136.073,-33.39,66.782,1
1785988211,937770020,118.11,10.263,128.243,0.0,33.392,1
1785988212,4553467,102.94,5.257,107.629,0.0,33.393,1
1785988212,37946045,119.828,2.125,121.847,0.0,33.393,1
1785988212,104732422,88.612,3.167,91.58,-33.393,33.394,1
1785988212,138126221,95.868,3.686,99.396,0.0,33.395,1
1785988212,171520752,107.317,3.053,110.224,0.0,33.395,1
1785988212,204915527,124.288,2.047,126.188,0.0,33.395,1
1785988212,238310791,125.402,2.298,127.599,0.0,66.792,1
1785988212,338499268,87.856,2.174,89.913,0.0,33.396,1
1785988212,371895752,90.429,1.996,92.33,0.0,33.34,1
1785988212,405236084,113.64,2.282,115.796,0.0,66.68,1
1785988212,438576172,122.926,2.685,125.48,0.0,66.68,1
1785988212,505256104,121.849,2.781,124.475,0.0,66.679,1
1785988212,571935303,94.086,2.978,96.93,0.0,33.339,1
1785988212,605274658,107.993,2.257,110.126,0.0,0.0,1
1785988212,638613770,121.964,2.166,124.014,-33.339,66.678,1
1785988212,705291748,91.921,11.703,103.259,0.0,33.339,1
1785988212,738630615,103.537,7.313,110.18,0.0,33.339,1
1785988212,771969238,118.383,2.44,120.71,0.0,33.338,1
1785988212,838645996,117.374,2.878,119.937,-33.338,-33.338,1
1785988212,905322021,107.748,2.48,110.102,33.338,33.338,1
1785988212,938659668,128.295,2.946,131.111,0.0,66.675,1
1785988213,5334961,109.491,2.797,112.164,0.0,33.337,1
1785988213,38672363,126.957,2.809,129.597,0.0,66.674,1
1785988213,105346436,118.153,3.819,121.866,0.0,66.674,1
1785988213,172020020,104.788,3.345,107.75,0.0,33.337,1
1785988213,205356689,122.06,2.737,124.657,0.0,66.673,1
1785988213,272029297,95.049,2.389,97.303,0.0,33.336,1
1785988213,338701172,89.233,2.511,91.617,0.0,33.336,1
1785988213,372037598,94.82,2.62,97.306,0.0,33.365,1
1785988213,405403076,117.476,2.363,119.696,0.0,33.419,1
1785988213,472241455,102.296,6.927,109.103,0.0,0.0,1
1785988213,505661133,120.601,2.687,123.163,-33.42,33.42,1
1785988213,572501465,107.969,3.124,110.968,-33.42,33.421,1
1785988213,605922119,127.327,3.269,130.457,0.0,33.421,1
1785988213,672764648,119.164,2.458,121.466,-33.421,66.844,1
1785988213,739608398,94.305,2.944,97.124,0.0,33.423,1
1785988213,773031006,118.895,2.49,121.273,0.0,33.423,1
1785988213,839876953,121.86,2.697,124.446,-33.423,66.847,1
1785988213,906724365,121.71,2.659,124.25,0.0,66.849,1
1785988213,973572998,98.771,2.541,101.168,0.0,0.0,1
1785988214,6997803,122.653,2.832,125.368,-33.425,66.851,1
1785988214,73848633,106.757,2.217,108.87,0.0,0.0,1
1785988214,107274658,127.752,3.022,130.494,-33.426,66.853,1
1785988214,174127441,108.617,2.804,111.304,0.0,33.427,1
1785988214,207554443,117.828,2.644,120.367,0.0,33.427,1
1785988214,274409424,88.914,2.27,91.021,0.0,0.0,1
1785988214,307837402,90.014,2.926,92.801,-33.428,33.428,1
1785988214,341265869,115.586,2.841,118.297,0.0,66.856,1
1785988214,408122070,95.959,2.75,98.589,0.0,33.34,1
1785988214,441462158,115.651,3.238,118.748,0.0,66.68,1
1785988214,508141846,94.599,3.945,98.338,0.0,33.34,1
1785988214,541481445,114.659,2.476,117.019,0.0,66.679,1
1785988214,608160156,98.125,2.879,100.879,0.0,0.0,1
1785988214,641499512,119.304,2.276,121.457,33.339,66.678,1
1785988214,708177490,118.946,2.149,120.983,0.0,66.677,1
1785988214,774854980,93.346,2.762,95.987,0.0,0.0,1
1785988214,808193359,107.934,2.525,110.347,-33.338,33.339,1
1785988214,841531982,121.308,2.167,123.372,0.0,66.676,1
1785988214,908208252,125.396,3.387,128.646,0.0,33.338,1
1785988214,974884033,115.833,3.032,118.737,-33.338,66.676,1
1785988215,41559570,90.938,3.019,93.843,0.0,33.337,1
1785988215,74896973,101.753,2.936,104.37,0.0,33.337,1
1785988215,141571533,90.206,2.606,92.694,33.337,33.337,1
1785988215,174908447,107.055,2.422,109.353,0.0,33.337,1
1785988215,208245361,119.588,2.345,121.827,0.0,66.674,1
1785988215,274918945,94.26,2.806,96.941,0.0,33.336,1
1785988215,308255371,122.096,2.051,124.051,0.0,66.673,1
1785988215,374927979,100.838,5.225,105.682,0.0,33.337,1
1785988215,408264893,118.513,3.646,121.183,0.0,66.666,1
1785988215,474931152,110.794,3.582,114.206,0.0,66.666,1
1785988215,508263916,128.193,3.051,131.066,0.0,33.333,1
1785988215,574928955,111.782,2.544,114.181,33.332,66.664,1
1785988215,608260986,121.189,2.11,123.196,0.0,66.664,1
1785988215,674924805,115.127,3.495,118.481,0.0,66.663,1
1785988215,708256104,133.368,6.665,139.917,0.0,66.662,1
1785988215,774918457,112.841,2.251,114.99,0.0,66.662,1
1785988215,841580078,96.267,3.108,99.254,0.0,33.33,1
1785988215,874910400,130.836,2.489,133.176,0.0,66.66,1
1785988215,941570557,98.496,7.824,106.049,0.0,33.33,1
1785988215,974900146,120.323,2.658,122.872,0.0,66.659,1
1785988216,41559082,102.517,10.018,112.229,0.0,33.329,1
1785988216,74888184,119.148,2.924,121.947,0.0,66.657,1
1785988216,141545654,109.612,3.255,112.716,0.0,33.328,1
1785988216,174874023,119.085,2.951,121.915,0.0,66.656,1
1785988216,241530273,98.051,2.598,100.508,0.0,33.328,1
1785988216,274857910,117.824,2.632,120.305,0.0,33.328,1
1785988216,341512939,92.067,3.788,95.709,33.327,33.327,1
1785988216,374840088,113.657,3.464,116.992,0.0,66.662,1
1785988216,408167725,132.063,4.036,135.961,0.0,66.668,1
1785988216,474835938,113.202,2.721,115.802,0.0,33.334,1
1785988216,508169678,132.137,5.531,137.524,0.0,66.667,1
1785988216,574836426,118.618,5.58,124.085,0.0,66.666,1
1785988216,641502441,91.549,2.785,94.214,0.0,33.333,1
1785988216,674835205,112.476,2.104,114.478,0.0,33.333,1
1785988216,708167725,134.187,2.705,136.753,0.0,66.664,1
1785988216,774832031,120.749,6.831,127.451,0.0,66.664,1
1785988216,841495605,100.638,3.273,103.534,0.0,33.332,1
1785988216,874827148,121.034,4.278,125.199,0.0,66.662,1
1785988216,941489258,99.773,2.495,102.145,0.0,33.331,1
1785988216,974820068,122.031,3.631,125.542,0.0,66.661,1
1785988217,41481201,96.707,5.746,102.167,0.0,33.33,1
1785988217,74811523,120.63,2.74,123.162,0.0,33.33,1
1785988217,141471191,108.324,2.227,110.437,33.33,33.33,1
1785988217,174800781,126.778,2.755,129.412,0.0,66.658,1
1785988217,241459229,123.364,2.765,126.001,0.0,66.658,1
1785988217,308116943,101.371,3.741,104.838,0.0,33.329,1
1785988217,341445557,117.662,2.78,120.312,0.0,66.657,1
1785988217,408102783,92.331,2.506,94.732,0.0,33.335,1
1785988217,441437500,121.17,2.088,123.154,0.0,66.669,1
1785988217,508106445,93.485,2.318,95.692,0.0,33.334,1
1785988217,541440430,122.12,2.188,124.193,0.0,66.667,1
1785988217,608107910,92.744,2.735,95.348,0.0,0.0,1
1785988217,641441406,120.061,2.606,122.549,33.333,66.666,1
1785988217,708107666,93.884,2.611,96.299,0.0,33.333,1
1785988217,741440430,110.541,3.202,113.625,0.0,33.333,1
1785988217,774773193,125.571,2.409,127.861,0.0,66.665,1
1785988217,841437744,122.174,3.163,124.947,0.0,66.664,1
1785988217,874769775,155.71,2.664,158.079,0.0,99.995,1
1785988217,974764404,109.96,2.436,112.265,0.0,0.0,1
1785988218,8095459,130.288,3.512,133.488,33.331,66.662,1
1785988218,74757080,108.896,3.367,112.1,0.0,33.331,1
1785988218,108087646,118.818,2.999,121.699,0.0,33.33,1
1785988218,174748047,91.87,2.833,94.585,0.0,33.33,1
1785988218,208077881,110.258,4.942,115.073,0.0,33.33,1
1785988218,241407471,117.417,2.704,119.99,0.0,33.33,1
1785988218,274737061,128.01,2.458,130.34,0.0,66.658,1
1785988218,341395264,102.685,3.749,105.527,0.0,33.329,1
1785988218,374724121,119.219,2.673,121.776,0.0,66.663,1
1785988218,441386963,91.009,3.248,94.131,0.0,33.333,1
1785988218,474720459,100.679,2.372,102.93,0.0,33.333,1
1785988218,508053711,120.697,2.191,122.777,0.0,66.666,1
1785988218,574719482,104.234,4.213,108.309,0.0,33.333,1
1785988218,608052002,120.852,3.325,124.052,0.0,66.664,1
1785988218,674716309,95.287,2.773,97.727,0.0,33.332,1
1785988218,708048340,116.054,1.987,117.946,0.0,66.663,1
1785988218,741379883,133.76,3.046,136.675,0.0,66.663,1
1785988218,808042725,123.385,4.006,127.259,0.0,33.331,1
1785988218,841373779,141.67,3.943,145.477,0.0,66.661,1
1785988218,908035156,131.317,6.386,137.582,0.0,66.661,1
1785988218,974695801,128.122,2.23,130.245,0.0,66.66,1
1785988219,41355469,122.635,2.333,124.795,0.0,66.659,1
1785988219,108014160,96.725,2.951,99.551,0.0,33.329,1
1785988219,141343262,125.175,2.543,127.601,0.0,66.658,1
1785988219,208000977,96.068,2.866,98.79,0.0,33.328,1
1785988219,241329346,110.989,2.268,113.133,0.0,33.328,1
1785988219,274657471,121.416,2.417,123.716,0.0,66.656,1
1785988219,341313232,97.574,2.663,100.113,0.0,33.328,1
1785988219,374640869,107.668,8.903,116.379,0.0,33.328,1
1785988219,407968994,124.047,3.301,127.211,0.0,66.83,1
1785988219,474798828,100.548,3.521,103.855,0.0,33.415,1
1785988219,508214111,123.786,2.921,126.562,0.0,66.832,1
1785988219,575045654,100.501,3.334,103.689,0.0,33.416,1
1785988219,608461914,122.463,2.065,124.425,0.0,66.833,1
1785988219,675295410,91.617,3.314,94.795,0.0,33.417,1
1785988219,708712402,108.901,4.002,112.779,0.0,33.417,1
1785988219,742129883,125.842,2.48,128.203,0.0,66.836,1
1785988219,808965820,95.252,2.706,97.832,0.0,33.418,1
1785988219,842384277,114.488,2.855,116.849,0.0,33.419,1
1785988219,875802979,149.877,2.786,152.487,0.0,100.258,1
1785988219,976060791,92.896,2.596,95.367,0.0,0.0,1
1785988220,9480713,104.228,2.607,106.724,-33.42,33.42,1
1785988220,42900879,123.211,2.505,125.491,0.0,66.841,1
1785988220,109742188,97.049,3.106,100.008,0.0,33.421,1
1785988220,143163330,116.057,2.149,118.103,0.0,33.421,1
1785988220,176584717,121.009,2.097,122.996,0.0,0.0,1
1785988220,243428467,90.653,3.573,94.1,-66.844,-66.844,1
1785988220,276850830,96.552,2.515,98.941,33.423,33.423,1
1785988220,310273438,121.175,2.521,123.57,0.0,66.846,1
1785988220,377119873,102.163,3.314,105.332,0.0,0.0,1
1785988220,410541748,110.913,2.479,113.261,33.326,66.651,1
1785988220,443867432,125.06,2.355,127.278,0.0,66.65,1
1785988220,510517578,95.795,5.931,101.59,0.0,33.325,1
1785988220,543842285,120.043,2.15,122.089,0.0,66.649,1
1785988220,610490967,120.656,2.257,122.798,0.0,66.647,1
1785988220,677138428,97.476,2.793,100.129,0.0,33.323,1
1785988220,710461670,116.907,2.398,119.178,0.0,33.323,1
1785988220,777107422,90.525,2.753,93.16,33.323,33.323,1
1785988220,810429932,102.339,5.898,108.121,0.0,33.322,1
1785988220,843751953,123.927,2.359,126.167,0.0,33.322,1
1785988220,910395508,104.658,2.649,107.177,33.321,33.321,1
1785988220,943716797,121.29,2.629,123.808,0.0,66.642,1
1785988220,977037598,132.848,2.749,135.463,0.0,66.641,1
1785988221,43678711,120.804,2.998,123.681,0.0,66.64,1
1785988221,110318848,95.496,12.284,107.646,0.0,33.32,1
1785988221,143638428,104.042,3.071,106.968,0.0,33.319,1
1785988221,176957520,122.066,2.586,124.523,0.0,66.638,1
1785988221,243595215,97.816,3.316,100.912,0.0,33.318,1
1785988221,276913574,105.471,4.511,109.845,0.0,0.0,1
1785988221,310231689,124.727,2.722,127.328,33.318,66.635,1
1785988221,376867188,103.193,2.473,105.536,0.0,33.318,1
1785988221,410185303,123.438,1.986,125.32,0.0,66.655,1
1785988221,476840332,92.781,2.94,95.578,0.0,33.327,1
1785988221,510167480,97.849,3.138,100.846,0.0,33.327,1
1785988221,543494385,109.259,2.268,111.411,0.0,33.327,1
1785988221,576821045,125.275,2.48,127.637,0.0,66.652,1
1785988221,643473389,99.241,3.425,102.523,0.0,33.326,1
1785988221,676799316,110.356,2.367,112.614,0.0,33.325,1
1785988221,710124756,121.559,4.092,125.529,0.0,66.65,1
1785988221,776774902,95.859,3.557,99.294,0.0,33.325,1
1785988221,810099609,123.458,2.351,125.703,0.0,66.648,1
1785988221,876748047,103.174,2.918,105.902,0.0,0.0,1
1785988221,910072021,124.929,2.04,126.87,33.323,66.647,1
1785988221,976718994,107.673,2.475,110.026,0.0,33.323,1
1785988222,10041992,121.977,3.743,125.602,0.0,66.645,1
1785988222,76687256,98.814,3.111,101.795,0.0,33.322,1
1785988222,110009521,123.254,3.659,126.804,0.0,66.644,1
1785988222,143331543,139.216,8.768,147.862,0.0,66.643,1
1785988222,209974609,121.765,2.761,124.383,0.0,66.642,1
1785988222,276616455,112.957,2.097,114.957,0.0,33.321,1
1785988222,343257568,95.551,2.255,97.696,0.0,33.32,1
1785988222,376577393,99.637,3.442,102.844,0.0,33.321,1
1785988222,409897949,120.612,2.564,123.035,0.0,66.674,1
1785988222,476571533,93.457,2.734,96.061,0.0,33.336,1
1785988222,509907959,109.329,4.696,113.872,0.0,33.336,1
1785988222,543244385,126.511,2.609,128.958,0.0,66.672,1
1785988222,609916748,98.526,3.214,101.6,0.0,33.336,1
1785988222,643252686,113.017,3.516,116.414,0.0,33.336,1
1785988222,676588379,121.77,2.67,124.298,0.0,66.671,1
1785988222,743259521,94.993,2.795,97.672,0.0,33.335,1
1785988222,776594971,122.055,2.471,124.417,0.0,66.67,1
1785988222,809930176,133.028,4.541,137.425,0.0,33.335,1
1785988222,876600342,122.163,2.465,124.524,33.335,33.335,1
1785988222,943269775,107.392,3.793,110.963,33.334,33.334,1
1785988222,976604248,124.345,2.752,126.984,0.0,66.669,1
1785988223,43272949,103.596,3.548,106.886,0.0,33.334,1
1785988223,76606934,118.975,2.931,121.78,0.0,66.668,1
1785988223,143274658,93.69,2.885,96.36,0.0,33.334,1
1785988223,176608398,106.054,3.004,108.937,0.0,33.333,1
1785988223,243275391,104.852,2.886,107.623,0.0,33.333,1
1785988223,276608643,125.606,2.527,128.008,0.0,66.666,1
1785988223,343274658,96.372,2.732,98.927,0.0,33.333,1
1785988223,376607422,113.147,2.5,115.529,0.0,33.333,1
1785988223,409940674,124.462,3.014,127.175,0.0,66.739,1
1785988223,476679932,100.579,3.305,103.754,0.0,33.37,1
1785988223,510050049,112.581,2.502,114.964,0.0,33.371,1
1785988223,543420654,123.929,2.427,126.243,0.0,66.741,1
1785988223,610162109,108.962,2.583,111.348,0.0,33.371,1
1785988223,676905029,93.85,2.893,96.626,0.0,33.372,1
1785988223,710276855,104.988,4.898,109.715,0.0,0.0,1
1785988223,743648926,120.445,3.269,123.546,-33.372,66.745,1
1785988223,810394043,94.07,2.405,96.348,0.0,33.373,1
1785988223,843767090,104.58,2.528,106.828,0.0,33.373,1
1785988223,877140381,120.354,4.087,124.244,0.0,66.747,1
1785988223,910513916,129.339,2.178,131.409,0.0,66.748,1
1785988223,977261719,123.756,2.342,125.973,0.0,66.749,1
1785988224,44010986,102.085,3.034,104.992,0.0,33.375,1
1785988224,77385986,120.22,2.524,122.628,0.0,66.751,1
1785988224,144136719,95.849,2.711,98.363,0.0,33.376,1
1785988224,177512451,109.832,2.413,112.118,0.0,0.0,1
1785988224,210888672,124.717,2.267,126.867,-33.376,66.753,1
1785988224,277641846,95.074,2.609,97.555,0.0,33.377,1
1785988224,311018799,110.559,2.698,113.092,0.0,33.377,1
1785988224,344395996,122.251,2.51,124.643,0.0,66.755,1
1785988224,411150635,94.147,2.903,96.839,0.0,33.335,1
1785988224,444485352,114.984,2.395,117.261,0.0,66.669,1
1785988224,477820068,123.003,2.102,124.999,0.0,66.668,1
1785988224,544488281,92.866,2.491,95.225,0.0,33.334,1
1785988224,577822266,109.747,4.307,113.92,0.0,33.334,1
1785988224,611156006,122.623,2.95,125.447,0.0,66.667,1
1785988224,677822754,94.686,2.922,97.483,0.0,33.333,1
1785988224,711155762,113.129,2.305,115.329,0.0,0.0,1
1785988224,744488770,120.612,1.947,122.47,33.333,33.333,1
1785988224,811153809,101.258,3.069,104.19,33.332,33.332,1
1785988224,844486084,126.371,2.341,128.592,0.0,66.664,1
1785988224,911149902,100.225,2.903,103.005,0.0,33.332,1
1785988224,944481445,116.462,4.134,120.449,0.0,0.0,1
1785988224,977812988,129.058,2.975,131.917,-33.332,66.662,1
1785988225,44475098,105.716,3.793,109.375,0.0,33.331,1
1785988225,77805908,125.921,2.065,127.887,0.0,66.661,1
1785988225,144467041,109.568,5.168,114.62,0.0,33.33,1
1785988225,177797119,121.614,2.382,123.872,0.0,33.33,1
1785988225,244456787,96.079,2.906,98.821,-33.33,33.33,1
1785988225,277786377,127.192,2.227,129.238,0.0,66.658,1
1785988225,344444824,96.65,2.433,98.955,0.0,33.329,1
1785988225,377773682,111.374,2.354,113.621,0.0,33.329,1
1785988225,411103027,125.573,2.274,127.723,0.0,66.827,1
1785988225,477929932,108.998,2.737,111.597,0.0,0.0,1
1785988225,511343994,125.371,1.977,127.245,-33.414,66.829,1
1785988225,578172607,93.08,2.72,95.605,0.0,33.415,1
1785988225,611587402,118.211,2.791,120.875,0.0,66.831,1
1785988225,645002441,122.525,2.577,124.974,0.0,66.831,1
1785988225,711833496,103.148,2.025,105.072,0.0,33.416,1
1785988225,745249512,110.813,2.768,113.445,0.0,33.416,1
1785988225,778665771,128.524,2.807,131.208,0.0,66.833,1
1785988225,845499268,124.284,3.333,127.283,0.0,33.417,1
1785988225,912333984,106.093,3.654,109.624,0.0,33.418,1
1785988225,945751709,108.689,4.832,113.374,0.0,33.418,1
1785988225,979169678,128.276,2.361,130.521,0.0,33.418,1
1785988226,46006836,111.815,4.836,116.534,-33.419,33.419,1
1785988226,79425781,125.35,2.371,127.607,0.0,66.839,1
1785988226,146264404,100.446,3.068,103.392,0.0,33.42,1
1785988226,179684326,121.125,2.458,123.469,0.0,66.841,1
1785988226,246524902,93.918,3.021,96.822,0.0,33.421,1
1785988226,279945557,122.852,2.201,124.944,0.0,66.842,1
1785988226,346787842,93.112,2.762,95.743,0.0,33.422,1
1785988226,380209473,112.371,2.864,115.076,0.0,33.42,1
1785988226,413629883,121.191,3.897,124.971,0.0,66.74,1
1785988226,480370117,93.864,2.732,96.475,0.0,33.371,1
1785988226,513740723,113.859,2.986,116.725,0.0,66.742,1
1785988226,547111816,120.508,2.5,122.873,0.0,66.743,1
1785988226,613854492,96.052,2.778,98.705,0.0,33.372,1
1785988226,647226318,106.041,2.463,108.39,0.0,33.372,1
1785988226,713970703,96.35,2.87,98.899,0.0,33.373,1
1785988226,747343262,116.466,2.665,119.013,0.0,66.746,1
1785988226,780716309,125.308,2.822,127.988,0.0,66.747,1
1785988226,847462891,104.169,3.316,107.362,0.0,33.374,1
1785988226,880836914,126.707,2.544,129.015,0.0,66.748,1
1785988226,947585205,103.79,4.783,108.111,0.0,33.375,1
1785988226,980959961,122.253,2.735,124.874,0.0,66.75,1
1785988227,47710205,93.761,2.787,96.404,0.0,33.375,1
1785988227,81085693,106.948,5.22,112.043,0.0,33.376,1
1785988227,114461670,119.543,3.786,123.205,0.0,66.752,1
1785988227,181214111,98.967,3.47,102.249,0.0,33.377,1
1785988227,214591064,121.318,2.767,123.961,0.0,66.754,1
1785988227,281345215,101.357,3.458,104.678,0.0,33.378,1
1785988227,314722900,119.539,2.892,122.253,0.0,66.756,1
1785988227,381479004,93.562,3.56,96.981,0.0,33.378,1
1785988227,414856934,104.354,4.525,108.74,0.0,33.334,1
1785988227,448191162,122.292,1.966,124.168,0.0,66.668,1
1785988227,514859131,106.292,2.4,108.553,0.0,33.334,1
1785988227,548192871,124.222,2.709,126.529,0.0,66.667,1
1785988227,614859375,105.541,2.991,108.378,0.0,33.333,1
1785988227,648192383,123.998,2.538,126.417,0.0,66.666,1
1785988227,714857910,108.702,2.241,110.817,0.0,33.332,1
1785988227,748190186,118.915,2.583,121.363,0.0,66.664,1
1785988227,814854248,98.813,2.392,101.072,0.0,33.332,1
1785988227,848186035,102.796,2.512,105.191,0.0,33.332,1
1785988227,914848877,98.343,2.828,101.042,0.0,33.331,1
1785988227,948180176,107.502,2.335,109.717,0.0,33.331,1
1785988227,981510986,121.287,2.595,123.636,0.0,66.661,1
1785988228,48172119,97.335,2.381,99.52,0.0,33.33,1
1785988228,81502441,107.384,2.358,109.619,0.0,33.33,1
1785988228,114832520,117.182,2.33,119.386,0.0,33.33,1
1785988228,148162354,120.376,2.634,122.89,0.0,66.659,1
1785988228,214821533,107.377,2.795,110.043,0.0,33.329,1
1785988228,248150635,122.137,2.286,124.312,0.0,33.329,1
1785988228,314808594,98.775,2.98,101.555,33.328,33.328,1
1785988228,348136963,122.33,2.504,124.715,0.0,66.657,1
1785988228,414794189,96.751,3.402,100.022,0.0,0.0,1
1785988228,448207275,121.26,2.885,123.96,-33.413,33.413,1
1785988228,515034180,93.409,2.509,95.799,-33.414,33.414,1
1785988228,548447998,113.138,5.017,118.018,0.0,33.414,1
1785988228,581862305,125.569,2.178,127.627,0.0,66.829,1
1785988228,648691406,96.467,2.769,99.099,0.0,33.415,1
1785988228,682106689,110.627,2.321,112.826,0.0,33.415,1
1785988228,715521973,128.618,2.888,131.378,0.0,33.416,1
1785988228,782353516,104.681,5.616,110.178,-33.416,33.416,1
1785988228,815769775,126.634,2.495,129.01,0.0,66.833,1
1785988228,882603271,120.941,2.698,123.508,0.0,66.834,1
1785988228,916020508,155.702,2.3,157.89,0.0,66.835,1
1785988229,16273682,108.295,2.394,110.579,-33.418,-33.418,1
1785988229,49691895,124.594,2.876,127.351,33.419,66.838,1
1785988229,116529541,95.689,2.733,98.292,0.0,33.419,1
1785988229,149948730,106.37,2.762,109.008,0.0,33.419,1
1785988229,183368164,118.246,2.404,120.532,0.0,66.84,1
1785988229,216788086,121.308,3.155,124.348,0.0,33.42,1
1785988229,283628662,96.456,2.835,99.152,-33.42,33.421,1
1785988229,317049316,118.494,2.648,121.004,0.0,66.842,1
1785988229,383891602,94.27,2.815,96.969,0.0,33.42,1
1785988229,417311768,121.374,2.968,124.124,0.0,66.74,1
1785988229,450681885,126.355,2.595,128.824,0.0,66.741,1
1785988229,517423096,107.982,2.981,110.82,0.0,33.371,1
1785988229,550794189,118.122,3.081,121.056,0.0,66.743,1
1785988229,617537109,103.556,7.347,110.742,0.0,0.0,1
1785988229,650909180,120.373,2.406,122.659,33.372,66.745,1
1785988229,717653809,91.607,2.688,94.181,0.0,33.373,1
1785988229,751026611,120.154,2.193,122.234,0.0,66.747,1
1785988229,817773193,99.454,3.712,103.044,0.0,33.374,1
1785988229,851146973,111.026,2.738,113.65,0.0,33.374,1
1785988229,884520996,123.399,3.012,126.299,0.0,66.749,1
1785988229,951270020,96.548,3.044,99.472,0.0,33.375,1
1785988229,984645020,122.23,2.051,124.178,0.0,66.751,1
1785988230,51395752,113.621,2.523,116.022,0.0,66.752,1
1785988230,84771484,123.759,1.99,125.65,0.0,66.752,1
1785988230,151523926,91.795,2.835,94.375,0.0,33.377,1
1785988230,184900635,109.65,2.75,112.282,0.0,33.377,1
1785988230,218277832,120.873,2.927,123.685,0.0,66.755,1
1785988230,285032715,95.339,3.145,98.35,0.0,33.378,1
1785988230,318410645,106.065,2.55,108.483,0.0,33.378,1
1785988230,385167236,92.274,2.226,94.381,-33.378,33.379,1
1785988230,418545898,95.396,5.437,100.694,0.0,33.336,1
1785988230,451882080,108.145,2.968,110.987,0.0,33.336,1
1785988230,485218262,118.513,3.059,121.439,0.0,66.672,1
1785988230,551890137,94.654,2.285,96.819,0.0,33.335,1
1785988230,585225586,103.311,4.283,107.466,0.0,33.335,1
1785988230,618561035,117.605,2.67,120.158,0.0,33.335,1
1785988230,685231445,91.846,2.603,94.309,33.335,33.335,1
1785988230,718566162,103.193,2.384,105.46,0.0,33.335,1
1785988230,751900879,121.532,3.198,124.618,0.0,66.669,1
1785988230,818569580,97.488,3.02,100.389,0.0,33.334,1
1785988230,851903564,130.145,3.197,133.233,0.0,66.667,1
1785988230,918571045,114.294,3.421,117.594,0.0,33.333,1
1785988230,951904541,120.153,2.779,122.805,0.0,33.333,1
1785988231,18571045,94.295,2.84,96.998,33.333,33.333,1
1785988231,51903809,104.121,4.909,108.883,0.0,33.333,1
1785988231,85236572,118.766,2.468,121.119,0.0,66.665,1
1785988231,151901367,89.891,2.803,92.553,0.0,33.332,1
1785988231,185233643,102.294,5.236,107.381,0.0,33.332,1
1785988231,218565430,120.249,3.043,123.177,0.0,66.663,1
1785988231,285228760,91.443,2.951,94.269,0.0,33.332,1
1785988231,318560303,111.591,2.337,113.816,0.0,33.331,1
1785988231,351891357,122.964,2.449,125.268,0.0,66.663,1
1785988231,418553955,100.126,7.842,107.832,0.0,33.335,1
1785988231,451888916,116.057,3.828,119.756,0.0,33.335,1
1785988231,518558594,95.459,3.296,98.632,0.0,33.334,1
1785988231,551893066,105.182,4.325,109.336,0.0,33.334,1
1785988231,585227295,118.327,2.979,121.172,0.0,66.668,1
1785988231,651895020,95.16,2.767,97.804,0.0,33.334,1
1785988231,685228760,109.975,2.621,112.472,0.0,0.0,1
1785988231,718562012,121.833,4.487,126.201,-33.333,66.666,1
1785988231,785228271,102.734,3.265,105.859,0.0,33.333,1
1785988231,818561035,120.721,5.676,126.279,0.0,66.665,1
1785988231,885226074,107.638,2.811,110.323,0.0,33.332,1
1785988231,918558350,121.519,3.111,124.499,0.0,66.664,1
1785988231,985221924,107.94,2.446,110.262,0.0,33.332,1
1785988232,18553467,121.272,2.23,123.399,0.0,66.663,1
1785988232,85216064,90.837,2.47,93.187,0.0,33.331,1
1785988232,118546875,101.037,3.339,104.224,0.0,33.331,1
1785988232,151877686,117.513,2.671,120.063,0.0,66.661,1
1785988232,218538574,90.276,2.467,92.62,0.0,33.33,1
1785988232,251868652,102.463,8.283,110.611,0.0,33.33,1
1785988232,285198486,133.506,3.806,137.096,0.0,66.659,1
1785988232,351857910,119.704,2.834,122.383,0.0,66.659,1
1785988232,418516846,93.332,3.039,96.255,0.0,33.334,1
1785988232,451851318,97.811,3.483,101.159,0.0,33.334,1
1785988232,485185547,107.945,2.814,110.568,0.0,33.334,1
1785988232,518519531,122.794,2.91,125.511,0.0,33.334,1
1785988232,585186768,93.805,2.774,96.458,33.333,33.333,1
1785988232,618520264,105.767,5.089,110.682,0.0,0.0,1
1785988232,651853271,122.974,2.572,125.427,-33.333,66.666,1
1785988232,718519043,94.409,4.869,99.157,0.0,33.333,1
1785988232,751851563,119.196,2.215,121.288,0.0,66.665,1
1785988232,818516113,104.632,2.835,107.349,0.0,33.332,1
1785988232,851847900,128.763,2.317,130.961,0.0,66.663,1
1785988232,918510986,119.042,2.652,121.561,0.0,66.662,1
1785988232,985173340,89.983,2.143,92.026,0.0,33.331,1
1785988233,51834717,88.173,2.711,90.751,33.331,33.331,1
1785988233,85165283,93.341,2.685,95.894,0.0,33.33,1
1785988233,118495361,103.585,4.376,107.829,0.0,33.33,1
1785988233,151825439,122.713,2.238,124.842,0.0,33.33,1
1785988233,218484863,91.95,2.919,94.731,-33.33,-33.33,1
1785988233,251814209,107.216,2.839,109.92,33.329,33.329,1
1785988233,285143311,124.06,2.479,126.353,0.0,66.658,1
1785988233,351801025,104.355,3.175,107.383,0.0,33.328,1
1785988233,385129395,122.265,2.484,124.622,0.0,66.666,1
1785988233,451794922,101.458,2.841,104.122,0.0,33.336,1
1785988233,485131348,122.041,2.403,124.33,0.0,66.672,1
1785988233,551803223,102.755,3.405,105.954,0.0,0.0,1
1785988233,585138916,122.152,2.553,124.587,-33.336,66.671,1
1785988233,651809814,105.169,3.393,108.388,0.0,0.0,1
1785988233,685145020,122.223,1.966,124.096,33.335,66.67,1
1785988233,751814697,99.126,2.713,101.72,0.0,33.335,1
1785988233,785149414,134.797,5.295,139.973,0.0,66.668,1
1785988233,851817871,130.562,11.079,141.463,0.0,66.668,1
1785988233,918485596,102.31,9.852,111.676,0.0,0.0,1
1785988233,951819336,131.33,2.453,133.664,-33.334,66.667,1
1785988234,18485840,106.275,3.16,109.297,0.0,33.333,1
1785988234,51818848,122.22,2.604,124.711,0.0,66.666,1
1785988234,118484375,93.792,2.866,96.528,0.0,33.333,1
1785988234,151816895,107.522,2.636,110.033,0.0,33.332,1
1785988234,185149170,124.668,2.234,126.799,0.0,66.664,1
1785988234,251812988,106.667,3.019,109.562,0.0,33.332,1
1785988234,285144775,115.498,2.243,117.627,0.0,66.663,1
1785988234,318476318,127.056,2.637,129.568,0.0,66.662,1
1785988234,385138672,99.797,2.564,102.235,0.0,33.332,1
1785988234,418470215,121.028,4.298,125.187,0.0,66.683,1
1785988234,485153320,96.611,2.188,98.675,0.0,33.341,1
1785988234,518494629,123.202,2.367,125.468,0.0,66.682,1
1785988234,585177002,105.997,6.468,112.34,0.0,33.341,1
1785988234,618517822,126.24,2.402,128.536,0.0,66.681,1
1785988234,685198975,96.522,2.907,99.308,0.0,0.0,1
1785988234,718539307,109.028,3.899,112.781,-33.34,-33.34,1
1785988234,751879639,121.841,2.828,124.539,33.34,66.68,1
1785988234,818559326,96.834,2.191,98.902,0.0,33.34,1
1785988234,851899170,119.208,2.455,121.548,0.0,33.34,1
1785988234,885238770,136.604,4.021,140.506,0.0,66.678,1
1785988234,951917236,126.039,2.886,128.811,0.0,66.678,1
1785988235,18595215,98.376,2.98,101.226,0.0,33.339,1
1785988235,51934082,120.706,2.879,123.458,0.0,66.677,1
1785988235,118611084,107.265,2.987,110.134,0.0,0.0,1
1785988235,151949219,125.862,2.725,128.465,-33.338,66.676,1
1785988235,218625244,106.766,8.089,114.724,0.0,33.338,1
1785988235,251962891,124.666,2.53,127.07,0.0,33.338,1
1785988235,318637939,98.408,2.836,101.11,33.337,33.337,1
1785988235,351975098,102.76,3.177,105.739,0.0,33.337,1
1785988235,385312256,131.045,2.217,133.147,0.0,66.717,1
1785988235,452029053,104.403,2.108,106.409,0.0,33.38,1
1785988235,485409180,123.439,2.253,125.568,0.0,66.761,1
1785988235,552170166,101.74,2.814,104.402,0.0,33.381,1
1785988235,585551270,108.458,4.421,112.744,0.0,33.382,1
1785988235,618932861,119.971,2.542,122.385,0.0,33.382,1
1785988235,685696777,100.402,2.442,102.719,0.0,33.383,1
1785988235,719079590,126.432,2.43,128.747,0.0,66.766,1
1785988235,785845947,98.943,2.258,101.093,0.0,33.384,1
1785988235,819229736,128.188,2.205,130.28,0.0,66.769,1
1785988235,885998535,110.819,2.23,112.935,0.0,33.385,1
1785988235,919383545,131.607,2.673,134.156,0.0,33.385,1
1785988235,986154541,122.7,2.576,125.152,-33.386,66.772,1
1785988236,52927002,96.433,2.742,99.021,0.0,33.387,1
1785988236,86313965,110.785,2.507,113.091,0.0,33.387,1
1785988236,119701172,123.049,2.561,125.463,0.0,66.776,1
1785988236,186476807,94.312,2.798,96.987,0.0,33.388,1
1785988236,219865234,121.282,2.628,123.796,0.0,66.778,1
1785988236,286643311,94.8,3.352,98.02,0.0,33.39,1
1785988236,320032959,104.369,5.2,109.442,0.0,33.39,1
1785988236,353422852,129.091,2.108,131.09,0.0,66.78,1
1785988236,420203125,102.375,5.675,107.921,0.0,33.342,1
1785988236,453544678,117.033,2.789,119.666,0.0,33.342,1
1785988236,486886230,124.782,2.563,127.213,0.0,66.683,1
1785988236,553568848,96.522,2.979,99.348,0.0,33.341,1
1785988236,586909912,103.082,3.373,106.236,0.0,33.341,1
1785988236,620250732,120.499,11.006,131.392,0.0,66.681,1
1785988236,686932129,98.882,4.243,102.98,0.0,33.341,1
1785988236,720272705,116.801,2.375,119.06,0.0,33.34,1
1785988236,753613037,129.971,4.183,133.936,0.0,66.68,1
1785988236,820293213,112.492,5.746,118.118,0.0,33.34,1
1785988236,853633057,137.251,6.893,144.0,0.0,66.679,1
1785988236,920312500,129.086,2.047,131.028,0.0,66.679,1
1785988236,986991211,116.073,2.334,118.251,0.0,66.678,1
1785988237,20330322,122.242,2.424,124.546,0.0,66.678,1
1785988237,87008057,101.432,2.853,104.137,0.0,33.339,1
1785988237,120346924,123.195,2.318,125.401,0.0,66.677,1
1785988237,187023926,97.623,3.102,100.433,0.0,33.338,1
1785988237,220362061,104.095,3.295,107.249,0.0,33.338,1
1785988237,253700195,119.582,3.147,122.514,0.0,66.676,1
1785988237,287038330,128.557,2.155,130.599,0.0,66.675,1
1785988237,353713623,98.25,3.53,101.359,0.0,33.338,1
1785988237,387051270,114.99,2.991,117.849,0.0,33.338,1
1785988237,420389160,132.304,2.495,134.667,0.0,33.354,1
1785988237,487163086,106.502,5.872,112.245,-33.419,33.42,1
1785988237,520582764,132.162,3.125,135.094,0.0,66.841,1
1785988237,587423584,112.945,2.852,115.622,0.0,33.421,1
1785988237,620844238,141.734,5.804,147.373,0.0,66.843,1
1785988237,687687012,134.697,2.937,137.301,0.0,66.844,1
1785988237,754531250,135.468,3.113,138.45,0.0,66.846,1
1785988237,821376953,133.166,2.71,135.757,0.0,33.423,1
1785988237,888224121,123.93,2.218,126.017,-33.424,66.849,1
1785988237,955072754,129.158,2.362,131.397,0.0,66.85,1
1785988238,21922607,125.297,2.695,127.869,0.0,66.852,1
1785988238,88774170,113.282,2.811,115.963,0.0,33.426,1
1785988238,122200439,137.132,8.781,144.741,0.0,66.854,1
1785988238,189053955,123.416,2.506,125.803,0.0,66.855,1
1785988238,255908936,114.729,2.365,116.966,0.0,66.857,1
1785988238,289337158,121.428,2.108,123.433,-33.428,66.857,1
1785988238,356194336,98.515,6.668,105.025,0.0,33.429,1
1785988238,389623535,121.129,2.261,123.202,0.0,66.857,1
1785988238,456480957,100.688,2.997,103.493,0.0,0.0,1
1785988238,489816162,163.972,2.862,166.602,33.335,66.669,1
1785988238,556485596,152.969,5.377,158.224,0.0,100.002,1
1785988238,656488037,96.704,2.942,99.508,0.0,33.334,1
1785988238,689821777,118.283,4.214,122.353,0.0,66.667,1
1785988238,756488770,93.214,2.409,95.502,0.0,33.333,1
1785988238,789822021,103.971,2.799,106.638,0.0,33.333,1
1785988238,823154785,124.544,3.22,127.652,0.0,66.665,1
1785988238,889820068,114.828,2.092,116.811,0.0,33.333,1
1785988238,923152588,136.173,2.459,138.511,0.0,66.664,1
1785988238,989816650,122.953,2.89,125.719,0.0,66.663,1
1785988239,56479736,107.703,3.695,111.243,0.0,33.332,1
1785988239,89811279,119.879,2.841,122.6,0.0,66.662,1
1785988239,156473145,93.894,2.317,96.061,0.0,33.331,1
1785988239,189803955,104.326,5.841,107.939,0.0,33.33,1
1785988239,223134277,102.648,3.625,106.049,0.0,33.33,1
1785988239,256464600,116.739,2.93,119.53,0.0,33.33,1
1785988239,323124512,98.516,4.171,102.552,0.0,33.33,1
1785988239,356454346,117.292,2.34,119.51,0.0,33.329,1
1785988239,389783691,122.509,2.39,124.787,0.0,66.659,1
1785988239,456442871,101.413,4.888,105.493,0.0,33.334,1
1785988239,523111084,91.844,4.348,96.082,0.0,33.334,1
1785988239,556444824,112.456,2.676,115.0,0.0,33.334,1
1785988239,589778564,118.853,2.384,121.11,0.0,66.667,1
1785988239,656445068,100.084,3.25,103.183,0.0,33.333,1
1785988239,689778076,110.534,3.206,113.464,0.0,0.0,1
1785988239,723110840,128.37,9.273,137.519,33.333,66.665,1
1785988239,789775879,105.678,2.252,107.816,0.0,33.332,1
1785988239,823107910,125.08,2.76,127.711,0.0,66.664,1
1785988239,889771729,110.177,3.808,113.869,0.0,0.0,1
1785988239,923103027,130.604,2.774,133.257,-33.331,66.663,1
1785988239,989765625,117.848,2.421,120.156,0.0,66.661,1
1785988240,56427002,99.047,3.149,102.066,0.0,33.331,1
1785988240,89757568,113.169,3.078,116.104,0.0,33.33,1
1785988240,156417969,94.116,7.92,101.917,33.33,33.33,1
1785988240,189747803,104.774,3.409,108.061,0.0,33.33,1
1785988240,223077393,118.944,2.653,121.476,0.0,66.658,1
1785988240,256406738,123.819,2.408,126.108,0.0,66.658,1
1785988240,323064941,103.909,4.449,108.216,0.0,33.329,1
1785988240,356393799,123.442,2.115,125.451,0.0,33.328,1
1785988240,389722168,122.086,2.486,124.466,0.0,66.657,1
1785988240,456379395,109.727,2.471,112.075,0.0,33.413,1
1785988240,489791992,127.056,2.722,129.646,0.0,66.826,1
1785988240,556618164,102.2,3.358,105.358,0.0,33.414,1
1785988240,590031738,123.525,2.201,125.609,0.0,66.828,1
1785988240,656859619,94.476,4.517,98.858,0.0,33.415,1
1785988240,690274170,111.391,5.386,116.663,0.0,33.415,1
1785988240,723688721,121.048,2.802,123.726,0.0,66.83,1
1785988240,790519043,103.095,3.056,106.018,0.0,33.416,1
1785988240,823934570,116.457,2.579,118.903,0.0,33.416,1
1785988240,857350586,146.44,3.133,149.423,0.0,66.833,1
1785988240,924183105,128.431,3.89,132.2,0.0,66.834,1
1785988240,991016846,103.362,11.442,114.672,0.0,33.417,1
1785988241,24434082,120.519,2.904,123.308,0.0,66.836,1
1785988241,91269775,95.528,2.991,98.381,0.0,33.418,1
1785988241,124687988,120.092,2.546,122.52,0.0,66.837,1
1785988241,191525146,93.27,3.03,96.176,0.0,33.419,1
1785988241,224944336,119.255,3.09,122.09,0.0,66.839,1
1785988241,291783447,95.132,3.498,98.487,0.0,33.42,1
1785988241,325203369,117.47,2.848,120.198,0.0,33.42,1
1785988241,392044189,90.59,2.607,93.044,-33.421,33.421,1
1785988241,425464844,100.845,3.324,104.024,0.0,33.42,1
1785988241,458884521,117.984,2.271,119.97,0.0,66.741,1
1785988241,525625244,96.444,2.741,99.068,0.0,33.371,1
1785988241,558996094,109.351,2.404,111.522,0.0,33.371,1
1785988241,592367188,124.238,2.888,127.004,0.0,66.743,1
1785988241,659110352,113.439,2.434,115.745,0.0,66.744,1
1785988241,692482178,129.949,3.243,133.054,0.0,66.745,1
1785988241,759227051,122.332,2.315,124.527,0.0,66.746,1
1785988241,825973145,93.272,2.942,96.086,0.0,33.374,1
1785988241,859346680,119.201,2.522,121.602,0.0,33.374,1
1785988241,926094482,93.583,4.957,98.419,-33.374,-33.374,1
1785988241,959468994,99.269,3.048,102.193,-66.749,-66.749,1
1785988241,992843506,110.065,2.831,112.752,33.375,33.375,1
1785988242,26218506,122.706,2.71,125.291,0.0,66.751,1
1785988242,92969482,98.448,3.807,102.034,0.0,33.376,1
1785988242,126345215,118.591,2.506,120.984,0.0,66.753,1
1785988242,193097900,97.593,3.395,100.843,0.0,33.377,1
1785988242,226474609,105.933,2.82,108.481,0.0,33.377,1
1785988242,259851807,122.298,2.122,124.313,0.0,66.755,1
1785988242,326606689,90.987,2.556,93.418,0.0,33.378,1
1785988242,359984619,100.801,2.907,103.576,0.0,33.378,1
1785988242,393362793,120.613,2.822,123.246,0.0,66.757,1
1785988242,460119873,97.187,2.853,99.896,0.0,33.334,1
1785988242,493454346,118.902,2.541,121.321,0.0,66.668,1
1785988242,560122803,88.29,2.386,90.556,0.0,33.334,1
1785988242,593456787,103.902,3.401,107.174,0.0,33.334,1
1785988242,626790527,122.283,4.073,126.241,0.0,66.667,1
1785988242,693457275,108.816,4.419,113.08,0.0,33.333,1
1785988242,726790283,121.416,2.788,124.073,0.0,66.666,1
1785988242,793456055,114.586,2.125,116.6,0.0,33.332,1
1785988242,826788330,135.605,2.466,137.951,0.0,66.664,1
1785988242,893452637,122.169,2.358,124.406,0.0,66.664,1
1785988242,960116211,98.452,4.483,102.807,0.0,0.0,1
1785988242,993447754,119.877,5.455,125.217,-33.332,66.662,1
1785988243,60109863,105.31,7.415,112.588,0.0,33.331,1
1785988243,93440674,124.275,2.583,126.739,0.0,66.661,1
1785988243,160101807,96.948,2.353,99.151,0.0,33.33,1
1785988243,193431885,107.309,4.991,112.183,0.0,33.33,1
1785988243,260091553,95.53,2.427,97.834,0.0,33.33,1
1785988243,293421143,101.347,3.303,104.506,0.0,33.329,1
1785988243,326750488,119.719,2.496,122.102,0.0,33.329,1
1785988243,393408691,90.276,3.199,92.873,0.0,33.329,1
1785988243,426737549,104.233,6.652,110.757,0.0,33.329,1
1785988243,460066650,120.515,2.93,123.326,0.0,66.669,1
1785988243,526736084,94.615,2.834,97.301,0.0,33.334,1
1785988243,560070313,122.442,2.716,125.026,0.0,66.668,1
1785988243,626738281,108.078,3.234,111.178,0.0,33.334,1
1785988243,660072021,128.565,3.052,131.492,0.0,66.667,1
1785988243,726738770,106.083,6.696,112.625,0.0,33.333,1
1785988243,760072021,124.887,2.708,127.261,0.0,66.666,1
1785988243,826737549,100.431,2.841,103.123,0.0,33.332,1
1785988243,860069824,122.401,2.972,125.247,0.0,66.664,1
1785988243,926734131,101.838,20.271,121.985,0.0,33.332,1
1785988243,960065918,154.491,2.941,157.29,0.0,99.994,1
1785988244,60060303,96.631,3.276,99.781,0.0,33.331,1
1785988244,93391357,124.139,2.774,126.787,0.0,66.661,1
1785988244,160052490,100.636,4.049,104.443,0.0,33.331,1
1785988244,193383057,121.143,2.61,123.611,0.0,66.66,1
1785988244,260042969,98.493,2.779,101.066,0.0,33.33,1
1785988244,293372803,119.959,2.893,122.706,0.0,66.659,1
1785988244,360031738,95.129,3.222,98.197,0.0,33.329,1
1785988244,393360840,104.482,4.019,108.043,0.0,33.329,1
1785988244,426689697,120.567,2.91,123.313,0.0,66.707,1
1785988244,493396240,94.018,2.328,96.233,0.0,33.378,1
1785988244,526773926,102.546,6.679,108.599,0.0,33.378,1
1785988244,560152100,111.244,2.554,113.668,0.0,0.0,1
1785988244,593530273,120.792,3.018,123.658,-33.378,66.758,1
1785988244,660288086,97.038,2.664,99.579,0.0,33.38,1
1785988244,693667725,122.23,2.341,124.456,0.0,66.76,1
1785988244,760427734,94.968,2.536,97.38,0.0,33.38,1
1785988244,793808105,113.597,8.775,122.233,0.0,33.381,1
1785988244,827188965,120.241,2.539,122.662,0.0,33.381,1
1785988244,860570313,160.276,2.027,162.198,0.0,100.146,1
1785988244,960716309,98.391,3.853,102.106,0.0,33.383,1
1785988244,994098877,120.858,2.587,123.318,0.0,66.767,1
1785988245,60865479,92.145,2.25,94.273,0.0,33.384,1
1785988245,94249268,122.045,2.679,124.59,0.0,66.769,1
1785988245,161017822,98.705,3.699,102.258,0.0,33.385,1
1785988245,194402832,114.349,2.477,116.577,0.0,33.385,1
1785988245,227788086,122.426,2.418,124.725,0.0,66.771,1
1785988245,294559570,92.535,3.022,95.421,0.0,33.386,1
1785988245,327945801,103.598,4.429,107.894,0.0,33.387,1
1785988245,361332520,120.165,2.977,123.036,0.0,66.774,1
1785988245,428106934,122.776,3.164,125.819,0.0,66.749,1
1785988245,494855713,96.009,2.573,98.433,0.0,33.491,1
1785988245,528346436,120.438,2.201,122.54,0.0,66.984,1
1785988245,595330078,109.943,5.457,115.245,0.0,33.493,1
1785988245,628823242,108.635,2.558,110.966,0.0,33.494,1
1785988245,662316895,127.019,2.772,129.615,0.0,66.99,1
1785988245,729307129,101.639,6.512,108.004,0.0,33.496,1
1785988245,762803467,119.306,2.052,121.257,0.0,66.995,1
1785988245,829798340,117.264,2.293,119.422,0.0,66.998,1
1785988245,896796631,106.889,2.715,109.429,0.0,33.5,1
1785988245,930296875,124.665,3.247,127.795,0.0,67.003,1
1785988245,997300049,101.63,3.012,104.445,0.0,33.503,1
1785988246,30802979,110.614,4.983,114.854,0.0,33.503,1
1785988246,64306396,118.044,2.681,120.615,0.0,67.01,1
1785988246,131315918,110.064,2.276,112.234,0.0,33.506,1
1785988246,164822021,117.53,2.76,120.17,0.0,0.0,1
1785988246,231836426,90.835,2.192,92.915,33.509,33.509,1
1785988246,265344971,93.551,2.457,95.869,0.0,33.509,1
1785988246,332364258,85.89,2.71,88.467,0.0,33.511,1
1785988246,365875244,90.545,2.544,92.964,0.0,33.511,1
1785988246,399386719,94.903,2.85,97.626,0.0,33.513,1
1785988246,432899414,113.726,3.575,116.94,0.0,33.513,1
1785988246,499923340,93.616,3.124,96.612,33.329,33.329,1
1785988246,533252686,109.108,2.537,111.518,0.0,33.329,1
1785988246,566581787,114.362,1.998,116.261,0.0,66.657,1
1785988246,633239258,91.598,5.107,96.558,0.0,33.328,1
1785988246,666567383,116.516,3.406,119.799,0.0,66.656,1
1785988246,733223389,90.376,3.636,93.894,0.0,33.328,1
1785988246,766551025,115.564,2.748,118.182,0.0,66.654,1
1785988246,833205322,108.812,2.759,111.331,0.0,33.327,1
1785988246,866531982,127.605,2.699,130.184,0.0,66.653,1
1785988246,933184814,116.477,2.322,118.682,0.0,66.652,1
1785988246,999836670,91.133,2.55,93.549,0.0,33.326,1
1785988247,33162354,99.118,4.709,103.566,0.0,33.325,1
1785988247,66487549,113.018,2.127,115.042,0.0,66.65,1
1785988247,99812500,115.466,2.338,117.695,0.0,66.649,1
1785988247,166461914,105.031,2.616,107.509,0.0,33.324,1
1785988247,199786133,118.709,2.521,121.099,0.0,66.648,1
1785988247,266433838,91.362,2.867,94.086,0.0,33.323,1
1785988247,299757324,107.851,2.842,110.566,0.0,33.323,1
1785988247,333080566,122.448,2.179,124.514,0.0,66.646,1
1785988247,399726318,89.827,3.638,93.349,0.0,33.323,1
1785988247,433048828,114.863,2.556,117.3,0.0,66.645,1
1785988247,466370850,127.898,3.14,130.859,0.0,66.728,1
1785988247,533098633,106.757,2.292,108.933,0.0,33.405,1
1785988247,566503418,120.066,2.218,122.175,0.0,66.81,1
1785988247,633313721,101.543,2.177,103.61,0.0,33.406,1
1785988247,666719238,112.908,2.533,115.313,0.0,33.406,1
1785988247,700124756,126.278,2.526,128.676,0.0,66.812,1
1785988247,766936768,98.099,2.548,100.526,0.0,33.406,1
1785988247,800343262,137.931,6.995,144.797,0.0,66.813,1
1785988247,867156738,96.103,3.336,99.183,0.0,33.407,1
1785988247,900563721,115.751,2.724,118.21,0.0,33.407,1
1785988247,967378418,98.161,2.921,100.894,0.0,33.408,1
1785988248,786133,120.803,2.037,122.734,0.0,66.816,1
1785988248,67602295,91.575,2.988,94.43,0.0,33.408,1
1785988248,101010742,114.556,2.656,117.091,0.0,66.817,1
1785988248,167828125,89.804,3.605,93.208,0.0,33.409,1
1785988248,201237305,112.277,3.793,115.951,0.0,33.409,1
1785988248,268056152,88.255,3.229,91.217,-33.41,-33.41,1
1785988248,301465820,97.903,6.644,103.745,33.41,33.41,1
1785988248,334875732,116.256,2.667,118.804,0.0,66.821,1
1785988248,401696533,89.027,2.568,91.467,0.0,0.0,1
1785988248,435107178,106.635,2.524,109.036,-33.411,-33.411,1
1785988248,468518066,116.754,2.151,118.794,66.806,66.806,1
1785988248,535324463,87.16,3.252,90.28,0.0,33.396,1
1785988248,568720947,105.351,2.411,107.562,0.0,33.396,1
1785988248,602117432,112.999,2.327,115.146,0.0,66.793,1
1785988248,668910889,93.85,5.419,98.963,0.0,33.397,1
1785988248,702307861,108.787,2.232,110.915,0.0,33.397,1
1785988248,735705078,113.671,2.566,116.099,0.0,66.795,1
1785988248,802500000,87.461,2.464,89.791,0.0,33.397,1
1785988248,835897461,121.699,3.605,125.183,0.0,33.398,1
1785988248,902693359,106.847,3.039,109.755,-33.398,33.398,1
1785988248,936091309,125.87,3.299,129.049,0.0,66.797,1
1785988249,2887939,120.112,6.637,126.631,0.0,66.797,1
1785988249,69685059,105.194,2.067,107.154,0.0,33.399,1
1785988249,103083984,116.696,2.436,119.006,0.0,66.798,1
1785988249,169882080,90.763,2.46,93.092,0.0,33.399,1
1785988249,203281494,113.15,2.12,115.173,0.0,66.799,1
1785988249,270080566,90.743,2.667,93.285,0.0,33.4,1
1785988249,303480225,104.4,3.935,108.213,0.0,33.4,1
1785988249,336880127,115.961,3.283,119.115,0.0,66.8,1
1785988249,403680420,102.976,2.369,105.23,0.0,33.4,1
1785988249,437080811,116.019,2.481,118.373,0.0,66.801,1
1785988249,503881348,91.967,3.218,95.052,0.0,33.313,1
1785988249,537194580,105.746,2.523,108.131,0.0,33.313,1
1785988249,570507324,121.882,2.65,124.404,0.0,66.624,1
1785988249,637131348,96.809,7.868,104.31,0.0,33.312,1
1785988249,670442871,116.949,2.974,119.793,0.0,66.622,1
1785988249,737064941,90.956,2.79,93.517,0.0,33.31,1
1785988249,770375244,109.413,2.751,112.028,0.0,66.619,1
1785988249,803685059,123.532,2.917,126.31,0.0,33.31,1
1785988249,836994629,137.87,2.447,140.204,0.0,66.618,1
1785988249,903612549,135.336,5.28,140.486,0.0,66.616,1
1785988249,970229004,119.516,2.731,122.123,0.0,66.615,1
1785988250,36843750,94.922,3.121,97.847,0.0,33.307,1
1785988250,70150635,108.758,2.032,110.687,0.0,33.306,1
1785988250,103457031,115.494,2.993,118.365,0.0,0.0,1
1785988250,170068604,90.704,2.378,92.968,33.305,33.305,1
1785988250,203373779,99.439,2.697,102.022,0.0,33.305,1
1785988250,236678711,122.529,2.729,125.142,0.0,66.608,1
1785988250,303287109,99.744,2.848,102.386,0.0,33.304,1
1785988250,336590820,118.227,2.036,120.167,0.0,66.606,1
1785988250,403196777,104.936,7.552,112.356,0.0,33.302,1
1785988250,436499268,115.711,2.957,118.52,0.0,66.605,1
1785988250,503104736,90.029,2.424,92.329,0.0,33.317,1
1785988250,536421875,118.517,3.345,121.731,0.0,66.633,1
1785988250,603054688,98.367,6.665,104.404,0.0,33.316,1
1785988250,636370605,106.92,2.824,109.626,0.0,0.0,1
1785988250,669686279,129.867,2.852,132.559,-33.316,66.63,1
1785988250,703001465,148.162,2.687,150.733,33.315,33.315,1
1785988250,802945313,88.811,17.086,105.677,33.314,33.314,1
1785988250,836259033,120.733,2.543,123.132,0.0,33.313,1
1785988250,869572510,121.762,6.188,127.833,0.0,66.626,1
1785988250,936198730,117.349,2.864,120.078,0.0,66.625,1
1785988251,2823242,94.8,3.814,98.464,0.0,33.312,1
1785988251,36135010,104.783,2.564,107.2,0.0,0.0,1
1785988251,69446533,118.952,2.842,121.667,33.311,33.311,1
1785988251,136068359,93.044,2.715,95.63,33.31,33.31,1
1785988251,169378662,117.007,3.06,119.95,0.0,66.62,1
1785988251,235998535,94.087,2.902,96.815,0.0,33.309,1
1785988251,269307861,117.143,2.3,119.327,0.0,66.618,1
1785988251,335925537,87.42,3.037,90.286,0.0,33.308,1
1785988251,369233887,98.286,7.221,105.377,0.0,33.308,1
1785988251,402541748,119.218,2.49,121.59,0.0,66.615,1
1785988251,469156738,93.499,2.874,96.241,0.0,0.0,1
1785988251,502465088,122.078,3.046,124.998,-33.308,66.667,1
1785988251,569131836,95.64,4.858,100.368,0.0,33.333,1
1785988251,602464600,117.884,2.567,120.316,0.0,66.665,1
1785988251,669129883,89.561,2.149,91.604,0.0,33.332,1
1785988251,702461914,103.231,2.794,105.903,0.0,33.332,1
1785988251,802456787,84.138,3.169,87.179,0.0,33.331,1
1785988251,835787842,92.126,15.929,107.944,0.0,33.331,1
1785988251,869118896,117.919,3.298,121.047,0.0,66.661,1
1785988251,935779785,99.164,5.526,104.538,0.0,33.33,1
1785988251,969109619,120.01,2.301,122.197,0.0,33.33,1
1785988252,2439453,122.256,2.703,124.835,0.0,66.659,1
1785988252,69098389,97.822,5.081,102.679,0.0,33.329,1
1785988252,102427246,116.838,2.998,119.712,0.0,66.657,1
1785988252,169084717,87.105,2.578,89.561,0.0,33.328,1
1785988252,202412842,94.202,3.202,97.284,0.0,33.328,1
1785988252,235740723,109.566,2.306,111.751,0.0,33.328,1
1785988252,302395996,108.372,2.511,110.766,33.327,33.327,1
1785988252,335723145,122.251,2.226,124.364,0.0,66.654,1
1785988252,402376709,92.996,2.804,95.665,0.0,33.326,1
1785988252,435703125,108.435,3.408,111.725,0.0,0.0,1
1785988252,502355957,88.721,4.32,92.304,0.0,33.312,1
1785988252,535667480,107.137,2.988,109.95,0.0,33.311,1
1785988252,568978516,120.304,3.046,123.215,0.0,66.621,1
1785988252,635599609,95.833,2.259,97.962,0.0,33.31,1
1785988252,668909424,121.805,2.217,123.917,0.0,66.619,1
1785988252,735528076,118.171,2.49,120.542,0.0,66.617,1
1785988252,802145020,91.194,9.374,100.45,0.0,33.308,1
1785988252,835452881,100.352,2.648,102.878,0.0,33.307,1
1785988252,868760254,130.415,9.326,139.497,0.0,66.614,1
1785988252,935373779,113.651,2.658,116.184,0.0,66.612,1
1785988252,968679932,122.418,2.619,124.898,0.0,66.611,1
1785988253,35291260,98.964,3.916,102.756,0.0,0.0,1
1785988253,68596191,119.019,2.456,121.351,33.304,66.609,1
1785988253,135204834,91.685,2.62,94.187,0.0,0.0,1
1785988253,168508545,109.08,2.364,111.332,-33.304,-33.304,1
1785988253,201811768,117.997,2.568,120.437,33.303,66.605,1
1785988253,268417236,106.969,12.103,118.961,0.0,33.302,1
1785988253,301719238,117.11,2.354,119.35,0.0,66.603,1
1785988253,368322266,94.236,2.391,96.502,0.0,33.301,1
1785988253,401623047,104.165,2.893,106.912,0.0,33.301,1
1785988253,468223633,110.574,2.782,113.22,0.0,33.301,1
1785988253,501524414,124.456,1.981,126.344,0.0,66.785,1
1785988253,568309326,117.169,2.664,119.702,0.0,33.431,1
1785988253,635171631,95.059,2.402,97.326,-33.431,33.432,1
1785988253,668603760,111.779,2.639,114.307,0.0,33.433,1
1785988253,702036621,117.762,2.76,120.4,0.0,66.867,1
1785988253,768904053,91.898,2.638,94.398,0.0,33.435,1
1785988253,802338867,121.243,2.618,123.747,0.0,66.871,1
1785988253,869210205,126.541,2.146,128.576,0.0,66.874,1
1785988253,902646729,147.799,2.0,149.697,0.0,66.875,1
1785988253,969521729,128.657,2.898,131.357,0.0,66.878,1
1785988254,36399414,102.011,6.135,108.006,0.0,33.44,1
1785988254,103279785,86.839,2.388,89.097,0.0,33.441,1
1785988254,136720947,98.107,4.236,102.209,0.0,33.442,1
1785988254,170162598,106.553,2.422,108.855,0.0,33.442,1
1785988254,237047852,94.676,2.772,97.235,0.0,33.444,1
1785988254,270491455,106.483,2.85,109.001,0.0,33.444,1
1785988254,337380615,94.833,3.384,98.09,-33.445,33.446,1
1785988254,370826172,101.88,4.843,106.593,0.0,0.0,1
1785988254,404272461,113.775,2.218,115.885,-33.446,66.894,1
1785988254,504614746,89.326,5.503,94.68,0.0,33.447,1
1785988254,538061279,107.5,2.456,109.84,0.0,33.388,1
1785988254,571448975,121.871,2.869,124.593,0.0,66.776,1
1785988254,638224609,103.889,2.358,106.128,0.0,33.388,1
1785988254,671612549,121.231,2.271,123.394,0.0,66.776,1
1785988254,738388672,113.879,2.6,116.355,0.0,33.388,1
1785988254,805165039,93.436,2.642,95.916,33.388,33.388,1
1785988254,838553223,104.127,3.942,107.957,0.0,33.388,1
1785988254,871941650,121.95,2.201,124.04,0.0,66.777,1
1785988254,938718750,122.599,2.002,124.5,0.0,66.777,1
1785988255,5496094,96.847,2.644,99.347,0.0,33.389,1
1785988255,38884766,117.22,2.743,119.838,0.0,66.778,1
1785988255,105662598,93.19,7.031,100.039,0.0,33.389,1
1785988255,139051514,99.605,3.67,103.14,0.0,33.389,1
1785988255,172440674,115.457,2.552,117.89,0.0,33.389,1
1785988255,239219238,89.706,2.738,92.308,33.389,33.389,1
1785988255,272608398,114.267,2.447,116.585,0.0,66.779,1
1785988255,339387451,91.557,2.386,93.813,0.0,33.39,1
1785988255,372777100,116.338,2.013,118.251,0.0,66.779,1
1785988255,439556396,92.035,2.529,94.446,0.0,33.39,1
1785988255,472946289,116.05,4.611,120.538,0.0,66.779,1
1785988255,539725586,92.838,2.691,95.296,0.0,33.304,1
1785988255,573030029,117.357,2.903,120.135,0.0,66.607,1
1785988255,639637451,92.595,2.706,95.134,0.0,0.0,1
1785988255,672940430,120.474,2.411,122.772,33.303,66.605,1
1785988255,739545166,101.93,3.441,105.236,0.0,33.302,1
1785988255,772846680,116.628,2.415,118.93,0.0,66.602,1
1785988255,839448486,110.012,3.35,113.09,0.0,33.3,1
1785988255,872748779,134.836,3.167,137.818,0.0,0.0,1
1785988255,939347656,119.118,2.152,121.173,66.597,66.597,1
1785988256,5944824,93.938,2.364,96.175,0.0,33.298,1
1785988256,72540039,84.638,2.762,87.267,0.0,33.297,1
1785988256,105836914,92.484,2.881,95.219,0.0,33.296,1
1785988256,139133301,109.307,2.493,111.681,0.0,33.296,1
1785988256,172429199,121.23,2.899,123.986,0.0,66.59,1
1785988256,239019531,97.513,3.195,100.575,0.0,0.0,1
1785988256,272314209,115.337,2.251,117.473,33.294,33.294,1
1785988256,338901611,88.311,2.203,90.39,33.293,33.293,1
1785988256,372194824,104.716,2.483,107.051,0.0,33.292,1
1785988256,405487305,121.746,2.703,124.331,0.0,66.584,1
1785988256,472071289,94.81,4.087,98.742,0.0,33.291,1
1785988256,505362305,107.925,3.549,110.427,0.0,33.292,1
1785988256,538654785,124.888,2.663,127.421,0.0,66.695,1
1785988256,605350098,107.338,3.322,110.54,0.0,33.348,1
1785988256,638697998,126.99,8.708,135.337,0.0,66.696,1
1785988256,705393799,110.748,4.014,114.632,0.0,33.348,1
1785988256,738741943,123.918,1.994,125.815,0.0,66.697,1
1785988256,805438477,103.198,20.205,123.279,0.0,33.348,1
1785988256,838786865,117.747,2.073,119.713,0.0,66.697,1
1785988256,872135254,156.991,2.38,159.252,0.0,100.046,1
1785988256,972181396,106.992,2.433,109.311,0.0,33.349,1
1785988257,5530273,127.94,2.287,130.111,0.0,66.698,1
1785988257,72228271,96.181,3.111,99.156,0.0,33.349,1
1785988257,105577393,115.505,2.358,117.644,0.0,66.699,1
1785988257,172276123,89.161,3.347,92.375,0.0,33.349,1
1785988257,205625488,101.016,4.363,105.264,0.0,33.35,1
1785988257,238975098,114.466,2.801,117.146,0.0,66.699,1
1785988257,272324707,120.093,2.745,122.723,0.0,66.699,1
1785988257,339024170,90.134,2.394,92.418,0.0,33.35,1
1785988257,372374268,104.531,2.871,107.259,0.0,33.35,1
1785988257,439074463,100.92,6.162,106.905,0.0,0.0,1
1785988257,472424561,119.962,2.578,122.415,-33.35,66.701,1
1785988257,539125488,92.812,3.079,95.773,0.0,33.389,1
1785988257,572514648,108.149,3.68,111.405,0.0,0.0,1
1785988257,605903564,121.564,2.723,124.117,-33.389,66.779,1
1785988257,672682129,112.545,3.851,115.956,0.0,0.0,1
1785988257,706071289,117.824,2.033,119.756,-33.389,66.779,1
1785988257,772850342,94.422,4.588,98.885,0.0,33.39,1
1785988257,806239990,107.203,7.468,114.555,0.0,33.39,1
1785988257,839629639,120.717,2.092,122.7,0.0,33.39,1
1785988257,873019287,145.753,2.861,148.161,0.0,66.78,1
1785988257,939799072,97.254,5.607,102.638,0.0,33.39,1
1785988257,973189209,114.06,3.244,117.186,0.0,33.39,1
1785988258,6579346,119.424,2.93,122.236,0.0,66.781,1
1785988258,73359863,91.082,2.911,93.877,0.0,33.39,1
1785988258,106750244,103.213,2.984,106.023,0.0,33.39,1
1785988258,140140625,120.777,2.547,123.106,0.0,66.781,1
1785988258,206921875,91.285,3.072,94.157,0.0,33.391,1
1785988258,240312744,116.22,2.941,119.047,0.0,66.782,1
1785988258,307094482,87.444,4.23,91.555,0.0,0.0,1
1785988258,340485352,94.691,2.356,96.934,-33.391,33.391,1
1785988258,373876465,115.766,2.361,117.998,0.0,33.391,1
1785988258,440658936,91.298,2.044,93.24,-33.391,-33.391,1
1785988258,507441650,85.946,2.724,88.551,0.0,33.391,1
1785988258,540832520,90.578,2.753,93.207,0.0,33.304,1
1785988258,574136963,108.7,2.751,111.23,0.0,33.304,1
1785988258,607440918,121.963,2.27,124.131,0.0,33.303,1
1785988258,674047363,118.038,2.774,120.683,33.303,66.605,1
1785988258,740652100,98.837,2.958,101.679,0.0,0.0,1
1785988258,773953613,116.272,2.437,118.586,33.301,66.602,1
1785988258,840555420,106.857,8.412,115.153,0.0,33.3,1
1785988258,873855713,126.223,8.984,134.656,0.0,66.599,1
1785988258,940454590,124.774,2.69,127.352,0.0,66.597,1
1785988259,7051758,108.889,6.028,114.794,0.0,33.298,1
1785988259,40349365,120.288,2.548,122.712,0.0,66.594,1
1785988259,106943604,92.516,2.834,95.22,0.0,33.296,1
1785988259,140239990,105.367,2.902,108.128,0.0,33.296,1
1785988259,173535889,118.887,2.346,121.112,0.0,66.591,1
1785988259,240126465,89.55,2.623,92.051,0.0,33.294,1
1785988259,273420898,115.454,2.056,117.411,0.0,66.588,1
1785988259,306714844,119.609,2.607,122.082,0.0,66.587,1
1785988259,373301514,94.161,2.562,96.607,0.0,0.0,1
1785988259,406594238,117.684,2.978,120.54,33.292,66.584,1
1785988259,473177979,92.328,2.097,94.327,0.0,33.291,1
1785988259,506469238,118.906,2.565,121.354,0.0,66.597,1
1785988259,573066650,100.933,3.7,104.492,0.0,33.305,1
1785988259,606371582,117.539,2.544,119.908,0.0,66.608,1
1785988259,672979736,96.245,2.449,98.551,0.0,33.303,1
1785988259,706283203,117.083,2.37,119.343,0.0,66.605,1
1785988259,739586182,120.788,2.083,122.77,0.0,66.604,1
1785988259,806190674,110.516,2.821,113.205,0.0,33.302,1
1785988259,839492188,127.588,2.504,129.958,0.0,66.602,1
1785988259,906093994,124.049,4.309,128.175,0.0,66.6,1
1785988259,972693848,110.747,2.77,113.402,0.0,33.299,1
1785988260,5993164,125.796,3.21,128.878,0.0,66.597,1
1785988260,72590332,117.905,3.143,120.931,0.0,66.595,1
1785988260,139185547,89.842,2.031,91.767,0.0,33.297,1
1785988260,172482422,119.059,2.661,121.578,0.0,66.592,1
1785988260,205778809,125.331,2.557,127.764,0.0,66.592,1
1785988260,272370361,97.824,6.755,104.456,0.0,0.0,1
1785988260,305665283,110.5,2.345,112.731,33.295,33.295,1
1785988260,338959961,124.695,2.457,127.04,0.0,66.588,1
1785988260,405547607,97.051,2.847,99.758,0.0,33.293,1
1785988260,438840820,104.067,2.966,106.892,0.0,33.293,1
1785988260,505425781,97.169,2.476,99.525,0.0,33.293,1
1785988260,538718750,112.063,3.344,115.265,0.0,33.347,1
1785988260,572065918,120.839,2.815,123.526,0.0,66.907,1
1785988260,638973145,97.083,2.737,99.694,0.0,33.454,1
1785988260,672427490,122.983,2.44,125.303,0.0,66.91,1
1785988260,739337646,103.831,7.488,111.181,0.0,33.456,1
1785988260,772793457,120.039,2.993,122.905,0.0,33.456,1
1785988260,839706543,90.989,2.336,93.221,-33.457,33.457,1
1785988260,906621582,93.561,2.966,96.408,0.0,33.458,1
1785988260,940079834,112.111,4.111,116.072,0.0,33.459,1
1785988260,973538574,126.65,2.863,129.388,0.0,66.919,1
1785988261,40457275,117.351,2.772,119.997,0.0,66.921,1
1785988261,107377930,95.284,11.526,106.677,0.0,33.461,1
1785988261,140839111,102.1,6.219,108.172,0.0,33.462,1
1785988261,174300781,118.16,2.797,120.677,0.0,66.925,1
1785988261,207762695,127.297,3.142,130.315,0.0,66.926,1
1785988261,274688232,107.552,2.375,109.813,0.0,33.464,1
1785988261,341615723,91.841,2.336,94.061,0.0,33.465,1
1785988261,375080322,104.593,2.997,107.451,0.0,0.0,1
1785988261,408545166,118.49,2.44,120.82,-33.465,66.931,1
1785988261,475476563,110.179,2.73,112.796,0.0,33.466,1
1785988261,508942871,124.517,2.61,126.891,0.0,66.932,1
1785988261,542409912,148.267,3.191,151.347,0.0,100.209,1
1785988261,609246338,122.514,2.691,125.082,0.0,66.746,1
1785988261,675991943,95.605,2.763,98.236,0.0,33.373,1
1785988261,709365234,120.261,2.131,122.283,0.0,66.749,1
1785988261,776113770,89.17,3.122,92.026,0.0,33.375,1
1785988261,809488525,105.228,2.944,108.046,0.0,33.375,1
1785988261,842864014,129.757,2.688,132.289,0.0,66.752,1
1785988261,909616211,120.355,2.24,122.483,0.0,66.754,1
1785988261,976370361,110.059,2.622,112.553,0.0,33.378,1
1785988262,9748047,131.201,3.416,134.34,0.0,66.757,1
1785988262,76505127,107.562,2.366,109.777,0.0,0.0,1
1785988262,109884277,121.039,2.071,123.003,-33.379,66.76,1
1785988262,176644287,94.251,3.701,97.819,0.0,33.381,1
1785988262,210024902,110.073,2.192,112.161,0.0,33.381,1
1785988262,243406006,116.288,3.35,119.526,0.0,66.764,1
1785988262,310169922,97.146,2.777,99.777,0.0,33.383,1
1785988262,343552490,117.048,2.867,119.795,0.0,66.767,1
1785988262,410319092,88.161,2.539,90.582,0.0,33.384,1
1785988262,443703125,98.399,3.669,101.932,0.0,0.0,1
1785988262,477087646,121.992,2.53,124.404,-33.385,66.771,1
1785988262,510472656,139.008,5.772,144.633,0.0,66.771,1
1785988262,577243408,115.117,2.356,117.352,0.0,0.0,1
1785988262,644009766,90.715,2.374,92.976,33.383,33.383,1
1785988262,677393066,115.151,2.297,117.322,0.0,66.767,1
1785988262,744159668,94.387,4.828,99.023,0.0,33.383,1
1785988262,777542969,109.897,2.199,111.981,0.0,66.767,1
1785988262,810926270,123.775,2.787,126.443,0.0,66.767,1
1785988262,877693115,113.279,3.601,116.765,0.0,66.767,1
1785988262,911076660,134.816,9.271,143.966,0.0,66.767,1
1785988262,977843750,120.546,2.227,122.657,0.0,66.767,1
1785988263,44611084,95.416,4.76,100.057,0.0,0.0,1
1785988263,77994629,114.375,2.198,116.409,-33.384,33.384,1
1785988263,144762207,94.706,3.96,98.502,-33.384,-33.384,1
1785988263,178145996,120.732,2.028,122.654,33.384,66.768,1
1785988263,244913574,90.176,3.077,93.116,0.0,33.384,1
1785988263,278297607,103.316,2.414,105.605,0.0,33.384,1
1785988263,345065430,86.695,2.698,89.257,0.0,33.384,1
1785988263,378449463,91.217,3.42,94.512,0.0,33.384,1
1785988263,411833496,103.992,2.842,106.702,0.0,33.384,1
1785988263,445217529,113.723,2.684,116.299,0.0,33.384,1
1785988263,511985840,97.922,2.708,100.496,-33.384,33.384,1
1785988263,545370117,119.347,3.059,122.281,0.0,66.723,1
1785988263,612093262,95.457,2.737,98.006,0.0,33.339,1
1785988263,645432617,105.327,6.096,111.305,0.0,33.339,1
1785988263,678771973,120.057,2.409,122.344,0.0,66.679,1
1785988263,745450684,92.987,4.432,97.285,0.0,33.34,1
1785988263,778790283,98.412,3.117,101.387,0.0,33.339,1
1785988263,845469238,88.085,3.567,91.54,0.0,33.34,1
1785988263,878808838,118.663,3.169,121.706,0.0,66.679,1
1785988263,945487793,141.552,6.44,147.865,0.0,66.679,1
1785988264,12166992,113.269,7.523,117.282,0.0,33.34,1
1785988264,45506592,116.071,2.164,118.115,0.0,66.679,1
1785988264,112186035,91.685,3.135,94.684,0.0,33.34,1
1785988264,145525635,102.415,3.774,106.048,0.0,33.34,1
1785988264,178865479,114.684,3.571,118.119,0.0,33.34,1
1785988264,212205078,116.804,2.117,118.809,0.0,33.34,1
1785988264,278884521,85.831,2.699,88.401,-33.34,33.34,1
1785988264,312224365,101.355,3.319,104.53,0.0,33.34,1
1785988264,345564209,114.319,2.792,116.994,0.0,66.68,1
1785988264,412243896,89.486,2.417,91.787,0.0,33.34,1
1785988264,445583740,95.176,2.656,97.699,0.0,33.34,1
1785988264,478923584,114.406,2.402,116.671,0.0,66.68,1
1785988264,545603516,93.745,3.363,96.898,0.0,33.341,1
1785988264,578944092,110.558,2.529,112.972,0.0,66.693,1
1785988264,612290527,116.994,2.413,119.295,0.0,66.693,1
1785988264,678983643,94.449,2.801,97.113,0.0,33.347,1
1785988264,712330566,119.847,1.992,121.74,0.0,66.694,1
1785988264,779024170,92.38,3.02,95.265,0.0,33.347,1
1785988264,812371338,118.034,6.263,124.186,0.0,66.694,1
1785988264,879065430,94.388,4.901,99.142,0.0,0.0,1
1785988264,912412842,123.026,3.392,126.146,33.347,66.695,1
1785988264,979107422,119.098,2.748,121.737,0.0,66.695,1
1785988265,45802490,101.489,2.918,104.245,0.0,33.348,1
1785988265,79150146,112.282,2.402,114.57,0.0,33.348,1
1785988265,112498047,119.368,3.049,122.198,0.0,66.696,1
1785988265,179193604,93.412,2.872,96.047,0.0,33.348,1
1785988265,212541748,106.199,2.302,108.383,0.0,33.348,1
1785988265,245889893,122.923,2.328,125.131,0.0,66.696,1
1785988265,312586182,108.85,2.815,111.54,0.0,0.0,1
1785988265,345934570,120.044,2.506,122.438,-33.348,66.697,1
1785988265,412631348,91.425,2.596,93.887,0.0,33.349,1
1785988265,445979980,115.868,2.138,117.894,0.0,33.349,1
1785988265,479328613,115.032,2.187,117.111,0.0,33.349,1
1785988265,546026123,95.862,3.96,99.666,-33.349,33.349,1
1785988265,579375488,119.419,2.347,121.648,0.0,66.627,1
1785988265,646002686,89.933,2.925,92.735,0.0,33.313,1
1785988265,679315674,100.343,2.723,102.894,0.0,33.312,1
1785988265,712628174,120.172,2.707,122.742,0.0,66.624,1
1785988265,779252197,94.909,2.629,97.351,0.0,33.312,1
1785988265,812563721,121.163,2.048,123.108,0.0,66.622,1
1785988265,879185303,112.078,2.504,114.467,0.0,33.31,1
1785988265,912495605,136.262,6.772,142.902,0.0,66.619,1
1785988265,979114746,124.546,2.588,127.019,0.0,66.618,1
1785988266,45732666,95.849,3.406,99.009,0.0,33.308,1
1785988266,79040771,115.517,2.145,117.555,0.0,33.308,1
1785988266,145656250,93.701,2.344,95.927,33.307,33.307,1
1785988266,178963135,111.969,2.678,114.52,0.0,33.307,1
1785988266,212270020,121.768,2.43,124.067,0.0,66.612,1
1785988266,278882080,99.818,2.805,102.493,0.0,0.0,1
1785988266,312187500,117.816,2.714,120.401,33.305,66.61,1
1785988266,378797363,92.393,2.45,94.719,0.0,33.304,1
1785988266,412101807,100.317,4.107,104.217,0.0,0.0,1
1785988266,445405762,109.3,2.777,111.949,-33.304,-33.304,1
1785988266,478709229,120.143,3.799,123.822,33.303,66.606,1
1785988266,545314941,105.566,2.369,107.818,0.0,33.304,1
1785988266,578618652,116.93,2.538,119.349,0.0,66.624,1
1785988266,645242432,96.031,3.756,99.643,0.0,33.311,1
1785988266,678553711,104.938,2.507,107.316,0.0,33.311,1
1785988266,711864502,121.907,2.309,124.113,0.0,66.621,1
1785988266,778485107,98.294,2.589,100.749,0.0,33.31,1
1785988266,811794922,122.325,2.469,124.683,0.0,66.618,1
1785988266,878412842,122.679,2.705,125.24,0.0,66.616,1
1785988266,945029297,106.62,4.372,110.835,0.0,33.308,1
1785988266,978336914,123.593,2.71,126.175,0.0,66.614,1
1785988267,44951172,96.932,6.463,103.062,0.0,33.306,1
1785988267,78257568,122.117,2.185,124.178,0.0,66.612,1
1785988267,144869141,92.153,2.742,94.754,0.0,33.305,1
1785988267,178174316,103.372,2.843,106.058,0.0,33.305,1
1785988267,211479004,116.761,2.699,119.343,0.0,66.608,1
1785988267,278087402,91.262,2.919,94.019,0.0,33.304,1
1785988267,311391113,120.248,2.518,122.652,0.0,66.606,1
1785988267,377997070,91.567,2.57,94.015,0.0,33.302,1
1785988267,411299316,103.642,6.108,109.552,0.0,33.302,1
1785988267,444601318,124.843,3.782,128.501,0.0,66.603,1
1785988267,511204102,108.671,2.716,111.245,0.0,33.301,1
1785988267,577825928,95.177,2.294,97.351,0.0,33.321,1
1785988267,611146729,121.264,2.627,123.773,0.0,66.641,1
1785988267,677787842,92.27,2.664,94.812,0.0,33.32,1
1785988267,711107666,100.627,3.065,103.558,0.0,0.0,1
1785988267,744427490,106.897,2.754,109.508,33.32,33.32,1
1785988267,777747070,122.253,2.248,124.351,0.0,33.319,1
1785988267,844385010,126.624,2.528,129.046,33.319,66.637,1
1785988267,911021973,113.904,3.138,116.903,0.0,33.318,1
1785988267,944340088,139.201,2.544,141.613,0.0,66.635,1
1785988268,10975342,118.846,2.198,120.93,0.0,33.317,1
1785988268,77609619,95.807,2.963,98.636,33.317,33.317,1
1785988268,110926270,107.58,3.775,111.219,0.0,33.316,1
1785988268,144242676,121.525,2.115,123.542,0.0,66.632,1
1785988268,210874512,98.665,2.967,101.5,0.0,33.316,1
1785988268,244190186,109.731,2.339,111.945,0.0,33.315,1
1785988268,277505371,125.561,2.874,128.308,0.0,66.63,1
1785988268,344135010,121.344,2.637,123.851,0.0,66.629,1
1785988268,410763672,100.971,2.913,103.592,0.0,33.314,1
1785988268,444077393,113.879,2.079,115.861,0.0,66.627,1
1785988268,510704346,92.921,2.432,95.228,0.0,33.314,1
1785988268,544018311,121.967,5.91,127.76,0.0,66.666,1
1785988268,610684082,104.17,2.437,106.483,0.0,33.318,1
1785988268,644002441,123.744,2.212,125.84,0.0,66.635,1
1785988268,710637695,94.957,2.664,97.468,0.0,33.317,1
1785988268,743954834,105.958,3.251,109.08,0.0,33.317,1
1785988268,777271484,129.09,2.632,131.598,0.0,66.632,1
1785988268,843903809,107.699,2.533,110.106,0.0,33.316,1
1785988268,877219482,124.098,2.763,126.72,0.0,66.63,1
1785988268,943849854,111.784,2.455,114.119,0.0,33.314,1
1785988268,977164307,154.167,3.801,157.85,0.0,99.941,1
1785988269,77105713,107.103,2.445,109.408,0.0,33.313,1
1785988269,110418945,110.918,3.178,113.975,0.0,33.313,1
1785988269,177044189,96.395,2.559,98.825,0.0,0.0,1
1785988269,210356201,108.738,4.723,113.304,-33.312,-33.312,1
1785988269,243667725,120.837,2.595,123.3,66.622,66.622,1
1785988269,310290039,95.54,2.847,98.266,0.0,33.311,1
1785988269,343600586,121.65,2.759,124.279,0.0,66.62,1
1785988269,410220703,95.384,2.728,97.994,0.0,33.31,1
1785988269,443530273,114.483,2.404,116.746,0.0,33.309,1
1785988269,476839355,124.48,2.398,126.758,0.0,66.617,1
1785988269,543456543,116.137,2.28,118.299,0.0,66.667,1
1785988269,576765381,125.174,2.297,127.365,0.0,66.717,1
1785988269,643481934,113.967,1.946,115.806,0.0,66.718,1
1785988269,743558350,89.221,2.005,91.129,0.0,33.359,1
1785988269,776917480,103.996,2.483,106.32,0.0,0.0,1
1785988269,810276611,121.495,2.163,123.554,-33.359,33.36,1
1785988269,876995850,113.005,2.258,115.162,-33.36,33.36,1
1785988269,977075928,91.352,4.077,95.17,0.0,33.36,1
1785988270,10436279,98.055,2.522,100.462,0.0,33.361,1
1785988270,43796875,117.409,2.904,120.078,0.0,66.722,1
1785988270,77157471,125.44,2.259,127.588,0.0,66.722,1
1785988270,143879639,112.563,3.081,115.508,0.0,33.361,1
1785988270,177240723,128.198,2.461,130.544,0.0,66.723,1
1785988270,243963867,100.849,3.738,104.271,0.0,33.362,1
1785988270,277325684,114.083,2.415,116.391,0.0,33.362,1
1785988270,310687744,127.829,2.885,130.559,0.0,66.724,1
1785988270,377412109,110.72,2.619,113.228,0.0,33.363,1
1785988270,410774658,123.584,4.686,128.16,0.0,66.726,1
1785988270,477500244,97.108,2.338,99.331,0.0,33.363,1
1785988270,510863281,106.799,2.807,109.476,0.0,33.363,1
1785988270,544226563,118.614,2.913,121.402,0.0,33.363,1
1785988270,610951172,91.771,2.448,94.106,33.362,33.362,1
1785988270,644312988,122.914,2.527,125.314,0.0,66.725,1
1785988270,711037598,94.809,4.938,99.608,0.0,33.363,1
1785988270,744400146,105.773,3.498,109.1,0.0,33.363,1
1785988270,777762939,129.645,2.314,131.847,0.0,66.726,1
1785988270,844489258,133.828,6.462,140.172,0.0,66.727,1
1785988270,911216309,117.796,2.454,120.123,0.0,66.728,1
1785988270,944580078,131.467,4.925,136.269,0.0,66.729,1
1785988271,11308594,126.272,2.191,128.347,0.0,66.729,1
1785988271,78037842,99.87,4.213,103.946,0.0,33.365,1
1785988271,111402588,123.696,3.626,126.726,0.0,66.731,1
1785988271,144767822,137.866,2.979,140.697,0.0,66.731,1
1785988271,211498779,115.429,2.093,117.418,0.0,33.366,1
1785988271,244864746,127.825,2.239,129.937,0.0,66.732,1
1785988271,311596924,104.971,5.174,110.007,0.0,33.366,1
1785988271,344963379,122.891,2.661,125.427,0.0,66.734,1
1785988271,411697021,98.05,2.75,100.68,0.0,33.367,1
1785988271,445063965,106.279,7.752,113.851,0.0,33.367,1
1785988271,478431396,124.663,2.342,126.883,0.0,66.735,1
1785988271,545166748,98.643,3.683,102.124,0.0,33.367,1
1785988271,578534180,113.377,2.419,115.673,0.0,33.328,1
1785988271,611862061,127.273,2.348,129.371,0.0,66.655,1
1785988271,678517090,106.843,4.968,111.69,0.0,33.327,1
1785988271,711844238,123.695,2.233,125.655,0.0,66.654,1
1785988271,778497803,93.857,2.843,96.57,0.0,33.326,1
1785988271,811823975,105.048,2.85,107.745,0.0,33.326,1
1785988271,845150146,123.383,2.736,125.994,0.0,66.651,1
1785988271,911801514,127.56,4.663,132.093,0.0,66.65,1
1785988271,978451660,103.341,2.883,106.096,0.0,33.325,1
1785988272,11776611,125.999,2.048,127.938,0.0,66.648,1
1785988272,78425049,97.614,3.596,101.085,0.0,33.324,1
1785988272,111749023,121.26,3.438,124.572,0.0,66.647,1
1785988272,178396240,95.169,3.117,98.167,0.0,33.323,1
1785988272,211719238,114.234,2.554,116.677,0.0,33.323,1
1785988272,245042236,128.594,2.592,130.942,0.0,66.645,1
1785988272,311687012,97.877,2.503,100.254,0.0,33.322,1
1785988272,345009277,124.028,2.627,126.529,0.0,66.643,1
1785988272,411652588,97.212,2.452,99.513,0.0,33.321,1
1785988272,444973877,113.804,2.746,116.414,0.0,33.321,1
1785988272,478294678,127.259,2.257,129.404,0.0,33.321,1
1785988272,544936035,111.173,2.551,113.601,-33.321,33.321,1
1785988272,578256836,125.745,2.844,128.473,0.0,66.657,1
1785988272,644913818,97.22,2.293,99.367,0.0,33.328,1
1785988272,678242188,113.971,2.411,116.262,0.0,33.328,1
1785988272,711570068,131.725,3.741,135.306,0.0,66.655,1
1785988272,778225098,112.503,2.833,115.159,0.0,33.327,1
1785988272,811552246,141.829,2.415,144.123,0.0,66.654,1
1785988272,878205811,129.4,2.389,131.687,0.0,66.653,1
1785988272,911532227,155.13,2.373,157.388,0.0,99.978,1
1785988273,11509766,100.761,2.952,103.513,0.0,33.325,1
1785988273,44835205,128.692,2.17,130.761,0.0,66.65,1
1785988273,111484863,97.415,2.684,99.974,0.0,33.325,1
1785988273,144809570,99.641,4.711,104.224,0.0,33.324,1
1785988273,178133789,116.829,2.561,119.269,0.0,33.324,1
1785988273,244781494,100.302,2.449,102.633,0.0,33.323,1
1785988273,278104980,107.903,2.877,110.637,0.0,33.323,1
1785988273,311428223,126.589,2.731,129.189,0.0,66.646,1
1785988273,378073975,101.624,5.2,106.701,0.0,33.322,1
1785988273,411396240,106.15,4.578,110.562,0.0,33.322,1
1785988273,444718506,114.946,2.816,117.57,0.0,33.322,1
1785988273,478040527,127.807,2.291,129.981,0.0,33.322,1
1785988273,544683594,116.196,2.659,118.721,-33.322,33.322,1
1785988273,578005127,129.335,3.021,132.231,0.0,66.905,1
1785988273,644909912,103.731,2.196,105.817,0.0,33.454,1
1785988273,678363525,127.552,2.465,129.906,0.0,66.91,1
1785988273,745273193,101.652,3.512,104.988,0.0,33.456,1
1785988273,778729248,126.981,3.72,130.563,0.0,66.915,1
1785988273,812186279,128.845,2.772,131.499,0.0,66.916,1
1785988273,879102539,117.48,2.593,119.673,0.0,33.459,1
1785988273,912561768,146.077,2.531,148.495,0.0,66.921,1
1785988273,979483154,128.144,2.974,130.992,0.0,33.462,1
1785988274,46407471,110.141,2.718,112.618,-33.463,-33.463,1
1785988274,79871094,121.578,3.551,125.004,33.464,66.929,1
1785988274,146800293,97.715,3.596,101.195,0.0,33.466,1
1785988274,180266357,124.233,2.13,126.214,0.0,33.467,1
1785988274,247200684,107.552,2.883,110.281,-33.468,-33.468,1
1785988274,280668945,120.509,2.804,123.177,33.469,33.469,1
1785988274,347608154,91.79,2.73,94.391,-33.47,33.471,1
1785988274,381079102,112.729,2.398,114.992,0.0,33.472,1
1785988274,414550781,127.152,2.869,129.871,0.0,66.946,1
1785988274,481496582,120.003,2.352,122.235,0.0,66.949,1
1785988274,514970703,126.285,2.71,128.877,0.0,33.475,1
1785988274,581918457,98.135,2.934,100.79,33.327,33.327,1
1785988274,615245605,120.404,3.019,123.291,0.0,66.654,1
1785988274,681899414,96.049,2.875,98.799,0.0,33.326,1
1785988274,715225830,122.919,2.808,125.592,0.0,66.652,1
1785988274,781877930,95.666,6.189,101.736,0.0,33.326,1
1785988274,815203613,108.659,6.714,115.244,0.0,33.325,1
1785988274,848529053,127.231,2.893,129.999,0.0,66.65,1
1785988274,915178955,126.697,3.7,128.65,0.0,66.649,1
1785988274,981827881,114.111,3.582,117.563,0.0,33.324,1
1785988275,15151855,129.527,13.641,143.015,0.0,66.647,1
1785988275,81798828,106.215,2.899,108.971,0.0,33.323,1
1785988275,115122070,122.644,4.055,126.585,0.0,66.646,1
1785988275,181767578,101.083,2.839,103.771,0.0,33.323,1
1785988275,215090088,123.547,2.588,126.023,0.0,66.644,1
1785988275,281733887,95.993,4.089,99.962,0.0,33.322,1
1785988275,315055420,103.069,3.259,106.191,0.0,33.321,1
1785988275,348376709,121.257,2.642,123.781,0.0,33.321,1
1785988275,415018311,95.247,2.629,97.749,33.321,33.321,1
1785988275,448338867,106.006,3.279,109.15,0.0,33.32,1
1785988275,481658936,124.339,2.38,126.606,0.0,66.64,1
1785988275,548298584,100.732,2.639,103.241,0.0,33.32,1
1785988275,581618652,124.885,2.266,127.043,0.0,66.752,1
1785988275,648370850,96.212,4.156,100.213,0.0,33.405,1
1785988275,681775391,113.845,2.551,116.179,0.0,33.405,1
1785988275,715179932,122.882,2.389,125.144,0.0,66.81,1
1785988275,781989746,100.535,7.365,107.637,0.0,33.405,1
1785988275,815395020,130.171,4.195,134.242,0.0,66.811,1
1785988275,882206055,102.011,3.409,105.295,0.0,33.406,1
1785988275,915612061,132.012,2.494,134.375,0.0,33.406,1
1785988275,982424561,109.722,2.588,112.175,-33.406,33.406,1
1785988276,15831055,124.847,2.501,127.214,0.0,66.814,1
1785988276,82645020,112.205,2.44,114.497,0.0,33.407,1
1785988276,116052246,145.545,3.244,148.655,0.0,66.815,1
1785988276,182867432,124.829,2.431,127.112,0.0,33.408,1
1785988276,249683594,97.399,5.373,102.646,-33.408,-33.408,1
1785988276,283091797,113.691,3.198,116.767,33.409,33.409,1
1785988276,316500488,121.017,3.121,124.024,0.0,66.818,1
1785988276,383318359,93.765,2.585,96.204,0.0,33.409,1
1785988276,416727539,97.079,2.581,99.544,0.0,33.409,1
1785988276,483546631,93.542,2.158,95.57,0.0,33.41,1
1785988276,516956543,100.872,3.494,104.238,0.0,33.41,1
1785988276,583777100,88.41,3.11,91.254,0.0,33.409,1
1785988276,617186279,95.595,3.45,98.923,0.0,33.405,1
1785988276,650591553,109.059,2.538,111.471,0.0,33.406,1
1785988276,683997559,122.769,2.272,124.932,0.0,66.814,1
1785988276,750811768,108.451,3.017,111.342,0.0,33.408,1
1785988276,784219971,127.799,2.412,130.066,0.0,66.819,1
1785988276,851039063,111.742,3.624,115.222,0.0,33.411,1
1785988276,884449707,158.889,2.447,161.194,0.0,100.236,1
1785988276,984686035,98.979,4.102,102.742,0.0,33.414,1
1785988277,18099609,118.52,2.918,121.304,0.0,66.83,1
1785988277,84929443,91.982,3.204,95.05,0.0,33.416,1
1785988277,118345459,101.087,3.202,104.163,0.0,33.417,1
1785988277,185179688,91.991,2.377,94.253,0.0,33.418,1
1785988277,218597900,116.319,2.833,119.028,0.0,33.419,1
1785988277,252017090,127.673,4.841,132.401,0.0,66.84,1
1785988277,318857422,120.873,2.575,123.282,0.0,66.844,1
1785988277,385700928,94.144,2.682,96.686,0.0,33.423,1
1785988277,419123779,99.147,2.824,101.851,0.0,33.424,1
1785988277,452547607,119.02,2.709,121.587,0.0,66.85,1
1785988277,519397217,97.247,13.302,110.421,0.0,33.426,1
1785988277,552823242,107.243,2.819,109.93,0.0,0.0,1
1785988277,619675781,92.774,2.626,95.282,0.0,0.0,1
1785988277,653088867,96.438,2.861,99.15,-33.413,33.413,1
1785988277,686501953,106.941,2.472,109.297,0.0,33.413,1
1785988277,719915283,121.456,3.81,125.134,0.0,66.828,1
1785988277,786743164,106.886,2.237,109.004,0.0,33.414,1
1785988277,820157471,139.475,9.079,148.42,0.0,66.83,1
1785988277,886987305,125.436,2.357,127.613,0.0,66.831,1
1785988277,953817871,99.912,3.217,103.008,0.0,33.416,1
1785988277,987233887,117.575,2.829,120.279,0.0,33.416,1
1785988278,54066406,92.109,4.618,96.605,-33.417,33.417,1
1785988278,87482910,98.91,3.181,101.965,0.0,33.417,1
1785988278,120900146,118.569,4.41,122.857,0.0,66.835,1
1785988278,187734863,98.884,9.162,107.786,0.0,33.418,1
1785988278,221152832,118.519,2.379,120.785,0.0,66.837,1
1785988278,287989502,90.158,2.474,92.512,0.0,33.419,1
1785988278,321408203,105.964,4.29,110.138,0.0,0.0,1
1785988278,354827148,123.767,3.407,126.997,-33.419,66.839,1
1785988278,421666260,101.998,5.537,107.007,0.0,33.42,1
1785988278,455086182,120.396,2.714,122.991,0.0,66.841,1
1785988278,521927002,105.619,2.878,108.335,0.0,33.421,1
1785988278,555347900,117.719,2.742,120.324,0.0,33.421,1
1785988278,622188965,90.735,2.956,93.564,-33.42,33.444,1
1785988278,655632813,114.836,3.011,117.722,0.0,66.89,1
1785988278,722522461,87.066,2.841,89.761,0.0,33.446,1
1785988278,755968506,92.416,7.509,99.796,0.0,33.447,1
1785988278,789415283,117.412,2.493,119.747,0.0,66.896,1
1785988278,856311279,112.1,2.029,114.022,0.0,33.449,1
1785988278,889760254,130.715,3.847,134.152,0.0,66.9,1
1785988278,956660645,131.006,2.64,133.525,0.0,66.904,1
1785988279,23564209,113.383,4.569,117.828,0.0,33.453,1
1785988279,90470703,100.818,7.499,108.208,0.0,33.455,1
1785988279,123925293,121.0,2.079,122.977,0.0,66.911,1
1785988279,190836426,88.324,2.427,90.631,0.0,33.457,1
1785988279,224293213,104.759,2.218,106.867,0.0,33.458,1
1785988279,257750732,120.611,3.152,123.637,0.0,66.917,1
1785988279,324667969,90.437,9.219,99.51,0.0,33.46,1
1785988279,358127686,106.241,2.336,108.42,0.0,33.461,1
1785988279,391588379,117.975,3.437,121.297,0.0,66.923,1
1785988279,458511719,96.476,2.758,99.106,0.0,33.463,1
1785988279,491974609,112.657,2.459,114.987,0.0,33.464,1
1785988279,558902588,85.764,2.599,88.216,-33.464,33.465,1
1785988279,592367676,97.975,3.872,101.675,0.0,33.464,1
1785988279,625831543,105.138,3.731,108.758,0.0,33.379,1
1785988279,659210449,117.579,2.924,120.384,0.0,66.81,1
1785988279,726020508,116.453,2.796,119.093,0.0,66.811,1
1785988279,792831787,102.223,4.759,106.861,0.0,33.406,1
1785988279,826237549,121.344,5.552,126.559,0.0,66.812,1
1785988279,859643799,140.301,5.927,146.112,0.0,66.813,1
1785988279,926456543,119.625,2.412,121.911,0.0,33.407,1
1785988279,993270264,96.648,3.11,99.633,-33.407,33.407,1
1785988280,26677734,119.575,2.58,122.026,0.0,66.815,1
1785988280,93492676,91.162,4.611,95.601,0.0,33.408,1
1785988280,126900635,105.595,2.169,107.651,0.0,33.408,1
1785988280,160308838,113.109,2.646,115.63,0.0,66.817,1
1785988280,227125732,88.541,2.733,91.147,0.0,33.409,1
1785988280,260534668,104.106,6.425,110.416,0.0,0.0,1
1785988280,293943604,116.829,11.952,128.649,-33.409,66.819,1
1785988280,360762207,100.831,2.55,103.246,0.0,33.41,1
1785988280,394172119,113.203,2.818,115.901,0.0,66.82,1
1785988280,460992188,86.3,2.454,88.64,0.0,33.41,1
1785988280,494402588,101.402,2.39,103.677,0.0,33.41,1
1785988280,527812988,114.105,2.454,116.444,0.0,66.822,1
1785988280,594635010,96.452,3.551,99.834,0.0,0.0,1
1785988280,628046143,115.554,3.017,118.444,33.411,66.738,1
1785988280,694783691,103.23,5.748,108.846,0.0,33.326,1
1785988280,728110107,113.37,2.567,115.818,0.0,66.652,1
1785988280,794761963,86.607,2.267,88.756,0.0,33.325,1
1785988280,828087402,105.469,2.783,108.131,0.0,33.325,1
1785988280,861412598,128.029,2.867,130.719,0.0,66.65,1
1785988280,928062256,119.141,2.53,121.543,0.0,66.648,1
1785988280,994710449,98.461,4.639,102.964,0.0,33.324,1
1785988281,28034180,111.794,2.694,114.371,0.0,66.646,1
1785988281,94680664,86.388,2.78,89.042,0.0,0.0,1
1785988281,128003662,100.785,3.148,103.793,33.323,33.323,1
1785988281,161326172,120.034,2.263,122.177,0.0,66.644,1
1785988281,227970459,90.775,2.582,93.169,0.0,33.322,1
1785988281,261291992,102.731,3.721,106.311,0.0,33.321,1
1785988281,294613281,111.623,2.431,113.933,0.0,33.321,1
1785988281,361255127,85.655,3.224,88.646,33.321,33.321,1
1785988281,394575684,92.275,2.809,94.945,0.0,33.32,1
1785988281,427895752,101.696,2.489,104.061,0.0,33.32,1
1785988281,461215820,115.853,2.684,118.413,0.0,66.639,1
1785988281,527854492,100.226,3.298,103.286,0.0,33.319,1
1785988281,561173584,112.878,2.581,115.34,0.0,66.637,1
1785988281,627810547,87.622,2.491,89.996,0.0,33.32,1
1785988281,661130127,101.248,2.6,103.723,0.0,0.0,1
1785988281,694448975,118.377,2.378,120.633,-33.319,66.636,1
1785988281,761085449,96.918,2.789,99.572,0.0,33.318,1
1785988281,794403076,112.409,2.169,114.471,0.0,66.635,1
1785988281,861037598,116.611,2.965,119.347,0.0,66.633,1
1785988281,927670410,109.153,2.768,111.798,0.0,66.632,1
1785988281,960986572,115.224,4.15,119.221,0.0,66.631,1
1785988282,27617432,103.114,3.003,105.889,0.0,33.315,1
1785988282,60932373,118.725,3.062,121.664,0.0,66.629,1
1785988282,127561279,92.352,5.617,97.824,0.0,33.314,1
1785988282,160875244,107.297,3.202,110.356,0.0,33.314,1
1785988282,194188965,120.949,2.207,123.048,0.0,66.626,1
1785988282,260815186,89.411,1.991,91.29,0.0,33.312,1
1785988282,294127686,94.202,6.377,100.278,0.0,33.312,1
1785988282,327439941,114.579,4.145,118.581,0.0,66.624,1
1785988282,394063477,88.239,3.093,91.2,0.0,33.311,1
1785988282,427374512,95.683,6.843,102.383,0.0,33.311,1
1785988282,460685547,115.072,2.613,117.579,0.0,66.621,1
1785988282,527306152,94.065,3.265,97.176,0.0,33.31,1
1785988282,560615967,110.988,2.722,113.585,0.0,33.31,1
1785988282,593925537,118.29,4.26,122.315,0.0,66.62,1
1785988282,660545166,90.65,3.385,93.895,0.0,33.337,1
1785988282,693882080,112.704,2.977,115.559,0.0,66.674,1
1785988282,760555664,92.348,2.757,94.966,0.0,33.336,1
1785988282,793891846,107.264,3.917,111.046,0.0,33.336,1
1785988282,827228027,126.309,2.332,128.527,0.0,0.0,1
1785988282,893899658,121.487,2.47,123.817,33.335,66.671,1
1785988282,960570313,104.702,3.034,107.633,0.0,33.335,1
1785988282,993905273,132.782,3.765,136.423,0.0,66.669,1
1785988283,60574463,103.27,2.424,105.569,0.0,33.334,1
1785988283,127242920,87.833,2.093,89.82,0.0,33.334,1
1785988283,160576660,103.589,2.813,106.26,0.0,33.333,1
1785988283,193910156,119.061,2.928,121.872,0.0,66.667,1
1785988283,260576660,90.072,10.246,100.2,0.0,33.333,1
1785988283,293909668,99.68,2.863,102.399,0.0,33.333,1
1785988283,327242188,109.159,2.267,111.3,0.0,33.333,1
1785988283,360574707,122.792,2.032,124.725,0.0,66.664,1
1785988283,427239014,115.404,2.977,118.265,0.0,66.663,1
1785988283,493902100,88.564,2.476,90.917,0.0,33.331,1
1785988283,527233398,101.021,4.227,105.121,0.0,33.331,1
1785988283,560564453,113.519,3.903,117.304,0.0,33.331,1
1785988283,627225830,88.296,2.693,90.868,0.0,33.331,1
1785988283,660557129,93.011,6.025,98.898,0.0,33.317,1
1785988283,693873779,107.261,2.94,110.079,0.0,33.316,1
1785988283,727190186,118.176,2.771,120.807,0.0,66.632,1
1785988283,793821777,91.009,3.057,93.935,0.0,33.315,1
1785988283,827136963,119.058,3.225,122.162,0.0,66.629,1
1785988283,893766357,107.71,5.774,113.355,0.0,33.314,1
1785988283,927080322,120.201,2.273,122.364,0.0,66.627,1
1785988284,27020508,94.394,2.887,97.165,0.0,33.313,1
1785988284,60333252,115.068,4.741,119.687,0.0,66.624,1
1785988284,126957520,89.91,2.979,92.76,0.0,33.312,1
1785988284,160269043,106.711,2.57,109.155,0.0,33.311,1
1785988284,193580078,118.234,4.402,122.136,0.0,33.311,1
1785988284,260201416,102.216,4.829,106.756,0.0,33.31,1
1785988284,293511475,116.896,2.459,119.232,0.0,66.619,1
1785988284,360130615,101.988,6.807,108.624,0.0,33.309,1
1785988284,393439697,113.961,2.668,116.498,0.0,66.617,1
1785988284,426748291,125.583,3.233,128.663,0.0,66.616,1
1785988284,493364502,104.21,2.384,106.481,0.0,33.307,1
1785988284,526671875,106.416,2.438,108.721,0.0,33.307,1
1785988284,559979004,123.057,3.163,126.103,0.0,66.613,1
1785988284,626592285,97.078,3.484,100.35,0.0,33.308,1
1785988284,659899902,116.042,2.384,118.304,0.0,66.638,1
1785988284,726537842,88.876,2.64,91.383,0.0,33.319,1
1785988284,759856445,99.529,6.284,105.695,0.0,33.318,1
1785988284,793174561,111.102,2.054,113.068,0.0,66.635,1
1785988284,893127197,89.302,2.604,91.799,0.0,33.317,1
1785988284,926444092,130.133,2.447,132.462,0.0,66.633,1
1785988284,993076904,119.943,2.646,122.466,0.0,66.631,1
1785988285,59708252,94.816,3.447,98.144,0.0,33.315,1
1785988285,93023438,117.649,2.43,119.959,0.0,66.629,1
1785988285,159652832,91.585,12.362,103.794,0.0,33.314,1
1785988285,192967041,101.946,3.173,104.984,0.0,33.314,1
1785988285,226281006,119.611,3.034,122.378,0.0,66.627,1
1785988285,292907715,90.622,2.552,93.046,0.0,33.313,1
1785988285,326220703,113.186,2.413,115.482,0.0,66.625,1
1785988285,359533203,122.419,2.301,124.596,0.0,66.624,1
1785988285,426157471,100.548,2.876,103.279,0.0,33.312,1
1785988285,459468994,119.003,2.275,121.164,0.0,66.622,1
1785988285,526091064,89.269,4.918,94.011,0.0,33.311,1
1785988285,559401611,98.819,6.847,105.522,0.0,33.31,1
1785988285,592711914,120.029,2.177,122.089,0.0,66.621,1
1785988285,659332520,94.315,2.797,97.0,0.0,0.0,1
1785988285,692651123,102.639,2.642,105.129,33.318,33.318,1
1785988285,725969482,111.051,2.682,113.618,0.0,33.318,1
1785988285,792605225,89.805,2.907,92.578,33.317,33.317,1
1785988285,825922363,118.137,2.464,120.484,0.0,33.317,1
1785988285,892555908,103.594,3.091,106.577,-33.316,33.316,1
1785988285,959188232,95.57,6.127,101.557,0.0,33.316,1
1785988285,992503906,118.196,2.685,120.733,0.0,66.63,1
1785988286,59134033,96.495,2.937,99.298,0.0,33.314,1
1785988286,92448486,118.41,2.385,120.684,0.0,66.628,1
1785988286,159076660,93.308,2.686,95.859,0.0,33.313,1
1785988286,192390137,110.845,4.705,115.414,0.0,33.313,1
1785988286,225703369,120.29,2.503,122.589,0.0,66.625,1
1785988286,292328857,102.88,4.146,106.867,0.0,33.312,1
1785988286,325640869,116.204,2.878,118.968,0.0,33.312,1
1785988286,358952881,120.541,2.694,123.113,0.0,66.623,1
1785988286,425575439,101.094,9.651,110.118,0.0,33.311,1
1785988286,458886230,117.955,2.782,120.605,0.0,66.621,1
1785988286,525506836,97.929,2.302,100.109,0.0,33.31,1
1785988286,558816650,116.584,3.379,119.835,0.0,33.31,1
1785988286,592126221,125.833,2.335,128.048,0.0,66.619,1
1785988286,658745117,97.091,3.052,99.939,0.0,33.318,1
1785988286,692063477,110.319,2.642,112.836,0.0,33.318,1
1785988286,725381592,125.023,2.167,127.078,0.0,66.635,1
1785988286,792016602,96.076,2.377,98.336,0.0,33.317,1
1785988286,825333496,119.774,2.614,122.264,0.0,33.317,1
1785988286,891966309,117.173,2.523,119.574,0.0,33.316,1
1785988286,925282227,138.295,3.692,141.87,0.0,66.631,1
1785988286,991913086,116.957,2.127,118.978,0.0,66.629,1
1785988287,25227783,129.074,3.208,132.124,0.0,66.629,1
1785988287,91856445,118.208,2.542,120.625,0.0,33.314,1
1785988287,158483643,93.409,2.618,95.9,33.313,33.313,1
1785988287,191796875,117.593,2.471,119.934,0.0,66.625,1
1785988287,225109375,137.818,4.57,142.167,0.0,33.312,1
1785988287,291733887,120.428,2.731,122.78,33.312,66.623,1
1785988287,358356689,97.413,7.839,104.387,0.0,33.311,1
1785988287,391667725,119.612,2.192,121.693,0.0,66.621,1
1785988287,458288574,100.627,3.23,103.722,0.0,33.31,1
1785988287,491598389,122.926,2.209,125.032,0.0,66.619,1
1785988287,558217041,93.457,2.881,96.218,0.0,33.309,1
1785988287,591525879,99.347,6.256,105.456,0.0,0.0,1
1785988287,624834473,122.466,2.228,124.575,-33.309,66.626,1
1785988287,691460693,92.401,2.315,94.596,0.0,33.317,1
1785988287,724777832,100.163,2.553,102.588,0.0,33.317,1
1785988287,824726563,89.472,3.815,93.158,0.0,33.316,1
1785988287,891357422,96.791,7.061,103.381,33.315,33.315,1
1785988287,924672119,125.629,3.191,128.685,0.0,66.629,1
1785988287,991300781,127.258,2.375,129.51,0.0,66.627,1
1785988288,24614502,138.118,4.454,142.415,0.0,66.626,1
1785988288,91240967,124.635,2.58,127.093,0.0,66.625,1
1785988288,157865967,97.321,3.342,100.525,0.0,33.312,1
1785988288,191177734,105.2,4.285,109.084,0.0,33.312,1
1785988288,224489258,125.893,2.364,128.091,0.0,66.622,1
1785988288,291111328,97.096,2.822,99.799,0.0,33.311,1
1785988288,324421875,122.85,3.406,126.039,0.0,66.62,1
1785988288,357732178,128.414,2.571,130.863,0.0,66.619,1
1785988288,424351318,121.152,2.675,123.601,0.0,66.618,1
1785988288,490968994,97.614,2.509,100.0,0.0,33.308,1
1785988288,524277344,122.123,3.081,125.078,0.0,66.615,1
1785988288,557585205,129.389,3.022,132.298,0.0,66.615,1
1785988288,624200195,101.677,4.058,105.601,0.0,33.308,1
1785988288,657507813,120.445,2.724,123.045,0.0,66.635,1
1785988288,690825684,126.33,2.78,128.991,0.0,66.634,1
1785988288,757459961,111.733,3.814,115.014,0.0,33.317,1
1785988288,790776611,143.202,7.476,150.566,0.0,66.632,1
1785988288,857408936,97.111,5.468,102.456,0.0,0.0,1
1785988288,890724609,127.995,3.881,131.748,33.315,66.63,1
1785988288,957354736,136.174,3.993,140.009,0.0,66.629,1
1785988289,23983398,124.785,2.543,127.209,0.0,66.627,1
1785988289,90610840,96.99,2.552,99.429,0.0,33.313,1
1785988289,123923828,122.577,3.168,125.631,0.0,66.625,1
1785988289,190549072,94.096,2.497,96.462,0.0,33.312,1
1785988289,223861084,104.251,3.039,107.161,0.0,33.312,1
1785988289,257172852,123.701,2.795,126.374,0.0,33.311,1
1785988289,323795166,102.634,4.254,106.605,33.311,33.311,1
1785988289,357105713,117.856,2.814,120.554,0.0,33.31,1
1785988289,390416016,122.866,2.514,125.256,0.0,66.619,1
1785988289,457035400,100.334,2.659,102.867,0.0,33.309,1
1785988289,490344727,121.42,3.865,125.101,0.0,66.617,1
1785988289,556961914,99.463,3.301,102.614,0.0,33.308,1
1785988289,590270020,126.445,3.384,129.701,0.0,66.616,1
1785988289,656885986,95.766,2.507,98.154,0.0,33.363,1
1785988289,690248535,113.773,2.417,116.068,0.0,33.363,1
1785988289,723611328,122.544,2.477,124.894,0.0,66.726,1
1785988289,790337402,98.196,2.487,100.56,0.0,33.363,1
1785988289,823700684,109.91,2.498,112.288,0.0,33.364,1
1785988289,857064453,133.253,7.003,140.064,0.0,66.728,1
1785988289,923792480,128.781,2.384,131.034,0.0,66.729,1
1785988289,990521484,112.533,2.376,114.796,0.0,0.0,1
1785988290,23886230,132.158,1.996,134.063,-33.365,66.73,1
1785988290,90616699,122.4,3.221,125.503,0.0,66.731,1
1785988290,157347900,100.882,4.702,105.349,0.0,33.366,1
1785988290,190713867,112.247,3.841,115.954,0.0,33.366,1
1785988290,224080322,124.625,2.57,127.076,0.0,66.733,1
1785988290,290813477,96.087,2.777,98.733,0.0,33.367,1
1785988290,324180420,117.06,2.709,119.644,0.0,33.367,1
1785988290,357547607,124.39,2.502,126.685,0.0,66.735,1
1785988290,424282715,101.52,2.301,103.694,0.0,33.368,1
1785988290,457650635,124.209,2.307,126.395,0.0,66.737,1
1785988290,524387207,104.599,2.438,106.914,0.0,33.369,1
1785988290,557755859,128.812,2.855,131.54,0.0,66.738,1
1785988290,624493896,106.189,3.413,109.386,0.0,0.0,1
1785988290,657862305,114.142,5.546,119.58,33.325,33.325,1
1785988290,691187256,123.797,2.798,126.476,0.0,66.649,1
1785988290,757835938,96.194,2.726,98.802,0.0,33.324,1
1785988290,791159668,105.027,6.765,111.634,0.0,33.324,1
1785988290,824483398,130.95,2.385,133.229,0.0,66.646,1
1785988290,891129639,109.559,3.637,113.054,0.0,33.323,1
1785988290,924452393,128.742,3.56,132.18,0.0,33.323,1
1785988290,991096924,116.892,2.596,119.371,0.0,33.322,1
1785988291,24418701,127.524,2.742,130.062,0.0,66.643,1
1785988291,91061523,115.657,3.229,118.759,0.0,33.321,1
1785988291,124382568,123.04,2.583,125.523,0.0,66.641,1
1785988291,191023438,113.641,3.216,116.737,0.0,33.32,1
1785988291,224343506,128.92,2.478,131.271,0.0,66.639,1
1785988291,290982666,112.95,2.84,115.658,0.0,33.319,1
1785988291,324302002,124.637,2.716,126.926,0.0,66.637,1
1785988291,390939453,113.527,2.523,115.916,0.0,33.318,1
1785988291,424257813,122.337,2.704,124.917,0.0,66.635,1
1785988291,457575684,133.175,3.505,136.566,0.0,66.635,1
1785988291,524210938,123.129,2.534,125.542,0.0,66.634,1
1785988291,590844727,97.462,2.555,99.883,0.0,0.0,1
1785988291,624161377,118.511,2.397,120.793,-33.317,66.735,1
1785988291,657528564,132.717,2.653,135.245,0.0,66.735,1
1785988291,724263916,119.509,1.937,121.356,0.0,66.736,1
1785988291,757632080,129.361,2.424,131.673,0.0,66.737,1
1785988291,824368896,108.519,3.626,112.02,0.0,0.0,1
1785988291,857737793,126.855,2.558,129.284,-33.369,-33.369,1
1785988291,924476318,118.946,5.041,123.859,33.37,33.37,1
1785988291,957845947,128.536,2.115,130.542,0.0,66.74,1
1785988292,24585938,116.683,2.984,119.542,0.0,33.37,1
1785988292,57956299,126.635,3.96,130.245,0.0,66.742,1
1785988292,124697998,101.791,4.695,106.295,0.0,33.371,1
1785988292,158069092,115.03,2.337,117.244,0.0,33.372,1
1785988292,191440674,138.657,5.165,143.671,0.0,66.744,1
1785988292,258184326,125.701,2.3,127.874,0.0,66.745,1
1785988292,324929199,101.93,5.772,107.546,0.0,33.373,1
1785988292,358301758,123.623,4.216,127.687,0.0,66.746,1
1785988292,425048096,97.527,3.76,101.151,0.0,33.374,1
1785988292,458421631,116.05,5.044,120.981,0.0,33.374,1
1785988292,491795654,123.157,2.107,125.164,0.0,33.374,1
1785988292,558543945,106.357,2.433,108.545,-33.374,33.375,1
1785988292,591918457,118.295,5.149,123.312,0.0,33.374,1
1785988292,625292480,137.816,5.317,142.986,0.0,33.341,1
1785988292,692045654,99.801,2.555,102.235,-33.412,-33.412,1
1785988292,725458008,124.753,2.21,126.834,33.413,66.826,1
1785988292,792283936,95.262,2.556,97.692,0.0,33.414,1
1785988292,825697510,114.885,2.592,117.366,0.0,33.414,1
1785988292,859111084,122.015,2.334,124.145,0.0,66.828,1
1785988292,925939453,106.471,2.349,108.623,0.0,33.415,1
1785988292,959354004,132.582,2.178,134.661,0.0,66.83,1
1785988293,26184082,120.773,2.555,123.201,0.0,66.831,1
1785988293,93015381,107.613,2.201,109.706,0.0,33.416,1
1785988293,126431396,111.489,3.607,114.966,0.0,33.417,1
1785988293,159847900,122.102,2.622,124.615,0.0,66.833,1
1785988293,226681396,112.775,2.374,115.025,0.0,33.417,1
1785988293,260098633,134.401,2.667,136.877,0.0,66.835,1
1785988293,326934082,127.01,2.055,128.963,0.0,66.837,1
1785988293,393770752,99.515,2.733,102.126,0.0,33.419,1
1785988293,427189453,107.873,4.12,111.857,0.0,33.419,1
1785988293,460608643,121.895,2.471,124.251,0.0,66.839,1
1785988293,527447510,99.742,2.678,102.218,0.0,33.42,1
1785988293,560867432,126.546,2.005,128.447,0.0,66.841,1
1785988293,627708252,100.736,2.413,103.023,0.0,33.419,1
1785988293,661127197,107.586,2.49,109.957,0.0,33.369,1
1785988293,694496338,121.764,3.476,125.125,0.0,66.739,1
1785988293,761235107,100.792,3.527,104.185,0.0,33.37,1
1785988293,794604736,107.449,3.867,111.196,0.0,33.37,1
1785988293,861345215,103.637,3.148,106.666,-33.37,33.371,1
1785988293,894716064,113.391,2.522,115.792,0.0,33.371,1
1785988293,928086914,136.858,3.993,140.394,0.0,66.743,1
1785988293,994829834,125.415,2.909,128.166,0.0,66.744,1
1785988294,61573730,99.311,3.782,102.958,0.0,33.372,1
1785988294,94946045,107.389,5.609,112.852,0.0,33.373,1
1785988294,128318604,123.204,2.177,125.282,0.0,66.746,1
1785988294,195064941,102.212,3.326,105.363,0.0,33.374,1
1785988294,228438477,128.309,2.535,130.726,0.0,66.748,1
1785988294,295186279,101.622,5.329,106.81,0.0,33.375,1
1785988294,328560791,123.283,2.579,125.741,0.0,66.75,1
1785988294,395310303,96.688,2.32,98.888,0.0,33.375,1
1785988294,428685547,110.995,4.898,115.599,0.0,33.376,1
1785988294,462061279,124.742,2.185,126.808,0.0,66.752,1
1785988294,528813232,95.917,2.397,98.175,0.0,33.376,1
1785988294,562189453,123.139,2.406,125.425,0.0,66.754,1
1785988294,628943115,98.491,2.714,101.074,0.0,33.377,1
1785988294,662319824,120.71,2.856,123.434,0.0,66.747,1
1785988294,729066895,94.147,2.512,96.509,0.0,33.374,1
1785988294,762441162,101.657,2.411,103.953,0.0,33.374,1
1785988294,795815430,137.76,2.273,139.916,0.0,66.75,1
1785988294,862565186,102.442,2.278,104.601,0.0,33.375,1
1785988294,895940674,128.767,2.221,130.87,0.0,66.751,1
1785988294,962692139,101.113,2.664,103.638,0.0,33.376,1
1785988294,996068604,120.596,2.594,123.068,0.0,66.753,1
1785988295,62822021,97.741,12.194,109.803,0.0,33.377,1
1785988295,96199463,104.727,7.106,111.694,0.0,33.377,1
1785988295,129576904,119.909,3.321,123.106,0.0,66.756,1
1785988295,196333008,91.937,2.83,94.655,0.0,33.379,1
1785988295,229711670,122.092,2.57,124.532,0.0,33.379,1
1785988295,296469727,98.416,2.636,100.912,-33.379,33.379,1
1785988295,329849121,125.015,3.699,128.602,0.0,66.76,1
1785988295,396609131,104.709,4.276,108.818,0.0,33.38,1
1785988295,429989502,117.341,3.618,120.711,0.0,33.381,1
1785988295,463370361,124.554,3.697,128.128,0.0,66.762,1
1785988295,530132813,97.297,2.96,100.136,0.0,0.0,1
1785988295,563514404,123.624,2.808,126.307,-33.382,66.764,1
1785988295,630278809,95.817,2.93,98.509,0.0,33.382,1
1785988295,663660889,109.763,2.371,112.006,0.0,33.384,1
1785988295,697044678,123.835,2.387,126.101,0.0,66.769,1
1785988295,763813721,106.907,9.311,116.098,0.0,33.385,1
1785988295,797198975,130.257,3.752,133.892,0.0,66.771,1
1785988295,863970459,117.067,2.141,119.1,0.0,66.773,1
1785988295,930743652,99.846,3.117,102.837,0.0,33.387,1
1785988295,964130859,125.397,2.234,127.509,0.0,66.776,1
1785988296,30906494,119.345,2.038,121.255,0.0,66.777,1
1785988296,97683838,95.734,2.364,97.981,0.0,33.389,1
1785988296,131073242,111.212,2.59,113.673,0.0,33.39,1
1785988296,164462891,122.954,2.363,125.189,0.0,66.781,1
1785988296,231243652,103.121,6.589,108.42,0.0,33.391,1
1785988296,264634766,122.491,2.113,124.476,0.0,66.783,1
1785988296,331417969,113.7,2.648,116.221,0.0,33.392,1
1785988296,364810059,123.296,6.772,129.96,0.0,66.786,1
1785988296,431595947,98.037,5.49,103.368,0.0,33.393,1
1785988296,464989258,114.293,3.172,117.3,0.0,33.394,1
1785988296,498383301,123.596,2.773,126.101,0.0,66.789,1
1785988296,565172363,113.515,2.232,115.636,0.0,33.395,1
1785988296,598567383,125.449,2.019,127.371,0.0,66.791,1
1785988296,665358154,109.006,4.331,113.158,0.0,33.351,1
1785988296,698709473,122.033,2.838,124.744,0.0,66.703,1
1785988296,765412109,94.05,2.968,96.859,0.0,33.351,1
1785988296,798763184,111.878,12.899,124.659,0.0,33.351,1
1785988296,832114502,123.93,2.659,126.474,0.0,33.351,1
1785988296,898816650,121.875,2.149,123.918,0.0,66.702,1
1785988296,965518799,115.755,4.252,119.894,0.0,33.351,1
1785988297,32220703,96.365,3.027,99.253,33.351,33.351,1
1785988297,65571533,119.64,2.757,122.174,0.0,0.0,1
1785988297,132273193,90.207,2.305,92.409,33.351,33.351,1
1785988297,165624023,103.365,4.903,108.126,0.0,33.351,1
1785988297,198974609,120.55,2.793,123.227,0.0,66.701,1
1785988297,265676025,91.976,5.105,96.963,0.0,33.351,1
1785988297,299026611,109.701,2.689,112.241,0.0,33.351,1
1785988297,332377441,123.241,4.711,127.814,0.0,66.701,1
1785988297,399078369,106.979,2.203,109.052,0.0,33.351,1
1785988297,432428955,124.694,2.305,126.872,0.0,66.701,1
1785988297,499129639,101.921,2.792,104.577,0.0,33.35,1
1785988297,532479980,124.374,2.545,126.534,0.0,66.701,1
1785988297,599180664,104.714,14.787,119.371,0.0,33.35,1
1785988297,632531006,123.535,2.47,125.879,0.0,66.7,1
1785988297,699231201,94.824,2.724,97.432,0.0,33.35,1
1785988297,732580811,102.959,2.903,105.744,0.0,33.349,1
1785988297,765930176,122.672,2.078,124.643,0.0,66.699,1
1785988297,832629150,95.989,2.175,98.047,0.0,33.349,1
1785988297,865978516,133.608,2.216,135.704,0.0,66.698,1
1785988297,932676758,129.435,2.308,131.612,0.0,66.698,1
1785988297,999374756,118.019,2.227,120.146,0.0,33.349,1
1785988298,66072510,103.14,2.473,105.468,-33.349,-33.349,1
1785988298,99421387,119.52,2.094,121.515,33.349,33.349,1
1785988298,166118652,108.311,2.565,110.753,-33.349,33.349,1
1785988298,199467285,127.117,2.455,129.455,0.0,66.697,1
1785988298,266164063,100.367,2.881,102.97,0.0,33.348,1
1785988298,299512451,119.074,2.357,121.321,0.0,66.696,1
1785988298,366208740,101.654,2.925,104.44,0.0,33.348,1
1785988298,399556885,116.172,2.238,118.296,0.0,33.348,1
1785988298,432904785,125.595,2.442,127.915,0.0,33.348,1
1785988298,499600586,107.005,2.522,109.416,33.348,33.348,1
1785988298,532948242,122.95,4.873,127.706,0.0,66.695,1
1785988298,599643555,98.77,6.643,105.3,0.0,33.347,1
1785988298,632990967,106.764,3.973,110.617,0.0,0.0,1
1785988298,666338867,123.831,2.394,126.106,-33.348,66.716,1
1785988298,733054932,94.365,2.714,96.955,0.0,33.358,1
1785988298,766413086,105.144,3.509,108.529,0.0,33.358,1
1785988298,799771240,112.4,2.674,114.953,0.0,33.358,1
1785988298,833129395,129.862,3.42,133.141,0.0,66.717,1
1785988298,899846191,129.195,2.628,131.674,0.0,66.717,1
1785988298,966562988,130.831,4.91,135.61,0.0,66.717,1
1785988299,33279785,123.448,2.953,126.273,0.0,66.717,1
1785988299,99997070,118.848,2.568,121.262,0.0,33.359,1
1785988299,166714355,95.448,2.353,97.677,-33.359,33.359,1
1785988299,200073242,123.458,2.658,125.989,0.0,66.718,1
1785988299,233431885,130.202,2.72,132.79,0.0,66.718,1
1785988299,300149658,106.314,2.745,108.921,0.0,33.359,1
1785988299,333508545,123.002,2.341,125.223,0.0,66.718,1
1785988299,400226807,104.887,2.994,107.741,0.0,0.0,1
1785988299,433585693,122.505,2.28,124.663,-33.359,66.718,1
1785988299,500303955,102.785,6.549,109.168,0.0,33.359,1
1785988299,533663330,124.657,2.935,127.466,0.0,66.719,1
1785988299,600381836,96.404,2.575,98.854,0.0,33.359,1
1785988299,633741211,124.202,2.556,126.64,0.0,66.709,1
1785988299,700450439,94.553,2.815,97.231,0.0,33.35,1
1785988299,733800049,101.853,3.414,105.036,0.0,33.35,1
1785988299,767149658,121.846,2.871,124.595,0.0,66.699,1
1785988299,833848633,93.272,2.153,95.299,0.0,33.35,1
1785988299,900547607,117.708,2.163,119.769,33.349,66.698,1
1785988299,933896729,128.456,2.453,130.779,0.0,33.349,1
1785988300,594971,109.771,2.585,112.239,-33.349,33.349,1
1785988300,33944092,124.922,2.526,127.307,0.0,66.698,1
1785988300,100642090,102.735,3.18,105.727,0.0,33.349,1
1785988300,133990723,123.177,2.116,125.194,0.0,66.698,1
1785988300,200688232,99.078,3.346,102.29,0.0,33.349,1
1785988300,234036865,121.68,2.524,124.086,0.0,33.349,1
1785988300,300733887,92.316,5.148,97.337,33.348,33.348,1
1785988300,334082275,110.679,2.289,112.843,0.0,33.348,1
1785988300,367430664,125.966,2.328,128.18,0.0,33.348,1
1785988300,434127197,122.192,2.451,124.529,-33.348,66.696,1
1785988300,500823242,91.898,3.833,95.574,0.0,33.348,1
1785988300,534171143,103.966,2.634,106.477,0.0,0.0,1
1785988300,567519043,122.645,3.043,125.514,-33.348,33.348,1
1785988300,634214600,105.988,3.783,109.613,-33.348,33.348,1
1785988300,700912598,92.067,2.69,94.62,0.0,33.35,1
1785988300,734262207,101.256,3.397,104.455,0.0,33.35,1
1785988300,767612061,125.268,2.07,127.234,0.0,66.699,1
1785988300,834311279,103.753,6.593,110.239,0.0,33.349,1
1785988300,867660645,129.434,5.431,134.687,0.0,66.699,1
1785988300,934359375,109.499,2.286,111.676,0.0,33.349,1
1785988300,967708740,144.426,5.315,149.374,0.0,66.698,1
1785988301,34406982,123.256,2.412,125.543,0.0,33.349,1
1785988301,101105225,92.842,2.647,95.367,33.349,33.349,1
1785988301,134454102,108.904,2.874,111.652,0.0,33.349,1
1785988301,167802979,122.216,4.649,126.744,0.0,66.697,1
1785988301,234500244,100.044,2.714,102.575,0.0,33.349,1
1785988301,267848877,110.713,2.815,113.373,0.0,33.349,1
1785988301,301197510,125.537,2.659,128.071,0.0,66.697,1
1785988301,367894531,100.581,2.727,103.16,0.0,33.348,1
1785988301,401242676,112.015,3.179,115.086,0.0,33.348,1
1785988301,434591064,136.718,2.734,139.326,0.0,0.0,1
1785988301,501287354,111.31,2.66,113.804,33.348,33.348,1
1785988301,534635498,126.089,2.503,128.464,0.0,66.696,1
1785988301,601331299,116.481,2.653,119.01,0.0,66.696,1
1785988301,634679199,123.75,1.967,125.625,0.0,66.698,1
1785988301,701376709,97.905,2.539,100.311,0.0,33.35,1
1785988301,734726318,110.491,2.359,112.711,0.0,33.349,1
1785988301,768075684,126.495,2.063,128.455,0.0,66.699,1
1785988301,834774414,99.805,2.802,102.48,0.0,33.349,1
1785988301,868123535,131.253,10.594,141.677,0.0,66.698,1
1785988301,934821777,115.984,2.673,118.541,0.0,33.349,1
1785988301,968170654,135.84,2.587,138.292,0.0,66.698,1
1785988302,34868408,127.664,2.121,129.678,0.0,66.698,1
1785988302,101565918,97.361,2.705,99.95,0.0,33.349,1
1785988302,134914551,126.478,1.954,128.323,0.0,66.697,1
1785988302,201611572,101.051,3.363,104.28,0.0,33.348,1
1785988302,234959961,118.431,2.065,120.392,0.0,66.697,1
1785988302,268308105,119.725,2.26,121.854,0.0,33.348,1
1785988302,335004639,96.88,2.697,99.448,33.348,33.348,1
1785988302,368352783,117.137,2.906,119.884,0.0,66.696,1
1785988302,401700684,128.305,2.523,130.703,0.0,66.696,1
1785988302,468396484,124.964,2.145,126.999,0.0,66.696,1
1785988302,535092041,96.939,2.622,99.417,0.0,0.0,1
1785988302,568439697,116.088,11.726,127.693,-33.348,33.348,1
1785988302,601787354,123.223,2.041,125.167,0.0,66.695,1
1785988302,668482422,118.919,2.041,120.863,0.0,66.858,1
1785988302,735340820,98.025,2.251,100.155,0.0,33.43,1
1785988302,768770752,114.687,2.173,116.752,0.0,33.43,1
1785988302,802200928,131.906,2.417,134.21,0.0,66.862,1
1785988302,835631592,147.208,2.591,149.65,0.0,66.863,1
1785988302,902494385,132.778,10.727,143.366,0.0,66.865,1
1785988302,969358887,106.724,3.847,110.437,0.0,33.433,1
1785988303,2791992,125.612,2.714,128.193,0.0,66.867,1
1785988303,69659180,122.102,2.589,124.468,0.0,66.869,1
1785988303,136528076,92.306,2.752,94.836,0.0,33.435,1
1785988303,169963135,109.852,3.45,113.177,0.0,33.436,1
1785988303,203398926,124.507,1.985,126.393,0.0,66.872,1
1785988303,270271240,91.912,2.589,94.376,0.0,33.437,1
1785988303,303708252,109.167,2.653,111.561,0.0,33.437,1
1785988303,337145508,122.27,2.351,124.51,0.0,66.876,1
1785988303,404021729,97.128,2.405,99.415,0.0,33.438,1
1785988303,470899414,90.277,2.789,92.89,0.0,33.439,1
1785988303,504338867,115.361,3.847,119.071,0.0,33.44,1
1785988303,537779053,122.526,2.598,124.862,0.0,66.881,1
1785988303,604660400,115.935,2.674,118.501,0.0,33.441,1
1785988303,638101563,119.637,2.608,122.121,0.0,0.0,1
1785988303,704962402,92.677,2.489,95.04,0.0,33.421,1
1785988303,738383545,102.924,2.832,105.624,0.0,33.422,1
1785988303,771805176,113.686,2.566,116.14,0.0,33.422,1
1785988303,805227051,136.21,3.369,139.42,0.0,66.845,1
1785988303,872072266,128.386,8.572,136.841,0.0,66.846,1
1785988303,938918701,111.882,2.219,113.995,0.0,33.424,1
1785988303,972342529,133.66,13.727,147.267,0.0,66.849,1
1785988304,39191162,121.733,2.341,123.92,0.0,66.85,1
1785988304,106041504,96.126,4.159,100.133,0.0,33.426,1
1785988304,139467041,108.123,3.491,111.479,0.0,33.426,1
1785988304,172893066,118.858,2.695,121.439,0.0,66.853,1
1785988304,239746338,89.914,2.799,92.576,0.0,0.0,1
1785988304,273173340,109.426,3.544,112.815,-33.427,33.427,1
1785988304,306600830,120.659,2.386,122.929,0.0,66.856,1
1785988304,373457031,91.883,6.013,97.768,0.0,33.428,1
1785988304,406885498,128.363,2.363,130.61,0.0,66.858,1
1785988304,440314453,142.104,2.195,144.189,0.0,66.859,1
1785988304,507173584,126.936,8.004,134.818,0.0,66.86,1
1785988304,574033936,114.73,2.358,116.967,0.0,66.862,1
1785988304,607464844,141.65,2.963,144.451,0.0,66.861,1
1785988304,674325928,118.521,2.667,121.066,0.0,66.67,1
1785988304,740996094,94.673,2.604,97.126,0.0,33.335,1
1785988304,774330811,106.202,2.676,108.758,0.0,33.334,1
1785988304,807665283,126.613,2.778,129.187,0.0,66.668,1
1785988304,874333496,128.261,2.658,130.776,0.0,66.668,1
1785988304,941001221,120.054,4.954,124.893,0.0,66.667,1
1785988305,7667969,96.295,2.796,98.942,0.0,33.333,1
1785988305,41000977,125.003,2.801,127.686,0.0,66.666,1
1785988305,107666504,106.966,2.621,109.449,0.0,33.333,1
1785988305,140999023,115.321,2.279,117.496,0.0,33.332,1
1785988305,174331299,117.445,5.486,122.776,0.0,66.664,1
1785988305,240995117,94.484,2.914,97.257,0.0,33.332,1
1785988305,274326904,109.369,7.195,116.458,0.0,33.331,1
1785988305,307658203,126.045,2.207,128.14,0.0,66.662,1
1785988305,374320557,100.924,3.222,103.952,0.0,33.331,1
1785988305,407651367,121.145,2.023,123.071,0.0,66.661,1
1785988305,474312500,102.092,2.438,104.404,0.0,0.0,1
1785988305,507642822,117.513,2.461,119.846,33.33,33.33,1
1785988305,574302490,93.044,3.055,95.964,-33.33,33.33,1
1785988305,607632324,117.217,3.202,120.288,0.0,66.659,1
1785988305,674291748,93.492,3.106,96.466,0.0,33.335,1
1785988305,707627197,105.642,2.428,107.943,0.0,33.335,1
1785988305,740962402,116.174,3.019,119.069,0.0,33.335,1
1785988305,807632324,91.248,2.151,93.292,-33.335,33.335,1
1785988305,840967041,104.146,7.463,110.498,0.0,33.334,1
1785988305,874301514,110.652,2.371,112.917,0.0,33.334,1
1785988305,907635742,127.304,2.298,129.49,0.0,66.668,1
1785988305,974303467,125.434,3.794,129.092,0.0,66.667,1
1785988306,7637207,131.12,5.542,136.011,0.0,33.333,1
1785988306,74303955,107.739,2.609,110.219,33.333,33.333,1
1785988306,107636963,115.177,2.467,117.505,0.0,33.333,1
1785988306,174302490,90.137,2.37,92.403,33.333,33.333,1
1785988306,207635010,103.259,2.778,105.917,0.0,33.332,1
1785988306,240967041,116.977,2.46,119.319,0.0,66.664,1
1785988306,307631104,93.559,2.599,96.03,0.0,33.332,1
1785988306,340962646,97.959,4.712,102.042,0.0,33.332,1
1785988306,374294189,118.178,2.203,120.26,0.0,66.662,1
1785988306,440956543,94.411,2.905,97.156,0.0,33.331,1
1785988306,474287354,118.9,3.203,121.975,0.0,66.661,1
1785988306,540948486,93.109,2.445,95.421,0.0,33.33,1
1785988306,574278564,119.312,3.118,122.297,0.0,66.66,1
1785988306,640938477,94.099,3.059,97.039,0.0,33.331,1
1785988306,674269043,113.178,2.674,115.715,0.0,66.671,1
1785988306,707604492,124.35,2.824,127.06,0.0,66.67,1
1785988306,774274902,99.743,3.77,103.282,0.0,33.335,1
1785988306,807609863,121.11,2.257,123.25,0.0,66.669,1
1785988306,874279053,107.57,2.776,110.237,0.0,33.334,1
1785988306,907613281,143.534,4.219,147.332,0.0,66.668,1
1785988306,974281250,120.444,2.678,122.998,0.0,66.667,1
1785988307,40948486,92.492,2.227,94.615,0.0,33.333,1
1785988307,107614746,91.933,2.576,94.385,0.0,33.333,1
1785988307,140947754,99.055,3.375,102.301,0.0,33.333,1
1785988307,174280273,118.829,2.836,121.534,0.0,66.665,1
1785988307,240945068,103.493,4.696,108.005,0.0,0.0,1
1785988307,274277344,119.621,4.542,124.013,33.332,66.663,1
1785988307,340940674,96.52,2.465,98.861,0.0,33.332,1
1785988307,374272217,118.188,2.296,120.36,0.0,66.662,1
1785988307,407603516,127.827,2.682,130.376,0.0,66.662,1
1785988307,474265625,115.638,2.851,118.357,0.0,66.661,1
1785988307,507596191,127.701,3.712,131.298,0.0,66.661,1
1785988307,574256836,111.301,2.363,113.545,0.0,33.33,1
1785988307,607586914,119.133,2.982,121.988,0.0,66.66,1
1785988307,674247314,102.008,3.063,104.912,0.0,33.335,1
1785988307,707582764,118.294,3.24,121.409,0.0,66.67,1
1785988307,774252930,92.788,2.446,95.115,0.0,33.335,1
1785988307,807587646,107.472,3.077,110.425,0.0,33.334,1
1785988307,840922119,121.845,2.565,124.285,0.0,66.669,1
1785988307,907590820,109.211,2.312,111.401,0.0,33.334,1
1785988307,940924805,125.186,2.719,127.771,0.0,66.667,1
1785988308,7592041,102.832,9.94,112.58,0.0,0.0,1
1785988308,40925537,119.288,2.25,121.416,33.333,33.333,1
1785988308,107591797,103.21,2.486,105.539,33.333,33.333,1
1785988308,140924561,123.606,3.873,127.11,0.0,66.665,1
1785988308,207589600,103.164,2.616,105.656,0.0,33.332,1
1785988308,240921875,115.945,5.136,120.97,0.0,66.664,1
1785988308,274253906,133.562,5.042,138.485,0.0,66.663,1
1785988308,307585693,151.193,2.586,153.659,0.0,33.332,1
1785988308,374248535,139.818,2.467,142.163,0.0,33.331,1
1785988308,407579834,174.567,2.529,176.978,0.0,33.331,1
1785988308,474241699,197.568,2.344,199.789,0.0,99.991,1
1785988308,540902832,192.59,2.349,194.826,0.0,133.32,1
1785988308,674223145,119.15,5.742,124.773,0.0,66.757,1
1785988308,740979736,94.846,2.049,96.797,0.0,33.379,1
1785988308,807737793,91.658,4.092,95.631,0.0,33.38,1
1785988308,841117432,102.781,9.831,112.494,0.0,33.38,1
1785988308,874497559,136.917,3.65,140.414,0.0,66.761,1
1785988308,907877930,156.571,2.457,158.909,0.0,100.143,1
1785988309,8021240,126.083,2.22,128.158,0.0,33.382,1
1785988309,74785156,105.784,2.539,108.185,-33.382,33.383,1
1785988309,108167725,127.616,2.721,130.211,0.0,66.766,1
1785988309,174934082,100.657,3.191,103.707,0.0,33.384,1
1785988309,208317627,124.804,3.075,127.647,0.0,66.769,1
1785988309,275086182,121.322,2.216,123.421,0.0,66.77,1
1785988309,341855957,95.89,2.663,98.397,0.0,33.386,1
1785988309,375241699,123.723,2.094,125.71,0.0,66.772,1
1785988309,442013672,96.833,6.889,103.108,0.0,33.387,1
1785988309,475400391,123.112,2.539,125.426,0.0,66.774,1
1785988309,542174805,101.322,3.503,104.063,0.0,0.0,1
1785988309,575562500,124.81,2.621,127.294,-33.388,66.777,1
1785988309,642339111,104.917,5.478,110.275,0.0,33.388,1
1785988309,675727295,130.901,2.953,133.721,0.0,66.686,1
1785988309,742413330,118.624,3.222,121.738,0.0,66.686,1
1785988309,775756348,137.354,4.334,141.528,0.0,66.685,1
1785988309,842441650,95.302,3.479,98.661,0.0,0.0,1
1785988309,909126465,98.76,2.728,101.37,0.0,33.342,1
1785988309,975810791,106.41,2.561,108.842,0.0,33.342,1
1785988310,9152588,120.883,2.448,123.21,0.0,33.342,1
1785988310,75836182,97.429,2.981,99.79,33.342,33.342,1
1785988310,109177734,112.215,4.934,114.835,0.0,33.342,1
1785988310,142519287,126.256,2.661,128.792,0.0,66.682,1
1785988310,209201660,121.281,5.946,126.723,0.0,66.682,1
1785988310,275883545,101.65,3.122,104.626,0.0,33.341,1
1785988310,309224365,120.422,2.162,122.484,0.0,33.341,1
1785988310,375905518,103.641,7.97,109.904,33.34,33.34,1
1785988310,409245850,120.623,2.428,122.936,0.0,66.68,1
1785988310,475926270,101.865,3.448,105.123,0.0,33.34,1
1785988310,542606201,101.301,4.318,105.465,0.0,33.34,1
1785988310,575945801,123.527,3.004,126.421,0.0,66.679,1
1785988310,642625000,111.821,2.726,114.402,0.0,33.34,1
1785988310,675964844,120.648,2.121,122.656,0.0,66.685,1
1785988310,742650146,119.723,2.382,121.984,0.0,66.685,1
1785988310,809334961,96.922,2.668,99.458,0.0,33.342,1
1785988310,842677002,129.339,2.724,131.937,0.0,66.684,1
1785988310,909361084,119.662,3.439,122.989,0.0,66.683,1
1785988310,976044434,105.71,6.415,111.943,0.0,33.342,1
1785988311,9385986,131.303,2.304,133.48,0.0,66.683,1
1785988311,76068604,96.722,3.94,100.455,0.0,0.0,1
1785988311,109409668,106.568,2.533,108.969,-33.341,33.341,1
1785988311,142750732,121.505,2.124,123.527,0.0,66.681,1
1785988311,209432129,111.765,3.34,114.727,0.0,33.341,1
1785988311,242772705,123.743,2.16,125.792,0.0,66.681,1
1785988311,309453369,97.31,2.488,99.666,0.0,33.34,1
1785988311,342793457,117.974,2.584,120.415,0.0,66.68,1
1785988311,409473389,95.543,2.624,98.037,0.0,33.34,1
1785988311,442812988,109.267,3.641,112.788,0.0,33.34,1
1785988311,476152588,131.412,3.919,135.114,0.0,66.679,1
1785988311,542831543,113.193,2.485,115.553,0.0,33.339,1
1785988311,576170654,119.296,2.303,121.486,0.0,33.339,1
1785988311,642848633,96.887,2.787,99.547,-33.339,-33.339,1
1785988311,676187988,119.149,2.333,121.364,33.343,66.687,1
1785988311,709531250,129.185,2.072,131.141,0.0,66.687,1
1785988311,776218018,120.449,2.382,122.716,0.0,33.343,1
1785988311,842904053,99.652,2.558,102.085,33.343,33.343,1
1785988311,876246826,125.786,2.212,127.882,0.0,66.685,1
1785988311,942932129,102.749,15.087,117.698,0.0,33.343,1
1785988311,976274658,123.644,2.052,125.595,0.0,66.685,1
1785988312,42959229,93.75,2.404,96.031,0.0,33.342,1
1785988312,76301270,113.619,2.38,115.886,0.0,33.342,1
1785988312,109643311,125.73,2.079,127.71,0.0,66.684,1
1785988312,176326904,111.763,3.67,115.23,0.0,33.342,1
1785988312,209668457,133.728,3.184,136.781,0.0,66.683,1
1785988312,276351074,121.61,2.552,124.045,0.0,33.341,1
1785988312,343033447,92.634,3.128,95.631,33.341,33.341,1
1785988312,376374268,118.145,2.791,120.824,0.0,66.682,1
1785988312,443055908,96.445,2.53,98.854,0.0,33.341,1
1785988312,476396484,122.357,2.597,124.833,0.0,66.681,1
1785988312,543077148,93.513,4.019,97.412,0.0,33.34,1
1785988312,576417236,123.429,3.07,126.377,0.0,66.68,1
1785988312,643097412,93.404,2.136,95.439,0.0,33.34,1
1785988312,709793457,93.992,2.588,96.455,0.0,0.0,1
1785988312,743213867,116.633,3.079,119.593,-33.42,66.842,1
1785988312,776634521,129.977,5.022,134.872,0.0,66.843,1
1785988312,843477051,100.8,3.49,104.166,0.0,33.422,1
1785988312,910320801,96.445,2.033,98.38,-33.422,33.423,1
1785988312,943743408,120.944,2.627,123.435,0.0,66.846,1
1785988312,977166260,127.631,2.913,130.429,0.0,66.847,1
1785988313,44012939,104.425,3.337,107.618,0.0,33.424,1
1785988313,77436768,123.276,4.419,127.583,0.0,33.424,1
1785988313,144285889,96.574,3.675,100.12,33.425,33.425,1
1785988313,177710693,124.826,2.973,127.679,0.0,66.851,1
1785988313,244562012,103.858,2.785,106.509,0.0,33.426,1
1785988313,277988037,124.344,2.54,126.619,0.0,66.853,1
1785988313,344841309,122.278,2.892,125.04,0.0,66.855,1
1785988313,411696045,97.223,3.865,100.933,0.0,33.428,1
1785988313,445123779,111.859,2.784,114.525,0.0,33.428,1
1785988313,478552246,122.168,2.321,124.37,0.0,66.857,1
1785988313,545409668,102.522,3.811,106.175,0.0,33.429,1
1785988313,578839111,112.736,3.049,115.625,0.0,33.43,1
1785988313,612268799,121.798,2.769,124.427,0.0,66.861,1
1785988313,679129395,97.293,2.86,100.005,0.0,33.429,1
1785988313,712558350,117.158,3.499,120.529,0.0,66.672,1
1785988313,745894287,133.321,4.496,137.684,0.0,66.671,1
1785988313,812565430,129.297,2.328,131.515,0.0,66.67,1
1785988313,879235840,99.506,2.459,101.841,0.0,33.335,1
1785988313,945905273,94.692,2.65,97.224,0.0,33.335,1
1785988313,979239990,123.318,2.488,125.674,0.0,66.668,1
1785988314,12574219,146.049,2.664,148.562,0.0,66.668,1
1785988314,79242188,123.813,2.445,126.14,0.0,66.667,1
1785988314,145909668,95.392,2.648,97.921,0.0,33.333,1
1785988314,179242920,122.694,2.553,125.118,0.0,66.666,1
1785988314,245909180,107.525,2.575,109.974,0.0,33.333,1
1785988314,279241943,123.867,3.432,127.045,0.0,66.665,1
1785988314,345906738,99.674,2.796,102.312,0.0,33.332,1
1785988314,379239014,121.972,2.262,124.12,0.0,66.664,1
1785988314,445902832,92.507,2.847,95.219,0.0,33.332,1
1785988314,479234619,110.254,2.6,112.742,0.0,33.331,1
1785988314,512565918,124.354,2.521,126.752,0.0,66.662,1
1785988314,579228271,97.823,2.974,100.655,0.0,33.331,1
1785988314,612559082,106.697,2.533,109.09,0.0,0.0,1
1785988314,645889893,118.966,2.42,121.238,33.33,33.33,1
1785988314,712551270,92.495,2.565,94.942,-33.331,33.336,1
1785988314,745887451,107.885,2.513,110.246,0.0,33.336,1
1785988314,779223389,121.101,2.185,123.18,0.0,66.671,1
1785988314,845894775,126.892,2.417,129.194,0.0,66.67,1
1785988314,912565186,100.601,5.007,105.489,0.0,33.335,1
1785988314,945900146,108.977,2.812,111.662,0.0,0.0,1
1785988314,979234863,114.477,2.566,116.922,-33.335,33.335,1
1785988315,12569580,121.572,2.858,124.311,0.0,66.668,1
1785988315,79238037,98.063,4.45,102.369,0.0,33.334,1
1785988315,112572021,106.419,6.171,112.442,0.0,33.334,1
1785988315,145905762,121.726,2.373,123.979,0.0,66.667,1
1785988315,212572754,93.113,3.006,95.992,0.0,33.333,1
1785988315,245906006,126.615,2.131,128.639,0.0,66.666,1
1785988315,312571777,98.123,4.278,102.253,0.0,33.333,1
1785988315,345904297,108.202,2.883,110.96,0.0,33.333,1
1785988315,379236816,122.802,2.063,124.762,0.0,66.664,1
1785988315,479232910,85.825,2.76,88.461,33.332,33.332,1
1785988315,512564453,93.314,2.741,95.919,0.0,33.332,1
1785988315,545895996,104.345,3.598,107.813,0.0,0.0,1
1785988315,579227051,121.035,2.554,123.465,33.331,33.331,1
1785988315,645888916,105.512,3.342,108.543,-33.331,-33.331,1
1785988315,679219727,117.149,2.705,119.728,33.331,66.666,1
1785988315,712550781,124.341,2.285,126.502,0.0,66.67,1
1785988315,779220459,101.019,3.061,103.951,0.0,33.335,1
1785988315,812555176,111.348,4.56,115.797,0.0,33.334,1
1785988315,845889648,134.775,15.516,150.171,0.0,66.668,1
1785988315,912557861,123.372,2.354,125.606,0.0,66.667,1
1785988315,979225098,94.293,3.61,97.743,0.0,33.333,1
1785988316,12558594,124.973,2.591,127.41,0.0,66.666,1
1785988316,79224609,102.414,2.987,105.272,0.0,33.333,1
1785988316,112557373,112.691,2.531,115.099,0.0,33.333,1
1785988316,145890137,127.053,2.588,129.524,0.0,66.665,1
1785988316,212554688,100.901,4.036,104.783,0.0,33.332,1
1785988316,245886475,120.503,3.022,123.412,0.0,66.663,1
1785988316,312549805,92.295,4.112,96.289,0.0,33.331,1
1785988316,345881104,110.274,2.661,112.813,0.0,33.331,1
1785988316,379212402,122.002,2.268,124.124,0.0,33.331,1
1785988316,445874023,91.056,2.787,93.718,0.0,0.0,1
1785988316,479204590,101.686,3.759,105.212,33.33,33.33,1
1785988316,512534912,122.757,2.35,124.99,0.0,66.66,1
1785988316,579194824,93.991,3.285,97.142,0.0,33.33,1
1785988316,612524658,99.572,2.582,102.032,0.0,33.33,1
1785988316,679183594,92.347,2.736,94.952,0.0,33.33,1
1785988316,712513184,101.119,2.68,103.672,0.0,0.0,1
1785988316,745848633,115.151,2.025,117.074,-33.335,66.67,1
1785988316,779184082,118.397,2.712,120.973,33.335,33.335,1
1785988316,845854004,96.888,3.097,99.867,33.335,33.335,1
1785988316,879188721,132.642,2.748,135.215,0.0,66.669,1
1785988316,945857666,119.362,2.857,122.088,0.0,0.0,1
1785988317,12525635,97.018,7.185,104.064,33.334,33.334,1
1785988317,45859375,115.617,2.14,117.646,0.0,33.333,1
1785988317,79192871,122.487,2.852,125.206,0.0,66.667,1
1785988317,145859375,97.702,3.542,101.129,0.0,33.333,1
1785988317,179192383,109.178,2.24,111.301,0.0,33.333,1
1785988317,212525146,124.987,2.124,126.996,0.0,66.665,1
1785988317,279189941,97.772,2.395,100.039,0.0,33.332,1
1785988317,312521973,121.262,2.193,123.337,0.0,33.332,1
1785988317,345854004,121.492,3.236,124.597,0.0,33.332,1
1785988317,412517090,94.831,2.609,97.317,-33.331,33.332,1
1785988317,445848633,120.54,2.469,122.879,0.0,33.331,1
1785988317,512510498,111.32,2.795,113.882,0.0,33.331,1
1785988317,545841309,127.795,3.171,130.84,0.0,33.331,1
1785988317,579171875,149.694,2.661,152.231,0.0,0.0,1
1785988317,645832275,125.32,3.259,128.368,33.33,66.66,1
1785988317,712492432,95.588,4.216,99.636,0.0,0.0,1
1785988317,745827637,123.315,3.039,126.2,33.335,66.67,1
1785988317,812497559,95.348,2.586,97.805,0.0,33.335,1
1785988317,845832275,127.285,2.228,129.406,0.0,66.669,1
1785988317,912500977,122.271,2.36,124.51,0.0,66.668,1
1785988317,979168701,95.078,2.05,97.028,0.0,33.334,1
1785988318,12502441,113.207,2.522,115.606,0.0,33.333,1
1785988318,45835938,132.477,11.942,144.276,0.0,66.666,1
1785988318,112502197,112.698,2.429,115.015,0.0,33.333,1
1785988318,145834961,117.817,2.331,120.029,0.0,66.665,1
1785988318,179167480,128.086,2.07,130.046,-33.333,66.665,1
1785988318,245832275,122.796,3.228,124.75,0.0,66.664,1
1785988318,312496094,102.211,2.326,104.41,0.0,33.332,1
1785988318,345827637,126.725,2.121,128.742,0.0,66.663,1
1785988318,412490234,105.818,2.294,107.995,0.0,33.331,1
1785988318,445821289,123.639,2.366,125.893,0.0,66.661,1
1785988318,512482666,100.304,3.269,103.414,0.0,33.33,1
1785988318,545812988,107.605,2.305,109.784,0.0,33.33,1
1785988318,612473145,101.599,2.796,104.27,0.0,33.33,1
1785988318,645802979,124.378,3.264,127.522,0.0,66.659,1
1785988318,712462402,95.421,5.131,98.671,0.0,33.379,1
1785988318,745841064,101.503,3.817,105.134,0.0,33.379,1
1785988318,779219971,126.155,3.813,129.797,0.0,66.759,1
1785988318,845979248,99.822,2.401,102.117,0.0,33.38,1
1785988318,879359375,129.678,2.414,131.981,0.0,66.761,1
1785988318,946120850,125.182,2.987,127.921,0.0,66.763,1
1785988319,12883789,101.443,3.61,104.663,0.0,33.382,1
1785988319,46265869,128.02,2.747,130.646,0.0,66.765,1
1785988319,113031006,104.764,3.869,108.48,0.0,33.383,1
1785988319,146414063,123.141,2.758,125.772,0.0,33.384,1
1785988319,213181396,101.467,2.328,103.671,-33.384,33.384,1
1785988319,246565674,127.999,2.203,130.079,0.0,66.77,1
1785988319,313335449,113.364,7.355,120.601,0.0,33.385,1
1785988319,346720703,125.973,2.137,127.999,0.0,66.772,1
1785988319,413492676,94.646,2.415,96.954,0.0,33.386,1
1785988319,446879150,115.753,2.229,117.878,0.0,33.387,1
1785988319,480265869,124.799,2.196,126.874,0.0,66.775,1
1785988319,547040771,91.683,3.349,94.904,0.0,33.388,1
1785988319,580428711,100.201,4.183,104.248,0.0,0.0,1
1785988319,613816895,113.815,2.738,116.411,-33.388,33.389,1
1785988319,647205811,129.284,2.89,132.049,0.0,66.778,1
1785988319,713983398,105.567,3.525,108.921,0.0,33.385,1
1785988319,747368896,123.411,2.208,125.516,0.0,66.772,1
1785988319,814141357,136.172,11.605,147.64,0.0,66.774,1
1785988319,880915527,128.25,2.382,130.513,0.0,66.776,1
1785988319,947691650,104.778,3.499,108.069,0.0,33.389,1
1785988319,981080322,122.744,2.452,125.057,0.0,66.779,1
1785988320,47858887,97.393,5.49,102.773,0.0,33.39,1
1785988320,81248779,131.367,2.451,133.698,0.0,66.781,1
1785988320,148029785,108.233,2.62,110.705,0.0,33.391,1
1785988320,181421143,130.615,2.148,132.638,0.0,33.392,1
1785988320,248204834,115.068,2.518,117.464,-33.392,33.393,1
1785988320,281597412,122.989,2.03,124.913,0.0,66.786,1
1785988320,348383789,102.114,7.951,109.941,0.0,33.394,1
1785988320,381777588,120.283,2.691,122.835,0.0,66.789,1
1785988320,415171875,131.395,2.342,133.618,0.0,66.79,1
1785988320,481961670,123.958,2.696,126.533,0.0,66.792,1
1785988320,548753418,95.112,2.835,97.814,0.0,33.396,1
1785988320,582149658,107.413,2.746,109.969,0.0,33.397,1
1785988320,615546631,122.594,2.643,125.115,0.0,66.795,1
1785988320,682341553,101.24,3.332,104.391,0.0,33.397,1
1785988320,715738770,120.785,2.897,123.559,0.0,66.7,1
1785988320,782438965,107.957,4.629,112.464,0.0,33.35,1
1785988320,815788818,128.278,2.64,130.79,0.0,66.7,1
1785988320,882488525,119.405,2.681,121.977,0.0,66.699,1
1785988320,915838135,130.071,2.847,132.804,0.0,66.699,1
1785988320,982537354,121.36,2.651,123.897,0.0,66.699,1
1785988321,49236328,97.847,11.719,109.442,0.0,33.349,1
1785988321,82585693,125.257,2.061,127.216,0.0,66.698,1
1785988321,149284180,92.84,2.637,95.354,0.0,33.349,1
1785988321,182633301,106.84,4.564,111.281,0.0,33.349,1
1785988321,215982422,125.763,2.585,128.23,0.0,66.698,1
1785988321,282680420,98.087,2.599,100.552,0.0,33.349,1
1785988321,316029297,121.141,2.125,123.156,0.0,66.698,1
1785988321,382726807,99.315,5.641,104.756,0.0,33.349,1
1785988321,416075439,104.14,6.348,110.358,0.0,33.349,1
1785988321,449424072,119.574,2.385,121.842,0.0,33.349,1
1785988321,516121094,99.919,3.14,102.924,33.348,33.348,1
1785988321,549469482,112.376,2.239,114.509,0.0,33.348,1
1785988321,582817627,127.561,2.634,130.071,0.0,66.697,1
1785988321,649514160,98.227,3.032,101.116,0.0,33.348,1
1785988321,682862305,112.103,2.968,114.951,0.0,33.348,1
1785988321,716210449,124.422,2.507,126.812,0.0,66.701,1
1785988321,782911377,97.09,3.257,100.228,0.0,33.351,1
1785988321,816261963,113.196,2.165,115.255,0.0,33.35,1
1785988321,849612305,143.443,2.764,146.069,0.0,66.7,1
1785988321,882962402,158.584,2.473,160.922,0.0,100.051,1
1785988321,983012939,106.735,5.148,111.504,0.0,33.35,1
1785988322,16362793,122.413,2.472,124.774,0.0,33.35,1
1785988322,83062500,110.578,2.414,112.877,-33.35,33.35,1
1785988322,116412354,125.672,2.59,128.146,0.0,66.699,1
1785988322,183111816,102.008,3.051,104.858,0.0,33.35,1
1785988322,216461426,122.532,2.81,125.128,0.0,33.35,1
1785988322,283160400,96.855,2.802,99.54,-33.349,33.349,1
1785988322,316509766,111.695,3.511,115.048,0.0,33.349,1
1785988322,349859131,126.521,2.303,128.704,0.0,66.698,1
1785988322,416557617,105.678,2.589,108.122,0.0,0.0,1
1785988322,449906738,121.833,4.482,126.194,-33.349,66.698,1
1785988322,516604736,113.467,4.623,117.962,0.0,33.349,1
1785988322,549953613,126.358,2.564,128.784,0.0,66.698,1
1785988322,616651367,102.781,4.851,107.296,0.0,0.0,1
1785988322,683348877,94.252,2.809,96.924,0.0,33.349,1
1785988322,716697510,115.905,2.709,118.493,0.0,33.37,1
1785988322,750067383,122.809,2.882,125.566,0.0,66.74,1
1785988322,816807129,113.034,2.764,115.667,0.0,33.37,1
1785988322,850177002,134.968,2.981,137.819,0.0,66.74,1
1785988322,916916992,122.915,2.829,125.627,0.0,33.37,1
1785988322,983657227,94.965,2.475,97.325,-33.37,33.37,1
1785988323,17027588,105.109,2.702,107.677,0.0,33.37,1
1785988323,50397705,122.926,2.709,125.488,0.0,66.741,1
1785988323,117138428,96.702,5.508,102.081,0.0,33.371,1
1785988323,150509033,112.923,2.19,115.001,0.0,0.0,1
1785988323,183879395,122.27,2.647,124.788,-33.37,66.741,1
1785988323,250620605,96.22,3.01,99.087,0.0,33.371,1
1785988323,283991455,113.36,2.537,115.766,0.0,33.371,1
1785988323,317362061,123.351,2.754,125.972,0.0,66.742,1
1785988323,350732910,129.681,3.601,133.149,0.0,66.742,1
1785988323,417474609,103.336,5.97,109.191,0.0,33.371,1
1785988323,450845703,125.105,2.209,127.2,0.0,66.742,1
1785988323,517587891,96.703,2.606,99.172,0.0,33.371,1
1785988323,550958984,123.061,2.367,125.308,0.0,66.742,1
1785988323,617701416,94.143,2.625,96.645,0.0,33.371,1
1785988323,651072754,102.317,2.896,105.027,0.0,33.371,1
1785988323,684444092,113.017,5.542,118.438,0.0,33.371,1
1785988323,717815186,123.581,2.527,125.988,0.0,66.698,1
1785988323,784513428,104.707,3.058,107.573,0.0,33.349,1
1785988323,817862305,135.874,2.96,138.415,0.0,66.698,1
1785988323,884559814,134.159,4.591,138.253,0.0,66.697,1
1785988323,917908447,167.819,2.447,170.139,0.0,100.045,1
1785988324,17953857,122.651,2.973,125.497,0.0,66.697,1
1785988324,84650391,110.787,2.317,112.984,0.0,0.0,1
1785988324,117998535,124.922,3.064,127.861,-33.348,66.696,1
1785988324,184694580,103.956,4.118,107.931,0.0,33.348,1
1785988324,218042725,123.744,2.64,126.236,0.0,66.696,1
1785988324,251390381,130.673,2.679,133.237,0.0,66.696,1
1785988324,318085938,123.447,2.331,125.664,0.0,66.695,1
1785988324,384781006,104.28,2.657,106.803,0.0,33.347,1
1785988324,418128418,118.512,3.338,121.408,0.0,33.347,1
1785988324,484822998,99.697,5.942,105.504,0.0,0.0,1
1785988324,518170166,124.134,2.231,126.246,-33.347,66.694,1
1785988324,584864258,94.818,2.637,97.311,0.0,33.347,1
1785988324,618211182,105.818,3.672,109.364,0.0,33.347,1
1785988324,651558105,118.495,2.814,121.185,0.0,33.347,1
1785988324,718251709,96.91,2.352,99.136,0.0,33.372,1
1785988324,784995605,91.581,2.465,93.93,0.0,33.372,1
1785988324,818367676,98.229,3.821,101.932,0.0,33.372,1
1785988324,851739746,131.005,3.289,134.171,0.0,66.744,1
1785988324,918483887,122.55,2.811,125.135,0.0,66.745,1
1785988324,985228516,99.895,12.603,112.382,0.0,33.372,1
1785988325,18600830,119.93,5.417,125.229,0.0,66.745,1
1785988325,85345947,103.455,3.362,106.62,0.0,33.373,1
1785988325,118718506,116.649,2.686,119.073,0.0,66.745,1
1785988325,152091064,132.072,4.035,135.874,0.0,66.746,1
1785988325,218836670,122.253,2.394,124.495,0.0,66.746,1
1785988325,252209473,145.384,2.629,147.901,0.0,66.746,1
1785988325,318955322,127.548,4.538,131.878,0.0,66.746,1
1785988325,385701660,108.251,6.157,114.269,0.0,33.373,1
1785988325,419074707,123.597,2.523,126.006,0.0,66.747,1
1785988325,485821289,96.669,2.661,99.21,0.0,33.373,1
1785988325,519194580,122.322,2.332,124.546,0.0,66.747,1
1785988325,585941650,100.308,3.269,103.454,0.0,33.374,1
1785988325,619315186,116.897,2.076,118.869,0.0,66.747,1
1785988325,652688721,129.799,2.845,132.497,-33.374,66.747,1
1785988325,686062500,141.196,4.608,145.679,0.0,33.373,1
1785988325,752781738,124.42,3.432,127.725,33.345,66.691,1
1785988325,819472900,101.028,2.421,103.319,0.0,33.345,1
1785988325,852818359,126.173,3.064,129.103,0.0,66.69,1
1785988325,919508789,109.925,3.877,113.503,0.0,33.345,1
1785988325,952854004,128.919,2.719,131.432,0.0,66.69,1
1785988326,19543945,106.415,2.527,108.809,0.0,33.345,1
1785988326,52888672,131.973,2.667,134.493,0.0,66.689,1
1785988326,119577881,120.765,3.625,124.27,0.0,66.689,1
1785988326,186266846,96.528,2.578,98.994,0.0,33.344,1
1785988326,219611084,119.919,2.908,122.693,0.0,33.344,1
1785988326,286299316,107.375,2.884,110.117,33.344,33.344,1
1785988326,319643066,120.056,2.777,122.694,0.0,33.344,1
1785988326,386330566,98.72,2.559,101.161,0.0,0.0,1
1785988326,419674316,124.782,4.852,129.483,33.344,66.687,1
1785988326,486361084,100.706,3.484,103.991,0.0,33.344,1
1785988326,519704590,121.165,2.633,123.68,0.0,66.686,1
1785988326,586390625,91.083,5.405,96.355,0.0,33.343,1
1785988326,619733643,102.96,6.067,107.804,0.0,33.343,1
1785988326,653076660,122.459,2.291,124.625,0.0,66.686,1
1785988326,719762207,98.03,2.817,100.711,0.0,33.346,1
1785988326,753108154,120.414,2.065,122.381,0.0,66.692,1
1785988326,786454102,140.063,2.555,142.506,0.0,33.346,1
1785988326,853145264,130.206,2.927,132.985,-33.345,66.691,1
1785988326,919836182,124.921,3.342,127.68,0.0,66.69,1
1785988326,986526611,111.57,2.424,113.869,0.0,33.345,1
1785988327,19871826,130.812,2.96,133.648,0.0,66.69,1
1785988327,86561523,122.467,2.23,124.561,0.0,33.345,1
1785988327,153250977,105.967,2.845,108.638,33.344,33.344,1
1785988327,186595459,119.989,3.699,123.569,0.0,66.689,1
1785988327,253284180,106.432,8.302,114.589,0.0,33.344,1
1785988327,286628418,121.696,2.864,124.394,0.0,66.688,1
1785988327,353316650,110.035,2.533,112.434,0.0,0.0,1
1785988327,386660400,129.074,2.007,130.985,-33.344,66.688,1
1785988327,453347900,110.607,5.129,115.625,0.0,33.344,1
1785988327,520034912,95.586,2.623,98.044,0.0,33.344,1
1785988327,553378418,106.067,2.681,108.603,0.0,33.343,1
1785988327,586721680,121.157,2.089,123.141,0.0,66.686,1
1785988327,653407715,108.462,2.931,111.223,0.0,33.343,1
1785988327,686750732,124.136,4.107,128.12,0.0,66.689,1
1785988327,753439941,97.33,2.787,99.986,0.0,33.346,1
1785988327,786785645,113.462,2.329,115.666,0.0,0.0,1
1785988327,853477295,95.67,2.214,97.747,0.0,0.0,1
1785988327,920168213,96.012,2.625,98.504,0.0,33.345,1
1785988327,953513672,109.076,7.749,116.693,0.0,0.0,1
1785988327,986858887,128.626,2.186,130.708,-33.345,66.69,1
1785988328,53549072,99.229,13.11,112.198,0.0,33.345,1
1785988328,86894043,125.83,2.707,128.424,0.0,66.69,1
1785988328,153583740,93.72,2.933,96.488,0.0,33.345,1
1785988328,186928467,111.813,2.665,114.354,0.0,33.344,1
1785988328,220272949,115.084,2.54,117.498,0.0,33.344,1
1785988328,253617432,146.149,3.193,149.203,0.0,33.344,1
1785988328,320305908,126.951,1.99,128.83,33.344,66.688,1
1785988328,386993896,107.565,3.656,111.068,0.0,33.344,1
1785988328,420337891,122.286,4.277,126.444,0.0,33.344,1
1785988328,487025391,92.907,3.561,96.341,0.0,33.344,1
1785988328,520368896,113.727,2.57,116.15,0.0,33.344,1
1785988328,553712402,124.942,2.588,127.374,0.0,66.687,1
1785988328,620399170,102.061,2.809,104.718,0.0,33.343,1
1785988328,653742188,126.426,2.046,128.37,0.0,66.686,1
1785988328,720428467,94.934,4.221,98.705,0.0,33.389,1
1785988328,753817871,103.787,4.172,107.827,0.0,33.39,1
1785988328,787207520,117.764,2.16,119.82,0.0,66.781,1
1785988328,820597656,125.646,2.686,128.225,0.0,66.782,1
1785988328,887379395,98.034,2.85,100.753,0.0,33.392,1
1785988328,920770996,126.707,2.603,129.193,0.0,66.785,1
1785988328,954163086,134.503,3.37,137.73,-33.392,66.785,1
1785988329,20948486,131.775,2.716,134.312,0.0,66.787,1
1785988329,87735840,122.236,2.256,124.373,0.0,0.0,1
1785988329,154525146,124.152,2.694,126.686,33.395,66.791,1
1785988329,221316162,128.097,2.499,130.477,0.0,66.793,1
1785988329,288109131,120.729,2.61,123.179,0.0,66.795,1
1785988329,354903809,132.457,2.948,135.244,0.0,66.797,1
1785988329,421700439,123.095,3.272,126.168,0.0,66.799,1
1785988329,488499023,107.045,6.732,113.347,0.0,33.4,1
1785988329,521898926,133.294,5.713,138.851,0.0,66.801,1
1785988329,588700195,107.969,2.588,110.424,0.0,33.401,1
1785988329,655503418,106.376,3.124,109.288,0.0,33.402,1
1785988329,688905762,126.063,2.107,128.076,0.0,66.767,1
1785988329,755672363,103.663,3.216,106.739,0.0,33.365,1
1785988329,789037354,126.596,2.746,129.198,0.0,66.73,1
1785988329,855767334,104.028,2.886,106.789,0.0,33.365,1
1785988329,889132568,122.306,2.867,125.062,0.0,66.73,1
1785988329,955862793,96.927,2.466,99.271,0.0,33.365,1
1785988329,989228027,120.833,3.002,123.72,0.0,66.73,1
1785988330,55958496,93.221,4.549,97.649,0.0,33.365,1
1785988330,89323730,120.266,3.325,123.462,0.0,66.731,1
1785988330,156054443,95.846,2.086,97.836,0.0,33.365,1
1785988330,189419922,123.544,2.303,125.715,0.0,66.731,1
1785988330,256150879,122.01,2.727,124.615,0.0,66.731,1
1785988330,322881836,95.04,2.701,97.629,0.0,33.365,1
1785988330,356247314,124.908,3.011,127.604,0.0,66.731,1
1785988330,422978516,95.443,2.588,97.919,0.0,33.366,1
1785988330,456344238,103.349,3.199,106.405,0.0,33.366,1
1785988330,489709961,121.486,2.585,123.943,0.0,66.731,1
1785988330,523075684,127.975,2.836,130.589,0.0,66.731,1
1785988330,589807129,122.193,2.9,124.978,0.0,33.366,1
1785988330,656538818,94.978,2.85,97.686,-33.366,33.366,1
1785988330,689904785,103.587,6.365,109.841,0.0,33.366,1
1785988330,723270508,113.636,2.837,116.346,0.0,0.0,1
1785988330,756624023,129.573,2.31,131.693,33.353,66.707,1
1785988330,823330566,115.427,2.668,117.943,0.0,33.353,1
1785988330,856683594,122.912,2.794,125.531,0.0,66.706,1
1785988330,923389893,99.698,3.453,103.031,0.0,33.353,1
1785988330,956743164,119.595,2.89,121.936,0.0,33.353,1
1785988331,23449219,99.976,2.859,102.668,33.353,33.353,1
1785988331,56802002,109.821,2.234,111.954,0.0,33.353,1
1785988331,156860840,87.346,3.027,90.049,0.0,33.353,1
1785988331,190213623,119.032,2.202,121.133,0.0,33.353,1
1785988331,256918945,99.773,3.762,103.373,-33.353,-33.353,1
1785988331,290271729,110.029,4.361,114.261,33.353,33.353,1
1785988331,356977051,94.417,2.367,96.672,0.0,33.353,1
1785988331,423682129,87.985,3.041,90.89,0.0,33.353,1
1785988331,457034668,97.87,4.805,102.539,0.0,33.352,1
1785988331,490386963,106.91,3.425,110.209,0.0,33.353,1
1785988331,523739502,124.139,2.588,126.602,0.0,66.705,1
1785988331,590444092,97.499,2.327,99.686,0.0,0.0,1
1785988331,623796387,124.169,2.192,126.242,-33.352,66.705,1
1785988331,690500977,97.002,9.108,105.413,0.0,33.352,1
1785988331,723853271,100.295,10.023,110.2,0.0,33.353,1
1785988331,757205811,124.558,2.178,126.624,0.0,33.353,1
1785988331,823910889,94.79,2.898,97.567,33.352,33.352,1
1785988331,857263184,110.104,2.88,112.854,0.0,33.353,1
1785988331,890615723,121.252,2.045,123.201,0.0,66.705,1
1785988331,957320313,98.085,3.504,101.454,0.0,33.352,1
1785988331,990672607,109.938,2.709,112.502,0.0,33.352,1
1785988332,24024902,121.083,5.219,126.188,0.0,66.704,1
1785988332,90729004,106.874,2.699,109.459,0.0,0.0,1
1785988332,124081299,122.315,2.288,124.497,33.352,66.704,1
1785988332,190785156,104.463,3.054,107.256,0.0,33.352,1
1785988332,224137207,129.708,4.59,134.037,0.0,66.704,1
1785988332,290840820,103.751,5.481,109.094,0.0,33.352,1
1785988332,324192627,117.366,2.603,119.85,0.0,0.0,1
1785988332,390895996,110.033,2.471,112.396,33.352,33.352,1
1785988332,424247559,129.135,2.615,131.621,0.0,66.703,1
1785988332,490950684,120.214,2.52,122.625,0.0,33.352,1
1785988332,557653564,98.25,2.664,100.785,-33.351,33.352,1
1785988332,591005127,112.719,4.905,117.504,0.0,33.351,1
1785988332,624356445,123.442,2.574,125.878,0.0,66.702,1
1785988332,691058838,106.509,3.424,109.783,0.0,33.352,1
1785988332,724410400,120.232,2.311,122.428,0.0,66.706,1
1785988332,791116211,113.015,6.375,119.249,0.0,33.353,1
1785988332,824469238,151.571,2.666,154.115,0.0,66.706,1
1785988332,891175049,129.478,3.77,133.129,0.0,66.706,1
1785988332,957880615,123.363,2.514,125.766,0.0,66.705,1
1785988333,24585938,94.448,5.756,100.083,0.0,33.353,1
1785988333,57938477,110.27,4.935,115.074,0.0,33.353,1
1785988333,91291260,121.406,2.932,124.21,0.0,66.705,1
1785988333,157996338,94.931,2.812,97.512,0.0,33.352,1
1785988333,191348633,122.928,2.262,125.072,0.0,66.705,1
1785988333,224701172,129.915,2.486,132.263,0.0,66.705,1
1785988333,291405762,120.871,3.102,123.853,0.0,66.705,1
1785988333,358110352,114.35,2.259,116.506,0.0,33.352,1
1785988333,391462402,131.291,7.423,138.596,0.0,33.352,1
1785988333,458166748,129.602,2.169,131.658,-33.352,33.352,1
1785988333,524870850,128.406,2.411,130.698,33.352,66.704,1
1785988333,591574707,123.46,2.008,125.365,0.0,66.704,1
1785988333,658278564,99.317,2.933,102.112,0.0,33.352,1
1785988333,691630371,122.667,2.758,125.304,0.0,0.0,1
1785988333,758411133,104.782,2.965,107.547,33.429,33.429,1
1785988333,791840576,132.285,2.319,134.49,0.0,66.86,1
1785988333,858700928,132.648,2.29,134.801,0.0,66.862,1
1785988333,925562988,121.505,2.818,124.187,0.0,33.432,1
1785988333,992426758,105.52,2.844,108.245,0.0,33.433,1
1785988334,25859375,130.555,2.738,133.173,0.0,66.866,1
1785988334,92725830,122.968,3.778,126.622,0.0,66.868,1
1785988334,159593994,97.215,6.231,103.292,0.0,33.435,1
1785988334,193028809,109.131,2.294,111.31,0.0,0.0,1
1785988334,259899902,98.142,2.73,100.676,0.0,0.0,1
1785988334,293335938,120.383,4.529,124.795,-33.436,66.874,1
1785988334,360209473,112.193,3.322,115.405,0.0,33.438,1
1785988334,393646973,143.04,9.8,149.387,0.0,66.876,1
1785988334,460523193,118.932,2.396,121.218,0.0,66.878,1
1785988334,527401367,104.943,2.92,107.703,0.0,33.44,1
1785988334,560841064,119.926,2.07,121.896,0.0,66.881,1
1785988334,594281250,132.187,2.785,134.81,0.0,66.882,1
1785988334,661162842,113.528,5.012,118.368,0.0,33.441,1
1785988334,694604248,128.125,2.42,130.419,0.0,66.861,1
1785988334,761465332,109.298,2.734,111.875,0.0,33.421,1
1785988334,794886719,139.509,4.444,143.827,0.0,66.844,1
1785988334,861730469,120.77,3.393,124.043,0.0,66.845,1
1785988334,928575928,105.409,2.648,107.939,0.0,33.423,1
1785988334,995422852,91.753,2.558,94.181,0.0,33.424,1
1785988335,28846680,125.064,2.163,127.11,0.0,66.849,1
1785988335,95695801,99.676,3.398,102.946,0.0,0.0,1
1785988335,129121094,120.201,2.064,122.127,-33.425,66.851,1
1785988335,195972412,96.583,2.727,99.123,0.0,33.426,1
1785988335,229398682,120.795,2.258,122.937,0.0,66.854,1
1785988335,296252197,93.621,2.783,96.284,0.0,33.427,1
1785988335,329679688,105.32,3.184,108.361,0.0,0.0,1
1785988335,363107422,117.268,2.032,119.199,-33.428,66.857,1
1785988335,396535400,124.976,2.057,126.934,0.0,66.857,1
1785988335,463392822,113.633,2.306,115.773,0.0,33.429,1
1785988335,496822266,123.579,2.403,125.867,0.0,33.429,1
1785988335,563681885,120.957,2.364,123.195,-33.43,66.861,1
1785988335,630542969,120.256,2.634,122.778,0.0,66.863,1
1785988335,697405762,108.327,2.226,110.45,0.0,33.43,1
1785988335,764206299,88.939,2.261,91.091,-33.37,-33.37,1
1785988335,797623047,93.745,3.041,96.498,33.417,33.417,1
1785988335,831039795,113.272,2.545,115.702,0.0,66.835,1
1785988335,864457275,118.004,2.477,120.354,0.0,66.835,1
1785988335,931292725,99.683,2.336,101.894,0.0,33.418,1
1785988335,964710938,117.264,2.766,119.915,0.0,66.838,1
1785988336,31548584,89.874,3.21,92.95,0.0,33.419,1
1785988336,64967773,100.981,12.095,112.889,0.0,33.419,1
1785988336,98387207,106.049,3.223,108.923,0.0,33.42,1
1785988336,131807129,118.264,2.464,120.596,0.0,66.841,1
1785988336,198647949,99.956,3.718,103.331,0.0,0.0,1
1785988336,232068848,121.599,2.462,123.932,-33.421,66.843,1
1785988336,298911621,97.8,6.601,104.221,0.0,33.422,1
1785988336,332333496,105.336,2.603,107.816,0.0,33.422,1
1785988336,399178223,86.457,2.888,89.216,0.0,33.423,1
1785988336,432601074,99.75,11.42,111.054,0.0,33.423,1
1785988336,466024170,124.46,2.782,127.114,0.0,66.847,1
1785988336,532871582,103.251,2.664,105.8,0.0,33.424,1
1785988336,566295654,121.876,3.151,124.894,0.0,66.849,1
1785988336,633145020,93.962,3.241,97.065,0.0,33.425,1
1785988336,666570068,113.081,2.39,115.335,0.0,33.426,1
1785988336,699995605,122.182,2.369,124.432,0.0,66.851,1
1785988336,766846191,90.407,2.481,92.764,0.0,33.333,1
1785988336,800179199,106.633,2.662,109.168,0.0,33.333,1
1785988336,866844482,93.918,4.579,98.307,0.0,33.332,1
1785988336,900176514,114.16,2.613,116.62,0.0,66.664,1
1785988336,966840332,100.046,8.383,108.278,0.0,33.332,1
1785988337,171875,114.675,2.732,117.286,0.0,66.663,1
1785988337,66834473,98.856,10.111,108.667,0.0,33.331,1
1785988337,100165283,116.501,2.784,119.166,0.0,33.331,1
1785988337,166826416,88.605,6.244,92.621,-33.331,-33.331,1
1785988337,200156494,101.212,4.187,105.273,33.33,33.33,1
1785988337,233486572,116.595,2.919,119.378,0.0,66.659,1
1785988337,266816162,122.27,2.63,124.77,0.0,66.659,1
1785988337,333475098,95.241,2.951,98.078,0.0,33.329,1
1785988337,366803955,116.047,2.25,118.172,0.0,66.657,1
1785988337,433461426,105.475,2.763,108.093,0.0,33.328,1
1785988337,466789795,99.602,3.241,102.702,0.0,33.328,1
1785988337,500117920,119.054,2.778,121.713,0.0,33.328,1
1785988337,566773438,91.334,2.395,93.612,33.328,33.328,1
1785988337,600101074,108.355,2.699,110.925,0.0,33.327,1
1785988337,633428223,127.771,3.514,131.141,0.0,33.327,1
1785988337,700082031,116.626,2.546,119.049,-33.327,66.654,1
1785988337,766735840,88.668,3.484,92.021,0.0,33.407,1
1785988337,800143066,106.634,9.777,116.293,0.0,33.407,1
1785988337,833550293,127.687,3.238,130.794,0.0,66.815,1
1785988337,900365479,119.831,2.207,121.912,0.0,66.816,1
1785988337,967181885,91.909,2.618,94.402,0.0,33.408,1
1785988338,590332,95.63,2.258,97.773,0.0,33.409,1
1785988338,33999023,118.071,5.216,123.162,0.0,66.818,1
1785988338,100817383,99.402,5.741,105.009,0.0,33.409,1
1785988338,134226807,116.617,2.468,118.964,0.0,33.41,1
1785988338,201046631,93.13,3.396,95.76,0.0,33.41,1
1785988338,234456787,118.168,2.477,120.52,0.0,66.821,1
1785988338,301278076,97.68,3.057,100.606,0.0,33.411,1
1785988338,334688965,115.863,2.568,118.295,0.0,66.823,1
1785988338,401511719,92.675,3.726,96.261,0.0,33.412,1
1785988338,434923584,117.252,2.725,119.855,0.0,66.824,1
1785988338,501747803,93.638,2.574,96.019,0.0,33.412,1
1785988338,535160156,108.025,2.577,110.497,0.0,33.413,1
1785988338,568572998,122.57,2.393,124.841,0.0,66.826,1
1785988338,635399170,105.769,2.378,108.015,0.0,33.414,1
1785988338,668812744,121.325,3.625,124.834,0.0,66.828,1
1785988338,735640381,95.743,2.667,98.297,0.0,33.413,1
1785988338,769053467,99.67,5.023,104.374,0.0,33.343,1
1785988338,802396240,111.948,5.39,116.919,0.0,33.342,1
1785988338,869081055,89.776,6.202,95.791,33.342,33.342,1
1785988338,902423340,104.486,2.9,107.264,0.0,33.342,1
1785988338,969107422,87.814,2.345,90.043,33.342,33.342,1
1785988339,2449219,99.209,2.786,101.855,0.0,33.342,1
1785988339,35791016,116.225,2.8,118.901,0.0,33.342,1
1785988339,102474365,100.191,3.007,103.066,-33.342,33.342,1
1785988339,135815918,114.57,2.721,117.053,0.0,66.682,1
1785988339,202498291,86.424,2.469,88.771,0.0,33.341,1
1785988339,235839600,106.82,2.056,108.78,0.0,33.341,1
1785988339,269180664,122.121,3.999,125.986,0.0,66.682,1
1785988339,335862305,98.885,8.831,106.885,0.0,33.341,1
1785988339,369202881,119.497,3.604,122.981,0.0,66.681,1
1785988339,435884033,113.337,2.431,115.662,0.0,66.68,1
1785988339,469224365,128.981,3.719,132.511,0.0,66.68,1
1785988339,535904541,104.396,2.452,106.727,0.0,33.34,1
1785988339,569244629,119.399,2.745,122.016,0.0,66.68,1
1785988339,635924316,89.785,2.423,92.022,0.0,33.34,1
1785988339,702603516,81.175,3.225,84.274,33.339,33.339,1
1785988339,735942871,89.681,2.308,91.89,0.0,33.34,1
1785988339,802608154,80.181,2.525,82.586,33.324,33.324,1
1785988339,835932617,88.625,6.824,95.302,0.0,33.324,1
1785988339,869257080,119.448,2.152,121.492,0.0,66.648,1
1785988339,935905029,90.343,4.361,94.39,0.0,33.323,1
1785988339,969228516,100.822,4.925,105.63,0.0,33.323,1
1785988340,2551758,104.084,2.66,106.606,0.0,33.323,1
1785988340,69197266,97.765,7.694,105.327,0.0,33.323,1
1785988340,102519775,116.325,2.33,118.53,0.0,66.644,1
1785988340,169163574,87.573,3.227,90.682,0.0,33.321,1
1785988340,202484863,107.186,2.128,109.212,0.0,33.321,1
1785988340,235806152,123.322,4.685,127.878,0.0,66.641,1
1785988340,302447510,102.815,4.486,107.136,0.0,33.32,1
1785988340,335767822,120.851,2.751,123.474,0.0,66.64,1
1785988340,402407715,112.21,3.08,115.147,0.0,33.319,1
1785988340,435727051,123.941,13.506,137.309,0.0,66.638,1
1785988340,502364990,99.426,4.168,102.081,0.0,33.319,1
1785988340,535683594,120.047,2.072,122.018,0.0,66.636,1
1785988340,602319824,88.543,2.716,91.137,0.0,33.318,1
1785988340,635637451,103.025,3.805,106.709,0.0,33.317,1
1785988340,702271729,94.852,3.047,97.753,0.0,33.317,1
1785988340,735588623,102.74,2.715,105.317,0.0,33.318,1
1785988340,802242676,88.935,2.753,91.56,0.0,33.336,1
1785988340,835578613,98.526,6.411,104.661,0.0,33.336,1
1785988340,868914551,125.413,2.758,128.046,0.0,66.672,1
1785988340,935586182,116.984,2.2,119.077,0.0,66.671,1
1785988341,2257080,97.655,2.71,100.239,0.0,0.0,1
1785988341,35592285,116.488,2.214,118.593,-33.335,33.335,1
1785988341,102262451,105.619,3.003,108.258,-33.335,33.335,1
1785988341,135597412,122.608,2.521,124.98,0.0,66.669,1
1785988341,202266602,97.503,2.829,100.208,0.0,33.334,1
1785988341,235601074,120.271,3.989,124.142,0.0,66.669,1
1785988341,302269775,102.012,2.282,104.181,0.0,33.334,1
1785988341,335603760,125.672,2.528,128.079,0.0,66.668,1
1785988341,402271484,123.287,4.85,127.887,0.0,66.667,1
1785988341,468938477,95.932,2.575,98.342,0.0,33.333,1
1785988341,502271973,121.637,2.363,123.896,0.0,66.666,1
1785988341,568938232,86.935,2.162,88.995,0.0,33.333,1
1785988341,635604248,84.374,5.492,89.558,0.0,33.333,1
1785988341,668936768,89.474,2.397,91.761,0.0,33.333,1
1785988341,702269287,109.684,2.128,111.714,0.0,33.333,1
1785988341,735601807,119.034,3.064,121.967,0.0,66.658,1
1785988341,802260254,98.549,3.032,101.446,0.0,33.325,1
1785988341,835585205,119.402,2.03,121.331,0.0,66.649,1
1785988341,902234375,116.273,3.856,119.967,0.0,66.648,1
1785988341,968882324,90.924,2.888,93.69,0.0,33.323,1
1785988342,2205811,111.706,2.079,113.684,0.0,66.646,1
1785988342,35529053,124.119,4.383,128.386,0.0,66.646,1
1785988342,102174805,91.752,2.502,94.068,0.0,33.322,1
1785988342,135497070,101.671,2.826,104.373,0.0,33.322,1
1785988342,168819336,119.376,2.719,121.975,0.0,66.643,1
1785988342,235462646,93.96,2.697,96.534,0.0,33.321,1
1785988342,268783936,113.928,3.365,117.172,0.0,66.642,1
1785988342,335425537,99.247,3.328,102.384,0.0,33.32,1
1785988342,368745850,121.964,2.433,124.283,0.0,66.64,1
1785988342,435385742,96.682,5.322,101.877,0.0,33.319,1
1785988342,468705078,121.431,2.122,123.453,0.0,66.638,1
1785988342,535343262,88.44,3.749,92.055,0.0,0.0,1
1785988342,568661865,96.421,6.508,102.769,33.318,33.318,1
1785988342,601980225,108.475,2.963,111.297,0.0,33.318,1
1785988342,635298340,117.989,2.514,120.376,0.0,66.635,1
1785988342,701933594,91.655,2.255,93.803,0.0,33.317,1
1785988342,735250732,117.326,3.252,120.464,0.0,66.643,1
1785988342,801894043,95.667,6.207,101.738,0.0,33.325,1
1785988342,835219238,127.811,5.739,133.425,0.0,66.649,1
1785988342,901868408,92.459,2.755,95.099,0.0,33.324,1
1785988342,935192871,98.78,3.087,101.733,0.0,0.0,1
1785988342,968516602,109.266,2.314,111.469,33.324,33.324,1
1785988343,1840332,121.651,5.352,126.869,0.0,66.646,1
1785988343,68486816,108.929,3.726,112.512,0.0,33.323,1
1785988343,101809570,123.617,2.517,125.997,0.0,66.645,1
1785988343,168454346,100.19,3.352,103.418,0.0,33.322,1
1785988343,201776123,117.502,2.793,120.053,0.0,66.643,1
1785988343,268419189,90.044,2.716,92.638,0.0,33.321,1
1785988343,301740234,103.27,3.003,106.15,0.0,33.321,1
1785988343,335061035,120.39,4.884,125.142,0.0,66.641,1
1785988343,368381348,128.969,2.728,131.46,0.0,66.64,1
1785988343,435021484,116.917,5.364,122.12,0.0,33.32,1
1785988343,501660400,93.042,2.917,95.827,0.0,33.319,1
1785988343,534979492,125.343,2.072,127.29,0.0,66.637,1
1785988343,601616699,108.17,3.345,111.335,0.0,33.318,1
1785988343,634934814,121.344,2.686,123.911,0.0,66.635,1
1785988343,701570313,93.86,2.2,95.849,0.0,33.317,1
1785988343,734887695,123.027,2.091,125.018,0.0,66.75,1
1785988343,801637451,107.846,5.8,113.524,0.0,33.432,1
1785988343,835069824,126.785,2.37,129.042,0.0,66.866,1
1785988343,901935547,115.55,4.147,119.568,0.0,33.434,1
1785988343,935369141,131.255,4.359,134.853,0.0,66.868,1
1785988344,2237305,123.394,2.642,125.919,0.0,66.87,1
1785988344,69106934,105.147,3.85,108.857,0.0,33.436,1
1785988344,102542480,125.647,2.088,127.601,0.0,66.872,1
1785988344,169414551,95.282,2.684,97.847,0.0,33.437,1
1785988344,202851074,111.168,2.445,113.478,0.0,33.437,1
1785988344,236288086,124.762,2.063,126.723,0.0,66.875,1
1785988344,303163574,101.593,2.657,104.09,0.0,33.438,1
1785988344,336601807,114.953,2.475,117.312,0.0,33.438,1
1785988344,370040283,151.804,2.591,154.24,0.0,100.318,1
1785988344,470358643,100.109,2.862,102.821,0.0,33.44,1
1785988344,503798828,113.752,2.446,116.075,0.0,33.441,1
1785988344,570680420,88.719,2.402,91.004,-33.441,33.441,1
1785988344,604121826,95.686,2.677,98.228,0.0,33.442,1
1785988344,637563721,111.367,2.608,113.85,0.0,33.442,1
1785988344,671005859,121.845,2.261,123.985,0.0,66.885,1
1785988344,737891357,95.807,3.282,98.973,0.0,33.441,1
1785988344,771332764,115.763,2.333,117.968,0.0,33.365,1
1785988344,838091553,95.183,3.937,98.983,-33.394,33.394,1
1785988344,871485596,117.619,1.999,119.517,0.0,66.789,1
1785988344,938274414,101.566,6.422,107.874,0.0,0.0,1
1785988344,971668945,121.244,2.359,123.457,-33.395,66.789,1
1785988345,38458252,110.612,3.699,114.178,0.0,66.79,1
1785988345,71853271,129.873,5.347,135.091,0.0,66.79,1
1785988345,138643311,111.481,2.37,113.728,0.0,33.396,1
1785988345,172038818,124.226,2.04,126.169,0.0,33.395,1
1785988345,238829834,115.658,2.829,118.374,33.396,66.792,1
1785988345,305621338,86.538,2.361,88.792,0.0,33.396,1
1785988345,339017090,107.822,2.357,110.052,0.0,33.396,1
1785988345,372413330,121.932,2.472,124.291,0.0,66.792,1
1785988345,439205811,97.499,14.911,112.291,0.0,33.396,1
1785988345,472602295,115.143,2.289,117.324,0.0,66.793,1
1785988345,539395752,95.42,2.36,97.651,0.0,33.397,1
1785988345,572792480,119.63,4.58,124.08,0.0,66.794,1
1785988345,639586670,96.533,3.387,99.204,0.0,33.397,1
1785988345,672983887,118.872,2.552,121.305,0.0,66.795,1
1785988345,739778809,93.574,2.41,95.858,0.0,33.398,1
1785988345,773176514,116.335,3.925,120.045,0.0,66.79,1
1785988345,839966553,104.191,2.686,106.748,0.0,33.393,1
1785988345,873359619,115.451,2.09,117.43,0.0,66.787,1
1785988345,940146484,95.363,2.665,97.896,0.0,33.394,1
1785988345,973540283,109.104,4.442,113.393,0.0,33.394,1
1785988346,6934082,116.036,3.286,119.204,0.0,33.394,1
1785988346,73722168,90.684,2.977,93.538,-33.394,33.394,1
1785988346,107116455,98.971,6.967,105.783,0.0,33.394,1
1785988346,140510742,99.951,3.2,103.029,0.0,33.395,1
1785988346,207300049,87.669,2.356,89.913,0.0,33.395,1
1785988346,240694824,92.974,3.092,95.943,0.0,33.395,1
1785988346,274089844,115.233,2.54,117.648,0.0,66.79,1
1785988346,340880127,96.661,3.102,99.592,0.0,33.396,1
1785988346,374275635,114.343,3.953,118.181,0.0,66.791,1
1785988346,441066895,93.958,3.026,96.845,0.0,33.396,1
1785988346,474462891,113.17,2.962,116.005,0.0,66.792,1
1785988346,541254883,92.153,2.88,94.872,0.0,33.396,1
1785988346,574651367,101.923,2.526,104.325,0.0,33.396,1
1785988346,608047607,117.559,2.227,119.661,0.0,66.793,1
1785988346,674841064,90.065,2.582,92.518,0.0,33.397,1
1785988346,708238037,97.472,4.885,102.231,0.0,33.397,1
1785988346,741635010,117.494,2.431,119.759,0.0,66.794,1
1785988346,808428711,85.824,2.218,87.934,0.0,33.301,1
1785988346,841729492,113.458,2.664,115.979,0.0,66.6,1
1785988346,908329834,91.218,2.573,93.669,0.0,33.299,1
1785988346,941629150,116.155,2.3,118.328,0.0,66.597,1
1785988347,8226074,103.622,2.302,105.812,0.0,33.298,1
1785988347,41523926,120.412,2.034,122.347,0.0,66.594,1
1785988347,108118164,114.005,1.997,115.908,0.0,66.592,1
1785988347,174710205,90.781,3.25,93.885,0.0,33.295,1
1785988347,208005615,101.257,2.534,103.671,0.0,33.295,1
1785988347,241300293,119.341,2.38,121.598,0.0,66.588,1
1785988347,307888428,93.268,4.112,97.234,0.0,0.0,1
1785988347,341181885,103.06,2.437,105.376,33.293,33.293,1
1785988347,407766846,89.964,2.318,92.155,33.292,33.292,1
1785988347,441058594,119.675,2.094,121.668,0.0,66.582,1
1785988347,507640625,88.875,2.923,91.636,0.0,33.29,1
1785988347,540930908,115.256,4.659,119.798,0.0,66.579,1
1785988347,607510010,91.232,2.391,93.491,0.0,33.289,1
1785988347,640798828,97.521,4.404,101.761,0.0,33.288,1
1785988347,674087158,120.977,2.367,123.223,0.0,66.575,1
1785988347,740662109,91.277,2.561,93.699,0.0,33.287,1
1785988347,773948975,111.928,2.846,114.659,0.0,66.589,1
1785988347,807237061,115.652,2.272,117.817,0.0,66.602,1
1785988347,873838867,106.159,3.157,109.199,0.0,33.3,1
1785988347,907138916,123.454,2.017,125.365,0.0,66.599,1
1785988347,973737793,93.447,4.124,97.389,0.0,33.299,1
1785988348,7036377,105.702,2.286,107.867,0.0,33.298,1
1785988348,73632324,87.36,2.567,89.806,-33.298,-33.298,1
1785988348,106929443,100.826,3.712,104.11,-66.595,-66.595,1
1785988348,140226074,118.26,2.027,120.192,33.296,66.592,1
1785988348,206817871,106.627,2.641,109.132,0.0,33.295,1
1785988348,240113037,121.916,4.437,125.083,0.0,66.589,1
1785988348,306701904,112.388,2.298,114.557,0.0,33.293,1
1785988348,339995361,119.55,2.155,121.604,0.0,33.293,1
1785988348,406581299,105.03,2.823,107.743,33.292,33.292,1
1785988348,439873291,122.992,4.337,127.154,0.0,66.583,1
1785988348,506456055,107.49,3.256,110.586,0.0,33.291,1
1785988348,539746826,130.586,3.257,133.624,0.0,66.58,1
1785988348,606326660,115.613,2.377,117.833,0.0,33.289,1
1785988348,672904297,106.769,3.782,110.433,0.0,33.288,1
1785988348,706192383,121.323,2.717,123.934,0.0,66.575,1
1785988349,538577148,119.736,2.796,122.158,33.291,66.581,1
