Jul 10 21:22:28 kria kernel: Booting Linux on physical CPU 0x0000000000 [0x410fd034]
Jul 10 21:22:28 kria kernel: Linux version 5.15.199-rt91-rt-kria (jaehyeon@jaehyeon-Raimlab) (aarch64-linux-gnu-gcc (Ubuntu 11.4.0-1ubuntu1~22.04.3) 11.4.0, GNU ld (GNU Binutils for Ubuntu) 2.38) #1 SMP PREEMPT_RT Tue Jul 7 22:56:39 KST 2026 (Ubuntu 5.15.0-1070.74-xilinx-zynqmp 5.15.199)
Jul 10 21:22:28 kria kernel: Machine model: ZynqMP KV260 revB
Jul 10 21:22:28 kria kernel: efi: UEFI not found.
Jul 10 21:22:28 kria kernel: earlycon: cdns0 at MMIO 0x00000000ff010000 (options '115200n8')
Jul 10 21:22:28 kria kernel: printk: bootconsole [cdns0] enabled
Jul 10 21:22:28 kria kernel: NUMA: No NUMA configuration found
Jul 10 21:22:28 kria kernel: NUMA: Faking a node at [mem 0x0000000000000000-0x000000087fffffff]
Jul 10 21:22:28 kria kernel: NUMA: NODE_DATA [mem 0x87f7c2300-0x87f7c6fff]
Jul 10 21:22:28 kria kernel: Zone ranges:
Jul 10 21:22:28 kria kernel:   DMA      [mem 0x0000000000000000-0x00000000ffffffff]
Jul 10 21:22:28 kria kernel:   DMA32    empty
Jul 10 21:22:28 kria kernel:   Normal   [mem 0x0000000100000000-0x000000087fffffff]
Jul 10 21:22:28 kria kernel:   Device   empty
Jul 10 21:22:28 kria kernel: Movable zone start for each node
Jul 10 21:22:28 kria kernel: Early memory node ranges
Jul 10 21:22:28 kria kernel:   node   0: [mem 0x0000000000000000-0x000000007fefffff]
Jul 10 21:22:28 kria kernel:   node   0: [mem 0x000000007ff00000-0x000000007fffffff]
Jul 10 21:22:28 kria kernel:   node   0: [mem 0x0000000800000000-0x000000087fffffff]
Jul 10 21:22:28 kria kernel: Initmem setup node 0 [mem 0x0000000000000000-0x000000087fffffff]
Jul 10 21:22:28 kria kernel: cma: Reserved 1000 MiB at 0x0000000036400000
Jul 10 21:22:28 kria kernel: psci: probing for conduit method from DT.
Jul 10 21:22:28 kria kernel: psci: PSCIv1.1 detected in firmware.
Jul 10 21:22:28 kria kernel: psci: Using standard PSCI v0.2 function IDs
Jul 10 21:22:28 kria kernel: psci: MIGRATE_INFO_TYPE not supported.
Jul 10 21:22:28 kria kernel: psci: SMC Calling Convention v1.5
Jul 10 21:22:28 kria kernel: percpu: Embedded 30 pages/cpu s84016 r8192 d30672 u122880
Jul 10 21:22:28 kria kernel: pcpu-alloc: s84016 r8192 d30672 u122880 alloc=30*4096
Jul 10 21:22:28 kria kernel: pcpu-alloc: [0] 0 [0] 1 [0] 2 [0] 3 
Jul 10 21:22:28 kria kernel: Detected VIPT I-cache on CPU0
Jul 10 21:22:28 kria kernel: CPU features: kernel page table isolation forced ON by KASLR
Jul 10 21:22:28 kria kernel: CPU features: detected: Kernel page table isolation (KPTI)
Jul 10 21:22:28 kria kernel: CPU features: detected: ARM erratum 845719
Jul 10 21:22:28 kria kernel: Built 1 zonelists, mobility grouping on.  Total pages: 1032192
Jul 10 21:22:28 kria kernel: Policy zone: Normal
Jul 10 21:22:28 kria kernel: Kernel command line:  root=LABEL=writable rootwait earlycon console=ttyPS1,115200 console=tty1 clk_ignore_unused uio_pdrv_genirq.of_id=generic-uio xilinx_tsn_ep.st_pcp=4 cma=1000M skew_tick=1
Jul 10 21:22:28 kria kernel: Dentry cache hash table entries: 524288 (order: 10, 4194304 bytes, linear)
Jul 10 21:22:28 kria kernel: Inode-cache hash table entries: 262144 (order: 9, 2097152 bytes, linear)
Jul 10 21:22:28 kria kernel: mem auto-init: stack:off, heap alloc:on, heap free:off
Jul 10 21:22:28 kria kernel: software IO TLB: mapped [mem 0x000000007bf00000-0x000000007ff00000] (64MB)
Jul 10 21:22:28 kria kernel: Memory: 2938032K/4194304K available (19840K kernel code, 3320K rwdata, 8208K rodata, 6464K init, 1456K bss, 232272K reserved, 1024000K cma-reserved)
Jul 10 21:22:28 kria kernel: SLUB: HWalign=64, Order=0-3, MinObjects=0, CPUs=4, Nodes=1
Jul 10 21:22:28 kria kernel: ftrace: allocating 62010 entries in 243 pages
Jul 10 21:22:28 kria kernel: ftrace: allocated 243 pages with 6 groups
Jul 10 21:22:28 kria kernel: trace event string verifier disabled
Jul 10 21:22:28 kria kernel: rcu: Preemptible hierarchical RCU implementation.
Jul 10 21:22:28 kria kernel: rcu:         RCU event tracing is enabled.
Jul 10 21:22:28 kria kernel: rcu:         RCU priority boosting: priority 1 delay 500 ms.
Jul 10 21:22:28 kria kernel: rcu:         RCU_SOFTIRQ processing moved to rcuc kthreads.
Jul 10 21:22:28 kria kernel:         No expedited grace period (rcu_normal_after_boot).
Jul 10 21:22:28 kria kernel:         Trampoline variant of Tasks RCU enabled.
Jul 10 21:22:28 kria kernel:         Rude variant of Tasks RCU enabled.
Jul 10 21:22:28 kria kernel:         Tracing variant of Tasks RCU enabled.
Jul 10 21:22:28 kria kernel: rcu: RCU calculated value of scheduler-enlistment delay is 100 jiffies.
Jul 10 21:22:28 kria kernel: NR_IRQS: 64, nr_irqs: 64, preallocated irqs: 0
Jul 10 21:22:28 kria kernel: GIC: Adjusting CPU interface base to 0x00000000f902f000
Jul 10 21:22:28 kria kernel: Root IRQ handler: gic_handle_irq
Jul 10 21:22:28 kria kernel: GIC: Using split EOI/Deactivate mode
Jul 10 21:22:28 kria kernel: arch_timer: cp15 timer(s) running at 99.99MHz (phys).
Jul 10 21:22:28 kria kernel: clocksource: arch_sys_counter: mask: 0x1ffffffffffffff max_cycles: 0x171015c90f, max_idle_ns: 440795203080 ns
Jul 10 21:22:28 kria kernel: sched_clock: 57 bits at 99MHz, resolution 10ns, wraps every 4398046511101ns
Jul 10 21:22:28 kria kernel: Console: colour dummy device 80x25
Jul 10 21:22:28 kria kernel: printk: console [tty1] enabled
Jul 10 21:22:28 kria kernel: printk: bootconsole [cdns0] disabled
Jul 10 21:22:28 kria kernel: Calibrating delay loop (skipped), value calculated using timer frequency.. 199.99 BogoMIPS (lpj=99999)
Jul 10 21:22:28 kria kernel: pid_max: default: 32768 minimum: 301
Jul 10 21:22:28 kria kernel: LSM: Security Framework initializing
Jul 10 21:22:28 kria kernel: landlock: Up and running.
Jul 10 21:22:28 kria kernel: Yama: becoming mindful.
Jul 10 21:22:28 kria kernel: AppArmor: AppArmor initialized
Jul 10 21:22:28 kria kernel: Mount-cache hash table entries: 8192 (order: 4, 65536 bytes, linear)
Jul 10 21:22:28 kria kernel: Mountpoint-cache hash table entries: 8192 (order: 4, 65536 bytes, linear)
Jul 10 21:22:28 kria kernel: rcu: Hierarchical SRCU implementation.
Jul 10 21:22:28 kria kernel: EFI services will not be available.
Jul 10 21:22:28 kria kernel: smp: Bringing up secondary CPUs ...
Jul 10 21:22:28 kria kernel: Detected VIPT I-cache on CPU1
Jul 10 21:22:28 kria kernel: CPU1: Booted secondary processor 0x0000000001 [0x410fd034]
Jul 10 21:22:28 kria kernel: Detected VIPT I-cache on CPU2
Jul 10 21:22:28 kria kernel: CPU2: Booted secondary processor 0x0000000002 [0x410fd034]
Jul 10 21:22:28 kria kernel: Detected VIPT I-cache on CPU3
Jul 10 21:22:28 kria kernel: CPU3: Booted secondary processor 0x0000000003 [0x410fd034]
Jul 10 21:22:28 kria kernel: smp: Brought up 1 node, 4 CPUs
Jul 10 21:22:28 kria kernel: SMP: Total of 4 processors activated.
Jul 10 21:22:28 kria kernel: CPU features: detected: 32-bit EL0 Support
Jul 10 21:22:28 kria kernel: CPU features: detected: CRC32 instructions
Jul 10 21:22:28 kria kernel: CPU features: emulated: Privileged Access Never (PAN) using TTBR0_EL1 switching
Jul 10 21:22:28 kria kernel: CPU: All CPU(s) started at EL2
Jul 10 21:22:28 kria kernel: alternatives: patching kernel code
Jul 10 21:22:28 kria kernel: devtmpfs: initialized
Jul 10 21:22:28 kria kernel: KASLR enabled
Jul 10 21:22:28 kria kernel: clocksource: jiffies: mask: 0xffffffff max_cycles: 0xffffffff, max_idle_ns: 1911260446275000 ns
Jul 10 21:22:28 kria kernel: futex hash table entries: 1024 (order: 4, 65536 bytes, linear)
Jul 10 21:22:28 kria kernel: pinctrl core: initialized pinctrl subsystem
Jul 10 21:22:28 kria kernel: DMI not present or invalid.
Jul 10 21:22:28 kria kernel: NET: Registered PF_NETLINK/PF_ROUTE protocol family
Jul 10 21:22:28 kria kernel: DMA: preallocated 512 KiB GFP_KERNEL pool for atomic allocations
Jul 10 21:22:28 kria kernel: DMA: preallocated 512 KiB GFP_KERNEL|GFP_DMA pool for atomic allocations
Jul 10 21:22:28 kria kernel: DMA: preallocated 512 KiB GFP_KERNEL|GFP_DMA32 pool for atomic allocations
Jul 10 21:22:28 kria kernel: audit: initializing netlink subsys (disabled)
Jul 10 21:22:28 kria kernel: audit: type=2000 audit(0.068:1): state=initialized audit_enabled=0 res=1
Jul 10 21:22:28 kria kernel: thermal_sys: Registered thermal governor 'fair_share'
Jul 10 21:22:28 kria kernel: thermal_sys: Registered thermal governor 'bang_bang'
Jul 10 21:22:28 kria kernel: thermal_sys: Registered thermal governor 'step_wise'
Jul 10 21:22:28 kria kernel: thermal_sys: Registered thermal governor 'user_space'
Jul 10 21:22:28 kria kernel: hw-breakpoint: found 6 breakpoint and 4 watchpoint registers.
Jul 10 21:22:28 kria kernel: ASID allocator initialised with 32768 entries
Jul 10 21:22:28 kria kernel: Serial: AMBA PL011 UART driver
Jul 10 21:22:28 kria kernel: HugeTLB registered 1.00 GiB page size, pre-allocated 0 pages
Jul 10 21:22:28 kria kernel: HugeTLB registered 32.0 MiB page size, pre-allocated 0 pages
Jul 10 21:22:28 kria kernel: HugeTLB registered 2.00 MiB page size, pre-allocated 0 pages
Jul 10 21:22:28 kria kernel: HugeTLB registered 64.0 KiB page size, pre-allocated 0 pages
Jul 10 21:22:28 kria kernel: raid6: neonx8   gen()  2367 MB/s
Jul 10 21:22:28 kria kernel: raid6: neonx8   xor()  1773 MB/s
Jul 10 21:22:28 kria kernel: raid6: neonx4   gen()  2422 MB/s
Jul 10 21:22:28 kria kernel: raid6: neonx4   xor()  1733 MB/s
Jul 10 21:22:28 kria kernel: raid6: neonx2   gen()  2315 MB/s
Jul 10 21:22:28 kria kernel: raid6: neonx2   xor()  1590 MB/s
Jul 10 21:22:28 kria kernel: raid6: neonx1   gen()  1996 MB/s
Jul 10 21:22:28 kria kernel: raid6: neonx1   xor()  1351 MB/s
Jul 10 21:22:28 kria kernel: raid6: int64x8  gen()  1516 MB/s
Jul 10 21:22:28 kria kernel: raid6: int64x8  xor()   859 MB/s
Jul 10 21:22:28 kria kernel: raid6: int64x4  gen()  1772 MB/s
Jul 10 21:22:28 kria kernel: raid6: int64x4  xor()   939 MB/s
Jul 10 21:22:28 kria kernel: raid6: int64x2  gen()  1551 MB/s
Jul 10 21:22:28 kria kernel: raid6: int64x2  xor()   832 MB/s
Jul 10 21:22:28 kria kernel: raid6: int64x1  gen()  1151 MB/s
Jul 10 21:22:28 kria kernel: raid6: int64x1  xor()   574 MB/s
Jul 10 21:22:28 kria kernel: raid6: using algorithm neonx4 gen() 2422 MB/s
Jul 10 21:22:28 kria kernel: raid6: .... xor() 1733 MB/s, rmw enabled
Jul 10 21:22:28 kria kernel: raid6: using neon recovery algorithm
Jul 10 21:22:28 kria kernel: ACPI: Interpreter disabled.
Jul 10 21:22:28 kria kernel: iommu: Default domain type: Translated 
Jul 10 21:22:28 kria kernel: iommu: DMA domain TLB invalidation policy: strict mode 
Jul 10 21:22:28 kria kernel: SCSI subsystem initialized
Jul 10 21:22:28 kria kernel: libata version 3.00 loaded.
Jul 10 21:22:28 kria kernel: vgaarb: loaded
Jul 10 21:22:28 kria kernel: usbcore: registered new interface driver usbfs
Jul 10 21:22:28 kria kernel: usbcore: registered new interface driver hub
Jul 10 21:22:28 kria kernel: usbcore: registered new device driver usb
Jul 10 21:22:28 kria kernel: mc: Linux media interface: v0.10
Jul 10 21:22:28 kria kernel: videodev: Linux video capture interface: v2.00
Jul 10 21:22:28 kria kernel: pps_core: LinuxPPS API ver. 1 registered
Jul 10 21:22:28 kria kernel: pps_core: Software ver. 5.3.6 - Copyright 2005-2007 Rodolfo Giometti <giometti@linux.it>
Jul 10 21:22:28 kria kernel: PTP clock support registered
Jul 10 21:22:28 kria kernel: EDAC MC: Ver: 3.0.0
Jul 10 21:22:28 kria kernel: zynqmp-ipi-mbox mailbox@ff9905c0: Registered ZynqMP IPI mbox with TX/RX channels.
Jul 10 21:22:28 kria kernel: FPGA manager framework
Jul 10 21:22:28 kria kernel: Advanced Linux Sound Architecture Driver Initialized.
Jul 10 21:22:28 kria kernel: NetLabel: Initializing
Jul 10 21:22:28 kria kernel: NetLabel:  domain hash size = 128
Jul 10 21:22:28 kria kernel: NetLabel:  protocols = UNLABELED CIPSOv4 CALIPSO
Jul 10 21:22:28 kria kernel: NetLabel:  unlabeled traffic allowed by default
Jul 10 21:22:28 kria kernel: clocksource: Switched to clocksource arch_sys_counter
Jul 10 21:22:28 kria kernel: VFS: Disk quotas dquot_6.6.0
Jul 10 21:22:28 kria kernel: VFS: Dquot-cache hash table entries: 512 (order 0, 4096 bytes)
Jul 10 21:22:28 kria kernel: AppArmor: AppArmor Filesystem Enabled
Jul 10 21:22:28 kria kernel: pnp: PnP ACPI: disabled
Jul 10 21:22:28 kria kernel: NET: Registered PF_INET protocol family
Jul 10 21:22:28 kria kernel: IP idents hash table entries: 65536 (order: 7, 524288 bytes, linear)
Jul 10 21:22:28 kria kernel: tcp_listen_portaddr_hash hash table entries: 2048 (order: 5, 81920 bytes, linear)
Jul 10 21:22:28 kria kernel: Table-perturb hash table entries: 65536 (order: 6, 262144 bytes, linear)
Jul 10 21:22:28 kria kernel: TCP established hash table entries: 32768 (order: 6, 262144 bytes, linear)
Jul 10 21:22:28 kria kernel: TCP bind hash table entries: 32768 (order: 9, 1310720 bytes, linear)
Jul 10 21:22:28 kria kernel: TCP: Hash tables configured (established 32768 bind 32768)
Jul 10 21:22:28 kria kernel: MPTCP token hash table entries: 4096 (order: 6, 229376 bytes, linear)
Jul 10 21:22:28 kria kernel: UDP hash table entries: 2048 (order: 6, 196608 bytes, linear)
Jul 10 21:22:28 kria kernel: UDP-Lite hash table entries: 2048 (order: 6, 196608 bytes, linear)
Jul 10 21:22:28 kria kernel: NET: Registered PF_UNIX/PF_LOCAL protocol family
Jul 10 21:22:28 kria kernel: RPC: Registered named UNIX socket transport module.
Jul 10 21:22:28 kria kernel: RPC: Registered udp transport module.
Jul 10 21:22:28 kria kernel: RPC: Registered tcp transport module.
Jul 10 21:22:28 kria kernel: RPC: Registered tcp NFSv4.1 backchannel transport module.
Jul 10 21:22:28 kria kernel: NET: Registered PF_XDP protocol family
Jul 10 21:22:28 kria kernel: PCI: CLS 0 bytes, default 64
Jul 10 21:22:28 kria kernel: Trying to unpack rootfs image as initramfs...
Jul 10 21:22:28 kria kernel: hw perfevents: enabled with armv8_pmuv3 PMU driver, 7 counters available
Jul 10 21:22:28 kria kernel: Initialise system trusted keyrings
Jul 10 21:22:28 kria kernel: Key type blacklist registered
Jul 10 21:22:28 kria kernel: workingset: timestamp_bits=40 max_order=20 bucket_order=0
Jul 10 21:22:28 kria kernel: zbud: loaded
Jul 10 21:22:28 kria kernel: squashfs: version 4.0 (2009/01/31) Phillip Lougher
Jul 10 21:22:28 kria kernel: NFS: Registering the id_resolver key type
Jul 10 21:22:28 kria kernel: Key type id_resolver registered
Jul 10 21:22:28 kria kernel: Key type id_legacy registered
Jul 10 21:22:28 kria kernel: nfs4filelayout_init: NFSv4 File Layout Driver Registering...
Jul 10 21:22:28 kria kernel: nfs4flexfilelayout_init: NFSv4 Flexfile Layout Driver Registering...
Jul 10 21:22:28 kria kernel: jffs2: version 2.2. (NAND) (SUMMARY)  © 2001-2006 Red Hat, Inc.
Jul 10 21:22:28 kria kernel: fuse: init (API version 7.34)
Jul 10 21:22:28 kria kernel: integrity: Platform Keyring initialized
Jul 10 21:22:28 kria kernel: NET: Registered PF_ALG protocol family
Jul 10 21:22:28 kria kernel: xor: measuring software checksum speed
Jul 10 21:22:28 kria kernel:    8regs           :  2596 MB/sec
Jul 10 21:22:28 kria kernel:    32regs          :  3081 MB/sec
Jul 10 21:22:28 kria kernel:    arm64_neon      :  2594 MB/sec
Jul 10 21:22:28 kria kernel: xor: using function: 32regs (3081 MB/sec)
Jul 10 21:22:28 kria kernel: Key type asymmetric registered
Jul 10 21:22:28 kria kernel: Asymmetric key parser 'x509' registered
Jul 10 21:22:28 kria kernel: Block layer SCSI generic (bsg) driver version 0.4 loaded (major 239)
Jul 10 21:22:28 kria kernel: io scheduler mq-deadline registered
Jul 10 21:22:28 kria kernel: io scheduler kyber registered
Jul 10 21:22:28 kria kernel: shpchp: Standard Hot Plug PCI Controller Driver version: 0.4
Jul 10 21:22:28 kria kernel: Serial: 8250/16550 driver, 4 ports, IRQ sharing enabled
Jul 10 21:22:28 kria kernel: Serial: AMBA driver
Jul 10 21:22:28 kria kernel: brd: module loaded
Jul 10 21:22:28 kria kernel: loop: module loaded
Jul 10 21:22:28 kria kernel: mtdoops: mtd device (mtddev=name/number) must be supplied
Jul 10 21:22:28 kria kernel: tun: Universal TUN/TAP device driver, 1.6
Jul 10 21:22:28 kria kernel: PPP generic driver version 2.4.2
Jul 10 21:22:28 kria kernel: usbcore: registered new interface driver asix
Jul 10 21:22:28 kria kernel: usbcore: registered new interface driver ax88179_178a
Jul 10 21:22:28 kria kernel: usbcore: registered new interface driver cdc_ether
Jul 10 21:22:28 kria kernel: usbcore: registered new interface driver net1080
Jul 10 21:22:28 kria kernel: usbcore: registered new interface driver cdc_subset
Jul 10 21:22:28 kria kernel: usbcore: registered new interface driver zaurus
Jul 10 21:22:28 kria kernel: usbcore: registered new interface driver cdc_ncm
Jul 10 21:22:28 kria kernel: ehci_hcd: USB 2.0 'Enhanced' Host Controller (EHCI) Driver
Jul 10 21:22:28 kria kernel: ehci-pci: EHCI PCI platform driver
Jul 10 21:22:28 kria kernel: ohci_hcd: USB 1.1 'Open' Host Controller (OHCI) Driver
Jul 10 21:22:28 kria kernel: ohci-pci: OHCI PCI platform driver
Jul 10 21:22:28 kria kernel: uhci_hcd: USB Universal Host Controller Interface driver
Jul 10 21:22:28 kria kernel: usbcore: registered new interface driver uas
Jul 10 21:22:28 kria kernel: usbcore: registered new interface driver usb-storage
Jul 10 21:22:28 kria kernel: mousedev: PS/2 mouse device common for all mice
Jul 10 21:22:28 kria kernel: i2c_dev: i2c /dev entries driver
Jul 10 21:22:28 kria kernel: usbcore: registered new interface driver uvcvideo
Jul 10 21:22:28 kria kernel: Driver for 1-wire Dallas network protocol.
Jul 10 21:22:28 kria kernel: device-mapper: core: CONFIG_IMA_DISABLE_HTABLE is disabled. Duplicate IMA measurements will not be recorded in the IMA log.
Jul 10 21:22:28 kria kernel: device-mapper: uevent: version 1.0.3
Jul 10 21:22:28 kria kernel: device-mapper: ioctl: 4.45.0-ioctl (2021-03-22) initialised: dm-devel@redhat.com
Jul 10 21:22:28 kria kernel: EDAC MC: ECC not enabled
Jul 10 21:22:28 kria kernel: EDAC DEVICE0: Giving out device to module edac controller cache_err: DEV edac (POLLED)
Jul 10 21:22:28 kria kernel: EDAC DEVICE1: Giving out device to module zynqmp-ocm-edac controller zynqmp_ocm: DEV ff960000.memory-controller (INTERRUPT)
Jul 10 21:22:28 kria kernel: sdhci: Secure Digital Host Controller Interface driver
Jul 10 21:22:28 kria kernel: sdhci: Copyright(c) Pierre Ossman
Jul 10 21:22:28 kria kernel: sdhci-pltfm: SDHCI platform and OF driver helper
Jul 10 21:22:28 kria kernel: SMCCC: SOC_ID: ID = jep106:0049:0000 Revision = 0x04724093
Jul 10 21:22:28 kria kernel: zynqmp_firmware_probe Platform Management API v1.1
Jul 10 21:22:28 kria kernel: zynqmp_firmware_probe Trustzone version v1.0
Jul 10 21:22:28 kria kernel: securefw securefw: securefw probed
Jul 10 21:22:28 kria kernel: hid: raw HID events driver (C) Jiri Kosina
Jul 10 21:22:28 kria kernel: fpga_manager fpga0: Xilinx ZynqMP FPGA Manager registered
Jul 10 21:22:28 kria kernel: usbcore: registered new interface driver snd-usb-audio
Jul 10 21:22:28 kria kernel: pktgen: Packet Generator for packet performance testing. Version: 2.75
Jul 10 21:22:28 kria kernel: drop_monitor: Initializing network drop monitor service
Jul 10 21:22:28 kria kernel: Initializing XFRM netlink socket
Jul 10 21:22:28 kria kernel: NET: Registered PF_INET6 protocol family
Jul 10 21:22:28 kria kernel: Freeing initrd memory: 44872K
Jul 10 21:22:28 kria kernel: Segment Routing with IPv6
Jul 10 21:22:28 kria kernel: In-situ OAM (IOAM) with IPv6
Jul 10 21:22:28 kria kernel: NET: Registered PF_PACKET protocol family
Jul 10 21:22:28 kria kernel: 8021q: 802.1Q VLAN Support v1.8
Jul 10 21:22:28 kria kernel: Key type dns_resolver registered
Jul 10 21:22:28 kria kernel: printk: console [tty1]: printing thread started
Jul 10 21:22:28 kria kernel: fbcon: Taking over console
Jul 10 21:22:28 kria kernel: registered taskstats version 1
Jul 10 21:22:28 kria kernel: Loading compiled-in X.509 certificates
Jul 10 21:22:28 kria kernel: Loaded X.509 cert 'Build time autogenerated kernel key: 6b949a93a46badd898ad21e52ad4bb233d33317c'
Jul 10 21:22:28 kria kernel: zswap: loaded using pool lzo/zbud
Jul 10 21:22:28 kria kernel: Key type .fscrypt registered
Jul 10 21:22:28 kria kernel: Key type fscrypt-provisioning registered
Jul 10 21:22:28 kria kernel: Btrfs loaded, crc32c=crc32c-generic, zoned=yes, fsverity=yes
Jul 10 21:22:28 kria kernel: cryptd: max_cpu_qlen set to 1000
Jul 10 21:22:28 kria kernel: Key type encrypted registered
Jul 10 21:22:28 kria kernel: AppArmor: AppArmor sha1 policy hashing enabled
Jul 10 21:22:28 kria kernel: ima: No TPM chip found, activating TPM-bypass!
Jul 10 21:22:28 kria kernel: Loading compiled-in module X.509 certificates
Jul 10 21:22:28 kria kernel: Loaded X.509 cert 'Build time autogenerated kernel key: 6b949a93a46badd898ad21e52ad4bb233d33317c'
Jul 10 21:22:28 kria kernel: ima: Allocated hash algorithm: sha1
Jul 10 21:22:28 kria kernel: ima: No architecture policies found
Jul 10 21:22:28 kria kernel: evm: Initialising EVM extended attributes:
Jul 10 21:22:28 kria kernel: evm: security.selinux
Jul 10 21:22:28 kria kernel: evm: security.SMACK64
Jul 10 21:22:28 kria kernel: evm: security.SMACK64EXEC
Jul 10 21:22:28 kria kernel: evm: security.SMACK64TRANSMUTE
Jul 10 21:22:28 kria kernel: evm: security.SMACK64MMAP
Jul 10 21:22:28 kria kernel: evm: security.apparmor
Jul 10 21:22:28 kria kernel: evm: security.ima
Jul 10 21:22:28 kria kernel: evm: security.capability
Jul 10 21:22:28 kria kernel: evm: HMAC attrs: 0x1
Jul 10 21:22:28 kria kernel: ff010000.serial: ttyPS1 at MMIO 0xff010000 (irq = 51, base_baud = 6249999) is a xuartps
Jul 10 21:22:28 kria kernel: printk: console [ttyPS1]: printing thread started
Jul 10 21:22:28 kria kernel: printk: console [ttyPS1] enabled
Jul 10 21:22:28 kria kernel: of-fpga-region fpga-full: FPGA Region probed
Jul 10 21:22:28 kria kernel: xilinx-zynqmp-dma fd500000.dma-controller: ZynqMP DMA driver Probe success
Jul 10 21:22:28 kria kernel: xilinx-zynqmp-dma fd510000.dma-controller: ZynqMP DMA driver Probe success
Jul 10 21:22:28 kria kernel: xilinx-zynqmp-dma fd520000.dma-controller: ZynqMP DMA driver Probe success
Jul 10 21:22:28 kria kernel: xilinx-zynqmp-dma fd530000.dma-controller: ZynqMP DMA driver Probe success
Jul 10 21:22:28 kria kernel: xilinx-zynqmp-dma fd540000.dma-controller: ZynqMP DMA driver Probe success
Jul 10 21:22:28 kria kernel: xilinx-zynqmp-dma fd550000.dma-controller: ZynqMP DMA driver Probe success
Jul 10 21:22:28 kria kernel: xilinx-zynqmp-dma fd560000.dma-controller: ZynqMP DMA driver Probe success
Jul 10 21:22:28 kria kernel: xilinx-zynqmp-dma fd570000.dma-controller: ZynqMP DMA driver Probe success
Jul 10 21:22:28 kria kernel: xilinx-zynqmp-dma ffa80000.dma-controller: ZynqMP DMA driver Probe success
Jul 10 21:22:28 kria kernel: xilinx-zynqmp-dma ffa90000.dma-controller: ZynqMP DMA driver Probe success
Jul 10 21:22:28 kria kernel: xilinx-zynqmp-dma ffaa0000.dma-controller: ZynqMP DMA driver Probe success
Jul 10 21:22:28 kria kernel: xilinx-zynqmp-dma ffab0000.dma-controller: ZynqMP DMA driver Probe success
Jul 10 21:22:28 kria kernel: xilinx-zynqmp-dma ffac0000.dma-controller: ZynqMP DMA driver Probe success
Jul 10 21:22:28 kria kernel: xilinx-zynqmp-dma ffad0000.dma-controller: ZynqMP DMA driver Probe success
Jul 10 21:22:28 kria kernel: xilinx-zynqmp-dma ffae0000.dma-controller: ZynqMP DMA driver Probe success
Jul 10 21:22:28 kria kernel: xilinx-zynqmp-dma ffaf0000.dma-controller: ZynqMP DMA driver Probe success
Jul 10 21:22:28 kria kernel: xilinx-zynqmp-dpdma fd4c0000.dma-controller: Xilinx DPDMA engine is probed
Jul 10 21:22:28 kria kernel: macb ff0e0000.ethernet: Not enabling partial store and forward
Jul 10 21:22:28 kria kernel: macb ff0e0000.ethernet eth0: Cadence GEM rev 0x50070106 at 0xff0e0000 irq 37 (00:0a:35:0c:ff:64)
Jul 10 21:22:28 kria kernel: xilinx-axipmon ffa00000.perf-monitor: Probed Xilinx APM
Jul 10 21:22:28 kria kernel: xilinx-axipmon fd0b0000.perf-monitor: Probed Xilinx APM
Jul 10 21:22:28 kria kernel: xilinx-axipmon fd490000.perf-monitor: Probed Xilinx APM
Jul 10 21:22:28 kria kernel: xilinx-axipmon ffa10000.perf-monitor: Probed Xilinx APM
Jul 10 21:22:28 kria kernel: xhci-hcd xhci-hcd.0.auto: xHCI Host Controller
Jul 10 21:22:28 kria kernel: xhci-hcd xhci-hcd.0.auto: new USB bus registered, assigned bus number 1
Jul 10 21:22:28 kria kernel: xhci-hcd xhci-hcd.0.auto: hcc params 0x0238f625 hci version 0x100 quirks 0x0000008002010890
Jul 10 21:22:28 kria kernel: xhci-hcd xhci-hcd.0.auto: irq 57, io mem 0xfe200000
Jul 10 21:22:28 kria kernel: xhci-hcd xhci-hcd.0.auto: xHCI Host Controller
Jul 10 21:22:28 kria kernel: xhci-hcd xhci-hcd.0.auto: new USB bus registered, assigned bus number 2
Jul 10 21:22:28 kria kernel: xhci-hcd xhci-hcd.0.auto: Host supports USB 3.0 SuperSpeed
Jul 10 21:22:28 kria kernel: usb usb1: New USB device found, idVendor=1d6b, idProduct=0002, bcdDevice= 5.15
Jul 10 21:22:28 kria kernel: usb usb1: New USB device strings: Mfr=3, Product=2, SerialNumber=1
Jul 10 21:22:28 kria kernel: usb usb1: Product: xHCI Host Controller
Jul 10 21:22:28 kria kernel: usb usb1: Manufacturer: Linux 5.15.199-rt91-rt-kria xhci-hcd
Jul 10 21:22:28 kria kernel: usb usb1: SerialNumber: xhci-hcd.0.auto
Jul 10 21:22:28 kria kernel: hub 1-0:1.0: USB hub found
Jul 10 21:22:28 kria kernel: hub 1-0:1.0: 1 port detected
Jul 10 21:22:28 kria kernel: usb usb2: New USB device found, idVendor=1d6b, idProduct=0003, bcdDevice= 5.15
Jul 10 21:22:28 kria kernel: usb usb2: New USB device strings: Mfr=3, Product=2, SerialNumber=1
Jul 10 21:22:28 kria kernel: usb usb2: Product: xHCI Host Controller
Jul 10 21:22:28 kria kernel: usb usb2: Manufacturer: Linux 5.15.199-rt91-rt-kria xhci-hcd
Jul 10 21:22:28 kria kernel: usb usb2: SerialNumber: xhci-hcd.0.auto
Jul 10 21:22:28 kria kernel: hub 2-0:1.0: USB hub found
Jul 10 21:22:28 kria kernel: hub 2-0:1.0: 1 port detected
Jul 10 21:22:28 kria kernel: cdns-wdt fd4d0000.watchdog: Xilinx Watchdog Timer with timeout 60s
Jul 10 21:22:28 kria kernel: cdns-wdt ff150000.watchdog: Xilinx Watchdog Timer with timeout 10s
Jul 10 21:22:28 kria kernel: clk: couldn't set sdio1_ref clk rate to 187498123 (-16), current rate: 187499999
Jul 10 21:22:28 kria kernel: clk: couldn't set sdio1_ref clk rate to 187498123 (-16), current rate: 187499999
Jul 10 21:22:28 kria kernel: input: gpio-keys as /devices/platform/gpio-keys/input/input0
Jul 10 21:22:28 kria kernel: of_cfs_init
Jul 10 21:22:28 kria kernel: of_cfs_init: OK
Jul 10 21:22:28 kria kernel: clk: Not disabling unused clocks
Jul 10 21:22:28 kria kernel: ALSA device list:
Jul 10 21:22:28 kria kernel:   No soundcards found.
Jul 10 21:22:28 kria kernel: mmc1: SDHCI controller on ff170000.mmc [ff170000.mmc] using ADMA 64-bit
Jul 10 21:22:28 kria kernel: Freeing unused kernel memory: 6464K
Jul 10 21:22:28 kria kernel: zynqmp_pll_disable() clock disable failed for dpll_int, ret = -13
Jul 10 21:22:28 kria kernel: Checked W+X mappings: passed, no W+X pages found
Jul 10 21:22:28 kria kernel: Run /init as init process
Jul 10 21:22:28 kria kernel:   with arguments:
Jul 10 21:22:28 kria kernel:     /init
Jul 10 21:22:28 kria kernel:   with environment:
Jul 10 21:22:28 kria kernel:     HOME=/
Jul 10 21:22:28 kria kernel:     TERM=linux
Jul 10 21:22:28 kria kernel: usb 1-1: new high-speed USB device number 2 using xhci-hcd
Jul 10 21:22:28 kria kernel: usb 1-1: New USB device found, idVendor=0424, idProduct=2744, bcdDevice= 1.21
Jul 10 21:22:28 kria kernel: usb 1-1: New USB device strings: Mfr=1, Product=2, SerialNumber=0
Jul 10 21:22:28 kria kernel: usb 1-1: Product: USB2734
Jul 10 21:22:28 kria kernel: usb 1-1: Manufacturer: Microchip Tech
Jul 10 21:22:28 kria kernel: hub 1-1:1.0: USB hub found
Jul 10 21:22:28 kria kernel: hub 1-1:1.0: 4 ports detected
Jul 10 21:22:28 kria kernel: mmc1: new high speed SDXC card at address aaaa
Jul 10 21:22:28 kria kernel: mmcblk1: mmc1:aaaa SD256 238 GiB 
Jul 10 21:22:28 kria kernel:  mmcblk1: p1 p2
Jul 10 21:22:28 kria kernel: usb 2-1: new SuperSpeed USB device number 2 using xhci-hcd
Jul 10 21:22:28 kria kernel: usb 2-1: New USB device found, idVendor=0424, idProduct=5744, bcdDevice= 1.21
Jul 10 21:22:28 kria kernel: usb 2-1: New USB device strings: Mfr=2, Product=3, SerialNumber=0
Jul 10 21:22:28 kria kernel: usb 2-1: Product: USB5734
Jul 10 21:22:28 kria kernel: usb 2-1: Manufacturer: Microchip Tech
Jul 10 21:22:28 kria kernel: hub 2-1:1.0: USB hub found
Jul 10 21:22:28 kria kernel: hub 2-1:1.0: 4 ports detected
Jul 10 21:22:28 kria kernel: usb 2-1.1: new SuperSpeed USB device number 3 using xhci-hcd
Jul 10 21:22:28 kria kernel: usb 2-1.1: New USB device found, idVendor=8086, idProduct=0b3a, bcdDevice=51.00
Jul 10 21:22:28 kria kernel: usb 2-1.1: New USB device strings: Mfr=1, Product=2, SerialNumber=3
Jul 10 21:22:28 kria kernel: usb 2-1.1: Product: Intel(R) RealSense(TM) Depth Camera 435i
Jul 10 21:22:28 kria kernel: usb 2-1.1: Manufacturer: Intel(R) RealSense(TM) Depth Camera 435i
Jul 10 21:22:28 kria kernel: usb 2-1.1: SerialNumber: 134523060150
Jul 10 21:22:28 kria kernel: uvcvideo 2-1.1:1.1: Unknown video format 00000050-0000-0010-8000-00aa00389b71
Jul 10 21:22:28 kria kernel: usb 2-1.1: Found UVC 1.50 device Intel(R) RealSense(TM) Depth Camera 435i (8086:0b3a)
Jul 10 21:22:28 kria kernel: at24 1-0050: supply vcc not found, using dummy regulator
Jul 10 21:22:28 kria kernel: at24 1-0050: 8192 byte 24c64 EEPROM, writable, 1 bytes/write
Jul 10 21:22:28 kria kernel: at24 1-0051: supply vcc not found, using dummy regulator
Jul 10 21:22:28 kria kernel: at24 1-0051: 8192 byte 24c64 EEPROM, writable, 1 bytes/write
Jul 10 21:22:28 kria kernel: cdns-i2c ff030000.i2c: 400 kHz mmio ff030000 irq 39
Jul 10 21:22:28 kria kernel: spi-nor spi0.0: mt25qu512a (65536 Kbytes)
Jul 10 21:22:28 kria kernel: 17 fixed-partitions partitions found on MTD device spi0.0
Jul 10 21:22:28 kria kernel: Creating 17 MTD partitions on "spi0.0":
Jul 10 21:22:28 kria kernel: 0x000000000000-0x000000080000 : "Image Selector"
Jul 10 21:22:28 kria kernel: 0x000000080000-0x000000100000 : "Image Selector Golden"
Jul 10 21:22:28 kria kernel: BUG: scheduling while atomic: systemd-udevd/295/0x00000002
Jul 10 21:22:28 kria kernel: Modules linked in: spi_zynqmp_gqspi(+) i2c_cadence crct10dif_ce aes_neon_bs aes_neon_blk aes_ce_blk crypto_simd cryptd aes_ce_cipher
Jul 10 21:22:28 kria kernel: CPU: 3 PID: 295 Comm: systemd-udevd Not tainted 5.15.199-rt91-rt-kria #1
Jul 10 21:22:28 kria kernel: Hardware name: ZynqMP KV260 revB (DT)
Jul 10 21:22:28 kria kernel: Call trace:
Jul 10 21:22:28 kria kernel:  dump_backtrace+0x0/0x1f0
Jul 10 21:22:28 kria kernel:  show_stack+0x20/0x2c
Jul 10 21:22:28 kria kernel:  dump_stack_lvl+0x68/0x84
Jul 10 21:22:28 kria kernel:  dump_stack+0x18/0x34
Jul 10 21:22:28 kria kernel:  __schedule_bug+0x5c/0x7c
Jul 10 21:22:28 kria kernel:  __schedule+0x114c/0x13f0
Jul 10 21:22:28 kria kernel:  schedule_rtlock+0x28/0x54
Jul 10 21:22:28 kria kernel:  rtlock_slowlock_locked+0x364/0xb50
Jul 10 21:22:28 kria kernel:  rt_spin_lock+0x94/0xbc
Jul 10 21:22:28 kria kernel:  crng_make_state+0x11c/0x1d0
Jul 10 21:22:28 kria kernel:  _get_random_bytes.part.0+0x5c/0x130
Jul 10 21:22:28 kria kernel:  get_random_u32+0x11c/0x130
Jul 10 21:22:28 kria kernel:  new_slab+0x184/0x4f0
Jul 10 21:22:28 kria kernel:  ___slab_alloc+0x6ec/0x82c
Jul 10 21:22:28 kria kernel:  kmem_cache_alloc+0x104/0x2e0
Jul 10 21:22:28 kria kernel:  radix_tree_node_alloc.constprop.0+0xc0/0x100
Jul 10 21:22:28 kria kernel:  idr_get_free+0x220/0x2d0
Jul 10 21:22:28 kria kernel:  idr_alloc_u32+0x74/0x110
Jul 10 21:22:28 kria kernel:  idr_alloc_cyclic+0x6c/0xf0
Jul 10 21:22:28 kria kernel:  __kernfs_new_node+0xb4/0x240
Jul 10 21:22:28 kria kernel:  kernfs_new_node+0x70/0x9c
Jul 10 21:22:28 kria kernel:  __kernfs_create_file+0x38/0x100
Jul 10 21:22:28 kria kernel:  sysfs_add_file_mode_ns+0xac/0x1ac
Jul 10 21:22:28 kria kernel:  internal_create_group+0x110/0x3d4
Jul 10 21:22:28 kria kernel:  sysfs_create_group+0x20/0x2c
Jul 10 21:22:28 kria kernel:  dpm_sysfs_add+0x50/0x130
Jul 10 21:22:28 kria kernel:  device_add+0x368/0x8e0
Jul 10 21:22:28 kria kernel:  device_add_disk+0xbc/0x3c0
Jul 10 21:22:28 kria kernel:  add_mtd_blktrans_dev+0x2a8/0x3e0
Jul 10 21:22:28 kria kernel:  mtdblock_add_mtd+0x94/0xb4
Jul 10 21:22:28 kria kernel:  blktrans_notify_add+0x58/0x80
Jul 10 21:22:28 kria kernel:  add_mtd_device+0x2bc/0x4c0
Jul 10 21:22:28 kria kernel:  add_mtd_partitions+0x114/0x1ac
Jul 10 21:22:28 kria kernel:  parse_mtd_partitions+0xe4/0x464
Jul 10 21:22:28 kria kernel:  mtd_device_parse_register+0x10c/0x324
Jul 10 21:22:28 kria kernel:  spi_nor_probe+0x234/0x310
Jul 10 21:22:28 kria kernel:  spi_mem_probe+0x74/0xb0
Jul 10 21:22:28 kria kernel:  spi_probe+0xa0/0x140
Jul 10 21:22:28 kria kernel:  really_probe+0xc4/0x470
Jul 10 21:22:28 kria kernel:  __driver_probe_device+0x10c/0x160
Jul 10 21:22:28 kria kernel:  driver_probe_device+0x48/0x130
Jul 10 21:22:28 kria kernel:  __device_attach_driver+0xc4/0x160
Jul 10 21:22:28 kria kernel:  bus_for_each_drv+0x84/0xe0
Jul 10 21:22:28 kria kernel:  __device_attach+0xb4/0x1fc
Jul 10 21:22:28 kria kernel:  device_initial_probe+0x1c/0x30
Jul 10 21:22:28 kria kernel:  bus_probe_device+0xa4/0xb0
Jul 10 21:22:28 kria kernel:  device_add+0x3c4/0x8e0
Jul 10 21:22:28 kria kernel:  __spi_add_device+0x7c/0x170
Jul 10 21:22:28 kria kernel:  spi_add_device+0x4c/0x90
Jul 10 21:22:28 kria kernel:  of_register_spi_device+0x250/0x3e0
Jul 10 21:22:28 kria kernel:  spi_register_controller+0x500/0x904
Jul 10 21:22:28 kria kernel:  devm_spi_register_controller+0x54/0xac
Jul 10 21:22:28 kria kernel:  zynqmp_qspi_probe+0x3e0/0x5a0 [spi_zynqmp_gqspi]
Jul 10 21:22:28 kria kernel:  platform_probe+0x70/0xe4
Jul 10 21:22:28 kria kernel:  really_probe+0xc4/0x470
Jul 10 21:22:28 kria kernel:  __driver_probe_device+0x10c/0x160
Jul 10 21:22:28 kria kernel:  driver_probe_device+0x48/0x130
Jul 10 21:22:28 kria kernel:  __driver_attach+0x11c/0x1fc
Jul 10 21:22:28 kria kernel:  bus_for_each_dev+0x7c/0xdc
Jul 10 21:22:28 kria kernel:  driver_attach+0x2c/0x3c
Jul 10 21:22:28 kria kernel:  bus_add_driver+0x154/0x254
Jul 10 21:22:28 kria kernel:  driver_register+0x80/0x13c
Jul 10 21:22:28 kria kernel:  __platform_driver_register+0x30/0x3c
Jul 10 21:22:28 kria kernel:  zynqmp_qspi_driver_init+0x28/0x1000 [spi_zynqmp_gqspi]
Jul 10 21:22:28 kria kernel:  do_one_initcall+0x50/0x2f0
Jul 10 21:22:28 kria kernel:  do_init_module+0x50/0x260
Jul 10 21:22:28 kria kernel:  load_module+0x217c/0x2564
Jul 10 21:22:28 kria kernel:  __do_sys_finit_module+0xac/0x11c
Jul 10 21:22:28 kria kernel:  __arm64_sys_finit_module+0x28/0x34
Jul 10 21:22:28 kria kernel:  invoke_syscall+0x78/0x100
Jul 10 21:22:28 kria kernel:  el0_svc_common.constprop.0+0x54/0x184
Jul 10 21:22:28 kria kernel:  do_el0_svc+0x30/0xac
Jul 10 21:22:28 kria kernel:  el0_svc+0x28/0xb0
Jul 10 21:22:28 kria kernel:  el0t_64_sync_handler+0xa4/0x12c
Jul 10 21:22:28 kria kernel:  el0t_64_sync+0x1a4/0x1a8
Jul 10 21:22:28 kria kernel: BUG: scheduling while atomic: kworker/0:2/238/0x00000002
Jul 10 21:22:28 kria kernel: Modules linked in: spi_zynqmp_gqspi(+) i2c_cadence crct10dif_ce aes_neon_bs aes_neon_blk aes_ce_blk crypto_simd cryptd aes_ce_cipher
Jul 10 21:22:28 kria kernel: CPU: 0 PID: 238 Comm: kworker/0:2 Tainted: G        W         5.15.199-rt91-rt-kria #1
Jul 10 21:22:28 kria kernel: Hardware name: ZynqMP KV260 revB (DT)
Jul 10 21:22:28 kria kernel: Workqueue: usb_hub_wq hub_event
Jul 10 21:22:28 kria kernel: Call trace:
Jul 10 21:22:28 kria kernel:  dump_backtrace+0x0/0x1f0
Jul 10 21:22:28 kria kernel:  show_stack+0x20/0x2c
Jul 10 21:22:28 kria kernel:  dump_stack_lvl+0x68/0x84
Jul 10 21:22:28 kria kernel:  dump_stack+0x18/0x34
Jul 10 21:22:28 kria kernel:  __schedule_bug+0x5c/0x7c
Jul 10 21:22:28 kria kernel:  __schedule+0x114c/0x13f0
Jul 10 21:22:28 kria kernel:  schedule_rtlock+0x28/0x54
Jul 10 21:22:28 kria kernel:  rtlock_slowlock_locked+0x364/0xb50
Jul 10 21:22:28 kria kernel:  rt_spin_lock+0x94/0xbc
Jul 10 21:22:28 kria kernel:  __kernfs_new_node+0x98/0x240
Jul 10 21:22:28 kria kernel:  kernfs_new_node+0x70/0x9c
Jul 10 21:22:28 kria kernel:  kernfs_create_dir_ns+0x3c/0xa0
Jul 10 21:22:28 kria kernel:  sysfs_create_dir_ns+0x78/0x11c
Jul 10 21:22:28 kria kernel:  kobject_add_internal+0xa0/0x320
Jul 10 21:22:28 kria kernel:  kobject_add+0x98/0x110
Jul 10 21:22:28 kria kernel:  device_add+0x108/0x8e0
Jul 10 21:22:28 kria kernel:  device_register+0x28/0x40
Jul 10 21:22:28 kria kernel:  __video_register_device+0x2b0/0x710
Jul 10 21:22:28 kria kernel:  uvc_register_video_device+0xf8/0x1e4
Jul 10 21:22:28 kria kernel:  uvc_probe+0x2458/0x255c
Jul 10 21:22:28 kria kernel:  usb_probe_interface+0xe4/0x2fc
Jul 10 21:22:28 kria kernel:  really_probe+0xc4/0x470
Jul 10 21:22:28 kria kernel:  __driver_probe_device+0x10c/0x160
Jul 10 21:22:28 kria kernel:  driver_probe_device+0x48/0x130
Jul 10 21:22:28 kria kernel:  __device_attach_driver+0xc4/0x160
Jul 10 21:22:28 kria kernel:  bus_for_each_drv+0x84/0xe0
Jul 10 21:22:28 kria kernel:  __device_attach+0xb4/0x1fc
Jul 10 21:22:28 kria kernel:  device_initial_probe+0x1c/0x30
Jul 10 21:22:28 kria kernel:  bus_probe_device+0xa4/0xb0
Jul 10 21:22:28 kria kernel:  device_add+0x3c4/0x8e0
Jul 10 21:22:28 kria kernel:  usb_set_configuration+0x49c/0x900
Jul 10 21:22:28 kria kernel:  usb_generic_driver_probe+0x6c/0xb0
Jul 10 21:22:28 kria kernel:  usb_probe_device+0x48/0x140
Jul 10 21:22:28 kria kernel:  really_probe+0xc4/0x470
Jul 10 21:22:28 kria kernel:  __driver_probe_device+0x10c/0x160
Jul 10 21:22:28 kria kernel:  driver_probe_device+0x48/0x130
Jul 10 21:22:28 kria kernel:  __device_attach_driver+0xc4/0x160
Jul 10 21:22:28 kria kernel:  bus_for_each_drv+0x84/0xe0
Jul 10 21:22:28 kria kernel:  __device_attach+0xb4/0x1fc
Jul 10 21:22:28 kria kernel:  device_initial_probe+0x1c/0x30
Jul 10 21:22:28 kria kernel:  bus_probe_device+0xa4/0xb0
Jul 10 21:22:28 kria kernel:  device_add+0x3c4/0x8e0
Jul 10 21:22:28 kria kernel:  usb_new_device+0x23c/0x67c
Jul 10 21:22:28 kria kernel:  hub_event+0xb98/0x18c0
Jul 10 21:22:28 kria kernel:  process_one_work+0x204/0x504
Jul 10 21:22:28 kria kernel:  worker_thread+0x138/0x480
Jul 10 21:22:28 kria kernel:  kthread+0x194/0x1ac
Jul 10 21:22:28 kria kernel:  ret_from_fork+0x10/0x20
Jul 10 21:22:28 kria kernel: BUG: scheduling while atomic: kworker/0:2/238/0x00000000
Jul 10 21:22:28 kria kernel: Modules linked in: spi_zynqmp_gqspi(+) i2c_cadence crct10dif_ce aes_neon_bs aes_neon_blk aes_ce_blk crypto_simd cryptd aes_ce_cipher
Jul 10 21:22:28 kria kernel: CPU: 0 PID: 238 Comm: kworker/0:2 Tainted: G        W         5.15.199-rt91-rt-kria #1
Jul 10 21:22:28 kria kernel: Hardware name: ZynqMP KV260 revB (DT)
Jul 10 21:22:28 kria kernel: BUG: scheduling while atomic: systemd-udevd/295/0x00000000
Jul 10 21:22:28 kria kernel: Modules linked in:
Jul 10 21:22:28 kria kernel: Workqueue: usb_hub_wq hub_event
Jul 10 21:22:28 kria kernel:  spi_zynqmp_gqspi(+) i2c_cadence
Jul 10 21:22:28 kria kernel: 
Jul 10 21:22:28 kria kernel:  crct10dif_ce
Jul 10 21:22:28 kria kernel: Call trace:
Jul 10 21:22:28 kria kernel:  aes_neon_bs aes_neon_blk
Jul 10 21:22:28 kria kernel:  dump_backtrace+0x0/0x1f0
Jul 10 21:22:28 kria kernel:  aes_ce_blk crypto_simd cryptd
Jul 10 21:22:28 kria kernel:  show_stack+0x20/0x2c
Jul 10 21:22:28 kria kernel:  aes_ce_cipher
Jul 10 21:22:28 kria kernel:  dump_stack_lvl+0x68/0x84
Jul 10 21:22:28 kria kernel:  dump_stack+0x18/0x34
Jul 10 21:22:28 kria kernel:  __schedule_bug+0x5c/0x7c
Jul 10 21:22:28 kria kernel:  __schedule+0x114c/0x13f0
Jul 10 21:22:28 kria kernel:  schedule+0x70/0x144
Jul 10 21:22:28 kria kernel:  schedule_timeout+0x1a4/0x1f0
Jul 10 21:22:28 kria kernel:  wait_for_completion+0x8c/0x130
Jul 10 21:22:28 kria kernel:  devtmpfs_submit_req+0x74/0x94
Jul 10 21:22:28 kria kernel:  devtmpfs_create_node+0xa8/0xf0
Jul 10 21:22:28 kria kernel:  device_add+0x834/0x8e0
Jul 10 21:22:28 kria kernel:  device_register+0x28/0x40
Jul 10 21:22:28 kria kernel:  __video_register_device+0x2b0/0x710
Jul 10 21:22:28 kria kernel:  uvc_register_video_device+0xf8/0x1e4
Jul 10 21:22:28 kria kernel:  uvc_probe+0x2458/0x255c
Jul 10 21:22:28 kria kernel:  usb_probe_interface+0xe4/0x2fc
Jul 10 21:22:28 kria kernel:  really_probe+0xc4/0x470
Jul 10 21:22:28 kria kernel:  __driver_probe_device+0x10c/0x160
Jul 10 21:22:28 kria kernel:  driver_probe_device+0x48/0x130
Jul 10 21:22:28 kria kernel:  __device_attach_driver+0xc4/0x160
Jul 10 21:22:28 kria kernel:  bus_for_each_drv+0x84/0xe0
Jul 10 21:22:28 kria kernel:  __device_attach+0xb4/0x1fc
Jul 10 21:22:28 kria kernel:  device_initial_probe+0x1c/0x30
Jul 10 21:22:28 kria kernel:  bus_probe_device+0xa4/0xb0
Jul 10 21:22:28 kria kernel:  device_add+0x3c4/0x8e0
Jul 10 21:22:28 kria kernel:  usb_set_configuration+0x49c/0x900
Jul 10 21:22:28 kria kernel:  usb_generic_driver_probe+0x6c/0xb0
Jul 10 21:22:28 kria kernel:  usb_probe_device+0x48/0x140
Jul 10 21:22:28 kria kernel:  really_probe+0xc4/0x470
Jul 10 21:22:28 kria kernel:  __driver_probe_device+0x10c/0x160
Jul 10 21:22:28 kria kernel:  driver_probe_device+0x48/0x130
Jul 10 21:22:28 kria kernel:  __device_attach_driver+0xc4/0x160
Jul 10 21:22:28 kria kernel:  bus_for_each_drv+0x84/0xe0
Jul 10 21:22:28 kria kernel:  __device_attach+0xb4/0x1fc
Jul 10 21:22:28 kria kernel:  device_initial_probe+0x1c/0x30
Jul 10 21:22:28 kria kernel:  bus_probe_device+0xa4/0xb0
Jul 10 21:22:28 kria kernel:  device_add+0x3c4/0x8e0
Jul 10 21:22:28 kria kernel:  usb_new_device+0x23c/0x67c
Jul 10 21:22:28 kria kernel:  hub_event+0xb98/0x18c0
Jul 10 21:22:28 kria kernel:  process_one_work+0x204/0x504
Jul 10 21:22:28 kria kernel:  worker_thread+0x138/0x480
Jul 10 21:22:28 kria kernel:  kthread+0x194/0x1ac
Jul 10 21:22:28 kria kernel:  ret_from_fork+0x10/0x20
Jul 10 21:22:28 kria kernel: CPU: 3 PID: 295 Comm: systemd-udevd Tainted: G        W         5.15.199-rt91-rt-kria #1
Jul 10 21:22:28 kria kernel: Hardware name: ZynqMP KV260 revB (DT)
Jul 10 21:22:28 kria kernel: Call trace:
Jul 10 21:22:28 kria kernel:  dump_backtrace+0x0/0x1f0
Jul 10 21:22:28 kria kernel:  show_stack+0x20/0x2c
Jul 10 21:22:28 kria kernel:  dump_stack_lvl+0x68/0x84
Jul 10 21:22:28 kria kernel:  dump_stack+0x18/0x34
Jul 10 21:22:28 kria kernel:  __schedule_bug+0x5c/0x7c
Jul 10 21:22:28 kria kernel:  __schedule+0x114c/0x13f0
Jul 10 21:22:28 kria kernel:  schedule+0x70/0x144
Jul 10 21:22:28 kria kernel:  rwbase_write_lock+0x118/0x240
Jul 10 21:22:28 kria kernel:  down_write+0x1c/0x30
Jul 10 21:22:28 kria kernel:  kernfs_activate+0x44/0x174
Jul 10 21:22:28 kria kernel:  kernfs_add_one+0x114/0x15c
Jul 10 21:22:28 kria kernel:  kernfs_create_link+0x6c/0xf0
Jul 10 21:22:28 kria kernel:  sysfs_do_create_link_sd+0x74/0x100
Jul 10 21:22:28 kria kernel:  sysfs_create_link+0x28/0x50
Jul 10 21:22:28 kria kernel:  device_add_disk+0x168/0x3c0
Jul 10 21:22:28 kria kernel:  add_mtd_blktrans_dev+0x2a8/0x3e0
Jul 10 21:22:28 kria kernel:  mtdblock_add_mtd+0x94/0xb4
Jul 10 21:22:28 kria kernel:  blktrans_notify_add+0x58/0x80
Jul 10 21:22:28 kria kernel:  add_mtd_device+0x2bc/0x4c0
Jul 10 21:22:28 kria kernel:  add_mtd_partitions+0x114/0x1ac
Jul 10 21:22:28 kria kernel:  parse_mtd_partitions+0xe4/0x464
Jul 10 21:22:28 kria kernel:  mtd_device_parse_register+0x10c/0x324
Jul 10 21:22:28 kria kernel:  spi_nor_probe+0x234/0x310
Jul 10 21:22:28 kria kernel:  spi_mem_probe+0x74/0xb0
Jul 10 21:22:28 kria kernel:  spi_probe+0xa0/0x140
Jul 10 21:22:28 kria kernel:  really_probe+0xc4/0x470
Jul 10 21:22:28 kria kernel:  __driver_probe_device+0x10c/0x160
Jul 10 21:22:28 kria kernel:  driver_probe_device+0x48/0x130
Jul 10 21:22:28 kria kernel:  __device_attach_driver+0xc4/0x160
Jul 10 21:22:28 kria kernel:  bus_for_each_drv+0x84/0xe0
Jul 10 21:22:28 kria kernel:  __device_attach+0xb4/0x1fc
Jul 10 21:22:28 kria kernel:  device_initial_probe+0x1c/0x30
Jul 10 21:22:28 kria kernel:  bus_probe_device+0xa4/0xb0
Jul 10 21:22:28 kria kernel:  device_add+0x3c4/0x8e0
Jul 10 21:22:28 kria kernel:  __spi_add_device+0x7c/0x170
Jul 10 21:22:28 kria kernel:  spi_add_device+0x4c/0x90
Jul 10 21:22:28 kria kernel:  of_register_spi_device+0x250/0x3e0
Jul 10 21:22:28 kria kernel:  spi_register_controller+0x500/0x904
Jul 10 21:22:28 kria kernel:  devm_spi_register_controller+0x54/0xac
Jul 10 21:22:28 kria kernel:  zynqmp_qspi_probe+0x3e0/0x5a0 [spi_zynqmp_gqspi]
Jul 10 21:22:28 kria kernel:  platform_probe+0x70/0xe4
Jul 10 21:22:28 kria kernel:  really_probe+0xc4/0x470
Jul 10 21:22:28 kria kernel:  __driver_probe_device+0x10c/0x160
Jul 10 21:22:28 kria kernel:  driver_probe_device+0x48/0x130
Jul 10 21:22:28 kria kernel:  __driver_attach+0x11c/0x1fc
Jul 10 21:22:28 kria kernel:  bus_for_each_dev+0x7c/0xdc
Jul 10 21:22:28 kria kernel:  driver_attach+0x2c/0x3c
Jul 10 21:22:28 kria kernel:  bus_add_driver+0x154/0x254
Jul 10 21:22:28 kria kernel:  driver_register+0x80/0x13c
Jul 10 21:22:28 kria kernel:  __platform_driver_register+0x30/0x3c
Jul 10 21:22:28 kria kernel:  zynqmp_qspi_driver_init+0x28/0x1000 [spi_zynqmp_gqspi]
Jul 10 21:22:28 kria kernel:  do_one_initcall+0x50/0x2f0
Jul 10 21:22:28 kria kernel:  do_init_module+0x50/0x260
Jul 10 21:22:28 kria kernel:  load_module+0x217c/0x2564
Jul 10 21:22:28 kria kernel:  __do_sys_finit_module+0xac/0x11c
Jul 10 21:22:28 kria kernel:  __arm64_sys_finit_module+0x28/0x34
Jul 10 21:22:28 kria kernel:  invoke_syscall+0x78/0x100
Jul 10 21:22:28 kria kernel:  el0_svc_common.constprop.0+0x54/0x184
Jul 10 21:22:28 kria kernel:  do_el0_svc+0x30/0xac
Jul 10 21:22:28 kria kernel:  el0_svc+0x28/0xb0
Jul 10 21:22:28 kria kernel:  el0t_64_sync_handler+0xa4/0x12c
Jul 10 21:22:28 kria kernel:  el0t_64_sync+0x1a4/0x1a8
Jul 10 21:22:28 kria kernel: 0x000000100000-0x000000120000 : "Persistent Register"
Jul 10 21:22:28 kria kernel: 0x000000120000-0x000000140000 : "Persistent Register Backup"
Jul 10 21:22:28 kria kernel: 0x000000140000-0x000000200000 : "Open_1"
Jul 10 21:22:28 kria kernel: input: Intel(R) RealSense(TM) Depth Ca as /devices/platform/axi/ff9d0000.usb/fe200000.usb/xhci-hcd.0.auto/usb2/2-1/2-1.1/2-1.1:1.0/input/input1
Jul 10 21:22:28 kria kernel: 0x000000200000-0x000000f00000 : "Image A (FSBL, PMU, ATF, U-Boot)"
Jul 10 21:22:28 kria kernel: uvcvideo 2-1.1:1.4: Unknown video format 36315752-1a66-a242-9065-d01814a8ef8a
Jul 10 21:22:28 kria kernel: usb 2-1.1: Found UVC 1.50 device Intel(R) RealSense(TM) Depth Camera 435i (8086:0b3a)
Jul 10 21:22:28 kria kernel: 0x000000f00000-0x000000f80000 : "ImgSel Image A Catch"
Jul 10 21:22:28 kria kernel: 0x000000f80000-0x000001c80000 : "Image B (FSBL, PMU, ATF, U-Boot)"
Jul 10 21:22:28 kria kernel: rtc_zynqmp ffa60000.rtc: registered as rtc0
Jul 10 21:22:28 kria kernel: rtc_zynqmp ffa60000.rtc: setting system clock to 2026-07-10T12:22:14 UTC (1783686134)
Jul 10 21:22:28 kria kernel: 0x000001c80000-0x000001d00000 : "ImgSel Image B Catch"
Jul 10 21:22:28 kria kernel: 0x000001d00000-0x000001e00000 : "Open_2"
Jul 10 21:22:28 kria kernel: 0x000001e00000-0x000002000000 : "Recovery Image"
Jul 10 21:22:28 kria kernel: 0x000002000000-0x000002200000 : "Recovery Image Backup"
Jul 10 21:22:28 kria kernel: 0x000002200000-0x000002220000 : "U-Boot storage variables"
Jul 10 21:22:28 kria kernel: 0x000002220000-0x000002240000 : "U-Boot storage variables backup"
Jul 10 21:22:28 kria kernel: 0x000002240000-0x000002280000 : "SHA256"
Jul 10 21:22:28 kria kernel: 0x000002280000-0x0000022a0000 : "Secure OS Storage"
Jul 10 21:22:28 kria kernel: 0x0000022a0000-0x000004000000 : "User"
Jul 10 21:22:28 kria kernel: da9121 1-0033: Device detected (device-ID: 0x05, var-ID: 0x21, DA9131)
Jul 10 21:22:28 kria kernel: da9121 1-0032: Device detected (device-ID: 0x05, var-ID: 0x20, DA9130)
Jul 10 21:22:28 kria kernel: hid-generic 0003:8086:0B3A.0001: hiddev0,hidraw0: USB HID v1.10 Device [Intel(R) RealSense(TM) Depth Camera 435i Intel(R) RealSense(TM) Depth Camera 435i] on usb-xhci-hcd.0.auto-1.1/input5
Jul 10 21:22:28 kria kernel: usbcore: registered new interface driver usbhid
Jul 10 21:22:28 kria kernel: usbhid: USB HID core driver
Jul 10 21:22:28 kria kernel: random: crng init done
Jul 10 21:22:28 kria kernel: async_tx: api initialized (async)
Jul 10 21:22:28 kria kernel: EXT4-fs (mmcblk1p2): mounted filesystem with ordered data mode. Opts: (null). Quota mode: none.
Jul 10 21:22:28 kria systemd[1]: Inserted module 'autofs4'
Jul 10 21:22:28 kria systemd[1]: systemd 249.11-0ubuntu3.21 running in system mode (+PAM +AUDIT +SELINUX +APPARMOR +IMA +SMACK +SECCOMP +GCRYPT +GNUTLS +OPENSSL +ACL +BLKID +CURL +ELFUTILS +FIDO2 +IDN2 -IDN +IPTC +KMOD +LIBCRYPTSETUP +LIBFDISK +PCRE2 -PWQUALITY -P11KIT -QRENCODE +BZIP2 +LZ4 +XZ +ZLIB +ZSTD -XKBCOMMON +UTMP +SYSVINIT default-hierarchy=unified)
Jul 10 21:22:28 kria systemd[1]: Detected architecture arm64.
Jul 10 21:22:28 kria systemd[1]: Hostname set to <kria>.
Jul 10 21:22:28 kria systemd[1]: Configuration file /run/systemd/system/netplan-ovs-cleanup.service is marked world-inaccessible. This has no effect as configuration data is accessible via APIs without restrictions. Proceeding anyway.
Jul 10 21:22:28 kria systemd[1]: /lib/systemd/system/snapd.service:23: Unknown key name 'RestartMode' in section 'Service', ignoring.
Jul 10 21:22:28 kria systemd[1]: Queued start job for default target Multi-User System.
Jul 10 21:22:28 kria systemd[1]: Created slice Slice /system/modprobe.
Jul 10 21:22:28 kria systemd[1]: Created slice Slice /system/serial-getty.
Jul 10 21:22:28 kria systemd[1]: Created slice Slice /system/systemd-fsck.
Jul 10 21:22:28 kria systemd[1]: Created slice User and Session Slice.
Jul 10 21:22:28 kria systemd[1]: Started Dispatch Password Requests to Console Directory Watch.
Jul 10 21:22:28 kria systemd[1]: Started Forward Password Requests to Wall Directory Watch.
Jul 10 21:22:28 kria systemd[1]: Set up automount Arbitrary Executable File Formats File System Automount Point.
Jul 10 21:22:28 kria systemd[1]: Reached target Local Encrypted Volumes.
Jul 10 21:22:28 kria systemd[1]: Reached target Slice Units.
Jul 10 21:22:28 kria systemd[1]: Reached target Mounting snaps.
Jul 10 21:22:28 kria systemd[1]: Reached target Local Verity Protected Volumes.
Jul 10 21:22:28 kria systemd[1]: Listening on Device-mapper event daemon FIFOs.
Jul 10 21:22:28 kria systemd[1]: Listening on LVM2 poll daemon socket.
Jul 10 21:22:28 kria systemd[1]: Listening on multipathd control socket.
Jul 10 21:22:28 kria systemd[1]: Listening on RPCbind Server Activation Socket.
Jul 10 21:22:28 kria systemd[1]: Listening on Syslog Socket.
Jul 10 21:22:28 kria systemd[1]: Listening on fsck to fsckd communication Socket.
Jul 10 21:22:28 kria systemd[1]: Listening on initctl Compatibility Named Pipe.
Jul 10 21:22:28 kria systemd[1]: Listening on Journal Audit Socket.
Jul 10 21:22:28 kria systemd[1]: Listening on Journal Socket (/dev/log).
Jul 10 21:22:28 kria systemd[1]: Listening on Journal Socket.
Jul 10 21:22:28 kria systemd[1]: Listening on udev Control Socket.
Jul 10 21:22:28 kria systemd[1]: Listening on udev Kernel Socket.
Jul 10 21:22:28 kria systemd[1]: Mounting Huge Pages File System...
Jul 10 21:22:28 kria systemd[1]: Mounting POSIX Message Queue File System...
Jul 10 21:22:28 kria systemd[1]: Mounting Kernel Debug File System...
Jul 10 21:22:28 kria systemd[1]: Mounting Kernel Trace File System...
Jul 10 21:22:28 kria systemd[1]: Starting Journal Service...
Jul 10 21:22:28 kria systemd[1]: Condition check resulted in Kernel Module supporting RPCSEC_GSS being skipped.
Jul 10 21:22:28 kria systemd[1]: Starting Set the console keyboard layout...
Jul 10 21:22:28 kria systemd[1]: Starting Create List of Static Device Nodes...
Jul 10 21:22:28 kria systemd[1]: Starting Monitoring of LVM2 mirrors, snapshots etc. using dmeventd or progress polling...
Jul 10 21:22:28 kria systemd[1]: Condition check resulted in LXD - agent being skipped.
Jul 10 21:22:28 kria systemd[1]: Starting Load Kernel Module configfs...
Jul 10 21:22:28 kria systemd[1]: Starting Load Kernel Module drm...
Jul 10 21:22:28 kria systemd[1]: Starting Load Kernel Module efi_pstore...
Jul 10 21:22:28 kria systemd[1]: Starting Load Kernel Module fuse...
Jul 10 21:22:28 kria systemd[1]: Condition check resulted in File System Check on Root Device being skipped.
Jul 10 21:22:28 kria systemd[1]: Starting Load Kernel Modules...
Jul 10 21:22:28 kria systemd[1]: Starting Remount Root and Kernel File Systems...
Jul 10 21:22:28 kria systemd[1]: Starting Coldplug All udev Devices...
Jul 10 21:22:28 kria systemd[1]: Mounted Huge Pages File System.
Jul 10 21:22:28 kria systemd[1]: Mounted POSIX Message Queue File System.
Jul 10 21:22:28 kria systemd[1]: Mounted Kernel Debug File System.
Jul 10 21:22:28 kria systemd[1]: Mounted Kernel Trace File System.
Jul 10 21:22:28 kria systemd[1]: Finished Create List of Static Device Nodes.
Jul 10 21:22:28 kria kernel: EXT4-fs (mmcblk1p2): re-mounted. Opts: discard,errors=remount-ro. Quota mode: none.
Jul 10 21:22:28 kria systemd[1]: modprobe@configfs.service: Deactivated successfully.
Jul 10 21:22:28 kria systemd[1]: Finished Load Kernel Module configfs.
Jul 10 21:22:28 kria systemd[1]: modprobe@drm.service: Deactivated successfully.
Jul 10 21:22:28 kria systemd[1]: Finished Load Kernel Module drm.
Jul 10 21:22:28 kria systemd[1]: modprobe@efi_pstore.service: Deactivated successfully.
Jul 10 21:22:28 kria systemd[1]: Finished Load Kernel Module efi_pstore.
Jul 10 21:22:28 kria kernel: dmaproxy: module is from the staging directory, the quality is unknown, you have been warned.
Jul 10 21:22:28 kria systemd-journald[582]: Journal started
Jul 10 21:22:28 kria systemd-journald[582]: Runtime Journal (/run/log/journal/1494624fa9874830a75d52e11fedc257) is 4.9M, max 39.1M, 34.2M free.
Jul 10 21:22:28 kria systemd-modules-load[595]: Inserted module 'dmaproxy'
Jul 10 21:22:28 kria systemd[1]: Started Journal Service.
Jul 10 21:22:28 kria systemd[1]: Finished Monitoring of LVM2 mirrors, snapshots etc. using dmeventd or progress polling.
Jul 10 21:22:28 kria systemd[1]: modprobe@fuse.service: Deactivated successfully.
Jul 10 21:22:28 kria systemd[1]: Finished Load Kernel Module fuse.
Jul 10 21:22:28 kria systemd[1]: Finished Remount Root and Kernel File Systems.
Jul 10 21:22:28 kria systemd[1]: Activating swap /swapfile...
Jul 10 21:22:28 kria systemd-modules-load[595]: Inserted module 'usb5744'
Jul 10 21:22:28 kria systemd[1]: Mounting FUSE Control File System...
Jul 10 21:22:28 kria systemd[1]: Mounting Kernel Configuration File System...
Jul 10 21:22:28 kria systemd[1]: Starting Device-Mapper Multipath Device Controller...
Jul 10 21:22:28 kria systemd[1]: Starting Flush Journal to Persistent Storage...
Jul 10 21:22:28 kria systemd[1]: Condition check resulted in Platform Persistent Storage Archival being skipped.
Jul 10 21:22:28 kria systemd[1]: Starting Load/Save Random Seed...
Jul 10 21:22:28 kria systemd[1]: Starting Create System Users...
Jul 10 21:22:28 kria kernel: alua: device handler registered
Jul 10 21:22:28 kria systemd[1]: Finished Load Kernel Modules.
Jul 10 21:22:28 kria systemd[1]: Mounted FUSE Control File System.
Jul 10 21:22:28 kria systemd[1]: Mounted Kernel Configuration File System.
Jul 10 21:22:28 kria kernel: Adding 29360124k swap on /swapfile.  Priority:-2 extents:238 across:128270336k SSFS
Jul 10 21:22:28 kria kernel: emc: device handler registered
Jul 10 21:22:28 kria systemd-journald[582]: Time spent on flushing to /var/log/journal/1494624fa9874830a75d52e11fedc257 is 32.644ms for 751 entries.
Jul 10 21:22:28 kria systemd-journald[582]: System Journal (/var/log/journal/1494624fa9874830a75d52e11fedc257) is 832.3M, max 4.0G, 3.1G free.
Jul 10 21:22:30 kria kernel: rdac: device handler registered
Jul 10 21:22:30 kria kernel: loop0: detected capacity change from 0 to 8
Jul 10 21:22:30 kria kernel: loop1: detected capacity change from 0 to 121992
Jul 10 21:22:30 kria kernel: loop2: detected capacity change from 0 to 122008
Jul 10 21:22:30 kria kernel: loop3: detected capacity change from 0 to 141680
Jul 10 21:22:30 kria kernel: loop4: detected capacity change from 0 to 141232
Jul 10 21:22:30 kria kernel: loop5: detected capacity change from 0 to 126776
Jul 10 21:22:30 kria kernel: loop6: detected capacity change from 0 to 126688
Jul 10 21:22:30 kria kernel: loop7: detected capacity change from 0 to 491560
Jul 10 21:22:30 kria kernel: loop8: detected capacity change from 0 to 491720
Jul 10 21:22:30 kria kernel: loop9: detected capacity change from 0 to 684120
Jul 10 21:22:28 kria systemd[1]: Starting Apply Kernel Variables...
Jul 10 21:22:28 kria systemd[1]: Activated swap /swapfile.
Jul 10 21:22:28 kria systemd[1]: Reached target Swaps.
Jul 10 21:22:30 kria multipathd[614]: --------start up--------
Jul 10 21:22:30 kria multipathd[614]: read /etc/multipath.conf
Jul 10 21:22:30 kria multipathd[614]: path checkers start up
Jul 10 21:22:28 kria systemd[1]: Finished Set the console keyboard layout.
Jul 10 21:22:28 kria systemd[1]: Finished Load/Save Random Seed.
Jul 10 21:22:28 kria systemd[1]: Condition check resulted in First Boot Complete being skipped.
Jul 10 21:22:28 kria systemd[1]: Finished Create System Users.
Jul 10 21:22:28 kria systemd[1]: Starting Create Static Device Nodes in /dev...
Jul 10 21:22:28 kria systemd[1]: Finished Apply Kernel Variables.
Jul 10 21:22:29 kria systemd[1]: Finished Create Static Device Nodes in /dev.
Jul 10 21:22:29 kria systemd[1]: Starting Rule-based Manager for Device Events and Files...
Jul 10 21:22:29 kria systemd[1]: Started Device-Mapper Multipath Device Controller.
Jul 10 21:22:29 kria systemd[1]: Reached target Preparation for Local File Systems.
Jul 10 21:22:29 kria systemd[1]: Mounting Mount unit for bare, revision 5...
Jul 10 21:22:29 kria systemd[1]: Mounting Mount unit for core20, revision 2772...
Jul 10 21:22:29 kria systemd[1]: Mounting Mount unit for core20, revision 2870...
Jul 10 21:22:29 kria systemd[1]: Mounting Mount unit for core22, revision 1125...
Jul 10 21:22:29 kria systemd[1]: Mounting Mount unit for core22, revision 2412...
Jul 10 21:22:29 kria systemd[1]: Mounting Mount unit for core24, revision 1588...
Jul 10 21:22:29 kria systemd[1]: Mounting Mount unit for core24, revision 1644...
Jul 10 21:22:29 kria systemd[1]: Mounting Mount unit for firefox, revision 8567...
Jul 10 21:22:29 kria systemd[1]: Mounting Mount unit for firefox, revision 8583...
Jul 10 21:22:29 kria systemd[1]: Mounting Mount unit for gnome-3-38-2004, revision 145...
Jul 10 21:22:29 kria systemd[1]: Mounting Mount unit for gnome-42-2204, revision 143...
Jul 10 21:22:29 kria systemd[1]: Mounting Mount unit for gnome-42-2204, revision 245...
Jul 10 21:22:29 kria systemd[1]: Mounting Mount unit for gnome-46-2404, revision 154...
Jul 10 21:22:29 kria systemd[1]: Mounting Mount unit for gtk-common-themes, revision 1535...
Jul 10 21:22:29 kria systemd[1]: Mounting Mount unit for mesa-2404, revision 1166...
Jul 10 21:22:29 kria systemd[1]: Mounting Mount unit for snap-store, revision 1217...
Jul 10 21:22:29 kria systemd[1]: Mounting Mount unit for snap-store, revision 963...
Jul 10 21:22:29 kria systemd[1]: Mounting Mount unit for snapd, revision 26383...
Jul 10 21:22:29 kria systemd[1]: Mounting Mount unit for snapd, revision 26869...
Jul 10 21:22:29 kria systemd[1]: Mounting Mount unit for snapd-desktop-integration, revision 363...
Jul 10 21:22:29 kria systemd[1]: Mounting Mount unit for snapd-desktop-integration, revision 388...
Jul 10 21:22:30 kria systemd[1]: Mounting Mount unit for xlnx-config, revision 28...
Jul 10 21:22:30 kria systemd[1]: Mounting Mount unit for firefox, revision 3835 via mount-control...
Jul 10 21:22:30 kria systemd[1]: Finished Coldplug All udev Devices.
Jul 10 21:22:30 kria systemd[1]: Mounted Mount unit for bare, revision 5.
Jul 10 21:22:30 kria systemd[1]: Mounted Mount unit for core20, revision 2772.
Jul 10 21:22:30 kria systemd[1]: Mounted Mount unit for core20, revision 2870.
Jul 10 21:22:30 kria systemd[1]: Mounted Mount unit for core22, revision 1125.
Jul 10 21:22:30 kria systemd[1]: Mounted Mount unit for core22, revision 2412.
Jul 10 21:22:30 kria systemd[1]: Mounted Mount unit for core24, revision 1588.
Jul 10 21:22:30 kria systemd[1]: Mounted Mount unit for core24, revision 1644.
Jul 10 21:22:30 kria systemd[1]: Mounted Mount unit for firefox, revision 8567.
Jul 10 21:22:30 kria systemd[1]: Mounted Mount unit for firefox, revision 8583.
Jul 10 21:22:30 kria systemd[1]: Mounted Mount unit for gnome-3-38-2004, revision 145.
Jul 10 21:22:30 kria systemd[1]: Mounted Mount unit for gnome-42-2204, revision 143.
Jul 10 21:22:30 kria systemd[1]: Mounted Mount unit for gnome-42-2204, revision 245.
Jul 10 21:22:30 kria systemd[1]: Mounted Mount unit for gnome-46-2404, revision 154.
Jul 10 21:22:30 kria systemd[1]: Mounted Mount unit for gtk-common-themes, revision 1535.
Jul 10 21:22:30 kria systemd[1]: Mounted Mount unit for mesa-2404, revision 1166.
Jul 10 21:22:30 kria systemd[1]: Mounted Mount unit for snap-store, revision 1217.
Jul 10 21:22:30 kria systemd[1]: Mounted Mount unit for snap-store, revision 963.
Jul 10 21:22:30 kria systemd[1]: Mounted Mount unit for snapd, revision 26383.
Jul 10 21:22:30 kria systemd[1]: Mounted Mount unit for snapd, revision 26869.
Jul 10 21:22:30 kria systemd[1]: Mounted Mount unit for snapd-desktop-integration, revision 363.
Jul 10 21:22:30 kria systemd[1]: Mounted Mount unit for snapd-desktop-integration, revision 388.
Jul 10 21:22:30 kria systemd[1]: Mounted Mount unit for xlnx-config, revision 28.
Jul 10 21:22:30 kria systemd[1]: Mounted Mount unit for firefox, revision 3835 via mount-control.
Jul 10 21:22:30 kria systemd[1]: Reached target Mounted snaps.
Jul 10 21:22:30 kria systemd[1]: Finished Flush Journal to Persistent Storage.
Jul 10 21:22:30 kria systemd[1]: Started Rule-based Manager for Device Events and Files.
Jul 10 21:22:31 kria systemd[1]: Found device /dev/ttyPS1.
Jul 10 21:22:31 kria systemd-udevd[667]: Using default interface naming scheme 'v249'.
Jul 10 21:22:31 kria kernel: tpm_tis_spi spi2.0: 2.0 TPM (device-id 0x1B, rev-id 22)
Jul 10 21:22:32 kria systemd[1]: Found device /dev/disk/by-label/system-boot.
Jul 10 21:22:32 kria mtp-probe[731]: checking bus 2, device 3: "/sys/devices/platform/axi/ff9d0000.usb/fe200000.usb/xhci-hcd.0.auto/usb2/2-1/2-1.1"
Jul 10 21:22:32 kria systemd[1]: Starting File System Check on /dev/disk/by-label/system-boot...
Jul 10 21:22:32 kria mtp-probe[731]: bus: 2, device: 3 was not an MTP device
Jul 10 21:22:32 kria systemd[1]: Started File System Check Daemon to report status.
Jul 10 21:22:32 kria systemd[1]: Listening on Load/Save RF Kill Switch Status /dev/rfkill Watch.
Jul 10 21:22:33 kria systemd-fsck[757]: fsck.fat 4.2 (2021-01-31)
Jul 10 21:22:33 kria systemd-fsck[757]: There are differences between boot sector and its backup.
Jul 10 21:22:33 kria systemd-fsck[757]: This is mostly harmless. Differences: (offset:original/backup)
Jul 10 21:22:33 kria systemd-fsck[757]:   65:01/00
Jul 10 21:22:33 kria systemd-fsck[757]:   Not automatically fixing this.
Jul 10 21:22:33 kria systemd-fsck[757]: Dirty bit is set. Fs was not properly unmounted and some data may be corrupt.
Jul 10 21:22:33 kria systemd-fsck[757]:  Automatically removing dirty bit.
Jul 10 21:22:33 kria systemd-fsck[757]: *** Filesystem was changed ***
Jul 10 21:22:33 kria systemd-fsck[757]: Writing changes.
Jul 10 21:22:33 kria systemd-fsck[757]: /dev/mmcblk1p1: 8 files, 236847/2064856 clusters
Jul 10 21:22:33 kria systemd[1]: Finished File System Check on /dev/disk/by-label/system-boot.
Jul 10 21:22:34 kria systemd-udevd[666]: iio:device2: Process '/bin/sh -c '(major=`uname -r | cut -d "." -f1` && minor=`uname -r | cut -d "." -f2` && (([ $major -eq 4 ] && [ $minor -ge 15 ]) || [ $major -ge 5 ])) && (enamefile=/sys//devices/platform/axi/ff9d0000.usb/fe200000.usb/xhci-hcd.0.auto/usb2/2-1/2-1.1/2-1.1:1.5/0003:8086:0B3A.0001/HID-SENSOR-200073.3.auto/iio:device2/name && [ `cat $enamefile` = "accel_3d" ]) && enfile=/sys//devices/platform/axi/ff9d0000.usb/fe200000.usb/xhci-hcd.0.auto/usb2/2-1/2-1.1/2-1.1:1.5/0003:8086:0B3A.0001/HID-SENSOR-200073.3.auto/iio:device2/buffer/enable && echo "COUNTER=0; while [ \$COUNTER -lt 20 ] && grep -q 0 $enfile; do sleep 0.01; COUNTER=\$((COUNTER+1)); done && echo 0 > $enfile" | at now'' failed with exit code 127.
Jul 10 21:22:34 kria systemd-udevd[674]: iio:device3: Process '/bin/sh -c '(major=`uname -r | cut -d "." -f1` && minor=`uname -r | cut -d "." -f2` && (([ $major -eq 4 ] && [ $minor -ge 15 ]) || [ $major -ge 5 ])) && (enamefile=/sys//devices/platform/axi/ff9d0000.usb/fe200000.usb/xhci-hcd.0.auto/usb2/2-1/2-1.1/2-1.1:1.5/0003:8086:0B3A.0001/HID-SENSOR-200076.4.auto/iio:device3/name && [ `cat $enamefile` = "accel_3d" ]) && enfile=/sys//devices/platform/axi/ff9d0000.usb/fe200000.usb/xhci-hcd.0.auto/usb2/2-1/2-1.1/2-1.1:1.5/0003:8086:0B3A.0001/HID-SENSOR-200076.4.auto/iio:device3/buffer/enable && echo "COUNTER=0; while [ \$COUNTER -lt 20 ] && grep -q 0 $enfile; do sleep 0.01; COUNTER=\$((COUNTER+1)); done && echo 0 > $enfile" | at now'' failed with exit code 1.
Jul 10 21:22:34 kria systemd-udevd[665]: HID-SENSOR-200073.3.auto: Process '/bin/sh -c ' chmod -R 0777 /sys//devices/platform/axi/ff9d0000.usb/fe200000.usb/xhci-hcd.0.auto/usb2/2-1/2-1.1/2-1.1:1.5/0003:8086:0B3A.0001/HID-SENSOR-200073.3.auto && chmod 0777 /dev/HID-SENSOR-200073.3.auto'' failed with exit code 1.
Jul 10 21:22:34 kria systemd-udevd[669]: HID-SENSOR-200076.4.auto: Process '/bin/sh -c ' chmod -R 0777 /sys//devices/platform/axi/ff9d0000.usb/fe200000.usb/xhci-hcd.0.auto/usb2/2-1/2-1.1/2-1.1:1.5/0003:8086:0B3A.0001/HID-SENSOR-200076.4.auto && chmod 0777 /dev/HID-SENSOR-200076.4.auto'' failed with exit code 1.
Jul 10 21:22:34 kria systemd[1]: boot-firmware.mount: Directory /boot/firmware to mount over is not empty, mounting anyway.
Jul 10 21:22:34 kria systemd[1]: Mounting /boot/firmware...
Jul 10 21:22:34 kria systemd[1]: Starting Load Kernel Module efi_pstore...
Jul 10 21:22:34 kria systemd[1]: Condition check resulted in File System Check on Root Device being skipped.
Jul 10 21:22:34 kria systemd[1]: modprobe@efi_pstore.service: Deactivated successfully.
Jul 10 21:22:34 kria systemd[1]: Finished Load Kernel Module efi_pstore.
Jul 10 21:22:34 kria systemd[1]: Condition check resulted in Platform Persistent Storage Archival being skipped.
Jul 10 21:22:34 kria systemd[1]: Mounted /boot/firmware.
Jul 10 21:22:34 kria systemd[1]: Reached target Local File Systems.
Jul 10 21:22:34 kria systemd[1]: Starting Load AppArmor profiles...
Jul 10 21:22:34 kria systemd[1]: Starting Enable support for additional executable binary formats...
Jul 10 21:22:34 kria systemd[1]: Starting Set console font and keymap...
Jul 10 21:22:34 kria systemd[1]: Starting Create final runtime dir for shutdown pivot root...
Jul 10 21:22:34 kria systemd[1]: Condition check resulted in RPC security service for NFS server being skipped.
Jul 10 21:22:34 kria apparmor.systemd[891]: Restarting AppArmor
Jul 10 21:22:34 kria apparmor.systemd[891]: Reloading AppArmor profiles
Jul 10 21:22:34 kria systemd[1]: Starting Set Up Additional Binary Formats...
Jul 10 21:22:34 kria systemd[1]: Condition check resulted in Store a System Token in an EFI Variable being skipped.
Jul 10 21:22:34 kria systemd[1]: Condition check resulted in Commit a transient machine-id on disk being skipped.
Jul 10 21:22:34 kria systemd[1]: Starting Create Volatile Files and Directories...
Jul 10 21:22:34 kria systemd[1]: Starting Uncomplicated firewall...
Jul 10 21:22:34 kria systemd[1]: Finished Set console font and keymap.
Jul 10 21:22:34 kria systemd[1]: Finished Create final runtime dir for shutdown pivot root.
Jul 10 21:22:34 kria systemd[1]: proc-sys-fs-binfmt_misc.automount: Got automount request for /proc/sys/fs/binfmt_misc, triggered by 893 (update-binfmts)
Jul 10 21:22:34 kria systemd[1]: Mounting Arbitrary Executable File Formats File System...
Jul 10 21:22:34 kria systemd[1]: Finished Uncomplicated firewall.
Jul 10 21:22:34 kria systemd[1]: Mounted Arbitrary Executable File Formats File System.
Jul 10 21:22:34 kria systemd[1]: Finished Set Up Additional Binary Formats.
Jul 10 21:22:34 kria systemd[1]: Finished Enable support for additional executable binary formats.
Jul 10 21:22:34 kria audit[923]: AVC apparmor="STATUS" operation="profile_load" profile="unconfined" name="nvidia_modprobe" pid=923 comm="apparmor_parser"
Jul 10 21:22:34 kria kernel: audit: type=1400 audit(1783686154.839:2): apparmor="STATUS" operation="profile_load" profile="unconfined" name="nvidia_modprobe" pid=923 comm="apparmor_parser"
Jul 10 21:22:34 kria kernel: audit: type=1400 audit(1783686154.839:3): apparmor="STATUS" operation="profile_load" profile="unconfined" name="nvidia_modprobe//kmod" pid=923 comm="apparmor_parser"
Jul 10 21:22:34 kria kernel: audit: type=1400 audit(1783686154.840:4): apparmor="STATUS" operation="profile_load" profile="unconfined" name="lsb_release" pid=922 comm="apparmor_parser"
Jul 10 21:22:34 kria audit[923]: AVC apparmor="STATUS" operation="profile_load" profile="unconfined" name="nvidia_modprobe//kmod" pid=923 comm="apparmor_parser"
Jul 10 21:22:34 kria audit[922]: AVC apparmor="STATUS" operation="profile_load" profile="unconfined" name="lsb_release" pid=922 comm="apparmor_parser"
Jul 10 21:22:34 kria audit[925]: AVC apparmor="STATUS" operation="profile_load" profile="unconfined" name="ubuntu_pro_apt_news" pid=925 comm="apparmor_parser"
Jul 10 21:22:34 kria kernel: audit: type=1400 audit(1783686154.883:5): apparmor="STATUS" operation="profile_load" profile="unconfined" name="ubuntu_pro_apt_news" pid=925 comm="apparmor_parser"
Jul 10 21:22:34 kria audit[924]: AVC apparmor="STATUS" operation="profile_load" profile="unconfined" name="/usr/lib/NetworkManager/nm-dhcp-client.action" pid=924 comm="apparmor_parser"
Jul 10 21:22:34 kria audit[924]: AVC apparmor="STATUS" operation="profile_load" profile="unconfined" name="/usr/lib/NetworkManager/nm-dhcp-helper" pid=924 comm="apparmor_parser"
Jul 10 21:22:34 kria kernel: audit: type=1400 audit(1783686154.905:6): apparmor="STATUS" operation="profile_load" profile="unconfined" name="/usr/lib/NetworkManager/nm-dhcp-client.action" pid=924 comm="apparmor_parser"
Jul 10 21:22:34 kria kernel: audit: type=1400 audit(1783686154.905:7): apparmor="STATUS" operation="profile_load" profile="unconfined" name="/usr/lib/NetworkManager/nm-dhcp-helper" pid=924 comm="apparmor_parser"
Jul 10 21:22:34 kria kernel: audit: type=1400 audit(1783686154.905:8): apparmor="STATUS" operation="profile_load" profile="unconfined" name="/usr/lib/connman/scripts/dhclient-script" pid=924 comm="apparmor_parser"
Jul 10 21:22:34 kria kernel: audit: type=1400 audit(1783686154.905:9): apparmor="STATUS" operation="profile_load" profile="unconfined" name="/{,usr/}sbin/dhclient" pid=924 comm="apparmor_parser"
Jul 10 21:22:34 kria audit[924]: AVC apparmor="STATUS" operation="profile_load" profile="unconfined" name="/usr/lib/connman/scripts/dhclient-script" pid=924 comm="apparmor_parser"
Jul 10 21:22:34 kria audit[924]: AVC apparmor="STATUS" operation="profile_load" profile="unconfined" name="/{,usr/}sbin/dhclient" pid=924 comm="apparmor_parser"
Jul 10 21:22:34 kria audit[928]: AVC apparmor="STATUS" operation="profile_load" profile="unconfined" name="/usr/bin/man" pid=928 comm="apparmor_parser"
Jul 10 21:22:34 kria kernel: audit: type=1400 audit(1783686154.939:10): apparmor="STATUS" operation="profile_load" profile="unconfined" name="/usr/bin/man" pid=928 comm="apparmor_parser"
Jul 10 21:22:34 kria kernel: audit: type=1400 audit(1783686154.939:11): apparmor="STATUS" operation="profile_load" profile="unconfined" name="man_filter" pid=928 comm="apparmor_parser"
Jul 10 21:22:34 kria audit[928]: AVC apparmor="STATUS" operation="profile_load" profile="unconfined" name="man_filter" pid=928 comm="apparmor_parser"
Jul 10 21:22:34 kria audit[928]: AVC apparmor="STATUS" operation="profile_load" profile="unconfined" name="man_groff" pid=928 comm="apparmor_parser"
Jul 10 21:22:34 kria audit[929]: AVC apparmor="STATUS" operation="profile_load" profile="unconfined" name="tcpdump" pid=929 comm="apparmor_parser"
Jul 10 21:22:34 kria audit[926]: AVC apparmor="STATUS" operation="profile_load" profile="unconfined" name="ubuntu_pro_esm_cache" pid=926 comm="apparmor_parser"
Jul 10 21:22:34 kria audit[926]: AVC apparmor="STATUS" operation="profile_load" profile="unconfined" name="ubuntu_pro_esm_cache//apt_methods" pid=926 comm="apparmor_parser"
Jul 10 21:22:34 kria audit[926]: AVC apparmor="STATUS" operation="profile_load" profile="unconfined" name="ubuntu_pro_esm_cache//apt_methods_gpgv" pid=926 comm="apparmor_parser"
Jul 10 21:22:34 kria audit[926]: AVC apparmor="STATUS" operation="profile_load" profile="unconfined" name="ubuntu_pro_esm_cache//cloud_id" pid=926 comm="apparmor_parser"
Jul 10 21:22:34 kria audit[926]: AVC apparmor="STATUS" operation="profile_load" profile="unconfined" name="ubuntu_pro_esm_cache//dpkg" pid=926 comm="apparmor_parser"
Jul 10 21:22:34 kria audit[926]: AVC apparmor="STATUS" operation="profile_load" profile="unconfined" name="ubuntu_pro_esm_cache//ps" pid=926 comm="apparmor_parser"
Jul 10 21:22:34 kria audit[926]: AVC apparmor="STATUS" operation="profile_load" profile="unconfined" name="ubuntu_pro_esm_cache//ubuntu_distro_info" pid=926 comm="apparmor_parser"
Jul 10 21:22:34 kria audit[926]: AVC apparmor="STATUS" operation="profile_load" profile="unconfined" name="ubuntu_pro_esm_cache_systemctl" pid=926 comm="apparmor_parser"
Jul 10 21:22:34 kria audit[926]: AVC apparmor="STATUS" operation="profile_load" profile="unconfined" name="ubuntu_pro_esm_cache_systemd_detect_virt" pid=926 comm="apparmor_parser"
Jul 10 21:22:35 kria audit[931]: AVC apparmor="STATUS" operation="profile_load" profile="unconfined" name="/usr/libexec/ibus-engine-hangul" pid=931 comm="apparmor_parser"
Jul 10 21:22:35 kria audit[930]: AVC apparmor="STATUS" operation="profile_load" profile="unconfined" name="/usr/lib/snapd/snap-confine" pid=930 comm="apparmor_parser"
Jul 10 21:22:35 kria audit[930]: AVC apparmor="STATUS" operation="profile_load" profile="unconfined" name="/usr/lib/snapd/snap-confine//mount-namespace-capture-helper" pid=930 comm="apparmor_parser"
Jul 10 21:22:35 kria audit[933]: AVC apparmor="STATUS" operation="profile_load" profile="unconfined" name="/usr/sbin/cups-browsed" pid=933 comm="apparmor_parser"
Jul 10 21:22:35 kria apparmor.systemd[935]: Skipping profile in /etc/apparmor.d/disable: usr.sbin.rsyslogd
Jul 10 21:22:35 kria apparmor.systemd[936]: Warning: found usr.sbin.sssd in /etc/apparmor.d/force-complain, forcing complain mode
Jul 10 21:22:35 kria audit[932]: AVC apparmor="STATUS" operation="profile_load" profile="unconfined" name="/usr/libexec/ibus-setup-hangul" pid=932 comm="apparmor_parser"
Jul 10 21:22:35 kria audit[932]: AVC apparmor="STATUS" operation="profile_load" profile="unconfined" name="/usr/libexec/ibus-setup-hangul//python_profile" pid=932 comm="apparmor_parser"
Jul 10 21:22:35 kria systemd[1]: Finished Create Volatile Files and Directories.
Jul 10 21:22:35 kria systemd[1]: Mounting RPC Pipe File System...
Jul 10 21:22:35 kria audit[934]: AVC apparmor="STATUS" operation="profile_load" profile="unconfined" name="/usr/lib/cups/backend/cups-pdf" pid=934 comm="apparmor_parser"
Jul 10 21:22:35 kria audit[934]: AVC apparmor="STATUS" operation="profile_load" profile="unconfined" name="/usr/sbin/cupsd" pid=934 comm="apparmor_parser"
Jul 10 21:22:35 kria audit[934]: AVC apparmor="STATUS" operation="profile_load" profile="unconfined" name="/usr/sbin/cupsd//third_party" pid=934 comm="apparmor_parser"
Jul 10 21:22:35 kria systemd[1]: Starting RPC bind portmap service...
Jul 10 21:22:35 kria systemd[1]: Starting Userspace Out-Of-Memory (OOM) Killer...
Jul 10 21:22:35 kria systemd[1]: Starting Network Name Resolution...
Jul 10 21:22:35 kria systemd[1]: Starting Network Time Synchronization...
Jul 10 21:22:35 kria systemd[1]: Starting Record System Boot/Shutdown in UTMP...
Jul 10 21:22:35 kria systemd[1]: Mounted RPC Pipe File System.
Jul 10 21:22:35 kria systemd[1]: Reached target rpc_pipefs.target.
Jul 10 21:22:35 kria systemd[1]: Condition check resulted in RPC security service for NFS client and server being skipped.
Jul 10 21:22:35 kria systemd[1]: Reached target NFS client services.
Jul 10 21:22:35 kria systemd[1]: Finished Record System Boot/Shutdown in UTMP.
Jul 10 21:22:35 kria systemd[1]: Started RPC bind portmap service.
Jul 10 21:22:35 kria systemd[1]: Reached target RPC Port Mapper.
Jul 10 21:22:35 kria audit[927]: AVC apparmor="STATUS" operation="profile_load" profile="unconfined" name="/usr/bin/evince" pid=927 comm="apparmor_parser"
Jul 10 21:22:35 kria audit[927]: AVC apparmor="STATUS" operation="profile_load" profile="unconfined" name="/usr/bin/evince//sanitized_helper" pid=927 comm="apparmor_parser"
Jul 10 21:22:35 kria audit[927]: AVC apparmor="STATUS" operation="profile_load" profile="unconfined" name="/usr/bin/evince//snap_browsers" pid=927 comm="apparmor_parser"
Jul 10 21:22:35 kria audit[927]: AVC apparmor="STATUS" operation="profile_load" profile="unconfined" name="/usr/bin/evince-previewer" pid=927 comm="apparmor_parser"
Jul 10 21:22:35 kria audit[927]: AVC apparmor="STATUS" operation="profile_load" profile="unconfined" name="/usr/bin/evince-previewer//sanitized_helper" pid=927 comm="apparmor_parser"
Jul 10 21:22:35 kria audit[927]: AVC apparmor="STATUS" operation="profile_load" profile="unconfined" name="/usr/bin/evince-thumbnailer" pid=927 comm="apparmor_parser"
Jul 10 21:22:35 kria systemd[1]: Started Userspace Out-Of-Memory (OOM) Killer.
Jul 10 21:22:35 kria systemd[1]: Started Network Time Synchronization.
Jul 10 21:22:35 kria systemd[1]: Reached target System Time Set.
Jul 10 21:22:35 kria audit[936]: AVC apparmor="STATUS" operation="profile_load" profile="unconfined" name="/usr/sbin/sssd" pid=936 comm="apparmor_parser"
Jul 10 21:22:35 kria apparmor.systemd[936]: Warning from /etc/apparmor.d (/etc/apparmor.d/usr.sbin.sssd line 69): Caching disabled for: 'usr.sbin.sssd' due to force complain
Jul 10 21:22:35 kria systemd[1]: Finished Load AppArmor profiles.
Jul 10 21:22:35 kria systemd[1]: Starting Load AppArmor profiles managed internally by snapd...
Jul 10 21:22:35 kria systemd[1]: Condition check resulted in Authentication service for virtual machines hosted on VMware being skipped.
Jul 10 21:22:35 kria systemd[1]: Condition check resulted in Service for virtual machines hosted on VMware being skipped.
Jul 10 21:22:35 kria systemd[1]: Starting Cloud-init: Local Stage (pre-network)...
Jul 10 21:22:36 kria systemd-resolved[940]: Positive Trust Anchors:
Jul 10 21:22:36 kria systemd-resolved[940]: . IN DS 20326 8 2 e06d44b80b8f1d39a95c0b0d7c65d08458e880409bbc683457104237c7f8ec8d
Jul 10 21:22:36 kria systemd-resolved[940]: Negative trust anchors: home.arpa 10.in-addr.arpa 16.172.in-addr.arpa 17.172.in-addr.arpa 18.172.in-addr.arpa 19.172.in-addr.arpa 20.172.in-addr.arpa 21.172.in-addr.arpa 22.172.in-addr.arpa 23.172.in-addr.arpa 24.172.in-addr.arpa 25.172.in-addr.arpa 26.172.in-addr.arpa 27.172.in-addr.arpa 28.172.in-addr.arpa 29.172.in-addr.arpa 30.172.in-addr.arpa 31.172.in-addr.arpa 168.192.in-addr.arpa d.f.ip6.arpa corp home internal intranet lan local private test
Jul 10 21:22:36 kria systemd-resolved[940]: Using system hostname 'kria'.
Jul 10 21:22:36 kria systemd[1]: Started Network Name Resolution.
Jul 10 21:22:36 kria systemd[1]: Reached target Host and Network Name Lookups.
Jul 10 21:22:36 kria snapd-apparmor[944]: main.go:146: Loading profiles [/var/lib/snapd/apparmor/profiles/snap-confine.snapd.26383 /var/lib/snapd/apparmor/profiles/snap-confine.snapd.26869 /var/lib/snapd/apparmor/profiles/snap-update-ns.firefox /var/lib/snapd/apparmor/profiles/snap-update-ns.mesa-2404 /var/lib/snapd/apparmor/profiles/snap-update-ns.snap-store /var/lib/snapd/apparmor/profiles/snap-update-ns.snapd-desktop-integration /var/lib/snapd/apparmor/profiles/snap-update-ns.xlnx-config /var/lib/snapd/apparmor/profiles/snap.firefox.firefox /var/lib/snapd/apparmor/profiles/snap.firefox.geckodriver /var/lib/snapd/apparmor/profiles/snap.firefox.hook.configure /var/lib/snapd/apparmor/profiles/snap.firefox.hook.disconnect-plug-host-hunspell /var/lib/snapd/apparmor/profiles/snap.firefox.hook.install /var/lib/snapd/apparmor/profiles/snap.firefox.hook.post-refresh /var/lib/snapd/apparmor/profiles/snap.mesa-2404.component-monitor /var/lib/snapd/apparmor/profiles/snap.mesa-2404.hook.connect-plug-kernel-gpu-2404 /var/lib/snapd/apparmor/profiles/snap.mesa-2404.hook.disconnect-plug-kernel-gpu-2404 /var/lib/snapd/apparmor/profiles/snap.mesa-2404.hook.install /var/lib/snapd/apparmor/profiles/snap.mesa-2404.hook.post-refresh /var/lib/snapd/apparmor/profiles/snap.snap-store.hook.configure /var/lib/snapd/apparmor/profiles/snap.snap-store.snap-store /var/lib/snapd/apparmor/profiles/snap.snap-store.ubuntu-software /var/lib/snapd/apparmor/profiles/snap.snap-store.ubuntu-software-local-file /var/lib/snapd/apparmor/profiles/snap.snapd-desktop-integration.hook.configure /var/lib/snapd/apparmor/profiles/snap.snapd-desktop-integration.snapd-desktop-integration /var/lib/snapd/apparmor/profiles/snap.xlnx-config.hook.install /var/lib/snapd/apparmor/profiles/snap.xlnx-config.sysinit /var/lib/snapd/apparmor/profiles/snap.xlnx-config.xlnx-config /var/lib/snapd/apparmor/profiles/snap.xlnx-config.xlnx-configd]
Jul 10 21:22:36 kria audit[962]: AVC apparmor="STATUS" operation="profile_load" profile="unconfined" name="snap-update-ns.mesa-2404" pid=962 comm="apparmor_parser"
Jul 10 21:22:36 kria audit[960]: AVC apparmor="STATUS" operation="profile_load" profile="unconfined" name="/snap/snapd/26869/usr/lib/snapd/snap-confine" pid=960 comm="apparmor_parser"
Jul 10 21:22:36 kria audit[959]: AVC apparmor="STATUS" operation="profile_load" profile="unconfined" name="/snap/snapd/26383/usr/lib/snapd/snap-confine" pid=959 comm="apparmor_parser"
Jul 10 21:22:36 kria audit[959]: AVC apparmor="STATUS" operation="profile_load" profile="unconfined" name="/snap/snapd/26383/usr/lib/snapd/snap-confine//mount-namespace-capture-helper" pid=959 comm="apparmor_parser"
Jul 10 21:22:37 kria audit[965]: AVC apparmor="STATUS" operation="profile_load" profile="unconfined" name="snap-update-ns.xlnx-config" pid=965 comm="apparmor_parser"
Jul 10 21:22:37 kria audit[961]: AVC apparmor="STATUS" operation="profile_load" profile="unconfined" name="snap-update-ns.firefox" pid=961 comm="apparmor_parser"
Jul 10 21:22:37 kria audit[963]: AVC apparmor="STATUS" operation="profile_load" profile="unconfined" name="snap-update-ns.snap-store" pid=963 comm="apparmor_parser"
Jul 10 21:22:37 kria audit[964]: AVC apparmor="STATUS" operation="profile_load" profile="unconfined" name="snap-update-ns.snapd-desktop-integration" pid=964 comm="apparmor_parser"
Jul 10 21:22:37 kria audit[968]: AVC apparmor="STATUS" operation="profile_load" profile="unconfined" name="snap.firefox.hook.configure" pid=968 comm="apparmor_parser"
Jul 10 21:22:37 kria audit[966]: AVC apparmor="STATUS" operation="profile_load" profile="unconfined" name="snap.firefox.firefox" pid=966 comm="apparmor_parser"
Jul 10 21:22:37 kria audit[969]: AVC apparmor="STATUS" operation="profile_load" profile="unconfined" name="snap.firefox.hook.disconnect-plug-host-hunspell" pid=969 comm="apparmor_parser"
Jul 10 21:22:37 kria audit[967]: AVC apparmor="STATUS" operation="profile_load" profile="unconfined" name="snap.firefox.geckodriver" pid=967 comm="apparmor_parser"
Jul 10 21:22:37 kria audit[970]: AVC apparmor="STATUS" operation="profile_load" profile="unconfined" name="snap.firefox.hook.install" pid=970 comm="apparmor_parser"
Jul 10 21:22:37 kria audit[971]: AVC apparmor="STATUS" operation="profile_load" profile="unconfined" name="snap.firefox.hook.post-refresh" pid=971 comm="apparmor_parser"
Jul 10 21:22:37 kria audit[972]: AVC apparmor="STATUS" operation="profile_load" profile="unconfined" name="snap.mesa-2404.component-monitor" pid=972 comm="apparmor_parser"
Jul 10 21:22:37 kria audit[973]: AVC apparmor="STATUS" operation="profile_load" profile="unconfined" name="snap.mesa-2404.hook.connect-plug-kernel-gpu-2404" pid=973 comm="apparmor_parser"
Jul 10 21:22:37 kria audit[974]: AVC apparmor="STATUS" operation="profile_load" profile="unconfined" name="snap.mesa-2404.hook.disconnect-plug-kernel-gpu-2404" pid=974 comm="apparmor_parser"
Jul 10 21:22:37 kria audit[975]: AVC apparmor="STATUS" operation="profile_load" profile="unconfined" name="snap.mesa-2404.hook.install" pid=975 comm="apparmor_parser"
Jul 10 21:22:37 kria audit[976]: AVC apparmor="STATUS" operation="profile_load" profile="unconfined" name="snap.mesa-2404.hook.post-refresh" pid=976 comm="apparmor_parser"
Jul 10 21:22:37 kria audit[977]: AVC apparmor="STATUS" operation="profile_load" profile="unconfined" name="snap.snap-store.hook.configure" pid=977 comm="apparmor_parser"
Jul 10 21:22:37 kria audit[978]: AVC apparmor="STATUS" operation="profile_load" profile="unconfined" name="snap.snap-store.snap-store" pid=978 comm="apparmor_parser"
Jul 10 21:22:37 kria audit[981]: AVC apparmor="STATUS" operation="profile_load" profile="unconfined" name="snap.snapd-desktop-integration.hook.configure" pid=981 comm="apparmor_parser"
Jul 10 21:22:37 kria audit[979]: AVC apparmor="STATUS" operation="profile_load" profile="unconfined" name="snap.snap-store.ubuntu-software" pid=979 comm="apparmor_parser"
Jul 10 21:22:37 kria audit[983]: AVC apparmor="STATUS" operation="profile_load" profile="unconfined" name="snap.xlnx-config.hook.install" pid=983 comm="apparmor_parser"
Jul 10 21:22:37 kria audit[980]: AVC apparmor="STATUS" operation="profile_load" profile="unconfined" name="snap.snap-store.ubuntu-software-local-file" pid=980 comm="apparmor_parser"
Jul 10 21:22:37 kria audit[984]: AVC apparmor="STATUS" operation="profile_load" profile="unconfined" name="snap.xlnx-config.sysinit" pid=984 comm="apparmor_parser"
Jul 10 21:22:37 kria audit[985]: AVC apparmor="STATUS" operation="profile_load" profile="unconfined" name="snap.xlnx-config.xlnx-config" pid=985 comm="apparmor_parser"
Jul 10 21:22:37 kria audit[986]: AVC apparmor="STATUS" operation="profile_load" profile="unconfined" name="snap.xlnx-config.xlnx-configd" pid=986 comm="apparmor_parser"
Jul 10 21:22:37 kria audit[982]: AVC apparmor="STATUS" operation="profile_load" profile="unconfined" name="snap.snapd-desktop-integration.snapd-desktop-integration" pid=982 comm="apparmor_parser"
Jul 10 21:22:37 kria systemd[1]: Finished Load AppArmor profiles managed internally by snapd.
Jul 10 21:22:39 kria cloud-init[990]: Cloud-init v. 25.3-0ubuntu1~22.04.1 running 'init-local' at Fri, 10 Jul 2026 12:22:39 +0000. Up 29.67 seconds.
Jul 10 21:22:45 kria systemd[1]: Finished Cloud-init: Local Stage (pre-network).
Jul 10 21:22:45 kria systemd[1]: Reached target Preparation for Network.
Jul 10 21:22:45 kria systemd[1]: Starting Cloud-init: Network Stage...
Jul 10 21:22:47 kria cloud-init[1001]: Cloud-init v. 25.3-0ubuntu1~22.04.1 running 'init' at Fri, 10 Jul 2026 12:22:46 +0000. Up 37.11 seconds.
Jul 10 21:22:47 kria cloud-init[1001]: ci-info: +++++++++++++++++++++++++++Net device info++++++++++++++++++++++++++++
Jul 10 21:22:47 kria cloud-init[1001]: ci-info: +--------+-------+-----------+-----------+-------+-------------------+
Jul 10 21:22:47 kria cloud-init[1001]: ci-info: | Device |   Up  |  Address  |    Mask   | Scope |     Hw-Address    |
Jul 10 21:22:47 kria cloud-init[1001]: ci-info: +--------+-------+-----------+-----------+-------+-------------------+
Jul 10 21:22:47 kria cloud-init[1001]: ci-info: |  eth0  | False |     .     |     .     |   .   | 00:0a:35:0c:ff:64 |
Jul 10 21:22:47 kria cloud-init[1001]: ci-info: |   lo   |  True | 127.0.0.1 | 255.0.0.0 |  host |         .         |
Jul 10 21:22:47 kria cloud-init[1001]: ci-info: |   lo   |  True |  ::1/128  |     .     |  host |         .         |
Jul 10 21:22:47 kria cloud-init[1001]: ci-info: +--------+-------+-----------+-----------+-------+-------------------+
Jul 10 21:22:47 kria cloud-init[1001]: ci-info: +++++++++++++++++++Route IPv6 info+++++++++++++++++++
Jul 10 21:22:47 kria cloud-init[1001]: ci-info: +-------+-------------+---------+-----------+-------+
Jul 10 21:22:47 kria cloud-init[1001]: ci-info: | Route | Destination | Gateway | Interface | Flags |
Jul 10 21:22:47 kria cloud-init[1001]: ci-info: +-------+-------------+---------+-----------+-------+
Jul 10 21:22:47 kria cloud-init[1001]: ci-info: +-------+-------------+---------+-----------+-------+
Jul 10 21:22:48 kria systemd[1]: Finished Cloud-init: Network Stage.
Jul 10 21:22:48 kria systemd[1]: Reached target Cloud-config availability.
Jul 10 21:22:48 kria systemd[1]: Reached target System Initialization.
Jul 10 21:22:48 kria systemd[1]: Condition check resulted in Process error reports when automatic reporting is enabled (file watch) being skipped.
Jul 10 21:22:48 kria systemd[1]: Started CUPS Scheduler.
Jul 10 21:22:48 kria systemd[1]: Started Start whoopsie on modification of the /var/crash directory.
Jul 10 21:22:48 kria systemd[1]: Started Trigger anacron every hour.
Jul 10 21:22:48 kria systemd[1]: Condition check resulted in Process error reports when automatic reporting is enabled (timer based) being skipped.
Jul 10 21:22:48 kria systemd[1]: Started Daily apt download activities.
Jul 10 21:22:48 kria systemd[1]: Started Daily apt upgrade and clean activities.
Jul 10 21:22:48 kria systemd[1]: Started Daily dpkg database backup timer.
Jul 10 21:22:48 kria systemd[1]: Started Periodic ext4 Online Metadata Check for All Filesystems.
Jul 10 21:22:48 kria systemd[1]: Started Discard unused blocks once a week.
Jul 10 21:22:48 kria systemd[1]: Started Refresh fwupd metadata regularly.
Jul 10 21:22:48 kria systemd[1]: Started Daily rotation of log files.
Jul 10 21:22:48 kria systemd[1]: Started Daily man-db regeneration.
Jul 10 21:22:48 kria systemd[1]: Started Message of the Day.
Jul 10 21:22:48 kria systemd[1]: Condition check resulted in Timer to automatically fetch and run repair assertions being skipped.
Jul 10 21:22:48 kria systemd[1]: Started Daily Cleanup of Temporary Directories.
Jul 10 21:22:48 kria systemd[1]: Condition check resulted in Ubuntu Pro Timer for running repeated jobs being skipped.
Jul 10 21:22:48 kria systemd[1]: Reached target Path Units.
Jul 10 21:22:48 kria systemd[1]: Condition check resulted in Unix socket for apport crash forwarding being skipped.
Jul 10 21:22:48 kria systemd[1]: Listening on Avahi mDNS/DNS-SD Stack Activation Socket.
Jul 10 21:22:48 kria systemd[1]: Listening on cloud-init hotplug hook socket.
Jul 10 21:22:48 kria systemd[1]: Listening on CUPS Scheduler.
Jul 10 21:22:48 kria systemd[1]: Listening on D-Bus System Message Bus Socket.
Jul 10 21:22:48 kria systemd[1]: Starting Docker Socket for the API...
Jul 10 21:22:48 kria systemd[1]: Listening on Open-iSCSI iscsid Socket.
Jul 10 21:22:48 kria systemd[1]: Starting Socket activation for snappy daemon...
Jul 10 21:22:48 kria systemd[1]: Listening on UUID daemon activation socket.
Jul 10 21:22:48 kria systemd[1]: Listening on Docker Socket for the API.
Jul 10 21:22:48 kria systemd[1]: Listening on Socket activation for snappy daemon.
Jul 10 21:22:48 kria systemd[1]: Reached target Socket Units.
Jul 10 21:22:48 kria systemd[1]: Reached target Basic System.
Jul 10 21:22:48 kria systemd[1]: Started Run anacron jobs.
Jul 10 21:22:48 kria anacron[1029]: Anacron 2.3 started on 2026-07-10
Jul 10 21:22:48 kria systemd[1]: Starting Avahi mDNS/DNS-SD Stack...
Jul 10 21:22:48 kria systemd[1]: Started D-Bus System Message Bus.
Jul 10 21:22:48 kria anacron[1029]: Normal exit (0 jobs run)
Jul 10 21:22:48 kria systemd[1]: Starting Network Manager...
Jul 10 21:22:48 kria systemd[1]: Starting dfx-mgrd Dynamic Function eXchange...
Jul 10 21:22:48 kria systemd[1]: Started Save initial kernel messages after boot.
Jul 10 21:22:48 kria systemd[1]: Starting Remove Stale Online ext4 Metadata Check Snapshots...
Jul 10 21:22:48 kria systemd[1]: Starting fan speed regulator...
Jul 10 21:22:48 kria systemd[1]: Condition check resulted in getty on tty2-tty6 if dbus and logind are not available being skipped.
Jul 10 21:22:48 kria systemd[1]: Starting IIO Sensor Proxy service...
Jul 10 21:22:48 kria systemd[1]: Started irqbalance daemon.
Jul 10 21:22:48 kria systemd[1]: Starting Authorization Manager...
Jul 10 21:22:48 kria systemd[1]: Starting System Logging Service...
Jul 10 21:22:48 kria systemd[1]: Condition check resulted in Secure Boot updates for DB and DBX being skipped.
Jul 10 21:22:48 kria systemd[1]: Condition check resulted in Automatically repair incorrect owner/permissions on core devices being skipped.
Jul 10 21:22:48 kria systemd[1]: Condition check resulted in Wait for the Ubuntu Core chooser trigger being skipped.
Jul 10 21:22:48 kria systemd[1]: Reached target Preparation for Logins.
Jul 10 21:22:48 kria avahi-daemon[1030]: Found user 'avahi' (UID 123) and group 'avahi' (GID 130).
Jul 10 21:22:48 kria systemd[1]: Starting Wait until snapd is fully seeded...
Jul 10 21:22:48 kria systemd[1]: Starting Snap Daemon...
Jul 10 21:22:48 kria systemd[1]: Condition check resulted in System Security Services Daemon being skipped.
Jul 10 21:22:48 kria systemd[1]: Reached target User and Group Name Lookups.
Jul 10 21:22:48 kria systemd[1]: sssd-nss.socket: Bound to unit sssd.service, but unit isn't active.
Jul 10 21:22:48 kria systemd[1]: Dependency failed for SSSD NSS Service responder socket.
Jul 10 21:22:48 kria systemd[1]: sssd-nss.socket: Job sssd-nss.socket/start failed with result 'dependency'.
Jul 10 21:22:48 kria systemd[1]: sssd-autofs.socket: Bound to unit sssd.service, but unit isn't active.
Jul 10 21:22:48 kria systemd[1]: Dependency failed for SSSD AutoFS Service responder socket.
Jul 10 21:22:48 kria systemd[1]: sssd-autofs.socket: Job sssd-autofs.socket/start failed with result 'dependency'.
Jul 10 21:22:48 kria systemd[1]: sssd-pac.socket: Bound to unit sssd.service, but unit isn't active.
Jul 10 21:22:48 kria systemd[1]: Dependency failed for SSSD PAC Service responder socket.
Jul 10 21:22:48 kria systemd[1]: sssd-pac.socket: Job sssd-pac.socket/start failed with result 'dependency'.
Jul 10 21:22:48 kria systemd[1]: sssd-pam-priv.socket: Bound to unit sssd.service, but unit isn't active.
Jul 10 21:22:48 kria systemd[1]: Dependency failed for SSSD PAM Service responder private socket.
Jul 10 21:22:48 kria systemd[1]: Dependency failed for SSSD PAM Service responder socket.
Jul 10 21:22:48 kria systemd[1]: sssd-pam.socket: Job sssd-pam.socket/start failed with result 'dependency'.
Jul 10 21:22:48 kria systemd[1]: sssd-pam-priv.socket: Job sssd-pam-priv.socket/start failed with result 'dependency'.
Jul 10 21:22:48 kria systemd[1]: sssd-ssh.socket: Bound to unit sssd.service, but unit isn't active.
Jul 10 21:22:48 kria systemd[1]: Dependency failed for SSSD SSH Service responder socket.
Jul 10 21:22:48 kria systemd[1]: sssd-ssh.socket: Job sssd-ssh.socket/start failed with result 'dependency'.
Jul 10 21:22:48 kria systemd[1]: sssd-sudo.socket: Bound to unit sssd.service, but unit isn't active.
Jul 10 21:22:48 kria systemd[1]: Dependency failed for SSSD Sudo Service responder socket.
Jul 10 21:22:48 kria systemd[1]: sssd-sudo.socket: Job sssd-sudo.socket/start failed with result 'dependency'.
Jul 10 21:22:48 kria xlnx-firmware-detect[1033]: Default firmware detected: k26-starter-kits
Jul 10 21:22:48 kria systemd[1]: Starting User Login Management...
Jul 10 21:22:48 kria systemd[1]: Condition check resulted in Ubuntu Pro reboot cmds being skipped.
Jul 10 21:22:48 kria systemd[1]: Started update-misc-config.
Jul 10 21:22:48 kria systemd[1]: Starting WPA supplicant...
Jul 10 21:22:48 kria systemd[1]: anacron.service: Deactivated successfully.
Jul 10 21:22:48 kria systemd[1]: Started dfx-mgrd Dynamic Function eXchange.
Jul 10 21:22:49 kria avahi-daemon[1030]: Successfully dropped root privileges.
Jul 10 21:22:49 kria avahi-daemon[1030]: avahi-daemon 0.8 starting up.
Jul 10 21:22:49 kria systemd[1]: Starting Load kv260-smartcam accelerator at boot...
Jul 10 21:22:49 kria fancontrol[1042]: Loading configuration from /etc/fancontrol ...
Jul 10 21:22:49 kria /usr/sbin/irqbalance[1048]: IRQ arch_timer(11) guessed as class 0
Jul 10 21:22:49 kria /usr/sbin/irqbalance[1048]: IRQ zynqmp-ipi(14) guessed as class 0
Jul 10 21:22:49 kria /usr/sbin/irqbalance[1048]: IRQ arm-pmu(15) guessed as class 0
Jul 10 21:22:49 kria /usr/sbin/irqbalance[1048]: IRQ arm-pmu(16) guessed as class 0
Jul 10 21:22:49 kria /usr/sbin/irqbalance[1048]: IRQ arm-pmu(17) guessed as class 0
Jul 10 21:22:49 kria /usr/sbin/irqbalance[1048]: IRQ arm-pmu(18) guessed as class 0
Jul 10 21:22:49 kria /usr/sbin/irqbalance[1048]: IRQ zynqmp-dma(19) guessed as class 0
Jul 10 21:22:49 kria /usr/sbin/irqbalance[1048]: IRQ zynqmp-dma(20) guessed as class 0
Jul 10 21:22:49 kria /usr/sbin/irqbalance[1048]: IRQ zynqmp-dma(21) guessed as class 0
Jul 10 21:22:49 kria /usr/sbin/irqbalance[1048]: IRQ zynqmp-dma(22) guessed as class 0
Jul 10 21:22:49 kria /usr/sbin/irqbalance[1048]: IRQ zynqmp-dma(23) guessed as class 0
Jul 10 21:22:49 kria /usr/sbin/irqbalance[1048]: IRQ zynqmp-dma(24) guessed as class 0
Jul 10 21:22:49 kria /usr/sbin/irqbalance[1048]: IRQ zynqmp-dma(25) guessed as class 0
Jul 10 21:22:49 kria /usr/sbin/irqbalance[1048]: IRQ zynqmp-dma(26) guessed as class 0
Jul 10 21:22:49 kria /usr/sbin/irqbalance[1048]: IRQ zynqmp-dma(28) guessed as class 0
Jul 10 21:22:49 kria /usr/sbin/irqbalance[1048]: IRQ zynqmp-dma(29) guessed as class 0
Jul 10 21:22:49 kria /usr/sbin/irqbalance[1048]: IRQ zynqmp-dma(30) guessed as class 0
Jul 10 21:22:49 kria /usr/sbin/irqbalance[1048]: IRQ zynqmp-dma(31) guessed as class 0
Jul 10 21:22:49 kria /usr/sbin/irqbalance[1048]: IRQ zynqmp-dma(32) guessed as class 0
Jul 10 21:22:49 kria /usr/sbin/irqbalance[1048]: IRQ zynqmp-dma(33) guessed as class 0
Jul 10 21:22:49 kria /usr/sbin/irqbalance[1048]: IRQ zynqmp-dma(34) guessed as class 0
Jul 10 21:22:49 kria /usr/sbin/irqbalance[1048]: IRQ zynqmp-dma(35) guessed as class 0
Jul 10 21:22:49 kria /usr/sbin/irqbalance[1048]: IRQ eth0(37) guessed as class 5
Jul 10 21:22:49 kria /usr/sbin/irqbalance[1048]: IRQ cdns-i2c(39) guessed as class 0
Jul 10 21:22:49 kria /usr/sbin/irqbalance[1048]: IRQ ff960000.memory-controller(40) guessed as class 0
Jul 10 21:22:49 kria /usr/sbin/irqbalance[1048]: IRQ axi-pmon(41) guessed as class 0
Jul 10 21:22:49 kria /usr/sbin/irqbalance[1048]: IRQ axi-pmon(42) guessed as class 0
Jul 10 21:22:49 kria /usr/sbin/irqbalance[1048]: IRQ ff0f0000.spi(43) guessed as class 0
Jul 10 21:22:49 kria /usr/sbin/irqbalance[1048]: IRQ ffa60000.rtc(44) guessed as class 0
Jul 10 21:22:49 kria /usr/sbin/irqbalance[1048]: IRQ ffa60000.rtc(45) guessed as class 0
Jul 10 21:22:49 kria /usr/sbin/irqbalance[1048]: IRQ mmc1(46) guessed as class 0
Jul 10 21:22:49 kria /usr/sbin/irqbalance[1048]: IRQ ff050000.spi(47) guessed as class 0
Jul 10 21:22:49 kria /usr/sbin/irqbalance[1048]: IRQ xuartps(51) guessed as class 0
Jul 10 21:22:49 kria /usr/sbin/irqbalance[1048]: IRQ ff150000.watchdog(53) guessed as class 0
Jul 10 21:22:49 kria /usr/sbin/irqbalance[1048]: IRQ ams-irq(54) guessed as class 0
Jul 10 21:22:49 kria /usr/sbin/irqbalance[1048]: IRQ fd4c0000.dma-controller(55) guessed as class 0
Jul 10 21:22:49 kria /usr/sbin/irqbalance[1048]: IRQ xhci-hcd:usb1(57) guessed as class 0
Jul 10 21:22:49 kria /usr/sbin/irqbalance[1048]: IRQ fwuen(60) guessed as class 0
Jul 10 21:22:49 kria fancontrol[1042]: Common settings:
Jul 10 21:22:49 kria fancontrol[1042]:   INTERVAL=5
Jul 10 21:22:49 kria systemd[1]: e2scrub_reap.service: Deactivated successfully.
Jul 10 21:22:49 kria systemd[1]: Finished Remove Stale Online ext4 Metadata Check Snapshots.
Jul 10 21:22:49 kria fancontrol[1042]: Settings for /sys/class/hwmon/hwmon1/pwm1:
Jul 10 21:22:49 kria fancontrol[1042]:   Depends on /sys/class/hwmon/hwmon0/temp1_input
Jul 10 21:22:49 kria fancontrol[1042]:   Controls /sys/class/hwmon/hwmon1/pwm1
Jul 10 21:22:49 kria fancontrol[1042]:   MINTEMP=35
Jul 10 21:22:49 kria fancontrol[1042]:   MAXTEMP=45
Jul 10 21:22:49 kria fancontrol[1042]:   MINSTART=30
Jul 10 21:22:49 kria fancontrol[1042]:   MINSTOP=15
Jul 10 21:22:49 kria fancontrol[1042]:   MINPWM=15
Jul 10 21:22:49 kria fancontrol[1042]:   MAXPWM=255
Jul 10 21:22:49 kria fancontrol[1042]:   AVERAGE=4
Jul 10 21:22:49 kria systemd[1]: Started fan speed regulator.
Jul 10 21:22:49 kria fancontrol[1162]: Loading configuration from /etc/fancontrol ...
Jul 10 21:22:49 kria fancontrol[1162]: Common settings:
Jul 10 21:22:49 kria fancontrol[1162]:   INTERVAL=5
Jul 10 21:22:49 kria systemd-logind[1054]: New seat seat0.
Jul 10 21:22:49 kria fancontrol[1162]: Settings for /sys/class/hwmon/hwmon1/pwm1:
Jul 10 21:22:49 kria fancontrol[1162]:   Depends on /sys/class/hwmon/hwmon0/temp1_input
Jul 10 21:22:49 kria fancontrol[1162]:   Controls /sys/class/hwmon/hwmon1/pwm1
Jul 10 21:22:49 kria fancontrol[1162]:   MINTEMP=35
Jul 10 21:22:49 kria fancontrol[1162]:   MAXTEMP=45
Jul 10 21:22:49 kria fancontrol[1162]:   MINSTART=30
Jul 10 21:22:49 kria fancontrol[1162]:   MINSTOP=15
Jul 10 21:22:49 kria fancontrol[1162]:   MINPWM=15
Jul 10 21:22:49 kria fancontrol[1162]:   MAXPWM=255
Jul 10 21:22:49 kria fancontrol[1162]:   AVERAGE=4
Jul 10 21:22:49 kria fancontrol[1162]: Enabling PWM on fans...
Jul 10 21:22:49 kria fancontrol[1162]: Starting automatic fan control...
Jul 10 21:22:49 kria systemd[1]: Started System Logging Service.
Jul 10 21:22:49 kria rsyslogd[1051]: imuxsock: Acquired UNIX socket '/run/systemd/journal/syslog' (fd 3) from systemd.  [v8.2112.0]
Jul 10 21:22:49 kria rsyslogd[1051]: rsyslogd's groupid changed to 111
Jul 10 21:22:49 kria rsyslogd[1051]: rsyslogd's userid changed to 104
Jul 10 21:22:49 kria rsyslogd[1051]: [origin software="rsyslogd" swVersion="8.2112.0" x-pid="1051" x-info="https://www.rsyslog.com"] start
Jul 10 21:22:50 kria kernel: macb ff0e0000.ethernet eth0: PHY [ff0e0000.ethernet-ffffffff:01] driver [TI DP83867] (irq=POLL)
Jul 10 21:22:50 kria kernel: macb ff0e0000.ethernet eth0: configuring for phy/rgmii-id link mode
Jul 10 21:22:50 kria kernel: macb ff0e0000.ethernet: gem-ptp-timer ptp clock registered.
Jul 10 21:22:50 kria update-misc-config.sh[1055]: MAC address for eth0 is updated to 00:0a:35:0c:ff:64
Jul 10 21:22:50 kria systemd[1]: update-misc-config.service: Deactivated successfully.
Jul 10 21:22:50 kria kernel: OF: overlay: WARNING: memory leak will occur if overlay removed, property: /fpga-full/firmware-name
Jul 10 21:22:50 kria kernel: OF: overlay: WARNING: memory leak will occur if overlay removed, property: /fpga-full/resets
Jul 10 21:22:50 kria xmutil[1303]: remove from slot 0 returns: 0 (Ok)
Jul 10 21:22:50 kria NetworkManager[1032]: <info>  [1783686170.6124] NetworkManager (version 1.36.6) is starting... (for the first time)
Jul 10 21:22:50 kria NetworkManager[1032]: <info>  [1783686170.6127] Read config: /etc/NetworkManager/NetworkManager.conf (lib: 10-default-firewall-use-iptables.conf, 10-dns-resolved.conf, 20-connectivity-ubuntu.conf, no-mac-addr-change.conf) (run: 10-globally-managed-devices.conf) (etc: 10-ubuntu-fan.conf, default-wifi-powersave-on.conf)
Jul 10 21:22:51 kria dbus-daemon[1031]: [system] AppArmor D-Bus mediation is enabled
Jul 10 21:22:51 kria systemd[1]: Started User Login Management.
Jul 10 21:22:51 kria dbus-daemon[1031]: [system] Successfully activated service 'org.freedesktop.systemd1'
Jul 10 21:22:51 kria systemd[1]: Started Avahi mDNS/DNS-SD Stack.
Jul 10 21:22:51 kria systemd[1]: Started WPA supplicant.
Jul 10 21:22:51 kria systemd[1]: Started IIO Sensor Proxy service.
Jul 10 21:22:51 kria NetworkManager[1032]: <info>  [1783686171.2161] bus-manager: acquired D-Bus service "org.freedesktop.NetworkManager"
Jul 10 21:22:51 kria systemd[1]: Started Network Manager.
Jul 10 21:22:51 kria systemd[1]: Reached target Network.
Jul 10 21:22:51 kria wpa_supplicant[1056]: Successfully initialized wpa_supplicant
Jul 10 21:22:51 kria avahi-daemon[1030]: Successfully called chroot().
Jul 10 21:22:51 kria avahi-daemon[1030]: Successfully dropped remaining capabilities.
Jul 10 21:22:51 kria systemd[1]: Starting Network Manager Wait Online...
Jul 10 21:22:51 kria systemd[1]: Starting containerd container runtime...
Jul 10 21:22:51 kria avahi-daemon[1030]: No service file found in /etc/avahi/services.
Jul 10 21:22:51 kria systemd[1]: Starting CUPS Scheduler...
Jul 10 21:22:51 kria systemd[1]: Starting OpenVPN service...
Jul 10 21:22:51 kria avahi-daemon[1030]: Joining mDNS multicast group on interface lo.IPv6 with address ::1.
Jul 10 21:22:51 kria avahi-daemon[1030]: New relevant interface lo.IPv6 for mDNS.
Jul 10 21:22:51 kria systemd[1]: Started Service for snap application xlnx-config.xlnx-configd.
Jul 10 21:22:51 kria avahi-daemon[1030]: Joining mDNS multicast group on interface lo.IPv4 with address 127.0.0.1.
Jul 10 21:22:51 kria avahi-daemon[1030]: New relevant interface lo.IPv4 for mDNS.
Jul 10 21:22:51 kria avahi-daemon[1030]: Network interface enumeration completed.
Jul 10 21:22:51 kria avahi-daemon[1030]: Registering new address record for ::1 on lo.*.
Jul 10 21:22:51 kria avahi-daemon[1030]: Registering new address record for 127.0.0.1 on lo.IPv4.
Jul 10 21:22:51 kria kernel: OF: overlay: WARNING: memory leak will occur if overlay removed, property: /fpga-full/firmware-name
Jul 10 21:22:51 kria kernel: OF: overlay: WARNING: memory leak will occur if overlay removed, property: /fpga-full/resets
Jul 10 21:22:51 kria systemd[1]: Finished OpenVPN service.
Jul 10 21:22:51 kria kernel: xilinx-frmbuf b0010000.fb_wr: Xilinx AXI frmbuf DMA_DEV_TO_MEM
Jul 10 21:22:51 kria kernel: xilinx-frmbuf b0010000.fb_wr: Xilinx AXI FrameBuffer Engine Driver Probed!!
Jul 10 21:22:51 kria kernel: platform axi:isp_vcap_csi: Fixing up cyclic dependency with 80000000.csiss
Jul 10 21:22:51 kria kernel: xilinx-video axi:isp_vcap_csi: device registered
Jul 10 21:22:51 kria polkitd[1050]: started daemon version 0.105 using authority implementation `local' version `0.105'
Jul 10 21:22:51 kria systemd[1]: Started Authorization Manager.
Jul 10 21:22:51 kria systemd[1]: Starting Modem Manager...
Jul 10 21:22:51 kria xmutil[1311]: kv260-smartcam: loaded to slot 0
Jul 10 21:22:51 kria NetworkManager[1032]: <info>  [1783686171.4404] manager[0xaaaaeedf5040]: monitoring kernel firmware directory '/lib/firmware'.
Jul 10 21:22:51 kria NetworkManager[1032]: <info>  [1783686171.4406] monitoring ifupdown state file '/run/network/ifstate'.
Jul 10 21:22:51 kria dbus-daemon[1031]: [system] Activating via systemd: service name='org.freedesktop.hostname1' unit='dbus-org.freedesktop.hostname1.service' requested by ':1.9' (uid=0 pid=1032 comm="/usr/sbin/NetworkManager --no-daemon " label="unconfined")
Jul 10 21:22:51 kria systemd[1]: Starting Hostname Service...
Jul 10 21:22:51 kria systemd[1]: Finished Load kv260-smartcam accelerator at boot.
Jul 10 21:22:51 kria kernel: xilinx-vcu 80140000.vcu: could not find xlnx,vcu-settings: trying direct register access
Jul 10 21:22:51 kria kernel: i2c 3-003c: Fixing up cyclic dependency with 80000000.csiss
Jul 10 21:22:51 kria kernel: i2c i2c-2: Added multiplexed i2c bus 3
Jul 10 21:22:51 kria kernel: i2c i2c-2: Added multiplexed i2c bus 4
Jul 10 21:22:51 kria kernel: i2c i2c-2: Added multiplexed i2c bus 5
Jul 10 21:22:51 kria kernel: i2c i2c-2: Added multiplexed i2c bus 6
Jul 10 21:22:51 kria kernel: pca954x 2-0074: registered 4 multiplexed busses for I2C switch pca9546
Jul 10 21:22:51 kria kernel: xilinx-video axi:isp_vcap_csi: Entity type for entity 80000000.csiss was not initialized!
Jul 10 21:22:51 kria kernel: [drm] Probing for xlnx,zocl
Jul 10 21:22:51 kria kernel: zocl-drm axi:zyxclmm_drm: IRQ index 8 not found
Jul 10 21:22:51 kria kernel: hid-sensor-hub 0003:8086:0B3A.0001: No report with id 0xffffffff found
Jul 10 21:22:51 kria kernel: [drm] FPGA programming device pcap founded.
Jul 10 21:22:51 kria kernel: [drm] PR[0] Isolation addr 0x0
Jul 10 21:22:51 kria kernel: [drm] Initialized zocl 2.13.479 -4424738 for axi:zyxclmm_drm on minor 0
Jul 10 21:22:51 kria kernel: allegro: module is from the staging directory, the quality is unknown, you have been warned.
Jul 10 21:22:51 kria kernel: allegro: module is from the staging directory, the quality is unknown, you have been warned.
Jul 10 21:22:51 kria kernel: debugfs: Directory '3-003c' with parent 'regmap' already present!
Jul 10 21:22:52 kria kernel: ap1302 3-003c: AP1302 revision 0.2.6 detected
Jul 10 21:22:54 kria kernel: al5d: module is from the staging directory, the quality is unknown, you have been warned.
Jul 10 21:22:54 kria kernel: al5e: module is from the staging directory, the quality is unknown, you have been warned.
Jul 10 21:22:54 kria kernel: al5d 80120000.al5d: l2 prefetch size:2072576 (bits), l2 color bitdepth:8
Jul 10 21:22:54 kria kernel: al5e 80100000.al5e: l2 prefetch size:2072576 (bits), l2 color bitdepth:8
Jul 10 21:22:52 kria systemd[1]: Started Hostname Service.
Jul 10 21:22:52 kria dbus-daemon[1031]: [system] Successfully activated service 'org.freedesktop.hostname1'
Jul 10 21:22:52 kria NetworkManager[1032]: <info>  [1783686172.1435] hostname: hostname: using hostnamed
Jul 10 21:22:52 kria avahi-daemon[1030]: Server startup complete. Host name is kria.local. Local service cookie is 2150112018.
Jul 10 21:22:52 kria NetworkManager[1032]: <info>  [1783686172.1436] hostname: static hostname changed from (none) to "kria"
Jul 10 21:22:52 kria ModemManager[1343]: <info>  ModemManager (version 1.20.0) starting in system bus...
Jul 10 21:22:52 kria NetworkManager[1032]: <info>  [1783686172.2484] dns-mgr[0xaaaaeedd32a0]: init: dns=systemd-resolved rc-manager=unmanaged (auto), plugin=systemd-resolved
Jul 10 21:22:52 kria dbus-daemon[1031]: [system] Activating via systemd: service name='org.freedesktop.nm_dispatcher' unit='dbus-org.freedesktop.nm-dispatcher.service' requested by ':1.9' (uid=0 pid=1032 comm="/usr/sbin/NetworkManager --no-daemon " label="unconfined")
Jul 10 21:22:52 kria NetworkManager[1032]: <info>  [1783686172.2876] manager[0xaaaaeedf5040]: rfkill: Wi-Fi hardware radio set enabled
Jul 10 21:22:53 kria dbus-daemon[1031]: [system] Successfully activated service 'org.freedesktop.nm_dispatcher'
Jul 10 21:22:52 kria NetworkManager[1032]: <info>  [1783686172.2878] manager[0xaaaaeedf5040]: rfkill: WWAN hardware radio set enabled
Jul 10 21:22:53 kria dbus-daemon[1031]: [system] Activating via systemd: service name='org.freedesktop.ColorManager' unit='colord.service' requested by ':1.14' (uid=0 pid=1323 comm="/usr/sbin/cupsd -l " label="/usr/sbin/cupsd (enforce)")
Jul 10 21:22:52 kria NetworkManager[1032]: <info>  [1783686172.5585] Loaded device plugin: NMAtmManager (/usr/lib/aarch64-linux-gnu/NetworkManager/1.36.6/libnm-device-plugin-adsl.so)
Jul 10 21:22:54 kria dbus-daemon[1031]: [system] Successfully activated service 'org.freedesktop.ColorManager'
Jul 10 21:22:52 kria NetworkManager[1032]: <info>  [1783686172.7092] Loaded device plugin: NMWifiFactory (/usr/lib/aarch64-linux-gnu/NetworkManager/1.36.6/libnm-device-plugin-wifi.so)
Jul 10 21:22:52 kria NetworkManager[1032]: <info>  [1783686172.8369] Loaded device plugin: NMBluezManager (/usr/lib/aarch64-linux-gnu/NetworkManager/1.36.6/libnm-device-plugin-bluetooth.so)
Jul 10 21:22:52 kria NetworkManager[1032]: <info>  [1783686172.8970] Loaded device plugin: NMTeamFactory (/usr/lib/aarch64-linux-gnu/NetworkManager/1.36.6/libnm-device-plugin-team.so)
Jul 10 21:22:52 kria NetworkManager[1032]: <info>  [1783686172.9267] Loaded device plugin: NMWwanFactory (/usr/lib/aarch64-linux-gnu/NetworkManager/1.36.6/libnm-device-plugin-wwan.so)
Jul 10 21:22:52 kria NetworkManager[1032]: <info>  [1783686172.9282] manager: rfkill: Wi-Fi enabled by radio killswitch; enabled by state file
Jul 10 21:22:52 kria NetworkManager[1032]: <info>  [1783686172.9284] manager: rfkill: WWAN enabled by radio killswitch; enabled by state file
Jul 10 21:22:52 kria NetworkManager[1032]: <info>  [1783686172.9286] manager: Networking is enabled by state file
Jul 10 21:22:52 kria systemd[1]: Starting Network Manager Script Dispatcher Service...
Jul 10 21:22:53 kria NetworkManager[1032]: <info>  [1783686173.0093] settings: Loaded settings plugin: ifupdown ("/usr/lib/aarch64-linux-gnu/NetworkManager/1.36.6/libnm-settings-plugin-ifupdown.so")
Jul 10 21:22:53 kria NetworkManager[1032]: <info>  [1783686173.0095] settings: Loaded settings plugin: keyfile (internal)
Jul 10 21:22:53 kria NetworkManager[1032]: <info>  [1783686173.0096] ifupdown: management mode: unmanaged
Jul 10 21:22:53 kria NetworkManager[1032]: <info>  [1783686173.0256] ifupdown: interfaces file /etc/network/interfaces doesn't exist
Jul 10 21:22:53 kria systemd[1]: Started Network Manager Script Dispatcher Service.
Jul 10 21:22:53 kria NetworkManager[1032]: <info>  [1783686173.1316] dhcp-init: Using DHCP client 'internal'
Jul 10 21:22:53 kria NetworkManager[1032]: <info>  [1783686173.1319] device (lo): carrier: link connected
Jul 10 21:22:53 kria NetworkManager[1032]: <info>  [1783686173.1334] manager: (lo): new Generic device (/org/freedesktop/NetworkManager/Devices/1)
Jul 10 21:22:53 kria NetworkManager[1032]: <info>  [1783686173.1402] manager: (eth0): new Ethernet device (/org/freedesktop/NetworkManager/Devices/2)
Jul 10 21:22:53 kria NetworkManager[1032]: <info>  [1783686173.1480] settings: (eth0): created default wired connection 'Wired connection 1'
Jul 10 21:22:53 kria NetworkManager[1032]: <info>  [1783686173.1482] device (eth0): state change: unmanaged -> unavailable (reason 'managed', sys-iface-state: 'external')
Jul 10 21:22:53 kria NetworkManager[1032]: <info>  [1783686173.2008] failed to open /run/network/ifstate
Jul 10 21:22:53 kria systemd[1]: Starting Manage, Install and Generate Color Profiles...
Jul 10 21:22:54 kria systemd[1]: Started Manage, Install and Generate Color Profiles.
Jul 10 21:22:54 kria systemd[1]: Started Modem Manager.
Jul 10 21:22:54 kria NetworkManager[1032]: <info>  [1783686174.0920] modem-manager: ModemManager not available
Jul 10 21:22:54 kria kernel: macb ff0e0000.ethernet eth0: Link is Up - 1Gbps/Full - flow control off
Jul 10 21:22:54 kria kernel: IPv6: ADDRCONF(NETDEV_CHANGE): eth0: link becomes ready
Jul 10 21:22:54 kria NetworkManager[1032]: <info>  [1783686174.1514] device (eth0): carrier: link connected
Jul 10 21:22:54 kria NetworkManager[1032]: <info>  [1783686174.1532] device (eth0): state change: unavailable -> disconnected (reason 'carrier-changed', sys-iface-state: 'managed')
Jul 10 21:22:54 kria NetworkManager[1032]: <info>  [1783686174.1576] policy: auto-activating connection 'Wired connection 1' (2a13b6b9-f1cb-337e-9aab-e0f0805d8b51)
Jul 10 21:22:54 kria NetworkManager[1032]: <info>  [1783686174.1596] device (eth0): Activation: starting connection 'Wired connection 1' (2a13b6b9-f1cb-337e-9aab-e0f0805d8b51)
Jul 10 21:22:54 kria NetworkManager[1032]: <info>  [1783686174.1600] device (eth0): state change: disconnected -> prepare (reason 'none', sys-iface-state: 'managed')
Jul 10 21:22:54 kria NetworkManager[1032]: <info>  [1783686174.1643] manager: NetworkManager state is now CONNECTING
Jul 10 21:22:54 kria NetworkManager[1032]: <info>  [1783686174.1764] device (eth0): state change: prepare -> config (reason 'none', sys-iface-state: 'managed')
Jul 10 21:22:54 kria NetworkManager[1032]: <info>  [1783686174.1851] device (eth0): state change: config -> ip-config (reason 'none', sys-iface-state: 'managed')
Jul 10 21:22:54 kria NetworkManager[1032]: <info>  [1783686174.1885] dhcp4 (eth0): activation: beginning transaction (timeout in 45 seconds)
Jul 10 21:22:54 kria avahi-daemon[1030]: Joining mDNS multicast group on interface eth0.IPv6 with address fe80::c0d9:b439:14c4:1fa2.
Jul 10 21:22:54 kria avahi-daemon[1030]: New relevant interface eth0.IPv6 for mDNS.
Jul 10 21:22:54 kria avahi-daemon[1030]: Registering new address record for fe80::c0d9:b439:14c4:1fa2 on eth0.*.
Jul 10 21:22:54 kria NetworkManager[1032]: <info>  [1783686174.4349] dhcp4 (eth0): state changed new lease, address=192.168.120.132
Jul 10 21:22:54 kria avahi-daemon[1030]: Joining mDNS multicast group on interface eth0.IPv4 with address 192.168.120.132.
Jul 10 21:22:54 kria avahi-daemon[1030]: New relevant interface eth0.IPv4 for mDNS.
Jul 10 21:22:54 kria avahi-daemon[1030]: Registering new address record for 192.168.120.132 on eth0.IPv4.
Jul 10 21:22:54 kria NetworkManager[1032]: <info>  [1783686174.4426] device (eth0): state change: ip-config -> ip-check (reason 'none', sys-iface-state: 'managed')
Jul 10 21:22:54 kria NetworkManager[1032]: <info>  [1783686174.4828] device (eth0): state change: ip-check -> secondaries (reason 'none', sys-iface-state: 'managed')
Jul 10 21:22:54 kria NetworkManager[1032]: <info>  [1783686174.4836] device (eth0): state change: secondaries -> activated (reason 'none', sys-iface-state: 'managed')
Jul 10 21:22:54 kria NetworkManager[1032]: <info>  [1783686174.4854] manager: NetworkManager state is now CONNECTED_LOCAL
Jul 10 21:22:54 kria NetworkManager[1032]: <info>  [1783686174.4906] manager: NetworkManager state is now CONNECTED_SITE
Jul 10 21:22:54 kria NetworkManager[1032]: <info>  [1783686174.4911] policy: set 'Wired connection 1' (eth0) as default for IPv4 routing and DNS
Jul 10 21:22:54 kria NetworkManager[1032]: <info>  [1783686174.4963] device (eth0): Activation: successful, device activated.
Jul 10 21:22:54 kria NetworkManager[1032]: <info>  [1783686174.5003] manager: startup complete
Jul 10 21:22:54 kria systemd-resolved[940]: eth0: Bus client set default route setting: yes
Jul 10 21:22:54 kria systemd-resolved[940]: eth0: Bus client set DNS server list to: 192.168.120.1
Jul 10 21:22:54 kria systemd[1]: Finished Network Manager Wait Online.
Jul 10 21:22:54 kria systemd[1]: Reached target Network is Online.
Jul 10 21:22:54 kria systemd[1]: Started Download data for packages that failed at package install time.
Jul 10 21:22:54 kria systemd[1]: Started Check to see whether there is a new version of Ubuntu available.
Jul 10 21:22:54 kria systemd[1]: Reached target Timer Units.
Jul 10 21:22:54 kria systemd[1]: Condition check resulted in Login to default iSCSI targets being skipped.
Jul 10 21:22:54 kria systemd[1]: Reached target Preparation for Remote File Systems.
Jul 10 21:22:54 kria systemd[1]: Reached target Remote File Systems.
Jul 10 21:22:54 kria systemd[1]: Starting LSB: automatic crash report generation...
Jul 10 21:22:54 kria systemd[1]: Finished Availability of block devices.
Jul 10 21:22:54 kria systemd[1]: Started Regular background program processing daemon.
Jul 10 21:22:54 kria systemd[1]: Starting Tool to automatically collect and submit kernel crash signatures...
Jul 10 21:22:54 kria systemd[1]: Starting LSB: Stop plymouth during boot and start it on shutdown...
Jul 10 21:22:54 kria cron[1438]: (CRON) INFO (pidfile fd = 3)
Jul 10 21:22:54 kria systemd[1]: Condition check resulted in Pollinate to seed the pseudo random number generator being skipped.
Jul 10 21:22:54 kria systemd[1]: Starting Notify NFS peers of a restart...
Jul 10 21:22:54 kria systemd[1]: Starting OpenBSD Secure Shell server...
Jul 10 21:22:54 kria sm-notify[1446]: Version 2.6.1 starting
Jul 10 21:22:54 kria systemd[1]: Starting Permit User Sessions...
Jul 10 21:22:54 kria systemd[1]: Condition check resulted in Ubuntu Pro Background Auto Attach being skipped.
Jul 10 21:22:54 kria systemd[1]: Starting Ubuntu FAN network setup...
Jul 10 21:22:54 kria systemd[1]: Started LSB: Stop plymouth during boot and start it on shutdown.
Jul 10 21:22:54 kria cron[1438]: (CRON) INFO (Running @reboot jobs)
Jul 10 21:22:54 kria systemd[1]: Finished Permit User Sessions.
Jul 10 21:22:54 kria systemd[1]: Started Serial Getty on ttyPS1.
Jul 10 21:22:54 kria systemd[1]: Starting Set console scheme...
Jul 10 21:22:54 kria systemd[1]: Started Notify NFS peers of a restart.
Jul 10 21:22:54 kria systemd[1]: Finished Set console scheme.
Jul 10 21:22:54 kria systemd[1]: Created slice Slice /system/getty.
Jul 10 21:22:54 kria systemd[1]: Started Getty on tty1.
Jul 10 21:22:54 kria systemd[1]: Reached target Login Prompts.
Jul 10 21:22:54 kria apport[1436]:  * Starting automatic crash report generation: apport
Jul 10 21:22:54 kria systemd[1]: Started crash report submission.
Jul 10 21:22:54 kria dbus-daemon[1031]: [system] Activating via systemd: service name='org.freedesktop.network1' unit='dbus-org.freedesktop.network1.service' requested by ':1.16' (uid=0 pid=1480 comm="networkctl " label="unconfined")
Jul 10 21:22:54 kria dbus-daemon[1031]: [system] Activation via systemd failed for unit 'dbus-org.freedesktop.network1.service': Unit dbus-org.freedesktop.network1.service not found.
Jul 10 21:22:54 kria systemd[1]: Finished Ubuntu FAN network setup.
Jul 10 21:22:54 kria systemd[1]: kerneloops.service: Found left-over process 1495 (kerneloops) in control group while starting unit. Ignoring.
Jul 10 21:22:54 kria systemd[1]: This usually indicates unclean termination of a previous run, or service implementation deficiencies.
Jul 10 21:22:54 kria apport[1436]:    ...done.
Jul 10 21:22:54 kria systemd[1]: Started LSB: automatic crash report generation.
Jul 10 21:22:54 kria systemd[1]: Started Tool to automatically collect and submit kernel crash signatures.
Jul 10 21:22:55 kria NetworkManager[1032]: <info>  [1783686175.0986] manager: NetworkManager state is now CONNECTED_GLOBAL
Jul 10 21:22:55 kria whoopsie[1486]: [21:22:55] Using lock path: /var/lock/whoopsie/lock
Jul 10 21:22:55 kria systemd[1]: whoopsie.service: Deactivated successfully.
Jul 10 21:22:55 kria NetworkManager[1032]: <info>  [1783686175.2885] modem-manager: ModemManager now available
Jul 10 21:22:55 kria sshd[1590]: Server listening on 0.0.0.0 port 22.
Jul 10 21:22:55 kria sshd[1590]: Server listening on :: port 22.
Jul 10 21:22:55 kria systemd[1]: Started OpenBSD Secure Shell server.
Jul 10 21:22:55 kria audit[1323]: AVC apparmor="DENIED" operation="capable" profile="/usr/sbin/cupsd" pid=1323 comm="cupsd" capability=12  capname="net_admin"
Jul 10 21:22:55 kria systemd[1]: Started CUPS Scheduler.
Jul 10 21:22:55 kria kernel: kauditd_printk_skb: 56 callbacks suppressed
Jul 10 21:22:55 kria kernel: audit: type=1400 audit(1783686175.872:68): apparmor="DENIED" operation="capable" profile="/usr/sbin/cupsd" pid=1323 comm="cupsd" capability=12  capname="net_admin"
Jul 10 21:22:55 kria systemd[1]: Started Make remote CUPS printers available locally.
Jul 10 21:22:56 kria audit[1622]: AVC apparmor="DENIED" operation="capable" profile="/usr/sbin/cups-browsed" pid=1622 comm="cups-browsed" capability=23  capname="sys_nice"
Jul 10 21:22:56 kria kernel: audit: type=1400 audit(1783686176.340:69): apparmor="DENIED" operation="capable" profile="/usr/sbin/cups-browsed" pid=1622 comm="cups-browsed" capability=23  capname="sys_nice"
Jul 10 21:22:57 kria containerd[1326]: time="2026-07-10T21:22:57.672234559+09:00" level=info msg="starting containerd" revision= version=2.2.1
Jul 10 21:22:57 kria ModemManager[1343]: <info>  [base-manager] couldn't check support for device '/sys/devices/platform/axi/ff0e0000.ethernet': not supported by any plugin
Jul 10 21:22:57 kria containerd[1326]: time="2026-07-10T21:22:57.843115088+09:00" level=info msg="loading plugin" id=io.containerd.content.v1.content type=io.containerd.content.v1
Jul 10 21:22:57 kria containerd[1326]: time="2026-07-10T21:22:57.871378491+09:00" level=info msg="loading plugin" id=io.containerd.image-verifier.v1.bindir type=io.containerd.image-verifier.v1
Jul 10 21:22:57 kria containerd[1326]: time="2026-07-10T21:22:57.871576513+09:00" level=info msg="loading plugin" id=io.containerd.internal.v1.opt type=io.containerd.internal.v1
Jul 10 21:22:57 kria containerd[1326]: time="2026-07-10T21:22:57.887809395+09:00" level=info msg="loading plugin" id=io.containerd.warning.v1.deprecations type=io.containerd.warning.v1
Jul 10 21:22:57 kria containerd[1326]: time="2026-07-10T21:22:57.887965777+09:00" level=info msg="loading plugin" id=io.containerd.mount-handler.v1.erofs type=io.containerd.mount-handler.v1
Jul 10 21:22:57 kria containerd[1326]: time="2026-07-10T21:22:57.888050728+09:00" level=info msg="loading plugin" id=io.containerd.snapshotter.v1.blockfile type=io.containerd.snapshotter.v1
Jul 10 21:22:57 kria containerd[1326]: time="2026-07-10T21:22:57.894741365+09:00" level=info msg="skip loading plugin" error="no scratch file generator: skip plugin" id=io.containerd.snapshotter.v1.blockfile type=io.containerd.snapshotter.v1
Jul 10 21:22:57 kria containerd[1326]: time="2026-07-10T21:22:57.894872476+09:00" level=info msg="loading plugin" id=io.containerd.snapshotter.v1.btrfs type=io.containerd.snapshotter.v1
Jul 10 21:22:57 kria containerd[1326]: time="2026-07-10T21:22:57.896050818+09:00" level=info msg="skip loading plugin" error="path /var/lib/containerd/io.containerd.snapshotter.v1.btrfs (ext4) must be a btrfs filesystem to be used with the btrfs snapshotter: skip plugin" id=io.containerd.snapshotter.v1.btrfs type=io.containerd.snapshotter.v1
Jul 10 21:22:57 kria containerd[1326]: time="2026-07-10T21:22:57.896169269+09:00" level=info msg="loading plugin" id=io.containerd.snapshotter.v1.devmapper type=io.containerd.snapshotter.v1
Jul 10 21:22:57 kria containerd[1326]: time="2026-07-10T21:22:57.896242570+09:00" level=info msg="skip loading plugin" error="devmapper not configured: skip plugin" id=io.containerd.snapshotter.v1.devmapper type=io.containerd.snapshotter.v1
Jul 10 21:22:57 kria containerd[1326]: time="2026-07-10T21:22:57.896301650+09:00" level=info msg="loading plugin" id=io.containerd.snapshotter.v1.erofs type=io.containerd.snapshotter.v1
Jul 10 21:22:57 kria containerd[1326]: time="2026-07-10T21:22:57.930609633+09:00" level=info msg="skip loading plugin" error="EROFS unsupported, please `modprobe erofs`: skip plugin" id=io.containerd.snapshotter.v1.erofs type=io.containerd.snapshotter.v1
Jul 10 21:22:57 kria containerd[1326]: time="2026-07-10T21:22:57.930762305+09:00" level=info msg="loading plugin" id=io.containerd.snapshotter.v1.native type=io.containerd.snapshotter.v1
Jul 10 21:22:57 kria containerd[1326]: time="2026-07-10T21:22:57.966778015+09:00" level=info msg="loading plugin" id=io.containerd.snapshotter.v1.overlayfs type=io.containerd.snapshotter.v1
Jul 10 21:22:57 kria kernel: overlayfs: idmapped layers are currently not supported
Jul 10 21:22:58 kria containerd[1326]: time="2026-07-10T21:22:58.006985857+09:00" level=info msg="loading plugin" id=io.containerd.snapshotter.v1.zfs type=io.containerd.snapshotter.v1
Jul 10 21:22:58 kria containerd[1326]: time="2026-07-10T21:22:58.007247760+09:00" level=info msg="skip loading plugin" error="lstat /var/lib/containerd/io.containerd.snapshotter.v1.zfs: no such file or directory: skip plugin" id=io.containerd.snapshotter.v1.zfs type=io.containerd.snapshotter.v1
Jul 10 21:22:58 kria containerd[1326]: time="2026-07-10T21:22:58.007329691+09:00" level=info msg="loading plugin" id=io.containerd.event.v1.exchange type=io.containerd.event.v1
Jul 10 21:22:58 kria systemd[1]: tmp-ovl\x2didmapped\x2dcheck241773885-lower.mount: Deactivated successfully.
Jul 10 21:22:58 kria containerd[1326]: time="2026-07-10T21:22:58.019229220+09:00" level=info msg="loading plugin" id=io.containerd.monitor.task.v1.cgroups type=io.containerd.monitor.task.v1
Jul 10 21:22:58 kria containerd[1326]: time="2026-07-10T21:22:58.020716195+09:00" level=info msg="loading plugin" id=io.containerd.metadata.v1.bolt type=io.containerd.metadata.v1
Jul 10 21:22:58 kria containerd[1326]: time="2026-07-10T21:22:58.021144369+09:00" level=info msg="metadata content store policy set" policy=shared
Jul 10 21:22:58 kria systemd[1]: dmesg.service: Deactivated successfully.
Jul 10 21:22:58 kria containerd[1326]: time="2026-07-10T21:22:58.085609594+09:00" level=info msg="loading plugin" id=io.containerd.gc.v1.scheduler type=io.containerd.gc.v1
Jul 10 21:22:58 kria containerd[1326]: time="2026-07-10T21:22:58.085885876+09:00" level=info msg="loading plugin" id=io.containerd.nri.v1.nri type=io.containerd.nri.v1
Jul 10 21:22:58 kria containerd[1326]: time="2026-07-10T21:22:58.086050348+09:00" level=info msg="built-in NRI default validator is disabled"
Jul 10 21:22:58 kria containerd[1326]: time="2026-07-10T21:22:58.086094918+09:00" level=info msg="runtime interface created"
Jul 10 21:22:58 kria containerd[1326]: time="2026-07-10T21:22:58.086130109+09:00" level=info msg="created NRI interface"
Jul 10 21:22:58 kria containerd[1326]: time="2026-07-10T21:22:58.086198539+09:00" level=info msg="loading plugin" id=io.containerd.differ.v1.erofs type=io.containerd.differ.v1
Jul 10 21:22:58 kria containerd[1326]: time="2026-07-10T21:22:58.089026398+09:00" level=info msg="skip loading plugin" error="failed to check mkfs.erofs availability: failed to run mkfs.erofs --help: exec: \"mkfs.erofs\": executable file not found in $PATH: skip plugin" id=io.containerd.differ.v1.erofs type=io.containerd.differ.v1
Jul 10 21:22:58 kria containerd[1326]: time="2026-07-10T21:22:58.089179209+09:00" level=info msg="loading plugin" id=io.containerd.differ.v1.walking type=io.containerd.differ.v1
Jul 10 21:22:58 kria containerd[1326]: time="2026-07-10T21:22:58.089320311+09:00" level=info msg="loading plugin" id=io.containerd.lease.v1.manager type=io.containerd.lease.v1
Jul 10 21:22:58 kria containerd[1326]: time="2026-07-10T21:22:58.089414112+09:00" level=info msg="loading plugin" id=io.containerd.mount-manager.v1.bolt type=io.containerd.mount-manager.v1
Jul 10 21:22:58 kria containerd[1326]: time="2026-07-10T21:22:58.090137169+09:00" level=info msg="loading plugin" id=io.containerd.service.v1.containers-service type=io.containerd.service.v1
Jul 10 21:22:58 kria containerd[1326]: time="2026-07-10T21:22:58.090270100+09:00" level=info msg="loading plugin" id=io.containerd.service.v1.content-service type=io.containerd.service.v1
Jul 10 21:22:58 kria containerd[1326]: time="2026-07-10T21:22:58.090340221+09:00" level=info msg="loading plugin" id=io.containerd.service.v1.diff-service type=io.containerd.service.v1
Jul 10 21:22:58 kria containerd[1326]: time="2026-07-10T21:22:58.090415162+09:00" level=info msg="loading plugin" id=io.containerd.service.v1.images-service type=io.containerd.service.v1
Jul 10 21:22:58 kria containerd[1326]: time="2026-07-10T21:22:58.090566803+09:00" level=info msg="loading plugin" id=io.containerd.service.v1.introspection-service type=io.containerd.service.v1
Jul 10 21:22:58 kria containerd[1326]: time="2026-07-10T21:22:58.090729475+09:00" level=info msg="loading plugin" id=io.containerd.service.v1.namespaces-service type=io.containerd.service.v1
Jul 10 21:22:58 kria containerd[1326]: time="2026-07-10T21:22:58.090801535+09:00" level=info msg="loading plugin" id=io.containerd.service.v1.snapshots-service type=io.containerd.service.v1
Jul 10 21:22:58 kria containerd[1326]: time="2026-07-10T21:22:58.090902346+09:00" level=info msg="loading plugin" id=io.containerd.shim.v1.manager type=io.containerd.shim.v1
Jul 10 21:22:58 kria containerd[1326]: time="2026-07-10T21:22:58.090986217+09:00" level=info msg="loading plugin" id=io.containerd.runtime.v2.task type=io.containerd.runtime.v2
Jul 10 21:22:58 kria containerd[1326]: time="2026-07-10T21:22:58.091357421+09:00" level=info msg="loading plugin" id=io.containerd.service.v1.tasks-service type=io.containerd.service.v1
Jul 10 21:22:58 kria containerd[1326]: time="2026-07-10T21:22:58.091468432+09:00" level=info msg="loading plugin" id=io.containerd.grpc.v1.containers type=io.containerd.grpc.v1
Jul 10 21:22:58 kria containerd[1326]: time="2026-07-10T21:22:58.091562463+09:00" level=info msg="loading plugin" id=io.containerd.grpc.v1.content type=io.containerd.grpc.v1
Jul 10 21:22:58 kria containerd[1326]: time="2026-07-10T21:22:58.091696254+09:00" level=info msg="loading plugin" id=io.containerd.grpc.v1.diff type=io.containerd.grpc.v1
Jul 10 21:22:58 kria containerd[1326]: time="2026-07-10T21:22:58.091786865+09:00" level=info msg="loading plugin" id=io.containerd.grpc.v1.events type=io.containerd.grpc.v1
Jul 10 21:22:58 kria containerd[1326]: time="2026-07-10T21:22:58.091868476+09:00" level=info msg="loading plugin" id=io.containerd.grpc.v1.images type=io.containerd.grpc.v1
Jul 10 21:22:58 kria containerd[1326]: time="2026-07-10T21:22:58.091942447+09:00" level=info msg="loading plugin" id=io.containerd.grpc.v1.introspection type=io.containerd.grpc.v1
Jul 10 21:22:58 kria containerd[1326]: time="2026-07-10T21:22:58.092023748+09:00" level=info msg="loading plugin" id=io.containerd.grpc.v1.leases type=io.containerd.grpc.v1
Jul 10 21:22:58 kria containerd[1326]: time="2026-07-10T21:22:58.092094438+09:00" level=info msg="loading plugin" id=io.containerd.grpc.v1.mounts type=io.containerd.grpc.v1
Jul 10 21:22:58 kria containerd[1326]: time="2026-07-10T21:22:58.092168229+09:00" level=info msg="loading plugin" id=io.containerd.grpc.v1.namespaces type=io.containerd.grpc.v1
Jul 10 21:22:58 kria containerd[1326]: time="2026-07-10T21:22:58.092241570+09:00" level=info msg="loading plugin" id=io.containerd.sandbox.store.v1.local type=io.containerd.sandbox.store.v1
Jul 10 21:22:58 kria containerd[1326]: time="2026-07-10T21:22:58.092324371+09:00" level=info msg="loading plugin" id=io.containerd.transfer.v1.local type=io.containerd.transfer.v1
Jul 10 21:22:58 kria containerd[1326]: time="2026-07-10T21:22:58.092479462+09:00" level=info msg="loading plugin" id=io.containerd.cri.v1.images type=io.containerd.cri.v1
Jul 10 21:22:58 kria containerd[1326]: time="2026-07-10T21:22:58.100410902+09:00" level=info msg="Get image filesystem path \"/var/lib/containerd/io.containerd.snapshotter.v1.overlayfs\" for snapshotter \"overlayfs\""
Jul 10 21:22:58 kria containerd[1326]: time="2026-07-10T21:22:58.100566413+09:00" level=info msg="Start snapshots syncer"
Jul 10 21:22:58 kria containerd[1326]: time="2026-07-10T21:22:58.100706635+09:00" level=info msg="loading plugin" id=io.containerd.cri.v1.runtime type=io.containerd.cri.v1
Jul 10 21:22:58 kria containerd[1326]: time="2026-07-10T21:22:58.102462412+09:00" level=info msg="starting cri plugin" config="{\"containerd\":{\"defaultRuntimeName\":\"runc\",\"runtimes\":{\"runc\":{\"runtimeType\":\"io.containerd.runc.v2\",\"runtimePath\":\"\",\"PodAnnotations\":null,\"ContainerAnnotations\":null,\"options\":{\"BinaryName\":\"\",\"CriuImagePath\":\"\",\"CriuWorkPath\":\"\",\"IoGid\":0,\"IoUid\":0,\"NoNewKeyring\":false,\"Root\":\"\",\"ShimCgroup\":\"\",\"SystemdCgroup\":false},\"privileged_without_host_devices\":false,\"privileged_without_host_devices_all_devices_allowed\":false,\"cgroupWritable\":false,\"baseRuntimeSpec\":\"\",\"cniConfDir\":\"\",\"cniMaxConfNum\":0,\"snapshotter\":\"\",\"sandboxer\":\"podsandbox\",\"io_type\":\"\"}},\"ignoreBlockIONotEnabledErrors\":false,\"ignoreRdtNotEnabledErrors\":false},\"cni\":{\"binDir\":\"\",\"binDirs\":[\"/opt/cni/bin\"],\"confDir\":\"/etc/cni/net.d\",\"maxConfNum\":1,\"setupSerially\":false,\"confTemplate\":\"\",\"ipPref\":\"\",\"useInternalLoopback\":false},\"enableSelinux\":false,\"selinuxCategoryRange\":1024,\"maxContainerLogLineSize\":16384,\"disableApparmor\":false,\"restrictOOMScoreAdj\":false,\"disableProcMount\":false,\"unsetSeccompProfile\":\"\",\"tolerateMissingHugetlbController\":true,\"disableHugetlbController\":true,\"device_ownership_from_security_context\":false,\"ignoreImageDefinedVolumes\":false,\"netnsMountsUnderStateDir\":false,\"enableUnprivilegedPorts\":true,\"enableUnprivilegedICMP\":true,\"enableCDI\":true,\"cdiSpecDirs\":[\"/etc/cdi\",\"/var/run/cdi\"],\"drainExecSyncIOTimeout\":\"0s\",\"ignoreDeprecationWarnings\":null,\"containerdRootDir\":\"/var/lib/containerd\",\"containerdEndpoint\":\"/run/containerd/containerd.sock\",\"rootDir\":\"/var/lib/containerd/io.containerd.grpc.v1.cri\",\"stateDir\":\"/run/containerd/io.containerd.grpc.v1.cri\"}"
Jul 10 21:22:58 kria containerd[1326]: time="2026-07-10T21:22:58.102790935+09:00" level=info msg="loading plugin" id=io.containerd.podsandbox.controller.v1.podsandbox type=io.containerd.podsandbox.controller.v1
Jul 10 21:22:58 kria containerd[1326]: time="2026-07-10T21:22:58.112165499+09:00" level=info msg="loading plugin" id=io.containerd.sandbox.controller.v1.shim type=io.containerd.sandbox.controller.v1
Jul 10 21:22:58 kria containerd[1326]: time="2026-07-10T21:22:58.113753575+09:00" level=info msg="loading plugin" id=io.containerd.grpc.v1.sandbox-controllers type=io.containerd.grpc.v1
Jul 10 21:22:58 kria containerd[1326]: time="2026-07-10T21:22:58.113938157+09:00" level=info msg="loading plugin" id=io.containerd.grpc.v1.sandboxes type=io.containerd.grpc.v1
Jul 10 21:22:58 kria containerd[1326]: time="2026-07-10T21:22:58.114008618+09:00" level=info msg="loading plugin" id=io.containerd.grpc.v1.snapshots type=io.containerd.grpc.v1
Jul 10 21:22:58 kria containerd[1326]: time="2026-07-10T21:22:58.114074738+09:00" level=info msg="loading plugin" id=io.containerd.streaming.v1.manager type=io.containerd.streaming.v1
Jul 10 21:22:58 kria containerd[1326]: time="2026-07-10T21:22:58.114149349+09:00" level=info msg="loading plugin" id=io.containerd.grpc.v1.streaming type=io.containerd.grpc.v1
Jul 10 21:22:58 kria containerd[1326]: time="2026-07-10T21:22:58.114218940+09:00" level=info msg="loading plugin" id=io.containerd.grpc.v1.tasks type=io.containerd.grpc.v1
Jul 10 21:22:58 kria containerd[1326]: time="2026-07-10T21:22:58.114288720+09:00" level=info msg="loading plugin" id=io.containerd.grpc.v1.transfer type=io.containerd.grpc.v1
Jul 10 21:22:58 kria containerd[1326]: time="2026-07-10T21:22:58.114370151+09:00" level=info msg="loading plugin" id=io.containerd.grpc.v1.version type=io.containerd.grpc.v1
Jul 10 21:22:58 kria containerd[1326]: time="2026-07-10T21:22:58.114482342+09:00" level=info msg="loading plugin" id=io.containerd.monitor.container.v1.restart type=io.containerd.monitor.container.v1
Jul 10 21:22:58 kria containerd[1326]: time="2026-07-10T21:22:58.114683944+09:00" level=info msg="loading plugin" id=io.containerd.tracing.processor.v1.otlp type=io.containerd.tracing.processor.v1
Jul 10 21:22:58 kria containerd[1326]: time="2026-07-10T21:22:58.114763565+09:00" level=info msg="skip loading plugin" error="skip plugin: tracing endpoint not configured" id=io.containerd.tracing.processor.v1.otlp type=io.containerd.tracing.processor.v1
Jul 10 21:22:58 kria containerd[1326]: time="2026-07-10T21:22:58.114820746+09:00" level=info msg="loading plugin" id=io.containerd.internal.v1.tracing type=io.containerd.internal.v1
Jul 10 21:22:58 kria containerd[1326]: time="2026-07-10T21:22:58.114896416+09:00" level=info msg="skip loading plugin" error="skip plugin: tracing endpoint not configured" id=io.containerd.internal.v1.tracing type=io.containerd.internal.v1
Jul 10 21:22:58 kria containerd[1326]: time="2026-07-10T21:22:58.114953807+09:00" level=info msg="loading plugin" id=io.containerd.ttrpc.v1.otelttrpc type=io.containerd.ttrpc.v1
Jul 10 21:22:58 kria containerd[1326]: time="2026-07-10T21:22:58.115017118+09:00" level=info msg="loading plugin" id=io.containerd.grpc.v1.healthcheck type=io.containerd.grpc.v1
Jul 10 21:22:58 kria containerd[1326]: time="2026-07-10T21:22:58.115083868+09:00" level=info msg="loading plugin" id=io.containerd.grpc.v1.cri type=io.containerd.grpc.v1
Jul 10 21:22:58 kria containerd[1326]: time="2026-07-10T21:22:58.115144509+09:00" level=info msg="Connect containerd service"
Jul 10 21:22:58 kria containerd[1326]: time="2026-07-10T21:22:58.115709155+09:00" level=info msg="using experimental NRI integration - disable nri plugin to prevent this"
Jul 10 21:22:58 kria containerd[1326]: time="2026-07-10T21:22:58.128962147+09:00" level=error msg="failed to load cni during init, please check CRI plugin status before setting up network for pods" error="cni config load failed: no network config found in /etc/cni/net.d: cni plugin not initialized: failed to load cni config"
Jul 10 21:22:59 kria containerd[1326]: time="2026-07-10T21:22:59.446142691+09:00" level=info msg="Start subscribing containerd event"
Jul 10 21:22:59 kria containerd[1326]: time="2026-07-10T21:22:59.446383723+09:00" level=info msg="Start recovering state"
Jul 10 21:22:59 kria containerd[1326]: time="2026-07-10T21:22:59.446978239+09:00" level=info msg="Start event monitor"
Jul 10 21:22:59 kria containerd[1326]: time="2026-07-10T21:22:59.447060300+09:00" level=info msg="Start cni network conf syncer for default"
Jul 10 21:22:59 kria containerd[1326]: time="2026-07-10T21:22:59.447104601+09:00" level=info msg="Start streaming server"
Jul 10 21:22:59 kria containerd[1326]: time="2026-07-10T21:22:59.447152361+09:00" level=info msg="Registered namespace \"k8s.io\" with NRI"
Jul 10 21:22:59 kria containerd[1326]: time="2026-07-10T21:22:59.447198462+09:00" level=info msg="runtime interface starting up..."
Jul 10 21:22:59 kria containerd[1326]: time="2026-07-10T21:22:59.447269952+09:00" level=info msg="starting plugins..."
Jul 10 21:22:59 kria containerd[1326]: time="2026-07-10T21:22:59.447348003+09:00" level=info msg="Synchronizing NRI (plugin) with current runtime state"
Jul 10 21:22:59 kria containerd[1326]: time="2026-07-10T21:22:59.461792628+09:00" level=info msg=serving... address=/run/containerd/containerd.sock.ttrpc
Jul 10 21:22:59 kria containerd[1326]: time="2026-07-10T21:22:59.462125091+09:00" level=info msg=serving... address=/run/containerd/containerd.sock
Jul 10 21:22:59 kria systemd[1]: Started containerd container runtime.
Jul 10 21:22:59 kria containerd[1326]: time="2026-07-10T21:22:59.464428964+09:00" level=info msg="containerd successfully booted in 1.879730s"
Jul 10 21:22:59 kria systemd[1]: Starting Docker Application Container Engine...
Jul 10 21:22:59 kria /usr/sbin/irqbalance[1048]: IRQ accel_3d_consumer2(61) guessed as class 0
Jul 10 21:22:59 kria /usr/sbin/irqbalance[1048]: No directory /sys/devices/platform/80030000.i2c/: No such file or directory
Jul 10 21:22:59 kria /usr/sbin/irqbalance[1048]: IRQ 80030000.i2c(65) guessed as class 0
Jul 10 21:22:59 kria /usr/sbin/irqbalance[1048]: No directory /sys/devices/platform/80000000.csiss/: No such file or directory
Jul 10 21:22:59 kria /usr/sbin/irqbalance[1048]: IRQ 80000000.csiss(66) guessed as class 0
Jul 10 21:22:59 kria /usr/sbin/irqbalance[1048]: IRQ xilinx_framebuffer(67) guessed as class 0
Jul 10 21:22:59 kria /usr/sbin/irqbalance[1048]: No directory /sys/devices/platform/80100000.al5e/: No such file or directory
Jul 10 21:22:59 kria /usr/sbin/irqbalance[1048]: IRQ 80100000.al5e(68) guessed as class 0
Jul 10 21:23:03 kria dockerd[1645]: time="2026-07-10T21:23:03.707714223+09:00" level=info msg="Starting up"
Jul 10 21:23:03 kria dockerd[1645]: time="2026-07-10T21:23:03.733353450+09:00" level=info msg="OTEL tracing is not configured, using no-op tracer provider"
Jul 10 21:23:03 kria dockerd[1645]: time="2026-07-10T21:23:03.734006956+09:00" level=info msg="CDI directory does not exist, skipping: failed to monitor for changes: no such file or directory" dir=/etc/cdi
Jul 10 21:23:03 kria dockerd[1645]: time="2026-07-10T21:23:03.734119267+09:00" level=info msg="CDI directory does not exist, skipping: failed to monitor for changes: no such file or directory" dir=/var/run/cdi
Jul 10 21:23:03 kria dockerd[1645]: time="2026-07-10T21:23:03.747725614+09:00" level=info msg="detected 127.0.0.53 nameserver, assuming systemd-resolved, so using resolv.conf: /run/systemd/resolve/resolv.conf"
Jul 10 21:23:03 kria systemd[1]: systemd-fsckd.service: Deactivated successfully.
Jul 10 21:23:04 kria audit[1675]: AVC apparmor="STATUS" operation="profile_load" profile="unconfined" name="docker-default" pid=1675 comm="apparmor_parser"
Jul 10 21:23:04 kria kernel: audit: type=1400 audit(1783686184.043:70): apparmor="STATUS" operation="profile_load" profile="unconfined" name="docker-default" pid=1675 comm="apparmor_parser"
Jul 10 21:23:04 kria dockerd[1645]: time="2026-07-10T21:23:04.065853795+09:00" level=info msg="Creating a containerd client" address=/run/containerd/containerd.sock timeout=1m0s
Jul 10 21:23:04 kria dockerd[1645]: time="2026-07-10T21:23:04.185877526+09:00" level=info msg="Loading containers: start."
Jul 10 21:23:04 kria dockerd[1645]: time="2026-07-10T21:23:04.187094588+09:00" level=info msg="Starting daemon with containerd snapshotter integration enabled"
Jul 10 21:23:04 kria dockerd[1645]: time="2026-07-10T21:23:04.193851506+09:00" level=info msg="Restoring containers: start."
Jul 10 21:23:04 kria dockerd[1645]: time="2026-07-10T21:23:04.305337041+09:00" level=info msg="Deleting nftables IPv4 rules" error="exit status 1"
Jul 10 21:23:04 kria dockerd[1645]: time="2026-07-10T21:23:04.322700364+09:00" level=info msg="Deleting nftables IPv6 rules" error="exit status 1"
Jul 10 21:23:05 kria kernel: bridge: filtering via arp/ip/ip6tables is no longer available by default. Update your scripts to load br_netfilter if you need this.
Jul 10 21:23:05 kria NetworkManager[1032]: <info>  [1783686185.1071] manager: (docker0): new Bridge device (/org/freedesktop/NetworkManager/Devices/3)
Jul 10 21:23:05 kria systemd-udevd[1804]: Using default interface naming scheme 'v249'.
Jul 10 21:23:05 kria avahi-daemon[1030]: Joining mDNS multicast group on interface docker0.IPv4 with address 172.17.0.1.
Jul 10 21:23:05 kria avahi-daemon[1030]: New relevant interface docker0.IPv4 for mDNS.
Jul 10 21:23:05 kria avahi-daemon[1030]: Registering new address record for 172.17.0.1 on docker0.IPv4.
Jul 10 21:23:05 kria NetworkManager[1032]: <info>  [1783686185.2718] device (docker0): state change: unmanaged -> unavailable (reason 'connection-assumed', sys-iface-state: 'external')
Jul 10 21:23:05 kria NetworkManager[1032]: <info>  [1783686185.2755] device (docker0): state change: unavailable -> disconnected (reason 'connection-assumed', sys-iface-state: 'external')
Jul 10 21:23:05 kria NetworkManager[1032]: <info>  [1783686185.2813] device (docker0): Activation: starting connection 'docker0' (9750c526-1dcb-460b-85a6-0a344ab5351e)
Jul 10 21:23:05 kria NetworkManager[1032]: <info>  [1783686185.2845] device (docker0): state change: disconnected -> prepare (reason 'none', sys-iface-state: 'external')
Jul 10 21:23:05 kria NetworkManager[1032]: <info>  [1783686185.2872] device (docker0): state change: prepare -> config (reason 'none', sys-iface-state: 'external')
Jul 10 21:23:05 kria NetworkManager[1032]: <info>  [1783686185.2893] device (docker0): state change: config -> ip-config (reason 'none', sys-iface-state: 'external')
Jul 10 21:23:05 kria NetworkManager[1032]: <info>  [1783686185.2917] device (docker0): state change: ip-config -> ip-check (reason 'none', sys-iface-state: 'external')
Jul 10 21:23:05 kria NetworkManager[1032]: <info>  [1783686185.2985] device (docker0): state change: ip-check -> secondaries (reason 'none', sys-iface-state: 'external')
Jul 10 21:23:05 kria NetworkManager[1032]: <info>  [1783686185.2992] device (docker0): state change: secondaries -> activated (reason 'none', sys-iface-state: 'external')
Jul 10 21:23:05 kria NetworkManager[1032]: <info>  [1783686185.3020] device (docker0): Activation: successful, device activated.
Jul 10 21:23:05 kria dockerd[1645]: time="2026-07-10T21:23:05.619791357+09:00" level=info msg="Loading containers: done."
Jul 10 21:23:05 kria dockerd[1645]: time="2026-07-10T21:23:05.690473844+09:00" level=info msg="Docker daemon" commit="29.1.3-0ubuntu3~22.04.2" containerd-snapshotter=true storage-driver=overlayfs version=29.1.3
Jul 10 21:23:05 kria dockerd[1645]: time="2026-07-10T21:23:05.697738757+09:00" level=info msg="Initializing buildkit"
Jul 10 21:23:05 kria dockerd[1645]: time="2026-07-10T21:23:05.861090170+09:00" level=info msg="Completed buildkit initialization"
Jul 10 21:23:05 kria dockerd[1645]: time="2026-07-10T21:23:05.903111541+09:00" level=info msg="Daemon has completed initialization"
Jul 10 21:23:05 kria systemd[1]: Started Docker Application Container Engine.
Jul 10 21:23:05 kria dockerd[1645]: time="2026-07-10T21:23:05.905863128+09:00" level=info msg="API listen on /run/docker.sock"
Jul 10 21:23:07 kria systemd-resolved[940]: Clock change detected. Flushing caches.
Jul 10 21:23:07 kria systemd-timesyncd[941]: Initial synchronization to time server 91.189.91.157:123 (ntp.ubuntu.com).
Jul 10 21:23:16 kria systemd[1]: NetworkManager-dispatcher.service: Deactivated successfully.
Jul 10 21:23:22 kria systemd[1]: systemd-hostnamed.service: Deactivated successfully.
Jul 10 21:23:43 kria sshd[2049]: Accepted password for ubuntu from 192.168.120.7 port 37738 ssh2
Jul 10 21:23:43 kria sshd[2049]: pam_unix(sshd:session): session opened for user ubuntu(uid=1000) by (uid=0)
Jul 10 21:23:44 kria systemd[1]: Created slice User Slice of UID 1000.
Jul 10 21:23:44 kria systemd[1]: Starting User Runtime Directory /run/user/1000...
Jul 10 21:23:44 kria systemd-logind[1054]: New session 1 of user ubuntu.
Jul 10 21:23:44 kria systemd[1]: Finished User Runtime Directory /run/user/1000.
Jul 10 21:23:44 kria systemd[1]: Starting User Manager for UID 1000...
Jul 10 21:23:44 kria systemd[2059]: pam_unix(systemd-user:session): session opened for user ubuntu(uid=1000) by (uid=0)
Jul 10 21:23:46 kria systemd[2059]: Queued start job for default target Main User Target.
Jul 10 21:23:46 kria systemd[2059]: Created slice User Application Slice.
Jul 10 21:23:46 kria systemd[2059]: Created slice User Core Session Slice.
Jul 10 21:23:46 kria systemd[2059]: Started Pending report trigger for Ubuntu Report.
Jul 10 21:23:46 kria systemd[2059]: Reached target Paths.
Jul 10 21:23:46 kria systemd[2059]: Reached target Timers.
Jul 10 21:23:46 kria systemd[2059]: Starting D-Bus User Message Bus Socket...
Jul 10 21:23:46 kria systemd[2059]: Listening on GnuPG network certificate management daemon.
Jul 10 21:23:46 kria systemd[2059]: Listening on GnuPG cryptographic agent and passphrase cache (access for web browsers).
Jul 10 21:23:46 kria systemd[2059]: Listening on GnuPG cryptographic agent and passphrase cache (restricted).
Jul 10 21:23:46 kria systemd[2059]: Listening on GnuPG cryptographic agent (ssh-agent emulation).
Jul 10 21:23:46 kria systemd[2059]: Listening on GnuPG cryptographic agent and passphrase cache.
Jul 10 21:23:46 kria systemd[2059]: Listening on PipeWire Multimedia System Socket.
Jul 10 21:23:46 kria systemd[2059]: Listening on debconf communication socket.
Jul 10 21:23:46 kria systemd[2059]: Listening on Sound System.
Jul 10 21:23:46 kria systemd[2059]: Listening on REST API socket for snapd user session agent.
Jul 10 21:23:46 kria systemd[2059]: Listening on Speech Dispatcher Socket.
Jul 10 21:23:46 kria systemd[2059]: Listening on D-Bus User Message Bus Socket.
Jul 10 21:23:46 kria systemd[2059]: Reached target Sockets.
Jul 10 21:23:46 kria systemd[2059]: Reached target Basic System.
Jul 10 21:23:46 kria systemd[1]: Started User Manager for UID 1000.
Jul 10 21:23:46 kria systemd[2059]: Started PipeWire Multimedia Service.
Jul 10 21:23:46 kria systemd[1]: Started Session 1 of User ubuntu.
Jul 10 21:23:46 kria systemd[2059]: Started PipeWire Media Session Manager.
Jul 10 21:23:46 kria systemd[2059]: Starting Sound Service...
Jul 10 21:23:46 kria systemd[2059]: Started Service for snap application snapd-desktop-integration.snapd-desktop-integration.
Jul 10 21:23:46 kria dbus-daemon[1031]: [system] Activating via systemd: service name='org.freedesktop.RealtimeKit1' unit='rtkit-daemon.service' requested by ':1.33' (uid=1000 pid=2071 comm="/usr/bin/pipewire-media-session " label="unconfined")
Jul 10 21:23:46 kria systemd[1]: Starting RealtimeKit Scheduling Policy Service...
Jul 10 21:23:46 kria dbus-daemon[1031]: [system] Successfully activated service 'org.freedesktop.RealtimeKit1'
Jul 10 21:23:46 kria systemd[1]: Started RealtimeKit Scheduling Policy Service.
Jul 10 21:23:46 kria rtkit-daemon[2106]: Successfully called chroot.
Jul 10 21:23:46 kria rtkit-daemon[2106]: Successfully dropped privileges.
Jul 10 21:23:46 kria rtkit-daemon[2106]: Successfully limited resources.
Jul 10 21:23:46 kria rtkit-daemon[2106]: Running.
Jul 10 21:23:46 kria rtkit-daemon[2106]: Supervising 0 threads of 0 processes of 0 users.
Jul 10 21:23:46 kria rtkit-daemon[2106]: Watchdog thread running.
Jul 10 21:23:46 kria rtkit-daemon[2106]: Canary thread running.
Jul 10 21:23:47 kria systemd[2059]: Started D-Bus User Message Bus.
Jul 10 21:23:47 kria rtkit-daemon[2106]: Supervising 0 threads of 0 processes of 1 users.
Jul 10 21:23:47 kria pipewire[2070]: mod.rt: RTKit error: org.freedesktop.DBus.Error.AccessDenied
Jul 10 21:23:47 kria pipewire[2070]: mod.rt: could not set nice-level to -11: Permission denied
Jul 10 21:23:47 kria rtkit-daemon[2106]: Supervising 0 threads of 0 processes of 1 users.
Jul 10 21:23:47 kria pipewire-media-session[2071]: mod.rt: RTKit error: org.freedesktop.DBus.Error.AccessDenied
Jul 10 21:23:47 kria pipewire-media-session[2071]: mod.rt: could not make thread 2134 realtime using RTKit: Permission denied
Jul 10 21:23:47 kria dbus-daemon[2198]: [session uid=1000 pid=2198] AppArmor D-Bus mediation is enabled
Jul 10 21:23:47 kria dbus-daemon[2198]: [session uid=1000 pid=2198] Activating via systemd: service name='org.freedesktop.portal.Documents' unit='xdg-document-portal.service' requested by ':1.3' (uid=1000 pid=2073 comm="/snap/snapd/current/usr/bin/snap run snapd-desktop" label="unconfined")
Jul 10 21:23:47 kria systemd[2059]: Starting flatpak document portal service...
Jul 10 21:23:47 kria rtkit-daemon[2106]: Supervising 0 threads of 0 processes of 1 users.
Jul 10 21:23:47 kria pipewire[2070]: mod.rt: RTKit error: org.freedesktop.DBus.Error.AccessDenied
Jul 10 21:23:47 kria pipewire[2070]: mod.rt: could not make thread 2205 realtime using RTKit: Permission denied
Jul 10 21:23:47 kria dbus-daemon[2198]: [session uid=1000 pid=2198] Activating via systemd: service name='org.freedesktop.impl.portal.PermissionStore' unit='xdg-permission-store.service' requested by ':1.4' (uid=1000 pid=2204 comm="/usr/libexec/xdg-document-portal " label="unconfined")
Jul 10 21:23:47 kria systemd[2059]: Starting sandboxed app permission store...
Jul 10 21:23:47 kria dbus-daemon[2198]: [session uid=1000 pid=2198] Successfully activated service 'org.freedesktop.impl.portal.PermissionStore'
Jul 10 21:23:47 kria systemd[2059]: Started sandboxed app permission store.
Jul 10 21:23:47 kria dbus-daemon[2198]: [session uid=1000 pid=2198] Successfully activated service 'org.freedesktop.portal.Documents'
Jul 10 21:23:47 kria systemd[2059]: Started flatpak document portal service.
Jul 10 21:23:47 kria systemd[1]: tmp-snap.rootfs_TJVKBl.mount: Deactivated successfully.
Jul 10 21:23:48 kria dbus-daemon[1031]: [system] Activating via systemd: service name='org.bluez' unit='dbus-org.bluez.service' requested by ':1.47' (uid=1000 pid=2072 comm="/usr/bin/pulseaudio --daemonize=no --log-target=jo" label="unconfined")
Jul 10 21:23:48 kria systemd[1]: Condition check resulted in Bluetooth service being skipped.
Jul 10 21:23:48 kria rtkit-daemon[2106]: Supervising 0 threads of 0 processes of 1 users.
Jul 10 21:23:48 kria rtkit-daemon[2106]: Supervising 0 threads of 0 processes of 1 users.
Jul 10 21:23:48 kria rtkit-daemon[2106]: Supervising 0 threads of 0 processes of 1 users.
Jul 10 21:23:48 kria rtkit-daemon[2106]: Supervising 0 threads of 0 processes of 1 users.
Jul 10 21:23:48 kria rtkit-daemon[2106]: Supervising 0 threads of 0 processes of 1 users.
Jul 10 21:23:48 kria systemd[2059]: Started Sound Service.
Jul 10 21:23:48 kria systemd[2059]: Reached target Main User Target.
Jul 10 21:23:48 kria systemd[2059]: Startup finished in 4.449s.
Jul 10 21:23:59 kria xlnx-config.xlnx-configd[1325]: xlnx-configd: Write  to /var/snap/xlnx-config/28/board.txt
Jul 10 21:24:00 kria xlnx-config.xlnx-configd[2510]: Setting up watches.
Jul 10 21:24:00 kria xlnx-config.xlnx-configd[2510]: Watches established.
Jul 10 21:24:03 kria snapd[1053]: overlord.go:309: Acquiring state lock file
Jul 10 21:24:03 kria snapd[1053]: overlord.go:314: Acquired state lock file
Jul 10 21:24:03 kria snapd[1053]: daemon.go:276: started snapd/2.75.2 (series 16; classic) ubuntu/22.04 (arm64) linux/5.15.199-rt91-rt-kria.
Jul 10 21:24:03 kria kernel: set_capacity_and_notify: 12 callbacks suppressed
Jul 10 21:24:03 kria kernel: loop22: detected capacity change from 0 to 8
Jul 10 21:24:03 kria snapd[1053]: daemon.go:370: adjusting startup timeout by 1m40s (pessimistic estimate of 30s plus 5s per snap)
Jul 10 21:24:03 kria systemd[1]: tmp-syscheck\x2dmountpoint\x2d3939277618.mount: Deactivated successfully.
Jul 10 21:24:04 kria snapd[1053]: backends.go:70: AppArmor status: apparmor is enabled and all features are available (using snapd provided apparmor_parser)
Jul 10 21:24:04 kria snapd[1053]: backend.go:141: delegating reload of snap-confine profiles to system snap security profiles setup
Jul 10 21:24:04 kria snapd[1053]: standby.go:95: will consider standby after: 5s
Jul 10 21:24:04 kria systemd[1]: Started Snap Daemon.
Jul 10 21:24:04 kria dbus-daemon[1031]: [system] Activating via systemd: service name='org.freedesktop.timedate1' unit='dbus-org.freedesktop.timedate1.service' requested by ':1.53' (uid=0 pid=1053 comm="/snap/snapd/current/usr/lib/snapd/snapd " label="unconfined")
Jul 10 21:24:04 kria systemd[1]: Starting Time & Date Service...
Jul 10 21:24:05 kria dbus-daemon[1031]: [system] Successfully activated service 'org.freedesktop.timedate1'
Jul 10 21:24:05 kria systemd[1]: Started Time & Date Service.
Jul 10 21:24:05 kria systemd[1]: Finished Wait until snapd is fully seeded.
Jul 10 21:24:05 kria systemd[1]: Starting Cloud-init: Config Stage...
Jul 10 21:24:05 kria systemd[1]: Condition check resulted in Auto import assertions from block devices being skipped.
Jul 10 21:24:05 kria systemd[1]: Reached target Multi-User System.
Jul 10 21:24:05 kria systemd[1]: Starting Record Runlevel Change in UTMP...
Jul 10 21:24:05 kria systemd[1]: systemd-update-utmp-runlevel.service: Deactivated successfully.
Jul 10 21:24:05 kria systemd[1]: Finished Record Runlevel Change in UTMP.
Jul 10 21:24:08 kria cloud-init[2660]: Cloud-init v. 25.3-0ubuntu1~22.04.1 running 'modules:config' at Fri, 10 Jul 2026 12:24:08 +0000. Up 117.76 seconds.
Jul 10 21:24:09 kria systemd[1]: Finished Cloud-init: Config Stage.
Jul 10 21:24:09 kria systemd[1]: Starting Cloud-init: Final Stage...
Jul 10 21:24:09 kria snapd[1053]: storehelpers.go:914: cannot refresh: snap has no updates available: "bare", "core20", "core22", "core24", "firefox", "gnome-3-38-2004", "gnome-42-2204", "gnome-46-2404", "gtk-common-themes", "mesa-2404", "snap-store", "snapd", "snapd-desktop-integration", "xlnx-config"
Jul 10 21:24:10 kria kernel: BUG: scheduling while atomic: 5/2653/0x00000002
Jul 10 21:24:10 kria kernel: Modules linked in: xt_conntrack xt_MASQUERADE bridge xt_set ip_set nft_counter nft_chain_nat nf_nat nf_conntrack nf_defrag_ipv6 nf_defrag_ipv4 xt_addrtype nft_compat nf_tables nfnetlink al5e(C) al5d(C) ap1302 allegro(C) zocl i2c_mux_pca954x xlnx_vcu binfmt_misc hid_sensor_gyro_3d hid_sensor_accel_3d hid_sensor_trigger hid_sensor_iio_common ina260_adc tpm_tis_spi uio_pdrv_genirq sch_fq_codel dm_multipath scsi_dh_rdac scsi_dh_emc scsi_dh_alua usb5744 dmaproxy(C) efi_pstore ip_tables x_tables autofs4 raid10 raid456 async_raid6_recov async_memcpy async_pq async_xor async_tx raid1 raid0 multipath linear hid_sensor_custom hid_sensor_hub usbhid da9121_regulator rtc_zynqmp spi_zynqmp_gqspi i2c_cadence crct10dif_ce aes_neon_bs aes_neon_blk aes_ce_blk crypto_simd cryptd aes_ce_cipher
Jul 10 21:24:10 kria kernel: CPU: 2 PID: 2653 Comm: 5 Tainted: G        WC        5.15.199-rt91-rt-kria #1
Jul 10 21:24:10 kria kernel: Hardware name: ZynqMP KV260 revB (DT)
Jul 10 21:24:10 kria kernel: Call trace:
Jul 10 21:24:10 kria kernel:  dump_backtrace+0x0/0x1f0
Jul 10 21:24:10 kria kernel:  show_stack+0x20/0x2c
Jul 10 21:24:10 kria kernel:  dump_stack_lvl+0x68/0x84
Jul 10 21:24:10 kria kernel:  dump_stack+0x18/0x34
Jul 10 21:24:10 kria kernel:  __schedule_bug+0x5c/0x7c
Jul 10 21:24:10 kria kernel:  __schedule+0x114c/0x13f0
Jul 10 21:24:10 kria kernel:  schedule_rtlock+0x28/0x54
Jul 10 21:24:10 kria kernel:  rtlock_slowlock_locked+0x364/0xb50
Jul 10 21:24:10 kria kernel:  rt_spin_lock+0x94/0xbc
Jul 10 21:24:10 kria kernel:  alloc_pid+0x2a8/0x3f0
Jul 10 21:24:10 kria kernel:  copy_process+0x9e4/0x1d50
Jul 10 21:24:10 kria kernel:  kernel_clone+0x98/0x550
Jul 10 21:24:10 kria kernel:  __do_sys_clone+0x74/0xb0
Jul 10 21:24:10 kria kernel:  __arm64_sys_clone+0x28/0x34
Jul 10 21:24:10 kria kernel:  invoke_syscall+0x78/0x100
Jul 10 21:24:10 kria kernel:  el0_svc_common.constprop.0+0x54/0x184
Jul 10 21:24:10 kria kernel:  do_el0_svc+0x30/0xac
Jul 10 21:24:10 kria kernel:  el0_svc+0x28/0xb0
Jul 10 21:24:10 kria kernel:  el0t_64_sync_handler+0xa4/0x12c
Jul 10 21:24:10 kria kernel:  el0t_64_sync+0x1a4/0x1a8
Jul 10 21:24:10 kria kernel: ------------[ cut here ]------------
Jul 10 21:24:10 kria kernel: WARNING: CPU: 2 PID: 2653 at arch/arm64/kernel/fpsimd.c:318 task_fpsimd_load+0xb4/0xfc
Jul 10 21:24:10 kria kernel: Modules linked in: xt_conntrack xt_MASQUERADE bridge xt_set ip_set nft_counter nft_chain_nat nf_nat nf_conntrack nf_defrag_ipv6 nf_defrag_ipv4 xt_addrtype nft_compat nf_tables nfnetlink al5e(C) al5d(C) ap1302 allegro(C) zocl i2c_mux_pca954x xlnx_vcu binfmt_misc hid_sensor_gyro_3d hid_sensor_accel_3d hid_sensor_trigger hid_sensor_iio_common ina260_adc tpm_tis_spi uio_pdrv_genirq sch_fq_codel dm_multipath scsi_dh_rdac scsi_dh_emc scsi_dh_alua usb5744 dmaproxy(C) efi_pstore ip_tables x_tables autofs4 raid10 raid456 async_raid6_recov async_memcpy async_pq async_xor async_tx raid1 raid0 multipath linear hid_sensor_custom hid_sensor_hub usbhid da9121_regulator rtc_zynqmp spi_zynqmp_gqspi i2c_cadence crct10dif_ce aes_neon_bs aes_neon_blk aes_ce_blk crypto_simd cryptd aes_ce_cipher
Jul 10 21:24:10 kria kernel: CPU: 2 PID: 2653 Comm: 5 Tainted: G        WC        5.15.199-rt91-rt-kria #1
Jul 10 21:24:10 kria kernel: Hardware name: ZynqMP KV260 revB (DT)
Jul 10 21:24:10 kria kernel: pstate: 40400005 (nZcv daif +PAN -UAO -TCO -DIT -SSBS BTYPE=--)
Jul 10 21:24:10 kria kernel: pc : task_fpsimd_load+0xb4/0xfc
Jul 10 21:24:10 kria kernel: lr : task_fpsimd_load+0x20/0xfc
Jul 10 21:24:10 kria kernel: sp : ffff80000e413d00
Jul 10 21:24:10 kria kernel: x29: ffff80000e413d00 x28: 000000000000000c x27: 0000000000000000
Jul 10 21:24:10 kria kernel: x26: 0000000000000000 x25: 0000000000000000 x24: 0000000000000000
Jul 10 21:24:10 kria kernel: x23: ffff0a898a59d140 x22: 0000000045585401 x21: ffff0a898a59d978
Jul 10 21:24:10 kria kernel: x20: ffff0a898a59d140 x19: ffff80000e413eb0 x18: 000000005eaf7e47
Jul 10 21:24:10 kria kernel: x17: 000000000000001c x16: 0000000008ab643e x15: 00000000e6df77b1
Jul 10 21:24:10 kria kernel: x14: ffffc0f4e79da550 x13: 0000000058ade4a8 x12: ffffc0f4e6e7e1b8
Jul 10 21:24:10 kria kernel: x11: 00000000000000c0 x10: 0000000000000be0 x9 : ffffc0f4e56174f4
Jul 10 21:24:10 kria kernel: x8 : ffff0a898a59dd80 x7 : 0000000000000006 x6 : 000000006e1164d5
Jul 10 21:24:10 kria kernel: x5 : 00000000410fd030 x4 : 0000000000000000 x3 : 0000000000000000
Jul 10 21:24:10 kria kernel: x2 : 0000000000000008 x1 : 0000000000000000 x0 : 0000000000000000
Jul 10 21:24:10 kria kernel: Call trace:
Jul 10 21:24:10 kria kernel:  task_fpsimd_load+0xb4/0xfc
Jul 10 21:24:10 kria kernel:  fpsimd_restore_current_state+0x94/0xc4
Jul 10 21:24:10 kria kernel:  do_notify_resume+0x1bc/0x15e0
Jul 10 21:24:10 kria kernel:  el0_svc+0x4c/0xb0
Jul 10 21:24:10 kria kernel:  el0t_64_sync_handler+0xa4/0x12c
Jul 10 21:24:10 kria kernel:  el0t_64_sync+0x1a4/0x1a8
Jul 10 21:24:10 kria kernel: ---[ end trace 0000000000000002 ]---
Jul 10 21:24:10 kria kernel: ------------[ cut here ]------------
Jul 10 21:24:10 kria kernel: WARNING: CPU: 2 PID: 2653 at arch/arm64/kernel/fpsimd.c:173 __get_cpu_fpsimd_context+0x34/0x40
Jul 10 21:24:10 kria kernel: Modules linked in: xt_conntrack xt_MASQUERADE bridge xt_set ip_set nft_counter nft_chain_nat nf_nat nf_conntrack nf_defrag_ipv6 nf_defrag_ipv4 xt_addrtype nft_compat nf_tables nfnetlink al5e(C) al5d(C) ap1302 allegro(C) zocl i2c_mux_pca954x xlnx_vcu binfmt_misc hid_sensor_gyro_3d hid_sensor_accel_3d hid_sensor_trigger hid_sensor_iio_common ina260_adc tpm_tis_spi uio_pdrv_genirq sch_fq_codel dm_multipath scsi_dh_rdac scsi_dh_emc scsi_dh_alua usb5744 dmaproxy(C) efi_pstore ip_tables x_tables autofs4 raid10 raid456 async_raid6_recov async_memcpy async_pq async_xor async_tx raid1 raid0 multipath linear hid_sensor_custom hid_sensor_hub usbhid da9121_regulator rtc_zynqmp spi_zynqmp_gqspi i2c_cadence crct10dif_ce aes_neon_bs aes_neon_blk aes_ce_blk crypto_simd cryptd aes_ce_cipher
Jul 10 21:24:10 kria kernel: CPU: 2 PID: 2653 Comm: 5 Tainted: G        WC        5.15.199-rt91-rt-kria #1
Jul 10 21:24:10 kria kernel: Hardware name: ZynqMP KV260 revB (DT)
Jul 10 21:24:10 kria kernel: pstate: 804000c5 (Nzcv daIF +PAN -UAO -TCO -DIT -SSBS BTYPE=--)
Jul 10 21:24:10 kria kernel: pc : __get_cpu_fpsimd_context+0x34/0x40
Jul 10 21:24:10 kria kernel: lr : fpsimd_thread_switch+0x28/0xf4
Jul 10 21:24:10 kria kernel: sp : ffff80000e413a40
Jul 10 21:24:10 kria kernel: x29: ffff80000e413a40 x28: ffffc0f4e702e000 x27: ffff0a894f2a0000
Jul 10 21:24:10 kria kernel: x26: ffff0a898a59d140 x25: 0000000000000000 x24: ffff0a89bf7834c0
Jul 10 21:24:10 kria kernel: x23: 0000000040400005 x22: ffff0a898a59d140 x21: ffff80000e413ae8
Jul 10 21:24:10 kria kernel: x20: ffff0a898a59d140 x19: ffff0a894f2a0000 x18: 0000000000000000
Jul 10 21:24:10 kria kernel: x17: 0000000000000000 x16: 0000000000000000 x15: 000000000000001b
Jul 10 21:24:10 kria kernel: x14: ffffc0f4e697d030 x13: 000000000000001d x12: ffffc0f4e6e7e1b8
Jul 10 21:24:10 kria kernel: x11: ffffc0f4e77e78c0 x10: 0000000000000008 x9 : ffffc0f4e5617e58
Jul 10 21:24:10 kria kernel: x8 : 0000000000000001 x7 : 00000000000eebba x6 : 000000006e1164d5
Jul 10 21:24:10 kria kernel: x5 : 0000000000000000 x4 : ffff0a89bf7718a8 x3 : 0000000000000001
Jul 10 21:24:10 kria kernel: x2 : 0000000000000001 x1 : ffff4994d8496000 x0 : ffffc0f4e72da098
Jul 10 21:24:10 kria kernel: Call trace:
Jul 10 21:24:10 kria kernel:  __get_cpu_fpsimd_context+0x34/0x40
Jul 10 21:24:10 kria kernel:  __switch_to+0x20/0x140
Jul 10 21:24:10 kria kernel:  __schedule+0x928/0x13f0
Jul 10 21:24:10 kria kernel:  preempt_schedule_irq+0x50/0xc0
Jul 10 21:24:10 kria kernel:  el1_interrupt+0x64/0xa0
Jul 10 21:24:10 kria kernel:  el1h_64_irq_handler+0x18/0x2c
Jul 10 21:24:10 kria kernel:  el1h_64_irq+0x7c/0x80
Jul 10 21:24:10 kria kernel:  task_fpsimd_load+0xb8/0xfc
Jul 10 21:24:10 kria kernel:  fpsimd_restore_current_state+0x94/0xc4
Jul 10 21:24:10 kria kernel:  do_notify_resume+0x1bc/0x15e0
Jul 10 21:24:10 kria kernel:  el0_svc+0x4c/0xb0
Jul 10 21:24:10 kria kernel:  el0t_64_sync_handler+0xa4/0x12c
Jul 10 21:24:10 kria kernel:  el0t_64_sync+0x1a4/0x1a8
Jul 10 21:24:10 kria kernel: ---[ end trace 0000000000000003 ]---
Jul 10 21:24:10 kria kernel: sched: RT throttling activated
Jul 10 21:24:10 kria kernel: ------------[ cut here ]------------
Jul 10 21:24:10 kria kernel: WARNING: CPU: 0 PID: 2653 at arch/arm64/kernel/fpsimd.c:204 put_cpu_fpsimd_context+0x84/0x90
Jul 10 21:24:10 kria kernel: Modules linked in: xt_conntrack xt_MASQUERADE bridge xt_set ip_set nft_counter nft_chain_nat nf_nat nf_conntrack nf_defrag_ipv6 nf_defrag_ipv4 xt_addrtype nft_compat nf_tables nfnetlink al5e(C) al5d(C) ap1302 allegro(C) zocl i2c_mux_pca954x xlnx_vcu binfmt_misc hid_sensor_gyro_3d hid_sensor_accel_3d hid_sensor_trigger hid_sensor_iio_common ina260_adc tpm_tis_spi uio_pdrv_genirq sch_fq_codel dm_multipath scsi_dh_rdac scsi_dh_emc scsi_dh_alua usb5744 dmaproxy(C) efi_pstore ip_tables x_tables autofs4 raid10 raid456 async_raid6_recov async_memcpy async_pq async_xor async_tx raid1 raid0 multipath linear hid_sensor_custom hid_sensor_hub usbhid da9121_regulator rtc_zynqmp spi_zynqmp_gqspi i2c_cadence crct10dif_ce aes_neon_bs aes_neon_blk aes_ce_blk crypto_simd cryptd aes_ce_cipher
Jul 10 21:24:10 kria kernel: CPU: 0 PID: 2653 Comm: 5 Tainted: G        WC        5.15.199-rt91-rt-kria #1
Jul 10 21:24:10 kria kernel: Hardware name: ZynqMP KV260 revB (DT)
Jul 10 21:24:10 kria kernel: pstate: 60400005 (nZCv daif +PAN -UAO -TCO -DIT -SSBS BTYPE=--)
Jul 10 21:24:10 kria kernel: pc : put_cpu_fpsimd_context+0x84/0x90
Jul 10 21:24:10 kria kernel: lr : fpsimd_restore_current_state+0x9c/0xc4
Jul 10 21:24:10 kria kernel: sp : ffff80000e413d00
Jul 10 21:24:10 kria kernel: x29: ffff80000e413d00 x28: 000000000000000c x27: 0000000000000000
Jul 10 21:24:10 kria kernel: x26: 0000000000000000 x25: 0000000000000000 x24: 0000000000000000
Jul 10 21:24:10 kria kernel: x23: ffff0a898a59d140 x22: 0000000045585401 x21: ffff0a898a59d978
Jul 10 21:24:10 kria kernel: x20: ffff0a898a59d140 x19: ffff80000e413eb0 x18: 000000005eaf7e47
Jul 10 21:24:10 kria kernel: x17: 000000000000001c x16: 0000000008ab643e x15: 00000000e6df77b1
Jul 10 21:24:10 kria kernel: x14: ffffc0f4e79da550 x13: 0000000058ade4a8 x12: ffffc0f4e6e7e1b8
Jul 10 21:24:10 kria kernel: x11: 00000000000000c0 x10: 0000000000000be0 x9 : ffffc0f4e56180fc
Jul 10 21:24:10 kria kernel: x8 : 0000000000000000 x7 : 0000000000000006 x6 : 000000006e1164d5
Jul 10 21:24:10 kria kernel: x5 : 00000000410fd030 x4 : 0000000000000000 x3 : ffff0a898a59dfb0
Jul 10 21:24:10 kria kernel: x2 : 0000000000000000 x1 : ffff4994d845a000 x0 : ffffc0f4e72da098
Jul 10 21:24:10 kria kernel: Call trace:
Jul 10 21:24:10 kria kernel:  put_cpu_fpsimd_context+0x84/0x90
Jul 10 21:24:10 kria kernel:  fpsimd_restore_current_state+0x9c/0xc4
Jul 10 21:24:10 kria kernel:  do_notify_resume+0x1bc/0x15e0
Jul 10 21:24:10 kria kernel:  el0_svc+0x4c/0xb0
Jul 10 21:24:10 kria kernel:  el0t_64_sync_handler+0xa4/0x12c
Jul 10 21:24:10 kria kernel:  el0t_64_sync+0x1a4/0x1a8
Jul 10 21:24:10 kria kernel: ---[ end trace 0000000000000004 ]---
Jul 10 21:24:11 kria kernel: ------------[ cut here ]------------
Jul 10 21:24:11 kria kernel: WARNING: CPU: 1 PID: 2653 at arch/arm64/kernel/fpsimd.c:318 task_fpsimd_load+0xb4/0xfc
Jul 10 21:24:11 kria kernel: Modules linked in: xt_conntrack xt_MASQUERADE bridge xt_set ip_set nft_counter nft_chain_nat nf_nat nf_conntrack nf_defrag_ipv6 nf_defrag_ipv4 xt_addrtype nft_compat nf_tables nfnetlink al5e(C) al5d(C) ap1302 allegro(C) zocl i2c_mux_pca954x xlnx_vcu binfmt_misc hid_sensor_gyro_3d hid_sensor_accel_3d hid_sensor_trigger hid_sensor_iio_common ina260_adc tpm_tis_spi uio_pdrv_genirq sch_fq_codel dm_multipath scsi_dh_rdac scsi_dh_emc scsi_dh_alua usb5744 dmaproxy(C) efi_pstore ip_tables x_tables autofs4 raid10 raid456 async_raid6_recov async_memcpy async_pq async_xor async_tx raid1 raid0 multipath linear hid_sensor_custom hid_sensor_hub usbhid da9121_regulator rtc_zynqmp spi_zynqmp_gqspi i2c_cadence crct10dif_ce aes_neon_bs aes_neon_blk aes_ce_blk crypto_simd cryptd aes_ce_cipher
Jul 10 21:24:11 kria kernel: CPU: 1 PID: 2653 Comm: 5 Tainted: G        WC        5.15.199-rt91-rt-kria #1
Jul 10 21:24:11 kria kernel: Hardware name: ZynqMP KV260 revB (DT)
Jul 10 21:24:11 kria kernel: pstate: 40400005 (nZcv daif +PAN -UAO -TCO -DIT -SSBS BTYPE=--)
Jul 10 21:24:11 kria kernel: pc : task_fpsimd_load+0xb4/0xfc
Jul 10 21:24:11 kria kernel: lr : task_fpsimd_load+0x20/0xfc
Jul 10 21:24:11 kria kernel: sp : ffff80000e413d00
Jul 10 21:24:11 kria kernel: x29: ffff80000e413d00 x28: 000000000000000c x27: 0000000000000000
Jul 10 21:24:11 kria kernel: x26: 0000000000000000 x25: 0000000000000000 x24: 0000000000000000
Jul 10 21:24:11 kria kernel: x23: ffff0a898a59d140 x22: 0000000045585401 x21: ffff0a898a59d978
Jul 10 21:24:11 kria kernel: x20: ffff0a898a59d140 x19: ffff80000e413eb0 x18: 000000005eaf7e47
Jul 10 21:24:11 kria kernel: x17: 000000000000001c x16: 0000000008ab643e x15: 00000000e6df77b1
Jul 10 21:24:11 kria kernel: x14: ffffc0f4e79da550 x13: 0000000058ade4a8 x12: ffffc0f4e6e7e1b8
Jul 10 21:24:11 kria kernel: x11: 00000000000000c0 x10: 0000000000000be0 x9 : ffffc0f4e56174f4
Jul 10 21:24:11 kria kernel: x8 : 0000000000000000 x7 : 0000000000000006 x6 : 000000006e1164d5
Jul 10 21:24:11 kria kernel: x5 : 00000000410fd030 x4 : 0000000000000000 x3 : 0000000000000000
Jul 10 21:24:11 kria kernel: x2 : 0000000000000008 x1 : 0000000000000000 x0 : 0000000000000000
Jul 10 21:24:11 kria kernel: Call trace:
Jul 10 21:24:11 kria kernel:  task_fpsimd_load+0xb4/0xfc
Jul 10 21:24:11 kria kernel:  fpsimd_restore_current_state+0x94/0xc4
Jul 10 21:24:11 kria kernel:  do_notify_resume+0x1bc/0x15e0
Jul 10 21:24:11 kria kernel:  el0_svc+0x4c/0xb0
Jul 10 21:24:11 kria kernel:  el0t_64_sync_handler+0xa4/0x12c
Jul 10 21:24:11 kria kernel:  el0t_64_sync+0x1a4/0x1a8
Jul 10 21:24:11 kria kernel: ---[ end trace 0000000000000005 ]---
Jul 10 21:24:12 kria cloud-init[2672]: Cloud-init v. 25.3-0ubuntu1~22.04.1 running 'modules:final' at Fri, 10 Jul 2026 12:24:11 +0000. Up 121.17 seconds.
Jul 10 21:24:13 kria kernel: ------------[ cut here ]------------
Jul 10 21:24:13 kria kernel: WARNING: CPU: 1 PID: 2653 at arch/arm64/kernel/fpsimd.c:173 __get_cpu_fpsimd_context+0x34/0x40
Jul 10 21:24:13 kria kernel: Modules linked in: xt_conntrack xt_MASQUERADE bridge xt_set ip_set nft_counter nft_chain_nat nf_nat nf_conntrack nf_defrag_ipv6 nf_defrag_ipv4 xt_addrtype nft_compat nf_tables nfnetlink al5e(C) al5d(C) ap1302 allegro(C) zocl i2c_mux_pca954x xlnx_vcu binfmt_misc hid_sensor_gyro_3d hid_sensor_accel_3d hid_sensor_trigger hid_sensor_iio_common ina260_adc tpm_tis_spi uio_pdrv_genirq sch_fq_codel dm_multipath scsi_dh_rdac scsi_dh_emc scsi_dh_alua usb5744 dmaproxy(C) efi_pstore ip_tables x_tables autofs4 raid10 raid456 async_raid6_recov async_memcpy async_pq async_xor async_tx raid1 raid0 multipath linear hid_sensor_custom hid_sensor_hub usbhid da9121_regulator rtc_zynqmp spi_zynqmp_gqspi i2c_cadence crct10dif_ce aes_neon_bs aes_neon_blk aes_ce_blk crypto_simd cryptd aes_ce_cipher
Jul 10 21:24:13 kria kernel: CPU: 1 PID: 2653 Comm: 5 Tainted: G        WC        5.15.199-rt91-rt-kria #1
Jul 10 21:24:13 kria kernel: Hardware name: ZynqMP KV260 revB (DT)
Jul 10 21:24:13 kria kernel: pstate: 804000c5 (Nzcv daIF +PAN -UAO -TCO -DIT -SSBS BTYPE=--)
Jul 10 21:24:13 kria kernel: pc : __get_cpu_fpsimd_context+0x34/0x40
Jul 10 21:24:13 kria kernel: lr : fpsimd_thread_switch+0x28/0xf4
Jul 10 21:24:13 kria kernel: sp : ffff80000e413a40
Jul 10 21:24:13 kria kernel: x29: ffff80000e413a40 x28: ffffc0f4e702e000 x27: ffff0a894034a080
Jul 10 21:24:13 kria kernel: x26: ffff0a898a59d140 x25: 0000000000000000 x24: ffff0a89bf7654c0
Jul 10 21:24:13 kria kernel: x23: 0000000040400005 x22: ffff0a898a59d140 x21: ffff80000e413ae8
Jul 10 21:24:13 kria kernel: x20: ffff0a898a59d140 x19: ffff0a894034a080 x18: 0000000000000000
Jul 10 21:24:13 kria kernel: x17: 0000000000000000 x16: 000000000000001b x15: ffffc0f4e697d030
Jul 10 21:24:13 kria kernel: x14: 000000000000001d x13: 0000000000000000 x12: ffffc0f4e6e7e1b8
Jul 10 21:24:13 kria kernel: x11: ffffc0f4e77e78c0 x10: 0000000000000008 x9 : ffffc0f4e5617e58
Jul 10 21:24:13 kria kernel: x8 : 0000000000000001 x7 : 0000000000000004 x6 : 000000006e1164d5
Jul 10 21:24:13 kria kernel: x5 : 0000000000000000 x4 : ffffc0f4e780ce90 x3 : 0000000000000001
Jul 10 21:24:13 kria kernel: x2 : 0000000000000001 x1 : ffff4994d8478000 x0 : ffffc0f4e72da098
Jul 10 21:24:13 kria kernel: Call trace:
Jul 10 21:24:13 kria kernel:  __get_cpu_fpsimd_context+0x34/0x40
Jul 10 21:24:13 kria kernel:  __switch_to+0x20/0x140
Jul 10 21:24:13 kria kernel:  __schedule+0x928/0x13f0
Jul 10 21:24:13 kria kernel:  preempt_schedule_irq+0x50/0xc0
Jul 10 21:24:13 kria kernel:  el1_interrupt+0x64/0xa0
Jul 10 21:24:13 kria kernel:  el1h_64_irq_handler+0x18/0x2c
Jul 10 21:24:13 kria kernel:  el1h_64_irq+0x7c/0x80
Jul 10 21:24:13 kria kernel:  task_fpsimd_load+0xb8/0xfc
Jul 10 21:24:13 kria kernel:  fpsimd_restore_current_state+0x94/0xc4
Jul 10 21:24:13 kria kernel:  do_notify_resume+0x1bc/0x15e0
Jul 10 21:24:13 kria kernel:  el0_svc+0x4c/0xb0
Jul 10 21:24:13 kria kernel:  el0t_64_sync_handler+0xa4/0x12c
Jul 10 21:24:13 kria kernel:  el0t_64_sync+0x1a4/0x1a8
Jul 10 21:24:13 kria kernel: ---[ end trace 0000000000000006 ]---
Jul 10 21:24:13 kria kernel: ------------[ cut here ]------------
Jul 10 21:24:13 kria kernel: WARNING: CPU: 3 PID: 2653 at arch/arm64/kernel/fpsimd.c:204 put_cpu_fpsimd_context+0x84/0x90
Jul 10 21:24:13 kria kernel: Modules linked in: xt_conntrack xt_MASQUERADE bridge xt_set ip_set nft_counter nft_chain_nat nf_nat nf_conntrack nf_defrag_ipv6 nf_defrag_ipv4 xt_addrtype nft_compat nf_tables nfnetlink al5e(C) al5d(C) ap1302 allegro(C) zocl i2c_mux_pca954x xlnx_vcu binfmt_misc hid_sensor_gyro_3d hid_sensor_accel_3d hid_sensor_trigger hid_sensor_iio_common ina260_adc tpm_tis_spi uio_pdrv_genirq sch_fq_codel dm_multipath scsi_dh_rdac scsi_dh_emc scsi_dh_alua usb5744 dmaproxy(C) efi_pstore ip_tables x_tables autofs4 raid10 raid456 async_raid6_recov async_memcpy async_pq async_xor async_tx raid1 raid0 multipath linear hid_sensor_custom hid_sensor_hub usbhid da9121_regulator rtc_zynqmp spi_zynqmp_gqspi i2c_cadence crct10dif_ce aes_neon_bs aes_neon_blk aes_ce_blk crypto_simd cryptd aes_ce_cipher
Jul 10 21:24:13 kria kernel: CPU: 3 PID: 2653 Comm: 5 Tainted: G        WC        5.15.199-rt91-rt-kria #1
Jul 10 21:24:13 kria kernel: Hardware name: ZynqMP KV260 revB (DT)
Jul 10 21:24:13 kria kernel: pstate: 60400005 (nZCv daif +PAN -UAO -TCO -DIT -SSBS BTYPE=--)
Jul 10 21:24:13 kria kernel: pc : put_cpu_fpsimd_context+0x84/0x90
Jul 10 21:24:13 kria kernel: lr : fpsimd_restore_current_state+0x9c/0xc4
Jul 10 21:24:13 kria kernel: sp : ffff80000e413d00
Jul 10 21:24:13 kria kernel: x29: ffff80000e413d00 x28: 000000000000000c x27: 0000000000000000
Jul 10 21:24:13 kria kernel: x26: 0000000000000000 x25: 0000000000000000 x24: 0000000000000000
Jul 10 21:24:13 kria kernel: x23: ffff0a898a59d140 x22: 0000000045585401 x21: ffff0a898a59d978
Jul 10 21:24:13 kria kernel: x20: ffff0a898a59d140 x19: ffff80000e413eb0 x18: 000000005eaf7e47
Jul 10 21:24:13 kria kernel: x17: 000000000000001c x16: 0000000008ab643e x15: 00000000e6df77b1
Jul 10 21:24:13 kria kernel: x14: ffffc0f4e79da550 x13: 0000000058ade4a8 x12: ffffc0f4e6e7e1b8
Jul 10 21:24:13 kria kernel: x11: 00000000000000c0 x10: 0000000000000be0 x9 : ffffc0f4e56180fc
Jul 10 21:24:13 kria kernel: x8 : 0000000000000000 x7 : 0000000000000006 x6 : 000000006e1164d5
Jul 10 21:24:13 kria kernel: x5 : 00000000410fd030 x4 : 0000000000000000 x3 : ffff0a898a59dfb0
Jul 10 21:24:13 kria kernel: x2 : 0000000000000000 x1 : ffff4994d84b4000 x0 : ffffc0f4e72da098
Jul 10 21:24:13 kria kernel: Call trace:
Jul 10 21:24:13 kria kernel:  put_cpu_fpsimd_context+0x84/0x90
Jul 10 21:24:13 kria kernel:  fpsimd_restore_current_state+0x9c/0xc4
Jul 10 21:24:13 kria kernel:  do_notify_resume+0x1bc/0x15e0
Jul 10 21:24:13 kria kernel:  el0_svc+0x4c/0xb0
Jul 10 21:24:13 kria kernel:  el0t_64_sync_handler+0xa4/0x12c
Jul 10 21:24:13 kria kernel:  el0t_64_sync+0x1a4/0x1a8
Jul 10 21:24:13 kria kernel: ---[ end trace 0000000000000007 ]---
Jul 10 21:24:13 kria dbus-daemon[1031]: [system] Failed to activate service 'org.bluez': timed out (service_start_timeout=25000ms)
Jul 10 21:24:13 kria pulseaudio[2072]: GetManagedObjects() failed: org.freedesktop.DBus.Error.NoReply: Did not receive a reply. Possible causes include: the remote application did not send a reply, the message bus security policy blocked the reply, the reply timeout expired, or the network connection was broken.
Jul 10 21:24:13 kria cloud-init[2672]: Cloud-init v. 25.3-0ubuntu1~22.04.1 finished at Fri, 10 Jul 2026 12:24:13 +0000. Datasource DataSourceNoCloud [seed=/dev/mmcblk1p1].  Up 123.24 seconds
Jul 10 21:24:14 kria systemd[1]: Finished Cloud-init: Final Stage.
Jul 10 21:24:14 kria systemd[1]: Reached target Cloud-init target.
Jul 10 21:24:14 kria systemd[1]: Startup finished in 15.374s (kernel) + 1min 48.256s (userspace) = 2min 3.631s.
Jul 10 21:24:14 kria kernel: ------------[ cut here ]------------
Jul 10 21:24:14 kria kernel: WARNING: CPU: 2 PID: 2653 at arch/arm64/kernel/fpsimd.c:318 task_fpsimd_load+0xb4/0xfc
Jul 10 21:24:14 kria kernel: Modules linked in: xt_conntrack xt_MASQUERADE bridge xt_set ip_set nft_counter nft_chain_nat nf_nat nf_conntrack nf_defrag_ipv6 nf_defrag_ipv4 xt_addrtype nft_compat nf_tables nfnetlink al5e(C) al5d(C) ap1302 allegro(C) zocl i2c_mux_pca954x xlnx_vcu binfmt_misc hid_sensor_gyro_3d hid_sensor_accel_3d hid_sensor_trigger hid_sensor_iio_common ina260_adc tpm_tis_spi uio_pdrv_genirq sch_fq_codel dm_multipath scsi_dh_rdac scsi_dh_emc scsi_dh_alua usb5744 dmaproxy(C) efi_pstore ip_tables x_tables autofs4 raid10 raid456 async_raid6_recov async_memcpy async_pq async_xor async_tx raid1 raid0 multipath linear hid_sensor_custom hid_sensor_hub usbhid da9121_regulator rtc_zynqmp spi_zynqmp_gqspi i2c_cadence crct10dif_ce aes_neon_bs aes_neon_blk aes_ce_blk crypto_simd cryptd aes_ce_cipher
Jul 10 21:24:14 kria kernel: CPU: 2 PID: 2653 Comm: 5 Tainted: G        WC        5.15.199-rt91-rt-kria #1
Jul 10 21:24:14 kria kernel: Hardware name: ZynqMP KV260 revB (DT)
Jul 10 21:24:14 kria kernel: pstate: 40400005 (nZcv daif +PAN -UAO -TCO -DIT -SSBS BTYPE=--)
Jul 10 21:24:14 kria kernel: pc : task_fpsimd_load+0xb4/0xfc
Jul 10 21:24:14 kria kernel: lr : task_fpsimd_load+0x20/0xfc
Jul 10 21:24:14 kria kernel: sp : ffff80000e413d00
Jul 10 21:24:14 kria kernel: x29: ffff80000e413d00 x28: 000000000000000c x27: 0000000000000000
Jul 10 21:24:14 kria kernel: x26: 0000000000000000 x25: 0000000000000000 x24: 0000000000000000
Jul 10 21:24:14 kria kernel: x23: ffff0a898a59d140 x22: 0000000045585401 x21: ffff0a898a59d978
Jul 10 21:24:14 kria kernel: x20: ffff0a898a59d140 x19: ffff80000e413eb0 x18: 000000005eaf7e47
Jul 10 21:24:14 kria kernel: x17: 000000000000001c x16: 0000000008ab643e x15: 00000000e6df77b1
Jul 10 21:24:14 kria kernel: x14: ffffc0f4e79da550 x13: 0000000058ade4a8 x12: ffffc0f4e6e7e1b8
Jul 10 21:24:14 kria kernel: x11: 00000000000000c0 x10: 0000000000000be0 x9 : ffffc0f4e56174f4
Jul 10 21:24:14 kria kernel: x8 : 0000000000000000 x7 : 0000000000000006 x6 : 000000006e1164d5
Jul 10 21:24:14 kria kernel: x5 : 00000000410fd030 x4 : 0000000000000000 x3 : 0000000000000000
Jul 10 21:24:14 kria kernel: x2 : 0000000000000008 x1 : 0000000000000000 x0 : 0000000000000000
Jul 10 21:24:14 kria kernel: Call trace:
Jul 10 21:24:14 kria kernel:  task_fpsimd_load+0xb4/0xfc
Jul 10 21:24:14 kria kernel:  fpsimd_restore_current_state+0x94/0xc4
Jul 10 21:24:14 kria kernel:  do_notify_resume+0x1bc/0x15e0
Jul 10 21:24:14 kria kernel:  el0_svc+0x4c/0xb0
Jul 10 21:24:14 kria kernel:  el0t_64_sync_handler+0xa4/0x12c
Jul 10 21:24:14 kria kernel:  el0t_64_sync+0x1a4/0x1a8
Jul 10 21:24:14 kria kernel: ---[ end trace 0000000000000008 ]---
Jul 10 21:24:15 kria snapd[1053]: snapmgr.go:1661: performing periodic snap downloads cache cleanup
Jul 10 21:24:15 kria snapd[1053]: cache.go:243: removed 0 entries/    0 from downloads cache
Jul 10 21:24:16 kria kernel: ------------[ cut here ]------------
Jul 10 21:24:16 kria kernel: WARNING: CPU: 2 PID: 2653 at arch/arm64/kernel/fpsimd.c:173 __get_cpu_fpsimd_context+0x34/0x40
Jul 10 21:24:16 kria kernel: Modules linked in: xt_conntrack xt_MASQUERADE bridge xt_set ip_set nft_counter nft_chain_nat nf_nat nf_conntrack nf_defrag_ipv6 nf_defrag_ipv4 xt_addrtype nft_compat nf_tables nfnetlink al5e(C) al5d(C) ap1302 allegro(C) zocl i2c_mux_pca954x xlnx_vcu binfmt_misc hid_sensor_gyro_3d hid_sensor_accel_3d hid_sensor_trigger hid_sensor_iio_common ina260_adc tpm_tis_spi uio_pdrv_genirq sch_fq_codel dm_multipath scsi_dh_rdac scsi_dh_emc scsi_dh_alua usb5744 dmaproxy(C) efi_pstore ip_tables x_tables autofs4 raid10 raid456 async_raid6_recov async_memcpy async_pq async_xor async_tx raid1 raid0 multipath linear hid_sensor_custom hid_sensor_hub usbhid da9121_regulator rtc_zynqmp spi_zynqmp_gqspi i2c_cadence crct10dif_ce aes_neon_bs aes_neon_blk aes_ce_blk crypto_simd cryptd aes_ce_cipher
Jul 10 21:24:16 kria kernel: CPU: 2 PID: 2653 Comm: 5 Tainted: G        WC        5.15.199-rt91-rt-kria #1
Jul 10 21:24:16 kria kernel: Hardware name: ZynqMP KV260 revB (DT)
Jul 10 21:24:16 kria kernel: pstate: 804000c5 (Nzcv daIF +PAN -UAO -TCO -DIT -SSBS BTYPE=--)
Jul 10 21:24:16 kria kernel: pc : __get_cpu_fpsimd_context+0x34/0x40
Jul 10 21:24:16 kria kernel: lr : fpsimd_thread_switch+0x28/0xf4
Jul 10 21:24:16 kria kernel: sp : ffff80000e413a40
Jul 10 21:24:16 kria kernel: x29: ffff80000e413a40 x28: ffffc0f4e702e000 x27: ffff0a894f311040
Jul 10 21:24:16 kria kernel: x26: ffff0a898a59d140 x25: 0000000000000000 x24: ffff0a89bf7834c0
Jul 10 21:24:16 kria kernel: x23: 0000000040400005 x22: ffff0a898a59d140 x21: ffff80000e413ae8
Jul 10 21:24:16 kria kernel: x20: ffff0a898a59d140 x19: ffff0a894f311040 x18: 0000000000000000
Jul 10 21:24:16 kria kernel: x17: 0000000000000000 x16: 0000000000000000 x15: 000000000000001a
Jul 10 21:24:16 kria kernel: x14: ffffc0f4e697d030 x13: 000000000000001d x12: ffffc0f4e6e7e1b8
Jul 10 21:24:16 kria kernel: x11: ffffc0f4e77e78c0 x10: 0000000000000008 x9 : ffffc0f4e5617e58
Jul 10 21:24:16 kria kernel: x8 : 0000000000000001 x7 : 00000000000ee951 x6 : 000000006e1164d5
Jul 10 21:24:16 kria kernel: x5 : 0000000000000000 x4 : ffff0a89bf7718a8 x3 : 0000000000000001
Jul 10 21:24:16 kria kernel: x2 : 0000000000000001 x1 : ffff4994d8496000 x0 : ffffc0f4e72da098
Jul 10 21:24:16 kria kernel: Call trace:
Jul 10 21:24:16 kria kernel:  __get_cpu_fpsimd_context+0x34/0x40
Jul 10 21:24:16 kria kernel:  __switch_to+0x20/0x140
Jul 10 21:24:16 kria kernel:  __schedule+0x928/0x13f0
Jul 10 21:24:16 kria kernel:  preempt_schedule_irq+0x50/0xc0
Jul 10 21:24:16 kria kernel:  el1_interrupt+0x64/0xa0
Jul 10 21:24:16 kria kernel:  el1h_64_irq_handler+0x18/0x2c
Jul 10 21:24:16 kria kernel:  el1h_64_irq+0x7c/0x80
Jul 10 21:24:16 kria kernel:  task_fpsimd_load+0xb8/0xfc
Jul 10 21:24:16 kria kernel:  fpsimd_restore_current_state+0x94/0xc4
Jul 10 21:24:16 kria kernel:  do_notify_resume+0x1bc/0x15e0
Jul 10 21:24:16 kria kernel:  el0_svc+0x4c/0xb0
Jul 10 21:24:16 kria kernel:  el0t_64_sync_handler+0xa4/0x12c
Jul 10 21:24:16 kria kernel:  el0t_64_sync+0x1a4/0x1a8
Jul 10 21:24:16 kria kernel: ---[ end trace 0000000000000009 ]---
Jul 10 21:24:16 kria kernel: ------------[ cut here ]------------
Jul 10 21:24:16 kria kernel: WARNING: CPU: 2 PID: 2653 at arch/arm64/kernel/fpsimd.c:204 put_cpu_fpsimd_context+0x84/0x90
Jul 10 21:24:16 kria kernel: Modules linked in: xt_conntrack xt_MASQUERADE bridge xt_set ip_set nft_counter nft_chain_nat nf_nat nf_conntrack nf_defrag_ipv6 nf_defrag_ipv4 xt_addrtype nft_compat nf_tables nfnetlink al5e(C) al5d(C) ap1302 allegro(C) zocl i2c_mux_pca954x xlnx_vcu binfmt_misc hid_sensor_gyro_3d hid_sensor_accel_3d hid_sensor_trigger hid_sensor_iio_common ina260_adc tpm_tis_spi uio_pdrv_genirq sch_fq_codel dm_multipath scsi_dh_rdac scsi_dh_emc scsi_dh_alua usb5744 dmaproxy(C) efi_pstore ip_tables x_tables autofs4 raid10 raid456 async_raid6_recov async_memcpy async_pq async_xor async_tx raid1 raid0 multipath linear hid_sensor_custom hid_sensor_hub usbhid da9121_regulator rtc_zynqmp spi_zynqmp_gqspi i2c_cadence crct10dif_ce aes_neon_bs aes_neon_blk aes_ce_blk crypto_simd cryptd aes_ce_cipher
Jul 10 21:24:16 kria kernel: CPU: 2 PID: 2653 Comm: 5 Tainted: G        WC        5.15.199-rt91-rt-kria #1
Jul 10 21:24:16 kria kernel: Hardware name: ZynqMP KV260 revB (DT)
Jul 10 21:24:16 kria kernel: pstate: 60400005 (nZCv daif +PAN -UAO -TCO -DIT -SSBS BTYPE=--)
Jul 10 21:24:16 kria kernel: pc : put_cpu_fpsimd_context+0x84/0x90
Jul 10 21:24:16 kria kernel: lr : fpsimd_restore_current_state+0x9c/0xc4
Jul 10 21:24:16 kria kernel: sp : ffff80000e413d00
Jul 10 21:24:16 kria kernel: x29: ffff80000e413d00 x28: 000000000000000c x27: 0000000000000000
Jul 10 21:24:16 kria kernel: x26: 0000000000000000 x25: 0000000000000000 x24: 0000000000000000
Jul 10 21:24:16 kria kernel: x23: ffff0a898a59d140 x22: 0000000045585401 x21: ffff0a898a59d978
Jul 10 21:24:16 kria kernel: x20: ffff0a898a59d140 x19: ffff80000e413eb0 x18: 000000005eaf7e47
Jul 10 21:24:16 kria kernel: x17: 000000000000001c x16: 0000000008ab643e x15: 00000000e6df77b1
Jul 10 21:24:16 kria kernel: x14: ffffc0f4e79da550 x13: 0000000058ade4a8 x12: ffffc0f4e6e7e1b8
Jul 10 21:24:16 kria kernel: x11: 00000000000000c0 x10: 0000000000000be0 x9 : ffffc0f4e56180fc
Jul 10 21:24:16 kria kernel: x8 : 0000000000000000 x7 : 0000000000000006 x6 : 000000006e1164d5
Jul 10 21:24:16 kria kernel: x5 : 00000000410fd030 x4 : 0000000000000000 x3 : ffff0a898a59dfb0
Jul 10 21:24:16 kria kernel: x2 : 0000000000000000 x1 : ffff4994d8496000 x0 : ffffc0f4e72da098
Jul 10 21:24:16 kria kernel: Call trace:
Jul 10 21:24:16 kria kernel:  put_cpu_fpsimd_context+0x84/0x90
Jul 10 21:24:16 kria kernel:  fpsimd_restore_current_state+0x9c/0xc4
Jul 10 21:24:16 kria kernel:  do_notify_resume+0x1bc/0x15e0
Jul 10 21:24:16 kria kernel:  el0_svc+0x4c/0xb0
Jul 10 21:24:16 kria kernel:  el0t_64_sync_handler+0xa4/0x12c
Jul 10 21:24:16 kria kernel:  el0t_64_sync+0x1a4/0x1a8
Jul 10 21:24:16 kria kernel: ---[ end trace 000000000000000a ]---
Jul 10 21:24:19 kria kernel: ------------[ cut here ]------------
Jul 10 21:24:19 kria kernel: WARNING: CPU: 2 PID: 2653 at arch/arm64/kernel/fpsimd.c:318 task_fpsimd_load+0xb4/0xfc
Jul 10 21:24:19 kria kernel: Modules linked in: xt_conntrack xt_MASQUERADE bridge xt_set ip_set nft_counter nft_chain_nat nf_nat nf_conntrack nf_defrag_ipv6 nf_defrag_ipv4 xt_addrtype nft_compat nf_tables nfnetlink al5e(C) al5d(C) ap1302 allegro(C) zocl i2c_mux_pca954x xlnx_vcu binfmt_misc hid_sensor_gyro_3d hid_sensor_accel_3d hid_sensor_trigger hid_sensor_iio_common ina260_adc tpm_tis_spi uio_pdrv_genirq sch_fq_codel dm_multipath scsi_dh_rdac scsi_dh_emc scsi_dh_alua usb5744 dmaproxy(C) efi_pstore ip_tables x_tables autofs4 raid10 raid456 async_raid6_recov async_memcpy async_pq async_xor async_tx raid1 raid0 multipath linear hid_sensor_custom hid_sensor_hub usbhid da9121_regulator rtc_zynqmp spi_zynqmp_gqspi i2c_cadence crct10dif_ce aes_neon_bs aes_neon_blk aes_ce_blk crypto_simd cryptd aes_ce_cipher
Jul 10 21:24:19 kria kernel: CPU: 2 PID: 2653 Comm: 5 Tainted: G        WC        5.15.199-rt91-rt-kria #1
Jul 10 21:24:19 kria kernel: Hardware name: ZynqMP KV260 revB (DT)
Jul 10 21:24:19 kria kernel: pstate: 40400005 (nZcv daif +PAN -UAO -TCO -DIT -SSBS BTYPE=--)
Jul 10 21:24:19 kria kernel: pc : task_fpsimd_load+0xb4/0xfc
Jul 10 21:24:19 kria kernel: lr : task_fpsimd_load+0x20/0xfc
Jul 10 21:24:19 kria kernel: sp : ffff80000e413d00
Jul 10 21:24:19 kria kernel: x29: ffff80000e413d00 x28: 000000000000000c x27: 0000000000000000
Jul 10 21:24:19 kria kernel: x26: 0000000000000000 x25: 0000000000000000 x24: 0000000000000000
Jul 10 21:24:19 kria kernel: x23: ffff0a898a59d140 x22: 0000000045585401 x21: ffff0a898a59d978
Jul 10 21:24:19 kria kernel: x20: ffff0a898a59d140 x19: ffff80000e413eb0 x18: 000000005eaf7e47
Jul 10 21:24:19 kria kernel: x17: 000000000000001c x16: 0000000008ab643e x15: 00000000e6df77b1
Jul 10 21:24:19 kria kernel: x14: ffffc0f4e79da550 x13: 0000000058ade4a8 x12: ffffc0f4e6e7e1b8
Jul 10 21:24:19 kria kernel: x11: 00000000000000c0 x10: 0000000000000be0 x9 : ffffc0f4e56174f4
Jul 10 21:24:19 kria kernel: x8 : 0000000000000000 x7 : 0000000000000006 x6 : 000000006e1164d5
Jul 10 21:24:19 kria kernel: x5 : 00000000410fd030 x4 : 0000000000000000 x3 : 0000000000000000
Jul 10 21:24:19 kria kernel: x2 : 0000000000000008 x1 : 0000000000000000 x0 : 0000000000000000
Jul 10 21:24:19 kria kernel: Call trace:
Jul 10 21:24:19 kria kernel:  task_fpsimd_load+0xb4/0xfc
Jul 10 21:24:19 kria kernel:  fpsimd_restore_current_state+0x94/0xc4
Jul 10 21:24:19 kria kernel:  do_notify_resume+0x1bc/0x15e0
Jul 10 21:24:19 kria kernel:  el0_svc+0x4c/0xb0
Jul 10 21:24:19 kria kernel:  el0t_64_sync_handler+0xa4/0x12c
Jul 10 21:24:19 kria kernel:  el0t_64_sync+0x1a4/0x1a8
Jul 10 21:24:19 kria kernel: ---[ end trace 000000000000000b ]---
Jul 10 21:24:19 kria kernel: ------------[ cut here ]------------
Jul 10 21:24:19 kria kernel: WARNING: CPU: 2 PID: 2653 at arch/arm64/kernel/fpsimd.c:173 __get_cpu_fpsimd_context+0x34/0x40
Jul 10 21:24:19 kria kernel: Modules linked in: xt_conntrack xt_MASQUERADE bridge xt_set ip_set nft_counter nft_chain_nat nf_nat nf_conntrack nf_defrag_ipv6 nf_defrag_ipv4 xt_addrtype nft_compat nf_tables nfnetlink al5e(C) al5d(C) ap1302 allegro(C) zocl i2c_mux_pca954x xlnx_vcu binfmt_misc hid_sensor_gyro_3d hid_sensor_accel_3d hid_sensor_trigger hid_sensor_iio_common ina260_adc tpm_tis_spi uio_pdrv_genirq sch_fq_codel dm_multipath scsi_dh_rdac scsi_dh_emc scsi_dh_alua usb5744 dmaproxy(C) efi_pstore ip_tables x_tables autofs4 raid10 raid456 async_raid6_recov async_memcpy async_pq async_xor async_tx raid1 raid0 multipath linear hid_sensor_custom hid_sensor_hub usbhid da9121_regulator rtc_zynqmp spi_zynqmp_gqspi i2c_cadence crct10dif_ce aes_neon_bs aes_neon_blk aes_ce_blk crypto_simd cryptd aes_ce_cipher
Jul 10 21:24:19 kria kernel: CPU: 2 PID: 2653 Comm: 5 Tainted: G        WC        5.15.199-rt91-rt-kria #1
Jul 10 21:24:19 kria kernel: Hardware name: ZynqMP KV260 revB (DT)
Jul 10 21:24:19 kria kernel: pstate: 804000c5 (Nzcv daIF +PAN -UAO -TCO -DIT -SSBS BTYPE=--)
Jul 10 21:24:19 kria kernel: pc : __get_cpu_fpsimd_context+0x34/0x40
Jul 10 21:24:19 kria kernel: lr : fpsimd_thread_switch+0x28/0xf4
Jul 10 21:24:19 kria kernel: sp : ffff80000e413a40
Jul 10 21:24:19 kria kernel: x29: ffff80000e413a40 x28: ffffc0f4e702e000 x27: ffff0a894035a080
Jul 10 21:24:19 kria kernel: x26: ffff0a898a59d140 x25: 0000000000000000 x24: ffff0a89bf7834c0
Jul 10 21:24:19 kria kernel: x23: 0000000040400005 x22: ffff0a898a59d140 x21: ffff80000e413ae8
Jul 10 21:24:19 kria kernel: x20: ffff0a898a59d140 x19: ffff0a894035a080 x18: 0000000000000000
Jul 10 21:24:19 kria kernel: x17: 0000000000000000 x16: 000000000000001e x15: ffffc0f4e697d030
Jul 10 21:24:19 kria kernel: x14: 00000000fffd5ccb x13: 000000000000dd0d x12: ffffc0f4e6e7e1b8
Jul 10 21:24:19 kria kernel: x11: ffffc0f4e77e78c0 x10: 0000000000000008 x9 : ffffc0f4e5617e58
Jul 10 21:24:19 kria kernel: x8 : 0000000000000001 x7 : 0000000000000002 x6 : 000000006e1164d5
Jul 10 21:24:19 kria kernel: x5 : 0000000000000000 x4 : ffffc0f4e780ce90 x3 : 0000000000000001
Jul 10 21:24:19 kria kernel: x2 : 0000000000000001 x1 : ffff4994d8496000 x0 : ffffc0f4e72da098
Jul 10 21:24:19 kria kernel: Call trace:
Jul 10 21:24:19 kria kernel:  __get_cpu_fpsimd_context+0x34/0x40
Jul 10 21:24:19 kria kernel:  __switch_to+0x20/0x140
Jul 10 21:24:19 kria kernel:  __schedule+0x928/0x13f0
Jul 10 21:24:19 kria kernel:  preempt_schedule_irq+0x50/0xc0
Jul 10 21:24:19 kria kernel:  el1_interrupt+0x64/0xa0
Jul 10 21:24:19 kria kernel:  el1h_64_irq_handler+0x18/0x2c
Jul 10 21:24:19 kria kernel:  el1h_64_irq+0x7c/0x80
Jul 10 21:24:19 kria kernel:  task_fpsimd_load+0xb8/0xfc
Jul 10 21:24:19 kria kernel:  fpsimd_restore_current_state+0x94/0xc4
Jul 10 21:24:19 kria kernel:  do_notify_resume+0x1bc/0x15e0
Jul 10 21:24:19 kria kernel:  el0_svc+0x4c/0xb0
Jul 10 21:24:19 kria kernel:  el0t_64_sync_handler+0xa4/0x12c
Jul 10 21:24:19 kria kernel:  el0t_64_sync+0x1a4/0x1a8
Jul 10 21:24:19 kria kernel: ---[ end trace 000000000000000c ]---
Jul 10 21:24:19 kria kernel: ------------[ cut here ]------------
Jul 10 21:24:19 kria kernel: WARNING: CPU: 1 PID: 2653 at arch/arm64/kernel/fpsimd.c:204 put_cpu_fpsimd_context+0x84/0x90
Jul 10 21:24:19 kria kernel: Modules linked in: xt_conntrack xt_MASQUERADE bridge xt_set ip_set nft_counter nft_chain_nat nf_nat nf_conntrack nf_defrag_ipv6 nf_defrag_ipv4 xt_addrtype nft_compat nf_tables nfnetlink al5e(C) al5d(C) ap1302 allegro(C) zocl i2c_mux_pca954x xlnx_vcu binfmt_misc hid_sensor_gyro_3d hid_sensor_accel_3d hid_sensor_trigger hid_sensor_iio_common ina260_adc tpm_tis_spi uio_pdrv_genirq sch_fq_codel dm_multipath scsi_dh_rdac scsi_dh_emc scsi_dh_alua usb5744 dmaproxy(C) efi_pstore ip_tables x_tables autofs4 raid10 raid456 async_raid6_recov async_memcpy async_pq async_xor async_tx raid1 raid0 multipath linear hid_sensor_custom hid_sensor_hub usbhid da9121_regulator rtc_zynqmp spi_zynqmp_gqspi i2c_cadence crct10dif_ce aes_neon_bs aes_neon_blk aes_ce_blk crypto_simd cryptd aes_ce_cipher
Jul 10 21:24:19 kria kernel: CPU: 1 PID: 2653 Comm: 5 Tainted: G        WC        5.15.199-rt91-rt-kria #1
Jul 10 21:24:19 kria kernel: Hardware name: ZynqMP KV260 revB (DT)
Jul 10 21:24:19 kria kernel: pstate: 60400005 (nZCv daif +PAN -UAO -TCO -DIT -SSBS BTYPE=--)
Jul 10 21:24:19 kria kernel: pc : put_cpu_fpsimd_context+0x84/0x90
Jul 10 21:24:19 kria kernel: lr : fpsimd_restore_current_state+0x9c/0xc4
Jul 10 21:24:19 kria kernel: sp : ffff80000e413d00
Jul 10 21:24:19 kria kernel: x29: ffff80000e413d00 x28: 000000000000000c x27: 0000000000000000
Jul 10 21:24:19 kria kernel: x26: 0000000000000000 x25: 0000000000000000 x24: 0000000000000000
Jul 10 21:24:19 kria kernel: x23: ffff0a898a59d140 x22: 0000000045585401 x21: ffff0a898a59d978
Jul 10 21:24:19 kria kernel: x20: ffff0a898a59d140 x19: ffff80000e413eb0 x18: 000000005eaf7e47
Jul 10 21:24:19 kria kernel: x17: 000000000000001c x16: 0000000008ab643e x15: 00000000e6df77b1
Jul 10 21:24:19 kria kernel: x14: ffffc0f4e79da550 x13: 0000000058ade4a8 x12: ffffc0f4e6e7e1b8
Jul 10 21:24:19 kria kernel: x11: 00000000000000c0 x10: 0000000000000be0 x9 : ffffc0f4e56180fc
Jul 10 21:24:19 kria kernel: x8 : 0000000000000000 x7 : 0000000000000006 x6 : 000000006e1164d5
Jul 10 21:24:19 kria kernel: x5 : 00000000410fd030 x4 : 0000000000000000 x3 : ffff0a898a59dfb0
Jul 10 21:24:19 kria kernel: x2 : 0000000000000000 x1 : ffff4994d8478000 x0 : ffffc0f4e72da098
Jul 10 21:24:19 kria kernel: Call trace:
Jul 10 21:24:19 kria kernel:  put_cpu_fpsimd_context+0x84/0x90
Jul 10 21:24:19 kria kernel:  fpsimd_restore_current_state+0x9c/0xc4
Jul 10 21:24:19 kria kernel:  do_notify_resume+0x1bc/0x15e0
Jul 10 21:24:19 kria kernel:  el0_svc+0x4c/0xb0
Jul 10 21:24:19 kria kernel:  el0t_64_sync_handler+0xa4/0x12c
Jul 10 21:24:19 kria kernel:  el0t_64_sync+0x1a4/0x1a8
Jul 10 21:24:19 kria kernel: ---[ end trace 000000000000000d ]---
Jul 10 21:24:22 kria kernel: ------------[ cut here ]------------
Jul 10 21:24:22 kria kernel: WARNING: CPU: 2 PID: 2653 at arch/arm64/kernel/fpsimd.c:318 task_fpsimd_load+0xb4/0xfc
Jul 10 21:24:22 kria kernel: Modules linked in: xt_conntrack xt_MASQUERADE bridge xt_set ip_set nft_counter nft_chain_nat nf_nat nf_conntrack nf_defrag_ipv6 nf_defrag_ipv4 xt_addrtype nft_compat nf_tables nfnetlink al5e(C) al5d(C) ap1302 allegro(C) zocl i2c_mux_pca954x xlnx_vcu binfmt_misc hid_sensor_gyro_3d hid_sensor_accel_3d hid_sensor_trigger hid_sensor_iio_common ina260_adc tpm_tis_spi uio_pdrv_genirq sch_fq_codel dm_multipath scsi_dh_rdac scsi_dh_emc scsi_dh_alua usb5744 dmaproxy(C) efi_pstore ip_tables x_tables autofs4 raid10 raid456 async_raid6_recov async_memcpy async_pq async_xor async_tx raid1 raid0 multipath linear hid_sensor_custom hid_sensor_hub usbhid da9121_regulator rtc_zynqmp spi_zynqmp_gqspi i2c_cadence crct10dif_ce aes_neon_bs aes_neon_blk aes_ce_blk crypto_simd cryptd aes_ce_cipher
Jul 10 21:24:22 kria kernel: CPU: 2 PID: 2653 Comm: 5 Tainted: G        WC        5.15.199-rt91-rt-kria #1
Jul 10 21:24:22 kria kernel: Hardware name: ZynqMP KV260 revB (DT)
Jul 10 21:24:22 kria kernel: pstate: 40400005 (nZcv daif +PAN -UAO -TCO -DIT -SSBS BTYPE=--)
Jul 10 21:24:22 kria kernel: pc : task_fpsimd_load+0xb4/0xfc
Jul 10 21:24:22 kria kernel: lr : task_fpsimd_load+0x20/0xfc
Jul 10 21:24:22 kria kernel: sp : ffff80000e413d00
Jul 10 21:24:22 kria kernel: x29: ffff80000e413d00 x28: 000000000000000c x27: 0000000000000000
Jul 10 21:24:22 kria kernel: x26: 0000000000000000 x25: 0000000000000000 x24: 0000000000000000
Jul 10 21:24:22 kria kernel: x23: ffff0a898a59d140 x22: 0000000045585401 x21: ffff0a898a59d978
Jul 10 21:24:22 kria kernel: x20: ffff0a898a59d140 x19: ffff80000e413eb0 x18: 000000005eaf7e47
Jul 10 21:24:22 kria kernel: x17: 000000000000001c x16: 0000000008ab643e x15: 00000000e6df77b1
Jul 10 21:24:22 kria kernel: x14: ffffc0f4e79da550 x13: 0000000058ade4a8 x12: ffffc0f4e6e7e1b8
Jul 10 21:24:22 kria kernel: x11: 00000000000000c0 x10: 0000000000000be0 x9 : ffffc0f4e56174f4
Jul 10 21:24:22 kria kernel: x8 : 0000000000000000 x7 : 0000000000000006 x6 : 000000006e1164d5
Jul 10 21:24:22 kria kernel: x5 : 00000000410fd030 x4 : 0000000000000000 x3 : 0000000000000000
Jul 10 21:24:22 kria kernel: x2 : 0000000000000008 x1 : 0000000000000000 x0 : 0000000000000000
Jul 10 21:24:22 kria kernel: Call trace:
Jul 10 21:24:22 kria kernel:  task_fpsimd_load+0xb4/0xfc
Jul 10 21:24:22 kria kernel:  fpsimd_restore_current_state+0x94/0xc4
Jul 10 21:24:22 kria kernel:  do_notify_resume+0x1bc/0x15e0
Jul 10 21:24:22 kria kernel:  el0_svc+0x4c/0xb0
Jul 10 21:24:22 kria kernel:  el0t_64_sync_handler+0xa4/0x12c
Jul 10 21:24:22 kria kernel:  el0t_64_sync+0x1a4/0x1a8
Jul 10 21:24:22 kria kernel: ---[ end trace 000000000000000e ]---
Jul 10 21:24:22 kria kernel: ------------[ cut here ]------------
Jul 10 21:24:22 kria kernel: WARNING: CPU: 2 PID: 2653 at arch/arm64/kernel/fpsimd.c:173 __get_cpu_fpsimd_context+0x34/0x40
Jul 10 21:24:22 kria kernel: Modules linked in: xt_conntrack xt_MASQUERADE bridge xt_set ip_set nft_counter nft_chain_nat nf_nat nf_conntrack nf_defrag_ipv6 nf_defrag_ipv4 xt_addrtype nft_compat nf_tables nfnetlink al5e(C) al5d(C) ap1302 allegro(C) zocl i2c_mux_pca954x xlnx_vcu binfmt_misc hid_sensor_gyro_3d hid_sensor_accel_3d hid_sensor_trigger hid_sensor_iio_common ina260_adc tpm_tis_spi uio_pdrv_genirq sch_fq_codel dm_multipath scsi_dh_rdac scsi_dh_emc scsi_dh_alua usb5744 dmaproxy(C) efi_pstore ip_tables x_tables autofs4 raid10 raid456 async_raid6_recov async_memcpy async_pq async_xor async_tx raid1 raid0 multipath linear hid_sensor_custom hid_sensor_hub usbhid da9121_regulator rtc_zynqmp spi_zynqmp_gqspi i2c_cadence crct10dif_ce aes_neon_bs aes_neon_blk aes_ce_blk crypto_simd cryptd aes_ce_cipher
Jul 10 21:24:22 kria kernel: CPU: 2 PID: 2653 Comm: 5 Tainted: G        WC        5.15.199-rt91-rt-kria #1
Jul 10 21:24:22 kria kernel: Hardware name: ZynqMP KV260 revB (DT)
Jul 10 21:24:22 kria kernel: pstate: 804000c5 (Nzcv daIF +PAN -UAO -TCO -DIT -SSBS BTYPE=--)
Jul 10 21:24:22 kria kernel: pc : __get_cpu_fpsimd_context+0x34/0x40
Jul 10 21:24:22 kria kernel: lr : fpsimd_thread_switch+0x28/0xf4
Jul 10 21:24:22 kria kernel: sp : ffff80000e413a40
Jul 10 21:24:22 kria kernel: x29: ffff80000e413a40 x28: ffffc0f4e702e000 x27: ffff0a894035a080
Jul 10 21:24:22 kria kernel: x26: ffff0a898a59d140 x25: 0000000000000000 x24: ffff0a89bf7834c0
Jul 10 21:24:22 kria kernel: x23: 0000000040400005 x22: ffff0a898a59d140 x21: ffff80000e413ae8
Jul 10 21:24:22 kria kernel: x20: ffff0a898a59d140 x19: ffff0a894035a080 x18: 0000000000000000
Jul 10 21:24:22 kria kernel: x17: 0000000000000000 x16: 0000000000000000 x15: 000000000000001a
Jul 10 21:24:22 kria kernel: x14: ffffc0f4e697d030 x13: 000000000000001d x12: ffffc0f4e6e7e1b8
Jul 10 21:24:22 kria kernel: x11: ffffc0f4e77e78c0 x10: 0000000000000008 x9 : ffffc0f4e5617e58
Jul 10 21:24:22 kria kernel: x8 : 0000000000000001 x7 : 0000000000000002 x6 : 000000006e1164d5
Jul 10 21:24:22 kria kernel: x5 : 0000000000000000 x4 : ffffc0f4e780ce90 x3 : 0000000000000001
Jul 10 21:24:22 kria kernel: x2 : 0000000000000001 x1 : ffff4994d8496000 x0 : ffffc0f4e72da098
Jul 10 21:24:22 kria kernel: Call trace:
Jul 10 21:24:22 kria kernel:  __get_cpu_fpsimd_context+0x34/0x40
Jul 10 21:24:22 kria kernel:  __switch_to+0x20/0x140
Jul 10 21:24:22 kria kernel:  __schedule+0x928/0x13f0
Jul 10 21:24:22 kria kernel:  preempt_schedule_irq+0x50/0xc0
Jul 10 21:24:22 kria kernel:  el1_interrupt+0x64/0xa0
Jul 10 21:24:22 kria kernel:  el1h_64_irq_handler+0x18/0x2c
Jul 10 21:24:22 kria kernel:  el1h_64_irq+0x7c/0x80
Jul 10 21:24:22 kria kernel:  task_fpsimd_load+0xb8/0xfc
Jul 10 21:24:22 kria kernel:  fpsimd_restore_current_state+0x94/0xc4
Jul 10 21:24:22 kria kernel:  do_notify_resume+0x1bc/0x15e0
Jul 10 21:24:22 kria kernel:  el0_svc+0x4c/0xb0
Jul 10 21:24:22 kria kernel:  el0t_64_sync_handler+0xa4/0x12c
Jul 10 21:24:22 kria kernel:  el0t_64_sync+0x1a4/0x1a8
Jul 10 21:24:22 kria kernel: ---[ end trace 000000000000000f ]---
Jul 10 21:24:22 kria kernel: ------------[ cut here ]------------
Jul 10 21:24:22 kria kernel: WARNING: CPU: 3 PID: 2653 at arch/arm64/kernel/fpsimd.c:204 put_cpu_fpsimd_context+0x84/0x90
Jul 10 21:24:22 kria kernel: Modules linked in: xt_conntrack xt_MASQUERADE bridge xt_set ip_set nft_counter nft_chain_nat nf_nat nf_conntrack nf_defrag_ipv6 nf_defrag_ipv4 xt_addrtype nft_compat nf_tables nfnetlink al5e(C) al5d(C) ap1302 allegro(C) zocl i2c_mux_pca954x xlnx_vcu binfmt_misc hid_sensor_gyro_3d hid_sensor_accel_3d hid_sensor_trigger hid_sensor_iio_common ina260_adc tpm_tis_spi uio_pdrv_genirq sch_fq_codel dm_multipath scsi_dh_rdac scsi_dh_emc scsi_dh_alua usb5744 dmaproxy(C) efi_pstore ip_tables x_tables autofs4 raid10 raid456 async_raid6_recov async_memcpy async_pq async_xor async_tx raid1 raid0 multipath linear hid_sensor_custom hid_sensor_hub usbhid da9121_regulator rtc_zynqmp spi_zynqmp_gqspi i2c_cadence crct10dif_ce aes_neon_bs aes_neon_blk aes_ce_blk crypto_simd cryptd aes_ce_cipher
Jul 10 21:24:22 kria kernel: CPU: 3 PID: 2653 Comm: 5 Tainted: G        WC        5.15.199-rt91-rt-kria #1
Jul 10 21:24:22 kria kernel: Hardware name: ZynqMP KV260 revB (DT)
Jul 10 21:24:22 kria kernel: pstate: 60400005 (nZCv daif +PAN -UAO -TCO -DIT -SSBS BTYPE=--)
Jul 10 21:24:22 kria kernel: pc : put_cpu_fpsimd_context+0x84/0x90
Jul 10 21:24:22 kria kernel: lr : fpsimd_restore_current_state+0x9c/0xc4
Jul 10 21:24:22 kria kernel: sp : ffff80000e413d00
Jul 10 21:24:22 kria kernel: x29: ffff80000e413d00 x28: 000000000000000c x27: 0000000000000000
Jul 10 21:24:22 kria kernel: x26: 0000000000000000 x25: 0000000000000000 x24: 0000000000000000
Jul 10 21:24:22 kria kernel: x23: ffff0a898a59d140 x22: 0000000045585401 x21: ffff0a898a59d978
Jul 10 21:24:22 kria kernel: x20: ffff0a898a59d140 x19: ffff80000e413eb0 x18: 000000005eaf7e47
Jul 10 21:24:22 kria kernel: x17: 000000000000001c x16: 0000000008ab643e x15: 00000000e6df77b1
Jul 10 21:24:22 kria kernel: x14: ffffc0f4e79da550 x13: 0000000058ade4a8 x12: ffffc0f4e6e7e1b8
Jul 10 21:24:22 kria kernel: x11: 00000000000000c0 x10: 0000000000000be0 x9 : ffffc0f4e56180fc
Jul 10 21:24:22 kria kernel: x8 : 0000000000000000 x7 : 0000000000000006 x6 : 000000006e1164d5
Jul 10 21:24:22 kria kernel: x5 : 00000000410fd030 x4 : 0000000000000000 x3 : ffff0a898a59dfb0
Jul 10 21:24:22 kria kernel: x2 : 0000000000000000 x1 : ffff4994d84b4000 x0 : ffffc0f4e72da098
Jul 10 21:24:22 kria kernel: Call trace:
Jul 10 21:24:22 kria kernel:  put_cpu_fpsimd_context+0x84/0x90
Jul 10 21:24:22 kria kernel:  fpsimd_restore_current_state+0x9c/0xc4
Jul 10 21:24:22 kria kernel:  do_notify_resume+0x1bc/0x15e0
Jul 10 21:24:22 kria kernel:  el0_svc+0x4c/0xb0
Jul 10 21:24:22 kria kernel:  el0t_64_sync_handler+0xa4/0x12c
Jul 10 21:24:22 kria kernel:  el0t_64_sync+0x1a4/0x1a8
Jul 10 21:24:22 kria kernel: ---[ end trace 0000000000000010 ]---
Jul 10 21:24:23 kria kernel: ------------[ cut here ]------------
Jul 10 21:24:23 kria kernel: WARNING: CPU: 2 PID: 2653 at arch/arm64/kernel/fpsimd.c:318 task_fpsimd_load+0xb4/0xfc
Jul 10 21:24:23 kria kernel: Modules linked in: xt_conntrack xt_MASQUERADE bridge xt_set ip_set nft_counter nft_chain_nat nf_nat nf_conntrack nf_defrag_ipv6 nf_defrag_ipv4 xt_addrtype nft_compat nf_tables nfnetlink al5e(C) al5d(C) ap1302 allegro(C) zocl i2c_mux_pca954x xlnx_vcu binfmt_misc hid_sensor_gyro_3d hid_sensor_accel_3d hid_sensor_trigger hid_sensor_iio_common ina260_adc tpm_tis_spi uio_pdrv_genirq sch_fq_codel dm_multipath scsi_dh_rdac scsi_dh_emc scsi_dh_alua usb5744 dmaproxy(C) efi_pstore ip_tables x_tables autofs4 raid10 raid456 async_raid6_recov async_memcpy async_pq async_xor async_tx raid1 raid0 multipath linear hid_sensor_custom hid_sensor_hub usbhid da9121_regulator rtc_zynqmp spi_zynqmp_gqspi i2c_cadence crct10dif_ce aes_neon_bs aes_neon_blk aes_ce_blk crypto_simd cryptd aes_ce_cipher
Jul 10 21:24:23 kria kernel: CPU: 2 PID: 2653 Comm: 5 Tainted: G        WC        5.15.199-rt91-rt-kria #1
Jul 10 21:24:23 kria kernel: Hardware name: ZynqMP KV260 revB (DT)
Jul 10 21:24:23 kria kernel: pstate: 40400005 (nZcv daif +PAN -UAO -TCO -DIT -SSBS BTYPE=--)
Jul 10 21:24:23 kria kernel: pc : task_fpsimd_load+0xb4/0xfc
Jul 10 21:24:23 kria kernel: lr : task_fpsimd_load+0x20/0xfc
Jul 10 21:24:23 kria kernel: sp : ffff80000e413d00
Jul 10 21:24:23 kria kernel: x29: ffff80000e413d00 x28: 000000000000000c x27: 0000000000000000
Jul 10 21:24:23 kria kernel: x26: 0000000000000000 x25: 0000000000000000 x24: 0000000000000000
Jul 10 21:24:23 kria kernel: x23: ffff0a898a59d140 x22: 0000000045585401 x21: ffff0a898a59d978
Jul 10 21:24:23 kria kernel: x20: ffff0a898a59d140 x19: ffff80000e413eb0 x18: 000000005eaf7e47
Jul 10 21:24:23 kria kernel: x17: 000000000000001c x16: 0000000008ab643e x15: 00000000e6df77b1
Jul 10 21:24:23 kria kernel: x14: ffffc0f4e79da550 x13: 0000000058ade4a8 x12: ffffc0f4e6e7e1b8
Jul 10 21:24:23 kria kernel: x11: 00000000000000c0 x10: 0000000000000be0 x9 : ffffc0f4e56174f4
Jul 10 21:24:23 kria kernel: x8 : 0000000000000000 x7 : 0000000000000006 x6 : 000000006e1164d5
Jul 10 21:24:23 kria kernel: x5 : 00000000410fd030 x4 : 0000000000000000 x3 : 0000000000000000
Jul 10 21:24:23 kria kernel: x2 : 0000000000000008 x1 : 0000000000000000 x0 : 0000000000000000
Jul 10 21:24:23 kria kernel: Call trace:
Jul 10 21:24:23 kria kernel:  task_fpsimd_load+0xb4/0xfc
Jul 10 21:24:23 kria kernel:  fpsimd_restore_current_state+0x94/0xc4
Jul 10 21:24:23 kria kernel:  do_notify_resume+0x1bc/0x15e0
Jul 10 21:24:23 kria kernel:  el0_svc+0x4c/0xb0
Jul 10 21:24:23 kria kernel:  el0t_64_sync_handler+0xa4/0x12c
Jul 10 21:24:23 kria kernel:  el0t_64_sync+0x1a4/0x1a8
Jul 10 21:24:23 kria kernel: ---[ end trace 0000000000000011 ]---
Jul 10 21:24:25 kria kernel: ------------[ cut here ]------------
Jul 10 21:24:25 kria kernel: WARNING: CPU: 2 PID: 2653 at arch/arm64/kernel/fpsimd.c:173 __get_cpu_fpsimd_context+0x34/0x40
Jul 10 21:24:25 kria kernel: Modules linked in: xt_conntrack xt_MASQUERADE bridge xt_set ip_set nft_counter nft_chain_nat nf_nat nf_conntrack nf_defrag_ipv6 nf_defrag_ipv4 xt_addrtype nft_compat nf_tables nfnetlink al5e(C) al5d(C) ap1302 allegro(C) zocl i2c_mux_pca954x xlnx_vcu binfmt_misc hid_sensor_gyro_3d hid_sensor_accel_3d hid_sensor_trigger hid_sensor_iio_common ina260_adc tpm_tis_spi uio_pdrv_genirq sch_fq_codel dm_multipath scsi_dh_rdac scsi_dh_emc scsi_dh_alua usb5744 dmaproxy(C) efi_pstore ip_tables x_tables autofs4 raid10 raid456 async_raid6_recov async_memcpy async_pq async_xor async_tx raid1 raid0 multipath linear hid_sensor_custom hid_sensor_hub usbhid da9121_regulator rtc_zynqmp spi_zynqmp_gqspi i2c_cadence crct10dif_ce aes_neon_bs aes_neon_blk aes_ce_blk crypto_simd cryptd aes_ce_cipher
Jul 10 21:24:25 kria kernel: CPU: 2 PID: 2653 Comm: 5 Tainted: G        WC        5.15.199-rt91-rt-kria #1
Jul 10 21:24:25 kria kernel: Hardware name: ZynqMP KV260 revB (DT)
Jul 10 21:24:25 kria kernel: pstate: 804000c5 (Nzcv daIF +PAN -UAO -TCO -DIT -SSBS BTYPE=--)
Jul 10 21:24:25 kria kernel: pc : __get_cpu_fpsimd_context+0x34/0x40
Jul 10 21:24:25 kria kernel: lr : fpsimd_thread_switch+0x28/0xf4
Jul 10 21:24:25 kria kernel: sp : ffff80000e413a40
Jul 10 21:24:25 kria kernel: x29: ffff80000e413a40 x28: ffffc0f4e702e000 x27: ffff0a894f2a0000
Jul 10 21:24:25 kria kernel: x26: ffff0a898a59d140 x25: 0000000000000000 x24: ffff0a89bf7834c0
Jul 10 21:24:25 kria kernel: x23: 0000000040400005 x22: ffff0a898a59d140 x21: ffff80000e413ae8
Jul 10 21:24:25 kria kernel: x20: ffff0a898a59d140 x19: ffff0a894f2a0000 x18: 0000000000000000
Jul 10 21:24:25 kria kernel: x17: 0000000000000000 x16: 0000000000000000 x15: 000000000000001a
Jul 10 21:24:25 kria kernel: x14: ffffc0f4e697d030 x13: 000000000000001d x12: ffffc0f4e6e7e1b8
Jul 10 21:24:25 kria kernel: x11: ffffc0f4e77e78c0 x10: 0000000000000008 x9 : ffffc0f4e5617e58
Jul 10 21:24:25 kria kernel: x8 : 0000000000000001 x7 : 00000000000ee9a5 x6 : 000000006e1164d5
Jul 10 21:24:25 kria kernel: x5 : 0000000000000000 x4 : ffff0a89bf7718a8 x3 : 0000000000000001
Jul 10 21:24:25 kria kernel: x2 : 0000000000000001 x1 : ffff4994d8496000 x0 : ffffc0f4e72da098
Jul 10 21:24:25 kria kernel: Call trace:
Jul 10 21:24:25 kria kernel:  __get_cpu_fpsimd_context+0x34/0x40
Jul 10 21:24:25 kria kernel:  __switch_to+0x20/0x140
Jul 10 21:24:25 kria kernel:  __schedule+0x928/0x13f0
Jul 10 21:24:25 kria kernel:  preempt_schedule_irq+0x50/0xc0
Jul 10 21:24:25 kria kernel:  el1_interrupt+0x64/0xa0
Jul 10 21:24:25 kria kernel:  el1h_64_irq_handler+0x18/0x2c
Jul 10 21:24:25 kria kernel:  el1h_64_irq+0x7c/0x80
Jul 10 21:24:25 kria kernel:  task_fpsimd_load+0xb8/0xfc
Jul 10 21:24:25 kria kernel:  fpsimd_restore_current_state+0x94/0xc4
Jul 10 21:24:25 kria kernel:  do_notify_resume+0x1bc/0x15e0
Jul 10 21:24:25 kria kernel:  el0_svc+0x4c/0xb0
Jul 10 21:24:25 kria kernel:  el0t_64_sync_handler+0xa4/0x12c
Jul 10 21:24:25 kria kernel:  el0t_64_sync+0x1a4/0x1a8
Jul 10 21:24:25 kria kernel: ---[ end trace 0000000000000012 ]---
Jul 10 21:24:25 kria kernel: ------------[ cut here ]------------
Jul 10 21:24:25 kria kernel: WARNING: CPU: 2 PID: 2653 at arch/arm64/kernel/fpsimd.c:204 put_cpu_fpsimd_context+0x84/0x90
Jul 10 21:24:25 kria kernel: Modules linked in: xt_conntrack xt_MASQUERADE bridge xt_set ip_set nft_counter nft_chain_nat nf_nat nf_conntrack nf_defrag_ipv6 nf_defrag_ipv4 xt_addrtype nft_compat nf_tables nfnetlink al5e(C) al5d(C) ap1302 allegro(C) zocl i2c_mux_pca954x xlnx_vcu binfmt_misc hid_sensor_gyro_3d hid_sensor_accel_3d hid_sensor_trigger hid_sensor_iio_common ina260_adc tpm_tis_spi uio_pdrv_genirq sch_fq_codel dm_multipath scsi_dh_rdac scsi_dh_emc scsi_dh_alua usb5744 dmaproxy(C) efi_pstore ip_tables x_tables autofs4 raid10 raid456 async_raid6_recov async_memcpy async_pq async_xor async_tx raid1 raid0 multipath linear hid_sensor_custom hid_sensor_hub usbhid da9121_regulator rtc_zynqmp spi_zynqmp_gqspi i2c_cadence crct10dif_ce aes_neon_bs aes_neon_blk aes_ce_blk crypto_simd cryptd aes_ce_cipher
Jul 10 21:24:25 kria kernel: CPU: 2 PID: 2653 Comm: 5 Tainted: G        WC        5.15.199-rt91-rt-kria #1
Jul 10 21:24:25 kria kernel: Hardware name: ZynqMP KV260 revB (DT)
Jul 10 21:24:25 kria kernel: pstate: 60400005 (nZCv daif +PAN -UAO -TCO -DIT -SSBS BTYPE=--)
Jul 10 21:24:25 kria kernel: pc : put_cpu_fpsimd_context+0x84/0x90
Jul 10 21:24:25 kria kernel: lr : fpsimd_restore_current_state+0x9c/0xc4
Jul 10 21:24:25 kria kernel: sp : ffff80000e413d00
Jul 10 21:24:25 kria kernel: x29: ffff80000e413d00 x28: 000000000000000c x27: 0000000000000000
Jul 10 21:24:25 kria kernel: x26: 0000000000000000 x25: 0000000000000000 x24: 0000000000000000
Jul 10 21:24:25 kria kernel: x23: ffff0a898a59d140 x22: 0000000045585401 x21: ffff0a898a59d978
Jul 10 21:24:25 kria kernel: x20: ffff0a898a59d140 x19: ffff80000e413eb0 x18: 000000005eaf7e47
Jul 10 21:24:25 kria kernel: x17: 000000000000001c x16: 0000000008ab643e x15: 00000000e6df77b1
Jul 10 21:24:25 kria kernel: x14: ffffc0f4e79da550 x13: 0000000058ade4a8 x12: ffffc0f4e6e7e1b8
Jul 10 21:24:25 kria kernel: x11: 00000000000000c0 x10: 0000000000000be0 x9 : ffffc0f4e56180fc
Jul 10 21:24:25 kria kernel: x8 : 0000000000000000 x7 : 0000000000000006 x6 : 000000006e1164d5
Jul 10 21:24:25 kria kernel: x5 : 00000000410fd030 x4 : 0000000000000000 x3 : ffff0a898a59dfb0
Jul 10 21:24:25 kria kernel: x2 : 0000000000000000 x1 : ffff4994d8496000 x0 : ffffc0f4e72da098
Jul 10 21:24:25 kria kernel: Call trace:
Jul 10 21:24:25 kria kernel:  put_cpu_fpsimd_context+0x84/0x90
Jul 10 21:24:25 kria kernel:  fpsimd_restore_current_state+0x9c/0xc4
Jul 10 21:24:25 kria kernel:  do_notify_resume+0x1bc/0x15e0
Jul 10 21:24:25 kria kernel:  el0_svc+0x4c/0xb0
Jul 10 21:24:25 kria kernel:  el0t_64_sync_handler+0xa4/0x12c
Jul 10 21:24:25 kria kernel:  el0t_64_sync+0x1a4/0x1a8
Jul 10 21:24:25 kria kernel: ---[ end trace 0000000000000013 ]---
Jul 10 21:24:28 kria kernel: ------------[ cut here ]------------
Jul 10 21:24:28 kria kernel: WARNING: CPU: 2 PID: 2653 at arch/arm64/kernel/fpsimd.c:318 task_fpsimd_load+0xb4/0xfc
Jul 10 21:24:28 kria kernel: Modules linked in: xt_conntrack xt_MASQUERADE bridge xt_set ip_set nft_counter nft_chain_nat nf_nat nf_conntrack nf_defrag_ipv6 nf_defrag_ipv4 xt_addrtype nft_compat nf_tables nfnetlink al5e(C) al5d(C) ap1302 allegro(C) zocl i2c_mux_pca954x xlnx_vcu binfmt_misc hid_sensor_gyro_3d hid_sensor_accel_3d hid_sensor_trigger hid_sensor_iio_common ina260_adc tpm_tis_spi uio_pdrv_genirq sch_fq_codel dm_multipath scsi_dh_rdac scsi_dh_emc scsi_dh_alua usb5744 dmaproxy(C) efi_pstore ip_tables x_tables autofs4 raid10 raid456 async_raid6_recov async_memcpy async_pq async_xor async_tx raid1 raid0 multipath linear hid_sensor_custom hid_sensor_hub usbhid da9121_regulator rtc_zynqmp spi_zynqmp_gqspi i2c_cadence crct10dif_ce aes_neon_bs aes_neon_blk aes_ce_blk crypto_simd cryptd aes_ce_cipher
Jul 10 21:24:28 kria kernel: CPU: 2 PID: 2653 Comm: 5 Tainted: G        WC        5.15.199-rt91-rt-kria #1
Jul 10 21:24:28 kria kernel: Hardware name: ZynqMP KV260 revB (DT)
Jul 10 21:24:28 kria kernel: pstate: 40400005 (nZcv daif +PAN -UAO -TCO -DIT -SSBS BTYPE=--)
Jul 10 21:24:28 kria kernel: pc : task_fpsimd_load+0xb4/0xfc
Jul 10 21:24:28 kria kernel: lr : task_fpsimd_load+0x20/0xfc
Jul 10 21:24:28 kria kernel: sp : ffff80000e413d00
Jul 10 21:24:28 kria kernel: x29: ffff80000e413d00 x28: 000000000000000c x27: 0000000000000000
Jul 10 21:24:28 kria kernel: x26: 0000000000000000 x25: 0000000000000000 x24: 0000000000000000
Jul 10 21:24:28 kria kernel: x23: ffff0a898a59d140 x22: 0000000045585401 x21: ffff0a898a59d978
Jul 10 21:24:28 kria kernel: x20: ffff0a898a59d140 x19: ffff80000e413eb0 x18: 000000005eaf7e47
Jul 10 21:24:28 kria kernel: x17: 000000000000001c x16: 0000000008ab643e x15: 00000000e6df77b1
Jul 10 21:24:28 kria kernel: x14: ffffc0f4e79da550 x13: 0000000058ade4a8 x12: ffffc0f4e6e7e1b8
Jul 10 21:24:28 kria kernel: x11: 00000000000000c0 x10: 0000000000000be0 x9 : ffffc0f4e56174f4
Jul 10 21:24:28 kria kernel: x8 : 0000000000000000 x7 : 0000000000000006 x6 : 000000006e1164d5
Jul 10 21:24:28 kria kernel: x5 : 00000000410fd030 x4 : 0000000000000000 x3 : 0000000000000000
Jul 10 21:24:28 kria kernel: x2 : 0000000000000008 x1 : 0000000000000000 x0 : 0000000000000000
Jul 10 21:24:28 kria kernel: Call trace:
Jul 10 21:24:28 kria kernel:  task_fpsimd_load+0xb4/0xfc
Jul 10 21:24:28 kria kernel:  fpsimd_restore_current_state+0x94/0xc4
Jul 10 21:24:28 kria kernel:  do_notify_resume+0x1bc/0x15e0
Jul 10 21:24:28 kria kernel:  el0_svc+0x4c/0xb0
Jul 10 21:24:28 kria kernel:  el0t_64_sync_handler+0xa4/0x12c
Jul 10 21:24:28 kria kernel:  el0t_64_sync+0x1a4/0x1a8
Jul 10 21:24:28 kria kernel: ---[ end trace 0000000000000014 ]---
Jul 10 21:24:28 kria kernel: ------------[ cut here ]------------
Jul 10 21:24:28 kria kernel: WARNING: CPU: 2 PID: 2653 at arch/arm64/kernel/fpsimd.c:173 __get_cpu_fpsimd_context+0x34/0x40
Jul 10 21:24:28 kria kernel: Modules linked in: xt_conntrack xt_MASQUERADE bridge xt_set ip_set nft_counter nft_chain_nat nf_nat nf_conntrack nf_defrag_ipv6 nf_defrag_ipv4 xt_addrtype nft_compat nf_tables nfnetlink al5e(C) al5d(C) ap1302 allegro(C) zocl i2c_mux_pca954x xlnx_vcu binfmt_misc hid_sensor_gyro_3d hid_sensor_accel_3d hid_sensor_trigger hid_sensor_iio_common ina260_adc tpm_tis_spi uio_pdrv_genirq sch_fq_codel dm_multipath scsi_dh_rdac scsi_dh_emc scsi_dh_alua usb5744 dmaproxy(C) efi_pstore ip_tables x_tables autofs4 raid10 raid456 async_raid6_recov async_memcpy async_pq async_xor async_tx raid1 raid0 multipath linear hid_sensor_custom hid_sensor_hub usbhid da9121_regulator rtc_zynqmp spi_zynqmp_gqspi i2c_cadence crct10dif_ce aes_neon_bs aes_neon_blk aes_ce_blk crypto_simd cryptd aes_ce_cipher
Jul 10 21:24:28 kria kernel: CPU: 2 PID: 2653 Comm: 5 Tainted: G        WC        5.15.199-rt91-rt-kria #1
Jul 10 21:24:28 kria kernel: Hardware name: ZynqMP KV260 revB (DT)
Jul 10 21:24:28 kria kernel: pstate: 804000c5 (Nzcv daIF +PAN -UAO -TCO -DIT -SSBS BTYPE=--)
Jul 10 21:24:28 kria kernel: pc : __get_cpu_fpsimd_context+0x34/0x40
Jul 10 21:24:28 kria kernel: lr : fpsimd_thread_switch+0x28/0xf4
Jul 10 21:24:28 kria kernel: sp : ffff80000e413a40
Jul 10 21:24:28 kria kernel: x29: ffff80000e413a40 x28: ffffc0f4e702e000 x27: ffff0a894f2a0000
Jul 10 21:24:28 kria kernel: x26: ffff0a898a59d140 x25: 0000000000000000 x24: ffff0a89bf7834c0
Jul 10 21:24:28 kria kernel: x23: 0000000040400005 x22: ffff0a898a59d140 x21: ffff80000e413ae8
Jul 10 21:24:28 kria kernel: x20: ffff0a898a59d140 x19: ffff0a894f2a0000 x18: 0000000000000000
Jul 10 21:24:28 kria kernel: x17: 0000000000000000 x16: 0000000000000000 x15: 000000000000001b
Jul 10 21:24:28 kria kernel: x14: ffffc0f4e697d030 x13: 000000000000001d x12: ffffc0f4e6e7e1b8
Jul 10 21:24:28 kria kernel: x11: ffffc0f4e77e78c0 x10: 0000000000000008 x9 : ffffc0f4e5617e58
Jul 10 21:24:28 kria kernel: x8 : 0000000000000001 x7 : 00000000000ee9c2 x6 : 000000006e1164d5
Jul 10 21:24:28 kria kernel: x5 : 0000000000000000 x4 : ffff0a89bf7718a8 x3 : 0000000000000001
Jul 10 21:24:28 kria kernel: x2 : 0000000000000001 x1 : ffff4994d8496000 x0 : ffffc0f4e72da098
Jul 10 21:24:28 kria kernel: Call trace:
Jul 10 21:24:28 kria kernel:  __get_cpu_fpsimd_context+0x34/0x40
Jul 10 21:24:28 kria kernel:  __switch_to+0x20/0x140
Jul 10 21:24:28 kria kernel:  __schedule+0x928/0x13f0
Jul 10 21:24:28 kria kernel:  preempt_schedule_irq+0x50/0xc0
Jul 10 21:24:28 kria kernel:  el1_interrupt+0x64/0xa0
Jul 10 21:24:28 kria kernel:  el1h_64_irq_handler+0x18/0x2c
Jul 10 21:24:28 kria kernel:  el1h_64_irq+0x7c/0x80
Jul 10 21:24:28 kria kernel:  task_fpsimd_load+0xb8/0xfc
Jul 10 21:24:28 kria kernel:  fpsimd_restore_current_state+0x94/0xc4
Jul 10 21:24:28 kria kernel:  do_notify_resume+0x1bc/0x15e0
Jul 10 21:24:28 kria kernel:  el0_svc+0x4c/0xb0
Jul 10 21:24:28 kria kernel:  el0t_64_sync_handler+0xa4/0x12c
Jul 10 21:24:28 kria kernel:  el0t_64_sync+0x1a4/0x1a8
Jul 10 21:24:28 kria kernel: ---[ end trace 0000000000000015 ]---
Jul 10 21:24:28 kria kernel: ------------[ cut here ]------------
Jul 10 21:24:28 kria kernel: WARNING: CPU: 3 PID: 2653 at arch/arm64/kernel/fpsimd.c:204 put_cpu_fpsimd_context+0x84/0x90
Jul 10 21:24:28 kria kernel: Modules linked in: xt_conntrack xt_MASQUERADE bridge xt_set ip_set nft_counter nft_chain_nat nf_nat nf_conntrack nf_defrag_ipv6 nf_defrag_ipv4 xt_addrtype nft_compat nf_tables nfnetlink al5e(C) al5d(C) ap1302 allegro(C) zocl i2c_mux_pca954x xlnx_vcu binfmt_misc hid_sensor_gyro_3d hid_sensor_accel_3d hid_sensor_trigger hid_sensor_iio_common ina260_adc tpm_tis_spi uio_pdrv_genirq sch_fq_codel dm_multipath scsi_dh_rdac scsi_dh_emc scsi_dh_alua usb5744 dmaproxy(C) efi_pstore ip_tables x_tables autofs4 raid10 raid456 async_raid6_recov async_memcpy async_pq async_xor async_tx raid1 raid0 multipath linear hid_sensor_custom hid_sensor_hub usbhid da9121_regulator rtc_zynqmp spi_zynqmp_gqspi i2c_cadence crct10dif_ce aes_neon_bs aes_neon_blk aes_ce_blk crypto_simd cryptd aes_ce_cipher
Jul 10 21:24:28 kria kernel: CPU: 3 PID: 2653 Comm: 5 Tainted: G        WC        5.15.199-rt91-rt-kria #1
Jul 10 21:24:28 kria kernel: Hardware name: ZynqMP KV260 revB (DT)
Jul 10 21:24:28 kria kernel: pstate: 60400005 (nZCv daif +PAN -UAO -TCO -DIT -SSBS BTYPE=--)
Jul 10 21:24:28 kria kernel: pc : put_cpu_fpsimd_context+0x84/0x90
Jul 10 21:24:28 kria kernel: lr : fpsimd_restore_current_state+0x9c/0xc4
Jul 10 21:24:28 kria kernel: sp : ffff80000e413d00
Jul 10 21:24:28 kria kernel: x29: ffff80000e413d00 x28: 000000000000000c x27: 0000000000000000
Jul 10 21:24:28 kria kernel: x26: 0000000000000000 x25: 0000000000000000 x24: 0000000000000000
Jul 10 21:24:28 kria kernel: x23: ffff0a898a59d140 x22: 0000000045585401 x21: ffff0a898a59d978
Jul 10 21:24:28 kria kernel: x20: ffff0a898a59d140 x19: ffff80000e413eb0 x18: 000000005eaf7e47
Jul 10 21:24:28 kria kernel: x17: 000000000000001c x16: 0000000008ab643e x15: 00000000e6df77b1
Jul 10 21:24:28 kria kernel: x14: ffffc0f4e79da550 x13: 0000000058ade4a8 x12: ffffc0f4e6e7e1b8
Jul 10 21:24:28 kria kernel: x11: 00000000000000c0 x10: 0000000000000be0 x9 : ffffc0f4e56180fc
Jul 10 21:24:28 kria kernel: x8 : 0000000000000000 x7 : 0000000000000006 x6 : 000000006e1164d5
Jul 10 21:24:28 kria kernel: x5 : 00000000410fd030 x4 : 0000000000000000 x3 : ffff0a898a59dfb0
Jul 10 21:24:28 kria kernel: x2 : 0000000000000000 x1 : ffff4994d84b4000 x0 : ffffc0f4e72da098
Jul 10 21:24:28 kria kernel: Call trace:
Jul 10 21:24:28 kria kernel:  put_cpu_fpsimd_context+0x84/0x90
Jul 10 21:24:28 kria kernel:  fpsimd_restore_current_state+0x9c/0xc4
Jul 10 21:24:28 kria kernel:  do_notify_resume+0x1bc/0x15e0
Jul 10 21:24:28 kria kernel:  el0_svc+0x4c/0xb0
Jul 10 21:24:28 kria kernel:  el0t_64_sync_handler+0xa4/0x12c
Jul 10 21:24:28 kria kernel:  el0t_64_sync+0x1a4/0x1a8
Jul 10 21:24:28 kria kernel: ---[ end trace 0000000000000016 ]---
Jul 10 21:24:31 kria kernel: ------------[ cut here ]------------
Jul 10 21:24:31 kria kernel: WARNING: CPU: 2 PID: 2653 at arch/arm64/kernel/fpsimd.c:318 task_fpsimd_load+0xb4/0xfc
Jul 10 21:24:31 kria kernel: Modules linked in: xt_conntrack xt_MASQUERADE bridge xt_set ip_set nft_counter nft_chain_nat nf_nat nf_conntrack nf_defrag_ipv6 nf_defrag_ipv4 xt_addrtype nft_compat nf_tables nfnetlink al5e(C) al5d(C) ap1302 allegro(C) zocl i2c_mux_pca954x xlnx_vcu binfmt_misc hid_sensor_gyro_3d hid_sensor_accel_3d hid_sensor_trigger hid_sensor_iio_common ina260_adc tpm_tis_spi uio_pdrv_genirq sch_fq_codel dm_multipath scsi_dh_rdac scsi_dh_emc scsi_dh_alua usb5744 dmaproxy(C) efi_pstore ip_tables x_tables autofs4 raid10 raid456 async_raid6_recov async_memcpy async_pq async_xor async_tx raid1 raid0 multipath linear hid_sensor_custom hid_sensor_hub usbhid da9121_regulator rtc_zynqmp spi_zynqmp_gqspi i2c_cadence crct10dif_ce aes_neon_bs aes_neon_blk aes_ce_blk crypto_simd cryptd aes_ce_cipher
Jul 10 21:24:31 kria kernel: CPU: 2 PID: 2653 Comm: 5 Tainted: G        WC        5.15.199-rt91-rt-kria #1
Jul 10 21:24:31 kria kernel: Hardware name: ZynqMP KV260 revB (DT)
Jul 10 21:24:31 kria kernel: pstate: 40400005 (nZcv daif +PAN -UAO -TCO -DIT -SSBS BTYPE=--)
Jul 10 21:24:31 kria kernel: pc : task_fpsimd_load+0xb4/0xfc
Jul 10 21:24:31 kria kernel: lr : task_fpsimd_load+0x20/0xfc
Jul 10 21:24:31 kria kernel: sp : ffff80000e413d00
Jul 10 21:24:31 kria kernel: x29: ffff80000e413d00 x28: 000000000000000c x27: 0000000000000000
Jul 10 21:24:31 kria kernel: x26: 0000000000000000 x25: 0000000000000000 x24: 0000000000000000
Jul 10 21:24:31 kria kernel: x23: ffff0a898a59d140 x22: 0000000045585401 x21: ffff0a898a59d978
Jul 10 21:24:31 kria kernel: x20: ffff0a898a59d140 x19: ffff80000e413eb0 x18: 000000005eaf7e47
Jul 10 21:24:31 kria kernel: x17: 000000000000001c x16: 0000000008ab643e x15: 00000000e6df77b1
Jul 10 21:24:31 kria kernel: x14: ffffc0f4e79da550 x13: 0000000058ade4a8 x12: ffffc0f4e6e7e1b8
Jul 10 21:24:31 kria kernel: x11: 00000000000000c0 x10: 0000000000000be0 x9 : ffffc0f4e56174f4
Jul 10 21:24:31 kria kernel: x8 : 0000000000000000 x7 : 0000000000000006 x6 : 000000006e1164d5
Jul 10 21:24:31 kria kernel: x5 : 00000000410fd030 x4 : 0000000000000000 x3 : 0000000000000000
Jul 10 21:24:31 kria kernel: x2 : 0000000000000008 x1 : 0000000000000000 x0 : 0000000000000000
Jul 10 21:24:31 kria kernel: Call trace:
Jul 10 21:24:31 kria kernel:  task_fpsimd_load+0xb4/0xfc
Jul 10 21:24:31 kria kernel:  fpsimd_restore_current_state+0x94/0xc4
Jul 10 21:24:31 kria kernel:  do_notify_resume+0x1bc/0x15e0
Jul 10 21:24:31 kria kernel:  el0_svc+0x4c/0xb0
Jul 10 21:24:31 kria kernel:  el0t_64_sync_handler+0xa4/0x12c
Jul 10 21:24:31 kria kernel:  el0t_64_sync+0x1a4/0x1a8
Jul 10 21:24:31 kria kernel: ---[ end trace 0000000000000017 ]---
Jul 10 21:24:31 kria kernel: ------------[ cut here ]------------
Jul 10 21:24:31 kria kernel: WARNING: CPU: 2 PID: 2653 at arch/arm64/kernel/fpsimd.c:173 __get_cpu_fpsimd_context+0x34/0x40
Jul 10 21:24:31 kria kernel: Modules linked in: xt_conntrack xt_MASQUERADE bridge xt_set ip_set nft_counter nft_chain_nat nf_nat nf_conntrack nf_defrag_ipv6 nf_defrag_ipv4 xt_addrtype nft_compat nf_tables nfnetlink al5e(C) al5d(C) ap1302 allegro(C) zocl i2c_mux_pca954x xlnx_vcu binfmt_misc hid_sensor_gyro_3d hid_sensor_accel_3d hid_sensor_trigger hid_sensor_iio_common ina260_adc tpm_tis_spi uio_pdrv_genirq sch_fq_codel dm_multipath scsi_dh_rdac scsi_dh_emc scsi_dh_alua usb5744 dmaproxy(C) efi_pstore ip_tables x_tables autofs4 raid10 raid456 async_raid6_recov async_memcpy async_pq async_xor async_tx raid1 raid0 multipath linear hid_sensor_custom hid_sensor_hub usbhid da9121_regulator rtc_zynqmp spi_zynqmp_gqspi i2c_cadence crct10dif_ce aes_neon_bs aes_neon_blk aes_ce_blk crypto_simd cryptd aes_ce_cipher
Jul 10 21:24:31 kria kernel: CPU: 2 PID: 2653 Comm: 5 Tainted: G        WC        5.15.199-rt91-rt-kria #1
Jul 10 21:24:31 kria kernel: Hardware name: ZynqMP KV260 revB (DT)
Jul 10 21:24:31 kria kernel: pstate: 804000c5 (Nzcv daIF +PAN -UAO -TCO -DIT -SSBS BTYPE=--)
Jul 10 21:24:31 kria kernel: pc : __get_cpu_fpsimd_context+0x34/0x40
Jul 10 21:24:31 kria kernel: lr : fpsimd_thread_switch+0x28/0xf4
Jul 10 21:24:31 kria kernel: sp : ffff80000e413a40
Jul 10 21:24:31 kria kernel: x29: ffff80000e413a40 x28: ffffc0f4e702e000 x27: ffff0a894035a080
Jul 10 21:24:31 kria kernel: x26: ffff0a898a59d140 x25: 0000000000000000 x24: ffff0a89bf7834c0
Jul 10 21:24:31 kria kernel: x23: 0000000040400005 x22: ffff0a898a59d140 x21: ffff80000e413ae8
Jul 10 21:24:31 kria kernel: x20: ffff0a898a59d140 x19: ffff0a894035a080 x18: 0000000000000000
Jul 10 21:24:31 kria kernel: x17: 0000000000000000 x16: 000000000000001d x15: ffffc0f4e697d030
Jul 10 21:24:31 kria kernel: x14: 000000000000001d x13: 0000000000000000 x12: ffffc0f4e6e7e1b8
Jul 10 21:24:31 kria kernel: x11: ffffc0f4e77e78c0 x10: 0000000000000008 x9 : ffffc0f4e5617e58
Jul 10 21:24:31 kria kernel: x8 : 0000000000000001 x7 : 0000000000000002 x6 : 000000006e1164d5
Jul 10 21:24:31 kria kernel: x5 : 0000000000000000 x4 : ffffc0f4e780ce90 x3 : 0000000000000001
Jul 10 21:24:31 kria kernel: x2 : 0000000000000001 x1 : ffff4994d8496000 x0 : ffffc0f4e72da098
Jul 10 21:24:31 kria kernel: Call trace:
Jul 10 21:24:31 kria kernel:  __get_cpu_fpsimd_context+0x34/0x40
Jul 10 21:24:31 kria kernel:  __switch_to+0x20/0x140
Jul 10 21:24:31 kria kernel:  __schedule+0x928/0x13f0
Jul 10 21:24:31 kria kernel:  preempt_schedule_irq+0x50/0xc0
Jul 10 21:24:31 kria kernel:  el1_interrupt+0x64/0xa0
Jul 10 21:24:31 kria kernel:  el1h_64_irq_handler+0x18/0x2c
Jul 10 21:24:31 kria kernel:  el1h_64_irq+0x7c/0x80
Jul 10 21:24:31 kria kernel:  task_fpsimd_load+0xb8/0xfc
Jul 10 21:24:31 kria kernel:  fpsimd_restore_current_state+0x94/0xc4
Jul 10 21:24:31 kria kernel:  do_notify_resume+0x1bc/0x15e0
Jul 10 21:24:31 kria kernel:  el0_svc+0x4c/0xb0
Jul 10 21:24:31 kria kernel:  el0t_64_sync_handler+0xa4/0x12c
Jul 10 21:24:31 kria kernel:  el0t_64_sync+0x1a4/0x1a8
Jul 10 21:24:31 kria kernel: ---[ end trace 0000000000000018 ]---
Jul 10 21:24:31 kria kernel: ------------[ cut here ]------------
Jul 10 21:24:31 kria kernel: WARNING: CPU: 3 PID: 2653 at arch/arm64/kernel/fpsimd.c:204 put_cpu_fpsimd_context+0x84/0x90
Jul 10 21:24:31 kria kernel: Modules linked in: xt_conntrack xt_MASQUERADE bridge xt_set ip_set nft_counter nft_chain_nat nf_nat nf_conntrack nf_defrag_ipv6 nf_defrag_ipv4 xt_addrtype nft_compat nf_tables nfnetlink al5e(C) al5d(C) ap1302 allegro(C) zocl i2c_mux_pca954x xlnx_vcu binfmt_misc hid_sensor_gyro_3d hid_sensor_accel_3d hid_sensor_trigger hid_sensor_iio_common ina260_adc tpm_tis_spi uio_pdrv_genirq sch_fq_codel dm_multipath scsi_dh_rdac scsi_dh_emc scsi_dh_alua usb5744 dmaproxy(C) efi_pstore ip_tables x_tables autofs4 raid10 raid456 async_raid6_recov async_memcpy async_pq async_xor async_tx raid1 raid0 multipath linear hid_sensor_custom hid_sensor_hub usbhid da9121_regulator rtc_zynqmp spi_zynqmp_gqspi i2c_cadence crct10dif_ce aes_neon_bs aes_neon_blk aes_ce_blk crypto_simd cryptd aes_ce_cipher
Jul 10 21:24:31 kria kernel: CPU: 3 PID: 2653 Comm: 5 Tainted: G        WC        5.15.199-rt91-rt-kria #1
Jul 10 21:24:31 kria kernel: Hardware name: ZynqMP KV260 revB (DT)
Jul 10 21:24:31 kria kernel: pstate: 60400005 (nZCv daif +PAN -UAO -TCO -DIT -SSBS BTYPE=--)
Jul 10 21:24:31 kria kernel: pc : put_cpu_fpsimd_context+0x84/0x90
Jul 10 21:24:31 kria kernel: lr : fpsimd_restore_current_state+0x9c/0xc4
Jul 10 21:24:31 kria kernel: sp : ffff80000e413d00
Jul 10 21:24:31 kria kernel: x29: ffff80000e413d00 x28: 000000000000000c x27: 0000000000000000
Jul 10 21:24:31 kria kernel: x26: 0000000000000000 x25: 0000000000000000 x24: 0000000000000000
Jul 10 21:24:31 kria kernel: x23: ffff0a898a59d140 x22: 0000000045585401 x21: ffff0a898a59d978
Jul 10 21:24:31 kria kernel: x20: ffff0a898a59d140 x19: ffff80000e413eb0 x18: 000000005eaf7e47
Jul 10 21:24:31 kria kernel: x17: 000000000000001c x16: 0000000008ab643e x15: 00000000e6df77b1
Jul 10 21:24:31 kria kernel: x14: ffffc0f4e79da550 x13: 0000000058ade4a8 x12: ffffc0f4e6e7e1b8
Jul 10 21:24:31 kria kernel: x11: 00000000000000c0 x10: 0000000000000be0 x9 : ffffc0f4e56180fc
Jul 10 21:24:31 kria kernel: x8 : 0000000000000000 x7 : 0000000000000006 x6 : 000000006e1164d5
Jul 10 21:24:31 kria kernel: x5 : 00000000410fd030 x4 : 0000000000000000 x3 : ffff0a898a59dfb0
Jul 10 21:24:31 kria kernel: x2 : 0000000000000000 x1 : ffff4994d84b4000 x0 : ffffc0f4e72da098
Jul 10 21:24:31 kria kernel: Call trace:
Jul 10 21:24:31 kria kernel:  put_cpu_fpsimd_context+0x84/0x90
Jul 10 21:24:31 kria kernel:  fpsimd_restore_current_state+0x9c/0xc4
Jul 10 21:24:31 kria kernel:  do_notify_resume+0x1bc/0x15e0
Jul 10 21:24:31 kria kernel:  el0_svc+0x4c/0xb0
Jul 10 21:24:31 kria kernel:  el0t_64_sync_handler+0xa4/0x12c
Jul 10 21:24:31 kria kernel:  el0t_64_sync+0x1a4/0x1a8
Jul 10 21:24:31 kria kernel: ---[ end trace 0000000000000019 ]---
Jul 10 21:24:32 kria kernel: ------------[ cut here ]------------
Jul 10 21:24:32 kria kernel: WARNING: CPU: 2 PID: 2653 at arch/arm64/kernel/fpsimd.c:318 task_fpsimd_load+0xb4/0xfc
Jul 10 21:24:32 kria kernel: Modules linked in: xt_conntrack xt_MASQUERADE bridge xt_set ip_set nft_counter nft_chain_nat nf_nat nf_conntrack nf_defrag_ipv6 nf_defrag_ipv4 xt_addrtype nft_compat nf_tables nfnetlink al5e(C) al5d(C) ap1302 allegro(C) zocl i2c_mux_pca954x xlnx_vcu binfmt_misc hid_sensor_gyro_3d hid_sensor_accel_3d hid_sensor_trigger hid_sensor_iio_common ina260_adc tpm_tis_spi uio_pdrv_genirq sch_fq_codel dm_multipath scsi_dh_rdac scsi_dh_emc scsi_dh_alua usb5744 dmaproxy(C) efi_pstore ip_tables x_tables autofs4 raid10 raid456 async_raid6_recov async_memcpy async_pq async_xor async_tx raid1 raid0 multipath linear hid_sensor_custom hid_sensor_hub usbhid da9121_regulator rtc_zynqmp spi_zynqmp_gqspi i2c_cadence crct10dif_ce aes_neon_bs aes_neon_blk aes_ce_blk crypto_simd cryptd aes_ce_cipher
Jul 10 21:24:32 kria kernel: CPU: 2 PID: 2653 Comm: 5 Tainted: G        WC        5.15.199-rt91-rt-kria #1
Jul 10 21:24:32 kria kernel: Hardware name: ZynqMP KV260 revB (DT)
Jul 10 21:24:32 kria kernel: pstate: 40400005 (nZcv daif +PAN -UAO -TCO -DIT -SSBS BTYPE=--)
Jul 10 21:24:32 kria kernel: pc : task_fpsimd_load+0xb4/0xfc
Jul 10 21:24:32 kria kernel: lr : task_fpsimd_load+0x20/0xfc
Jul 10 21:24:32 kria kernel: sp : ffff80000e413d00
Jul 10 21:24:32 kria kernel: x29: ffff80000e413d00 x28: 000000000000000c x27: 0000000000000000
Jul 10 21:24:32 kria kernel: x26: 0000000000000000 x25: 0000000000000000 x24: 0000000000000000
Jul 10 21:24:32 kria kernel: x23: ffff0a898a59d140 x22: 0000000045585401 x21: ffff0a898a59d978
Jul 10 21:24:32 kria kernel: x20: ffff0a898a59d140 x19: ffff80000e413eb0 x18: 000000005eaf7e47
Jul 10 21:24:32 kria kernel: x17: 000000000000001c x16: 0000000008ab643e x15: 00000000e6df77b1
Jul 10 21:24:32 kria kernel: x14: ffffc0f4e79da550 x13: 0000000058ade4a8 x12: ffffc0f4e6e7e1b8
Jul 10 21:24:32 kria kernel: x11: 00000000000000c0 x10: 0000000000000be0 x9 : ffffc0f4e56174f4
Jul 10 21:24:32 kria kernel: x8 : 0000000000000000 x7 : 0000000000000006 x6 : 000000006e1164d5
Jul 10 21:24:32 kria kernel: x5 : 00000000410fd030 x4 : 0000000000000000 x3 : 0000000000000000
Jul 10 21:24:32 kria kernel: x2 : 0000000000000008 x1 : 0000000000000000 x0 : 0000000000000000
Jul 10 21:24:32 kria kernel: Call trace:
Jul 10 21:24:32 kria kernel:  task_fpsimd_load+0xb4/0xfc
Jul 10 21:24:32 kria kernel:  fpsimd_restore_current_state+0x94/0xc4
Jul 10 21:24:32 kria kernel:  do_notify_resume+0x1bc/0x15e0
Jul 10 21:24:32 kria kernel:  el0_svc+0x4c/0xb0
Jul 10 21:24:32 kria kernel:  el0t_64_sync_handler+0xa4/0x12c
Jul 10 21:24:32 kria kernel:  el0t_64_sync+0x1a4/0x1a8
Jul 10 21:24:32 kria kernel: ---[ end trace 000000000000001a ]---
