Jul 14 23:21:08 kernel:  __might_resched+0x148/0x1ac
Jul 14 23:21:08 kernel:  rt_spin_lock+0x30/0xd0
Jul 14 23:21:08 kernel:  macb_start_xmit+0x178/0xb74
Jul 14 23:21:08 kernel:  netpoll_start_xmit+0x100/0x1c0
Jul 14 23:21:08 kernel:  netpoll_send_skb+0x1cc/0x2a0
Jul 14 23:21:08 kernel:  netpoll_send_udp+0x204/0x430
Jul 14 23:21:08 kernel:  write_msg+0xfc/0x12c [netconsole]
Jul 14 23:21:08 kernel:  printk_kthread_func+0x1f0/0x574
Jul 14 23:21:08 kernel:  kthread+0x16c/0x180
Jul 14 23:21:08 kernel:  ret_from_fork+0x10/0x20
Jul 14 23:26:03 kernel: usb 2-1.1: USB disconnect, device number 3
Jul 14 23:26:04 kernel: usb 2-1.1: new SuperSpeed USB device number 4 using xhci-hcd
Jul 14 23:26:04 kernel: usb 2-1.1: New USB device found, idVendor=8086, idProduct=0b3a, bcdDevice=51.10
Jul 14 23:26:04 kernel: usb 2-1.1: New USB device strings: Mfr=1, Product=2, SerialNumber=3
Jul 14 23:26:04 kernel: usb 2-1.1: Product: Intel(R) RealSense(TM) Depth Camera 435i
Jul 14 23:26:04 kernel: usb 2-1.1: Manufacturer: Intel(R) RealSense(TM) Depth Camera 435i
Jul 14 23:26:04 kernel: usb 2-1.1: SerialNumber: 134523060150
Jul 14 23:26:04 kernel: uvcvideo 2-1.1:1.1: Unknown video format 00000050-0000-0010-8000-00aa00389b71
Jul 14 23:26:04 kernel: usb 2-1.1: Found UVC 1.50 device Intel(R) RealSense(TM) Depth Camera 435i (8086:0b3a)
Jul 14 23:26:04 kernel: input: Intel(R) RealSense(TM) Depth Ca as /devices/platform/axi/ff9d0000.usb/fe200000.usb/xhci-hcd.0.auto/usb2/2-1/2-1.1/2-1.1:1.0/input/input2
Jul 14 23:26:04 kernel: uvcvideo 2-1.1:1.4: Unknown video format 36315752-1a66-a242-9065-d01814a8ef8a
Jul 14 23:26:04 kernel: usb 2-1.1: Found UVC 1.50 device Intel(R) RealSense(TM) Depth Camera 435i (8086:0b3a)
Jul 14 23:26:05 kernel: hid-sensor-hub 0003:8086:0B3A.0002: No report with id 0xffffffff found
Jul 14 23:26:08 kernel: usb 2-1.1: Failed to query (GET_CUR) UVC control 1 on unit 3: -32 (exp. 1024).
Jul 14 23:26:08 kernel: BUG: sleeping function called from invalid context at kernel/locking/spinlock_rt.c:46
Jul 14 23:26:08 kernel: in_atomic(): 0, irqs_disabled(): 128, non_block: 0, pid: 3436, name: pr/netcon0
Jul 14 23:26:08 kernel: preempt_count: 0, expected: 0
Jul 14 23:26:08 kernel: RCU nest depth: 3, expected: 3
Jul 14 23:26:08 kernel: CPU: 2 PID: 3436 Comm: pr/netcon0 Tainted: G        WC        5.15.199-rt91-rt-kv260b #8
Jul 14 23:26:08 kernel: Hardware name: ZynqMP KV260 revB (DT)
Jul 14 23:26:08 kernel: Call trace:
Jul 14 23:26:08 kernel:  dump_backtrace+0x0/0x1f0
Jul 14 23:26:08 kernel:  show_stack+0x18/0x24
Jul 14 23:26:08 kernel:  dump_stack_lvl+0x68/0x84
Jul 14 23:26:08 kernel:  dump_stack+0x18/0x34
Jul 14 23:26:08 kernel:  __might_resched+0x148/0x1ac
Jul 14 23:26:08 kernel:  rt_spin_lock+0x30/0xd0
Jul 14 23:26:08 kernel:  macb_start_xmit+0x178/0xb74
Jul 14 23:26:08 kernel:  netpoll_start_xmit+0x100/0x1c0
Jul 14 23:26:08 kernel:  netpoll_send_skb+0x1cc/0x2a0
Jul 14 23:26:08 kernel:  netpoll_send_udp+0x204/0x430
Jul 14 23:26:08 kernel:  write_msg+0xfc/0x12c [netconsole]
Jul 14 23:26:08 kernel:  printk_kthread_func+0x1f0/0x574
Jul 14 23:26:08 kernel:  kthread+0x16c/0x180
Jul 14 23:26:08 kernel:  ret_from_fork+0x10/0x20
Jul 14 23:26:09 kernel: usb 2-1.1: Failed to query (GET_CUR) UVC control 1 on unit 3: -32 (exp. 1024).
Jul 14 23:26:09 kernel: usb 2-1.1: Failed to query (GET_CUR) UVC control 1 on unit 3: -32 (exp. 1024).
Jul 14 23:26:09 kernel: usb 2-1.1: Failed to query (GET_CUR) UVC control 1 on unit 3: -32 (exp. 1024).
Jul 14 23:26:09 kernel: usb 2-1.1: Failed to query (GET_CUR) UVC control 1 on unit 3: -32 (exp. 1024).
Jul 14 23:26:09 kernel: usb 2-1.1: Failed to query (GET_CUR) UVC control 1 on unit 3: -32 (exp. 1024).
Jul 14 23:26:09 kernel: usb 2-1.1: Failed to query (GET_CUR) UVC control 1 on unit 3: -32 (exp. 1024).
Jul 14 23:26:09 kernel: usb 2-1.1: Failed to query (GET_CUR) UVC control 1 on unit 3: -32 (exp. 1024).
Jul 14 23:26:09 kernel: usb 2-1.1: Failed to query (GET_CUR) UVC control 1 on unit 3: -32 (exp. 1024).
Jul 14 23:26:09 kernel: usb 2-1.1: Failed to query (GET_CUR) UVC control 1 on unit 3: -32 (exp. 1024).
Jul 14 23:26:09 kernel: BUG: sleeping function called from invalid context at kernel/locking/spinlock_rt.c:46
Jul 14 23:26:09 kernel: in_atomic(): 0, irqs_disabled(): 128, non_block: 0, pid: 3436, name: pr/netcon0
Jul 14 23:26:09 kernel: preempt_count: 0, expected: 0
Jul 14 23:26:09 kernel: RCU nest depth: 3, expected: 3
Jul 14 23:26:09 kernel: CPU: 3 PID: 3436 Comm: pr/netcon0 Tainted: G        WC        5.15.199-rt91-rt-kv260b #8
Jul 14 23:26:09 kernel: Hardware name: ZynqMP KV260 revB (DT)
Jul 14 23:26:09 kernel: Call trace:
Jul 14 23:26:09 kernel:  dump_backtrace+0x0/0x1f0
Jul 14 23:26:09 kernel:  show_stack+0x18/0x24
Jul 14 23:26:09 kernel:  dump_stack_lvl+0x68/0x84
Jul 14 23:26:09 kernel:  dump_stack+0x18/0x34
Jul 14 23:26:09 kernel:  __might_resched+0x148/0x1ac
Jul 14 23:26:09 kernel:  rt_spin_lock+0x30/0xd0
Jul 14 23:26:09 kernel:  macb_start_xmit+0x178/0xb74
Jul 14 23:26:09 kernel:  netpoll_start_xmit+0x100/0x1c0
Jul 14 23:26:09 kernel:  netpoll_send_skb+0x1cc/0x2a0
Jul 14 23:26:09 kernel:  netpoll_send_udp+0x204/0x430
Jul 14 23:26:09 kernel:  write_msg+0xfc/0x12c [netconsole]
Jul 14 23:26:09 kernel:  printk_kthread_func+0x1f0/0x574
Jul 14 23:26:09 kernel:  kthread+0x16c/0x180
Jul 14 23:26:09 kernel:  ret_from_fork+0x10/0x20
Jul 14 23:26:10 kernel: usb 2-1.1: Failed to query (GET_CUR) UVC control 1 on unit 3: -32 (exp. 1024).
Jul 14 23:26:10 kernel: usb 2-1.1: Failed to query (GET_CUR) UVC control 1 on unit 3: -32 (exp. 1024).
Jul 14 23:26:10 kernel: usb 2-1.1: Failed to query (GET_CUR) UVC control 1 on unit 3: -32 (exp. 1024).
Jul 14 23:26:10 kernel: usb 2-1.1: Failed to query (GET_CUR) UVC control 1 on unit 3: -32 (exp. 1024).
Jul 14 23:26:10 kernel: usb 2-1.1: Failed to query (GET_CUR) UVC control 1 on unit 3: -32 (exp. 1024).
Jul 14 23:26:10 kernel: usb 2-1.1: Failed to query (GET_CUR) UVC control 1 on unit 3: -32 (exp. 1024).
Jul 14 23:26:10 kernel: usb 2-1.1: Failed to query (GET_CUR) UVC control 1 on unit 3: -32 (exp. 1024).
Jul 14 23:26:10 kernel: usb 2-1.1: Failed to query (GET_CUR) UVC control 1 on unit 3: -32 (exp. 1024).
Jul 14 23:26:10 kernel: usb 2-1.1: Failed to query (GET_CUR) UVC control 1 on unit 3: -32 (exp. 1024).
Jul 14 23:26:10 kernel: usb 2-1.1: Failed to query (GET_CUR) UVC control 1 on unit 3: -32 (exp. 1024).
Jul 14 23:26:11 kernel: usb 2-1.1: Failed to query (GET_CUR) UVC control 1 on unit 3: -32 (exp. 1024).
Jul 14 23:26:11 kernel: BUG: sleeping function called from invalid context at kernel/locking/spinlock_rt.c:46
Jul 14 23:26:11 kernel: in_atomic(): 0, irqs_disabled(): 128, non_block: 0, pid: 3436, name: pr/netcon0
Jul 14 23:26:11 kernel: preempt_count: 0, expected: 0
Jul 14 23:26:11 kernel: RCU nest depth: 3, expected: 3
Jul 14 23:26:11 kernel: CPU: 1 PID: 3436 Comm: pr/netcon0 Tainted: G        WC        5.15.199-rt91-rt-kv260b #8
Jul 14 23:26:11 kernel: Hardware name: ZynqMP KV260 revB (DT)
Jul 14 23:26:11 kernel: Call trace:
Jul 14 23:26:11 kernel:  dump_backtrace+0x0/0x1f0
Jul 14 23:26:11 kernel:  show_stack+0x18/0x24
Jul 14 23:26:11 kernel:  dump_stack_lvl+0x68/0x84
Jul 14 23:26:11 kernel:  dump_stack+0x18/0x34
Jul 14 23:26:11 kernel:  __might_resched+0x148/0x1ac
Jul 14 23:26:11 kernel:  rt_spin_lock+0x30/0xd0
Jul 14 23:26:11 kernel:  macb_start_xmit+0x178/0xb74
Jul 14 23:26:11 kernel:  netpoll_start_xmit+0x100/0x1c0
Jul 14 23:26:11 kernel:  netpoll_send_skb+0x1cc/0x2a0
Jul 14 23:26:11 kernel:  netpoll_send_udp+0x204/0x430
Jul 14 23:26:11 kernel:  write_msg+0xfc/0x12c [netconsole]
Jul 14 23:26:11 kernel:  printk_kthread_func+0x1f0/0x574
Jul 14 23:26:11 kernel:  kthread+0x16c/0x180
Jul 14 23:26:11 kernel:  ret_from_fork+0x10/0x20
Jul 14 23:26:13 kernel: usb 2-1.1: Failed to query (GET_CUR) UVC control 1 on unit 3: -32 (exp. 1024).
Jul 14 23:26:13 kernel: BUG: sleeping function called from invalid context at kernel/locking/spinlock_rt.c:46
Jul 14 23:26:13 kernel: in_atomic(): 0, irqs_disabled(): 128, non_block: 0, pid: 3436, name: pr/netcon0
Jul 14 23:26:13 kernel: preempt_count: 0, expected: 0
Jul 14 23:26:13 kernel: RCU nest depth: 3, expected: 3
Jul 14 23:26:13 kernel: CPU: 1 PID: 3436 Comm: pr/netcon0 Tainted: G        WC        5.15.199-rt91-rt-kv260b #8
Jul 14 23:26:13 kernel: Hardware name: ZynqMP KV260 revB (DT)
Jul 14 23:26:13 kernel: Call trace:
Jul 14 23:26:13 kernel:  dump_backtrace+0x0/0x1f0
Jul 14 23:26:13 kernel:  show_stack+0x18/0x24
Jul 14 23:26:13 kernel:  dump_stack_lvl+0x68/0x84
Jul 14 23:26:13 kernel:  dump_stack+0x18/0x34
Jul 14 23:26:13 kernel:  __might_resched+0x148/0x1ac
Jul 14 23:26:13 kernel:  rt_spin_lock+0x30/0xd0
Jul 14 23:26:13 kernel:  macb_start_xmit+0x178/0xb74
Jul 14 23:26:13 kernel:  netpoll_start_xmit+0x100/0x1c0
Jul 14 23:26:13 kernel:  netpoll_send_skb+0x1cc/0x2a0
Jul 14 23:26:13 kernel:  netpoll_send_udp+0x204/0x430
Jul 14 23:26:13 kernel:  write_msg+0xfc/0x12c [netconsole]
Jul 14 23:26:13 kernel:  printk_kthread_func+0x1f0/0x574
Jul 14 23:26:13 kernel:  kthread+0x16c/0x180
Jul 14 23:26:13 kernel:  ret_from_fork+0x10/0x20
Jul 14 23:26:16 kernel: zocl-drm axi:zyxclmm_drm: zocl_create_client: created KDS client for pid(4136), ret: 0
Jul 14 23:26:16 kernel: zocl-drm axi:zyxclmm_drm: zocl_destroy_client: client exits pid(4136)
Jul 14 23:26:16 kernel: zocl-drm axi:zyxclmm_drm: zocl_create_client: created KDS client for pid(4136), ret: 0
Jul 14 23:26:16 kernel: zocl-drm axi:zyxclmm_drm: zocl_destroy_client: client exits pid(4136)
Jul 14 23:26:16 kernel: zocl-drm axi:zyxclmm_drm: zocl_create_client: created KDS client for pid(4136), ret: 0
Jul 14 23:26:16 kernel: zocl-drm axi:zyxclmm_drm: zocl_destroy_client: client exits pid(4136)
Jul 14 23:26:16 kernel: zocl-drm axi:zyxclmm_drm: zocl_create_client: created KDS client for pid(4136), ret: 0
Jul 14 23:26:16 kernel: zocl-drm axi:zyxclmm_drm: zocl_destroy_client: client exits pid(4136)
Jul 14 23:26:16 kernel: zocl-drm axi:zyxclmm_drm: zocl_create_client: created KDS client for pid(4136), ret: 0
Jul 14 23:26:16 kernel: zocl-drm axi:zyxclmm_drm: zocl_destroy_client: client exits pid(4136)
Jul 14 23:26:16 kernel: zocl-drm axi:zyxclmm_drm: zocl_create_client: created KDS client for pid(4136), ret: 0
Jul 14 23:26:16 kernel: zocl-drm axi:zyxclmm_drm: zocl_destroy_client: client exits pid(4136)
Jul 14 23:26:16 kernel: zocl-drm axi:zyxclmm_drm: zocl_create_client: created KDS client for pid(4136), ret: 0
Jul 14 23:26:16 kernel: [drm] skip kind 29(AIE_RESOURCES) return code: -22
Jul 14 23:26:16 kernel: [drm] found kind 8(IP_LAYOUT)
Jul 14 23:26:16 kernel: BUG: sleeping function called from invalid context at include/linux/sched/mm.h:229
Jul 14 23:26:16 kernel: in_atomic(): 0, irqs_disabled(): 0, non_block: 0, pid: 4136, name: python3
Jul 14 23:26:16 kernel: preempt_count: 0, expected: 0
Jul 14 23:26:16 kernel: RCU nest depth: 1, expected: 0
Jul 14 23:26:16 kernel: CPU: 2 PID: 4136 Comm: python3 Tainted: G        WC        5.15.199-rt91-rt-kv260b #8
Jul 14 23:26:16 kernel: Hardware name: ZynqMP KV260 revB (DT)
Jul 14 23:26:16 kernel: Call trace:
Jul 14 23:26:16 kernel:  dump_backtrace+0x0/0x1f0
Jul 14 23:26:16 kernel:  show_stack+0x18/0x24
Jul 14 23:26:16 kernel:  dump_stack_lvl+0x68/0x84
Jul 14 23:26:16 kernel:  dump_stack+0x18/0x34
Jul 14 23:26:16 kernel:  __might_resched+0x148/0x1ac
Jul 14 23:26:16 kernel:  __might_sleep+0x4c/0xa0
Jul 14 23:26:16 kernel:  kmem_cache_alloc_node+0x22c/0x250
Jul 14 23:26:16 kernel:  __get_vm_area_node.constprop.0+0x88/0x1a0
Jul 14 23:26:16 kernel:  __vmalloc_node_range+0x64/0x404
Jul 14 23:26:16 kernel:  vmalloc+0x74/0x90
Jul 14 23:26:16 kernel:  zocl_read_sect+0x78/0x160 [zocl]
Jul 14 23:26:16 kernel:  zocl_xclbin_read_axlf+0x534/0xe00 [zocl]
Jul 14 23:26:16 kernel:  zocl_read_axlf_ioctl+0x18/0x24 [zocl]
Jul 14 23:26:16 kernel:  drm_ioctl_kernel+0xcc/0x120
Jul 14 23:26:16 kernel:  drm_ioctl+0x2b4/0x4e0
Jul 14 23:26:16 kernel:  __arm64_sys_ioctl+0xa8/0xf0
Jul 14 23:26:16 kernel:  invoke_syscall+0x70/0xf4
Jul 14 23:26:16 kernel:  el0_svc_common.constprop.0+0x4c/0x17c
Jul 14 23:26:16 kernel:  do_el0_svc+0x28/0xa0
Jul 14 23:26:16 kernel:  el0_svc+0x30/0x130
Jul 14 23:26:16 kernel:  el0t_64_sync_handler+0xa4/0x12c
Jul 14 23:26:16 kernel:  el0t_64_sync+0x1a4/0x1a8
Jul 14 23:26:16 kernel: [drm] skip kind 9(DEBUG_IP_LAYOUT) return code: -22
Jul 14 23:26:16 kernel: [drm] skip kind 25(AIE_METADATA) return code: -22
Jul 14 23:26:16 kernel: [drm] found kind 7(CONNECTIVITY)
Jul 14 23:26:16 kernel: [drm] found kind 6(MEM_TOPOLOGY)
Jul 14 23:26:16 kernel: [drm] Memory 0 is not reserved in device tree. Will allocate memory from CMA
Jul 14 23:26:16 kernel: [drm] Memory 1 is not reserved in device tree. Will allocate memory from CMA
Jul 14 23:26:16 kernel: [drm] Memory 2 is not reserved in device tree. Will allocate memory from CMA
Jul 14 23:26:16 kernel: [drm] Memory 3 is not reserved in device tree. Will allocate memory from CMA
Jul 14 23:26:16 kernel: cu_drv CU.6.auto: cu_probe: CU[0] created
Jul 14 23:26:16 kernel: cu_drv CU.7.auto: cu_probe: CU[1] created
Jul 14 23:26:16 kernel: cu_drv CU.6.auto:  ffff3568c9eac410 xrt_cu_intr_thread: CU[0] start
Jul 14 23:26:16 kernel: cu_drv CU.7.auto:  ffff3560d9fd1810 xrt_cu_intr_thread: CU[1] start
Jul 14 23:26:16 kernel: [drm] zocl_xclbin_read_axlf d0af154e-769f-dc2d-8555-420ae4a7919b ret: 0
Jul 14 23:26:16 kernel: [drm] bitstream d0af154e-769f-dc2d-8555-420ae4a7919b locked, ref=1
Jul 14 23:26:16 kernel: zocl-drm axi:zyxclmm_drm:  ffff3568c9ea6c10 kds_add_context: Client pid(4136) add context Domain(0) CU(0xffffffff) shared(true)
Jul 14 23:26:16 kernel: zocl-drm axi:zyxclmm_drm:  ffff3568c9ea6c10 kds_del_context: Client pid(4136) del context Domain(0) CU(0xffffffff)
Jul 14 23:26:16 kernel: [drm] bitstream d0af154e-769f-dc2d-8555-420ae4a7919b unlocked, ref=0
Jul 14 23:26:16 kernel: zocl-drm axi:zyxclmm_drm: zocl_create_client: created KDS client for pid(4136), ret: 0
Jul 14 23:26:16 kernel: zocl-drm axi:zyxclmm_drm: zocl_destroy_client: client exits pid(4136)
Jul 14 23:26:16 kernel: zocl-drm axi:zyxclmm_drm: zocl_create_client: created KDS client for pid(4136), ret: 0
Jul 14 23:26:16 kernel: [drm] bitstream d0af154e-769f-dc2d-8555-420ae4a7919b locked, ref=1
Jul 14 23:26:16 kernel: zocl-drm axi:zyxclmm_drm:  ffff3568c9ea6c10 kds_add_context: Client pid(4136) add context Domain(0) CU(0x1) shared(true)
Jul 14 23:26:16 kernel: zocl-drm axi:zyxclmm_drm: zocl_create_client: created KDS client for pid(4136), ret: 0
Jul 14 23:26:16 kernel: zocl-drm axi:zyxclmm_drm: zocl_destroy_client: client exits pid(4136)
Jul 14 23:26:16 kernel: zocl-drm axi:zyxclmm_drm: zocl_create_client: created KDS client for pid(4136), ret: 0
Jul 14 23:26:16 kernel: [drm] bitstream d0af154e-769f-dc2d-8555-420ae4a7919b locked, ref=2
Jul 14 23:26:16 kernel: zocl-drm axi:zyxclmm_drm:  ffff3568c9ea6c10 kds_add_context: Client pid(4136) add context Domain(0) CU(0x0) shared(true)
Jul 14 23:26:16 kernel: zocl-drm axi:zyxclmm_drm: zocl_create_client: created KDS client for pid(4136), ret: 0
Jul 14 23:26:16 kernel: zocl-drm axi:zyxclmm_drm: zocl_destroy_client: client exits pid(4136)
Jul 14 23:26:16 kernel: zocl-drm axi:zyxclmm_drm: zocl_create_client: created KDS client for pid(4136), ret: 0
Jul 14 23:26:16 kernel: [drm] bitstream d0af154e-769f-dc2d-8555-420ae4a7919b locked, ref=3
Jul 14 23:26:16 kernel: zocl-drm axi:zyxclmm_drm:  ffff3568c9ea6c10 kds_add_context: Client pid(4136) add context Domain(0) CU(0x1) shared(true)
Jul 14 23:26:16 kernel: [drm] ERT_EXEC_WRITE is obsoleted, use ERT_START_KEY_VAL
Jul 14 23:26:20 kernel: usb 2-1.1: Failed to query (GET_CUR) UVC control 1 on unit 3: -32 (exp. 1024).
Jul 14 23:26:20 kernel: BUG: sleeping function called from invalid context at kernel/locking/spinlock_rt.c:46
Jul 14 23:26:20 kernel: in_atomic(): 0, irqs_disabled(): 128, non_block: 0, pid: 3436, name: pr/netcon0
Jul 14 23:26:20 kernel: preempt_count: 0, expected: 0
Jul 14 23:26:20 kernel: RCU nest depth: 3, expected: 3
Jul 14 23:26:20 kernel: CPU: 3 PID: 3436 Comm: pr/netcon0 Tainted: G        WC        5.15.199-rt91-rt-kv260b #8
Jul 14 23:26:20 kernel: Hardware name: ZynqMP KV260 revB (DT)
Jul 14 23:26:20 kernel: Call trace:
Jul 14 23:26:20 kernel:  dump_backtrace+0x0/0x1f0
Jul 14 23:26:20 kernel:  show_stack+0x18/0x24
Jul 14 23:26:20 kernel:  dump_stack_lvl+0x68/0x84
Jul 14 23:26:20 kernel:  dump_stack+0x18/0x34
Jul 14 23:26:20 kernel:  __might_resched+0x148/0x1ac
Jul 14 23:26:20 kernel:  rt_spin_lock+0x30/0xd0
Jul 14 23:26:20 kernel:  macb_start_xmit+0x178/0xb74
Jul 14 23:26:20 kernel:  netpoll_start_xmit+0x100/0x1c0
Jul 14 23:26:20 kernel:  netpoll_send_skb+0x1cc/0x2a0
Jul 14 23:26:20 kernel:  netpoll_send_udp+0x204/0x430
Jul 14 23:26:20 kernel:  write_msg+0xfc/0x12c [netconsole]
Jul 14 23:26:20 kernel:  printk_kthread_func+0x1f0/0x574
Jul 14 23:26:20 kernel:  kthread+0x16c/0x180
Jul 14 23:26:20 kernel:  ret_from_fork+0x10/0x20
Jul 14 23:26:26 kernel: usb 2-1.1: Failed to query (GET_CUR) UVC control 1 on unit 3: -32 (exp. 1024).
Jul 14 23:26:26 kernel: BUG: sleeping function called from invalid context at kernel/locking/spinlock_rt.c:46
Jul 14 23:26:26 kernel: in_atomic(): 0, irqs_disabled(): 128, non_block: 0, pid: 3436, name: pr/netcon0
Jul 14 23:26:26 kernel: preempt_count: 0, expected: 0
Jul 14 23:26:26 kernel: RCU nest depth: 3, expected: 3
Jul 14 23:26:26 kernel: CPU: 3 PID: 3436 Comm: pr/netcon0 Tainted: G        WC        5.15.199-rt91-rt-kv260b #8
Jul 14 23:26:26 kernel: Hardware name: ZynqMP KV260 revB (DT)
Jul 14 23:26:26 kernel: Call trace:
Jul 14 23:26:26 kernel:  dump_backtrace+0x0/0x1f0
Jul 14 23:26:26 kernel:  show_stack+0x18/0x24
Jul 14 23:26:26 kernel:  dump_stack_lvl+0x68/0x84
Jul 14 23:26:26 kernel:  dump_stack+0x18/0x34
Jul 14 23:26:26 kernel:  __might_resched+0x148/0x1ac
Jul 14 23:26:26 kernel:  rt_spin_lock+0x30/0xd0
Jul 14 23:26:26 kernel:  macb_start_xmit+0x178/0xb74
Jul 14 23:26:26 kernel:  netpoll_start_xmit+0x100/0x1c0
Jul 14 23:26:26 kernel:  netpoll_send_skb+0x1cc/0x2a0
Jul 14 23:26:26 kernel:  netpoll_send_udp+0x204/0x430
Jul 14 23:26:26 kernel:  write_msg+0xfc/0x12c [netconsole]
Jul 14 23:26:26 kernel:  printk_kthread_func+0x1f0/0x574
Jul 14 23:26:26 kernel:  kthread+0x16c/0x180
Jul 14 23:26:26 kernel:  ret_from_fork+0x10/0x20
Jul 14 23:26:29 kernel: usb 2-1.1: Failed to query (GET_CUR) UVC control 1 on unit 3: -32 (exp. 1024).
Jul 14 23:26:29 kernel: BUG: sleeping function called from invalid context at kernel/locking/spinlock_rt.c:46
Jul 14 23:26:29 kernel: in_atomic(): 0, irqs_disabled(): 128, non_block: 0, pid: 3436, name: pr/netcon0
Jul 14 23:26:29 kernel: preempt_count: 0, expected: 0
Jul 14 23:26:29 kernel: RCU nest depth: 3, expected: 3
Jul 14 23:26:29 kernel: CPU: 0 PID: 3436 Comm: pr/netcon0 Tainted: G        WC        5.15.199-rt91-rt-kv260b #8
Jul 14 23:26:29 kernel: Hardware name: ZynqMP KV260 revB (DT)
Jul 14 23:26:29 kernel: Call trace:
Jul 14 23:26:29 kernel:  dump_backtrace+0x0/0x1f0
Jul 14 23:26:29 kernel:  show_stack+0x18/0x24
Jul 14 23:26:29 kernel:  dump_stack_lvl+0x68/0x84
Jul 14 23:26:29 kernel:  dump_stack+0x18/0x34
Jul 14 23:26:29 kernel:  __might_resched+0x148/0x1ac
Jul 14 23:26:29 kernel:  rt_spin_lock+0x30/0xd0
Jul 14 23:26:29 kernel:  macb_start_xmit+0x178/0xb74
Jul 14 23:26:29 kernel:  netpoll_start_xmit+0x100/0x1c0
Jul 14 23:26:29 kernel:  netpoll_send_skb+0x1cc/0x2a0
Jul 14 23:26:29 kernel:  netpoll_send_udp+0x204/0x430
Jul 14 23:26:29 kernel:  write_msg+0xfc/0x12c [netconsole]
Jul 14 23:26:29 kernel:  printk_kthread_func+0x1f0/0x574
Jul 14 23:26:29 kernel:  kthread+0x16c/0x180
Jul 14 23:26:29 kernel:  ret_from_fork+0x10/0x20
Jul 14 23:26:34 kernel: usb 2-1.1: Failed to query (GET_CUR) UVC control 1 on unit 3: -32 (exp. 1024).
Jul 14 23:26:34 kernel: BUG: sleeping function called from invalid context at kernel/locking/spinlock_rt.c:46
Jul 14 23:26:34 kernel: in_atomic(): 0, irqs_disabled(): 128, non_block: 0, pid: 3436, name: pr/netcon0
Jul 14 23:26:34 kernel: preempt_count: 0, expected: 0
Jul 14 23:26:34 kernel: RCU nest depth: 3, expected: 3
Jul 14 23:26:34 kernel: CPU: 0 PID: 3436 Comm: pr/netcon0 Tainted: G        WC        5.15.199-rt91-rt-kv260b #8
Jul 14 23:26:34 kernel: Hardware name: ZynqMP KV260 revB (DT)
Jul 14 23:26:34 kernel: Call trace:
Jul 14 23:26:34 kernel:  dump_backtrace+0x0/0x1f0
Jul 14 23:26:34 kernel:  show_stack+0x18/0x24
Jul 14 23:26:34 kernel:  dump_stack_lvl+0x68/0x84
Jul 14 23:26:34 kernel:  dump_stack+0x18/0x34
Jul 14 23:26:34 kernel:  __might_resched+0x148/0x1ac
Jul 14 23:26:34 kernel:  rt_spin_lock+0x30/0xd0
Jul 14 23:26:34 kernel:  macb_start_xmit+0x178/0xb74
Jul 14 23:26:34 kernel:  netpoll_start_xmit+0x100/0x1c0
Jul 14 23:26:34 kernel:  netpoll_send_skb+0x1cc/0x2a0
Jul 14 23:26:34 kernel:  netpoll_send_udp+0x204/0x430
Jul 14 23:26:34 kernel:  write_msg+0xfc/0x12c [netconsole]
Jul 14 23:26:34 kernel:  printk_kthread_func+0x1f0/0x574
Jul 14 23:26:34 kernel:  kthread+0x16c/0x180
Jul 14 23:26:34 kernel:  ret_from_fork+0x10/0x20
Jul 14 23:26:35 kernel: usb 2-1.1: Failed to query (GET_CUR) UVC control 1 on unit 3: -32 (exp. 1024).
Jul 14 23:26:35 kernel: BUG: sleeping function called from invalid context at kernel/locking/spinlock_rt.c:46
Jul 14 23:26:35 kernel: in_atomic(): 0, irqs_disabled(): 128, non_block: 0, pid: 3436, name: pr/netcon0
Jul 14 23:26:35 kernel: preempt_count: 0, expected: 0
Jul 14 23:26:35 kernel: RCU nest depth: 3, expected: 3
Jul 14 23:26:35 kernel: CPU: 0 PID: 3436 Comm: pr/netcon0 Tainted: G        WC        5.15.199-rt91-rt-kv260b #8
Jul 14 23:26:35 kernel: Hardware name: ZynqMP KV260 revB (DT)
Jul 14 23:26:35 kernel: Call trace:
Jul 14 23:26:35 kernel:  dump_backtrace+0x0/0x1f0
Jul 14 23:26:35 kernel:  show_stack+0x18/0x24
Jul 14 23:26:35 kernel:  dump_stack_lvl+0x68/0x84
Jul 14 23:26:35 kernel:  dump_stack+0x18/0x34
Jul 14 23:26:35 kernel:  __might_resched+0x148/0x1ac
Jul 14 23:26:35 kernel:  rt_spin_lock+0x30/0xd0
Jul 14 23:26:35 kernel:  macb_start_xmit+0x178/0xb74
Jul 14 23:26:35 kernel:  netpoll_start_xmit+0x100/0x1c0
Jul 14 23:26:35 kernel:  netpoll_send_skb+0x1cc/0x2a0
Jul 14 23:26:35 kernel:  netpoll_send_udp+0x204/0x430
Jul 14 23:26:35 kernel:  write_msg+0xfc/0x12c [netconsole]
Jul 14 23:26:35 kernel:  printk_kthread_func+0x1f0/0x574
Jul 14 23:26:35 kernel:  kthread+0x16c/0x180
Jul 14 23:26:35 kernel:  ret_from_fork+0x10/0x20
Jul 14 23:26:37 kernel: usb 2-1.1: Failed to query (GET_CUR) UVC control 1 on unit 3: -32 (exp. 1024).
Jul 14 23:26:37 kernel: BUG: sleeping function called from invalid context at kernel/locking/spinlock_rt.c:46
Jul 14 23:26:37 kernel: in_atomic(): 0, irqs_disabled(): 128, non_block: 0, pid: 3436, name: pr/netcon0
Jul 14 23:26:37 kernel: preempt_count: 0, expected: 0
Jul 14 23:26:37 kernel: RCU nest depth: 3, expected: 3
Jul 14 23:26:37 kernel: CPU: 0 PID: 3436 Comm: pr/netcon0 Tainted: G        WC        5.15.199-rt91-rt-kv260b #8
Jul 14 23:26:37 kernel: Hardware name: ZynqMP KV260 revB (DT)
Jul 14 23:26:37 kernel: Call trace:
Jul 14 23:26:37 kernel:  dump_backtrace+0x0/0x1f0
Jul 14 23:26:37 kernel:  show_stack+0x18/0x24
Jul 14 23:26:37 kernel:  dump_stack_lvl+0x68/0x84
Jul 14 23:26:37 kernel:  dump_stack+0x18/0x34
Jul 14 23:26:37 kernel:  __might_resched+0x148/0x1ac
Jul 14 23:26:37 kernel:  rt_spin_lock+0x30/0xd0
Jul 14 23:26:37 kernel:  macb_start_xmit+0x178/0xb74
Jul 14 23:26:37 kernel:  netpoll_start_xmit+0x100/0x1c0
Jul 14 23:26:37 kernel:  netpoll_send_skb+0x1cc/0x2a0
Jul 14 23:26:37 kernel:  netpoll_send_udp+0x204/0x430
Jul 14 23:26:37 kernel:  write_msg+0xfc/0x12c [netconsole]
Jul 14 23:26:37 kernel:  printk_kthread_func+0x1f0/0x574
Jul 14 23:26:37 kernel:  kthread+0x16c/0x180
Jul 14 23:26:37 kernel:  ret_from_fork+0x10/0x20
Jul 14 23:26:40 kernel: usb 2-1.1: Failed to query (GET_CUR) UVC control 1 on unit 3: -32 (exp. 1024).
Jul 14 23:26:40 kernel: BUG: sleeping function called from invalid context at kernel/locking/spinlock_rt.c:46
Jul 14 23:26:40 kernel: in_atomic(): 0, irqs_disabled(): 128, non_block: 0, pid: 3436, name: pr/netcon0
Jul 14 23:26:40 kernel: preempt_count: 0, expected: 0
Jul 14 23:26:40 kernel: RCU nest depth: 3, expected: 3
Jul 14 23:26:40 kernel: CPU: 2 PID: 3436 Comm: pr/netcon0 Tainted: G        WC        5.15.199-rt91-rt-kv260b #8
Jul 14 23:26:40 kernel: Hardware name: ZynqMP KV260 revB (DT)
Jul 14 23:26:40 kernel: Call trace:
Jul 14 23:26:40 kernel:  dump_backtrace+0x0/0x1f0
Jul 14 23:26:40 kernel:  show_stack+0x18/0x24
Jul 14 23:26:40 kernel:  dump_stack_lvl+0x68/0x84
Jul 14 23:26:40 kernel:  dump_stack+0x18/0x34
Jul 14 23:26:40 kernel:  __might_resched+0x148/0x1ac
Jul 14 23:26:40 kernel:  rt_spin_lock+0x30/0xd0
Jul 14 23:26:40 kernel:  macb_start_xmit+0x178/0xb74
Jul 14 23:26:40 kernel:  netpoll_start_xmit+0x100/0x1c0
Jul 14 23:26:40 kernel:  netpoll_send_skb+0x1cc/0x2a0
Jul 14 23:26:40 kernel:  netpoll_send_udp+0x204/0x430
Jul 14 23:26:40 kernel:  write_msg+0xfc/0x12c [netconsole]
Jul 14 23:26:40 kernel:  printk_kthread_func+0x1f0/0x574
Jul 14 23:26:40 kernel:  kthread+0x16c/0x180
Jul 14 23:26:40 kernel:  ret_from_fork+0x10/0x20
Jul 14 23:26:44 kernel: usb 2-1.1: Failed to query (GET_CUR) UVC control 1 on unit 3: -32 (exp. 1024).
Jul 14 23:26:44 kernel: BUG: sleeping function called from invalid context at kernel/locking/spinlock_rt.c:46
Jul 14 23:26:44 kernel: in_atomic(): 0, irqs_disabled(): 128, non_block: 0, pid: 3436, name: pr/netcon0
Jul 14 23:26:44 kernel: preempt_count: 0, expected: 0
Jul 14 23:26:44 kernel: RCU nest depth: 3, expected: 3
Jul 14 23:26:44 kernel: CPU: 2 PID: 3436 Comm: pr/netcon0 Tainted: G        WC        5.15.199-rt91-rt-kv260b #8
Jul 14 23:26:44 kernel: Hardware name: ZynqMP KV260 revB (DT)
Jul 14 23:26:44 kernel: Call trace:
Jul 14 23:26:44 kernel:  dump_backtrace+0x0/0x1f0
Jul 14 23:26:44 kernel:  show_stack+0x18/0x24
Jul 14 23:26:44 kernel:  dump_stack_lvl+0x68/0x84
Jul 14 23:26:44 kernel:  dump_stack+0x18/0x34
Jul 14 23:26:44 kernel:  __might_resched+0x148/0x1ac
Jul 14 23:26:44 kernel:  rt_spin_lock+0x30/0xd0
Jul 14 23:26:44 kernel:  macb_start_xmit+0x178/0xb74
Jul 14 23:26:44 kernel:  netpoll_start_xmit+0x100/0x1c0
Jul 14 23:26:44 kernel:  netpoll_send_skb+0x1cc/0x2a0
Jul 14 23:26:44 kernel:  netpoll_send_udp+0x204/0x430
Jul 14 23:26:44 kernel:  write_msg+0xfc/0x12c [netconsole]
Jul 14 23:26:44 kernel:  printk_kthread_func+0x1f0/0x574
Jul 14 23:26:44 kernel:  kthread+0x16c/0x180
Jul 14 23:26:44 kernel:  ret_from_fork+0x10/0x20
Jul 14 23:26:45 kernel: usb 2-1.1: Failed to query (GET_CUR) UVC control 1 on unit 3: -32 (exp. 1024).
Jul 14 23:26:45 kernel: BUG: sleeping function called from invalid context at kernel/locking/spinlock_rt.c:46
Jul 14 23:26:45 kernel: in_atomic(): 0, irqs_disabled(): 128, non_block: 0, pid: 3436, name: pr/netcon0
Jul 14 23:26:45 kernel: preempt_count: 0, expected: 0
Jul 14 23:26:45 kernel: RCU nest depth: 3, expected: 3
Jul 14 23:26:45 kernel: CPU: 2 PID: 3436 Comm: pr/netcon0 Tainted: G        WC        5.15.199-rt91-rt-kv260b #8
Jul 14 23:26:45 kernel: Hardware name: ZynqMP KV260 revB (DT)
Jul 14 23:26:45 kernel: Call trace:
Jul 14 23:26:45 kernel:  dump_backtrace+0x0/0x1f0
Jul 14 23:26:45 kernel:  show_stack+0x18/0x24
Jul 14 23:26:45 kernel:  dump_stack_lvl+0x68/0x84
Jul 14 23:26:45 kernel:  dump_stack+0x18/0x34
Jul 14 23:26:45 kernel:  __might_resched+0x148/0x1ac
Jul 14 23:26:45 kernel:  rt_spin_lock+0x30/0xd0
Jul 14 23:26:45 kernel:  macb_start_xmit+0x178/0xb74
Jul 14 23:26:45 kernel:  netpoll_start_xmit+0x100/0x1c0
Jul 14 23:26:45 kernel:  netpoll_send_skb+0x1cc/0x2a0
Jul 14 23:26:45 kernel:  netpoll_send_udp+0x204/0x430
Jul 14 23:26:45 kernel:  write_msg+0xfc/0x12c [netconsole]
Jul 14 23:26:45 kernel:  printk_kthread_func+0x1f0/0x574
Jul 14 23:26:45 kernel:  kthread+0x16c/0x180
Jul 14 23:26:45 kernel:  ret_from_fork+0x10/0x20
Jul 14 23:26:46 kernel: usb 2-1.1: Failed to query (GET_CUR) UVC control 1 on unit 3: -32 (exp. 1024).
Jul 14 23:26:46 kernel: BUG: sleeping function called from invalid context at kernel/locking/spinlock_rt.c:46
Jul 14 23:26:46 kernel: in_atomic(): 0, irqs_disabled(): 128, non_block: 0, pid: 3436, name: pr/netcon0
Jul 14 23:26:46 kernel: preempt_count: 0, expected: 0
Jul 14 23:26:46 kernel: RCU nest depth: 3, expected: 3
Jul 14 23:26:46 kernel: CPU: 2 PID: 3436 Comm: pr/netcon0 Tainted: G        WC        5.15.199-rt91-rt-kv260b #8
Jul 14 23:26:46 kernel: Hardware name: ZynqMP KV260 revB (DT)
Jul 14 23:26:46 kernel: Call trace:
Jul 14 23:26:46 kernel:  dump_backtrace+0x0/0x1f0
Jul 14 23:26:46 kernel:  show_stack+0x18/0x24
Jul 14 23:26:46 kernel:  dump_stack_lvl+0x68/0x84
Jul 14 23:26:46 kernel:  dump_stack+0x18/0x34
Jul 14 23:26:46 kernel:  __might_resched+0x148/0x1ac
Jul 14 23:26:46 kernel:  rt_spin_lock+0x30/0xd0
Jul 14 23:26:46 kernel:  macb_start_xmit+0x178/0xb74
Jul 14 23:26:46 kernel:  netpoll_start_xmit+0x100/0x1c0
Jul 14 23:26:46 kernel:  netpoll_send_skb+0x1cc/0x2a0
Jul 14 23:26:46 kernel:  netpoll_send_udp+0x204/0x430
Jul 14 23:26:46 kernel:  write_msg+0xfc/0x12c [netconsole]
Jul 14 23:26:46 kernel:  printk_kthread_func+0x1f0/0x574
Jul 14 23:26:46 kernel:  kthread+0x16c/0x180
Jul 14 23:26:46 kernel:  ret_from_fork+0x10/0x20
Jul 14 23:26:47 kernel: usb 2-1.1: Failed to query (GET_CUR) UVC control 1 on unit 3: -32 (exp. 1024).
Jul 14 23:26:47 kernel: BUG: sleeping function called from invalid context at kernel/locking/spinlock_rt.c:46
Jul 14 23:26:47 kernel: in_atomic(): 0, irqs_disabled(): 128, non_block: 0, pid: 3436, name: pr/netcon0
Jul 14 23:26:47 kernel: preempt_count: 0, expected: 0
Jul 14 23:26:47 kernel: RCU nest depth: 3, expected: 3
Jul 14 23:26:47 kernel: CPU: 1 PID: 3436 Comm: pr/netcon0 Tainted: G        WC        5.15.199-rt91-rt-kv260b #8
Jul 14 23:26:47 kernel: Hardware name: ZynqMP KV260 revB (DT)
Jul 14 23:26:47 kernel: Call trace:
Jul 14 23:26:47 kernel:  dump_backtrace+0x0/0x1f0
Jul 14 23:26:47 kernel:  show_stack+0x18/0x24
Jul 14 23:26:47 kernel:  dump_stack_lvl+0x68/0x84
Jul 14 23:26:47 kernel:  dump_stack+0x18/0x34
Jul 14 23:26:47 kernel:  __might_resched+0x148/0x1ac
Jul 14 23:26:47 kernel:  rt_spin_lock+0x30/0xd0
Jul 14 23:26:47 kernel:  macb_start_xmit+0x178/0xb74
Jul 14 23:26:47 kernel:  netpoll_start_xmit+0x100/0x1c0
Jul 14 23:26:47 kernel:  netpoll_send_skb+0x1cc/0x2a0
Jul 14 23:26:47 kernel:  netpoll_send_udp+0x204/0x430
Jul 14 23:26:47 kernel:  write_msg+0xfc/0x12c [netconsole]
Jul 14 23:26:47 kernel:  printk_kthread_func+0x1f0/0x574
Jul 14 23:26:47 kernel:  kthread+0x16c/0x180
Jul 14 23:26:47 kernel:  ret_from_fork+0x10/0x20
Jul 14 23:26:48 kernel: zocl-drm axi:zyxclmm_drm:  ffff3568c9ea6c10 kds_del_context: Client pid(4136) del context Domain(0) CU(0x1)
Jul 14 23:26:48 kernel: [drm] bitstream d0af154e-769f-dc2d-8555-420ae4a7919b unlocked, ref=2
Jul 14 23:26:48 kernel: zocl-drm axi:zyxclmm_drm: zocl_destroy_client: client exits pid(4136)
Jul 14 23:26:48 kernel: zocl-drm axi:zyxclmm_drm:  ffff3568c9ea6c10 kds_del_context: Client pid(4136) del context Domain(0) CU(0x1)
Jul 14 23:26:48 kernel: [drm] bitstream d0af154e-769f-dc2d-8555-420ae4a7919b unlocked, ref=1
Jul 14 23:26:48 kernel: zocl-drm axi:zyxclmm_drm: zocl_destroy_client: client exits pid(4136)
Jul 14 23:26:48 kernel: zocl-drm axi:zyxclmm_drm:  ffff3568c9ea6c10 kds_del_context: Client pid(4136) del context Domain(0) CU(0x0)
Jul 14 23:26:48 kernel: [drm] bitstream d0af154e-769f-dc2d-8555-420ae4a7919b unlocked, ref=0
Jul 14 23:26:48 kernel: zocl-drm axi:zyxclmm_drm: zocl_destroy_client: client exits pid(4136)
Jul 14 23:26:48 kernel: zocl-drm axi:zyxclmm_drm: zocl_destroy_client: client exits pid(4136)
Jul 14 23:26:49 kernel: usb 2-1.1: Failed to query (GET_CUR) UVC control 1 on unit 3: -32 (exp. 1024).
Jul 14 23:26:49 kernel: BUG: sleeping function called from invalid context at kernel/locking/spinlock_rt.c:46
Jul 14 23:26:49 kernel: in_atomic(): 0, irqs_disabled(): 128, non_block: 0, pid: 3436, name: pr/netcon0
Jul 14 23:26:49 kernel: preempt_count: 0, expected: 0
Jul 14 23:26:49 kernel: RCU nest depth: 3, expected: 3
Jul 14 23:26:49 kernel: CPU: 3 PID: 3436 Comm: pr/netcon0 Tainted: G        WC        5.15.199-rt91-rt-kv260b #8
Jul 14 23:26:49 kernel: Hardware name: ZynqMP KV260 revB (DT)
Jul 14 23:26:49 kernel: Call trace:
Jul 14 23:26:49 kernel:  dump_backtrace+0x0/0x1f0
Jul 14 23:26:49 kernel:  show_stack+0x18/0x24
Jul 14 23:26:49 kernel:  dump_stack_lvl+0x68/0x84
Jul 14 23:26:49 kernel:  dump_stack+0x18/0x34
Jul 14 23:26:49 kernel:  __might_resched+0x148/0x1ac
Jul 14 23:26:49 kernel:  rt_spin_lock+0x30/0xd0
Jul 14 23:26:49 kernel:  macb_start_xmit+0x178/0xb74
Jul 14 23:26:49 kernel:  netpoll_start_xmit+0x100/0x1c0
Jul 14 23:26:49 kernel:  netpoll_send_skb+0x1cc/0x2a0
Jul 14 23:26:49 kernel:  netpoll_send_udp+0x204/0x430
Jul 14 23:26:49 kernel:  write_msg+0xfc/0x12c [netconsole]
Jul 14 23:26:49 kernel:  printk_kthread_func+0x1f0/0x574
Jul 14 23:26:49 kernel:  kthread+0x16c/0x180
Jul 14 23:26:49 kernel:  ret_from_fork+0x10/0x20
Jul 14 23:26:51 kernel: usb 2-1.1: Failed to query (GET_CUR) UVC control 1 on unit 3: -32 (exp. 1024).
Jul 14 23:26:51 kernel: BUG: sleeping function called from invalid context at kernel/locking/spinlock_rt.c:46
Jul 14 23:26:51 kernel: in_atomic(): 0, irqs_disabled(): 128, non_block: 0, pid: 3436, name: pr/netcon0
Jul 14 23:26:51 kernel: preempt_count: 0, expected: 0
Jul 14 23:26:51 kernel: RCU nest depth: 3, expected: 3
Jul 14 23:26:51 kernel: CPU: 3 PID: 3436 Comm: pr/netcon0 Tainted: G        WC        5.15.199-rt91-rt-kv260b #8
Jul 14 23:26:51 kernel: Hardware name: ZynqMP KV260 revB (DT)
Jul 14 23:26:51 kernel: Call trace:
Jul 14 23:26:51 kernel:  dump_backtrace+0x0/0x1f0
Jul 14 23:26:51 kernel:  show_stack+0x18/0x24
Jul 14 23:26:51 kernel:  dump_stack_lvl+0x68/0x84
Jul 14 23:26:51 kernel:  dump_stack+0x18/0x34
Jul 14 23:26:51 kernel:  __might_resched+0x148/0x1ac
Jul 14 23:26:51 kernel:  rt_spin_lock+0x30/0xd0
Jul 14 23:26:51 kernel:  macb_start_xmit+0x178/0xb74
Jul 14 23:26:51 kernel:  netpoll_start_xmit+0x100/0x1c0
Jul 14 23:26:51 kernel:  netpoll_send_skb+0x1cc/0x2a0
Jul 14 23:26:51 kernel:  netpoll_send_udp+0x204/0x430
Jul 14 23:26:51 kernel:  write_msg+0xfc/0x12c [netconsole]
Jul 14 23:26:51 kernel:  printk_kthread_func+0x1f0/0x574
Jul 14 23:26:51 kernel:  kthread+0x16c/0x180
Jul 14 23:26:51 kernel:  ret_from_fork+0x10/0x20
Jul 14 23:26:53 kernel: zocl-drm axi:zyxclmm_drm: zocl_create_client: created KDS client for pid(4235), ret: 0
Jul 14 23:26:53 kernel: zocl-drm axi:zyxclmm_drm: zocl_destroy_client: client exits pid(4235)
Jul 14 23:26:53 kernel: zocl-drm axi:zyxclmm_drm: zocl_create_client: created KDS client for pid(4235), ret: 0
Jul 14 23:26:53 kernel: zocl-drm axi:zyxclmm_drm: zocl_destroy_client: client exits pid(4235)
Jul 14 23:26:53 kernel: zocl-drm axi:zyxclmm_drm: zocl_create_client: created KDS client for pid(4235), ret: 0
Jul 14 23:26:53 kernel: zocl-drm axi:zyxclmm_drm: zocl_destroy_client: client exits pid(4235)
Jul 14 23:26:53 kernel: zocl-drm axi:zyxclmm_drm: zocl_create_client: created KDS client for pid(4235), ret: 0
Jul 14 23:26:53 kernel: zocl-drm axi:zyxclmm_drm: zocl_destroy_client: client exits pid(4235)
Jul 14 23:26:53 kernel: zocl-drm axi:zyxclmm_drm: zocl_create_client: created KDS client for pid(4235), ret: 0
Jul 14 23:26:53 kernel: zocl-drm axi:zyxclmm_drm: zocl_destroy_client: client exits pid(4235)
Jul 14 23:26:53 kernel: zocl-drm axi:zyxclmm_drm: zocl_create_client: created KDS client for pid(4235), ret: 0
Jul 14 23:26:53 kernel: zocl-drm axi:zyxclmm_drm: zocl_destroy_client: client exits pid(4235)
Jul 14 23:26:53 kernel: zocl-drm axi:zyxclmm_drm: zocl_create_client: created KDS client for pid(4235), ret: 0
Jul 14 23:26:53 kernel: [drm] skip kind 29(AIE_RESOURCES) return code: -22
Jul 14 23:26:53 kernel: [drm] zocl_xclbin_read_axlf The XCLBIN already loaded
Jul 14 23:26:53 kernel: [drm] zocl_xclbin_read_axlf d0af154e-769f-dc2d-8555-420ae4a7919b ret: 0
Jul 14 23:26:53 kernel: [drm] bitstream d0af154e-769f-dc2d-8555-420ae4a7919b locked, ref=1
Jul 14 23:26:53 kernel: zocl-drm axi:zyxclmm_drm:  ffff3568c9ea6c10 kds_add_context: Client pid(4235) add context Domain(0) CU(0xffffffff) shared(true)
Jul 14 23:26:53 kernel: zocl-drm axi:zyxclmm_drm:  ffff3568c9ea6c10 kds_del_context: Client pid(4235) del context Domain(0) CU(0xffffffff)
Jul 14 23:26:53 kernel: [drm] bitstream d0af154e-769f-dc2d-8555-420ae4a7919b unlocked, ref=0
Jul 14 23:26:53 kernel: zocl-drm axi:zyxclmm_drm: zocl_create_client: created KDS client for pid(4235), ret: 0
Jul 14 23:26:53 kernel: zocl-drm axi:zyxclmm_drm: zocl_destroy_client: client exits pid(4235)
Jul 14 23:26:53 kernel: zocl-drm axi:zyxclmm_drm: zocl_create_client: created KDS client for pid(4235), ret: 0
Jul 14 23:26:53 kernel: [drm] bitstream d0af154e-769f-dc2d-8555-420ae4a7919b locked, ref=1
Jul 14 23:26:53 kernel: zocl-drm axi:zyxclmm_drm:  ffff3568c9ea6c10 kds_add_context: Client pid(4235) add context Domain(0) CU(0x1) shared(true)
Jul 14 23:26:53 kernel: zocl-drm axi:zyxclmm_drm: zocl_create_client: created KDS client for pid(4235), ret: 0
Jul 14 23:26:53 kernel: zocl-drm axi:zyxclmm_drm: zocl_destroy_client: client exits pid(4235)
Jul 14 23:26:53 kernel: zocl-drm axi:zyxclmm_drm: zocl_create_client: created KDS client for pid(4235), ret: 0
Jul 14 23:26:53 kernel: [drm] bitstream d0af154e-769f-dc2d-8555-420ae4a7919b locked, ref=2
Jul 14 23:26:53 kernel: zocl-drm axi:zyxclmm_drm:  ffff3568c9ea6c10 kds_add_context: Client pid(4235) add context Domain(0) CU(0x0) shared(true)
Jul 14 23:26:53 kernel: zocl-drm axi:zyxclmm_drm: zocl_create_client: created KDS client for pid(4235), ret: 0
Jul 14 23:26:53 kernel: zocl-drm axi:zyxclmm_drm: zocl_destroy_client: client exits pid(4235)
Jul 14 23:26:53 kernel: zocl-drm axi:zyxclmm_drm: zocl_create_client: created KDS client for pid(4235), ret: 0
Jul 14 23:26:53 kernel: [drm] bitstream d0af154e-769f-dc2d-8555-420ae4a7919b locked, ref=3
Jul 14 23:26:53 kernel: zocl-drm axi:zyxclmm_drm:  ffff3568c9ea6c10 kds_add_context: Client pid(4235) add context Domain(0) CU(0x1) shared(true)
Jul 14 23:28:25 kernel: zocl-drm axi:zyxclmm_drm:  ffff3568c9ea6c10 _kds_fini_client: Client pid(4235) has 1 opening context for 0 slot
Jul 14 23:28:25 kernel: zocl-drm axi:zyxclmm_drm:  ffff3568c9ea6c10 kds_del_context: Client pid(4235) del context Domain(0) CU(0x1)
Jul 14 23:28:25 kernel: zocl-drm axi:zyxclmm_drm:  ffff3568c9ea6c10 _kds_fini_client: Removing CU Domain[0] CU Index [1]
Jul 14 23:28:25 kernel: [drm] bitstream d0af154e-769f-dc2d-8555-420ae4a7919b unlocked, ref=2
Jul 14 23:28:25 kernel: zocl-drm axi:zyxclmm_drm: zocl_destroy_client: client exits pid(4235)
Jul 14 23:28:25 kernel: zocl-drm axi:zyxclmm_drm:  ffff3568c9ea6c10 _kds_fini_client: Client pid(4235) has 1 opening context for 0 slot
Jul 14 23:28:25 kernel: zocl-drm axi:zyxclmm_drm:  ffff3568c9ea6c10 kds_del_context: Client pid(4235) del context Domain(0) CU(0x0)
Jul 14 23:28:25 kernel: zocl-drm axi:zyxclmm_drm:  ffff3568c9ea6c10 _kds_fini_client: Removing CU Domain[0] CU Index [0]
Jul 14 23:28:25 kernel: [drm] bitstream d0af154e-769f-dc2d-8555-420ae4a7919b unlocked, ref=1
Jul 14 23:28:25 kernel: zocl-drm axi:zyxclmm_drm: zocl_destroy_client: client exits pid(4235)
Jul 14 23:28:25 kernel: zocl-drm axi:zyxclmm_drm:  ffff3568c9ea6c10 _kds_fini_client: Client pid(4235) has 1 opening context for 0 slot
Jul 14 23:28:25 kernel: zocl-drm axi:zyxclmm_drm:  ffff3568c9ea6c10 kds_del_context: Client pid(4235) del context Domain(0) CU(0x1)
Jul 14 23:28:25 kernel: zocl-drm axi:zyxclmm_drm:  ffff3568c9ea6c10 _kds_fini_client: Removing CU Domain[0] CU Index [1]
Jul 14 23:28:25 kernel: [drm] bitstream d0af154e-769f-dc2d-8555-420ae4a7919b unlocked, ref=0
Jul 14 23:28:25 kernel: zocl-drm axi:zyxclmm_drm: zocl_destroy_client: client exits pid(4235)
Jul 14 23:28:25 kernel: zocl-drm axi:zyxclmm_drm: zocl_destroy_client: client exits pid(4235)
Jul 14 23:28:49 kernel: usb 2-1.1: Failed to query (GET_CUR) UVC control 1 on unit 3: -32 (exp. 1024).
Jul 14 23:28:49 kernel: BUG: sleeping function called from invalid context at kernel/locking/spinlock_rt.c:46
Jul 14 23:28:49 kernel: in_atomic(): 0, irqs_disabled(): 128, non_block: 0, pid: 3436, name: pr/netcon0
Jul 14 23:28:49 kernel: preempt_count: 0, expected: 0
Jul 14 23:28:49 kernel: RCU nest depth: 3, expected: 3
Jul 14 23:28:49 kernel: CPU: 1 PID: 3436 Comm: pr/netcon0 Tainted: G        WC        5.15.199-rt91-rt-kv260b #8
Jul 14 23:28:49 kernel: Hardware name: ZynqMP KV260 revB (DT)
Jul 14 23:28:49 kernel: Call trace:
Jul 14 23:28:49 kernel:  dump_backtrace+0x0/0x1f0
Jul 14 23:28:49 kernel:  show_stack+0x18/0x24
Jul 14 23:28:49 kernel:  dump_stack_lvl+0x68/0x84
Jul 14 23:28:49 kernel:  dump_stack+0x18/0x34
Jul 14 23:28:49 kernel:  __might_resched+0x148/0x1ac
Jul 14 23:28:49 kernel:  rt_spin_lock+0x30/0xd0
Jul 14 23:28:49 kernel:  macb_start_xmit+0x178/0xb74
Jul 14 23:28:49 kernel:  netpoll_start_xmit+0x100/0x1c0
Jul 14 23:28:49 kernel:  netpoll_send_skb+0x1cc/0x2a0
Jul 14 23:28:49 kernel:  netpoll_send_udp+0x204/0x430
Jul 14 23:28:49 kernel:  write_msg+0xfc/0x12c [netconsole]
Jul 14 23:28:49 kernel:  printk_kthread_func+0x1f0/0x574
Jul 14 23:28:49 kernel:  kthread+0x16c/0x180
Jul 14 23:28:49 kernel:  ret_from_fork+0x10/0x20
Jul 14 23:28:49 kernel: usb 2-1.1: USB disconnect, device number 4
Jul 14 23:28:50 kernel: usb 2-1.1: new SuperSpeed USB device number 5 using xhci-hcd
Jul 14 23:28:50 kernel: usb 2-1.1: New USB device found, idVendor=8086, idProduct=0b3a, bcdDevice=51.10
Jul 14 23:28:50 kernel: usb 2-1.1: New USB device strings: Mfr=1, Product=2, SerialNumber=3
Jul 14 23:28:50 kernel: usb 2-1.1: Product: Intel(R) RealSense(TM) Depth Camera 435i
Jul 14 23:28:50 kernel: usb 2-1.1: Manufacturer: Intel(R) RealSense(TM) Depth Camera 435i
Jul 14 23:28:50 kernel: usb 2-1.1: SerialNumber: 134523060150
Jul 14 23:28:50 kernel: uvcvideo 2-1.1:1.1: Unknown video format 00000050-0000-0010-8000-00aa00389b71
Jul 14 23:28:50 kernel: usb 2-1.1: Found UVC 1.50 device Intel(R) RealSense(TM) Depth Camera 435i (8086:0b3a)
Jul 14 23:28:50 kernel: input: Intel(R) RealSense(TM) Depth Ca as /devices/platform/axi/ff9d0000.usb/fe200000.usb/xhci-hcd.0.auto/usb2/2-1/2-1.1/2-1.1:1.0/input/input3
Jul 14 23:28:50 kernel: uvcvideo 2-1.1:1.4: Unknown video format 36315752-1a66-a242-9065-d01814a8ef8a
Jul 14 23:28:50 kernel: usb 2-1.1: Found UVC 1.50 device Intel(R) RealSense(TM) Depth Camera 435i (8086:0b3a)
Jul 14 23:28:51 kernel: hid-sensor-hub 0003:8086:0B3A.0003: No report with id 0xffffffff found
Jul 14 23:28:55 kernel: usb 2-1.1: Failed to query (GET_CUR) UVC control 1 on unit 3: -32 (exp. 1024).
Jul 14 23:28:55 kernel: BUG: sleeping function called from invalid context at kernel/locking/spinlock_rt.c:46
Jul 14 23:28:55 kernel: in_atomic(): 0, irqs_disabled(): 128, non_block: 0, pid: 3436, name: pr/netcon0
Jul 14 23:28:55 kernel: preempt_count: 0, expected: 0
Jul 14 23:28:55 kernel: RCU nest depth: 3, expected: 3
Jul 14 23:28:55 kernel: CPU: 1 PID: 3436 Comm: pr/netcon0 Tainted: G        WC        5.15.199-rt91-rt-kv260b #8
Jul 14 23:28:55 kernel: Hardware name: ZynqMP KV260 revB (DT)
Jul 14 23:28:55 kernel: Call trace:
Jul 14 23:28:55 kernel:  dump_backtrace+0x0/0x1f0
Jul 14 23:28:55 kernel:  show_stack+0x18/0x24
Jul 14 23:28:55 kernel:  dump_stack_lvl+0x68/0x84
Jul 14 23:28:55 kernel:  dump_stack+0x18/0x34
Jul 14 23:28:55 kernel:  __might_resched+0x148/0x1ac
Jul 14 23:28:55 kernel:  rt_spin_lock+0x30/0xd0
Jul 14 23:28:55 kernel:  macb_start_xmit+0x178/0xb74
Jul 14 23:28:55 kernel:  netpoll_start_xmit+0x100/0x1c0
Jul 14 23:28:55 kernel:  netpoll_send_skb+0x1cc/0x2a0
Jul 14 23:28:55 kernel:  netpoll_send_udp+0x204/0x430
Jul 14 23:28:55 kernel:  write_msg+0xfc/0x12c [netconsole]
Jul 14 23:28:55 kernel:  printk_kthread_func+0x1f0/0x574
Jul 14 23:28:55 kernel:  kthread+0x16c/0x180
Jul 14 23:28:55 kernel:  ret_from_fork+0x10/0x20
Jul 14 23:28:55 kernel: usb 2-1.1: Failed to query (GET_CUR) UVC control 1 on unit 3: -32 (exp. 1024).
Jul 14 23:28:55 kernel: usb 2-1.1: Failed to query (GET_CUR) UVC control 1 on unit 3: -32 (exp. 1024).
Jul 14 23:28:55 kernel: usb 2-1.1: Failed to query (GET_CUR) UVC control 1 on unit 3: -32 (exp. 1024).
Jul 14 23:28:55 kernel: usb 2-1.1: Failed to query (GET_CUR) UVC control 1 on unit 3: -32 (exp. 1024).
Jul 14 23:28:55 kernel: usb 2-1.1: Failed to query (GET_CUR) UVC control 1 on unit 3: -32 (exp. 1024).
Jul 14 23:28:55 kernel: usb 2-1.1: Failed to query (GET_CUR) UVC control 1 on unit 3: -32 (exp. 1024).
Jul 14 23:28:56 kernel: usb 2-1.1: Failed to query (GET_CUR) UVC control 1 on unit 3: -32 (exp. 1024).
Jul 14 23:28:56 kernel: usb 2-1.1: Failed to query (GET_CUR) UVC control 1 on unit 3: -32 (exp. 1024).
Jul 14 23:28:56 kernel: BUG: sleeping function called from invalid context at kernel/locking/spinlock_rt.c:46
Jul 14 23:28:56 kernel: in_atomic(): 0, irqs_disabled(): 128, non_block: 0, pid: 3436, name: pr/netcon0
Jul 14 23:28:56 kernel: preempt_count: 0, expected: 0
Jul 14 23:28:56 kernel: RCU nest depth: 3, expected: 3
Jul 14 23:28:56 kernel: CPU: 0 PID: 3436 Comm: pr/netcon0 Tainted: G        WC        5.15.199-rt91-rt-kv260b #8
Jul 14 23:28:56 kernel: Hardware name: ZynqMP KV260 revB (DT)
Jul 14 23:28:56 kernel: Call trace:
Jul 14 23:28:56 kernel:  dump_backtrace+0x0/0x1f0
Jul 14 23:28:56 kernel:  show_stack+0x18/0x24
Jul 14 23:28:56 kernel:  dump_stack_lvl+0x68/0x84
Jul 14 23:28:56 kernel:  dump_stack+0x18/0x34
Jul 14 23:28:56 kernel:  __might_resched+0x148/0x1ac
Jul 14 23:28:56 kernel:  rt_spin_lock+0x30/0xd0
Jul 14 23:28:56 kernel:  macb_start_xmit+0x178/0xb74
Jul 14 23:28:56 kernel:  netpoll_start_xmit+0x100/0x1c0
Jul 14 23:28:56 kernel:  netpoll_send_skb+0x1cc/0x2a0
Jul 14 23:28:56 kernel:  netpoll_send_udp+0x204/0x430
Jul 14 23:28:56 kernel:  write_msg+0xfc/0x12c [netconsole]
Jul 14 23:28:56 kernel:  printk_kthread_func+0x1f0/0x574
Jul 14 23:28:56 kernel:  kthread+0x16c/0x180
Jul 14 23:28:56 kernel:  ret_from_fork+0x10/0x20
Jul 14 23:28:56 kernel: usb 2-1.1: Failed to query (GET_CUR) UVC control 1 on unit 3: -32 (exp. 1024).
Jul 14 23:28:56 kernel: usb 2-1.1: Failed to query (GET_CUR) UVC control 1 on unit 3: -32 (exp. 1024).
Jul 14 23:28:56 kernel: usb 2-1.1: Failed to query (GET_CUR) UVC control 1 on unit 3: -32 (exp. 1024).
Jul 14 23:28:56 kernel: usb 2-1.1: Failed to query (GET_CUR) UVC control 1 on unit 3: -32 (exp. 1024).
Jul 14 23:28:56 kernel: usb 2-1.1: Failed to query (GET_CUR) UVC control 1 on unit 3: -32 (exp. 1024).
Jul 14 23:28:56 kernel: usb 2-1.1: Failed to query (GET_CUR) UVC control 1 on unit 3: -32 (exp. 1024).
Jul 14 23:28:57 kernel: usb 2-1.1: Failed to query (GET_CUR) UVC control 1 on unit 3: -32 (exp. 1024).
Jul 14 23:28:59 kernel: usb 2-1.1: Failed to query (GET_CUR) UVC control 1 on unit 3: -32 (exp. 1024).
Jul 14 23:28:59 kernel: BUG: sleeping function called from invalid context at kernel/locking/spinlock_rt.c:46
Jul 14 23:28:59 kernel: in_atomic(): 0, irqs_disabled(): 128, non_block: 0, pid: 3436, name: pr/netcon0
Jul 14 23:28:59 kernel: preempt_count: 0, expected: 0
Jul 14 23:28:59 kernel: RCU nest depth: 3, expected: 3
Jul 14 23:28:59 kernel: CPU: 0 PID: 3436 Comm: pr/netcon0 Tainted: G        WC        5.15.199-rt91-rt-kv260b #8
Jul 14 23:28:59 kernel: Hardware name: ZynqMP KV260 revB (DT)
Jul 14 23:28:59 kernel: Call trace:
Jul 14 23:28:59 kernel:  dump_backtrace+0x0/0x1f0
Jul 14 23:28:59 kernel:  show_stack+0x18/0x24
Jul 14 23:28:59 kernel:  dump_stack_lvl+0x68/0x84
Jul 14 23:28:59 kernel:  dump_stack+0x18/0x34
Jul 14 23:28:59 kernel:  __might_resched+0x148/0x1ac
Jul 14 23:28:59 kernel:  rt_spin_lock+0x30/0xd0
Jul 14 23:28:59 kernel:  macb_start_xmit+0x178/0xb74
Jul 14 23:28:59 kernel:  netpoll_start_xmit+0x100/0x1c0
Jul 14 23:28:59 kernel:  netpoll_send_skb+0x1cc/0x2a0
Jul 14 23:28:59 kernel:  netpoll_send_udp+0x204/0x430
Jul 14 23:28:59 kernel:  write_msg+0xfc/0x12c [netconsole]
Jul 14 23:28:59 kernel:  printk_kthread_func+0x1f0/0x574
Jul 14 23:28:59 kernel:  kthread+0x16c/0x180
Jul 14 23:28:59 kernel:  ret_from_fork+0x10/0x20
Jul 14 23:29:01 kernel: zocl-drm axi:zyxclmm_drm: zocl_create_client: created KDS client for pid(4751), ret: 0
Jul 14 23:29:01 kernel: zocl-drm axi:zyxclmm_drm: zocl_destroy_client: client exits pid(4751)
Jul 14 23:29:01 kernel: zocl-drm axi:zyxclmm_drm: zocl_create_client: created KDS client for pid(4751), ret: 0
Jul 14 23:29:01 kernel: zocl-drm axi:zyxclmm_drm: zocl_destroy_client: client exits pid(4751)
Jul 14 23:29:01 kernel: zocl-drm axi:zyxclmm_drm: zocl_create_client: created KDS client for pid(4751), ret: 0
Jul 14 23:29:01 kernel: zocl-drm axi:zyxclmm_drm: zocl_destroy_client: client exits pid(4751)
Jul 14 23:29:01 kernel: zocl-drm axi:zyxclmm_drm: zocl_create_client: created KDS client for pid(4751), ret: 0
Jul 14 23:29:01 kernel: zocl-drm axi:zyxclmm_drm: zocl_destroy_client: client exits pid(4751)
Jul 14 23:29:01 kernel: zocl-drm axi:zyxclmm_drm: zocl_create_client: created KDS client for pid(4751), ret: 0
Jul 14 23:29:01 kernel: zocl-drm axi:zyxclmm_drm: zocl_destroy_client: client exits pid(4751)
Jul 14 23:29:01 kernel: zocl-drm axi:zyxclmm_drm: zocl_create_client: created KDS client for pid(4751), ret: 0
Jul 14 23:29:01 kernel: zocl-drm axi:zyxclmm_drm: zocl_destroy_client: client exits pid(4751)
Jul 14 23:29:01 kernel: zocl-drm axi:zyxclmm_drm: zocl_create_client: created KDS client for pid(4751), ret: 0
Jul 14 23:29:01 kernel: [drm] skip kind 29(AIE_RESOURCES) return code: -22
Jul 14 23:29:01 kernel: [drm] zocl_xclbin_read_axlf The XCLBIN already loaded
Jul 14 23:29:01 kernel: [drm] zocl_xclbin_read_axlf d0af154e-769f-dc2d-8555-420ae4a7919b ret: 0
Jul 14 23:29:01 kernel: [drm] bitstream d0af154e-769f-dc2d-8555-420ae4a7919b locked, ref=1
Jul 14 23:29:01 kernel: zocl-drm axi:zyxclmm_drm:  ffff3568c9ea6c10 kds_add_context: Client pid(4751) add context Domain(0) CU(0xffffffff) shared(true)
Jul 14 23:29:01 kernel: zocl-drm axi:zyxclmm_drm:  ffff3568c9ea6c10 kds_del_context: Client pid(4751) del context Domain(0) CU(0xffffffff)
Jul 14 23:29:01 kernel: [drm] bitstream d0af154e-769f-dc2d-8555-420ae4a7919b unlocked, ref=0
Jul 14 23:29:01 kernel: zocl-drm axi:zyxclmm_drm: zocl_create_client: created KDS client for pid(4751), ret: 0
Jul 14 23:29:01 kernel: zocl-drm axi:zyxclmm_drm: zocl_destroy_client: client exits pid(4751)
Jul 14 23:29:01 kernel: zocl-drm axi:zyxclmm_drm: zocl_create_client: created KDS client for pid(4751), ret: 0
Jul 14 23:29:01 kernel: [drm] bitstream d0af154e-769f-dc2d-8555-420ae4a7919b locked, ref=1
Jul 14 23:29:01 kernel: zocl-drm axi:zyxclmm_drm:  ffff3568c9ea6c10 kds_add_context: Client pid(4751) add context Domain(0) CU(0x1) shared(true)
Jul 14 23:29:01 kernel: zocl-drm axi:zyxclmm_drm: zocl_create_client: created KDS client for pid(4751), ret: 0
Jul 14 23:29:01 kernel: zocl-drm axi:zyxclmm_drm: zocl_destroy_client: client exits pid(4751)
Jul 14 23:29:01 kernel: zocl-drm axi:zyxclmm_drm: zocl_create_client: created KDS client for pid(4751), ret: 0
Jul 14 23:29:01 kernel: [drm] bitstream d0af154e-769f-dc2d-8555-420ae4a7919b locked, ref=2
Jul 14 23:29:01 kernel: zocl-drm axi:zyxclmm_drm:  ffff3568c9ea6c10 kds_add_context: Client pid(4751) add context Domain(0) CU(0x0) shared(true)
Jul 14 23:29:01 kernel: zocl-drm axi:zyxclmm_drm: zocl_create_client: created KDS client for pid(4751), ret: 0
Jul 14 23:29:01 kernel: zocl-drm axi:zyxclmm_drm: zocl_destroy_client: client exits pid(4751)
Jul 14 23:29:01 kernel: zocl-drm axi:zyxclmm_drm: zocl_create_client: created KDS client for pid(4751), ret: 0
Jul 14 23:29:01 kernel: [drm] bitstream d0af154e-769f-dc2d-8555-420ae4a7919b locked, ref=3
Jul 14 23:29:01 kernel: zocl-drm axi:zyxclmm_drm:  ffff3568c9ea6c10 kds_add_context: Client pid(4751) add context Domain(0) CU(0x1) shared(true)
Jul 14 23:29:04 kernel: usb 2-1.1: Failed to query (GET_CUR) UVC control 1 on unit 3: -32 (exp. 1024).
Jul 14 23:29:04 kernel: BUG: sleeping function called from invalid context at kernel/locking/spinlock_rt.c:46
Jul 14 23:29:04 kernel: in_atomic(): 0, irqs_disabled(): 128, non_block: 0, pid: 3436, name: pr/netcon0
Jul 14 23:29:04 kernel: preempt_count: 0, expected: 0
Jul 14 23:29:04 kernel: RCU nest depth: 3, expected: 3
Jul 14 23:29:04 kernel: CPU: 2 PID: 3436 Comm: pr/netcon0 Tainted: G        WC        5.15.199-rt91-rt-kv260b #8
Jul 14 23:29:04 kernel: Hardware name: ZynqMP KV260 revB (DT)
Jul 14 23:29:04 kernel: Call trace:
Jul 14 23:29:04 kernel:  dump_backtrace+0x0/0x1f0
Jul 14 23:29:04 kernel:  show_stack+0x18/0x24
Jul 14 23:29:04 kernel:  dump_stack_lvl+0x68/0x84
Jul 14 23:29:04 kernel:  dump_stack+0x18/0x34
Jul 14 23:29:04 kernel:  __might_resched+0x148/0x1ac
Jul 14 23:29:04 kernel:  rt_spin_lock+0x30/0xd0
Jul 14 23:29:04 kernel:  macb_start_xmit+0x178/0xb74
Jul 14 23:29:04 kernel:  netpoll_start_xmit+0x100/0x1c0
Jul 14 23:29:04 kernel:  netpoll_send_skb+0x1cc/0x2a0
Jul 14 23:29:04 kernel:  netpoll_send_udp+0x204/0x430
Jul 14 23:29:04 kernel:  write_msg+0xfc/0x12c [netconsole]
Jul 14 23:29:04 kernel:  printk_kthread_func+0x1f0/0x574
Jul 14 23:29:04 kernel:  kthread+0x16c/0x180
Jul 14 23:29:04 kernel:  ret_from_fork+0x10/0x20
Jul 14 23:29:05 kernel: usb 2-1.1: Failed to query (GET_CUR) UVC control 1 on unit 3: -32 (exp. 1024).
Jul 14 23:29:05 kernel: BUG: sleeping function called from invalid context at kernel/locking/spinlock_rt.c:46
Jul 14 23:29:05 kernel: in_atomic(): 0, irqs_disabled(): 128, non_block: 0, pid: 3436, name: pr/netcon0
Jul 14 23:29:05 kernel: preempt_count: 0, expected: 0
Jul 14 23:29:05 kernel: RCU nest depth: 3, expected: 3
Jul 14 23:29:05 kernel: CPU: 0 PID: 3436 Comm: pr/netcon0 Tainted: G        WC        5.15.199-rt91-rt-kv260b #8
Jul 14 23:29:05 kernel: Hardware name: ZynqMP KV260 revB (DT)
Jul 14 23:29:05 kernel: Call trace:
Jul 14 23:29:05 kernel:  dump_backtrace+0x0/0x1f0
Jul 14 23:29:05 kernel:  show_stack+0x18/0x24
Jul 14 23:29:05 kernel:  dump_stack_lvl+0x68/0x84
Jul 14 23:29:05 kernel:  dump_stack+0x18/0x34
Jul 14 23:29:05 kernel:  __might_resched+0x148/0x1ac
Jul 14 23:29:05 kernel:  rt_spin_lock+0x30/0xd0
Jul 14 23:29:05 kernel:  macb_start_xmit+0x178/0xb74
Jul 14 23:29:05 kernel:  netpoll_start_xmit+0x100/0x1c0
Jul 14 23:29:05 kernel:  netpoll_send_skb+0x1cc/0x2a0
Jul 14 23:29:05 kernel:  netpoll_send_udp+0x204/0x430
Jul 14 23:29:05 kernel:  write_msg+0xfc/0x12c [netconsole]
Jul 14 23:29:05 kernel:  printk_kthread_func+0x1f0/0x574
Jul 14 23:29:05 kernel:  kthread+0x16c/0x180
Jul 14 23:29:05 kernel:  ret_from_fork+0x10/0x20
Jul 14 23:29:11 kernel: usb 2-1.1: Failed to query (GET_CUR) UVC control 1 on unit 3: -32 (exp. 1024).
Jul 14 23:29:11 kernel: BUG: sleeping function called from invalid context at kernel/locking/spinlock_rt.c:46
Jul 14 23:29:11 kernel: in_atomic(): 0, irqs_disabled(): 128, non_block: 0, pid: 3436, name: pr/netcon0
Jul 14 23:29:11 kernel: preempt_count: 0, expected: 0
Jul 14 23:29:11 kernel: RCU nest depth: 3, expected: 3
Jul 14 23:29:11 kernel: CPU: 1 PID: 3436 Comm: pr/netcon0 Tainted: G        WC        5.15.199-rt91-rt-kv260b #8
Jul 14 23:29:11 kernel: Hardware name: ZynqMP KV260 revB (DT)
Jul 14 23:29:11 kernel: Call trace:
Jul 14 23:29:11 kernel:  dump_backtrace+0x0/0x1f0
Jul 14 23:29:11 kernel:  show_stack+0x18/0x24
Jul 14 23:29:11 kernel:  dump_stack_lvl+0x68/0x84
Jul 14 23:29:11 kernel:  dump_stack+0x18/0x34
Jul 14 23:29:11 kernel:  __might_resched+0x148/0x1ac
Jul 14 23:29:11 kernel:  rt_spin_lock+0x30/0xd0
Jul 14 23:29:11 kernel:  macb_start_xmit+0x178/0xb74
Jul 14 23:29:11 kernel:  netpoll_start_xmit+0x100/0x1c0
Jul 14 23:29:11 kernel:  netpoll_send_skb+0x1cc/0x2a0
Jul 14 23:29:11 kernel:  netpoll_send_udp+0x204/0x430
Jul 14 23:29:11 kernel:  write_msg+0xfc/0x12c [netconsole]
Jul 14 23:29:11 kernel:  printk_kthread_func+0x1f0/0x574
Jul 14 23:29:11 kernel:  kthread+0x16c/0x180
Jul 14 23:29:11 kernel:  ret_from_fork+0x10/0x20
Jul 14 23:29:17 kernel: usb 2-1.1: Failed to query (GET_CUR) UVC control 1 on unit 3: -32 (exp. 1024).
Jul 14 23:29:17 kernel: BUG: sleeping function called from invalid context at kernel/locking/spinlock_rt.c:46
Jul 14 23:29:17 kernel: in_atomic(): 0, irqs_disabled(): 128, non_block: 0, pid: 3436, name: pr/netcon0
Jul 14 23:29:17 kernel: preempt_count: 0, expected: 0
Jul 14 23:29:17 kernel: RCU nest depth: 3, expected: 3
Jul 14 23:29:17 kernel: CPU: 3 PID: 3436 Comm: pr/netcon0 Tainted: G        WC        5.15.199-rt91-rt-kv260b #8
Jul 14 23:29:17 kernel: Hardware name: ZynqMP KV260 revB (DT)
Jul 14 23:29:17 kernel: Call trace:
Jul 14 23:29:17 kernel:  dump_backtrace+0x0/0x1f0
Jul 14 23:29:17 kernel:  show_stack+0x18/0x24
Jul 14 23:29:17 kernel:  dump_stack_lvl+0x68/0x84
Jul 14 23:29:17 kernel:  dump_stack+0x18/0x34
Jul 14 23:29:17 kernel:  __might_resched+0x148/0x1ac
Jul 14 23:29:17 kernel:  rt_spin_lock+0x30/0xd0
Jul 14 23:29:17 kernel:  macb_start_xmit+0x178/0xb74
Jul 14 23:29:17 kernel:  netpoll_start_xmit+0x100/0x1c0
Jul 14 23:29:17 kernel:  netpoll_send_skb+0x1cc/0x2a0
Jul 14 23:29:17 kernel:  netpoll_send_udp+0x204/0x430
Jul 14 23:29:17 kernel:  write_msg+0xfc/0x12c [netconsole]
Jul 14 23:29:17 kernel:  printk_kthread_func+0x1f0/0x574
Jul 14 23:29:17 kernel:  kthread+0x16c/0x180
Jul 14 23:29:17 kernel:  ret_from_fork+0x10/0x20
Jul 14 23:29:28 kernel: usb 2-1.1: Failed to query (GET_CUR) UVC control 1 on unit 3: -32 (exp. 1024).
Jul 14 23:29:28 kernel: BUG: sleeping function called from invalid context at kernel/locking/spinlock_rt.c:46
Jul 14 23:29:28 kernel: in_atomic(): 0, irqs_disabled(): 128, non_block: 0, pid: 3436, name: pr/netcon0
Jul 14 23:29:28 kernel: preempt_count: 0, expected: 0
Jul 14 23:29:28 kernel: RCU nest depth: 3, expected: 3
Jul 14 23:29:28 kernel: CPU: 1 PID: 3436 Comm: pr/netcon0 Tainted: G        WC        5.15.199-rt91-rt-kv260b #8
Jul 14 23:29:28 kernel: Hardware name: ZynqMP KV260 revB (DT)
Jul 14 23:29:28 kernel: Call trace:
Jul 14 23:29:28 kernel:  dump_backtrace+0x0/0x1f0
Jul 14 23:29:28 kernel:  show_stack+0x18/0x24
Jul 14 23:29:28 kernel:  dump_stack_lvl+0x68/0x84
Jul 14 23:29:28 kernel:  dump_stack+0x18/0x34
Jul 14 23:29:28 kernel:  __might_resched+0x148/0x1ac
Jul 14 23:29:28 kernel:  rt_spin_lock+0x30/0xd0
Jul 14 23:29:28 kernel:  macb_start_xmit+0x178/0xb74
Jul 14 23:29:28 kernel:  netpoll_start_xmit+0x100/0x1c0
Jul 14 23:29:28 kernel:  netpoll_send_skb+0x1cc/0x2a0
Jul 14 23:29:28 kernel:  netpoll_send_udp+0x204/0x430
Jul 14 23:29:28 kernel:  write_msg+0xfc/0x12c [netconsole]
Jul 14 23:29:28 kernel:  printk_kthread_func+0x1f0/0x574
Jul 14 23:29:28 kernel:  kthread+0x16c/0x180
Jul 14 23:29:28 kernel:  ret_from_fork+0x10/0x20
Jul 14 23:29:37 kernel: usb 2-1.1: Failed to query (GET_CUR) UVC control 1 on unit 3: -32 (exp. 1024).
Jul 14 23:29:37 kernel: BUG: sleeping function called from invalid context at kernel/locking/spinlock_rt.c:46
Jul 14 23:29:37 kernel: in_atomic(): 0, irqs_disabled(): 128, non_block: 0, pid: 3436, name: pr/netcon0
Jul 14 23:29:37 kernel: preempt_count: 0, expected: 0
Jul 14 23:29:37 kernel: RCU nest depth: 3, expected: 3
Jul 14 23:29:37 kernel: CPU: 1 PID: 3436 Comm: pr/netcon0 Tainted: G        WC        5.15.199-rt91-rt-kv260b #8
Jul 14 23:29:37 kernel: Hardware name: ZynqMP KV260 revB (DT)
Jul 14 23:29:37 kernel: Call trace:
Jul 14 23:29:37 kernel:  dump_backtrace+0x0/0x1f0
Jul 14 23:29:37 kernel:  show_stack+0x18/0x24
Jul 14 23:29:37 kernel:  dump_stack_lvl+0x68/0x84
Jul 14 23:29:37 kernel:  dump_stack+0x18/0x34
Jul 14 23:29:37 kernel:  __might_resched+0x148/0x1ac
Jul 14 23:29:37 kernel:  rt_spin_lock+0x30/0xd0
Jul 14 23:29:37 kernel:  macb_start_xmit+0x178/0xb74
Jul 14 23:29:37 kernel:  netpoll_start_xmit+0x100/0x1c0
Jul 14 23:29:37 kernel:  netpoll_send_skb+0x1cc/0x2a0
Jul 14 23:29:37 kernel:  netpoll_send_udp+0x204/0x430
Jul 14 23:29:37 kernel:  write_msg+0xfc/0x12c [netconsole]
Jul 14 23:29:37 kernel:  printk_kthread_func+0x1f0/0x574
Jul 14 23:29:37 kernel:  kthread+0x16c/0x180
Jul 14 23:29:37 kernel:  ret_from_fork+0x10/0x20
Jul 14 23:29:38 kernel: usb 2-1.1: Failed to query (GET_CUR) UVC control 1 on unit 3: -32 (exp. 1024).
Jul 14 23:29:38 kernel: BUG: sleeping function called from invalid context at kernel/locking/spinlock_rt.c:46
Jul 14 23:29:38 kernel: in_atomic(): 0, irqs_disabled(): 128, non_block: 0, pid: 3436, name: pr/netcon0
Jul 14 23:29:38 kernel: preempt_count: 0, expected: 0
Jul 14 23:29:38 kernel: RCU nest depth: 3, expected: 3
Jul 14 23:29:38 kernel: CPU: 3 PID: 3436 Comm: pr/netcon0 Tainted: G        WC        5.15.199-rt91-rt-kv260b #8
Jul 14 23:29:38 kernel: Hardware name: ZynqMP KV260 revB (DT)
Jul 14 23:29:38 kernel: Call trace:
Jul 14 23:29:38 kernel:  dump_backtrace+0x0/0x1f0
Jul 14 23:29:38 kernel:  show_stack+0x18/0x24
Jul 14 23:29:38 kernel:  dump_stack_lvl+0x68/0x84
Jul 14 23:29:38 kernel:  dump_stack+0x18/0x34
Jul 14 23:29:38 kernel:  __might_resched+0x148/0x1ac
Jul 14 23:29:38 kernel:  rt_spin_lock+0x30/0xd0
Jul 14 23:29:38 kernel:  macb_start_xmit+0x178/0xb74
Jul 14 23:29:38 kernel:  netpoll_start_xmit+0x100/0x1c0
Jul 14 23:29:38 kernel:  netpoll_send_skb+0x1cc/0x2a0
Jul 14 23:29:38 kernel:  netpoll_send_udp+0x204/0x430
Jul 14 23:29:38 kernel:  write_msg+0xfc/0x12c [netconsole]
Jul 14 23:29:38 kernel:  printk_kthread_func+0x1f0/0x574
Jul 14 23:29:38 kernel:  kthread+0x16c/0x180
Jul 14 23:29:38 kernel:  ret_from_fork+0x10/0x20
Jul 14 23:29:39 kernel: usb 2-1.1: Failed to query (GET_CUR) UVC control 1 on unit 3: -32 (exp. 1024).
Jul 14 23:29:39 kernel: BUG: sleeping function called from invalid context at kernel/locking/spinlock_rt.c:46
Jul 14 23:29:39 kernel: in_atomic(): 0, irqs_disabled(): 128, non_block: 0, pid: 3436, name: pr/netcon0
Jul 14 23:29:39 kernel: preempt_count: 0, expected: 0
Jul 14 23:29:39 kernel: RCU nest depth: 3, expected: 3
Jul 14 23:29:39 kernel: CPU: 0 PID: 3436 Comm: pr/netcon0 Tainted: G        WC        5.15.199-rt91-rt-kv260b #8
Jul 14 23:29:39 kernel: Hardware name: ZynqMP KV260 revB (DT)
Jul 14 23:29:39 kernel: Call trace:
Jul 14 23:29:39 kernel:  dump_backtrace+0x0/0x1f0
Jul 14 23:29:39 kernel:  show_stack+0x18/0x24
Jul 14 23:29:39 kernel:  dump_stack_lvl+0x68/0x84
Jul 14 23:29:39 kernel:  dump_stack+0x18/0x34
Jul 14 23:29:39 kernel:  __might_resched+0x148/0x1ac
Jul 14 23:29:39 kernel:  rt_spin_lock+0x30/0xd0
Jul 14 23:29:39 kernel:  macb_start_xmit+0x178/0xb74
Jul 14 23:29:39 kernel:  netpoll_start_xmit+0x100/0x1c0
Jul 14 23:29:39 kernel:  netpoll_send_skb+0x1cc/0x2a0
Jul 14 23:29:39 kernel:  netpoll_send_udp+0x204/0x430
Jul 14 23:29:39 kernel:  write_msg+0xfc/0x12c [netconsole]
Jul 14 23:29:39 kernel:  printk_kthread_func+0x1f0/0x574
Jul 14 23:29:39 kernel:  kthread+0x16c/0x180
Jul 14 23:29:39 kernel:  ret_from_fork+0x10/0x20
Jul 14 23:29:40 kernel: usb 2-1.1: Failed to query (GET_CUR) UVC control 1 on unit 3: -32 (exp. 1024).
Jul 14 23:29:40 kernel: BUG: sleeping function called from invalid context at kernel/locking/spinlock_rt.c:46
Jul 14 23:29:40 kernel: in_atomic(): 0, irqs_disabled(): 128, non_block: 0, pid: 3436, name: pr/netcon0
Jul 14 23:29:40 kernel: preempt_count: 0, expected: 0
Jul 14 23:29:40 kernel: RCU nest depth: 3, expected: 3
Jul 14 23:29:40 kernel: CPU: 0 PID: 3436 Comm: pr/netcon0 Tainted: G        WC        5.15.199-rt91-rt-kv260b #8
Jul 14 23:29:40 kernel: Hardware name: ZynqMP KV260 revB (DT)
Jul 14 23:29:40 kernel: Call trace:
Jul 14 23:29:40 kernel:  dump_backtrace+0x0/0x1f0
Jul 14 23:29:40 kernel:  show_stack+0x18/0x24
Jul 14 23:29:40 kernel:  dump_stack_lvl+0x68/0x84
Jul 14 23:29:40 kernel:  dump_stack+0x18/0x34
Jul 14 23:29:40 kernel:  __might_resched+0x148/0x1ac
Jul 14 23:29:40 kernel:  rt_spin_lock+0x30/0xd0
Jul 14 23:29:40 kernel:  macb_start_xmit+0x178/0xb74
Jul 14 23:29:40 kernel:  netpoll_start_xmit+0x100/0x1c0
Jul 14 23:29:40 kernel:  netpoll_send_skb+0x1cc/0x2a0
Jul 14 23:29:40 kernel:  netpoll_send_udp+0x204/0x430
Jul 14 23:29:40 kernel:  write_msg+0xfc/0x12c [netconsole]
Jul 14 23:29:40 kernel:  printk_kthread_func+0x1f0/0x574
Jul 14 23:29:40 kernel:  kthread+0x16c/0x180
Jul 14 23:29:40 kernel:  ret_from_fork+0x10/0x20
Jul 14 23:29:46 kernel: usb 2-1.1: Failed to query (GET_CUR) UVC control 1 on unit 3: -32 (exp. 1024).
Jul 14 23:29:46 kernel: BUG: sleeping function called from invalid context at kernel/locking/spinlock_rt.c:46
Jul 14 23:29:46 kernel: in_atomic(): 0, irqs_disabled(): 128, non_block: 0, pid: 3436, name: pr/netcon0
Jul 14 23:29:46 kernel: preempt_count: 0, expected: 0
Jul 14 23:29:46 kernel: RCU nest depth: 3, expected: 3
Jul 14 23:29:46 kernel: CPU: 2 PID: 3436 Comm: pr/netcon0 Tainted: G        WC        5.15.199-rt91-rt-kv260b #8
Jul 14 23:29:46 kernel: Hardware name: ZynqMP KV260 revB (DT)
Jul 14 23:29:46 kernel: Call trace:
Jul 14 23:29:46 kernel:  dump_backtrace+0x0/0x1f0
Jul 14 23:29:46 kernel:  show_stack+0x18/0x24
Jul 14 23:29:46 kernel:  dump_stack_lvl+0x68/0x84
Jul 14 23:29:46 kernel:  dump_stack+0x18/0x34
Jul 14 23:29:46 kernel:  __might_resched+0x148/0x1ac
Jul 14 23:29:46 kernel:  rt_spin_lock+0x30/0xd0
Jul 14 23:29:46 kernel:  macb_start_xmit+0x178/0xb74
Jul 14 23:29:46 kernel:  netpoll_start_xmit+0x100/0x1c0
Jul 14 23:29:46 kernel:  netpoll_send_skb+0x1cc/0x2a0
Jul 14 23:29:46 kernel:  netpoll_send_udp+0x204/0x430
Jul 14 23:29:46 kernel:  write_msg+0xfc/0x12c [netconsole]
Jul 14 23:29:46 kernel:  printk_kthread_func+0x1f0/0x574
Jul 14 23:29:46 kernel:  kthread+0x16c/0x180
Jul 14 23:29:46 kernel:  ret_from_fork+0x10/0x20
Jul 14 23:29:47 kernel: usb 2-1.1: Failed to query (GET_CUR) UVC control 1 on unit 3: -32 (exp. 1024).
Jul 14 23:29:47 kernel: BUG: sleeping function called from invalid context at kernel/locking/spinlock_rt.c:46
Jul 14 23:29:47 kernel: in_atomic(): 0, irqs_disabled(): 128, non_block: 0, pid: 3436, name: pr/netcon0
Jul 14 23:29:47 kernel: preempt_count: 0, expected: 0
Jul 14 23:29:47 kernel: RCU nest depth: 3, expected: 3
Jul 14 23:29:47 kernel: CPU: 2 PID: 3436 Comm: pr/netcon0 Tainted: G        WC        5.15.199-rt91-rt-kv260b #8
Jul 14 23:29:47 kernel: Hardware name: ZynqMP KV260 revB (DT)
Jul 14 23:29:47 kernel: Call trace:
Jul 14 23:29:47 kernel:  dump_backtrace+0x0/0x1f0
Jul 14 23:29:47 kernel:  show_stack+0x18/0x24
Jul 14 23:29:47 kernel:  dump_stack_lvl+0x68/0x84
Jul 14 23:29:47 kernel:  dump_stack+0x18/0x34
Jul 14 23:29:47 kernel:  __might_resched+0x148/0x1ac
Jul 14 23:29:47 kernel:  rt_spin_lock+0x30/0xd0
Jul 14 23:29:47 kernel:  macb_start_xmit+0x178/0xb74
Jul 14 23:29:47 kernel:  netpoll_start_xmit+0x100/0x1c0
Jul 14 23:29:47 kernel:  netpoll_send_skb+0x1cc/0x2a0
Jul 14 23:29:47 kernel:  netpoll_send_udp+0x204/0x430
Jul 14 23:29:47 kernel:  write_msg+0xfc/0x12c [netconsole]
Jul 14 23:29:47 kernel:  printk_kthread_func+0x1f0/0x574
Jul 14 23:29:47 kernel:  kthread+0x16c/0x180
Jul 14 23:29:47 kernel:  ret_from_fork+0x10/0x20
Jul 14 23:29:59 kernel: usb 2-1.1: Failed to query (GET_CUR) UVC control 1 on unit 3: -32 (exp. 1024).
Jul 14 23:29:59 kernel: BUG: sleeping function called from invalid context at kernel/locking/spinlock_rt.c:46
Jul 14 23:29:59 kernel: in_atomic(): 0, irqs_disabled(): 128, non_block: 0, pid: 3436, name: pr/netcon0
Jul 14 23:29:59 kernel: preempt_count: 0, expected: 0
Jul 14 23:29:59 kernel: RCU nest depth: 3, expected: 3
Jul 14 23:29:59 kernel: CPU: 2 PID: 3436 Comm: pr/netcon0 Tainted: G        WC        5.15.199-rt91-rt-kv260b #8
Jul 14 23:29:59 kernel: Hardware name: ZynqMP KV260 revB (DT)
Jul 14 23:29:59 kernel: Call trace:
Jul 14 23:29:59 kernel:  dump_backtrace+0x0/0x1f0
Jul 14 23:29:59 kernel:  show_stack+0x18/0x24
Jul 14 23:29:59 kernel:  dump_stack_lvl+0x68/0x84
Jul 14 23:29:59 kernel:  dump_stack+0x18/0x34
Jul 14 23:29:59 kernel:  __might_resched+0x148/0x1ac
Jul 14 23:29:59 kernel:  rt_spin_lock+0x30/0xd0
Jul 14 23:29:59 kernel:  macb_start_xmit+0x178/0xb74
Jul 14 23:29:59 kernel:  netpoll_start_xmit+0x100/0x1c0
Jul 14 23:29:59 kernel:  netpoll_send_skb+0x1cc/0x2a0
Jul 14 23:29:59 kernel:  netpoll_send_udp+0x204/0x430
Jul 14 23:29:59 kernel:  write_msg+0xfc/0x12c [netconsole]
Jul 14 23:29:59 kernel:  printk_kthread_func+0x1f0/0x574
Jul 14 23:29:59 kernel:  kthread+0x16c/0x180
Jul 14 23:29:59 kernel:  ret_from_fork+0x10/0x20
Jul 14 23:30:04 kernel: usb 2-1.1: Failed to query (GET_CUR) UVC control 1 on unit 3: -32 (exp. 1024).
Jul 14 23:30:04 kernel: BUG: sleeping function called from invalid context at kernel/locking/spinlock_rt.c:46
Jul 14 23:30:04 kernel: in_atomic(): 0, irqs_disabled(): 128, non_block: 0, pid: 3436, name: pr/netcon0
Jul 14 23:30:04 kernel: preempt_count: 0, expected: 0
Jul 14 23:30:04 kernel: RCU nest depth: 3, expected: 3
Jul 14 23:30:04 kernel: CPU: 3 PID: 3436 Comm: pr/netcon0 Tainted: G        WC        5.15.199-rt91-rt-kv260b #8
Jul 14 23:30:04 kernel: Hardware name: ZynqMP KV260 revB (DT)
Jul 14 23:30:04 kernel: Call trace:
Jul 14 23:30:04 kernel:  dump_backtrace+0x0/0x1f0
Jul 14 23:30:04 kernel:  show_stack+0x18/0x24
Jul 14 23:30:04 kernel:  dump_stack_lvl+0x68/0x84
Jul 14 23:30:04 kernel:  dump_stack+0x18/0x34
Jul 14 23:30:04 kernel:  __might_resched+0x148/0x1ac
Jul 14 23:30:04 kernel:  rt_spin_lock+0x30/0xd0
Jul 14 23:30:04 kernel:  macb_start_xmit+0x178/0xb74
Jul 14 23:30:04 kernel:  netpoll_start_xmit+0x100/0x1c0
Jul 14 23:30:04 kernel:  netpoll_send_skb+0x1cc/0x2a0
Jul 14 23:30:04 kernel:  netpoll_send_udp+0x204/0x430
Jul 14 23:30:04 kernel:  write_msg+0xfc/0x12c [netconsole]
Jul 14 23:30:04 kernel:  printk_kthread_func+0x1f0/0x574
Jul 14 23:30:04 kernel:  kthread+0x16c/0x180
Jul 14 23:30:04 kernel:  ret_from_fork+0x10/0x20
Jul 14 23:30:10 kernel: usb 2-1.1: Failed to query (GET_CUR) UVC control 1 on unit 3: -32 (exp. 1024).
Jul 14 23:30:10 kernel: BUG: sleeping function called from invalid context at kernel/locking/spinlock_rt.c:46
Jul 14 23:30:10 kernel: in_atomic(): 0, irqs_disabled(): 128, non_block: 0, pid: 3436, name: pr/netcon0
Jul 14 23:30:10 kernel: preempt_count: 0, expected: 0
Jul 14 23:30:10 kernel: RCU nest depth: 3, expected: 3
Jul 14 23:30:10 kernel: CPU: 2 PID: 3436 Comm: pr/netcon0 Tainted: G        WC        5.15.199-rt91-rt-kv260b #8
Jul 14 23:30:10 kernel: Hardware name: ZynqMP KV260 revB (DT)
Jul 14 23:30:10 kernel: Call trace:
Jul 14 23:30:10 kernel:  dump_backtrace+0x0/0x1f0
Jul 14 23:30:10 kernel:  show_stack+0x18/0x24
Jul 14 23:30:10 kernel:  dump_stack_lvl+0x68/0x84
Jul 14 23:30:10 kernel:  dump_stack+0x18/0x34
Jul 14 23:30:10 kernel:  __might_resched+0x148/0x1ac
Jul 14 23:30:10 kernel:  rt_spin_lock+0x30/0xd0
Jul 14 23:30:10 kernel:  macb_start_xmit+0x178/0xb74
Jul 14 23:30:10 kernel:  netpoll_start_xmit+0x100/0x1c0
Jul 14 23:30:10 kernel:  netpoll_send_skb+0x1cc/0x2a0
Jul 14 23:30:10 kernel:  netpoll_send_udp+0x204/0x430
Jul 14 23:30:10 kernel:  write_msg+0xfc/0x12c [netconsole]
Jul 14 23:30:10 kernel:  printk_kthread_func+0x1f0/0x574
Jul 14 23:30:10 kernel:  kthread+0x16c/0x180
Jul 14 23:30:10 kernel:  ret_from_fork+0x10/0x20
Jul 14 23:30:11 kernel: usb 2-1.1: Failed to query (GET_CUR) UVC control 1 on unit 3: -32 (exp. 1024).
Jul 14 23:30:11 kernel: BUG: sleeping function called from invalid context at kernel/locking/spinlock_rt.c:46
Jul 14 23:30:11 kernel: in_atomic(): 0, irqs_disabled(): 128, non_block: 0, pid: 3436, name: pr/netcon0
Jul 14 23:30:11 kernel: preempt_count: 0, expected: 0
Jul 14 23:30:11 kernel: RCU nest depth: 3, expected: 3
Jul 14 23:30:11 kernel: CPU: 3 PID: 3436 Comm: pr/netcon0 Tainted: G        WC        5.15.199-rt91-rt-kv260b #8
Jul 14 23:30:11 kernel: Hardware name: ZynqMP KV260 revB (DT)
Jul 14 23:30:11 kernel: Call trace:
Jul 14 23:30:11 kernel:  dump_backtrace+0x0/0x1f0
Jul 14 23:30:11 kernel:  show_stack+0x18/0x24
Jul 14 23:30:11 kernel:  dump_stack_lvl+0x68/0x84
Jul 14 23:30:11 kernel:  dump_stack+0x18/0x34
Jul 14 23:30:11 kernel:  __might_resched+0x148/0x1ac
Jul 14 23:30:11 kernel:  rt_spin_lock+0x30/0xd0
Jul 14 23:30:11 kernel:  macb_start_xmit+0x178/0xb74
Jul 14 23:30:11 kernel:  netpoll_start_xmit+0x100/0x1c0
Jul 14 23:30:11 kernel:  netpoll_send_skb+0x1cc/0x2a0
Jul 14 23:30:11 kernel:  netpoll_send_udp+0x204/0x430
Jul 14 23:30:11 kernel:  write_msg+0xfc/0x12c [netconsole]
Jul 14 23:30:11 kernel:  printk_kthread_func+0x1f0/0x574
Jul 14 23:30:11 kernel:  kthread+0x16c/0x180
Jul 14 23:30:11 kernel:  ret_from_fork+0x10/0x20
Jul 14 23:30:12 kernel: usb 2-1.1: Failed to query (GET_CUR) UVC control 1 on unit 3: -32 (exp. 1024).
Jul 14 23:30:12 kernel: BUG: sleeping function called from invalid context at kernel/locking/spinlock_rt.c:46
Jul 14 23:30:12 kernel: in_atomic(): 0, irqs_disabled(): 128, non_block: 0, pid: 3436, name: pr/netcon0
Jul 14 23:30:12 kernel: preempt_count: 0, expected: 0
Jul 14 23:30:12 kernel: RCU nest depth: 3, expected: 3
Jul 14 23:30:12 kernel: CPU: 1 PID: 3436 Comm: pr/netcon0 Tainted: G        WC        5.15.199-rt91-rt-kv260b #8
Jul 14 23:30:12 kernel: Hardware name: ZynqMP KV260 revB (DT)
Jul 14 23:30:12 kernel: Call trace:
Jul 14 23:30:12 kernel:  dump_backtrace+0x0/0x1f0
Jul 14 23:30:12 kernel:  show_stack+0x18/0x24
Jul 14 23:30:12 kernel:  dump_stack_lvl+0x68/0x84
Jul 14 23:30:12 kernel:  dump_stack+0x18/0x34
Jul 14 23:30:12 kernel:  __might_resched+0x148/0x1ac
Jul 14 23:30:12 kernel:  rt_spin_lock+0x30/0xd0
Jul 14 23:30:12 kernel:  macb_start_xmit+0x178/0xb74
Jul 14 23:30:12 kernel:  netpoll_start_xmit+0x100/0x1c0
Jul 14 23:30:12 kernel:  netpoll_send_skb+0x1cc/0x2a0
Jul 14 23:30:12 kernel:  netpoll_send_udp+0x204/0x430
Jul 14 23:30:12 kernel:  write_msg+0xfc/0x12c [netconsole]
Jul 14 23:30:12 kernel:  printk_kthread_func+0x1f0/0x574
Jul 14 23:30:12 kernel:  kthread+0x16c/0x180
Jul 14 23:30:12 kernel:  ret_from_fork+0x10/0x20
Jul 14 23:30:15 kernel: usb 2-1.1: Failed to query (GET_CUR) UVC control 1 on unit 3: -32 (exp. 1024).
Jul 14 23:30:15 kernel: BUG: sleeping function called from invalid context at kernel/locking/spinlock_rt.c:46
Jul 14 23:30:15 kernel: in_atomic(): 0, irqs_disabled(): 128, non_block: 0, pid: 3436, name: pr/netcon0
Jul 14 23:30:15 kernel: preempt_count: 0, expected: 0
Jul 14 23:30:15 kernel: RCU nest depth: 3, expected: 3
Jul 14 23:30:15 kernel: CPU: 2 PID: 3436 Comm: pr/netcon0 Tainted: G        WC        5.15.199-rt91-rt-kv260b #8
Jul 14 23:30:15 kernel: Hardware name: ZynqMP KV260 revB (DT)
Jul 14 23:30:15 kernel: Call trace:
Jul 14 23:30:15 kernel:  dump_backtrace+0x0/0x1f0
Jul 14 23:30:15 kernel:  show_stack+0x18/0x24
Jul 14 23:30:15 kernel:  dump_stack_lvl+0x68/0x84
Jul 14 23:30:15 kernel:  dump_stack+0x18/0x34
Jul 14 23:30:15 kernel:  __might_resched+0x148/0x1ac
Jul 14 23:30:15 kernel:  rt_spin_lock+0x30/0xd0
Jul 14 23:30:15 kernel:  macb_start_xmit+0x178/0xb74
Jul 14 23:30:15 kernel:  netpoll_start_xmit+0x100/0x1c0
Jul 14 23:30:15 kernel:  netpoll_send_skb+0x1cc/0x2a0
Jul 14 23:30:15 kernel:  netpoll_send_udp+0x204/0x430
Jul 14 23:30:15 kernel:  write_msg+0xfc/0x12c [netconsole]
Jul 14 23:30:15 kernel:  printk_kthread_func+0x1f0/0x574
Jul 14 23:30:15 kernel:  kthread+0x16c/0x180
Jul 14 23:30:15 kernel:  ret_from_fork+0x10/0x20
Jul 14 23:30:16 kernel: usb 2-1.1: Failed to query (GET_CUR) UVC control 1 on unit 3: -32 (exp. 1024).
Jul 14 23:30:16 kernel: BUG: sleeping function called from invalid context at kernel/locking/spinlock_rt.c:46
Jul 14 23:30:16 kernel: in_atomic(): 0, irqs_disabled(): 128, non_block: 0, pid: 3436, name: pr/netcon0
Jul 14 23:30:16 kernel: preempt_count: 0, expected: 0
Jul 14 23:30:16 kernel: RCU nest depth: 3, expected: 3
Jul 14 23:30:16 kernel: CPU: 0 PID: 3436 Comm: pr/netcon0 Tainted: G        WC        5.15.199-rt91-rt-kv260b #8
Jul 14 23:30:16 kernel: Hardware name: ZynqMP KV260 revB (DT)
Jul 14 23:30:16 kernel: Call trace:
Jul 14 23:30:16 kernel:  dump_backtrace+0x0/0x1f0
Jul 14 23:30:16 kernel:  show_stack+0x18/0x24
Jul 14 23:30:16 kernel:  dump_stack_lvl+0x68/0x84
Jul 14 23:30:16 kernel:  dump_stack+0x18/0x34
Jul 14 23:30:16 kernel:  __might_resched+0x148/0x1ac
Jul 14 23:30:16 kernel:  rt_spin_lock+0x30/0xd0
Jul 14 23:30:16 kernel:  macb_start_xmit+0x178/0xb74
Jul 14 23:30:16 kernel:  netpoll_start_xmit+0x100/0x1c0
Jul 14 23:30:16 kernel:  netpoll_send_skb+0x1cc/0x2a0
Jul 14 23:30:16 kernel:  netpoll_send_udp+0x204/0x430
Jul 14 23:30:16 kernel:  write_msg+0xfc/0x12c [netconsole]
Jul 14 23:30:16 kernel:  printk_kthread_func+0x1f0/0x574
Jul 14 23:30:16 kernel:  kthread+0x16c/0x180
Jul 14 23:30:16 kernel:  ret_from_fork+0x10/0x20
Jul 14 23:30:19 kernel: usb 2-1.1: Failed to query (GET_CUR) UVC control 1 on unit 3: -32 (exp. 1024).
Jul 14 23:30:19 kernel: BUG: sleeping function called from invalid context at kernel/locking/spinlock_rt.c:46
Jul 14 23:30:19 kernel: in_atomic(): 0, irqs_disabled(): 128, non_block: 0, pid: 3436, name: pr/netcon0
Jul 14 23:30:19 kernel: preempt_count: 0, expected: 0
Jul 14 23:30:19 kernel: RCU nest depth: 3, expected: 3
Jul 14 23:30:19 kernel: CPU: 1 PID: 3436 Comm: pr/netcon0 Tainted: G        WC        5.15.199-rt91-rt-kv260b #8
Jul 14 23:30:19 kernel: Hardware name: ZynqMP KV260 revB (DT)
Jul 14 23:30:19 kernel: Call trace:
Jul 14 23:30:19 kernel:  dump_backtrace+0x0/0x1f0
Jul 14 23:30:19 kernel:  show_stack+0x18/0x24
Jul 14 23:30:19 kernel:  dump_stack_lvl+0x68/0x84
Jul 14 23:30:19 kernel:  dump_stack+0x18/0x34
Jul 14 23:30:19 kernel:  __might_resched+0x148/0x1ac
Jul 14 23:30:19 kernel:  rt_spin_lock+0x30/0xd0
Jul 14 23:30:19 kernel:  macb_start_xmit+0x178/0xb74
Jul 14 23:30:19 kernel:  netpoll_start_xmit+0x100/0x1c0
Jul 14 23:30:19 kernel:  netpoll_send_skb+0x1cc/0x2a0
Jul 14 23:30:19 kernel:  netpoll_send_udp+0x204/0x430
Jul 14 23:30:19 kernel:  write_msg+0xfc/0x12c [netconsole]
Jul 14 23:30:19 kernel:  printk_kthread_func+0x1f0/0x574
Jul 14 23:30:19 kernel:  kthread+0x16c/0x180
Jul 14 23:30:19 kernel:  ret_from_fork+0x10/0x20
Jul 14 23:30:21 kernel: usb 2-1.1: Failed to query (GET_CUR) UVC control 1 on unit 3: -32 (exp. 1024).
Jul 14 23:30:21 kernel: BUG: sleeping function called from invalid context at kernel/locking/spinlock_rt.c:46
Jul 14 23:30:21 kernel: in_atomic(): 0, irqs_disabled(): 128, non_block: 0, pid: 3436, name: pr/netcon0
Jul 14 23:30:21 kernel: preempt_count: 0, expected: 0
Jul 14 23:30:21 kernel: RCU nest depth: 3, expected: 3
Jul 14 23:30:21 kernel: CPU: 2 PID: 3436 Comm: pr/netcon0 Tainted: G        WC        5.15.199-rt91-rt-kv260b #8
Jul 14 23:30:21 kernel: Hardware name: ZynqMP KV260 revB (DT)
Jul 14 23:30:21 kernel: Call trace:
Jul 14 23:30:21 kernel:  dump_backtrace+0x0/0x1f0
Jul 14 23:30:21 kernel:  show_stack+0x18/0x24
Jul 14 23:30:21 kernel:  dump_stack_lvl+0x68/0x84
Jul 14 23:30:21 kernel:  dump_stack+0x18/0x34
Jul 14 23:30:21 kernel:  __might_resched+0x148/0x1ac
Jul 14 23:30:21 kernel:  rt_spin_lock+0x30/0xd0
Jul 14 23:30:21 kernel:  macb_start_xmit+0x178/0xb74
Jul 14 23:30:21 kernel:  netpoll_start_xmit+0x100/0x1c0
Jul 14 23:30:21 kernel:  netpoll_send_skb+0x1cc/0x2a0
Jul 14 23:30:21 kernel:  netpoll_send_udp+0x204/0x430
Jul 14 23:30:21 kernel:  write_msg+0xfc/0x12c [netconsole]
Jul 14 23:30:21 kernel:  printk_kthread_func+0x1f0/0x574
Jul 14 23:30:21 kernel:  kthread+0x16c/0x180
Jul 14 23:30:21 kernel:  ret_from_fork+0x10/0x20
Jul 14 23:30:26 kernel: usb 2-1.1: Failed to query (GET_CUR) UVC control 1 on unit 3: -32 (exp. 1024).
Jul 14 23:30:26 kernel: BUG: sleeping function called from invalid context at kernel/locking/spinlock_rt.c:46
Jul 14 23:30:26 kernel: in_atomic(): 0, irqs_disabled(): 128, non_block: 0, pid: 3436, name: pr/netcon0
Jul 14 23:30:26 kernel: preempt_count: 0, expected: 0
Jul 14 23:30:26 kernel: RCU nest depth: 3, expected: 3
Jul 14 23:30:26 kernel: CPU: 1 PID: 3436 Comm: pr/netcon0 Tainted: G        WC        5.15.199-rt91-rt-kv260b #8
Jul 14 23:30:26 kernel: Hardware name: ZynqMP KV260 revB (DT)
Jul 14 23:30:26 kernel: Call trace:
Jul 14 23:30:26 kernel:  dump_backtrace+0x0/0x1f0
Jul 14 23:30:26 kernel:  show_stack+0x18/0x24
Jul 14 23:30:26 kernel:  dump_stack_lvl+0x68/0x84
Jul 14 23:30:26 kernel:  dump_stack+0x18/0x34
Jul 14 23:30:26 kernel:  __might_resched+0x148/0x1ac
Jul 14 23:30:26 kernel:  rt_spin_lock+0x30/0xd0
Jul 14 23:30:26 kernel:  macb_start_xmit+0x178/0xb74
Jul 14 23:30:26 kernel:  netpoll_start_xmit+0x100/0x1c0
Jul 14 23:30:26 kernel:  netpoll_send_skb+0x1cc/0x2a0
Jul 14 23:30:26 kernel:  netpoll_send_udp+0x204/0x430
Jul 14 23:30:26 kernel:  write_msg+0xfc/0x12c [netconsole]
Jul 14 23:30:26 kernel:  printk_kthread_func+0x1f0/0x574
Jul 14 23:30:26 kernel:  kthread+0x16c/0x180
Jul 14 23:30:26 kernel:  ret_from_fork+0x10/0x20
Jul 14 23:30:32 kernel: usb 2-1.1: Failed to query (GET_CUR) UVC control 1 on unit 3: -32 (exp. 1024).
Jul 14 23:30:32 kernel: BUG: sleeping function called from invalid context at kernel/locking/spinlock_rt.c:46
Jul 14 23:30:32 kernel: in_atomic(): 0, irqs_disabled(): 128, non_block: 0, pid: 3436, name: pr/netcon0
Jul 14 23:30:32 kernel: preempt_count: 0, expected: 0
Jul 14 23:30:32 kernel: RCU nest depth: 3, expected: 3
Jul 14 23:30:32 kernel: CPU: 3 PID: 3436 Comm: pr/netcon0 Tainted: G        WC        5.15.199-rt91-rt-kv260b #8
Jul 14 23:30:32 kernel: Hardware name: ZynqMP KV260 revB (DT)
Jul 14 23:30:32 kernel: Call trace:
Jul 14 23:30:32 kernel:  dump_backtrace+0x0/0x1f0
Jul 14 23:30:32 kernel:  show_stack+0x18/0x24
Jul 14 23:30:32 kernel:  dump_stack_lvl+0x68/0x84
Jul 14 23:30:32 kernel:  dump_stack+0x18/0x34
Jul 14 23:30:32 kernel:  __might_resched+0x148/0x1ac
Jul 14 23:30:32 kernel:  rt_spin_lock+0x30/0xd0
Jul 14 23:30:32 kernel:  macb_start_xmit+0x178/0xb74
Jul 14 23:30:32 kernel:  netpoll_start_xmit+0x100/0x1c0
Jul 14 23:30:32 kernel:  netpoll_send_skb+0x1cc/0x2a0
Jul 14 23:30:32 kernel:  netpoll_send_udp+0x204/0x430
Jul 14 23:30:32 kernel:  write_msg+0xfc/0x12c [netconsole]
Jul 14 23:30:32 kernel:  printk_kthread_func+0x1f0/0x574
Jul 14 23:30:32 kernel:  kthread+0x16c/0x180
Jul 14 23:30:32 kernel:  ret_from_fork+0x10/0x20
Jul 14 23:30:33 kernel: usb 2-1.1: Failed to query (GET_CUR) UVC control 1 on unit 3: -32 (exp. 1024).
Jul 14 23:30:33 kernel: BUG: sleeping function called from invalid context at kernel/locking/spinlock_rt.c:46
Jul 14 23:30:33 kernel: in_atomic(): 0, irqs_disabled(): 128, non_block: 0, pid: 3436, name: pr/netcon0
Jul 14 23:30:33 kernel: preempt_count: 0, expected: 0
Jul 14 23:30:33 kernel: RCU nest depth: 3, expected: 3
Jul 14 23:30:33 kernel: CPU: 0 PID: 3436 Comm: pr/netcon0 Tainted: G        WC        5.15.199-rt91-rt-kv260b #8
Jul 14 23:30:33 kernel: Hardware name: ZynqMP KV260 revB (DT)
Jul 14 23:30:33 kernel: Call trace:
Jul 14 23:30:33 kernel:  dump_backtrace+0x0/0x1f0
Jul 14 23:30:33 kernel:  show_stack+0x18/0x24
Jul 14 23:30:33 kernel:  dump_stack_lvl+0x68/0x84
Jul 14 23:30:33 kernel:  dump_stack+0x18/0x34
Jul 14 23:30:33 kernel:  __might_resched+0x148/0x1ac
Jul 14 23:30:33 kernel:  rt_spin_lock+0x30/0xd0
Jul 14 23:30:33 kernel:  macb_start_xmit+0x178/0xb74
Jul 14 23:30:33 kernel:  netpoll_start_xmit+0x100/0x1c0
Jul 14 23:30:33 kernel:  netpoll_send_skb+0x1cc/0x2a0
Jul 14 23:30:33 kernel:  netpoll_send_udp+0x204/0x430
Jul 14 23:30:33 kernel:  write_msg+0xfc/0x12c [netconsole]
Jul 14 23:30:33 kernel:  printk_kthread_func+0x1f0/0x574
Jul 14 23:30:33 kernel:  kthread+0x16c/0x180
Jul 14 23:30:33 kernel:  ret_from_fork+0x10/0x20
Jul 14 23:30:40 kernel: usb 2-1.1: Failed to query (GET_CUR) UVC control 1 on unit 3: -32 (exp. 1024).
Jul 14 23:30:40 kernel: BUG: sleeping function called from invalid context at kernel/locking/spinlock_rt.c:46
Jul 14 23:30:40 kernel: in_atomic(): 0, irqs_disabled(): 128, non_block: 0, pid: 3436, name: pr/netcon0
Jul 14 23:30:40 kernel: preempt_count: 0, expected: 0
Jul 14 23:30:40 kernel: RCU nest depth: 3, expected: 3
Jul 14 23:30:40 kernel: CPU: 3 PID: 3436 Comm: pr/netcon0 Tainted: G        WC        5.15.199-rt91-rt-kv260b #8
Jul 14 23:30:40 kernel: Hardware name: ZynqMP KV260 revB (DT)
Jul 14 23:30:40 kernel: Call trace:
Jul 14 23:30:40 kernel:  dump_backtrace+0x0/0x1f0
Jul 14 23:30:40 kernel:  show_stack+0x18/0x24
Jul 14 23:30:40 kernel:  dump_stack_lvl+0x68/0x84
Jul 14 23:30:40 kernel:  dump_stack+0x18/0x34
Jul 14 23:30:40 kernel:  __might_resched+0x148/0x1ac
Jul 14 23:30:40 kernel:  rt_spin_lock+0x30/0xd0
Jul 14 23:30:40 kernel:  macb_start_xmit+0x178/0xb74
Jul 14 23:30:40 kernel:  netpoll_start_xmit+0x100/0x1c0
Jul 14 23:30:40 kernel:  netpoll_send_skb+0x1cc/0x2a0
Jul 14 23:30:40 kernel:  netpoll_send_udp+0x204/0x430
Jul 14 23:30:40 kernel:  write_msg+0xfc/0x12c [netconsole]
Jul 14 23:30:40 kernel:  printk_kthread_func+0x1f0/0x574
Jul 14 23:30:40 kernel:  kthread+0x16c/0x180
Jul 14 23:30:40 kernel:  ret_from_fork+0x10/0x20
Jul 14 23:30:43 kernel: usb 2-1.1: Failed to query (GET_CUR) UVC control 1 on unit 3: -32 (exp. 1024).
Jul 14 23:30:43 kernel: BUG: sleeping function called from invalid context at kernel/locking/spinlock_rt.c:46
Jul 14 23:30:43 kernel: in_atomic(): 0, irqs_disabled(): 128, non_block: 0, pid: 3436, name: pr/netcon0
Jul 14 23:30:43 kernel: preempt_count: 0, expected: 0
Jul 14 23:30:43 kernel: RCU nest depth: 3, expected: 3
Jul 14 23:30:43 kernel: CPU: 3 PID: 3436 Comm: pr/netcon0 Tainted: G        WC        5.15.199-rt91-rt-kv260b #8
Jul 14 23:30:43 kernel: Hardware name: ZynqMP KV260 revB (DT)
Jul 14 23:30:43 kernel: Call trace:
Jul 14 23:30:43 kernel:  dump_backtrace+0x0/0x1f0
Jul 14 23:30:43 kernel:  show_stack+0x18/0x24
Jul 14 23:30:43 kernel:  dump_stack_lvl+0x68/0x84
Jul 14 23:30:43 kernel:  dump_stack+0x18/0x34
Jul 14 23:30:43 kernel:  __might_resched+0x148/0x1ac
Jul 14 23:30:43 kernel:  rt_spin_lock+0x30/0xd0
Jul 14 23:30:43 kernel:  macb_start_xmit+0x178/0xb74
Jul 14 23:30:43 kernel:  netpoll_start_xmit+0x100/0x1c0
Jul 14 23:30:43 kernel:  netpoll_send_skb+0x1cc/0x2a0
Jul 14 23:30:43 kernel:  netpoll_send_udp+0x204/0x430
Jul 14 23:30:43 kernel:  write_msg+0xfc/0x12c [netconsole]
Jul 14 23:30:43 kernel:  printk_kthread_func+0x1f0/0x574
Jul 14 23:30:43 kernel:  kthread+0x16c/0x180
Jul 14 23:30:43 kernel:  ret_from_fork+0x10/0x20
Jul 14 23:30:50 kernel: usb 2-1.1: Failed to query (GET_CUR) UVC control 1 on unit 3: -32 (exp. 1024).
Jul 14 23:30:50 kernel: BUG: sleeping function called from invalid context at kernel/locking/spinlock_rt.c:46
Jul 14 23:30:50 kernel: in_atomic(): 0, irqs_disabled(): 128, non_block: 0, pid: 3436, name: pr/netcon0
Jul 14 23:30:50 kernel: preempt_count: 0, expected: 0
Jul 14 23:30:50 kernel: RCU nest depth: 3, expected: 3
Jul 14 23:30:50 kernel: CPU: 1 PID: 3436 Comm: pr/netcon0 Tainted: G        WC        5.15.199-rt91-rt-kv260b #8
Jul 14 23:30:50 kernel: Hardware name: ZynqMP KV260 revB (DT)
Jul 14 23:30:50 kernel: Call trace:
Jul 14 23:30:50 kernel:  dump_backtrace+0x0/0x1f0
Jul 14 23:30:50 kernel:  show_stack+0x18/0x24
Jul 14 23:30:50 kernel:  dump_stack_lvl+0x68/0x84
Jul 14 23:30:50 kernel:  dump_stack+0x18/0x34
Jul 14 23:30:50 kernel:  __might_resched+0x148/0x1ac
Jul 14 23:30:50 kernel:  rt_spin_lock+0x30/0xd0
Jul 14 23:30:50 kernel:  macb_start_xmit+0x178/0xb74
Jul 14 23:30:50 kernel:  netpoll_start_xmit+0x100/0x1c0
Jul 14 23:30:50 kernel:  netpoll_send_skb+0x1cc/0x2a0
Jul 14 23:30:50 kernel:  netpoll_send_udp+0x204/0x430
Jul 14 23:30:50 kernel:  write_msg+0xfc/0x12c [netconsole]
Jul 14 23:30:50 kernel:  printk_kthread_func+0x1f0/0x574
Jul 14 23:30:50 kernel:  kthread+0x16c/0x180
Jul 14 23:30:50 kernel:  ret_from_fork+0x10/0x20
Jul 14 23:30:51 kernel: usb 2-1.1: Failed to query (GET_CUR) UVC control 1 on unit 3: -32 (exp. 1024).
Jul 14 23:30:51 kernel: BUG: sleeping function called from invalid context at kernel/locking/spinlock_rt.c:46
Jul 14 23:30:51 kernel: in_atomic(): 0, irqs_disabled(): 128, non_block: 0, pid: 3436, name: pr/netcon0
Jul 14 23:30:51 kernel: preempt_count: 0, expected: 0
Jul 14 23:30:51 kernel: RCU nest depth: 3, expected: 3
Jul 14 23:30:51 kernel: CPU: 2 PID: 3436 Comm: pr/netcon0 Tainted: G        WC        5.15.199-rt91-rt-kv260b #8
Jul 14 23:30:51 kernel: Hardware name: ZynqMP KV260 revB (DT)
Jul 14 23:30:51 kernel: Call trace:
Jul 14 23:30:51 kernel:  dump_backtrace+0x0/0x1f0
Jul 14 23:30:51 kernel:  show_stack+0x18/0x24
Jul 14 23:30:51 kernel:  dump_stack_lvl+0x68/0x84
Jul 14 23:30:51 kernel:  dump_stack+0x18/0x34
Jul 14 23:30:51 kernel:  __might_resched+0x148/0x1ac
Jul 14 23:30:51 kernel:  rt_spin_lock+0x30/0xd0
Jul 14 23:30:51 kernel:  macb_start_xmit+0x178/0xb74
Jul 14 23:30:51 kernel:  netpoll_start_xmit+0x100/0x1c0
Jul 14 23:30:51 kernel:  netpoll_send_skb+0x1cc/0x2a0
Jul 14 23:30:51 kernel:  netpoll_send_udp+0x204/0x430
Jul 14 23:30:51 kernel:  write_msg+0xfc/0x12c [netconsole]
Jul 14 23:30:51 kernel:  printk_kthread_func+0x1f0/0x574
Jul 14 23:30:51 kernel:  kthread+0x16c/0x180
Jul 14 23:30:51 kernel:  ret_from_fork+0x10/0x20
Jul 14 23:30:59 kernel: usb 2-1.1: Failed to query (GET_CUR) UVC control 1 on unit 3: -32 (exp. 1024).
Jul 14 23:30:59 kernel: BUG: sleeping function called from invalid context at kernel/locking/spinlock_rt.c:46
Jul 14 23:30:59 kernel: in_atomic(): 0, irqs_disabled(): 128, non_block: 0, pid: 3436, name: pr/netcon0
Jul 14 23:30:59 kernel: preempt_count: 0, expected: 0
Jul 14 23:30:59 kernel: RCU nest depth: 3, expected: 3
Jul 14 23:30:59 kernel: CPU: 2 PID: 3436 Comm: pr/netcon0 Tainted: G        WC        5.15.199-rt91-rt-kv260b #8
Jul 14 23:30:59 kernel: Hardware name: ZynqMP KV260 revB (DT)
Jul 14 23:30:59 kernel: Call trace:
Jul 14 23:30:59 kernel:  dump_backtrace+0x0/0x1f0
Jul 14 23:30:59 kernel:  show_stack+0x18/0x24
Jul 14 23:30:59 kernel:  dump_stack_lvl+0x68/0x84
Jul 14 23:30:59 kernel:  dump_stack+0x18/0x34
Jul 14 23:30:59 kernel:  __might_resched+0x148/0x1ac
Jul 14 23:30:59 kernel:  rt_spin_lock+0x30/0xd0
Jul 14 23:30:59 kernel:  macb_start_xmit+0x178/0xb74
Jul 14 23:30:59 kernel:  netpoll_start_xmit+0x100/0x1c0
Jul 14 23:30:59 kernel:  netpoll_send_skb+0x1cc/0x2a0
Jul 14 23:30:59 kernel:  netpoll_send_udp+0x204/0x430
Jul 14 23:30:59 kernel:  write_msg+0xfc/0x12c [netconsole]
Jul 14 23:30:59 kernel:  printk_kthread_func+0x1f0/0x574
Jul 14 23:30:59 kernel:  kthread+0x16c/0x180
Jul 14 23:30:59 kernel:  ret_from_fork+0x10/0x20
Jul 14 23:31:00 kernel: usb 2-1.1: Failed to query (GET_CUR) UVC control 1 on unit 3: -32 (exp. 1024).
Jul 14 23:31:00 kernel: BUG: sleeping function called from invalid context at kernel/locking/spinlock_rt.c:46
Jul 14 23:31:00 kernel: in_atomic(): 0, irqs_disabled(): 128, non_block: 0, pid: 3436, name: pr/netcon0
Jul 14 23:31:00 kernel: preempt_count: 0, expected: 0
Jul 14 23:31:00 kernel: RCU nest depth: 3, expected: 3
Jul 14 23:31:00 kernel: CPU: 3 PID: 3436 Comm: pr/netcon0 Tainted: G        WC        5.15.199-rt91-rt-kv260b #8
Jul 14 23:31:00 kernel: Hardware name: ZynqMP KV260 revB (DT)
Jul 14 23:31:00 kernel: Call trace:
Jul 14 23:31:00 kernel:  dump_backtrace+0x0/0x1f0
Jul 14 23:31:00 kernel:  show_stack+0x18/0x24
Jul 14 23:31:00 kernel:  dump_stack_lvl+0x68/0x84
Jul 14 23:31:00 kernel:  dump_stack+0x18/0x34
Jul 14 23:31:00 kernel:  __might_resched+0x148/0x1ac
Jul 14 23:31:00 kernel:  rt_spin_lock+0x30/0xd0
Jul 14 23:31:00 kernel:  macb_start_xmit+0x178/0xb74
Jul 14 23:31:00 kernel:  netpoll_start_xmit+0x100/0x1c0
Jul 14 23:31:00 kernel:  netpoll_send_skb+0x1cc/0x2a0
Jul 14 23:31:00 kernel:  netpoll_send_udp+0x204/0x430
Jul 14 23:31:00 kernel:  write_msg+0xfc/0x12c [netconsole]
Jul 14 23:31:00 kernel:  printk_kthread_func+0x1f0/0x574
Jul 14 23:31:00 kernel:  kthread+0x16c/0x180
Jul 14 23:31:00 kernel:  ret_from_fork+0x10/0x20
Jul 14 23:31:01 kernel: usb 2-1.1: Failed to query (GET_CUR) UVC control 1 on unit 3: -32 (exp. 1024).
Jul 14 23:31:01 kernel: BUG: sleeping function called from invalid context at kernel/locking/spinlock_rt.c:46
Jul 14 23:31:01 kernel: in_atomic(): 0, irqs_disabled(): 128, non_block: 0, pid: 3436, name: pr/netcon0
Jul 14 23:31:01 kernel: preempt_count: 0, expected: 0
Jul 14 23:31:01 kernel: RCU nest depth: 3, expected: 3
Jul 14 23:31:01 kernel: CPU: 3 PID: 3436 Comm: pr/netcon0 Tainted: G        WC        5.15.199-rt91-rt-kv260b #8
Jul 14 23:31:01 kernel: Hardware name: ZynqMP KV260 revB (DT)
Jul 14 23:31:01 kernel: Call trace:
Jul 14 23:31:01 kernel:  dump_backtrace+0x0/0x1f0
Jul 14 23:31:01 kernel:  show_stack+0x18/0x24
Jul 14 23:31:01 kernel:  dump_stack_lvl+0x68/0x84
Jul 14 23:31:01 kernel:  dump_stack+0x18/0x34
Jul 14 23:31:01 kernel:  __might_resched+0x148/0x1ac
Jul 14 23:31:01 kernel:  rt_spin_lock+0x30/0xd0
Jul 14 23:31:01 kernel:  macb_start_xmit+0x178/0xb74
Jul 14 23:31:01 kernel:  netpoll_start_xmit+0x100/0x1c0
Jul 14 23:31:01 kernel:  netpoll_send_skb+0x1cc/0x2a0
Jul 14 23:31:01 kernel:  netpoll_send_udp+0x204/0x430
Jul 14 23:31:01 kernel:  write_msg+0xfc/0x12c [netconsole]
Jul 14 23:31:01 kernel:  printk_kthread_func+0x1f0/0x574
Jul 14 23:31:01 kernel:  kthread+0x16c/0x180
Jul 14 23:31:01 kernel:  ret_from_fork+0x10/0x20
Jul 14 23:31:02 kernel: usb 2-1.1: Failed to query (GET_CUR) UVC control 1 on unit 3: -32 (exp. 1024).
Jul 14 23:31:02 kernel: BUG: sleeping function called from invalid context at kernel/locking/spinlock_rt.c:46
Jul 14 23:31:02 kernel: in_atomic(): 0, irqs_disabled(): 128, non_block: 0, pid: 3436, name: pr/netcon0
Jul 14 23:31:02 kernel: preempt_count: 0, expected: 0
Jul 14 23:31:02 kernel: RCU nest depth: 3, expected: 3
Jul 14 23:31:02 kernel: CPU: 0 PID: 3436 Comm: pr/netcon0 Tainted: G        WC        5.15.199-rt91-rt-kv260b #8
Jul 14 23:31:02 kernel: Hardware name: ZynqMP KV260 revB (DT)
Jul 14 23:31:02 kernel: Call trace:
Jul 14 23:31:02 kernel:  dump_backtrace+0x0/0x1f0
Jul 14 23:31:02 kernel:  show_stack+0x18/0x24
Jul 14 23:31:02 kernel:  dump_stack_lvl+0x68/0x84
Jul 14 23:31:02 kernel:  dump_stack+0x18/0x34
Jul 14 23:31:02 kernel:  __might_resched+0x148/0x1ac
Jul 14 23:31:02 kernel:  rt_spin_lock+0x30/0xd0
Jul 14 23:31:02 kernel:  macb_start_xmit+0x178/0xb74
Jul 14 23:31:02 kernel:  netpoll_start_xmit+0x100/0x1c0
Jul 14 23:31:02 kernel:  netpoll_send_skb+0x1cc/0x2a0
Jul 14 23:31:02 kernel:  netpoll_send_udp+0x204/0x430
Jul 14 23:31:02 kernel:  write_msg+0xfc/0x12c [netconsole]
Jul 14 23:31:02 kernel:  printk_kthread_func+0x1f0/0x574
Jul 14 23:31:02 kernel:  kthread+0x16c/0x180
Jul 14 23:31:02 kernel:  ret_from_fork+0x10/0x20
Jul 14 23:31:04 kernel: usb 2-1.1: Failed to query (GET_CUR) UVC control 1 on unit 3: -32 (exp. 1024).
Jul 14 23:31:04 kernel: BUG: sleeping function called from invalid context at kernel/locking/spinlock_rt.c:46
Jul 14 23:31:04 kernel: in_atomic(): 0, irqs_disabled(): 128, non_block: 0, pid: 3436, name: pr/netcon0
Jul 14 23:31:04 kernel: preempt_count: 0, expected: 0
Jul 14 23:31:04 kernel: RCU nest depth: 3, expected: 3
Jul 14 23:31:04 kernel: CPU: 2 PID: 3436 Comm: pr/netcon0 Tainted: G        WC        5.15.199-rt91-rt-kv260b #8
Jul 14 23:31:04 kernel: Hardware name: ZynqMP KV260 revB (DT)
Jul 14 23:31:04 kernel: Call trace:
Jul 14 23:31:04 kernel:  dump_backtrace+0x0/0x1f0
Jul 14 23:31:04 kernel:  show_stack+0x18/0x24
Jul 14 23:31:04 kernel:  dump_stack_lvl+0x68/0x84
Jul 14 23:31:04 kernel:  dump_stack+0x18/0x34
Jul 14 23:31:04 kernel:  __might_resched+0x148/0x1ac
Jul 14 23:31:04 kernel:  rt_spin_lock+0x30/0xd0
Jul 14 23:31:04 kernel:  macb_start_xmit+0x178/0xb74
Jul 14 23:31:04 kernel:  netpoll_start_xmit+0x100/0x1c0
Jul 14 23:31:04 kernel:  netpoll_send_skb+0x1cc/0x2a0
Jul 14 23:31:04 kernel:  netpoll_send_udp+0x204/0x430
Jul 14 23:31:04 kernel:  write_msg+0xfc/0x12c [netconsole]
Jul 14 23:31:04 kernel:  printk_kthread_func+0x1f0/0x574
Jul 14 23:31:04 kernel:  kthread+0x16c/0x180
Jul 14 23:31:04 kernel:  ret_from_fork+0x10/0x20
Jul 14 23:31:12 kernel: usb 2-1.1: Failed to query (GET_CUR) UVC control 1 on unit 3: -32 (exp. 1024).
Jul 14 23:31:12 kernel: BUG: sleeping function called from invalid context at kernel/locking/spinlock_rt.c:46
Jul 14 23:31:12 kernel: in_atomic(): 0, irqs_disabled(): 128, non_block: 0, pid: 3436, name: pr/netcon0
Jul 14 23:31:12 kernel: preempt_count: 0, expected: 0
Jul 14 23:31:12 kernel: RCU nest depth: 3, expected: 3
Jul 14 23:31:12 kernel: CPU: 1 PID: 3436 Comm: pr/netcon0 Tainted: G        WC        5.15.199-rt91-rt-kv260b #8
Jul 14 23:31:12 kernel: Hardware name: ZynqMP KV260 revB (DT)
Jul 14 23:31:12 kernel: Call trace:
Jul 14 23:31:12 kernel:  dump_backtrace+0x0/0x1f0
Jul 14 23:31:12 kernel:  show_stack+0x18/0x24
Jul 14 23:31:12 kernel:  dump_stack_lvl+0x68/0x84
Jul 14 23:31:12 kernel:  dump_stack+0x18/0x34
Jul 14 23:31:12 kernel:  __might_resched+0x148/0x1ac
Jul 14 23:31:12 kernel:  rt_spin_lock+0x30/0xd0
Jul 14 23:31:12 kernel:  macb_start_xmit+0x178/0xb74
Jul 14 23:31:12 kernel:  netpoll_start_xmit+0x100/0x1c0
Jul 14 23:31:12 kernel:  netpoll_send_skb+0x1cc/0x2a0
Jul 14 23:31:12 kernel:  netpoll_send_udp+0x204/0x430
Jul 14 23:31:12 kernel:  write_msg+0xfc/0x12c [netconsole]
Jul 14 23:31:12 kernel:  printk_kthread_func+0x1f0/0x574
Jul 14 23:31:12 kernel:  kthread+0x16c/0x180
Jul 14 23:31:12 kernel:  ret_from_fork+0x10/0x20
Jul 14 23:31:14 kernel: usb 2-1.1: Failed to query (GET_CUR) UVC control 1 on unit 3: -32 (exp. 1024).
Jul 14 23:31:14 kernel: BUG: sleeping function called from invalid context at kernel/locking/spinlock_rt.c:46
Jul 14 23:31:14 kernel: in_atomic(): 0, irqs_disabled(): 128, non_block: 0, pid: 3436, name: pr/netcon0
Jul 14 23:31:14 kernel: preempt_count: 0, expected: 0
Jul 14 23:31:14 kernel: RCU nest depth: 3, expected: 3
Jul 14 23:31:14 kernel: CPU: 0 PID: 3436 Comm: pr/netcon0 Tainted: G        WC        5.15.199-rt91-rt-kv260b #8
Jul 14 23:31:14 kernel: Hardware name: ZynqMP KV260 revB (DT)
Jul 14 23:31:14 kernel: Call trace:
Jul 14 23:31:14 kernel:  dump_backtrace+0x0/0x1f0
Jul 14 23:31:14 kernel:  show_stack+0x18/0x24
Jul 14 23:31:14 kernel:  dump_stack_lvl+0x68/0x84
Jul 14 23:31:14 kernel:  dump_stack+0x18/0x34
Jul 14 23:31:14 kernel:  __might_resched+0x148/0x1ac
Jul 14 23:31:14 kernel:  rt_spin_lock+0x30/0xd0
Jul 14 23:31:14 kernel:  macb_start_xmit+0x178/0xb74
Jul 14 23:31:14 kernel:  netpoll_start_xmit+0x100/0x1c0
Jul 14 23:31:14 kernel:  netpoll_send_skb+0x1cc/0x2a0
Jul 14 23:31:14 kernel:  netpoll_send_udp+0x204/0x430
Jul 14 23:31:14 kernel:  write_msg+0xfc/0x12c [netconsole]
Jul 14 23:31:14 kernel:  printk_kthread_func+0x1f0/0x574
Jul 14 23:31:14 kernel:  kthread+0x16c/0x180
Jul 14 23:31:14 kernel:  ret_from_fork+0x10/0x20
Jul 14 23:31:15 kernel: usb 2-1.1: Failed to query (GET_CUR) UVC control 1 on unit 3: -32 (exp. 1024).
Jul 14 23:31:15 kernel: BUG: sleeping function called from invalid context at kernel/locking/spinlock_rt.c:46
Jul 14 23:31:15 kernel: in_atomic(): 0, irqs_disabled(): 128, non_block: 0, pid: 3436, name: pr/netcon0
Jul 14 23:31:15 kernel: preempt_count: 0, expected: 0
Jul 14 23:31:15 kernel: RCU nest depth: 3, expected: 3
Jul 14 23:31:15 kernel: CPU: 1 PID: 3436 Comm: pr/netcon0 Tainted: G        WC        5.15.199-rt91-rt-kv260b #8
Jul 14 23:31:15 kernel: Hardware name: ZynqMP KV260 revB (DT)
Jul 14 23:31:15 kernel: Call trace:
Jul 14 23:31:15 kernel:  dump_backtrace+0x0/0x1f0
Jul 14 23:31:15 kernel:  show_stack+0x18/0x24
Jul 14 23:31:15 kernel:  dump_stack_lvl+0x68/0x84
Jul 14 23:31:15 kernel:  dump_stack+0x18/0x34
Jul 14 23:31:15 kernel:  __might_resched+0x148/0x1ac
Jul 14 23:31:15 kernel:  rt_spin_lock+0x30/0xd0
Jul 14 23:31:15 kernel:  macb_start_xmit+0x178/0xb74
Jul 14 23:31:15 kernel:  netpoll_start_xmit+0x100/0x1c0
Jul 14 23:31:15 kernel:  netpoll_send_skb+0x1cc/0x2a0
Jul 14 23:31:15 kernel:  netpoll_send_udp+0x204/0x430
Jul 14 23:31:15 kernel:  write_msg+0xfc/0x12c [netconsole]
Jul 14 23:31:15 kernel:  printk_kthread_func+0x1f0/0x574
Jul 14 23:31:15 kernel:  kthread+0x16c/0x180
Jul 14 23:31:15 kernel:  ret_from_fork+0x10/0x20
Jul 14 23:31:19 kernel: usb 2-1.1: Failed to query (GET_CUR) UVC control 1 on unit 3: -32 (exp. 1024).
Jul 14 23:31:19 kernel: BUG: sleeping function called from invalid context at kernel/locking/spinlock_rt.c:46
Jul 14 23:31:19 kernel: in_atomic(): 0, irqs_disabled(): 128, non_block: 0, pid: 3436, name: pr/netcon0
Jul 14 23:31:19 kernel: preempt_count: 0, expected: 0
Jul 14 23:31:19 kernel: RCU nest depth: 3, expected: 3
Jul 14 23:31:19 kernel: CPU: 3 PID: 3436 Comm: pr/netcon0 Tainted: G        WC        5.15.199-rt91-rt-kv260b #8
Jul 14 23:31:19 kernel: Hardware name: ZynqMP KV260 revB (DT)
Jul 14 23:31:19 kernel: Call trace:
Jul 14 23:31:19 kernel:  dump_backtrace+0x0/0x1f0
Jul 14 23:31:19 kernel:  show_stack+0x18/0x24
Jul 14 23:31:19 kernel:  dump_stack_lvl+0x68/0x84
Jul 14 23:31:19 kernel:  dump_stack+0x18/0x34
Jul 14 23:31:19 kernel:  __might_resched+0x148/0x1ac
Jul 14 23:31:19 kernel:  rt_spin_lock+0x30/0xd0
Jul 14 23:31:19 kernel:  macb_start_xmit+0x178/0xb74
Jul 14 23:31:19 kernel:  netpoll_start_xmit+0x100/0x1c0
Jul 14 23:31:19 kernel:  netpoll_send_skb+0x1cc/0x2a0
Jul 14 23:31:19 kernel:  netpoll_send_udp+0x204/0x430
Jul 14 23:31:19 kernel:  write_msg+0xfc/0x12c [netconsole]
Jul 14 23:31:19 kernel:  printk_kthread_func+0x1f0/0x574
Jul 14 23:31:19 kernel:  kthread+0x16c/0x180
Jul 14 23:31:19 kernel:  ret_from_fork+0x10/0x20
Jul 14 23:31:21 kernel: usb 2-1.1: Failed to query (GET_CUR) UVC control 1 on unit 3: -32 (exp. 1024).
Jul 14 23:31:21 kernel: BUG: sleeping function called from invalid context at kernel/locking/spinlock_rt.c:46
Jul 14 23:31:21 kernel: in_atomic(): 0, irqs_disabled(): 128, non_block: 0, pid: 3436, name: pr/netcon0
Jul 14 23:31:21 kernel: preempt_count: 0, expected: 0
Jul 14 23:31:21 kernel: RCU nest depth: 3, expected: 3
Jul 14 23:31:21 kernel: CPU: 0 PID: 3436 Comm: pr/netcon0 Tainted: G        WC        5.15.199-rt91-rt-kv260b #8
Jul 14 23:31:21 kernel: Hardware name: ZynqMP KV260 revB (DT)
Jul 14 23:31:21 kernel: Call trace:
Jul 14 23:31:21 kernel:  dump_backtrace+0x0/0x1f0
Jul 14 23:31:21 kernel:  show_stack+0x18/0x24
Jul 14 23:31:21 kernel:  dump_stack_lvl+0x68/0x84
Jul 14 23:31:21 kernel:  dump_stack+0x18/0x34
Jul 14 23:31:21 kernel:  __might_resched+0x148/0x1ac
Jul 14 23:31:21 kernel:  rt_spin_lock+0x30/0xd0
Jul 14 23:31:21 kernel:  macb_start_xmit+0x178/0xb74
Jul 14 23:31:21 kernel:  netpoll_start_xmit+0x100/0x1c0
Jul 14 23:31:21 kernel:  netpoll_send_skb+0x1cc/0x2a0
Jul 14 23:31:21 kernel:  netpoll_send_udp+0x204/0x430
Jul 14 23:31:21 kernel:  write_msg+0xfc/0x12c [netconsole]
Jul 14 23:31:21 kernel:  printk_kthread_func+0x1f0/0x574
Jul 14 23:31:21 kernel:  kthread+0x16c/0x180
Jul 14 23:31:21 kernel:  ret_from_fork+0x10/0x20
Jul 14 23:31:29 kernel: usb 2-1.1: Failed to query (GET_CUR) UVC control 1 on unit 3: -32 (exp. 1024).
Jul 14 23:31:29 kernel: BUG: sleeping function called from invalid context at kernel/locking/spinlock_rt.c:46
Jul 14 23:31:29 kernel: in_atomic(): 0, irqs_disabled(): 128, non_block: 0, pid: 3436, name: pr/netcon0
Jul 14 23:31:29 kernel: preempt_count: 0, expected: 0
Jul 14 23:31:29 kernel: RCU nest depth: 3, expected: 3
Jul 14 23:31:29 kernel: CPU: 2 PID: 3436 Comm: pr/netcon0 Tainted: G        WC        5.15.199-rt91-rt-kv260b #8
Jul 14 23:31:29 kernel: Hardware name: ZynqMP KV260 revB (DT)
Jul 14 23:31:29 kernel: Call trace:
Jul 14 23:31:29 kernel:  dump_backtrace+0x0/0x1f0
Jul 14 23:31:29 kernel:  show_stack+0x18/0x24
Jul 14 23:31:29 kernel:  dump_stack_lvl+0x68/0x84
Jul 14 23:31:29 kernel:  dump_stack+0x18/0x34
Jul 14 23:31:29 kernel:  __might_resched+0x148/0x1ac
Jul 14 23:31:29 kernel:  rt_spin_lock+0x30/0xd0
Jul 14 23:31:29 kernel:  macb_start_xmit+0x178/0xb74
Jul 14 23:31:29 kernel:  netpoll_start_xmit+0x100/0x1c0
Jul 14 23:31:29 kernel:  netpoll_send_skb+0x1cc/0x2a0
Jul 14 23:31:29 kernel:  netpoll_send_udp+0x204/0x430
Jul 14 23:31:29 kernel:  write_msg+0xfc/0x12c [netconsole]
Jul 14 23:31:29 kernel:  printk_kthread_func+0x1f0/0x574
Jul 14 23:31:29 kernel:  kthread+0x16c/0x180
Jul 14 23:31:29 kernel:  ret_from_fork+0x10/0x20
Jul 14 23:31:34 kernel: usb 2-1.1: Failed to query (GET_CUR) UVC control 1 on unit 3: -32 (exp. 1024).
Jul 14 23:31:34 kernel: BUG: sleeping function called from invalid context at kernel/locking/spinlock_rt.c:46
Jul 14 23:31:34 kernel: in_atomic(): 0, irqs_disabled(): 128, non_block: 0, pid: 3436, name: pr/netcon0
Jul 14 23:31:34 kernel: preempt_count: 0, expected: 0
Jul 14 23:31:34 kernel: RCU nest depth: 3, expected: 3
Jul 14 23:31:34 kernel: CPU: 2 PID: 3436 Comm: pr/netcon0 Tainted: G        WC        5.15.199-rt91-rt-kv260b #8
Jul 14 23:31:34 kernel: Hardware name: ZynqMP KV260 revB (DT)
Jul 14 23:31:34 kernel: Call trace:
Jul 14 23:31:34 kernel:  dump_backtrace+0x0/0x1f0
Jul 14 23:31:34 kernel:  show_stack+0x18/0x24
Jul 14 23:31:34 kernel:  dump_stack_lvl+0x68/0x84
Jul 14 23:31:34 kernel:  dump_stack+0x18/0x34
Jul 14 23:31:34 kernel:  __might_resched+0x148/0x1ac
Jul 14 23:31:34 kernel:  rt_spin_lock+0x30/0xd0
Jul 14 23:31:34 kernel:  macb_start_xmit+0x178/0xb74
Jul 14 23:31:34 kernel:  netpoll_start_xmit+0x100/0x1c0
Jul 14 23:31:34 kernel:  netpoll_send_skb+0x1cc/0x2a0
Jul 14 23:31:34 kernel:  netpoll_send_udp+0x204/0x430
Jul 14 23:31:34 kernel:  write_msg+0xfc/0x12c [netconsole]
Jul 14 23:31:34 kernel:  printk_kthread_func+0x1f0/0x574
Jul 14 23:31:34 kernel:  kthread+0x16c/0x180
Jul 14 23:31:34 kernel:  ret_from_fork+0x10/0x20
Jul 14 23:31:48 kernel: usb 2-1.1: Failed to query (GET_CUR) UVC control 1 on unit 3: -32 (exp. 1024).
Jul 14 23:31:48 kernel: BUG: sleeping function called from invalid context at kernel/locking/spinlock_rt.c:46
Jul 14 23:31:48 kernel: in_atomic(): 0, irqs_disabled(): 128, non_block: 0, pid: 3436, name: pr/netcon0
Jul 14 23:31:48 kernel: preempt_count: 0, expected: 0
Jul 14 23:31:48 kernel: RCU nest depth: 3, expected: 3
Jul 14 23:31:48 kernel: CPU: 2 PID: 3436 Comm: pr/netcon0 Tainted: G        WC        5.15.199-rt91-rt-kv260b #8
Jul 14 23:31:48 kernel: Hardware name: ZynqMP KV260 revB (DT)
Jul 14 23:31:48 kernel: Call trace:
Jul 14 23:31:48 kernel:  dump_backtrace+0x0/0x1f0
Jul 14 23:31:48 kernel:  show_stack+0x18/0x24
Jul 14 23:31:48 kernel:  dump_stack_lvl+0x68/0x84
Jul 14 23:31:48 kernel:  dump_stack+0x18/0x34
Jul 14 23:31:48 kernel:  __might_resched+0x148/0x1ac
Jul 14 23:31:48 kernel:  rt_spin_lock+0x30/0xd0
Jul 14 23:31:48 kernel:  macb_start_xmit+0x178/0xb74
Jul 14 23:31:48 kernel:  netpoll_start_xmit+0x100/0x1c0
Jul 14 23:31:48 kernel:  netpoll_send_skb+0x1cc/0x2a0
Jul 14 23:31:48 kernel:  netpoll_send_udp+0x204/0x430
Jul 14 23:31:48 kernel:  write_msg+0xfc/0x12c [netconsole]
Jul 14 23:31:48 kernel:  printk_kthread_func+0x1f0/0x574
Jul 14 23:31:48 kernel:  kthread+0x16c/0x180
Jul 14 23:31:48 kernel:  ret_from_fork+0x10/0x20
Jul 14 23:31:50 kernel: usb 2-1.1: Failed to query (GET_CUR) UVC control 1 on unit 3: -32 (exp. 1024).
Jul 14 23:31:50 kernel: BUG: sleeping function called from invalid context at kernel/locking/spinlock_rt.c:46
Jul 14 23:31:50 kernel: in_atomic(): 0, irqs_disabled(): 128, non_block: 0, pid: 3436, name: pr/netcon0
Jul 14 23:31:50 kernel: preempt_count: 0, expected: 0
Jul 14 23:31:50 kernel: RCU nest depth: 3, expected: 3
Jul 14 23:31:50 kernel: CPU: 0 PID: 3436 Comm: pr/netcon0 Tainted: G        WC        5.15.199-rt91-rt-kv260b #8
Jul 14 23:31:50 kernel: Hardware name: ZynqMP KV260 revB (DT)
Jul 14 23:31:50 kernel: Call trace:
Jul 14 23:31:50 kernel:  dump_backtrace+0x0/0x1f0
Jul 14 23:31:50 kernel:  show_stack+0x18/0x24
Jul 14 23:31:50 kernel:  dump_stack_lvl+0x68/0x84
Jul 14 23:31:50 kernel:  dump_stack+0x18/0x34
Jul 14 23:31:50 kernel:  __might_resched+0x148/0x1ac
Jul 14 23:31:50 kernel:  rt_spin_lock+0x30/0xd0
Jul 14 23:31:50 kernel:  macb_start_xmit+0x178/0xb74
Jul 14 23:31:50 kernel:  netpoll_start_xmit+0x100/0x1c0
Jul 14 23:31:50 kernel:  netpoll_send_skb+0x1cc/0x2a0
Jul 14 23:31:50 kernel:  netpoll_send_udp+0x204/0x430
Jul 14 23:31:50 kernel:  write_msg+0xfc/0x12c [netconsole]
Jul 14 23:31:50 kernel:  printk_kthread_func+0x1f0/0x574
Jul 14 23:31:50 kernel:  kthread+0x16c/0x180
Jul 14 23:31:50 kernel:  ret_from_fork+0x10/0x20
Jul 14 23:32:01 kernel: usb 2-1.1: Failed to query (GET_CUR) UVC control 1 on unit 3: -32 (exp. 1024).
Jul 14 23:32:01 kernel: BUG: sleeping function called from invalid context at kernel/locking/spinlock_rt.c:46
Jul 14 23:32:01 kernel: in_atomic(): 0, irqs_disabled(): 128, non_block: 0, pid: 3436, name: pr/netcon0
Jul 14 23:32:01 kernel: preempt_count: 0, expected: 0
Jul 14 23:32:01 kernel: RCU nest depth: 3, expected: 3
Jul 14 23:32:01 kernel: CPU: 0 PID: 3436 Comm: pr/netcon0 Tainted: G        WC        5.15.199-rt91-rt-kv260b #8
Jul 14 23:32:01 kernel: Hardware name: ZynqMP KV260 revB (DT)
Jul 14 23:32:01 kernel: Call trace:
Jul 14 23:32:01 kernel:  dump_backtrace+0x0/0x1f0
Jul 14 23:32:01 kernel:  show_stack+0x18/0x24
Jul 14 23:32:01 kernel:  dump_stack_lvl+0x68/0x84
Jul 14 23:32:01 kernel:  dump_stack+0x18/0x34
Jul 14 23:32:01 kernel:  __might_resched+0x148/0x1ac
Jul 14 23:32:01 kernel:  rt_spin_lock+0x30/0xd0
Jul 14 23:32:01 kernel:  macb_start_xmit+0x178/0xb74
Jul 14 23:32:01 kernel:  netpoll_start_xmit+0x100/0x1c0
Jul 14 23:32:01 kernel:  netpoll_send_skb+0x1cc/0x2a0
Jul 14 23:32:01 kernel:  netpoll_send_udp+0x204/0x430
Jul 14 23:32:01 kernel:  write_msg+0xfc/0x12c [netconsole]
Jul 14 23:32:01 kernel:  printk_kthread_func+0x1f0/0x574
Jul 14 23:32:01 kernel:  kthread+0x16c/0x180
Jul 14 23:32:01 kernel:  ret_from_fork+0x10/0x20
Jul 14 23:32:02 kernel: usb 2-1.1: Failed to query (GET_CUR) UVC control 1 on unit 3: -32 (exp. 1024).
Jul 14 23:32:02 kernel: BUG: sleeping function called from invalid context at kernel/locking/spinlock_rt.c:46
Jul 14 23:32:02 kernel: in_atomic(): 0, irqs_disabled(): 128, non_block: 0, pid: 3436, name: pr/netcon0
Jul 14 23:32:02 kernel: preempt_count: 0, expected: 0
Jul 14 23:32:02 kernel: RCU nest depth: 3, expected: 3
Jul 14 23:32:02 kernel: CPU: 2 PID: 3436 Comm: pr/netcon0 Tainted: G        WC        5.15.199-rt91-rt-kv260b #8
Jul 14 23:32:02 kernel: Hardware name: ZynqMP KV260 revB (DT)
Jul 14 23:32:02 kernel: Call trace:
Jul 14 23:32:02 kernel:  dump_backtrace+0x0/0x1f0
Jul 14 23:32:02 kernel:  show_stack+0x18/0x24
Jul 14 23:32:02 kernel:  dump_stack_lvl+0x68/0x84
Jul 14 23:32:02 kernel:  dump_stack+0x18/0x34
Jul 14 23:32:02 kernel:  __might_resched+0x148/0x1ac
Jul 14 23:32:02 kernel:  rt_spin_lock+0x30/0xd0
Jul 14 23:32:02 kernel:  macb_start_xmit+0x178/0xb74
Jul 14 23:32:02 kernel:  netpoll_start_xmit+0x100/0x1c0
Jul 14 23:32:02 kernel:  netpoll_send_skb+0x1cc/0x2a0
Jul 14 23:32:02 kernel:  netpoll_send_udp+0x204/0x430
Jul 14 23:32:02 kernel:  write_msg+0xfc/0x12c [netconsole]
Jul 14 23:32:02 kernel:  printk_kthread_func+0x1f0/0x574
Jul 14 23:32:02 kernel:  kthread+0x16c/0x180
Jul 14 23:32:02 kernel:  ret_from_fork+0x10/0x20
Jul 14 23:32:04 kernel: usb 2-1.1: Failed to query (GET_CUR) UVC control 1 on unit 3: -32 (exp. 1024).
Jul 14 23:32:04 kernel: BUG: sleeping function called from invalid context at kernel/locking/spinlock_rt.c:46
Jul 14 23:32:04 kernel: in_atomic(): 0, irqs_disabled(): 128, non_block: 0, pid: 3436, name: pr/netcon0
Jul 14 23:32:04 kernel: preempt_count: 0, expected: 0
Jul 14 23:32:04 kernel: RCU nest depth: 3, expected: 3
Jul 14 23:32:04 kernel: CPU: 3 PID: 3436 Comm: pr/netcon0 Tainted: G        WC        5.15.199-rt91-rt-kv260b #8
Jul 14 23:32:04 kernel: Hardware name: ZynqMP KV260 revB (DT)
Jul 14 23:32:04 kernel: Call trace:
Jul 14 23:32:04 kernel:  dump_backtrace+0x0/0x1f0
Jul 14 23:32:04 kernel:  show_stack+0x18/0x24
Jul 14 23:32:04 kernel:  dump_stack_lvl+0x68/0x84
Jul 14 23:32:04 kernel:  dump_stack+0x18/0x34
Jul 14 23:32:04 kernel:  __might_resched+0x148/0x1ac
Jul 14 23:32:04 kernel:  rt_spin_lock+0x30/0xd0
Jul 14 23:32:04 kernel:  macb_start_xmit+0x178/0xb74
Jul 14 23:32:04 kernel:  netpoll_start_xmit+0x100/0x1c0
Jul 14 23:32:04 kernel:  netpoll_send_skb+0x1cc/0x2a0
Jul 14 23:32:04 kernel:  netpoll_send_udp+0x204/0x430
Jul 14 23:32:04 kernel:  write_msg+0xfc/0x12c [netconsole]
Jul 14 23:32:04 kernel:  printk_kthread_func+0x1f0/0x574
Jul 14 23:32:04 kernel:  kthread+0x16c/0x180
Jul 14 23:32:04 kernel:  ret_from_fork+0x10/0x20
Jul 14 23:32:05 kernel: usb 2-1.1: Failed to query (GET_CUR) UVC control 1 on unit 3: -32 (exp. 1024).
Jul 14 23:32:05 kernel: BUG: sleeping function called from invalid context at kernel/locking/spinlock_rt.c:46
Jul 14 23:32:05 kernel: in_atomic(): 0, irqs_disabled(): 128, non_block: 0, pid: 3436, name: pr/netcon0
Jul 14 23:32:05 kernel: preempt_count: 0, expected: 0
Jul 14 23:32:05 kernel: RCU nest depth: 3, expected: 3
Jul 14 23:32:05 kernel: CPU: 3 PID: 3436 Comm: pr/netcon0 Tainted: G        WC        5.15.199-rt91-rt-kv260b #8
Jul 14 23:32:05 kernel: Hardware name: ZynqMP KV260 revB (DT)
Jul 14 23:32:05 kernel: Call trace:
Jul 14 23:32:05 kernel:  dump_backtrace+0x0/0x1f0
Jul 14 23:32:05 kernel:  show_stack+0x18/0x24
Jul 14 23:32:05 kernel:  dump_stack_lvl+0x68/0x84
Jul 14 23:32:05 kernel:  dump_stack+0x18/0x34
Jul 14 23:32:05 kernel:  __might_resched+0x148/0x1ac
Jul 14 23:32:05 kernel:  rt_spin_lock+0x30/0xd0
Jul 14 23:32:05 kernel:  macb_start_xmit+0x178/0xb74
Jul 14 23:32:05 kernel:  netpoll_start_xmit+0x100/0x1c0
Jul 14 23:32:05 kernel:  netpoll_send_skb+0x1cc/0x2a0
Jul 14 23:32:05 kernel:  netpoll_send_udp+0x204/0x430
Jul 14 23:32:05 kernel:  write_msg+0xfc/0x12c [netconsole]
Jul 14 23:32:05 kernel:  printk_kthread_func+0x1f0/0x574
Jul 14 23:32:05 kernel:  kthread+0x16c/0x180
Jul 14 23:32:05 kernel:  ret_from_fork+0x10/0x20
Jul 14 23:32:08 kernel: usb 2-1.1: Failed to query (GET_CUR) UVC control 1 on unit 3: -32 (exp. 1024).
Jul 14 23:32:08 kernel: BUG: sleeping function called from invalid context at kernel/locking/spinlock_rt.c:46
Jul 14 23:32:08 kernel: in_atomic(): 0, irqs_disabled(): 128, non_block: 0, pid: 3436, name: pr/netcon0
Jul 14 23:32:08 kernel: preempt_count: 0, expected: 0
Jul 14 23:32:08 kernel: RCU nest depth: 3, expected: 3
Jul 14 23:32:08 kernel: CPU: 0 PID: 3436 Comm: pr/netcon0 Tainted: G        WC        5.15.199-rt91-rt-kv260b #8
Jul 14 23:32:08 kernel: Hardware name: ZynqMP KV260 revB (DT)
Jul 14 23:32:08 kernel: Call trace:
Jul 14 23:32:08 kernel:  dump_backtrace+0x0/0x1f0
Jul 14 23:32:08 kernel:  show_stack+0x18/0x24
Jul 14 23:32:08 kernel:  dump_stack_lvl+0x68/0x84
Jul 14 23:32:08 kernel:  dump_stack+0x18/0x34
Jul 14 23:32:08 kernel:  __might_resched+0x148/0x1ac
Jul 14 23:32:08 kernel:  rt_spin_lock+0x30/0xd0
Jul 14 23:32:08 kernel:  macb_start_xmit+0x178/0xb74
Jul 14 23:32:08 kernel:  netpoll_start_xmit+0x100/0x1c0
Jul 14 23:32:08 kernel:  netpoll_send_skb+0x1cc/0x2a0
Jul 14 23:32:08 kernel:  netpoll_send_udp+0x204/0x430
Jul 14 23:32:08 kernel:  write_msg+0xfc/0x12c [netconsole]
Jul 14 23:32:08 kernel:  printk_kthread_func+0x1f0/0x574
Jul 14 23:32:08 kernel:  kthread+0x16c/0x180
Jul 14 23:32:08 kernel:  ret_from_fork+0x10/0x20
Jul 14 23:32:09 kernel: usb 2-1.1: Failed to query (GET_CUR) UVC control 1 on unit 3: -32 (exp. 1024).
Jul 14 23:32:09 kernel: BUG: sleeping function called from invalid context at kernel/locking/spinlock_rt.c:46
Jul 14 23:32:09 kernel: in_atomic(): 0, irqs_disabled(): 128, non_block: 0, pid: 3436, name: pr/netcon0
Jul 14 23:32:09 kernel: preempt_count: 0, expected: 0
Jul 14 23:32:09 kernel: RCU nest depth: 3, expected: 3
Jul 14 23:32:09 kernel: CPU: 1 PID: 3436 Comm: pr/netcon0 Tainted: G        WC        5.15.199-rt91-rt-kv260b #8
Jul 14 23:32:09 kernel: Hardware name: ZynqMP KV260 revB (DT)
Jul 14 23:32:09 kernel: Call trace:
Jul 14 23:32:09 kernel:  dump_backtrace+0x0/0x1f0
Jul 14 23:32:09 kernel:  show_stack+0x18/0x24
Jul 14 23:32:09 kernel:  dump_stack_lvl+0x68/0x84
Jul 14 23:32:09 kernel:  dump_stack+0x18/0x34
Jul 14 23:32:09 kernel:  __might_resched+0x148/0x1ac
Jul 14 23:32:09 kernel:  rt_spin_lock+0x30/0xd0
Jul 14 23:32:09 kernel:  macb_start_xmit+0x178/0xb74
Jul 14 23:32:09 kernel:  netpoll_start_xmit+0x100/0x1c0
Jul 14 23:32:09 kernel:  netpoll_send_skb+0x1cc/0x2a0
Jul 14 23:32:09 kernel:  netpoll_send_udp+0x204/0x430
Jul 14 23:32:09 kernel:  write_msg+0xfc/0x12c [netconsole]
Jul 14 23:32:09 kernel:  printk_kthread_func+0x1f0/0x574
Jul 14 23:32:09 kernel:  kthread+0x16c/0x180
Jul 14 23:32:09 kernel:  ret_from_fork+0x10/0x20
Jul 14 23:32:15 kernel: usb 2-1.1: Failed to query (GET_CUR) UVC control 1 on unit 3: -32 (exp. 1024).
Jul 14 23:32:15 kernel: BUG: sleeping function called from invalid context at kernel/locking/spinlock_rt.c:46
Jul 14 23:32:15 kernel: in_atomic(): 0, irqs_disabled(): 128, non_block: 0, pid: 3436, name: pr/netcon0
Jul 14 23:32:15 kernel: preempt_count: 0, expected: 0
Jul 14 23:32:15 kernel: RCU nest depth: 3, expected: 3
Jul 14 23:32:15 kernel: CPU: 2 PID: 3436 Comm: pr/netcon0 Tainted: G        WC        5.15.199-rt91-rt-kv260b #8
Jul 14 23:32:15 kernel: Hardware name: ZynqMP KV260 revB (DT)
Jul 14 23:32:15 kernel: Call trace:
Jul 14 23:32:15 kernel:  dump_backtrace+0x0/0x1f0
Jul 14 23:32:15 kernel:  show_stack+0x18/0x24
Jul 14 23:32:15 kernel:  dump_stack_lvl+0x68/0x84
Jul 14 23:32:15 kernel:  dump_stack+0x18/0x34
Jul 14 23:32:15 kernel:  __might_resched+0x148/0x1ac
Jul 14 23:32:15 kernel:  rt_spin_lock+0x30/0xd0
Jul 14 23:32:15 kernel:  macb_start_xmit+0x178/0xb74
Jul 14 23:32:15 kernel:  netpoll_start_xmit+0x100/0x1c0
Jul 14 23:32:15 kernel:  netpoll_send_skb+0x1cc/0x2a0
Jul 14 23:32:15 kernel:  netpoll_send_udp+0x204/0x430
Jul 14 23:32:15 kernel:  write_msg+0xfc/0x12c [netconsole]
Jul 14 23:32:15 kernel:  printk_kthread_func+0x1f0/0x574
Jul 14 23:32:15 kernel:  kthread+0x16c/0x180
Jul 14 23:32:15 kernel:  ret_from_fork+0x10/0x20
Jul 14 23:32:21 kernel: usb 2-1.1: Failed to query (GET_CUR) UVC control 1 on unit 3: -32 (exp. 1024).
Jul 14 23:32:21 kernel: BUG: sleeping function called from invalid context at kernel/locking/spinlock_rt.c:46
Jul 14 23:32:21 kernel: in_atomic(): 0, irqs_disabled(): 128, non_block: 0, pid: 3436, name: pr/netcon0
Jul 14 23:32:21 kernel: preempt_count: 0, expected: 0
Jul 14 23:32:21 kernel: RCU nest depth: 3, expected: 3
Jul 14 23:32:21 kernel: CPU: 0 PID: 3436 Comm: pr/netcon0 Tainted: G        WC        5.15.199-rt91-rt-kv260b #8
Jul 14 23:32:21 kernel: Hardware name: ZynqMP KV260 revB (DT)
Jul 14 23:32:21 kernel: Call trace:
Jul 14 23:32:21 kernel:  dump_backtrace+0x0/0x1f0
Jul 14 23:32:21 kernel:  show_stack+0x18/0x24
Jul 14 23:32:21 kernel:  dump_stack_lvl+0x68/0x84
Jul 14 23:32:21 kernel:  dump_stack+0x18/0x34
Jul 14 23:32:21 kernel:  __might_resched+0x148/0x1ac
Jul 14 23:32:21 kernel:  rt_spin_lock+0x30/0xd0
Jul 14 23:32:21 kernel:  macb_start_xmit+0x178/0xb74
Jul 14 23:32:21 kernel:  netpoll_start_xmit+0x100/0x1c0
Jul 14 23:32:21 kernel:  netpoll_send_skb+0x1cc/0x2a0
Jul 14 23:32:21 kernel:  netpoll_send_udp+0x204/0x430
Jul 14 23:32:21 kernel:  write_msg+0xfc/0x12c [netconsole]
Jul 14 23:32:21 kernel:  printk_kthread_func+0x1f0/0x574
Jul 14 23:32:21 kernel:  kthread+0x16c/0x180
Jul 14 23:32:21 kernel:  ret_from_fork+0x10/0x20
Jul 14 23:32:28 kernel: usb 2-1.1: Failed to query (GET_CUR) UVC control 1 on unit 3: -32 (exp. 1024).
Jul 14 23:32:28 kernel: BUG: sleeping function called from invalid context at kernel/locking/spinlock_rt.c:46
Jul 14 23:32:28 kernel: in_atomic(): 0, irqs_disabled(): 128, non_block: 0, pid: 3436, name: pr/netcon0
Jul 14 23:32:28 kernel: preempt_count: 0, expected: 0
Jul 14 23:32:28 kernel: RCU nest depth: 3, expected: 3
Jul 14 23:32:28 kernel: CPU: 1 PID: 3436 Comm: pr/netcon0 Tainted: G        WC        5.15.199-rt91-rt-kv260b #8
Jul 14 23:32:28 kernel: Hardware name: ZynqMP KV260 revB (DT)
Jul 14 23:32:28 kernel: Call trace:
Jul 14 23:32:28 kernel:  dump_backtrace+0x0/0x1f0
Jul 14 23:32:28 kernel:  show_stack+0x18/0x24
Jul 14 23:32:28 kernel:  dump_stack_lvl+0x68/0x84
Jul 14 23:32:28 kernel:  dump_stack+0x18/0x34
Jul 14 23:32:28 kernel:  __might_resched+0x148/0x1ac
Jul 14 23:32:28 kernel:  rt_spin_lock+0x30/0xd0
Jul 14 23:32:28 kernel:  macb_start_xmit+0x178/0xb74
Jul 14 23:32:28 kernel:  netpoll_start_xmit+0x100/0x1c0
Jul 14 23:32:28 kernel:  netpoll_send_skb+0x1cc/0x2a0
Jul 14 23:32:28 kernel:  netpoll_send_udp+0x204/0x430
Jul 14 23:32:28 kernel:  write_msg+0xfc/0x12c [netconsole]
Jul 14 23:32:28 kernel:  printk_kthread_func+0x1f0/0x574
Jul 14 23:32:28 kernel:  kthread+0x16c/0x180
Jul 14 23:32:28 kernel:  ret_from_fork+0x10/0x20
Jul 14 23:32:38 kernel: zocl-drm axi:zyxclmm_drm:  ffff3568c9ea6c10 kds_del_context: Client pid(4751) del context Domain(0) CU(0x1)
Jul 14 23:32:38 kernel: [drm] bitstream d0af154e-769f-dc2d-8555-420ae4a7919b unlocked, ref=2
Jul 14 23:32:38 kernel: zocl-drm axi:zyxclmm_drm: zocl_destroy_client: client exits pid(4751)
Jul 14 23:32:38 kernel: zocl-drm axi:zyxclmm_drm:  ffff3568c9ea6c10 kds_del_context: Client pid(4751) del context Domain(0) CU(0x1)
Jul 14 23:32:38 kernel: [drm] bitstream d0af154e-769f-dc2d-8555-420ae4a7919b unlocked, ref=1
Jul 14 23:32:38 kernel: zocl-drm axi:zyxclmm_drm: zocl_destroy_client: client exits pid(4751)
Jul 14 23:32:38 kernel: zocl-drm axi:zyxclmm_drm:  ffff3568c9ea6c10 kds_del_context: Client pid(4751) del context Domain(0) CU(0x0)
Jul 14 23:32:38 kernel: [drm] bitstream d0af154e-769f-dc2d-8555-420ae4a7919b unlocked, ref=0
Jul 14 23:32:38 kernel: zocl-drm axi:zyxclmm_drm: zocl_destroy_client: client exits pid(4751)
Jul 14 23:32:38 kernel: usb 2-1.1: Failed to query (GET_CUR) UVC control 1 on unit 3: -32 (exp. 1024).
Jul 14 23:32:39 kernel: BUG: sleeping function called from invalid context at kernel/locking/spinlock_rt.c:46
Jul 14 23:32:39 kernel: in_atomic(): 0, irqs_disabled(): 128, non_block: 0, pid: 3436, name: pr/netcon0
Jul 14 23:32:39 kernel: preempt_count: 0, expected: 0
Jul 14 23:32:39 kernel: RCU nest depth: 3, expected: 3
Jul 14 23:32:39 kernel: CPU: 3 PID: 3436 Comm: pr/netcon0 Tainted: G        WC        5.15.199-rt91-rt-kv260b #8
Jul 14 23:32:39 kernel: Hardware name: ZynqMP KV260 revB (DT)
Jul 14 23:32:39 kernel: Call trace:
Jul 14 23:32:39 kernel:  dump_backtrace+0x0/0x1f0
Jul 14 23:32:39 kernel:  show_stack+0x18/0x24
Jul 14 23:32:39 kernel:  dump_stack_lvl+0x68/0x84
Jul 14 23:32:39 kernel:  dump_stack+0x18/0x34
Jul 14 23:32:39 kernel:  __might_resched+0x148/0x1ac
Jul 14 23:32:39 kernel:  rt_spin_lock+0x30/0xd0
Jul 14 23:32:39 kernel:  macb_start_xmit+0x178/0xb74
Jul 14 23:32:39 kernel:  netpoll_start_xmit+0x100/0x1c0
Jul 14 23:32:39 kernel:  netpoll_send_skb+0x1cc/0x2a0
Jul 14 23:32:39 kernel:  netpoll_send_udp+0x204/0x430
Jul 14 23:32:39 kernel:  write_msg+0xfc/0x12c [netconsole]
Jul 14 23:32:39 kernel:  printk_kthread_func+0x1f0/0x574
Jul 14 23:32:39 kernel:  kthread+0x16c/0x180
Jul 14 23:32:39 kernel:  ret_from_fork+0x10/0x20
Jul 14 23:32:39 kernel: zocl-drm axi:zyxclmm_drm: zocl_destroy_client: client exits pid(4751)
Jul 14 23:32:43 kernel: zocl-drm axi:zyxclmm_drm: zocl_create_client: created KDS client for pid(5129), ret: 0
Jul 14 23:32:43 kernel: zocl-drm axi:zyxclmm_drm: zocl_destroy_client: client exits pid(5129)
Jul 14 23:32:43 kernel: zocl-drm axi:zyxclmm_drm: zocl_create_client: created KDS client for pid(5129), ret: 0
Jul 14 23:32:43 kernel: zocl-drm axi:zyxclmm_drm: zocl_destroy_client: client exits pid(5129)
Jul 14 23:32:43 kernel: zocl-drm axi:zyxclmm_drm: zocl_create_client: created KDS client for pid(5129), ret: 0
Jul 14 23:32:43 kernel: zocl-drm axi:zyxclmm_drm: zocl_destroy_client: client exits pid(5129)
Jul 14 23:32:43 kernel: zocl-drm axi:zyxclmm_drm: zocl_create_client: created KDS client for pid(5129), ret: 0
Jul 14 23:32:43 kernel: zocl-drm axi:zyxclmm_drm: zocl_destroy_client: client exits pid(5129)
Jul 14 23:32:43 kernel: zocl-drm axi:zyxclmm_drm: zocl_create_client: created KDS client for pid(5129), ret: 0
Jul 14 23:32:43 kernel: zocl-drm axi:zyxclmm_drm: zocl_destroy_client: client exits pid(5129)
Jul 14 23:32:43 kernel: zocl-drm axi:zyxclmm_drm: zocl_create_client: created KDS client for pid(5129), ret: 0
Jul 14 23:32:43 kernel: zocl-drm axi:zyxclmm_drm: zocl_destroy_client: client exits pid(5129)
Jul 14 23:32:43 kernel: zocl-drm axi:zyxclmm_drm: zocl_create_client: created KDS client for pid(5129), ret: 0
Jul 14 23:32:43 kernel: [drm] skip kind 29(AIE_RESOURCES) return code: -22
Jul 14 23:32:43 kernel: [drm] zocl_xclbin_read_axlf The XCLBIN already loaded
Jul 14 23:32:43 kernel: [drm] zocl_xclbin_read_axlf d0af154e-769f-dc2d-8555-420ae4a7919b ret: 0
Jul 14 23:32:43 kernel: [drm] bitstream d0af154e-769f-dc2d-8555-420ae4a7919b locked, ref=1
Jul 14 23:32:43 kernel: zocl-drm axi:zyxclmm_drm:  ffff3568c9ea6c10 kds_add_context: Client pid(5129) add context Domain(0) CU(0xffffffff) shared(true)
Jul 14 23:32:43 kernel: zocl-drm axi:zyxclmm_drm:  ffff3568c9ea6c10 kds_del_context: Client pid(5129) del context Domain(0) CU(0xffffffff)
Jul 14 23:32:43 kernel: [drm] bitstream d0af154e-769f-dc2d-8555-420ae4a7919b unlocked, ref=0
Jul 14 23:32:43 kernel: zocl-drm axi:zyxclmm_drm: zocl_create_client: created KDS client for pid(5129), ret: 0
Jul 14 23:32:43 kernel: zocl-drm axi:zyxclmm_drm: zocl_destroy_client: client exits pid(5129)
Jul 14 23:32:43 kernel: zocl-drm axi:zyxclmm_drm: zocl_create_client: created KDS client for pid(5129), ret: 0
Jul 14 23:32:43 kernel: [drm] bitstream d0af154e-769f-dc2d-8555-420ae4a7919b locked, ref=1
Jul 14 23:32:43 kernel: zocl-drm axi:zyxclmm_drm:  ffff3568c9ea6c10 kds_add_context: Client pid(5129) add context Domain(0) CU(0x1) shared(true)
Jul 14 23:32:43 kernel: zocl-drm axi:zyxclmm_drm: zocl_create_client: created KDS client for pid(5129), ret: 0
Jul 14 23:32:43 kernel: zocl-drm axi:zyxclmm_drm: zocl_destroy_client: client exits pid(5129)
Jul 14 23:32:43 kernel: zocl-drm axi:zyxclmm_drm: zocl_create_client: created KDS client for pid(5129), ret: 0
Jul 14 23:32:43 kernel: [drm] bitstream d0af154e-769f-dc2d-8555-420ae4a7919b locked, ref=2
Jul 14 23:32:43 kernel: zocl-drm axi:zyxclmm_drm:  ffff3568c9ea6c10 kds_add_context: Client pid(5129) add context Domain(0) CU(0x0) shared(true)
Jul 14 23:32:43 kernel: zocl-drm axi:zyxclmm_drm: zocl_create_client: created KDS client for pid(5129), ret: 0
Jul 14 23:32:43 kernel: zocl-drm axi:zyxclmm_drm: zocl_destroy_client: client exits pid(5129)
Jul 14 23:32:43 kernel: zocl-drm axi:zyxclmm_drm: zocl_create_client: created KDS client for pid(5129), ret: 0
Jul 14 23:32:43 kernel: [drm] bitstream d0af154e-769f-dc2d-8555-420ae4a7919b locked, ref=3
Jul 14 23:32:43 kernel: zocl-drm axi:zyxclmm_drm:  ffff3568c9ea6c10 kds_add_context: Client pid(5129) add context Domain(0) CU(0x1) shared(true)
Jul 14 23:34:10 kernel: zocl-drm axi:zyxclmm_drm:  ffff3568c9ea6c10 _kds_fini_client: Client pid(5129) has 1 opening context for 0 slot
Jul 14 23:34:10 kernel: zocl-drm axi:zyxclmm_drm:  ffff3568c9ea6c10 kds_del_context: Client pid(5129) del context Domain(0) CU(0x1)
Jul 14 23:34:10 kernel: zocl-drm axi:zyxclmm_drm:  ffff3568c9ea6c10 _kds_fini_client: Removing CU Domain[0] CU Index [1]
Jul 14 23:34:10 kernel: [drm] bitstream d0af154e-769f-dc2d-8555-420ae4a7919b unlocked, ref=2
Jul 14 23:34:10 kernel: zocl-drm axi:zyxclmm_drm: zocl_destroy_client: client exits pid(5129)
Jul 14 23:34:10 kernel: zocl-drm axi:zyxclmm_drm:  ffff3568c9ea6c10 _kds_fini_client: Client pid(5129) has 1 opening context for 0 slot
Jul 14 23:34:10 kernel: zocl-drm axi:zyxclmm_drm:  ffff3568c9ea6c10 kds_del_context: Client pid(5129) del context Domain(0) CU(0x0)
Jul 14 23:34:10 kernel: zocl-drm axi:zyxclmm_drm:  ffff3568c9ea6c10 _kds_fini_client: Removing CU Domain[0] CU Index [0]
Jul 14 23:34:10 kernel: [drm] bitstream d0af154e-769f-dc2d-8555-420ae4a7919b unlocked, ref=1
Jul 14 23:34:10 kernel: zocl-drm axi:zyxclmm_drm: zocl_destroy_client: client exits pid(5129)
Jul 14 23:34:10 kernel: zocl-drm axi:zyxclmm_drm:  ffff3568c9ea6c10 _kds_fini_client: Client pid(5129) has 1 opening context for 0 slot
Jul 14 23:34:10 kernel: zocl-drm axi:zyxclmm_drm:  ffff3568c9ea6c10 kds_del_context: Client pid(5129) del context Domain(0) CU(0x1)
Jul 14 23:34:10 kernel: zocl-drm axi:zyxclmm_drm:  ffff3568c9ea6c10 _kds_fini_client: Removing CU Domain[0] CU Index [1]
Jul 14 23:34:10 kernel: [drm] bitstream d0af154e-769f-dc2d-8555-420ae4a7919b unlocked, ref=0
Jul 14 23:34:10 kernel: zocl-drm axi:zyxclmm_drm: zocl_destroy_client: client exits pid(5129)
Jul 14 23:34:10 kernel: zocl-drm axi:zyxclmm_drm: zocl_destroy_client: client exits pid(5129)
Jul 14 23:36:15 kernel: usb 2-1.1: USB disconnect, device number 5
Jul 14 23:36:16 kernel: usb 2-1.1: new SuperSpeed USB device number 6 using xhci-hcd
Jul 14 23:36:16 kernel: usb 2-1.1: New USB device found, idVendor=8086, idProduct=0b3a, bcdDevice=51.10
Jul 14 23:36:16 kernel: usb 2-1.1: New USB device strings: Mfr=1, Product=2, SerialNumber=3
Jul 14 23:36:16 kernel: usb 2-1.1: Product: Intel(R) RealSense(TM) Depth Camera 435i
Jul 14 23:36:16 kernel: usb 2-1.1: Manufacturer: Intel(R) RealSense(TM) Depth Camera 435i
Jul 14 23:36:16 kernel: usb 2-1.1: SerialNumber: 134523060150
Jul 14 23:36:16 kernel: uvcvideo 2-1.1:1.1: Unknown video format 00000050-0000-0010-8000-00aa00389b71
Jul 14 23:36:16 kernel: usb 2-1.1: Found UVC 1.50 device Intel(R) RealSense(TM) Depth Camera 435i (8086:0b3a)
Jul 14 23:36:16 kernel: input: Intel(R) RealSense(TM) Depth Ca as /devices/platform/axi/ff9d0000.usb/fe200000.usb/xhci-hcd.0.auto/usb2/2-1/2-1.1/2-1.1:1.0/input/input4
Jul 14 23:36:16 kernel: uvcvideo 2-1.1:1.4: Unknown video format 36315752-1a66-a242-9065-d01814a8ef8a
Jul 14 23:36:16 kernel: usb 2-1.1: Found UVC 1.50 device Intel(R) RealSense(TM) Depth Camera 435i (8086:0b3a)
Jul 14 23:36:18 kernel: hid-sensor-hub 0003:8086:0B3A.0004: No report with id 0xffffffff found
Jul 14 23:36:21 kernel: usb 2-1.1: Failed to query (GET_CUR) UVC control 1 on unit 3: -32 (exp. 1024).
Jul 14 23:36:21 kernel: BUG: sleeping function called from invalid context at kernel/locking/spinlock_rt.c:46
Jul 14 23:36:21 kernel: in_atomic(): 0, irqs_disabled(): 128, non_block: 0, pid: 3436, name: pr/netcon0
Jul 14 23:36:21 kernel: preempt_count: 0, expected: 0
Jul 14 23:36:21 kernel: RCU nest depth: 3, expected: 3
Jul 14 23:36:21 kernel: CPU: 3 PID: 3436 Comm: pr/netcon0 Tainted: G        WC        5.15.199-rt91-rt-kv260b #8
Jul 14 23:36:21 kernel: Hardware name: ZynqMP KV260 revB (DT)
Jul 14 23:36:21 kernel: Call trace:
Jul 14 23:36:21 kernel:  dump_backtrace+0x0/0x1f0
Jul 14 23:36:21 kernel:  show_stack+0x18/0x24
Jul 14 23:36:21 kernel:  dump_stack_lvl+0x68/0x84
Jul 14 23:36:21 kernel:  dump_stack+0x18/0x34
Jul 14 23:36:21 kernel:  __might_resched+0x148/0x1ac
Jul 14 23:36:21 kernel:  rt_spin_lock+0x30/0xd0
Jul 14 23:36:21 kernel:  macb_start_xmit+0x178/0xb74
Jul 14 23:36:21 kernel:  netpoll_start_xmit+0x100/0x1c0
Jul 14 23:36:21 kernel:  netpoll_send_skb+0x1cc/0x2a0
Jul 14 23:36:21 kernel:  netpoll_send_udp+0x204/0x430
Jul 14 23:36:21 kernel:  write_msg+0xfc/0x12c [netconsole]
Jul 14 23:36:21 kernel:  printk_kthread_func+0x1f0/0x574
Jul 14 23:36:21 kernel:  kthread+0x16c/0x180
Jul 14 23:36:21 kernel:  ret_from_fork+0x10/0x20
Jul 14 23:36:21 kernel: usb 2-1.1: Failed to query (GET_CUR) UVC control 1 on unit 3: -32 (exp. 1024).
Jul 14 23:36:21 kernel: usb 2-1.1: Failed to query (GET_CUR) UVC control 1 on unit 3: -32 (exp. 1024).
Jul 14 23:36:21 kernel: usb 2-1.1: Failed to query (GET_CUR) UVC control 1 on unit 3: -32 (exp. 1024).
Jul 14 23:36:22 kernel: usb 2-1.1: Failed to query (GET_CUR) UVC control 1 on unit 3: -32 (exp. 1024).
Jul 14 23:36:22 kernel: usb 2-1.1: Failed to query (GET_CUR) UVC control 1 on unit 3: -32 (exp. 1024).
Jul 14 23:36:23 kernel: usb 2-1.1: Failed to query (GET_CUR) UVC control 1 on unit 3: -32 (exp. 1024).
Jul 14 23:36:23 kernel: BUG: sleeping function called from invalid context at kernel/locking/spinlock_rt.c:46
Jul 14 23:36:23 kernel: in_atomic(): 0, irqs_disabled(): 128, non_block: 0, pid: 3436, name: pr/netcon0
Jul 14 23:36:23 kernel: preempt_count: 0, expected: 0
Jul 14 23:36:23 kernel: RCU nest depth: 3, expected: 3
Jul 14 23:36:23 kernel: CPU: 2 PID: 3436 Comm: pr/netcon0 Tainted: G        WC        5.15.199-rt91-rt-kv260b #8
Jul 14 23:36:23 kernel: Hardware name: ZynqMP KV260 revB (DT)
Jul 14 23:36:23 kernel: Call trace:
Jul 14 23:36:23 kernel:  dump_backtrace+0x0/0x1f0
Jul 14 23:36:23 kernel:  show_stack+0x18/0x24
Jul 14 23:36:23 kernel:  dump_stack_lvl+0x68/0x84
Jul 14 23:36:23 kernel:  dump_stack+0x18/0x34
Jul 14 23:36:23 kernel:  __might_resched+0x148/0x1ac
Jul 14 23:36:23 kernel:  rt_spin_lock+0x30/0xd0
Jul 14 23:36:23 kernel:  macb_start_xmit+0x178/0xb74
Jul 14 23:36:23 kernel:  netpoll_start_xmit+0x100/0x1c0
Jul 14 23:36:23 kernel:  netpoll_send_skb+0x1cc/0x2a0
Jul 14 23:36:23 kernel:  netpoll_send_udp+0x204/0x430
Jul 14 23:36:23 kernel:  write_msg+0xfc/0x12c [netconsole]
Jul 14 23:36:23 kernel:  printk_kthread_func+0x1f0/0x574
Jul 14 23:36:23 kernel:  kthread+0x16c/0x180
Jul 14 23:36:23 kernel:  ret_from_fork+0x10/0x20
Jul 14 23:36:23 kernel: usb 2-1.1: Failed to query (GET_CUR) UVC control 1 on unit 3: -32 (exp. 1024).
Jul 14 23:36:23 kernel: usb 2-1.1: Failed to query (GET_CUR) UVC control 1 on unit 3: -32 (exp. 1024).
Jul 14 23:36:23 kernel: usb 2-1.1: Failed to query (GET_CUR) UVC control 1 on unit 3: -32 (exp. 1024).
Jul 14 23:36:23 kernel: usb 2-1.1: Failed to query (GET_CUR) UVC control 1 on unit 3: -32 (exp. 1024).
Jul 14 23:36:23 kernel: usb 2-1.1: Failed to query (GET_CUR) UVC control 1 on unit 3: -32 (exp. 1024).
Jul 14 23:36:23 kernel: usb 2-1.1: Failed to query (GET_CUR) UVC control 1 on unit 3: -32 (exp. 1024).
Jul 14 23:36:26 kernel: usb 2-1.1: Failed to query (GET_CUR) UVC control 1 on unit 3: -32 (exp. 1024).
Jul 14 23:36:26 kernel: BUG: sleeping function called from invalid context at kernel/locking/spinlock_rt.c:46
Jul 14 23:36:26 kernel: in_atomic(): 0, irqs_disabled(): 128, non_block: 0, pid: 3436, name: pr/netcon0
Jul 14 23:36:26 kernel: preempt_count: 0, expected: 0
Jul 14 23:36:26 kernel: RCU nest depth: 3, expected: 3
Jul 14 23:36:26 kernel: CPU: 1 PID: 3436 Comm: pr/netcon0 Tainted: G        WC        5.15.199-rt91-rt-kv260b #8
Jul 14 23:36:26 kernel: Hardware name: ZynqMP KV260 revB (DT)
Jul 14 23:36:26 kernel: Call trace:
Jul 14 23:36:26 kernel:  dump_backtrace+0x0/0x1f0
Jul 14 23:36:26 kernel:  show_stack+0x18/0x24
Jul 14 23:36:26 kernel:  dump_stack_lvl+0x68/0x84
Jul 14 23:36:26 kernel:  dump_stack+0x18/0x34
Jul 14 23:36:26 kernel:  __might_resched+0x148/0x1ac
Jul 14 23:36:26 kernel:  rt_spin_lock+0x30/0xd0
Jul 14 23:36:26 kernel:  macb_start_xmit+0x178/0xb74
Jul 14 23:36:26 kernel:  netpoll_start_xmit+0x100/0x1c0
Jul 14 23:36:26 kernel:  netpoll_send_skb+0x1cc/0x2a0
Jul 14 23:36:26 kernel:  netpoll_send_udp+0x204/0x430
Jul 14 23:36:26 kernel:  write_msg+0xfc/0x12c [netconsole]
Jul 14 23:36:26 kernel:  printk_kthread_func+0x1f0/0x574
Jul 14 23:36:26 kernel:  kthread+0x16c/0x180
Jul 14 23:36:26 kernel:  ret_from_fork+0x10/0x20
Jul 14 23:36:27 kernel: zocl-drm axi:zyxclmm_drm: zocl_create_client: created KDS client for pid(5782), ret: 0
Jul 14 23:36:27 kernel: zocl-drm axi:zyxclmm_drm: zocl_destroy_client: client exits pid(5782)
Jul 14 23:36:27 kernel: zocl-drm axi:zyxclmm_drm: zocl_create_client: created KDS client for pid(5782), ret: 0
Jul 14 23:36:27 kernel: zocl-drm axi:zyxclmm_drm: zocl_destroy_client: client exits pid(5782)
Jul 14 23:36:27 kernel: zocl-drm axi:zyxclmm_drm: zocl_create_client: created KDS client for pid(5782), ret: 0
Jul 14 23:36:27 kernel: zocl-drm axi:zyxclmm_drm: zocl_destroy_client: client exits pid(5782)
Jul 14 23:36:27 kernel: zocl-drm axi:zyxclmm_drm: zocl_create_client: created KDS client for pid(5782), ret: 0
Jul 14 23:36:27 kernel: zocl-drm axi:zyxclmm_drm: zocl_destroy_client: client exits pid(5782)
Jul 14 23:36:27 kernel: zocl-drm axi:zyxclmm_drm: zocl_create_client: created KDS client for pid(5782), ret: 0
Jul 14 23:36:27 kernel: zocl-drm axi:zyxclmm_drm: zocl_destroy_client: client exits pid(5782)
Jul 14 23:36:27 kernel: zocl-drm axi:zyxclmm_drm: zocl_create_client: created KDS client for pid(5782), ret: 0
Jul 14 23:36:27 kernel: zocl-drm axi:zyxclmm_drm: zocl_destroy_client: client exits pid(5782)
Jul 14 23:36:27 kernel: zocl-drm axi:zyxclmm_drm: zocl_create_client: created KDS client for pid(5782), ret: 0
Jul 14 23:36:27 kernel: [drm] skip kind 29(AIE_RESOURCES) return code: -22
Jul 14 23:36:27 kernel: [drm] zocl_xclbin_read_axlf The XCLBIN already loaded
Jul 14 23:36:27 kernel: [drm] zocl_xclbin_read_axlf d0af154e-769f-dc2d-8555-420ae4a7919b ret: 0
Jul 14 23:36:27 kernel: [drm] bitstream d0af154e-769f-dc2d-8555-420ae4a7919b locked, ref=1
Jul 14 23:36:27 kernel: zocl-drm axi:zyxclmm_drm:  ffff3568c9ea6c10 kds_add_context: Client pid(5782) add context Domain(0) CU(0xffffffff) shared(true)
Jul 14 23:36:27 kernel: zocl-drm axi:zyxclmm_drm:  ffff3568c9ea6c10 kds_del_context: Client pid(5782) del context Domain(0) CU(0xffffffff)
Jul 14 23:36:27 kernel: [drm] bitstream d0af154e-769f-dc2d-8555-420ae4a7919b unlocked, ref=0
Jul 14 23:36:27 kernel: zocl-drm axi:zyxclmm_drm: zocl_create_client: created KDS client for pid(5782), ret: 0
Jul 14 23:36:27 kernel: zocl-drm axi:zyxclmm_drm: zocl_destroy_client: client exits pid(5782)
Jul 14 23:36:27 kernel: zocl-drm axi:zyxclmm_drm: zocl_create_client: created KDS client for pid(5782), ret: 0
Jul 14 23:36:27 kernel: [drm] bitstream d0af154e-769f-dc2d-8555-420ae4a7919b locked, ref=1
Jul 14 23:36:27 kernel: zocl-drm axi:zyxclmm_drm:  ffff3568c9ea6c10 kds_add_context: Client pid(5782) add context Domain(0) CU(0x1) shared(true)
Jul 14 23:36:27 kernel: zocl-drm axi:zyxclmm_drm: zocl_create_client: created KDS client for pid(5782), ret: 0
Jul 14 23:36:27 kernel: zocl-drm axi:zyxclmm_drm: zocl_destroy_client: client exits pid(5782)
Jul 14 23:36:27 kernel: zocl-drm axi:zyxclmm_drm: zocl_create_client: created KDS client for pid(5782), ret: 0
Jul 14 23:36:27 kernel: [drm] bitstream d0af154e-769f-dc2d-8555-420ae4a7919b locked, ref=2
Jul 14 23:36:27 kernel: zocl-drm axi:zyxclmm_drm:  ffff3568c9ea6c10 kds_add_context: Client pid(5782) add context Domain(0) CU(0x0) shared(true)
Jul 14 23:36:27 kernel: zocl-drm axi:zyxclmm_drm: zocl_create_client: created KDS client for pid(5782), ret: 0
Jul 14 23:36:27 kernel: zocl-drm axi:zyxclmm_drm: zocl_destroy_client: client exits pid(5782)
Jul 14 23:36:27 kernel: zocl-drm axi:zyxclmm_drm: zocl_create_client: created KDS client for pid(5782), ret: 0
Jul 14 23:36:27 kernel: [drm] bitstream d0af154e-769f-dc2d-8555-420ae4a7919b locked, ref=3
Jul 14 23:36:27 kernel: zocl-drm axi:zyxclmm_drm:  ffff3568c9ea6c10 kds_add_context: Client pid(5782) add context Domain(0) CU(0x1) shared(true)
Jul 14 23:36:28 kernel: usb 2-1.1: Failed to query (GET_CUR) UVC control 1 on unit 3: -32 (exp. 1024).
Jul 14 23:36:28 kernel: BUG: sleeping function called from invalid context at kernel/locking/spinlock_rt.c:46
Jul 14 23:36:28 kernel: in_atomic(): 0, irqs_disabled(): 128, non_block: 0, pid: 3436, name: pr/netcon0
Jul 14 23:36:28 kernel: preempt_count: 0, expected: 0
Jul 14 23:36:28 kernel: RCU nest depth: 3, expected: 3
Jul 14 23:36:28 kernel: CPU: 3 PID: 3436 Comm: pr/netcon0 Tainted: G        WC        5.15.199-rt91-rt-kv260b #8
Jul 14 23:36:28 kernel: Hardware name: ZynqMP KV260 revB (DT)
Jul 14 23:36:28 kernel: Call trace:
Jul 14 23:36:28 kernel:  dump_backtrace+0x0/0x1f0
Jul 14 23:36:28 kernel:  show_stack+0x18/0x24
Jul 14 23:36:28 kernel:  dump_stack_lvl+0x68/0x84
Jul 14 23:36:28 kernel:  dump_stack+0x18/0x34
Jul 14 23:36:28 kernel:  __might_resched+0x148/0x1ac
Jul 14 23:36:28 kernel:  rt_spin_lock+0x30/0xd0
Jul 14 23:36:28 kernel:  macb_start_xmit+0x178/0xb74
Jul 14 23:36:28 kernel:  netpoll_start_xmit+0x100/0x1c0
Jul 14 23:36:28 kernel:  netpoll_send_skb+0x1cc/0x2a0
Jul 14 23:36:28 kernel:  netpoll_send_udp+0x204/0x430
Jul 14 23:36:28 kernel:  write_msg+0xfc/0x12c [netconsole]
Jul 14 23:36:28 kernel:  printk_kthread_func+0x1f0/0x574
Jul 14 23:36:28 kernel:  kthread+0x16c/0x180
Jul 14 23:36:28 kernel:  ret_from_fork+0x10/0x20
Jul 14 23:36:31 kernel: usb 2-1.1: Failed to query (GET_CUR) UVC control 1 on unit 3: -32 (exp. 1024).
Jul 14 23:36:31 kernel: BUG: sleeping function called from invalid context at kernel/locking/spinlock_rt.c:46
Jul 14 23:36:31 kernel: in_atomic(): 0, irqs_disabled(): 128, non_block: 0, pid: 3436, name: pr/netcon0
Jul 14 23:36:31 kernel: preempt_count: 0, expected: 0
Jul 14 23:36:31 kernel: RCU nest depth: 3, expected: 3
Jul 14 23:36:31 kernel: CPU: 1 PID: 3436 Comm: pr/netcon0 Tainted: G        WC        5.15.199-rt91-rt-kv260b #8
Jul 14 23:36:31 kernel: Hardware name: ZynqMP KV260 revB (DT)
Jul 14 23:36:31 kernel: Call trace:
Jul 14 23:36:31 kernel:  dump_backtrace+0x0/0x1f0
Jul 14 23:36:31 kernel:  show_stack+0x18/0x24
Jul 14 23:36:31 kernel:  dump_stack_lvl+0x68/0x84
Jul 14 23:36:31 kernel:  dump_stack+0x18/0x34
Jul 14 23:36:31 kernel:  __might_resched+0x148/0x1ac
Jul 14 23:36:31 kernel:  rt_spin_lock+0x30/0xd0
Jul 14 23:36:31 kernel:  macb_start_xmit+0x178/0xb74
Jul 14 23:36:31 kernel:  netpoll_start_xmit+0x100/0x1c0
Jul 14 23:36:31 kernel:  netpoll_send_skb+0x1cc/0x2a0
Jul 14 23:36:31 kernel:  netpoll_send_udp+0x204/0x430
Jul 14 23:36:31 kernel:  write_msg+0xfc/0x12c [netconsole]
Jul 14 23:36:31 kernel:  printk_kthread_func+0x1f0/0x574
Jul 14 23:36:31 kernel:  kthread+0x16c/0x180
Jul 14 23:36:31 kernel:  ret_from_fork+0x10/0x20
Jul 14 23:36:32 kernel: usb 2-1.1: Failed to query (GET_CUR) UVC control 1 on unit 3: -32 (exp. 1024).
Jul 14 23:36:32 kernel: BUG: sleeping function called from invalid context at kernel/locking/spinlock_rt.c:46
Jul 14 23:36:32 kernel: in_atomic(): 0, irqs_disabled(): 128, non_block: 0, pid: 3436, name: pr/netcon0
Jul 14 23:36:32 kernel: preempt_count: 0, expected: 0
Jul 14 23:36:32 kernel: RCU nest depth: 3, expected: 3
Jul 14 23:36:32 kernel: CPU: 0 PID: 3436 Comm: pr/netcon0 Tainted: G        WC        5.15.199-rt91-rt-kv260b #8
Jul 14 23:36:32 kernel: Hardware name: ZynqMP KV260 revB (DT)
Jul 14 23:36:32 kernel: Call trace:
Jul 14 23:36:32 kernel:  dump_backtrace+0x0/0x1f0
Jul 14 23:36:32 kernel:  show_stack+0x18/0x24
Jul 14 23:36:32 kernel:  dump_stack_lvl+0x68/0x84
Jul 14 23:36:32 kernel:  dump_stack+0x18/0x34
Jul 14 23:36:32 kernel:  __might_resched+0x148/0x1ac
Jul 14 23:36:32 kernel:  rt_spin_lock+0x30/0xd0
Jul 14 23:36:32 kernel:  macb_start_xmit+0x178/0xb74
Jul 14 23:36:32 kernel:  netpoll_start_xmit+0x100/0x1c0
Jul 14 23:36:32 kernel:  netpoll_send_skb+0x1cc/0x2a0
Jul 14 23:36:32 kernel:  netpoll_send_udp+0x204/0x430
Jul 14 23:36:32 kernel:  write_msg+0xfc/0x12c [netconsole]
Jul 14 23:36:32 kernel:  printk_kthread_func+0x1f0/0x574
Jul 14 23:36:32 kernel:  kthread+0x16c/0x180
Jul 14 23:36:32 kernel:  ret_from_fork+0x10/0x20
Jul 14 23:36:33 kernel: usb 2-1.1: Failed to query (GET_CUR) UVC control 1 on unit 3: -32 (exp. 1024).
Jul 14 23:36:33 kernel: BUG: sleeping function called from invalid context at kernel/locking/spinlock_rt.c:46
Jul 14 23:36:33 kernel: in_atomic(): 0, irqs_disabled(): 128, non_block: 0, pid: 3436, name: pr/netcon0
Jul 14 23:36:33 kernel: preempt_count: 0, expected: 0
Jul 14 23:36:33 kernel: RCU nest depth: 3, expected: 3
Jul 14 23:36:33 kernel: CPU: 0 PID: 3436 Comm: pr/netcon0 Tainted: G        WC        5.15.199-rt91-rt-kv260b #8
Jul 14 23:36:33 kernel: Hardware name: ZynqMP KV260 revB (DT)
Jul 14 23:36:33 kernel: Call trace:
Jul 14 23:36:33 kernel:  dump_backtrace+0x0/0x1f0
Jul 14 23:36:33 kernel:  show_stack+0x18/0x24
Jul 14 23:36:33 kernel:  dump_stack_lvl+0x68/0x84
Jul 14 23:36:33 kernel:  dump_stack+0x18/0x34
Jul 14 23:36:33 kernel:  __might_resched+0x148/0x1ac
Jul 14 23:36:33 kernel:  rt_spin_lock+0x30/0xd0
Jul 14 23:36:33 kernel:  macb_start_xmit+0x178/0xb74
Jul 14 23:36:33 kernel:  netpoll_start_xmit+0x100/0x1c0
Jul 14 23:36:33 kernel:  netpoll_send_skb+0x1cc/0x2a0
Jul 14 23:36:33 kernel:  netpoll_send_udp+0x204/0x430
Jul 14 23:36:33 kernel:  write_msg+0xfc/0x12c [netconsole]
Jul 14 23:36:33 kernel:  printk_kthread_func+0x1f0/0x574
Jul 14 23:36:33 kernel:  kthread+0x16c/0x180
Jul 14 23:36:33 kernel:  ret_from_fork+0x10/0x20
Jul 14 23:36:37 kernel: usb 2-1.1: Failed to query (GET_CUR) UVC control 1 on unit 3: -32 (exp. 1024).
Jul 14 23:36:37 kernel: BUG: sleeping function called from invalid context at kernel/locking/spinlock_rt.c:46
Jul 14 23:36:37 kernel: in_atomic(): 0, irqs_disabled(): 128, non_block: 0, pid: 3436, name: pr/netcon0
Jul 14 23:36:37 kernel: preempt_count: 0, expected: 0
Jul 14 23:36:37 kernel: RCU nest depth: 3, expected: 3
Jul 14 23:36:37 kernel: CPU: 2 PID: 3436 Comm: pr/netcon0 Tainted: G        WC        5.15.199-rt91-rt-kv260b #8
Jul 14 23:36:37 kernel: Hardware name: ZynqMP KV260 revB (DT)
Jul 14 23:36:37 kernel: Call trace:
Jul 14 23:36:37 kernel:  dump_backtrace+0x0/0x1f0
Jul 14 23:36:37 kernel:  show_stack+0x18/0x24
Jul 14 23:36:37 kernel:  dump_stack_lvl+0x68/0x84
Jul 14 23:36:37 kernel:  dump_stack+0x18/0x34
Jul 14 23:36:37 kernel:  __might_resched+0x148/0x1ac
Jul 14 23:36:37 kernel:  rt_spin_lock+0x30/0xd0
Jul 14 23:36:37 kernel:  macb_start_xmit+0x178/0xb74
Jul 14 23:36:37 kernel:  netpoll_start_xmit+0x100/0x1c0
Jul 14 23:36:37 kernel:  netpoll_send_skb+0x1cc/0x2a0
Jul 14 23:36:37 kernel:  netpoll_send_udp+0x204/0x430
Jul 14 23:36:37 kernel:  write_msg+0xfc/0x12c [netconsole]
Jul 14 23:36:37 kernel:  printk_kthread_func+0x1f0/0x574
Jul 14 23:36:37 kernel:  kthread+0x16c/0x180
Jul 14 23:36:37 kernel:  ret_from_fork+0x10/0x20
Jul 14 23:36:38 kernel: usb 2-1.1: Failed to query (GET_CUR) UVC control 1 on unit 3: -32 (exp. 1024).
Jul 14 23:36:38 kernel: BUG: sleeping function called from invalid context at kernel/locking/spinlock_rt.c:46
Jul 14 23:36:38 kernel: in_atomic(): 0, irqs_disabled(): 128, non_block: 0, pid: 3436, name: pr/netcon0
Jul 14 23:36:38 kernel: preempt_count: 0, expected: 0
Jul 14 23:36:38 kernel: RCU nest depth: 3, expected: 3
Jul 14 23:36:38 kernel: CPU: 0 PID: 3436 Comm: pr/netcon0 Tainted: G        WC        5.15.199-rt91-rt-kv260b #8
Jul 14 23:36:38 kernel: Hardware name: ZynqMP KV260 revB (DT)
Jul 14 23:36:38 kernel: Call trace:
Jul 14 23:36:38 kernel:  dump_backtrace+0x0/0x1f0
Jul 14 23:36:38 kernel:  show_stack+0x18/0x24
Jul 14 23:36:38 kernel:  dump_stack_lvl+0x68/0x84
Jul 14 23:36:38 kernel:  dump_stack+0x18/0x34
Jul 14 23:36:38 kernel:  __might_resched+0x148/0x1ac
Jul 14 23:36:38 kernel:  rt_spin_lock+0x30/0xd0
Jul 14 23:36:38 kernel:  macb_start_xmit+0x178/0xb74
Jul 14 23:36:38 kernel:  netpoll_start_xmit+0x100/0x1c0
Jul 14 23:36:38 kernel:  netpoll_send_skb+0x1cc/0x2a0
Jul 14 23:36:38 kernel:  netpoll_send_udp+0x204/0x430
Jul 14 23:36:38 kernel:  write_msg+0xfc/0x12c [netconsole]
Jul 14 23:36:38 kernel:  printk_kthread_func+0x1f0/0x574
Jul 14 23:36:38 kernel:  kthread+0x16c/0x180
Jul 14 23:36:38 kernel:  ret_from_fork+0x10/0x20
Jul 14 23:36:39 kernel: usb 2-1.1: Failed to query (GET_CUR) UVC control 1 on unit 3: -32 (exp. 1024).
Jul 14 23:36:39 kernel: BUG: sleeping function called from invalid context at kernel/locking/spinlock_rt.c:46
Jul 14 23:36:39 kernel: in_atomic(): 0, irqs_disabled(): 128, non_block: 0, pid: 3436, name: pr/netcon0
Jul 14 23:36:39 kernel: preempt_count: 0, expected: 0
Jul 14 23:36:39 kernel: RCU nest depth: 3, expected: 3
Jul 14 23:36:39 kernel: CPU: 2 PID: 3436 Comm: pr/netcon0 Tainted: G        WC        5.15.199-rt91-rt-kv260b #8
Jul 14 23:36:39 kernel: Hardware name: ZynqMP KV260 revB (DT)
Jul 14 23:36:39 kernel: Call trace:
Jul 14 23:36:39 kernel:  dump_backtrace+0x0/0x1f0
Jul 14 23:36:39 kernel:  show_stack+0x18/0x24
Jul 14 23:36:39 kernel:  dump_stack_lvl+0x68/0x84
Jul 14 23:36:39 kernel:  dump_stack+0x18/0x34
Jul 14 23:36:39 kernel:  __might_resched+0x148/0x1ac
Jul 14 23:36:39 kernel:  rt_spin_lock+0x30/0xd0
Jul 14 23:36:39 kernel:  macb_start_xmit+0x178/0xb74
Jul 14 23:36:39 kernel:  netpoll_start_xmit+0x100/0x1c0
Jul 14 23:36:39 kernel:  netpoll_send_skb+0x1cc/0x2a0
Jul 14 23:36:39 kernel:  netpoll_send_udp+0x204/0x430
Jul 14 23:36:39 kernel:  write_msg+0xfc/0x12c [netconsole]
Jul 14 23:36:39 kernel:  printk_kthread_func+0x1f0/0x574
Jul 14 23:36:39 kernel:  kthread+0x16c/0x180
Jul 14 23:36:39 kernel:  ret_from_fork+0x10/0x20
Jul 14 23:36:41 kernel: usb 2-1.1: Failed to query (GET_CUR) UVC control 1 on unit 3: -32 (exp. 1024).
Jul 14 23:36:41 kernel: BUG: sleeping function called from invalid context at kernel/locking/spinlock_rt.c:46
Jul 14 23:36:41 kernel: in_atomic(): 0, irqs_disabled(): 128, non_block: 0, pid: 3436, name: pr/netcon0
Jul 14 23:36:41 kernel: preempt_count: 0, expected: 0
Jul 14 23:36:41 kernel: RCU nest depth: 3, expected: 3
Jul 14 23:36:41 kernel: CPU: 1 PID: 3436 Comm: pr/netcon0 Tainted: G        WC        5.15.199-rt91-rt-kv260b #8
Jul 14 23:36:41 kernel: Hardware name: ZynqMP KV260 revB (DT)
Jul 14 23:36:41 kernel: Call trace:
Jul 14 23:36:41 kernel:  dump_backtrace+0x0/0x1f0
Jul 14 23:36:41 kernel:  show_stack+0x18/0x24
Jul 14 23:36:41 kernel:  dump_stack_lvl+0x68/0x84
Jul 14 23:36:41 kernel:  dump_stack+0x18/0x34
Jul 14 23:36:41 kernel:  __might_resched+0x148/0x1ac
Jul 14 23:36:41 kernel:  rt_spin_lock+0x30/0xd0
Jul 14 23:36:41 kernel:  macb_start_xmit+0x178/0xb74
Jul 14 23:36:41 kernel:  netpoll_start_xmit+0x100/0x1c0
Jul 14 23:36:41 kernel:  netpoll_send_skb+0x1cc/0x2a0
Jul 14 23:36:41 kernel:  netpoll_send_udp+0x204/0x430
Jul 14 23:36:41 kernel:  write_msg+0xfc/0x12c [netconsole]
Jul 14 23:36:41 kernel:  printk_kthread_func+0x1f0/0x574
Jul 14 23:36:41 kernel:  kthread+0x16c/0x180
Jul 14 23:36:41 kernel:  ret_from_fork+0x10/0x20
Jul 14 23:36:46 kernel: =============================================================================
Jul 14 23:36:46 kernel: BUG kmalloc-256 (Tainted: G        WC       ): Poison overwritten
Jul 14 23:36:46 kernel: -----------------------------------------------------------------------------
Jul 14 23:36:46 kernel: 0xffff3560e3605980-0xffff3560e3605987 @offset=6528. First byte 0x3 instead of 0x6b
Jul 14 23:36:46 kernel: Allocated in kds_alloc_command+0x2c/0xb0 [zocl] age=73 cpu=3 pid=5782
Jul 14 23:36:46 kernel:         kmem_cache_alloc+0x104/0x250
Jul 14 23:36:46 kernel:         kds_alloc_command+0x2c/0xb0 [zocl]
Jul 14 23:36:46 kernel:         zocl_command_ioctl+0x88/0x4c0 [zocl]
Jul 14 23:36:46 kernel:         zocl_execbuf_ioctl+0x14/0x20 [zocl]
Jul 14 23:36:46 kernel:         drm_ioctl_kernel+0xcc/0x120
Jul 14 23:36:46 kernel:         drm_ioctl+0x2b4/0x4e0
Jul 14 23:36:46 kernel:         __arm64_sys_ioctl+0xa8/0xf0
Jul 14 23:36:46 kernel:         invoke_syscall+0x70/0xf4
Jul 14 23:36:46 kernel: BUG: sleeping function called from invalid context at kernel/locking/spinlock_rt.c:46
Jul 14 23:36:46 kernel: in_atomic(): 0, irqs_disabled(): 128, non_block: 0, pid: 3436, name: pr/netcon0
Jul 14 23:36:46 kernel: preempt_count: 0, expected: 0
Jul 14 23:36:46 kernel: RCU nest depth: 3, expected: 3
Jul 14 23:36:46 kernel: CPU: 0 PID: 3436 Comm: pr/netcon0 Tainted: G        WC        5.15.199-rt91-rt-kv260b #8
Jul 14 23:36:46 kernel: Hardware name: ZynqMP KV260 revB (DT)
Jul 14 23:36:46 kernel: Call trace:
Jul 14 23:36:46 kernel:  dump_backtrace+0x0/0x1f0
Jul 14 23:36:46 kernel:  show_stack+0x18/0x24
Jul 14 23:36:46 kernel:  dump_stack_lvl+0x68/0x84
Jul 14 23:36:46 kernel:  dump_stack+0x18/0x34
Jul 14 23:36:46 kernel:  __might_resched+0x148/0x1ac
Jul 14 23:36:46 kernel:  rt_spin_lock+0x30/0xd0
Jul 14 23:36:46 kernel:  macb_start_xmit+0x178/0xb74
Jul 14 23:36:46 kernel:  netpoll_start_xmit+0x100/0x1c0
Jul 14 23:36:46 kernel:  netpoll_send_skb+0x1cc/0x2a0
Jul 14 23:36:46 kernel:  netpoll_send_udp+0x204/0x430
Jul 14 23:36:46 kernel:  write_msg+0xfc/0x12c [netconsole]
Jul 14 23:36:46 kernel:  printk_kthread_func+0x1f0/0x574
Jul 14 23:36:46 kernel:  kthread+0x16c/0x180
Jul 14 23:36:46 kernel:  ret_from_fork+0x10/0x20
Jul 14 23:36:46 kernel:         el0_svc_common.constprop.0+0x4c/0x17c
Jul 14 23:36:46 kernel:         do_el0_svc+0x28/0xa0
Jul 14 23:36:46 kernel:         el0_svc+0x30/0x130
Jul 14 23:36:46 kernel:         el0t_64_sync_handler+0xa4/0x12c
Jul 14 23:36:46 kernel:         el0t_64_sync+0x1a4/0x1a8
Jul 14 23:36:46 kernel: Freed in kds_free_command+0x48/0x60 [zocl] age=56 cpu=3 pid=4162
Jul 14 23:36:46 kernel:         kfree+0x33c/0x3ac
Jul 14 23:36:46 kernel:         kds_free_command+0x48/0x60 [zocl]
Jul 14 23:36:46 kernel:         xrt_cu_intr_thread+0x358/0x580 [zocl]
Jul 14 23:36:46 kernel:         kthread+0x16c/0x180
Jul 14 23:36:46 kernel:         ret_from_fork+0x10/0x20
Jul 14 23:36:46 kernel: Slab 0xfffffcd5838d8100 objects=16 used=16 fp=0x0000000000000000 flags=0x10200(slab|head|node=0|zone=0)
Jul 14 23:36:46 kernel: Object 0xffff3560e3605900 @offset=6400 fp=0xffff3560e3607500
Jul 14 23:36:46 kernel: Redzone  ffff3560e3605800: bb bb bb bb bb bb bb bb bb bb bb bb bb bb bb bb  ................
Jul 14 23:36:46 kernel: Redzone  ffff3560e3605810: bb bb bb bb bb bb bb bb bb bb bb bb bb bb bb bb  ................
Jul 14 23:36:46 kernel: Redzone  ffff3560e3605820: bb bb bb bb bb bb bb bb bb bb bb bb bb bb bb bb  ................
Jul 14 23:36:46 kernel: Redzone  ffff3560e3605830: bb bb bb bb bb bb bb bb bb bb bb bb bb bb bb bb  ................
Jul 14 23:36:46 kernel: Redzone  ffff3560e3605840: bb bb bb bb bb bb bb bb bb bb bb bb bb bb bb bb  ................
Jul 14 23:36:46 kernel: Redzone  ffff3560e3605850: bb bb bb bb bb bb bb bb bb bb bb bb bb bb bb bb  ................
Jul 14 23:36:46 kernel: Redzone  ffff3560e3605860: bb bb bb bb bb bb bb bb bb bb bb bb bb bb bb bb  ................
Jul 14 23:36:46 kernel: Redzone  ffff3560e3605870: bb bb bb bb bb bb bb bb bb bb bb bb bb bb bb bb  ................
Jul 14 23:36:46 kernel: Redzone  ffff3560e3605880: bb bb bb bb bb bb bb bb bb bb bb bb bb bb bb bb  ................
Jul 14 23:36:46 kernel: Redzone  ffff3560e3605890: bb bb bb bb bb bb bb bb bb bb bb bb bb bb bb bb  ................
Jul 14 23:36:46 kernel: Redzone  ffff3560e36058a0: bb bb bb bb bb bb bb bb bb bb bb bb bb bb bb bb  ................
Jul 14 23:36:46 kernel: Redzone  ffff3560e36058b0: bb bb bb bb bb bb bb bb bb bb bb bb bb bb bb bb  ................
Jul 14 23:36:46 kernel: Redzone  ffff3560e36058c0: bb bb bb bb bb bb bb bb bb bb bb bb bb bb bb bb  ................
Jul 14 23:36:46 kernel: Redzone  ffff3560e36058d0: bb bb bb bb bb bb bb bb bb bb bb bb bb bb bb bb  ................
Jul 14 23:36:46 kernel: Redzone  ffff3560e36058e0: bb bb bb bb bb bb bb bb bb bb bb bb bb bb bb bb  ................
Jul 14 23:36:46 kernel: Redzone  ffff3560e36058f0: bb bb bb bb bb bb bb bb bb bb bb bb bb bb bb bb  ................
Jul 14 23:36:46 kernel: Object   ffff3560e3605900: 6b 6b 6b 6b 6b 6b 6b 6b 6b 6b 6b 6b 6b 6b 6b 6b  kkkkkkkkkkkkkkkk
Jul 14 23:36:46 kernel: Object   ffff3560e3605910: 6b 6b 6b 6b 6b 6b 6b 6b 6b 6b 6b 6b 6b 6b 6b 6b  kkkkkkkkkkkkkkkk
Jul 14 23:36:46 kernel: Object   ffff3560e3605920: 6b 6b 6b 6b 6b 6b 6b 6b 6b 6b 6b 6b 6b 6b 6b 6b  kkkkkkkkkkkkkkkk
Jul 14 23:36:46 kernel: Object   ffff3560e3605930: 6b 6b 6b 6b 6b 6b 6b 6b 6b 6b 6b 6b 6b 6b 6b 6b  kkkkkkkkkkkkkkkk
Jul 14 23:36:46 kernel: Object   ffff3560e3605940: 6b 6b 6b 6b 6b 6b 6b 6b 6b 6b 6b 6b 6b 6b 6b 6b  kkkkkkkkkkkkkkkk
Jul 14 23:36:46 kernel: Object   ffff3560e3605950: 6b 6b 6b 6b 6b 6b 6b 6b 6b 6b 6b 6b 6b 6b 6b 6b  kkkkkkkkkkkkkkkk
Jul 14 23:36:46 kernel: Object   ffff3560e3605960: 6b 6b 6b 6b 6b 6b 6b 6b 6b 6b 6b 6b 6b 6b 6b 6b  kkkkkkkkkkkkkkkk
Jul 14 23:36:46 kernel: Object   ffff3560e3605970: 6b 6b 6b 6b 6b 6b 6b 6b 6b 6b 6b 6b 6b 6b 6b 6b  kkkkkkkkkkkkkkkk
Jul 14 23:36:46 kernel: Object   ffff3560e3605980: 03 d5 ce bd 25 01 00 00 6b 6b 6b 6b 6b 6b 6b 6b  ....%...kkkkkkkk
Jul 14 23:36:46 kernel: Object   ffff3560e3605990: 6b 6b 6b 6b 6b 6b 6b 6b 6b 6b 6b 6b 6b 6b 6b 6b  kkkkkkkkkkkkkkkk
Jul 14 23:36:46 kernel: Object   ffff3560e36059a0: 6b 6b 6b 6b 6b 6b 6b 6b 6b 6b 6b 6b 6b 6b 6b 6b  kkkkkkkkkkkkkkkk
Jul 14 23:36:46 kernel: Object   ffff3560e36059b0: 6b 6b 6b 6b 6b 6b 6b 6b 6b 6b 6b 6b 6b 6b 6b 6b  kkkkkkkkkkkkkkkk
Jul 14 23:36:46 kernel: Object   ffff3560e36059c0: 6b 6b 6b 6b 6b 6b 6b 6b 6b 6b 6b 6b 6b 6b 6b 6b  kkkkkkkkkkkkkkkk
Jul 14 23:36:46 kernel: Object   ffff3560e36059d0: 6b 6b 6b 6b 6b 6b 6b 6b 6b 6b 6b 6b 6b 6b 6b 6b  kkkkkkkkkkkkkkkk
Jul 14 23:36:46 kernel: Object   ffff3560e36059e0: 6b 6b 6b 6b 6b 6b 6b 6b 6b 6b 6b 6b 6b 6b 6b 6b  kkkkkkkkkkkkkkkk
Jul 14 23:36:46 kernel: Object   ffff3560e36059f0: 6b 6b 6b 6b 6b 6b 6b 6b 6b 6b 6b 6b 6b 6b 6b a5  kkkkkkkkkkkkkkk.
Jul 14 23:36:46 kernel: Redzone  ffff3560e3605a00: bb bb bb bb bb bb bb bb                          ........
Jul 14 23:36:46 kernel: Padding  ffff3560e3605b40: 5a 5a 5a 5a 5a 5a 5a 5a 5a 5a 5a 5a 5a 5a 5a 5a  ZZZZZZZZZZZZZZZZ
Jul 14 23:36:46 kernel: Padding  ffff3560e3605b50: 5a 5a 5a 5a 5a 5a 5a 5a 5a 5a 5a 5a 5a 5a 5a 5a  ZZZZZZZZZZZZZZZZ
Jul 14 23:36:46 kernel: Padding  ffff3560e3605b60: 5a 5a 5a 5a 5a 5a 5a 5a 5a 5a 5a 5a 5a 5a 5a 5a  ZZZZZZZZZZZZZZZZ
Jul 14 23:36:46 kernel: Padding  ffff3560e3605b70: 5a 5a 5a 5a 5a 5a 5a 5a 5a 5a 5a 5a 5a 5a 5a 5a  ZZZZZZZZZZZZZZZZ
Jul 14 23:36:46 kernel: Padding  ffff3560e3605b80: 5a 5a 5a 5a 5a 5a 5a 5a 5a 5a 5a 5a 5a 5a 5a 5a  ZZZZZZZZZZZZZZZZ
Jul 14 23:36:46 kernel: Padding  ffff3560e3605b90: 5a 5a 5a 5a 5a 5a 5a 5a 5a 5a 5a 5a 5a 5a 5a 5a  ZZZZZZZZZZZZZZZZ
Jul 14 23:36:46 kernel: Padding  ffff3560e3605ba0: 5a 5a 5a 5a 5a 5a 5a 5a 5a 5a 5a 5a 5a 5a 5a 5a  ZZZZZZZZZZZZZZZZ
Jul 14 23:36:46 kernel: Padding  ffff3560e3605bb0: 5a 5a 5a 5a 5a 5a 5a 5a 5a 5a 5a 5a 5a 5a 5a 5a  ZZZZZZZZZZZZZZZZ
Jul 14 23:36:46 kernel: Padding  ffff3560e3605bc0: 5a 5a 5a 5a 5a 5a 5a 5a 5a 5a 5a 5a 5a 5a 5a 5a  ZZZZZZZZZZZZZZZZ
Jul 14 23:36:46 kernel: Padding  ffff3560e3605bd0: 5a 5a 5a 5a 5a 5a 5a 5a 5a 5a 5a 5a 5a 5a 5a 5a  ZZZZZZZZZZZZZZZZ
Jul 14 23:36:46 kernel: Padding  ffff3560e3605be0: 5a 5a 5a 5a 5a 5a 5a 5a 5a 5a 5a 5a 5a 5a 5a 5a  ZZZZZZZZZZZZZZZZ
Jul 14 23:36:46 kernel: Padding  ffff3560e3605bf0: 5a 5a 5a 5a 5a 5a 5a 5a 5a 5a 5a 5a 5a 5a 5a 5a  ZZZZZZZZZZZZZZZZ
Jul 14 23:36:46 kernel: CPU: 0 PID: 5782 Comm: python3 Tainted: G        WC        5.15.199-rt91-rt-kv260b #8
Jul 14 23:36:46 kernel: Hardware name: ZynqMP KV260 revB (DT)
Jul 14 23:36:46 kernel: Call trace:
Jul 14 23:36:46 kernel:  dump_backtrace+0x0/0x1f0
Jul 14 23:36:46 kernel:  show_stack+0x18/0x24
Jul 14 23:36:46 kernel:  dump_stack_lvl+0x68/0x84
Jul 14 23:36:46 kernel:  dump_stack+0x18/0x34
Jul 14 23:36:46 kernel:  print_trailer+0x164/0x178
Jul 14 23:36:46 kernel:  check_bytes_and_report+0xf8/0x12c
Jul 14 23:36:46 kernel:  check_object+0x238/0x2a4
Jul 14 23:36:46 kernel:  alloc_debug_processing+0xdc/0x19c
Jul 14 23:36:46 kernel:  ___slab_alloc+0x5b4/0x890
Jul 14 23:36:46 kernel:  kmem_cache_alloc+0x104/0x250
Jul 14 23:36:46 kernel:  kds_alloc_command+0x2c/0xb0 [zocl]
Jul 14 23:36:46 kernel:  zocl_command_ioctl+0x88/0x4c0 [zocl]
Jul 14 23:36:46 kernel:  zocl_execbuf_ioctl+0x14/0x20 [zocl]
Jul 14 23:36:46 kernel:  drm_ioctl_kernel+0xcc/0x120
Jul 14 23:36:46 kernel:  drm_ioctl+0x2b4/0x4e0
Jul 14 23:36:46 kernel:  __arm64_sys_ioctl+0xa8/0xf0
Jul 14 23:36:46 kernel:  invoke_syscall+0x70/0xf4
Jul 14 23:36:46 kernel:  el0_svc_common.constprop.0+0x4c/0x17c
Jul 14 23:36:46 kernel:  do_el0_svc+0x28/0xa0
Jul 14 23:36:46 kernel:  el0_svc+0x30/0x130
Jul 14 23:36:46 kernel:  el0t_64_sync_handler+0xa4/0x12c
Jul 14 23:36:46 kernel:  el0t_64_sync+0x1a4/0x1a8
Jul 14 23:36:46 kernel: Disabling lock debugging due to kernel taint
Jul 14 23:36:46 kernel: FIX kmalloc-256: Restoring Poison 0xffff3560e3605980-0xffff3560e3605987=0x6b
Jul 14 23:36:46 kernel: FIX kmalloc-256: Marking all objects used
Jul 14 23:36:55 kernel: usb 2-1.1: Failed to query (GET_CUR) UVC control 1 on unit 3: -32 (exp. 1024).
Jul 14 23:36:55 kernel: BUG: sleeping function called from invalid context at kernel/locking/spinlock_rt.c:46
Jul 14 23:36:55 kernel: in_atomic(): 0, irqs_disabled(): 128, non_block: 0, pid: 3436, name: pr/netcon0
Jul 14 23:36:55 kernel: preempt_count: 0, expected: 0
Jul 14 23:36:55 kernel: RCU nest depth: 3, expected: 3
Jul 14 23:36:55 kernel: CPU: 1 PID: 3436 Comm: pr/netcon0 Tainted: G    B   WC        5.15.199-rt91-rt-kv260b #8
Jul 14 23:36:55 kernel: Hardware name: ZynqMP KV260 revB (DT)
Jul 14 23:36:55 kernel: Call trace:
Jul 14 23:36:55 kernel:  dump_backtrace+0x0/0x1f0
Jul 14 23:36:55 kernel:  show_stack+0x18/0x24
Jul 14 23:36:55 kernel:  dump_stack_lvl+0x68/0x84
Jul 14 23:36:55 kernel:  dump_stack+0x18/0x34
Jul 14 23:36:55 kernel:  __might_resched+0x148/0x1ac
Jul 14 23:36:55 kernel:  rt_spin_lock+0x30/0xd0
Jul 14 23:36:55 kernel:  macb_start_xmit+0x178/0xb74
Jul 14 23:36:55 kernel:  netpoll_start_xmit+0x100/0x1c0
Jul 14 23:36:55 kernel:  netpoll_send_skb+0x1cc/0x2a0
Jul 14 23:36:55 kernel:  netpoll_send_udp+0x204/0x430
Jul 14 23:36:55 kernel:  write_msg+0xfc/0x12c [netconsole]
Jul 14 23:36:55 kernel:  printk_kthread_func+0x1f0/0x574
Jul 14 23:36:55 kernel:  kthread+0x16c/0x180
Jul 14 23:36:55 kernel:  ret_from_fork+0x10/0x20
Jul 14 23:37:00 kernel: usb 2-1.1: Failed to query (GET_CUR) UVC control 1 on unit 3: -32 (exp. 1024).
Jul 14 23:37:00 kernel: BUG: sleeping function called from invalid context at kernel/locking/spinlock_rt.c:46
Jul 14 23:37:00 kernel: in_atomic(): 0, irqs_disabled(): 128, non_block: 0, pid: 3436, name: pr/netcon0
Jul 14 23:37:00 kernel: preempt_count: 0, expected: 0
Jul 14 23:37:00 kernel: RCU nest depth: 3, expected: 3
Jul 14 23:37:00 kernel: CPU: 1 PID: 3436 Comm: pr/netcon0 Tainted: G    B   WC        5.15.199-rt91-rt-kv260b #8
Jul 14 23:37:00 kernel: Hardware name: ZynqMP KV260 revB (DT)
Jul 14 23:37:00 kernel: Call trace:
Jul 14 23:37:00 kernel:  dump_backtrace+0x0/0x1f0
Jul 14 23:37:00 kernel:  show_stack+0x18/0x24
Jul 14 23:37:00 kernel:  dump_stack_lvl+0x68/0x84
Jul 14 23:37:00 kernel:  dump_stack+0x18/0x34
Jul 14 23:37:00 kernel:  __might_resched+0x148/0x1ac
Jul 14 23:37:00 kernel:  rt_spin_lock+0x30/0xd0
Jul 14 23:37:00 kernel:  macb_start_xmit+0x178/0xb74
Jul 14 23:37:00 kernel:  netpoll_start_xmit+0x100/0x1c0
Jul 14 23:37:00 kernel:  netpoll_send_skb+0x1cc/0x2a0
Jul 14 23:37:00 kernel:  netpoll_send_udp+0x204/0x430
Jul 14 23:37:00 kernel:  write_msg+0xfc/0x12c [netconsole]
Jul 14 23:37:00 kernel:  printk_kthread_func+0x1f0/0x574
Jul 14 23:37:00 kernel:  kthread+0x16c/0x180
Jul 14 23:37:00 kernel:  ret_from_fork+0x10/0x20
Jul 14 23:37:01 kernel: usb 2-1.1: Failed to query (GET_CUR) UVC control 1 on unit 3: -32 (exp. 1024).
Jul 14 23:37:01 kernel: BUG: sleeping function called from invalid context at kernel/locking/spinlock_rt.c:46
Jul 14 23:37:01 kernel: in_atomic(): 0, irqs_disabled(): 128, non_block: 0, pid: 3436, name: pr/netcon0
Jul 14 23:37:01 kernel: preempt_count: 0, expected: 0
Jul 14 23:37:01 kernel: RCU nest depth: 3, expected: 3
Jul 14 23:37:01 kernel: CPU: 0 PID: 3436 Comm: pr/netcon0 Tainted: G    B   WC        5.15.199-rt91-rt-kv260b #8
Jul 14 23:37:01 kernel: Hardware name: ZynqMP KV260 revB (DT)
Jul 14 23:37:01 kernel: Call trace:
Jul 14 23:37:01 kernel:  dump_backtrace+0x0/0x1f0
Jul 14 23:37:01 kernel:  show_stack+0x18/0x24
Jul 14 23:37:01 kernel:  dump_stack_lvl+0x68/0x84
Jul 14 23:37:01 kernel:  dump_stack+0x18/0x34
Jul 14 23:37:01 kernel:  __might_resched+0x148/0x1ac
Jul 14 23:37:01 kernel:  rt_spin_lock+0x30/0xd0
Jul 14 23:37:01 kernel:  macb_start_xmit+0x178/0xb74
Jul 14 23:37:01 kernel:  netpoll_start_xmit+0x100/0x1c0
Jul 14 23:37:01 kernel:  netpoll_send_skb+0x1cc/0x2a0
Jul 14 23:37:01 kernel:  netpoll_send_udp+0x204/0x430
Jul 14 23:37:01 kernel:  write_msg+0xfc/0x12c [netconsole]
Jul 14 23:37:01 kernel:  printk_kthread_func+0x1f0/0x574
Jul 14 23:37:01 kernel:  kthread+0x16c/0x180
Jul 14 23:37:01 kernel:  ret_from_fork+0x10/0x20
Jul 14 23:37:03 kernel: usb 2-1.1: Failed to query (GET_CUR) UVC control 1 on unit 3: -32 (exp. 1024).
Jul 14 23:37:03 kernel: BUG: sleeping function called from invalid context at kernel/locking/spinlock_rt.c:46
Jul 14 23:37:03 kernel: in_atomic(): 0, irqs_disabled(): 128, non_block: 0, pid: 3436, name: pr/netcon0
Jul 14 23:37:03 kernel: preempt_count: 0, expected: 0
Jul 14 23:37:03 kernel: RCU nest depth: 3, expected: 3
Jul 14 23:37:03 kernel: CPU: 0 PID: 3436 Comm: pr/netcon0 Tainted: G    B   WC        5.15.199-rt91-rt-kv260b #8
Jul 14 23:37:03 kernel: Hardware name: ZynqMP KV260 revB (DT)
Jul 14 23:37:03 kernel: Call trace:
Jul 14 23:37:03 kernel:  dump_backtrace+0x0/0x1f0
Jul 14 23:37:03 kernel:  show_stack+0x18/0x24
Jul 14 23:37:03 kernel:  dump_stack_lvl+0x68/0x84
Jul 14 23:37:03 kernel:  dump_stack+0x18/0x34
Jul 14 23:37:03 kernel:  __might_resched+0x148/0x1ac
Jul 14 23:37:03 kernel:  rt_spin_lock+0x30/0xd0
Jul 14 23:37:03 kernel:  macb_start_xmit+0x178/0xb74
Jul 14 23:37:03 kernel:  netpoll_start_xmit+0x100/0x1c0
Jul 14 23:37:03 kernel:  netpoll_send_skb+0x1cc/0x2a0
Jul 14 23:37:03 kernel:  netpoll_send_udp+0x204/0x430
Jul 14 23:37:03 kernel:  write_msg+0xfc/0x12c [netconsole]
Jul 14 23:37:03 kernel:  printk_kthread_func+0x1f0/0x574
Jul 14 23:37:03 kernel:  kthread+0x16c/0x180
Jul 14 23:37:03 kernel:  ret_from_fork+0x10/0x20
Jul 14 23:37:06 kernel: usb 2-1.1: Failed to query (GET_CUR) UVC control 1 on unit 3: -32 (exp. 1024).
Jul 14 23:37:06 kernel: BUG: sleeping function called from invalid context at kernel/locking/spinlock_rt.c:46
Jul 14 23:37:06 kernel: in_atomic(): 0, irqs_disabled(): 128, non_block: 0, pid: 3436, name: pr/netcon0
Jul 14 23:37:06 kernel: preempt_count: 0, expected: 0
Jul 14 23:37:06 kernel: RCU nest depth: 3, expected: 3
Jul 14 23:37:06 kernel: CPU: 0 PID: 3436 Comm: pr/netcon0 Tainted: G    B   WC        5.15.199-rt91-rt-kv260b #8
Jul 14 23:37:06 kernel: Hardware name: ZynqMP KV260 revB (DT)
Jul 14 23:37:06 kernel: Call trace:
Jul 14 23:37:06 kernel:  dump_backtrace+0x0/0x1f0
Jul 14 23:37:06 kernel:  show_stack+0x18/0x24
Jul 14 23:37:06 kernel:  dump_stack_lvl+0x68/0x84
Jul 14 23:37:06 kernel:  dump_stack+0x18/0x34
Jul 14 23:37:06 kernel:  __might_resched+0x148/0x1ac
Jul 14 23:37:06 kernel:  rt_spin_lock+0x30/0xd0
Jul 14 23:37:06 kernel:  macb_start_xmit+0x178/0xb74
Jul 14 23:37:06 kernel:  netpoll_start_xmit+0x100/0x1c0
Jul 14 23:37:06 kernel:  netpoll_send_skb+0x1cc/0x2a0
Jul 14 23:37:06 kernel:  netpoll_send_udp+0x204/0x430
Jul 14 23:37:06 kernel:  write_msg+0xfc/0x12c [netconsole]
Jul 14 23:37:06 kernel:  printk_kthread_func+0x1f0/0x574
Jul 14 23:37:06 kernel:  kthread+0x16c/0x180
Jul 14 23:37:06 kernel:  ret_from_fork+0x10/0x20
Jul 14 23:37:11 kernel: usb 2-1.1: Failed to query (GET_CUR) UVC control 1 on unit 3: -32 (exp. 1024).
Jul 14 23:37:11 kernel: BUG: sleeping function called from invalid context at kernel/locking/spinlock_rt.c:46
Jul 14 23:37:11 kernel: in_atomic(): 0, irqs_disabled(): 128, non_block: 0, pid: 3436, name: pr/netcon0
Jul 14 23:37:11 kernel: preempt_count: 0, expected: 0
Jul 14 23:37:11 kernel: RCU nest depth: 3, expected: 3
Jul 14 23:37:11 kernel: CPU: 1 PID: 3436 Comm: pr/netcon0 Tainted: G    B   WC        5.15.199-rt91-rt-kv260b #8
Jul 14 23:37:11 kernel: Hardware name: ZynqMP KV260 revB (DT)
Jul 14 23:37:11 kernel: Call trace:
Jul 14 23:37:11 kernel:  dump_backtrace+0x0/0x1f0
Jul 14 23:37:11 kernel:  show_stack+0x18/0x24
Jul 14 23:37:11 kernel:  dump_stack_lvl+0x68/0x84
Jul 14 23:37:11 kernel:  dump_stack+0x18/0x34
Jul 14 23:37:11 kernel:  __might_resched+0x148/0x1ac
Jul 14 23:37:11 kernel:  rt_spin_lock+0x30/0xd0
Jul 14 23:37:11 kernel:  macb_start_xmit+0x178/0xb74
Jul 14 23:37:11 kernel:  netpoll_start_xmit+0x100/0x1c0
Jul 14 23:37:11 kernel:  netpoll_send_skb+0x1cc/0x2a0
Jul 14 23:37:11 kernel:  netpoll_send_udp+0x204/0x430
Jul 14 23:37:11 kernel:  write_msg+0xfc/0x12c [netconsole]
Jul 14 23:37:11 kernel:  printk_kthread_func+0x1f0/0x574
Jul 14 23:37:11 kernel:  kthread+0x16c/0x180
Jul 14 23:37:11 kernel:  ret_from_fork+0x10/0x20
Jul 14 23:37:15 kernel: usb 2-1.1: Failed to query (GET_CUR) UVC control 1 on unit 3: -32 (exp. 1024).
Jul 14 23:37:15 kernel: BUG: sleeping function called from invalid context at kernel/locking/spinlock_rt.c:46
Jul 14 23:37:15 kernel: in_atomic(): 0, irqs_disabled(): 128, non_block: 0, pid: 3436, name: pr/netcon0
Jul 14 23:37:15 kernel: preempt_count: 0, expected: 0
Jul 14 23:37:15 kernel: RCU nest depth: 3, expected: 3
Jul 14 23:37:15 kernel: CPU: 2 PID: 3436 Comm: pr/netcon0 Tainted: G    B   WC        5.15.199-rt91-rt-kv260b #8
Jul 14 23:37:15 kernel: Hardware name: ZynqMP KV260 revB (DT)
Jul 14 23:37:15 kernel: Call trace:
Jul 14 23:37:15 kernel:  dump_backtrace+0x0/0x1f0
Jul 14 23:37:15 kernel:  show_stack+0x18/0x24
Jul 14 23:37:15 kernel:  dump_stack_lvl+0x68/0x84
Jul 14 23:37:15 kernel:  dump_stack+0x18/0x34
Jul 14 23:37:15 kernel:  __might_resched+0x148/0x1ac
Jul 14 23:37:15 kernel:  rt_spin_lock+0x30/0xd0
Jul 14 23:37:15 kernel:  macb_start_xmit+0x178/0xb74
Jul 14 23:37:15 kernel:  netpoll_start_xmit+0x100/0x1c0
Jul 14 23:37:15 kernel:  netpoll_send_skb+0x1cc/0x2a0
Jul 14 23:37:15 kernel:  netpoll_send_udp+0x204/0x430
Jul 14 23:37:15 kernel:  write_msg+0xfc/0x12c [netconsole]
Jul 14 23:37:15 kernel:  printk_kthread_func+0x1f0/0x574
Jul 14 23:37:15 kernel:  kthread+0x16c/0x180
Jul 14 23:37:15 kernel:  ret_from_fork+0x10/0x20
Jul 14 23:37:16 kernel: zocl-drm axi:zyxclmm_drm:  ffff3568c9ea6c10 _kds_fini_client: Client pid(5782) has 1 opening context for 0 slot
Jul 14 23:37:16 kernel: zocl-drm axi:zyxclmm_drm:  ffff3568c9ea6c10 kds_del_context: Client pid(5782) del context Domain(0) CU(0x1)
Jul 14 23:37:16 kernel: zocl-drm axi:zyxclmm_drm:  ffff3568c9ea6c10 _kds_fini_client: Removing CU Domain[0] CU Index [1]
Jul 14 23:37:16 kernel: [drm] bitstream d0af154e-769f-dc2d-8555-420ae4a7919b unlocked, ref=2
Jul 14 23:37:16 kernel: zocl-drm axi:zyxclmm_drm: zocl_destroy_client: client exits pid(5782)
Jul 14 23:37:16 kernel: zocl-drm axi:zyxclmm_drm:  ffff3568c9ea6c10 _kds_fini_client: Client pid(5782) has 1 opening context for 0 slot
Jul 14 23:37:16 kernel: zocl-drm axi:zyxclmm_drm:  ffff3568c9ea6c10 kds_del_context: Client pid(5782) del context Domain(0) CU(0x0)
Jul 14 23:37:16 kernel: zocl-drm axi:zyxclmm_drm:  ffff3568c9ea6c10 _kds_fini_client: Removing CU Domain[0] CU Index [0]
Jul 14 23:37:16 kernel: [drm] bitstream d0af154e-769f-dc2d-8555-420ae4a7919b unlocked, ref=1
Jul 14 23:37:16 kernel: zocl-drm axi:zyxclmm_drm: zocl_destroy_client: client exits pid(5782)
Jul 14 23:37:16 kernel: zocl-drm axi:zyxclmm_drm:  ffff3568c9ea6c10 _kds_fini_client: Client pid(5782) has 1 opening context for 0 slot
Jul 14 23:37:16 kernel: zocl-drm axi:zyxclmm_drm:  ffff3568c9ea6c10 kds_del_context: Client pid(5782) del context Domain(0) CU(0x1)
Jul 14 23:37:16 kernel: zocl-drm axi:zyxclmm_drm:  ffff3568c9ea6c10 _kds_fini_client: Removing CU Domain[0] CU Index [1]
Jul 14 23:37:16 kernel: [drm] bitstream d0af154e-769f-dc2d-8555-420ae4a7919b unlocked, ref=0
Jul 14 23:37:16 kernel: zocl-drm axi:zyxclmm_drm: zocl_destroy_client: client exits pid(5782)
Jul 14 23:37:16 kernel: zocl-drm axi:zyxclmm_drm: zocl_destroy_client: client exits pid(5782)
Jul 14 23:37:20 kernel: zocl-drm axi:zyxclmm_drm: zocl_create_client: created KDS client for pid(5912), ret: 0
Jul 14 23:37:20 kernel: zocl-drm axi:zyxclmm_drm: zocl_destroy_client: client exits pid(5912)
Jul 14 23:37:20 kernel: zocl-drm axi:zyxclmm_drm: zocl_create_client: created KDS client for pid(5912), ret: 0
Jul 14 23:37:20 kernel: zocl-drm axi:zyxclmm_drm: zocl_destroy_client: client exits pid(5912)
Jul 14 23:37:20 kernel: zocl-drm axi:zyxclmm_drm: zocl_create_client: created KDS client for pid(5912), ret: 0
Jul 14 23:37:20 kernel: zocl-drm axi:zyxclmm_drm: zocl_destroy_client: client exits pid(5912)
Jul 14 23:37:20 kernel: zocl-drm axi:zyxclmm_drm: zocl_create_client: created KDS client for pid(5912), ret: 0
Jul 14 23:37:20 kernel: zocl-drm axi:zyxclmm_drm: zocl_destroy_client: client exits pid(5912)
Jul 14 23:37:20 kernel: zocl-drm axi:zyxclmm_drm: zocl_create_client: created KDS client for pid(5912), ret: 0
Jul 14 23:37:20 kernel: zocl-drm axi:zyxclmm_drm: zocl_destroy_client: client exits pid(5912)
Jul 14 23:37:20 kernel: zocl-drm axi:zyxclmm_drm: zocl_create_client: created KDS client for pid(5912), ret: 0
Jul 14 23:37:20 kernel: zocl-drm axi:zyxclmm_drm: zocl_destroy_client: client exits pid(5912)
Jul 14 23:37:20 kernel: zocl-drm axi:zyxclmm_drm: zocl_create_client: created KDS client for pid(5912), ret: 0
Jul 14 23:37:20 kernel: [drm] skip kind 29(AIE_RESOURCES) return code: -22
Jul 14 23:37:20 kernel: [drm] zocl_xclbin_read_axlf The XCLBIN already loaded
Jul 14 23:37:20 kernel: [drm] zocl_xclbin_read_axlf d0af154e-769f-dc2d-8555-420ae4a7919b ret: 0
Jul 14 23:37:20 kernel: [drm] bitstream d0af154e-769f-dc2d-8555-420ae4a7919b locked, ref=1
Jul 14 23:37:20 kernel: zocl-drm axi:zyxclmm_drm:  ffff3568c9ea6c10 kds_add_context: Client pid(5912) add context Domain(0) CU(0xffffffff) shared(true)
Jul 14 23:37:20 kernel: zocl-drm axi:zyxclmm_drm:  ffff3568c9ea6c10 kds_del_context: Client pid(5912) del context Domain(0) CU(0xffffffff)
Jul 14 23:37:20 kernel: [drm] bitstream d0af154e-769f-dc2d-8555-420ae4a7919b unlocked, ref=0
Jul 14 23:37:20 kernel: zocl-drm axi:zyxclmm_drm: zocl_create_client: created KDS client for pid(5912), ret: 0
Jul 14 23:37:20 kernel: zocl-drm axi:zyxclmm_drm: zocl_destroy_client: client exits pid(5912)
Jul 14 23:37:20 kernel: zocl-drm axi:zyxclmm_drm: zocl_create_client: created KDS client for pid(5912), ret: 0
Jul 14 23:37:20 kernel: [drm] bitstream d0af154e-769f-dc2d-8555-420ae4a7919b locked, ref=1
Jul 14 23:37:20 kernel: zocl-drm axi:zyxclmm_drm:  ffff3568c9ea6c10 kds_add_context: Client pid(5912) add context Domain(0) CU(0x1) shared(true)
Jul 14 23:37:20 kernel: zocl-drm axi:zyxclmm_drm: zocl_create_client: created KDS client for pid(5912), ret: 0
Jul 14 23:37:20 kernel: zocl-drm axi:zyxclmm_drm: zocl_destroy_client: client exits pid(5912)
Jul 14 23:37:20 kernel: zocl-drm axi:zyxclmm_drm: zocl_create_client: created KDS client for pid(5912), ret: 0
Jul 14 23:37:20 kernel: [drm] bitstream d0af154e-769f-dc2d-8555-420ae4a7919b locked, ref=2
Jul 14 23:37:20 kernel: zocl-drm axi:zyxclmm_drm:  ffff3568c9ea6c10 kds_add_context: Client pid(5912) add context Domain(0) CU(0x0) shared(true)
Jul 14 23:37:20 kernel: zocl-drm axi:zyxclmm_drm: zocl_create_client: created KDS client for pid(5912), ret: 0
Jul 14 23:37:20 kernel: zocl-drm axi:zyxclmm_drm: zocl_destroy_client: client exits pid(5912)
Jul 14 23:37:20 kernel: zocl-drm axi:zyxclmm_drm: zocl_create_client: created KDS client for pid(5912), ret: 0
Jul 14 23:37:20 kernel: [drm] bitstream d0af154e-769f-dc2d-8555-420ae4a7919b locked, ref=3
Jul 14 23:37:20 kernel: zocl-drm axi:zyxclmm_drm:  ffff3568c9ea6c10 kds_add_context: Client pid(5912) add context Domain(0) CU(0x1) shared(true)
Jul 14 23:37:21 kernel: zocl-drm axi:zyxclmm_drm:  ffff3568c9ea6c10 _kds_fini_client: Client pid(5912) has 1 opening context for 0 slot
Jul 14 23:37:21 kernel: zocl-drm axi:zyxclmm_drm:  ffff3568c9ea6c10 kds_del_context: Client pid(5912) del context Domain(0) CU(0x1)
Jul 14 23:37:21 kernel: zocl-drm axi:zyxclmm_drm:  ffff3568c9ea6c10 _kds_fini_client: Removing CU Domain[0] CU Index [1]
Jul 14 23:37:21 kernel: [drm] bitstream d0af154e-769f-dc2d-8555-420ae4a7919b unlocked, ref=2
Jul 14 23:37:21 kernel: zocl-drm axi:zyxclmm_drm: zocl_destroy_client: client exits pid(5912)
Jul 14 23:37:21 kernel: zocl-drm axi:zyxclmm_drm:  ffff3568c9ea6c10 _kds_fini_client: Client pid(5912) has 1 opening context for 0 slot
Jul 14 23:37:21 kernel: zocl-drm axi:zyxclmm_drm:  ffff3568c9ea6c10 kds_del_context: Client pid(5912) del context Domain(0) CU(0x0)
Jul 14 23:37:21 kernel: zocl-drm axi:zyxclmm_drm:  ffff3568c9ea6c10 _kds_fini_client: Removing CU Domain[0] CU Index [0]
Jul 14 23:37:21 kernel: [drm] bitstream d0af154e-769f-dc2d-8555-420ae4a7919b unlocked, ref=1
Jul 14 23:37:21 kernel: zocl-drm axi:zyxclmm_drm: zocl_destroy_client: client exits pid(5912)
Jul 14 23:37:21 kernel: zocl-drm axi:zyxclmm_drm:  ffff3568c9ea6c10 _kds_fini_client: Client pid(5912) has 1 opening context for 0 slot
Jul 14 23:37:21 kernel: zocl-drm axi:zyxclmm_drm:  ffff3568c9ea6c10 kds_del_context: Client pid(5912) del context Domain(0) CU(0x1)
Jul 14 23:37:21 kernel: zocl-drm axi:zyxclmm_drm:  ffff3568c9ea6c10 _kds_fini_client: Removing CU Domain[0] CU Index [1]
Jul 14 23:37:21 kernel: [drm] bitstream d0af154e-769f-dc2d-8555-420ae4a7919b unlocked, ref=0
Jul 14 23:37:21 kernel: zocl-drm axi:zyxclmm_drm: zocl_destroy_client: client exits pid(5912)
Jul 14 23:37:21 kernel: zocl-drm axi:zyxclmm_drm: zocl_destroy_client: client exits pid(5912)
Jul 14 23:37:33 kernel: usb 2-1.1: Failed to resubmit status URB (-1).
Jul 14 23:37:33 kernel: BUG: sleeping function called from invalid context at kernel/locking/spinlock_rt.c:46
Jul 14 23:37:33 kernel: in_atomic(): 0, irqs_disabled(): 128, non_block: 0, pid: 3436, name: pr/netcon0
Jul 14 23:37:33 kernel: preempt_count: 0, expected: 0
Jul 14 23:37:33 kernel: RCU nest depth: 3, expected: 3
Jul 14 23:37:33 kernel: CPU: 0 PID: 3436 Comm: pr/netcon0 Tainted: G    B   WC        5.15.199-rt91-rt-kv260b #8
Jul 14 23:37:33 kernel: Hardware name: ZynqMP KV260 revB (DT)
Jul 14 23:37:33 kernel: Call trace:
Jul 14 23:37:33 kernel:  dump_backtrace+0x0/0x1f0
Jul 14 23:37:33 kernel:  show_stack+0x18/0x24
Jul 14 23:37:33 kernel:  dump_stack_lvl+0x68/0x84
Jul 14 23:37:33 kernel:  dump_stack+0x18/0x34
Jul 14 23:37:33 kernel:  __might_resched+0x148/0x1ac
Jul 14 23:37:33 kernel:  rt_spin_lock+0x30/0xd0
Jul 14 23:37:33 kernel:  macb_start_xmit+0x178/0xb74
Jul 14 23:37:33 kernel:  netpoll_start_xmit+0x100/0x1c0
Jul 14 23:37:33 kernel:  netpoll_send_skb+0x1cc/0x2a0
Jul 14 23:37:33 kernel:  netpoll_send_udp+0x204/0x430
Jul 14 23:37:33 kernel:  write_msg+0xfc/0x12c [netconsole]
Jul 14 23:37:33 kernel:  printk_kthread_func+0x1f0/0x574
Jul 14 23:37:33 kernel:  kthread+0x16c/0x180
Jul 14 23:37:33 kernel:  ret_from_fork+0x10/0x20
Jul 14 23:37:33 kernel: usb 2-1.1: USB disconnect, device number 6
Jul 14 23:37:34 kernel: usb 2-1.1: new SuperSpeed USB device number 7 using xhci-hcd
Jul 14 23:37:34 kernel: usb 2-1.1: New USB device found, idVendor=8086, idProduct=0b3a, bcdDevice=51.10
Jul 14 23:37:34 kernel: usb 2-1.1: New USB device strings: Mfr=1, Product=2, SerialNumber=3
Jul 14 23:37:34 kernel: usb 2-1.1: Product: Intel(R) RealSense(TM) Depth Camera 435i
Jul 14 23:37:34 kernel: usb 2-1.1: Manufacturer: Intel(R) RealSense(TM) Depth Camera 435i
Jul 14 23:37:34 kernel: usb 2-1.1: SerialNumber: 134523060150
Jul 14 23:37:34 kernel: uvcvideo 2-1.1:1.1: Unknown video format 00000050-0000-0010-8000-00aa00389b71
Jul 14 23:37:34 kernel: usb 2-1.1: Found UVC 1.50 device Intel(R) RealSense(TM) Depth Camera 435i (8086:0b3a)
Jul 14 23:37:34 kernel: input: Intel(R) RealSense(TM) Depth Ca as /devices/platform/axi/ff9d0000.usb/fe200000.usb/xhci-hcd.0.auto/usb2/2-1/2-1.1/2-1.1:1.0/input/input5
Jul 14 23:37:34 kernel: uvcvideo 2-1.1:1.4: Unknown video format 36315752-1a66-a242-9065-d01814a8ef8a
Jul 14 23:37:34 kernel: usb 2-1.1: Found UVC 1.50 device Intel(R) RealSense(TM) Depth Camera 435i (8086:0b3a)
Jul 14 23:37:35 kernel: hid-sensor-hub 0003:8086:0B3A.0005: No report with id 0xffffffff found
Jul 14 23:37:39 kernel: usb 2-1.1: Failed to query (GET_CUR) UVC control 1 on unit 3: -32 (exp. 1024).
Jul 14 23:37:39 kernel: BUG: sleeping function called from invalid context at kernel/locking/spinlock_rt.c:46
Jul 14 23:37:39 kernel: in_atomic(): 0, irqs_disabled(): 128, non_block: 0, pid: 3436, name: pr/netcon0
Jul 14 23:37:39 kernel: preempt_count: 0, expected: 0
Jul 14 23:37:39 kernel: RCU nest depth: 3, expected: 3
Jul 14 23:37:39 kernel: CPU: 2 PID: 3436 Comm: pr/netcon0 Tainted: G    B   WC        5.15.199-rt91-rt-kv260b #8
Jul 14 23:37:39 kernel: Hardware name: ZynqMP KV260 revB (DT)
Jul 14 23:37:39 kernel: Call trace:
Jul 14 23:37:39 kernel:  dump_backtrace+0x0/0x1f0
Jul 14 23:37:39 kernel:  show_stack+0x18/0x24
Jul 14 23:37:39 kernel:  dump_stack_lvl+0x68/0x84
Jul 14 23:37:39 kernel:  dump_stack+0x18/0x34
Jul 14 23:37:39 kernel:  __might_resched+0x148/0x1ac
Jul 14 23:37:39 kernel:  rt_spin_lock+0x30/0xd0
Jul 14 23:37:39 kernel:  macb_start_xmit+0x178/0xb74
Jul 14 23:37:39 kernel:  netpoll_start_xmit+0x100/0x1c0
Jul 14 23:37:39 kernel:  netpoll_send_skb+0x1cc/0x2a0
Jul 14 23:37:39 kernel:  netpoll_send_udp+0x204/0x430
Jul 14 23:37:39 kernel:  write_msg+0xfc/0x12c [netconsole]
Jul 14 23:37:39 kernel:  printk_kthread_func+0x1f0/0x574
Jul 14 23:37:39 kernel:  kthread+0x16c/0x180
Jul 14 23:37:39 kernel:  ret_from_fork+0x10/0x20
Jul 14 23:37:39 kernel: usb 2-1.1: Failed to query (GET_CUR) UVC control 1 on unit 3: -32 (exp. 1024).
Jul 14 23:37:39 kernel: usb 2-1.1: Failed to query (GET_CUR) UVC control 1 on unit 3: -32 (exp. 1024).
Jul 14 23:37:39 kernel: usb 2-1.1: Failed to query (GET_CUR) UVC control 1 on unit 3: -32 (exp. 1024).
Jul 14 23:37:39 kernel: usb 2-1.1: Failed to query (GET_CUR) UVC control 1 on unit 3: -32 (exp. 1024).
Jul 14 23:37:40 kernel: usb 2-1.1: Failed to query (GET_CUR) UVC control 1 on unit 3: -32 (exp. 1024).
Jul 14 23:37:40 kernel: BUG: sleeping function called from invalid context at kernel/locking/spinlock_rt.c:46
Jul 14 23:37:40 kernel: in_atomic(): 0, irqs_disabled(): 128, non_block: 0, pid: 3436, name: pr/netcon0
Jul 14 23:37:40 kernel: preempt_count: 0, expected: 0
Jul 14 23:37:40 kernel: RCU nest depth: 3, expected: 3
Jul 14 23:37:40 kernel: CPU: 3 PID: 3436 Comm: pr/netcon0 Tainted: G    B   WC        5.15.199-rt91-rt-kv260b #8
Jul 14 23:37:40 kernel: Hardware name: ZynqMP KV260 revB (DT)
Jul 14 23:37:40 kernel: Call trace:
Jul 14 23:37:40 kernel:  dump_backtrace+0x0/0x1f0
Jul 14 23:37:40 kernel:  show_stack+0x18/0x24
Jul 14 23:37:40 kernel:  dump_stack_lvl+0x68/0x84
Jul 14 23:37:40 kernel:  dump_stack+0x18/0x34
Jul 14 23:37:40 kernel:  __might_resched+0x148/0x1ac
Jul 14 23:37:40 kernel:  rt_spin_lock+0x30/0xd0
Jul 14 23:37:40 kernel:  macb_start_xmit+0x178/0xb74
Jul 14 23:37:40 kernel:  netpoll_start_xmit+0x100/0x1c0
Jul 14 23:37:40 kernel:  netpoll_send_skb+0x1cc/0x2a0
Jul 14 23:37:40 kernel:  netpoll_send_udp+0x204/0x430
Jul 14 23:37:40 kernel:  write_msg+0xfc/0x12c [netconsole]
Jul 14 23:37:40 kernel:  printk_kthread_func+0x1f0/0x574
Jul 14 23:37:40 kernel:  kthread+0x16c/0x180
Jul 14 23:37:40 kernel:  ret_from_fork+0x10/0x20
Jul 14 23:37:40 kernel: usb 2-1.1: Failed to query (GET_CUR) UVC control 1 on unit 3: -32 (exp. 1024).
Jul 14 23:37:40 kernel: usb 2-1.1: Failed to query (GET_CUR) UVC control 1 on unit 3: -32 (exp. 1024).
Jul 14 23:37:40 kernel: usb 2-1.1: Failed to query (GET_CUR) UVC control 1 on unit 3: -32 (exp. 1024).
Jul 14 23:37:40 kernel: usb 2-1.1: Failed to query (GET_CUR) UVC control 1 on unit 3: -32 (exp. 1024).
Jul 14 23:37:40 kernel: usb 2-1.1: Failed to query (GET_CUR) UVC control 1 on unit 3: -32 (exp. 1024).
Jul 14 23:37:40 kernel: usb 2-1.1: Failed to query (GET_CUR) UVC control 1 on unit 3: -32 (exp. 1024).
Jul 14 23:37:40 kernel: usb 2-1.1: Failed to query (GET_CUR) UVC control 1 on unit 3: -32 (exp. 1024).
Jul 14 23:37:40 kernel: usb 2-1.1: Failed to query (GET_CUR) UVC control 1 on unit 3: -32 (exp. 1024).
Jul 14 23:37:40 kernel: usb 2-1.1: Failed to query (GET_CUR) UVC control 1 on unit 3: -32 (exp. 1024).
Jul 14 23:37:41 kernel: usb 2-1.1: Failed to query (GET_CUR) UVC control 1 on unit 3: -32 (exp. 1024).
Jul 14 23:37:41 kernel: BUG: sleeping function called from invalid context at kernel/locking/spinlock_rt.c:46
Jul 14 23:37:41 kernel: in_atomic(): 0, irqs_disabled(): 128, non_block: 0, pid: 3436, name: pr/netcon0
Jul 14 23:37:41 kernel: preempt_count: 0, expected: 0
Jul 14 23:37:41 kernel: RCU nest depth: 3, expected: 3
Jul 14 23:37:41 kernel: CPU: 1 PID: 3436 Comm: pr/netcon0 Tainted: G    B   WC        5.15.199-rt91-rt-kv260b #8
Jul 14 23:37:41 kernel: Hardware name: ZynqMP KV260 revB (DT)
Jul 14 23:37:41 kernel: Call trace:
Jul 14 23:37:41 kernel:  dump_backtrace+0x0/0x1f0
Jul 14 23:37:41 kernel:  show_stack+0x18/0x24
Jul 14 23:37:41 kernel:  dump_stack_lvl+0x68/0x84
Jul 14 23:37:41 kernel:  dump_stack+0x18/0x34
Jul 14 23:37:41 kernel:  __might_resched+0x148/0x1ac
Jul 14 23:37:41 kernel:  rt_spin_lock+0x30/0xd0
Jul 14 23:37:41 kernel:  macb_start_xmit+0x178/0xb74
Jul 14 23:37:41 kernel:  netpoll_start_xmit+0x100/0x1c0
Jul 14 23:37:41 kernel:  netpoll_send_skb+0x1cc/0x2a0
Jul 14 23:37:41 kernel:  netpoll_send_udp+0x204/0x430
Jul 14 23:37:41 kernel:  write_msg+0xfc/0x12c [netconsole]
Jul 14 23:37:41 kernel:  printk_kthread_func+0x1f0/0x574
Jul 14 23:37:41 kernel:  kthread+0x16c/0x180
Jul 14 23:37:41 kernel:  ret_from_fork+0x10/0x20
Jul 14 23:37:45 kernel: zocl-drm axi:zyxclmm_drm: zocl_create_client: created KDS client for pid(6244), ret: 0
Jul 14 23:37:45 kernel: zocl-drm axi:zyxclmm_drm: zocl_destroy_client: client exits pid(6244)
Jul 14 23:37:45 kernel: zocl-drm axi:zyxclmm_drm: zocl_create_client: created KDS client for pid(6244), ret: 0
Jul 14 23:37:45 kernel: zocl-drm axi:zyxclmm_drm: zocl_destroy_client: client exits pid(6244)
Jul 14 23:37:45 kernel: zocl-drm axi:zyxclmm_drm: zocl_create_client: created KDS client for pid(6244), ret: 0
Jul 14 23:37:45 kernel: zocl-drm axi:zyxclmm_drm: zocl_destroy_client: client exits pid(6244)
Jul 14 23:37:45 kernel: zocl-drm axi:zyxclmm_drm: zocl_create_client: created KDS client for pid(6244), ret: 0
Jul 14 23:37:45 kernel: zocl-drm axi:zyxclmm_drm: zocl_destroy_client: client exits pid(6244)
Jul 14 23:37:45 kernel: zocl-drm axi:zyxclmm_drm: zocl_create_client: created KDS client for pid(6244), ret: 0
Jul 14 23:37:45 kernel: zocl-drm axi:zyxclmm_drm: zocl_destroy_client: client exits pid(6244)
Jul 14 23:37:45 kernel: zocl-drm axi:zyxclmm_drm: zocl_create_client: created KDS client for pid(6244), ret: 0
Jul 14 23:37:45 kernel: zocl-drm axi:zyxclmm_drm: zocl_destroy_client: client exits pid(6244)
Jul 14 23:37:45 kernel: zocl-drm axi:zyxclmm_drm: zocl_create_client: created KDS client for pid(6244), ret: 0
Jul 14 23:37:45 kernel: [drm] skip kind 29(AIE_RESOURCES) return code: -22
Jul 14 23:37:45 kernel: [drm] zocl_xclbin_read_axlf The XCLBIN already loaded
Jul 14 23:37:45 kernel: [drm] zocl_xclbin_read_axlf d0af154e-769f-dc2d-8555-420ae4a7919b ret: 0
Jul 14 23:37:45 kernel: [drm] bitstream d0af154e-769f-dc2d-8555-420ae4a7919b locked, ref=1
Jul 14 23:37:45 kernel: zocl-drm axi:zyxclmm_drm:  ffff3568c9ea6c10 kds_add_context: Client pid(6244) add context Domain(0) CU(0xffffffff) shared(true)
Jul 14 23:37:45 kernel: zocl-drm axi:zyxclmm_drm:  ffff3568c9ea6c10 kds_del_context: Client pid(6244) del context Domain(0) CU(0xffffffff)
Jul 14 23:37:45 kernel: [drm] bitstream d0af154e-769f-dc2d-8555-420ae4a7919b unlocked, ref=0
Jul 14 23:37:45 kernel: zocl-drm axi:zyxclmm_drm: zocl_create_client: created KDS client for pid(6244), ret: 0
Jul 14 23:37:45 kernel: zocl-drm axi:zyxclmm_drm: zocl_destroy_client: client exits pid(6244)
Jul 14 23:37:45 kernel: zocl-drm axi:zyxclmm_drm: zocl_create_client: created KDS client for pid(6244), ret: 0
Jul 14 23:37:45 kernel: [drm] bitstream d0af154e-769f-dc2d-8555-420ae4a7919b locked, ref=1
Jul 14 23:37:45 kernel: zocl-drm axi:zyxclmm_drm:  ffff3568c9ea6c10 kds_add_context: Client pid(6244) add context Domain(0) CU(0x1) shared(true)
Jul 14 23:37:45 kernel: zocl-drm axi:zyxclmm_drm: zocl_create_client: created KDS client for pid(6244), ret: 0
Jul 14 23:37:45 kernel: zocl-drm axi:zyxclmm_drm: zocl_destroy_client: client exits pid(6244)
Jul 14 23:37:45 kernel: zocl-drm axi:zyxclmm_drm: zocl_create_client: created KDS client for pid(6244), ret: 0
Jul 14 23:37:45 kernel: [drm] bitstream d0af154e-769f-dc2d-8555-420ae4a7919b locked, ref=2
Jul 14 23:37:45 kernel: zocl-drm axi:zyxclmm_drm:  ffff3568c9ea6c10 kds_add_context: Client pid(6244) add context Domain(0) CU(0x0) shared(true)
Jul 14 23:37:45 kernel: zocl-drm axi:zyxclmm_drm: zocl_create_client: created KDS client for pid(6244), ret: 0
Jul 14 23:37:45 kernel: zocl-drm axi:zyxclmm_drm: zocl_destroy_client: client exits pid(6244)
Jul 14 23:37:45 kernel: zocl-drm axi:zyxclmm_drm: zocl_create_client: created KDS client for pid(6244), ret: 0
Jul 14 23:37:45 kernel: [drm] bitstream d0af154e-769f-dc2d-8555-420ae4a7919b locked, ref=3
Jul 14 23:37:45 kernel: zocl-drm axi:zyxclmm_drm:  ffff3568c9ea6c10 kds_add_context: Client pid(6244) add context Domain(0) CU(0x1) shared(true)
Jul 14 23:37:48 kernel: usb 2-1.1: Failed to query (GET_CUR) UVC control 1 on unit 3: -32 (exp. 1024).
Jul 14 23:37:48 kernel: BUG: sleeping function called from invalid context at kernel/locking/spinlock_rt.c:46
Jul 14 23:37:48 kernel: in_atomic(): 0, irqs_disabled(): 128, non_block: 0, pid: 3436, name: pr/netcon0
Jul 14 23:37:48 kernel: preempt_count: 0, expected: 0
Jul 14 23:37:48 kernel: RCU nest depth: 3, expected: 3
Jul 14 23:37:48 kernel: CPU: 1 PID: 3436 Comm: pr/netcon0 Tainted: G    B   WC        5.15.199-rt91-rt-kv260b #8
Jul 14 23:37:48 kernel: Hardware name: ZynqMP KV260 revB (DT)
Jul 14 23:37:48 kernel: Call trace:
Jul 14 23:37:48 kernel:  dump_backtrace+0x0/0x1f0
Jul 14 23:37:48 kernel:  show_stack+0x18/0x24
Jul 14 23:37:48 kernel:  dump_stack_lvl+0x68/0x84
Jul 14 23:37:48 kernel:  dump_stack+0x18/0x34
Jul 14 23:37:48 kernel:  __might_resched+0x148/0x1ac
Jul 14 23:37:48 kernel:  rt_spin_lock+0x30/0xd0
Jul 14 23:37:48 kernel:  macb_start_xmit+0x178/0xb74
Jul 14 23:37:48 kernel:  netpoll_start_xmit+0x100/0x1c0
Jul 14 23:37:48 kernel:  netpoll_send_skb+0x1cc/0x2a0
Jul 14 23:37:48 kernel:  netpoll_send_udp+0x204/0x430
Jul 14 23:37:48 kernel:  write_msg+0xfc/0x12c [netconsole]
Jul 14 23:37:48 kernel:  printk_kthread_func+0x1f0/0x574
Jul 14 23:37:48 kernel:  kthread+0x16c/0x180
Jul 14 23:37:48 kernel:  ret_from_fork+0x10/0x20
Jul 14 23:37:56 kernel: usb 2-1.1: Failed to query (GET_CUR) UVC control 1 on unit 3: -32 (exp. 1024).
Jul 14 23:37:56 kernel: BUG: sleeping function called from invalid context at kernel/locking/spinlock_rt.c:46
Jul 14 23:37:56 kernel: in_atomic(): 0, irqs_disabled(): 128, non_block: 0, pid: 3436, name: pr/netcon0
Jul 14 23:37:56 kernel: preempt_count: 0, expected: 0
Jul 14 23:37:56 kernel: RCU nest depth: 3, expected: 3
Jul 14 23:37:56 kernel: CPU: 1 PID: 3436 Comm: pr/netcon0 Tainted: G    B   WC        5.15.199-rt91-rt-kv260b #8
Jul 14 23:37:56 kernel: Hardware name: ZynqMP KV260 revB (DT)
Jul 14 23:37:56 kernel: Call trace:
Jul 14 23:37:56 kernel:  dump_backtrace+0x0/0x1f0
Jul 14 23:37:56 kernel:  show_stack+0x18/0x24
Jul 14 23:37:56 kernel:  dump_stack_lvl+0x68/0x84
Jul 14 23:37:56 kernel:  dump_stack+0x18/0x34
Jul 14 23:37:56 kernel:  __might_resched+0x148/0x1ac
Jul 14 23:37:56 kernel:  rt_spin_lock+0x30/0xd0
Jul 14 23:37:56 kernel:  macb_start_xmit+0x178/0xb74
Jul 14 23:37:56 kernel:  netpoll_start_xmit+0x100/0x1c0
Jul 14 23:37:56 kernel:  netpoll_send_skb+0x1cc/0x2a0
Jul 14 23:37:56 kernel:  netpoll_send_udp+0x204/0x430
Jul 14 23:37:56 kernel:  write_msg+0xfc/0x12c [netconsole]
Jul 14 23:37:56 kernel:  printk_kthread_func+0x1f0/0x574
Jul 14 23:37:56 kernel:  kthread+0x16c/0x180
Jul 14 23:37:56 kernel:  ret_from_fork+0x10/0x20
Jul 14 23:37:59 kernel: usb 2-1.1: Failed to query (GET_CUR) UVC control 1 on unit 3: -32 (exp. 1024).
Jul 14 23:37:59 kernel: BUG: sleeping function called from invalid context at kernel/locking/spinlock_rt.c:46
Jul 14 23:37:59 kernel: in_atomic(): 0, irqs_disabled(): 128, non_block: 0, pid: 3436, name: pr/netcon0
Jul 14 23:37:59 kernel: preempt_count: 0, expected: 0
Jul 14 23:37:59 kernel: RCU nest depth: 3, expected: 3
Jul 14 23:37:59 kernel: CPU: 3 PID: 3436 Comm: pr/netcon0 Tainted: G    B   WC        5.15.199-rt91-rt-kv260b #8
Jul 14 23:37:59 kernel: Hardware name: ZynqMP KV260 revB (DT)
Jul 14 23:37:59 kernel: Call trace:
Jul 14 23:37:59 kernel:  dump_backtrace+0x0/0x1f0
Jul 14 23:37:59 kernel:  show_stack+0x18/0x24
Jul 14 23:37:59 kernel:  dump_stack_lvl+0x68/0x84
Jul 14 23:37:59 kernel:  dump_stack+0x18/0x34
Jul 14 23:37:59 kernel:  __might_resched+0x148/0x1ac
Jul 14 23:37:59 kernel:  rt_spin_lock+0x30/0xd0
Jul 14 23:37:59 kernel:  macb_start_xmit+0x178/0xb74
Jul 14 23:37:59 kernel:  netpoll_start_xmit+0x100/0x1c0
Jul 14 23:37:59 kernel:  netpoll_send_skb+0x1cc/0x2a0
Jul 14 23:37:59 kernel:  netpoll_send_udp+0x204/0x430
Jul 14 23:37:59 kernel:  write_msg+0xfc/0x12c [netconsole]
Jul 14 23:37:59 kernel:  printk_kthread_func+0x1f0/0x574
Jul 14 23:37:59 kernel:  kthread+0x16c/0x180
Jul 14 23:37:59 kernel:  ret_from_fork+0x10/0x20
Jul 14 23:38:01 kernel: usb 2-1.1: Failed to query (GET_CUR) UVC control 1 on unit 3: -32 (exp. 1024).
Jul 14 23:38:01 kernel: BUG: sleeping function called from invalid context at kernel/locking/spinlock_rt.c:46
Jul 14 23:38:01 kernel: in_atomic(): 0, irqs_disabled(): 128, non_block: 0, pid: 3436, name: pr/netcon0
Jul 14 23:38:01 kernel: preempt_count: 0, expected: 0
Jul 14 23:38:01 kernel: RCU nest depth: 3, expected: 3
Jul 14 23:38:01 kernel: CPU: 0 PID: 3436 Comm: pr/netcon0 Tainted: G    B   WC        5.15.199-rt91-rt-kv260b #8
Jul 14 23:38:01 kernel: Hardware name: ZynqMP KV260 revB (DT)
Jul 14 23:38:01 kernel: Call trace:
Jul 14 23:38:01 kernel:  dump_backtrace+0x0/0x1f0
Jul 14 23:38:01 kernel:  show_stack+0x18/0x24
Jul 14 23:38:01 kernel:  dump_stack_lvl+0x68/0x84
Jul 14 23:38:01 kernel:  dump_stack+0x18/0x34
Jul 14 23:38:01 kernel:  __might_resched+0x148/0x1ac
Jul 14 23:38:01 kernel:  rt_spin_lock+0x30/0xd0
Jul 14 23:38:01 kernel:  macb_start_xmit+0x178/0xb74
Jul 14 23:38:01 kernel:  netpoll_start_xmit+0x100/0x1c0
Jul 14 23:38:01 kernel:  netpoll_send_skb+0x1cc/0x2a0
Jul 14 23:38:01 kernel:  netpoll_send_udp+0x204/0x430
Jul 14 23:38:01 kernel:  write_msg+0xfc/0x12c [netconsole]
Jul 14 23:38:01 kernel:  printk_kthread_func+0x1f0/0x574
Jul 14 23:38:01 kernel:  kthread+0x16c/0x180
Jul 14 23:38:01 kernel:  ret_from_fork+0x10/0x20
Jul 14 23:38:07 kernel: usb 2-1.1: Failed to query (GET_CUR) UVC control 1 on unit 3: -32 (exp. 1024).
Jul 14 23:38:07 kernel: BUG: sleeping function called from invalid context at kernel/locking/spinlock_rt.c:46
Jul 14 23:38:07 kernel: in_atomic(): 0, irqs_disabled(): 128, non_block: 0, pid: 3436, name: pr/netcon0
Jul 14 23:38:07 kernel: preempt_count: 0, expected: 0
Jul 14 23:38:07 kernel: RCU nest depth: 3, expected: 3
Jul 14 23:38:07 kernel: CPU: 0 PID: 3436 Comm: pr/netcon0 Tainted: G    B   WC        5.15.199-rt91-rt-kv260b #8
Jul 14 23:38:07 kernel: Hardware name: ZynqMP KV260 revB (DT)
Jul 14 23:38:07 kernel: Call trace:
Jul 14 23:38:07 kernel:  dump_backtrace+0x0/0x1f0
Jul 14 23:38:07 kernel:  show_stack+0x18/0x24
Jul 14 23:38:07 kernel:  dump_stack_lvl+0x68/0x84
Jul 14 23:38:07 kernel:  dump_stack+0x18/0x34
Jul 14 23:38:07 kernel:  __might_resched+0x148/0x1ac
Jul 14 23:38:07 kernel:  rt_spin_lock+0x30/0xd0
Jul 14 23:38:07 kernel:  macb_start_xmit+0x178/0xb74
Jul 14 23:38:07 kernel:  netpoll_start_xmit+0x100/0x1c0
Jul 14 23:38:07 kernel:  netpoll_send_skb+0x1cc/0x2a0
Jul 14 23:38:07 kernel:  netpoll_send_udp+0x204/0x430
Jul 14 23:38:07 kernel:  write_msg+0xfc/0x12c [netconsole]
Jul 14 23:38:07 kernel:  printk_kthread_func+0x1f0/0x574
Jul 14 23:38:07 kernel:  kthread+0x16c/0x180
Jul 14 23:38:07 kernel:  ret_from_fork+0x10/0x20
Jul 14 23:38:16 kernel: usb 2-1.1: Failed to query (GET_CUR) UVC control 1 on unit 3: -32 (exp. 1024).
Jul 14 23:38:16 kernel: BUG: sleeping function called from invalid context at kernel/locking/spinlock_rt.c:46
Jul 14 23:38:16 kernel: in_atomic(): 0, irqs_disabled(): 128, non_block: 0, pid: 3436, name: pr/netcon0
Jul 14 23:38:16 kernel: preempt_count: 0, expected: 0
Jul 14 23:38:16 kernel: RCU nest depth: 3, expected: 3
Jul 14 23:38:16 kernel: CPU: 0 PID: 3436 Comm: pr/netcon0 Tainted: G    B   WC        5.15.199-rt91-rt-kv260b #8
Jul 14 23:38:16 kernel: Hardware name: ZynqMP KV260 revB (DT)
Jul 14 23:38:16 kernel: Call trace:
Jul 14 23:38:16 kernel:  dump_backtrace+0x0/0x1f0
Jul 14 23:38:16 kernel:  show_stack+0x18/0x24
Jul 14 23:38:16 kernel:  dump_stack_lvl+0x68/0x84
Jul 14 23:38:16 kernel:  dump_stack+0x18/0x34
Jul 14 23:38:16 kernel:  __might_resched+0x148/0x1ac
Jul 14 23:38:16 kernel:  rt_spin_lock+0x30/0xd0
Jul 14 23:38:16 kernel:  macb_start_xmit+0x178/0xb74
Jul 14 23:38:16 kernel:  netpoll_start_xmit+0x100/0x1c0
Jul 14 23:38:16 kernel:  netpoll_send_skb+0x1cc/0x2a0
Jul 14 23:38:16 kernel:  netpoll_send_udp+0x204/0x430
Jul 14 23:38:16 kernel:  write_msg+0xfc/0x12c [netconsole]
Jul 14 23:38:16 kernel:  printk_kthread_func+0x1f0/0x574
Jul 14 23:38:16 kernel:  kthread+0x16c/0x180
Jul 14 23:38:16 kernel:  ret_from_fork+0x10/0x20
Jul 14 23:38:17 kernel: usb 2-1.1: Failed to query (GET_CUR) UVC control 1 on unit 3: -32 (exp. 1024).
Jul 14 23:38:17 kernel: BUG: sleeping function called from invalid context at kernel/locking/spinlock_rt.c:46
Jul 14 23:38:17 kernel: in_atomic(): 0, irqs_disabled(): 128, non_block: 0, pid: 3436, name: pr/netcon0
Jul 14 23:38:17 kernel: preempt_count: 0, expected: 0
Jul 14 23:38:17 kernel: RCU nest depth: 3, expected: 3
Jul 14 23:38:17 kernel: CPU: 1 PID: 3436 Comm: pr/netcon0 Tainted: G    B   WC        5.15.199-rt91-rt-kv260b #8
Jul 14 23:38:17 kernel: Hardware name: ZynqMP KV260 revB (DT)
Jul 14 23:38:17 kernel: Call trace:
Jul 14 23:38:17 kernel:  dump_backtrace+0x0/0x1f0
Jul 14 23:38:17 kernel:  show_stack+0x18/0x24
Jul 14 23:38:17 kernel:  dump_stack_lvl+0x68/0x84
Jul 14 23:38:17 kernel:  dump_stack+0x18/0x34
Jul 14 23:38:17 kernel:  __might_resched+0x148/0x1ac
Jul 14 23:38:17 kernel:  rt_spin_lock+0x30/0xd0
Jul 14 23:38:17 kernel:  macb_start_xmit+0x178/0xb74
Jul 14 23:38:17 kernel:  netpoll_start_xmit+0x100/0x1c0
Jul 14 23:38:17 kernel:  netpoll_send_skb+0x1cc/0x2a0
Jul 14 23:38:17 kernel:  netpoll_send_udp+0x204/0x430
Jul 14 23:38:17 kernel:  write_msg+0xfc/0x12c [netconsole]
Jul 14 23:38:17 kernel:  printk_kthread_func+0x1f0/0x574
Jul 14 23:38:17 kernel:  kthread+0x16c/0x180
Jul 14 23:38:17 kernel:  ret_from_fork+0x10/0x20
Jul 14 23:38:18 kernel: usb 2-1.1: Failed to query (GET_CUR) UVC control 1 on unit 3: -32 (exp. 1024).
Jul 14 23:38:18 kernel: BUG: sleeping function called from invalid context at kernel/locking/spinlock_rt.c:46
Jul 14 23:38:18 kernel: in_atomic(): 0, irqs_disabled(): 128, non_block: 0, pid: 3436, name: pr/netcon0
Jul 14 23:38:18 kernel: preempt_count: 0, expected: 0
Jul 14 23:38:18 kernel: RCU nest depth: 3, expected: 3
Jul 14 23:38:18 kernel: CPU: 3 PID: 3436 Comm: pr/netcon0 Tainted: G    B   WC        5.15.199-rt91-rt-kv260b #8
Jul 14 23:38:18 kernel: Hardware name: ZynqMP KV260 revB (DT)
Jul 14 23:38:18 kernel: Call trace:
Jul 14 23:38:18 kernel:  dump_backtrace+0x0/0x1f0
Jul 14 23:38:18 kernel:  show_stack+0x18/0x24
Jul 14 23:38:18 kernel:  dump_stack_lvl+0x68/0x84
Jul 14 23:38:18 kernel:  dump_stack+0x18/0x34
Jul 14 23:38:18 kernel:  __might_resched+0x148/0x1ac
Jul 14 23:38:18 kernel:  rt_spin_lock+0x30/0xd0
Jul 14 23:38:18 kernel:  macb_start_xmit+0x178/0xb74
Jul 14 23:38:18 kernel:  netpoll_start_xmit+0x100/0x1c0
Jul 14 23:38:18 kernel:  netpoll_send_skb+0x1cc/0x2a0
Jul 14 23:38:18 kernel:  netpoll_send_udp+0x204/0x430
Jul 14 23:38:18 kernel:  write_msg+0xfc/0x12c [netconsole]
Jul 14 23:38:18 kernel:  printk_kthread_func+0x1f0/0x574
Jul 14 23:38:18 kernel:  kthread+0x16c/0x180
Jul 14 23:38:18 kernel:  ret_from_fork+0x10/0x20
Jul 14 23:38:28 kernel: usb 2-1.1: Failed to query (GET_CUR) UVC control 1 on unit 3: -32 (exp. 1024).
Jul 14 23:38:28 kernel: BUG: sleeping function called from invalid context at kernel/locking/spinlock_rt.c:46
Jul 14 23:38:28 kernel: in_atomic(): 0, irqs_disabled(): 128, non_block: 0, pid: 3436, name: pr/netcon0
Jul 14 23:38:28 kernel: preempt_count: 0, expected: 0
Jul 14 23:38:28 kernel: RCU nest depth: 3, expected: 3
Jul 14 23:38:28 kernel: CPU: 3 PID: 3436 Comm: pr/netcon0 Tainted: G    B   WC        5.15.199-rt91-rt-kv260b #8
Jul 14 23:38:28 kernel: Hardware name: ZynqMP KV260 revB (DT)
Jul 14 23:38:28 kernel: Call trace:
Jul 14 23:38:28 kernel:  dump_backtrace+0x0/0x1f0
Jul 14 23:38:28 kernel:  show_stack+0x18/0x24
Jul 14 23:38:28 kernel:  dump_stack_lvl+0x68/0x84
Jul 14 23:38:28 kernel:  dump_stack+0x18/0x34
Jul 14 23:38:28 kernel:  __might_resched+0x148/0x1ac
Jul 14 23:38:28 kernel:  rt_spin_lock+0x30/0xd0
Jul 14 23:38:28 kernel:  macb_start_xmit+0x178/0xb74
Jul 14 23:38:28 kernel:  netpoll_start_xmit+0x100/0x1c0
Jul 14 23:38:28 kernel:  netpoll_send_skb+0x1cc/0x2a0
Jul 14 23:38:28 kernel:  netpoll_send_udp+0x204/0x430
Jul 14 23:38:28 kernel:  write_msg+0xfc/0x12c [netconsole]
Jul 14 23:38:28 kernel:  printk_kthread_func+0x1f0/0x574
Jul 14 23:38:28 kernel:  kthread+0x16c/0x180
Jul 14 23:38:28 kernel:  ret_from_fork+0x10/0x20
Jul 14 23:38:28 kernel: zocl-drm axi:zyxclmm_drm:  ffff3568c9ea6c10 kds_del_context: Client pid(6244) del context Domain(0) CU(0x1)
Jul 14 23:38:28 kernel: [drm] bitstream d0af154e-769f-dc2d-8555-420ae4a7919b unlocked, ref=2
Jul 14 23:38:28 kernel: zocl-drm axi:zyxclmm_drm: zocl_destroy_client: client exits pid(6244)
Jul 14 23:38:28 kernel: zocl-drm axi:zyxclmm_drm:  ffff3568c9ea6c10 kds_del_context: Client pid(6244) del context Domain(0) CU(0x1)
Jul 14 23:38:28 kernel: [drm] bitstream d0af154e-769f-dc2d-8555-420ae4a7919b unlocked, ref=1
Jul 14 23:38:28 kernel: zocl-drm axi:zyxclmm_drm: zocl_destroy_client: client exits pid(6244)
Jul 14 23:38:28 kernel: zocl-drm axi:zyxclmm_drm:  ffff3568c9ea6c10 kds_del_context: Client pid(6244) del context Domain(0) CU(0x0)
Jul 14 23:38:28 kernel: [drm] bitstream d0af154e-769f-dc2d-8555-420ae4a7919b unlocked, ref=0
Jul 14 23:38:28 kernel: zocl-drm axi:zyxclmm_drm: zocl_destroy_client: client exits pid(6244)
Jul 14 23:38:28 kernel: zocl-drm axi:zyxclmm_drm: zocl_destroy_client: client exits pid(6244)
Jul 14 23:38:33 kernel: zocl-drm axi:zyxclmm_drm: zocl_create_client: created KDS client for pid(6345), ret: 0
Jul 14 23:38:33 kernel: zocl-drm axi:zyxclmm_drm: zocl_destroy_client: client exits pid(6345)
Jul 14 23:38:33 kernel: zocl-drm axi:zyxclmm_drm: zocl_create_client: created KDS client for pid(6345), ret: 0
Jul 14 23:38:33 kernel: zocl-drm axi:zyxclmm_drm: zocl_destroy_client: client exits pid(6345)
Jul 14 23:38:33 kernel: zocl-drm axi:zyxclmm_drm: zocl_create_client: created KDS client for pid(6345), ret: 0
Jul 14 23:38:33 kernel: zocl-drm axi:zyxclmm_drm: zocl_destroy_client: client exits pid(6345)
Jul 14 23:38:33 kernel: zocl-drm axi:zyxclmm_drm: zocl_create_client: created KDS client for pid(6345), ret: 0
Jul 14 23:38:33 kernel: zocl-drm axi:zyxclmm_drm: zocl_destroy_client: client exits pid(6345)
Jul 14 23:38:33 kernel: zocl-drm axi:zyxclmm_drm: zocl_create_client: created KDS client for pid(6345), ret: 0
Jul 14 23:38:33 kernel: zocl-drm axi:zyxclmm_drm: zocl_destroy_client: client exits pid(6345)
Jul 14 23:38:33 kernel: zocl-drm axi:zyxclmm_drm: zocl_create_client: created KDS client for pid(6345), ret: 0
Jul 14 23:38:33 kernel: zocl-drm axi:zyxclmm_drm: zocl_destroy_client: client exits pid(6345)
Jul 14 23:38:33 kernel: zocl-drm axi:zyxclmm_drm: zocl_create_client: created KDS client for pid(6345), ret: 0
Jul 14 23:38:33 kernel: [drm] skip kind 29(AIE_RESOURCES) return code: -22
Jul 14 23:38:33 kernel: [drm] zocl_xclbin_read_axlf The XCLBIN already loaded
Jul 14 23:38:33 kernel: [drm] zocl_xclbin_read_axlf d0af154e-769f-dc2d-8555-420ae4a7919b ret: 0
Jul 14 23:38:33 kernel: [drm] bitstream d0af154e-769f-dc2d-8555-420ae4a7919b locked, ref=1
Jul 14 23:38:33 kernel: zocl-drm axi:zyxclmm_drm:  ffff3568c9ea6c10 kds_add_context: Client pid(6345) add context Domain(0) CU(0xffffffff) shared(true)
Jul 14 23:38:33 kernel: zocl-drm axi:zyxclmm_drm:  ffff3568c9ea6c10 kds_del_context: Client pid(6345) del context Domain(0) CU(0xffffffff)
Jul 14 23:38:33 kernel: [drm] bitstream d0af154e-769f-dc2d-8555-420ae4a7919b unlocked, ref=0
Jul 14 23:38:33 kernel: zocl-drm axi:zyxclmm_drm: zocl_create_client: created KDS client for pid(6345), ret: 0
Jul 14 23:38:33 kernel: zocl-drm axi:zyxclmm_drm: zocl_destroy_client: client exits pid(6345)
Jul 14 23:38:33 kernel: zocl-drm axi:zyxclmm_drm: zocl_create_client: created KDS client for pid(6345), ret: 0
Jul 14 23:38:33 kernel: [drm] bitstream d0af154e-769f-dc2d-8555-420ae4a7919b locked, ref=1
Jul 14 23:38:33 kernel: zocl-drm axi:zyxclmm_drm:  ffff3568c9ea6c10 kds_add_context: Client pid(6345) add context Domain(0) CU(0x1) shared(true)
Jul 14 23:38:33 kernel: zocl-drm axi:zyxclmm_drm: zocl_create_client: created KDS client for pid(6345), ret: 0
Jul 14 23:38:33 kernel: zocl-drm axi:zyxclmm_drm: zocl_destroy_client: client exits pid(6345)
Jul 14 23:38:33 kernel: zocl-drm axi:zyxclmm_drm: zocl_create_client: created KDS client for pid(6345), ret: 0
Jul 14 23:38:33 kernel: [drm] bitstream d0af154e-769f-dc2d-8555-420ae4a7919b locked, ref=2
Jul 14 23:38:33 kernel: zocl-drm axi:zyxclmm_drm:  ffff3568c9ea6c10 kds_add_context: Client pid(6345) add context Domain(0) CU(0x0) shared(true)
Jul 14 23:38:33 kernel: zocl-drm axi:zyxclmm_drm: zocl_create_client: created KDS client for pid(6345), ret: 0
Jul 14 23:38:33 kernel: zocl-drm axi:zyxclmm_drm: zocl_destroy_client: client exits pid(6345)
Jul 14 23:38:33 kernel: zocl-drm axi:zyxclmm_drm: zocl_create_client: created KDS client for pid(6345), ret: 0
Jul 14 23:38:33 kernel: [drm] bitstream d0af154e-769f-dc2d-8555-420ae4a7919b locked, ref=3
Jul 14 23:38:33 kernel: zocl-drm axi:zyxclmm_drm:  ffff3568c9ea6c10 kds_add_context: Client pid(6345) add context Domain(0) CU(0x1) shared(true)
Jul 14 23:38:34 kernel: zocl-drm axi:zyxclmm_drm:  ffff3568c9ea6c10 _kds_fini_client: Client pid(6345) has 1 opening context for 0 slot
Jul 14 23:38:34 kernel: zocl-drm axi:zyxclmm_drm:  ffff3568c9ea6c10 kds_del_context: Client pid(6345) del context Domain(0) CU(0x1)
Jul 14 23:38:34 kernel: zocl-drm axi:zyxclmm_drm:  ffff3568c9ea6c10 _kds_fini_client: Removing CU Domain[0] CU Index [1]
Jul 14 23:38:34 kernel: [drm] bitstream d0af154e-769f-dc2d-8555-420ae4a7919b unlocked, ref=2
Jul 14 23:38:34 kernel: zocl-drm axi:zyxclmm_drm: zocl_destroy_client: client exits pid(6345)
Jul 14 23:38:34 kernel: zocl-drm axi:zyxclmm_drm:  ffff3568c9ea6c10 _kds_fini_client: Client pid(6345) has 1 opening context for 0 slot
Jul 14 23:38:34 kernel: zocl-drm axi:zyxclmm_drm:  ffff3568c9ea6c10 kds_del_context: Client pid(6345) del context Domain(0) CU(0x0)
Jul 14 23:38:34 kernel: zocl-drm axi:zyxclmm_drm:  ffff3568c9ea6c10 _kds_fini_client: Removing CU Domain[0] CU Index [0]
Jul 14 23:38:34 kernel: [drm] bitstream d0af154e-769f-dc2d-8555-420ae4a7919b unlocked, ref=1
Jul 14 23:38:34 kernel: zocl-drm axi:zyxclmm_drm: zocl_destroy_client: client exits pid(6345)
Jul 14 23:38:34 kernel: zocl-drm axi:zyxclmm_drm:  ffff3568c9ea6c10 _kds_fini_client: Client pid(6345) has 1 opening context for 0 slot
Jul 14 23:38:34 kernel: zocl-drm axi:zyxclmm_drm:  ffff3568c9ea6c10 kds_del_context: Client pid(6345) del context Domain(0) CU(0x1)
Jul 14 23:38:34 kernel: zocl-drm axi:zyxclmm_drm:  ffff3568c9ea6c10 _kds_fini_client: Removing CU Domain[0] CU Index [1]
Jul 14 23:38:34 kernel: [drm] bitstream d0af154e-769f-dc2d-8555-420ae4a7919b unlocked, ref=0
Jul 14 23:38:34 kernel: zocl-drm axi:zyxclmm_drm: zocl_destroy_client: client exits pid(6345)
Jul 14 23:38:34 kernel: zocl-drm axi:zyxclmm_drm: zocl_destroy_client: client exits pid(6345)
Jul 14 23:38:47 kernel: usb 2-1.1: USB disconnect, device number 7
Jul 14 23:38:47 kernel: usb 2-1.1: new SuperSpeed USB device number 8 using xhci-hcd
Jul 14 23:38:47 kernel: usb 2-1.1: New USB device found, idVendor=8086, idProduct=0b3a, bcdDevice=51.10
Jul 14 23:38:47 kernel: usb 2-1.1: New USB device strings: Mfr=1, Product=2, SerialNumber=3
Jul 14 23:38:47 kernel: usb 2-1.1: Product: Intel(R) RealSense(TM) Depth Camera 435i
Jul 14 23:38:47 kernel: usb 2-1.1: Manufacturer: Intel(R) RealSense(TM) Depth Camera 435i
Jul 14 23:38:47 kernel: usb 2-1.1: SerialNumber: 134523060150
Jul 14 23:38:47 kernel: uvcvideo 2-1.1:1.1: Unknown video format 00000050-0000-0010-8000-00aa00389b71
Jul 14 23:38:47 kernel: usb 2-1.1: Found UVC 1.50 device Intel(R) RealSense(TM) Depth Camera 435i (8086:0b3a)
Jul 14 23:38:47 kernel: input: Intel(R) RealSense(TM) Depth Ca as /devices/platform/axi/ff9d0000.usb/fe200000.usb/xhci-hcd.0.auto/usb2/2-1/2-1.1/2-1.1:1.0/input/input6
Jul 14 23:38:47 kernel: uvcvideo 2-1.1:1.4: Unknown video format 36315752-1a66-a242-9065-d01814a8ef8a
Jul 14 23:38:47 kernel: usb 2-1.1: Found UVC 1.50 device Intel(R) RealSense(TM) Depth Camera 435i (8086:0b3a)
Jul 14 23:38:49 kernel: hid-sensor-hub 0003:8086:0B3A.0006: No report with id 0xffffffff found
Jul 14 23:38:52 kernel: usb 2-1.1: Failed to query (GET_CUR) UVC control 1 on unit 3: -32 (exp. 1024).
Jul 14 23:38:52 kernel: BUG: sleeping function called from invalid context at kernel/locking/spinlock_rt.c:46
Jul 14 23:38:52 kernel: in_atomic(): 0, irqs_disabled(): 128, non_block: 0, pid: 3436, name: pr/netcon0
Jul 14 23:38:52 kernel: preempt_count: 0, expected: 0
Jul 14 23:38:52 kernel: RCU nest depth: 3, expected: 3
Jul 14 23:38:52 kernel: CPU: 3 PID: 3436 Comm: pr/netcon0 Tainted: G    B   WC        5.15.199-rt91-rt-kv260b #8
Jul 14 23:38:52 kernel: Hardware name: ZynqMP KV260 revB (DT)
Jul 14 23:38:52 kernel: Call trace:
Jul 14 23:38:52 kernel:  dump_backtrace+0x0/0x1f0
Jul 14 23:38:52 kernel:  show_stack+0x18/0x24
Jul 14 23:38:52 kernel:  dump_stack_lvl+0x68/0x84
Jul 14 23:38:52 kernel:  dump_stack+0x18/0x34
Jul 14 23:38:52 kernel:  __might_resched+0x148/0x1ac
Jul 14 23:38:52 kernel:  rt_spin_lock+0x30/0xd0
Jul 14 23:38:52 kernel:  macb_start_xmit+0x178/0xb74
Jul 14 23:38:52 kernel:  netpoll_start_xmit+0x100/0x1c0
Jul 14 23:38:52 kernel:  netpoll_send_skb+0x1cc/0x2a0
Jul 14 23:38:52 kernel:  netpoll_send_udp+0x204/0x430
Jul 14 23:38:52 kernel:  write_msg+0xfc/0x12c [netconsole]
Jul 14 23:38:52 kernel:  printk_kthread_func+0x1f0/0x574
Jul 14 23:38:52 kernel:  kthread+0x16c/0x180
Jul 14 23:38:52 kernel:  ret_from_fork+0x10/0x20
Jul 14 23:38:52 kernel: usb 2-1.1: Failed to query (GET_CUR) UVC control 1 on unit 3: -32 (exp. 1024).
Jul 14 23:38:52 kernel: usb 2-1.1: Failed to query (GET_CUR) UVC control 1 on unit 3: -32 (exp. 1024).
Jul 14 23:38:52 kernel: usb 2-1.1: Failed to query (GET_CUR) UVC control 1 on unit 3: -32 (exp. 1024).
Jul 14 23:38:53 kernel: usb 2-1.1: Failed to query (GET_CUR) UVC control 1 on unit 3: -32 (exp. 1024).
Jul 14 23:38:53 kernel: usb 2-1.1: Failed to query (GET_CUR) UVC control 1 on unit 3: -32 (exp. 1024).
Jul 14 23:38:53 kernel: usb 2-1.1: Failed to query (GET_CUR) UVC control 1 on unit 3: -32 (exp. 1024).
Jul 14 23:38:53 kernel: usb 2-1.1: Failed to query (GET_CUR) UVC control 1 on unit 3: -32 (exp. 1024).
Jul 14 23:38:53 kernel: BUG: sleeping function called from invalid context at kernel/locking/spinlock_rt.c:46
Jul 14 23:38:53 kernel: in_atomic(): 0, irqs_disabled(): 128, non_block: 0, pid: 3436, name: pr/netcon0
Jul 14 23:38:53 kernel: preempt_count: 0, expected: 0
Jul 14 23:38:53 kernel: RCU nest depth: 3, expected: 3
Jul 14 23:38:53 kernel: CPU: 1 PID: 3436 Comm: pr/netcon0 Tainted: G    B   WC        5.15.199-rt91-rt-kv260b #8
Jul 14 23:38:53 kernel: Hardware name: ZynqMP KV260 revB (DT)
Jul 14 23:38:53 kernel: Call trace:
Jul 14 23:38:53 kernel:  dump_backtrace+0x0/0x1f0
Jul 14 23:38:53 kernel:  show_stack+0x18/0x24
Jul 14 23:38:53 kernel:  dump_stack_lvl+0x68/0x84
Jul 14 23:38:53 kernel:  dump_stack+0x18/0x34
Jul 14 23:38:53 kernel:  __might_resched+0x148/0x1ac
Jul 14 23:38:53 kernel:  rt_spin_lock+0x30/0xd0
Jul 14 23:38:53 kernel:  macb_start_xmit+0x178/0xb74
Jul 14 23:38:53 kernel:  netpoll_start_xmit+0x100/0x1c0
Jul 14 23:38:53 kernel:  netpoll_send_skb+0x1cc/0x2a0
Jul 14 23:38:53 kernel:  netpoll_send_udp+0x204/0x430
Jul 14 23:38:53 kernel:  write_msg+0xfc/0x12c [netconsole]
Jul 14 23:38:53 kernel:  printk_kthread_func+0x1f0/0x574
Jul 14 23:38:53 kernel:  kthread+0x16c/0x180
Jul 14 23:38:53 kernel:  ret_from_fork+0x10/0x20
Jul 14 23:38:53 kernel: usb 2-1.1: Failed to query (GET_CUR) UVC control 1 on unit 3: -32 (exp. 1024).
Jul 14 23:38:53 kernel: usb 2-1.1: Failed to query (GET_CUR) UVC control 1 on unit 3: -32 (exp. 1024).
Jul 14 23:38:53 kernel: usb 2-1.1: Failed to query (GET_CUR) UVC control 1 on unit 3: -32 (exp. 1024).
Jul 14 23:38:54 kernel: usb 2-1.1: Failed to query (GET_CUR) UVC control 1 on unit 3: -32 (exp. 1024).
Jul 14 23:38:54 kernel: usb 2-1.1: Failed to query (GET_CUR) UVC control 1 on unit 3: -32 (exp. 1024).
Jul 14 23:38:54 kernel: usb 2-1.1: Failed to query (GET_CUR) UVC control 1 on unit 3: -32 (exp. 1024).
Jul 14 23:38:54 kernel: usb 2-1.1: Failed to query (GET_CUR) UVC control 1 on unit 3: -32 (exp. 1024).
Jul 14 23:38:54 kernel: usb 2-1.1: Failed to query (GET_CUR) UVC control 1 on unit 3: -32 (exp. 1024).
Jul 14 23:38:54 kernel: usb 2-1.1: Failed to query (GET_CUR) UVC control 1 on unit 3: -32 (exp. 1024).
Jul 14 23:38:56 kernel: usb 2-1.1: Failed to query (GET_CUR) UVC control 1 on unit 3: -32 (exp. 1024).
Jul 14 23:38:56 kernel: BUG: sleeping function called from invalid context at kernel/locking/spinlock_rt.c:46
Jul 14 23:38:56 kernel: in_atomic(): 0, irqs_disabled(): 128, non_block: 0, pid: 3436, name: pr/netcon0
Jul 14 23:38:56 kernel: preempt_count: 0, expected: 0
Jul 14 23:38:56 kernel: RCU nest depth: 3, expected: 3
Jul 14 23:38:56 kernel: CPU: 0 PID: 3436 Comm: pr/netcon0 Tainted: G    B   WC        5.15.199-rt91-rt-kv260b #8
Jul 14 23:38:56 kernel: Hardware name: ZynqMP KV260 revB (DT)
Jul 14 23:38:56 kernel: Call trace:
Jul 14 23:38:56 kernel:  dump_backtrace+0x0/0x1f0
Jul 14 23:38:56 kernel:  show_stack+0x18/0x24
Jul 14 23:38:56 kernel:  dump_stack_lvl+0x68/0x84
Jul 14 23:38:56 kernel:  dump_stack+0x18/0x34
Jul 14 23:38:56 kernel:  __might_resched+0x148/0x1ac
Jul 14 23:38:56 kernel:  rt_spin_lock+0x30/0xd0
Jul 14 23:38:56 kernel:  macb_start_xmit+0x178/0xb74
Jul 14 23:38:56 kernel:  netpoll_start_xmit+0x100/0x1c0
Jul 14 23:38:56 kernel:  netpoll_send_skb+0x1cc/0x2a0
Jul 14 23:38:56 kernel:  netpoll_send_udp+0x204/0x430
Jul 14 23:38:56 kernel:  write_msg+0xfc/0x12c [netconsole]
Jul 14 23:38:56 kernel:  printk_kthread_func+0x1f0/0x574
Jul 14 23:38:56 kernel:  kthread+0x16c/0x180
Jul 14 23:38:56 kernel:  ret_from_fork+0x10/0x20
Jul 14 23:38:59 kernel: zocl-drm axi:zyxclmm_drm: zocl_create_client: created KDS client for pid(6677), ret: 0
Jul 14 23:38:59 kernel: zocl-drm axi:zyxclmm_drm: zocl_destroy_client: client exits pid(6677)
Jul 14 23:38:59 kernel: zocl-drm axi:zyxclmm_drm: zocl_create_client: created KDS client for pid(6677), ret: 0
Jul 14 23:38:59 kernel: zocl-drm axi:zyxclmm_drm: zocl_destroy_client: client exits pid(6677)
Jul 14 23:38:59 kernel: zocl-drm axi:zyxclmm_drm: zocl_create_client: created KDS client for pid(6677), ret: 0
Jul 14 23:38:59 kernel: zocl-drm axi:zyxclmm_drm: zocl_destroy_client: client exits pid(6677)
Jul 14 23:38:59 kernel: zocl-drm axi:zyxclmm_drm: zocl_create_client: created KDS client for pid(6677), ret: 0
Jul 14 23:38:59 kernel: zocl-drm axi:zyxclmm_drm: zocl_destroy_client: client exits pid(6677)
Jul 14 23:38:59 kernel: zocl-drm axi:zyxclmm_drm: zocl_create_client: created KDS client for pid(6677), ret: 0
Jul 14 23:38:59 kernel: zocl-drm axi:zyxclmm_drm: zocl_destroy_client: client exits pid(6677)
Jul 14 23:38:59 kernel: zocl-drm axi:zyxclmm_drm: zocl_create_client: created KDS client for pid(6677), ret: 0
Jul 14 23:38:59 kernel: zocl-drm axi:zyxclmm_drm: zocl_destroy_client: client exits pid(6677)
Jul 14 23:38:59 kernel: zocl-drm axi:zyxclmm_drm: zocl_create_client: created KDS client for pid(6677), ret: 0
Jul 14 23:38:59 kernel: [drm] skip kind 29(AIE_RESOURCES) return code: -22
Jul 14 23:38:59 kernel: [drm] zocl_xclbin_read_axlf The XCLBIN already loaded
Jul 14 23:38:59 kernel: [drm] zocl_xclbin_read_axlf d0af154e-769f-dc2d-8555-420ae4a7919b ret: 0
Jul 14 23:38:59 kernel: [drm] bitstream d0af154e-769f-dc2d-8555-420ae4a7919b locked, ref=1
Jul 14 23:38:59 kernel: zocl-drm axi:zyxclmm_drm:  ffff3568c9ea6c10 kds_add_context: Client pid(6677) add context Domain(0) CU(0xffffffff) shared(true)
Jul 14 23:38:59 kernel: zocl-drm axi:zyxclmm_drm:  ffff3568c9ea6c10 kds_del_context: Client pid(6677) del context Domain(0) CU(0xffffffff)
Jul 14 23:38:59 kernel: [drm] bitstream d0af154e-769f-dc2d-8555-420ae4a7919b unlocked, ref=0
Jul 14 23:38:59 kernel: zocl-drm axi:zyxclmm_drm: zocl_create_client: created KDS client for pid(6677), ret: 0
Jul 14 23:38:59 kernel: zocl-drm axi:zyxclmm_drm: zocl_destroy_client: client exits pid(6677)
Jul 14 23:38:59 kernel: zocl-drm axi:zyxclmm_drm: zocl_create_client: created KDS client for pid(6677), ret: 0
Jul 14 23:38:59 kernel: [drm] bitstream d0af154e-769f-dc2d-8555-420ae4a7919b locked, ref=1
Jul 14 23:38:59 kernel: zocl-drm axi:zyxclmm_drm:  ffff3568c9ea6c10 kds_add_context: Client pid(6677) add context Domain(0) CU(0x1) shared(true)
Jul 14 23:38:59 kernel: zocl-drm axi:zyxclmm_drm: zocl_create_client: created KDS client for pid(6677), ret: 0
Jul 14 23:38:59 kernel: zocl-drm axi:zyxclmm_drm: zocl_destroy_client: client exits pid(6677)
Jul 14 23:38:59 kernel: zocl-drm axi:zyxclmm_drm: zocl_create_client: created KDS client for pid(6677), ret: 0
Jul 14 23:38:59 kernel: [drm] bitstream d0af154e-769f-dc2d-8555-420ae4a7919b locked, ref=2
Jul 14 23:38:59 kernel: zocl-drm axi:zyxclmm_drm:  ffff3568c9ea6c10 kds_add_context: Client pid(6677) add context Domain(0) CU(0x0) shared(true)
Jul 14 23:38:59 kernel: zocl-drm axi:zyxclmm_drm: zocl_create_client: created KDS client for pid(6677), ret: 0
Jul 14 23:38:59 kernel: zocl-drm axi:zyxclmm_drm: zocl_destroy_client: client exits pid(6677)
Jul 14 23:38:59 kernel: zocl-drm axi:zyxclmm_drm: zocl_create_client: created KDS client for pid(6677), ret: 0
Jul 14 23:38:59 kernel: [drm] bitstream d0af154e-769f-dc2d-8555-420ae4a7919b locked, ref=3
Jul 14 23:38:59 kernel: zocl-drm axi:zyxclmm_drm:  ffff3568c9ea6c10 kds_add_context: Client pid(6677) add context Domain(0) CU(0x1) shared(true)
Jul 14 23:39:01 kernel: usb 2-1.1: Failed to query (GET_CUR) UVC control 1 on unit 3: -32 (exp. 1024).
Jul 14 23:39:01 kernel: BUG: sleeping function called from invalid context at kernel/locking/spinlock_rt.c:46
Jul 14 23:39:01 kernel: in_atomic(): 0, irqs_disabled(): 128, non_block: 0, pid: 3436, name: pr/netcon0
Jul 14 23:39:01 kernel: preempt_count: 0, expected: 0
Jul 14 23:39:01 kernel: RCU nest depth: 3, expected: 3
Jul 14 23:39:01 kernel: CPU: 2 PID: 3436 Comm: pr/netcon0 Tainted: G    B   WC        5.15.199-rt91-rt-kv260b #8
Jul 14 23:39:01 kernel: Hardware name: ZynqMP KV260 revB (DT)
Jul 14 23:39:01 kernel: Call trace:
Jul 14 23:39:01 kernel:  dump_backtrace+0x0/0x1f0
Jul 14 23:39:01 kernel:  show_stack+0x18/0x24
Jul 14 23:39:01 kernel:  dump_stack_lvl+0x68/0x84
Jul 14 23:39:01 kernel:  dump_stack+0x18/0x34
Jul 14 23:39:01 kernel:  __might_resched+0x148/0x1ac
Jul 14 23:39:01 kernel:  rt_spin_lock+0x30/0xd0
Jul 14 23:39:01 kernel:  macb_start_xmit+0x178/0xb74
Jul 14 23:39:01 kernel:  netpoll_start_xmit+0x100/0x1c0
Jul 14 23:39:01 kernel:  netpoll_send_skb+0x1cc/0x2a0
Jul 14 23:39:01 kernel:  netpoll_send_udp+0x204/0x430
Jul 14 23:39:01 kernel:  write_msg+0xfc/0x12c [netconsole]
Jul 14 23:39:01 kernel:  printk_kthread_func+0x1f0/0x574
Jul 14 23:39:01 kernel:  kthread+0x16c/0x180
Jul 14 23:39:01 kernel:  ret_from_fork+0x10/0x20
Jul 14 23:39:29 kernel: usb 2-1.1: Failed to query (GET_CUR) UVC control 1 on unit 3: -32 (exp. 1024).
Jul 14 23:39:29 kernel: BUG: sleeping function called from invalid context at kernel/locking/spinlock_rt.c:46
Jul 14 23:39:29 kernel: in_atomic(): 0, irqs_disabled(): 128, non_block: 0, pid: 3436, name: pr/netcon0
Jul 14 23:39:29 kernel: preempt_count: 0, expected: 0
Jul 14 23:39:29 kernel: RCU nest depth: 3, expected: 3
Jul 14 23:39:29 kernel: CPU: 0 PID: 3436 Comm: pr/netcon0 Tainted: G    B   WC        5.15.199-rt91-rt-kv260b #8
Jul 14 23:39:29 kernel: Hardware name: ZynqMP KV260 revB (DT)
Jul 14 23:39:29 kernel: Call trace:
Jul 14 23:39:29 kernel:  dump_backtrace+0x0/0x1f0
Jul 14 23:39:29 kernel:  show_stack+0x18/0x24
Jul 14 23:39:29 kernel:  dump_stack_lvl+0x68/0x84
Jul 14 23:39:29 kernel:  dump_stack+0x18/0x34
Jul 14 23:39:29 kernel:  __might_resched+0x148/0x1ac
Jul 14 23:39:29 kernel:  rt_spin_lock+0x30/0xd0
Jul 14 23:39:29 kernel:  macb_start_xmit+0x178/0xb74
Jul 14 23:39:29 kernel:  netpoll_start_xmit+0x100/0x1c0
Jul 14 23:39:29 kernel:  netpoll_send_skb+0x1cc/0x2a0
Jul 14 23:39:29 kernel:  netpoll_send_udp+0x204/0x430
Jul 14 23:39:29 kernel:  write_msg+0xfc/0x12c [netconsole]
Jul 14 23:39:29 kernel:  printk_kthread_func+0x1f0/0x574
Jul 14 23:39:29 kernel:  kthread+0x16c/0x180
Jul 14 23:39:29 kernel:  ret_from_fork+0x10/0x20
Jul 14 23:39:32 kernel: usb 2-1.1: Failed to query (GET_CUR) UVC control 1 on unit 3: -32 (exp. 1024).
Jul 14 23:39:32 kernel: BUG: sleeping function called from invalid context at kernel/locking/spinlock_rt.c:46
Jul 14 23:39:32 kernel: in_atomic(): 0, irqs_disabled(): 128, non_block: 0, pid: 3436, name: pr/netcon0
Jul 14 23:39:32 kernel: preempt_count: 0, expected: 0
Jul 14 23:39:32 kernel: RCU nest depth: 3, expected: 3
Jul 14 23:39:32 kernel: CPU: 2 PID: 3436 Comm: pr/netcon0 Tainted: G    B   WC        5.15.199-rt91-rt-kv260b #8
Jul 14 23:39:32 kernel: Hardware name: ZynqMP KV260 revB (DT)
Jul 14 23:39:32 kernel: Call trace:
Jul 14 23:39:32 kernel:  dump_backtrace+0x0/0x1f0
Jul 14 23:39:32 kernel:  show_stack+0x18/0x24
Jul 14 23:39:32 kernel:  dump_stack_lvl+0x68/0x84
Jul 14 23:39:32 kernel:  dump_stack+0x18/0x34
Jul 14 23:39:32 kernel:  __might_resched+0x148/0x1ac
Jul 14 23:39:32 kernel:  rt_spin_lock+0x30/0xd0
Jul 14 23:39:32 kernel:  macb_start_xmit+0x178/0xb74
Jul 14 23:39:32 kernel:  netpoll_start_xmit+0x100/0x1c0
Jul 14 23:39:32 kernel:  netpoll_send_skb+0x1cc/0x2a0
Jul 14 23:39:32 kernel:  netpoll_send_udp+0x204/0x430
Jul 14 23:39:32 kernel:  write_msg+0xfc/0x12c [netconsole]
Jul 14 23:39:32 kernel:  printk_kthread_func+0x1f0/0x574
Jul 14 23:39:32 kernel:  kthread+0x16c/0x180
Jul 14 23:39:32 kernel:  ret_from_fork+0x10/0x20
Jul 14 23:39:37 kernel: usb 2-1.1: Failed to query (GET_CUR) UVC control 1 on unit 3: -32 (exp. 1024).
Jul 14 23:39:37 kernel: BUG: sleeping function called from invalid context at kernel/locking/spinlock_rt.c:46
Jul 14 23:39:37 kernel: in_atomic(): 0, irqs_disabled(): 128, non_block: 0, pid: 3436, name: pr/netcon0
Jul 14 23:39:37 kernel: preempt_count: 0, expected: 0
Jul 14 23:39:37 kernel: RCU nest depth: 3, expected: 3
Jul 14 23:39:37 kernel: CPU: 2 PID: 3436 Comm: pr/netcon0 Tainted: G    B   WC        5.15.199-rt91-rt-kv260b #8
Jul 14 23:39:37 kernel: Hardware name: ZynqMP KV260 revB (DT)
Jul 14 23:39:37 kernel: Call trace:
Jul 14 23:39:37 kernel:  dump_backtrace+0x0/0x1f0
Jul 14 23:39:37 kernel:  show_stack+0x18/0x24
Jul 14 23:39:37 kernel:  dump_stack_lvl+0x68/0x84
Jul 14 23:39:37 kernel:  dump_stack+0x18/0x34
Jul 14 23:39:37 kernel:  __might_resched+0x148/0x1ac
Jul 14 23:39:37 kernel:  rt_spin_lock+0x30/0xd0
Jul 14 23:39:37 kernel:  macb_start_xmit+0x178/0xb74
Jul 14 23:39:37 kernel:  netpoll_start_xmit+0x100/0x1c0
Jul 14 23:39:37 kernel:  netpoll_send_skb+0x1cc/0x2a0
Jul 14 23:39:37 kernel:  netpoll_send_udp+0x204/0x430
Jul 14 23:39:37 kernel:  write_msg+0xfc/0x12c [netconsole]
Jul 14 23:39:37 kernel:  printk_kthread_func+0x1f0/0x574
Jul 14 23:39:37 kernel:  kthread+0x16c/0x180
Jul 14 23:39:37 kernel:  ret_from_fork+0x10/0x20
Jul 14 23:39:38 kernel: usb 2-1.1: Failed to query (GET_CUR) UVC control 1 on unit 3: -32 (exp. 1024).
Jul 14 23:39:38 kernel: BUG: sleeping function called from invalid context at kernel/locking/spinlock_rt.c:46
Jul 14 23:39:38 kernel: in_atomic(): 0, irqs_disabled(): 128, non_block: 0, pid: 3436, name: pr/netcon0
Jul 14 23:39:38 kernel: preempt_count: 0, expected: 0
Jul 14 23:39:38 kernel: RCU nest depth: 3, expected: 3
Jul 14 23:39:38 kernel: CPU: 1 PID: 3436 Comm: pr/netcon0 Tainted: G    B   WC        5.15.199-rt91-rt-kv260b #8
Jul 14 23:39:38 kernel: Hardware name: ZynqMP KV260 revB (DT)
Jul 14 23:39:38 kernel: Call trace:
Jul 14 23:39:38 kernel:  dump_backtrace+0x0/0x1f0
Jul 14 23:39:38 kernel:  show_stack+0x18/0x24
Jul 14 23:39:38 kernel:  dump_stack_lvl+0x68/0x84
Jul 14 23:39:38 kernel:  dump_stack+0x18/0x34
Jul 14 23:39:38 kernel:  __might_resched+0x148/0x1ac
Jul 14 23:39:38 kernel:  rt_spin_lock+0x30/0xd0
Jul 14 23:39:38 kernel:  macb_start_xmit+0x178/0xb74
Jul 14 23:39:38 kernel:  netpoll_start_xmit+0x100/0x1c0
Jul 14 23:39:38 kernel:  netpoll_send_skb+0x1cc/0x2a0
Jul 14 23:39:38 kernel:  netpoll_send_udp+0x204/0x430
Jul 14 23:39:38 kernel:  write_msg+0xfc/0x12c [netconsole]
Jul 14 23:39:38 kernel:  printk_kthread_func+0x1f0/0x574
Jul 14 23:39:38 kernel:  kthread+0x16c/0x180
Jul 14 23:39:38 kernel:  ret_from_fork+0x10/0x20
Jul 14 23:39:49 kernel: usb 2-1.1: Failed to query (GET_CUR) UVC control 1 on unit 3: -32 (exp. 1024).
Jul 14 23:39:49 kernel: BUG: sleeping function called from invalid context at kernel/locking/spinlock_rt.c:46
Jul 14 23:39:49 kernel: in_atomic(): 0, irqs_disabled(): 128, non_block: 0, pid: 3436, name: pr/netcon0
Jul 14 23:39:49 kernel: preempt_count: 0, expected: 0
Jul 14 23:39:49 kernel: RCU nest depth: 3, expected: 3
Jul 14 23:39:49 kernel: CPU: 2 PID: 3436 Comm: pr/netcon0 Tainted: G    B   WC        5.15.199-rt91-rt-kv260b #8
Jul 14 23:39:49 kernel: Hardware name: ZynqMP KV260 revB (DT)
Jul 14 23:39:49 kernel: Call trace:
Jul 14 23:39:49 kernel:  dump_backtrace+0x0/0x1f0
Jul 14 23:39:49 kernel:  show_stack+0x18/0x24
Jul 14 23:39:49 kernel:  dump_stack_lvl+0x68/0x84
Jul 14 23:39:49 kernel:  dump_stack+0x18/0x34
Jul 14 23:39:49 kernel:  __might_resched+0x148/0x1ac
Jul 14 23:39:49 kernel:  rt_spin_lock+0x30/0xd0
Jul 14 23:39:49 kernel:  macb_start_xmit+0x178/0xb74
Jul 14 23:39:49 kernel:  netpoll_start_xmit+0x100/0x1c0
Jul 14 23:39:49 kernel:  netpoll_send_skb+0x1cc/0x2a0
Jul 14 23:39:49 kernel:  netpoll_send_udp+0x204/0x430
Jul 14 23:39:49 kernel:  write_msg+0xfc/0x12c [netconsole]
Jul 14 23:39:49 kernel:  printk_kthread_func+0x1f0/0x574
Jul 14 23:39:49 kernel:  kthread+0x16c/0x180
Jul 14 23:39:49 kernel:  ret_from_fork+0x10/0x20
Jul 14 23:39:50 kernel: usb 2-1.1: Failed to query (GET_CUR) UVC control 1 on unit 3: -32 (exp. 1024).
Jul 14 23:39:50 kernel: BUG: sleeping function called from invalid context at kernel/locking/spinlock_rt.c:46
Jul 14 23:39:50 kernel: in_atomic(): 0, irqs_disabled(): 128, non_block: 0, pid: 3436, name: pr/netcon0
Jul 14 23:39:50 kernel: preempt_count: 0, expected: 0
Jul 14 23:39:50 kernel: RCU nest depth: 3, expected: 3
Jul 14 23:39:50 kernel: CPU: 0 PID: 3436 Comm: pr/netcon0 Tainted: G    B   WC        5.15.199-rt91-rt-kv260b #8
Jul 14 23:39:50 kernel: Hardware name: ZynqMP KV260 revB (DT)
Jul 14 23:39:50 kernel: Call trace:
Jul 14 23:39:50 kernel:  dump_backtrace+0x0/0x1f0
Jul 14 23:39:50 kernel:  show_stack+0x18/0x24
Jul 14 23:39:50 kernel:  dump_stack_lvl+0x68/0x84
Jul 14 23:39:50 kernel:  dump_stack+0x18/0x34
Jul 14 23:39:50 kernel:  __might_resched+0x148/0x1ac
Jul 14 23:39:50 kernel:  rt_spin_lock+0x30/0xd0
Jul 14 23:39:50 kernel:  macb_start_xmit+0x178/0xb74
Jul 14 23:39:50 kernel:  netpoll_start_xmit+0x100/0x1c0
Jul 14 23:39:50 kernel:  netpoll_send_skb+0x1cc/0x2a0
Jul 14 23:39:50 kernel:  netpoll_send_udp+0x204/0x430
Jul 14 23:39:50 kernel:  write_msg+0xfc/0x12c [netconsole]
Jul 14 23:39:50 kernel:  printk_kthread_func+0x1f0/0x574
Jul 14 23:39:50 kernel:  kthread+0x16c/0x180
Jul 14 23:39:50 kernel:  ret_from_fork+0x10/0x20
Jul 14 23:39:53 kernel: zocl-drm axi:zyxclmm_drm:  ffff3568c9ea6c10 _kds_fini_client: Client pid(6677) has 1 opening context for 0 slot
Jul 14 23:39:53 kernel: zocl-drm axi:zyxclmm_drm:  ffff3568c9ea6c10 kds_del_context: Client pid(6677) del context Domain(0) CU(0x1)
Jul 14 23:39:53 kernel: zocl-drm axi:zyxclmm_drm:  ffff3568c9ea6c10 _kds_fini_client: Removing CU Domain[0] CU Index [1]
Jul 14 23:39:53 kernel: [drm] bitstream d0af154e-769f-dc2d-8555-420ae4a7919b unlocked, ref=2
Jul 14 23:39:53 kernel: zocl-drm axi:zyxclmm_drm: zocl_destroy_client: client exits pid(6677)
Jul 14 23:39:53 kernel: zocl-drm axi:zyxclmm_drm:  ffff3568c9ea6c10 _kds_fini_client: Client pid(6677) has 1 opening context for 0 slot
Jul 14 23:39:53 kernel: zocl-drm axi:zyxclmm_drm:  ffff3568c9ea6c10 kds_del_context: Client pid(6677) del context Domain(0) CU(0x0)
Jul 14 23:39:53 kernel: zocl-drm axi:zyxclmm_drm:  ffff3568c9ea6c10 _kds_fini_client: Removing CU Domain[0] CU Index [0]
Jul 14 23:39:53 kernel: [drm] bitstream d0af154e-769f-dc2d-8555-420ae4a7919b unlocked, ref=1
Jul 14 23:39:53 kernel: zocl-drm axi:zyxclmm_drm: zocl_destroy_client: client exits pid(6677)
Jul 14 23:39:53 kernel: zocl-drm axi:zyxclmm_drm:  ffff3568c9ea6c10 _kds_fini_client: Client pid(6677) has 1 opening context for 0 slot
Jul 14 23:39:53 kernel: zocl-drm axi:zyxclmm_drm:  ffff3568c9ea6c10 kds_del_context: Client pid(6677) del context Domain(0) CU(0x1)
Jul 14 23:39:53 kernel: zocl-drm axi:zyxclmm_drm:  ffff3568c9ea6c10 _kds_fini_client: Removing CU Domain[0] CU Index [1]
Jul 14 23:39:53 kernel: [drm] bitstream d0af154e-769f-dc2d-8555-420ae4a7919b unlocked, ref=0
Jul 14 23:39:53 kernel: zocl-drm axi:zyxclmm_drm: zocl_destroy_client: client exits pid(6677)
Jul 14 23:39:53 kernel: zocl-drm axi:zyxclmm_drm: zocl_destroy_client: client exits pid(6677)
Jul 14 23:39:57 kernel: zocl-drm axi:zyxclmm_drm: zocl_create_client: created KDS client for pid(6801), ret: 0
Jul 14 23:39:57 kernel: zocl-drm axi:zyxclmm_drm: zocl_destroy_client: client exits pid(6801)
Jul 14 23:39:57 kernel: zocl-drm axi:zyxclmm_drm: zocl_create_client: created KDS client for pid(6801), ret: 0
Jul 14 23:39:57 kernel: zocl-drm axi:zyxclmm_drm: zocl_destroy_client: client exits pid(6801)
Jul 14 23:39:57 kernel: zocl-drm axi:zyxclmm_drm: zocl_create_client: created KDS client for pid(6801), ret: 0
Jul 14 23:39:57 kernel: zocl-drm axi:zyxclmm_drm: zocl_destroy_client: client exits pid(6801)
Jul 14 23:39:57 kernel: zocl-drm axi:zyxclmm_drm: zocl_create_client: created KDS client for pid(6801), ret: 0
Jul 14 23:39:57 kernel: zocl-drm axi:zyxclmm_drm: zocl_destroy_client: client exits pid(6801)
Jul 14 23:39:57 kernel: zocl-drm axi:zyxclmm_drm: zocl_create_client: created KDS client for pid(6801), ret: 0
Jul 14 23:39:57 kernel: zocl-drm axi:zyxclmm_drm: zocl_destroy_client: client exits pid(6801)
Jul 14 23:39:57 kernel: zocl-drm axi:zyxclmm_drm: zocl_create_client: created KDS client for pid(6801), ret: 0
Jul 14 23:39:57 kernel: zocl-drm axi:zyxclmm_drm: zocl_destroy_client: client exits pid(6801)
Jul 14 23:39:57 kernel: zocl-drm axi:zyxclmm_drm: zocl_create_client: created KDS client for pid(6801), ret: 0
Jul 14 23:39:57 kernel: [drm] skip kind 29(AIE_RESOURCES) return code: -22
Jul 14 23:39:57 kernel: [drm] zocl_xclbin_read_axlf The XCLBIN already loaded
Jul 14 23:39:57 kernel: [drm] zocl_xclbin_read_axlf d0af154e-769f-dc2d-8555-420ae4a7919b ret: 0
Jul 14 23:39:57 kernel: [drm] bitstream d0af154e-769f-dc2d-8555-420ae4a7919b locked, ref=1
Jul 14 23:39:57 kernel: zocl-drm axi:zyxclmm_drm:  ffff3568c9ea6c10 kds_add_context: Client pid(6801) add context Domain(0) CU(0xffffffff) shared(true)
Jul 14 23:39:57 kernel: zocl-drm axi:zyxclmm_drm:  ffff3568c9ea6c10 kds_del_context: Client pid(6801) del context Domain(0) CU(0xffffffff)
Jul 14 23:39:57 kernel: [drm] bitstream d0af154e-769f-dc2d-8555-420ae4a7919b unlocked, ref=0
Jul 14 23:39:57 kernel: zocl-drm axi:zyxclmm_drm: zocl_create_client: created KDS client for pid(6801), ret: 0
Jul 14 23:39:57 kernel: zocl-drm axi:zyxclmm_drm: zocl_destroy_client: client exits pid(6801)
Jul 14 23:39:57 kernel: zocl-drm axi:zyxclmm_drm: zocl_create_client: created KDS client for pid(6801), ret: 0
Jul 14 23:39:57 kernel: [drm] bitstream d0af154e-769f-dc2d-8555-420ae4a7919b locked, ref=1
Jul 14 23:39:57 kernel: zocl-drm axi:zyxclmm_drm:  ffff3568c9ea6c10 kds_add_context: Client pid(6801) add context Domain(0) CU(0x1) shared(true)
Jul 14 23:39:57 kernel: zocl-drm axi:zyxclmm_drm: zocl_create_client: created KDS client for pid(6801), ret: 0
Jul 14 23:39:57 kernel: zocl-drm axi:zyxclmm_drm: zocl_destroy_client: client exits pid(6801)
Jul 14 23:39:57 kernel: zocl-drm axi:zyxclmm_drm: zocl_create_client: created KDS client for pid(6801), ret: 0
Jul 14 23:39:57 kernel: [drm] bitstream d0af154e-769f-dc2d-8555-420ae4a7919b locked, ref=2
Jul 14 23:39:57 kernel: zocl-drm axi:zyxclmm_drm:  ffff3568c9ea6c10 kds_add_context: Client pid(6801) add context Domain(0) CU(0x0) shared(true)
Jul 14 23:39:57 kernel: zocl-drm axi:zyxclmm_drm: zocl_create_client: created KDS client for pid(6801), ret: 0
Jul 14 23:39:57 kernel: zocl-drm axi:zyxclmm_drm: zocl_destroy_client: client exits pid(6801)
Jul 14 23:39:57 kernel: zocl-drm axi:zyxclmm_drm: zocl_create_client: created KDS client for pid(6801), ret: 0
Jul 14 23:39:57 kernel: [drm] bitstream d0af154e-769f-dc2d-8555-420ae4a7919b locked, ref=3
Jul 14 23:39:57 kernel: zocl-drm axi:zyxclmm_drm:  ffff3568c9ea6c10 kds_add_context: Client pid(6801) add context Domain(0) CU(0x1) shared(true)
Jul 14 23:39:58 kernel: zocl-drm axi:zyxclmm_drm:  ffff3568c9ea6c10 _kds_fini_client: Client pid(6801) has 1 opening context for 0 slot
Jul 14 23:39:58 kernel: zocl-drm axi:zyxclmm_drm:  ffff3568c9ea6c10 kds_del_context: Client pid(6801) del context Domain(0) CU(0x1)
Jul 14 23:39:58 kernel: zocl-drm axi:zyxclmm_drm:  ffff3568c9ea6c10 _kds_fini_client: Removing CU Domain[0] CU Index [1]
Jul 14 23:39:58 kernel: [drm] bitstream d0af154e-769f-dc2d-8555-420ae4a7919b unlocked, ref=2
Jul 14 23:39:58 kernel: zocl-drm axi:zyxclmm_drm: zocl_destroy_client: client exits pid(6801)
Jul 14 23:39:58 kernel: zocl-drm axi:zyxclmm_drm:  ffff3568c9ea6c10 _kds_fini_client: Client pid(6801) has 1 opening context for 0 slot
Jul 14 23:39:58 kernel: zocl-drm axi:zyxclmm_drm:  ffff3568c9ea6c10 kds_del_context: Client pid(6801) del context Domain(0) CU(0x0)
Jul 14 23:39:58 kernel: zocl-drm axi:zyxclmm_drm:  ffff3568c9ea6c10 _kds_fini_client: Removing CU Domain[0] CU Index [0]
Jul 14 23:39:58 kernel: [drm] bitstream d0af154e-769f-dc2d-8555-420ae4a7919b unlocked, ref=1
Jul 14 23:39:58 kernel: zocl-drm axi:zyxclmm_drm: zocl_destroy_client: client exits pid(6801)
Jul 14 23:39:58 kernel: zocl-drm axi:zyxclmm_drm:  ffff3568c9ea6c10 _kds_fini_client: Client pid(6801) has 1 opening context for 0 slot
Jul 14 23:39:58 kernel: zocl-drm axi:zyxclmm_drm:  ffff3568c9ea6c10 kds_del_context: Client pid(6801) del context Domain(0) CU(0x1)
Jul 14 23:39:58 kernel: zocl-drm axi:zyxclmm_drm:  ffff3568c9ea6c10 _kds_fini_client: Removing CU Domain[0] CU Index [1]
Jul 14 23:39:58 kernel: [drm] bitstream d0af154e-769f-dc2d-8555-420ae4a7919b unlocked, ref=0
Jul 14 23:39:58 kernel: zocl-drm axi:zyxclmm_drm: zocl_destroy_client: client exits pid(6801)
Jul 14 23:39:58 kernel: zocl-drm axi:zyxclmm_drm: zocl_destroy_client: client exits pid(6801)
Jul 14 23:40:11 kernel: usb 2-1.1: Failed to resubmit status URB (-1).
Jul 14 23:40:11 kernel: BUG: sleeping function called from invalid context at kernel/locking/spinlock_rt.c:46
Jul 14 23:40:11 kernel: in_atomic(): 0, irqs_disabled(): 128, non_block: 0, pid: 3436, name: pr/netcon0
Jul 14 23:40:11 kernel: preempt_count: 0, expected: 0
Jul 14 23:40:11 kernel: RCU nest depth: 3, expected: 3
Jul 14 23:40:11 kernel: CPU: 2 PID: 3436 Comm: pr/netcon0 Tainted: G    B   WC        5.15.199-rt91-rt-kv260b #8
Jul 14 23:40:11 kernel: Hardware name: ZynqMP KV260 revB (DT)
Jul 14 23:40:11 kernel: Call trace:
Jul 14 23:40:11 kernel:  dump_backtrace+0x0/0x1f0
Jul 14 23:40:11 kernel:  show_stack+0x18/0x24
Jul 14 23:40:11 kernel:  dump_stack_lvl+0x68/0x84
Jul 14 23:40:11 kernel:  dump_stack+0x18/0x34
Jul 14 23:40:11 kernel:  __might_resched+0x148/0x1ac
Jul 14 23:40:11 kernel:  rt_spin_lock+0x30/0xd0
Jul 14 23:40:11 kernel:  macb_start_xmit+0x178/0xb74
Jul 14 23:40:11 kernel:  netpoll_start_xmit+0x100/0x1c0
Jul 14 23:40:11 kernel:  netpoll_send_skb+0x1cc/0x2a0
Jul 14 23:40:11 kernel:  netpoll_send_udp+0x204/0x430
Jul 14 23:40:11 kernel:  write_msg+0xfc/0x12c [netconsole]
Jul 14 23:40:11 kernel:  printk_kthread_func+0x1f0/0x574
Jul 14 23:40:11 kernel:  kthread+0x16c/0x180
Jul 14 23:40:11 kernel:  ret_from_fork+0x10/0x20
Jul 14 23:40:11 kernel: usb 2-1.1: USB disconnect, device number 8
Jul 14 23:40:12 kernel: usb 2-1.1: new SuperSpeed USB device number 9 using xhci-hcd
Jul 14 23:40:12 kernel: usb 2-1.1: New USB device found, idVendor=8086, idProduct=0b3a, bcdDevice=51.10
Jul 14 23:40:12 kernel: usb 2-1.1: New USB device strings: Mfr=1, Product=2, SerialNumber=3
Jul 14 23:40:12 kernel: usb 2-1.1: Product: Intel(R) RealSense(TM) Depth Camera 435i
Jul 14 23:40:12 kernel: usb 2-1.1: Manufacturer: Intel(R) RealSense(TM) Depth Camera 435i
Jul 14 23:40:12 kernel: usb 2-1.1: SerialNumber: 134523060150
Jul 14 23:40:12 kernel: uvcvideo 2-1.1:1.1: Unknown video format 00000050-0000-0010-8000-00aa00389b71
Jul 14 23:40:12 kernel: usb 2-1.1: Found UVC 1.50 device Intel(R) RealSense(TM) Depth Camera 435i (8086:0b3a)
Jul 14 23:40:12 kernel: input: Intel(R) RealSense(TM) Depth Ca as /devices/platform/axi/ff9d0000.usb/fe200000.usb/xhci-hcd.0.auto/usb2/2-1/2-1.1/2-1.1:1.0/input/input7
Jul 14 23:40:12 kernel: uvcvideo 2-1.1:1.4: Unknown video format 36315752-1a66-a242-9065-d01814a8ef8a
Jul 14 23:40:12 kernel: usb 2-1.1: Found UVC 1.50 device Intel(R) RealSense(TM) Depth Camera 435i (8086:0b3a)
Jul 14 23:40:13 kernel: hid-sensor-hub 0003:8086:0B3A.0007: No report with id 0xffffffff found
Jul 14 23:40:17 kernel: usb 2-1.1: Failed to query (GET_CUR) UVC control 1 on unit 3: -32 (exp. 1024).
Jul 14 23:40:17 kernel: BUG: sleeping function called from invalid context at kernel/locking/spinlock_rt.c:46
Jul 14 23:40:17 kernel: in_atomic(): 0, irqs_disabled(): 128, non_block: 0, pid: 3436, name: pr/netcon0
Jul 14 23:40:17 kernel: preempt_count: 0, expected: 0
Jul 14 23:40:17 kernel: RCU nest depth: 3, expected: 3
Jul 14 23:40:17 kernel: CPU: 3 PID: 3436 Comm: pr/netcon0 Tainted: G    B   WC        5.15.199-rt91-rt-kv260b #8
Jul 14 23:40:17 kernel: Hardware name: ZynqMP KV260 revB (DT)
Jul 14 23:40:17 kernel: Call trace:
Jul 14 23:40:17 kernel:  dump_backtrace+0x0/0x1f0
Jul 14 23:40:17 kernel:  show_stack+0x18/0x24
Jul 14 23:40:17 kernel:  dump_stack_lvl+0x68/0x84
Jul 14 23:40:17 kernel:  dump_stack+0x18/0x34
Jul 14 23:40:17 kernel:  __might_resched+0x148/0x1ac
Jul 14 23:40:17 kernel:  rt_spin_lock+0x30/0xd0
Jul 14 23:40:17 kernel:  macb_start_xmit+0x178/0xb74
Jul 14 23:40:17 kernel:  netpoll_start_xmit+0x100/0x1c0
Jul 14 23:40:17 kernel:  netpoll_send_skb+0x1cc/0x2a0
Jul 14 23:40:17 kernel:  netpoll_send_udp+0x204/0x430
Jul 14 23:40:17 kernel:  write_msg+0xfc/0x12c [netconsole]
Jul 14 23:40:17 kernel:  printk_kthread_func+0x1f0/0x574
Jul 14 23:40:17 kernel:  kthread+0x16c/0x180
Jul 14 23:40:17 kernel:  ret_from_fork+0x10/0x20
Jul 14 23:40:17 kernel: usb 2-1.1: Failed to query (GET_CUR) UVC control 1 on unit 3: -32 (exp. 1024).
Jul 14 23:40:17 kernel: usb 2-1.1: Failed to query (GET_CUR) UVC control 1 on unit 3: -32 (exp. 1024).
Jul 14 23:40:17 kernel: usb 2-1.1: Failed to query (GET_CUR) UVC control 1 on unit 3: -32 (exp. 1024).
Jul 14 23:40:17 kernel: usb 2-1.1: Failed to query (GET_CUR) UVC control 1 on unit 3: -32 (exp. 1024).
Jul 14 23:40:17 kernel: usb 2-1.1: Failed to query (GET_CUR) UVC control 1 on unit 3: -32 (exp. 1024).
Jul 14 23:40:17 kernel: usb 2-1.1: Failed to query (GET_CUR) UVC control 1 on unit 3: -32 (exp. 1024).
Jul 14 23:40:17 kernel: usb 2-1.1: Failed to query (GET_CUR) UVC control 1 on unit 3: -32 (exp. 1024).
Jul 14 23:40:18 kernel: usb 2-1.1: Failed to query (GET_CUR) UVC control 1 on unit 3: -32 (exp. 1024).
Jul 14 23:40:18 kernel: BUG: sleeping function called from invalid context at kernel/locking/spinlock_rt.c:46
Jul 14 23:40:18 kernel: in_atomic(): 0, irqs_disabled(): 128, non_block: 0, pid: 3436, name: pr/netcon0
Jul 14 23:40:18 kernel: preempt_count: 0, expected: 0
Jul 14 23:40:18 kernel: RCU nest depth: 3, expected: 3
Jul 14 23:40:18 kernel: CPU: 0 PID: 3436 Comm: pr/netcon0 Tainted: G    B   WC        5.15.199-rt91-rt-kv260b #8
Jul 14 23:40:18 kernel: Hardware name: ZynqMP KV260 revB (DT)
Jul 14 23:40:18 kernel: Call trace:
Jul 14 23:40:18 kernel:  dump_backtrace+0x0/0x1f0
Jul 14 23:40:18 kernel:  show_stack+0x18/0x24
Jul 14 23:40:18 kernel:  dump_stack_lvl+0x68/0x84
Jul 14 23:40:18 kernel:  dump_stack+0x18/0x34
Jul 14 23:40:18 kernel:  __might_resched+0x148/0x1ac
Jul 14 23:40:18 kernel:  rt_spin_lock+0x30/0xd0
Jul 14 23:40:18 kernel:  macb_start_xmit+0x178/0xb74
Jul 14 23:40:18 kernel:  netpoll_start_xmit+0x100/0x1c0
Jul 14 23:40:18 kernel:  netpoll_send_skb+0x1cc/0x2a0
Jul 14 23:40:18 kernel:  netpoll_send_udp+0x204/0x430
Jul 14 23:40:18 kernel:  write_msg+0xfc/0x12c [netconsole]
Jul 14 23:40:18 kernel:  printk_kthread_func+0x1f0/0x574
Jul 14 23:40:18 kernel:  kthread+0x16c/0x180
Jul 14 23:40:18 kernel:  ret_from_fork+0x10/0x20
Jul 14 23:40:18 kernel: usb 2-1.1: Failed to query (GET_CUR) UVC control 1 on unit 3: -32 (exp. 1024).
Jul 14 23:40:19 kernel: usb 2-1.1: Failed to query (GET_CUR) UVC control 1 on unit 3: -32 (exp. 1024).
Jul 14 23:40:19 kernel: usb 2-1.1: Failed to query (GET_CUR) UVC control 1 on unit 3: -32 (exp. 1024).
Jul 14 23:40:19 kernel: usb 2-1.1: Failed to query (GET_CUR) UVC control 1 on unit 3: -32 (exp. 1024).
Jul 14 23:40:19 kernel: usb 2-1.1: Failed to query (GET_CUR) UVC control 1 on unit 3: -32 (exp. 1024).
Jul 14 23:40:19 kernel: usb 2-1.1: Failed to query (GET_CUR) UVC control 1 on unit 3: -32 (exp. 1024).
Jul 14 23:40:19 kernel: usb 2-1.1: Failed to query (GET_CUR) UVC control 1 on unit 3: -32 (exp. 1024).
Jul 14 23:40:19 kernel: usb 2-1.1: Failed to query (GET_CUR) UVC control 1 on unit 3: -32 (exp. 1024).
Jul 14 23:40:19 kernel: usb 2-1.1: Failed to query (GET_CUR) UVC control 1 on unit 3: -32 (exp. 1024).
Jul 14 23:40:22 kernel: usb 2-1.1: Failed to query (GET_CUR) UVC control 1 on unit 3: -32 (exp. 1024).
Jul 14 23:40:22 kernel: BUG: sleeping function called from invalid context at kernel/locking/spinlock_rt.c:46
Jul 14 23:40:22 kernel: in_atomic(): 0, irqs_disabled(): 128, non_block: 0, pid: 3436, name: pr/netcon0
Jul 14 23:40:22 kernel: preempt_count: 0, expected: 0
Jul 14 23:40:22 kernel: RCU nest depth: 3, expected: 3
Jul 14 23:40:22 kernel: CPU: 3 PID: 3436 Comm: pr/netcon0 Tainted: G    B   WC        5.15.199-rt91-rt-kv260b #8
Jul 14 23:40:22 kernel: Hardware name: ZynqMP KV260 revB (DT)
Jul 14 23:40:22 kernel: Call trace:
Jul 14 23:40:22 kernel:  dump_backtrace+0x0/0x1f0
Jul 14 23:40:22 kernel:  show_stack+0x18/0x24
Jul 14 23:40:22 kernel:  dump_stack_lvl+0x68/0x84
Jul 14 23:40:22 kernel:  dump_stack+0x18/0x34
Jul 14 23:40:22 kernel:  __might_resched+0x148/0x1ac
Jul 14 23:40:22 kernel:  rt_spin_lock+0x30/0xd0
Jul 14 23:40:22 kernel:  macb_start_xmit+0x178/0xb74
Jul 14 23:40:22 kernel:  netpoll_start_xmit+0x100/0x1c0
Jul 14 23:40:22 kernel:  netpoll_send_skb+0x1cc/0x2a0
Jul 14 23:40:22 kernel:  netpoll_send_udp+0x204/0x430
Jul 14 23:40:22 kernel:  write_msg+0xfc/0x12c [netconsole]
Jul 14 23:40:22 kernel:  printk_kthread_func+0x1f0/0x574
Jul 14 23:40:22 kernel:  kthread+0x16c/0x180
Jul 14 23:40:22 kernel:  ret_from_fork+0x10/0x20
Jul 14 23:40:23 kernel: usb 2-1.1: Failed to query (GET_CUR) UVC control 1 on unit 3: -32 (exp. 1024).
Jul 14 23:40:23 kernel: BUG: sleeping function called from invalid context at kernel/locking/spinlock_rt.c:46
Jul 14 23:40:23 kernel: in_atomic(): 0, irqs_disabled(): 128, non_block: 0, pid: 3436, name: pr/netcon0
Jul 14 23:40:23 kernel: preempt_count: 0, expected: 0
Jul 14 23:40:23 kernel: RCU nest depth: 3, expected: 3
Jul 14 23:40:23 kernel: CPU: 0 PID: 3436 Comm: pr/netcon0 Tainted: G    B   WC        5.15.199-rt91-rt-kv260b #8
Jul 14 23:40:23 kernel: Hardware name: ZynqMP KV260 revB (DT)
Jul 14 23:40:23 kernel: Call trace:
Jul 14 23:40:23 kernel:  dump_backtrace+0x0/0x1f0
Jul 14 23:40:23 kernel:  show_stack+0x18/0x24
Jul 14 23:40:23 kernel:  dump_stack_lvl+0x68/0x84
Jul 14 23:40:23 kernel:  dump_stack+0x18/0x34
Jul 14 23:40:23 kernel:  __might_resched+0x148/0x1ac
Jul 14 23:40:23 kernel:  rt_spin_lock+0x30/0xd0
Jul 14 23:40:23 kernel:  macb_start_xmit+0x178/0xb74
Jul 14 23:40:23 kernel:  netpoll_start_xmit+0x100/0x1c0
Jul 14 23:40:23 kernel:  netpoll_send_skb+0x1cc/0x2a0
Jul 14 23:40:23 kernel:  netpoll_send_udp+0x204/0x430
Jul 14 23:40:23 kernel:  write_msg+0xfc/0x12c [netconsole]
Jul 14 23:40:23 kernel:  printk_kthread_func+0x1f0/0x574
Jul 14 23:40:23 kernel:  kthread+0x16c/0x180
Jul 14 23:40:23 kernel:  ret_from_fork+0x10/0x20
Jul 14 23:40:24 kernel: zocl-drm axi:zyxclmm_drm: zocl_create_client: created KDS client for pid(7130), ret: 0
Jul 14 23:40:24 kernel: zocl-drm axi:zyxclmm_drm: zocl_destroy_client: client exits pid(7130)
Jul 14 23:40:24 kernel: zocl-drm axi:zyxclmm_drm: zocl_create_client: created KDS client for pid(7130), ret: 0
Jul 14 23:40:24 kernel: zocl-drm axi:zyxclmm_drm: zocl_destroy_client: client exits pid(7130)
Jul 14 23:40:24 kernel: zocl-drm axi:zyxclmm_drm: zocl_create_client: created KDS client for pid(7130), ret: 0
Jul 14 23:40:24 kernel: zocl-drm axi:zyxclmm_drm: zocl_destroy_client: client exits pid(7130)
Jul 14 23:40:24 kernel: zocl-drm axi:zyxclmm_drm: zocl_create_client: created KDS client for pid(7130), ret: 0
Jul 14 23:40:24 kernel: zocl-drm axi:zyxclmm_drm: zocl_destroy_client: client exits pid(7130)
Jul 14 23:40:24 kernel: zocl-drm axi:zyxclmm_drm: zocl_create_client: created KDS client for pid(7130), ret: 0
Jul 14 23:40:24 kernel: zocl-drm axi:zyxclmm_drm: zocl_destroy_client: client exits pid(7130)
Jul 14 23:40:24 kernel: zocl-drm axi:zyxclmm_drm: zocl_create_client: created KDS client for pid(7130), ret: 0
Jul 14 23:40:24 kernel: zocl-drm axi:zyxclmm_drm: zocl_destroy_client: client exits pid(7130)
Jul 14 23:40:24 kernel: zocl-drm axi:zyxclmm_drm: zocl_create_client: created KDS client for pid(7130), ret: 0
Jul 14 23:40:24 kernel: [drm] skip kind 29(AIE_RESOURCES) return code: -22
Jul 14 23:40:24 kernel: [drm] zocl_xclbin_read_axlf The XCLBIN already loaded
Jul 14 23:40:24 kernel: [drm] zocl_xclbin_read_axlf d0af154e-769f-dc2d-8555-420ae4a7919b ret: 0
Jul 14 23:40:24 kernel: [drm] bitstream d0af154e-769f-dc2d-8555-420ae4a7919b locked, ref=1
Jul 14 23:40:24 kernel: zocl-drm axi:zyxclmm_drm:  ffff3568c9ea6c10 kds_add_context: Client pid(7130) add context Domain(0) CU(0xffffffff) shared(true)
Jul 14 23:40:24 kernel: zocl-drm axi:zyxclmm_drm:  ffff3568c9ea6c10 kds_del_context: Client pid(7130) del context Domain(0) CU(0xffffffff)
Jul 14 23:40:24 kernel: [drm] bitstream d0af154e-769f-dc2d-8555-420ae4a7919b unlocked, ref=0
Jul 14 23:40:24 kernel: zocl-drm axi:zyxclmm_drm: zocl_create_client: created KDS client for pid(7130), ret: 0
Jul 14 23:40:24 kernel: zocl-drm axi:zyxclmm_drm: zocl_destroy_client: client exits pid(7130)
Jul 14 23:40:24 kernel: zocl-drm axi:zyxclmm_drm: zocl_create_client: created KDS client for pid(7130), ret: 0
Jul 14 23:40:24 kernel: [drm] bitstream d0af154e-769f-dc2d-8555-420ae4a7919b locked, ref=1
Jul 14 23:40:24 kernel: zocl-drm axi:zyxclmm_drm:  ffff3568c9ea6c10 kds_add_context: Client pid(7130) add context Domain(0) CU(0x1) shared(true)
Jul 14 23:40:24 kernel: zocl-drm axi:zyxclmm_drm: zocl_create_client: created KDS client for pid(7130), ret: 0
Jul 14 23:40:24 kernel: zocl-drm axi:zyxclmm_drm: zocl_destroy_client: client exits pid(7130)
Jul 14 23:40:24 kernel: zocl-drm axi:zyxclmm_drm: zocl_create_client: created KDS client for pid(7130), ret: 0
Jul 14 23:40:24 kernel: [drm] bitstream d0af154e-769f-dc2d-8555-420ae4a7919b locked, ref=2
Jul 14 23:40:24 kernel: zocl-drm axi:zyxclmm_drm:  ffff3568c9ea6c10 kds_add_context: Client pid(7130) add context Domain(0) CU(0x0) shared(true)
Jul 14 23:40:24 kernel: zocl-drm axi:zyxclmm_drm: zocl_create_client: created KDS client for pid(7130), ret: 0
Jul 14 23:40:24 kernel: zocl-drm axi:zyxclmm_drm: zocl_destroy_client: client exits pid(7130)
Jul 14 23:40:24 kernel: zocl-drm axi:zyxclmm_drm: zocl_create_client: created KDS client for pid(7130), ret: 0
Jul 14 23:40:24 kernel: [drm] bitstream d0af154e-769f-dc2d-8555-420ae4a7919b locked, ref=3
Jul 14 23:40:24 kernel: zocl-drm axi:zyxclmm_drm:  ffff3568c9ea6c10 kds_add_context: Client pid(7130) add context Domain(0) CU(0x1) shared(true)
Jul 14 23:40:26 kernel: usb 2-1.1: Failed to query (GET_CUR) UVC control 1 on unit 3: -32 (exp. 1024).
Jul 14 23:40:26 kernel: BUG: sleeping function called from invalid context at kernel/locking/spinlock_rt.c:46
Jul 14 23:40:26 kernel: in_atomic(): 0, irqs_disabled(): 128, non_block: 0, pid: 3436, name: pr/netcon0
Jul 14 23:40:26 kernel: preempt_count: 0, expected: 0
Jul 14 23:40:26 kernel: RCU nest depth: 3, expected: 3
Jul 14 23:40:26 kernel: CPU: 0 PID: 3436 Comm: pr/netcon0 Tainted: G    B   WC        5.15.199-rt91-rt-kv260b #8
Jul 14 23:40:26 kernel: Hardware name: ZynqMP KV260 revB (DT)
Jul 14 23:40:26 kernel: Call trace:
Jul 14 23:40:26 kernel:  dump_backtrace+0x0/0x1f0
Jul 14 23:40:26 kernel:  show_stack+0x18/0x24
Jul 14 23:40:26 kernel:  dump_stack_lvl+0x68/0x84
Jul 14 23:40:26 kernel:  dump_stack+0x18/0x34
Jul 14 23:40:26 kernel:  __might_resched+0x148/0x1ac
Jul 14 23:40:26 kernel:  rt_spin_lock+0x30/0xd0
Jul 14 23:40:26 kernel:  macb_start_xmit+0x178/0xb74
Jul 14 23:40:26 kernel:  netpoll_start_xmit+0x100/0x1c0
Jul 14 23:40:26 kernel:  netpoll_send_skb+0x1cc/0x2a0
Jul 14 23:40:26 kernel:  netpoll_send_udp+0x204/0x430
Jul 14 23:40:26 kernel:  write_msg+0xfc/0x12c [netconsole]
Jul 14 23:40:26 kernel:  printk_kthread_func+0x1f0/0x574
Jul 14 23:40:26 kernel:  kthread+0x16c/0x180
Jul 14 23:40:26 kernel:  ret_from_fork+0x10/0x20
Jul 14 23:40:38 kernel: usb 2-1.1: Failed to query (GET_CUR) UVC control 1 on unit 3: -32 (exp. 1024).
Jul 14 23:40:38 kernel: BUG: sleeping function called from invalid context at kernel/locking/spinlock_rt.c:46
Jul 14 23:40:38 kernel: in_atomic(): 0, irqs_disabled(): 128, non_block: 0, pid: 3436, name: pr/netcon0
Jul 14 23:40:38 kernel: preempt_count: 0, expected: 0
Jul 14 23:40:38 kernel: RCU nest depth: 3, expected: 3
Jul 14 23:40:38 kernel: CPU: 2 PID: 3436 Comm: pr/netcon0 Tainted: G    B   WC        5.15.199-rt91-rt-kv260b #8
Jul 14 23:40:38 kernel: Hardware name: ZynqMP KV260 revB (DT)
Jul 14 23:40:38 kernel: Call trace:
Jul 14 23:40:38 kernel:  dump_backtrace+0x0/0x1f0
Jul 14 23:40:38 kernel:  show_stack+0x18/0x24
Jul 14 23:40:38 kernel:  dump_stack_lvl+0x68/0x84
Jul 14 23:40:38 kernel:  dump_stack+0x18/0x34
Jul 14 23:40:38 kernel:  __might_resched+0x148/0x1ac
Jul 14 23:40:38 kernel:  rt_spin_lock+0x30/0xd0
Jul 14 23:40:38 kernel:  macb_start_xmit+0x178/0xb74
Jul 14 23:40:38 kernel:  netpoll_start_xmit+0x100/0x1c0
Jul 14 23:40:38 kernel:  netpoll_send_skb+0x1cc/0x2a0
Jul 14 23:40:38 kernel:  netpoll_send_udp+0x204/0x430
Jul 14 23:40:38 kernel:  write_msg+0xfc/0x12c [netconsole]
Jul 14 23:40:38 kernel:  printk_kthread_func+0x1f0/0x574
Jul 14 23:40:38 kernel:  kthread+0x16c/0x180
Jul 14 23:40:38 kernel:  ret_from_fork+0x10/0x20
Jul 14 23:40:39 kernel: usb 2-1.1: Failed to query (GET_CUR) UVC control 1 on unit 3: -32 (exp. 1024).
Jul 14 23:40:39 kernel: BUG: sleeping function called from invalid context at kernel/locking/spinlock_rt.c:46
Jul 14 23:40:39 kernel: in_atomic(): 0, irqs_disabled(): 128, non_block: 0, pid: 3436, name: pr/netcon0
Jul 14 23:40:39 kernel: preempt_count: 0, expected: 0
Jul 14 23:40:39 kernel: RCU nest depth: 3, expected: 3
Jul 14 23:40:39 kernel: CPU: 1 PID: 3436 Comm: pr/netcon0 Tainted: G    B   WC        5.15.199-rt91-rt-kv260b #8
Jul 14 23:40:39 kernel: Hardware name: ZynqMP KV260 revB (DT)
Jul 14 23:40:39 kernel: Call trace:
Jul 14 23:40:39 kernel:  dump_backtrace+0x0/0x1f0
Jul 14 23:40:39 kernel:  show_stack+0x18/0x24
Jul 14 23:40:39 kernel:  dump_stack_lvl+0x68/0x84
Jul 14 23:40:39 kernel:  dump_stack+0x18/0x34
Jul 14 23:40:39 kernel:  __might_resched+0x148/0x1ac
Jul 14 23:40:39 kernel:  rt_spin_lock+0x30/0xd0
Jul 14 23:40:39 kernel:  macb_start_xmit+0x178/0xb74
Jul 14 23:40:39 kernel:  netpoll_start_xmit+0x100/0x1c0
Jul 14 23:40:39 kernel:  netpoll_send_skb+0x1cc/0x2a0
Jul 14 23:40:39 kernel:  netpoll_send_udp+0x204/0x430
Jul 14 23:40:39 kernel:  write_msg+0xfc/0x12c [netconsole]
Jul 14 23:40:39 kernel:  printk_kthread_func+0x1f0/0x574
Jul 14 23:40:39 kernel:  kthread+0x16c/0x180
Jul 14 23:40:39 kernel:  ret_from_fork+0x10/0x20
Jul 14 23:41:04 kernel: usb 2-1.1: Failed to query (GET_CUR) UVC control 1 on unit 3: -32 (exp. 1024).
Jul 14 23:41:04 kernel: BUG: sleeping function called from invalid context at kernel/locking/spinlock_rt.c:46
Jul 14 23:41:04 kernel: in_atomic(): 0, irqs_disabled(): 128, non_block: 0, pid: 3436, name: pr/netcon0
Jul 14 23:41:04 kernel: preempt_count: 0, expected: 0
Jul 14 23:41:04 kernel: RCU nest depth: 3, expected: 3
Jul 14 23:41:04 kernel: CPU: 1 PID: 3436 Comm: pr/netcon0 Tainted: G    B   WC        5.15.199-rt91-rt-kv260b #8
Jul 14 23:41:04 kernel: Hardware name: ZynqMP KV260 revB (DT)
Jul 14 23:41:04 kernel: Call trace:
Jul 14 23:41:04 kernel:  dump_backtrace+0x0/0x1f0
Jul 14 23:41:04 kernel:  show_stack+0x18/0x24
Jul 14 23:41:04 kernel:  dump_stack_lvl+0x68/0x84
Jul 14 23:41:04 kernel:  dump_stack+0x18/0x34
Jul 14 23:41:04 kernel:  __might_resched+0x148/0x1ac
Jul 14 23:41:04 kernel:  rt_spin_lock+0x30/0xd0
Jul 14 23:41:04 kernel:  macb_start_xmit+0x178/0xb74
Jul 14 23:41:04 kernel:  netpoll_start_xmit+0x100/0x1c0
Jul 14 23:41:04 kernel:  netpoll_send_skb+0x1cc/0x2a0
Jul 14 23:41:04 kernel:  netpoll_send_udp+0x204/0x430
Jul 14 23:41:04 kernel:  write_msg+0xfc/0x12c [netconsole]
Jul 14 23:41:04 kernel:  printk_kthread_func+0x1f0/0x574
Jul 14 23:41:04 kernel:  kthread+0x16c/0x180
Jul 14 23:41:04 kernel:  ret_from_fork+0x10/0x20
Jul 14 23:41:06 kernel: zocl-drm axi:zyxclmm_drm:  ffff3568c9ea6c10 kds_del_context: Client pid(7130) del context Domain(0) CU(0x1)
Jul 14 23:41:06 kernel: [drm] bitstream d0af154e-769f-dc2d-8555-420ae4a7919b unlocked, ref=2
Jul 14 23:41:06 kernel: zocl-drm axi:zyxclmm_drm: zocl_destroy_client: client exits pid(7130)
Jul 14 23:41:06 kernel: zocl-drm axi:zyxclmm_drm:  ffff3568c9ea6c10 kds_del_context: Client pid(7130) del context Domain(0) CU(0x1)
Jul 14 23:41:06 kernel: [drm] bitstream d0af154e-769f-dc2d-8555-420ae4a7919b unlocked, ref=1
Jul 14 23:41:06 kernel: zocl-drm axi:zyxclmm_drm: zocl_destroy_client: client exits pid(7130)
Jul 14 23:41:06 kernel: zocl-drm axi:zyxclmm_drm:  ffff3568c9ea6c10 kds_del_context: Client pid(7130) del context Domain(0) CU(0x0)
Jul 14 23:41:06 kernel: [drm] bitstream d0af154e-769f-dc2d-8555-420ae4a7919b unlocked, ref=0
Jul 14 23:41:06 kernel: zocl-drm axi:zyxclmm_drm: zocl_destroy_client: client exits pid(7130)
Jul 14 23:41:06 kernel: zocl-drm axi:zyxclmm_drm: zocl_destroy_client: client exits pid(7130)
Jul 14 23:41:09 kernel: usb 2-1.1: Failed to query (GET_CUR) UVC control 1 on unit 3: -32 (exp. 1024).
Jul 14 23:41:09 kernel: BUG: sleeping function called from invalid context at kernel/locking/spinlock_rt.c:46
Jul 14 23:41:09 kernel: in_atomic(): 0, irqs_disabled(): 128, non_block: 0, pid: 3436, name: pr/netcon0
Jul 14 23:41:09 kernel: preempt_count: 0, expected: 0
Jul 14 23:41:09 kernel: RCU nest depth: 3, expected: 3
Jul 14 23:41:09 kernel: CPU: 0 PID: 3436 Comm: pr/netcon0 Tainted: G    B   WC        5.15.199-rt91-rt-kv260b #8
Jul 14 23:41:09 kernel: Hardware name: ZynqMP KV260 revB (DT)
Jul 14 23:41:09 kernel: Call trace:
Jul 14 23:41:09 kernel:  dump_backtrace+0x0/0x1f0
Jul 14 23:41:09 kernel:  show_stack+0x18/0x24
Jul 14 23:41:09 kernel:  dump_stack_lvl+0x68/0x84
Jul 14 23:41:09 kernel:  dump_stack+0x18/0x34
Jul 14 23:41:09 kernel:  __might_resched+0x148/0x1ac
Jul 14 23:41:09 kernel:  rt_spin_lock+0x30/0xd0
Jul 14 23:41:09 kernel:  macb_start_xmit+0x178/0xb74
Jul 14 23:41:09 kernel:  netpoll_start_xmit+0x100/0x1c0
Jul 14 23:41:09 kernel:  netpoll_send_skb+0x1cc/0x2a0
Jul 14 23:41:09 kernel:  netpoll_send_udp+0x204/0x430
Jul 14 23:41:09 kernel:  write_msg+0xfc/0x12c [netconsole]
Jul 14 23:41:09 kernel:  printk_kthread_func+0x1f0/0x574
Jul 14 23:41:09 kernel:  kthread+0x16c/0x180
Jul 14 23:41:09 kernel:  ret_from_fork+0x10/0x20
Jul 14 23:41:11 kernel: zocl-drm axi:zyxclmm_drm: zocl_create_client: created KDS client for pid(7226), ret: 0
Jul 14 23:41:11 kernel: zocl-drm axi:zyxclmm_drm: zocl_destroy_client: client exits pid(7226)
Jul 14 23:41:11 kernel: zocl-drm axi:zyxclmm_drm: zocl_create_client: created KDS client for pid(7226), ret: 0
Jul 14 23:41:11 kernel: zocl-drm axi:zyxclmm_drm: zocl_destroy_client: client exits pid(7226)
Jul 14 23:41:11 kernel: zocl-drm axi:zyxclmm_drm: zocl_create_client: created KDS client for pid(7226), ret: 0
Jul 14 23:41:11 kernel: zocl-drm axi:zyxclmm_drm: zocl_destroy_client: client exits pid(7226)
Jul 14 23:41:11 kernel: zocl-drm axi:zyxclmm_drm: zocl_create_client: created KDS client for pid(7226), ret: 0
Jul 14 23:41:11 kernel: zocl-drm axi:zyxclmm_drm: zocl_destroy_client: client exits pid(7226)
Jul 14 23:41:11 kernel: zocl-drm axi:zyxclmm_drm: zocl_create_client: created KDS client for pid(7226), ret: 0
Jul 14 23:41:11 kernel: zocl-drm axi:zyxclmm_drm: zocl_destroy_client: client exits pid(7226)
Jul 14 23:41:11 kernel: zocl-drm axi:zyxclmm_drm: zocl_create_client: created KDS client for pid(7226), ret: 0
Jul 14 23:41:11 kernel: zocl-drm axi:zyxclmm_drm: zocl_destroy_client: client exits pid(7226)
Jul 14 23:41:11 kernel: zocl-drm axi:zyxclmm_drm: zocl_create_client: created KDS client for pid(7226), ret: 0
Jul 14 23:41:11 kernel: [drm] skip kind 29(AIE_RESOURCES) return code: -22
Jul 14 23:41:11 kernel: [drm] zocl_xclbin_read_axlf The XCLBIN already loaded
Jul 14 23:41:11 kernel: [drm] zocl_xclbin_read_axlf d0af154e-769f-dc2d-8555-420ae4a7919b ret: 0
Jul 14 23:41:11 kernel: [drm] bitstream d0af154e-769f-dc2d-8555-420ae4a7919b locked, ref=1
Jul 14 23:41:11 kernel: zocl-drm axi:zyxclmm_drm:  ffff3568c9ea6c10 kds_add_context: Client pid(7226) add context Domain(0) CU(0xffffffff) shared(true)
Jul 14 23:41:11 kernel: zocl-drm axi:zyxclmm_drm:  ffff3568c9ea6c10 kds_del_context: Client pid(7226) del context Domain(0) CU(0xffffffff)
Jul 14 23:41:11 kernel: [drm] bitstream d0af154e-769f-dc2d-8555-420ae4a7919b unlocked, ref=0
Jul 14 23:41:11 kernel: zocl-drm axi:zyxclmm_drm: zocl_create_client: created KDS client for pid(7226), ret: 0
Jul 14 23:41:11 kernel: zocl-drm axi:zyxclmm_drm: zocl_destroy_client: client exits pid(7226)
Jul 14 23:41:11 kernel: zocl-drm axi:zyxclmm_drm: zocl_create_client: created KDS client for pid(7226), ret: 0
Jul 14 23:41:11 kernel: [drm] bitstream d0af154e-769f-dc2d-8555-420ae4a7919b locked, ref=1
Jul 14 23:41:11 kernel: zocl-drm axi:zyxclmm_drm:  ffff3568c9ea6c10 kds_add_context: Client pid(7226) add context Domain(0) CU(0x1) shared(true)
Jul 14 23:41:11 kernel: zocl-drm axi:zyxclmm_drm: zocl_create_client: created KDS client for pid(7226), ret: 0
Jul 14 23:41:11 kernel: zocl-drm axi:zyxclmm_drm: zocl_destroy_client: client exits pid(7226)
Jul 14 23:41:11 kernel: zocl-drm axi:zyxclmm_drm: zocl_create_client: created KDS client for pid(7226), ret: 0
Jul 14 23:41:11 kernel: [drm] bitstream d0af154e-769f-dc2d-8555-420ae4a7919b locked, ref=2
Jul 14 23:41:11 kernel: zocl-drm axi:zyxclmm_drm:  ffff3568c9ea6c10 kds_add_context: Client pid(7226) add context Domain(0) CU(0x0) shared(true)
Jul 14 23:41:11 kernel: zocl-drm axi:zyxclmm_drm: zocl_create_client: created KDS client for pid(7226), ret: 0
Jul 14 23:41:11 kernel: zocl-drm axi:zyxclmm_drm: zocl_destroy_client: client exits pid(7226)
Jul 14 23:41:11 kernel: zocl-drm axi:zyxclmm_drm: zocl_create_client: created KDS client for pid(7226), ret: 0
Jul 14 23:41:11 kernel: [drm] bitstream d0af154e-769f-dc2d-8555-420ae4a7919b locked, ref=3
Jul 14 23:41:11 kernel: zocl-drm axi:zyxclmm_drm:  ffff3568c9ea6c10 kds_add_context: Client pid(7226) add context Domain(0) CU(0x1) shared(true)
Jul 14 23:41:12 kernel: zocl-drm axi:zyxclmm_drm:  ffff3568c9ea6c10 _kds_fini_client: Client pid(7226) has 1 opening context for 0 slot
Jul 14 23:41:12 kernel: zocl-drm axi:zyxclmm_drm:  ffff3568c9ea6c10 kds_del_context: Client pid(7226) del context Domain(0) CU(0x1)
Jul 14 23:41:12 kernel: zocl-drm axi:zyxclmm_drm:  ffff3568c9ea6c10 _kds_fini_client: Removing CU Domain[0] CU Index [1]
Jul 14 23:41:12 kernel: [drm] bitstream d0af154e-769f-dc2d-8555-420ae4a7919b unlocked, ref=2
Jul 14 23:41:12 kernel: zocl-drm axi:zyxclmm_drm: zocl_destroy_client: client exits pid(7226)
Jul 14 23:41:12 kernel: zocl-drm axi:zyxclmm_drm:  ffff3568c9ea6c10 _kds_fini_client: Client pid(7226) has 1 opening context for 0 slot
Jul 14 23:41:12 kernel: zocl-drm axi:zyxclmm_drm:  ffff3568c9ea6c10 kds_del_context: Client pid(7226) del context Domain(0) CU(0x0)
Jul 14 23:41:12 kernel: zocl-drm axi:zyxclmm_drm:  ffff3568c9ea6c10 _kds_fini_client: Removing CU Domain[0] CU Index [0]
Jul 14 23:41:12 kernel: [drm] bitstream d0af154e-769f-dc2d-8555-420ae4a7919b unlocked, ref=1
Jul 14 23:41:12 kernel: zocl-drm axi:zyxclmm_drm: zocl_destroy_client: client exits pid(7226)
Jul 14 23:41:12 kernel: zocl-drm axi:zyxclmm_drm:  ffff3568c9ea6c10 _kds_fini_client: Client pid(7226) has 1 opening context for 0 slot
Jul 14 23:41:12 kernel: zocl-drm axi:zyxclmm_drm:  ffff3568c9ea6c10 kds_del_context: Client pid(7226) del context Domain(0) CU(0x1)
Jul 14 23:41:12 kernel: zocl-drm axi:zyxclmm_drm:  ffff3568c9ea6c10 _kds_fini_client: Removing CU Domain[0] CU Index [1]
Jul 14 23:41:12 kernel: [drm] bitstream d0af154e-769f-dc2d-8555-420ae4a7919b unlocked, ref=0
Jul 14 23:41:12 kernel: zocl-drm axi:zyxclmm_drm: zocl_destroy_client: client exits pid(7226)
Jul 14 23:41:12 kernel: zocl-drm axi:zyxclmm_drm: zocl_destroy_client: client exits pid(7226)
Jul 15 00:00:06 kernel: audit: type=1400 audit(1784041206.472:71): apparmor="DENIED" operation="capable" profile="/usr/sbin/cupsd" pid=8711 comm="cupsd" capability=12  capname="net_admin"
Jul 15 00:00:06 kernel: audit: type=1400 audit(1784041206.552:72): apparmor="DENIED" operation="capable" profile="/usr/sbin/cups-browsed" pid=8713 comm="cups-browsed" capability=23  capname="sys_nice"
