Jul 13 00:36:56 kria kernel: Booting Linux on physical CPU 0x0000000000 [0x410fd034]
Jul 13 00:36:56 kria kernel: Linux version 5.15.199-rt91-rt-kv260 (jaehyeon@jaehyeon-Raimlab) (aarch64-linux-gnu-gcc (Ubuntu 11.4.0-1ubuntu1~22.04.3) 11.4.0, GNU ld (GNU Binutils for Ubuntu) 2.38) #4 SMP PREEMPT_RT Sun Jul 12 23:55:27 KST 2026 (Ubuntu 5.15.0-1070.74-xilinx-zynqmp 5.15.199)
Jul 13 00:36:56 kria kernel: Machine model: ZynqMP KV260 revB
Jul 13 00:36:56 kria kernel: efi: UEFI not found.
Jul 13 00:36:56 kria kernel: earlycon: cdns0 at MMIO 0x00000000ff010000 (options '115200n8')
Jul 13 00:36:56 kria kernel: printk: bootconsole [cdns0] enabled
Jul 13 00:36:56 kria kernel: NUMA: No NUMA configuration found
Jul 13 00:36:56 kria kernel: NUMA: Faking a node at [mem 0x0000000000000000-0x000000087fffffff]
Jul 13 00:36:56 kria kernel: NUMA: NODE_DATA [mem 0x87f7c4300-0x87f7c8fff]
Jul 13 00:36:56 kria kernel: Zone ranges:
Jul 13 00:36:56 kria kernel:   DMA      [mem 0x0000000000000000-0x00000000ffffffff]
Jul 13 00:36:56 kria kernel:   DMA32    empty
Jul 13 00:36:56 kria kernel:   Normal   [mem 0x0000000100000000-0x000000087fffffff]
Jul 13 00:36:56 kria kernel:   Device   empty
Jul 13 00:36:56 kria kernel: Movable zone start for each node
Jul 13 00:36:56 kria kernel: Early memory node ranges
Jul 13 00:36:56 kria kernel:   node   0: [mem 0x0000000000000000-0x000000007fefffff]
Jul 13 00:36:56 kria kernel:   node   0: [mem 0x000000007ff00000-0x000000007fffffff]
Jul 13 00:36:56 kria kernel:   node   0: [mem 0x0000000800000000-0x000000087fffffff]
Jul 13 00:36:56 kria kernel: Initmem setup node 0 [mem 0x0000000000000000-0x000000087fffffff]
Jul 13 00:36:56 kria kernel: cma: Reserved 1000 MiB at 0x0000000035c00000
Jul 13 00:36:56 kria kernel: psci: probing for conduit method from DT.
Jul 13 00:36:56 kria kernel: psci: PSCIv1.1 detected in firmware.
Jul 13 00:36:56 kria kernel: psci: Using standard PSCI v0.2 function IDs
Jul 13 00:36:56 kria kernel: psci: MIGRATE_INFO_TYPE not supported.
Jul 13 00:36:56 kria kernel: psci: SMC Calling Convention v1.5
Jul 13 00:36:56 kria kernel: percpu: Embedded 30 pages/cpu s84848 r8192 d29840 u122880
Jul 13 00:36:56 kria kernel: pcpu-alloc: s84848 r8192 d29840 u122880 alloc=30*4096
Jul 13 00:36:56 kria kernel: pcpu-alloc: [0] 0 [0] 1 [0] 2 [0] 3 
Jul 13 00:36:56 kria kernel: Detected VIPT I-cache on CPU0
Jul 13 00:36:56 kria kernel: CPU features: kernel page table isolation forced ON by KASLR
Jul 13 00:36:56 kria kernel: CPU features: detected: Kernel page table isolation (KPTI)
Jul 13 00:36:56 kria kernel: CPU features: detected: ARM erratum 845719
Jul 13 00:36:56 kria kernel: Built 1 zonelists, mobility grouping on.  Total pages: 1032192
Jul 13 00:36:56 kria kernel: Policy zone: Normal
Jul 13 00:36:56 kria kernel: Kernel command line:  root=LABEL=writable rootwait earlycon console=ttyPS1,115200 console=tty1 clk_ignore_unused uio_pdrv_genirq.of_id=generic-uio xilinx_tsn_ep.st_pcp=4 cma=1000M skew_tick=1
Jul 13 00:36:56 kria kernel: Dentry cache hash table entries: 524288 (order: 10, 4194304 bytes, linear)
Jul 13 00:36:56 kria kernel: Inode-cache hash table entries: 262144 (order: 9, 2097152 bytes, linear)
Jul 13 00:36:56 kria kernel: mem auto-init: stack:off, heap alloc:on, heap free:off
Jul 13 00:36:56 kria kernel: software IO TLB: mapped [mem 0x000000007bf00000-0x000000007ff00000] (64MB)
Jul 13 00:36:56 kria kernel: Memory: 2925812K/4194304K available (19840K kernel code, 3330K rwdata, 14752K rodata, 6528K init, 1448K bss, 244492K reserved, 1024000K cma-reserved)
Jul 13 00:36:56 kria kernel: SLUB: HWalign=64, Order=0-3, MinObjects=0, CPUs=4, Nodes=1
Jul 13 00:36:56 kria kernel: ftrace: allocating 62146 entries in 243 pages
Jul 13 00:36:56 kria kernel: ftrace: allocated 243 pages with 6 groups
Jul 13 00:36:56 kria kernel: trace event string verifier disabled
Jul 13 00:36:56 kria kernel: rcu: Preemptible hierarchical RCU implementation.
Jul 13 00:36:56 kria kernel: rcu:         RCU event tracing is enabled.
Jul 13 00:36:56 kria kernel: rcu:         RCU priority boosting: priority 1 delay 500 ms.
Jul 13 00:36:56 kria kernel: rcu:         RCU_SOFTIRQ processing moved to rcuc kthreads.
Jul 13 00:36:56 kria kernel:         No expedited grace period (rcu_normal_after_boot).
Jul 13 00:36:56 kria kernel:         Trampoline variant of Tasks RCU enabled.
Jul 13 00:36:56 kria kernel:         Rude variant of Tasks RCU enabled.
Jul 13 00:36:56 kria kernel:         Tracing variant of Tasks RCU enabled.
Jul 13 00:36:56 kria kernel: rcu: RCU calculated value of scheduler-enlistment delay is 100 jiffies.
Jul 13 00:36:56 kria kernel: NR_IRQS: 64, nr_irqs: 64, preallocated irqs: 0
Jul 13 00:36:56 kria kernel: GIC: Adjusting CPU interface base to 0x00000000f902f000
Jul 13 00:36:56 kria kernel: Root IRQ handler: gic_handle_irq
Jul 13 00:36:56 kria kernel: GIC: Using split EOI/Deactivate mode
Jul 13 00:36:56 kria kernel: arch_timer: cp15 timer(s) running at 99.99MHz (phys).
Jul 13 00:36:56 kria kernel: clocksource: arch_sys_counter: mask: 0x1ffffffffffffff max_cycles: 0x171015c90f, max_idle_ns: 440795203080 ns
Jul 13 00:36:56 kria kernel: sched_clock: 57 bits at 99MHz, resolution 10ns, wraps every 4398046511101ns
Jul 13 00:36:56 kria kernel: Console: colour dummy device 80x25
Jul 13 00:36:56 kria kernel: printk: console [tty1] enabled
Jul 13 00:36:56 kria kernel: printk: bootconsole [cdns0] disabled
Jul 13 00:36:56 kria kernel: Calibrating delay loop (skipped), value calculated using timer frequency.. 199.99 BogoMIPS (lpj=99999)
Jul 13 00:36:56 kria kernel: pid_max: default: 32768 minimum: 301
Jul 13 00:36:56 kria kernel: LSM: Security Framework initializing
Jul 13 00:36:56 kria kernel: landlock: Up and running.
Jul 13 00:36:56 kria kernel: Yama: becoming mindful.
Jul 13 00:36:56 kria kernel: AppArmor: AppArmor initialized
Jul 13 00:36:56 kria kernel: Mount-cache hash table entries: 8192 (order: 4, 65536 bytes, linear)
Jul 13 00:36:56 kria kernel: Mountpoint-cache hash table entries: 8192 (order: 4, 65536 bytes, linear)
Jul 13 00:36:56 kria kernel: BUG: sleeping function called from invalid context at kernel/locking/spinlock_rt.c:46
Jul 13 00:36:56 kria kernel: in_atomic(): 1, irqs_disabled(): 0, non_block: 0, pid: 2, name: kthreadd
Jul 13 00:36:56 kria kernel: preempt_count: 1, expected: 0
Jul 13 00:36:56 kria kernel: RCU nest depth: 0, expected: 0
Jul 13 00:36:56 kria kernel: Preemption disabled at:
Jul 13 00:36:56 kria kernel: [<ffffbb5f3febd338>] __radix_tree_preload+0x28/0x110
Jul 13 00:36:56 kria kernel: CPU: 0 PID: 2 Comm: kthreadd Not tainted 5.15.199-rt91-rt-kv260 #4
Jul 13 00:36:56 kria kernel: Hardware name: ZynqMP KV260 revB (DT)
Jul 13 00:36:56 kria kernel: Call trace:
Jul 13 00:36:56 kria kernel:  dump_backtrace+0x0/0x1f0
Jul 13 00:36:56 kria kernel:  show_stack+0x20/0x2c
Jul 13 00:36:56 kria kernel:  dump_stack_lvl+0x68/0x84
Jul 13 00:36:56 kria kernel:  dump_stack+0x18/0x34
Jul 13 00:36:56 kria kernel:  __might_resched+0x15c/0x1c0
Jul 13 00:36:56 kria kernel:  rt_spin_lock+0x38/0xd0
Jul 13 00:36:56 kria kernel:  alloc_pid+0x280/0x3d0
Jul 13 00:36:56 kria kernel:  copy_process+0x9fc/0x1da4
Jul 13 00:36:56 kria kernel:  kernel_clone+0x98/0x570
Jul 13 00:36:56 kria kernel:  kernel_thread+0x78/0xb0
Jul 13 00:36:56 kria kernel:  kthreadd+0x16c/0x2b0
Jul 13 00:36:56 kria kernel:  ret_from_fork+0x10/0x20
Jul 13 00:36:56 kria kernel: rcu: Hierarchical SRCU implementation.
Jul 13 00:36:56 kria kernel: EFI services will not be available.
Jul 13 00:36:56 kria kernel: smp: Bringing up secondary CPUs ...
Jul 13 00:36:56 kria kernel: Detected VIPT I-cache on CPU1
Jul 13 00:36:56 kria kernel: CPU1: Booted secondary processor 0x0000000001 [0x410fd034]
Jul 13 00:36:56 kria kernel: Detected VIPT I-cache on CPU2
Jul 13 00:36:56 kria kernel: CPU2: Booted secondary processor 0x0000000002 [0x410fd034]
Jul 13 00:36:56 kria kernel: Detected VIPT I-cache on CPU3
Jul 13 00:36:56 kria kernel: CPU3: Booted secondary processor 0x0000000003 [0x410fd034]
Jul 13 00:36:56 kria kernel: smp: Brought up 1 node, 4 CPUs
Jul 13 00:36:56 kria kernel: SMP: Total of 4 processors activated.
Jul 13 00:36:56 kria kernel: CPU features: detected: 32-bit EL0 Support
Jul 13 00:36:56 kria kernel: CPU features: detected: CRC32 instructions
Jul 13 00:36:56 kria kernel: CPU features: emulated: Privileged Access Never (PAN) using TTBR0_EL1 switching
Jul 13 00:36:56 kria kernel: CPU: All CPU(s) started at EL2
Jul 13 00:36:56 kria kernel: alternatives: patching kernel code
Jul 13 00:36:56 kria kernel: devtmpfs: initialized
Jul 13 00:36:56 kria kernel: KASLR enabled
Jul 13 00:36:56 kria kernel: clocksource: jiffies: mask: 0xffffffff max_cycles: 0xffffffff, max_idle_ns: 1911260446275000 ns
Jul 13 00:36:56 kria kernel: futex hash table entries: 1024 (order: 4, 65536 bytes, linear)
Jul 13 00:36:56 kria kernel: pinctrl core: initialized pinctrl subsystem
Jul 13 00:36:56 kria kernel: DMI not present or invalid.
Jul 13 00:36:56 kria kernel: NET: Registered PF_NETLINK/PF_ROUTE protocol family
Jul 13 00:36:56 kria kernel: DMA: preallocated 512 KiB GFP_KERNEL pool for atomic allocations
Jul 13 00:36:56 kria kernel: DMA: preallocated 512 KiB GFP_KERNEL|GFP_DMA pool for atomic allocations
Jul 13 00:36:56 kria kernel: DMA: preallocated 512 KiB GFP_KERNEL|GFP_DMA32 pool for atomic allocations
Jul 13 00:36:56 kria kernel: audit: initializing netlink subsys (disabled)
Jul 13 00:36:56 kria kernel: audit: type=2000 audit(0.089:1): state=initialized audit_enabled=0 res=1
Jul 13 00:36:56 kria kernel: thermal_sys: Registered thermal governor 'fair_share'
Jul 13 00:36:56 kria kernel: thermal_sys: Registered thermal governor 'bang_bang'
Jul 13 00:36:56 kria kernel: thermal_sys: Registered thermal governor 'step_wise'
Jul 13 00:36:56 kria kernel: thermal_sys: Registered thermal governor 'user_space'
Jul 13 00:36:56 kria kernel: thermal_sys: Registered thermal governor 'power_allocator'
Jul 13 00:36:56 kria kernel: hw-breakpoint: found 6 breakpoint and 4 watchpoint registers.
Jul 13 00:36:56 kria kernel: ASID allocator initialised with 32768 entries
Jul 13 00:36:56 kria kernel: Serial: AMBA PL011 UART driver
Jul 13 00:36:56 kria kernel: HugeTLB registered 1.00 GiB page size, pre-allocated 0 pages
Jul 13 00:36:56 kria kernel: HugeTLB registered 32.0 MiB page size, pre-allocated 0 pages
Jul 13 00:36:56 kria kernel: HugeTLB registered 2.00 MiB page size, pre-allocated 0 pages
Jul 13 00:36:56 kria kernel: HugeTLB registered 64.0 KiB page size, pre-allocated 0 pages
Jul 13 00:36:56 kria kernel: raid6: neonx8   gen()  2317 MB/s
Jul 13 00:36:56 kria kernel: raid6: neonx8   xor()  1721 MB/s
Jul 13 00:36:56 kria kernel: raid6: neonx4   gen()  2374 MB/s
Jul 13 00:36:56 kria kernel: raid6: neonx4   xor()  1688 MB/s
Jul 13 00:36:56 kria kernel: raid6: neonx2   gen()  2251 MB/s
Jul 13 00:36:56 kria kernel: raid6: neonx2   xor()  1552 MB/s
Jul 13 00:36:56 kria kernel: raid6: neonx1   gen()  1935 MB/s
Jul 13 00:36:56 kria kernel: raid6: neonx1   xor()  1317 MB/s
Jul 13 00:36:56 kria kernel: raid6: int64x8  gen()  1502 MB/s
Jul 13 00:36:56 kria kernel: raid6: int64x8  xor()   857 MB/s
Jul 13 00:36:56 kria kernel: raid6: int64x4  gen()  1773 MB/s
Jul 13 00:36:56 kria kernel: raid6: int64x4  xor()   944 MB/s
Jul 13 00:36:56 kria kernel: raid6: int64x2  gen()  1552 MB/s
Jul 13 00:36:56 kria kernel: raid6: int64x2  xor()   833 MB/s
Jul 13 00:36:56 kria kernel: raid6: int64x1  gen()  1151 MB/s
Jul 13 00:36:56 kria kernel: raid6: int64x1  xor()   574 MB/s
Jul 13 00:36:56 kria kernel: raid6: using algorithm neonx4 gen() 2374 MB/s
Jul 13 00:36:56 kria kernel: raid6: .... xor() 1688 MB/s, rmw enabled
Jul 13 00:36:56 kria kernel: raid6: using neon recovery algorithm
Jul 13 00:36:56 kria kernel: ACPI: Interpreter disabled.
Jul 13 00:36:56 kria kernel: iommu: Default domain type: Translated 
Jul 13 00:36:56 kria kernel: iommu: DMA domain TLB invalidation policy: strict mode 
Jul 13 00:36:56 kria kernel: SCSI subsystem initialized
Jul 13 00:36:56 kria kernel: libata version 3.00 loaded.
Jul 13 00:36:56 kria kernel: vgaarb: loaded
Jul 13 00:36:56 kria kernel: usbcore: registered new interface driver usbfs
Jul 13 00:36:56 kria kernel: usbcore: registered new interface driver hub
Jul 13 00:36:56 kria kernel: usbcore: registered new device driver usb
Jul 13 00:36:56 kria kernel: mc: Linux media interface: v0.10
Jul 13 00:36:56 kria kernel: videodev: Linux video capture interface: v2.00
Jul 13 00:36:56 kria kernel: pps_core: LinuxPPS API ver. 1 registered
Jul 13 00:36:56 kria kernel: pps_core: Software ver. 5.3.6 - Copyright 2005-2007 Rodolfo Giometti <giometti@linux.it>
Jul 13 00:36:56 kria kernel: PTP clock support registered
Jul 13 00:36:56 kria kernel: EDAC MC: Ver: 3.0.0
Jul 13 00:36:56 kria kernel: zynqmp-ipi-mbox mailbox@ff9905c0: Registered ZynqMP IPI mbox with TX/RX channels.
Jul 13 00:36:56 kria kernel: FPGA manager framework
Jul 13 00:36:56 kria kernel: Advanced Linux Sound Architecture Driver Initialized.
Jul 13 00:36:56 kria kernel: NetLabel: Initializing
Jul 13 00:36:56 kria kernel: NetLabel:  domain hash size = 128
Jul 13 00:36:56 kria kernel: NetLabel:  protocols = UNLABELED CIPSOv4 CALIPSO
Jul 13 00:36:56 kria kernel: NetLabel:  unlabeled traffic allowed by default
Jul 13 00:36:56 kria kernel: clocksource: Switched to clocksource arch_sys_counter
Jul 13 00:36:56 kria kernel: VFS: Disk quotas dquot_6.6.0
Jul 13 00:36:56 kria kernel: VFS: Dquot-cache hash table entries: 512 (order 0, 4096 bytes)
Jul 13 00:36:56 kria kernel: AppArmor: AppArmor Filesystem Enabled
Jul 13 00:36:56 kria kernel: pnp: PnP ACPI: disabled
Jul 13 00:36:56 kria kernel: NET: Registered PF_INET protocol family
Jul 13 00:36:56 kria kernel: IP idents hash table entries: 65536 (order: 7, 524288 bytes, linear)
Jul 13 00:36:56 kria kernel: tcp_listen_portaddr_hash hash table entries: 2048 (order: 5, 81920 bytes, linear)
Jul 13 00:36:56 kria kernel: Table-perturb hash table entries: 65536 (order: 6, 262144 bytes, linear)
Jul 13 00:36:56 kria kernel: TCP established hash table entries: 32768 (order: 6, 262144 bytes, linear)
Jul 13 00:36:56 kria kernel: TCP bind hash table entries: 32768 (order: 9, 1310720 bytes, linear)
Jul 13 00:36:56 kria kernel: TCP: Hash tables configured (established 32768 bind 32768)
Jul 13 00:36:56 kria kernel: MPTCP token hash table entries: 4096 (order: 6, 229376 bytes, linear)
Jul 13 00:36:56 kria kernel: UDP hash table entries: 2048 (order: 6, 196608 bytes, linear)
Jul 13 00:36:56 kria kernel: UDP-Lite hash table entries: 2048 (order: 6, 196608 bytes, linear)
Jul 13 00:36:56 kria kernel: NET: Registered PF_UNIX/PF_LOCAL protocol family
Jul 13 00:36:56 kria kernel: RPC: Registered named UNIX socket transport module.
Jul 13 00:36:56 kria kernel: RPC: Registered udp transport module.
Jul 13 00:36:56 kria kernel: RPC: Registered tcp transport module.
Jul 13 00:36:56 kria kernel: RPC: Registered tcp NFSv4.1 backchannel transport module.
Jul 13 00:36:56 kria kernel: NET: Registered PF_XDP protocol family
Jul 13 00:36:56 kria kernel: PCI: CLS 0 bytes, default 64
Jul 13 00:36:56 kria kernel: Trying to unpack rootfs image as initramfs...
Jul 13 00:36:56 kria kernel: hw perfevents: enabled with armv8_pmuv3 PMU driver, 7 counters available
Jul 13 00:36:56 kria kernel: BUG: sleeping function called from invalid context at kernel/locking/spinlock_rt.c:46
Jul 13 00:36:56 kria kernel: in_atomic(): 1, irqs_disabled(): 0, non_block: 0, pid: 1, name: swapper/0
Jul 13 00:36:56 kria kernel: preempt_count: 1, expected: 0
Jul 13 00:36:56 kria kernel: RCU nest depth: 0, expected: 0
Jul 13 00:36:56 kria kernel: Preemption disabled at:
Jul 13 00:36:56 kria kernel: [<ffffbb5f3febd338>] __radix_tree_preload+0x28/0x110
Jul 13 00:36:56 kria kernel: CPU: 1 PID: 1 Comm: swapper/0 Tainted: G        W         5.15.199-rt91-rt-kv260 #4
Jul 13 00:36:56 kria kernel: Hardware name: ZynqMP KV260 revB (DT)
Jul 13 00:36:56 kria kernel: Call trace:
Jul 13 00:36:56 kria kernel:  dump_backtrace+0x0/0x1f0
Jul 13 00:36:56 kria kernel:  show_stack+0x20/0x2c
Jul 13 00:36:56 kria kernel:  dump_stack_lvl+0x68/0x84
Jul 13 00:36:56 kria kernel:  dump_stack+0x18/0x34
Jul 13 00:36:56 kria kernel:  __might_resched+0x15c/0x1c0
Jul 13 00:36:56 kria kernel:  rt_spin_lock+0x38/0xd0
Jul 13 00:36:56 kria kernel:  __kernfs_new_node+0x98/0x220
Jul 13 00:36:56 kria kernel:  kernfs_new_node+0x70/0x9c
Jul 13 00:36:56 kria kernel:  kernfs_create_dir_ns+0x3c/0xa0
Jul 13 00:36:56 kria kernel:  sysfs_create_dir_ns+0x78/0x11c
Jul 13 00:36:56 kria kernel:  kobject_add_internal+0xa0/0x320
Jul 13 00:36:56 kria kernel:  kset_register+0x64/0xb0
Jul 13 00:36:56 kria kernel:  bus_register+0xd0/0x340
Jul 13 00:36:56 kria kernel:  perf_event_sysfs_init+0x38/0xbc
Jul 13 00:36:56 kria kernel:  do_one_initcall+0x50/0x2a0
Jul 13 00:36:56 kria kernel:  kernel_init_freeable+0x250/0x2c0
Jul 13 00:36:56 kria kernel:  kernel_init+0x2c/0x140
Jul 13 00:36:56 kria kernel:  ret_from_fork+0x10/0x20
Jul 13 00:36:56 kria kernel: Initialise system trusted keyrings
Jul 13 00:36:56 kria kernel: Key type blacklist registered
Jul 13 00:36:56 kria kernel: workingset: timestamp_bits=40 max_order=20 bucket_order=0
Jul 13 00:36:56 kria kernel: zbud: loaded
Jul 13 00:36:56 kria kernel: squashfs: version 4.0 (2009/01/31) Phillip Lougher
Jul 13 00:36:56 kria kernel: NFS: Registering the id_resolver key type
Jul 13 00:36:56 kria kernel: Key type id_resolver registered
Jul 13 00:36:56 kria kernel: Key type id_legacy registered
Jul 13 00:36:56 kria kernel: nfs4filelayout_init: NFSv4 File Layout Driver Registering...
Jul 13 00:36:56 kria kernel: nfs4flexfilelayout_init: NFSv4 Flexfile Layout Driver Registering...
Jul 13 00:36:56 kria kernel: jffs2: version 2.2. (NAND) (SUMMARY)  © 2001-2006 Red Hat, Inc.
Jul 13 00:36:56 kria kernel: fuse: init (API version 7.34)
Jul 13 00:36:56 kria kernel: integrity: Platform Keyring initialized
Jul 13 00:36:56 kria kernel: NET: Registered PF_ALG protocol family
Jul 13 00:36:56 kria kernel: xor: measuring software checksum speed
Jul 13 00:36:56 kria kernel:    8regs           :  2594 MB/sec
Jul 13 00:36:56 kria kernel:    32regs          :  3077 MB/sec
Jul 13 00:36:56 kria kernel:    arm64_neon      :  2351 MB/sec
Jul 13 00:36:56 kria kernel: xor: using function: 32regs (3077 MB/sec)
Jul 13 00:36:56 kria kernel: Key type asymmetric registered
Jul 13 00:36:56 kria kernel: Asymmetric key parser 'x509' registered
Jul 13 00:36:56 kria kernel: Block layer SCSI generic (bsg) driver version 0.4 loaded (major 239)
Jul 13 00:36:56 kria kernel: io scheduler mq-deadline registered
Jul 13 00:36:56 kria kernel: io scheduler kyber registered
Jul 13 00:36:56 kria kernel: shpchp: Standard Hot Plug PCI Controller Driver version: 0.4
Jul 13 00:36:56 kria kernel: Serial: 8250/16550 driver, 4 ports, IRQ sharing enabled
Jul 13 00:36:56 kria kernel: Serial: AMBA driver
Jul 13 00:36:56 kria kernel: brd: module loaded
Jul 13 00:36:56 kria kernel: loop: module loaded
Jul 13 00:36:56 kria kernel: mtdoops: mtd device (mtddev=name/number) must be supplied
Jul 13 00:36:56 kria kernel: tun: Universal TUN/TAP device driver, 1.6
Jul 13 00:36:56 kria kernel: PPP generic driver version 2.4.2
Jul 13 00:36:56 kria kernel: usbcore: registered new interface driver asix
Jul 13 00:36:56 kria kernel: usbcore: registered new interface driver ax88179_178a
Jul 13 00:36:56 kria kernel: usbcore: registered new interface driver cdc_ether
Jul 13 00:36:56 kria kernel: usbcore: registered new interface driver net1080
Jul 13 00:36:56 kria kernel: usbcore: registered new interface driver cdc_subset
Jul 13 00:36:56 kria kernel: usbcore: registered new interface driver zaurus
Jul 13 00:36:56 kria kernel: usbcore: registered new interface driver cdc_ncm
Jul 13 00:36:56 kria kernel: ehci_hcd: USB 2.0 'Enhanced' Host Controller (EHCI) Driver
Jul 13 00:36:56 kria kernel: ehci-pci: EHCI PCI platform driver
Jul 13 00:36:56 kria kernel: ohci_hcd: USB 1.1 'Open' Host Controller (OHCI) Driver
Jul 13 00:36:56 kria kernel: ohci-pci: OHCI PCI platform driver
Jul 13 00:36:56 kria kernel: uhci_hcd: USB Universal Host Controller Interface driver
Jul 13 00:36:56 kria kernel: usbcore: registered new interface driver uas
Jul 13 00:36:56 kria kernel: usbcore: registered new interface driver usb-storage
Jul 13 00:36:56 kria kernel: mousedev: PS/2 mouse device common for all mice
Jul 13 00:36:56 kria kernel: i2c_dev: i2c /dev entries driver
Jul 13 00:36:56 kria kernel: usbcore: registered new interface driver uvcvideo
Jul 13 00:36:56 kria kernel: Driver for 1-wire Dallas network protocol.
Jul 13 00:36:56 kria kernel: device-mapper: core: CONFIG_IMA_DISABLE_HTABLE is disabled. Duplicate IMA measurements will not be recorded in the IMA log.
Jul 13 00:36:56 kria kernel: device-mapper: uevent: version 1.0.3
Jul 13 00:36:56 kria kernel: device-mapper: ioctl: 4.45.0-ioctl (2021-03-22) initialised: dm-devel@redhat.com
Jul 13 00:36:56 kria kernel: EDAC MC: ECC not enabled
Jul 13 00:36:56 kria kernel: EDAC DEVICE0: Giving out device to module edac controller cache_err: DEV edac (POLLED)
Jul 13 00:36:56 kria kernel: EDAC DEVICE1: Giving out device to module zynqmp-ocm-edac controller zynqmp_ocm: DEV ff960000.memory-controller (INTERRUPT)
Jul 13 00:36:56 kria kernel: sdhci: Secure Digital Host Controller Interface driver
Jul 13 00:36:56 kria kernel: sdhci: Copyright(c) Pierre Ossman
Jul 13 00:36:56 kria kernel: sdhci-pltfm: SDHCI platform and OF driver helper
Jul 13 00:36:56 kria kernel: SMCCC: SOC_ID: ID = jep106:0049:0000 Revision = 0x04724093
Jul 13 00:36:56 kria kernel: zynqmp_firmware_probe Platform Management API v1.1
Jul 13 00:36:56 kria kernel: zynqmp_firmware_probe Trustzone version v1.0
Jul 13 00:36:56 kria kernel: securefw securefw: securefw probed
Jul 13 00:36:56 kria kernel: hid: raw HID events driver (C) Jiri Kosina
Jul 13 00:36:56 kria kernel: fpga_manager fpga0: Xilinx ZynqMP FPGA Manager registered
Jul 13 00:36:56 kria kernel: usbcore: registered new interface driver snd-usb-audio
Jul 13 00:36:56 kria kernel: pktgen: Packet Generator for packet performance testing. Version: 2.75
Jul 13 00:36:56 kria kernel: drop_monitor: Initializing network drop monitor service
Jul 13 00:36:56 kria kernel: Initializing XFRM netlink socket
Jul 13 00:36:56 kria kernel: NET: Registered PF_INET6 protocol family
Jul 13 00:36:56 kria kernel: Freeing initrd memory: 50504K
Jul 13 00:36:56 kria kernel: BUG: sleeping function called from invalid context at kernel/locking/spinlock_rt.c:46
Jul 13 00:36:56 kria kernel: in_atomic(): 1, irqs_disabled(): 0, non_block: 0, pid: 9, name: kworker/u8:0
Jul 13 00:36:56 kria kernel: preempt_count: 1, expected: 0
Jul 13 00:36:56 kria kernel: RCU nest depth: 0, expected: 0
Jul 13 00:36:56 kria kernel: Preemption disabled at:
Jul 13 00:36:56 kria kernel: [<ffffbb5f3febd338>] __radix_tree_preload+0x28/0x110
Jul 13 00:36:56 kria kernel: CPU: 2 PID: 9 Comm: kworker/u8:0 Tainted: G        W         5.15.199-rt91-rt-kv260 #4
Jul 13 00:36:56 kria kernel: Hardware name: ZynqMP KV260 revB (DT)
Jul 13 00:36:56 kria kernel: Workqueue: events_unbound call_usermodehelper_exec_work
Jul 13 00:36:56 kria kernel: Call trace:
Jul 13 00:36:56 kria kernel:  dump_backtrace+0x0/0x1f0
Jul 13 00:36:56 kria kernel:  show_stack+0x20/0x2c
Jul 13 00:36:56 kria kernel:  dump_stack_lvl+0x68/0x84
Jul 13 00:36:56 kria kernel:  dump_stack+0x18/0x34
Jul 13 00:36:56 kria kernel:  __might_resched+0x15c/0x1c0
Jul 13 00:36:56 kria kernel:  rt_spin_lock+0x38/0xd0
Jul 13 00:36:56 kria kernel:  alloc_pid+0x280/0x3d0
Jul 13 00:36:56 kria kernel:  copy_process+0x9fc/0x1da4
Jul 13 00:36:56 kria kernel:  kernel_clone+0x98/0x570
Jul 13 00:36:56 kria kernel:  kernel_thread+0x78/0xb0
Jul 13 00:36:56 kria kernel:  call_usermodehelper_exec_work+0x44/0xb0
Jul 13 00:36:56 kria kernel:  process_one_work+0x204/0x4e0
Jul 13 00:36:56 kria kernel:  worker_thread+0x138/0x490
Jul 13 00:36:56 kria kernel:  kthread+0x174/0x190
Jul 13 00:36:56 kria kernel:  ret_from_fork+0x10/0x20
Jul 13 00:36:56 kria kernel: Segment Routing with IPv6
Jul 13 00:36:56 kria kernel: In-situ OAM (IOAM) with IPv6
Jul 13 00:36:56 kria kernel: NET: Registered PF_PACKET protocol family
Jul 13 00:36:56 kria kernel: 8021q: 802.1Q VLAN Support v1.8
Jul 13 00:36:56 kria kernel: Key type dns_resolver registered
Jul 13 00:36:56 kria kernel: printk: console [tty1]: printing thread started
Jul 13 00:36:56 kria kernel: fbcon: Taking over console
Jul 13 00:36:56 kria kernel: registered taskstats version 1
Jul 13 00:36:56 kria kernel: Loading compiled-in X.509 certificates
Jul 13 00:36:56 kria kernel: Loaded X.509 cert 'Build time autogenerated kernel key: 6b949a93a46badd898ad21e52ad4bb233d33317c'
Jul 13 00:36:56 kria kernel: zswap: loaded using pool lzo/zbud
Jul 13 00:36:56 kria kernel: Key type .fscrypt registered
Jul 13 00:36:56 kria kernel: Key type fscrypt-provisioning registered
Jul 13 00:36:56 kria kernel: Btrfs loaded, crc32c=crc32c-generic, zoned=yes, fsverity=yes
Jul 13 00:36:56 kria kernel: cryptd: max_cpu_qlen set to 1000
Jul 13 00:36:56 kria kernel: Key type encrypted registered
Jul 13 00:36:56 kria kernel: AppArmor: AppArmor sha1 policy hashing enabled
Jul 13 00:36:56 kria kernel: ima: No TPM chip found, activating TPM-bypass!
Jul 13 00:36:56 kria kernel: Loading compiled-in module X.509 certificates
Jul 13 00:36:56 kria kernel: Loaded X.509 cert 'Build time autogenerated kernel key: 6b949a93a46badd898ad21e52ad4bb233d33317c'
Jul 13 00:36:56 kria kernel: ima: Allocated hash algorithm: sha1
Jul 13 00:36:56 kria kernel: ima: No architecture policies found
Jul 13 00:36:56 kria kernel: evm: Initialising EVM extended attributes:
Jul 13 00:36:56 kria kernel: evm: security.selinux
Jul 13 00:36:56 kria kernel: evm: security.SMACK64
Jul 13 00:36:56 kria kernel: evm: security.SMACK64EXEC
Jul 13 00:36:56 kria kernel: evm: security.SMACK64TRANSMUTE
Jul 13 00:36:56 kria kernel: evm: security.SMACK64MMAP
Jul 13 00:36:56 kria kernel: evm: security.apparmor
Jul 13 00:36:56 kria kernel: evm: security.ima
Jul 13 00:36:56 kria kernel: evm: security.capability
Jul 13 00:36:56 kria kernel: evm: HMAC attrs: 0x1
Jul 13 00:36:56 kria kernel: ff010000.serial: ttyPS1 at MMIO 0xff010000 (irq = 51, base_baud = 6249999) is a xuartps
Jul 13 00:36:56 kria kernel: printk: console [ttyPS1]: printing thread started
Jul 13 00:36:56 kria kernel: printk: console [ttyPS1] enabled
Jul 13 00:36:56 kria kernel: of-fpga-region fpga-full: FPGA Region probed
Jul 13 00:36:56 kria kernel: xilinx-zynqmp-dma fd500000.dma-controller: ZynqMP DMA driver Probe success
Jul 13 00:36:56 kria kernel: xilinx-zynqmp-dma fd510000.dma-controller: ZynqMP DMA driver Probe success
Jul 13 00:36:56 kria kernel: xilinx-zynqmp-dma fd520000.dma-controller: ZynqMP DMA driver Probe success
Jul 13 00:36:56 kria kernel: xilinx-zynqmp-dma fd530000.dma-controller: ZynqMP DMA driver Probe success
Jul 13 00:36:56 kria kernel: xilinx-zynqmp-dma fd540000.dma-controller: ZynqMP DMA driver Probe success
Jul 13 00:36:56 kria kernel: xilinx-zynqmp-dma fd550000.dma-controller: ZynqMP DMA driver Probe success
Jul 13 00:36:56 kria kernel: xilinx-zynqmp-dma fd560000.dma-controller: ZynqMP DMA driver Probe success
Jul 13 00:36:56 kria kernel: xilinx-zynqmp-dma fd570000.dma-controller: ZynqMP DMA driver Probe success
Jul 13 00:36:56 kria kernel: xilinx-zynqmp-dma ffa80000.dma-controller: ZynqMP DMA driver Probe success
Jul 13 00:36:56 kria kernel: xilinx-zynqmp-dma ffa90000.dma-controller: ZynqMP DMA driver Probe success
Jul 13 00:36:56 kria kernel: xilinx-zynqmp-dma ffaa0000.dma-controller: ZynqMP DMA driver Probe success
Jul 13 00:36:56 kria kernel: xilinx-zynqmp-dma ffab0000.dma-controller: ZynqMP DMA driver Probe success
Jul 13 00:36:56 kria kernel: xilinx-zynqmp-dma ffac0000.dma-controller: ZynqMP DMA driver Probe success
Jul 13 00:36:56 kria kernel: xilinx-zynqmp-dma ffad0000.dma-controller: ZynqMP DMA driver Probe success
Jul 13 00:36:56 kria kernel: xilinx-zynqmp-dma ffae0000.dma-controller: ZynqMP DMA driver Probe success
Jul 13 00:36:56 kria kernel: xilinx-zynqmp-dma ffaf0000.dma-controller: ZynqMP DMA driver Probe success
Jul 13 00:36:56 kria kernel: xilinx-zynqmp-dpdma fd4c0000.dma-controller: Xilinx DPDMA engine is probed
Jul 13 00:36:56 kria kernel: macb ff0e0000.ethernet: Not enabling partial store and forward
Jul 13 00:36:56 kria kernel: macb ff0e0000.ethernet eth0: Cadence GEM rev 0x50070106 at 0xff0e0000 irq 37 (00:0a:35:0c:ff:64)
Jul 13 00:36:56 kria kernel: xilinx-axipmon ffa00000.perf-monitor: Probed Xilinx APM
Jul 13 00:36:56 kria kernel: xilinx-axipmon fd0b0000.perf-monitor: Probed Xilinx APM
Jul 13 00:36:56 kria kernel: xilinx-axipmon fd490000.perf-monitor: Probed Xilinx APM
Jul 13 00:36:56 kria kernel: xilinx-axipmon ffa10000.perf-monitor: Probed Xilinx APM
Jul 13 00:36:56 kria kernel: xhci-hcd xhci-hcd.0.auto: xHCI Host Controller
Jul 13 00:36:56 kria kernel: xhci-hcd xhci-hcd.0.auto: new USB bus registered, assigned bus number 1
Jul 13 00:36:56 kria kernel: xhci-hcd xhci-hcd.0.auto: hcc params 0x0238f625 hci version 0x100 quirks 0x0000008002010890
Jul 13 00:36:56 kria kernel: xhci-hcd xhci-hcd.0.auto: irq 57, io mem 0xfe200000
Jul 13 00:36:56 kria kernel: xhci-hcd xhci-hcd.0.auto: xHCI Host Controller
Jul 13 00:36:56 kria kernel: xhci-hcd xhci-hcd.0.auto: new USB bus registered, assigned bus number 2
Jul 13 00:36:56 kria kernel: xhci-hcd xhci-hcd.0.auto: Host supports USB 3.0 SuperSpeed
Jul 13 00:36:56 kria kernel: usb usb1: New USB device found, idVendor=1d6b, idProduct=0002, bcdDevice= 5.15
Jul 13 00:36:56 kria kernel: usb usb1: New USB device strings: Mfr=3, Product=2, SerialNumber=1
Jul 13 00:36:56 kria kernel: usb usb1: Product: xHCI Host Controller
Jul 13 00:36:56 kria kernel: usb usb1: Manufacturer: Linux 5.15.199-rt91-rt-kv260 xhci-hcd
Jul 13 00:36:56 kria kernel: usb usb1: SerialNumber: xhci-hcd.0.auto
Jul 13 00:36:56 kria kernel: hub 1-0:1.0: USB hub found
Jul 13 00:36:56 kria kernel: hub 1-0:1.0: 1 port detected
Jul 13 00:36:56 kria kernel: usb usb2: New USB device found, idVendor=1d6b, idProduct=0003, bcdDevice= 5.15
Jul 13 00:36:56 kria kernel: usb usb2: New USB device strings: Mfr=3, Product=2, SerialNumber=1
Jul 13 00:36:56 kria kernel: usb usb2: Product: xHCI Host Controller
Jul 13 00:36:56 kria kernel: usb usb2: Manufacturer: Linux 5.15.199-rt91-rt-kv260 xhci-hcd
Jul 13 00:36:56 kria kernel: usb usb2: SerialNumber: xhci-hcd.0.auto
Jul 13 00:36:56 kria kernel: hub 2-0:1.0: USB hub found
Jul 13 00:36:56 kria kernel: hub 2-0:1.0: 1 port detected
Jul 13 00:36:56 kria kernel: cdns-wdt fd4d0000.watchdog: Xilinx Watchdog Timer with timeout 60s
Jul 13 00:36:56 kria kernel: cdns-wdt ff150000.watchdog: Xilinx Watchdog Timer with timeout 10s
Jul 13 00:36:56 kria kernel: clk: couldn't set sdio1_ref clk rate to 187498123 (-16), current rate: 187499999
Jul 13 00:36:56 kria kernel: clk: couldn't set sdio1_ref clk rate to 187498123 (-16), current rate: 187499999
Jul 13 00:36:56 kria kernel: input: gpio-keys as /devices/platform/gpio-keys/input/input0
Jul 13 00:36:56 kria kernel: of_cfs_init
Jul 13 00:36:56 kria kernel: of_cfs_init: OK
Jul 13 00:36:56 kria kernel: clk: Not disabling unused clocks
Jul 13 00:36:56 kria kernel: ALSA device list:
Jul 13 00:36:56 kria kernel:   No soundcards found.
Jul 13 00:36:56 kria kernel: mmc1: SDHCI controller on ff170000.mmc [ff170000.mmc] using ADMA 64-bit
Jul 13 00:36:56 kria kernel: zynqmp_pll_disable() clock disable failed for dpll_int, ret = -13
Jul 13 00:36:56 kria kernel: Freeing unused kernel memory: 6528K
Jul 13 00:36:56 kria kernel: Checked W+X mappings: passed, no W+X pages found
Jul 13 00:36:56 kria kernel: Run /init as init process
Jul 13 00:36:56 kria kernel:   with arguments:
Jul 13 00:36:56 kria kernel:     /init
Jul 13 00:36:56 kria kernel:   with environment:
Jul 13 00:36:56 kria kernel:     HOME=/
Jul 13 00:36:56 kria kernel:     TERM=linux
Jul 13 00:36:56 kria kernel: usb 1-1: new high-speed USB device number 2 using xhci-hcd
Jul 13 00:36:56 kria kernel: usb 1-1: New USB device found, idVendor=0424, idProduct=2744, bcdDevice= 1.21
Jul 13 00:36:56 kria kernel: usb 1-1: New USB device strings: Mfr=1, Product=2, SerialNumber=0
Jul 13 00:36:56 kria kernel: usb 1-1: Product: USB2734
Jul 13 00:36:56 kria kernel: usb 1-1: Manufacturer: Microchip Tech
Jul 13 00:36:56 kria kernel: hub 1-1:1.0: USB hub found
Jul 13 00:36:56 kria kernel: hub 1-1:1.0: 4 ports detected
Jul 13 00:36:56 kria kernel: BUG: sleeping function called from invalid context at kernel/locking/spinlock_rt.c:46
Jul 13 00:36:56 kria kernel: in_atomic(): 1, irqs_disabled(): 0, non_block: 0, pid: 2, name: kthreadd
Jul 13 00:36:56 kria kernel: preempt_count: 1, expected: 0
Jul 13 00:36:56 kria kernel: RCU nest depth: 0, expected: 0
Jul 13 00:36:56 kria kernel: Preemption disabled at:
Jul 13 00:36:56 kria kernel: [<ffffbb5f3febd338>] __radix_tree_preload+0x28/0x110
Jul 13 00:36:56 kria kernel: CPU: 1 PID: 2 Comm: kthreadd Tainted: G        W         5.15.199-rt91-rt-kv260 #4
Jul 13 00:36:56 kria kernel: Hardware name: ZynqMP KV260 revB (DT)
Jul 13 00:36:56 kria kernel: Call trace:
Jul 13 00:36:56 kria kernel:  dump_backtrace+0x0/0x1f0
Jul 13 00:36:56 kria kernel:  show_stack+0x20/0x2c
Jul 13 00:36:56 kria kernel:  dump_stack_lvl+0x68/0x84
Jul 13 00:36:56 kria kernel:  dump_stack+0x18/0x34
Jul 13 00:36:56 kria kernel:  __might_resched+0x15c/0x1c0
Jul 13 00:36:56 kria kernel:  rt_spin_lock+0x38/0xd0
Jul 13 00:36:56 kria kernel:  alloc_pid+0x280/0x3d0
Jul 13 00:36:56 kria kernel:  copy_process+0x9fc/0x1da4
Jul 13 00:36:56 kria kernel:  kernel_clone+0x98/0x570
Jul 13 00:36:56 kria kernel:  kernel_thread+0x78/0xb0
Jul 13 00:36:56 kria kernel:  kthreadd+0x16c/0x2b0
Jul 13 00:36:56 kria kernel:  ret_from_fork+0x10/0x20
Jul 13 00:36:56 kria kernel: mmc1: new high speed SDXC card at address aaaa
Jul 13 00:36:56 kria kernel: mmcblk1: mmc1:aaaa SD256 238 GiB 
Jul 13 00:36:56 kria kernel:  mmcblk1: p1 p2
Jul 13 00:36:56 kria kernel: usb 2-1: new SuperSpeed USB device number 2 using xhci-hcd
Jul 13 00:36:56 kria kernel: usb 2-1: New USB device found, idVendor=0424, idProduct=5744, bcdDevice= 1.21
Jul 13 00:36:56 kria kernel: usb 2-1: New USB device strings: Mfr=2, Product=3, SerialNumber=0
Jul 13 00:36:56 kria kernel: usb 2-1: Product: USB5734
Jul 13 00:36:56 kria kernel: usb 2-1: Manufacturer: Microchip Tech
Jul 13 00:36:56 kria kernel: hub 2-1:1.0: USB hub found
Jul 13 00:36:56 kria kernel: hub 2-1:1.0: 4 ports detected
Jul 13 00:36:56 kria kernel: BUG: sleeping function called from invalid context at kernel/locking/spinlock_rt.c:46
Jul 13 00:36:56 kria kernel: in_atomic(): 1, irqs_disabled(): 0, non_block: 0, pid: 274, name: systemd-udevd
Jul 13 00:36:56 kria kernel: preempt_count: 1, expected: 0
Jul 13 00:36:56 kria kernel: RCU nest depth: 0, expected: 0
Jul 13 00:36:56 kria kernel: Preemption disabled at:
Jul 13 00:36:56 kria kernel: [<ffffbb5f3febd338>] __radix_tree_preload+0x28/0x110
Jul 13 00:36:56 kria kernel: CPU: 3 PID: 274 Comm: systemd-udevd Tainted: G        W         5.15.199-rt91-rt-kv260 #4
Jul 13 00:36:56 kria kernel: Hardware name: ZynqMP KV260 revB (DT)
Jul 13 00:36:56 kria kernel: Call trace:
Jul 13 00:36:56 kria kernel:  dump_backtrace+0x0/0x1f0
Jul 13 00:36:56 kria kernel:  show_stack+0x20/0x2c
Jul 13 00:36:56 kria kernel:  dump_stack_lvl+0x68/0x84
Jul 13 00:36:56 kria kernel:  dump_stack+0x18/0x34
Jul 13 00:36:56 kria kernel:  __might_resched+0x15c/0x1c0
Jul 13 00:36:56 kria kernel:  rt_spin_lock+0x38/0xd0
Jul 13 00:36:56 kria kernel:  btf_alloc_id+0x48/0xf0
Jul 13 00:36:56 kria kernel:  btf_module_notify+0x240/0x510
Jul 13 00:36:56 kria kernel:  blocking_notifier_call_chain_robust+0x80/0xec
Jul 13 00:36:56 kria kernel:  load_module+0x1cd4/0x2630
Jul 13 00:36:56 kria kernel:  __do_sys_finit_module+0xac/0x11c
Jul 13 00:36:56 kria kernel:  __arm64_sys_finit_module+0x28/0x34
Jul 13 00:36:56 kria kernel:  invoke_syscall+0x78/0x100
Jul 13 00:36:56 kria kernel:  el0_svc_common.constprop.0+0x54/0x184
Jul 13 00:36:56 kria kernel:  do_el0_svc+0x30/0xac
Jul 13 00:36:56 kria kernel:  el0_svc+0x28/0xb0
Jul 13 00:36:56 kria kernel:  el0t_64_sync_handler+0xa4/0x12c
Jul 13 00:36:56 kria kernel:  el0t_64_sync+0x1a4/0x1a8
Jul 13 00:36:56 kria kernel: spi-nor spi0.0: mt25qu512a (65536 Kbytes)
Jul 13 00:36:56 kria kernel: 17 fixed-partitions partitions found on MTD device spi0.0
Jul 13 00:36:56 kria kernel: Creating 17 MTD partitions on "spi0.0":
Jul 13 00:36:56 kria kernel: 0x000000000000-0x000000080000 : "Image Selector"
Jul 13 00:36:56 kria kernel: at24 1-0050: supply vcc not found, using dummy regulator
Jul 13 00:36:56 kria kernel: 0x000000080000-0x000000100000 : "Image Selector Golden"
Jul 13 00:36:56 kria kernel: at24 1-0050: 8192 byte 24c64 EEPROM, writable, 1 bytes/write
Jul 13 00:36:56 kria kernel: at24 1-0051: supply vcc not found, using dummy regulator
Jul 13 00:36:56 kria kernel: at24 1-0051: 8192 byte 24c64 EEPROM, writable, 1 bytes/write
Jul 13 00:36:56 kria kernel: cdns-i2c ff030000.i2c: 400 kHz mmio ff030000 irq 39
Jul 13 00:36:56 kria kernel: 0x000000100000-0x000000120000 : "Persistent Register"
Jul 13 00:36:56 kria kernel: 0x000000120000-0x000000140000 : "Persistent Register Backup"
Jul 13 00:36:56 kria kernel: 0x000000140000-0x000000200000 : "Open_1"
Jul 13 00:36:56 kria kernel: 0x000000200000-0x000000f00000 : "Image A (FSBL, PMU, ATF, U-Boot)"
Jul 13 00:36:56 kria kernel: 0x000000f00000-0x000000f80000 : "ImgSel Image A Catch"
Jul 13 00:36:56 kria kernel: 0x000000f80000-0x000001c80000 : "Image B (FSBL, PMU, ATF, U-Boot)"
Jul 13 00:36:56 kria kernel: 0x000001c80000-0x000001d00000 : "ImgSel Image B Catch"
Jul 13 00:36:56 kria kernel: 0x000001d00000-0x000001e00000 : "Open_2"
Jul 13 00:36:56 kria kernel: 0x000001e00000-0x000002000000 : "Recovery Image"
Jul 13 00:36:56 kria kernel: 0x000002000000-0x000002200000 : "Recovery Image Backup"
Jul 13 00:36:56 kria kernel: 0x000002200000-0x000002220000 : "U-Boot storage variables"
Jul 13 00:36:56 kria kernel: rtc_zynqmp ffa60000.rtc: registered as rtc0
Jul 13 00:36:56 kria kernel: rtc_zynqmp ffa60000.rtc: setting system clock to 2026-07-12T15:36:45 UTC (1783870605)
Jul 13 00:36:56 kria kernel: 0x000002220000-0x000002240000 : "U-Boot storage variables backup"
Jul 13 00:36:56 kria kernel: 0x000002240000-0x000002280000 : "SHA256"
Jul 13 00:36:56 kria kernel: 0x000002280000-0x0000022a0000 : "Secure OS Storage"
Jul 13 00:36:56 kria kernel: 0x0000022a0000-0x000004000000 : "User"
Jul 13 00:36:56 kria kernel: BUG: sleeping function called from invalid context at kernel/locking/spinlock_rt.c:46
Jul 13 00:36:56 kria kernel: in_atomic(): 1, irqs_disabled(): 0, non_block: 0, pid: 269, name: systemd-udevd
Jul 13 00:36:56 kria kernel: preempt_count: 1, expected: 0
Jul 13 00:36:56 kria kernel: RCU nest depth: 0, expected: 0
Jul 13 00:36:56 kria kernel: Preemption disabled at:
Jul 13 00:36:56 kria kernel: [<ffffbb5f3febd338>] __radix_tree_preload+0x28/0x110
Jul 13 00:36:56 kria kernel: CPU: 1 PID: 269 Comm: systemd-udevd Tainted: G        W         5.15.199-rt91-rt-kv260 #4
Jul 13 00:36:56 kria kernel: Hardware name: ZynqMP KV260 revB (DT)
Jul 13 00:36:56 kria kernel: Call trace:
Jul 13 00:36:56 kria kernel:  dump_backtrace+0x0/0x1f0
Jul 13 00:36:56 kria kernel:  show_stack+0x20/0x2c
Jul 13 00:36:56 kria kernel:  dump_stack_lvl+0x68/0x84
Jul 13 00:36:56 kria kernel:  dump_stack+0x18/0x34
Jul 13 00:36:56 kria kernel:  __might_resched+0x15c/0x1c0
Jul 13 00:36:56 kria kernel:  rt_spin_lock+0x38/0xd0
Jul 13 00:36:56 kria kernel:  alloc_pid+0x280/0x3d0
Jul 13 00:36:56 kria kernel:  copy_process+0x9fc/0x1da4
Jul 13 00:36:56 kria kernel:  kernel_clone+0x98/0x570
Jul 13 00:36:56 kria kernel:  __do_sys_clone+0x74/0xb0
Jul 13 00:36:56 kria kernel:  __arm64_sys_clone+0x28/0x34
Jul 13 00:36:56 kria kernel:  invoke_syscall+0x78/0x100
Jul 13 00:36:56 kria kernel:  el0_svc_common.constprop.0+0x54/0x184
Jul 13 00:36:56 kria kernel:  do_el0_svc+0x30/0xac
Jul 13 00:36:56 kria kernel:  el0_svc+0x28/0xb0
Jul 13 00:36:56 kria kernel:  el0t_64_sync_handler+0xa4/0x12c
Jul 13 00:36:56 kria kernel:  el0t_64_sync+0x1a4/0x1a8
Jul 13 00:36:56 kria kernel: da9121 1-0033: Device detected (device-ID: 0x05, var-ID: 0x21, DA9131)
Jul 13 00:36:56 kria kernel: da9121 1-0032: Device detected (device-ID: 0x05, var-ID: 0x20, DA9130)
Jul 13 00:36:56 kria kernel: BUG: sleeping function called from invalid context at kernel/locking/spinlock_rt.c:46
Jul 13 00:36:56 kria kernel: in_atomic(): 1, irqs_disabled(): 0, non_block: 0, pid: 281, name: systemd-udevd
Jul 13 00:36:56 kria kernel: preempt_count: 1, expected: 0
Jul 13 00:36:56 kria kernel: RCU nest depth: 0, expected: 0
Jul 13 00:36:56 kria kernel: Preemption disabled at:
Jul 13 00:36:56 kria kernel: [<ffffbb5f3febd338>] __radix_tree_preload+0x28/0x110
Jul 13 00:36:56 kria kernel: CPU: 1 PID: 281 Comm: systemd-udevd Tainted: G        W         5.15.199-rt91-rt-kv260 #4
Jul 13 00:36:56 kria kernel: Hardware name: ZynqMP KV260 revB (DT)
Jul 13 00:36:56 kria kernel: Call trace:
Jul 13 00:36:56 kria kernel:  dump_backtrace+0x0/0x1f0
Jul 13 00:36:56 kria kernel:  show_stack+0x20/0x2c
Jul 13 00:36:56 kria kernel:  dump_stack_lvl+0x68/0x84
Jul 13 00:36:56 kria kernel:  dump_stack+0x18/0x34
Jul 13 00:36:56 kria kernel:  __might_resched+0x15c/0x1c0
Jul 13 00:36:56 kria kernel:  rt_spin_lock+0x38/0xd0
Jul 13 00:36:56 kria kernel:  alloc_pid+0x280/0x3d0
Jul 13 00:36:56 kria kernel:  copy_process+0x9fc/0x1da4
Jul 13 00:36:56 kria kernel:  kernel_clone+0x98/0x570
Jul 13 00:36:56 kria kernel:  __do_sys_clone+0x74/0xb0
Jul 13 00:36:56 kria kernel:  __arm64_sys_clone+0x28/0x34
Jul 13 00:36:56 kria kernel:  invoke_syscall+0x78/0x100
Jul 13 00:36:56 kria kernel:  el0_svc_common.constprop.0+0x54/0x184
Jul 13 00:36:56 kria kernel:  do_el0_svc+0x30/0xac
Jul 13 00:36:56 kria kernel:  el0_svc+0x28/0xb0
Jul 13 00:36:56 kria kernel:  el0t_64_sync_handler+0xa4/0x12c
Jul 13 00:36:56 kria kernel:  el0t_64_sync+0x1a4/0x1a8
Jul 13 00:36:56 kria kernel: random: crng init done
Jul 13 00:36:56 kria kernel: BUG: sleeping function called from invalid context at kernel/locking/spinlock_rt.c:46
Jul 13 00:36:56 kria kernel: in_atomic(): 1, irqs_disabled(): 0, non_block: 0, pid: 1, name: sh
Jul 13 00:36:56 kria kernel: preempt_count: 1, expected: 0
Jul 13 00:36:56 kria kernel: RCU nest depth: 0, expected: 0
Jul 13 00:36:56 kria kernel: Preemption disabled at:
Jul 13 00:36:56 kria kernel: [<ffffbb5f3febd338>] __radix_tree_preload+0x28/0x110
Jul 13 00:36:56 kria kernel: CPU: 2 PID: 1 Comm: sh Tainted: G        W         5.15.199-rt91-rt-kv260 #4
Jul 13 00:36:56 kria kernel: Hardware name: ZynqMP KV260 revB (DT)
Jul 13 00:36:56 kria kernel: Call trace:
Jul 13 00:36:56 kria kernel:  dump_backtrace+0x0/0x1f0
Jul 13 00:36:56 kria kernel:  show_stack+0x20/0x2c
Jul 13 00:36:56 kria kernel:  dump_stack_lvl+0x68/0x84
Jul 13 00:36:56 kria kernel:  dump_stack+0x18/0x34
Jul 13 00:36:56 kria kernel:  __might_resched+0x15c/0x1c0
Jul 13 00:36:56 kria kernel:  rt_spin_lock+0x38/0xd0
Jul 13 00:36:56 kria kernel:  alloc_pid+0x280/0x3d0
Jul 13 00:36:56 kria kernel:  copy_process+0x9fc/0x1da4
Jul 13 00:36:56 kria kernel:  kernel_clone+0x98/0x570
Jul 13 00:36:56 kria kernel:  __do_sys_clone+0x74/0xb0
Jul 13 00:36:56 kria kernel:  __arm64_sys_clone+0x28/0x34
Jul 13 00:36:56 kria kernel:  invoke_syscall+0x78/0x100
Jul 13 00:36:56 kria kernel:  el0_svc_common.constprop.0+0x54/0x184
Jul 13 00:36:56 kria kernel:  do_el0_svc+0x30/0xac
Jul 13 00:36:56 kria kernel:  el0_svc+0x28/0xb0
Jul 13 00:36:56 kria kernel:  el0t_64_sync_handler+0xa4/0x12c
Jul 13 00:36:56 kria kernel:  el0t_64_sync+0x1a4/0x1a8
Jul 13 00:36:56 kria kernel: BUG: sleeping function called from invalid context at kernel/locking/spinlock_rt.c:46
Jul 13 00:36:56 kria kernel: in_atomic(): 1, irqs_disabled(): 0, non_block: 0, pid: 414, name: sh
Jul 13 00:36:56 kria kernel: preempt_count: 1, expected: 0
Jul 13 00:36:56 kria kernel: RCU nest depth: 0, expected: 0
Jul 13 00:36:56 kria kernel: Preemption disabled at:
Jul 13 00:36:56 kria kernel: [<ffffbb5f3febd338>] __radix_tree_preload+0x28/0x110
Jul 13 00:36:56 kria kernel: CPU: 2 PID: 414 Comm: sh Tainted: G        W         5.15.199-rt91-rt-kv260 #4
Jul 13 00:36:56 kria kernel: Hardware name: ZynqMP KV260 revB (DT)
Jul 13 00:36:56 kria kernel: Call trace:
Jul 13 00:36:56 kria kernel:  dump_backtrace+0x0/0x1f0
Jul 13 00:36:56 kria kernel:  show_stack+0x20/0x2c
Jul 13 00:36:56 kria kernel:  dump_stack_lvl+0x68/0x84
Jul 13 00:36:56 kria kernel:  dump_stack+0x18/0x34
Jul 13 00:36:56 kria kernel:  __might_resched+0x15c/0x1c0
Jul 13 00:36:56 kria kernel:  rt_spin_lock+0x38/0xd0
Jul 13 00:36:56 kria kernel:  alloc_pid+0x280/0x3d0
Jul 13 00:36:56 kria kernel:  copy_process+0x9fc/0x1da4
Jul 13 00:36:56 kria kernel:  kernel_clone+0x98/0x570
Jul 13 00:36:56 kria kernel:  __do_sys_clone+0x74/0xb0
Jul 13 00:36:56 kria kernel:  __arm64_sys_clone+0x28/0x34
Jul 13 00:36:56 kria kernel:  invoke_syscall+0x78/0x100
Jul 13 00:36:56 kria kernel:  el0_svc_common.constprop.0+0x54/0x184
Jul 13 00:36:56 kria kernel:  do_el0_svc+0x30/0xac
Jul 13 00:36:56 kria kernel:  el0_svc+0x28/0xb0
Jul 13 00:36:56 kria kernel:  el0t_64_sync_handler+0xa4/0x12c
Jul 13 00:36:56 kria kernel:  el0t_64_sync+0x1a4/0x1a8
Jul 13 00:36:56 kria kernel: async_tx: api initialized (async)
Jul 13 00:36:56 kria kernel: BUG: sleeping function called from invalid context at kernel/locking/spinlock_rt.c:46
Jul 13 00:36:56 kria kernel: in_atomic(): 1, irqs_disabled(): 0, non_block: 0, pid: 1, name: sh
Jul 13 00:36:56 kria kernel: preempt_count: 1, expected: 0
Jul 13 00:36:56 kria kernel: RCU nest depth: 0, expected: 0
Jul 13 00:36:56 kria kernel: Preemption disabled at:
Jul 13 00:36:56 kria kernel: [<ffffbb5f3febd338>] __radix_tree_preload+0x28/0x110
Jul 13 00:36:56 kria kernel: CPU: 2 PID: 1 Comm: sh Tainted: G        W         5.15.199-rt91-rt-kv260 #4
Jul 13 00:36:56 kria kernel: Hardware name: ZynqMP KV260 revB (DT)
Jul 13 00:36:56 kria kernel: Call trace:
Jul 13 00:36:56 kria kernel:  dump_backtrace+0x0/0x1f0
Jul 13 00:36:56 kria kernel:  show_stack+0x20/0x2c
Jul 13 00:36:56 kria kernel:  dump_stack_lvl+0x68/0x84
Jul 13 00:36:56 kria kernel:  dump_stack+0x18/0x34
Jul 13 00:36:56 kria kernel:  __might_resched+0x15c/0x1c0
Jul 13 00:36:56 kria kernel:  rt_spin_lock+0x38/0xd0
Jul 13 00:36:56 kria kernel:  alloc_pid+0x280/0x3d0
Jul 13 00:36:56 kria kernel:  copy_process+0x9fc/0x1da4
Jul 13 00:36:56 kria kernel:  kernel_clone+0x98/0x570
Jul 13 00:36:56 kria kernel:  __do_sys_clone+0x74/0xb0
Jul 13 00:36:56 kria kernel:  __arm64_sys_clone+0x28/0x34
Jul 13 00:36:56 kria kernel:  invoke_syscall+0x78/0x100
Jul 13 00:36:56 kria kernel:  el0_svc_common.constprop.0+0x54/0x184
Jul 13 00:36:56 kria kernel:  do_el0_svc+0x30/0xac
Jul 13 00:36:56 kria kernel:  el0_svc+0x28/0xb0
Jul 13 00:36:56 kria kernel:  el0t_64_sync_handler+0xa4/0x12c
Jul 13 00:36:56 kria kernel:  el0t_64_sync+0x1a4/0x1a8
Jul 13 00:36:56 kria kernel: EXT4-fs (mmcblk1p2): mounted filesystem with ordered data mode. Opts: (null). Quota mode: none.
Jul 13 00:36:56 kria kernel: BUG: sleeping function called from invalid context at kernel/locking/spinlock_rt.c:46
Jul 13 00:36:56 kria kernel: in_atomic(): 1, irqs_disabled(): 0, non_block: 0, pid: 1, name: systemd
Jul 13 00:36:56 kria kernel: preempt_count: 1, expected: 0
Jul 13 00:36:56 kria kernel: RCU nest depth: 0, expected: 0
Jul 13 00:36:56 kria kernel: Preemption disabled at:
Jul 13 00:36:56 kria kernel: [<ffffbb5f3febd338>] __radix_tree_preload+0x28/0x110
Jul 13 00:36:56 kria kernel: CPU: 1 PID: 1 Comm: systemd Tainted: G        W         5.15.199-rt91-rt-kv260 #4
Jul 13 00:36:56 kria kernel: Hardware name: ZynqMP KV260 revB (DT)
Jul 13 00:36:56 kria kernel: Call trace:
Jul 13 00:36:56 kria kernel:  dump_backtrace+0x0/0x1f0
Jul 13 00:36:56 kria kernel:  show_stack+0x20/0x2c
Jul 13 00:36:56 kria kernel:  dump_stack_lvl+0x68/0x84
Jul 13 00:36:56 kria kernel:  dump_stack+0x18/0x34
Jul 13 00:36:56 kria kernel:  __might_resched+0x15c/0x1c0
Jul 13 00:36:56 kria kernel:  rt_spin_lock+0x38/0xd0
Jul 13 00:36:56 kria kernel:  btf_alloc_id+0x48/0xf0
Jul 13 00:36:56 kria kernel:  btf_module_notify+0x240/0x510
Jul 13 00:36:56 kria kernel:  blocking_notifier_call_chain_robust+0x80/0xec
Jul 13 00:36:56 kria kernel:  load_module+0x1cd4/0x2630
Jul 13 00:36:56 kria kernel:  __do_sys_finit_module+0xac/0x11c
Jul 13 00:36:56 kria kernel:  __arm64_sys_finit_module+0x28/0x34
Jul 13 00:36:56 kria kernel:  invoke_syscall+0x78/0x100
Jul 13 00:36:56 kria kernel:  el0_svc_common.constprop.0+0x54/0x184
Jul 13 00:36:56 kria kernel:  do_el0_svc+0x30/0xac
Jul 13 00:36:56 kria kernel:  el0_svc+0x28/0xb0
Jul 13 00:36:56 kria kernel:  el0t_64_sync_handler+0xa4/0x12c
Jul 13 00:36:56 kria kernel:  el0t_64_sync+0x1a4/0x1a8
Jul 13 00:36:56 kria systemd[1]: Inserted module 'autofs4'
Jul 13 00:36:56 kria systemd[1]: systemd 249.11-0ubuntu3.21 running in system mode (+PAM +AUDIT +SELINUX +APPARMOR +IMA +SMACK +SECCOMP +GCRYPT +GNUTLS +OPENSSL +ACL +BLKID +CURL +ELFUTILS +FIDO2 +IDN2 -IDN +IPTC +KMOD +LIBCRYPTSETUP +LIBFDISK +PCRE2 -PWQUALITY -P11KIT -QRENCODE +BZIP2 +LZ4 +XZ +ZLIB +ZSTD -XKBCOMMON +UTMP +SYSVINIT default-hierarchy=unified)
Jul 13 00:36:56 kria systemd[1]: Detected architecture arm64.
Jul 13 00:36:56 kria systemd[1]: Hostname set to <kria>.
Jul 13 00:36:56 kria kernel: BUG: sleeping function called from invalid context at kernel/locking/spinlock_rt.c:46
Jul 13 00:36:56 kria kernel: in_atomic(): 1, irqs_disabled(): 0, non_block: 0, pid: 542, name: ds-identify
Jul 13 00:36:56 kria kernel: preempt_count: 1, expected: 0
Jul 13 00:36:56 kria kernel: RCU nest depth: 0, expected: 0
Jul 13 00:36:56 kria kernel: Preemption disabled at:
Jul 13 00:36:56 kria kernel: [<ffffbb5f3febd338>] __radix_tree_preload+0x28/0x110
Jul 13 00:36:56 kria kernel: CPU: 0 PID: 542 Comm: ds-identify Tainted: G        W         5.15.199-rt91-rt-kv260 #4
Jul 13 00:36:56 kria kernel: Hardware name: ZynqMP KV260 revB (DT)
Jul 13 00:36:56 kria kernel: Call trace:
Jul 13 00:36:56 kria kernel:  dump_backtrace+0x0/0x1f0
Jul 13 00:36:56 kria kernel:  show_stack+0x20/0x2c
Jul 13 00:36:56 kria kernel:  dump_stack_lvl+0x68/0x84
Jul 13 00:36:56 kria kernel:  dump_stack+0x18/0x34
Jul 13 00:36:56 kria kernel:  __might_resched+0x15c/0x1c0
Jul 13 00:36:56 kria kernel:  rt_spin_lock+0x38/0xd0
Jul 13 00:36:56 kria kernel:  alloc_pid+0x280/0x3d0
Jul 13 00:36:56 kria kernel:  copy_process+0x9fc/0x1da4
Jul 13 00:36:56 kria kernel:  kernel_clone+0x98/0x570
Jul 13 00:36:56 kria kernel:  __do_sys_clone+0x74/0xb0
Jul 13 00:36:56 kria kernel:  __arm64_sys_clone+0x28/0x34
Jul 13 00:36:56 kria kernel:  invoke_syscall+0x78/0x100
Jul 13 00:36:56 kria kernel:  el0_svc_common.constprop.0+0x54/0x184
Jul 13 00:36:56 kria kernel:  do_el0_svc+0x30/0xac
Jul 13 00:36:56 kria kernel:  el0_svc+0x28/0xb0
Jul 13 00:36:56 kria kernel:  el0t_64_sync_handler+0xa4/0x12c
Jul 13 00:36:56 kria kernel:  el0t_64_sync+0x1a4/0x1a8
Jul 13 00:36:56 kria kernel: BUG: sleeping function called from invalid context at kernel/locking/spinlock_rt.c:46
Jul 13 00:36:56 kria kernel: in_atomic(): 1, irqs_disabled(): 0, non_block: 0, pid: 517, name: cloud-init-gene
Jul 13 00:36:56 kria kernel: preempt_count: 1, expected: 0
Jul 13 00:36:56 kria kernel: RCU nest depth: 0, expected: 0
Jul 13 00:36:56 kria kernel: Preemption disabled at:
Jul 13 00:36:56 kria kernel: [<ffffbb5f3febd338>] __radix_tree_preload+0x28/0x110
Jul 13 00:36:56 kria kernel: CPU: 0 PID: 517 Comm: cloud-init-gene Tainted: G        W         5.15.199-rt91-rt-kv260 #4
Jul 13 00:36:56 kria kernel: Hardware name: ZynqMP KV260 revB (DT)
Jul 13 00:36:56 kria kernel: Call trace:
Jul 13 00:36:56 kria kernel:  dump_backtrace+0x0/0x1f0
Jul 13 00:36:56 kria kernel:  show_stack+0x20/0x2c
Jul 13 00:36:56 kria kernel:  dump_stack_lvl+0x68/0x84
Jul 13 00:36:56 kria kernel:  dump_stack+0x18/0x34
Jul 13 00:36:56 kria kernel:  __might_resched+0x15c/0x1c0
Jul 13 00:36:56 kria kernel:  rt_spin_lock+0x38/0xd0
Jul 13 00:36:56 kria kernel:  alloc_pid+0x280/0x3d0
Jul 13 00:36:56 kria kernel:  copy_process+0x9fc/0x1da4
Jul 13 00:36:56 kria kernel:  kernel_clone+0x98/0x570
Jul 13 00:36:56 kria kernel:  __do_sys_clone+0x74/0xb0
Jul 13 00:36:56 kria kernel:  __arm64_sys_clone+0x28/0x34
Jul 13 00:36:56 kria kernel:  invoke_syscall+0x78/0x100
Jul 13 00:36:56 kria kernel:  el0_svc_common.constprop.0+0x54/0x184
Jul 13 00:36:56 kria kernel:  do_el0_svc+0x30/0xac
Jul 13 00:36:56 kria kernel:  el0_svc+0x28/0xb0
Jul 13 00:36:56 kria kernel:  el0t_64_sync_handler+0xa4/0x12c
Jul 13 00:36:56 kria kernel:  el0t_64_sync+0x1a4/0x1a8
Jul 13 00:36:56 kria systemd[1]: Configuration file /run/systemd/system/netplan-ovs-cleanup.service is marked world-inaccessible. This has no effect as configuration data is accessible via APIs without restrictions. Proceeding anyway.
Jul 13 00:36:56 kria systemd[1]: /lib/systemd/system/snapd.service:23: Unknown key name 'RestartMode' in section 'Service', ignoring.
Jul 13 00:36:56 kria systemd[1]: Queued start job for default target Multi-User System.
Jul 13 00:36:56 kria systemd[1]: Created slice Slice /system/modprobe.
Jul 13 00:36:56 kria systemd[1]: Created slice Slice /system/serial-getty.
Jul 13 00:36:56 kria systemd[1]: Created slice Slice /system/systemd-fsck.
Jul 13 00:36:56 kria systemd[1]: Created slice User and Session Slice.
Jul 13 00:36:56 kria systemd[1]: Started Dispatch Password Requests to Console Directory Watch.
Jul 13 00:36:56 kria systemd[1]: Started Forward Password Requests to Wall Directory Watch.
Jul 13 00:36:56 kria systemd[1]: Set up automount Arbitrary Executable File Formats File System Automount Point.
Jul 13 00:36:56 kria systemd[1]: Reached target Local Encrypted Volumes.
Jul 13 00:36:56 kria systemd[1]: Reached target Slice Units.
Jul 13 00:36:56 kria systemd[1]: Reached target Mounting snaps.
Jul 13 00:36:56 kria systemd[1]: Reached target Local Verity Protected Volumes.
Jul 13 00:36:56 kria systemd[1]: Listening on Device-mapper event daemon FIFOs.
Jul 13 00:36:56 kria systemd[1]: Listening on LVM2 poll daemon socket.
Jul 13 00:36:56 kria systemd[1]: Listening on multipathd control socket.
Jul 13 00:36:56 kria systemd[1]: Listening on RPCbind Server Activation Socket.
Jul 13 00:36:56 kria systemd[1]: Listening on Syslog Socket.
Jul 13 00:36:56 kria systemd[1]: Listening on fsck to fsckd communication Socket.
Jul 13 00:36:56 kria systemd[1]: Listening on initctl Compatibility Named Pipe.
Jul 13 00:36:56 kria systemd[1]: Listening on Journal Audit Socket.
Jul 13 00:36:56 kria systemd[1]: Listening on Journal Socket (/dev/log).
Jul 13 00:36:56 kria systemd[1]: Listening on Journal Socket.
Jul 13 00:36:56 kria systemd[1]: Listening on udev Control Socket.
Jul 13 00:36:56 kria systemd[1]: Listening on udev Kernel Socket.
Jul 13 00:36:56 kria kernel: BUG: sleeping function called from invalid context at kernel/locking/spinlock_rt.c:46
Jul 13 00:36:56 kria kernel: in_atomic(): 1, irqs_disabled(): 0, non_block: 0, pid: 1, name: systemd
Jul 13 00:36:56 kria kernel: preempt_count: 1, expected: 0
Jul 13 00:36:56 kria kernel: RCU nest depth: 0, expected: 0
Jul 13 00:36:56 kria kernel: Preemption disabled at:
Jul 13 00:36:56 kria kernel: [<ffffbb5f3febd338>] __radix_tree_preload+0x28/0x110
Jul 13 00:36:56 kria kernel: CPU: 1 PID: 1 Comm: systemd Tainted: G        W         5.15.199-rt91-rt-kv260 #4
Jul 13 00:36:56 kria kernel: Hardware name: ZynqMP KV260 revB (DT)
Jul 13 00:36:56 kria kernel: Call trace:
Jul 13 00:36:56 kria kernel:  dump_backtrace+0x0/0x1f0
Jul 13 00:36:56 kria kernel:  show_stack+0x20/0x2c
Jul 13 00:36:56 kria kernel:  dump_stack_lvl+0x68/0x84
Jul 13 00:36:56 kria kernel:  dump_stack+0x18/0x34
Jul 13 00:36:56 kria kernel:  __might_resched+0x15c/0x1c0
Jul 13 00:36:56 kria kernel:  rt_spin_lock+0x38/0xd0
Jul 13 00:36:56 kria kernel:  __kernfs_new_node+0x98/0x220
Jul 13 00:36:56 kria kernel:  kernfs_new_node+0x70/0x9c
Jul 13 00:36:56 kria kernel:  kernfs_create_dir_ns+0x3c/0xa0
Jul 13 00:36:56 kria kernel:  cgroup_mkdir+0x214/0x57c
Jul 13 00:36:56 kria kernel:  kernfs_iop_mkdir+0x68/0xa0
Jul 13 00:36:56 kria kernel:  vfs_mkdir+0xb8/0x170
Jul 13 00:36:56 kria kernel:  do_mkdirat+0x15c/0x17c
Jul 13 00:36:56 kria kernel:  __arm64_sys_mkdirat+0x58/0x84
Jul 13 00:36:56 kria kernel:  invoke_syscall+0x78/0x100
Jul 13 00:36:56 kria kernel:  el0_svc_common.constprop.0+0x54/0x184
Jul 13 00:36:56 kria kernel:  do_el0_svc+0x30/0xac
Jul 13 00:36:56 kria kernel:  el0_svc+0x28/0xb0
Jul 13 00:36:56 kria kernel:  el0t_64_sync_handler+0xa4/0x12c
Jul 13 00:36:56 kria kernel:  el0t_64_sync+0x1a4/0x1a8
Jul 13 00:36:56 kria systemd[1]: Mounting Huge Pages File System...
Jul 13 00:36:56 kria systemd[1]: Mounting POSIX Message Queue File System...
Jul 13 00:36:56 kria systemd[1]: Mounting Kernel Debug File System...
Jul 13 00:36:56 kria systemd[1]: Mounting Kernel Trace File System...
Jul 13 00:36:56 kria systemd[1]: Starting Journal Service...
Jul 13 00:36:56 kria systemd[1]: Condition check resulted in Kernel Module supporting RPCSEC_GSS being skipped.
Jul 13 00:36:56 kria systemd[1]: Starting Set the console keyboard layout...
Jul 13 00:36:56 kria systemd[1]: Starting Create List of Static Device Nodes...
Jul 13 00:36:56 kria systemd[1]: Starting Monitoring of LVM2 mirrors, snapshots etc. using dmeventd or progress polling...
Jul 13 00:36:56 kria systemd[1]: Condition check resulted in LXD - agent being skipped.
Jul 13 00:36:56 kria systemd[1]: Starting Load Kernel Module configfs...
Jul 13 00:36:56 kria systemd[1]: Starting Load Kernel Module drm...
Jul 13 00:36:56 kria systemd[1]: Starting Load Kernel Module efi_pstore...
Jul 13 00:36:56 kria systemd[1]: Starting Load Kernel Module fuse...
Jul 13 00:36:56 kria systemd[1]: Condition check resulted in File System Check on Root Device being skipped.
Jul 13 00:36:56 kria systemd[1]: Starting Load Kernel Modules...
Jul 13 00:36:56 kria systemd[1]: Starting Remount Root and Kernel File Systems...
Jul 13 00:36:56 kria systemd[1]: Starting Coldplug All udev Devices...
Jul 13 00:36:56 kria kernel: dmaproxy: module is from the staging directory, the quality is unknown, you have been warned.
Jul 13 00:36:56 kria systemd[1]: Mounted Huge Pages File System.
Jul 13 00:36:56 kria systemd[1]: Mounted POSIX Message Queue File System.
Jul 13 00:36:56 kria systemd[1]: Mounted Kernel Debug File System.
Jul 13 00:36:56 kria systemd[1]: Mounted Kernel Trace File System.
Jul 13 00:36:56 kria systemd[1]: Finished Create List of Static Device Nodes.
Jul 13 00:36:56 kria systemd[1]: modprobe@configfs.service: Deactivated successfully.
Jul 13 00:36:56 kria systemd[1]: Finished Load Kernel Module configfs.
Jul 13 00:36:56 kria kernel: EXT4-fs (mmcblk1p2): re-mounted. Opts: discard,errors=remount-ro. Quota mode: none.
Jul 13 00:36:56 kria systemd[1]: modprobe@drm.service: Deactivated successfully.
Jul 13 00:36:56 kria systemd[1]: Finished Load Kernel Module drm.
Jul 13 00:36:56 kria systemd[1]: modprobe@efi_pstore.service: Deactivated successfully.
Jul 13 00:36:56 kria systemd[1]: Finished Load Kernel Module efi_pstore.
Jul 13 00:36:56 kria systemd[1]: modprobe@fuse.service: Deactivated successfully.
Jul 13 00:36:56 kria systemd[1]: Finished Load Kernel Module fuse.
Jul 13 00:36:56 kria systemd[1]: Finished Monitoring of LVM2 mirrors, snapshots etc. using dmeventd or progress polling.
Jul 13 00:36:56 kria systemd[1]: Finished Load Kernel Modules.
Jul 13 00:36:56 kria systemd[1]: Finished Remount Root and Kernel File Systems.
Jul 13 00:36:56 kria systemd[1]: Activating swap /swapfile...
Jul 13 00:36:56 kria systemd[1]: Mounting FUSE Control File System...
Jul 13 00:36:56 kria systemd[1]: Mounting Kernel Configuration File System...
Jul 13 00:36:56 kria systemd[1]: Starting Device-Mapper Multipath Device Controller...
Jul 13 00:36:56 kria systemd[1]: Condition check resulted in Platform Persistent Storage Archival being skipped.
Jul 13 00:36:56 kria systemd[1]: Starting Load/Save Random Seed...
Jul 13 00:36:56 kria systemd[1]: Starting Apply Kernel Variables...
Jul 13 00:36:56 kria kernel: Adding 29360124k swap on /swapfile.  Priority:-2 extents:238 across:128270336k SSFS
Jul 13 00:36:56 kria kernel: alua: device handler registered
Jul 13 00:36:56 kria kernel: emc: device handler registered
Jul 13 00:36:56 kria systemd[1]: Starting Create System Users...
Jul 13 00:36:56 kria kernel: rdac: device handler registered
Jul 13 00:36:56 kria systemd[1]: Activated swap /swapfile.
Jul 13 00:36:56 kria systemd[1]: Started Journal Service.
Jul 13 00:36:58 kria kernel: BUG: sleeping function called from invalid context at kernel/locking/spinlock_rt.c:46
Jul 13 00:36:58 kria kernel: in_atomic(): 1, irqs_disabled(): 0, non_block: 0, pid: 596, name: multipathd
Jul 13 00:36:58 kria kernel: preempt_count: 1, expected: 0
Jul 13 00:36:58 kria kernel: RCU nest depth: 0, expected: 0
Jul 13 00:36:58 kria kernel: Preemption disabled at:
Jul 13 00:36:58 kria kernel: [<ffffbb5f3febd338>] __radix_tree_preload+0x28/0x110
Jul 13 00:36:58 kria kernel: CPU: 3 PID: 596 Comm: multipathd Tainted: G        WC        5.15.199-rt91-rt-kv260 #4
Jul 13 00:36:58 kria kernel: Hardware name: ZynqMP KV260 revB (DT)
Jul 13 00:36:58 kria kernel: Call trace:
Jul 13 00:36:58 kria kernel:  dump_backtrace+0x0/0x1f0
Jul 13 00:36:58 kria kernel:  show_stack+0x20/0x2c
Jul 13 00:36:58 kria kernel:  dump_stack_lvl+0x68/0x84
Jul 13 00:36:58 kria kernel:  dump_stack+0x18/0x34
Jul 13 00:36:58 kria kernel:  __might_resched+0x15c/0x1c0
Jul 13 00:36:58 kria kernel:  rt_spin_lock+0x38/0xd0
Jul 13 00:36:58 kria kernel:  alloc_pid+0x280/0x3d0
Jul 13 00:36:58 kria kernel:  copy_process+0x9fc/0x1da4
Jul 13 00:36:58 kria kernel:  kernel_clone+0x98/0x570
Jul 13 00:36:58 kria kernel:  __do_sys_clone+0x74/0xb0
Jul 13 00:36:58 kria kernel:  __arm64_sys_clone+0x28/0x34
Jul 13 00:36:58 kria kernel:  invoke_syscall+0x78/0x100
Jul 13 00:36:58 kria kernel:  el0_svc_common.constprop.0+0x54/0x184
Jul 13 00:36:58 kria kernel:  do_el0_svc+0x30/0xac
Jul 13 00:36:58 kria kernel:  el0_svc+0x28/0xb0
Jul 13 00:36:58 kria kernel:  el0t_64_sync_handler+0xa4/0x12c
Jul 13 00:36:58 kria kernel:  el0t_64_sync+0x1a4/0x1a8
Jul 13 00:36:58 kria kernel: loop0: detected capacity change from 0 to 8
Jul 13 00:36:58 kria kernel: loop1: detected capacity change from 0 to 121992
Jul 13 00:36:58 kria kernel: loop2: detected capacity change from 0 to 141680
Jul 13 00:36:58 kria kernel: loop3: detected capacity change from 0 to 122008
Jul 13 00:36:58 kria kernel: loop4: detected capacity change from 0 to 141232
Jul 13 00:36:58 kria kernel: loop5: detected capacity change from 0 to 126776
Jul 13 00:36:58 kria kernel: loop6: detected capacity change from 0 to 126688
Jul 13 00:36:58 kria kernel: loop7: detected capacity change from 0 to 491720
Jul 13 00:36:58 kria kernel: loop8: detected capacity change from 0 to 491856
Jul 13 00:36:58 kria kernel: loop9: detected capacity change from 0 to 684120
Jul 13 00:36:58 kria kernel: BUG: sleeping function called from invalid context at kernel/locking/spinlock_rt.c:46
Jul 13 00:36:58 kria kernel: in_atomic(): 1, irqs_disabled(): 0, non_block: 0, pid: 626, name: mount
Jul 13 00:36:58 kria kernel: preempt_count: 1, expected: 0
Jul 13 00:36:58 kria kernel: RCU nest depth: 1, expected: 1
Jul 13 00:36:58 kria kernel: Preemption disabled at:
Jul 13 00:36:58 kria kernel: [<ffffbb5f3febd338>] __radix_tree_preload+0x28/0x110
Jul 13 00:36:58 kria kernel: CPU: 0 PID: 626 Comm: mount Tainted: G        WC        5.15.199-rt91-rt-kv260 #4
Jul 13 00:36:58 kria kernel: Hardware name: ZynqMP KV260 revB (DT)
Jul 13 00:36:58 kria kernel: Call trace:
Jul 13 00:36:58 kria kernel:  dump_backtrace+0x0/0x1f0
Jul 13 00:36:58 kria kernel:  show_stack+0x20/0x2c
Jul 13 00:36:58 kria kernel:  dump_stack_lvl+0x68/0x84
Jul 13 00:36:58 kria kernel:  dump_stack+0x18/0x34
Jul 13 00:36:58 kria kernel:  __might_resched+0x15c/0x1c0
Jul 13 00:36:58 kria kernel:  rt_spin_lock+0x38/0xd0
Jul 13 00:36:58 kria kernel:  blkcg_init_queue+0x64/0x150
Jul 13 00:36:58 kria kernel:  blk_alloc_queue+0x1d0/0x270
Jul 13 00:36:58 kria kernel:  __blk_mq_alloc_disk+0x30/0xc0
Jul 13 00:36:58 kria kernel:  loop_add+0x160/0x2cc
Jul 13 00:36:58 kria kernel:  loop_control_ioctl+0x128/0x230
Jul 13 00:36:58 kria kernel:  __arm64_sys_ioctl+0xb0/0xf4
Jul 13 00:36:58 kria kernel:  invoke_syscall+0x78/0x100
Jul 13 00:36:58 kria kernel:  el0_svc_common.constprop.0+0x54/0x184
Jul 13 00:36:58 kria kernel:  do_el0_svc+0x30/0xac
Jul 13 00:36:58 kria kernel:  el0_svc+0x28/0xb0
Jul 13 00:36:58 kria kernel:  el0t_64_sync_handler+0xa4/0x12c
Jul 13 00:36:58 kria kernel:  el0t_64_sync+0x1a4/0x1a8
Jul 13 00:36:59 kria kernel: BUG: sleeping function called from invalid context at kernel/locking/spinlock_rt.c:46
Jul 13 00:36:59 kria kernel: in_atomic(): 1, irqs_disabled(): 0, non_block: 0, pid: 2, name: kthreadd
Jul 13 00:36:59 kria kernel: preempt_count: 1, expected: 0
Jul 13 00:36:59 kria kernel: RCU nest depth: 0, expected: 0
Jul 13 00:36:59 kria kernel: Preemption disabled at:
Jul 13 00:36:59 kria kernel: [<ffffbb5f3febd338>] __radix_tree_preload+0x28/0x110
Jul 13 00:36:59 kria kernel: CPU: 3 PID: 2 Comm: kthreadd Tainted: G        WC        5.15.199-rt91-rt-kv260 #4
Jul 13 00:36:59 kria kernel: Hardware name: ZynqMP KV260 revB (DT)
Jul 13 00:36:59 kria kernel: Call trace:
Jul 13 00:36:59 kria kernel:  dump_backtrace+0x0/0x1f0
Jul 13 00:36:59 kria kernel:  show_stack+0x20/0x2c
Jul 13 00:36:59 kria kernel:  dump_stack_lvl+0x68/0x84
Jul 13 00:36:59 kria kernel:  dump_stack+0x18/0x34
Jul 13 00:36:59 kria kernel:  __might_resched+0x15c/0x1c0
Jul 13 00:36:59 kria kernel:  rt_spin_lock+0x38/0xd0
Jul 13 00:36:59 kria kernel:  alloc_pid+0x280/0x3d0
Jul 13 00:36:59 kria kernel:  copy_process+0x9fc/0x1da4
Jul 13 00:36:59 kria kernel:  kernel_clone+0x98/0x570
Jul 13 00:36:59 kria kernel:  kernel_thread+0x78/0xb0
Jul 13 00:36:59 kria kernel:  kthreadd+0x16c/0x2b0
Jul 13 00:36:59 kria kernel:  ret_from_fork+0x10/0x20
Jul 13 00:37:00 kria kernel: tpm_tis_spi spi2.0: 2.0 TPM (device-id 0x1B, rev-id 22)
Jul 13 00:37:00 kria kernel: BUG: sleeping function called from invalid context at kernel/locking/spinlock_rt.c:46
Jul 13 00:37:00 kria kernel: in_atomic(): 1, irqs_disabled(): 0, non_block: 0, pid: 646, name: systemd-udevd
Jul 13 00:37:00 kria kernel: preempt_count: 1, expected: 0
Jul 13 00:37:00 kria kernel: RCU nest depth: 0, expected: 0
Jul 13 00:37:00 kria kernel: Preemption disabled at:
Jul 13 00:37:00 kria kernel: [<ffffbb5f3febd338>] __radix_tree_preload+0x28/0x110
Jul 13 00:37:00 kria kernel: CPU: 2 PID: 646 Comm: systemd-udevd Tainted: G        WC        5.15.199-rt91-rt-kv260 #4
Jul 13 00:37:00 kria kernel: Hardware name: ZynqMP KV260 revB (DT)
Jul 13 00:37:00 kria kernel: Call trace:
Jul 13 00:37:00 kria kernel:  dump_backtrace+0x0/0x1f0
Jul 13 00:37:00 kria kernel:  show_stack+0x20/0x2c
Jul 13 00:37:00 kria kernel:  dump_stack_lvl+0x68/0x84
Jul 13 00:37:00 kria kernel:  dump_stack+0x18/0x34
Jul 13 00:37:00 kria kernel:  __might_resched+0x15c/0x1c0
Jul 13 00:37:00 kria kernel:  rt_spin_lock+0x38/0xd0
Jul 13 00:37:00 kria kernel:  __arm64_sys_inotify_add_watch+0x340/0x450
Jul 13 00:37:00 kria kernel:  invoke_syscall+0x78/0x100
Jul 13 00:37:00 kria kernel:  el0_svc_common.constprop.0+0x180/0x184
Jul 13 00:37:00 kria kernel:  do_el0_svc+0x30/0xac
Jul 13 00:37:00 kria kernel:  el0_svc+0x28/0xb0
Jul 13 00:37:00 kria kernel:  el0t_64_sync_handler+0xa4/0x12c
Jul 13 00:37:00 kria kernel:  el0t_64_sync+0x1a4/0x1a8
Jul 13 00:37:01 kria kernel: BUG: sleeping function called from invalid context at kernel/locking/spinlock_rt.c:46
Jul 13 00:37:01 kria kernel: in_atomic(): 1, irqs_disabled(): 0, non_block: 0, pid: 648, name: systemd-udevd
Jul 13 00:37:01 kria kernel: preempt_count: 1, expected: 0
Jul 13 00:37:01 kria kernel: RCU nest depth: 0, expected: 0
Jul 13 00:37:01 kria kernel: Preemption disabled at:
Jul 13 00:37:01 kria kernel: [<ffffbb5f3febd338>] __radix_tree_preload+0x28/0x110
Jul 13 00:37:01 kria kernel: CPU: 2 PID: 648 Comm: systemd-udevd Tainted: G        WC        5.15.199-rt91-rt-kv260 #4
Jul 13 00:37:01 kria kernel: Hardware name: ZynqMP KV260 revB (DT)
Jul 13 00:37:01 kria kernel: Call trace:
Jul 13 00:37:01 kria kernel:  dump_backtrace+0x0/0x1f0
Jul 13 00:37:01 kria kernel:  show_stack+0x20/0x2c
Jul 13 00:37:01 kria kernel:  dump_stack_lvl+0x68/0x84
Jul 13 00:37:01 kria kernel:  dump_stack+0x18/0x34
Jul 13 00:37:01 kria kernel:  __might_resched+0x15c/0x1c0
Jul 13 00:37:01 kria kernel:  rt_spin_lock+0x38/0xd0
Jul 13 00:37:01 kria kernel:  alloc_pid+0x280/0x3d0
Jul 13 00:37:01 kria kernel:  copy_process+0x9fc/0x1da4
Jul 13 00:37:01 kria kernel:  kernel_clone+0x98/0x570
Jul 13 00:37:01 kria kernel:  __do_sys_clone+0x74/0xb0
Jul 13 00:37:01 kria kernel:  __arm64_sys_clone+0x28/0x34
Jul 13 00:37:01 kria kernel:  invoke_syscall+0x78/0x100
Jul 13 00:37:01 kria kernel:  el0_svc_common.constprop.0+0x180/0x184
Jul 13 00:37:01 kria kernel:  do_el0_svc+0x30/0xac
Jul 13 00:37:01 kria kernel:  el0_svc+0x28/0xb0
Jul 13 00:37:01 kria kernel:  el0t_64_sync_handler+0xa4/0x12c
Jul 13 00:37:01 kria kernel:  el0t_64_sync+0x1a4/0x1a8
Jul 13 00:37:02 kria kernel: BUG: sleeping function called from invalid context at kernel/locking/spinlock_rt.c:46
Jul 13 00:37:02 kria kernel: in_atomic(): 1, irqs_disabled(): 0, non_block: 0, pid: 646, name: systemd-udevd
Jul 13 00:37:02 kria kernel: preempt_count: 1, expected: 0
Jul 13 00:37:02 kria kernel: RCU nest depth: 0, expected: 0
Jul 13 00:37:02 kria kernel: Preemption disabled at:
Jul 13 00:37:02 kria kernel: [<ffffbb5f3febd338>] __radix_tree_preload+0x28/0x110
Jul 13 00:37:02 kria kernel: CPU: 0 PID: 646 Comm: systemd-udevd Tainted: G        WC        5.15.199-rt91-rt-kv260 #4
Jul 13 00:37:02 kria kernel: Hardware name: ZynqMP KV260 revB (DT)
Jul 13 00:37:02 kria kernel: Call trace:
Jul 13 00:37:02 kria kernel:  dump_backtrace+0x0/0x1f0
Jul 13 00:37:02 kria kernel:  show_stack+0x20/0x2c
Jul 13 00:37:02 kria kernel:  dump_stack_lvl+0x68/0x84
Jul 13 00:37:02 kria kernel:  dump_stack+0x18/0x34
Jul 13 00:37:02 kria kernel:  __might_resched+0x15c/0x1c0
Jul 13 00:37:02 kria kernel:  rt_spin_lock+0x38/0xd0
Jul 13 00:37:02 kria kernel:  alloc_pid+0x280/0x3d0
Jul 13 00:37:02 kria kernel:  copy_process+0x9fc/0x1da4
Jul 13 00:37:02 kria kernel:  kernel_clone+0x98/0x570
Jul 13 00:37:02 kria kernel:  __do_sys_clone+0x74/0xb0
Jul 13 00:37:02 kria kernel:  __arm64_sys_clone+0x28/0x34
Jul 13 00:37:02 kria kernel:  invoke_syscall+0x78/0x100
Jul 13 00:37:02 kria kernel:  el0_svc_common.constprop.0+0x180/0x184
Jul 13 00:37:02 kria kernel:  do_el0_svc+0x30/0xac
Jul 13 00:37:02 kria kernel:  el0_svc+0x28/0xb0
Jul 13 00:37:02 kria kernel:  el0t_64_sync_handler+0xa4/0x12c
Jul 13 00:37:02 kria kernel:  el0t_64_sync+0x1a4/0x1a8
Jul 13 00:37:03 kria kernel: audit: type=1400 audit(1783870623.336:2): apparmor="STATUS" operation="profile_load" profile="unconfined" name="lsb_release" pid=847 comm="apparmor_parser"
Jul 13 00:37:03 kria kernel: audit: type=1400 audit(1783870623.340:3): apparmor="STATUS" operation="profile_load" profile="unconfined" name="nvidia_modprobe" pid=848 comm="apparmor_parser"
Jul 13 00:37:03 kria kernel: audit: type=1400 audit(1783870623.340:4): apparmor="STATUS" operation="profile_load" profile="unconfined" name="nvidia_modprobe//kmod" pid=848 comm="apparmor_parser"
Jul 13 00:37:03 kria kernel: audit: type=1400 audit(1783870623.382:5): apparmor="STATUS" operation="profile_load" profile="unconfined" name="ubuntu_pro_apt_news" pid=850 comm="apparmor_parser"
Jul 13 00:37:03 kria kernel: audit: type=1400 audit(1783870623.408:6): apparmor="STATUS" operation="profile_load" profile="unconfined" name="/usr/lib/NetworkManager/nm-dhcp-client.action" pid=849 comm="apparmor_parser"
Jul 13 00:37:03 kria kernel: audit: type=1400 audit(1783870623.408:7): apparmor="STATUS" operation="profile_load" profile="unconfined" name="/usr/lib/NetworkManager/nm-dhcp-helper" pid=849 comm="apparmor_parser"
Jul 13 00:37:03 kria kernel: audit: type=1400 audit(1783870623.408:8): apparmor="STATUS" operation="profile_load" profile="unconfined" name="/usr/lib/connman/scripts/dhclient-script" pid=849 comm="apparmor_parser"
Jul 13 00:37:03 kria kernel: audit: type=1400 audit(1783870623.408:9): apparmor="STATUS" operation="profile_load" profile="unconfined" name="/{,usr/}sbin/dhclient" pid=849 comm="apparmor_parser"
Jul 13 00:37:03 kria kernel: audit: type=1400 audit(1783870623.440:10): apparmor="STATUS" operation="profile_load" profile="unconfined" name="/usr/bin/man" pid=853 comm="apparmor_parser"
Jul 13 00:37:03 kria kernel: audit: type=1400 audit(1783870623.440:11): apparmor="STATUS" operation="profile_load" profile="unconfined" name="man_filter" pid=853 comm="apparmor_parser"
Jul 13 00:37:03 kria kernel: BUG: sleeping function called from invalid context at kernel/locking/spinlock_rt.c:46
Jul 13 00:37:03 kria kernel: in_atomic(): 1, irqs_disabled(): 0, non_block: 0, pid: 863, name: apparmor_parser
Jul 13 00:37:03 kria kernel: preempt_count: 1, expected: 0
Jul 13 00:37:03 kria kernel: RCU nest depth: 0, expected: 0
Jul 13 00:37:03 kria kernel: Preemption disabled at:
Jul 13 00:37:03 kria kernel: [<ffffbb5f3febd338>] __radix_tree_preload+0x28/0x110
Jul 13 00:37:03 kria kernel: CPU: 0 PID: 863 Comm: apparmor_parser Tainted: G        WC        5.15.199-rt91-rt-kv260 #4
Jul 13 00:37:03 kria kernel: Hardware name: ZynqMP KV260 revB (DT)
Jul 13 00:37:03 kria kernel: Call trace:
Jul 13 00:37:03 kria kernel:  dump_backtrace+0x0/0x1f0
Jul 13 00:37:03 kria kernel:  show_stack+0x20/0x2c
Jul 13 00:37:03 kria kernel:  dump_stack_lvl+0x68/0x84
Jul 13 00:37:03 kria kernel:  dump_stack+0x18/0x34
Jul 13 00:37:03 kria kernel:  __might_resched+0x15c/0x1c0
Jul 13 00:37:03 kria kernel:  rt_spin_lock+0x38/0xd0
Jul 13 00:37:03 kria kernel:  aa_alloc_secid+0x38/0xac
Jul 13 00:37:03 kria kernel:  aa_label_init+0x28/0x74
Jul 13 00:37:03 kria kernel:  aa_alloc_profile+0x94/0x180
Jul 13 00:37:03 kria kernel:  aa_unpack+0x1b0/0x1c3c
Jul 13 00:37:03 kria kernel:  aa_replace_profiles+0xa8/0x1070
Jul 13 00:37:03 kria kernel:  policy_update+0xec/0x1d0
Jul 13 00:37:03 kria kernel:  profile_replace+0xc8/0x1a0
Jul 13 00:37:03 kria kernel:  vfs_write+0xf8/0x2c0
Jul 13 00:37:03 kria kernel:  ksys_write+0x74/0x10c
Jul 13 00:37:03 kria kernel:  __arm64_sys_write+0x24/0x30
Jul 13 00:37:03 kria kernel:  invoke_syscall+0x78/0x100
Jul 13 00:37:03 kria kernel:  el0_svc_common.constprop.0+0x54/0x184
Jul 13 00:37:03 kria kernel:  do_el0_svc+0x30/0xac
Jul 13 00:37:03 kria kernel:  el0_svc+0x28/0xb0
Jul 13 00:37:03 kria kernel:  el0t_64_sync_handler+0xa4/0x12c
Jul 13 00:37:03 kria kernel:  el0t_64_sync+0x1a4/0x1a8
Jul 13 00:37:05 kria kernel: BUG: sleeping function called from invalid context at kernel/locking/spinlock_rt.c:46
Jul 13 00:37:05 kria kernel: in_atomic(): 1, irqs_disabled(): 0, non_block: 0, pid: 869, name: snapd-apparmor
Jul 13 00:37:05 kria kernel: preempt_count: 1, expected: 0
Jul 13 00:37:05 kria kernel: RCU nest depth: 0, expected: 0
Jul 13 00:37:05 kria kernel: Preemption disabled at:
Jul 13 00:37:05 kria kernel: [<ffffbb5f3febd338>] __radix_tree_preload+0x28/0x110
Jul 13 00:37:05 kria kernel: CPU: 0 PID: 869 Comm: snapd-apparmor Tainted: G        WC        5.15.199-rt91-rt-kv260 #4
Jul 13 00:37:05 kria kernel: Hardware name: ZynqMP KV260 revB (DT)
Jul 13 00:37:05 kria kernel: Call trace:
Jul 13 00:37:05 kria kernel:  dump_backtrace+0x0/0x1f0
Jul 13 00:37:05 kria kernel:  show_stack+0x20/0x2c
Jul 13 00:37:05 kria kernel:  dump_stack_lvl+0x68/0x84
Jul 13 00:37:05 kria kernel:  dump_stack+0x18/0x34
Jul 13 00:37:05 kria kernel:  __might_resched+0x15c/0x1c0
Jul 13 00:37:05 kria kernel:  rt_spin_lock+0x38/0xd0
Jul 13 00:37:05 kria kernel:  alloc_pid+0x280/0x3d0
Jul 13 00:37:05 kria kernel:  copy_process+0x9fc/0x1da4
Jul 13 00:37:05 kria kernel:  kernel_clone+0x98/0x570
Jul 13 00:37:05 kria kernel:  __do_sys_clone+0x74/0xb0
Jul 13 00:37:05 kria kernel:  __arm64_sys_clone+0x28/0x34
Jul 13 00:37:05 kria kernel:  invoke_syscall+0x78/0x100
Jul 13 00:37:05 kria kernel:  el0_svc_common.constprop.0+0x54/0x184
Jul 13 00:37:05 kria kernel:  do_el0_svc+0x30/0xac
Jul 13 00:37:05 kria kernel:  el0_svc+0x28/0xb0
Jul 13 00:37:05 kria kernel:  el0t_64_sync_handler+0xa4/0x12c
Jul 13 00:37:05 kria kernel:  el0t_64_sync+0x1a4/0x1a8
Jul 13 00:37:06 kria kernel: BUG: sleeping function called from invalid context at kernel/locking/spinlock_rt.c:46
Jul 13 00:37:06 kria kernel: in_atomic(): 1, irqs_disabled(): 0, non_block: 0, pid: 908, name: apparmor_parser
Jul 13 00:37:06 kria kernel: preempt_count: 1, expected: 0
Jul 13 00:37:06 kria kernel: RCU nest depth: 0, expected: 0
Jul 13 00:37:06 kria kernel: Preemption disabled at:
Jul 13 00:37:06 kria kernel: [<ffffbb5f3febd338>] __radix_tree_preload+0x28/0x110
Jul 13 00:37:06 kria kernel: CPU: 3 PID: 908 Comm: apparmor_parser Tainted: G        WC        5.15.199-rt91-rt-kv260 #4
Jul 13 00:37:06 kria kernel: Hardware name: ZynqMP KV260 revB (DT)
Jul 13 00:37:06 kria kernel: Call trace:
Jul 13 00:37:06 kria kernel:  dump_backtrace+0x0/0x1f0
Jul 13 00:37:06 kria kernel:  show_stack+0x20/0x2c
Jul 13 00:37:06 kria kernel:  dump_stack_lvl+0x68/0x84
Jul 13 00:37:06 kria kernel:  dump_stack+0x18/0x34
Jul 13 00:37:06 kria kernel:  __might_resched+0x15c/0x1c0
Jul 13 00:37:06 kria kernel:  rt_spin_lock+0x38/0xd0
Jul 13 00:37:06 kria kernel:  aa_alloc_secid+0x38/0xac
Jul 13 00:37:06 kria kernel:  aa_label_init+0x28/0x74
Jul 13 00:37:06 kria kernel:  aa_alloc_profile+0x94/0x180
Jul 13 00:37:06 kria kernel:  aa_unpack+0x1b0/0x1c3c
Jul 13 00:37:06 kria kernel:  aa_replace_profiles+0xa8/0x1070
Jul 13 00:37:06 kria kernel:  policy_update+0xec/0x1d0
Jul 13 00:37:06 kria kernel:  profile_replace+0xc8/0x1a0
Jul 13 00:37:06 kria kernel:  vfs_write+0xf8/0x2c0
Jul 13 00:37:06 kria kernel:  ksys_write+0x74/0x10c
Jul 13 00:37:06 kria kernel:  __arm64_sys_write+0x24/0x30
Jul 13 00:37:06 kria kernel:  invoke_syscall+0x78/0x100
Jul 13 00:37:06 kria kernel:  el0_svc_common.constprop.0+0x54/0x184
Jul 13 00:37:06 kria kernel:  do_el0_svc+0x30/0xac
Jul 13 00:37:06 kria kernel:  el0_svc+0x28/0xb0
Jul 13 00:37:06 kria kernel:  el0t_64_sync_handler+0xa4/0x12c
Jul 13 00:37:06 kria kernel:  el0t_64_sync+0x1a4/0x1a8
Jul 13 00:37:07 kria kernel: BUG: sleeping function called from invalid context at kernel/locking/spinlock_rt.c:46
Jul 13 00:37:07 kria kernel: in_atomic(): 1, irqs_disabled(): 0, non_block: 0, pid: 870, name: cloud-init
Jul 13 00:37:07 kria kernel: preempt_count: 1, expected: 0
Jul 13 00:37:07 kria kernel: RCU nest depth: 0, expected: 0
Jul 13 00:37:07 kria kernel: Preemption disabled at:
Jul 13 00:37:07 kria kernel: [<ffffbb5f3febd338>] __radix_tree_preload+0x28/0x110
Jul 13 00:37:07 kria kernel: CPU: 1 PID: 870 Comm: cloud-init Tainted: G        WC        5.15.199-rt91-rt-kv260 #4
Jul 13 00:37:07 kria kernel: Hardware name: ZynqMP KV260 revB (DT)
Jul 13 00:37:07 kria kernel: Call trace:
Jul 13 00:37:07 kria kernel:  dump_backtrace+0x0/0x1f0
Jul 13 00:37:07 kria kernel:  show_stack+0x20/0x2c
Jul 13 00:37:07 kria kernel:  dump_stack_lvl+0x68/0x84
Jul 13 00:37:07 kria kernel:  dump_stack+0x18/0x34
Jul 13 00:37:07 kria kernel:  __might_resched+0x15c/0x1c0
Jul 13 00:37:07 kria kernel:  rt_spin_lock+0x38/0xd0
Jul 13 00:37:07 kria kernel:  alloc_pid+0x280/0x3d0
Jul 13 00:37:07 kria kernel:  copy_process+0x9fc/0x1da4
Jul 13 00:37:07 kria kernel:  kernel_clone+0x98/0x570
Jul 13 00:37:07 kria kernel:  __do_sys_clone+0x74/0xb0
Jul 13 00:37:07 kria kernel:  __arm64_sys_clone+0x28/0x34
Jul 13 00:37:07 kria kernel:  invoke_syscall+0x78/0x100
Jul 13 00:37:07 kria kernel:  el0_svc_common.constprop.0+0x54/0x184
Jul 13 00:37:07 kria kernel:  do_el0_svc+0x30/0xac
Jul 13 00:37:07 kria kernel:  el0_svc+0x28/0xb0
Jul 13 00:37:07 kria kernel:  el0t_64_sync_handler+0xa4/0x12c
Jul 13 00:37:07 kria kernel:  el0t_64_sync+0x1a4/0x1a8
Jul 13 00:37:09 kria kernel: BUG: sleeping function called from invalid context at kernel/locking/spinlock_rt.c:46
Jul 13 00:37:09 kria kernel: in_atomic(): 1, irqs_disabled(): 0, non_block: 0, pid: 870, name: cloud-init
Jul 13 00:37:09 kria kernel: preempt_count: 1, expected: 0
Jul 13 00:37:09 kria kernel: RCU nest depth: 0, expected: 0
Jul 13 00:37:09 kria kernel: Preemption disabled at:
Jul 13 00:37:09 kria kernel: [<ffffbb5f3febd338>] __radix_tree_preload+0x28/0x110
Jul 13 00:37:09 kria kernel: CPU: 2 PID: 870 Comm: cloud-init Tainted: G        WC        5.15.199-rt91-rt-kv260 #4
Jul 13 00:37:09 kria kernel: Hardware name: ZynqMP KV260 revB (DT)
Jul 13 00:37:09 kria kernel: Call trace:
Jul 13 00:37:09 kria kernel:  dump_backtrace+0x0/0x1f0
Jul 13 00:37:09 kria kernel:  show_stack+0x20/0x2c
Jul 13 00:37:09 kria kernel:  dump_stack_lvl+0x68/0x84
Jul 13 00:37:09 kria kernel:  dump_stack+0x18/0x34
Jul 13 00:37:09 kria kernel:  __might_resched+0x15c/0x1c0
Jul 13 00:37:09 kria kernel:  rt_spin_lock+0x38/0xd0
Jul 13 00:37:09 kria kernel:  alloc_pid+0x280/0x3d0
Jul 13 00:37:09 kria kernel:  copy_process+0x9fc/0x1da4
Jul 13 00:37:09 kria kernel:  kernel_clone+0x98/0x570
Jul 13 00:37:09 kria kernel:  __do_sys_clone+0x74/0xb0
Jul 13 00:37:09 kria kernel:  __arm64_sys_clone+0x28/0x34
Jul 13 00:37:09 kria kernel:  invoke_syscall+0x78/0x100
Jul 13 00:37:09 kria kernel:  el0_svc_common.constprop.0+0x54/0x184
Jul 13 00:37:09 kria kernel:  do_el0_svc+0x30/0xac
Jul 13 00:37:09 kria kernel:  el0_svc+0x28/0xb0
Jul 13 00:37:09 kria kernel:  el0t_64_sync_handler+0xa4/0x12c
Jul 13 00:37:09 kria kernel:  el0t_64_sync+0x1a4/0x1a8
Jul 13 00:37:10 kria kernel: BUG: sleeping function called from invalid context at kernel/locking/spinlock_rt.c:46
Jul 13 00:37:10 kria kernel: in_atomic(): 1, irqs_disabled(): 0, non_block: 0, pid: 870, name: cloud-init
Jul 13 00:37:10 kria kernel: preempt_count: 1, expected: 0
Jul 13 00:37:10 kria kernel: RCU nest depth: 0, expected: 0
Jul 13 00:37:10 kria kernel: Preemption disabled at:
Jul 13 00:37:10 kria kernel: [<ffffbb5f3febd338>] __radix_tree_preload+0x28/0x110
Jul 13 00:37:10 kria kernel: CPU: 0 PID: 870 Comm: cloud-init Tainted: G        WC        5.15.199-rt91-rt-kv260 #4
Jul 13 00:37:10 kria kernel: Hardware name: ZynqMP KV260 revB (DT)
Jul 13 00:37:10 kria kernel: Call trace:
Jul 13 00:37:10 kria kernel:  dump_backtrace+0x0/0x1f0
Jul 13 00:37:10 kria kernel:  show_stack+0x20/0x2c
Jul 13 00:37:10 kria kernel:  dump_stack_lvl+0x68/0x84
Jul 13 00:37:10 kria kernel:  dump_stack+0x18/0x34
Jul 13 00:37:10 kria kernel:  __might_resched+0x15c/0x1c0
Jul 13 00:37:10 kria kernel:  rt_spin_lock+0x38/0xd0
Jul 13 00:37:10 kria kernel:  alloc_pid+0x280/0x3d0
Jul 13 00:37:10 kria kernel:  copy_process+0x9fc/0x1da4
Jul 13 00:37:10 kria kernel:  kernel_clone+0x98/0x570
Jul 13 00:37:10 kria kernel:  __do_sys_clone+0x74/0xb0
Jul 13 00:37:10 kria kernel:  __arm64_sys_clone+0x28/0x34
Jul 13 00:37:10 kria kernel:  invoke_syscall+0x78/0x100
Jul 13 00:37:10 kria kernel:  el0_svc_common.constprop.0+0x54/0x184
Jul 13 00:37:10 kria kernel:  do_el0_svc+0x30/0xac
Jul 13 00:37:10 kria kernel:  el0_svc+0x28/0xb0
Jul 13 00:37:10 kria kernel:  el0t_64_sync_handler+0xa4/0x12c
Jul 13 00:37:10 kria kernel:  el0t_64_sync+0x1a4/0x1a8
Jul 13 00:37:11 kria kernel: BUG: sleeping function called from invalid context at kernel/locking/spinlock_rt.c:46
Jul 13 00:37:11 kria kernel: in_atomic(): 1, irqs_disabled(): 0, non_block: 0, pid: 870, name: cloud-init
Jul 13 00:37:11 kria kernel: preempt_count: 1, expected: 0
Jul 13 00:37:11 kria kernel: RCU nest depth: 0, expected: 0
Jul 13 00:37:11 kria kernel: Preemption disabled at:
Jul 13 00:37:11 kria kernel: [<ffffbb5f3febd338>] __radix_tree_preload+0x28/0x110
Jul 13 00:37:11 kria kernel: CPU: 1 PID: 870 Comm: cloud-init Tainted: G        WC        5.15.199-rt91-rt-kv260 #4
Jul 13 00:37:11 kria kernel: Hardware name: ZynqMP KV260 revB (DT)
Jul 13 00:37:11 kria kernel: Call trace:
Jul 13 00:37:11 kria kernel:  dump_backtrace+0x0/0x1f0
Jul 13 00:37:11 kria kernel:  show_stack+0x20/0x2c
Jul 13 00:37:11 kria kernel:  dump_stack_lvl+0x68/0x84
Jul 13 00:37:11 kria kernel:  dump_stack+0x18/0x34
Jul 13 00:37:11 kria kernel:  __might_resched+0x15c/0x1c0
Jul 13 00:37:11 kria kernel:  rt_spin_lock+0x38/0xd0
Jul 13 00:37:11 kria kernel:  alloc_pid+0x280/0x3d0
Jul 13 00:37:11 kria kernel:  copy_process+0x9fc/0x1da4
Jul 13 00:37:11 kria kernel:  kernel_clone+0x98/0x570
Jul 13 00:37:11 kria kernel:  __do_sys_clone+0x74/0xb0
Jul 13 00:37:11 kria kernel:  __arm64_sys_clone+0x28/0x34
Jul 13 00:37:11 kria kernel:  invoke_syscall+0x78/0x100
Jul 13 00:37:11 kria kernel:  el0_svc_common.constprop.0+0x54/0x184
Jul 13 00:37:11 kria kernel:  do_el0_svc+0x30/0xac
Jul 13 00:37:11 kria kernel:  el0_svc+0x28/0xb0
Jul 13 00:37:11 kria kernel:  el0t_64_sync_handler+0xa4/0x12c
Jul 13 00:37:11 kria kernel:  el0t_64_sync+0x1a4/0x1a8
Jul 13 00:37:13 kria kernel: BUG: sleeping function called from invalid context at kernel/locking/spinlock_rt.c:46
Jul 13 00:37:13 kria kernel: in_atomic(): 1, irqs_disabled(): 0, non_block: 0, pid: 870, name: cloud-init
Jul 13 00:37:13 kria kernel: preempt_count: 1, expected: 0
Jul 13 00:37:13 kria kernel: RCU nest depth: 0, expected: 0
Jul 13 00:37:13 kria kernel: Preemption disabled at:
Jul 13 00:37:13 kria kernel: [<ffffbb5f3febd338>] __radix_tree_preload+0x28/0x110
Jul 13 00:37:13 kria kernel: CPU: 2 PID: 870 Comm: cloud-init Tainted: G        WC        5.15.199-rt91-rt-kv260 #4
Jul 13 00:37:13 kria kernel: Hardware name: ZynqMP KV260 revB (DT)
Jul 13 00:37:13 kria kernel: Call trace:
Jul 13 00:37:13 kria kernel:  dump_backtrace+0x0/0x1f0
Jul 13 00:37:13 kria kernel:  show_stack+0x20/0x2c
Jul 13 00:37:13 kria kernel:  dump_stack_lvl+0x68/0x84
Jul 13 00:37:13 kria kernel:  dump_stack+0x18/0x34
Jul 13 00:37:13 kria kernel:  __might_resched+0x15c/0x1c0
Jul 13 00:37:13 kria kernel:  rt_spin_lock+0x38/0xd0
Jul 13 00:37:13 kria kernel:  alloc_pid+0x280/0x3d0
Jul 13 00:37:13 kria kernel:  copy_process+0x9fc/0x1da4
Jul 13 00:37:13 kria kernel:  kernel_clone+0x98/0x570
Jul 13 00:37:13 kria kernel:  __do_sys_clone+0x74/0xb0
Jul 13 00:37:13 kria kernel:  __arm64_sys_clone+0x28/0x34
Jul 13 00:37:13 kria kernel:  invoke_syscall+0x78/0x100
Jul 13 00:37:13 kria kernel:  el0_svc_common.constprop.0+0x54/0x184
Jul 13 00:37:13 kria kernel:  do_el0_svc+0x30/0xac
Jul 13 00:37:13 kria kernel:  el0_svc+0x28/0xb0
Jul 13 00:37:13 kria kernel:  el0t_64_sync_handler+0xa4/0x12c
Jul 13 00:37:13 kria kernel:  el0t_64_sync+0x1a4/0x1a8
Jul 13 00:37:14 kria kernel: BUG: sleeping function called from invalid context at kernel/locking/spinlock_rt.c:46
Jul 13 00:37:14 kria kernel: in_atomic(): 1, irqs_disabled(): 0, non_block: 0, pid: 1, name: systemd
Jul 13 00:37:14 kria kernel: preempt_count: 1, expected: 0
Jul 13 00:37:14 kria kernel: RCU nest depth: 0, expected: 0
Jul 13 00:37:14 kria kernel: Preemption disabled at:
Jul 13 00:37:14 kria kernel: [<ffffbb5f3febd338>] __radix_tree_preload+0x28/0x110
Jul 13 00:37:14 kria kernel: CPU: 3 PID: 1 Comm: systemd Tainted: G        WC        5.15.199-rt91-rt-kv260 #4
Jul 13 00:37:14 kria kernel: Hardware name: ZynqMP KV260 revB (DT)
Jul 13 00:37:14 kria kernel: Call trace:
Jul 13 00:37:14 kria kernel:  dump_backtrace+0x0/0x1f0
Jul 13 00:37:14 kria kernel:  show_stack+0x20/0x2c
Jul 13 00:37:14 kria kernel:  dump_stack_lvl+0x68/0x84
Jul 13 00:37:14 kria kernel:  dump_stack+0x18/0x34
Jul 13 00:37:14 kria kernel:  __might_resched+0x15c/0x1c0
Jul 13 00:37:14 kria kernel:  rt_spin_lock+0x38/0xd0
Jul 13 00:37:14 kria kernel:  __kernfs_new_node+0x98/0x220
Jul 13 00:37:14 kria kernel:  kernfs_new_node+0x70/0x9c
Jul 13 00:37:14 kria kernel:  kernfs_create_dir_ns+0x3c/0xa0
Jul 13 00:37:14 kria kernel:  cgroup_mkdir+0x214/0x57c
Jul 13 00:37:14 kria kernel:  kernfs_iop_mkdir+0x68/0xa0
Jul 13 00:37:14 kria kernel:  vfs_mkdir+0xb8/0x170
Jul 13 00:37:14 kria kernel:  do_mkdirat+0x15c/0x17c
Jul 13 00:37:14 kria kernel:  __arm64_sys_mkdirat+0x58/0x84
Jul 13 00:37:14 kria kernel:  invoke_syscall+0x78/0x100
Jul 13 00:37:14 kria kernel:  el0_svc_common.constprop.0+0x54/0x184
Jul 13 00:37:14 kria kernel:  do_el0_svc+0x30/0xac
Jul 13 00:37:14 kria kernel:  el0_svc+0x28/0xb0
Jul 13 00:37:14 kria kernel:  el0t_64_sync_handler+0xa4/0x12c
Jul 13 00:37:14 kria kernel:  el0t_64_sync+0x1a4/0x1a8
Jul 13 00:37:16 kria kernel: BUG: sleeping function called from invalid context at kernel/locking/spinlock_rt.c:46
Jul 13 00:37:16 kria kernel: in_atomic(): 1, irqs_disabled(): 0, non_block: 0, pid: 922, name: cloud-init
Jul 13 00:37:16 kria kernel: preempt_count: 1, expected: 0
Jul 13 00:37:16 kria kernel: RCU nest depth: 0, expected: 0
Jul 13 00:37:16 kria kernel: Preemption disabled at:
Jul 13 00:37:16 kria kernel: [<ffffbb5f3febd338>] __radix_tree_preload+0x28/0x110
Jul 13 00:37:16 kria kernel: CPU: 2 PID: 922 Comm: cloud-init Tainted: G        WC        5.15.199-rt91-rt-kv260 #4
Jul 13 00:37:16 kria kernel: Hardware name: ZynqMP KV260 revB (DT)
Jul 13 00:37:16 kria kernel: Call trace:
Jul 13 00:37:16 kria kernel:  dump_backtrace+0x0/0x1f0
Jul 13 00:37:16 kria kernel:  show_stack+0x20/0x2c
Jul 13 00:37:16 kria kernel:  dump_stack_lvl+0x68/0x84
Jul 13 00:37:16 kria kernel:  dump_stack+0x18/0x34
Jul 13 00:37:16 kria kernel:  __might_resched+0x15c/0x1c0
Jul 13 00:37:16 kria kernel:  rt_spin_lock+0x38/0xd0
Jul 13 00:37:16 kria kernel:  alloc_pid+0x280/0x3d0
Jul 13 00:37:16 kria kernel:  copy_process+0x9fc/0x1da4
Jul 13 00:37:16 kria kernel:  kernel_clone+0x98/0x570
Jul 13 00:37:16 kria kernel:  __do_sys_clone+0x74/0xb0
Jul 13 00:37:16 kria kernel:  __arm64_sys_clone+0x28/0x34
Jul 13 00:37:16 kria kernel:  invoke_syscall+0x78/0x100
Jul 13 00:37:16 kria kernel:  el0_svc_common.constprop.0+0x54/0x184
Jul 13 00:37:16 kria kernel:  do_el0_svc+0x30/0xac
Jul 13 00:37:16 kria kernel:  el0_svc+0x28/0xb0
Jul 13 00:37:16 kria kernel:  el0t_64_sync_handler+0xa4/0x12c
Jul 13 00:37:16 kria kernel:  el0t_64_sync+0x1a4/0x1a8
Jul 13 00:37:17 kria kernel: BUG: sleeping function called from invalid context at kernel/locking/spinlock_rt.c:46
Jul 13 00:37:17 kria kernel: in_atomic(): 1, irqs_disabled(): 0, non_block: 0, pid: 922, name: cloud-init
Jul 13 00:37:17 kria kernel: preempt_count: 1, expected: 0
Jul 13 00:37:17 kria kernel: RCU nest depth: 0, expected: 0
Jul 13 00:37:17 kria kernel: Preemption disabled at:
Jul 13 00:37:17 kria kernel: [<ffffbb5f3febd338>] __radix_tree_preload+0x28/0x110
Jul 13 00:37:17 kria kernel: CPU: 1 PID: 922 Comm: cloud-init Tainted: G        WC        5.15.199-rt91-rt-kv260 #4
Jul 13 00:37:17 kria kernel: Hardware name: ZynqMP KV260 revB (DT)
Jul 13 00:37:17 kria kernel: Call trace:
Jul 13 00:37:17 kria kernel:  dump_backtrace+0x0/0x1f0
Jul 13 00:37:17 kria kernel:  show_stack+0x20/0x2c
Jul 13 00:37:17 kria kernel:  dump_stack_lvl+0x68/0x84
Jul 13 00:37:17 kria kernel:  dump_stack+0x18/0x34
Jul 13 00:37:17 kria kernel:  __might_resched+0x15c/0x1c0
Jul 13 00:37:17 kria kernel:  rt_spin_lock+0x38/0xd0
Jul 13 00:37:17 kria kernel:  alloc_pid+0x280/0x3d0
Jul 13 00:37:17 kria kernel:  copy_process+0x9fc/0x1da4
Jul 13 00:37:17 kria kernel:  kernel_clone+0x98/0x570
Jul 13 00:37:17 kria kernel:  __do_sys_clone+0x74/0xb0
Jul 13 00:37:17 kria kernel:  __arm64_sys_clone+0x28/0x34
Jul 13 00:37:17 kria kernel:  invoke_syscall+0x78/0x100
Jul 13 00:37:17 kria kernel:  el0_svc_common.constprop.0+0x54/0x184
Jul 13 00:37:17 kria kernel:  do_el0_svc+0x30/0xac
Jul 13 00:37:17 kria kernel:  el0_svc+0x28/0xb0
Jul 13 00:37:17 kria kernel:  el0t_64_sync_handler+0xa4/0x12c
Jul 13 00:37:17 kria kernel:  el0t_64_sync+0x1a4/0x1a8
Jul 13 00:37:18 kria kernel: BUG: sleeping function called from invalid context at kernel/locking/spinlock_rt.c:46
Jul 13 00:37:18 kria kernel: in_atomic(): 1, irqs_disabled(): 0, non_block: 0, pid: 979, name: update-misc-con
Jul 13 00:37:18 kria kernel: preempt_count: 1, expected: 0
Jul 13 00:37:18 kria kernel: RCU nest depth: 0, expected: 0
Jul 13 00:37:18 kria kernel: Preemption disabled at:
Jul 13 00:37:18 kria kernel: [<ffffbb5f3febd338>] __radix_tree_preload+0x28/0x110
Jul 13 00:37:18 kria kernel: CPU: 0 PID: 979 Comm: update-misc-con Tainted: G        WC        5.15.199-rt91-rt-kv260 #4
Jul 13 00:37:18 kria kernel: Hardware name: ZynqMP KV260 revB (DT)
Jul 13 00:37:18 kria kernel: Call trace:
Jul 13 00:37:18 kria kernel:  dump_backtrace+0x0/0x1f0
Jul 13 00:37:18 kria kernel:  show_stack+0x20/0x2c
Jul 13 00:37:18 kria kernel:  dump_stack_lvl+0x68/0x84
Jul 13 00:37:18 kria kernel:  dump_stack+0x18/0x34
Jul 13 00:37:18 kria kernel:  __might_resched+0x15c/0x1c0
Jul 13 00:37:18 kria kernel:  rt_spin_lock+0x38/0xd0
Jul 13 00:37:18 kria kernel:  alloc_pid+0x280/0x3d0
Jul 13 00:37:18 kria kernel:  copy_process+0x9fc/0x1da4
Jul 13 00:37:18 kria kernel:  kernel_clone+0x98/0x570
Jul 13 00:37:18 kria kernel:  __do_sys_clone+0x74/0xb0
Jul 13 00:37:18 kria kernel:  __arm64_sys_clone+0x28/0x34
Jul 13 00:37:18 kria kernel:  invoke_syscall+0x78/0x100
Jul 13 00:37:18 kria kernel:  el0_svc_common.constprop.0+0x54/0x184
Jul 13 00:37:18 kria kernel:  do_el0_svc+0x30/0xac
Jul 13 00:37:18 kria kernel:  el0_svc+0x28/0xb0
Jul 13 00:37:18 kria kernel:  el0t_64_sync_handler+0xa4/0x12c
Jul 13 00:37:18 kria kernel:  el0t_64_sync+0x1a4/0x1a8
Jul 13 00:37:19 kria kernel: BUG: scheduling while atomic: systemd-udevd/607/0x00000002
Jul 13 00:37:19 kria kernel: Modules linked in: binfmt_misc ina260_adc tpm_tis_spi uio_pdrv_genirq sch_fq_codel dm_multipath scsi_dh_rdac scsi_dh_emc scsi_dh_alua usb5744 dmaproxy(C) efi_pstore ip_tables x_tables autofs4 raid10 raid456 async_raid6_recov async_memcpy async_pq async_xor async_tx raid1 raid0 multipath linear da9121_regulator crct10dif_ce rtc_zynqmp spi_zynqmp_gqspi i2c_cadence aes_neon_bs aes_neon_blk aes_ce_blk crypto_simd cryptd aes_ce_cipher
Jul 13 00:37:19 kria kernel: Preemption disabled at:
Jul 13 00:37:19 kria kernel: [<ffffbb5f3febd338>] __radix_tree_preload+0x28/0x110
Jul 13 00:37:19 kria kernel: CPU: 2 PID: 607 Comm: systemd-udevd Tainted: G        WC        5.15.199-rt91-rt-kv260 #4
Jul 13 00:37:19 kria kernel: Hardware name: ZynqMP KV260 revB (DT)
Jul 13 00:37:19 kria kernel: Call trace:
Jul 13 00:37:19 kria kernel:  dump_backtrace+0x0/0x1f0
Jul 13 00:37:19 kria kernel:  show_stack+0x20/0x2c
Jul 13 00:37:19 kria kernel:  dump_stack_lvl+0x68/0x84
Jul 13 00:37:19 kria kernel:  dump_stack+0x18/0x34
Jul 13 00:37:19 kria kernel:  __schedule_bug+0xa4/0xb4
Jul 13 00:37:19 kria kernel:  __schedule+0x118c/0x14e4
Jul 13 00:37:19 kria kernel:  schedule_rtlock+0x24/0x4c
Jul 13 00:37:19 kria kernel:  rtlock_slowlock_locked+0x30c/0xa7c
Jul 13 00:37:19 kria kernel:  rt_spin_lock+0xac/0xd0
Jul 13 00:37:19 kria kernel:  alloc_pid+0x280/0x3d0
Jul 13 00:37:19 kria kernel:  copy_process+0x9fc/0x1da4
Jul 13 00:37:19 kria kernel:  kernel_clone+0x98/0x570
Jul 13 00:37:19 kria kernel:  __do_sys_clone+0x74/0xb0
Jul 13 00:37:19 kria kernel:  __arm64_sys_clone+0x28/0x34
Jul 13 00:37:19 kria kernel:  invoke_syscall+0x78/0x100
Jul 13 00:37:19 kria kernel:  el0_svc_common.constprop.0+0x180/0x184
Jul 13 00:37:19 kria kernel:  do_el0_svc+0x30/0xac
Jul 13 00:37:19 kria kernel:  el0_svc+0x28/0xb0
Jul 13 00:37:19 kria kernel:  el0t_64_sync_handler+0xa4/0x12c
Jul 13 00:37:19 kria kernel:  el0t_64_sync+0x1a4/0x1a8
Jul 13 00:37:19 kria kernel: BUG: scheduling while atomic: systemd-udevd/950/0x00000002
Jul 13 00:37:19 kria kernel: Modules linked in: binfmt_misc ina260_adc tpm_tis_spi uio_pdrv_genirq sch_fq_codel dm_multipath scsi_dh_rdac scsi_dh_emc scsi_dh_alua usb5744 dmaproxy(C) efi_pstore ip_tables x_tables autofs4 raid10 raid456 async_raid6_recov async_memcpy async_pq async_xor async_tx raid1 raid0 multipath linear da9121_regulator crct10dif_ce rtc_zynqmp spi_zynqmp_gqspi i2c_cadence aes_neon_bs aes_neon_blk aes_ce_blk crypto_simd cryptd aes_ce_cipher
Jul 13 00:37:19 kria kernel: Preemption disabled at:
Jul 13 00:37:19 kria kernel: [<ffffbb5f3febd338>] __radix_tree_preload+0x28/0x110
Jul 13 00:37:19 kria kernel: CPU: 1 PID: 950 Comm: systemd-udevd Tainted: G        WC        5.15.199-rt91-rt-kv260 #4
Jul 13 00:37:19 kria kernel: Hardware name: ZynqMP KV260 revB (DT)
Jul 13 00:37:19 kria kernel: Call trace:
Jul 13 00:37:19 kria kernel:  dump_backtrace+0x0/0x1f0
Jul 13 00:37:19 kria kernel:  show_stack+0x20/0x2c
Jul 13 00:37:19 kria kernel:  dump_stack_lvl+0x68/0x84
Jul 13 00:37:19 kria kernel:  dump_stack+0x18/0x34
Jul 13 00:37:19 kria kernel:  __schedule_bug+0xa4/0xb4
Jul 13 00:37:19 kria kernel:  __schedule+0x118c/0x14e4
Jul 13 00:37:19 kria kernel:  schedule_rtlock+0x24/0x4c
Jul 13 00:37:19 kria kernel:  rtlock_slowlock_locked+0x30c/0xa7c
Jul 13 00:37:19 kria kernel:  rt_spin_lock+0xac/0xd0
Jul 13 00:37:19 kria kernel:  alloc_pid+0x280/0x3d0
Jul 13 00:37:19 kria kernel:  copy_process+0x9fc/0x1da4
Jul 13 00:37:19 kria kernel:  kernel_clone+0x98/0x570
Jul 13 00:37:19 kria kernel:  __do_sys_clone+0x74/0xb0
Jul 13 00:37:19 kria kernel:  __arm64_sys_clone+0x28/0x34
Jul 13 00:37:19 kria kernel:  invoke_syscall+0x78/0x100
Jul 13 00:37:19 kria kernel:  el0_svc_common.constprop.0+0x180/0x184
Jul 13 00:37:19 kria kernel:  do_el0_svc+0x30/0xac
Jul 13 00:37:19 kria kernel:  el0_svc+0x28/0xb0
Jul 13 00:37:19 kria kernel:  el0t_64_sync_handler+0xa4/0x12c
Jul 13 00:37:19 kria kernel:  el0t_64_sync+0x1a4/0x1a8
Jul 13 00:37:19 kria kernel: ------------[ cut here ]------------
Jul 13 00:37:19 kria kernel: DEBUG_LOCKS_WARN_ON(val > preempt_count())
Jul 13 00:37:19 kria kernel: WARNING: CPU: 2 PID: 607 at kernel/sched/core.c:5596 preempt_count_sub+0x98/0xe0
Jul 13 00:37:19 kria kernel: Modules linked in: binfmt_misc ina260_adc tpm_tis_spi uio_pdrv_genirq sch_fq_codel dm_multipath scsi_dh_rdac scsi_dh_emc scsi_dh_alua usb5744 dmaproxy(C) efi_pstore ip_tables x_tables autofs4 raid10 raid456 async_raid6_recov async_memcpy async_pq async_xor async_tx raid1 raid0 multipath linear da9121_regulator crct10dif_ce rtc_zynqmp spi_zynqmp_gqspi i2c_cadence aes_neon_bs aes_neon_blk aes_ce_blk crypto_simd cryptd aes_ce_cipher
Jul 13 00:37:19 kria kernel: CPU: 2 PID: 607 Comm: systemd-udevd Tainted: G        WC        5.15.199-rt91-rt-kv260 #4
Jul 13 00:37:19 kria kernel: Hardware name: ZynqMP KV260 revB (DT)
Jul 13 00:37:19 kria kernel: pstate: 60400005 (nZCv daif +PAN -UAO -TCO -DIT -SSBS BTYPE=--)
Jul 13 00:37:19 kria kernel: pc : preempt_count_sub+0x98/0xe0
Jul 13 00:37:19 kria kernel: lr : preempt_count_sub+0x98/0xe0
Jul 13 00:37:19 kria kernel: sp : ffff8000088a3a20
Jul 13 00:37:19 kria kernel: x29: ffff8000088a3a20 x28: ffff2a9406864200 x27: 0000000000000441
Jul 13 00:37:19 kria kernel: x26: ffffbb5f41e76108 x25: ffffbb5f41e76110 x24: ffffbb5f41e45140
Jul 13 00:37:19 kria kernel: x23: ffffbb5f41e76000 x22: 0000000000000000 x21: ffff2a940f09ee10
Jul 13 00:37:19 kria kernel: x20: ffffbb5f41e76110 x19: 0000000000000000 x18: 0000000000000000
Jul 13 00:37:19 kria kernel: x17: ffff6f353de32000 x16: ffff800008010000 x15: 0000000000000000
Jul 13 00:37:19 kria kernel: x14: 0000000000000000 x13: 284e4f5f4e524157 x12: 5f534b434f4c5f47
Jul 13 00:37:19 kria kernel: x11: ffffbb5f41e7dcb0 x10: 0000000000000029 x9 : ffffbb5f3f6d8e04
Jul 13 00:37:19 kria kernel: x8 : 0000000000000029 x7 : 0000000000000015 x6 : 000000000000000d
Jul 13 00:37:19 kria kernel: x5 : ffff8000088a3810 x4 : 0000000000000000 x3 : 0000000000000027
Jul 13 00:37:19 kria kernel: x2 : 0000000000000000 x1 : 0000000000000000 x0 : ffff2a940dc4b180
Jul 13 00:37:19 kria kernel: Call trace:
Jul 13 00:37:19 kria kernel:  preempt_count_sub+0x98/0xe0
Jul 13 00:37:19 kria kernel:  alloc_pid+0x140/0x3d0
Jul 13 00:37:19 kria kernel:  copy_process+0x9fc/0x1da4
Jul 13 00:37:19 kria kernel:  kernel_clone+0x98/0x570
Jul 13 00:37:19 kria kernel:  __do_sys_clone+0x74/0xb0
Jul 13 00:37:19 kria kernel:  __arm64_sys_clone+0x28/0x34
Jul 13 00:37:19 kria kernel:  invoke_syscall+0x78/0x100
Jul 13 00:37:19 kria kernel:  el0_svc_common.constprop.0+0x180/0x184
Jul 13 00:37:19 kria kernel:  do_el0_svc+0x30/0xac
Jul 13 00:37:19 kria kernel:  el0_svc+0x28/0xb0
Jul 13 00:37:19 kria kernel:  el0t_64_sync_handler+0xa4/0x12c
Jul 13 00:37:19 kria kernel:  el0t_64_sync+0x1a4/0x1a8
Jul 13 00:37:19 kria kernel: ---[ end trace 0000000000000002 ]---
Jul 13 00:37:19 kria kernel: BUG: sleeping function called from invalid context at kernel/locking/spinlock_rt.c:46
Jul 13 00:37:19 kria kernel: in_atomic(): 1, irqs_disabled(): 0, non_block: 0, pid: 979, name: update-misc-con
Jul 13 00:37:19 kria kernel: preempt_count: 1, expected: 0
Jul 13 00:37:19 kria kernel: RCU nest depth: 0, expected: 0
Jul 13 00:37:19 kria kernel: Preemption disabled at:
Jul 13 00:37:19 kria kernel: [<ffffbb5f3febd338>] __radix_tree_preload+0x28/0x110
Jul 13 00:37:19 kria kernel: CPU: 3 PID: 979 Comm: update-misc-con Tainted: G        WC        5.15.199-rt91-rt-kv260 #4
Jul 13 00:37:19 kria kernel: Hardware name: ZynqMP KV260 revB (DT)
Jul 13 00:37:19 kria kernel: Call trace:
Jul 13 00:37:19 kria kernel:  dump_backtrace+0x0/0x1f0
Jul 13 00:37:19 kria kernel:  show_stack+0x20/0x2c
Jul 13 00:37:19 kria kernel:  dump_stack_lvl+0x68/0x84
Jul 13 00:37:19 kria kernel:  dump_stack+0x18/0x34
Jul 13 00:37:19 kria kernel:  __might_resched+0x15c/0x1c0
Jul 13 00:37:19 kria kernel:  rt_spin_lock+0x38/0xd0
Jul 13 00:37:19 kria kernel:  alloc_pid+0x280/0x3d0
Jul 13 00:37:19 kria kernel:  copy_process+0x9fc/0x1da4
Jul 13 00:37:19 kria kernel:  kernel_clone+0x98/0x570
Jul 13 00:37:19 kria kernel:  __do_sys_clone+0x74/0xb0
Jul 13 00:37:19 kria kernel:  __arm64_sys_clone+0x28/0x34
Jul 13 00:37:19 kria kernel:  invoke_syscall+0x78/0x100
Jul 13 00:37:19 kria kernel:  el0_svc_common.constprop.0+0x54/0x184
Jul 13 00:37:19 kria kernel:  do_el0_svc+0x30/0xac
Jul 13 00:37:19 kria kernel:  el0_svc+0x28/0xb0
Jul 13 00:37:19 kria kernel:  el0t_64_sync_handler+0xa4/0x12c
Jul 13 00:37:19 kria kernel:  el0t_64_sync+0x1a4/0x1a8
Jul 13 00:37:19 kria kernel: macb ff0e0000.ethernet eth0: PHY [ff0e0000.ethernet-ffffffff:01] driver [TI DP83867] (irq=POLL)
Jul 13 00:37:19 kria kernel: macb ff0e0000.ethernet eth0: configuring for phy/rgmii-id link mode
Jul 13 00:37:19 kria kernel: macb ff0e0000.ethernet: gem-ptp-timer ptp clock registered.
Jul 13 00:37:19 kria kernel: OF: overlay: WARNING: memory leak will occur if overlay removed, property: /fpga-full/firmware-name
Jul 13 00:37:19 kria kernel: OF: overlay: WARNING: memory leak will occur if overlay removed, property: /fpga-full/resets
Jul 13 00:37:21 kria kernel: BUG: sleeping function called from invalid context at kernel/locking/spinlock_rt.c:46
Jul 13 00:37:21 kria kernel: in_atomic(): 1, irqs_disabled(): 0, non_block: 0, pid: 1243, name: ModemManager
Jul 13 00:37:21 kria kernel: preempt_count: 1, expected: 0
Jul 13 00:37:21 kria kernel: RCU nest depth: 0, expected: 0
Jul 13 00:37:21 kria kernel: Preemption disabled at:
Jul 13 00:37:21 kria kernel: [<ffffbb5f3febd338>] __radix_tree_preload+0x28/0x110
Jul 13 00:37:21 kria kernel: CPU: 3 PID: 1243 Comm: ModemManager Tainted: G        WC        5.15.199-rt91-rt-kv260 #4
Jul 13 00:37:21 kria kernel: Hardware name: ZynqMP KV260 revB (DT)
Jul 13 00:37:21 kria kernel: Call trace:
Jul 13 00:37:21 kria kernel:  dump_backtrace+0x0/0x1f0
Jul 13 00:37:21 kria kernel:  show_stack+0x20/0x2c
Jul 13 00:37:21 kria kernel:  dump_stack_lvl+0x68/0x84
Jul 13 00:37:21 kria kernel:  dump_stack+0x18/0x34
Jul 13 00:37:21 kria kernel:  __might_resched+0x15c/0x1c0
Jul 13 00:37:21 kria kernel:  rt_spin_lock+0x38/0xd0
Jul 13 00:37:21 kria kernel:  alloc_pid+0x280/0x3d0
Jul 13 00:37:21 kria kernel:  copy_process+0x9fc/0x1da4
Jul 13 00:37:21 kria kernel:  kernel_clone+0x98/0x570
Jul 13 00:37:21 kria kernel:  __do_sys_clone+0x74/0xb0
Jul 13 00:37:21 kria kernel:  __arm64_sys_clone+0x28/0x34
Jul 13 00:37:21 kria kernel:  invoke_syscall+0x78/0x100
Jul 13 00:37:21 kria kernel:  el0_svc_common.constprop.0+0x180/0x184
Jul 13 00:37:21 kria kernel:  do_el0_svc+0x30/0xac
Jul 13 00:37:21 kria kernel:  el0_svc+0x28/0xb0
Jul 13 00:37:21 kria kernel:  el0t_64_sync_handler+0xa4/0x12c
Jul 13 00:37:21 kria kernel:  el0t_64_sync+0x1a4/0x1a8
Jul 13 00:37:22 kria kernel: kauditd_printk_skb: 56 callbacks suppressed
Jul 13 00:37:22 kria kernel: audit: type=1400 audit(1783870642.283:68): apparmor="DENIED" operation="capable" profile="/usr/sbin/cupsd" pid=1233 comm="cupsd" capability=12  capname="net_admin"
Jul 13 00:37:22 kria kernel: BUG: sleeping function called from invalid context at kernel/locking/spinlock_rt.c:46
Jul 13 00:37:22 kria kernel: in_atomic(): 1, irqs_disabled(): 0, non_block: 0, pid: 1238, name: snap
Jul 13 00:37:22 kria kernel: preempt_count: 1, expected: 0
Jul 13 00:37:22 kria kernel: RCU nest depth: 0, expected: 0
Jul 13 00:37:22 kria kernel: Preemption disabled at:
Jul 13 00:37:22 kria kernel: [<ffffbb5f3febd338>] __radix_tree_preload+0x28/0x110
Jul 13 00:37:22 kria kernel: CPU: 2 PID: 1238 Comm: snap Tainted: G        WC        5.15.199-rt91-rt-kv260 #4
Jul 13 00:37:22 kria kernel: Hardware name: ZynqMP KV260 revB (DT)
Jul 13 00:37:22 kria kernel: Call trace:
Jul 13 00:37:22 kria kernel:  dump_backtrace+0x0/0x1f0
Jul 13 00:37:22 kria kernel:  show_stack+0x20/0x2c
Jul 13 00:37:22 kria kernel:  dump_stack_lvl+0x68/0x84
Jul 13 00:37:22 kria kernel:  dump_stack+0x18/0x34
Jul 13 00:37:22 kria kernel:  __might_resched+0x15c/0x1c0
Jul 13 00:37:22 kria kernel:  rt_spin_lock+0x38/0xd0
Jul 13 00:37:22 kria kernel:  alloc_pid+0x280/0x3d0
Jul 13 00:37:22 kria kernel:  copy_process+0x9fc/0x1da4
Jul 13 00:37:22 kria kernel:  kernel_clone+0x98/0x570
Jul 13 00:37:22 kria kernel:  __do_sys_clone+0x74/0xb0
Jul 13 00:37:22 kria kernel:  __arm64_sys_clone+0x28/0x34
Jul 13 00:37:22 kria kernel:  invoke_syscall+0x78/0x100
Jul 13 00:37:22 kria kernel:  el0_svc_common.constprop.0+0x54/0x184
Jul 13 00:37:22 kria kernel:  do_el0_svc+0x30/0xac
Jul 13 00:37:22 kria kernel:  el0_svc+0x28/0xb0
Jul 13 00:37:22 kria kernel:  el0t_64_sync_handler+0xa4/0x12c
Jul 13 00:37:22 kria kernel:  el0t_64_sync+0x1a4/0x1a8
Jul 13 00:37:23 kria kernel: BUG: sleeping function called from invalid context at kernel/locking/spinlock_rt.c:46
Jul 13 00:37:23 kria kernel: in_atomic(): 1, irqs_disabled(): 0, non_block: 0, pid: 959, name: savelog
Jul 13 00:37:23 kria kernel: preempt_count: 1, expected: 0
Jul 13 00:37:23 kria kernel: RCU nest depth: 0, expected: 0
Jul 13 00:37:23 kria kernel: Preemption disabled at:
Jul 13 00:37:23 kria kernel: [<ffffbb5f3febd338>] __radix_tree_preload+0x28/0x110
Jul 13 00:37:23 kria kernel: CPU: 0 PID: 959 Comm: savelog Tainted: G        WC        5.15.199-rt91-rt-kv260 #4
Jul 13 00:37:23 kria kernel: Hardware name: ZynqMP KV260 revB (DT)
Jul 13 00:37:23 kria kernel: Call trace:
Jul 13 00:37:23 kria kernel:  dump_backtrace+0x0/0x1f0
Jul 13 00:37:23 kria kernel:  show_stack+0x20/0x2c
Jul 13 00:37:23 kria kernel:  dump_stack_lvl+0x68/0x84
Jul 13 00:37:23 kria kernel:  dump_stack+0x18/0x34
Jul 13 00:37:23 kria kernel:  __might_resched+0x15c/0x1c0
Jul 13 00:37:23 kria kernel:  rt_spin_lock+0x38/0xd0
Jul 13 00:37:23 kria kernel:  alloc_pid+0x280/0x3d0
Jul 13 00:37:23 kria kernel:  copy_process+0x9fc/0x1da4
Jul 13 00:37:23 kria kernel:  kernel_clone+0x98/0x570
Jul 13 00:37:23 kria kernel:  __do_sys_clone+0x74/0xb0
Jul 13 00:37:23 kria kernel:  __arm64_sys_clone+0x28/0x34
Jul 13 00:37:23 kria kernel:  invoke_syscall+0x78/0x100
Jul 13 00:37:23 kria kernel:  el0_svc_common.constprop.0+0x54/0x184
Jul 13 00:37:23 kria kernel:  do_el0_svc+0x30/0xac
Jul 13 00:37:23 kria kernel:  el0_svc+0x28/0xb0
Jul 13 00:37:23 kria kernel:  el0t_64_sync_handler+0xa4/0x12c
Jul 13 00:37:23 kria kernel:  el0t_64_sync+0x1a4/0x1a8
Jul 13 00:37:23 kria kernel: macb ff0e0000.ethernet eth0: Link is Up - 1Gbps/Full - flow control off
Jul 13 00:37:23 kria kernel: IPv6: ADDRCONF(NETDEV_CHANGE): eth0: link becomes ready
Jul 13 00:37:24 kria kernel: BUG: sleeping function called from invalid context at kernel/locking/spinlock_rt.c:46
Jul 13 00:37:24 kria kernel: in_atomic(): 1, irqs_disabled(): 0, non_block: 0, pid: 1303, name: kerneloops
Jul 13 00:37:24 kria kernel: preempt_count: 1, expected: 0
Jul 13 00:37:24 kria kernel: RCU nest depth: 0, expected: 0
Jul 13 00:37:24 kria kernel: Preemption disabled at:
Jul 13 00:37:24 kria kernel: [<ffffbb5f3febd338>] __radix_tree_preload+0x28/0x110
Jul 13 00:37:24 kria kernel: CPU: 0 PID: 1303 Comm: kerneloops Tainted: G        WC        5.15.199-rt91-rt-kv260 #4
Jul 13 00:37:24 kria kernel: Hardware name: ZynqMP KV260 revB (DT)
Jul 13 00:37:24 kria kernel: Call trace:
Jul 13 00:37:24 kria kernel:  dump_backtrace+0x0/0x1f0
Jul 13 00:37:24 kria kernel:  show_stack+0x20/0x2c
Jul 13 00:37:24 kria kernel:  dump_stack_lvl+0x68/0x84
Jul 13 00:37:24 kria kernel:  dump_stack+0x18/0x34
Jul 13 00:37:24 kria kernel:  __might_resched+0x15c/0x1c0
Jul 13 00:37:24 kria kernel:  rt_spin_lock+0x38/0xd0
Jul 13 00:37:24 kria kernel:  alloc_pid+0x280/0x3d0
Jul 13 00:37:24 kria kernel:  copy_process+0x9fc/0x1da4
Jul 13 00:37:24 kria kernel:  kernel_clone+0x98/0x570
Jul 13 00:37:24 kria kernel:  __do_sys_clone+0x74/0xb0
Jul 13 00:37:24 kria kernel:  __arm64_sys_clone+0x28/0x34
Jul 13 00:37:24 kria kernel:  invoke_syscall+0x78/0x100
Jul 13 00:37:24 kria kernel:  el0_svc_common.constprop.0+0x54/0x184
Jul 13 00:37:24 kria kernel:  do_el0_svc+0x30/0xac
Jul 13 00:37:24 kria kernel:  el0_svc+0x28/0xb0
Jul 13 00:37:24 kria kernel:  el0t_64_sync_handler+0xa4/0x12c
Jul 13 00:37:24 kria kernel:  el0t_64_sync+0x1a4/0x1a8
Jul 13 00:37:24 kria kernel: audit: type=1400 audit(1783870644.944:69): apparmor="DENIED" operation="capable" profile="/usr/sbin/cups-browsed" pid=1296 comm="cups-browsed" capability=23  capname="sys_nice"
Jul 13 00:37:25 kria kernel: BUG: sleeping function called from invalid context at kernel/locking/spinlock_rt.c:46
Jul 13 00:37:25 kria kernel: in_atomic(): 1, irqs_disabled(): 0, non_block: 0, pid: 1258, name: containerd
Jul 13 00:37:25 kria kernel: preempt_count: 1, expected: 0
Jul 13 00:37:25 kria kernel: RCU nest depth: 0, expected: 0
Jul 13 00:37:25 kria kernel: Preemption disabled at:
Jul 13 00:37:25 kria kernel: [<ffffbb5f3febd338>] __radix_tree_preload+0x28/0x110
Jul 13 00:37:25 kria kernel: CPU: 2 PID: 1258 Comm: containerd Tainted: G        WC        5.15.199-rt91-rt-kv260 #4
Jul 13 00:37:25 kria kernel: Hardware name: ZynqMP KV260 revB (DT)
Jul 13 00:37:25 kria kernel: Call trace:
Jul 13 00:37:25 kria kernel:  dump_backtrace+0x0/0x1f0
Jul 13 00:37:25 kria kernel:  show_stack+0x20/0x2c
Jul 13 00:37:25 kria kernel:  dump_stack_lvl+0x68/0x84
Jul 13 00:37:25 kria kernel:  dump_stack+0x18/0x34
Jul 13 00:37:25 kria kernel:  __might_resched+0x15c/0x1c0
Jul 13 00:37:25 kria kernel:  rt_spin_lock+0x38/0xd0
Jul 13 00:37:25 kria kernel:  alloc_pid+0x280/0x3d0
Jul 13 00:37:25 kria kernel:  copy_process+0x9fc/0x1da4
Jul 13 00:37:25 kria kernel:  kernel_clone+0x98/0x570
Jul 13 00:37:25 kria kernel:  __do_sys_clone+0x74/0xb0
Jul 13 00:37:25 kria kernel:  __arm64_sys_clone+0x28/0x34
Jul 13 00:37:25 kria kernel:  invoke_syscall+0x78/0x100
Jul 13 00:37:25 kria kernel:  el0_svc_common.constprop.0+0x54/0x184
Jul 13 00:37:25 kria kernel:  do_el0_svc+0x30/0xac
Jul 13 00:37:25 kria kernel:  el0_svc+0x28/0xb0
Jul 13 00:37:25 kria kernel:  el0t_64_sync_handler+0xa4/0x12c
Jul 13 00:37:25 kria kernel:  el0t_64_sync+0x1a4/0x1a8
Jul 13 00:37:26 kria kernel: overlayfs: idmapped layers are currently not supported
Jul 13 00:37:27 kria kernel: BUG: sleeping function called from invalid context at kernel/locking/spinlock_rt.c:46
Jul 13 00:37:27 kria kernel: in_atomic(): 1, irqs_disabled(): 0, non_block: 0, pid: 1484, name: containerd-shim
Jul 13 00:37:27 kria kernel: preempt_count: 1, expected: 0
Jul 13 00:37:27 kria kernel: RCU nest depth: 0, expected: 0
Jul 13 00:37:27 kria kernel: Preemption disabled at:
Jul 13 00:37:27 kria kernel: [<ffffbb5f3febd338>] __radix_tree_preload+0x28/0x110
Jul 13 00:37:27 kria kernel: CPU: 2 PID: 1484 Comm: containerd-shim Tainted: G        WC        5.15.199-rt91-rt-kv260 #4
Jul 13 00:37:27 kria kernel: Hardware name: ZynqMP KV260 revB (DT)
Jul 13 00:37:27 kria kernel: Call trace:
Jul 13 00:37:27 kria kernel:  dump_backtrace+0x0/0x1f0
Jul 13 00:37:27 kria kernel:  show_stack+0x20/0x2c
Jul 13 00:37:27 kria kernel:  dump_stack_lvl+0x68/0x84
Jul 13 00:37:27 kria kernel:  dump_stack+0x18/0x34
Jul 13 00:37:27 kria kernel:  __might_resched+0x15c/0x1c0
Jul 13 00:37:27 kria kernel:  rt_spin_lock+0x38/0xd0
Jul 13 00:37:27 kria kernel:  alloc_pid+0x280/0x3d0
Jul 13 00:37:27 kria kernel:  copy_process+0x9fc/0x1da4
Jul 13 00:37:27 kria kernel:  kernel_clone+0x98/0x570
Jul 13 00:37:27 kria kernel:  __do_sys_clone+0x74/0xb0
Jul 13 00:37:27 kria kernel:  __arm64_sys_clone+0x28/0x34
Jul 13 00:37:27 kria kernel:  invoke_syscall+0x78/0x100
Jul 13 00:37:27 kria kernel:  el0_svc_common.constprop.0+0x54/0x184
Jul 13 00:37:27 kria kernel:  do_el0_svc+0x30/0xac
Jul 13 00:37:27 kria kernel:  el0_svc+0x28/0xb0
Jul 13 00:37:27 kria kernel:  el0t_64_sync_handler+0xa4/0x12c
Jul 13 00:37:27 kria kernel:  el0t_64_sync+0x1a4/0x1a8
Jul 13 00:37:28 kria kernel: BUG: sleeping function called from invalid context at kernel/locking/spinlock_rt.c:46
Jul 13 00:37:28 kria kernel: in_atomic(): 1, irqs_disabled(): 0, non_block: 0, pid: 1490, name: colord
Jul 13 00:37:28 kria kernel: preempt_count: 1, expected: 0
Jul 13 00:37:28 kria kernel: RCU nest depth: 0, expected: 0
Jul 13 00:37:28 kria kernel: Preemption disabled at:
Jul 13 00:37:28 kria kernel: [<ffffbb5f3febd338>] __radix_tree_preload+0x28/0x110
Jul 13 00:37:28 kria kernel: CPU: 3 PID: 1490 Comm: colord Tainted: G        WC        5.15.199-rt91-rt-kv260 #4
Jul 13 00:37:28 kria kernel: Hardware name: ZynqMP KV260 revB (DT)
Jul 13 00:37:28 kria kernel: Call trace:
Jul 13 00:37:28 kria kernel:  dump_backtrace+0x0/0x1f0
Jul 13 00:37:28 kria kernel:  show_stack+0x20/0x2c
Jul 13 00:37:28 kria kernel:  dump_stack_lvl+0x68/0x84
Jul 13 00:37:28 kria kernel:  dump_stack+0x18/0x34
Jul 13 00:37:28 kria kernel:  __might_resched+0x15c/0x1c0
Jul 13 00:37:28 kria kernel:  rt_spin_lock+0x38/0xd0
Jul 13 00:37:28 kria kernel:  __arm64_sys_inotify_add_watch+0x340/0x450
Jul 13 00:37:28 kria kernel:  invoke_syscall+0x78/0x100
Jul 13 00:37:28 kria kernel:  el0_svc_common.constprop.0+0x54/0x184
Jul 13 00:37:28 kria kernel:  do_el0_svc+0x30/0xac
Jul 13 00:37:28 kria kernel:  el0_svc+0x28/0xb0
Jul 13 00:37:28 kria kernel:  el0t_64_sync_handler+0xa4/0x12c
Jul 13 00:37:28 kria kernel:  el0t_64_sync+0x1a4/0x1a8
Jul 13 00:37:29 kria kernel: BUG: sleeping function called from invalid context at kernel/locking/spinlock_rt.c:46
Jul 13 00:37:29 kria kernel: in_atomic(): 1, irqs_disabled(): 0, non_block: 0, pid: 1503, name: dockerd
Jul 13 00:37:29 kria kernel: preempt_count: 1, expected: 0
Jul 13 00:37:29 kria kernel: RCU nest depth: 0, expected: 0
Jul 13 00:37:29 kria kernel: Preemption disabled at:
Jul 13 00:37:29 kria kernel: [<ffffbb5f3febd338>] __radix_tree_preload+0x28/0x110
Jul 13 00:37:29 kria kernel: CPU: 3 PID: 1503 Comm: dockerd Tainted: G        WC        5.15.199-rt91-rt-kv260 #4
Jul 13 00:37:29 kria kernel: Hardware name: ZynqMP KV260 revB (DT)
Jul 13 00:37:29 kria kernel: Call trace:
Jul 13 00:37:29 kria kernel:  dump_backtrace+0x0/0x1f0
Jul 13 00:37:29 kria kernel:  show_stack+0x20/0x2c
Jul 13 00:37:29 kria kernel:  dump_stack_lvl+0x68/0x84
Jul 13 00:37:29 kria kernel:  dump_stack+0x18/0x34
Jul 13 00:37:29 kria kernel:  __might_resched+0x15c/0x1c0
Jul 13 00:37:29 kria kernel:  rt_spin_lock+0x38/0xd0
Jul 13 00:37:29 kria kernel:  alloc_pid+0x280/0x3d0
Jul 13 00:37:29 kria kernel:  copy_process+0x9fc/0x1da4
Jul 13 00:37:29 kria kernel:  kernel_clone+0x98/0x570
Jul 13 00:37:29 kria kernel:  __do_sys_clone+0x74/0xb0
Jul 13 00:37:29 kria kernel:  __arm64_sys_clone+0x28/0x34
Jul 13 00:37:29 kria kernel:  invoke_syscall+0x78/0x100
Jul 13 00:37:29 kria kernel:  el0_svc_common.constprop.0+0x54/0x184
Jul 13 00:37:29 kria kernel:  do_el0_svc+0x30/0xac
Jul 13 00:37:29 kria kernel:  el0_svc+0x28/0xb0
Jul 13 00:37:29 kria kernel:  el0t_64_sync_handler+0xa4/0x12c
Jul 13 00:37:29 kria kernel:  el0t_64_sync+0x1a4/0x1a8
Jul 13 00:37:31 kria kernel: BUG: sleeping function called from invalid context at kernel/locking/spinlock_rt.c:46
Jul 13 00:37:31 kria kernel: in_atomic(): 1, irqs_disabled(): 0, non_block: 0, pid: 1513, name: dockerd
Jul 13 00:37:31 kria kernel: preempt_count: 1, expected: 0
Jul 13 00:37:31 kria kernel: RCU nest depth: 0, expected: 0
Jul 13 00:37:31 kria kernel: Preemption disabled at:
Jul 13 00:37:31 kria kernel: [<ffffbb5f3febd338>] __radix_tree_preload+0x28/0x110
Jul 13 00:37:31 kria kernel: CPU: 3 PID: 1513 Comm: dockerd Tainted: G        WC        5.15.199-rt91-rt-kv260 #4
Jul 13 00:37:31 kria kernel: Hardware name: ZynqMP KV260 revB (DT)
Jul 13 00:37:31 kria kernel: Call trace:
Jul 13 00:37:31 kria kernel:  dump_backtrace+0x0/0x1f0
Jul 13 00:37:31 kria kernel:  show_stack+0x20/0x2c
Jul 13 00:37:31 kria kernel:  dump_stack_lvl+0x68/0x84
Jul 13 00:37:31 kria kernel:  dump_stack+0x18/0x34
Jul 13 00:37:31 kria kernel:  __might_resched+0x15c/0x1c0
Jul 13 00:37:31 kria kernel:  rt_spin_lock+0x38/0xd0
Jul 13 00:37:31 kria kernel:  alloc_pid+0x280/0x3d0
Jul 13 00:37:31 kria kernel:  copy_process+0x9fc/0x1da4
Jul 13 00:37:31 kria kernel:  kernel_clone+0x98/0x570
Jul 13 00:37:31 kria kernel:  __do_sys_clone+0x74/0xb0
Jul 13 00:37:31 kria kernel:  __arm64_sys_clone+0x28/0x34
Jul 13 00:37:31 kria kernel:  invoke_syscall+0x78/0x100
Jul 13 00:37:31 kria kernel:  el0_svc_common.constprop.0+0x54/0x184
Jul 13 00:37:31 kria kernel:  do_el0_svc+0x30/0xac
Jul 13 00:37:31 kria kernel:  el0_svc+0x28/0xb0
Jul 13 00:37:31 kria kernel:  el0t_64_sync_handler+0xa4/0x12c
Jul 13 00:37:31 kria kernel:  el0t_64_sync+0x1a4/0x1a8
Jul 13 00:37:32 kria kernel: BUG: sleeping function called from invalid context at kernel/locking/spinlock_rt.c:46
Jul 13 00:37:32 kria kernel: in_atomic(): 1, irqs_disabled(): 0, non_block: 0, pid: 1513, name: dockerd
Jul 13 00:37:32 kria kernel: preempt_count: 1, expected: 0
Jul 13 00:37:32 kria kernel: RCU nest depth: 0, expected: 0
Jul 13 00:37:32 kria kernel: Preemption disabled at:
Jul 13 00:37:32 kria kernel: [<ffffbb5f3febd338>] __radix_tree_preload+0x28/0x110
Jul 13 00:37:32 kria kernel: CPU: 3 PID: 1513 Comm: dockerd Tainted: G        WC        5.15.199-rt91-rt-kv260 #4
Jul 13 00:37:32 kria kernel: Hardware name: ZynqMP KV260 revB (DT)
Jul 13 00:37:32 kria kernel: Call trace:
Jul 13 00:37:32 kria kernel:  dump_backtrace+0x0/0x1f0
Jul 13 00:37:32 kria kernel:  show_stack+0x20/0x2c
Jul 13 00:37:32 kria kernel:  dump_stack_lvl+0x68/0x84
Jul 13 00:37:32 kria kernel:  dump_stack+0x18/0x34
Jul 13 00:37:32 kria kernel:  __might_resched+0x15c/0x1c0
Jul 13 00:37:32 kria kernel:  rt_spin_lock+0x38/0xd0
Jul 13 00:37:32 kria kernel:  alloc_pid+0x280/0x3d0
Jul 13 00:37:32 kria kernel:  copy_process+0x9fc/0x1da4
Jul 13 00:37:32 kria kernel:  kernel_clone+0x98/0x570
Jul 13 00:37:32 kria kernel:  __do_sys_clone+0x74/0xb0
Jul 13 00:37:32 kria kernel:  __arm64_sys_clone+0x28/0x34
Jul 13 00:37:32 kria kernel:  invoke_syscall+0x78/0x100
Jul 13 00:37:32 kria kernel:  el0_svc_common.constprop.0+0x54/0x184
Jul 13 00:37:32 kria kernel:  do_el0_svc+0x30/0xac
Jul 13 00:37:32 kria kernel:  el0_svc+0x28/0xb0
Jul 13 00:37:32 kria kernel:  el0t_64_sync_handler+0xa4/0x12c
Jul 13 00:37:32 kria kernel:  el0t_64_sync+0x1a4/0x1a8
Jul 13 00:37:33 kria kernel: audit: type=1400 audit(1783870653.359:70): apparmor="STATUS" operation="profile_load" profile="unconfined" name="docker-default" pid=1538 comm="apparmor_parser"
Jul 13 00:37:33 kria kernel: BUG: sleeping function called from invalid context at kernel/locking/spinlock_rt.c:46
Jul 13 00:37:33 kria kernel: in_atomic(): 1, irqs_disabled(): 0, non_block: 0, pid: 1591, name: modprobe
Jul 13 00:37:33 kria kernel: preempt_count: 1, expected: 0
Jul 13 00:37:33 kria kernel: RCU nest depth: 0, expected: 0
Jul 13 00:37:33 kria kernel: Preemption disabled at:
Jul 13 00:37:33 kria kernel: [<ffffbb5f3febd338>] __radix_tree_preload+0x28/0x110
Jul 13 00:37:33 kria kernel: CPU: 1 PID: 1591 Comm: modprobe Tainted: G        WC        5.15.199-rt91-rt-kv260 #4
Jul 13 00:37:33 kria kernel: Hardware name: ZynqMP KV260 revB (DT)
Jul 13 00:37:33 kria kernel: Call trace:
Jul 13 00:37:33 kria kernel:  dump_backtrace+0x0/0x1f0
Jul 13 00:37:33 kria kernel:  show_stack+0x20/0x2c
Jul 13 00:37:33 kria kernel:  dump_stack_lvl+0x68/0x84
Jul 13 00:37:33 kria kernel:  dump_stack+0x18/0x34
Jul 13 00:37:33 kria kernel:  __might_resched+0x15c/0x1c0
Jul 13 00:37:33 kria kernel:  rt_spin_lock+0x38/0xd0
Jul 13 00:37:33 kria kernel:  btf_alloc_id+0x48/0xf0
Jul 13 00:37:33 kria kernel:  btf_module_notify+0x240/0x510
Jul 13 00:37:33 kria kernel:  blocking_notifier_call_chain_robust+0x80/0xec
Jul 13 00:37:33 kria kernel:  load_module+0x1cd4/0x2630
Jul 13 00:37:33 kria kernel:  __do_sys_finit_module+0xac/0x11c
Jul 13 00:37:33 kria kernel:  __arm64_sys_finit_module+0x28/0x34
Jul 13 00:37:33 kria kernel:  invoke_syscall+0x78/0x100
Jul 13 00:37:33 kria kernel:  el0_svc_common.constprop.0+0x54/0x184
Jul 13 00:37:33 kria kernel:  do_el0_svc+0x30/0xac
Jul 13 00:37:33 kria kernel:  el0_svc+0x28/0xb0
Jul 13 00:37:33 kria kernel:  el0t_64_sync_handler+0xa4/0x12c
Jul 13 00:37:33 kria kernel:  el0t_64_sync+0x1a4/0x1a8
Jul 13 00:37:34 kria kernel: bridge: filtering via arp/ip/ip6tables is no longer available by default. Update your scripts to load br_netfilter if you need this.
Jul 13 00:37:34 kria kernel: BUG: sleeping function called from invalid context at kernel/locking/spinlock_rt.c:46
Jul 13 00:37:34 kria kernel: in_atomic(): 1, irqs_disabled(): 0, non_block: 0, pid: 1729, name: fanctl
Jul 13 00:37:34 kria kernel: preempt_count: 1, expected: 0
Jul 13 00:37:34 kria kernel: RCU nest depth: 0, expected: 0
Jul 13 00:37:34 kria kernel: Preemption disabled at:
Jul 13 00:37:34 kria kernel: [<ffffbb5f3febd338>] __radix_tree_preload+0x28/0x110
Jul 13 00:37:34 kria kernel: CPU: 0 PID: 1729 Comm: fanctl Tainted: G        WC        5.15.199-rt91-rt-kv260 #4
Jul 13 00:37:34 kria kernel: Hardware name: ZynqMP KV260 revB (DT)
Jul 13 00:37:34 kria kernel: Call trace:
Jul 13 00:37:34 kria kernel:  dump_backtrace+0x0/0x1f0
Jul 13 00:37:34 kria kernel:  show_stack+0x20/0x2c
Jul 13 00:37:34 kria kernel:  dump_stack_lvl+0x68/0x84
Jul 13 00:37:34 kria kernel:  dump_stack+0x18/0x34
Jul 13 00:37:34 kria kernel:  __might_resched+0x15c/0x1c0
Jul 13 00:37:34 kria kernel:  rt_spin_lock+0x38/0xd0
Jul 13 00:37:34 kria kernel:  alloc_pid+0x280/0x3d0
Jul 13 00:37:34 kria kernel:  copy_process+0x9fc/0x1da4
Jul 13 00:37:34 kria kernel:  kernel_clone+0x98/0x570
Jul 13 00:37:34 kria kernel:  __do_sys_clone+0x74/0xb0
Jul 13 00:37:34 kria kernel:  __arm64_sys_clone+0x28/0x34
Jul 13 00:37:34 kria kernel:  invoke_syscall+0x78/0x100
Jul 13 00:37:34 kria kernel:  el0_svc_common.constprop.0+0x54/0x184
Jul 13 00:37:34 kria kernel:  do_el0_svc+0x30/0xac
Jul 13 00:37:34 kria kernel:  el0_svc+0x28/0xb0
Jul 13 00:37:34 kria kernel:  el0t_64_sync_handler+0xa4/0x12c
Jul 13 00:37:34 kria kernel:  el0t_64_sync+0x1a4/0x1a8
Jul 13 00:37:40 kria kernel: BUG: sleeping function called from invalid context at kernel/locking/spinlock_rt.c:46
Jul 13 00:37:40 kria kernel: in_atomic(): 1, irqs_disabled(): 0, non_block: 0, pid: 1091, name: fancontrol
Jul 13 00:37:40 kria kernel: preempt_count: 1, expected: 0
Jul 13 00:37:40 kria kernel: RCU nest depth: 0, expected: 0
Jul 13 00:37:40 kria kernel: Preemption disabled at:
Jul 13 00:37:40 kria kernel: [<ffffbb5f3febd338>] __radix_tree_preload+0x28/0x110
Jul 13 00:37:40 kria kernel: CPU: 3 PID: 1091 Comm: fancontrol Tainted: G        WC        5.15.199-rt91-rt-kv260 #4
Jul 13 00:37:40 kria kernel: Hardware name: ZynqMP KV260 revB (DT)
Jul 13 00:37:40 kria kernel: Call trace:
Jul 13 00:37:40 kria kernel:  dump_backtrace+0x0/0x1f0
Jul 13 00:37:40 kria kernel:  show_stack+0x20/0x2c
Jul 13 00:37:40 kria kernel:  dump_stack_lvl+0x68/0x84
Jul 13 00:37:40 kria kernel:  dump_stack+0x18/0x34
Jul 13 00:37:40 kria kernel:  __might_resched+0x15c/0x1c0
Jul 13 00:37:40 kria kernel:  rt_spin_lock+0x38/0xd0
Jul 13 00:37:40 kria kernel:  alloc_pid+0x280/0x3d0
Jul 13 00:37:40 kria kernel:  copy_process+0x9fc/0x1da4
Jul 13 00:37:40 kria kernel:  kernel_clone+0x98/0x570
Jul 13 00:37:40 kria kernel:  __do_sys_clone+0x74/0xb0
Jul 13 00:37:40 kria kernel:  __arm64_sys_clone+0x28/0x34
Jul 13 00:37:40 kria kernel:  invoke_syscall+0x78/0x100
Jul 13 00:37:40 kria kernel:  el0_svc_common.constprop.0+0x54/0x184
Jul 13 00:37:40 kria kernel:  do_el0_svc+0x30/0xac
Jul 13 00:37:40 kria kernel:  el0_svc+0x28/0xb0
Jul 13 00:37:40 kria kernel:  el0t_64_sync_handler+0xa4/0x12c
Jul 13 00:37:40 kria kernel:  el0t_64_sync+0x1a4/0x1a8
Jul 13 00:37:45 kria kernel: BUG: sleeping function called from invalid context at kernel/locking/spinlock_rt.c:46
Jul 13 00:37:45 kria kernel: in_atomic(): 1, irqs_disabled(): 0, non_block: 0, pid: 1091, name: fancontrol
Jul 13 00:37:45 kria kernel: preempt_count: 1, expected: 0
Jul 13 00:37:45 kria kernel: RCU nest depth: 0, expected: 0
Jul 13 00:37:45 kria kernel: Preemption disabled at:
Jul 13 00:37:45 kria kernel: [<ffffbb5f3febd338>] __radix_tree_preload+0x28/0x110
Jul 13 00:37:45 kria kernel: CPU: 3 PID: 1091 Comm: fancontrol Tainted: G        WC        5.15.199-rt91-rt-kv260 #4
Jul 13 00:37:45 kria kernel: Hardware name: ZynqMP KV260 revB (DT)
Jul 13 00:37:45 kria kernel: Call trace:
Jul 13 00:37:45 kria kernel:  dump_backtrace+0x0/0x1f0
Jul 13 00:37:45 kria kernel:  show_stack+0x20/0x2c
Jul 13 00:37:45 kria kernel:  dump_stack_lvl+0x68/0x84
Jul 13 00:37:45 kria kernel:  dump_stack+0x18/0x34
Jul 13 00:37:45 kria kernel:  __might_resched+0x15c/0x1c0
Jul 13 00:37:45 kria kernel:  rt_spin_lock+0x38/0xd0
Jul 13 00:37:45 kria kernel:  alloc_pid+0x280/0x3d0
Jul 13 00:37:45 kria kernel:  copy_process+0x9fc/0x1da4
Jul 13 00:37:45 kria kernel:  kernel_clone+0x98/0x570
Jul 13 00:37:45 kria kernel:  __do_sys_clone+0x74/0xb0
Jul 13 00:37:45 kria kernel:  __arm64_sys_clone+0x28/0x34
Jul 13 00:37:45 kria kernel:  invoke_syscall+0x78/0x100
Jul 13 00:37:45 kria kernel:  el0_svc_common.constprop.0+0x54/0x184
Jul 13 00:37:45 kria kernel:  do_el0_svc+0x30/0xac
Jul 13 00:37:45 kria kernel:  el0_svc+0x28/0xb0
Jul 13 00:37:45 kria kernel:  el0t_64_sync_handler+0xa4/0x12c
Jul 13 00:37:45 kria kernel:  el0t_64_sync+0x1a4/0x1a8
Jul 13 00:37:50 kria kernel: BUG: sleeping function called from invalid context at kernel/locking/spinlock_rt.c:46
Jul 13 00:37:50 kria kernel: in_atomic(): 1, irqs_disabled(): 0, non_block: 0, pid: 1091, name: fancontrol
Jul 13 00:37:50 kria kernel: preempt_count: 1, expected: 0
Jul 13 00:37:50 kria kernel: RCU nest depth: 0, expected: 0
Jul 13 00:37:50 kria kernel: Preemption disabled at:
Jul 13 00:37:50 kria kernel: [<ffffbb5f3febd338>] __radix_tree_preload+0x28/0x110
Jul 13 00:37:50 kria kernel: CPU: 0 PID: 1091 Comm: fancontrol Tainted: G        WC        5.15.199-rt91-rt-kv260 #4
Jul 13 00:37:50 kria kernel: Hardware name: ZynqMP KV260 revB (DT)
Jul 13 00:37:50 kria kernel: Call trace:
Jul 13 00:37:50 kria kernel:  dump_backtrace+0x0/0x1f0
Jul 13 00:37:50 kria kernel:  show_stack+0x20/0x2c
Jul 13 00:37:50 kria kernel:  dump_stack_lvl+0x68/0x84
Jul 13 00:37:50 kria kernel:  dump_stack+0x18/0x34
Jul 13 00:37:50 kria kernel:  __might_resched+0x15c/0x1c0
Jul 13 00:37:50 kria kernel:  rt_spin_lock+0x38/0xd0
Jul 13 00:37:50 kria kernel:  alloc_pid+0x280/0x3d0
Jul 13 00:37:50 kria kernel:  copy_process+0x9fc/0x1da4
Jul 13 00:37:50 kria kernel:  kernel_clone+0x98/0x570
Jul 13 00:37:50 kria kernel:  __do_sys_clone+0x74/0xb0
Jul 13 00:37:50 kria kernel:  __arm64_sys_clone+0x28/0x34
Jul 13 00:37:50 kria kernel:  invoke_syscall+0x78/0x100
Jul 13 00:37:50 kria kernel:  el0_svc_common.constprop.0+0x54/0x184
Jul 13 00:37:50 kria kernel:  do_el0_svc+0x30/0xac
Jul 13 00:37:50 kria kernel:  el0_svc+0x28/0xb0
Jul 13 00:37:50 kria kernel:  el0t_64_sync_handler+0xa4/0x12c
Jul 13 00:37:50 kria kernel:  el0t_64_sync+0x1a4/0x1a8
Jul 13 00:37:51 kria kernel: BUG: sleeping function called from invalid context at kernel/locking/spinlock_rt.c:46
Jul 13 00:37:51 kria kernel: in_atomic(): 1, irqs_disabled(): 0, non_block: 0, pid: 1, name: systemd
Jul 13 00:37:51 kria kernel: preempt_count: 1, expected: 0
Jul 13 00:37:51 kria kernel: RCU nest depth: 0, expected: 0
Jul 13 00:37:51 kria kernel: Preemption disabled at:
Jul 13 00:37:51 kria kernel: [<ffffbb5f3febd338>] __radix_tree_preload+0x28/0x110
Jul 13 00:37:51 kria kernel: CPU: 3 PID: 1 Comm: systemd Tainted: G        WC        5.15.199-rt91-rt-kv260 #4
Jul 13 00:37:51 kria kernel: Hardware name: ZynqMP KV260 revB (DT)
Jul 13 00:37:51 kria kernel: Call trace:
Jul 13 00:37:51 kria kernel:  dump_backtrace+0x0/0x1f0
Jul 13 00:37:51 kria kernel:  show_stack+0x20/0x2c
Jul 13 00:37:51 kria kernel:  dump_stack_lvl+0x68/0x84
Jul 13 00:37:51 kria kernel:  dump_stack+0x18/0x34
Jul 13 00:37:51 kria kernel:  __might_resched+0x15c/0x1c0
Jul 13 00:37:51 kria kernel:  rt_spin_lock+0x38/0xd0
Jul 13 00:37:51 kria kernel:  alloc_pid+0x280/0x3d0
Jul 13 00:37:51 kria kernel:  copy_process+0x9fc/0x1da4
Jul 13 00:37:51 kria kernel:  kernel_clone+0x98/0x570
Jul 13 00:37:51 kria kernel:  __do_sys_clone+0x74/0xb0
Jul 13 00:37:51 kria kernel:  __arm64_sys_clone+0x28/0x34
Jul 13 00:37:51 kria kernel:  invoke_syscall+0x78/0x100
Jul 13 00:37:51 kria kernel:  el0_svc_common.constprop.0+0x54/0x184
Jul 13 00:37:51 kria kernel:  do_el0_svc+0x30/0xac
Jul 13 00:37:51 kria kernel:  el0_svc+0x28/0xb0
Jul 13 00:37:51 kria kernel:  el0t_64_sync_handler+0xa4/0x12c
Jul 13 00:37:51 kria kernel:  el0t_64_sync+0x1a4/0x1a8
Jul 13 00:37:55 kria kernel: BUG: sleeping function called from invalid context at kernel/locking/spinlock_rt.c:46
Jul 13 00:37:55 kria kernel: in_atomic(): 1, irqs_disabled(): 0, non_block: 0, pid: 1091, name: fancontrol
Jul 13 00:37:55 kria kernel: preempt_count: 1, expected: 0
Jul 13 00:37:55 kria kernel: RCU nest depth: 0, expected: 0
Jul 13 00:37:55 kria kernel: Preemption disabled at:
Jul 13 00:37:55 kria kernel: [<ffffbb5f3febd338>] __radix_tree_preload+0x28/0x110
Jul 13 00:37:55 kria kernel: CPU: 0 PID: 1091 Comm: fancontrol Tainted: G        WC        5.15.199-rt91-rt-kv260 #4
Jul 13 00:37:55 kria kernel: Hardware name: ZynqMP KV260 revB (DT)
Jul 13 00:37:55 kria kernel: Call trace:
Jul 13 00:37:55 kria kernel:  dump_backtrace+0x0/0x1f0
Jul 13 00:37:55 kria kernel:  show_stack+0x20/0x2c
Jul 13 00:37:55 kria kernel:  dump_stack_lvl+0x68/0x84
Jul 13 00:37:55 kria kernel:  dump_stack+0x18/0x34
Jul 13 00:37:55 kria kernel:  __might_resched+0x15c/0x1c0
Jul 13 00:37:55 kria kernel:  rt_spin_lock+0x38/0xd0
Jul 13 00:37:55 kria kernel:  alloc_pid+0x280/0x3d0
Jul 13 00:37:55 kria kernel:  copy_process+0x9fc/0x1da4
Jul 13 00:37:55 kria kernel:  kernel_clone+0x98/0x570
Jul 13 00:37:55 kria kernel:  __do_sys_clone+0x74/0xb0
Jul 13 00:37:55 kria kernel:  __arm64_sys_clone+0x28/0x34
Jul 13 00:37:55 kria kernel:  invoke_syscall+0x78/0x100
Jul 13 00:37:55 kria kernel:  el0_svc_common.constprop.0+0x54/0x184
Jul 13 00:37:55 kria kernel:  do_el0_svc+0x30/0xac
Jul 13 00:37:55 kria kernel:  el0_svc+0x28/0xb0
Jul 13 00:37:55 kria kernel:  el0t_64_sync_handler+0xa4/0x12c
Jul 13 00:37:55 kria kernel:  el0t_64_sync+0x1a4/0x1a8
Jul 13 00:37:58 kria kernel: BUG: sleeping function called from invalid context at kernel/locking/spinlock_rt.c:46
Jul 13 00:37:58 kria kernel: in_atomic(): 1, irqs_disabled(): 0, non_block: 0, pid: 977, name: snapd
Jul 13 00:37:58 kria kernel: preempt_count: 1, expected: 0
Jul 13 00:37:58 kria kernel: RCU nest depth: 0, expected: 0
Jul 13 00:37:58 kria kernel: Preemption disabled at:
Jul 13 00:37:58 kria kernel: [<ffffbb5f3febd338>] __radix_tree_preload+0x28/0x110
Jul 13 00:37:58 kria kernel: CPU: 3 PID: 977 Comm: snapd Tainted: G        WC        5.15.199-rt91-rt-kv260 #4
Jul 13 00:37:58 kria kernel: Hardware name: ZynqMP KV260 revB (DT)
Jul 13 00:37:58 kria kernel: Call trace:
Jul 13 00:37:58 kria kernel:  dump_backtrace+0x0/0x1f0
Jul 13 00:37:58 kria kernel:  show_stack+0x20/0x2c
Jul 13 00:37:58 kria kernel:  dump_stack_lvl+0x68/0x84
Jul 13 00:37:58 kria kernel:  dump_stack+0x18/0x34
Jul 13 00:37:58 kria kernel:  __might_resched+0x15c/0x1c0
Jul 13 00:37:58 kria kernel:  rt_spin_lock+0x38/0xd0
Jul 13 00:37:58 kria kernel:  alloc_pid+0x280/0x3d0
Jul 13 00:37:58 kria kernel:  copy_process+0x9fc/0x1da4
Jul 13 00:37:58 kria kernel:  kernel_clone+0x98/0x570
Jul 13 00:37:58 kria kernel:  __do_sys_clone+0x74/0xb0
Jul 13 00:37:58 kria kernel:  __arm64_sys_clone+0x28/0x34
Jul 13 00:37:58 kria kernel:  invoke_syscall+0x78/0x100
Jul 13 00:37:58 kria kernel:  el0_svc_common.constprop.0+0x54/0x184
Jul 13 00:37:58 kria kernel:  do_el0_svc+0x30/0xac
Jul 13 00:37:58 kria kernel:  el0_svc+0x28/0xb0
Jul 13 00:37:58 kria kernel:  el0t_64_sync_handler+0xa4/0x12c
Jul 13 00:37:58 kria kernel:  el0t_64_sync+0x1a4/0x1a8
Jul 13 00:38:00 kria kernel: BUG: sleeping function called from invalid context at kernel/locking/spinlock_rt.c:46
Jul 13 00:38:00 kria kernel: in_atomic(): 1, irqs_disabled(): 0, non_block: 0, pid: 1091, name: fancontrol
Jul 13 00:38:00 kria kernel: preempt_count: 1, expected: 0
Jul 13 00:38:00 kria kernel: RCU nest depth: 0, expected: 0
Jul 13 00:38:00 kria kernel: Preemption disabled at:
Jul 13 00:38:00 kria kernel: [<ffffbb5f3febd338>] __radix_tree_preload+0x28/0x110
Jul 13 00:38:00 kria kernel: CPU: 0 PID: 1091 Comm: fancontrol Tainted: G        WC        5.15.199-rt91-rt-kv260 #4
Jul 13 00:38:00 kria kernel: Hardware name: ZynqMP KV260 revB (DT)
Jul 13 00:38:00 kria kernel: Call trace:
Jul 13 00:38:00 kria kernel:  dump_backtrace+0x0/0x1f0
Jul 13 00:38:00 kria kernel:  show_stack+0x20/0x2c
Jul 13 00:38:00 kria kernel:  dump_stack_lvl+0x68/0x84
Jul 13 00:38:00 kria kernel:  dump_stack+0x18/0x34
Jul 13 00:38:00 kria kernel:  __might_resched+0x15c/0x1c0
Jul 13 00:38:00 kria kernel:  rt_spin_lock+0x38/0xd0
Jul 13 00:38:00 kria kernel:  alloc_pid+0x280/0x3d0
Jul 13 00:38:00 kria kernel:  copy_process+0x9fc/0x1da4
Jul 13 00:38:00 kria kernel:  kernel_clone+0x98/0x570
Jul 13 00:38:00 kria kernel:  __do_sys_clone+0x74/0xb0
Jul 13 00:38:00 kria kernel:  __arm64_sys_clone+0x28/0x34
Jul 13 00:38:00 kria kernel:  invoke_syscall+0x78/0x100
Jul 13 00:38:00 kria kernel:  el0_svc_common.constprop.0+0x54/0x184
Jul 13 00:38:00 kria kernel:  do_el0_svc+0x30/0xac
Jul 13 00:38:00 kria kernel:  el0_svc+0x28/0xb0
Jul 13 00:38:00 kria kernel:  el0t_64_sync_handler+0xa4/0x12c
Jul 13 00:38:00 kria kernel:  el0t_64_sync+0x1a4/0x1a8
Jul 13 00:38:02 kria kernel: BUG: sleeping function called from invalid context at kernel/locking/spinlock_rt.c:46
Jul 13 00:38:02 kria kernel: in_atomic(): 1, irqs_disabled(): 0, non_block: 0, pid: 1650, name: snap
Jul 13 00:38:02 kria kernel: preempt_count: 1, expected: 0
Jul 13 00:38:02 kria kernel: RCU nest depth: 0, expected: 0
Jul 13 00:38:02 kria kernel: Preemption disabled at:
Jul 13 00:38:02 kria kernel: [<ffffbb5f3febd338>] __radix_tree_preload+0x28/0x110
Jul 13 00:38:02 kria kernel: CPU: 1 PID: 1650 Comm: snap Tainted: G        WC        5.15.199-rt91-rt-kv260 #4
Jul 13 00:38:02 kria kernel: Hardware name: ZynqMP KV260 revB (DT)
Jul 13 00:38:02 kria kernel: Call trace:
Jul 13 00:38:02 kria kernel:  dump_backtrace+0x0/0x1f0
Jul 13 00:38:02 kria kernel:  show_stack+0x20/0x2c
Jul 13 00:38:02 kria kernel:  dump_stack_lvl+0x68/0x84
Jul 13 00:38:02 kria kernel:  dump_stack+0x18/0x34
Jul 13 00:38:02 kria kernel:  __might_resched+0x15c/0x1c0
Jul 13 00:38:02 kria kernel:  rt_spin_lock+0x38/0xd0
Jul 13 00:38:02 kria kernel:  alloc_pid+0x280/0x3d0
Jul 13 00:38:02 kria kernel:  copy_process+0x9fc/0x1da4
Jul 13 00:38:02 kria kernel:  kernel_clone+0x98/0x570
Jul 13 00:38:02 kria kernel:  __do_sys_clone+0x74/0xb0
Jul 13 00:38:02 kria kernel:  __arm64_sys_clone+0x28/0x34
Jul 13 00:38:02 kria kernel:  invoke_syscall+0x78/0x100
Jul 13 00:38:02 kria kernel:  el0_svc_common.constprop.0+0x54/0x184
Jul 13 00:38:02 kria kernel:  do_el0_svc+0x30/0xac
Jul 13 00:38:02 kria kernel:  el0_svc+0x28/0xb0
Jul 13 00:38:02 kria kernel:  el0t_64_sync_handler+0xa4/0x12c
Jul 13 00:38:02 kria kernel:  el0t_64_sync+0x1a4/0x1a8
Jul 13 00:38:05 kria kernel: BUG: sleeping function called from invalid context at kernel/locking/spinlock_rt.c:46
Jul 13 00:38:05 kria kernel: in_atomic(): 1, irqs_disabled(): 0, non_block: 0, pid: 1091, name: fancontrol
Jul 13 00:38:05 kria kernel: preempt_count: 1, expected: 0
Jul 13 00:38:05 kria kernel: RCU nest depth: 0, expected: 0
Jul 13 00:38:05 kria kernel: Preemption disabled at:
Jul 13 00:38:05 kria kernel: [<ffffbb5f3febd338>] __radix_tree_preload+0x28/0x110
Jul 13 00:38:05 kria kernel: CPU: 0 PID: 1091 Comm: fancontrol Tainted: G        WC        5.15.199-rt91-rt-kv260 #4
Jul 13 00:38:05 kria kernel: Hardware name: ZynqMP KV260 revB (DT)
Jul 13 00:38:05 kria kernel: Call trace:
Jul 13 00:38:05 kria kernel:  dump_backtrace+0x0/0x1f0
Jul 13 00:38:05 kria kernel:  show_stack+0x20/0x2c
Jul 13 00:38:05 kria kernel:  dump_stack_lvl+0x68/0x84
Jul 13 00:38:05 kria kernel:  dump_stack+0x18/0x34
Jul 13 00:38:05 kria kernel:  __might_resched+0x15c/0x1c0
Jul 13 00:38:05 kria kernel:  rt_spin_lock+0x38/0xd0
Jul 13 00:38:05 kria kernel:  alloc_pid+0x280/0x3d0
Jul 13 00:38:05 kria kernel:  copy_process+0x9fc/0x1da4
Jul 13 00:38:05 kria kernel:  kernel_clone+0x98/0x570
Jul 13 00:38:05 kria kernel:  __do_sys_clone+0x74/0xb0
Jul 13 00:38:05 kria kernel:  __arm64_sys_clone+0x28/0x34
Jul 13 00:38:05 kria kernel:  invoke_syscall+0x78/0x100
Jul 13 00:38:05 kria kernel:  el0_svc_common.constprop.0+0x54/0x184
Jul 13 00:38:05 kria kernel:  do_el0_svc+0x30/0xac
Jul 13 00:38:05 kria kernel:  el0_svc+0x28/0xb0
Jul 13 00:38:05 kria kernel:  el0t_64_sync_handler+0xa4/0x12c
Jul 13 00:38:05 kria kernel:  el0t_64_sync+0x1a4/0x1a8
Jul 13 00:38:06 kria kernel: BUG: sleeping function called from invalid context at kernel/locking/spinlock_rt.c:46
Jul 13 00:38:06 kria kernel: in_atomic(): 1, irqs_disabled(): 0, non_block: 0, pid: 1235, name: snap
Jul 13 00:38:06 kria kernel: preempt_count: 1, expected: 0
Jul 13 00:38:06 kria kernel: RCU nest depth: 0, expected: 0
Jul 13 00:38:06 kria kernel: Preemption disabled at:
Jul 13 00:38:06 kria kernel: [<ffffbb5f3febd338>] __radix_tree_preload+0x28/0x110
Jul 13 00:38:06 kria kernel: CPU: 2 PID: 1235 Comm: snap Tainted: G        WC        5.15.199-rt91-rt-kv260 #4
Jul 13 00:38:06 kria kernel: Hardware name: ZynqMP KV260 revB (DT)
Jul 13 00:38:06 kria kernel: Call trace:
Jul 13 00:38:06 kria kernel:  dump_backtrace+0x0/0x1f0
Jul 13 00:38:06 kria kernel:  show_stack+0x20/0x2c
Jul 13 00:38:06 kria kernel:  dump_stack_lvl+0x68/0x84
Jul 13 00:38:06 kria kernel:  dump_stack+0x18/0x34
Jul 13 00:38:06 kria kernel:  __might_resched+0x15c/0x1c0
Jul 13 00:38:06 kria kernel:  rt_spin_lock+0x38/0xd0
Jul 13 00:38:06 kria kernel:  alloc_pid+0x280/0x3d0
Jul 13 00:38:06 kria kernel:  copy_process+0x9fc/0x1da4
Jul 13 00:38:06 kria kernel:  kernel_clone+0x98/0x570
Jul 13 00:38:06 kria kernel:  __do_sys_clone+0x74/0xb0
Jul 13 00:38:06 kria kernel:  __arm64_sys_clone+0x28/0x34
Jul 13 00:38:06 kria kernel:  invoke_syscall+0x78/0x100
Jul 13 00:38:06 kria kernel:  el0_svc_common.constprop.0+0x54/0x184
Jul 13 00:38:06 kria kernel:  do_el0_svc+0x30/0xac
Jul 13 00:38:06 kria kernel:  el0_svc+0x28/0xb0
Jul 13 00:38:06 kria kernel:  el0t_64_sync_handler+0xa4/0x12c
Jul 13 00:38:06 kria kernel:  el0t_64_sync+0x1a4/0x1a8
Jul 13 00:38:10 kria kernel: BUG: sleeping function called from invalid context at kernel/locking/spinlock_rt.c:46
Jul 13 00:38:10 kria kernel: in_atomic(): 1, irqs_disabled(): 0, non_block: 0, pid: 1091, name: fancontrol
Jul 13 00:38:10 kria kernel: preempt_count: 1, expected: 0
Jul 13 00:38:10 kria kernel: RCU nest depth: 0, expected: 0
Jul 13 00:38:10 kria kernel: Preemption disabled at:
Jul 13 00:38:10 kria kernel: [<ffffbb5f3febd338>] __radix_tree_preload+0x28/0x110
Jul 13 00:38:10 kria kernel: CPU: 0 PID: 1091 Comm: fancontrol Tainted: G        WC        5.15.199-rt91-rt-kv260 #4
Jul 13 00:38:10 kria kernel: Hardware name: ZynqMP KV260 revB (DT)
Jul 13 00:38:10 kria kernel: Call trace:
Jul 13 00:38:10 kria kernel:  dump_backtrace+0x0/0x1f0
Jul 13 00:38:10 kria kernel:  show_stack+0x20/0x2c
Jul 13 00:38:10 kria kernel:  dump_stack_lvl+0x68/0x84
Jul 13 00:38:10 kria kernel:  dump_stack+0x18/0x34
Jul 13 00:38:10 kria kernel:  __might_resched+0x15c/0x1c0
Jul 13 00:38:10 kria kernel:  rt_spin_lock+0x38/0xd0
Jul 13 00:38:10 kria kernel:  alloc_pid+0x280/0x3d0
Jul 13 00:38:10 kria kernel:  copy_process+0x9fc/0x1da4
Jul 13 00:38:10 kria kernel:  kernel_clone+0x98/0x570
Jul 13 00:38:10 kria kernel:  __do_sys_clone+0x74/0xb0
Jul 13 00:38:10 kria kernel:  __arm64_sys_clone+0x28/0x34
Jul 13 00:38:10 kria kernel:  invoke_syscall+0x78/0x100
Jul 13 00:38:10 kria kernel:  el0_svc_common.constprop.0+0x54/0x184
Jul 13 00:38:10 kria kernel:  do_el0_svc+0x30/0xac
Jul 13 00:38:10 kria kernel:  el0_svc+0x28/0xb0
Jul 13 00:38:10 kria kernel:  el0t_64_sync_handler+0xa4/0x12c
Jul 13 00:38:10 kria kernel:  el0t_64_sync+0x1a4/0x1a8
Jul 13 00:38:13 kria kernel: BUG: sleeping function called from invalid context at kernel/locking/spinlock_rt.c:46
Jul 13 00:38:13 kria kernel: in_atomic(): 1, irqs_disabled(): 0, non_block: 0, pid: 1907, name: snap-seccomp
Jul 13 00:38:13 kria kernel: preempt_count: 1, expected: 0
Jul 13 00:38:13 kria kernel: RCU nest depth: 0, expected: 0
Jul 13 00:38:13 kria kernel: Preemption disabled at:
Jul 13 00:38:13 kria kernel: [<ffffbb5f3febd338>] __radix_tree_preload+0x28/0x110
Jul 13 00:38:13 kria kernel: CPU: 1 PID: 1907 Comm: snap-seccomp Tainted: G        WC        5.15.199-rt91-rt-kv260 #4
Jul 13 00:38:13 kria kernel: Hardware name: ZynqMP KV260 revB (DT)
Jul 13 00:38:13 kria kernel: Call trace:
Jul 13 00:38:13 kria kernel:  dump_backtrace+0x0/0x1f0
Jul 13 00:38:13 kria kernel:  show_stack+0x20/0x2c
Jul 13 00:38:13 kria kernel:  dump_stack_lvl+0x68/0x84
Jul 13 00:38:13 kria kernel:  dump_stack+0x18/0x34
Jul 13 00:38:13 kria kernel:  __might_resched+0x15c/0x1c0
Jul 13 00:38:13 kria kernel:  rt_spin_lock+0x38/0xd0
Jul 13 00:38:13 kria kernel:  alloc_pid+0x280/0x3d0
Jul 13 00:38:13 kria kernel:  copy_process+0x9fc/0x1da4
Jul 13 00:38:13 kria kernel:  kernel_clone+0x98/0x570
Jul 13 00:38:13 kria kernel:  __do_sys_clone+0x74/0xb0
Jul 13 00:38:13 kria kernel:  __arm64_sys_clone+0x28/0x34
Jul 13 00:38:13 kria kernel:  invoke_syscall+0x78/0x100
Jul 13 00:38:13 kria kernel:  el0_svc_common.constprop.0+0x54/0x184
Jul 13 00:38:13 kria kernel:  do_el0_svc+0x30/0xac
Jul 13 00:38:13 kria kernel:  el0_svc+0x28/0xb0
Jul 13 00:38:13 kria kernel:  el0t_64_sync_handler+0xa4/0x12c
Jul 13 00:38:13 kria kernel:  el0t_64_sync+0x1a4/0x1a8
Jul 13 00:38:15 kria kernel: BUG: sleeping function called from invalid context at kernel/locking/spinlock_rt.c:46
Jul 13 00:38:15 kria kernel: in_atomic(): 1, irqs_disabled(): 0, non_block: 0, pid: 1907, name: snap-seccomp
Jul 13 00:38:15 kria kernel: preempt_count: 1, expected: 0
Jul 13 00:38:15 kria kernel: RCU nest depth: 0, expected: 0
Jul 13 00:38:15 kria kernel: Preemption disabled at:
Jul 13 00:38:15 kria kernel: [<ffffbb5f3febd338>] __radix_tree_preload+0x28/0x110
Jul 13 00:38:15 kria kernel: CPU: 3 PID: 1907 Comm: snap-seccomp Tainted: G        WC        5.15.199-rt91-rt-kv260 #4
Jul 13 00:38:15 kria kernel: Hardware name: ZynqMP KV260 revB (DT)
Jul 13 00:38:15 kria kernel: Call trace:
Jul 13 00:38:15 kria kernel:  dump_backtrace+0x0/0x1f0
Jul 13 00:38:15 kria kernel:  show_stack+0x20/0x2c
Jul 13 00:38:15 kria kernel:  dump_stack_lvl+0x68/0x84
Jul 13 00:38:15 kria kernel:  dump_stack+0x18/0x34
Jul 13 00:38:15 kria kernel:  __might_resched+0x15c/0x1c0
Jul 13 00:38:15 kria kernel:  rt_spin_lock+0x38/0xd0
Jul 13 00:38:15 kria kernel:  alloc_pid+0x280/0x3d0
Jul 13 00:38:15 kria kernel:  copy_process+0x9fc/0x1da4
Jul 13 00:38:15 kria kernel:  kernel_clone+0x98/0x570
Jul 13 00:38:15 kria kernel:  __do_sys_clone+0x74/0xb0
Jul 13 00:38:15 kria kernel:  __arm64_sys_clone+0x28/0x34
Jul 13 00:38:15 kria kernel:  invoke_syscall+0x78/0x100
Jul 13 00:38:15 kria kernel:  el0_svc_common.constprop.0+0x54/0x184
Jul 13 00:38:15 kria kernel:  do_el0_svc+0x30/0xac
Jul 13 00:38:15 kria kernel:  el0_svc+0x28/0xb0
Jul 13 00:38:15 kria kernel:  el0t_64_sync_handler+0xa4/0x12c
Jul 13 00:38:15 kria kernel:  el0t_64_sync+0x1a4/0x1a8
Jul 13 00:38:16 kria kernel: BUG: sleeping function called from invalid context at kernel/locking/spinlock_rt.c:46
Jul 13 00:38:16 kria kernel: in_atomic(): 1, irqs_disabled(): 0, non_block: 0, pid: 1235, name: snap-exec
Jul 13 00:38:16 kria kernel: preempt_count: 1, expected: 0
Jul 13 00:38:16 kria kernel: RCU nest depth: 1, expected: 1
Jul 13 00:38:16 kria kernel: Preemption disabled at:
Jul 13 00:38:16 kria kernel: [<ffffbb5f3febd338>] __radix_tree_preload+0x28/0x110
Jul 13 00:38:16 kria kernel: CPU: 1 PID: 1235 Comm: snap-exec Tainted: G        WC        5.15.199-rt91-rt-kv260 #4
Jul 13 00:38:16 kria kernel: Hardware name: ZynqMP KV260 revB (DT)
Jul 13 00:38:16 kria kernel: Call trace:
Jul 13 00:38:16 kria kernel:  dump_backtrace+0x0/0x1f0
Jul 13 00:38:16 kria kernel:  show_stack+0x20/0x2c
Jul 13 00:38:16 kria kernel:  dump_stack_lvl+0x68/0x84
Jul 13 00:38:16 kria kernel:  dump_stack+0x18/0x34
Jul 13 00:38:16 kria kernel:  __might_resched+0x15c/0x1c0
Jul 13 00:38:16 kria kernel:  rt_spin_lock+0x38/0xd0
Jul 13 00:38:16 kria kernel:  aa_alloc_secid+0x38/0xac
Jul 13 00:38:16 kria kernel:  aa_label_alloc+0x64/0x18c
Jul 13 00:38:16 kria kernel:  aa_label_merge+0x5c/0x7e0
Jul 13 00:38:16 kria kernel:  update_file_ctx+0x40/0xe0
Jul 13 00:38:16 kria kernel:  aa_file_perm+0x4bc/0x580
Jul 13 00:38:16 kria kernel:  apparmor_mmap_file+0x9c/0x1a0
Jul 13 00:38:16 kria kernel:  security_mmap_file+0x84/0xcc
Jul 13 00:38:16 kria kernel:  vm_mmap_pgoff+0x70/0x17c
Jul 13 00:38:16 kria kernel:  vm_mmap+0x34/0x50
Jul 13 00:38:16 kria kernel:  elf_map+0xb8/0xf0
Jul 13 00:38:16 kria kernel:  load_elf_binary+0x434/0x1890
Jul 13 00:38:16 kria kernel:  bprm_execve+0x228/0x5fc
Jul 13 00:38:16 kria kernel:  do_execveat_common.isra.0+0x1a4/0x240
Jul 13 00:38:16 kria kernel:  __arm64_sys_execve+0x48/0x60
Jul 13 00:38:16 kria kernel:  invoke_syscall+0x78/0x100
Jul 13 00:38:16 kria kernel:  el0_svc_common.constprop.0+0x54/0x184
Jul 13 00:38:16 kria kernel:  do_el0_svc+0x30/0xac
Jul 13 00:38:16 kria kernel:  el0_svc+0x28/0xb0
Jul 13 00:38:16 kria kernel:  el0t_64_sync_handler+0xa4/0x12c
Jul 13 00:38:16 kria kernel:  el0t_64_sync+0x1a4/0x1a8
Jul 13 00:38:20 kria kernel: BUG: sleeping function called from invalid context at kernel/locking/spinlock_rt.c:46
Jul 13 00:38:20 kria kernel: in_atomic(): 1, irqs_disabled(): 0, non_block: 0, pid: 1091, name: fancontrol
Jul 13 00:38:20 kria kernel: preempt_count: 1, expected: 0
Jul 13 00:38:20 kria kernel: RCU nest depth: 0, expected: 0
Jul 13 00:38:20 kria kernel: Preemption disabled at:
Jul 13 00:38:20 kria kernel: [<ffffbb5f3febd338>] __radix_tree_preload+0x28/0x110
Jul 13 00:38:20 kria kernel: CPU: 1 PID: 1091 Comm: fancontrol Tainted: G        WC        5.15.199-rt91-rt-kv260 #4
Jul 13 00:38:20 kria kernel: Hardware name: ZynqMP KV260 revB (DT)
Jul 13 00:38:20 kria kernel: Call trace:
Jul 13 00:38:20 kria kernel:  dump_backtrace+0x0/0x1f0
Jul 13 00:38:20 kria kernel:  show_stack+0x20/0x2c
Jul 13 00:38:20 kria kernel:  dump_stack_lvl+0x68/0x84
Jul 13 00:38:20 kria kernel:  dump_stack+0x18/0x34
Jul 13 00:38:20 kria kernel:  __might_resched+0x15c/0x1c0
Jul 13 00:38:20 kria kernel:  rt_spin_lock+0x38/0xd0
Jul 13 00:38:20 kria kernel:  alloc_pid+0x280/0x3d0
Jul 13 00:38:20 kria kernel:  copy_process+0x9fc/0x1da4
Jul 13 00:38:20 kria kernel:  kernel_clone+0x98/0x570
Jul 13 00:38:20 kria kernel:  __do_sys_clone+0x74/0xb0
Jul 13 00:38:20 kria kernel:  __arm64_sys_clone+0x28/0x34
Jul 13 00:38:20 kria kernel:  invoke_syscall+0x78/0x100
Jul 13 00:38:20 kria kernel:  el0_svc_common.constprop.0+0x54/0x184
Jul 13 00:38:20 kria kernel:  do_el0_svc+0x30/0xac
Jul 13 00:38:20 kria kernel:  el0_svc+0x28/0xb0
Jul 13 00:38:20 kria kernel:  el0t_64_sync_handler+0xa4/0x12c
Jul 13 00:38:20 kria kernel:  el0t_64_sync+0x1a4/0x1a8
Jul 13 00:38:23 kria kernel: BUG: sleeping function called from invalid context at kernel/locking/spinlock_rt.c:46
Jul 13 00:38:23 kria kernel: in_atomic(): 1, irqs_disabled(): 0, non_block: 0, pid: 1235, name: snap-exec
Jul 13 00:38:23 kria kernel: preempt_count: 1, expected: 0
Jul 13 00:38:23 kria kernel: RCU nest depth: 0, expected: 0
Jul 13 00:38:23 kria kernel: Preemption disabled at:
Jul 13 00:38:23 kria kernel: [<ffffbb5f3febd338>] __radix_tree_preload+0x28/0x110
Jul 13 00:38:23 kria kernel: CPU: 0 PID: 1235 Comm: snap-exec Tainted: G        WC        5.15.199-rt91-rt-kv260 #4
Jul 13 00:38:23 kria kernel: Hardware name: ZynqMP KV260 revB (DT)
Jul 13 00:38:23 kria kernel: Call trace:
Jul 13 00:38:23 kria kernel:  dump_backtrace+0x0/0x1f0
Jul 13 00:38:23 kria kernel:  show_stack+0x20/0x2c
Jul 13 00:38:23 kria kernel:  dump_stack_lvl+0x68/0x84
Jul 13 00:38:23 kria kernel:  dump_stack+0x18/0x34
Jul 13 00:38:23 kria kernel:  __might_resched+0x15c/0x1c0
Jul 13 00:38:23 kria kernel:  rt_spin_lock+0x38/0xd0
Jul 13 00:38:23 kria kernel:  alloc_pid+0x280/0x3d0
Jul 13 00:38:23 kria kernel:  copy_process+0x9fc/0x1da4
Jul 13 00:38:23 kria kernel:  kernel_clone+0x98/0x570
Jul 13 00:38:23 kria kernel:  __do_sys_clone+0x74/0xb0
Jul 13 00:38:23 kria kernel:  __arm64_sys_clone+0x28/0x34
Jul 13 00:38:23 kria kernel:  invoke_syscall+0x78/0x100
Jul 13 00:38:23 kria kernel:  el0_svc_common.constprop.0+0x54/0x184
Jul 13 00:38:23 kria kernel:  do_el0_svc+0x30/0xac
Jul 13 00:38:23 kria kernel:  el0_svc+0x28/0xb0
Jul 13 00:38:23 kria kernel:  el0t_64_sync_handler+0xa4/0x12c
Jul 13 00:38:23 kria kernel:  el0t_64_sync+0x1a4/0x1a8
Jul 13 00:38:25 kria kernel: BUG: sleeping function called from invalid context at kernel/locking/spinlock_rt.c:46
Jul 13 00:38:25 kria kernel: in_atomic(): 1, irqs_disabled(): 0, non_block: 0, pid: 1091, name: fancontrol
Jul 13 00:38:25 kria kernel: preempt_count: 1, expected: 0
Jul 13 00:38:25 kria kernel: RCU nest depth: 0, expected: 0
Jul 13 00:38:25 kria kernel: Preemption disabled at:
Jul 13 00:38:25 kria kernel: [<ffffbb5f3febd338>] __radix_tree_preload+0x28/0x110
Jul 13 00:38:25 kria kernel: CPU: 3 PID: 1091 Comm: fancontrol Tainted: G        WC        5.15.199-rt91-rt-kv260 #4
Jul 13 00:38:25 kria kernel: Hardware name: ZynqMP KV260 revB (DT)
Jul 13 00:38:25 kria kernel: Call trace:
Jul 13 00:38:25 kria kernel:  dump_backtrace+0x0/0x1f0
Jul 13 00:38:25 kria kernel:  show_stack+0x20/0x2c
Jul 13 00:38:25 kria kernel:  dump_stack_lvl+0x68/0x84
Jul 13 00:38:25 kria kernel:  dump_stack+0x18/0x34
Jul 13 00:38:25 kria kernel:  __might_resched+0x15c/0x1c0
Jul 13 00:38:25 kria kernel:  rt_spin_lock+0x38/0xd0
Jul 13 00:38:25 kria kernel:  alloc_pid+0x280/0x3d0
Jul 13 00:38:25 kria kernel:  copy_process+0x9fc/0x1da4
Jul 13 00:38:25 kria kernel:  kernel_clone+0x98/0x570
Jul 13 00:38:25 kria kernel:  __do_sys_clone+0x74/0xb0
Jul 13 00:38:25 kria kernel:  __arm64_sys_clone+0x28/0x34
Jul 13 00:38:25 kria kernel:  invoke_syscall+0x78/0x100
Jul 13 00:38:25 kria kernel:  el0_svc_common.constprop.0+0x54/0x184
Jul 13 00:38:25 kria kernel:  do_el0_svc+0x30/0xac
Jul 13 00:38:25 kria kernel:  el0_svc+0x28/0xb0
Jul 13 00:38:25 kria kernel:  el0t_64_sync_handler+0xa4/0x12c
Jul 13 00:38:25 kria kernel:  el0t_64_sync+0x1a4/0x1a8
Jul 13 00:38:30 kria kernel: BUG: sleeping function called from invalid context at kernel/locking/spinlock_rt.c:46
Jul 13 00:38:30 kria kernel: in_atomic(): 1, irqs_disabled(): 0, non_block: 0, pid: 1091, name: fancontrol
Jul 13 00:38:30 kria kernel: preempt_count: 1, expected: 0
Jul 13 00:38:30 kria kernel: RCU nest depth: 0, expected: 0
Jul 13 00:38:30 kria kernel: Preemption disabled at:
Jul 13 00:38:30 kria kernel: [<ffffbb5f3febd338>] __radix_tree_preload+0x28/0x110
Jul 13 00:38:30 kria kernel: CPU: 3 PID: 1091 Comm: fancontrol Tainted: G        WC        5.15.199-rt91-rt-kv260 #4
Jul 13 00:38:30 kria kernel: Hardware name: ZynqMP KV260 revB (DT)
Jul 13 00:38:30 kria kernel: Call trace:
Jul 13 00:38:30 kria kernel:  dump_backtrace+0x0/0x1f0
Jul 13 00:38:30 kria kernel:  show_stack+0x20/0x2c
Jul 13 00:38:30 kria kernel:  dump_stack_lvl+0x68/0x84
Jul 13 00:38:30 kria kernel:  dump_stack+0x18/0x34
Jul 13 00:38:30 kria kernel:  __might_resched+0x15c/0x1c0
Jul 13 00:38:30 kria kernel:  rt_spin_lock+0x38/0xd0
Jul 13 00:38:30 kria kernel:  alloc_pid+0x280/0x3d0
Jul 13 00:38:30 kria kernel:  copy_process+0x9fc/0x1da4
Jul 13 00:38:30 kria kernel:  kernel_clone+0x98/0x570
Jul 13 00:38:30 kria kernel:  __do_sys_clone+0x74/0xb0
Jul 13 00:38:30 kria kernel:  __arm64_sys_clone+0x28/0x34
Jul 13 00:38:30 kria kernel:  invoke_syscall+0x78/0x100
Jul 13 00:38:30 kria kernel:  el0_svc_common.constprop.0+0x54/0x184
Jul 13 00:38:30 kria kernel:  do_el0_svc+0x30/0xac
Jul 13 00:38:30 kria kernel:  el0_svc+0x28/0xb0
Jul 13 00:38:30 kria kernel:  el0t_64_sync_handler+0xa4/0x12c
Jul 13 00:38:30 kria kernel:  el0t_64_sync+0x1a4/0x1a8
Jul 13 00:38:31 kria kernel: BUG: sleeping function called from invalid context at kernel/locking/spinlock_rt.c:46
Jul 13 00:38:31 kria kernel: in_atomic(): 1, irqs_disabled(): 0, non_block: 0, pid: 977, name: snapd
Jul 13 00:38:31 kria kernel: preempt_count: 1, expected: 0
Jul 13 00:38:31 kria kernel: RCU nest depth: 0, expected: 0
Jul 13 00:38:31 kria kernel: Preemption disabled at:
Jul 13 00:38:31 kria kernel: [<ffffbb5f3febd338>] __radix_tree_preload+0x28/0x110
Jul 13 00:38:31 kria kernel: CPU: 3 PID: 977 Comm: snapd Tainted: G        WC        5.15.199-rt91-rt-kv260 #4
Jul 13 00:38:31 kria kernel: Hardware name: ZynqMP KV260 revB (DT)
Jul 13 00:38:31 kria kernel: Call trace:
Jul 13 00:38:31 kria kernel:  dump_backtrace+0x0/0x1f0
Jul 13 00:38:31 kria kernel:  show_stack+0x20/0x2c
Jul 13 00:38:31 kria kernel:  dump_stack_lvl+0x68/0x84
Jul 13 00:38:31 kria kernel:  dump_stack+0x18/0x34
Jul 13 00:38:31 kria kernel:  __might_resched+0x15c/0x1c0
Jul 13 00:38:31 kria kernel:  rt_spin_lock+0x38/0xd0
Jul 13 00:38:31 kria kernel:  alloc_pid+0x280/0x3d0
Jul 13 00:38:31 kria kernel:  copy_process+0x9fc/0x1da4
Jul 13 00:38:31 kria kernel:  kernel_clone+0x98/0x570
Jul 13 00:38:31 kria kernel:  __do_sys_clone+0x74/0xb0
Jul 13 00:38:31 kria kernel:  __arm64_sys_clone+0x28/0x34
Jul 13 00:38:31 kria kernel:  invoke_syscall+0x78/0x100
Jul 13 00:38:31 kria kernel:  el0_svc_common.constprop.0+0x54/0x184
Jul 13 00:38:31 kria kernel:  do_el0_svc+0x30/0xac
Jul 13 00:38:31 kria kernel:  el0_svc+0x28/0xb0
Jul 13 00:38:31 kria kernel:  el0t_64_sync_handler+0xa4/0x12c
Jul 13 00:38:31 kria kernel:  el0t_64_sync+0x1a4/0x1a8
Jul 13 00:38:32 kria kernel: set_capacity_and_notify: 12 callbacks suppressed
Jul 13 00:38:32 kria kernel: loop22: detected capacity change from 0 to 8
Jul 13 00:38:32 kria kernel: BUG: sleeping function called from invalid context at kernel/locking/spinlock_rt.c:46
Jul 13 00:38:32 kria kernel: in_atomic(): 1, irqs_disabled(): 0, non_block: 0, pid: 1891, name: snapd
Jul 13 00:38:32 kria kernel: preempt_count: 1, expected: 0
Jul 13 00:38:32 kria kernel: RCU nest depth: 0, expected: 0
Jul 13 00:38:32 kria kernel: Preemption disabled at:
Jul 13 00:38:32 kria kernel: [<ffffbb5f3febd338>] __radix_tree_preload+0x28/0x110
Jul 13 00:38:32 kria kernel: CPU: 2 PID: 1891 Comm: snapd Tainted: G        WC        5.15.199-rt91-rt-kv260 #4
Jul 13 00:38:32 kria kernel: Hardware name: ZynqMP KV260 revB (DT)
Jul 13 00:38:32 kria kernel: Call trace:
Jul 13 00:38:32 kria kernel:  dump_backtrace+0x0/0x1f0
Jul 13 00:38:32 kria kernel:  show_stack+0x20/0x2c
Jul 13 00:38:32 kria kernel:  dump_stack_lvl+0x68/0x84
Jul 13 00:38:32 kria kernel:  dump_stack+0x18/0x34
Jul 13 00:38:32 kria kernel:  __might_resched+0x15c/0x1c0
Jul 13 00:38:32 kria kernel:  rt_spin_lock+0x38/0xd0
Jul 13 00:38:32 kria kernel:  alloc_pid+0x280/0x3d0
Jul 13 00:38:32 kria kernel:  copy_process+0x9fc/0x1da4
Jul 13 00:38:32 kria kernel:  kernel_clone+0x98/0x570
Jul 13 00:38:32 kria kernel:  __do_sys_clone+0x74/0xb0
Jul 13 00:38:32 kria kernel:  __arm64_sys_clone+0x28/0x34
Jul 13 00:38:32 kria kernel:  invoke_syscall+0x78/0x100
Jul 13 00:38:32 kria kernel:  el0_svc_common.constprop.0+0x54/0x184
Jul 13 00:38:32 kria kernel:  do_el0_svc+0x30/0xac
Jul 13 00:38:32 kria kernel:  el0_svc+0x28/0xb0
Jul 13 00:38:32 kria kernel:  el0t_64_sync_handler+0xa4/0x12c
Jul 13 00:38:32 kria kernel:  el0t_64_sync+0x1a4/0x1a8
Jul 13 00:38:35 kria kernel: BUG: sleeping function called from invalid context at kernel/locking/spinlock_rt.c:46
Jul 13 00:38:35 kria kernel: in_atomic(): 1, irqs_disabled(): 0, non_block: 0, pid: 2006, name: cloud-init
Jul 13 00:38:35 kria kernel: preempt_count: 1, expected: 0
Jul 13 00:38:35 kria kernel: RCU nest depth: 0, expected: 0
Jul 13 00:38:35 kria kernel: Preemption disabled at:
Jul 13 00:38:35 kria kernel: [<ffffbb5f3febd338>] __radix_tree_preload+0x28/0x110
Jul 13 00:38:35 kria kernel: CPU: 1 PID: 2006 Comm: cloud-init Tainted: G        WC        5.15.199-rt91-rt-kv260 #4
Jul 13 00:38:35 kria kernel: Hardware name: ZynqMP KV260 revB (DT)
Jul 13 00:38:35 kria kernel: Call trace:
Jul 13 00:38:35 kria kernel:  dump_backtrace+0x0/0x1f0
Jul 13 00:38:35 kria kernel:  show_stack+0x20/0x2c
Jul 13 00:38:35 kria kernel:  dump_stack_lvl+0x68/0x84
Jul 13 00:38:35 kria kernel:  dump_stack+0x18/0x34
Jul 13 00:38:35 kria kernel:  __might_resched+0x15c/0x1c0
Jul 13 00:38:35 kria kernel:  rt_spin_lock+0x38/0xd0
Jul 13 00:38:35 kria kernel:  alloc_pid+0x280/0x3d0
Jul 13 00:38:35 kria kernel:  copy_process+0x9fc/0x1da4
Jul 13 00:38:35 kria kernel:  kernel_clone+0x98/0x570
Jul 13 00:38:35 kria kernel:  __do_sys_clone+0x74/0xb0
Jul 13 00:38:35 kria kernel:  __arm64_sys_clone+0x28/0x34
Jul 13 00:38:35 kria kernel:  invoke_syscall+0x78/0x100
Jul 13 00:38:35 kria kernel:  el0_svc_common.constprop.0+0x54/0x184
Jul 13 00:38:35 kria kernel:  do_el0_svc+0x30/0xac
Jul 13 00:38:35 kria kernel:  el0_svc+0x28/0xb0
Jul 13 00:38:35 kria kernel:  el0t_64_sync_handler+0xa4/0x12c
Jul 13 00:38:35 kria kernel:  el0t_64_sync+0x1a4/0x1a8
Jul 13 00:38:37 kria kernel: BUG: sleeping function called from invalid context at kernel/locking/spinlock_rt.c:46
Jul 13 00:38:37 kria kernel: in_atomic(): 1, irqs_disabled(): 0, non_block: 0, pid: 1997, name: snapd
Jul 13 00:38:37 kria kernel: preempt_count: 1, expected: 0
Jul 13 00:38:37 kria kernel: RCU nest depth: 0, expected: 0
Jul 13 00:38:37 kria kernel: Preemption disabled at:
Jul 13 00:38:37 kria kernel: [<ffffbb5f3febd338>] __radix_tree_preload+0x28/0x110
Jul 13 00:38:37 kria kernel: CPU: 3 PID: 1997 Comm: snapd Tainted: G        WC        5.15.199-rt91-rt-kv260 #4
Jul 13 00:38:37 kria kernel: Hardware name: ZynqMP KV260 revB (DT)
Jul 13 00:38:37 kria kernel: Call trace:
Jul 13 00:38:37 kria kernel:  dump_backtrace+0x0/0x1f0
Jul 13 00:38:37 kria kernel:  show_stack+0x20/0x2c
Jul 13 00:38:37 kria kernel:  dump_stack_lvl+0x68/0x84
Jul 13 00:38:37 kria kernel:  dump_stack+0x18/0x34
Jul 13 00:38:37 kria kernel:  __might_resched+0x15c/0x1c0
Jul 13 00:38:37 kria kernel:  rt_spin_lock+0x38/0xd0
Jul 13 00:38:37 kria kernel:  alloc_pid+0x280/0x3d0
Jul 13 00:38:37 kria kernel:  copy_process+0x9fc/0x1da4
Jul 13 00:38:37 kria kernel:  kernel_clone+0x98/0x570
Jul 13 00:38:37 kria kernel:  __do_sys_clone+0x74/0xb0
Jul 13 00:38:37 kria kernel:  __arm64_sys_clone+0x28/0x34
Jul 13 00:38:37 kria kernel:  invoke_syscall+0x78/0x100
Jul 13 00:38:37 kria kernel:  el0_svc_common.constprop.0+0x54/0x184
Jul 13 00:38:37 kria kernel:  do_el0_svc+0x30/0xac
Jul 13 00:38:37 kria kernel:  el0_svc+0x28/0xb0
Jul 13 00:38:37 kria kernel:  el0t_64_sync_handler+0xa4/0x12c
Jul 13 00:38:37 kria kernel:  el0t_64_sync+0x1a4/0x1a8
Jul 13 00:38:40 kria kernel: BUG: sleeping function called from invalid context at kernel/locking/spinlock_rt.c:46
Jul 13 00:38:40 kria kernel: in_atomic(): 1, irqs_disabled(): 0, non_block: 0, pid: 1091, name: fancontrol
Jul 13 00:38:40 kria kernel: preempt_count: 1, expected: 0
Jul 13 00:38:40 kria kernel: RCU nest depth: 0, expected: 0
Jul 13 00:38:40 kria kernel: Preemption disabled at:
Jul 13 00:38:40 kria kernel: [<ffffbb5f3febd338>] __radix_tree_preload+0x28/0x110
Jul 13 00:38:40 kria kernel: CPU: 0 PID: 1091 Comm: fancontrol Tainted: G        WC        5.15.199-rt91-rt-kv260 #4
Jul 13 00:38:40 kria kernel: Hardware name: ZynqMP KV260 revB (DT)
Jul 13 00:38:40 kria kernel: Call trace:
Jul 13 00:38:40 kria kernel:  dump_backtrace+0x0/0x1f0
Jul 13 00:38:40 kria kernel:  show_stack+0x20/0x2c
Jul 13 00:38:40 kria kernel:  dump_stack_lvl+0x68/0x84
Jul 13 00:38:40 kria kernel:  dump_stack+0x18/0x34
Jul 13 00:38:40 kria kernel:  __might_resched+0x15c/0x1c0
Jul 13 00:38:40 kria kernel:  rt_spin_lock+0x38/0xd0
Jul 13 00:38:40 kria kernel:  alloc_pid+0x280/0x3d0
Jul 13 00:38:40 kria kernel:  copy_process+0x9fc/0x1da4
Jul 13 00:38:40 kria kernel:  kernel_clone+0x98/0x570
Jul 13 00:38:40 kria kernel:  __do_sys_clone+0x74/0xb0
Jul 13 00:38:40 kria kernel:  __arm64_sys_clone+0x28/0x34
Jul 13 00:38:40 kria kernel:  invoke_syscall+0x78/0x100
Jul 13 00:38:40 kria kernel:  el0_svc_common.constprop.0+0x54/0x184
Jul 13 00:38:40 kria kernel:  do_el0_svc+0x30/0xac
Jul 13 00:38:40 kria kernel:  el0_svc+0x28/0xb0
Jul 13 00:38:40 kria kernel:  el0t_64_sync_handler+0xa4/0x12c
Jul 13 00:38:40 kria kernel:  el0t_64_sync+0x1a4/0x1a8
Jul 13 00:38:45 kria kernel: BUG: sleeping function called from invalid context at kernel/locking/spinlock_rt.c:46
Jul 13 00:38:45 kria kernel: in_atomic(): 1, irqs_disabled(): 0, non_block: 0, pid: 1091, name: fancontrol
Jul 13 00:38:45 kria kernel: preempt_count: 1, expected: 0
Jul 13 00:38:45 kria kernel: RCU nest depth: 0, expected: 0
Jul 13 00:38:45 kria kernel: Preemption disabled at:
Jul 13 00:38:45 kria kernel: [<ffffbb5f3febd338>] __radix_tree_preload+0x28/0x110
Jul 13 00:38:45 kria kernel: CPU: 3 PID: 1091 Comm: fancontrol Tainted: G        WC        5.15.199-rt91-rt-kv260 #4
Jul 13 00:38:45 kria kernel: Hardware name: ZynqMP KV260 revB (DT)
Jul 13 00:38:45 kria kernel: Call trace:
Jul 13 00:38:45 kria kernel:  dump_backtrace+0x0/0x1f0
Jul 13 00:38:45 kria kernel:  show_stack+0x20/0x2c
Jul 13 00:38:45 kria kernel:  dump_stack_lvl+0x68/0x84
Jul 13 00:38:45 kria kernel:  dump_stack+0x18/0x34
Jul 13 00:38:45 kria kernel:  __might_resched+0x15c/0x1c0
Jul 13 00:38:45 kria kernel:  rt_spin_lock+0x38/0xd0
Jul 13 00:38:45 kria kernel:  alloc_pid+0x280/0x3d0
Jul 13 00:38:45 kria kernel:  copy_process+0x9fc/0x1da4
Jul 13 00:38:45 kria kernel:  kernel_clone+0x98/0x570
Jul 13 00:38:45 kria kernel:  __do_sys_clone+0x74/0xb0
Jul 13 00:38:45 kria kernel:  __arm64_sys_clone+0x28/0x34
Jul 13 00:38:45 kria kernel:  invoke_syscall+0x78/0x100
Jul 13 00:38:45 kria kernel:  el0_svc_common.constprop.0+0x54/0x184
Jul 13 00:38:45 kria kernel:  do_el0_svc+0x30/0xac
Jul 13 00:38:45 kria kernel:  el0_svc+0x28/0xb0
Jul 13 00:38:45 kria kernel:  el0t_64_sync_handler+0xa4/0x12c
Jul 13 00:38:45 kria kernel:  el0t_64_sync+0x1a4/0x1a8
Jul 13 00:38:50 kria kernel: BUG: sleeping function called from invalid context at kernel/locking/spinlock_rt.c:46
Jul 13 00:38:50 kria kernel: in_atomic(): 1, irqs_disabled(): 0, non_block: 0, pid: 1091, name: fancontrol
Jul 13 00:38:50 kria kernel: preempt_count: 1, expected: 0
Jul 13 00:38:50 kria kernel: RCU nest depth: 0, expected: 0
Jul 13 00:38:50 kria kernel: Preemption disabled at:
Jul 13 00:38:50 kria kernel: [<ffffbb5f3febd338>] __radix_tree_preload+0x28/0x110
Jul 13 00:38:50 kria kernel: CPU: 0 PID: 1091 Comm: fancontrol Tainted: G        WC        5.15.199-rt91-rt-kv260 #4
Jul 13 00:38:50 kria kernel: Hardware name: ZynqMP KV260 revB (DT)
Jul 13 00:38:50 kria kernel: Call trace:
Jul 13 00:38:50 kria kernel:  dump_backtrace+0x0/0x1f0
Jul 13 00:38:50 kria kernel:  show_stack+0x20/0x2c
Jul 13 00:38:50 kria kernel:  dump_stack_lvl+0x68/0x84
Jul 13 00:38:50 kria kernel:  dump_stack+0x18/0x34
Jul 13 00:38:50 kria kernel:  __might_resched+0x15c/0x1c0
Jul 13 00:38:50 kria kernel:  rt_spin_lock+0x38/0xd0
Jul 13 00:38:50 kria kernel:  alloc_pid+0x280/0x3d0
Jul 13 00:38:50 kria kernel:  copy_process+0x9fc/0x1da4
Jul 13 00:38:50 kria kernel:  kernel_clone+0x98/0x570
Jul 13 00:38:50 kria kernel:  __do_sys_clone+0x74/0xb0
Jul 13 00:38:50 kria kernel:  __arm64_sys_clone+0x28/0x34
Jul 13 00:38:50 kria kernel:  invoke_syscall+0x78/0x100
Jul 13 00:38:50 kria kernel:  el0_svc_common.constprop.0+0x54/0x184
Jul 13 00:38:50 kria kernel:  do_el0_svc+0x30/0xac
Jul 13 00:38:50 kria kernel:  el0_svc+0x28/0xb0
Jul 13 00:38:50 kria kernel:  el0t_64_sync_handler+0xa4/0x12c
Jul 13 00:38:50 kria kernel:  el0t_64_sync+0x1a4/0x1a8
Jul 13 00:38:55 kria kernel: BUG: sleeping function called from invalid context at kernel/locking/spinlock_rt.c:46
Jul 13 00:38:55 kria kernel: in_atomic(): 1, irqs_disabled(): 0, non_block: 0, pid: 1091, name: fancontrol
Jul 13 00:38:55 kria kernel: preempt_count: 1, expected: 0
Jul 13 00:38:55 kria kernel: RCU nest depth: 0, expected: 0
Jul 13 00:38:55 kria kernel: Preemption disabled at:
Jul 13 00:38:55 kria kernel: [<ffffbb5f3febd338>] __radix_tree_preload+0x28/0x110
Jul 13 00:38:55 kria kernel: CPU: 0 PID: 1091 Comm: fancontrol Tainted: G        WC        5.15.199-rt91-rt-kv260 #4
Jul 13 00:38:55 kria kernel: Hardware name: ZynqMP KV260 revB (DT)
Jul 13 00:38:55 kria kernel: Call trace:
Jul 13 00:38:55 kria kernel:  dump_backtrace+0x0/0x1f0
Jul 13 00:38:55 kria kernel:  show_stack+0x20/0x2c
Jul 13 00:38:55 kria kernel:  dump_stack_lvl+0x68/0x84
Jul 13 00:38:55 kria kernel:  dump_stack+0x18/0x34
Jul 13 00:38:55 kria kernel:  __might_resched+0x15c/0x1c0
Jul 13 00:38:55 kria kernel:  rt_spin_lock+0x38/0xd0
Jul 13 00:38:55 kria kernel:  alloc_pid+0x280/0x3d0
Jul 13 00:38:55 kria kernel:  copy_process+0x9fc/0x1da4
Jul 13 00:38:55 kria kernel:  kernel_clone+0x98/0x570
Jul 13 00:38:55 kria kernel:  __do_sys_clone+0x74/0xb0
Jul 13 00:38:55 kria kernel:  __arm64_sys_clone+0x28/0x34
Jul 13 00:38:55 kria kernel:  invoke_syscall+0x78/0x100
Jul 13 00:38:55 kria kernel:  el0_svc_common.constprop.0+0x54/0x184
Jul 13 00:38:55 kria kernel:  do_el0_svc+0x30/0xac
Jul 13 00:38:55 kria kernel:  el0_svc+0x28/0xb0
Jul 13 00:38:55 kria kernel:  el0t_64_sync_handler+0xa4/0x12c
Jul 13 00:38:55 kria kernel:  el0t_64_sync+0x1a4/0x1a8
Jul 13 00:39:00 kria kernel: BUG: sleeping function called from invalid context at kernel/locking/spinlock_rt.c:46
Jul 13 00:39:00 kria kernel: in_atomic(): 1, irqs_disabled(): 0, non_block: 0, pid: 1091, name: fancontrol
Jul 13 00:39:00 kria kernel: preempt_count: 1, expected: 0
Jul 13 00:39:00 kria kernel: RCU nest depth: 0, expected: 0
Jul 13 00:39:00 kria kernel: Preemption disabled at:
Jul 13 00:39:00 kria kernel: [<ffffbb5f3febd338>] __radix_tree_preload+0x28/0x110
Jul 13 00:39:00 kria kernel: CPU: 0 PID: 1091 Comm: fancontrol Tainted: G        WC        5.15.199-rt91-rt-kv260 #4
Jul 13 00:39:00 kria kernel: Hardware name: ZynqMP KV260 revB (DT)
Jul 13 00:39:00 kria kernel: Call trace:
Jul 13 00:39:00 kria kernel:  dump_backtrace+0x0/0x1f0
Jul 13 00:39:00 kria kernel:  show_stack+0x20/0x2c
Jul 13 00:39:00 kria kernel:  dump_stack_lvl+0x68/0x84
Jul 13 00:39:00 kria kernel:  dump_stack+0x18/0x34
Jul 13 00:39:00 kria kernel:  __might_resched+0x15c/0x1c0
Jul 13 00:39:00 kria kernel:  rt_spin_lock+0x38/0xd0
Jul 13 00:39:00 kria kernel:  alloc_pid+0x280/0x3d0
Jul 13 00:39:00 kria kernel:  copy_process+0x9fc/0x1da4
Jul 13 00:39:00 kria kernel:  kernel_clone+0x98/0x570
Jul 13 00:39:00 kria kernel:  __do_sys_clone+0x74/0xb0
Jul 13 00:39:00 kria kernel:  __arm64_sys_clone+0x28/0x34
Jul 13 00:39:00 kria kernel:  invoke_syscall+0x78/0x100
Jul 13 00:39:00 kria kernel:  el0_svc_common.constprop.0+0x54/0x184
Jul 13 00:39:00 kria kernel:  do_el0_svc+0x30/0xac
Jul 13 00:39:00 kria kernel:  el0_svc+0x28/0xb0
Jul 13 00:39:00 kria kernel:  el0t_64_sync_handler+0xa4/0x12c
Jul 13 00:39:00 kria kernel:  el0t_64_sync+0x1a4/0x1a8
Jul 13 00:39:03 kria kernel: BUG: sleeping function called from invalid context at kernel/locking/spinlock_rt.c:46
Jul 13 00:39:03 kria kernel: in_atomic(): 1, irqs_disabled(): 0, non_block: 0, pid: 1, name: systemd
Jul 13 00:39:03 kria kernel: preempt_count: 1, expected: 0
Jul 13 00:39:03 kria kernel: RCU nest depth: 0, expected: 0
Jul 13 00:39:03 kria kernel: Preemption disabled at:
Jul 13 00:39:03 kria kernel: [<ffffbb5f3febd338>] __radix_tree_preload+0x28/0x110
Jul 13 00:39:03 kria kernel: CPU: 0 PID: 1 Comm: systemd Tainted: G        WC        5.15.199-rt91-rt-kv260 #4
Jul 13 00:39:03 kria kernel: Hardware name: ZynqMP KV260 revB (DT)
Jul 13 00:39:03 kria kernel: Call trace:
Jul 13 00:39:03 kria kernel:  dump_backtrace+0x0/0x1f0
Jul 13 00:39:03 kria kernel:  show_stack+0x20/0x2c
Jul 13 00:39:03 kria kernel:  dump_stack_lvl+0x68/0x84
Jul 13 00:39:03 kria kernel:  dump_stack+0x18/0x34
Jul 13 00:39:03 kria kernel:  __might_resched+0x15c/0x1c0
Jul 13 00:39:03 kria kernel:  rt_spin_lock+0x38/0xd0
Jul 13 00:39:03 kria kernel:  alloc_pid+0x280/0x3d0
Jul 13 00:39:03 kria kernel:  copy_process+0x9fc/0x1da4
Jul 13 00:39:03 kria kernel:  kernel_clone+0x98/0x570
Jul 13 00:39:03 kria kernel:  __do_sys_clone+0x74/0xb0
Jul 13 00:39:03 kria kernel:  __arm64_sys_clone+0x28/0x34
Jul 13 00:39:03 kria kernel:  invoke_syscall+0x78/0x100
Jul 13 00:39:03 kria kernel:  el0_svc_common.constprop.0+0x54/0x184
Jul 13 00:39:03 kria kernel:  do_el0_svc+0x30/0xac
Jul 13 00:39:03 kria kernel:  el0_svc+0x28/0xb0
Jul 13 00:39:03 kria kernel:  el0t_64_sync_handler+0xa4/0x12c
Jul 13 00:39:03 kria kernel:  el0t_64_sync+0x1a4/0x1a8
Jul 13 00:39:05 kria kernel: BUG: sleeping function called from invalid context at kernel/locking/spinlock_rt.c:46
Jul 13 00:39:05 kria kernel: in_atomic(): 1, irqs_disabled(): 0, non_block: 0, pid: 1091, name: fancontrol
Jul 13 00:39:05 kria kernel: preempt_count: 1, expected: 0
Jul 13 00:39:05 kria kernel: RCU nest depth: 0, expected: 0
Jul 13 00:39:05 kria kernel: Preemption disabled at:
Jul 13 00:39:05 kria kernel: [<ffffbb5f3febd338>] __radix_tree_preload+0x28/0x110
Jul 13 00:39:05 kria kernel: CPU: 0 PID: 1091 Comm: fancontrol Tainted: G        WC        5.15.199-rt91-rt-kv260 #4
Jul 13 00:39:05 kria kernel: Hardware name: ZynqMP KV260 revB (DT)
Jul 13 00:39:05 kria kernel: Call trace:
Jul 13 00:39:05 kria kernel:  dump_backtrace+0x0/0x1f0
Jul 13 00:39:05 kria kernel:  show_stack+0x20/0x2c
Jul 13 00:39:05 kria kernel:  dump_stack_lvl+0x68/0x84
Jul 13 00:39:05 kria kernel:  dump_stack+0x18/0x34
Jul 13 00:39:05 kria kernel:  __might_resched+0x15c/0x1c0
Jul 13 00:39:05 kria kernel:  rt_spin_lock+0x38/0xd0
Jul 13 00:39:05 kria kernel:  alloc_pid+0x280/0x3d0
Jul 13 00:39:05 kria kernel:  copy_process+0x9fc/0x1da4
Jul 13 00:39:05 kria kernel:  kernel_clone+0x98/0x570
Jul 13 00:39:05 kria kernel:  __do_sys_clone+0x74/0xb0
Jul 13 00:39:05 kria kernel:  __arm64_sys_clone+0x28/0x34
Jul 13 00:39:05 kria kernel:  invoke_syscall+0x78/0x100
Jul 13 00:39:05 kria kernel:  el0_svc_common.constprop.0+0x54/0x184
Jul 13 00:39:05 kria kernel:  do_el0_svc+0x30/0xac
Jul 13 00:39:05 kria kernel:  el0_svc+0x28/0xb0
Jul 13 00:39:05 kria kernel:  el0t_64_sync_handler+0xa4/0x12c
Jul 13 00:39:05 kria kernel:  el0t_64_sync+0x1a4/0x1a8
Jul 13 00:39:10 kria kernel: BUG: sleeping function called from invalid context at kernel/locking/spinlock_rt.c:46
Jul 13 00:39:10 kria kernel: in_atomic(): 1, irqs_disabled(): 0, non_block: 0, pid: 1091, name: fancontrol
Jul 13 00:39:10 kria kernel: preempt_count: 1, expected: 0
Jul 13 00:39:10 kria kernel: RCU nest depth: 0, expected: 0
Jul 13 00:39:10 kria kernel: Preemption disabled at:
Jul 13 00:39:10 kria kernel: [<ffffbb5f3febd338>] __radix_tree_preload+0x28/0x110
Jul 13 00:39:10 kria kernel: CPU: 0 PID: 1091 Comm: fancontrol Tainted: G        WC        5.15.199-rt91-rt-kv260 #4
Jul 13 00:39:10 kria kernel: Hardware name: ZynqMP KV260 revB (DT)
Jul 13 00:39:10 kria kernel: Call trace:
Jul 13 00:39:10 kria kernel:  dump_backtrace+0x0/0x1f0
Jul 13 00:39:10 kria kernel:  show_stack+0x20/0x2c
Jul 13 00:39:10 kria kernel:  dump_stack_lvl+0x68/0x84
Jul 13 00:39:10 kria kernel:  dump_stack+0x18/0x34
Jul 13 00:39:10 kria kernel:  __might_resched+0x15c/0x1c0
Jul 13 00:39:10 kria kernel:  rt_spin_lock+0x38/0xd0
Jul 13 00:39:10 kria kernel:  alloc_pid+0x280/0x3d0
Jul 13 00:39:10 kria kernel:  copy_process+0x9fc/0x1da4
Jul 13 00:39:10 kria kernel:  kernel_clone+0x98/0x570
Jul 13 00:39:10 kria kernel:  __do_sys_clone+0x74/0xb0
Jul 13 00:39:10 kria kernel:  __arm64_sys_clone+0x28/0x34
Jul 13 00:39:10 kria kernel:  invoke_syscall+0x78/0x100
Jul 13 00:39:10 kria kernel:  el0_svc_common.constprop.0+0x54/0x184
Jul 13 00:39:10 kria kernel:  do_el0_svc+0x30/0xac
Jul 13 00:39:10 kria kernel:  el0_svc+0x28/0xb0
Jul 13 00:39:10 kria kernel:  el0t_64_sync_handler+0xa4/0x12c
Jul 13 00:39:10 kria kernel:  el0t_64_sync+0x1a4/0x1a8
Jul 13 00:39:15 kria kernel: BUG: sleeping function called from invalid context at kernel/locking/spinlock_rt.c:46
Jul 13 00:39:15 kria kernel: in_atomic(): 1, irqs_disabled(): 0, non_block: 0, pid: 1091, name: fancontrol
Jul 13 00:39:15 kria kernel: preempt_count: 1, expected: 0
Jul 13 00:39:15 kria kernel: RCU nest depth: 0, expected: 0
Jul 13 00:39:15 kria kernel: Preemption disabled at:
Jul 13 00:39:15 kria kernel: [<ffffbb5f3febd338>] __radix_tree_preload+0x28/0x110
Jul 13 00:39:15 kria kernel: CPU: 0 PID: 1091 Comm: fancontrol Tainted: G        WC        5.15.199-rt91-rt-kv260 #4
Jul 13 00:39:15 kria kernel: Hardware name: ZynqMP KV260 revB (DT)
Jul 13 00:39:15 kria kernel: Call trace:
Jul 13 00:39:15 kria kernel:  dump_backtrace+0x0/0x1f0
Jul 13 00:39:15 kria kernel:  show_stack+0x20/0x2c
Jul 13 00:39:15 kria kernel:  dump_stack_lvl+0x68/0x84
Jul 13 00:39:15 kria kernel:  dump_stack+0x18/0x34
Jul 13 00:39:15 kria kernel:  __might_resched+0x15c/0x1c0
Jul 13 00:39:15 kria kernel:  rt_spin_lock+0x38/0xd0
Jul 13 00:39:15 kria kernel:  alloc_pid+0x280/0x3d0
Jul 13 00:39:15 kria kernel:  copy_process+0x9fc/0x1da4
Jul 13 00:39:15 kria kernel:  kernel_clone+0x98/0x570
Jul 13 00:39:15 kria kernel:  __do_sys_clone+0x74/0xb0
Jul 13 00:39:15 kria kernel:  __arm64_sys_clone+0x28/0x34
Jul 13 00:39:15 kria kernel:  invoke_syscall+0x78/0x100
Jul 13 00:39:15 kria kernel:  el0_svc_common.constprop.0+0x54/0x184
Jul 13 00:39:15 kria kernel:  do_el0_svc+0x30/0xac
Jul 13 00:39:15 kria kernel:  el0_svc+0x28/0xb0
Jul 13 00:39:15 kria kernel:  el0t_64_sync_handler+0xa4/0x12c
Jul 13 00:39:15 kria kernel:  el0t_64_sync+0x1a4/0x1a8
Jul 13 00:39:20 kria kernel: BUG: sleeping function called from invalid context at kernel/locking/spinlock_rt.c:46
Jul 13 00:39:20 kria kernel: in_atomic(): 1, irqs_disabled(): 0, non_block: 0, pid: 1091, name: fancontrol
Jul 13 00:39:20 kria kernel: preempt_count: 1, expected: 0
Jul 13 00:39:20 kria kernel: RCU nest depth: 0, expected: 0
Jul 13 00:39:20 kria kernel: Preemption disabled at:
Jul 13 00:39:20 kria kernel: [<ffffbb5f3febd338>] __radix_tree_preload+0x28/0x110
Jul 13 00:39:20 kria kernel: CPU: 3 PID: 1091 Comm: fancontrol Tainted: G        WC        5.15.199-rt91-rt-kv260 #4
Jul 13 00:39:20 kria kernel: Hardware name: ZynqMP KV260 revB (DT)
Jul 13 00:39:20 kria kernel: Call trace:
Jul 13 00:39:20 kria kernel:  dump_backtrace+0x0/0x1f0
Jul 13 00:39:20 kria kernel:  show_stack+0x20/0x2c
Jul 13 00:39:20 kria kernel:  dump_stack_lvl+0x68/0x84
Jul 13 00:39:20 kria kernel:  dump_stack+0x18/0x34
Jul 13 00:39:20 kria kernel:  __might_resched+0x15c/0x1c0
Jul 13 00:39:20 kria kernel:  rt_spin_lock+0x38/0xd0
Jul 13 00:39:20 kria kernel:  alloc_pid+0x280/0x3d0
Jul 13 00:39:20 kria kernel:  copy_process+0x9fc/0x1da4
Jul 13 00:39:20 kria kernel:  kernel_clone+0x98/0x570
Jul 13 00:39:20 kria kernel:  __do_sys_clone+0x74/0xb0
Jul 13 00:39:20 kria kernel:  __arm64_sys_clone+0x28/0x34
Jul 13 00:39:20 kria kernel:  invoke_syscall+0x78/0x100
Jul 13 00:39:20 kria kernel:  el0_svc_common.constprop.0+0x54/0x184
Jul 13 00:39:20 kria kernel:  do_el0_svc+0x30/0xac
Jul 13 00:39:20 kria kernel:  el0_svc+0x28/0xb0
Jul 13 00:39:20 kria kernel:  el0t_64_sync_handler+0xa4/0x12c
Jul 13 00:39:20 kria kernel:  el0t_64_sync+0x1a4/0x1a8
Jul 13 00:39:24 kria kernel: BUG: sleeping function called from invalid context at kernel/locking/spinlock_rt.c:46
Jul 13 00:39:24 kria kernel: in_atomic(): 1, irqs_disabled(): 0, non_block: 0, pid: 1452, name: sshd
Jul 13 00:39:24 kria kernel: preempt_count: 1, expected: 0
Jul 13 00:39:24 kria kernel: RCU nest depth: 0, expected: 0
Jul 13 00:39:24 kria kernel: Preemption disabled at:
Jul 13 00:39:24 kria kernel: [<ffffbb5f3febd338>] __radix_tree_preload+0x28/0x110
Jul 13 00:39:24 kria kernel: CPU: 2 PID: 1452 Comm: sshd Tainted: G        WC        5.15.199-rt91-rt-kv260 #4
Jul 13 00:39:24 kria kernel: Hardware name: ZynqMP KV260 revB (DT)
Jul 13 00:39:24 kria kernel: Call trace:
Jul 13 00:39:24 kria kernel:  dump_backtrace+0x0/0x1f0
Jul 13 00:39:24 kria kernel:  show_stack+0x20/0x2c
Jul 13 00:39:24 kria kernel:  dump_stack_lvl+0x68/0x84
Jul 13 00:39:24 kria kernel:  dump_stack+0x18/0x34
Jul 13 00:39:24 kria kernel:  __might_resched+0x15c/0x1c0
Jul 13 00:39:24 kria kernel:  rt_spin_lock+0x38/0xd0
Jul 13 00:39:24 kria kernel:  alloc_pid+0x280/0x3d0
Jul 13 00:39:24 kria kernel:  copy_process+0x9fc/0x1da4
Jul 13 00:39:24 kria kernel:  kernel_clone+0x98/0x570
Jul 13 00:39:24 kria kernel:  __do_sys_clone+0x74/0xb0
Jul 13 00:39:24 kria kernel:  __arm64_sys_clone+0x28/0x34
Jul 13 00:39:24 kria kernel:  invoke_syscall+0x78/0x100
Jul 13 00:39:24 kria kernel:  el0_svc_common.constprop.0+0x54/0x184
Jul 13 00:39:24 kria kernel:  do_el0_svc+0x30/0xac
Jul 13 00:39:24 kria kernel:  el0_svc+0x28/0xb0
Jul 13 00:39:24 kria kernel:  el0t_64_sync_handler+0xa4/0x12c
Jul 13 00:39:24 kria kernel:  el0t_64_sync+0x1a4/0x1a8
Jul 13 00:39:25 kria kernel: BUG: sleeping function called from invalid context at kernel/locking/spinlock_rt.c:46
Jul 13 00:39:25 kria kernel: in_atomic(): 1, irqs_disabled(): 0, non_block: 0, pid: 1091, name: fancontrol
Jul 13 00:39:25 kria kernel: preempt_count: 1, expected: 0
Jul 13 00:39:25 kria kernel: RCU nest depth: 0, expected: 0
Jul 13 00:39:25 kria kernel: Preemption disabled at:
Jul 13 00:39:25 kria kernel: [<ffffbb5f3febd338>] __radix_tree_preload+0x28/0x110
Jul 13 00:39:25 kria kernel: CPU: 1 PID: 1091 Comm: fancontrol Tainted: G        WC        5.15.199-rt91-rt-kv260 #4
Jul 13 00:39:25 kria kernel: Hardware name: ZynqMP KV260 revB (DT)
Jul 13 00:39:25 kria kernel: Call trace:
Jul 13 00:39:25 kria kernel:  dump_backtrace+0x0/0x1f0
Jul 13 00:39:25 kria kernel:  show_stack+0x20/0x2c
Jul 13 00:39:25 kria kernel:  dump_stack_lvl+0x68/0x84
Jul 13 00:39:25 kria kernel:  dump_stack+0x18/0x34
Jul 13 00:39:25 kria kernel:  __might_resched+0x15c/0x1c0
Jul 13 00:39:25 kria kernel:  rt_spin_lock+0x38/0xd0
Jul 13 00:39:25 kria kernel:  alloc_pid+0x280/0x3d0
Jul 13 00:39:25 kria kernel:  copy_process+0x9fc/0x1da4
Jul 13 00:39:25 kria kernel:  kernel_clone+0x98/0x570
Jul 13 00:39:25 kria kernel:  __do_sys_clone+0x74/0xb0
Jul 13 00:39:25 kria kernel:  __arm64_sys_clone+0x28/0x34
Jul 13 00:39:25 kria kernel:  invoke_syscall+0x78/0x100
Jul 13 00:39:25 kria kernel:  el0_svc_common.constprop.0+0x54/0x184
Jul 13 00:39:25 kria kernel:  do_el0_svc+0x30/0xac
Jul 13 00:39:25 kria kernel:  el0_svc+0x28/0xb0
Jul 13 00:39:25 kria kernel:  el0t_64_sync_handler+0xa4/0x12c
Jul 13 00:39:25 kria kernel:  el0t_64_sync+0x1a4/0x1a8
Jul 13 00:39:28 kria kernel: BUG: sleeping function called from invalid context at kernel/locking/spinlock_rt.c:46
Jul 13 00:39:28 kria kernel: in_atomic(): 1, irqs_disabled(): 0, non_block: 0, pid: 2082, name: systemd
Jul 13 00:39:28 kria kernel: preempt_count: 1, expected: 0
Jul 13 00:39:28 kria kernel: RCU nest depth: 0, expected: 0
Jul 13 00:39:28 kria kernel: Preemption disabled at:
Jul 13 00:39:28 kria kernel: [<ffffbb5f3febd338>] __radix_tree_preload+0x28/0x110
Jul 13 00:39:28 kria kernel: CPU: 1 PID: 2082 Comm: systemd Tainted: G        WC        5.15.199-rt91-rt-kv260 #4
Jul 13 00:39:28 kria kernel: Hardware name: ZynqMP KV260 revB (DT)
Jul 13 00:39:28 kria kernel: Call trace:
Jul 13 00:39:28 kria kernel:  dump_backtrace+0x0/0x1f0
Jul 13 00:39:28 kria kernel:  show_stack+0x20/0x2c
Jul 13 00:39:28 kria kernel:  dump_stack_lvl+0x68/0x84
Jul 13 00:39:28 kria kernel:  dump_stack+0x18/0x34
Jul 13 00:39:28 kria kernel:  __might_resched+0x15c/0x1c0
Jul 13 00:39:28 kria kernel:  rt_spin_lock+0x38/0xd0
Jul 13 00:39:28 kria kernel:  mem_cgroup_css_alloc+0x8c/0x7d0
Jul 13 00:39:28 kria kernel:  cgroup_apply_control_enable+0x144/0x320
Jul 13 00:39:28 kria kernel:  cgroup_subtree_control_write+0x3a8/0x434
Jul 13 00:39:28 kria kernel:  cgroup_file_write+0xb0/0x1c0
Jul 13 00:39:28 kria kernel:  kernfs_fop_write_iter+0x130/0x1c0
Jul 13 00:39:28 kria kernel:  new_sync_write+0xf4/0x194
Jul 13 00:39:28 kria kernel:  vfs_write+0x24c/0x2c0
Jul 13 00:39:28 kria kernel:  ksys_write+0x74/0x10c
Jul 13 00:39:28 kria kernel:  __arm64_sys_write+0x24/0x30
Jul 13 00:39:28 kria kernel:  invoke_syscall+0x78/0x100
Jul 13 00:39:28 kria kernel:  el0_svc_common.constprop.0+0x54/0x184
Jul 13 00:39:28 kria kernel:  do_el0_svc+0x30/0xac
Jul 13 00:39:28 kria kernel:  el0_svc+0x28/0xb0
Jul 13 00:39:28 kria kernel:  el0t_64_sync_handler+0xa4/0x12c
Jul 13 00:39:28 kria kernel:  el0t_64_sync+0x1a4/0x1a8
Jul 13 00:39:29 kria kernel: BUG: sleeping function called from invalid context at kernel/locking/spinlock_rt.c:46
Jul 13 00:39:29 kria kernel: in_atomic(): 1, irqs_disabled(): 0, non_block: 0, pid: 2128, name: dbus-daemon
Jul 13 00:39:29 kria kernel: preempt_count: 1, expected: 0
Jul 13 00:39:29 kria kernel: RCU nest depth: 0, expected: 0
Jul 13 00:39:29 kria kernel: Preemption disabled at:
Jul 13 00:39:29 kria kernel: [<ffffbb5f3febd338>] __radix_tree_preload+0x28/0x110
Jul 13 00:39:29 kria kernel: CPU: 3 PID: 2128 Comm: dbus-daemon Tainted: G        WC        5.15.199-rt91-rt-kv260 #4
Jul 13 00:39:29 kria kernel: Hardware name: ZynqMP KV260 revB (DT)
Jul 13 00:39:29 kria kernel: Call trace:
Jul 13 00:39:29 kria kernel:  dump_backtrace+0x0/0x1f0
Jul 13 00:39:29 kria kernel:  show_stack+0x20/0x2c
Jul 13 00:39:29 kria kernel:  dump_stack_lvl+0x68/0x84
Jul 13 00:39:29 kria kernel:  dump_stack+0x18/0x34
Jul 13 00:39:29 kria kernel:  __might_resched+0x15c/0x1c0
Jul 13 00:39:29 kria kernel:  rt_spin_lock+0x38/0xd0
Jul 13 00:39:29 kria kernel:  __arm64_sys_inotify_add_watch+0x340/0x450
Jul 13 00:39:29 kria kernel:  invoke_syscall+0x78/0x100
Jul 13 00:39:29 kria kernel:  el0_svc_common.constprop.0+0x54/0x184
Jul 13 00:39:29 kria kernel:  do_el0_svc+0x30/0xac
Jul 13 00:39:29 kria kernel:  el0_svc+0x28/0xb0
Jul 13 00:39:29 kria kernel:  el0t_64_sync_handler+0xa4/0x12c
Jul 13 00:39:29 kria kernel:  el0t_64_sync+0x1a4/0x1a8
Jul 13 00:39:30 kria kernel: BUG: sleeping function called from invalid context at kernel/locking/spinlock_rt.c:46
Jul 13 00:39:30 kria kernel: in_atomic(): 1, irqs_disabled(): 0, non_block: 0, pid: 1091, name: fancontrol
Jul 13 00:39:30 kria kernel: preempt_count: 1, expected: 0
Jul 13 00:39:30 kria kernel: RCU nest depth: 0, expected: 0
Jul 13 00:39:30 kria kernel: Preemption disabled at:
Jul 13 00:39:30 kria kernel: [<ffffbb5f3febd338>] __radix_tree_preload+0x28/0x110
Jul 13 00:39:30 kria kernel: CPU: 1 PID: 1091 Comm: fancontrol Tainted: G        WC        5.15.199-rt91-rt-kv260 #4
Jul 13 00:39:30 kria kernel: Hardware name: ZynqMP KV260 revB (DT)
Jul 13 00:39:30 kria kernel: Call trace:
Jul 13 00:39:30 kria kernel:  dump_backtrace+0x0/0x1f0
Jul 13 00:39:30 kria kernel:  show_stack+0x20/0x2c
Jul 13 00:39:30 kria kernel:  dump_stack_lvl+0x68/0x84
Jul 13 00:39:30 kria kernel:  dump_stack+0x18/0x34
Jul 13 00:39:30 kria kernel:  __might_resched+0x15c/0x1c0
Jul 13 00:39:30 kria kernel:  rt_spin_lock+0x38/0xd0
Jul 13 00:39:30 kria kernel:  alloc_pid+0x280/0x3d0
Jul 13 00:39:30 kria kernel:  copy_process+0x9fc/0x1da4
Jul 13 00:39:30 kria kernel:  kernel_clone+0x98/0x570
Jul 13 00:39:30 kria kernel:  __do_sys_clone+0x74/0xb0
Jul 13 00:39:30 kria kernel:  __arm64_sys_clone+0x28/0x34
Jul 13 00:39:30 kria kernel:  invoke_syscall+0x78/0x100
Jul 13 00:39:30 kria kernel:  el0_svc_common.constprop.0+0x54/0x184
Jul 13 00:39:30 kria kernel:  do_el0_svc+0x30/0xac
Jul 13 00:39:30 kria kernel:  el0_svc+0x28/0xb0
Jul 13 00:39:30 kria kernel:  el0t_64_sync_handler+0xa4/0x12c
Jul 13 00:39:30 kria kernel:  el0t_64_sync+0x1a4/0x1a8
Jul 13 00:39:32 kria kernel: BUG: sleeping function called from invalid context at kernel/locking/spinlock_rt.c:46
Jul 13 00:39:32 kria kernel: in_atomic(): 1, irqs_disabled(): 0, non_block: 0, pid: 2105, name: 50-landscape-sy
Jul 13 00:39:32 kria kernel: preempt_count: 1, expected: 0
Jul 13 00:39:32 kria kernel: RCU nest depth: 0, expected: 0
Jul 13 00:39:32 kria kernel: Preemption disabled at:
Jul 13 00:39:32 kria kernel: [<ffffbb5f3febd338>] __radix_tree_preload+0x28/0x110
Jul 13 00:39:32 kria kernel: CPU: 1 PID: 2105 Comm: 50-landscape-sy Tainted: G        WC        5.15.199-rt91-rt-kv260 #4
Jul 13 00:39:32 kria kernel: Hardware name: ZynqMP KV260 revB (DT)
Jul 13 00:39:32 kria kernel: Call trace:
Jul 13 00:39:32 kria kernel:  dump_backtrace+0x0/0x1f0
Jul 13 00:39:32 kria kernel:  show_stack+0x20/0x2c
Jul 13 00:39:32 kria kernel:  dump_stack_lvl+0x68/0x84
Jul 13 00:39:32 kria kernel:  dump_stack+0x18/0x34
Jul 13 00:39:32 kria kernel:  __might_resched+0x15c/0x1c0
Jul 13 00:39:32 kria kernel:  rt_spin_lock+0x38/0xd0
Jul 13 00:39:32 kria kernel:  alloc_pid+0x280/0x3d0
Jul 13 00:39:32 kria kernel:  copy_process+0x9fc/0x1da4
Jul 13 00:39:32 kria kernel:  kernel_clone+0x98/0x570
Jul 13 00:39:32 kria kernel:  __do_sys_clone+0x74/0xb0
Jul 13 00:39:32 kria kernel:  __arm64_sys_clone+0x28/0x34
Jul 13 00:39:32 kria kernel:  invoke_syscall+0x78/0x100
Jul 13 00:39:32 kria kernel:  el0_svc_common.constprop.0+0x54/0x184
Jul 13 00:39:32 kria kernel:  do_el0_svc+0x30/0xac
Jul 13 00:39:32 kria kernel:  el0_svc+0x28/0xb0
Jul 13 00:39:32 kria kernel:  el0t_64_sync_handler+0xa4/0x12c
Jul 13 00:39:32 kria kernel:  el0t_64_sync+0x1a4/0x1a8
Jul 13 00:39:33 kria kernel: BUG: sleeping function called from invalid context at kernel/locking/spinlock_rt.c:46
Jul 13 00:39:33 kria kernel: in_atomic(): 1, irqs_disabled(): 0, non_block: 0, pid: 2092, name: snap-confine
Jul 13 00:39:33 kria kernel: preempt_count: 1, expected: 0
Jul 13 00:39:33 kria kernel: RCU nest depth: 0, expected: 0
Jul 13 00:39:33 kria kernel: Preemption disabled at:
Jul 13 00:39:33 kria kernel: [<ffffbb5f3febd338>] __radix_tree_preload+0x28/0x110
Jul 13 00:39:33 kria kernel: CPU: 2 PID: 2092 Comm: snap-confine Tainted: G        WC        5.15.199-rt91-rt-kv260 #4
Jul 13 00:39:33 kria kernel: Hardware name: ZynqMP KV260 revB (DT)
Jul 13 00:39:33 kria kernel: Call trace:
Jul 13 00:39:33 kria kernel:  dump_backtrace+0x0/0x1f0
Jul 13 00:39:33 kria kernel:  show_stack+0x20/0x2c
Jul 13 00:39:33 kria kernel:  dump_stack_lvl+0x68/0x84
Jul 13 00:39:33 kria kernel:  dump_stack+0x18/0x34
Jul 13 00:39:33 kria kernel:  __might_resched+0x15c/0x1c0
Jul 13 00:39:33 kria kernel:  rt_spin_lock+0x38/0xd0
Jul 13 00:39:33 kria kernel:  alloc_pid+0x280/0x3d0
Jul 13 00:39:33 kria kernel:  copy_process+0x9fc/0x1da4
Jul 13 00:39:33 kria kernel:  kernel_clone+0x98/0x570
Jul 13 00:39:33 kria kernel:  __do_sys_clone+0x74/0xb0
Jul 13 00:39:33 kria kernel:  __arm64_sys_clone+0x28/0x34
Jul 13 00:39:33 kria kernel:  invoke_syscall+0x78/0x100
Jul 13 00:39:33 kria kernel:  el0_svc_common.constprop.0+0x54/0x184
Jul 13 00:39:33 kria kernel:  do_el0_svc+0x30/0xac
Jul 13 00:39:33 kria kernel:  el0_svc+0x28/0xb0
Jul 13 00:39:33 kria kernel:  el0t_64_sync_handler+0xa4/0x12c
Jul 13 00:39:33 kria kernel:  el0t_64_sync+0x1a4/0x1a8
Jul 13 00:39:34 kria kernel: BUG: sleeping function called from invalid context at kernel/locking/spinlock_rt.c:46
Jul 13 00:39:34 kria kernel: in_atomic(): 1, irqs_disabled(): 0, non_block: 0, pid: 2092, name: desktop-launch
Jul 13 00:39:34 kria kernel: preempt_count: 1, expected: 0
Jul 13 00:39:34 kria kernel: RCU nest depth: 0, expected: 0
Jul 13 00:39:34 kria kernel: Preemption disabled at:
Jul 13 00:39:34 kria kernel: [<ffffbb5f3febd338>] __radix_tree_preload+0x28/0x110
Jul 13 00:39:34 kria kernel: CPU: 1 PID: 2092 Comm: desktop-launch Tainted: G        WC        5.15.199-rt91-rt-kv260 #4
Jul 13 00:39:34 kria kernel: Hardware name: ZynqMP KV260 revB (DT)
Jul 13 00:39:34 kria kernel: Call trace:
Jul 13 00:39:34 kria kernel:  dump_backtrace+0x0/0x1f0
Jul 13 00:39:34 kria kernel:  show_stack+0x20/0x2c
Jul 13 00:39:34 kria kernel:  dump_stack_lvl+0x68/0x84
Jul 13 00:39:34 kria kernel:  dump_stack+0x18/0x34
Jul 13 00:39:34 kria kernel:  __might_resched+0x15c/0x1c0
Jul 13 00:39:34 kria kernel:  rt_spin_lock+0x38/0xd0
Jul 13 00:39:34 kria kernel:  alloc_pid+0x280/0x3d0
Jul 13 00:39:34 kria kernel:  copy_process+0x9fc/0x1da4
Jul 13 00:39:34 kria kernel:  kernel_clone+0x98/0x570
Jul 13 00:39:34 kria kernel:  __do_sys_clone+0x74/0xb0
Jul 13 00:39:34 kria kernel:  __arm64_sys_clone+0x28/0x34
Jul 13 00:39:34 kria kernel:  invoke_syscall+0x78/0x100
Jul 13 00:39:34 kria kernel:  el0_svc_common.constprop.0+0x180/0x184
Jul 13 00:39:34 kria kernel:  do_el0_svc+0x30/0xac
Jul 13 00:39:34 kria kernel:  el0_svc+0x28/0xb0
Jul 13 00:39:34 kria kernel:  el0t_64_sync_handler+0xa4/0x12c
Jul 13 00:39:34 kria kernel:  el0t_64_sync+0x1a4/0x1a8
Jul 13 00:39:35 kria kernel: BUG: sleeping function called from invalid context at kernel/locking/spinlock_rt.c:46
Jul 13 00:39:35 kria kernel: in_atomic(): 1, irqs_disabled(): 0, non_block: 0, pid: 1091, name: fancontrol
Jul 13 00:39:35 kria kernel: preempt_count: 1, expected: 0
Jul 13 00:39:35 kria kernel: RCU nest depth: 0, expected: 0
Jul 13 00:39:35 kria kernel: Preemption disabled at:
Jul 13 00:39:35 kria kernel: [<ffffbb5f3febd338>] __radix_tree_preload+0x28/0x110
Jul 13 00:39:35 kria kernel: CPU: 1 PID: 1091 Comm: fancontrol Tainted: G        WC        5.15.199-rt91-rt-kv260 #4
Jul 13 00:39:35 kria kernel: Hardware name: ZynqMP KV260 revB (DT)
Jul 13 00:39:35 kria kernel: Call trace:
Jul 13 00:39:35 kria kernel:  dump_backtrace+0x0/0x1f0
Jul 13 00:39:35 kria kernel:  show_stack+0x20/0x2c
Jul 13 00:39:35 kria kernel:  dump_stack_lvl+0x68/0x84
Jul 13 00:39:35 kria kernel:  dump_stack+0x18/0x34
Jul 13 00:39:35 kria kernel:  __might_resched+0x15c/0x1c0
Jul 13 00:39:35 kria kernel:  rt_spin_lock+0x38/0xd0
Jul 13 00:39:35 kria kernel:  alloc_pid+0x280/0x3d0
Jul 13 00:39:35 kria kernel:  copy_process+0x9fc/0x1da4
Jul 13 00:39:35 kria kernel:  kernel_clone+0x98/0x570
Jul 13 00:39:35 kria kernel:  __do_sys_clone+0x74/0xb0
Jul 13 00:39:35 kria kernel:  __arm64_sys_clone+0x28/0x34
Jul 13 00:39:35 kria kernel:  invoke_syscall+0x78/0x100
Jul 13 00:39:35 kria kernel:  el0_svc_common.constprop.0+0x54/0x184
Jul 13 00:39:35 kria kernel:  do_el0_svc+0x30/0xac
Jul 13 00:39:35 kria kernel:  el0_svc+0x28/0xb0
Jul 13 00:39:35 kria kernel:  el0t_64_sync_handler+0xa4/0x12c
Jul 13 00:39:35 kria kernel:  el0t_64_sync+0x1a4/0x1a8
Jul 13 00:39:40 kria kernel: BUG: sleeping function called from invalid context at kernel/locking/spinlock_rt.c:46
Jul 13 00:39:40 kria kernel: in_atomic(): 1, irqs_disabled(): 0, non_block: 0, pid: 1091, name: fancontrol
Jul 13 00:39:40 kria kernel: preempt_count: 1, expected: 0
Jul 13 00:39:40 kria kernel: RCU nest depth: 0, expected: 0
Jul 13 00:39:40 kria kernel: Preemption disabled at:
Jul 13 00:39:40 kria kernel: [<ffffbb5f3febd338>] __radix_tree_preload+0x28/0x110
Jul 13 00:39:40 kria kernel: CPU: 1 PID: 1091 Comm: fancontrol Tainted: G        WC        5.15.199-rt91-rt-kv260 #4
Jul 13 00:39:40 kria kernel: Hardware name: ZynqMP KV260 revB (DT)
Jul 13 00:39:40 kria kernel: Call trace:
Jul 13 00:39:40 kria kernel:  dump_backtrace+0x0/0x1f0
Jul 13 00:39:40 kria kernel:  show_stack+0x20/0x2c
Jul 13 00:39:40 kria kernel:  dump_stack_lvl+0x68/0x84
Jul 13 00:39:40 kria kernel:  dump_stack+0x18/0x34
Jul 13 00:39:40 kria kernel:  __might_resched+0x15c/0x1c0
Jul 13 00:39:40 kria kernel:  rt_spin_lock+0x38/0xd0
Jul 13 00:39:40 kria kernel:  alloc_pid+0x280/0x3d0
Jul 13 00:39:40 kria kernel:  copy_process+0x9fc/0x1da4
Jul 13 00:39:40 kria kernel:  kernel_clone+0x98/0x570
Jul 13 00:39:40 kria kernel:  __do_sys_clone+0x74/0xb0
Jul 13 00:39:40 kria kernel:  __arm64_sys_clone+0x28/0x34
Jul 13 00:39:41 kria kernel:  invoke_syscall+0x78/0x100
Jul 13 00:39:41 kria kernel:  el0_svc_common.constprop.0+0x54/0x184
Jul 13 00:39:41 kria kernel:  do_el0_svc+0x30/0xac
Jul 13 00:39:41 kria kernel:  el0_svc+0x28/0xb0
Jul 13 00:39:41 kria kernel:  el0t_64_sync_handler+0xa4/0x12c
Jul 13 00:39:41 kria kernel:  el0t_64_sync+0x1a4/0x1a8
Jul 13 00:39:46 kria kernel: BUG: sleeping function called from invalid context at kernel/locking/spinlock_rt.c:46
Jul 13 00:39:46 kria kernel: in_atomic(): 1, irqs_disabled(): 0, non_block: 0, pid: 1091, name: fancontrol
Jul 13 00:39:46 kria kernel: preempt_count: 1, expected: 0
Jul 13 00:39:46 kria kernel: RCU nest depth: 0, expected: 0
Jul 13 00:39:46 kria kernel: Preemption disabled at:
Jul 13 00:39:46 kria kernel: [<ffffbb5f3febd338>] __radix_tree_preload+0x28/0x110
Jul 13 00:39:46 kria kernel: CPU: 0 PID: 1091 Comm: fancontrol Tainted: G        WC        5.15.199-rt91-rt-kv260 #4
Jul 13 00:39:46 kria kernel: Hardware name: ZynqMP KV260 revB (DT)
Jul 13 00:39:46 kria kernel: Call trace:
Jul 13 00:39:46 kria kernel:  dump_backtrace+0x0/0x1f0
Jul 13 00:39:46 kria kernel:  show_stack+0x20/0x2c
Jul 13 00:39:46 kria kernel:  dump_stack_lvl+0x68/0x84
Jul 13 00:39:46 kria kernel:  dump_stack+0x18/0x34
Jul 13 00:39:46 kria kernel:  __might_resched+0x15c/0x1c0
Jul 13 00:39:46 kria kernel:  rt_spin_lock+0x38/0xd0
Jul 13 00:39:46 kria kernel:  alloc_pid+0x280/0x3d0
Jul 13 00:39:46 kria kernel:  copy_process+0x9fc/0x1da4
Jul 13 00:39:46 kria kernel:  kernel_clone+0x98/0x570
Jul 13 00:39:46 kria kernel:  __do_sys_clone+0x74/0xb0
Jul 13 00:39:46 kria kernel:  __arm64_sys_clone+0x28/0x34
Jul 13 00:39:46 kria kernel:  invoke_syscall+0x78/0x100
Jul 13 00:39:46 kria kernel:  el0_svc_common.constprop.0+0x54/0x184
Jul 13 00:39:46 kria kernel:  do_el0_svc+0x30/0xac
Jul 13 00:39:46 kria kernel:  el0_svc+0x28/0xb0
Jul 13 00:39:46 kria kernel:  el0t_64_sync_handler+0xa4/0x12c
Jul 13 00:39:46 kria kernel:  el0t_64_sync+0x1a4/0x1a8
Jul 13 00:39:51 kria kernel: BUG: sleeping function called from invalid context at kernel/locking/spinlock_rt.c:46
Jul 13 00:39:51 kria kernel: in_atomic(): 1, irqs_disabled(): 0, non_block: 0, pid: 1091, name: fancontrol
Jul 13 00:39:51 kria kernel: preempt_count: 1, expected: 0
Jul 13 00:39:51 kria kernel: RCU nest depth: 0, expected: 0
Jul 13 00:39:51 kria kernel: Preemption disabled at:
Jul 13 00:39:51 kria kernel: [<ffffbb5f3febd338>] __radix_tree_preload+0x28/0x110
Jul 13 00:39:51 kria kernel: CPU: 1 PID: 1091 Comm: fancontrol Tainted: G        WC        5.15.199-rt91-rt-kv260 #4
Jul 13 00:39:51 kria kernel: Hardware name: ZynqMP KV260 revB (DT)
Jul 13 00:39:51 kria kernel: Call trace:
Jul 13 00:39:51 kria kernel:  dump_backtrace+0x0/0x1f0
Jul 13 00:39:51 kria kernel:  show_stack+0x20/0x2c
Jul 13 00:39:51 kria kernel:  dump_stack_lvl+0x68/0x84
Jul 13 00:39:51 kria kernel:  dump_stack+0x18/0x34
Jul 13 00:39:51 kria kernel:  __might_resched+0x15c/0x1c0
Jul 13 00:39:51 kria kernel:  rt_spin_lock+0x38/0xd0
Jul 13 00:39:51 kria kernel:  alloc_pid+0x280/0x3d0
Jul 13 00:39:51 kria kernel:  copy_process+0x9fc/0x1da4
Jul 13 00:39:51 kria kernel:  kernel_clone+0x98/0x570
Jul 13 00:39:51 kria kernel:  __do_sys_clone+0x74/0xb0
Jul 13 00:39:51 kria kernel:  __arm64_sys_clone+0x28/0x34
Jul 13 00:39:51 kria kernel:  invoke_syscall+0x78/0x100
Jul 13 00:39:51 kria kernel:  el0_svc_common.constprop.0+0x54/0x184
Jul 13 00:39:51 kria kernel:  do_el0_svc+0x30/0xac
Jul 13 00:39:51 kria kernel:  el0_svc+0x28/0xb0
Jul 13 00:39:51 kria kernel:  el0t_64_sync_handler+0xa4/0x12c
Jul 13 00:39:51 kria kernel:  el0t_64_sync+0x1a4/0x1a8
Jul 13 00:39:52 kria kernel: BUG: sleeping function called from invalid context at kernel/locking/spinlock_rt.c:46
Jul 13 00:39:52 kria kernel: in_atomic(): 1, irqs_disabled(): 0, non_block: 0, pid: 1452, name: sshd
Jul 13 00:39:52 kria kernel: preempt_count: 1, expected: 0
Jul 13 00:39:52 kria kernel: RCU nest depth: 0, expected: 0
Jul 13 00:39:52 kria kernel: Preemption disabled at:
Jul 13 00:39:52 kria kernel: [<ffffbb5f3febd338>] __radix_tree_preload+0x28/0x110
Jul 13 00:39:52 kria kernel: CPU: 0 PID: 1452 Comm: sshd Tainted: G        WC        5.15.199-rt91-rt-kv260 #4
Jul 13 00:39:52 kria kernel: Hardware name: ZynqMP KV260 revB (DT)
Jul 13 00:39:52 kria kernel: Call trace:
Jul 13 00:39:52 kria kernel:  dump_backtrace+0x0/0x1f0
Jul 13 00:39:52 kria kernel:  show_stack+0x20/0x2c
Jul 13 00:39:52 kria kernel:  dump_stack_lvl+0x68/0x84
Jul 13 00:39:52 kria kernel:  dump_stack+0x18/0x34
Jul 13 00:39:52 kria kernel:  __might_resched+0x15c/0x1c0
Jul 13 00:39:52 kria kernel:  rt_spin_lock+0x38/0xd0
Jul 13 00:39:52 kria kernel:  alloc_pid+0x280/0x3d0
Jul 13 00:39:52 kria kernel:  copy_process+0x9fc/0x1da4
Jul 13 00:39:52 kria kernel:  kernel_clone+0x98/0x570
Jul 13 00:39:52 kria kernel:  __do_sys_clone+0x74/0xb0
Jul 13 00:39:52 kria kernel:  __arm64_sys_clone+0x28/0x34
Jul 13 00:39:52 kria kernel:  invoke_syscall+0x78/0x100
Jul 13 00:39:52 kria kernel:  el0_svc_common.constprop.0+0x54/0x184
Jul 13 00:39:52 kria kernel:  do_el0_svc+0x30/0xac
Jul 13 00:39:52 kria kernel:  el0_svc+0x28/0xb0
Jul 13 00:39:52 kria kernel:  el0t_64_sync_handler+0xa4/0x12c
Jul 13 00:39:52 kria kernel:  el0t_64_sync+0x1a4/0x1a8
Jul 13 00:39:56 kria kernel: BUG: sleeping function called from invalid context at kernel/locking/spinlock_rt.c:46
Jul 13 00:39:56 kria kernel: in_atomic(): 1, irqs_disabled(): 0, non_block: 0, pid: 1091, name: fancontrol
Jul 13 00:39:56 kria kernel: preempt_count: 1, expected: 0
Jul 13 00:39:56 kria kernel: RCU nest depth: 0, expected: 0
Jul 13 00:39:56 kria kernel: Preemption disabled at:
Jul 13 00:39:56 kria kernel: [<ffffbb5f3febd338>] __radix_tree_preload+0x28/0x110
Jul 13 00:39:56 kria kernel: CPU: 1 PID: 1091 Comm: fancontrol Tainted: G        WC        5.15.199-rt91-rt-kv260 #4
Jul 13 00:39:56 kria kernel: Hardware name: ZynqMP KV260 revB (DT)
Jul 13 00:39:56 kria kernel: Call trace:
Jul 13 00:39:56 kria kernel:  dump_backtrace+0x0/0x1f0
Jul 13 00:39:56 kria kernel:  show_stack+0x20/0x2c
Jul 13 00:39:56 kria kernel:  dump_stack_lvl+0x68/0x84
Jul 13 00:39:56 kria kernel:  dump_stack+0x18/0x34
Jul 13 00:39:56 kria kernel:  __might_resched+0x15c/0x1c0
Jul 13 00:39:56 kria kernel:  rt_spin_lock+0x38/0xd0
Jul 13 00:39:56 kria kernel:  alloc_pid+0x280/0x3d0
Jul 13 00:39:56 kria kernel:  copy_process+0x9fc/0x1da4
Jul 13 00:39:56 kria kernel:  kernel_clone+0x98/0x570
Jul 13 00:39:56 kria kernel:  __do_sys_clone+0x74/0xb0
Jul 13 00:39:56 kria kernel:  __arm64_sys_clone+0x28/0x34
Jul 13 00:39:56 kria kernel:  invoke_syscall+0x78/0x100
Jul 13 00:39:56 kria kernel:  el0_svc_common.constprop.0+0x54/0x184
Jul 13 00:39:56 kria kernel:  do_el0_svc+0x30/0xac
Jul 13 00:39:56 kria kernel:  el0_svc+0x28/0xb0
Jul 13 00:39:56 kria kernel:  el0t_64_sync_handler+0xa4/0x12c
Jul 13 00:39:56 kria kernel:  el0t_64_sync+0x1a4/0x1a8
Jul 13 00:40:01 kria kernel: BUG: sleeping function called from invalid context at kernel/locking/spinlock_rt.c:46
Jul 13 00:40:01 kria kernel: in_atomic(): 1, irqs_disabled(): 0, non_block: 0, pid: 1091, name: fancontrol
Jul 13 00:40:01 kria kernel: preempt_count: 1, expected: 0
Jul 13 00:40:01 kria kernel: RCU nest depth: 0, expected: 0
Jul 13 00:40:01 kria kernel: Preemption disabled at:
Jul 13 00:40:01 kria kernel: [<ffffbb5f3febd338>] __radix_tree_preload+0x28/0x110
Jul 13 00:40:01 kria kernel: CPU: 0 PID: 1091 Comm: fancontrol Tainted: G        WC        5.15.199-rt91-rt-kv260 #4
Jul 13 00:40:01 kria kernel: Hardware name: ZynqMP KV260 revB (DT)
Jul 13 00:40:01 kria kernel: Call trace:
Jul 13 00:40:01 kria kernel:  dump_backtrace+0x0/0x1f0
Jul 13 00:40:01 kria kernel:  show_stack+0x20/0x2c
Jul 13 00:40:01 kria kernel:  dump_stack_lvl+0x68/0x84
Jul 13 00:40:01 kria kernel:  dump_stack+0x18/0x34
Jul 13 00:40:01 kria kernel:  __might_resched+0x15c/0x1c0
Jul 13 00:40:01 kria kernel:  rt_spin_lock+0x38/0xd0
Jul 13 00:40:01 kria kernel:  alloc_pid+0x280/0x3d0
Jul 13 00:40:01 kria kernel:  copy_process+0x9fc/0x1da4
Jul 13 00:40:01 kria kernel:  kernel_clone+0x98/0x570
Jul 13 00:40:01 kria kernel:  __do_sys_clone+0x74/0xb0
Jul 13 00:40:01 kria kernel:  __arm64_sys_clone+0x28/0x34
Jul 13 00:40:01 kria kernel:  invoke_syscall+0x78/0x100
Jul 13 00:40:01 kria kernel:  el0_svc_common.constprop.0+0x54/0x184
Jul 13 00:40:01 kria kernel:  do_el0_svc+0x30/0xac
Jul 13 00:40:01 kria kernel:  el0_svc+0x28/0xb0
Jul 13 00:40:01 kria kernel:  el0t_64_sync_handler+0xa4/0x12c
Jul 13 00:40:01 kria kernel:  el0t_64_sync+0x1a4/0x1a8
Jul 13 00:40:06 kria kernel: BUG: sleeping function called from invalid context at kernel/locking/spinlock_rt.c:46
Jul 13 00:40:06 kria kernel: in_atomic(): 1, irqs_disabled(): 0, non_block: 0, pid: 1091, name: fancontrol
Jul 13 00:40:06 kria kernel: preempt_count: 1, expected: 0
Jul 13 00:40:06 kria kernel: RCU nest depth: 0, expected: 0
Jul 13 00:40:06 kria kernel: Preemption disabled at:
Jul 13 00:40:06 kria kernel: [<ffffbb5f3febd338>] __radix_tree_preload+0x28/0x110
Jul 13 00:40:06 kria kernel: CPU: 0 PID: 1091 Comm: fancontrol Tainted: G        WC        5.15.199-rt91-rt-kv260 #4
Jul 13 00:40:06 kria kernel: Hardware name: ZynqMP KV260 revB (DT)
Jul 13 00:40:06 kria kernel: Call trace:
Jul 13 00:40:06 kria kernel:  dump_backtrace+0x0/0x1f0
Jul 13 00:40:06 kria kernel:  show_stack+0x20/0x2c
Jul 13 00:40:06 kria kernel:  dump_stack_lvl+0x68/0x84
Jul 13 00:40:06 kria kernel:  dump_stack+0x18/0x34
Jul 13 00:40:06 kria kernel:  __might_resched+0x15c/0x1c0
Jul 13 00:40:06 kria kernel:  rt_spin_lock+0x38/0xd0
Jul 13 00:40:06 kria kernel:  alloc_pid+0x280/0x3d0
Jul 13 00:40:06 kria kernel:  copy_process+0x9fc/0x1da4
Jul 13 00:40:06 kria kernel:  kernel_clone+0x98/0x570
Jul 13 00:40:06 kria kernel:  __do_sys_clone+0x74/0xb0
Jul 13 00:40:06 kria kernel:  __arm64_sys_clone+0x28/0x34
Jul 13 00:40:06 kria kernel:  invoke_syscall+0x78/0x100
Jul 13 00:40:06 kria kernel:  el0_svc_common.constprop.0+0x54/0x184
Jul 13 00:40:06 kria kernel:  do_el0_svc+0x30/0xac
Jul 13 00:40:06 kria kernel:  el0_svc+0x28/0xb0
Jul 13 00:40:06 kria kernel:  el0t_64_sync_handler+0xa4/0x12c
Jul 13 00:40:06 kria kernel:  el0t_64_sync+0x1a4/0x1a8
Jul 13 00:40:11 kria kernel: BUG: sleeping function called from invalid context at kernel/locking/spinlock_rt.c:46
Jul 13 00:40:11 kria kernel: in_atomic(): 1, irqs_disabled(): 0, non_block: 0, pid: 1091, name: fancontrol
Jul 13 00:40:11 kria kernel: preempt_count: 1, expected: 0
Jul 13 00:40:11 kria kernel: RCU nest depth: 0, expected: 0
Jul 13 00:40:11 kria kernel: Preemption disabled at:
Jul 13 00:40:11 kria kernel: [<ffffbb5f3febd338>] __radix_tree_preload+0x28/0x110
Jul 13 00:40:11 kria kernel: CPU: 2 PID: 1091 Comm: fancontrol Tainted: G        WC        5.15.199-rt91-rt-kv260 #4
Jul 13 00:40:11 kria kernel: Hardware name: ZynqMP KV260 revB (DT)
Jul 13 00:40:11 kria kernel: Call trace:
Jul 13 00:40:11 kria kernel:  dump_backtrace+0x0/0x1f0
Jul 13 00:40:11 kria kernel:  show_stack+0x20/0x2c
Jul 13 00:40:11 kria kernel:  dump_stack_lvl+0x68/0x84
Jul 13 00:40:11 kria kernel:  dump_stack+0x18/0x34
Jul 13 00:40:11 kria kernel:  __might_resched+0x15c/0x1c0
Jul 13 00:40:11 kria kernel:  rt_spin_lock+0x38/0xd0
Jul 13 00:40:11 kria kernel:  alloc_pid+0x280/0x3d0
Jul 13 00:40:11 kria kernel:  copy_process+0x9fc/0x1da4
Jul 13 00:40:11 kria kernel:  kernel_clone+0x98/0x570
Jul 13 00:40:11 kria kernel:  __do_sys_clone+0x74/0xb0
Jul 13 00:40:11 kria kernel:  __arm64_sys_clone+0x28/0x34
Jul 13 00:40:11 kria kernel:  invoke_syscall+0x78/0x100
Jul 13 00:40:11 kria kernel:  el0_svc_common.constprop.0+0x54/0x184
Jul 13 00:40:11 kria kernel:  do_el0_svc+0x30/0xac
Jul 13 00:40:11 kria kernel:  el0_svc+0x28/0xb0
Jul 13 00:40:11 kria kernel:  el0t_64_sync_handler+0xa4/0x12c
Jul 13 00:40:11 kria kernel:  el0t_64_sync+0x1a4/0x1a8
Jul 13 00:40:16 kria kernel: BUG: sleeping function called from invalid context at kernel/locking/spinlock_rt.c:46
Jul 13 00:40:16 kria kernel: in_atomic(): 1, irqs_disabled(): 0, non_block: 0, pid: 1091, name: fancontrol
Jul 13 00:40:16 kria kernel: preempt_count: 1, expected: 0
Jul 13 00:40:16 kria kernel: RCU nest depth: 0, expected: 0
Jul 13 00:40:16 kria kernel: Preemption disabled at:
Jul 13 00:40:16 kria kernel: [<ffffbb5f3febd338>] __radix_tree_preload+0x28/0x110
Jul 13 00:40:16 kria kernel: CPU: 2 PID: 1091 Comm: fancontrol Tainted: G        WC        5.15.199-rt91-rt-kv260 #4
Jul 13 00:40:16 kria kernel: Hardware name: ZynqMP KV260 revB (DT)
Jul 13 00:40:16 kria kernel: Call trace:
Jul 13 00:40:16 kria kernel:  dump_backtrace+0x0/0x1f0
Jul 13 00:40:16 kria kernel:  show_stack+0x20/0x2c
Jul 13 00:40:16 kria kernel:  dump_stack_lvl+0x68/0x84
Jul 13 00:40:16 kria kernel:  dump_stack+0x18/0x34
Jul 13 00:40:16 kria kernel:  __might_resched+0x15c/0x1c0
Jul 13 00:40:16 kria kernel:  rt_spin_lock+0x38/0xd0
Jul 13 00:40:16 kria kernel:  alloc_pid+0x280/0x3d0
Jul 13 00:40:16 kria kernel:  copy_process+0x9fc/0x1da4
Jul 13 00:40:16 kria kernel:  kernel_clone+0x98/0x570
Jul 13 00:40:16 kria kernel:  __do_sys_clone+0x74/0xb0
Jul 13 00:40:16 kria kernel:  __arm64_sys_clone+0x28/0x34
Jul 13 00:40:16 kria kernel:  invoke_syscall+0x78/0x100
Jul 13 00:40:16 kria kernel:  el0_svc_common.constprop.0+0x54/0x184
Jul 13 00:40:16 kria kernel:  do_el0_svc+0x30/0xac
Jul 13 00:40:16 kria kernel:  el0_svc+0x28/0xb0
Jul 13 00:40:16 kria kernel:  el0t_64_sync_handler+0xa4/0x12c
Jul 13 00:40:16 kria kernel:  el0t_64_sync+0x1a4/0x1a8
Jul 13 00:40:21 kria kernel: BUG: sleeping function called from invalid context at kernel/locking/spinlock_rt.c:46
Jul 13 00:40:21 kria kernel: in_atomic(): 1, irqs_disabled(): 0, non_block: 0, pid: 1091, name: fancontrol
Jul 13 00:40:21 kria kernel: preempt_count: 1, expected: 0
Jul 13 00:40:21 kria kernel: RCU nest depth: 0, expected: 0
Jul 13 00:40:21 kria kernel: Preemption disabled at:
Jul 13 00:40:21 kria kernel: [<ffffbb5f3febd338>] __radix_tree_preload+0x28/0x110
Jul 13 00:40:21 kria kernel: CPU: 3 PID: 1091 Comm: fancontrol Tainted: G        WC        5.15.199-rt91-rt-kv260 #4
Jul 13 00:40:21 kria kernel: Hardware name: ZynqMP KV260 revB (DT)
Jul 13 00:40:21 kria kernel: Call trace:
Jul 13 00:40:21 kria kernel:  dump_backtrace+0x0/0x1f0
Jul 13 00:40:21 kria kernel:  show_stack+0x20/0x2c
Jul 13 00:40:21 kria kernel:  dump_stack_lvl+0x68/0x84
Jul 13 00:40:21 kria kernel:  dump_stack+0x18/0x34
Jul 13 00:40:21 kria kernel:  __might_resched+0x15c/0x1c0
Jul 13 00:40:21 kria kernel:  rt_spin_lock+0x38/0xd0
Jul 13 00:40:21 kria kernel:  alloc_pid+0x280/0x3d0
Jul 13 00:40:21 kria kernel:  copy_process+0x9fc/0x1da4
Jul 13 00:40:21 kria kernel:  kernel_clone+0x98/0x570
Jul 13 00:40:21 kria kernel:  __do_sys_clone+0x74/0xb0
Jul 13 00:40:21 kria kernel:  __arm64_sys_clone+0x28/0x34
Jul 13 00:40:21 kria kernel:  invoke_syscall+0x78/0x100
Jul 13 00:40:21 kria kernel:  el0_svc_common.constprop.0+0x54/0x184
Jul 13 00:40:21 kria kernel:  do_el0_svc+0x30/0xac
Jul 13 00:40:21 kria kernel:  el0_svc+0x28/0xb0
Jul 13 00:40:21 kria kernel:  el0t_64_sync_handler+0xa4/0x12c
Jul 13 00:40:21 kria kernel:  el0t_64_sync+0x1a4/0x1a8
Jul 13 00:40:26 kria kernel: BUG: sleeping function called from invalid context at kernel/locking/spinlock_rt.c:46
Jul 13 00:40:26 kria kernel: in_atomic(): 1, irqs_disabled(): 0, non_block: 0, pid: 1091, name: fancontrol
Jul 13 00:40:26 kria kernel: preempt_count: 1, expected: 0
Jul 13 00:40:26 kria kernel: RCU nest depth: 0, expected: 0
Jul 13 00:40:26 kria kernel: Preemption disabled at:
Jul 13 00:40:26 kria kernel: [<ffffbb5f3febd338>] __radix_tree_preload+0x28/0x110
Jul 13 00:40:26 kria kernel: CPU: 0 PID: 1091 Comm: fancontrol Tainted: G        WC        5.15.199-rt91-rt-kv260 #4
Jul 13 00:40:26 kria kernel: Hardware name: ZynqMP KV260 revB (DT)
Jul 13 00:40:26 kria kernel: Call trace:
Jul 13 00:40:26 kria kernel:  dump_backtrace+0x0/0x1f0
Jul 13 00:40:26 kria kernel:  show_stack+0x20/0x2c
Jul 13 00:40:26 kria kernel:  dump_stack_lvl+0x68/0x84
Jul 13 00:40:26 kria kernel:  dump_stack+0x18/0x34
Jul 13 00:40:26 kria kernel:  __might_resched+0x15c/0x1c0
Jul 13 00:40:26 kria kernel:  rt_spin_lock+0x38/0xd0
Jul 13 00:40:26 kria kernel:  alloc_pid+0x280/0x3d0
Jul 13 00:40:26 kria kernel:  copy_process+0x9fc/0x1da4
Jul 13 00:40:26 kria kernel:  kernel_clone+0x98/0x570
Jul 13 00:40:26 kria kernel:  __do_sys_clone+0x74/0xb0
Jul 13 00:40:26 kria kernel:  __arm64_sys_clone+0x28/0x34
Jul 13 00:40:26 kria kernel:  invoke_syscall+0x78/0x100
Jul 13 00:40:26 kria kernel:  el0_svc_common.constprop.0+0x54/0x184
Jul 13 00:40:26 kria kernel:  do_el0_svc+0x30/0xac
Jul 13 00:40:26 kria kernel:  el0_svc+0x28/0xb0
Jul 13 00:40:26 kria kernel:  el0t_64_sync_handler+0xa4/0x12c
Jul 13 00:40:26 kria kernel:  el0t_64_sync+0x1a4/0x1a8
Jul 13 00:40:31 kria kernel: BUG: sleeping function called from invalid context at kernel/locking/spinlock_rt.c:46
Jul 13 00:40:31 kria kernel: in_atomic(): 1, irqs_disabled(): 0, non_block: 0, pid: 1091, name: fancontrol
Jul 13 00:40:31 kria kernel: preempt_count: 1, expected: 0
Jul 13 00:40:31 kria kernel: RCU nest depth: 0, expected: 0
Jul 13 00:40:31 kria kernel: Preemption disabled at:
Jul 13 00:40:31 kria kernel: [<ffffbb5f3febd338>] __radix_tree_preload+0x28/0x110
Jul 13 00:40:31 kria kernel: CPU: 0 PID: 1091 Comm: fancontrol Tainted: G        WC        5.15.199-rt91-rt-kv260 #4
Jul 13 00:40:31 kria kernel: Hardware name: ZynqMP KV260 revB (DT)
Jul 13 00:40:31 kria kernel: Call trace:
Jul 13 00:40:31 kria kernel:  dump_backtrace+0x0/0x1f0
Jul 13 00:40:31 kria kernel:  show_stack+0x20/0x2c
Jul 13 00:40:31 kria kernel:  dump_stack_lvl+0x68/0x84
Jul 13 00:40:31 kria kernel:  dump_stack+0x18/0x34
Jul 13 00:40:31 kria kernel:  __might_resched+0x15c/0x1c0
Jul 13 00:40:31 kria kernel:  rt_spin_lock+0x38/0xd0
Jul 13 00:40:31 kria kernel:  alloc_pid+0x280/0x3d0
Jul 13 00:40:31 kria kernel:  copy_process+0x9fc/0x1da4
Jul 13 00:40:31 kria kernel:  kernel_clone+0x98/0x570
Jul 13 00:40:31 kria kernel:  __do_sys_clone+0x74/0xb0
Jul 13 00:40:31 kria kernel:  __arm64_sys_clone+0x28/0x34
Jul 13 00:40:31 kria kernel:  invoke_syscall+0x78/0x100
Jul 13 00:40:31 kria kernel:  el0_svc_common.constprop.0+0x54/0x184
Jul 13 00:40:31 kria kernel:  do_el0_svc+0x30/0xac
Jul 13 00:40:31 kria kernel:  el0_svc+0x28/0xb0
Jul 13 00:40:31 kria kernel:  el0t_64_sync_handler+0xa4/0x12c
Jul 13 00:40:31 kria kernel:  el0t_64_sync+0x1a4/0x1a8
Jul 13 00:40:36 kria kernel: BUG: sleeping function called from invalid context at kernel/locking/spinlock_rt.c:46
Jul 13 00:40:36 kria kernel: in_atomic(): 1, irqs_disabled(): 0, non_block: 0, pid: 1091, name: fancontrol
Jul 13 00:40:36 kria kernel: preempt_count: 1, expected: 0
Jul 13 00:40:36 kria kernel: RCU nest depth: 0, expected: 0
Jul 13 00:40:36 kria kernel: Preemption disabled at:
Jul 13 00:40:36 kria kernel: [<ffffbb5f3febd338>] __radix_tree_preload+0x28/0x110
Jul 13 00:40:36 kria kernel: CPU: 3 PID: 1091 Comm: fancontrol Tainted: G        WC        5.15.199-rt91-rt-kv260 #4
Jul 13 00:40:36 kria kernel: Hardware name: ZynqMP KV260 revB (DT)
Jul 13 00:40:36 kria kernel: Call trace:
Jul 13 00:40:36 kria kernel:  dump_backtrace+0x0/0x1f0
Jul 13 00:40:36 kria kernel:  show_stack+0x20/0x2c
Jul 13 00:40:36 kria kernel:  dump_stack_lvl+0x68/0x84
Jul 13 00:40:36 kria kernel:  dump_stack+0x18/0x34
Jul 13 00:40:36 kria kernel:  __might_resched+0x15c/0x1c0
Jul 13 00:40:36 kria kernel:  rt_spin_lock+0x38/0xd0
Jul 13 00:40:36 kria kernel:  alloc_pid+0x280/0x3d0
Jul 13 00:40:36 kria kernel:  copy_process+0x9fc/0x1da4
Jul 13 00:40:36 kria kernel:  kernel_clone+0x98/0x570
Jul 13 00:40:36 kria kernel:  __do_sys_clone+0x74/0xb0
Jul 13 00:40:36 kria kernel:  __arm64_sys_clone+0x28/0x34
Jul 13 00:40:36 kria kernel:  invoke_syscall+0x78/0x100
Jul 13 00:40:36 kria kernel:  el0_svc_common.constprop.0+0x54/0x184
Jul 13 00:40:36 kria kernel:  do_el0_svc+0x30/0xac
Jul 13 00:40:36 kria kernel:  el0_svc+0x28/0xb0
Jul 13 00:40:36 kria kernel:  el0t_64_sync_handler+0xa4/0x12c
Jul 13 00:40:36 kria kernel:  el0t_64_sync+0x1a4/0x1a8
Jul 13 00:40:41 kria kernel: BUG: sleeping function called from invalid context at kernel/locking/spinlock_rt.c:46
Jul 13 00:40:41 kria kernel: in_atomic(): 1, irqs_disabled(): 0, non_block: 0, pid: 1091, name: fancontrol
Jul 13 00:40:41 kria kernel: preempt_count: 1, expected: 0
Jul 13 00:40:41 kria kernel: RCU nest depth: 0, expected: 0
Jul 13 00:40:41 kria kernel: Preemption disabled at:
Jul 13 00:40:41 kria kernel: [<ffffbb5f3febd338>] __radix_tree_preload+0x28/0x110
Jul 13 00:40:41 kria kernel: CPU: 2 PID: 1091 Comm: fancontrol Tainted: G        WC        5.15.199-rt91-rt-kv260 #4
Jul 13 00:40:41 kria kernel: Hardware name: ZynqMP KV260 revB (DT)
Jul 13 00:40:41 kria kernel: Call trace:
Jul 13 00:40:41 kria kernel:  dump_backtrace+0x0/0x1f0
Jul 13 00:40:41 kria kernel:  show_stack+0x20/0x2c
Jul 13 00:40:41 kria kernel:  dump_stack_lvl+0x68/0x84
Jul 13 00:40:41 kria kernel:  dump_stack+0x18/0x34
Jul 13 00:40:41 kria kernel:  __might_resched+0x15c/0x1c0
Jul 13 00:40:41 kria kernel:  rt_spin_lock+0x38/0xd0
Jul 13 00:40:41 kria kernel:  alloc_pid+0x280/0x3d0
Jul 13 00:40:41 kria kernel:  copy_process+0x9fc/0x1da4
Jul 13 00:40:41 kria kernel:  kernel_clone+0x98/0x570
Jul 13 00:40:41 kria kernel:  __do_sys_clone+0x74/0xb0
Jul 13 00:40:41 kria kernel:  __arm64_sys_clone+0x28/0x34
Jul 13 00:40:41 kria kernel:  invoke_syscall+0x78/0x100
Jul 13 00:40:41 kria kernel:  el0_svc_common.constprop.0+0x54/0x184
Jul 13 00:40:41 kria kernel:  do_el0_svc+0x30/0xac
Jul 13 00:40:41 kria kernel:  el0_svc+0x28/0xb0
Jul 13 00:40:41 kria kernel:  el0t_64_sync_handler+0xa4/0x12c
Jul 13 00:40:41 kria kernel:  el0t_64_sync+0x1a4/0x1a8
Jul 13 00:40:46 kria kernel: BUG: sleeping function called from invalid context at kernel/locking/spinlock_rt.c:46
Jul 13 00:40:46 kria kernel: in_atomic(): 1, irqs_disabled(): 0, non_block: 0, pid: 1091, name: fancontrol
Jul 13 00:40:46 kria kernel: preempt_count: 1, expected: 0
Jul 13 00:40:46 kria kernel: RCU nest depth: 0, expected: 0
Jul 13 00:40:46 kria kernel: Preemption disabled at:
Jul 13 00:40:46 kria kernel: [<ffffbb5f3febd338>] __radix_tree_preload+0x28/0x110
Jul 13 00:40:46 kria kernel: CPU: 3 PID: 1091 Comm: fancontrol Tainted: G        WC        5.15.199-rt91-rt-kv260 #4
Jul 13 00:40:46 kria kernel: Hardware name: ZynqMP KV260 revB (DT)
Jul 13 00:40:46 kria kernel: Call trace:
Jul 13 00:40:46 kria kernel:  dump_backtrace+0x0/0x1f0
Jul 13 00:40:46 kria kernel:  show_stack+0x20/0x2c
Jul 13 00:40:46 kria kernel:  dump_stack_lvl+0x68/0x84
Jul 13 00:40:46 kria kernel:  dump_stack+0x18/0x34
Jul 13 00:40:46 kria kernel:  __might_resched+0x15c/0x1c0
Jul 13 00:40:46 kria kernel:  rt_spin_lock+0x38/0xd0
Jul 13 00:40:46 kria kernel:  alloc_pid+0x280/0x3d0
Jul 13 00:40:46 kria kernel:  copy_process+0x9fc/0x1da4
Jul 13 00:40:46 kria kernel:  kernel_clone+0x98/0x570
Jul 13 00:40:46 kria kernel:  __do_sys_clone+0x74/0xb0
Jul 13 00:40:46 kria kernel:  __arm64_sys_clone+0x28/0x34
Jul 13 00:40:46 kria kernel:  invoke_syscall+0x78/0x100
Jul 13 00:40:46 kria kernel:  el0_svc_common.constprop.0+0x54/0x184
Jul 13 00:40:46 kria kernel:  do_el0_svc+0x30/0xac
Jul 13 00:40:46 kria kernel:  el0_svc+0x28/0xb0
Jul 13 00:40:46 kria kernel:  el0t_64_sync_handler+0xa4/0x12c
Jul 13 00:40:46 kria kernel:  el0t_64_sync+0x1a4/0x1a8
Jul 13 00:40:51 kria kernel: BUG: sleeping function called from invalid context at kernel/locking/spinlock_rt.c:46
Jul 13 00:40:51 kria kernel: in_atomic(): 1, irqs_disabled(): 0, non_block: 0, pid: 1091, name: fancontrol
Jul 13 00:40:51 kria kernel: preempt_count: 1, expected: 0
Jul 13 00:40:51 kria kernel: RCU nest depth: 0, expected: 0
Jul 13 00:40:51 kria kernel: Preemption disabled at:
Jul 13 00:40:51 kria kernel: [<ffffbb5f3febd338>] __radix_tree_preload+0x28/0x110
Jul 13 00:40:51 kria kernel: CPU: 3 PID: 1091 Comm: fancontrol Tainted: G        WC        5.15.199-rt91-rt-kv260 #4
Jul 13 00:40:51 kria kernel: Hardware name: ZynqMP KV260 revB (DT)
Jul 13 00:40:51 kria kernel: Call trace:
Jul 13 00:40:51 kria kernel:  dump_backtrace+0x0/0x1f0
Jul 13 00:40:51 kria kernel:  show_stack+0x20/0x2c
Jul 13 00:40:51 kria kernel:  dump_stack_lvl+0x68/0x84
Jul 13 00:40:51 kria kernel:  dump_stack+0x18/0x34
Jul 13 00:40:51 kria kernel:  __might_resched+0x15c/0x1c0
Jul 13 00:40:51 kria kernel:  rt_spin_lock+0x38/0xd0
Jul 13 00:40:51 kria kernel:  alloc_pid+0x280/0x3d0
Jul 13 00:40:51 kria kernel:  copy_process+0x9fc/0x1da4
Jul 13 00:40:51 kria kernel:  kernel_clone+0x98/0x570
Jul 13 00:40:51 kria kernel:  __do_sys_clone+0x74/0xb0
Jul 13 00:40:51 kria kernel:  __arm64_sys_clone+0x28/0x34
Jul 13 00:40:51 kria kernel:  invoke_syscall+0x78/0x100
Jul 13 00:40:51 kria kernel:  el0_svc_common.constprop.0+0x54/0x184
Jul 13 00:40:51 kria kernel:  do_el0_svc+0x30/0xac
Jul 13 00:40:51 kria kernel:  el0_svc+0x28/0xb0
Jul 13 00:40:51 kria kernel:  el0t_64_sync_handler+0xa4/0x12c
Jul 13 00:40:51 kria kernel:  el0t_64_sync+0x1a4/0x1a8
Jul 13 00:40:56 kria kernel: BUG: sleeping function called from invalid context at kernel/locking/spinlock_rt.c:46
Jul 13 00:40:56 kria kernel: in_atomic(): 1, irqs_disabled(): 0, non_block: 0, pid: 1091, name: fancontrol
Jul 13 00:40:56 kria kernel: preempt_count: 1, expected: 0
Jul 13 00:40:56 kria kernel: RCU nest depth: 0, expected: 0
Jul 13 00:40:56 kria kernel: Preemption disabled at:
Jul 13 00:40:56 kria kernel: [<ffffbb5f3febd338>] __radix_tree_preload+0x28/0x110
Jul 13 00:40:56 kria kernel: CPU: 3 PID: 1091 Comm: fancontrol Tainted: G        WC        5.15.199-rt91-rt-kv260 #4
Jul 13 00:40:56 kria kernel: Hardware name: ZynqMP KV260 revB (DT)
Jul 13 00:40:56 kria kernel: Call trace:
Jul 13 00:40:56 kria kernel:  dump_backtrace+0x0/0x1f0
Jul 13 00:40:56 kria kernel:  show_stack+0x20/0x2c
Jul 13 00:40:56 kria kernel:  dump_stack_lvl+0x68/0x84
Jul 13 00:40:56 kria kernel:  dump_stack+0x18/0x34
Jul 13 00:40:56 kria kernel:  __might_resched+0x15c/0x1c0
Jul 13 00:40:56 kria kernel:  rt_spin_lock+0x38/0xd0
Jul 13 00:40:56 kria kernel:  alloc_pid+0x280/0x3d0
Jul 13 00:40:56 kria kernel:  copy_process+0x9fc/0x1da4
Jul 13 00:40:56 kria kernel:  kernel_clone+0x98/0x570
Jul 13 00:40:56 kria kernel:  __do_sys_clone+0x74/0xb0
Jul 13 00:40:56 kria kernel:  __arm64_sys_clone+0x28/0x34
Jul 13 00:40:56 kria kernel:  invoke_syscall+0x78/0x100
Jul 13 00:40:56 kria kernel:  el0_svc_common.constprop.0+0x54/0x184
Jul 13 00:40:56 kria kernel:  do_el0_svc+0x30/0xac
Jul 13 00:40:56 kria kernel:  el0_svc+0x28/0xb0
Jul 13 00:40:56 kria kernel:  el0t_64_sync_handler+0xa4/0x12c
Jul 13 00:40:56 kria kernel:  el0t_64_sync+0x1a4/0x1a8
Jul 13 00:41:01 kria kernel: BUG: sleeping function called from invalid context at kernel/locking/spinlock_rt.c:46
Jul 13 00:41:01 kria kernel: in_atomic(): 1, irqs_disabled(): 0, non_block: 0, pid: 1091, name: fancontrol
Jul 13 00:41:01 kria kernel: preempt_count: 1, expected: 0
Jul 13 00:41:01 kria kernel: RCU nest depth: 0, expected: 0
Jul 13 00:41:01 kria kernel: Preemption disabled at:
Jul 13 00:41:01 kria kernel: [<ffffbb5f3febd338>] __radix_tree_preload+0x28/0x110
Jul 13 00:41:01 kria kernel: CPU: 3 PID: 1091 Comm: fancontrol Tainted: G        WC        5.15.199-rt91-rt-kv260 #4
Jul 13 00:41:01 kria kernel: Hardware name: ZynqMP KV260 revB (DT)
Jul 13 00:41:01 kria kernel: Call trace:
Jul 13 00:41:01 kria kernel:  dump_backtrace+0x0/0x1f0
Jul 13 00:41:01 kria kernel:  show_stack+0x20/0x2c
Jul 13 00:41:01 kria kernel:  dump_stack_lvl+0x68/0x84
Jul 13 00:41:01 kria kernel:  dump_stack+0x18/0x34
Jul 13 00:41:01 kria kernel:  __might_resched+0x15c/0x1c0
Jul 13 00:41:01 kria kernel:  rt_spin_lock+0x38/0xd0
Jul 13 00:41:01 kria kernel:  alloc_pid+0x280/0x3d0
Jul 13 00:41:01 kria kernel:  copy_process+0x9fc/0x1da4
Jul 13 00:41:01 kria kernel:  kernel_clone+0x98/0x570
Jul 13 00:41:01 kria kernel:  __do_sys_clone+0x74/0xb0
Jul 13 00:41:01 kria kernel:  __arm64_sys_clone+0x28/0x34
Jul 13 00:41:01 kria kernel:  invoke_syscall+0x78/0x100
Jul 13 00:41:01 kria kernel:  el0_svc_common.constprop.0+0x54/0x184
Jul 13 00:41:01 kria kernel:  do_el0_svc+0x30/0xac
Jul 13 00:41:01 kria kernel:  el0_svc+0x28/0xb0
Jul 13 00:41:01 kria kernel:  el0t_64_sync_handler+0xa4/0x12c
Jul 13 00:41:01 kria kernel:  el0t_64_sync+0x1a4/0x1a8
Jul 13 00:41:06 kria kernel: BUG: sleeping function called from invalid context at kernel/locking/spinlock_rt.c:46
Jul 13 00:41:06 kria kernel: in_atomic(): 1, irqs_disabled(): 0, non_block: 0, pid: 1091, name: fancontrol
Jul 13 00:41:06 kria kernel: preempt_count: 1, expected: 0
Jul 13 00:41:06 kria kernel: RCU nest depth: 0, expected: 0
Jul 13 00:41:06 kria kernel: Preemption disabled at:
Jul 13 00:41:06 kria kernel: [<ffffbb5f3febd338>] __radix_tree_preload+0x28/0x110
Jul 13 00:41:06 kria kernel: CPU: 3 PID: 1091 Comm: fancontrol Tainted: G        WC        5.15.199-rt91-rt-kv260 #4
Jul 13 00:41:06 kria kernel: Hardware name: ZynqMP KV260 revB (DT)
Jul 13 00:41:06 kria kernel: Call trace:
Jul 13 00:41:06 kria kernel:  dump_backtrace+0x0/0x1f0
Jul 13 00:41:06 kria kernel:  show_stack+0x20/0x2c
Jul 13 00:41:06 kria kernel:  dump_stack_lvl+0x68/0x84
Jul 13 00:41:06 kria kernel:  dump_stack+0x18/0x34
Jul 13 00:41:06 kria kernel:  __might_resched+0x15c/0x1c0
Jul 13 00:41:06 kria kernel:  rt_spin_lock+0x38/0xd0
Jul 13 00:41:06 kria kernel:  alloc_pid+0x280/0x3d0
Jul 13 00:41:06 kria kernel:  copy_process+0x9fc/0x1da4
Jul 13 00:41:06 kria kernel:  kernel_clone+0x98/0x570
Jul 13 00:41:06 kria kernel:  __do_sys_clone+0x74/0xb0
Jul 13 00:41:06 kria kernel:  __arm64_sys_clone+0x28/0x34
Jul 13 00:41:06 kria kernel:  invoke_syscall+0x78/0x100
Jul 13 00:41:06 kria kernel:  el0_svc_common.constprop.0+0x54/0x184
Jul 13 00:41:06 kria kernel:  do_el0_svc+0x30/0xac
Jul 13 00:41:06 kria kernel:  el0_svc+0x28/0xb0
Jul 13 00:41:06 kria kernel:  el0t_64_sync_handler+0xa4/0x12c
Jul 13 00:41:06 kria kernel:  el0t_64_sync+0x1a4/0x1a8
Jul 13 00:41:11 kria kernel: BUG: sleeping function called from invalid context at kernel/locking/spinlock_rt.c:46
Jul 13 00:41:11 kria kernel: in_atomic(): 1, irqs_disabled(): 0, non_block: 0, pid: 1091, name: fancontrol
Jul 13 00:41:11 kria kernel: preempt_count: 1, expected: 0
Jul 13 00:41:11 kria kernel: RCU nest depth: 0, expected: 0
Jul 13 00:41:11 kria kernel: Preemption disabled at:
Jul 13 00:41:11 kria kernel: [<ffffbb5f3febd338>] __radix_tree_preload+0x28/0x110
Jul 13 00:41:11 kria kernel: CPU: 3 PID: 1091 Comm: fancontrol Tainted: G        WC        5.15.199-rt91-rt-kv260 #4
Jul 13 00:41:11 kria kernel: Hardware name: ZynqMP KV260 revB (DT)
Jul 13 00:41:11 kria kernel: Call trace:
Jul 13 00:41:11 kria kernel:  dump_backtrace+0x0/0x1f0
Jul 13 00:41:11 kria kernel:  show_stack+0x20/0x2c
Jul 13 00:41:11 kria kernel:  dump_stack_lvl+0x68/0x84
Jul 13 00:41:11 kria kernel:  dump_stack+0x18/0x34
Jul 13 00:41:11 kria kernel:  __might_resched+0x15c/0x1c0
Jul 13 00:41:11 kria kernel:  rt_spin_lock+0x38/0xd0
Jul 13 00:41:11 kria kernel:  alloc_pid+0x280/0x3d0
Jul 13 00:41:11 kria kernel:  copy_process+0x9fc/0x1da4
Jul 13 00:41:11 kria kernel:  kernel_clone+0x98/0x570
Jul 13 00:41:11 kria kernel:  __do_sys_clone+0x74/0xb0
Jul 13 00:41:11 kria kernel:  __arm64_sys_clone+0x28/0x34
Jul 13 00:41:11 kria kernel:  invoke_syscall+0x78/0x100
Jul 13 00:41:11 kria kernel:  el0_svc_common.constprop.0+0x54/0x184
Jul 13 00:41:11 kria kernel:  do_el0_svc+0x30/0xac
Jul 13 00:41:11 kria kernel:  el0_svc+0x28/0xb0
Jul 13 00:41:11 kria kernel:  el0t_64_sync_handler+0xa4/0x12c
Jul 13 00:41:11 kria kernel:  el0t_64_sync+0x1a4/0x1a8
Jul 13 00:41:16 kria kernel: BUG: sleeping function called from invalid context at kernel/locking/spinlock_rt.c:46
Jul 13 00:41:16 kria kernel: in_atomic(): 1, irqs_disabled(): 0, non_block: 0, pid: 1091, name: fancontrol
Jul 13 00:41:16 kria kernel: preempt_count: 1, expected: 0
Jul 13 00:41:16 kria kernel: RCU nest depth: 0, expected: 0
Jul 13 00:41:16 kria kernel: Preemption disabled at:
Jul 13 00:41:16 kria kernel: [<ffffbb5f3febd338>] __radix_tree_preload+0x28/0x110
Jul 13 00:41:16 kria kernel: CPU: 0 PID: 1091 Comm: fancontrol Tainted: G        WC        5.15.199-rt91-rt-kv260 #4
Jul 13 00:41:16 kria kernel: Hardware name: ZynqMP KV260 revB (DT)
Jul 13 00:41:16 kria kernel: Call trace:
Jul 13 00:41:16 kria kernel:  dump_backtrace+0x0/0x1f0
Jul 13 00:41:16 kria kernel:  show_stack+0x20/0x2c
Jul 13 00:41:16 kria kernel:  dump_stack_lvl+0x68/0x84
Jul 13 00:41:16 kria kernel:  dump_stack+0x18/0x34
Jul 13 00:41:16 kria kernel:  __might_resched+0x15c/0x1c0
Jul 13 00:41:16 kria kernel:  rt_spin_lock+0x38/0xd0
Jul 13 00:41:16 kria kernel:  alloc_pid+0x280/0x3d0
Jul 13 00:41:16 kria kernel:  copy_process+0x9fc/0x1da4
Jul 13 00:41:16 kria kernel:  kernel_clone+0x98/0x570
Jul 13 00:41:16 kria kernel:  __do_sys_clone+0x74/0xb0
Jul 13 00:41:16 kria kernel:  __arm64_sys_clone+0x28/0x34
Jul 13 00:41:16 kria kernel:  invoke_syscall+0x78/0x100
Jul 13 00:41:16 kria kernel:  el0_svc_common.constprop.0+0x54/0x184
Jul 13 00:41:16 kria kernel:  do_el0_svc+0x30/0xac
Jul 13 00:41:16 kria kernel:  el0_svc+0x28/0xb0
Jul 13 00:41:16 kria kernel:  el0t_64_sync_handler+0xa4/0x12c
Jul 13 00:41:16 kria kernel:  el0t_64_sync+0x1a4/0x1a8
Jul 13 00:41:21 kria kernel: BUG: sleeping function called from invalid context at kernel/locking/spinlock_rt.c:46
Jul 13 00:41:21 kria kernel: in_atomic(): 1, irqs_disabled(): 0, non_block: 0, pid: 1091, name: fancontrol
Jul 13 00:41:21 kria kernel: preempt_count: 1, expected: 0
Jul 13 00:41:21 kria kernel: RCU nest depth: 0, expected: 0
Jul 13 00:41:21 kria kernel: Preemption disabled at:
Jul 13 00:41:21 kria kernel: [<ffffbb5f3febd338>] __radix_tree_preload+0x28/0x110
Jul 13 00:41:21 kria kernel: CPU: 3 PID: 1091 Comm: fancontrol Tainted: G        WC        5.15.199-rt91-rt-kv260 #4
Jul 13 00:41:21 kria kernel: Hardware name: ZynqMP KV260 revB (DT)
Jul 13 00:41:21 kria kernel: Call trace:
Jul 13 00:41:21 kria kernel:  dump_backtrace+0x0/0x1f0
Jul 13 00:41:21 kria kernel:  show_stack+0x20/0x2c
Jul 13 00:41:21 kria kernel:  dump_stack_lvl+0x68/0x84
Jul 13 00:41:21 kria kernel:  dump_stack+0x18/0x34
Jul 13 00:41:21 kria kernel:  __might_resched+0x15c/0x1c0
Jul 13 00:41:21 kria kernel:  rt_spin_lock+0x38/0xd0
Jul 13 00:41:21 kria kernel:  alloc_pid+0x280/0x3d0
Jul 13 00:41:21 kria kernel:  copy_process+0x9fc/0x1da4
Jul 13 00:41:21 kria kernel:  kernel_clone+0x98/0x570
Jul 13 00:41:21 kria kernel:  __do_sys_clone+0x74/0xb0
Jul 13 00:41:21 kria kernel:  __arm64_sys_clone+0x28/0x34
Jul 13 00:41:21 kria kernel:  invoke_syscall+0x78/0x100
Jul 13 00:41:21 kria kernel:  el0_svc_common.constprop.0+0x54/0x184
Jul 13 00:41:21 kria kernel:  do_el0_svc+0x30/0xac
Jul 13 00:41:21 kria kernel:  el0_svc+0x28/0xb0
Jul 13 00:41:21 kria kernel:  el0t_64_sync_handler+0xa4/0x12c
Jul 13 00:41:21 kria kernel:  el0t_64_sync+0x1a4/0x1a8
Jul 13 00:41:26 kria kernel: BUG: sleeping function called from invalid context at kernel/locking/spinlock_rt.c:46
Jul 13 00:41:26 kria kernel: in_atomic(): 1, irqs_disabled(): 0, non_block: 0, pid: 1091, name: fancontrol
Jul 13 00:41:26 kria kernel: preempt_count: 1, expected: 0
Jul 13 00:41:26 kria kernel: RCU nest depth: 0, expected: 0
Jul 13 00:41:26 kria kernel: Preemption disabled at:
Jul 13 00:41:26 kria kernel: [<ffffbb5f3febd338>] __radix_tree_preload+0x28/0x110
Jul 13 00:41:26 kria kernel: CPU: 1 PID: 1091 Comm: fancontrol Tainted: G        WC        5.15.199-rt91-rt-kv260 #4
Jul 13 00:41:26 kria kernel: Hardware name: ZynqMP KV260 revB (DT)
Jul 13 00:41:26 kria kernel: Call trace:
Jul 13 00:41:26 kria kernel:  dump_backtrace+0x0/0x1f0
Jul 13 00:41:26 kria kernel:  show_stack+0x20/0x2c
Jul 13 00:41:26 kria kernel:  dump_stack_lvl+0x68/0x84
Jul 13 00:41:26 kria kernel:  dump_stack+0x18/0x34
Jul 13 00:41:26 kria kernel:  __might_resched+0x15c/0x1c0
Jul 13 00:41:26 kria kernel:  rt_spin_lock+0x38/0xd0
Jul 13 00:41:26 kria kernel:  alloc_pid+0x280/0x3d0
Jul 13 00:41:26 kria kernel:  copy_process+0x9fc/0x1da4
Jul 13 00:41:26 kria kernel:  kernel_clone+0x98/0x570
Jul 13 00:41:26 kria kernel:  __do_sys_clone+0x74/0xb0
Jul 13 00:41:26 kria kernel:  __arm64_sys_clone+0x28/0x34
Jul 13 00:41:26 kria kernel:  invoke_syscall+0x78/0x100
Jul 13 00:41:26 kria kernel:  el0_svc_common.constprop.0+0x54/0x184
Jul 13 00:41:26 kria kernel:  do_el0_svc+0x30/0xac
Jul 13 00:41:26 kria kernel:  el0_svc+0x28/0xb0
Jul 13 00:41:26 kria kernel:  el0t_64_sync_handler+0xa4/0x12c
Jul 13 00:41:26 kria kernel:  el0t_64_sync+0x1a4/0x1a8
Jul 13 00:41:31 kria kernel: BUG: sleeping function called from invalid context at kernel/locking/spinlock_rt.c:46
Jul 13 00:41:31 kria kernel: in_atomic(): 1, irqs_disabled(): 0, non_block: 0, pid: 1091, name: fancontrol
Jul 13 00:41:31 kria kernel: preempt_count: 1, expected: 0
Jul 13 00:41:31 kria kernel: RCU nest depth: 0, expected: 0
Jul 13 00:41:31 kria kernel: Preemption disabled at:
Jul 13 00:41:31 kria kernel: [<ffffbb5f3febd338>] __radix_tree_preload+0x28/0x110
Jul 13 00:41:31 kria kernel: CPU: 3 PID: 1091 Comm: fancontrol Tainted: G        WC        5.15.199-rt91-rt-kv260 #4
Jul 13 00:41:31 kria kernel: Hardware name: ZynqMP KV260 revB (DT)
Jul 13 00:41:31 kria kernel: Call trace:
Jul 13 00:41:31 kria kernel:  dump_backtrace+0x0/0x1f0
Jul 13 00:41:31 kria kernel:  show_stack+0x20/0x2c
Jul 13 00:41:31 kria kernel:  dump_stack_lvl+0x68/0x84
Jul 13 00:41:31 kria kernel:  dump_stack+0x18/0x34
Jul 13 00:41:31 kria kernel:  __might_resched+0x15c/0x1c0
Jul 13 00:41:31 kria kernel:  rt_spin_lock+0x38/0xd0
Jul 13 00:41:31 kria kernel:  alloc_pid+0x280/0x3d0
Jul 13 00:41:31 kria kernel:  copy_process+0x9fc/0x1da4
Jul 13 00:41:31 kria kernel:  kernel_clone+0x98/0x570
Jul 13 00:41:31 kria kernel:  __do_sys_clone+0x74/0xb0
Jul 13 00:41:31 kria kernel:  __arm64_sys_clone+0x28/0x34
Jul 13 00:41:31 kria kernel:  invoke_syscall+0x78/0x100
Jul 13 00:41:31 kria kernel:  el0_svc_common.constprop.0+0x54/0x184
Jul 13 00:41:31 kria kernel:  do_el0_svc+0x30/0xac
Jul 13 00:41:31 kria kernel:  el0_svc+0x28/0xb0
Jul 13 00:41:31 kria kernel:  el0t_64_sync_handler+0xa4/0x12c
Jul 13 00:41:31 kria kernel:  el0t_64_sync+0x1a4/0x1a8
Jul 13 00:41:36 kria kernel: BUG: sleeping function called from invalid context at kernel/locking/spinlock_rt.c:46
Jul 13 00:41:36 kria kernel: in_atomic(): 1, irqs_disabled(): 0, non_block: 0, pid: 1091, name: fancontrol
Jul 13 00:41:36 kria kernel: preempt_count: 1, expected: 0
Jul 13 00:41:36 kria kernel: RCU nest depth: 0, expected: 0
Jul 13 00:41:36 kria kernel: Preemption disabled at:
Jul 13 00:41:36 kria kernel: [<ffffbb5f3febd338>] __radix_tree_preload+0x28/0x110
Jul 13 00:41:36 kria kernel: CPU: 1 PID: 1091 Comm: fancontrol Tainted: G        WC        5.15.199-rt91-rt-kv260 #4
Jul 13 00:41:36 kria kernel: Hardware name: ZynqMP KV260 revB (DT)
Jul 13 00:41:36 kria kernel: Call trace:
Jul 13 00:41:36 kria kernel:  dump_backtrace+0x0/0x1f0
Jul 13 00:41:36 kria kernel:  show_stack+0x20/0x2c
Jul 13 00:41:36 kria kernel:  dump_stack_lvl+0x68/0x84
Jul 13 00:41:36 kria kernel:  dump_stack+0x18/0x34
Jul 13 00:41:36 kria kernel:  __might_resched+0x15c/0x1c0
Jul 13 00:41:36 kria kernel:  rt_spin_lock+0x38/0xd0
Jul 13 00:41:36 kria kernel:  alloc_pid+0x280/0x3d0
Jul 13 00:41:36 kria kernel:  copy_process+0x9fc/0x1da4
Jul 13 00:41:36 kria kernel:  kernel_clone+0x98/0x570
Jul 13 00:41:36 kria kernel:  __do_sys_clone+0x74/0xb0
Jul 13 00:41:36 kria kernel:  __arm64_sys_clone+0x28/0x34
Jul 13 00:41:36 kria kernel:  invoke_syscall+0x78/0x100
Jul 13 00:41:36 kria kernel:  el0_svc_common.constprop.0+0x54/0x184
Jul 13 00:41:36 kria kernel:  do_el0_svc+0x30/0xac
Jul 13 00:41:36 kria kernel:  el0_svc+0x28/0xb0
Jul 13 00:41:36 kria kernel:  el0t_64_sync_handler+0xa4/0x12c
Jul 13 00:41:36 kria kernel:  el0t_64_sync+0x1a4/0x1a8
Jul 13 00:41:41 kria kernel: BUG: sleeping function called from invalid context at kernel/locking/spinlock_rt.c:46
Jul 13 00:41:41 kria kernel: in_atomic(): 1, irqs_disabled(): 0, non_block: 0, pid: 1091, name: fancontrol
Jul 13 00:41:41 kria kernel: preempt_count: 1, expected: 0
Jul 13 00:41:41 kria kernel: RCU nest depth: 0, expected: 0
Jul 13 00:41:41 kria kernel: Preemption disabled at:
Jul 13 00:41:41 kria kernel: [<ffffbb5f3febd338>] __radix_tree_preload+0x28/0x110
Jul 13 00:41:41 kria kernel: CPU: 2 PID: 1091 Comm: fancontrol Tainted: G        WC        5.15.199-rt91-rt-kv260 #4
Jul 13 00:41:41 kria kernel: Hardware name: ZynqMP KV260 revB (DT)
Jul 13 00:41:41 kria kernel: Call trace:
Jul 13 00:41:41 kria kernel:  dump_backtrace+0x0/0x1f0
Jul 13 00:41:41 kria kernel:  show_stack+0x20/0x2c
Jul 13 00:41:41 kria kernel:  dump_stack_lvl+0x68/0x84
Jul 13 00:41:41 kria kernel:  dump_stack+0x18/0x34
Jul 13 00:41:41 kria kernel:  __might_resched+0x15c/0x1c0
Jul 13 00:41:41 kria kernel:  rt_spin_lock+0x38/0xd0
Jul 13 00:41:41 kria kernel:  alloc_pid+0x280/0x3d0
Jul 13 00:41:41 kria kernel:  copy_process+0x9fc/0x1da4
Jul 13 00:41:41 kria kernel:  kernel_clone+0x98/0x570
Jul 13 00:41:41 kria kernel:  __do_sys_clone+0x74/0xb0
Jul 13 00:41:41 kria kernel:  __arm64_sys_clone+0x28/0x34
Jul 13 00:41:41 kria kernel:  invoke_syscall+0x78/0x100
Jul 13 00:41:41 kria kernel:  el0_svc_common.constprop.0+0x54/0x184
Jul 13 00:41:41 kria kernel:  do_el0_svc+0x30/0xac
Jul 13 00:41:41 kria kernel:  el0_svc+0x28/0xb0
Jul 13 00:41:41 kria kernel:  el0t_64_sync_handler+0xa4/0x12c
Jul 13 00:41:41 kria kernel:  el0t_64_sync+0x1a4/0x1a8
Jul 13 00:41:46 kria kernel: BUG: sleeping function called from invalid context at kernel/locking/spinlock_rt.c:46
Jul 13 00:41:46 kria kernel: in_atomic(): 1, irqs_disabled(): 0, non_block: 0, pid: 1091, name: fancontrol
Jul 13 00:41:46 kria kernel: preempt_count: 1, expected: 0
Jul 13 00:41:46 kria kernel: RCU nest depth: 0, expected: 0
Jul 13 00:41:46 kria kernel: Preemption disabled at:
Jul 13 00:41:46 kria kernel: [<ffffbb5f3febd338>] __radix_tree_preload+0x28/0x110
Jul 13 00:41:46 kria kernel: CPU: 2 PID: 1091 Comm: fancontrol Tainted: G        WC        5.15.199-rt91-rt-kv260 #4
Jul 13 00:41:46 kria kernel: Hardware name: ZynqMP KV260 revB (DT)
Jul 13 00:41:46 kria kernel: Call trace:
Jul 13 00:41:46 kria kernel:  dump_backtrace+0x0/0x1f0
Jul 13 00:41:46 kria kernel:  show_stack+0x20/0x2c
Jul 13 00:41:46 kria kernel:  dump_stack_lvl+0x68/0x84
Jul 13 00:41:46 kria kernel:  dump_stack+0x18/0x34
Jul 13 00:41:46 kria kernel:  __might_resched+0x15c/0x1c0
Jul 13 00:41:46 kria kernel:  rt_spin_lock+0x38/0xd0
Jul 13 00:41:46 kria kernel:  alloc_pid+0x280/0x3d0
Jul 13 00:41:46 kria kernel:  copy_process+0x9fc/0x1da4
Jul 13 00:41:46 kria kernel:  kernel_clone+0x98/0x570
Jul 13 00:41:46 kria kernel:  __do_sys_clone+0x74/0xb0
Jul 13 00:41:46 kria kernel:  __arm64_sys_clone+0x28/0x34
Jul 13 00:41:46 kria kernel:  invoke_syscall+0x78/0x100
Jul 13 00:41:46 kria kernel:  el0_svc_common.constprop.0+0x54/0x184
Jul 13 00:41:46 kria kernel:  do_el0_svc+0x30/0xac
Jul 13 00:41:46 kria kernel:  el0_svc+0x28/0xb0
Jul 13 00:41:46 kria kernel:  el0t_64_sync_handler+0xa4/0x12c
Jul 13 00:41:46 kria kernel:  el0t_64_sync+0x1a4/0x1a8
Jul 13 00:41:51 kria kernel: BUG: sleeping function called from invalid context at kernel/locking/spinlock_rt.c:46
Jul 13 00:41:51 kria kernel: in_atomic(): 1, irqs_disabled(): 0, non_block: 0, pid: 1091, name: fancontrol
Jul 13 00:41:51 kria kernel: preempt_count: 1, expected: 0
Jul 13 00:41:51 kria kernel: RCU nest depth: 0, expected: 0
Jul 13 00:41:51 kria kernel: Preemption disabled at:
Jul 13 00:41:51 kria kernel: [<ffffbb5f3febd338>] __radix_tree_preload+0x28/0x110
Jul 13 00:41:51 kria kernel: CPU: 2 PID: 1091 Comm: fancontrol Tainted: G        WC        5.15.199-rt91-rt-kv260 #4
Jul 13 00:41:51 kria kernel: Hardware name: ZynqMP KV260 revB (DT)
Jul 13 00:41:51 kria kernel: Call trace:
Jul 13 00:41:51 kria kernel:  dump_backtrace+0x0/0x1f0
Jul 13 00:41:51 kria kernel:  show_stack+0x20/0x2c
Jul 13 00:41:51 kria kernel:  dump_stack_lvl+0x68/0x84
Jul 13 00:41:51 kria kernel:  dump_stack+0x18/0x34
Jul 13 00:41:51 kria kernel:  __might_resched+0x15c/0x1c0
Jul 13 00:41:51 kria kernel:  rt_spin_lock+0x38/0xd0
Jul 13 00:41:51 kria kernel:  alloc_pid+0x280/0x3d0
Jul 13 00:41:51 kria kernel:  copy_process+0x9fc/0x1da4
Jul 13 00:41:51 kria kernel:  kernel_clone+0x98/0x570
Jul 13 00:41:51 kria kernel:  __do_sys_clone+0x74/0xb0
Jul 13 00:41:51 kria kernel:  __arm64_sys_clone+0x28/0x34
Jul 13 00:41:51 kria kernel:  invoke_syscall+0x78/0x100
Jul 13 00:41:51 kria kernel:  el0_svc_common.constprop.0+0x54/0x184
Jul 13 00:41:51 kria kernel:  do_el0_svc+0x30/0xac
Jul 13 00:41:51 kria kernel:  el0_svc+0x28/0xb0
Jul 13 00:41:51 kria kernel:  el0t_64_sync_handler+0xa4/0x12c
Jul 13 00:41:51 kria kernel:  el0t_64_sync+0x1a4/0x1a8
Jul 13 00:41:56 kria kernel: BUG: sleeping function called from invalid context at kernel/locking/spinlock_rt.c:46
Jul 13 00:41:56 kria kernel: in_atomic(): 1, irqs_disabled(): 0, non_block: 0, pid: 1091, name: fancontrol
Jul 13 00:41:56 kria kernel: preempt_count: 1, expected: 0
Jul 13 00:41:56 kria kernel: RCU nest depth: 0, expected: 0
Jul 13 00:41:56 kria kernel: Preemption disabled at:
Jul 13 00:41:56 kria kernel: [<ffffbb5f3febd338>] __radix_tree_preload+0x28/0x110
Jul 13 00:41:56 kria kernel: CPU: 0 PID: 1091 Comm: fancontrol Tainted: G        WC        5.15.199-rt91-rt-kv260 #4
Jul 13 00:41:56 kria kernel: Hardware name: ZynqMP KV260 revB (DT)
Jul 13 00:41:56 kria kernel: Call trace:
Jul 13 00:41:56 kria kernel:  dump_backtrace+0x0/0x1f0
Jul 13 00:41:56 kria kernel:  show_stack+0x20/0x2c
Jul 13 00:41:56 kria kernel:  dump_stack_lvl+0x68/0x84
Jul 13 00:41:56 kria kernel:  dump_stack+0x18/0x34
Jul 13 00:41:56 kria kernel:  __might_resched+0x15c/0x1c0
Jul 13 00:41:56 kria kernel:  rt_spin_lock+0x38/0xd0
Jul 13 00:41:56 kria kernel:  alloc_pid+0x280/0x3d0
Jul 13 00:41:56 kria kernel:  copy_process+0x9fc/0x1da4
Jul 13 00:41:56 kria kernel:  kernel_clone+0x98/0x570
Jul 13 00:41:56 kria kernel:  __do_sys_clone+0x74/0xb0
Jul 13 00:41:56 kria kernel:  __arm64_sys_clone+0x28/0x34
Jul 13 00:41:56 kria kernel:  invoke_syscall+0x78/0x100
Jul 13 00:41:56 kria kernel:  el0_svc_common.constprop.0+0x54/0x184
Jul 13 00:41:56 kria kernel:  do_el0_svc+0x30/0xac
Jul 13 00:41:56 kria kernel:  el0_svc+0x28/0xb0
Jul 13 00:41:56 kria kernel:  el0t_64_sync_handler+0xa4/0x12c
Jul 13 00:41:56 kria kernel:  el0t_64_sync+0x1a4/0x1a8
Jul 13 00:41:57 kria kernel: BUG: sleeping function called from invalid context at kernel/locking/spinlock_rt.c:46
Jul 13 00:41:57 kria kernel: in_atomic(): 1, irqs_disabled(): 0, non_block: 0, pid: 564, name: systemd-journal
Jul 13 00:41:57 kria kernel: preempt_count: 1, expected: 0
Jul 13 00:41:57 kria kernel: RCU nest depth: 0, expected: 0
Jul 13 00:41:57 kria kernel: Preemption disabled at:
Jul 13 00:41:57 kria kernel: [<ffffbb5f3febd338>] __radix_tree_preload+0x28/0x110
Jul 13 00:41:57 kria kernel: CPU: 1 PID: 564 Comm: systemd-journal Tainted: G        WC        5.15.199-rt91-rt-kv260 #4
Jul 13 00:41:57 kria kernel: Hardware name: ZynqMP KV260 revB (DT)
Jul 13 00:41:57 kria kernel: Call trace:
Jul 13 00:41:57 kria kernel:  dump_backtrace+0x0/0x1f0
Jul 13 00:41:57 kria kernel:  show_stack+0x20/0x2c
Jul 13 00:41:57 kria kernel:  dump_stack_lvl+0x68/0x84
Jul 13 00:41:57 kria kernel:  dump_stack+0x18/0x34
Jul 13 00:41:57 kria kernel:  __might_resched+0x15c/0x1c0
Jul 13 00:41:57 kria kernel:  rt_spin_lock+0x38/0xd0
Jul 13 00:41:57 kria kernel:  alloc_pid+0x280/0x3d0
Jul 13 00:41:57 kria kernel:  copy_process+0x9fc/0x1da4
Jul 13 00:41:57 kria kernel:  kernel_clone+0x98/0x570
Jul 13 00:41:57 kria kernel:  __do_sys_clone+0x74/0xb0
Jul 13 00:41:57 kria kernel:  __arm64_sys_clone+0x28/0x34
Jul 13 00:41:57 kria kernel:  invoke_syscall+0x78/0x100
Jul 13 00:41:57 kria kernel:  el0_svc_common.constprop.0+0x180/0x184
Jul 13 00:41:57 kria kernel:  do_el0_svc+0x30/0xac
Jul 13 00:41:57 kria kernel:  el0_svc+0x28/0xb0
Jul 13 00:41:57 kria kernel:  el0t_64_sync_handler+0xa4/0x12c
Jul 13 00:41:57 kria kernel:  el0t_64_sync+0x1a4/0x1a8
Jul 13 00:42:01 kria kernel: BUG: sleeping function called from invalid context at kernel/locking/spinlock_rt.c:46
Jul 13 00:42:01 kria kernel: in_atomic(): 1, irqs_disabled(): 0, non_block: 0, pid: 1091, name: fancontrol
Jul 13 00:42:01 kria kernel: preempt_count: 1, expected: 0
Jul 13 00:42:01 kria kernel: RCU nest depth: 0, expected: 0
Jul 13 00:42:01 kria kernel: Preemption disabled at:
Jul 13 00:42:01 kria kernel: [<ffffbb5f3febd338>] __radix_tree_preload+0x28/0x110
Jul 13 00:42:01 kria kernel: CPU: 1 PID: 1091 Comm: fancontrol Tainted: G        WC        5.15.199-rt91-rt-kv260 #4
Jul 13 00:42:01 kria kernel: Hardware name: ZynqMP KV260 revB (DT)
Jul 13 00:42:01 kria kernel: Call trace:
Jul 13 00:42:01 kria kernel:  dump_backtrace+0x0/0x1f0
Jul 13 00:42:01 kria kernel:  show_stack+0x20/0x2c
Jul 13 00:42:01 kria kernel:  dump_stack_lvl+0x68/0x84
Jul 13 00:42:01 kria kernel:  dump_stack+0x18/0x34
Jul 13 00:42:01 kria kernel:  __might_resched+0x15c/0x1c0
Jul 13 00:42:01 kria kernel:  rt_spin_lock+0x38/0xd0
Jul 13 00:42:01 kria kernel:  alloc_pid+0x280/0x3d0
Jul 13 00:42:01 kria kernel:  copy_process+0x9fc/0x1da4
Jul 13 00:42:01 kria kernel:  kernel_clone+0x98/0x570
Jul 13 00:42:01 kria kernel:  __do_sys_clone+0x74/0xb0
Jul 13 00:42:01 kria kernel:  __arm64_sys_clone+0x28/0x34
Jul 13 00:42:01 kria kernel:  invoke_syscall+0x78/0x100
Jul 13 00:42:01 kria kernel:  el0_svc_common.constprop.0+0x54/0x184
Jul 13 00:42:01 kria kernel:  do_el0_svc+0x30/0xac
Jul 13 00:42:01 kria kernel:  el0_svc+0x28/0xb0
Jul 13 00:42:01 kria kernel:  el0t_64_sync_handler+0xa4/0x12c
Jul 13 00:42:01 kria kernel:  el0t_64_sync+0x1a4/0x1a8
Jul 13 00:42:03 kria kernel: BUG: sleeping function called from invalid context at kernel/locking/spinlock_rt.c:46
Jul 13 00:42:03 kria kernel: in_atomic(): 1, irqs_disabled(): 0, non_block: 0, pid: 1, name: systemd
Jul 13 00:42:03 kria kernel: preempt_count: 1, expected: 0
Jul 13 00:42:03 kria kernel: RCU nest depth: 0, expected: 0
Jul 13 00:42:03 kria kernel: Preemption disabled at:
Jul 13 00:42:03 kria kernel: [<ffffbb5f3febd338>] __radix_tree_preload+0x28/0x110
Jul 13 00:42:03 kria kernel: CPU: 0 PID: 1 Comm: systemd Tainted: G        WC        5.15.199-rt91-rt-kv260 #4
Jul 13 00:42:03 kria kernel: Hardware name: ZynqMP KV260 revB (DT)
Jul 13 00:42:03 kria kernel: Call trace:
Jul 13 00:42:03 kria kernel:  dump_backtrace+0x0/0x1f0
Jul 13 00:42:03 kria kernel:  show_stack+0x20/0x2c
Jul 13 00:42:03 kria kernel:  dump_stack_lvl+0x68/0x84
Jul 13 00:42:03 kria kernel:  dump_stack+0x18/0x34
Jul 13 00:42:03 kria kernel:  __might_resched+0x15c/0x1c0
Jul 13 00:42:03 kria kernel:  rt_spin_lock+0x38/0xd0
Jul 13 00:42:03 kria kernel:  __kernfs_new_node+0x98/0x220
Jul 13 00:42:03 kria kernel:  kernfs_new_node+0x70/0x9c
Jul 13 00:42:03 kria kernel:  kernfs_create_dir_ns+0x3c/0xa0
Jul 13 00:42:03 kria kernel:  cgroup_mkdir+0x214/0x57c
Jul 13 00:42:03 kria kernel:  kernfs_iop_mkdir+0x68/0xa0
Jul 13 00:42:03 kria kernel:  vfs_mkdir+0xb8/0x170
Jul 13 00:42:03 kria kernel:  do_mkdirat+0x15c/0x17c
Jul 13 00:42:03 kria kernel:  __arm64_sys_mkdirat+0x58/0x84
Jul 13 00:42:03 kria kernel:  invoke_syscall+0x78/0x100
Jul 13 00:42:03 kria kernel:  el0_svc_common.constprop.0+0x54/0x184
Jul 13 00:42:03 kria kernel:  do_el0_svc+0x30/0xac
Jul 13 00:42:03 kria kernel:  el0_svc+0x28/0xb0
Jul 13 00:42:03 kria kernel:  el0t_64_sync_handler+0xa4/0x12c
Jul 13 00:42:03 kria kernel:  el0t_64_sync+0x1a4/0x1a8
Jul 13 00:42:04 kria kernel: BUG: sleeping function called from invalid context at kernel/locking/spinlock_rt.c:46
Jul 13 00:42:04 kria kernel: in_atomic(): 1, irqs_disabled(): 0, non_block: 0, pid: 1452, name: sshd
Jul 13 00:42:04 kria kernel: preempt_count: 1, expected: 0
Jul 13 00:42:04 kria kernel: RCU nest depth: 0, expected: 0
Jul 13 00:42:04 kria kernel: Preemption disabled at:
Jul 13 00:42:04 kria kernel: [<ffffbb5f3febd338>] __radix_tree_preload+0x28/0x110
Jul 13 00:42:04 kria kernel: CPU: 0 PID: 1452 Comm: sshd Tainted: G        WC        5.15.199-rt91-rt-kv260 #4
Jul 13 00:42:04 kria kernel: Hardware name: ZynqMP KV260 revB (DT)
Jul 13 00:42:04 kria kernel: Call trace:
Jul 13 00:42:04 kria kernel:  dump_backtrace+0x0/0x1f0
Jul 13 00:42:04 kria kernel:  show_stack+0x20/0x2c
Jul 13 00:42:04 kria kernel:  dump_stack_lvl+0x68/0x84
Jul 13 00:42:04 kria kernel:  dump_stack+0x18/0x34
Jul 13 00:42:04 kria kernel:  __might_resched+0x15c/0x1c0
Jul 13 00:42:04 kria kernel:  rt_spin_lock+0x38/0xd0
Jul 13 00:42:04 kria kernel:  alloc_pid+0x280/0x3d0
Jul 13 00:42:04 kria kernel:  copy_process+0x9fc/0x1da4
Jul 13 00:42:04 kria kernel:  kernel_clone+0x98/0x570
Jul 13 00:42:04 kria kernel:  __do_sys_clone+0x74/0xb0
Jul 13 00:42:04 kria kernel:  __arm64_sys_clone+0x28/0x34
Jul 13 00:42:04 kria kernel:  invoke_syscall+0x78/0x100
Jul 13 00:42:04 kria kernel:  el0_svc_common.constprop.0+0x54/0x184
Jul 13 00:42:04 kria kernel:  do_el0_svc+0x30/0xac
Jul 13 00:42:04 kria kernel:  el0_svc+0x28/0xb0
Jul 13 00:42:04 kria kernel:  el0t_64_sync_handler+0xa4/0x12c
Jul 13 00:42:04 kria kernel:  el0t_64_sync+0x1a4/0x1a8
Jul 13 00:42:06 kria kernel: BUG: sleeping function called from invalid context at kernel/locking/spinlock_rt.c:46
Jul 13 00:42:06 kria kernel: in_atomic(): 1, irqs_disabled(): 0, non_block: 0, pid: 1091, name: fancontrol
Jul 13 00:42:06 kria kernel: preempt_count: 1, expected: 0
Jul 13 00:42:06 kria kernel: RCU nest depth: 0, expected: 0
Jul 13 00:42:06 kria kernel: Preemption disabled at:
Jul 13 00:42:06 kria kernel: [<ffffbb5f3febd338>] __radix_tree_preload+0x28/0x110
Jul 13 00:42:06 kria kernel: CPU: 1 PID: 1091 Comm: fancontrol Tainted: G        WC        5.15.199-rt91-rt-kv260 #4
Jul 13 00:42:06 kria kernel: Hardware name: ZynqMP KV260 revB (DT)
Jul 13 00:42:06 kria kernel: Call trace:
Jul 13 00:42:06 kria kernel:  dump_backtrace+0x0/0x1f0
Jul 13 00:42:06 kria kernel:  show_stack+0x20/0x2c
Jul 13 00:42:06 kria kernel:  dump_stack_lvl+0x68/0x84
Jul 13 00:42:06 kria kernel:  dump_stack+0x18/0x34
Jul 13 00:42:06 kria kernel:  __might_resched+0x15c/0x1c0
Jul 13 00:42:06 kria kernel:  rt_spin_lock+0x38/0xd0
Jul 13 00:42:06 kria kernel:  alloc_pid+0x280/0x3d0
Jul 13 00:42:06 kria kernel:  copy_process+0x9fc/0x1da4
Jul 13 00:42:06 kria kernel:  kernel_clone+0x98/0x570
Jul 13 00:42:06 kria kernel:  __do_sys_clone+0x74/0xb0
Jul 13 00:42:06 kria kernel:  __arm64_sys_clone+0x28/0x34
Jul 13 00:42:06 kria kernel:  invoke_syscall+0x78/0x100
Jul 13 00:42:06 kria kernel:  el0_svc_common.constprop.0+0x54/0x184
Jul 13 00:42:06 kria kernel:  do_el0_svc+0x30/0xac
Jul 13 00:42:06 kria kernel:  el0_svc+0x28/0xb0
Jul 13 00:42:06 kria kernel:  el0t_64_sync_handler+0xa4/0x12c
Jul 13 00:42:06 kria kernel:  el0t_64_sync+0x1a4/0x1a8
Jul 13 00:42:08 kria kernel: BUG: sleeping function called from invalid context at kernel/locking/spinlock_rt.c:46
Jul 13 00:42:08 kria kernel: in_atomic(): 1, irqs_disabled(): 0, non_block: 0, pid: 1, name: systemd
Jul 13 00:42:08 kria kernel: preempt_count: 1, expected: 0
Jul 13 00:42:08 kria kernel: RCU nest depth: 0, expected: 0
Jul 13 00:42:08 kria kernel: Preemption disabled at:
Jul 13 00:42:08 kria kernel: [<ffffbb5f3febd338>] __radix_tree_preload+0x28/0x110
Jul 13 00:42:08 kria kernel: CPU: 0 PID: 1 Comm: systemd Tainted: G        WC        5.15.199-rt91-rt-kv260 #4
Jul 13 00:42:08 kria kernel: Hardware name: ZynqMP KV260 revB (DT)
Jul 13 00:42:08 kria kernel: Call trace:
Jul 13 00:42:08 kria kernel:  dump_backtrace+0x0/0x1f0
Jul 13 00:42:08 kria kernel:  show_stack+0x20/0x2c
Jul 13 00:42:08 kria kernel:  dump_stack_lvl+0x68/0x84
Jul 13 00:42:08 kria kernel:  dump_stack+0x18/0x34
Jul 13 00:42:08 kria kernel:  __might_resched+0x15c/0x1c0
Jul 13 00:42:08 kria kernel:  rt_spin_lock+0x38/0xd0
Jul 13 00:42:08 kria kernel:  __kernfs_new_node+0x98/0x220
Jul 13 00:42:08 kria kernel:  kernfs_new_node+0x70/0x9c
Jul 13 00:42:08 kria kernel:  kernfs_create_dir_ns+0x3c/0xa0
Jul 13 00:42:08 kria kernel:  cgroup_mkdir+0x214/0x57c
Jul 13 00:42:08 kria kernel:  kernfs_iop_mkdir+0x68/0xa0
Jul 13 00:42:08 kria kernel:  vfs_mkdir+0xb8/0x170
Jul 13 00:42:08 kria kernel:  do_mkdirat+0x15c/0x17c
Jul 13 00:42:08 kria kernel:  __arm64_sys_mkdirat+0x58/0x84
Jul 13 00:42:08 kria kernel:  invoke_syscall+0x78/0x100
Jul 13 00:42:08 kria kernel:  el0_svc_common.constprop.0+0x54/0x184
Jul 13 00:42:08 kria kernel:  do_el0_svc+0x30/0xac
Jul 13 00:42:08 kria kernel:  el0_svc+0x28/0xb0
Jul 13 00:42:08 kria kernel:  el0t_64_sync_handler+0xa4/0x12c
Jul 13 00:42:08 kria kernel:  el0t_64_sync+0x1a4/0x1a8
Jul 13 00:42:10 kria kernel: BUG: sleeping function called from invalid context at kernel/locking/spinlock_rt.c:46
Jul 13 00:42:10 kria kernel: in_atomic(): 1, irqs_disabled(): 0, non_block: 0, pid: 2443, name: systemd
Jul 13 00:42:10 kria kernel: preempt_count: 1, expected: 0
Jul 13 00:42:10 kria kernel: RCU nest depth: 0, expected: 0
Jul 13 00:42:10 kria kernel: Preemption disabled at:
Jul 13 00:42:10 kria kernel: [<ffffbb5f3febd338>] __radix_tree_preload+0x28/0x110
Jul 13 00:42:10 kria kernel: CPU: 2 PID: 2443 Comm: systemd Tainted: G        WC        5.15.199-rt91-rt-kv260 #4
Jul 13 00:42:10 kria kernel: Hardware name: ZynqMP KV260 revB (DT)
Jul 13 00:42:10 kria kernel: Call trace:
Jul 13 00:42:10 kria kernel:  dump_backtrace+0x0/0x1f0
Jul 13 00:42:10 kria kernel:  show_stack+0x20/0x2c
Jul 13 00:42:10 kria kernel:  dump_stack_lvl+0x68/0x84
Jul 13 00:42:10 kria kernel:  dump_stack+0x18/0x34
Jul 13 00:42:10 kria kernel:  __might_resched+0x15c/0x1c0
Jul 13 00:42:10 kria kernel:  rt_spin_lock+0x38/0xd0
Jul 13 00:42:10 kria kernel:  mem_cgroup_css_alloc+0x8c/0x7d0
Jul 13 00:42:10 kria kernel:  cgroup_apply_control_enable+0x144/0x320
Jul 13 00:42:10 kria kernel:  cgroup_subtree_control_write+0x3a8/0x434
Jul 13 00:42:10 kria kernel:  cgroup_file_write+0xb0/0x1c0
Jul 13 00:42:10 kria kernel:  kernfs_fop_write_iter+0x130/0x1c0
Jul 13 00:42:10 kria kernel:  new_sync_write+0xf4/0x194
Jul 13 00:42:10 kria kernel:  vfs_write+0x24c/0x2c0
Jul 13 00:42:10 kria kernel:  ksys_write+0x74/0x10c
Jul 13 00:42:10 kria kernel:  __arm64_sys_write+0x24/0x30
Jul 13 00:42:10 kria kernel:  invoke_syscall+0x78/0x100
Jul 13 00:42:10 kria kernel:  el0_svc_common.constprop.0+0x54/0x184
Jul 13 00:42:10 kria kernel:  do_el0_svc+0x30/0xac
Jul 13 00:42:10 kria kernel:  el0_svc+0x28/0xb0
Jul 13 00:42:10 kria kernel:  el0t_64_sync_handler+0xa4/0x12c
Jul 13 00:42:10 kria kernel:  el0t_64_sync+0x1a4/0x1a8
Jul 13 00:42:11 kria kernel: BUG: sleeping function called from invalid context at kernel/locking/spinlock_rt.c:46
Jul 13 00:42:11 kria kernel: in_atomic(): 1, irqs_disabled(): 0, non_block: 0, pid: 2498, name: xdg-document-po
Jul 13 00:42:11 kria kernel: preempt_count: 1, expected: 0
Jul 13 00:42:11 kria kernel: RCU nest depth: 0, expected: 0
Jul 13 00:42:11 kria kernel: Preemption disabled at:
Jul 13 00:42:11 kria kernel: [<ffffbb5f3febd338>] __radix_tree_preload+0x28/0x110
Jul 13 00:42:11 kria kernel: CPU: 1 PID: 2498 Comm: xdg-document-po Tainted: G        WC        5.15.199-rt91-rt-kv260 #4
Jul 13 00:42:11 kria kernel: Hardware name: ZynqMP KV260 revB (DT)
Jul 13 00:42:11 kria kernel: Call trace:
Jul 13 00:42:11 kria kernel:  dump_backtrace+0x0/0x1f0
Jul 13 00:42:11 kria kernel:  show_stack+0x20/0x2c
Jul 13 00:42:11 kria kernel:  dump_stack_lvl+0x68/0x84
Jul 13 00:42:11 kria kernel:  dump_stack+0x18/0x34
Jul 13 00:42:11 kria kernel:  __might_resched+0x15c/0x1c0
Jul 13 00:42:11 kria kernel:  rt_spin_lock+0x38/0xd0
Jul 13 00:42:11 kria kernel:  alloc_pid+0x280/0x3d0
Jul 13 00:42:11 kria kernel:  copy_process+0x9fc/0x1da4
Jul 13 00:42:11 kria kernel:  kernel_clone+0x98/0x570
Jul 13 00:42:11 kria kernel:  __do_sys_clone+0x74/0xb0
Jul 13 00:42:11 kria kernel:  __arm64_sys_clone+0x28/0x34
Jul 13 00:42:11 kria kernel:  invoke_syscall+0x78/0x100
Jul 13 00:42:11 kria kernel:  el0_svc_common.constprop.0+0x54/0x184
Jul 13 00:42:11 kria kernel:  do_el0_svc+0x30/0xac
Jul 13 00:42:11 kria kernel:  el0_svc+0x28/0xb0
Jul 13 00:42:11 kria kernel:  el0t_64_sync_handler+0xa4/0x12c
Jul 13 00:42:11 kria kernel:  el0t_64_sync+0x1a4/0x1a8
Jul 13 00:42:12 kria kernel: BUG: sleeping function called from invalid context at kernel/locking/spinlock_rt.c:46
Jul 13 00:42:12 kria kernel: in_atomic(): 1, irqs_disabled(): 0, non_block: 0, pid: 2479, name: landscape-sysin
Jul 13 00:42:12 kria kernel: preempt_count: 1, expected: 0
Jul 13 00:42:12 kria kernel: RCU nest depth: 0, expected: 0
Jul 13 00:42:12 kria kernel: Preemption disabled at:
Jul 13 00:42:12 kria kernel: [<ffffbb5f3febd338>] __radix_tree_preload+0x28/0x110
Jul 13 00:42:12 kria kernel: CPU: 1 PID: 2479 Comm: landscape-sysin Tainted: G        WC        5.15.199-rt91-rt-kv260 #4
Jul 13 00:42:12 kria kernel: Hardware name: ZynqMP KV260 revB (DT)
Jul 13 00:42:12 kria kernel: Call trace:
Jul 13 00:42:12 kria kernel:  dump_backtrace+0x0/0x1f0
Jul 13 00:42:12 kria kernel:  show_stack+0x20/0x2c
Jul 13 00:42:12 kria kernel:  dump_stack_lvl+0x68/0x84
Jul 13 00:42:12 kria kernel:  dump_stack+0x18/0x34
Jul 13 00:42:12 kria kernel:  __might_resched+0x15c/0x1c0
Jul 13 00:42:12 kria kernel:  rt_spin_lock+0x38/0xd0
Jul 13 00:42:12 kria kernel:  alloc_pid+0x280/0x3d0
Jul 13 00:42:12 kria kernel:  copy_process+0x9fc/0x1da4
Jul 13 00:42:12 kria kernel:  kernel_clone+0x98/0x570
Jul 13 00:42:12 kria kernel:  __do_sys_clone+0x74/0xb0
Jul 13 00:42:12 kria kernel:  __arm64_sys_clone+0x28/0x34
Jul 13 00:42:12 kria kernel:  invoke_syscall+0x78/0x100
Jul 13 00:42:12 kria kernel:  el0_svc_common.constprop.0+0x54/0x184
Jul 13 00:42:12 kria kernel:  do_el0_svc+0x30/0xac
Jul 13 00:42:12 kria kernel:  el0_svc+0x28/0xb0
Jul 13 00:42:12 kria kernel:  el0t_64_sync_handler+0xa4/0x12c
Jul 13 00:42:12 kria kernel:  el0t_64_sync+0x1a4/0x1a8
Jul 13 00:42:13 kria kernel: BUG: sleeping function called from invalid context at kernel/locking/spinlock_rt.c:46
Jul 13 00:42:13 kria kernel: in_atomic(): 1, irqs_disabled(): 0, non_block: 0, pid: 2603, name: sh
Jul 13 00:42:13 kria kernel: preempt_count: 1, expected: 0
Jul 13 00:42:13 kria kernel: RCU nest depth: 0, expected: 0
Jul 13 00:42:13 kria kernel: Preemption disabled at:
Jul 13 00:42:13 kria kernel: [<ffffbb5f3febd338>] __radix_tree_preload+0x28/0x110
Jul 13 00:42:13 kria kernel: CPU: 1 PID: 2603 Comm: sh Tainted: G        WC        5.15.199-rt91-rt-kv260 #4
Jul 13 00:42:13 kria kernel: Hardware name: ZynqMP KV260 revB (DT)
Jul 13 00:42:13 kria kernel: Call trace:
Jul 13 00:42:13 kria kernel:  dump_backtrace+0x0/0x1f0
Jul 13 00:42:13 kria kernel:  show_stack+0x20/0x2c
Jul 13 00:42:13 kria kernel:  dump_stack_lvl+0x68/0x84
Jul 13 00:42:13 kria kernel:  dump_stack+0x18/0x34
Jul 13 00:42:13 kria kernel:  __might_resched+0x15c/0x1c0
Jul 13 00:42:13 kria kernel:  rt_spin_lock+0x38/0xd0
Jul 13 00:42:13 kria kernel:  alloc_pid+0x280/0x3d0
Jul 13 00:42:13 kria kernel:  copy_process+0x9fc/0x1da4
Jul 13 00:42:13 kria kernel:  kernel_clone+0x98/0x570
Jul 13 00:42:13 kria kernel:  __do_sys_clone+0x74/0xb0
Jul 13 00:42:13 kria kernel:  __arm64_sys_clone+0x28/0x34
Jul 13 00:42:13 kria kernel:  invoke_syscall+0x78/0x100
Jul 13 00:42:13 kria kernel:  el0_svc_common.constprop.0+0x54/0x184
Jul 13 00:42:13 kria kernel:  do_el0_svc+0x30/0xac
Jul 13 00:42:13 kria kernel:  el0_svc+0x28/0xb0
Jul 13 00:42:13 kria kernel:  el0t_64_sync_handler+0xa4/0x12c
Jul 13 00:42:13 kria kernel:  el0t_64_sync+0x1a4/0x1a8
Jul 13 00:42:15 kria kernel: BUG: sleeping function called from invalid context at kernel/locking/spinlock_rt.c:46
Jul 13 00:42:15 kria kernel: in_atomic(): 1, irqs_disabled(): 0, non_block: 0, pid: 2771, name: node
Jul 13 00:42:15 kria kernel: preempt_count: 1, expected: 0
Jul 13 00:42:15 kria kernel: RCU nest depth: 0, expected: 0
Jul 13 00:42:15 kria kernel: Preemption disabled at:
Jul 13 00:42:15 kria kernel: [<ffffbb5f3febd338>] __radix_tree_preload+0x28/0x110
Jul 13 00:42:15 kria kernel: CPU: 2 PID: 2771 Comm: node Tainted: G        WC        5.15.199-rt91-rt-kv260 #4
Jul 13 00:42:15 kria kernel: Hardware name: ZynqMP KV260 revB (DT)
Jul 13 00:42:15 kria kernel: Call trace:
Jul 13 00:42:15 kria kernel:  dump_backtrace+0x0/0x1f0
Jul 13 00:42:15 kria kernel:  show_stack+0x20/0x2c
Jul 13 00:42:15 kria kernel:  dump_stack_lvl+0x68/0x84
Jul 13 00:42:15 kria kernel:  dump_stack+0x18/0x34
Jul 13 00:42:15 kria kernel:  __might_resched+0x15c/0x1c0
Jul 13 00:42:15 kria kernel:  rt_spin_lock+0x38/0xd0
Jul 13 00:42:15 kria kernel:  alloc_pid+0x280/0x3d0
Jul 13 00:42:15 kria kernel:  copy_process+0x9fc/0x1da4
Jul 13 00:42:15 kria kernel:  kernel_clone+0x98/0x570
Jul 13 00:42:15 kria kernel:  __do_sys_clone+0x74/0xb0
Jul 13 00:42:15 kria kernel:  __arm64_sys_clone+0x28/0x34
Jul 13 00:42:15 kria kernel:  invoke_syscall+0x78/0x100
Jul 13 00:42:15 kria kernel:  el0_svc_common.constprop.0+0x54/0x184
Jul 13 00:42:15 kria kernel:  do_el0_svc+0x30/0xac
Jul 13 00:42:15 kria kernel:  el0_svc+0x28/0xb0
Jul 13 00:42:15 kria kernel:  el0t_64_sync_handler+0xa4/0x12c
Jul 13 00:42:15 kria kernel:  el0t_64_sync+0x1a4/0x1a8
Jul 13 00:42:16 kria kernel: BUG: sleeping function called from invalid context at kernel/locking/spinlock_rt.c:46
Jul 13 00:42:16 kria kernel: in_atomic(): 1, irqs_disabled(): 0, non_block: 0, pid: 1091, name: fancontrol
Jul 13 00:42:16 kria kernel: preempt_count: 1, expected: 0
Jul 13 00:42:16 kria kernel: RCU nest depth: 0, expected: 0
Jul 13 00:42:16 kria kernel: Preemption disabled at:
Jul 13 00:42:16 kria kernel: [<ffffbb5f3febd338>] __radix_tree_preload+0x28/0x110
Jul 13 00:42:16 kria kernel: CPU: 3 PID: 1091 Comm: fancontrol Tainted: G        WC        5.15.199-rt91-rt-kv260 #4
Jul 13 00:42:16 kria kernel: Hardware name: ZynqMP KV260 revB (DT)
Jul 13 00:42:16 kria kernel: Call trace:
Jul 13 00:42:16 kria kernel:  dump_backtrace+0x0/0x1f0
Jul 13 00:42:16 kria kernel:  show_stack+0x20/0x2c
Jul 13 00:42:16 kria kernel:  dump_stack_lvl+0x68/0x84
Jul 13 00:42:16 kria kernel:  dump_stack+0x18/0x34
Jul 13 00:42:16 kria kernel:  __might_resched+0x15c/0x1c0
Jul 13 00:42:16 kria kernel:  rt_spin_lock+0x38/0xd0
Jul 13 00:42:16 kria kernel:  alloc_pid+0x280/0x3d0
Jul 13 00:42:16 kria kernel:  copy_process+0x9fc/0x1da4
Jul 13 00:42:16 kria kernel:  kernel_clone+0x98/0x570
Jul 13 00:42:16 kria kernel:  __do_sys_clone+0x74/0xb0
Jul 13 00:42:16 kria kernel:  __arm64_sys_clone+0x28/0x34
Jul 13 00:42:16 kria kernel:  invoke_syscall+0x78/0x100
Jul 13 00:42:16 kria kernel:  el0_svc_common.constprop.0+0x54/0x184
Jul 13 00:42:16 kria kernel:  do_el0_svc+0x30/0xac
Jul 13 00:42:16 kria kernel:  el0_svc+0x28/0xb0
Jul 13 00:42:16 kria kernel:  el0t_64_sync_handler+0xa4/0x12c
Jul 13 00:42:16 kria kernel:  el0t_64_sync+0x1a4/0x1a8
Jul 13 00:42:18 kria kernel: BUG: sleeping function called from invalid context at kernel/locking/spinlock_rt.c:46
Jul 13 00:42:18 kria kernel: in_atomic(): 1, irqs_disabled(): 0, non_block: 0, pid: 2771, name: node
Jul 13 00:42:18 kria kernel: preempt_count: 1, expected: 0
Jul 13 00:42:18 kria kernel: RCU nest depth: 0, expected: 0
Jul 13 00:42:18 kria kernel: Preemption disabled at:
Jul 13 00:42:18 kria kernel: [<ffffbb5f3febd338>] __radix_tree_preload+0x28/0x110
Jul 13 00:42:18 kria kernel: CPU: 1 PID: 2771 Comm: node Tainted: G        WC        5.15.199-rt91-rt-kv260 #4
Jul 13 00:42:18 kria kernel: Hardware name: ZynqMP KV260 revB (DT)
Jul 13 00:42:18 kria kernel: Call trace:
Jul 13 00:42:18 kria kernel:  dump_backtrace+0x0/0x1f0
Jul 13 00:42:18 kria kernel:  show_stack+0x20/0x2c
Jul 13 00:42:18 kria kernel:  dump_stack_lvl+0x68/0x84
Jul 13 00:42:18 kria kernel:  dump_stack+0x18/0x34
Jul 13 00:42:18 kria kernel:  __might_resched+0x15c/0x1c0
Jul 13 00:42:18 kria kernel:  rt_spin_lock+0x38/0xd0
Jul 13 00:42:18 kria kernel:  __arm64_sys_inotify_add_watch+0x340/0x450
Jul 13 00:42:18 kria kernel:  invoke_syscall+0x78/0x100
Jul 13 00:42:18 kria kernel:  el0_svc_common.constprop.0+0x54/0x184
Jul 13 00:42:18 kria kernel:  do_el0_svc+0x30/0xac
Jul 13 00:42:18 kria kernel:  el0_svc+0x28/0xb0
Jul 13 00:42:18 kria kernel:  el0t_64_sync_handler+0xa4/0x12c
Jul 13 00:42:18 kria kernel:  el0t_64_sync+0x1a4/0x1a8
Jul 13 00:42:19 kria kernel: BUG: sleeping function called from invalid context at kernel/locking/spinlock_rt.c:46
Jul 13 00:42:19 kria kernel: in_atomic(): 1, irqs_disabled(): 0, non_block: 0, pid: 2812, name: node
Jul 13 00:42:19 kria kernel: preempt_count: 1, expected: 0
Jul 13 00:42:19 kria kernel: RCU nest depth: 0, expected: 0
Jul 13 00:42:19 kria kernel: Preemption disabled at:
Jul 13 00:42:19 kria kernel: [<ffffbb5f3febd338>] __radix_tree_preload+0x28/0x110
Jul 13 00:42:19 kria kernel: CPU: 3 PID: 2812 Comm: node Tainted: G        WC        5.15.199-rt91-rt-kv260 #4
Jul 13 00:42:19 kria kernel: Hardware name: ZynqMP KV260 revB (DT)
Jul 13 00:42:19 kria kernel: Call trace:
Jul 13 00:42:19 kria kernel:  dump_backtrace+0x0/0x1f0
Jul 13 00:42:19 kria kernel:  show_stack+0x20/0x2c
Jul 13 00:42:19 kria kernel:  dump_stack_lvl+0x68/0x84
Jul 13 00:42:19 kria kernel:  dump_stack+0x18/0x34
Jul 13 00:42:19 kria kernel:  __might_resched+0x15c/0x1c0
Jul 13 00:42:19 kria kernel:  rt_spin_lock+0x38/0xd0
Jul 13 00:42:19 kria kernel:  alloc_pid+0x280/0x3d0
Jul 13 00:42:19 kria kernel:  copy_process+0x9fc/0x1da4
Jul 13 00:42:19 kria kernel:  kernel_clone+0x98/0x570
Jul 13 00:42:19 kria kernel:  __do_sys_clone+0x74/0xb0
Jul 13 00:42:19 kria kernel:  __arm64_sys_clone+0x28/0x34
Jul 13 00:42:19 kria kernel:  invoke_syscall+0x78/0x100
Jul 13 00:42:19 kria kernel:  el0_svc_common.constprop.0+0x54/0x184
Jul 13 00:42:19 kria kernel:  do_el0_svc+0x30/0xac
Jul 13 00:42:19 kria kernel:  el0_svc+0x28/0xb0
Jul 13 00:42:19 kria kernel:  el0t_64_sync_handler+0xa4/0x12c
Jul 13 00:42:19 kria kernel:  el0t_64_sync+0x1a4/0x1a8
Jul 13 00:42:20 kria kernel: BUG: sleeping function called from invalid context at kernel/locking/spinlock_rt.c:46
Jul 13 00:42:20 kria kernel: in_atomic(): 1, irqs_disabled(): 0, non_block: 0, pid: 2812, name: node
Jul 13 00:42:20 kria kernel: preempt_count: 1, expected: 0
Jul 13 00:42:20 kria kernel: RCU nest depth: 0, expected: 0
Jul 13 00:42:20 kria kernel: Preemption disabled at:
Jul 13 00:42:20 kria kernel: [<ffffbb5f3febd338>] __radix_tree_preload+0x28/0x110
Jul 13 00:42:20 kria kernel: CPU: 1 PID: 2812 Comm: node Tainted: G        WC        5.15.199-rt91-rt-kv260 #4
Jul 13 00:42:20 kria kernel: Hardware name: ZynqMP KV260 revB (DT)
Jul 13 00:42:20 kria kernel: Call trace:
Jul 13 00:42:20 kria kernel:  dump_backtrace+0x0/0x1f0
Jul 13 00:42:20 kria kernel:  show_stack+0x20/0x2c
Jul 13 00:42:20 kria kernel:  dump_stack_lvl+0x68/0x84
Jul 13 00:42:20 kria kernel:  dump_stack+0x18/0x34
Jul 13 00:42:20 kria kernel:  __might_resched+0x15c/0x1c0
Jul 13 00:42:20 kria kernel:  rt_spin_lock+0x38/0xd0
Jul 13 00:42:20 kria kernel:  alloc_pid+0x280/0x3d0
Jul 13 00:42:20 kria kernel:  copy_process+0x9fc/0x1da4
Jul 13 00:42:20 kria kernel:  kernel_clone+0x98/0x570
Jul 13 00:42:20 kria kernel:  __do_sys_clone+0x74/0xb0
Jul 13 00:42:20 kria kernel:  __arm64_sys_clone+0x28/0x34
Jul 13 00:42:20 kria kernel:  invoke_syscall+0x78/0x100
Jul 13 00:42:20 kria kernel:  el0_svc_common.constprop.0+0x54/0x184
Jul 13 00:42:20 kria kernel:  do_el0_svc+0x30/0xac
Jul 13 00:42:20 kria kernel:  el0_svc+0x28/0xb0
Jul 13 00:42:20 kria kernel:  el0t_64_sync_handler+0xa4/0x12c
Jul 13 00:42:20 kria kernel:  el0t_64_sync+0x1a4/0x1a8
Jul 13 00:42:21 kria kernel: BUG: sleeping function called from invalid context at kernel/locking/spinlock_rt.c:46
Jul 13 00:42:21 kria kernel: in_atomic(): 1, irqs_disabled(): 0, non_block: 0, pid: 2862, name: node
Jul 13 00:42:21 kria kernel: preempt_count: 1, expected: 0
Jul 13 00:42:21 kria kernel: RCU nest depth: 0, expected: 0
Jul 13 00:42:21 kria kernel: Preemption disabled at:
Jul 13 00:42:21 kria kernel: [<ffffbb5f3febd338>] __radix_tree_preload+0x28/0x110
Jul 13 00:42:21 kria kernel: CPU: 0 PID: 2862 Comm: node Tainted: G        WC        5.15.199-rt91-rt-kv260 #4
Jul 13 00:42:21 kria kernel: Hardware name: ZynqMP KV260 revB (DT)
Jul 13 00:42:21 kria kernel: Call trace:
Jul 13 00:42:21 kria kernel:  dump_backtrace+0x0/0x1f0
Jul 13 00:42:21 kria kernel:  show_stack+0x20/0x2c
Jul 13 00:42:21 kria kernel:  dump_stack_lvl+0x68/0x84
Jul 13 00:42:21 kria kernel:  dump_stack+0x18/0x34
Jul 13 00:42:21 kria kernel:  __might_resched+0x15c/0x1c0
Jul 13 00:42:21 kria kernel:  rt_spin_lock+0x38/0xd0
Jul 13 00:42:21 kria kernel:  alloc_pid+0x280/0x3d0
Jul 13 00:42:21 kria kernel:  copy_process+0x9fc/0x1da4
Jul 13 00:42:21 kria kernel:  kernel_clone+0x98/0x570
Jul 13 00:42:21 kria kernel:  __do_sys_clone+0x74/0xb0
Jul 13 00:42:21 kria kernel:  __arm64_sys_clone+0x28/0x34
Jul 13 00:42:21 kria kernel:  invoke_syscall+0x78/0x100
Jul 13 00:42:21 kria kernel:  el0_svc_common.constprop.0+0x54/0x184
Jul 13 00:42:21 kria kernel:  do_el0_svc+0x30/0xac
Jul 13 00:42:21 kria kernel:  el0_svc+0x28/0xb0
Jul 13 00:42:21 kria kernel:  el0t_64_sync_handler+0xa4/0x12c
Jul 13 00:42:21 kria kernel:  el0t_64_sync+0x1a4/0x1a8
Jul 13 00:42:22 kria kernel: BUG: sleeping function called from invalid context at kernel/locking/spinlock_rt.c:46
Jul 13 00:42:22 kria kernel: in_atomic(): 1, irqs_disabled(): 0, non_block: 0, pid: 2856, name: node
Jul 13 00:42:22 kria kernel: preempt_count: 1, expected: 0
Jul 13 00:42:22 kria kernel: RCU nest depth: 0, expected: 0
Jul 13 00:42:22 kria kernel: Preemption disabled at:
Jul 13 00:42:22 kria kernel: [<ffffbb5f3febd338>] __radix_tree_preload+0x28/0x110
Jul 13 00:42:22 kria kernel: CPU: 3 PID: 2856 Comm: node Tainted: G        WC        5.15.199-rt91-rt-kv260 #4
Jul 13 00:42:22 kria kernel: Hardware name: ZynqMP KV260 revB (DT)
Jul 13 00:42:22 kria kernel: Call trace:
Jul 13 00:42:22 kria kernel:  dump_backtrace+0x0/0x1f0
Jul 13 00:42:22 kria kernel:  show_stack+0x20/0x2c
Jul 13 00:42:22 kria kernel:  dump_stack_lvl+0x68/0x84
Jul 13 00:42:22 kria kernel:  dump_stack+0x18/0x34
Jul 13 00:42:22 kria kernel:  __might_resched+0x15c/0x1c0
Jul 13 00:42:22 kria kernel:  rt_spin_lock+0x38/0xd0
Jul 13 00:42:22 kria kernel:  alloc_pid+0x280/0x3d0
Jul 13 00:42:22 kria kernel:  copy_process+0x9fc/0x1da4
Jul 13 00:42:22 kria kernel:  kernel_clone+0x98/0x570
Jul 13 00:42:22 kria kernel:  __do_sys_clone+0x74/0xb0
Jul 13 00:42:22 kria kernel:  __arm64_sys_clone+0x28/0x34
Jul 13 00:42:22 kria kernel:  invoke_syscall+0x78/0x100
Jul 13 00:42:22 kria kernel:  el0_svc_common.constprop.0+0x54/0x184
Jul 13 00:42:22 kria kernel:  do_el0_svc+0x30/0xac
Jul 13 00:42:22 kria kernel:  el0_svc+0x28/0xb0
Jul 13 00:42:22 kria kernel:  el0t_64_sync_handler+0xa4/0x12c
Jul 13 00:42:22 kria kernel:  el0t_64_sync+0x1a4/0x1a8
Jul 13 00:42:24 kria kernel: BUG: sleeping function called from invalid context at kernel/locking/spinlock_rt.c:46
Jul 13 00:42:24 kria kernel: in_atomic(): 1, irqs_disabled(): 0, non_block: 0, pid: 2856, name: node
Jul 13 00:42:24 kria kernel: preempt_count: 1, expected: 0
Jul 13 00:42:24 kria kernel: RCU nest depth: 0, expected: 0
Jul 13 00:42:24 kria kernel: Preemption disabled at:
Jul 13 00:42:24 kria kernel: [<ffffbb5f3febd338>] __radix_tree_preload+0x28/0x110
Jul 13 00:42:24 kria kernel: CPU: 1 PID: 2856 Comm: node Tainted: G        WC        5.15.199-rt91-rt-kv260 #4
Jul 13 00:42:24 kria kernel: Hardware name: ZynqMP KV260 revB (DT)
Jul 13 00:42:24 kria kernel: Call trace:
Jul 13 00:42:24 kria kernel:  dump_backtrace+0x0/0x1f0
Jul 13 00:42:24 kria kernel:  show_stack+0x20/0x2c
Jul 13 00:42:24 kria kernel:  dump_stack_lvl+0x68/0x84
Jul 13 00:42:24 kria kernel:  dump_stack+0x18/0x34
Jul 13 00:42:24 kria kernel:  __might_resched+0x15c/0x1c0
Jul 13 00:42:24 kria kernel:  rt_spin_lock+0x38/0xd0
Jul 13 00:42:24 kria kernel:  alloc_pid+0x280/0x3d0
Jul 13 00:42:24 kria kernel:  copy_process+0x9fc/0x1da4
Jul 13 00:42:24 kria kernel:  kernel_clone+0x98/0x570
Jul 13 00:42:24 kria kernel:  __do_sys_clone+0x74/0xb0
Jul 13 00:42:24 kria kernel:  __arm64_sys_clone+0x28/0x34
Jul 13 00:42:24 kria kernel:  invoke_syscall+0x78/0x100
Jul 13 00:42:24 kria kernel:  el0_svc_common.constprop.0+0x54/0x184
Jul 13 00:42:24 kria kernel:  do_el0_svc+0x30/0xac
Jul 13 00:42:24 kria kernel:  el0_svc+0x28/0xb0
Jul 13 00:42:24 kria kernel:  el0t_64_sync_handler+0xa4/0x12c
Jul 13 00:42:24 kria kernel:  el0t_64_sync+0x1a4/0x1a8
Jul 13 00:42:26 kria kernel: BUG: sleeping function called from invalid context at kernel/locking/spinlock_rt.c:46
Jul 13 00:42:26 kria kernel: in_atomic(): 1, irqs_disabled(): 0, non_block: 0, pid: 1091, name: fancontrol
Jul 13 00:42:26 kria kernel: preempt_count: 1, expected: 0
Jul 13 00:42:26 kria kernel: RCU nest depth: 0, expected: 0
Jul 13 00:42:26 kria kernel: Preemption disabled at:
Jul 13 00:42:26 kria kernel: [<ffffbb5f3febd338>] __radix_tree_preload+0x28/0x110
Jul 13 00:42:26 kria kernel: CPU: 1 PID: 1091 Comm: fancontrol Tainted: G        WC        5.15.199-rt91-rt-kv260 #4
Jul 13 00:42:26 kria kernel: Hardware name: ZynqMP KV260 revB (DT)
Jul 13 00:42:26 kria kernel: Call trace:
Jul 13 00:42:26 kria kernel:  dump_backtrace+0x0/0x1f0
Jul 13 00:42:26 kria kernel:  show_stack+0x20/0x2c
Jul 13 00:42:26 kria kernel:  dump_stack_lvl+0x68/0x84
Jul 13 00:42:26 kria kernel:  dump_stack+0x18/0x34
Jul 13 00:42:26 kria kernel:  __might_resched+0x15c/0x1c0
Jul 13 00:42:26 kria kernel:  rt_spin_lock+0x38/0xd0
Jul 13 00:42:26 kria kernel:  alloc_pid+0x280/0x3d0
Jul 13 00:42:26 kria kernel:  copy_process+0x9fc/0x1da4
Jul 13 00:42:26 kria kernel:  kernel_clone+0x98/0x570
Jul 13 00:42:26 kria kernel:  __do_sys_clone+0x74/0xb0
Jul 13 00:42:26 kria kernel:  __arm64_sys_clone+0x28/0x34
Jul 13 00:42:26 kria kernel:  invoke_syscall+0x78/0x100
Jul 13 00:42:26 kria kernel:  el0_svc_common.constprop.0+0x54/0x184
Jul 13 00:42:26 kria kernel:  do_el0_svc+0x30/0xac
Jul 13 00:42:26 kria kernel:  el0_svc+0x28/0xb0
Jul 13 00:42:26 kria kernel:  el0t_64_sync_handler+0xa4/0x12c
Jul 13 00:42:26 kria kernel:  el0t_64_sync+0x1a4/0x1a8
Jul 13 00:42:31 kria kernel: BUG: sleeping function called from invalid context at kernel/locking/spinlock_rt.c:46
Jul 13 00:42:31 kria kernel: in_atomic(): 1, irqs_disabled(): 0, non_block: 0, pid: 1091, name: fancontrol
Jul 13 00:42:31 kria kernel: preempt_count: 1, expected: 0
Jul 13 00:42:31 kria kernel: RCU nest depth: 0, expected: 0
Jul 13 00:42:31 kria kernel: Preemption disabled at:
Jul 13 00:42:31 kria kernel: [<ffffbb5f3febd338>] __radix_tree_preload+0x28/0x110
Jul 13 00:42:31 kria kernel: CPU: 2 PID: 1091 Comm: fancontrol Tainted: G        WC        5.15.199-rt91-rt-kv260 #4
Jul 13 00:42:31 kria kernel: Hardware name: ZynqMP KV260 revB (DT)
Jul 13 00:42:31 kria kernel: Call trace:
Jul 13 00:42:31 kria kernel:  dump_backtrace+0x0/0x1f0
Jul 13 00:42:31 kria kernel:  show_stack+0x20/0x2c
Jul 13 00:42:31 kria kernel:  dump_stack_lvl+0x68/0x84
Jul 13 00:42:31 kria kernel:  dump_stack+0x18/0x34
Jul 13 00:42:31 kria kernel:  __might_resched+0x15c/0x1c0
Jul 13 00:42:31 kria kernel:  rt_spin_lock+0x38/0xd0
Jul 13 00:42:31 kria kernel:  alloc_pid+0x280/0x3d0
Jul 13 00:42:31 kria kernel:  copy_process+0x9fc/0x1da4
Jul 13 00:42:31 kria kernel:  kernel_clone+0x98/0x570
Jul 13 00:42:31 kria kernel:  __do_sys_clone+0x74/0xb0
Jul 13 00:42:31 kria kernel:  __arm64_sys_clone+0x28/0x34
Jul 13 00:42:31 kria kernel:  invoke_syscall+0x78/0x100
Jul 13 00:42:31 kria kernel:  el0_svc_common.constprop.0+0x54/0x184
Jul 13 00:42:31 kria kernel:  do_el0_svc+0x30/0xac
Jul 13 00:42:31 kria kernel:  el0_svc+0x28/0xb0
Jul 13 00:42:31 kria kernel:  el0t_64_sync_handler+0xa4/0x12c
Jul 13 00:42:31 kria kernel:  el0t_64_sync+0x1a4/0x1a8
Jul 13 00:42:34 kria kernel: BUG: sleeping function called from invalid context at kernel/locking/spinlock_rt.c:46
Jul 13 00:42:34 kria kernel: in_atomic(): 1, irqs_disabled(): 0, non_block: 0, pid: 2830, name: libuv-worker
Jul 13 00:42:34 kria kernel: preempt_count: 1, expected: 0
Jul 13 00:42:34 kria kernel: RCU nest depth: 0, expected: 0
Jul 13 00:42:34 kria kernel: Preemption disabled at:
Jul 13 00:42:34 kria kernel: [<ffffbb5f3febd338>] __radix_tree_preload+0x28/0x110
Jul 13 00:42:34 kria kernel: CPU: 1 PID: 2830 Comm: libuv-worker Tainted: G        WC        5.15.199-rt91-rt-kv260 #4
Jul 13 00:42:34 kria kernel: Hardware name: ZynqMP KV260 revB (DT)
Jul 13 00:42:34 kria kernel: Call trace:
Jul 13 00:42:34 kria kernel:  dump_backtrace+0x0/0x1f0
Jul 13 00:42:34 kria kernel:  show_stack+0x20/0x2c
Jul 13 00:42:34 kria kernel:  dump_stack_lvl+0x68/0x84
Jul 13 00:42:34 kria kernel:  dump_stack+0x18/0x34
Jul 13 00:42:34 kria kernel:  __might_resched+0x15c/0x1c0
Jul 13 00:42:34 kria kernel:  rt_spin_lock+0x38/0xd0
Jul 13 00:42:34 kria kernel:  __arm64_sys_inotify_add_watch+0x340/0x450
Jul 13 00:42:34 kria kernel:  invoke_syscall+0x78/0x100
Jul 13 00:42:34 kria kernel:  el0_svc_common.constprop.0+0x54/0x184
Jul 13 00:42:34 kria kernel:  do_el0_svc+0x30/0xac
Jul 13 00:42:34 kria kernel:  el0_svc+0x28/0xb0
Jul 13 00:42:34 kria kernel:  el0t_64_sync_handler+0xa4/0x12c
Jul 13 00:42:34 kria kernel:  el0t_64_sync+0x1a4/0x1a8
Jul 13 00:42:36 kria kernel: BUG: sleeping function called from invalid context at kernel/locking/spinlock_rt.c:46
Jul 13 00:42:36 kria kernel: in_atomic(): 1, irqs_disabled(): 0, non_block: 0, pid: 1091, name: fancontrol
Jul 13 00:42:36 kria kernel: preempt_count: 1, expected: 0
Jul 13 00:42:36 kria kernel: RCU nest depth: 0, expected: 0
Jul 13 00:42:36 kria kernel: Preemption disabled at:
Jul 13 00:42:36 kria kernel: [<ffffbb5f3febd338>] __radix_tree_preload+0x28/0x110
Jul 13 00:42:36 kria kernel: CPU: 2 PID: 1091 Comm: fancontrol Tainted: G        WC        5.15.199-rt91-rt-kv260 #4
Jul 13 00:42:36 kria kernel: Hardware name: ZynqMP KV260 revB (DT)
Jul 13 00:42:36 kria kernel: Call trace:
Jul 13 00:42:36 kria kernel:  dump_backtrace+0x0/0x1f0
Jul 13 00:42:36 kria kernel:  show_stack+0x20/0x2c
Jul 13 00:42:36 kria kernel:  dump_stack_lvl+0x68/0x84
Jul 13 00:42:36 kria kernel:  dump_stack+0x18/0x34
Jul 13 00:42:36 kria kernel:  __might_resched+0x15c/0x1c0
Jul 13 00:42:36 kria kernel:  rt_spin_lock+0x38/0xd0
Jul 13 00:42:36 kria kernel:  alloc_pid+0x280/0x3d0
Jul 13 00:42:36 kria kernel:  copy_process+0x9fc/0x1da4
Jul 13 00:42:36 kria kernel:  kernel_clone+0x98/0x570
Jul 13 00:42:36 kria kernel:  __do_sys_clone+0x74/0xb0
Jul 13 00:42:36 kria kernel:  __arm64_sys_clone+0x28/0x34
Jul 13 00:42:36 kria kernel:  invoke_syscall+0x78/0x100
Jul 13 00:42:36 kria kernel:  el0_svc_common.constprop.0+0x54/0x184
Jul 13 00:42:36 kria kernel:  do_el0_svc+0x30/0xac
Jul 13 00:42:36 kria kernel:  el0_svc+0x28/0xb0
Jul 13 00:42:36 kria kernel:  el0t_64_sync_handler+0xa4/0x12c
Jul 13 00:42:36 kria kernel:  el0t_64_sync+0x1a4/0x1a8
Jul 13 00:42:40 kria kernel: BUG: sleeping function called from invalid context at kernel/locking/spinlock_rt.c:46
Jul 13 00:42:40 kria kernel: in_atomic(): 1, irqs_disabled(): 0, non_block: 0, pid: 2856, name: node
Jul 13 00:42:40 kria kernel: preempt_count: 1, expected: 0
Jul 13 00:42:40 kria kernel: RCU nest depth: 0, expected: 0
Jul 13 00:42:40 kria kernel: Preemption disabled at:
Jul 13 00:42:40 kria kernel: [<ffffbb5f3febd338>] __radix_tree_preload+0x28/0x110
Jul 13 00:42:40 kria kernel: CPU: 2 PID: 2856 Comm: node Tainted: G        WC        5.15.199-rt91-rt-kv260 #4
Jul 13 00:42:40 kria kernel: Hardware name: ZynqMP KV260 revB (DT)
Jul 13 00:42:40 kria kernel: Call trace:
Jul 13 00:42:40 kria kernel:  dump_backtrace+0x0/0x1f0
Jul 13 00:42:40 kria kernel:  show_stack+0x20/0x2c
Jul 13 00:42:40 kria kernel:  dump_stack_lvl+0x68/0x84
Jul 13 00:42:40 kria kernel:  dump_stack+0x18/0x34
Jul 13 00:42:40 kria kernel:  __might_resched+0x15c/0x1c0
Jul 13 00:42:40 kria kernel:  rt_spin_lock+0x38/0xd0
Jul 13 00:42:40 kria kernel:  alloc_pid+0x280/0x3d0
Jul 13 00:42:40 kria kernel:  copy_process+0x9fc/0x1da4
Jul 13 00:42:40 kria kernel:  kernel_clone+0x98/0x570
Jul 13 00:42:40 kria kernel:  __do_sys_clone+0x74/0xb0
Jul 13 00:42:40 kria kernel:  __arm64_sys_clone+0x28/0x34
Jul 13 00:42:40 kria kernel:  invoke_syscall+0x78/0x100
Jul 13 00:42:40 kria kernel:  el0_svc_common.constprop.0+0x54/0x184
Jul 13 00:42:40 kria kernel:  do_el0_svc+0x30/0xac
Jul 13 00:42:40 kria kernel:  el0_svc+0x28/0xb0
Jul 13 00:42:40 kria kernel:  el0t_64_sync_handler+0xa4/0x12c
Jul 13 00:42:40 kria kernel:  el0t_64_sync+0x1a4/0x1a8
Jul 13 00:42:42 kria kernel: BUG: sleeping function called from invalid context at kernel/locking/spinlock_rt.c:46
Jul 13 00:42:42 kria kernel: in_atomic(): 1, irqs_disabled(): 0, non_block: 0, pid: 2928, name: bash
Jul 13 00:42:42 kria kernel: preempt_count: 1, expected: 0
Jul 13 00:42:42 kria kernel: RCU nest depth: 0, expected: 0
Jul 13 00:42:42 kria kernel: Preemption disabled at:
Jul 13 00:42:42 kria kernel: [<ffffbb5f3febd338>] __radix_tree_preload+0x28/0x110
Jul 13 00:42:42 kria kernel: CPU: 0 PID: 2928 Comm: bash Tainted: G        WC        5.15.199-rt91-rt-kv260 #4
Jul 13 00:42:42 kria kernel: Hardware name: ZynqMP KV260 revB (DT)
Jul 13 00:42:42 kria kernel: Call trace:
Jul 13 00:42:42 kria kernel:  dump_backtrace+0x0/0x1f0
Jul 13 00:42:42 kria kernel:  show_stack+0x20/0x2c
Jul 13 00:42:42 kria kernel:  dump_stack_lvl+0x68/0x84
Jul 13 00:42:42 kria kernel:  dump_stack+0x18/0x34
Jul 13 00:42:42 kria kernel:  __might_resched+0x15c/0x1c0
Jul 13 00:42:42 kria kernel:  rt_spin_lock+0x38/0xd0
Jul 13 00:42:42 kria kernel:  alloc_pid+0x280/0x3d0
Jul 13 00:42:42 kria kernel:  copy_process+0x9fc/0x1da4
Jul 13 00:42:42 kria kernel:  kernel_clone+0x98/0x570
Jul 13 00:42:42 kria kernel:  __do_sys_clone+0x74/0xb0
Jul 13 00:42:42 kria kernel:  __arm64_sys_clone+0x28/0x34
Jul 13 00:42:42 kria kernel:  invoke_syscall+0x78/0x100
Jul 13 00:42:42 kria kernel:  el0_svc_common.constprop.0+0x54/0x184
Jul 13 00:42:42 kria kernel:  do_el0_svc+0x30/0xac
Jul 13 00:42:42 kria kernel:  el0_svc+0x28/0xb0
Jul 13 00:42:42 kria kernel:  el0t_64_sync_handler+0xa4/0x12c
Jul 13 00:42:42 kria kernel:  el0t_64_sync+0x1a4/0x1a8
Jul 13 00:42:43 kria kernel: BUG: sleeping function called from invalid context at kernel/locking/spinlock_rt.c:46
Jul 13 00:42:43 kria kernel: in_atomic(): 1, irqs_disabled(): 0, non_block: 0, pid: 2949, name: codex-main
Jul 13 00:42:43 kria kernel: preempt_count: 1, expected: 0
Jul 13 00:42:43 kria kernel: RCU nest depth: 0, expected: 0
Jul 13 00:42:43 kria kernel: Preemption disabled at:
Jul 13 00:42:43 kria kernel: [<ffffbb5f3febd338>] __radix_tree_preload+0x28/0x110
Jul 13 00:42:43 kria kernel: CPU: 2 PID: 2949 Comm: codex-main Tainted: G        WC        5.15.199-rt91-rt-kv260 #4
Jul 13 00:42:43 kria kernel: Hardware name: ZynqMP KV260 revB (DT)
Jul 13 00:42:43 kria kernel: Call trace:
Jul 13 00:42:43 kria kernel:  dump_backtrace+0x0/0x1f0
Jul 13 00:42:43 kria kernel:  show_stack+0x20/0x2c
Jul 13 00:42:43 kria kernel:  dump_stack_lvl+0x68/0x84
Jul 13 00:42:43 kria kernel:  dump_stack+0x18/0x34
Jul 13 00:42:43 kria kernel:  __might_resched+0x15c/0x1c0
Jul 13 00:42:43 kria kernel:  rt_spin_lock+0x38/0xd0
Jul 13 00:42:43 kria kernel:  alloc_pid+0x280/0x3d0
Jul 13 00:42:43 kria kernel:  copy_process+0x9fc/0x1da4
Jul 13 00:42:43 kria kernel:  kernel_clone+0x98/0x570
Jul 13 00:42:43 kria kernel:  __do_sys_clone+0x74/0xb0
Jul 13 00:42:43 kria kernel:  __arm64_sys_clone+0x28/0x34
Jul 13 00:42:43 kria kernel:  invoke_syscall+0x78/0x100
Jul 13 00:42:43 kria kernel:  el0_svc_common.constprop.0+0x54/0x184
Jul 13 00:42:43 kria kernel:  do_el0_svc+0x30/0xac
Jul 13 00:42:43 kria kernel:  el0_svc+0x28/0xb0
Jul 13 00:42:43 kria kernel:  el0t_64_sync_handler+0xa4/0x12c
Jul 13 00:42:43 kria kernel:  el0t_64_sync+0x1a4/0x1a8
Jul 13 00:42:45 kria kernel: BUG: sleeping function called from invalid context at kernel/locking/spinlock_rt.c:46
Jul 13 00:42:45 kria kernel: in_atomic(): 1, irqs_disabled(): 0, non_block: 0, pid: 2972, name: lsb_release
Jul 13 00:42:45 kria kernel: preempt_count: 1, expected: 0
Jul 13 00:42:45 kria kernel: RCU nest depth: 0, expected: 0
Jul 13 00:42:45 kria kernel: Preemption disabled at:
Jul 13 00:42:45 kria kernel: [<ffffbb5f3febd338>] __radix_tree_preload+0x28/0x110
Jul 13 00:42:45 kria kernel: CPU: 3 PID: 2972 Comm: lsb_release Tainted: G        WC        5.15.199-rt91-rt-kv260 #4
Jul 13 00:42:45 kria kernel: Hardware name: ZynqMP KV260 revB (DT)
Jul 13 00:42:45 kria kernel: Call trace:
Jul 13 00:42:45 kria kernel:  dump_backtrace+0x0/0x1f0
Jul 13 00:42:45 kria kernel:  show_stack+0x20/0x2c
Jul 13 00:42:45 kria kernel:  dump_stack_lvl+0x68/0x84
Jul 13 00:42:45 kria kernel:  dump_stack+0x18/0x34
Jul 13 00:42:45 kria kernel:  __might_resched+0x15c/0x1c0
Jul 13 00:42:45 kria kernel:  rt_spin_lock+0x38/0xd0
Jul 13 00:42:45 kria kernel:  alloc_pid+0x280/0x3d0
Jul 13 00:42:45 kria kernel:  copy_process+0x9fc/0x1da4
Jul 13 00:42:45 kria kernel:  kernel_clone+0x98/0x570
Jul 13 00:42:45 kria kernel:  __do_sys_clone+0x74/0xb0
Jul 13 00:42:45 kria kernel:  __arm64_sys_clone+0x28/0x34
Jul 13 00:42:45 kria kernel:  invoke_syscall+0x78/0x100
Jul 13 00:42:45 kria kernel:  el0_svc_common.constprop.0+0x54/0x184
Jul 13 00:42:45 kria kernel:  do_el0_svc+0x30/0xac
Jul 13 00:42:45 kria kernel:  el0_svc+0x28/0xb0
Jul 13 00:42:45 kria kernel:  el0t_64_sync_handler+0xa4/0x12c
Jul 13 00:42:45 kria kernel:  el0t_64_sync+0x1a4/0x1a8
Jul 13 00:42:46 kria kernel: BUG: sleeping function called from invalid context at kernel/locking/spinlock_rt.c:46
Jul 13 00:42:46 kria kernel: in_atomic(): 1, irqs_disabled(): 0, non_block: 0, pid: 2949, name: codex-main
Jul 13 00:42:46 kria kernel: preempt_count: 1, expected: 0
Jul 13 00:42:46 kria kernel: RCU nest depth: 0, expected: 0
Jul 13 00:42:46 kria kernel: Preemption disabled at:
Jul 13 00:42:46 kria kernel: [<ffffbb5f3febd338>] __radix_tree_preload+0x28/0x110
Jul 13 00:42:46 kria kernel: CPU: 2 PID: 2949 Comm: codex-main Tainted: G        WC        5.15.199-rt91-rt-kv260 #4
Jul 13 00:42:46 kria kernel: Hardware name: ZynqMP KV260 revB (DT)
Jul 13 00:42:46 kria kernel: Call trace:
Jul 13 00:42:46 kria kernel:  dump_backtrace+0x0/0x1f0
Jul 13 00:42:46 kria kernel:  show_stack+0x20/0x2c
Jul 13 00:42:46 kria kernel:  dump_stack_lvl+0x68/0x84
Jul 13 00:42:46 kria kernel:  dump_stack+0x18/0x34
Jul 13 00:42:46 kria kernel:  __might_resched+0x15c/0x1c0
Jul 13 00:42:46 kria kernel:  rt_spin_lock+0x38/0xd0
Jul 13 00:42:46 kria kernel:  alloc_pid+0x280/0x3d0
Jul 13 00:42:46 kria kernel:  copy_process+0x9fc/0x1da4
Jul 13 00:42:46 kria kernel:  kernel_clone+0x98/0x570
Jul 13 00:42:46 kria kernel:  __do_sys_clone+0x74/0xb0
Jul 13 00:42:46 kria kernel:  __arm64_sys_clone+0x28/0x34
Jul 13 00:42:46 kria kernel:  invoke_syscall+0x78/0x100
Jul 13 00:42:46 kria kernel:  el0_svc_common.constprop.0+0x54/0x184
Jul 13 00:42:46 kria kernel:  do_el0_svc+0x30/0xac
Jul 13 00:42:46 kria kernel:  el0_svc+0x28/0xb0
Jul 13 00:42:46 kria kernel:  el0t_64_sync_handler+0xa4/0x12c
Jul 13 00:42:46 kria kernel:  el0t_64_sync+0x1a4/0x1a8
Jul 13 00:42:47 kria kernel: BUG: sleeping function called from invalid context at kernel/locking/spinlock_rt.c:46
Jul 13 00:42:47 kria kernel: in_atomic(): 1, irqs_disabled(): 0, non_block: 0, pid: 2949, name: codex-main
Jul 13 00:42:47 kria kernel: preempt_count: 1, expected: 0
Jul 13 00:42:47 kria kernel: RCU nest depth: 0, expected: 0
Jul 13 00:42:47 kria kernel: Preemption disabled at:
Jul 13 00:42:47 kria kernel: [<ffffbb5f3febd338>] __radix_tree_preload+0x28/0x110
Jul 13 00:42:47 kria kernel: CPU: 1 PID: 2949 Comm: codex-main Tainted: G        WC        5.15.199-rt91-rt-kv260 #4
Jul 13 00:42:47 kria kernel: Hardware name: ZynqMP KV260 revB (DT)
Jul 13 00:42:47 kria kernel: Call trace:
Jul 13 00:42:47 kria kernel:  dump_backtrace+0x0/0x1f0
Jul 13 00:42:47 kria kernel:  show_stack+0x20/0x2c
Jul 13 00:42:47 kria kernel:  dump_stack_lvl+0x68/0x84
Jul 13 00:42:47 kria kernel:  dump_stack+0x18/0x34
Jul 13 00:42:47 kria kernel:  __might_resched+0x15c/0x1c0
Jul 13 00:42:47 kria kernel:  rt_spin_lock+0x38/0xd0
Jul 13 00:42:47 kria kernel:  alloc_pid+0x280/0x3d0
Jul 13 00:42:47 kria kernel:  copy_process+0x9fc/0x1da4
Jul 13 00:42:47 kria kernel:  kernel_clone+0x98/0x570
Jul 13 00:42:47 kria kernel:  __do_sys_clone+0x74/0xb0
Jul 13 00:42:47 kria kernel:  __arm64_sys_clone+0x28/0x34
Jul 13 00:42:47 kria kernel:  invoke_syscall+0x78/0x100
Jul 13 00:42:47 kria kernel:  el0_svc_common.constprop.0+0x54/0x184
Jul 13 00:42:47 kria kernel:  do_el0_svc+0x30/0xac
Jul 13 00:42:47 kria kernel:  el0_svc+0x28/0xb0
Jul 13 00:42:47 kria kernel:  el0t_64_sync_handler+0xa4/0x12c
Jul 13 00:42:47 kria kernel:  el0t_64_sync+0x1a4/0x1a8
Jul 13 00:42:48 kria kernel: BUG: sleeping function called from invalid context at kernel/locking/spinlock_rt.c:46
Jul 13 00:42:48 kria kernel: in_atomic(): 1, irqs_disabled(): 0, non_block: 0, pid: 3026, name: lsb_release
Jul 13 00:42:48 kria kernel: preempt_count: 1, expected: 0
Jul 13 00:42:48 kria kernel: RCU nest depth: 0, expected: 0
Jul 13 00:42:48 kria kernel: Preemption disabled at:
Jul 13 00:42:48 kria kernel: [<ffffbb5f3febd338>] __radix_tree_preload+0x28/0x110
Jul 13 00:42:48 kria kernel: CPU: 1 PID: 3026 Comm: lsb_release Tainted: G        WC        5.15.199-rt91-rt-kv260 #4
Jul 13 00:42:48 kria kernel: Hardware name: ZynqMP KV260 revB (DT)
Jul 13 00:42:48 kria kernel: Call trace:
Jul 13 00:42:48 kria kernel:  dump_backtrace+0x0/0x1f0
Jul 13 00:42:48 kria kernel:  show_stack+0x20/0x2c
Jul 13 00:42:48 kria kernel:  dump_stack_lvl+0x68/0x84
Jul 13 00:42:48 kria kernel:  dump_stack+0x18/0x34
Jul 13 00:42:48 kria kernel:  __might_resched+0x15c/0x1c0
Jul 13 00:42:48 kria kernel:  rt_spin_lock+0x38/0xd0
Jul 13 00:42:48 kria kernel:  alloc_pid+0x280/0x3d0
Jul 13 00:42:48 kria kernel:  copy_process+0x9fc/0x1da4
Jul 13 00:42:48 kria kernel:  kernel_clone+0x98/0x570
Jul 13 00:42:48 kria kernel:  __do_sys_clone+0x74/0xb0
Jul 13 00:42:48 kria kernel:  __arm64_sys_clone+0x28/0x34
Jul 13 00:42:48 kria kernel:  invoke_syscall+0x78/0x100
Jul 13 00:42:48 kria kernel:  el0_svc_common.constprop.0+0x54/0x184
Jul 13 00:42:48 kria kernel:  do_el0_svc+0x30/0xac
Jul 13 00:42:48 kria kernel:  el0_svc+0x28/0xb0
Jul 13 00:42:48 kria kernel:  el0t_64_sync_handler+0xa4/0x12c
Jul 13 00:42:48 kria kernel:  el0t_64_sync+0x1a4/0x1a8
Jul 13 00:42:49 kria kernel: BUG: sleeping function called from invalid context at kernel/locking/spinlock_rt.c:46
Jul 13 00:42:49 kria kernel: in_atomic(): 1, irqs_disabled(): 0, non_block: 0, pid: 2952, name: tokio-rt-worker
Jul 13 00:42:49 kria kernel: preempt_count: 1, expected: 0
Jul 13 00:42:49 kria kernel: RCU nest depth: 0, expected: 0
Jul 13 00:42:49 kria kernel: Preemption disabled at:
Jul 13 00:42:49 kria kernel: [<ffffbb5f3febd338>] __radix_tree_preload+0x28/0x110
Jul 13 00:42:49 kria kernel: CPU: 3 PID: 2952 Comm: tokio-rt-worker Tainted: G        WC        5.15.199-rt91-rt-kv260 #4
Jul 13 00:42:49 kria kernel: Hardware name: ZynqMP KV260 revB (DT)
Jul 13 00:42:49 kria kernel: Call trace:
Jul 13 00:42:49 kria kernel:  dump_backtrace+0x0/0x1f0
Jul 13 00:42:49 kria kernel:  show_stack+0x20/0x2c
Jul 13 00:42:49 kria kernel:  dump_stack_lvl+0x68/0x84
Jul 13 00:42:49 kria kernel:  dump_stack+0x18/0x34
Jul 13 00:42:49 kria kernel:  __might_resched+0x15c/0x1c0
Jul 13 00:42:49 kria kernel:  rt_spin_lock+0x38/0xd0
Jul 13 00:42:49 kria kernel:  alloc_pid+0x280/0x3d0
Jul 13 00:42:49 kria kernel:  copy_process+0x9fc/0x1da4
Jul 13 00:42:49 kria kernel:  kernel_clone+0x98/0x570
Jul 13 00:42:49 kria kernel:  __do_sys_clone+0x74/0xb0
Jul 13 00:42:49 kria kernel:  __arm64_sys_clone+0x28/0x34
Jul 13 00:42:49 kria kernel:  invoke_syscall+0x78/0x100
Jul 13 00:42:49 kria kernel:  el0_svc_common.constprop.0+0x54/0x184
Jul 13 00:42:49 kria kernel:  do_el0_svc+0x30/0xac
Jul 13 00:42:49 kria kernel:  el0_svc+0x28/0xb0
Jul 13 00:42:49 kria kernel:  el0t_64_sync_handler+0xa4/0x12c
Jul 13 00:42:49 kria kernel:  el0t_64_sync+0x1a4/0x1a8
Jul 13 00:42:50 kria kernel: BUG: sleeping function called from invalid context at kernel/locking/spinlock_rt.c:46
Jul 13 00:42:50 kria kernel: in_atomic(): 1, irqs_disabled(): 0, non_block: 0, pid: 2856, name: node
Jul 13 00:42:50 kria kernel: preempt_count: 1, expected: 0
Jul 13 00:42:50 kria kernel: RCU nest depth: 0, expected: 0
Jul 13 00:42:50 kria kernel: Preemption disabled at:
Jul 13 00:42:50 kria kernel: [<ffffbb5f3febd338>] __radix_tree_preload+0x28/0x110
Jul 13 00:42:50 kria kernel: CPU: 1 PID: 2856 Comm: node Tainted: G        WC        5.15.199-rt91-rt-kv260 #4
Jul 13 00:42:50 kria kernel: Hardware name: ZynqMP KV260 revB (DT)
Jul 13 00:42:50 kria kernel: Call trace:
Jul 13 00:42:50 kria kernel:  dump_backtrace+0x0/0x1f0
Jul 13 00:42:50 kria kernel:  show_stack+0x20/0x2c
Jul 13 00:42:50 kria kernel:  dump_stack_lvl+0x68/0x84
Jul 13 00:42:50 kria kernel:  dump_stack+0x18/0x34
Jul 13 00:42:50 kria kernel:  __might_resched+0x15c/0x1c0
Jul 13 00:42:50 kria kernel:  rt_spin_lock+0x38/0xd0
Jul 13 00:42:50 kria kernel:  alloc_pid+0x280/0x3d0
Jul 13 00:42:50 kria kernel:  copy_process+0x9fc/0x1da4
Jul 13 00:42:50 kria kernel:  kernel_clone+0x98/0x570
Jul 13 00:42:50 kria kernel:  __do_sys_clone+0x74/0xb0
Jul 13 00:42:50 kria kernel:  __arm64_sys_clone+0x28/0x34
Jul 13 00:42:50 kria kernel:  invoke_syscall+0x78/0x100
Jul 13 00:42:50 kria kernel:  el0_svc_common.constprop.0+0x54/0x184
Jul 13 00:42:50 kria kernel:  do_el0_svc+0x30/0xac
Jul 13 00:42:50 kria kernel:  el0_svc+0x28/0xb0
Jul 13 00:42:50 kria kernel:  el0t_64_sync_handler+0xa4/0x12c
Jul 13 00:42:50 kria kernel:  el0t_64_sync+0x1a4/0x1a8
Jul 13 00:42:51 kria kernel: BUG: sleeping function called from invalid context at kernel/locking/spinlock_rt.c:46
Jul 13 00:42:51 kria kernel: in_atomic(): 1, irqs_disabled(): 0, non_block: 0, pid: 3072, name: lsb_release
Jul 13 00:42:51 kria kernel: preempt_count: 1, expected: 0
Jul 13 00:42:51 kria kernel: RCU nest depth: 0, expected: 0
Jul 13 00:42:51 kria kernel: Preemption disabled at:
Jul 13 00:42:51 kria kernel: [<ffffbb5f3febd338>] __radix_tree_preload+0x28/0x110
Jul 13 00:42:51 kria kernel: CPU: 3 PID: 3072 Comm: lsb_release Tainted: G        WC        5.15.199-rt91-rt-kv260 #4
Jul 13 00:42:51 kria kernel: Hardware name: ZynqMP KV260 revB (DT)
Jul 13 00:42:51 kria kernel: Call trace:
Jul 13 00:42:51 kria kernel:  dump_backtrace+0x0/0x1f0
Jul 13 00:42:51 kria kernel:  show_stack+0x20/0x2c
Jul 13 00:42:51 kria kernel:  dump_stack_lvl+0x68/0x84
Jul 13 00:42:51 kria kernel:  dump_stack+0x18/0x34
Jul 13 00:42:51 kria kernel:  __might_resched+0x15c/0x1c0
Jul 13 00:42:51 kria kernel:  rt_spin_lock+0x38/0xd0
Jul 13 00:42:51 kria kernel:  alloc_pid+0x280/0x3d0
Jul 13 00:42:51 kria kernel:  copy_process+0x9fc/0x1da4
Jul 13 00:42:51 kria kernel:  kernel_clone+0x98/0x570
Jul 13 00:42:51 kria kernel:  __do_sys_clone+0x74/0xb0
Jul 13 00:42:51 kria kernel:  __arm64_sys_clone+0x28/0x34
Jul 13 00:42:51 kria kernel:  invoke_syscall+0x78/0x100
Jul 13 00:42:51 kria kernel:  el0_svc_common.constprop.0+0x54/0x184
Jul 13 00:42:51 kria kernel:  do_el0_svc+0x30/0xac
Jul 13 00:42:51 kria kernel:  el0_svc+0x28/0xb0
Jul 13 00:42:51 kria kernel:  el0t_64_sync_handler+0xa4/0x12c
Jul 13 00:42:51 kria kernel:  el0t_64_sync+0x1a4/0x1a8
Jul 13 00:42:52 kria kernel: BUG: sleeping function called from invalid context at kernel/locking/spinlock_rt.c:46
Jul 13 00:42:52 kria kernel: in_atomic(): 1, irqs_disabled(): 0, non_block: 0, pid: 2856, name: node
Jul 13 00:42:52 kria kernel: preempt_count: 1, expected: 0
Jul 13 00:42:52 kria kernel: RCU nest depth: 0, expected: 0
Jul 13 00:42:52 kria kernel: Preemption disabled at:
Jul 13 00:42:52 kria kernel: [<ffffbb5f3febd338>] __radix_tree_preload+0x28/0x110
Jul 13 00:42:52 kria kernel: CPU: 1 PID: 2856 Comm: node Tainted: G        WC        5.15.199-rt91-rt-kv260 #4
Jul 13 00:42:52 kria kernel: Hardware name: ZynqMP KV260 revB (DT)
Jul 13 00:42:52 kria kernel: Call trace:
Jul 13 00:42:52 kria kernel:  dump_backtrace+0x0/0x1f0
Jul 13 00:42:52 kria kernel:  show_stack+0x20/0x2c
Jul 13 00:42:52 kria kernel:  dump_stack_lvl+0x68/0x84
Jul 13 00:42:52 kria kernel:  dump_stack+0x18/0x34
Jul 13 00:42:52 kria kernel:  __might_resched+0x15c/0x1c0
Jul 13 00:42:52 kria kernel:  rt_spin_lock+0x38/0xd0
Jul 13 00:42:52 kria kernel:  alloc_pid+0x280/0x3d0
Jul 13 00:42:52 kria kernel:  copy_process+0x9fc/0x1da4
Jul 13 00:42:52 kria kernel:  kernel_clone+0x98/0x570
Jul 13 00:42:52 kria kernel:  __do_sys_clone+0x74/0xb0
Jul 13 00:42:52 kria kernel:  __arm64_sys_clone+0x28/0x34
Jul 13 00:42:52 kria kernel:  invoke_syscall+0x78/0x100
Jul 13 00:42:52 kria kernel:  el0_svc_common.constprop.0+0x54/0x184
Jul 13 00:42:52 kria kernel:  do_el0_svc+0x30/0xac
Jul 13 00:42:52 kria kernel:  el0_svc+0x28/0xb0
Jul 13 00:42:52 kria kernel:  el0t_64_sync_handler+0xa4/0x12c
Jul 13 00:42:52 kria kernel:  el0t_64_sync+0x1a4/0x1a8
Jul 13 00:42:53 kria kernel: BUG: sleeping function called from invalid context at kernel/locking/spinlock_rt.c:46
Jul 13 00:42:53 kria kernel: in_atomic(): 1, irqs_disabled(): 0, non_block: 0, pid: 3095, name: lsb_release
Jul 13 00:42:53 kria kernel: preempt_count: 1, expected: 0
Jul 13 00:42:53 kria kernel: RCU nest depth: 0, expected: 0
Jul 13 00:42:53 kria kernel: Preemption disabled at:
Jul 13 00:42:53 kria kernel: [<ffffbb5f3febd338>] __radix_tree_preload+0x28/0x110
Jul 13 00:42:53 kria kernel: CPU: 3 PID: 3095 Comm: lsb_release Tainted: G        WC        5.15.199-rt91-rt-kv260 #4
Jul 13 00:42:53 kria kernel: Hardware name: ZynqMP KV260 revB (DT)
Jul 13 00:42:53 kria kernel: Call trace:
Jul 13 00:42:53 kria kernel:  dump_backtrace+0x0/0x1f0
Jul 13 00:42:53 kria kernel:  show_stack+0x20/0x2c
Jul 13 00:42:53 kria kernel:  dump_stack_lvl+0x68/0x84
Jul 13 00:42:53 kria kernel:  dump_stack+0x18/0x34
Jul 13 00:42:53 kria kernel:  __might_resched+0x15c/0x1c0
Jul 13 00:42:53 kria kernel:  rt_spin_lock+0x38/0xd0
Jul 13 00:42:53 kria kernel:  alloc_pid+0x280/0x3d0
Jul 13 00:42:53 kria kernel:  copy_process+0x9fc/0x1da4
Jul 13 00:42:53 kria kernel:  kernel_clone+0x98/0x570
Jul 13 00:42:53 kria kernel:  __do_sys_clone+0x74/0xb0
Jul 13 00:42:53 kria kernel:  __arm64_sys_clone+0x28/0x34
Jul 13 00:42:53 kria kernel:  invoke_syscall+0x78/0x100
Jul 13 00:42:53 kria kernel:  el0_svc_common.constprop.0+0x54/0x184
Jul 13 00:42:53 kria kernel:  do_el0_svc+0x30/0xac
Jul 13 00:42:53 kria kernel:  el0_svc+0x28/0xb0
Jul 13 00:42:53 kria kernel:  el0t_64_sync_handler+0xa4/0x12c
Jul 13 00:42:53 kria kernel:  el0t_64_sync+0x1a4/0x1a8
Jul 13 00:42:55 kria kernel: BUG: sleeping function called from invalid context at kernel/locking/spinlock_rt.c:46
Jul 13 00:42:55 kria kernel: in_atomic(): 1, irqs_disabled(): 0, non_block: 0, pid: 2856, name: node
Jul 13 00:42:55 kria kernel: preempt_count: 1, expected: 0
Jul 13 00:42:55 kria kernel: RCU nest depth: 0, expected: 0
Jul 13 00:42:55 kria kernel: Preemption disabled at:
Jul 13 00:42:55 kria kernel: [<ffffbb5f3febd338>] __radix_tree_preload+0x28/0x110
Jul 13 00:42:55 kria kernel: CPU: 3 PID: 2856 Comm: node Tainted: G        WC        5.15.199-rt91-rt-kv260 #4
Jul 13 00:42:55 kria kernel: Hardware name: ZynqMP KV260 revB (DT)
Jul 13 00:42:55 kria kernel: Call trace:
Jul 13 00:42:55 kria kernel:  dump_backtrace+0x0/0x1f0
Jul 13 00:42:55 kria kernel:  show_stack+0x20/0x2c
Jul 13 00:42:55 kria kernel:  dump_stack_lvl+0x68/0x84
Jul 13 00:42:55 kria kernel:  dump_stack+0x18/0x34
Jul 13 00:42:55 kria kernel:  __might_resched+0x15c/0x1c0
Jul 13 00:42:55 kria kernel:  rt_spin_lock+0x38/0xd0
Jul 13 00:42:55 kria kernel:  alloc_pid+0x280/0x3d0
Jul 13 00:42:55 kria kernel:  copy_process+0x9fc/0x1da4
Jul 13 00:42:55 kria kernel:  kernel_clone+0x98/0x570
Jul 13 00:42:55 kria kernel:  __do_sys_clone+0x74/0xb0
Jul 13 00:42:55 kria kernel:  __arm64_sys_clone+0x28/0x34
Jul 13 00:42:55 kria kernel:  invoke_syscall+0x78/0x100
Jul 13 00:42:55 kria kernel:  el0_svc_common.constprop.0+0x54/0x184
Jul 13 00:42:55 kria kernel:  do_el0_svc+0x30/0xac
Jul 13 00:42:55 kria kernel:  el0_svc+0x28/0xb0
Jul 13 00:42:55 kria kernel:  el0t_64_sync_handler+0xa4/0x12c
Jul 13 00:42:55 kria kernel:  el0t_64_sync+0x1a4/0x1a8
Jul 13 00:42:56 kria kernel: BUG: sleeping function called from invalid context at kernel/locking/spinlock_rt.c:46
Jul 13 00:42:56 kria kernel: in_atomic(): 1, irqs_disabled(): 0, non_block: 0, pid: 1091, name: fancontrol
Jul 13 00:42:56 kria kernel: preempt_count: 1, expected: 0
Jul 13 00:42:56 kria kernel: RCU nest depth: 0, expected: 0
Jul 13 00:42:56 kria kernel: Preemption disabled at:
Jul 13 00:42:56 kria kernel: [<ffffbb5f3febd338>] __radix_tree_preload+0x28/0x110
Jul 13 00:42:56 kria kernel: CPU: 0 PID: 1091 Comm: fancontrol Tainted: G        WC        5.15.199-rt91-rt-kv260 #4
Jul 13 00:42:56 kria kernel: Hardware name: ZynqMP KV260 revB (DT)
Jul 13 00:42:56 kria kernel: Call trace:
Jul 13 00:42:56 kria kernel:  dump_backtrace+0x0/0x1f0
Jul 13 00:42:56 kria kernel:  show_stack+0x20/0x2c
Jul 13 00:42:56 kria kernel:  dump_stack_lvl+0x68/0x84
Jul 13 00:42:56 kria kernel:  dump_stack+0x18/0x34
Jul 13 00:42:56 kria kernel:  __might_resched+0x15c/0x1c0
Jul 13 00:42:56 kria kernel:  rt_spin_lock+0x38/0xd0
Jul 13 00:42:56 kria kernel:  alloc_pid+0x280/0x3d0
Jul 13 00:42:56 kria kernel:  copy_process+0x9fc/0x1da4
Jul 13 00:42:56 kria kernel:  kernel_clone+0x98/0x570
Jul 13 00:42:56 kria kernel:  __do_sys_clone+0x74/0xb0
Jul 13 00:42:56 kria kernel:  __arm64_sys_clone+0x28/0x34
Jul 13 00:42:56 kria kernel:  invoke_syscall+0x78/0x100
Jul 13 00:42:56 kria kernel:  el0_svc_common.constprop.0+0x54/0x184
Jul 13 00:42:56 kria kernel:  do_el0_svc+0x30/0xac
Jul 13 00:42:56 kria kernel:  el0_svc+0x28/0xb0
Jul 13 00:42:56 kria kernel:  el0t_64_sync_handler+0xa4/0x12c
Jul 13 00:42:56 kria kernel:  el0t_64_sync+0x1a4/0x1a8
Jul 13 00:42:58 kria kernel: BUG: sleeping function called from invalid context at kernel/locking/spinlock_rt.c:46
Jul 13 00:42:58 kria kernel: in_atomic(): 1, irqs_disabled(): 0, non_block: 0, pid: 2953, name: tokio-rt-worker
Jul 13 00:42:58 kria kernel: preempt_count: 1, expected: 0
Jul 13 00:42:58 kria kernel: RCU nest depth: 0, expected: 0
Jul 13 00:42:58 kria kernel: Preemption disabled at:
Jul 13 00:42:58 kria kernel: [<ffffbb5f3febd338>] __radix_tree_preload+0x28/0x110
Jul 13 00:42:58 kria kernel: CPU: 0 PID: 2953 Comm: tokio-rt-worker Tainted: G        WC        5.15.199-rt91-rt-kv260 #4
Jul 13 00:42:58 kria kernel: Hardware name: ZynqMP KV260 revB (DT)
Jul 13 00:42:58 kria kernel: Call trace:
Jul 13 00:42:58 kria kernel:  dump_backtrace+0x0/0x1f0
Jul 13 00:42:58 kria kernel:  show_stack+0x20/0x2c
Jul 13 00:42:58 kria kernel:  dump_stack_lvl+0x68/0x84
Jul 13 00:42:58 kria kernel:  dump_stack+0x18/0x34
Jul 13 00:42:58 kria kernel:  __might_resched+0x15c/0x1c0
Jul 13 00:42:58 kria kernel:  rt_spin_lock+0x38/0xd0
Jul 13 00:42:58 kria kernel:  alloc_pid+0x280/0x3d0
Jul 13 00:42:58 kria kernel:  copy_process+0x9fc/0x1da4
Jul 13 00:42:58 kria kernel:  kernel_clone+0x98/0x570
Jul 13 00:42:58 kria kernel:  __do_sys_clone+0x74/0xb0
Jul 13 00:42:58 kria kernel:  __arm64_sys_clone+0x28/0x34
Jul 13 00:42:58 kria kernel:  invoke_syscall+0x78/0x100
Jul 13 00:42:58 kria kernel:  el0_svc_common.constprop.0+0x54/0x184
Jul 13 00:42:58 kria kernel:  do_el0_svc+0x30/0xac
Jul 13 00:42:58 kria kernel:  el0_svc+0x28/0xb0
Jul 13 00:42:58 kria kernel:  el0t_64_sync_handler+0xa4/0x12c
Jul 13 00:42:58 kria kernel:  el0t_64_sync+0x1a4/0x1a8
Jul 13 00:42:59 kria kernel: BUG: sleeping function called from invalid context at kernel/locking/spinlock_rt.c:46
Jul 13 00:42:59 kria kernel: in_atomic(): 1, irqs_disabled(): 0, non_block: 0, pid: 2950, name: tokio-rt-worker
Jul 13 00:42:59 kria kernel: preempt_count: 1, expected: 0
Jul 13 00:42:59 kria kernel: RCU nest depth: 0, expected: 0
Jul 13 00:42:59 kria kernel: Preemption disabled at:
Jul 13 00:42:59 kria kernel: [<ffffbb5f3febd338>] __radix_tree_preload+0x28/0x110
Jul 13 00:42:59 kria kernel: CPU: 0 PID: 2950 Comm: tokio-rt-worker Tainted: G        WC        5.15.199-rt91-rt-kv260 #4
Jul 13 00:42:59 kria kernel: Hardware name: ZynqMP KV260 revB (DT)
Jul 13 00:42:59 kria kernel: Call trace:
Jul 13 00:42:59 kria kernel:  dump_backtrace+0x0/0x1f0
Jul 13 00:42:59 kria kernel:  show_stack+0x20/0x2c
Jul 13 00:42:59 kria kernel:  dump_stack_lvl+0x68/0x84
Jul 13 00:42:59 kria kernel:  dump_stack+0x18/0x34
Jul 13 00:42:59 kria kernel:  __might_resched+0x15c/0x1c0
Jul 13 00:42:59 kria kernel:  rt_spin_lock+0x38/0xd0
Jul 13 00:42:59 kria kernel:  alloc_pid+0x280/0x3d0
Jul 13 00:42:59 kria kernel:  copy_process+0x9fc/0x1da4
Jul 13 00:42:59 kria kernel:  kernel_clone+0x98/0x570
Jul 13 00:42:59 kria kernel:  __do_sys_clone+0x74/0xb0
Jul 13 00:42:59 kria kernel:  __arm64_sys_clone+0x28/0x34
Jul 13 00:42:59 kria kernel:  invoke_syscall+0x78/0x100
Jul 13 00:42:59 kria kernel:  el0_svc_common.constprop.0+0x54/0x184
Jul 13 00:42:59 kria kernel:  do_el0_svc+0x30/0xac
Jul 13 00:42:59 kria kernel:  el0_svc+0x28/0xb0
Jul 13 00:42:59 kria kernel:  el0t_64_sync_handler+0xa4/0x12c
Jul 13 00:42:59 kria kernel:  el0t_64_sync+0x1a4/0x1a8
Jul 13 00:43:00 kria kernel: BUG: sleeping function called from invalid context at kernel/locking/spinlock_rt.c:46
Jul 13 00:43:00 kria kernel: in_atomic(): 1, irqs_disabled(): 0, non_block: 0, pid: 2856, name: node
Jul 13 00:43:00 kria kernel: preempt_count: 1, expected: 0
Jul 13 00:43:00 kria kernel: RCU nest depth: 0, expected: 0
Jul 13 00:43:00 kria kernel: Preemption disabled at:
Jul 13 00:43:00 kria kernel: [<ffffbb5f3febd338>] __radix_tree_preload+0x28/0x110
Jul 13 00:43:00 kria kernel: CPU: 1 PID: 2856 Comm: node Tainted: G        WC        5.15.199-rt91-rt-kv260 #4
Jul 13 00:43:00 kria kernel: Hardware name: ZynqMP KV260 revB (DT)
Jul 13 00:43:00 kria kernel: Call trace:
Jul 13 00:43:00 kria kernel:  dump_backtrace+0x0/0x1f0
Jul 13 00:43:00 kria kernel:  show_stack+0x20/0x2c
Jul 13 00:43:00 kria kernel:  dump_stack_lvl+0x68/0x84
Jul 13 00:43:00 kria kernel:  dump_stack+0x18/0x34
Jul 13 00:43:00 kria kernel:  __might_resched+0x15c/0x1c0
Jul 13 00:43:00 kria kernel:  rt_spin_lock+0x38/0xd0
Jul 13 00:43:00 kria kernel:  alloc_pid+0x280/0x3d0
Jul 13 00:43:00 kria kernel:  copy_process+0x9fc/0x1da4
Jul 13 00:43:00 kria kernel:  kernel_clone+0x98/0x570
Jul 13 00:43:00 kria kernel:  __do_sys_clone+0x74/0xb0
Jul 13 00:43:00 kria kernel:  __arm64_sys_clone+0x28/0x34
Jul 13 00:43:00 kria kernel:  invoke_syscall+0x78/0x100
Jul 13 00:43:00 kria kernel:  el0_svc_common.constprop.0+0x54/0x184
Jul 13 00:43:00 kria kernel:  do_el0_svc+0x30/0xac
Jul 13 00:43:00 kria kernel:  el0_svc+0x28/0xb0
Jul 13 00:43:00 kria kernel:  el0t_64_sync_handler+0xa4/0x12c
Jul 13 00:43:00 kria kernel:  el0t_64_sync+0x1a4/0x1a8
Jul 13 00:43:01 kria kernel: BUG: sleeping function called from invalid context at kernel/locking/spinlock_rt.c:46
Jul 13 00:43:01 kria kernel: in_atomic(): 1, irqs_disabled(): 0, non_block: 0, pid: 1091, name: fancontrol
Jul 13 00:43:01 kria kernel: preempt_count: 1, expected: 0
Jul 13 00:43:01 kria kernel: RCU nest depth: 0, expected: 0
Jul 13 00:43:01 kria kernel: Preemption disabled at:
Jul 13 00:43:01 kria kernel: [<ffffbb5f3febd338>] __radix_tree_preload+0x28/0x110
Jul 13 00:43:01 kria kernel: CPU: 3 PID: 1091 Comm: fancontrol Tainted: G        WC        5.15.199-rt91-rt-kv260 #4
Jul 13 00:43:01 kria kernel: Hardware name: ZynqMP KV260 revB (DT)
Jul 13 00:43:01 kria kernel: Call trace:
Jul 13 00:43:01 kria kernel:  dump_backtrace+0x0/0x1f0
Jul 13 00:43:01 kria kernel:  show_stack+0x20/0x2c
Jul 13 00:43:01 kria kernel:  dump_stack_lvl+0x68/0x84
Jul 13 00:43:01 kria kernel:  dump_stack+0x18/0x34
Jul 13 00:43:01 kria kernel:  __might_resched+0x15c/0x1c0
Jul 13 00:43:01 kria kernel:  rt_spin_lock+0x38/0xd0
Jul 13 00:43:01 kria kernel:  alloc_pid+0x280/0x3d0
Jul 13 00:43:01 kria kernel:  copy_process+0x9fc/0x1da4
Jul 13 00:43:01 kria kernel:  kernel_clone+0x98/0x570
Jul 13 00:43:01 kria kernel:  __do_sys_clone+0x74/0xb0
Jul 13 00:43:01 kria kernel:  __arm64_sys_clone+0x28/0x34
Jul 13 00:43:01 kria kernel:  invoke_syscall+0x78/0x100
Jul 13 00:43:01 kria kernel:  el0_svc_common.constprop.0+0x54/0x184
Jul 13 00:43:01 kria kernel:  do_el0_svc+0x30/0xac
Jul 13 00:43:01 kria kernel:  el0_svc+0x28/0xb0
Jul 13 00:43:01 kria kernel:  el0t_64_sync_handler+0xa4/0x12c
Jul 13 00:43:01 kria kernel:  el0t_64_sync+0x1a4/0x1a8
Jul 13 00:43:03 kria kernel: BUG: sleeping function called from invalid context at kernel/locking/spinlock_rt.c:46
Jul 13 00:43:03 kria kernel: in_atomic(): 1, irqs_disabled(): 0, non_block: 0, pid: 2953, name: tokio-rt-worker
Jul 13 00:43:03 kria kernel: preempt_count: 1, expected: 0
Jul 13 00:43:03 kria kernel: RCU nest depth: 0, expected: 0
Jul 13 00:43:03 kria kernel: Preemption disabled at:
Jul 13 00:43:03 kria kernel: [<ffffbb5f3febd338>] __radix_tree_preload+0x28/0x110
Jul 13 00:43:03 kria kernel: CPU: 0 PID: 2953 Comm: tokio-rt-worker Tainted: G        WC        5.15.199-rt91-rt-kv260 #4
Jul 13 00:43:03 kria kernel: Hardware name: ZynqMP KV260 revB (DT)
Jul 13 00:43:03 kria kernel: Call trace:
Jul 13 00:43:03 kria kernel:  dump_backtrace+0x0/0x1f0
Jul 13 00:43:03 kria kernel:  show_stack+0x20/0x2c
Jul 13 00:43:03 kria kernel:  dump_stack_lvl+0x68/0x84
Jul 13 00:43:03 kria kernel:  dump_stack+0x18/0x34
Jul 13 00:43:03 kria kernel:  __might_resched+0x15c/0x1c0
Jul 13 00:43:03 kria kernel:  rt_spin_lock+0x38/0xd0
Jul 13 00:43:03 kria kernel:  alloc_pid+0x280/0x3d0
Jul 13 00:43:03 kria kernel:  copy_process+0x9fc/0x1da4
Jul 13 00:43:03 kria kernel:  kernel_clone+0x98/0x570
Jul 13 00:43:03 kria kernel:  __do_sys_clone+0x74/0xb0
Jul 13 00:43:03 kria kernel:  __arm64_sys_clone+0x28/0x34
Jul 13 00:43:03 kria kernel:  invoke_syscall+0x78/0x100
Jul 13 00:43:03 kria kernel:  el0_svc_common.constprop.0+0x54/0x184
Jul 13 00:43:03 kria kernel:  do_el0_svc+0x30/0xac
Jul 13 00:43:03 kria kernel:  el0_svc+0x28/0xb0
Jul 13 00:43:03 kria kernel:  el0t_64_sync_handler+0xa4/0x12c
Jul 13 00:43:03 kria kernel:  el0t_64_sync+0x1a4/0x1a8
Jul 13 00:43:04 kria kernel: BUG: sleeping function called from invalid context at kernel/locking/spinlock_rt.c:46
Jul 13 00:43:04 kria kernel: in_atomic(): 1, irqs_disabled(): 0, non_block: 0, pid: 2856, name: node
Jul 13 00:43:04 kria kernel: preempt_count: 1, expected: 0
Jul 13 00:43:04 kria kernel: RCU nest depth: 0, expected: 0
Jul 13 00:43:04 kria kernel: Preemption disabled at:
Jul 13 00:43:04 kria kernel: [<ffffbb5f3febd338>] __radix_tree_preload+0x28/0x110
Jul 13 00:43:04 kria kernel: CPU: 2 PID: 2856 Comm: node Tainted: G        WC        5.15.199-rt91-rt-kv260 #4
Jul 13 00:43:04 kria kernel: Hardware name: ZynqMP KV260 revB (DT)
Jul 13 00:43:04 kria kernel: Call trace:
Jul 13 00:43:04 kria kernel:  dump_backtrace+0x0/0x1f0
Jul 13 00:43:04 kria kernel:  show_stack+0x20/0x2c
Jul 13 00:43:04 kria kernel:  dump_stack_lvl+0x68/0x84
Jul 13 00:43:04 kria kernel:  dump_stack+0x18/0x34
Jul 13 00:43:04 kria kernel:  __might_resched+0x15c/0x1c0
Jul 13 00:43:04 kria kernel:  rt_spin_lock+0x38/0xd0
Jul 13 00:43:04 kria kernel:  alloc_pid+0x280/0x3d0
Jul 13 00:43:04 kria kernel:  copy_process+0x9fc/0x1da4
Jul 13 00:43:04 kria kernel:  kernel_clone+0x98/0x570
Jul 13 00:43:04 kria kernel:  __do_sys_clone+0x74/0xb0
Jul 13 00:43:04 kria kernel:  __arm64_sys_clone+0x28/0x34
Jul 13 00:43:04 kria kernel:  invoke_syscall+0x78/0x100
Jul 13 00:43:04 kria kernel:  el0_svc_common.constprop.0+0x54/0x184
Jul 13 00:43:04 kria kernel:  do_el0_svc+0x30/0xac
Jul 13 00:43:04 kria kernel:  el0_svc+0x28/0xb0
Jul 13 00:43:04 kria kernel:  el0t_64_sync_handler+0xa4/0x12c
Jul 13 00:43:04 kria kernel:  el0t_64_sync+0x1a4/0x1a8
Jul 13 00:43:05 kria kernel: BUG: sleeping function called from invalid context at kernel/locking/spinlock_rt.c:46
Jul 13 00:43:05 kria kernel: in_atomic(): 1, irqs_disabled(): 0, non_block: 0, pid: 2856, name: node
Jul 13 00:43:05 kria kernel: preempt_count: 1, expected: 0
Jul 13 00:43:05 kria kernel: RCU nest depth: 0, expected: 0
Jul 13 00:43:05 kria kernel: Preemption disabled at:
Jul 13 00:43:05 kria kernel: [<ffffbb5f3febd338>] __radix_tree_preload+0x28/0x110
Jul 13 00:43:05 kria kernel: CPU: 2 PID: 2856 Comm: node Tainted: G        WC        5.15.199-rt91-rt-kv260 #4
Jul 13 00:43:05 kria kernel: Hardware name: ZynqMP KV260 revB (DT)
Jul 13 00:43:05 kria kernel: Call trace:
Jul 13 00:43:05 kria kernel:  dump_backtrace+0x0/0x1f0
Jul 13 00:43:05 kria kernel:  show_stack+0x20/0x2c
Jul 13 00:43:05 kria kernel:  dump_stack_lvl+0x68/0x84
Jul 13 00:43:05 kria kernel:  dump_stack+0x18/0x34
Jul 13 00:43:05 kria kernel:  __might_resched+0x15c/0x1c0
Jul 13 00:43:05 kria kernel:  rt_spin_lock+0x38/0xd0
Jul 13 00:43:05 kria kernel:  alloc_pid+0x280/0x3d0
Jul 13 00:43:05 kria kernel:  copy_process+0x9fc/0x1da4
Jul 13 00:43:05 kria kernel:  kernel_clone+0x98/0x570
Jul 13 00:43:05 kria kernel:  __do_sys_clone+0x74/0xb0
Jul 13 00:43:05 kria kernel:  __arm64_sys_clone+0x28/0x34
Jul 13 00:43:05 kria kernel:  invoke_syscall+0x78/0x100
Jul 13 00:43:05 kria kernel:  el0_svc_common.constprop.0+0x54/0x184
Jul 13 00:43:05 kria kernel:  do_el0_svc+0x30/0xac
Jul 13 00:43:05 kria kernel:  el0_svc+0x28/0xb0
Jul 13 00:43:05 kria kernel:  el0t_64_sync_handler+0xa4/0x12c
Jul 13 00:43:05 kria kernel:  el0t_64_sync+0x1a4/0x1a8
Jul 13 00:43:06 kria kernel: BUG: sleeping function called from invalid context at kernel/locking/spinlock_rt.c:46
Jul 13 00:43:06 kria kernel: in_atomic(): 1, irqs_disabled(): 0, non_block: 0, pid: 2856, name: node
Jul 13 00:43:06 kria kernel: preempt_count: 1, expected: 0
Jul 13 00:43:06 kria kernel: RCU nest depth: 0, expected: 0
Jul 13 00:43:06 kria kernel: Preemption disabled at:
Jul 13 00:43:06 kria kernel: [<ffffbb5f3febd338>] __radix_tree_preload+0x28/0x110
Jul 13 00:43:06 kria kernel: CPU: 2 PID: 2856 Comm: node Tainted: G        WC        5.15.199-rt91-rt-kv260 #4
Jul 13 00:43:06 kria kernel: Hardware name: ZynqMP KV260 revB (DT)
Jul 13 00:43:06 kria kernel: Call trace:
Jul 13 00:43:06 kria kernel:  dump_backtrace+0x0/0x1f0
Jul 13 00:43:06 kria kernel:  show_stack+0x20/0x2c
Jul 13 00:43:06 kria kernel:  dump_stack_lvl+0x68/0x84
Jul 13 00:43:06 kria kernel:  dump_stack+0x18/0x34
Jul 13 00:43:06 kria kernel:  __might_resched+0x15c/0x1c0
Jul 13 00:43:06 kria kernel:  rt_spin_lock+0x38/0xd0
Jul 13 00:43:06 kria kernel:  alloc_pid+0x280/0x3d0
Jul 13 00:43:06 kria kernel:  copy_process+0x9fc/0x1da4
Jul 13 00:43:06 kria kernel:  kernel_clone+0x98/0x570
Jul 13 00:43:06 kria kernel:  __do_sys_clone+0x74/0xb0
Jul 13 00:43:06 kria kernel:  __arm64_sys_clone+0x28/0x34
Jul 13 00:43:06 kria kernel:  invoke_syscall+0x78/0x100
Jul 13 00:43:06 kria kernel:  el0_svc_common.constprop.0+0x54/0x184
Jul 13 00:43:06 kria kernel:  do_el0_svc+0x30/0xac
Jul 13 00:43:06 kria kernel:  el0_svc+0x28/0xb0
Jul 13 00:43:06 kria kernel:  el0t_64_sync_handler+0xa4/0x12c
Jul 13 00:43:06 kria kernel:  el0t_64_sync+0x1a4/0x1a8
Jul 13 00:43:07 kria kernel: BUG: sleeping function called from invalid context at kernel/locking/spinlock_rt.c:46
Jul 13 00:43:07 kria kernel: in_atomic(): 1, irqs_disabled(): 0, non_block: 0, pid: 2856, name: node
Jul 13 00:43:07 kria kernel: preempt_count: 1, expected: 0
Jul 13 00:43:07 kria kernel: RCU nest depth: 0, expected: 0
Jul 13 00:43:07 kria kernel: Preemption disabled at:
Jul 13 00:43:07 kria kernel: [<ffffbb5f3febd338>] __radix_tree_preload+0x28/0x110
Jul 13 00:43:07 kria kernel: CPU: 3 PID: 2856 Comm: node Tainted: G        WC        5.15.199-rt91-rt-kv260 #4
Jul 13 00:43:07 kria kernel: Hardware name: ZynqMP KV260 revB (DT)
Jul 13 00:43:07 kria kernel: Call trace:
Jul 13 00:43:07 kria kernel:  dump_backtrace+0x0/0x1f0
Jul 13 00:43:07 kria kernel:  show_stack+0x20/0x2c
Jul 13 00:43:07 kria kernel:  dump_stack_lvl+0x68/0x84
Jul 13 00:43:07 kria kernel:  dump_stack+0x18/0x34
Jul 13 00:43:07 kria kernel:  __might_resched+0x15c/0x1c0
Jul 13 00:43:07 kria kernel:  rt_spin_lock+0x38/0xd0
Jul 13 00:43:07 kria kernel:  alloc_pid+0x280/0x3d0
Jul 13 00:43:07 kria kernel:  copy_process+0x9fc/0x1da4
Jul 13 00:43:07 kria kernel:  kernel_clone+0x98/0x570
Jul 13 00:43:07 kria kernel:  __do_sys_clone+0x74/0xb0
Jul 13 00:43:07 kria kernel:  __arm64_sys_clone+0x28/0x34
Jul 13 00:43:07 kria kernel:  invoke_syscall+0x78/0x100
Jul 13 00:43:07 kria kernel:  el0_svc_common.constprop.0+0x54/0x184
Jul 13 00:43:07 kria kernel:  do_el0_svc+0x30/0xac
Jul 13 00:43:07 kria kernel:  el0_svc+0x28/0xb0
Jul 13 00:43:07 kria kernel:  el0t_64_sync_handler+0xa4/0x12c
Jul 13 00:43:07 kria kernel:  el0t_64_sync+0x1a4/0x1a8
Jul 13 00:43:08 kria kernel: BUG: sleeping function called from invalid context at kernel/locking/spinlock_rt.c:46
Jul 13 00:43:08 kria kernel: in_atomic(): 1, irqs_disabled(): 0, non_block: 0, pid: 2856, name: node
Jul 13 00:43:08 kria kernel: preempt_count: 1, expected: 0
Jul 13 00:43:08 kria kernel: RCU nest depth: 0, expected: 0
Jul 13 00:43:08 kria kernel: Preemption disabled at:
Jul 13 00:43:08 kria kernel: [<ffffbb5f3febd338>] __radix_tree_preload+0x28/0x110
Jul 13 00:43:08 kria kernel: CPU: 2 PID: 2856 Comm: node Tainted: G        WC        5.15.199-rt91-rt-kv260 #4
Jul 13 00:43:08 kria kernel: Hardware name: ZynqMP KV260 revB (DT)
Jul 13 00:43:08 kria kernel: Call trace:
Jul 13 00:43:08 kria kernel:  dump_backtrace+0x0/0x1f0
Jul 13 00:43:08 kria kernel:  show_stack+0x20/0x2c
Jul 13 00:43:08 kria kernel:  dump_stack_lvl+0x68/0x84
Jul 13 00:43:08 kria kernel:  dump_stack+0x18/0x34
Jul 13 00:43:08 kria kernel:  __might_resched+0x15c/0x1c0
Jul 13 00:43:08 kria kernel:  rt_spin_lock+0x38/0xd0
Jul 13 00:43:08 kria kernel:  alloc_pid+0x280/0x3d0
Jul 13 00:43:08 kria kernel:  copy_process+0x9fc/0x1da4
Jul 13 00:43:08 kria kernel:  kernel_clone+0x98/0x570
Jul 13 00:43:08 kria kernel:  __do_sys_clone+0x74/0xb0
Jul 13 00:43:08 kria kernel:  __arm64_sys_clone+0x28/0x34
Jul 13 00:43:08 kria kernel:  invoke_syscall+0x78/0x100
Jul 13 00:43:08 kria kernel:  el0_svc_common.constprop.0+0x54/0x184
Jul 13 00:43:08 kria kernel:  do_el0_svc+0x30/0xac
Jul 13 00:43:08 kria kernel:  el0_svc+0x28/0xb0
Jul 13 00:43:08 kria kernel:  el0t_64_sync_handler+0xa4/0x12c
Jul 13 00:43:08 kria kernel:  el0t_64_sync+0x1a4/0x1a8
Jul 13 00:43:09 kria kernel: BUG: sleeping function called from invalid context at kernel/locking/spinlock_rt.c:46
Jul 13 00:43:09 kria kernel: in_atomic(): 1, irqs_disabled(): 0, non_block: 0, pid: 2848, name: node
Jul 13 00:43:09 kria kernel: preempt_count: 1, expected: 0
Jul 13 00:43:09 kria kernel: RCU nest depth: 0, expected: 0
Jul 13 00:43:09 kria kernel: Preemption disabled at:
Jul 13 00:43:09 kria kernel: [<ffffbb5f3febd338>] __radix_tree_preload+0x28/0x110
Jul 13 00:43:09 kria kernel: CPU: 3 PID: 2848 Comm: node Tainted: G        WC        5.15.199-rt91-rt-kv260 #4
Jul 13 00:43:09 kria kernel: Hardware name: ZynqMP KV260 revB (DT)
Jul 13 00:43:09 kria kernel: Call trace:
Jul 13 00:43:09 kria kernel:  dump_backtrace+0x0/0x1f0
Jul 13 00:43:09 kria kernel:  show_stack+0x20/0x2c
Jul 13 00:43:09 kria kernel:  dump_stack_lvl+0x68/0x84
Jul 13 00:43:09 kria kernel:  dump_stack+0x18/0x34
Jul 13 00:43:09 kria kernel:  __might_resched+0x15c/0x1c0
Jul 13 00:43:09 kria kernel:  rt_spin_lock+0x38/0xd0
Jul 13 00:43:09 kria kernel:  __arm64_sys_inotify_add_watch+0x340/0x450
Jul 13 00:43:09 kria kernel:  invoke_syscall+0x78/0x100
Jul 13 00:43:09 kria kernel:  el0_svc_common.constprop.0+0x54/0x184
Jul 13 00:43:09 kria kernel:  do_el0_svc+0x30/0xac
Jul 13 00:43:09 kria kernel:  el0_svc+0x28/0xb0
Jul 13 00:43:09 kria kernel:  el0t_64_sync_handler+0xa4/0x12c
Jul 13 00:43:09 kria kernel:  el0t_64_sync+0x1a4/0x1a8
Jul 13 00:43:10 kria kernel: BUG: sleeping function called from invalid context at kernel/locking/spinlock_rt.c:46
Jul 13 00:43:10 kria kernel: in_atomic(): 1, irqs_disabled(): 0, non_block: 0, pid: 2856, name: node
Jul 13 00:43:10 kria kernel: preempt_count: 1, expected: 0
Jul 13 00:43:10 kria kernel: RCU nest depth: 0, expected: 0
Jul 13 00:43:10 kria kernel: Preemption disabled at:
Jul 13 00:43:10 kria kernel: [<ffffbb5f3febd338>] __radix_tree_preload+0x28/0x110
Jul 13 00:43:10 kria kernel: CPU: 3 PID: 2856 Comm: node Tainted: G        WC        5.15.199-rt91-rt-kv260 #4
Jul 13 00:43:10 kria kernel: Hardware name: ZynqMP KV260 revB (DT)
Jul 13 00:43:10 kria kernel: Call trace:
Jul 13 00:43:10 kria kernel:  dump_backtrace+0x0/0x1f0
Jul 13 00:43:10 kria kernel:  show_stack+0x20/0x2c
Jul 13 00:43:10 kria kernel:  dump_stack_lvl+0x68/0x84
Jul 13 00:43:10 kria kernel:  dump_stack+0x18/0x34
Jul 13 00:43:10 kria kernel:  __might_resched+0x15c/0x1c0
Jul 13 00:43:10 kria kernel:  rt_spin_lock+0x38/0xd0
Jul 13 00:43:10 kria kernel:  alloc_pid+0x280/0x3d0
Jul 13 00:43:10 kria kernel:  copy_process+0x9fc/0x1da4
Jul 13 00:43:10 kria kernel:  kernel_clone+0x98/0x570
Jul 13 00:43:10 kria kernel:  __do_sys_clone+0x74/0xb0
Jul 13 00:43:10 kria kernel:  __arm64_sys_clone+0x28/0x34
Jul 13 00:43:10 kria kernel:  invoke_syscall+0x78/0x100
Jul 13 00:43:10 kria kernel:  el0_svc_common.constprop.0+0x54/0x184
Jul 13 00:43:10 kria kernel:  do_el0_svc+0x30/0xac
Jul 13 00:43:10 kria kernel:  el0_svc+0x28/0xb0
Jul 13 00:43:10 kria kernel:  el0t_64_sync_handler+0xa4/0x12c
Jul 13 00:43:10 kria kernel:  el0t_64_sync+0x1a4/0x1a8
Jul 13 00:43:11 kria kernel: BUG: sleeping function called from invalid context at kernel/locking/spinlock_rt.c:46
Jul 13 00:43:11 kria kernel: in_atomic(): 1, irqs_disabled(): 0, non_block: 0, pid: 2856, name: node
Jul 13 00:43:11 kria kernel: preempt_count: 1, expected: 0
Jul 13 00:43:11 kria kernel: RCU nest depth: 0, expected: 0
Jul 13 00:43:11 kria kernel: Preemption disabled at:
Jul 13 00:43:11 kria kernel: [<ffffbb5f3febd338>] __radix_tree_preload+0x28/0x110
Jul 13 00:43:11 kria kernel: CPU: 1 PID: 2856 Comm: node Tainted: G        WC        5.15.199-rt91-rt-kv260 #4
Jul 13 00:43:11 kria kernel: Hardware name: ZynqMP KV260 revB (DT)
Jul 13 00:43:11 kria kernel: Call trace:
Jul 13 00:43:11 kria kernel:  dump_backtrace+0x0/0x1f0
Jul 13 00:43:11 kria kernel:  show_stack+0x20/0x2c
Jul 13 00:43:11 kria kernel:  dump_stack_lvl+0x68/0x84
Jul 13 00:43:11 kria kernel:  dump_stack+0x18/0x34
Jul 13 00:43:11 kria kernel:  __might_resched+0x15c/0x1c0
Jul 13 00:43:11 kria kernel:  rt_spin_lock+0x38/0xd0
Jul 13 00:43:11 kria kernel:  alloc_pid+0x280/0x3d0
Jul 13 00:43:11 kria kernel:  copy_process+0x9fc/0x1da4
Jul 13 00:43:11 kria kernel:  kernel_clone+0x98/0x570
Jul 13 00:43:11 kria kernel:  __do_sys_clone+0x74/0xb0
Jul 13 00:43:11 kria kernel:  __arm64_sys_clone+0x28/0x34
Jul 13 00:43:11 kria kernel:  invoke_syscall+0x78/0x100
Jul 13 00:43:11 kria kernel:  el0_svc_common.constprop.0+0x54/0x184
Jul 13 00:43:11 kria kernel:  do_el0_svc+0x30/0xac
Jul 13 00:43:11 kria kernel:  el0_svc+0x28/0xb0
Jul 13 00:43:11 kria kernel:  el0t_64_sync_handler+0xa4/0x12c
Jul 13 00:43:11 kria kernel:  el0t_64_sync+0x1a4/0x1a8
Jul 13 00:43:16 kria kernel: BUG: sleeping function called from invalid context at kernel/locking/spinlock_rt.c:46
Jul 13 00:43:16 kria kernel: in_atomic(): 1, irqs_disabled(): 0, non_block: 0, pid: 1091, name: fancontrol
Jul 13 00:43:16 kria kernel: preempt_count: 1, expected: 0
Jul 13 00:43:16 kria kernel: RCU nest depth: 0, expected: 0
Jul 13 00:43:16 kria kernel: Preemption disabled at:
Jul 13 00:43:16 kria kernel: [<ffffbb5f3febd338>] __radix_tree_preload+0x28/0x110
Jul 13 00:43:16 kria kernel: CPU: 1 PID: 1091 Comm: fancontrol Tainted: G        WC        5.15.199-rt91-rt-kv260 #4
Jul 13 00:43:16 kria kernel: Hardware name: ZynqMP KV260 revB (DT)
Jul 13 00:43:16 kria kernel: Call trace:
Jul 13 00:43:16 kria kernel:  dump_backtrace+0x0/0x1f0
Jul 13 00:43:16 kria kernel:  show_stack+0x20/0x2c
Jul 13 00:43:16 kria kernel:  dump_stack_lvl+0x68/0x84
Jul 13 00:43:16 kria kernel:  dump_stack+0x18/0x34
Jul 13 00:43:16 kria kernel:  __might_resched+0x15c/0x1c0
Jul 13 00:43:16 kria kernel:  rt_spin_lock+0x38/0xd0
Jul 13 00:43:16 kria kernel:  alloc_pid+0x280/0x3d0
Jul 13 00:43:16 kria kernel:  copy_process+0x9fc/0x1da4
Jul 13 00:43:16 kria kernel:  kernel_clone+0x98/0x570
Jul 13 00:43:16 kria kernel:  __do_sys_clone+0x74/0xb0
Jul 13 00:43:16 kria kernel:  __arm64_sys_clone+0x28/0x34
Jul 13 00:43:16 kria kernel:  invoke_syscall+0x78/0x100
Jul 13 00:43:16 kria kernel:  el0_svc_common.constprop.0+0x54/0x184
Jul 13 00:43:16 kria kernel:  do_el0_svc+0x30/0xac
Jul 13 00:43:16 kria kernel:  el0_svc+0x28/0xb0
Jul 13 00:43:16 kria kernel:  el0t_64_sync_handler+0xa4/0x12c
Jul 13 00:43:16 kria kernel:  el0t_64_sync+0x1a4/0x1a8
Jul 13 00:43:21 kria kernel: BUG: sleeping function called from invalid context at kernel/locking/spinlock_rt.c:46
Jul 13 00:43:21 kria kernel: in_atomic(): 1, irqs_disabled(): 0, non_block: 0, pid: 1091, name: fancontrol
Jul 13 00:43:21 kria kernel: preempt_count: 1, expected: 0
Jul 13 00:43:21 kria kernel: RCU nest depth: 0, expected: 0
Jul 13 00:43:22 kria kernel: Preemption disabled at:
Jul 13 00:43:22 kria kernel: [<ffffbb5f3febd338>] __radix_tree_preload+0x28/0x110
Jul 13 00:43:22 kria kernel: CPU: 3 PID: 1091 Comm: fancontrol Tainted: G        WC        5.15.199-rt91-rt-kv260 #4
Jul 13 00:43:22 kria kernel: Hardware name: ZynqMP KV260 revB (DT)
Jul 13 00:43:22 kria kernel: Call trace:
Jul 13 00:43:22 kria kernel:  dump_backtrace+0x0/0x1f0
Jul 13 00:43:22 kria kernel:  show_stack+0x20/0x2c
Jul 13 00:43:22 kria kernel:  dump_stack_lvl+0x68/0x84
Jul 13 00:43:22 kria kernel:  dump_stack+0x18/0x34
Jul 13 00:43:22 kria kernel:  __might_resched+0x15c/0x1c0
Jul 13 00:43:22 kria kernel:  rt_spin_lock+0x38/0xd0
Jul 13 00:43:22 kria kernel:  alloc_pid+0x280/0x3d0
Jul 13 00:43:22 kria kernel:  copy_process+0x9fc/0x1da4
Jul 13 00:43:22 kria kernel:  kernel_clone+0x98/0x570
Jul 13 00:43:22 kria kernel:  __do_sys_clone+0x74/0xb0
Jul 13 00:43:22 kria kernel:  __arm64_sys_clone+0x28/0x34
Jul 13 00:43:22 kria kernel:  invoke_syscall+0x78/0x100
Jul 13 00:43:22 kria kernel:  el0_svc_common.constprop.0+0x54/0x184
Jul 13 00:43:22 kria kernel:  do_el0_svc+0x30/0xac
Jul 13 00:43:22 kria kernel:  el0_svc+0x28/0xb0
Jul 13 00:43:22 kria kernel:  el0t_64_sync_handler+0xa4/0x12c
Jul 13 00:43:22 kria kernel:  el0t_64_sync+0x1a4/0x1a8
Jul 13 00:43:27 kria kernel: BUG: sleeping function called from invalid context at kernel/locking/spinlock_rt.c:46
Jul 13 00:43:27 kria kernel: in_atomic(): 1, irqs_disabled(): 0, non_block: 0, pid: 1091, name: fancontrol
Jul 13 00:43:27 kria kernel: preempt_count: 1, expected: 0
Jul 13 00:43:27 kria kernel: RCU nest depth: 0, expected: 0
Jul 13 00:43:27 kria kernel: Preemption disabled at:
Jul 13 00:43:27 kria kernel: [<ffffbb5f3febd338>] __radix_tree_preload+0x28/0x110
Jul 13 00:43:27 kria kernel: CPU: 3 PID: 1091 Comm: fancontrol Tainted: G        WC        5.15.199-rt91-rt-kv260 #4
Jul 13 00:43:27 kria kernel: Hardware name: ZynqMP KV260 revB (DT)
Jul 13 00:43:27 kria kernel: Call trace:
Jul 13 00:43:27 kria kernel:  dump_backtrace+0x0/0x1f0
Jul 13 00:43:27 kria kernel:  show_stack+0x20/0x2c
Jul 13 00:43:27 kria kernel:  dump_stack_lvl+0x68/0x84
Jul 13 00:43:27 kria kernel:  dump_stack+0x18/0x34
Jul 13 00:43:27 kria kernel:  __might_resched+0x15c/0x1c0
Jul 13 00:43:27 kria kernel:  rt_spin_lock+0x38/0xd0
Jul 13 00:43:27 kria kernel:  alloc_pid+0x280/0x3d0
Jul 13 00:43:27 kria kernel:  copy_process+0x9fc/0x1da4
Jul 13 00:43:27 kria kernel:  kernel_clone+0x98/0x570
Jul 13 00:43:27 kria kernel:  __do_sys_clone+0x74/0xb0
Jul 13 00:43:27 kria kernel:  __arm64_sys_clone+0x28/0x34
Jul 13 00:43:27 kria kernel:  invoke_syscall+0x78/0x100
Jul 13 00:43:27 kria kernel:  el0_svc_common.constprop.0+0x54/0x184
Jul 13 00:43:27 kria kernel:  do_el0_svc+0x30/0xac
Jul 13 00:43:27 kria kernel:  el0_svc+0x28/0xb0
Jul 13 00:43:27 kria kernel:  el0t_64_sync_handler+0xa4/0x12c
Jul 13 00:43:27 kria kernel:  el0t_64_sync+0x1a4/0x1a8
Jul 13 00:43:32 kria kernel: BUG: sleeping function called from invalid context at kernel/locking/spinlock_rt.c:46
Jul 13 00:43:32 kria kernel: in_atomic(): 1, irqs_disabled(): 0, non_block: 0, pid: 1091, name: fancontrol
Jul 13 00:43:32 kria kernel: preempt_count: 1, expected: 0
Jul 13 00:43:32 kria kernel: RCU nest depth: 0, expected: 0
Jul 13 00:43:32 kria kernel: Preemption disabled at:
Jul 13 00:43:32 kria kernel: [<ffffbb5f3febd338>] __radix_tree_preload+0x28/0x110
Jul 13 00:43:32 kria kernel: CPU: 2 PID: 1091 Comm: fancontrol Tainted: G        WC        5.15.199-rt91-rt-kv260 #4
Jul 13 00:43:32 kria kernel: Hardware name: ZynqMP KV260 revB (DT)
Jul 13 00:43:32 kria kernel: Call trace:
Jul 13 00:43:32 kria kernel:  dump_backtrace+0x0/0x1f0
Jul 13 00:43:32 kria kernel:  show_stack+0x20/0x2c
Jul 13 00:43:32 kria kernel:  dump_stack_lvl+0x68/0x84
Jul 13 00:43:32 kria kernel:  dump_stack+0x18/0x34
Jul 13 00:43:32 kria kernel:  __might_resched+0x15c/0x1c0
Jul 13 00:43:32 kria kernel:  rt_spin_lock+0x38/0xd0
Jul 13 00:43:32 kria kernel:  alloc_pid+0x280/0x3d0
Jul 13 00:43:32 kria kernel:  copy_process+0x9fc/0x1da4
Jul 13 00:43:32 kria kernel:  kernel_clone+0x98/0x570
Jul 13 00:43:32 kria kernel:  __do_sys_clone+0x74/0xb0
Jul 13 00:43:32 kria kernel:  __arm64_sys_clone+0x28/0x34
Jul 13 00:43:32 kria kernel:  invoke_syscall+0x78/0x100
Jul 13 00:43:32 kria kernel:  el0_svc_common.constprop.0+0x54/0x184
Jul 13 00:43:32 kria kernel:  do_el0_svc+0x30/0xac
Jul 13 00:43:32 kria kernel:  el0_svc+0x28/0xb0
Jul 13 00:43:32 kria kernel:  el0t_64_sync_handler+0xa4/0x12c
Jul 13 00:43:32 kria kernel:  el0t_64_sync+0x1a4/0x1a8
Jul 13 00:43:37 kria kernel: BUG: sleeping function called from invalid context at kernel/locking/spinlock_rt.c:46
Jul 13 00:43:37 kria kernel: in_atomic(): 1, irqs_disabled(): 0, non_block: 0, pid: 1091, name: fancontrol
Jul 13 00:43:37 kria kernel: preempt_count: 1, expected: 0
Jul 13 00:43:37 kria kernel: RCU nest depth: 0, expected: 0
Jul 13 00:43:37 kria kernel: Preemption disabled at:
Jul 13 00:43:37 kria kernel: [<ffffbb5f3febd338>] __radix_tree_preload+0x28/0x110
Jul 13 00:43:37 kria kernel: CPU: 0 PID: 1091 Comm: fancontrol Tainted: G        WC        5.15.199-rt91-rt-kv260 #4
Jul 13 00:43:37 kria kernel: Hardware name: ZynqMP KV260 revB (DT)
Jul 13 00:43:37 kria kernel: Call trace:
Jul 13 00:43:37 kria kernel:  dump_backtrace+0x0/0x1f0
Jul 13 00:43:37 kria kernel:  show_stack+0x20/0x2c
Jul 13 00:43:37 kria kernel:  dump_stack_lvl+0x68/0x84
Jul 13 00:43:37 kria kernel:  dump_stack+0x18/0x34
Jul 13 00:43:37 kria kernel:  __might_resched+0x15c/0x1c0
Jul 13 00:43:37 kria kernel:  rt_spin_lock+0x38/0xd0
Jul 13 00:43:37 kria kernel:  alloc_pid+0x280/0x3d0
Jul 13 00:43:37 kria kernel:  copy_process+0x9fc/0x1da4
Jul 13 00:43:37 kria kernel:  kernel_clone+0x98/0x570
Jul 13 00:43:37 kria kernel:  __do_sys_clone+0x74/0xb0
Jul 13 00:43:37 kria kernel:  __arm64_sys_clone+0x28/0x34
Jul 13 00:43:37 kria kernel:  invoke_syscall+0x78/0x100
Jul 13 00:43:37 kria kernel:  el0_svc_common.constprop.0+0x54/0x184
Jul 13 00:43:37 kria kernel:  do_el0_svc+0x30/0xac
Jul 13 00:43:37 kria kernel:  el0_svc+0x28/0xb0
Jul 13 00:43:37 kria kernel:  el0t_64_sync_handler+0xa4/0x12c
Jul 13 00:43:37 kria kernel:  el0t_64_sync+0x1a4/0x1a8
Jul 13 00:43:42 kria kernel: BUG: sleeping function called from invalid context at kernel/locking/spinlock_rt.c:46
Jul 13 00:43:42 kria kernel: in_atomic(): 1, irqs_disabled(): 0, non_block: 0, pid: 1091, name: fancontrol
Jul 13 00:43:42 kria kernel: preempt_count: 1, expected: 0
Jul 13 00:43:42 kria kernel: RCU nest depth: 0, expected: 0
Jul 13 00:43:42 kria kernel: Preemption disabled at:
Jul 13 00:43:42 kria kernel: [<ffffbb5f3febd338>] __radix_tree_preload+0x28/0x110
Jul 13 00:43:42 kria kernel: CPU: 0 PID: 1091 Comm: fancontrol Tainted: G        WC        5.15.199-rt91-rt-kv260 #4
Jul 13 00:43:42 kria kernel: Hardware name: ZynqMP KV260 revB (DT)
Jul 13 00:43:42 kria kernel: Call trace:
Jul 13 00:43:42 kria kernel:  dump_backtrace+0x0/0x1f0
Jul 13 00:43:42 kria kernel:  show_stack+0x20/0x2c
Jul 13 00:43:42 kria kernel:  dump_stack_lvl+0x68/0x84
Jul 13 00:43:42 kria kernel:  dump_stack+0x18/0x34
Jul 13 00:43:42 kria kernel:  __might_resched+0x15c/0x1c0
Jul 13 00:43:42 kria kernel:  rt_spin_lock+0x38/0xd0
Jul 13 00:43:42 kria kernel:  alloc_pid+0x280/0x3d0
Jul 13 00:43:42 kria kernel:  copy_process+0x9fc/0x1da4
Jul 13 00:43:42 kria kernel:  kernel_clone+0x98/0x570
Jul 13 00:43:42 kria kernel:  __do_sys_clone+0x74/0xb0
Jul 13 00:43:42 kria kernel:  __arm64_sys_clone+0x28/0x34
Jul 13 00:43:42 kria kernel:  invoke_syscall+0x78/0x100
Jul 13 00:43:42 kria kernel:  el0_svc_common.constprop.0+0x54/0x184
Jul 13 00:43:42 kria kernel:  do_el0_svc+0x30/0xac
Jul 13 00:43:42 kria kernel:  el0_svc+0x28/0xb0
Jul 13 00:43:42 kria kernel:  el0t_64_sync_handler+0xa4/0x12c
Jul 13 00:43:42 kria kernel:  el0t_64_sync+0x1a4/0x1a8
Jul 13 00:43:46 kria kernel: BUG: sleeping function called from invalid context at kernel/locking/spinlock_rt.c:46
Jul 13 00:43:46 kria kernel: in_atomic(): 1, irqs_disabled(): 0, non_block: 0, pid: 2856, name: node
Jul 13 00:43:46 kria kernel: preempt_count: 1, expected: 0
Jul 13 00:43:46 kria kernel: RCU nest depth: 0, expected: 0
Jul 13 00:43:46 kria kernel: Preemption disabled at:
Jul 13 00:43:46 kria kernel: [<ffffbb5f3febd338>] __radix_tree_preload+0x28/0x110
Jul 13 00:43:46 kria kernel: CPU: 2 PID: 2856 Comm: node Tainted: G        WC        5.15.199-rt91-rt-kv260 #4
Jul 13 00:43:46 kria kernel: Hardware name: ZynqMP KV260 revB (DT)
Jul 13 00:43:46 kria kernel: Call trace:
Jul 13 00:43:46 kria kernel:  dump_backtrace+0x0/0x1f0
Jul 13 00:43:46 kria kernel:  show_stack+0x20/0x2c
Jul 13 00:43:46 kria kernel:  dump_stack_lvl+0x68/0x84
Jul 13 00:43:46 kria kernel:  dump_stack+0x18/0x34
Jul 13 00:43:46 kria kernel:  __might_resched+0x15c/0x1c0
Jul 13 00:43:46 kria kernel:  rt_spin_lock+0x38/0xd0
Jul 13 00:43:46 kria kernel:  alloc_pid+0x280/0x3d0
Jul 13 00:43:46 kria kernel:  copy_process+0x9fc/0x1da4
Jul 13 00:43:46 kria kernel:  kernel_clone+0x98/0x570
Jul 13 00:43:46 kria kernel:  __do_sys_clone+0x74/0xb0
Jul 13 00:43:46 kria kernel:  __arm64_sys_clone+0x28/0x34
Jul 13 00:43:46 kria kernel:  invoke_syscall+0x78/0x100
Jul 13 00:43:46 kria kernel:  el0_svc_common.constprop.0+0x54/0x184
Jul 13 00:43:46 kria kernel:  do_el0_svc+0x30/0xac
Jul 13 00:43:46 kria kernel:  el0_svc+0x28/0xb0
Jul 13 00:43:46 kria kernel:  el0t_64_sync_handler+0xa4/0x12c
Jul 13 00:43:46 kria kernel:  el0t_64_sync+0x1a4/0x1a8
Jul 13 00:43:47 kria kernel: BUG: sleeping function called from invalid context at kernel/locking/spinlock_rt.c:46
Jul 13 00:43:47 kria kernel: in_atomic(): 1, irqs_disabled(): 0, non_block: 0, pid: 1091, name: fancontrol
Jul 13 00:43:47 kria kernel: preempt_count: 1, expected: 0
Jul 13 00:43:47 kria kernel: RCU nest depth: 0, expected: 0
Jul 13 00:43:47 kria kernel: Preemption disabled at:
Jul 13 00:43:47 kria kernel: [<ffffbb5f3febd338>] __radix_tree_preload+0x28/0x110
Jul 13 00:43:47 kria kernel: CPU: 0 PID: 1091 Comm: fancontrol Tainted: G        WC        5.15.199-rt91-rt-kv260 #4
Jul 13 00:43:47 kria kernel: Hardware name: ZynqMP KV260 revB (DT)
Jul 13 00:43:47 kria kernel: Call trace:
Jul 13 00:43:47 kria kernel:  dump_backtrace+0x0/0x1f0
Jul 13 00:43:47 kria kernel:  show_stack+0x20/0x2c
Jul 13 00:43:47 kria kernel:  dump_stack_lvl+0x68/0x84
Jul 13 00:43:47 kria kernel:  dump_stack+0x18/0x34
Jul 13 00:43:47 kria kernel:  __might_resched+0x15c/0x1c0
Jul 13 00:43:47 kria kernel:  rt_spin_lock+0x38/0xd0
Jul 13 00:43:47 kria kernel:  alloc_pid+0x280/0x3d0
Jul 13 00:43:47 kria kernel:  copy_process+0x9fc/0x1da4
Jul 13 00:43:47 kria kernel:  kernel_clone+0x98/0x570
Jul 13 00:43:47 kria kernel:  __do_sys_clone+0x74/0xb0
Jul 13 00:43:47 kria kernel:  __arm64_sys_clone+0x28/0x34
Jul 13 00:43:47 kria kernel:  invoke_syscall+0x78/0x100
Jul 13 00:43:47 kria kernel:  el0_svc_common.constprop.0+0x54/0x184
Jul 13 00:43:47 kria kernel:  do_el0_svc+0x30/0xac
Jul 13 00:43:47 kria kernel:  el0_svc+0x28/0xb0
Jul 13 00:43:47 kria kernel:  el0t_64_sync_handler+0xa4/0x12c
Jul 13 00:43:47 kria kernel:  el0t_64_sync+0x1a4/0x1a8
Jul 13 00:43:48 kria kernel: BUG: sleeping function called from invalid context at kernel/locking/spinlock_rt.c:46
Jul 13 00:43:48 kria kernel: in_atomic(): 1, irqs_disabled(): 0, non_block: 0, pid: 3339, name: Bun Pool 0
Jul 13 00:43:48 kria kernel: preempt_count: 1, expected: 0
Jul 13 00:43:48 kria kernel: RCU nest depth: 0, expected: 0
Jul 13 00:43:48 kria kernel: Preemption disabled at:
Jul 13 00:43:48 kria kernel: [<ffffbb5f3febd338>] __radix_tree_preload+0x28/0x110
Jul 13 00:43:48 kria kernel: CPU: 0 PID: 3339 Comm: Bun Pool 0 Tainted: G        WC        5.15.199-rt91-rt-kv260 #4
Jul 13 00:43:48 kria kernel: Hardware name: ZynqMP KV260 revB (DT)
Jul 13 00:43:48 kria kernel: Call trace:
Jul 13 00:43:48 kria kernel:  dump_backtrace+0x0/0x1f0
Jul 13 00:43:48 kria kernel:  show_stack+0x20/0x2c
Jul 13 00:43:48 kria kernel:  dump_stack_lvl+0x68/0x84
Jul 13 00:43:48 kria kernel:  dump_stack+0x18/0x34
Jul 13 00:43:48 kria kernel:  __might_resched+0x15c/0x1c0
Jul 13 00:43:48 kria kernel:  rt_spin_lock+0x38/0xd0
Jul 13 00:43:48 kria kernel:  alloc_pid+0x280/0x3d0
Jul 13 00:43:48 kria kernel:  copy_process+0x9fc/0x1da4
Jul 13 00:43:48 kria kernel:  kernel_clone+0x98/0x570
Jul 13 00:43:48 kria kernel:  __do_sys_clone+0x74/0xb0
Jul 13 00:43:48 kria kernel:  __arm64_sys_clone+0x28/0x34
Jul 13 00:43:48 kria kernel:  invoke_syscall+0x78/0x100
Jul 13 00:43:48 kria kernel:  el0_svc_common.constprop.0+0x54/0x184
Jul 13 00:43:48 kria kernel:  do_el0_svc+0x30/0xac
Jul 13 00:43:48 kria kernel:  el0_svc+0x28/0xb0
Jul 13 00:43:48 kria kernel:  el0t_64_sync_handler+0xa4/0x12c
Jul 13 00:43:48 kria kernel:  el0t_64_sync+0x1a4/0x1a8
Jul 13 00:43:49 kria kernel: BUG: sleeping function called from invalid context at kernel/locking/spinlock_rt.c:46
Jul 13 00:43:49 kria kernel: in_atomic(): 1, irqs_disabled(): 0, non_block: 0, pid: 3339, name: Bun Pool 0
Jul 13 00:43:49 kria kernel: preempt_count: 1, expected: 0
Jul 13 00:43:49 kria kernel: RCU nest depth: 0, expected: 0
Jul 13 00:43:49 kria kernel: Preemption disabled at:
Jul 13 00:43:49 kria kernel: [<ffffbb5f3febd338>] __radix_tree_preload+0x28/0x110
Jul 13 00:43:49 kria kernel: CPU: 1 PID: 3339 Comm: Bun Pool 0 Tainted: G        WC        5.15.199-rt91-rt-kv260 #4
Jul 13 00:43:49 kria kernel: Hardware name: ZynqMP KV260 revB (DT)
Jul 13 00:43:49 kria kernel: Call trace:
Jul 13 00:43:49 kria kernel:  dump_backtrace+0x0/0x1f0
Jul 13 00:43:49 kria kernel:  show_stack+0x20/0x2c
Jul 13 00:43:49 kria kernel:  dump_stack_lvl+0x68/0x84
Jul 13 00:43:49 kria kernel:  dump_stack+0x18/0x34
Jul 13 00:43:49 kria kernel:  __might_resched+0x15c/0x1c0
Jul 13 00:43:49 kria kernel:  rt_spin_lock+0x38/0xd0
Jul 13 00:43:49 kria kernel:  alloc_pid+0x280/0x3d0
Jul 13 00:43:49 kria kernel:  copy_process+0x9fc/0x1da4
Jul 13 00:43:49 kria kernel:  kernel_clone+0x98/0x570
Jul 13 00:43:49 kria kernel:  __do_sys_clone+0x74/0xb0
Jul 13 00:43:49 kria kernel:  __arm64_sys_clone+0x28/0x34
Jul 13 00:43:49 kria kernel:  invoke_syscall+0x78/0x100
Jul 13 00:43:49 kria kernel:  el0_svc_common.constprop.0+0x54/0x184
Jul 13 00:43:49 kria kernel:  do_el0_svc+0x30/0xac
Jul 13 00:43:49 kria kernel:  el0_svc+0x28/0xb0
Jul 13 00:43:49 kria kernel:  el0t_64_sync_handler+0xa4/0x12c
Jul 13 00:43:49 kria kernel:  el0t_64_sync+0x1a4/0x1a8
Jul 13 00:43:52 kria kernel: BUG: sleeping function called from invalid context at kernel/locking/spinlock_rt.c:46
Jul 13 00:43:52 kria kernel: in_atomic(): 1, irqs_disabled(): 0, non_block: 0, pid: 1091, name: fancontrol
Jul 13 00:43:52 kria kernel: preempt_count: 1, expected: 0
Jul 13 00:43:52 kria kernel: RCU nest depth: 0, expected: 0
Jul 13 00:43:52 kria kernel: Preemption disabled at:
Jul 13 00:43:52 kria kernel: [<ffffbb5f3febd338>] __radix_tree_preload+0x28/0x110
Jul 13 00:43:52 kria kernel: CPU: 1 PID: 1091 Comm: fancontrol Tainted: G        WC        5.15.199-rt91-rt-kv260 #4
Jul 13 00:43:52 kria kernel: Hardware name: ZynqMP KV260 revB (DT)
Jul 13 00:43:52 kria kernel: Call trace:
Jul 13 00:43:52 kria kernel:  dump_backtrace+0x0/0x1f0
Jul 13 00:43:52 kria kernel:  show_stack+0x20/0x2c
Jul 13 00:43:52 kria kernel:  dump_stack_lvl+0x68/0x84
Jul 13 00:43:52 kria kernel:  dump_stack+0x18/0x34
Jul 13 00:43:52 kria kernel:  __might_resched+0x15c/0x1c0
Jul 13 00:43:52 kria kernel:  rt_spin_lock+0x38/0xd0
Jul 13 00:43:52 kria kernel:  alloc_pid+0x280/0x3d0
Jul 13 00:43:52 kria kernel:  copy_process+0x9fc/0x1da4
Jul 13 00:43:52 kria kernel:  kernel_clone+0x98/0x570
Jul 13 00:43:52 kria kernel:  __do_sys_clone+0x74/0xb0
Jul 13 00:43:52 kria kernel:  __arm64_sys_clone+0x28/0x34
Jul 13 00:43:52 kria kernel:  invoke_syscall+0x78/0x100
Jul 13 00:43:52 kria kernel:  el0_svc_common.constprop.0+0x54/0x184
Jul 13 00:43:52 kria kernel:  do_el0_svc+0x30/0xac
Jul 13 00:43:52 kria kernel:  el0_svc+0x28/0xb0
Jul 13 00:43:52 kria kernel:  el0t_64_sync_handler+0xa4/0x12c
Jul 13 00:43:52 kria kernel:  el0t_64_sync+0x1a4/0x1a8
Jul 13 00:43:53 kria kernel: BUG: sleeping function called from invalid context at kernel/locking/spinlock_rt.c:46
Jul 13 00:43:53 kria kernel: in_atomic(): 1, irqs_disabled(): 0, non_block: 0, pid: 2848, name: node
Jul 13 00:43:53 kria kernel: preempt_count: 1, expected: 0
Jul 13 00:43:53 kria kernel: RCU nest depth: 0, expected: 0
Jul 13 00:43:53 kria kernel: Preemption disabled at:
Jul 13 00:43:53 kria kernel: [<ffffbb5f3febd338>] __radix_tree_preload+0x28/0x110
Jul 13 00:43:53 kria kernel: CPU: 0 PID: 2848 Comm: node Tainted: G        WC        5.15.199-rt91-rt-kv260 #4
Jul 13 00:43:53 kria kernel: Hardware name: ZynqMP KV260 revB (DT)
Jul 13 00:43:53 kria kernel: Call trace:
Jul 13 00:43:53 kria kernel:  dump_backtrace+0x0/0x1f0
Jul 13 00:43:53 kria kernel:  show_stack+0x20/0x2c
Jul 13 00:43:53 kria kernel:  dump_stack_lvl+0x68/0x84
Jul 13 00:43:53 kria kernel:  dump_stack+0x18/0x34
Jul 13 00:43:53 kria kernel:  __might_resched+0x15c/0x1c0
Jul 13 00:43:53 kria kernel:  rt_spin_lock+0x38/0xd0
Jul 13 00:43:53 kria kernel:  __arm64_sys_inotify_add_watch+0x340/0x450
Jul 13 00:43:53 kria kernel:  invoke_syscall+0x78/0x100
Jul 13 00:43:53 kria kernel:  el0_svc_common.constprop.0+0x54/0x184
Jul 13 00:43:53 kria kernel:  do_el0_svc+0x30/0xac
Jul 13 00:43:53 kria kernel:  el0_svc+0x28/0xb0
Jul 13 00:43:53 kria kernel:  el0t_64_sync_handler+0xa4/0x12c
Jul 13 00:43:53 kria kernel:  el0t_64_sync+0x1a4/0x1a8
Jul 13 00:43:57 kria kernel: BUG: sleeping function called from invalid context at kernel/locking/spinlock_rt.c:46
Jul 13 00:43:57 kria kernel: in_atomic(): 1, irqs_disabled(): 0, non_block: 0, pid: 1091, name: fancontrol
Jul 13 00:43:57 kria kernel: preempt_count: 1, expected: 0
Jul 13 00:43:57 kria kernel: RCU nest depth: 0, expected: 0
Jul 13 00:43:57 kria kernel: Preemption disabled at:
Jul 13 00:43:57 kria kernel: [<ffffbb5f3febd338>] __radix_tree_preload+0x28/0x110
Jul 13 00:43:57 kria kernel: CPU: 0 PID: 1091 Comm: fancontrol Tainted: G        WC        5.15.199-rt91-rt-kv260 #4
Jul 13 00:43:57 kria kernel: Hardware name: ZynqMP KV260 revB (DT)
Jul 13 00:43:57 kria kernel: Call trace:
Jul 13 00:43:57 kria kernel:  dump_backtrace+0x0/0x1f0
Jul 13 00:43:57 kria kernel:  show_stack+0x20/0x2c
Jul 13 00:43:57 kria kernel:  dump_stack_lvl+0x68/0x84
Jul 13 00:43:57 kria kernel:  dump_stack+0x18/0x34
Jul 13 00:43:57 kria kernel:  __might_resched+0x15c/0x1c0
Jul 13 00:43:57 kria kernel:  rt_spin_lock+0x38/0xd0
Jul 13 00:43:57 kria kernel:  alloc_pid+0x280/0x3d0
Jul 13 00:43:57 kria kernel:  copy_process+0x9fc/0x1da4
Jul 13 00:43:57 kria kernel:  kernel_clone+0x98/0x570
Jul 13 00:43:57 kria kernel:  __do_sys_clone+0x74/0xb0
Jul 13 00:43:57 kria kernel:  __arm64_sys_clone+0x28/0x34
Jul 13 00:43:57 kria kernel:  invoke_syscall+0x78/0x100
Jul 13 00:43:57 kria kernel:  el0_svc_common.constprop.0+0x54/0x184
Jul 13 00:43:57 kria kernel:  do_el0_svc+0x30/0xac
Jul 13 00:43:57 kria kernel:  el0_svc+0x28/0xb0
Jul 13 00:43:57 kria kernel:  el0t_64_sync_handler+0xa4/0x12c
Jul 13 00:43:57 kria kernel:  el0t_64_sync+0x1a4/0x1a8
Jul 13 00:44:02 kria kernel: BUG: sleeping function called from invalid context at kernel/locking/spinlock_rt.c:46
Jul 13 00:44:02 kria kernel: in_atomic(): 1, irqs_disabled(): 0, non_block: 0, pid: 1091, name: fancontrol
Jul 13 00:44:02 kria kernel: preempt_count: 1, expected: 0
Jul 13 00:44:02 kria kernel: RCU nest depth: 0, expected: 0
Jul 13 00:44:02 kria kernel: Preemption disabled at:
Jul 13 00:44:02 kria kernel: [<ffffbb5f3febd338>] __radix_tree_preload+0x28/0x110
Jul 13 00:44:02 kria kernel: CPU: 0 PID: 1091 Comm: fancontrol Tainted: G        WC        5.15.199-rt91-rt-kv260 #4
Jul 13 00:44:02 kria kernel: Hardware name: ZynqMP KV260 revB (DT)
Jul 13 00:44:02 kria kernel: Call trace:
Jul 13 00:44:02 kria kernel:  dump_backtrace+0x0/0x1f0
Jul 13 00:44:02 kria kernel:  show_stack+0x20/0x2c
Jul 13 00:44:02 kria kernel:  dump_stack_lvl+0x68/0x84
Jul 13 00:44:02 kria kernel:  dump_stack+0x18/0x34
Jul 13 00:44:02 kria kernel:  __might_resched+0x15c/0x1c0
Jul 13 00:44:02 kria kernel:  rt_spin_lock+0x38/0xd0
Jul 13 00:44:02 kria kernel:  alloc_pid+0x280/0x3d0
Jul 13 00:44:02 kria kernel:  copy_process+0x9fc/0x1da4
Jul 13 00:44:02 kria kernel:  kernel_clone+0x98/0x570
Jul 13 00:44:02 kria kernel:  __do_sys_clone+0x74/0xb0
Jul 13 00:44:02 kria kernel:  __arm64_sys_clone+0x28/0x34
Jul 13 00:44:02 kria kernel:  invoke_syscall+0x78/0x100
Jul 13 00:44:02 kria kernel:  el0_svc_common.constprop.0+0x54/0x184
Jul 13 00:44:02 kria kernel:  do_el0_svc+0x30/0xac
Jul 13 00:44:02 kria kernel:  el0_svc+0x28/0xb0
Jul 13 00:44:02 kria kernel:  el0t_64_sync_handler+0xa4/0x12c
Jul 13 00:44:02 kria kernel:  el0t_64_sync+0x1a4/0x1a8
Jul 13 00:44:07 kria kernel: BUG: sleeping function called from invalid context at kernel/locking/spinlock_rt.c:46
Jul 13 00:44:07 kria kernel: in_atomic(): 1, irqs_disabled(): 0, non_block: 0, pid: 1091, name: fancontrol
Jul 13 00:44:07 kria kernel: preempt_count: 1, expected: 0
Jul 13 00:44:07 kria kernel: RCU nest depth: 0, expected: 0
Jul 13 00:44:07 kria kernel: Preemption disabled at:
Jul 13 00:44:07 kria kernel: [<ffffbb5f3febd338>] __radix_tree_preload+0x28/0x110
Jul 13 00:44:07 kria kernel: CPU: 3 PID: 1091 Comm: fancontrol Tainted: G        WC        5.15.199-rt91-rt-kv260 #4
Jul 13 00:44:07 kria kernel: Hardware name: ZynqMP KV260 revB (DT)
Jul 13 00:44:07 kria kernel: Call trace:
Jul 13 00:44:07 kria kernel:  dump_backtrace+0x0/0x1f0
Jul 13 00:44:07 kria kernel:  show_stack+0x20/0x2c
Jul 13 00:44:07 kria kernel:  dump_stack_lvl+0x68/0x84
Jul 13 00:44:07 kria kernel:  dump_stack+0x18/0x34
Jul 13 00:44:07 kria kernel:  __might_resched+0x15c/0x1c0
Jul 13 00:44:07 kria kernel:  rt_spin_lock+0x38/0xd0
Jul 13 00:44:07 kria kernel:  alloc_pid+0x280/0x3d0
Jul 13 00:44:07 kria kernel:  copy_process+0x9fc/0x1da4
Jul 13 00:44:07 kria kernel:  kernel_clone+0x98/0x570
Jul 13 00:44:07 kria kernel:  __do_sys_clone+0x74/0xb0
Jul 13 00:44:07 kria kernel:  __arm64_sys_clone+0x28/0x34
Jul 13 00:44:07 kria kernel:  invoke_syscall+0x78/0x100
Jul 13 00:44:07 kria kernel:  el0_svc_common.constprop.0+0x54/0x184
Jul 13 00:44:07 kria kernel:  do_el0_svc+0x30/0xac
Jul 13 00:44:07 kria kernel:  el0_svc+0x28/0xb0
Jul 13 00:44:07 kria kernel:  el0t_64_sync_handler+0xa4/0x12c
Jul 13 00:44:07 kria kernel:  el0t_64_sync+0x1a4/0x1a8
Jul 13 00:44:12 kria kernel: BUG: sleeping function called from invalid context at kernel/locking/spinlock_rt.c:46
Jul 13 00:44:12 kria kernel: in_atomic(): 1, irqs_disabled(): 0, non_block: 0, pid: 1091, name: fancontrol
Jul 13 00:44:12 kria kernel: preempt_count: 1, expected: 0
Jul 13 00:44:12 kria kernel: RCU nest depth: 0, expected: 0
Jul 13 00:44:12 kria kernel: Preemption disabled at:
Jul 13 00:44:12 kria kernel: [<ffffbb5f3febd338>] __radix_tree_preload+0x28/0x110
Jul 13 00:44:12 kria kernel: CPU: 0 PID: 1091 Comm: fancontrol Tainted: G        WC        5.15.199-rt91-rt-kv260 #4
Jul 13 00:44:12 kria kernel: Hardware name: ZynqMP KV260 revB (DT)
Jul 13 00:44:12 kria kernel: Call trace:
Jul 13 00:44:12 kria kernel:  dump_backtrace+0x0/0x1f0
Jul 13 00:44:12 kria kernel:  show_stack+0x20/0x2c
Jul 13 00:44:12 kria kernel:  dump_stack_lvl+0x68/0x84
Jul 13 00:44:12 kria kernel:  dump_stack+0x18/0x34
Jul 13 00:44:12 kria kernel:  __might_resched+0x15c/0x1c0
Jul 13 00:44:12 kria kernel:  rt_spin_lock+0x38/0xd0
Jul 13 00:44:12 kria kernel:  alloc_pid+0x280/0x3d0
Jul 13 00:44:12 kria kernel:  copy_process+0x9fc/0x1da4
Jul 13 00:44:12 kria kernel:  kernel_clone+0x98/0x570
Jul 13 00:44:12 kria kernel:  __do_sys_clone+0x74/0xb0
Jul 13 00:44:12 kria kernel:  __arm64_sys_clone+0x28/0x34
Jul 13 00:44:12 kria kernel:  invoke_syscall+0x78/0x100
Jul 13 00:44:12 kria kernel:  el0_svc_common.constprop.0+0x54/0x184
Jul 13 00:44:12 kria kernel:  do_el0_svc+0x30/0xac
Jul 13 00:44:12 kria kernel:  el0_svc+0x28/0xb0
Jul 13 00:44:12 kria kernel:  el0t_64_sync_handler+0xa4/0x12c
Jul 13 00:44:12 kria kernel:  el0t_64_sync+0x1a4/0x1a8
Jul 13 00:44:17 kria kernel: BUG: sleeping function called from invalid context at kernel/locking/spinlock_rt.c:46
Jul 13 00:44:17 kria kernel: in_atomic(): 1, irqs_disabled(): 0, non_block: 0, pid: 1091, name: fancontrol
Jul 13 00:44:17 kria kernel: preempt_count: 1, expected: 0
Jul 13 00:44:17 kria kernel: RCU nest depth: 0, expected: 0
Jul 13 00:44:17 kria kernel: Preemption disabled at:
Jul 13 00:44:17 kria kernel: [<ffffbb5f3febd338>] __radix_tree_preload+0x28/0x110
Jul 13 00:44:17 kria kernel: CPU: 3 PID: 1091 Comm: fancontrol Tainted: G        WC        5.15.199-rt91-rt-kv260 #4
Jul 13 00:44:17 kria kernel: Hardware name: ZynqMP KV260 revB (DT)
Jul 13 00:44:17 kria kernel: Call trace:
Jul 13 00:44:17 kria kernel:  dump_backtrace+0x0/0x1f0
Jul 13 00:44:17 kria kernel:  show_stack+0x20/0x2c
Jul 13 00:44:17 kria kernel:  dump_stack_lvl+0x68/0x84
Jul 13 00:44:17 kria kernel:  dump_stack+0x18/0x34
Jul 13 00:44:17 kria kernel:  __might_resched+0x15c/0x1c0
Jul 13 00:44:17 kria kernel:  rt_spin_lock+0x38/0xd0
Jul 13 00:44:17 kria kernel:  alloc_pid+0x280/0x3d0
Jul 13 00:44:17 kria kernel:  copy_process+0x9fc/0x1da4
Jul 13 00:44:17 kria kernel:  kernel_clone+0x98/0x570
Jul 13 00:44:17 kria kernel:  __do_sys_clone+0x74/0xb0
Jul 13 00:44:17 kria kernel:  __arm64_sys_clone+0x28/0x34
Jul 13 00:44:17 kria kernel:  invoke_syscall+0x78/0x100
Jul 13 00:44:17 kria kernel:  el0_svc_common.constprop.0+0x54/0x184
Jul 13 00:44:17 kria kernel:  do_el0_svc+0x30/0xac
Jul 13 00:44:17 kria kernel:  el0_svc+0x28/0xb0
Jul 13 00:44:17 kria kernel:  el0t_64_sync_handler+0xa4/0x12c
Jul 13 00:44:17 kria kernel:  el0t_64_sync+0x1a4/0x1a8
Jul 13 00:44:22 kria kernel: BUG: sleeping function called from invalid context at kernel/locking/spinlock_rt.c:46
Jul 13 00:44:22 kria kernel: in_atomic(): 1, irqs_disabled(): 0, non_block: 0, pid: 1091, name: fancontrol
Jul 13 00:44:22 kria kernel: preempt_count: 1, expected: 0
Jul 13 00:44:22 kria kernel: RCU nest depth: 0, expected: 0
Jul 13 00:44:22 kria kernel: Preemption disabled at:
Jul 13 00:44:22 kria kernel: [<ffffbb5f3febd338>] __radix_tree_preload+0x28/0x110
Jul 13 00:44:22 kria kernel: CPU: 0 PID: 1091 Comm: fancontrol Tainted: G        WC        5.15.199-rt91-rt-kv260 #4
Jul 13 00:44:22 kria kernel: Hardware name: ZynqMP KV260 revB (DT)
Jul 13 00:44:22 kria kernel: Call trace:
Jul 13 00:44:22 kria kernel:  dump_backtrace+0x0/0x1f0
Jul 13 00:44:22 kria kernel:  show_stack+0x20/0x2c
Jul 13 00:44:22 kria kernel:  dump_stack_lvl+0x68/0x84
Jul 13 00:44:22 kria kernel:  dump_stack+0x18/0x34
Jul 13 00:44:22 kria kernel:  __might_resched+0x15c/0x1c0
Jul 13 00:44:22 kria kernel:  rt_spin_lock+0x38/0xd0
Jul 13 00:44:22 kria kernel:  alloc_pid+0x280/0x3d0
Jul 13 00:44:22 kria kernel:  copy_process+0x9fc/0x1da4
Jul 13 00:44:22 kria kernel:  kernel_clone+0x98/0x570
Jul 13 00:44:22 kria kernel:  __do_sys_clone+0x74/0xb0
Jul 13 00:44:22 kria kernel:  __arm64_sys_clone+0x28/0x34
Jul 13 00:44:22 kria kernel:  invoke_syscall+0x78/0x100
Jul 13 00:44:22 kria kernel:  el0_svc_common.constprop.0+0x54/0x184
Jul 13 00:44:22 kria kernel:  do_el0_svc+0x30/0xac
Jul 13 00:44:22 kria kernel:  el0_svc+0x28/0xb0
Jul 13 00:44:22 kria kernel:  el0t_64_sync_handler+0xa4/0x12c
Jul 13 00:44:22 kria kernel:  el0t_64_sync+0x1a4/0x1a8
Jul 13 00:44:27 kria kernel: BUG: sleeping function called from invalid context at kernel/locking/spinlock_rt.c:46
Jul 13 00:44:27 kria kernel: in_atomic(): 1, irqs_disabled(): 0, non_block: 0, pid: 1091, name: fancontrol
Jul 13 00:44:27 kria kernel: preempt_count: 1, expected: 0
Jul 13 00:44:27 kria kernel: RCU nest depth: 0, expected: 0
Jul 13 00:44:27 kria kernel: Preemption disabled at:
Jul 13 00:44:27 kria kernel: [<ffffbb5f3febd338>] __radix_tree_preload+0x28/0x110
Jul 13 00:44:27 kria kernel: CPU: 2 PID: 1091 Comm: fancontrol Tainted: G        WC        5.15.199-rt91-rt-kv260 #4
Jul 13 00:44:27 kria kernel: Hardware name: ZynqMP KV260 revB (DT)
Jul 13 00:44:27 kria kernel: Call trace:
Jul 13 00:44:27 kria kernel:  dump_backtrace+0x0/0x1f0
Jul 13 00:44:27 kria kernel:  show_stack+0x20/0x2c
Jul 13 00:44:27 kria kernel:  dump_stack_lvl+0x68/0x84
Jul 13 00:44:27 kria kernel:  dump_stack+0x18/0x34
Jul 13 00:44:27 kria kernel:  __might_resched+0x15c/0x1c0
Jul 13 00:44:27 kria kernel:  rt_spin_lock+0x38/0xd0
Jul 13 00:44:27 kria kernel:  alloc_pid+0x280/0x3d0
Jul 13 00:44:27 kria kernel:  copy_process+0x9fc/0x1da4
Jul 13 00:44:27 kria kernel:  kernel_clone+0x98/0x570
Jul 13 00:44:27 kria kernel:  __do_sys_clone+0x74/0xb0
Jul 13 00:44:27 kria kernel:  __arm64_sys_clone+0x28/0x34
Jul 13 00:44:27 kria kernel:  invoke_syscall+0x78/0x100
Jul 13 00:44:27 kria kernel:  el0_svc_common.constprop.0+0x54/0x184
Jul 13 00:44:27 kria kernel:  do_el0_svc+0x30/0xac
Jul 13 00:44:27 kria kernel:  el0_svc+0x28/0xb0
Jul 13 00:44:27 kria kernel:  el0t_64_sync_handler+0xa4/0x12c
Jul 13 00:44:27 kria kernel:  el0t_64_sync+0x1a4/0x1a8
Jul 13 00:44:32 kria kernel: BUG: sleeping function called from invalid context at kernel/locking/spinlock_rt.c:46
Jul 13 00:44:32 kria kernel: in_atomic(): 1, irqs_disabled(): 0, non_block: 0, pid: 1091, name: fancontrol
Jul 13 00:44:32 kria kernel: preempt_count: 1, expected: 0
Jul 13 00:44:32 kria kernel: RCU nest depth: 0, expected: 0
Jul 13 00:44:32 kria kernel: Preemption disabled at:
Jul 13 00:44:32 kria kernel: [<ffffbb5f3febd338>] __radix_tree_preload+0x28/0x110
Jul 13 00:44:32 kria kernel: CPU: 3 PID: 1091 Comm: fancontrol Tainted: G        WC        5.15.199-rt91-rt-kv260 #4
Jul 13 00:44:32 kria kernel: Hardware name: ZynqMP KV260 revB (DT)
Jul 13 00:44:32 kria kernel: Call trace:
Jul 13 00:44:32 kria kernel:  dump_backtrace+0x0/0x1f0
Jul 13 00:44:32 kria kernel:  show_stack+0x20/0x2c
Jul 13 00:44:32 kria kernel:  dump_stack_lvl+0x68/0x84
Jul 13 00:44:32 kria kernel:  dump_stack+0x18/0x34
Jul 13 00:44:32 kria kernel:  __might_resched+0x15c/0x1c0
Jul 13 00:44:32 kria kernel:  rt_spin_lock+0x38/0xd0
Jul 13 00:44:32 kria kernel:  alloc_pid+0x280/0x3d0
Jul 13 00:44:32 kria kernel:  copy_process+0x9fc/0x1da4
Jul 13 00:44:32 kria kernel:  kernel_clone+0x98/0x570
Jul 13 00:44:32 kria kernel:  __do_sys_clone+0x74/0xb0
Jul 13 00:44:32 kria kernel:  __arm64_sys_clone+0x28/0x34
Jul 13 00:44:32 kria kernel:  invoke_syscall+0x78/0x100
Jul 13 00:44:32 kria kernel:  el0_svc_common.constprop.0+0x54/0x184
Jul 13 00:44:32 kria kernel:  do_el0_svc+0x30/0xac
Jul 13 00:44:32 kria kernel:  el0_svc+0x28/0xb0
Jul 13 00:44:32 kria kernel:  el0t_64_sync_handler+0xa4/0x12c
Jul 13 00:44:32 kria kernel:  el0t_64_sync+0x1a4/0x1a8
Jul 13 00:44:37 kria kernel: BUG: sleeping function called from invalid context at kernel/locking/spinlock_rt.c:46
Jul 13 00:44:37 kria kernel: in_atomic(): 1, irqs_disabled(): 0, non_block: 0, pid: 1091, name: fancontrol
Jul 13 00:44:37 kria kernel: preempt_count: 1, expected: 0
Jul 13 00:44:37 kria kernel: RCU nest depth: 0, expected: 0
Jul 13 00:44:37 kria kernel: Preemption disabled at:
Jul 13 00:44:37 kria kernel: [<ffffbb5f3febd338>] __radix_tree_preload+0x28/0x110
Jul 13 00:44:37 kria kernel: CPU: 3 PID: 1091 Comm: fancontrol Tainted: G        WC        5.15.199-rt91-rt-kv260 #4
Jul 13 00:44:37 kria kernel: Hardware name: ZynqMP KV260 revB (DT)
Jul 13 00:44:37 kria kernel: Call trace:
Jul 13 00:44:37 kria kernel:  dump_backtrace+0x0/0x1f0
Jul 13 00:44:37 kria kernel:  show_stack+0x20/0x2c
Jul 13 00:44:37 kria kernel:  dump_stack_lvl+0x68/0x84
Jul 13 00:44:37 kria kernel:  dump_stack+0x18/0x34
Jul 13 00:44:37 kria kernel:  __might_resched+0x15c/0x1c0
Jul 13 00:44:37 kria kernel:  rt_spin_lock+0x38/0xd0
Jul 13 00:44:37 kria kernel:  alloc_pid+0x280/0x3d0
Jul 13 00:44:37 kria kernel:  copy_process+0x9fc/0x1da4
Jul 13 00:44:37 kria kernel:  kernel_clone+0x98/0x570
Jul 13 00:44:37 kria kernel:  __do_sys_clone+0x74/0xb0
Jul 13 00:44:37 kria kernel:  __arm64_sys_clone+0x28/0x34
Jul 13 00:44:37 kria kernel:  invoke_syscall+0x78/0x100
Jul 13 00:44:37 kria kernel:  el0_svc_common.constprop.0+0x54/0x184
Jul 13 00:44:37 kria kernel:  do_el0_svc+0x30/0xac
Jul 13 00:44:37 kria kernel:  el0_svc+0x28/0xb0
Jul 13 00:44:37 kria kernel:  el0t_64_sync_handler+0xa4/0x12c
Jul 13 00:44:37 kria kernel:  el0t_64_sync+0x1a4/0x1a8
Jul 13 00:44:42 kria kernel: BUG: sleeping function called from invalid context at kernel/locking/spinlock_rt.c:46
Jul 13 00:44:42 kria kernel: in_atomic(): 1, irqs_disabled(): 0, non_block: 0, pid: 1091, name: fancontrol
Jul 13 00:44:42 kria kernel: preempt_count: 1, expected: 0
Jul 13 00:44:42 kria kernel: RCU nest depth: 0, expected: 0
Jul 13 00:44:42 kria kernel: Preemption disabled at:
Jul 13 00:44:42 kria kernel: [<ffffbb5f3febd338>] __radix_tree_preload+0x28/0x110
Jul 13 00:44:42 kria kernel: CPU: 1 PID: 1091 Comm: fancontrol Tainted: G        WC        5.15.199-rt91-rt-kv260 #4
Jul 13 00:44:42 kria kernel: Hardware name: ZynqMP KV260 revB (DT)
Jul 13 00:44:42 kria kernel: Call trace:
Jul 13 00:44:42 kria kernel:  dump_backtrace+0x0/0x1f0
Jul 13 00:44:42 kria kernel:  show_stack+0x20/0x2c
Jul 13 00:44:42 kria kernel:  dump_stack_lvl+0x68/0x84
Jul 13 00:44:42 kria kernel:  dump_stack+0x18/0x34
Jul 13 00:44:42 kria kernel:  __might_resched+0x15c/0x1c0
Jul 13 00:44:42 kria kernel:  rt_spin_lock+0x38/0xd0
Jul 13 00:44:42 kria kernel:  alloc_pid+0x280/0x3d0
Jul 13 00:44:42 kria kernel:  copy_process+0x9fc/0x1da4
Jul 13 00:44:42 kria kernel:  kernel_clone+0x98/0x570
Jul 13 00:44:42 kria kernel:  __do_sys_clone+0x74/0xb0
Jul 13 00:44:42 kria kernel:  __arm64_sys_clone+0x28/0x34
Jul 13 00:44:42 kria kernel:  invoke_syscall+0x78/0x100
Jul 13 00:44:42 kria kernel:  el0_svc_common.constprop.0+0x54/0x184
Jul 13 00:44:42 kria kernel:  do_el0_svc+0x30/0xac
Jul 13 00:44:42 kria kernel:  el0_svc+0x28/0xb0
Jul 13 00:44:42 kria kernel:  el0t_64_sync_handler+0xa4/0x12c
Jul 13 00:44:42 kria kernel:  el0t_64_sync+0x1a4/0x1a8
Jul 13 00:44:47 kria kernel: BUG: sleeping function called from invalid context at kernel/locking/spinlock_rt.c:46
Jul 13 00:44:47 kria kernel: in_atomic(): 1, irqs_disabled(): 0, non_block: 0, pid: 1091, name: fancontrol
Jul 13 00:44:47 kria kernel: preempt_count: 1, expected: 0
Jul 13 00:44:47 kria kernel: RCU nest depth: 0, expected: 0
Jul 13 00:44:47 kria kernel: Preemption disabled at:
Jul 13 00:44:47 kria kernel: [<ffffbb5f3febd338>] __radix_tree_preload+0x28/0x110
Jul 13 00:44:47 kria kernel: CPU: 3 PID: 1091 Comm: fancontrol Tainted: G        WC        5.15.199-rt91-rt-kv260 #4
Jul 13 00:44:47 kria kernel: Hardware name: ZynqMP KV260 revB (DT)
Jul 13 00:44:47 kria kernel: Call trace:
Jul 13 00:44:47 kria kernel:  dump_backtrace+0x0/0x1f0
Jul 13 00:44:47 kria kernel:  show_stack+0x20/0x2c
Jul 13 00:44:47 kria kernel:  dump_stack_lvl+0x68/0x84
Jul 13 00:44:47 kria kernel:  dump_stack+0x18/0x34
Jul 13 00:44:47 kria kernel:  __might_resched+0x15c/0x1c0
Jul 13 00:44:47 kria kernel:  rt_spin_lock+0x38/0xd0
Jul 13 00:44:47 kria kernel:  alloc_pid+0x280/0x3d0
Jul 13 00:44:47 kria kernel:  copy_process+0x9fc/0x1da4
Jul 13 00:44:47 kria kernel:  kernel_clone+0x98/0x570
Jul 13 00:44:47 kria kernel:  __do_sys_clone+0x74/0xb0
Jul 13 00:44:47 kria kernel:  __arm64_sys_clone+0x28/0x34
Jul 13 00:44:47 kria kernel:  invoke_syscall+0x78/0x100
Jul 13 00:44:47 kria kernel:  el0_svc_common.constprop.0+0x54/0x184
Jul 13 00:44:47 kria kernel:  do_el0_svc+0x30/0xac
Jul 13 00:44:47 kria kernel:  el0_svc+0x28/0xb0
Jul 13 00:44:47 kria kernel:  el0t_64_sync_handler+0xa4/0x12c
Jul 13 00:44:47 kria kernel:  el0t_64_sync+0x1a4/0x1a8
Jul 13 00:44:52 kria kernel: BUG: sleeping function called from invalid context at kernel/locking/spinlock_rt.c:46
Jul 13 00:44:52 kria kernel: in_atomic(): 1, irqs_disabled(): 0, non_block: 0, pid: 1091, name: fancontrol
Jul 13 00:44:52 kria kernel: preempt_count: 1, expected: 0
Jul 13 00:44:52 kria kernel: RCU nest depth: 0, expected: 0
Jul 13 00:44:52 kria kernel: Preemption disabled at:
Jul 13 00:44:52 kria kernel: [<ffffbb5f3febd338>] __radix_tree_preload+0x28/0x110
Jul 13 00:44:52 kria kernel: CPU: 3 PID: 1091 Comm: fancontrol Tainted: G        WC        5.15.199-rt91-rt-kv260 #4
Jul 13 00:44:52 kria kernel: Hardware name: ZynqMP KV260 revB (DT)
Jul 13 00:44:52 kria kernel: Call trace:
Jul 13 00:44:52 kria kernel:  dump_backtrace+0x0/0x1f0
Jul 13 00:44:52 kria kernel:  show_stack+0x20/0x2c
Jul 13 00:44:52 kria kernel:  dump_stack_lvl+0x68/0x84
Jul 13 00:44:52 kria kernel:  dump_stack+0x18/0x34
Jul 13 00:44:52 kria kernel:  __might_resched+0x15c/0x1c0
Jul 13 00:44:52 kria kernel:  rt_spin_lock+0x38/0xd0
Jul 13 00:44:52 kria kernel:  alloc_pid+0x280/0x3d0
Jul 13 00:44:52 kria kernel:  copy_process+0x9fc/0x1da4
Jul 13 00:44:52 kria kernel:  kernel_clone+0x98/0x570
Jul 13 00:44:52 kria kernel:  __do_sys_clone+0x74/0xb0
Jul 13 00:44:52 kria kernel:  __arm64_sys_clone+0x28/0x34
Jul 13 00:44:52 kria kernel:  invoke_syscall+0x78/0x100
Jul 13 00:44:52 kria kernel:  el0_svc_common.constprop.0+0x54/0x184
Jul 13 00:44:52 kria kernel:  do_el0_svc+0x30/0xac
Jul 13 00:44:52 kria kernel:  el0_svc+0x28/0xb0
Jul 13 00:44:52 kria kernel:  el0t_64_sync_handler+0xa4/0x12c
Jul 13 00:44:52 kria kernel:  el0t_64_sync+0x1a4/0x1a8
Jul 13 00:44:57 kria kernel: BUG: sleeping function called from invalid context at kernel/locking/spinlock_rt.c:46
Jul 13 00:44:57 kria kernel: in_atomic(): 1, irqs_disabled(): 0, non_block: 0, pid: 1091, name: fancontrol
Jul 13 00:44:57 kria kernel: preempt_count: 1, expected: 0
Jul 13 00:44:57 kria kernel: RCU nest depth: 0, expected: 0
Jul 13 00:44:57 kria kernel: Preemption disabled at:
Jul 13 00:44:57 kria kernel: [<ffffbb5f3febd338>] __radix_tree_preload+0x28/0x110
Jul 13 00:44:57 kria kernel: CPU: 1 PID: 1091 Comm: fancontrol Tainted: G        WC        5.15.199-rt91-rt-kv260 #4
Jul 13 00:44:57 kria kernel: Hardware name: ZynqMP KV260 revB (DT)
Jul 13 00:44:57 kria kernel: Call trace:
Jul 13 00:44:57 kria kernel:  dump_backtrace+0x0/0x1f0
Jul 13 00:44:57 kria kernel:  show_stack+0x20/0x2c
Jul 13 00:44:57 kria kernel:  dump_stack_lvl+0x68/0x84
Jul 13 00:44:57 kria kernel:  dump_stack+0x18/0x34
Jul 13 00:44:57 kria kernel:  __might_resched+0x15c/0x1c0
Jul 13 00:44:57 kria kernel:  rt_spin_lock+0x38/0xd0
Jul 13 00:44:57 kria kernel:  alloc_pid+0x280/0x3d0
Jul 13 00:44:57 kria kernel:  copy_process+0x9fc/0x1da4
Jul 13 00:44:57 kria kernel:  kernel_clone+0x98/0x570
Jul 13 00:44:57 kria kernel:  __do_sys_clone+0x74/0xb0
Jul 13 00:44:57 kria kernel:  __arm64_sys_clone+0x28/0x34
Jul 13 00:44:57 kria kernel:  invoke_syscall+0x78/0x100
Jul 13 00:44:57 kria kernel:  el0_svc_common.constprop.0+0x54/0x184
Jul 13 00:44:57 kria kernel:  do_el0_svc+0x30/0xac
Jul 13 00:44:57 kria kernel:  el0_svc+0x28/0xb0
Jul 13 00:44:57 kria kernel:  el0t_64_sync_handler+0xa4/0x12c
Jul 13 00:44:57 kria kernel:  el0t_64_sync+0x1a4/0x1a8
Jul 13 00:45:02 kria kernel: BUG: sleeping function called from invalid context at kernel/locking/spinlock_rt.c:46
Jul 13 00:45:02 kria kernel: in_atomic(): 1, irqs_disabled(): 0, non_block: 0, pid: 1091, name: fancontrol
Jul 13 00:45:02 kria kernel: preempt_count: 1, expected: 0
Jul 13 00:45:02 kria kernel: RCU nest depth: 0, expected: 0
Jul 13 00:45:02 kria kernel: Preemption disabled at:
Jul 13 00:45:02 kria kernel: [<ffffbb5f3febd338>] __radix_tree_preload+0x28/0x110
Jul 13 00:45:02 kria kernel: CPU: 1 PID: 1091 Comm: fancontrol Tainted: G        WC        5.15.199-rt91-rt-kv260 #4
Jul 13 00:45:02 kria kernel: Hardware name: ZynqMP KV260 revB (DT)
Jul 13 00:45:02 kria kernel: Call trace:
Jul 13 00:45:02 kria kernel:  dump_backtrace+0x0/0x1f0
Jul 13 00:45:02 kria kernel:  show_stack+0x20/0x2c
Jul 13 00:45:02 kria kernel:  dump_stack_lvl+0x68/0x84
Jul 13 00:45:02 kria kernel:  dump_stack+0x18/0x34
Jul 13 00:45:02 kria kernel:  __might_resched+0x15c/0x1c0
Jul 13 00:45:02 kria kernel:  rt_spin_lock+0x38/0xd0
Jul 13 00:45:02 kria kernel:  alloc_pid+0x280/0x3d0
Jul 13 00:45:02 kria kernel:  copy_process+0x9fc/0x1da4
Jul 13 00:45:02 kria kernel:  kernel_clone+0x98/0x570
Jul 13 00:45:02 kria kernel:  __do_sys_clone+0x74/0xb0
Jul 13 00:45:02 kria kernel:  __arm64_sys_clone+0x28/0x34
Jul 13 00:45:02 kria kernel:  invoke_syscall+0x78/0x100
Jul 13 00:45:02 kria kernel:  el0_svc_common.constprop.0+0x54/0x184
Jul 13 00:45:02 kria kernel:  do_el0_svc+0x30/0xac
Jul 13 00:45:02 kria kernel:  el0_svc+0x28/0xb0
Jul 13 00:45:02 kria kernel:  el0t_64_sync_handler+0xa4/0x12c
Jul 13 00:45:02 kria kernel:  el0t_64_sync+0x1a4/0x1a8
Jul 13 00:45:07 kria kernel: BUG: sleeping function called from invalid context at kernel/locking/spinlock_rt.c:46
Jul 13 00:45:07 kria kernel: in_atomic(): 1, irqs_disabled(): 0, non_block: 0, pid: 1091, name: fancontrol
Jul 13 00:45:07 kria kernel: preempt_count: 1, expected: 0
Jul 13 00:45:07 kria kernel: RCU nest depth: 0, expected: 0
Jul 13 00:45:07 kria kernel: Preemption disabled at:
Jul 13 00:45:07 kria kernel: [<ffffbb5f3febd338>] __radix_tree_preload+0x28/0x110
Jul 13 00:45:07 kria kernel: CPU: 3 PID: 1091 Comm: fancontrol Tainted: G        WC        5.15.199-rt91-rt-kv260 #4
Jul 13 00:45:07 kria kernel: Hardware name: ZynqMP KV260 revB (DT)
Jul 13 00:45:07 kria kernel: Call trace:
Jul 13 00:45:07 kria kernel:  dump_backtrace+0x0/0x1f0
Jul 13 00:45:07 kria kernel:  show_stack+0x20/0x2c
Jul 13 00:45:07 kria kernel:  dump_stack_lvl+0x68/0x84
Jul 13 00:45:07 kria kernel:  dump_stack+0x18/0x34
Jul 13 00:45:07 kria kernel:  __might_resched+0x15c/0x1c0
Jul 13 00:45:07 kria kernel:  rt_spin_lock+0x38/0xd0
Jul 13 00:45:07 kria kernel:  alloc_pid+0x280/0x3d0
Jul 13 00:45:07 kria kernel:  copy_process+0x9fc/0x1da4
Jul 13 00:45:07 kria kernel:  kernel_clone+0x98/0x570
Jul 13 00:45:07 kria kernel:  __do_sys_clone+0x74/0xb0
Jul 13 00:45:07 kria kernel:  __arm64_sys_clone+0x28/0x34
Jul 13 00:45:07 kria kernel:  invoke_syscall+0x78/0x100
Jul 13 00:45:07 kria kernel:  el0_svc_common.constprop.0+0x54/0x184
Jul 13 00:45:07 kria kernel:  do_el0_svc+0x30/0xac
Jul 13 00:45:07 kria kernel:  el0_svc+0x28/0xb0
Jul 13 00:45:07 kria kernel:  el0t_64_sync_handler+0xa4/0x12c
Jul 13 00:45:07 kria kernel:  el0t_64_sync+0x1a4/0x1a8
Jul 13 00:45:12 kria kernel: BUG: sleeping function called from invalid context at kernel/locking/spinlock_rt.c:46
Jul 13 00:45:12 kria kernel: in_atomic(): 1, irqs_disabled(): 0, non_block: 0, pid: 1091, name: fancontrol
Jul 13 00:45:12 kria kernel: preempt_count: 1, expected: 0
Jul 13 00:45:12 kria kernel: RCU nest depth: 0, expected: 0
Jul 13 00:45:12 kria kernel: Preemption disabled at:
Jul 13 00:45:12 kria kernel: [<ffffbb5f3febd338>] __radix_tree_preload+0x28/0x110
Jul 13 00:45:12 kria kernel: CPU: 3 PID: 1091 Comm: fancontrol Tainted: G        WC        5.15.199-rt91-rt-kv260 #4
Jul 13 00:45:12 kria kernel: Hardware name: ZynqMP KV260 revB (DT)
Jul 13 00:45:12 kria kernel: Call trace:
Jul 13 00:45:12 kria kernel:  dump_backtrace+0x0/0x1f0
Jul 13 00:45:12 kria kernel:  show_stack+0x20/0x2c
Jul 13 00:45:12 kria kernel:  dump_stack_lvl+0x68/0x84
Jul 13 00:45:12 kria kernel:  dump_stack+0x18/0x34
Jul 13 00:45:12 kria kernel:  __might_resched+0x15c/0x1c0
Jul 13 00:45:12 kria kernel:  rt_spin_lock+0x38/0xd0
Jul 13 00:45:12 kria kernel:  alloc_pid+0x280/0x3d0
Jul 13 00:45:12 kria kernel:  copy_process+0x9fc/0x1da4
Jul 13 00:45:12 kria kernel:  kernel_clone+0x98/0x570
Jul 13 00:45:12 kria kernel:  __do_sys_clone+0x74/0xb0
Jul 13 00:45:12 kria kernel:  __arm64_sys_clone+0x28/0x34
Jul 13 00:45:12 kria kernel:  invoke_syscall+0x78/0x100
Jul 13 00:45:12 kria kernel:  el0_svc_common.constprop.0+0x54/0x184
Jul 13 00:45:12 kria kernel:  do_el0_svc+0x30/0xac
Jul 13 00:45:12 kria kernel:  el0_svc+0x28/0xb0
Jul 13 00:45:12 kria kernel:  el0t_64_sync_handler+0xa4/0x12c
Jul 13 00:45:12 kria kernel:  el0t_64_sync+0x1a4/0x1a8
Jul 13 00:45:13 kria kernel: BUG: sleeping function called from invalid context at kernel/locking/spinlock_rt.c:46
Jul 13 00:45:13 kria kernel: in_atomic(): 1, irqs_disabled(): 0, non_block: 0, pid: 2603, name: sh
Jul 13 00:45:13 kria kernel: preempt_count: 1, expected: 0
Jul 13 00:45:13 kria kernel: RCU nest depth: 0, expected: 0
Jul 13 00:45:13 kria kernel: Preemption disabled at:
Jul 13 00:45:13 kria kernel: [<ffffbb5f3febd338>] __radix_tree_preload+0x28/0x110
Jul 13 00:45:13 kria kernel: CPU: 2 PID: 2603 Comm: sh Tainted: G        WC        5.15.199-rt91-rt-kv260 #4
Jul 13 00:45:13 kria kernel: Hardware name: ZynqMP KV260 revB (DT)
Jul 13 00:45:13 kria kernel: Call trace:
Jul 13 00:45:13 kria kernel:  dump_backtrace+0x0/0x1f0
Jul 13 00:45:13 kria kernel:  show_stack+0x20/0x2c
Jul 13 00:45:13 kria kernel:  dump_stack_lvl+0x68/0x84
Jul 13 00:45:13 kria kernel:  dump_stack+0x18/0x34
Jul 13 00:45:13 kria kernel:  __might_resched+0x15c/0x1c0
Jul 13 00:45:13 kria kernel:  rt_spin_lock+0x38/0xd0
Jul 13 00:45:13 kria kernel:  alloc_pid+0x280/0x3d0
Jul 13 00:45:13 kria kernel:  copy_process+0x9fc/0x1da4
Jul 13 00:45:13 kria kernel:  kernel_clone+0x98/0x570
Jul 13 00:45:13 kria kernel:  __do_sys_clone+0x74/0xb0
Jul 13 00:45:13 kria kernel:  __arm64_sys_clone+0x28/0x34
Jul 13 00:45:13 kria kernel:  invoke_syscall+0x78/0x100
Jul 13 00:45:13 kria kernel:  el0_svc_common.constprop.0+0x54/0x184
Jul 13 00:45:13 kria kernel:  do_el0_svc+0x30/0xac
Jul 13 00:45:13 kria kernel:  el0_svc+0x28/0xb0
Jul 13 00:45:13 kria kernel:  el0t_64_sync_handler+0xa4/0x12c
Jul 13 00:45:13 kria kernel:  el0t_64_sync+0x1a4/0x1a8
Jul 13 00:45:17 kria kernel: BUG: sleeping function called from invalid context at kernel/locking/spinlock_rt.c:46
Jul 13 00:45:17 kria kernel: in_atomic(): 1, irqs_disabled(): 0, non_block: 0, pid: 1091, name: fancontrol
Jul 13 00:45:17 kria kernel: preempt_count: 1, expected: 0
Jul 13 00:45:17 kria kernel: RCU nest depth: 0, expected: 0
Jul 13 00:45:17 kria kernel: Preemption disabled at:
Jul 13 00:45:17 kria kernel: [<ffffbb5f3febd338>] __radix_tree_preload+0x28/0x110
Jul 13 00:45:17 kria kernel: CPU: 3 PID: 1091 Comm: fancontrol Tainted: G        WC        5.15.199-rt91-rt-kv260 #4
Jul 13 00:45:17 kria kernel: Hardware name: ZynqMP KV260 revB (DT)
Jul 13 00:45:17 kria kernel: Call trace:
Jul 13 00:45:17 kria kernel:  dump_backtrace+0x0/0x1f0
Jul 13 00:45:17 kria kernel:  show_stack+0x20/0x2c
Jul 13 00:45:17 kria kernel:  dump_stack_lvl+0x68/0x84
Jul 13 00:45:17 kria kernel:  dump_stack+0x18/0x34
Jul 13 00:45:17 kria kernel:  __might_resched+0x15c/0x1c0
Jul 13 00:45:17 kria kernel:  rt_spin_lock+0x38/0xd0
Jul 13 00:45:17 kria kernel:  alloc_pid+0x280/0x3d0
Jul 13 00:45:17 kria kernel:  copy_process+0x9fc/0x1da4
Jul 13 00:45:17 kria kernel:  kernel_clone+0x98/0x570
Jul 13 00:45:17 kria kernel:  __do_sys_clone+0x74/0xb0
Jul 13 00:45:17 kria kernel:  __arm64_sys_clone+0x28/0x34
Jul 13 00:45:17 kria kernel:  invoke_syscall+0x78/0x100
Jul 13 00:45:17 kria kernel:  el0_svc_common.constprop.0+0x54/0x184
Jul 13 00:45:17 kria kernel:  do_el0_svc+0x30/0xac
Jul 13 00:45:17 kria kernel:  el0_svc+0x28/0xb0
Jul 13 00:45:17 kria kernel:  el0t_64_sync_handler+0xa4/0x12c
Jul 13 00:45:17 kria kernel:  el0t_64_sync+0x1a4/0x1a8
Jul 13 00:45:22 kria kernel: BUG: sleeping function called from invalid context at kernel/locking/spinlock_rt.c:46
Jul 13 00:45:22 kria kernel: in_atomic(): 1, irqs_disabled(): 0, non_block: 0, pid: 1091, name: fancontrol
Jul 13 00:45:22 kria kernel: preempt_count: 1, expected: 0
Jul 13 00:45:22 kria kernel: RCU nest depth: 0, expected: 0
Jul 13 00:45:22 kria kernel: Preemption disabled at:
Jul 13 00:45:22 kria kernel: [<ffffbb5f3febd338>] __radix_tree_preload+0x28/0x110
Jul 13 00:45:22 kria kernel: CPU: 3 PID: 1091 Comm: fancontrol Tainted: G        WC        5.15.199-rt91-rt-kv260 #4
Jul 13 00:45:22 kria kernel: Hardware name: ZynqMP KV260 revB (DT)
Jul 13 00:45:22 kria kernel: Call trace:
Jul 13 00:45:22 kria kernel:  dump_backtrace+0x0/0x1f0
Jul 13 00:45:22 kria kernel:  show_stack+0x20/0x2c
Jul 13 00:45:22 kria kernel:  dump_stack_lvl+0x68/0x84
Jul 13 00:45:22 kria kernel:  dump_stack+0x18/0x34
Jul 13 00:45:22 kria kernel:  __might_resched+0x15c/0x1c0
Jul 13 00:45:22 kria kernel:  rt_spin_lock+0x38/0xd0
Jul 13 00:45:22 kria kernel:  alloc_pid+0x280/0x3d0
Jul 13 00:45:22 kria kernel:  copy_process+0x9fc/0x1da4
Jul 13 00:45:22 kria kernel:  kernel_clone+0x98/0x570
Jul 13 00:45:22 kria kernel:  __do_sys_clone+0x74/0xb0
Jul 13 00:45:22 kria kernel:  __arm64_sys_clone+0x28/0x34
Jul 13 00:45:22 kria kernel:  invoke_syscall+0x78/0x100
Jul 13 00:45:22 kria kernel:  el0_svc_common.constprop.0+0x54/0x184
Jul 13 00:45:22 kria kernel:  do_el0_svc+0x30/0xac
Jul 13 00:45:22 kria kernel:  el0_svc+0x28/0xb0
Jul 13 00:45:22 kria kernel:  el0t_64_sync_handler+0xa4/0x12c
Jul 13 00:45:22 kria kernel:  el0t_64_sync+0x1a4/0x1a8
Jul 13 00:45:27 kria kernel: BUG: sleeping function called from invalid context at kernel/locking/spinlock_rt.c:46
Jul 13 00:45:27 kria kernel: in_atomic(): 1, irqs_disabled(): 0, non_block: 0, pid: 1091, name: fancontrol
Jul 13 00:45:27 kria kernel: preempt_count: 1, expected: 0
Jul 13 00:45:27 kria kernel: RCU nest depth: 0, expected: 0
Jul 13 00:45:27 kria kernel: Preemption disabled at:
Jul 13 00:45:27 kria kernel: [<ffffbb5f3febd338>] __radix_tree_preload+0x28/0x110
Jul 13 00:45:27 kria kernel: CPU: 3 PID: 1091 Comm: fancontrol Tainted: G        WC        5.15.199-rt91-rt-kv260 #4
Jul 13 00:45:27 kria kernel: Hardware name: ZynqMP KV260 revB (DT)
Jul 13 00:45:27 kria kernel: Call trace:
Jul 13 00:45:27 kria kernel:  dump_backtrace+0x0/0x1f0
Jul 13 00:45:27 kria kernel:  show_stack+0x20/0x2c
Jul 13 00:45:27 kria kernel:  dump_stack_lvl+0x68/0x84
Jul 13 00:45:27 kria kernel:  dump_stack+0x18/0x34
Jul 13 00:45:27 kria kernel:  __might_resched+0x15c/0x1c0
Jul 13 00:45:27 kria kernel:  rt_spin_lock+0x38/0xd0
Jul 13 00:45:27 kria kernel:  alloc_pid+0x280/0x3d0
Jul 13 00:45:27 kria kernel:  copy_process+0x9fc/0x1da4
Jul 13 00:45:27 kria kernel:  kernel_clone+0x98/0x570
Jul 13 00:45:27 kria kernel:  __do_sys_clone+0x74/0xb0
Jul 13 00:45:27 kria kernel:  __arm64_sys_clone+0x28/0x34
Jul 13 00:45:27 kria kernel:  invoke_syscall+0x78/0x100
Jul 13 00:45:27 kria kernel:  el0_svc_common.constprop.0+0x54/0x184
Jul 13 00:45:27 kria kernel:  do_el0_svc+0x30/0xac
Jul 13 00:45:27 kria kernel:  el0_svc+0x28/0xb0
Jul 13 00:45:27 kria kernel:  el0t_64_sync_handler+0xa4/0x12c
Jul 13 00:45:27 kria kernel:  el0t_64_sync+0x1a4/0x1a8
Jul 13 00:45:32 kria kernel: BUG: sleeping function called from invalid context at kernel/locking/spinlock_rt.c:46
Jul 13 00:45:32 kria kernel: in_atomic(): 1, irqs_disabled(): 0, non_block: 0, pid: 1091, name: fancontrol
Jul 13 00:45:32 kria kernel: preempt_count: 1, expected: 0
Jul 13 00:45:32 kria kernel: RCU nest depth: 0, expected: 0
Jul 13 00:45:32 kria kernel: Preemption disabled at:
Jul 13 00:45:32 kria kernel: [<ffffbb5f3febd338>] __radix_tree_preload+0x28/0x110
Jul 13 00:45:32 kria kernel: CPU: 0 PID: 1091 Comm: fancontrol Tainted: G        WC        5.15.199-rt91-rt-kv260 #4
Jul 13 00:45:32 kria kernel: Hardware name: ZynqMP KV260 revB (DT)
Jul 13 00:45:32 kria kernel: Call trace:
Jul 13 00:45:32 kria kernel:  dump_backtrace+0x0/0x1f0
Jul 13 00:45:32 kria kernel:  show_stack+0x20/0x2c
Jul 13 00:45:32 kria kernel:  dump_stack_lvl+0x68/0x84
Jul 13 00:45:32 kria kernel:  dump_stack+0x18/0x34
Jul 13 00:45:32 kria kernel:  __might_resched+0x15c/0x1c0
Jul 13 00:45:32 kria kernel:  rt_spin_lock+0x38/0xd0
Jul 13 00:45:32 kria kernel:  alloc_pid+0x280/0x3d0
Jul 13 00:45:32 kria kernel:  copy_process+0x9fc/0x1da4
Jul 13 00:45:32 kria kernel:  kernel_clone+0x98/0x570
Jul 13 00:45:32 kria kernel:  __do_sys_clone+0x74/0xb0
Jul 13 00:45:32 kria kernel:  __arm64_sys_clone+0x28/0x34
Jul 13 00:45:32 kria kernel:  invoke_syscall+0x78/0x100
Jul 13 00:45:32 kria kernel:  el0_svc_common.constprop.0+0x54/0x184
Jul 13 00:45:32 kria kernel:  do_el0_svc+0x30/0xac
Jul 13 00:45:32 kria kernel:  el0_svc+0x28/0xb0
Jul 13 00:45:32 kria kernel:  el0t_64_sync_handler+0xa4/0x12c
Jul 13 00:45:32 kria kernel:  el0t_64_sync+0x1a4/0x1a8
Jul 13 00:45:37 kria kernel: BUG: sleeping function called from invalid context at kernel/locking/spinlock_rt.c:46
Jul 13 00:45:37 kria kernel: in_atomic(): 1, irqs_disabled(): 0, non_block: 0, pid: 1091, name: fancontrol
Jul 13 00:45:37 kria kernel: preempt_count: 1, expected: 0
Jul 13 00:45:37 kria kernel: RCU nest depth: 0, expected: 0
Jul 13 00:45:37 kria kernel: Preemption disabled at:
Jul 13 00:45:37 kria kernel: [<ffffbb5f3febd338>] __radix_tree_preload+0x28/0x110
Jul 13 00:45:37 kria kernel: CPU: 0 PID: 1091 Comm: fancontrol Tainted: G        WC        5.15.199-rt91-rt-kv260 #4
Jul 13 00:45:37 kria kernel: Hardware name: ZynqMP KV260 revB (DT)
Jul 13 00:45:37 kria kernel: Call trace:
Jul 13 00:45:37 kria kernel:  dump_backtrace+0x0/0x1f0
Jul 13 00:45:37 kria kernel:  show_stack+0x20/0x2c
Jul 13 00:45:37 kria kernel:  dump_stack_lvl+0x68/0x84
Jul 13 00:45:37 kria kernel:  dump_stack+0x18/0x34
Jul 13 00:45:37 kria kernel:  __might_resched+0x15c/0x1c0
Jul 13 00:45:37 kria kernel:  rt_spin_lock+0x38/0xd0
Jul 13 00:45:37 kria kernel:  alloc_pid+0x280/0x3d0
Jul 13 00:45:37 kria kernel:  copy_process+0x9fc/0x1da4
Jul 13 00:45:37 kria kernel:  kernel_clone+0x98/0x570
Jul 13 00:45:37 kria kernel:  __do_sys_clone+0x74/0xb0
Jul 13 00:45:37 kria kernel:  __arm64_sys_clone+0x28/0x34
Jul 13 00:45:37 kria kernel:  invoke_syscall+0x78/0x100
Jul 13 00:45:37 kria kernel:  el0_svc_common.constprop.0+0x54/0x184
Jul 13 00:45:37 kria kernel:  do_el0_svc+0x30/0xac
Jul 13 00:45:37 kria kernel:  el0_svc+0x28/0xb0
Jul 13 00:45:37 kria kernel:  el0t_64_sync_handler+0xa4/0x12c
Jul 13 00:45:37 kria kernel:  el0t_64_sync+0x1a4/0x1a8
Jul 13 00:45:42 kria kernel: BUG: sleeping function called from invalid context at kernel/locking/spinlock_rt.c:46
Jul 13 00:45:42 kria kernel: in_atomic(): 1, irqs_disabled(): 0, non_block: 0, pid: 1091, name: fancontrol
Jul 13 00:45:42 kria kernel: preempt_count: 1, expected: 0
Jul 13 00:45:42 kria kernel: RCU nest depth: 0, expected: 0
Jul 13 00:45:42 kria kernel: Preemption disabled at:
Jul 13 00:45:42 kria kernel: [<ffffbb5f3febd338>] __radix_tree_preload+0x28/0x110
Jul 13 00:45:42 kria kernel: CPU: 0 PID: 1091 Comm: fancontrol Tainted: G        WC        5.15.199-rt91-rt-kv260 #4
Jul 13 00:45:42 kria kernel: Hardware name: ZynqMP KV260 revB (DT)
Jul 13 00:45:42 kria kernel: Call trace:
Jul 13 00:45:42 kria kernel:  dump_backtrace+0x0/0x1f0
Jul 13 00:45:42 kria kernel:  show_stack+0x20/0x2c
Jul 13 00:45:42 kria kernel:  dump_stack_lvl+0x68/0x84
Jul 13 00:45:42 kria kernel:  dump_stack+0x18/0x34
Jul 13 00:45:42 kria kernel:  __might_resched+0x15c/0x1c0
Jul 13 00:45:42 kria kernel:  rt_spin_lock+0x38/0xd0
Jul 13 00:45:42 kria kernel:  alloc_pid+0x280/0x3d0
Jul 13 00:45:42 kria kernel:  copy_process+0x9fc/0x1da4
Jul 13 00:45:42 kria kernel:  kernel_clone+0x98/0x570
Jul 13 00:45:42 kria kernel:  __do_sys_clone+0x74/0xb0
Jul 13 00:45:42 kria kernel:  __arm64_sys_clone+0x28/0x34
Jul 13 00:45:42 kria kernel:  invoke_syscall+0x78/0x100
Jul 13 00:45:42 kria kernel:  el0_svc_common.constprop.0+0x54/0x184
Jul 13 00:45:42 kria kernel:  do_el0_svc+0x30/0xac
Jul 13 00:45:42 kria kernel:  el0_svc+0x28/0xb0
Jul 13 00:45:42 kria kernel:  el0t_64_sync_handler+0xa4/0x12c
Jul 13 00:45:42 kria kernel:  el0t_64_sync+0x1a4/0x1a8
Jul 13 00:45:46 kria kernel: BUG: sleeping function called from invalid context at kernel/locking/spinlock_rt.c:46
Jul 13 00:45:46 kria kernel: in_atomic(): 1, irqs_disabled(): 0, non_block: 0, pid: 2994, name: reqwest-interna
Jul 13 00:45:46 kria kernel: preempt_count: 1, expected: 0
Jul 13 00:45:46 kria kernel: RCU nest depth: 0, expected: 0
Jul 13 00:45:46 kria kernel: Preemption disabled at:
Jul 13 00:45:46 kria kernel: [<ffffbb5f3febd338>] __radix_tree_preload+0x28/0x110
Jul 13 00:45:46 kria kernel: CPU: 2 PID: 2994 Comm: reqwest-interna Tainted: G        WC        5.15.199-rt91-rt-kv260 #4
Jul 13 00:45:46 kria kernel: Hardware name: ZynqMP KV260 revB (DT)
Jul 13 00:45:46 kria kernel: Call trace:
Jul 13 00:45:46 kria kernel:  dump_backtrace+0x0/0x1f0
Jul 13 00:45:46 kria kernel:  show_stack+0x20/0x2c
Jul 13 00:45:46 kria kernel:  dump_stack_lvl+0x68/0x84
Jul 13 00:45:46 kria kernel:  dump_stack+0x18/0x34
Jul 13 00:45:46 kria kernel:  __might_resched+0x15c/0x1c0
Jul 13 00:45:46 kria kernel:  rt_spin_lock+0x38/0xd0
Jul 13 00:45:46 kria kernel:  alloc_pid+0x280/0x3d0
Jul 13 00:45:46 kria kernel:  copy_process+0x9fc/0x1da4
Jul 13 00:45:46 kria kernel:  kernel_clone+0x98/0x570
Jul 13 00:45:46 kria kernel:  __do_sys_clone+0x74/0xb0
Jul 13 00:45:46 kria kernel:  __arm64_sys_clone+0x28/0x34
Jul 13 00:45:46 kria kernel:  invoke_syscall+0x78/0x100
Jul 13 00:45:46 kria kernel:  el0_svc_common.constprop.0+0x54/0x184
Jul 13 00:45:46 kria kernel:  do_el0_svc+0x30/0xac
Jul 13 00:45:46 kria kernel:  el0_svc+0x28/0xb0
Jul 13 00:45:46 kria kernel:  el0t_64_sync_handler+0xa4/0x12c
Jul 13 00:45:46 kria kernel:  el0t_64_sync+0x1a4/0x1a8
Jul 13 00:45:47 kria kernel: BUG: sleeping function called from invalid context at kernel/locking/spinlock_rt.c:46
Jul 13 00:45:47 kria kernel: in_atomic(): 1, irqs_disabled(): 0, non_block: 0, pid: 1091, name: fancontrol
Jul 13 00:45:47 kria kernel: preempt_count: 1, expected: 0
Jul 13 00:45:47 kria kernel: RCU nest depth: 0, expected: 0
Jul 13 00:45:47 kria kernel: Preemption disabled at:
Jul 13 00:45:47 kria kernel: [<ffffbb5f3febd338>] __radix_tree_preload+0x28/0x110
Jul 13 00:45:47 kria kernel: CPU: 0 PID: 1091 Comm: fancontrol Tainted: G        WC        5.15.199-rt91-rt-kv260 #4
Jul 13 00:45:47 kria kernel: Hardware name: ZynqMP KV260 revB (DT)
Jul 13 00:45:47 kria kernel: Call trace:
Jul 13 00:45:47 kria kernel:  dump_backtrace+0x0/0x1f0
Jul 13 00:45:47 kria kernel:  show_stack+0x20/0x2c
Jul 13 00:45:47 kria kernel:  dump_stack_lvl+0x68/0x84
Jul 13 00:45:47 kria kernel:  dump_stack+0x18/0x34
Jul 13 00:45:47 kria kernel:  __might_resched+0x15c/0x1c0
Jul 13 00:45:47 kria kernel:  rt_spin_lock+0x38/0xd0
Jul 13 00:45:47 kria kernel:  alloc_pid+0x280/0x3d0
Jul 13 00:45:47 kria kernel:  copy_process+0x9fc/0x1da4
Jul 13 00:45:47 kria kernel:  kernel_clone+0x98/0x570
Jul 13 00:45:47 kria kernel:  __do_sys_clone+0x74/0xb0
Jul 13 00:45:47 kria kernel:  __arm64_sys_clone+0x28/0x34
Jul 13 00:45:47 kria kernel:  invoke_syscall+0x78/0x100
Jul 13 00:45:47 kria kernel:  el0_svc_common.constprop.0+0x54/0x184
Jul 13 00:45:47 kria kernel:  do_el0_svc+0x30/0xac
Jul 13 00:45:47 kria kernel:  el0_svc+0x28/0xb0
Jul 13 00:45:47 kria kernel:  el0t_64_sync_handler+0xa4/0x12c
Jul 13 00:45:47 kria kernel:  el0t_64_sync+0x1a4/0x1a8
Jul 13 00:45:52 kria kernel: BUG: sleeping function called from invalid context at kernel/locking/spinlock_rt.c:46
Jul 13 00:45:52 kria kernel: in_atomic(): 1, irqs_disabled(): 0, non_block: 0, pid: 2951, name: tokio-rt-worker
Jul 13 00:45:52 kria kernel: preempt_count: 1, expected: 0
Jul 13 00:45:52 kria kernel: RCU nest depth: 0, expected: 0
Jul 13 00:45:52 kria kernel: Preemption disabled at:
Jul 13 00:45:52 kria kernel: [<ffffbb5f3febd338>] __radix_tree_preload+0x28/0x110
Jul 13 00:45:52 kria kernel: CPU: 0 PID: 2951 Comm: tokio-rt-worker Tainted: G        WC        5.15.199-rt91-rt-kv260 #4
Jul 13 00:45:52 kria kernel: Hardware name: ZynqMP KV260 revB (DT)
Jul 13 00:45:52 kria kernel: Call trace:
Jul 13 00:45:52 kria kernel:  dump_backtrace+0x0/0x1f0
Jul 13 00:45:52 kria kernel:  show_stack+0x20/0x2c
Jul 13 00:45:52 kria kernel:  dump_stack_lvl+0x68/0x84
Jul 13 00:45:52 kria kernel:  dump_stack+0x18/0x34
Jul 13 00:45:52 kria kernel:  __might_resched+0x15c/0x1c0
Jul 13 00:45:52 kria kernel:  rt_spin_lock+0x38/0xd0
Jul 13 00:45:52 kria kernel:  alloc_pid+0x280/0x3d0
Jul 13 00:45:52 kria kernel:  copy_process+0x9fc/0x1da4
Jul 13 00:45:52 kria kernel:  kernel_clone+0x98/0x570
Jul 13 00:45:52 kria kernel:  __do_sys_clone+0x74/0xb0
Jul 13 00:45:52 kria kernel:  __arm64_sys_clone+0x28/0x34
Jul 13 00:45:52 kria kernel:  invoke_syscall+0x78/0x100
Jul 13 00:45:52 kria kernel:  el0_svc_common.constprop.0+0x54/0x184
Jul 13 00:45:52 kria kernel:  do_el0_svc+0x30/0xac
Jul 13 00:45:52 kria kernel:  el0_svc+0x28/0xb0
Jul 13 00:45:52 kria kernel:  el0t_64_sync_handler+0xa4/0x12c
Jul 13 00:45:52 kria kernel:  el0t_64_sync+0x1a4/0x1a8
Jul 13 00:45:53 kria kernel: BUG: sleeping function called from invalid context at kernel/locking/spinlock_rt.c:46
Jul 13 00:45:53 kria kernel: in_atomic(): 1, irqs_disabled(): 0, non_block: 0, pid: 3328, name: claude
Jul 13 00:45:53 kria kernel: preempt_count: 1, expected: 0
Jul 13 00:45:53 kria kernel: RCU nest depth: 0, expected: 0
Jul 13 00:45:53 kria kernel: Preemption disabled at:
Jul 13 00:45:53 kria kernel: [<ffffbb5f3febd338>] __radix_tree_preload+0x28/0x110
Jul 13 00:45:53 kria kernel: CPU: 2 PID: 3328 Comm: claude Tainted: G        WC        5.15.199-rt91-rt-kv260 #4
Jul 13 00:45:53 kria kernel: Hardware name: ZynqMP KV260 revB (DT)
Jul 13 00:45:53 kria kernel: Call trace:
Jul 13 00:45:53 kria kernel:  dump_backtrace+0x0/0x1f0
Jul 13 00:45:53 kria kernel:  show_stack+0x20/0x2c
Jul 13 00:45:53 kria kernel:  dump_stack_lvl+0x68/0x84
Jul 13 00:45:53 kria kernel:  dump_stack+0x18/0x34
Jul 13 00:45:53 kria kernel:  __might_resched+0x15c/0x1c0
Jul 13 00:45:53 kria kernel:  rt_spin_lock+0x38/0xd0
Jul 13 00:45:53 kria kernel:  alloc_pid+0x280/0x3d0
Jul 13 00:45:53 kria kernel:  copy_process+0x9fc/0x1da4
Jul 13 00:45:53 kria kernel:  kernel_clone+0x98/0x570
Jul 13 00:45:53 kria kernel:  __do_sys_clone+0x74/0xb0
Jul 13 00:45:53 kria kernel:  __arm64_sys_clone+0x28/0x34
Jul 13 00:45:53 kria kernel:  invoke_syscall+0x78/0x100
Jul 13 00:45:53 kria kernel:  el0_svc_common.constprop.0+0x54/0x184
Jul 13 00:45:53 kria kernel:  do_el0_svc+0x30/0xac
Jul 13 00:45:53 kria kernel:  el0_svc+0x28/0xb0
Jul 13 00:45:53 kria kernel:  el0t_64_sync_handler+0xa4/0x12c
Jul 13 00:45:53 kria kernel:  el0t_64_sync+0x1a4/0x1a8
Jul 13 00:45:57 kria kernel: BUG: sleeping function called from invalid context at kernel/locking/spinlock_rt.c:46
Jul 13 00:45:57 kria kernel: in_atomic(): 1, irqs_disabled(): 0, non_block: 0, pid: 1091, name: fancontrol
Jul 13 00:45:57 kria kernel: preempt_count: 1, expected: 0
Jul 13 00:45:57 kria kernel: RCU nest depth: 0, expected: 0
Jul 13 00:45:57 kria kernel: Preemption disabled at:
Jul 13 00:45:57 kria kernel: [<ffffbb5f3febd338>] __radix_tree_preload+0x28/0x110
Jul 13 00:45:57 kria kernel: CPU: 0 PID: 1091 Comm: fancontrol Tainted: G        WC        5.15.199-rt91-rt-kv260 #4
Jul 13 00:45:57 kria kernel: Hardware name: ZynqMP KV260 revB (DT)
Jul 13 00:45:57 kria kernel: Call trace:
Jul 13 00:45:57 kria kernel:  dump_backtrace+0x0/0x1f0
Jul 13 00:45:57 kria kernel:  show_stack+0x20/0x2c
Jul 13 00:45:57 kria kernel:  dump_stack_lvl+0x68/0x84
Jul 13 00:45:57 kria kernel:  dump_stack+0x18/0x34
Jul 13 00:45:57 kria kernel:  __might_resched+0x15c/0x1c0
Jul 13 00:45:57 kria kernel:  rt_spin_lock+0x38/0xd0
Jul 13 00:45:57 kria kernel:  alloc_pid+0x280/0x3d0
Jul 13 00:45:57 kria kernel:  copy_process+0x9fc/0x1da4
Jul 13 00:45:57 kria kernel:  kernel_clone+0x98/0x570
Jul 13 00:45:57 kria kernel:  __do_sys_clone+0x74/0xb0
Jul 13 00:45:57 kria kernel:  __arm64_sys_clone+0x28/0x34
Jul 13 00:45:57 kria kernel:  invoke_syscall+0x78/0x100
Jul 13 00:45:57 kria kernel:  el0_svc_common.constprop.0+0x54/0x184
Jul 13 00:45:57 kria kernel:  do_el0_svc+0x30/0xac
Jul 13 00:45:57 kria kernel:  el0_svc+0x28/0xb0
Jul 13 00:45:57 kria kernel:  el0t_64_sync_handler+0xa4/0x12c
Jul 13 00:45:57 kria kernel:  el0t_64_sync+0x1a4/0x1a8
Jul 13 00:46:02 kria kernel: BUG: sleeping function called from invalid context at kernel/locking/spinlock_rt.c:46
Jul 13 00:46:02 kria kernel: in_atomic(): 1, irqs_disabled(): 0, non_block: 0, pid: 1091, name: fancontrol
Jul 13 00:46:02 kria kernel: preempt_count: 1, expected: 0
Jul 13 00:46:02 kria kernel: RCU nest depth: 0, expected: 0
Jul 13 00:46:02 kria kernel: Preemption disabled at:
Jul 13 00:46:02 kria kernel: [<ffffbb5f3febd338>] __radix_tree_preload+0x28/0x110
Jul 13 00:46:02 kria kernel: CPU: 0 PID: 1091 Comm: fancontrol Tainted: G        WC        5.15.199-rt91-rt-kv260 #4
Jul 13 00:46:02 kria kernel: Hardware name: ZynqMP KV260 revB (DT)
Jul 13 00:46:02 kria kernel: Call trace:
Jul 13 00:46:02 kria kernel:  dump_backtrace+0x0/0x1f0
Jul 13 00:46:02 kria kernel:  show_stack+0x20/0x2c
Jul 13 00:46:02 kria kernel:  dump_stack_lvl+0x68/0x84
Jul 13 00:46:02 kria kernel:  dump_stack+0x18/0x34
Jul 13 00:46:02 kria kernel:  __might_resched+0x15c/0x1c0
Jul 13 00:46:02 kria kernel:  rt_spin_lock+0x38/0xd0
Jul 13 00:46:02 kria kernel:  alloc_pid+0x280/0x3d0
Jul 13 00:46:02 kria kernel:  copy_process+0x9fc/0x1da4
Jul 13 00:46:02 kria kernel:  kernel_clone+0x98/0x570
Jul 13 00:46:02 kria kernel:  __do_sys_clone+0x74/0xb0
Jul 13 00:46:02 kria kernel:  __arm64_sys_clone+0x28/0x34
Jul 13 00:46:02 kria kernel:  invoke_syscall+0x78/0x100
Jul 13 00:46:02 kria kernel:  el0_svc_common.constprop.0+0x54/0x184
Jul 13 00:46:02 kria kernel:  do_el0_svc+0x30/0xac
Jul 13 00:46:02 kria kernel:  el0_svc+0x28/0xb0
Jul 13 00:46:02 kria kernel:  el0t_64_sync_handler+0xa4/0x12c
Jul 13 00:46:02 kria kernel:  el0t_64_sync+0x1a4/0x1a8
Jul 13 00:46:06 kria kernel: BUG: sleeping function called from invalid context at kernel/locking/spinlock_rt.c:46
Jul 13 00:46:06 kria kernel: in_atomic(): 1, irqs_disabled(): 0, non_block: 0, pid: 2953, name: tokio-rt-worker
Jul 13 00:46:06 kria kernel: preempt_count: 1, expected: 0
Jul 13 00:46:06 kria kernel: RCU nest depth: 0, expected: 0
Jul 13 00:46:06 kria kernel: Preemption disabled at:
Jul 13 00:46:06 kria kernel: [<ffffbb5f3febd338>] __radix_tree_preload+0x28/0x110
Jul 13 00:46:06 kria kernel: CPU: 1 PID: 2953 Comm: tokio-rt-worker Tainted: G        WC        5.15.199-rt91-rt-kv260 #4
Jul 13 00:46:06 kria kernel: Hardware name: ZynqMP KV260 revB (DT)
Jul 13 00:46:06 kria kernel: Call trace:
Jul 13 00:46:06 kria kernel:  dump_backtrace+0x0/0x1f0
Jul 13 00:46:06 kria kernel:  show_stack+0x20/0x2c
Jul 13 00:46:06 kria kernel:  dump_stack_lvl+0x68/0x84
Jul 13 00:46:06 kria kernel:  dump_stack+0x18/0x34
Jul 13 00:46:06 kria kernel:  __might_resched+0x15c/0x1c0
Jul 13 00:46:06 kria kernel:  rt_spin_lock+0x38/0xd0
Jul 13 00:46:06 kria kernel:  alloc_pid+0x280/0x3d0
Jul 13 00:46:06 kria kernel:  copy_process+0x9fc/0x1da4
Jul 13 00:46:06 kria kernel:  kernel_clone+0x98/0x570
Jul 13 00:46:06 kria kernel:  __do_sys_clone+0x74/0xb0
Jul 13 00:46:06 kria kernel:  __arm64_sys_clone+0x28/0x34
Jul 13 00:46:06 kria kernel:  invoke_syscall+0x78/0x100
Jul 13 00:46:06 kria kernel:  el0_svc_common.constprop.0+0x54/0x184
Jul 13 00:46:06 kria kernel:  do_el0_svc+0x30/0xac
Jul 13 00:46:06 kria kernel:  el0_svc+0x28/0xb0
Jul 13 00:46:06 kria kernel:  el0t_64_sync_handler+0xa4/0x12c
Jul 13 00:46:06 kria kernel:  el0t_64_sync+0x1a4/0x1a8
Jul 13 00:46:12 kria kernel: BUG: sleeping function called from invalid context at kernel/locking/spinlock_rt.c:46
Jul 13 00:46:12 kria kernel: in_atomic(): 1, irqs_disabled(): 0, non_block: 0, pid: 1091, name: fancontrol
Jul 13 00:46:12 kria kernel: preempt_count: 1, expected: 0
Jul 13 00:46:12 kria kernel: RCU nest depth: 0, expected: 0
Jul 13 00:46:12 kria kernel: Preemption disabled at:
Jul 13 00:46:12 kria kernel: [<ffffbb5f3febd338>] __radix_tree_preload+0x28/0x110
Jul 13 00:46:12 kria kernel: CPU: 2 PID: 1091 Comm: fancontrol Tainted: G        WC        5.15.199-rt91-rt-kv260 #4
Jul 13 00:46:12 kria kernel: Hardware name: ZynqMP KV260 revB (DT)
Jul 13 00:46:12 kria kernel: Call trace:
Jul 13 00:46:12 kria kernel:  dump_backtrace+0x0/0x1f0
Jul 13 00:46:12 kria kernel:  show_stack+0x20/0x2c
Jul 13 00:46:12 kria kernel:  dump_stack_lvl+0x68/0x84
Jul 13 00:46:12 kria kernel:  dump_stack+0x18/0x34
Jul 13 00:46:12 kria kernel:  __might_resched+0x15c/0x1c0
Jul 13 00:46:12 kria kernel:  rt_spin_lock+0x38/0xd0
Jul 13 00:46:12 kria kernel:  alloc_pid+0x280/0x3d0
Jul 13 00:46:12 kria kernel:  copy_process+0x9fc/0x1da4
Jul 13 00:46:12 kria kernel:  kernel_clone+0x98/0x570
Jul 13 00:46:12 kria kernel:  __do_sys_clone+0x74/0xb0
Jul 13 00:46:12 kria kernel:  __arm64_sys_clone+0x28/0x34
Jul 13 00:46:12 kria kernel:  invoke_syscall+0x78/0x100
Jul 13 00:46:12 kria kernel:  el0_svc_common.constprop.0+0x54/0x184
Jul 13 00:46:12 kria kernel:  do_el0_svc+0x30/0xac
Jul 13 00:46:12 kria kernel:  el0_svc+0x28/0xb0
Jul 13 00:46:12 kria kernel:  el0t_64_sync_handler+0xa4/0x12c
Jul 13 00:46:12 kria kernel:  el0t_64_sync+0x1a4/0x1a8
Jul 13 00:46:17 kria kernel: BUG: sleeping function called from invalid context at kernel/locking/spinlock_rt.c:46
Jul 13 00:46:17 kria kernel: in_atomic(): 1, irqs_disabled(): 0, non_block: 0, pid: 1091, name: fancontrol
Jul 13 00:46:17 kria kernel: preempt_count: 1, expected: 0
Jul 13 00:46:17 kria kernel: RCU nest depth: 0, expected: 0
Jul 13 00:46:17 kria kernel: Preemption disabled at:
Jul 13 00:46:17 kria kernel: [<ffffbb5f3febd338>] __radix_tree_preload+0x28/0x110
Jul 13 00:46:17 kria kernel: CPU: 2 PID: 1091 Comm: fancontrol Tainted: G        WC        5.15.199-rt91-rt-kv260 #4
Jul 13 00:46:17 kria kernel: Hardware name: ZynqMP KV260 revB (DT)
Jul 13 00:46:17 kria kernel: Call trace:
Jul 13 00:46:17 kria kernel:  dump_backtrace+0x0/0x1f0
Jul 13 00:46:17 kria kernel:  show_stack+0x20/0x2c
Jul 13 00:46:17 kria kernel:  dump_stack_lvl+0x68/0x84
Jul 13 00:46:17 kria kernel:  dump_stack+0x18/0x34
Jul 13 00:46:17 kria kernel:  __might_resched+0x15c/0x1c0
Jul 13 00:46:17 kria kernel:  rt_spin_lock+0x38/0xd0
Jul 13 00:46:17 kria kernel:  alloc_pid+0x280/0x3d0
Jul 13 00:46:17 kria kernel:  copy_process+0x9fc/0x1da4
Jul 13 00:46:17 kria kernel:  kernel_clone+0x98/0x570
Jul 13 00:46:17 kria kernel:  __do_sys_clone+0x74/0xb0
Jul 13 00:46:17 kria kernel:  __arm64_sys_clone+0x28/0x34
Jul 13 00:46:17 kria kernel:  invoke_syscall+0x78/0x100
Jul 13 00:46:17 kria kernel:  el0_svc_common.constprop.0+0x54/0x184
Jul 13 00:46:17 kria kernel:  do_el0_svc+0x30/0xac
Jul 13 00:46:17 kria kernel:  el0_svc+0x28/0xb0
Jul 13 00:46:17 kria kernel:  el0t_64_sync_handler+0xa4/0x12c
Jul 13 00:46:17 kria kernel:  el0t_64_sync+0x1a4/0x1a8
Jul 13 00:46:22 kria kernel: BUG: sleeping function called from invalid context at kernel/locking/spinlock_rt.c:46
Jul 13 00:46:22 kria kernel: in_atomic(): 1, irqs_disabled(): 0, non_block: 0, pid: 1091, name: fancontrol
Jul 13 00:46:22 kria kernel: preempt_count: 1, expected: 0
Jul 13 00:46:22 kria kernel: RCU nest depth: 0, expected: 0
Jul 13 00:46:22 kria kernel: Preemption disabled at:
Jul 13 00:46:22 kria kernel: [<ffffbb5f3febd338>] __radix_tree_preload+0x28/0x110
Jul 13 00:46:22 kria kernel: CPU: 0 PID: 1091 Comm: fancontrol Tainted: G        WC        5.15.199-rt91-rt-kv260 #4
Jul 13 00:46:22 kria kernel: Hardware name: ZynqMP KV260 revB (DT)
Jul 13 00:46:22 kria kernel: Call trace:
Jul 13 00:46:22 kria kernel:  dump_backtrace+0x0/0x1f0
Jul 13 00:46:22 kria kernel:  show_stack+0x20/0x2c
Jul 13 00:46:22 kria kernel:  dump_stack_lvl+0x68/0x84
Jul 13 00:46:22 kria kernel:  dump_stack+0x18/0x34
Jul 13 00:46:22 kria kernel:  __might_resched+0x15c/0x1c0
Jul 13 00:46:22 kria kernel:  rt_spin_lock+0x38/0xd0
Jul 13 00:46:22 kria kernel:  alloc_pid+0x280/0x3d0
Jul 13 00:46:22 kria kernel:  copy_process+0x9fc/0x1da4
Jul 13 00:46:22 kria kernel:  kernel_clone+0x98/0x570
Jul 13 00:46:22 kria kernel:  __do_sys_clone+0x74/0xb0
Jul 13 00:46:22 kria kernel:  __arm64_sys_clone+0x28/0x34
Jul 13 00:46:22 kria kernel:  invoke_syscall+0x78/0x100
Jul 13 00:46:22 kria kernel:  el0_svc_common.constprop.0+0x54/0x184
Jul 13 00:46:22 kria kernel:  do_el0_svc+0x30/0xac
Jul 13 00:46:22 kria kernel:  el0_svc+0x28/0xb0
Jul 13 00:46:22 kria kernel:  el0t_64_sync_handler+0xa4/0x12c
Jul 13 00:46:22 kria kernel:  el0t_64_sync+0x1a4/0x1a8
Jul 13 00:46:27 kria kernel: BUG: sleeping function called from invalid context at kernel/locking/spinlock_rt.c:46
Jul 13 00:46:27 kria kernel: in_atomic(): 1, irqs_disabled(): 0, non_block: 0, pid: 1091, name: fancontrol
Jul 13 00:46:27 kria kernel: preempt_count: 1, expected: 0
Jul 13 00:46:27 kria kernel: RCU nest depth: 0, expected: 0
Jul 13 00:46:27 kria kernel: Preemption disabled at:
Jul 13 00:46:27 kria kernel: [<ffffbb5f3febd338>] __radix_tree_preload+0x28/0x110
Jul 13 00:46:27 kria kernel: CPU: 0 PID: 1091 Comm: fancontrol Tainted: G        WC        5.15.199-rt91-rt-kv260 #4
Jul 13 00:46:27 kria kernel: Hardware name: ZynqMP KV260 revB (DT)
Jul 13 00:46:27 kria kernel: Call trace:
Jul 13 00:46:27 kria kernel:  dump_backtrace+0x0/0x1f0
Jul 13 00:46:27 kria kernel:  show_stack+0x20/0x2c
Jul 13 00:46:27 kria kernel:  dump_stack_lvl+0x68/0x84
Jul 13 00:46:27 kria kernel:  dump_stack+0x18/0x34
Jul 13 00:46:27 kria kernel:  __might_resched+0x15c/0x1c0
Jul 13 00:46:27 kria kernel:  rt_spin_lock+0x38/0xd0
Jul 13 00:46:27 kria kernel:  alloc_pid+0x280/0x3d0
Jul 13 00:46:27 kria kernel:  copy_process+0x9fc/0x1da4
Jul 13 00:46:27 kria kernel:  kernel_clone+0x98/0x570
Jul 13 00:46:27 kria kernel:  __do_sys_clone+0x74/0xb0
Jul 13 00:46:27 kria kernel:  __arm64_sys_clone+0x28/0x34
Jul 13 00:46:27 kria kernel:  invoke_syscall+0x78/0x100
Jul 13 00:46:27 kria kernel:  el0_svc_common.constprop.0+0x54/0x184
Jul 13 00:46:27 kria kernel:  do_el0_svc+0x30/0xac
Jul 13 00:46:27 kria kernel:  el0_svc+0x28/0xb0
Jul 13 00:46:27 kria kernel:  el0t_64_sync_handler+0xa4/0x12c
Jul 13 00:46:27 kria kernel:  el0t_64_sync+0x1a4/0x1a8
Jul 13 00:46:32 kria kernel: BUG: sleeping function called from invalid context at kernel/locking/spinlock_rt.c:46
Jul 13 00:46:32 kria kernel: in_atomic(): 1, irqs_disabled(): 0, non_block: 0, pid: 1091, name: fancontrol
Jul 13 00:46:32 kria kernel: preempt_count: 1, expected: 0
Jul 13 00:46:32 kria kernel: RCU nest depth: 0, expected: 0
Jul 13 00:46:32 kria kernel: Preemption disabled at:
Jul 13 00:46:32 kria kernel: [<ffffbb5f3febd338>] __radix_tree_preload+0x28/0x110
Jul 13 00:46:32 kria kernel: CPU: 0 PID: 1091 Comm: fancontrol Tainted: G        WC        5.15.199-rt91-rt-kv260 #4
Jul 13 00:46:32 kria kernel: Hardware name: ZynqMP KV260 revB (DT)
Jul 13 00:46:32 kria kernel: Call trace:
Jul 13 00:46:32 kria kernel:  dump_backtrace+0x0/0x1f0
Jul 13 00:46:32 kria kernel:  show_stack+0x20/0x2c
Jul 13 00:46:32 kria kernel:  dump_stack_lvl+0x68/0x84
Jul 13 00:46:32 kria kernel:  dump_stack+0x18/0x34
Jul 13 00:46:32 kria kernel:  __might_resched+0x15c/0x1c0
Jul 13 00:46:32 kria kernel:  rt_spin_lock+0x38/0xd0
Jul 13 00:46:32 kria kernel:  alloc_pid+0x280/0x3d0
Jul 13 00:46:32 kria kernel:  copy_process+0x9fc/0x1da4
Jul 13 00:46:32 kria kernel:  kernel_clone+0x98/0x570
Jul 13 00:46:32 kria kernel:  __do_sys_clone+0x74/0xb0
Jul 13 00:46:32 kria kernel:  __arm64_sys_clone+0x28/0x34
Jul 13 00:46:32 kria kernel:  invoke_syscall+0x78/0x100
Jul 13 00:46:32 kria kernel:  el0_svc_common.constprop.0+0x54/0x184
Jul 13 00:46:32 kria kernel:  do_el0_svc+0x30/0xac
Jul 13 00:46:32 kria kernel:  el0_svc+0x28/0xb0
Jul 13 00:46:32 kria kernel:  el0t_64_sync_handler+0xa4/0x12c
Jul 13 00:46:32 kria kernel:  el0t_64_sync+0x1a4/0x1a8
Jul 13 00:46:37 kria kernel: BUG: sleeping function called from invalid context at kernel/locking/spinlock_rt.c:46
Jul 13 00:46:37 kria kernel: in_atomic(): 1, irqs_disabled(): 0, non_block: 0, pid: 1091, name: fancontrol
Jul 13 00:46:37 kria kernel: preempt_count: 1, expected: 0
Jul 13 00:46:37 kria kernel: RCU nest depth: 0, expected: 0
Jul 13 00:46:37 kria kernel: Preemption disabled at:
Jul 13 00:46:37 kria kernel: [<ffffbb5f3febd338>] __radix_tree_preload+0x28/0x110
Jul 13 00:46:37 kria kernel: CPU: 2 PID: 1091 Comm: fancontrol Tainted: G        WC        5.15.199-rt91-rt-kv260 #4
Jul 13 00:46:37 kria kernel: Hardware name: ZynqMP KV260 revB (DT)
Jul 13 00:46:37 kria kernel: Call trace:
Jul 13 00:46:37 kria kernel:  dump_backtrace+0x0/0x1f0
Jul 13 00:46:37 kria kernel:  show_stack+0x20/0x2c
Jul 13 00:46:37 kria kernel:  dump_stack_lvl+0x68/0x84
Jul 13 00:46:37 kria kernel:  dump_stack+0x18/0x34
Jul 13 00:46:37 kria kernel:  __might_resched+0x15c/0x1c0
Jul 13 00:46:37 kria kernel:  rt_spin_lock+0x38/0xd0
Jul 13 00:46:37 kria kernel:  alloc_pid+0x280/0x3d0
Jul 13 00:46:37 kria kernel:  copy_process+0x9fc/0x1da4
Jul 13 00:46:37 kria kernel:  kernel_clone+0x98/0x570
Jul 13 00:46:37 kria kernel:  __do_sys_clone+0x74/0xb0
Jul 13 00:46:37 kria kernel:  __arm64_sys_clone+0x28/0x34
Jul 13 00:46:37 kria kernel:  invoke_syscall+0x78/0x100
Jul 13 00:46:37 kria kernel:  el0_svc_common.constprop.0+0x54/0x184
Jul 13 00:46:37 kria kernel:  do_el0_svc+0x30/0xac
Jul 13 00:46:37 kria kernel:  el0_svc+0x28/0xb0
Jul 13 00:46:37 kria kernel:  el0t_64_sync_handler+0xa4/0x12c
Jul 13 00:46:37 kria kernel:  el0t_64_sync+0x1a4/0x1a8
Jul 13 00:46:42 kria kernel: BUG: sleeping function called from invalid context at kernel/locking/spinlock_rt.c:46
Jul 13 00:46:42 kria kernel: in_atomic(): 1, irqs_disabled(): 0, non_block: 0, pid: 1091, name: fancontrol
Jul 13 00:46:42 kria kernel: preempt_count: 1, expected: 0
Jul 13 00:46:42 kria kernel: RCU nest depth: 0, expected: 0
Jul 13 00:46:42 kria kernel: Preemption disabled at:
Jul 13 00:46:42 kria kernel: [<ffffbb5f3febd338>] __radix_tree_preload+0x28/0x110
Jul 13 00:46:42 kria kernel: CPU: 2 PID: 1091 Comm: fancontrol Tainted: G        WC        5.15.199-rt91-rt-kv260 #4
Jul 13 00:46:42 kria kernel: Hardware name: ZynqMP KV260 revB (DT)
Jul 13 00:46:42 kria kernel: Call trace:
Jul 13 00:46:42 kria kernel:  dump_backtrace+0x0/0x1f0
Jul 13 00:46:42 kria kernel:  show_stack+0x20/0x2c
Jul 13 00:46:42 kria kernel:  dump_stack_lvl+0x68/0x84
Jul 13 00:46:42 kria kernel:  dump_stack+0x18/0x34
Jul 13 00:46:42 kria kernel:  __might_resched+0x15c/0x1c0
Jul 13 00:46:42 kria kernel:  rt_spin_lock+0x38/0xd0
Jul 13 00:46:42 kria kernel:  alloc_pid+0x280/0x3d0
Jul 13 00:46:42 kria kernel:  copy_process+0x9fc/0x1da4
Jul 13 00:46:42 kria kernel:  kernel_clone+0x98/0x570
Jul 13 00:46:42 kria kernel:  __do_sys_clone+0x74/0xb0
Jul 13 00:46:42 kria kernel:  __arm64_sys_clone+0x28/0x34
Jul 13 00:46:42 kria kernel:  invoke_syscall+0x78/0x100
Jul 13 00:46:42 kria kernel:  el0_svc_common.constprop.0+0x54/0x184
Jul 13 00:46:42 kria kernel:  do_el0_svc+0x30/0xac
Jul 13 00:46:42 kria kernel:  el0_svc+0x28/0xb0
Jul 13 00:46:42 kria kernel:  el0t_64_sync_handler+0xa4/0x12c
Jul 13 00:46:42 kria kernel:  el0t_64_sync+0x1a4/0x1a8
Jul 13 00:46:47 kria kernel: BUG: sleeping function called from invalid context at kernel/locking/spinlock_rt.c:46
Jul 13 00:46:47 kria kernel: in_atomic(): 1, irqs_disabled(): 0, non_block: 0, pid: 1091, name: fancontrol
Jul 13 00:46:47 kria kernel: preempt_count: 1, expected: 0
Jul 13 00:46:47 kria kernel: RCU nest depth: 0, expected: 0
Jul 13 00:46:47 kria kernel: Preemption disabled at:
Jul 13 00:46:47 kria kernel: [<ffffbb5f3febd338>] __radix_tree_preload+0x28/0x110
Jul 13 00:46:47 kria kernel: CPU: 0 PID: 1091 Comm: fancontrol Tainted: G        WC        5.15.199-rt91-rt-kv260 #4
Jul 13 00:46:47 kria kernel: Hardware name: ZynqMP KV260 revB (DT)
Jul 13 00:46:47 kria kernel: Call trace:
Jul 13 00:46:47 kria kernel:  dump_backtrace+0x0/0x1f0
Jul 13 00:46:47 kria kernel:  show_stack+0x20/0x2c
Jul 13 00:46:47 kria kernel:  dump_stack_lvl+0x68/0x84
Jul 13 00:46:47 kria kernel:  dump_stack+0x18/0x34
Jul 13 00:46:47 kria kernel:  __might_resched+0x15c/0x1c0
Jul 13 00:46:47 kria kernel:  rt_spin_lock+0x38/0xd0
Jul 13 00:46:47 kria kernel:  alloc_pid+0x280/0x3d0
Jul 13 00:46:47 kria kernel:  copy_process+0x9fc/0x1da4
Jul 13 00:46:47 kria kernel:  kernel_clone+0x98/0x570
Jul 13 00:46:47 kria kernel:  __do_sys_clone+0x74/0xb0
Jul 13 00:46:47 kria kernel:  __arm64_sys_clone+0x28/0x34
Jul 13 00:46:47 kria kernel:  invoke_syscall+0x78/0x100
Jul 13 00:46:47 kria kernel:  el0_svc_common.constprop.0+0x54/0x184
Jul 13 00:46:47 kria kernel:  do_el0_svc+0x30/0xac
Jul 13 00:46:47 kria kernel:  el0_svc+0x28/0xb0
Jul 13 00:46:47 kria kernel:  el0t_64_sync_handler+0xa4/0x12c
Jul 13 00:46:47 kria kernel:  el0t_64_sync+0x1a4/0x1a8
Jul 13 00:46:52 kria kernel: BUG: sleeping function called from invalid context at kernel/locking/spinlock_rt.c:46
Jul 13 00:46:52 kria kernel: in_atomic(): 1, irqs_disabled(): 0, non_block: 0, pid: 1091, name: fancontrol
Jul 13 00:46:52 kria kernel: preempt_count: 1, expected: 0
Jul 13 00:46:52 kria kernel: RCU nest depth: 0, expected: 0
Jul 13 00:46:52 kria kernel: Preemption disabled at:
Jul 13 00:46:52 kria kernel: [<ffffbb5f3febd338>] __radix_tree_preload+0x28/0x110
Jul 13 00:46:52 kria kernel: CPU: 2 PID: 1091 Comm: fancontrol Tainted: G        WC        5.15.199-rt91-rt-kv260 #4
Jul 13 00:46:52 kria kernel: Hardware name: ZynqMP KV260 revB (DT)
Jul 13 00:46:52 kria kernel: Call trace:
Jul 13 00:46:52 kria kernel:  dump_backtrace+0x0/0x1f0
Jul 13 00:46:52 kria kernel:  show_stack+0x20/0x2c
Jul 13 00:46:52 kria kernel:  dump_stack_lvl+0x68/0x84
Jul 13 00:46:52 kria kernel:  dump_stack+0x18/0x34
Jul 13 00:46:52 kria kernel:  __might_resched+0x15c/0x1c0
Jul 13 00:46:52 kria kernel:  rt_spin_lock+0x38/0xd0
Jul 13 00:46:52 kria kernel:  alloc_pid+0x280/0x3d0
Jul 13 00:46:52 kria kernel:  copy_process+0x9fc/0x1da4
Jul 13 00:46:52 kria kernel:  kernel_clone+0x98/0x570
Jul 13 00:46:52 kria kernel:  __do_sys_clone+0x74/0xb0
Jul 13 00:46:52 kria kernel:  __arm64_sys_clone+0x28/0x34
Jul 13 00:46:52 kria kernel:  invoke_syscall+0x78/0x100
Jul 13 00:46:52 kria kernel:  el0_svc_common.constprop.0+0x54/0x184
Jul 13 00:46:52 kria kernel:  do_el0_svc+0x30/0xac
Jul 13 00:46:52 kria kernel:  el0_svc+0x28/0xb0
Jul 13 00:46:52 kria kernel:  el0t_64_sync_handler+0xa4/0x12c
Jul 13 00:46:52 kria kernel:  el0t_64_sync+0x1a4/0x1a8
Jul 13 00:46:57 kria kernel: BUG: sleeping function called from invalid context at kernel/locking/spinlock_rt.c:46
Jul 13 00:46:58 kria kernel: in_atomic(): 1, irqs_disabled(): 0, non_block: 0, pid: 564, name: systemd-journal
Jul 13 00:46:58 kria kernel: preempt_count: 1, expected: 0
Jul 13 00:46:58 kria kernel: RCU nest depth: 0, expected: 0
Jul 13 00:46:58 kria kernel: Preemption disabled at:
Jul 13 00:46:58 kria kernel: [<ffffbb5f3febd338>] __radix_tree_preload+0x28/0x110
Jul 13 00:46:58 kria kernel: CPU: 1 PID: 564 Comm: systemd-journal Tainted: G        WC        5.15.199-rt91-rt-kv260 #4
Jul 13 00:46:58 kria kernel: Hardware name: ZynqMP KV260 revB (DT)
Jul 13 00:46:58 kria kernel: Call trace:
Jul 13 00:46:58 kria kernel:  dump_backtrace+0x0/0x1f0
Jul 13 00:46:58 kria kernel:  show_stack+0x20/0x2c
Jul 13 00:46:58 kria kernel:  dump_stack_lvl+0x68/0x84
Jul 13 00:46:58 kria kernel:  dump_stack+0x18/0x34
Jul 13 00:46:58 kria kernel:  __might_resched+0x15c/0x1c0
Jul 13 00:46:58 kria kernel:  rt_spin_lock+0x38/0xd0
Jul 13 00:46:58 kria kernel:  alloc_pid+0x280/0x3d0
Jul 13 00:46:58 kria kernel:  copy_process+0x9fc/0x1da4
Jul 13 00:46:58 kria kernel:  kernel_clone+0x98/0x570
Jul 13 00:46:58 kria kernel:  __do_sys_clone+0x74/0xb0
Jul 13 00:46:58 kria kernel:  __arm64_sys_clone+0x28/0x34
Jul 13 00:46:58 kria kernel:  invoke_syscall+0x78/0x100
Jul 13 00:46:58 kria kernel:  el0_svc_common.constprop.0+0x180/0x184
Jul 13 00:46:58 kria kernel:  do_el0_svc+0x30/0xac
Jul 13 00:46:58 kria kernel:  el0_svc+0x28/0xb0
Jul 13 00:46:58 kria kernel:  el0t_64_sync_handler+0xa4/0x12c
Jul 13 00:46:58 kria kernel:  el0t_64_sync+0x1a4/0x1a8
Jul 13 00:47:02 kria kernel: BUG: sleeping function called from invalid context at kernel/locking/spinlock_rt.c:46
Jul 13 00:47:02 kria kernel: in_atomic(): 1, irqs_disabled(): 0, non_block: 0, pid: 1091, name: fancontrol
Jul 13 00:47:02 kria kernel: preempt_count: 1, expected: 0
Jul 13 00:47:02 kria kernel: RCU nest depth: 0, expected: 0
Jul 13 00:47:02 kria kernel: Preemption disabled at:
Jul 13 00:47:02 kria kernel: [<ffffbb5f3febd338>] __radix_tree_preload+0x28/0x110
Jul 13 00:47:02 kria kernel: CPU: 2 PID: 1091 Comm: fancontrol Tainted: G        WC        5.15.199-rt91-rt-kv260 #4
Jul 13 00:47:02 kria kernel: Hardware name: ZynqMP KV260 revB (DT)
Jul 13 00:47:02 kria kernel: Call trace:
Jul 13 00:47:02 kria kernel:  dump_backtrace+0x0/0x1f0
Jul 13 00:47:02 kria kernel:  show_stack+0x20/0x2c
Jul 13 00:47:02 kria kernel:  dump_stack_lvl+0x68/0x84
Jul 13 00:47:02 kria kernel:  dump_stack+0x18/0x34
Jul 13 00:47:02 kria kernel:  __might_resched+0x15c/0x1c0
Jul 13 00:47:02 kria kernel:  rt_spin_lock+0x38/0xd0
Jul 13 00:47:02 kria kernel:  alloc_pid+0x280/0x3d0
Jul 13 00:47:02 kria kernel:  copy_process+0x9fc/0x1da4
Jul 13 00:47:02 kria kernel:  kernel_clone+0x98/0x570
Jul 13 00:47:02 kria kernel:  __do_sys_clone+0x74/0xb0
Jul 13 00:47:02 kria kernel:  __arm64_sys_clone+0x28/0x34
Jul 13 00:47:02 kria kernel:  invoke_syscall+0x78/0x100
Jul 13 00:47:02 kria kernel:  el0_svc_common.constprop.0+0x54/0x184
Jul 13 00:47:02 kria kernel:  do_el0_svc+0x30/0xac
Jul 13 00:47:02 kria kernel:  el0_svc+0x28/0xb0
Jul 13 00:47:02 kria kernel:  el0t_64_sync_handler+0xa4/0x12c
Jul 13 00:47:02 kria kernel:  el0t_64_sync+0x1a4/0x1a8
Jul 13 00:47:07 kria kernel: BUG: sleeping function called from invalid context at kernel/locking/spinlock_rt.c:46
Jul 13 00:47:07 kria kernel: in_atomic(): 1, irqs_disabled(): 0, non_block: 0, pid: 1091, name: fancontrol
Jul 13 00:47:07 kria kernel: preempt_count: 1, expected: 0
Jul 13 00:47:07 kria kernel: RCU nest depth: 0, expected: 0
Jul 13 00:47:07 kria kernel: Preemption disabled at:
Jul 13 00:47:07 kria kernel: [<ffffbb5f3febd338>] __radix_tree_preload+0x28/0x110
Jul 13 00:47:07 kria kernel: CPU: 2 PID: 1091 Comm: fancontrol Tainted: G        WC        5.15.199-rt91-rt-kv260 #4
Jul 13 00:47:07 kria kernel: Hardware name: ZynqMP KV260 revB (DT)
Jul 13 00:47:07 kria kernel: Call trace:
Jul 13 00:47:07 kria kernel:  dump_backtrace+0x0/0x1f0
Jul 13 00:47:07 kria kernel:  show_stack+0x20/0x2c
Jul 13 00:47:07 kria kernel:  dump_stack_lvl+0x68/0x84
Jul 13 00:47:07 kria kernel:  dump_stack+0x18/0x34
Jul 13 00:47:07 kria kernel:  __might_resched+0x15c/0x1c0
Jul 13 00:47:07 kria kernel:  rt_spin_lock+0x38/0xd0
Jul 13 00:47:07 kria kernel:  alloc_pid+0x280/0x3d0
Jul 13 00:47:07 kria kernel:  copy_process+0x9fc/0x1da4
Jul 13 00:47:07 kria kernel:  kernel_clone+0x98/0x570
Jul 13 00:47:07 kria kernel:  __do_sys_clone+0x74/0xb0
Jul 13 00:47:07 kria kernel:  __arm64_sys_clone+0x28/0x34
Jul 13 00:47:07 kria kernel:  invoke_syscall+0x78/0x100
Jul 13 00:47:07 kria kernel:  el0_svc_common.constprop.0+0x54/0x184
Jul 13 00:47:07 kria kernel:  do_el0_svc+0x30/0xac
Jul 13 00:47:07 kria kernel:  el0_svc+0x28/0xb0
Jul 13 00:47:07 kria kernel:  el0t_64_sync_handler+0xa4/0x12c
Jul 13 00:47:07 kria kernel:  el0t_64_sync+0x1a4/0x1a8
Jul 13 00:47:12 kria kernel: BUG: sleeping function called from invalid context at kernel/locking/spinlock_rt.c:46
Jul 13 00:47:12 kria kernel: in_atomic(): 1, irqs_disabled(): 0, non_block: 0, pid: 1091, name: fancontrol
Jul 13 00:47:12 kria kernel: preempt_count: 1, expected: 0
Jul 13 00:47:12 kria kernel: RCU nest depth: 0, expected: 0
Jul 13 00:47:12 kria kernel: Preemption disabled at:
Jul 13 00:47:12 kria kernel: [<ffffbb5f3febd338>] __radix_tree_preload+0x28/0x110
Jul 13 00:47:12 kria kernel: CPU: 0 PID: 1091 Comm: fancontrol Tainted: G        WC        5.15.199-rt91-rt-kv260 #4
Jul 13 00:47:12 kria kernel: Hardware name: ZynqMP KV260 revB (DT)
Jul 13 00:47:12 kria kernel: Call trace:
Jul 13 00:47:12 kria kernel:  dump_backtrace+0x0/0x1f0
Jul 13 00:47:12 kria kernel:  show_stack+0x20/0x2c
Jul 13 00:47:12 kria kernel:  dump_stack_lvl+0x68/0x84
Jul 13 00:47:12 kria kernel:  dump_stack+0x18/0x34
Jul 13 00:47:12 kria kernel:  __might_resched+0x15c/0x1c0
Jul 13 00:47:12 kria kernel:  rt_spin_lock+0x38/0xd0
Jul 13 00:47:12 kria kernel:  alloc_pid+0x280/0x3d0
Jul 13 00:47:12 kria kernel:  copy_process+0x9fc/0x1da4
Jul 13 00:47:12 kria kernel:  kernel_clone+0x98/0x570
Jul 13 00:47:12 kria kernel:  __do_sys_clone+0x74/0xb0
Jul 13 00:47:12 kria kernel:  __arm64_sys_clone+0x28/0x34
Jul 13 00:47:12 kria kernel:  invoke_syscall+0x78/0x100
Jul 13 00:47:12 kria kernel:  el0_svc_common.constprop.0+0x54/0x184
Jul 13 00:47:12 kria kernel:  do_el0_svc+0x30/0xac
Jul 13 00:47:12 kria kernel:  el0_svc+0x28/0xb0
Jul 13 00:47:12 kria kernel:  el0t_64_sync_handler+0xa4/0x12c
Jul 13 00:47:12 kria kernel:  el0t_64_sync+0x1a4/0x1a8
Jul 13 00:47:17 kria kernel: BUG: sleeping function called from invalid context at kernel/locking/spinlock_rt.c:46
Jul 13 00:47:17 kria kernel: in_atomic(): 1, irqs_disabled(): 0, non_block: 0, pid: 1091, name: fancontrol
Jul 13 00:47:17 kria kernel: preempt_count: 1, expected: 0
Jul 13 00:47:17 kria kernel: RCU nest depth: 0, expected: 0
Jul 13 00:47:17 kria kernel: Preemption disabled at:
Jul 13 00:47:17 kria kernel: [<ffffbb5f3febd338>] __radix_tree_preload+0x28/0x110
Jul 13 00:47:17 kria kernel: CPU: 1 PID: 1091 Comm: fancontrol Tainted: G        WC        5.15.199-rt91-rt-kv260 #4
Jul 13 00:47:17 kria kernel: Hardware name: ZynqMP KV260 revB (DT)
Jul 13 00:47:17 kria kernel: Call trace:
Jul 13 00:47:17 kria kernel:  dump_backtrace+0x0/0x1f0
Jul 13 00:47:17 kria kernel:  show_stack+0x20/0x2c
Jul 13 00:47:17 kria kernel:  dump_stack_lvl+0x68/0x84
Jul 13 00:47:17 kria kernel:  dump_stack+0x18/0x34
Jul 13 00:47:17 kria kernel:  __might_resched+0x15c/0x1c0
Jul 13 00:47:17 kria kernel:  rt_spin_lock+0x38/0xd0
Jul 13 00:47:17 kria kernel:  alloc_pid+0x280/0x3d0
Jul 13 00:47:17 kria kernel:  copy_process+0x9fc/0x1da4
Jul 13 00:47:17 kria kernel:  kernel_clone+0x98/0x570
Jul 13 00:47:17 kria kernel:  __do_sys_clone+0x74/0xb0
Jul 13 00:47:17 kria kernel:  __arm64_sys_clone+0x28/0x34
Jul 13 00:47:17 kria kernel:  invoke_syscall+0x78/0x100
Jul 13 00:47:17 kria kernel:  el0_svc_common.constprop.0+0x54/0x184
Jul 13 00:47:17 kria kernel:  do_el0_svc+0x30/0xac
Jul 13 00:47:17 kria kernel:  el0_svc+0x28/0xb0
Jul 13 00:47:17 kria kernel:  el0t_64_sync_handler+0xa4/0x12c
Jul 13 00:47:17 kria kernel:  el0t_64_sync+0x1a4/0x1a8
Jul 13 00:47:22 kria kernel: BUG: sleeping function called from invalid context at kernel/locking/spinlock_rt.c:46
Jul 13 00:47:22 kria kernel: in_atomic(): 1, irqs_disabled(): 0, non_block: 0, pid: 1091, name: fancontrol
Jul 13 00:47:22 kria kernel: preempt_count: 1, expected: 0
Jul 13 00:47:22 kria kernel: RCU nest depth: 0, expected: 0
Jul 13 00:47:22 kria kernel: Preemption disabled at:
Jul 13 00:47:22 kria kernel: [<ffffbb5f3febd338>] __radix_tree_preload+0x28/0x110
Jul 13 00:47:22 kria kernel: CPU: 1 PID: 1091 Comm: fancontrol Tainted: G        WC        5.15.199-rt91-rt-kv260 #4
Jul 13 00:47:22 kria kernel: Hardware name: ZynqMP KV260 revB (DT)
Jul 13 00:47:22 kria kernel: Call trace:
Jul 13 00:47:22 kria kernel:  dump_backtrace+0x0/0x1f0
Jul 13 00:47:22 kria kernel:  show_stack+0x20/0x2c
Jul 13 00:47:22 kria kernel:  dump_stack_lvl+0x68/0x84
Jul 13 00:47:22 kria kernel:  dump_stack+0x18/0x34
Jul 13 00:47:22 kria kernel:  __might_resched+0x15c/0x1c0
Jul 13 00:47:22 kria kernel:  rt_spin_lock+0x38/0xd0
Jul 13 00:47:22 kria kernel:  alloc_pid+0x280/0x3d0
Jul 13 00:47:22 kria kernel:  copy_process+0x9fc/0x1da4
Jul 13 00:47:22 kria kernel:  kernel_clone+0x98/0x570
Jul 13 00:47:22 kria kernel:  __do_sys_clone+0x74/0xb0
Jul 13 00:47:22 kria kernel:  __arm64_sys_clone+0x28/0x34
Jul 13 00:47:22 kria kernel:  invoke_syscall+0x78/0x100
Jul 13 00:47:22 kria kernel:  el0_svc_common.constprop.0+0x54/0x184
Jul 13 00:47:22 kria kernel:  do_el0_svc+0x30/0xac
Jul 13 00:47:22 kria kernel:  el0_svc+0x28/0xb0
Jul 13 00:47:22 kria kernel:  el0t_64_sync_handler+0xa4/0x12c
Jul 13 00:47:22 kria kernel:  el0t_64_sync+0x1a4/0x1a8
Jul 13 00:47:25 kria kernel: BUG: sleeping function called from invalid context at kernel/locking/spinlock_rt.c:46
Jul 13 00:47:25 kria kernel: in_atomic(): 1, irqs_disabled(): 0, non_block: 0, pid: 3328, name: claude
Jul 13 00:47:25 kria kernel: preempt_count: 1, expected: 0
Jul 13 00:47:25 kria kernel: RCU nest depth: 0, expected: 0
Jul 13 00:47:25 kria kernel: Preemption disabled at:
Jul 13 00:47:25 kria kernel: [<ffffbb5f3febd338>] __radix_tree_preload+0x28/0x110
Jul 13 00:47:25 kria kernel: CPU: 1 PID: 3328 Comm: claude Tainted: G        WC        5.15.199-rt91-rt-kv260 #4
Jul 13 00:47:25 kria kernel: Hardware name: ZynqMP KV260 revB (DT)
Jul 13 00:47:25 kria kernel: Call trace:
Jul 13 00:47:25 kria kernel:  dump_backtrace+0x0/0x1f0
Jul 13 00:47:25 kria kernel:  show_stack+0x20/0x2c
Jul 13 00:47:25 kria kernel:  dump_stack_lvl+0x68/0x84
Jul 13 00:47:25 kria kernel:  dump_stack+0x18/0x34
Jul 13 00:47:25 kria kernel:  __might_resched+0x15c/0x1c0
Jul 13 00:47:25 kria kernel:  rt_spin_lock+0x38/0xd0
Jul 13 00:47:25 kria kernel:  alloc_pid+0x280/0x3d0
Jul 13 00:47:25 kria kernel:  copy_process+0x9fc/0x1da4
Jul 13 00:47:25 kria kernel:  kernel_clone+0x98/0x570
Jul 13 00:47:25 kria kernel:  __do_sys_clone+0x74/0xb0
Jul 13 00:47:25 kria kernel:  __arm64_sys_clone+0x28/0x34
Jul 13 00:47:25 kria kernel:  invoke_syscall+0x78/0x100
Jul 13 00:47:25 kria kernel:  el0_svc_common.constprop.0+0x54/0x184
Jul 13 00:47:25 kria kernel:  do_el0_svc+0x30/0xac
Jul 13 00:47:25 kria kernel:  el0_svc+0x28/0xb0
Jul 13 00:47:25 kria kernel:  el0t_64_sync_handler+0xa4/0x12c
Jul 13 00:47:25 kria kernel:  el0t_64_sync+0x1a4/0x1a8
Jul 13 00:47:27 kria kernel: BUG: sleeping function called from invalid context at kernel/locking/spinlock_rt.c:46
Jul 13 00:47:27 kria kernel: in_atomic(): 1, irqs_disabled(): 0, non_block: 0, pid: 1091, name: fancontrol
Jul 13 00:47:27 kria kernel: preempt_count: 1, expected: 0
Jul 13 00:47:27 kria kernel: RCU nest depth: 0, expected: 0
Jul 13 00:47:27 kria kernel: Preemption disabled at:
Jul 13 00:47:27 kria kernel: [<ffffbb5f3febd338>] __radix_tree_preload+0x28/0x110
Jul 13 00:47:27 kria kernel: CPU: 1 PID: 1091 Comm: fancontrol Tainted: G        WC        5.15.199-rt91-rt-kv260 #4
Jul 13 00:47:27 kria kernel: Hardware name: ZynqMP KV260 revB (DT)
Jul 13 00:47:27 kria kernel: Call trace:
Jul 13 00:47:27 kria kernel:  dump_backtrace+0x0/0x1f0
Jul 13 00:47:27 kria kernel:  show_stack+0x20/0x2c
Jul 13 00:47:27 kria kernel:  dump_stack_lvl+0x68/0x84
Jul 13 00:47:27 kria kernel:  dump_stack+0x18/0x34
Jul 13 00:47:27 kria kernel:  __might_resched+0x15c/0x1c0
Jul 13 00:47:27 kria kernel:  rt_spin_lock+0x38/0xd0
Jul 13 00:47:27 kria kernel:  alloc_pid+0x280/0x3d0
Jul 13 00:47:27 kria kernel:  copy_process+0x9fc/0x1da4
Jul 13 00:47:27 kria kernel:  kernel_clone+0x98/0x570
Jul 13 00:47:27 kria kernel:  __do_sys_clone+0x74/0xb0
Jul 13 00:47:27 kria kernel:  __arm64_sys_clone+0x28/0x34
Jul 13 00:47:27 kria kernel:  invoke_syscall+0x78/0x100
Jul 13 00:47:27 kria kernel:  el0_svc_common.constprop.0+0x54/0x184
Jul 13 00:47:27 kria kernel:  do_el0_svc+0x30/0xac
Jul 13 00:47:27 kria kernel:  el0_svc+0x28/0xb0
Jul 13 00:47:27 kria kernel:  el0t_64_sync_handler+0xa4/0x12c
Jul 13 00:47:27 kria kernel:  el0t_64_sync+0x1a4/0x1a8
Jul 13 00:47:32 kria kernel: BUG: sleeping function called from invalid context at kernel/locking/spinlock_rt.c:46
Jul 13 00:47:32 kria kernel: in_atomic(): 1, irqs_disabled(): 0, non_block: 0, pid: 1091, name: fancontrol
Jul 13 00:47:32 kria kernel: preempt_count: 1, expected: 0
Jul 13 00:47:32 kria kernel: RCU nest depth: 0, expected: 0
Jul 13 00:47:32 kria kernel: Preemption disabled at:
Jul 13 00:47:32 kria kernel: [<ffffbb5f3febd338>] __radix_tree_preload+0x28/0x110
Jul 13 00:47:32 kria kernel: CPU: 1 PID: 1091 Comm: fancontrol Tainted: G        WC        5.15.199-rt91-rt-kv260 #4
Jul 13 00:47:32 kria kernel: Hardware name: ZynqMP KV260 revB (DT)
Jul 13 00:47:32 kria kernel: Call trace:
Jul 13 00:47:32 kria kernel:  dump_backtrace+0x0/0x1f0
Jul 13 00:47:32 kria kernel:  show_stack+0x20/0x2c
Jul 13 00:47:32 kria kernel:  dump_stack_lvl+0x68/0x84
Jul 13 00:47:32 kria kernel:  dump_stack+0x18/0x34
Jul 13 00:47:32 kria kernel:  __might_resched+0x15c/0x1c0
Jul 13 00:47:32 kria kernel:  rt_spin_lock+0x38/0xd0
Jul 13 00:47:32 kria kernel:  alloc_pid+0x280/0x3d0
Jul 13 00:47:32 kria kernel:  copy_process+0x9fc/0x1da4
Jul 13 00:47:32 kria kernel:  kernel_clone+0x98/0x570
Jul 13 00:47:32 kria kernel:  __do_sys_clone+0x74/0xb0
Jul 13 00:47:32 kria kernel:  __arm64_sys_clone+0x28/0x34
Jul 13 00:47:32 kria kernel:  invoke_syscall+0x78/0x100
Jul 13 00:47:32 kria kernel:  el0_svc_common.constprop.0+0x54/0x184
Jul 13 00:47:32 kria kernel:  do_el0_svc+0x30/0xac
Jul 13 00:47:32 kria kernel:  el0_svc+0x28/0xb0
Jul 13 00:47:32 kria kernel:  el0t_64_sync_handler+0xa4/0x12c
Jul 13 00:47:32 kria kernel:  el0t_64_sync+0x1a4/0x1a8
Jul 13 00:47:37 kria kernel: BUG: sleeping function called from invalid context at kernel/locking/spinlock_rt.c:46
Jul 13 00:47:37 kria kernel: in_atomic(): 1, irqs_disabled(): 0, non_block: 0, pid: 1091, name: fancontrol
Jul 13 00:47:37 kria kernel: preempt_count: 1, expected: 0
Jul 13 00:47:37 kria kernel: RCU nest depth: 0, expected: 0
Jul 13 00:47:37 kria kernel: Preemption disabled at:
Jul 13 00:47:37 kria kernel: [<ffffbb5f3febd338>] __radix_tree_preload+0x28/0x110
Jul 13 00:47:37 kria kernel: CPU: 1 PID: 1091 Comm: fancontrol Tainted: G        WC        5.15.199-rt91-rt-kv260 #4
Jul 13 00:47:37 kria kernel: Hardware name: ZynqMP KV260 revB (DT)
Jul 13 00:47:37 kria kernel: Call trace:
Jul 13 00:47:37 kria kernel:  dump_backtrace+0x0/0x1f0
Jul 13 00:47:37 kria kernel:  show_stack+0x20/0x2c
Jul 13 00:47:37 kria kernel:  dump_stack_lvl+0x68/0x84
Jul 13 00:47:37 kria kernel:  dump_stack+0x18/0x34
Jul 13 00:47:37 kria kernel:  __might_resched+0x15c/0x1c0
Jul 13 00:47:37 kria kernel:  rt_spin_lock+0x38/0xd0
Jul 13 00:47:37 kria kernel:  alloc_pid+0x280/0x3d0
Jul 13 00:47:37 kria kernel:  copy_process+0x9fc/0x1da4
Jul 13 00:47:37 kria kernel:  kernel_clone+0x98/0x570
Jul 13 00:47:37 kria kernel:  __do_sys_clone+0x74/0xb0
Jul 13 00:47:37 kria kernel:  __arm64_sys_clone+0x28/0x34
Jul 13 00:47:37 kria kernel:  invoke_syscall+0x78/0x100
Jul 13 00:47:37 kria kernel:  el0_svc_common.constprop.0+0x54/0x184
Jul 13 00:47:37 kria kernel:  do_el0_svc+0x30/0xac
Jul 13 00:47:37 kria kernel:  el0_svc+0x28/0xb0
Jul 13 00:47:37 kria kernel:  el0t_64_sync_handler+0xa4/0x12c
Jul 13 00:47:37 kria kernel:  el0t_64_sync+0x1a4/0x1a8
Jul 13 00:47:43 kria kernel: BUG: sleeping function called from invalid context at kernel/locking/spinlock_rt.c:46
Jul 13 00:47:43 kria kernel: in_atomic(): 1, irqs_disabled(): 0, non_block: 0, pid: 1091, name: fancontrol
Jul 13 00:47:43 kria kernel: preempt_count: 1, expected: 0
Jul 13 00:47:43 kria kernel: RCU nest depth: 0, expected: 0
Jul 13 00:47:43 kria kernel: Preemption disabled at:
Jul 13 00:47:43 kria kernel: [<ffffbb5f3febd338>] __radix_tree_preload+0x28/0x110
Jul 13 00:47:43 kria kernel: CPU: 2 PID: 1091 Comm: fancontrol Tainted: G        WC        5.15.199-rt91-rt-kv260 #4
Jul 13 00:47:43 kria kernel: Hardware name: ZynqMP KV260 revB (DT)
Jul 13 00:47:43 kria kernel: Call trace:
Jul 13 00:47:43 kria kernel:  dump_backtrace+0x0/0x1f0
Jul 13 00:47:43 kria kernel:  show_stack+0x20/0x2c
Jul 13 00:47:43 kria kernel:  dump_stack_lvl+0x68/0x84
Jul 13 00:47:43 kria kernel:  dump_stack+0x18/0x34
Jul 13 00:47:43 kria kernel:  __might_resched+0x15c/0x1c0
Jul 13 00:47:43 kria kernel:  rt_spin_lock+0x38/0xd0
Jul 13 00:47:43 kria kernel:  alloc_pid+0x280/0x3d0
Jul 13 00:47:43 kria kernel:  copy_process+0x9fc/0x1da4
Jul 13 00:47:43 kria kernel:  kernel_clone+0x98/0x570
Jul 13 00:47:43 kria kernel:  __do_sys_clone+0x74/0xb0
Jul 13 00:47:43 kria kernel:  __arm64_sys_clone+0x28/0x34
Jul 13 00:47:43 kria kernel:  invoke_syscall+0x78/0x100
Jul 13 00:47:43 kria kernel:  el0_svc_common.constprop.0+0x54/0x184
Jul 13 00:47:43 kria kernel:  do_el0_svc+0x30/0xac
Jul 13 00:47:43 kria kernel:  el0_svc+0x28/0xb0
Jul 13 00:47:43 kria kernel:  el0t_64_sync_handler+0xa4/0x12c
Jul 13 00:47:43 kria kernel:  el0t_64_sync+0x1a4/0x1a8
Jul 13 00:47:48 kria kernel: BUG: sleeping function called from invalid context at kernel/locking/spinlock_rt.c:46
Jul 13 00:47:48 kria kernel: in_atomic(): 1, irqs_disabled(): 0, non_block: 0, pid: 1091, name: fancontrol
Jul 13 00:47:48 kria kernel: preempt_count: 1, expected: 0
Jul 13 00:47:48 kria kernel: RCU nest depth: 0, expected: 0
Jul 13 00:47:48 kria kernel: Preemption disabled at:
Jul 13 00:47:48 kria kernel: [<ffffbb5f3febd338>] __radix_tree_preload+0x28/0x110
Jul 13 00:47:48 kria kernel: CPU: 1 PID: 1091 Comm: fancontrol Tainted: G        WC        5.15.199-rt91-rt-kv260 #4
Jul 13 00:47:48 kria kernel: Hardware name: ZynqMP KV260 revB (DT)
Jul 13 00:47:48 kria kernel: Call trace:
Jul 13 00:47:48 kria kernel:  dump_backtrace+0x0/0x1f0
Jul 13 00:47:48 kria kernel:  show_stack+0x20/0x2c
Jul 13 00:47:48 kria kernel:  dump_stack_lvl+0x68/0x84
Jul 13 00:47:48 kria kernel:  dump_stack+0x18/0x34
Jul 13 00:47:48 kria kernel:  __might_resched+0x15c/0x1c0
Jul 13 00:47:48 kria kernel:  rt_spin_lock+0x38/0xd0
Jul 13 00:47:48 kria kernel:  alloc_pid+0x280/0x3d0
Jul 13 00:47:48 kria kernel:  copy_process+0x9fc/0x1da4
Jul 13 00:47:48 kria kernel:  kernel_clone+0x98/0x570
Jul 13 00:47:48 kria kernel:  __do_sys_clone+0x74/0xb0
Jul 13 00:47:48 kria kernel:  __arm64_sys_clone+0x28/0x34
Jul 13 00:47:48 kria kernel:  invoke_syscall+0x78/0x100
Jul 13 00:47:48 kria kernel:  el0_svc_common.constprop.0+0x54/0x184
Jul 13 00:47:48 kria kernel:  do_el0_svc+0x30/0xac
Jul 13 00:47:48 kria kernel:  el0_svc+0x28/0xb0
Jul 13 00:47:48 kria kernel:  el0t_64_sync_handler+0xa4/0x12c
Jul 13 00:47:48 kria kernel:  el0t_64_sync+0x1a4/0x1a8
Jul 13 00:47:53 kria kernel: BUG: sleeping function called from invalid context at kernel/locking/spinlock_rt.c:46
Jul 13 00:47:53 kria kernel: in_atomic(): 1, irqs_disabled(): 0, non_block: 0, pid: 1091, name: fancontrol
Jul 13 00:47:53 kria kernel: preempt_count: 1, expected: 0
Jul 13 00:47:53 kria kernel: RCU nest depth: 0, expected: 0
Jul 13 00:47:53 kria kernel: Preemption disabled at:
Jul 13 00:47:53 kria kernel: [<ffffbb5f3febd338>] __radix_tree_preload+0x28/0x110
Jul 13 00:47:53 kria kernel: CPU: 1 PID: 1091 Comm: fancontrol Tainted: G        WC        5.15.199-rt91-rt-kv260 #4
Jul 13 00:47:53 kria kernel: Hardware name: ZynqMP KV260 revB (DT)
Jul 13 00:47:53 kria kernel: Call trace:
Jul 13 00:47:53 kria kernel:  dump_backtrace+0x0/0x1f0
Jul 13 00:47:53 kria kernel:  show_stack+0x20/0x2c
Jul 13 00:47:53 kria kernel:  dump_stack_lvl+0x68/0x84
Jul 13 00:47:53 kria kernel:  dump_stack+0x18/0x34
Jul 13 00:47:53 kria kernel:  __might_resched+0x15c/0x1c0
Jul 13 00:47:53 kria kernel:  rt_spin_lock+0x38/0xd0
Jul 13 00:47:53 kria kernel:  alloc_pid+0x280/0x3d0
Jul 13 00:47:53 kria kernel:  copy_process+0x9fc/0x1da4
Jul 13 00:47:53 kria kernel:  kernel_clone+0x98/0x570
Jul 13 00:47:53 kria kernel:  __do_sys_clone+0x74/0xb0
Jul 13 00:47:53 kria kernel:  __arm64_sys_clone+0x28/0x34
Jul 13 00:47:53 kria kernel:  invoke_syscall+0x78/0x100
Jul 13 00:47:53 kria kernel:  el0_svc_common.constprop.0+0x54/0x184
Jul 13 00:47:53 kria kernel:  do_el0_svc+0x30/0xac
Jul 13 00:47:53 kria kernel:  el0_svc+0x28/0xb0
Jul 13 00:47:53 kria kernel:  el0t_64_sync_handler+0xa4/0x12c
Jul 13 00:47:53 kria kernel:  el0t_64_sync+0x1a4/0x1a8
Jul 13 00:47:58 kria kernel: BUG: sleeping function called from invalid context at kernel/locking/spinlock_rt.c:46
Jul 13 00:47:58 kria kernel: in_atomic(): 1, irqs_disabled(): 0, non_block: 0, pid: 1091, name: fancontrol
Jul 13 00:47:58 kria kernel: preempt_count: 1, expected: 0
Jul 13 00:47:58 kria kernel: RCU nest depth: 0, expected: 0
Jul 13 00:47:58 kria kernel: Preemption disabled at:
Jul 13 00:47:58 kria kernel: [<ffffbb5f3febd338>] __radix_tree_preload+0x28/0x110
Jul 13 00:47:58 kria kernel: CPU: 3 PID: 1091 Comm: fancontrol Tainted: G        WC        5.15.199-rt91-rt-kv260 #4
Jul 13 00:47:58 kria kernel: Hardware name: ZynqMP KV260 revB (DT)
Jul 13 00:47:58 kria kernel: Call trace:
Jul 13 00:47:58 kria kernel:  dump_backtrace+0x0/0x1f0
Jul 13 00:47:58 kria kernel:  show_stack+0x20/0x2c
Jul 13 00:47:58 kria kernel:  dump_stack_lvl+0x68/0x84
Jul 13 00:47:58 kria kernel:  dump_stack+0x18/0x34
Jul 13 00:47:58 kria kernel:  __might_resched+0x15c/0x1c0
Jul 13 00:47:58 kria kernel:  rt_spin_lock+0x38/0xd0
Jul 13 00:47:58 kria kernel:  alloc_pid+0x280/0x3d0
Jul 13 00:47:58 kria kernel:  copy_process+0x9fc/0x1da4
Jul 13 00:47:58 kria kernel:  kernel_clone+0x98/0x570
Jul 13 00:47:58 kria kernel:  __do_sys_clone+0x74/0xb0
Jul 13 00:47:58 kria kernel:  __arm64_sys_clone+0x28/0x34
Jul 13 00:47:58 kria kernel:  invoke_syscall+0x78/0x100
Jul 13 00:47:58 kria kernel:  el0_svc_common.constprop.0+0x54/0x184
Jul 13 00:47:58 kria kernel:  do_el0_svc+0x30/0xac
Jul 13 00:47:58 kria kernel:  el0_svc+0x28/0xb0
Jul 13 00:47:58 kria kernel:  el0t_64_sync_handler+0xa4/0x12c
Jul 13 00:47:58 kria kernel:  el0t_64_sync+0x1a4/0x1a8
Jul 13 00:48:03 kria kernel: BUG: sleeping function called from invalid context at kernel/locking/spinlock_rt.c:46
Jul 13 00:48:03 kria kernel: in_atomic(): 1, irqs_disabled(): 0, non_block: 0, pid: 1091, name: fancontrol
Jul 13 00:48:03 kria kernel: preempt_count: 1, expected: 0
Jul 13 00:48:03 kria kernel: RCU nest depth: 0, expected: 0
Jul 13 00:48:03 kria kernel: Preemption disabled at:
Jul 13 00:48:03 kria kernel: [<ffffbb5f3febd338>] __radix_tree_preload+0x28/0x110
Jul 13 00:48:03 kria kernel: CPU: 0 PID: 1091 Comm: fancontrol Tainted: G        WC        5.15.199-rt91-rt-kv260 #4
Jul 13 00:48:03 kria kernel: Hardware name: ZynqMP KV260 revB (DT)
Jul 13 00:48:03 kria kernel: Call trace:
Jul 13 00:48:03 kria kernel:  dump_backtrace+0x0/0x1f0
Jul 13 00:48:03 kria kernel:  show_stack+0x20/0x2c
Jul 13 00:48:03 kria kernel:  dump_stack_lvl+0x68/0x84
Jul 13 00:48:03 kria kernel:  dump_stack+0x18/0x34
Jul 13 00:48:03 kria kernel:  __might_resched+0x15c/0x1c0
Jul 13 00:48:03 kria kernel:  rt_spin_lock+0x38/0xd0
Jul 13 00:48:03 kria kernel:  alloc_pid+0x280/0x3d0
Jul 13 00:48:03 kria kernel:  copy_process+0x9fc/0x1da4
Jul 13 00:48:03 kria kernel:  kernel_clone+0x98/0x570
Jul 13 00:48:03 kria kernel:  __do_sys_clone+0x74/0xb0
Jul 13 00:48:03 kria kernel:  __arm64_sys_clone+0x28/0x34
Jul 13 00:48:03 kria kernel:  invoke_syscall+0x78/0x100
Jul 13 00:48:03 kria kernel:  el0_svc_common.constprop.0+0x54/0x184
Jul 13 00:48:03 kria kernel:  do_el0_svc+0x30/0xac
Jul 13 00:48:03 kria kernel:  el0_svc+0x28/0xb0
Jul 13 00:48:03 kria kernel:  el0t_64_sync_handler+0xa4/0x12c
Jul 13 00:48:03 kria kernel:  el0t_64_sync+0x1a4/0x1a8
Jul 13 00:48:06 kria kernel: BUG: sleeping function called from invalid context at kernel/locking/spinlock_rt.c:46
Jul 13 00:48:06 kria kernel: in_atomic(): 1, irqs_disabled(): 0, non_block: 0, pid: 3328, name: claude
Jul 13 00:48:06 kria kernel: preempt_count: 1, expected: 0
Jul 13 00:48:06 kria kernel: RCU nest depth: 0, expected: 0
Jul 13 00:48:06 kria kernel: Preemption disabled at:
Jul 13 00:48:06 kria kernel: [<ffffbb5f3febd338>] __radix_tree_preload+0x28/0x110
Jul 13 00:48:06 kria kernel: CPU: 3 PID: 3328 Comm: claude Tainted: G        WC        5.15.199-rt91-rt-kv260 #4
Jul 13 00:48:06 kria kernel: Hardware name: ZynqMP KV260 revB (DT)
Jul 13 00:48:06 kria kernel: Call trace:
Jul 13 00:48:06 kria kernel:  dump_backtrace+0x0/0x1f0
Jul 13 00:48:06 kria kernel:  show_stack+0x20/0x2c
Jul 13 00:48:06 kria kernel:  dump_stack_lvl+0x68/0x84
Jul 13 00:48:06 kria kernel:  dump_stack+0x18/0x34
Jul 13 00:48:06 kria kernel:  __might_resched+0x15c/0x1c0
Jul 13 00:48:06 kria kernel:  rt_spin_lock+0x38/0xd0
Jul 13 00:48:06 kria kernel:  alloc_pid+0x280/0x3d0
Jul 13 00:48:06 kria kernel:  copy_process+0x9fc/0x1da4
Jul 13 00:48:06 kria kernel:  kernel_clone+0x98/0x570
Jul 13 00:48:06 kria kernel:  __do_sys_clone+0x74/0xb0
Jul 13 00:48:06 kria kernel:  __arm64_sys_clone+0x28/0x34
Jul 13 00:48:06 kria kernel:  invoke_syscall+0x78/0x100
Jul 13 00:48:06 kria kernel:  el0_svc_common.constprop.0+0x54/0x184
Jul 13 00:48:06 kria kernel:  do_el0_svc+0x30/0xac
Jul 13 00:48:06 kria kernel:  el0_svc+0x28/0xb0
Jul 13 00:48:06 kria kernel:  el0t_64_sync_handler+0xa4/0x12c
Jul 13 00:48:06 kria kernel:  el0t_64_sync+0x1a4/0x1a8
Jul 13 00:48:08 kria kernel: BUG: sleeping function called from invalid context at kernel/locking/spinlock_rt.c:46
Jul 13 00:48:08 kria kernel: in_atomic(): 1, irqs_disabled(): 0, non_block: 0, pid: 1091, name: fancontrol
Jul 13 00:48:08 kria kernel: preempt_count: 1, expected: 0
Jul 13 00:48:08 kria kernel: RCU nest depth: 0, expected: 0
Jul 13 00:48:08 kria kernel: Preemption disabled at:
Jul 13 00:48:08 kria kernel: [<ffffbb5f3febd338>] __radix_tree_preload+0x28/0x110
Jul 13 00:48:08 kria kernel: CPU: 3 PID: 1091 Comm: fancontrol Tainted: G        WC        5.15.199-rt91-rt-kv260 #4
Jul 13 00:48:08 kria kernel: Hardware name: ZynqMP KV260 revB (DT)
Jul 13 00:48:08 kria kernel: Call trace:
Jul 13 00:48:08 kria kernel:  dump_backtrace+0x0/0x1f0
Jul 13 00:48:08 kria kernel:  show_stack+0x20/0x2c
Jul 13 00:48:08 kria kernel:  dump_stack_lvl+0x68/0x84
Jul 13 00:48:08 kria kernel:  dump_stack+0x18/0x34
Jul 13 00:48:08 kria kernel:  __might_resched+0x15c/0x1c0
Jul 13 00:48:08 kria kernel:  rt_spin_lock+0x38/0xd0
Jul 13 00:48:08 kria kernel:  alloc_pid+0x280/0x3d0
Jul 13 00:48:08 kria kernel:  copy_process+0x9fc/0x1da4
Jul 13 00:48:08 kria kernel:  kernel_clone+0x98/0x570
Jul 13 00:48:08 kria kernel:  __do_sys_clone+0x74/0xb0
Jul 13 00:48:08 kria kernel:  __arm64_sys_clone+0x28/0x34
Jul 13 00:48:08 kria kernel:  invoke_syscall+0x78/0x100
Jul 13 00:48:08 kria kernel:  el0_svc_common.constprop.0+0x54/0x184
Jul 13 00:48:08 kria kernel:  do_el0_svc+0x30/0xac
Jul 13 00:48:08 kria kernel:  el0_svc+0x28/0xb0
Jul 13 00:48:08 kria kernel:  el0t_64_sync_handler+0xa4/0x12c
Jul 13 00:48:08 kria kernel:  el0t_64_sync+0x1a4/0x1a8
Jul 13 00:48:13 kria kernel: BUG: sleeping function called from invalid context at kernel/locking/spinlock_rt.c:46
Jul 13 00:48:13 kria kernel: in_atomic(): 1, irqs_disabled(): 0, non_block: 0, pid: 1091, name: fancontrol
Jul 13 00:48:13 kria kernel: preempt_count: 1, expected: 0
Jul 13 00:48:13 kria kernel: RCU nest depth: 0, expected: 0
Jul 13 00:48:13 kria kernel: Preemption disabled at:
Jul 13 00:48:13 kria kernel: [<ffffbb5f3febd338>] __radix_tree_preload+0x28/0x110
Jul 13 00:48:13 kria kernel: CPU: 0 PID: 1091 Comm: fancontrol Tainted: G        WC        5.15.199-rt91-rt-kv260 #4
Jul 13 00:48:13 kria kernel: Hardware name: ZynqMP KV260 revB (DT)
Jul 13 00:48:13 kria kernel: Call trace:
Jul 13 00:48:13 kria kernel:  dump_backtrace+0x0/0x1f0
Jul 13 00:48:13 kria kernel:  show_stack+0x20/0x2c
Jul 13 00:48:13 kria kernel:  dump_stack_lvl+0x68/0x84
Jul 13 00:48:13 kria kernel:  dump_stack+0x18/0x34
Jul 13 00:48:13 kria kernel:  __might_resched+0x15c/0x1c0
Jul 13 00:48:13 kria kernel:  rt_spin_lock+0x38/0xd0
Jul 13 00:48:13 kria kernel:  alloc_pid+0x280/0x3d0
Jul 13 00:48:13 kria kernel:  copy_process+0x9fc/0x1da4
Jul 13 00:48:13 kria kernel:  kernel_clone+0x98/0x570
Jul 13 00:48:13 kria kernel:  __do_sys_clone+0x74/0xb0
Jul 13 00:48:13 kria kernel:  __arm64_sys_clone+0x28/0x34
Jul 13 00:48:13 kria kernel:  invoke_syscall+0x78/0x100
Jul 13 00:48:13 kria kernel:  el0_svc_common.constprop.0+0x54/0x184
Jul 13 00:48:13 kria kernel:  do_el0_svc+0x30/0xac
Jul 13 00:48:13 kria kernel:  el0_svc+0x28/0xb0
Jul 13 00:48:13 kria kernel:  el0t_64_sync_handler+0xa4/0x12c
Jul 13 00:48:13 kria kernel:  el0t_64_sync+0x1a4/0x1a8
Jul 13 00:48:18 kria kernel: BUG: sleeping function called from invalid context at kernel/locking/spinlock_rt.c:46
Jul 13 00:48:18 kria kernel: in_atomic(): 1, irqs_disabled(): 0, non_block: 0, pid: 1091, name: fancontrol
Jul 13 00:48:18 kria kernel: preempt_count: 1, expected: 0
Jul 13 00:48:18 kria kernel: RCU nest depth: 0, expected: 0
Jul 13 00:48:18 kria kernel: Preemption disabled at:
Jul 13 00:48:18 kria kernel: [<ffffbb5f3febd338>] __radix_tree_preload+0x28/0x110
Jul 13 00:48:18 kria kernel: CPU: 0 PID: 1091 Comm: fancontrol Tainted: G        WC        5.15.199-rt91-rt-kv260 #4
Jul 13 00:48:18 kria kernel: Hardware name: ZynqMP KV260 revB (DT)
Jul 13 00:48:18 kria kernel: Call trace:
Jul 13 00:48:18 kria kernel:  dump_backtrace+0x0/0x1f0
Jul 13 00:48:18 kria kernel:  show_stack+0x20/0x2c
Jul 13 00:48:18 kria kernel:  dump_stack_lvl+0x68/0x84
Jul 13 00:48:18 kria kernel:  dump_stack+0x18/0x34
Jul 13 00:48:18 kria kernel:  __might_resched+0x15c/0x1c0
Jul 13 00:48:18 kria kernel:  rt_spin_lock+0x38/0xd0
Jul 13 00:48:18 kria kernel:  alloc_pid+0x280/0x3d0
Jul 13 00:48:18 kria kernel:  copy_process+0x9fc/0x1da4
Jul 13 00:48:18 kria kernel:  kernel_clone+0x98/0x570
Jul 13 00:48:18 kria kernel:  __do_sys_clone+0x74/0xb0
Jul 13 00:48:18 kria kernel:  __arm64_sys_clone+0x28/0x34
Jul 13 00:48:18 kria kernel:  invoke_syscall+0x78/0x100
Jul 13 00:48:18 kria kernel:  el0_svc_common.constprop.0+0x54/0x184
Jul 13 00:48:18 kria kernel:  do_el0_svc+0x30/0xac
Jul 13 00:48:18 kria kernel:  el0_svc+0x28/0xb0
Jul 13 00:48:18 kria kernel:  el0t_64_sync_handler+0xa4/0x12c
Jul 13 00:48:18 kria kernel:  el0t_64_sync+0x1a4/0x1a8
Jul 13 00:48:23 kria kernel: BUG: sleeping function called from invalid context at kernel/locking/spinlock_rt.c:46
Jul 13 00:48:23 kria kernel: in_atomic(): 1, irqs_disabled(): 0, non_block: 0, pid: 1091, name: fancontrol
Jul 13 00:48:23 kria kernel: preempt_count: 1, expected: 0
Jul 13 00:48:23 kria kernel: RCU nest depth: 0, expected: 0
Jul 13 00:48:23 kria kernel: Preemption disabled at:
Jul 13 00:48:23 kria kernel: [<ffffbb5f3febd338>] __radix_tree_preload+0x28/0x110
Jul 13 00:48:23 kria kernel: CPU: 3 PID: 1091 Comm: fancontrol Tainted: G        WC        5.15.199-rt91-rt-kv260 #4
Jul 13 00:48:23 kria kernel: Hardware name: ZynqMP KV260 revB (DT)
Jul 13 00:48:23 kria kernel: Call trace:
Jul 13 00:48:23 kria kernel:  dump_backtrace+0x0/0x1f0
Jul 13 00:48:23 kria kernel:  show_stack+0x20/0x2c
Jul 13 00:48:23 kria kernel:  dump_stack_lvl+0x68/0x84
Jul 13 00:48:23 kria kernel:  dump_stack+0x18/0x34
Jul 13 00:48:23 kria kernel:  __might_resched+0x15c/0x1c0
Jul 13 00:48:23 kria kernel:  rt_spin_lock+0x38/0xd0
Jul 13 00:48:23 kria kernel:  alloc_pid+0x280/0x3d0
Jul 13 00:48:23 kria kernel:  copy_process+0x9fc/0x1da4
Jul 13 00:48:23 kria kernel:  kernel_clone+0x98/0x570
Jul 13 00:48:23 kria kernel:  __do_sys_clone+0x74/0xb0
Jul 13 00:48:23 kria kernel:  __arm64_sys_clone+0x28/0x34
Jul 13 00:48:23 kria kernel:  invoke_syscall+0x78/0x100
Jul 13 00:48:23 kria kernel:  el0_svc_common.constprop.0+0x54/0x184
Jul 13 00:48:23 kria kernel:  do_el0_svc+0x30/0xac
Jul 13 00:48:23 kria kernel:  el0_svc+0x28/0xb0
Jul 13 00:48:23 kria kernel:  el0t_64_sync_handler+0xa4/0x12c
Jul 13 00:48:23 kria kernel:  el0t_64_sync+0x1a4/0x1a8
Jul 13 00:48:28 kria kernel: BUG: sleeping function called from invalid context at kernel/locking/spinlock_rt.c:46
Jul 13 00:48:28 kria kernel: in_atomic(): 1, irqs_disabled(): 0, non_block: 0, pid: 1091, name: fancontrol
Jul 13 00:48:28 kria kernel: preempt_count: 1, expected: 0
Jul 13 00:48:28 kria kernel: RCU nest depth: 0, expected: 0
Jul 13 00:48:28 kria kernel: Preemption disabled at:
Jul 13 00:48:28 kria kernel: [<ffffbb5f3febd338>] __radix_tree_preload+0x28/0x110
Jul 13 00:48:28 kria kernel: CPU: 3 PID: 1091 Comm: fancontrol Tainted: G        WC        5.15.199-rt91-rt-kv260 #4
Jul 13 00:48:28 kria kernel: Hardware name: ZynqMP KV260 revB (DT)
Jul 13 00:48:28 kria kernel: Call trace:
Jul 13 00:48:28 kria kernel:  dump_backtrace+0x0/0x1f0
Jul 13 00:48:28 kria kernel:  show_stack+0x20/0x2c
Jul 13 00:48:28 kria kernel:  dump_stack_lvl+0x68/0x84
Jul 13 00:48:28 kria kernel:  dump_stack+0x18/0x34
Jul 13 00:48:28 kria kernel:  __might_resched+0x15c/0x1c0
Jul 13 00:48:28 kria kernel:  rt_spin_lock+0x38/0xd0
Jul 13 00:48:28 kria kernel:  alloc_pid+0x280/0x3d0
Jul 13 00:48:28 kria kernel:  copy_process+0x9fc/0x1da4
Jul 13 00:48:28 kria kernel:  kernel_clone+0x98/0x570
Jul 13 00:48:28 kria kernel:  __do_sys_clone+0x74/0xb0
Jul 13 00:48:28 kria kernel:  __arm64_sys_clone+0x28/0x34
Jul 13 00:48:28 kria kernel:  invoke_syscall+0x78/0x100
Jul 13 00:48:28 kria kernel:  el0_svc_common.constprop.0+0x54/0x184
Jul 13 00:48:28 kria kernel:  do_el0_svc+0x30/0xac
Jul 13 00:48:28 kria kernel:  el0_svc+0x28/0xb0
Jul 13 00:48:28 kria kernel:  el0t_64_sync_handler+0xa4/0x12c
Jul 13 00:48:28 kria kernel:  el0t_64_sync+0x1a4/0x1a8
Jul 13 00:48:33 kria kernel: BUG: sleeping function called from invalid context at kernel/locking/spinlock_rt.c:46
Jul 13 00:48:33 kria kernel: in_atomic(): 1, irqs_disabled(): 0, non_block: 0, pid: 1091, name: fancontrol
Jul 13 00:48:33 kria kernel: preempt_count: 1, expected: 0
Jul 13 00:48:33 kria kernel: RCU nest depth: 0, expected: 0
Jul 13 00:48:33 kria kernel: Preemption disabled at:
Jul 13 00:48:33 kria kernel: [<ffffbb5f3febd338>] __radix_tree_preload+0x28/0x110
Jul 13 00:48:33 kria kernel: CPU: 3 PID: 1091 Comm: fancontrol Tainted: G        WC        5.15.199-rt91-rt-kv260 #4
Jul 13 00:48:33 kria kernel: Hardware name: ZynqMP KV260 revB (DT)
Jul 13 00:48:33 kria kernel: Call trace:
Jul 13 00:48:33 kria kernel:  dump_backtrace+0x0/0x1f0
Jul 13 00:48:33 kria kernel:  show_stack+0x20/0x2c
Jul 13 00:48:33 kria kernel:  dump_stack_lvl+0x68/0x84
Jul 13 00:48:33 kria kernel:  dump_stack+0x18/0x34
Jul 13 00:48:33 kria kernel:  __might_resched+0x15c/0x1c0
Jul 13 00:48:33 kria kernel:  rt_spin_lock+0x38/0xd0
Jul 13 00:48:33 kria kernel:  alloc_pid+0x280/0x3d0
Jul 13 00:48:33 kria kernel:  copy_process+0x9fc/0x1da4
Jul 13 00:48:33 kria kernel:  kernel_clone+0x98/0x570
Jul 13 00:48:33 kria kernel:  __do_sys_clone+0x74/0xb0
Jul 13 00:48:33 kria kernel:  __arm64_sys_clone+0x28/0x34
Jul 13 00:48:33 kria kernel:  invoke_syscall+0x78/0x100
Jul 13 00:48:33 kria kernel:  el0_svc_common.constprop.0+0x54/0x184
Jul 13 00:48:33 kria kernel:  do_el0_svc+0x30/0xac
Jul 13 00:48:33 kria kernel:  el0_svc+0x28/0xb0
Jul 13 00:48:33 kria kernel:  el0t_64_sync_handler+0xa4/0x12c
Jul 13 00:48:33 kria kernel:  el0t_64_sync+0x1a4/0x1a8
Jul 13 00:48:38 kria kernel: BUG: sleeping function called from invalid context at kernel/locking/spinlock_rt.c:46
Jul 13 00:48:38 kria kernel: in_atomic(): 1, irqs_disabled(): 0, non_block: 0, pid: 1091, name: fancontrol
Jul 13 00:48:38 kria kernel: preempt_count: 1, expected: 0
Jul 13 00:48:38 kria kernel: RCU nest depth: 0, expected: 0
Jul 13 00:48:38 kria kernel: Preemption disabled at:
Jul 13 00:48:38 kria kernel: [<ffffbb5f3febd338>] __radix_tree_preload+0x28/0x110
Jul 13 00:48:38 kria kernel: CPU: 3 PID: 1091 Comm: fancontrol Tainted: G        WC        5.15.199-rt91-rt-kv260 #4
Jul 13 00:48:38 kria kernel: Hardware name: ZynqMP KV260 revB (DT)
Jul 13 00:48:38 kria kernel: Call trace:
Jul 13 00:48:38 kria kernel:  dump_backtrace+0x0/0x1f0
Jul 13 00:48:38 kria kernel:  show_stack+0x20/0x2c
Jul 13 00:48:38 kria kernel:  dump_stack_lvl+0x68/0x84
Jul 13 00:48:38 kria kernel:  dump_stack+0x18/0x34
Jul 13 00:48:38 kria kernel:  __might_resched+0x15c/0x1c0
Jul 13 00:48:38 kria kernel:  rt_spin_lock+0x38/0xd0
Jul 13 00:48:38 kria kernel:  alloc_pid+0x280/0x3d0
Jul 13 00:48:38 kria kernel:  copy_process+0x9fc/0x1da4
Jul 13 00:48:38 kria kernel:  kernel_clone+0x98/0x570
Jul 13 00:48:38 kria kernel:  __do_sys_clone+0x74/0xb0
Jul 13 00:48:38 kria kernel:  __arm64_sys_clone+0x28/0x34
Jul 13 00:48:38 kria kernel:  invoke_syscall+0x78/0x100
Jul 13 00:48:38 kria kernel:  el0_svc_common.constprop.0+0x54/0x184
Jul 13 00:48:38 kria kernel:  do_el0_svc+0x30/0xac
Jul 13 00:48:38 kria kernel:  el0_svc+0x28/0xb0
Jul 13 00:48:38 kria kernel:  el0t_64_sync_handler+0xa4/0x12c
Jul 13 00:48:38 kria kernel:  el0t_64_sync+0x1a4/0x1a8
Jul 13 00:48:43 kria kernel: BUG: sleeping function called from invalid context at kernel/locking/spinlock_rt.c:46
Jul 13 00:48:43 kria kernel: in_atomic(): 1, irqs_disabled(): 0, non_block: 0, pid: 1091, name: fancontrol
Jul 13 00:48:43 kria kernel: preempt_count: 1, expected: 0
Jul 13 00:48:43 kria kernel: RCU nest depth: 0, expected: 0
Jul 13 00:48:43 kria kernel: Preemption disabled at:
Jul 13 00:48:43 kria kernel: [<ffffbb5f3febd338>] __radix_tree_preload+0x28/0x110
Jul 13 00:48:43 kria kernel: CPU: 0 PID: 1091 Comm: fancontrol Tainted: G        WC        5.15.199-rt91-rt-kv260 #4
Jul 13 00:48:43 kria kernel: Hardware name: ZynqMP KV260 revB (DT)
Jul 13 00:48:43 kria kernel: Call trace:
Jul 13 00:48:43 kria kernel:  dump_backtrace+0x0/0x1f0
Jul 13 00:48:43 kria kernel:  show_stack+0x20/0x2c
Jul 13 00:48:43 kria kernel:  dump_stack_lvl+0x68/0x84
Jul 13 00:48:43 kria kernel:  dump_stack+0x18/0x34
Jul 13 00:48:43 kria kernel:  __might_resched+0x15c/0x1c0
Jul 13 00:48:43 kria kernel:  rt_spin_lock+0x38/0xd0
Jul 13 00:48:43 kria kernel:  alloc_pid+0x280/0x3d0
Jul 13 00:48:43 kria kernel:  copy_process+0x9fc/0x1da4
Jul 13 00:48:43 kria kernel:  kernel_clone+0x98/0x570
Jul 13 00:48:43 kria kernel:  __do_sys_clone+0x74/0xb0
Jul 13 00:48:43 kria kernel:  __arm64_sys_clone+0x28/0x34
Jul 13 00:48:43 kria kernel:  invoke_syscall+0x78/0x100
Jul 13 00:48:43 kria kernel:  el0_svc_common.constprop.0+0x54/0x184
Jul 13 00:48:43 kria kernel:  do_el0_svc+0x30/0xac
Jul 13 00:48:43 kria kernel:  el0_svc+0x28/0xb0
Jul 13 00:48:43 kria kernel:  el0t_64_sync_handler+0xa4/0x12c
Jul 13 00:48:43 kria kernel:  el0t_64_sync+0x1a4/0x1a8
Jul 13 00:48:44 kria kernel: BUG: sleeping function called from invalid context at kernel/locking/spinlock_rt.c:46
Jul 13 00:48:44 kria kernel: in_atomic(): 1, irqs_disabled(): 0, non_block: 0, pid: 3328, name: claude
Jul 13 00:48:44 kria kernel: preempt_count: 1, expected: 0
Jul 13 00:48:44 kria kernel: RCU nest depth: 0, expected: 0
Jul 13 00:48:44 kria kernel: Preemption disabled at:
Jul 13 00:48:44 kria kernel: [<ffffbb5f3febd338>] __radix_tree_preload+0x28/0x110
Jul 13 00:48:44 kria kernel: CPU: 3 PID: 3328 Comm: claude Tainted: G        WC        5.15.199-rt91-rt-kv260 #4
Jul 13 00:48:44 kria kernel: Hardware name: ZynqMP KV260 revB (DT)
Jul 13 00:48:44 kria kernel: Call trace:
Jul 13 00:48:44 kria kernel:  dump_backtrace+0x0/0x1f0
Jul 13 00:48:44 kria kernel:  show_stack+0x20/0x2c
Jul 13 00:48:44 kria kernel:  dump_stack_lvl+0x68/0x84
Jul 13 00:48:44 kria kernel:  dump_stack+0x18/0x34
Jul 13 00:48:44 kria kernel:  __might_resched+0x15c/0x1c0
Jul 13 00:48:44 kria kernel:  rt_spin_lock+0x38/0xd0
Jul 13 00:48:44 kria kernel:  alloc_pid+0x280/0x3d0
Jul 13 00:48:44 kria kernel:  copy_process+0x9fc/0x1da4
Jul 13 00:48:44 kria kernel:  kernel_clone+0x98/0x570
Jul 13 00:48:44 kria kernel:  __do_sys_clone+0x74/0xb0
Jul 13 00:48:44 kria kernel:  __arm64_sys_clone+0x28/0x34
Jul 13 00:48:44 kria kernel:  invoke_syscall+0x78/0x100
Jul 13 00:48:44 kria kernel:  el0_svc_common.constprop.0+0x54/0x184
Jul 13 00:48:44 kria kernel:  do_el0_svc+0x30/0xac
Jul 13 00:48:44 kria kernel:  el0_svc+0x28/0xb0
Jul 13 00:48:44 kria kernel:  el0t_64_sync_handler+0xa4/0x12c
Jul 13 00:48:44 kria kernel:  el0t_64_sync+0x1a4/0x1a8
Jul 13 00:48:48 kria kernel: BUG: sleeping function called from invalid context at kernel/locking/spinlock_rt.c:46
Jul 13 00:48:48 kria kernel: in_atomic(): 1, irqs_disabled(): 0, non_block: 0, pid: 1091, name: fancontrol
Jul 13 00:48:48 kria kernel: preempt_count: 1, expected: 0
Jul 13 00:48:48 kria kernel: RCU nest depth: 0, expected: 0
Jul 13 00:48:48 kria kernel: Preemption disabled at:
Jul 13 00:48:48 kria kernel: [<ffffbb5f3febd338>] __radix_tree_preload+0x28/0x110
Jul 13 00:48:48 kria kernel: CPU: 0 PID: 1091 Comm: fancontrol Tainted: G        WC        5.15.199-rt91-rt-kv260 #4
Jul 13 00:48:48 kria kernel: Hardware name: ZynqMP KV260 revB (DT)
Jul 13 00:48:48 kria kernel: Call trace:
Jul 13 00:48:48 kria kernel:  dump_backtrace+0x0/0x1f0
Jul 13 00:48:48 kria kernel:  show_stack+0x20/0x2c
Jul 13 00:48:48 kria kernel:  dump_stack_lvl+0x68/0x84
Jul 13 00:48:48 kria kernel:  dump_stack+0x18/0x34
Jul 13 00:48:48 kria kernel:  __might_resched+0x15c/0x1c0
Jul 13 00:48:48 kria kernel:  rt_spin_lock+0x38/0xd0
Jul 13 00:48:48 kria kernel:  alloc_pid+0x280/0x3d0
Jul 13 00:48:48 kria kernel:  copy_process+0x9fc/0x1da4
Jul 13 00:48:48 kria kernel:  kernel_clone+0x98/0x570
Jul 13 00:48:48 kria kernel:  __do_sys_clone+0x74/0xb0
Jul 13 00:48:48 kria kernel:  __arm64_sys_clone+0x28/0x34
Jul 13 00:48:48 kria kernel:  invoke_syscall+0x78/0x100
Jul 13 00:48:48 kria kernel:  el0_svc_common.constprop.0+0x54/0x184
Jul 13 00:48:48 kria kernel:  do_el0_svc+0x30/0xac
Jul 13 00:48:48 kria kernel:  el0_svc+0x28/0xb0
Jul 13 00:48:48 kria kernel:  el0t_64_sync_handler+0xa4/0x12c
Jul 13 00:48:48 kria kernel:  el0t_64_sync+0x1a4/0x1a8
Jul 13 00:48:53 kria kernel: BUG: sleeping function called from invalid context at kernel/locking/spinlock_rt.c:46
Jul 13 00:48:53 kria kernel: in_atomic(): 1, irqs_disabled(): 0, non_block: 0, pid: 2952, name: tokio-rt-worker
Jul 13 00:48:53 kria kernel: preempt_count: 1, expected: 0
Jul 13 00:48:53 kria kernel: RCU nest depth: 0, expected: 0
Jul 13 00:48:53 kria kernel: Preemption disabled at:
Jul 13 00:48:53 kria kernel: [<ffffbb5f3febd338>] __radix_tree_preload+0x28/0x110
Jul 13 00:48:53 kria kernel: CPU: 3 PID: 2952 Comm: tokio-rt-worker Tainted: G        WC        5.15.199-rt91-rt-kv260 #4
Jul 13 00:48:53 kria kernel: Hardware name: ZynqMP KV260 revB (DT)
Jul 13 00:48:53 kria kernel: Call trace:
Jul 13 00:48:53 kria kernel:  dump_backtrace+0x0/0x1f0
Jul 13 00:48:53 kria kernel:  show_stack+0x20/0x2c
Jul 13 00:48:53 kria kernel:  dump_stack_lvl+0x68/0x84
Jul 13 00:48:53 kria kernel:  dump_stack+0x18/0x34
Jul 13 00:48:53 kria kernel:  __might_resched+0x15c/0x1c0
Jul 13 00:48:53 kria kernel:  rt_spin_lock+0x38/0xd0
Jul 13 00:48:53 kria kernel:  alloc_pid+0x280/0x3d0
Jul 13 00:48:53 kria kernel:  copy_process+0x9fc/0x1da4
Jul 13 00:48:53 kria kernel:  kernel_clone+0x98/0x570
Jul 13 00:48:53 kria kernel:  __do_sys_clone+0x74/0xb0
Jul 13 00:48:53 kria kernel:  __arm64_sys_clone+0x28/0x34
Jul 13 00:48:53 kria kernel:  invoke_syscall+0x78/0x100
Jul 13 00:48:53 kria kernel:  el0_svc_common.constprop.0+0x54/0x184
Jul 13 00:48:53 kria kernel:  do_el0_svc+0x30/0xac
Jul 13 00:48:53 kria kernel:  el0_svc+0x28/0xb0
Jul 13 00:48:53 kria kernel:  el0t_64_sync_handler+0xa4/0x12c
Jul 13 00:48:53 kria kernel:  el0t_64_sync+0x1a4/0x1a8
Jul 13 00:48:58 kria kernel: BUG: sleeping function called from invalid context at kernel/locking/spinlock_rt.c:46
Jul 13 00:48:58 kria kernel: in_atomic(): 1, irqs_disabled(): 0, non_block: 0, pid: 1091, name: fancontrol
Jul 13 00:48:58 kria kernel: preempt_count: 1, expected: 0
Jul 13 00:48:58 kria kernel: RCU nest depth: 0, expected: 0
Jul 13 00:48:58 kria kernel: Preemption disabled at:
Jul 13 00:48:58 kria kernel: [<ffffbb5f3febd338>] __radix_tree_preload+0x28/0x110
Jul 13 00:48:58 kria kernel: CPU: 1 PID: 1091 Comm: fancontrol Tainted: G        WC        5.15.199-rt91-rt-kv260 #4
Jul 13 00:48:58 kria kernel: Hardware name: ZynqMP KV260 revB (DT)
Jul 13 00:48:58 kria kernel: Call trace:
Jul 13 00:48:58 kria kernel:  dump_backtrace+0x0/0x1f0
Jul 13 00:48:58 kria kernel:  show_stack+0x20/0x2c
Jul 13 00:48:58 kria kernel:  dump_stack_lvl+0x68/0x84
Jul 13 00:48:58 kria kernel:  dump_stack+0x18/0x34
Jul 13 00:48:58 kria kernel:  __might_resched+0x15c/0x1c0
Jul 13 00:48:58 kria kernel:  rt_spin_lock+0x38/0xd0
Jul 13 00:48:58 kria kernel:  alloc_pid+0x280/0x3d0
Jul 13 00:48:58 kria kernel:  copy_process+0x9fc/0x1da4
Jul 13 00:48:58 kria kernel:  kernel_clone+0x98/0x570
Jul 13 00:48:58 kria kernel:  __do_sys_clone+0x74/0xb0
Jul 13 00:48:58 kria kernel:  __arm64_sys_clone+0x28/0x34
Jul 13 00:48:58 kria kernel:  invoke_syscall+0x78/0x100
Jul 13 00:48:58 kria kernel:  el0_svc_common.constprop.0+0x54/0x184
Jul 13 00:48:58 kria kernel:  do_el0_svc+0x30/0xac
Jul 13 00:48:58 kria kernel:  el0_svc+0x28/0xb0
Jul 13 00:48:58 kria kernel:  el0t_64_sync_handler+0xa4/0x12c
Jul 13 00:48:58 kria kernel:  el0t_64_sync+0x1a4/0x1a8
Jul 13 00:49:02 kria kernel: BUG: sleeping function called from invalid context at kernel/locking/spinlock_rt.c:46
Jul 13 00:49:02 kria kernel: in_atomic(): 1, irqs_disabled(): 0, non_block: 0, pid: 2, name: kthreadd
Jul 13 00:49:02 kria kernel: preempt_count: 1, expected: 0
Jul 13 00:49:02 kria kernel: RCU nest depth: 0, expected: 0
Jul 13 00:49:02 kria kernel: Preemption disabled at:
Jul 13 00:49:02 kria kernel: [<ffffbb5f3febd338>] __radix_tree_preload+0x28/0x110
Jul 13 00:49:02 kria kernel: CPU: 2 PID: 2 Comm: kthreadd Tainted: G        WC        5.15.199-rt91-rt-kv260 #4
Jul 13 00:49:02 kria kernel: Hardware name: ZynqMP KV260 revB (DT)
Jul 13 00:49:02 kria kernel: Call trace:
Jul 13 00:49:02 kria kernel:  dump_backtrace+0x0/0x1f0
Jul 13 00:49:02 kria kernel:  show_stack+0x20/0x2c
Jul 13 00:49:02 kria kernel:  dump_stack_lvl+0x68/0x84
Jul 13 00:49:02 kria kernel:  dump_stack+0x18/0x34
Jul 13 00:49:02 kria kernel:  __might_resched+0x15c/0x1c0
Jul 13 00:49:02 kria kernel:  rt_spin_lock+0x38/0xd0
Jul 13 00:49:02 kria kernel:  alloc_pid+0x280/0x3d0
Jul 13 00:49:02 kria kernel:  copy_process+0x9fc/0x1da4
Jul 13 00:49:02 kria kernel:  kernel_clone+0x98/0x570
Jul 13 00:49:02 kria kernel:  kernel_thread+0x78/0xb0
Jul 13 00:49:02 kria kernel:  kthreadd+0x16c/0x2b0
Jul 13 00:49:02 kria kernel:  ret_from_fork+0x10/0x20
Jul 13 00:49:08 kria kernel: BUG: sleeping function called from invalid context at kernel/locking/spinlock_rt.c:46
Jul 13 00:49:08 kria kernel: in_atomic(): 1, irqs_disabled(): 0, non_block: 0, pid: 1091, name: fancontrol
Jul 13 00:49:08 kria kernel: preempt_count: 1, expected: 0
Jul 13 00:49:08 kria kernel: RCU nest depth: 0, expected: 0
Jul 13 00:49:08 kria kernel: Preemption disabled at:
Jul 13 00:49:08 kria kernel: [<ffffbb5f3febd338>] __radix_tree_preload+0x28/0x110
Jul 13 00:49:08 kria kernel: CPU: 3 PID: 1091 Comm: fancontrol Tainted: G        WC        5.15.199-rt91-rt-kv260 #4
Jul 13 00:49:08 kria kernel: Hardware name: ZynqMP KV260 revB (DT)
Jul 13 00:49:08 kria kernel: Call trace:
Jul 13 00:49:08 kria kernel:  dump_backtrace+0x0/0x1f0
Jul 13 00:49:08 kria kernel:  show_stack+0x20/0x2c
Jul 13 00:49:08 kria kernel:  dump_stack_lvl+0x68/0x84
Jul 13 00:49:08 kria kernel:  dump_stack+0x18/0x34
Jul 13 00:49:08 kria kernel:  __might_resched+0x15c/0x1c0
Jul 13 00:49:08 kria kernel:  rt_spin_lock+0x38/0xd0
Jul 13 00:49:08 kria kernel:  alloc_pid+0x280/0x3d0
Jul 13 00:49:08 kria kernel:  copy_process+0x9fc/0x1da4
Jul 13 00:49:08 kria kernel:  kernel_clone+0x98/0x570
Jul 13 00:49:08 kria kernel:  __do_sys_clone+0x74/0xb0
Jul 13 00:49:08 kria kernel:  __arm64_sys_clone+0x28/0x34
Jul 13 00:49:08 kria kernel:  invoke_syscall+0x78/0x100
Jul 13 00:49:08 kria kernel:  el0_svc_common.constprop.0+0x54/0x184
Jul 13 00:49:08 kria kernel:  do_el0_svc+0x30/0xac
Jul 13 00:49:08 kria kernel:  el0_svc+0x28/0xb0
Jul 13 00:49:08 kria kernel:  el0t_64_sync_handler+0xa4/0x12c
Jul 13 00:49:08 kria kernel:  el0t_64_sync+0x1a4/0x1a8
Jul 13 00:49:11 kria kernel: BUG: sleeping function called from invalid context at kernel/locking/spinlock_rt.c:46
Jul 13 00:49:11 kria kernel: in_atomic(): 1, irqs_disabled(): 0, non_block: 0, pid: 3328, name: claude
Jul 13 00:49:11 kria kernel: preempt_count: 1, expected: 0
Jul 13 00:49:11 kria kernel: RCU nest depth: 0, expected: 0
Jul 13 00:49:11 kria kernel: Preemption disabled at:
Jul 13 00:49:11 kria kernel: [<ffffbb5f3febd338>] __radix_tree_preload+0x28/0x110
Jul 13 00:49:11 kria kernel: CPU: 0 PID: 3328 Comm: claude Tainted: G        WC        5.15.199-rt91-rt-kv260 #4
Jul 13 00:49:11 kria kernel: Hardware name: ZynqMP KV260 revB (DT)
Jul 13 00:49:11 kria kernel: Call trace:
Jul 13 00:49:11 kria kernel:  dump_backtrace+0x0/0x1f0
Jul 13 00:49:11 kria kernel:  show_stack+0x20/0x2c
Jul 13 00:49:11 kria kernel:  dump_stack_lvl+0x68/0x84
Jul 13 00:49:11 kria kernel:  dump_stack+0x18/0x34
Jul 13 00:49:11 kria kernel:  __might_resched+0x15c/0x1c0
Jul 13 00:49:11 kria kernel:  rt_spin_lock+0x38/0xd0
Jul 13 00:49:11 kria kernel:  alloc_pid+0x280/0x3d0
Jul 13 00:49:11 kria kernel:  copy_process+0x9fc/0x1da4
Jul 13 00:49:11 kria kernel:  kernel_clone+0x98/0x570
Jul 13 00:49:11 kria kernel:  __do_sys_clone+0x74/0xb0
Jul 13 00:49:11 kria kernel:  __arm64_sys_clone+0x28/0x34
Jul 13 00:49:11 kria kernel:  invoke_syscall+0x78/0x100
Jul 13 00:49:11 kria kernel:  el0_svc_common.constprop.0+0x54/0x184
Jul 13 00:49:11 kria kernel:  do_el0_svc+0x30/0xac
Jul 13 00:49:11 kria kernel:  el0_svc+0x28/0xb0
Jul 13 00:49:11 kria kernel:  el0t_64_sync_handler+0xa4/0x12c
Jul 13 00:49:11 kria kernel:  el0t_64_sync+0x1a4/0x1a8
Jul 13 00:49:13 kria kernel: BUG: sleeping function called from invalid context at kernel/locking/spinlock_rt.c:46
Jul 13 00:49:13 kria kernel: in_atomic(): 1, irqs_disabled(): 0, non_block: 0, pid: 1091, name: fancontrol
Jul 13 00:49:13 kria kernel: preempt_count: 1, expected: 0
Jul 13 00:49:13 kria kernel: RCU nest depth: 0, expected: 0
Jul 13 00:49:13 kria kernel: Preemption disabled at:
Jul 13 00:49:13 kria kernel: [<ffffbb5f3febd338>] __radix_tree_preload+0x28/0x110
Jul 13 00:49:13 kria kernel: CPU: 3 PID: 1091 Comm: fancontrol Tainted: G        WC        5.15.199-rt91-rt-kv260 #4
Jul 13 00:49:13 kria kernel: Hardware name: ZynqMP KV260 revB (DT)
Jul 13 00:49:13 kria kernel: Call trace:
Jul 13 00:49:13 kria kernel:  dump_backtrace+0x0/0x1f0
Jul 13 00:49:13 kria kernel:  show_stack+0x20/0x2c
Jul 13 00:49:13 kria kernel:  dump_stack_lvl+0x68/0x84
Jul 13 00:49:13 kria kernel:  dump_stack+0x18/0x34
Jul 13 00:49:13 kria kernel:  __might_resched+0x15c/0x1c0
Jul 13 00:49:13 kria kernel:  rt_spin_lock+0x38/0xd0
Jul 13 00:49:13 kria kernel:  alloc_pid+0x280/0x3d0
Jul 13 00:49:13 kria kernel:  copy_process+0x9fc/0x1da4
Jul 13 00:49:13 kria kernel:  kernel_clone+0x98/0x570
Jul 13 00:49:13 kria kernel:  __do_sys_clone+0x74/0xb0
Jul 13 00:49:13 kria kernel:  __arm64_sys_clone+0x28/0x34
Jul 13 00:49:13 kria kernel:  invoke_syscall+0x78/0x100
Jul 13 00:49:13 kria kernel:  el0_svc_common.constprop.0+0x54/0x184
Jul 13 00:49:13 kria kernel:  do_el0_svc+0x30/0xac
Jul 13 00:49:13 kria kernel:  el0_svc+0x28/0xb0
Jul 13 00:49:13 kria kernel:  el0t_64_sync_handler+0xa4/0x12c
Jul 13 00:49:13 kria kernel:  el0t_64_sync+0x1a4/0x1a8
Jul 13 00:49:18 kria kernel: BUG: sleeping function called from invalid context at kernel/locking/spinlock_rt.c:46
Jul 13 00:49:18 kria kernel: in_atomic(): 1, irqs_disabled(): 0, non_block: 0, pid: 1091, name: fancontrol
Jul 13 00:49:18 kria kernel: preempt_count: 1, expected: 0
Jul 13 00:49:18 kria kernel: RCU nest depth: 0, expected: 0
Jul 13 00:49:18 kria kernel: Preemption disabled at:
Jul 13 00:49:18 kria kernel: [<ffffbb5f3febd338>] __radix_tree_preload+0x28/0x110
Jul 13 00:49:18 kria kernel: CPU: 1 PID: 1091 Comm: fancontrol Tainted: G        WC        5.15.199-rt91-rt-kv260 #4
Jul 13 00:49:18 kria kernel: Hardware name: ZynqMP KV260 revB (DT)
Jul 13 00:49:18 kria kernel: Call trace:
Jul 13 00:49:18 kria kernel:  dump_backtrace+0x0/0x1f0
Jul 13 00:49:18 kria kernel:  show_stack+0x20/0x2c
Jul 13 00:49:18 kria kernel:  dump_stack_lvl+0x68/0x84
Jul 13 00:49:18 kria kernel:  dump_stack+0x18/0x34
Jul 13 00:49:18 kria kernel:  __might_resched+0x15c/0x1c0
Jul 13 00:49:18 kria kernel:  rt_spin_lock+0x38/0xd0
Jul 13 00:49:18 kria kernel:  alloc_pid+0x280/0x3d0
Jul 13 00:49:18 kria kernel:  copy_process+0x9fc/0x1da4
Jul 13 00:49:18 kria kernel:  kernel_clone+0x98/0x570
Jul 13 00:49:18 kria kernel:  __do_sys_clone+0x74/0xb0
Jul 13 00:49:18 kria kernel:  __arm64_sys_clone+0x28/0x34
Jul 13 00:49:18 kria kernel:  invoke_syscall+0x78/0x100
Jul 13 00:49:18 kria kernel:  el0_svc_common.constprop.0+0x54/0x184
Jul 13 00:49:18 kria kernel:  do_el0_svc+0x30/0xac
Jul 13 00:49:18 kria kernel:  el0_svc+0x28/0xb0
Jul 13 00:49:18 kria kernel:  el0t_64_sync_handler+0xa4/0x12c
Jul 13 00:49:18 kria kernel:  el0t_64_sync+0x1a4/0x1a8
Jul 13 00:49:23 kria kernel: BUG: sleeping function called from invalid context at kernel/locking/spinlock_rt.c:46
Jul 13 00:49:23 kria kernel: in_atomic(): 1, irqs_disabled(): 0, non_block: 0, pid: 1091, name: fancontrol
Jul 13 00:49:23 kria kernel: preempt_count: 1, expected: 0
Jul 13 00:49:23 kria kernel: RCU nest depth: 0, expected: 0
Jul 13 00:49:23 kria kernel: Preemption disabled at:
Jul 13 00:49:23 kria kernel: [<ffffbb5f3febd338>] __radix_tree_preload+0x28/0x110
Jul 13 00:49:23 kria kernel: CPU: 1 PID: 1091 Comm: fancontrol Tainted: G        WC        5.15.199-rt91-rt-kv260 #4
Jul 13 00:49:23 kria kernel: Hardware name: ZynqMP KV260 revB (DT)
Jul 13 00:49:23 kria kernel: Call trace:
Jul 13 00:49:23 kria kernel:  dump_backtrace+0x0/0x1f0
Jul 13 00:49:23 kria kernel:  show_stack+0x20/0x2c
Jul 13 00:49:23 kria kernel:  dump_stack_lvl+0x68/0x84
Jul 13 00:49:23 kria kernel:  dump_stack+0x18/0x34
Jul 13 00:49:23 kria kernel:  __might_resched+0x15c/0x1c0
Jul 13 00:49:23 kria kernel:  rt_spin_lock+0x38/0xd0
Jul 13 00:49:23 kria kernel:  alloc_pid+0x280/0x3d0
Jul 13 00:49:23 kria kernel:  copy_process+0x9fc/0x1da4
Jul 13 00:49:23 kria kernel:  kernel_clone+0x98/0x570
Jul 13 00:49:23 kria kernel:  __do_sys_clone+0x74/0xb0
Jul 13 00:49:23 kria kernel:  __arm64_sys_clone+0x28/0x34
Jul 13 00:49:23 kria kernel:  invoke_syscall+0x78/0x100
Jul 13 00:49:23 kria kernel:  el0_svc_common.constprop.0+0x54/0x184
Jul 13 00:49:23 kria kernel:  do_el0_svc+0x30/0xac
Jul 13 00:49:23 kria kernel:  el0_svc+0x28/0xb0
Jul 13 00:49:23 kria kernel:  el0t_64_sync_handler+0xa4/0x12c
Jul 13 00:49:23 kria kernel:  el0t_64_sync+0x1a4/0x1a8
Jul 13 00:49:27 kria kernel: BUG: sleeping function called from invalid context at kernel/locking/spinlock_rt.c:46
Jul 13 00:49:27 kria kernel: in_atomic(): 1, irqs_disabled(): 0, non_block: 0, pid: 3328, name: claude
Jul 13 00:49:27 kria kernel: preempt_count: 1, expected: 0
Jul 13 00:49:27 kria kernel: RCU nest depth: 0, expected: 0
Jul 13 00:49:27 kria kernel: Preemption disabled at:
Jul 13 00:49:27 kria kernel: [<ffffbb5f3febd338>] __radix_tree_preload+0x28/0x110
Jul 13 00:49:27 kria kernel: CPU: 3 PID: 3328 Comm: claude Tainted: G        WC        5.15.199-rt91-rt-kv260 #4
Jul 13 00:49:27 kria kernel: Hardware name: ZynqMP KV260 revB (DT)
Jul 13 00:49:27 kria kernel: Call trace:
Jul 13 00:49:27 kria kernel:  dump_backtrace+0x0/0x1f0
Jul 13 00:49:27 kria kernel:  show_stack+0x20/0x2c
Jul 13 00:49:27 kria kernel:  dump_stack_lvl+0x68/0x84
Jul 13 00:49:27 kria kernel:  dump_stack+0x18/0x34
Jul 13 00:49:27 kria kernel:  __might_resched+0x15c/0x1c0
Jul 13 00:49:27 kria kernel:  rt_spin_lock+0x38/0xd0
Jul 13 00:49:27 kria kernel:  alloc_pid+0x280/0x3d0
Jul 13 00:49:27 kria kernel:  copy_process+0x9fc/0x1da4
Jul 13 00:49:27 kria kernel:  kernel_clone+0x98/0x570
Jul 13 00:49:27 kria kernel:  __do_sys_clone+0x74/0xb0
Jul 13 00:49:27 kria kernel:  __arm64_sys_clone+0x28/0x34
Jul 13 00:49:27 kria kernel:  invoke_syscall+0x78/0x100
Jul 13 00:49:27 kria kernel:  el0_svc_common.constprop.0+0x54/0x184
Jul 13 00:49:27 kria kernel:  do_el0_svc+0x30/0xac
Jul 13 00:49:27 kria kernel:  el0_svc+0x28/0xb0
Jul 13 00:49:27 kria kernel:  el0t_64_sync_handler+0xa4/0x12c
Jul 13 00:49:27 kria kernel:  el0t_64_sync+0x1a4/0x1a8
