capture_sec,capture_nanosec,base_in_age_ms,base_compute_ms,true_e2e_ms,output_period_ms,target_valid
1785490470,109260498,239.772,5.788,,,0
1785490470,276756348,156.51,0.516,,78.982,0
1785490470,377270752,3162.008,68.012,3230.0,3173.504,1
1785490472,881393311,747.594,3.641,751.114,25.237,1
1785490472,947988770,698.011,0.756,698.729,14.209,1
1785490472,981285400,669.583,0.836,670.393,4.969,1
1785490473,47876221,606.791,0.827,607.609,3.794,1
1785490473,114464111,544.544,0.596,545.114,4.103,1
1785490473,181048828,481.32,0.823,482.127,3.597,1
1785490473,214340332,452.21,8.606,460.798,11.958,1
1785490473,314209473,364.631,0.744,365.352,4.425,1
1785490473,380785156,310.051,0.632,310.662,11.889,1
1785490473,447357666,247.028,0.589,247.599,3.511,1
1785490473,513927246,183.981,0.648,184.599,3.569,1
1785490473,547210938,153.753,1.15,154.896,3.579,1
1785490473,613775879,121.742,0.623,122.345,34.014,1
1785490473,680341309,129.776,0.967,130.732,74.939,1
1785490473,746971924,124.792,0.825,125.66,61.511,1
1785490473,813600586,115.013,1.039,116.042,57.061,1
1785490473,846914307,138.153,3.079,143.128,58.492,1
1785490473,913539795,124.195,0.673,124.851,50.264,1
1785490473,980163330,111.284,0.68,111.945,53.717,1
1785490474,13474121,131.158,0.735,131.808,53.179,1
1785490474,80094482,144.806,0.651,145.434,80.245,1
1785490474,146712891,123.526,0.589,124.094,45.28,1
1785490474,213329102,122.061,0.743,122.785,65.3,1
1785490474,246636475,146.401,0.662,147.038,57.566,1
1785490474,313249756,134.613,0.795,135.4,54.954,1
1785490474,379860840,124.16,0.65,124.791,56.024,1
1785490474,413165771,142.557,0.63,143.173,51.681,1
1785490474,479773682,127.517,0.579,128.076,51.517,1
1785490474,546379639,119.523,0.595,120.097,58.627,1
1785490474,612983643,108.109,0.619,108.701,55.208,1
1785490474,679588379,95.498,0.607,96.082,53.986,1
1785490474,746237793,98.584,0.624,99.183,69.749,1
1785490474,812885742,91.006,0.573,91.556,59.023,1
1785490474,879532227,93.467,0.663,94.108,69.197,1
1785490474,946177246,90.752,0.597,91.33,63.868,1
1785490475,12820801,88.353,0.692,89.026,64.339,1
1785490475,79463135,89.801,0.632,90.43,68.03,1
1785490475,146103760,91.595,0.601,92.287,68.404,1
1785490475,212743164,90.26,0.632,90.873,65.337,1
1785490475,279381104,91.175,0.844,92.009,67.758,1
1785490475,312699463,107.926,1.677,109.619,50.906,1
1785490475,379335205,95.714,0.766,96.448,53.496,1
1785490475,445969482,89.682,0.708,90.369,60.561,1
1785490475,512602295,91.032,0.59,91.602,67.866,1
1785490475,579233643,92.066,0.552,92.6,67.63,1
1785490475,645863525,94.984,0.909,95.876,69.9,1
1785490475,712510742,117.25,0.626,117.863,88.634,1
1785490475,745840820,137.978,0.694,138.651,54.12,1
1785490475,812500244,125.395,1.019,126.397,54.401,1
1785490475,879158447,127.715,0.857,128.555,68.821,1
1785490475,945815674,118.384,0.652,119.016,57.121,1
1785490475,979143799,125.972,0.736,126.686,40.998,1
1785490476,79126709,89.928,0.572,90.483,63.78,1
1785490476,145780518,90.987,1.131,92.149,68.27,1
1785490476,212433350,101.428,0.905,102.312,76.86,1
1785490476,245759521,124.696,0.78,125.455,56.476,1
1785490476,279085205,127.412,0.803,128.199,36.067,1
1785490476,345735840,125.172,0.697,125.741,64.196,1
1785490476,412385254,110.412,0.713,111.113,52.012,1
1785490476,445709717,127.416,0.922,128.323,50.533,1
1785490476,512357422,125.179,0.697,125.856,64.191,1
1785490476,579004395,108.786,2.96,111.73,52.514,1
1785490476,612327393,132.176,1.0,133.155,54.749,1
1785490476,678974365,124.551,0.615,125.146,58.646,1
1785490476,745641602,110.851,1.207,112.045,53.551,1
1785490476,778975098,121.212,0.727,121.823,43.128,1
1785490476,878973877,93.747,0.68,94.409,72.583,1
1785490476,945638672,108.262,0.722,108.96,81.215,1
1785490477,12302490,92.695,0.588,93.264,50.97,1
1785490477,78965576,92.1,0.579,92.661,66.059,1
1785490477,145627686,93.83,0.692,94.535,68.503,1
1785490477,212288818,94.172,0.568,94.721,66.881,1
1785490477,278949219,90.353,0.628,90.896,62.836,1
1785490477,345608643,98.225,0.668,98.868,74.629,1
1785490477,378937988,119.747,0.747,120.477,54.94,1
1785490477,412267090,126.509,0.592,127.08,39.933,1
1785490477,545581543,97.405,0.731,98.123,104.351,1
1785490477,612237305,96.148,1.936,98.096,66.6,1
1785490477,678894043,96.795,0.603,97.376,65.971,1
1785490477,712230225,128.734,0.685,129.4,65.357,1
1785490477,745566162,150.843,0.974,151.803,55.729,1
1785490477,812237549,128.819,0.733,129.529,44.409,1
1785490477,878908447,122.692,0.616,123.291,60.431,1
1785490477,945578369,122.659,0.56,123.2,66.582,1
1785490478,12247559,113.071,0.74,113.787,57.251,1
1785490478,45581787,130.638,0.871,131.643,51.032,1
1785490478,112249756,125.238,0.827,126.048,61.232,1
1785490478,145583496,149.721,0.791,150.495,57.777,1
1785490478,212250488,127.492,0.751,128.226,44.405,1
1785490478,278916748,114.752,1.123,115.864,54.292,1
1785490478,312249512,119.52,0.862,120.362,37.841,1
1785490478,378914551,114.381,1.01,115.384,61.677,1
1785490478,445578857,102.909,2.99,105.885,57.171,1
1785490478,545573975,94.147,0.578,94.706,88.825,1
1785490478,612236328,94.932,0.63,95.543,67.5,1
1785490478,678899170,102.291,0.587,102.86,73.979,1
1785490478,712235840,135.389,0.916,136.294,66.758,1
1785490478,778908936,111.061,4.233,115.285,45.651,1
1785490478,845581299,101.03,0.656,101.664,53.075,1
1785490478,945588379,120.054,0.577,120.612,118.958,1
1785490478,978923584,139.228,0.625,139.853,52.539,1
1785490479,45593750,145.467,0.659,146.105,72.957,1
1785490479,112263184,136.51,0.842,137.338,57.899,1
1785490479,178931885,123.79,0.797,124.565,53.895,1
1785490479,212265869,152.423,0.837,153.239,62.01,1
1785490479,278933594,139.275,1.007,140.271,53.681,1
1785490479,345600342,132.219,0.802,133.004,59.42,1
1785490479,412266602,120.847,0.694,121.527,55.187,1
1785490479,478932129,120.812,0.831,121.627,66.768,1
1785490479,512264648,151.855,0.699,152.537,64.24,1
1785490479,545596924,163.59,0.565,164.133,44.934,1
1785490479,645592529,141.757,0.721,142.46,78.319,1
1785490479,712270264,144.687,0.786,145.456,69.675,1
1785490479,778957275,128.95,0.679,129.609,50.841,1
1785490479,845644043,104.88,0.866,105.724,42.795,1
1785490479,912330322,119.28,0.718,119.966,80.936,1
1785490479,979016357,110.689,0.711,111.376,58.09,1
1785490480,12359375,125.14,0.625,125.742,47.716,1
1785490480,79044922,124.136,0.618,124.729,65.672,1
1785490480,145730225,107.996,0.668,108.641,50.597,1
1785490480,179072754,129.973,0.572,130.523,55.226,1
1785490480,245757568,111.162,0.615,111.756,47.917,1
1785490480,279099854,130.017,0.816,130.815,52.399,1
1785490480,345784180,117.415,0.72,118.119,53.984,1
1785490480,379126221,131.293,0.625,131.899,47.13,1
1785490480,445810059,110.899,0.755,111.637,46.412,1
1785490480,479151855,139.46,0.679,140.116,61.828,1
1785490480,545835205,128.543,0.685,129.208,55.776,1
1785490480,612518311,126.382,0.695,127.054,64.528,1
1785490480,645859863,151.619,0.59,152.19,58.479,1
1785490480,712534424,132.899,0.89,133.723,48.199,1
1785490480,779203369,124.872,0.774,125.627,58.573,1
1785490480,845871582,105.542,0.834,106.36,47.402,1
1785490480,879205322,134.3,1.241,135.52,62.491,1
1785490480,945872314,132.607,0.794,133.378,64.534,1
1785490481,12538330,116.284,0.745,117.01,50.298,1
1785490481,45871094,132.042,0.809,132.835,49.151,1
1785490481,112536133,135.531,0.829,136.343,70.174,1
1785490481,179200195,106.791,0.728,107.423,37.748,1
1785490481,245863525,102.003,0.714,102.699,61.939,1
1785490481,312526123,99.24,0.709,99.924,63.89,1
1785490481,379187744,98.804,0.682,99.467,66.204,1
1785490481,445848877,96.904,0.765,97.648,64.842,1
1785490481,512508789,98.958,0.65,99.529,68.54,1
1785490481,579168213,99.859,0.743,100.582,67.707,1
1785490481,645826660,94.914,0.761,95.655,61.735,1
1785490481,712573242,97.416,0.76,98.158,69.249,1
1785490481,779400635,98.361,0.611,98.95,67.622,1
1785490481,846229492,93.562,0.663,94.209,62.085,1
1785490481,913059570,101.426,0.894,102.297,74.915,1
1785490481,979890625,96.629,0.8,97.41,61.949,1
1785490482,46723145,97.527,0.648,98.158,67.579,1
1785490482,113556641,100.672,0.694,101.339,70.013,1
1785490482,180391602,95.03,0.781,95.789,61.288,1
1785490482,247227539,97.212,0.658,97.849,68.895,1
1785490482,314064697,95.004,0.578,95.562,64.552,1
1785490482,380903320,92.578,0.698,93.256,64.533,1
1785490482,447742920,96.025,0.61,96.615,70.199,1
1785490482,514583984,97.79,1.344,99.051,69.265,1
1785490482,548004883,114.057,0.628,114.664,49.047,1
1785490482,614847412,112.016,0.624,112.623,64.797,1
1785490482,648269287,140.032,0.807,140.824,61.62,1
1785490482,715049316,136.745,0.71,137.433,63.391,1
1785490482,781792480,128.428,0.812,129.237,58.531,1
1785490482,848536865,123.827,1.183,125.018,62.518,1
1785490482,915282471,108.847,0.622,109.447,51.2,1
1785490482,948655762,128.938,0.584,129.503,53.429,1
1785490483,15403320,124.652,0.855,125.488,62.73,1
1785490483,82151855,118.938,0.652,119.571,60.834,1
1785490483,115526611,136.911,0.665,137.52,51.29,1
1785490483,182277100,127.824,0.768,128.574,57.835,1
1785490483,249029053,117.874,0.624,118.476,56.658,1
1785490483,282405273,136.781,0.834,137.561,52.458,1
1785490483,349158936,124.213,0.572,124.766,53.962,1
1785490483,415913818,108.3,0.582,108.94,50.849,1
1785490483,449291504,129.966,3.106,133.056,57.57,1
1785490483,516048340,102.46,0.686,103.126,36.829,1
1785490483,549427002,123.547,0.669,124.198,54.452,1
1785490483,649565430,93.136,0.82,93.94,69.876,1
1785490483,716272949,109.547,0.651,110.183,82.95,1
1785490483,749607666,128.659,0.763,129.402,52.555,1
1785490483,816276367,127.124,0.66,127.762,65.031,1
1785490483,882944092,96.777,0.693,97.452,36.359,1
1785490483,949611084,117.167,0.747,117.896,87.104,1
1785490483,982944336,131.153,0.744,131.879,47.322,1
1785490484,49610107,104.047,0.669,104.702,39.486,1
1785490484,116275146,117.152,0.565,117.697,79.665,1
1785490484,182939209,102.722,0.638,103.335,52.301,1
1785490484,249602783,94.573,0.644,95.193,58.523,1
1785490484,316265381,91.706,0.735,92.421,63.889,1
1785490484,382927002,96.122,0.679,96.783,71.021,1
1785490484,449587891,94.903,0.729,95.61,65.492,1
1785490484,516248047,92.612,0.732,93.324,64.371,1
1785490484,582907471,102.762,1.217,103.953,77.277,1
1785490484,616236816,123.488,0.59,124.058,53.446,1
1785490484,682895508,127.133,0.952,127.974,70.533,1
1785490484,749564697,115.933,0.927,116.84,55.571,1
1785490484,782898926,149.832,0.931,150.744,67.242,1
1785490484,849566895,132.026,0.736,132.752,48.67,1
1785490484,916234131,117.947,0.84,118.629,52.549,1
1785490484,949567627,151.191,0.728,151.897,66.605,1
1785490485,16233398,126.931,1.21,128.131,42.888,1
1785490485,82898682,113.535,1.784,115.307,53.841,1
1785490485,116230957,129.96,0.557,130.498,48.536,1
1785490485,182895020,121.076,0.93,121.862,57.997,1
1785490485,216226807,142.965,0.837,143.785,55.282,1
1785490485,282889648,121.685,0.795,122.391,45.271,1
1785490485,316220703,136.04,0.869,136.886,47.824,1
1785490485,382882324,123.506,0.649,124.136,53.914,1
1785490485,416212646,144.141,1.035,145.16,54.34,1
1785490485,482873047,127.937,0.689,128.607,50.122,1
1785490485,549532715,112.196,0.737,113.034,50.955,1
1785490485,582862305,129.268,0.768,130.087,50.442,1
1785490485,649520752,114.854,0.858,115.695,52.333,1
1785490485,682850098,173.382,1.27,174.634,92.257,1
1785490485,782986572,113.78,0.665,114.422,39.941,1
1785490485,816366211,149.919,0.82,150.713,69.668,1
1785490485,883126465,124.884,0.701,125.568,41.616,1
1785490485,983270020,99.185,0.792,99.961,74.53,1
1785490486,50034180,99.637,0.697,100.319,67.124,1
1785490486,116799805,108.568,0.813,109.354,75.806,1
1785490486,183567139,95.488,0.736,96.205,53.62,1
1785490486,250335693,92.861,0.671,93.47,64.034,1
1785490486,317105957,115.303,0.783,116.069,89.362,1
1785490486,350491699,126.358,0.584,126.923,44.248,1
1785490486,417264404,107.99,0.617,108.588,48.437,1
1785490486,450651123,124.258,0.705,124.944,49.743,1
1785490486,484038330,127.806,0.688,128.474,36.918,1
1785490486,584202393,94.871,0.681,95.48,67.17,1
1785490486,650980225,104.946,5.09,110.021,81.31,1
1785490486,684368896,132.517,0.946,133.441,56.808,1
1785490486,717711426,146.292,0.874,147.148,47.053,1
1785490486,784396240,130.102,0.629,130.709,50.25,1
1785490486,851080322,107.753,0.711,108.448,44.422,1
1785490486,917763916,99.308,0.656,99.944,58.178,1
1785490486,984446777,98.671,0.952,99.609,66.339,1
1785490487,51129395,99.798,0.721,100.467,67.548,1
1785490487,117811279,99.195,0.858,99.931,66.146,1
1785490487,184492676,102.492,1.768,104.238,70.993,1
1785490487,251173584,99.366,0.675,100.021,62.461,1
1785490487,317854004,92.171,0.613,92.806,59.428,1
1785490487,384533936,93.142,0.677,93.798,67.713,1
1785490487,451213135,92.497,0.778,93.258,66.138,1
1785490487,517891846,97.38,0.769,98.128,71.544,1
1785490487,584570068,94.977,0.677,95.588,64.145,1
1785490487,651247803,96.11,0.818,96.916,67.998,1
1785490487,718018066,101.282,0.579,101.84,71.701,1
1785490487,784790039,105.445,0.756,106.181,71.108,1
1785490487,851563721,120.825,0.636,121.433,82.031,1
1785490487,884951172,144.114,0.674,144.769,56.724,1
1785490487,951727295,133.06,0.663,133.7,55.706,1
1785490488,18505371,121.602,0.659,122.234,55.312,1
1785490488,85285156,138.887,0.736,139.615,84.141,1
1785490488,152066650,101.987,0.593,102.557,29.744,1
1785490488,218849854,104.545,0.783,105.399,69.527,1
1785490488,252241943,125.819,0.714,126.517,54.604,1
1785490488,319027832,111.502,0.819,112.301,52.572,1
1785490488,352421387,129.436,0.699,130.115,51.206,1
1785490488,419209717,106.053,0.607,106.637,43.313,1
1785490488,452604492,129.742,0.629,130.346,57.104,1
1785490488,519395508,124.228,0.738,124.95,61.392,1
1785490488,586188232,110.854,2.216,113.068,54.89,1
1785490488,619585449,145.035,0.843,145.871,66.21,1
1785490488,686331787,112.507,0.824,113.315,34.196,1
1785490488,719681396,130.957,0.648,131.587,51.629,1
1785490488,819730225,94.626,0.84,95.312,63.774,1
1785490488,853079834,118.332,0.674,118.986,57.025,1
1785490488,886429199,133.921,0.893,134.799,49.154,1
1785490488,986477051,112.209,0.764,112.952,78.209,1
1785490489,86524170,92.226,0.665,92.871,79.966,1
1785490489,153222168,93.516,0.544,94.041,67.87,1
1785490489,219919678,94.229,0.551,94.761,67.416,1
1785490489,286616943,91.955,0.579,92.513,64.449,1
1785490489,353313965,92.419,0.569,92.968,67.153,1
1785490489,420010498,92.994,0.617,93.588,67.317,1
1785490489,486707031,93.22,0.695,93.877,66.981,1
1785490489,553403320,93.733,0.55,94.263,67.087,1
1785490489,620099121,104.614,3.171,106.416,78.831,1
1785490489,653447266,140.338,0.734,141.005,67.953,1
1785490489,720148438,127.336,0.649,127.968,53.663,1
1785490489,786849609,125.678,0.674,126.331,65.065,1
1785490489,853550293,109.897,0.762,110.631,51.0,1
1785490489,920250977,103.903,0.562,104.442,60.514,1
1785490489,986951172,103.873,0.889,104.743,66.993,1
1785490490,87000977,95.264,0.634,95.875,91.189,1
1785490490,153700684,92.725,0.566,93.268,64.093,1
1785490490,220400146,94.591,0.597,95.166,68.597,1
1785490490,287099121,91.836,0.556,92.37,63.903,1
1785490490,353798096,92.761,0.567,93.309,67.638,1
1785490490,420496582,91.408,0.691,92.081,65.469,1
1785490490,487195068,90.381,0.547,90.908,65.527,1
1785490490,587242188,91.081,0.676,91.74,100.877,1
1785490490,653939941,92.592,0.582,93.152,68.111,1
1785490490,720639160,95.928,0.862,96.776,70.311,1
1785490490,787338135,100.908,1.088,101.976,71.903,1
1785490490,820687500,125.153,1.798,126.85,58.223,1
1785490490,887385986,124.48,0.582,125.042,64.9,1
1785490490,954084229,113.801,0.793,114.575,56.229,1
1785490490,987433105,130.327,0.566,130.873,49.65,1
1785490491,54131104,127.299,0.763,128.051,63.867,1
1785490491,87479736,141.182,2.263,143.434,48.729,1
1785490491,154177246,126.445,0.673,127.099,50.372,1
1785490491,220874268,107.35,0.743,107.909,47.509,1
1785490491,254222656,126.354,0.568,126.903,52.343,1
1785490491,320919434,109.402,0.643,110.02,49.812,1
1785490491,354267578,130.215,0.743,130.94,54.262,1
1785490491,420963867,113.736,1.104,114.823,50.581,1
1785490491,454312012,125.439,0.779,126.2,44.728,1
1785490491,521007813,101.896,0.573,102.448,42.948,1
1785490491,587703369,99.85,1.176,101.024,65.251,1
1785490491,654398926,101.099,1.085,102.163,67.841,1
1785490491,721098633,100.032,0.753,100.765,65.311,1
1785490491,787798340,100.918,1.043,101.945,67.866,1
1785490491,821148193,129.023,1.427,130.462,61.847,1
1785490491,887847412,123.692,0.577,124.249,60.524,1
1785490491,954546387,110.603,1.893,112.493,54.914,1
1785490491,987895752,139.285,0.935,140.217,61.078,1
1785490492,54594238,130.003,0.766,130.744,57.249,1
1785490492,121292480,120.369,0.706,121.048,57.002,1
1785490492,154641602,139.976,0.651,140.609,52.908,1
1785490492,221339355,131.423,0.849,132.257,58.342,1
1785490492,288037109,119.316,0.975,120.271,54.717,1
1785490492,321385742,132.298,0.944,133.22,46.295,1
1785490492,388083008,126.292,0.555,126.827,60.309,1
1785490492,454779785,104.334,0.762,105.082,44.946,1
1785490492,521476563,110.303,0.648,110.929,72.547,1
1785490492,554824707,128.109,0.783,128.873,51.288,1
1785490492,621520996,110.638,0.595,111.209,49.039,1
1785490492,654869141,138.716,0.79,139.382,61.516,1
1785490492,721580322,137.796,0.65,138.463,65.759,1
1785490492,788291504,119.42,0.698,120.1,48.383,1
1785490492,855002197,118.705,0.655,119.344,65.955,1
1785490492,888357666,142.609,0.588,143.178,57.191,1
1785490492,955068359,125.27,0.713,125.959,49.493,1
1785490493,21779053,115.762,0.751,116.487,57.234,1
1785490493,55134277,140.177,0.664,140.822,57.69,1
1785490493,88489502,157.2,0.622,157.796,50.334,1
1785490493,155199707,152.044,0.702,152.727,61.637,1
1785490493,221909912,152.377,0.661,153.018,67.004,1
1785490493,288620117,134.748,0.781,135.524,49.198,1
1785490493,355330078,119.067,0.592,119.637,50.841,1
1785490493,388684814,144.963,0.824,145.77,59.484,1
1785490493,455394531,125.258,2.77,128.034,48.95,1
1785490493,522104248,99.321,0.728,100.068,38.729,1
1785490493,588813721,95.595,0.924,96.512,63.176,1
1785490493,655523193,106.702,0.589,107.265,77.483,1
1785490493,688872070,114.628,0.569,115.177,41.26,1
1785490493,722220947,127.389,0.601,127.969,46.14,1
1785490493,788918457,111.304,0.991,112.282,51.0,1
1785490493,822267090,134.383,0.649,135.013,56.087,1
1785490493,888964355,119.496,0.842,120.315,51.999,1
1785490493,922312744,132.137,0.679,132.931,45.831,1
1785490493,989009277,132.434,0.844,133.273,67.159,1
1785490494,22357666,140.105,0.884,140.974,41.056,1
1785490494,89053711,130.489,0.723,131.19,56.922,1
1785490494,155749756,123.624,0.766,124.431,59.866,1
1785490494,189097412,136.095,0.625,136.698,45.685,1
1785490494,255792969,115.605,0.747,116.358,46.332,1
1785490494,289140625,143.407,0.867,144.136,61.146,1
1785490494,355835449,132.357,0.625,132.965,55.526,1
1785490494,422530029,122.344,0.84,123.159,56.888,1
1785490494,455877441,130.743,0.59,131.312,41.504,1
1785490494,522571533,125.871,0.668,126.717,61.899,1
1785490494,589265381,101.176,0.918,102.077,42.247,1
1785490494,655959229,108.588,0.812,109.389,74.001,1
1785490494,689308838,116.49,0.731,117.201,41.17,1
1785490494,756007568,102.05,0.639,102.67,52.169,1
1785490494,822706299,96.322,0.642,96.945,60.975,1
1785490494,889404541,95.032,0.979,95.999,65.741,1
1785490494,922753662,113.665,0.967,114.617,51.969,1
1785490494,956102539,131.344,0.729,132.056,50.792,1
1785490495,22800293,128.444,1.752,130.187,64.808,1
1785490495,89497803,123.68,0.625,124.285,60.823,1
1785490495,156194824,126.123,0.9,126.934,69.337,1
1785490495,222891846,131.113,0.681,131.773,71.544,1
1785490495,289588379,124.729,0.814,125.524,60.446,1
1785490495,356284668,115.405,0.584,115.967,57.142,1
1785490495,389632568,131.277,0.61,131.851,49.231,1
1785490495,456328369,118.083,0.709,118.774,53.618,1
1785490495,489676270,146.597,0.669,147.247,61.822,1
1785490495,556371582,128.745,1.572,130.324,49.739,1
1785490495,623066895,104.015,0.655,104.639,41.04,1
1785490495,689763184,114.321,0.662,114.966,77.025,1
1785490495,723112061,127.9,0.622,128.502,46.888,1
1785490495,789809326,125.159,0.717,125.855,64.047,1
1785490495,823157959,132.943,0.688,133.61,41.103,1
1785490495,923203125,99.342,0.821,100.148,66.577,1
1785490495,956551514,122.748,0.748,123.473,56.68,1
1785490495,989899658,137.636,0.879,138.499,48.363,1
1785490496,56595703,131.326,0.594,131.871,60.081,1
1785490496,123291748,119.847,0.769,120.62,55.419,1
1785490496,156639404,139.082,0.953,139.908,52.652,1
1785490496,223334717,128.078,2.89,130.957,57.732,1
1785490496,290029785,130.004,0.777,130.775,66.52,1
1785490496,323377197,128.367,0.591,128.939,31.526,1
1785490496,390072021,116.522,0.942,117.449,55.198,1
1785490496,423419189,131.044,0.717,131.745,47.646,1
1785490496,490113281,127.372,0.829,128.185,63.125,1
1785490496,556807129,107.217,0.686,107.883,46.404,1
1785490496,590153809,121.549,0.749,122.188,47.649,1
1785490496,623500732,131.912,0.751,132.645,43.806,1
1785490496,723545410,118.358,0.717,119.118,86.434,1
1785490496,756894287,135.917,1.068,136.956,51.266,1
1785490496,823592041,129.616,0.603,130.196,59.943,1
1785490496,890289307,115.052,0.709,115.739,52.238,1
1785490496,923637695,140.748,0.877,141.611,59.209,1
1785490496,990334717,132.839,5.732,138.603,63.65,1
1785490497,57031250,120.622,0.683,121.285,49.432,1
1785490497,90379395,131.446,0.6,132.027,44.089,1
1785490497,157075439,115.886,1.025,116.902,51.557,1
1785490497,190423340,131.643,0.57,132.191,48.652,1
1785490497,257118896,123.453,0.651,124.014,58.518,1
1785490497,290466553,149.093,0.706,149.779,59.111,1
1785490497,357161865,125.876,0.813,126.672,43.582,1
1785490497,423856689,115.054,0.604,115.636,55.667,1
1785490497,457204102,134.329,0.721,135.03,52.739,1
1785490497,523898438,114.402,0.682,115.059,46.721,1
1785490497,557245605,131.497,0.652,132.123,50.417,1
1785490497,623939453,104.577,0.779,105.346,39.908,1
1785490497,690678223,104.919,0.813,105.715,67.113,1
1785490497,757463623,110.43,0.901,111.322,72.383,1
1785490497,790856934,130.053,0.746,130.781,52.865,1
1785490497,857645020,119.347,0.644,119.967,55.973,1
1785490497,891040039,142.72,0.593,143.293,56.72,1
1785490497,957831299,119.418,0.856,120.257,43.748,1
1785490498,24624512,106.102,0.944,107.029,53.568,1
1785490498,58021729,123.737,0.87,124.594,50.953,1
1785490498,91419678,141.382,0.691,142.133,50.869,1
1785490498,158216797,137.316,0.71,138.017,62.751,1
1785490498,225016113,125.058,0.707,125.743,54.534,1
1785490498,291817383,111.842,0.831,112.656,53.716,1
1785490498,325218750,133.372,0.671,134.019,54.766,1
1785490498,392022949,116.287,0.878,117.15,49.926,1
1785490498,425425781,130.586,0.67,131.242,47.499,1
1785490498,492233154,125.088,0.911,125.978,61.539,1
1785490498,525637451,143.726,0.574,144.278,51.715,1
1785490498,592447754,139.086,0.857,139.931,62.447,1
1785490498,625853516,159.658,0.561,160.199,53.69,1
1785490498,692615967,146.347,0.699,147.024,53.582,1
1785490498,759330078,125.226,0.809,126.025,45.706,1
1785490498,826044434,105.153,1.105,106.238,46.933,1
1785490498,859401367,125.971,0.577,126.528,53.656,1
1785490498,926115723,99.767,0.651,100.394,40.578,1
1785490498,992829834,101.08,0.671,101.729,68.048,1
1785490499,26187012,132.683,0.717,133.378,65.004,1
1785490499,92901123,122.75,0.657,123.384,56.723,1
1785490499,159615479,107.331,0.573,107.887,51.219,1
1785490499,192972412,127.704,0.669,128.354,53.824,1
1785490499,259686768,128.572,1.776,130.348,68.689,1
1785490499,293043701,142.908,0.777,143.668,46.693,1
1785490499,359758057,108.998,0.739,109.726,32.768,1
1785490499,426472168,105.446,0.785,106.211,63.204,1
1785490499,493186279,101.526,0.758,102.265,62.77,1
1785490499,559900391,95.139,0.655,95.764,60.214,1
1785490499,626614502,92.77,0.556,93.305,64.256,1
1785490499,693328613,109.644,0.977,110.611,84.009,1
1785490499,726685303,129.577,0.763,130.335,53.075,1
1785490499,793398926,105.781,0.975,106.737,43.124,1
1785490499,826755859,126.159,0.688,126.906,53.449,1
1785490499,893469482,112.064,0.707,112.751,52.64,1
1785490499,926826172,135.807,0.694,136.481,57.088,1
1785490499,993539795,118.907,2.206,121.111,51.323,1
1785490500,26896484,135.347,0.623,136.035,48.214,1
1785490500,93610107,126.441,0.615,127.036,57.801,1
1785490500,160323730,108.998,0.594,109.573,49.251,1
1785490500,193680420,129.297,0.759,130.036,53.821,1
1785490500,260394043,105.633,0.746,106.359,43.031,1
1785490500,327107422,99.5,0.653,100.127,60.485,1
1785490500,393821045,94.678,0.562,95.219,61.809,1
1785490500,460534424,94.26,0.653,94.898,66.386,1
1785490500,527247803,94.335,0.603,94.924,66.739,1
1785490500,593961182,95.295,0.586,95.861,67.654,1
1785490500,660674805,103.063,0.712,103.757,74.609,1
1785490500,694041992,126.789,0.597,127.365,56.976,1
1785490500,760776855,102.794,0.55,103.324,42.696,1
1785490500,794144531,130.05,1.014,131.048,61.087,1
1785490500,860879639,114.296,0.664,114.949,50.632,1
1785490500,894247314,130.242,0.976,130.919,49.344,1
1785490500,960983154,115.054,0.814,115.848,51.665,1
1785490500,994350830,133.862,0.768,134.61,52.13,1
1785490501,61086914,132.023,0.684,132.692,64.815,1
1785490501,127823242,124.821,0.567,125.37,59.418,1
1785490501,161191406,130.433,0.98,131.402,39.392,1
1785490501,261296387,96.503,0.743,97.221,65.932,1
1785490501,328033203,93.033,0.783,93.788,63.304,1
1785490501,394770508,99.328,0.983,100.285,73.229,1
1785490501,461508057,96.236,0.566,96.782,63.241,1
1785490501,528245605,93.091,0.869,93.945,63.893,1
1785490501,594983643,94.022,0.742,94.749,67.543,1
1785490501,661721436,98.196,0.637,98.814,70.807,1
1785490501,695077881,136.357,0.553,136.89,71.435,1
1785490501,761790527,126.649,0.601,127.235,57.054,1
1785490501,828502930,109.611,0.581,110.172,49.653,1
1785490501,861859375,125.571,0.689,126.246,49.42,1
1785490501,895215576,144.801,0.632,145.419,52.535,1
1785490501,961927979,128.969,0.664,129.614,50.913,1
1785490502,28640381,113.661,0.573,114.214,51.312,1
1785490502,95352783,101.887,0.609,102.477,54.974,1
1785490502,162065186,111.955,0.58,112.516,76.752,1
1785490502,228777344,95.439,0.593,96.013,50.21,1
1785490502,295489746,95.311,0.65,95.941,66.637,1
1785490502,362201904,92.249,0.564,92.792,63.567,1
1785490502,428913818,92.157,0.567,92.703,66.623,1
1785490502,495625977,92.768,0.677,93.315,67.324,1
1785490502,562338135,91.504,0.633,92.117,65.513,1
1785490502,629050049,92.952,0.68,93.492,68.088,1
1785490502,729198486,101.484,0.789,102.254,108.904,1
1785490502,762633057,112.894,0.89,113.761,44.944,1
1785490502,796068115,127.774,0.605,128.359,48.037,1
1785490502,862939697,108.648,0.798,109.427,47.938,1
1785490502,896376221,126.024,0.702,126.711,50.715,1
1785490502,963250732,111.973,0.643,112.601,52.77,1
1785490502,996688965,148.274,0.73,148.897,69.736,1
1785490503,63566406,128.938,0.663,129.591,47.561,1
1785490503,130445801,116.826,0.784,117.611,54.89,1
1785490503,197327393,105.971,1.019,106.875,56.151,1
1785490503,264210693,97.363,0.774,98.128,58.143,1
1785490503,331096191,91.384,0.685,92.053,60.816,1
1785490503,397983398,93.042,0.566,93.584,68.422,1
1785490503,464872803,92.159,0.681,92.818,66.123,1
1785490503,531763916,92.785,0.83,93.594,67.665,1
1785490503,598657227,90.583,0.578,91.144,64.445,1
1785490503,665552246,108.347,0.635,108.957,84.709,1
1785490503,732346924,110.054,0.574,110.61,68.447,1
1785490503,765695313,143.903,0.739,144.626,67.363,1
1785490503,832391602,125.026,0.601,125.608,47.679,1
1785490503,865739502,128.011,0.567,128.56,36.301,1
1785490503,932435303,125.581,0.743,126.303,64.432,1
1785490503,999130859,108.409,0.57,108.96,49.359,1
1785490504,32478516,126.063,0.576,126.62,51.007,1
1785490504,99173340,113.319,0.611,113.911,53.985,1
1785490504,165867920,119.532,3.062,122.61,75.353,1
1785490504,199215332,148.381,0.726,149.089,59.867,1
1785490504,265909424,123.284,0.561,123.823,41.431,1
1785490504,332603271,101.685,0.697,102.36,45.226,1
1785490504,365949951,124.676,0.7,125.363,56.349,1
1785490504,432643311,111.107,0.681,111.768,53.104,1
1785490504,465989990,131.252,0.557,131.789,53.368,1
1785490504,532682861,122.594,0.617,123.21,58.096,1
1785490504,599375488,110.748,0.662,111.392,54.891,1
1785490504,632721680,121.881,1.244,123.114,45.055,1
1785490504,732762207,125.471,0.6,126.048,102.99,1
1785490504,766110107,122.919,0.845,123.747,31.044,1
1785490504,866153809,92.713,0.586,93.277,69.577,1
1785490504,932848877,90.704,0.549,91.234,64.652,1
1785490504,999543945,90.608,0.64,91.218,66.674,1
1785490505,66238525,90.269,0.87,91.119,66.596,1
1785490505,166279785,95.384,0.627,95.989,104.914,1
1785490505,199626465,122.166,0.685,122.841,60.19,1
1785490505,266320068,106.591,0.678,107.254,51.109,1
1785490505,299666748,119.415,0.676,120.075,46.168,1
1785490505,333013428,139.735,0.648,140.361,53.635,1
1785490505,399706299,124.432,0.576,124.975,51.312,1
1785490505,466398926,100.08,0.614,100.672,42.389,1
1785490505,533091064,96.584,0.648,97.22,63.235,1
1785490505,599782959,92.63,0.612,93.224,62.699,1
1785490505,633128906,116.97,0.73,117.681,57.8,1
1785490505,666474609,130.623,0.848,131.456,47.121,1
1785490505,733169434,115.725,0.652,116.352,51.595,1
1785490505,766517822,141.119,0.772,141.868,58.864,1
1785490505,833214844,141.568,0.734,142.287,67.106,1
1785490505,899911621,127.849,0.575,128.405,52.826,1
1785490505,966607910,115.543,0.888,116.407,54.691,1
1785490505,999956055,125.829,0.575,126.385,43.334,1
1785490506,66652100,121.928,0.65,122.558,62.869,1
1785490506,133347656,104.885,0.559,105.427,49.564,1
1785490506,166695313,138.619,0.553,139.155,67.077,1
1785490506,233390381,134.555,0.877,135.415,62.947,1
1785490506,300085449,114.293,0.624,114.911,46.185,1
1785490506,333432617,124.324,0.564,124.869,43.319,1
1785490506,400126953,103.391,0.614,103.984,45.807,1
1785490506,433474121,127.436,0.813,128.149,57.509,1
1785490506,466821289,150.237,0.676,150.891,56.091,1
1785490506,533514893,128.073,0.785,128.841,44.633,1
1785490506,600208496,109.635,0.773,110.392,48.251,1
1785490506,633555176,128.678,0.56,129.219,52.182,1
1785490506,700248535,117.607,1.184,118.767,56.218,1
1785490506,733596924,126.024,0.591,126.595,41.199,1
1785490506,766945313,152.392,0.551,152.925,59.678,1
1785490506,833641846,128.996,0.608,129.588,43.358,1
1785490506,900338135,122.018,0.717,122.71,59.818,1
1785490506,967033936,107.395,0.818,108.208,52.176,1
1785490507,381836,130.138,0.734,130.858,56.012,1
1785490507,67077148,114.548,0.749,115.278,51.113,1
1785490507,100424805,131.498,0.733,132.206,50.28,1
1785490507,167119873,126.864,0.76,127.447,61.939,1
1785490507,233814453,103.657,0.916,104.559,43.798,1
1785490507,267161621,125.558,0.907,126.452,55.239,1
1785490507,333855713,114.236,1.305,115.561,55.773,1
1785490507,367202637,134.738,0.679,135.396,53.219,1
1785490507,433896240,129.93,0.716,130.627,61.927,1
1785490507,500589355,113.261,0.832,114.077,50.136,1
1785490507,533936035,130.598,0.825,131.404,50.677,1
1785490507,600628906,118.529,0.691,119.187,54.472,1
1785490507,633975098,144.331,0.674,144.98,59.146,1
1785490507,700667725,149.495,0.608,150.066,71.778,1
1785490507,767364014,138.376,0.59,138.946,55.578,1
1785490507,834059814,113.864,0.674,114.522,42.268,1
1785490507,900755371,103.514,0.628,104.118,56.295,1
1785490507,934103027,120.743,0.576,121.299,50.53,1
1785490507,967450684,134.885,0.647,135.515,47.56,1
1785490508,34145508,123.194,0.604,123.778,54.96,1
1785490508,67492920,144.303,0.581,144.865,54.435,1
1785490508,134187256,132.142,0.762,132.887,54.713,1
1785490508,200881592,118.215,0.74,118.938,52.746,1
1785490508,234228516,129.83,0.776,130.59,45.0,1
1785490508,300922119,102.367,0.744,103.087,39.19,1
1785490508,367615234,95.659,0.521,96.161,59.772,1
1785490508,434308350,92.162,0.544,92.688,63.219,1
1785490508,501000732,95.585,0.563,96.142,70.133,1
1785490508,567693115,97.207,0.607,97.797,68.358,1
1785490508,634385010,96.311,0.823,97.115,66.01,1
1785490508,701077148,96.149,0.774,96.907,66.478,1
1785490508,767780029,93.505,0.542,94.027,63.83,1
1785490508,834482666,95.599,0.552,96.133,68.808,1
1785490508,901185303,94.768,0.619,95.368,65.938,1
1785490508,967887695,91.015,0.663,91.653,62.987,1
1785490509,34590088,100.732,0.643,101.357,76.406,1
1785490509,67941162,116.47,0.721,117.036,49.029,1
1785490509,101292236,138.221,0.687,138.882,55.198,1
1785490509,134643066,144.317,0.586,144.881,39.35,1
1785490509,234695801,108.681,1.068,109.525,64.686,1
1785490509,268046875,127.08,0.619,127.681,51.516,1
1785490509,334748291,109.743,0.921,110.644,49.662,1
1785490509,368099121,148.345,0.659,148.977,71.687,1
1785490509,434800537,119.869,0.655,120.506,38.227,1
1785490509,468151123,141.086,0.845,141.926,54.759,1
1785490509,534852051,126.85,0.626,127.458,52.248,1
1785490509,601552979,117.3,0.692,117.963,57.206,1
1785490509,634903564,155.234,0.674,155.885,71.272,1
1785490509,701604492,136.773,0.708,137.455,48.267,1
1785490509,734948486,163.942,0.592,164.51,60.406,1
1785490509,835225342,103.142,0.562,103.752,39.45,1
1785490509,902078613,101.733,0.653,102.368,65.537,1
1785490509,968933594,106.845,0.744,107.572,72.054,1
1785490510,2361816,131.463,0.741,132.181,58.04,1
1785490510,69219238,122.711,0.66,123.267,57.946,1
1785490510,136078369,116.118,0.596,116.69,60.283,1
1785490510,169508545,129.85,0.568,130.396,47.135,1
1785490510,236370117,96.889,0.674,97.55,34.01,1
1785490510,303233398,93.579,0.675,94.238,63.553,1
1785490510,336665771,122.977,0.581,123.539,62.736,1
1785490510,403531494,113.736,0.572,114.288,57.614,1
1785490510,436964844,138.104,0.661,138.744,57.891,1
1785490510,503833252,111.685,0.606,112.273,40.394,1
1785490510,570703125,113.744,0.632,114.353,68.95,1
1785490510,604138672,131.513,0.601,132.092,51.177,1
1785490510,671010986,124.449,0.584,125.014,59.795,1
1785490510,704447754,142.347,0.642,142.97,51.39,1
1785490510,771307373,128.562,0.662,129.206,53.096,1
1785490510,838145752,99.517,0.613,100.116,37.744,1
1785490510,904985840,113.929,1.138,115.05,81.748,1
1785490510,938406250,127.6,0.575,128.157,46.56,1
1785490511,5248535,124.702,0.917,125.603,64.279,1
1785490511,72092041,111.609,0.824,112.413,53.66,1
1785490511,105514404,133.145,0.695,133.823,54.831,1
1785490511,172360107,127.6,0.568,128.148,61.176,1
1785490511,239207275,106.982,0.874,107.846,46.532,1
1785490511,272631348,124.747,0.622,125.351,50.941,1
1785490511,339480469,124.906,0.753,125.639,67.136,1
1785490511,406331299,104.511,0.708,105.199,46.41,1
1785490511,473183350,97.806,0.578,98.364,60.021,1
1785490511,506609863,128.384,0.588,128.954,64.015,1
1785490511,573464355,126.407,0.568,126.957,64.859,1
1785490511,640319824,102.96,1.125,104.016,43.899,1
1785490511,673748291,128.79,0.843,129.614,59.03,1
1785490511,740623779,127.377,0.654,128.014,65.286,1
1785490511,807291504,123.765,0.652,124.398,63.052,1
1785490511,873958496,95.622,0.616,96.217,38.487,1
1785490511,940624756,92.702,0.616,93.3,63.749,1
1785490512,7290039,87.624,0.566,88.172,61.538,1
1785490512,73954346,96.608,0.636,97.225,75.713,1
1785490512,107286377,125.277,0.648,125.91,62.016,1
1785490512,173949463,105.401,0.632,106.012,46.769,1
1785490512,240611816,95.289,0.598,95.865,56.516,1
1785490512,307273438,94.506,0.782,95.261,66.052,1
1785490512,373934082,97.479,0.699,98.159,69.556,1
1785490512,407264160,127.627,0.744,128.361,63.528,1
1785490512,473923584,103.869,0.623,104.469,42.78,1
1785490512,540582275,95.1,0.82,95.766,57.954,1
1785490512,607239990,89.231,0.624,89.837,60.731,1
1785490512,673896973,93.341,0.796,94.119,70.935,1
1785490512,740552246,98.859,0.813,99.616,72.073,1
1785490512,773886475,127.114,0.96,127.904,61.697,1
1785490512,840554443,121.447,0.846,122.146,60.916,1
1785490512,873887939,143.496,0.732,144.211,55.395,1
1785490512,940554688,125.691,0.547,126.215,48.677,1
1785490513,7220459,119.757,0.644,120.383,60.832,1
1785490513,73885498,105.107,0.721,105.81,52.088,1
1785490513,107217773,129.57,0.683,130.235,57.76,1
1785490513,173881348,112.529,1.346,113.873,50.285,1
1785490513,207212891,128.926,0.996,129.908,49.371,1
1785490513,273875488,113.804,0.596,114.381,51.15,1
1785490513,307206543,128.785,0.669,129.431,48.379,1
1785490513,373867676,112.719,0.676,113.371,50.601,1
1785490513,440528076,105.261,0.614,105.857,59.146,1
1785490513,507187744,112.114,1.069,113.193,73.967,1
1785490513,573846680,96.489,0.613,97.079,50.576,1
1785490513,640504639,91.669,0.717,92.351,61.929,1
1785490513,707161621,95.102,0.627,95.71,70.016,1
1785490513,773822998,96.417,0.63,97.029,67.981,1
1785490513,840489502,94.789,0.553,95.323,64.961,1
1785490513,907155273,92.453,0.63,93.064,64.407,1
1785490513,973820068,96.859,0.64,97.479,71.078,1
1785490514,7152100,103.528,0.813,104.32,40.172,1
1785490514,73815674,97.012,0.706,97.696,60.04,1
1785490514,140478516,90.507,0.621,91.109,60.079,1
1785490514,207140381,96.321,0.57,96.873,72.425,1
1785490514,273801514,100.603,0.934,101.637,71.303,1
1785490514,307131592,119.654,0.834,120.476,52.282,1
1785490514,340461670,134.536,0.584,135.104,47.966,1
1785490514,407121094,120.885,0.648,121.515,53.072,1
1785490514,473779541,105.535,0.743,106.258,51.401,1
1785490514,507108643,130.913,0.726,131.618,58.69,1
1785490514,573765869,114.889,0.729,115.595,50.632,1
1785490514,607093994,143.706,1.726,145.414,63.132,1
1785490514,673750000,155.354,0.993,156.33,77.581,1
1785490514,740404541,120.367,0.789,121.136,31.468,1
1785490514,773738281,140.821,0.863,141.671,53.861,1
1785490514,840405273,114.515,1.31,115.797,40.785,1
1785490514,873738525,130.3,0.672,130.952,48.503,1
1785490514,940404053,102.268,0.589,102.839,38.552,1
1785490515,7069092,97.389,0.583,97.955,61.782,1
1785490515,73733154,101.773,0.816,102.569,71.272,1
1785490515,107064697,125.729,0.671,126.381,57.151,1
1785490515,173727539,99.68,0.825,100.485,40.763,1
1785490515,240389404,110.108,0.808,110.895,77.068,1
1785490515,273720215,134.556,1.138,135.681,58.111,1
1785490515,340380859,116.299,0.872,117.148,48.136,1
1785490515,373710693,140.735,0.787,141.503,57.686,1
1785490515,440370117,144.344,0.777,145.099,70.257,1
1785490515,507028809,126.103,0.765,126.854,48.407,1
1785490515,573686523,107.959,1.127,109.065,48.866,1
1785490515,607015137,129.507,0.59,130.079,54.352,1
1785490515,673671631,115.148,0.996,116.124,52.698,1
1785490515,706999512,131.967,0.575,132.52,49.729,1
1785490515,773660645,118.326,0.631,118.941,53.08,1
1785490515,806994141,145.948,0.621,146.545,60.94,1
1785490515,873660889,123.026,0.569,123.641,43.699,1
1785490515,940326904,96.771,0.62,97.373,40.461,1
1785490516,6991943,94.219,0.697,94.898,64.191,1
1785490516,73656006,100.465,0.622,101.066,72.831,1
1785490516,106987793,123.634,0.584,124.201,56.468,1
1785490516,173650635,120.341,0.576,120.898,63.361,1
1785490516,206981934,130.516,0.829,131.333,43.757,1
1785490516,273643555,124.887,0.553,125.422,60.759,1
1785490516,340304443,101.236,0.859,102.076,43.309,1
1785490516,406964355,101.515,0.809,102.303,66.888,1
1785490516,440294189,118.096,0.655,118.734,49.766,1
1785490516,473623535,142.063,0.78,142.836,57.42,1
1785490516,540281982,128.222,0.718,128.921,52.752,1
1785490516,606939453,118.752,0.817,119.557,57.287,1
1785490516,640267822,142.014,0.977,142.986,56.747,1
1785490516,706924072,137.902,0.75,138.632,62.321,1
1785490516,773590820,137.119,0.692,137.794,65.829,1
1785490516,840270752,118.583,0.739,119.304,48.188,1
1785490516,873610352,120.669,0.549,121.2,35.239,1
1785490516,973628906,94.194,0.578,94.752,73.571,1
1785490517,40307129,103.929,0.713,104.623,76.547,1
1785490517,73645996,129.067,0.584,129.634,58.351,1
1785490517,140323486,131.782,0.555,132.319,69.363,1
1785490517,207000488,116.433,0.923,117.331,51.684,1
1785490517,240338867,136.633,0.708,137.317,53.326,1
1785490517,307014893,123.95,0.749,124.68,54.042,1
1785490517,340353027,138.037,0.817,138.836,47.49,1
1785490517,407028320,122.973,0.682,123.637,51.479,1
1785490517,473703369,112.3,0.586,112.865,55.906,1
1785490517,507040527,140.645,0.644,141.272,61.74,1
1785490517,573714600,124.797,0.836,125.539,50.938,1
1785490517,640388184,120.359,0.925,121.279,62.407,1
1785490517,673724854,164.449,0.925,165.364,77.427,1
1785490517,773733398,125.335,0.558,125.874,60.529,1
1785490517,840403564,114.341,0.605,114.929,55.723,1
1785490517,940407715,93.267,0.641,93.888,78.966,1
1785490518,7076172,92.331,0.553,92.867,65.647,1
1785490518,73743652,100.562,0.687,101.231,75.03,1
1785490518,107077148,136.534,0.702,137.219,69.319,1
1785490518,173743652,121.909,0.605,122.496,51.945,1
1785490518,207076660,144.425,0.728,145.132,55.967,1
1785490518,273741943,124.198,0.833,125.02,46.549,1
1785490518,307074219,147.019,0.738,147.728,56.046,1
1785490518,373738281,128.844,0.699,129.526,48.464,1
1785490518,440401611,123.164,0.978,124.122,61.256,1
1785490518,473732910,155.864,0.667,156.512,65.726,1
1785490518,540395020,129.449,0.79,130.218,40.365,1
1785490518,607056396,142.316,0.863,143.156,79.597,1
1785490518,673717041,130.673,0.624,131.279,54.789,1
1785490518,740374512,126.215,0.663,126.86,62.238,1
1785490518,807130371,114.163,0.691,114.831,54.724,1
1785490518,840509033,129.642,0.808,130.429,48.979,1
1785490518,873887939,141.728,3.285,144.366,47.29,1
1785490518,940646729,122.99,0.895,123.879,46.287,1
1785490518,974026855,136.086,1.44,137.777,47.022,1
1785490519,40787842,131.734,0.689,132.404,61.654,1
1785490519,74169189,145.917,2.78,148.55,49.507,1
1785490519,140932373,133.527,0.859,134.366,52.6,1
1785490519,207697266,118.376,0.729,119.031,51.432,1
1785490519,241080322,129.589,0.714,130.28,44.631,1
1785490519,307847412,107.604,0.979,108.569,45.048,1
1785490519,374615967,98.54,0.711,99.221,57.425,1
1785490519,441385986,95.078,0.548,95.608,63.162,1
1785490519,508157471,93.964,0.558,94.504,65.668,1
1785490519,574930420,94.618,0.554,95.152,67.422,1
1785490519,608317627,131.429,0.733,132.142,70.375,1
1785490519,675092773,128.173,0.57,128.723,63.358,1
1785490519,741870850,102.05,0.567,102.598,40.653,1
1785490519,841917480,95.046,0.586,95.613,93.061,1
1785490519,908614746,95.845,0.625,96.452,67.536,1
1785490519,975311768,96.225,0.565,96.771,67.017,1
1785490520,42008301,93.76,0.795,94.535,64.458,1
1785490520,108704590,107.822,0.682,108.484,80.646,1
1785490520,142052490,125.714,0.567,126.262,51.127,1
1785490520,175400391,136.578,0.939,137.491,44.575,1
1785490520,242095947,133.245,0.855,134.086,63.287,1
1785490520,275443604,142.955,0.998,143.945,43.191,1
1785490520,342138428,112.645,0.738,113.296,36.063,1
1785490520,375485840,130.774,0.561,131.316,51.372,1
1785490520,442180176,119.893,1.829,121.693,57.035,1
1785490520,475527344,136.14,0.66,136.784,48.472,1
1785490520,542221191,123.118,0.806,123.911,53.815,1
1785490520,608914795,122.378,0.653,123.013,65.801,1
1785490520,675607910,126.573,0.673,127.23,70.908,1
1785490520,742300781,125.059,0.819,125.867,65.327,1
1785490520,808984131,111.481,0.662,112.119,52.94,1
1785490520,842325439,146.989,0.621,147.589,68.814,1
1785490520,909007813,127.606,0.667,128.255,47.348,1
1785490520,975689697,115.005,1.14,116.168,54.312,1
1785490521,9030518,154.187,1.146,155.302,72.748,1
1785490521,75711670,118.662,0.586,119.23,30.619,1
1785490521,109051758,130.928,0.646,131.554,45.665,1
1785490521,175732178,127.129,0.68,127.792,62.917,1
1785490521,242411621,112.126,1.144,113.277,52.133,1
1785490521,275751221,126.015,0.617,126.613,46.709,1
1785490521,342430176,116.005,0.586,116.567,56.634,1
1785490521,375769287,142.459,0.854,143.297,60.058,1
1785490521,442447266,115.481,1.192,116.624,39.996,1
1785490521,475786133,151.602,2.02,153.608,70.325,1
1785490521,542463135,131.107,2.603,133.736,46.772,1
1785490521,609139893,128.701,0.613,129.296,62.287,1
1785490521,675815918,128.042,0.586,128.608,65.988,1
1785490521,742491455,125.408,0.638,126.009,64.077,1
1785490521,809332275,98.638,0.598,99.219,40.05,1
1785490521,876174561,96.212,0.545,96.739,64.363,1
1785490521,943018555,102.408,0.898,103.289,73.391,1
1785490522,9863770,96.05,0.683,96.696,60.254,1
1785490522,76710693,98.974,0.885,99.836,69.984,1
1785490522,110134521,120.153,1.207,121.348,54.928,1
1785490522,143558838,136.884,0.7,137.563,49.65,1
1785490522,210408447,132.737,0.795,133.385,62.669,1
1785490522,277259766,118.55,0.762,119.291,52.759,1
1785490522,310685791,131.55,0.711,132.247,46.377,1
1785490522,377539063,122.157,0.574,122.71,57.324,1
1785490522,410966309,142.87,0.847,143.711,54.406,1
1785490522,477822021,125.975,0.625,126.582,49.748,1
1785490522,544678955,113.12,0.911,114.024,54.279,1
1785490522,578108154,132.705,0.784,133.467,52.891,1
1785490522,644967285,125.688,0.639,126.31,59.701,1
1785490522,711827881,141.126,0.661,141.767,82.319,1
1785490522,778670410,136.692,0.619,137.291,62.366,1
1785490522,845498047,130.881,0.555,131.41,60.95,1
1785490522,878912354,136.444,1.886,138.336,40.307,1
1785490522,979156982,97.923,0.637,98.542,60.482,1
1785490523,45988281,96.07,0.581,96.633,64.921,1
1785490523,112820801,96.782,0.522,97.285,67.486,1
1785490523,179654541,93.428,0.652,94.062,63.609,1
1785490523,246489746,88.889,0.557,89.43,62.202,1
1785490523,313325928,91.824,0.606,92.398,69.805,1
1785490523,380163330,92.975,0.613,93.569,68.01,1
1785490523,447001953,90.344,0.56,90.886,64.155,1
1785490523,513841797,90.384,0.632,90.995,66.948,1
1785490523,580682861,98.831,0.639,99.464,75.297,1
1785490523,647525146,98.015,0.812,98.808,66.198,1
1785490523,714368652,112.517,1.007,113.503,81.527,1
1785490523,747789307,131.908,0.735,132.622,52.551,1
1785490523,814442139,120.065,0.546,120.591,54.627,1
1785490523,881093994,104.711,0.567,105.258,51.318,1
1785490523,947744629,108.739,0.626,109.338,70.729,1
1785490523,981069580,137.463,0.666,138.113,62.093,1
1785490524,47718750,114.958,0.875,115.807,44.344,1
1785490524,81042725,145.108,0.553,145.625,63.15,1
1785490524,147690186,128.701,0.693,129.372,50.39,1
1785490524,214336426,122.648,0.606,123.232,60.51,1
1785490524,280981689,108.166,0.759,108.89,52.293,1
1785490524,314303955,127.109,0.545,127.634,52.077,1
1785490524,347625977,135.19,0.669,135.84,41.522,1
1785490524,447590088,93.957,0.547,94.486,58.617,1
1785490524,514231445,92.267,0.541,92.79,64.945,1
1785490524,580871582,92.839,0.63,93.452,67.3,1
1785490524,647510742,91.774,0.56,92.316,65.504,1
1785490524,714148926,106.756,0.76,107.5,81.819,1
1785490524,747468506,142.923,0.701,143.606,69.428,1
1785490524,814121338,128.131,0.647,128.761,51.809,1
1785490524,880773193,123.362,0.551,123.895,61.786,1
1785490524,947424072,95.661,0.62,96.262,39.017,1
1785490525,14073730,92.062,0.612,92.655,63.043,1
1785490525,80722168,98.545,0.545,99.071,73.065,1
1785490525,147369629,95.857,0.631,96.469,64.045,1
1785490525,247338867,92.505,0.648,93.135,96.635,1
1785490525,313983643,91.594,0.648,92.226,65.735,1
1785490525,380627197,91.294,0.57,91.842,66.261,1
1785490525,447269775,92.524,0.57,93.076,67.876,1
1785490525,513911133,91.044,0.631,91.657,65.222,1
1785490525,580551514,93.764,0.768,94.481,69.463,1
1785490525,647190674,93.87,0.647,94.499,66.658,1
1785490525,713828857,97.671,1.219,98.878,71.006,1
1785490525,780517334,92.367,0.854,93.202,61.022,1
1785490525,813886475,115.946,0.67,116.596,56.765,1
1785490525,847256104,145.74,1.135,146.87,63.382,1
1785490525,913995850,127.079,0.897,127.96,48.085,1
1785490525,980736816,136.099,0.798,136.876,75.662,1
1785490526,47479004,154.656,0.755,155.392,85.258,1
1785490526,80850342,296.047,0.968,297.004,174.975,1
1785490526,214339111,229.857,0.592,230.427,66.923,1
1785490526,381206543,131.157,0.743,131.878,68.315,1
1785490526,414581055,153.068,0.625,153.675,55.174,1
1785490526,481330566,152.444,0.946,153.382,66.442,1
1785490526,548081299,147.483,0.949,148.408,61.787,1
1785490526,614833252,162.027,0.677,162.687,81.033,1
1785490526,714963135,121.132,0.942,122.071,59.485,1
1785490526,748339844,148.242,0.644,148.865,60.203,1
1785490526,815093018,124.743,0.669,125.461,43.272,1
1785490526,881847656,124.239,1.081,125.305,66.666,1
1785490526,948603760,104.451,0.875,105.29,46.744,1
1785490526,981982422,128.034,0.657,128.656,56.752,1
1785490527,48740723,110.455,0.687,111.127,49.222,1
1785490527,148880615,93.165,0.56,93.704,82.726,1
1785490527,215642334,93.629,0.621,94.249,67.289,1
1785490527,282405518,97.423,0.979,98.379,70.903,1
1785490527,349170166,94.285,0.563,94.828,63.221,1
1785490527,415936279,91.688,0.572,92.236,64.174,1
1785490527,482703857,91.975,0.621,92.579,67.11,1
1785490527,549472656,94.195,0.815,94.991,69.178,1
1785490527,616242920,93.002,0.616,93.599,65.382,1
1785490527,683014648,96.197,0.78,96.962,70.13,1
1785490527,716401123,129.918,0.675,130.572,66.997,1
1785490527,783134521,122.013,0.573,122.564,58.729,1
1785490527,816481445,139.869,0.622,140.462,51.245,1
1785490527,883175293,137.552,3.962,141.571,67.72,1
1785490527,949868652,120.768,0.661,121.406,46.61,1
1785490528,16561768,104.687,0.703,105.369,50.651,1
1785490528,83254150,107.743,0.717,108.438,69.766,1
1785490528,183292236,93.185,0.584,93.747,85.349,1
1785490528,249983643,94.047,0.596,94.593,67.537,1
1785490528,350020264,95.783,0.817,96.585,102.021,1
1785490528,416710693,91.906,0.565,92.452,62.565,1
1785490528,483400635,92.058,0.547,92.588,66.826,1
1785490528,550090332,98.108,0.896,98.979,73.072,1
1785490528,583435059,112.679,0.571,113.232,47.606,1
1785490528,616779541,142.475,0.633,143.088,63.198,1
1785490528,683468262,127.729,0.745,128.46,52.049,1
1785490528,750157227,110.748,0.675,111.484,49.645,1
1785490528,783499756,139.358,0.735,140.069,62.007,1
1785490528,850184570,111.349,0.607,111.934,38.553,1
1785490528,883526611,137.718,0.571,138.265,59.673,1
1785490528,950210449,126.379,0.562,126.94,55.341,1
1785490529,16894043,122.289,0.583,122.854,62.614,1
1785490529,83576904,108.354,0.895,109.238,53.054,1
1785490529,116917969,129.383,0.586,129.951,54.067,1
1785490529,183600098,111.488,0.84,112.197,48.928,1
1785490529,216940918,133.061,0.739,133.843,54.924,1
1785490529,283622070,123.836,0.565,124.379,57.281,1
1785490529,350302734,112.161,0.889,113.039,55.331,1
1785490529,383643066,130.273,0.743,130.997,51.307,1
1785490529,450322998,106.173,0.636,106.793,42.473,1
1785490529,517002197,107.968,0.69,108.638,68.528,1
1785490529,583681152,98.041,0.897,98.917,56.953,1
1785490529,650359375,107.434,0.773,108.183,75.947,1
1785490529,717037109,100.454,0.793,101.228,59.719,1
1785490529,783717285,93.463,0.557,94.001,59.459,1
1785490529,883739746,98.767,0.765,99.513,105.531,1
1785490529,917080322,120.225,0.93,121.143,54.961,1
1785490529,950420654,134.887,0.801,135.665,47.868,1
1785490530,17100830,124.828,0.985,125.798,56.811,1
1785490530,83780518,111.858,0.694,112.534,53.416,1
1785490530,117120361,130.535,0.822,131.351,52.153,1
1785490530,183799072,130.974,0.828,131.777,67.112,1
1785490530,250477295,127.836,0.559,128.37,63.278,1
1785490530,317155029,109.625,0.775,110.374,48.679,1
1785490530,350493652,130.417,0.785,131.184,54.144,1
1785490530,417170410,111.929,0.938,112.844,48.34,1
1785490530,450508545,123.707,0.623,124.308,44.806,1
1785490530,483846436,130.938,0.711,131.636,40.656,1
1785490530,583859619,96.565,0.681,97.177,65.564,1
1785490530,683871582,106.366,1.229,107.227,110.051,1
1785490530,717208496,123.744,0.634,124.359,50.48,1
1785490530,783886963,104.762,0.944,105.694,47.996,1
1785490530,850568359,97.068,1.117,98.177,59.168,1
1785490530,917249268,104.256,3.686,105.478,73.971,1
1785490530,950589355,115.38,0.653,116.012,43.899,1
1785490531,17269531,98.84,0.778,99.6,50.264,1
1785490531,83948730,97.601,0.675,98.257,65.339,1
1785490531,150627686,110.617,0.774,111.359,79.78,1
1785490531,183966797,108.488,0.68,109.146,31.127,1
1785490531,250644775,114.669,0.714,115.303,72.834,1
1785490531,350660400,92.924,0.643,93.546,78.26,1
1785490531,417336914,90.082,0.547,90.611,63.742,1
1785490531,484012939,90.176,0.551,90.708,66.773,1
1785490531,550687988,94.594,0.546,95.122,71.089,1
1785490531,617362793,101.562,0.572,102.112,73.665,1
1785490531,650699951,129.536,0.663,130.176,61.4,1
1785490531,717373779,115.946,0.757,116.69,53.179,1
1785490531,750710938,141.953,0.684,142.617,59.269,1
1785490531,817392578,125.869,0.576,126.424,50.491,1
1785490531,884073730,109.898,1.125,111.012,51.255,1
1785490531,917414063,123.603,0.649,124.231,46.573,1
1785490531,984094238,122.143,0.561,122.681,65.132,1
1785490532,17434082,137.139,0.772,137.872,48.53,1
1785490532,84113525,117.295,0.708,117.984,46.79,1
1785490532,117452881,140.596,1.43,142.002,57.342,1
1785490532,184131348,126.842,0.591,127.414,52.108,1
1785490532,250809326,118.026,0.867,118.891,58.132,1
1785490532,284147949,129.308,0.883,130.172,44.641,1
1785490532,384163330,95.085,0.685,95.753,65.596,1
1785490532,450839355,91.963,0.626,92.571,63.496,1
1785490532,517514893,95.201,0.586,95.77,69.873,1
1785490532,584189941,97.717,0.58,98.274,69.18,1
1785490532,650864258,92.25,0.561,92.793,61.193,1
1785490532,717538086,107.691,1.084,108.668,82.535,1
1785490532,750875000,128.816,0.936,129.736,54.41,1
1785490532,817557861,125.863,0.637,126.481,63.434,1
1785490532,884239990,116.088,0.781,116.847,57.048,1
1785490532,917580811,135.339,0.769,136.062,52.556,1
1785490532,984261963,130.421,0.596,131.0,61.621,1
1785490533,50942627,106.353,0.88,107.224,42.892,1
1785490533,117622803,109.187,0.764,109.935,69.399,1
1785490533,217642090,93.495,0.545,94.023,84.113,1
1785490533,284320801,93.198,0.708,93.893,66.545,1
1785490533,317659912,127.941,0.577,128.5,67.95,1
1785490533,350998779,157.093,0.64,157.712,62.549,1
1785490533,451015137,105.586,1.096,106.666,48.963,1
1785490533,484353516,126.366,0.603,126.954,53.633,1
1785490533,551029785,112.753,1.006,113.615,53.324,1
1785490533,584367920,136.536,0.787,137.282,57.019,1
1785490533,651043457,137.321,1.299,138.607,67.988,1
1785490533,717718506,133.068,0.814,133.857,61.938,1
1785490533,784397949,123.339,0.726,124.046,56.87,1
1785490533,817739502,132.385,2.054,134.442,43.713,1
1785490533,917763428,98.986,0.806,99.78,65.38,1
1785490533,984445557,97.108,0.65,97.738,64.647,1
1785490534,17786133,129.599,0.807,130.389,65.989,1
1785490534,84467285,117.239,0.688,117.907,54.198,1
1785490534,117807617,140.614,1.671,141.471,56.898,1
1785490534,184488037,130.89,0.693,131.559,56.775,1
1785490534,251167725,114.913,0.819,115.699,50.818,1
1785490534,284507324,147.016,0.697,147.692,65.334,1
1785490534,351186279,129.551,0.997,130.541,49.515,1
1785490534,417864502,113.941,0.684,114.606,50.757,1
1785490534,451203369,139.252,0.672,139.902,58.635,1
1785490534,517880859,131.979,0.642,132.604,59.384,1
1785490534,584557861,110.989,0.614,111.596,45.65,1
1785490534,651234131,98.23,0.733,98.924,53.991,1
1785490534,717909912,99.919,3.566,103.461,71.204,1
1785490534,784589111,94.823,0.665,95.47,58.729,1
1785490534,851271240,101.791,0.846,102.666,73.824,1
1785490534,917952881,95.234,0.683,95.899,59.968,1
1785490534,984634033,91.305,0.563,91.851,62.633,1
1785490535,51314453,92.208,0.583,92.771,67.601,1
1785490535,117994385,94.559,0.709,95.248,69.155,1
1785490535,184673828,95.874,0.647,96.503,67.935,1
1785490535,251352539,97.233,0.757,97.933,68.107,1
1785490535,318030518,98.741,0.727,99.451,68.196,1
1785490535,384708252,100.399,1.545,101.933,69.145,1
1785490535,451385010,98.143,0.562,98.685,63.445,1
1785490535,518061523,96.854,0.663,97.484,65.475,1
1785490535,584737305,97.038,0.69,97.711,66.902,1
1785490535,651412598,96.247,0.711,96.939,65.904,1
1785490535,784845703,100.781,0.57,101.334,137.828,1
1785490535,851688721,95.38,0.586,95.949,61.457,1
1785490535,918533447,98.391,0.628,98.999,69.895,1
1785490535,985379883,92.432,0.533,92.947,60.796,1
1785490536,52227783,93.741,0.655,94.379,68.278,1
1785490536,119077148,99.059,0.746,99.788,72.257,1
1785490536,185928223,94.578,0.772,95.33,62.394,1
1785490536,286207764,99.301,0.62,99.906,104.853,1
1785490536,319635010,118.403,0.569,118.954,52.479,1
1785490536,353062500,137.261,2.158,139.412,53.87,1
1785490536,419919189,107.033,0.56,107.575,35.036,1
1785490536,486777344,112.236,0.807,113.029,72.304,1
1785490536,520206787,134.227,0.635,134.842,55.248,1
1785490536,587067383,115.527,0.936,116.372,48.38,1
1785490536,620498291,145.975,0.68,146.66,63.704,1
1785490536,687361084,139.424,0.791,140.201,60.426,1
1785490536,754223389,117.813,0.604,118.532,45.064,1
1785490536,787633545,134.261,0.847,135.089,50.098,1
1785490536,854454102,127.109,0.639,127.731,59.465,1
1785490536,887864990,148.286,1.295,149.526,55.159,1
1785490536,954687256,129.218,0.86,130.056,47.393,1
1785490537,21510742,117.729,0.786,118.51,55.272,1
1785490537,54922852,126.001,0.646,126.63,41.545,1
1785490537,121748047,129.595,0.715,130.29,70.484,1
1785490537,188574463,115.682,0.552,116.218,52.756,1
1785490537,221988037,142.413,0.913,143.308,60.5,1
1785490537,288815918,134.611,0.947,135.511,59.027,1
1785490537,355645020,121.715,0.807,122.347,53.673,1
1785490537,389060059,127.219,0.684,127.883,38.952,1
1785490537,489306641,92.305,0.56,92.907,65.21,1
1785490537,556139160,100.418,0.72,101.12,75.101,1
1785490537,589555664,109.144,0.574,109.7,42.0,1
1785490537,656389893,119.975,0.976,120.952,78.065,1
1785490537,689807373,152.221,0.594,152.783,65.269,1
1785490537,756641846,141.161,0.752,141.903,55.946,1
1785490537,823450195,123.147,0.746,123.875,48.79,1
1785490537,890355225,95.757,0.525,96.265,39.296,1
1785490537,957263428,90.831,0.677,91.489,62.132,1
1785490538,24175049,90.849,0.627,91.443,66.865,1
1785490538,91089844,91.421,0.627,92.031,67.502,1
1785490538,158008057,88.956,0.62,89.559,64.446,1
1785490538,224929443,91.362,0.548,91.89,69.254,1
1785490538,291854248,92.315,0.672,92.97,68.003,1
1785490538,358782471,89.791,0.562,90.335,64.295,1
1785490538,425713867,87.788,0.63,88.4,64.997,1
1785490538,492648438,87.256,0.598,87.833,66.366,1
1785490538,559586426,90.661,0.544,91.187,70.293,1
1785490538,626527588,88.873,0.544,89.399,65.154,1
1785490538,693472168,96.071,0.892,96.945,74.478,1
1785490538,726945801,123.14,0.542,123.665,60.206,1
1785490538,793892822,114.063,0.739,114.783,58.06,1
1785490538,827262207,140.711,0.822,141.52,60.104,1
1785490538,894002197,119.261,0.587,119.919,45.059,1
1785490538,960743408,113.763,0.722,114.471,61.376,1
1785490538,994114258,132.455,0.706,133.141,52.034,1
1785490539,60857422,115.067,0.614,115.665,49.276,1
1785490539,94229248,135.167,0.936,136.098,53.788,1
1785490539,160973877,119.476,0.541,120.001,50.667,1
1785490539,227719971,111.361,1.181,112.533,59.258,1
1785490539,261093262,141.483,0.888,142.313,63.173,1
1785490539,327841064,121.119,0.763,121.865,46.299,1
1785490539,394590088,92.609,0.641,93.231,38.113,1
1785490539,461340088,89.305,0.577,89.866,63.388,1
1785490539,528091309,86.64,0.671,87.292,64.177,1
1785490539,594843994,94.76,0.658,95.398,74.86,1
1785490539,661597656,99.11,0.643,99.734,71.087,1
1785490539,728352539,95.446,0.888,96.328,63.336,1
1785490539,795108643,88.427,0.734,89.145,59.586,1
1785490539,861776855,90.828,0.701,91.508,69.032,1
1785490539,928444092,93.338,0.804,94.123,69.274,1
1785490539,995110840,86.222,0.722,86.927,59.48,1
1785490540,61776611,88.379,0.629,88.979,68.718,1
1785490540,128441406,89.411,0.759,90.15,67.835,1
1785490540,161773682,113.441,0.627,114.051,57.234,1
1785490540,195105713,124.229,0.575,124.785,44.066,1
1785490540,261768799,109.892,1.102,110.975,52.846,1
1785490540,328431396,91.773,0.815,92.574,48.257,1
1785490540,395093018,89.422,0.565,89.969,64.069,1
1785490540,461753906,88.653,0.702,89.245,65.938,1
1785490540,528413818,85.789,0.565,86.334,63.75,1
1785490540,595072998,89.859,0.621,90.462,70.785,1
1785490540,661731201,110.234,0.859,111.078,87.27,1
1785490540,695060059,124.404,0.851,125.236,47.487,1
1785490540,761717041,103.392,0.866,104.249,45.654,1
1785490540,795046387,124.492,0.555,125.029,54.132,1
1785490540,861713867,117.181,0.801,117.961,59.597,1
1785490540,895047363,124.797,0.655,125.433,40.805,1
1785490540,961713623,99.541,0.622,100.14,41.375,1
1785490541,28379150,91.593,0.597,92.173,58.7,1
1785490541,95043701,89.833,0.568,90.382,64.874,1
1785490541,161707520,91.889,0.629,92.501,68.781,1
1785490541,228370605,89.862,0.54,90.384,64.549,1
1785490541,295032715,88.561,0.555,89.098,65.377,1
1785490541,361693848,91.372,0.623,91.976,69.537,1
1785490541,428354248,86.189,0.641,86.813,61.498,1
1785490541,495013916,87.743,0.627,88.354,68.201,1
1785490541,561672607,91.489,0.676,92.077,70.383,1
1785490541,628330566,92.385,0.574,92.94,67.52,1
1785490541,694987793,93.437,0.779,94.197,67.915,1
1785490541,761644043,99.211,0.573,99.766,72.226,1
1785490541,794972656,117.23,0.66,117.867,51.429,1
1785490541,828307129,139.208,0.717,139.915,55.372,1
1785490541,894975342,121.646,0.582,122.211,48.974,1
1785490541,961642822,107.705,0.912,108.596,53.046,1
1785490541,994976318,122.156,0.957,122.854,47.595,1
1785490542,61642578,103.962,0.757,104.702,48.513,1
1785490542,94975342,126.956,0.717,127.659,56.287,1
1785490542,161640381,109.656,0.9,110.54,49.549,1
1785490542,194972656,127.844,0.745,128.569,51.361,1
1785490542,261636230,117.569,0.708,118.26,56.359,1
1785490542,294968018,140.356,0.759,141.102,56.169,1
1785490542,361630371,123.729,0.632,124.345,49.91,1
1785490542,428292236,113.87,0.591,114.442,56.759,1
1785490542,461622803,125.732,0.641,126.355,45.244,1
1785490542,528283203,122.229,0.57,122.843,63.087,1
1785490542,561613281,145.966,0.786,146.738,57.278,1
1785490542,628272461,124.478,0.626,125.086,45.014,1
1785490542,694930908,121.915,0.631,122.525,64.1,1
1785490542,761588623,135.141,0.635,135.756,79.888,1
1785490542,828252686,131.457,0.874,132.317,63.213,1
1785490542,894921631,119.873,0.695,120.549,54.913,1
1785490542,961589844,101.423,0.701,102.102,48.216,1
1785490542,994923828,122.708,0.566,123.257,54.494,1
1785490543,61590576,103.394,0.948,104.332,47.729,1
1785490543,94923828,128.702,0.774,129.477,58.472,1
1785490543,161589600,125.817,0.864,126.658,63.853,1
1785490543,228254639,102.762,0.776,103.527,43.533,1
1785490543,294918701,93.272,0.582,93.838,56.988,1
1785490543,361582031,91.12,0.675,91.776,64.601,1
1785490543,428244629,89.055,0.634,89.671,64.559,1
1785490543,494906250,90.652,0.566,91.203,68.192,1
1785490543,561567139,92.352,0.592,92.924,68.384,1
1785490543,628227295,87.542,0.53,88.055,61.792,1
1785490543,694886475,94.137,0.686,94.805,73.406,1
1785490543,761544922,100.174,0.692,100.842,72.697,1
1785490543,794874756,124.428,0.593,125.005,57.494,1
1785490543,861548340,117.547,0.689,118.213,59.877,1
1785490543,894885010,129.458,0.723,130.171,45.287,1
1785490543,961557617,112.979,0.736,113.683,50.193,1
1785490543,994893799,131.126,0.638,131.744,51.4,1
1785490544,61565430,105.533,0.648,106.164,41.089,1
1785490544,128236328,104.809,0.864,105.691,66.159,1
1785490544,194906738,99.849,0.873,100.701,61.714,1
1785490544,228241455,117.991,0.856,118.815,51.457,1
1785490544,294910889,92.166,0.551,92.696,40.551,1
1785490544,361579346,90.03,0.57,90.583,64.554,1
1785490544,428247314,91.084,0.628,91.693,67.779,1
1785490544,494914551,90.878,0.542,91.399,66.376,1
1785490544,561581299,90.222,0.567,90.768,66.034,1
1785490544,628247070,89.963,0.553,90.495,66.393,1
1785490544,694912354,104.824,1.958,106.768,82.925,1
1785490544,728244629,135.298,1.067,136.347,62.914,1
1785490544,794909668,123.654,0.658,124.294,54.62,1
1785490544,861592041,109.782,0.646,110.405,52.794,1
1785490544,894932861,146.477,0.799,147.259,70.192,1
1785490544,961614258,123.618,0.616,124.313,43.642,1
1785490545,28295166,108.433,0.885,109.308,51.757,1
1785490545,61635254,123.775,0.651,124.401,48.447,1
1785490545,128315186,111.524,0.884,112.391,54.669,1
1785490545,194994385,106.288,0.554,106.824,61.115,1
1785490545,261672852,105.152,1.019,106.173,66.008,1
1785490545,328350830,105.497,1.338,106.962,67.34,1
1785490545,395028320,100.645,0.915,101.542,61.401,1
1785490545,428366699,115.396,0.675,116.055,47.853,1
1785490545,461705078,131.726,0.749,132.451,49.733,1
1785490545,528381104,118.585,0.632,119.197,53.423,1
1785490545,561718994,132.615,0.726,133.319,47.46,1
1785490545,628394043,111.969,0.756,112.712,46.062,1
1785490545,661731445,124.386,0.829,125.198,45.823,1
1785490545,695068604,162.265,0.555,162.801,70.95,1
1785490545,795079834,102.183,0.962,103.128,40.328,1
1785490545,861749512,92.477,2.07,94.543,58.077,1
1785490545,928418457,96.379,0.581,96.939,69.084,1
1785490545,995086670,91.148,0.692,91.776,61.502,1
1785490546,61753906,89.148,0.57,89.825,64.594,1
1785490546,128420410,95.88,0.614,96.472,73.437,1
1785490546,195086182,92.772,0.873,93.627,63.817,1
1785490546,261751221,92.294,0.904,93.186,66.216,1
1785490546,328415283,102.407,0.759,103.145,76.633,1
1785490546,395078613,92.937,0.753,93.562,57.077,1
1785490546,461740967,94.805,0.938,95.702,68.81,1
1785490546,528402832,90.776,0.784,91.545,62.499,1
1785490546,595063721,95.983,0.635,96.606,71.722,1
1785490546,661723633,96.629,0.57,97.181,67.241,1
1785490546,728383057,97.449,0.609,98.042,67.517,1
1785490546,795041992,98.098,0.711,98.775,67.391,1
1785490546,861709473,95.084,0.789,95.856,63.744,1
1785490546,928375977,92.846,0.759,93.591,64.4,1
1785490546,995041748,91.132,0.747,91.86,64.942,1
1785490547,61706787,90.088,0.561,90.628,65.438,1
1785490547,128370850,94.489,0.678,95.152,71.178,1
1785490547,195034180,93.237,0.798,94.026,65.531,1
1785490547,261696533,93.671,0.809,94.387,67.024,1
1785490547,295027344,123.653,0.67,124.3,63.257,1
1785490547,361688477,103.322,0.888,104.198,46.548,1
1785490547,395018799,125.885,0.62,126.487,55.63,1
1785490547,461678711,110.174,1.795,111.956,52.123,1
1785490547,495008301,130.424,0.569,130.975,52.356,1
1785490547,561666992,127.518,0.803,128.276,63.956,1
1785490547,628324707,100.647,0.671,101.299,39.683,1
1785490547,694981689,115.417,0.832,116.228,81.585,1
1785490547,728309814,139.514,1.026,140.348,57.44,1
1785490547,794966064,119.782,0.672,120.433,46.753,1
1785490547,828300293,145.307,0.779,146.071,58.962,1
1785490547,928301758,105.643,1.156,106.733,60.659,1
1785490547,994968262,97.348,1.87,99.248,59.15,1
1785490548,61634033,93.001,0.674,93.66,61.119,1
1785490548,128298828,96.326,0.599,96.902,69.912,1
1785490548,194962891,94.171,1.003,95.007,64.758,1
1785490548,261625977,92.133,0.779,92.811,64.472,1
1785490548,328288330,97.588,0.711,98.287,72.138,1
1785490548,394949951,94.693,0.577,95.249,63.631,1
1785490548,461610596,92.871,0.874,93.736,65.135,1
1785490548,528270508,92.854,0.776,93.614,66.541,1
1785490548,594929688,95.759,0.948,96.699,69.739,1
1785490548,661587891,95.835,0.81,96.63,66.594,1
1785490548,728245361,97.743,0.653,98.381,68.414,1
1785490548,794902344,94.783,2.118,96.902,65.159,1
1785490548,861570801,95.35,0.718,96.048,65.837,1
1785490548,928238770,93.902,0.555,94.437,65.059,1
1785490548,994905762,93.313,0.686,93.978,66.198,1
1785490549,61571777,91.711,0.661,92.354,65.047,1
1785490549,128237061,93.745,0.678,94.41,68.717,1
1785490549,194901611,94.509,0.552,95.045,67.307,1
1785490549,261565430,93.245,0.657,93.885,65.501,1
1785490549,328228271,101.706,0.651,102.336,75.116,1
1785490549,394890137,94.531,0.621,95.136,59.46,1
1785490549,461551514,94.886,0.557,95.426,66.955,1
1785490549,528211914,93.213,0.726,93.938,65.15,1
1785490549,594871338,93.892,0.665,94.537,67.276,1
1785490549,661530273,101.865,0.72,102.571,74.689,1
1785490549,728187988,99.145,0.723,99.85,63.944,1
1785490549,794845703,99.889,0.713,100.584,67.39,1
1785490549,861667725,99.162,3.495,102.65,68.878,1
1785490549,928491211,100.504,0.736,101.224,65.401,1
1785490549,995315674,95.549,0.709,96.242,61.846,1
1785490550,62141602,95.389,0.703,96.03,66.616,1
1785490550,128968262,95.13,0.661,95.771,66.571,1
1785490550,195796387,94.077,0.696,94.756,65.806,1
1785490550,262625488,94.008,0.669,94.659,66.735,1
1785490550,329456055,96.38,0.718,97.08,69.254,1
1785490550,396287354,95.64,0.758,96.377,66.124,1
1785490550,429703613,125.587,3.818,129.41,66.429,1
1785490550,496536865,103.802,1.046,104.835,42.273,1
1785490550,529953857,130.289,0.88,131.152,59.744,1
1785490550,596788818,109.79,0.864,110.644,46.317,1
1785490550,630206787,135.817,0.701,136.491,59.275,1
1785490550,697043457,130.663,1.156,131.682,62.016,1
1785490550,730462402,176.143,0.898,177.019,78.761,1
1785490550,830644775,128.818,1.308,130.109,53.28,1
1785490550,897335693,126.747,0.782,127.46,64.039,1
1785490550,964026123,117.507,0.774,118.261,57.493,1
1785490550,997371094,128.127,0.754,128.863,43.949,1
1785490551,64060547,102.208,0.851,103.041,40.864,1
1785490551,130749512,115.922,0.697,116.603,80.253,1
1785490551,164093750,133.915,0.756,134.652,51.392,1
1785490551,230781738,115.168,0.914,116.073,48.095,1
1785490551,264125488,130.452,0.558,130.991,48.278,1
1785490551,330812500,117.736,0.668,118.384,54.076,1
1785490551,364156006,137.513,10.069,147.564,62.519,1
1785490551,430842041,116.523,0.816,117.317,36.441,1
1785490551,497527832,116.54,0.593,117.108,66.482,1
1785490551,530870361,149.39,0.717,150.086,66.32,1
1785490551,597554932,130.641,0.569,131.193,47.791,1
1785490551,664239014,130.396,0.704,131.079,66.565,1
1785490551,697580811,130.738,0.568,131.287,33.557,1
1785490551,764264160,106.326,0.768,107.253,42.468,1
1785490551,797605469,130.355,0.576,130.913,57.184,1
1785490551,864339111,123.536,0.749,124.269,60.088,1
1785490551,897706055,149.892,0.705,150.576,59.675,1
1785490551,964441162,115.133,3.198,118.336,34.471,1
1785490552,31177246,96.093,0.549,96.626,45.05,1
1785490552,97914551,93.946,0.58,94.509,64.62,1
1785490552,164652832,96.226,0.734,96.867,69.095,1
1785490552,231392090,96.737,0.638,97.358,67.232,1
1785490552,298132568,93.528,0.808,94.321,63.702,1
1785490552,364874023,91.847,0.785,92.616,65.037,1
1785490552,431616455,93.243,0.573,93.798,67.926,1
1785490552,498360107,93.937,0.783,94.703,67.647,1
1785490552,565104736,90.975,0.632,91.591,63.634,1
1785490552,631850586,95.655,0.639,96.277,71.432,1
1785490552,698597412,96.669,0.559,97.21,67.68,1
1785490552,765345459,96.261,0.58,96.823,66.36,1
1785490552,832092773,93.806,0.633,94.406,64.331,1
1785490552,898841309,91.602,0.743,92.23,64.572,1
1785490552,965591064,91.019,0.568,91.57,66.09,1
1785490553,32342041,89.945,0.649,90.574,65.756,1
1785490553,99094482,94.105,0.547,94.636,70.814,1
1785490553,232603027,92.447,0.552,92.982,131.855,1
1785490553,299359375,93.945,0.677,94.604,68.379,1
1785490553,366116943,102.38,0.646,103.005,75.154,1
1785490553,399496338,116.605,0.656,117.242,47.619,1
1785490553,432875977,128.599,0.788,129.362,45.5,1
1785490553,499636230,108.846,0.738,109.561,46.959,1
1785490553,533016846,143.601,0.6,144.186,68.004,1
1785490553,599779053,127.83,0.82,128.636,51.21,1
1785490553,666542725,128.407,0.747,129.092,67.225,1
1785490553,733307617,112.028,0.935,112.943,50.613,1
1785490553,766690430,132.682,1.129,133.801,54.231,1
1785490553,833457520,128.639,0.578,129.199,62.177,1
1785490553,900227295,109.671,0.976,110.631,48.196,1
1785490553,933612793,141.593,0.897,142.458,65.212,1
1785490554,385254,108.716,0.641,109.343,33.662,1
1785490554,67159668,99.996,0.721,100.701,58.133,1
1785490554,133935547,99.766,0.881,100.629,66.703,1
1785490554,200713379,95.131,0.66,95.767,61.918,1
1785490554,267492676,92.574,0.933,93.486,64.498,1
1785490554,334273926,92.812,0.679,93.401,66.695,1
1785490554,401056885,93.71,0.574,94.268,67.65,1
1785490554,467841553,91.664,0.585,92.233,64.749,1
1785490554,534628174,94.85,0.762,95.592,70.145,1
1785490554,568021973,123.641,0.811,124.443,62.238,1
1785490554,634811035,125.247,1.068,126.302,68.652,1
1785490554,668206299,157.246,0.673,157.9,64.999,1
1785490554,768394287,115.462,0.84,116.284,58.571,1
1785490554,801790527,125.748,0.682,126.412,43.524,1
1785490554,868635742,115.42,1.219,116.619,57.042,1
1785490554,902058838,128.807,1.013,129.789,46.601,1
1785490554,968906494,108.396,0.732,109.109,46.166,1
1785490555,2330811,121.071,0.556,121.608,45.93,1
1785490555,69180908,102.102,0.724,102.799,48.037,1
1785490555,102606445,137.204,0.569,137.755,68.385,1
1785490555,169458740,128.182,0.733,128.899,57.995,1
1785490555,236312500,96.37,0.662,97.018,34.969,1
1785490555,303167969,92.87,0.619,93.46,63.303,1
1785490555,370025146,90.185,0.542,90.709,64.107,1
1785490555,436883789,88.042,0.619,88.643,64.792,1
1785490555,503743896,88.619,0.793,89.398,67.612,1
1785490555,570605713,94.595,0.551,95.129,72.595,1
1785490555,604037109,121.713,0.711,122.413,60.706,1
1785490555,670901367,113.831,0.772,114.592,59.043,1
1785490555,704333984,128.975,0.844,129.795,48.643,1
1785490555,771200439,125.465,0.649,126.094,63.168,1
1785490555,837973145,95.62,0.668,96.263,36.941,1
1785490555,904653564,90.367,0.564,90.9,61.319,1
1785490555,971333252,87.629,0.661,88.273,64.052,1
1785490556,38012451,92.354,0.553,92.889,71.295,1
1785490556,104691162,88.892,0.73,89.603,63.392,1
1785490556,171368896,96.357,0.851,97.191,74.261,1
1785490556,238046387,90.573,0.619,91.122,60.614,1
1785490556,304723145,90.14,0.748,90.874,66.425,1
1785490556,371399170,87.677,0.556,88.216,64.022,1
1785490556,438074707,90.029,0.569,90.581,69.04,1
1785490556,504749756,90.013,0.591,90.588,66.681,1
1785490556,571424072,97.115,0.552,97.649,73.737,1
1785490556,604760986,120.79,0.554,121.324,57.012,1
1785490556,671434326,119.351,0.607,119.941,65.286,1
1785490556,704770752,130.664,0.657,131.301,44.697,1
1785490556,771443359,100.299,0.926,101.211,36.574,1
1785490556,871461182,95.871,0.753,96.609,95.422,1
1785490556,938141602,90.526,0.644,91.158,61.228,1
1785490557,4821533,89.425,0.593,90.004,65.529,1
1785490557,71500977,89.931,0.744,90.659,67.337,1
1785490557,138179688,91.303,0.535,91.822,67.843,1
1785490557,204857910,94.656,0.96,95.599,70.444,1
1785490557,238196533,102.17,0.943,103.108,40.841,1
1785490557,304873779,91.301,0.525,91.808,55.397,1
1785490557,371550537,89.711,0.548,90.242,65.109,1
1785490557,438226318,89.083,0.553,89.618,66.052,1
1785490557,504901855,90.081,0.657,90.619,67.677,1
1785490557,571576660,96.914,0.761,97.658,73.709,1
1785490557,604913818,111.952,1.209,113.15,48.823,1
1785490557,638250732,139.878,0.764,140.757,60.818,1
1785490557,704924316,129.427,0.729,130.144,56.191,1
1785490557,771597412,119.022,1.987,121.014,57.515,1
1785490557,804934326,144.792,0.902,145.614,57.968,1
1785490557,871767090,128.569,0.567,129.24,50.34,1
1785490557,938601074,120.017,0.769,120.77,58.481,1
1785490558,5436523,97.362,0.832,98.178,44.244,1
1785490558,72273438,90.722,0.773,91.476,60.137,1
1785490558,139111572,99.488,0.8,100.271,75.63,1
1785490558,172531006,124.916,0.776,125.671,58.824,1
1785490558,239371338,100.479,0.616,101.074,42.244,1
1785490558,272791748,129.749,0.895,130.627,62.969,1
1785490558,339634033,115.084,0.652,115.715,51.934,1
1785490558,373055664,123.771,0.541,124.295,42.004,1
1785490558,473322510,93.722,0.619,94.325,70.295,1
1785490558,540168701,91.151,0.871,92.003,64.521,1
1785490558,607016357,89.379,0.837,90.202,65.046,1
1785490558,640440674,125.315,0.753,126.054,69.275,1
1785490558,707290283,120.939,0.69,121.614,62.411,1
1785490558,774141357,116.382,1.163,117.545,62.764,1
1785490558,807565918,125.413,0.743,126.139,42.041,1
1785490558,874348877,111.784,0.543,112.308,52.953,1
1785490558,907763916,130.127,0.585,130.696,51.801,1
1785490558,974594971,111.49,0.627,112.1,48.236,1
1785490559,8010986,132.126,2.124,134.236,55.547,1
1785490559,74843750,128.209,0.556,128.747,61.349,1
1785490559,141677734,129.309,0.73,130.022,68.104,1
1785490559,208513184,115.556,0.635,116.172,52.989,1
1785490559,241931396,127.807,0.727,128.516,45.761,1
1785490559,308768555,114.759,0.713,115.461,53.773,1
1785490559,342187500,120.446,0.585,121.013,38.981,1
1785490559,409026611,93.809,0.851,94.639,40.465,1
1785490559,475866943,90.582,0.891,91.455,63.657,1
1785490559,542708496,90.929,0.607,91.517,66.904,1
1785490559,609551514,96.053,0.74,96.701,72.026,1
1785490559,642973389,137.422,0.804,138.209,74.927,1
1785490559,709817871,119.904,0.724,120.611,49.247,1
1785490559,776663818,105.478,0.566,106.023,52.263,1
1785490559,810087402,121.283,0.573,121.837,49.237,1
1785490559,876835205,109.225,0.624,109.822,54.734,1
1785490559,910160400,151.607,0.935,152.508,76.003,1
1785490559,976810059,106.043,0.705,106.734,20.877,1
1785490560,43458496,98.198,0.61,98.789,58.708,1
1785490560,110105713,93.09,0.62,93.689,61.547,1
1785490560,176751953,94.953,0.63,95.561,68.519,1
1785490560,210074463,118.745,0.639,119.368,57.13,1
1785490560,276718994,93.079,0.636,93.698,40.972,1
1785490560,343362061,90.15,0.658,90.713,63.661,1
1785490560,410004395,89.743,0.542,90.268,66.197,1
1785490560,476645264,86.248,0.644,86.877,63.247,1
1785490560,543285156,88.237,0.571,88.79,68.556,1
1785490560,609923828,86.404,0.637,87.024,64.868,1
1785490560,643242676,115.572,0.699,116.259,62.55,1
1785490560,676561279,141.523,1.079,142.594,59.644,1
1785490560,743197754,134.042,0.809,134.83,58.889,1
1785490560,809833008,118.543,0.569,119.095,50.902,1
1785490560,876479004,101.187,1.47,102.647,50.181,1
1785490560,909806396,122.39,0.681,123.045,53.742,1
1785490560,976460449,103.908,0.855,104.766,48.356,1
1785490561,9786865,126.14,0.562,126.683,55.264,1
1785490561,76439453,120.149,0.989,121.116,61.082,1
1785490561,109765137,140.825,0.805,141.609,53.817,1
1785490561,176416016,126.352,0.598,126.933,51.979,1
1785490561,243065918,101.426,0.707,102.116,41.828,1
1785490561,276390625,123.152,0.651,123.786,55.001,1
1785490561,343039063,97.635,0.979,98.597,41.453,1
1785490561,409686523,89.405,0.681,89.939,57.996,1
1785490561,476333008,90.129,0.542,90.654,67.362,1
1785490561,542978271,88.128,0.745,88.849,64.837,1
1785490561,609622803,96.679,0.711,97.37,75.16,1
1785490561,642944580,126.363,0.655,127.0,62.958,1
1785490561,709587646,104.932,0.625,105.543,45.183,1
1785490561,742908691,134.009,0.858,134.855,62.625,1
1785490561,809550049,114.078,0.634,114.694,46.493,1
1785490561,842871582,140.702,0.752,141.434,60.056,1
1785490561,909523682,111.244,0.898,112.124,37.341,1
1785490561,942849121,132.391,0.643,133.017,54.225,1
1785490562,9499512,120.101,0.793,120.882,54.509,1
1785490562,76148926,101.574,0.764,102.321,48.095,1
1785490562,109473145,128.893,0.566,129.442,60.445,1
1785490562,176120605,124.846,0.746,125.575,62.779,1
1785490562,209444092,128.167,0.95,129.099,36.844,1
1785490562,276090088,128.568,0.589,129.138,66.691,1
1785490562,342734863,101.74,0.649,102.372,39.879,1
1785490562,409378662,95.473,0.716,96.172,60.444,1
1785490562,476021240,95.413,0.869,96.217,66.681,1
1785490562,509342041,104.412,0.813,105.286,42.318,1
1785490562,575983154,95.477,0.835,96.296,57.724,1
1785490562,642623047,97.66,0.691,98.364,68.678,1
1785490562,675942627,132.981,0.725,133.687,68.676,1
1785490562,742580811,120.57,0.603,121.155,54.107,1
1785490562,809217773,119.092,0.584,119.657,65.14,1
1785490562,875863037,107.404,0.578,107.964,54.951,1
1785490562,909188721,125.369,0.741,126.103,51.456,1
1785490562,975839355,107.476,1.8,108.928,49.459,1
1785490563,9164307,130.94,0.552,131.474,55.898,1
1785490563,75813232,122.172,0.587,122.744,57.916,1
1785490563,142461182,108.169,0.799,108.952,52.847,1
1785490563,175784668,134.714,0.668,135.363,59.745,1
1785490563,242430908,113.387,2.472,115.86,47.119,1
1785490563,275753418,134.355,0.776,135.115,52.594,1
1785490563,342397949,121.055,0.95,121.991,53.523,1
1785490563,409041260,112.423,0.707,113.113,57.766,1
1785490563,442362549,129.558,0.689,130.228,50.442,1
1785490563,509004150,99.603,0.771,100.359,36.771,1
1785490563,575644775,99.759,0.679,100.42,66.702,1
1785490563,642284180,104.936,0.955,105.872,72.089,1
1785490563,675603516,129.184,0.613,129.848,57.231,1
1785490563,742241211,125.11,0.553,125.647,62.506,1
1785490563,808877930,109.291,0.603,109.989,50.867,1
1785490563,842196533,133.552,0.58,134.114,57.556,1
1785490563,908884766,122.463,0.662,123.105,55.679,1
1785490563,975535156,119.78,0.601,120.364,63.907,1
1785490564,8860107,124.794,0.745,125.522,38.484,1
1785490564,75508789,96.786,0.679,97.452,38.577,1
1785490564,142156250,96.795,0.706,97.487,66.681,1
1785490564,208802734,107.423,0.688,108.09,77.252,1
1785490564,242125732,126.113,0.547,126.643,51.879,1
1785490564,308770508,107.298,0.867,108.162,48.102,1
1785490564,342092529,114.925,0.975,115.885,41.095,1
1785490564,408735596,94.083,0.656,94.721,45.49,1
1785490564,475377441,91.26,0.673,91.916,63.836,1
1785490564,542018311,92.319,0.549,92.851,67.576,1
1785490564,608657959,93.404,0.541,93.926,67.715,1
1785490564,675296631,98.954,0.861,99.799,72.505,1
1785490564,708615479,136.036,0.679,136.692,70.217,1
1785490564,775252441,127.466,0.733,128.182,58.128,1
1785490564,841888184,111.605,1.121,112.731,51.161,1
1785490564,875202637,138.54,0.827,139.355,59.955,1
1785490564,941874268,129.381,0.692,130.057,57.375,1
1785490565,8544922,127.754,0.567,128.303,64.922,1
1785490565,75214600,110.466,0.674,111.123,49.49,1
1785490565,108549072,128.605,0.575,129.166,51.374,1
1785490565,175217773,123.837,0.719,124.539,62.045,1
1785490565,208551514,152.356,0.816,153.156,61.945,1
1785490565,275218750,142.374,0.801,143.164,56.673,1
1785490565,341885254,121.617,0.781,122.381,45.889,1
1785490565,408550537,110.658,0.761,111.41,55.686,1
1785490565,441883057,127.008,0.901,127.893,49.819,1
1785490565,508547119,121.284,0.664,121.927,60.704,1
1785490565,541878906,149.902,2.609,152.531,63.897,1
1785490565,608541992,162.39,0.805,163.01,77.18,1
1785490565,675203857,159.07,0.622,159.673,63.328,1
1785490565,775195313,111.886,0.99,112.895,53.17,1
1785490565,808525391,128.97,0.652,129.603,50.075,1
1785490565,875177002,111.994,0.552,112.527,49.583,1
1785490565,908558350,135.066,0.647,135.695,56.548,1
1785490565,975322021,120.063,0.805,120.857,51.918,1
1785490566,8704346,143.235,0.779,143.995,56.52,1
1785490566,75469971,124.312,0.647,124.941,47.719,1
1785490566,142237305,108.718,0.72,109.423,51.244,1
1785490566,175621582,126.694,0.75,127.428,51.389,1
1785490566,242390869,123.203,0.559,123.759,63.09,1
1785490566,275776123,142.109,0.802,142.9,52.534,1
1785490566,342547852,124.89,0.714,125.596,49.462,1
1785490566,409320801,98.283,0.651,98.918,40.105,1
1785490566,476095459,96.073,0.574,96.613,64.474,1
1785490566,542871338,94.343,0.541,94.867,65.031,1
1785490566,609648682,95.309,0.595,95.884,67.795,1
1785490566,676427490,102.662,0.796,103.445,74.334,1
1785490566,709817627,135.514,0.589,136.083,66.031,1
1785490566,776598633,127.449,0.687,128.183,58.818,1
1785490566,809989502,156.619,0.708,157.305,62.577,1
1785490566,910191406,113.488,0.677,114.145,57.037,1
1785490566,943614746,140.806,0.56,141.349,60.632,1
1785490567,10462646,128.766,0.557,129.302,54.802,1
1785490567,77312256,121.666,0.802,122.456,59.997,1
1785490567,110737793,143.994,0.58,144.555,55.53,1
1785490567,177589844,134.352,0.583,134.918,57.215,1
1785490567,244443848,106.738,0.63,107.349,39.284,1
1785490567,311299316,103.171,0.745,103.899,63.406,1
1785490567,378156738,94.384,0.566,94.933,57.892,1
1785490567,445015625,91.234,0.65,91.869,63.792,1
1785490567,511876465,89.738,0.582,90.301,65.296,1
1785490567,578738770,92.644,0.623,93.252,69.812,1
1785490567,645602783,95.064,0.596,95.637,69.25,1
1785490567,712468750,101.766,1.113,102.867,74.09,1
1785490567,745902344,130.194,0.685,130.862,61.434,1
1785490567,812770752,123.099,0.657,123.738,59.746,1
1785490567,879653320,95.394,0.66,96.041,39.182,1
1785490567,946301025,96.669,0.864,97.516,68.122,1
1785490568,12947510,91.062,0.547,91.59,60.725,1
1785490568,79593018,92.106,0.651,92.741,67.794,1
1785490568,146237061,103.565,0.947,104.489,78.393,1
1785490568,246201172,99.292,0.694,99.966,95.439,1
1785490568,279521973,126.182,0.798,126.964,60.319,1
1785490568,346162598,110.222,0.81,111.018,50.692,1
1785490568,379482422,136.954,0.707,137.638,59.941,1
1785490568,446121338,125.32,0.686,125.989,54.993,1
1785490568,512759033,95.359,0.567,95.908,36.558,1
1785490568,579395508,94.745,0.759,95.487,66.214,1
1785490568,646030762,90.286,0.565,90.832,61.982,1
1785490568,712664795,95.025,0.63,95.639,71.438,1
1785490568,812613770,96.089,0.831,96.912,101.216,1
1785490568,845929688,128.84,0.923,129.763,66.157,1
1785490568,912647217,121.83,0.788,122.61,59.572,1
1785490568,979452637,106.881,1.21,108.066,52.263,1
1785490569,12855469,128.216,0.636,128.834,54.181,1
1785490569,79661865,116.074,0.674,116.723,54.696,1
1785490569,113065430,133.973,0.777,134.628,51.306,1
1785490569,179873291,117.532,0.925,118.444,50.621,1
1785490569,213277344,126.808,0.944,127.724,42.683,1
1785490569,280086182,106.705,0.943,107.632,46.721,1
1785490569,313491211,133.038,1.583,133.904,59.668,1
1785490569,380301270,127.475,0.557,128.015,60.932,1
1785490569,447112305,107.381,1.237,108.7,47.396,1
1785490569,480518066,122.454,0.654,123.089,47.895,1
1785490569,513924072,138.523,0.628,139.128,49.443,1
1785490569,580736816,124.773,0.802,125.442,53.125,1
1785490569,647550293,104.007,0.885,104.873,46.239,1
1785490569,680957520,153.62,0.752,154.353,82.894,1
1785490569,747772217,148.671,0.707,149.362,61.821,1
1785490569,814587891,134.572,1.093,135.654,53.1,1
1785490569,881403076,108.861,0.578,109.417,40.59,1
1785490569,948037842,99.394,0.76,100.135,57.349,1
1785490570,14671387,98.648,0.57,99.199,65.702,1
1785490570,81303467,93.072,0.568,93.622,61.054,1
1785490570,147934082,95.153,0.652,95.791,68.796,1
1785490570,214563232,95.367,0.588,95.941,66.781,1
1785490570,247877441,124.147,0.535,124.665,62.042,1
1785490570,314504395,122.523,0.754,123.258,65.213,1
1785490570,347817383,134.728,0.763,135.477,45.525,1
1785490570,414442383,122.459,0.596,123.035,54.196,1
1785490570,481065918,96.319,0.626,96.928,40.513,1
1785490570,547688232,92.707,0.553,93.242,62.939,1
1785490570,614308838,107.742,0.666,108.388,81.764,1
1785490570,647618652,150.263,0.599,150.845,75.769,1
1785490570,714237305,127.593,0.653,128.228,44.003,1
1785490570,780854492,115.424,0.636,116.038,54.423,1
1785490570,814162598,122.206,0.653,122.843,40.117,1
1785490570,880778809,110.041,0.683,110.706,54.479,1
1785490570,914136963,131.148,0.756,131.886,54.536,1
1785490570,980853760,119.704,0.741,120.432,55.261,1
1785490571,14212402,130.425,0.912,131.317,44.241,1
1785490571,80930420,126.338,0.625,126.946,62.353,1
1785490571,147649170,110.575,0.941,111.506,51.273,1
1785490571,181008789,131.918,0.663,132.527,54.387,1
1785490571,247728760,128.531,0.614,129.125,63.319,1
1785490571,314449463,112.754,0.734,113.466,51.059,1
1785490571,347810059,148.771,0.665,149.41,69.307,1
1785490571,414531738,122.502,0.65,123.135,40.446,1
1785490571,481254395,105.519,0.746,106.247,49.832,1
1785490571,547977539,94.29,0.55,94.822,55.302,1
1785490571,614701660,100.513,0.84,101.328,73.227,1
1785490571,648063965,114.338,0.736,115.062,47.093,1
1785490571,681426514,134.713,0.795,135.491,53.795,1
1785490571,748152100,129.871,0.648,130.502,61.736,1
1785490571,814878418,115.266,0.545,115.792,52.021,1
1785490571,848241699,142.716,0.623,143.321,60.889,1
1785490571,914929199,126.224,0.682,126.89,50.256,1
1785490571,981576172,128.13,0.622,128.73,68.491,1
1785490572,48221680,125.123,0.559,125.66,63.575,1
1785490572,114866211,123.513,0.61,124.104,65.088,1
1785490572,148188232,157.776,0.703,158.454,67.67,1
1785490572,248151855,107.332,1.007,108.329,49.819,1
1785490572,281472412,134.967,0.864,135.813,60.824,1
1785490572,348112793,110.609,0.817,111.421,42.229,1
1785490572,381432617,127.529,0.682,128.195,50.11,1
1785490572,448071289,116.232,0.819,117.03,55.477,1
1785490572,481390137,135.419,0.848,136.175,52.462,1
1785490572,548026855,107.029,0.574,107.585,38.051,1
1785490572,614662598,110.587,0.862,111.431,70.475,1
1785490572,681297119,99.539,0.653,100.175,55.385,1
1785490572,714613770,135.879,0.642,136.504,69.645,1
1785490572,781246582,133.757,0.585,134.323,64.452,1
1785490572,847878174,131.45,0.603,132.033,64.342,1
1785490572,914518555,113.4,0.637,114.023,48.624,1
1785490572,981166016,111.017,0.671,111.65,64.273,1
1785490573,14489258,130.666,0.662,131.284,52.963,1
1785490573,81134766,119.131,0.702,119.817,55.179,1
1785490573,114457275,138.343,0.57,138.896,52.403,1
1785490573,181101318,109.677,0.78,110.445,38.186,1
1785490573,281064941,94.077,0.557,94.616,84.142,1
1785490573,347705811,96.119,0.552,96.655,68.68,1
1785490573,447665283,91.044,0.637,91.664,94.968,1
1785490573,514303223,93.517,0.612,94.112,69.086,1
1785490573,580940186,94.145,0.565,94.695,67.219,1
1785490573,647575928,98.224,0.79,99.001,70.938,1
1785490573,714210449,97.86,0.549,98.392,66.031,1
1785490573,780843750,93.285,0.644,93.913,62.155,1
1785490573,847476074,92.372,0.597,92.952,65.67,1
1785490573,914158203,93.258,0.688,93.93,67.66,1
1785490573,980890381,102.629,1.226,103.843,76.634,1
1785490574,14257080,128.506,0.63,129.119,58.655,1
1785490574,80990723,101.35,0.641,101.972,39.587,1
1785490574,147725586,101.189,0.862,102.034,66.792,1
1785490574,214461670,102.409,0.569,102.961,67.668,1
1785490574,247830078,128.622,0.625,129.23,59.637,1
1785490574,314567383,114.182,0.63,114.796,52.3,1
1785490574,347936523,125.345,0.61,125.941,44.514,1
1785490574,414675537,115.63,0.662,116.267,57.068,1
1785490574,448045410,132.463,0.523,132.967,50.073,1
1785490574,514786133,128.387,0.63,128.997,62.769,1
1785490574,581527588,99.713,0.585,100.281,38.024,1
1785490574,614898926,130.353,0.721,131.058,64.149,1
1785490574,681642090,130.197,0.673,130.852,66.535,1
1785490574,748386230,118.42,0.956,119.353,55.243,1
1785490574,815131348,93.196,0.719,93.898,41.294,1
1785490574,881877197,104.946,1.212,106.17,78.983,1
1785490574,915331055,127.035,0.719,127.736,55.054,1
1785490574,982241455,109.31,0.597,109.89,49.065,1
1785490575,15697754,158.028,0.659,158.677,82.237,1
1785490575,116072266,116.048,1.603,117.437,59.085,1
1785490575,149532227,128.601,0.555,129.137,45.217,1
1785490575,216454590,123.493,0.566,124.045,61.828,1
1785490575,283380371,105.848,1.694,107.731,50.396,1
1785490575,316844727,150.356,0.773,151.109,77.059,1
1785490575,383775635,128.037,0.731,128.745,44.568,1
1785490575,450710205,111.13,0.843,111.96,50.145,1
1785490575,484178711,122.293,0.804,123.078,44.585,1
1785490575,551118408,102.581,0.639,103.204,47.071,1
1785490575,584589600,113.858,0.701,114.54,44.802,1
1785490575,618061768,153.589,0.989,154.566,73.493,1
1785490575,685008301,132.355,1.161,133.496,45.882,1
1785490575,751958496,119.15,0.557,119.691,53.15,1
1785490575,818911865,102.162,0.788,102.935,50.193,1
1785490575,852390137,129.255,0.641,129.876,60.423,1
1785490575,885866211,146.853,0.894,147.728,51.327,1
1785490575,952531006,131.17,1.04,132.198,51.129,1
1785490576,19194824,126.902,0.539,127.424,61.899,1
1785490576,85857666,116.045,0.595,116.622,55.861,1
1785490576,152519775,102.855,0.626,103.462,53.498,1
1785490576,219180908,98.497,0.627,99.102,62.305,1
1785490576,252511230,126.849,0.547,127.378,61.607,1
1785490576,319171143,113.733,0.645,114.361,53.638,1
1785490576,352500732,135.537,0.999,136.522,55.487,1
1785490576,419159180,125.592,0.683,126.258,56.401,1
1785490576,485816895,119.928,0.566,120.477,60.877,1
1785490576,552473633,95.384,0.689,96.062,42.236,1
1785490576,619129639,94.121,0.613,94.715,65.316,1
1785490576,685784668,95.019,3.643,98.688,70.583,1
1785490576,752438721,91.066,0.557,91.605,59.615,1
1785490576,819092041,89.742,0.631,90.356,65.405,1
1785490576,885745117,98.623,1.823,100.457,76.725,1
1785490576,919077148,127.036,0.619,128.675,60.537,1
1785490576,985740234,100.599,0.624,101.205,40.233,1
1785490577,52402588,97.199,0.66,97.835,63.291,1
1785490577,85733398,128.304,0.817,129.105,64.599,1
1785490577,152394043,119.24,0.567,119.788,57.347,1
1785490577,185724365,141.774,0.586,142.342,55.884,1
1785490577,252383789,131.131,0.569,131.681,55.998,1
1785490577,319042236,116.77,0.586,117.338,52.316,1
1785490577,352371338,151.431,0.581,151.993,67.984,1
1785490577,419028564,126.51,0.643,127.135,41.8,1
1785490577,485684814,122.617,0.641,123.242,62.761,1
1785490577,552340088,93.042,0.536,93.562,36.978,1
1785490577,618994629,106.712,0.765,107.461,80.55,1
1785490577,652321533,126.926,0.775,127.683,53.549,1
1785490577,685648193,145.219,0.815,145.909,51.554,1
1785490577,718974609,160.532,0.551,161.065,48.484,1
1785490577,818952637,102.258,0.822,103.061,41.968,1
1785490577,885604248,96.436,0.652,97.075,60.666,1
1785490577,952268311,91.543,0.737,92.263,61.856,1
1785490578,18931396,91.117,0.561,91.657,66.059,1
1785490578,85593506,91.421,1.309,92.717,67.717,1
1785490578,152254883,96.976,0.573,97.531,71.478,1
1785490578,185585205,114.587,0.64,115.184,50.982,1
1785490578,218915283,141.993,1.036,143.007,61.145,1
1785490578,285574951,125.421,0.834,126.229,49.885,1
1785490578,352233643,103.889,0.754,104.626,45.059,1
1785490578,385562500,122.73,0.594,123.34,52.014,1
1785490578,418891357,133.155,0.95,134.088,44.103,1
1785490578,518876221,96.297,0.669,96.89,62.793,1
1785490578,618859131,97.287,0.771,98.041,101.133,1
1785490578,685513428,112.983,0.574,113.54,82.154,1
1785490578,718840088,124.462,0.625,125.07,44.857,1
1785490578,752166504,143.306,0.842,144.14,52.385,1
1785490578,818818848,126.385,0.732,127.099,49.62,1
1785490578,885471191,113.352,0.882,114.207,53.755,1
1785490578,918803955,128.987,0.74,129.705,48.838,1
1785490578,985468750,103.242,0.758,103.986,40.942,1
1785490579,52132813,96.938,0.674,97.594,60.276,1
1785490579,118795898,94.167,0.61,94.758,63.827,1
1785490579,185458252,96.199,0.561,96.744,68.648,1
1785490579,252119629,100.422,0.835,101.238,71.149,1
1785490579,285449951,121.705,0.65,122.334,54.43,1
1785490579,352109863,118.157,0.644,118.78,63.109,1
1785490579,385439697,135.901,0.735,136.617,51.166,1
1785490579,452098389,116.261,0.933,117.178,47.217,1
1785490579,485427490,132.003,0.782,132.845,48.906,1
1785490579,552084717,115.575,0.765,116.324,50.223,1
1785490579,585413330,130.683,0.616,131.282,48.294,1
1785490579,652069336,116.977,0.763,117.613,52.986,1
1785490579,685396973,130.995,0.747,131.719,47.433,1
1785490579,752051758,126.032,0.606,126.617,61.555,1
1785490579,818705811,121.473,0.67,122.12,62.156,1
1785490579,852032471,136.265,0.559,136.806,48.014,1
1785490579,918692383,128.994,0.667,129.643,59.497,1
1785490579,985357666,109.636,0.964,110.604,47.595,1
1785490580,18689941,140.516,0.865,141.266,64.013,1
1785490580,85354004,126.498,0.861,127.344,52.743,1
1785490580,152017090,128.258,0.556,128.795,68.126,1
1785490580,218679443,103.965,0.573,104.519,42.385,1
1785490580,285340576,95.538,0.744,96.263,58.407,1
1785490580,352001221,94.469,0.624,95.076,65.469,1
1785490580,418660645,90.637,0.603,91.222,62.81,1
1785490580,485319580,90.437,0.663,91.083,66.52,1
1785490580,551977295,96.14,0.559,96.681,72.256,1
1785490580,618634277,95.591,0.684,96.259,66.233,1
1785490580,685290283,106.022,1.127,107.139,77.529,1
1785490580,718617920,118.951,0.632,119.567,45.761,1
1785490580,751945557,136.859,0.851,137.704,51.457,1
1785490580,818599854,124.48,0.565,125.026,53.988,1
1785490580,885253906,103.721,0.706,104.413,46.038,1
1785490580,918591309,130.419,0.688,131.078,60.003,1
1785490580,985265625,125.344,0.81,126.137,61.733,1
1785490581,18602539,138.032,5.829,143.85,51.038,1
1785490581,85275879,124.481,0.629,125.092,47.929,1
1785490581,151948730,126.491,0.653,127.125,68.705,1
1785490581,185284912,143.26,0.761,144.007,50.213,1
1785490581,285292725,108.163,0.556,108.701,64.709,1
1785490581,318628174,128.058,0.631,128.672,53.303,1
1785490581,385298828,114.145,0.632,114.76,52.761,1
1785490581,418634033,129.301,0.829,130.119,48.684,1
1785490581,485303711,117.973,1.05,119.012,55.561,1
1785490581,518638428,132.981,0.617,133.581,47.915,1
1785490581,585307373,129.701,0.656,130.34,63.427,1
1785490581,651975586,121.08,0.609,121.672,58.0,1
1785490581,685309570,157.237,0.713,157.928,69.589,1
1785490581,751976807,145.355,0.99,146.328,55.055,1
1785490581,818643555,109.408,0.66,110.051,30.404,1
1785490581,885309814,124.076,1.05,125.11,81.721,1
1785490581,951992920,106.273,0.653,106.912,48.482,1
1785490581,985334473,131.373,0.585,131.94,58.376,1
1785490582,52016846,103.275,1.41,104.676,39.408,1
1785490582,118698975,104.862,0.694,105.537,67.549,1
1785490582,185380615,102.03,0.606,102.619,63.766,1
1785490582,252061768,106.182,0.724,106.894,70.943,1
1785490582,285402344,135.504,0.87,136.358,62.813,1
1785490582,352082764,129.852,0.649,130.58,60.813,1
1785490582,418762939,113.811,0.66,114.457,50.648,1
1785490582,452102783,130.8,0.794,131.357,50.244,1
1785490582,518782471,114.294,0.555,114.831,50.155,1
1785490582,552122070,138.147,1.0,139.134,57.629,1
1785490582,618800781,117.065,0.74,117.706,45.262,1
1785490582,652140137,150.048,1.479,151.517,67.139,1
1785490582,718818359,140.231,0.769,140.989,56.156,1
1785490582,752157227,168.623,1.622,169.443,61.797,1
1785490582,852173340,129.618,1.407,131.03,61.582,1
1785490582,885511963,147.83,0.605,148.418,50.748,1
1785490582,985885498,100.274,0.715,100.977,52.927,1
1785490583,52805420,94.589,0.623,95.194,61.145,1
1785490583,186656494,100.608,0.742,101.422,139.988,1
1785490583,253587158,106.076,0.919,106.973,72.565,1
1785490583,287053955,140.58,0.963,141.512,68.01,1
1785490583,353990234,102.638,0.762,103.384,28.807,1
1785490583,420929932,94.461,0.567,95.01,58.569,1
1785490583,487873291,93.538,0.713,94.234,66.166,1
1785490583,554820068,91.087,0.643,91.695,64.409,1
1785490583,621770508,101.5,0.569,102.049,77.304,1
1785490583,655247070,140.858,0.651,141.408,72.837,1
1785490583,722203125,130.957,0.793,131.732,57.274,1
1785490583,789162354,96.06,0.701,96.743,31.975,1
1785490583,856125488,93.262,0.559,93.8,64.021,1
1785490583,922940430,95.054,0.571,95.608,68.623,1
1785490583,989609619,89.536,0.555,90.061,61.122,1
1785490584,56278320,91.886,0.862,92.692,69.296,1
1785490584,122946045,92.214,0.715,92.914,66.889,1
1785490584,189613037,92.085,0.705,92.772,66.529,1
1785490584,256279297,92.483,0.789,93.181,67.074,1
1785490584,322944580,101.449,0.761,102.187,75.664,1
1785490584,356276855,125.941,0.646,126.567,57.72,1
1785490584,422941162,110.02,1.094,111.038,51.133,1
1785490584,456272949,128.873,0.618,129.473,51.771,1
1785490584,522935791,117.701,0.96,118.654,55.832,1
1785490584,556267090,141.051,0.812,141.863,56.531,1
1785490584,622928711,129.876,0.993,130.937,55.662,1
1785490584,689589600,131.232,0.827,132.044,67.856,1
1785490584,756249756,125.511,0.712,126.208,60.829,1
1785490584,822909180,112.893,0.667,113.538,53.989,1
1785490584,856238525,135.28,2.122,137.382,57.173,1
1785490584,889568359,147.633,0.62,148.236,44.186,1
1785490584,956323486,134.42,0.781,135.181,53.695,1
1785490585,23080078,111.309,0.782,112.086,43.652,1
1785490585,56458740,135.374,0.684,136.043,57.348,1
1785490585,123217773,129.635,0.628,130.193,60.91,1
1785490585,189978027,130.46,0.856,131.302,67.865,1
1785490585,223358643,152.444,0.953,153.384,55.458,1
1785490585,290121094,140.794,0.756,141.537,54.915,1
1785490585,356885010,130.856,0.722,131.567,56.796,1
1785490585,423650635,128.749,0.71,129.44,64.646,1
1785490585,490417480,98.792,0.539,99.314,36.643,1
1785490585,557185791,97.633,0.565,98.178,65.633,1
1785490585,623955566,96.433,0.659,97.074,65.663,1
1785490585,690727051,95.651,0.547,96.181,65.88,1
1785490585,757499756,94.616,0.643,95.242,65.834,1
1785490585,824274170,92.167,0.653,92.803,64.335,1
1785490585,891049072,90.478,0.531,90.992,64.966,1
1785490585,957734619,93.383,0.601,93.966,69.657,1
1785490586,24419678,91.525,0.542,92.05,64.772,1
1785490586,91104248,99.158,0.555,99.695,74.329,1
1785490586,124446289,128.972,0.552,129.506,63.153,1
1785490586,191130127,103.22,0.62,103.816,40.993,1
1785490586,257813232,103.904,0.767,104.65,67.513,1
1785490586,324496094,94.703,0.557,95.243,57.279,1
1785490586,391178223,100.269,0.822,101.075,72.507,1
1785490586,424519043,131.144,1.052,132.039,64.306,1
1785490586,491200684,98.811,0.617,99.409,34.057,1
1785490586,557881592,94.909,0.563,95.454,62.727,1
1785490586,624561768,115.381,0.967,116.34,87.549,1
1785490586,657901855,131.038,0.586,131.605,48.622,1
1785490586,724581543,121.443,0.549,121.975,57.05,1
1785490586,757921143,143.471,0.805,144.26,55.621,1
1785490586,824599854,112.057,0.868,112.901,35.319,1
1785490586,891278809,95.767,0.697,96.447,50.229,1
1785490586,957963623,92.539,0.701,93.224,63.462,1
1785490587,24647949,90.205,0.71,90.899,64.357,1
1785490587,91331787,92.105,0.656,92.795,68.53,1
1785490587,158015137,92.612,0.716,93.311,67.251,1
1785490587,224697998,92.464,0.761,93.214,66.581,1
1785490587,291380127,96.145,0.782,96.913,70.383,1
1785490587,324720947,126.035,0.757,126.775,63.203,1
1785490587,391402588,110.801,0.637,111.417,51.327,1
1785490587,424742920,135.256,1.307,136.377,58.286,1
1785490587,491423584,127.269,0.774,128.028,58.342,1
1785490587,558103760,107.844,0.71,108.531,47.184,1
1785490587,591443604,134.824,0.631,135.466,60.245,1
1785490587,658122803,138.845,0.834,139.662,70.901,1
1785490587,724801514,109.527,0.848,110.367,37.377,1
1785490587,791479736,113.256,0.933,114.178,70.494,1
1785490587,858157471,112.949,1.161,113.886,66.388,1
1785490587,924838867,101.417,0.763,102.169,54.956,1
1785490587,991523193,92.5,0.627,93.096,57.625,1
1785490588,58207031,93.411,1.362,94.761,68.342,1
1785490588,124890137,94.147,1.309,95.433,67.348,1
1785490588,191572754,94.488,0.681,95.152,66.415,1
1785490588,258254883,94.599,0.755,95.282,66.812,1
1785490588,324936523,93.923,0.814,94.721,66.121,1
1785490588,391617432,92.982,0.705,93.671,65.63,1
1785490588,458298096,91.936,0.62,92.539,65.547,1
1785490588,491638184,124.139,0.606,124.802,65.53,1
1785490588,558317627,110.821,0.859,111.661,53.61,1
1785490588,591657471,130.418,1.254,131.661,53.33,1
1785490588,658336182,128.936,0.595,129.505,64.535,1
1785490588,691675537,139.851,1.069,140.917,44.731,1
1785490588,758353516,125.923,0.715,126.616,52.396,1
1785490588,825031006,110.282,0.821,111.088,51.146,1
1785490588,858369629,132.383,0.917,133.278,55.527,1
1785490588,925050537,120.045,0.742,120.783,54.179,1
1785490588,958392578,142.356,1.092,143.444,55.999,1
1785490589,25076416,128.864,0.912,129.759,53.014,1
1785490589,91759766,121.894,0.577,122.454,59.381,1
1785490589,125101074,153.475,0.57,154.027,64.916,1
1785490589,158442383,175.918,0.639,176.54,55.853,1
1785490589,258465576,130.307,0.602,130.891,54.374,1
1785490589,325146973,125.062,0.718,125.763,61.552,1
1785490589,391827637,110.949,4.291,115.322,56.134,1
1785490589,425167969,141.791,0.628,142.4,60.524,1
1785490589,491847900,114.745,0.591,115.319,39.599,1
1785490589,558527344,102.731,0.522,103.236,54.6,1
1785490589,625206299,105.199,0.553,105.735,69.177,1
1785490589,691884521,107.209,0.728,107.92,68.859,1
1785490589,758562256,100.44,0.579,101.001,59.761,1
1785490589,825239502,94.901,0.602,95.486,61.164,1
1785490589,891916748,106.239,0.599,106.82,78.008,1
1785490589,925222168,128.877,0.764,129.618,56.103,1
1785490589,992063232,113.253,0.828,114.06,51.279,1
1785490590,25484131,134.934,1.931,136.872,56.205,1
1785490590,92327393,123.466,1.128,124.509,54.505,1
1785490590,125749512,184.414,1.004,185.401,94.316,1
1785490590,226018066,164.511,0.96,165.456,80.324,1
1785490590,326289795,131.445,0.741,132.165,66.984,1
1785490590,393139648,134.811,0.813,135.605,70.293,1
1785490590,459990967,129.7,0.686,130.369,61.616,1
1785490590,526843506,122.778,0.593,123.352,59.838,1
1785490590,593697754,118.396,0.624,119.002,62.505,1
1785490590,627125488,152.663,0.765,153.41,67.829,1
1785490590,693981689,151.203,0.94,152.132,65.577,1
1785490590,760839600,142.128,0.694,142.806,57.528,1
1785490590,827698975,140.339,0.712,141.033,65.09,1
1785490590,894559814,131.92,3.229,135.047,60.851,1
1785490590,961404297,114.424,0.763,115.166,46.996,1
1785490590,994782715,130.184,0.676,130.843,49.051,1
1785490591,61540527,120.656,0.931,121.628,57.484,1
1785490591,128299805,133.215,0.839,134.029,79.221,1
1785490591,195060791,140.705,0.707,141.389,74.122,1
1785490591,228441650,151.871,0.789,152.641,44.633,1
1785490591,295204834,145.164,0.771,145.906,60.025,1
1785490591,361969238,107.903,0.658,108.54,29.403,1
1785490591,428735352,98.824,0.592,99.4,57.625,1
1785490591,495502930,95.295,0.714,95.993,63.36,1
1785490591,562271729,91.43,0.629,92.043,62.82,1
1785490591,629042236,91.214,0.619,91.817,66.545,1
1785490591,695814209,96.709,0.794,97.489,72.437,1
1785490591,762587646,95.71,0.602,96.293,65.584,1
1785490591,829362549,91.109,0.783,91.779,62.26,1
1785490591,896138916,90.658,0.565,91.203,66.202,1
1785490591,962900391,92.549,0.573,93.098,68.658,1
1785490592,29583984,89.73,0.643,90.354,63.939,1
1785490592,96267334,92.169,1.111,93.263,69.59,1
1785490592,162949951,94.65,0.637,95.269,68.69,1
1785490592,229631836,101.936,0.663,102.584,73.995,1
1785490592,262972656,118.815,1.285,120.087,50.837,1
1785490592,329654053,128.76,1.723,130.479,77.068,1
1785490592,396334717,116.665,1.02,117.671,53.877,1
1785490592,429674805,134.098,0.98,135.06,50.731,1
1785490592,496354736,122.606,0.711,123.295,54.924,1
1785490592,563033936,101.091,0.677,101.751,45.133,1
1785490592,596373535,136.691,0.644,137.319,68.906,1
1785490592,663052002,126.979,0.784,127.73,57.09,1
1785490592,696391113,135.612,0.681,136.271,41.879,1
1785490592,763068604,136.628,0.69,137.301,67.708,1
1785490592,829745850,113.201,1.169,114.371,43.725,1
1785490592,863084229,126.539,0.567,127.088,46.082,1
1785490592,929757568,109.484,0.797,110.259,49.838,1
1785490592,963100342,125.733,0.733,126.448,49.534,1
1785490592,996442627,142.902,0.67,143.555,50.452,1
1785490593,63127197,130.064,0.678,130.726,53.852,1
1785490593,129811035,128.929,0.798,129.71,65.67,1
1785490593,163152832,143.763,0.889,144.602,48.229,1
1785490593,229836182,135.717,0.671,136.365,58.45,1
1785490593,296518799,128.843,0.767,129.599,59.908,1
1785490593,363200684,122.292,0.672,122.948,60.04,1
1785490593,429882324,109.242,0.992,110.219,53.944,1
1785490593,463222900,130.022,0.942,130.954,54.071,1
1785490593,529903564,112.835,0.909,113.73,49.461,1
1785490593,563243896,133.153,0.849,133.989,53.603,1
1785490593,629923828,128.054,0.939,128.918,61.601,1
1785490593,696603271,122.385,1.12,123.499,61.26,1
1785490593,763281982,113.816,0.888,114.484,57.678,1
1785490593,796621338,130.389,0.842,131.221,50.065,1
1785490593,863299316,130.427,0.77,131.183,66.648,1
1785490593,896638184,128.051,0.671,128.703,30.859,1
1785490593,963394775,110.753,0.622,111.355,49.412,1
1785490593,996812988,132.845,0.596,133.471,55.485,1
1785490594,63650391,119.341,0.583,120.092,53.32,1
1785490594,97069580,131.737,0.604,132.324,45.836,1
1785490594,197329346,106.081,0.684,106.752,74.686,1
1785490594,264171143,123.298,0.564,123.842,83.937,1
1785490594,331014160,114.816,0.636,115.435,58.436,1
1785490594,364436279,139.086,0.587,139.654,57.64,1
1785490594,431281250,123.181,0.537,123.7,50.894,1
1785490594,498127930,108.591,0.577,109.148,52.293,1
1785490594,531551758,124.281,0.698,124.953,49.229,1
1785490594,598400391,107.497,0.604,108.073,49.969,1
1785490594,631825195,114.96,0.554,115.497,40.847,1
1785490594,698676025,120.176,0.597,120.752,72.105,1
1785490594,732101807,154.093,0.667,154.741,67.414,1
1785490594,832381592,104.934,0.764,105.679,51.207,1
1785490594,865808838,127.191,0.553,127.726,55.486,1
1785490594,932663086,109.664,0.806,110.456,49.576,1
1785490594,965998047,130.121,0.865,130.969,53.85,1
1785490595,32667236,111.865,0.656,112.5,48.206,1
1785490595,66001709,129.931,0.847,130.708,51.541,1
1785490595,132669678,117.539,0.853,118.379,54.33,1
1785490595,166003418,146.903,1.266,148.06,63.006,1
1785490595,232670410,149.044,0.73,149.753,68.378,1
1785490595,299336426,110.837,0.748,111.573,28.476,1
1785490595,332669189,125.221,0.72,125.922,47.693,1
1785490595,399334229,122.9,0.683,123.562,64.303,1
1785490595,432666260,143.612,0.634,144.226,53.997,1
1785490595,499330078,123.939,0.639,124.563,47.001,1
1785490595,565992920,120.524,0.658,121.166,63.265,1
1785490595,632655029,122.507,6.99,129.505,74.969,1
1785490595,699316406,124.823,0.644,125.445,62.632,1
1785490595,765976807,114.025,0.945,114.952,56.165,1
1785490595,799306885,131.204,0.64,131.822,50.207,1
1785490595,865966064,131.968,0.967,132.949,67.726,1
1785490595,932625488,114.207,1.127,115.325,49.083,1
1785490595,965960938,127.887,1.003,128.886,46.889,1
1785490596,32631104,115.49,0.593,116.067,53.868,1
1785490596,65965820,131.207,1.606,132.792,50.059,1
1785490596,132635010,128.071,0.691,128.747,62.624,1
1785490596,165969238,172.278,0.742,173.004,77.594,1
1785490596,265970703,117.878,0.746,118.602,45.599,1
1785490596,299304199,139.161,0.922,140.077,54.788,1
1785490596,365970703,125.639,0.664,126.282,52.889,1
1785490596,432636230,116.573,0.666,117.22,57.603,1
1785490596,465968750,124.053,0.688,124.707,40.824,1
1785490596,532633057,107.68,0.548,108.21,50.168,1
1785490596,565965088,134.311,0.564,134.858,59.979,1
1785490596,632628174,136.777,1.235,138.017,69.784,1
1785490596,699290771,125.873,0.734,126.591,55.271,1
1785490596,765952393,124.871,1.178,126.041,66.093,1
1785490596,832613281,103.188,0.712,103.879,44.521,1
1785490596,865943359,118.877,1.023,119.878,49.325,1
1785490596,899273438,140.787,0.973,141.763,55.194,1
1785490596,966034180,112.28,0.751,113.018,38.037,1
1785490596,999464600,124.673,0.994,125.651,46.053,1
1785490597,66327148,106.931,0.805,107.727,48.941,1
1785490597,99758789,123.958,3.512,127.463,53.167,1
1785490597,166623779,122.019,0.62,122.846,62.034,1
1785490597,233490234,112.046,0.802,112.843,57.075,1
1785490597,266924072,135.911,0.735,136.63,57.234,1
1785490597,333793213,125.485,0.854,126.327,56.56,1
1785490597,367228271,156.487,0.758,157.226,64.342,1
1785490597,467536133,99.181,0.674,99.93,42.915,1
1785490597,534409912,96.288,0.735,97.004,64.044,1
1785490597,601285645,88.026,0.802,88.811,58.681,1
1785490597,668162842,94.976,0.701,95.668,73.729,1
1785490597,701602051,132.363,0.644,132.985,70.761,1
1785490597,768481689,124.831,1.914,126.761,60.622,1
1785490597,835363037,100.968,0.867,101.816,41.968,1
1785490597,868804443,133.321,0.955,134.256,65.876,1
1785490597,935686279,118.066,0.631,118.68,51.316,1
1785490597,969012451,145.273,0.57,145.825,60.472,1
1785490598,35663818,120.794,0.565,121.353,42.166,1
1785490598,102313965,111.583,0.837,112.194,57.502,1
1785490598,135638672,127.052,0.677,127.713,48.843,1
1785490598,202287109,117.013,0.611,117.6,56.538,1
1785490598,235610840,149.028,0.73,149.741,65.463,1
1785490598,302257813,123.057,0.755,123.79,40.695,1
1785490598,368903564,121.519,0.837,122.335,65.189,1
1785490598,402225830,119.621,0.574,120.173,31.167,1
1785490598,502191650,97.677,0.675,98.337,78.126,1
1785490598,535512939,102.985,0.608,103.574,38.56,1
1785490598,602154785,105.811,0.787,106.582,69.643,1
1785490598,635475098,132.486,0.591,133.059,59.806,1
1785490598,702115479,110.334,0.561,110.876,44.458,1
1785490598,735435059,154.625,0.892,155.503,77.942,1
1785490598,802073486,124.522,0.545,125.062,36.19,1
1785490598,902029053,118.016,0.926,118.924,93.824,1
1785490598,935348145,122.669,0.684,123.335,37.734,1
1785490598,968792236,130.499,0.726,131.205,41.314,1
1785490599,69128906,93.403,0.837,94.223,63.35,1
1785490599,136023926,89.938,0.762,90.687,63.353,1
1785490599,169472412,127.379,0.789,128.15,70.922,1
1785490599,236372070,102.051,0.792,102.827,41.574,1
1785490599,269823242,128.884,0.666,129.534,60.161,1
1785490599,336727295,108.7,0.543,109.228,46.599,1
1785490599,370180664,135.637,0.712,136.334,60.556,1
1785490599,437089600,121.639,0.672,122.294,52.867,1
1785490599,504001709,104.076,0.69,104.749,49.37,1
1785490599,537458740,123.585,0.749,124.317,53.026,1
1785490599,604375488,111.688,0.683,112.437,54.948,1
1785490599,637834961,144.778,0.795,145.561,66.663,1
1785490599,704756104,129.126,0.82,129.839,51.206,1
1785490599,771680664,119.14,0.81,119.936,57.02,1
1785490599,838607910,91.91,0.69,92.583,39.58,1
1785490599,905538574,87.465,0.645,88.093,62.441,1
1785490599,972328857,86.147,0.525,86.655,65.354,1
1785490600,38980469,87.122,0.547,87.651,67.647,1
1785490600,105630859,85.233,0.553,85.768,64.768,1
1785490600,172280273,95.18,0.554,95.716,76.597,1
1785490600,205604492,127.749,0.897,128.629,66.233,1
1785490600,272251953,105.688,0.758,106.433,44.449,1
1785490600,338898682,105.621,0.714,106.318,66.537,1
1785490600,372221436,123.979,0.862,124.82,51.82,1
1785490600,438866211,113.059,1.096,113.861,55.68,1
1785490600,472188232,134.059,1.223,135.291,54.713,1
1785490600,538831543,114.153,0.587,114.722,46.123,1
1785490600,572152588,139.761,0.721,140.46,59.059,1
1785490600,638794189,122.93,0.702,123.613,49.792,1
1785490600,705434570,121.671,2.611,124.287,67.295,1
1785490600,772073975,110.641,0.713,111.336,53.708,1
1785490600,838712158,104.55,0.948,105.496,60.782,1
1785490600,872030762,122.492,0.565,123.039,50.881,1
1785490600,938668457,108.097,0.736,108.813,52.405,1
1785490600,971994873,121.947,0.981,122.924,47.424,1
1785490601,38647217,103.011,0.981,103.979,47.718,1
1785490601,71972900,124.006,0.766,124.755,54.109,1
1785490601,138623291,118.142,0.573,118.697,60.594,1
1785490601,171948242,145.419,0.702,146.101,60.724,1
1785490601,238597168,154.17,0.683,154.835,75.385,1
1785490601,338568359,104.908,0.591,105.479,50.617,1
1785490601,371891357,122.331,0.933,123.244,51.084,1
1785490601,438536865,114.193,2.022,116.208,59.601,1
1785490601,471859375,120.874,0.639,121.495,38.622,1
1785490601,538503174,120.604,0.826,121.255,66.403,1
1785490601,571824707,132.698,0.769,133.446,45.506,1
1785490601,638466797,135.633,0.729,136.34,69.543,1
1785490601,705107910,131.407,0.705,132.097,62.396,1
1785490601,771748047,118.759,0.991,119.739,54.275,1
1785490601,838386719,106.676,0.56,107.215,54.124,1
1785490601,905024658,102.68,1.392,104.077,63.464,1
1785490601,938344238,121.566,0.712,122.258,51.536,1
1785490602,5112061,107.283,0.632,107.925,52.407,1
1785490602,38515869,124.504,0.766,125.235,50.742,1
1785490602,105324463,112.442,0.671,113.101,54.667,1
1785490602,138729004,134.014,0.851,134.843,55.147,1
1785490602,205538818,125.972,0.585,126.538,58.512,1
1785490602,272349609,108.916,0.66,111.614,49.823,1
1785490602,305755127,122.829,4.568,127.405,51.231,1
1785490602,372567139,110.689,0.581,111.249,50.686,1
1785490602,405973633,121.18,0.647,121.809,43.964,1
1785490602,472786865,106.025,0.59,106.595,51.604,1
1785490602,506193848,122.544,0.667,123.187,49.996,1
1785490602,573008545,98.691,0.845,99.525,43.146,1
1785490602,606416260,123.45,0.87,124.311,58.194,1
1785490602,673232178,121.339,0.776,122.098,64.606,1
1785490602,706640625,160.149,0.783,160.918,72.228,1
1785490602,773458008,146.499,0.607,147.089,52.993,1
1785490602,873685547,98.107,0.655,98.743,51.88,1
1785490602,907095215,127.654,0.848,128.811,63.136,1
1785490602,973914063,119.823,0.76,120.567,58.91,1
1785490603,40707031,105.278,0.804,106.071,52.294,1
1785490603,74103760,120.6,0.636,121.155,48.493,1
1785490603,140897461,113.809,0.675,114.466,60.102,1
1785490603,174294678,132.48,0.682,133.144,52.073,1
1785490603,241089355,122.342,0.737,123.067,56.714,1
1785490603,307884766,107.075,0.808,107.864,51.592,1
1785490603,341282715,126.493,0.631,127.107,52.647,1
1785490603,408079102,121.731,0.655,122.37,62.06,1
1785490603,474875977,100.011,0.835,100.834,45.252,1
1785490603,541673584,90.796,0.584,91.365,57.336,1
1785490603,608471924,90.328,0.596,90.91,66.342,1
1785490603,675270508,94.161,0.646,94.787,70.676,1
1785490603,742070068,91.449,0.6,92.035,64.047,1
1785490603,808870117,87.825,0.616,88.429,63.193,1
1785490603,875670654,99.731,0.843,100.564,78.927,1
1785490603,909071289,125.695,0.716,126.403,59.244,1
1785490603,975872070,112.482,0.835,113.297,53.702,1
1785490604,9233887,124.883,0.627,125.493,45.561,1
1785490604,76011475,107.324,0.666,107.97,49.25,1
1785490604,109400391,126.08,0.614,126.673,52.097,1
1785490604,176178711,99.088,0.849,99.928,40.008,1
1785490604,209567871,124.539,0.725,125.24,58.727,1
1785490604,276346436,102.28,0.66,102.923,44.461,1
1785490604,343125488,106.666,0.837,107.287,71.142,1
1785490604,409904785,89.437,0.549,89.966,49.461,1
1785490604,476684570,89.35,0.612,89.948,66.756,1
1785490604,543464600,86.269,0.648,86.9,63.733,1
1785490604,610245117,94.739,0.614,95.334,75.218,1
1785490604,677025879,90.668,0.67,91.531,62.766,1
1785490604,743806885,89.26,0.673,89.915,65.376,1
1785490604,810588379,85.614,0.725,86.326,63.187,1
1785490604,877370117,86.649,0.662,87.282,67.741,1
1785490604,910761230,121.219,0.709,121.909,68.012,1
1785490604,977543701,117.319,0.606,117.912,62.79,1
1785490605,44273682,105.935,0.843,106.77,55.579,1
1785490605,77576416,119.237,0.695,119.915,46.46,1
1785490605,144180420,110.081,0.682,110.745,57.431,1
1785490605,177481689,146.614,0.677,147.276,69.831,1
1785490605,244082764,122.862,0.659,123.501,42.83,1
1785490605,310682129,103.164,0.803,103.955,47.042,1
1785490605,343980957,113.738,1.167,114.884,44.227,1
1785490605,410577148,96.021,0.841,96.845,48.561,1
1785490605,477171631,88.715,0.68,89.385,59.133,1
1785490605,543763916,85.696,1.806,87.495,64.7,1
1785490605,610354492,90.837,0.624,91.444,70.55,1
1785490605,676943115,94.881,0.913,95.791,70.919,1
1785490605,743529785,98.215,0.683,98.886,69.691,1
1785490605,810114502,88.903,0.587,89.457,57.164,1
1785490605,876697510,92.376,0.821,93.185,70.303,1
1785490605,943278320,90.77,0.627,91.375,64.779,1
1785490606,9834961,89.426,0.637,90.045,65.225,1
1785490606,76530518,86.774,0.627,87.379,64.031,1
1785490606,143226318,85.971,0.752,86.702,66.019,1
1785490606,209922607,90.053,0.626,90.662,70.654,1
1785490606,276619385,91.247,0.654,91.883,67.915,1
1785490606,343316406,94.491,0.645,95.115,69.932,1
1785490606,410013916,87.758,0.702,88.449,60.026,1
1785490606,476711670,90.743,0.647,91.373,69.623,1
1785490606,543409912,86.836,0.615,87.436,62.763,1
1785490606,610108643,88.865,0.621,89.473,68.735,1
1785490606,676807617,91.276,0.7,91.959,69.188,1
1785490606,743507080,93.39,0.67,94.038,68.778,1
1785490606,810207031,86.14,0.569,86.689,59.354,1
1785490606,876907227,92.661,0.574,93.235,73.227,1
1785490606,910257324,118.309,0.914,119.216,59.324,1
1785490606,976958252,102.361,0.687,103.03,50.534,1
1785490607,10322998,121.027,0.568,121.58,51.919,1
1785490607,76946289,106.931,0.571,107.485,52.529,1
1785490607,110257080,121.185,0.816,121.995,47.807,1
1785490607,176877686,121.245,0.667,121.895,66.534,1
1785490607,243496826,117.591,0.732,118.301,63.02,1
1785490607,310114258,102.596,0.987,103.581,51.882,1
1785490607,343422363,129.912,0.636,130.53,60.278,1
1785490607,410037354,122.807,0.615,123.405,59.489,1
1785490607,476650635,113.223,0.61,113.817,57.024,1
1785490607,509956787,129.427,0.702,130.114,49.598,1
1785490607,576567627,126.367,0.681,127.03,63.534,1
1785490607,643177002,137.151,0.574,137.707,77.285,1
1785490607,709784668,142.723,0.552,143.258,72.16,1
1785490607,776390625,126.075,0.565,126.619,49.966,1
1785490607,842995117,134.094,0.625,134.777,74.681,1
1785490607,909597900,103.244,0.709,103.938,35.844,1
1785490607,942898682,125.08,0.57,125.631,54.995,1
1785490608,42806152,101.917,0.709,102.618,76.88,1
1785490608,76116211,122.805,0.688,123.475,54.179,1
1785490608,142735352,113.384,0.787,114.157,57.298,1
1785490608,176044189,124.461,0.642,125.089,44.243,1
1785490608,242660645,113.783,0.651,114.518,55.947,1
1785490608,275968262,126.888,0.678,127.549,46.439,1
1785490608,342582275,102.717,0.712,103.41,42.47,1
1785490608,409194580,100.283,0.847,101.017,64.219,1
1785490608,475805420,95.858,0.699,96.534,62.132,1
1785490608,542414307,91.775,0.625,92.378,62.452,1
1785490608,609021729,105.477,0.563,106.023,80.255,1
1785490608,675627441,113.551,0.611,114.139,74.722,1
1785490608,708929688,132.56,0.775,133.314,52.475,1
1785490608,775532715,124.893,0.804,125.68,58.965,1
1785490608,842134277,109.884,0.719,110.563,51.488,1
1785490608,875434326,131.777,0.622,132.379,55.118,1
1785490608,942033447,116.113,0.595,116.669,50.89,1
1785490608,975332275,132.447,0.728,133.154,49.782,1
1785490609,41937500,125.831,0.559,126.373,59.827,1
1785490609,108557373,104.406,0.778,105.159,45.397,1
1785490609,141866943,124.088,0.597,124.667,52.826,1
1785490609,208484375,103.287,0.695,103.963,45.911,1
1785490609,241792480,130.281,0.656,130.915,60.26,1
1785490609,308407471,125.445,0.828,126.255,61.951,1
1785490609,375020996,116.221,3.657,119.881,60.218,1
1785490609,408326904,139.015,0.784,139.785,53.228,1
1785490609,474937744,124.672,0.612,125.264,52.098,1
1785490609,541547119,102.142,0.632,102.754,44.099,1
1785490609,608154541,118.134,0.679,118.793,82.647,1
1785490609,641457764,135.117,0.848,135.945,50.452,1
1785490609,708062744,127.668,0.648,128.297,58.961,1
1785490609,774666260,110.629,0.575,111.186,49.493,1
1785490609,807967285,132.09,0.769,132.841,54.952,1
1785490609,874568115,122.471,0.665,123.118,56.882,1
1785490609,941167480,108.152,0.893,109.038,52.506,1
1785490609,974466553,132.06,0.783,132.695,56.965,1
1785490610,41101074,110.374,0.666,111.022,44.966,1
1785490610,74453857,130.206,0.74,130.927,53.257,1
1785490610,141159912,126.336,0.58,126.893,62.673,1
1785490610,207866455,121.622,0.652,122.256,62.07,1
1785490610,241219971,138.411,2.151,140.563,51.638,1
1785490610,307927490,142.754,2.09,144.86,70.991,1
1785490610,374635498,124.074,0.917,124.979,46.855,1
1785490610,407989746,127.902,0.581,128.464,36.847,1
1785490610,474698486,108.932,0.568,109.481,47.726,1
1785490610,508053223,131.184,0.609,131.78,55.649,1
1785490610,574762939,119.171,0.913,120.074,54.998,1
1785490610,608117920,136.813,0.678,137.468,50.759,1
1785490610,674828369,143.135,0.878,143.995,73.235,1
1785490610,741539551,117.516,0.566,118.063,40.783,1
1785490610,774895264,141.07,0.595,141.648,56.938,1
1785490610,841607178,132.076,0.682,132.741,57.8,1
1785490610,908319824,125.21,0.586,125.777,59.756,1
1785490610,975032715,113.255,0.576,113.812,54.748,1
1785490611,8389404,123.952,0.663,124.599,44.141,1
1785490611,75179688,109.653,0.668,110.3,52.49,1
1785490611,108574951,130.009,0.696,130.688,53.786,1
1785490611,175365723,126.712,0.537,127.232,63.337,1
1785490611,242157471,113.73,0.861,114.568,54.123,1
1785490611,275553467,133.966,0.722,134.669,53.499,1
1785490611,342345703,112.112,0.778,112.876,44.993,1
1785490611,375742188,125.498,0.843,126.32,46.84,1
1785490611,442535400,114.268,0.895,115.148,55.621,1
1785490611,475932373,126.793,0.67,127.448,45.7,1
1785490611,542726563,111.328,0.69,112.005,51.347,1
1785490611,576123779,128.527,0.684,129.2,50.595,1
1785490611,642918945,118.901,0.733,119.625,57.216,1
1785490611,676316650,170.435,0.684,171.097,84.882,1
1785490611,776510498,99.026,0.606,99.63,28.709,1
1785490611,843307373,93.308,0.64,93.931,61.116,1
1785490611,910104736,92.228,0.605,92.783,65.649,1
1785490611,976902588,90.023,0.622,90.627,64.642,1
1785490612,43611084,90.53,0.555,91.068,67.149,1
1785490612,76920898,109.883,0.567,110.433,52.676,1
1785490612,110230469,134.805,0.68,135.463,58.338,1
1785490612,176848389,123.977,0.649,124.611,55.763,1
1785490612,243464600,111.325,1.045,112.362,54.357,1
1785490612,276771973,127.679,0.576,128.238,49.196,1
1785490612,343385742,119.955,0.97,120.908,59.282,1
1785490612,376691895,136.156,0.719,136.862,49.258,1
1785490612,443302979,127.848,0.855,128.681,58.428,1
1785490612,509912598,103.977,0.731,104.696,42.621,1
1785490612,543216553,127.214,0.666,127.861,56.479,1
1785490612,609823486,109.913,1.118,111.019,49.743,1
1785490612,643126465,139.649,1.468,141.29,63.39,1
1785490612,709730957,100.648,0.872,101.504,27.021,1
1785490612,776333740,119.329,0.908,120.222,85.316,1
1785490612,809634521,137.953,2.473,140.42,53.49,1
1785490612,876234863,123.391,0.577,123.949,50.147,1
1785490612,942833496,104.623,0.994,105.601,48.239,1
1785490612,976132080,118.314,1.601,119.942,47.607,1
1785490613,9431641,144.809,1.319,146.126,59.506,1
1785490613,76158203,125.893,0.769,126.639,47.261,1
1785490613,142885986,126.596,0.785,127.36,67.449,1
1785490613,209614746,107.355,0.925,108.267,47.628,1
1785490613,242979736,124.648,0.692,125.532,50.429,1
1785490613,309710205,107.907,0.634,108.522,49.928,1
1785490613,343075928,124.221,0.934,125.142,49.978,1
1785490613,409808350,101.865,0.626,102.474,44.073,1
1785490613,476541748,96.037,0.561,96.579,60.84,1
1785490613,543276123,90.967,1.017,91.968,62.121,1
1785490613,610011719,96.623,0.575,97.181,71.949,1
1785490613,676748535,99.728,0.764,100.474,70.027,1
1785490613,743486572,106.025,0.978,106.986,73.248,1
1785490613,810225586,94.639,0.659,95.279,55.037,1
1785490613,876965576,95.94,0.563,96.487,67.949,1
1785490613,943706787,94.319,0.54,94.841,65.096,1
1785490614,10448730,93.898,0.654,94.536,66.434,1
1785490614,77088379,93.351,0.567,93.9,66.005,1
1785490614,143726563,91.233,0.822,92.036,64.772,1
1785490614,177045166,127.325,0.643,127.953,69.233,1
1785490614,243681396,116.972,1.123,118.079,56.758,1
1785490614,276999023,130.332,0.84,131.157,46.4,1
1785490614,343633301,102.985,0.775,103.738,39.215,1
1785490614,410266113,108.002,0.729,108.718,71.608,1
1785490614,443582031,112.912,0.674,113.568,38.173,1
1785490614,510212891,95.563,0.565,96.11,49.175,1
1785490614,576842529,92.899,0.569,93.452,63.97,1
1785490614,643470703,101.641,0.579,102.202,75.378,1
1785490614,676784424,120.624,0.739,121.347,52.457,1
1785490614,710097656,136.421,1.085,137.328,49.292,1
1785490614,776723145,112.389,0.628,112.997,42.299,1
1785490614,843347412,102.663,0.565,103.199,56.826,1
1785490614,909970215,106.085,0.639,106.704,70.127,1
1785490614,943281250,124.231,0.761,124.975,51.582,1
1785490614,976591797,131.918,0.625,132.526,40.863,1
1785490615,76778320,92.085,0.633,92.7,60.361,1
1785490615,143656738,92.298,0.61,92.889,67.066,1
1785490615,177097168,138.729,0.839,139.554,80.101,1
1785490615,243979736,140.736,0.734,141.444,68.772,1
1785490615,310865234,102.462,0.744,103.189,28.632,1
1785490615,377753418,102.163,0.755,102.9,66.599,1
1785490615,444644531,93.428,0.552,93.961,57.958,1
1785490615,511538574,90.598,0.876,91.459,64.389,1
1785490615,578435303,90.744,0.627,91.352,66.792,1
1785490615,645334961,107.155,1.138,108.298,83.821,1
1785490615,678785889,129.563,1.397,130.959,56.118,1
1785490615,745689697,115.245,0.566,115.793,51.757,1
1785490615,779142578,140.44,0.653,141.076,58.73,1
1785490615,846050781,116.704,0.837,117.521,43.344,1
1785490615,879505859,160.713,0.574,161.265,77.214,1
1785490615,979875488,104.711,0.559,105.269,44.355,1
1785490616,13331055,128.499,0.736,129.218,57.42,1
1785490616,79969727,98.788,1.08,99.851,37.267,1
1785490616,146607178,111.454,0.906,112.344,79.134,1
1785490616,179925293,127.94,0.778,128.705,49.674,1
1785490616,246560791,126.593,0.547,127.109,65.049,1
1785490616,313194824,112.906,0.873,113.767,53.279,1
1785490616,346511475,138.85,0.907,139.749,59.298,1
1785490616,413143555,129.4,0.569,129.951,56.847,1
1785490616,479774170,106.538,0.668,107.192,43.864,1
1785490616,546403564,98.536,0.855,99.376,58.816,1
1785490616,613031738,113.338,0.587,113.905,81.162,1
1785490616,646345215,130.286,0.738,131.01,50.413,1
1785490616,712971191,106.747,0.85,107.576,43.195,1
1785490616,779595947,116.711,1.065,117.77,76.798,1
1785490616,846219238,97.483,0.68,98.151,47.021,1
1785490616,912841309,101.547,0.832,102.365,70.832,1
1785490616,946151611,116.566,0.57,117.118,48.074,1
1785490616,979461914,138.081,0.606,138.689,54.859,1
1785490617,46092773,134.25,0.703,134.937,62.899,1
1785490617,112732178,113.057,0.671,113.717,45.413,1
1785490617,146051270,144.421,1.212,145.56,65.157,1
1785490617,212688477,137.019,0.595,137.593,58.683,1
1785490617,279324463,109.841,0.778,110.577,39.613,1
1785490617,345959229,104.084,0.574,104.634,60.7,1
1785490617,412592529,98.374,0.799,99.162,61.153,1
1785490617,479224609,93.494,0.74,94.213,61.691,1
1785490617,545855225,92.084,0.626,92.689,65.106,1
1785490617,612484619,99.881,0.667,100.526,74.465,1
1785490617,645798828,132.558,0.88,133.418,66.201,1
1785490617,712426025,134.329,0.641,134.95,68.166,1
1785490617,779052246,131.554,0.601,132.136,63.813,1
1785490617,845677002,130.598,0.628,131.303,65.694,1
1785490617,912300293,119.467,1.022,120.473,55.887,1
1785490617,945611572,138.457,0.76,139.202,52.037,1
1785490618,12233887,131.717,0.714,132.413,59.839,1
1785490618,79114990,115.104,0.887,115.968,50.435,1
1785490618,112556641,136.639,0.663,137.283,54.757,1
1785490618,179442383,125.424,0.829,126.241,55.838,1
1785490618,246330811,123.909,0.99,124.891,65.523,1
1785490618,313222412,101.507,0.632,102.121,44.146,1
1785490618,380116699,96.619,0.748,97.35,62.122,1
1785490618,447014160,92.596,0.647,93.169,62.715,1
1785490618,513914307,96.253,0.539,96.774,70.509,1
1785490618,580817627,91.571,0.732,92.286,62.413,1
1785490618,647723633,97.662,0.791,98.432,73.05,1
1785490618,714632813,100.908,0.569,101.459,69.94,1
1785490618,748088379,124.187,0.587,124.756,56.751,1
1785490618,815001953,96.901,0.7,97.571,39.724,1
1785490618,881918457,108.882,0.873,109.744,79.083,1
1785490618,915377686,129.945,0.787,130.719,54.442,1
1785490618,982298584,105.548,0.767,106.301,42.501,1
1785490619,49120850,96.65,0.679,97.308,57.833,1
1785490619,115848145,92.316,0.574,92.873,62.294,1
1785490619,182576172,92.415,0.549,92.946,66.802,1
1785490619,249305420,97.177,0.698,97.858,71.636,1
1785490619,282670410,122.852,0.774,123.492,59.0,1
1785490619,349400879,98.71,0.726,99.416,42.658,1
1785490619,416132568,95.787,0.679,96.431,63.745,1
1785490619,482864990,90.671,0.569,91.221,61.525,1
1785490619,549598389,88.62,0.545,89.149,64.661,1
1785490619,616333008,113.64,0.78,114.401,91.987,1
1785490619,649700439,128.625,0.633,129.238,48.203,1
1785490619,716436279,100.681,3.14,103.811,41.298,1
1785490619,783173340,95.799,0.875,96.664,59.592,1
1785490619,849911133,92.467,0.562,93.013,63.096,1
1785490619,916649658,98.742,0.705,99.432,73.157,1
1785490619,950019531,108.071,0.651,108.703,42.643,1
1785490620,16759521,95.972,0.808,96.772,54.801,1
1785490620,83499756,90.049,0.538,90.569,60.546,1
1785490620,150241211,90.368,0.626,90.976,67.146,1
1785490620,216983887,91.094,0.614,91.637,67.404,1
1785490620,283727539,99.896,0.572,100.448,75.556,1
1785490620,317100098,136.864,9.7,138.992,71.907,1
1785490620,383845703,113.909,3.902,117.799,45.552,1
1785490620,450592529,96.246,0.755,96.981,45.937,1
1785490620,517340576,94.836,0.694,95.51,65.278,1
1785490620,584089844,89.497,0.552,90.028,61.269,1
1785490620,650840332,94.159,0.598,94.737,71.459,1
1785490620,717592041,95.314,0.664,95.961,67.975,1
1785490620,784344971,89.384,0.557,89.924,60.717,1
1785490620,851099121,92.649,0.742,93.374,70.203,1
1785490620,917854248,101.11,1.261,102.35,75.723,1
1785490620,951232422,112.579,0.778,113.331,44.365,1
1785490621,17989258,94.004,0.558,94.61,47.97,1
1785490621,84658691,93.042,0.575,93.677,65.723,1
1785490621,151327637,94.848,0.682,95.508,68.58,1
1785490621,184661621,127.645,0.715,128.361,66.169,1
1785490621,251329102,108.483,0.79,109.259,47.574,1
1785490621,284662598,130.333,0.563,130.879,54.964,1
1785490621,351329102,130.314,0.714,131.01,66.796,1
1785490621,417994629,119.988,0.661,120.632,56.288,1
1785490621,484659424,101.367,0.618,101.961,47.988,1
1785490621,517991455,119.589,0.622,120.196,51.569,1
1785490621,551323242,122.152,0.632,122.767,35.905,1
1785490621,651317627,97.048,0.765,97.799,75.024,1
1785490621,717979736,105.433,1.48,106.948,75.74,1
1785490621,784640869,91.333,0.626,91.936,51.726,1
1785490621,851301025,90.924,0.819,91.726,66.447,1
1785490621,917960693,93.213,0.62,93.814,68.749,1
1785490621,984619385,93.499,0.64,94.121,66.967,1
1785490622,51360596,90.763,0.608,91.353,63.974,1
1785490622,118184326,90.657,0.737,91.381,66.845,1
1785490622,185009277,89.852,0.562,90.396,65.846,1
1785490622,251835449,92.468,0.695,93.145,69.573,1
1785490622,318662842,96.662,0.603,97.246,70.929,1
1785490622,352076904,115.114,0.545,115.673,51.809,1
1785490622,385491455,130.812,0.687,131.48,49.248,1
1785490622,452321045,112.993,0.573,113.549,48.904,1
1785490622,485736328,123.511,0.629,124.118,43.986,1
1785490622,552567871,112.865,0.945,113.789,56.495,1
1785490622,585984131,117.903,0.777,118.663,38.297,1
1785490622,652817383,115.764,0.612,116.357,64.525,1
1785490622,686234619,123.117,0.571,123.664,40.729,1
1785490622,753069824,102.127,0.744,102.853,46.017,1
1785490622,786487793,120.209,0.829,121.033,51.588,1
1785490622,819906006,153.782,1.033,154.801,67.189,1
1785490622,886743652,109.571,0.666,110.217,22.263,1
1785490622,953582275,94.876,0.624,95.486,52.107,1
1785490623,20420898,91.58,0.635,92.198,63.556,1
1785490623,87077148,91.366,0.624,91.971,66.429,1
1785490623,153732666,89.233,1.026,90.246,64.921,1
1785490623,187060059,102.903,0.586,103.472,46.562,1
1785490623,253713867,97.918,0.569,98.469,61.651,1
1785490623,320366699,105.05,0.809,105.847,74.023,1
1785490623,353692627,131.95,1.019,132.964,60.436,1
1785490623,453669189,97.786,0.729,98.495,65.52,1
1785490623,520318848,89.64,0.559,90.182,58.338,1
1785490623,586967529,87.58,0.584,88.147,64.612,1
1785490623,653615234,96.056,0.564,96.604,75.106,1
1785490623,686938721,127.344,0.631,127.957,64.677,1
1785490623,753584717,100.262,0.75,100.994,39.68,1
1785490623,820229736,93.406,0.563,93.953,59.606,1
1785490623,886873779,90.12,0.667,90.771,63.461,1
1785490623,953516846,89.48,0.762,90.223,66.097,1
1785490624,20159668,88.53,0.719,89.232,65.652,1
1785490624,86814941,87.33,0.564,87.865,65.289,1
1785490624,153468994,88.061,0.548,88.591,67.38,1
1785490624,220121826,90.213,0.521,90.718,68.781,1
1785490624,286773682,88.07,0.543,88.596,64.529,1
1785490624,353424561,95.665,0.56,96.209,74.263,1
1785490624,386749756,128.367,0.667,128.943,66.059,1
1785490624,453398926,120.905,0.551,121.439,59.145,1
1785490624,486723145,140.17,0.726,140.878,52.757,1
1785490624,553370850,117.75,0.744,118.473,44.244,1
1785490624,586694336,133.774,0.56,134.317,49.172,1
1785490624,653340332,113.781,0.716,114.482,46.803,1
1785490624,686663086,128.646,0.667,129.286,48.132,1
1785490624,753307373,109.285,0.555,109.836,47.184,1
1785490624,786629395,126.213,0.817,127.012,50.511,1
1785490624,853272217,95.378,0.636,95.996,35.627,1
1785490624,919914063,92.775,0.586,93.343,63.989,1
1785490624,986554932,90.829,0.544,91.356,64.654,1
1785490625,53233154,97.815,0.616,98.413,73.734,1
1785490625,120038574,89.597,0.793,90.372,58.764,1
1785490625,186844971,92.375,0.559,92.915,69.352,1
1785490625,253652344,102.255,0.641,102.88,76.767,1
1785490625,353864746,98.953,0.716,99.651,96.986,1
1785490625,387269287,119.504,1.31,120.793,54.546,1
1785490625,420674072,128.089,0.541,128.614,41.229,1
1785490625,487484375,126.172,0.641,126.794,64.991,1
1785490625,554295410,95.456,0.634,96.073,36.088,1
1785490625,621107422,107.449,0.629,108.059,78.798,1
1785490625,654513916,123.652,0.755,124.367,49.708,1
1785490625,687920410,152.543,0.519,153.045,62.093,1
1785490625,754734131,130.824,0.648,131.459,45.221,1
1785490625,821548584,120.95,0.552,121.484,56.846,1
1785490625,888364258,95.577,0.691,96.256,41.58,1
1785490625,955180420,92.477,0.645,93.104,63.67,1
1785490626,21997803,97.432,0.862,98.286,71.988,1
1785490626,55405518,112.688,0.594,113.268,48.4,1
1785490626,88726074,137.39,3.399,140.776,60.818,1
1785490626,155365967,125.457,0.68,126.12,51.997,1
1785490626,222004639,107.64,2.767,110.427,50.904,1
1785490626,255323730,131.882,0.619,132.478,55.411,1
1785490626,321960449,112.754,0.671,113.404,47.56,1
1785490626,355278320,133.877,1.019,134.742,54.651,1
1785490626,421913086,125.863,0.675,126.52,58.422,1
1785490626,488546631,111.372,0.684,112.036,52.145,1
1785490626,521862793,125.665,0.624,126.282,47.556,1
1785490626,588494385,119.113,0.942,120.044,60.392,1
1785490626,621809570,152.596,0.623,153.202,66.481,1
1785490626,688439209,148.091,0.608,148.704,62.113,1
1785490626,755067383,132.225,1.038,133.249,51.187,1
1785490626,821694336,120.855,0.558,121.394,54.782,1
1785490626,888320068,108.055,0.656,108.688,53.913,1
1785490626,921632324,130.773,0.574,131.329,55.959,1
1785490626,988256104,110.677,0.776,111.44,46.726,1
1785490627,21567383,133.32,0.805,134.109,55.986,1
1785490627,88235596,112.844,0.647,113.468,46.03,1
1785490627,121609619,127.906,0.547,128.436,48.341,1
1785490627,188358398,121.511,0.688,122.181,60.493,1
1785490627,221733398,142.162,0.858,143.011,54.197,1
1785490627,288484131,100.715,0.848,101.545,25.289,1
1785490627,355236084,98.519,0.878,99.382,64.59,1
1785490627,388612305,133.495,0.646,134.118,68.115,1
1785490627,455366211,111.954,0.58,112.537,45.153,1
1785490627,522121094,94.367,0.673,95.022,49.261,1
1785490627,588877441,90.023,0.627,90.632,62.368,1
1785490627,655634766,91.397,0.585,91.933,68.058,1
1785490627,722393555,97.059,0.716,97.759,72.579,1
1785490627,789153320,105.04,1.223,106.235,75.227,1
1785490627,855914307,95.633,0.648,96.265,56.803,1
1785490627,922676758,91.083,0.565,91.628,62.127,1
1785490627,989440186,90.746,0.647,91.372,66.508,1
1785490628,56205078,88.379,0.62,88.98,64.372,1
1785490628,122913086,91.871,0.6,92.452,70.18,1
1785490628,189566650,95.419,0.612,96.014,70.216,1
1785490628,256218994,108.376,0.597,108.953,79.591,1
1785490628,289544922,126.361,0.591,126.934,51.307,1
1785490628,356195801,104.585,0.667,105.236,44.952,1
1785490628,389520752,130.981,0.665,131.624,59.713,1
1785490628,456169922,129.585,0.856,130.526,65.446,1
1785490628,522818115,108.537,0.929,109.455,45.673,1
1785490628,556141846,129.829,0.928,130.759,54.61,1
1785490628,656111084,97.796,0.759,98.534,67.769,1
1785490628,789399902,89.765,0.609,90.358,125.115,1
1785490628,856042725,90.238,0.545,90.765,67.05,1
1785490628,922684326,91.857,0.705,92.544,68.422,1
1785490628,989324951,90.042,0.652,90.677,64.771,1
1785490629,89284668,92.778,0.547,93.305,102.59,1
1785490629,155940674,93.557,0.743,94.283,67.63,1
1785490629,222595947,91.822,0.746,92.554,64.927,1
1785490629,289250000,89.177,0.677,89.838,63.939,1
1785490629,355903076,92.971,0.64,93.634,70.41,1
1785490629,422554932,95.428,0.53,95.941,69.0,1
1785490629,455880615,126.246,0.555,126.782,64.166,1
1785490629,522531006,111.048,0.772,111.803,51.669,1
1785490629,555855713,126.881,0.662,127.525,49.047,1
1785490629,622504639,98.521,0.638,99.125,38.249,1
1785490629,655828613,137.462,1.71,139.709,73.347,1
1785490629,722475830,129.583,0.656,130.219,57.72,1
1785490629,789122070,103.383,0.955,104.32,40.739,1
1785490629,855767334,96.442,0.62,97.045,59.379,1
1785490629,922411621,99.61,0.864,100.447,70.04,1
1785490629,989054688,95.126,0.563,95.737,61.873,1
1785490630,89017822,92.384,0.554,92.921,97.212,1
1785490630,155671387,94.079,0.621,94.683,68.414,1
1785490630,222323486,93.037,0.609,93.625,65.597,1
1785490630,288974609,90.524,0.616,91.124,64.147,1
1785490630,355624756,93.214,0.598,93.792,69.321,1
1785490630,422273926,98.289,0.562,98.832,71.69,1
1785490630,455597900,118.05,0.569,118.6,53.092,1
1785490630,488921631,133.324,0.673,133.981,48.703,1
1785490630,555568604,124.033,0.995,125.013,57.671,1
1785490630,622214355,118.69,0.908,119.582,61.22,1
1785490630,655536865,132.238,0.713,132.928,46.67,1
1785490630,722180908,127.445,0.636,128.064,61.778,1
1785490630,755502441,145.655,1.57,147.246,52.463,1
1785490630,822145020,124.432,0.637,125.054,44.493,1
1785490630,888786377,116.655,0.633,117.334,58.844,1
1785490630,922106689,127.881,0.688,128.553,44.617,1
1785490630,988746582,99.452,0.634,100.066,38.154,1
1785490631,55385254,99.662,0.671,100.315,66.885,1
1785490631,122077148,99.191,0.665,99.841,66.217,1
1785490631,222183838,93.309,0.763,93.961,94.231,1
1785490631,288923096,95.588,0.643,96.222,68.99,1
1785490631,355663574,96.191,0.91,97.086,67.611,1
1785490631,422405029,93.176,0.769,93.929,63.587,1
1785490631,489147705,94.447,0.605,95.036,67.852,1
1785490631,555891357,94.323,0.547,94.852,66.56,1
1785490631,622636230,112.28,1.225,113.474,85.357,1
1785490631,656009033,135.495,0.813,136.29,56.194,1
1785490631,722755615,130.653,0.637,131.274,61.734,1
1785490631,789503418,105.536,2.405,107.778,43.23,1
1785490631,856252197,99.548,0.706,100.239,59.23,1
1785490631,923002197,98.744,0.673,99.404,65.912,1
1785490631,989753174,94.802,0.556,95.342,62.694,1
1785490632,56505371,92.929,0.547,93.457,64.868,1
1785490632,123210693,92.723,0.596,93.301,66.55,1
1785490632,189877441,92.526,0.543,93.053,66.418,1
1785490632,256543213,91.906,0.555,92.441,66.055,1
1785490632,356540527,94.209,0.563,94.755,102.311,1
1785490632,423204102,94.142,0.555,94.679,66.586,1
1785490632,456535645,117.112,0.932,118.037,56.678,1
1785490632,489867188,141.401,0.545,141.927,57.235,1
1785490632,556529053,124.867,0.866,125.721,50.448,1
1785490632,623190430,130.031,0.762,130.95,71.72,1
1785490632,689850830,128.873,0.662,129.521,65.406,1
1785490632,756510254,132.073,1.139,133.193,70.331,1
1785490632,823168945,107.054,0.647,107.682,41.151,1
1785490632,856498047,131.859,0.835,132.676,58.317,1
1785490632,923155518,124.458,0.646,125.086,59.074,1
1785490632,956483887,130.615,0.706,131.304,39.546,1
1785490633,23139893,109.732,0.654,110.372,45.722,1
1785490633,89796631,104.067,0.953,105.006,61.283,1
1785490633,156467773,97.839,0.893,98.516,60.189,1
1785490633,256473145,94.889,0.552,95.425,96.916,1
1785490633,323142334,98.064,0.574,98.621,69.865,1
1785490633,389810791,95.053,0.571,95.606,63.654,1
1785490633,456478516,93.255,0.577,93.814,64.875,1
1785490633,489812012,124.064,0.645,124.619,64.138,1
1785490633,556478516,113.675,0.726,114.37,56.416,1
1785490633,589811523,123.66,0.573,124.215,43.18,1
1785490633,623144043,145.589,0.657,146.229,55.345,1
1785490633,689809082,156.49,0.595,157.065,77.502,1
1785490633,756473145,143.031,0.609,143.623,53.219,1
1785490633,823136475,127.534,0.56,128.077,51.121,1
1785490633,889799072,111.847,0.702,112.529,51.113,1
1785490633,923130127,130.416,0.551,130.948,51.753,1
1785490633,989791504,107.646,0.655,108.285,43.991,1
1785490634,56451904,99.067,0.563,99.61,57.991,1
1785490634,123184082,102.348,0.611,102.958,70.061,1
1785490634,189970459,104.422,0.729,105.129,68.973,1
1785490634,256759033,100.18,0.579,100.738,62.401,1
1785490634,323549316,103.362,0.594,103.938,69.989,1
1785490634,390341309,99.501,0.552,100.034,62.892,1
1785490634,457135254,100.731,0.731,101.446,68.2,1
1785490634,490532959,124.65,0.548,125.177,57.134,1
1785490634,557329590,116.43,0.625,117.039,58.653,1
1785490634,590728760,133.457,0.81,134.192,50.548,1
1785490634,657528076,140.648,0.717,141.328,73.94,1
1785490634,690928467,140.967,1.101,142.061,34.122,1
1785490634,757730713,125.745,0.552,126.275,51.033,1
1785490634,824534912,106.32,0.694,106.996,47.524,1
1785490634,857937500,130.53,0.56,131.074,57.479,1
1785490634,891340820,134.97,0.561,135.514,37.845,1
1785490634,991553223,99.188,0.682,99.851,64.546,1
1785490635,58363770,97.493,0.873,98.35,65.313,1
1785490635,158440186,97.188,0.761,97.931,99.657,1
1785490635,225121338,94.483,0.609,95.074,63.825,1
1785490635,291801758,94.262,0.549,94.792,66.4,1
1785490635,358481934,103.198,1.495,104.699,76.557,1
1785490635,425161377,94.957,0.608,95.549,57.558,1
1785490635,491840088,93.423,0.635,94.059,65.171,1
1785490635,558518311,92.543,0.546,93.07,65.707,1
1785490635,625196045,96.921,0.58,97.482,71.088,1
1785490635,691873047,99.083,0.852,99.825,69.015,1
1785490635,725211182,117.947,1.096,119.021,52.531,1
1785490635,758549561,127.586,0.831,128.4,42.718,1
1785490635,825225342,105.426,1.038,106.46,44.724,1
1785490635,891900635,99.151,0.68,99.76,59.992,1
1785490635,958575439,93.41,0.558,93.95,60.868,1
1785490636,25249512,96.386,0.832,97.201,69.923,1
1785490636,91938232,92.373,0.71,93.012,62.502,1
1785490636,158774414,92.509,0.608,93.126,66.922,1
1785490636,259031494,95.884,0.729,96.571,103.73,1
1785490636,325871338,94.601,0.631,95.216,65.485,1
1785490636,392712402,94.878,1.234,96.098,67.719,1
1785490636,459554932,92.512,0.543,93.037,63.788,1
1785490636,526398682,99.228,0.641,99.851,73.656,1
1785490636,593243896,97.518,0.982,98.488,65.474,1
1785490636,660090576,140.653,0.706,141.341,109.708,1
1785490636,693514404,157.857,0.625,158.465,50.548,1
1785490636,793788086,109.787,0.709,110.482,52.283,1
1785490636,827213379,123.355,0.544,123.881,46.833,1
1785490636,894064697,109.671,0.65,110.3,53.268,1
1785490636,960917725,94.98,0.54,95.503,52.059,1
1785490637,27771973,93.139,0.561,93.681,65.032,1
1785490637,94607666,91.232,0.569,91.785,64.939,1
1785490637,161274658,97.327,0.719,98.032,72.907,1
1785490637,227940918,93.025,0.558,93.565,62.207,1
1785490637,294606201,94.867,0.604,95.454,68.554,1
1785490637,361270752,96.997,5.687,102.706,73.874,1
1785490637,427934326,93.281,0.552,93.814,57.815,1
1785490637,494596924,89.055,0.555,89.593,62.441,1
1785490637,561258789,96.972,0.553,97.506,74.575,1
1785490637,594589600,119.998,0.588,120.569,56.391,1
1785490637,627919922,143.381,0.652,144.023,56.777,1
1785490637,694580078,128.756,0.711,129.337,51.983,1
1785490637,761239258,132.636,0.589,133.21,70.53,1
1785490637,827897705,123.892,0.63,124.507,57.957,1
1785490637,894555420,103.311,0.898,104.197,46.338,1
1785490637,927883789,129.078,0.576,129.633,58.776,1
1785490637,994540039,103.238,0.791,104.004,41.025,1
1785490638,61195557,98.39,0.831,99.204,61.853,1
1785490638,128002197,96.234,0.563,96.778,64.386,1
1785490638,194907471,102.512,2.983,105.49,75.598,1
1785490638,261815918,93.962,0.587,94.532,55.969,1
1785490638,328727783,95.483,0.61,96.076,68.455,1
1785490638,429101807,93.865,0.765,94.611,98.903,1
1785490638,462561279,108.412,0.763,109.16,48.004,1
1785490638,529483154,97.65,1.549,99.227,56.946,1
1785490638,596408203,92.481,0.695,93.14,60.894,1
1785490638,696802002,99.013,0.839,99.83,107.08,1
1785490638,763735352,90.655,0.724,91.359,58.464,1
1785490638,830671875,89.378,0.546,89.904,65.484,1
1785490638,897611816,93.608,0.628,94.218,71.253,1
1785490638,964555176,91.49,0.696,92.152,64.876,1
1785490639,31501709,89.246,0.563,89.792,64.588,1
1785490639,98424072,87.231,0.617,87.831,64.96,1
1785490639,165242920,88.281,0.612,88.996,67.862,1
1785490639,265473145,88.165,0.663,88.805,100.161,1
1785490639,332294678,87.323,0.62,87.926,65.944,1
1785490639,399117432,92.245,0.859,93.083,71.977,1
1785490639,465941162,88.949,0.578,89.507,63.251,1
1785490639,532765869,87.89,0.628,88.498,65.815,1
1785490639,599591797,86.56,0.545,87.084,65.413,1
1785490639,666418701,98.567,1.549,101.055,79.825,1
1785490639,699832764,126.036,0.633,126.652,59.981,1
1785490639,800076172,90.798,0.831,91.372,64.965,1
1785490639,866906250,90.341,0.622,90.944,66.401,1
1785490639,933737793,105.664,2.304,107.96,83.829,1
1785490639,967153809,119.608,0.642,120.238,45.706,1
1785490640,33986816,99.119,0.978,100.077,46.667,1
1785490640,67403809,123.675,0.641,124.296,57.649,1
1785490640,134221924,112.633,0.704,113.317,55.836,1
1785490640,167624023,118.495,0.558,119.033,39.12,1
1785490640,234429199,106.84,0.621,107.443,55.214,1
1785490640,267832031,125.016,0.694,125.695,51.653,1
1785490640,334638672,127.063,0.748,127.795,68.905,1
1785490640,401445801,126.132,0.994,127.13,66.121,1
1785490640,434849854,120.921,0.572,121.475,27.774,1
1785490640,535062744,86.626,0.626,87.237,65.972,1
1785490640,601872559,84.72,0.56,85.262,64.838,1
1785490640,668683105,92.137,4.326,96.486,77.991,1
1785490640,735494385,95.288,0.804,96.084,66.436,1
1785490640,768900391,125.732,0.784,126.45,63.785,1
1785490640,835713135,107.115,0.773,107.869,48.229,1
1785490640,869119629,119.293,0.546,119.855,45.366,1
1785490640,902526611,157.035,0.628,157.645,71.23,1
1785490641,2748291,103.126,1.133,104.243,46.807,1
1785490641,36155762,118.574,0.577,119.134,48.31,1
1785490641,102970947,93.729,0.732,94.442,42.121,1
1785490641,169689209,105.293,0.568,105.843,78.123,1
1785490641,203048584,115.77,0.559,116.313,43.827,1
1785490641,269768066,101.942,0.59,102.511,52.919,1
1785490641,303128174,126.391,0.641,127.035,57.856,1
1785490641,369848877,123.309,0.574,123.854,63.567,1
1785490641,436570313,120.183,1.845,122.017,64.877,1
1785490641,503292480,118.519,0.586,119.089,63.799,1
1785490641,570015381,109.432,1.147,110.556,58.186,1
1785490641,603377197,138.836,0.678,139.499,62.301,1
1785490641,670101318,129.73,0.896,130.62,57.84,1
1785490641,703463623,155.034,0.731,155.745,58.496,1
1785490641,803551758,102.44,0.833,103.256,47.599,1
1785490641,870278320,103.395,0.607,103.982,67.459,1
1785490641,970369385,90.377,0.564,90.924,87.034,1
1785490642,3733643,111.116,0.575,111.673,54.112,1
1785490642,37097900,121.486,0.667,122.137,43.828,1
1785490642,137151367,87.593,0.575,88.151,66.067,1
1785490642,203798096,86.507,0.747,87.237,65.732,1
1785490642,270443848,85.688,0.65,86.319,65.728,1
1785490642,337088379,84.957,0.657,85.594,65.919,1
1785490642,403731689,90.701,0.741,91.425,72.47,1
1785490642,470373779,86.46,0.818,87.263,62.481,1
1785490642,537014648,85.52,0.561,86.063,65.445,1
1785490642,603654541,85.114,0.679,85.775,66.352,1
1785490642,670292969,100.672,0.735,101.389,82.251,1
1785490642,703611816,160.936,0.734,161.654,93.58,1
1785490642,803566406,110.365,0.864,111.217,49.515,1
1785490642,836884033,129.857,2.408,132.246,54.334,1
1785490642,970151855,85.045,0.608,85.635,86.677,1
1785490643,36783691,86.372,0.604,86.957,67.954,1
1785490643,103416016,86.451,0.588,87.021,66.696,1
1785490643,170076416,90.81,0.665,91.458,71.097,1
1785490643,236735840,87.003,0.584,87.57,62.771,1
1785490643,303394531,88.429,0.63,89.042,68.13,1
1785490643,370052246,89.595,0.683,90.262,67.878,1
1785490643,436709229,87.25,0.566,87.795,64.192,1
1785490643,503365479,86.62,2.122,88.726,67.582,1
1785490643,570020508,87.34,0.559,87.88,65.814,1
1785490643,603347900,105.058,0.553,105.594,51.041,1
1785490643,636675049,144.938,0.807,145.73,73.455,1
1785490643,703328613,130.895,0.601,131.477,52.407,1
1785490643,769981201,119.096,0.73,119.801,54.973,1
1785490643,836633057,111.901,0.798,112.678,59.532,1
1785490643,869958740,127.684,0.727,128.392,49.041,1
1785490643,936609131,107.358,0.726,108.068,46.319,1
1785490643,969934082,123.657,1.044,124.688,49.944,1
1785490644,36583496,111.069,1.036,112.091,54.052,1
1785490644,69907715,130.447,2.331,132.758,53.998,1
1785490644,136637451,123.474,0.745,124.202,58.174,1
1785490644,203447021,109.058,0.714,109.756,52.365,1
1785490644,236852051,135.073,0.87,135.904,59.552,1
1785490644,303663086,94.876,0.642,95.495,26.403,1
1785490644,370475098,86.139,0.632,86.754,58.072,1
1785490644,437287842,90.76,0.52,91.262,71.322,1
1785490644,504101563,89.709,0.707,90.399,65.95,1
1785490644,570916260,85.723,0.573,86.277,62.692,1
1785490644,637731689,89.773,0.567,90.322,70.861,1
1785490644,671139893,124.3,0.807,125.091,68.174,1
1785490644,704548096,145.753,0.859,146.6,54.912,1
1785490644,771365479,129.236,0.72,129.937,50.16,1
1785490644,838183838,116.788,0.715,117.485,54.367,1
1785490644,905002930,107.026,0.683,107.698,57.014,1
1785490644,938412842,120.651,0.634,121.267,46.999,1
1785490645,5233398,97.148,0.628,97.758,43.312,1
1785490645,72054688,91.071,0.7,91.755,60.815,1
1785490645,138783447,86.687,0.539,87.209,62.188,1
1785490645,205419678,86.822,0.659,87.457,66.882,1
1785490645,272054443,86.652,0.69,87.27,66.449,1
1785490645,338687988,86.111,0.646,86.741,66.104,1
1785490645,405320313,93.067,0.855,93.911,73.789,1
1785490645,471950928,89.622,0.731,90.341,63.067,1
1785490645,538580322,86.623,0.679,87.286,63.579,1
1785490645,605208496,85.776,0.746,86.472,65.817,1
1785490645,671834961,96.088,0.656,96.682,76.833,1
1785490645,738460449,102.281,0.847,103.107,73.053,1
1785490645,838395752,85.259,0.558,85.799,82.628,1
1785490645,905017578,93.6,0.911,94.491,75.307,1
1785490645,938328125,112.627,0.701,113.31,52.135,1
1785490645,971638184,122.168,0.602,122.751,42.751,1
1785490646,38257324,95.72,0.881,96.58,40.446,1
1785490646,104876465,88.733,0.612,89.328,59.369,1
1785490646,171637695,86.959,0.615,87.558,64.991,1
1785490646,238427734,88.471,0.775,89.228,68.461,1
1785490646,305218506,86.861,0.562,87.406,64.969,1
1785490646,372009766,87.084,0.561,87.626,67.012,1
1785490646,472197998,86.042,0.617,86.641,99.201,1
1785490646,538990723,85.167,0.598,85.744,65.898,1
1785490646,605783936,88.194,1.695,89.895,70.914,1
1785490646,672577881,104.048,1.258,105.328,82.21,1
1785490646,705975098,117.938,0.798,118.683,46.797,1
1785490646,739372559,125.133,0.733,125.848,40.563,1
1785490646,806167480,121.706,0.649,122.337,63.285,1
1785490646,872963135,94.912,0.619,95.508,39.965,1
1785490646,939759521,100.515,1.202,101.731,72.979,1
1785490647,6556396,89.832,0.769,90.584,55.682,1
1785490647,73353760,86.476,0.691,87.148,63.37,1
1785490647,140150879,84.603,0.799,85.385,65.034,1
1785490647,206770508,87.727,0.702,88.414,69.647,1
1785490647,273388672,85.224,0.728,85.936,64.141,1
1785490647,340004883,91.008,0.923,91.926,72.589,1
1785490647,406619385,89.317,1.847,91.131,65.822,1
1785490647,473232422,84.988,0.599,85.57,61.068,1
1785490647,539843750,84.927,0.638,85.544,66.586,1
1785490647,606453125,84.472,0.686,85.138,66.203,1
1785490647,673061035,119.482,1.022,120.483,101.947,1
1785490647,706364502,133.844,0.787,134.587,47.34,1
1785490647,739667480,169.575,0.817,170.374,69.161,1
1785490647,839573486,110.666,0.6,111.244,40.778,1
1785490647,872874756,119.694,0.612,120.288,42.346,1
1785490647,972775879,92.054,1.066,93.106,72.709,1
1785490648,6075439,104.58,0.645,105.202,45.405,1
1785490648,72673340,96.629,0.553,97.164,58.56,1
1785490648,139270996,92.01,0.538,92.528,61.963,1
1785490648,205891602,94.221,0.822,95.019,69.107,1
1785490648,272510254,96.188,0.805,96.987,68.569,1
1785490648,305819092,121.434,0.565,121.979,58.322,1
1785490648,372435303,101.685,0.914,102.621,47.209,1
1785490648,405742920,131.223,0.775,131.981,62.717,1
1785490648,472356689,110.465,2.046,112.521,47.124,1
1785490648,505663086,121.142,0.581,121.706,42.521,1
1785490648,572274414,108.12,1.069,109.172,54.072,1
1785490648,605579346,123.526,0.554,124.06,48.2,1
1785490648,672188232,120.893,0.689,121.562,64.1,1
1785490648,705491943,152.282,0.757,153.021,64.766,1
1785490648,772098145,149.552,0.675,150.206,63.796,1
1785490648,838702881,144.908,0.788,145.68,62.076,1
1785490648,905305908,122.121,0.729,122.676,43.604,1
1785490648,971907227,110.125,1.904,112.033,55.918,1
1785490649,5207031,124.787,0.647,125.418,46.724,1
1785490649,105104736,88.921,0.618,89.454,63.934,1
1785490649,171794922,90.065,0.563,90.612,67.846,1
1785490649,238576416,89.676,0.532,90.188,66.361,1
1785490649,305358154,89.806,0.54,90.329,66.921,1
1785490649,372140381,89.463,0.56,90.007,66.46,1
1785490649,438923096,91.574,0.569,92.127,68.902,1
1785490649,505706055,87.818,0.622,88.424,63.08,1
1785490649,572489502,88.087,0.638,88.708,67.068,1
1785490649,639273438,91.052,0.547,91.581,69.658,1
1785490649,706057617,106.312,0.815,107.109,82.308,1
1785490649,739449951,130.469,0.756,131.203,57.482,1
1785490649,806234863,114.865,0.591,115.436,51.027,1
1785490649,839627441,120.68,0.597,121.261,39.216,1
1785490649,939805908,89.711,0.759,90.455,69.369,1
1785490650,6592285,92.5,0.995,93.482,69.809,1
1785490650,39985352,120.939,0.665,121.582,61.503,1
1785490650,106772217,109.211,0.901,110.086,55.283,1
1785490650,140165039,120.271,0.583,120.835,44.148,1
1785490650,206787598,94.786,1.19,95.968,41.736,1
1785490650,273408936,90.798,0.661,91.443,62.112,1
1785490650,340028809,87.814,0.733,88.53,63.711,1
1785490650,406646973,104.688,0.94,105.632,83.692,1
1785490650,439955566,109.466,0.613,111.292,37.763,1
1785490650,506571777,95.952,0.622,96.634,53.113,1
1785490650,573186279,89.36,0.558,89.902,59.962,1
1785490650,639799561,92.119,0.688,92.79,69.5,1
1785490650,706411133,129.461,0.659,130.1,103.921,1
1785490650,773021240,122.198,0.626,122.81,59.318,1
1785490650,839630127,109.486,0.69,110.162,53.958,1
1785490650,872933838,126.229,0.593,126.792,49.941,1
1785490650,939540283,108.357,0.739,109.078,48.888,1
1785490650,972843018,124.762,0.684,125.431,49.649,1
1785490651,39447266,105.296,0.838,106.124,47.289,1
1785490651,72749023,126.145,0.776,126.904,54.1,1
1785490651,139352295,104.615,0.74,105.335,45.034,1
1785490651,172733154,112.183,0.784,112.952,40.991,1
1785490651,239494873,100.583,0.795,101.363,55.172,1
1785490651,306256592,91.343,0.544,91.884,57.277,1
1785490651,373018311,90.942,0.604,91.529,66.418,1
1785490651,439780518,90.312,0.557,90.852,66.088,1
1785490651,506542480,90.986,0.552,91.519,67.429,1
1785490651,573304688,88.134,0.557,88.672,63.915,1
1785490651,640066895,94.241,0.635,94.859,72.948,1
1785490651,706829346,97.159,0.661,97.799,69.7,1
1785490651,740210449,134.935,0.613,135.51,71.094,1
1785490651,806972900,124.467,0.549,124.999,56.253,1
1785490651,873735596,106.832,0.729,107.543,49.305,1
1785490651,907116943,140.194,0.648,140.825,66.661,1
1785490651,973879639,126.983,0.649,127.61,53.549,1
1785490652,40642334,112.233,0.787,112.92,52.069,1
1785490652,74023926,125.914,0.568,126.465,46.933,1
1785490652,140786133,113.565,0.763,114.313,54.608,1
1785490652,174126953,136.685,0.706,137.517,56.396,1
1785490652,240808838,110.903,0.57,111.455,40.77,1
1785490652,274149658,132.163,0.64,132.784,54.667,1
1785490652,340831787,111.168,0.568,111.717,45.619,1
1785490652,407513916,99.251,0.618,99.85,54.815,1
1785490652,474196289,91.988,0.552,92.521,59.354,1
1785490652,540878662,87.79,0.704,88.48,62.636,1
1785490652,607561279,87.615,0.811,88.303,66.509,1
1785490652,674244141,110.043,0.684,110.713,89.087,1
1785490652,707585449,138.516,0.879,139.372,62.003,1
1785490652,774268555,125.125,0.873,125.987,53.291,1
1785490652,840951660,114.182,1.33,115.509,56.197,1
1785490652,874293457,147.104,0.841,147.926,65.775,1
1785490652,940976807,130.194,0.618,130.793,49.552,1
1785490653,7660400,109.336,1.249,110.592,46.451,1
1785490653,41002197,124.411,0.638,125.033,47.811,1
1785490653,107686035,114.173,0.881,115.074,56.687,1
1785490653,174333984,116.492,0.847,117.276,68.883,1
1785490653,207639160,113.436,0.563,113.981,30.021,1
1785490653,274248291,112.584,0.808,113.367,65.992,1
1785490653,307552246,133.299,0.757,134.029,53.969,1
1785490653,374158447,96.573,0.695,97.252,29.825,1
1785490653,440763184,96.645,0.648,97.273,66.632,1
1785490653,507365723,92.223,0.55,92.756,62.085,1
1785490653,573966553,89.749,0.572,90.299,64.145,1
1785490653,640565674,93.013,0.568,93.571,69.858,1
1785490653,673864502,132.494,0.769,133.246,72.98,1
1785490653,707162842,156.051,0.688,156.603,56.66,1
1785490653,807055176,101.643,0.769,102.394,45.678,1
1785490653,840351807,127.106,0.643,127.733,58.635,1
1785490653,906943604,114.909,0.962,115.855,54.713,1
1785490653,940238770,134.306,0.68,134.966,52.41,1
1785490654,6827637,108.046,0.669,108.697,40.318,1
1785490654,73414795,108.483,2.154,110.643,68.506,1
1785490654,106707764,128.719,0.549,129.251,51.933,1
1785490654,173347412,121.084,0.619,121.69,59.073,1
1785490654,206775146,136.983,0.807,137.772,49.511,1
1785490654,273632324,117.167,0.648,117.799,46.887,1
1785490654,307061768,140.135,0.999,141.123,56.737,1
1785490654,373922363,134.631,1.137,135.754,61.486,1
1785490654,440785645,126.93,0.741,127.658,58.783,1
1785490654,507651367,114.012,0.574,114.569,53.782,1
1785490654,541085205,122.45,0.553,122.984,41.851,1
1785490654,607954590,103.949,0.663,104.592,48.474,1
1785490654,641390137,125.707,1.601,127.325,56.127,1
1785490654,708263184,135.095,1.211,136.278,75.857,1
1785490654,775138672,123.922,0.702,124.597,55.203,1
1785490654,842016602,103.447,0.666,104.1,46.377,1
1785490654,875456299,125.324,0.574,125.88,55.229,1
1785490654,942337891,114.685,0.782,115.447,56.446,1
1785490654,975779785,135.06,0.677,135.721,53.711,1
1785490655,42665039,104.929,0.67,105.58,36.746,1
1785490655,76108643,121.453,0.641,122.076,49.945,1
1785490655,142997559,110.343,0.683,111.008,55.818,1
1785490655,176440674,130.881,0.616,131.474,53.912,1
1785490655,243134033,105.682,0.93,106.598,41.809,1
1785490655,276480957,122.817,0.69,123.489,50.246,1
1785490655,343174805,102.072,2.119,104.178,47.376,1
1785490655,443216309,105.119,0.57,105.695,101.541,1
1785490655,476563721,116.24,1.145,117.288,44.954,1
1785490655,543258789,92.77,0.876,93.657,43.038,1
1785490655,609954102,89.14,1.716,90.834,63.907,1
1785490655,676649902,97.429,0.64,98.046,73.909,1
1785490655,743345947,100.87,0.69,101.587,70.188,1
1785490655,810042480,91.561,0.814,92.352,57.51,1
1785490655,876739258,87.654,0.584,88.222,62.57,1
1785490655,943436523,90.357,0.654,90.998,69.469,1
1785490656,10134033,90.801,0.591,91.374,67.08,1
1785490656,76832031,90.715,0.778,91.474,66.791,1
1785490656,143530273,90.495,0.605,91.073,66.3,1
1785490656,210311035,92.251,0.649,92.886,68.594,1
1785490656,277175781,93.861,0.763,94.606,68.586,1
1785490656,344042969,89.42,0.603,90.002,62.265,1
1785490656,410913086,91.406,0.607,91.993,68.859,1
1785490656,477785645,89.934,0.574,90.487,65.368,1
1785490656,544660889,89.801,0.548,90.329,66.718,1
1785490656,611538574,97.032,0.64,97.654,74.199,1
1785490656,678418945,96.316,0.673,96.971,66.195,1
1785490656,711860107,132.758,0.643,133.385,69.856,1
1785490656,778744629,122.222,0.922,123.133,56.622,1
1785490656,845631592,119.246,1.045,120.284,64.032,1
1785490656,912521240,119.813,0.763,120.559,67.178,1
1785490656,979413574,116.358,0.769,117.113,63.446,1
1785490657,12860596,129.006,0.592,129.579,45.919,1
1785490657,79756836,106.464,0.656,107.102,44.415,1
1785490657,146655518,90.435,0.702,91.122,50.921,1
1785490657,180104004,108.295,0.652,108.926,51.251,1
1785490657,246728271,99.867,0.651,100.501,58.203,1
1785490657,280039795,113.291,0.664,113.944,46.748,1
1785490657,313351074,132.022,0.772,132.8,52.14,1
1785490657,379972168,114.304,0.777,115.057,48.912,1
1785490657,413282227,143.269,0.88,144.13,62.379,1
1785490657,479900879,125.235,0.636,125.844,48.337,1
1785490657,546518066,102.366,0.937,103.287,44.056,1
1785490657,613133789,102.283,0.658,102.924,66.252,1
1785490657,679747803,92.122,0.844,92.952,56.637,1
1785490657,746360107,106.916,0.691,107.581,81.248,1
1785490657,779665771,130.113,0.703,130.797,56.523,1
1785490657,846275879,120.57,0.677,121.227,57.038,1
1785490657,912884277,111.313,0.784,112.081,57.46,1
1785490657,946187988,131.203,0.575,131.759,52.988,1
1785490658,12794189,119.399,0.567,119.945,54.794,1
1785490658,79398682,96.284,0.62,96.882,43.54,1
1785490658,146001465,89.742,0.632,90.356,60.078,1
1785490658,212615723,102.967,1.106,104.063,80.306,1
1785490658,245927002,127.368,0.804,128.157,57.414,1
1785490658,312548828,105.032,0.667,105.678,44.146,1
1785490658,345858887,121.572,0.796,122.352,49.98,1
1785490658,412478271,107.024,1.071,108.08,52.339,1
1785490658,445787109,121.885,0.69,122.557,47.797,1
1785490658,512404053,102.799,0.981,103.787,47.822,1
1785490658,545711670,120.205,0.641,120.828,50.378,1
1785490658,612326172,99.437,0.556,99.975,45.763,1
1785490658,678938965,121.463,0.954,122.406,89.035,1
1785490658,712244629,144.906,0.654,145.544,56.448,1
1785490658,778854980,125.042,0.685,125.708,46.776,1
1785490658,845463867,97.923,0.897,98.811,39.702,1
1785490658,878767578,124.929,0.58,125.491,59.993,1
1785490658,945373779,100.513,0.644,101.139,42.255,1
1785490659,11978516,97.659,0.643,98.283,63.747,1
1785490659,78581543,90.922,0.644,91.548,59.869,1
1785490659,145182861,93.764,0.718,94.468,69.517,1
1785490659,211823975,106.71,1.2,107.888,80.062,1
1785490659,245218262,124.295,1.041,125.321,50.829,1
1785490659,345402344,93.605,0.646,94.229,69.092,1
1785490659,412192139,92.788,0.728,93.499,66.061,1
1785490659,478982666,90.274,1.191,91.476,64.74,1
1785490659,545773438,89.007,0.583,89.572,64.915,1
1785490659,612564941,88.825,0.55,89.356,66.577,1
1785490659,679356934,103.764,0.633,104.379,81.813,1
1785490659,712752930,128.085,0.579,128.644,57.662,1
1785490659,779545654,113.836,0.877,114.696,52.842,1
1785490659,812942383,126.805,0.579,127.365,46.069,1
1785490659,879735840,101.09,0.573,101.646,41.074,1
1785490659,946529785,102.93,1.004,103.922,69.057,1
1785490660,13324219,93.548,0.761,94.298,57.178,1
1785490660,80119141,89.463,0.847,90.294,62.794,1
1785490660,146914795,87.697,1.072,88.755,65.254,1
1785490660,213728271,95.112,0.899,96.007,74.054,1
1785490660,247075684,123.081,0.673,123.738,61.094,1
1785490660,280423340,128.774,0.812,129.565,39.173,1
1785490660,347118652,113.365,0.948,114.3,51.426,1
1785490660,380466309,136.08,2.146,138.233,57.249,1
1785490660,447162354,124.875,1.157,126.023,54.502,1
1785490660,513858643,104.665,0.806,105.459,46.147,1
1785490660,547207031,120.625,0.676,121.285,49.183,1
1785490660,613903809,96.732,0.828,97.532,42.937,1
1785490660,647252441,123.238,0.818,124.039,59.859,1
1785490660,713950195,126.066,1.599,127.65,70.303,1
1785490660,747299072,154.192,0.636,154.808,60.514,1
1785490660,847346436,107.394,0.741,108.113,53.353,1
1785490660,880695801,127.015,0.847,127.835,53.065,1
1785490660,947394775,104.884,0.637,105.509,44.372,1
1785490661,14094238,97.028,0.62,97.63,58.829,1
1785490661,80794189,92.38,0.895,93.264,62.327,1
1785490661,180844482,98.786,0.674,99.435,106.229,1
1785490661,214181396,121.71,0.576,122.266,56.168,1
1785490661,280964355,110.495,0.623,111.099,55.613,1
1785490661,314356201,124.364,0.679,125.027,47.318,1
1785490661,414531982,103.864,0.646,104.425,79.578,1
1785490661,447924072,127.837,0.746,128.573,57.531,1
1785490661,514708740,97.319,0.977,98.143,36.36,1
1785490661,548101318,124.397,0.751,125.129,60.383,1
1785490661,614886475,101.578,0.8,102.362,44.011,1
1785490661,681672119,98.332,0.758,99.075,63.5,1
1785490661,748458252,115.285,0.581,115.846,83.565,1
1785490661,781851563,134.107,0.589,135.062,52.219,1
1785490661,848638428,101.522,0.992,102.355,34.464,1
1785490661,915425537,102.251,0.596,102.83,67.267,1
1785490661,982213135,103.442,0.734,104.155,68.108,1
1785490662,15607178,121.145,0.784,121.911,51.153,1
1785490662,82395508,94.5,0.768,95.231,40.105,1
1785490662,149184326,92.846,0.738,93.569,65.129,1
1785490662,215988281,95.576,0.58,96.143,69.376,1
1785490662,282681641,97.351,0.768,98.099,68.649,1
1785490662,349375000,93.047,0.759,93.791,62.387,1
1785490662,416068848,91.827,0.968,92.639,65.544,1
1785490662,482763184,89.604,0.666,90.254,64.305,1
1785490662,549457764,88.903,0.789,89.672,66.113,1
1785490662,616152832,87.74,0.618,88.34,65.367,1
1785490662,682848145,99.1,0.769,99.852,78.202,1
1785490662,716195801,126.76,0.599,127.337,60.837,1
1785490662,782891846,127.338,0.655,127.976,67.335,1
1785490662,849587891,113.344,0.977,114.31,53.018,1
1785490662,882936279,129.461,0.871,130.315,49.363,1
1785490662,949633057,121.816,0.735,122.534,58.918,1
1785490662,982981445,127.654,0.725,128.366,39.177,1
1785490663,83027588,92.53,0.547,93.06,64.745,1
1785490663,149725342,89.397,1.017,90.42,64.033,1
1785490663,216434814,102.719,0.949,103.63,79.936,1
1785490663,249746094,134.646,1.022,135.654,65.333,1
1785490663,316367432,108.128,0.95,109.058,40.03,1
1785490663,349677490,126.11,0.692,126.785,51.041,1
1785490663,416296631,111.206,0.956,112.146,51.975,1
1785490663,449605469,125.372,0.682,126.035,47.206,1
1785490663,516221924,99.063,0.646,99.687,40.266,1
1785490663,549529541,121.416,0.647,121.971,55.593,1
1785490663,616143555,97.829,0.655,98.465,43.106,1
1785490663,682756104,98.202,0.695,98.876,67.025,1
1785490663,749366943,96.67,0.657,97.312,65.047,1
1785490663,815976074,98.485,0.63,99.093,68.391,1
1785490663,882583496,91.08,0.834,91.895,59.403,1
1785490663,949189453,93.788,0.678,94.449,69.166,1
1785490664,15793701,89.927,0.638,90.477,62.633,1
1785490664,82396240,89.899,0.593,90.469,66.595,1
1785490664,148997314,90.555,2.037,92.574,68.704,1
1785490664,215596680,93.151,0.668,93.798,67.824,1
1785490664,282217773,90.238,0.825,91.034,63.855,1
1785490664,348837158,97.084,1.295,98.373,73.943,1
1785490664,382146240,126.896,0.806,127.807,62.633,1
1785490664,415455078,137.132,2.0,139.194,44.732,1
1785490664,482071289,122.565,0.867,123.417,50.921,1
1785490664,548685791,106.379,0.802,107.168,50.366,1
1785490664,581992432,130.657,0.708,131.349,57.491,1
1785490664,648604492,144.403,0.595,144.982,80.249,1
1785490664,715214844,125.234,0.562,125.778,47.408,1
1785490664,781823486,110.26,0.642,110.88,51.712,1
1785490664,815127441,127.141,0.79,127.922,50.332,1
1785490664,881733643,125.818,0.688,126.488,65.181,1
1785490664,915036133,141.051,0.635,141.673,48.486,1
1785490664,981639893,116.26,0.692,116.932,41.863,1
1785490665,14941162,121.241,0.616,121.84,38.215,1
1785490665,114842529,90.366,0.552,90.9,68.961,1
1785490665,181441406,91.213,0.594,91.789,67.487,1
1785490665,248099121,94.025,0.664,94.671,69.54,1
1785490665,314814697,92.532,0.717,93.232,65.277,1
1785490665,381531006,97.678,0.784,98.348,71.828,1
1785490665,414889648,118.607,4.89,123.498,58.49,1
1785490665,448248291,136.233,0.574,136.787,46.67,1
1785490665,514966309,105.711,0.679,106.371,36.296,1
1785490665,581684814,95.22,0.567,95.766,56.12,1
1785490665,648404297,95.633,0.669,96.282,67.235,1
1785490665,715124512,102.748,0.576,103.302,73.741,1
1785490665,748484863,125.133,0.57,125.682,55.74,1
1785490665,815206055,106.596,0.712,107.292,48.323,1
1785490665,848566895,128.668,0.64,129.291,55.363,1
1785490665,915289307,113.506,0.839,114.341,51.764,1
1785490665,982012451,94.769,0.618,95.37,47.766,1
1785490666,48736328,93.099,0.562,93.643,64.997,1
1785490666,115460938,91.082,0.544,91.607,64.689,1
1785490666,182186523,97.592,0.671,98.245,73.357,1
1785490666,248945557,95.982,0.68,96.643,65.162,1
1785490666,315739014,94.484,0.606,95.067,65.22,1
1785490666,382532959,90.795,0.55,91.323,63.049,1
1785490666,449327637,93.698,0.652,94.329,69.8,1
1785490666,516123047,94.139,0.621,94.67,67.138,1
1785490666,582918945,89.678,0.735,90.393,62.518,1
1785490666,649715332,95.016,0.788,95.784,72.184,1
1785490666,716512695,105.345,0.653,105.975,76.993,1
1785490666,749911377,125.259,0.696,125.928,53.348,1
1785490666,816709473,108.214,0.759,108.963,49.828,1
1785490666,850108887,124.432,0.633,125.043,49.486,1
1785490666,916907715,111.723,0.715,112.283,54.04,1
1785490666,983707520,103.487,0.724,104.195,58.705,1
1785490667,50507813,96.003,0.556,96.541,59.153,1
1785490667,117308594,88.662,0.561,89.204,59.463,1
1785490667,184110352,88.435,0.547,88.962,66.56,1
1785490667,250863525,92.969,0.713,93.661,71.45,1
1785490667,317570801,92.632,0.545,93.159,66.207,1
1785490667,384278564,90.15,0.671,90.804,64.351,1
1785490667,417632813,110.098,0.643,110.722,53.273,1
1785490667,484341309,93.655,0.551,94.185,50.173,1
1785490667,551050781,92.36,0.648,92.99,65.514,1
1785490667,617760742,92.701,1.28,93.964,67.683,1
1785490667,684471191,95.947,0.718,96.648,69.393,1
1785490667,751182129,118.004,0.711,118.695,88.759,1
1785490667,784537842,138.792,0.915,139.694,54.345,1
1785490667,851250000,124.35,0.617,124.949,51.978,1
1785490667,917962402,116.02,0.681,116.682,58.441,1
1785490667,951318848,134.138,0.747,134.867,51.544,1
1785490668,18032471,111.849,0.66,112.49,44.334,1
1785490668,51389404,130.942,0.685,131.608,52.478,1
1785490668,118103760,102.996,0.714,103.694,38.801,1
1785490668,184818604,99.128,0.777,99.885,62.903,1
1785490668,251496094,89.439,0.625,90.046,56.843,1
1785490668,318135254,106.372,0.756,107.113,83.699,1
1785490668,351454102,125.495,0.752,126.23,52.441,1
1785490668,418091064,102.004,0.618,102.601,43.008,1
1785490668,451408936,127.301,0.803,128.092,58.801,1
1785490668,518043945,110.448,1.281,111.741,50.261,1
1785490668,551361084,127.706,0.699,128.388,49.992,1
1785490668,617993896,111.636,0.659,112.276,50.521,1
1785490668,651310059,127.747,0.595,128.322,49.365,1
1785490668,717940918,133.698,0.683,134.365,72.673,1
1785490668,784570557,113.125,0.72,113.827,46.089,1
1785490668,817885010,135.421,0.824,136.232,55.713,1
1785490668,884512451,128.014,0.592,128.588,58.995,1
1785490668,951138916,123.692,0.658,124.327,62.365,1
1785490669,17763916,109.129,0.697,109.808,52.106,1
1785490669,51075928,133.372,0.76,134.113,57.613,1
1785490669,117698975,122.484,0.619,123.084,55.599,1
1785490669,151009766,129.856,0.686,130.456,40.683,1
1785490669,217631836,115.145,0.767,117.083,52.054,1
1785490669,250951172,129.254,0.91,130.161,47.572,1
1785490669,317588379,116.338,0.856,117.178,53.665,1
1785490669,350906738,129.71,0.792,130.483,46.632,1
1785490669,417541992,117.907,0.64,118.529,54.681,1
1785490669,450859131,140.406,3.049,143.435,58.221,1
1785490669,517492676,114.106,1.16,115.276,38.438,1
1785490669,550808838,123.465,0.544,123.993,42.072,1
1785490669,650755127,94.863,0.688,95.47,71.422,1
1785490669,717384521,117.184,0.769,117.927,89.088,1
1785490669,750698486,134.05,0.659,134.69,50.074,1
1785490669,817325684,116.624,0.701,117.304,49.239,1
1785490669,850638916,129.679,0.62,130.281,46.295,1
1785490669,917263916,110.899,0.974,111.867,48.2,1
1785490669,983887939,109.078,1.107,110.175,64.927,1
1785490670,17199219,135.171,0.897,136.069,59.199,1
1785490670,83821045,124.297,0.994,125.276,55.841,1
1785490670,150441406,104.688,0.65,105.322,46.675,1
1785490670,183750977,115.072,0.861,115.92,43.9,1
1785490670,250502686,104.061,0.841,104.891,55.721,1
1785490670,317387451,98.912,0.803,99.694,61.695,1
1785490670,350831055,119.99,0.719,120.69,54.437,1
1785490670,384275391,137.114,0.643,137.756,50.493,1
1785490670,451166016,122.321,3.173,125.524,54.636,1
1785490670,484612549,147.534,0.677,148.188,56.155,1
1785490670,551508057,129.824,1.066,130.883,49.581,1
1785490670,618406250,103.728,0.924,104.637,40.656,1
1785490670,718759277,106.175,1.218,107.397,103.091,1
1785490670,752211914,122.356,0.555,122.892,48.978,1
1785490670,819119141,105.516,0.705,106.204,50.212,1
1785490670,852573975,123.462,0.579,124.023,51.28,1
1785490670,919485840,104.925,0.679,105.585,48.473,1
1785490670,986400635,99.829,0.553,100.364,61.696,1
1785490671,53318359,94.741,0.547,95.27,61.823,1
1785490671,120239014,90.174,0.601,90.758,62.408,1
1785490671,187162842,92.115,0.683,92.781,68.947,1
1785490671,254020020,94.71,0.563,95.256,69.333,1
1785490671,320813965,96.87,0.712,97.563,69.099,1
1785490671,354211182,108.747,0.759,109.49,45.32,1
1785490671,387608398,132.551,0.652,133.122,57.033,1
1785490671,454403564,116.784,0.775,117.523,51.194,1
1785490671,487801514,136.516,0.553,137.05,52.929,1
1785490671,554597656,127.357,0.674,128.014,57.758,1
1785490671,621394287,123.131,0.632,123.742,62.527,1
1785490671,654792969,130.093,0.85,130.927,40.579,1
1785490671,721590820,132.166,0.731,132.877,68.749,1
1785490671,788389160,119.639,0.938,120.531,54.453,1
1785490671,855187988,104.866,0.776,105.629,51.889,1
1785490671,888587891,116.559,0.676,117.218,44.996,1
1785490671,921987793,131.932,0.704,132.619,48.803,1
1785490671,988787842,116.034,0.715,116.733,50.913,1
1785490672,22188232,143.383,1.19,144.563,61.209,1
1785490672,88989502,121.134,0.557,121.73,43.935,1
1785490672,155791260,96.315,0.775,97.071,42.195,1
1785490672,222592773,92.937,0.671,93.592,63.325,1
1785490672,289385498,111.869,0.693,112.545,85.745,1
1785490672,322819336,124.739,0.705,125.427,46.317,1
1785490672,389688965,122.273,0.631,122.885,64.327,1
1785490672,423124756,136.526,0.673,137.18,47.731,1
1785490672,489998291,120.265,0.552,120.801,50.495,1
1785490672,556874512,106.024,0.913,106.932,52.99,1
1785490672,590313721,125.715,0.807,126.507,53.027,1
1785490672,657194092,94.404,0.657,95.036,35.412,1
1785490672,724076904,117.585,0.71,118.283,90.124,1
1785490672,757519287,156.483,0.56,157.025,72.193,1
1785490672,857850586,104.81,0.789,105.583,48.884,1
1785490672,891295898,121.542,0.663,122.189,50.054,1
1785490672,958187988,100.906,0.71,101.602,46.303,1
1785490672,991635010,125.447,0.557,125.984,57.833,1
1785490673,58531250,106.01,0.686,106.674,47.583,1
1785490673,91980469,128.781,0.993,129.756,56.528,1
1785490673,158880615,123.743,0.571,124.297,61.446,1
1785490673,225783447,96.655,0.748,97.386,39.987,1
1785490673,292546387,93.974,0.822,94.778,64.157,1
1785490673,359170410,89.741,0.568,90.275,62.124,1
1785490673,425792725,95.669,1.504,97.197,73.502,1
1785490673,459103271,115.54,0.729,116.247,52.403,1
1785490673,492413574,149.369,0.699,150.051,67.113,1
1785490673,559032715,122.066,0.917,123.064,39.53,1
1785490673,625650146,98.834,0.636,99.454,43.109,1
1785490673,692266113,94.355,0.959,95.295,62.456,1
1785490673,758880615,102.613,0.578,103.173,74.496,1
1785490673,825493164,89.126,0.57,89.68,53.119,1
1785490673,892104492,86.962,0.541,87.485,64.418,1
1785490673,958713867,88.438,0.555,88.976,68.099,1
1785490674,25321777,87.203,0.589,87.774,65.406,1
1785490674,91928223,87.107,0.672,87.761,66.593,1
1785490674,158532959,88.535,0.719,89.237,68.081,1
1785490674,225135986,93.824,0.768,94.583,71.938,1
1785490674,258438477,109.956,1.598,111.57,50.263,1
1785490674,291799561,126.412,0.558,126.952,48.781,1
1785490674,358579834,113.179,0.615,113.775,53.603,1
1785490674,391969971,133.141,0.626,133.743,53.357,1
1785490674,458750732,123.495,2.63,126.163,59.148,1
1785490674,525531982,98.662,0.671,99.318,39.989,1
1785490674,558922607,124.2,0.689,124.871,58.946,1
1785490674,625704346,97.914,0.711,98.608,40.517,1
1785490674,692486328,112.267,0.625,112.874,81.047,1
1785490674,725877686,130.479,0.889,131.479,51.866,1
1785490674,792660156,126.292,3.023,129.299,64.732,1
1785490674,859443359,100.583,0.697,101.261,38.75,1
1785490674,926226807,96.645,0.808,97.433,62.952,1
1785490674,993010498,87.438,0.739,88.161,57.509,1
1785490675,59794678,87.403,0.56,87.944,66.572,1
1785490675,126579346,86.909,0.568,87.459,66.299,1
1785490675,193364258,85.627,0.625,86.235,65.561,1
1785490675,260149658,96.033,0.571,96.586,77.137,1
1785490675,293545166,107.664,0.652,108.297,45.101,1
1785490675,360243408,95.309,0.783,95.966,54.371,1
1785490675,393592529,100.365,1.259,101.606,38.982,1
1785490675,460291504,92.64,0.627,93.254,58.35,1
1785490675,526990967,91.586,0.702,92.269,65.719,1
1785490675,593690918,85.252,0.59,85.826,60.258,1
1785490675,660391602,88.693,0.8,89.476,70.344,1
1785490675,693741943,134.538,0.695,135.213,79.092,1
1785490675,760443115,118.213,0.683,118.883,50.367,1
1785490675,827144775,100.519,1.001,101.505,49.32,1
1785490675,860495850,124.953,0.693,125.644,57.482,1
1785490675,893846924,137.425,0.679,138.078,45.801,1
1785490675,960549561,120.634,0.597,121.159,49.786,1
1785490676,27252930,113.218,0.649,113.848,59.391,1
1785490676,60604736,125.019,0.728,125.731,45.235,1
1785490676,127308594,109.964,0.56,110.505,51.478,1
1785490676,160660645,139.351,0.748,140.076,62.919,1
1785490676,227365479,119.85,0.801,120.748,47.252,1
1785490676,294068848,104.346,0.602,104.925,51.007,1
1785490676,327457764,112.294,0.762,113.042,41.501,1
1785490676,394235596,89.218,0.622,89.823,43.565,1
1785490676,461013916,90.044,0.68,90.707,67.662,1
1785490676,561181885,89.212,0.596,89.791,99.253,1
1785490676,627960938,91.661,0.645,92.465,69.272,1
1785490676,661350586,112.226,0.949,113.252,54.256,1
1785490676,728130371,118.322,0.647,118.95,72.58,1
1785490676,761520264,138.232,2.21,140.429,54.859,1
1785490676,828300293,124.45,0.645,125.078,51.438,1
1785490676,895080811,115.786,0.752,116.519,58.223,1
1785490676,961861816,103.533,0.952,104.477,54.721,1
1785490676,995252441,127.32,0.799,128.101,57.029,1
1785490677,62033691,111.01,0.552,111.545,50.229,1
1785490677,95424561,125.539,0.902,126.329,48.168,1
1785490677,162206543,109.377,0.94,110.32,50.759,1
1785490677,195597656,119.722,0.628,120.251,43.344,1
1785490677,295771484,92.061,0.654,92.703,72.62,1
1785490677,362620850,91.033,0.741,91.756,65.907,1
1785490677,429472412,92.771,1.059,93.816,68.901,1
1785490677,462899170,111.488,0.77,112.24,51.857,1
1785490677,496326416,128.986,1.895,130.867,52.046,1
1785490677,563182861,120.151,0.804,120.927,56.925,1
1785490677,630041504,104.519,0.714,105.21,51.139,1
1785490677,663471924,119.777,0.941,120.739,48.925,1
1785490677,730334229,143.373,0.578,143.934,90.1,1
1785490677,797198975,144.399,0.699,145.083,68.008,1
1785490677,864066162,139.143,0.78,139.911,61.692,1
1785490677,930935547,118.651,0.787,119.424,46.388,1
1785490677,997807617,112.876,0.743,113.6,61.046,1
1785490678,31244385,127.524,0.651,128.159,48.001,1
1785490678,98119873,115.741,0.584,116.305,55.022,1
1785490678,164997803,89.041,0.626,89.636,40.208,1
1785490678,231878174,86.575,0.619,87.177,64.422,1
1785490678,298759277,88.065,0.664,88.712,68.414,1
1785490678,365521240,93.729,0.72,94.431,72.479,1
1785490678,398902100,110.038,1.485,111.505,50.452,1
1785490678,432283203,113.822,0.615,114.419,36.302,1
1785490678,532426270,81.376,0.622,81.98,67.704,1
1785490678,599188477,83.362,0.586,83.93,68.713,1
1785490678,665950928,86.938,0.805,87.728,70.556,1
1785490678,732713379,90.978,0.698,91.731,70.696,1
1785490678,766094482,106.655,1.387,108.021,49.742,1
1785490678,799475830,125.25,0.764,125.995,51.356,1
1785490678,866238281,118.83,3.435,122.252,63.018,1
1785490678,933000977,91.298,1.17,92.456,36.961,1
1785490678,966382324,117.532,1.197,118.692,59.614,1
1785490679,33145264,98.37,0.993,99.341,47.415,1
1785490679,66526611,122.013,0.748,122.746,56.793,1
1785490679,99908203,126.366,0.819,127.168,37.803,1
1785490679,200052490,90.639,0.974,91.593,64.569,1
1785490679,266815674,91.134,0.993,91.871,67.043,1
1785490679,333571045,103.728,0.829,104.458,79.343,1
1785490679,400318604,86.715,0.559,87.244,49.537,1
1785490679,467065918,86.839,0.556,87.377,66.881,1
1785490679,533812988,86.732,0.545,87.261,66.63,1
1785490679,600559814,82.278,0.608,82.865,62.351,1
1785490679,667306641,84.06,0.557,84.599,68.481,1
1785490679,734053467,92.184,0.654,92.818,74.964,1
1785490679,767426514,118.083,0.588,118.652,59.209,1
1785490679,834173096,89.915,0.642,90.536,38.629,1
1785490679,900919189,83.865,0.681,84.529,60.741,1
1785490679,967665283,84.461,0.551,84.994,67.211,1
1785490680,34411133,83.226,0.618,83.828,65.579,1
1785490680,101156738,83.617,0.566,84.166,67.085,1
1785490680,167902344,82.599,0.561,83.142,65.722,1
1785490680,234647705,88.601,0.86,89.448,73.04,1
1785490680,268020264,107.576,1.8,109.368,53.291,1
1785490680,301392822,109.346,0.562,109.89,33.908,1
1785490680,401501953,85.162,0.564,85.707,75.927,1
1785490680,468233643,92.572,0.89,93.444,74.464,1
1785490680,501599609,115.007,1.168,116.168,56.073,1
1785490680,568330811,97.684,0.585,98.238,48.822,1
1785490680,601696289,109.346,0.63,109.943,45.071,1
1785490680,635061523,139.436,1.126,140.574,63.957,1
1785490680,701791992,127.592,0.877,128.458,54.643,1
1785490680,768521729,110.431,0.649,111.065,49.346,1
1785490680,835251221,93.855,0.624,94.467,50.127,1
1785490680,901980225,86.903,0.694,87.579,59.847,1
1785490680,968708984,84.064,0.572,84.617,63.767,1
1785490681,35437012,85.966,0.678,86.628,68.738,1
1785490681,102164795,85.079,0.631,85.692,65.794,1
1785490681,168892090,83.99,0.565,84.539,65.573,1
1785490681,235618896,86.163,0.555,86.7,68.889,1
1785490681,302345215,100.596,0.768,101.337,81.362,1
1785490681,335708496,99.194,1.24,100.413,32.415,1
1785490681,435809326,87.918,0.69,88.594,88.305,1
1785490681,502535400,80.65,0.548,81.181,59.316,1
1785490681,569260742,84.488,0.564,85.035,70.58,1
1785490681,635985596,90.684,0.962,91.426,73.112,1
1785490681,702709961,114.372,0.784,115.134,90.436,1
1785490681,736072021,109.158,0.662,109.8,28.027,1
1785490681,769433838,123.437,1.339,124.771,48.309,1
1785490681,836156982,117.062,0.629,117.673,59.65,1
1785490681,902879639,86.53,0.733,87.247,36.294,1
1785490681,969601807,82.517,0.663,83.166,62.642,1
1785490682,36323486,80.762,0.733,81.479,65.036,1
1785490682,103044434,80.693,0.558,81.236,66.478,1
1785490682,169765137,81.059,0.633,81.674,67.16,1
1785490682,236485107,82.378,0.57,82.93,67.976,1
1785490682,303204590,81.603,0.612,82.198,65.984,1
1785490682,369920410,84.838,0.571,85.39,69.911,1
1785490682,436552490,94.52,0.754,95.259,76.49,1
1785490682,469868164,116.887,0.661,117.53,55.595,1
1785490682,536499023,88.96,0.93,89.872,38.966,1
1785490682,603129395,88.103,0.579,88.668,65.432,1
1785490682,669759033,83.107,0.714,83.73,61.693,1
1785490682,736387695,88.69,0.65,89.327,72.22,1
1785490682,803015869,102.459,0.578,103.02,80.327,1
1785490682,836329834,133.914,0.621,134.516,64.812,1
1785490682,902956787,122.715,0.759,123.455,55.564,1
1785490682,969583252,97.677,0.828,98.478,41.651,1
1785490683,69521484,85.379,0.558,85.917,87.378,1
1785490683,136146240,85.656,0.565,86.202,66.91,1
1785490683,202770020,86.846,0.562,87.389,67.81,1
1785490683,269393311,99.519,2.82,102.314,81.511,1
1785490683,302704834,120.407,0.613,121.002,52.038,1
1785490683,369331787,107.589,0.697,108.269,53.885,1
1785490683,402692871,127.401,1.136,128.527,53.617,1
1785490683,469414795,117.732,0.577,118.289,56.495,1
1785490683,502775391,142.661,0.631,143.276,58.346,1
1785490683,569496338,117.115,0.581,117.676,41.121,1
1785490683,636216797,105.29,2.975,107.826,56.808,1
1785490683,669576660,117.89,1.01,118.891,44.472,1
1785490683,702936279,148.145,2.15,150.286,64.751,1
1785490683,769655518,121.316,0.921,122.223,38.667,1
1785490683,836373779,101.713,1.427,103.163,47.625,1
1785490683,869732666,121.293,0.777,122.037,52.274,1
1785490683,936450195,121.915,0.735,122.633,67.313,1
1785490684,3166992,91.037,0.622,91.638,35.724,1
1785490684,69883301,89.223,0.903,90.122,65.185,1
1785490684,169956299,82.361,0.634,82.978,92.943,1
1785490684,236670898,92.483,0.785,93.248,76.981,1
1785490684,270028076,119.366,1.342,120.721,60.801,1
1785490684,336741699,101.293,0.978,102.26,48.276,1
1785490684,370089355,115.136,0.913,116.041,47.126,1
1785490684,436636475,118.225,0.652,118.861,69.379,1
1785490684,503180664,96.767,0.881,97.565,45.244,1
1785490684,536451416,117.465,0.688,118.112,53.822,1
1785490684,602991211,89.867,0.766,90.62,39.042,1
1785490684,669528076,107.145,0.611,107.742,83.662,1
1785490684,702795410,135.762,0.774,136.511,62.038,1
1785490684,769327881,102.917,0.647,103.608,33.569,1
1785490684,835857178,84.701,0.621,85.305,48.287,1
1785490684,902383789,83.734,0.706,84.424,65.645,1
1785490684,968907471,83.709,0.638,84.329,66.43,1
1785490685,35428223,87.201,0.558,87.741,69.934,1
1785490685,101945801,88.62,0.805,89.409,68.179,1
1785490685,168460693,87.819,0.543,88.344,65.457,1
1785490685,234972656,96.587,0.96,97.532,75.691,1
1785490685,268227295,126.961,0.579,127.52,63.251,1
1785490685,334734863,123.368,0.57,123.92,62.907,1
1785490685,401351563,96.106,0.758,96.85,39.543,1
1785490685,468052246,120.454,0.642,121.077,90.93,1
1785490685,534752197,113.087,0.991,114.057,59.676,1
1785490685,568101807,125.729,0.938,126.649,45.945,1
1785490685,634800293,98.968,0.693,99.645,39.694,1
1785490685,701497803,102.237,1.248,103.469,70.522,1
1785490685,768194336,97.143,0.705,97.83,61.059,1
1785490685,834889893,92.08,0.783,92.851,61.712,1
1785490685,901584473,86.372,0.695,87.051,60.897,1
1785490685,968278076,85.697,0.628,86.309,65.955,1
1785490686,34970703,87.507,0.532,88.02,68.406,1
1785490686,101662354,86.435,0.546,86.963,65.634,1
1785490686,168353027,87.166,0.622,87.77,67.497,1
1785490686,235042725,89.186,0.63,89.8,68.72,1
1785490686,301731445,87.45,1.494,88.935,65.815,1
1785490686,368420654,89.195,0.664,89.84,67.602,1
1785490686,435194092,101.678,1.318,102.972,79.906,1
1785490686,468581055,116.813,0.875,117.664,48.073,1
1785490686,501968262,127.236,0.838,128.057,43.782,1
1785490686,568743896,103.296,0.841,104.114,42.835,1
1785490686,635520264,91.664,0.547,92.193,54.858,1
1785490686,702297607,98.067,0.611,98.658,73.241,1
1785490686,735686768,112.925,0.743,113.651,48.38,1
1785490686,769076172,118.248,0.635,118.865,38.606,1
1785490686,869246094,86.827,0.619,87.427,68.732,1
1785490686,936027100,87.779,0.573,88.335,67.687,1
1785490687,36200684,83.162,0.549,83.692,95.532,1
1785490687,102984375,84.301,0.675,84.962,68.05,1
1785490687,169769287,85.648,0.541,86.171,67.997,1
1785490687,236554932,90.005,0.705,90.694,71.307,1
1785490687,303341797,89.655,0.569,90.206,66.3,1
1785490687,370128906,95.098,0.923,96.012,72.576,1
1785490687,403515625,123.924,1.418,125.34,62.715,1
1785490687,436902588,141.909,2.321,144.218,52.272,1
1785490687,503677246,118.276,0.601,118.861,41.426,1
1785490687,570452881,97.179,0.685,97.845,45.758,1
1785490687,603841309,115.999,0.677,116.659,52.204,1
1785490687,637229736,121.436,1.075,122.3,39.028,1
1785490687,737396729,100.2,1.541,101.955,79.588,1
1785490687,770786377,140.963,0.847,141.786,73.455,1
1785490687,837566162,123.569,0.683,124.174,49.17,1
1785490687,904347168,118.466,0.574,119.022,61.629,1
1785490687,971128906,105.239,0.967,106.198,53.938,1
1785490688,4520264,121.131,0.721,121.836,49.04,1
1785490688,71303955,102.339,0.657,102.98,47.933,1
1785490688,104696045,121.802,0.667,122.402,52.817,1
1785490688,171480957,110.107,0.576,110.747,55.049,1
1785490688,204874023,144.395,0.719,145.019,67.728,1
1785490688,271660645,122.101,0.702,122.788,44.571,1
1785490688,338448242,109.033,0.711,109.726,53.727,1
1785490688,371841553,122.401,0.799,123.11,46.777,1
1785490688,505394775,86.542,0.542,87.066,97.511,1
1785490688,572172852,85.197,0.632,85.814,65.525,1
1785490688,638952148,82.341,0.54,82.864,63.831,1
1785490688,705732666,85.794,0.598,86.376,70.291,1
1785490688,805905273,88.296,0.599,88.878,102.677,1
1785490688,872688232,85.348,1.074,86.405,64.308,1
1785490688,939472656,84.499,0.902,85.386,65.764,1
1785490689,6257813,89.485,6.253,95.749,77.122,1
1785490689,39650879,122.362,0.719,123.053,60.722,1
1785490689,106437744,110.222,0.848,111.054,54.789,1
1785490689,139831787,132.849,0.872,133.702,56.042,1
1785490689,206620361,124.631,0.546,125.162,58.251,1
1785490689,273409912,115.404,0.591,115.978,57.605,1
1785490689,306805176,135.206,0.713,135.902,53.315,1
1785490689,373595703,113.236,0.639,113.858,44.751,1
1785490689,440316406,104.107,0.628,104.719,57.581,1
1785490689,473671875,116.707,0.588,117.276,45.913,1
1785490689,540382080,111.661,0.973,112.6,62.028,1
1785490689,573736816,123.735,1.104,124.827,45.571,1
1785490689,640445557,117.759,0.591,118.331,60.229,1
1785490689,707153320,102.565,0.774,103.323,51.695,1
1785490689,740506836,125.961,0.732,126.676,56.71,1
1785490689,807213379,101.766,1.041,102.816,42.818,1
1785490689,873919189,89.006,1.018,90.01,53.924,1
1785490689,940623779,88.906,0.634,89.47,66.171,1
1785490690,7327637,90.696,0.642,91.303,68.536,1
1785490690,74030518,85.957,0.672,86.574,61.975,1
1785490690,140732666,85.919,0.561,86.46,66.59,1
1785490690,207433594,87.901,0.559,88.44,68.681,1
1785490690,307483643,83.768,0.677,84.425,96.031,1
1785490690,374182617,84.994,0.63,85.606,67.883,1
1785490690,440880371,86.978,0.795,87.757,68.843,1
1785490690,507483398,84.189,0.561,84.733,63.586,1
1785490690,574085205,82.499,0.643,83.122,64.99,1
1785490690,673985840,88.396,0.885,89.26,106.037,1
1785490690,740584717,105.754,0.598,106.337,83.675,1
1785490690,807182373,92.345,0.68,93.004,53.266,1
1785490690,873779053,88.201,0.642,88.822,62.416,1
1785490690,940374268,96.145,0.648,96.772,74.544,1
1785490690,973671387,116.724,0.675,117.382,53.91,1
1785490691,40264893,107.644,1.095,108.695,57.894,1
1785490691,73561279,121.48,0.648,122.033,46.645,1
1785490691,140153076,112.332,0.936,113.244,57.795,1
1785490691,206743652,109.466,0.678,110.127,63.48,1
1785490691,240038330,121.997,0.704,122.672,45.837,1
1785490691,306627197,109.546,0.769,110.213,54.126,1
1785490691,339921143,127.964,0.805,128.75,51.835,1
1785490691,406508057,122.205,0.602,122.849,60.628,1
1785490691,439794922,138.103,0.869,138.959,49.451,1
1785490691,473061035,146.52,0.866,147.371,41.677,1
1785490691,539590820,124.774,0.777,125.535,44.699,1
1785490691,606117188,96.626,0.714,97.32,38.308,1
1785490691,705901123,92.5,0.662,93.138,95.606,1
1785490691,772419678,93.852,0.753,94.585,67.966,1
1785490691,838935059,87.317,0.612,87.913,59.845,1
1785490691,905447266,87.842,0.569,88.393,66.993,1
1785490691,971956055,93.444,0.667,94.097,72.206,1
1785490692,5209473,111.65,0.568,112.2,51.363,1
1785490692,38461914,128.325,0.656,128.961,50.01,1
1785490692,104964355,119.639,0.739,120.368,57.907,1
1785490692,171463867,107.892,0.828,108.7,54.828,1
1785490692,204712158,128.025,0.826,128.833,53.388,1
1785490692,271206787,120.484,0.634,121.039,58.704,1
1785490692,337697998,123.881,0.565,124.429,69.881,1
1785490692,404186279,113.382,0.747,114.111,56.168,1
1785490692,437447021,128.613,0.986,129.579,48.717,1
1785490692,504064209,109.621,0.578,110.181,47.234,1
1785490692,570680420,96.334,0.609,96.922,53.356,1
1785490692,637295654,92.387,0.568,92.938,62.632,1
1785490692,703909912,91.613,0.733,92.327,66.003,1
1785490692,770523193,102.066,0.767,102.815,77.095,1
1785490692,803829346,127.983,0.652,128.616,59.113,1
1785490692,870441162,115.944,0.72,116.642,54.633,1
1785490692,903746826,156.552,0.708,157.363,73.91,1
1785490693,3662109,110.662,0.654,111.293,53.968,1
1785490693,36966553,121.765,0.904,122.651,44.657,1
1785490693,103574951,122.524,0.582,123.082,67.045,1
1785490693,170182617,113.745,0.89,114.612,58.131,1
1785490693,203485840,134.538,0.879,135.416,54.082,1
1785490693,270091797,127.82,0.786,128.566,59.785,1
1785490693,336697021,119.254,0.559,119.792,57.833,1
1785490693,369999023,130.24,0.786,131.008,44.509,1
1785490693,436616699,115.647,0.725,116.362,51.973,1
1785490693,469932129,129.684,0.709,130.37,47.328,1
1785490693,536562744,116.841,0.912,117.675,53.93,1
1785490693,569877686,121.728,0.628,122.333,37.982,1
1785490693,669821289,105.44,0.767,106.196,83.794,1
1785490693,736449707,104.99,2.115,105.838,66.272,1
1785490693,803077148,99.68,0.91,100.571,61.365,1
1785490693,869703857,94.449,0.704,95.133,61.194,1
1785490693,936329834,105.295,0.664,105.941,77.433,1
1785490694,2955322,99.312,0.977,100.284,60.95,1
1785490694,69579834,95.258,0.63,95.868,62.229,1
1785490694,136203613,93.254,0.677,93.913,64.668,1
1785490694,202826660,91.281,0.654,91.873,64.583,1
1785490694,269448975,91.888,0.558,92.428,67.178,1
1785490694,336070557,90.802,0.77,91.55,65.743,1
1785490694,402692139,92.705,0.712,93.401,68.47,1
1785490694,469338623,103.097,0.611,103.69,76.935,1
1785490694,535984375,98.667,0.761,99.41,62.365,1
1785490694,602629883,94.996,0.609,95.587,62.824,1
1785490694,669274658,98.046,0.697,98.723,69.778,1
1785490694,735919189,99.349,0.868,100.226,68.122,1
1785490694,802563232,98.216,0.633,98.83,65.278,1
1785490694,869206787,93.512,0.659,94.15,61.964,1
1785490694,935849854,94.526,0.69,95.2,67.693,1
1785490695,35813477,90.876,0.825,91.456,96.22,1
1785490695,102455322,92.623,0.606,93.212,68.397,1
1785490695,169096680,95.696,0.613,96.288,69.717,1
1785490695,235737793,101.649,0.576,102.205,72.56,1
1785490695,269058105,109.535,0.552,110.081,41.182,1
1785490695,335698242,101.551,0.667,102.196,58.766,1
1785490695,402338379,97.059,0.655,97.697,62.141,1
1785490695,469001221,95.926,0.634,96.54,65.508,1
1785490695,535664063,93.24,0.638,93.806,63.93,1
1785490695,602326660,102.382,2.834,108.305,78.049,1
1785490695,702320313,96.65,0.783,97.415,92.214,1
1785490695,768982422,98.545,0.694,99.222,68.47,1
1785490695,802313477,120.729,0.734,121.456,55.555,1
1785490695,835644287,137.073,0.657,137.709,49.591,1
1785490695,902306152,124.519,0.75,125.111,54.067,1
1785490695,968967773,109.52,3.768,115.022,54.812,1
1785490696,2298340,123.277,0.858,124.122,44.184,1
1785490696,68959717,111.393,1.625,113.002,55.539,1
1785490696,102290283,132.658,0.92,133.562,53.892,1
1785490696,168951416,113.702,0.594,114.278,47.386,1
1785490696,202281982,138.189,0.548,138.719,57.773,1
1785490696,268942627,127.396,0.59,127.969,55.908,1
1785490696,335603271,116.249,0.805,117.046,55.725,1
1785490696,368933594,134.175,1.301,135.468,51.753,1
1785490696,435602295,122.175,0.573,122.731,53.946,1
1785490696,468940674,140.713,0.816,141.516,52.112,1
1785490696,535617432,126.469,0.895,127.345,52.507,1
1785490696,568955811,151.013,0.624,151.623,57.622,1
1785490696,635632568,136.595,0.726,137.297,52.352,1
1785490696,702309570,117.462,0.589,118.032,47.413,1
1785490696,735648193,136.799,0.581,137.361,52.669,1
1785490696,802325195,132.779,0.696,133.461,62.774,1
1785490696,869002197,114.891,1.042,115.933,49.129,1
1785490696,902340820,127.242,0.609,127.833,45.263,1
1785490697,2356689,92.817,0.535,93.334,65.516,1
1785490697,69033936,92.308,0.739,93.029,66.372,1
1785490697,135711426,92.806,0.601,93.387,67.035,1
1785490697,202388916,98.174,0.7,98.852,72.14,1
1785490697,235727783,131.072,0.655,131.705,66.195,1
1785490697,302405273,127.444,0.578,128.003,62.977,1
1785490697,369083008,123.928,0.662,124.572,63.246,1
1785490697,435770508,112.127,0.668,112.725,54.841,1
1785490697,469119385,127.617,0.575,128.174,48.798,1
1785490697,535817383,112.391,0.734,113.112,51.631,1
1785490697,569166504,127.942,0.672,128.595,48.836,1
1785490697,635865234,130.453,0.978,131.211,69.312,1
1785490697,669214844,152.602,0.749,153.333,55.474,1
1785490697,735914307,145.418,2.342,146.541,59.905,1
1785490697,802614014,126.23,0.751,126.964,47.124,1
1785490697,869314453,106.917,0.934,107.836,47.567,1
1785490697,902664795,112.982,0.733,113.699,39.215,1
1785490697,969365723,106.778,0.94,107.701,60.701,1
1785490698,2716553,122.049,0.753,122.784,48.441,1
1785490698,36067383,136.011,0.743,136.908,47.3,1
1785490698,102769287,129.302,0.695,129.979,59.947,1
1785490698,169471680,113.38,0.904,114.269,50.984,1
1785490698,202822998,132.148,0.582,132.714,51.806,1
1785490698,269526123,126.529,0.625,127.129,61.119,1
1785490698,336229736,122.026,0.642,122.65,62.224,1
1785490698,402933350,110.503,0.667,111.154,55.206,1
1785490698,436244629,140.476,1.098,141.56,63.715,1
1785490698,502866211,127.661,0.65,128.295,53.36,1
1785490698,569485840,103.274,0.765,103.897,42.218,1
1785490698,602795166,136.96,0.879,137.77,67.184,1
1785490698,669412354,119.942,0.77,120.699,49.544,1
1785490698,702720215,162.087,0.724,162.79,75.403,1
1785490698,769335205,128.828,0.653,129.463,33.288,1
1785490698,835948242,113.078,0.709,113.76,50.909,1
1785490698,869254150,137.912,0.755,138.652,58.197,1
1785490698,935864990,120.722,0.635,121.342,49.303,1
1785490698,969169678,149.568,0.871,150.42,62.383,1
1785490699,35777832,130.874,0.672,131.522,47.708,1
1785490699,102384277,113.932,1.0,114.851,49.932,1
1785490699,135687012,146.206,0.739,146.922,65.381,1
1785490699,202291016,149.204,1.647,150.839,70.506,1
1785490699,268893555,139.067,0.677,139.727,55.503,1
1785490699,335494385,125.005,0.666,125.658,52.524,1
1785490699,368794189,148.737,0.582,149.302,56.954,1
1785490699,435452148,130.496,0.86,131.346,48.691,1
1785490699,502168213,118.537,0.556,119.075,54.457,1
1785490699,568885254,102.473,0.622,103.074,50.713,1
1785490699,635602783,100.137,0.61,100.729,64.373,1
1785490699,702321289,107.07,0.663,107.715,73.704,1
1785490699,735680664,117.556,0.657,118.197,43.839,1
1785490699,835760254,94.761,0.572,95.315,77.202,1
1785490699,902480957,96.113,0.597,96.693,68.096,1
1785490699,969202393,97.191,0.544,97.716,67.748,1
1785490700,35924561,94.847,0.649,95.48,64.484,1
1785490700,102647461,93.852,0.578,94.412,65.656,1
1785490700,169371094,94.744,0.549,95.275,67.586,1
1785490700,236095459,106.103,1.096,107.179,78.618,1
1785490700,269458008,124.796,0.745,125.522,51.716,1
1785490700,336183594,105.471,0.856,106.312,47.51,1
1785490700,402909180,104.33,3.097,107.426,67.811,1
1785490700,469545166,98.392,0.896,99.269,58.511,1
1785490700,536179688,94.326,0.695,95.003,62.373,1
1785490700,602812988,95.011,0.66,95.653,67.282,1
1785490700,669444824,120.044,0.691,120.716,91.693,1
1785490700,702760010,131.568,0.751,132.303,44.895,1
1785490700,769389893,112.565,2.176,113.655,47.983,1
1785490700,802704102,128.798,0.596,129.375,49.043,1
1785490700,869331787,101.609,0.582,102.168,39.421,1
1785490700,935958008,96.487,0.541,97.005,61.464,1
1785490701,2582764,94.936,0.696,95.612,65.231,1
1785490701,69206055,94.175,0.682,94.838,65.849,1
1785490701,135828125,93.919,0.694,94.592,66.376,1
1785490701,202448730,96.281,0.585,96.846,68.876,1
1785490701,302376953,96.065,0.764,96.81,99.89,1
1785490701,335685791,132.474,0.734,133.11,69.602,1
1785490701,368994141,160.201,0.694,160.872,61.077,1
1785490701,435739014,154.594,0.688,155.27,61.132,1
1785490701,502613525,133.787,0.678,134.447,46.06,1
1785490701,569490967,120.836,0.968,121.783,54.21,1
1785490701,602930908,168.977,0.978,169.955,81.597,1
1785490701,703254395,114.594,0.839,115.41,45.798,1
1785490701,736697021,143.961,0.822,144.762,62.794,1
1785490701,803584473,127.91,0.76,128.657,50.779,1
1785490701,870474365,111.415,0.655,112.051,50.29,1
1785490701,903920654,128.567,0.882,129.439,50.822,1
1785490701,970814941,110.078,0.94,111.003,48.465,1
1785490702,4263184,129.073,0.635,129.691,52.142,1
1785490702,71161621,101.974,0.758,102.718,39.919,1
1785490702,138062988,96.174,0.961,97.116,61.296,1
1785490702,204967285,94.184,0.62,94.786,64.585,1
1785490702,271874023,95.9,0.745,96.623,68.74,1
1785490702,338783936,95.165,0.78,95.922,66.209,1
1785490702,405693604,94.89,0.659,95.534,66.519,1
1785490702,472415771,96.594,0.991,97.576,68.758,1
1785490702,539138672,91.89,0.744,92.616,61.773,1
1785490702,605862549,92.622,0.712,93.318,67.424,1
1785490702,672587158,101.276,0.597,101.855,75.264,1
1785490702,739312744,108.088,3.053,111.156,75.993,1
1785490702,806039307,107.742,0.752,108.481,64.076,1
1785490702,872766602,95.997,0.901,96.881,55.132,1
1785490702,939494873,95.961,0.93,96.896,66.723,1
1785490703,6223877,92.926,0.687,93.582,63.441,1
1785490703,72953857,91.901,0.626,92.509,65.656,1
1785490703,139684570,92.391,0.66,93.031,67.253,1
1785490703,206416260,93.213,0.6,93.796,67.494,1
1785490703,273148682,97.587,0.655,98.222,71.158,1
1785490703,339882080,102.162,0.764,102.913,71.423,1
1785490703,406615967,102.183,0.601,102.762,66.588,1
1785490703,473354004,112.339,0.627,112.948,76.923,1
1785490703,540093018,96.604,0.78,97.375,51.156,1
1785490703,606833252,92.695,0.64,93.319,62.694,1
1785490703,673574707,93.591,0.876,94.309,67.729,1
1785490703,740317383,97.941,0.633,98.554,70.993,1
1785490703,807061279,101.737,1.074,102.795,70.979,1
1785490703,873806152,93.995,0.758,94.733,58.684,1
1785490703,940552246,93.274,0.714,93.967,65.981,1
1785490704,7299561,91.988,0.641,92.61,65.394,1
1785490704,74047852,91.162,0.701,91.779,65.917,1
1785490704,140797607,93.312,0.668,93.956,68.925,1
1785490704,207548340,91.507,0.597,92.081,64.878,1
1785490704,274300049,92.897,0.768,93.645,68.312,1
1785490704,341053223,93.834,0.816,94.635,67.74,1
1785490704,407806641,95.637,1.779,97.396,69.516,1
1785490704,474559326,100.998,0.624,101.602,70.963,1
1785490704,541313477,98.974,0.831,99.796,64.94,1
1785490704,608069092,93.056,0.992,94.028,60.99,1
1785490704,674825928,108.496,0.651,109.128,81.862,1
1785490704,708205078,129.772,0.909,130.653,54.895,1
1785490704,774964111,130.734,0.789,131.503,67.617,1
1785490704,841724609,124.07,0.704,124.751,60.012,1
1785490704,875105469,139.464,0.682,140.127,48.756,1
1785490704,941868164,119.174,0.584,119.74,46.377,1
1785490704,975250000,126.365,0.654,126.998,40.637,1
1785490705,75397705,95.399,0.565,95.947,69.1,1
1785490705,142164795,93.331,0.652,93.982,64.778,1
1785490705,208933105,91.858,0.898,92.745,65.546,1
1785490705,275702881,105.236,0.68,105.901,79.931,1
1785490705,309088379,125.089,1.04,126.11,53.586,1
1785490705,342474121,129.091,0.668,129.743,37.031,1
1785490705,409246094,109.583,0.668,110.231,47.259,1
1785490705,442635498,157.902,0.697,158.579,81.738,1
1785490705,542807129,99.174,0.771,99.921,41.512,1
1785490705,609590576,94.988,1.776,96.769,63.609,1
1785490705,676376221,97.858,3.33,101.177,71.213,1
1785490705,743163818,97.266,0.726,97.975,63.588,1
1785490705,809953369,96.741,0.711,97.438,66.252,1
1785490705,876744873,93.609,0.552,94.144,63.501,1
1785490705,943538330,94.461,0.642,95.084,67.73,1
1785490706,10333984,92.679,1.667,93.98,65.687,1
1785490706,77131348,89.983,0.769,90.734,63.554,1
1785490706,143930908,89.33,0.708,90.025,66.092,1
1785490706,210732422,91.276,0.66,91.922,68.695,1
1785490706,277535889,94.734,0.659,95.376,70.264,1
1785490706,344341553,90.182,0.756,90.917,62.345,1
1785490706,411147949,90.994,0.56,91.532,67.425,1
1785490706,478003662,111.855,0.772,112.616,87.931,1
1785490706,511432129,132.343,0.713,133.044,53.861,1
1785490706,578290283,111.836,0.687,112.504,46.322,1
1785490706,611720215,134.942,0.896,135.835,56.74,1
1785490706,678581055,119.115,0.7,119.796,50.842,1
1785490706,712011963,153.196,0.668,153.846,67.48,1
1785490706,778875488,126.394,1.223,127.615,40.595,1
1785490706,845740723,110.544,0.564,111.091,50.379,1
1785490706,879173828,128.097,0.576,128.656,50.998,1
1785490706,946041748,110.446,0.678,111.11,49.317,1
1785490706,979476318,125.355,0.606,125.945,48.271,1
1785490707,46346680,108.163,0.579,108.723,49.652,1
1785490707,79782471,127.025,0.629,127.637,52.35,1
1785490707,146655518,112.371,0.651,112.989,52.224,1
1785490707,180092773,126.164,1.074,127.214,47.651,1
1785490707,246968262,108.809,0.643,109.434,49.108,1
1785490707,280406738,134.958,0.805,135.745,59.747,1
1785490707,347284912,125.122,4.815,129.958,61.052,1
1785490707,414163086,108.807,0.588,109.38,46.34,1
1785490707,480958984,110.292,1.242,111.147,68.563,1
1785490707,514387695,119.824,0.608,120.414,42.696,1
1785490707,614676758,91.064,0.689,91.736,71.61,1
1785490707,681538086,95.68,0.912,96.58,71.7,1
1785490707,748401123,110.416,0.709,111.108,81.398,1
1785490707,781833252,142.398,0.673,143.052,65.375,1
1785490707,815265625,143.11,0.598,143.691,34.073,1
1785490707,915565918,91.466,0.667,92.1,48.707,1
1785490707,982434814,89.015,0.629,89.628,64.398,1
1785490708,49305420,86.434,0.619,87.033,64.277,1
1785490708,116177734,85.24,0.569,85.792,65.631,1
1785490708,183051514,85.393,0.667,86.044,67.125,1
1785490708,249927246,87.496,0.631,88.11,68.944,1
1785490708,316804443,91.085,0.607,91.674,70.442,1
1785490708,383683350,89.499,0.602,90.084,65.288,1
1785490708,450562500,89.761,0.766,90.505,67.3,1
1785490708,517229248,90.972,0.609,91.562,67.723,1
1785490708,583895264,85.911,0.688,86.577,61.682,1
1785490708,650560547,89.996,0.599,90.572,70.658,1
1785490708,717224854,98.088,0.686,98.755,74.849,1
1785490708,750556641,124.365,0.715,125.066,59.639,1
1785490708,817219727,113.275,0.694,113.955,55.548,1
1785490708,850551025,129.987,0.685,130.654,50.036,1
1785490708,917212646,111.198,1.048,112.242,48.239,1
1785490708,950543457,123.524,0.678,124.184,45.285,1
1785490709,17203857,107.224,0.902,108.107,50.578,1
1785490709,50533936,120.926,0.653,121.565,46.788,1
1785490709,117193115,107.384,0.754,108.119,53.213,1
1785490709,150522461,129.675,0.707,130.358,55.575,1
1785490709,217180420,103.075,0.657,103.711,40.009,1
1785490709,283837402,96.977,0.685,97.645,60.591,1
1785490709,350493896,111.941,0.732,112.652,81.663,1
1785490709,417149170,100.313,0.776,101.076,55.073,1
1785490709,483812012,95.347,0.808,96.133,61.724,1
1785490709,550479980,89.133,0.739,89.852,60.389,1
1785490709,583813477,123.122,1.228,124.428,67.468,1
1785490709,650480225,113.943,1.104,115.028,57.705,1
1785490709,683813232,144.105,0.665,144.755,63.06,1
1785490709,750478760,131.674,0.725,132.38,54.294,1
1785490709,817143555,109.455,0.566,110.003,44.291,1
1785490709,850475586,129.018,0.619,129.618,52.946,1
1785490709,917138916,117.548,0.968,118.495,55.538,1
1785490709,950470459,142.343,0.743,143.063,57.902,1
1785490710,17132568,121.509,0.625,122.117,45.717,1
1785490710,83793945,103.002,0.576,103.558,48.102,1
1785490710,117124268,124.562,0.8,125.343,55.107,1
1785490710,183784424,104.602,0.74,105.323,46.646,1
1785490710,217114258,116.636,0.748,117.377,45.372,1
1785490710,283773193,93.816,0.564,94.361,43.658,1
1785490710,350431396,89.066,0.656,89.708,61.999,1
1785490710,417088623,98.665,0.657,99.304,76.258,1
1785490710,450417969,138.918,0.657,139.551,73.576,1
1785490710,517089355,124.629,0.754,125.361,52.481,1
1785490710,583760254,109.178,1.185,110.354,51.644,1
1785490710,617095215,134.613,0.897,135.493,58.491,1
1785490710,683764648,145.281,0.659,145.906,77.087,1
1785490710,750433350,125.63,0.674,126.287,47.048,1
1785490710,817101318,109.818,0.749,110.544,50.924,1
1785490710,850435059,122.558,0.662,123.193,45.987,1
1785490710,917101807,110.696,0.578,111.253,54.726,1
1785490710,950435059,135.763,0.718,136.461,58.539,1
1785490711,17100586,128.517,0.752,129.254,59.454,1
1785490711,83765381,126.039,0.696,126.702,64.12,1
1785490711,117097412,130.718,0.799,131.498,38.122,1
1785490711,183760986,130.224,0.891,131.095,66.262,1
1785490711,250423828,109.64,0.868,110.488,46.053,1
1785490711,283754883,132.59,1.895,134.5,57.312,1
1785490711,350416504,124.311,0.56,124.854,57.053,1
1785490711,417077393,103.556,0.728,104.268,46.075,1
1785490711,450408447,139.403,0.639,140.024,69.085,1
1785490711,517075684,125.871,0.662,126.513,53.158,1
1785490711,583741943,101.9,0.838,102.726,42.871,1
1785490711,617074707,150.24,2.438,152.682,83.262,1
1785490711,683739746,154.342,0.788,155.116,69.123,1
1785490711,783735840,119.306,0.912,120.201,65.072,1
1785490711,817067383,131.765,0.633,132.381,45.533,1
1785490711,883729980,123.258,0.609,123.85,58.129,1
1785490711,950391602,108.067,0.661,108.713,51.522,1
1785490711,983722168,124.921,0.621,125.524,50.147,1
1785490712,50382568,101.648,0.667,102.282,43.414,1
1785490712,83712646,122.255,0.58,122.816,53.868,1
1785490712,150371826,110.025,0.614,110.625,54.465,1
1785490712,183700928,144.739,0.63,145.351,68.059,1
1785490712,250358887,125.358,0.762,126.102,47.401,1
1785490712,317016113,101.865,0.585,102.432,42.995,1
1785490712,350344238,127.522,0.631,128.136,59.033,1
1785490712,417000000,103.656,0.784,104.424,42.936,1
1785490712,483739502,101.618,0.64,102.238,64.559,1
1785490712,517150635,123.073,0.629,123.681,54.856,1
1785490712,583974121,112.104,1.207,113.304,56.431,1
1785490712,617386230,134.632,0.792,135.386,55.503,1
1785490712,684211182,129.294,2.13,131.444,62.849,1
1785490712,751037354,125.927,0.851,126.765,62.181,1
1785490712,817864746,116.674,0.723,117.371,57.436,1
1785490712,851278809,134.032,0.851,134.653,50.698,1
1785490712,918107910,122.756,0.74,123.483,55.657,1
1785490712,984938232,108.809,0.959,109.53,52.879,1
1785490713,18353760,122.148,0.564,122.694,46.583,1
1785490713,85185547,95.141,0.606,95.73,39.866,1
1785490713,152018799,94.188,0.564,94.733,65.838,1
1785490713,218852783,87.352,0.905,88.24,60.333,1
1785490713,285688232,87.35,0.809,88.129,66.728,1
1785490713,352524658,91.871,0.585,92.439,71.151,1
1785490713,419362305,90.292,0.705,90.973,65.372,1
1785490713,486107178,93.423,0.949,94.352,70.114,1
1785490713,519433594,113.506,0.585,114.071,53.055,1
1785490713,552759766,138.6,0.948,139.537,58.782,1
1785490713,619411377,121.268,0.655,121.906,49.028,1
1785490713,652736816,145.264,0.695,145.94,57.357,1
1785490713,719386719,147.095,0.609,147.684,68.398,1
1785490713,786035645,113.826,1.014,114.893,33.789,1
1785490713,852683594,94.967,0.66,95.613,47.433,1
1785490713,919330322,89.123,0.683,89.788,60.826,1
1785490713,985976074,94.992,0.653,95.63,72.482,1
1785490714,19298340,114.739,0.566,115.288,52.986,1
1785490714,52620605,120.01,0.562,120.555,38.59,1
1785490714,152585449,89.646,0.744,90.377,69.78,1
1785490714,219227295,89.097,0.719,89.723,65.994,1
1785490714,285868164,88.608,0.615,89.208,66.124,1
1785490714,352508057,89.128,0.57,89.682,67.115,1
1785490714,419146729,89.861,0.548,90.389,67.348,1
1785490714,485793457,93.605,0.559,94.146,70.404,1
1785490714,552446289,88.316,0.758,89.055,61.559,1
1785490714,619097900,89.439,0.652,90.076,67.671,1
1785490714,685748779,98.098,0.849,98.93,75.503,1
1785490714,719073486,123.52,0.816,124.324,58.719,1
1785490714,819046631,93.65,0.691,94.325,69.978,1
1785490714,852370605,130.678,0.754,131.414,70.411,1
1785490714,919017334,102.441,0.961,103.381,38.614,1
1785490714,985663086,105.469,0.564,106.015,69.283,1
1785490715,85629639,90.152,0.663,90.791,84.741,1
1785490715,152272705,88.905,0.722,89.641,65.464,1
1785490715,218914551,88.684,0.747,89.412,66.441,1
1785490715,285555420,89.439,0.613,89.975,67.207,1
1785490715,352195068,94.421,0.567,94.965,71.631,1
1785490715,418833740,93.822,0.645,94.448,66.119,1
1785490715,485481445,94.156,0.647,94.786,66.986,1
1785490715,552136475,90.657,0.816,91.454,63.32,1
1785490715,618790527,90.562,0.692,91.358,66.436,1
1785490715,685443359,115.212,2.741,117.94,93.351,1
1785490715,718769287,137.69,0.576,138.364,53.644,1
1785490715,785420898,125.558,0.68,126.215,54.618,1
1785490715,852071045,110.427,0.671,111.082,51.517,1
1785490715,885395996,133.783,0.795,134.557,56.798,1
1785490715,952044678,126.172,0.576,126.728,58.823,1
1785490716,18692627,99.938,0.738,100.658,40.574,1
1785490716,85339355,96.09,0.769,96.779,62.763,1
1785490716,118662354,110.804,0.688,111.475,48.026,1
1785490716,185307617,107.013,0.602,107.592,62.762,1
1785490716,218629883,130.256,0.617,130.854,56.584,1
1785490716,285273438,118.654,0.574,119.206,54.998,1
1785490716,318594971,135.823,0.623,136.422,50.537,1
1785490716,351916260,158.894,0.914,159.799,56.686,1
1785490716,418557861,135.031,0.677,135.691,42.54,1
1785490716,485205566,125.47,0.638,126.09,57.051,1
1785490716,551857666,115.128,1.033,116.31,56.702,1
1785490716,585183350,130.861,2.07,132.923,50.07,1
1785490716,651833984,132.217,0.841,133.023,66.786,1
1785490716,718483398,122.025,0.736,122.746,56.37,1
1785490716,785131592,108.357,1.339,109.672,53.576,1
1785490716,885102051,94.197,0.725,94.917,85.2,1
1785490716,951747559,95.302,0.607,95.847,67.595,1
1785490717,18391846,91.234,0.685,91.888,62.685,1
1785490717,85035156,91.436,0.729,92.151,66.901,1
1785490717,151677490,90.522,0.669,91.169,65.666,1
1785490717,218318604,92.956,0.614,93.553,69.026,1
1785490717,284958496,94.686,0.685,95.354,68.44,1
1785490717,351597412,102.505,0.639,103.126,74.412,1
1785490717,384916504,120.663,0.659,121.319,51.497,1
1785490717,451554443,113.251,0.586,113.819,59.153,1
1785490717,484922363,136.11,0.566,136.642,56.193,1
1785490717,551659424,124.249,0.598,124.827,54.921,1
1785490717,618397217,123.517,0.615,124.107,66.019,1
1785490717,651766602,130.926,0.712,131.62,40.878,1
1785490717,718506348,119.119,2.33,121.537,56.551,1
1785490717,751876709,149.366,2.983,152.346,64.271,1
1785490717,818617920,147.744,0.65,148.377,62.788,1
1785490717,885360352,135.137,0.835,135.949,54.314,1
1785490717,952104004,113.342,0.642,113.966,44.764,1
1785490717,985476074,134.29,0.819,135.093,54.497,1
1785490718,52221436,112.962,0.584,113.527,45.181,1
1785490718,118967773,94.808,0.602,95.392,48.611,1
1785490718,185715088,91.394,0.554,91.927,63.283,1
1785490718,252463623,92.846,0.833,93.664,68.481,1
1785490718,319213379,91.225,0.688,91.898,64.983,1
1785490718,385964111,99.39,0.566,99.938,74.794,1
1785490718,419340088,129.699,0.769,130.451,63.885,1
1785490718,486049316,125.576,0.554,126.113,62.375,1
1785490718,552716309,106.093,0.924,106.998,47.544,1
1785490718,586049316,130.131,0.624,130.738,57.081,1
1785490718,652715088,106.312,0.736,107.036,42.957,1
1785490718,686047607,132.074,0.6,132.655,58.957,1
1785490718,752711914,127.102,0.596,127.681,61.69,1
1785490718,819375488,106.898,0.752,107.632,46.611,1
1785490718,852707031,124.359,0.6,124.942,50.648,1
1785490718,952700195,95.329,0.692,96.002,71.052,1
1785490719,19361084,95.648,0.544,96.172,66.833,1
1785490719,86021240,94.995,0.554,95.519,66.006,1
1785490719,152680664,90.896,0.642,91.516,62.655,1
1785490719,219339111,90.579,0.573,91.137,66.278,1
1785490719,319325439,92.46,0.629,93.069,101.917,1
1785490719,385981689,94.67,0.584,95.235,68.826,1
1785490719,452637939,96.925,0.688,97.944,69.015,1
1785490719,519307861,94.598,0.6,95.179,64.253,1
1785490719,585977295,93.489,0.525,93.997,65.489,1
1785490719,652645752,95.789,0.778,96.55,69.218,1
1785490719,719313477,105.681,1.058,106.735,76.839,1
1785490719,752647217,128.382,0.55,128.912,55.529,1
1785490719,819313721,121.049,0.61,121.643,59.396,1
1785490719,852646729,130.588,0.542,131.112,42.803,1
1785490719,952644287,102.031,0.671,102.684,71.569,1
1785490719,985976563,108.506,0.667,109.149,39.795,1
1785490720,52640137,96.239,0.583,96.803,54.32,1
1785490720,119303223,99.57,0.773,100.333,70.185,1
1785490720,152634277,117.16,0.583,117.726,50.732,1
1785490720,185965332,137.844,0.804,138.63,54.226,1
1785490720,252626709,124.028,0.645,124.655,52.692,1
1785490720,285957031,140.13,0.92,141.064,49.707,1
1785490720,352616943,127.959,0.696,128.638,54.269,1
1785490720,419276367,116.791,0.672,117.445,55.465,1
1785490720,452606201,140.761,0.622,141.308,57.194,1
1785490720,485940674,161.223,0.759,161.965,53.992,1
1785490720,585942627,111.869,0.699,112.548,50.583,1
1785490720,619276123,136.289,0.673,136.945,57.73,1
1785490720,685942871,136.416,0.81,137.208,66.929,1
1785490720,752608398,124.251,0.617,124.852,54.311,1
1785490720,819273438,111.25,0.895,112.129,53.936,1
1785490720,852605469,128.844,1.88,130.741,51.919,1
1785490720,919269287,124.142,1.133,125.261,61.211,1
1785490720,952600830,152.275,2.974,155.203,63.274,1
1785490721,19263184,132.713,0.571,133.266,44.732,1
1785490721,85924805,117.48,0.699,118.162,51.552,1
1785490721,119255127,133.949,0.641,134.572,49.743,1
1785490721,185915527,131.986,0.728,132.693,64.783,1
1785490721,252575195,120.485,0.756,121.213,55.18,1
1785490721,285904541,144.979,1.122,146.168,58.191,1
1785490721,352562744,132.772,0.636,133.318,53.903,1
1785490721,419220215,115.526,0.712,116.22,49.556,1
1785490721,452549072,141.456,0.841,142.141,59.245,1
1785490721,519216064,123.5,0.592,124.074,48.606,1
1785490721,552549072,128.489,0.747,129.221,38.474,1
1785490721,619214844,119.16,0.564,119.706,57.158,1
1785490721,652547363,142.779,0.718,143.481,57.104,1
1785490721,719211914,132.496,0.831,133.305,56.492,1
1785490721,785875488,107.439,0.77,108.189,41.544,1
1785490721,819207031,126.797,0.744,127.536,52.672,1
1785490721,885869141,112.203,0.678,112.864,51.996,1
1785490721,919199951,136.702,0.971,137.63,58.098,1
1785490721,985861084,122.218,0.726,122.937,51.961,1
1785490722,19191406,131.728,0.601,132.294,42.698,1
1785490722,85851074,101.845,0.626,102.452,36.818,1
1785490722,152510010,95.764,0.604,96.349,60.557,1
1785490722,219167969,95.105,0.548,95.636,65.945,1
1785490722,252496826,119.859,1.772,121.268,58.94,1
1785490722,285825195,130.599,0.783,131.377,43.442,1
1785490722,352481689,114.949,2.59,117.543,52.812,1
1785490722,385809570,140.24,0.824,141.094,56.855,1
1785490722,452465088,132.348,0.676,133.003,58.614,1
1785490722,519177246,116.348,0.695,117.021,50.727,1
1785490722,552554443,135.547,0.715,136.245,52.603,1
1785490722,619309814,135.902,0.964,136.709,67.216,1
1785490722,686066650,128.198,0.582,128.876,58.813,1
1785490722,752824951,105.76,0.982,106.728,44.72,1
1785490722,819584473,113.735,0.73,114.454,74.485,1
1785490722,852964844,130.957,0.67,131.59,50.523,1
1785490722,919726807,109.276,1.708,110.804,45.957,1
1785490722,953108154,127.486,0.736,128.2,50.796,1
1785490723,19872314,104.165,0.758,104.905,43.465,1
1785490723,86637695,99.61,0.72,100.313,62.178,1
1785490723,153404541,97.591,0.734,98.208,64.661,1
1785490723,220172852,95.42,0.643,96.045,64.607,1
1785490723,286942627,94.568,0.557,95.108,65.832,1
1785490723,353713867,94.102,0.563,94.647,66.31,1
1785490723,420486572,102.964,0.917,103.865,75.985,1
1785490723,453873291,133.134,0.754,133.87,63.395,1
1785490723,520716064,102.425,0.616,103.019,35.993,1
1785490723,587652832,97.174,0.63,97.787,61.705,1
1785490723,654593750,101.081,0.656,101.718,70.87,1
1785490723,688065674,115.59,1.491,117.083,48.819,1
1785490723,721538574,131.428,0.817,132.228,48.637,1
1785490723,788487305,110.128,0.798,110.91,45.629,1
1785490723,821963379,125.127,0.557,125.667,48.235,1
1785490723,888917969,99.354,0.791,100.132,41.414,1
1785490723,955876709,101.124,0.63,101.735,68.565,1
1785490723,989357666,130.018,0.632,130.656,62.375,1
1785490724,56322266,96.454,0.623,97.059,33.397,1
1785490724,123290771,92.118,0.541,92.64,62.55,1
1785490724,190263428,92.95,0.587,93.52,67.852,1
1785490724,257239746,93.468,0.554,94.002,67.459,1
1785490724,324220215,93.346,0.575,93.902,66.879,1
1785490724,391204834,94.108,0.548,94.639,67.722,1
1785490724,458193115,115.537,0.701,116.216,88.565,1
1785490724,491688721,115.949,0.604,116.535,33.813,1
1785490724,525109619,133.788,0.822,134.591,51.474,1
1785490724,591951904,115.448,0.831,116.259,48.511,1
1785490724,625373779,133.104,0.77,133.857,51.019,1
1785490724,692218262,129.039,0.676,129.588,62.581,1
1785490724,725641357,160.292,0.575,160.846,64.68,1
1785490724,825912109,126.38,0.688,127.048,66.473,1
1785490724,892761230,97.024,0.731,97.737,37.535,1
1785490724,959611816,99.799,0.723,100.503,69.616,1
1785490724,993037598,126.009,0.647,126.639,59.564,1
1785490725,59890381,115.251,0.637,115.866,56.08,1
1785490725,93317383,121.903,0.619,122.505,40.067,1
1785490725,160172363,107.152,0.775,107.92,52.258,1
1785490725,193600342,128.038,0.629,128.649,54.17,1
1785490725,260457764,111.555,0.795,112.31,50.515,1
1785490725,293886963,140.62,0.964,141.57,62.68,1
1785490725,360746338,117.78,0.685,118.449,43.75,1
1785490725,427607178,126.237,0.862,127.083,75.491,1
1785490725,494468018,124.871,0.648,125.502,65.284,1
1785490725,561294922,94.732,0.665,95.363,36.688,1
1785490725,628123047,96.669,0.883,97.317,68.781,1
1785490725,694952393,103.909,0.743,104.628,74.139,1
1785490725,728367432,129.551,0.882,130.414,59.2,1
1785490725,795198730,106.87,0.749,107.605,44.022,1
1785490725,828614746,129.547,0.624,130.153,55.969,1
1785490725,895447510,112.706,0.784,113.469,50.148,1
1785490725,928864502,128.848,0.637,129.464,49.413,1
1785490725,995699463,107.257,0.678,107.91,45.28,1
1785490726,29117188,122.23,0.561,122.774,48.284,1
1785490726,95953857,110.695,3.013,113.723,57.747,1
1785490726,129372559,120.298,0.717,120.997,40.73,1
1785490726,196210938,106.037,1.172,107.192,53.013,1
1785490726,229630615,142.381,0.794,143.417,69.38,1
1785490726,296470947,115.718,0.779,116.486,40.192,1
1785490726,363312500,106.485,0.933,107.423,57.758,1
1785490726,396733643,124.846,0.952,125.772,51.793,1
1785490726,463576904,125.42,0.898,126.306,67.369,1
1785490726,530325684,109.11,0.793,109.888,50.337,1
1785490726,563653320,141.217,2.318,143.436,66.875,1
1785490726,630307617,128.05,0.77,128.804,52.024,1
1785490726,696961182,110.376,0.788,111.147,48.997,1
1785490726,730287354,127.233,0.77,127.98,50.159,1
1785490726,796939209,112.503,0.848,113.33,52.003,1
1785490726,830264648,145.886,0.76,146.636,66.625,1
1785490726,896915039,132.143,0.649,132.774,52.794,1
1785490726,963564209,124.991,0.681,125.656,59.532,1
1785490727,30212402,102.133,0.561,102.674,43.668,1
1785490727,130182861,87.228,0.594,87.802,85.098,1
1785490727,196828613,86.519,0.553,87.055,65.899,1
1785490727,263473145,91.03,0.688,91.701,71.288,1
1785490727,330116699,88.771,0.574,89.329,64.273,1
1785490727,396759277,89.528,0.55,90.06,67.374,1
1785490727,463400879,98.119,0.62,98.721,75.303,1
1785490727,496722412,120.294,0.652,120.926,55.527,1
1785490727,563530273,101.155,0.591,101.729,47.609,1
1785490727,596934570,117.453,2.088,119.523,51.197,1
1785490727,630339111,123.871,0.667,124.522,38.401,1
1785490727,697148926,142.296,0.664,142.942,85.231,1
1785490727,763959473,142.63,1.165,143.789,67.643,1
1785490727,797365234,183.123,0.599,183.704,73.339,1
1785490727,897583496,130.032,0.608,130.621,47.134,1
1785490727,964396973,123.659,0.571,124.213,60.407,1
1785490728,31211182,112.818,0.566,113.366,55.968,1
1785490728,64618652,133.903,0.568,134.451,54.492,1
1785490728,131434326,118.786,0.625,119.397,51.755,1
1785490728,164842529,134.791,0.766,135.537,49.553,1
1785490728,231659424,113.003,2.476,114.019,45.283,1
1785490728,298477295,97.914,0.633,98.522,51.337,1
1785490728,331886475,125.973,0.671,126.629,61.513,1
1785490728,398705566,97.14,0.747,97.81,38.004,1
1785490728,465525635,101.155,0.553,101.688,70.699,1
1785490728,532374023,106.833,0.679,107.488,72.646,1
1785490728,599254150,101.887,0.597,102.451,61.844,1
1785490728,699579346,97.068,0.681,97.724,95.598,1
1785490728,733022705,113.087,0.539,113.607,49.328,1
1785490728,766466553,131.301,0.869,132.154,51.985,1
1785490728,833356689,118.448,0.572,119.001,53.741,1
1785490728,900249756,102.193,0.78,102.959,50.844,1
1785490728,933697266,123.143,0.778,123.909,54.393,1
1785490728,967145508,146.137,0.626,146.744,56.29,1
1785490729,34044434,125.546,0.68,126.208,46.365,1
1785490729,100946045,106.877,0.652,107.51,48.202,1
1785490729,134397949,131.594,0.643,132.219,58.163,1
1785490729,201303955,110.249,0.552,110.78,45.47,1
1785490729,234758057,118.229,0.578,118.789,41.462,1
1785490729,335124756,86.028,0.596,86.591,68.168,1
1785490729,402039551,86.281,0.624,86.885,67.21,1
1785490729,468957031,86.462,0.776,87.225,67.251,1
1785490729,535797119,87.933,0.623,88.478,68.1,1
1785490729,602588379,84.604,0.559,85.143,63.456,1
1785490729,669380371,83.159,0.619,83.762,65.41,1
1785490729,736172852,92.19,0.856,93.027,76.054,1
1785490729,802965820,89.798,0.763,90.475,64.242,1
1785490729,869759766,87.192,0.559,87.734,64.057,1
1785490729,936553955,85.284,0.612,85.879,64.937,1
1785490730,3349121,84.378,0.571,84.931,65.849,1
1785490730,70144531,81.758,0.626,82.366,64.23,1
1785490730,136940918,82.821,0.565,83.369,67.799,1
1785490730,203737549,83.056,0.78,83.817,67.244,1
1785490730,270535156,85.037,0.574,85.592,68.574,1
1785490730,337333008,86.202,0.713,86.9,68.102,1
1785490730,404131836,97.07,0.915,97.966,77.857,1
1785490730,437531250,118.808,1.36,120.155,55.591,1
1785490730,504330811,101.054,0.886,101.931,48.573,1
1785490730,537730469,122.146,0.672,122.804,54.277,1
1785490730,604504150,120.173,0.567,120.723,64.698,1
1785490730,671283447,108.81,0.772,109.563,55.619,1
1785490730,704673340,127.369,0.771,128.12,51.943,1
1785490730,771453125,130.112,1.436,131.54,70.181,1
1785490730,804843262,132.868,0.879,133.73,35.597,1
1785490730,871623779,117.286,0.664,117.931,50.988,1
1785490730,938404541,114.388,0.649,115.018,63.868,1
1785490731,5185791,96.699,4.877,101.553,53.306,1
1785490731,38576416,108.867,0.557,109.405,41.253,1
1785490731,71967285,120.702,0.63,121.309,45.294,1
1785490731,138749512,103.017,0.825,103.82,49.285,1
1785490731,172140625,113.507,0.717,114.211,43.787,1
1785490731,238923096,102.698,0.707,103.39,55.954,1
1785490731,272314697,120.455,0.668,121.165,51.118,1
1785490731,339097900,109.711,0.711,110.412,56.084,1
1785490731,372489502,127.734,0.728,128.445,51.43,1
1785490731,439273438,118.059,0.665,118.709,57.044,1
1785490731,506057617,134.753,3.003,137.765,85.817,1
1785490731,572842041,117.624,0.754,118.362,47.405,1
1785490731,672987061,82.733,0.651,83.366,65.152,1
1785490731,773132324,83.48,0.606,84.07,100.85,1
1785490731,839895996,91.457,0.904,92.34,75.026,1
1785490731,873277832,109.862,0.573,110.412,51.463,1
1785490731,906659912,109.697,0.633,110.313,33.282,1
1785490732,6805664,82.353,0.561,82.895,72.728,1
1785490732,106951904,87.712,0.826,88.516,105.764,1
1785490732,140333984,111.289,0.727,111.999,56.868,1
1785490732,173716064,115.306,0.997,116.297,37.665,1
1785490732,240480469,98.023,0.977,98.983,49.46,1
1785490732,307244873,85.702,0.631,86.316,54.102,1
1785490732,374009521,88.639,0.707,89.329,69.777,1
1785490732,407391846,101.891,0.674,102.547,46.597,1
1785490732,440774170,119.656,0.832,120.478,51.306,1
1785490732,507538818,114.536,0.554,115.072,61.37,1
1785490732,574303955,99.252,0.807,100.047,51.733,1
1785490732,607677246,111.787,0.793,112.561,45.892,1
1785490732,641050537,121.562,0.849,122.401,43.206,1
1785490732,707796875,117.239,0.582,117.8,62.155,1
1785490732,774543213,116.921,0.846,117.751,66.693,1
1785490732,841289307,123.979,0.846,124.984,73.798,1
1785490732,908035156,113.955,0.678,115.803,56.554,1
1785490732,974781006,98.309,0.728,99.014,51.148,1
1785490733,8153809,113.49,0.606,114.074,48.437,1
1785490733,74899170,112.169,0.566,112.716,65.387,1
1785490733,108271973,115.758,0.576,116.367,36.958,1
1785490733,175017090,95.588,0.669,96.16,46.604,1
1785490733,208389648,117.683,0.553,118.217,55.431,1
1785490733,275134766,110.043,0.691,110.716,59.243,1
1785490733,308507080,120.701,0.667,121.35,44.004,1
1785490733,375251953,112.367,0.618,112.971,58.362,1
1785490733,441996338,92.531,0.644,93.091,46.87,1
1785490733,475368652,122.366,2.513,124.896,65.142,1
1785490733,542112793,119.012,0.621,119.615,61.499,1
1785490733,608782227,107.286,3.217,110.516,57.532,1
1785490733,642078613,147.993,0.674,148.648,71.464,1
1785490733,708669922,135.913,0.782,136.681,54.616,1
1785490733,775258789,127.843,0.695,128.515,58.431,1
1785490733,841845459,112.931,0.63,113.543,51.616,1
1785490733,908430176,100.053,1.657,101.713,54.735,1
1785490733,941721680,122.92,0.907,123.809,55.405,1
1785490733,975012451,136.69,1.503,138.181,47.658,1
1785490734,74881836,92.479,0.845,93.254,54.945,1
1785490734,141458740,81.054,0.561,81.595,54.924,1
1785490734,241320068,88.582,0.647,89.177,107.441,1
1785490734,274605957,95.519,0.645,96.139,40.247,1
1785490734,341176270,92.653,2.654,95.308,65.719,1
1785490734,407744141,88.817,0.831,89.628,60.905,1
1785490734,474310059,86.842,1.133,87.961,64.9,1
1785490734,540873779,82.847,0.576,83.407,62.012,1
1785490734,607446777,82.103,0.699,82.784,65.951,1
1785490734,674024170,82.995,0.918,83.647,67.436,1
1785490734,740599365,108.261,0.658,108.904,91.834,1
1785490734,773885986,126.116,0.849,126.946,51.326,1
1785490734,840457764,119.093,0.649,119.724,59.356,1
1785490734,907026855,106.999,0.55,107.531,54.377,1
1785490734,940310547,127.071,1.228,128.284,54.021,1
1785490735,6875977,117.949,0.575,118.507,56.803,1
1785490735,73439209,103.23,1.376,104.603,52.64,1
1785490735,106719971,117.054,0.606,117.644,46.341,1
1785490735,173279541,96.56,0.764,97.236,46.146,1
1785490735,206558350,120.926,0.578,121.487,57.536,1
1785490735,273114258,100.124,1.284,101.389,46.44,1
1785490735,306391357,119.733,0.781,120.307,52.212,1
1785490735,372943604,121.444,0.594,122.019,68.266,1
1785490735,439493652,119.398,2.272,121.674,66.166,1
1785490735,506041260,119.08,0.599,119.657,64.569,1
1785490735,572588623,106.867,0.743,107.674,54.48,1
1785490735,605878906,145.624,0.66,146.261,71.961,1
1785490735,672457764,123.179,0.641,123.8,44.118,1
1785490735,705746338,141.963,0.748,142.704,52.181,1
1785490735,772321777,128.107,0.568,128.652,52.536,1
1785490735,838894775,123.919,0.758,124.66,62.579,1
1785490735,905465332,107.6,0.655,108.237,50.148,1
1785490735,938749756,123.275,0.66,123.917,48.964,1
1785490736,5316650,118.423,0.58,118.985,61.636,1
1785490736,38599365,139.43,1.804,141.21,55.493,1
1785490736,105162842,120.891,0.769,121.645,47.005,1
1785490736,171723877,110.671,0.626,111.291,56.202,1
1785490736,205003662,130.01,0.695,130.903,52.668,1
1785490736,238282715,154.922,0.97,155.872,58.481,1
1785490736,338116211,114.262,0.846,115.096,59.053,1
1785490736,371393066,122.228,0.637,123.247,41.035,1
1785490736,471219727,88.257,0.596,88.833,65.814,1
1785490736,537767822,88.537,0.601,89.121,66.836,1
1785490736,604332764,88.925,0.741,89.649,67.093,1
1785490736,670910645,87.736,0.73,88.452,65.376,1
1785490736,737486328,106.601,2.301,108.896,87.01,1
1785490736,804059326,86.593,0.649,87.224,44.917,1
1785490736,870630127,90.227,0.565,90.775,70.12,1
1785490736,937198486,88.126,0.555,88.662,64.456,1
1785490737,3764648,95.098,0.776,95.708,73.611,1
1785490737,70328125,96.053,1.075,96.936,67.737,1
1785490737,136889404,94.804,0.653,95.437,65.114,1
1785490737,203448242,90.324,0.655,90.929,62.052,1
1785490737,270004639,92.297,0.712,92.991,68.618,1
1785490737,336558594,97.825,0.926,98.736,72.293,1
1785490737,369834717,121.654,0.59,122.226,56.774,1
1785490737,436385254,106.449,0.61,107.045,51.366,1
1785490737,502933350,99.096,1.072,100.151,59.649,1
1785490737,569480957,93.344,0.551,93.878,60.285,1
1785490737,636063232,115.056,1.219,115.958,88.652,1
1785490737,669353271,111.062,0.851,111.896,29.234,1
1785490737,735931885,118.819,0.876,119.685,74.36,1
1785490737,769220459,150.204,0.599,150.784,64.397,1
1785490737,835795410,132.705,0.732,133.419,49.209,1
1785490737,902368164,126.348,0.655,126.983,60.136,1
1785490737,968938477,113.438,0.622,114.043,53.632,1
1785490738,2222656,125.912,0.649,126.547,45.783,1
1785490738,68789551,122.417,0.657,123.061,63.082,1
1785490738,102072021,135.663,0.691,136.33,46.553,1
1785490738,168635254,123.795,0.781,124.467,54.702,1
1785490738,235196045,107.54,0.921,108.236,50.325,1
1785490738,268475586,115.131,1.51,116.658,41.671,1
1785490738,301754639,122.798,0.766,123.548,40.202,1
1785490738,401587891,100.472,0.668,101.126,77.409,1
1785490738,468140625,101.825,0.841,102.649,68.072,1
1785490738,534690918,113.499,0.899,114.381,78.287,1
1785490738,567966797,132.979,0.745,133.758,52.599,1
1785490738,634545410,124.657,0.817,125.456,58.328,1
1785490738,701121582,116.68,0.618,117.28,58.406,1
1785490738,734408691,138.702,1.158,139.847,55.844,1
1785490738,800981201,139.691,1.629,141.321,68.034,1
1785490738,867551514,121.499,0.79,122.269,47.542,1
1785490738,934119141,112.747,0.748,113.48,57.774,1
1785490738,967402100,134.4,0.972,135.36,55.156,1
1785490739,33966309,123.878,0.696,124.558,55.77,1
1785490739,100528076,105.672,0.799,106.453,48.456,1
1785490739,133807861,127.437,0.561,127.981,54.812,1
1785490739,200366211,109.394,1.639,111.056,49.591,1
1785490739,233644287,127.226,0.71,127.916,50.179,1
1785490739,300198730,99.752,0.724,100.456,39.094,1
1785490739,366750977,97.121,0.566,97.671,63.769,1
1785490739,433300537,97.775,0.563,98.397,67.198,1
1785490739,466574463,131.531,0.79,132.337,67.253,1
1785490739,533120605,130.523,0.583,131.087,65.335,1
1785490739,599726563,121.897,0.634,122.513,58.032,1
1785490739,633058594,137.855,0.828,138.625,49.437,1
1785490739,699723145,139.323,0.668,139.979,68.015,1
1785490739,766387451,124.297,0.642,124.923,51.618,1
1785490739,833051514,122.523,0.976,123.423,65.156,1
1785490739,899715332,114.085,0.586,114.655,57.904,1
1785490739,933047363,124.741,0.616,125.339,44.016,1
1785490739,966379150,142.802,0.931,143.718,51.703,1
1785490740,33042969,116.917,0.797,117.527,40.478,1
1785490740,66374756,138.25,0.677,138.911,54.718,1
1785490740,133038086,114.056,0.595,114.635,42.387,1
1785490740,199701416,99.461,0.688,100.12,52.148,1
1785490740,266364746,98.066,0.572,98.618,65.163,1
1785490740,333027832,95.621,0.542,96.143,64.189,1
1785490740,399690674,96.451,0.671,97.069,67.588,1
1785490740,466353516,97.728,0.846,98.43,68.021,1
1785490740,533016113,99.239,0.593,99.816,68.049,1
1785490740,599688477,96.005,0.565,96.55,63.41,1
1785490740,666370850,101.196,0.843,102.014,72.138,1
1785490740,733053223,97.466,0.7,98.148,62.822,1
1785490740,799735840,98.962,0.959,99.912,68.435,1
1785490740,866418457,121.224,1.008,122.22,88.994,1
1785490740,899760010,147.696,0.991,148.668,59.793,1
1785490740,966442871,129.733,0.654,130.368,48.388,1
1785490741,33126221,115.612,0.749,116.335,52.649,1
1785490741,66467773,130.062,0.628,130.672,47.681,1
1785490741,133151123,112.645,0.614,113.33,49.253,1
1785490741,166492920,132.128,0.639,132.749,52.849,1
1785490741,233176514,116.13,0.615,116.723,50.658,1
1785490741,266518311,149.943,0.666,150.592,67.209,1
1785490741,333202148,130.048,0.547,130.577,46.672,1
1785490741,399886230,117.02,1.132,118.149,54.229,1
1785490741,433228271,129.066,0.811,129.862,45.078,1
1785490741,499912598,130.995,0.58,131.553,68.379,1
1785490741,566596680,113.241,0.685,113.909,49.033,1
1785490741,599944092,141.939,0.565,142.487,61.931,1
1785490741,666638916,155.559,0.689,156.22,80.425,1
1785490741,733333984,132.447,0.744,133.176,43.653,1
1785490741,800029785,125.089,0.605,125.674,59.194,1
1785490741,833377686,135.014,0.792,135.79,43.463,1
1785490741,900073975,126.646,0.647,127.276,58.183,1
1785490741,966770508,112.769,0.871,113.629,53.038,1
1785490742,119141,136.661,0.636,137.277,57.009,1
1785490742,66816406,124.91,0.978,125.866,55.28,1
1785490742,100165039,148.157,0.691,148.874,56.319,1
1785490742,166863037,129.685,0.659,130.323,48.19,1
1785490742,233561279,116.241,0.773,116.992,53.368,1
1785490742,300259766,108.873,0.735,109.596,59.287,1
1785490742,333609375,130.74,0.562,131.283,55.052,1
1785490742,400308594,116.347,0.71,117.04,52.451,1
1785490742,433658203,128.795,0.606,129.382,45.695,1
1785490742,500358154,122.325,0.584,122.89,60.209,1
1785490742,533708008,130.76,0.557,131.3,41.76,1
1785490742,600371338,134.781,0.573,135.324,70.688,1
1785490742,666997070,122.447,0.955,123.382,54.68,1
1785490742,700309326,141.388,0.573,141.944,51.877,1
1785490742,766932861,143.854,0.657,144.49,69.166,1
1785490742,833554688,145.327,0.796,146.115,68.237,1
1785490742,900174805,128.836,0.568,129.387,49.906,1
1785490742,966793457,128.046,0.649,128.677,65.909,1
1785490743,33410400,119.47,0.563,120.015,57.955,1
1785490743,66718262,134.783,0.551,135.318,48.61,1
1785490743,133333008,120.443,0.824,121.254,52.547,1
1785490743,166639648,141.54,0.679,142.172,54.226,1
1785490743,233251953,120.939,0.594,121.514,45.956,1
1785490743,266557617,145.509,0.687,146.179,57.97,1
1785490743,333167480,129.277,0.669,129.928,50.36,1
1785490743,366471924,154.905,0.563,155.449,58.827,1
1785490743,433079346,145.47,0.805,146.257,57.411,1
1785490743,499685303,122.429,0.648,123.055,43.406,1
1785490743,532987793,145.667,0.695,146.343,56.589,1
1785490743,599650391,132.389,2.253,134.648,54.946,1
1785490743,666371582,119.359,0.752,120.089,52.184,1
1785490743,699732422,166.138,0.713,166.838,80.105,1
1785490743,799815918,124.288,0.709,124.978,58.225,1
1785490743,833177490,135.695,0.848,136.52,44.901,1
1785490743,899901367,113.758,0.677,114.417,44.629,1
1785490743,933263428,137.907,0.921,138.819,57.749,1
1785490743,999988525,126.675,0.637,127.295,55.216,1
1785490744,33351074,132.368,0.647,132.997,39.065,1
1785490744,133440674,99.163,0.778,99.923,67.016,1
1785490744,200167725,116.925,0.942,117.862,84.654,1
1785490744,266895752,126.643,0.634,127.262,76.138,1
1785490744,333624756,126.029,0.995,127.011,66.466,1
1785490744,400354248,102.368,0.617,102.971,42.698,1
1785490744,467084717,99.53,0.841,100.359,64.114,1
1785490744,533815674,98.57,0.614,99.165,65.546,1
1785490744,600542236,95.614,0.66,96.243,63.804,1
1785490744,667265869,97.439,0.62,98.043,68.52,1
1785490744,733990479,101.711,0.688,102.381,71.066,1
1785490744,800716064,97.682,0.683,98.346,62.69,1
1785490744,867442383,95.958,0.71,96.649,65.029,1
1785490744,934169434,100.484,1.161,101.627,71.705,1
1785490745,897461,104.36,1.028,105.219,70.311,1
1785490745,100991455,94.518,0.624,95.124,90.007,1
1785490745,167721680,94.598,0.607,95.187,66.795,1
1785490745,234452881,96.451,0.562,96.996,68.541,1
1785490745,301184814,97.981,0.551,98.514,68.25,1
1785490745,367917725,96.808,0.569,97.359,65.578,1
1785490745,434651611,95.157,0.564,95.704,65.078,1
1785490745,501386230,99.588,0.545,100.114,71.146,1
1785490745,568120850,97.108,0.613,97.703,64.323,1
1785490745,634856445,100.689,0.939,101.503,70.522,1
1785490745,668224609,131.669,0.693,132.326,64.203,1
1785490745,701593018,165.808,0.723,166.51,67.553,1
1785490745,768330566,131.282,0.964,132.253,32.45,1
1785490745,835069580,127.735,0.594,128.31,62.826,1
1785490745,868439209,146.766,0.57,147.317,52.377,1
1785490745,935179688,122.599,0.638,123.221,42.641,1
1785490745,968550293,140.675,0.727,141.384,51.533,1
1785490746,35292480,128.525,0.843,129.262,54.623,1
1785490746,102035645,115.747,0.696,116.427,53.901,1
1785490746,135407471,138.801,0.716,139.497,56.448,1
1785490746,202152344,126.326,0.669,126.991,54.226,1
1785490746,235525146,130.611,0.786,131.368,37.763,1
1785490746,335645264,100.517,0.788,101.29,70.041,1
1785490746,402393555,98.097,0.619,98.696,64.157,1
1785490746,469142578,108.23,0.859,109.066,77.115,1
1785490746,535893066,100.258,0.622,100.862,58.55,1
1785490746,602642578,97.291,0.683,97.958,63.844,1
1785490746,702770020,100.188,0.777,100.951,103.116,1
1785490746,736146240,129.738,0.717,130.436,62.861,1
1785490746,802900146,117.709,0.929,118.62,54.935,1
1785490746,836277588,135.122,0.765,135.95,50.625,1
1785490746,903033691,122.11,0.613,122.705,53.601,1
1785490746,936412109,141.749,0.976,142.435,53.103,1
1785490747,3170166,124.431,0.618,125.033,49.36,1
1785490747,103309814,93.449,0.619,94.05,69.158,1
1785490747,170071289,94.395,0.615,94.994,67.704,1
1785490747,236834229,94.066,0.584,94.629,66.399,1
1785490747,303598389,95.508,0.553,96.042,68.179,1
1785490747,370364014,95.129,0.559,95.671,66.394,1
1785490747,437131104,104.369,0.667,105.017,76.112,1
1785490747,470514893,125.209,0.579,125.77,54.138,1
1785490747,503899414,128.923,0.64,129.548,37.161,1
1785490747,604129150,100.21,0.676,100.868,71.549,1
1785490747,671053711,99.367,1.102,100.456,66.507,1
1785490747,737982178,110.339,0.591,110.912,77.391,1
1785490747,771447754,140.965,0.799,141.746,64.299,1
1785490747,838381592,112.571,0.759,113.316,38.501,1
1785490747,871849854,132.439,2.05,134.511,54.627,1
1785490747,938789307,113.504,0.829,114.321,46.778,1
1785490747,972260498,129.578,0.885,130.457,49.605,1
1785490748,39205322,126.459,0.724,127.167,63.668,1
1785490748,106153809,123.449,0.709,124.141,63.923,1
1785490748,173106201,107.047,0.977,108.025,50.811,1
1785490748,206583496,126.495,0.551,127.026,52.505,1
1785490748,273541260,111.901,0.952,112.832,52.755,1
1785490748,307021729,145.714,0.627,146.323,66.977,1
1785490748,373984863,118.225,0.645,118.854,39.491,1
1785490748,407467773,133.036,0.716,133.736,48.367,1
1785490748,474436768,120.883,0.96,121.83,55.055,1
1785490748,507922363,133.723,0.627,134.334,45.999,1
1785490748,574893555,112.285,0.635,112.904,45.541,1
1785490748,608354004,133.232,3.245,136.496,57.006,1
1785490748,675277588,112.848,0.777,113.614,44.079,1
1785490748,708740723,128.852,3.189,132.045,51.887,1
1785490748,775669922,115.742,0.693,116.417,51.319,1
1785490748,809135742,134.76,0.637,135.38,52.427,1
1785490748,876070313,124.293,0.632,124.905,56.463,1
1785490748,943008545,108.843,0.799,109.629,51.652,1
1785490748,976479004,131.193,2.491,133.677,57.515,1
1785490749,43422607,124.326,0.76,125.069,58.346,1
1785490749,76895752,126.137,0.543,126.651,35.059,1
1785490749,177320801,89.053,0.546,89.582,63.356,1
1785490749,244275391,88.719,0.561,89.294,66.633,1
1785490749,311233643,88.049,0.645,88.677,66.374,1
1785490749,378195557,88.028,0.794,88.819,67.091,1
1785490749,445161133,88.438,0.628,89.048,67.208,1
1785490749,512130127,88.279,0.558,88.817,66.738,1
1785490749,579100342,89.042,0.55,89.575,67.729,1
1785490749,645894531,90.19,0.69,90.859,68.078,1
1785490749,712742188,92.997,0.663,93.642,69.63,1
1785490749,779591797,87.969,0.561,88.512,61.721,1
1785490749,846442871,90.313,0.683,90.978,69.314,1
1785490749,879868896,113.958,0.625,114.566,57.016,1
1785490749,946722412,99.998,0.678,100.662,52.94,1
1785490750,47005859,86.37,0.648,87.003,86.632,1
1785490750,80434326,111.791,0.645,112.419,58.844,1
1785490750,113863281,136.688,0.654,137.396,58.337,1
1785490750,180722656,120.732,0.921,121.634,51.167,1
1785490750,247583496,93.856,0.819,94.658,39.883,1
1785490750,314446045,101.536,1.046,102.576,74.768,1
1785490750,347877930,117.521,0.948,118.455,49.319,1
1785490750,381310303,131.932,0.806,132.726,47.697,1
1785490750,481609619,104.43,0.983,105.407,72.976,1
1785490750,548477783,88.575,0.903,89.473,50.939,1
1785490750,615346436,84.987,0.645,85.613,63.023,1
1785490750,682013672,86.652,0.62,87.254,68.304,1
1785490750,748679932,87.885,0.557,88.424,67.841,1
1785490750,815345459,83.55,0.606,84.139,62.379,1
1785490750,882010254,95.514,0.815,96.302,78.828,1
1785490750,915342285,122.879,0.639,123.497,60.526,1
1785490750,982005615,121.198,0.559,121.739,64.908,1
1785490751,48668213,98.739,0.75,99.486,44.386,1
1785490751,81999268,110.626,0.781,111.397,45.253,1
1785490751,115330078,137.004,0.625,137.611,59.555,1
1785490751,181990967,118.677,0.791,119.444,48.493,1
1785490751,215321289,134.428,0.69,135.105,48.989,1
1785490751,281980957,121.731,0.56,122.274,53.833,1
1785490751,348639648,94.471,0.622,95.072,39.456,1
1785490751,415297607,93.746,0.694,94.415,66.0,1
1785490751,481954834,89.037,0.707,89.725,61.967,1
1785490751,548611328,92.345,0.621,92.95,69.882,1
1785490751,615267822,93.899,0.627,94.482,68.189,1
1785490751,682088867,89.376,0.641,89.994,62.332,1
1785490751,748910889,93.936,0.618,94.535,71.365,1
1785490751,815734375,85.827,0.529,86.339,58.629,1
1785490751,882558594,90.725,0.674,91.388,71.86,1
1785490751,949384277,85.239,0.599,85.821,61.27,1
1785490752,16210938,99.375,0.899,100.265,81.259,1
1785490752,83038818,89.644,0.699,90.328,56.899,1
1785490752,149867676,86.22,0.726,86.868,63.373,1
1785490752,216697754,84.135,0.579,84.7,64.66,1
1785490752,283529053,87.683,0.663,88.323,70.455,1
1785490752,350361328,86.38,0.58,86.943,65.453,1
1785490752,417194824,89.018,0.656,89.651,69.543,1
1785490752,484029541,84.738,0.714,85.437,62.614,1
1785490752,550865234,86.754,0.774,87.472,68.871,1
1785490752,617701172,84.95,0.633,85.566,64.936,1
1785490752,684506104,95.089,0.689,95.76,76.998,1
1785490752,717909180,142.51,0.903,143.394,81.032,1
1785490752,784715332,116.019,0.632,116.631,40.048,1
1785490752,818118896,138.08,0.562,138.621,55.395,1
1785490752,884926514,125.898,0.617,126.498,54.683,1
1785490752,918330566,147.448,0.6,148.03,54.936,1
1785490752,985139648,135.042,0.68,135.704,54.478,1
1785490753,51949219,116.126,0.74,116.84,47.95,1
1785490753,85354492,152.187,0.885,152.999,69.559,1
1785490753,185571289,100.26,1.436,101.698,48.9,1
1785490753,218977295,122.914,0.538,123.434,55.167,1
1785490753,285790039,115.059,0.562,115.603,58.981,1
1785490753,352603760,99.869,0.805,100.66,51.862,1
1785490753,386010742,119.236,0.641,119.86,52.611,1
1785490753,452825684,126.952,0.833,127.764,74.719,1
1785490753,519641357,105.325,1.918,107.235,46.269,1
1785490753,553049561,120.754,0.564,121.302,47.496,1
1785490753,619865723,104.687,0.658,105.326,50.839,1
1785490753,653187256,125.32,1.007,126.314,54.299,1
1785490753,719829102,116.687,0.567,117.24,57.575,1
1785490753,786469727,106.599,0.805,107.391,56.786,1
1785490753,819789551,132.594,0.58,133.154,59.093,1
1785490753,886428223,126.743,0.619,127.324,60.809,1
1785490753,953065674,114.21,0.57,114.762,54.076,1
1785490754,19701660,106.547,0.73,107.263,59.129,1
1785490754,53019287,122.929,0.683,123.588,49.649,1
1785490754,119653564,109.052,0.643,109.606,52.654,1
1785490754,152970215,140.933,0.626,141.539,65.249,1
1785490754,219602539,134.854,0.699,135.546,60.626,1
1785490754,286233398,134.045,0.644,134.665,65.761,1
1785490754,352863281,125.535,0.624,126.139,58.104,1
1785490754,419491699,120.579,0.71,121.273,61.763,1
1785490754,486118896,125.465,0.983,126.431,71.78,1
1785490754,519431885,155.316,0.766,156.067,62.943,1
1785490754,619370850,108.055,0.575,108.613,52.496,1
1785490754,652689209,141.432,0.769,142.182,66.877,1
1785490754,719324951,120.47,0.75,121.197,45.658,1
1785490754,785958984,102.88,1.055,103.913,49.34,1
1785490754,819275635,120.704,0.594,121.279,50.696,1
1785490754,885907715,112.869,0.563,113.416,58.769,1
1785490754,919223389,133.119,0.934,134.039,53.929,1
1785490754,985853516,137.707,0.664,138.355,70.95,1
1785490755,52482178,122.549,0.695,123.231,51.505,1
1785490755,119109375,96.009,0.936,96.775,40.171,1
1785490755,185735352,85.532,0.55,86.063,55.922,1
1785490755,252359863,84.73,0.626,85.339,65.899,1
1785490755,318983154,86.229,0.61,86.763,68.049,1
1785490755,385604736,83.627,0.564,84.174,64.032,1
1785490755,452225098,84.337,0.948,85.272,67.712,1
1785490755,518844238,87.922,0.643,88.547,69.9,1
1785490755,585461670,84.576,0.648,85.195,63.263,1
1785490755,652090088,86.582,0.617,87.182,68.618,1
1785490755,718726074,88.005,0.657,88.648,68.099,1
1785490755,785360596,84.987,0.542,85.512,63.502,1
1785490755,851993652,89.682,0.576,90.24,71.36,1
1785490755,918625488,88.559,0.526,89.067,65.461,1
1785490755,985255859,93.74,0.619,94.336,71.897,1
1785490756,18570557,105.355,0.745,106.065,45.041,1
1785490756,85198975,93.462,0.633,94.076,54.643,1
1785490756,151825928,91.793,0.671,92.447,64.998,1
1785490756,218451416,90.646,0.578,91.203,65.382,1
1785490756,285075684,93.895,0.745,94.612,70.028,1
1785490756,351698486,89.638,0.89,90.519,62.52,1
1785490756,418319824,87.941,1.063,88.994,65.103,1
1785490756,484939941,94.944,0.89,95.828,73.447,1
1785490756,518249512,108.03,0.556,108.568,46.064,1
1785490756,618177246,87.26,0.913,88.16,79.509,1
1785490756,684816162,86.073,0.803,86.818,65.297,1
1785490756,751453613,86.363,0.851,87.199,67.021,1
1785490756,818089844,86.054,0.626,86.661,66.105,1
1785490756,884724854,89.16,0.89,90.036,69.999,1
1785490756,951358398,90.307,0.788,91.084,67.682,1
1785490757,17990723,90.073,0.605,90.656,66.217,1
1785490757,84621582,86.981,0.741,87.699,63.67,1
1785490757,151251221,84.956,0.676,85.613,64.546,1
1785490757,217879395,86.419,0.612,87.016,68.028,1
1785490757,284506348,86.985,0.868,87.838,67.444,1
1785490757,351132080,90.842,0.703,91.523,70.316,1
1785490757,417756348,88.046,0.667,88.689,63.793,1
1785490757,484379150,91.411,0.8,92.193,70.125,1
1785490757,551000732,88.561,0.706,89.25,63.677,1
1785490757,617622314,87.463,0.79,88.236,65.607,1
1785490757,684260254,87.537,0.681,88.196,66.599,1
1785490757,750896729,88.252,0.667,88.883,67.325,1
1785490757,817531982,87.57,0.74,88.288,66.04,1
1785490757,884165771,96.803,0.61,97.4,75.744,1
1785490757,917482178,119.871,0.592,120.446,56.365,1
1785490757,984114014,113.366,0.639,113.984,60.169,1
1785490758,17429199,134.175,0.704,134.861,54.188,1
1785490758,84059082,123.097,0.646,123.708,55.482,1
1785490758,150687500,104.568,0.823,105.267,48.181,1
1785490758,184000977,118.638,0.736,119.357,47.409,1
1785490758,217314453,127.436,0.791,128.217,42.161,1
1785490758,283939941,121.322,0.522,121.828,60.253,1
1785490758,350564209,106.892,0.635,107.502,52.296,1
1785490758,383875977,128.373,0.945,129.314,55.107,1
1785490758,450498047,126.555,0.592,127.127,64.453,1
1785490758,517118896,111.121,0.572,111.673,51.167,1
1785490758,550428955,132.995,0.624,133.602,55.238,1
1785490758,617048828,113.634,0.744,114.357,47.374,1
1785490758,650445557,134.112,1.211,135.303,54.335,1
1785490758,717239502,123.621,0.713,124.318,55.81,1
1785490758,784034180,107.425,1.588,108.34,50.815,1
1785490758,817431641,119.407,0.882,120.273,45.331,1
1785490758,850829346,138.328,0.587,138.895,52.03,1
1785490758,917625244,127.96,0.893,128.836,56.735,1
1785490758,984421875,102.275,1.104,103.365,41.313,1
1785490759,17820557,125.38,0.549,125.911,55.96,1
1785490759,84618164,105.943,0.932,106.863,47.736,1
1785490759,118017090,124.65,1.064,125.703,52.236,1
1785490759,184815674,109.151,0.61,109.742,50.851,1
1785490759,218215332,125.055,0.571,125.607,49.267,1
1785490759,285014893,102.957,0.733,103.662,44.852,1
1785490759,385215332,89.332,0.653,89.965,86.504,1
1785490759,452016602,86.764,0.619,87.366,64.202,1
1785490759,518818604,92.446,0.608,93.036,72.472,1
1785490759,585621094,87.808,0.553,88.344,62.111,1
1785490759,652380127,88.762,0.552,89.294,67.71,1
1785490759,719166016,92.526,0.564,93.072,70.563,1
1785490759,785952148,89.778,0.819,90.58,64.293,1
1785490759,852739014,91.274,0.931,92.201,68.39,1
1785490759,886132813,106.966,0.72,107.664,48.873,1
1785490759,952920410,100.176,0.576,100.733,59.859,1
1785490760,53103027,85.815,0.586,86.382,85.831,1
1785490760,119892090,87.643,0.57,88.194,68.602,1
1785490760,153286865,111.702,0.632,112.316,57.517,1
1785490760,220076904,103.34,0.681,104.001,58.475,1
1785490760,320262695,89.432,0.561,89.977,86.161,1
1785490760,387054199,89.659,0.655,90.296,67.111,1
1785490760,453845947,87.396,0.869,88.251,64.743,1
1785490760,520638428,91.241,0.583,91.806,70.352,1
1785490760,587431641,86.541,0.625,87.149,62.136,1
1785490760,654224365,87.966,0.548,88.495,68.139,1
1785490760,720991211,85.929,0.603,86.514,64.786,1
1785490760,787758545,84.956,0.566,85.505,65.758,1
1785490760,854525879,89.552,0.564,90.099,71.362,1
1785490760,921293213,91.756,0.691,92.425,69.093,1
1785490760,988061035,95.809,0.697,96.488,70.828,1
1785490761,21444824,120.117,0.585,120.683,57.582,1
1785490761,88212891,109.359,0.672,110.015,56.099,1
1785490761,121596924,129.47,0.741,130.194,53.561,1
1785490761,188365234,125.416,0.758,126.158,62.734,1
1785490761,255133545,110.047,0.756,110.736,51.348,1
1785490761,288517822,141.71,0.556,142.248,64.896,1
1785490761,355286377,120.998,0.829,121.827,46.33,1
1785490761,422055176,102.199,0.56,102.741,47.701,1
1785490761,455439697,128.82,0.575,129.377,60.02,1
1785490761,522208740,99.072,0.553,99.607,37.0,1
1785490761,555593262,120.248,0.582,120.812,54.589,1
1785490761,622362549,94.687,0.555,95.223,41.181,1
1785490761,689101807,93.176,0.777,93.938,65.447,1
1785490761,755855713,88.396,0.861,89.242,62.059,1
1785490761,822609619,88.189,0.627,88.8,66.314,1
1785490761,889363525,87.853,0.605,88.441,66.399,1
1785490761,956117188,88.601,0.712,89.294,67.604,1
1785490762,22870850,88.393,0.76,89.142,66.598,1
1785490762,123001221,87.468,0.729,88.18,99.174,1
1785490762,189754883,87.639,0.774,88.397,66.969,1
1785490762,256508301,90.614,0.697,91.295,69.653,1
1785490762,323261475,98.722,0.908,99.611,75.065,1
1785490762,356638184,107.902,1.049,108.934,42.7,1
1785490762,423391357,94.631,0.63,95.164,52.989,1
1785490762,490144531,91.063,1.312,92.383,63.945,1
1785490762,556897461,85.545,0.811,86.334,60.729,1
1785490762,623650391,86.116,0.671,86.766,67.187,1
1785490762,690437744,85.872,0.653,86.505,66.526,1
1785490762,757014404,85.397,2.814,88.191,68.262,1
1785490762,823588623,87.304,0.725,87.991,66.372,1
1785490762,890160645,96.821,0.552,97.356,75.94,1
1785490762,923445557,120.624,2.231,122.861,58.765,1
1785490762,990013672,109.59,0.871,110.437,54.166,1
1785490763,23296875,128.553,0.581,129.116,51.965,1
1785490763,89861328,112.606,0.617,113.21,50.654,1
1785490763,123142578,124.084,0.664,124.735,44.805,1
1785490763,189703613,106.85,0.981,107.823,49.642,1
1785490763,222983154,146.434,1.094,147.51,72.973,1
1785490763,289540283,139.492,0.727,140.198,59.251,1
1785490763,356094971,119.685,0.869,120.539,46.888,1
1785490763,422647461,96.519,0.716,97.199,43.219,1
1785490763,455922852,126.145,0.692,126.82,62.897,1
1785490763,522471436,111.722,0.772,112.481,52.202,1
1785490763,555744873,131.176,0.67,131.825,52.624,1
1785490763,622290039,111.654,0.683,112.317,47.04,1
1785490763,655561523,128.09,0.823,128.819,49.766,1
1785490763,722142090,129.096,0.858,129.935,67.699,1
1785490763,788806641,107.293,0.71,107.987,44.72,1
1785490763,822138916,133.373,0.572,133.926,59.272,1
1785490763,888803223,115.956,0.645,116.586,49.319,1
1785490763,922135254,140.914,0.753,141.647,58.397,1
1785490763,988799316,112.855,0.664,113.505,38.52,1
1785490764,55463379,107.483,0.648,108.149,61.275,1
1785490764,88795166,121.741,1.324,123.06,48.265,1
1785490764,155458984,102.686,0.587,103.256,46.873,1
1785490764,188790771,124.784,0.988,125.757,55.824,1
1785490764,255454346,100.3,0.577,100.86,41.777,1
1785490764,322117676,100.744,1.916,102.663,68.445,1
1785490764,355449463,126.708,2.553,129.25,59.931,1
1785490764,422112549,106.399,0.88,107.279,44.68,1
1785490764,455444336,133.818,0.755,134.553,60.616,1
1785490764,522107178,115.312,0.887,116.182,48.294,1
1785490764,555438721,145.995,1.174,147.157,64.301,1
1785490764,622101563,127.34,0.631,127.954,47.474,1
1785490764,688761230,109.355,2.134,111.219,49.794,1
1785490764,722101318,127.009,0.626,127.612,49.863,1
1785490764,788781738,104.752,0.576,105.312,44.38,1
1785490764,822122070,128.66,0.7,129.346,57.371,1
1785490764,888802734,122.791,0.59,123.362,60.701,1
1785490764,955483643,109.165,0.887,110.046,53.348,1
1785490764,988824219,124.461,0.552,124.997,48.308,1
1785490765,55505127,106.647,0.785,107.414,49.095,1
1785490765,88845703,121.426,0.544,121.952,47.883,1
1785490765,188867676,91.287,0.607,91.877,69.946,1
1785490765,255549072,91.226,0.566,91.774,66.58,1
1785490765,322230713,90.839,0.7,91.521,66.428,1
1785490765,388912598,90.007,0.602,90.564,65.724,1
1785490765,455594482,90.156,0.571,90.709,66.828,1
1785490765,522276611,90.622,0.628,91.216,67.189,1
1785490765,588958740,87.362,0.601,87.946,63.412,1
1785490765,655641113,90.929,0.639,91.546,70.283,1
1785490765,722327881,87.771,0.545,88.297,63.438,1
1785490765,789023438,88.587,0.802,89.373,67.767,1
1785490765,855719482,90.782,0.787,91.553,68.877,1
1785490765,922416016,88.641,0.559,89.182,64.329,1
1785490765,989113037,113.598,0.709,114.283,91.797,1
1785490766,22461670,117.1,0.556,117.636,36.703,1
1785490766,55810303,136.274,0.668,136.925,52.637,1
1785490766,122508057,122.061,0.704,122.752,52.518,1
1785490766,189206299,106.237,0.638,106.863,50.808,1
1785490766,222555420,126.797,0.58,127.359,53.852,1
1785490766,289254150,108.709,0.645,109.336,48.675,1
1785490766,355953369,108.363,0.875,109.239,66.577,1
1785490766,389303223,125.779,0.676,126.434,50.564,1
1785490766,456003174,113.629,0.739,114.349,54.62,1
1785490766,489353271,133.076,0.605,133.663,52.665,1
1785490766,556053711,116.101,0.635,116.724,49.756,1
1785490766,622754395,95.707,0.609,96.3,46.282,1
1785490766,689468018,88.691,0.626,89.304,59.714,1
1785490766,756092773,90.303,0.642,90.933,68.254,1
1785490766,822716064,90.906,0.795,91.69,67.38,1
1785490766,889337891,92.121,0.647,92.756,67.688,1
1785490766,955958008,91.088,0.57,91.64,65.509,1
1785490767,22576416,90.764,0.556,91.321,66.281,1
1785490767,89193359,95.429,0.774,96.188,71.5,1
1785490767,155808594,91.035,0.572,91.589,62.019,1
1785490767,255728760,91.227,0.683,91.892,100.223,1
1785490767,322340088,96.855,0.769,97.617,72.326,1
1785490767,355645264,127.669,0.621,128.212,63.91,1
1785490767,422254150,108.556,0.676,109.212,47.607,1
1785490767,455558105,137.459,0.877,138.355,62.405,1
1785490767,522164551,131.814,0.792,132.592,60.884,1
1785490767,588769531,97.404,0.825,98.218,32.227,1
1785490767,655373047,108.033,0.686,108.692,77.085,1
1785490767,688674072,123.488,0.556,124.026,48.636,1
1785490767,755535645,105.405,0.653,106.039,48.868,1
1785490767,788967285,132.344,0.86,133.186,60.58,1
1785490767,855832764,115.356,0.682,115.969,49.653,1
1785490767,889266357,132.364,0.949,133.301,50.749,1
1785490767,956135742,116.704,0.677,117.359,50.943,1
1785490767,989571289,134.716,0.728,135.426,51.501,1
1785490768,56444336,106.54,0.81,107.332,38.778,1
1785490768,89882080,129.35,0.561,129.889,55.999,1
1785490768,156759033,115.038,0.663,115.684,52.669,1
1785490768,190198486,137.612,0.766,138.361,56.116,1
1785490768,257079346,119.907,0.836,120.623,49.141,1
1785490768,323962891,113.259,0.615,113.853,60.118,1
1785490768,357405518,127.23,0.667,127.88,47.469,1
1785490768,424292969,110.847,0.833,111.666,50.667,1
1785490768,457737549,128.354,0.765,129.03,50.815,1
1785490768,524628662,110.739,0.917,111.648,49.493,1
1785490768,558075439,126.16,0.815,126.866,48.68,1
1785490768,624970459,102.853,3.305,106.139,46.159,1
1785490768,691865967,113.597,0.625,114.205,74.972,1
1785490768,725297363,131.341,1.003,132.325,51.549,1
1785490768,792162354,122.983,0.68,123.634,58.175,1
1785490768,859029785,96.029,0.784,96.797,40.028,1
1785490768,925899902,93.391,0.553,93.927,64.005,1
1785490768,992772461,91.191,0.63,91.804,64.749,1
1785490769,59647949,87.215,0.638,87.837,62.908,1
1785490769,126525879,91.287,0.644,91.915,70.956,1
1785490769,193406494,93.449,0.575,94.007,68.973,1
1785490769,226847656,110.417,0.689,111.088,50.522,1
1785490769,260289551,131.585,0.876,132.443,54.793,1
1785490769,327175293,123.976,0.774,124.718,59.163,1
1785490769,394063721,108.519,0.997,109.514,51.661,1
1785490769,427509033,121.984,0.872,122.84,46.793,1
1785490769,494401367,104.904,0.7,105.581,49.63,1
1785490769,527848389,124.838,0.6,125.425,53.293,1
1785490769,594744629,121.346,0.709,122.038,63.511,1
1785490769,661643555,101.155,0.668,101.876,46.666,1
1785490769,695092041,121.69,0.56,122.232,53.878,1
1785490769,761872070,100.663,0.886,101.53,46.071,1
1785490769,795262207,133.903,0.59,134.459,66.325,1
1785490769,828652588,153.237,0.745,153.974,52.897,1
1785490769,928824219,126.681,0.907,127.575,73.771,1
1785490769,995605957,106.974,0.971,107.88,47.077,1
1785490770,28996826,127.289,0.613,127.884,53.413,1
1785490770,95779053,106.916,0.771,107.67,46.566,1
1785490770,730207031,317.875,0.772,318.632,845.388,1
