capture_sec,capture_nanosec,target3d_in_age_ms,target3d_compute_ms,target3d_out_age_ms,depth_vs_color_skew_ms,depth_valid
1785490470,109260498,231.296,0.646,231.813,166.807,0
1785490470,276756348,153.907,0.461,154.28,133.248,0
1785490470,377270752,111.197,3048.559,3159.634,32.733,1
1785490472,881393311,671.001,3.616,674.446,-2471.389,1
1785490472,947988770,618.794,2.76,621.428,596.461,1
1785490472,981285400,591.486,2.595,593.961,563.165,1
1785490473,47876221,530.291,2.902,533.063,496.574,1
1785490473,114464111,469.56,3.099,472.524,429.986,1
1785490473,181048828,410.436,3.009,413.307,363.401,1
1785490473,214340332,383.463,2.74,386.087,330.11,1
1785490473,314209473,289.006,2.382,291.275,230.241,1
1785490473,380785156,228.25,2.97,231.076,163.665,1
1785490473,447357666,172.744,4.941,177.509,97.093,1
1785490473,513927246,118.242,2.499,120.624,30.523,1
1785490473,547210938,121.208,3.016,123.98,63.761,1
1785490473,613775879,117.261,2.225,119.377,63.717,1
1785490473,680341309,120.974,4.577,125.444,63.74,1
1785490473,746971924,117.292,4.053,121.228,63.696,1
1785490473,813600586,108.619,2.952,111.352,63.651,1
1785490473,846914307,130.871,2.683,133.429,96.92,1
1785490473,913539795,119.265,2.519,121.658,96.875,1
1785490473,980163330,105.486,3.442,108.798,30.251,1
1785490474,13474121,125.389,3.066,128.328,63.518,1
1785490474,80094482,124.025,8.896,132.788,63.474,1
1785490474,146712891,118.585,2.786,121.21,63.429,1
1785490474,213329102,108.676,8.267,116.792,63.385,1
1785490474,246636475,141.558,2.538,143.974,96.647,1
1785490474,313249756,129.871,2.281,132.024,96.603,1
1785490474,379860840,116.183,5.183,121.224,96.557,1
1785490474,413165771,136.913,3.725,140.5,63.252,1
1785490474,479773682,123.326,2.277,125.485,63.208,1
1785490474,546379639,115.657,2.042,117.59,63.163,1
1785490474,612983643,102.721,2.975,105.562,63.119,1
1785490474,679588379,90.704,2.654,93.246,63.121,1
1785490474,746237793,93.659,2.878,96.415,63.078,1
1785490474,812885742,86.688,2.312,88.893,63.033,1
1785490474,879532227,89.313,2.303,91.513,62.99,1
1785490474,946177246,86.404,2.442,88.736,62.946,1
1785490475,12820801,84.443,2.174,86.512,62.903,1
1785490475,79463135,85.847,2.083,87.828,62.858,1
1785490475,146103760,87.512,2.149,89.553,62.815,1
1785490475,212743164,86.0,2.247,88.053,62.771,1
1785490475,279381104,85.487,2.43,87.798,62.727,1
1785490475,312699463,102.587,3.402,105.856,29.409,1
1785490475,379335205,91.428,2.26,93.529,29.366,1
1785490475,445969482,85.624,2.113,87.629,29.323,1
1785490475,512602295,87.111,1.953,88.964,29.28,1
1785490475,579233643,85.493,2.158,87.54,29.237,1
1785490475,645863525,90.438,2.21,92.545,29.194,1
1785490475,712510742,112.359,2.87,115.094,29.165,1
1785490475,745840820,130.642,4.718,135.196,62.452,1
1785490475,812500244,120.909,2.481,123.285,-4.207,1
1785490475,879158447,119.697,5.574,125.124,62.365,1
1785490475,945815674,109.27,5.202,114.332,62.321,1
1785490475,979143799,121.437,2.615,123.947,95.606,1
1785490476,79126709,85.594,2.488,87.976,62.234,1
1785490476,145780518,86.906,2.191,88.993,62.191,1
1785490476,212433350,95.66,3.116,98.623,62.147,1
1785490476,245759521,119.621,2.826,122.33,95.43,1
1785490476,279085205,122.9,2.371,125.153,62.104,1
1785490476,345735840,120.206,2.616,122.705,62.06,1
1785490476,412385254,104.464,3.433,107.726,62.018,1
1785490476,445709717,122.694,2.208,124.775,95.297,1
1785490476,512357422,119.815,2.964,122.632,95.254,1
1785490476,579004395,102.576,3.427,105.532,28.607,1
1785490476,612327393,126.259,2.916,129.045,-4.716,1
1785490476,678974365,120.279,2.17,122.343,61.865,1
1785490476,745641602,104.725,2.334,106.936,61.823,1
1785490476,778975098,117.091,2.161,119.135,95.112,1
1785490476,878973877,89.583,2.159,91.641,61.736,1
1785490476,945638672,100.042,3.381,103.197,61.692,1
1785490477,12302490,88.569,2.255,90.721,61.649,1
1785490477,78965576,87.965,2.197,90.058,61.605,1
1785490477,145627686,89.763,2.235,91.893,61.563,1
1785490477,212288818,89.836,2.303,92.035,61.519,1
1785490477,278949219,86.197,2.239,88.325,61.476,1
1785490477,345608643,93.095,2.856,95.795,61.432,1
1785490477,378937988,115.164,2.679,117.721,94.719,1
1785490477,412267090,122.36,2.147,124.402,61.39,1
1785490477,545581543,93.262,2.27,95.357,61.303,1
1785490477,612237305,91.016,2.41,93.31,61.26,1
1785490477,678894043,90.911,3.455,93.898,61.233,1
1785490477,712230225,121.488,3.227,124.456,94.525,1
1785490477,745566162,142.818,5.013,147.289,61.189,1
1785490477,812237549,123.713,2.788,126.386,-5.482,1
1785490477,878908447,116.727,2.999,119.608,61.103,1
1785490477,945578369,118.266,2.359,120.522,61.061,1
1785490478,12247559,107.526,2.948,110.335,61.018,1
1785490478,45581787,126.351,2.074,128.27,94.308,1
1785490478,112249756,119.266,3.465,122.583,94.265,1
1785490478,145583496,139.768,6.543,146.184,60.932,1
1785490478,212250488,122.625,2.907,125.4,60.888,1
1785490478,278916748,101.563,5.16,106.603,60.845,1
1785490478,312249512,115.056,2.269,117.197,94.134,1
1785490478,378914551,107.023,2.446,109.336,27.469,1
1785490478,445578857,97.094,3.462,100.196,27.427,1
1785490478,545573975,89.986,2.198,92.079,60.672,1
1785490478,612236328,90.748,2.202,92.848,60.629,1
1785490478,678899170,96.329,2.54,98.761,60.598,1
1785490478,712235840,126.217,2.353,128.456,93.891,1
1785490478,778908936,105.137,2.023,107.053,27.218,1
1785490478,845581299,96.427,2.466,98.613,27.175,1
1785490478,945588379,112.747,5.662,117.517,60.425,1
1785490478,978923584,133.91,2.512,136.298,93.717,1
1785490479,45593750,134.517,7.182,141.561,93.674,1
1785490479,112263184,131.421,2.629,133.935,93.63,1
1785490479,178931885,117.785,3.836,121.503,93.587,1
1785490479,212265869,147.966,2.144,150.01,60.253,1
1785490479,278933594,134.302,2.399,136.569,-6.415,1
1785490479,345600342,126.253,3.742,129.869,60.167,1
1785490479,412266602,115.13,3.335,118.218,60.124,1
1785490479,478932129,110.356,8.049,118.255,-6.542,1
1785490479,512264648,140.3,7.177,147.337,93.37,1
1785490479,545596924,158.742,2.628,161.171,126.658,1
1785490479,645592529,136.109,2.994,138.979,93.308,1
1785490479,712270264,139.427,3.389,142.237,93.274,1
1785490479,778957275,122.597,3.72,126.188,93.231,1
1785490479,845644043,98.702,3.045,101.599,26.545,1
1785490479,912330322,110.897,6.025,116.799,26.502,1
1785490479,979016357,98.307,10.135,108.272,26.459,1
1785490480,12359375,120.378,2.738,122.999,59.759,1
1785490480,79044922,119.3,2.309,121.496,59.717,1
1785490480,145730225,101.96,4.129,105.692,59.674,1
1785490480,179072754,124.043,3.981,127.899,92.974,1
1785490480,245757568,105.781,3.445,109.042,26.289,1
1785490480,279099854,124.231,3.165,127.264,59.588,1
1785490480,345784180,110.708,4.392,114.973,59.546,1
1785490480,379126221,126.757,2.467,129.087,92.845,1
1785490480,445810059,102.926,4.708,107.361,26.161,1
1785490480,479151855,133.595,3.396,136.855,59.46,1
1785490480,545835205,124.418,2.174,126.485,59.417,1
1785490480,612518311,116.881,6.075,122.827,59.375,1
1785490480,645859863,142.67,6.774,149.317,92.661,1
1785490480,712534424,126.839,3.714,130.291,92.612,1
1785490480,779203369,120.027,2.532,122.436,92.569,1
1785490480,845871582,99.063,3.615,102.547,25.901,1
1785490480,879205322,128.155,3.302,130.643,59.191,1
1785490480,945872314,126.62,3.416,129.903,59.148,1
1785490481,12538330,109.82,3.853,113.524,59.105,1
1785490481,45871094,127.167,2.473,129.508,92.395,1
1785490481,112536133,130.798,2.614,133.106,92.35,1
1785490481,179200195,101.994,2.546,104.35,25.686,1
1785490481,245863525,97.81,2.14,99.841,25.644,1
1785490481,312526123,94.994,2.129,97.018,25.601,1
1785490481,379187744,94.322,2.4,96.611,25.559,1
1785490481,445848877,92.007,2.626,94.506,25.515,1
1785490481,512508789,94.453,2.426,96.768,25.473,1
1785490481,579168213,95.243,2.395,97.469,25.43,1
1785490481,645826660,90.324,2.369,92.581,-41.229,1
1785490481,712573242,92.633,2.467,94.99,25.409,1
1785490481,779400635,93.859,2.357,96.106,25.367,1
1785490481,846229492,89.309,2.176,91.381,-41.462,1
1785490481,913059570,94.037,4.57,98.413,25.283,1
1785490481,979890625,92.285,2.35,94.529,-41.548,1
1785490482,46723145,91.808,3.768,95.416,25.198,1
1785490482,113556641,95.934,2.576,98.296,25.157,1
1785490482,180391602,90.545,2.374,92.75,-41.678,1
1785490482,247227539,92.918,2.247,95.047,25.073,1
1785490482,314064697,90.587,2.134,92.615,25.03,1
1785490482,380903320,88.621,2.069,90.584,24.989,1
1785490482,447742920,91.661,2.13,93.686,24.946,1
1785490482,514583984,92.146,2.11,94.148,24.904,1
1785490482,548004883,109.293,2.799,111.868,-8.517,1
1785490482,614847412,107.74,2.013,109.652,58.242,1
1785490482,648269287,135.492,2.241,137.624,91.52,1
1785490482,715049316,131.652,2.842,134.375,91.441,1
1785490482,781792480,122.688,3.257,125.822,91.4,1
1785490482,848536865,119.547,2.141,121.569,24.655,1
1785490482,915282471,100.686,5.651,106.187,-42.09,1
1785490482,948655762,124.259,2.632,126.782,57.945,1
1785490483,15403320,119.902,2.457,122.175,57.904,1
1785490483,82151855,110.066,6.679,116.584,57.862,1
1785490483,115526611,127.617,6.853,134.309,91.196,1
1785490483,182277100,122.332,2.635,124.841,91.155,1
1785490483,249029053,112.13,2.747,114.559,91.114,1
1785490483,282405273,129.547,3.203,132.574,57.738,1
1785490483,349158936,119.987,2.204,122.088,57.697,1
1785490483,415913818,100.146,5.544,105.52,57.655,1
1785490483,449291504,125.561,2.137,127.564,90.992,1
1785490483,516048340,96.118,3.399,99.382,24.236,1
1785490483,549427002,119.408,2.221,121.524,57.572,1
1785490483,649565430,87.984,2.792,90.581,24.151,1
1785490483,716272949,104.504,2.784,107.153,24.076,1
1785490483,749607666,123.416,2.811,125.995,57.368,1
1785490483,816276367,121.562,3.255,124.644,57.324,1
1785490483,882944092,92.737,2.181,94.814,57.281,1
1785490483,949611084,112.163,2.429,114.488,57.238,1
1785490483,982944336,126.214,2.715,128.787,90.528,1
1785490484,49610107,99.16,2.82,101.864,23.863,1
1785490484,116275146,112.718,2.565,115.085,90.441,1
1785490484,182939209,95.719,2.72,98.306,23.777,1
1785490484,249602783,90.033,2.231,92.158,23.734,1
1785490484,316265381,87.37,2.236,89.5,23.691,1
1785490484,382927002,90.709,2.104,92.711,23.648,1
1785490484,449587891,88.406,2.121,90.426,-43.013,1
1785490484,516248047,88.309,2.126,90.331,23.563,1
1785490484,582907471,92.625,2.205,94.718,23.521,1
1785490484,616236816,119.245,2.172,121.306,-9.809,1
1785490484,682895508,121.569,2.333,123.78,56.774,1
1785490484,749564697,108.773,4.145,112.765,56.731,1
1785490484,782898926,137.899,9.855,146.065,90.022,1
1785490484,849566895,124.859,5.081,129.818,89.979,1
1785490484,916234131,112.784,2.609,115.268,89.935,1
1785490484,949567627,146.488,2.558,148.843,123.224,1
1785490485,16233398,121.86,2.246,123.992,56.559,1
1785490485,82898682,109.044,2.366,111.285,56.515,1
1785490485,116230957,125.739,2.273,127.852,89.804,1
1785490485,182895020,114.946,2.665,117.486,89.76,1
1785490485,216226807,136.725,2.263,138.851,56.428,1
1785490485,282889648,116.708,2.626,119.174,56.386,1
1785490485,316220703,131.079,2.628,133.594,89.673,1
1785490485,382882324,118.757,2.418,121.044,89.63,1
1785490485,416212646,129.643,10.134,139.558,56.3,1
1785490485,482873047,122.81,2.806,125.483,56.256,1
1785490485,549532715,107.038,2.772,109.668,56.214,1
1785490485,582862305,124.393,2.649,126.929,89.499,1
1785490485,649520752,108.112,4.472,112.472,89.541,1
1785490485,682850098,167.478,2.875,170.222,122.927,1
1785490485,782986572,102.237,7.047,109.146,22.79,1
1785490485,816366211,144.77,3.008,147.664,122.847,1
1785490485,883126465,120.18,2.359,122.419,56.087,1
1785490485,983270020,94.427,2.479,96.749,22.665,1
1785490486,50034180,95.271,2.089,97.254,22.623,1
1785490486,116799805,103.274,3.11,106.241,22.581,1
1785490486,183567139,91.427,2.013,93.338,-44.187,1
1785490486,250335693,88.551,2.188,90.621,22.497,1
1785490486,317105957,110.055,3.237,112.837,22.455,1
1785490486,350491699,121.356,2.81,124.032,-10.93,1
1785490486,417264404,103.129,2.855,105.842,55.758,1
1785490486,450651123,119.782,2.383,122.052,89.104,1
1785490486,484038330,123.361,2.355,125.501,55.716,1
1785490486,584202393,89.589,3.177,92.599,22.287,1
1785490486,650980225,88.686,3.543,92.11,-44.491,1
1785490486,684368896,121.003,7.734,128.557,55.514,1
1785490486,717711426,141.014,3.386,144.061,22.171,1
1785490486,784396240,123.725,4.149,127.753,88.77,1
1785490486,851080322,99.701,6.217,105.771,22.086,1
1785490486,917763916,93.934,2.603,96.369,-44.598,1
1785490486,984446777,93.422,2.644,95.958,-111.281,1
1785490487,51129395,93.64,3.071,96.588,21.958,1
1785490487,117811279,94.125,2.633,96.588,-44.724,1
1785490487,184492676,94.764,2.894,97.532,21.872,1
1785490487,251173584,94.7,2.201,96.779,21.83,1
1785490487,317854004,87.779,2.234,89.91,-44.85,1
1785490487,384533936,88.787,2.283,90.895,21.745,1
1785490487,451213135,87.944,2.209,90.047,21.703,1
1785490487,517891846,92.733,2.32,94.943,21.66,1
1785490487,584570068,90.677,2.146,92.714,21.617,1
1785490487,651247803,88.898,4.88,93.562,21.574,1
1785490487,718018066,95.523,3.38,98.777,-45.196,1
1785490487,784790039,100.867,2.465,103.174,21.52,1
1785490487,851563721,115.868,2.666,118.38,21.479,1
1785490487,884951172,134.404,7.621,139.429,-11.909,1
1785490487,951727295,126.823,3.21,129.895,-78.685,1
1785490488,18505371,117.3,2.214,119.405,-145.463,1
1785490488,85285156,129.533,6.136,135.504,54.701,1
1785490488,152066650,97.488,2.291,99.662,54.659,1
1785490488,218849854,99.545,2.227,101.653,54.619,1
1785490488,252241943,120.795,2.936,123.622,87.97,1
1785490488,319027832,106.596,2.627,109.05,87.93,1
1785490488,352421387,123.078,3.605,126.559,54.537,1
1785490488,419209717,100.877,3.116,103.865,-12.252,1
1785490488,452604492,122.691,2.795,125.363,87.85,1
1785490488,519395508,119.938,2.262,122.004,87.809,1
1785490488,586188232,101.934,6.361,108.17,21.016,1
1785490488,619585449,136.355,5.294,141.496,54.347,1
1785490488,686331787,107.355,2.734,109.973,-12.399,1
1785490488,719681396,126.535,2.46,128.878,-45.749,1
1785490488,819730225,89.621,2.151,91.668,54.167,1
1785490488,853079834,112.098,3.968,115.927,87.473,1
1785490488,886429199,128.456,3.256,131.503,54.124,1
1785490488,986477051,105.699,2.577,108.147,87.387,1
1785490489,86524170,88.21,2.165,90.274,53.996,1
1785490489,153222168,89.28,2.296,91.474,53.953,1
1785490489,219919678,89.978,2.226,92.1,-12.745,1
1785490489,286616943,88.09,1.949,89.942,53.867,1
1785490489,353313965,88.259,2.193,90.348,53.825,1
1785490489,420010498,86.481,4.621,90.984,53.782,1
1785490489,486707031,89.103,2.161,91.161,53.74,1
1785490489,553403320,89.465,2.253,91.613,53.697,1
1785490489,620099121,98.358,2.203,100.443,53.661,1
1785490489,653447266,135.744,2.401,138.038,86.967,1
1785490489,720148438,123.049,2.329,125.27,86.924,1
1785490489,786849609,119.355,3.266,122.482,86.881,1
1785490489,853550293,97.112,10.758,107.746,20.18,1
1785490489,920250977,95.955,5.819,101.614,20.138,1
1785490489,986951172,96.847,4.462,101.183,-46.562,1
1785490490,87000977,90.858,2.386,93.13,53.361,1
1785490490,153700684,88.667,2.194,90.755,53.318,1
1785490490,220400146,88.92,2.174,90.988,53.275,1
1785490490,287099121,87.578,2.206,89.682,53.232,1
1785490490,353798096,88.538,2.175,90.609,53.19,1
1785490490,420496582,87.492,2.091,89.48,53.147,1
1785490490,487195068,86.288,2.197,88.379,53.104,1
1785490490,587242188,86.576,2.365,88.835,19.712,1
1785490490,653939941,87.358,2.774,89.956,19.675,1
1785490490,720639160,90.521,2.666,93.01,-47.024,1
1785490490,787338135,89.838,8.5,98.206,-113.723,1
1785490490,820687500,118.48,3.2,121.559,52.892,1
1785490490,887385986,119.73,2.618,122.234,52.85,1
1785490490,954084229,108.36,3.05,111.271,52.806,1
1785490490,987433105,125.995,2.381,128.257,86.113,1
1785490491,54131104,112.469,12.789,125.065,19.415,1
1785490491,87479736,134.843,2.835,137.538,52.721,1
1785490491,154177246,120.611,3.552,124.043,52.679,1
1785490491,220874268,101.474,3.295,104.642,52.636,1
1785490491,254222656,121.706,2.549,124.134,85.942,1
1785490491,320919434,103.994,2.896,106.756,19.245,1
1785490491,354267578,122.839,4.092,126.781,-14.103,1
1785490491,420963867,106.409,4.606,110.894,52.508,1
1785490491,454312012,120.439,2.687,122.993,19.16,1
1785490491,521007813,96.586,3.283,99.743,-47.536,1
1785490491,587703369,94.939,2.35,97.165,-114.231,1
1785490491,654398926,94.57,2.808,97.252,19.038,1
1785490491,721098633,94.045,3.603,97.44,18.991,1
1785490491,787798340,91.77,7.061,98.163,-47.708,1
1785490491,821148193,120.815,4.95,125.646,52.256,1
1785490491,887847412,118.543,2.695,121.103,52.213,1
1785490491,954546387,104.084,2.842,106.801,52.17,1
1785490491,987895752,134.321,2.293,136.492,85.477,1
1785490492,54594238,124.746,2.734,127.347,85.434,1
1785490492,121292480,113.953,4.308,118.143,85.392,1
1785490492,154641602,134.111,3.632,137.602,52.043,1
1785490492,221339355,124.125,4.035,127.841,52.0,1
1785490492,288037109,111.931,4.175,115.962,51.957,1
1785490492,321385742,127.144,2.155,129.191,85.263,1
1785490492,388083008,121.1,3.058,124.042,85.22,1
1785490492,454779785,99.471,2.418,101.762,18.524,1
1785490492,521476563,105.067,2.92,107.848,85.135,1
1785490492,554824707,122.867,3.072,125.813,51.787,1
1785490492,621520996,105.649,2.887,108.385,51.749,1
1785490492,654869141,133.15,2.505,135.426,85.069,1
1785490492,721580322,126.127,9.561,135.535,85.027,1
1785490492,788291504,115.152,2.264,117.301,84.983,1
1785490492,855002197,113.904,2.693,116.486,84.941,1
1785490492,888357666,138.167,2.37,140.41,118.253,1
1785490492,955068359,120.473,2.493,122.856,51.543,1
1785490493,21779053,110.132,3.381,113.376,51.5,1
1785490493,55134277,134.657,3.163,137.691,84.813,1
1785490493,88489502,152.83,2.436,154.971,51.458,1
1785490493,155199707,147.438,2.372,149.672,118.083,1
1785490493,221909912,146.78,3.355,149.791,118.04,1
1785490493,288620117,128.682,2.576,131.14,51.33,1
1785490493,355330078,114.429,2.622,116.921,51.287,1
1785490493,388684814,139.286,2.915,142.053,84.6,1
1785490493,455394531,120.167,3.015,123.058,17.89,1
1785490493,522104248,93.423,3.838,97.13,-48.819,1
1785490493,588813721,90.46,2.513,92.858,17.805,1
1785490493,655523193,96.781,4.558,101.214,-48.904,1
1785490493,688872070,109.434,3.194,112.506,51.066,1
1785490493,722220947,122.028,3.049,124.942,84.372,1
1785490493,788918457,104.102,4.976,108.913,17.674,1
1785490493,822267090,124.308,7.821,131.989,50.981,1
1785490493,888964355,113.246,3.924,117.051,-15.717,1
1785490493,922312744,127.233,2.536,129.531,84.243,1
1785490493,989009277,127.346,2.675,129.905,84.201,1
1785490494,22357666,131.823,3.48,135.179,50.853,1
1785490494,89053711,122.986,5.106,127.969,50.81,1
1785490494,155749756,113.977,5.484,119.337,-15.886,1
1785490494,189097412,128.511,5.518,133.858,84.072,1
1785490494,255792969,110.65,2.811,113.324,84.03,1
1785490494,289140625,137.857,2.775,140.471,50.682,1
1785490494,355835449,125.287,5.022,130.178,50.639,1
1785490494,422530029,115.026,4.097,118.981,50.597,1
1785490494,455877441,126.462,2.307,128.654,83.9,1
1785490494,522571533,119.94,3.723,123.507,83.858,1
1785490494,589265381,95.518,3.418,98.824,17.164,1
1785490494,655959229,100.335,4.511,104.69,-49.53,1
1785490494,689308838,110.648,2.627,113.151,50.43,1
1785490494,756007568,97.705,2.123,99.668,-16.269,1
1785490494,822706299,91.971,2.279,94.149,-82.968,1
1785490494,889404541,89.842,2.423,92.15,50.302,1
1785490494,922753662,108.65,2.606,111.133,83.608,1
1785490494,956102539,125.803,2.7,128.373,50.259,1
1785490495,22800293,120.39,2.675,122.958,50.216,1
1785490495,89497803,118.557,2.993,121.438,-16.481,1
1785490495,156194824,120.225,3.474,122.609,50.131,1
1785490495,222891846,121.4,6.62,127.788,50.088,1
1785490495,289588379,118.642,3.423,121.927,-16.608,1
1785490495,356284668,109.032,2.544,111.447,50.003,1
1785490495,389632568,126.15,2.99,128.995,83.309,1
1785490495,456328369,111.28,4.667,115.828,83.266,1
1785490495,489676270,140.984,3.539,144.388,116.571,1
1785490495,556371582,121.167,3.311,124.346,49.875,1
1785490495,623066895,99.161,2.416,101.456,49.835,1
1785490495,689763184,105.005,7.394,112.272,49.792,1
1785490495,723112061,122.188,3.547,125.608,83.098,1
1785490495,789809326,116.265,6.384,121.256,83.055,1
1785490495,823157959,126.257,4.129,130.25,49.707,1
1785490495,923203125,92.394,3.882,94.793,-50.338,1
1785490495,956551514,115.012,4.649,119.513,49.621,1
1785490495,989899658,131.219,3.597,134.698,82.926,1
1785490496,56595703,125.807,3.227,128.893,82.884,1
1785490496,123291748,114.893,2.574,117.334,82.84,1
1785490496,156639404,133.889,2.318,136.066,49.493,1
1785490496,223334717,120.005,2.611,122.456,-17.203,1
1785490496,290029785,123.62,3.445,126.88,49.407,1
1785490496,323377197,123.036,3.026,125.936,82.713,1
1785490496,390072021,108.731,5.444,114.021,82.669,1
1785490496,423419189,126.106,3.042,129.019,49.322,1
1785490496,490113281,120.395,2.679,122.949,49.28,1
1785490496,556807129,101.85,2.77,104.468,49.237,1
1785490496,590153809,116.765,2.568,119.13,82.543,1
1785490496,623500732,123.72,6.193,129.797,49.197,1
1785490496,723545410,113.66,2.403,115.952,82.461,1
1785490496,756894287,129.369,2.307,131.567,49.113,1
1785490496,823592041,124.442,2.693,126.901,49.07,1
1785490496,890289307,110.032,2.573,112.487,-17.627,1
1785490496,923637695,134.854,3.518,138.206,-50.975,1
1785490496,990334717,127.137,3.167,130.188,82.29,1
1785490497,57031250,112.06,4.481,115.885,82.248,1
1785490497,90379395,126.953,2.443,129.266,48.899,1
1785490497,157075439,108.621,4.616,110.931,-17.797,1
1785490497,190423340,126.088,2.262,128.132,82.162,1
1785490497,257118896,118.003,3.088,120.962,15.466,1
1785490497,290466553,141.976,4.524,146.213,115.424,1
1785490497,357161865,120.84,2.934,123.57,48.729,1
1785490497,423856689,108.358,3.927,112.119,48.686,1
1785490497,457204102,124.239,5.71,129.828,81.99,1
1785490497,523898438,108.398,3.364,111.595,81.947,1
1785490497,557245605,124.206,3.524,127.544,48.6,1
1785490497,623939453,99.92,2.527,102.323,-18.094,1
1785490497,690678223,98.509,4.087,102.47,48.581,1
1785490497,757463623,104.603,3.216,107.676,-18.204,1
1785490497,790856934,125.956,2.216,128.056,81.893,1
1785490497,857645020,113.334,3.766,116.726,15.105,1
1785490497,891040039,135.958,4.138,139.945,115.209,1
1785490497,957831299,114.226,2.82,116.762,48.418,1
1785490498,24624512,100.02,3.188,103.064,48.376,1
1785490498,58021729,119.445,2.245,121.579,81.734,1
1785490498,91419678,136.653,2.647,139.17,48.336,1
1785490498,158216797,132.434,2.282,134.594,115.053,1
1785490498,225016113,119.599,3.135,122.605,48.253,1
1785490498,291817383,105.659,3.807,109.327,48.212,1
1785490498,325218750,128.765,2.541,131.185,81.573,1
1785490498,392022949,106.823,7.047,113.741,81.532,1
1785490498,425425781,124.568,3.987,128.349,48.13,1
1785490498,492233154,115.624,5.774,121.278,48.089,1
1785490498,525637451,137.936,3.636,141.318,14.685,1
1785490498,592447754,133.585,3.181,136.492,81.39,1
1785490498,625853516,153.38,4.712,157.389,114.655,1
1785490498,692615967,141.188,2.882,143.935,114.565,1
1785490498,759330078,118.604,3.62,122.093,47.851,1
1785490498,826044434,100.048,2.519,102.431,-18.864,1
1785490498,859401367,121.108,2.857,123.842,81.123,1
1785490498,926115723,95.341,2.363,97.6,14.409,1
1785490498,992829834,94.771,2.77,97.375,-52.305,1
1785490499,26187012,127.573,7.651,130.069,-85.663,1
1785490499,92901123,118.256,2.281,120.428,-152.377,1
1785490499,159615479,102.926,2.408,105.13,-219.091,1
1785490499,192972412,122.907,2.454,125.229,80.91,1
1785490499,259686768,110.579,15.511,125.967,80.868,1
1785490499,293043701,135.963,3.299,139.14,114.183,1
1785490499,359758057,104.919,2.14,106.956,47.469,1
1785490499,426472168,99.836,2.809,102.501,47.426,1
1785490499,493186279,96.958,2.298,99.126,47.384,1
1785490499,559900391,91.127,2.023,93.048,47.341,1
1785490499,626614502,88.695,2.056,90.646,47.299,1
1785490499,693328613,104.079,2.43,106.39,-19.415,1
1785490499,726685303,124.393,2.758,127.024,80.57,1
1785490499,793398926,100.858,2.46,103.186,80.527,1
1785490499,826755859,120.015,3.135,123.024,47.17,1
1785490499,893469482,106.406,2.489,108.778,47.128,1
1785490499,926826172,130.912,2.706,133.495,80.442,1
1785490499,993539795,109.55,2.361,111.784,80.4,1
1785490500,26896484,130.746,2.349,132.965,47.043,1
1785490500,93610107,120.046,3.88,123.717,-19.67,1
1785490500,160323730,103.173,3.499,106.467,46.958,1
1785490500,193680420,123.267,3.658,126.786,13.602,1
1785490500,260394043,100.525,2.875,103.276,80.23,1
1785490500,327107422,92.604,2.598,95.078,13.517,1
1785490500,393821045,90.077,2.563,92.515,13.474,1
1785490500,460534424,89.233,3.068,92.071,13.432,1
1785490500,527247803,89.123,3.197,92.188,13.389,1
1785490500,593961182,90.012,3.265,93.148,13.347,1
1785490500,660674805,97.399,3.166,100.442,13.305,1
1785490500,694041992,120.319,4.017,124.208,-20.062,1
1785490500,760776855,97.717,3.107,100.693,46.592,1
1785490500,794144531,124.472,3.481,127.809,79.916,1
1785490500,860879639,109.292,2.688,111.756,79.875,1
1785490500,894247314,125.135,2.918,127.812,46.507,1
1785490500,960983154,110.347,2.396,112.626,46.464,1
1785490500,994350830,128.049,2.678,130.622,79.79,1
1785490501,61086914,125.972,3.964,129.767,13.054,1
1785490501,127823242,120.492,2.316,122.698,79.706,1
1785490501,161191406,125.802,2.746,128.433,46.337,1
1785490501,261296387,92.314,1.972,94.187,12.926,1
1785490501,328033203,87.912,2.739,90.517,12.884,1
1785490501,394770508,92.222,4.87,96.983,12.841,1
1785490501,461508057,92.148,2.046,94.092,12.799,1
1785490501,528245605,87.262,2.687,89.806,-53.938,1
1785490501,594983643,89.296,2.779,91.839,12.714,1
1785490501,661721436,93.776,2.499,96.132,12.667,1
1785490501,695077881,131.786,2.422,134.088,112.65,1
1785490501,761790527,121.989,2.789,124.648,45.938,1
1785490501,828502930,104.432,3.205,107.45,45.896,1
1785490501,861859375,121.185,2.283,123.35,79.209,1
1785490501,895215576,139.543,2.455,141.84,112.523,1
1785490501,961927979,124.023,2.685,126.572,45.811,1
1785490502,28640381,106.983,4.384,109.499,-20.902,1
1785490502,95352783,97.556,2.279,99.699,-87.614,1
1785490502,162065186,103.981,4.877,108.724,45.684,1
1785490502,228777344,91.507,2.133,93.533,-21.029,1
1785490502,295489746,91.212,2.109,93.218,45.599,1
1785490502,362201904,87.731,2.128,89.757,45.555,1
1785490502,428913818,87.149,2.092,89.131,45.514,1
1785490502,495625977,87.697,2.564,90.144,45.471,1
1785490502,562338135,87.453,2.136,89.486,45.428,1
1785490502,629050049,88.631,2.224,90.746,45.386,1
1785490502,729198486,96.281,2.365,98.517,12.016,1
1785490502,762633057,107.741,2.646,110.249,45.408,1
1785490502,796068115,123.259,2.36,125.498,78.803,1
1785490502,862939697,101.347,4.97,106.167,78.762,1
1785490502,896376221,119.24,4.475,123.575,45.326,1
1785490502,963250732,107.602,2.174,109.641,45.285,1
1785490502,996688965,141.712,3.539,145.103,78.681,1
1785490503,63566406,125.026,1.946,126.876,78.642,1
1785490503,130445801,111.347,3.018,114.249,78.601,1
1785490503,197327393,99.03,4.243,103.152,78.561,1
1785490503,264210693,93.315,2.068,95.287,78.521,1
1785490503,331096191,86.375,2.974,89.234,11.636,1
1785490503,397983398,88.693,2.099,90.695,-55.251,1
1785490503,464872803,87.153,2.882,89.891,11.551,1
1785490503,531763916,85.97,3.729,89.585,-55.34,1
1785490503,598657227,86.58,2.028,88.502,11.467,1
1785490503,665552246,101.182,3.872,104.944,78.143,1
1785490503,732346924,101.586,5.946,107.408,78.001,1
1785490503,765695313,136.014,4.166,140.061,111.307,1
1785490503,832391602,120.442,2.467,122.788,44.611,1
1785490503,865739502,122.421,3.371,125.655,11.263,1
1785490503,932435303,118.562,4.955,123.401,77.873,1
1785490503,999130859,99.651,6.735,106.123,77.83,1
1785490504,32478516,117.481,6.372,123.727,44.482,1
1785490504,99173340,107.99,3.316,111.18,-22.213,1
1785490504,165867920,113.574,3.323,116.68,44.397,1
1785490504,199215332,143.649,2.591,146.108,77.702,1
1785490504,265909424,116.818,3.631,120.316,77.658,1
1785490504,332603271,95.817,3.427,99.108,77.616,1
1785490504,365949951,118.782,3.801,122.393,44.27,1
1785490504,432643311,103.834,8.515,108.445,44.226,1
1785490504,465989990,123.41,5.302,128.595,77.531,1
1785490504,532682861,118.004,2.434,120.332,77.487,1
1785490504,599375488,105.514,2.912,108.286,77.445,1
1785490504,632721680,113.861,2.894,116.629,44.098,1
1785490504,732762207,120.635,2.542,123.047,77.364,1
1785490504,766110107,117.995,2.827,120.692,44.016,1
1785490504,866153809,86.688,2.83,89.397,10.626,1
1785490504,932848877,85.262,3.546,88.696,10.583,1
1785490504,999543945,86.555,2.168,88.616,10.541,1
1785490505,66238525,84.961,2.758,87.595,10.498,1
1785490505,166279785,90.262,2.881,93.023,43.76,1
1785490505,199626465,117.712,2.693,120.297,77.064,1
1785490505,266320068,101.402,2.983,104.249,77.021,1
1785490505,299666748,112.446,2.693,115.016,43.675,1
1785490505,333013428,134.61,2.72,136.992,10.328,1
1785490505,399706299,118.895,3.656,122.413,76.935,1
1785490505,466398926,95.398,2.541,97.697,76.893,1
1785490505,533091064,89.458,5.172,94.485,10.201,1
1785490505,599782959,87.497,2.844,89.925,-56.491,1
1785490505,633128906,106.482,7.518,113.712,43.461,1
1785490505,666474609,124.232,4.284,126.599,76.768,1
1785490505,733169434,108.98,4.459,111.63,76.729,1
1785490505,766517822,136.298,2.552,138.717,110.034,1
1785490505,833214844,134.615,3.991,138.426,109.991,1
1785490505,899911621,121.21,4.354,125.328,43.295,1
1785490505,966607910,108.531,4.506,112.912,-23.402,1
1785490505,999956055,120.274,3.395,123.538,76.557,1
1785490506,66652100,117.523,2.394,119.817,76.515,1
1785490506,133347656,100.186,2.685,102.747,76.472,1
1785490506,166695313,133.947,2.706,136.387,109.777,1
1785490506,233390381,129.914,2.403,132.199,109.734,1
1785490506,300085449,106.854,4.257,110.925,43.039,1
1785490506,333432617,119.145,3.111,122.125,76.344,1
1785490506,400126953,96.893,4.2,100.954,76.301,1
1785490506,433474121,121.987,3.238,125.1,42.953,1
1785490506,466821289,140.616,7.429,147.919,76.258,1
1785490506,533514893,120.432,4.922,122.813,76.215,1
1785490506,600208496,104.237,2.956,107.047,76.172,1
1785490506,633555176,124.195,2.45,126.514,42.826,1
1785490506,700248535,105.197,7.154,112.22,42.785,1
1785490506,733596924,121.065,2.753,123.638,76.092,1
1785490506,766945313,148.068,2.44,150.394,109.396,1
1785490506,833641846,124.624,2.405,126.925,42.7,1
1785490506,900338135,117.046,2.446,119.372,-23.996,1
1785490506,967033936,101.971,2.882,104.727,42.615,1
1785490507,381836,126.096,2.125,128.118,75.92,1
1785490507,67077148,109.716,2.546,112.159,75.877,1
1785490507,100424805,126.429,2.461,128.763,109.182,1
1785490507,167119873,121.613,2.758,124.258,42.487,1
1785490507,233814453,95.147,5.034,100.009,-24.208,1
1785490507,267161621,118.971,4.352,123.213,-57.555,1
1785490507,333855713,107.523,4.361,111.758,75.706,1
1785490507,367202637,129.257,3.313,132.441,109.01,1
1785490507,433896240,123.703,2.171,125.771,42.316,1
1785490507,500589355,108.092,2.566,110.524,42.274,1
1785490507,533936035,125.998,2.349,128.239,75.577,1
1785490507,600628906,113.198,3.102,116.107,75.535,1
1785490507,633975098,137.891,3.952,141.71,108.841,1
1785490507,700667725,143.06,3.36,146.311,108.802,1
1785490507,767364014,131.836,3.787,135.455,108.759,1
1785490507,834059814,108.554,2.984,111.408,42.063,1
1785490507,900755371,99.068,2.3,101.248,42.021,1
1785490507,934103027,112.206,5.765,117.821,75.325,1
1785490507,967450684,130.532,2.247,132.635,108.63,1
1785490508,34145508,113.447,7.098,120.365,41.935,1
1785490508,67492920,139.146,3.102,142.12,75.239,1
1785490508,134187256,125.074,2.931,127.888,8.545,1
1785490508,200881592,113.837,2.316,116.05,75.153,1
1785490508,234228516,124.533,2.927,127.312,41.806,1
1785490508,300922119,97.832,2.38,100.039,-24.887,1
1785490508,367615234,91.771,2.144,93.815,41.721,1
1785490508,434308350,88.337,2.047,90.279,41.679,1
1785490508,501000732,91.448,2.236,93.575,41.636,1
1785490508,567693115,93.124,2.233,95.25,41.594,1
1785490508,634385010,92.273,2.167,94.337,41.552,1
1785490508,701077148,91.297,2.773,93.956,-25.141,1
1785490508,767780029,89.51,2.083,91.495,41.473,1
1785490508,834482666,91.399,2.207,93.463,41.43,1
1785490508,901185303,90.345,2.419,92.654,41.388,1
1785490508,967887695,86.685,2.311,88.802,41.345,1
1785490509,34590088,94.666,3.931,98.43,41.303,1
1785490509,67941162,111.898,2.24,114.018,74.611,1
1785490509,101292236,129.062,4.167,133.084,107.92,1
1785490509,134643066,138.335,3.429,141.634,74.569,1
1785490509,234695801,101.454,4.463,105.448,41.175,1
1785490509,268046875,117.773,6.956,124.592,7.824,1
1785490509,334748291,104.1,2.897,106.753,74.44,1
1785490509,368099121,142.439,3.016,145.308,107.749,1
1785490509,434800537,110.915,3.791,114.576,41.047,1
1785490509,468151123,136.407,2.471,138.67,74.355,1
1785490509,534852051,122.683,2.28,124.852,74.313,1
1785490509,601552979,111.111,3.068,114.056,74.27,1
1785490509,634903564,146.855,6.351,153.093,107.589,1
1785490509,701604492,132.141,2.468,134.362,40.888,1
1785490509,734948486,158.907,2.668,161.439,141.162,1
1785490509,835225342,99.002,2.187,101.086,40.885,1
1785490509,902078613,97.563,2.25,99.693,40.843,1
1785490509,968933594,101.773,2.491,104.124,40.802,1
1785490510,2361816,127.12,2.272,129.28,74.19,1
1785490510,69219238,118.587,2.178,120.661,74.148,1
1785490510,136078369,101.471,11.668,113.008,74.108,1
1785490510,169508545,123.678,3.966,127.418,40.678,1
1785490510,236370117,92.836,2.188,94.918,-26.184,1
1785490510,303233398,89.448,2.21,91.55,40.595,1
1785490510,336665771,118.4,2.307,120.608,73.985,1
1785490510,403531494,108.769,2.889,111.522,73.945,1
1785490510,436964844,130.175,6.093,136.143,107.338,1
1785490510,503833252,105.998,4.151,109.549,40.469,1
1785490510,570703125,108.882,2.637,111.348,40.428,1
1785490510,604138672,127.357,2.151,129.399,73.822,1
1785490510,671010986,115.194,5.224,120.274,6.95,1
1785490510,704447754,131.265,2.182,133.323,-26.487,1
1785490510,771307373,124.367,2.265,126.427,107.078,1
1785490510,838145752,95.285,2.068,97.253,40.239,1
1785490510,904985840,108.007,2.911,110.78,40.197,1
1785490510,938406250,122.409,3.173,125.396,73.577,1
1785490511,5248535,119.242,2.783,121.791,73.535,1
1785490511,72092041,101.358,6.968,108.159,73.494,1
1785490511,105514404,124.481,3.214,127.56,106.876,1
1785490511,172360107,122.904,2.614,125.391,106.836,1
1785490511,239207275,102.023,2.95,104.865,39.989,1
1785490511,272631348,120.726,2.116,122.744,73.372,1
1785490511,339480469,118.063,4.358,122.141,73.331,1
1785490511,406331299,95.033,2.626,97.435,73.29,1
1785490511,473183350,93.374,2.467,95.596,73.249,1
1785490511,506609863,123.992,2.196,126.084,106.635,1
1785490511,573464355,121.913,2.604,124.39,106.594,1
1785490511,640319824,97.518,2.462,99.871,39.739,1
1785490511,673748291,123.719,2.592,126.189,73.125,1
1785490511,740623779,122.837,2.507,125.189,72.875,1
1785490511,807291504,119.329,2.226,121.441,72.832,1
1785490511,873958496,91.454,2.158,93.512,72.788,1
1785490511,940624756,88.402,2.24,90.542,72.745,1
1785490512,7290039,83.698,2.062,85.656,6.08,1
1785490512,73954346,92.012,2.434,94.318,72.659,1
1785490512,107286377,121.0,2.342,123.223,39.327,1
1785490512,173949463,97.659,5.26,102.78,39.283,1
1785490512,240611816,88.48,4.315,92.67,39.241,1
1785490512,307273438,89.504,2.166,91.531,39.197,1
1785490512,373934082,92.799,2.579,95.247,39.155,1
1785490512,407264160,123.074,2.55,125.493,72.441,1
1785490512,473923584,98.279,3.362,101.219,72.398,1
1785490512,540582275,90.556,2.075,92.535,72.354,1
1785490512,607239990,84.997,2.191,87.093,72.312,1
1785490512,673896973,87.909,3.337,91.13,72.269,1
1785490512,740552246,93.078,3.316,96.271,72.239,1
1785490512,773886475,122.31,2.663,124.847,38.905,1
1785490512,840554443,116.088,2.859,118.831,38.862,1
1785490512,873887939,134.11,5.59,139.57,72.152,1
1785490512,940554688,119.801,3.564,123.233,72.109,1
1785490513,7220459,114.752,2.647,117.269,72.065,1
1785490513,73885498,98.766,3.03,101.67,72.023,1
1785490513,107217773,125.163,2.187,127.171,105.311,1
1785490513,173881348,106.988,3.115,109.961,38.647,1
1785490513,207212891,124.697,2.057,126.653,71.936,1
1785490513,273875488,106.868,2.652,109.392,71.892,1
1785490513,307206543,124.589,2.062,126.552,105.18,1
1785490513,373867676,106.72,2.427,109.019,38.519,1
1785490513,440528076,99.408,2.608,101.903,38.475,1
1785490513,507187744,103.46,5.875,109.215,-28.184,1
1785490513,573846680,92.26,2.177,94.335,38.389,1
1785490513,640504639,87.464,2.18,89.486,38.347,1
1785490513,707161621,89.042,3.899,92.834,38.304,1
1785490513,773822998,92.173,2.371,94.376,38.267,1
1785490513,840489502,90.722,2.039,92.657,38.224,1
1785490513,907155273,88.528,2.004,90.393,38.181,1
1785490513,973820068,91.589,2.912,94.366,38.139,1
1785490514,7152100,97.847,3.306,101.021,71.427,1
1785490514,73815674,92.154,2.463,94.327,71.385,1
1785490514,140478516,86.279,2.268,88.446,4.722,1
1785490514,207140381,92.266,2.057,94.229,71.298,1
1785490514,273801514,95.152,3.145,98.121,71.254,1
1785490514,307131592,114.784,2.706,117.36,37.924,1
1785490514,340461670,129.725,2.65,132.248,71.211,1
1785490514,407121094,115.804,2.574,118.274,71.167,1
1785490514,473779541,100.395,3.081,103.351,71.125,1
1785490514,507108643,126.19,2.564,128.636,37.795,1
1785490514,573765869,108.792,2.878,111.548,-28.862,1
1785490514,607093994,132.786,5.625,138.276,71.038,1
1785490514,673750000,130.347,21.178,151.399,70.994,1
1785490514,740404541,115.293,2.652,117.81,70.965,1
1785490514,773738281,129.342,9.28,138.423,104.255,1
1785490514,840405273,109.211,3.119,112.189,37.588,1
1785490514,873738525,125.581,2.525,127.985,4.254,1
1785490514,940404053,97.959,2.344,100.118,-62.411,1
1785490515,7069092,93.28,2.255,95.334,70.792,1
1785490515,73733154,96.699,2.653,99.229,70.748,1
1785490515,107064697,120.522,2.783,123.168,37.416,1
1785490515,173727539,94.473,2.471,96.823,-29.247,1
1785490515,240389404,101.403,5.291,106.546,37.33,1
1785490515,273720215,127.68,3.073,129.906,3.999,1
1785490515,340380859,110.832,2.609,113.311,70.575,1
1785490515,373710693,131.21,6.947,138.013,103.861,1
1785490515,440370117,134.855,6.911,141.64,103.818,1
1785490515,507028809,121.223,2.316,123.416,103.774,1
1785490515,573686523,102.821,2.436,105.135,37.116,1
1785490515,607015137,124.266,3.319,127.462,70.402,1
1785490515,673671631,106.537,5.054,111.463,70.358,1
1785490515,706999512,125.414,3.413,128.71,103.656,1
1785490515,773660645,109.669,6.721,116.273,36.995,1
1785490515,806994141,135.763,4.485,139.894,70.285,1
1785490515,873660889,117.692,3.138,120.695,70.242,1
1785490515,940326904,92.451,2.445,94.713,70.198,1
1785490516,6991943,89.975,2.391,92.208,70.155,1
1785490516,73656006,94.832,3.306,98.006,70.111,1
1785490516,106987793,119.829,2.036,121.759,103.4,1
1785490516,173650635,105.42,4.945,110.064,36.737,1
1785490516,206981934,125.52,2.947,128.343,3.406,1
1785490516,273643555,119.865,2.864,122.605,-63.256,1
1785490516,340304443,96.593,2.301,98.755,69.938,1
1785490516,406964355,96.076,2.76,98.704,69.895,1
1785490516,440294189,113.863,2.322,116.047,36.565,1
1785490516,473623535,130.959,8.976,139.818,69.851,1
1785490516,540281982,123.549,2.322,125.737,69.808,1
1785490516,606939453,112.511,3.656,115.988,69.766,1
1785490516,640267822,137.427,2.176,139.493,103.05,1
1785490516,706924072,129.95,4.242,134.058,103.032,1
1785490516,773590820,131.768,2.137,133.778,103.002,1
1785490516,840270752,110.893,5.347,116.089,36.322,1
1785490516,873610352,116.556,2.181,118.623,69.619,1
1785490516,973628906,89.512,2.272,91.661,36.236,1
1785490517,40307129,98.936,2.918,101.55,36.194,1
1785490517,73645996,123.984,3.045,126.916,69.49,1
1785490517,140323486,126.441,3.081,129.227,69.447,1
1785490517,207000488,111.068,2.81,113.757,69.404,1
1785490517,240338867,131.068,3.046,133.986,102.699,1
1785490517,307014893,119.352,2.52,121.739,102.656,1
1785490517,340353027,133.292,2.325,135.497,69.318,1
1785490517,407028320,118.801,2.209,120.909,2.642,1
1785490517,473703369,106.928,2.958,109.763,69.231,1
1785490517,507040527,129.161,2.376,131.366,102.526,1
1785490517,573714600,120.219,2.253,122.355,102.483,1
1785490517,640388184,111.593,4.994,116.463,35.809,1
1785490517,673724854,159.183,2.723,161.784,135.731,1
1785490517,773733398,119.963,3.315,123.164,102.35,1
1785490517,840403564,109.097,2.622,111.593,35.68,1
1785490517,940407715,89.304,2.06,91.264,68.929,1
1785490518,7076172,88.145,2.044,90.085,68.886,1
1785490518,73743652,95.42,2.623,97.925,68.842,1
1785490518,107077148,131.372,2.884,134.137,102.133,1
1785490518,173743652,112.702,6.756,119.245,35.466,1
1785490518,207076660,135.743,6.308,141.723,2.133,1
1785490518,273741943,118.029,3.78,121.682,68.713,1
1785490518,307074219,140.277,3.606,143.737,102.001,1
1785490518,373738281,124.691,2.079,126.67,101.958,1
1785490518,440401611,118.574,2.524,120.982,35.295,1
1785490518,473732910,150.481,3.443,153.8,68.583,1
1785490518,540395020,123.031,2.095,125.022,1.92,1
1785490518,607056396,132.332,2.475,134.686,68.496,1
1785490518,673717041,126.37,2.142,128.414,68.453,1
1785490518,740374512,121.399,2.736,124.024,1.796,1
1785490518,807130371,100.237,6.75,106.669,-64.96,1
1785490518,840509033,124.098,2.494,126.467,-98.339,1
1785490518,873887939,135.14,2.826,137.833,-131.718,1
1785490518,940646729,118.251,2.303,120.421,-198.476,1
1785490518,974026855,131.34,2.618,133.836,101.725,1
1785490519,40787842,115.555,3.799,119.123,34.964,1
1785490519,74169189,134.018,3.286,137.169,1.583,1
1785490519,140932373,127.083,2.837,129.801,68.263,1
1785490519,207697266,109.676,6.06,115.407,1.498,1
1785490519,241080322,123.832,2.85,126.559,-31.885,1
1785490519,307847412,99.994,3.86,103.626,-98.652,1
1785490519,374615967,94.021,2.406,96.236,34.756,1
1785490519,441385986,90.673,2.387,92.942,34.715,1
1785490519,508157471,89.738,2.408,92.041,34.672,1
1785490519,574930420,90.516,2.168,92.581,34.631,1
1785490519,608317627,126.652,2.649,129.191,1.244,1
1785490519,675092773,123.744,2.413,126.034,67.936,1
1785490519,741870850,97.634,2.456,99.885,67.812,1
1785490519,841917480,89.968,2.183,92.044,34.421,1
1785490519,908614746,91.743,2.151,93.784,34.378,1
1785490519,975311768,92.28,1.963,94.149,34.336,1
1785490520,42008301,87.843,3.447,91.178,34.293,1
1785490520,108704590,98.801,5.763,104.288,34.251,1
1785490520,142052490,117.92,5.669,123.462,67.555,1
1785490520,175400391,130.636,3.437,133.952,100.861,1
1785490520,242095947,127.488,3.252,130.633,100.817,1
1785490520,275443604,131.284,7.627,138.774,67.47,1
1785490520,342138428,107.486,3.027,110.385,67.427,1
1785490520,375485840,125.509,2.96,128.156,100.731,1
1785490520,442180176,114.12,3.161,117.148,34.037,1
1785490520,475527344,131.899,2.26,134.038,67.342,1
1785490520,542221191,118.503,2.129,120.528,0.648,1
1785490520,608914795,117.188,3.018,120.08,67.256,1
1785490520,675607910,121.979,2.396,124.237,67.214,1
1785490520,742300781,120.736,2.276,122.912,67.161,1
1785490520,808984131,100.161,6.673,106.71,67.118,1
1785490520,842325439,140.104,5.011,144.997,100.416,1
1785490520,909007813,122.567,2.96,125.402,100.374,1
1785490520,975689697,109.258,2.793,111.884,33.692,1
1785490521,9030518,123.486,4.194,127.235,66.989,1
1785490521,75711670,108.69,7.272,115.795,66.946,1
1785490521,109051758,125.741,2.857,128.465,33.606,1
1785490521,175732178,123.041,2.149,125.089,-33.074,1
1785490521,242411621,104.441,3.166,107.456,-99.754,1
1785490521,275751221,120.185,2.994,122.78,66.817,1
1785490521,342430176,110.98,3.044,113.895,0.138,1
1785490521,375769287,130.135,9.679,132.283,-33.201,1
1785490521,442447266,109.466,3.414,112.75,-99.879,1
1785490521,475786133,127.898,2.119,129.912,66.688,1
1785490521,542463135,124.209,2.442,126.531,66.645,1
1785490521,609139893,122.05,4.452,126.369,66.602,1
1785490521,675815918,123.384,2.604,125.863,-0.074,1
1785490521,742491455,119.709,3.057,122.641,66.682,1
1785490521,809332275,94.479,2.279,96.619,66.64,1
1785490521,876174561,91.944,2.284,94.125,-0.202,1
1785490521,943018555,94.347,5.583,99.8,66.559,1
1785490522,9863770,91.787,2.121,93.805,66.517,1
1785490522,76710693,94.084,2.468,96.426,66.476,1
1785490522,110134521,115.191,2.637,117.704,33.052,1
1785490522,143558838,131.28,3.134,134.282,66.435,1
1785490522,210408447,127.478,2.699,130.044,66.394,1
1785490522,277259766,104.508,9.897,114.282,-0.457,1
1785490522,310685791,126.904,2.419,129.167,99.739,1
1785490522,377539063,116.228,2.579,118.699,99.698,1
1785490522,410966309,135.38,4.439,139.672,66.271,1
1785490522,477822021,121.43,2.586,123.898,66.23,1
1785490522,544678955,108.001,2.731,110.603,66.188,1
1785490522,578108154,128.007,2.556,130.44,99.577,1
1785490522,644967285,119.242,3.419,122.549,99.536,1
1785490522,711827881,136.56,2.44,138.884,99.459,1
1785490522,778670410,131.673,4.09,134.456,99.402,1
1785490522,845498047,126.067,2.754,128.623,99.361,1
1785490522,878912354,130.479,3.133,133.441,65.947,1
1785490522,979156982,91.176,2.076,93.144,32.49,1
1785490523,45988281,90.59,3.604,94.066,-34.341,1
1785490523,112820801,92.805,2.137,94.842,32.406,1
1785490523,179654541,89.32,2.103,91.321,32.365,1
1785490523,246489746,84.029,2.837,86.751,-34.47,1
1785490523,313325928,87.865,2.097,89.858,32.281,1
1785490523,380163330,88.954,2.158,91.012,32.239,1
1785490523,447001953,85.919,2.411,88.222,32.197,1
1785490523,513841797,86.289,2.172,88.296,32.155,1
1785490523,580682861,94.261,2.463,96.6,32.113,1
1785490523,647525146,92.924,2.798,95.612,32.071,1
1785490523,714368652,107.156,2.6,109.583,32.029,1
1785490523,747789307,127.023,2.417,129.316,65.221,1
1785490523,814442139,115.544,2.569,117.931,65.177,1
1785490523,881093994,100.735,2.006,102.639,-1.474,1
1785490523,947744629,104.246,2.392,106.519,-68.125,1
1785490523,981069580,132.833,2.459,135.162,98.372,1
1785490524,47718750,109.115,2.992,111.975,31.723,1
1785490524,81042725,141.302,1.989,143.194,65.003,1
1785490524,147690186,123.258,2.882,126.005,64.96,1
1785490524,214336426,116.876,3.757,120.471,64.916,1
1785490524,280981689,102.209,2.486,104.571,64.873,1
1785490524,314303955,122.788,2.471,125.134,98.151,1
1785490524,347625977,129.654,3.055,132.58,64.829,1
1785490524,447590088,89.827,2.27,91.989,31.465,1
1785490524,514231445,88.331,2.249,90.39,31.421,1
1785490524,580871582,88.799,2.198,90.898,31.379,1
1785490524,647510742,87.692,2.133,89.72,31.337,1
1785490524,714148926,100.355,3.854,104.083,31.293,1
1785490524,747468506,126.597,13.724,140.159,64.585,1
1785490524,814121338,123.152,2.916,125.942,-2.068,1
1785490524,880773193,116.496,4.878,121.255,64.498,1
1785490524,947424072,90.574,3.174,93.635,64.454,1
1785490525,14073730,87.965,2.242,90.106,64.411,1
1785490525,80722168,94.233,2.179,96.309,64.367,1
1785490525,147369629,91.708,2.314,93.915,64.324,1
1785490525,247338867,88.367,2.317,90.577,-35.645,1
1785490525,313983643,87.483,2.16,89.542,30.915,1
1785490525,380627197,87.148,2.255,89.303,30.871,1
1785490525,447269775,88.204,2.348,90.443,30.829,1
1785490525,513911133,86.907,2.207,89.013,30.785,1
1785490525,580551514,89.675,2.133,91.706,-35.855,1
1785490525,647190674,89.202,2.294,91.332,30.699,1
1785490525,713828857,92.734,2.37,94.999,30.657,1
1785490525,780517334,88.11,2.123,90.131,30.66,1
1785490525,813886475,110.881,2.834,113.604,63.989,1
1785490525,847256104,138.824,2.493,141.199,97.316,1
1785490525,913995850,122.512,2.291,124.697,97.276,1
1785490525,980736816,131.384,2.294,133.557,30.535,1
1785490526,47479004,149.837,2.592,152.315,97.194,1
1785490526,80850342,291.205,2.576,293.636,263.934,1
1785490526,214339111,224.413,2.704,227.0,130.445,1
1785490526,381206543,126.106,2.34,128.329,96.991,1
1785490526,414581055,149.201,1.964,151.009,130.324,1
1785490526,481330566,145.459,4.564,149.896,63.574,1
1785490526,548081299,138.934,5.247,144.033,-3.177,1
1785490526,614833252,156.458,2.291,158.629,130.203,1
1785490526,714963135,114.08,2.512,116.41,30.073,1
1785490526,748339844,142.384,3.623,145.876,-3.303,1
1785490526,815093018,119.668,2.515,121.952,-70.056,1
1785490526,881847656,118.782,2.862,121.526,-136.811,1
1785490526,948603760,98.378,3.425,101.664,63.284,1
1785490526,981982422,122.886,2.989,125.755,96.621,1
1785490527,48740723,98.602,2.645,101.108,29.863,1
1785490527,148880615,87.973,3.123,90.992,63.159,1
1785490527,215642334,89.559,2.156,91.613,63.119,1
1785490527,282405518,92.865,2.19,94.946,63.078,1
1785490527,349170166,89.992,2.334,92.209,63.037,1
1785490527,415936279,87.41,2.33,89.58,62.996,1
1785490527,482703857,87.789,2.337,90.023,62.954,1
1785490527,549472656,89.462,2.465,91.706,62.913,1
1785490527,616242920,88.877,2.206,90.98,62.872,1
1785490527,683014648,91.844,2.166,93.895,62.831,1
1785490527,716401123,125.523,2.368,127.778,96.1,1
1785490527,783134521,117.081,2.427,119.383,96.018,1
1785490527,816481445,134.412,2.969,137.252,62.671,1
1785490527,883175293,131.525,2.386,133.8,62.628,1
1785490527,949868652,115.848,2.66,118.176,62.586,1
1785490528,16561768,100.53,2.05,102.478,62.542,1
1785490528,83254150,102.792,2.833,105.481,62.5,1
1785490528,183292236,87.102,2.077,89.075,29.111,1
1785490528,249983643,89.891,2.104,91.892,29.069,1
1785490528,350020264,90.81,2.578,93.159,62.328,1
1785490528,416710693,87.329,2.544,89.768,62.285,1
1785490528,483400635,88.037,2.178,90.113,62.243,1
1785490528,550090332,92.9,2.765,95.456,62.199,1
1785490528,583435059,106.956,3.831,110.635,28.854,1
1785490528,616779541,136.921,2.393,139.192,62.157,1
1785490528,683468262,123.524,2.223,125.629,-4.532,1
1785490528,750157227,106.03,2.675,108.568,-71.221,1
1785490528,783499756,127.493,2.13,129.517,95.368,1
1785490528,850184570,101.124,8.09,109.049,28.684,1
1785490528,883526611,128.755,3.831,132.422,61.982,1
1785490528,950210449,121.09,2.231,123.143,61.94,1
1785490529,16894043,116.918,3.034,119.828,61.896,1
1785490529,83576904,101.382,4.563,105.743,61.854,1
1785490529,116917969,124.874,2.471,127.083,95.152,1
1785490529,183600098,104.261,4.212,108.349,28.47,1
1785490529,216940918,126.637,3.709,130.096,61.768,1
1785490529,283622070,118.958,2.734,121.568,61.725,1
1785490529,350302734,105.459,4.446,109.518,61.682,1
1785490529,383643066,125.851,2.239,127.98,94.979,1
1785490529,450322998,96.202,7.428,103.468,28.299,1
1785490529,517002197,96.274,8.171,101.842,28.257,1
1785490529,583681152,93.172,2.36,95.431,28.213,1
1785490529,650359375,95.771,8.862,104.506,28.171,1
1785490529,717037109,95.374,2.253,97.502,28.128,1
1785490529,783717285,89.113,2.285,91.289,28.088,1
1785490529,883739746,93.17,3.542,96.601,61.343,1
1785490529,917080322,115.415,2.465,117.76,94.641,1
1785490529,950420654,128.669,3.747,132.141,61.301,1
1785490530,17100830,120.608,2.089,122.596,61.257,1
1785490530,83780518,106.734,3.035,109.653,61.215,1
1785490530,117120361,126.283,2.188,128.365,94.51,1
1785490530,183799072,124.165,2.242,126.29,94.468,1
1785490530,250477295,123.052,2.599,125.52,94.424,1
1785490530,317155029,103.722,3.639,107.239,27.746,1
1785490530,350493652,123.25,4.53,125.813,61.042,1
1785490530,417170410,103.32,4.615,107.815,60.999,1
1785490530,450508545,119.168,2.645,121.683,94.294,1
1785490530,483846436,126.706,2.209,128.807,60.957,1
1785490530,583859619,92.231,2.227,94.352,27.575,1
1785490530,683871582,100.867,2.646,103.376,60.827,1
1785490530,717208496,119.196,2.58,121.662,94.13,1
1785490530,783886963,98.659,3.002,101.511,27.451,1
1785490530,850568359,92.374,2.386,94.651,27.408,1
1785490530,917249268,95.735,2.638,98.225,27.366,1
1785490530,950589355,111.113,2.118,113.127,60.663,1
1785490531,17269531,94.367,2.195,96.46,60.62,1
1785490531,83948730,93.164,2.221,95.277,60.577,1
1785490531,150627686,94.37,13.781,108.015,60.534,1
1785490531,183966797,102.36,3.981,105.874,27.195,1
1785490531,250644775,102.291,10.108,112.221,27.152,1
1785490531,350660400,88.945,2.201,91.041,60.406,1
1785490531,417336914,86.049,2.315,88.08,60.362,1
1785490531,484012939,86.154,2.189,88.242,60.319,1
1785490531,550687988,90.528,2.208,92.634,60.276,1
1785490531,617362793,96.074,3.602,99.554,60.234,1
1785490531,650699951,124.052,3.061,126.984,93.527,1
1785490531,717373779,109.812,2.291,111.999,26.853,1
1785490531,750710938,129.889,9.936,139.686,60.155,1
1785490531,817392578,119.909,3.64,123.429,60.112,1
1785490531,884073730,101.764,5.894,107.522,60.069,1
1785490531,917414063,119.63,2.087,121.614,26.729,1
1785490531,984094238,117.051,2.963,119.873,93.323,1
1785490532,17434082,130.056,2.313,132.161,59.983,1
1785490532,84113525,112.136,2.609,114.621,59.94,1
1785490532,117452881,135.466,2.652,137.99,93.237,1
1785490532,184131348,122.592,2.116,124.606,26.558,1
1785490532,250809326,112.425,2.768,114.946,93.15,1
1785490532,284147949,124.372,2.342,126.605,59.812,1
1785490532,384163330,90.818,2.116,92.831,26.43,1
1785490532,450839355,87.928,2.223,90.031,26.387,1
1785490532,517514893,91.148,2.196,93.243,26.344,1
1785490532,584189941,93.361,2.532,95.785,26.302,1
1785490532,650864258,88.122,2.061,90.081,26.26,1
1785490532,717538086,97.87,7.42,105.135,26.217,1
1785490532,750875000,124.049,2.527,126.369,59.52,1
1785490532,817557861,120.855,2.795,123.517,59.476,1
1785490532,884239990,106.073,7.498,113.441,59.434,1
1785490532,917580811,129.743,2.946,132.531,92.731,1
1785490532,984261963,125.965,2.493,128.342,92.688,1
1785490533,50942627,98.096,4.147,100.681,26.008,1
1785490533,117622803,99.332,6.702,105.834,25.964,1
1785490533,217642090,89.4,2.194,91.461,59.218,1
1785490533,284320801,88.712,2.293,90.839,59.176,1
1785490533,317659912,123.237,2.513,125.628,92.471,1
1785490533,350998779,152.735,2.274,154.906,125.768,1
1785490533,451015137,100.64,2.349,102.88,25.751,1
1785490533,484353516,122.06,2.068,124.025,59.046,1
1785490533,551029785,107.831,2.399,110.087,59.004,1
1785490533,584367920,132.05,2.198,134.126,92.298,1
1785490533,651043457,132.51,2.452,134.84,92.256,1
1785490533,717718506,127.51,3.294,130.68,92.22,1
1785490533,784397949,119.376,2.149,121.407,92.182,1
1785490533,817739502,126.951,2.167,129.017,58.84,1
1785490533,917763428,93.012,3.852,96.114,25.456,1
1785490533,984445557,92.746,2.167,94.81,25.413,1
1785490534,17786133,123.486,3.499,126.869,58.712,1
1785490534,84467285,112.696,2.358,114.909,58.668,1
1785490534,117807617,131.98,5.574,137.338,91.966,1
1785490534,184488037,125.394,3.023,128.288,91.922,1
1785490534,251167725,108.132,4.498,112.507,25.243,1
1785490534,284507324,140.708,3.463,144.038,58.54,1
1785490534,351186279,124.14,2.713,126.726,58.496,1
1785490534,417864502,109.177,2.24,111.312,58.454,1
1785490534,451203369,134.288,2.257,136.425,91.749,1
1785490534,517880859,127.874,2.256,130.012,91.707,1
1785490534,584557861,106.493,2.416,108.787,25.03,1
1785490534,651234131,93.392,2.741,96.027,24.987,1
1785490534,717909912,94.404,3.136,97.338,24.944,1
1785490534,784589111,90.66,2.095,92.653,24.904,1
1785490534,851271240,95.312,2.675,97.872,24.862,1
1785490534,917952881,90.911,2.123,92.935,-41.82,1
1785490534,984634033,87.337,2.225,89.46,-108.501,1
1785490535,51314453,86.84,2.268,88.999,24.733,1
1785490535,117994385,90.317,2.001,92.223,24.691,1
1785490535,184673828,91.665,1.986,93.555,24.648,1
1785490535,251352539,92.758,2.267,94.882,24.605,1
1785490535,318030518,93.554,2.398,95.837,24.563,1
1785490535,384708252,94.117,2.531,96.533,24.52,1
1785490535,451385010,93.835,2.432,96.159,24.478,1
1785490535,518061523,92.437,2.181,94.514,24.435,1
1785490535,584737305,92.834,2.205,94.934,24.393,1
1785490535,651412598,91.416,2.427,93.732,24.35,1
1785490535,784845703,96.115,2.69,98.69,24.325,1
1785490535,851688721,91.119,2.376,93.28,-42.518,1
1785490535,918533447,93.991,2.552,96.434,24.242,1
1785490535,985379883,88.491,2.213,90.6,24.2,1
1785490536,52227783,89.621,2.051,91.565,24.157,1
1785490536,119077148,94.266,2.412,96.573,24.116,1
1785490536,185928223,90.108,2.118,92.129,24.073,1
1785490536,286207764,94.289,3.064,97.226,57.417,1
1785490536,319635010,113.065,3.279,116.166,23.99,1
1785490536,353062500,129.157,3.452,132.46,-9.438,1
1785490536,419919189,102.929,2.246,105.072,57.334,1
1785490536,486777344,107.03,2.874,109.673,57.293,1
1785490536,520206787,129.699,2.203,131.78,90.682,1
1785490536,587067383,110.223,2.71,112.783,23.821,1
1785490536,620498291,141.2,2.578,143.667,-9.61,1
1785490536,687361084,133.771,3.028,136.65,57.17,1
1785490536,754223389,112.448,3.124,115.451,57.09,1
1785490536,787633545,128.389,3.16,131.407,90.458,1
1785490536,854454102,122.516,2.563,124.896,90.417,1
1785490536,887864990,142.998,2.711,145.59,57.006,1
1785490536,954687256,123.417,2.751,125.975,-9.816,1
1785490537,21510742,112.828,2.872,115.566,56.923,1
1785490537,54922852,121.165,2.705,123.629,90.294,1
1785490537,121748047,122.663,4.712,127.244,90.253,1
1785490537,188574463,111.382,2.302,113.58,23.427,1
1785490537,221988037,136.219,3.327,139.416,-9.987,1
1785490537,288815918,123.044,6.371,129.276,-76.815,1
1785490537,355645020,115.215,3.723,118.784,-143.644,1
1785490537,389060059,122.285,2.636,124.821,90.089,1
1785490537,489306641,88.345,2.128,90.37,56.632,1
1785490537,556139160,95.795,2.582,98.224,56.59,1
1785490537,589555664,104.027,3.103,107.01,23.174,1
1785490537,656389893,113.139,4.143,117.139,89.924,1
1785490537,689807373,145.401,4.088,149.338,56.507,1
1785490537,756641846,130.561,8.468,138.704,-10.328,1
1785490537,823450195,117.348,3.43,119.977,-77.136,1
1785490537,890355225,91.681,2.207,93.779,56.44,1
1785490537,957263428,86.513,2.3,88.714,56.401,1
1785490538,24175049,86.874,2.006,88.788,56.361,1
1785490538,91089844,87.478,2.045,89.41,56.322,1
1785490538,158008057,85.036,2.074,87.008,56.281,1
1785490538,224929443,87.317,2.021,89.243,56.242,1
1785490538,291854248,88.155,2.201,90.167,56.202,1
1785490538,358782471,85.832,1.985,87.722,56.162,1
1785490538,425713867,83.878,1.991,85.768,56.122,1
1785490538,492648438,82.64,2.445,84.901,-10.813,1
1785490538,559586426,86.697,2.141,88.738,56.042,1
1785490538,626527588,82.623,4.385,86.9,56.003,1
1785490538,693472168,91.336,2.337,93.555,55.962,1
1785490538,726945801,119.247,2.121,121.267,89.323,1
1785490538,793892822,107.591,3.208,110.181,89.073,1
1785490538,827262207,131.016,5.837,136.723,55.704,1
1785490538,894002197,113.735,3.512,117.111,55.663,1
1785490538,960743408,109.538,2.204,111.627,55.621,1
1785490538,994114258,128.07,2.285,130.228,22.25,1
1785490539,60857422,109.876,2.38,112.06,88.909,1
1785490539,94229248,130.481,2.581,132.945,55.538,1
1785490539,160973877,115.489,2.169,117.549,-11.207,1
1785490539,227719971,106.674,1.984,108.558,55.454,1
1785490539,261093262,132.869,3.146,135.828,88.787,1
1785490539,327841064,116.155,2.923,118.952,88.747,1
1785490539,394590088,87.964,2.579,90.296,21.998,1
1785490539,461340088,84.838,2.67,87.345,21.955,1
1785490539,528091309,81.802,2.102,83.8,21.914,1
1785490539,594843994,90.125,2.568,92.568,21.871,1
1785490539,661597656,89.696,6.353,95.922,21.829,1
1785490539,728352539,90.53,2.819,93.22,-44.926,1
1785490539,795108643,84.04,2.328,86.202,21.742,1
1785490539,861776855,84.255,3.1,87.01,21.673,1
1785490539,928444092,87.093,2.778,89.762,21.631,1
1785490539,995110840,82.099,2.181,84.175,-45.036,1
1785490540,61776611,83.968,2.355,86.202,21.545,1
1785490540,128441406,85.098,2.185,87.178,21.502,1
1785490540,161773682,107.48,3.278,110.154,54.792,1
1785490540,195105713,118.706,2.953,121.533,88.08,1
1785490540,261768799,100.75,6.041,106.678,21.417,1
1785490540,328431396,86.648,2.577,89.108,21.374,1
1785490540,395093018,85.154,2.416,87.465,21.331,1
1785490540,461753906,84.223,2.329,86.447,21.289,1
1785490540,528413818,81.463,2.048,83.409,21.246,1
1785490540,595072998,85.319,2.411,87.615,21.203,1
1785490540,661731201,101.015,3.844,104.403,21.161,1
1785490540,695060059,119.608,2.523,122.004,54.447,1
1785490540,761717041,98.44,2.52,100.811,54.432,1
1785490540,795046387,120.477,2.099,122.463,87.704,1
1785490540,861713867,111.218,3.486,114.571,87.661,1
1785490540,895047363,118.64,3.646,122.146,54.327,1
1785490540,961713623,93.953,3.444,97.232,-12.339,1
1785490541,28379150,87.596,2.133,89.627,54.241,1
1785490541,95043701,85.562,2.217,87.667,54.198,1
1785490541,161707520,87.819,2.099,89.807,54.155,1
1785490541,228370605,85.79,2.105,87.779,54.111,1
1785490541,295032715,84.536,2.08,86.515,54.068,1
1785490541,361693848,87.56,1.969,89.425,54.025,1
1785490541,428354248,82.198,2.036,84.133,53.982,1
1785490541,495013916,83.7,2.078,85.675,53.938,1
1785490541,561672607,87.285,2.307,89.486,53.896,1
1785490541,628330566,85.749,2.185,87.828,-12.762,1
1785490541,694987793,88.539,2.684,91.109,53.81,1
1785490541,761644043,93.999,2.873,96.751,53.791,1
1785490541,794972656,112.563,2.529,114.973,87.069,1
1785490541,828307129,131.303,4.762,135.638,53.734,1
1785490541,894975342,116.45,2.99,119.32,53.691,1
1785490541,961642822,99.758,4.821,104.357,53.648,1
1785490541,994976318,117.19,2.463,119.516,86.939,1
1785490542,61642578,98.0,3.2,101.063,20.272,1
1785490542,94975342,120.037,4.677,124.576,-13.06,1
1785490542,161640381,104.684,2.321,106.886,53.519,1
1785490542,194972656,123.626,2.026,125.553,86.808,1
1785490542,261636230,112.925,2.398,115.197,86.765,1
1785490542,294968018,134.675,3.662,138.212,53.433,1
1785490542,361630371,119.039,2.682,121.613,53.389,1
1785490542,428292236,109.261,2.505,111.639,-13.272,1
1785490542,461622803,121.074,2.256,123.21,86.634,1
1785490542,528283203,117.93,2.361,120.165,86.591,1
1785490542,561613281,140.887,2.819,143.598,119.876,1
1785490542,628272461,119.865,2.457,122.17,53.217,1
1785490542,694930908,117.251,2.64,119.776,53.174,1
1785490542,761588623,128.157,4.201,132.222,53.153,1
1785490542,828252686,123.816,5.031,128.691,-13.511,1
1785490542,894921631,113.665,3.485,116.987,53.055,1
1785490542,961589844,96.587,2.634,98.988,53.012,1
1785490542,994923828,117.317,3.307,120.494,86.302,1
1785490543,61590576,97.58,2.515,99.965,19.635,1
1785490543,94923828,122.739,2.968,125.585,52.926,1
1785490543,161589600,119.384,3.583,122.771,52.882,1
1785490543,228254639,97.515,2.724,100.111,52.84,1
1785490543,294918701,89.306,2.16,91.362,52.797,1
1785490543,361582031,86.542,2.532,88.966,52.754,1
1785490543,428244629,84.887,2.234,87.019,52.711,1
1785490543,494906250,86.618,2.172,88.689,52.667,1
1785490543,561567139,87.792,2.083,89.77,52.625,1
1785490543,628227295,83.808,2.037,85.741,52.581,1
1785490543,694886475,90.079,2.118,92.092,52.539,1
1785490543,761544922,95.647,2.395,97.922,52.515,1
1785490543,794874756,120.445,2.122,122.433,85.802,1
1785490543,861548340,109.72,5.756,115.337,85.759,1
1785490543,894885010,123.734,2.694,126.299,52.422,1
1785490543,961557617,108.159,2.431,110.458,52.379,1
1785490543,994893799,126.334,2.632,128.845,85.672,1
1785490544,61565430,100.205,3.151,103.138,19.0,1
1785490544,128236328,100.061,2.391,102.327,85.585,1
1785490544,194906738,91.045,4.003,94.918,18.915,1
1785490544,228241455,108.487,2.494,110.865,-14.42,1
1785490544,294910889,88.136,2.043,90.076,52.164,1
1785490544,361579346,85.842,2.245,87.986,52.121,1
1785490544,428247314,86.85,2.165,88.852,52.078,1
1785490544,494914551,86.832,2.129,88.862,52.035,1
1785490544,561581299,86.11,2.259,88.265,51.992,1
1785490544,628247070,85.968,2.033,87.895,51.949,1
1785490544,694912354,99.901,2.481,102.254,-14.716,1
1785490544,728244629,129.737,2.984,132.601,85.211,1
1785490544,794909668,119.623,2.414,121.713,85.177,1
1785490544,861592041,101.13,4.564,105.575,18.494,1
1785490544,894932861,132.028,12.189,144.097,51.792,1
1785490544,961614258,118.745,2.424,121.047,-14.889,1
1785490545,28295166,100.563,5.144,105.548,51.706,1
1785490545,61635254,118.954,2.379,121.2,85.004,1
1785490545,128315186,105.974,3.375,109.226,84.96,1
1785490545,194994385,101.444,2.567,103.887,84.917,1
1785490545,261672852,100.408,2.474,102.757,18.239,1
1785490545,328350830,101.11,2.233,103.228,18.196,1
1785490545,395028320,92.502,5.687,98.052,-48.482,1
1785490545,428366699,109.789,2.687,112.353,-81.82,1
1785490545,461705078,125.91,3.348,129.125,84.744,1
1785490545,528381104,107.484,8.641,112.493,84.7,1
1785490545,561718994,125.312,3.95,129.106,51.363,1
1785490545,628394043,107.02,2.826,109.724,51.32,1
1785490545,661731445,118.506,2.531,120.923,84.614,1
1785490545,695068604,155.127,5.147,160.142,117.919,1
1785490545,795079834,96.96,2.691,99.533,17.908,1
1785490545,861749512,87.25,2.608,89.74,-48.761,1
1785490545,928418457,90.95,2.551,93.324,17.811,1
1785490545,995086670,85.974,2.415,88.276,-48.857,1
1785490546,61753906,84.741,2.374,86.963,-115.524,1
1785490546,128420410,89.81,2.477,92.165,17.684,1
1785490546,195086182,87.937,2.454,90.286,17.641,1
1785490546,261751221,87.468,2.525,89.877,17.598,1
1785490546,328415283,97.937,2.234,100.052,17.555,1
1785490546,395078613,88.401,2.272,90.568,17.513,1
1785490546,461740967,89.284,2.419,91.568,17.47,1
1785490546,528402832,86.404,2.086,88.336,-49.192,1
1785490546,595063721,90.779,2.769,93.353,17.384,1
1785490546,661723633,90.019,3.6,93.492,17.342,1
1785490546,728383057,92.404,3.136,95.418,17.299,1
1785490546,795041992,90.427,2.713,92.988,17.27,1
1785490546,861709473,90.367,2.379,92.624,17.216,1
1785490546,928375977,88.459,2.223,90.556,17.174,1
1785490546,995041748,86.901,2.224,89.023,17.131,1
1785490547,61706787,86.181,2.111,88.184,17.089,1
1785490547,128370850,89.688,2.697,92.272,17.046,1
1785490547,195034180,88.223,2.808,90.922,17.003,1
1785490547,261696533,88.487,2.913,91.248,16.96,1
1785490547,295027344,118.491,3.062,121.428,50.249,1
1785490547,361688477,97.374,3.654,100.903,50.206,1
1785490547,395018799,119.991,2.547,122.421,83.493,1
1785490547,461678711,104.233,3.771,107.866,83.449,1
1785490547,495008301,122.956,3.496,126.308,50.12,1
1785490547,561666992,118.943,3.042,121.87,50.076,1
1785490547,628324707,94.926,3.508,98.33,-16.582,1
1785490547,694981689,109.983,3.044,112.897,49.99,1
1785490547,728309814,133.744,2.834,136.423,16.662,1
1785490547,794966064,112.357,2.308,114.552,83.248,1
1785490547,828300293,140.13,2.778,142.773,116.539,1
1785490547,928301758,100.197,2.621,102.667,83.161,1
1785490547,994968262,90.039,2.626,92.544,16.495,1
1785490548,61634033,88.76,2.23,90.887,16.452,1
1785490548,128298828,91.752,2.399,94.028,16.409,1
1785490548,194962891,89.103,2.386,91.325,16.367,1
1785490548,261625977,87.336,2.648,89.87,16.324,1
1785490548,328288330,92.614,3.283,95.428,-50.338,1
1785490548,394949951,89.112,2.064,91.07,16.239,1
1785490548,461610596,88.186,2.215,90.24,16.197,1
1785490548,528270508,88.302,2.216,90.414,16.153,1
1785490548,594929688,91.07,2.538,93.486,16.111,1
1785490548,661587891,90.468,2.951,93.3,16.069,1
1785490548,728245361,92.531,3.19,95.599,16.026,1
1785490548,794902344,88.733,2.487,91.11,15.993,1
1785490548,861570801,87.598,2.635,90.119,15.944,1
1785490548,928238770,89.265,2.456,91.611,15.901,1
1785490548,994905762,88.529,2.558,90.915,15.858,1
1785490549,61571777,87.384,2.247,89.471,15.816,1
1785490549,128237061,89.2,2.498,91.456,15.773,1
1785490549,194901611,89.769,2.566,92.215,15.731,1
1785490549,261565430,89.054,2.119,91.071,15.688,1
1785490549,328228271,97.31,2.37,99.563,15.646,1
1785490549,394890137,89.78,2.642,92.301,-51.016,1
1785490549,461551514,90.25,2.665,92.795,-117.678,1
1785490549,528211914,88.92,2.22,91.033,15.517,1
1785490549,594871338,89.412,2.162,91.467,15.475,1
1785490549,661530273,94.58,5.038,99.436,-51.184,1
1785490549,728187988,94.505,2.683,97.069,15.39,1
1785490549,794845703,93.766,4.006,97.665,15.354,1
1785490549,861667725,88.851,5.776,94.51,15.343,1
1785490549,928491211,94.479,3.919,98.286,15.3,1
1785490549,995315674,89.46,2.394,91.731,15.258,1
1785490550,62141602,88.057,2.178,90.128,15.216,1
1785490550,128968262,90.7,2.285,92.861,15.174,1
1785490550,195796387,89.425,2.517,91.817,15.132,1
1785490550,262625488,89.184,2.562,91.625,-51.698,1
1785490550,329456055,91.002,3.065,93.941,15.047,1
1785490550,396287354,88.158,2.177,90.227,-51.784,1
1785490550,429703613,120.883,2.248,123.021,48.379,1
1785490550,496536865,97.985,2.927,100.778,48.337,1
1785490550,529953857,122.645,5.608,128.039,81.713,1
1785490550,596788818,104.133,2.838,106.812,81.671,1
1785490550,630206787,127.117,3.58,130.588,48.253,1
1785490550,697043457,121.591,5.946,127.386,-18.583,1
1785490550,730462402,170.801,2.811,173.469,81.556,1
1785490550,830644775,123.84,3.065,126.773,-18.627,1
1785490550,897335693,120.114,2.203,122.215,-85.318,1
1785490550,964026123,105.315,5.942,111.124,47.935,1
1785490550,997371094,122.739,3.343,125.963,81.237,1
1785490551,64060547,97.834,2.224,99.942,81.194,1
1785490551,130749512,110.861,2.622,113.35,81.15,1
1785490551,164093750,129.217,2.692,131.765,47.806,1
1785490551,230781738,109.661,3.231,112.744,-18.882,1
1785490551,264125488,124.707,3.422,128.003,81.065,1
1785490551,330812500,110.947,4.141,114.97,81.021,1
1785490551,364156006,129.74,2.551,132.168,47.678,1
1785490551,430842041,111.636,2.734,114.256,47.635,1
1785490551,497527832,110.334,4.228,114.426,-19.05,1
1785490551,530870361,138.84,8.342,144.474,80.892,1
1785490551,597554932,126.279,2.209,128.38,80.848,1
1785490551,664239014,118.481,8.864,127.199,80.806,1
1785490551,697580811,125.82,2.804,128.503,47.464,1
1785490551,764264160,101.394,2.558,103.716,-19.219,1
1785490551,797605469,125.846,2.4,128.127,80.781,1
1785490551,864339111,115.722,5.7,121.138,80.74,1
1785490551,897706055,137.819,9.872,147.565,114.066,1
1785490551,964441162,109.442,3.173,111.859,47.331,1
1785490552,31177246,92.082,2.257,94.171,-19.405,1
1785490552,97914551,90.16,1.963,92.022,47.248,1
1785490552,164652832,90.708,2.499,93.096,47.206,1
1785490552,231392090,92.849,2.031,94.771,47.164,1
1785490552,298132568,89.19,2.21,91.291,-19.576,1
1785490552,364874023,87.893,2.181,89.965,47.081,1
1785490552,431616455,89.057,2.164,91.121,47.039,1
1785490552,498360107,89.646,2.466,91.922,46.997,1
1785490552,565104736,87.077,2.059,89.032,46.955,1
1785490552,631850586,91.197,2.498,93.587,46.914,1
1785490552,698597412,92.011,2.235,94.13,46.873,1
1785490552,765345459,92.308,1.985,94.191,46.82,1
1785490552,832092773,89.768,2.193,91.797,46.788,1
1785490552,898841309,87.051,2.02,88.975,-19.961,1
1785490552,965591064,86.93,2.132,88.962,46.705,1
1785490553,32342041,85.921,2.133,87.953,46.662,1
1785490553,99094482,90.023,2.122,92.043,46.621,1
1785490553,232603027,88.674,1.922,90.488,46.538,1
1785490553,299359375,90.032,2.085,92.016,46.496,1
1785490553,366116943,94.901,5.05,99.825,46.455,1
1785490553,399496338,109.968,4.584,114.415,13.076,1
1785490553,432875977,116.991,3.217,120.087,-20.304,1
1785490553,499636230,104.392,2.361,106.629,46.372,1
1785490553,533016846,138.35,3.047,141.266,79.711,1
1785490553,599779053,123.517,2.134,125.547,12.948,1
1785490553,666542725,123.785,2.393,126.068,79.629,1
1785490553,733307617,107.046,2.71,109.64,79.577,1
1785490553,766690430,127.933,2.378,130.19,46.194,1
1785490553,833457520,120.176,8.148,126.432,46.164,1
1785490553,900227295,100.267,2.747,102.864,-20.606,1
1785490553,933612793,128.008,2.983,130.874,79.469,1
1785490554,385254,104.884,1.887,106.679,79.428,1
1785490554,67159668,96.047,2.041,97.983,79.388,1
1785490554,133935547,95.653,1.89,97.451,79.347,1
1785490554,200713379,90.654,2.101,92.654,12.569,1
1785490554,267492676,86.863,3.626,90.374,12.527,1
1785490554,334273926,88.539,2.244,90.666,12.485,1
1785490554,401056885,89.941,1.935,91.781,12.443,1
1785490554,467841553,87.081,2.371,89.326,12.4,1
1785490554,534628174,90.143,2.192,92.225,12.358,1
1785490554,568021973,118.59,2.493,120.964,45.71,1
1785490554,634811035,116.537,5.371,121.555,45.669,1
1785490554,668206299,152.47,2.497,154.842,79.023,1
1785490554,768394287,107.352,5.327,112.504,45.573,1
1785490554,801790527,121.173,2.514,123.563,79.001,1
1785490554,868635742,105.267,5.101,110.158,78.961,1
1785490554,902058838,116.375,2.752,118.924,45.538,1
1785490554,968906494,102.499,2.384,104.763,45.496,1
1785490555,2330811,116.959,2.146,119.004,78.88,1
1785490555,69180908,97.307,2.835,99.572,78.838,1
1785490555,102606445,132.341,2.757,134.977,112.224,1
1785490555,169458740,123.544,2.248,125.595,45.372,1
1785490555,236312500,92.229,2.271,94.399,-21.482,1
1785490555,303167969,88.629,2.261,90.786,-88.338,1
1785490555,370025146,85.999,2.256,88.151,45.248,1
1785490555,436883789,84.129,2.109,86.135,-21.611,1
1785490555,503743896,84.402,2.287,86.586,-88.471,1
1785490555,570605713,90.123,2.414,92.425,45.123,1
1785490555,604037109,117.235,2.299,119.431,78.513,1
1785490555,670901367,109.334,2.352,111.562,78.472,1
1785490555,704333984,124.501,2.242,126.625,111.841,1
1785490555,771200439,120.595,2.787,123.179,44.974,1
1785490555,837973145,91.226,2.241,93.369,-21.799,1
1785490555,904653564,86.339,2.095,88.325,44.787,1
1785490555,971333252,83.591,2.081,85.562,44.744,1
1785490556,38012451,88.126,2.201,90.051,44.701,1
1785490556,104691162,84.859,2.14,86.894,44.658,1
1785490556,171368896,91.438,2.14,93.468,44.616,1
1785490556,238046387,86.591,2.024,88.513,-22.062,1
1785490556,304723145,86.36,1.882,88.153,44.53,1
1785490556,371399170,83.676,2.22,85.707,44.486,1
1785490556,438074707,86.205,2.047,88.112,44.444,1
1785490556,504749756,85.683,2.306,87.889,-22.231,1
1785490556,571424072,91.713,2.492,94.097,44.358,1
1785490556,604760986,116.044,2.506,118.42,77.653,1
1785490556,671434326,100.868,14.978,115.694,77.609,1
1785490556,704770752,125.412,2.828,128.124,44.272,1
1785490556,771443359,94.897,2.773,97.546,44.24,1
1785490556,871461182,91.788,2.303,93.891,77.491,1
1785490556,938141602,86.328,2.231,88.46,10.811,1
1785490557,4821533,84.81,2.764,87.461,10.768,1
1785490557,71500977,84.667,3.358,87.91,10.725,1
1785490557,138179688,86.671,2.708,89.27,-55.953,1
1785490557,204857910,89.356,2.519,91.745,10.64,1
1785490557,238196533,96.883,2.771,99.533,43.936,1
1785490557,304873779,87.223,2.18,89.299,43.894,1
1785490557,371550537,85.535,2.178,87.61,43.85,1
1785490557,438226318,85.038,2.225,87.159,-22.826,1
1785490557,504901855,85.871,2.193,87.957,43.764,1
1785490557,571576660,88.153,6.465,94.284,43.722,1
1785490557,604913818,107.334,2.14,109.355,77.016,1
1785490557,638250732,133.758,3.703,137.335,110.31,1
1785490557,704924316,124.725,2.578,127.065,43.636,1
1785490557,771597412,108.744,3.947,112.294,-23.037,1
1785490557,804934326,138.451,3.085,141.414,77.072,1
1785490557,871767090,124.629,2.046,126.575,10.239,1
1785490557,938601074,115.184,2.626,117.695,76.99,1
1785490558,5436523,92.983,2.333,95.209,76.95,1
1785490558,72273438,86.723,2.046,88.667,10.113,1
1785490558,139111572,94.695,2.313,96.817,76.867,1
1785490558,172531006,118.873,3.154,121.893,43.448,1
1785490558,239371338,94.887,3.116,97.848,-23.392,1
1785490558,272791748,123.122,3.796,126.799,76.786,1
1785490558,339634033,105.083,4.596,109.521,76.744,1
1785490558,373055664,118.939,2.965,121.784,43.322,1
1785490558,473322510,89.694,2.006,91.608,76.662,1
1785490558,540168701,84.622,2.426,86.915,9.816,1
1785490558,607016357,85.153,2.253,87.268,9.774,1
1785490558,640440674,120.849,2.215,122.957,43.156,1
1785490558,707290283,116.191,2.517,118.585,-23.694,1
1785490558,774141357,111.18,2.653,113.704,43.054,1
1785490558,807565918,121.197,2.296,123.391,9.629,1
1785490558,874348877,105.503,3.741,109.105,76.388,1
1785490558,907763916,125.725,2.5,128.107,109.763,1
1785490558,974594971,105.642,3.77,109.292,42.932,1
1785490559,8010986,126.668,2.172,128.724,9.516,1
1785490559,74843750,123.341,2.744,125.855,76.265,1
1785490559,141677734,123.773,3.255,126.913,76.224,1
1785490559,208513184,110.087,3.119,113.064,76.183,1
1785490559,241931396,122.884,2.657,125.416,109.561,1
1785490559,308768555,99.863,4.794,103.889,42.724,1
1785490559,342187500,115.327,3.055,118.262,9.305,1
1785490559,409026611,89.458,2.215,91.573,76.06,1
1785490559,475866943,86.615,2.012,88.529,76.018,1
1785490559,542708496,86.373,2.19,88.448,75.978,1
1785490559,609551514,91.262,2.444,93.549,75.936,1
1785490559,642973389,132.439,2.476,134.794,109.317,1
1785490559,709817871,114.683,3.14,117.701,42.473,1
1785490559,776663818,99.402,3.577,102.839,42.431,1
1785490559,810087402,115.938,2.984,118.798,75.687,1
1785490559,876835205,104.438,2.633,106.828,75.546,1
1785490559,910160400,134.602,9.644,144.118,108.827,1
1785490559,976810059,100.79,2.864,103.529,42.178,1
1785490560,43458496,93.699,2.51,96.08,42.134,1
1785490560,110105713,89.125,2.132,91.154,42.092,1
1785490560,176751953,90.409,2.446,92.716,42.048,1
1785490560,210074463,114.097,2.747,116.694,8.725,1
1785490560,276718994,89.066,2.17,91.13,75.283,1
1785490560,343362061,85.97,2.283,88.139,75.24,1
1785490560,410004395,85.998,1.965,87.865,75.196,1
1785490560,476645264,82.426,2.043,84.372,8.555,1
1785490560,543285156,83.81,2.248,85.937,8.513,1
1785490560,609923828,82.033,2.533,84.458,8.469,1
1785490560,643242676,109.786,3.573,113.238,41.746,1
1785490560,676561279,134.883,2.656,137.418,75.022,1
1785490560,743197754,128.159,2.581,130.622,74.978,1
1785490560,809833008,113.442,3.191,116.522,74.949,1
1785490560,876479004,95.468,2.836,97.908,74.914,1
1785490560,909806396,117.674,2.459,119.958,41.587,1
1785490560,976460449,99.471,2.038,101.408,41.544,1
1785490561,9786865,121.424,2.454,123.752,8.218,1
1785490561,76439453,111.869,2.451,114.202,74.784,1
1785490561,109765137,136.391,2.126,138.335,108.065,1
1785490561,176416016,121.391,2.98,124.249,108.022,1
1785490561,243065918,96.039,3.126,99.023,41.372,1
1785490561,276390625,117.135,3.847,120.865,8.047,1
1785490561,343039063,92.465,2.844,95.189,74.61,1
1785490561,409686523,85.283,2.163,87.283,7.962,1
1785490561,476333008,86.257,1.959,88.119,74.522,1
1785490561,542978271,83.274,2.681,85.838,7.877,1
1785490561,609622803,92.309,2.118,94.31,74.436,1
1785490561,642944580,121.722,2.553,124.149,107.713,1
1785490561,709587646,100.319,2.28,102.487,41.07,1
1785490561,742908691,129.235,2.388,131.501,74.348,1
1785490561,809550049,108.827,2.978,111.673,74.313,1
1785490561,842871582,125.365,11.624,136.204,107.601,1
1785490561,909523682,106.493,2.316,108.685,40.949,1
1785490561,942849121,128.163,2.277,130.315,7.623,1
1785490562,9499512,114.783,2.758,117.414,74.187,1
1785490562,76148926,95.947,2.416,98.237,74.144,1
1785490562,109473145,124.962,2.012,126.87,40.82,1
1785490562,176120605,120.289,2.386,122.562,-25.828,1
1785490562,209444092,123.967,2.005,125.873,-59.151,1
1785490562,276090088,123.372,2.922,126.166,74.012,1
1785490562,342734863,97.019,2.776,99.669,73.969,1
1785490562,409378662,91.423,2.092,93.415,73.925,1
1785490562,476021240,87.624,4.618,89.519,73.882,1
1785490562,509342041,100.434,1.996,102.331,40.561,1
1785490562,575983154,91.015,2.097,93.012,40.517,1
1785490562,642623047,90.272,5.106,95.257,40.475,1
1785490562,675942627,128.574,2.26,130.723,73.75,1
1785490562,742580811,116.064,2.467,118.419,73.707,1
1785490562,809217773,114.5,2.168,116.564,7.07,1
1785490562,875863037,102.758,2.531,104.968,73.638,1
1785490562,909188721,120.926,2.281,123.092,106.919,1
1785490562,975839355,101.713,2.414,104.007,40.269,1
1785490563,9164307,125.881,2.926,128.673,73.551,1
1785490563,75813232,118.012,2.07,119.982,73.506,1
1785490563,142461182,98.167,7.709,105.756,73.463,1
1785490563,175784668,127.202,3.518,130.601,106.742,1
1785490563,242430908,107.603,3.067,110.554,40.096,1
1785490563,275753418,129.541,2.45,131.874,6.773,1
1785490563,342397949,115.372,3.438,118.588,73.333,1
1785490563,409041260,100.452,9.577,106.36,73.289,1
1785490563,442362549,125.277,2.201,127.369,106.566,1
1785490563,509004150,95.384,2.146,97.408,39.925,1
1785490563,575644775,94.742,2.95,97.576,39.881,1
1785490563,642284180,96.189,6.369,102.42,39.838,1
1785490563,675603516,124.268,2.892,127.049,73.114,1
1785490563,742241211,119.94,2.979,122.779,6.476,1
1785490563,808877930,102.81,2.369,105.063,73.074,1
1785490563,842196533,128.812,2.398,131.096,39.755,1
1785490563,908884766,118.094,2.329,120.317,-26.933,1
1785490563,975535156,104.712,12.859,117.451,39.632,1
1785490564,8860107,120.095,2.715,122.609,6.307,1
1785490564,75508789,92.816,2.078,94.793,72.87,1
1785490564,142156250,92.588,2.059,94.55,72.827,1
1785490564,208802734,94.592,2.133,96.619,72.782,1
1785490564,242125732,121.886,2.197,123.968,39.459,1
1785490564,308770508,98.759,5.919,103.196,-27.185,1
1785490564,342092529,108.85,2.674,111.394,72.695,1
1785490564,408735596,90.039,2.171,92.107,6.052,1
1785490564,475377441,87.337,2.041,89.281,72.608,1
1785490564,542018311,88.149,2.249,90.256,72.564,1
1785490564,608657959,89.248,2.042,91.19,72.521,1
1785490564,675296631,94.104,2.243,96.218,72.477,1
1785490564,708615479,131.422,2.569,133.808,105.753,1
1785490564,775252441,123.028,2.308,125.207,105.708,1
1785490564,841888184,107.111,2.052,109.056,39.072,1
1785490564,875202637,134.254,2.104,136.244,5.758,1
1785490564,941874268,125.027,2.21,127.131,72.343,1
1785490565,8544922,123.029,2.586,125.482,72.3,1
1785490565,75214600,106.063,2.309,108.244,72.257,1
1785490565,108549072,124.47,2.049,126.42,38.922,1
1785490565,175217773,119.262,2.358,121.503,-27.747,1
1785490565,208551514,145.31,2.283,147.471,-61.08,1
1785490565,275218750,134.758,3.112,137.752,72.127,1
1785490565,341885254,117.093,2.572,119.544,5.46,1
1785490565,408550537,102.26,4.319,106.464,72.04,1
1785490565,441883057,122.983,2.076,124.958,105.328,1
1785490565,508547119,112.116,2.628,114.621,38.664,1
1785490565,541878906,143.969,2.15,145.995,71.953,1
1785490565,608541992,152.893,2.111,154.895,71.909,1
1785490565,675203857,154.744,2.304,156.909,71.867,1
1785490565,775195313,106.159,3.05,109.091,-28.125,1
1785490565,808525391,124.681,2.155,126.734,-61.455,1
1785490565,875177002,106.846,3.008,109.696,71.848,1
1785490565,908558350,129.202,3.294,132.264,105.189,1
1785490565,975322021,110.939,7.233,118.062,38.426,1
1785490566,8704346,137.27,3.38,140.513,71.767,1
1785490566,75469971,119.108,3.178,122.026,5.002,1
1785490566,142237305,101.981,4.419,105.936,71.685,1
1785490566,175621582,121.29,3.402,124.578,38.301,1
1785490566,242390869,111.301,4.204,115.359,38.259,1
1785490566,275776123,136.208,2.908,138.995,71.604,1
1785490566,342547852,117.85,2.84,120.563,4.832,1
1785490566,409320801,94.348,2.028,96.285,71.521,1
1785490566,476095459,91.171,3.107,94.17,4.747,1
1785490566,542871338,89.191,2.519,91.603,71.439,1
1785490566,609648682,88.545,2.238,90.669,71.398,1
1785490566,676427490,97.617,2.667,100.141,4.619,1
1785490566,709817627,128.766,3.908,132.558,104.706,1
1785490566,776598633,119.628,2.128,121.655,37.925,1
1785490566,809989502,152.45,2.119,154.468,71.275,1
1785490566,910191406,106.063,2.579,108.519,-28.927,1
1785490566,943614746,135.548,3.035,138.394,71.259,1
1785490567,10462646,123.913,2.615,126.356,4.411,1
1785490567,77312256,111.192,6.316,117.383,71.178,1
1785490567,110737793,136.801,4.324,140.895,104.562,1
1785490567,177589844,129.582,2.583,132.036,104.523,1
1785490567,244443848,101.271,3.299,104.414,37.669,1
1785490567,311299316,98.443,2.735,101.048,-29.186,1
1785490567,378156738,89.73,2.265,91.807,-96.044,1
1785490567,445015625,87.08,2.264,89.239,37.545,1
1785490567,511876465,85.563,2.174,87.632,37.502,1
1785490567,578738770,88.638,2.095,90.634,37.461,1
1785490567,645602783,90.187,2.465,92.501,37.419,1
1785490567,712468750,96.889,2.523,99.286,37.378,1
1785490567,745902344,121.593,4.376,125.853,3.945,1
1785490567,812770752,117.843,3.253,120.865,70.729,1
1785490567,879653320,91.286,2.248,93.427,3.847,1
1785490567,946301025,92.497,2.035,94.437,70.408,1
1785490568,12947510,87.079,2.015,88.988,3.762,1
1785490568,79593018,87.944,2.237,90.071,70.321,1
1785490568,146237061,97.556,2.516,99.943,70.277,1
1785490568,246201172,93.435,3.448,96.761,36.913,1
1785490568,279521973,120.533,3.169,123.582,70.189,1
1785490568,346162598,105.593,2.651,108.12,70.146,1
1785490568,379482422,130.034,4.335,134.246,103.422,1
1785490568,446121338,120.893,2.28,123.06,103.378,1
1785490568,512759033,91.086,2.232,93.14,36.74,1
1785490568,579395508,90.196,2.33,92.414,36.697,1
1785490568,646030762,86.172,2.034,88.09,36.654,1
1785490568,712664795,90.541,2.45,92.882,36.611,1
1785490568,812613770,90.966,2.512,93.365,69.841,1
1785490568,845929688,124.348,2.083,126.321,103.295,1
1785490568,912647217,117.755,1.997,119.652,103.341,1
1785490568,979452637,101.728,2.26,103.88,36.536,1
1785490569,12855469,122.889,3.097,125.764,3.133,1
1785490569,79661865,110.567,2.958,113.391,69.855,1
1785490569,113065430,128.44,3.016,131.327,103.217,1
1785490569,179873291,112.364,2.643,114.876,36.409,1
1785490569,213277344,120.76,2.425,123.086,3.005,1
1785490569,280086182,100.533,3.777,104.131,69.73,1
1785490569,313491211,123.093,6.763,129.719,103.094,1
1785490569,380301270,123.013,2.623,125.496,103.052,1
1785490569,447112305,101.179,3.191,104.248,36.241,1
1785490569,480518066,116.901,3.572,120.19,69.605,1
1785490569,513924072,131.415,4.524,135.811,102.969,1
1785490569,580736816,119.126,2.824,121.733,102.928,1
1785490569,647550293,98.72,2.516,101.116,36.115,1
1785490569,680957520,143.317,7.031,150.217,69.479,1
1785490569,747772217,138.818,7.839,146.518,2.665,1
1785490569,814587891,126.352,2.508,128.729,-64.151,1
1785490569,881403076,104.468,2.161,106.447,-130.966,1
1785490569,948037842,93.618,3.34,96.794,69.122,1
1785490570,14671387,91.459,4.975,96.311,69.078,1
1785490570,81303467,88.213,2.08,90.189,69.034,1
1785490570,147934082,90.914,2.227,93.038,2.404,1
1785490570,214563232,91.556,2.054,93.495,-64.225,1
1785490570,247877441,120.422,2.016,122.335,102.216,1
1785490570,314504395,117.976,2.222,120.08,102.172,1
1785490570,347817383,129.907,2.37,132.065,68.859,1
1785490570,414442383,117.036,3.131,120.043,2.234,1
1785490570,481065918,90.111,2.982,92.713,68.771,1
1785490570,547688232,88.539,2.194,90.633,68.727,1
1785490570,614308838,100.511,5.185,105.524,68.683,1
1785490570,647618652,132.413,14.779,147.078,101.948,1
1785490570,714237305,122.41,3.253,125.543,101.904,1
1785490570,780854492,101.591,11.74,113.207,35.287,1
1785490570,814162598,117.917,2.32,120.132,1.979,1
1785490570,880778809,103.453,4.656,107.85,68.613,1
1785490570,914136963,124.715,3.781,128.353,101.929,1
1785490570,980853760,107.432,10.374,117.687,35.213,1
1785490571,14212402,124.832,3.395,128.106,68.53,1
1785490571,80930420,121.389,2.806,123.929,68.488,1
1785490571,147649170,104.959,2.242,107.095,68.447,1
1785490571,181008789,124.918,4.038,128.833,101.764,1
1785490571,247728760,123.493,2.686,126.058,101.723,1
1785490571,314449463,105.503,3.379,108.722,35.003,1
1785490571,347810059,139.947,5.118,144.877,68.322,1
1785490571,414531738,117.566,2.791,120.223,1.6,1
1785490571,481254395,90.991,4.9,93.438,68.238,1
1785490571,547977539,90.312,2.072,92.283,68.196,1
1785490571,614701660,95.227,2.629,97.717,68.155,1
1785490571,648063965,109.606,2.745,112.231,34.793,1
1785490571,681426514,130.189,2.315,132.386,68.113,1
1785490571,748152100,125.288,2.361,127.533,68.071,1
1785490571,814878418,110.695,2.346,112.945,68.029,1
1785490571,848241699,137.772,2.714,140.318,101.27,1
1785490571,914929199,122.275,2.049,124.226,101.186,1
1785490571,981576172,123.732,2.503,126.128,101.142,1
1785490572,48221680,120.734,2.275,122.907,101.097,1
1785490572,114866211,118.744,2.477,121.085,101.053,1
1785490572,148188232,152.352,2.339,154.576,134.33,1
1785490572,248151855,101.134,3.685,104.685,34.366,1
1785490572,281472412,129.702,2.657,132.144,67.644,1
1785490572,348112793,105.346,2.728,107.925,67.6,1
1785490572,381432617,122.96,2.266,125.111,100.876,1
1785490572,448071289,106.958,6.742,113.51,34.238,1
1785490572,481390137,126.516,3.202,129.585,67.513,1
1785490572,548026855,102.163,2.975,105.002,0.876,1
1785490572,614662598,102.654,5.782,108.309,67.427,1
1785490572,681297119,94.75,2.457,97.08,67.382,1
1785490572,714613770,131.074,2.669,133.526,100.656,1
1785490572,781246582,128.774,3.059,131.625,100.613,1
1785490572,847878174,125.421,3.874,129.156,100.586,1
1785490572,914518555,107.081,3.955,110.916,33.946,1
1785490572,981166016,104.465,3.662,107.962,33.903,1
1785490573,14489258,125.653,2.575,127.996,0.579,1
1785490573,81134766,113.707,3.229,116.791,67.139,1
1785490573,114457275,131.809,4.591,134.108,100.418,1
1785490573,181101318,105.173,2.559,107.427,33.774,1
1785490573,281064941,90.05,2.087,92.02,67.009,1
1785490573,347705811,92.24,2.149,94.121,66.965,1
1785490573,447665283,87.249,2.031,89.177,33.602,1
1785490573,514303223,88.509,2.227,90.628,33.558,1
1785490573,580940186,90.08,1.975,91.949,33.516,1
1785490573,647575928,93.697,2.491,96.079,33.472,1
1785490573,714210449,93.777,2.13,95.804,33.43,1
1785490573,780843750,88.957,2.305,91.161,33.386,1
1785490573,847476074,88.475,2.196,90.567,33.344,1
1785490573,914158203,89.427,2.018,91.345,33.351,1
1785490573,980890381,96.87,2.999,99.74,33.31,1
1785490574,14257080,124.305,2.144,126.344,66.635,1
1785490574,80990723,97.251,2.196,99.344,66.593,1
1785490574,147725586,96.591,2.114,98.536,66.552,1
1785490574,214461670,95.887,4.487,100.254,66.51,1
1785490574,247830078,122.776,3.798,126.446,99.837,1
1785490574,314567383,106.112,6.089,112.066,33.1,1
1785490574,347936523,121.362,2.113,123.372,-0.269,1
1785490574,414675537,111.233,2.391,113.498,66.386,1
1785490574,448045410,128.022,2.612,130.531,99.714,1
1785490574,514786133,122.704,3.401,125.987,99.674,1
1785490574,581527588,95.213,2.098,97.205,32.932,1
1785490574,614898926,125.594,2.461,127.939,66.261,1
1785490574,681642090,125.982,2.168,128.045,66.22,1
1785490574,748386230,108.855,2.577,111.314,66.178,1
1785490574,815131348,89.255,2.04,91.194,-0.567,1
1785490574,881877197,99.752,2.436,102.069,66.255,1
1785490574,915331055,122.681,2.133,124.716,99.671,1
1785490574,982241455,102.896,3.612,106.361,32.76,1
1785490575,15697754,153.972,2.048,155.917,133.053,1
1785490575,116072266,111.573,2.039,113.502,32.679,1
1785490575,149532227,124.239,2.393,126.489,66.098,1
1785490575,216454590,119.411,2.213,121.509,66.059,1
1785490575,283380371,99.459,4.052,103.379,66.021,1
1785490575,316844727,144.173,2.619,146.674,99.446,1
1785490575,383775635,121.167,2.113,123.157,32.515,1
1785490575,450710205,98.513,10.073,108.335,-34.42,1
1785490575,484178711,117.028,2.663,119.572,65.902,1
1785490575,551118408,98.487,2.226,100.596,65.864,1
1785490575,584589600,108.35,2.834,111.062,32.393,1
1785490575,618061768,147.612,2.2,149.715,132.732,1
1785490575,685008301,127.06,2.19,129.041,65.785,1
1785490575,751958496,114.997,2.267,117.147,65.745,1
1785490575,818911865,96.646,2.863,99.379,65.707,1
1785490575,852390137,118.659,7.025,124.847,98.853,1
1785490575,885866211,141.571,2.612,144.068,65.377,1
1785490575,952531006,125.574,2.563,128.006,65.334,1
1785490576,19194824,120.192,4.912,124.989,65.29,1
1785490576,85857666,112.181,2.025,114.101,65.247,1
1785490576,152519775,98.402,2.361,100.639,65.204,1
1785490576,219180908,93.384,2.802,96.069,65.161,1
1785490576,252511230,122.398,2.563,124.838,98.447,1
1785490576,319171143,108.574,2.407,110.856,31.787,1
1785490576,352500732,130.266,2.994,133.13,65.074,1
1785490576,419159180,119.484,3.368,122.655,65.03,1
1785490576,485816895,114.766,3.031,117.653,64.987,1
1785490576,552473633,91.216,2.29,93.405,-1.669,1
1785490576,619129639,87.935,2.446,90.276,-68.325,1
1785490576,685784668,90.265,2.643,92.8,-134.98,1
1785490576,752438721,86.601,2.477,88.798,-201.635,1
1785490576,819092041,85.725,2.188,87.813,64.771,1
1785490576,885745117,93.456,3.19,96.506,64.739,1
1785490576,919077148,122.857,2.213,124.937,98.028,1
1785490576,985740234,94.795,2.347,97.027,31.365,1
1785490577,52402588,92.21,2.94,95.029,31.322,1
1785490577,85733398,123.316,2.772,125.973,64.61,1
1785490577,152394043,114.565,2.475,116.912,64.566,1
1785490577,185724365,137.673,2.336,139.89,97.853,1
1785490577,252383789,125.517,3.05,128.431,97.809,1
1785490577,319042236,110.143,2.28,112.324,31.15,1
1785490577,352371338,143.012,6.247,149.124,-2.179,1
1785490577,419028564,121.326,3.229,124.417,-68.836,1
1785490577,485684814,117.751,2.698,120.328,64.35,1
1785490577,552340088,89.252,2.102,91.251,64.306,1
1785490577,618994629,95.269,7.985,103.116,64.263,1
1785490577,652321533,117.389,6.937,123.625,97.546,1
1785490577,685648193,134.595,7.893,142.361,64.219,1
1785490577,718974609,154.931,3.247,157.856,97.502,1
1785490577,818952637,97.273,2.652,99.806,64.132,1
1785490577,885604248,92.244,2.304,94.446,64.103,1
1785490577,952268311,87.154,2.313,89.36,64.06,1
1785490578,18931396,86.322,2.627,88.716,64.017,1
1785490578,85593506,85.597,3.452,88.938,-2.646,1
1785490578,152254883,92.97,2.193,95.062,63.93,1
1785490578,185585205,108.835,3.422,112.136,30.6,1
1785490578,218915283,131.788,2.51,134.177,-2.73,1
1785490578,285574951,120.302,2.907,122.943,63.843,1
1785490578,352233643,97.972,3.138,100.977,63.8,1
1785490578,385562500,118.459,2.342,120.694,97.085,1
1785490578,418891357,128.63,2.238,130.752,63.757,1
1785490578,518876221,92.165,2.164,94.214,30.386,1
1785490578,618859131,90.291,1.985,92.164,63.627,1
1785490578,685513428,99.872,10.591,110.277,63.583,1
1785490578,718840088,119.021,2.812,121.701,96.867,1
1785490578,752166504,137.401,3.301,140.558,63.541,1
1785490578,818818848,121.528,2.234,123.656,-3.112,1
1785490578,885471191,108.119,2.821,110.807,-69.764,1
1785490578,918803955,121.944,4.74,126.559,96.757,1
1785490578,985468750,98.02,3.106,100.999,30.092,1
1785490579,52132813,93.09,1.912,94.909,30.049,1
1785490579,118795898,90.053,2.138,92.086,30.006,1
1785490579,185458252,92.174,2.097,94.168,29.964,1
1785490579,252119629,94.552,2.905,97.262,29.92,1
1785490579,285449951,117.382,2.104,119.385,-3.41,1
1785490579,352109863,109.975,4.486,114.352,63.166,1
1785490579,385439697,130.396,3.236,133.474,96.451,1
1785490579,452098389,110.219,3.331,112.692,29.792,1
1785490579,485427490,126.266,2.673,128.815,-3.537,1
1785490579,552084717,107.4,2.805,110.067,63.035,1
1785490579,585413330,126.085,2.609,128.573,96.32,1
1785490579,652069336,106.294,7.537,113.707,29.664,1
1785490579,685396973,124.126,2.341,126.355,-3.663,1
1785490579,752051758,120.246,2.529,122.674,-70.318,1
1785490579,818705811,110.905,7.333,118.103,62.862,1
1785490579,852032471,130.974,2.993,133.811,96.159,1
1785490579,918692383,121.736,4.958,126.563,96.121,1
1785490579,985357666,100.281,6.662,103.718,29.456,1
1785490580,18689941,130.283,6.377,136.54,62.745,1
1785490580,85354004,121.666,2.475,123.996,62.701,1
1785490580,152017090,122.779,2.791,125.44,62.659,1
1785490580,218679443,99.554,2.319,101.752,62.615,1
1785490580,285340576,91.647,2.017,93.564,62.572,1
1785490580,352001221,90.446,2.146,92.49,62.528,1
1785490580,418660645,86.759,2.016,88.673,-4.131,1
1785490580,485319580,86.36,2.143,88.396,-70.79,1
1785490580,551977295,92.099,2.161,94.154,62.399,1
1785490580,618634277,91.166,2.347,93.41,62.356,1
1785490580,685290283,100.463,3.769,103.998,62.312,1
1785490580,718617920,114.126,2.538,116.493,28.985,1
1785490580,751945557,131.966,2.657,134.52,-4.343,1
1785490580,818599854,120.192,2.389,122.467,62.226,1
1785490580,885253906,99.655,2.089,101.637,62.204,1
1785490580,918591309,126.25,2.068,128.213,95.497,1
1785490580,985265625,120.411,2.777,123.051,95.455,1
1785490581,18602539,132.11,2.943,134.748,62.118,1
1785490581,85275879,119.54,2.533,121.869,62.074,1
1785490581,151948730,121.626,2.74,124.242,-4.599,1
1785490581,185284912,136.222,4.902,140.997,95.324,1
1785490581,285292725,103.682,2.323,105.881,61.945,1
1785490581,318628174,123.978,2.148,125.956,95.238,1
1785490581,385298828,109.856,2.317,112.034,28.567,1
1785490581,418634033,124.783,2.371,127.034,-4.768,1
1785490581,485303711,112.107,3.156,115.139,61.816,1
1785490581,518638428,128.842,2.244,130.986,95.108,1
1785490581,585307373,124.794,2.427,127.088,28.439,1
1785490581,651975586,116.673,2.335,118.896,95.021,1
1785490581,685309570,148.824,7.273,154.675,128.311,1
1785490581,751976807,131.534,4.667,136.077,61.644,1
1785490581,818643555,104.938,2.437,107.221,-5.023,1
1785490581,885309814,119.699,2.212,121.799,61.574,1
1785490581,951992920,101.426,2.68,103.934,61.532,1
1785490581,985334473,126.68,2.572,129.134,94.831,1
1785490582,52016846,97.853,2.124,99.875,28.148,1
1785490582,118698975,100.273,2.458,102.613,28.105,1
1785490582,185380615,97.889,2.178,99.962,28.063,1
1785490582,252061768,101.872,2.017,103.783,-38.618,1
1785490582,285402344,127.911,3.702,131.167,61.318,1
1785490582,352082764,125.709,2.053,127.656,61.274,1
1785490582,418762939,109.595,2.09,111.567,61.232,1
1785490582,452102783,126.113,2.267,128.253,94.529,1
1785490582,518782471,109.316,3.13,112.303,27.849,1
1785490582,552122070,128.022,5.007,132.892,-5.491,1
1785490582,618800781,112.799,2.396,115.014,-72.169,1
1785490582,652140137,144.96,2.49,147.334,94.4,1
1785490582,718818359,133.651,2.978,136.495,27.721,1
1785490582,752157227,161.99,2.572,164.436,127.652,1
1785490582,852173340,124.282,2.353,126.499,27.636,1
1785490582,885511963,140.055,5.735,145.673,-5.702,1
1785490582,985885498,96.102,2.057,98.052,27.651,1
1785490583,52805420,89.688,2.047,91.598,27.61,1
1785490583,186656494,96.221,2.232,98.349,27.527,1
1785490583,253587158,98.717,4.505,103.093,27.487,1
1785490583,287053955,129.098,3.133,132.1,60.914,1
1785490583,353990234,97.878,2.669,100.428,60.874,1
1785490583,420929932,90.238,2.288,92.421,60.835,1
1785490583,487873291,89.631,2.124,91.602,60.795,1
1785490583,554820068,86.827,2.382,89.105,60.756,1
1785490583,621770508,96.978,2.434,99.301,60.716,1
1785490583,655247070,132.188,3.993,134.746,94.155,1
1785490583,722203125,124.361,2.209,126.46,94.116,1
1785490583,789162354,91.764,2.098,93.696,27.157,1
1785490583,856125488,87.525,2.527,89.83,27.116,1
1785490583,922940430,90.804,2.307,92.931,-39.698,1
1785490583,989609619,85.495,2.402,87.707,26.911,1
1785490584,56278320,87.194,2.448,89.522,26.868,1
1785490584,122946045,87.854,2.243,89.996,26.826,1
1785490584,189613037,88.174,2.036,90.112,26.782,1
1785490584,256279297,88.603,2.067,90.531,26.74,1
1785490584,322944580,93.742,4.849,98.461,26.697,1
1785490584,356276855,120.691,2.807,123.361,59.987,1
1785490584,422941162,95.793,10.506,104.332,59.943,1
1785490584,456272949,123.954,2.614,126.389,93.232,1
1785490584,522935791,110.428,5.08,115.381,26.569,1
1785490584,556267090,132.36,6.344,138.51,59.857,1
1785490584,622928711,121.525,2.852,124.219,59.814,1
1785490584,689589600,125.828,2.998,128.703,59.771,1
1785490584,756249756,118.622,2.906,121.385,59.728,1
1785490584,822909180,103.272,4.674,107.826,59.685,1
1785490584,856238525,128.86,3.003,131.743,93.058,1
1785490584,889568359,143.008,2.339,145.215,126.443,1
1785490584,956323486,128.329,3.719,131.845,59.688,1
1785490585,23080078,106.743,2.262,108.89,59.646,1
1785490585,56458740,130.775,2.645,133.308,92.985,1
1785490585,123217773,125.634,2.043,127.58,92.943,1
1785490585,189978027,125.942,2.12,127.957,92.903,1
1785490585,223358643,144.819,1.924,146.645,59.523,1
1785490585,290121094,134.912,3.558,138.338,59.481,1
1785490585,356885010,124.9,3.549,128.337,59.44,1
1785490585,423650635,123.86,2.511,126.184,59.399,1
1785490585,490417480,94.605,2.243,96.745,59.358,1
1785490585,557185791,93.706,2.144,95.572,59.316,1
1785490585,623955566,92.086,2.154,94.137,59.276,1
1785490585,690727051,89.562,4.073,93.528,59.234,1
1785490585,757499756,90.394,2.241,92.511,59.193,1
1785490585,824274170,87.897,2.177,89.973,59.151,1
1785490585,891049072,86.565,2.054,88.515,59.03,1
1785490585,957734619,89.097,2.126,91.117,58.987,1
1785490586,24419678,87.594,2.104,89.598,58.944,1
1785490586,91104248,93.825,2.887,96.549,58.901,1
1785490586,124446289,124.437,2.524,126.838,92.2,1
1785490586,191130127,97.818,2.887,100.558,25.516,1
1785490586,257813232,97.745,2.813,100.282,25.474,1
1785490586,324496094,90.138,2.598,92.622,-41.209,1
1785490586,391178223,91.325,6.167,97.254,25.388,1
1785490586,424519043,121.287,7.189,128.333,-7.952,1
1785490586,491200684,94.644,2.207,96.74,58.644,1
1785490586,557881592,91.061,2.031,92.986,58.6,1
1785490586,624561768,110.13,2.707,112.727,58.558,1
1785490586,657901855,126.764,2.354,129.01,91.854,1
1785490586,724581543,116.777,2.3,118.953,91.812,1
1785490586,757921143,134.199,7.194,141.195,58.472,1
1785490586,824599854,107.702,2.294,109.884,58.429,1
1785490586,891278809,91.695,2.164,93.755,58.392,1
1785490586,957963623,88.537,2.281,90.635,58.349,1
1785490587,24647949,85.668,2.407,87.965,58.306,1
1785490587,91331787,88.184,2.086,90.17,58.263,1
1785490587,158015137,88.73,2.086,90.716,58.22,1
1785490587,224697998,88.628,2.017,90.545,58.177,1
1785490587,291380127,92.342,2.005,94.249,58.135,1
1785490587,324720947,121.033,2.837,123.747,91.433,1
1785490587,391402588,103.223,5.07,108.145,24.751,1
1785490587,424742920,129.921,2.909,132.706,58.049,1
1785490587,491423584,122.799,2.424,125.094,58.006,1
1785490587,558103760,102.504,2.271,104.67,57.963,1
1785490587,591443604,127.961,4.612,132.451,91.26,1
1785490587,658122803,131.273,4.589,135.456,91.217,1
1785490587,724801514,103.551,2.7,106.118,24.538,1
1785490587,791479736,104.734,6.312,110.924,24.496,1
1785490587,858157471,107.04,5.667,110.116,24.452,1
1785490587,924838867,95.754,2.334,97.897,24.413,1
1785490587,991523193,88.472,2.136,90.506,24.37,1
1785490588,58207031,87.163,2.08,89.138,24.328,1
1785490588,124890137,89.265,2.377,91.457,24.284,1
1785490588,191572754,90.162,2.278,92.277,24.242,1
1785490588,258254883,89.977,2.314,92.189,24.199,1
1785490588,324936523,89.19,2.849,91.896,24.157,1
1785490588,391617432,88.929,2.024,90.857,24.114,1
1785490588,458298096,87.561,2.088,89.547,24.072,1
1785490588,491638184,120.001,2.156,122.059,57.368,1
1785490588,558317627,104.999,3.482,108.333,57.326,1
1785490588,591657471,125.459,2.99,127.916,23.986,1
1785490588,658336182,117.95,8.761,121.722,90.579,1
1785490588,691675537,135.066,2.661,137.591,57.24,1
1785490588,758353516,121.619,2.133,123.638,57.198,1
1785490588,825031006,103.364,4.697,107.918,-9.48,1
1785490588,858369629,127.823,2.297,130.019,-42.819,1
1785490588,925050537,114.869,2.522,117.271,90.417,1
1785490588,958392578,136.463,3.45,139.778,57.075,1
1785490589,25076416,122.456,3.116,125.1,57.033,1
1785490589,91759766,115.24,4.405,119.519,56.989,1
1785490589,125101074,149.332,2.216,151.439,90.288,1
1785490589,158442383,170.326,3.321,173.465,123.585,1
1785490589,258465576,125.901,2.346,128.126,90.202,1
1785490589,325146973,119.626,3.244,122.727,90.158,1
1785490589,391827637,104.35,3.749,107.045,23.477,1
1785490589,425167969,127.622,11.199,138.134,-9.863,1
1785490589,491847900,109.234,3.243,112.349,-76.543,1
1785490589,558527344,98.421,2.538,100.854,56.689,1
1785490589,625206299,100.08,3.148,103.102,56.646,1
1785490589,691884521,103.204,2.153,105.203,56.603,1
1785490589,758562256,96.285,2.244,98.427,56.56,1
1785490589,825239502,90.733,2.156,92.789,56.517,1
1785490589,891916748,100.789,3.47,103.54,-10.16,1
1785490589,925222168,124.193,2.545,126.628,89.992,1
1785490589,992063232,107.059,2.657,109.591,23.151,1
1785490590,25484131,128.432,2.239,130.562,-10.27,1
1785490590,92327393,118.996,2.194,121.076,56.489,1
1785490590,125749512,174.27,6.004,180.152,89.871,1
1785490590,226018066,159.819,2.085,161.8,123.213,1
1785490590,326289795,126.274,3.108,129.141,89.749,1
1785490590,393139648,130.007,2.684,132.56,22.899,1
1785490590,459990967,124.246,3.114,127.227,89.667,1
1785490590,526843506,118.136,2.653,120.669,22.815,1
1785490590,593697754,113.891,2.47,116.185,-44.04,1
1785490590,627125488,147.152,3.306,150.321,-77.467,1
1785490590,693981689,145.305,3.299,148.474,-144.323,1
1785490590,760839600,137.524,2.445,139.859,-211.181,1
1785490590,827698975,129.372,8.083,136.831,56.035,1
1785490590,894559814,121.071,4.815,125.754,-10.826,1
1785490590,961404297,109.435,2.758,112.075,55.863,1
1785490590,994782715,125.212,2.744,127.849,22.485,1
1785490591,61540527,115.671,2.13,117.682,-44.273,1
1785490591,128299805,126.472,4.42,130.771,89.119,1
1785490591,195060791,134.444,2.262,136.572,89.079,1
1785490591,228441650,145.181,4.624,149.682,122.42,1
1785490591,295204834,137.383,5.663,142.608,55.657,1
1785490591,361969238,103.3,2.724,105.899,55.615,1
1785490591,428735352,94.864,2.025,96.786,55.574,1
1785490591,495502930,91.221,2.17,93.292,-11.193,1
1785490591,562271729,84.588,4.898,89.374,-77.962,1
1785490591,629042236,87.125,2.191,89.214,55.45,1
1785490591,695814209,90.342,4.292,94.524,-11.322,1
1785490591,762587646,91.787,2.087,93.772,55.367,1
1785490591,829362549,87.176,1.964,89.046,55.327,1
1785490591,896138916,86.48,2.277,88.656,-11.45,1
1785490591,962900391,87.811,2.088,89.797,55.165,1
1785490592,29583984,85.657,2.239,87.792,55.122,1
1785490592,96267334,86.163,2.275,88.325,-11.562,1
1785490592,162949951,89.882,2.499,92.174,55.036,1
1785490592,229631836,93.372,3.054,96.289,54.993,1
1785490592,262972656,113.27,2.345,115.488,88.291,1
1785490592,329654053,123.307,2.663,125.842,88.248,1
1785490592,396334717,110.544,3.709,114.122,88.204,1
1785490592,429674805,129.296,2.409,131.589,54.864,1
1785490592,496354736,118.33,2.176,120.339,54.822,1
1785490592,563033936,96.936,2.293,99.086,54.778,1
1785490592,596373535,125.981,7.338,133.188,21.439,1
1785490592,663052002,120.751,3.729,124.359,88.032,1
1785490592,696391113,123.465,3.388,126.679,54.693,1
1785490592,763068604,123.781,10.616,134.275,54.65,1
1785490592,829745850,104.673,6.11,110.656,54.607,1
1785490592,863084229,122.014,2.519,124.421,87.902,1
1785490592,929757568,104.587,2.874,107.326,21.229,1
1785490592,963100342,121.013,2.548,123.401,-12.114,1
1785490592,996442627,137.792,2.715,140.373,87.828,1
1785490593,63127197,125.199,2.68,127.749,87.785,1
1785490593,129811035,124.498,2.323,126.712,87.742,1
1785490593,163152832,139.011,2.353,141.226,54.4,1
1785490593,229836182,124.189,9.304,133.25,54.357,1
1785490593,296518799,119.785,6.792,126.313,54.314,1
1785490593,363200684,117.608,2.52,119.909,54.272,1
1785490593,429882324,104.315,2.483,106.63,54.228,1
1785490593,463222900,125.611,2.451,127.959,87.526,1
1785490593,529903564,108.003,2.307,110.121,87.483,1
1785490593,563243896,128.977,2.025,130.878,54.142,1
1785490593,629923828,123.009,2.301,125.155,-12.538,1
1785490593,696603271,117.651,2.114,119.655,54.057,1
1785490593,763281982,107.275,2.915,109.983,54.014,1
1785490593,796621338,125.308,2.604,127.787,87.31,1
1785490593,863299316,119.561,7.342,126.786,20.632,1
1785490593,896638184,122.346,3.313,125.463,53.929,1
1785490593,963394775,103.609,2.253,105.762,54.015,1
1785490593,996812988,128.445,2.135,130.481,87.392,1
1785490594,63650391,114.433,2.612,116.917,87.352,1
1785490594,97069580,126.121,2.776,128.787,53.932,1
1785490594,197329346,99.981,4.171,104.016,-46.327,1
1785490594,264171143,118.084,3.024,120.975,87.229,1
1785490594,331014160,110.19,2.805,112.685,87.188,1
1785490594,364436279,130.105,6.451,136.414,53.766,1
1785490594,431281250,118.797,2.578,121.264,53.725,1
1785490594,498127930,103.838,2.595,106.295,53.684,1
1785490594,531551758,119.544,2.467,121.888,87.066,1
1785490594,598400391,97.553,6.468,103.891,20.217,1
1785490594,631825195,111.011,2.184,113.095,53.601,1
1785490594,698676025,115.219,2.709,117.813,53.559,1
1785490594,732101807,148.232,3.198,151.149,86.944,1
1785490594,832381592,99.136,3.009,102.002,53.476,1
1785490594,865808838,122.872,2.353,125.107,20.049,1
1785490594,932663086,105.224,2.41,107.5,86.577,1
1785490594,965998047,124.787,2.336,127.005,53.242,1
1785490595,32667236,106.923,2.796,109.601,53.2,1
1785490595,66001709,124.173,3.189,127.1,86.49,1
1785490595,132669678,112.753,2.604,115.194,86.448,1
1785490595,166003418,140.952,2.994,143.812,119.737,1
1785490595,232670410,136.956,9.483,146.314,119.694,1
1785490595,299336426,105.461,3.399,108.711,53.028,1
1785490595,332669189,120.8,2.283,122.965,86.318,1
1785490595,399334229,115.617,2.509,117.989,86.273,1
1785490595,432666260,139.219,2.308,141.382,119.562,1
1785490595,499330078,119.134,2.664,121.622,52.899,1
1785490595,565992920,115.034,3.109,118.005,52.855,1
1785490595,632655029,116.969,2.731,119.413,-13.807,1
1785490595,699316406,119.959,2.651,122.44,52.769,1
1785490595,765976807,107.521,4.377,111.786,52.726,1
1785490595,799306885,126.406,2.398,128.67,86.012,1
1785490595,865966064,127.388,2.23,129.513,85.99,1
1785490595,932625488,106.534,3.687,110.092,85.942,1
1785490595,965960938,121.596,3.345,124.806,52.607,1
1785490596,32631104,108.061,5.4,113.347,-14.063,1
1785490596,65965820,125.504,3.298,128.672,-47.398,1
1785490596,132635010,123.764,2.275,125.926,85.812,1
1785490596,165969238,167.285,2.689,169.859,52.478,1
1785490596,265970703,113.016,2.537,115.433,85.726,1
1785490596,299304199,131.701,4.493,136.066,52.392,1
1785490596,365970703,118.725,4.552,123.146,52.348,1
1785490596,432636230,106.193,8.067,114.094,52.306,1
1785490596,465968750,118.876,2.908,121.649,85.594,1
1785490596,532633057,102.799,2.867,105.53,85.552,1
1785490596,565965088,127.259,4.991,132.121,52.219,1
1785490596,632628174,125.189,7.483,132.534,52.177,1
1785490596,699290771,121.277,2.539,123.709,52.133,1
1785490596,765952393,118.484,3.661,122.026,52.091,1
1785490596,832613281,96.48,4.614,100.964,-14.57,1
1785490596,865943359,108.556,4.895,113.338,85.352,1
1785490596,899273438,131.028,5.865,135.051,52.022,1
1785490596,966034180,107.242,2.79,109.911,-14.739,1
1785490596,999464600,119.918,2.27,122.08,85.51,1
1785490597,66327148,101.349,3.329,104.54,85.468,1
1785490597,99758789,119.46,2.415,121.721,52.037,1
1785490597,166623779,117.523,2.485,119.882,-14.828,1
1785490597,233490234,107.359,2.25,109.505,51.954,1
1785490597,266924072,130.18,3.588,133.634,85.347,1
1785490597,333793213,120.352,2.386,122.6,85.306,1
1785490597,367228271,151.414,2.719,153.991,118.702,1
1785490597,467536133,94.881,2.206,96.969,18.394,1
1785490597,534409912,91.101,2.829,93.812,18.352,1
1785490597,601285645,83.559,2.235,85.673,18.31,1
1785490597,668162842,88.404,3.779,92.064,18.267,1
1785490597,701602051,123.53,6.542,127.941,51.665,1
1785490597,768481689,118.574,2.747,121.011,51.624,1
1785490597,835363037,96.015,2.279,98.17,51.583,1
1785490597,868804443,127.993,2.839,130.686,84.939,1
1785490597,935686279,113.282,2.742,115.896,84.645,1
1785490597,969012451,137.005,6.072,142.934,117.928,1
1785490598,35663818,115.152,3.213,118.229,51.276,1
1785490598,102313965,107.322,1.965,109.185,51.232,1
1785490598,135638672,122.861,2.179,124.937,84.514,1
1785490598,202287109,112.266,2.461,114.512,84.47,1
1785490598,235610840,137.518,5.233,142.407,117.75,1
1785490598,302257813,117.548,2.981,120.417,51.103,1
1785490598,368903564,114.271,4.497,118.648,51.059,1
1785490598,402225830,115.373,2.355,117.606,17.737,1
1785490598,502191650,91.523,4.09,95.496,50.973,1
1785490598,535512939,98.462,2.317,100.664,84.251,1
1785490598,602154785,99.454,4.083,103.384,84.207,1
1785490598,635475098,122.776,7.133,129.78,50.886,1
1785490598,702115479,103.141,3.846,106.857,-15.754,1
1785490598,735435059,149.787,2.461,152.137,84.119,1
1785490598,802073486,120.021,2.53,122.441,84.076,1
1785490598,902029053,110.545,4.145,114.569,50.737,1
1785490598,935348145,114.733,5.734,120.337,84.308,1
1785490598,968792236,125.895,2.213,127.929,50.864,1
1785490599,69128906,86.525,2.525,88.93,17.377,1
1785490599,136023926,84.612,2.935,87.394,17.336,1
1785490599,169472412,116.573,4.654,120.961,-16.113,1
1785490599,236372070,96.988,2.435,99.306,50.703,1
1785490599,269823242,124.061,2.816,126.747,84.115,1
1785490599,336727295,104.06,2.7,106.644,84.076,1
1785490599,370180664,130.671,2.774,133.301,117.492,1
1785490599,437089600,115.738,3.495,118.878,50.583,1
1785490599,504001709,99.455,2.479,101.799,50.542,1
1785490599,537458740,118.027,3.164,121.051,83.96,1
1785490599,604375488,106.014,2.662,108.549,83.921,1
1785490599,637834961,137.156,3.176,140.183,117.343,1
1785490599,704756104,124.241,2.916,127.04,50.422,1
1785490599,771680664,111.938,4.454,116.085,50.381,1
1785490599,838607910,87.776,2.381,90.054,50.341,1
1785490599,905538574,83.455,2.186,85.541,50.25,1
1785490599,972328857,82.276,2.096,84.27,50.047,1
1785490600,38980469,83.047,2.021,84.967,-16.605,1
1785490600,105630859,81.104,2.153,83.156,49.96,1
1785490600,172280273,90.479,2.099,92.476,-16.689,1
1785490600,205604492,122.843,2.648,125.376,83.198,1
1785490600,272251953,100.689,2.755,103.312,83.153,1
1785490600,338898682,99.347,4.119,103.333,83.11,1
1785490600,372221436,118.983,2.387,121.232,49.787,1
1785490600,438866211,107.737,2.291,109.904,49.743,1
1785490600,472188232,125.803,2.401,128.081,83.022,1
1785490600,538831543,109.837,2.354,112.077,82.978,1
1785490600,572152588,135.069,2.611,137.447,116.255,1
1785490600,638794189,117.716,2.749,120.273,49.614,1
1785490600,705434570,117.172,2.134,119.181,49.571,1
1785490600,772073975,105.821,2.137,107.841,49.527,1
1785490600,838712158,99.451,2.678,101.981,49.484,1
1785490600,872030762,115.533,2.571,117.971,16.166,1
1785490600,938668457,101.638,4.23,105.731,82.737,1
1785490600,971994873,113.827,3.988,117.687,49.411,1
1785490601,38647217,97.914,2.412,100.188,-17.241,1
1785490601,71972900,116.753,3.79,120.089,82.65,1
1785490601,138623291,110.512,5.265,115.652,82.605,1
1785490601,171948242,135.535,7.712,143.116,115.886,1
1785490601,238597168,149.974,2.349,152.126,115.842,1
1785490601,338568359,99.525,2.909,102.241,15.87,1
1785490601,371891357,117.057,2.537,119.427,-17.453,1
1785490601,438536865,105.583,4.168,109.609,49.107,1
1785490601,471859375,115.849,3.036,118.557,82.387,1
1785490601,538503174,113.428,4.802,118.112,82.342,1
1785490601,571824707,127.604,2.768,130.245,49.021,1
1785490601,638466797,126.225,5.983,132.089,-17.621,1
1785490601,705107910,127.178,2.239,129.299,-84.262,1
1785490601,771748047,114.517,2.005,116.42,-150.903,1
1785490601,838386719,101.162,3.397,104.438,-217.541,1
1785490601,905024658,95.494,2.361,97.66,48.827,1
1785490601,938344238,115.864,3.775,119.513,82.252,1
1785490602,5112061,100.839,4.264,104.957,15.484,1
1785490602,38515869,118.697,2.445,121.016,-17.919,1
1785490602,105324463,106.891,3.407,110.174,-84.728,1
1785490602,138729004,128.36,2.939,131.179,82.167,1
1785490602,205538818,120.789,3.025,123.685,82.126,1
1785490602,272349609,103.87,2.603,106.361,15.315,1
1785490602,305755127,110.24,9.632,119.736,48.678,1
1785490602,372567139,101.975,6.38,106.767,48.637,1
1785490602,405973633,117.052,1.904,118.865,82.001,1
1785490602,472786865,100.41,3.102,103.362,81.96,1
1785490602,506193848,117.067,3.16,120.096,48.553,1
1785490602,573008545,94.096,2.39,96.367,-18.262,1
1785490602,606416260,118.88,2.677,121.295,81.877,1
1785490602,673232178,115.348,2.463,117.694,81.835,1
1785490602,706640625,153.405,4.698,157.992,115.202,1
1785490602,773458008,139.61,4.423,143.924,115.161,1
1785490602,873685547,93.244,2.358,95.48,81.711,1
1785490602,907095215,121.184,2.256,123.325,48.301,1
1785490602,973914063,114.709,2.365,116.971,48.239,1
1785490603,40707031,99.542,3.486,102.784,-18.554,1
1785490603,74103760,116.163,2.236,118.279,81.551,1
1785490603,140897461,109.096,2.744,111.623,81.51,1
1785490603,174294678,127.711,2.254,129.844,114.865,1
1785490603,241089355,117.87,2.563,120.299,48.07,1
1785490603,307884766,101.646,3.131,104.652,48.029,1
1785490603,341282715,121.91,2.463,124.256,14.631,1
1785490603,408079102,117.628,2.135,119.656,81.343,1
1785490603,474875977,93.731,3.809,97.414,81.302,1
1785490603,541673584,86.685,2.219,88.803,14.504,1
1785490603,608471924,85.515,3.027,88.34,14.461,1
1785490603,675270508,87.135,4.712,91.732,14.419,1
1785490603,742070068,87.49,2.129,89.517,14.376,1
1785490603,808870117,81.515,4.375,85.766,14.334,1
1785490603,875670654,93.302,3.778,96.943,14.292,1
1785490603,909071289,120.956,2.685,123.512,47.65,1
1785490603,975872070,102.642,5.511,108.023,47.563,1
1785490604,9233887,120.625,2.223,122.736,80.937,1
1785490604,76011475,99.903,5.501,105.125,80.894,1
1785490604,109400391,117.082,2.945,119.893,47.505,1
1785490604,176178711,93.514,2.788,96.176,47.463,1
1785490604,209567871,119.105,3.111,121.828,80.81,1
1785490604,276346436,95.377,4.619,99.874,80.769,1
1785490604,343125488,101.191,2.945,104.026,80.726,1
1785490604,409904785,85.162,2.239,87.297,13.947,1
1785490604,476684570,85.178,2.997,87.444,13.905,1
1785490604,543464600,81.229,2.633,83.73,13.862,1
1785490604,610245117,89.897,2.621,92.391,80.558,1
1785490604,677025879,85.683,2.311,87.888,13.778,1
1785490604,743806885,84.806,2.436,87.128,13.735,1
1785490604,810588379,79.386,2.619,81.88,-53.047,1
1785490604,877370117,78.096,5.38,83.359,13.65,1
1785490604,910761230,114.844,2.405,117.121,-19.741,1
1785490604,977543701,111.963,3.017,114.849,46.956,1
1785490605,44273682,96.682,7.003,103.537,-19.774,1
1785490605,77576416,114.389,2.732,116.989,80.047,1
1785490605,144180420,105.0,2.726,107.594,80.003,1
1785490605,177481689,141.72,2.771,144.325,113.259,1
1785490605,244082764,117.569,3.001,120.441,46.658,1
1785490605,310682129,98.099,2.84,100.804,46.614,1
1785490605,343980957,107.294,3.565,110.72,79.868,1
1785490605,410577148,91.264,2.263,93.41,13.272,1
1785490605,477171631,84.52,2.311,86.718,13.23,1
1785490605,543763916,80.307,3.052,83.187,13.187,1
1785490605,610354492,86.801,2.084,88.788,13.144,1
1785490605,676943115,89.289,3.172,92.352,-53.444,1
1785490605,743529785,93.194,2.727,95.799,13.059,1
1785490605,810114502,81.155,2.56,83.597,-53.526,1
1785490605,876697510,87.522,2.548,89.955,12.973,1
1785490605,943278320,86.608,2.217,88.707,12.93,1
1785490606,9834961,85.344,2.086,87.285,12.91,1
1785490606,76530518,81.519,2.667,84.057,12.868,1
1785490606,143226318,80.777,2.772,83.43,12.825,1
1785490606,209922607,84.891,3.29,88.065,-53.871,1
1785490606,276619385,87.376,2.065,89.345,12.74,1
1785490606,343316406,84.628,4.178,88.695,12.699,1
1785490606,410013916,82.618,3.328,85.824,12.656,1
1785490606,476711670,86.376,2.313,88.582,12.614,1
1785490606,543409912,81.781,2.787,84.434,12.571,1
1785490606,610108643,84.651,2.389,86.904,12.529,1
1785490606,676807617,86.425,2.547,88.861,12.486,1
1785490606,743507080,89.491,1.997,91.395,79.101,1
1785490606,810207031,81.229,2.518,83.629,12.401,1
1785490606,876907227,81.434,9.353,90.646,12.359,1
1785490606,910257324,112.947,3.022,115.824,45.667,1
1785490606,976958252,94.982,4.425,99.259,45.625,1
1785490607,10322998,116.795,2.248,118.941,78.84,1
1785490607,76946289,101.925,2.897,104.692,78.796,1
1785490607,110257080,116.116,3.216,118.946,45.485,1
1785490607,176877686,116.82,2.317,119.016,-21.135,1
1785490607,243496826,112.776,2.42,115.074,45.398,1
1785490607,310114258,95.468,3.889,99.217,45.355,1
1785490607,343422363,123.061,4.766,127.707,78.619,1
1785490607,410037354,118.79,2.129,120.82,78.575,1
1785490607,476650635,106.344,3.422,109.636,78.53,1
1785490607,509956787,123.033,3.661,126.563,45.224,1
1785490607,576567627,121.779,2.452,124.12,45.181,1
1785490607,643177002,130.881,3.907,133.979,-21.428,1
1785490607,709784668,134.218,6.618,140.713,-88.036,1
1785490607,776390625,114.465,9.487,123.833,-154.642,1
1785490607,842995117,124.522,6.672,131.057,45.007,1
1785490607,909597900,98.647,2.508,101.042,44.963,1
1785490607,942898682,120.819,2.427,123.138,78.221,1
1785490608,42806152,95.671,3.561,98.967,44.891,1
1785490608,76116211,118.604,2.292,120.798,78.157,1
1785490608,142735352,108.685,2.681,111.252,78.112,1
1785490608,176044189,120.255,2.075,122.237,44.803,1
1785490608,242660645,106.078,4.129,110.065,44.76,1
1785490608,275968262,121.641,3.197,124.714,78.024,1
1785490608,342582275,97.477,2.895,100.246,77.98,1
1785490608,409194580,95.013,2.375,97.274,77.935,1
1785490608,475805420,91.109,2.548,93.492,77.891,1
1785490608,542414307,87.401,2.321,89.616,11.282,1
1785490608,609021729,100.122,3.318,103.315,11.239,1
1785490608,675627441,106.043,3.658,108.404,77.758,1
1785490608,708929688,127.476,2.571,129.929,111.015,1
1785490608,775532715,120.849,2.056,122.807,44.412,1
1785490608,842134277,105.165,2.492,107.535,44.369,1
1785490608,875434326,125.97,3.811,129.625,11.069,1
1785490608,942033447,108.606,3.274,111.329,77.581,1
1785490608,975332275,128.071,2.429,130.377,110.86,1
1785490609,41937500,121.573,2.457,123.899,44.255,1
1785490609,108557373,99.864,2.281,102.023,-22.365,1
1785490609,141866943,117.891,4.101,121.611,77.477,1
1785490609,208484375,97.625,3.281,100.606,10.859,1
1785490609,241792480,126.276,2.015,128.181,110.696,1
1785490609,308407471,120.465,2.703,123.043,44.081,1
1785490609,375020996,108.209,5.554,113.627,44.037,1
1785490609,408326904,133.471,3.067,136.417,77.299,1
1785490609,474937744,118.496,2.956,121.31,10.688,1
1785490609,541547119,94.667,2.309,96.863,77.21,1
1785490609,608154541,109.392,6.65,115.929,77.167,1
1785490609,641457764,129.482,3.098,132.462,43.864,1
1785490609,708062744,121.596,3.7,125.148,-22.741,1
1785490609,774666260,105.389,3.445,108.538,-89.345,1
1785490609,807967285,126.705,2.822,129.393,77.033,1
1785490609,874568115,117.682,2.427,119.982,76.989,1
1785490609,941167480,102.228,3.187,105.271,76.946,1
1785490609,974466553,125.612,4.003,129.481,43.646,1
1785490610,41101074,105.524,2.704,107.963,-22.988,1
1785490610,74453857,123.954,2.6,126.359,76.986,1
1785490610,141159912,121.442,2.579,123.895,76.944,1
1785490610,207866455,111.357,6.45,117.637,76.902,1
1785490610,241219971,132.478,3.407,135.749,110.214,1
1785490610,307927490,134.047,5.66,139.101,110.172,1
1785490610,374635498,114.196,2.729,116.802,43.464,1
1785490610,407989746,123.524,2.264,125.685,76.776,1
1785490610,474698486,103.846,3.041,106.693,76.735,1
1785490610,508053223,127.126,2.139,129.165,43.38,1
1785490610,574762939,102.633,11.582,112.012,-23.33,1
1785490610,608117920,131.422,3.015,134.183,-56.685,1
1785490610,674828369,132.974,5.095,137.444,76.609,1
1785490610,741539551,110.351,4.982,115.203,76.567,1
1785490610,774895264,136.086,2.937,138.898,109.881,1
1785490610,841607178,127.832,2.253,129.971,43.169,1
1785490610,908319824,120.229,2.876,122.984,43.127,1
1785490610,975032715,106.445,4.491,110.784,43.085,1
1785490611,8389404,119.558,2.605,121.982,76.488,1
1785490611,75179688,103.329,4.186,107.392,76.445,1
1785490611,108574951,123.081,4.736,127.699,43.05,1
1785490611,175365723,122.904,2.019,124.827,-23.741,1
1785490611,242157471,107.56,3.48,110.705,42.965,1
1785490611,275553467,127.836,3.888,131.594,76.32,1
1785490611,342345703,106.839,3.0,109.662,76.279,1
1785490611,375742188,120.497,2.817,123.19,42.882,1
1785490611,442535400,108.222,2.965,111.056,42.839,1
1785490611,475932373,122.278,2.233,124.389,76.195,1
1785490611,542726563,104.437,3.513,107.818,76.152,1
1785490611,576123779,120.316,6.223,126.418,42.755,1
1785490611,642918945,108.56,3.759,112.178,-24.04,1
1785490611,676316650,164.386,3.552,167.79,142.823,1
1785490611,776510498,94.643,2.163,96.701,42.629,1
1785490611,843307373,89.215,2.16,91.272,42.586,1
1785490611,910104736,88.253,2.135,90.286,42.545,1
1785490611,976902588,86.156,2.008,88.065,42.488,1
1785490612,43611084,86.325,2.197,88.416,42.346,1
1785490612,76920898,105.696,2.319,107.901,75.612,1
1785490612,110230469,129.568,3.018,132.463,108.877,1
1785490612,176848389,119.121,2.765,121.762,42.259,1
1785490612,243464600,106.283,2.474,108.612,42.215,1
1785490612,276771973,123.47,2.278,125.643,8.908,1
1785490612,343385742,114.079,2.514,116.465,75.435,1
1785490612,376691895,131.232,2.214,133.321,108.697,1
1785490612,443302979,121.793,2.88,124.559,42.085,1
1785490612,509912598,98.664,2.793,101.185,42.041,1
1785490612,543216553,123.108,2.224,125.231,75.302,1
1785490612,609823486,103.472,3.41,106.755,75.258,1
1785490612,643126465,128.538,7.073,131.03,41.955,1
1785490612,709730957,95.719,2.662,98.261,41.911,1
1785490612,776333740,109.402,5.807,115.082,41.868,1
1785490612,809634521,131.071,3.997,134.729,8.568,1
1785490612,876234863,118.737,2.544,121.055,-58.033,1
1785490612,942833496,98.742,3.622,101.777,75.049,1
1785490612,976132080,112.811,2.623,115.311,41.751,1
1785490613,9431641,138.819,2.695,141.372,75.14,1
1785490613,76158203,120.33,2.267,122.485,75.099,1
1785490613,142885986,120.341,3.271,123.261,75.058,1
1785490613,209614746,102.549,2.461,104.856,75.016,1
1785490613,242979736,120.559,2.039,122.496,41.651,1
1785490613,309710205,102.59,3.925,105.72,-25.079,1
1785490613,343075928,117.587,4.294,121.756,74.934,1
1785490613,409808350,97.484,2.474,99.833,74.893,1
1785490613,476541748,91.98,2.162,94.044,74.851,1
1785490613,543276123,86.979,2.154,89.027,8.117,1
1785490613,610011719,92.346,2.141,94.382,74.769,1
1785490613,676748535,91.855,5.61,97.319,74.728,1
1785490613,743486572,97.867,5.514,103.255,74.686,1
1785490613,810225586,90.418,2.287,92.587,74.646,1
1785490613,876965576,91.658,2.334,93.859,74.604,1
1785490613,943706787,90.498,1.885,92.291,74.557,1
1785490614,10448730,89.984,1.935,91.825,74.406,1
1785490614,77088379,89.589,1.908,91.402,74.362,1
1785490614,143726563,86.812,2.32,89.012,7.723,1
1785490614,177045166,122.549,2.664,124.96,41.0,1
1785490614,243681396,109.489,4.594,113.932,40.956,1
1785490614,276999023,124.417,3.864,126.815,7.638,1
1785490614,343633301,98.355,2.512,100.752,-58.996,1
1785490614,410266113,102.854,2.869,105.567,74.143,1
1785490614,443582031,107.761,2.844,110.479,40.827,1
1785490614,510212891,91.254,2.285,93.441,40.783,1
1785490614,576842529,88.868,2.162,90.928,-25.847,1
1785490614,643470703,96.913,2.419,99.22,40.696,1
1785490614,676784424,115.736,2.644,118.133,73.967,1
1785490614,710097656,130.814,2.957,133.638,107.235,1
1785490614,776723145,107.363,3.042,110.151,40.61,1
1785490614,843347412,97.885,2.66,100.421,40.567,1
1785490614,909970215,100.991,2.752,103.599,-26.056,1
1785490614,943281250,118.447,3.519,121.83,73.799,1
1785490614,976591797,127.834,2.221,129.944,107.342,1
1785490615,76778320,88.011,2.011,89.923,7.155,1
1785490615,143656738,87.831,2.25,89.978,-59.723,1
1785490615,177097168,131.493,3.032,134.407,107.353,1
1785490615,243979736,131.848,5.571,137.295,107.316,1
1785490615,310865234,97.964,2.452,100.299,40.43,1
1785490615,377753418,95.783,4.109,99.769,40.389,1
1785490615,444644531,89.316,2.288,91.444,40.349,1
1785490615,511538574,86.757,2.091,88.746,40.307,1
1785490615,578435303,86.711,2.184,88.794,-26.59,1
1785490615,645334961,102.118,2.903,104.777,40.225,1
1785490615,678785889,123.704,2.604,126.163,73.636,1
1785490615,745689697,109.665,3.277,112.814,73.596,1
1785490615,779142578,127.058,2.567,129.496,107.011,1
1785490615,846050781,110.34,3.313,113.53,40.103,1
1785490615,879505859,155.882,2.491,158.251,140.368,1
1785490615,979875488,99.983,2.633,102.494,39.999,1
1785490616,13331055,123.965,2.4,126.243,73.132,1
1785490616,79969727,94.312,2.177,96.387,6.493,1
1785490616,146607178,98.466,8.912,107.218,73.044,1
1785490616,179925293,122.754,2.386,125.014,106.319,1
1785490616,246560791,120.881,2.209,122.991,39.683,1
1785490616,313194824,106.79,3.114,109.776,-26.951,1
1785490616,346511475,134.544,2.288,136.708,-60.268,1
1785490616,413143555,124.86,2.575,127.312,72.868,1
1785490616,479774170,102.214,3.003,104.212,72.825,1
1785490616,546403564,94.533,1.949,96.391,72.781,1
1785490616,613031738,97.613,13.501,110.981,72.737,1
1785490616,646345215,125.392,2.781,128.057,39.424,1
1785490616,712971191,100.187,2.306,102.32,-27.202,1
1785490616,779595947,108.506,2.368,110.747,39.337,1
1785490616,846219238,93.449,2.172,95.519,39.294,1
1785490616,912841309,96.269,2.912,99.056,39.25,1
1785490616,946151611,112.123,2.474,114.42,72.526,1
1785490616,979461914,132.84,2.521,135.243,105.808,1
1785490617,46092773,129.927,2.298,132.104,105.773,1
1785490617,112732178,106.425,3.923,110.22,39.134,1
1785490617,146051270,137.72,2.96,140.541,72.409,1
1785490617,212688477,128.414,2.931,131.176,72.366,1
1785490617,279324463,102.344,3.687,105.925,72.321,1
1785490617,345959229,99.558,2.523,101.959,72.278,1
1785490617,412592529,92.535,3.877,96.309,5.645,1
1785490617,479224609,89.526,2.089,91.51,72.19,1
1785490617,545855225,88.265,1.936,90.106,72.146,1
1785490617,612484619,94.698,3.058,97.649,5.516,1
1785490617,645798828,126.905,3.209,129.998,105.372,1
1785490617,712426025,129.439,2.613,131.934,38.745,1
1785490617,779052246,126.598,2.361,128.855,105.283,1
1785490617,845677002,125.375,2.525,127.788,105.239,1
1785490617,912300293,111.678,5.341,116.88,38.615,1
1785490617,945611572,132.966,2.719,135.551,71.89,1
1785490618,12233887,127.381,2.37,129.642,72.121,1
1785490618,79114990,108.723,3.807,112.409,72.082,1
1785490618,112556641,128.655,5.609,134.119,105.485,1
1785490618,179442383,121.236,2.161,123.217,105.447,1
1785490618,246330811,118.057,3.377,121.33,38.559,1
1785490618,313222412,97.15,2.464,99.501,38.517,1
1785490618,380116699,92.549,2.181,94.63,38.477,1
1785490618,447014160,88.456,2.116,90.461,-28.421,1
1785490618,513914307,92.286,2.113,94.244,38.395,1
1785490618,580817627,87.498,2.119,89.515,-28.509,1
1785490618,647723633,92.939,2.184,95.018,38.313,1
1785490618,714632813,94.922,3.902,98.698,-28.596,1
1785490618,748088379,118.958,3.229,121.72,71.688,1
1785490618,815001953,92.272,2.623,94.784,71.647,1
1785490618,881918457,103.489,2.926,106.285,71.608,1
1785490618,915377686,123.948,3.783,127.596,105.011,1
1785490618,982298584,100.418,2.498,102.788,38.09,1
1785490619,49120850,92.424,2.152,94.475,37.954,1
1785490619,115848145,88.384,2.028,90.309,37.911,1
1785490619,182576172,88.22,2.237,90.355,37.87,1
1785490619,249305420,92.53,2.305,94.72,37.828,1
1785490619,282670410,118.321,2.398,120.497,71.151,1
1785490619,349400879,94.292,2.274,96.458,4.421,1
1785490619,416132568,91.707,2.065,93.669,71.068,1
1785490619,482864990,86.879,1.916,88.701,71.027,1
1785490619,549598389,84.521,2.161,86.588,70.986,1
1785490619,616333008,104.615,6.602,111.042,70.944,1
1785490619,649700439,123.698,2.605,126.111,37.577,1
1785490619,716436279,95.938,2.44,98.259,-29.159,1
1785490619,783173340,91.017,2.295,93.042,37.493,1
1785490619,849911133,88.444,2.128,90.472,37.45,1
1785490619,916649658,94.26,2.53,96.651,37.409,1
1785490619,950019531,103.747,2.357,105.982,70.735,1
1785490620,16759521,92.067,2.084,94.047,70.694,1
1785490620,83499756,85.957,2.152,88.004,70.653,1
1785490620,150241211,86.241,2.081,88.226,70.612,1
1785490620,216983887,86.951,2.294,88.988,70.57,1
1785490620,283727539,95.218,2.592,97.599,70.53,1
1785490620,317100098,123.657,3.484,127.014,103.86,1
1785490620,383845703,101.444,4.526,105.848,37.115,1
1785490620,450592529,92.127,2.217,94.239,37.073,1
1785490620,517340576,90.691,2.261,92.786,37.031,1
1785490620,584089844,85.437,2.225,87.557,-29.718,1
1785490620,650840332,89.527,2.6,91.991,36.948,1
1785490620,717592041,91.14,2.348,93.385,-29.803,1
1785490620,784344971,85.519,1.95,87.372,-96.556,1
1785490620,851099121,86.349,2.109,88.351,36.822,1
1785490620,917854248,95.84,2.367,98.076,36.781,1
1785490620,951232422,108.247,2.1,110.247,70.115,1
1785490621,17989258,89.724,2.247,91.871,69.983,1
1785490621,84658691,88.944,2.217,91.061,69.939,1
1785490621,151327637,90.016,2.65,92.551,69.896,1
1785490621,184661621,123.705,2.089,125.696,103.187,1
1785490621,251329102,102.983,3.241,106.024,36.519,1
1785490621,284662598,126.013,2.428,128.326,69.81,1
1785490621,351329102,125.847,2.244,127.965,69.766,1
1785490621,417994629,115.507,2.42,117.811,69.723,1
1785490621,484659424,96.364,2.651,98.891,69.679,1
1785490621,517991455,113.674,3.909,115.924,36.347,1
1785490621,551323242,117.932,2.217,120.049,69.637,1
1785490621,651317627,92.888,2.06,94.844,-30.358,1
1785490621,717979736,98.402,2.27,100.55,36.219,1
1785490621,784640869,87.419,2.01,89.327,-30.442,1
1785490621,851301025,86.838,2.18,88.842,36.134,1
1785490621,917960693,89.13,2.309,91.336,-30.526,1
1785490621,984619385,89.095,2.421,91.405,36.051,1
1785490622,51360596,86.794,2.109,88.786,36.095,1
1785490622,118184326,86.597,2.095,88.593,36.052,1
1785490622,185009277,85.783,2.234,87.916,-30.772,1
1785490622,251835449,86.803,3.084,89.771,-97.599,1
1785490622,318662842,87.3,6.995,94.119,35.927,1
1785490622,352076904,109.412,3.69,112.866,69.299,1
1785490622,385491455,125.864,2.679,128.342,102.673,1
1785490622,452321045,105.977,4.713,110.513,35.844,1
1785490622,485736328,118.607,2.945,121.433,2.428,1
1785490622,552567871,103.812,5.985,108.152,69.176,1
1785490622,585984131,113.793,2.194,115.877,35.76,1
1785490622,652817383,109.017,3.686,112.569,-31.074,1
1785490622,686234619,118.514,2.44,120.803,-64.491,1
1785490622,753069824,96.979,2.778,99.63,69.051,1
1785490622,786487793,112.699,5.422,117.857,35.633,1
1785490622,819906006,139.995,10.885,150.703,69.01,1
1785490622,886743652,104.329,2.986,107.06,2.173,1
1785490622,953582275,90.62,2.405,92.921,68.923,1
1785490623,20420898,87.382,2.488,89.762,68.695,1
1785490623,87077148,86.923,2.595,89.418,68.653,1
1785490623,153732666,83.866,2.165,85.935,68.608,1
1785490623,187060059,98.033,2.78,100.682,35.281,1
1785490623,253713867,93.352,2.627,95.86,35.239,1
1785490623,320366699,99.458,2.799,102.077,35.196,1
1785490623,353692627,127.817,2.234,129.942,68.478,1
1785490623,453669189,93.072,2.4,95.351,35.11,1
1785490623,520318848,85.59,2.314,87.697,35.067,1
1785490623,586967529,83.225,2.42,85.475,35.024,1
1785490623,653615234,91.785,2.352,94.031,34.98,1
1785490623,686938721,120.616,2.426,122.906,68.261,1
1785490623,753584717,95.975,2.264,98.122,68.217,1
1785490623,820229736,89.54,2.019,91.464,68.174,1
1785490623,886873779,85.731,2.409,88.028,68.13,1
1785490623,953516846,85.26,2.142,87.303,68.09,1
1785490624,20159668,84.668,2.033,86.599,1.447,1
1785490624,86814941,83.359,2.114,85.313,-65.208,1
1785490624,153468994,83.95,2.182,86.03,-131.862,1
1785490624,220121826,86.154,2.223,88.268,-198.515,1
1785490624,286773682,84.394,1.988,86.263,-265.167,1
1785490624,353424561,91.941,2.006,93.85,67.841,1
1785490624,386749756,123.898,2.523,126.211,101.121,1
1785490624,453398926,116.159,2.906,118.934,101.078,1
1785490624,486723145,132.546,4.643,137.06,67.753,1
1785490624,553370850,113.12,2.393,115.394,67.709,1
1785490624,586694336,129.509,2.379,131.763,34.386,1
1785490624,653340332,109.276,2.311,111.467,-32.26,1
1785490624,686663086,124.167,2.427,126.446,-65.583,1
1785490624,753307373,101.921,5.363,107.159,-132.227,1
1785490624,786629395,119.475,4.26,123.6,-165.549,1
1785490624,853272217,91.08,2.45,93.364,-232.192,1
1785490624,919914063,88.137,2.361,90.383,-298.834,1
1785490624,986554932,86.824,2.194,88.915,34.131,1
1785490625,53233154,93.512,2.255,95.659,34.171,1
1785490625,120038574,85.576,2.067,87.544,34.129,1
1785490625,186844971,88.255,2.197,90.35,34.086,1
1785490625,253652344,92.066,2.182,94.137,34.045,1
1785490625,353864746,93.712,2.906,96.466,0.598,1
1785490625,387269287,111.131,4.433,115.442,-32.807,1
1785490625,420674072,124.327,2.001,126.227,67.323,1
1785490625,487484375,121.992,2.307,124.193,67.282,1
1785490625,554295410,91.399,2.075,93.376,67.24,1
1785490625,621107422,103.052,2.344,105.249,67.198,1
1785490625,654513916,119.347,2.304,121.538,100.563,1
1785490625,687920410,148.853,1.954,150.709,133.929,1
1785490625,754734131,126.582,2.312,128.765,67.115,1
1785490625,821548584,116.09,2.578,118.522,67.073,1
1785490625,888364258,91.415,2.218,93.529,67.031,1
1785490625,955180420,88.148,2.12,90.158,66.99,1
1785490626,21997803,92.923,2.207,94.94,66.858,1
1785490626,55405518,108.53,2.332,110.723,33.45,1
1785490626,88726074,131.312,3.093,134.285,66.728,1
1785490626,155365967,121.216,2.414,123.397,0.088,1
1785490626,222004639,102.327,2.494,104.65,-66.551,1
1785490626,255323730,127.353,2.477,129.715,99.915,1
1785490626,321960449,107.602,3.004,110.475,33.278,1
1785490626,355278320,128.093,2.477,130.444,66.553,1
1785490626,421913086,120.199,2.445,122.51,66.509,1
1785490626,488546631,105.93,3.137,108.919,66.465,1
1785490626,521862793,121.414,2.176,123.482,33.149,1
1785490626,588494385,109.985,6.949,116.812,-33.482,1
1785490626,621809570,147.709,2.797,150.39,-66.798,1
1785490626,688439209,143.343,2.879,146.113,-133.427,1
1785490626,755067383,125.658,4.228,129.732,66.291,1
1785490626,821694336,116.003,2.59,118.474,66.246,1
1785490626,888320068,101.784,3.665,105.31,66.203,1
1785490626,921632324,125.178,2.909,127.96,99.471,1
1785490626,988256104,103.006,4.419,107.285,32.847,1
1785490627,21567383,127.644,3.182,130.679,66.161,1
1785490627,88235596,108.296,2.607,110.776,66.198,1
1785490627,121609619,122.025,3.413,125.244,99.531,1
1785490627,188358398,115.943,3.376,119.205,99.49,1
1785490627,221733398,135.255,4.469,139.57,66.115,1
1785490627,288484131,96.02,2.609,98.327,66.074,1
1785490627,355236084,94.077,2.388,96.348,66.034,1
1785490627,388612305,127.133,3.575,130.57,99.369,1
1785490627,455366211,106.463,3.047,109.383,32.615,1
1785490627,522121094,90.308,2.149,92.359,-34.14,1
1785490627,588877441,85.991,2.19,88.079,32.531,1
1785490627,655634766,87.375,2.127,89.398,-34.226,1
1785490627,722393555,92.811,2.078,94.785,-100.985,1
1785490627,789153320,97.097,3.649,100.617,32.406,1
1785490627,855914307,91.644,2.149,93.606,32.364,1
1785490627,922676758,86.865,2.39,89.141,32.322,1
1785490627,989440186,85.595,2.36,87.846,-34.442,1
1785490628,56205078,84.351,2.191,86.441,-101.207,1
1785490628,122913086,86.625,2.657,89.164,32.141,1
1785490628,189566650,91.21,2.293,93.399,32.098,1
1785490628,256218994,98.501,7.688,106.062,32.055,1
1785490628,289544922,119.306,3.034,122.206,65.338,1
1785490628,356195801,99.264,3.172,102.31,65.294,1
1785490628,389520752,125.782,2.45,128.126,98.576,1
1785490628,456169922,122.297,3.862,126.044,31.927,1
1785490628,522818115,102.952,3.247,106.072,-34.721,1
1785490628,556141846,125.69,2.143,127.728,-68.045,1
1785490628,656111084,93.475,2.181,95.549,31.798,1
1785490628,789399902,85.803,2.126,87.823,31.712,1
1785490628,856042725,86.106,2.176,88.181,31.669,1
1785490628,922684326,87.892,2.252,89.942,31.626,1
1785490628,989324951,85.986,2.153,88.026,31.583,1
1785490629,89284668,88.832,2.029,90.759,64.834,1
1785490629,155940674,89.436,2.023,91.359,64.791,1
1785490629,222595947,87.682,2.261,89.838,64.747,1
1785490629,289250000,85.246,1.972,87.117,64.704,1
1785490629,355903076,88.771,2.244,90.905,64.66,1
1785490629,422554932,91.496,2.1,93.495,64.617,1
1785490629,455880615,121.136,2.995,123.992,97.898,1
1785490629,522531006,102.236,2.557,104.643,31.248,1
1785490629,555855713,122.692,2.211,124.796,64.53,1
1785490629,622504639,93.89,2.575,96.241,64.486,1
1785490629,655828613,130.348,3.768,133.704,97.767,1
1785490629,722475830,124.702,2.669,127.247,97.723,1
1785490629,789122070,97.907,2.835,100.572,31.076,1
1785490629,855767334,92.472,2.023,94.394,31.034,1
1785490629,922411621,95.147,2.034,97.078,30.99,1
1785490629,989054688,89.818,2.749,92.462,30.948,1
1785490630,89017822,88.245,2.206,90.343,64.195,1
1785490630,155671387,89.984,2.122,92.007,64.152,1
1785490630,222323486,88.476,2.669,91.038,64.108,1
1785490630,288974609,86.039,2.305,88.231,-2.543,1
1785490630,355624756,89.065,2.263,91.212,64.021,1
1785490630,422273926,90.974,4.803,95.652,63.978,1
1785490630,455597900,113.973,2.026,115.909,30.654,1
1785490630,488921631,129.109,2.187,131.176,-2.67,1
1785490630,555568604,119.372,2.179,121.447,63.891,1
1785490630,622214355,108.253,6.106,114.229,63.847,1
1785490630,655536865,127.504,2.393,129.773,97.126,1
1785490630,722180908,123.212,2.075,125.184,97.082,1
1785490630,755502441,139.702,2.392,141.98,63.76,1
1785490630,822145020,120.472,2.053,122.427,-2.883,1
1785490630,888786377,109.699,2.28,111.872,63.673,1
1785490630,922106689,121.608,4.141,125.629,30.353,1
1785490630,988746582,93.291,2.224,95.405,-36.287,1
1785490631,55385254,95.514,2.129,97.472,30.267,1
1785490631,122077148,94.953,2.354,97.193,30.27,1
1785490631,222183838,88.677,2.436,90.944,63.555,1
1785490631,288923096,91.536,2.11,93.452,63.514,1
1785490631,355663574,91.501,2.671,93.81,63.472,1
1785490631,422405029,88.834,2.244,90.967,63.431,1
1785490631,489147705,89.941,2.537,92.368,63.389,1
1785490631,555891357,90.253,2.18,92.333,63.349,1
1785490631,622636230,103.612,6.612,110.086,63.307,1
1785490631,656009033,130.388,2.456,132.703,96.639,1
1785490631,722755615,123.794,4.757,128.435,96.597,1
1785490631,789503418,99.004,2.867,101.689,29.85,1
1785490631,856252197,95.475,2.149,97.52,29.808,1
1785490631,923002197,94.657,2.163,96.714,29.766,1
1785490631,989753174,90.79,2.208,92.898,29.724,1
1785490632,56505371,87.891,2.226,90.009,29.681,1
1785490632,123210693,87.982,2.797,90.665,29.601,1
1785490632,189877441,88.564,2.16,90.622,29.558,1
1785490632,256543213,85.926,3.718,89.519,29.516,1
1785490632,356540527,87.594,4.84,92.27,62.762,1
1785490632,423204102,88.93,2.627,91.446,62.719,1
1785490632,456535645,110.254,4.6,114.744,29.387,1
1785490632,489867188,131.965,6.19,137.969,62.676,1
1785490632,556529053,120.955,2.058,122.911,62.632,1
1785490632,623190430,125.058,2.208,127.147,-4.03,1
1785490632,689850830,124.604,2.104,126.604,62.546,1
1785490632,756510254,127.404,2.16,129.457,62.503,1
1785490632,823168945,100.181,4.86,104.901,62.46,1
1785490632,856498047,124.469,2.275,126.601,95.745,1
1785490632,923155518,117.645,4.624,122.118,95.702,1
1785490632,956483887,126.138,2.43,128.44,62.373,1
1785490633,23139893,105.789,2.075,107.757,62.33,1
1785490633,89796631,99.281,2.221,101.382,62.302,1
1785490633,156467773,91.99,2.369,94.244,62.259,1
1785490633,256473145,89.435,3.591,92.916,28.881,1
1785490633,323142334,94.077,2.151,96.127,28.838,1
1785490633,389810791,90.809,2.294,92.993,28.795,1
1785490633,456478516,89.119,2.318,91.333,-37.872,1
1785490633,489812012,119.166,2.817,121.847,62.043,1
1785490633,556478516,102.287,9.097,111.25,62.0,1
1785490633,589811523,119.537,2.202,121.616,95.29,1
1785490633,623144043,132.086,5.918,137.877,61.957,1
1785490633,689809082,152.27,2.343,154.512,128.535,1
1785490633,756473145,133.561,3.624,137.017,61.871,1
1785490633,823136475,123.361,2.184,125.438,61.827,1
1785490633,889799072,106.552,2.824,109.232,61.784,1
1785490633,923130127,125.671,2.777,128.229,95.072,1
1785490633,989791504,102.784,2.692,105.356,28.411,1
1785490634,56451904,94.989,2.279,97.108,-38.25,1
1785490634,123184082,98.307,2.042,100.227,28.379,1
1785490634,189970459,98.959,2.855,101.694,28.337,1
1785490634,256759033,95.591,2.556,98.036,28.295,1
1785490634,323549316,98.264,2.85,100.993,28.253,1
1785490634,390341309,95.622,2.116,97.632,28.212,1
1785490634,457135254,96.536,2.043,98.473,28.17,1
1785490634,490532959,120.588,2.16,122.649,-5.228,1
1785490634,557329590,111.412,2.952,114.21,61.485,1
1785490634,590728760,128.528,2.608,131.02,94.844,1
1785490634,657528076,119.748,17.662,137.289,94.804,1
1785490634,690928467,133.801,3.851,137.511,61.404,1
1785490634,757730713,120.658,3.214,123.756,61.363,1
1785490634,824534912,100.86,3.037,103.722,61.322,1
1785490634,857937500,125.911,2.735,128.524,94.685,1
1785490634,891340820,130.207,2.803,132.803,61.281,1
1785490634,991553223,94.784,2.46,97.14,27.835,1
1785490635,58363770,93.19,2.211,95.3,27.794,1
1785490635,158440186,90.721,2.622,93.228,60.995,1
1785490635,225121338,90.557,2.068,92.523,60.952,1
1785490635,291801758,90.241,2.022,92.166,60.91,1
1785490635,358481934,98.805,2.305,100.99,60.867,1
1785490635,425161377,91.106,2.076,93.087,60.823,1
1785490635,491840088,89.221,2.195,91.246,-5.855,1
1785490635,558518311,88.515,2.317,90.534,60.737,1
1785490635,625196045,92.207,2.611,94.71,60.695,1
1785490635,691873047,93.905,2.715,96.483,60.651,1
1785490635,725211182,108.322,5.799,114.002,27.313,1
1785490635,758549561,121.818,3.336,125.026,60.609,1
1785490635,825225342,99.7,2.873,102.414,-6.067,1
1785490635,891900635,94.88,2.271,97.046,60.523,1
1785490635,958575439,89.453,2.091,91.448,60.479,1
1785490636,25249512,92.033,2.159,94.094,60.437,1
1785490636,91938232,88.131,2.156,90.183,60.541,1
1785490636,158774414,88.299,2.159,90.354,60.5,1
1785490636,259031494,88.29,2.671,90.842,27.039,1
1785490636,325871338,90.455,2.159,92.514,26.998,1
1785490636,392712402,89.779,2.401,92.067,26.955,1
1785490636,459554932,88.67,2.114,90.678,26.914,1
1785490636,526398682,93.884,3.211,96.986,26.871,1
1785490636,593243896,92.645,2.41,94.824,26.83,1
1785490636,660090576,121.731,14.533,136.125,93.594,1
1785490636,693514404,153.875,2.337,156.001,126.978,1
1785490636,793788086,104.582,2.964,107.432,26.704,1
1785490636,827213379,119.175,2.271,121.349,60.087,1
1785490636,894064697,103.897,2.867,106.644,60.046,1
1785490636,960917725,91.134,2.058,93.093,60.004,1
1785490637,27771973,88.95,2.204,91.035,59.963,1
1785490637,94607666,87.153,2.137,89.188,59.752,1
1785490637,161274658,92.822,2.195,94.9,59.709,1
1785490637,227940918,88.896,2.029,90.824,59.665,1
1785490637,294606201,88.119,2.338,90.352,59.622,1
1785490637,361270752,89.789,4.388,94.066,59.579,1
1785490637,427934326,89.104,2.336,91.326,59.536,1
1785490637,494596924,84.913,2.273,87.078,-7.127,1
1785490637,561258789,92.014,2.904,94.738,59.449,1
1785490637,594589600,109.69,3.736,113.296,26.119,1
1785490637,627919922,130.362,10.895,141.118,59.406,1
1785490637,694580078,123.271,3.27,126.154,59.363,1
1785490637,761239258,125.65,4.793,130.333,59.319,1
1785490637,827897705,118.657,3.138,121.658,-7.339,1
1785490637,894555420,98.067,2.532,100.426,-73.997,1
1785490637,927883789,124.133,2.835,126.761,92.518,1
1785490637,994540039,95.676,2.79,98.274,25.862,1
1785490638,61195557,93.841,2.426,96.163,25.82,1
1785490638,128002197,91.339,2.605,93.719,25.873,1
1785490638,194907471,96.598,3.165,99.622,25.833,1
1785490638,261815918,89.592,2.15,91.629,25.791,1
1785490638,328727783,89.89,2.479,92.258,25.75,1
1785490638,429101807,89.375,2.453,91.715,59.126,1
1785490638,462561279,103.499,2.231,105.607,25.667,1
1785490638,529483154,92.835,2.228,94.959,25.625,1
1785490638,596408203,88.392,2.054,90.347,25.584,1
1785490638,696802002,93.553,3.325,96.748,58.968,1
1785490638,763735352,86.714,2.134,88.747,58.927,1
1785490638,830671875,85.222,2.03,87.15,58.888,1
1785490638,897611816,89.585,2.038,91.506,58.848,1
1785490638,964555176,86.771,1.97,88.649,58.809,1
1785490639,31501709,85.291,2.113,87.239,58.768,1
1785490639,98424072,83.014,2.35,85.174,58.612,1
1785490639,165242920,83.688,2.343,85.92,58.57,1
1785490639,265473145,83.226,2.256,85.372,25.118,1
1785490639,332294678,83.298,2.24,85.437,25.076,1
1785490639,399117432,85.659,2.491,88.032,25.034,1
1785490639,465941162,84.888,2.2,86.983,24.992,1
1785490639,532765869,83.793,2.178,85.868,24.949,1
1785490639,599591797,82.555,2.127,84.565,24.908,1
1785490639,666418701,90.955,2.293,93.138,24.865,1
1785490639,699832764,121.424,2.551,123.866,58.238,1
1785490639,800076172,86.284,2.11,88.291,24.781,1
1785490639,866906250,86.022,2.12,88.039,24.739,1
1785490639,933737793,94.405,4.669,98.914,24.696,1
1785490639,967153809,113.645,3.475,116.963,58.071,1
1785490640,33986816,93.311,2.947,96.132,58.029,1
1785490640,67403809,116.558,5.037,121.408,91.377,1
1785490640,134221924,105.064,5.604,109.749,24.559,1
1785490640,167624023,113.829,2.402,116.1,-8.843,1
1785490640,234429199,101.104,3.628,104.617,-75.648,1
1785490640,267832031,120.169,2.599,122.64,91.238,1
1785490640,334638672,121.576,3.08,124.498,91.197,1
1785490640,401445801,121.017,2.801,123.698,91.155,1
1785490640,434849854,116.75,2.049,118.697,57.751,1
1785490640,535062744,82.613,2.168,84.679,24.306,1
1785490640,601872559,80.596,2.211,82.703,-42.504,1
1785490640,668683105,86.946,2.941,89.727,24.221,1
1785490640,735494385,89.922,2.64,92.448,24.179,1
1785490640,768900391,120.387,2.71,122.965,57.543,1
1785490640,835713135,100.914,3.843,104.63,57.501,1
1785490640,869119629,113.957,2.27,116.114,90.866,1
1785490640,902526611,153.08,2.137,155.11,124.232,1
1785490641,2748291,95.779,4.5,100.147,24.01,1
1785490641,36155762,114.318,2.376,116.578,57.375,1
1785490641,102970947,89.102,2.487,91.485,-9.44,1
1785490641,169689209,98.176,5.313,102.552,57.207,1
1785490641,203048584,111.765,2.227,113.885,23.848,1
1785490641,269768066,96.63,3.237,99.738,-42.872,1
1785490641,303128174,121.087,2.947,123.923,-76.232,1
1785490641,369848877,117.223,3.988,121.09,57.082,1
1785490641,436570313,113.714,2.472,116.066,57.04,1
1785490641,503292480,113.973,2.317,116.161,56.998,1
1785490641,570015381,103.394,2.612,105.836,56.956,1
1785490641,603377197,126.553,3.308,129.714,90.277,1
1785490641,670101318,124.898,2.787,127.557,90.235,1
1785490641,703463623,150.159,2.516,152.55,123.556,1
1785490641,803551758,95.708,4.47,100.055,23.468,1
1785490641,870278320,93.641,3.87,97.277,23.426,1
1785490641,970369385,86.452,2.148,88.5,56.706,1
1785490642,3733643,106.602,2.548,109.039,90.028,1
1785490642,37097900,115.176,2.071,117.145,56.664,1
1785490642,137151367,82.647,2.999,85.494,23.229,1
1785490642,203798096,81.973,2.277,84.15,23.185,1
1785490642,270443848,80.464,2.202,82.557,23.143,1
1785490642,337088379,80.881,2.032,82.811,-43.502,1
1785490642,403731689,86.01,2.19,88.087,23.057,1
1785490642,470373779,81.13,2.231,83.249,23.014,1
1785490642,537014648,81.406,2.208,83.51,22.971,1
1785490642,603654541,80.835,2.118,82.856,22.928,1
1785490642,670292969,92.147,4.658,96.66,22.886,1
1785490642,703611816,154.571,2.401,156.857,122.755,1
1785490642,803566406,105.695,2.415,107.913,22.8,1
1785490642,836884033,120.726,2.217,122.832,-10.518,1
1785490642,970151855,81.135,2.014,83.045,55.987,1
1785490643,36783691,82.465,2.025,84.384,55.944,1
1785490643,103416016,82.543,2.112,84.476,55.926,1
1785490643,170076416,86.308,2.438,88.632,55.883,1
1785490643,236735840,83.033,2.107,85.041,55.84,1
1785490643,303394531,82.954,2.794,85.207,-10.819,1
1785490643,370052246,85.596,2.135,87.631,55.754,1
1785490643,436709229,83.142,2.249,85.292,55.711,1
1785490643,503365479,82.25,2.099,84.242,55.668,1
1785490643,570020508,81.772,3.458,85.081,55.625,1
1785490643,603347900,100.489,2.435,102.771,22.297,1
1785490643,636675049,139.955,2.711,142.55,-11.03,1
1785490643,703328613,124.939,3.287,128.076,-77.684,1
1785490643,769981201,112.731,3.869,116.483,-144.336,1
1785490643,836633057,101.469,7.641,108.96,55.452,1
1785490643,869958740,122.374,3.065,125.309,88.734,1
1785490643,936609131,99.782,4.097,103.737,22.084,1
1785490643,969934082,115.816,5.047,118.053,-11.241,1
1785490644,36583496,105.583,3.402,108.859,-77.891,1
1785490644,69907715,125.171,2.776,127.82,-111.215,1
1785490644,136637451,118.439,2.832,121.146,88.776,1
1785490644,203447021,104.589,2.577,107.044,88.734,1
1785490644,236852051,117.867,14.799,131.74,55.329,1
1785490644,303663086,90.422,2.174,92.489,55.288,1
1785490644,370475098,82.019,2.287,84.206,55.246,1
1785490644,437287842,86.696,2.178,88.773,55.204,1
1785490644,504101563,83.483,2.333,85.714,-11.609,1
1785490644,570916260,81.73,1.932,83.566,55.121,1
1785490644,637731689,84.895,2.962,87.749,55.079,1
1785490644,671139893,117.29,2.567,119.733,88.445,1
1785490644,704548096,140.994,2.353,143.169,121.813,1
1785490644,771365479,124.28,3.234,126.914,54.996,1
1785490644,838183838,111.692,2.262,113.838,54.953,1
1785490644,905002930,102.549,2.519,104.955,54.912,1
1785490644,938412842,115.397,2.601,117.854,88.28,1
1785490645,5233398,91.605,3.52,94.989,21.459,1
1785490645,72054688,86.55,2.258,88.703,-45.362,1
1785490645,138783447,81.629,3.022,84.537,21.315,1
1785490645,205419678,82.027,2.28,84.202,21.273,1
1785490645,272054443,81.317,3.089,84.287,21.23,1
1785490645,338687988,81.913,2.248,84.057,21.187,1
1785490645,405320313,86.485,2.784,89.117,21.144,1
1785490645,471950928,85.225,2.356,87.478,21.102,1
1785490645,538580322,81.761,2.746,84.274,21.058,1
1785490645,605208496,81.297,2.169,83.365,21.016,1
1785490645,671834961,88.937,3.465,92.283,20.972,1
1785490645,738460449,96.722,2.727,99.212,-45.653,1
1785490645,838395752,81.245,2.089,83.231,54.155,1
1785490645,905017578,83.75,7.667,91.279,54.111,1
1785490645,938328125,103.409,7.153,110.437,20.801,1
1785490645,971638184,116.818,2.929,119.626,-12.509,1
1785490646,38257324,91.098,2.319,93.313,-79.128,1
1785490646,104876465,84.601,2.253,86.751,-145.748,1
1785490646,171637695,82.867,2.133,84.902,54.08,1
1785490646,238427734,84.37,2.192,86.455,54.037,1
1785490646,305218506,82.857,2.216,84.97,53.996,1
1785490646,372009766,83.227,2.025,85.157,53.953,1
1785490646,472197998,81.616,2.432,83.892,20.515,1
1785490646,538990723,80.932,2.086,82.907,20.472,1
1785490646,605783936,82.118,2.728,84.744,20.431,1
1785490646,672577881,98.848,2.974,101.701,20.388,1
1785490646,705975098,102.576,10.909,113.356,53.743,1
1785490646,739372559,120.826,2.161,122.875,87.098,1
1785490646,806167480,116.735,2.868,119.476,87.057,1
1785490646,872963135,89.645,3.235,92.535,20.261,1
1785490646,939759521,92.105,5.441,97.413,20.218,1
1785490647,6556396,85.179,2.542,87.519,20.176,1
1785490647,73353760,82.141,2.081,84.11,20.133,1
1785490647,140150879,80.361,2.063,82.319,20.073,1
1785490647,206770508,83.278,2.176,85.322,19.995,1
1785490647,273388672,80.448,2.315,82.651,19.952,1
1785490647,340004883,86.055,2.297,88.247,19.91,1
1785490647,406619385,82.126,3.259,85.216,19.866,1
1785490647,473232422,80.669,2.185,82.704,19.824,1
1785490647,539843750,80.533,2.183,82.605,19.78,1
1785490647,606453125,79.948,2.233,82.073,19.738,1
1785490647,673061035,108.573,4.854,113.306,19.695,1
1785490647,706364502,128.058,2.901,130.826,52.955,1
1785490647,739667480,152.725,14.149,165.379,86.213,1
1785490647,839573486,103.451,3.731,107.038,52.868,1
1785490647,872874756,115.199,2.473,117.562,86.124,1
1785490647,972775879,87.197,2.546,89.614,52.78,1
1785490648,6075439,99.948,2.535,102.366,86.035,1
1785490648,72673340,91.771,2.904,94.55,19.437,1
1785490648,139270996,86.777,2.462,89.13,-47.161,1
1785490648,205891602,88.032,2.557,90.464,19.359,1
1785490648,272510254,89.601,4.231,92.861,19.316,1
1785490648,305819092,115.795,3.54,119.204,52.581,1
1785490648,372435303,96.056,3.039,98.942,52.538,1
1785490648,405742920,125.804,3.363,129.052,85.801,1
1785490648,472356689,100.861,6.057,106.756,19.187,1
1785490648,505663086,115.908,3.06,118.85,52.45,1
1785490648,572274414,102.355,3.258,105.411,52.406,1
1785490648,605579346,118.999,2.534,121.425,85.668,1
1785490648,672188232,114.523,2.354,116.761,19.059,1
1785490648,705491943,147.716,2.436,150.026,118.882,1
1785490648,772098145,144.644,2.763,147.291,118.837,1
1785490648,838702881,129.334,13.113,142.305,52.232,1
1785490648,905305908,117.358,2.631,119.768,52.188,1
1785490648,971907227,104.438,2.171,106.499,52.145,1
1785490649,5207031,120.849,2.05,122.803,85.4,1
1785490649,105104736,84.849,2.082,86.828,52.091,1
1785490649,171794922,86.208,2.082,88.199,52.159,1
1785490649,238576416,85.681,2.185,87.765,52.117,1
1785490649,305358154,85.847,2.054,87.8,52.074,1
1785490649,372140381,85.433,2.055,87.39,52.033,1
1785490649,438923096,87.309,2.225,89.431,51.99,1
1785490649,505706055,83.777,2.145,85.819,51.948,1
1785490649,572489502,83.939,2.097,85.934,51.906,1
1785490649,639273438,84.525,2.082,86.504,51.864,1
1785490649,706057617,95.575,6.809,102.254,51.821,1
1785490649,739449951,125.569,2.367,127.814,85.172,1
1785490649,806234863,105.792,5.501,111.149,85.129,1
1785490649,839627441,114.983,2.187,117.069,51.737,1
1785490649,939805908,85.223,2.214,87.322,18.302,1
1785490650,6592285,87.263,2.391,89.531,18.26,1
1785490650,39985352,115.844,2.876,118.586,51.611,1
1785490650,106772217,103.146,3.453,106.448,51.548,1
1785490650,140165039,114.89,3.216,117.98,84.71,1
1785490650,206787598,89.679,2.77,92.207,18.087,1
1785490650,273408936,85.34,2.503,87.572,18.045,1
1785490650,340028809,83.466,2.212,85.576,-48.575,1
1785490650,406646973,95.862,5.763,101.489,17.959,1
1785490650,439955566,100.783,3.193,103.745,-15.349,1
1785490650,506571777,91.843,2.033,93.778,51.181,1
1785490650,573186279,85.276,2.037,87.21,-15.433,1
1785490650,639799561,86.195,4.153,90.189,51.094,1
1785490650,706411133,123.421,3.79,127.091,51.05,1
1785490650,773021240,117.335,2.722,119.791,51.007,1
1785490650,839630127,103.491,3.617,106.978,-15.602,1
1785490650,872933838,119.57,4.585,123.859,84.223,1
1785490650,939540283,101.963,3.57,105.396,84.178,1
1785490650,972843018,117.329,5.136,122.345,50.876,1
1785490651,39447266,99.18,3.442,102.496,50.833,1
1785490651,72749023,121.512,2.589,123.967,84.118,1
1785490651,139352295,99.876,2.717,102.471,84.25,1
1785490651,172733154,106.459,3.332,109.539,50.869,1
1785490651,239494873,95.09,3.029,97.999,50.826,1
1785490651,306256592,87.42,2.152,89.467,-15.936,1
1785490651,373018311,86.741,2.087,88.731,50.742,1
1785490651,439780518,86.384,2.176,88.459,50.699,1
1785490651,506542480,86.973,2.155,88.962,50.657,1
1785490651,573304688,83.933,2.327,86.155,50.614,1
1785490651,640066895,89.745,2.388,92.027,50.572,1
1785490651,706829346,92.215,2.744,94.848,-16.19,1
1785490651,740210449,129.522,3.028,132.417,83.868,1
1785490651,806972900,119.359,3.025,122.252,17.106,1
1785490651,873735596,100.424,4.246,104.54,-49.657,1
1785490651,907116943,132.57,5.021,137.355,117.122,1
1785490651,973879639,119.693,3.408,122.848,50.359,1
1785490652,40642334,105.854,3.836,109.534,50.317,1
1785490652,74023926,121.635,2.17,123.704,83.64,1
1785490652,140786133,108.613,3.083,111.568,83.512,1
1785490652,174126953,131.408,2.591,133.847,116.81,1
1785490652,240808838,106.249,2.603,108.733,50.128,1
1785490652,274149658,127.199,2.466,129.54,83.427,1
1785490652,340831787,106.408,2.567,108.854,83.385,1
1785490652,407513916,94.792,2.452,97.129,16.702,1
1785490652,474196289,85.773,2.537,88.185,-49.98,1
1785490652,540878662,82.601,3.122,85.614,16.618,1
1785490652,607561279,82.662,2.53,85.083,16.576,1
1785490652,674244141,105.027,2.199,107.109,83.174,1
1785490652,707585449,131.637,2.76,134.267,49.833,1
1785490652,774268555,119.472,3.036,122.376,-16.851,1
1785490652,840951660,108.338,3.2,111.423,-83.534,1
1785490652,874293457,141.262,2.231,143.383,83.047,1
1785490652,940976807,125.342,2.56,127.772,16.364,1
1785490653,7660400,104.175,2.239,106.297,82.963,1
1785490653,41002197,118.172,3.415,121.456,49.621,1
1785490653,107686035,108.883,2.879,111.643,49.584,1
1785490653,174333984,107.2,6.037,113.095,49.481,1
1785490653,207639160,107.483,2.879,110.229,82.742,1
1785490653,274248291,104.349,4.973,109.199,16.133,1
1785490653,307552246,127.055,3.597,130.519,49.394,1
1785490653,374158447,92.075,2.168,94.141,49.35,1
1785490653,440763184,91.903,2.78,94.429,49.306,1
1785490653,507365723,87.988,2.167,90.053,49.262,1
1785490653,573966553,84.772,2.267,86.89,49.219,1
1785490653,640565674,86.984,3.94,90.811,49.175,1
1785490653,673864502,126.976,3.077,129.928,82.43,1
1785490653,707162842,150.294,3.328,153.483,115.682,1
1785490653,807055176,93.297,5.892,99.058,15.79,1
1785490653,840351807,122.447,2.314,124.644,49.044,1
1785490653,906943604,110.472,2.319,112.674,48.999,1
1785490653,940238770,129.507,2.735,132.107,82.251,1
1785490654,6827637,103.559,2.398,105.841,82.207,1
1785490654,73414795,97.487,3.371,99.616,15.62,1
1785490654,106707764,124.219,2.662,126.73,48.895,1
1785490654,173347412,103.341,2.577,105.793,-17.744,1
1785490654,206775146,132.231,2.429,134.549,82.412,1
1785490654,273632324,113.036,2.209,115.146,15.555,1
1785490654,307061768,135.211,2.258,137.357,115.763,1
1785490654,373922363,129.377,2.525,131.783,48.903,1
1785490654,440785645,116.33,8.239,124.442,48.862,1
1785490654,507651367,107.892,4.087,111.84,48.821,1
1785490654,541085205,117.494,2.78,120.148,82.215,1
1785490654,607954590,99.647,2.241,101.759,82.175,1
1785490654,641390137,118.7,3.839,122.413,48.739,1
1785490654,708263184,129.217,2.877,131.961,48.699,1
1785490654,775138672,117.983,3.266,121.1,48.657,1
1785490654,842016602,96.612,2.558,98.935,-18.22,1
1785490654,875456299,120.801,2.592,123.28,82.017,1
1785490654,942337891,107.154,2.937,109.967,81.978,1
1785490654,975779785,129.262,2.975,132.018,48.536,1
1785490655,42665039,98.313,4.002,102.147,48.494,1
1785490655,76108643,116.788,2.567,119.223,81.898,1
1785490655,142997559,101.076,7.257,108.167,81.712,1
1785490655,176440674,124.077,4.655,127.245,48.269,1
1785490655,243134033,99.608,3.788,103.267,48.227,1
1785490655,276480957,115.724,4.948,120.554,81.532,1
1785490655,343174805,97.13,2.562,99.552,81.49,1
1785490655,443216309,98.299,4.149,102.309,48.101,1
1785490655,476563721,109.715,3.673,113.268,81.406,1
1785490655,543258789,86.485,2.415,88.768,14.71,1
1785490655,609954102,83.651,2.237,85.776,14.669,1
1785490655,676649902,92.674,2.309,94.86,-52.027,1
1785490655,743345947,95.715,2.447,98.037,81.237,1
1785490655,810042480,84.742,2.608,87.224,14.541,1
1785490655,876739258,83.133,2.105,85.127,14.499,1
1785490655,943436523,85.083,2.901,87.802,14.456,1
1785490656,10134033,83.934,2.309,86.125,14.414,1
1785490656,76832031,83.487,2.311,85.624,14.371,1
1785490656,143530273,84.109,3.392,87.337,14.329,1
1785490656,210311035,86.649,3.785,90.215,14.322,1
1785490656,277175781,89.154,2.669,91.681,14.28,1
1785490656,344042969,84.554,2.336,86.767,-52.587,1
1785490656,410913086,85.754,3.299,88.928,14.196,1
1785490656,477785645,85.757,2.281,87.903,14.154,1
1785490656,544660889,84.946,3.013,87.826,14.112,1
1785490656,611538574,86.521,8.587,94.981,14.07,1
1785490656,678418945,92.025,2.228,94.133,14.028,1
1785490656,711860107,128.331,2.225,130.437,114.271,1
1785490656,778744629,117.28,2.751,119.901,47.387,1
1785490656,845631592,113.216,2.504,115.568,47.347,1
1785490656,912521240,113.904,3.183,116.899,-19.543,1
1785490656,979413574,107.752,6.059,113.662,47.265,1
1785490657,12860596,123.738,2.79,126.398,80.672,1
1785490657,79756836,100.23,3.999,104.04,80.633,1
1785490657,146655518,85.731,2.602,88.132,13.734,1
1785490657,180104004,103.739,2.542,106.163,-19.714,1
1785490657,246728271,95.194,2.724,97.784,-86.339,1
1785490657,280039795,105.524,4.798,107.551,80.171,1
1785490657,313351074,127.283,2.207,129.361,113.438,1
1785490657,379972168,108.792,2.833,111.503,46.817,1
1785490657,413282227,137.207,3.508,140.578,80.082,1
1785490657,479900879,120.63,2.699,123.19,13.463,1
1785490657,546518066,97.346,2.891,100.117,79.993,1
1785490657,613133789,87.783,2.296,89.972,13.378,1
1785490657,679747803,87.447,2.38,89.645,13.335,1
1785490657,746360107,98.634,2.418,100.936,79.861,1
1785490657,779665771,125.414,2.68,127.973,46.555,1
1785490657,846275879,115.656,2.817,118.349,-20.055,1
1785490657,912884277,104.143,4.562,108.588,-86.663,1
1785490657,946187988,126.404,2.804,129.088,79.729,1
1785490658,12794189,114.177,2.939,116.988,79.684,1
1785490658,79398682,92.215,1.98,94.101,79.64,1
1785490658,146001465,84.466,2.979,87.328,13.037,1
1785490658,212615723,94.165,4.877,98.924,79.578,1
1785490658,245927002,123.0,2.103,124.993,46.267,1
1785490658,312548828,98.614,5.214,102.524,-20.355,1
1785490658,345858887,117.26,2.252,119.409,79.49,1
1785490658,412478271,100.595,2.456,102.928,79.445,1
1785490658,445787109,115.751,2.904,118.514,46.136,1
1785490658,512404053,98.45,2.125,100.462,-20.481,1
1785490658,545711670,115.839,2.796,118.242,79.356,1
1785490658,612326172,95.085,2.226,97.197,79.312,1
1785490658,678938965,108.153,11.291,119.308,79.267,1
1785490658,712244629,137.011,5.848,142.583,112.529,1
1785490658,778854980,116.18,6.331,122.353,45.918,1
1785490658,845463867,93.371,2.368,95.618,-20.69,1
1785490658,878767578,119.182,2.254,121.324,79.135,1
1785490658,945373779,96.1,2.406,98.375,79.09,1
1785490659,11978516,93.364,2.086,95.345,79.046,1
1785490659,78581543,86.14,2.829,88.833,12.443,1
1785490659,145182861,86.952,4.893,91.715,-54.158,1
1785490659,211823975,94.346,4.752,98.977,79.139,1
1785490659,245218262,119.469,2.649,121.988,45.744,1
1785490659,345402344,89.337,2.056,91.24,12.308,1
1785490659,412192139,86.349,2.616,88.827,12.266,1
1785490659,478982666,85.299,2.865,87.962,12.223,1
1785490659,545773438,83.387,3.772,86.986,12.181,1
1785490659,612564941,83.069,2.755,85.707,12.138,1
1785490659,679356934,91.962,8.318,100.156,-54.654,1
1785490659,712752930,122.885,2.998,125.758,-88.05,1
1785490659,779545654,105.247,5.739,110.847,-154.843,1
1785490659,812942383,121.056,3.237,124.148,78.761,1
1785490659,879735840,97.106,2.152,99.146,78.72,1
1785490659,946529785,97.836,2.562,100.279,78.678,1
1785490660,13324219,89.339,2.301,91.528,11.883,1
1785490660,80119141,83.99,2.56,86.419,11.841,1
1785490660,146914795,82.786,2.919,85.584,11.798,1
1785490660,213728271,86.583,5.969,92.018,11.739,1
1785490660,247075684,108.232,10.227,118.325,45.043,1
1785490660,280423340,124.105,2.554,126.539,78.349,1
1785490660,347118652,108.416,2.263,110.546,78.306,1
1785490660,380466309,127.081,2.407,129.367,111.613,1
1785490660,447162354,119.74,2.527,122.149,44.917,1
1785490660,513858643,98.967,2.682,101.509,44.874,1
1785490660,547207031,115.264,3.119,118.266,78.181,1
1785490660,613903809,91.408,2.363,93.637,11.484,1
1785490660,647252441,117.41,3.275,120.554,44.791,1
1785490660,713950195,119.329,2.596,121.798,44.748,1
1785490660,747299072,148.681,2.703,151.254,78.055,1
1785490660,847346436,102.156,3.052,104.984,44.664,1
1785490660,880695801,122.137,2.532,124.542,11.314,1
1785490660,947394775,98.904,3.734,102.525,77.929,1
1785490661,14094238,93.124,2.017,94.992,77.887,1
1785490661,80794189,87.626,2.827,90.227,11.188,1
1785490661,180844482,93.691,2.276,95.853,44.453,1
1785490661,214181396,115.99,2.463,118.341,11.116,1
1785490661,280964355,104.945,3.533,107.859,77.815,1
1785490661,314356201,119.971,2.383,122.251,44.423,1
1785490661,414531982,93.924,7.514,101.273,77.731,1
1785490661,447924072,123.311,2.427,125.626,44.339,1
1785490661,514708740,92.142,3.064,95.093,44.296,1
1785490661,548101318,118.76,3.111,121.617,77.647,1
1785490661,614886475,96.577,2.329,98.777,77.604,1
1785490661,681672119,91.977,2.627,94.489,10.819,1
1785490661,748458252,110.312,2.108,112.31,77.52,1
1785490661,781851563,128.766,3.713,131.503,110.872,1
1785490661,848638428,96.796,2.183,98.875,44.085,1
1785490661,915425537,97.17,2.819,99.865,44.042,1
1785490661,982213135,96.206,3.412,99.214,44.001,1
1785490662,15607178,115.97,2.473,118.315,77.353,1
1785490662,82395508,90.403,2.137,92.432,77.311,1
1785490662,149184326,88.956,1.927,90.777,77.269,1
1785490662,215988281,91.665,1.933,93.505,77.115,1
1785490662,282681641,92.675,2.349,94.908,77.073,1
1785490662,349375000,88.492,1.989,90.375,77.031,1
1785490662,416068848,86.214,2.254,88.351,10.337,1
1785490662,482763184,84.654,2.153,86.701,10.295,1
1785490662,549457764,84.861,1.969,86.737,10.252,1
1785490662,616152832,83.027,2.748,85.655,10.21,1
1785490662,682848145,94.649,2.298,96.825,76.821,1
1785490662,716195801,120.219,4.436,124.547,43.473,1
1785490662,782891846,121.805,3.462,125.136,-23.223,1
1785490662,849587891,106.285,4.281,110.423,-89.919,1
1785490662,882936279,124.451,2.53,126.856,76.694,1
1785490662,949633057,116.292,3.452,119.571,76.653,1
1785490662,982981445,123.595,2.185,125.678,43.304,1
1785490663,83027588,88.614,2.017,90.539,76.569,1
1785490663,149725342,83.38,3.702,86.959,9.871,1
1785490663,216434814,97.816,2.482,100.09,76.397,1
1785490663,249746094,130.012,2.474,132.366,109.664,1
1785490663,316367432,102.162,3.033,105.051,43.042,1
1785490663,349677490,121.324,2.629,123.828,76.308,1
1785490663,416296631,104.741,3.498,108.095,9.689,1
1785490663,449605469,121.019,2.509,123.408,-23.62,1
1785490663,516221924,94.809,2.277,96.962,42.912,1
1785490663,549529541,116.196,3.363,119.437,76.176,1
1785490663,616143555,92.897,2.599,95.382,9.562,1
1785490663,682756104,91.33,2.348,93.564,-57.051,1
1785490663,749366943,91.768,2.067,93.738,-123.662,1
1785490663,815976074,93.708,2.221,95.805,75.999,1
1785490663,882583496,85.5,2.172,87.569,9.391,1
1785490663,949189453,89.361,2.036,91.305,75.91,1
1785490664,15793701,85.865,2.016,87.78,9.306,1
1785490664,82396240,85.327,1.938,87.168,-57.297,1
1785490664,148997314,85.112,2.018,87.024,9.22,1
1785490664,215596680,89.134,1.956,90.988,75.759,1
1785490664,282217773,85.039,2.416,87.341,9.138,1
1785490664,348837158,91.009,3.216,94.116,75.671,1
1785490664,382146240,108.757,3.848,112.481,42.362,1
1785490664,415455078,129.617,2.691,132.194,75.626,1
1785490664,482071289,118.023,2.28,120.183,75.582,1
1785490664,548685791,100.431,3.691,103.976,75.537,1
1785490664,581992432,126.615,2.122,128.625,108.8,1
1785490664,648604492,135.981,6.512,142.375,108.755,1
1785490664,715214844,120.708,2.565,123.033,42.145,1
1785490664,781823486,104.746,3.075,107.689,-24.464,1
1785490664,815127441,122.83,2.417,125.143,75.361,1
1785490664,881733643,113.391,8.395,121.643,75.316,1
1785490664,915036133,132.644,4.071,136.593,108.575,1
1785490664,981639893,111.676,2.475,114.031,41.971,1
1785490665,14941162,117.441,1.965,119.311,75.228,1
1785490665,114842529,86.322,2.211,88.372,41.884,1
1785490665,181441406,87.002,2.256,89.145,41.854,1
1785490665,248099121,90.054,2.137,92.078,41.872,1
1785490665,314814697,87.591,2.089,89.578,41.83,1
1785490665,381531006,87.976,7.227,95.066,41.788,1
1785490665,414889648,113.207,3.1,116.061,75.104,1
1785490665,448248291,131.345,2.45,133.669,41.746,1
1785490665,514966309,99.723,3.618,103.216,-24.972,1
1785490665,581684814,91.255,2.141,93.292,41.662,1
1785490665,648404297,91.015,2.529,93.433,41.62,1
1785490665,715124512,97.843,2.469,100.194,41.577,1
1785490665,748484863,119.715,2.991,122.563,8.217,1
1785490665,815206055,101.474,2.646,103.992,74.854,1
1785490665,848566895,122.728,3.351,125.201,41.493,1
1785490665,915289307,108.63,2.727,111.247,41.452,1
1785490665,982012451,90.774,2.029,92.703,-25.271,1
1785490666,48736328,89.132,2.147,91.177,41.368,1
1785490666,115460938,87.047,2.235,89.181,-25.357,1
1785490666,182186523,93.166,2.375,95.433,41.281,1
1785490666,248945557,92.096,2.087,94.083,41.283,1
1785490666,315739014,90.539,2.138,92.476,41.241,1
1785490666,382532959,86.409,2.328,88.622,41.199,1
1785490666,449327637,89.636,2.253,91.682,41.156,1
1785490666,516123047,90.078,2.124,92.054,41.115,1
1785490666,582918945,85.82,2.107,87.824,41.072,1
1785490666,649715332,89.992,2.539,92.389,41.031,1
1785490666,716512695,100.315,2.961,103.142,40.988,1
1785490666,749911377,120.083,2.834,122.789,74.345,1
1785490666,816709473,103.867,2.206,105.949,74.303,1
1785490666,850108887,120.324,2.24,122.467,40.903,1
1785490666,916907715,106.726,2.814,109.316,-25.896,1
1785490666,983707520,99.527,1.987,101.391,-92.695,1
1785490667,50507813,92.03,2.179,94.108,40.777,1
1785490667,117308594,84.644,2.171,86.711,40.735,1
1785490667,184110352,84.461,2.207,86.479,40.681,1
1785490667,250863525,88.855,2.188,90.936,-26.072,1
1785490667,317570801,88.645,2.291,90.646,40.551,1
1785490667,384278564,85.922,2.125,87.944,40.509,1
1785490667,417632813,105.105,2.483,107.463,73.821,1
1785490667,484341309,89.069,2.036,91.004,73.779,1
1785490667,551050781,88.315,2.202,90.418,73.737,1
1785490667,617760742,84.518,2.093,86.513,7.027,1
1785490667,684471191,89.386,2.263,91.516,73.653,1
1785490667,751182129,110.968,4.658,115.512,6.942,1
1785490667,784537842,132.013,3.908,135.602,106.926,1
1785490667,851250000,120.236,2.313,122.449,40.213,1
1785490667,917962402,109.262,4.673,113.796,-26.499,1
1785490667,951318848,128.453,3.034,131.216,-59.855,1
1785490668,18032471,106.794,3.066,109.009,73.444,1
1785490668,51389404,125.986,2.546,128.417,106.759,1
1785490668,118103760,98.549,2.402,100.815,40.045,1
1785490668,184818604,94.226,2.202,96.321,40.003,1
1785490668,251496094,85.445,2.148,87.421,39.915,1
1785490668,318135254,101.303,2.414,103.578,39.872,1
1785490668,351454102,120.753,2.639,123.258,73.147,1
1785490668,418091064,96.567,2.169,98.625,73.103,1
1785490668,451408936,122.294,2.352,124.536,106.377,1
1785490668,518043945,105.249,2.659,107.795,39.742,1
1785490668,551361084,123.461,2.068,125.427,73.015,1
1785490668,617993896,103.561,3.95,107.38,72.972,1
1785490668,651310059,122.318,2.228,124.439,106.243,1
1785490668,717940918,127.863,3.246,130.987,106.199,1
1785490668,784570557,108.13,2.682,110.686,39.57,1
1785490668,817885010,129.962,3.028,132.866,72.84,1
1785490668,884512451,123.697,2.377,125.972,6.212,1
1785490668,951138916,118.983,2.446,121.306,72.752,1
1785490669,17763916,103.951,3.193,107.02,72.709,1
1785490669,51075928,127.529,3.444,130.841,105.976,1
1785490669,117698975,116.443,4.052,120.378,39.353,1
1785490669,151009766,125.251,2.319,127.451,6.042,1
1785490669,217631836,103.03,7.478,108.965,72.597,1
1785490669,250951172,111.035,15.251,126.161,39.277,1
1785490669,317588379,101.871,11.554,113.251,39.235,1
1785490669,350906738,124.411,2.851,127.139,72.509,1
1785490669,417541992,113.05,6.12,115.668,72.466,1
1785490669,450859131,127.916,10.527,138.306,105.738,1
1785490669,517492676,109.538,2.037,111.475,39.104,1
1785490669,550808838,119.419,2.05,121.365,5.788,1
1785490669,650755127,90.718,2.152,92.76,39.018,1
1785490669,717384521,111.548,2.846,114.261,38.975,1
1785490669,750698486,127.728,2.613,130.213,5.661,1
1785490669,817325684,109.044,3.838,112.712,72.202,1
1785490669,850638916,124.588,3.012,127.442,105.47,1
1785490669,917263916,106.545,2.137,108.579,38.845,1
1785490669,983887939,104.49,2.175,106.553,38.802,1
1785490670,17199219,130.157,2.229,132.269,72.071,1
1785490670,83821045,119.955,2.188,122.041,72.026,1
1785490670,150441406,99.178,3.063,102.089,71.99,1
1785490670,183750977,108.078,4.375,112.334,38.68,1
1785490670,250502686,99.06,2.314,101.246,-28.072,1
1785490670,317387451,94.792,2.062,96.734,38.744,1
1785490670,350831055,110.729,6.888,117.499,72.147,1
1785490670,384275391,131.219,3.431,134.512,105.553,1
1785490670,451166016,111.679,8.563,120.122,38.662,1
1785490670,484612549,142.498,2.56,144.94,5.216,1
1785490670,551508057,124.614,2.777,127.262,72.029,1
1785490670,618406250,97.211,3.141,100.222,71.989,1
1785490670,718759277,95.487,5.427,100.12,38.499,1
1785490670,752211914,117.715,2.72,120.296,71.91,1
1785490670,819119141,97.945,2.568,100.388,71.872,1
1785490670,852573975,118.116,3.353,121.353,38.417,1
1785490670,919485840,99.582,3.152,102.613,-28.495,1
1785490670,986400635,95.257,2.591,97.733,38.335,1
1785490671,53318359,90.625,2.145,92.655,38.293,1
1785490671,120239014,86.245,2.01,88.153,38.253,1
1785490671,187162842,87.227,2.516,89.633,38.194,1
1785490671,254020020,90.524,2.206,92.628,38.094,1
1785490671,320813965,92.004,2.638,94.526,38.052,1
1785490671,354211182,103.795,2.578,106.245,71.407,1
1785490671,387608398,123.322,4.688,127.892,104.763,1
1785490671,454403564,109.986,3.081,112.787,37.968,1
1785490671,487801514,131.8,2.525,134.189,71.323,1
1785490671,554597656,121.549,3.597,124.985,71.282,1
1785490671,621394287,115.039,5.978,120.899,71.24,1
1785490671,654792969,125.504,2.464,127.852,37.841,1
1785490671,721590820,127.616,2.403,129.901,104.555,1
1785490671,788389160,115.287,2.199,117.376,37.757,1
1785490671,855187988,99.399,3.075,102.272,37.715,1
1785490671,888587891,111.285,3.228,114.388,4.315,1
1785490671,921987793,127.261,2.668,129.803,104.431,1
1785490671,988787842,109.3,4.778,113.952,37.631,1
1785490672,22188232,134.073,5.351,139.296,70.988,1
1785490672,88989502,115.806,3.2,118.876,4.187,1
1785490672,155791260,91.906,2.177,93.969,70.898,1
1785490672,222592773,88.743,2.174,90.808,70.857,1
1785490672,289385498,97.184,11.579,108.637,70.889,1
1785490672,322819336,118.98,3.784,122.655,104.284,1
1785490672,389688965,105.124,15.342,120.303,37.415,1
1785490672,423124756,130.497,3.333,133.684,70.81,1
1785490672,489998291,115.388,2.95,118.222,70.771,1
1785490672,556874512,97.718,3.294,100.79,70.73,1
1785490672,590313721,120.87,2.805,123.538,104.131,1
1785490672,657194092,89.866,2.462,92.22,37.25,1
1785490672,724076904,113.295,2.377,115.558,37.21,1
1785490672,757519287,150.952,3.26,154.096,137.459,1
1785490672,857850586,99.006,2.854,101.738,37.128,1
1785490672,891295898,117.533,2.076,119.513,70.531,1
1785490672,958187988,96.565,2.248,98.681,70.492,1
1785490672,991635010,121.456,2.164,123.433,103.9,1
1785490673,58531250,100.513,3.132,103.334,37.004,1
1785490673,91980469,123.569,2.52,125.952,70.413,1
1785490673,158880615,118.04,3.709,121.641,70.372,1
1785490673,225783447,91.987,2.7,94.568,70.176,1
1785490673,292546387,89.702,2.017,91.624,69.994,1
1785490673,359170410,85.819,2.053,87.771,69.95,1
1785490673,425792725,90.953,2.316,93.144,69.906,1
1785490673,459103271,111.209,2.184,113.283,36.595,1
1785490673,492413574,145.051,2.062,147.008,69.862,1
1785490673,559032715,116.274,3.619,119.773,3.243,1
1785490673,625650146,94.284,2.441,96.599,69.774,1
1785490673,692266113,89.99,2.105,91.988,3.158,1
1785490673,758880615,97.523,2.686,100.066,69.686,1
1785490673,825493164,85.211,2.107,87.217,69.641,1
1785490673,892104492,82.864,2.159,84.922,69.597,1
1785490673,958713867,84.282,2.276,86.451,69.554,1
1785490674,25321777,83.31,2.001,85.213,69.51,1
1785490674,91928223,82.936,2.085,84.925,69.466,1
1785490674,158532959,84.548,2.222,86.667,69.421,1
1785490674,225135986,89.45,2.289,91.628,2.818,1
1785490674,258438477,103.953,3.336,107.161,-30.484,1
1785490674,291799561,120.333,3.808,124.017,-63.845,1
1785490674,358579834,108.383,2.277,110.519,69.479,1
1785490674,391969971,128.359,2.362,130.595,102.827,1
1785490674,458750732,118.432,2.97,121.126,102.785,1
1785490674,525531982,93.819,2.738,96.426,36.004,1
1785490674,558922607,117.048,4.81,121.739,69.352,1
1785490674,625704346,93.181,2.433,95.495,69.31,1
1785490674,692486328,107.018,2.754,109.637,69.268,1
1785490674,725877686,125.296,2.645,127.818,102.617,1
1785490674,792660156,120.369,2.947,123.172,102.575,1
1785490674,859443359,95.484,2.608,97.968,35.792,1
1785490674,926226807,92.103,2.313,94.233,35.75,1
1785490674,993010498,82.825,2.517,85.231,-31.034,1
1785490675,59794678,83.289,2.155,85.342,-97.818,1
1785490675,126579346,82.814,2.136,84.849,35.623,1
1785490675,193364258,81.515,2.192,83.59,-31.162,1
1785490675,260149658,90.788,2.934,93.584,35.538,1
1785490675,293545166,101.686,2.917,104.32,2.142,1
1785490675,360243408,90.824,2.201,92.846,68.757,1
1785490675,393592529,94.543,2.633,97.044,35.408,1
1785490675,460291504,88.291,2.393,90.563,35.365,1
1785490675,526990967,86.536,2.452,88.877,-31.334,1
1785490675,593690918,81.352,2.162,83.398,-98.034,1
1785490675,660391602,84.026,2.42,86.318,35.239,1
1785490675,693741943,129.578,2.675,132.141,68.547,1
1785490675,760443115,113.372,2.468,115.72,68.505,1
1785490675,827144775,95.199,2.403,97.473,68.463,1
1785490675,860495850,120.705,2.355,122.94,101.772,1
1785490675,893846924,130.037,4.595,134.489,68.421,1
1785490675,960549561,116.482,2.079,118.463,1.719,1
1785490676,27252930,107.381,3.673,110.92,-64.985,1
1785490676,60604736,120.557,2.203,122.623,101.646,1
1785490676,127308594,104.55,2.946,107.359,34.943,1
1785490676,160660645,126.935,3.131,129.926,68.253,1
1785490676,227365479,114.766,2.219,116.884,1.549,1
1785490676,294068848,97.128,5.17,102.169,68.243,1
1785490676,327457764,101.604,7.939,109.43,34.854,1
1785490676,394235596,85.23,2.163,87.291,-31.924,1
1785490676,461013916,86.072,2.109,88.074,34.769,1
1785490676,561181885,82.897,2.387,85.182,68.074,1
1785490676,627960938,87.155,2.244,89.296,68.032,1
1785490676,661350586,106.829,2.687,109.386,34.643,1
1785490676,728130371,110.848,5.262,115.855,-32.137,1
1785490676,761520264,131.551,2.756,134.178,-65.527,1
1785490676,828300293,120.016,2.313,122.214,67.906,1
1785490676,895080811,110.827,2.656,113.351,67.864,1
1785490676,961861816,96.061,4.559,100.487,67.821,1
1785490676,995252441,122.188,2.514,124.593,101.17,1
1785490677,62033691,103.25,5.562,108.685,34.389,1
1785490677,95424561,120.988,2.237,123.111,0.998,1
1785490677,162206543,104.407,2.778,107.045,67.695,1
1785490677,195597656,115.043,2.549,117.394,101.044,1
1785490677,295771484,87.994,2.095,89.988,67.678,1
1785490677,362620850,87.095,1.925,88.924,67.637,1
1785490677,429472412,87.409,2.202,89.499,67.597,1
1785490677,462899170,105.509,2.585,107.971,34.171,1
1785490677,496326416,121.661,2.689,124.214,0.743,1
1785490677,563182861,112.325,2.268,114.472,67.517,1
1785490677,630041504,93.116,6.858,99.83,67.477,1
1785490677,663471924,114.78,2.448,117.002,34.046,1
1785490677,730334229,137.758,2.674,140.288,100.828,1
1785490677,797198975,137.917,4.111,141.886,33.963,1
1785490677,864066162,123.48,12.488,135.848,100.75,1
1785490677,930935547,114.402,2.267,116.568,33.881,1
1785490677,997807617,103.432,2.606,105.901,-32.991,1
1785490678,31244385,122.232,3.133,125.224,67.236,1
1785490678,98119873,110.292,3.108,113.273,67.196,1
1785490678,164997803,84.609,2.607,87.111,67.156,1
1785490678,231878174,82.459,2.2,84.558,0.276,1
1785490678,298759277,83.834,2.28,85.936,66.952,1
1785490678,365521240,89.011,2.587,91.479,66.909,1
1785490678,398902100,105.155,2.472,107.503,33.528,1
1785490678,432283203,109.237,2.556,111.685,66.867,1
1785490678,532426270,77.253,2.308,79.442,33.443,1
1785490678,599188477,76.579,4.878,81.337,-33.319,1
1785490678,665950928,82.226,2.555,84.672,33.358,1
1785490678,732713379,82.619,4.022,86.51,33.316,1
1785490678,766094482,102.087,2.453,104.432,66.655,1
1785490678,799475830,120.618,2.4,122.89,99.994,1
1785490678,866238281,114.159,2.411,116.448,99.951,1
1785490678,933000977,86.599,2.383,88.881,33.188,1
1785490678,966382324,113.046,2.159,115.106,-0.193,1
1785490679,33145264,90.107,2.897,92.879,66.485,1
1785490679,66526611,114.707,4.428,119.006,99.824,1
1785490679,99908203,121.341,2.512,123.737,66.443,1
1785490679,200052490,86.187,1.992,88.025,33.018,1
1785490679,266815674,86.757,2.138,88.794,32.976,1
1785490679,333571045,94.252,5.783,99.891,32.927,1
1785490679,400318604,82.56,2.057,84.515,-33.821,1
1785490679,467065918,82.694,2.245,84.838,32.841,1
1785490679,533812988,82.668,2.218,84.784,32.798,1
1785490679,600559814,78.171,2.119,80.183,32.756,1
1785490679,667306641,79.544,2.617,82.052,32.713,1
1785490679,734053467,87.319,2.445,89.65,32.671,1
1785490679,767426514,112.406,3.454,115.739,-0.702,1
1785490679,834173096,85.145,2.293,87.336,65.959,1
1785490679,900919189,79.737,2.095,81.728,65.916,1
1785490679,967665283,80.37,2.162,82.419,65.874,1
1785490680,34411133,79.176,2.105,81.177,65.83,1
1785490680,101156738,79.57,2.235,81.554,-0.915,1
1785490680,167902344,78.261,2.442,80.594,65.745,1
1785490680,234647705,82.551,3.524,85.949,65.703,1
1785490680,268020264,96.438,9.064,105.279,32.33,1
1785490680,301392822,105.436,2.098,107.431,-1.042,1
1785490680,401501953,79.247,2.191,81.338,32.239,1
1785490680,468233643,85.885,4.457,90.215,32.196,1
1785490680,501599609,110.034,2.588,112.49,65.519,1
1785490680,568330811,92.18,3.328,95.27,65.476,1
1785490680,601696289,105.211,2.204,107.311,98.798,1
1785490680,635061523,128.744,5.69,134.27,65.433,1
1785490680,701791992,122.198,2.653,124.719,65.391,1
1785490680,768521729,106.32,2.004,108.223,-1.339,1
1785490680,835251221,89.811,2.088,91.802,-68.069,1
1785490680,901980225,82.785,2.088,84.761,65.261,1
1785490680,968708984,80.084,2.023,82.011,65.219,1
1785490681,35437012,82.13,1.947,83.98,65.176,1
1785490681,102164795,81.166,2.098,83.165,65.133,1
1785490681,168892090,80.022,2.251,82.154,65.09,1
1785490681,235618896,82.16,2.1,84.16,65.047,1
1785490681,302345215,92.441,5.656,97.966,65.015,1
1785490681,335708496,91.279,4.879,95.957,31.652,1
1785490681,435809326,83.693,2.204,85.783,64.919,1
1785490681,502535400,76.621,2.176,78.675,-1.807,1
1785490681,569260742,80.621,2.024,82.543,64.833,1
1785490681,635985596,86.256,2.071,88.219,64.79,1
1785490681,702709961,107.525,3.42,110.8,64.747,1
1785490681,736072021,102.378,2.599,104.764,31.385,1
1785490681,769433838,118.347,2.482,120.715,-1.977,1
1785490681,836156982,112.39,2.474,114.757,64.661,1
1785490681,902879639,81.847,2.521,84.257,64.618,1
1785490681,969601807,78.424,2.117,80.439,64.576,1
1785490682,36323486,76.189,2.713,78.805,64.532,1
1785490682,103044434,76.69,2.217,78.782,64.49,1
1785490682,169765137,76.977,2.174,79.05,64.446,1
1785490682,236485107,77.922,2.569,80.306,64.403,1
1785490682,303204590,77.626,2.133,79.618,64.36,1
1785490682,369920410,80.525,2.218,82.642,64.234,1
1785490682,436552490,89.296,2.62,91.779,64.19,1
1785490682,469868164,111.605,3.198,114.569,30.875,1
1785490682,536499023,84.657,2.229,86.783,-35.756,1
1785490682,603129395,84.078,2.206,86.18,30.789,1
1785490682,669759033,78.23,2.683,80.689,-35.84,1
1785490682,736387695,84.171,2.616,86.674,-102.469,1
1785490682,803015869,92.477,6.774,99.131,-169.097,1
1785490682,836329834,121.458,10.304,131.633,63.932,1
1785490682,902956787,116.843,3.381,120.1,63.889,1
1785490682,969583252,90.981,3.453,94.282,-2.737,1
1785490683,69521484,81.356,2.074,83.329,30.49,1
1785490683,136146240,81.55,2.067,83.516,30.447,1
1785490683,202770020,82.6,2.171,84.67,30.405,1
1785490683,269393311,92.001,2.113,94.008,30.362,1
1785490683,302704834,115.737,2.662,118.27,63.631,1
1785490683,369331787,102.741,2.508,105.125,63.684,1
1785490683,402692871,122.736,2.432,125.042,30.323,1
1785490683,469414795,113.108,2.412,115.406,96.958,1
1785490683,502775391,138.314,2.461,140.666,63.598,1
1785490683,569496338,112.591,2.205,114.696,-3.123,1
1785490683,636216797,93.182,2.725,95.774,-69.844,1
1785490683,669576660,113.099,2.271,115.263,96.828,1
1785490683,702936279,130.365,2.614,132.862,63.468,1
1785490683,769655518,116.82,2.394,119.081,63.425,1
1785490683,836373779,95.032,4.58,99.499,63.382,1
1785490683,869732666,114.502,2.739,117.057,96.698,1
1785490683,936450195,115.134,4.578,117.73,29.981,1
1785490684,3166992,86.554,2.276,88.631,-36.736,1
1785490684,69883301,85.023,2.163,87.069,29.895,1
1785490684,169956299,78.334,2.106,80.34,63.167,1
1785490684,236670898,87.872,2.09,89.84,63.123,1
1785490684,270028076,114.151,2.106,116.118,96.438,1
1785490684,336741699,93.13,3.813,96.795,29.724,1
1785490684,370089355,110.929,2.053,112.877,-3.624,1
1785490684,436636475,113.006,3.136,115.931,62.836,1
1785490684,503180664,91.207,2.912,93.987,62.79,1
1785490684,536451416,112.979,2.371,115.231,96.016,1
1785490684,602991211,85.46,2.26,87.616,29.476,1
1785490684,669528076,100.442,4.566,104.879,-37.061,1
1785490684,702795410,121.176,5.353,126.408,62.656,1
1785490684,769327881,98.084,2.567,100.496,-3.877,1
1785490684,835857178,80.631,2.366,82.756,-70.406,1
1785490684,902383789,79.051,2.765,81.705,62.521,1
1785490684,968907471,79.685,2.141,81.726,62.475,1
1785490685,35428223,83.079,2.209,85.186,62.43,1
1785490685,101945801,83.045,3.033,85.918,62.385,1
1785490685,168460693,83.576,2.193,85.668,62.34,1
1785490685,234972656,90.594,3.388,93.825,62.294,1
1785490685,268227295,117.866,2.365,120.114,95.504,1
1785490685,334734863,118.85,2.491,121.217,95.655,1
1785490685,401351563,91.455,2.421,93.687,29.039,1
1785490685,468052246,116.043,2.521,118.445,95.653,1
1785490685,534752197,99.618,6.386,105.862,28.953,1
1785490685,568101807,121.224,2.061,123.178,62.26,1
1785490685,634800293,94.436,2.44,96.741,62.216,1
1785490685,701497803,96.476,3.505,99.859,-4.481,1
1785490685,768194336,92.545,2.513,94.945,62.129,1
1785490685,834889893,88.094,2.172,90.164,62.086,1
1785490685,901584473,81.936,2.408,84.215,62.042,1
1785490685,968278076,81.639,2.227,83.743,62.0,1
1785490686,34970703,83.584,2.078,85.563,61.957,1
1785490686,101662354,82.313,2.216,84.428,61.913,1
1785490686,168353027,83.23,2.02,85.152,61.87,1
1785490686,235042725,85.235,2.12,87.242,61.826,1
1785490686,301731445,83.174,2.056,85.129,61.783,1
1785490686,368420654,85.184,2.092,87.174,61.819,1
1785490686,435194092,92.527,3.486,95.875,61.778,1
1785490686,468581055,112.014,2.399,114.287,95.124,1
1785490686,501968262,121.616,3.226,124.63,61.736,1
1785490686,568743896,98.214,2.34,100.44,61.695,1
1785490686,635520264,87.279,2.26,89.432,61.653,1
1785490686,702297607,92.528,2.662,95.065,61.612,1
1785490686,735686768,105.997,2.467,108.34,28.223,1
1785490686,769076172,113.8,1.996,115.7,61.57,1
1785490686,869246094,82.82,2.013,84.735,28.138,1
1785490686,936027100,83.687,2.236,85.815,28.096,1
1785490687,36200684,79.211,2.125,81.165,61.404,1
1785490687,102984375,80.239,2.243,82.381,61.363,1
1785490687,169769287,81.532,2.252,83.681,61.32,1
1785490687,236554932,85.862,2.215,87.977,61.279,1
1785490687,303341797,84.518,2.804,87.107,61.238,1
1785490687,370128906,89.717,2.786,92.386,61.182,1
1785490687,403515625,119.353,2.319,121.541,94.528,1
1785490687,436902588,131.647,2.79,134.3,61.141,1
1785490687,503677246,113.679,2.58,116.119,61.099,1
1785490687,570452881,91.36,3.656,94.876,61.058,1
1785490687,603841309,111.482,2.545,113.909,27.669,1
1785490687,637229736,116.723,2.433,119.048,-5.719,1
1785490687,737396729,94.578,3.155,97.596,27.585,1
1785490687,770786377,135.23,3.486,138.561,-5.804,1
1785490687,837566162,118.575,2.665,121.109,-72.584,1
1785490687,904347168,112.517,3.77,116.158,60.849,1
1785490687,971128906,100.428,2.364,102.672,60.808,1
1785490688,4520264,116.708,2.375,118.955,94.158,1
1785490688,71303955,97.955,2.264,100.099,27.374,1
1785490688,104696045,117.652,2.054,119.607,60.725,1
1785490688,171480957,103.781,4.249,107.883,60.683,1
1785490688,204874023,133.94,6.563,140.372,94.035,1
1785490688,271660645,116.326,3.036,119.228,93.993,1
1785490688,338448242,104.18,2.791,106.868,27.206,1
1785490688,371841553,117.998,2.115,119.95,-6.188,1
1785490688,505394775,82.556,1.939,84.4,60.464,1
1785490688,572172852,81.153,2.091,83.146,60.422,1
1785490688,638952148,78.227,2.163,80.288,-6.358,1
1785490688,705732666,80.721,2.81,83.416,60.339,1
1785490688,805905273,84.059,2.233,86.188,26.906,1
1785490688,872688232,78.935,2.098,80.927,26.865,1
1785490688,939472656,79.753,2.0,81.643,26.822,1
1785490689,6257813,85.299,2.038,87.233,26.781,1
1785490689,39650879,117.516,2.238,119.653,60.131,1
1785490689,106437744,102.017,5.247,107.122,60.09,1
1785490689,139831787,127.758,2.7,130.331,93.442,1
1785490689,206620361,120.67,2.031,122.603,93.402,1
1785490689,273409912,109.817,3.558,113.244,93.36,1
1785490689,306805176,118.969,3.209,121.856,59.965,1
1785490689,373595703,108.459,2.749,111.081,59.861,1
1785490689,440316406,98.931,3.208,102.028,59.808,1
1785490689,473671875,112.56,2.015,114.475,93.12,1
1785490689,540382080,106.917,2.241,109.042,93.076,1
1785490689,573736816,117.758,2.611,120.257,59.721,1
1785490689,640445557,109.115,3.458,112.437,59.678,1
1785490689,707153320,97.549,2.623,100.053,59.635,1
1785490689,740506836,121.438,2.325,123.644,92.945,1
1785490689,807213379,97.035,2.473,99.373,26.239,1
1785490689,873919189,82.733,2.324,84.946,26.195,1
1785490689,940623779,84.395,2.467,86.756,26.153,1
1785490690,7327637,85.374,3.082,88.346,26.11,1
1785490690,74030518,81.923,2.161,83.98,26.067,1
1785490690,140732666,81.746,2.199,83.843,26.025,1
1785490690,207433594,83.437,2.063,85.389,25.981,1
1785490690,307483643,79.747,2.061,81.703,59.245,1
1785490690,374182617,80.8,2.437,83.048,59.213,1
1785490690,440880371,79.652,4.965,84.505,59.075,1
1785490690,507483398,80.198,2.121,82.215,59.032,1
1785490690,574085205,78.453,2.242,80.592,58.989,1
1785490690,673985840,83.097,2.523,85.509,25.646,1
1785490690,740584717,101.685,2.108,103.681,25.602,1
1785490690,807182373,87.3,2.122,89.315,-40.995,1
1785490690,873779053,83.371,2.399,85.658,25.516,1
1785490690,940374268,90.965,2.868,93.7,25.474,1
1785490690,973671387,112.69,2.16,114.752,58.728,1
1785490691,40264893,101.313,3.538,104.716,58.685,1
1785490691,73561279,116.61,2.589,119.07,91.937,1
1785490691,140153076,107.199,3.0,110.085,91.893,1
1785490691,206743652,102.948,3.9,106.722,25.302,1
1785490691,240038330,117.603,2.321,119.747,-7.992,1
1785490691,306627197,103.171,2.154,105.209,58.51,1
1785490691,339921143,122.702,2.708,125.284,25.217,1
1785490691,406508057,112.226,7.784,117.4,-41.37,1
1785490691,439794922,130.896,4.692,135.422,-74.657,1
1785490691,473061035,139.199,5.055,144.128,91.597,1
1785490691,539590820,119.644,2.934,122.462,91.55,1
1785490691,606117188,91.098,3.107,94.071,25.023,1
1785490691,705901123,88.127,2.308,90.334,58.196,1
1785490691,772419678,89.634,2.037,91.577,58.151,1
1785490691,838935059,83.237,2.134,85.272,58.106,1
1785490691,905447266,81.027,2.289,83.204,58.061,1
1785490691,971956055,89.323,2.149,91.371,58.015,1
1785490692,5209473,107.877,1.99,109.764,91.223,1
1785490692,38461914,124.07,2.09,126.045,57.971,1
1785490692,104964355,115.597,1.998,117.498,57.925,1
1785490692,171463867,101.292,3.629,104.772,57.88,1
1785490692,204712158,122.65,3.018,125.53,91.082,1
1785490692,271206787,116.435,2.16,118.404,91.036,1
1785490692,337697998,117.615,4.353,121.839,90.99,1
1785490692,404186279,108.776,2.515,111.167,91.076,1
1785490692,437447021,122.48,3.115,125.471,57.816,1
1785490692,504064209,104.668,2.756,107.302,57.772,1
1785490692,570680420,92.237,2.057,94.191,57.729,1
1785490692,637295654,88.463,1.97,90.334,57.687,1
1785490692,703909912,87.568,2.269,89.728,57.643,1
1785490692,770523193,94.344,2.287,96.506,57.6,1
1785490692,803829346,120.327,4.51,124.724,90.862,1
1785490692,870441162,109.267,4.173,113.324,90.819,1
1785490692,903746826,152.149,2.279,154.32,124.08,1
1785490693,3662109,106.087,2.746,108.668,24.165,1
1785490693,36966553,117.737,2.129,119.768,-9.14,1
1785490693,103574951,115.534,4.8,120.2,57.383,1
1785490693,170182617,108.767,2.539,111.191,-9.224,1
1785490693,203485840,126.169,3.432,129.437,90.6,1
1785490693,270091797,119.593,4.226,123.698,90.557,1
1785490693,336697021,114.619,2.396,116.895,90.512,1
1785490693,369999023,125.302,2.47,127.656,57.21,1
1785490693,436616699,111.263,2.318,113.447,57.191,1
1785490693,469932129,124.043,2.85,126.772,90.463,1
1785490693,536562744,111.421,2.988,114.294,90.42,1
1785490693,569877686,117.713,2.145,119.755,57.105,1
1785490693,669821289,94.886,2.191,96.953,23.748,1
1785490693,736449707,93.966,6.6,100.439,-42.881,1
1785490693,803077148,91.961,4.809,96.646,23.662,1
1785490693,869703857,90.025,2.458,92.311,-42.965,1
1785490693,936329834,98.44,4.702,103.01,23.577,1
1785490694,2955322,92.533,3.07,95.408,23.534,1
1785490694,69579834,90.883,2.25,93.023,23.492,1
1785490694,136203613,88.885,2.4,90.983,23.449,1
1785490694,202826660,86.851,2.143,88.891,23.407,1
1785490694,269448975,87.667,2.039,89.605,-43.216,1
1785490694,336070557,86.567,2.222,88.622,23.322,1
1785490694,402692139,87.798,2.32,90.006,23.298,1
1785490694,469338623,97.293,3.72,100.866,23.245,1
1785490694,535984375,93.935,2.491,96.255,23.202,1
1785490694,602629883,89.863,2.894,92.585,-43.443,1
1785490694,669274658,92.879,2.837,95.582,23.117,1
1785490694,735919189,94.069,2.665,96.525,23.075,1
1785490694,802563232,93.52,2.402,95.819,23.031,1
1785490694,869206787,89.261,2.076,91.232,22.99,1
1785490694,935849854,90.195,2.236,92.326,22.946,1
1785490695,35813477,85.857,2.291,88.034,-10.417,1
1785490695,102455322,88.653,2.0,90.554,56.14,1
1785490695,169096680,91.208,2.198,93.294,56.096,1
1785490695,235737793,96.066,2.918,98.838,56.054,1
1785490695,269058105,105.354,2.3,107.554,22.734,1
1785490695,335698242,95.615,3.075,98.328,-43.906,1
1785490695,402338379,92.379,2.614,94.836,22.661,1
1785490695,469001221,91.27,2.539,93.701,22.615,1
1785490695,535664063,88.779,2.002,90.683,22.572,1
1785490695,602326660,92.17,2.856,94.906,22.53,1
1785490695,702320313,92.11,2.613,94.617,55.775,1
1785490695,768982422,94.329,2.202,96.419,55.732,1
1785490695,802313477,116.829,1.978,118.694,89.021,1
1785490695,835644287,132.401,2.362,134.639,55.69,1
1785490695,902306152,119.225,2.549,121.668,55.647,1
1785490695,968967773,104.673,2.265,106.833,-11.014,1
1785490696,2298340,118.78,2.285,120.967,-44.345,1
1785490696,68959717,104.808,2.428,107.089,88.851,1
1785490696,102290283,127.606,2.034,129.536,55.52,1
1785490696,168951416,109.015,2.417,111.31,-11.141,1
1785490696,202281982,133.684,2.379,135.943,-44.472,1
1785490696,268942627,122.868,2.345,125.093,88.722,1
1785490696,335603271,107.234,3.597,110.598,22.062,1
1785490696,368933594,128.986,2.889,131.712,-11.269,1
1785490696,435602295,117.089,3.025,119.764,-77.938,1
1785490696,468940674,135.198,2.971,138.029,88.616,1
1785490696,535617432,121.675,2.371,123.931,88.574,1
1785490696,568955811,133.781,7.897,141.547,55.235,1
1785490696,635632568,125.486,4.071,129.144,55.193,1
1785490696,702309570,108.907,4.964,113.746,-11.484,1
1785490696,735648193,130.431,4.216,134.521,88.447,1
1785490696,802325195,127.781,3.008,130.658,88.405,1
1785490696,869002197,107.761,4.462,112.089,88.362,1
1785490696,902340820,122.224,2.883,124.998,55.024,1
1785490697,2356689,88.995,2.052,90.945,-44.992,1
1785490697,69033936,88.011,2.153,90.059,21.6,1
1785490697,135711426,87.51,2.26,89.658,21.558,1
1785490697,202388916,92.472,3.229,95.586,21.515,1
1785490697,235727783,126.88,2.296,129.076,54.812,1
1785490697,302405273,122.629,2.861,125.377,54.769,1
1785490697,369083008,119.629,2.394,121.922,54.726,1
1785490697,435770508,103.739,6.302,109.919,54.701,1
1785490697,469119385,123.117,2.613,125.63,88.008,1
1785490697,535817383,107.532,2.752,110.159,87.966,1
1785490697,569166504,122.811,2.744,125.431,54.617,1
1785490697,635865234,119.636,7.669,127.162,54.575,1
1785490697,669214844,143.04,5.985,148.883,21.225,1
1785490697,735914307,131.517,7.405,138.789,87.841,1
1785490697,802614014,121.442,2.652,123.968,21.141,1
1785490697,869314453,101.239,3.384,104.503,-45.56,1
1785490697,902664795,107.703,3.197,110.692,54.406,1
1785490697,969365723,101.878,2.743,104.499,54.365,1
1785490698,2716553,116.167,2.778,118.827,87.673,1
1785490698,36067383,130.489,2.379,132.732,54.322,1
1785490698,102769287,122.031,3.928,125.771,54.281,1
1785490698,169471680,108.103,2.909,110.891,54.238,1
1785490698,202822998,128.019,2.157,130.078,20.887,1
1785490698,269526123,121.019,3.604,124.431,87.506,1
1785490698,336229736,117.853,2.213,119.962,87.455,1
1785490698,402933350,104.249,4.118,108.24,20.752,1
1785490698,436244629,134.735,2.525,137.131,-12.56,1
1785490698,502866211,122.315,3.235,125.426,53.959,1
1785490698,569485840,99.085,2.198,101.181,53.915,1
1785490698,602795166,129.051,2.881,131.814,87.18,1
1785490698,669412354,115.109,5.544,117.787,87.135,1
1785490698,702720215,157.115,2.893,159.877,120.399,1
1785490698,769335205,123.56,2.908,126.351,53.784,1
1785490698,835948242,108.516,2.463,110.854,53.74,1
1785490698,869254150,133.418,2.233,135.541,87.002,1
1785490698,935864990,116.113,2.561,118.552,86.957,1
1785490698,969169678,144.655,2.417,146.925,53.652,1
1785490699,35777832,125.33,3.102,128.277,-12.956,1
1785490699,102384277,109.533,2.272,111.662,53.565,1
1785490699,135687012,140.329,3.049,143.068,86.823,1
1785490699,202291016,144.113,2.819,146.645,86.779,1
1785490699,268893555,134.711,2.315,136.912,86.734,1
1785490699,335494385,118.828,3.982,122.635,86.711,1
1785490699,368794189,143.289,3.544,146.712,53.411,1
1785490699,435452148,125.614,2.795,128.235,-13.247,1
1785490699,502168213,113.193,2.743,115.81,53.4,1
1785490699,568885254,98.305,2.035,100.225,53.358,1
1785490699,635602783,95.507,2.139,97.536,53.317,1
1785490699,702321289,101.382,3.017,104.275,53.274,1
1785490699,735680664,113.079,2.293,115.258,86.593,1
1785490699,835760254,90.573,2.316,92.787,53.19,1
1785490699,902480957,91.447,2.091,93.432,53.149,1
1785490699,969202393,92.594,2.693,95.181,53.107,1
1785490700,35924561,90.831,2.151,92.882,53.065,1
1785490700,102647461,89.795,2.069,91.767,53.023,1
1785490700,169371094,90.559,2.221,92.673,52.981,1
1785490700,236095459,99.132,4.201,103.211,52.939,1
1785490700,269458008,112.769,9.767,122.417,86.26,1
1785490700,336183594,101.173,2.187,103.238,19.535,1
1785490700,402909180,98.417,2.39,100.686,19.476,1
1785490700,469545166,93.918,2.044,95.859,19.423,1
1785490700,536179688,90.193,2.05,92.139,19.38,1
1785490700,602812988,89.829,2.719,92.435,19.338,1
1785490700,669444824,115.001,2.947,117.826,85.882,1
1785490700,702760010,126.488,2.779,129.13,52.567,1
1785490700,769389893,104.543,3.951,108.061,52.524,1
1785490700,802704102,123.568,2.827,126.277,85.794,1
1785490700,869331787,95.882,2.756,98.518,19.166,1
1785490700,935958008,92.461,2.18,94.538,-47.46,1
1785490701,2582764,90.717,2.09,92.703,19.08,1
1785490701,69206055,89.971,2.057,91.909,19.038,1
1785490701,135828125,89.822,1.988,91.708,-47.584,1
1785490701,202448730,90.243,2.326,92.465,-114.205,1
1785490701,302376953,90.692,3.398,93.949,52.176,1
1785490701,335685791,128.001,2.382,130.2,85.453,1
1785490701,368994141,152.428,3.351,155.659,119.036,1
1785490701,435739014,147.618,3.209,150.548,119.125,1
1785490701,502613525,128.853,2.612,131.314,52.251,1
1785490701,569490967,115.933,2.456,118.281,52.211,1
1785490701,602930908,163.305,2.474,165.662,18.771,1
1785490701,703254395,108.75,2.726,111.35,-81.552,1
1785490701,736697021,138.571,2.991,141.393,85.532,1
1785490701,803584473,123.728,2.08,125.709,85.494,1
1785490701,870474365,105.754,3.23,108.847,85.455,1
1785490701,903920654,123.885,2.325,126.034,52.008,1
1785490701,970814941,104.878,2.854,107.593,-14.886,1
1785490702,4263184,122.749,4.314,126.937,85.377,1
1785490702,71161621,96.696,3.144,99.692,18.479,1
1785490702,138062988,91.462,2.449,93.786,18.437,1
1785490702,204967285,89.726,2.506,92.062,18.395,1
1785490702,271874023,91.409,2.235,93.479,18.353,1
1785490702,338783936,88.026,4.875,92.788,18.311,1
1785490702,405693604,90.367,2.495,92.757,18.205,1
1785490702,472415771,91.765,2.618,94.185,-48.517,1
1785490702,539138672,87.691,2.122,89.709,-115.24,1
1785490702,605862549,88.06,2.334,90.281,18.09,1
1785490702,672587158,95.576,3.347,98.806,18.048,1
1785490702,739312744,102.936,2.345,105.16,84.689,1
1785490702,806039307,102.488,2.412,104.772,84.648,1
1785490702,872766602,91.123,2.333,93.354,17.921,1
1785490702,939494873,91.057,2.362,93.316,-48.807,1
1785490703,6223877,88.654,2.364,90.847,17.836,1
1785490703,72953857,87.615,2.282,89.678,17.794,1
1785490703,139684570,88.072,2.189,90.157,17.752,1
1785490703,206416260,88.65,2.516,91.016,17.709,1
1785490703,273148682,92.456,2.732,94.888,17.667,1
1785490703,339882080,92.862,7.202,98.84,17.626,1
1785490703,406615967,97.551,2.618,99.895,17.57,1
1785490703,473354004,106.394,3.964,110.232,84.238,1
1785490703,540093018,91.312,2.681,93.872,17.499,1
1785490703,606833252,88.02,2.684,90.603,17.458,1
1785490703,673574707,88.297,2.964,90.98,17.415,1
1785490703,740317383,91.989,2.494,94.36,-49.328,1
1785490703,807061279,97.51,2.134,99.546,17.33,1
1785490703,873806152,89.669,2.133,91.695,17.289,1
1785490703,940552246,88.341,2.813,91.046,17.246,1
1785490704,7299561,87.717,2.19,89.787,17.204,1
1785490704,74047852,86.83,2.144,88.865,-49.544,1
1785490704,140797607,88.633,2.56,90.961,17.12,1
1785490704,207548340,87.089,2.442,89.425,17.077,1
1785490704,274300049,88.25,2.53,90.663,17.035,1
1785490704,341053223,89.125,2.472,91.494,16.992,1
1785490704,407806641,89.178,2.526,91.592,16.936,1
1785490704,474559326,96.853,2.115,98.867,16.907,1
1785490704,541313477,91.182,5.805,96.873,16.866,1
1785490704,608069092,88.569,2.111,90.577,16.823,1
1785490704,674825928,103.633,2.487,106.001,83.498,1
1785490704,708205078,124.444,2.777,127.1,50.119,1
1785490704,774964111,123.376,3.213,126.297,50.077,1
1785490704,841724609,114.804,4.257,118.927,-16.683,1
1785490704,875105469,135.293,2.157,137.336,83.375,1
1785490704,941868164,113.716,3.008,116.584,83.335,1
1785490704,975250000,121.845,2.329,124.079,49.953,1
1785490705,75397705,89.578,2.457,91.912,16.529,1
1785490705,142164795,88.276,2.213,90.387,16.487,1
1785490705,208933105,87.162,2.582,89.588,16.444,1
1785490705,275702881,97.703,5.188,102.774,16.403,1
1785490705,309088379,110.427,9.742,120.045,-16.983,1
1785490705,342474121,122.044,4.684,126.592,83.074,1
1785490705,409246094,104.729,2.267,106.895,16.302,1
1785490705,442635498,152.503,3.137,155.504,116.407,1
1785490705,542807129,94.374,2.726,96.989,16.235,1
1785490705,609590576,88.593,2.092,90.573,-50.548,1
1785490705,676376221,93.564,2.342,95.775,16.151,1
1785490705,743163818,91.436,3.281,94.595,16.108,1
1785490705,809953369,91.998,2.808,94.682,16.067,1
1785490705,876744873,88.425,2.474,90.784,16.024,1
1785490705,943538330,88.267,2.5,90.651,15.983,1
1785490706,10333984,87.726,2.279,89.897,15.941,1
1785490706,77131348,85.256,2.41,87.525,15.899,1
1785490706,143930908,85.051,2.312,87.197,15.857,1
1785490706,210732422,87.247,1.945,89.096,15.815,1
1785490706,277535889,89.808,2.381,92.061,15.773,1
1785490706,344341553,85.725,2.218,87.837,15.73,1
1785490706,411147949,86.29,2.591,88.676,-51.076,1
1785490706,478003662,101.574,7.639,109.094,82.473,1
1785490706,511432129,126.82,3.051,129.624,49.044,1
1785490706,578290283,106.762,2.7,109.341,49.002,1
1785490706,611720215,129.705,2.523,132.109,82.392,1
1785490706,678581055,113.904,2.971,116.751,82.351,1
1785490706,712011963,147.519,3.409,150.807,115.742,1
1785490706,778875488,121.39,2.306,123.571,48.879,1
1785490706,845740723,106.081,2.44,108.378,48.837,1
1785490706,879173828,123.634,2.403,125.907,82.23,1
1785490706,946041748,105.505,2.517,107.885,82.189,1
1785490706,979476318,118.966,3.675,122.432,48.754,1
1785490707,46346680,102.583,3.326,105.746,-18.116,1
1785490707,79782471,121.114,4.052,125.045,82.108,1
1785490707,146655518,104.579,5.901,110.153,82.068,1
1785490707,180092773,119.616,3.262,122.236,48.631,1
1785490707,246968262,103.656,3.078,106.514,48.589,1
1785490707,280406738,130.106,2.716,132.67,15.151,1
1785490707,347284912,120.136,2.337,122.35,81.913,1
1785490707,414163086,104.342,2.605,106.708,81.815,1
1785490707,480958984,101.505,2.39,103.76,81.835,1
1785490707,514387695,115.248,2.343,117.483,48.406,1
1785490707,614676758,84.725,2.796,87.401,14.934,1
1785490707,681538086,87.166,6.408,93.452,14.893,1
1785490707,748401123,100.834,6.129,106.845,81.673,1
1785490707,781833252,137.815,2.508,140.212,115.064,1
1785490707,815265625,138.227,2.372,140.488,81.632,1
1785490707,915565918,86.885,2.547,89.23,48.158,1
1785490707,982434814,84.534,2.504,86.907,48.116,1
1785490708,49305420,82.399,2.168,84.464,48.075,1
1785490708,116177734,81.187,2.116,83.199,48.033,1
1785490708,183051514,80.709,2.76,83.361,47.992,1
1785490708,249927246,83.093,2.425,85.407,47.95,1
1785490708,316804443,86.138,2.041,88.073,47.91,1
1785490708,383683350,85.467,2.204,87.568,47.868,1
1785490708,450562500,84.075,3.572,87.53,47.673,1
1785490708,517229248,86.833,2.14,88.875,47.63,1
1785490708,583895264,81.982,2.116,83.997,47.587,1
1785490708,650560547,85.524,2.19,87.49,47.544,1
1785490708,717224854,93.683,2.378,95.925,47.501,1
1785490708,750556641,120.067,2.332,122.299,80.79,1
1785490708,817219727,107.978,2.99,110.847,80.746,1
1785490708,850551025,122.053,5.671,127.588,47.415,1
1785490708,917212646,107.042,1.972,108.893,47.372,1
1785490708,950543457,118.83,2.65,121.352,14.042,1
1785490709,17203857,98.803,6.044,103.911,80.616,1
1785490709,50533936,115.435,2.582,117.894,47.286,1
1785490709,117193115,101.851,2.724,104.45,47.242,1
1785490709,150522461,122.982,2.295,125.151,80.529,1
1785490709,217180420,97.926,2.912,100.705,80.485,1
1785490709,283837402,92.473,2.445,94.796,80.442,1
1785490709,350493896,102.449,5.465,107.796,80.398,1
1785490709,417149170,94.016,2.24,96.119,80.366,1
1785490709,483812012,90.728,2.238,92.788,13.703,1
1785490709,550479980,84.374,2.615,86.855,13.66,1
1785490709,583813477,117.728,2.413,120.011,46.952,1
1785490709,650480225,106.406,4.216,110.492,46.908,1
1785490709,683813232,137.482,4.266,141.609,80.198,1
1785490709,750478760,125.706,2.637,128.227,80.155,1
1785490709,817143555,104.351,2.928,107.148,80.111,1
1785490709,850475586,118.101,8.986,126.84,46.779,1
1785490709,917138916,107.633,7.602,115.107,-19.884,1
1785490709,950470459,136.765,2.289,138.947,80.024,1
1785490710,17132568,117.157,2.415,119.447,79.982,1
1785490710,83793945,98.278,2.5,100.646,79.938,1
1785490710,117124268,115.934,5.068,120.871,46.607,1
1785490710,183784424,96.051,6.324,102.239,46.565,1
1785490710,217114258,110.714,2.975,113.567,79.851,1
1785490710,283773193,89.763,2.146,91.804,13.192,1
1785490710,350431396,83.919,3.012,86.8,-53.466,1
1785490710,417088623,94.15,2.344,96.378,79.733,1
1785490710,450417969,133.311,3.048,136.234,113.031,1
1785490710,517089355,116.69,5.638,122.143,46.36,1
1785490710,583760254,103.401,3.14,106.405,46.317,1
1785490710,617095215,129.375,2.903,132.146,79.609,1
1785490710,683764648,138.844,3.575,142.279,12.939,1
1785490710,750433350,120.928,2.38,123.189,-53.729,1
1785490710,817101318,103.398,3.837,107.097,79.479,1
1785490710,850435059,116.733,3.411,120.004,46.145,1
1785490710,917101807,103.59,5.058,108.526,-20.521,1
1785490710,950435059,131.065,2.704,133.622,79.392,1
1785490711,17100586,122.47,4.466,126.466,79.348,1
1785490711,83765381,117.439,6.303,123.624,79.305,1
1785490711,117097412,125.587,2.798,128.252,45.973,1
1785490711,183760986,122.316,5.658,127.852,45.93,1
1785490711,250423828,101.46,5.767,107.05,45.887,1
1785490711,283754883,124.709,2.776,127.347,12.556,1
1785490711,350416504,120.137,2.249,122.285,-54.105,1
1785490711,417077393,99.317,2.161,101.364,-120.766,1
1785490711,450408447,134.989,2.403,137.271,112.387,1
1785490711,517075684,120.069,3.353,123.272,45.72,1
1785490711,583741943,95.377,2.893,98.149,-20.946,1
1785490711,617074707,142.382,2.312,144.586,78.967,1
1785490711,683739746,148.985,3.286,151.94,78.924,1
1785490711,783735840,113.637,2.981,116.498,-21.072,1
1785490711,817067383,126.77,3.099,129.75,78.837,1
1785490711,883729980,118.858,2.146,120.893,78.793,1
1785490711,950391602,103.404,2.68,105.966,78.75,1
1785490711,983722168,116.89,4.805,121.547,45.419,1
1785490712,50382568,96.845,2.306,99.037,-21.241,1
1785490712,83712646,117.586,2.536,119.841,78.663,1
1785490712,150371826,105.468,2.6,107.948,78.619,1
1785490712,183700928,136.701,5.042,141.611,111.906,1
1785490712,250358887,118.846,4.381,122.909,45.248,1
1785490712,317016113,97.274,2.598,99.754,-21.41,1
1785490712,350344238,123.105,2.479,125.461,78.49,1
1785490712,417000000,98.896,2.528,101.3,78.56,1
1785490712,483739502,96.385,2.664,98.929,78.601,1
1785490712,517150635,118.521,2.607,121.006,45.19,1
1785490712,583974121,106.29,2.801,108.938,45.147,1
1785490712,617386230,128.855,2.683,131.416,78.519,1
1785490712,684211182,123.014,3.36,126.254,11.694,1
1785490712,751037354,119.556,2.525,121.96,78.436,1
1785490712,817864746,111.649,2.218,113.758,11.609,1
1785490712,851278809,128.591,2.821,131.275,111.768,1
1785490712,918107910,117.461,3.132,120.461,44.939,1
1785490712,984938232,101.855,4.621,106.351,44.898,1
1785490713,18353760,117.504,2.653,120.039,78.271,1
1785490713,85185547,91.088,2.201,93.184,11.439,1
1785490713,152018799,89.966,2.129,91.983,-55.394,1
1785490713,218852783,82.487,2.443,84.803,-122.228,1
1785490713,285688232,82.402,2.799,85.072,11.313,1
1785490713,352524658,87.595,2.206,89.62,11.27,1
1785490713,419362305,85.967,1.959,87.827,-55.568,1
1785490713,486107178,86.596,2.527,89.008,11.154,1
1785490713,519433594,106.536,3.786,110.185,-22.173,1
1785490713,552759766,129.267,5.004,134.128,77.72,1
1785490713,619411377,115.464,3.428,118.76,77.677,1
1785490713,652736816,137.644,5.409,142.928,110.958,1
1785490713,719386719,137.367,7.682,144.935,110.914,1
1785490713,786035645,107.416,3.883,111.155,44.265,1
1785490713,852683594,90.925,2.188,93.009,-22.383,1
1785490713,919330322,84.633,2.521,86.939,44.179,1
1785490713,985976074,89.861,3.107,92.838,44.136,1
1785490714,19298340,110.48,2.428,112.781,77.415,1
1785490714,52620605,115.14,3.002,118.02,44.093,1
1785490714,152585449,85.047,2.59,87.515,10.729,1
1785490714,219227295,84.611,2.599,87.097,10.686,1
1785490714,285868164,83.714,2.874,86.389,-55.955,1
1785490714,352508057,84.524,2.73,87.138,-122.595,1
1785490714,419146729,86.032,2.014,87.931,-189.234,1
1785490714,485793457,89.809,1.898,91.614,77.128,1
1785490714,552446289,83.808,2.748,86.436,10.475,1
1785490714,619097900,84.97,2.502,87.355,-56.176,1
1785490714,685748779,90.409,4.552,94.843,10.39,1
1785490714,719073486,119.508,2.02,121.433,-22.935,1
1785490714,819046631,89.061,2.432,91.38,10.305,1
1785490714,852370605,126.473,2.166,128.53,110.189,1
1785490714,919017334,96.69,3.273,99.8,43.543,1
1785490714,985663086,101.518,2.034,103.392,43.499,1
1785490715,85629639,85.955,2.199,88.05,10.135,1
1785490715,152272705,84.225,2.853,86.956,10.091,1
1785490715,218914551,83.881,2.697,86.456,10.049,1
1785490715,285555420,84.659,2.881,87.256,10.006,1
1785490715,352195068,90.452,2.053,92.407,76.561,1
1785490715,418833740,90.073,1.919,91.896,76.529,1
1785490715,485481445,90.228,1.965,92.101,76.494,1
1785490715,552136475,86.745,2.014,88.657,9.839,1
1785490715,618790527,86.613,2.018,88.53,9.796,1
1785490715,685443359,109.927,2.413,112.228,76.363,1
1785490715,718769287,132.649,2.297,134.82,109.646,1
1785490715,785420898,120.558,2.279,122.649,42.994,1
1785490715,852071045,104.226,2.832,106.805,42.951,1
1785490715,885395996,127.914,3.223,131.011,76.232,1
1785490715,952044678,121.342,2.634,123.839,76.188,1
1785490716,18692627,95.502,2.405,97.793,9.541,1
1785490716,85339355,90.311,3.545,93.723,76.101,1
1785490716,118662354,105.648,2.834,108.354,42.778,1
1785490716,185307617,101.221,2.656,103.75,42.736,1
1785490716,218629883,123.264,3.482,126.618,76.014,1
1785490716,285273438,109.856,6.884,116.628,75.971,1
1785490716,318594971,130.988,2.606,133.379,109.248,1
1785490716,351916260,151.298,5.599,156.77,75.927,1
1785490716,418557861,128.385,4.419,132.678,75.892,1
1785490716,485205566,120.112,4.44,123.192,75.854,1
1785490716,551857666,109.107,2.411,111.399,75.811,1
1785490716,585183350,124.591,2.033,126.525,42.485,1
1785490716,651833984,127.28,2.557,129.722,-24.166,1
1785490716,718483398,116.903,2.759,119.528,-90.815,1
1785490716,785131592,103.262,2.201,105.338,42.356,1
1785490716,885102051,87.067,2.048,88.974,8.989,1
1785490716,951747559,91.207,2.009,93.121,75.548,1
1785490717,18391846,87.146,1.992,89.038,8.904,1
1785490717,85035156,87.397,2.099,89.389,8.862,1
1785490717,151677490,86.339,2.119,88.356,8.819,1
1785490717,218318604,88.917,2.148,90.958,8.776,1
1785490717,284958496,90.695,2.067,92.664,-57.864,1
1785490717,351597412,97.128,2.789,99.793,75.286,1
1785490717,384916504,113.065,3.767,116.618,41.967,1
1785490717,451554443,107.911,2.772,110.539,41.987,1
1785490717,484922363,131.696,2.397,133.968,75.313,1
1785490717,551659424,120.199,2.011,122.111,75.272,1
1785490717,618397217,112.322,8.646,120.842,75.231,1
1785490717,651766602,126.341,2.456,128.688,41.861,1
1785490717,718506348,113.111,3.482,116.456,-24.878,1
1785490717,751876709,144.378,2.826,146.96,-58.249,1
1785490717,818617920,143.474,2.295,145.65,-124.99,1
1785490717,885360352,126.426,5.646,131.939,75.066,1
1785490717,952104004,108.518,2.824,111.224,75.025,1
1785490717,985476074,128.614,3.457,131.941,41.653,1
1785490718,52221436,103.571,2.715,106.154,-25.093,1
1785490718,118967773,90.532,2.246,92.677,-91.839,1
1785490718,185715088,87.175,2.257,89.324,41.528,1
1785490718,252463623,88.005,2.555,90.449,-25.221,1
1785490718,319213379,87.185,2.149,89.233,-91.97,1
1785490718,385964111,94.765,2.365,97.001,41.402,1
1785490718,419340088,125.143,2.272,127.299,74.683,1
1785490718,486049316,121.323,2.388,123.609,74.598,1
1785490718,552716309,100.591,2.414,102.884,74.555,1
1785490718,586049316,121.789,4.231,125.856,41.222,1
1785490718,652715088,101.558,2.466,103.917,-25.444,1
1785490718,686047607,127.569,2.465,129.932,-58.777,1
1785490718,752711914,120.017,3.882,123.204,74.424,1
1785490718,819375488,102.028,2.522,104.432,74.381,1
1785490718,852707031,120.328,2.26,122.486,41.05,1
1785490718,952700195,91.295,2.093,93.282,74.294,1
1785490719,19361084,91.513,2.344,93.733,74.25,1
1785490719,86021240,91.096,1.889,92.892,74.208,1
1785490719,152680664,86.672,2.191,88.758,7.548,1
1785490719,219339111,86.595,2.021,88.515,7.505,1
1785490719,319325439,88.067,2.35,90.309,40.749,1
1785490719,385981689,90.56,2.207,92.665,40.706,1
1785490719,452637939,90.049,3.346,93.278,40.673,1
1785490719,519307861,90.57,2.016,92.484,40.629,1
1785490719,585977295,89.522,2.138,91.557,40.587,1
1785490719,652645752,91.037,2.748,93.677,-26.082,1
1785490719,719313477,97.488,3.868,101.17,40.501,1
1785490719,752647217,124.223,2.196,126.297,73.791,1
1785490719,819313721,112.68,5.816,118.371,73.748,1
1785490719,852646729,126.707,2.036,128.652,107.037,1
1785490719,952644287,96.107,3.852,99.697,73.661,1
1785490719,985976563,102.798,2.949,105.621,40.329,1
1785490720,52640137,91.941,2.249,94.087,40.286,1
1785490720,119303223,95.483,2.013,97.396,40.243,1
1785490720,152634277,112.074,2.935,114.893,73.531,1
1785490720,185965332,132.408,2.49,134.765,106.819,1
1785490720,252626709,115.055,6.767,121.683,40.157,1
1785490720,285957031,135.471,2.389,137.733,73.444,1
1785490720,352616943,123.411,2.403,125.69,73.401,1
1785490720,419276367,111.873,2.52,114.242,73.364,1
1785490720,452606201,136.068,2.648,138.586,106.66,1
1785490720,485940674,156.616,2.189,158.688,139.95,1
1785490720,585942627,105.354,3.406,108.628,39.948,1
1785490720,619276123,130.15,4.029,133.942,6.615,1
1785490720,685942871,130.988,2.853,133.697,-60.052,1
1785490720,752608398,119.816,2.226,121.927,-126.718,1
1785490720,819273438,103.701,2.547,106.127,73.11,1
1785490720,852605469,123.811,3.079,126.777,106.398,1
1785490720,919269287,116.989,4.94,121.808,39.734,1
1785490720,952600830,141.261,2.903,144.045,73.023,1
1785490721,19263184,128.198,2.318,130.274,72.979,1
1785490721,85924805,111.871,2.56,114.312,72.936,1
1785490721,119255127,129.164,2.56,131.571,106.223,1
1785490721,185915527,125.381,4.316,129.344,106.179,1
1785490721,252575195,111.759,3.116,114.745,39.52,1
1785490721,285904541,130.527,11.21,141.615,6.19,1
1785490721,352562744,127.448,2.995,130.291,-60.468,1
1785490721,419220215,110.489,2.501,112.862,72.726,1
1785490721,452549072,136.278,2.778,138.927,106.021,1
1785490721,519216064,116.749,4.583,121.102,39.354,1
1785490721,552549072,123.847,2.606,126.273,72.644,1
1785490721,619214844,115.234,1.998,117.129,72.601,1
1785490721,652547363,134.537,2.22,136.642,105.889,1
1785490721,719211914,127.476,2.534,129.852,105.846,1
1785490721,785875488,103.342,2.209,105.447,39.182,1
1785490721,819207031,122.73,2.106,124.737,72.47,1
1785490721,885869141,104.441,4.577,108.884,72.427,1
1785490721,919199951,130.415,2.799,133.093,105.715,1
1785490721,985861084,111.819,7.967,119.619,39.054,1
1785490722,19191406,127.116,2.509,129.379,72.341,1
1785490722,85851074,96.469,3.303,99.672,72.298,1
1785490722,152510010,91.927,1.995,93.822,72.254,1
1785490722,219167969,90.714,2.228,92.829,72.211,1
1785490722,252496826,110.436,3.193,113.502,38.882,1
1785490722,285825195,124.606,2.123,126.621,5.554,1
1785490722,352481689,110.147,2.081,112.129,72.124,1
1785490722,385809570,135.314,2.592,137.753,105.425,1
1785490722,452465088,126.636,2.459,128.974,38.769,1
1785490722,519177246,110.809,2.909,113.51,-27.943,1
1785490722,552554443,127.393,3.43,130.617,72.104,1
1785490722,619309814,126.767,5.338,131.987,72.064,1
1785490722,686066650,120.281,5.666,125.825,5.307,1
1785490722,752824951,99.704,2.895,102.48,71.982,1
1785490722,819584473,108.911,2.585,111.361,71.94,1
1785490722,852964844,125.373,3.577,128.821,105.281,1
1785490722,919726807,103.66,2.578,106.11,38.519,1
1785490722,953108154,122.354,2.564,124.778,71.858,1
1785490723,19872314,97.289,4.954,102.118,71.818,1
1785490723,86637695,95.697,2.074,97.669,71.776,1
1785490723,153404541,93.676,1.954,95.532,71.736,1
1785490723,220172852,91.551,1.958,93.412,71.695,1
1785490723,286942627,90.336,2.314,92.546,4.925,1
1785490723,353713867,90.035,2.186,92.118,-61.846,1
1785490723,420486572,97.243,3.084,100.202,71.572,1
1785490723,453873291,127.369,3.729,130.767,105.078,1
1785490723,520716064,98.245,2.03,100.176,38.235,1
1785490723,587652832,91.486,1.887,93.266,-28.701,1
1785490723,654593750,95.239,3.025,98.138,38.155,1
1785490723,688065674,110.296,3.122,113.302,71.587,1
1785490723,721538574,124.23,3.472,127.541,105.023,1
1785490723,788487305,103.192,4.111,107.169,38.074,1
1785490723,821963379,120.437,2.619,122.936,4.598,1
1785490723,888917969,95.117,2.273,97.273,71.472,1
1785490723,955876709,94.964,3.872,98.704,71.433,1
1785490723,989357666,125.146,2.349,127.327,104.877,1
1785490724,56322266,91.697,3.436,93.896,37.912,1
1785490724,123290771,88.142,2.178,90.218,-29.056,1
1785490724,190263428,88.839,2.147,90.883,37.831,1
1785490724,257239746,89.523,2.198,91.599,37.791,1
1785490724,324220215,89.04,2.303,91.227,-29.19,1
1785490724,391204834,89.77,2.281,91.948,-96.175,1
1785490724,458193115,100.394,12.203,112.447,37.669,1
1785490724,491688721,110.768,2.6,113.252,70.963,1
1785490724,525109619,128.842,2.593,131.271,104.344,1
1785490724,591951904,106.256,6.496,112.432,37.501,1
1785490724,625373779,127.847,2.659,130.374,4.08,1
1785490724,692218262,122.999,2.653,125.542,70.841,1
1785490724,725641357,155.59,2.562,158.034,104.223,1
1785490724,825912109,120.224,3.007,123.098,70.759,1
1785490724,892761230,92.757,2.183,94.842,70.718,1
1785490724,959611816,94.259,3.366,97.46,70.677,1
1785490724,993037598,121.816,2.224,123.928,37.251,1
1785490725,59890381,101.561,8.763,110.181,37.21,1
1785490725,93317383,116.948,2.629,119.454,70.594,1
1785490725,160172363,100.521,3.786,104.015,70.554,1
1785490725,193600342,122.419,3.607,125.881,103.941,1
1785490725,260457764,102.785,3.67,106.319,37.084,1
1785490725,293886963,132.898,5.252,137.968,70.472,1
1785490725,360746338,112.04,2.82,114.745,70.43,1
1785490725,427607178,120.567,2.758,123.208,70.382,1
1785490725,494468018,118.139,4.173,122.172,70.31,1
1785490725,561294922,90.657,2.17,92.726,70.269,1
1785490725,628123047,91.807,2.293,93.979,70.227,1
1785490725,694952393,92.09,9.525,101.434,70.186,1
1785490725,728367432,124.713,2.205,126.707,36.771,1
1785490725,795198730,102.242,2.459,104.598,-30.06,1
1785490725,828614746,123.38,3.795,127.03,70.104,1
1785490725,895447510,107.559,2.559,109.881,70.062,1
1785490725,928864502,124.097,2.743,126.632,103.438,1
1785490725,995699463,98.641,5.038,103.542,36.603,1
1785490726,29117188,117.082,2.947,119.899,3.186,1
1785490726,95953857,106.506,2.061,108.456,69.938,1
1785490726,129372559,116.371,1.961,118.23,103.317,1
1785490726,196210938,100.775,2.481,103.1,36.478,1
1785490726,229630615,130.54,6.486,136.873,69.856,1
1785490726,296470947,111.439,2.213,113.551,3.015,1
1785490726,363312500,101.344,2.685,103.89,69.773,1
1785490726,396733643,120.457,2.206,122.543,103.148,1
1785490726,463576904,121.237,2.084,123.219,102.914,1
1785490726,530325684,104.223,2.24,106.347,36.165,1
1785490726,563653320,134.514,3.965,138.342,69.45,1
1785490726,630307617,122.389,2.844,125.093,2.795,1
1785490726,696961182,105.487,2.125,107.508,69.363,1
1785490726,730287354,122.057,2.671,124.603,102.645,1
1785490726,796939209,107.453,2.661,109.908,35.993,1
1785490726,830264648,141.732,1.968,143.602,69.276,1
1785490726,896915039,127.752,2.217,129.858,69.231,1
1785490726,963564209,119.793,3.018,122.689,69.188,1
1785490727,30212402,96.198,2.647,98.595,69.145,1
1785490727,130182861,81.814,2.284,83.983,-30.826,1
1785490727,196828613,82.227,2.302,84.427,-97.472,1
1785490727,263473145,86.649,2.058,88.582,35.692,1
1785490727,330116699,83.871,2.657,86.408,35.65,1
1785490727,396759277,85.568,2.2,87.663,35.606,1
1785490727,463400879,92.198,3.829,95.894,-31.035,1
1785490727,496722412,114.755,3.473,117.883,69.014,1
1785490727,563530273,94.851,3.611,98.329,68.973,1
1785490727,596934570,111.547,2.794,114.209,35.568,1
1785490727,630339111,118.522,3.006,121.402,68.931,1
1785490727,697148926,133.421,6.677,139.597,68.889,1
1785490727,763959473,135.655,3.402,138.926,2.079,1
1785490727,797365234,178.331,2.56,180.776,102.212,1
1785490727,897583496,125.661,2.36,127.912,1.994,1
1785490727,964396973,118.283,3.344,121.479,68.723,1
1785490728,31211182,105.773,3.684,109.339,68.681,1
1785490728,64618652,125.901,5.793,131.461,102.047,1
1785490728,131434326,114.636,2.269,116.797,102.006,1
1785490728,164842529,128.884,3.494,132.196,68.597,1
1785490728,231659424,105.886,2.444,108.21,68.556,1
1785490728,298477295,93.51,2.26,95.632,68.514,1
1785490728,331886475,121.572,2.279,123.732,101.883,1
1785490728,398705566,92.39,2.644,94.916,35.063,1
1785490728,465525635,97.115,2.273,99.286,35.018,1
1785490728,532374023,102.494,2.245,104.621,35.01,1
1785490728,599254150,95.749,2.945,98.543,34.968,1
1785490728,699579346,88.835,5.94,92.666,68.33,1
1785490728,733022705,109.144,2.174,111.195,34.886,1
1785490728,766466553,125.96,2.691,128.532,68.29,1
1785490728,833356689,113.216,2.821,115.91,68.25,1
1785490728,900249756,96.948,2.769,99.57,68.21,1
1785490728,933697266,118.314,2.656,120.86,101.62,1
1785490728,967145508,141.85,2.18,143.904,68.171,1
1785490729,34044434,120.756,2.612,123.234,68.131,1
1785490729,100946045,99.671,5.133,103.654,68.092,1
1785490729,134397949,121.104,8.458,129.422,101.504,1
1785490729,201303955,105.982,2.395,108.258,34.598,1
1785490729,234758057,113.649,2.559,116.003,1.144,1
1785490729,335124756,80.872,2.937,83.695,34.516,1
1785490729,402039551,82.1,2.347,84.34,34.475,1
1785490729,468957031,81.67,2.683,84.233,34.43,1
1785490729,535797119,83.887,2.057,85.844,34.325,1
1785490729,602588379,80.482,2.177,82.555,34.283,1
1785490729,669380371,79.094,2.185,81.177,34.241,1
1785490729,736172852,86.996,2.272,89.159,34.198,1
1785490729,802965820,85.734,2.039,87.679,34.157,1
1785490729,869759766,82.873,2.285,85.055,34.114,1
1785490729,936553955,80.27,2.131,82.29,34.072,1
1785490730,3349121,80.136,2.234,82.193,34.03,1
1785490730,70144531,77.558,2.225,79.663,33.988,1
1785490730,136940918,77.72,3.08,80.693,33.946,1
1785490730,203737549,77.857,2.544,80.288,-32.851,1
1785490730,270535156,79.161,3.647,82.684,-99.648,1
1785490730,337333008,81.517,2.255,83.665,33.819,1
1785490730,404131836,87.961,6.225,93.694,-32.98,1
1785490730,437531250,112.317,2.912,115.094,67.134,1
1785490730,504330811,95.783,2.891,98.509,67.076,1
1785490730,537730469,115.089,4.769,119.71,100.413,1
1785490730,604504150,115.125,2.88,117.894,33.639,1
1785490730,671283447,103.876,2.714,106.464,-33.14,1
1785490730,704673340,120.829,3.763,124.448,-66.53,1
1785490730,771453125,118.477,7.588,125.91,-133.31,1
1785490730,804843262,126.648,3.198,129.6,100.25,1
1785490730,871623779,112.547,2.465,114.888,100.208,1
1785490730,938404541,109.985,2.284,112.157,33.427,1
1785490731,5185791,90.054,3.569,93.491,-33.354,1
1785490731,38576416,103.789,3.026,106.689,66.734,1
1785490731,71967285,115.284,3.089,118.243,100.082,1
1785490731,138749512,98.14,2.62,100.608,33.3,1
1785490731,172140625,108.94,2.322,111.158,66.649,1
1785490731,238923096,97.945,2.202,100.031,-0.133,1
1785490731,272314697,116.067,2.212,118.152,99.957,1
1785490731,339097900,104.644,2.965,107.477,33.174,1
1785490731,372489502,122.5,2.775,125.149,66.524,1
1785490731,439273438,112.326,2.659,114.845,66.481,1
1785490731,506057617,129.456,2.58,131.911,66.439,1
1785490731,572842041,113.525,2.012,115.433,-0.345,1
1785490731,672987061,78.435,2.358,80.687,32.951,1
1785490731,773132324,79.544,1.989,81.433,66.248,1
1785490731,839895996,83.437,5.203,88.502,66.206,1
1785490731,873277832,103.793,3.982,107.658,32.824,1
1785490731,906659912,105.659,2.234,107.725,66.163,1
1785490732,6805664,78.183,2.199,80.282,32.739,1
1785490732,106951904,83.035,2.745,85.661,66.036,1
1785490732,140333984,107.012,2.427,109.324,32.654,1
1785490732,173716064,110.126,2.509,112.53,65.994,1
1785490732,240480469,92.846,2.515,95.244,65.951,1
1785490732,307244873,79.314,2.145,81.356,65.909,1
1785490732,374009521,82.283,4.513,86.685,65.866,1
1785490732,407391846,95.898,3.815,99.581,32.484,1
1785490732,440774170,112.49,2.342,114.719,65.824,1
1785490732,507538818,109.152,3.059,112.093,65.781,1
1785490732,574303955,86.173,9.296,95.351,65.721,1
1785490732,607677246,107.488,2.268,109.634,32.348,1
1785490732,641050537,116.844,2.416,119.146,65.679,1
1785490732,707796875,112.369,2.517,114.753,65.636,1
1785490732,774543213,112.175,2.595,114.654,65.594,1
1785490732,841289307,118.614,2.688,121.086,65.551,1
1785490732,908035156,104.618,5.806,107.32,65.508,1
1785490732,974781006,91.278,3.926,95.018,65.465,1
1785490733,8153809,109.191,2.283,111.366,32.092,1
1785490733,74899170,107.642,2.379,109.901,98.752,1
1785490733,108271973,110.479,3.182,113.539,65.38,1
1785490733,175017090,83.255,9.759,92.873,65.338,1
1785490733,208389648,113.288,2.28,115.452,98.667,1
1785490733,275134766,102.886,4.956,107.691,31.922,1
1785490733,308507080,116.161,2.239,118.28,-1.45,1
1785490733,375251953,108.159,2.082,110.138,-68.195,1
1785490733,441996338,88.021,2.428,90.332,65.167,1
1785490733,475368652,117.527,2.472,119.874,98.496,1
1785490733,542112793,114.161,2.763,116.721,98.307,1
1785490733,608782227,102.657,2.189,104.745,98.186,1
1785490733,642078613,143.386,2.068,145.345,131.437,1
1785490733,708669922,130.125,3.192,133.195,64.845,1
1785490733,775258789,121.094,3.093,123.859,-1.743,1
1785490733,841845459,108.785,2.191,110.874,-68.33,1
1785490733,908430176,95.633,2.325,97.845,64.711,1
1785490733,941721680,117.735,3.205,120.806,97.958,1
1785490733,975012451,128.253,5.806,133.923,64.667,1
1785490734,74881836,84.442,2.335,86.674,31.334,1
1785490734,141458740,77.254,2.009,79.116,-35.243,1
1785490734,241320068,83.519,2.836,86.235,64.489,1
1785490734,274605957,89.88,3.141,92.889,31.203,1
1785490734,341176270,85.931,4.367,90.126,31.16,1
1785490734,407744141,84.603,2.079,86.581,31.116,1
1785490734,474310059,82.627,2.154,84.665,-35.45,1
1785490734,540873779,78.47,2.185,80.554,-102.013,1
1785490734,607446777,78.149,1.993,80.039,30.995,1
1785490734,674024170,78.586,2.189,80.667,30.951,1
1785490734,740599365,103.604,2.564,106.045,30.908,1
1785490734,773885986,120.329,2.415,122.616,64.15,1
1785490734,840457764,114.399,2.333,116.63,64.106,1
1785490734,907026855,99.676,2.82,102.378,64.061,1
1785490734,940310547,121.748,2.532,124.157,97.299,1
1785490735,6875977,113.025,2.811,115.712,97.253,1
1785490735,73439209,95.494,5.539,100.781,30.69,1
1785490735,106719971,112.222,2.817,114.91,63.927,1
1785490735,173279541,91.595,2.709,94.179,63.882,1
1785490735,206558350,116.273,2.622,118.772,30.603,1
1785490735,273114258,90.492,5.618,95.969,-35.953,1
1785490735,306391357,115.038,2.469,117.387,63.793,1
1785490735,372943604,114.005,2.183,116.082,63.748,1
1785490735,439493652,114.532,2.433,116.842,63.704,1
1785490735,506041260,113.2,3.141,116.003,63.659,1
1785490735,572588623,97.148,7.369,104.391,-2.889,1
1785490735,605878906,133.618,8.005,141.497,96.895,1
1785490735,672457764,109.446,4.806,113.98,30.316,1
1785490735,705746338,135.034,4.654,139.539,63.561,1
1785490735,772321777,121.38,3.313,124.503,63.516,1
1785490735,838894775,118.34,3.356,121.492,63.471,1
1785490735,905465332,102.723,2.532,105.143,-3.099,1
1785490735,938749756,118.732,2.399,121.03,96.666,1
1785490736,5316650,111.483,4.551,115.893,96.62,1
1785490736,38599365,128.138,5.82,133.703,63.337,1
1785490736,105162842,116.512,2.224,118.634,63.293,1
1785490736,171723877,106.185,2.283,108.325,-3.268,1
1785490736,205003662,124.0,3.224,127.091,96.483,1
1785490736,238282715,147.511,4.986,152.373,63.204,1
1785490736,338116211,108.233,3.871,111.971,-36.63,1
1785490736,371393066,116.987,2.49,119.363,63.114,1
1785490736,471219727,83.748,2.477,86.112,29.794,1
1785490736,537767822,84.67,1.984,86.555,29.751,1
1785490736,604332764,84.634,2.148,86.662,29.723,1
1785490736,670910645,83.454,2.212,85.562,29.68,1
1785490736,737486328,95.514,3.683,98.948,29.637,1
1785490736,804059326,82.52,2.238,84.655,29.593,1
1785490736,870630127,86.173,2.216,88.287,-36.978,1
1785490736,937198486,83.423,2.493,85.781,29.506,1
1785490737,3764648,89.158,3.104,92.148,29.463,1
1785490737,70328125,91.184,2.054,93.136,29.419,1
1785490737,136889404,90.575,2.245,92.719,-37.142,1
1785490737,203448242,86.021,2.338,88.248,29.332,1
1785490737,270004639,87.432,2.334,89.66,29.289,1
1785490737,336558594,93.17,2.026,95.08,29.245,1
1785490737,369834717,117.173,2.33,119.379,62.478,1
1785490737,436385254,98.014,4.361,102.269,62.433,1
1785490737,502933350,94.328,2.35,96.56,62.389,1
1785490737,569480957,89.054,2.387,91.321,62.38,1
1785490737,636063232,95.1,16.412,111.118,62.336,1
1785490737,669353271,106.169,2.557,108.604,29.046,1
1785490737,735931885,114.054,2.456,116.383,95.535,1
1785490737,769220459,142.576,4.474,146.929,62.246,1
1785490737,835795410,127.696,2.721,130.278,62.201,1
1785490737,902368164,119.633,2.155,121.674,62.157,1
1785490737,968938477,108.304,2.977,111.134,62.113,1
1785490738,2222656,121.741,2.128,123.769,28.829,1
1785490738,68789551,118.351,2.012,120.245,95.306,1
1785490738,102072021,130.591,2.271,132.733,62.024,1
1785490738,168635254,116.929,2.698,119.484,61.979,1
1785490738,235196045,95.518,7.637,103.029,61.935,1
1785490738,268475586,110.548,2.488,112.906,28.655,1
1785490738,301754639,118.073,2.531,120.49,-4.624,1
1785490738,401587891,95.889,2.22,97.999,28.569,1
1785490738,468140625,97.284,2.093,99.268,28.524,1
1785490738,534690918,105.365,4.86,110.101,28.481,1
1785490738,567966797,127.411,2.643,129.932,61.741,1
1785490738,634545410,119.07,2.754,121.696,61.697,1
1785490738,701121582,112.149,2.223,114.267,61.652,1
1785490738,734408691,133.614,2.406,135.893,94.894,1
1785490738,800981201,131.545,5.577,136.911,94.848,1
1785490738,867551514,116.798,2.576,119.171,94.802,1
1785490738,934119141,106.52,2.246,108.65,28.235,1
1785490738,967402100,129.436,2.393,131.705,61.473,1
1785490739,33966309,119.432,2.569,121.898,-5.091,1
1785490739,100528076,99.951,3.383,103.199,61.384,1
1785490739,133807861,123.467,2.051,125.418,94.619,1
1785490739,200366211,103.166,3.333,106.369,28.061,1
1785490739,233644287,120.79,4.176,124.849,61.295,1
1785490739,300198730,95.555,2.183,97.637,61.25,1
1785490739,366750977,93.015,2.212,95.126,61.206,1
1785490739,433300537,93.608,2.38,95.879,61.161,1
1785490739,466574463,127.111,2.221,129.224,94.391,1
1785490739,533120605,126.167,2.409,128.376,94.458,1
1785490739,599726563,116.871,2.876,119.619,94.474,1
1785490739,633058594,133.225,2.348,135.456,61.142,1
1785490739,699723145,132.854,3.66,136.353,61.099,1
1785490739,766387451,120.209,2.041,122.149,61.057,1
1785490739,833051514,117.573,2.573,120.007,61.014,1
1785490739,899715332,108.302,3.909,112.083,60.972,1
1785490739,933047363,117.095,5.421,122.254,27.64,1
1785490739,966379150,130.234,7.511,137.607,-5.692,1
1785490740,33042969,112.818,2.015,114.73,-72.356,1
1785490740,66374756,129.807,4.617,134.28,94.175,1
1785490740,133038086,107.336,4.557,111.767,27.512,1
1785490740,199701416,94.916,2.366,97.141,-39.152,1
1785490740,266364746,91.825,2.308,94.015,27.427,1
1785490740,333027832,91.717,2.113,93.731,27.385,1
1785490740,399690674,92.461,2.013,94.361,27.342,1
1785490740,466353516,89.704,4.765,94.277,27.3,1
1785490740,533016113,94.848,2.214,96.941,27.257,1
1785490740,599688477,91.884,2.142,93.924,27.223,1
1785490740,666370850,93.895,2.693,96.474,27.181,1
1785490740,733053223,93.251,2.227,95.373,27.138,1
1785490740,799735840,94.608,2.029,96.534,27.096,1
1785490740,866418457,115.397,2.561,117.79,93.694,1
1785490740,899760010,137.845,6.023,143.744,60.353,1
1785490740,966442871,122.642,4.782,127.308,60.31,1
1785490741,33126221,104.926,8.142,112.918,60.268,1
1785490741,66467773,125.484,2.51,127.866,93.567,1
1785490741,133151123,108.475,2.277,110.643,26.883,1
1785490741,166492920,125.989,3.876,129.736,60.183,1
1785490741,233176514,111.717,2.367,113.938,60.14,1
1785490741,266518311,141.664,6.424,147.817,93.44,1
1785490741,333202148,125.193,2.572,127.63,93.398,1
1785490741,399886230,111.579,3.217,114.645,26.714,1
1785490741,433228271,124.257,2.447,126.59,60.014,1
1785490741,499912598,126.5,2.507,128.881,59.971,1
1785490741,566596680,105.842,5.049,110.775,59.938,1
1785490741,599944092,137.688,2.263,139.843,93.243,1
1785490741,666638916,140.575,12.659,153.1,93.201,1
1785490741,733333984,126.538,3.91,130.327,93.159,1
1785490741,800029785,116.404,4.699,120.978,93.118,1
1785490741,833377686,130.801,1.936,132.638,59.77,1
1785490741,900073975,122.515,2.174,124.576,-6.927,1
1785490741,966770508,108.179,2.144,110.216,59.686,1
1785490742,119141,131.903,2.695,134.362,92.992,1
1785490742,66816406,118.817,3.402,122.055,92.95,1
1785490742,100165039,133.487,12.476,141.415,59.601,1
1785490742,166863037,124.377,2.942,127.089,59.559,1
1785490742,233561279,105.995,6.779,112.657,59.517,1
1785490742,300259766,98.911,7.871,106.657,59.475,1
1785490742,333609375,124.918,3.841,128.642,92.782,1
1785490742,400308594,105.115,6.681,111.657,26.083,1
1785490742,433658203,122.48,2.366,124.733,59.391,1
1785490742,500358154,116.046,3.277,119.193,59.348,1
1785490742,533708008,125.83,2.473,128.133,25.999,1
1785490742,600371338,125.021,7.657,132.566,92.51,1
1785490742,666997070,117.553,2.757,120.189,92.466,1
1785490742,700309326,136.735,2.695,139.299,59.153,1
1785490742,766932861,133.844,8.073,141.637,-7.47,1
1785490742,833554688,140.239,3.012,143.134,59.065,1
1785490742,900174805,123.646,2.995,126.509,59.021,1
1785490742,966793457,122.106,2.771,124.733,58.978,1
1785490743,33410400,114.278,3.177,117.325,58.934,1
1785490743,66718262,130.795,2.162,132.86,92.198,1
1785490743,133333008,115.996,2.31,118.19,92.153,1
1785490743,166639648,133.214,3.466,135.323,58.846,1
1785490743,233251953,113.787,3.18,116.72,-7.766,1
1785490743,266557617,136.235,5.401,141.495,92.064,1
1785490743,333167480,124.277,2.916,127.069,92.019,1
1785490743,366471924,149.895,3.084,152.696,58.715,1
1785490743,433079346,126.158,17.084,143.109,-7.893,1
1785490743,499685303,117.737,2.344,119.968,58.627,1
1785490743,532987793,137.476,5.785,143.114,91.99,1
1785490743,599650391,126.914,2.829,129.618,92.006,1
1785490743,666371582,109.423,6.742,115.403,25.285,1
1785490743,699732422,161.749,2.452,164.069,125.284,1
1785490743,799815918,113.263,8.845,121.986,25.2,1
1785490743,833177490,129.86,2.925,132.657,-8.161,1
1785490743,899901367,109.072,2.384,111.333,58.478,1
1785490743,933263428,131.67,2.603,134.144,91.799,1
1785490743,999988525,118.857,5.525,124.239,91.757,1
1785490744,33351074,128.117,2.172,130.187,58.394,1
1785490744,133440674,95.05,2.096,97.039,24.99,1
1785490744,200167725,113.046,2.113,115.057,91.633,1
1785490744,266895752,122.466,2.23,124.588,91.591,1
1785490744,333624756,119.997,3.779,123.657,91.55,1
1785490744,400354248,97.904,2.409,100.208,24.821,1
1785490744,467084717,93.776,2.485,96.14,24.778,1
1785490744,533815674,94.416,2.213,96.526,24.736,1
1785490744,600542236,91.309,2.426,93.578,24.69,1
1785490744,667265869,92.4,2.315,94.572,24.649,1
1785490744,733990479,97.213,2.493,99.559,-42.076,1
1785490744,800716064,93.264,2.296,95.457,24.564,1
1785490744,867442383,91.642,2.149,93.63,-42.162,1
1785490744,934169434,94.883,2.052,96.824,24.48,1
1785490745,897461,99.241,2.306,101.44,24.438,1
1785490745,100991455,90.049,2.083,92.02,57.719,1
1785490745,167721680,90.303,2.245,92.435,57.677,1
1785490745,234452881,92.471,2.025,94.398,57.635,1
1785490745,301184814,93.688,2.26,95.835,57.593,1
1785490745,367917725,92.734,2.216,94.844,57.552,1
1785490745,434651611,91.014,2.194,93.11,57.51,1
1785490745,501386230,95.681,1.987,97.568,57.468,1
1785490745,568120850,93.089,1.935,94.927,57.425,1
1785490745,634856445,95.478,2.1,97.463,57.384,1
1785490745,668224609,122.33,5.47,127.618,90.71,1
1785490745,701593018,160.319,3.317,163.507,124.039,1
1785490745,768330566,126.507,1.945,128.359,57.301,1
1785490745,835069580,118.676,6.718,125.261,57.259,1
1785490745,868439209,135.141,9.359,144.361,90.588,1
1785490745,935179688,116.22,4.166,120.252,90.548,1
1785490745,968550293,133.276,4.522,137.668,57.177,1
1785490746,35292480,123.694,2.476,126.04,57.135,1
1785490746,102035645,110.858,2.878,113.589,57.094,1
1785490746,135407471,132.349,2.553,134.787,90.424,1
1785490746,202152344,120.253,2.444,122.576,90.383,1
1785490746,235525146,125.748,2.507,128.138,57.01,1
1785490746,335645264,96.047,2.357,98.3,23.595,1
1785490746,402393555,93.487,2.556,95.93,23.553,1
1785490746,469142578,92.155,11.579,103.617,23.511,1
1785490746,535893066,95.786,2.333,98.016,-43.24,1
1785490746,602642578,92.817,2.263,94.972,23.426,1
1785490746,702770020,95.286,2.538,97.705,56.718,1
1785490746,736146240,124.79,2.144,126.831,90.054,1
1785490746,802900146,107.078,5.062,111.723,23.3,1
1785490746,836277588,129.389,3.146,132.394,56.635,1
1785490746,903033691,115.1,3.022,117.984,-10.121,1
1785490746,936412109,135.977,3.052,138.87,89.932,1
1785490747,3170166,120.438,2.1,122.44,89.891,1
1785490747,103309814,89.475,2.17,91.522,56.47,1
1785490747,170071289,90.202,2.304,92.402,56.429,1
1785490747,236834229,89.866,2.277,92.02,56.387,1
1785490747,303598389,91.473,2.156,93.526,56.346,1
1785490747,370364014,91.048,2.2,93.145,56.305,1
1785490747,437131104,99.276,2.644,101.766,56.264,1
1785490747,470514893,117.092,5.976,122.933,89.607,1
1785490747,503899414,124.411,2.543,126.794,56.223,1
1785490747,604129150,94.875,3.009,97.759,22.847,1
1785490747,671053711,94.695,2.272,96.86,-44.077,1
1785490747,737982178,96.84,11.453,108.095,-111.006,1
1785490747,771447754,131.267,7.503,138.636,-144.471,1
1785490747,838381592,107.915,2.493,110.29,-211.405,1
1785490747,871849854,127.75,2.398,130.022,89.581,1
1785490747,938789307,108.116,2.636,110.619,22.641,1
1785490747,972260498,124.673,2.497,127.066,-10.83,1
1785490748,39205322,122.314,1.903,124.123,56.032,1
1785490748,106153809,118.733,2.484,121.094,55.992,1
1785490748,173106201,102.209,2.15,104.242,55.953,1
1785490748,206583496,121.009,3.311,124.188,89.391,1
1785490748,273541260,106.773,2.296,108.94,89.354,1
1785490748,307021729,136.426,6.831,143.063,55.874,1
1785490748,373984863,112.915,3.203,115.994,55.834,1
1785490748,407467773,127.93,2.75,130.55,89.279,1
1785490748,474436768,116.095,2.412,118.384,22.31,1
1785490748,507922363,128.596,2.478,130.954,-11.176,1
1785490748,574893555,106.988,3.137,109.999,-78.147,1
1785490748,608354004,127.724,2.058,129.681,89.091,1
1785490748,675277588,107.228,3.215,110.317,22.167,1
1785490748,708740723,124.494,2.429,126.813,-11.296,1
1785490748,775669922,108.6,4.948,113.43,-78.225,1
1785490748,809135742,129.499,2.748,132.118,88.977,1
1785490748,876070313,118.845,3.194,121.794,88.94,1
1785490748,943008545,103.801,2.714,106.381,22.001,1
1785490748,976479004,125.151,2.677,127.689,-11.469,1
1785490749,43422607,116.255,5.41,121.55,55.392,1
1785490749,76895752,122.062,2.193,124.09,88.826,1
1785490749,177320801,84.853,2.158,86.838,55.312,1
1785490749,244275391,84.604,2.091,86.59,55.272,1
1785490749,311233643,83.591,2.127,85.62,55.233,1
1785490749,378195557,83.811,2.201,85.898,55.193,1
1785490749,445161133,84.295,2.272,86.461,55.154,1
1785490749,512130127,83.713,2.276,85.793,55.114,1
1785490749,579100342,84.781,2.257,86.937,54.882,1
1785490749,645894531,84.025,2.69,86.598,54.926,1
1785490749,712742188,88.221,2.734,90.836,54.885,1
1785490749,779591797,83.858,1.996,85.753,54.843,1
1785490749,846442871,85.889,2.05,87.833,54.802,1
1785490749,879868896,109.164,2.527,111.579,88.188,1
1785490749,946722412,92.467,3.787,95.982,21.334,1
1785490750,47005859,82.536,2.013,84.448,54.679,1
1785490750,80434326,107.751,2.076,109.646,88.067,1
1785490750,113863281,132.16,2.457,134.493,121.456,1
1785490750,180722656,115.179,2.965,118.005,54.597,1
1785490750,247583496,89.196,2.321,91.413,54.555,1
1785490750,314446045,96.1,2.869,98.829,54.514,1
1785490750,347877930,112.077,3.035,114.993,87.905,1
1785490750,381310303,121.599,2.565,124.04,54.473,1
1785490750,481609619,88.555,2.621,90.987,20.998,1
1785490750,548477783,83.293,2.768,85.96,20.956,1
1785490750,615346436,80.639,2.357,82.891,20.878,1
1785490750,682013672,81.828,2.614,84.331,20.807,1
1785490750,748679932,83.375,2.432,85.702,-45.859,1
1785490750,815345459,79.522,2.267,81.62,20.722,1
1785490750,882010254,86.046,3.994,89.194,20.68,1
1785490750,915342285,116.26,4.583,120.655,53.968,1
1785490750,982005615,113.555,5.646,119.059,53.926,1
1785490751,48668213,90.765,5.027,95.668,53.882,1
1785490751,81999268,104.275,4.452,108.365,87.17,1
1785490751,115330078,124.583,10.407,134.872,53.839,1
1785490751,181990967,112.654,3.429,115.735,53.796,1
1785490751,215321289,124.068,7.048,129.74,87.083,1
1785490751,281980957,117.708,2.24,119.829,87.04,1
1785490751,348639648,89.41,2.669,91.953,20.381,1
1785490751,415297607,88.041,2.934,90.853,-46.277,1
1785490751,481954834,81.926,2.452,84.265,-112.934,1
1785490751,548611328,87.449,2.374,89.694,20.252,1
1785490751,615267822,88.956,2.755,91.588,20.239,1
1785490751,682088867,85.162,2.077,87.132,20.218,1
1785490751,748910889,87.358,4.539,89.666,20.176,1
1785490751,815734375,81.858,2.197,83.947,20.133,1
1785490751,882558594,85.294,3.399,88.55,20.092,1
1785490751,949384277,81.013,2.315,83.212,20.049,1
1785490752,16210938,92.802,4.156,96.827,20.007,1
1785490752,83038818,84.883,2.638,87.416,19.964,1
1785490752,149867676,81.976,2.087,83.956,19.923,1
1785490752,216697754,79.749,2.52,82.145,19.88,1
1785490752,283529053,83.128,2.466,85.473,19.838,1
1785490752,350361328,82.358,2.088,84.331,19.796,1
1785490752,417194824,82.945,2.134,84.957,19.754,1
1785490752,484029541,79.04,2.646,81.568,-47.081,1
1785490752,550865234,82.404,2.096,84.397,19.669,1
1785490752,617701172,80.747,2.212,82.854,19.603,1
1785490752,684506104,87.625,5.201,92.689,19.575,1
1785490752,717909180,130.946,8.414,139.062,-13.828,1
1785490752,784715332,110.407,3.295,113.441,52.894,1
1785490752,818118896,132.973,2.996,135.85,86.256,1
1785490752,884926514,114.978,5.22,120.043,86.214,1
1785490752,918330566,142.831,2.609,145.318,119.578,1
1785490752,985139648,130.122,2.695,132.705,52.769,1
1785490753,51949219,104.301,8.128,112.303,52.727,1
1785490753,85354492,146.186,3.679,149.715,86.09,1
1785490753,185571289,94.856,3.317,98.065,-14.126,1
1785490753,218977295,118.881,2.273,120.975,-47.532,1
1785490753,285790039,110.912,2.17,112.972,85.966,1
1785490753,352603760,94.546,2.853,97.234,19.152,1
1785490753,386010742,113.532,2.345,115.779,-14.255,1
1785490753,452825684,118.157,2.992,121.028,52.475,1
1785490753,519641357,97.214,2.753,99.671,-14.341,1
1785490753,553049561,112.967,5.73,118.557,85.783,1
1785490753,619865723,97.729,4.745,102.308,85.533,1
1785490753,653187256,119.255,3.815,122.884,52.212,1
1785490753,719829102,112.425,2.192,114.506,52.168,1
1785490753,786469727,101.723,2.303,103.917,52.125,1
1785490753,819789551,127.631,2.822,130.209,85.401,1
1785490753,886428223,119.57,5.101,124.557,85.357,1
1785490753,953065674,110.202,2.097,112.191,85.313,1
1785490754,19701660,100.51,3.6,103.98,85.269,1
1785490754,53019287,114.482,2.066,116.442,51.951,1
1785490754,119653564,104.338,2.671,106.877,51.908,1
1785490754,152970215,134.113,3.053,136.947,85.181,1
1785490754,219602539,126.317,3.807,130.005,18.548,1
1785490754,286233398,128.153,2.329,130.377,85.093,1
1785490754,352863281,121.172,2.206,123.253,18.463,1
1785490754,419491699,116.299,2.338,118.524,85.004,1
1785490754,486118896,116.64,6.269,122.785,84.961,1
1785490754,519431885,150.03,2.901,152.804,118.266,1
1785490754,619370850,102.511,3.533,105.92,84.889,1
1785490754,652689209,133.966,4.201,138.037,118.162,1
1785490754,719324951,115.152,3.019,118.054,51.527,1
1785490754,785958984,96.879,3.11,99.841,51.484,1
1785490754,819275635,114.263,4.148,118.29,84.756,1
1785490754,885907715,105.062,5.588,110.512,84.712,1
1785490754,919223389,127.363,3.11,130.335,51.397,1
1785490754,985853516,133.081,2.448,135.414,117.938,1
1785490755,52482178,117.259,3.103,120.227,51.31,1
1785490755,119109375,91.111,2.385,93.379,51.266,1
1785490755,185735352,81.456,2.227,83.531,51.223,1
1785490755,252359863,80.58,2.243,82.72,-15.402,1
1785490755,318983154,82.271,2.088,84.252,51.135,1
1785490755,385604736,79.692,2.094,81.684,51.093,1
1785490755,452225098,80.198,2.276,82.368,51.049,1
1785490755,518844238,83.904,2.059,85.813,51.006,1
1785490755,585461670,80.372,2.36,82.59,50.997,1
1785490755,652090088,82.687,1.927,84.518,50.935,1
1785490755,718726074,83.959,2.132,85.995,50.891,1
1785490755,785360596,81.034,2.043,82.976,50.848,1
1785490755,851993652,85.649,2.123,87.602,-15.785,1
1785490755,918625488,84.535,2.217,86.574,50.761,1
1785490755,985255859,87.474,3.585,90.788,50.717,1
1785490756,18570557,99.81,3.175,102.862,83.988,1
1785490756,85198975,88.624,2.821,91.328,17.36,1
1785490756,151825928,82.991,6.734,85.982,17.316,1
1785490756,218451416,84.642,3.398,87.759,17.274,1
1785490756,285075684,89.603,2.111,91.601,17.231,1
1785490756,351698486,84.22,2.091,86.198,17.189,1
1785490756,418319824,83.868,1.955,85.72,-49.433,1
1785490756,484939941,89.968,2.465,92.328,17.103,1
1785490756,518249512,103.838,2.044,105.781,50.369,1
1785490756,618177246,83.074,2.098,85.069,17.047,1
1785490756,684816162,81.877,2.027,83.797,16.981,1
1785490756,751453613,81.926,2.336,84.157,-49.656,1
1785490756,818089844,81.818,2.083,83.798,16.896,1
1785490756,884724854,84.345,2.196,86.435,16.852,1
1785490756,951358398,84.736,2.612,87.221,16.81,1
1785490757,17990723,84.166,3.558,87.594,-49.822,1
1785490757,84621582,82.256,2.52,84.595,16.724,1
1785490757,151251221,80.683,2.248,82.827,-49.905,1
1785490757,217879395,81.796,2.753,84.39,16.639,1
1785490757,284506348,81.724,2.64,84.245,16.596,1
1785490757,351132080,84.625,4.02,88.502,16.553,1
1785490757,417756348,83.553,2.536,85.985,-50.071,1
1785490757,484379150,82.932,5.576,88.383,-116.694,1
1785490757,551000732,84.272,2.071,86.243,16.425,1
1785490757,617622314,83.268,2.198,85.342,16.408,1
1785490757,684260254,83.185,2.3,85.32,16.344,1
1785490757,750896729,83.802,2.218,85.918,16.302,1
1785490757,817531982,83.26,2.213,85.371,16.258,1
1785490757,884165771,90.185,4.814,94.785,16.216,1
1785490757,917482178,115.551,2.355,117.787,49.489,1
1785490757,984114014,109.103,2.304,111.288,49.446,1
1785490758,17429199,129.473,2.4,131.639,82.718,1
1785490758,84059082,118.079,3.071,121.024,82.673,1
1785490758,150687500,98.986,3.354,102.183,16.045,1
1785490758,184000977,113.049,2.713,115.635,-17.269,1
1785490758,217314453,122.506,2.65,125.041,82.585,1
1785490758,283939941,117.417,2.12,119.43,82.541,1
1785490758,350564209,101.228,3.587,104.619,82.497,1
1785490758,383875977,123.836,2.548,126.184,49.185,1
1785490758,450498047,120.167,3.141,123.185,49.142,1
1785490758,517118896,106.861,2.085,108.84,-17.479,1
1785490758,550428955,128.017,2.438,130.335,82.388,1
1785490758,617048828,106.887,3.349,110.128,82.538,1
1785490758,650445557,129.326,2.373,131.58,115.894,1
1785490758,717239502,117.139,3.586,120.515,49.1,1
1785490758,784034180,98.46,2.765,101.07,-17.695,1
1785490758,817431641,114.85,2.252,116.983,82.413,1
1785490758,850829346,133.261,2.624,135.734,49.016,1
1785490758,917625244,122.566,3.018,125.438,-17.78,1
1785490758,984421875,96.251,3.022,99.14,48.932,1
1785490759,17820557,120.626,2.712,123.227,82.288,1
1785490759,84618164,99.734,3.63,103.222,15.49,1
1785490759,118017090,115.697,2.27,117.855,48.847,1
1785490759,184815674,100.346,6.127,106.232,48.805,1
1785490759,218215332,118.999,3.933,122.813,82.163,1
1785490759,285014893,95.75,2.404,98.027,82.122,1
1785490759,385215332,85.317,2.137,87.289,48.679,1
1785490759,452016602,82.613,2.214,84.72,48.638,1
1785490759,518818604,88.352,2.108,90.356,48.595,1
1785490759,585621094,83.817,2.134,85.851,48.533,1
1785490759,652380127,84.645,2.064,86.609,-18.226,1
1785490759,719166016,88.449,2.091,90.44,48.456,1
1785490759,785952148,85.798,2.183,87.874,48.414,1
1785490759,852739014,85.613,2.676,88.177,48.372,1
1785490759,886132813,102.255,2.425,104.559,81.723,1
1785490759,952920410,92.638,5.508,97.968,14.935,1
1785490760,53103027,81.573,2.275,83.735,48.245,1
1785490760,119892090,83.696,1.969,85.564,48.203,1
1785490760,153286865,104.508,2.551,106.95,81.555,1
1785490760,220076904,97.05,2.865,99.75,81.514,1
1785490760,320262695,85.445,2.347,87.541,48.076,1
1785490760,387054199,85.314,2.24,87.451,48.035,1
1785490760,453845947,83.216,2.301,85.41,47.992,1
1785490760,520638428,87.133,2.449,89.322,47.95,1
1785490760,587431641,82.513,2.176,84.589,47.908,1
1785490760,654224365,83.958,2.114,85.929,47.847,1
1785490760,720991211,81.933,2.297,84.105,47.805,1
1785490760,787758545,81.098,2.105,83.084,47.762,1
1785490760,854525879,85.232,2.439,87.569,47.72,1
1785490760,921293213,86.043,2.384,88.307,47.677,1
1785490760,988061035,90.221,3.141,93.228,47.635,1
1785490761,21444824,115.617,2.314,117.811,80.976,1
1785490761,88212891,102.542,3.34,105.732,80.934,1
1785490761,121596924,121.677,5.624,123.799,47.55,1
1785490761,188365234,121.32,2.081,123.297,-19.218,1
1785490761,255133545,102.299,2.277,104.46,-85.986,1
1785490761,288517822,137.077,2.457,139.405,80.807,1
1785490761,355286377,116.001,2.377,118.26,14.038,1
1785490761,422055176,97.417,2.393,99.692,80.722,1
1785490761,455439697,122.597,3.849,126.323,47.338,1
1785490761,522208740,94.192,2.82,96.752,-19.431,1
1785490761,555593262,114.615,3.549,118.044,80.638,1
1785490761,622362549,90.173,2.456,92.501,13.868,1
1785490761,689101807,89.094,2.017,90.995,-52.871,1
1785490761,755855713,82.522,2.857,85.097,13.78,1
1785490761,822609619,82.336,2.356,84.571,-52.974,1
1785490761,889363525,83.114,2.703,85.688,-119.728,1
1785490761,956117188,83.131,2.503,85.509,13.653,1
1785490762,22870850,81.877,4.669,86.436,13.611,1
1785490762,123001221,83.469,2.146,85.515,46.903,1
1785490762,189754883,82.558,3.364,84.608,46.859,1
1785490762,256508301,85.567,2.09,87.471,46.817,1
1785490762,323261475,92.929,2.651,95.447,-19.936,1
1785490762,356638184,103.107,2.221,105.228,80.109,1
1785490762,423391357,90.302,2.288,92.366,80.066,1
1785490762,490144531,86.119,2.896,88.907,13.312,1
1785490762,556897461,80.596,2.253,82.729,13.271,1
1785490762,623650391,80.882,2.529,83.292,-53.482,1
1785490762,690437744,80.606,2.548,83.038,-120.27,1
1785490762,757014404,80.327,2.62,82.785,-186.846,1
1785490762,823588623,79.644,2.667,82.048,13.065,1
1785490762,890160645,92.099,2.416,94.381,79.549,1
1785490762,923445557,114.666,3.116,117.377,46.264,1
1785490762,990013672,102.383,2.947,105.206,46.219,1
1785490763,23296875,122.206,4.36,126.354,79.458,1
1785490763,89861328,104.338,6.265,109.231,79.412,1
1785490763,123142578,117.419,4.688,121.914,46.131,1
1785490763,189703613,101.542,2.671,104.076,46.087,1
1785490763,222983154,141.371,2.561,143.807,79.322,1
1785490763,289540283,132.814,3.62,136.291,12.764,1
1785490763,356094971,112.809,4.078,116.741,79.232,1
1785490763,422647461,92.297,2.25,94.424,79.186,1
1785490763,455922852,121.978,2.32,124.166,45.911,1
1785490763,522471436,106.988,2.275,109.064,45.867,1
1785490763,555744873,126.272,2.582,128.725,12.594,1
1785490763,622290039,106.569,2.475,108.924,79.051,1
1785490763,655561523,123.631,2.438,125.956,45.78,1
1785490763,722142090,124.102,2.575,126.534,45.821,1
1785490763,788806641,103.042,2.263,105.192,45.779,1
1785490763,822138916,126.005,5.413,131.184,79.068,1
1785490763,888803223,110.886,2.824,113.5,79.026,1
1785490763,922135254,132.137,6.909,138.918,45.694,1
1785490763,988799316,107.418,2.882,110.166,-20.97,1
1785490764,55463379,98.801,6.204,104.888,45.608,1
1785490764,88795166,117.377,2.4,119.628,78.897,1
1785490764,155458984,98.184,2.418,100.47,78.855,1
1785490764,188790771,118.657,2.496,121.023,45.523,1
1785490764,255454346,95.869,2.312,98.055,-21.14,1
1785490764,322117676,96.364,2.345,98.587,45.438,1
1785490764,355449463,120.37,3.721,123.959,78.727,1
1785490764,422112549,101.567,2.289,103.736,78.685,1
1785490764,455444336,129.106,2.247,131.235,45.353,1
1785490764,522107178,110.296,2.532,112.713,-21.31,1
1785490764,555438721,140.771,2.464,143.109,78.6,1
1785490764,622101563,120.151,3.164,123.177,78.558,1
1785490764,688761230,102.032,3.625,105.53,78.535,1
1785490764,722101318,122.511,2.326,124.73,45.195,1
1785490764,788781738,100.61,2.159,102.661,45.153,1
1785490764,822122070,124.627,2.102,126.629,11.813,1
1785490764,888802734,116.926,3.849,120.638,78.409,1
1785490764,955483643,101.677,4.981,106.418,78.366,1
1785490764,988824219,119.695,2.805,122.385,45.026,1
1785490765,55505127,101.601,2.492,103.959,-21.655,1
1785490765,88845703,117.466,2.099,119.465,-54.996,1
1785490765,188867676,87.342,2.133,89.373,44.899,1
1785490765,255549072,85.719,2.682,88.288,44.856,1
1785490765,322230713,86.865,2.156,88.913,-21.825,1
1785490765,388912598,85.725,2.18,87.798,-88.507,1
1785490765,455594482,84.781,2.231,86.906,44.729,1
1785490765,522276611,86.231,2.282,88.41,44.687,1
1785490765,588958740,83.472,1.986,85.359,44.645,1
1785490765,655641113,85.015,2.192,87.095,44.602,1
1785490765,722327881,83.746,2.114,85.744,44.569,1
1785490765,789023438,84.239,2.288,86.413,44.526,1
1785490765,855719482,85.954,2.065,87.917,-22.17,1
1785490765,922416016,84.611,2.266,86.761,44.442,1
1785490765,989113037,97.701,13.298,110.858,44.4,1
1785490766,22461670,110.569,4.255,114.693,77.707,1
1785490766,55810303,131.809,2.395,134.069,111.013,1
1785490766,122508057,116.409,2.594,118.876,44.315,1
1785490766,189206299,100.651,3.384,103.89,44.274,1
1785490766,222555420,120.863,3.44,124.175,77.58,1
1785490766,289254150,104.427,2.422,106.737,10.882,1
1785490766,355953369,98.366,3.462,101.694,77.497,1
1785490766,389303223,119.245,2.664,121.757,44.147,1
1785490766,456003174,107.786,2.639,110.297,44.105,1
1785490766,489353271,127.917,2.999,130.748,10.755,1
1785490766,556053711,109.972,3.871,113.732,77.371,1
1785490766,622754395,91.575,2.271,93.743,10.67,1
1785490766,689468018,84.093,2.661,86.627,-56.043,1
1785490766,756092773,86.334,2.135,88.369,10.573,1
1785490766,822716064,86.302,2.618,88.79,10.53,1
1785490766,889337891,86.999,3.217,90.099,10.487,1
1785490766,955958008,85.299,3.865,89.012,10.444,1
1785490767,22576416,85.947,2.755,88.588,-56.174,1
1785490767,89193359,91.599,2.047,93.553,76.932,1
1785490767,155808594,86.871,2.314,89.07,10.317,1
1785490767,255728760,87.272,2.025,89.198,43.537,1
1785490767,322340088,91.26,2.592,93.726,43.494,1
1785490767,355645264,123.527,2.176,125.585,10.189,1
1785490767,422254150,103.824,2.762,106.461,76.711,1
1785490767,455558105,131.867,3.2,134.948,109.97,1
1785490767,522164551,127.501,2.068,129.47,109.926,1
1785490767,588769531,92.945,2.094,94.939,43.321,1
1785490767,655373047,101.118,2.295,103.291,43.277,1
1785490767,688674072,118.814,2.431,121.119,76.834,1
1785490767,755535645,99.839,2.548,102.25,76.794,1
1785490767,788967285,125.459,4.63,129.969,43.362,1
1785490767,855832764,109.08,2.938,111.796,-23.503,1
1785490767,889266357,127.376,2.658,129.923,76.715,1
1785490767,956135742,108.492,5.962,114.269,76.675,1
1785490767,989571289,129.121,3.402,132.395,110.072,1
1785490768,56444336,100.377,3.934,104.175,43.198,1
1785490768,89882080,124.959,2.129,126.97,76.596,1
1785490768,156759033,109.282,3.709,112.731,76.556,1
1785490768,190198486,132.006,3.5,135.364,109.957,1
1785490768,257079346,113.761,3.931,117.469,43.076,1
1785490768,323962891,100.72,9.565,110.151,-23.808,1
1785490768,357405518,121.88,2.153,123.936,76.438,1
1785490768,424292969,103.638,2.13,105.599,76.397,1
1785490768,457737549,119.652,3.888,123.413,42.953,1
1785490768,524628662,104.594,2.474,106.943,42.912,1
1785490768,558075439,120.835,2.59,123.291,76.318,1
1785490768,624970459,97.674,2.328,99.874,76.251,1
1785490768,691865967,104.973,5.975,110.833,76.198,1
1785490768,725297363,126.31,2.6,128.772,109.59,1
1785490768,792162354,117.135,3.869,120.833,42.725,1
1785490768,859029785,91.824,2.048,93.776,-24.143,1
1785490768,925899902,89.187,2.333,91.418,42.643,1
1785490768,992772461,86.98,2.357,89.235,42.603,1
1785490769,59647949,83.305,2.188,85.39,42.561,1
1785490769,126525879,87.408,2.175,89.464,-24.317,1
1785490769,193406494,88.444,2.919,91.121,42.479,1
1785490769,226847656,105.865,2.479,108.222,75.881,1
1785490769,260289551,126.788,2.347,129.016,42.439,1
1785490769,327175293,117.718,3.372,120.927,-24.447,1
1785490769,394063721,102.904,2.801,105.56,-91.335,1
1785490769,427509033,117.161,2.479,119.529,-124.781,1
1785490769,494401367,100.504,2.489,102.733,75.722,1
1785490769,527848389,120.975,2.055,122.937,109.13,1
1785490769,594744629,117.048,2.324,119.252,42.234,1
1785490769,661643555,96.771,2.38,99.031,-24.665,1
1785490769,695092041,117.194,2.51,119.585,75.464,1
1785490769,761872070,95.272,3.026,98.121,75.422,1
1785490769,795262207,128.829,2.706,131.411,108.77,1
1785490769,828652588,148.187,2.595,150.648,75.38,1
1785490769,928824219,117.684,3.698,120.88,41.948,1
1785490769,995605957,100.587,3.298,103.745,41.906,1
1785490770,28996826,123.062,2.198,125.117,75.254,1
1785490770,95779053,101.137,2.502,103.51,75.213,1
1785490770,730207031,118.848,2.14,120.866,108.151,1
