[INFO] [launch]: All log files can be found below /home/ubuntu/.ros/log/2026-08-06-13-55-22-583550-kria-12905
[INFO] [launch]: Default logging verbosity is set to INFO
[metrics] this run -> /home/ubuntu/ros2_ws/evidence/metrics/runs/shm_gate030_20260805  (also reachable as /home/ubuntu/ros2_ws/evidence/metrics/latest)
[INFO] [launch.user]: 🚀 Launching as Normal ROS Node
[INFO] [realsense2_camera_node-1]: process started with pid [12915]
[INFO] [vitis_ai_detector_node-2]: process started with pid [12917]
[INFO] [pick_logic-3]: process started with pid [12919]
[INFO] [pick_target_3d_node-4]: process started with pid [12921]
[INFO] [static_transform_publisher-5]: process started with pid [12924]
[INFO] [pick_target_base_node-6]: process started with pid [12927]
[INFO] [python3-7]: process started with pid [12929]
[static_transform_publisher-5] [INFO] [1785992123.713583138] [base_to_camera_tf]: Spinning until stopped - publishing transform
[static_transform_publisher-5] translation: ('0.811666', '0.087684', '0.924974')
[static_transform_publisher-5] rotation: ('0.724628', '0.000084', '-0.687062', '0.053476')
[static_transform_publisher-5] from 'base_link' to 'camera_link'
[python3-7] [resource_sampler] tracking pids: {'camera': 12915, 'detector': 12917, 'pick_logic': 12919, 'target_3d': 12921, 'static_tf': 12924, 'target_base': 12927}
[python3-7] [resource_sampler] hwmon sensors: 34
[realsense2_camera_node-1] [0m[INFO] [1785992125.642260715] [camera.camera]: RealSense ROS v4.57.7[0m
[realsense2_camera_node-1] [0m[INFO] [1785992125.644257011] [camera.camera]: Built with LibRealSense v2.57.7[0m
[realsense2_camera_node-1] [0m[INFO] [1785992125.645263134] [camera.camera]: Running with LibRealSense v2.57.7[0m
[realsense2_camera_node-1]  06/08 13:55:25,657 ERROR [281473196091616] (context.cpp:41) No valid configuration file found at : /home/ubuntu/.realsense-config.json loading defaults
[realsense2_camera_node-1] [0m[INFO] [1785992125.910933493] [camera.camera]: Device with serial number 134322073014 was found.
[realsense2_camera_node-1] [0m
[realsense2_camera_node-1] [0m[INFO] [1785992125.911309578] [camera.camera]: Device with physical ID /sys/devices/platform/axi/ff9d0000.usb/fe200000.usb/xhci-hcd.0.auto/usb2/2-1/2-1.1/2-1.1:1.0/video4linux/video0 was found.[0m
[realsense2_camera_node-1] [0m[INFO] [1785992125.911411529] [camera.camera]: Device with name Intel RealSense D435I was found.[0m
[realsense2_camera_node-1] [0m[INFO] [1785992125.914735082] [camera.camera]: Device with port number 2-1.1 was found.[0m
[realsense2_camera_node-1] [0m[INFO] [1785992125.914936645] [camera.camera]: Device USB type: 3.2[0m
[realsense2_camera_node-1] [0m[INFO] [1785992125.915002236] [camera.camera]: Resetting device...[0m
[pick_logic-3] [INFO] [1785992127.981524510] [pick_logic_node]: Pick logic node (v2) started: /detections -> /pick_target
[pick_target_base_node-6] [INFO] [1785992129.731571362] [pick_target_base_node]: pick_target_base_node started: /pick_target_3d -> /pick_target_base, target_frame=base_link
[pick_target_base_node-6] [INFO] [1785992129.739462705] [pick_target_base_node]: Filters: require_depth_valid=True, camera_z_range=[0.20, 1.50]
[pick_target_3d_node-4] [INFO] [1785992129.917007356] [pick_target_3d_node]: pick_target_3d_node started (raw-depth reverse projection): /pick_target + /camera/camera/depth/image_rect_raw -> /pick_target_3d
[realsense2_camera_node-1] [0m[INFO] [1785992131.988896140] [camera.camera]: Device with serial number 134322073014 was found.
[realsense2_camera_node-1] [0m
[realsense2_camera_node-1] [0m[INFO] [1785992131.989112153] [camera.camera]: Device with physical ID /sys/devices/platform/axi/ff9d0000.usb/fe200000.usb/xhci-hcd.0.auto/usb2/2-1/2-1.1/2-1.1:1.0/video4linux/video0 was found.[0m
[realsense2_camera_node-1] [0m[INFO] [1785992131.989245865] [camera.camera]: Device with name Intel RealSense D435I was found.[0m
[realsense2_camera_node-1] [0m[INFO] [1785992131.991088179] [camera.camera]: Device with port number 2-1.1 was found.[0m
[realsense2_camera_node-1] [0m[INFO] [1785992131.991285222] [camera.camera]: Device USB type: 3.2[0m
[realsense2_camera_node-1] [0m[INFO] [1785992131.992781551] [camera.camera]: getParameters...[0m
[realsense2_camera_node-1] [0m[INFO] [1785992132.006072725] [camera.camera]: JSON file is not provided[0m
[realsense2_camera_node-1] [0m[INFO] [1785992132.006351299] [camera.camera]: Device Name: Intel RealSense D435I[0m
[realsense2_camera_node-1] [0m[INFO] [1785992132.006436370] [camera.camera]: Device Serial No: 134322073014[0m
[realsense2_camera_node-1] [0m[INFO] [1785992132.006499171] [camera.camera]: Device physical port: /sys/devices/platform/axi/ff9d0000.usb/fe200000.usb/xhci-hcd.0.auto/usb2/2-1/2-1.1/2-1.1:1.0/video4linux/video0[0m
[realsense2_camera_node-1] [0m[INFO] [1785992132.006563931] [camera.camera]: Device FW version: 5.17.0.10[0m
[realsense2_camera_node-1] [0m[INFO] [1785992132.006624382] [camera.camera]: Device Product ID: 0x0B3A[0m
[realsense2_camera_node-1] [0m[INFO] [1785992132.006681843] [camera.camera]: Sync Mode: On[0m
[realsense2_camera_node-1] [0m[INFO] [1785992132.201999798] [camera.camera]: Set ROS param depth_module.infra_profile to default: 848x480x30[0m
[realsense2_camera_node-1] [33m[WARN] [1785992132.230382370] [camera.camera]: Could not set param: rgb_camera.power_line_frequency with 3 Range: [0, 2]: parameter 'rgb_camera.power_line_frequency' could not be set: Parameter {rgb_camera.power_line_frequency} doesn't comply with integer range.[0m
[realsense2_camera_node-1] [33m[WARN] [1785992132.261002550] [camera.camera]: re-enable the stream for the change to take effect.[0m
[realsense2_camera_node-1] [0m[INFO] [1785992132.269345889] [camera.camera]: Set ROS param gyro_fps to default: 200[0m
[realsense2_camera_node-1] [0m[INFO] [1785992132.270828129] [camera.camera]: Set ROS param accel_fps to default: 100[0m
[realsense2_camera_node-1] [0m[INFO] [1785992132.339040091] [camera.camera]: Stopping Sensor: Depth Module[0m
[realsense2_camera_node-1] [0m[INFO] [1785992132.344071287] [camera.camera]: Stopping Sensor: RGB Camera[0m
[realsense2_camera_node-1] [0m[INFO] [1785992132.461365732] [camera.camera]: Starting Sensor: Depth Module[0m
[realsense2_camera_node-1] [0m[INFO] [1785992132.499321288] [camera.camera]: Open profile: stream_type: Depth(0), Format: Z16, Width: 848, Height: 480, FPS: 30[0m
[realsense2_camera_node-1] [0m[INFO] [1785992132.552095869] [camera.camera]: Starting Sensor: RGB Camera[0m
[realsense2_camera_node-1] [0m[INFO] [1785992132.571284850] [camera.camera]: Open profile: stream_type: Color(0), Format: RGB8, Width: 848, Height: 480, FPS: 30[0m
[realsense2_camera_node-1] [0m[INFO] [1785992132.707499112] [camera.camera]: RealSense Node Is Up![0m
[vitis_ai_detector_node-2] [INFO] [1785992133.520265237] [vitis_ai_detector_node]: Starting Vitis-AI worker process
[pick_target_3d_node-4] [INFO] [1785992133.752922642] [pick_target_3d_node]: Static camera_info/extrinsics captured — subscriptions pruned
[vitis_ai_detector_node-2] [INFO] [1785992138.200491645] [vitis_ai_detector_node]: Vitis-AI worker ready: input_shape=[1, 416, 416, 3]
[vitis_ai_detector_node-2] [INFO] [1785992138.207331544] [vitis_ai_detector_node]: Vitis-AI detector started in worker mode: /camera/camera/color/image_raw -> /detections
[vitis_ai_detector_node-2] [INFO] [1785992138.210479496] [vitis_ai_detector_node]: Low-latency policy: sensor QoS depth=1, latest frame only, process_period_sec=0.030, send_resized_input=False, worker_shm=True, publish_overlay=False, publish_compressed_overlay=False
[pick_logic-3] [WARN] [1785992138.356542020] [pick_logic_node]: Rejected detection array: reason=target_unstable
[pick_target_3d_node-4] [INFO] [1785992138.374468695] [pick_target_3d_node]: Metrics window started: collecting 300s from the first row -> /home/ubuntu/ros2_ws/evidence/metrics/runs/shm_gate030_20260805/performance/target_3d.csv
[pick_logic-3] [INFO] [1785992138.382588391] [pick_logic_node]: Metrics window started: collecting 300s from the first row -> /home/ubuntu/ros2_ws/evidence/metrics/runs/shm_gate030_20260805/performance/pick_logic.csv
[pick_target_base_node-6] [WARN] [1785992138.387483305] [pick_target_base_node]: Rejected 3D target before TF: reason=target_not_valid, input_frame=, target_valid=False, depth_valid=False, z=0.000
[vitis_ai_detector_node-2] [INFO] [1785992138.399139688] [vitis_ai_detector_node]: Metrics window started: collecting 300s from the first frame
[vitis_ai_detector_node-2] [INFO] [1785992138.405156577] [vitis_ai_detector_node]: Collecting metrics: 1 rows (CSV -> /home/ubuntu/ros2_ws/evidence/metrics/runs/shm_gate030_20260805/performance/detector.csv)
[pick_target_base_node-6] [INFO] [1785992138.421185067] [pick_target_base_node]: Metrics window started: collecting 300s from the first row -> /home/ubuntu/ros2_ws/evidence/metrics/runs/shm_gate030_20260805/performance/base.csv
[pick_logic-3] [INFO] [1785992138.541638695] [pick_logic_node]: Accepted target: class=apple, conf=0.88, cx=444.4, cy=220.2, score=0.726, stable=3, candidates=5
[vitis_ai_detector_node-2] [INFO] [1785992139.313005335] [vitis_ai_detector_node]: Collecting metrics: 17 rows (CSV -> /home/ubuntu/ros2_ws/evidence/metrics/runs/shm_gate030_20260805/performance/detector.csv)
[pick_logic-3] [INFO] [1785992139.568610065] [pick_logic_node]: Accepted target: class=apple, conf=0.88, cx=444.4, cy=219.3, score=0.728, stable=21, candidates=5
[vitis_ai_detector_node-2] [INFO] [1785992140.374332158] [vitis_ai_detector_node]: Collecting metrics: 36 rows (CSV -> /home/ubuntu/ros2_ws/evidence/metrics/runs/shm_gate030_20260805/performance/detector.csv)
[pick_logic-3] [INFO] [1785992140.596951917] [pick_logic_node]: Accepted target: class=apple, conf=0.90, cx=444.4, cy=220.2, score=0.738, stable=39, candidates=5
[pick_target_3d_node-4] [INFO] [1785992141.107268239] [pick_target_3d_node]: depth frombuffer view == cv_bridge: True (bigendian=0)
[pick_target_base_node-6] [INFO] [1785992141.145034814] [pick_target_base_node]: Static TF cached (camera_depth_optical_frame -> base_link), matmul vs tf2 max diff 0.000e+00 m
[vitis_ai_detector_node-2] [INFO] [1785992141.351686925] [vitis_ai_detector_node]: Collecting metrics: 53 rows (CSV -> /home/ubuntu/ros2_ws/evidence/metrics/runs/shm_gate030_20260805/performance/detector.csv)
[pick_logic-3] [INFO] [1785992141.599234131] [pick_logic_node]: Accepted target: class=apple, conf=0.88, cx=445.3, cy=220.2, score=0.726, stable=58, candidates=5
[vitis_ai_detector_node-2] [INFO] [1785992142.351761612] [vitis_ai_detector_node]: Collecting metrics: 75 rows (CSV -> /home/ubuntu/ros2_ws/evidence/metrics/runs/shm_gate030_20260805/performance/detector.csv)
[pick_logic-3] [INFO] [1785992142.619729328] [pick_logic_node]: Accepted target: class=apple, conf=0.88, cx=444.4, cy=219.3, score=0.728, stable=80, candidates=5
[vitis_ai_detector_node-2] [INFO] [1785992143.394626395] [vitis_ai_detector_node]: Collecting metrics: 97 rows (CSV -> /home/ubuntu/ros2_ws/evidence/metrics/runs/shm_gate030_20260805/performance/detector.csv)
[pick_logic-3] [INFO] [1785992143.652898084] [pick_logic_node]: Accepted target: class=apple, conf=0.88, cx=445.3, cy=220.2, score=0.726, stable=102, candidates=5
[vitis_ai_detector_node-2] [INFO] [1785992144.424033405] [vitis_ai_detector_node]: Collecting metrics: 119 rows (CSV -> /home/ubuntu/ros2_ws/evidence/metrics/runs/shm_gate030_20260805/performance/detector.csv)
[pick_logic-3] [INFO] [1785992144.659566487] [pick_logic_node]: Accepted target: class=apple, conf=0.88, cx=444.4, cy=219.3, score=0.728, stable=123, candidates=5
[vitis_ai_detector_node-2] [INFO] [1785992145.472065283] [vitis_ai_detector_node]: Collecting metrics: 141 rows (CSV -> /home/ubuntu/ros2_ws/evidence/metrics/runs/shm_gate030_20260805/performance/detector.csv)
[pick_logic-3] [INFO] [1785992145.672976711] [pick_logic_node]: Accepted target: class=apple, conf=0.88, cx=445.3, cy=220.2, score=0.728, stable=145, candidates=5
[vitis_ai_detector_node-2] [INFO] [1785992146.509716809] [vitis_ai_detector_node]: Collecting metrics: 163 rows (CSV -> /home/ubuntu/ros2_ws/evidence/metrics/runs/shm_gate030_20260805/performance/detector.csv)
[pick_logic-3] [INFO] [1785992146.688995804] [pick_logic_node]: Accepted target: class=apple, conf=0.88, cx=444.4, cy=219.3, score=0.728, stable=166, candidates=5
[vitis_ai_detector_node-2] [INFO] [1785992147.543246885] [vitis_ai_detector_node]: Collecting metrics: 184 rows (CSV -> /home/ubuntu/ros2_ws/evidence/metrics/runs/shm_gate030_20260805/performance/detector.csv)
[pick_logic-3] [INFO] [1785992147.691720946] [pick_logic_node]: Accepted target: class=apple, conf=0.88, cx=444.4, cy=219.3, score=0.728, stable=187, candidates=5
[vitis_ai_detector_node-2] [INFO] [1785992148.589806636] [vitis_ai_detector_node]: Collecting metrics: 206 rows (CSV -> /home/ubuntu/ros2_ws/evidence/metrics/runs/shm_gate030_20260805/performance/detector.csv)
[pick_logic-3] [INFO] [1785992148.697756364] [pick_logic_node]: Accepted target: class=apple, conf=0.88, cx=444.4, cy=219.3, score=0.728, stable=208, candidates=5
[vitis_ai_detector_node-2] [INFO] [1785992149.628517187] [vitis_ai_detector_node]: Collecting metrics: 227 rows (CSV -> /home/ubuntu/ros2_ws/evidence/metrics/runs/shm_gate030_20260805/performance/detector.csv)
[pick_logic-3] [INFO] [1785992149.729367313] [pick_logic_node]: Accepted target: class=apple, conf=0.88, cx=444.4, cy=219.3, score=0.728, stable=229, candidates=5
[vitis_ai_detector_node-2] [INFO] [1785992150.652016342] [vitis_ai_detector_node]: Collecting metrics: 248 rows (CSV -> /home/ubuntu/ros2_ws/evidence/metrics/runs/shm_gate030_20260805/performance/detector.csv)
[pick_logic-3] [INFO] [1785992150.759088120] [pick_logic_node]: Accepted target: class=apple, conf=0.88, cx=445.3, cy=220.2, score=0.726, stable=250, candidates=5
[vitis_ai_detector_node-2] [INFO] [1785992151.671993625] [vitis_ai_detector_node]: Collecting metrics: 269 rows (CSV -> /home/ubuntu/ros2_ws/evidence/metrics/runs/shm_gate030_20260805/performance/detector.csv)
[pick_logic-3] [INFO] [1785992151.761693454] [pick_logic_node]: Accepted target: class=apple, conf=0.90, cx=444.4, cy=220.2, score=0.738, stable=271, candidates=5
[vitis_ai_detector_node-2] [INFO] [1785992152.697288081] [vitis_ai_detector_node]: Collecting metrics: 291 rows (CSV -> /home/ubuntu/ros2_ws/evidence/metrics/runs/shm_gate030_20260805/performance/detector.csv)
[pick_logic-3] [INFO] [1785992152.765746781] [pick_logic_node]: Accepted target: class=apple, conf=0.88, cx=445.3, cy=220.2, score=0.726, stable=292, candidates=5
[vitis_ai_detector_node-2] [INFO] [1785992153.731865093] [vitis_ai_detector_node]: Collecting metrics: 312 rows (CSV -> /home/ubuntu/ros2_ws/evidence/metrics/runs/shm_gate030_20260805/performance/detector.csv)
[pick_logic-3] [INFO] [1785992153.812362532] [pick_logic_node]: Accepted target: class=apple, conf=0.88, cx=445.3, cy=220.2, score=0.726, stable=313, candidates=5
[vitis_ai_detector_node-2] [INFO] [1785992154.745936989] [vitis_ai_detector_node]: Collecting metrics: 332 rows (CSV -> /home/ubuntu/ros2_ws/evidence/metrics/runs/shm_gate030_20260805/performance/detector.csv)
[pick_logic-3] [INFO] [1785992154.863341574] [pick_logic_node]: Accepted target: class=apple, conf=0.88, cx=444.4, cy=220.2, score=0.726, stable=334, candidates=5
[vitis_ai_detector_node-2] [INFO] [1785992155.795995712] [vitis_ai_detector_node]: Collecting metrics: 354 rows (CSV -> /home/ubuntu/ros2_ws/evidence/metrics/runs/shm_gate030_20260805/performance/detector.csv)
[pick_logic-3] [INFO] [1785992155.896710148] [pick_logic_node]: Accepted target: class=apple, conf=0.90, cx=444.4, cy=220.2, score=0.738, stable=356, candidates=5
[vitis_ai_detector_node-2] [INFO] [1785992156.809027541] [vitis_ai_detector_node]: Collecting metrics: 375 rows (CSV -> /home/ubuntu/ros2_ws/evidence/metrics/runs/shm_gate030_20260805/performance/detector.csv)
[pick_logic-3] [INFO] [1785992156.923202345] [pick_logic_node]: Accepted target: class=apple, conf=0.88, cx=445.3, cy=220.2, score=0.727, stable=377, candidates=5
[vitis_ai_detector_node-2] [INFO] [1785992157.859359796] [vitis_ai_detector_node]: Collecting metrics: 396 rows (CSV -> /home/ubuntu/ros2_ws/evidence/metrics/runs/shm_gate030_20260805/performance/detector.csv)
[pick_logic-3] [INFO] [1785992157.964877836] [pick_logic_node]: Accepted target: class=apple, conf=0.88, cx=445.3, cy=220.2, score=0.728, stable=398, candidates=5
[vitis_ai_detector_node-2] [INFO] [1785992158.871393289] [vitis_ai_detector_node]: Collecting metrics: 418 rows (CSV -> /home/ubuntu/ros2_ws/evidence/metrics/runs/shm_gate030_20260805/performance/detector.csv)
[pick_logic-3] [INFO] [1785992158.970207061] [pick_logic_node]: Accepted target: class=apple, conf=0.88, cx=444.4, cy=219.3, score=0.728, stable=420, candidates=5
[vitis_ai_detector_node-2] [INFO] [1785992159.910425612] [vitis_ai_detector_node]: Collecting metrics: 440 rows (CSV -> /home/ubuntu/ros2_ws/evidence/metrics/runs/shm_gate030_20260805/performance/detector.csv)
[pick_logic-3] [INFO] [1785992160.028402887] [pick_logic_node]: Accepted target: class=apple, conf=0.88, cx=444.4, cy=220.2, score=0.726, stable=442, candidates=5
[vitis_ai_detector_node-2] [INFO] [1785992160.967764350] [vitis_ai_detector_node]: Collecting metrics: 461 rows (CSV -> /home/ubuntu/ros2_ws/evidence/metrics/runs/shm_gate030_20260805/performance/detector.csv)
[pick_logic-3] [INFO] [1785992161.066380810] [pick_logic_node]: Accepted target: class=apple, conf=0.88, cx=445.3, cy=220.2, score=0.726, stable=463, candidates=5
[vitis_ai_detector_node-2] [INFO] [1785992161.996499655] [vitis_ai_detector_node]: Collecting metrics: 482 rows (CSV -> /home/ubuntu/ros2_ws/evidence/metrics/runs/shm_gate030_20260805/performance/detector.csv)
[pick_logic-3] [INFO] [1785992162.095468780] [pick_logic_node]: Accepted target: class=apple, conf=0.88, cx=444.4, cy=219.3, score=0.728, stable=484, candidates=5
[vitis_ai_detector_node-2] [INFO] [1785992163.030893048] [vitis_ai_detector_node]: Collecting metrics: 504 rows (CSV -> /home/ubuntu/ros2_ws/evidence/metrics/runs/shm_gate030_20260805/performance/detector.csv)
[pick_logic-3] [INFO] [1785992163.120341168] [pick_logic_node]: Accepted target: class=apple, conf=0.88, cx=445.3, cy=220.2, score=0.727, stable=506, candidates=5
[vitis_ai_detector_node-2] [INFO] [1785992164.041242458] [vitis_ai_detector_node]: Collecting metrics: 525 rows (CSV -> /home/ubuntu/ros2_ws/evidence/metrics/runs/shm_gate030_20260805/performance/detector.csv)
[pick_logic-3] [INFO] [1785992164.167282141] [pick_logic_node]: Accepted target: class=apple, conf=0.88, cx=445.3, cy=220.2, score=0.726, stable=527, candidates=5
[vitis_ai_detector_node-2] [INFO] [1785992165.071326651] [vitis_ai_detector_node]: Collecting metrics: 546 rows (CSV -> /home/ubuntu/ros2_ws/evidence/metrics/runs/shm_gate030_20260805/performance/detector.csv)
[pick_logic-3] [INFO] [1785992165.177552773] [pick_logic_node]: Accepted target: class=apple, conf=0.88, cx=445.3, cy=220.2, score=0.726, stable=548, candidates=5
[vitis_ai_detector_node-2] [INFO] [1785992166.098195826] [vitis_ai_detector_node]: Collecting metrics: 567 rows (CSV -> /home/ubuntu/ros2_ws/evidence/metrics/runs/shm_gate030_20260805/performance/detector.csv)
[pick_logic-3] [INFO] [1785992166.186968548] [pick_logic_node]: Accepted target: class=apple, conf=0.88, cx=445.3, cy=220.2, score=0.726, stable=569, candidates=5
[vitis_ai_detector_node-2] [INFO] [1785992167.105408934] [vitis_ai_detector_node]: Collecting metrics: 589 rows (CSV -> /home/ubuntu/ros2_ws/evidence/metrics/runs/shm_gate030_20260805/performance/detector.csv)
[pick_logic-3] [INFO] [1785992167.224193943] [pick_logic_node]: Accepted target: class=apple, conf=0.88, cx=444.4, cy=219.3, score=0.728, stable=591, candidates=5
[vitis_ai_detector_node-2] [INFO] [1785992168.145891806] [vitis_ai_detector_node]: Collecting metrics: 611 rows (CSV -> /home/ubuntu/ros2_ws/evidence/metrics/runs/shm_gate030_20260805/performance/detector.csv)
[pick_logic-3] [INFO] [1785992168.242702085] [pick_logic_node]: Accepted target: class=apple, conf=0.88, cx=444.4, cy=219.3, score=0.728, stable=613, candidates=5
[vitis_ai_detector_node-2] [INFO] [1785992169.167065286] [vitis_ai_detector_node]: Collecting metrics: 632 rows (CSV -> /home/ubuntu/ros2_ws/evidence/metrics/runs/shm_gate030_20260805/performance/detector.csv)
[pick_logic-3] [INFO] [1785992169.275361957] [pick_logic_node]: Accepted target: class=apple, conf=0.88, cx=445.3, cy=220.2, score=0.727, stable=634, candidates=5
[vitis_ai_detector_node-2] [INFO] [1785992170.175395300] [vitis_ai_detector_node]: Collecting metrics: 653 rows (CSV -> /home/ubuntu/ros2_ws/evidence/metrics/runs/shm_gate030_20260805/performance/detector.csv)
[pick_logic-3] [INFO] [1785992170.274825025] [pick_logic_node]: Accepted target: class=apple, conf=0.88, cx=445.3, cy=220.2, score=0.727, stable=655, candidates=5
[vitis_ai_detector_node-2] [INFO] [1785992171.204939668] [vitis_ai_detector_node]: Collecting metrics: 675 rows (CSV -> /home/ubuntu/ros2_ws/evidence/metrics/runs/shm_gate030_20260805/performance/detector.csv)
[pick_logic-3] [INFO] [1785992171.307933810] [pick_logic_node]: Accepted target: class=apple, conf=0.88, cx=445.3, cy=220.2, score=0.726, stable=677, candidates=5
[vitis_ai_detector_node-2] [INFO] [1785992172.187798562] [vitis_ai_detector_node]: Collecting metrics: 697 rows (CSV -> /home/ubuntu/ros2_ws/evidence/metrics/runs/shm_gate030_20260805/performance/detector.csv)
[pick_logic-3] [INFO] [1785992172.345328046] [pick_logic_node]: Accepted target: class=apple, conf=0.88, cx=445.3, cy=220.2, score=0.726, stable=700, candidates=5
[vitis_ai_detector_node-2] [INFO] [1785992173.236414880] [vitis_ai_detector_node]: Collecting metrics: 719 rows (CSV -> /home/ubuntu/ros2_ws/evidence/metrics/runs/shm_gate030_20260805/performance/detector.csv)
[pick_logic-3] [INFO] [1785992173.376669415] [pick_logic_node]: Accepted target: class=apple, conf=0.90, cx=448.3, cy=220.3, score=0.737, stable=722, candidates=5
[vitis_ai_detector_node-2] [INFO] [1785992174.239022502] [vitis_ai_detector_node]: Collecting metrics: 740 rows (CSV -> /home/ubuntu/ros2_ws/evidence/metrics/runs/shm_gate030_20260805/performance/detector.csv)
[pick_logic-3] [INFO] [1785992174.420049087] [pick_logic_node]: Accepted target: class=apple, conf=0.88, cx=445.3, cy=220.2, score=0.726, stable=744, candidates=5
[vitis_ai_detector_node-2] [INFO] [1785992175.249208798] [vitis_ai_detector_node]: Collecting metrics: 761 rows (CSV -> /home/ubuntu/ros2_ws/evidence/metrics/runs/shm_gate030_20260805/performance/detector.csv)
[pick_logic-3] [INFO] [1785992175.414109160] [pick_logic_node]: Accepted target: class=apple, conf=0.88, cx=444.4, cy=219.3, score=0.728, stable=764, candidates=5
[vitis_ai_detector_node-2] [INFO] [1785992176.264430734] [vitis_ai_detector_node]: Collecting metrics: 782 rows (CSV -> /home/ubuntu/ros2_ws/evidence/metrics/runs/shm_gate030_20260805/performance/detector.csv)
[pick_logic-3] [INFO] [1785992176.416439046] [pick_logic_node]: Accepted target: class=apple, conf=0.88, cx=445.3, cy=220.2, score=0.727, stable=785, candidates=5
[vitis_ai_detector_node-2] [INFO] [1785992177.272176004] [vitis_ai_detector_node]: Collecting metrics: 803 rows (CSV -> /home/ubuntu/ros2_ws/evidence/metrics/runs/shm_gate030_20260805/performance/detector.csv)
[pick_logic-3] [INFO] [1785992177.419835619] [pick_logic_node]: Accepted target: class=apple, conf=0.85, cx=444.4, cy=219.3, score=0.714, stable=806, candidates=5
[vitis_ai_detector_node-2] [INFO] [1785992178.275796633] [vitis_ai_detector_node]: Collecting metrics: 825 rows (CSV -> /home/ubuntu/ros2_ws/evidence/metrics/runs/shm_gate030_20260805/performance/detector.csv)
[pick_logic-3] [INFO] [1785992178.462514576] [pick_logic_node]: Accepted target: class=apple, conf=0.88, cx=445.3, cy=220.2, score=0.726, stable=828, candidates=5
[vitis_ai_detector_node-2] [INFO] [1785992179.312835159] [vitis_ai_detector_node]: Collecting metrics: 847 rows (CSV -> /home/ubuntu/ros2_ws/evidence/metrics/runs/shm_gate030_20260805/performance/detector.csv)
[pick_logic-3] [INFO] [1785992179.504973154] [pick_logic_node]: Accepted target: class=apple, conf=0.88, cx=445.3, cy=220.2, score=0.726, stable=850, candidates=5
[vitis_ai_detector_node-2] [INFO] [1785992180.359321653] [vitis_ai_detector_node]: Collecting metrics: 867 rows (CSV -> /home/ubuntu/ros2_ws/evidence/metrics/runs/shm_gate030_20260805/performance/detector.csv)
[pick_logic-3] [INFO] [1785992180.546813917] [pick_logic_node]: Accepted target: class=apple, conf=0.88, cx=444.4, cy=219.3, score=0.728, stable=870, candidates=5
[vitis_ai_detector_node-2] [INFO] [1785992181.379445361] [vitis_ai_detector_node]: Collecting metrics: 888 rows (CSV -> /home/ubuntu/ros2_ws/evidence/metrics/runs/shm_gate030_20260805/performance/detector.csv)
[pick_logic-3] [INFO] [1785992181.582413951] [pick_logic_node]: Accepted target: class=apple, conf=0.88, cx=444.4, cy=219.3, score=0.728, stable=892, candidates=5
[vitis_ai_detector_node-2] [INFO] [1785992182.417376059] [vitis_ai_detector_node]: Collecting metrics: 910 rows (CSV -> /home/ubuntu/ros2_ws/evidence/metrics/runs/shm_gate030_20260805/performance/detector.csv)
[pick_logic-3] [INFO] [1785992182.585332155] [pick_logic_node]: Accepted target: class=apple, conf=0.88, cx=444.4, cy=219.3, score=0.728, stable=913, candidates=5
[vitis_ai_detector_node-2] [INFO] [1785992183.449510263] [vitis_ai_detector_node]: Collecting metrics: 932 rows (CSV -> /home/ubuntu/ros2_ws/evidence/metrics/runs/shm_gate030_20260805/performance/detector.csv)
[pick_logic-3] [INFO] [1785992183.598757772] [pick_logic_node]: Accepted target: class=apple, conf=0.88, cx=444.4, cy=219.3, score=0.728, stable=935, candidates=5
[vitis_ai_detector_node-2] [INFO] [1785992184.460176137] [vitis_ai_detector_node]: Collecting metrics: 955 rows (CSV -> /home/ubuntu/ros2_ws/evidence/metrics/runs/shm_gate030_20260805/performance/detector.csv)
[pick_logic-3] [INFO] [1785992184.649155823] [pick_logic_node]: Accepted target: class=apple, conf=0.88, cx=444.4, cy=219.3, score=0.728, stable=958, candidates=5
[vitis_ai_detector_node-2] [INFO] [1785992185.517572203] [vitis_ai_detector_node]: Collecting metrics: 977 rows (CSV -> /home/ubuntu/ros2_ws/evidence/metrics/runs/shm_gate030_20260805/performance/detector.csv)
[pick_logic-3] [INFO] [1785992185.669869944] [pick_logic_node]: Accepted target: class=apple, conf=0.88, cx=445.3, cy=220.2, score=0.726, stable=980, candidates=5
[vitis_ai_detector_node-2] [INFO] [1785992186.528821701] [vitis_ai_detector_node]: Collecting metrics: 999 rows (CSV -> /home/ubuntu/ros2_ws/evidence/metrics/runs/shm_gate030_20260805/performance/detector.csv)
[pick_logic-3] [INFO] [1785992186.689528944] [pick_logic_node]: Accepted target: class=apple, conf=0.88, cx=444.4, cy=219.3, score=0.728, stable=1002, candidates=5
[vitis_ai_detector_node-2] [INFO] [1785992187.562672172] [vitis_ai_detector_node]: Collecting metrics: 1021 rows (CSV -> /home/ubuntu/ros2_ws/evidence/metrics/runs/shm_gate030_20260805/performance/detector.csv)
[pick_logic-3] [INFO] [1785992187.716575195] [pick_logic_node]: Accepted target: class=apple, conf=0.88, cx=445.3, cy=220.2, score=0.726, stable=1024, candidates=5
[vitis_ai_detector_node-2] [INFO] [1785992188.575896863] [vitis_ai_detector_node]: Collecting metrics: 1041 rows (CSV -> /home/ubuntu/ros2_ws/evidence/metrics/runs/shm_gate030_20260805/performance/detector.csv)
[pick_logic-3] [INFO] [1785992188.733038340] [pick_logic_node]: Accepted target: class=apple, conf=0.88, cx=445.3, cy=220.2, score=0.726, stable=1044, candidates=5
[vitis_ai_detector_node-2] [INFO] [1785992189.591813053] [vitis_ai_detector_node]: Collecting metrics: 1062 rows (CSV -> /home/ubuntu/ros2_ws/evidence/metrics/runs/shm_gate030_20260805/performance/detector.csv)
[pick_logic-3] [INFO] [1785992189.737475978] [pick_logic_node]: Accepted target: class=apple, conf=0.88, cx=444.4, cy=220.2, score=0.726, stable=1065, candidates=5
[vitis_ai_detector_node-2] [INFO] [1785992190.592087429] [vitis_ai_detector_node]: Collecting metrics: 1084 rows (CSV -> /home/ubuntu/ros2_ws/evidence/metrics/runs/shm_gate030_20260805/performance/detector.csv)
[pick_logic-3] [INFO] [1785992190.753680506] [pick_logic_node]: Accepted target: class=apple, conf=0.88, cx=445.3, cy=220.2, score=0.726, stable=1087, candidates=5
[vitis_ai_detector_node-2] [INFO] [1785992191.602162198] [vitis_ai_detector_node]: Collecting metrics: 1105 rows (CSV -> /home/ubuntu/ros2_ws/evidence/metrics/runs/shm_gate030_20260805/performance/detector.csv)
[pick_logic-3] [INFO] [1785992191.769536302] [pick_logic_node]: Accepted target: class=apple, conf=0.88, cx=445.3, cy=220.2, score=0.726, stable=1108, candidates=5
[vitis_ai_detector_node-2] [INFO] [1785992192.620541601] [vitis_ai_detector_node]: Collecting metrics: 1126 rows (CSV -> /home/ubuntu/ros2_ws/evidence/metrics/runs/shm_gate030_20260805/performance/detector.csv)
[pick_logic-3] [INFO] [1785992192.780558588] [pick_logic_node]: Accepted target: class=apple, conf=0.88, cx=445.3, cy=220.2, score=0.726, stable=1129, candidates=5
[vitis_ai_detector_node-2] [INFO] [1785992193.622589200] [vitis_ai_detector_node]: Collecting metrics: 1147 rows (CSV -> /home/ubuntu/ros2_ws/evidence/metrics/runs/shm_gate030_20260805/performance/detector.csv)
[pick_logic-3] [INFO] [1785992193.798501758] [pick_logic_node]: Accepted target: class=apple, conf=0.88, cx=444.4, cy=220.2, score=0.727, stable=1151, candidates=5
[vitis_ai_detector_node-2] [INFO] [1785992194.659511976] [vitis_ai_detector_node]: Collecting metrics: 1170 rows (CSV -> /home/ubuntu/ros2_ws/evidence/metrics/runs/shm_gate030_20260805/performance/detector.csv)
[pick_logic-3] [INFO] [1785992194.806698993] [pick_logic_node]: Accepted target: class=apple, conf=0.88, cx=445.3, cy=220.2, score=0.726, stable=1173, candidates=5
[vitis_ai_detector_node-2] [INFO] [1785992195.662768538] [vitis_ai_detector_node]: Collecting metrics: 1192 rows (CSV -> /home/ubuntu/ros2_ws/evidence/metrics/runs/shm_gate030_20260805/performance/detector.csv)
[pick_logic-3] [INFO] [1785992195.824768762] [pick_logic_node]: Accepted target: class=apple, conf=0.88, cx=444.4, cy=219.3, score=0.728, stable=1195, candidates=5
[vitis_ai_detector_node-2] [INFO] [1785992196.695299172] [vitis_ai_detector_node]: Collecting metrics: 1213 rows (CSV -> /home/ubuntu/ros2_ws/evidence/metrics/runs/shm_gate030_20260805/performance/detector.csv)
[pick_logic-3] [INFO] [1785992196.832110802] [pick_logic_node]: Accepted target: class=apple, conf=0.88, cx=444.4, cy=219.3, score=0.728, stable=1216, candidates=5
[vitis_ai_detector_node-2] [INFO] [1785992197.736659198] [vitis_ai_detector_node]: Collecting metrics: 1236 rows (CSV -> /home/ubuntu/ros2_ws/evidence/metrics/runs/shm_gate030_20260805/performance/detector.csv)
[pick_logic-3] [INFO] [1785992197.836994033] [pick_logic_node]: Accepted target: class=apple, conf=0.88, cx=445.3, cy=220.2, score=0.726, stable=1238, candidates=5
[vitis_ai_detector_node-2] [INFO] [1785992198.735341409] [vitis_ai_detector_node]: Collecting metrics: 1258 rows (CSV -> /home/ubuntu/ros2_ws/evidence/metrics/runs/shm_gate030_20260805/performance/detector.csv)
[pick_logic-3] [INFO] [1785992198.891677179] [pick_logic_node]: Accepted target: class=apple, conf=0.88, cx=445.3, cy=220.2, score=0.726, stable=1261, candidates=5
[vitis_ai_detector_node-2] [INFO] [1785992199.791552519] [vitis_ai_detector_node]: Collecting metrics: 1279 rows (CSV -> /home/ubuntu/ros2_ws/evidence/metrics/runs/shm_gate030_20260805/performance/detector.csv)
[pick_logic-3] [INFO] [1785992199.899310743] [pick_logic_node]: Accepted target: class=apple, conf=0.88, cx=444.4, cy=219.3, score=0.728, stable=1281, candidates=5
[vitis_ai_detector_node-2] [INFO] [1785992200.820478449] [vitis_ai_detector_node]: Collecting metrics: 1301 rows (CSV -> /home/ubuntu/ros2_ws/evidence/metrics/runs/shm_gate030_20260805/performance/detector.csv)
[pick_logic-3] [INFO] [1785992200.906113219] [pick_logic_node]: Accepted target: class=apple, conf=0.88, cx=444.4, cy=219.3, score=0.728, stable=1303, candidates=5
[vitis_ai_detector_node-2] [INFO] [1785992201.828172660] [vitis_ai_detector_node]: Collecting metrics: 1322 rows (CSV -> /home/ubuntu/ros2_ws/evidence/metrics/runs/shm_gate030_20260805/performance/detector.csv)
[pick_logic-3] [INFO] [1785992201.923460899] [pick_logic_node]: Accepted target: class=apple, conf=0.88, cx=444.4, cy=219.3, score=0.728, stable=1324, candidates=5
[vitis_ai_detector_node-2] [INFO] [1785992202.840372534] [vitis_ai_detector_node]: Collecting metrics: 1345 rows (CSV -> /home/ubuntu/ros2_ws/evidence/metrics/runs/shm_gate030_20260805/performance/detector.csv)
[pick_logic-3] [INFO] [1785992202.957653236] [pick_logic_node]: Accepted target: class=apple, conf=0.88, cx=445.3, cy=220.2, score=0.726, stable=1347, candidates=5
[vitis_ai_detector_node-2] [INFO] [1785992203.891561980] [vitis_ai_detector_node]: Collecting metrics: 1367 rows (CSV -> /home/ubuntu/ros2_ws/evidence/metrics/runs/shm_gate030_20260805/performance/detector.csv)
[pick_logic-3] [INFO] [1785992203.987922834] [pick_logic_node]: Accepted target: class=apple, conf=0.88, cx=445.3, cy=220.2, score=0.726, stable=1369, candidates=5
[vitis_ai_detector_node-2] [INFO] [1785992204.924907683] [vitis_ai_detector_node]: Collecting metrics: 1388 rows (CSV -> /home/ubuntu/ros2_ws/evidence/metrics/runs/shm_gate030_20260805/performance/detector.csv)
[pick_logic-3] [INFO] [1785992205.027213267] [pick_logic_node]: Accepted target: class=apple, conf=0.88, cx=444.4, cy=219.3, score=0.727, stable=1390, candidates=5
[vitis_ai_detector_node-2] [INFO] [1785992205.932292843] [vitis_ai_detector_node]: Collecting metrics: 1409 rows (CSV -> /home/ubuntu/ros2_ws/evidence/metrics/runs/shm_gate030_20260805/performance/detector.csv)
[pick_logic-3] [INFO] [1785992206.035526839] [pick_logic_node]: Accepted target: class=apple, conf=0.88, cx=445.3, cy=220.2, score=0.726, stable=1411, candidates=5
[vitis_ai_detector_node-2] [INFO] [1785992206.964927982] [vitis_ai_detector_node]: Collecting metrics: 1431 rows (CSV -> /home/ubuntu/ros2_ws/evidence/metrics/runs/shm_gate030_20260805/performance/detector.csv)
[pick_logic-3] [INFO] [1785992207.077981600] [pick_logic_node]: Accepted target: class=apple, conf=0.88, cx=445.3, cy=220.2, score=0.726, stable=1433, candidates=5
[vitis_ai_detector_node-2] [INFO] [1785992208.000274772] [vitis_ai_detector_node]: Collecting metrics: 1452 rows (CSV -> /home/ubuntu/ros2_ws/evidence/metrics/runs/shm_gate030_20260805/performance/detector.csv)
[pick_logic-3] [INFO] [1785992208.125858397] [pick_logic_node]: Accepted target: class=apple, conf=0.88, cx=445.3, cy=220.2, score=0.726, stable=1454, candidates=5
[vitis_ai_detector_node-2] [INFO] [1785992209.025716352] [vitis_ai_detector_node]: Collecting metrics: 1473 rows (CSV -> /home/ubuntu/ros2_ws/evidence/metrics/runs/shm_gate030_20260805/performance/detector.csv)
[pick_logic-3] [INFO] [1785992209.120354255] [pick_logic_node]: Accepted target: class=apple, conf=0.88, cx=444.4, cy=219.3, score=0.728, stable=1475, candidates=5
[vitis_ai_detector_node-2] [INFO] [1785992210.043213720] [vitis_ai_detector_node]: Collecting metrics: 1495 rows (CSV -> /home/ubuntu/ros2_ws/evidence/metrics/runs/shm_gate030_20260805/performance/detector.csv)
[pick_logic-3] [INFO] [1785992210.138831706] [pick_logic_node]: Accepted target: class=apple, conf=0.88, cx=445.3, cy=220.2, score=0.726, stable=1497, candidates=5
[vitis_ai_detector_node-2] [INFO] [1785992211.073061066] [vitis_ai_detector_node]: Collecting metrics: 1517 rows (CSV -> /home/ubuntu/ros2_ws/evidence/metrics/runs/shm_gate030_20260805/performance/detector.csv)
[pick_logic-3] [INFO] [1785992211.177957967] [pick_logic_node]: Accepted target: class=apple, conf=0.88, cx=444.4, cy=220.2, score=0.726, stable=1519, candidates=5
[vitis_ai_detector_node-2] [INFO] [1785992212.106950549] [vitis_ai_detector_node]: Collecting metrics: 1538 rows (CSV -> /home/ubuntu/ros2_ws/evidence/metrics/runs/shm_gate030_20260805/performance/detector.csv)
[pick_logic-3] [INFO] [1785992212.205431845] [pick_logic_node]: Accepted target: class=apple, conf=0.88, cx=444.4, cy=220.2, score=0.726, stable=1540, candidates=5
[vitis_ai_detector_node-2] [INFO] [1785992213.139796092] [vitis_ai_detector_node]: Collecting metrics: 1559 rows (CSV -> /home/ubuntu/ros2_ws/evidence/metrics/runs/shm_gate030_20260805/performance/detector.csv)
[pick_logic-3] [INFO] [1785992213.241278258] [pick_logic_node]: Accepted target: class=apple, conf=0.88, cx=445.3, cy=220.2, score=0.727, stable=1561, candidates=5
[vitis_ai_detector_node-2] [INFO] [1785992214.141842427] [vitis_ai_detector_node]: Collecting metrics: 1581 rows (CSV -> /home/ubuntu/ros2_ws/evidence/metrics/runs/shm_gate030_20260805/performance/detector.csv)
[pick_logic-3] [INFO] [1785992214.277473809] [pick_logic_node]: Accepted target: class=apple, conf=0.88, cx=445.3, cy=220.2, score=0.727, stable=1584, candidates=5
[vitis_ai_detector_node-2] [INFO] [1785992215.198923560] [vitis_ai_detector_node]: Collecting metrics: 1603 rows (CSV -> /home/ubuntu/ros2_ws/evidence/metrics/runs/shm_gate030_20260805/performance/detector.csv)
[pick_logic-3] [INFO] [1785992215.291565048] [pick_logic_node]: Accepted target: class=apple, conf=0.88, cx=444.4, cy=219.3, score=0.728, stable=1605, candidates=5
[vitis_ai_detector_node-2] [INFO] [1785992216.243962135] [vitis_ai_detector_node]: Collecting metrics: 1625 rows (CSV -> /home/ubuntu/ros2_ws/evidence/metrics/runs/shm_gate030_20260805/performance/detector.csv)
[pick_logic-3] [INFO] [1785992216.304349022] [pick_logic_node]: Accepted target: class=apple, conf=0.88, cx=445.3, cy=220.2, score=0.726, stable=1626, candidates=5
[vitis_ai_detector_node-2] [INFO] [1785992217.245235319] [vitis_ai_detector_node]: Collecting metrics: 1646 rows (CSV -> /home/ubuntu/ros2_ws/evidence/metrics/runs/shm_gate030_20260805/performance/detector.csv)
[pick_logic-3] [INFO] [1785992217.307591943] [pick_logic_node]: Accepted target: class=apple, conf=0.88, cx=445.3, cy=220.2, score=0.726, stable=1647, candidates=5
[vitis_ai_detector_node-2] [INFO] [1785992218.288179003] [vitis_ai_detector_node]: Collecting metrics: 1668 rows (CSV -> /home/ubuntu/ros2_ws/evidence/metrics/runs/shm_gate030_20260805/performance/detector.csv)
[pick_logic-3] [INFO] [1785992218.348359298] [pick_logic_node]: Accepted target: class=apple, conf=0.88, cx=445.3, cy=220.2, score=0.726, stable=1669, candidates=5
[vitis_ai_detector_node-2] [INFO] [1785992219.294734134] [vitis_ai_detector_node]: Collecting metrics: 1689 rows (CSV -> /home/ubuntu/ros2_ws/evidence/metrics/runs/shm_gate030_20260805/performance/detector.csv)
[pick_logic-3] [INFO] [1785992219.393590987] [pick_logic_node]: Accepted target: class=apple, conf=0.88, cx=444.4, cy=219.3, score=0.728, stable=1691, candidates=5
[vitis_ai_detector_node-2] [INFO] [1785992220.397245062] [vitis_ai_detector_node]: Collecting metrics: 1708 rows (CSV -> /home/ubuntu/ros2_ws/evidence/metrics/runs/shm_gate030_20260805/performance/detector.csv)
[pick_logic-3] [INFO] [1785992220.485271100] [pick_logic_node]: Accepted target: class=apple, conf=0.88, cx=445.3, cy=220.2, score=0.726, stable=1709, candidates=5
[vitis_ai_detector_node-2] [INFO] [1785992221.376714227] [vitis_ai_detector_node]: Collecting metrics: 1728 rows (CSV -> /home/ubuntu/ros2_ws/evidence/metrics/runs/shm_gate030_20260805/performance/detector.csv)
[pick_logic-3] [INFO] [1785992221.496465549] [pick_logic_node]: Accepted target: class=apple, conf=0.88, cx=445.3, cy=220.2, score=0.726, stable=1730, candidates=5
[vitis_ai_detector_node-2] [INFO] [1785992222.398503881] [vitis_ai_detector_node]: Collecting metrics: 1749 rows (CSV -> /home/ubuntu/ros2_ws/evidence/metrics/runs/shm_gate030_20260805/performance/detector.csv)
[pick_logic-3] [INFO] [1785992222.519296528] [pick_logic_node]: Accepted target: class=apple, conf=0.88, cx=445.3, cy=220.2, score=0.726, stable=1751, candidates=5
[vitis_ai_detector_node-2] [INFO] [1785992223.415410143] [vitis_ai_detector_node]: Collecting metrics: 1771 rows (CSV -> /home/ubuntu/ros2_ws/evidence/metrics/runs/shm_gate030_20260805/performance/detector.csv)
[pick_logic-3] [INFO] [1785992223.521294001] [pick_logic_node]: Accepted target: class=apple, conf=0.88, cx=444.4, cy=219.3, score=0.728, stable=1773, candidates=5
[vitis_ai_detector_node-2] [INFO] [1785992224.428979254] [vitis_ai_detector_node]: Collecting metrics: 1792 rows (CSV -> /home/ubuntu/ros2_ws/evidence/metrics/runs/shm_gate030_20260805/performance/detector.csv)
[pick_logic-3] [INFO] [1785992224.540135423] [pick_logic_node]: Accepted target: class=apple, conf=0.88, cx=445.3, cy=220.2, score=0.726, stable=1794, candidates=5
[vitis_ai_detector_node-2] [INFO] [1785992225.416105214] [vitis_ai_detector_node]: Collecting metrics: 1813 rows (CSV -> /home/ubuntu/ros2_ws/evidence/metrics/runs/shm_gate030_20260805/performance/detector.csv)
[pick_logic-3] [INFO] [1785992225.571485695] [pick_logic_node]: Accepted target: class=apple, conf=0.88, cx=445.3, cy=220.2, score=0.727, stable=1816, candidates=5
[vitis_ai_detector_node-2] [INFO] [1785992226.474807805] [vitis_ai_detector_node]: Collecting metrics: 1835 rows (CSV -> /home/ubuntu/ros2_ws/evidence/metrics/runs/shm_gate030_20260805/performance/detector.csv)
[pick_logic-3] [INFO] [1785992226.582196814] [pick_logic_node]: Accepted target: class=apple, conf=0.88, cx=445.3, cy=220.2, score=0.726, stable=1837, candidates=5
[vitis_ai_detector_node-2] [INFO] [1785992227.479288363] [vitis_ai_detector_node]: Collecting metrics: 1856 rows (CSV -> /home/ubuntu/ros2_ws/evidence/metrics/runs/shm_gate030_20260805/performance/detector.csv)
[pick_logic-3] [INFO] [1785992227.585918792] [pick_logic_node]: Accepted target: class=apple, conf=0.88, cx=444.4, cy=219.3, score=0.728, stable=1858, candidates=5
[vitis_ai_detector_node-2] [INFO] [1785992228.492643534] [vitis_ai_detector_node]: Collecting metrics: 1878 rows (CSV -> /home/ubuntu/ros2_ws/evidence/metrics/runs/shm_gate030_20260805/performance/detector.csv)
[pick_logic-3] [INFO] [1785992228.593277573] [pick_logic_node]: Accepted target: class=apple, conf=0.88, cx=444.4, cy=219.3, score=0.727, stable=1880, candidates=5
[vitis_ai_detector_node-2] [INFO] [1785992229.537569500] [vitis_ai_detector_node]: Collecting metrics: 1901 rows (CSV -> /home/ubuntu/ros2_ws/evidence/metrics/runs/shm_gate030_20260805/performance/detector.csv)
[pick_logic-3] [INFO] [1785992229.629952029] [pick_logic_node]: Accepted target: class=apple, conf=0.90, cx=444.4, cy=220.2, score=0.738, stable=1902, candidates=5
[vitis_ai_detector_node-2] [INFO] [1785992230.562928568] [vitis_ai_detector_node]: Collecting metrics: 1923 rows (CSV -> /home/ubuntu/ros2_ws/evidence/metrics/runs/shm_gate030_20260805/performance/detector.csv)
[pick_logic-3] [INFO] [1785992230.685611953] [pick_logic_node]: Accepted target: class=apple, conf=0.90, cx=444.4, cy=220.2, score=0.739, stable=1925, candidates=5
[vitis_ai_detector_node-2] [INFO] [1785992231.595125911] [vitis_ai_detector_node]: Collecting metrics: 1944 rows (CSV -> /home/ubuntu/ros2_ws/evidence/metrics/runs/shm_gate030_20260805/performance/detector.csv)
[pick_logic-3] [INFO] [1785992231.705337999] [pick_logic_node]: Accepted target: class=apple, conf=0.88, cx=444.4, cy=219.3, score=0.728, stable=1946, candidates=5
[vitis_ai_detector_node-2] [INFO] [1785992232.627338566] [vitis_ai_detector_node]: Collecting metrics: 1966 rows (CSV -> /home/ubuntu/ros2_ws/evidence/metrics/runs/shm_gate030_20260805/performance/detector.csv)
[pick_logic-3] [INFO] [1785992232.726951123] [pick_logic_node]: Accepted target: class=apple, conf=0.88, cx=445.3, cy=220.2, score=0.726, stable=1968, candidates=5
[vitis_ai_detector_node-2] [INFO] [1785992233.688528984] [vitis_ai_detector_node]: Collecting metrics: 1988 rows (CSV -> /home/ubuntu/ros2_ws/evidence/metrics/runs/shm_gate030_20260805/performance/detector.csv)
[pick_logic-3] [INFO] [1785992233.753254663] [pick_logic_node]: Accepted target: class=apple, conf=0.88, cx=445.3, cy=220.2, score=0.726, stable=1989, candidates=5
[vitis_ai_detector_node-2] [INFO] [1785992234.725688403] [vitis_ai_detector_node]: Collecting metrics: 2010 rows (CSV -> /home/ubuntu/ros2_ws/evidence/metrics/runs/shm_gate030_20260805/performance/detector.csv)
[pick_logic-3] [INFO] [1785992234.790530553] [pick_logic_node]: Accepted target: class=apple, conf=0.88, cx=444.4, cy=220.2, score=0.726, stable=2011, candidates=5
[vitis_ai_detector_node-2] [INFO] [1785992235.756647202] [vitis_ai_detector_node]: Collecting metrics: 2032 rows (CSV -> /home/ubuntu/ros2_ws/evidence/metrics/runs/shm_gate030_20260805/performance/detector.csv)
[pick_logic-3] [INFO] [1785992235.810453064] [pick_logic_node]: Accepted target: class=apple, conf=0.88, cx=445.3, cy=220.2, score=0.727, stable=2033, candidates=5
[vitis_ai_detector_node-2] [INFO] [1785992236.751597280] [vitis_ai_detector_node]: Collecting metrics: 2053 rows (CSV -> /home/ubuntu/ros2_ws/evidence/metrics/runs/shm_gate030_20260805/performance/detector.csv)
[pick_logic-3] [INFO] [1785992236.857275519] [pick_logic_node]: Accepted target: class=apple, conf=0.88, cx=444.4, cy=219.3, score=0.727, stable=2055, candidates=5
[vitis_ai_detector_node-2] [INFO] [1785992237.765408955] [vitis_ai_detector_node]: Collecting metrics: 2075 rows (CSV -> /home/ubuntu/ros2_ws/evidence/metrics/runs/shm_gate030_20260805/performance/detector.csv)
[pick_logic-3] [INFO] [1785992237.861932741] [pick_logic_node]: Accepted target: class=apple, conf=0.88, cx=445.3, cy=220.2, score=0.726, stable=2077, candidates=5
[vitis_ai_detector_node-2] [INFO] [1785992238.797641560] [vitis_ai_detector_node]: Collecting metrics: 2097 rows (CSV -> /home/ubuntu/ros2_ws/evidence/metrics/runs/shm_gate030_20260805/performance/detector.csv)
[pick_logic-3] [INFO] [1785992238.898087729] [pick_logic_node]: Accepted target: class=apple, conf=0.88, cx=445.3, cy=220.2, score=0.727, stable=2099, candidates=5
[vitis_ai_detector_node-2] [INFO] [1785992239.802958817] [vitis_ai_detector_node]: Collecting metrics: 2119 rows (CSV -> /home/ubuntu/ros2_ws/evidence/metrics/runs/shm_gate030_20260805/performance/detector.csv)
[pick_logic-3] [INFO] [1785992239.928954720] [pick_logic_node]: Accepted target: class=apple, conf=0.88, cx=444.4, cy=219.3, score=0.727, stable=2121, candidates=5
[vitis_ai_detector_node-2] [INFO] [1785992240.850752377] [vitis_ai_detector_node]: Collecting metrics: 2141 rows (CSV -> /home/ubuntu/ros2_ws/evidence/metrics/runs/shm_gate030_20260805/performance/detector.csv)
[pick_logic-3] [INFO] [1785992240.932676958] [pick_logic_node]: Accepted target: class=apple, conf=0.88, cx=444.4, cy=219.3, score=0.728, stable=2143, candidates=5
[vitis_ai_detector_node-2] [INFO] [1785992241.889945146] [vitis_ai_detector_node]: Collecting metrics: 2164 rows (CSV -> /home/ubuntu/ros2_ws/evidence/metrics/runs/shm_gate030_20260805/performance/detector.csv)
[pick_logic-3] [INFO] [1785992241.990408606] [pick_logic_node]: Accepted target: class=apple, conf=0.88, cx=445.3, cy=220.2, score=0.726, stable=2166, candidates=5
[vitis_ai_detector_node-2] [INFO] [1785992242.926743035] [vitis_ai_detector_node]: Collecting metrics: 2186 rows (CSV -> /home/ubuntu/ros2_ws/evidence/metrics/runs/shm_gate030_20260805/performance/detector.csv)
[pick_logic-3] [INFO] [1785992243.023678238] [pick_logic_node]: Accepted target: class=apple, conf=0.90, cx=444.4, cy=220.2, score=0.738, stable=2188, candidates=5
[vitis_ai_detector_node-2] [INFO] [1785992243.941401259] [vitis_ai_detector_node]: Collecting metrics: 2207 rows (CSV -> /home/ubuntu/ros2_ws/evidence/metrics/runs/shm_gate030_20260805/performance/detector.csv)
[pick_logic-3] [INFO] [1785992244.059256854] [pick_logic_node]: Accepted target: class=apple, conf=0.88, cx=445.3, cy=220.2, score=0.726, stable=2209, candidates=5
[vitis_ai_detector_node-2] [INFO] [1785992244.957069001] [vitis_ai_detector_node]: Collecting metrics: 2228 rows (CSV -> /home/ubuntu/ros2_ws/evidence/metrics/runs/shm_gate030_20260805/performance/detector.csv)
[pick_logic-3] [INFO] [1785992245.060688555] [pick_logic_node]: Accepted target: class=apple, conf=0.88, cx=445.3, cy=220.2, score=0.726, stable=2230, candidates=5
[vitis_ai_detector_node-2] [INFO] [1785992245.995480971] [vitis_ai_detector_node]: Collecting metrics: 2251 rows (CSV -> /home/ubuntu/ros2_ws/evidence/metrics/runs/shm_gate030_20260805/performance/detector.csv)
[pick_logic-3] [INFO] [1785992246.099348868] [pick_logic_node]: Accepted target: class=apple, conf=0.88, cx=444.4, cy=219.3, score=0.728, stable=2253, candidates=5
[vitis_ai_detector_node-2] [INFO] [1785992246.994415833] [vitis_ai_detector_node]: Collecting metrics: 2273 rows (CSV -> /home/ubuntu/ros2_ws/evidence/metrics/runs/shm_gate030_20260805/performance/detector.csv)
[pick_logic-3] [INFO] [1785992247.136211791] [pick_logic_node]: Accepted target: class=apple, conf=0.88, cx=445.3, cy=220.2, score=0.727, stable=2276, candidates=5
[vitis_ai_detector_node-2] [INFO] [1785992248.061356244] [vitis_ai_detector_node]: Collecting metrics: 2295 rows (CSV -> /home/ubuntu/ros2_ws/evidence/metrics/runs/shm_gate030_20260805/performance/detector.csv)
[pick_logic-3] [INFO] [1785992248.167604014] [pick_logic_node]: Accepted target: class=apple, conf=0.88, cx=445.3, cy=220.2, score=0.726, stable=2297, candidates=5
[vitis_ai_detector_node-2] [INFO] [1785992249.033516811] [vitis_ai_detector_node]: Collecting metrics: 2315 rows (CSV -> /home/ubuntu/ros2_ws/evidence/metrics/runs/shm_gate030_20260805/performance/detector.csv)
[pick_logic-3] [INFO] [1785992249.175268810] [pick_logic_node]: Accepted target: class=apple, conf=0.88, cx=445.3, cy=220.2, score=0.726, stable=2318, candidates=5
[vitis_ai_detector_node-2] [INFO] [1785992250.068744301] [vitis_ai_detector_node]: Collecting metrics: 2337 rows (CSV -> /home/ubuntu/ros2_ws/evidence/metrics/runs/shm_gate030_20260805/performance/detector.csv)
[pick_logic-3] [INFO] [1785992250.202321360] [pick_logic_node]: Accepted target: class=apple, conf=0.88, cx=445.3, cy=220.2, score=0.726, stable=2340, candidates=5
[vitis_ai_detector_node-2] [INFO] [1785992251.126967164] [vitis_ai_detector_node]: Collecting metrics: 2359 rows (CSV -> /home/ubuntu/ros2_ws/evidence/metrics/runs/shm_gate030_20260805/performance/detector.csv)
[pick_logic-3] [INFO] [1785992251.210798013] [pick_logic_node]: Accepted target: class=apple, conf=0.88, cx=445.3, cy=220.2, score=0.726, stable=2361, candidates=5
[vitis_ai_detector_node-2] [INFO] [1785992252.125403994] [vitis_ai_detector_node]: Collecting metrics: 2381 rows (CSV -> /home/ubuntu/ros2_ws/evidence/metrics/runs/shm_gate030_20260805/performance/detector.csv)
[pick_logic-3] [INFO] [1785992252.225333341] [pick_logic_node]: Accepted target: class=apple, conf=0.88, cx=445.3, cy=220.2, score=0.726, stable=2383, candidates=5
[vitis_ai_detector_node-2] [INFO] [1785992253.135813719] [vitis_ai_detector_node]: Collecting metrics: 2403 rows (CSV -> /home/ubuntu/ros2_ws/evidence/metrics/runs/shm_gate030_20260805/performance/detector.csv)
[pick_logic-3] [INFO] [1785992253.234963275] [pick_logic_node]: Accepted target: class=apple, conf=0.88, cx=444.4, cy=219.3, score=0.728, stable=2405, candidates=5
[vitis_ai_detector_node-2] [INFO] [1785992254.170756587] [vitis_ai_detector_node]: Collecting metrics: 2425 rows (CSV -> /home/ubuntu/ros2_ws/evidence/metrics/runs/shm_gate030_20260805/performance/detector.csv)
[pick_logic-3] [INFO] [1785992254.265878279] [pick_logic_node]: Accepted target: class=apple, conf=0.90, cx=444.4, cy=220.2, score=0.738, stable=2427, candidates=5
[vitis_ai_detector_node-2] [INFO] [1785992255.198628413] [vitis_ai_detector_node]: Collecting metrics: 2448 rows (CSV -> /home/ubuntu/ros2_ws/evidence/metrics/runs/shm_gate030_20260805/performance/detector.csv)
[pick_logic-3] [INFO] [1785992255.289296005] [pick_logic_node]: Accepted target: class=apple, conf=0.88, cx=444.4, cy=219.3, score=0.728, stable=2450, candidates=5
[vitis_ai_detector_node-2] [INFO] [1785992256.198451484] [vitis_ai_detector_node]: Collecting metrics: 2470 rows (CSV -> /home/ubuntu/ros2_ws/evidence/metrics/runs/shm_gate030_20260805/performance/detector.csv)
[pick_logic-3] [INFO] [1785992256.299593688] [pick_logic_node]: Accepted target: class=apple, conf=0.90, cx=444.4, cy=219.3, score=0.738, stable=2472, candidates=5
[vitis_ai_detector_node-2] [INFO] [1785992257.215891725] [vitis_ai_detector_node]: Collecting metrics: 2492 rows (CSV -> /home/ubuntu/ros2_ws/evidence/metrics/runs/shm_gate030_20260805/performance/detector.csv)
[pick_logic-3] [INFO] [1785992257.333078726] [pick_logic_node]: Accepted target: class=apple, conf=0.88, cx=445.3, cy=220.2, score=0.726, stable=2494, candidates=5
[vitis_ai_detector_node-2] [INFO] [1785992258.241335817] [vitis_ai_detector_node]: Collecting metrics: 2512 rows (CSV -> /home/ubuntu/ros2_ws/evidence/metrics/runs/shm_gate030_20260805/performance/detector.csv)
[pick_logic-3] [INFO] [1785992258.341073943] [pick_logic_node]: Accepted target: class=apple, conf=0.88, cx=444.4, cy=219.3, score=0.728, stable=2514, candidates=5
[vitis_ai_detector_node-2] [INFO] [1785992259.277884922] [vitis_ai_detector_node]: Collecting metrics: 2534 rows (CSV -> /home/ubuntu/ros2_ws/evidence/metrics/runs/shm_gate030_20260805/performance/detector.csv)
[pick_logic-3] [INFO] [1785992259.375948516] [pick_logic_node]: Accepted target: class=apple, conf=0.88, cx=444.4, cy=219.3, score=0.728, stable=2536, candidates=5
[vitis_ai_detector_node-2] [INFO] [1785992260.310022711] [vitis_ai_detector_node]: Collecting metrics: 2557 rows (CSV -> /home/ubuntu/ros2_ws/evidence/metrics/runs/shm_gate030_20260805/performance/detector.csv)
[pick_logic-3] [INFO] [1785992260.412618746] [pick_logic_node]: Accepted target: class=apple, conf=0.88, cx=445.3, cy=220.2, score=0.726, stable=2559, candidates=5
[vitis_ai_detector_node-2] [INFO] [1785992261.336013280] [vitis_ai_detector_node]: Collecting metrics: 2579 rows (CSV -> /home/ubuntu/ros2_ws/evidence/metrics/runs/shm_gate030_20260805/performance/detector.csv)
[pick_logic-3] [INFO] [1785992261.460787094] [pick_logic_node]: Accepted target: class=apple, conf=0.88, cx=444.4, cy=219.3, score=0.728, stable=2581, candidates=5
[vitis_ai_detector_node-2] [INFO] [1785992262.371409488] [vitis_ai_detector_node]: Collecting metrics: 2601 rows (CSV -> /home/ubuntu/ros2_ws/evidence/metrics/runs/shm_gate030_20260805/performance/detector.csv)
[pick_logic-3] [INFO] [1785992262.511910065] [pick_logic_node]: Accepted target: class=apple, conf=0.88, cx=445.3, cy=220.2, score=0.726, stable=2603, candidates=5
[vitis_ai_detector_node-2] [INFO] [1785992263.416787815] [vitis_ai_detector_node]: Collecting metrics: 2622 rows (CSV -> /home/ubuntu/ros2_ws/evidence/metrics/runs/shm_gate030_20260805/performance/detector.csv)
[pick_logic-3] [INFO] [1785992263.538622110] [pick_logic_node]: Accepted target: class=apple, conf=0.88, cx=444.4, cy=219.3, score=0.728, stable=2624, candidates=5
[vitis_ai_detector_node-2] [INFO] [1785992264.445757413] [vitis_ai_detector_node]: Collecting metrics: 2643 rows (CSV -> /home/ubuntu/ros2_ws/evidence/metrics/runs/shm_gate030_20260805/performance/detector.csv)
[pick_logic-3] [INFO] [1785992264.558744349] [pick_logic_node]: Accepted target: class=apple, conf=0.90, cx=444.4, cy=220.2, score=0.738, stable=2645, candidates=5
[vitis_ai_detector_node-2] [INFO] [1785992265.504316613] [vitis_ai_detector_node]: Collecting metrics: 2664 rows (CSV -> /home/ubuntu/ros2_ws/evidence/metrics/runs/shm_gate030_20260805/performance/detector.csv)
[pick_logic-3] [INFO] [1785992265.602840465] [pick_logic_node]: Accepted target: class=apple, conf=0.88, cx=444.4, cy=219.3, score=0.728, stable=2666, candidates=5
[vitis_ai_detector_node-2] [INFO] [1785992266.538556799] [vitis_ai_detector_node]: Collecting metrics: 2687 rows (CSV -> /home/ubuntu/ros2_ws/evidence/metrics/runs/shm_gate030_20260805/performance/detector.csv)
[pick_logic-3] [INFO] [1785992266.631177160] [pick_logic_node]: Accepted target: class=apple, conf=0.88, cx=445.3, cy=220.2, score=0.726, stable=2689, candidates=5
[vitis_ai_detector_node-2] [INFO] [1785992267.544277921] [vitis_ai_detector_node]: Collecting metrics: 2709 rows (CSV -> /home/ubuntu/ros2_ws/evidence/metrics/runs/shm_gate030_20260805/performance/detector.csv)
[pick_logic-3] [INFO] [1785992267.647766260] [pick_logic_node]: Accepted target: class=apple, conf=0.88, cx=445.3, cy=220.2, score=0.726, stable=2711, candidates=5
[vitis_ai_detector_node-2] [INFO] [1785992268.561884398] [vitis_ai_detector_node]: Collecting metrics: 2730 rows (CSV -> /home/ubuntu/ros2_ws/evidence/metrics/runs/shm_gate030_20260805/performance/detector.csv)
[pick_logic-3] [INFO] [1785992268.653595298] [pick_logic_node]: Accepted target: class=apple, conf=0.88, cx=444.4, cy=219.3, score=0.728, stable=2732, candidates=5
[vitis_ai_detector_node-2] [INFO] [1785992269.598912720] [vitis_ai_detector_node]: Collecting metrics: 2752 rows (CSV -> /home/ubuntu/ros2_ws/evidence/metrics/runs/shm_gate030_20260805/performance/detector.csv)
[pick_logic-3] [INFO] [1785992269.676117583] [pick_logic_node]: Accepted target: class=apple, conf=0.88, cx=444.4, cy=219.3, score=0.728, stable=2753, candidates=5
[vitis_ai_detector_node-2] [INFO] [1785992270.616310679] [vitis_ai_detector_node]: Collecting metrics: 2772 rows (CSV -> /home/ubuntu/ros2_ws/evidence/metrics/runs/shm_gate030_20260805/performance/detector.csv)
[pick_logic-3] [INFO] [1785992270.712415359] [pick_logic_node]: Accepted target: class=apple, conf=0.88, cx=445.3, cy=220.2, score=0.726, stable=2774, candidates=5
[vitis_ai_detector_node-2] [INFO] [1785992271.642718523] [vitis_ai_detector_node]: Collecting metrics: 2794 rows (CSV -> /home/ubuntu/ros2_ws/evidence/metrics/runs/shm_gate030_20260805/performance/detector.csv)
[pick_logic-3] [INFO] [1785992271.730908696] [pick_logic_node]: Accepted target: class=apple, conf=0.88, cx=445.3, cy=220.2, score=0.726, stable=2796, candidates=5
[vitis_ai_detector_node-2] [INFO] [1785992272.660015367] [vitis_ai_detector_node]: Collecting metrics: 2816 rows (CSV -> /home/ubuntu/ros2_ws/evidence/metrics/runs/shm_gate030_20260805/performance/detector.csv)
[pick_logic-3] [INFO] [1785992272.749323285] [pick_logic_node]: Accepted target: class=apple, conf=0.88, cx=445.3, cy=220.2, score=0.726, stable=2818, candidates=5
[vitis_ai_detector_node-2] [INFO] [1785992273.710445602] [vitis_ai_detector_node]: Collecting metrics: 2839 rows (CSV -> /home/ubuntu/ros2_ws/evidence/metrics/runs/shm_gate030_20260805/performance/detector.csv)
[pick_logic-3] [INFO] [1785992273.761207889] [pick_logic_node]: Accepted target: class=apple, conf=0.88, cx=444.4, cy=219.3, score=0.728, stable=2840, candidates=5
[vitis_ai_detector_node-2] [INFO] [1785992274.714002805] [vitis_ai_detector_node]: Collecting metrics: 2859 rows (CSV -> /home/ubuntu/ros2_ws/evidence/metrics/runs/shm_gate030_20260805/performance/detector.csv)
[pick_logic-3] [INFO] [1785992274.759348549] [pick_logic_node]: Accepted target: class=apple, conf=0.88, cx=444.4, cy=219.3, score=0.728, stable=2860, candidates=5
[vitis_ai_detector_node-2] [INFO] [1785992275.748379239] [vitis_ai_detector_node]: Collecting metrics: 2881 rows (CSV -> /home/ubuntu/ros2_ws/evidence/metrics/runs/shm_gate030_20260805/performance/detector.csv)
[pick_logic-3] [INFO] [1785992275.793500500] [pick_logic_node]: Accepted target: class=apple, conf=0.88, cx=445.3, cy=220.2, score=0.726, stable=2882, candidates=5
[vitis_ai_detector_node-2] [INFO] [1785992276.757259000] [vitis_ai_detector_node]: Collecting metrics: 2902 rows (CSV -> /home/ubuntu/ros2_ws/evidence/metrics/runs/shm_gate030_20260805/performance/detector.csv)
[pick_logic-3] [INFO] [1785992276.837626058] [pick_logic_node]: Accepted target: class=apple, conf=0.90, cx=444.4, cy=220.2, score=0.738, stable=2903, candidates=5
[vitis_ai_detector_node-2] [INFO] [1785992277.760394016] [vitis_ai_detector_node]: Collecting metrics: 2923 rows (CSV -> /home/ubuntu/ros2_ws/evidence/metrics/runs/shm_gate030_20260805/performance/detector.csv)
[pick_logic-3] [INFO] [1785992277.853762641] [pick_logic_node]: Accepted target: class=apple, conf=0.88, cx=444.4, cy=219.3, score=0.728, stable=2925, candidates=5
[vitis_ai_detector_node-2] [INFO] [1785992278.759912587] [vitis_ai_detector_node]: Collecting metrics: 2945 rows (CSV -> /home/ubuntu/ros2_ws/evidence/metrics/runs/shm_gate030_20260805/performance/detector.csv)
[pick_logic-3] [INFO] [1785992278.855448701] [pick_logic_node]: Accepted target: class=apple, conf=0.88, cx=445.3, cy=220.2, score=0.726, stable=2947, candidates=5
[vitis_ai_detector_node-2] [INFO] [1785992279.810909167] [vitis_ai_detector_node]: Collecting metrics: 2968 rows (CSV -> /home/ubuntu/ros2_ws/evidence/metrics/runs/shm_gate030_20260805/performance/detector.csv)
[pick_logic-3] [INFO] [1785992279.859721888] [pick_logic_node]: Accepted target: class=apple, conf=0.90, cx=444.4, cy=220.2, score=0.738, stable=2969, candidates=5
[vitis_ai_detector_node-2] [INFO] [1785992280.804214358] [vitis_ai_detector_node]: Collecting metrics: 2990 rows (CSV -> /home/ubuntu/ros2_ws/evidence/metrics/runs/shm_gate030_20260805/performance/detector.csv)
[pick_logic-3] [INFO] [1785992280.895771609] [pick_logic_node]: Accepted target: class=apple, conf=0.88, cx=444.4, cy=219.3, score=0.728, stable=2992, candidates=5
[vitis_ai_detector_node-2] [INFO] [1785992281.863272704] [vitis_ai_detector_node]: Collecting metrics: 3012 rows (CSV -> /home/ubuntu/ros2_ws/evidence/metrics/runs/shm_gate030_20260805/performance/detector.csv)
[pick_logic-3] [INFO] [1785992281.918066997] [pick_logic_node]: Accepted target: class=apple, conf=0.88, cx=445.3, cy=220.2, score=0.726, stable=3013, candidates=5
[vitis_ai_detector_node-2] [INFO] [1785992282.871395482] [vitis_ai_detector_node]: Collecting metrics: 3034 rows (CSV -> /home/ubuntu/ros2_ws/evidence/metrics/runs/shm_gate030_20260805/performance/detector.csv)
[pick_logic-3] [INFO] [1785992282.925051099] [pick_logic_node]: Accepted target: class=apple, conf=0.88, cx=445.3, cy=220.2, score=0.726, stable=3035, candidates=5
[vitis_ai_detector_node-2] [INFO] [1785992283.893326500] [vitis_ai_detector_node]: Collecting metrics: 3056 rows (CSV -> /home/ubuntu/ros2_ws/evidence/metrics/runs/shm_gate030_20260805/performance/detector.csv)
[pick_logic-3] [INFO] [1785992283.952459732] [pick_logic_node]: Accepted target: class=apple, conf=0.88, cx=444.4, cy=219.3, score=0.728, stable=3057, candidates=5
[vitis_ai_detector_node-2] [INFO] [1785992284.894078374] [vitis_ai_detector_node]: Collecting metrics: 3078 rows (CSV -> /home/ubuntu/ros2_ws/evidence/metrics/runs/shm_gate030_20260805/performance/detector.csv)
[pick_logic-3] [INFO] [1785992284.952985603] [pick_logic_node]: Accepted target: class=apple, conf=0.88, cx=444.4, cy=219.3, score=0.728, stable=3079, candidates=5
[vitis_ai_detector_node-2] [INFO] [1785992285.896353980] [vitis_ai_detector_node]: Collecting metrics: 3099 rows (CSV -> /home/ubuntu/ros2_ws/evidence/metrics/runs/shm_gate030_20260805/performance/detector.csv)
[pick_logic-3] [INFO] [1785992285.992826639] [pick_logic_node]: Accepted target: class=apple, conf=0.88, cx=444.4, cy=219.3, score=0.728, stable=3101, candidates=5
[vitis_ai_detector_node-2] [INFO] [1785992286.933312871] [vitis_ai_detector_node]: Collecting metrics: 3122 rows (CSV -> /home/ubuntu/ros2_ws/evidence/metrics/runs/shm_gate030_20260805/performance/detector.csv)
[pick_logic-3] [INFO] [1785992286.987235952] [pick_logic_node]: Accepted target: class=apple, conf=0.88, cx=445.3, cy=220.2, score=0.728, stable=3123, candidates=5
[vitis_ai_detector_node-2] [INFO] [1785992287.988623733] [vitis_ai_detector_node]: Collecting metrics: 3145 rows (CSV -> /home/ubuntu/ros2_ws/evidence/metrics/runs/shm_gate030_20260805/performance/detector.csv)
[pick_logic-3] [INFO] [1785992288.000597006] [pick_logic_node]: Accepted target: class=apple, conf=0.90, cx=444.4, cy=220.2, score=0.738, stable=3145, candidates=5
[vitis_ai_detector_node-2] [INFO] [1785992289.020843985] [vitis_ai_detector_node]: Collecting metrics: 3168 rows (CSV -> /home/ubuntu/ros2_ws/evidence/metrics/runs/shm_gate030_20260805/performance/detector.csv)
[pick_logic-3] [INFO] [1785992289.022690600] [pick_logic_node]: Accepted target: class=apple, conf=0.88, cx=444.4, cy=219.3, score=0.728, stable=3168, candidates=5
[vitis_ai_detector_node-2] [INFO] [1785992290.061468484] [vitis_ai_detector_node]: Collecting metrics: 3191 rows (CSV -> /home/ubuntu/ros2_ws/evidence/metrics/runs/shm_gate030_20260805/performance/detector.csv)
[pick_logic-3] [INFO] [1785992290.062504968] [pick_logic_node]: Accepted target: class=apple, conf=0.88, cx=444.4, cy=219.3, score=0.728, stable=3191, candidates=5
[vitis_ai_detector_node-2] [INFO] [1785992291.056462876] [vitis_ai_detector_node]: Collecting metrics: 3212 rows (CSV -> /home/ubuntu/ros2_ws/evidence/metrics/runs/shm_gate030_20260805/performance/detector.csv)
[pick_logic-3] [INFO] [1785992291.101946634] [pick_logic_node]: Accepted target: class=apple, conf=0.88, cx=445.3, cy=220.2, score=0.726, stable=3213, candidates=5
[vitis_ai_detector_node-2] [INFO] [1785992292.087810605] [vitis_ai_detector_node]: Collecting metrics: 3235 rows (CSV -> /home/ubuntu/ros2_ws/evidence/metrics/runs/shm_gate030_20260805/performance/detector.csv)
[pick_logic-3] [INFO] [1785992292.143706434] [pick_logic_node]: Accepted target: class=apple, conf=0.88, cx=445.3, cy=220.2, score=0.726, stable=3236, candidates=5
[vitis_ai_detector_node-2] [INFO] [1785992293.124256805] [vitis_ai_detector_node]: Collecting metrics: 3258 rows (CSV -> /home/ubuntu/ros2_ws/evidence/metrics/runs/shm_gate030_20260805/performance/detector.csv)
[pick_logic-3] [INFO] [1785992293.168087691] [pick_logic_node]: Accepted target: class=apple, conf=0.88, cx=445.3, cy=220.2, score=0.726, stable=3259, candidates=5
[vitis_ai_detector_node-2] [INFO] [1785992294.146485256] [vitis_ai_detector_node]: Collecting metrics: 3280 rows (CSV -> /home/ubuntu/ros2_ws/evidence/metrics/runs/shm_gate030_20260805/performance/detector.csv)
[pick_logic-3] [INFO] [1785992294.192384709] [pick_logic_node]: Accepted target: class=apple, conf=0.90, cx=444.4, cy=220.2, score=0.738, stable=3281, candidates=5
[vitis_ai_detector_node-2] [INFO] [1785992295.163899853] [vitis_ai_detector_node]: Collecting metrics: 3301 rows (CSV -> /home/ubuntu/ros2_ws/evidence/metrics/runs/shm_gate030_20260805/performance/detector.csv)
[pick_logic-3] [INFO] [1785992295.209392592] [pick_logic_node]: Accepted target: class=apple, conf=0.88, cx=444.4, cy=219.3, score=0.725, stable=3302, candidates=5
[vitis_ai_detector_node-2] [INFO] [1785992296.198820152] [vitis_ai_detector_node]: Collecting metrics: 3323 rows (CSV -> /home/ubuntu/ros2_ws/evidence/metrics/runs/shm_gate030_20260805/performance/detector.csv)
[pick_logic-3] [INFO] [1785992296.265310116] [pick_logic_node]: Accepted target: class=apple, conf=0.88, cx=445.3, cy=220.2, score=0.726, stable=3324, candidates=5
[vitis_ai_detector_node-2] [INFO] [1785992297.210275974] [vitis_ai_detector_node]: Collecting metrics: 3344 rows (CSV -> /home/ubuntu/ros2_ws/evidence/metrics/runs/shm_gate030_20260805/performance/detector.csv)
[pick_logic-3] [INFO] [1785992297.302161423] [pick_logic_node]: Accepted target: class=apple, conf=0.88, cx=445.3, cy=220.2, score=0.726, stable=3346, candidates=5
[vitis_ai_detector_node-2] [INFO] [1785992298.228596682] [vitis_ai_detector_node]: Collecting metrics: 3366 rows (CSV -> /home/ubuntu/ros2_ws/evidence/metrics/runs/shm_gate030_20260805/performance/detector.csv)
[pick_logic-3] [INFO] [1785992298.313225143] [pick_logic_node]: Accepted target: class=apple, conf=0.88, cx=445.3, cy=220.2, score=0.726, stable=3368, candidates=5
[vitis_ai_detector_node-2] [INFO] [1785992299.262023929] [vitis_ai_detector_node]: Collecting metrics: 3389 rows (CSV -> /home/ubuntu/ros2_ws/evidence/metrics/runs/shm_gate030_20260805/performance/detector.csv)
[pick_logic-3] [INFO] [1785992299.356826308] [pick_logic_node]: Accepted target: class=apple, conf=0.90, cx=444.4, cy=220.2, score=0.737, stable=3391, candidates=5
[vitis_ai_detector_node-2] [INFO] [1785992300.304139666] [vitis_ai_detector_node]: Collecting metrics: 3411 rows (CSV -> /home/ubuntu/ros2_ws/evidence/metrics/runs/shm_gate030_20260805/performance/detector.csv)
[pick_logic-3] [INFO] [1785992300.369600877] [pick_logic_node]: Accepted target: class=apple, conf=0.90, cx=444.4, cy=220.2, score=0.738, stable=3412, candidates=5
[vitis_ai_detector_node-2] [INFO] [1785992301.337170383] [vitis_ai_detector_node]: Collecting metrics: 3433 rows (CSV -> /home/ubuntu/ros2_ws/evidence/metrics/runs/shm_gate030_20260805/performance/detector.csv)
[pick_logic-3] [INFO] [1785992301.382086084] [pick_logic_node]: Accepted target: class=apple, conf=0.90, cx=444.4, cy=220.2, score=0.738, stable=3434, candidates=5
[vitis_ai_detector_node-2] [INFO] [1785992302.342855800] [vitis_ai_detector_node]: Collecting metrics: 3454 rows (CSV -> /home/ubuntu/ros2_ws/evidence/metrics/runs/shm_gate030_20260805/performance/detector.csv)
[pick_logic-3] [INFO] [1785992302.399540412] [pick_logic_node]: Accepted target: class=apple, conf=0.88, cx=444.4, cy=219.3, score=0.728, stable=3455, candidates=5
[vitis_ai_detector_node-2] [INFO] [1785992303.343974708] [vitis_ai_detector_node]: Collecting metrics: 3476 rows (CSV -> /home/ubuntu/ros2_ws/evidence/metrics/runs/shm_gate030_20260805/performance/detector.csv)
[pick_logic-3] [INFO] [1785992303.447682690] [pick_logic_node]: Accepted target: class=apple, conf=0.88, cx=445.3, cy=220.2, score=0.726, stable=3478, candidates=5
[vitis_ai_detector_node-2] [INFO] [1785992304.368084742] [vitis_ai_detector_node]: Collecting metrics: 3499 rows (CSV -> /home/ubuntu/ros2_ws/evidence/metrics/runs/shm_gate030_20260805/performance/detector.csv)
[pick_logic-3] [INFO] [1785992304.469377671] [pick_logic_node]: Accepted target: class=apple, conf=0.88, cx=444.4, cy=219.3, score=0.728, stable=3501, candidates=5
[vitis_ai_detector_node-2] [INFO] [1785992305.404007169] [vitis_ai_detector_node]: Collecting metrics: 3521 rows (CSV -> /home/ubuntu/ros2_ws/evidence/metrics/runs/shm_gate030_20260805/performance/detector.csv)
[pick_logic-3] [INFO] [1785992305.471121783] [pick_logic_node]: Accepted target: class=apple, conf=0.88, cx=444.4, cy=219.3, score=0.728, stable=3522, candidates=5
[vitis_ai_detector_node-2] [INFO] [1785992306.441254027] [vitis_ai_detector_node]: Collecting metrics: 3544 rows (CSV -> /home/ubuntu/ros2_ws/evidence/metrics/runs/shm_gate030_20260805/performance/detector.csv)
[pick_logic-3] [INFO] [1785992306.505971429] [pick_logic_node]: Accepted target: class=apple, conf=0.88, cx=444.4, cy=219.3, score=0.728, stable=3545, candidates=5
[vitis_ai_detector_node-2] [INFO] [1785992307.435272799] [vitis_ai_detector_node]: Collecting metrics: 3566 rows (CSV -> /home/ubuntu/ros2_ws/evidence/metrics/runs/shm_gate030_20260805/performance/detector.csv)
[pick_logic-3] [INFO] [1785992307.507584614] [pick_logic_node]: Accepted target: class=apple, conf=0.90, cx=444.4, cy=220.2, score=0.738, stable=3567, candidates=5
[vitis_ai_detector_node-2] [INFO] [1785992308.472609143] [vitis_ai_detector_node]: Collecting metrics: 3590 rows (CSV -> /home/ubuntu/ros2_ws/evidence/metrics/runs/shm_gate030_20260805/performance/detector.csv)
[pick_logic-3] [INFO] [1785992308.520640698] [pick_logic_node]: Accepted target: class=apple, conf=0.90, cx=444.4, cy=220.2, score=0.738, stable=3591, candidates=5
[vitis_ai_detector_node-2] [INFO] [1785992309.515717400] [vitis_ai_detector_node]: Collecting metrics: 3613 rows (CSV -> /home/ubuntu/ros2_ws/evidence/metrics/runs/shm_gate030_20260805/performance/detector.csv)
[pick_logic-3] [INFO] [1785992309.586391613] [pick_logic_node]: Accepted target: class=apple, conf=0.88, cx=445.3, cy=220.2, score=0.726, stable=3614, candidates=5
[vitis_ai_detector_node-2] [INFO] [1785992310.571633393] [vitis_ai_detector_node]: Collecting metrics: 3634 rows (CSV -> /home/ubuntu/ros2_ws/evidence/metrics/runs/shm_gate030_20260805/performance/detector.csv)
[pick_logic-3] [INFO] [1785992310.622933263] [pick_logic_node]: Accepted target: class=apple, conf=0.88, cx=445.3, cy=220.2, score=0.726, stable=3635, candidates=5
[vitis_ai_detector_node-2] [INFO] [1785992311.587527344] [vitis_ai_detector_node]: Collecting metrics: 3656 rows (CSV -> /home/ubuntu/ros2_ws/evidence/metrics/runs/shm_gate030_20260805/performance/detector.csv)
[pick_logic-3] [INFO] [1785992311.644529131] [pick_logic_node]: Accepted target: class=apple, conf=0.90, cx=444.4, cy=220.2, score=0.739, stable=3657, candidates=5
[vitis_ai_detector_node-2] [INFO] [1785992312.610080888] [vitis_ai_detector_node]: Collecting metrics: 3678 rows (CSV -> /home/ubuntu/ros2_ws/evidence/metrics/runs/shm_gate030_20260805/performance/detector.csv)
[pick_logic-3] [INFO] [1785992312.676510224] [pick_logic_node]: Accepted target: class=apple, conf=0.88, cx=445.3, cy=220.2, score=0.726, stable=3679, candidates=5
[vitis_ai_detector_node-2] [INFO] [1785992313.615345899] [vitis_ai_detector_node]: Collecting metrics: 3699 rows (CSV -> /home/ubuntu/ros2_ws/evidence/metrics/runs/shm_gate030_20260805/performance/detector.csv)
[pick_logic-3] [INFO] [1785992313.719759543] [pick_logic_node]: Accepted target: class=apple, conf=0.88, cx=445.3, cy=220.2, score=0.726, stable=3701, candidates=5
[vitis_ai_detector_node-2] [INFO] [1785992314.654078759] [vitis_ai_detector_node]: Collecting metrics: 3721 rows (CSV -> /home/ubuntu/ros2_ws/evidence/metrics/runs/shm_gate030_20260805/performance/detector.csv)
[pick_logic-3] [INFO] [1785992314.747867829] [pick_logic_node]: Accepted target: class=apple, conf=0.88, cx=445.3, cy=220.2, score=0.726, stable=3723, candidates=5
[vitis_ai_detector_node-2] [INFO] [1785992315.680288742] [vitis_ai_detector_node]: Collecting metrics: 3744 rows (CSV -> /home/ubuntu/ros2_ws/evidence/metrics/runs/shm_gate030_20260805/performance/detector.csv)
[pick_logic-3] [INFO] [1785992315.781910128] [pick_logic_node]: Accepted target: class=apple, conf=0.88, cx=444.4, cy=219.3, score=0.728, stable=3746, candidates=5
[vitis_ai_detector_node-2] [INFO] [1785992316.669809346] [vitis_ai_detector_node]: Collecting metrics: 3766 rows (CSV -> /home/ubuntu/ros2_ws/evidence/metrics/runs/shm_gate030_20260805/performance/detector.csv)
[pick_logic-3] [INFO] [1785992316.788553646] [pick_logic_node]: Accepted target: class=apple, conf=0.88, cx=444.4, cy=219.3, score=0.728, stable=3769, candidates=5
[vitis_ai_detector_node-2] [INFO] [1785992317.687802221] [vitis_ai_detector_node]: Collecting metrics: 3788 rows (CSV -> /home/ubuntu/ros2_ws/evidence/metrics/runs/shm_gate030_20260805/performance/detector.csv)
[pick_logic-3] [INFO] [1785992317.847063555] [pick_logic_node]: Accepted target: class=apple, conf=0.88, cx=445.3, cy=220.2, score=0.726, stable=3791, candidates=5
[vitis_ai_detector_node-2] [INFO] [1785992318.686316593] [vitis_ai_detector_node]: Collecting metrics: 3808 rows (CSV -> /home/ubuntu/ros2_ws/evidence/metrics/runs/shm_gate030_20260805/performance/detector.csv)
[pick_logic-3] [INFO] [1785992318.884096323] [pick_logic_node]: Accepted target: class=apple, conf=0.88, cx=445.3, cy=220.2, score=0.726, stable=3812, candidates=5
[vitis_ai_detector_node-2] [INFO] [1785992319.747705656] [vitis_ai_detector_node]: Collecting metrics: 3829 rows (CSV -> /home/ubuntu/ros2_ws/evidence/metrics/runs/shm_gate030_20260805/performance/detector.csv)
[pick_logic-3] [INFO] [1785992319.911883208] [pick_logic_node]: Accepted target: class=apple, conf=0.90, cx=444.4, cy=220.2, score=0.737, stable=3832, candidates=5
[vitis_ai_detector_node-2] [INFO] [1785992320.747000994] [vitis_ai_detector_node]: Collecting metrics: 3850 rows (CSV -> /home/ubuntu/ros2_ws/evidence/metrics/runs/shm_gate030_20260805/performance/detector.csv)
[pick_logic-3] [INFO] [1785992320.923637276] [pick_logic_node]: Accepted target: class=apple, conf=0.88, cx=445.3, cy=220.2, score=0.726, stable=3854, candidates=5
[vitis_ai_detector_node-2] [INFO] [1785992321.756371632] [vitis_ai_detector_node]: Collecting metrics: 3873 rows (CSV -> /home/ubuntu/ros2_ws/evidence/metrics/runs/shm_gate030_20260805/performance/detector.csv)
[pick_logic-3] [INFO] [1785992321.925764196] [pick_logic_node]: Accepted target: class=apple, conf=0.90, cx=444.4, cy=220.2, score=0.738, stable=3877, candidates=5
[vitis_ai_detector_node-2] [INFO] [1785992322.757738223] [vitis_ai_detector_node]: Collecting metrics: 3895 rows (CSV -> /home/ubuntu/ros2_ws/evidence/metrics/runs/shm_gate030_20260805/performance/detector.csv)
[pick_logic-3] [INFO] [1785992322.953494158] [pick_logic_node]: Accepted target: class=apple, conf=0.88, cx=445.3, cy=220.2, score=0.728, stable=3899, candidates=5
[vitis_ai_detector_node-2] [INFO] [1785992323.779902411] [vitis_ai_detector_node]: Collecting metrics: 3918 rows (CSV -> /home/ubuntu/ros2_ws/evidence/metrics/runs/shm_gate030_20260805/performance/detector.csv)
[pick_logic-3] [INFO] [1785992323.954286004] [pick_logic_node]: Accepted target: class=apple, conf=0.88, cx=445.3, cy=220.2, score=0.727, stable=3922, candidates=5
[vitis_ai_detector_node-2] [INFO] [1785992324.798319470] [vitis_ai_detector_node]: Collecting metrics: 3938 rows (CSV -> /home/ubuntu/ros2_ws/evidence/metrics/runs/shm_gate030_20260805/performance/detector.csv)
[pick_logic-3] [INFO] [1785992324.988071564] [pick_logic_node]: Accepted target: class=apple, conf=0.88, cx=445.3, cy=220.2, score=0.726, stable=3942, candidates=5
[vitis_ai_detector_node-2] [INFO] [1785992325.812911560] [vitis_ai_detector_node]: Collecting metrics: 3961 rows (CSV -> /home/ubuntu/ros2_ws/evidence/metrics/runs/shm_gate030_20260805/performance/detector.csv)
[pick_logic-3] [INFO] [1785992325.999437830] [pick_logic_node]: Accepted target: class=apple, conf=0.88, cx=445.3, cy=220.2, score=0.726, stable=3965, candidates=5
[vitis_ai_detector_node-2] [INFO] [1785992326.803585415] [vitis_ai_detector_node]: Collecting metrics: 3982 rows (CSV -> /home/ubuntu/ros2_ws/evidence/metrics/runs/shm_gate030_20260805/performance/detector.csv)
[pick_logic-3] [INFO] [1785992327.033872094] [pick_logic_node]: Accepted target: class=apple, conf=0.88, cx=445.3, cy=220.2, score=0.726, stable=3987, candidates=5
[vitis_ai_detector_node-2] [INFO] [1785992327.828105946] [vitis_ai_detector_node]: Collecting metrics: 4005 rows (CSV -> /home/ubuntu/ros2_ws/evidence/metrics/runs/shm_gate030_20260805/performance/detector.csv)
[pick_logic-3] [INFO] [1785992328.056276276] [pick_logic_node]: Accepted target: class=apple, conf=0.88, cx=445.3, cy=220.2, score=0.726, stable=4010, candidates=5
[vitis_ai_detector_node-2] [INFO] [1785992328.850592631] [vitis_ai_detector_node]: Collecting metrics: 4028 rows (CSV -> /home/ubuntu/ros2_ws/evidence/metrics/runs/shm_gate030_20260805/performance/detector.csv)
[pick_logic-3] [INFO] [1785992329.088136631] [pick_logic_node]: Accepted target: class=apple, conf=0.88, cx=444.4, cy=219.3, score=0.726, stable=4033, candidates=5
[vitis_ai_detector_node-2] [INFO] [1785992329.857576727] [vitis_ai_detector_node]: Collecting metrics: 4049 rows (CSV -> /home/ubuntu/ros2_ws/evidence/metrics/runs/shm_gate030_20260805/performance/detector.csv)
[pick_logic-3] [INFO] [1785992330.107116091] [pick_logic_node]: Accepted target: class=apple, conf=0.88, cx=445.3, cy=220.2, score=0.726, stable=4055, candidates=5
[vitis_ai_detector_node-2] [INFO] [1785992330.865426137] [vitis_ai_detector_node]: Collecting metrics: 4071 rows (CSV -> /home/ubuntu/ros2_ws/evidence/metrics/runs/shm_gate030_20260805/performance/detector.csv)
[pick_logic-3] [INFO] [1785992331.141438424] [pick_logic_node]: Accepted target: class=apple, conf=0.88, cx=444.4, cy=219.3, score=0.728, stable=4077, candidates=5
[vitis_ai_detector_node-2] [INFO] [1785992331.884551724] [vitis_ai_detector_node]: Collecting metrics: 4093 rows (CSV -> /home/ubuntu/ros2_ws/evidence/metrics/runs/shm_gate030_20260805/performance/detector.csv)
[pick_logic-3] [INFO] [1785992332.158762567] [pick_logic_node]: Accepted target: class=apple, conf=0.88, cx=445.3, cy=220.2, score=0.727, stable=4099, candidates=5
[vitis_ai_detector_node-2] [INFO] [1785992332.887256429] [vitis_ai_detector_node]: Collecting metrics: 4114 rows (CSV -> /home/ubuntu/ros2_ws/evidence/metrics/runs/shm_gate030_20260805/performance/detector.csv)
[pick_logic-3] [INFO] [1785992333.174647343] [pick_logic_node]: Accepted target: class=apple, conf=0.88, cx=445.3, cy=220.2, score=0.726, stable=4120, candidates=5
[vitis_ai_detector_node-2] [INFO] [1785992333.914262879] [vitis_ai_detector_node]: Collecting metrics: 4136 rows (CSV -> /home/ubuntu/ros2_ws/evidence/metrics/runs/shm_gate030_20260805/performance/detector.csv)
[pick_logic-3] [INFO] [1785992334.224312765] [pick_logic_node]: Accepted target: class=apple, conf=0.88, cx=445.3, cy=220.2, score=0.726, stable=4143, candidates=5
[vitis_ai_detector_node-2] [INFO] [1785992334.986906937] [vitis_ai_detector_node]: Collecting metrics: 4158 rows (CSV -> /home/ubuntu/ros2_ws/evidence/metrics/runs/shm_gate030_20260805/performance/detector.csv)
[pick_logic-3] [INFO] [1785992335.259372718] [pick_logic_node]: Accepted target: class=apple, conf=0.88, cx=445.3, cy=220.2, score=0.726, stable=4164, candidates=5
[vitis_ai_detector_node-2] [INFO] [1785992335.981506688] [vitis_ai_detector_node]: Collecting metrics: 4180 rows (CSV -> /home/ubuntu/ros2_ws/evidence/metrics/runs/shm_gate030_20260805/performance/detector.csv)
[pick_logic-3] [INFO] [1785992336.296615405] [pick_logic_node]: Accepted target: class=apple, conf=0.88, cx=445.3, cy=220.2, score=0.726, stable=4187, candidates=5
[vitis_ai_detector_node-2] [INFO] [1785992337.011536568] [vitis_ai_detector_node]: Collecting metrics: 4201 rows (CSV -> /home/ubuntu/ros2_ws/evidence/metrics/runs/shm_gate030_20260805/performance/detector.csv)
[pick_logic-3] [INFO] [1785992337.299091457] [pick_logic_node]: Accepted target: class=apple, conf=0.88, cx=444.4, cy=219.3, score=0.728, stable=4207, candidates=5
[vitis_ai_detector_node-2] [INFO] [1785992338.055270867] [vitis_ai_detector_node]: Collecting metrics: 4222 rows (CSV -> /home/ubuntu/ros2_ws/evidence/metrics/runs/shm_gate030_20260805/performance/detector.csv)
[pick_logic-3] [INFO] [1785992338.325157716] [pick_logic_node]: Accepted target: class=apple, conf=0.88, cx=445.3, cy=220.2, score=0.726, stable=4228, candidates=5
[vitis_ai_detector_node-2] [INFO] [1785992339.107430375] [vitis_ai_detector_node]: Collecting metrics: 4244 rows (CSV -> /home/ubuntu/ros2_ws/evidence/metrics/runs/shm_gate030_20260805/performance/detector.csv)
[pick_logic-3] [INFO] [1785992339.335944887] [pick_logic_node]: Accepted target: class=apple, conf=0.88, cx=445.3, cy=220.2, score=0.726, stable=4249, candidates=5
[vitis_ai_detector_node-2] [INFO] [1785992340.098156464] [vitis_ai_detector_node]: Collecting metrics: 4264 rows (CSV -> /home/ubuntu/ros2_ws/evidence/metrics/runs/shm_gate030_20260805/performance/detector.csv)
[pick_logic-3] [INFO] [1785992340.364336793] [pick_logic_node]: Accepted target: class=apple, conf=0.88, cx=445.3, cy=220.2, score=0.727, stable=4269, candidates=5
[vitis_ai_detector_node-2] [INFO] [1785992341.134018733] [vitis_ai_detector_node]: Collecting metrics: 4286 rows (CSV -> /home/ubuntu/ros2_ws/evidence/metrics/runs/shm_gate030_20260805/performance/detector.csv)
[pick_logic-3] [INFO] [1785992341.394909540] [pick_logic_node]: Accepted target: class=apple, conf=0.88, cx=445.3, cy=220.2, score=0.726, stable=4291, candidates=5
[vitis_ai_detector_node-2] [INFO] [1785992342.172062886] [vitis_ai_detector_node]: Collecting metrics: 4308 rows (CSV -> /home/ubuntu/ros2_ws/evidence/metrics/runs/shm_gate030_20260805/performance/detector.csv)
[pick_logic-3] [INFO] [1785992342.401548563] [pick_logic_node]: Accepted target: class=apple, conf=0.88, cx=445.3, cy=220.2, score=0.727, stable=4313, candidates=5
[vitis_ai_detector_node-2] [INFO] [1785992343.200949515] [vitis_ai_detector_node]: Collecting metrics: 4330 rows (CSV -> /home/ubuntu/ros2_ws/evidence/metrics/runs/shm_gate030_20260805/performance/detector.csv)
[pick_logic-3] [INFO] [1785992343.415732801] [pick_logic_node]: Accepted target: class=apple, conf=0.88, cx=445.3, cy=220.2, score=0.727, stable=4335, candidates=5
[vitis_ai_detector_node-2] [INFO] [1785992344.234509091] [vitis_ai_detector_node]: Collecting metrics: 4353 rows (CSV -> /home/ubuntu/ros2_ws/evidence/metrics/runs/shm_gate030_20260805/performance/detector.csv)
[pick_logic-3] [INFO] [1785992344.438646111] [pick_logic_node]: Accepted target: class=apple, conf=0.88, cx=444.4, cy=219.3, score=0.728, stable=4357, candidates=5
[vitis_ai_detector_node-2] [INFO] [1785992345.301862823] [vitis_ai_detector_node]: Collecting metrics: 4375 rows (CSV -> /home/ubuntu/ros2_ws/evidence/metrics/runs/shm_gate030_20260805/performance/detector.csv)
[pick_logic-3] [INFO] [1785992345.475180451] [pick_logic_node]: Accepted target: class=apple, conf=0.88, cx=445.3, cy=220.2, score=0.726, stable=4378, candidates=5
[vitis_ai_detector_node-2] [INFO] [1785992346.295099581] [vitis_ai_detector_node]: Collecting metrics: 4397 rows (CSV -> /home/ubuntu/ros2_ws/evidence/metrics/runs/shm_gate030_20260805/performance/detector.csv)
[pick_logic-3] [INFO] [1785992346.521162613] [pick_logic_node]: Accepted target: class=apple, conf=0.88, cx=444.4, cy=219.3, score=0.728, stable=4402, candidates=5
[vitis_ai_detector_node-2] [INFO] [1785992347.298376799] [vitis_ai_detector_node]: Collecting metrics: 4419 rows (CSV -> /home/ubuntu/ros2_ws/evidence/metrics/runs/shm_gate030_20260805/performance/detector.csv)
[pick_logic-3] [INFO] [1785992347.525794890] [pick_logic_node]: Accepted target: class=apple, conf=0.88, cx=444.4, cy=219.3, score=0.728, stable=4424, candidates=5
[vitis_ai_detector_node-2] [INFO] [1785992348.318403329] [vitis_ai_detector_node]: Collecting metrics: 4441 rows (CSV -> /home/ubuntu/ros2_ws/evidence/metrics/runs/shm_gate030_20260805/performance/detector.csv)
[pick_logic-3] [INFO] [1785992348.573608752] [pick_logic_node]: Accepted target: class=apple, conf=0.88, cx=445.3, cy=220.2, score=0.726, stable=4446, candidates=5
[vitis_ai_detector_node-2] [INFO] [1785992349.365566584] [vitis_ai_detector_node]: Collecting metrics: 4463 rows (CSV -> /home/ubuntu/ros2_ws/evidence/metrics/runs/shm_gate030_20260805/performance/detector.csv)
[pick_logic-3] [INFO] [1785992349.607015939] [pick_logic_node]: Accepted target: class=apple, conf=0.88, cx=444.4, cy=219.3, score=0.726, stable=4467, candidates=5
[vitis_ai_detector_node-2] [INFO] [1785992350.399603392] [vitis_ai_detector_node]: Collecting metrics: 4483 rows (CSV -> /home/ubuntu/ros2_ws/evidence/metrics/runs/shm_gate030_20260805/performance/detector.csv)
[pick_logic-3] [INFO] [1785992350.608217657] [pick_logic_node]: Accepted target: class=apple, conf=0.88, cx=445.3, cy=220.2, score=0.726, stable=4487, candidates=5
[vitis_ai_detector_node-2] [INFO] [1785992351.405684458] [vitis_ai_detector_node]: Collecting metrics: 4504 rows (CSV -> /home/ubuntu/ros2_ws/evidence/metrics/runs/shm_gate030_20260805/performance/detector.csv)
[pick_logic-3] [INFO] [1785992351.658560942] [pick_logic_node]: Accepted target: class=apple, conf=0.88, cx=444.4, cy=219.3, score=0.728, stable=4509, candidates=5
[vitis_ai_detector_node-2] [INFO] [1785992352.477833815] [vitis_ai_detector_node]: Collecting metrics: 4527 rows (CSV -> /home/ubuntu/ros2_ws/evidence/metrics/runs/shm_gate030_20260805/performance/detector.csv)
[pick_logic-3] [INFO] [1785992352.689688515] [pick_logic_node]: Accepted target: class=apple, conf=0.88, cx=445.3, cy=220.2, score=0.726, stable=4531, candidates=5
[vitis_ai_detector_node-2] [INFO] [1785992353.507229286] [vitis_ai_detector_node]: Collecting metrics: 4549 rows (CSV -> /home/ubuntu/ros2_ws/evidence/metrics/runs/shm_gate030_20260805/performance/detector.csv)
[pick_logic-3] [INFO] [1785992353.709876461] [pick_logic_node]: Accepted target: class=apple, conf=0.90, cx=444.4, cy=220.2, score=0.738, stable=4553, candidates=5
[vitis_ai_detector_node-2] [INFO] [1785992354.536564830] [vitis_ai_detector_node]: Collecting metrics: 4572 rows (CSV -> /home/ubuntu/ros2_ws/evidence/metrics/runs/shm_gate030_20260805/performance/detector.csv)
[pick_logic-3] [INFO] [1785992354.729974647] [pick_logic_node]: Accepted target: class=apple, conf=0.88, cx=445.3, cy=220.2, score=0.726, stable=4576, candidates=5
[vitis_ai_detector_node-2] [INFO] [1785992355.547727576] [vitis_ai_detector_node]: Collecting metrics: 4594 rows (CSV -> /home/ubuntu/ros2_ws/evidence/metrics/runs/shm_gate030_20260805/performance/detector.csv)
[pick_logic-3] [INFO] [1785992355.738586099] [pick_logic_node]: Accepted target: class=apple, conf=0.88, cx=445.3, cy=220.2, score=0.726, stable=4598, candidates=5
[vitis_ai_detector_node-2] [INFO] [1785992356.576435046] [vitis_ai_detector_node]: Collecting metrics: 4616 rows (CSV -> /home/ubuntu/ros2_ws/evidence/metrics/runs/shm_gate030_20260805/performance/detector.csv)
[pick_logic-3] [INFO] [1785992356.774744662] [pick_logic_node]: Accepted target: class=apple, conf=0.88, cx=445.3, cy=220.2, score=0.726, stable=4620, candidates=5
[vitis_ai_detector_node-2] [INFO] [1785992357.580561520] [vitis_ai_detector_node]: Collecting metrics: 4638 rows (CSV -> /home/ubuntu/ros2_ws/evidence/metrics/runs/shm_gate030_20260805/performance/detector.csv)
[pick_logic-3] [INFO] [1785992357.810390040] [pick_logic_node]: Accepted target: class=apple, conf=0.88, cx=445.3, cy=220.2, score=0.728, stable=4643, candidates=5
[vitis_ai_detector_node-2] [INFO] [1785992358.608685406] [vitis_ai_detector_node]: Collecting metrics: 4661 rows (CSV -> /home/ubuntu/ros2_ws/evidence/metrics/runs/shm_gate030_20260805/performance/detector.csv)
[pick_logic-3] [INFO] [1785992358.845606994] [pick_logic_node]: Accepted target: class=apple, conf=0.88, cx=445.3, cy=220.2, score=0.726, stable=4666, candidates=5
[vitis_ai_detector_node-2] [INFO] [1785992359.640962642] [vitis_ai_detector_node]: Collecting metrics: 4683 rows (CSV -> /home/ubuntu/ros2_ws/evidence/metrics/runs/shm_gate030_20260805/performance/detector.csv)
[pick_logic-3] [INFO] [1785992359.882345352] [pick_logic_node]: Accepted target: class=apple, conf=0.88, cx=444.4, cy=219.3, score=0.728, stable=4688, candidates=5
[vitis_ai_detector_node-2] [INFO] [1785992360.673402423] [vitis_ai_detector_node]: Collecting metrics: 4703 rows (CSV -> /home/ubuntu/ros2_ws/evidence/metrics/runs/shm_gate030_20260805/performance/detector.csv)
[pick_logic-3] [INFO] [1785992360.916025311] [pick_logic_node]: Accepted target: class=apple, conf=0.88, cx=445.3, cy=220.2, score=0.726, stable=4708, candidates=5
[vitis_ai_detector_node-2] [INFO] [1785992361.656568809] [vitis_ai_detector_node]: Collecting metrics: 4725 rows (CSV -> /home/ubuntu/ros2_ws/evidence/metrics/runs/shm_gate030_20260805/performance/detector.csv)
[pick_logic-3] [INFO] [1785992361.920144635] [pick_logic_node]: Accepted target: class=apple, conf=0.88, cx=444.4, cy=219.3, score=0.728, stable=4731, candidates=5
[vitis_ai_detector_node-2] [INFO] [1785992362.675891334] [vitis_ai_detector_node]: Collecting metrics: 4747 rows (CSV -> /home/ubuntu/ros2_ws/evidence/metrics/runs/shm_gate030_20260805/performance/detector.csv)
[pick_logic-3] [INFO] [1785992362.946010261] [pick_logic_node]: Accepted target: class=apple, conf=0.88, cx=444.4, cy=219.3, score=0.728, stable=4753, candidates=5
[vitis_ai_detector_node-2] [INFO] [1785992363.686200898] [vitis_ai_detector_node]: Collecting metrics: 4769 rows (CSV -> /home/ubuntu/ros2_ws/evidence/metrics/runs/shm_gate030_20260805/performance/detector.csv)
[pick_logic-3] [INFO] [1785992363.978281018] [pick_logic_node]: Accepted target: class=apple, conf=0.88, cx=445.3, cy=220.2, score=0.726, stable=4775, candidates=5
[vitis_ai_detector_node-2] [INFO] [1785992364.680415722] [vitis_ai_detector_node]: Collecting metrics: 4791 rows (CSV -> /home/ubuntu/ros2_ws/evidence/metrics/runs/shm_gate030_20260805/performance/detector.csv)
[pick_logic-3] [INFO] [1785992364.973971163] [pick_logic_node]: Accepted target: class=apple, conf=0.88, cx=445.3, cy=220.2, score=0.726, stable=4797, candidates=5
[vitis_ai_detector_node-2] [INFO] [1785992365.709590850] [vitis_ai_detector_node]: Collecting metrics: 4813 rows (CSV -> /home/ubuntu/ros2_ws/evidence/metrics/runs/shm_gate030_20260805/performance/detector.csv)
[pick_logic-3] [INFO] [1785992365.998438897] [pick_logic_node]: Accepted target: class=apple, conf=0.88, cx=444.4, cy=219.3, score=0.727, stable=4820, candidates=5
[vitis_ai_detector_node-2] [INFO] [1785992366.714533737] [vitis_ai_detector_node]: Collecting metrics: 4836 rows (CSV -> /home/ubuntu/ros2_ws/evidence/metrics/runs/shm_gate030_20260805/performance/detector.csv)
[pick_logic-3] [INFO] [1785992367.043878832] [pick_logic_node]: Accepted target: class=apple, conf=0.88, cx=445.3, cy=220.2, score=0.726, stable=4843, candidates=5
[vitis_ai_detector_node-2] [INFO] [1785992367.733795014] [vitis_ai_detector_node]: Collecting metrics: 4857 rows (CSV -> /home/ubuntu/ros2_ws/evidence/metrics/runs/shm_gate030_20260805/performance/detector.csv)
[pick_logic-3] [INFO] [1785992368.060752907] [pick_logic_node]: Accepted target: class=apple, conf=0.88, cx=445.3, cy=220.2, score=0.726, stable=4864, candidates=5
[vitis_ai_detector_node-2] [INFO] [1785992368.755471706] [vitis_ai_detector_node]: Collecting metrics: 4878 rows (CSV -> /home/ubuntu/ros2_ws/evidence/metrics/runs/shm_gate030_20260805/performance/detector.csv)
[pick_logic-3] [INFO] [1785992369.096912819] [pick_logic_node]: Accepted target: class=apple, conf=0.88, cx=444.4, cy=219.3, score=0.725, stable=4886, candidates=5
[vitis_ai_detector_node-2] [INFO] [1785992369.750266710] [vitis_ai_detector_node]: Collecting metrics: 4900 rows (CSV -> /home/ubuntu/ros2_ws/evidence/metrics/runs/shm_gate030_20260805/performance/detector.csv)
[pick_logic-3] [INFO] [1785992370.121168410] [pick_logic_node]: Accepted target: class=apple, conf=0.88, cx=445.3, cy=220.2, score=0.727, stable=4908, candidates=5
[vitis_ai_detector_node-2] [INFO] [1785992370.784894835] [vitis_ai_detector_node]: Collecting metrics: 4921 rows (CSV -> /home/ubuntu/ros2_ws/evidence/metrics/runs/shm_gate030_20260805/performance/detector.csv)
[pick_logic-3] [INFO] [1785992371.139801706] [pick_logic_node]: Accepted target: class=apple, conf=0.88, cx=445.3, cy=220.2, score=0.726, stable=4929, candidates=5
[vitis_ai_detector_node-2] [INFO] [1785992371.784815185] [vitis_ai_detector_node]: Collecting metrics: 4943 rows (CSV -> /home/ubuntu/ros2_ws/evidence/metrics/runs/shm_gate030_20260805/performance/detector.csv)
[pick_logic-3] [INFO] [1785992372.155399902] [pick_logic_node]: Accepted target: class=apple, conf=0.88, cx=444.4, cy=219.3, score=0.728, stable=4952, candidates=5
[vitis_ai_detector_node-2] [INFO] [1785992372.816433293] [vitis_ai_detector_node]: Collecting metrics: 4966 rows (CSV -> /home/ubuntu/ros2_ws/evidence/metrics/runs/shm_gate030_20260805/performance/detector.csv)
[pick_logic-3] [INFO] [1785992373.189244172] [pick_logic_node]: Accepted target: class=apple, conf=0.88, cx=445.3, cy=220.2, score=0.726, stable=4974, candidates=5
[vitis_ai_detector_node-2] [INFO] [1785992373.799740098] [vitis_ai_detector_node]: Collecting metrics: 4987 rows (CSV -> /home/ubuntu/ros2_ws/evidence/metrics/runs/shm_gate030_20260805/performance/detector.csv)
[pick_logic-3] [INFO] [1785992374.198101080] [pick_logic_node]: Accepted target: class=apple, conf=0.88, cx=444.4, cy=219.3, score=0.728, stable=4996, candidates=5
[vitis_ai_detector_node-2] [INFO] [1785992374.796751944] [vitis_ai_detector_node]: Collecting metrics: 5008 rows (CSV -> /home/ubuntu/ros2_ws/evidence/metrics/runs/shm_gate030_20260805/performance/detector.csv)
[pick_logic-3] [INFO] [1785992375.230698578] [pick_logic_node]: Accepted target: class=apple, conf=0.88, cx=445.3, cy=220.2, score=0.726, stable=5018, candidates=5
[vitis_ai_detector_node-2] [INFO] [1785992375.859940506] [vitis_ai_detector_node]: Collecting metrics: 5031 rows (CSV -> /home/ubuntu/ros2_ws/evidence/metrics/runs/shm_gate030_20260805/performance/detector.csv)
[pick_logic-3] [INFO] [1785992376.239300307] [pick_logic_node]: Accepted target: class=apple, conf=0.88, cx=444.4, cy=220.2, score=0.726, stable=5039, candidates=5
[vitis_ai_detector_node-2] [INFO] [1785992376.852123200] [vitis_ai_detector_node]: Collecting metrics: 5052 rows (CSV -> /home/ubuntu/ros2_ws/evidence/metrics/runs/shm_gate030_20260805/performance/detector.csv)
[pick_logic-3] [INFO] [1785992377.308973602] [pick_logic_node]: Accepted target: class=apple, conf=0.88, cx=445.3, cy=220.2, score=0.726, stable=5061, candidates=5
[vitis_ai_detector_node-2] [INFO] [1785992377.886803793] [vitis_ai_detector_node]: Collecting metrics: 5074 rows (CSV -> /home/ubuntu/ros2_ws/evidence/metrics/runs/shm_gate030_20260805/performance/detector.csv)
[pick_logic-3] [INFO] [1785992378.311388570] [pick_logic_node]: Accepted target: class=apple, conf=0.88, cx=444.4, cy=219.3, score=0.726, stable=5083, candidates=5
[vitis_ai_detector_node-2] [INFO] [1785992378.917474102] [vitis_ai_detector_node]: Collecting metrics: 5097 rows (CSV -> /home/ubuntu/ros2_ws/evidence/metrics/runs/shm_gate030_20260805/performance/detector.csv)
[pick_logic-3] [INFO] [1785992379.324781783] [pick_logic_node]: Accepted target: class=apple, conf=0.88, cx=445.3, cy=220.2, score=0.726, stable=5106, candidates=5
[vitis_ai_detector_node-2] [INFO] [1785992379.956219746] [vitis_ai_detector_node]: Collecting metrics: 5118 rows (CSV -> /home/ubuntu/ros2_ws/evidence/metrics/runs/shm_gate030_20260805/performance/detector.csv)
[pick_logic-3] [INFO] [1785992380.360600197] [pick_logic_node]: Accepted target: class=apple, conf=0.88, cx=445.3, cy=220.2, score=0.726, stable=5126, candidates=5
[vitis_ai_detector_node-2] [INFO] [1785992380.990789485] [vitis_ai_detector_node]: Collecting metrics: 5140 rows (CSV -> /home/ubuntu/ros2_ws/evidence/metrics/runs/shm_gate030_20260805/performance/detector.csv)
[pick_logic-3] [INFO] [1785992381.359673146] [pick_logic_node]: Accepted target: class=apple, conf=0.88, cx=444.4, cy=219.3, score=0.728, stable=5148, candidates=5
[vitis_ai_detector_node-2] [INFO] [1785992381.999596380] [vitis_ai_detector_node]: Collecting metrics: 5161 rows (CSV -> /home/ubuntu/ros2_ws/evidence/metrics/runs/shm_gate030_20260805/performance/detector.csv)
[pick_logic-3] [INFO] [1785992382.393593459] [pick_logic_node]: Accepted target: class=apple, conf=0.88, cx=445.3, cy=220.2, score=0.727, stable=5169, candidates=5
[vitis_ai_detector_node-2] [INFO] [1785992383.020993681] [vitis_ai_detector_node]: Collecting metrics: 5182 rows (CSV -> /home/ubuntu/ros2_ws/evidence/metrics/runs/shm_gate030_20260805/performance/detector.csv)
[pick_logic-3] [INFO] [1785992383.425679009] [pick_logic_node]: Accepted target: class=apple, conf=0.88, cx=444.4, cy=219.3, score=0.726, stable=5190, candidates=5
[vitis_ai_detector_node-2] [INFO] [1785992384.035568511] [vitis_ai_detector_node]: Collecting metrics: 5203 rows (CSV -> /home/ubuntu/ros2_ws/evidence/metrics/runs/shm_gate030_20260805/performance/detector.csv)
[pick_logic-3] [INFO] [1785992384.455828385] [pick_logic_node]: Accepted target: class=apple, conf=0.88, cx=444.4, cy=219.3, score=0.728, stable=5212, candidates=5
[vitis_ai_detector_node-2] [INFO] [1785992385.055049410] [vitis_ai_detector_node]: Collecting metrics: 5224 rows (CSV -> /home/ubuntu/ros2_ws/evidence/metrics/runs/shm_gate030_20260805/performance/detector.csv)
[pick_logic-3] [INFO] [1785992385.496961344] [pick_logic_node]: Accepted target: class=apple, conf=0.88, cx=444.4, cy=219.3, score=0.726, stable=5232, candidates=5
[vitis_ai_detector_node-2] [INFO] [1785992386.115863393] [vitis_ai_detector_node]: Collecting metrics: 5245 rows (CSV -> /home/ubuntu/ros2_ws/evidence/metrics/runs/shm_gate030_20260805/performance/detector.csv)
[pick_logic-3] [INFO] [1785992386.518290153] [pick_logic_node]: Accepted target: class=apple, conf=0.88, cx=445.3, cy=220.2, score=0.726, stable=5253, candidates=5
[vitis_ai_detector_node-2] [INFO] [1785992387.126037139] [vitis_ai_detector_node]: Collecting metrics: 5267 rows (CSV -> /home/ubuntu/ros2_ws/evidence/metrics/runs/shm_gate030_20260805/performance/detector.csv)
[pick_logic-3] [INFO] [1785992387.569368914] [pick_logic_node]: Accepted target: class=apple, conf=0.88, cx=444.4, cy=219.3, score=0.727, stable=5276, candidates=5
[vitis_ai_detector_node-2] [INFO] [1785992388.140354404] [vitis_ai_detector_node]: Collecting metrics: 5289 rows (CSV -> /home/ubuntu/ros2_ws/evidence/metrics/runs/shm_gate030_20260805/performance/detector.csv)
[pick_logic-3] [INFO] [1785992388.607549300] [pick_logic_node]: Accepted target: class=apple, conf=0.88, cx=444.4, cy=220.2, score=0.726, stable=5299, candidates=5
[vitis_ai_detector_node-2] [INFO] [1785992389.150869179] [vitis_ai_detector_node]: Collecting metrics: 5310 rows (CSV -> /home/ubuntu/ros2_ws/evidence/metrics/runs/shm_gate030_20260805/performance/detector.csv)
[pick_logic-3] [INFO] [1785992389.666538526] [pick_logic_node]: Accepted target: class=apple, conf=0.88, cx=444.4, cy=219.3, score=0.726, stable=5320, candidates=5
[vitis_ai_detector_node-2] [INFO] [1785992390.160025498] [vitis_ai_detector_node]: Collecting metrics: 5331 rows (CSV -> /home/ubuntu/ros2_ws/evidence/metrics/runs/shm_gate030_20260805/performance/detector.csv)
[pick_logic-3] [INFO] [1785992390.673542846] [pick_logic_node]: Accepted target: class=apple, conf=0.88, cx=444.4, cy=219.3, score=0.728, stable=5342, candidates=5
[vitis_ai_detector_node-2] [INFO] [1785992391.163951626] [vitis_ai_detector_node]: Collecting metrics: 5353 rows (CSV -> /home/ubuntu/ros2_ws/evidence/metrics/runs/shm_gate030_20260805/performance/detector.csv)
[pick_logic-3] [INFO] [1785992391.713016327] [pick_logic_node]: Accepted target: class=apple, conf=0.88, cx=445.3, cy=220.2, score=0.726, stable=5363, candidates=5
[vitis_ai_detector_node-2] [INFO] [1785992392.203405898] [vitis_ai_detector_node]: Collecting metrics: 5373 rows (CSV -> /home/ubuntu/ros2_ws/evidence/metrics/runs/shm_gate030_20260805/performance/detector.csv)
[pick_logic-3] [INFO] [1785992392.731794634] [pick_logic_node]: Accepted target: class=apple, conf=0.88, cx=444.4, cy=219.3, score=0.726, stable=5384, candidates=5
[vitis_ai_detector_node-2] [INFO] [1785992393.221411715] [vitis_ai_detector_node]: Collecting metrics: 5395 rows (CSV -> /home/ubuntu/ros2_ws/evidence/metrics/runs/shm_gate030_20260805/performance/detector.csv)
[pick_logic-3] [INFO] [1785992393.738649599] [pick_logic_node]: Accepted target: class=apple, conf=0.88, cx=444.4, cy=219.3, score=0.725, stable=5406, candidates=5
[vitis_ai_detector_node-2] [INFO] [1785992394.262406273] [vitis_ai_detector_node]: Collecting metrics: 5417 rows (CSV -> /home/ubuntu/ros2_ws/evidence/metrics/runs/shm_gate030_20260805/performance/detector.csv)
[pick_logic-3] [INFO] [1785992394.771692968] [pick_logic_node]: Accepted target: class=apple, conf=0.88, cx=445.3, cy=220.2, score=0.726, stable=5427, candidates=5
[vitis_ai_detector_node-2] [INFO] [1785992395.295921260] [vitis_ai_detector_node]: Collecting metrics: 5438 rows (CSV -> /home/ubuntu/ros2_ws/evidence/metrics/runs/shm_gate030_20260805/performance/detector.csv)
[pick_logic-3] [INFO] [1785992395.776141564] [pick_logic_node]: Accepted target: class=apple, conf=0.88, cx=444.4, cy=219.3, score=0.728, stable=5448, candidates=5
[vitis_ai_detector_node-2] [INFO] [1785992396.332787346] [vitis_ai_detector_node]: Collecting metrics: 5461 rows (CSV -> /home/ubuntu/ros2_ws/evidence/metrics/runs/shm_gate030_20260805/performance/detector.csv)
[pick_logic-3] [INFO] [1785992396.811227136] [pick_logic_node]: Accepted target: class=apple, conf=0.88, cx=444.4, cy=219.3, score=0.728, stable=5471, candidates=5
[vitis_ai_detector_node-2] [INFO] [1785992397.408218237] [vitis_ai_detector_node]: Collecting metrics: 5483 rows (CSV -> /home/ubuntu/ros2_ws/evidence/metrics/runs/shm_gate030_20260805/performance/detector.csv)
[pick_logic-3] [INFO] [1785992397.846732806] [pick_logic_node]: Accepted target: class=apple, conf=0.88, cx=445.3, cy=220.2, score=0.727, stable=5493, candidates=5
[vitis_ai_detector_node-2] [INFO] [1785992398.382686144] [vitis_ai_detector_node]: Collecting metrics: 5505 rows (CSV -> /home/ubuntu/ros2_ws/evidence/metrics/runs/shm_gate030_20260805/performance/detector.csv)
[pick_logic-3] [INFO] [1785992398.875724318] [pick_logic_node]: Accepted target: class=apple, conf=0.88, cx=444.4, cy=219.3, score=0.728, stable=5515, candidates=5
[vitis_ai_detector_node-2] [INFO] [1785992399.426184128] [vitis_ai_detector_node]: Collecting metrics: 5526 rows (CSV -> /home/ubuntu/ros2_ws/evidence/metrics/runs/shm_gate030_20260805/performance/detector.csv)
[pick_logic-3] [INFO] [1785992399.878880155] [pick_logic_node]: Accepted target: class=apple, conf=0.88, cx=444.4, cy=219.3, score=0.728, stable=5535, candidates=5
[vitis_ai_detector_node-2] [INFO] [1785992400.477368431] [vitis_ai_detector_node]: Collecting metrics: 5547 rows (CSV -> /home/ubuntu/ros2_ws/evidence/metrics/runs/shm_gate030_20260805/performance/detector.csv)
[pick_logic-3] [INFO] [1785992400.879778163] [pick_logic_node]: Accepted target: class=apple, conf=0.88, cx=445.3, cy=220.2, score=0.726, stable=5556, candidates=5
[vitis_ai_detector_node-2] [INFO] [1785992401.539876183] [vitis_ai_detector_node]: Collecting metrics: 5568 rows (CSV -> /home/ubuntu/ros2_ws/evidence/metrics/runs/shm_gate030_20260805/performance/detector.csv)
[pick_logic-3] [INFO] [1785992401.882510978] [pick_logic_node]: Accepted target: class=apple, conf=0.88, cx=444.4, cy=219.3, score=0.726, stable=5574, candidates=5
[vitis_ai_detector_node-2] [INFO] [1785992402.533909270] [vitis_ai_detector_node]: Collecting metrics: 5588 rows (CSV -> /home/ubuntu/ros2_ws/evidence/metrics/runs/shm_gate030_20260805/performance/detector.csv)
[pick_logic-3] [INFO] [1785992402.910153091] [pick_logic_node]: Accepted target: class=apple, conf=0.88, cx=445.3, cy=220.2, score=0.728, stable=5595, candidates=5
[vitis_ai_detector_node-2] [INFO] [1785992403.539076072] [vitis_ai_detector_node]: Collecting metrics: 5609 rows (CSV -> /home/ubuntu/ros2_ws/evidence/metrics/runs/shm_gate030_20260805/performance/detector.csv)
[pick_logic-3] [INFO] [1785992403.914376571] [pick_logic_node]: Accepted target: class=apple, conf=0.88, cx=444.4, cy=219.3, score=0.728, stable=5617, candidates=5
[vitis_ai_detector_node-2] [INFO] [1785992404.601647952] [vitis_ai_detector_node]: Collecting metrics: 5630 rows (CSV -> /home/ubuntu/ros2_ws/evidence/metrics/runs/shm_gate030_20260805/performance/detector.csv)
[pick_logic-3] [INFO] [1785992404.932906102] [pick_logic_node]: Accepted target: class=apple, conf=0.88, cx=444.4, cy=219.3, score=0.728, stable=5636, candidates=5
[vitis_ai_detector_node-2] [INFO] [1785992405.612449518] [vitis_ai_detector_node]: Collecting metrics: 5651 rows (CSV -> /home/ubuntu/ros2_ws/evidence/metrics/runs/shm_gate030_20260805/performance/detector.csv)
[pick_logic-3] [INFO] [1785992405.969394104] [pick_logic_node]: Accepted target: class=apple, conf=0.88, cx=445.3, cy=220.2, score=0.727, stable=5658, candidates=5
[vitis_ai_detector_node-2] [INFO] [1785992406.645431912] [vitis_ai_detector_node]: Collecting metrics: 5673 rows (CSV -> /home/ubuntu/ros2_ws/evidence/metrics/runs/shm_gate030_20260805/performance/detector.csv)
[pick_logic-3] [INFO] [1785992406.980191042] [pick_logic_node]: Accepted target: class=apple, conf=0.88, cx=445.3, cy=220.2, score=0.727, stable=5680, candidates=5
[vitis_ai_detector_node-2] [INFO] [1785992407.703249594] [vitis_ai_detector_node]: Collecting metrics: 5695 rows (CSV -> /home/ubuntu/ros2_ws/evidence/metrics/runs/shm_gate030_20260805/performance/detector.csv)
[pick_logic-3] [INFO] [1785992407.980519047] [pick_logic_node]: Accepted target: class=apple, conf=0.88, cx=444.4, cy=219.3, score=0.728, stable=5701, candidates=5
[vitis_ai_detector_node-2] [INFO] [1785992408.689271572] [vitis_ai_detector_node]: Collecting metrics: 5716 rows (CSV -> /home/ubuntu/ros2_ws/evidence/metrics/runs/shm_gate030_20260805/performance/detector.csv)
[pick_logic-3] [INFO] [1785992409.020541785] [pick_logic_node]: Accepted target: class=apple, conf=0.88, cx=445.3, cy=220.2, score=0.726, stable=5723, candidates=5
[vitis_ai_detector_node-2] [INFO] [1785992409.710895426] [vitis_ai_detector_node]: Collecting metrics: 5738 rows (CSV -> /home/ubuntu/ros2_ws/evidence/metrics/runs/shm_gate030_20260805/performance/detector.csv)
[pick_logic-3] [INFO] [1785992410.055180480] [pick_logic_node]: Accepted target: class=apple, conf=0.88, cx=444.4, cy=219.3, score=0.728, stable=5745, candidates=5
[vitis_ai_detector_node-2] [INFO] [1785992410.752603221] [vitis_ai_detector_node]: Collecting metrics: 5760 rows (CSV -> /home/ubuntu/ros2_ws/evidence/metrics/runs/shm_gate030_20260805/performance/detector.csv)
[pick_logic-3] [INFO] [1785992411.079788968] [pick_logic_node]: Accepted target: class=apple, conf=0.88, cx=445.3, cy=220.2, score=0.726, stable=5767, candidates=5
[vitis_ai_detector_node-2] [INFO] [1785992411.742506530] [vitis_ai_detector_node]: Collecting metrics: 5780 rows (CSV -> /home/ubuntu/ros2_ws/evidence/metrics/runs/shm_gate030_20260805/performance/detector.csv)
[pick_logic-3] [INFO] [1785992412.115853638] [pick_logic_node]: Accepted target: class=apple, conf=0.88, cx=445.3, cy=220.2, score=0.726, stable=5788, candidates=5
[vitis_ai_detector_node-2] [INFO] [1785992412.788049742] [vitis_ai_detector_node]: Collecting metrics: 5803 rows (CSV -> /home/ubuntu/ros2_ws/evidence/metrics/runs/shm_gate030_20260805/performance/detector.csv)
[pick_logic-3] [INFO] [1785992413.119907386] [pick_logic_node]: Accepted target: class=apple, conf=0.88, cx=445.3, cy=220.2, score=0.726, stable=5810, candidates=5
[vitis_ai_detector_node-2] [INFO] [1785992413.819907357] [vitis_ai_detector_node]: Collecting metrics: 5825 rows (CSV -> /home/ubuntu/ros2_ws/evidence/metrics/runs/shm_gate030_20260805/performance/detector.csv)
[pick_logic-3] [INFO] [1785992414.123782963] [pick_logic_node]: Accepted target: class=apple, conf=0.88, cx=445.3, cy=220.2, score=0.726, stable=5832, candidates=5
[vitis_ai_detector_node-2] [INFO] [1785992414.815646713] [vitis_ai_detector_node]: Collecting metrics: 5846 rows (CSV -> /home/ubuntu/ros2_ws/evidence/metrics/runs/shm_gate030_20260805/performance/detector.csv)
[pick_logic-3] [INFO] [1785992415.149995283] [pick_logic_node]: Accepted target: class=apple, conf=0.88, cx=444.4, cy=219.3, score=0.728, stable=5853, candidates=5
[vitis_ai_detector_node-2] [INFO] [1785992415.847201838] [vitis_ai_detector_node]: Collecting metrics: 5868 rows (CSV -> /home/ubuntu/ros2_ws/evidence/metrics/runs/shm_gate030_20260805/performance/detector.csv)
[pick_logic-3] [INFO] [1785992416.183662918] [pick_logic_node]: Accepted target: class=apple, conf=0.88, cx=444.4, cy=219.3, score=0.728, stable=5875, candidates=5
[vitis_ai_detector_node-2] [INFO] [1785992416.862100394] [vitis_ai_detector_node]: Collecting metrics: 5888 rows (CSV -> /home/ubuntu/ros2_ws/evidence/metrics/runs/shm_gate030_20260805/performance/detector.csv)
[pick_logic-3] [INFO] [1785992417.190815947] [pick_logic_node]: Accepted target: class=apple, conf=0.88, cx=444.4, cy=219.3, score=0.728, stable=5895, candidates=5
[vitis_ai_detector_node-2] [INFO] [1785992417.853375205] [vitis_ai_detector_node]: Collecting metrics: 5909 rows (CSV -> /home/ubuntu/ros2_ws/evidence/metrics/runs/shm_gate030_20260805/performance/detector.csv)
[pick_logic-3] [INFO] [1785992418.194233297] [pick_logic_node]: Accepted target: class=apple, conf=0.88, cx=445.3, cy=220.2, score=0.726, stable=5917, candidates=5
[vitis_ai_detector_node-2] [INFO] [1785992418.888314784] [vitis_ai_detector_node]: Collecting metrics: 5931 rows (CSV -> /home/ubuntu/ros2_ws/evidence/metrics/runs/shm_gate030_20260805/performance/detector.csv)
[pick_logic-3] [INFO] [1785992419.203440819] [pick_logic_node]: Accepted target: class=apple, conf=0.88, cx=444.4, cy=220.2, score=0.726, stable=5938, candidates=5
[vitis_ai_detector_node-2] [INFO] [1785992419.922841989] [vitis_ai_detector_node]: Collecting metrics: 5954 rows (CSV -> /home/ubuntu/ros2_ws/evidence/metrics/runs/shm_gate030_20260805/performance/detector.csv)
[pick_logic-3] [INFO] [1785992420.253497811] [pick_logic_node]: Accepted target: class=apple, conf=0.88, cx=445.3, cy=220.2, score=0.726, stable=5961, candidates=5
[vitis_ai_detector_node-2] [INFO] [1785992420.950637343] [vitis_ai_detector_node]: Collecting metrics: 5976 rows (CSV -> /home/ubuntu/ros2_ws/evidence/metrics/runs/shm_gate030_20260805/performance/detector.csv)
[pick_logic-3] [INFO] [1785992421.285855109] [pick_logic_node]: Accepted target: class=apple, conf=0.88, cx=445.3, cy=220.2, score=0.726, stable=5983, candidates=5
[vitis_ai_detector_node-2] [INFO] [1785992421.954410855] [vitis_ai_detector_node]: Collecting metrics: 5997 rows (CSV -> /home/ubuntu/ros2_ws/evidence/metrics/runs/shm_gate030_20260805/performance/detector.csv)
[pick_logic-3] [INFO] [1785992422.311650038] [pick_logic_node]: Accepted target: class=apple, conf=0.88, cx=444.4, cy=219.3, score=0.728, stable=6005, candidates=5
[vitis_ai_detector_node-2] [INFO] [1785992422.987960083] [vitis_ai_detector_node]: Collecting metrics: 6020 rows (CSV -> /home/ubuntu/ros2_ws/evidence/metrics/runs/shm_gate030_20260805/performance/detector.csv)
[pick_logic-3] [INFO] [1785992423.319464129] [pick_logic_node]: Accepted target: class=apple, conf=0.88, cx=445.3, cy=220.2, score=0.728, stable=6027, candidates=5
[vitis_ai_detector_node-2] [INFO] [1785992423.989525980] [vitis_ai_detector_node]: Collecting metrics: 6042 rows (CSV -> /home/ubuntu/ros2_ws/evidence/metrics/runs/shm_gate030_20260805/performance/detector.csv)
[pick_logic-3] [INFO] [1785992424.331402710] [pick_logic_node]: Accepted target: class=apple, conf=0.88, cx=445.3, cy=220.2, score=0.726, stable=6050, candidates=5
[python3-7] [resource_sampler] wrote 300 rows to /home/ubuntu/ros2_ws/evidence/metrics/runs/shm_gate030_20260805/resource/run.csv
[vitis_ai_detector_node-2] [INFO] [1785992425.050910069] [vitis_ai_detector_node]: Collecting metrics: 6065 rows (CSV -> /home/ubuntu/ros2_ws/evidence/metrics/runs/shm_gate030_20260805/performance/detector.csv)
[INFO] [python3-7]: process has finished cleanly [pid 12929]
[pick_logic-3] [INFO] [1785992425.332545383] [pick_logic_node]: Accepted target: class=apple, conf=0.88, cx=445.3, cy=220.2, score=0.726, stable=6071, candidates=5
[vitis_ai_detector_node-2] [INFO] [1785992426.080364377] [vitis_ai_detector_node]: Collecting metrics: 6087 rows (CSV -> /home/ubuntu/ros2_ws/evidence/metrics/runs/shm_gate030_20260805/performance/detector.csv)
[pick_logic-3] [INFO] [1785992426.374625357] [pick_logic_node]: Accepted target: class=apple, conf=0.88, cx=444.4, cy=219.3, score=0.728, stable=6092, candidates=5
[vitis_ai_detector_node-2] [INFO] [1785992427.062953436] [vitis_ai_detector_node]: Collecting metrics: 6104 rows (CSV -> /home/ubuntu/ros2_ws/evidence/metrics/runs/shm_gate030_20260805/performance/detector.csv)
[pick_logic-3] [INFO] [1785992427.400442518] [pick_logic_node]: Accepted target: class=apple, conf=0.88, cx=445.3, cy=220.2, score=0.726, stable=6111, candidates=5
[vitis_ai_detector_node-2] [INFO] [1785992428.088032497] [vitis_ai_detector_node]: Collecting metrics: 6125 rows (CSV -> /home/ubuntu/ros2_ws/evidence/metrics/runs/shm_gate030_20260805/performance/detector.csv)
[pick_logic-3] [INFO] [1785992428.433385939] [pick_logic_node]: Accepted target: class=apple, conf=0.88, cx=445.3, cy=220.2, score=0.726, stable=6132, candidates=5
[vitis_ai_detector_node-2] [INFO] [1785992429.091355318] [vitis_ai_detector_node]: Collecting metrics: 6146 rows (CSV -> /home/ubuntu/ros2_ws/evidence/metrics/runs/shm_gate030_20260805/performance/detector.csv)
[pick_logic-3] [INFO] [1785992429.437309489] [pick_logic_node]: Accepted target: class=apple, conf=0.90, cx=444.4, cy=220.2, score=0.739, stable=6154, candidates=5
[vitis_ai_detector_node-2] [INFO] [1785992430.089889234] [vitis_ai_detector_node]: Collecting metrics: 6168 rows (CSV -> /home/ubuntu/ros2_ws/evidence/metrics/runs/shm_gate030_20260805/performance/detector.csv)
[pick_logic-3] [INFO] [1785992430.477457705] [pick_logic_node]: Accepted target: class=apple, conf=0.88, cx=445.3, cy=220.2, score=0.726, stable=6177, candidates=5
[vitis_ai_detector_node-2] [INFO] [1785992431.126830377] [vitis_ai_detector_node]: Collecting metrics: 6191 rows (CSV -> /home/ubuntu/ros2_ws/evidence/metrics/runs/shm_gate030_20260805/performance/detector.csv)
[pick_logic-3] [INFO] [1785992431.535841027] [pick_logic_node]: Accepted target: class=apple, conf=0.88, cx=445.3, cy=220.2, score=0.726, stable=6199, candidates=5
[vitis_ai_detector_node-2] [INFO] [1785992432.165123321] [vitis_ai_detector_node]: Collecting metrics: 6212 rows (CSV -> /home/ubuntu/ros2_ws/evidence/metrics/runs/shm_gate030_20260805/performance/detector.csv)
[pick_logic-3] [INFO] [1785992432.556978703] [pick_logic_node]: Accepted target: class=apple, conf=0.88, cx=445.3, cy=220.2, score=0.726, stable=6220, candidates=5
[vitis_ai_detector_node-2] [INFO] [1785992433.183795244] [vitis_ai_detector_node]: Collecting metrics: 6234 rows (CSV -> /home/ubuntu/ros2_ws/evidence/metrics/runs/shm_gate030_20260805/performance/detector.csv)
[pick_logic-3] [INFO] [1785992433.565481725] [pick_logic_node]: Accepted target: class=apple, conf=0.88, cx=444.4, cy=219.3, score=0.728, stable=6241, candidates=5
[vitis_ai_detector_node-2] [INFO] [1785992434.193972491] [vitis_ai_detector_node]: Collecting metrics: 6255 rows (CSV -> /home/ubuntu/ros2_ws/evidence/metrics/runs/shm_gate030_20260805/performance/detector.csv)
[pick_logic-3] [INFO] [1785992434.578658924] [pick_logic_node]: Accepted target: class=apple, conf=0.88, cx=444.4, cy=219.3, score=0.728, stable=6263, candidates=5
[vitis_ai_detector_node-2] [INFO] [1785992435.197090061] [vitis_ai_detector_node]: Collecting metrics: 6276 rows (CSV -> /home/ubuntu/ros2_ws/evidence/metrics/runs/shm_gate030_20260805/performance/detector.csv)
[pick_logic-3] [INFO] [1785992435.597002788] [pick_logic_node]: Accepted target: class=apple, conf=0.90, cx=444.4, cy=220.2, score=0.739, stable=6284, candidates=5
[vitis_ai_detector_node-2] [INFO] [1785992436.238659999] [vitis_ai_detector_node]: Collecting metrics: 6299 rows (CSV -> /home/ubuntu/ros2_ws/evidence/metrics/runs/shm_gate030_20260805/performance/detector.csv)
[pick_logic-3] [INFO] [1785992436.599964009] [pick_logic_node]: Accepted target: class=apple, conf=0.88, cx=444.4, cy=220.2, score=0.726, stable=6307, candidates=5
[vitis_ai_detector_node-2] [INFO] [1785992437.291480056] [vitis_ai_detector_node]: Collecting metrics: 6322 rows (CSV -> /home/ubuntu/ros2_ws/evidence/metrics/runs/shm_gate030_20260805/performance/detector.csv)
[pick_logic-3] [INFO] [1785992437.641649432] [pick_logic_node]: Accepted target: class=apple, conf=0.88, cx=444.4, cy=219.3, score=0.728, stable=6330, candidates=5
[vitis_ai_detector_node-2] [INFO] [1785992439.049227421] [vitis_ai_detector_node]: Saved 6343 metric rows to /home/ubuntu/ros2_ws/evidence/metrics/runs/shm_gate030_20260805/performance/detector.csv
[vitis_ai_detector_node-2] [INFO] [1785992439.063944386] [vitis_ai_detector_node]: Metrics window 300s complete: 6343 rows saved to /home/ubuntu/ros2_ws/evidence/metrics/runs/shm_gate030_20260805/performance/detector.csv. You can stop the launch now (Ctrl-C).
[vitis_ai_detector_node-2] [INFO] [1785992439.101980396] [vitis_ai_detector_node]: Metrics window done: 6343 rows saved. Idle (Ctrl-C to exit).
[pick_logic-3] [INFO] [1785992439.106601480] [pick_logic_node]: Accepted target: class=apple, conf=0.88, cx=445.3, cy=220.2, score=0.727, stable=6344, candidates=5
[pick_logic-3] [INFO] [1785992439.378974624] [pick_logic_node]: Saved 6344 metric rows to /home/ubuntu/ros2_ws/evidence/metrics/runs/shm_gate030_20260805/performance/pick_logic.csv
[pick_logic-3] [INFO] [1785992439.385711838] [pick_logic_node]: Metrics window 300s complete: 6344 rows -> /home/ubuntu/ros2_ws/evidence/metrics/runs/shm_gate030_20260805/performance/pick_logic.csv. You can stop now (Ctrl-C).
[pick_target_3d_node-4] [INFO] [1785992439.505356314] [pick_target_3d_node]: Saved 6309 metric rows to /home/ubuntu/ros2_ws/evidence/metrics/runs/shm_gate030_20260805/performance/target_3d.csv
[pick_target_3d_node-4] [INFO] [1785992439.509661984] [pick_target_3d_node]: Metrics window 300s complete: 6309 rows -> /home/ubuntu/ros2_ws/evidence/metrics/runs/shm_gate030_20260805/performance/target_3d.csv. You can stop now (Ctrl-C).
[pick_target_base_node-6] [INFO] [1785992439.873366639] [pick_target_base_node]: Saved 6309 metric rows to /home/ubuntu/ros2_ws/evidence/metrics/runs/shm_gate030_20260805/performance/base.csv
[pick_target_base_node-6] [INFO] [1785992439.888214716] [pick_target_base_node]: Metrics window 300s complete: 6309 rows -> /home/ubuntu/ros2_ws/evidence/metrics/runs/shm_gate030_20260805/performance/base.csv. You can stop now (Ctrl-C).
[vitis_ai_detector_node-2] [INFO] [1785992440.152227033] [vitis_ai_detector_node]: Metrics window done: 6343 rows saved. Idle (Ctrl-C to exit).
[pick_logic-3] [INFO] [1785992440.162422755] [pick_logic_node]: Accepted target: class=apple, conf=0.90, cx=444.4, cy=219.3, score=0.737, stable=6365, candidates=5
[vitis_ai_detector_node-2] [INFO] [1785992441.206554069] [vitis_ai_detector_node]: Metrics window done: 6343 rows saved. Idle (Ctrl-C to exit).
[pick_logic-3] [INFO] [1785992441.214863765] [pick_logic_node]: Accepted target: class=apple, conf=0.88, cx=445.3, cy=220.2, score=0.726, stable=6388, candidates=5
[vitis_ai_detector_node-2] [INFO] [1785992442.239973296] [vitis_ai_detector_node]: Metrics window done: 6343 rows saved. Idle (Ctrl-C to exit).
[pick_logic-3] [INFO] [1785992442.246346515] [pick_logic_node]: Accepted target: class=apple, conf=0.88, cx=445.3, cy=220.2, score=0.726, stable=6408, candidates=5
[vitis_ai_detector_node-2] [INFO] [1785992443.234720256] [vitis_ai_detector_node]: Metrics window done: 6343 rows saved. Idle (Ctrl-C to exit).
[pick_logic-3] [INFO] [1785992443.308364582] [pick_logic_node]: Accepted target: class=apple, conf=0.88, cx=444.4, cy=219.3, score=0.728, stable=6431, candidates=5
[vitis_ai_detector_node-2] [INFO] [1785992444.255942377] [vitis_ai_detector_node]: Metrics window done: 6343 rows saved. Idle (Ctrl-C to exit).
[pick_logic-3] [INFO] [1785992444.338285065] [pick_logic_node]: Accepted target: class=apple, conf=0.88, cx=445.3, cy=220.2, score=0.726, stable=6455, candidates=5
[vitis_ai_detector_node-2] [INFO] [1785992445.283272736] [vitis_ai_detector_node]: Metrics window done: 6343 rows saved. Idle (Ctrl-C to exit).
[pick_logic-3] [INFO] [1785992445.343565616] [pick_logic_node]: Accepted target: class=apple, conf=0.90, cx=444.4, cy=219.3, score=0.740, stable=6478, candidates=5
[vitis_ai_detector_node-2] [INFO] [1785992446.313385535] [vitis_ai_detector_node]: Metrics window done: 6343 rows saved. Idle (Ctrl-C to exit).
[pick_logic-3] [INFO] [1785992446.374095901] [pick_logic_node]: Accepted target: class=apple, conf=0.88, cx=445.3, cy=220.2, score=0.726, stable=6501, candidates=5
[vitis_ai_detector_node-2] [INFO] [1785992447.342967679] [vitis_ai_detector_node]: Metrics window done: 6343 rows saved. Idle (Ctrl-C to exit).
[pick_logic-3] [INFO] [1785992447.406687277] [pick_logic_node]: Accepted target: class=apple, conf=0.88, cx=445.3, cy=220.2, score=0.726, stable=6524, candidates=5
[vitis_ai_detector_node-2] [INFO] [1785992448.368721652] [vitis_ai_detector_node]: Metrics window done: 6343 rows saved. Idle (Ctrl-C to exit).
[pick_logic-3] [INFO] [1785992448.418293823] [pick_logic_node]: Accepted target: class=apple, conf=0.88, cx=445.3, cy=220.2, score=0.726, stable=6546, candidates=5
[vitis_ai_detector_node-2] [INFO] [1785992449.379024811] [vitis_ai_detector_node]: Metrics window done: 6343 rows saved. Idle (Ctrl-C to exit).
[pick_logic-3] [INFO] [1785992449.438515561] [pick_logic_node]: Accepted target: class=apple, conf=0.88, cx=444.4, cy=219.3, score=0.728, stable=6569, candidates=5
[vitis_ai_detector_node-2] [INFO] [1785992450.383215677] [vitis_ai_detector_node]: Metrics window done: 6343 rows saved. Idle (Ctrl-C to exit).
[pick_logic-3] [INFO] [1785992450.477639284] [pick_logic_node]: Accepted target: class=apple, conf=0.88, cx=444.4, cy=219.3, score=0.728, stable=6592, candidates=5
[vitis_ai_detector_node-2] [INFO] [1785992451.408839594] [vitis_ai_detector_node]: Metrics window done: 6343 rows saved. Idle (Ctrl-C to exit).
[pick_logic-3] [INFO] [1785992451.510254459] [pick_logic_node]: Accepted target: class=apple, conf=0.88, cx=445.3, cy=220.2, score=0.726, stable=6615, candidates=5
[vitis_ai_detector_node-2] [INFO] [1785992452.444151458] [vitis_ai_detector_node]: Metrics window done: 6343 rows saved. Idle (Ctrl-C to exit).
[pick_logic-3] [INFO] [1785992452.551274983] [pick_logic_node]: Accepted target: class=apple, conf=0.88, cx=444.4, cy=219.3, score=0.728, stable=6638, candidates=5
[vitis_ai_detector_node-2] [INFO] [1785992453.449813401] [vitis_ai_detector_node]: Metrics window done: 6343 rows saved. Idle (Ctrl-C to exit).
[pick_logic-3] [INFO] [1785992453.549140997] [pick_logic_node]: Accepted target: class=apple, conf=0.88, cx=444.4, cy=219.3, score=0.728, stable=6660, candidates=5
[vitis_ai_detector_node-2] [INFO] [1785992454.485898070] [vitis_ai_detector_node]: Metrics window done: 6343 rows saved. Idle (Ctrl-C to exit).
[pick_logic-3] [INFO] [1785992454.580375328] [pick_logic_node]: Accepted target: class=apple, conf=0.88, cx=445.3, cy=220.2, score=0.727, stable=6684, candidates=5
[WARNING] [launch]: user interrupted with ctrl-c (SIGINT)
[INFO] [pick_target_base_node-6]: sending signal 'SIGINT' to process[pick_target_base_node-6]
[INFO] [static_transform_publisher-5]: sending signal 'SIGINT' to process[static_transform_publisher-5]
[INFO] [pick_target_3d_node-4]: sending signal 'SIGINT' to process[pick_target_3d_node-4]
[INFO] [pick_logic-3]: sending signal 'SIGINT' to process[pick_logic-3]
[INFO] [vitis_ai_detector_node-2]: sending signal 'SIGINT' to process[vitis_ai_detector_node-2]
[INFO] [realsense2_camera_node-1]: sending signal 'SIGINT' to process[realsense2_camera_node-1]
[static_transform_publisher-5] [INFO] [1785992455.285873615] [rclcpp]: signal_handler(SIGINT/SIGTERM)
[pick_target_base_node-6] [INFO] [1785992455.290528690] [pick_target_base_node]: Saved yield summary (1 rows) to /home/ubuntu/ros2_ws/evidence/metrics/runs/shm_gate030_20260805/yield/base.csv
[pick_target_base_node-6] Failed to publish log message to rosout: publisher's context is invalid, at ./src/rcl/publisher.c:389
[realsense2_camera_node-1] [0m[INFO] [1785992455.343419459] [rclcpp]: signal_handler(SIGINT/SIGTERM)[0m
[realsense2_camera_node-1] [0m[INFO] [1785992455.345723871] [camera.camera]: Stop Sensor: Depth Module[0m
[realsense2_camera_node-1] [0m[INFO] [1785992455.345874913] [camera.camera]: Close Sensor. [0m
[pick_logic-3] [INFO] [1785992455.351372470] [pick_logic_node]: Saved yield summary (1 rows) to /home/ubuntu/ros2_ws/evidence/metrics/runs/shm_gate030_20260805/yield/pick_logic.csv
[pick_logic-3] Failed to publish log message to rosout: publisher's context is invalid, at ./src/rcl/publisher.c:389
[pick_target_3d_node-4] [INFO] [1785992455.356531902] [pick_target_3d_node]: Saved yield summary (1 rows) to /home/ubuntu/ros2_ws/evidence/metrics/runs/shm_gate030_20260805/yield/target_3d.csv
[pick_target_3d_node-4] Failed to publish log message to rosout: publisher's context is invalid, at ./src/rcl/publisher.c:389
[realsense2_camera_node-1] [0m[INFO] [1785992455.366439480] [camera.camera]: Close Sensor - Done. [0m
[realsense2_camera_node-1] [0m[INFO] [1785992455.366552441] [camera.camera]: Stop Sensor: RGB Camera[0m
[realsense2_camera_node-1] [0m[INFO] [1785992455.368920705] [camera.camera]: Close Sensor. [0m
[vitis_ai_detector_node-2] [INFO] [1785992455.440657316] [vitis_ai_detector_node]: Saved detector yield summary to /home/ubuntu/ros2_ws/evidence/metrics/runs/shm_gate030_20260805/yield/detector.csv
[vitis_ai_detector_node-2] Failed to publish log message to rosout: publisher's context is invalid, at ./src/rcl/publisher.c:389
[INFO] [static_transform_publisher-5]: process has finished cleanly [pid 12924]
[realsense2_camera_node-1] [0m[INFO] [1785992455.995627092] [camera.camera]: Close Sensor - Done. [0m
[INFO] [pick_logic-3]: process has finished cleanly [pid 12919]
[INFO] [pick_target_base_node-6]: process has finished cleanly [pid 12927]
[INFO] [pick_target_3d_node-4]: process has finished cleanly [pid 12921]
[INFO] [vitis_ai_detector_node-2]: process has finished cleanly [pid 12917]
[INFO] [realsense2_camera_node-1]: process has finished cleanly [pid 12915]
