capture_sec,capture_nanosec,pick_logic_in_age_ms,pick_logic_compute_ms,pick_logic_out_age_ms,n_candidates,target_valid
1785492552,812292480,521.135,29.456,550.447,5,0
1785492552,945697754,508.832,1.634,510.358,5,0
1785492553,12401367,500.866,9.341,510.07,5,1
1785492553,79105469,480.545,1.464,481.81,5,1
1785492553,212516113,405.724,1.341,406.985,5,1
1785492553,279222168,398.054,2.398,399.128,5,1
1785492553,345929199,384.317,1.269,385.506,5,1
1785492553,412636719,407.718,1.123,408.764,5,1
1785492553,479344727,418.883,1.045,419.853,5,1
1785492553,612775879,387.429,2.256,389.604,5,1
1785492553,679481689,373.123,1.839,374.883,5,1
1785492553,746187988,387.913,2.736,390.568,5,1
1785492553,812895020,419.266,1.108,420.283,5,1
1785492553,879602295,441.826,1.518,442.903,5,1
1785492554,13018799,423.633,1.128,424.684,5,1
1785492554,79728027,410.643,1.207,411.771,5,1
1785492554,146437500,440.213,7.67,447.756,5,1
1785492554,213147705,467.391,1.075,468.39,5,1
1785492554,346569824,402.123,1.182,403.223,5,1
1785492554,413281738,390.585,1.049,391.558,5,1
1785492554,479994141,376.418,1.066,377.411,5,1
1785492554,546707031,380.336,1.331,381.588,5,1
1785492554,680103516,329.524,1.07,330.518,5,1
1785492554,813563965,292.498,1.041,293.464,5,1
1785492554,880296387,326.928,1.061,327.916,5,1
1785492554,947030518,370.974,1.039,371.939,5,1
1785492555,13766113,425.285,1.153,426.342,5,1
1785492555,80503418,444.786,1.064,445.775,5,1
1785492555,147242188,464.736,6.901,471.515,5,1
1785492555,213982666,503.997,1.094,505.013,5,1
1785492555,280724365,524.087,1.464,525.471,5,1
1785492555,414213135,482.756,3.316,485.994,5,1
1785492555,480959717,460.408,1.253,461.578,5,1
1785492555,614457520,384.845,1.014,385.787,5,1
1785492555,814758057,271.964,1.481,273.347,5,1
1785492555,881530518,265.985,3.568,269.467,5,1
1785492555,948305420,253.601,3.665,257.181,5,1
1785492556,15083008,238.919,2.311,241.097,5,1
1785492556,81863281,226.212,1.561,227.697,5,1
1785492556,148646240,238.977,1.192,240.092,5,1
1785492556,215431885,254.198,1.119,255.242,5,1
1785492556,282220215,255.337,1.292,256.551,5,1
1785492556,349011230,261.042,1.245,262.211,5,1
1785492556,415804932,265.821,4.891,270.453,5,1
1785492556,482601318,271.473,1.11,272.503,5,1
1785492556,549400391,276.04,1.23,277.188,5,1
1785492556,616200928,282.367,1.095,283.388,5,1
1785492556,682906738,284.582,1.369,285.877,5,1
1785492556,749617920,290.004,1.128,291.059,5,1
1785492556,816329102,291.252,1.081,292.261,5,1
1785492556,883040039,298.748,1.111,299.777,5,1
1785492556,949751221,296.982,1.078,297.987,5,1
1785492557,16462158,301.167,1.086,302.179,5,1
1785492557,83173340,319.316,2.793,322.015,5,1
1785492557,149884521,315.522,1.289,316.729,5,1
1785492557,216595459,319.177,1.169,320.269,5,1
1785492557,283306641,320.963,1.075,321.965,5,1
1785492557,350017578,322.523,11.201,333.595,5,1
1785492557,416728760,332.473,28.025,359.1,5,1
1785492557,483439697,335.123,1.259,336.306,5,1
1785492557,550150879,330.362,1.074,331.362,5,1
1785492557,616861816,334.995,1.126,336.046,5,1
1785492557,683573486,346.041,1.131,347.099,5,1
1785492557,750284912,347.215,1.084,348.164,5,1
1785492557,816996338,351.279,1.142,352.347,5,1
1785492557,883708008,356.798,1.081,357.805,5,1
1785492557,950419434,360.248,1.085,361.259,5,1
1785492558,17130859,368.805,1.505,370.231,5,1
1785492558,83842529,381.832,1.74,383.496,5,1
1785492558,150553955,386.854,1.905,388.68,5,1
1785492558,217265381,386.807,1.203,387.934,5,1
1785492558,283976807,390.428,1.08,391.434,5,1
1785492558,350688232,393.921,2.766,396.607,5,1
1785492558,417399658,397.886,8.076,405.775,5,1
1785492558,484111084,397.629,1.1,398.652,5,1
1785492558,550822510,399.206,1.342,400.312,5,1
1785492558,684247559,349.83,1.18,350.934,5,1
1785492558,884385010,313.475,1.083,314.481,5,1
1785492558,951097656,315.685,1.077,316.689,5,1
1785492559,17810303,337.058,1.638,338.521,5,1
1785492559,84522705,326.868,1.616,327.928,5,1
1785492559,151235352,341.807,1.679,343.397,5,1
1785492559,217947998,345.696,1.175,346.798,5,1
1785492559,284660400,349.004,1.14,350.068,5,1
1785492559,418085693,352.761,1.368,354.049,5,1
1785492559,484798340,351.383,8.941,360.194,5,1
1785492559,551510742,355.714,1.12,356.762,5,1
1785492559,618216797,355.687,1.112,356.725,5,1
1785492559,684960449,355.997,1.226,357.148,5,1
1785492559,751705322,373.514,1.137,374.533,5,1
1785492559,818451416,371.085,1.076,372.087,5,1
1785492559,885198486,377.602,1.172,378.698,5,1
1785492559,951946777,383.45,1.077,384.453,5,1
1785492560,18696289,394.13,4.275,398.273,5,1
1785492560,85446777,397.552,1.126,398.509,5,1
1785492560,152198486,410.864,1.094,411.884,5,1
1785492560,218951172,421.007,1.575,422.5,5,1
1785492560,352460449,361.288,2.66,363.764,5,1
1785492560,419216553,347.713,3.858,351.493,5,1
1785492560,485974121,334.831,2.597,337.273,5,1
1785492560,552732666,313.634,19.449,332.945,5,1
1785492560,619491699,309.386,1.12,310.433,5,1
1785492560,686207275,326.555,1.104,327.586,5,1
1785492560,752921387,336.001,1.149,337.061,5,1
1785492560,819635254,345.535,1.077,346.535,5,1
1785492560,886349121,350.327,1.111,351.364,5,1
1785492560,953062744,354.838,1.07,355.833,5,1
1785492561,19776611,364.019,1.612,365.553,5,1
1785492561,86490479,375.712,1.192,376.827,5,1
1785492561,153204102,379.554,1.213,380.693,5,1
1785492561,219917969,385.886,1.173,386.984,5,1
1785492561,286631592,393.23,1.157,394.31,5,1
1785492561,353345215,398.682,1.335,399.925,5,1
1785492561,420059082,411.615,1.204,412.747,5,1
1785492561,486772705,408.477,18.558,426.883,5,1
1785492561,553486328,407.813,4.777,412.498,5,1
1785492561,687253662,346.114,1.646,347.672,5,1
1785492561,754140869,327.488,1.154,328.565,5,1
1785492561,821030762,315.561,1.023,316.51,5,1
1785492561,887922852,308.74,1.216,309.882,5,1
1785492561,954817383,308.312,1.098,309.337,5,1
1785492562,21714111,315.594,1.109,316.628,5,1
1785492562,88613525,320.09,1.287,321.3,5,1
1785492562,155515137,343.686,1.553,345.147,5,1
1785492562,222419434,330.102,1.219,331.244,5,1
1785492562,289325928,337.886,1.103,338.909,5,1
1785492562,356234863,358.292,1.275,359.492,5,1
1785492562,423146240,358.33,1.172,359.426,5,1
1785492562,490059814,359.896,1.032,360.852,5,1
1785492562,556973877,361.551,5.534,366.972,5,1
1785492562,623706055,362.789,1.06,363.773,5,1
1785492562,690403320,368.914,1.127,369.967,5,1
1785492562,757100098,368.539,1.202,369.669,5,1
1785492562,823796387,377.295,1.143,378.365,5,1
1785492562,890492432,376.369,1.148,377.445,5,1
1785492562,957187988,379.899,1.113,380.934,5,1
1785492563,23883057,387.262,1.141,388.33,5,1
1785492563,90578125,391.044,1.545,392.515,5,1
1785492563,157272461,407.27,1.099,408.291,5,1
1785492563,223966553,400.633,1.278,401.692,5,1
1785492563,290660400,423.812,1.186,424.922,5,1
1785492563,357353760,428.683,1.103,429.712,5,1
1785492563,424046631,428.753,1.081,429.761,5,1
1785492563,557431396,362.831,12.121,374.838,5,1
1785492563,690853271,303.426,1.304,304.648,5,1
1785492563,757550293,307.264,1.196,308.387,5,1
1785492563,824247070,314.651,1.127,315.687,5,1
1785492563,957639404,307.743,1.025,308.689,5,1
1785492564,24334961,311.033,1.196,312.155,5,1
1785492564,91030518,316.681,1.079,317.685,5,1
1785492564,157725342,326.214,1.082,327.184,5,1
1785492564,224420166,332.537,1.339,333.795,5,1
1785492564,291114258,341.353,6.043,347.31,5,1
1785492564,357808350,336.74,1.187,337.802,5,1
1785492564,424501953,333.808,2.735,334.886,5,1
1785492564,491195313,361.872,1.277,363.07,5,1
1785492564,557888184,354.859,1.129,355.916,5,1
1785492564,624580566,360.036,7.442,367.366,5,1
1785492564,691277832,371.171,1.06,372.156,5,1
1785492564,757974854,382.339,1.187,383.452,5,1
1785492564,824671387,379.187,1.027,380.139,5,1
1785492564,891367432,380.407,1.12,381.354,5,1
1785492564,958063477,380.399,4.674,384.963,5,1
1785492565,24759033,387.837,1.296,389.059,5,1
1785492565,91454346,396.876,1.363,398.152,5,1
1785492565,158149414,384.388,1.123,385.436,5,1
1785492565,224843994,397.155,1.097,398.179,5,1
1785492565,291538330,402.704,1.238,403.867,5,1
1785492565,358232422,401.224,1.348,402.493,5,1
1785492565,424926025,400.672,1.286,401.787,5,1
1785492565,558312744,345.673,2.678,348.275,5,1
1785492565,625005859,339.385,2.669,341.976,5,1
1785492565,691730469,333.496,16.855,350.224,5,1
1785492565,758428955,330.836,5.166,335.866,5,1
1785492565,825127197,314.456,1.208,315.576,5,1
1785492565,891825195,303.165,4.062,307.015,5,1
1785492565,958522705,292.956,1.383,294.25,5,1
1785492566,25219971,284.58,1.201,285.707,5,1
1785492566,91916992,297.369,1.051,298.345,5,1
1785492566,158613770,305.659,1.465,307.048,5,1
1785492566,225310059,321.225,1.456,322.56,5,1
1785492566,292006104,327.776,1.094,328.794,5,1
1785492566,358701904,331.468,1.082,332.475,5,1
1785492566,425397461,337.912,1.114,338.951,5,1
1785492566,492092529,340.221,1.447,341.543,5,1
1785492566,558787598,341.735,1.099,342.76,5,1
1785492566,625482178,345.143,1.157,346.089,5,1
1785492566,692180420,349.02,9.22,358.119,5,1
1785492566,758878418,358.682,1.052,359.66,5,1
1785492566,825575928,374.373,1.067,375.367,5,1
1785492566,892273438,382.93,1.146,384.001,5,1
1785492566,958970459,394.955,1.174,396.053,5,1
1785492567,25667236,412.082,1.099,413.107,5,1
1785492567,92363770,434.468,1.236,435.603,5,1
1785492567,159060059,426.223,1.088,427.239,5,1
1785492567,292451660,376.228,1.15,377.3,5,1
1785492567,425842041,337.364,1.558,338.83,5,1
1785492567,492536865,333.861,1.093,334.88,5,1
1785492567,559231201,345.516,1.152,346.595,5,1
1785492567,625925781,345.034,1.133,346.093,5,1
1785492567,692625488,344.24,1.392,345.491,5,1
1785492567,759324951,344.219,6.8,350.898,5,1
1785492567,826023926,350.934,1.177,351.963,5,1
1785492567,892722900,360.436,1.189,361.537,5,1
1785492567,959421387,382.794,3.031,385.721,5,1
1785492568,26119629,376.917,3.091,379.913,5,1
1785492568,92817627,421.072,1.076,422.038,5,1
1785492568,159515381,417.985,1.258,419.169,5,1
1785492568,226212891,424.834,1.015,425.773,5,1
1785492568,292909912,438.95,1.231,440.106,5,1
1785492568,359606689,442.406,1.035,443.362,5,1
1785492568,492999756,371.898,1.022,372.831,5,1
1785492568,626391602,316.439,1.226,317.592,5,1
1785492568,693145996,318.543,1.022,319.492,5,1
1785492568,759846436,317.81,1.145,318.881,5,1
1785492568,826546631,325.658,7.247,332.793,5,1
1785492568,893246582,335.719,8.312,343.939,5,1
1785492568,959946045,339.022,1.155,340.097,5,1
1785492569,26645508,351.31,1.935,353.163,5,1
1785492569,93344482,349.51,1.222,350.642,5,1
1785492569,160043457,369.191,1.165,370.282,5,1
1785492569,226741943,369.498,1.11,370.537,5,1
1785492569,360138184,367.333,1.655,368.911,5,1
1785492569,426835693,366.903,1.698,368.527,5,1
1785492569,493533203,362.678,1.801,364.403,5,1
1785492569,560230469,361.586,1.064,362.578,5,1
1785492569,626927246,372.513,1.242,373.677,5,1
1785492569,693623535,379.284,1.162,380.359,5,1
1785492569,760319336,386.861,1.094,387.883,5,1
1785492569,827014893,396.69,16.149,412.437,5,1
1785492569,893710205,397.012,2.163,399.098,5,1
1785492569,960405029,410.803,1.555,412.266,5,1
1785492570,27099609,409.133,1.183,410.237,5,1
1785492570,160487793,365.836,1.475,367.223,5,1
1785492570,227181396,358.545,1.169,359.639,5,1
1785492570,293874512,357.122,1.194,358.241,5,1
1785492570,360567627,348.473,1.24,349.621,5,1
1785492570,427260010,335.258,5.286,340.459,5,1
1785492570,493952148,321.469,2.007,323.356,5,1
1785492570,560644043,311.101,1.129,312.156,5,1
1785492570,627335938,314.774,1.118,315.816,5,1
1785492570,694079590,315.534,1.248,316.706,5,1
1785492570,760779053,318.58,1.186,319.693,5,1
1785492570,827478271,325.131,2.735,327.792,5,1
1785492570,894177246,323.991,1.123,325.04,5,1
1785492570,960875977,322.175,4.636,326.697,5,1
1785492571,27574219,330.082,1.241,331.146,5,1
1785492571,160970215,335.549,4.844,339.877,5,1
1785492571,227667725,333.203,1.24,334.368,5,1
1785492571,294364990,329.638,1.101,330.666,5,1
1785492571,361061768,335.851,2.183,337.932,5,1
1785492571,427758545,336.148,1.275,337.33,5,1
1785492571,494454834,336.931,1.286,338.072,5,1
1785492571,561150879,339.6,1.122,340.647,5,1
1785492571,627846680,337.436,1.137,338.498,5,1
1785492571,694543701,348.034,5.075,349.303,5,1
1785492571,827937012,341.698,1.163,342.787,5,1
1785492571,894633057,340.022,1.229,341.133,5,1
1785492571,961328613,343.472,10.954,354.307,5,1
1785492572,94719238,349.364,1.014,350.307,5,1
1785492572,161414063,377.247,1.188,378.356,5,1
1785492572,228108398,378.87,3.67,382.456,5,1
1785492572,294802490,364.71,1.239,365.872,5,1
1785492572,361496338,362.979,3.207,366.1,5,1
1785492572,494882813,342.886,1.059,343.868,5,1
1785492572,561575439,342.962,1.604,344.489,5,1
1785492572,628268311,342.637,1.271,343.801,5,1
1785492572,694967773,365.375,1.78,367.071,5,1
1785492572,761667236,358.776,2.7,361.377,5,1
1785492572,895065186,343.153,1.237,344.237,5,1
1785492572,961763672,343.317,9.264,352.462,5,1
1785492573,28461914,377.716,6.107,383.736,5,1
1785492573,95159912,366.203,1.924,368.037,5,1
1785492573,161857666,363.344,1.731,364.992,5,1
1785492573,295252197,358.545,1.105,359.578,5,1
1785492573,361948975,359.309,1.151,360.385,5,1
1785492573,428645508,360.851,1.091,361.868,5,1
1785492573,495341797,359.235,1.022,360.184,5,1
1785492573,628733643,354.248,1.028,355.202,5,1
1785492573,695582764,365.721,1.18,366.823,5,1
1785492573,762433594,374.951,6.404,381.266,5,1
1785492573,829286133,367.224,1.068,368.217,5,1
1785492573,962996094,360.787,9.894,370.542,5,1
1785492574,29853760,366.289,1.139,367.352,5,1
1785492574,96712891,397.617,2.787,400.315,5,1
1785492574,230436279,383.022,1.118,384.066,5,1
1785492574,297300537,386.989,1.481,388.397,5,1
1785492574,364166504,385.542,1.246,386.711,5,1
1785492574,431034180,389.05,1.171,390.147,5,1
1785492574,497903564,390.033,1.36,391.082,5,1
1785492574,631645264,387.119,1.122,388.163,5,1
1785492574,764855713,385.99,6.474,392.361,5,1
1785492574,831690430,378.633,1.155,379.713,5,1
1785492574,898526611,394.047,5.993,399.921,5,1
1785492574,965364258,413.994,17.558,431.408,5,1
1785492575,32203369,412.156,6.855,418.921,5,1
1785492575,99043701,409.18,1.148,410.254,5,1
1785492575,232729004,354.55,1.108,355.583,5,1
1785492575,299573730,356.175,1.375,357.474,5,1
1785492575,366419678,341.17,2.168,343.241,5,1
1785492575,433267334,325.238,1.07,326.234,5,1
1785492575,500116211,330.231,1.188,331.341,5,1
1785492575,566966553,341.438,1.096,342.461,5,1
1785492575,633818359,337.2,1.337,338.46,5,1
1785492575,701220703,335.627,1.282,336.837,5,1
1785492575,767893799,336.762,1.246,337.933,5,1
1785492575,834566406,330.295,1.654,331.825,5,1
1785492575,901238037,333.956,1.297,335.177,5,1
1785492575,967909180,333.377,1.294,334.55,5,1
1785492576,101248779,329.312,27.97,357.129,5,1
1785492576,167917236,330.606,1.206,331.738,5,1
1785492576,234585205,336.456,1.3,337.679,5,1
1785492576,301252441,342.219,1.086,343.232,5,1
1785492576,367918701,350.139,1.09,351.155,5,1
1785492576,434584473,362.162,1.084,363.173,5,1
1785492576,501249268,373.678,1.069,374.675,5,1
1785492576,567913330,378.932,1.124,379.982,5,1
1785492576,701205566,380.039,1.097,381.063,5,1
1785492576,767878906,384.812,1.295,386.029,5,1
1785492576,834551270,384.429,1.266,385.62,5,1
1785492576,901222900,380.274,1.224,381.424,5,1
1785492576,967893799,394.133,1.484,395.527,5,1
1785492577,34563965,406.721,19.983,426.559,5,1
1785492577,167901855,408.341,1.868,410.131,5,1
1785492577,234569580,417.517,1.751,419.194,5,1
1785492577,434567871,286.469,1.29,287.675,5,1
1785492577,501232422,300.425,1.258,301.6,5,1
1785492577,567896240,294.836,5.047,299.8,5,1
1785492577,634559326,287.504,1.156,288.586,5,1
1785492577,701221436,293.688,6.319,299.916,5,1
1785492577,767395752,302.226,1.104,303.258,5,1
1785492577,834298340,312.324,1.111,313.362,5,1
1785492577,901204346,315.769,1.036,316.73,5,1
1785492577,968113770,330.521,1.175,331.622,5,1
1785492578,35026611,344.512,1.127,345.566,5,1
1785492578,168862793,340.527,11.181,351.578,5,1
1785492578,302712646,346.541,1.102,347.57,5,1
1785492578,436576660,350.802,1.317,352.032,5,1
1785492578,503513672,346.803,1.095,347.825,5,1
1785492578,570454346,337.747,1.254,338.915,5,1
1785492578,637398438,347.955,1.187,349.069,5,1
1785492578,704727051,347.326,1.154,348.406,5,1
1785492578,771552490,374.087,1.519,375.523,5,1
1785492578,838378906,368.167,1.166,369.259,5,1
1785492578,905206787,363.053,3.662,366.633,5,1
1785492578,972035889,366.489,1.37,367.783,5,1
1785492579,38866211,387.706,1.093,388.726,5,1
1785492579,105697998,397.455,2.287,399.663,5,1
1785492579,172530762,406.022,23.627,429.52,5,1
1785492579,239364990,422.114,1.196,423.233,5,1
1785492579,306200439,457.056,5.914,461.915,5,1
1785492579,439875000,437.011,1.21,438.138,5,1
1785492579,506714355,434.268,4.105,438.277,5,1
1785492579,573554688,409.26,3.559,412.668,5,1
1785492579,640396484,457.242,5.074,462.19,5,1
1785492579,840435303,320.908,1.159,321.989,5,1
1785492579,973791016,296.776,1.111,297.815,5,1
1785492580,40468018,329.752,1.942,331.604,5,1
1785492580,107144043,340.474,1.288,341.682,5,1
1785492580,173819580,326.821,2.326,329.053,5,1
1785492580,240494141,335.065,2.827,337.815,5,1
1785492580,307168213,347.411,20.028,367.306,5,1
1785492580,440514160,372.029,1.402,373.348,5,1
1785492580,507186035,349.513,1.101,350.54,5,1
1785492580,573857178,357.571,1.242,358.74,5,1
1785492580,640528809,380.784,1.484,382.18,5,1
1785492580,707542969,373.689,1.321,374.933,5,1
1785492580,774201904,377.412,1.126,378.466,5,1
1785492580,840859863,381.523,1.711,383.16,5,1
1785492580,907516846,379.176,1.507,380.611,5,1
1785492580,974172607,378.494,1.128,379.546,5,1
1785492581,40827393,394.277,1.06,395.264,5,1
1785492581,107481201,404.451,8.534,412.869,5,1
1785492581,174133789,409.95,2.944,412.818,5,1
1785492581,240785645,412.331,1.064,413.319,5,1
1785492581,307436279,413.975,12.957,426.811,5,1
1785492581,440734131,363.328,15.891,377.892,5,1
1785492581,507381592,341.376,1.753,343.044,5,1
1785492581,574028076,314.073,1.526,315.523,5,1
1785492581,640673340,306.746,1.07,307.742,5,1
1785492581,707317871,309.464,1.111,310.498,5,1
1785492581,773932861,310.83,1.066,311.822,5,1
1785492581,840589844,317.652,1.057,318.582,5,1
1785492581,907245605,327.657,1.062,328.644,5,1
1785492581,973900391,333.433,1.097,334.454,5,1
1785492582,40554199,343.428,3.355,346.703,5,1
1785492582,107206787,357.278,1.408,358.602,5,1
1785492582,173858398,380.813,1.359,382.071,5,1
1785492582,240509033,377.549,1.63,379.032,5,1
1785492582,307158447,369.791,1.308,371.025,5,1
1785492582,373806885,370.457,15.664,385.61,5,1
1785492582,440454102,377.125,1.066,378.12,5,1
1785492582,507100342,376.756,1.069,377.752,5,1
1785492582,573745605,380.201,6.796,386.787,5,1
1785492582,640389893,383.099,1.066,384.093,5,1
1785492582,706984619,384.93,1.185,386.031,5,1
1785492582,773643066,391.168,1.125,392.214,5,1
1785492582,840300537,393.322,1.089,394.339,5,1
1785492582,906956787,406.91,1.13,407.965,5,1
1785492583,40266357,347.672,3.211,350.803,5,1
1785492583,173571533,293.093,1.185,294.201,5,1
1785492583,240222656,308.646,1.211,309.772,5,1
1785492583,373521484,302.621,1.067,303.616,5,1
1785492583,440169434,312.49,20.981,327.183,5,1
1785492583,506816162,312.936,1.12,313.983,5,1
1785492583,573461914,313.593,1.072,314.591,5,1
1785492583,640106689,317.706,1.081,318.715,5,1
1785492583,706750244,319.098,1.136,320.158,5,1
1785492583,773359131,322.924,1.15,323.999,5,1
1785492583,840017822,328.147,1.124,329.195,5,1
1785492583,906675781,330.834,1.075,331.836,5,1
1785492583,973332520,332.738,1.082,333.747,5,1
1785492584,39988525,340.684,1.583,342.191,5,1
1785492584,106643066,345.38,2.655,347.907,5,1
1785492584,173296875,350.755,1.102,351.673,5,1
1785492584,239949707,370.106,1.338,371.335,5,1
1785492584,306601318,367.961,1.062,368.95,5,1
1785492584,373251953,376.088,2.666,378.667,5,1
1785492584,439901367,377.17,16.809,393.866,5,1
1785492584,506550049,372.016,1.071,373.016,5,1
1785492584,573197510,381.335,1.077,382.337,5,1
1785492584,639843994,384.002,1.058,384.989,5,1
1785492584,706445801,388.485,1.22,389.625,5,1
1785492584,773104980,396.669,1.07,397.666,5,1
1785492584,839763184,401.17,1.334,402.398,5,1
1785492584,906420410,404.557,1.102,405.571,5,1
1785492585,39731445,349.716,5.009,351.067,5,1
1785492585,106385498,337.565,4.516,342.001,5,1
1785492585,173038574,322.902,1.508,324.323,5,1
1785492585,239690430,355.93,2.026,357.86,5,1
1785492585,306341309,326.762,1.211,327.897,5,1
1785492585,372990967,330.661,1.063,331.652,5,1
1785492585,439639893,347.678,1.174,348.772,5,1
1785492585,506287598,349.709,7.777,357.373,5,1
1785492585,572934326,354.224,1.059,355.21,5,1
1785492585,639580078,370.057,1.446,371.425,5,1
1785492585,706177490,374.16,4.85,378.89,5,1
1785492585,772837158,375.568,1.674,377.155,5,1
1785492585,839495605,374.493,1.821,376.239,5,1
1785492585,906153076,373.0,1.112,374.039,5,1
1785492585,972809326,375.655,1.192,376.77,5,1
1785492586,39464844,375.455,1.269,376.647,5,1
1785492586,106119141,384.314,1.106,385.346,5,1
1785492586,239424561,387.425,1.092,388.443,5,1
1785492586,306075684,401.009,1.113,402.05,5,1
1785492586,439375000,398.909,1.106,399.943,5,1
1785492586,506022949,397.399,17.281,414.554,5,1
1785492586,705960938,274.327,1.832,276.076,5,1
1785492586,772604736,276.155,1.444,277.521,5,1
1785492586,839254395,276.848,1.575,278.349,5,1
1785492586,905902832,276.846,1.137,277.905,5,1
1785492586,972550049,279.632,1.515,281.069,5,1
1785492587,105841064,277.674,1.228,278.825,5,1
1785492587,172484619,280.164,1.34,281.428,5,1
1785492587,305768311,277.67,1.263,278.858,5,1
1785492587,372408447,279.49,1.221,280.62,5,1
1785492587,439047363,283.372,1.024,284.324,5,1
1785492587,505685059,299.37,1.2,300.487,5,1
1785492587,572321533,283.937,1.068,284.93,5,1
1785492587,638956787,281.376,15.101,296.362,5,1
1785492587,705590820,294.504,8.925,295.525,5,1
1785492587,772295410,301.328,1.336,302.568,5,1
1785492587,838952393,307.378,1.074,308.381,5,1
1785492587,905608154,310.346,1.158,311.428,5,1
1785492587,972262695,313.078,0.993,313.998,5,1
1785492588,38916504,333.147,5.374,334.189,5,1
1785492588,105569092,328.459,1.152,329.522,5,1
1785492588,172220459,355.407,1.067,356.401,5,1
1785492588,238871094,383.557,1.577,385.056,5,1
1785492588,305520508,383.917,1.212,385.051,5,1
1785492588,438815918,387.156,2.337,389.416,5,1
1785492588,572107422,394.97,9.862,404.716,5,1
1785492588,638751465,401.105,1.294,402.327,5,1
1785492588,772048828,339.022,1.098,340.04,5,1
1785492588,838695557,326.628,4.781,331.324,5,1
1785492588,905341064,313.199,1.269,314.386,5,1
1785492588,971985107,306.676,1.144,307.737,5,1
1785492589,38627930,312.04,1.166,313.132,5,1
1785492589,105269287,319.886,1.06,320.875,5,1
1785492589,171909424,319.854,1.076,320.857,5,1
1785492589,238548340,330.929,1.183,332.038,5,1
1785492589,305185791,333.868,4.925,338.675,5,1
1785492589,371821777,341.652,1.366,342.939,5,1
1785492589,438456543,373.467,5.313,378.664,5,1
1785492589,505090088,360.436,1.37,361.721,5,1
1785492589,571722168,355.999,1.336,357.242,5,1
1785492589,638353516,348.51,8.511,356.904,5,1
1785492589,705029785,348.753,1.174,349.835,5,1
1785492589,771768311,351.257,1.229,352.411,5,1
1785492589,838508301,351.395,1.08,352.402,5,1
1785492589,905249268,368.127,1.03,369.086,5,1
1785492589,971991455,390.048,3.865,393.79,5,1
1785492590,38734863,379.126,1.06,380.113,5,1
1785492590,105479492,401.182,3.082,404.186,5,1
1785492590,172225098,407.25,2.099,409.143,5,1
1785492590,238972168,410.496,1.651,412.066,5,1
1785492590,305720215,415.523,1.958,417.405,5,1
1785492590,372469482,427.358,1.071,428.354,5,1
1785492590,505971680,366.904,1.069,367.901,5,1
1785492590,572724365,354.459,1.116,355.496,5,1
1785492590,639478516,349.221,9.701,358.802,5,1
1785492590,706232666,329.673,1.299,330.885,5,1
1785492590,772781250,341.894,1.104,342.919,5,1
1785492590,839533691,348.318,1.073,349.316,5,1
1785492590,906287598,351.86,1.116,352.904,5,1
1785492590,973042725,360.194,1.168,361.287,5,1
1785492591,39799316,370.526,1.068,371.523,5,1
1785492591,106557617,385.111,1.277,386.311,5,1
1785492591,173317139,399.34,1.078,400.344,5,1
1785492591,240078125,406.05,1.114,407.088,5,1
1785492591,306840576,409.18,1.144,410.202,5,1
1785492591,373604492,421.018,1.088,422.032,5,1
1785492591,440369629,422.22,1.078,423.224,5,1
1785492591,573904541,364.73,1.058,365.715,5,1
1785492591,640674316,348.727,8.493,357.105,5,1
1785492591,774395264,311.109,1.067,312.103,5,1
1785492591,841081055,316.426,1.117,317.471,5,1
1785492591,907766113,318.078,1.18,319.186,5,1
1785492591,974450684,323.57,1.151,324.635,5,1
1785492592,41134766,346.073,1.246,347.242,5,1
1785492592,107818359,339.493,1.108,340.529,5,1
1785492592,174501221,358.065,1.204,359.198,5,1
1785492592,241183594,364.229,1.105,365.263,5,1
1785492592,307865479,372.49,2.048,374.456,5,1
1785492592,441227539,370.514,1.109,371.548,5,1
1785492592,574587402,369.221,1.096,370.244,5,1
1785492592,641266602,376.954,28.218,404.729,5,1
1785492592,707919434,371.772,1.264,372.962,5,1
1785492592,774606201,361.717,1.759,363.404,5,1
1785492592,841292236,391.374,1.047,392.348,5,1
1785492592,974663086,391.172,1.468,392.563,5,1
1785492593,41347656,420.076,1.043,421.046,5,1
1785492593,108031738,447.013,4.653,451.542,5,1
1785492593,174715332,458.118,1.359,459.398,5,1
1785492593,241398193,443.184,1.126,444.238,5,1
1785492593,374762695,386.798,1.205,387.926,5,1
1785492593,441444092,383.994,1.117,385.039,5,1
1785492593,508125000,382.608,1.235,383.768,5,1
1785492593,574805420,374.359,2.911,377.181,5,1
1785492593,641485107,364.687,3.767,368.35,5,1
1785492593,708164551,353.764,17.625,371.259,5,1
1785492593,774669189,341.545,1.377,342.85,5,1
1785492593,841433594,336.543,1.088,337.559,5,1
1785492593,908199463,342.758,2.252,343.938,5,1
1785492593,974967041,346.646,1.221,347.791,5,1
1785492594,41736328,370.816,1.088,371.829,5,1
1785492594,108507324,377.506,1.084,378.49,5,1
1785492594,175280029,396.356,2.102,398.372,5,1
1785492594,308830078,386.621,1.283,387.827,5,1
1785492594,375607666,386.175,1.186,387.289,5,1
1785492594,442386963,387.749,1.805,389.47,5,1
1785492594,509167725,385.343,1.131,386.401,5,1
1785492594,575950439,389.656,1.187,390.771,5,1
1785492594,642734619,388.697,1.111,389.735,5,1
1785492594,709542236,384.954,7.484,392.248,5,1
1785492594,776321533,401.417,1.064,402.41,5,1
1785492594,909886719,341.038,1.713,342.678,5,1
1785492595,43459717,281.954,1.125,283.005,5,1
1785492595,110249268,287.615,1.244,288.782,5,1
1785492595,177040771,286.305,1.134,287.367,5,1
1785492595,243834229,314.808,1.287,316.017,5,1
1785492595,310629883,297.923,1.726,299.576,5,1
1785492595,377427246,300.952,1.584,302.341,5,1
1785492595,444226807,300.796,1.166,301.887,5,1
1785492595,511028320,302.326,1.18,303.434,5,1
1785492595,577832031,302.192,1.295,303.412,5,1
1785492595,644637451,301.232,1.076,302.215,5,1
1785492595,711445068,300.415,1.254,301.596,5,1
1785492595,778447998,300.927,1.111,301.965,5,1
1785492595,845163330,301.652,6.297,306.146,5,1
1785492595,911878418,303.072,1.061,304.059,5,1
1785492595,978593750,302.339,1.114,303.379,5,1
1785492596,45308838,309.3,1.25,310.44,5,1
1785492596,112024170,307.8,1.665,309.389,5,1
1785492596,178739502,307.341,1.013,308.282,5,1
1785492596,245454590,323.598,1.629,325.134,5,1
1785492596,378885254,307.396,1.11,308.431,5,1
1785492596,445600342,324.571,1.603,326.083,5,1
1785492596,512315674,311.574,1.006,312.491,5,1
1785492596,579031006,310.25,1.157,311.233,5,1
1785492596,645746338,311.988,1.512,313.426,5,1
1785492596,712461670,310.881,1.017,311.827,5,1
1785492596,778847900,310.967,1.109,311.99,5,1
1785492596,845726563,316.955,10.385,327.191,5,1
1785492596,912607666,319.153,1.391,320.45,5,1
1785492596,979490723,312.724,1.665,313.843,5,1
1785492597,46376221,308.376,1.444,309.728,5,1
1785492597,113263672,334.238,1.026,335.191,5,1
1785492597,180153320,348.402,1.252,349.58,5,1
1785492597,247045166,362.017,1.012,362.957,5,1
1785492597,313939209,373.583,1.008,374.519,5,1
1785492597,380835205,375.664,1.163,376.749,5,1
1785492597,447733643,387.917,1.119,388.963,5,1
1785492597,514634033,389.995,1.294,391.213,5,1
1785492597,581536621,390.447,1.102,391.477,5,1
1785492597,648441406,390.415,1.113,391.451,5,1
1785492597,715337402,392.282,1.11,393.32,5,1
1785492597,849135986,332.806,12.002,344.67,5,1
1785492597,982944092,281.964,2.202,284.051,5,1
1785492598,49851563,300.24,1.094,301.258,5,1
1785492598,116761230,306.864,1.252,308.04,5,1
1785492598,183673340,314.382,1.118,315.42,5,1
1785492598,317504395,316.1,1.115,317.143,5,1
1785492598,384423340,319.364,1.202,320.488,5,1
1785492598,451344482,316.628,1.12,317.669,5,1
1785492598,518268066,323.27,11.335,334.508,5,1
1785492598,585193848,332.423,1.284,333.632,5,1
1785492598,652119873,335.621,1.23,336.774,5,1
1785492598,785548096,335.968,10.165,345.998,5,1
1785492598,852231689,333.627,8.971,342.436,5,1
1785492598,918914551,331.349,1.344,332.612,5,1
1785492598,985596924,327.248,1.103,328.276,5,1
1785492599,52278809,342.87,1.719,344.261,5,1
1785492599,118959961,352.652,1.402,353.983,5,1
1785492599,185640625,371.232,2.37,373.516,5,1
1785492599,319000244,352.91,1.114,353.953,5,1
1785492599,385679199,354.621,1.418,355.967,5,1
1785492599,452357666,354.822,1.455,356.205,5,1
1785492599,519035645,352.874,1.241,354.041,5,1
1785492599,585712891,353.185,1.291,354.401,5,1
1785492599,652389648,357.042,1.008,357.978,5,1
1785492599,719066406,352.366,1.082,353.376,5,1
1785492599,785752197,356.794,7.156,363.79,5,1
1785492599,852437500,354.65,5.433,359.973,5,1
1785492599,919122314,352.191,1.113,353.231,5,1
1785492599,985806641,358.734,1.758,360.417,5,1
1785492600,52490234,356.929,1.125,357.979,5,1
1785492600,119173340,376.277,1.104,377.308,5,1
1785492600,185855957,381.775,1.424,383.124,5,1
1785492600,252538086,388.327,1.188,389.373,5,1
1785492600,319219727,392.609,1.793,394.318,5,1
1785492600,385900635,414.361,1.126,415.417,5,1
1785492600,519260986,355.484,1.547,356.908,5,1
1785492600,585940430,331.467,1.207,332.592,5,1
1785492600,719298340,305.344,1.29,306.541,5,1
1785492600,786139893,303.726,1.181,304.835,5,1
1785492600,852823486,310.449,1.116,311.492,5,1
1785492601,52870361,302.095,8.491,309.968,5,1
1785492601,119551514,305.082,1.197,306.206,5,1
1785492601,186232178,315.424,1.02,316.373,5,1
1785492601,252912109,324.924,1.159,326.009,5,1
1785492601,319591553,324.834,1.265,326.025,5,1
1785492601,386270508,321.715,11.737,333.367,5,1
1785492601,452948730,320.272,1.128,321.327,5,1
1785492601,519626465,324.588,1.523,325.749,5,1
1785492601,586303467,327.456,1.413,328.777,5,1
1785492601,652979980,346.718,1.099,347.743,5,1
1785492601,719656006,345.604,4.406,346.8,5,1
1785492601,786312500,352.615,1.487,353.975,5,1
1785492601,852997070,343.283,1.501,344.694,5,1
1785492601,919681152,334.316,1.296,335.487,5,1
1785492601,986364746,352.533,1.723,354.15,5,1
1785492602,119730225,348.8,8.136,356.82,5,1
1785492602,186411865,357.469,1.309,358.706,5,1
1785492602,253093262,361.51,1.075,362.511,5,1
1785492602,319773926,376.91,1.068,377.906,5,1
1785492602,386454102,380.812,1.057,381.797,5,1
1785492602,453133789,383.006,1.07,384.002,5,1
1785492602,519812744,387.581,1.057,388.565,5,1
1785492602,586491455,399.559,1.078,400.558,5,1
1785492602,719995361,397.651,1.21,398.782,5,1
1785492602,853651123,334.174,1.091,335.193,5,1
1785492602,987312256,284.013,1.103,285.044,5,1
1785492603,54145020,305.78,1.292,306.993,5,1
1785492603,120978760,299.333,3.72,302.974,5,1
1785492603,321488281,320.174,10.3,330.363,5,1
1785492603,388327637,324.585,1.096,325.609,5,1
1785492603,455167969,340.548,1.216,341.689,5,1
1785492603,522009766,330.171,1.065,331.165,5,1
1785492603,588853027,336.503,1.349,337.778,5,1
1785492603,655696045,342.525,1.061,343.514,5,1
1785492603,722434570,347.125,1.098,348.151,5,1
1785492603,789254395,351.188,1.155,352.264,5,1
1785492603,856075195,352.989,1.071,353.987,5,1
1785492603,922897217,354.524,1.06,355.512,5,1
1785492603,989720459,357.31,1.107,358.328,5,1
1785492604,56544678,364.012,1.696,365.626,5,1
1785492604,123370117,370.502,1.021,371.452,5,1
1785492604,190196777,404.606,1.316,405.843,5,1
1785492604,257024414,403.416,5.218,408.519,5,1
1785492604,323853271,405.442,1.086,406.455,5,1
1785492604,390683105,406.997,1.128,408.05,5,1
1785492604,457514160,406.329,1.017,407.274,5,1
1785492604,591179932,341.689,1.152,342.767,5,1
1785492604,658014404,340.775,0.996,341.699,5,1
1785492604,791595947,280.945,1.026,281.898,5,1
1785492604,858228760,283.1,1.432,284.452,5,1
1785492604,925032471,281.649,1.029,282.608,5,1
1785492604,991836914,280.564,1.067,281.558,5,1
1785492605,58642334,285.362,1.12,286.405,5,1
1785492605,125448730,302.896,1.274,304.082,5,1
1785492605,192255859,295.061,1.172,296.161,5,1
1785492605,259063965,296.865,1.095,297.886,5,1
1785492605,325872803,312.63,2.468,314.994,5,1
1785492605,392682617,310.502,11.601,321.975,5,1
1785492605,526304688,304.75,1.063,305.737,5,1
1785492605,659930176,302.544,1.271,303.649,5,1
1785492605,726744385,303.861,1.016,304.805,5,1
1785492605,793559326,297.776,1.186,298.889,5,1
1785492605,860726807,314.699,1.227,315.843,5,1
1785492605,994008301,299.016,1.216,300.155,5,1
1785492606,60647217,301.414,1.159,302.497,5,1
1785492606,127284424,306.198,1.091,307.217,5,1
1785492606,193920654,335.664,1.026,336.617,5,1
1785492606,260555420,348.065,1.288,349.143,5,1
1785492606,327188721,344.642,1.224,345.794,5,1
1785492606,393820801,341.808,12.236,353.921,5,1
1785492606,460451416,342.934,1.244,344.101,5,1
1785492606,527080811,341.387,1.218,342.533,5,1
1785492606,593708984,338.647,1.017,339.591,5,1
1785492606,660335693,341.68,1.244,342.725,5,1
1785492606,726960938,339.15,1.118,340.194,5,1
1785492606,793510254,341.431,1.221,342.572,5,1
1785492606,860158203,340.403,1.023,341.354,5,1
1785492606,926804932,344.045,1.158,345.13,5,1
1785492606,993450439,349.596,1.181,350.702,5,1
1785492607,60094727,351.621,1.304,352.759,5,1
1785492607,126737793,349.818,1.066,350.811,5,1
1785492607,193379395,364.181,1.055,365.164,5,1
1785492607,260020020,370.217,1.233,371.371,5,1
1785492607,393297119,365.003,8.049,372.911,5,1
1785492607,459933594,367.385,1.047,368.359,5,1
1785492607,593203125,357.749,1.187,358.802,5,1
1785492607,659836182,356.733,1.303,357.963,5,1
1785492607,726467773,355.719,1.0,356.646,5,1
1785492607,792597412,354.203,1.032,355.162,5,1
1785492607,859391846,353.325,3.439,356.689,5,1
1785492607,926187012,357.001,1.002,357.931,5,1
1785492608,59779297,374.833,1.271,375.928,5,1
1785492608,126576416,402.939,1.221,404.08,5,1
1785492608,193374268,405.584,1.075,406.588,5,1
1785492608,260172607,405.686,1.105,406.7,5,1
1785492608,326971924,405.295,1.215,406.439,5,1
1785492608,393771729,408.314,10.817,418.985,5,1
1785492608,527373291,344.576,1.304,345.803,5,1
1785492608,594175049,336.004,1.175,337.093,5,1
1785492608,660977539,320.756,1.254,321.926,5,1
1785492608,727780762,318.335,1.419,319.673,5,1
1785492608,794584717,311.369,1.309,312.593,5,1
1785492608,861749023,286.826,1.101,287.851,5,1
1785492608,928375000,306.51,1.138,307.574,5,1
1785492608,994999268,313.344,1.063,314.334,5,1
1785492609,61622070,325.081,1.279,326.284,5,1
1785492609,128243164,338.651,1.203,339.781,5,1
1785492609,194862549,343.216,1.121,344.265,5,1
1785492609,261480469,353.086,2.108,355.099,5,1
1785492609,328096680,346.422,1.163,347.514,5,1
1785492609,394711182,351.574,1.069,352.571,5,1
1785492609,461324219,360.973,5.191,366.053,5,1
1785492609,527935547,362.714,1.09,363.731,5,1
1785492609,594545166,365.383,1.057,366.367,5,1
1785492609,661153320,371.046,1.066,372.038,5,1
1785492609,727759766,378.044,1.062,379.033,5,1
1785492609,794290039,380.987,1.04,381.956,5,1
1785492609,860918457,394.573,1.094,395.593,5,1
1785492609,927545410,424.008,1.32,425.246,5,1
1785492609,994170654,417.56,4.187,418.55,5,1
1785492610,60794434,432.582,1.067,433.577,5,1
1785492610,194037109,384.378,1.072,385.378,5,1
1785492610,327273193,336.918,1.265,338.106,5,1
1785492610,393888672,342.473,1.072,343.42,5,1
1785492610,460502686,351.189,1.052,352.168,5,1
1785492610,593726074,289.97,14.871,304.651,5,1
1785492610,660335205,284.944,2.1,286.848,5,1
1785492610,726942627,282.393,2.554,284.86,5,1
1785492610,793548584,267.223,5.824,272.961,5,1
1785492610,860153076,257.915,1.108,258.949,5,1
1785492610,926734131,258.912,1.068,259.908,5,1
1785492610,993358154,259.589,1.072,260.589,5,1
1785492611,59980469,264.606,1.145,265.671,5,1
1785492611,126601318,276.349,4.375,280.607,5,1
1785492611,193220459,276.393,0.971,277.294,5,1
1785492611,259837891,286.638,1.161,287.728,5,1
1785492611,326453613,297.967,1.153,299.047,5,1
1785492611,393067871,307.684,1.062,308.673,5,1
1785492611,459680420,308.83,1.076,309.831,5,1
1785492611,526291260,313.64,1.058,314.626,5,1
1785492611,592900635,316.897,5.092,321.884,5,1
1785492611,659508301,320.641,1.055,321.623,5,1
1785492611,726114258,325.304,1.062,326.294,5,1
1785492611,792718750,327.915,1.12,328.961,5,1
1785492611,859326172,336.962,10.595,347.479,5,1
1785492611,925931641,337.667,1.084,338.679,5,1
1785492611,992535156,351.27,1.302,352.491,5,1
1785492612,59136719,348.002,1.011,348.932,5,1
1785492612,125736328,375.127,1.014,376.069,5,1
1785492612,192333984,397.984,1.04,398.948,5,1
1785492612,258929688,395.058,0.994,395.981,5,1
1785492612,325523438,400.717,1.166,401.806,5,1
1785492612,392115234,412.278,1.121,413.323,5,1
1785492612,458705078,410.156,1.114,411.195,5,1
1785492612,591878906,353.572,10.006,363.456,5,1
1785492612,725044922,296.598,1.238,297.765,5,1
1785492612,791626465,295.33,1.03,296.285,5,1
1785492612,858269043,295.112,0.975,296.017,5,1
1785492612,924982666,307.055,1.012,307.996,5,1
1785492612,991697266,308.046,1.181,309.139,5,1
1785492613,58412354,316.534,5.111,321.567,5,1
1785492613,125128418,332.721,1.714,334.196,5,1
1785492613,191845459,369.854,1.691,371.438,5,1
1785492613,258562988,376.651,1.698,378.274,5,1
1785492613,325281494,377.247,1.093,378.269,5,1
1785492613,392000977,378.331,1.131,379.39,5,1
1785492613,458720947,377.01,1.104,378.041,5,1
1785492613,525441895,375.965,1.386,377.28,5,1
1785492613,658886230,370.499,18.461,387.774,5,1
1785492613,725609619,370.791,1.173,371.892,5,1
1785492613,792336182,368.889,1.193,369.914,5,1
1785492613,859060059,382.648,0.998,383.572,5,1
1785492613,925784912,390.237,6.28,396.388,5,1
1785492613,992510498,409.874,1.143,410.942,5,1
1785492614,192693359,414.904,1.118,415.95,5,1
1785492614,326153320,349.676,1.117,350.722,5,1
1785492614,459617188,287.651,1.649,289.228,5,1
1785492614,526350586,288.158,1.607,289.691,5,1
1785492614,593084961,289.685,1.18,290.724,5,1
1785492614,659820068,295.435,1.377,296.739,5,1
1785492614,726556396,303.15,13.516,316.543,5,1
1785492614,793293457,296.701,1.203,297.83,5,1
1785492614,860197510,303.296,1.039,304.263,5,1
1785492614,926854492,306.478,1.067,307.473,5,1
1785492614,993510254,314.423,1.171,315.52,5,1
1785492615,60164795,329.042,1.16,330.129,5,1
1785492615,126818359,338.818,1.132,339.875,5,1
1785492615,193470947,345.925,1.212,347.06,5,1
1785492615,260122314,362.685,1.219,363.83,5,1
1785492615,326772705,371.273,1.128,372.327,5,1
1785492615,393422119,381.899,1.943,383.737,5,1
1785492615,460070313,383.199,6.301,389.412,5,1
1785492615,593363525,370.939,1.109,371.969,5,1
1785492615,660008545,369.749,1.004,370.679,5,1
1785492615,726652588,368.125,11.074,379.076,5,1
1785492615,792801514,398.625,1.25,399.798,5,1
1785492615,859606201,387.481,2.135,389.531,5,1
1785492615,926411865,384.026,1.543,385.494,5,1
1785492616,60026123,375.658,1.246,376.829,5,1
1785492616,126834473,378.636,1.086,379.649,5,1
1785492616,193643799,400.258,1.608,401.651,5,1
1785492616,327264893,390.224,2.126,391.428,5,1
1785492616,394076904,392.811,1.712,394.45,5,1
1785492616,460889893,390.483,1.659,392.071,5,1
1785492616,594518311,326.815,2.411,329.147,5,1
1785492616,661333740,313.457,1.14,314.521,5,1
1785492616,728150146,303.652,3.165,306.729,5,1
1785492616,794967529,289.869,1.317,291.112,5,1
1785492616,861785889,280.582,8.745,289.198,5,1
1785492616,928592285,283.857,2.367,285.14,5,1
1785492616,995399170,291.863,1.05,292.841,5,1
1785492617,62207031,319.536,3.45,322.892,5,1
1785492617,129015625,313.031,1.119,314.076,5,1
1785492617,195824707,309.47,1.147,310.543,5,1
1785492617,262634766,334.926,1.807,336.617,5,1
1785492617,329445557,331.159,1.392,332.467,5,1
1785492617,463069092,313.792,1.595,315.315,5,1
1785492617,529882080,315.995,1.113,317.036,5,1
1785492617,596695557,316.578,1.092,317.597,5,1
1785492617,663510010,315.606,1.284,316.819,5,1
1785492617,730325195,318.931,1.116,319.978,5,1
1785492617,797140869,315.553,1.098,316.58,5,1
1785492617,864115723,323.65,9.903,333.334,5,1
1785492617,930743408,323.723,1.401,325.051,5,1
1785492617,997369629,324.76,1.446,326.131,5,1
1785492618,130617188,325.749,1.96,327.628,5,1
1785492618,197238525,336.181,10.39,346.368,5,1
1785492618,263858398,341.819,1.088,342.832,5,1
1785492618,330476563,349.296,1.109,350.334,5,1
1785492618,397093018,358.558,1.161,359.645,5,1
1785492618,463708008,363.271,1.073,364.268,5,1
1785492618,530321289,358.312,1.186,359.427,5,1
1785492618,596933105,351.721,1.012,352.659,5,1
1785492618,663543213,353.263,1.162,354.352,5,1
1785492618,730151855,353.143,3.429,354.205,5,1
1785492618,796758789,350.43,1.228,351.584,5,1
1785492618,863454102,350.488,6.241,356.417,5,1
1785492618,930149902,368.689,1.746,370.349,5,1
1785492618,996846191,370.224,1.189,371.235,5,1
1785492619,63542725,364.255,0.983,365.166,5,1
1785492619,130239746,377.543,1.24,378.711,5,1
1785492619,196937256,394.947,1.0,395.875,5,1
1785492619,263635010,401.611,1.041,402.577,5,1
1785492619,330333008,404.45,1.163,405.539,5,1
1785492619,397031738,414.844,1.119,415.888,5,1
1785492619,463730469,435.754,1.291,436.854,5,1
1785492619,597129639,385.173,4.773,386.268,5,1
1785492619,663829834,367.948,1.012,368.887,5,1
1785492619,797231201,315.129,1.654,316.706,5,1
1785492619,863883057,318.145,1.135,319.209,5,1
1785492619,930606689,317.726,24.945,336.686,5,1
1785492619,997331299,314.452,1.304,315.684,5,1
1785492620,130783203,317.528,1.047,318.504,5,1
1785492620,197510742,319.95,1.083,320.961,5,1
1785492620,264239014,339.016,2.689,340.453,5,1
1785492620,330968262,325.13,1.009,326.066,5,1
1785492620,397698242,324.819,3.575,328.311,5,1
1785492620,464429443,343.507,1.169,344.451,5,1
1785492620,531161377,352.004,1.031,352.96,5,1
1785492620,597894287,348.933,1.101,349.88,5,1
1785492620,664627930,349.035,1.009,349.972,5,1
1785492620,731362793,346.641,1.106,347.673,5,1
1785492620,798098389,361.625,1.129,362.591,5,1
1785492620,864841064,361.155,1.01,362.092,5,1
1785492620,998330078,363.665,27.11,390.655,5,1
1785492621,65076660,367.628,1.087,368.641,5,1
1785492621,131824463,372.778,1.123,373.829,5,1
1785492621,198573730,381.643,1.011,382.583,5,1
1785492621,265324219,402.004,1.572,403.496,5,1
1785492621,332076172,399.119,2.019,400.903,5,1
1785492621,398829346,404.047,1.152,405.124,5,1
1785492621,465583984,402.685,1.145,403.755,5,1
1785492621,532339844,402.681,1.169,403.773,5,1
1785492621,665855713,342.541,1.028,343.496,5,1
1785492621,732615723,331.454,1.146,332.525,5,1
1785492621,799376221,316.103,1.074,317.098,5,1
1785492621,866091797,304.405,1.139,305.459,5,1
1785492621,932762207,295.753,1.193,296.874,5,1
1785492621,999431885,287.702,1.076,288.706,5,1
1785492622,66100586,312.649,32.829,345.362,5,1
1785492622,132768555,323.696,1.853,325.456,5,1
1785492622,199435791,318.851,1.011,319.79,5,1
1785492622,266102051,331.237,1.425,332.575,5,1
1785492622,332767578,322.005,1.009,322.943,5,1
1785492622,399432373,330.262,1.02,331.205,5,1
1785492622,466096436,336.477,1.164,337.561,5,1
1785492622,532759521,352.952,1.064,353.944,5,1
1785492622,599421875,357.161,1.058,358.085,5,1
1785492622,666083252,362.988,1.066,363.979,5,1
1785492622,732744141,365.973,1.059,366.96,5,1
1785492622,799011230,370.378,1.099,371.403,5,1
1785492622,865833984,375.35,1.067,376.343,5,1
1785492622,932657715,374.415,1.062,375.401,5,1
1785492623,66309082,382.285,5.999,388.174,5,1
1785492623,133136719,395.796,1.056,396.781,5,1
1785492623,199965576,408.902,1.151,409.98,5,1
1785492623,333626953,414.666,1.101,415.695,5,1
1785492623,400459473,427.361,1.096,428.385,5,1
1785492623,534128418,369.981,2.021,371.929,5,1
1785492623,600964600,354.361,2.74,357.004,5,1
1785492623,667802246,331.002,1.189,332.114,5,1
1785492623,734640869,322.955,1.146,324.026,5,1
1785492623,801480957,333.777,1.458,335.155,5,1
1785492623,868223877,341.629,1.335,342.89,5,1
1785492623,935113770,341.922,1.169,343.017,5,1
1785492624,2007080,363.737,6.658,370.306,5,1
1785492624,68903320,358.503,1.104,359.534,5,1
1785492624,135802979,369.707,5.569,375.167,5,1
1785492624,202705811,367.705,1.104,368.739,5,1
1785492624,269612061,386.891,1.227,387.994,5,1
1785492624,336521240,389.763,1.018,390.707,5,1
1785492624,403433838,402.078,1.351,403.351,5,1
1785492624,470349609,410.891,1.41,412.145,5,1
1785492624,537268555,416.827,1.093,417.845,5,1
1785492624,671116211,363.347,2.392,365.649,5,1
1785492624,738044678,345.693,1.583,347.184,5,1
1785492624,804976563,321.096,1.099,322.123,5,1
1785492624,939131836,322.392,1.049,323.323,5,1
1785492625,5788818,325.529,1.148,326.603,5,1
1785492625,72444580,353.524,1.004,354.452,5,1
1785492625,139099365,348.81,0.999,349.721,5,1
1785492625,205753174,356.498,21.522,377.897,5,1
1785492625,339057373,361.505,1.087,362.521,5,1
1785492625,405708008,374.198,1.131,375.24,5,1
1785492625,472357666,380.381,1.552,381.859,5,1
1785492625,539006104,390.032,1.243,391.201,5,1
1785492625,605653564,399.87,1.13,400.925,5,1
1785492625,672299805,399.877,1.203,401.003,5,1
1785492625,738945068,424.813,1.268,426.003,5,1
1785492625,872214600,336.2,2.276,338.401,5,1
1785492626,5478760,294.487,1.007,295.42,5,1
1785492626,72108887,305.009,1.095,306.031,5,1
1785492626,138737549,321.261,1.111,322.295,5,1
1785492626,205364990,335.904,1.247,337.072,5,1
1785492626,271990967,344.72,11.908,356.505,5,1
1785492626,338615723,353.293,1.117,354.32,5,1
1785492626,405239258,356.741,1.032,357.697,5,1
1785492626,538482178,375.055,1.011,375.994,5,1
1785492626,605101563,375.412,4.637,379.968,5,1
1785492626,671719727,381.383,1.064,382.372,5,1
1785492626,738337891,390.965,1.057,391.95,5,1
1785492626,871610840,394.42,1.189,395.524,5,1
1785492626,938428467,400.744,1.726,402.392,5,1
1785492627,5247070,406.651,2.02,408.59,5,1
1785492627,138887939,339.134,1.175,340.222,5,1
1785492627,272532715,282.364,1.094,283.363,5,1
1785492627,339356689,286.16,16.604,302.64,5,1
1785492627,406181885,291.892,1.005,292.825,5,1
1785492627,473007813,293.767,1.202,294.889,5,1
1785492627,539834961,296.952,1.201,298.08,5,1
1785492627,606663330,295.58,1.161,296.668,5,1
1785492627,673492676,294.772,1.258,295.954,5,1
1785492627,740322998,293.535,1.109,294.526,5,1
1785492627,807154297,295.774,1.236,296.936,5,1
1785492627,873986816,313.785,1.337,315.038,5,1
1785492627,940640381,302.677,1.108,303.706,5,1
1785492628,7292725,314.187,1.134,315.248,5,1
1785492628,73943848,315.502,1.071,316.496,5,1
1785492628,140593750,360.015,1.107,361.051,5,1
1785492628,207242676,378.51,1.181,379.603,5,1
1785492628,273890137,379.355,5.573,384.817,5,1
1785492628,340536621,390.398,1.082,391.408,5,1
1785492628,473825928,389.888,1.01,390.827,5,1
1785492628,607110352,388.146,1.013,389.087,5,1
1785492628,807028076,258.765,1.007,259.7,5,1
1785492628,873666016,261.489,1.198,262.611,5,1
1785492628,940306885,266.415,1.24,267.564,5,1
1785492629,6946533,275.497,1.181,276.603,5,1
1785492629,73584717,268.125,1.518,269.491,5,1
1785492629,140221680,270.149,1.523,271.595,5,1
1785492629,206857178,270.097,1.139,271.16,5,1
1785492629,273491455,288.633,1.129,289.686,5,1
1785492629,340124268,290.343,1.19,291.458,5,1
1785492629,406755859,297.045,10.226,307.156,5,1
1785492629,540014893,299.503,1.054,300.485,5,1
1785492629,606642578,303.135,1.06,304.123,5,1
1785492629,673268555,306.136,1.18,307.243,5,1
1785492629,739893555,311.312,1.1,312.34,5,1
1785492629,806517090,312.914,1.137,313.975,5,1
1785492629,873140137,322.22,1.072,323.22,5,1
1785492629,939790039,324.411,1.049,325.388,5,1
1785492630,6438721,328.884,1.064,329.876,5,1
1785492630,73086182,345.607,1.48,346.873,5,1
1785492630,139732178,344.674,1.091,345.691,5,1
1785492630,206377197,352.639,1.35,353.892,5,1
1785492630,273020996,348.227,1.382,349.534,5,1
1785492630,339663330,367.13,4.989,372.007,5,1
1785492630,406304688,374.722,1.185,375.834,5,1
1785492630,472944824,373.839,1.226,374.989,5,1
1785492630,539583740,376.064,1.531,377.521,5,1
1785492630,606221191,375.691,1.168,376.63,5,1
1785492630,672857666,376.732,1.001,377.662,5,1
1785492630,739492920,376.119,1.015,377.061,5,1
1785492630,806126953,375.463,2.156,377.542,5,1
1785492630,872766357,377.478,1.005,378.409,5,1
1785492630,939404541,374.12,1.02,375.067,5,1
1785492631,6041260,380.121,1.302,381.333,5,1
1785492631,72676758,394.339,1.195,395.459,5,1
1785492631,139310791,398.336,1.224,399.488,5,1
1785492631,205943359,416.5,4.288,420.712,5,1
1785492631,272574463,427.304,1.013,428.244,5,1
1785492631,339204346,452.203,6.444,458.535,5,1
1785492631,472459717,393.594,1.805,395.282,5,1
1785492631,539085205,367.79,1.58,369.199,5,1
1785492631,605709473,344.104,1.701,345.495,5,1
1785492631,672332275,346.256,1.709,347.889,5,1
1785492631,738953613,346.138,2.311,347.455,5,1
1785492631,805574463,347.617,2.325,349.855,5,1
1785492631,872295410,342.115,2.324,344.359,5,1
1785492631,939017090,342.688,1.136,343.749,5,1
1785492632,5739746,344.741,1.167,345.832,5,1
1785492632,72463135,349.819,1.013,350.76,5,1
1785492632,139187500,346.793,1.108,347.717,5,1
1785492632,205912598,357.323,1.179,358.426,5,1
1785492632,272638672,357.416,1.129,358.467,5,1
1785492632,339365479,358.258,1.426,359.611,5,1
1785492632,406093262,360.11,1.516,361.236,5,1
1785492632,472821777,366.656,8.825,375.353,5,1
1785492632,539551270,364.823,1.083,365.833,5,1
1785492632,606281494,360.554,1.171,361.649,5,1
1785492632,673012695,366.702,1.156,367.785,5,1
1785492632,739744873,362.061,1.13,363.1,5,1
1785492632,806477295,360.502,1.04,361.468,5,1
1785492632,873212646,357.955,0.995,358.876,5,1
1785492632,939949219,360.371,1.091,361.389,5,1
1785492633,6686768,387.537,1.185,388.642,5,1
1785492633,73425537,381.699,1.183,382.805,5,1
1785492633,140165283,390.421,1.617,391.953,5,1
1785492633,206906250,410.573,1.14,411.638,5,1
1785492633,273648438,420.835,1.075,421.839,5,1
1785492633,340391602,417.77,1.347,419.028,5,1
1785492633,407135986,424.084,1.162,425.143,5,1
1785492633,540628174,364.709,19.978,384.562,5,1
1785492633,607375977,352.286,2.336,354.54,5,1
1785492633,674124756,333.778,2.348,336.04,5,1
1785492633,740874756,312.432,1.568,313.925,5,1
1785492633,807625488,301.536,1.069,302.533,5,1
1785492633,874336426,312.819,1.416,314.034,5,1
1785492633,941007568,319.004,3.58,321.273,5,1
1785492634,7677734,334.48,2.805,337.181,5,1
1785492634,74347168,335.254,2.097,337.255,5,1
1785492634,141015625,321.175,1.108,322.21,5,1
1785492634,207683594,341.716,14.331,355.931,5,1
1785492634,274350586,347.898,1.06,348.885,5,1
1785492634,341016602,361.952,1.178,363.056,5,1
1785492634,407681885,379.301,2.061,381.265,5,1
1785492634,474346436,372.109,1.344,373.38,5,1
1785492634,541010254,369.955,16.975,386.807,5,1
1785492634,674335449,369.094,1.246,370.266,5,1
1785492634,740996582,368.025,1.186,369.126,5,1
1785492634,807657227,373.083,1.107,374.116,5,1
1785492634,874324219,368.867,1.095,369.889,5,1
1785492634,940990234,364.781,2.258,366.965,5,1
1785492635,140983154,368.332,1.067,369.325,5,1
1785492635,207645752,367.841,1.27,369.036,5,1
1785492635,340968262,366.712,1.103,367.742,5,1
1785492635,407628174,388.491,1.712,390.12,5,1
1785492635,607602783,360.955,10.629,371.447,5,1
1785492635,674259033,367.49,1.196,368.611,5,1
1785492635,740914551,364.121,1.369,365.383,5,1
1785492635,807569580,362.374,1.112,363.403,5,1
1785492635,940907471,353.561,1.024,354.512,5,1
1785492636,74241943,354.938,1.113,355.977,5,1
1785492636,140907959,351.657,1.114,352.697,5,1
1785492636,207573242,352.574,0.999,353.5,5,1
1785492636,274237549,388.56,1.192,389.677,5,1
1785492636,340901123,375.275,1.303,376.491,5,1
1785492636,407563721,355.484,1.096,356.508,5,1
1785492636,474225586,359.183,1.099,360.209,5,1
1785492636,540886719,359.362,1.11,360.397,5,1
1785492636,607546875,358.527,1.004,359.46,5,1
1785492636,674206299,359.585,6.346,365.791,5,1
1785492636,740864746,355.871,1.018,356.817,5,1
1785492636,807522705,363.523,1.1,364.55,5,1
1785492636,873822998,360.622,1.008,361.557,5,1
1785492636,940645020,359.6,1.039,360.565,5,1
1785492637,7468506,360.893,1.525,362.07,5,1
1785492637,74292969,358.578,1.066,359.551,5,1
1785492637,141118652,392.311,1.122,393.359,5,1
1785492637,274773682,416.101,1.823,417.824,5,1
1785492637,341602783,405.428,1.495,406.837,5,1
1785492637,408433350,413.981,1.105,415.011,5,1
1785492637,542097900,357.763,1.093,358.78,5,1
1785492637,675767090,303.467,1.074,304.467,5,1
1785492637,742603516,302.857,8.015,310.755,5,1
1785492637,809441162,302.423,1.105,303.454,5,1
1785492637,876280029,307.835,1.115,308.878,5,1
1785492637,943186035,306.227,1.639,307.792,5,1
1785492638,9993652,307.885,1.578,309.382,5,1
1785492638,76802002,333.627,5.019,334.917,5,1
1785492638,143611084,319.696,7.32,320.784,5,1
1785492638,210421387,351.444,1.089,352.442,5,1
1785492638,277232422,373.065,1.533,374.519,5,1
1785492638,410857178,370.894,1.273,372.091,5,1
1785492638,477670898,371.823,1.107,372.857,5,1
1785492638,544485596,368.821,1.003,369.751,5,1
1785492638,678117676,364.045,1.024,364.993,5,1
1785492638,744934814,363.916,5.684,369.482,5,1
1785492638,811753174,369.878,0.991,370.797,5,1
1785492638,945591309,361.646,1.178,362.75,5,1
1785492639,12312256,366.297,1.596,367.816,5,1
1785492639,79033691,380.43,0.997,381.356,5,1
1785492639,145756348,384.42,0.988,385.335,5,1
1785492639,212479736,408.755,1.231,409.91,5,1
1785492639,279203857,405.405,1.47,406.799,5,1
1785492639,345928955,417.168,1.224,418.319,5,1
1785492639,479381836,360.868,3.771,364.558,5,1
1785492639,546109619,345.35,1.865,347.124,5,1
1785492639,612838135,331.453,2.816,334.183,5,1
1785492639,679567627,309.267,1.124,310.298,5,1
1785492639,746298096,315.98,1.093,316.994,5,1
1785492639,813029297,322.514,14.169,336.566,5,1
1785492639,879761230,331.804,1.171,332.853,5,1
1785492640,13241455,325.478,1.167,326.568,5,1
1785492640,79983643,334.876,1.931,336.682,5,1
1785492640,146727051,344.133,1.293,345.349,5,1
1785492640,213471680,347.895,1.029,348.853,5,1
1785492640,280217773,368.882,1.066,369.875,5,1
1785492640,346965088,383.23,1.138,384.293,5,1
1785492640,413713867,404.497,1.284,405.697,5,1
1785492640,480463867,395.878,1.054,396.857,5,1
1785492640,547215088,409.575,1.079,410.58,5,1
1785492640,613967773,421.453,1.206,422.471,5,1
1785492640,680721924,433.241,1.09,434.258,5,1
1785492640,814233887,380.38,4.983,385.246,5,1
1785492640,947520264,341.598,1.02,342.548,5,1
1785492641,14340332,369.22,1.096,370.244,5,1
1785492641,81161377,371.051,1.328,372.304,5,1
1785492641,214807373,310.199,1.312,311.433,5,1
1785492641,281632080,298.319,1.278,299.519,5,1
1785492641,415284668,287.903,1.007,288.836,5,1
1785492641,482112793,301.161,1.072,302.159,5,1
1785492641,548942139,322.363,1.276,323.565,5,1
1785492641,615772461,327.235,1.226,328.388,5,1
1785492641,682604004,332.821,1.325,334.07,5,1
1785492641,749436768,344.627,1.38,345.681,5,1
1785492641,816270508,348.373,1.216,349.515,5,1
1785492641,883196777,354.888,5.17,359.952,5,1
1785492641,950002197,369.341,1.024,370.291,5,1
1785492642,16808594,380.491,1.002,381.42,5,1
1785492642,83615967,398.414,1.406,399.743,5,1
1785492642,150424316,408.343,1.136,409.403,5,1
1785492642,217233398,424.093,1.214,425.229,5,1
1785492642,284043457,431.732,1.012,432.671,5,1
1785492642,417666260,375.785,1.278,376.979,5,1
1785492642,484478760,361.943,1.32,363.177,5,1
1785492642,551292480,345.856,1.309,347.083,5,1
1785492642,618106934,331.091,2.18,333.196,5,1
1785492642,684922363,351.284,1.122,352.333,5,1
1785492642,751738525,358.872,1.204,360.003,5,1
1785492642,818555664,375.928,1.349,377.195,5,1
1785492642,885653809,371.496,11.702,383.067,5,1
1785492642,952378906,378.982,1.208,380.115,5,1
1785492643,19104980,383.88,1.221,385.008,5,1
1785492643,85832275,390.864,1.328,392.116,5,1
1785492643,152560303,435.926,1.101,436.947,5,1
1785492643,219289551,434.139,1.078,435.139,5,1
1785492643,286019775,430.927,0.959,431.814,5,1
1785492643,352750977,440.127,1.366,441.416,5,1
1785492643,486216553,389.507,1.109,390.543,5,1
1785492643,619686279,329.15,1.139,330.214,5,1
1785492643,686422852,331.522,1.209,332.655,5,1
1785492643,753160156,334.413,1.235,335.574,5,1
1785492643,886637939,270.38,1.059,271.362,5,1
1785492643,953378418,265.152,1.295,266.373,5,1
1785492644,20119873,252.032,10.546,262.468,5,1
1785492644,153427734,232.385,1.286,233.59,5,1
1785492644,220080078,238.77,1.073,239.757,5,1
1785492644,286731445,241.29,1.037,242.254,5,1
1785492644,353381836,249.174,1.005,250.106,5,1
1785492644,420031006,261.5,1.473,262.899,5,1
1785492644,486679443,265.934,6.858,272.695,5,1
1785492644,553326660,284.23,1.189,285.342,5,1
1785492644,619973145,278.879,1.001,279.808,5,1
1785492644,686618408,283.557,1.048,284.53,5,1
1785492644,753262695,290.815,1.108,291.85,5,1
1785492644,819906006,291.154,1.053,292.131,5,1
1785492644,886548340,301.237,4.345,302.16,5,1
1785492644,953259033,299.445,1.095,300.466,5,1
1785492645,19914795,300.951,4.859,305.702,5,1
1785492645,86569336,312.736,1.269,313.915,5,1
1785492645,153222900,315.824,1.262,317.012,5,1
1785492645,219875244,319.621,1.064,320.613,5,1
1785492645,286526611,342.454,3.865,346.183,5,1
1785492645,353176758,346.184,1.054,347.162,5,1
1785492645,419825928,342.282,1.107,343.315,5,1
1785492645,486474121,348.978,1.051,349.955,5,1
1785492645,553121094,353.616,1.066,354.608,5,1
1785492645,619766846,366.901,1.077,367.903,5,1
1785492645,686411621,360.111,1.165,361.195,5,1
1785492645,753055420,362.459,1.052,363.439,5,1
1785492645,819697998,367.644,1.078,368.649,5,1
1785492645,885833496,369.906,1.06,370.893,5,1
1785492646,19449463,378.158,5.478,383.508,5,1
1785492646,86258789,380.79,1.327,382.0,5,1
1785492646,153069336,382.513,1.071,383.511,5,1
1785492646,219880859,388.015,1.045,388.986,5,1
1785492646,286693115,410.39,1.256,411.56,5,1
1785492646,353506592,401.666,1.037,402.626,5,1
1785492646,420321045,422.054,1.064,423.042,5,1
1785492646,553952881,356.59,1.064,357.581,5,1
1785492646,620770020,345.988,1.906,347.803,5,1
1785492646,687588379,333.231,1.401,334.557,5,1
1785492646,754407715,340.454,1.141,341.522,5,1
1785492646,821228027,344.915,1.393,346.235,5,1
1785492646,888049561,341.587,1.066,342.579,5,1
1785492646,954864746,347.365,1.064,348.356,5,1
1785492647,21680908,351.112,1.707,352.741,5,1
1785492647,88498047,361.125,10.897,371.89,5,1
1785492647,155316406,360.826,1.358,362.099,5,1
1785492647,222135498,365.504,2.311,367.736,5,1
1785492647,288955322,370.067,2.514,372.489,5,1
1785492647,355776367,373.061,1.178,374.161,5,1
1785492647,422598389,381.864,3.388,385.177,5,1
1785492647,489421143,385.852,1.207,386.979,5,1
1785492647,556245117,389.064,1.063,390.055,5,1
1785492647,623069824,404.263,1.08,405.269,5,1
1785492647,689895508,399.992,1.082,401.001,5,1
1785492647,823549805,334.231,1.368,335.526,5,1
1785492647,957120605,276.289,1.055,277.27,5,1
1785492648,23746338,285.84,1.053,286.819,5,1
1785492648,90370605,291.428,1.2,292.501,5,1
1785492648,156993164,303.8,5.549,309.155,5,1
1785492648,223614014,316.339,1.011,317.257,5,1
1785492648,356851074,340.143,1.078,341.134,5,1
1785492648,423467285,335.878,1.163,336.963,5,1
1785492648,490081787,340.499,1.057,341.483,5,1
1785492648,556694580,343.248,1.134,344.289,5,1
1785492648,623305908,343.95,1.055,344.931,5,1
1785492648,689915771,346.757,1.12,347.804,5,1
1785492648,756523682,350.375,1.062,351.363,5,1
1785492648,823130371,353.592,1.055,354.573,5,1
1785492648,889735107,356.431,1.049,357.408,5,1
1785492648,956370117,373.655,1.301,374.851,5,1
1785492649,89635498,367.196,1.118,368.241,5,1
1785492649,156265869,367.123,9.991,377.001,5,1
1785492649,222894775,373.656,1.338,374.919,5,1
1785492649,289521973,376.629,1.06,377.616,5,1
1785492649,356147949,379.571,1.107,380.604,5,1
1785492649,422772217,383.064,1.094,384.082,5,1
1785492649,489395264,389.57,1.055,390.551,5,1
1785492649,556016602,407.632,1.055,408.614,5,1
1785492649,822487061,339.878,1.115,340.92,5,1
1785492649,955822754,280.704,1.044,281.675,5,1
1785492650,22448730,290.365,1.095,291.383,5,1
1785492650,89072998,292.761,2.674,295.302,5,1
1785492650,222316650,293.564,1.081,294.571,5,1
1785492650,288936279,299.104,16.545,315.513,5,1
1785492650,355554199,307.133,1.549,308.532,5,1
1785492650,422170410,306.602,1.063,307.591,5,1
1785492650,488785156,311.939,1.058,312.924,5,1
1785492650,555398193,315.338,1.111,316.376,5,1
1785492650,622009766,317.028,1.331,318.273,5,1
1785492650,688619629,332.851,1.111,333.883,5,1
1785492650,755228027,330.441,1.115,331.482,5,1
1785492650,821834717,341.812,1.336,343.066,5,1
1785492650,955059082,333.194,1.075,334.196,5,1
1785492651,21676514,339.619,1.608,341.145,5,1
1785492651,88292236,346.536,1.129,347.525,5,1
1785492651,154906250,350.117,1.197,351.23,5,1
1785492651,221518555,348.341,1.067,349.334,5,1
1785492651,354737793,357.788,10.667,368.344,5,1
1785492651,421344727,365.007,1.163,366.091,5,1
1785492651,487950195,367.44,1.045,368.413,5,1
1785492651,554553711,369.507,1.116,370.546,5,1
1785492651,621155518,378.234,1.125,379.282,5,1
1785492651,687755615,381.349,1.055,382.33,5,1
1785492651,754354004,396.389,1.556,397.861,5,1
1785492651,820950684,411.739,1.011,412.677,5,1
1785492651,887571289,414.984,1.059,415.966,5,1
1785492651,954190186,417.113,1.293,418.331,5,1
1785492652,87422852,357.71,0.983,358.62,5,1
1785492652,154036621,346.202,0.974,347.102,5,1
1785492652,220648682,334.361,8.202,342.215,5,1
1785492652,287258789,315.387,1.579,316.706,5,1
1785492652,353867188,319.866,1.057,320.848,5,1
1785492652,420474121,327.613,4.885,332.362,5,1
1785492652,487079102,332.793,1.504,334.221,5,1
1785492652,553682129,332.652,1.102,333.68,5,1
1785492652,620283691,333.252,1.147,334.211,5,1
1785492652,686883545,337.455,1.218,338.553,5,1
1785492652,753481445,340.883,1.323,342.129,5,1
1785492652,820078857,339.258,3.336,342.515,5,1
1785492652,886762939,333.219,1.106,334.246,5,1
1785492652,953471191,346.898,1.151,347.977,5,1
1785492653,20179932,347.79,1.072,348.79,5,1
1785492653,86889404,356.206,1.634,357.762,5,1
1785492653,153599609,364.112,0.995,365.032,5,1
1785492653,220310303,379.219,2.222,381.345,5,1
1785492653,287021973,396.519,1.26,397.688,5,1
1785492653,353733887,389.291,1.129,390.347,5,1
1785492653,420446777,407.591,11.124,418.51,5,1
1785492653,487160156,415.932,1.179,416.915,5,1
1785492653,553874268,420.709,1.144,421.774,5,1
1785492653,620588867,426.667,1.101,427.694,5,1
1785492653,754020264,371.067,1.341,372.329,5,1
1785492653,820736816,359.665,1.238,360.814,5,1
1785492653,887453857,338.823,1.336,340.072,5,1
1785492653,954074463,330.358,1.052,331.336,5,1
1785492654,20797119,338.591,1.327,339.835,5,1
1785492654,87520996,339.957,1.568,341.44,5,1
1785492654,154245605,342.016,1.328,343.264,5,1
1785492654,287697510,353.006,1.059,353.991,5,1
1785492654,354425049,370.721,1.059,371.706,5,1
1785492654,421153320,381.168,1.119,382.214,5,1
1785492654,487882568,385.129,13.023,398.027,5,1
1785492654,554612793,387.326,4.375,391.625,5,1
1785492654,621343750,400.89,1.597,402.41,5,1
1785492654,688075684,404.166,1.406,405.497,5,1
1785492654,754808594,410.334,1.688,411.945,5,1
1785492654,821542480,416.205,1.058,417.189,5,1
1785492654,955170654,365.299,1.126,366.353,5,1
1785492655,88803223,303.309,1.326,304.559,5,1
1785492655,155621094,296.11,1.142,297.18,5,1
1785492655,222440186,310.981,1.091,311.998,5,1
1785492655,289260254,321.611,1.056,322.593,5,1
1785492655,356081543,330.895,1.303,332.123,5,1
1785492655,422904053,346.791,1.122,347.839,5,1
1785492655,489727539,352.465,1.525,353.916,5,1
1785492655,556552246,354.193,5.789,359.871,5,1
1785492655,623377930,360.404,1.249,361.578,5,1
1785492655,690204834,356.486,2.22,358.633,5,1
1785492655,757032715,360.595,1.082,361.603,5,1
1785492655,823860352,380.607,2.051,382.562,5,1
1785492655,890562744,373.392,5.814,374.304,5,1
1785492656,23784180,377.997,1.093,379.018,5,1
1785492656,90578125,388.349,1.108,389.382,5,1
1785492656,157372559,385.994,1.234,387.153,5,1
1785492656,224167480,388.473,1.164,389.563,5,1
1785492656,290963379,381.483,1.072,382.483,5,1
1785492656,357759766,393.893,1.222,395.042,5,1
1785492656,424556885,409.333,0.997,410.257,5,1
1785492656,491354492,410.226,0.972,411.123,5,1
1785492656,558152832,413.14,7.282,420.305,5,1
1785492656,691751709,360.17,1.017,361.112,5,1
1785492656,758552002,343.105,0.972,344.004,5,1
1785492656,892154541,311.444,0.994,312.363,5,1
1785492656,958956787,318.815,1.01,319.752,5,1
1785492657,25950439,324.04,1.157,325.124,5,1
1785492657,92658203,329.524,1.205,330.578,5,1
1785492657,159366455,342.105,1.337,343.368,5,1
1785492657,226075439,343.354,1.091,344.371,5,1
1785492657,292784912,354.91,8.923,363.752,5,1
1785492657,359495117,364.49,1.121,365.54,5,1
1785492657,426206055,387.226,0.991,388.145,5,1
1785492657,492917480,388.519,1.012,389.459,5,1
1785492657,693055420,393.941,5.687,399.513,5,1
1785492657,759769531,396.323,1.242,397.488,5,1
1785492657,893199219,347.142,1.13,348.2,5,1
1785492658,26619873,290.237,1.084,291.231,5,1
1785492658,93342773,308.491,6.705,315.071,5,1
1785492658,160066406,307.088,1.366,308.373,5,1
1785492658,226790771,315.442,1.169,316.534,5,1
1785492658,293516357,328.352,1.206,329.484,5,1
1785492658,360242676,345.785,1.105,346.813,5,1
1785492658,426969971,347.443,1.251,348.615,5,1
1785492658,493697998,348.587,1.098,349.61,5,1
1785492658,560427002,352.007,1.408,353.341,5,1
1785492658,627156982,368.041,1.489,369.448,5,1
1785492658,693887939,360.463,1.78,361.944,5,1
1785492658,760619873,354.723,11.509,366.104,5,1
1785492658,827352539,354.144,4.303,355.08,5,1
1785492658,894086182,357.561,1.119,358.608,5,1
1785492658,960605713,364.795,1.102,365.824,5,1
1785492659,27412598,367.816,1.164,368.872,5,1
1785492659,94220703,375.516,1.114,376.504,5,1
1785492659,161029541,397.698,1.086,398.709,5,1
1785492659,227839111,393.467,1.005,394.399,5,1
1785492659,294649902,409.859,1.09,410.876,5,1
1785492659,361461426,408.062,1.167,409.156,5,1
1785492659,495087402,354.23,1.088,355.246,5,1
1785492659,628717041,283.049,1.143,284.118,5,1
1785492659,695533203,287.892,1.205,289.018,5,1
1785492659,762350098,284.337,1.038,285.303,5,1
1785492659,829168213,282.668,1.416,284.01,5,1
1785492659,895987061,280.086,5.585,285.56,5,1
1785492659,962806885,279.161,1.042,280.125,5,1
1785492660,29678955,291.218,1.035,292.176,5,1
1785492660,96474365,299.019,1.147,300.092,5,1
1785492660,163270508,297.894,1.069,298.872,5,1
1785492660,230067383,305.176,1.118,306.218,5,1
1785492660,296864746,304.682,1.158,305.764,5,1
1785492660,363663086,313.857,1.052,314.836,5,1
1785492660,430461914,308.437,1.092,309.436,5,1
1785492660,497261475,309.879,1.075,310.881,5,1
1785492660,564061523,309.749,1.002,310.678,5,1
1785492660,630862549,308.986,1.142,310.054,5,1
1785492660,697664063,308.41,1.147,309.483,5,1
1785492660,764466309,321.626,1.109,322.662,5,1
1785492660,831269287,342.131,1.102,343.158,5,1
1785492660,898072998,345.092,4.843,349.799,5,1
1785492661,32041748,344.228,1.024,345.179,5,1
1785492661,98668213,344.953,1.065,345.945,5,1
1785492661,165293213,350.929,2.5,352.081,5,1
1785492661,231916504,355.927,3.636,359.483,5,1
1785492661,298538086,362.409,1.565,363.89,5,1
1785492661,365158203,356.757,1.148,357.812,5,1
1785492661,431776611,365.405,1.029,366.359,5,1
1785492661,498393555,371.895,1.177,372.997,5,1
1785492661,565008789,375.083,1.176,376.187,5,1
1785492661,631622314,382.859,1.21,383.996,5,1
1785492661,698234375,380.342,1.0,381.269,5,1
1785492661,764844727,385.065,1.333,386.295,5,1
1785492661,831453369,404.326,1.306,405.544,5,1
1785492661,898060547,410.601,6.893,417.386,5,1
1785492661,964738037,430.697,1.233,431.856,5,1
1785492662,98093994,378.805,3.789,382.503,5,1
1785492662,164772217,366.137,2.285,367.083,5,1
1785492662,231450439,352.684,1.585,354.1,5,1
1785492662,298128906,326.514,1.156,327.597,5,1
1785492662,364807617,338.037,1.069,339.027,5,1
1785492662,431486328,364.652,1.151,365.726,5,1
1785492662,498165283,367.899,1.541,369.219,5,1
1785492662,564844238,380.322,1.143,381.39,5,1
1785492662,631523438,390.341,1.299,391.552,5,1
1785492662,698202881,388.98,1.014,389.904,5,1
1785492662,764882324,389.209,1.128,390.257,5,1
1785492662,831562012,388.725,1.012,389.662,5,1
1785492662,898242432,389.555,1.155,390.552,5,1
1785492662,965120117,399.195,25.163,424.241,5,1
1785492663,32000977,409.305,1.892,411.122,5,1
1785492663,165771484,350.795,1.193,351.916,5,1
1785492663,299553955,302.576,1.1,303.598,5,1
1785492663,366449707,325.911,1.356,327.194,5,1
1785492663,433348389,328.666,1.452,330.043,5,1
1785492663,500250000,346.664,1.172,347.744,5,1
1785492663,567154785,345.098,0.994,346.018,5,1
1785492663,634062256,348.735,1.074,349.734,5,1
1785492663,700972900,345.134,1.099,346.16,5,1
1785492663,767886475,348.659,0.999,349.584,5,1
1785492663,834802979,366.571,1.38,367.855,5,1
1785492663,901720459,372.035,1.11,373.067,5,1
1785492664,35104492,379.959,28.56,408.385,5,1
1785492664,101741699,383.201,1.079,384.203,5,1
1785492664,168377441,377.875,1.169,378.97,5,1
1785492664,235011963,389.302,1.196,390.419,5,1
1785492664,301645020,381.099,1.151,382.175,5,1
1785492664,368276611,393.688,1.097,394.601,5,1
1785492664,434906982,411.626,1.059,412.613,5,1
1785492664,568163330,352.321,4.669,356.88,5,1
1785492664,634789551,342.285,1.424,343.631,5,1
1785492664,701414307,345.815,5.78,346.95,5,1
1785492664,768037598,332.805,1.53,334.249,5,1
1785492664,834659668,317.185,9.854,326.948,5,1
1785492664,901280273,318.108,1.067,319.1,5,1
1785492664,967900879,322.651,1.139,323.559,5,1
1785492665,34809326,330.191,1.316,331.431,5,1
1785492665,101458252,347.979,5.618,353.483,5,1
1785492665,168105713,349.955,0.999,350.881,5,1
1785492665,234752197,361.905,1.118,362.949,5,1
1785492665,301397461,369.12,2.235,371.275,5,1
1785492665,368041748,372.566,5.588,378.076,5,1
1785492665,434684570,384.494,1.015,385.436,5,1
1785492665,501326660,382.58,1.184,383.674,5,1
1785492665,567967285,387.179,1.098,388.2,5,1
1785492665,634606934,391.307,1.062,392.293,5,1
1785492665,701245361,401.58,1.303,402.802,5,1
1785492665,834519043,345.106,4.609,349.64,5,1
1785492665,901154053,328.786,1.319,330.026,5,1
1785492665,967788086,311.958,1.224,313.098,5,1
1785492666,34398926,311.691,1.142,312.758,5,1
1785492666,101042236,320.568,1.206,321.699,5,1
1785492666,167684326,325.976,15.141,340.883,5,1
1785492666,234324951,330.429,1.27,331.623,5,1
1785492666,300964355,375.569,1.518,377.004,5,1
1785492666,367602539,351.85,0.992,352.768,5,1
1785492666,500874756,353.416,1.092,354.435,5,1
1785492666,567508789,358.122,4.211,362.247,5,1
1785492666,634141602,361.424,5.972,367.274,5,1
1785492666,700773193,363.589,1.026,364.543,5,1
1785492666,767403320,373.21,1.051,374.117,5,1
1785492666,834032227,386.929,1.039,387.892,5,1
1785492666,900659668,390.33,1.008,391.264,5,1
1785492666,966781982,412.251,1.318,413.489,5,1
1785492667,33573486,412.085,1.119,413.131,5,1
1785492667,100365234,425.46,13.63,438.864,5,1
1785492666,899991455,689.389,5.187,694.485,5,1
1785492667,434334473,218.248,1.504,219.674,5,1
1785492667,567926514,189.029,1.06,190.016,5,1
1785492667,634723633,209.849,1.483,211.246,5,1
1785492667,701521240,192.637,1.012,193.575,5,1
1785492667,768319336,192.203,1.062,193.189,5,1
1785492667,835118408,199.331,1.099,200.356,5,1
1785492667,901917725,211.489,1.106,212.486,5,1
1785492667,968718018,238.361,1.199,239.486,5,1
1785492668,35518799,240.454,1.142,241.521,5,1
1785492668,102320068,237.893,1.217,239.034,5,1
1785492668,169104736,241.097,1.883,242.901,5,1
1785492668,235889648,281.491,1.064,282.48,5,1
1785492668,302675049,292.748,9.371,302.001,5,1
1785492668,369460693,308.159,1.238,309.317,5,1
1785492668,436247070,318.849,1.107,319.884,5,1
1785492668,569820801,326.78,1.125,327.829,5,1
1785492668,636608398,324.996,1.405,325.921,5,1
1785492668,770184814,323.396,1.506,324.826,5,1
1785492668,836973633,321.013,1.145,322.081,5,1
1785492668,903762939,337.699,1.069,338.693,5,1
1785492668,970552490,341.834,1.219,342.975,5,1
1785492669,37324707,346.615,5.508,352.023,5,1
1785492669,104096680,347.415,1.668,349.009,5,1
1785492669,170869141,348.662,1.311,349.9,5,1
1785492669,237641602,349.605,1.563,350.646,5,1
1785492669,304414307,353.701,13.244,366.836,5,1
1785492669,371187256,362.508,1.116,363.551,5,1
1785492669,437960205,369.341,1.383,370.638,5,1
1785492669,504733398,367.628,1.445,368.99,5,1
1785492669,571506592,360.14,1.453,361.513,5,1
1785492669,638280273,359.695,1.128,360.748,5,1
1785492669,705053955,358.676,1.189,359.79,5,1
1785492669,771827637,355.851,1.133,356.913,5,1
1785492669,838601807,359.345,1.094,360.366,5,1
1785492669,905375977,367.147,1.048,368.121,5,1
1785492669,972149658,364.754,6.697,371.374,5,1
1785492670,38747314,365.715,1.202,366.835,5,1
1785492670,105342773,375.485,1.104,376.516,5,1
1785492670,171936279,375.235,1.542,376.698,5,1
1785492670,238527588,386.449,1.665,388.017,5,1
1785492670,305116699,384.806,10.597,395.239,5,1
1785492670,371703613,388.766,1.217,389.906,5,1
1785492670,438288574,391.485,3.217,394.607,5,1
1785492670,504871338,388.866,1.366,390.138,5,1
1785492670,571451904,381.916,0.999,382.843,5,1
1785492670,638030273,387.244,1.523,388.674,5,1
1785492670,771180908,324.299,2.016,326.231,5,1
1785492670,837752930,310.528,1.144,311.597,5,1
1785492670,904322754,291.644,1.211,292.772,5,1
1785492670,970892334,268.507,1.413,269.846,5,1
1785492671,37601318,266.385,1.266,267.574,5,1
1785492671,104280762,263.397,1.262,264.567,5,1
1785492671,170960205,281.063,1.101,282.088,5,1
1785492671,237639648,286.983,1.094,288.005,5,1
1785492671,304319336,284.367,1.175,285.466,5,1
1785492671,370999268,324.764,10.787,335.43,5,1
1785492671,437678955,327.503,1.349,328.773,5,1
1785492671,504359131,328.341,1.716,329.974,5,1
1785492671,571039063,327.03,1.298,328.24,5,1
1785492671,637719238,311.293,1.501,312.692,5,1
1785492671,771080078,294.93,1.007,295.865,5,1
1785492671,837760498,293.506,1.509,294.942,5,1
1785492671,904441162,307.4,7.99,315.309,5,1
1785492672,37802979,293.937,1.11,294.973,5,1
1785492672,104226807,296.119,1.162,297.205,5,1
1785492672,171078369,300.182,1.12,301.112,5,1
1785492672,237932617,297.355,1.12,298.4,5,1
1785492672,304789063,296.879,1.012,297.817,5,1
1785492672,371648193,303.603,1.005,304.535,5,1
1785492672,505373535,307.235,27.533,334.629,5,1
1785492672,572239990,303.011,1.002,303.94,5,1
1785492672,639108887,302.994,1.0,303.921,5,1
1785492672,705980225,307.425,1.049,308.398,5,1
1785492672,772854004,300.975,1.053,301.954,5,1
1785492672,839730225,301.414,1.042,302.342,5,1
1785492672,906609131,313.711,1.374,314.99,5,1
1785492672,973490234,302.541,1.116,303.583,5,1
1785492673,40373779,307.422,1.914,309.253,5,1
1785492673,107814453,312.94,15.477,328.327,5,1
1785492673,174426758,317.813,1.503,319.213,5,1
1785492673,241037354,321.22,1.302,322.439,5,1
1785492673,374252686,313.497,9.778,320.71,5,1
1785492673,507460693,300.668,1.067,301.65,5,1
1785492673,574061768,302.757,19.075,321.708,5,1
1785492673,640661133,297.654,1.036,298.618,5,1
1785492673,707258545,306.181,1.122,307.23,5,1
1785492673,773854004,301.952,1.042,302.921,5,1
1785492673,840447754,301.407,1.346,302.678,5,1
1785492673,907039551,305.573,1.543,307.041,5,1
1785492673,973629395,325.834,1.905,327.654,5,1
1785492674,40217529,317.537,2.831,320.281,5,1
1785492674,173209229,302.142,1.083,303.149,5,1
1785492674,239972168,312.485,1.181,313.591,5,1
1785492674,306735107,317.236,1.395,318.554,5,1
1785492674,373498291,322.408,1.205,323.539,5,1
1785492674,440261719,334.311,1.769,336.007,5,1
1785492674,507024902,341.695,3.408,345.019,5,1
1785492674,640552002,331.903,8.052,339.84,5,1
1785492674,707315674,333.954,1.87,335.661,5,1
1785492674,774079346,332.9,1.33,334.154,5,1
1785492674,840843262,335.857,2.538,338.318,5,1
1785492674,907607422,332.534,1.128,333.588,5,1
1785492674,974371338,337.64,2.194,339.746,5,1
1785492675,41135498,348.454,3.789,352.15,5,1
1785492675,107976807,339.708,1.921,341.553,5,1
1785492675,174820313,333.657,1.153,334.736,5,1
1785492675,241666016,342.659,1.157,343.742,5,1
1785492675,308513672,351.379,2.116,353.402,5,1
1785492675,375363525,343.254,1.269,344.447,5,1
1785492675,442215332,353.026,2.434,355.373,5,1
1785492675,509069580,344.749,17.771,362.433,5,1
1785492675,575925781,340.487,1.019,341.431,5,1
1785492675,642784180,351.943,11.796,363.596,5,1
1785492675,709644531,339.748,1.02,340.695,5,1
1785492675,776507324,338.588,1.165,339.679,5,1
1785492675,843372070,344.539,1.179,345.619,5,1
1785492675,910238770,343.842,1.081,344.849,5,1
1785492675,977107910,359.357,1.234,360.513,5,1
1785492676,43666992,386.412,1.005,387.344,5,1
1785492676,177333496,384.068,1.011,385.006,5,1
1785492676,244169922,401.845,1.497,403.243,5,1
1785492676,444692383,315.266,1.093,316.286,5,1
1785492676,578385010,261.291,1.362,262.573,5,1
1785492676,712086426,249.776,1.124,250.818,5,1
1785492676,778940430,254.213,6.294,260.362,5,1
1785492676,845796387,254.075,1.133,255.132,5,1
1785492676,912654785,248.747,1.082,249.756,5,1
1785492676,979515137,270.996,1.056,271.979,5,1
1785492677,46377686,288.448,1.411,289.448,5,1
1785492677,113242676,289.207,1.134,290.267,5,1
1785492677,179854736,296.311,1.048,297.286,5,1
1785492677,246464844,305.076,1.628,306.63,5,1
1785492677,313073242,304.084,1.79,305.799,5,1
1785492677,379679932,312.412,1.08,313.418,5,1
1785492677,446284668,322.738,1.16,323.815,5,1
1785492677,579488770,328.438,1.364,329.727,5,1
1785492677,646088135,324.774,1.203,325.888,5,1
1785492677,712685547,324.963,6.709,331.567,5,1
1785492677,779281250,338.52,1.02,339.469,5,1
1785492677,845875244,345.961,1.007,346.893,5,1
1785492677,912467285,358.364,1.151,359.439,5,1
1785492677,979057373,367.544,1.174,368.643,5,1
1785492678,45896729,376.988,2.036,378.946,5,1
1785492678,112498779,379.83,1.222,380.977,5,1
1785492678,179098877,382.018,1.11,383.054,5,1
1785492678,245696777,386.844,3.845,390.607,5,1
1785492678,312292725,408.171,7.766,415.85,5,1
1785492678,445478027,382.352,1.007,383.286,5,1
1785492678,512067627,383.619,1.144,384.689,5,1
1785492678,578655029,384.968,5.376,390.198,5,1
1785492678,711823486,322.575,4.29,323.621,5,1
1785492678,844983643,262.6,5.759,268.243,5,1
1785492678,911560547,266.14,1.497,267.558,5,1
1785492678,978135254,265.327,1.256,266.504,5,1
1785492679,44707764,263.953,1.215,265.095,5,1
1785492679,111278320,268.283,1.847,269.815,5,1
1785492679,177941162,272.814,1.274,274.01,5,1
1785492679,244604004,273.24,1.429,274.467,5,1
1785492679,311266846,268.176,1.294,269.393,5,1
1785492679,377929443,268.525,1.149,269.6,5,1
1785492679,444591797,276.353,1.833,278.099,5,1
1785492679,511254150,270.659,4.238,274.816,5,1
1785492679,577916260,269.54,1.398,270.863,5,1
1785492679,644578369,265.966,1.502,267.391,5,1
1785492679,711240234,263.438,1.224,264.539,5,1
1785492679,777902100,268.958,1.835,270.7,5,1
1785492679,844563721,264.111,23.012,286.844,5,1
1785492679,911225342,271.791,1.419,273.124,5,1
1785492679,977886719,268.966,7.378,276.225,5,1
1785492680,177821289,257.693,1.078,258.698,5,1
1785492680,244430908,256.995,1.043,257.963,5,1
1785492680,311038574,260.003,1.16,261.091,5,1
1785492680,377644287,257.883,3.689,261.491,5,1
1785492680,444248291,264.01,1.858,265.778,5,1
1785492680,510850342,259.347,1.026,260.3,5,1
1785492680,577450439,254.037,0.997,254.962,5,1
1785492680,644048828,277.06,1.063,278.048,5,1
1785492680,710645264,285.165,1.321,286.408,5,1
1785492680,777239746,280.617,1.251,281.708,5,1
1785492680,843832520,287.813,21.555,309.251,5,1
1785492680,910423340,289.567,1.005,290.498,5,1
1785492680,977012207,290.965,1.026,291.916,5,1
1785492681,43599365,304.098,1.234,305.244,5,1
1785492681,110186035,301.874,1.001,302.803,5,1
1785492681,176797852,322.162,1.0,323.09,5,1
1785492681,243407715,324.883,1.084,325.891,5,1
1785492681,310015869,326.236,1.019,327.18,5,1
1785492681,376621826,332.871,1.004,333.802,5,1
1785492681,443226318,333.046,1.061,334.029,5,1
1785492681,509828613,336.443,1.019,337.387,5,1
1785492681,576429199,341.905,0.966,342.798,5,1
1785492681,643028076,354.74,4.503,355.835,5,1
1785492681,709624756,356.388,1.144,357.454,5,1
1785492681,776219971,371.64,8.296,379.829,5,1
1785492681,842812988,385.134,1.086,386.148,5,1
1785492681,909404297,383.599,1.03,384.558,5,1
1785492681,975993652,401.998,1.305,403.231,5,1
1785492682,42244385,411.613,1.184,412.723,5,1
1785492682,109011230,424.788,1.077,425.791,5,1
1785492682,175778320,432.472,1.068,433.467,5,1
1785492682,242545410,440.414,1.122,441.448,5,1
1785492682,442848145,325.831,1.018,326.775,5,1
1785492682,509615967,337.125,1.508,338.553,5,1
1785492682,576384033,331.259,1.007,332.192,5,1
1785492682,643152344,329.984,1.105,331.016,5,1
1785492682,776689209,267.505,1.258,268.692,5,1
1785492682,910226563,208.719,1.06,209.7,5,1
1785492682,976995605,209.474,10.532,219.876,5,1
1785492683,43764893,215.762,1.107,216.796,5,1
1785492683,110534180,214.874,1.114,215.837,5,1
1785492683,177303467,215.929,1.056,216.908,5,1
1785492683,244142090,212.358,1.207,213.488,5,1
1785492683,310982666,222.649,1.136,223.712,5,1
1785492683,377825439,233.36,1.063,234.348,5,1
1785492683,444670166,259.519,1.436,260.875,5,1
1785492683,645217285,249.211,1.671,250.804,5,1
1785492683,712070557,251.395,1.546,252.865,5,1
1785492683,778925781,250.585,1.114,251.624,5,1
1785492683,845783203,243.116,1.323,244.342,5,1
1785492683,979504639,242.388,12.378,254.636,5,1
1785492684,46368408,255.612,1.026,256.562,5,1
1785492684,113234131,256.949,1.061,257.936,5,1
1785492684,180125732,275.425,1.118,276.47,5,1
1785492684,246805664,285.673,1.182,286.781,5,1
1785492684,380166016,304.316,1.409,305.639,5,1
1785492684,513526611,291.783,1.155,292.862,5,1
1785492684,646887695,284.611,1.004,285.542,5,1
1785492684,780249512,276.609,1.012,277.547,5,1
1785492684,846930420,274.629,1.115,275.671,5,1
1785492684,913611572,274.854,1.081,275.862,5,1
1785492684,980292969,272.367,8.743,280.993,5,1
1785492685,46974365,277.521,0.997,278.446,5,1
1785492685,180345703,291.483,1.054,292.463,5,1
1785492685,247035889,298.951,1.205,299.945,5,1
1785492685,313726563,314.517,2.895,317.331,5,1
1785492685,380417725,321.706,1.13,322.761,5,1
1785492685,447109131,329.178,1.121,330.225,5,1
1785492685,513800781,336.47,1.11,337.503,5,1
1785492685,580493164,342.519,1.108,343.541,5,1
1785492685,647185547,348.674,1.337,349.936,5,1
1785492685,713878662,349.765,1.061,350.754,5,1
1785492685,780572021,352.266,1.056,353.25,5,1
1785492685,847265625,356.04,1.043,357.01,5,1
1785492685,913959717,359.161,8.332,367.377,5,1
1785492685,980654297,398.318,2.59,400.827,5,1
1785492686,47349121,385.018,1.065,386.007,5,1
1785492686,113747559,401.681,1.275,402.873,5,1
1785492686,180555176,409.053,1.255,410.236,5,1
1785492686,247363281,417.978,1.449,419.346,5,1
1785492686,314172363,417.804,1.053,418.727,5,1
1785492686,380981934,437.069,1.072,438.064,5,1
1785492686,514603760,391.809,1.137,392.863,5,1
1785492686,581415771,367.007,6.719,368.096,5,1
1785492686,715041992,342.418,1.128,343.467,5,1
1785492686,781856201,345.479,1.131,346.533,5,1
1785492686,915487061,287.09,1.138,288.155,5,1
1785492687,49121094,221.81,1.205,222.937,5,1
1785492687,115938965,224.269,11.547,235.692,5,1
1785492687,182757813,240.005,1.538,241.461,5,1
1785492687,249781006,233.445,1.114,234.485,5,1
1785492687,316396484,233.721,1.228,234.869,5,1
1785492687,383010010,241.669,4.78,245.435,5,1
1785492687,449621826,253.879,1.083,254.89,5,1
1785492687,516231689,257.597,1.184,258.709,5,1
1785492687,582839844,264.781,1.178,265.882,5,1
1785492687,649446045,274.342,1.392,275.662,5,1
1785492687,716050293,281.492,5.173,282.485,5,1
1785492687,782653076,283.328,1.112,284.273,5,1
1785492687,849253662,285.935,1.076,286.939,5,1
1785492687,915852783,289.486,1.1,290.513,5,1
1785492688,49045166,284.907,1.108,285.932,5,1
1785492688,182024658,287.382,17.66,304.903,5,1
1785492688,315409668,288.657,1.215,289.798,5,1
1785492688,382102783,289.071,1.074,290.07,5,1
1785492688,448796143,285.113,1.003,286.028,5,1
1785492688,515489990,307.175,1.167,308.268,5,1
1785492688,582184326,321.468,1.039,322.436,5,1
1785492688,648878906,317.6,1.561,319.085,5,1
1785492688,715573975,323.016,1.28,324.111,5,1
1785492688,782269287,318.092,1.179,319.198,5,1
1785492688,848965088,328.095,1.27,329.283,5,1
1785492688,915661377,325.344,1.35,326.511,5,1
1785492688,982357910,323.125,7.124,330.149,5,1
1785492689,49054932,344.796,4.832,349.543,5,1
1785492689,115974365,337.267,1.329,338.515,5,1
1785492689,182600098,336.277,13.976,350.123,5,1
1785492689,249224121,337.04,0.993,337.961,5,1
1785492689,315846436,346.759,0.976,347.662,5,1
1785492689,449086182,342.07,1.063,343.026,5,1
1785492689,515703613,346.733,1.17,347.829,5,1
1785492689,582319092,353.186,1.128,354.242,5,1
1785492689,648933105,353.341,1.189,354.455,5,1
1785492689,715545654,352.963,1.009,353.9,5,1
1785492689,782156250,349.74,1.177,350.829,5,1
1785492689,848765381,351.557,1.066,352.546,5,1
1785492689,915372559,347.893,1.098,348.916,5,1
1785492689,981978271,369.582,1.169,370.662,5,1
1785492690,48582275,356.005,1.02,356.952,5,1
1785492690,114422363,365.055,1.059,366.042,5,1
1785492690,181273438,373.375,16.034,389.282,5,1
1785492690,248126953,378.498,8.987,387.368,5,1
1785492690,314983154,393.052,1.118,394.08,5,1
1785492690,381841797,415.803,1.133,416.861,5,1
1785492690,448702881,411.435,1.048,412.41,5,1
1785492690,515566406,415.004,1.053,415.986,5,1
1785492690,582432617,419.253,1.128,420.305,5,1
1785492690,716172607,359.997,1.053,360.976,5,1
1785492690,783046387,350.99,1.186,352.086,5,1
1785492690,849922607,340.348,1.354,341.617,5,1
1785492690,916801514,316.779,1.079,317.785,5,1
1785492690,983682617,323.481,3.386,326.778,5,1
1785492691,50566650,335.235,1.668,336.821,5,1
1785492691,117452881,353.079,1.053,354.06,5,1
1785492691,184342285,355.261,1.138,356.327,5,1
1785492691,251234375,356.543,11.416,367.848,5,1
1785492691,385028320,383.181,1.406,384.5,5,1
1785492691,451929688,381.042,1.134,382.099,5,1
1785492691,585741943,372.866,1.062,373.856,5,1
1785492691,652652588,387.177,1.154,388.256,5,1
1785492691,719566162,380.285,1.133,381.345,5,1
1785492691,786482910,399.245,1.599,400.76,5,1
1785492691,853402832,392.75,1.29,393.965,5,1
1785492691,920325684,392.011,1.098,393.035,5,1
1785492691,987251709,409.745,1.517,411.173,5,1
1785492692,121110107,338.954,1.394,340.264,5,1
1785492692,187971191,328.511,3.842,332.247,5,1
1785492692,254834961,310.867,2.796,313.586,5,1
1785492692,321701172,313.568,7.263,320.707,5,1
1785492692,388570068,320.826,0.994,321.745,5,1
1785492692,522315918,329.75,1.021,330.699,5,1
1785492692,589192871,330.95,1.322,332.187,5,1
1785492692,656072266,332.589,1.099,333.612,5,1
1785492692,722954346,335.168,1.236,336.319,5,1
1785492692,789839111,339.181,1.148,340.237,5,1
1785492692,856726563,343.974,1.054,344.954,5,1
1785492692,923616455,345.505,1.054,346.486,5,1
1785492692,990509277,362.117,1.085,363.127,5,1
1785492693,57404541,360.176,1.114,361.217,5,1
1785492693,124672607,369.124,1.089,370.142,5,1
1785492693,191299805,376.768,1.054,377.747,5,1
1785492693,257925293,386.632,6.161,392.676,5,1
1785492693,324549072,399.163,1.089,400.178,5,1
1785492693,391171387,424.002,1.037,424.967,5,1
1785492693,457791748,411.998,1.046,412.971,5,1
1785492693,591028076,356.128,1.583,357.639,5,1
1785492693,724257813,299.969,1.108,301.004,5,1
1785492693,790870117,297.815,1.264,299.006,5,1
1785492693,857480957,299.652,4.29,303.864,5,1
1785492693,990697510,298.472,1.181,299.58,5,1
1785492694,57303467,313.286,1.696,314.863,5,1
1785492694,123907471,310.463,1.099,311.489,5,1
1785492694,190124512,335.736,1.236,336.873,5,1
1785492694,256917969,338.739,1.065,339.729,5,1
1785492694,323712158,363.349,5.762,369.0,5,1
1785492694,390506836,383.006,1.1,384.033,5,1
1785492694,457302246,386.125,1.058,387.109,5,1
1785492694,524097900,384.924,1.322,386.126,5,1
1785492694,590894531,386.217,1.099,387.243,5,1
1785492694,657691406,391.451,1.112,392.49,5,1
1785492694,791287109,323.359,1.057,324.345,5,1
1785492694,924885254,270.969,1.082,271.977,5,1
1785492694,991685059,283.133,1.006,284.067,5,1
1785492695,58485352,283.314,1.076,284.316,5,1
1785492695,125286377,294.206,1.075,295.208,5,1
1785492695,192476807,318.748,1.662,320.224,5,1
1785492695,259085449,317.666,1.58,318.867,5,1
1785492695,325692139,316.252,1.239,317.419,5,1
1785492695,392296875,318.538,6.26,324.672,5,1
1785492695,458899658,324.176,1.991,326.086,5,1
1785492695,525500244,325.204,1.094,326.224,5,1
1785492695,592099121,323.578,1.071,324.576,5,1
1785492695,658696045,323.581,4.223,327.689,5,1
1785492695,725291016,325.932,0.997,326.856,5,1
1785492695,791884033,326.467,1.036,327.43,5,1
1785492695,858474854,324.967,1.166,326.057,5,1
1785492695,925063965,325.478,1.036,326.439,5,1
1785492695,991651123,325.803,1.011,326.739,5,1
1785492696,58236328,336.577,1.056,337.556,5,1
1785492696,124819580,335.806,1.365,337.046,5,1
1785492696,191399414,342.162,1.102,343.191,5,1
1785492696,257977051,342.818,1.137,343.865,5,1
1785492696,324552246,347.909,1.001,348.836,5,1
1785492696,391125000,357.152,19.703,376.675,5,1
1785492696,457695557,368.897,1.063,369.886,5,1
1785492696,524263672,367.769,1.056,368.691,5,1
1785492696,590829346,371.897,1.056,372.88,5,1
1785492696,657392822,385.31,1.23,386.459,5,1
1785492696,723953857,383.919,1.052,384.897,5,1
1785492696,790512695,392.704,1.145,393.773,5,1
1785492696,857069092,395.91,1.178,397.009,5,1
1785492696,923623047,399.861,1.081,400.869,5,1
1785492696,990174561,414.319,1.258,415.502,5,1
1785492697,123272949,350.625,4.989,355.537,5,1
1785492697,189880127,344.072,2.243,346.239,5,1
1785492697,256485352,332.282,1.566,333.76,5,1
1785492697,323088623,324.004,4.393,328.306,5,1
1785492697,389689941,327.107,1.177,328.182,5,1
1785492697,456289307,322.879,12.015,334.779,5,1
1785492697,522886719,339.428,1.172,340.519,5,1
1785492697,589482178,343.528,1.01,344.464,5,1
1785492697,656075684,345.536,1.182,346.645,5,1
1785492697,722667236,353.605,4.499,357.972,5,1
1785492697,789256836,352.302,1.008,353.237,5,1
1785492697,855844482,353.765,1.075,354.766,5,1
1785492697,922430176,349.996,1.188,351.111,5,1
1785492697,989013916,353.551,1.231,354.707,5,1
1785492698,55595459,361.833,1.394,363.149,5,1
1785492698,122176758,395.123,1.033,396.084,5,1
1785492698,188868896,410.453,1.109,411.49,5,1
1785492698,255561279,430.428,2.136,432.42,5,1
1785492698,322253906,429.085,1.063,430.075,5,1
1785492698,388947021,450.646,17.676,468.182,5,1
1785492698,522334473,386.227,1.004,387.158,5,1
1785492698,655723145,340.36,0.978,341.266,5,1
1785492698,789113281,343.295,7.725,344.352,5,1
1785492698,922504639,286.74,4.024,290.687,5,1
1785492698,989200928,270.163,1.489,271.576,5,1
1785492699,55897705,248.521,2.328,250.758,5,1
1785492699,122594727,233.286,1.188,234.388,5,1
1785492699,189294678,238.803,1.319,240.042,5,1
1785492699,255990967,254.394,1.107,255.427,5,1
1785492699,322695068,258.097,1.094,259.119,5,1
1785492699,389399658,254.545,1.002,255.455,5,1
1785492699,456104980,261.497,1.112,262.535,5,1
1785492699,589517090,251.577,9.712,261.169,5,1
1785492699,656224121,257.701,1.111,258.738,5,1
1785492699,722931641,258.192,1.235,259.123,5,1
1785492699,789639648,257.178,1.013,258.117,5,1
1785492699,856348389,254.474,1.118,255.502,5,1
1785492699,989767334,247.327,1.181,248.428,5,1
1785492700,56477783,236.035,1.095,237.057,5,1
1785492700,123188477,258.63,5.61,264.12,5,1
1785492700,189900146,262.077,1.906,263.907,5,1
1785492700,256612061,276.291,1.576,277.779,5,1
1785492700,323479004,278.262,1.087,279.277,5,1
1785492700,390269287,281.941,1.108,282.974,5,1
1785492700,457060303,312.121,1.023,313.068,5,1
1785492700,523852051,310.55,1.115,311.587,5,1
1785492700,590644287,328.849,11.198,339.934,5,1
1785492700,657437256,341.615,1.088,342.628,5,1
1785492700,724230957,348.931,1.137,349.994,5,1
1785492700,791025146,348.542,0.993,349.463,5,1
1785492700,857820068,347.859,0.986,348.773,5,1
1785492700,924615479,348.085,2.806,349.625,5,1
1785492700,991411621,345.176,1.487,346.59,5,1
1785492701,58208496,366.563,1.758,368.243,5,1
1785492701,125005859,367.837,1.211,368.964,5,1
1785492701,191802734,364.171,1.003,365.102,5,1
1785492701,258511230,361.788,1.069,362.784,5,1
1785492701,325219971,366.984,0.981,367.879,5,1
1785492701,392023682,376.369,1.157,377.451,5,1
1785492701,458827881,392.041,1.635,393.523,5,1
1785492701,525632813,392.739,1.436,394.039,5,1
1785492701,592438721,391.333,16.651,407.86,5,1
1785492701,659244873,390.891,1.329,392.147,5,1
1785492701,726052002,399.703,1.48,401.059,5,1
1785492701,792859619,410.744,1.537,412.195,5,1
1785492701,859668213,407.961,1.548,409.427,5,1
1785492701,993286865,326.864,1.831,328.607,5,1
1785492702,60097168,322.619,4.544,327.048,5,1
1785492702,126908203,303.517,1.241,304.68,5,1
1785492702,260532471,303.569,1.055,304.552,5,1
1785492702,327344238,305.993,1.301,307.216,5,1
1785492702,394048828,327.327,1.633,328.871,5,1
1785492702,460754395,324.447,1.253,325.619,5,1
1785492702,594166992,321.478,1.099,322.504,5,1
1785492702,660874512,318.672,1.127,319.725,5,1
1785492702,727582764,319.113,10.843,329.835,5,1
1785492702,794291748,323.817,1.092,324.835,5,1
1785492702,861001221,323.596,1.205,324.723,5,1
1785492702,927711670,321.735,1.167,322.829,5,1
1785492702,994422607,321.667,1.341,322.931,5,1
1785492703,61134277,324.769,1.671,326.361,5,1
1785492703,127846680,326.998,1.841,328.762,5,1
1785492703,194559814,331.691,1.463,332.965,5,1
1785492703,261273682,331.667,1.43,333.015,5,1
1785492703,327988281,328.255,1.21,329.386,5,1
1785492703,394613037,360.3,2.65,362.865,5,1
1785492703,527857666,357.598,1.057,358.583,5,1
1785492703,594477539,356.236,1.07,357.234,5,1
1785492703,661095947,351.969,1.052,352.946,5,1
1785492703,727712891,354.934,14.519,369.32,5,1
1785492703,794328125,357.737,1.063,358.726,5,1
1785492703,860941650,360.183,1.052,361.162,5,1
1785492703,927553711,356.575,1.245,357.744,5,1
1785492703,994164307,362.228,1.195,363.349,5,1
1785492704,60773438,364.91,1.074,365.91,5,1
1785492704,127380859,368.197,1.075,369.199,5,1
1785492704,193986572,369.357,1.109,370.392,5,1
1785492704,260590820,371.458,1.389,372.727,5,1
1785492704,327194824,398.452,1.224,399.596,5,1
1785492704,393815186,381.069,1.11,382.107,5,1
1785492704,460434082,391.275,1.133,392.331,5,1
1785492704,527051270,399.71,2.176,401.035,5,1
1785492704,593666504,402.642,1.542,404.106,5,1
1785492704,660280273,409.293,1.07,410.29,5,1
1785492704,726892334,411.13,10.693,421.711,5,1
1785492704,793502686,446.065,1.467,447.441,5,1
1785492704,926718262,354.757,4.151,358.826,5,1
1785492704,993323730,333.079,1.411,334.4,5,1
1785492705,59927246,337.499,1.24,338.66,5,1
1785492705,126529297,336.303,1.288,337.507,5,1
1785492705,193129395,339.332,1.196,340.454,5,1
1785492705,259728027,342.139,1.1,343.166,5,1
1785492705,326326172,357.347,1.104,358.374,5,1
1785492705,392946777,355.069,1.071,355.989,5,1
1785492705,459565918,367.27,1.357,368.463,5,1
1785492705,526183105,395.948,1.086,396.96,5,1
1785492705,592798828,395.651,1.058,396.637,5,1
1785492705,659412842,410.219,1.063,411.208,5,1
1785492705,726025146,407.055,1.104,408.075,5,1
1785492705,792635986,407.908,11.138,418.934,5,1
1785492705,859244873,422.563,1.305,423.785,5,1
1785492705,925852051,398.82,1.768,400.509,5,1
1785492706,125664063,319.03,1.093,320.051,5,1
1785492706,192264648,338.91,1.122,339.916,5,1
1785492706,258863525,350.729,1.099,351.753,5,1
1785492706,325461914,357.027,8.395,365.303,5,1
1785492706,458870850,374.746,1.384,376.048,5,1
1785492706,592281982,364.758,1.096,365.77,5,1
1785492706,658988525,363.986,1.252,365.162,5,1
1785492706,725695313,378.687,1.126,379.74,5,1
1785492706,859111084,388.046,30.057,417.964,5,1
1785492706,925819580,387.497,1.148,388.571,5,1
1785492706,992528809,393.291,1.549,394.764,5,1
1785492707,59238281,407.914,1.194,409.034,5,1
1785492707,125948486,412.306,1.072,413.305,5,1
1785492707,326082275,282.232,1.012,283.169,5,1
1785492707,392962891,288.373,0.964,289.266,5,1
1785492707,459846191,307.909,1.062,308.893,5,1
1785492707,526732666,306.375,1.074,307.374,5,1
1785492707,593621826,311.835,1.047,312.81,5,1
1785492707,660513916,324.784,1.046,325.708,5,1
1785492707,727409180,342.047,1.054,343.027,5,1
1785492707,794307129,344.415,1.062,345.404,5,1
1785492707,861207764,343.381,1.053,344.361,5,1
1785492707,928111572,350.033,29.048,378.921,5,1
1785492707,995018311,350.465,1.121,351.511,5,1
1785492708,61927734,348.919,1.522,350.011,5,1
1785492708,128840332,351.812,1.49,353.226,5,1
1785492708,195755615,354.004,1.78,355.707,5,1
1785492708,262673828,362.087,1.07,363.085,5,1
1785492708,329592529,385.044,1.197,386.163,5,1
1785492708,463034180,376.989,1.113,378.021,5,1
1785492708,529756348,390.407,1.109,391.44,5,1
1785492708,596479248,392.824,1.093,393.843,5,1
1785492708,663203125,406.351,2.286,408.556,5,1
1785492708,796653564,387.677,1.098,388.7,5,1
1785492708,863379883,415.211,17.107,432.156,5,1
1785492708,930107178,392.13,1.4,393.45,5,1
1785492709,130294434,301.987,1.115,303.026,5,1
1785492709,197025146,302.356,1.111,303.394,5,1
1785492709,263756592,304.258,1.246,305.418,5,1
1785492709,330488770,307.184,1.088,308.199,5,1
1785492709,397294678,325.123,3.187,328.214,5,1
1785492709,464101563,320.119,1.106,321.152,5,1
1785492709,530909180,322.831,1.114,323.863,5,1
1785492709,597717529,322.976,1.105,324.008,5,1
1785492709,664526855,320.552,1.15,321.555,5,1
1785492709,731336914,340.137,1.246,341.217,5,1
1785492709,798147949,325.254,1.075,326.256,5,1
1785492709,864959961,336.531,1.081,337.538,5,1
1785492709,931772705,341.442,1.066,342.433,5,1
1785492709,998586182,338.338,13.618,351.835,5,1
1785492710,65400635,344.726,1.318,345.97,5,1
1785492710,132216064,346.86,1.067,347.779,5,1
1785492710,199032227,367.892,1.109,368.928,5,1
1785492710,265849121,375.799,1.169,376.893,5,1
1785492710,332666016,393.627,2.175,395.719,5,1
1785492710,399551025,390.06,1.841,391.822,5,1
1785492710,466439209,396.003,1.136,397.061,5,1
1785492710,600225098,385.392,1.099,386.417,5,1
1785492710,667122559,386.125,1.061,387.112,5,1
1785492710,734023193,409.09,1.628,410.518,5,1
1785492710,867833984,320.533,4.151,324.601,5,1
1785492710,934743896,320.576,1.477,321.969,5,1
1785492711,1656982,301.606,1.265,302.786,5,1
1785492711,68572998,292.54,10.324,302.748,5,1
1785492711,135492432,307.745,1.071,308.743,5,1
1785492711,202414795,305.449,1.072,306.449,5,1
1785492711,269340088,310.53,1.073,311.529,5,1
1785492711,336266602,306.789,1.058,307.772,5,1
1785492711,403058350,318.063,1.597,319.587,5,1
1785492711,469850830,338.271,1.076,339.273,5,1
1785492711,536643799,338.074,1.062,339.063,5,1
1785492711,603437500,337.061,1.046,338.034,5,1
1785492711,670231689,337.672,1.056,338.653,5,1
1785492711,737026611,340.696,1.079,341.699,5,1
1785492711,803822021,335.798,1.063,336.787,5,1
1785492711,870618164,335.818,1.042,336.788,5,1
1785492711,937414795,336.186,1.063,337.176,5,1
1785492712,4212158,340.852,1.083,341.861,5,1
1785492712,71010010,346.471,5.649,351.964,5,1
1785492712,137808594,360.083,1.798,361.776,5,1
1785492712,204607666,355.06,1.128,356.112,5,1
1785492712,338207275,345.826,1.27,347.017,5,1
1785492712,404488770,346.322,1.002,347.251,5,1
1785492712,471112793,373.393,1.057,374.377,5,1
1785492712,537735107,371.797,1.006,372.732,5,1
1785492712,604355713,380.99,1.334,382.217,5,1
1785492712,670974854,372.868,1.672,374.452,5,1
1785492712,737592529,370.661,1.173,371.748,5,1
1785492712,804208252,373.248,5.205,374.627,5,1
1785492712,870822754,365.209,1.285,366.416,5,1
1785492712,937435303,361.565,1.241,362.728,5,1
1785492713,4046631,360.762,4.464,361.825,5,1
1785492713,70656006,377.057,10.984,387.929,5,1
1785492713,137263916,405.541,1.245,406.597,5,1
1785492713,203872070,405.229,4.346,409.415,5,1
1785492713,270607910,406.142,1.404,407.38,5,1
1785492713,337343750,431.912,3.251,435.086,5,1
1785492713,403965332,437.821,2.021,439.739,5,1
1785492713,537203125,365.115,2.227,367.244,5,1
1785492713,603819580,339.673,1.332,340.93,5,1
1785492713,670434326,337.075,1.273,338.274,5,1
1785492713,737047363,337.236,1.006,338.171,5,1
1785492713,803658691,349.656,1.087,350.67,5,1
1785492714,3482910,223.803,1.083,224.81,5,1
1785492714,70087646,230.121,1.057,231.103,5,1
1785492714,136690674,237.425,1.317,238.667,5,1
1785492714,203292236,252.75,23.875,276.494,5,1
1785492714,269891846,252.931,1.347,254.201,5,1
1785492714,336491455,261.985,1.247,263.152,5,1
1785492714,403271729,282.901,3.538,286.323,5,1
1785492714,470052490,291.002,1.195,292.12,5,1
1785492714,536833496,290.617,1.117,291.661,5,1
1785492714,603615234,299.35,1.12,300.382,5,1
1785492714,670396973,299.437,1.112,300.475,5,1
1785492714,737179443,304.005,1.079,305.012,5,1
1785492714,803962158,305.292,3.464,308.521,5,1
1785492714,870745117,315.579,7.801,323.248,5,1
1785492714,937528564,324.96,1.211,326.093,5,1
1785492715,4312500,323.624,1.304,324.854,5,1
1785492715,71096924,332.019,1.672,333.612,5,1
1785492715,137881592,335.478,26.815,362.156,5,1
1785492715,204666504,338.154,1.021,339.103,5,1
1785492715,271452148,337.955,1.095,338.978,5,1
1785492715,338237305,339.478,1.125,340.471,5,1
1785492715,404963623,346.599,1.207,347.734,5,1
1785492715,538490723,353.935,1.689,355.55,5,1
1785492715,605254639,348.413,1.473,349.741,5,1
1785492715,672018311,348.949,1.45,350.227,5,1
1785492715,738782227,350.761,1.521,352.208,5,1
1785492715,805546143,356.177,1.542,357.568,5,1
1785492715,872310303,358.393,3.336,361.65,5,1
1785492715,939074463,359.539,1.513,360.909,5,1
1785492716,5838623,360.184,1.207,361.319,5,1
1785492716,72603027,366.884,1.719,368.247,5,1
1785492716,139367432,371.133,10.733,381.722,5,1
1785492716,206132080,361.649,1.243,362.815,5,1
1785492716,272896729,378.774,0.957,379.658,5,1
1785492716,339661377,389.374,1.158,390.456,5,1
1785492716,406425781,399.702,1.602,401.225,5,1
1785492716,473277344,399.218,1.072,400.155,5,1
1785492716,540131348,400.99,1.075,401.993,5,1
1785492716,606987793,410.283,1.192,411.393,5,1
1785492716,740707275,346.155,1.351,347.417,5,1
1785492716,807570557,342.01,13.293,355.218,5,1
1785492716,874436279,322.118,5.197,327.235,5,1
1785492716,941303955,306.365,1.055,307.348,5,1
1785492717,8174316,303.946,1.066,304.94,5,1
1785492717,75046631,308.678,1.225,309.828,5,1
1785492717,141921631,312.115,1.08,313.107,5,1
1785492717,208798584,312.869,19.67,332.391,5,1
1785492717,275677979,317.793,1.088,318.809,5,1
1785492717,342559814,312.649,1.057,313.633,5,1
1785492717,475795166,320.352,1.059,321.336,5,1
1785492717,542502441,321.111,1.055,322.093,5,1
1785492717,609210449,320.352,1.065,321.343,5,1
1785492717,675919189,322.554,1.15,323.629,5,1
1785492717,742628662,326.577,1.342,327.837,5,1
1785492717,809338867,327.049,1.922,328.887,5,1
1785492717,876049805,322.169,1.209,323.223,5,1
1785492717,942761475,321.883,1.104,322.914,5,1
1785492718,9473877,350.219,1.809,351.933,5,1
1785492718,76187012,347.117,1.765,348.787,5,1
1785492718,142901123,341.861,1.136,342.922,5,1
1785492718,209615723,354.234,5.355,359.363,5,1
1785492718,276331543,361.531,1.564,363.017,5,1
1785492718,343079102,366.46,1.193,367.576,5,1
1785492718,409826904,368.668,1.143,369.739,5,1
1785492718,476433105,379.298,1.644,380.867,5,1
1785492718,543037598,387.324,1.507,388.745,5,1
1785492718,609640137,381.383,1.508,382.807,5,1
1785492718,676240723,381.662,1.277,382.59,5,1
1785492718,742839355,408.676,1.589,410.179,5,1
1785492718,809436279,386.693,2.289,388.9,5,1
1785492718,942624023,308.397,2.122,310.435,5,1
1785492719,9215088,289.584,1.057,290.566,5,1
1785492719,75804199,304.97,1.594,306.491,5,1
1785492719,142391357,314.479,1.019,315.423,5,1
1785492719,208976807,327.16,1.332,328.411,5,1
1785492719,275560059,332.513,5.276,337.679,5,1
1785492719,342141602,346.401,1.039,347.367,5,1
1785492719,408722900,359.311,1.12,360.356,5,1
1785492719,475329590,376.916,1.456,378.298,5,1
1785492719,541934570,378.256,1.283,379.463,5,1
1785492719,608537598,377.197,1.248,378.37,5,1
1785492719,675138428,378.324,1.184,379.434,5,1
1785492719,741737549,377.389,1.318,378.634,5,1
1785492719,808334717,378.433,1.093,379.453,5,1
1785492719,874930176,378.836,1.06,379.822,5,1
1785492719,941523438,382.312,4.672,386.911,5,1
1785492720,8114990,385.35,1.064,386.337,5,1
1785492720,74704346,387.04,1.12,388.081,5,1
1785492720,141291992,392.831,1.58,394.333,5,1
1785492720,207877686,402.397,16.985,419.243,5,1
1785492720,274461670,394.828,1.059,395.811,5,1
1785492720,407625244,322.303,1.351,323.566,5,1
1785492720,541558594,313.814,1.523,315.265,5,1
1785492720,608293945,315.248,1.082,316.176,5,1
1785492720,675028809,315.397,1.196,316.327,5,1
1785492720,741763428,321.347,1.058,322.332,5,1
1785492720,808497803,323.653,1.06,324.64,5,1
1785492720,875231689,323.448,1.064,324.439,5,1
1785492720,941965332,330.081,1.248,331.165,5,1
1785492721,8698730,331.666,1.189,332.778,5,1
1785492721,75431885,336.35,1.082,337.358,5,1
1785492721,142164551,340.576,1.055,341.558,5,1
1785492721,208896729,359.602,1.13,360.659,5,1
1785492721,275616211,363.257,12.646,375.755,5,1
1785492721,342335938,367.656,5.2,372.723,5,1
1785492721,409055420,406.634,1.423,407.967,5,1
1785492721,475802002,380.372,1.098,381.397,5,1
1785492721,542548584,403.361,1.094,404.381,5,1
1785492721,609294922,402.248,1.086,403.26,5,1
1785492721,676041016,415.711,1.056,416.692,5,1
1785492721,742787109,432.939,1.168,434.028,5,1
1785492721,876278320,357.821,1.256,358.999,5,1
1785492721,943023682,340.78,1.618,342.315,5,1
1785492722,9769043,316.142,1.077,317.145,5,1
1785492722,76513916,324.888,1.274,326.082,5,1
1785492722,143258789,321.045,1.523,322.493,5,1
1785492722,210003418,341.51,1.175,342.604,5,1
1785492722,276747803,337.488,1.069,338.484,5,1
1785492722,343491943,338.225,14.785,352.87,5,1
1785492722,410235840,351.722,1.032,352.681,5,1
1785492722,477357666,369.074,1.031,370.03,5,1
1785492722,544229980,364.934,1.102,365.964,5,1
1785492722,611103760,370.826,1.022,371.753,5,1
1785492722,677978760,400.244,1.878,401.994,5,1
1785492722,744854736,397.472,1.38,398.711,5,1
1785492722,878610840,395.328,1.171,396.421,5,1
1785492722,945490723,389.58,1.05,390.556,5,1
1785492723,12372070,393.348,1.506,394.579,5,1
1785492723,213022949,299.025,1.106,300.058,5,1
1785492723,279907227,319.882,1.403,321.212,5,1
1785492723,346634766,319.213,1.067,320.207,5,1
1785492723,480000732,323.378,5.433,328.686,5,1
1785492723,546638428,331.13,1.088,332.144,5,1
1785492723,613275391,338.09,1.068,339.085,5,1
1785492723,679912109,333.195,1.076,334.198,5,1
1785492723,746548096,338.132,1.057,339.111,5,1
1785492723,813183350,335.38,1.078,336.383,5,1
1785492723,879818115,333.208,1.09,334.21,5,1
1785492723,946452393,335.378,1.051,336.356,5,1
1785492724,79718994,337.275,1.06,338.209,5,1
1785492724,146351318,339.507,1.054,340.488,5,1
1785492724,212983154,337.656,1.09,338.675,5,1
1785492724,279614502,336.483,1.131,337.541,5,1
1785492724,346245117,336.729,1.171,337.812,5,1
1785492724,412876465,364.903,4.075,368.893,5,1
1785492724,479274902,357.532,19.062,376.463,5,1
1785492724,678910645,340.192,1.06,341.181,5,1
1785492724,745450195,343.58,1.119,344.608,5,1
1785492724,811987305,341.477,1.061,342.466,5,1
1785492724,878521484,339.618,1.117,340.658,5,1
1785492724,945052979,340.799,1.088,341.813,5,1
1785492725,11581787,345.376,1.439,346.74,5,1
1785492725,78107910,344.331,1.059,345.315,5,1
1785492725,144631348,347.417,1.065,348.408,5,1
1785492725,211151855,350.378,1.027,351.332,5,1
1785492725,277671875,349.592,1.018,350.538,5,1
1785492725,344375244,350.437,1.282,351.646,5,1
1785492725,411078613,358.399,1.324,359.427,5,1
1785492725,477622314,367.48,29.042,396.375,5,1
1785492725,544271484,364.735,1.142,365.8,5,1
1785492725,610920410,366.623,1.012,367.563,5,1
1785492725,677569092,364.187,1.138,365.25,5,1
1785492725,744217041,366.186,1.135,367.247,5,1
1785492725,810864746,366.193,0.991,367.113,5,1
1785492725,877512207,369.48,1.011,370.418,5,1
1785492725,944159180,375.511,0.992,376.43,5,1
1785492726,10805664,385.865,1.199,386.99,5,1
1785492726,77451660,393.861,0.998,394.786,5,1
1785492726,144097412,392.609,0.994,393.529,5,1
1785492726,210742676,391.926,0.995,392.849,5,1
1785492726,277388428,392.844,1.004,393.775,5,1
1785492726,344088623,400.055,7.235,407.209,5,1
1785492726,544050049,287.107,1.11,288.144,5,1
1785492726,610710938,288.927,9.877,298.691,5,1
1785492726,677371582,292.133,1.172,293.23,5,1
1785492726,744032227,293.615,1.079,294.618,5,1
1785492726,810692871,292.615,1.12,293.662,5,1
1785492726,877353271,291.639,1.091,292.656,5,1
1785492726,944013428,291.504,1.159,292.588,5,1
1785492727,10673340,293.904,1.001,294.832,5,1
1785492727,77333252,293.916,1.392,294.99,5,1
1785492727,143992920,304.916,1.475,306.303,5,1
1785492727,210653076,306.355,1.767,307.932,5,1
1785492727,277352295,303.465,6.931,310.163,5,1
1785492727,344051758,305.385,1.121,306.433,5,1
1785492727,410750977,307.369,1.38,308.671,5,1
1785492727,477432373,317.816,1.282,319.015,5,1
1785492727,544113770,314.752,1.191,315.87,5,1
1785492727,610795410,311.798,22.948,334.562,5,1
1785492727,677477051,313.612,4.272,317.804,5,1
1785492727,744158936,314.332,1.096,315.355,5,1
1785492727,810841064,331.723,3.518,335.11,5,1
1785492727,944205566,304.462,0.992,305.383,5,1
1785492728,10887939,309.746,1.064,310.736,5,1
1785492728,77570557,319.974,1.086,320.983,5,1
1785492728,144253418,353.006,1.03,353.964,5,1
1785492728,210936279,356.851,1.105,357.884,5,1
1785492728,344302490,357.317,1.092,358.336,5,1
1785492728,410986084,378.557,1.301,379.778,5,1
1785492728,477444092,383.603,3.025,384.607,5,1
1785492728,544048584,394.764,20.842,415.469,5,1
1785492728,743851318,384.995,1.269,386.19,5,1
1785492728,877043945,322.932,1.393,324.251,5,1
1785492729,10229004,258.458,1.021,259.406,5,1
1785492729,76818848,269.806,1.14,270.871,5,1
1785492729,143406738,283.672,1.087,284.686,5,1
1785492729,209992920,292.954,1.083,293.965,5,1
1785492729,276578613,310.42,1.141,311.486,5,1
1785492729,343264893,307.607,0.997,308.532,5,1
1785492729,409951416,306.949,1.01,307.868,5,1
1785492729,610330566,315.215,0.996,316.138,5,1
1785492729,677097412,317.33,9.633,326.836,5,1
1785492729,743864258,324.403,1.071,325.4,5,1
1785492729,810631348,324.026,8.813,332.762,5,1
1785492729,877398438,329.836,1.106,330.868,5,1
1785492729,944165771,343.522,1.411,344.798,5,1
1785492730,10933105,368.148,1.176,369.241,5,1
1785492730,77700684,348.966,0.989,349.883,5,1
1785492730,144468506,355.326,1.089,356.342,5,1
1785492730,211236328,360.871,1.091,361.888,5,1
1785492730,278004395,373.521,1.103,374.55,5,1
1785492730,344771484,388.953,1.551,390.422,5,1
1785492730,411458984,384.089,1.574,385.586,5,1
1785492730,478146484,408.287,1.038,409.248,5,1
1785492730,544985107,407.507,1.067,408.5,5,1
1785492730,611825684,412.779,13.103,425.765,5,1
1785492730,678668701,411.826,1.142,412.895,5,1
1785492730,745513916,433.904,6.78,440.553,5,1
1785492730,879210693,368.616,4.985,373.509,5,1
1785492730,946062256,347.893,4.15,348.801,5,1
1785492731,79772217,285.809,6.708,292.433,5,1
1785492731,146630371,276.268,1.044,277.237,5,1
1785492731,213490723,287.614,1.028,288.565,5,1
1785492731,280353516,306.997,1.209,308.118,5,1
1785492731,347218262,299.32,1.021,300.268,5,1
1785492731,414085205,297.308,1.119,298.353,5,1
1785492731,480952393,309.435,1.598,310.945,5,1
1785492731,547791992,305.522,1.092,306.542,5,1
1785492731,614633545,302.787,1.057,303.769,5,1
1785492731,681477539,296.261,1.009,297.197,5,1
1785492731,748323730,291.444,5.125,296.461,5,1
1785492731,815172119,300.457,2.764,302.94,5,1
1785492731,882022705,290.542,1.25,291.717,5,1
1785492731,948875244,295.834,2.349,298.043,5,1
1785492732,82587402,284.577,5.525,290.013,5,1
1785492732,149446777,272.965,1.47,274.363,5,1
1785492732,216308350,277.76,3.144,280.783,5,1
1785492732,283171875,297.321,3.171,299.706,5,1
1785492732,350037842,289.102,1.397,290.427,5,1
1785492732,416906006,293.018,1.12,294.038,5,1
1785492732,483774414,293.806,1.052,294.781,5,1
1785492732,550465332,327.859,1.136,328.914,5,1
1785492732,617156494,329.633,5.056,330.958,5,1
1785492732,683848145,337.025,1.624,338.454,5,1
1785492732,750540039,335.204,23.45,358.532,5,1
1785492732,817232666,338.045,7.435,345.378,5,1
1785492732,883925537,323.676,1.132,324.733,5,1
1785492732,950618896,341.805,1.138,342.87,5,1
1785492733,17312500,356.547,1.55,358.021,5,1
1785492733,84006836,364.975,1.723,366.621,5,1
1785492733,150701416,377.277,1.348,378.553,5,1
1785492733,217396484,390.527,1.056,391.51,5,1
1785492733,350787842,390.386,1.185,391.48,5,1
1785492733,417484131,409.767,2.066,411.718,5,1
1785492733,484181152,406.831,6.133,407.845,5,1
1785492733,617405273,328.206,1.091,329.219,5,1
1785492733,684014648,321.984,1.195,323.089,5,1
1785492733,750622314,302.915,1.312,304.151,5,1
1785492733,817228271,309.138,24.092,333.018,5,1
1785492733,883832031,317.135,8.482,321.442,5,1
1785492733,950434326,323.244,1.364,324.524,5,1
1785492734,17034668,332.122,2.172,334.215,5,1
1785492734,83633057,330.211,1.894,331.991,5,1
1785492734,150229736,324.403,2.267,326.347,5,1
1785492734,216824707,306.811,6.846,313.433,5,1
1785492734,283417725,298.184,11.948,309.988,5,1
1785492734,350009033,290.549,1.111,291.585,5,1
1785492734,416598389,287.348,1.029,288.299,5,1
1785492734,483187500,320.933,1.166,322.016,5,1
1785492734,549798340,302.847,1.011,303.784,5,1
1785492734,616407471,307.621,0.995,308.544,5,1
1785492734,683014648,315.008,1.114,316.047,5,1
1785492734,749620117,316.747,1.155,317.828,5,1
1785492734,816223633,320.743,4.561,325.186,5,1
1785492734,882825195,316.986,1.34,318.252,5,1
1785492734,949425049,329.483,1.24,330.604,5,1
1785492735,16022949,354.554,1.414,355.668,5,1
1785492735,82618896,330.356,1.119,331.397,5,1
1785492735,149213379,349.142,1.059,350.127,5,1
1785492735,215805664,352.224,1.388,353.537,5,1
1785492735,282396240,361.587,1.068,362.581,5,1
1785492735,348984863,386.696,5.479,390.478,5,1
1785492735,415571777,386.93,1.324,388.167,5,1
1785492735,482157959,389.819,1.346,391.076,5,1
1785492735,548769287,396.675,1.249,397.845,5,1
1785492735,615378662,376.815,0.977,377.707,5,1
1785492735,681986328,385.643,0.985,386.557,5,1
1785492735,748592041,382.581,1.16,383.666,5,1
1785492735,815196045,388.404,4.652,392.938,5,1
1785492735,881798096,398.857,7.197,405.966,5,1
1785492735,948398193,400.369,6.267,405.682,5,1
1785492736,14996582,411.686,1.014,412.627,5,1
1785492736,81593262,426.088,1.988,427.995,5,1
1785492736,148187744,411.719,4.25,413.451,5,1
1785492736,281371582,327.998,6.627,334.495,5,1
1785492736,347960693,302.853,1.058,303.837,5,1
1785492736,414547852,304.931,1.06,305.918,5,1
1785492736,481134521,312.268,1.591,313.778,5,1
1785492736,547832031,322.827,8.119,324.146,5,1
1785492736,614529785,326.697,1.058,327.683,5,1
1785492736,681228027,327.071,1.063,328.061,5,1
1785492736,747926758,330.556,5.148,335.218,5,1
1785492736,814625977,328.463,1.945,330.328,5,1
1785492736,881325439,343.721,9.971,353.565,5,1
1785492736,948025391,347.958,2.373,348.963,5,1
1785492737,14725830,365.82,1.201,366.946,5,1
1785492737,81426514,370.48,1.115,371.523,5,1
1785492737,148127930,373.735,1.062,374.723,5,1
1785492737,214829590,375.683,1.042,376.651,5,1
1785492737,281531738,377.377,1.063,378.366,5,1
1785492737,348234131,380.014,1.071,381.011,5,1
1785492737,414937256,391.113,1.008,392.037,5,1
1785492737,548351318,392.401,1.167,393.494,5,1
1785492737,615062988,388.075,1.078,389.08,5,1
1785492737,681775146,397.587,1.073,398.587,5,1
1785492737,815201660,343.877,1.219,345.022,5,1
1785492737,881916016,337.107,1.259,338.272,5,1
1785492737,948631104,338.704,14.226,352.801,5,1
1785492738,15346680,335.735,4.808,340.46,5,1
1785492738,82062988,329.614,1.23,330.765,5,1
1785492738,148780029,341.582,1.026,342.534,5,1
1785492738,215497803,344.474,1.147,345.468,5,1
1785492738,282216064,348.09,2.168,350.183,5,1
1785492738,348935059,348.822,1.098,349.848,5,1
1785492738,415654785,358.53,1.366,359.821,5,1
1785492738,482375000,357.824,1.216,358.968,5,1
1785492738,549174805,379.83,1.138,380.894,5,1
1785492738,615977539,380.356,1.34,381.622,5,1
1785492738,682783203,385.171,1.072,386.17,5,1
1785492738,749591797,387.465,1.103,388.489,5,1
1785492738,816403320,387.588,1.119,388.632,5,1
1785492738,883217773,396.197,1.046,397.171,5,1
1785492738,950035156,393.268,8.387,401.527,5,1
1785492739,16855225,405.111,1.542,406.576,5,1
1785492739,83678467,401.552,1.172,402.645,5,1
1785492739,217333496,324.486,2.194,326.604,5,1
1785492739,284165283,324.72,2.329,326.974,5,1
1785492739,351000244,314.679,2.028,316.614,5,1
1785492739,417837891,309.617,2.297,311.821,5,1
1785492739,484677002,305.495,1.293,306.704,5,1
1785492739,618331543,277.694,1.15,278.758,5,1
1785492739,685160889,275.26,1.085,276.273,5,1
1785492739,751991211,274.77,1.072,275.768,5,1
1785492739,818822754,274.126,1.063,275.115,5,1
1785492739,885655518,275.112,1.183,276.167,5,1
1785492739,952489746,274.131,1.114,275.171,5,1
1785492740,19324951,279.657,1.139,280.717,5,1
1785492740,86161377,281.62,28.904,310.389,5,1
1785492740,152999023,285.695,1.052,286.674,5,1
1785492740,219838135,287.384,1.06,288.371,5,1
1785492740,286678223,278.651,1.04,279.569,5,1
1785492740,353519531,281.035,1.044,282.005,5,1
1785492740,420362061,280.281,1.068,281.275,5,1
1785492740,487204346,291.92,3.342,295.185,5,1
1785492740,620826416,291.486,1.023,292.435,5,1
1785492740,687638672,296.293,1.256,297.464,5,1
1785492740,754451904,298.931,1.064,299.921,5,1
1785492740,821266113,299.672,1.049,300.65,5,1
1785492740,888081299,300.319,2.357,302.601,5,1
1785492740,954897461,301.919,1.169,303.016,5,1
1785492741,21714355,332.681,4.844,336.981,5,1
1785492741,88532227,331.997,10.259,342.131,5,1
1785492741,155351074,320.332,1.45,321.353,5,1
1785492741,222170898,346.143,0.997,347.067,5,1
1785492741,288991699,351.788,1.081,352.795,5,1
1785492741,355813232,352.531,1.261,353.714,5,1
1785492741,422635986,352.412,1.082,353.42,5,1
1785492741,489458252,362.508,1.043,363.48,5,1
1785492741,556229736,367.382,2.044,369.354,5,1
1785492741,623036865,372.046,1.062,373.035,5,1
1785492741,689844482,373.078,1.053,374.059,5,1
1785492741,756653076,371.778,1.056,372.761,5,1
1785492741,823462402,375.13,1.197,376.252,5,1
1785492741,890272461,375.416,1.057,376.402,5,1
1785492741,957083252,377.579,4.551,381.94,5,1
1785492742,23894775,387.781,1.458,389.158,5,1
1785492742,90707031,398.735,22.397,414.98,5,1
1785492742,157520264,387.651,10.775,398.297,5,1
1785492742,224333984,380.856,1.086,381.866,5,1
1785492742,291148682,383.916,1.175,385.018,5,1
1785492742,357963135,411.126,1.328,412.376,5,1
1785492742,424696045,436.732,1.223,437.884,5,1
1785492742,558326904,385.948,1.353,387.212,5,1
1785492742,625122803,371.436,1.103,372.461,5,1
1785492742,691919434,365.007,1.504,366.342,5,1
1785492742,758716309,341.153,1.084,342.165,5,1
1785492742,825513916,339.21,1.081,340.218,5,1
1785492742,892312256,348.496,1.226,349.641,5,1
1785492743,25910156,272.544,1.124,273.593,5,1
1785492743,92709961,271.011,1.183,272.118,5,1
1785492743,159510498,270.66,1.318,271.825,5,1
1785492743,226311523,256.006,1.13,257.06,5,1
1785492743,293112061,284.599,6.975,291.464,5,1
1785492743,359849121,285.065,1.044,286.035,5,1
1785492743,426585938,288.742,1.147,289.699,5,1
1785492743,493322998,324.232,5.33,329.481,5,1
1785492743,559803955,312.92,2.687,315.508,5,1
1785492743,626410400,299.266,1.059,300.25,5,1
1785492743,693014648,312.504,1.306,313.725,5,1
1785492743,759617188,305.218,1.091,306.238,5,1
1785492743,826217773,316.98,1.167,318.074,5,1
1785492743,892816406,318.768,1.121,319.816,5,1
1785492743,959413330,334.761,1.266,335.941,5,1
1785492744,26008057,349.869,1.321,351.106,5,1
1785492744,92601318,350.715,1.062,351.705,5,1
1785492744,159192383,355.414,1.09,356.431,5,1
1785492744,225781738,363.731,14.953,378.566,5,1
1785492744,292369141,369.54,1.214,370.679,5,1
1785492744,358954590,374.141,1.216,375.282,5,1
1785492744,425540039,389.172,1.107,390.207,5,1
1785492744,492262695,385.574,1.608,387.109,5,1
1785492744,558873047,385.097,1.061,386.084,5,1
1785492744,625481445,389.9,1.239,391.065,5,1
1785492744,692087891,402.798,1.031,403.757,5,1
1785492744,758692383,407.22,1.057,408.203,5,1
1785492744,958495117,287.025,1.085,288.033,5,1
1785492745,25092041,291.563,1.094,292.583,5,1
1785492745,158280762,301.398,1.08,302.403,5,1
1785492745,291461670,304.139,10.2,314.218,5,1
1785492745,358049561,318.095,1.005,319.026,5,1
1785492745,424635254,321.423,1.595,322.657,5,1
1785492745,491220703,340.542,0.967,341.437,5,1
1785492745,558067871,340.555,1.063,341.545,5,1
1785492745,624917480,340.1,1.083,341.095,5,1
1785492745,691769531,337.677,1.073,338.676,5,1
1785492745,758623779,349.197,1.103,350.227,5,1
1785492745,825480469,354.232,1.091,355.249,5,1
1785492745,892339600,351.974,1.095,352.992,5,1
1785492745,959200928,350.573,1.246,351.746,5,1
1785492746,26064697,363.958,1.273,365.021,5,1
1785492746,92930908,372.831,1.011,373.77,5,1
1785492746,159799316,381.111,4.389,385.408,5,1
1785492746,226670166,383.766,10.946,394.591,5,1
1785492746,293543457,402.613,1.22,403.758,5,1
1785492746,360418945,413.877,1.074,414.879,5,1
1785492746,427297119,419.821,0.986,420.734,5,1
1785492746,494175537,441.304,1.281,442.512,5,1
1785492746,694603271,321.948,1.558,323.325,5,1
1785492746,761457520,336.644,1.058,337.629,5,1
1785492746,828313965,342.881,1.052,343.856,5,1
1785492746,895173096,358.978,1.119,360.014,5,1
1785492747,28898193,285.814,4.039,289.778,5,1
1785492747,95764160,290.466,2.833,291.63,5,1
1785492747,162632813,288.01,1.353,289.269,5,1
1785492747,229503662,264.993,1.038,265.958,5,1
1785492747,296376953,274.564,1.055,275.546,5,1
1785492747,363252686,276.696,5.537,282.118,5,1
1785492747,430130615,281.947,2.191,284.007,5,1
1785492747,497011230,290.578,3.223,293.72,5,1
1785492747,563892334,294.997,5.053,299.819,5,1
1785492747,630741211,291.359,1.068,292.352,5,1
1785492747,697592529,298.195,1.064,299.185,5,1
1785492747,764446289,299.51,1.066,300.463,5,1
1785492747,831302490,298.345,1.101,299.372,5,1
1785492747,898160889,304.427,1.061,305.416,5,1
1785492747,965021729,313.993,1.19,315.108,5,1
1785492748,31885010,329.982,1.066,330.971,5,1
1785492748,98750732,345.977,1.06,346.96,5,1
1785492748,165618652,364.945,1.193,366.064,5,1
1785492748,232489258,371.817,1.15,372.892,5,1
1785492748,299362061,374.835,13.52,388.034,5,1
1785492748,366237305,400.062,14.354,414.335,5,1
1785492748,433114746,396.463,6.069,397.529,5,1
1785492748,499994873,388.696,1.348,389.96,5,1
1785492748,566875732,393.037,1.598,394.465,5,1
1785492748,633638428,402.192,6.379,408.492,5,1
1785492748,700400879,405.563,1.198,406.678,5,1
1785492748,767163818,387.889,1.183,388.991,5,1
1785492748,900689453,305.179,5.624,310.715,5,1
1785492748,967452637,325.265,5.999,331.168,5,1
1785492749,34215576,311.109,1.37,312.385,5,1
1785492749,100979004,297.199,1.032,298.156,5,1
1785492749,167742188,312.026,4.239,313.101,5,1
1785492749,234505615,315.911,1.054,316.891,5,1
1785492749,301269043,316.043,1.101,317.069,5,1
1785492749,368032715,322.528,17.137,339.528,5,1
1785492749,434796387,332.0,1.278,333.205,5,1
1785492749,501560059,338.411,1.545,339.88,5,1
1785492749,568323975,344.266,1.055,345.248,5,1
1785492749,635045654,350.759,1.098,351.783,5,1
1785492749,701795166,350.02,1.08,351.027,5,1
1785492749,768544678,351.762,1.143,352.832,5,1
1785492749,835293945,354.991,1.054,355.972,5,1
1785492749,902042969,353.992,1.054,354.973,5,1
1785492749,968791992,357.401,1.349,358.675,5,1
1785492750,35541016,353.211,1.065,354.205,5,1
1785492750,102289795,364.754,1.638,366.32,5,1
1785492750,169038330,369.447,1.345,370.717,5,1
1785492750,235787109,373.65,1.354,374.93,5,1
1785492750,302535400,373.007,1.191,374.126,5,1
1785492750,369283691,381.71,18.849,400.441,5,1
1785492750,502793945,391.112,1.493,392.228,5,1
1785492750,569555908,399.971,1.22,401.113,5,1
1785492750,636213379,396.831,1.488,398.243,5,1
1785492750,769675537,315.778,1.161,316.862,5,1
1785492750,836406006,312.904,1.436,313.991,5,1
1785492750,903135986,301.316,1.925,303.153,5,1
1785492750,969865479,301.828,2.237,303.968,5,1
1785492751,36594727,309.445,1.159,310.508,5,1
1785492751,170051514,294.405,1.081,295.412,5,1
1785492751,236779297,299.819,1.059,300.804,5,1
1785492751,303506592,301.208,1.499,302.55,5,1
1785492751,370233887,302.593,1.259,303.778,5,1
1785492751,436992676,318.17,14.905,332.919,5,1
1785492751,503751221,323.854,2.392,326.159,5,1
1785492751,570509766,330.133,1.065,331.125,5,1
1785492751,637228760,340.918,2.09,342.931,5,1
1785492751,703946777,341.54,1.1,342.567,5,1
1785492751,770664307,342.154,1.003,343.083,5,1
1785492751,837381104,347.035,1.233,348.195,5,1
1785492751,904097168,345.674,1.134,346.733,5,1
1785492751,970812744,344.56,1.208,345.695,5,1
1785492752,37527344,344.363,1.718,345.988,5,1
1785492752,104241455,365.083,1.092,366.097,5,1
1785492752,170954834,378.285,1.037,379.251,5,1
1785492752,237667480,383.138,1.004,384.07,5,1
1785492752,304379395,389.184,7.671,396.757,5,1
1785492752,371090576,392.659,16.217,408.201,5,1
1785492752,437801270,408.775,1.635,410.186,5,1
1785492752,571220947,321.478,1.464,322.858,5,1
1785492752,704678467,288.058,1.203,289.171,5,1
1785492752,771381592,293.551,1.08,294.558,5,1
1785492752,838083984,300.035,1.046,301.009,5,1
1785492752,971485596,312.71,1.134,313.769,5,1
1785492753,38185059,310.345,1.167,311.436,5,1
1785492753,104883789,325.789,1.172,326.881,5,1
1785492753,171581299,332.751,1.564,334.24,5,1
1785492753,238278076,336.024,1.889,337.834,5,1
1785492753,304973633,337.001,1.088,338.001,5,1
1785492753,371668457,349.903,1.079,350.849,5,1
1785492753,438362305,342.352,5.178,347.335,5,1
1785492753,505055420,363.364,1.152,364.44,5,1
1785492753,571747314,375.204,1.144,376.273,5,1
1785492753,638438965,376.2,1.107,377.234,5,1
1785492753,705126465,385.733,1.103,386.763,5,1
1785492753,771812744,384.699,1.518,386.143,5,1
1785492753,838497803,385.678,6.931,386.607,5,1
1785492754,105225830,276.058,5.103,277.013,5,1
1785492754,171904541,285.657,1.005,286.59,5,1
1785492754,238582275,280.862,1.143,281.794,5,1
1785492754,305258789,281.909,1.291,283.12,5,1
1785492754,371933838,286.098,1.09,287.114,5,1
1785492754,438607910,286.946,1.076,287.948,5,1
1785492754,505280518,306.323,10.119,316.313,5,1
1785492754,571952148,310.479,1.2,311.602,5,1
1785492754,638623291,315.493,1.091,316.512,5,1
1785492754,705296875,326.898,5.653,332.461,5,1
1785492754,838639893,309.739,1.113,310.774,5,1
1785492754,905309326,306.47,1.091,307.488,5,1
1785492754,971977051,309.359,1.976,310.941,5,1
1785492755,38643311,320.132,5.096,325.144,5,1
1785492755,105308350,317.19,1.372,318.469,5,1
1785492755,238633545,307.902,1.335,309.047,5,1
1785492755,305293945,309.474,1.104,310.504,5,1
1785492755,371952881,312.741,1.104,313.772,5,1
1785492755,438610352,320.949,2.189,323.042,5,1
1785492755,571920898,322.645,13.654,336.182,5,1
1785492755,638574951,331.581,1.072,332.579,5,1
1785492755,705478760,327.759,1.26,328.944,5,1
1785492755,772217041,331.879,1.111,332.917,5,1
1785492755,838955322,329.186,2.191,331.3,5,1
1785492755,905694336,331.176,1.128,332.229,5,1
1785492755,972433594,333.677,1.048,334.651,5,1
1785492756,39173096,334.024,1.814,335.762,5,1
1785492756,105912842,334.065,1.025,335.019,5,1
1785492756,172653076,335.738,1.048,336.714,5,1
1785492756,239393799,340.401,1.09,341.419,5,1
1785492756,306134766,346.388,1.079,347.394,5,1
1785492756,372875977,351.026,1.0,351.938,5,1
1785492756,439617676,364.507,1.198,365.626,5,1
1785492756,506359619,364.717,1.058,365.701,5,1
1785492756,573089844,367.02,11.846,378.726,5,1
1785492756,639820068,379.804,1.938,381.578,5,1
1785492756,706566162,378.242,2.466,380.621,5,1
1785492756,773312744,375.259,1.049,376.236,5,1
1785492756,906807373,374.182,1.055,375.163,5,1
1785492756,973555420,383.3,9.466,384.488,5,1
1785492757,40304199,395.664,6.908,402.478,5,1
1785492757,107053467,412.651,1.312,413.879,5,1
1785492757,173803223,397.799,5.925,403.617,5,1
1785492757,240553711,387.912,1.421,389.174,5,1
1785492757,307304443,384.453,1.075,385.45,5,1
1785492757,374055908,383.385,1.035,384.348,5,1
1785492757,440807861,402.65,1.064,403.641,5,1
1785492757,641066895,275.003,1.069,275.996,5,1
1785492757,707799316,278.576,6.181,284.646,5,1
1785492757,774546875,291.827,1.056,292.81,5,1
1785492757,841294922,298.293,2.062,300.221,5,1
1785492757,908043701,301.649,1.068,302.645,5,1
1785492757,974792725,318.174,1.591,319.602,5,1
1785492758,41542725,307.056,9.61,316.535,5,1
1785492758,108292969,325.074,2.521,327.507,5,1
1785492758,175043945,341.348,1.877,343.149,5,1
1785492758,241795654,365.702,1.154,366.782,5,1
1785492758,308547852,370.195,1.059,371.132,5,1
1785492758,375300537,376.231,1.127,377.281,5,1
1785492758,442053711,397.079,1.639,398.643,5,1
1785492758,508807373,403.902,1.13,404.958,5,1
1785492758,575545654,408.874,1.007,409.809,5,1
1785492758,642283936,410.564,5.467,415.82,5,1
1785492758,842570313,297.153,1.092,298.173,5,1
1785492758,909325439,299.839,1.037,300.802,5,1
1785492758,976081543,305.922,1.095,306.942,5,1
1785492759,42838379,301.305,1.222,302.45,5,1
1785492759,109595703,312.013,1.249,313.188,5,1
1785492759,176353760,312.195,1.184,313.308,5,1
1785492759,243112793,310.578,1.487,311.984,5,1
1785492759,376632813,310.273,1.06,311.259,5,1
1785492759,443393555,339.637,1.193,340.745,5,1
1785492759,576880127,331.216,1.009,332.151,5,1
1785492759,643623535,346.546,1.115,347.586,5,1
1785492759,777028076,336.261,20.132,354.875,5,1
1785492759,843687500,336.078,1.072,337.076,5,1
1785492759,910345215,351.474,1.047,352.448,5,1
1785492760,43655762,381.845,4.358,384.335,5,1
1785492760,110308594,387.645,1.337,388.897,5,1
1785492760,176959473,364.6,7.376,371.888,5,1
1785492760,243608887,373.215,1.725,374.717,5,1
1785492760,310256348,386.382,1.938,388.231,5,1
1785492760,376902344,448.796,1.64,449.902,5,1
1785492760,510188965,424.528,1.318,425.767,5,1
1785492760,576829834,453.901,9.036,462.847,5,1
1785492760,710107422,390.339,1.284,391.544,5,1
1785492760,843087402,324.936,12.868,337.675,5,1
1785492760,909571533,321.939,1.133,322.993,5,1
1785492760,976051758,338.205,1.551,339.683,5,1
1785492761,109000244,307.628,1.536,309.076,5,1
1785492761,175468506,286.622,2.548,289.059,5,1
1785492761,241933105,270.42,1.656,271.995,5,1
1785492761,308393555,265.588,1.073,266.586,5,1
1785492761,374850098,268.921,1.057,269.904,5,1
1785492761,441302734,296.14,1.056,297.122,5,1
1785492761,507751465,324.706,1.345,325.875,5,1
1785492761,640637207,318.486,1.09,319.505,5,1
1785492761,707077393,324.777,1.402,326.094,5,1
1785492761,773808594,331.617,1.211,332.707,5,1
1785492761,840540039,336.952,22.806,359.64,5,1
1785492761,907271973,346.083,2.485,348.482,5,1
1785492762,40736084,332.379,1.119,333.423,5,1
1785492762,107468750,356.762,1.053,357.742,5,1
1785492762,174201416,364.025,1.123,365.074,5,1
1785492762,240934570,367.186,2.755,369.856,5,1
1785492762,307667969,370.743,1.19,371.847,5,1
1785492762,441135498,365.411,1.445,366.768,5,1
1785492762,507869629,351.229,1.431,352.17,5,1
1785492762,574604004,362.631,0.989,363.547,5,1
1785492762,641338623,361.17,1.072,362.17,5,1
1785492762,708073242,378.523,1.071,379.47,5,1
1785492762,774809814,378.363,1.35,379.633,5,1
1785492762,841546875,378.952,12.461,391.243,5,1
1785492762,975022217,382.281,1.255,383.451,5,1
1785492763,41760254,375.954,1.395,377.27,5,1
1785492763,108498779,394.471,7.779,401.62,5,1
1785492763,175237549,412.722,1.215,413.848,5,1
1785492763,241976563,400.761,1.239,401.889,5,1
1785492763,375455811,401.209,1.302,402.407,5,1
1785492763,508936523,364.661,1.255,365.72,5,1
1785492763,575677490,364.424,1.1,365.451,5,1
1785492763,709159668,354.816,1.051,355.792,5,1
1785492763,775733887,377.415,1.448,378.779,5,1
1785492763,842306396,355.89,1.252,357.068,5,1
1785492763,908877197,357.762,13.496,371.137,5,1
1785492763,975446289,368.831,1.452,370.192,5,1
1785492764,42013672,355.787,1.494,357.201,5,1
1785492764,175143066,378.289,1.134,379.348,5,1
1785492764,241705078,379.055,1.373,380.347,5,1
1785492764,308265381,379.57,1.81,380.719,5,1
1785492764,374823730,378.393,1.099,379.42,5,1
1785492764,441380615,408.018,3.261,411.189,5,1
1785492764,574489014,332.149,1.253,333.321,5,1
1785492764,641040527,330.336,6.503,336.689,5,1
1785492764,707592041,319.74,1.422,321.086,5,1
1785492764,774203369,308.865,6.084,314.283,5,1
1785492764,840782227,295.751,4.086,299.754,5,1
1785492764,907359619,292.261,2.559,294.74,5,1
1785492764,973935547,277.124,7.923,284.913,5,1
1785492765,40509766,277.349,23.264,300.469,5,1
1785492765,107082275,278.028,1.193,279.148,5,1
1785492765,240222900,289.064,1.081,290.071,5,1
1785492765,306790771,288.5,1.198,289.624,5,1
1785492765,373356934,286.322,1.018,287.266,5,1
1785492765,439921631,292.763,1.411,294.079,5,1
1785492765,506484863,312.584,1.26,313.768,5,1
1785492765,639607666,274.119,1.062,275.106,5,1
1785492765,706289307,294.015,1.316,295.253,5,1
1785492765,773124512,276.037,1.093,277.047,5,1
1785492765,839884033,266.292,1.225,267.431,5,1
1785492765,906644531,259.895,1.194,261.011,5,1
1785492765,973405518,261.535,1.275,262.702,5,1
1785492766,40167236,263.795,1.558,265.271,5,1
1785492766,106929932,291.747,15.067,306.686,5,1
1785492766,173693359,290.056,7.038,296.974,5,1
1785492766,240457275,283.681,1.351,284.944,5,1
1785492766,307222168,282.889,1.163,283.971,5,1
1785492766,373987793,280.429,1.326,281.672,5,1
1785492766,440754395,266.479,2.181,268.563,5,1
1785492766,641057129,247.74,1.421,249.073,5,1
1785492766,707744141,248.662,1.248,249.827,5,1
1785492766,774573975,260.528,5.295,265.724,5,1
1785492766,841333496,242.81,1.216,243.947,5,1
1785492766,908093994,241.723,1.082,242.733,5,1
1785492766,974855225,237.116,1.0,238.04,5,1
1785492767,41616943,240.797,8.781,249.502,5,1
1785492767,108379639,250.06,1.027,251.012,5,1
1785492767,175143066,276.144,4.965,280.995,5,1
1785492767,241907227,280.736,2.585,283.241,5,1
1785492767,308672119,276.522,1.056,277.506,5,1
1785492767,375437988,273.204,1.221,274.353,5,1
1785492767,442204346,279.941,6.383,281.04,5,1
1785492767,508971680,266.209,3.402,269.531,5,1
1785492767,575739502,302.198,1.435,303.555,5,1
1785492767,709200195,291.017,1.233,292.175,5,1
1785492767,776025391,283.766,1.324,285.016,5,1
1785492767,842785645,280.226,1.076,281.228,5,1
1785492767,909546631,275.023,1.002,275.95,5,1
1785492767,976308350,271.719,0.984,272.631,5,1
1785492768,43070801,279.629,4.851,284.394,5,1
1785492768,109834229,266.879,1.082,267.886,5,1
1785492768,176598389,288.383,10.5,298.766,5,1
1785492768,243363037,320.253,1.043,321.22,5,1
1785492768,310128662,337.932,1.059,338.918,5,1
1785492768,376895020,348.766,1.068,349.761,5,1
1785492768,443662354,358.915,1.194,360.026,5,1
1785492768,510430176,363.242,1.403,364.573,5,1
1785492768,577198975,371.335,0.996,372.259,5,1
1785492768,643967529,380.024,4.43,381.013,5,1
1785492768,710666260,385.516,1.149,386.592,5,1
1785492768,777364990,394.47,1.375,395.765,5,1
1785492768,910887207,400.813,2.359,403.085,5,1
1785492768,977649658,430.038,2.821,432.774,5,1
1785492769,44412842,424.244,15.173,439.304,5,1
1785492769,177941406,359.672,1.177,360.772,5,1
1785492769,244707031,344.66,1.09,345.674,5,1
1785492769,311473389,324.508,5.887,330.319,5,1
1785492769,378240479,320.106,1.234,321.263,5,1
1785492769,445008301,324.408,4.907,329.217,5,1
1785492769,511777100,347.808,0.976,348.713,5,1
1785492769,578546631,359.928,1.577,361.43,5,1
1785492769,645316895,356.603,1.249,357.778,5,1
1785492769,712087891,374.797,1.063,375.787,5,1
1785492769,778858887,375.54,1.518,376.982,5,1
1785492769,845618164,384.623,4.989,389.537,5,1
1785492769,912377930,386.633,1.463,388.014,5,1
1785492769,979138428,415.139,2.676,417.733,5,1
1785492770,45899902,420.749,3.412,422.606,5,1
1785492770,112661865,411.393,7.839,419.081,5,1
1785492770,312952881,271.951,1.159,273.032,5,1
1785492770,379718018,268.176,1.062,269.164,5,1
1785492770,446483887,273.429,1.193,274.54,5,1
1785492770,513250488,298.817,1.247,299.984,5,1
1785492770,580017822,314.907,1.072,315.905,5,1
1785492770,646786133,331.996,1.452,333.369,5,1
1785492770,713554932,341.174,1.066,342.167,5,1
1785492770,780323975,347.547,0.983,348.457,5,1
1785492770,846667480,361.128,1.075,362.129,5,1
1785492770,913292725,361.8,1.496,363.22,5,1
1785492770,979917236,370.631,1.073,371.631,5,1
1785492771,46540771,392.935,1.153,394.009,5,1
1785492771,113163330,396.448,1.18,397.512,5,1
1785492771,179784912,407.654,11.312,418.845,5,1
1785492771,246405762,406.022,1.063,407.012,5,1
1785492771,313025635,410.845,1.163,411.932,5,1
1785492771,379644531,435.122,1.19,436.235,5,1
1785492771,579495850,312.744,1.121,313.792,5,1
1785492771,646112305,328.383,1.288,329.588,5,1
1785492771,712814941,342.36,1.046,343.333,5,1
1785492771,779517578,340.45,1.05,341.427,5,1
1785492771,846134033,348.084,1.042,349.054,5,1
1785492771,912749268,348.456,1.049,349.382,5,1
1785492771,979363525,356.144,1.088,357.155,5,1
1785492772,45977051,364.539,1.431,365.891,5,1
1785492772,112589355,362.101,1.05,363.078,5,1
1785492772,179200684,381.4,1.087,382.414,5,1
1785492772,245811035,378.179,13.653,391.714,5,1
1785492772,312420410,388.571,2.316,390.812,5,1
1785492772,379028809,394.282,1.689,395.886,5,1
1785492772,445636230,417.054,1.08,418.06,5,1
1785492772,512242676,434.658,1.123,435.708,5,1
1785492772,645452637,363.965,2.32,366.2,5,1
1785492772,712056152,357.748,1.151,358.825,5,1
1785492772,778659668,347.496,1.228,348.64,5,1
1785492772,845291504,322.415,1.088,323.43,5,1
1785492772,911922852,333.903,1.201,335.032,5,1
1785492772,978553223,336.573,1.099,337.599,5,1
1785492773,45183105,345.929,1.159,347.011,5,1
1785492773,111812012,361.034,1.57,362.45,5,1
1785492773,178440430,370.629,1.06,371.612,5,1
1785492773,245068115,379.393,4.917,384.196,5,1
1785492773,311695068,385.051,1.093,386.071,5,1
1785492773,378321289,392.676,1.072,393.661,5,1
1785492773,444946777,416.461,1.128,417.51,5,1
1785492773,511571533,417.925,1.046,418.899,5,1
1785492773,578195557,424.575,1.051,425.552,5,1
1785492773,644818848,434.646,4.873,439.403,5,1
1785492773,711441406,416.598,8.815,425.31,5,1
1785492773,844863770,343.244,1.743,344.535,5,1
1785492773,911664795,318.462,1.116,319.504,5,1
1785492774,45271240,312.778,1.05,313.753,5,1
1785492774,112076660,314.272,1.066,315.265,5,1
1785492774,178883789,342.093,1.057,343.023,5,1
1785492774,245692139,348.606,1.089,349.59,5,1
1785492774,312502197,346.813,11.046,357.742,5,1
1785492774,379313721,350.523,1.049,351.498,5,1
1785492774,446126709,357.149,1.188,358.256,5,1
1785492774,512941162,368.523,1.07,369.52,5,1
1785492774,579757324,372.192,1.059,373.179,5,1
1785492774,646574707,386.275,1.2,387.395,5,1
1785492774,780212891,364.537,1.145,365.61,5,1
1785492774,847012451,370.329,1.047,371.304,5,1
1785492774,913813232,370.42,1.047,371.396,5,1
1785492775,47419678,376.405,1.137,377.463,5,1
1785492775,114225342,376.052,1.374,377.354,5,1
1785492775,181032227,376.638,1.063,377.629,5,1
1785492775,247840820,377.43,1.105,378.463,5,1
1785492775,314650879,376.017,27.181,403.062,5,1
1785492775,381462402,387.387,12.95,388.631,5,1
1785492775,448275391,397.674,2.327,399.916,5,1
1785492775,515090088,390.401,1.344,391.672,5,1
1785492775,581906250,392.131,13.359,405.413,5,1
1785492775,715542969,384.282,4.38,388.529,5,1
1785492775,782362305,387.369,1.052,388.349,5,1
1785492775,848577637,392.446,9.312,401.682,5,1
1785492775,915245117,387.656,2.115,389.681,5,1
1785492776,48579834,299.994,1.24,301.148,5,1
1785492776,115247070,276.714,0.997,277.637,5,1
1785492776,181914063,302.825,1.228,303.977,5,1
1785492776,248581055,312.029,1.23,313.187,5,1
1785492776,315247803,310.502,1.013,311.441,5,1
1785492776,381914551,317.853,34.989,352.716,5,1
1785492776,448581055,335.573,1.396,336.885,5,1
1785492776,581914307,325.237,1.063,326.227,5,1
1785492776,648623779,327.288,1.332,328.541,5,1
1785492776,782042480,325.493,1.055,326.475,5,1
1785492776,848363281,325.219,1.163,326.305,5,1
1785492776,914938232,331.427,1.225,332.573,5,1
1785492776,981510986,328.345,1.688,329.948,5,1
1785492777,48081055,337.365,1.182,338.463,5,1
1785492777,114648926,336.246,1.078,337.249,5,1
1785492777,181214355,335.453,1.084,336.463,5,1
1785492777,247777588,339.397,1.14,340.463,5,1
1785492777,314338135,337.499,1.151,338.571,5,1
1785492777,380896240,344.937,5.533,350.333,5,1
1785492777,447452148,349.395,1.608,350.917,5,1
1785492777,514005615,364.499,1.501,365.499,5,1
1785492777,580556641,369.288,1.062,370.276,5,1
1785492777,647107178,381.962,8.075,389.924,5,1
1785492777,713798584,377.417,1.587,378.918,5,1
1785492777,847197266,360.088,1.054,361.07,5,1
1785492777,913905273,362.558,1.057,363.541,5,1
1785492778,47322266,369.658,1.817,371.023,5,1
1785492778,114031250,382.687,9.243,391.84,5,1
1785492778,180740967,375.797,1.182,376.905,5,1
1785492778,247450684,384.875,1.177,385.979,5,1
1785492778,314161133,386.119,1.059,387.101,5,1
1785492778,380871826,387.946,5.461,393.298,5,1
1785492778,447583008,433.655,1.255,434.825,5,1
1785492778,514294678,423.193,1.379,424.483,5,1
1785492778,581006592,421.529,1.428,422.845,5,1
1785492778,714431885,345.154,1.244,346.323,5,1
1785492778,781144775,327.429,1.151,328.498,5,1
1785492778,847759277,317.013,2.104,318.55,5,1
1785492778,914439697,306.656,1.623,308.198,5,1
1785492778,981120361,314.127,1.57,315.619,5,1
1785492779,47801270,340.554,3.356,341.639,5,1
1785492779,114482178,333.602,1.201,334.723,5,1
1785492779,181163330,335.682,1.02,336.629,5,1
1785492779,247844727,344.274,1.128,345.262,5,1
1785492779,314526367,346.851,1.07,347.848,5,1
1785492779,381208008,350.487,1.165,351.578,5,1
1785492779,447889893,358.79,10.581,369.206,5,1
1785492779,514572021,374.567,1.075,375.545,5,1
1785492779,581254150,375.653,1.047,376.627,5,1
1785492779,647936768,378.071,1.175,379.16,5,1
1785492779,714632324,381.105,1.24,382.272,5,1
1785492779,781327637,378.606,1.618,380.145,5,1
1785492779,847933838,382.183,1.067,383.177,5,1
1785492779,914538086,377.944,1.074,378.943,5,1
1785492779,981140381,394.28,1.201,395.407,5,1
1785492780,47740967,389.622,1.052,390.601,5,1
1785492780,114339355,410.722,1.013,411.661,5,1
1785492780,180935791,414.329,1.073,415.327,5,1
1785492780,247530518,414.455,1.17,415.372,5,1
1785492780,314123047,415.157,1.08,416.163,5,1
1785492780,380713867,422.681,1.442,424.046,5,1
1785492780,513889404,376.837,10.181,385.708,5,1
1785492780,580474365,385.564,1.074,386.552,5,1
1785492780,647057129,383.634,1.054,384.614,5,1
1785492780,713638184,380.389,4.177,384.446,5,1
1785492780,780218506,376.219,4.157,380.298,5,1
1785492780,846837158,362.017,1.199,363.123,5,1
1785492780,980012695,350.465,1.142,351.532,5,1
1785492781,46597412,356.146,1.19,357.259,5,1
1785492781,113179688,357.26,1.119,358.306,5,1
1785492781,179759766,369.095,1.13,370.153,5,1
1785492781,246337402,380.121,1.113,381.16,5,1
1785492781,312913086,383.504,1.147,384.578,5,1
1785492781,379486572,388.557,4.18,389.436,5,1
1785492781,512626709,397.257,14.524,411.664,5,1
1785492781,579193604,405.919,1.11,406.954,5,1
1785492781,712425781,368.434,4.924,373.275,5,1
1785492781,779092041,360.037,1.054,361.019,5,1
1785492781,912614990,290.32,1.062,291.309,5,1
1785492781,979299561,289.472,1.045,290.444,5,1
1785492782,45984375,301.082,1.336,302.33,5,1
1785492782,112669434,296.761,1.661,298.304,5,1
1785492782,179354736,298.167,1.323,299.417,5,1
1785492782,246040039,300.095,1.096,301.118,5,1
1785492782,312725342,299.673,1.061,300.661,5,1
1785492782,379411133,300.673,1.13,301.73,5,1
1785492782,446096924,303.91,11.639,315.465,5,1
1785492782,512782715,311.29,1.108,312.306,5,1
1785492782,579468750,305.531,1.075,306.532,5,1
1785492782,646137207,324.163,4.92,328.975,5,1
1785492782,712805664,327.761,1.15,328.838,5,1
1785492782,779474121,329.188,1.146,330.261,5,1
1785492782,846177979,341.337,1.111,342.375,5,1
1785492782,912882568,346.45,1.189,347.566,5,1
1785492782,979587646,351.401,1.026,352.354,5,1
1785492783,46293213,357.633,1.05,358.608,5,1
1785492783,112999512,376.425,0.999,377.351,5,1
1785492783,179706299,381.992,1.139,383.058,5,1
1785492783,246413574,384.796,1.056,385.778,5,1
1785492783,313121582,387.275,1.255,388.456,5,1
1785492783,379830078,386.359,1.296,387.582,5,1
1785492783,446539063,394.514,1.46,395.828,5,1
1785492783,513248535,407.525,1.086,408.537,5,1
1785492783,579958496,407.43,11.514,418.82,5,1
1785492783,646669189,409.284,1.267,410.419,5,1
1785492783,713380371,406.928,1.085,407.94,5,1
1785492783,780091797,416.923,4.912,421.741,5,1
1785492783,846864746,412.374,1.578,413.868,5,1
1785492783,980323242,333.725,3.517,337.079,5,1
1785492784,113785645,289.804,1.34,291.067,5,1
1785492784,180518311,290.555,1.084,291.563,5,1
1785492784,247251953,289.394,1.17,290.491,5,1
1785492784,313986572,287.955,1.085,288.966,5,1
1785492784,380721924,286.886,1.138,287.95,5,1
1785492784,447458496,288.268,1.068,289.262,5,1
1785492784,514195801,295.875,4.656,298.369,5,1
1785492784,647612061,288.476,1.073,289.476,5,1
1785492784,714291016,287.615,5.025,292.526,5,1
1785492784,780969971,286.546,1.06,287.533,5,1
1785492784,847706055,287.411,1.127,288.464,5,1
1785492784,914443359,286.384,1.053,287.364,5,1
1785492784,981181641,286.643,1.618,288.186,5,1
1785492785,47921143,302.447,1.156,303.526,5,1
1785492785,114661621,318.052,1.053,319.033,5,1
1785492785,181403564,334.77,1.647,336.335,5,1
1785492785,248146484,332.642,1.27,333.821,5,1
1785492785,314890381,330.645,1.066,331.637,5,1
1785492785,381635742,331.155,1.13,332.211,5,1
1785492785,515129395,358.58,4.809,363.307,5,1
1785492785,581877930,345.473,1.512,346.896,5,1
1785492785,648627686,343.265,1.323,344.51,5,1
1785492785,715378662,340.908,14.848,355.619,5,1
1785492785,782129639,356.529,1.291,357.743,5,1
1785492785,915661133,328.363,1.073,329.334,5,1
1785492785,982423340,335.956,1.49,337.36,5,1
1785492786,49187012,343.426,1.169,344.517,5,1
1785492786,115952148,345.614,1.517,347.047,5,1
1785492786,182718994,354.444,1.098,355.469,5,1
1785492786,249487305,354.568,1.06,355.551,5,1
1785492786,316257080,354.856,1.061,355.844,5,1
1785492786,383028564,355.564,1.044,356.486,5,1
1785492786,449801514,363.55,1.336,364.685,5,1
1785492786,583351807,360.79,1.107,361.824,5,1
1785492786,650128418,360.733,1.061,361.721,5,1
1785492786,716826172,361.364,5.128,366.379,5,1
1785492786,783523926,360.952,1.153,361.898,5,1
1785492786,916901611,358.884,1.109,359.918,5,1
1785492786,983590088,361.013,1.156,362.09,5,1
1785492787,50278076,380.0,1.039,380.967,5,1
1785492787,116965576,389.199,1.103,390.228,5,1
1785492787,183652832,391.554,1.594,393.073,5,1
1785492787,250339600,390.453,1.113,391.492,5,1
1785492787,317025879,391.617,1.095,392.578,5,1
1785492787,383711914,396.002,11.376,407.302,5,1
1785492787,583767822,310.924,2.303,313.131,5,1
1785492787,650452393,297.434,1.057,298.418,5,1
1785492787,717136475,304.525,1.137,305.588,5,1
1785492787,783820313,309.398,5.978,315.261,5,1
1785492787,850655273,319.814,1.081,320.82,5,1
1785492787,917491455,326.049,1.062,327.037,5,1
1785492787,984329102,329.315,1.527,330.765,5,1
1785492788,51168213,331.51,1.302,332.731,5,1
1785492788,118008545,338.585,1.757,340.262,5,1
1785492788,184850342,348.079,1.042,349.048,5,1
1785492788,251693604,354.681,1.119,355.723,5,1
1785492788,385384033,343.768,3.007,346.69,5,1
1785492788,452231201,380.319,2.869,383.06,5,1
1785492788,519079834,386.287,1.233,387.44,5,1
1785492788,585929932,386.432,1.74,388.066,5,1
1785492788,652781494,369.054,1.432,370.399,5,1
1785492788,719634277,367.489,1.331,368.736,5,1
1785492788,786486572,367.486,25.886,393.229,5,1
1785492788,853154297,371.41,1.111,372.439,5,1
1785492788,919821289,367.544,1.07,368.541,5,1
1785492788,986487549,375.599,1.526,377.05,5,1
1785492789,53152588,380.805,1.432,382.162,5,1
1785492789,186480713,378.026,1.094,379.046,5,1
1785492789,253143311,377.689,1.049,378.665,5,1
1785492789,319805176,376.738,1.06,377.722,5,1
1785492789,386466064,377.666,1.061,378.655,5,1
1785492789,453126221,379.915,1.184,381.004,5,1
1785492789,519785400,391.57,1.505,392.992,5,1
1785492789,586443848,388.298,1.071,389.296,5,1
1785492789,653101318,391.585,1.059,392.569,5,1
1785492789,719758057,389.101,1.062,390.037,5,1
1785492789,786414551,389.911,10.253,400.033,5,1
1785492789,853165039,394.286,1.052,395.263,5,1
1785492789,919916992,393.49,3.273,396.681,5,1
1785492789,986670166,381.065,1.189,382.177,5,1
1785492790,120180908,302.294,1.695,303.887,5,1
1785492790,186938477,286.869,1.416,288.156,5,1
1785492790,253697266,297.087,1.035,298.048,5,1
1785492790,320457520,296.44,1.072,297.438,5,1
1785492790,387218994,297.153,1.128,298.206,5,1
1785492790,453981934,310.21,1.024,311.161,5,1
1785492790,520746338,311.406,1.2,312.529,5,1
1785492790,587511963,314.269,1.126,315.321,5,1
1785492790,654279053,319.319,0.981,320.228,5,1
1785492790,721047363,320.133,1.555,321.614,5,1
1785492790,787816406,321.679,1.003,322.611,5,1
1785492790,854580322,319.449,1.002,320.379,5,1
1785492790,921345947,318.781,4.845,323.474,5,1
1785492790,988113037,330.684,1.251,331.856,5,1
1785492791,54881836,353.459,1.242,354.597,5,1
1785492791,121652100,378.139,1.063,379.13,5,1
1785492791,188424072,380.388,1.015,381.332,5,1
1785492791,255197754,392.007,1.048,392.981,5,1
1785492791,321972900,401.43,1.178,402.53,5,1
1785492791,388749756,410.67,1.225,411.817,5,1
1785492791,522308350,413.837,1.192,414.948,5,1
1785492791,655873047,338.922,5.258,344.088,5,1
1785492791,722657959,338.543,1.636,339.6,5,1
1785492791,789443604,323.979,1.462,325.289,5,1
1785492791,856058350,318.695,2.477,320.961,5,1
1785492791,922758301,307.65,1.811,309.357,5,1
1785492791,989458008,298.789,6.306,304.965,5,1
1785492792,56157227,304.125,1.54,305.571,5,1
1785492792,122856445,301.985,1.517,303.425,5,1
1785492792,189555420,303.589,1.058,304.574,5,1
1785492792,256254150,308.175,1.051,309.153,5,1
1785492792,322952637,308.064,1.7,309.672,5,1
1785492792,389650879,307.769,1.058,308.754,5,1
1785492792,456348877,306.115,1.316,307.352,5,1
1785492792,523046631,306.071,1.312,307.305,5,1
1785492792,589744141,317.37,1.059,318.353,5,1
1785492792,656441650,319.434,1.64,320.482,5,1
1785492792,723138916,319.662,7.043,326.622,5,1
1785492792,789857422,322.258,1.054,323.229,5,1
1785492792,856529053,321.26,1.062,322.249,5,1
1785492792,923224365,320.952,1.141,321.985,5,1
1785492792,989919189,340.988,4.865,345.709,5,1
1785492793,56613525,340.944,1.213,342.001,5,1
1785492793,123307617,368.25,1.075,369.175,5,1
1785492793,190001465,375.051,1.065,376.044,5,1
1785492793,256695068,378.722,1.082,379.731,5,1
1785492793,323388184,381.871,1.062,382.858,5,1
1785492793,390080811,382.395,1.053,383.325,5,1
1785492793,456773438,388.812,1.127,389.863,5,1
1785492793,523465576,407.458,1.073,408.458,5,1
1785492793,590157227,406.907,1.134,407.964,5,1
1785492793,656849121,408.469,1.062,409.457,5,1
1785492793,723565186,407.125,1.083,408.134,5,1
1785492793,857645996,417.218,1.198,418.328,5,1
1785492793,991403809,345.089,28.543,373.508,5,1
1785492794,58286133,355.732,7.441,363.079,5,1
1785492794,125170654,344.552,1.173,345.648,5,1
1785492794,192057373,329.422,7.743,337.069,5,1
1785492794,258946533,320.364,1.132,321.424,5,1
1785492794,325837891,316.426,1.101,317.454,5,1
1785492794,392731445,316.058,1.094,317.078,5,1
1785492794,459627441,323.997,1.112,325.033,5,1
1785492794,526525635,351.697,1.102,352.726,5,1
1785492794,593423828,353.849,1.086,354.775,5,1
1785492794,660157227,361.409,1.125,362.461,5,1
1785492794,793623779,350.705,0.996,351.629,5,1
1785492794,860679932,351.958,0.984,352.87,5,1
1785492794,927523926,362.826,1.001,363.755,5,1
1785492794,994369385,397.78,19.114,416.759,5,1
1785492795,61216309,394.871,1.487,396.273,5,1
1785492795,128064453,393.703,1.256,394.883,5,1
1785492795,194914307,393.414,1.283,394.532,5,1
1785492795,261765625,400.754,1.121,401.798,5,1
1785492795,328618408,401.439,3.328,404.654,5,1
1785492795,395472656,406.332,1.065,407.325,5,1
1785492795,662903076,276.576,1.065,277.567,5,1
1785492795,729647461,306.673,1.451,308.041,5,1
1785492795,796391846,292.491,1.723,294.12,5,1
1785492795,863136230,288.485,1.15,289.558,5,1
1785492795,929962646,278.702,1.123,279.753,5,1
1785492795,996790039,279.726,1.221,280.793,5,1
1785492796,130448730,283.093,9.812,292.213,5,1
1785492796,197279785,284.703,1.642,286.27,5,1
1785492796,264112305,293.516,1.06,294.501,5,1
1785492796,330945801,290.186,1.061,291.173,5,1
1785492796,397780518,290.31,1.09,291.328,5,1
1785492796,464616455,293.646,1.056,294.629,5,1
1785492796,531453613,305.922,1.152,306.996,5,1
1785492796,598291992,310.164,1.176,311.268,5,1
1785492796,665131836,317.54,3.072,320.484,5,1
1785492796,731972656,305.925,1.371,306.998,5,1
1785492796,798814697,324.881,1.237,326.035,5,1
1785492796,865656738,325.846,1.223,326.989,5,1
1785492796,932462646,325.449,1.243,326.61,5,1
1785492796,999295166,330.602,1.194,331.7,5,1
1785492797,66128662,331.046,1.167,332.135,5,1
1785492797,132963623,354.166,12.244,366.29,5,1
1785492797,199799561,361.487,1.063,362.476,5,1
1785492797,266636719,355.135,1.057,356.118,5,1
1785492797,333475342,355.391,1.269,356.58,5,1
1785492797,400314941,361.408,1.066,362.396,5,1
1785492797,467155762,369.915,4.797,374.543,5,1
1785492797,533997803,375.019,1.08,375.996,5,1
1785492797,600841064,383.218,5.725,388.816,5,1
1785492797,667685547,380.695,1.082,381.705,5,1
1785492797,734530029,382.767,1.094,383.786,5,1
1785492797,801291260,380.763,1.123,381.809,5,1
1785492797,868052490,380.396,1.054,381.377,5,1
1785492797,934259277,398.27,3.854,400.726,5,1
1785492798,67538574,326.671,2.197,328.754,5,1
1785492798,134176270,336.039,2.933,338.877,5,1
1785492798,200812744,328.772,20.145,348.776,5,1
1785492798,267447998,336.809,2.397,339.125,5,1
1785492798,334082031,331.968,4.561,336.323,5,1
1785492798,400714600,323.183,3.393,326.498,5,1
1785492798,467345947,318.357,10.505,328.75,5,1
1785492798,533976074,322.71,1.205,323.836,5,1
1785492798,600604736,308.835,1.115,309.867,5,1
1785492798,667233887,305.216,1.127,306.198,5,1
1785492798,733985107,305.853,1.187,306.965,5,1
1785492798,800736328,307.222,0.998,308.129,5,1
1785492798,867487305,309.513,1.07,310.51,5,1
1785492798,934126709,326.283,5.586,327.647,5,1
1785492799,764893,359.002,1.011,359.939,5,1
1785492799,67401611,353.136,1.063,354.124,5,1
1785492799,134036865,360.298,0.992,361.217,5,1
1785492799,200670898,368.331,10.79,378.999,5,1
1785492799,333934814,367.807,1.11,368.842,5,1
1785492799,400564697,379.047,4.015,382.974,5,1
1785492799,533820557,373.048,1.368,374.342,5,1
1785492799,600446533,374.519,1.034,375.477,5,1
1785492799,667071045,395.735,1.268,396.92,5,1
1785492799,733694336,395.596,6.667,402.178,5,1
1785492799,800316162,389.675,1.143,390.745,5,1
1785492799,866937988,390.877,4.621,391.879,5,1
1785492799,933858643,404.571,4.017,408.483,5,1
1785492800,201563965,270.374,1.139,271.44,5,1
1785492800,268495850,267.433,1.41,268.769,5,1
1785492800,335430176,267.443,6.912,274.244,5,1
1785492800,402366699,266.224,1.096,267.238,5,1
1785492800,469305420,269.771,1.11,270.807,5,1
1785492800,536246582,293.035,3.318,296.27,5,1
1785492800,603189697,310.303,1.299,311.499,5,1
1785492800,670135498,304.208,1.387,305.512,5,1
1785492800,737083252,295.679,1.758,297.346,5,1
1785492800,804033447,287.018,6.546,293.454,5,1
1785492800,870983398,284.703,1.056,285.687,5,1
1785492800,937313477,279.958,1.054,280.939,5,1
1785492801,3951172,279.83,1.082,280.839,5,1
1785492801,70587646,285.82,1.144,286.888,5,1
1785492801,137222656,289.835,1.593,291.351,5,1
1785492801,203856201,301.204,1.049,302.181,5,1
1785492801,270488037,298.538,1.109,299.56,5,1
1785492801,337118652,297.538,4.858,302.276,5,1
1785492801,403747803,296.17,4.355,300.402,5,1
1785492801,470375244,310.051,5.196,315.124,5,1
1785492801,537001465,347.396,2.363,349.674,5,1
1785492801,603625977,332.55,3.741,336.158,5,1
1785492801,670249268,331.237,1.106,332.269,5,1
1785492801,736871094,325.007,1.271,326.194,5,1
1785492801,803492920,334.131,1.075,335.133,5,1
1785492801,870238770,333.945,1.069,334.94,5,1
1785492801,936678467,331.792,1.084,332.801,5,1
1785492802,69873779,333.634,1.717,335.274,5,1
1785492802,136468506,335.186,1.139,336.252,5,1
1785492802,203061035,340.586,1.122,341.633,5,1
1785492802,269651855,338.729,1.073,339.729,5,1
1785492802,336240723,339.931,5.148,344.963,5,1
1785492802,402827393,339.99,1.061,340.977,5,1
1785492802,469412354,374.013,4.061,376.644,5,1
1785492802,535995361,359.211,1.378,360.515,5,1
1785492802,602576172,363.293,1.063,364.282,5,1
1785492802,669155273,377.159,1.403,378.488,5,1
1785492802,735734131,380.092,1.093,381.112,5,1
1785492802,802466064,384.253,1.073,385.252,5,1
1785492802,869197998,395.747,1.265,396.93,5,1
1785492802,935807861,394.441,1.323,395.68,5,1
1785492803,2416016,405.244,1.327,406.426,5,1
1785492803,69022217,427.208,3.793,430.907,5,1
1785492803,202229004,359.125,1.153,360.194,5,1
1785492803,268829834,350.126,1.18,351.223,5,1
1785492803,335428467,340.434,1.213,341.558,5,1
1785492803,402025391,318.87,13.455,332.203,5,1
1785492803,468620361,334.571,1.837,336.33,5,1
1785492803,535213379,372.335,2.073,374.144,5,1
1785492803,601804688,350.053,1.252,351.167,5,1
1785492803,668394043,347.785,1.068,348.778,5,1
1785492803,734981689,364.098,0.999,365.023,5,1
1785492803,801567383,366.816,1.275,368.017,5,1
1785492803,868152588,370.359,1.097,371.38,5,1
1785492803,934846680,377.11,1.031,378.069,5,1
1785492804,1540771,406.728,1.066,407.717,5,1
1785492804,68235596,419.615,1.682,421.218,5,1
1785492804,134930664,417.405,1.161,418.493,5,1
1785492804,201625977,424.971,1.3,426.197,5,1
1785492804,268321777,418.022,1.463,419.413,5,1
1785492804,335017822,420.265,20.908,441.05,5,1
1785492804,468411133,361.448,17.521,378.89,5,1
1785492804,535108398,368.418,11.53,377.763,5,1
1785492804,601806152,338.968,0.958,339.852,5,1
1785492804,668504150,346.392,1.121,347.424,5,1
1785492804,735202393,363.376,1.266,364.566,5,1
1785492804,801901367,362.535,1.23,363.69,5,1
1785492804,868600586,364.0,1.724,365.635,5,1
1785492805,1853027,368.63,3.391,371.448,5,1
1785492805,135099121,357.113,1.227,358.265,5,1
1785492805,201719727,351.681,1.126,352.734,5,1
1785492805,268338867,350.607,1.183,351.717,5,1
1785492805,334956299,360.507,1.69,362.116,5,1
1785492805,468186768,370.261,23.599,393.472,5,1
1785492805,534799561,376.508,1.056,377.49,5,1
1785492805,601410889,372.304,1.283,373.298,5,1
1785492805,668020508,373.014,1.18,374.118,5,1
1785492805,734628662,384.035,1.015,384.975,5,1
1785492805,801235352,397.999,1.493,399.363,5,1
1785492805,867841553,408.423,1.162,409.509,5,1
1785492805,934466797,409.714,1.077,410.715,5,1
1785492806,1090332,423.701,1.108,424.736,5,1
1785492806,67712158,422.483,1.062,423.471,5,1
1785492806,334184082,311.479,1.057,312.464,5,1
1785492806,400798096,319.428,1.127,320.482,5,1
1785492806,467410400,321.323,1.146,322.394,5,1
1785492806,534021240,341.526,15.55,356.785,5,1
1785492806,600630371,342.803,4.325,343.799,5,1
1785492806,667238037,335.929,1.043,336.868,5,1
1785492806,733843994,342.485,0.972,343.384,5,1
1785492806,800448486,345.207,1.096,346.229,5,1
1785492806,867052246,346.227,0.994,347.147,5,1
1785492806,933687500,349.156,1.07,350.153,5,1
1785492807,298340,382.708,1.325,383.956,5,1
1785492807,66907471,390.125,1.56,391.611,5,1
1785492807,133514648,388.139,1.096,389.161,5,1
1785492807,200120117,399.541,1.359,400.612,5,1
1785492807,266723633,407.781,1.071,408.778,5,1
1785492807,333325439,415.161,1.059,416.146,5,1
1785492807,399925537,428.85,1.092,429.868,5,1
1785492807,599714844,302.894,10.524,313.308,5,1
1785492807,666307617,321.753,1.151,322.829,5,1
1785492807,799584717,316.534,1.051,317.512,5,1
1785492807,866269775,316.83,1.06,317.815,5,1
1785492807,932895508,314.494,1.05,315.423,5,1
1785492807,999520020,327.929,1.051,328.907,5,1
1785492808,66142578,332.181,1.927,334.023,5,1
1785492808,132763916,342.42,1.666,343.997,5,1
1785492808,199383301,350.224,5.915,356.054,5,1
1785492808,266001465,344.109,1.407,345.439,5,1
1785492808,332617676,342.013,1.076,343.015,5,1
1785492808,399232422,343.567,1.059,344.553,5,1
1785492808,465845703,344.376,1.051,345.354,5,1
1785492808,532457275,360.692,6.202,366.795,5,1
1785492808,599067383,355.524,11.816,367.123,5,1
1785492808,665675781,357.119,1.052,358.098,5,1
1785492808,732282715,362.854,1.146,363.925,5,1
1785492808,798887939,366.755,1.068,367.75,5,1
1785492808,865492432,365.879,1.07,366.876,5,1
1785492808,932118164,377.774,16.759,394.433,5,1
1785492808,998742432,412.542,0.991,413.46,5,1
1785492809,65364990,417.242,4.724,418.589,5,1
1785492809,131985840,425.734,1.216,426.868,5,1
1785492809,198605469,436.61,1.038,437.573,5,1
1785492809,265223145,441.326,1.05,442.303,5,1
1785492809,331839355,448.129,1.306,449.352,5,1
1785492809,398454102,435.346,1.299,436.563,5,1
1785492809,531678467,362.781,1.247,363.95,5,1
1785492809,598288330,358.621,7.894,366.402,5,1
1785492809,664896729,379.571,1.063,380.563,5,1
1785492809,731503174,377.65,1.291,378.86,5,1
1785492809,798108398,378.963,1.075,379.966,5,1
1785492809,864712646,380.624,1.103,381.652,5,1
1785492809,931421875,383.188,1.188,384.301,5,1
1785492809,998131836,395.555,1.339,396.73,5,1
1785492810,64842529,393.258,1.513,394.698,5,1
1785492810,198265625,387.095,1.182,388.099,5,1
1785492810,264978271,390.503,8.565,391.472,5,1
1785492810,331691650,391.077,1.107,392.109,5,1
1785492810,465119873,347.714,1.811,349.423,5,1
1785492810,598550781,284.364,1.086,285.348,5,1
1785492810,665267334,290.927,1.092,291.947,5,1
1785492810,731984375,299.962,12.548,312.397,5,1
1785492810,798702148,304.994,1.102,306.023,5,1
1785492810,865419922,318.303,1.01,319.242,5,1
1785492810,932297852,317.824,1.193,318.932,5,1
1785492810,999178711,316.852,1.089,317.853,5,1
1785492811,66062256,333.744,1.303,334.964,5,1
1785492811,132948975,334.658,1.691,336.268,5,1
1785492811,199838379,342.813,1.487,344.224,5,1
1785492811,266730713,346.569,1.052,347.546,5,1
1785492811,333626221,346.361,1.071,347.344,5,1
1785492811,400524414,348.702,1.086,349.661,5,1
1785492811,467425537,352.433,1.782,354.135,5,1
1785492811,534329590,358.366,1.115,359.408,5,1
1785492811,601236572,374.733,2.583,377.234,5,1
1785492811,668146484,376.747,12.387,389.001,5,1
1785492811,735059326,377.67,1.103,378.697,5,1
1785492811,801974854,374.478,1.05,375.456,5,1
1785492811,868890869,376.09,1.088,377.089,5,1
1785492811,935768311,373.506,1.049,374.483,5,1
1785492812,2648926,376.501,1.272,377.634,5,1
1785492812,69532227,380.934,1.146,382.006,5,1
1785492812,136418457,381.219,1.586,382.73,5,1
1785492812,203307617,380.214,1.061,381.202,5,1
1785492812,270199707,383.533,1.062,384.521,5,1
1785492812,337094727,381.768,1.041,382.736,5,1
1785492812,403992676,383.191,1.063,384.181,5,1
1785492812,470893555,390.012,1.055,390.942,5,1
1785492812,537797363,397.829,1.268,399.018,5,1
1785492812,604704102,419.087,6.41,425.396,5,1
1785492812,671613525,409.945,15.275,425.107,5,1
1785492812,738526123,419.078,1.065,420.07,5,1
1785492812,805441406,429.083,1.188,430.196,5,1
1785492812,938691650,371.775,1.058,372.76,5,1
1785492813,72240723,313.423,1.77,315.114,5,1
1785492813,139017578,326.382,1.348,327.652,5,1
1785492813,205796387,340.792,1.097,341.816,5,1
1785492813,272576904,338.709,1.044,339.617,5,1
1785492813,339358887,347.292,1.058,348.28,5,1
1785492813,406142578,348.681,1.049,349.656,5,1
1785492813,472927979,361.604,1.236,362.765,5,1
1785492813,606503906,348.727,1.109,349.762,5,1
1785492813,673293457,361.823,2.035,363.74,5,1
1785492813,740011230,355.729,5.03,360.627,5,1
1785492813,806729248,350.331,1.082,351.337,5,1
1785492813,873447021,356.168,1.055,357.149,5,1
1785492813,939980957,370.643,1.086,371.655,5,1
1785492814,6635498,395.6,1.433,396.952,5,1
1785492814,73289063,409.727,1.134,410.766,5,1
1785492814,139941406,409.909,1.083,410.92,5,1
1785492814,206592773,419.434,1.026,420.316,5,1
1785492814,273242920,425.671,1.087,426.686,5,1
1785492814,339892334,426.27,1.053,427.249,5,1
1785492814,473187744,371.54,1.349,372.797,5,1
1785492814,606478760,310.826,1.049,311.803,5,1
1785492814,739766602,305.923,1.044,306.893,5,1
1785492814,806476563,308.644,15.215,323.72,5,1
1785492814,873186768,307.141,1.045,308.114,5,1
1785492814,939843994,311.751,1.069,312.748,5,1
1785492815,6500488,312.845,5.02,317.79,5,1
1785492815,73156006,318.516,1.107,319.55,5,1
1785492815,139810303,337.732,1.263,338.922,5,1
1785492815,206463623,338.627,1.175,339.67,5,1
1785492815,273115967,339.898,1.255,341.078,5,1
1785492815,339767090,342.82,0.987,343.736,5,1
1785492815,406417480,343.094,1.19,344.211,5,1
1785492815,473066650,353.431,1.182,354.533,5,1
1785492815,539714844,357.037,1.06,358.026,5,1
1785492815,606361816,352.662,1.35,353.938,5,1
1785492815,673008057,359.452,1.593,360.972,5,1
1785492815,739653076,360.074,1.201,361.185,5,1
1785492815,806297119,371.189,20.271,391.337,5,1
1785492815,872940918,374.44,1.041,375.407,5,1
1785492815,940062744,370.147,1.043,371.115,5,1
1785492816,6871826,408.939,1.217,410.079,5,1
1785492816,73683838,412.9,1.011,413.837,5,1
1785492816,140498779,418.037,1.144,419.107,5,1
1785492816,207316650,416.355,1.101,417.336,5,1
1785492816,274137451,414.139,1.055,415.122,5,1
1785492816,340961426,426.727,4.966,431.612,5,1
1785492816,474617676,352.571,3.39,355.867,5,1
1785492816,541450439,326.337,1.296,327.554,5,1
1785492816,608285889,326.532,0.952,327.409,5,1
1785492816,675124268,335.115,1.255,336.294,5,1
1785492816,741964355,342.982,1.185,344.091,5,1
1785492816,808689697,339.673,1.875,341.472,5,1
1785492816,942043945,326.519,21.092,347.498,5,1
1785492817,8736572,335.365,4.574,339.735,5,1
1785492817,75428711,358.409,1.413,359.733,5,1
1785492817,142120850,342.481,2.034,344.421,5,1
1785492817,208812500,326.056,1.062,327.045,5,1
1785492817,275503662,339.335,1.105,340.365,5,1
1785492817,342194824,347.565,1.099,348.592,5,1
1785492817,408885498,347.909,1.062,348.897,5,1
1785492817,475575928,364.746,1.285,365.942,5,1
1785492817,542266113,355.188,1.4,356.514,5,1
1785492817,608955811,386.7,1.176,387.793,5,1
1785492817,675645264,381.398,1.071,382.384,5,1
1785492817,742334961,378.369,1.093,379.389,5,1
1785492817,809057861,379.578,1.056,380.561,5,1
1785492817,875781006,378.786,1.062,379.723,5,1
1785492817,942467041,379.395,23.945,403.208,5,1
1785492818,9152832,387.461,1.119,388.503,5,1
1785492818,75837891,411.719,1.222,412.866,5,1
1785492818,142522461,430.765,1.209,431.9,5,1
1785492818,209206543,429.844,1.073,430.841,5,1
1785492818,275890137,430.239,1.061,431.226,5,1
1785492818,342573242,430.188,1.058,431.174,5,1
1785492818,409255859,455.633,1.169,456.71,5,1
1785492818,542619385,378.087,1.638,379.645,5,1
1785492818,609300293,364.219,1.291,365.428,5,1
1785492818,675980713,345.028,1.199,346.143,5,1
1785492818,742660889,348.519,1.048,349.491,5,1
1785492818,809340332,350.628,1.147,351.7,5,1
1785492818,876019531,349.839,1.053,350.819,5,1
1785492818,943177246,348.441,1.698,350.064,5,1
1785492819,10019043,362.339,13.483,375.692,5,1
1785492819,76862061,386.575,1.068,387.57,5,1
1785492819,143706787,393.854,1.117,394.835,5,1
1785492819,210552734,394.076,1.095,395.097,5,1
1785492819,277400146,395.268,1.222,396.415,5,1
1785492819,344249268,395.011,12.827,407.76,5,1
1785492819,411099609,439.786,3.878,442.315,5,1
1785492819,611659424,284.865,2.476,287.251,5,1
1785492819,678515625,301.06,5.26,306.233,5,1
1785492819,745371582,306.692,1.291,307.819,5,1
1785492819,812102051,293.774,1.347,295.035,5,1
1785492819,878832764,288.296,1.142,289.361,5,1
1785492819,945442139,291.29,1.443,292.646,5,1
1785492820,12110840,283.55,1.107,284.582,5,1
1785492820,78778809,283.544,1.102,284.573,5,1
1785492820,145446045,285.738,11.1,296.725,5,1
1785492820,212112305,302.648,1.163,303.735,5,1
1785492820,278777832,304.814,1.093,305.834,5,1
1785492820,345442627,306.831,14.538,321.291,5,1
1785492820,412106445,307.241,1.06,308.229,5,1
1785492820,478769531,305.986,5.781,311.679,5,1
1785492820,545431885,302.842,1.345,304.112,5,1
1785492820,612093506,334.85,2.956,337.725,5,1
1785492820,678754150,314.248,1.911,316.051,5,1
1785492820,745414063,306.498,1.16,307.586,5,1
1785492820,812073975,306.407,8.227,314.514,5,1
1785492820,878798340,309.503,1.059,310.49,5,1
1785492820,945463135,309.756,1.064,310.747,5,1
1785492821,12157227,308.199,1.133,309.255,5,1
1785492821,78850586,314.554,1.11,315.589,5,1
1785492821,145543701,336.664,8.314,344.831,5,1
1785492821,212236328,340.073,1.119,341.117,5,1
1785492821,345619873,330.784,1.213,331.918,5,1
1785492821,412311035,332.466,1.348,333.733,5,1
1785492821,479001709,332.697,1.281,333.83,5,1
1785492821,545691650,334.191,1.086,335.202,5,1
1785492821,679070557,341.496,1.348,342.756,5,1
1785492821,745759277,339.528,1.14,340.59,5,1
1785492821,812447998,331.811,1.251,332.982,5,1
1785492821,945756348,327.6,1.07,328.537,5,1
1785492822,12420166,328.688,1.17,329.78,5,1
1785492822,79083008,333.943,1.08,334.949,5,1
1785492822,145745361,346.895,14.578,361.345,5,1
1785492822,212406494,347.863,1.058,348.845,5,1
1785492822,279066895,349.557,1.043,350.527,5,1
1785492822,345726318,351.269,1.069,352.251,5,1
1785492822,412384766,352.146,1.054,353.128,5,1
1785492822,479042480,367.412,1.176,368.509,5,1
1785492822,545699463,358.587,1.257,359.698,5,1
1785492822,679010254,353.509,1.106,354.541,5,1
1785492822,745665283,359.096,1.129,360.151,5,1
1785492822,812379883,360.055,1.069,361.052,5,1
1785492822,879094238,361.372,1.094,362.394,5,1
1785492822,945670654,362.373,1.075,363.362,5,1
1785492823,12337402,382.476,1.136,383.537,5,1
1785492823,79003418,377.293,4.363,381.534,5,1
1785492823,145668457,400.455,15.292,415.626,5,1
1785492823,212332764,412.501,0.999,413.428,5,1
1785492823,278996094,429.497,1.72,431.143,5,1
1785492823,345658691,433.556,1.45,434.93,5,1
1785492823,412320557,443.703,1.151,444.78,5,1
1785492823,478981445,454.811,1.098,455.834,5,1
1785492823,612300781,371.428,2.013,373.355,5,1
1785492823,678959229,348.488,11.775,360.182,5,1
1785492823,745617432,339.195,1.17,340.289,5,1
1785492823,812325684,341.918,1.16,342.893,5,1
1785492823,879033691,343.811,1.054,344.792,5,1
1785492824,79386230,235.444,1.563,236.933,5,1
1785492824,146209961,250.467,1.493,251.451,5,1
1785492824,213034912,251.784,1.143,252.854,5,1
1785492824,279860840,265.626,1.367,266.79,5,1
1785492824,346688232,263.04,15.423,278.341,5,1
1785492824,413516602,266.157,1.31,267.388,5,1
1785492824,480345947,270.632,1.623,272.181,5,1
1785492824,547176514,278.139,1.314,279.373,5,1
1785492824,614008301,284.302,1.319,285.543,5,1
1785492824,680841309,296.86,1.062,297.849,5,1
1785492824,747675293,307.362,1.083,308.36,5,1
1785492824,814510498,306.316,1.106,307.348,5,1
1785492824,881346680,307.576,1.075,308.504,5,1
1785492824,948182861,306.209,1.15,307.19,5,1
1785492825,14990723,309.566,1.135,310.625,5,1
1785492825,81799561,309.877,1.828,311.596,5,1
1785492825,148609131,321.199,1.066,322.191,5,1
1785492825,215419678,324.263,1.05,325.24,5,1
1785492825,282231201,326.373,1.067,327.364,5,1
1785492825,349043457,326.383,9.007,335.276,5,1
1785492825,415856689,338.489,1.157,339.571,5,1
1785492825,482670898,340.558,1.143,341.626,5,1
1785492825,616301758,344.506,1.058,345.49,5,1
1785492825,683118652,340.177,1.07,341.174,5,1
1785492825,749936279,342.15,1.068,343.076,5,1
1785492825,816754883,342.516,1.075,343.518,5,1
1785492825,883574463,341.578,1.062,342.566,5,1
1785492825,950393555,342.004,1.136,343.062,5,1
1785492826,17187988,370.583,2.6,373.09,5,1
1785492826,83982910,375.182,1.944,376.974,5,1
1785492826,150778320,373.109,14.335,387.365,5,1
1785492826,217574707,369.424,1.074,370.353,5,1
1785492826,284371338,372.545,1.044,373.515,5,1
1785492826,351168945,376.66,10.261,386.789,5,1
1785492826,417967041,381.576,1.056,382.559,5,1
1785492826,484765869,384.086,1.078,385.091,5,1
1785492826,551565186,388.358,10.141,398.414,5,1
1785492826,618365234,387.854,0.919,388.702,5,1
1785492826,685166016,406.931,1.092,407.936,5,1
1785492826,751967285,413.573,3.136,416.625,5,1
1785492826,885572021,338.762,1.598,340.286,5,1
1785492826,952374268,322.856,2.008,324.773,5,1
1785492827,19385742,306.339,1.003,307.269,5,1
1785492827,86263184,321.535,1.101,322.562,5,1
1785492827,153143311,324.077,1.008,325.01,5,1
1785492827,220026123,333.331,1.645,334.897,5,1
1785492827,353800049,332.407,1.425,333.753,5,1
1785492827,420690918,334.625,5.602,340.109,5,1
1785492827,487584473,345.13,1.155,346.205,5,1
1785492827,554480957,354.168,1.19,355.28,5,1
1785492827,621379883,362.488,1.076,363.486,5,1
1785492827,688281738,371.101,1.077,372.104,5,1
1785492827,755186035,374.914,1.102,375.843,5,1
1785492827,822091064,374.576,1.259,375.762,5,1
1785492827,888838867,379.467,1.132,380.524,5,1
1785492827,955586670,387.208,1.356,388.489,5,1
1785492828,22447510,396.609,1.172,397.66,5,1
1785492828,89310791,410.292,1.143,411.358,5,1
1785492828,156176514,411.014,1.063,412.004,5,1
1785492828,223044922,425.153,1.233,426.305,5,1
1785492828,356789551,346.999,4.048,350.971,5,1
1785492828,423665527,340.268,10.644,350.784,5,1
1785492828,490544434,328.844,1.1,329.868,5,1
1785492828,557425537,308.691,1.061,309.678,5,1
1785492828,624309570,334.868,1.015,335.756,5,1
1785492828,691195801,336.229,1.06,337.165,5,1
1785492828,824976563,331.642,1.076,332.582,5,1
1785492828,891870605,330.873,1.088,331.887,5,1
1785492828,958765869,329.846,1.084,330.856,5,1
1785492829,25352783,331.484,1.101,332.511,5,1
1785492829,92146240,356.724,2.479,359.125,5,1
1785492829,158940430,351.464,1.052,352.444,5,1
1785492829,225735352,351.931,1.097,352.955,5,1
1785492829,292531006,351.068,1.049,352.045,5,1
1785492829,359327393,350.862,1.108,351.896,5,1
1785492829,426124512,375.976,27.187,403.026,5,1
1785492829,492922119,387.152,1.431,388.461,5,1
1785492829,559720459,377.684,1.327,378.936,5,1
1785492829,626519531,379.183,1.399,380.508,5,1
1785492829,693319336,378.705,1.537,380.152,5,1
1785492829,760119873,378.868,10.467,389.186,5,1
1785492829,826920654,385.279,1.211,386.417,5,1
1785492829,893690430,388.255,1.254,389.429,5,1
1785492829,960460205,420.258,9.474,429.63,5,1
1785492830,93993896,335.691,5.57,341.179,5,1
1785492830,160758057,317.329,1.099,318.354,5,1
1785492830,227522461,324.864,1.154,325.936,5,1
1785492830,294286621,320.272,1.237,321.427,5,1
1785492830,361051025,327.153,1.069,328.148,5,1
1785492830,427815674,329.335,1.107,330.369,5,1
1785492830,494580322,338.914,20.922,359.708,5,1
1785492830,561345215,346.875,12.429,359.206,5,1
1785492830,628110107,358.362,1.059,359.348,5,1
1785492830,694875000,359.643,1.051,360.621,5,1
1785492830,761640137,363.979,1.375,365.275,5,1
1785492830,828405273,360.934,1.017,361.876,5,1
1785492830,895170654,358.424,1.153,359.503,5,1
1785492830,961936035,360.015,1.187,361.127,5,1
1785492831,28701416,361.821,1.484,363.231,5,1
1785492831,95295654,365.908,0.983,366.818,5,1
1785492831,161887695,377.414,1.115,378.456,5,1
1785492831,228477295,380.369,1.095,381.389,5,1
1785492831,295065186,381.155,1.059,382.14,5,1
1785492831,361650635,381.028,1.063,382.018,5,1
1785492831,428234131,403.078,1.155,404.154,5,1
1785492831,561394287,328.468,22.985,333.79,5,1
1785492831,627971436,328.143,1.355,329.416,5,1
1785492831,694546143,305.777,1.185,306.825,5,1
1785492831,761118896,305.506,1.004,306.436,5,1
1785492831,827689453,311.572,1.087,312.585,5,1
1785492831,894257813,328.182,1.116,329.222,5,1
1785492831,960823975,329.049,1.085,330.059,5,1
1785492832,27390381,341.505,2.416,343.835,5,1
1785492832,94421875,349.098,1.812,350.832,5,1
1785492832,161142334,374.631,1.067,375.624,5,1
1785492832,227862061,378.746,1.119,379.791,5,1
1785492832,294581299,379.132,1.275,380.222,5,1
1785492832,361300293,378.785,1.109,379.819,5,1
1785492832,428018555,378.811,1.113,379.85,5,1
1785492832,494736328,387.437,1.245,388.604,5,1
1785492832,561453857,402.89,10.324,413.102,5,1
1785492832,761602783,283.256,1.124,284.307,5,1
1785492832,828318115,289.863,1.04,290.83,5,1
1785492832,895033447,296.08,1.107,297.114,5,1
1785492832,961786133,292.867,1.118,293.912,5,1
1785492833,28539063,306.824,1.434,308.166,5,1
1785492833,161997314,301.967,1.888,303.78,5,1
1785492833,228725830,302.097,1.12,303.126,5,1
1785492833,295453857,304.008,1.007,304.941,5,1
1785492833,362181396,307.384,1.011,308.32,5,1
1785492833,428908447,306.365,1.079,307.37,5,1
1785492833,495634766,342.449,1.232,343.599,5,1
1785492833,562360840,335.282,1.299,336.503,5,1
1785492833,629086426,339.485,5.861,345.216,5,1
1785492833,695811523,337.729,1.07,338.725,5,1
1785492833,762536133,343.763,1.081,344.768,5,1
1785492833,829260254,343.817,1.051,344.795,5,1
1785492833,895983887,350.875,1.051,351.854,5,1
1785492833,962707031,352.053,1.051,353.031,5,1
1785492834,29429932,355.787,1.067,356.778,5,1
1785492834,96158203,364.927,1.183,366.032,5,1
1785492834,229613281,360.105,1.09,361.078,5,1
1785492834,296340088,359.929,1.045,360.901,5,1
1785492834,363066162,359.796,1.063,360.788,5,1
1785492834,429791748,359.802,1.052,360.781,5,1
1785492834,496516602,386.25,3.185,389.356,5,1
1785492834,563240967,373.007,1.167,374.101,5,1
1785492834,629964844,375.394,22.622,397.878,5,1
1785492834,696688232,377.998,1.063,378.988,5,1
1785492834,763410889,378.324,0.988,379.235,5,1
1785492834,830133057,379.75,1.053,380.73,5,1
1785492834,896854736,380.166,1.069,381.135,5,1
1785492835,96647705,269.682,1.453,271.045,5,1
1785492835,163274414,273.226,1.266,274.41,5,1
1785492835,229900391,261.928,1.123,262.968,5,1
1785492835,296525635,284.111,1.069,285.103,5,1
1785492835,363149902,285.019,1.763,286.704,5,1
1785492835,429773438,289.728,1.058,290.657,5,1
1785492835,496396240,300.298,4.432,304.639,5,1
1785492835,563018066,322.003,2.147,324.04,5,1
1785492835,629639404,309.536,1.467,310.807,5,1
1785492835,696259766,303.45,1.133,304.509,5,1
1785492835,762879150,300.553,16.303,316.715,5,1
1785492835,829499512,304.177,1.112,305.216,5,1
1785492835,896239502,302.092,1.1,303.119,5,1
1785492835,962979248,300.017,1.079,301.009,5,1
1785492836,29719238,303.761,1.164,304.848,5,1
1785492836,96281250,305.501,4.474,309.892,5,1
1785492836,162840576,308.037,1.123,309.087,5,1
1785492836,229397217,310.172,1.164,311.264,5,1
1785492836,295951172,310.171,1.072,311.159,5,1
1785492836,362502197,308.554,1.075,309.557,5,1
1785492836,429050781,307.96,1.13,309.016,5,1
1785492836,495596436,310.456,1.061,311.444,5,1
1785492836,562139648,318.909,1.634,320.468,5,1
1785492836,628679932,315.04,1.002,315.97,5,1
1785492836,695217529,336.807,1.857,338.59,5,1
1785492836,761752686,334.98,16.583,351.411,5,1
1785492836,828284912,339.135,1.179,340.241,5,1
1785492836,894814209,342.456,1.074,343.456,5,1
1785492836,961341064,343.126,1.054,344.106,5,1
1785492837,27867676,348.824,2.891,351.635,5,1
1785492837,94931152,349.735,1.063,350.725,5,1
1785492837,161635254,366.092,1.014,367.032,5,1
1785492837,228338623,380.731,1.07,381.728,5,1
1785492837,295041260,378.781,0.996,379.704,5,1
1785492837,361743164,378.107,1.023,379.059,5,1
1785492837,428444336,379.669,0.989,380.585,5,1
1785492837,495144775,389.631,0.99,390.549,5,1
1785492837,561844238,405.11,1.353,406.371,5,1
1785492837,628543213,385.756,1.192,386.79,5,1
1785492837,761938721,295.12,1.154,296.199,5,1
1785492837,828635498,298.99,5.358,304.23,5,1
1785492837,895331543,308.752,1.003,309.682,5,1
1785492837,962048340,309.173,1.017,310.117,5,1
1785492838,28764893,316.981,1.078,317.983,5,1
1785492838,95468018,328.973,1.818,330.712,5,1
1785492838,162170166,336.261,9.22,345.388,5,1
1785492838,228871338,338.88,3.252,342.043,5,1
1785492838,295571533,352.523,8.083,360.521,5,1
1785492838,362270752,347.004,1.113,348.043,5,1
1785492838,428968994,357.443,16.876,374.236,5,1
1785492838,562362793,391.458,6.531,397.62,5,1
1785492838,629058105,406.407,1.333,407.653,5,1
1785492838,695752441,391.474,5.042,392.817,5,1
1785492838,762446045,372.59,16.194,388.631,5,1
1785492838,829138428,387.442,1.234,388.6,5,1
1785492838,895830078,371.059,1.145,372.127,5,1
1785492838,962520508,366.207,1.097,367.231,5,1
1785492839,29210449,367.047,1.062,368.033,5,1
1785492839,96020996,377.079,1.062,378.007,5,1
1785492839,162750000,381.21,1.071,382.206,5,1
1785492839,229477783,383.061,1.059,384.046,5,1
1785492839,296205078,384.234,1.047,385.208,5,1
1785492839,362931641,386.021,1.072,387.021,5,1
1785492839,429657227,388.097,1.192,389.212,5,1
1785492839,496382080,401.732,1.277,402.923,5,1
1785492839,629829346,323.352,1.277,324.548,5,1
1785492839,696551758,324.638,6.192,330.744,5,1
1785492839,763273438,323.042,3.876,325.606,5,1
1785492839,829994385,320.794,26.362,346.992,5,1
1785492839,896714355,334.795,4.641,336.0,5,1
1785492839,963418701,347.832,1.192,348.944,5,1
1785492840,30123291,366.693,1.075,367.695,5,1
1785492840,96542969,386.28,1.193,387.4,5,1
1785492840,163150146,390.091,1.118,391.135,5,1
1785492840,229756104,390.777,4.887,391.825,5,1
1785492840,296360840,394.546,1.443,395.906,5,1
1785492840,362964600,399.639,1.137,400.703,5,1
1785492840,429567139,415.2,1.426,416.541,5,1
1785492840,562768555,338.819,1.64,340.365,5,1
1785492840,629367432,332.36,1.096,333.379,5,1
1785492840,695965332,314.466,1.045,315.439,5,1
1785492840,762561768,316.756,1.126,317.809,5,1
1785492840,829157227,317.095,1.302,318.32,5,1
1785492840,895752930,321.156,14.122,335.072,5,1
1785492840,962448486,322.515,1.054,323.496,5,1
1785492841,29144043,325.976,1.262,327.158,5,1
1785492841,95839844,336.212,1.087,337.223,5,1
1785492841,162606201,328.312,1.238,329.469,5,1
1785492841,229373779,333.77,1.092,334.789,5,1
1785492841,296142090,334.767,1.271,335.95,5,1
1785492841,362911377,333.727,1.101,334.753,5,1
1785492841,429681396,333.823,1.077,334.826,5,1
1785492841,496452637,336.082,2.029,338.029,5,1
1785492841,629997559,340.705,1.093,341.724,5,1
1785492841,696771240,341.32,1.049,342.296,5,1
1785492841,830321533,337.356,1.182,338.462,5,1
1785492841,897098145,337.856,7.751,345.489,5,1
1785492841,963875732,338.273,1.045,339.243,5,1
1785492842,30654053,336.797,1.076,337.8,5,1
1785492842,97432373,342.402,1.058,343.387,5,1
1785492842,164048340,337.838,1.051,338.814,5,1
1785492842,230663086,338.909,1.062,339.895,5,1
1785492842,363889648,336.292,1.082,337.3,5,1
1785492842,430501221,336.021,1.066,336.96,5,1
1785492842,497112061,345.339,1.056,346.323,5,1
1785492842,563721924,339.19,1.289,340.387,5,1
1785492842,630330566,355.788,2.005,357.703,5,1
1785492842,696938232,347.273,1.164,348.363,5,1
1785492842,763545166,349.341,1.081,350.348,5,1
1785492842,830150879,355.793,1.273,356.987,5,1
1785492842,896755615,357.805,14.418,372.098,5,1
1785492842,963359375,359.77,1.064,360.763,5,1
1785492843,29961914,364.052,1.548,365.511,5,1
1785492843,96564941,360.77,1.066,361.764,5,1
1785492843,163195068,363.58,2.17,365.673,5,1
1785492843,229824219,364.258,1.075,365.258,5,1
1785492843,296452881,365.694,1.097,366.718,5,1
1785492843,363080811,367.394,1.055,368.376,5,1
1785492843,429707764,373.729,1.263,374.904,5,1
1785492843,496334229,376.8,2.178,378.88,5,1
1785492843,562959717,406.141,1.469,407.453,5,1
1785492843,629584717,404.661,1.599,406.174,5,1
1785492843,696208740,385.536,1.213,386.665,5,1
1785492843,762832031,379.819,1.107,380.852,5,1
1785492843,829454590,385.758,1.432,387.098,5,1
1785492843,896076416,380.201,10.425,390.499,5,1
1785492844,29317871,380.339,1.172,381.439,5,1
1785492844,162741455,375.434,1.228,376.588,5,1
1785492844,229545898,384.984,1.16,386.071,5,1
1785492844,296352051,401.79,6.903,408.592,5,1
1785492844,429968994,333.719,6.339,339.924,5,1
1785492844,496779785,336.757,4.025,340.689,5,1
1785492844,563592041,325.581,1.263,326.768,5,1
1785492844,630405762,322.579,1.244,323.64,5,1
1785492844,697221191,307.425,1.093,308.446,5,1
1785492844,764038086,307.188,1.069,308.183,5,1
1785492844,830856445,308.939,1.071,309.936,5,1
1785492844,897676270,307.441,1.058,308.421,5,1
1785492844,964497803,309.657,1.051,310.636,5,1
1785492845,31320801,312.609,11.292,323.774,5,1
1785492845,98143799,316.871,1.067,317.841,5,1
1785492845,164787598,325.89,1.097,326.914,5,1
1785492845,231430664,330.587,1.26,331.75,5,1
1785492845,298073242,327.507,1.239,328.662,5,1
1785492845,364715332,327.152,1.242,328.318,5,1
1785492845,431356689,330.82,1.254,331.995,5,1
1785492845,497997803,344.677,1.304,345.9,5,1
1785492845,564638428,339.988,1.241,341.151,5,1
1785492845,631278320,348.783,1.146,349.853,5,1
1785492845,697917725,369.664,1.167,370.754,5,1
1785492845,764556885,371.994,1.046,372.968,5,1
1785492845,831195313,371.197,1.053,372.176,5,1
1785492845,897833252,370.139,1.161,371.223,5,1
1785492845,964470703,371.761,1.102,372.788,5,1
1785492846,31107422,379.006,27.428,406.309,5,1
1785492846,97744629,380.146,1.054,381.125,5,1
1785492846,164405273,376.385,1.064,377.376,5,1
1785492846,297726318,373.935,7.056,380.816,5,1
1785492846,364386230,374.949,1.035,375.912,5,1
1785492846,431046143,377.428,1.047,378.403,5,1
1785492846,564365479,407.166,1.281,408.358,5,1
1785492846,631024658,407.195,2.487,409.602,5,1
1785492846,697683838,395.486,6.538,401.922,5,1
1785492846,764342773,387.739,1.48,389.144,5,1
1785492846,831001465,382.492,1.006,383.424,5,1
1785492846,897659912,389.884,1.067,390.877,5,1
1785492846,964318115,389.331,1.182,390.438,5,1
1785492847,30976318,396.604,11.412,407.825,5,1
1785492847,97634521,407.461,1.062,408.449,5,1
1785492847,163997070,416.046,1.064,417.023,5,1
1785492847,363726563,288.244,1.141,289.312,5,1
1785492847,430298584,294.985,1.06,295.973,5,1
1785492847,496868408,307.396,1.173,308.491,5,1
1785492847,630001465,296.958,1.159,298.038,5,1
1785492847,696564697,300.749,1.13,301.805,5,1
1785492847,763125488,300.13,1.08,301.136,5,1
1785492847,829684326,301.385,1.059,302.369,5,1
1785492847,896242432,304.212,1.105,305.241,5,1
1785492848,29600342,299.935,1.115,300.978,5,1
1785492848,96279541,302.574,1.161,303.66,5,1
1785492848,229629639,306.851,12.111,318.823,5,1
1785492848,296304932,309.23,1.434,310.58,5,1
1785492848,362979980,302.044,1.129,303.085,5,1
1785492848,429655273,297.271,1.091,298.288,5,1
1785492848,496330322,304.214,1.168,305.307,5,1
1785492848,563005615,307.708,1.062,308.696,5,1
1785492848,629680908,311.92,1.09,312.935,5,1
1785492848,696356201,312.797,1.067,313.79,5,1
1785492848,763031494,310.826,1.052,311.805,5,1
1785492848,829706787,313.832,1.081,314.84,5,1
1785492848,896382080,317.88,1.073,318.879,5,1
1785492848,963057617,314.677,1.055,315.658,5,1
1785492849,29732910,315.245,1.166,316.265,5,1
1785492849,96408447,320.067,1.113,321.104,5,1
1785492849,163097168,322.123,1.238,323.275,5,1
1785492849,229786377,328.813,7.785,336.476,5,1
1785492849,296475830,331.829,1.236,332.988,5,1
1785492849,363165527,329.61,1.061,330.595,5,1
1785492849,429855469,330.639,1.204,331.766,5,1
1785492849,496545654,347.807,2.776,350.435,5,1
1785492849,563236084,338.658,1.081,339.663,5,1
1785492849,629927002,348.29,1.12,349.326,5,1
1785492849,696617920,356.856,1.059,357.843,5,1
1785492849,763309082,365.536,1.279,366.74,5,1
1785492849,830000732,377.966,4.984,382.83,5,1
1785492849,896692627,377.165,1.045,378.136,5,1
1785492849,963384521,376.442,1.182,377.55,5,1
1785492850,30076904,381.28,1.009,382.215,5,1
1785492850,96769531,380.287,1.266,381.477,5,1
1785492850,163479492,379.631,1.066,380.623,5,1
1785492850,230190430,380.351,10.132,390.368,5,1
1785492850,296901855,379.218,1.001,380.145,5,1
1785492850,363614258,381.133,1.062,382.121,5,1
1785492850,430327148,383.382,1.077,384.385,5,1
1785492850,497040771,391.97,1.082,392.954,5,1
1785492850,563755371,408.141,1.076,409.143,5,1
1785492850,630470459,407.766,1.171,408.861,5,1
1785492850,697186279,417.622,1.158,418.702,5,1
1785492850,830620117,341.13,1.185,342.238,5,1
1785492850,897338135,328.717,1.353,329.969,5,1
1785492850,964056885,311.052,1.027,312.008,5,1
1785492851,30776123,311.448,1.001,312.373,5,1
1785492851,97495850,313.873,0.988,314.789,5,1
1785492851,164132324,320.23,1.075,321.226,5,1
1785492851,230767090,319.593,1.134,320.654,5,1
1785492851,297400635,326.42,8.009,334.307,5,1
1785492851,364032715,333.377,1.251,334.548,5,1
1785492851,430663330,338.681,1.107,339.715,5,1
1785492851,497292725,338.511,2.227,340.655,5,1
1785492851,563920410,337.214,1.113,338.251,5,1
1785492851,630546875,351.877,3.813,355.603,5,1
1785492851,697171875,351.764,1.135,352.811,5,1
1785492851,763795654,345.45,1.048,346.425,5,1
1785492851,830417725,346.684,1.132,347.738,5,1
1785492851,897038574,348.649,1.555,350.128,5,1
1785492851,963657959,346.413,1.06,347.399,5,1
1785492852,30275879,348.487,1.043,349.457,5,1
1785492852,96893311,351.049,1.165,351.973,5,1
1785492852,163529785,347.452,1.12,348.496,5,1
1785492852,230164795,355.465,1.251,356.516,5,1
1785492852,296798584,356.482,9.716,366.087,5,1
1785492852,363430908,356.539,1.057,357.522,5,1
1785492852,430061768,362.88,1.139,363.91,5,1
1785492852,496691162,369.959,1.695,371.495,5,1
1785492852,563319092,387.861,1.325,389.103,5,1
1785492852,629945801,371.571,1.309,372.797,5,1
1785492852,696571045,364.835,1.051,365.812,5,1
1785492852,763194824,362.629,1.651,364.202,5,1
1785492852,829817139,361.282,1.05,362.259,5,1
1785492852,896438232,361.948,1.112,362.988,5,1
1785492852,963057861,362.7,2.056,364.68,5,1
1785492853,563344971,391.545,8.782,400.195,5,1
