capture_sec,capture_nanosec,target3d_in_age_ms,target3d_compute_ms,target3d_out_age_ms,depth_vs_color_skew_ms,depth_valid
1785492552,812292480,552.252,0.522,552.685,133.405,0
1785492552,945697754,511.855,0.634,512.298,133.408,0
1785492553,12401367,503.584,2297.393,2800.857,66.704,1
1785492554,546707031,1269.428,1.652,1270.975,-1467.602,1
1785492554,680103516,1148.172,1.548,1149.599,600.621,1
1785492554,813563965,1019.617,1.61,1021.106,467.16,1
1785492554,880296387,957.669,1.548,959.094,400.428,1
1785492554,947030518,907.257,1.894,909.023,467.183,1
1785492555,13766113,845.641,1.857,847.079,400.447,1
1785492555,80503418,783.338,2.125,785.099,333.71,1
1785492555,147242188,721.88,1.549,723.308,266.971,1
1785492555,213982666,660.049,1.984,661.857,200.23,1
1785492555,280724365,598.781,1.694,600.341,133.489,1
1785492555,414213135,489.385,1.864,491.129,0.0,1
1785492555,480959717,464.891,2.417,467.152,-66.747,1
1785492555,614457520,388.148,1.442,389.475,-200.244,1
1785492555,814758057,280.687,2.836,283.402,0.0,1
1785492555,881530518,270.22,1.465,271.514,-66.772,1
1785492555,948305420,257.938,1.528,259.361,66.778,1
1785492556,15083008,242.139,1.648,243.664,66.78,1
1785492556,81863281,228.73,1.417,230.039,0.0,1
1785492556,148646240,241.578,1.442,242.911,0.0,1
1785492556,215431885,261.352,1.332,262.588,0.0,1
1785492556,282220215,258.991,2.761,261.633,0.0,1
1785492556,349011230,265.964,1.468,267.306,0.0,1
1785492556,415804932,274.038,1.428,275.361,0.0,1
1785492556,482601318,274.025,1.406,275.272,0.0,1
1785492556,549400391,278.775,1.597,280.277,0.0,1
1785492556,616200928,284.588,1.51,285.871,0.0,1
1785492556,682906738,287.197,1.394,288.493,0.0,1
1785492556,749617920,292.948,1.469,294.314,0.0,1
1785492556,816329102,293.446,1.355,294.704,0.0,1
1785492556,883040039,300.957,1.401,302.259,0.0,1
1785492556,949751221,299.257,1.477,300.633,0.0,1
1785492557,16462158,309.842,2.446,312.18,0.0,1
1785492557,83173340,327.133,2.244,328.948,66.711,1
1785492557,149884521,318.147,1.583,319.624,0.0,1
1785492557,216595459,321.571,1.905,323.25,0.0,1
1785492557,283306641,323.95,1.42,325.265,0.0,1
1785492557,350017578,326.825,2.061,328.77,0.0,1
1785492557,416728760,343.535,18.41,361.769,0.0,1
1785492557,483439697,338.247,1.497,339.586,-66.711,1
1785492557,550150879,332.894,1.366,334.103,-133.422,1
1785492557,616861816,339.67,1.326,340.897,0.0,1
1785492557,683573486,351.236,1.401,352.526,0.0,1
1785492557,750284912,351.222,1.364,352.491,0.0,1
1785492557,816996338,355.531,1.36,356.798,0.0,1
1785492557,883708008,361.331,1.317,362.541,0.0,1
1785492557,950419434,365.007,1.444,366.296,0.0,1
1785492558,17130859,372.106,1.628,373.621,0.0,1
1785492558,83842529,385.472,1.611,386.971,0.0,1
1785492558,150553955,390.442,1.392,391.723,0.0,1
1785492558,217265381,389.55,1.543,390.994,-66.711,1
1785492558,283976807,392.681,1.779,394.348,0.0,1
1785492558,350688232,397.854,1.58,399.242,0.0,1
1785492558,417399658,400.303,1.711,401.817,0.0,1
1785492558,484111084,399.873,1.695,401.463,-66.711,1
1785492558,550822510,401.576,1.652,403.115,0.0,1
1785492558,684247559,352.075,1.259,353.24,0.0,1
1785492558,884385010,315.959,1.891,317.599,0.0,1
1785492558,951097656,317.989,1.514,319.401,0.0,1
1785492559,17810303,344.301,2.753,346.927,0.0,1
1785492559,84522705,329.85,1.507,331.253,-66.712,1
1785492559,151235352,344.659,1.551,346.106,0.0,1
1785492559,217947998,350.409,1.401,351.713,0.0,1
1785492559,284660400,360.781,1.609,362.275,0.0,1
1785492559,418085693,355.09,1.441,356.427,0.0,1
1785492559,484798340,354.487,1.359,355.742,0.0,1
1785492559,551510742,358.623,1.428,359.95,0.0,1
1785492559,618216797,358.458,1.348,359.704,0.0,1
1785492559,684960449,358.345,1.346,359.584,0.0,1
1785492559,751705322,375.699,1.24,376.85,0.0,1
1785492559,818451416,373.134,1.52,374.554,0.0,1
1785492559,885198486,380.262,1.537,381.669,0.0,1
1785492559,951946777,385.565,1.257,386.731,0.0,1
1785492560,18696289,396.802,2.115,398.808,0.0,1
1785492560,85446777,399.706,1.304,400.854,0.0,1
1785492560,152198486,413.08,1.589,414.571,0.0,1
1785492560,218951172,423.406,1.815,425.119,0.0,1
1785492560,352460449,365.992,1.438,367.326,-133.509,1
1785492560,419216553,352.401,1.748,354.04,-200.265,1
1785492560,485974121,338.675,2.274,340.699,66.759,1
1785492560,552732666,316.132,1.701,317.723,0.0,1
1785492560,619491699,311.711,1.301,312.917,0.0,1
1785492560,686207275,329.097,1.329,330.33,0.0,1
1785492560,752921387,339.022,1.502,340.422,0.0,1
1785492560,819635254,347.877,1.355,349.082,0.0,1
1785492560,886349121,352.587,1.38,353.815,0.0,1
1785492560,953062744,357.305,1.38,358.532,0.0,1
1785492561,19776611,367.586,1.583,369.057,0.0,1
1785492561,86490479,378.232,2.326,380.41,0.0,1
1785492561,153204102,382.136,1.685,383.72,0.0,1
1785492561,219917969,388.823,1.688,390.4,0.0,1
1785492561,286631592,395.718,1.704,397.319,0.0,1
1785492561,353345215,401.755,1.437,403.083,0.0,1
1785492561,420059082,414.293,1.767,415.951,0.0,1
1785492561,486772705,411.246,1.782,412.923,0.0,1
1785492561,553486328,410.565,1.353,411.827,0.0,1
1785492561,687253662,348.884,1.499,350.287,0.0,1
1785492561,754140869,331.384,1.94,333.201,66.89,1
1785492561,821030762,317.582,1.389,318.861,66.892,1
1785492561,887922852,311.035,1.446,312.377,0.0,1
1785492561,954817383,310.408,1.248,311.565,0.0,1
1785492562,21714111,317.928,1.725,319.548,0.0,1
1785492562,88613525,323.199,1.624,324.718,0.0,1
1785492562,155515137,346.28,1.822,347.827,0.0,1
1785492562,222419434,332.654,2.605,335.142,-66.904,1
1785492562,289325928,340.221,1.538,341.653,0.0,1
1785492562,356234863,363.33,1.939,365.121,0.0,1
1785492562,423146240,362.393,1.321,363.617,0.0,1
1785492562,490059814,362.208,1.868,363.968,0.0,1
1785492562,556973877,364.172,1.975,366.023,0.0,1
1785492562,623706055,365.189,3.31,368.38,0.0,1
1785492562,690403320,371.294,1.865,373.055,-66.697,1
1785492562,757100098,371.054,1.836,372.785,0.0,1
1785492562,823796387,379.482,1.258,380.647,0.0,1
1785492562,890492432,378.659,2.264,380.813,0.0,1
1785492562,957187988,382.313,1.652,383.861,0.0,1
1785492563,23883057,389.777,2.227,391.63,0.0,1
1785492563,90578125,393.977,1.81,395.674,0.0,1
1785492563,157272461,409.577,1.998,411.462,0.0,1
1785492563,223966553,403.281,2.786,405.668,0.0,1
1785492563,290660400,431.692,1.539,433.132,0.0,1
1785492563,357353760,431.004,1.606,432.506,0.0,1
1785492563,424046631,431.124,1.707,432.729,0.0,1
1785492563,557431396,365.181,1.85,366.771,0.0,1
1785492563,690853271,305.916,1.631,307.444,0.0,1
1785492563,757550293,309.603,1.754,311.254,0.0,1
1785492563,824247070,317.02,2.175,319.072,0.0,1
1785492563,957639404,311.203,1.485,312.591,0.0,1
1785492564,24334961,313.732,1.285,314.919,0.0,1
1785492564,91030518,319.249,2.03,321.139,0.0,1
1785492564,157725342,328.383,1.715,329.994,0.0,1
1785492564,224420166,341.334,1.917,343.046,0.0,1
1785492564,291114258,349.316,6.756,355.95,66.694,1
1785492564,357808350,339.211,1.688,340.787,0.0,1
1785492564,424501953,337.12,3.978,340.983,0.0,1
1785492564,491195313,364.433,1.62,365.926,0.0,1
1785492564,557888184,357.203,1.4,358.508,-66.693,1
1785492564,624580566,362.283,1.946,364.119,0.0,1
1785492564,691277832,373.421,2.003,375.319,0.0,1
1785492564,757974854,384.742,1.912,386.546,0.0,1
1785492564,824671387,381.396,3.171,384.452,0.0,1
1785492564,891367432,382.875,2.384,385.151,0.0,1
1785492564,958063477,382.89,1.86,384.639,0.0,1
1785492565,24759033,390.486,2.514,392.809,0.0,1
1785492565,91454346,405.559,2.284,407.708,66.695,1
1785492565,158149414,386.635,1.416,387.953,0.0,1
1785492565,224843994,399.351,1.999,401.241,0.0,1
1785492565,291538330,405.115,2.02,407.013,0.0,1
1785492565,358232422,403.989,2.567,406.441,0.0,1
1785492565,424926025,405.873,2.465,408.132,0.0,1
1785492565,558312744,349.528,2.005,351.156,0.0,1
1785492565,625005859,343.352,1.802,345.041,66.725,1
1785492565,691730469,336.064,1.829,337.784,66.698,1
1785492565,758428955,336.092,1.909,337.721,66.698,1
1785492565,825127197,318.636,4.121,322.081,66.698,1
1785492565,891825195,306.018,2.087,307.988,66.698,1
1785492565,958522705,301.699,2.03,303.602,66.697,1
1785492566,25219971,286.806,1.542,288.226,0.0,1
1785492566,91916992,299.642,1.489,300.928,0.0,1
1785492566,158613770,308.158,1.46,309.437,0.0,1
1785492566,225310059,323.669,1.704,325.264,0.0,1
1785492566,292006104,330.048,1.748,331.633,0.0,1
1785492566,358701904,333.798,2.081,335.76,0.0,1
1785492566,425397461,341.719,1.441,343.062,0.0,1
1785492566,492092529,342.713,1.632,344.243,0.0,1
1785492566,558787598,344.055,1.715,345.669,0.0,1
1785492566,625482178,347.363,1.831,349.082,0.0,1
1785492566,692180420,351.955,1.504,353.342,0.0,1
1785492566,758878418,360.783,1.264,361.952,0.0,1
1785492566,825575928,376.542,1.266,377.715,0.0,1
1785492566,892273438,384.912,1.291,386.106,0.0,1
1785492566,958970459,397.394,1.583,398.873,0.0,1
1785492567,25667236,414.307,1.489,415.696,0.0,1
1785492567,92363770,437.147,2.243,439.119,0.0,1
1785492567,159060059,428.388,1.602,429.885,0.0,1
1785492567,292451660,378.4,1.349,379.638,0.0,1
1785492567,425842041,339.916,2.329,342.138,0.0,1
1785492567,492536865,336.391,1.828,337.97,0.0,1
1785492567,559231201,347.944,3.6,351.29,0.0,1
1785492567,625925781,347.982,1.912,349.753,0.0,1
1785492567,692625488,346.387,1.287,347.578,0.0,1
1785492567,759324951,346.514,1.264,347.685,0.0,1
1785492567,826023926,357.562,2.729,358.937,0.0,1
1785492567,892722900,362.614,1.809,364.315,-66.699,1
1785492567,959421387,387.058,3.572,390.496,0.0,1
1785492568,26119629,379.161,1.413,380.483,0.0,1
1785492568,92817627,423.278,1.481,424.657,0.0,1
1785492568,159515381,420.206,1.242,421.354,0.0,1
1785492568,226212891,427.297,1.471,428.652,0.0,1
1785492568,292909912,443.197,1.998,445.064,0.0,1
1785492568,359606689,446.553,1.669,448.087,0.0,1
1785492568,492999756,376.072,1.333,377.311,0.0,1
1785492568,626391602,326.15,1.466,327.509,0.0,1
1785492568,693145996,322.564,1.683,324.096,-66.754,1
1785492568,759846436,321.765,1.261,322.935,0.0,1
1785492568,826546631,327.737,1.423,329.064,0.0,1
1785492568,893246582,337.93,1.438,339.264,0.0,1
1785492568,959946045,353.911,4.578,358.295,0.0,1
1785492569,26645508,354.737,1.685,356.308,0.0,1
1785492569,93344482,351.697,1.59,353.179,0.0,1
1785492569,160043457,372.358,2.636,374.819,0.0,1
1785492569,226741943,372.266,1.641,373.565,0.0,1
1785492569,360138184,370.71,1.811,372.412,0.0,1
1785492569,426835693,370.795,1.886,372.213,-66.698,1
1785492569,493533203,366.677,1.288,367.866,0.0,1
1785492569,560230469,363.61,1.522,365.033,0.0,1
1785492569,626927246,388.619,1.776,390.271,0.0,1
1785492569,693623535,381.369,1.247,382.525,0.0,1
1785492569,760319336,388.993,1.346,390.247,0.0,1
1785492569,827014893,399.142,1.651,400.687,0.0,1
1785492569,893710205,401.442,1.516,402.855,0.0,1
1785492569,960405029,413.65,8.195,416.92,0.0,1
1785492570,27099609,411.618,2.18,413.48,0.0,1
1785492570,160487793,374.633,1.954,376.447,0.0,1
1785492570,227181396,363.165,1.526,364.589,66.693,1
1785492570,293874512,360.199,3.148,363.227,66.693,1
1785492570,360567627,351.125,1.298,352.298,66.692,1
1785492570,427260010,338.979,2.403,341.265,66.692,1
1785492570,493952148,326.845,1.543,328.27,66.692,1
1785492570,560644043,313.294,1.548,314.638,0.0,1
1785492570,627335938,319.084,1.354,320.347,0.0,1
1785492570,694079590,325.721,2.529,328.123,0.0,1
1785492570,760779053,321.408,1.531,322.843,0.0,1
1785492570,827478271,329.79,1.448,331.135,0.0,1
1785492570,894177246,328.3,1.401,329.606,0.0,1
1785492570,960875977,330.788,3.113,333.793,0.0,1
1785492571,27574219,334.712,2.265,336.851,0.0,1
1785492571,160970215,337.995,1.675,339.548,0.0,1
1785492571,227667725,338.902,2.045,340.827,0.0,1
1785492571,294364990,333.853,1.48,335.234,-66.697,1
1785492571,361061768,342.719,1.446,344.056,0.0,1
1785492571,427758545,342.352,4.939,347.156,-66.697,1
1785492571,494454834,341.881,1.315,343.096,0.0,1
1785492571,561150879,344.16,1.381,345.449,0.0,1
1785492571,627846680,342.107,1.413,343.381,-66.696,1
1785492571,694543701,351.079,2.517,353.444,0.0,1
1785492571,827937012,345.932,1.359,347.199,0.0,1
1785492571,894633057,342.636,1.316,343.854,0.0,1
1785492571,961328613,345.98,1.367,347.249,0.0,1
1785492572,94719238,351.612,1.402,352.902,0.0,1
1785492572,161414063,380.064,1.628,381.572,66.694,1
1785492572,228108398,384.142,1.752,385.646,66.694,1
1785492572,294802490,369.211,1.462,370.566,66.694,1
1785492572,361496338,370.303,2.83,373.01,66.693,1
1785492572,494882813,345.639,1.377,346.919,0.0,1
1785492572,561575439,345.476,1.717,347.086,0.0,1
1785492572,628268311,347.173,1.339,348.41,-66.693,1
1785492572,694967773,370.09,1.544,371.519,66.699,1
1785492572,761667236,362.41,1.563,363.86,66.699,1
1785492572,895065186,345.294,1.357,346.555,0.0,1
1785492572,961763672,345.63,1.781,347.18,0.0,1
1785492573,28461914,384.379,2.145,386.327,0.0,1
1785492573,95159912,371.586,1.916,373.373,-66.698,1
1785492573,161857666,367.824,4.425,372.122,-133.396,1
1785492573,295252197,362.034,1.665,363.222,0.0,1
1785492573,361948975,363.725,1.311,364.913,0.0,1
1785492573,428645508,365.085,1.686,366.65,0.0,1
1785492573,495341797,363.213,1.485,364.589,-66.696,1
1785492573,628733643,356.507,1.452,357.857,0.0,1
1785492573,695582764,368.027,1.586,369.504,0.0,1
1785492573,762433594,378.596,1.977,380.378,0.0,1
1785492573,829286133,369.837,1.926,371.572,-66.853,1
1785492573,962996094,375.227,2.092,377.199,0.0,1
1785492574,29853760,368.53,1.415,369.842,0.0,1
1785492574,96712891,404.978,1.904,406.757,0.0,1
1785492574,230436279,385.303,1.779,386.823,0.0,1
1785492574,297300537,391.731,1.719,393.33,0.0,1
1785492574,364166504,388.237,1.428,389.566,0.0,1
1785492574,431034180,391.692,1.415,393.002,-66.868,1
1785492574,497903564,392.427,1.325,393.649,0.0,1
1785492574,631645264,390.0,1.716,391.608,0.0,1
1785492574,764855713,388.884,4.492,393.246,0.0,1
1785492574,831690430,382.761,1.293,383.963,0.0,1
1785492574,898526611,396.604,1.835,398.333,0.0,1
1785492574,965364258,423.694,4.782,426.515,66.839,1
1785492575,32203369,425.02,1.837,426.532,66.84,1
1785492575,99043701,412.214,1.555,413.668,0.0,1
1785492575,232729004,357.408,1.65,358.945,0.0,1
1785492575,299573730,359.173,1.539,360.602,66.846,1
1785492575,366419678,348.692,1.642,350.214,0.0,1
1785492575,433267334,329.202,1.405,330.511,-66.848,1
1785492575,500116211,334.488,1.314,335.708,0.0,1
1785492575,566966553,343.787,1.552,345.238,0.0,1
1785492575,633818359,340.754,1.496,342.071,0.0,1
1785492575,701220703,338.24,5.422,343.536,0.0,1
1785492575,767893799,340.663,1.836,342.165,0.0,1
1785492575,834566406,333.056,1.758,334.711,-66.673,1
1785492575,901238037,336.692,3.172,339.687,0.0,1
1785492575,967909180,336.258,2.133,338.282,0.0,1
1785492576,101248779,331.726,2.257,333.699,0.0,1
1785492576,167917236,333.389,2.172,335.45,0.0,1
1785492576,234585205,343.942,2.342,346.175,0.0,1
1785492576,301252441,344.267,1.284,345.455,0.0,1
1785492576,367918701,352.181,1.474,353.497,0.0,1
1785492576,434584473,364.463,1.492,365.754,0.0,1
1785492576,501249268,375.939,1.65,377.486,0.0,1
1785492576,567913330,383.618,1.324,384.855,0.0,1
1785492576,701205566,385.045,1.491,386.434,0.0,1
1785492576,767878906,387.826,2.405,390.077,0.0,1
1785492576,834551270,387.69,2.092,389.443,0.0,1
1785492576,901222900,382.483,1.307,383.689,0.0,1
1785492576,967893799,396.474,1.339,397.709,0.0,1
1785492577,34563965,409.259,1.307,410.468,0.0,1
1785492577,167901855,411.029,1.425,412.354,0.0,1
1785492577,234569580,421.61,1.993,423.472,0.0,1
1785492577,434567871,288.952,1.464,290.256,-66.665,1
1785492577,501232422,306.455,2.23,308.557,0.0,1
1785492577,567896240,296.963,1.638,298.485,0.0,1
1785492577,634559326,291.56,1.311,292.778,0.0,1
1785492577,701221436,295.617,1.461,296.987,0.0,1
1785492577,767395752,305.151,1.389,306.424,0.0,1
1785492577,834298340,316.361,1.434,317.695,0.0,1
1785492577,901204346,319.978,1.514,321.381,0.0,1
1785492577,968113770,332.883,1.818,334.589,0.0,1
1785492578,35026611,346.968,1.497,348.34,0.0,1
1785492578,168862793,343.119,1.389,344.412,0.0,1
1785492578,302712646,350.592,1.447,351.924,0.0,1
1785492578,436576660,354.465,3.52,357.86,0.0,1
1785492578,503513672,352.613,1.947,354.43,0.0,1
1785492578,570454346,340.144,1.521,341.569,0.0,1
1785492578,637398438,352.363,1.42,353.689,0.0,1
1785492578,704727051,351.373,1.321,352.599,0.0,1
1785492578,771552490,380.991,1.865,382.728,66.826,1
1785492578,838378906,370.746,1.774,372.404,0.0,1
1785492578,905206787,367.797,1.296,368.997,0.0,1
1785492578,972035889,369.205,1.526,370.625,0.0,1
1785492579,38866211,389.759,1.46,391.121,0.0,1
1785492579,105697998,400.755,7.508,408.145,0.0,1
1785492579,172530762,408.94,1.419,410.25,0.0,1
1785492579,239364990,424.536,2.939,427.334,0.0,1
1785492579,306200439,459.3,1.762,460.949,0.0,1
1785492579,439875000,440.433,2.181,442.483,0.0,1
1785492579,506714355,445.841,2.634,448.36,66.84,1
1785492579,573554688,441.628,4.316,445.817,0.0,1
1785492579,640396484,467.695,2.581,470.155,133.36,1
1785492579,840435303,323.53,2.747,326.161,66.678,1
1785492579,973791016,299.374,1.347,300.611,0.0,1
1785492580,40468018,333.004,1.766,334.611,66.676,1
1785492580,107144043,343.707,2.62,346.224,66.676,1
1785492580,173819580,329.876,2.039,331.796,66.675,1
1785492580,240494141,338.643,1.352,339.895,0.0,1
1785492580,307168213,349.886,1.695,351.215,0.0,1
1785492580,440514160,374.421,1.651,375.96,66.672,1
1785492580,507186035,352.526,1.439,353.869,0.0,1
1785492580,573857178,359.703,1.399,360.984,0.0,1
1785492580,640528809,383.264,2.261,385.313,0.0,1
1785492580,707542969,376.47,1.828,378.193,0.0,1
1785492580,774201904,380.107,1.35,381.358,0.0,1
1785492580,840859863,385.297,1.506,386.632,0.0,1
1785492580,907516846,382.944,1.382,384.226,-66.657,1
1785492580,974172607,381.116,1.677,382.63,0.0,1
1785492581,40827393,397.114,1.504,398.512,0.0,1
1785492581,107481201,406.762,1.58,408.244,0.0,1
1785492581,174133789,413.883,1.423,415.207,0.0,1
1785492581,240785645,414.688,1.597,416.181,0.0,1
1785492581,307436279,416.15,1.388,417.434,0.0,1
1785492581,440734131,366.406,1.619,367.896,0.0,1
1785492581,507381592,349.115,1.438,350.45,66.646,1
1785492581,574028076,322.192,1.861,323.887,0.0,1
1785492581,640673340,310.836,1.313,312.053,0.0,1
1785492581,707317871,314.005,1.306,315.216,0.0,1
1785492581,773932861,315.139,1.447,316.422,0.0,1
1785492581,840589844,320.899,1.328,322.13,0.0,1
1785492581,907245605,332.328,1.308,333.54,0.0,1
1785492581,973900391,336.692,1.506,338.068,0.0,1
1785492582,40554199,348.718,1.649,350.239,0.0,1
1785492582,107206787,362.459,2.525,364.844,0.0,1
1785492582,173858398,385.442,1.415,386.751,66.651,1
1785492582,240509033,381.521,2.432,383.798,66.649,1
1785492582,307158447,372.464,1.632,373.931,0.0,1
1785492582,373806885,373.96,1.462,375.302,0.0,1
1785492582,440454102,379.345,1.99,381.229,0.0,1
1785492582,507100342,378.991,1.483,380.378,0.0,1
1785492582,573745605,382.423,1.636,383.948,0.0,1
1785492582,640389893,385.305,1.475,386.671,0.0,1
1785492582,706984619,388.049,1.394,389.343,0.0,1
1785492582,773643066,393.629,1.528,395.054,0.0,1
1785492582,840300537,395.555,1.773,397.219,0.0,1
1785492582,906956787,409.204,1.754,410.839,0.0,1
1785492583,40266357,351.146,1.405,352.448,0.0,1
1785492583,173571533,295.784,1.45,297.135,0.0,1
1785492583,240222656,311.27,1.643,312.791,0.0,1
1785492583,373521484,304.802,1.459,306.161,0.0,1
1785492583,440169434,314.712,1.406,316.015,0.0,1
1785492583,506816162,315.469,1.513,316.874,0.0,1
1785492583,573461914,315.979,1.711,317.577,0.0,1
1785492583,640106689,319.918,1.476,321.2,0.0,1
1785492583,706750244,321.368,1.738,323.003,0.0,1
1785492583,773359131,326.057,4.586,329.654,-66.609,1
1785492583,840017822,330.373,1.714,331.985,0.0,1
1785492583,906675781,333.365,2.077,335.193,0.0,1
1785492583,973332520,335.338,1.85,337.082,0.0,1
1785492584,39988525,343.399,1.432,344.726,0.0,1
1785492584,106643066,347.876,1.467,349.238,0.0,1
1785492584,173296875,352.955,1.459,354.314,0.0,1
1785492584,239949707,378.691,2.103,380.659,66.652,1
1785492584,306601318,370.248,1.732,371.859,0.0,1
1785492584,373251953,381.181,1.873,382.92,0.0,1
1785492584,439901367,379.355,1.552,380.799,0.0,1
1785492584,506550049,374.482,1.624,376.001,0.0,1
1785492584,573197510,383.575,1.601,385.074,0.0,1
1785492584,639843994,386.272,1.392,387.565,0.0,1
1785492584,706445801,390.655,1.246,391.813,0.0,1
1785492584,773104980,398.968,2.121,400.969,0.0,1
1785492584,839763184,403.797,2.222,405.858,0.0,1
1785492584,906420410,407.177,1.629,408.69,0.0,1
1785492585,39731445,352.578,1.634,354.11,0.0,1
1785492585,106385498,343.108,1.428,344.438,66.653,1
1785492585,173038574,325.688,12.274,337.836,0.0,1
1785492585,239690430,359.085,1.298,360.278,66.651,1
1785492585,306341309,329.026,1.719,330.639,0.0,1
1785492585,372990967,332.85,2.006,334.75,0.0,1
1785492585,439639893,350.274,2.87,352.927,0.0,1
1785492585,506287598,352.088,1.575,353.376,0.0,1
1785492585,572934326,356.52,1.418,357.841,0.0,1
1785492585,639580078,372.43,1.479,373.724,0.0,1
1785492585,706177490,376.696,1.397,377.995,0.0,1
1785492585,772837158,378.258,1.803,379.959,0.0,1
1785492585,839495605,377.165,1.693,378.752,0.0,1
1785492585,906153076,375.309,1.532,376.712,0.0,1
1785492585,972809326,378.056,1.682,379.634,0.0,1
1785492586,39464844,377.723,1.458,379.078,0.0,1
1785492586,106119141,386.567,1.452,387.914,0.0,1
1785492586,239424561,390.115,1.487,391.492,0.0,1
1785492586,306075684,404.369,1.738,405.983,-66.651,1
1785492586,439375000,401.712,1.689,403.179,-199.95,1
1785492586,506022949,400.222,1.537,401.648,0.0,1
1785492586,705960938,276.778,1.558,278.238,-66.645,1
1785492586,772604736,278.503,1.411,279.814,0.0,1
1785492586,839254395,280.183,1.456,281.538,0.0,1
1785492586,905902832,279.77,1.389,281.057,0.0,1
1785492586,972550049,283.3,2.23,285.403,0.0,1
1785492587,105841064,280.503,1.309,281.71,0.0,1
1785492587,172484619,283.475,1.461,284.835,0.0,1
1785492587,305768311,280.562,1.444,281.901,0.0,1
1785492587,372408447,283.804,1.577,285.273,0.0,1
1785492587,439047363,286.046,2.032,287.957,0.0,1
1785492587,505685059,305.704,1.716,307.284,66.636,1
1785492587,572321533,287.855,1.389,289.15,0.0,1
1785492587,638956787,283.893,1.476,285.272,0.0,1
1785492587,705590820,296.658,3.142,299.683,0.0,1
1785492587,772295410,305.736,1.539,307.178,0.0,1
1785492587,838952393,311.808,1.408,313.125,-66.657,1
1785492587,905608154,315.029,1.4,316.336,0.0,1
1785492587,972262695,315.487,1.596,316.876,0.0,1
1785492588,38916504,335.778,3.912,339.569,0.0,1
1785492588,105569092,330.639,1.46,331.995,0.0,1
1785492588,172220459,357.428,1.346,358.677,0.0,1
1785492588,238871094,386.184,1.303,387.39,0.0,1
1785492588,305520508,386.047,1.394,387.327,0.0,1
1785492588,438815918,389.623,1.413,390.938,0.0,1
1785492588,572107422,397.224,1.418,398.532,0.0,1
1785492588,638751465,404.364,1.799,406.057,0.0,1
1785492588,772048828,341.09,1.317,342.3,0.0,1
1785492588,838695557,333.404,1.497,334.794,66.646,1
1785492588,905341064,315.943,1.588,317.424,66.644,1
1785492588,971985107,309.236,1.406,310.541,0.0,1
1785492589,38627930,314.319,1.774,315.876,0.0,1
1785492589,105269287,322.085,1.364,323.353,0.0,1
1785492589,171909424,322.023,1.379,323.304,0.0,1
1785492589,238548340,335.019,1.304,336.219,0.0,1
1785492589,305185791,336.547,1.576,338.023,0.0,1
1785492589,371821777,345.492,1.654,347.016,0.0,1
1785492589,438456543,375.965,1.651,377.499,66.634,1
1785492589,505090088,366.433,2.812,369.125,66.632,1
1785492589,571722168,359.707,1.723,361.31,0.0,1
1785492589,638353516,353.979,1.308,355.185,0.0,1
1785492589,705029785,352.972,1.458,354.323,-66.676,1
1785492589,771768311,354.267,1.37,355.446,0.0,1
1785492589,838508301,353.511,1.435,354.807,0.0,1
1785492589,905249268,372.129,1.343,373.378,0.0,1
1785492589,971991455,397.238,3.867,400.869,66.743,1
1785492590,38734863,381.172,1.394,382.449,0.0,1
1785492590,105479492,407.613,4.672,412.153,0.0,1
1785492590,172225098,410.272,1.76,411.917,0.0,1
1785492590,238972168,413.031,1.409,414.243,0.0,1
1785492590,305720215,418.113,1.602,419.612,0.0,1
1785492590,372469482,429.661,1.325,430.892,0.0,1
1785492590,505971680,370.831,1.65,372.383,0.0,1
1785492590,572724365,361.877,2.672,364.419,66.754,1
1785492590,639478516,351.898,2.04,353.717,66.754,1
1785492590,706232666,331.857,1.361,333.119,0.0,1
1785492590,772781250,346.229,1.316,347.439,0.0,1
1785492590,839533691,352.29,1.31,353.506,0.0,1
1785492590,906287598,355.953,1.291,357.154,0.0,1
1785492590,973042725,362.615,1.376,363.887,0.0,1
1785492591,39799316,372.758,1.343,373.952,0.0,1
1785492591,106557617,389.328,1.327,390.564,0.0,1
1785492591,173317139,404.679,1.427,405.999,0.0,1
1785492591,240078125,410.576,1.514,411.904,0.0,1
1785492591,306840576,413.682,1.287,414.877,0.0,1
1785492591,373604492,428.665,1.548,430.091,0.0,1
1785492591,440369629,426.686,1.328,427.877,0.0,1
1785492591,573904541,373.35,1.738,374.956,0.0,1
1785492591,640674316,351.808,1.401,353.103,66.771,1
1785492591,774395264,315.264,1.303,316.472,0.0,1
1785492591,841081055,320.666,1.337,321.896,0.0,1
1785492591,907766113,322.351,1.344,323.597,0.0,1
1785492591,974450684,327.772,1.291,328.97,0.0,1
1785492592,41134766,353.183,1.879,354.935,0.0,1
1785492592,107818359,341.936,1.657,343.466,0.0,1
1785492592,174501221,360.791,1.419,362.104,0.0,1
1785492592,241183594,367.007,1.568,368.478,0.0,1
1785492592,307865479,378.17,1.779,379.807,0.0,1
1785492592,441227539,379.492,2.137,381.505,0.0,1
1785492592,574587402,374.233,1.49,375.625,0.0,1
1785492592,641266602,390.329,3.222,393.401,66.653,1
1785492592,707919434,374.697,2.213,376.56,0.0,1
1785492592,774606201,365.8,1.406,367.11,0.0,1
1785492592,841292236,393.752,2.185,395.798,0.0,1
1785492592,974663086,393.568,1.643,395.107,0.0,1
1785492593,41347656,422.632,1.871,424.394,0.0,1
1785492593,108031738,458.599,12.271,470.744,66.684,1
1785492593,174715332,463.818,2.254,465.949,66.683,1
1785492593,241398193,449.513,1.992,451.167,0.0,1
1785492593,374762695,397.078,2.216,399.139,0.0,1
1785492593,441444092,398.437,2.046,400.346,66.681,1
1785492593,508125000,388.758,5.665,394.139,66.68,1
1785492593,574805420,380.787,3.198,383.867,66.68,1
1785492593,641485107,369.734,2.296,371.912,66.679,1
1785492593,708164551,356.716,1.967,358.556,66.505,1
1785492593,774669189,344.637,1.612,346.137,0.0,1
1785492593,841433594,339.174,1.799,340.865,0.0,1
1785492593,908199463,345.442,1.649,346.992,0.0,1
1785492593,974967041,348.76,1.419,350.087,0.0,1
1785492594,41736328,373.159,1.355,374.42,0.0,1
1785492594,108507324,381.631,1.289,382.829,0.0,1
1785492594,175280029,400.72,1.783,402.376,0.0,1
1785492594,308830078,390.623,1.583,392.09,0.0,1
1785492594,375607666,388.385,1.703,389.707,0.0,1
1785492594,442386963,390.671,1.798,392.358,0.0,1
1785492594,509167725,387.702,1.659,389.262,0.0,1
1785492594,575950439,392.549,1.696,394.144,0.0,1
1785492594,642734619,391.453,1.505,392.858,0.0,1
1785492594,709542236,388.197,2.455,390.539,0.0,1
1785492594,776321533,403.852,1.736,405.398,0.0,1
1785492594,909886719,345.228,1.345,346.479,0.0,1
1785492595,43459717,285.095,1.406,286.406,0.0,1
1785492595,110249268,290.416,1.489,291.805,0.0,1
1785492595,177040771,289.175,1.423,290.499,-66.792,1
1785492595,243834229,323.341,2.181,325.385,66.796,1
1785492595,310629883,302.884,1.354,304.147,0.0,1
1785492595,377427246,305.77,1.401,307.078,0.0,1
1785492595,444226807,306.058,1.473,307.426,0.0,1
1785492595,511028320,306.544,1.42,307.87,0.0,1
1785492595,577832031,309.209,1.497,310.596,0.0,1
1785492595,644637451,305.275,1.445,306.603,0.0,1
1785492595,711445068,304.601,1.294,305.8,0.0,1
1785492595,778447998,305.049,1.393,306.35,0.0,1
1785492595,845163330,307.596,3.401,310.882,0.0,1
1785492595,911878418,307.204,1.237,308.352,0.0,1
1785492595,978593750,306.451,1.234,307.597,0.0,1
1785492596,45308838,314.135,2.185,315.988,0.0,1
1785492596,112024170,311.044,1.406,312.351,0.0,1
1785492596,178739502,309.905,1.36,311.168,0.0,1
1785492596,245454590,328.97,1.733,330.584,0.0,1
1785492596,378885254,311.415,1.239,312.563,0.0,1
1785492596,445600342,334.544,1.907,336.241,66.715,1
1785492596,512315674,315.458,1.458,316.817,0.0,1
1785492596,579031006,314.482,1.35,315.724,0.0,1
1785492596,645746338,316.531,1.686,318.089,0.0,1
1785492596,712461670,314.076,1.442,315.374,0.0,1
1785492596,778847900,314.984,1.34,316.228,0.0,1
1785492596,845726563,321.457,3.824,325.114,0.0,1
1785492596,912607666,322.982,3.292,326.13,0.0,1
1785492596,979490723,317.039,1.643,318.565,0.0,1
1785492597,46376221,310.917,1.484,312.299,0.0,1
1785492597,113263672,336.423,1.523,337.84,0.0,1
1785492597,180153320,350.847,1.293,352.042,0.0,1
1785492597,247045166,364.451,1.388,365.746,0.0,1
1785492597,313939209,377.888,1.36,379.157,0.0,1
1785492597,380835205,378.978,1.467,380.341,0.0,1
1785492597,447733643,390.849,1.646,392.395,0.0,1
1785492597,514634033,392.814,2.719,395.423,0.0,1
1785492597,581536621,394.43,1.411,395.745,0.0,1
1785492597,648441406,393.045,1.976,394.278,0.0,1
1785492597,715337402,395.32,3.959,399.17,0.0,1
1785492597,849135986,335.503,2.111,337.505,0.0,1
1785492597,982944092,285.231,1.415,286.55,0.0,1
1785492598,49851563,302.393,1.566,303.857,0.0,1
1785492598,116761230,309.355,1.703,310.957,0.0,1
1785492598,183673340,316.557,1.496,317.956,0.0,1
1785492598,317504395,318.431,2.173,320.493,0.0,1
1785492598,384423340,322.204,1.409,323.438,0.0,1
1785492598,451344482,318.721,1.355,319.985,0.0,1
1785492598,518268066,325.401,1.331,326.643,0.0,1
1785492598,585193848,335.2,1.871,336.946,0.0,1
1785492598,652119873,338.162,1.43,339.486,0.0,1
1785492598,785548096,346.052,1.971,347.899,66.684,1
1785492598,852231689,336.499,3.487,339.861,0.0,1
1785492598,918914551,335.261,1.643,336.722,0.0,1
1785492598,985596924,329.971,1.499,331.371,0.0,1
1785492599,52278809,345.737,1.304,346.941,0.0,1
1785492599,118959961,354.84,1.446,356.185,0.0,1
1785492599,185640625,374.452,1.635,375.978,66.68,1
1785492599,319000244,355.308,1.416,356.626,0.0,1
1785492599,385679199,357.905,1.395,359.138,0.0,1
1785492599,452357666,357.145,1.487,358.514,-66.678,1
1785492599,519035645,355.055,1.405,356.362,0.0,1
1785492599,585712891,357.691,2.66,360.227,0.0,1
1785492599,652389648,361.545,2.039,363.438,0.0,1
1785492599,719066406,354.757,1.828,356.484,0.0,1
1785492599,785752197,359.03,1.688,360.553,0.0,1
1785492599,852437500,357.144,1.684,358.718,0.0,1
1785492599,919122314,354.769,1.711,356.38,0.0,1
1785492599,985806641,361.889,3.581,365.342,0.0,1
1785492600,52490234,359.209,1.927,361.03,0.0,1
1785492600,119173340,378.556,1.769,380.222,0.0,1
1785492600,185855957,386.717,1.402,387.982,0.0,1
1785492600,252538086,392.419,1.322,393.56,0.0,1
1785492600,319219727,394.845,1.427,396.176,0.0,1
1785492600,385900635,416.326,1.237,417.474,0.0,1
1785492600,519260986,357.936,1.506,359.326,0.0,1
1785492600,585940430,333.972,1.602,335.461,66.679,1
1785492600,719298340,309.282,1.38,310.567,0.0,1
1785492600,786139893,306.077,1.608,307.589,0.0,1
1785492600,852823486,312.843,2.339,314.899,0.0,1
1785492601,52870361,306.018,3.374,309.264,0.0,1
1785492601,119551514,307.95,1.451,309.304,0.0,1
1785492601,186232178,317.541,1.68,319.118,0.0,1
1785492601,252912109,328.629,2.136,330.621,0.0,1
1785492601,319591553,327.426,2.821,330.076,0.0,1
1785492601,386270508,324.206,1.452,325.558,-66.679,1
1785492601,452948730,322.566,1.298,323.77,0.0,1
1785492601,519626465,328.589,1.866,330.32,0.0,1
1785492601,586303467,336.369,4.585,340.835,0.0,1
1785492601,652979980,354.286,2.594,356.645,0.0,1
1785492601,719656006,348.123,1.492,349.511,66.656,1
1785492601,786312500,360.211,2.039,362.121,66.685,1
1785492601,852997070,350.027,2.267,351.995,66.684,1
1785492601,919681152,337.017,2.027,338.916,0.0,1
1785492601,986364746,355.003,1.341,356.242,0.0,1
1785492602,119730225,351.07,1.583,352.553,0.0,1
1785492602,186411865,360.282,1.434,361.611,0.0,1
1785492602,253093262,363.702,1.649,365.249,0.0,1
1785492602,319773926,379.298,1.601,380.787,0.0,1
1785492602,386454102,383.025,1.362,384.294,0.0,1
1785492602,453133789,385.205,1.61,386.713,0.0,1
1785492602,519812744,389.775,1.635,391.296,0.0,1
1785492602,586491455,402.026,1.878,403.797,0.0,1
1785492602,719995361,400.241,2.013,402.139,0.0,1
1785492602,853651123,336.655,2.019,338.556,0.0,1
1785492602,987312256,286.275,1.748,287.92,0.0,1
1785492603,54145020,308.43,2.661,310.901,0.0,1
1785492603,120978760,304.252,1.416,305.568,0.0,1
1785492603,321488281,322.358,1.46,323.723,0.0,1
1785492603,388327637,326.809,1.466,328.161,0.0,1
1785492603,455167969,343.576,2.873,346.175,0.0,1
1785492603,522009766,332.549,1.811,334.252,-66.842,1
1785492603,588853027,338.925,1.635,340.463,0.0,1
1785492603,655696045,344.708,1.506,346.117,0.0,1
1785492603,722434570,349.423,1.928,351.249,0.0,1
1785492603,789254395,353.529,1.767,355.193,0.0,1
1785492603,856075195,355.247,1.738,356.883,0.0,1
1785492603,922897217,356.795,1.452,358.151,0.0,1
1785492603,989720459,362.792,3.01,365.697,0.0,1
1785492604,56544678,368.053,1.418,369.365,0.0,1
1785492604,123370117,372.557,1.354,373.819,0.0,1
1785492604,190196777,406.994,1.227,408.134,0.0,1
1785492604,257024414,405.824,1.656,407.373,0.0,1
1785492604,323853271,407.972,1.661,409.532,0.0,1
1785492604,390683105,409.514,1.81,411.083,0.0,1
1785492604,457514160,408.538,1.78,410.215,0.0,1
1785492604,591179932,344.007,1.95,345.842,0.0,1
1785492604,658014404,343.371,1.553,344.694,66.834,1
1785492604,791595947,283.243,2.013,284.995,0.0,1
1785492604,858228760,286.285,1.652,287.624,0.0,1
1785492604,925032471,284.01,1.688,285.582,-66.804,1
1785492604,991836914,282.818,1.8,284.37,0.0,1
1785492605,58642334,287.738,1.925,289.555,0.0,1
1785492605,125448730,305.814,2.341,308.042,66.807,1
1785492605,192255859,297.408,1.818,299.124,0.0,1
1785492605,259063965,299.206,1.829,300.861,0.0,1
1785492605,325872803,315.076,1.828,316.455,0.0,1
1785492605,392682617,312.976,1.463,314.335,0.0,1
1785492605,526304688,307.153,1.67,308.719,0.0,1
1785492605,659930176,316.039,3.669,319.588,0.0,1
1785492605,726744385,306.225,2.402,308.502,0.0,1
1785492605,793559326,300.128,1.785,301.811,0.0,1
1785492605,860726807,320.137,6.048,322.547,0.0,1
1785492605,994008301,301.371,1.894,303.161,0.0,1
1785492606,60647217,303.936,2.059,305.717,0.0,1
1785492606,127284424,308.574,1.82,310.283,0.0,1
1785492606,193920654,337.923,1.641,339.461,0.0,1
1785492606,260555420,352.082,2.18,354.132,-66.635,1
1785492606,327188721,347.325,3.804,350.496,0.0,1
1785492606,393820801,344.053,2.041,345.979,0.0,1
1785492606,460451416,345.276,1.483,346.657,0.0,1
1785492606,527080811,343.767,1.489,345.159,0.0,1
1785492606,593708984,340.816,1.493,342.21,0.0,1
1785492606,660335693,344.122,1.528,345.542,0.0,1
1785492606,726960938,341.501,1.542,342.945,0.0,1
1785492606,793510254,346.326,4.547,350.652,-66.549,1
1785492606,860158203,342.772,1.478,344.148,0.0,1
1785492606,926804932,346.27,1.546,347.649,0.0,1
1785492606,993450439,352.612,1.527,353.995,0.0,1
1785492607,60094727,354.075,1.505,355.48,0.0,1
1785492607,126737793,352.181,1.542,353.617,0.0,1
1785492607,193379395,368.243,1.582,369.711,0.0,1
1785492607,260020020,373.651,5.452,376.413,0.0,1
1785492607,393297119,370.472,8.045,378.368,0.0,1
1785492607,459933594,372.09,2.196,374.144,0.0,1
1785492607,593203125,360.249,1.605,361.74,0.0,1
1785492607,659836182,359.391,1.725,361.014,0.0,1
1785492607,726467773,357.902,1.761,359.557,0.0,1
1785492607,792597412,356.578,1.741,358.214,0.0,1
1785492607,859391846,357.99,1.727,359.529,0.0,1
1785492607,926187012,359.184,1.854,360.938,0.0,1
1785492608,59779297,377.197,1.98,379.066,0.0,1
1785492608,126576416,405.973,1.501,407.317,0.0,1
1785492608,193374268,409.544,1.384,410.836,0.0,1
1785492608,260172607,409.092,1.849,410.845,0.0,1
1785492608,326971924,407.701,1.796,409.394,0.0,1
1785492608,393771729,410.623,1.768,412.123,0.0,1
1785492608,527373291,351.466,4.195,355.243,0.0,1
1785492608,594175049,339.521,5.252,344.65,66.802,1
1785492608,660977539,325.355,1.308,326.575,66.803,1
1785492608,727780762,321.494,1.434,322.823,66.804,1
1785492608,794584717,313.736,1.763,315.386,67.164,1
1785492608,861749023,288.873,1.423,290.2,0.0,1
1785492608,928375000,309.459,1.65,311.0,0.0,1
1785492608,994999268,315.443,1.326,316.677,0.0,1
1785492609,61622070,327.441,1.572,328.831,0.0,1
1785492609,128243164,341.228,2.55,343.666,0.0,1
1785492609,194862549,346.001,2.055,347.84,0.0,1
1785492609,261480469,357.13,1.947,358.959,66.616,1
1785492609,328096680,349.194,1.379,350.48,0.0,1
1785492609,394711182,366.72,2.706,369.28,0.0,1
1785492609,461324219,369.583,1.486,370.912,-66.613,1
1785492609,527935547,366.895,2.092,368.133,-133.224,1
1785492609,594545166,369.9,1.373,371.17,0.0,1
1785492609,661153320,375.437,1.333,376.682,0.0,1
1785492609,727759766,382.348,1.288,383.546,0.0,1
1785492609,794290039,383.793,1.308,385.006,0.0,1
1785492609,860918457,401.11,1.383,402.377,0.0,1
1785492609,927545410,432.899,3.28,436.072,66.625,1
1785492609,994170654,419.906,1.269,421.087,0.0,1
1785492610,60794434,434.821,1.275,436.007,0.0,1
1785492610,194037109,386.696,1.331,387.883,0.0,1
1785492610,327273193,339.757,1.512,341.107,0.0,1
1785492610,393888672,344.578,1.345,345.778,0.0,1
1785492610,460502686,355.092,2.976,356.853,0.0,1
1785492610,593726074,295.267,2.56,297.713,0.0,1
1785492610,660335205,289.393,5.022,294.301,66.607,1
1785492610,726942627,291.324,1.619,292.826,66.606,1
1785492610,793548584,285.578,1.496,286.962,66.604,1
1785492610,860153076,261.876,1.426,263.189,0.0,1
1785492610,926734131,262.885,1.306,264.099,0.0,1
1785492610,993358154,261.85,1.614,263.112,0.0,1
1785492611,59980469,267.205,1.762,268.708,0.0,1
1785492611,126601318,278.76,1.54,280.2,0.0,1
1785492611,193220459,278.476,2.922,279.829,-66.619,1
1785492611,259837891,288.885,1.573,290.355,0.0,1
1785492611,326453613,300.173,1.662,301.724,0.0,1
1785492611,393067871,309.934,1.693,311.521,0.0,1
1785492611,459680420,311.135,1.553,312.589,0.0,1
1785492611,526291260,315.991,1.583,317.473,0.0,1
1785492611,592900635,320.913,4.138,324.942,0.0,1
1785492611,659508301,322.833,1.747,324.479,0.0,1
1785492611,726114258,327.718,1.842,329.372,0.0,1
1785492611,792718750,330.189,1.779,331.866,0.0,1
1785492611,859326172,339.531,1.476,340.901,0.0,1
1785492611,925931641,340.825,1.605,342.333,0.0,1
1785492611,992535156,354.284,5.175,359.332,0.0,1
1785492612,59136719,350.509,1.3,351.718,0.0,1
1785492612,125736328,377.148,1.288,378.348,0.0,1
1785492612,192333984,401.141,1.437,402.469,0.0,1
1785492612,258929688,397.937,1.609,399.446,0.0,1
1785492612,325523438,403.299,1.69,404.882,0.0,1
1785492612,392115234,414.652,1.539,416.022,0.0,1
1785492612,458705078,412.586,1.632,414.116,0.0,1
1785492612,591878906,355.979,1.76,357.633,0.0,1
1785492612,725044922,298.938,1.591,300.434,0.0,1
1785492612,791626465,297.516,1.433,298.85,0.0,1
1785492612,858269043,297.287,1.344,298.536,0.0,1
1785492612,924982666,309.221,1.654,310.775,0.0,1
1785492612,991697266,310.403,5.104,315.396,0.0,1
1785492613,58412354,325.713,4.06,329.65,0.0,1
1785492613,125128418,338.492,1.67,339.999,-66.716,1
1785492613,191845459,373.598,3.534,377.015,0.0,1
1785492613,258562988,382.931,2.673,385.396,0.0,1
1785492613,325281494,380.424,5.886,385.355,0.0,1
1785492613,392000977,384.933,3.348,388.147,0.0,1
1785492613,458720947,380.258,1.678,381.816,0.0,1
1785492613,525441895,380.608,1.73,382.217,0.0,1
1785492613,658886230,373.053,1.531,374.49,0.0,1
1785492613,725609619,373.438,1.352,374.7,0.0,1
1785492613,792336182,371.102,1.435,372.344,0.0,1
1785492613,859060059,385.028,1.443,386.37,0.0,1
1785492613,925784912,392.276,1.426,393.538,0.0,1
1785492613,992510498,412.324,1.628,413.774,0.0,1
1785492614,192693359,417.789,1.452,419.134,0.0,1
1785492614,326153320,354.159,1.48,355.549,0.0,1
1785492614,459617188,293.516,2.167,295.54,0.0,1
1785492614,526350586,291.706,1.582,293.189,0.0,1
1785492614,593084961,292.406,1.65,293.957,0.0,1
1785492614,659820068,298.598,2.21,300.701,0.0,1
1785492614,726556396,306.188,1.731,307.797,0.0,1
1785492614,793293457,298.861,1.278,300.03,0.0,1
1785492614,860197510,305.288,1.232,306.428,0.0,1
1785492614,926854492,308.651,1.703,309.969,0.0,1
1785492614,993510254,316.689,1.781,318.367,0.0,1
1785492615,60164795,331.327,1.804,332.645,0.0,1
1785492615,126818359,341.354,1.771,342.996,0.0,1
1785492615,193470947,348.31,1.932,350.135,0.0,1
1785492615,260122314,365.21,1.446,366.549,0.0,1
1785492615,326772705,373.495,1.454,374.663,0.0,1
1785492615,393422119,385.258,2.091,387.214,0.0,1
1785492615,460070313,393.457,2.658,395.996,66.647,1
1785492615,593363525,375.581,1.504,376.982,0.0,1
1785492615,660008545,373.725,1.493,375.121,-66.645,1
1785492615,726652588,370.382,1.324,371.616,-133.289,1
1785492615,792801514,401.421,2.045,403.349,66.805,1
1785492615,859606201,390.451,1.584,391.924,66.806,1
1785492615,926411865,386.601,1.847,388.314,0.0,1
1785492616,60026123,378.783,1.449,380.135,0.0,1
1785492616,126834473,381.726,1.517,383.139,0.0,1
1785492616,193643799,403.158,2.538,405.428,0.0,1
1785492616,327264893,392.82,1.686,394.41,-66.811,1
1785492616,394076904,396.627,1.714,398.209,0.0,1
1785492616,460889893,394.176,1.705,395.757,-66.813,1
1785492616,594518311,329.128,3.879,332.86,0.0,1
1785492616,661333740,317.35,1.72,318.799,66.816,1
1785492616,728150146,307.288,1.3,308.489,66.817,1
1785492616,794967529,296.718,2.258,298.846,66.818,1
1785492616,861785889,283.237,1.47,284.596,0.0,1
1785492616,928592285,286.264,1.241,287.412,0.0,1
1785492616,995399170,294.072,1.697,295.671,0.0,1
1785492617,62207031,324.5,1.645,326.03,66.809,1
1785492617,129015625,315.138,1.819,316.825,0.0,1
1785492617,195824707,311.83,1.444,313.173,-66.809,1
1785492617,262634766,337.896,4.102,341.891,66.811,1
1785492617,329445557,334.207,1.868,335.961,66.811,1
1785492617,463069092,316.334,1.305,317.54,0.0,1
1785492617,529882080,318.645,1.448,319.974,0.0,1
1785492617,596695557,319.319,1.399,320.617,0.0,1
1785492617,663510010,318.526,1.5,319.924,0.0,1
1785492617,730325195,321.575,1.505,322.954,0.0,1
1785492617,797140869,318.493,1.531,319.919,0.0,1
1785492617,864115723,328.467,1.798,330.143,0.0,1
1785492617,930743408,326.046,1.58,327.504,-66.628,1
1785492617,997369629,327.195,1.826,328.833,0.0,1
1785492618,130617188,328.586,1.385,329.875,0.0,1
1785492618,197238525,339.302,13.0,352.172,0.0,1
1785492618,263858398,346.043,2.555,348.491,0.0,1
1785492618,330476563,351.608,1.321,352.831,0.0,1
1785492618,397093018,370.533,4.833,375.218,0.0,1
1785492618,463708008,366.702,5.629,372.128,0.0,1
1785492618,530321289,360.674,1.837,362.405,0.0,1
1785492618,596933105,353.99,1.684,355.339,0.0,1
1785492618,663543213,357.564,1.362,358.833,0.0,1
1785492618,730151855,355.456,2.676,358.025,0.0,1
1785492618,796758789,353.656,1.563,355.125,0.0,1
1785492618,863454102,355.009,1.782,356.691,0.0,1
1785492618,930149902,373.105,2.09,375.074,0.0,1
1785492618,996846191,372.619,2.044,374.531,0.0,1
1785492619,63542725,366.534,1.597,367.976,-66.697,1
1785492619,130239746,379.783,1.481,381.151,-133.394,1
1785492619,196937256,397.025,1.37,398.213,0.0,1
1785492619,263635010,403.924,1.995,405.801,0.0,1
1785492619,330333008,406.777,1.726,408.401,0.0,1
1785492619,397031738,416.932,1.365,418.204,0.0,1
1785492619,463730469,437.766,1.488,439.136,0.0,1
1785492619,597129639,387.884,2.345,390.072,0.0,1
1785492619,663829834,370.11,1.649,371.658,-66.7,1
1785492619,797231201,317.599,1.496,318.994,0.0,1
1785492619,863883057,322.051,1.484,323.427,0.0,1
1785492619,930606689,319.929,1.408,321.237,-66.724,1
1785492619,997331299,316.821,1.454,318.174,0.0,1
1785492620,130783203,320.078,1.69,321.664,0.0,1
1785492620,197510742,322.346,2.042,324.262,0.0,1
1785492620,264239014,350.383,4.281,354.529,66.729,1
1785492620,330968262,327.393,1.708,328.986,0.0,1
1785492620,397698242,328.495,1.709,330.103,0.0,1
1785492620,464429443,345.612,1.474,346.97,0.0,1
1785492620,531161377,355.996,1.353,357.253,0.0,1
1785492620,597894287,352.829,1.362,354.1,0.0,1
1785492620,664627930,351.191,3.368,354.46,0.0,1
1785492620,731362793,348.983,1.238,350.132,0.0,1
1785492620,798098389,365.563,1.407,366.878,0.0,1
1785492620,864841064,364.713,1.352,365.972,0.0,1
1785492620,998330078,366.481,1.966,368.337,0.0,1
1785492621,65076660,370.752,1.398,372.058,0.0,1
1785492621,131824463,376.412,1.223,377.546,0.0,1
1785492621,198573730,383.921,1.476,385.298,0.0,1
1785492621,265324219,404.537,1.599,406.035,0.0,1
1785492621,332076172,404.971,1.465,406.296,0.0,1
1785492621,398829346,409.543,1.541,410.987,0.0,1
1785492621,465583984,408.569,1.63,410.104,-66.755,1
1785492621,532339844,405.396,2.462,407.33,0.0,1
1785492621,665855713,347.847,2.053,349.757,0.0,1
1785492621,732615723,341.002,1.973,342.86,66.76,1
1785492621,799376221,324.303,1.869,326.058,66.716,1
1785492621,866091797,311.541,5.4,316.804,66.67,1
1785492621,932762207,298.155,4.074,302.078,0.0,1
1785492621,999431885,289.87,1.329,291.106,0.0,1
1785492622,66100586,315.824,1.679,317.38,0.0,1
1785492622,132768555,330.131,2.401,332.372,66.667,1
1785492622,199435791,321.068,1.671,322.633,0.0,1
1785492622,266102051,336.526,1.771,338.184,66.666,1
1785492622,332767578,325.486,1.4,326.788,0.0,1
1785492622,399432373,332.402,1.783,333.821,0.0,1
1785492622,466096436,344.439,1.675,345.971,0.0,1
1785492622,532759521,355.193,1.664,356.755,0.0,1
1785492622,599421875,359.382,1.645,360.927,0.0,1
1785492622,666083252,365.338,1.624,366.703,0.0,1
1785492622,732744141,368.269,1.636,369.636,0.0,1
1785492622,799011230,372.702,1.729,374.236,0.0,1
1785492622,865833984,377.648,1.38,378.932,0.0,1
1785492622,932657715,376.627,1.375,377.908,0.0,1
1785492623,66309082,384.621,1.398,385.914,0.0,1
1785492623,133136719,397.97,1.372,399.247,0.0,1
1785492623,199965576,411.036,1.264,412.207,0.0,1
1785492623,333626953,416.749,1.406,418.052,0.0,1
1785492623,400459473,429.636,1.42,430.957,0.0,1
1785492623,534128418,373.621,1.628,375.127,0.0,1
1785492623,600964600,357.786,1.446,359.131,66.838,1
1785492623,667802246,336.4,9.966,346.219,66.839,1
1785492623,734640869,325.069,1.283,326.259,0.0,1
1785492623,801480957,337.543,2.83,340.25,0.0,1
1785492623,868223877,344.799,1.253,345.959,0.0,1
1785492623,935113770,344.398,1.329,345.636,0.0,1
1785492624,2007080,366.758,2.836,369.465,0.0,1
1785492624,68903320,361.321,1.497,362.721,0.0,1
1785492624,135802979,371.872,1.595,373.362,0.0,1
1785492624,202705811,369.893,1.457,371.256,-66.903,1
1785492624,269612061,390.542,1.32,391.753,0.0,1
1785492624,336521240,391.711,1.25,392.87,0.0,1
1785492624,403433838,404.322,1.457,405.656,0.0,1
1785492624,470349609,413.038,1.334,414.269,0.0,1
1785492624,537268555,418.982,1.416,420.301,0.0,1
1785492624,671116211,366.663,1.624,368.163,0.0,1
1785492624,738044678,348.286,1.444,349.612,66.932,1
1785492624,804976563,323.169,1.32,324.385,0.0,1
1785492624,939131836,326.131,1.333,327.371,0.0,1
1785492625,5788818,328.645,3.675,332.211,0.0,1
1785492625,72444580,356.056,1.273,357.234,0.0,1
1785492625,139099365,350.944,1.378,352.232,0.0,1
1785492625,205753174,359.904,3.394,363.106,0.0,1
1785492625,339057373,364.412,1.42,365.738,0.0,1
1785492625,405708008,376.974,1.902,378.669,0.0,1
1785492625,472357666,384.762,2.075,386.079,0.0,1
1785492625,539006104,394.667,1.264,395.814,0.0,1
1785492625,605653564,404.431,1.387,405.725,0.0,1
1785492625,672299805,404.621,1.567,406.018,0.0,1
1785492625,738945068,429.468,2.13,431.275,133.27,1
1785492625,872214600,340.22,1.303,341.436,0.0,1
1785492626,5478760,296.498,1.51,297.911,0.0,1
1785492626,72108887,307.253,1.474,308.627,0.0,1
1785492626,138737549,323.602,1.601,325.1,0.0,1
1785492626,205364990,339.198,1.459,340.553,0.0,1
1785492626,271990967,349.852,1.334,351.081,0.0,1
1785492626,338615723,355.325,1.252,356.467,-66.625,1
1785492626,405239258,358.81,1.335,360.055,0.0,1
1785492626,538482178,377.751,1.579,379.225,0.0,1
1785492626,605101563,377.741,1.585,379.217,0.0,1
1785492626,671719727,385.297,1.446,386.631,0.0,1
1785492626,738337891,394.954,1.294,396.155,0.0,1
1785492626,871610840,396.954,3.454,400.294,0.0,1
1785492626,938428467,405.815,1.429,407.145,0.0,1
1785492627,5247070,409.719,1.719,411.337,0.0,1
1785492627,138887939,342.198,1.394,343.497,-133.641,1
1785492627,272532715,285.019,1.748,286.659,0.0,1
1785492627,339356689,288.427,2.528,290.841,-66.824,1
1785492627,406181885,294.835,1.253,295.995,-133.649,1
1785492627,473007813,297.072,1.682,298.638,-200.475,1
1785492627,539834961,301.551,2.177,303.021,0.0,1
1785492627,606663330,299.848,1.54,301.282,0.0,1
1785492627,673492676,299.347,1.678,300.899,0.0,1
1785492627,740322998,297.271,1.608,298.773,-66.83,1
1785492627,807154297,299.962,1.516,301.383,0.0,1
1785492627,873986816,318.642,1.951,320.461,0.0,1
1785492627,940640381,307.3,1.409,308.616,-66.654,1
1785492628,7292725,318.429,1.329,319.655,0.0,1
1785492628,73943848,317.605,1.505,318.909,-66.651,1
1785492628,140593750,363.246,1.486,364.634,0.0,1
1785492628,207242676,382.812,1.96,384.647,0.0,1
1785492628,273890137,381.722,1.513,383.068,0.0,1
1785492628,340536621,392.595,1.555,394.055,0.0,1
1785492628,473825928,392.121,1.809,393.827,0.0,1
1785492628,607110352,390.326,1.898,392.119,0.0,1
1785492628,807028076,261.029,1.833,262.751,-66.638,1
1785492628,873666016,264.872,3.549,268.29,0.0,1
1785492628,940306885,268.97,2.219,271.082,0.0,1
1785492629,6946533,278.251,3.275,281.397,0.0,1
1785492629,73584717,271.371,1.779,273.044,0.0,1
1785492629,140221680,273.687,2.109,275.256,0.0,1
1785492629,206857178,272.885,1.354,274.126,0.0,1
1785492629,273491455,292.208,1.323,293.441,0.0,1
1785492629,340124268,294.385,1.485,295.77,0.0,1
1785492629,406755859,299.258,1.464,300.628,0.0,1
1785492629,540014893,301.775,1.757,303.425,0.0,1
1785492629,606642578,305.328,1.619,306.845,0.0,1
1785492629,673268555,308.45,1.672,310.022,0.0,1
1785492629,739893555,313.66,1.686,315.228,0.0,1
1785492629,806517090,315.221,1.481,316.591,0.0,1
1785492629,873140137,324.434,1.37,325.708,0.0,1
1785492629,939790039,326.663,1.799,328.356,0.0,1
1785492630,6438721,331.075,1.848,332.573,0.0,1
1785492630,73086182,349.616,2.051,351.402,0.0,1
1785492630,139732178,346.995,1.657,348.542,0.0,1
1785492630,206377197,355.35,2.045,357.261,0.0,1
1785492630,273020996,350.414,1.568,351.883,0.0,1
1785492630,339663330,369.428,1.435,370.76,0.0,1
1785492630,406304688,377.135,1.62,378.624,0.0,1
1785492630,472944824,377.388,1.574,378.72,0.0,1
1785492630,539583740,380.678,1.631,382.201,0.0,1
1785492630,606221191,377.922,1.459,379.284,0.0,1
1785492630,672857666,378.957,1.466,380.325,0.0,1
1785492630,739492920,378.373,1.858,380.124,0.0,1
1785492630,806126953,379.269,1.733,380.812,0.0,1
1785492630,872766357,379.659,1.874,381.252,0.0,1
1785492630,939404541,376.937,1.416,378.253,0.0,1
1785492631,6041260,382.482,1.442,383.826,0.0,1
1785492631,72676758,396.584,1.32,397.811,0.0,1
1785492631,139310791,402.888,9.383,412.151,0.0,1
1785492631,205943359,418.745,1.301,419.952,0.0,1
1785492631,272574463,431.088,1.282,432.274,0.0,1
1785492631,339204346,456.868,1.462,458.23,133.255,1
1785492631,472459717,396.219,1.462,397.568,0.0,1
1785492631,539085205,370.086,1.491,371.442,66.624,1
1785492631,605709473,346.776,2.392,349.028,0.0,1
1785492631,672332275,350.744,14.004,364.613,0.0,1
1785492631,738953613,350.192,1.757,351.829,-66.621,1
1785492631,805574463,352.978,1.467,354.288,-133.242,1
1785492631,872295410,345.823,1.333,347.048,0.0,1
1785492631,939017090,345.055,1.599,346.56,0.0,1
1785492632,5739746,347.415,1.582,348.892,0.0,1
1785492632,72463135,351.961,1.44,353.299,0.0,1
1785492632,139187500,348.959,1.405,350.27,0.0,1
1785492632,205912598,361.719,2.59,364.199,0.0,1
1785492632,272638672,373.966,4.792,378.598,0.0,1
1785492632,339365479,360.837,1.814,362.55,0.0,1
1785492632,406093262,374.04,6.653,380.544,0.0,1
1785492632,472821777,369.192,1.483,370.558,0.0,1
1785492632,539551270,367.178,1.579,368.656,-66.729,1
1785492632,606281494,364.314,1.277,365.498,-133.46,1
1785492632,673012695,369.26,1.49,370.628,0.0,1
1785492632,739744873,366.175,1.361,367.421,0.0,1
1785492632,806477295,364.664,1.289,365.856,-66.732,1
1785492632,873212646,366.275,1.918,368.061,0.0,1
1785492632,939949219,364.888,1.441,366.229,0.0,1
1785492633,6686768,391.506,1.341,392.738,66.739,1
1785492633,73425537,384.429,1.457,385.784,0.0,1
1785492633,140165283,392.987,1.269,394.16,0.0,1
1785492633,206906250,413.2,1.278,414.382,0.0,1
1785492633,273648438,423.797,1.486,425.153,0.0,1
1785492633,340391602,420.689,1.289,421.879,-66.743,1
1785492633,407135986,427.044,1.327,428.27,0.0,1
1785492633,540628174,367.978,1.248,369.132,0.0,1
1785492633,607375977,355.473,1.4,356.778,66.749,1
1785492633,674124756,337.226,1.745,338.806,66.75,1
1785492633,740874756,315.074,1.787,316.665,0.0,1
1785492633,807625488,303.617,1.408,304.931,0.0,1
1785492633,874336426,314.966,1.823,316.687,0.0,1
1785492633,941007568,323.02,1.422,324.326,0.0,1
1785492634,7677734,346.999,10.01,356.894,66.669,1
1785492634,74347168,339.295,3.118,342.278,66.668,1
1785492634,141015625,323.301,1.289,324.502,0.0,1
1785492634,207683594,346.097,4.223,348.585,0.0,1
1785492634,274350586,350.15,1.4,351.359,-66.667,1
1785492634,341016602,364.52,1.324,365.756,0.0,1
1785492634,407681885,390.14,2.438,392.473,66.665,1
1785492634,474346436,374.281,1.385,375.57,0.0,1
1785492634,541010254,372.212,1.374,373.484,0.0,1
1785492634,674335449,374.488,1.338,375.735,0.0,1
1785492634,740996582,373.248,1.316,374.474,0.0,1
1785492634,807657227,375.771,2.093,377.543,0.0,1
1785492634,874324219,371.183,1.701,372.778,0.0,1
1785492634,940990234,368.073,1.736,369.703,0.0,1
1785492635,140983154,372.699,1.381,373.986,0.0,1
1785492635,207645752,378.333,1.554,379.76,0.0,1
1785492635,340968262,370.704,1.378,371.989,0.0,1
1785492635,407628174,391.178,1.661,392.726,66.659,1
1785492635,607602783,363.967,11.587,375.441,0.0,1
1785492635,674259033,370.014,2.448,372.317,0.0,1
1785492635,740914551,366.345,1.313,367.557,0.0,1
1785492635,807569580,365.189,1.492,366.571,0.0,1
1785492635,940907471,356.25,1.818,357.96,0.0,1
1785492636,74241943,361.823,1.789,363.472,0.0,1
1785492636,140907959,356.456,1.3,357.664,-66.666,1
1785492636,207573242,379.59,1.369,380.851,-133.331,1
1785492636,274237549,394.682,1.582,396.114,66.664,1
1785492636,340901123,381.723,4.4,385.957,66.663,1
1785492636,407563721,358.823,1.237,359.967,0.0,1
1785492636,474225586,363.729,1.316,364.942,0.0,1
1785492636,540886719,363.75,1.41,365.061,0.0,1
1785492636,607546875,368.556,5.829,374.252,0.0,1
1785492636,674206299,363.505,1.66,365.05,0.0,1
1785492636,740864746,358.553,1.57,360.022,0.0,1
1785492636,807522705,365.802,1.739,367.424,0.0,1
1785492636,873822998,362.906,1.747,364.552,0.0,1
1785492636,940645020,361.793,1.863,363.554,0.0,1
1785492637,7468506,363.584,1.604,365.085,0.0,1
1785492637,74292969,363.863,1.624,365.223,0.0,1
1785492637,141118652,394.686,7.838,402.321,0.0,1
1785492637,274773682,421.44,1.612,422.938,66.829,1
1785492637,341602783,408.156,2.739,410.789,0.0,1
1785492637,408433350,416.17,1.369,417.413,0.0,1
1785492637,542097900,360.579,1.645,362.124,0.0,1
1785492637,675767090,306.329,1.456,307.683,0.0,1
1785492637,742603516,305.601,1.71,307.031,0.0,1
1785492637,809441162,304.692,1.863,306.452,0.0,1
1785492637,876280029,310.36,1.603,311.861,0.0,1
1785492637,943186035,310.494,1.349,311.75,0.0,1
1785492638,9993652,310.241,1.244,311.39,0.0,1
1785492638,76802002,336.467,1.973,338.323,66.809,1
1785492638,143611084,321.996,1.52,323.406,0.0,1
1785492638,210421387,354.262,1.41,355.576,0.0,1
1785492638,277232422,377.11,2.31,379.29,0.0,1
1785492638,410857178,375.296,3.197,378.369,0.0,1
1785492638,477670898,376.052,2.108,377.827,0.0,1
1785492638,544485596,371.154,3.247,374.284,0.0,1
1785492638,678117676,366.554,1.357,367.814,0.0,1
1785492638,744934814,366.629,3.239,369.766,0.0,1
1785492638,811753174,373.895,1.488,375.188,0.0,1
1785492638,945591309,365.665,1.428,366.997,0.0,1
1785492639,12312256,371.125,1.416,372.439,-66.721,1
1785492639,79033691,383.313,1.242,384.46,0.0,1
1785492639,145756348,387.004,1.331,388.215,0.0,1
1785492639,212479736,411.003,1.352,412.259,0.0,1
1785492639,279203857,408.139,1.355,409.396,0.0,1
1785492639,345928955,419.69,1.639,421.231,0.0,1
1785492639,479381836,372.94,1.971,374.785,0.0,1
1785492639,546109619,350.083,4.167,352.675,66.729,1
1785492639,612838135,334.802,1.314,336.015,66.729,1
1785492639,679567627,311.312,1.246,312.463,0.0,1
1785492639,746298096,318.168,1.31,319.387,0.0,1
1785492639,813029297,324.934,1.388,326.223,0.0,1
1785492639,879761230,335.94,2.486,338.319,0.0,1
1785492640,13241455,331.253,1.748,332.888,0.0,1
1785492640,79983643,337.991,1.493,339.367,0.0,1
1785492640,146727051,346.367,1.447,347.719,0.0,1
1785492640,213471680,350.072,2.757,352.632,0.0,1
1785492640,280217773,370.967,1.322,372.2,0.0,1
1785492640,346965088,387.807,2.662,390.354,0.0,1
1785492640,413713867,410.512,1.636,411.946,0.0,1
1785492640,480463867,398.807,1.469,400.081,0.0,1
1785492640,547215088,411.654,1.445,413.008,0.0,1
1785492640,613967773,423.567,1.321,424.792,0.0,1
1785492640,680721924,435.419,1.685,436.705,0.0,1
1785492640,814233887,387.146,3.112,390.146,-133.512,1
1785492640,947520264,344.003,1.328,345.24,0.0,1
1785492641,14340332,371.634,1.413,372.949,0.0,1
1785492641,81161377,373.367,1.592,374.676,0.0,1
1785492641,214807373,312.594,1.449,313.937,0.0,1
1785492641,281632080,308.275,3.821,311.976,66.826,1
1785492641,415284668,289.908,1.365,291.18,0.0,1
1785492641,482112793,303.251,1.28,304.44,0.0,1
1785492641,548942139,324.682,1.444,326.01,0.0,1
1785492641,615772461,329.515,1.393,330.735,0.0,1
1785492641,682604004,335.513,1.781,337.029,0.0,1
1785492641,749436768,349.192,1.365,350.467,0.0,1
1785492641,816270508,350.884,1.421,352.209,0.0,1
1785492641,883196777,356.884,1.472,358.171,0.0,1
1785492641,950002197,371.565,1.711,373.171,0.0,1
1785492642,16808594,382.62,1.501,383.839,0.0,1
1785492642,83615967,400.648,1.4,401.88,0.0,1
1785492642,150424316,410.564,1.437,411.894,0.0,1
1785492642,217233398,426.974,1.575,428.436,0.0,1
1785492642,284043457,433.889,1.594,435.382,0.0,1
1785492642,417666260,378.201,1.631,379.727,0.0,1
1785492642,484478760,364.366,6.332,370.567,66.814,1
1785492642,551292480,358.043,1.397,359.317,66.814,1
1785492642,618106934,334.075,1.319,335.293,0.0,1
1785492642,684922363,353.35,1.297,354.554,0.0,1
1785492642,751738525,361.005,1.293,362.204,0.0,1
1785492642,818555664,380.351,1.171,381.439,67.098,1
1785492642,885653809,374.542,1.241,375.686,0.0,1
1785492642,952378906,382.836,1.237,383.978,0.0,1
1785492643,19104980,387.929,2.252,390.06,0.0,1
1785492643,85832275,396.652,1.59,398.022,0.0,1
1785492643,152560303,438.87,1.553,440.288,0.0,1
1785492643,219289551,438.205,1.291,439.395,0.0,1
1785492643,286019775,434.352,1.244,435.502,0.0,1
1785492643,352750977,442.509,1.622,444.026,0.0,1
1785492643,486216553,392.43,1.485,393.817,0.0,1
1785492643,619686279,333.949,1.646,335.296,0.0,1
1785492643,686422852,336.252,1.313,337.449,0.0,1
1785492643,753160156,338.663,1.64,340.204,0.0,1
1785492643,886637939,273.55,1.575,275.034,0.0,1
1785492643,953378418,267.859,2.034,269.782,66.741,1
1785492644,20119873,257.185,1.424,258.513,66.655,1
1785492644,153427734,235.847,1.578,237.32,0.0,1
1785492644,220080078,241.531,1.411,242.76,0.0,1
1785492644,286731445,245.239,1.314,246.459,0.0,1
1785492644,353381836,255.233,2.441,257.565,0.0,1
1785492644,420031006,264.372,1.768,265.994,0.0,1
1785492644,486679443,268.28,1.716,269.876,0.0,1
1785492644,553326660,287.071,1.792,288.736,0.0,1
1785492644,619973145,281.771,1.355,283.029,0.0,1
1785492644,686618408,287.217,1.774,288.88,0.0,1
1785492644,753262695,294.834,1.292,296.032,0.0,1
1785492644,819906006,295.002,1.373,296.217,0.0,1
1785492644,886548340,303.306,1.336,304.497,0.0,1
1785492644,953259033,302.185,1.858,303.812,0.0,1
1785492645,19914795,303.145,1.759,304.796,0.0,1
1785492645,86569336,316.033,1.477,317.403,0.0,1
1785492645,153222900,318.541,1.679,320.119,0.0,1
1785492645,219875244,321.818,1.919,323.633,0.0,1
1785492645,286526611,347.156,1.923,348.828,66.65,1
1785492645,353176758,348.445,1.598,349.927,0.0,1
1785492645,419825928,344.623,1.571,346.092,0.0,1
1785492645,486474121,351.149,1.745,352.702,0.0,1
1785492645,553121094,355.793,1.708,357.4,0.0,1
1785492645,619766846,369.206,2.054,371.141,0.0,1
1785492645,686411621,362.435,1.565,363.898,-66.645,1
1785492645,753055420,364.691,1.578,365.927,0.0,1
1785492645,819697998,369.853,1.569,371.313,0.0,1
1785492645,885833496,372.082,1.729,373.705,0.0,1
1785492646,19449463,380.489,1.378,381.763,0.0,1
1785492646,86258789,383.168,1.55,384.616,0.0,1
1785492646,153069336,384.776,1.446,386.122,0.0,1
1785492646,219880859,390.624,2.015,392.524,0.0,1
1785492646,286693115,412.891,4.14,416.92,66.813,1
1785492646,353506592,404.977,1.971,406.85,0.0,1
1785492646,420321045,424.274,1.605,425.775,0.0,1
1785492646,553952881,358.737,1.701,360.076,0.0,1
1785492646,620770020,348.887,1.357,350.139,66.818,1
1785492646,687588379,335.603,2.584,338.081,0.0,1
1785492646,754407715,343.306,1.77,344.958,0.0,1
1785492646,821228027,347.134,1.579,348.562,0.0,1
1785492646,888049561,344.319,1.37,345.531,0.0,1
1785492646,954864746,350.045,1.415,351.299,0.0,1
1785492647,21680908,354.55,1.75,356.189,0.0,1
1785492647,88498047,363.755,1.292,364.884,0.0,1
1785492647,155316406,363.032,1.464,364.257,-66.818,1
1785492647,222135498,372.503,1.429,373.739,0.0,1
1785492647,288955322,374.033,1.427,375.309,0.0,1
1785492647,355776367,375.641,1.483,377.015,0.0,1
1785492647,422598389,386.466,2.574,388.825,0.0,1
1785492647,489421143,388.702,1.455,390.046,0.0,1
1785492647,556245117,391.513,1.326,392.732,0.0,1
1785492647,623069824,406.63,1.698,408.207,0.0,1
1785492647,689895508,404.253,1.291,405.45,0.0,1
1785492647,823549805,337.209,1.386,338.492,0.0,1
1785492647,957120605,280.23,1.294,281.433,0.0,1
1785492648,23746338,288.77,1.386,290.053,0.0,1
1785492648,90370605,293.712,1.494,295.023,0.0,1
1785492648,156993164,306.058,1.563,307.48,0.0,1
1785492648,223614014,318.435,1.348,319.683,0.0,1
1785492648,356851074,344.171,2.095,346.112,0.0,1
1785492648,423467285,340.294,1.376,341.564,0.0,1
1785492648,490081787,344.425,1.349,345.68,0.0,1
1785492648,556694580,347.217,1.387,348.514,0.0,1
1785492648,623305908,348.032,2.875,350.788,0.0,1
1785492648,689915771,350.768,1.336,352.007,0.0,1
1785492648,756523682,354.347,1.3,355.556,0.0,1
1785492648,823130371,357.525,1.272,358.706,0.0,1
1785492648,889735107,358.764,1.4,360.013,0.0,1
1785492648,956370117,376.909,1.627,378.415,0.0,1
1785492649,89635498,369.397,1.393,370.698,0.0,1
1785492649,156265869,369.293,1.323,370.522,0.0,1
1785492649,222894775,375.951,2.123,377.96,0.0,1
1785492649,289521973,378.817,1.506,380.223,0.0,1
1785492649,356147949,383.642,1.285,384.838,0.0,1
1785492649,422772217,385.346,1.38,386.632,0.0,1
1785492649,489395264,391.665,1.32,392.896,0.0,1
1785492649,556016602,410.278,1.457,411.585,0.0,1
1785492649,822487061,342.059,1.43,343.391,0.0,1
1785492649,955822754,282.899,1.35,284.153,0.0,1
1785492650,22448730,292.626,1.817,294.34,0.0,1
1785492650,89072998,295.586,1.74,297.228,0.0,1
1785492650,222316650,295.766,1.949,297.606,0.0,1
1785492650,288936279,303.397,1.655,304.942,0.0,1
1785492650,355554199,309.804,1.871,311.55,0.0,1
1785492650,422170410,308.774,1.344,310.021,0.0,1
1785492650,488785156,314.106,1.353,315.365,0.0,1
1785492650,555398193,319.671,4.296,323.85,0.0,1
1785492650,622009766,319.529,1.778,321.203,0.0,1
1785492650,688619629,335.576,4.409,339.863,0.0,1
1785492650,755228027,332.875,2.581,335.347,0.0,1
1785492650,821834717,345.779,2.963,348.28,0.0,1
1785492650,955059082,335.648,1.309,336.86,0.0,1
1785492651,21676514,342.565,1.408,343.868,0.0,1
1785492651,88292236,349.104,1.338,350.295,0.0,1
1785492651,154906250,354.954,1.826,356.208,0.0,1
1785492651,221518555,351.388,1.325,352.619,0.0,1
1785492651,354737793,360.456,1.342,361.652,0.0,1
1785492651,421344727,369.367,1.483,370.736,0.0,1
1785492651,487950195,370.018,1.369,371.24,0.0,1
1785492651,554553711,372.124,1.468,373.399,0.0,1
1785492651,621155518,381.347,1.391,382.632,0.0,1
1785492651,687755615,384.011,1.943,385.844,0.0,1
1785492651,754354004,398.966,1.99,400.836,0.0,1
1785492651,820950684,413.87,1.944,415.713,0.0,1
1785492651,887571289,417.356,2.006,419.116,0.0,1
1785492651,954190186,419.746,1.519,421.166,-66.619,1
1785492652,87422852,360.029,1.347,361.286,0.0,1
1785492652,154036621,349.2,1.393,350.495,66.612,1
1785492652,220648682,341.966,1.34,343.203,66.61,1
1785492652,287258789,317.826,1.286,319.016,0.0,1
1785492652,353867188,322.112,1.46,323.479,0.0,1
1785492652,420474121,335.574,2.122,337.553,0.0,1
1785492652,487079102,337.757,1.578,339.24,0.0,1
1785492652,553682129,337.005,1.612,338.522,0.0,1
1785492652,620283691,337.947,1.938,339.733,0.0,1
1785492652,686883545,342.225,1.271,343.404,0.0,1
1785492652,753481445,345.516,1.44,346.838,0.0,1
1785492652,820078857,345.077,1.799,346.756,0.0,1
1785492652,886762939,335.508,1.637,337.032,0.0,1
1785492652,953471191,350.124,1.41,351.443,0.0,1
1785492653,20179932,350.601,1.538,352.034,0.0,1
1785492653,86889404,359.312,1.481,360.689,0.0,1
1785492653,153599609,368.137,1.222,369.266,-66.71,1
1785492653,220310303,384.214,1.26,385.387,0.0,1
1785492653,287021973,399.989,1.486,401.357,66.712,1
1785492653,353733887,391.411,1.243,392.548,0.0,1
1785492653,420446777,410.056,1.371,411.327,0.0,1
1785492653,487160156,418.234,1.541,419.506,0.0,1
1785492653,553874268,423.215,1.747,424.717,0.0,1
1785492653,620588867,428.903,1.6,430.407,0.0,1
1785492653,754020264,373.92,1.674,375.487,0.0,1
1785492653,820736816,362.167,1.79,363.726,66.717,1
1785492653,887453857,342.767,1.844,344.482,0.0,1
1785492653,954074463,332.592,1.684,334.086,0.0,1
1785492654,20797119,341.218,1.894,342.999,-66.723,1
1785492654,87520996,342.838,1.632,344.362,0.0,1
1785492654,154245605,344.64,1.708,346.245,0.0,1
1785492654,287697510,355.192,1.821,356.907,0.0,1
1785492654,354425049,372.722,1.322,373.936,0.0,1
1785492654,421153320,383.306,1.199,384.418,0.0,1
1785492654,487882568,387.306,1.493,388.706,0.0,1
1785492654,554612793,389.407,1.297,390.615,0.0,1
1785492654,621343750,405.603,3.469,408.932,0.0,1
1785492654,688075684,406.669,2.819,408.36,0.0,1
1785492654,754808594,413.273,1.487,414.66,0.0,1
1785492654,821542480,418.927,1.659,420.483,0.0,1
1785492654,955170654,367.449,1.473,368.818,0.0,1
1785492655,88803223,305.843,2.903,308.629,0.0,1
1785492655,155621094,298.362,1.231,299.502,0.0,1
1785492655,222440186,313.121,1.48,314.42,0.0,1
1785492655,289260254,323.846,1.327,325.073,0.0,1
1785492655,356081543,333.262,1.69,334.853,0.0,1
1785492655,422904053,351.577,1.657,353.12,0.0,1
1785492655,489727539,357.407,1.316,358.633,0.0,1
1785492655,556552246,356.405,1.297,357.604,0.0,1
1785492655,623377930,362.925,1.732,364.545,0.0,1
1785492655,690204834,359.638,1.45,360.993,-66.827,1
1785492655,757032715,362.782,1.529,364.213,0.0,1
1785492655,823860352,387.682,2.046,389.415,66.702,1
1785492655,890562744,375.613,1.3,376.823,0.0,1
1785492656,23784180,380.279,1.297,381.492,0.0,1
1785492656,90578125,392.428,1.637,393.937,0.0,1
1785492656,157372559,390.311,1.416,391.624,-66.794,1
1785492656,224167480,392.246,2.072,394.188,-133.589,1
1785492656,290963379,383.567,1.338,384.815,0.0,1
1785492656,357759766,396.293,1.437,397.632,0.0,1
1785492656,424556885,411.449,1.342,412.698,0.0,1
1785492656,491354492,412.133,1.22,413.264,0.0,1
1785492656,558152832,415.148,3.101,418.14,0.0,1
1785492656,691751709,363.563,5.034,368.478,0.0,1
1785492656,758552002,345.013,1.407,346.288,66.801,1
1785492656,892154541,315.038,1.418,316.36,0.0,1
1785492656,958956787,321.423,1.366,322.693,0.0,1
1785492657,25950439,327.084,1.403,328.393,0.0,1
1785492657,92658203,332.568,1.723,334.08,0.0,1
1785492657,159366455,347.156,1.503,348.565,0.0,1
1785492657,226075439,348.693,1.391,349.996,0.0,1
1785492657,292784912,357.757,1.706,359.355,0.0,1
1785492657,359495117,368.543,1.413,369.855,0.0,1
1785492657,426206055,390.788,1.53,392.197,0.0,1
1785492657,492917480,390.71,1.252,391.87,0.0,1
1785492657,693055420,396.233,1.603,397.733,0.0,1
1785492657,759769531,398.481,1.998,400.352,0.0,1
1785492657,893199219,349.403,1.408,350.707,0.0,1
1785492658,26619873,294.836,1.444,296.191,0.0,1
1785492658,93342773,312.271,2.033,314.179,0.0,1
1785492658,160066406,310.977,1.751,312.623,0.0,1
1785492658,226790771,317.688,1.928,319.503,0.0,1
1785492658,293516357,332.694,1.451,334.053,0.0,1
1785492658,360242676,348.012,2.712,350.572,0.0,1
1785492658,426969971,352.132,1.395,353.426,0.0,1
1785492658,493697998,350.924,1.398,352.231,0.0,1
1785492658,560427002,354.173,1.489,355.547,0.0,1
1785492658,627156982,370.924,1.617,372.424,66.731,1
1785492658,693887939,367.704,2.272,369.838,66.732,1
1785492658,760619873,356.904,1.78,358.559,0.0,1
1785492658,827352539,356.48,1.327,357.717,-66.733,1
1785492658,894086182,360.657,1.547,362.106,0.0,1
1785492658,960605713,367.477,1.426,368.813,0.0,1
1785492659,27412598,370.57,1.69,372.163,0.0,1
1785492659,94220703,377.762,2.037,379.693,0.0,1
1785492659,161029541,400.159,1.926,401.963,0.0,1
1785492659,227839111,395.839,1.61,397.349,-66.81,1
1785492659,294649902,412.66,1.573,414.131,0.0,1
1785492659,361461426,410.407,16.068,426.324,0.0,1
1785492659,495087402,356.651,1.943,358.484,0.0,1
1785492659,628717041,285.447,1.679,287.023,0.0,1
1785492659,695533203,295.269,3.5,298.64,0.0,1
1785492659,762350098,286.753,1.885,288.52,0.0,1
1785492659,829168213,284.958,1.646,286.502,0.0,1
1785492659,895987061,282.624,1.624,284.14,0.0,1
1785492659,962806885,281.535,1.394,282.825,0.0,1
1785492660,29678955,293.448,1.476,294.828,0.0,1
1785492660,96474365,301.314,1.472,302.624,0.0,1
1785492660,163270508,300.399,1.932,302.057,0.0,1
1785492660,230067383,307.483,1.793,309.175,0.0,1
1785492660,296864746,307.269,1.636,308.804,0.0,1
1785492660,363663086,316.075,1.774,317.741,0.0,1
1785492660,430461914,310.715,1.769,312.239,0.0,1
1785492660,497261475,312.216,1.612,313.713,0.0,1
1785492660,564061523,311.993,2.573,314.45,0.0,1
1785492660,630862549,311.306,1.829,313.031,0.0,1
1785492660,697664063,310.669,1.492,312.061,0.0,1
1785492660,764466309,323.84,1.422,325.166,0.0,1
1785492660,831269287,344.555,1.807,346.26,0.0,1
1785492660,898072998,354.575,1.887,356.342,0.0,1
1785492661,32041748,346.596,1.603,348.095,-66.628,1
1785492661,98668213,347.202,1.505,348.607,0.0,1
1785492661,165293213,353.313,1.395,354.611,0.0,1
1785492661,231916504,358.328,1.523,359.754,0.0,1
1785492661,298538086,366.746,2.407,368.99,0.0,1
1785492661,365158203,359.124,1.489,360.518,0.0,1
1785492661,431776611,367.658,1.535,369.096,0.0,1
1785492661,498393555,374.022,1.228,375.158,0.0,1
1785492661,565008789,377.187,1.225,378.321,0.0,1
1785492661,631622314,385.003,1.258,386.171,0.0,1
1785492661,698234375,382.441,1.212,383.564,0.0,1
1785492661,764844727,387.539,1.439,388.873,0.0,1
1785492661,831453369,406.756,1.662,408.316,0.0,1
1785492661,898060547,413.76,1.402,415.034,0.0,1
1785492661,964738037,432.975,1.271,434.148,0.0,1
1785492662,98093994,382.455,1.286,383.642,0.0,1
1785492662,164772217,368.238,1.463,369.605,66.678,1
1785492662,231450439,355.255,1.556,356.657,66.678,1
1785492662,298128906,328.623,1.221,329.755,0.0,1
1785492662,364807617,340.181,1.336,341.418,0.0,1
1785492662,431486328,367.831,1.366,369.097,0.0,1
1785492662,498165283,370.941,1.289,372.134,0.0,1
1785492662,564844238,382.566,1.242,383.717,0.0,1
1785492662,631523438,393.63,1.613,395.092,0.0,1
1785492662,698202881,393.202,1.378,394.471,0.0,1
1785492662,764882324,393.262,1.324,394.465,0.0,1
1785492662,831562012,392.507,1.342,393.759,0.0,1
1785492662,898242432,392.503,1.887,394.28,-66.68,1
1785492662,965120117,404.032,1.6,405.391,-133.558,1
1785492663,32000977,412.706,1.288,413.899,0.0,1
1785492663,165771484,353.01,1.208,354.131,0.0,1
1785492663,299553955,305.585,1.343,306.812,0.0,1
1785492663,366449707,330.222,1.507,331.618,0.0,1
1785492663,433348389,331.06,1.588,332.545,0.0,1
1785492663,500250000,348.868,1.282,350.062,0.0,1
1785492663,567154785,348.374,1.396,349.555,0.0,1
1785492663,634062256,351.1,1.319,352.312,0.0,1
1785492663,700972900,348.039,1.247,349.194,0.0,1
1785492663,767886475,351.908,1.463,353.276,0.0,1
1785492663,834802979,369.84,2.003,371.721,0.0,1
1785492663,901720459,374.966,1.509,376.368,-66.917,1
1785492664,35104492,384.122,1.949,385.605,0.0,1
1785492664,101741699,385.486,1.621,386.991,0.0,1
1785492664,168377441,382.062,1.202,383.173,0.0,1
1785492664,235011963,393.192,5.325,398.398,0.0,1
1785492664,301645020,384.39,1.567,385.859,-66.633,1
1785492664,368276611,395.873,1.47,397.171,0.0,1
1785492664,434906982,413.862,1.413,415.183,0.0,1
1785492664,568163330,354.904,1.62,356.359,0.0,1
1785492664,634789551,345.351,1.473,346.719,-66.626,1
1785492664,701414307,348.486,1.6,349.989,66.623,1
1785492664,768037598,336.293,1.701,337.76,66.622,1
1785492664,834659668,319.782,2.356,322.005,0.0,1
1785492664,901280273,320.133,1.22,321.265,0.0,1
1785492664,967900879,324.744,1.29,325.935,0.0,1
1785492665,34809326,332.536,1.375,333.81,0.0,1
1785492665,101458252,349.996,1.357,351.248,0.0,1
1785492665,168105713,352.588,1.275,353.754,0.0,1
1785492665,234752197,366.055,1.696,367.662,0.0,1
1785492665,301397461,375.51,1.236,376.639,0.0,1
1785492665,368041748,375.716,1.36,376.981,0.0,1
1785492665,434684570,387.948,1.424,389.275,0.0,1
1785492665,501326660,387.582,1.263,388.739,-66.642,1
1785492665,567967285,391.61,1.517,392.937,0.0,1
1785492665,634606934,393.491,1.211,394.616,0.0,1
1785492665,701245361,404.164,1.406,405.469,0.0,1
1785492665,834519043,350.786,1.532,352.117,0.0,1
1785492665,901154053,332.137,1.945,333.902,66.634,1
1785492665,967788086,314.332,1.331,315.569,0.0,1
1785492666,34398926,314.239,1.461,315.601,0.0,1
1785492666,101042236,323.418,1.276,324.597,0.0,1
1785492666,167684326,328.312,1.466,329.672,0.0,1
1785492666,234324951,332.799,1.548,334.174,0.0,1
1785492666,300964355,380.762,1.767,382.404,66.638,1
1785492666,367602539,353.925,1.324,355.158,0.0,1
1785492666,500874756,357.247,1.257,358.412,0.0,1
1785492666,567508789,360.106,1.316,361.313,0.0,1
1785492666,634141602,363.477,1.432,364.758,0.0,1
1785492666,700773193,365.74,1.323,366.968,0.0,1
1785492666,767403320,375.222,1.295,376.424,0.0,1
1785492666,834032227,389.04,1.312,390.263,0.0,1
1785492666,900659668,392.899,1.369,394.169,0.0,1
1785492666,966781982,414.668,1.449,416.019,0.0,1
1785492667,33573486,414.204,1.202,415.317,0.0,1
1785492667,100365234,429.033,1.265,430.197,0.0,1
1785492666,899991455,696.376,1.486,697.742,400.753,1
1785492667,434334473,220.871,1.326,222.094,-133.59,1
1785492667,567926514,191.448,1.53,192.882,0.0,1
1785492667,634723633,214.971,3.19,218.039,66.798,1
1785492667,701521240,196.696,1.57,198.167,0.0,1
1785492667,768319336,195.126,1.494,196.508,0.0,1
1785492667,835118408,201.664,1.62,203.182,0.0,1
1785492667,901917725,213.5,1.594,214.999,0.0,1
1785492667,968718018,241.478,1.707,243.064,0.0,1
1785492668,35518799,243.32,1.378,244.59,0.0,1
1785492668,102320068,242.12,1.887,243.9,0.0,1
1785492668,169104736,244.149,1.411,245.46,0.0,1
1785492668,235889648,283.496,1.553,284.926,0.0,1
1785492668,302675049,294.916,1.391,296.172,0.0,1
1785492668,369460693,311.169,1.363,312.437,0.0,1
1785492668,436247070,321.771,1.287,322.96,0.0,1
1785492668,569820801,329.681,1.531,331.113,0.0,1
1785492668,636608398,327.376,1.262,328.539,-66.788,1
1785492668,770184814,325.879,1.457,327.234,0.0,1
1785492668,836973633,323.451,1.777,325.127,0.0,1
1785492668,903762939,339.821,1.485,341.211,0.0,1
1785492668,970552490,344.358,1.424,345.685,0.0,1
1785492669,37324707,349.072,1.564,350.368,0.0,1
1785492669,104096680,350.733,1.382,352.024,0.0,1
1785492669,170869141,353.878,1.446,355.222,0.0,1
1785492669,237641602,352.641,1.364,353.91,0.0,1
1785492669,304414307,357.835,3.299,361.016,0.0,1
1785492669,371187256,365.197,1.662,366.754,0.0,1
1785492669,437960205,373.54,8.117,381.521,0.0,1
1785492669,504733398,371.723,1.65,373.248,0.0,1
1785492669,571506592,365.134,1.539,366.574,0.0,1
1785492669,638280273,364.57,1.423,365.895,0.0,1
1785492669,705053955,361.689,1.453,363.044,0.0,1
1785492669,771827637,358.2,1.501,359.593,0.0,1
1785492669,838601807,363.298,1.526,364.727,0.0,1
1785492669,905375977,369.333,1.891,371.118,0.0,1
1785492669,972149658,367.064,1.32,368.294,0.0,1
1785492670,38747314,368.544,1.625,370.065,0.0,1
1785492670,105342773,378.096,1.392,379.398,0.0,1
1785492670,171936279,380.146,1.455,381.507,0.0,1
1785492670,238527588,396.071,3.285,399.236,0.0,1
1785492670,305116699,396.39,7.209,400.958,66.587,1
1785492670,371703613,395.727,2.6,398.177,0.0,1
1785492670,438288574,399.935,2.138,401.83,0.0,1
1785492670,504871338,392.389,2.442,394.707,0.0,1
1785492670,571451904,384.222,1.592,385.577,0.0,1
1785492670,638030273,399.454,3.655,402.238,133.151,1
1785492670,771180908,331.294,4.586,335.734,0.0,1
1785492670,837752930,315.903,1.855,317.634,66.57,1
1785492670,904322754,296.698,2.256,298.687,66.57,1
1785492670,970892334,273.914,2.048,275.834,0.0,1
1785492671,37601318,271.261,1.364,272.518,0.0,1
1785492671,104280762,265.709,1.302,266.918,0.0,1
1785492671,170960205,283.394,1.35,284.645,0.0,1
1785492671,237639648,290.627,1.24,291.772,0.0,1
1785492671,304319336,287.348,1.35,288.605,0.0,1
1785492671,370999268,332.764,3.934,336.583,66.68,1
1785492671,437678955,335.479,1.489,336.858,66.68,1
1785492671,504359131,331.479,1.904,333.088,66.68,1
1785492671,571039063,329.615,3.706,332.906,66.68,1
1785492671,637719238,317.304,1.688,318.703,66.68,1
1785492671,771080078,297.072,1.685,298.646,0.0,1
1785492671,837760498,295.738,1.881,297.515,0.0,1
1785492671,904441162,312.89,1.759,314.518,0.0,1
1785492672,37802979,296.277,1.857,298.032,0.0,1
1785492672,104226807,298.477,2.086,300.456,0.0,1
1785492672,171078369,302.528,1.731,304.156,0.0,1
1785492672,237932617,303.083,1.989,304.957,0.0,1
1785492672,304789063,299.084,1.562,300.549,0.0,1
1785492672,371648193,307.551,1.624,309.046,0.0,1
1785492672,505373535,310.753,8.507,319.102,0.0,1
1785492672,572239990,306.083,2.908,308.874,0.0,1
1785492672,639108887,306.962,1.376,308.24,0.0,1
1785492672,705980225,310.379,1.716,311.963,0.0,1
1785492672,772854004,304.365,1.416,305.684,0.0,1
1785492672,839730225,304.504,1.458,305.867,0.0,1
1785492672,906609131,322.185,1.69,323.744,66.881,1
1785492672,973490234,306.692,1.555,308.127,0.0,1
1785492673,40373779,310.954,1.992,312.815,0.0,1
1785492673,107814453,315.631,4.903,320.405,0.0,1
1785492673,174426758,334.556,3.125,336.961,66.611,1
1785492673,241037354,324.543,1.657,326.088,66.609,1
1785492673,374252686,321.798,1.594,323.12,0.0,1
1785492673,507460693,303.596,4.453,307.931,0.0,1
1785492673,574061768,307.191,4.401,311.47,0.0,1
1785492673,640661133,299.867,1.528,301.277,0.0,1
1785492673,707258545,308.476,1.578,309.95,0.0,1
1785492673,773854004,304.102,1.768,305.769,0.0,1
1785492673,840447754,304.202,1.521,305.622,0.0,1
1785492673,907039551,308.217,1.572,309.684,0.0,1
1785492673,973629395,328.847,2.269,330.939,66.588,1
1785492674,40217529,321.634,1.86,323.383,0.0,1
1785492674,173209229,304.285,1.402,305.589,0.0,1
1785492674,239972168,316.558,1.288,317.753,0.0,1
1785492674,306735107,319.474,1.677,321.051,0.0,1
1785492674,373498291,324.506,1.496,325.895,0.0,1
1785492674,440261719,354.906,3.7,358.486,0.0,1
1785492674,507024902,346.16,1.56,347.593,0.0,1
1785492674,640552002,344.416,2.157,346.425,0.0,1
1785492674,707315674,337.17,4.115,341.168,-66.764,1
1785492674,774079346,335.268,2.17,337.322,0.0,1
1785492674,840843262,338.242,1.705,339.845,0.0,1
1785492674,907607422,335.62,2.114,337.611,-66.764,1
1785492674,974371338,341.802,1.302,343.0,0.0,1
1785492675,41135498,359.36,5.765,364.99,66.841,1
1785492675,107976807,343.434,1.452,344.782,0.0,1
1785492675,174820313,336.021,1.923,337.831,-66.844,1
1785492675,241666016,345.277,1.902,347.06,0.0,1
1785492675,308513672,363.156,1.984,365.01,66.85,1
1785492675,375363525,345.864,4.201,349.938,0.0,1
1785492675,442215332,360.528,1.798,362.209,0.0,1
1785492675,509069580,363.613,4.716,368.187,-66.854,1
1785492675,575925781,344.323,2.552,346.74,-133.71,1
1785492675,642784180,370.983,1.503,372.293,66.86,1
1785492675,709644531,343.759,1.3,344.95,0.0,1
1785492675,776507324,342.595,1.529,344.023,0.0,1
1785492675,843372070,349.683,1.51,351.074,0.0,1
1785492675,910238770,345.857,1.324,347.092,0.0,1
1785492675,977107910,361.615,1.688,363.194,0.0,1
1785492676,43666992,389.433,1.488,390.819,0.0,1
1785492676,177333496,386.239,1.376,387.518,0.0,1
1785492676,244169922,407.493,1.662,409.04,66.839,1
1785492676,444692383,319.266,1.313,320.484,0.0,1
1785492676,578385010,264.409,6.32,270.578,0.0,1
1785492676,712086426,256.388,1.499,257.763,0.0,1
1785492676,778940430,265.993,2.174,267.984,0.0,1
1785492676,845796387,258.302,1.29,259.486,0.0,1
1785492676,912654785,250.884,1.479,252.254,0.0,1
1785492676,979515137,273.185,1.325,274.367,0.0,1
1785492677,46377686,290.843,1.628,292.365,0.0,1
1785492677,113242676,292.107,1.636,293.64,0.0,1
1785492677,179854736,298.562,1.607,299.796,0.0,1
1785492677,246464844,308.938,1.317,310.156,0.0,1
1785492677,313073242,306.952,1.464,308.317,0.0,1
1785492677,379679932,314.61,1.443,315.769,0.0,1
1785492677,446284668,325.71,1.692,327.3,0.0,1
1785492677,579488770,331.737,2.502,333.875,0.0,1
1785492677,646088135,328.493,2.778,331.132,0.0,1
1785492677,712685547,326.968,1.563,328.43,0.0,1
1785492677,779281250,340.709,1.387,342.002,0.0,1
1785492677,845875244,348.086,1.411,349.403,0.0,1
1785492677,912467285,361.738,1.337,362.977,0.0,1
1785492677,979057373,369.886,1.279,371.069,0.0,1
1785492678,45896729,380.118,1.379,381.399,0.0,1
1785492678,112498779,382.107,1.419,383.421,0.0,1
1785492678,179098877,384.219,1.394,385.51,-66.6,1
1785492678,245696777,393.68,6.83,398.371,0.0,1
1785492678,312292725,410.906,1.429,412.218,66.594,1
1785492678,445478027,384.56,1.761,386.203,0.0,1
1785492678,512067627,385.986,1.323,387.219,0.0,1
1785492678,578655029,386.927,1.362,388.178,0.0,1
1785492678,711823486,324.905,1.448,326.249,0.0,1
1785492678,844983643,265.133,1.705,266.729,0.0,1
1785492678,911560547,268.785,2.886,271.558,0.0,1
1785492678,978135254,267.784,3.198,270.855,0.0,1
1785492679,44707764,266.561,1.653,268.109,0.0,1
1785492679,111278320,272.06,1.581,273.526,0.0,1
1785492679,177941162,279.395,2.116,281.373,0.0,1
1785492679,244604004,278.422,2.117,280.377,0.0,1
1785492679,311266846,273.83,1.392,275.121,0.0,1
1785492679,377929443,272.238,1.453,273.589,0.0,1
1785492679,444591797,283.093,2.327,285.278,0.0,1
1785492679,511254150,278.175,2.135,280.182,0.0,1
1785492679,577916260,273.076,2.142,275.07,-66.662,1
1785492679,644578369,268.714,3.227,271.687,0.0,1
1785492679,711240234,266.129,6.786,272.505,0.0,1
1785492679,777902100,273.878,2.957,276.713,0.0,1
1785492679,844563721,266.796,1.509,268.162,-66.662,1
1785492679,911225342,275.065,1.542,276.481,-133.323,1
1785492679,977886719,272.928,2.17,274.912,0.0,1
1785492680,177821289,259.917,1.61,261.43,0.0,1
1785492680,244430908,259.345,1.504,260.747,0.0,1
1785492680,311038574,262.349,1.784,264.025,0.0,1
1785492680,377644287,262.703,5.132,267.471,0.0,1
1785492680,444248291,267.966,2.182,270.009,0.0,1
1785492680,510850342,261.669,3.467,264.99,0.0,1
1785492680,577450439,256.239,1.383,257.482,0.0,1
1785492680,644048828,279.28,1.349,280.53,0.0,1
1785492680,710645264,287.693,2.384,289.956,0.0,1
1785492680,777239746,282.673,1.235,283.816,-66.594,1
1785492680,843832520,289.781,1.392,291.082,0.0,1
1785492680,910423340,292.201,1.204,293.317,0.0,1
1785492680,977012207,293.382,1.378,294.666,0.0,1
1785492681,43599365,309.748,1.927,311.554,66.587,1
1785492681,110186035,303.989,1.219,305.118,0.0,1
1785492681,176797852,324.805,1.262,325.972,0.0,1
1785492681,243407715,328.056,2.186,330.132,0.0,1
1785492681,310015869,330.749,1.291,331.948,-66.608,1
1785492681,376621826,335.24,1.543,336.681,0.0,1
1785492681,443226318,335.477,1.924,337.287,0.0,1
1785492681,509828613,338.561,1.811,340.255,0.0,1
1785492681,576429199,343.912,1.323,345.143,0.0,1
1785492681,643028076,356.893,1.306,358.089,0.0,1
1785492681,709624756,358.528,1.549,359.968,0.0,1
1785492681,776219971,373.805,1.878,375.55,0.0,1
1785492681,842812988,387.58,1.558,389.037,-66.593,1
1785492681,909404297,385.989,3.079,388.959,0.0,1
1785492681,975993652,404.643,1.846,406.38,0.0,1
1785492682,42244385,413.815,1.327,415.048,0.0,1
1785492682,109011230,428.9,1.284,430.092,0.0,1
1785492682,175778320,437.663,1.274,438.845,0.0,1
1785492682,242545410,442.859,1.423,444.186,0.0,1
1785492682,442848145,329.831,1.721,331.457,-66.768,1
1785492682,509615967,344.021,1.638,345.52,0.0,1
1785492682,576384033,334.139,1.474,335.511,0.0,1
1785492682,643152344,334.108,1.497,335.512,0.0,1
1785492682,776689209,270.181,1.506,271.587,0.0,1
1785492682,910226563,211.688,1.305,212.862,0.0,1
1785492682,976995605,212.408,1.203,213.526,0.0,1
1785492683,43764893,219.153,1.414,220.447,0.0,1
1785492683,110534180,219.436,1.477,220.802,-66.769,1
1785492683,177303467,219.104,2.06,221.052,0.0,1
1785492683,244142090,215.162,1.743,216.793,0.0,1
1785492683,310982666,224.767,2.127,226.788,0.0,1
1785492683,377825439,235.39,1.368,236.629,0.0,1
1785492683,444670166,263.398,2.071,265.303,0.0,1
1785492683,645217285,254.74,2.932,257.545,0.0,1
1785492683,712070557,254.984,2.306,257.167,0.0,1
1785492683,778925781,253.054,2.196,255.122,0.0,1
1785492683,845783203,245.439,1.396,246.742,0.0,1
1785492683,979504639,244.971,1.31,246.172,0.0,1
1785492684,46368408,258.662,1.422,259.902,0.0,1
1785492684,113234131,259.372,1.482,260.75,0.0,1
1785492684,180125732,279.117,1.325,280.349,0.0,1
1785492684,246805664,289.745,1.317,290.968,0.0,1
1785492684,380166016,307.776,12.669,320.318,66.68,1
1785492684,513526611,295.113,1.923,296.903,0.0,1
1785492684,646887695,288.558,1.432,289.883,0.0,1
1785492684,780249512,280.532,1.412,281.854,0.0,1
1785492684,846930420,278.676,1.277,279.862,0.0,1
1785492684,913611572,278.793,1.42,280.116,0.0,1
1785492684,980292969,285.649,1.909,287.389,0.0,1
1785492685,46974365,279.564,1.317,280.792,0.0,1
1785492685,180345703,293.642,1.425,294.972,0.0,1
1785492685,247035889,301.144,1.342,302.392,0.0,1
1785492685,313726563,318.301,1.395,319.596,0.0,1
1785492685,380417725,323.996,1.372,325.276,0.0,1
1785492685,447109131,331.269,1.583,332.741,0.0,1
1785492685,513800781,339.291,1.516,340.697,0.0,1
1785492685,580493164,344.706,1.381,345.985,0.0,1
1785492685,647185547,351.18,1.419,352.496,0.0,1
1785492685,713878662,351.959,1.53,353.213,0.0,1
1785492685,780572021,354.661,1.627,356.187,0.0,1
1785492685,847265625,358.284,1.638,359.549,0.0,1
1785492685,913959717,361.403,1.593,362.884,0.0,1
1785492685,980654297,402.383,1.609,403.879,66.695,1
1785492686,47349121,387.167,1.528,388.6,0.0,1
1785492686,113747559,407.017,1.36,408.286,0.0,1
1785492686,180555176,411.345,1.492,412.736,0.0,1
1785492686,247363281,420.388,1.556,421.845,0.0,1
1785492686,314172363,420.009,1.597,421.501,0.0,1
1785492686,380981934,439.634,1.298,440.841,0.0,1
1785492686,514603760,394.306,1.69,395.829,0.0,1
1785492686,581415771,369.292,1.436,370.618,66.813,1
1785492686,715041992,345.194,1.394,346.493,0.0,1
1785492686,781856201,350.296,1.37,351.577,0.0,1
1785492686,915487061,291.976,1.315,293.201,0.0,1
1785492687,49121094,227.088,1.963,228.949,0.0,1
1785492687,115938965,234.734,4.66,239.272,0.0,1
1785492687,182757813,246.386,1.762,248.028,0.0,1
1785492687,249781006,237.819,1.41,239.135,0.0,1
1785492687,316396484,239.023,1.443,240.364,0.0,1
1785492687,383010010,244.559,4.49,248.925,0.0,1
1785492687,449621826,259.12,2.432,261.436,0.0,1
1785492687,516231689,259.874,1.239,261.024,0.0,1
1785492687,582839844,267.384,1.661,268.884,0.0,1
1785492687,649446045,276.725,1.295,277.907,0.0,1
1785492687,716050293,283.807,1.763,285.458,0.0,1
1785492687,782653076,287.256,1.422,288.563,0.0,1
1785492687,849253662,290.274,1.411,291.568,0.0,1
1785492687,915852783,292.154,1.798,293.701,-66.599,1
1785492688,49045166,287.411,1.496,288.771,0.0,1
1785492688,182024658,290.558,1.843,292.281,0.0,1
1785492688,315409668,290.918,1.354,292.174,0.0,1
1785492688,382102783,291.184,2.316,293.092,0.0,1
1785492688,448796143,287.261,1.618,288.78,0.0,1
1785492688,515489990,309.496,1.339,310.74,0.0,1
1785492688,582184326,323.695,1.59,325.183,0.0,1
1785492688,648878906,320.208,1.689,321.796,0.0,1
1785492688,715573975,325.423,2.186,327.5,0.0,1
1785492688,782269287,320.367,2.067,322.33,0.0,1
1785492688,848965088,331.281,4.287,335.376,0.0,1
1785492688,915661377,327.598,1.422,328.923,0.0,1
1785492688,982357910,325.391,1.673,326.963,0.0,1
1785492689,49054932,355.197,2.128,357.205,66.919,1
1785492689,115974365,343.186,2.055,344.809,0.0,1
1785492689,182600098,341.979,2.222,344.076,-66.626,1
1785492689,249224121,340.421,1.539,341.863,0.0,1
1785492689,315846436,349.037,1.423,350.364,0.0,1
1785492689,449086182,344.709,1.451,346.06,0.0,1
1785492689,515703613,348.845,1.211,349.968,0.0,1
1785492689,582319092,356.677,2.393,358.966,0.0,1
1785492689,648933105,357.565,1.204,358.68,0.0,1
1785492689,715545654,357.124,1.275,358.276,-66.613,1
1785492689,782156250,353.936,1.311,355.156,-133.223,1
1785492689,848765381,355.836,1.559,357.271,-199.832,1
1785492689,915372559,353.074,1.37,354.341,0.0,1
1785492689,981978271,374.238,1.614,375.733,66.604,1
1785492690,48582275,358.207,1.282,359.399,0.0,1
1785492690,114422363,367.226,1.4,368.531,0.0,1
1785492690,181273438,376.036,1.437,377.366,0.0,1
1785492690,248126953,380.69,1.416,382.002,-66.854,1
1785492690,314983154,395.473,1.375,396.663,0.0,1
1785492690,381841797,420.504,1.789,422.129,0.0,1
1785492690,448702881,413.737,1.345,414.923,0.0,1
1785492690,515566406,417.302,1.486,418.633,0.0,1
1785492690,582432617,422.379,2.436,424.707,0.0,1
1785492690,716172607,367.568,1.722,369.16,0.0,1
1785492690,783046387,355.507,1.713,357.094,-66.874,1
1785492690,849922607,343.061,1.641,344.525,66.879,1
1785492690,916801514,318.968,1.47,320.336,0.0,1
1785492690,983682617,327.915,1.408,329.218,0.0,1
1785492691,50566650,337.895,1.732,339.414,0.0,1
1785492691,117452881,355.239,1.471,356.606,0.0,1
1785492691,184342285,358.466,1.599,359.961,0.0,1
1785492691,251234375,358.769,1.455,360.127,0.0,1
1785492691,385028320,388.086,2.092,390.021,66.901,1
1785492691,451929688,383.338,2.989,386.164,0.0,1
1785492691,585741943,375.076,1.379,376.366,0.0,1
1785492691,652652588,391.888,1.922,393.684,0.0,1
1785492691,719566162,384.811,1.407,386.127,0.0,1
1785492691,786482910,403.202,2.306,405.298,0.0,1
1785492691,853402832,398.14,1.77,399.796,0.0,1
1785492691,920325684,394.632,4.967,399.495,0.0,1
1785492691,987251709,412.508,1.777,414.165,133.858,1
1785492692,121110107,341.572,1.552,343.002,0.0,1
1785492692,187971191,339.212,1.536,340.625,66.864,1
1785492692,254834961,312.986,1.273,314.169,0.0,1
1785492692,321701172,315.835,1.289,317.021,0.0,1
1785492692,388570068,322.783,1.384,324.076,0.0,1
1785492692,522315918,332.012,1.454,333.323,0.0,1
1785492692,589192871,333.312,1.697,334.907,0.0,1
1785492692,656072266,335.083,12.719,347.674,0.0,1
1785492692,722954346,339.461,1.272,340.643,0.0,1
1785492692,789839111,343.215,1.309,344.432,0.0,1
1785492692,856726563,348.051,1.294,349.234,0.0,1
1785492692,923616455,350.554,1.267,351.733,0.0,1
1785492692,990509277,364.719,1.598,366.204,0.0,1
1785492693,57404541,362.875,1.369,364.092,0.0,1
1785492693,124672607,371.993,1.619,373.512,0.0,1
1785492693,191299805,380.406,4.975,384.175,0.0,1
1785492693,257925293,393.466,3.067,396.421,0.0,1
1785492693,324549072,401.953,2.611,404.444,0.0,1
1785492693,391171387,426.006,1.996,427.218,66.62,1
1785492693,457791748,414.324,1.566,415.781,0.0,1
1785492693,591028076,359.754,1.515,361.173,0.0,1
1785492693,724257813,302.278,1.378,303.484,0.0,1
1785492693,790870117,300.402,1.352,301.662,0.0,1
1785492693,857480957,301.703,1.46,303.065,0.0,1
1785492693,990697510,302.834,1.712,304.268,0.0,1
1785492694,57303467,316.12,2.211,318.165,0.0,1
1785492694,123907471,312.726,1.384,313.972,-66.604,1
1785492694,190124512,338.074,1.607,339.534,0.0,1
1785492694,256917969,340.753,1.387,342.05,0.0,1
1785492694,323712158,366.359,1.479,367.73,0.0,1
1785492694,390506836,385.975,1.334,387.209,0.0,1
1785492694,457302246,389.399,1.606,390.832,0.0,1
1785492694,524097900,387.749,1.445,389.097,0.0,1
1785492694,590894531,388.85,1.37,390.127,0.0,1
1785492694,657691406,393.999,1.523,395.415,0.0,1
1785492694,791287109,326.239,1.355,327.499,0.0,1
1785492694,924885254,272.985,1.41,274.299,0.0,1
1785492694,991685059,285.991,1.472,287.365,0.0,1
1785492695,58485352,285.738,1.66,287.297,0.0,1
1785492695,125286377,296.385,1.539,297.822,0.0,1
1785492695,192476807,321.025,2.529,323.439,0.0,1
1785492695,259085449,320.168,1.604,321.673,0.0,1
1785492695,325692139,318.971,1.392,320.258,0.0,1
1785492695,392296875,321.045,1.495,322.439,0.0,1
1785492695,458899658,327.936,1.597,329.352,-66.603,1
1785492695,525500244,328.506,1.501,329.811,-133.203,1
1785492695,592099121,326.572,1.408,327.883,0.0,1
1785492695,658696045,325.667,1.347,326.925,0.0,1
1785492695,725291016,328.57,2.066,330.529,0.0,1
1785492695,791884033,328.95,2.174,331.019,0.0,1
1785492695,858474854,327.297,2.053,329.244,0.0,1
1785492695,925063965,327.677,2.009,329.58,0.0,1
1785492695,991651123,328.123,1.669,329.686,0.0,1
1785492696,58236328,338.943,1.892,340.715,0.0,1
1785492696,124819580,338.41,1.977,340.274,0.0,1
1785492696,191399414,344.427,1.736,346.061,0.0,1
1785492696,257977051,345.124,1.723,346.748,0.0,1
1785492696,324552246,350.504,1.489,351.885,0.0,1
1785492696,391125000,360.15,4.044,364.079,0.0,1
1785492696,457695557,371.247,1.529,372.512,0.0,1
1785492696,524263672,369.984,1.433,371.321,0.0,1
1785492696,590829346,374.094,2.271,376.24,0.0,1
1785492696,657392822,387.829,2.165,389.7,0.0,1
1785492696,723953857,386.103,1.363,387.371,0.0,1
1785492696,790512695,395.067,1.742,396.705,0.0,1
1785492696,857069092,398.711,1.684,400.293,0.0,1
1785492696,923623047,402.316,10.118,412.324,0.0,1
1785492696,990174561,416.913,1.52,418.332,0.0,1
1785492697,123272949,356.678,1.521,358.094,0.0,1
1785492697,189880127,347.196,2.81,349.886,66.605,1
1785492697,256485352,335.552,2.841,338.27,66.603,1
1785492697,323088623,335.297,1.919,337.009,66.601,1
1785492697,389689941,329.955,1.994,331.815,0.0,1
1785492697,456289307,325.249,1.562,326.702,0.0,1
1785492697,522886719,341.536,1.504,342.925,0.0,1
1785492697,589482178,348.222,1.229,349.342,0.0,1
1785492697,656075684,349.651,1.344,350.9,0.0,1
1785492697,722667236,355.791,1.953,357.62,0.0,1
1785492697,789256836,357.439,1.605,358.926,0.0,1
1785492697,855844482,356.584,1.268,357.754,0.0,1
1785492697,922430176,354.065,1.281,355.254,0.0,1
1785492697,989013916,357.113,1.607,358.513,0.0,1
1785492698,55595459,364.03,3.881,367.691,0.0,1
1785492698,122176758,398.029,1.508,399.436,0.0,1
1785492698,188868896,413.666,1.301,414.865,0.0,1
1785492698,255561279,434.707,1.5,436.097,66.693,1
1785492698,322253906,431.136,1.328,432.374,0.0,1
1785492698,388947021,453.199,2.607,455.691,0.0,1
1785492698,522334473,388.224,1.364,389.495,0.0,1
1785492698,655723145,342.517,1.876,344.267,0.0,1
1785492698,789113281,345.596,1.361,346.849,0.0,1
1785492698,922504639,292.032,1.783,293.695,0.0,1
1785492698,989200928,276.144,3.456,277.964,66.697,1
1785492699,55897705,258.444,1.904,259.987,66.697,1
1785492699,122594727,237.822,1.371,239.099,0.0,1
1785492699,189294678,244.137,1.715,245.586,0.0,1
1785492699,255990967,256.613,1.852,258.365,0.0,1
1785492699,322695068,260.491,1.697,262.085,0.0,1
1785492699,389399658,256.722,1.789,258.411,0.0,1
1785492699,456104980,264.22,2.135,266.025,0.0,1
1785492699,589517090,258.094,1.657,259.5,0.0,1
1785492699,656224121,259.903,1.804,261.604,0.0,1
1785492699,722931641,260.6,1.723,262.018,0.0,1
1785492699,789639648,259.446,2.033,261.35,0.0,1
1785492699,856348389,256.705,1.943,258.539,0.0,1
1785492699,989767334,252.413,1.633,253.928,0.0,1
1785492700,56477783,238.439,1.366,239.677,0.0,1
1785492700,123188477,261.58,1.743,263.176,0.0,1
1785492700,189900146,269.127,1.575,270.598,0.0,1
1785492700,256612061,281.209,1.546,282.658,0.0,1
1785492700,323479004,281.564,1.233,282.707,0.0,1
1785492700,390269287,285.124,1.344,286.375,0.0,1
1785492700,457060303,314.2,1.299,315.403,0.0,1
1785492700,523852051,312.803,1.977,314.668,0.0,1
1785492700,590644287,331.309,2.031,333.219,0.0,1
1785492700,657437256,344.142,1.408,345.388,0.0,1
1785492700,724230957,351.859,1.38,353.072,0.0,1
1785492700,791025146,351.903,1.631,353.423,0.0,1
1785492700,857820068,350.745,1.382,352.026,0.0,1
1785492700,924615479,350.466,1.332,351.694,0.0,1
1785492700,991411621,347.369,1.318,348.582,0.0,1
1785492701,58208496,369.266,1.805,370.94,0.0,1
1785492701,125005859,371.155,1.523,372.526,0.0,1
1785492701,191802734,366.789,1.434,368.095,0.0,1
1785492701,258511230,365.591,1.522,367.009,0.0,1
1785492701,325219971,370.65,1.236,371.789,0.0,1
1785492701,392023682,378.486,1.184,379.586,0.0,1
1785492701,458827881,394.622,5.842,400.351,0.0,1
1785492701,525632813,399.236,1.762,400.762,0.0,1
1785492701,592438721,393.747,5.785,399.351,-66.806,1
1785492701,659244873,393.195,1.458,394.555,0.0,1
1785492701,726052002,402.092,1.801,403.784,0.0,1
1785492701,792859619,413.337,1.658,414.897,0.0,1
1785492701,859668213,410.734,1.38,412.016,133.619,1
1785492701,993286865,335.345,3.333,338.553,66.81,1
1785492702,60097168,329.196,5.686,334.736,66.811,1
1785492702,126908203,306.827,2.071,308.583,0.0,1
1785492702,260532471,305.861,1.536,307.294,0.0,1
1785492702,327344238,308.371,1.54,309.806,0.0,1
1785492702,394048828,330.867,3.91,334.606,0.0,1
1785492702,460754395,327.245,9.137,336.242,0.0,1
1785492702,594166992,323.675,1.366,324.929,0.0,1
1785492702,660874512,320.921,1.754,322.575,0.0,1
1785492702,727582764,321.393,1.413,322.702,0.0,1
1785492702,794291748,325.964,4.716,327.276,0.0,1
1785492702,861001221,325.936,5.069,330.816,0.0,1
1785492702,927711670,323.959,1.738,325.593,0.0,1
1785492702,994422607,324.092,1.549,325.546,0.0,1
1785492703,61134277,329.235,3.675,332.786,0.0,1
1785492703,127846680,330.681,2.287,332.856,0.0,1
1785492703,194559814,334.236,1.452,335.586,0.0,1
1785492703,261273682,334.519,1.425,335.831,0.0,1
1785492703,327988281,331.741,1.546,333.187,0.0,1
1785492703,394613037,363.922,1.344,365.165,0.0,1
1785492703,527857666,359.749,1.609,361.241,0.0,1
1785492703,594477539,358.422,1.683,359.998,0.0,1
1785492703,661095947,354.159,1.619,355.428,0.0,1
1785492703,727712891,357.274,1.416,358.585,0.0,1
1785492703,794328125,359.92,1.447,361.266,0.0,1
1785492703,860941650,362.37,1.441,363.717,0.0,1
1785492703,927553711,358.935,1.635,360.471,0.0,1
1785492703,994164307,364.602,1.864,366.357,0.0,1
1785492704,60773438,367.092,1.357,368.339,0.0,1
1785492704,127380859,370.489,1.616,372.006,0.0,1
1785492704,193986572,371.615,1.699,373.103,0.0,1
1785492704,260590820,374.134,1.366,375.403,0.0,1
1785492704,327194824,402.627,2.156,404.656,66.62,1
1785492704,393815186,384.37,1.249,385.523,0.0,1
1785492704,460434082,393.644,1.362,394.908,0.0,1
1785492704,527051270,402.685,1.536,404.119,0.0,1
1785492704,593666504,405.727,1.639,407.196,0.0,1
1785492704,660280273,411.481,1.263,412.654,0.0,1
1785492704,726892334,414.825,1.417,416.142,0.0,1
1785492704,793502686,448.583,1.792,450.231,0.0,1
1785492704,926718262,360.116,1.743,361.733,66.605,1
1785492704,993323730,336.573,2.437,338.606,0.0,1
1785492705,59927246,340.081,1.384,341.363,0.0,1
1785492705,126529297,338.702,1.669,340.261,0.0,1
1785492705,193129395,341.936,1.286,343.13,0.0,1
1785492705,259728027,345.006,1.321,346.217,0.0,1
1785492705,326326172,360.462,1.393,361.749,0.0,1
1785492705,392946777,358.25,1.3,359.455,0.0,1
1785492705,459565918,369.54,1.543,370.8,0.0,1
1785492705,526183105,398.528,3.494,401.86,0.0,1
1785492705,592798828,399.958,1.589,401.425,0.0,1
1785492705,659412842,414.35,1.35,415.599,0.0,1
1785492705,726025146,411.045,1.396,412.285,0.0,1
1785492705,792635986,415.646,4.325,419.843,0.0,1
1785492705,859244873,425.434,1.823,427.134,0.0,1
1785492705,925852051,403.495,1.712,405.029,133.21,1
1785492706,125664063,321.122,1.333,322.317,0.0,1
1785492706,192264648,341.14,1.468,342.505,0.0,1
1785492706,258863525,352.775,1.231,353.917,0.0,1
1785492706,325461914,359.534,1.304,360.743,0.0,1
1785492706,458870850,377.427,1.903,379.211,0.0,1
1785492706,592281982,367.707,1.543,369.052,0.0,1
1785492706,658988525,366.498,1.537,367.93,0.0,1
1785492706,725695313,380.744,1.307,381.958,0.0,1
1785492706,859111084,391.562,1.571,393.027,0.0,1
1785492706,925819580,389.845,1.443,391.19,0.0,1
1785492706,992528809,395.958,1.731,397.458,0.0,1
1785492707,59238281,410.287,3.099,413.271,0.0,1
1785492707,125948486,415.367,2.027,417.287,0.0,1
1785492707,326082275,284.178,1.312,285.404,0.0,1
1785492707,392962891,290.848,1.567,292.302,0.0,1
1785492707,459846191,311.271,1.234,312.411,0.0,1
1785492707,526732666,308.491,1.226,309.627,0.0,1
1785492707,593621826,314.128,1.514,315.54,0.0,1
1785492707,660513916,327.081,1.539,328.515,0.0,1
1785492707,727409180,344.144,1.316,345.364,0.0,1
1785492707,794307129,347.191,1.347,348.387,0.0,1
1785492707,861207764,345.664,1.397,346.866,0.0,1
1785492707,928111572,352.711,1.445,354.045,0.0,1
1785492707,995018311,352.889,1.748,354.528,0.0,1
1785492708,61927734,351.273,1.735,352.903,0.0,1
1785492708,128840332,354.414,1.71,356.022,0.0,1
1785492708,195755615,356.897,1.767,358.56,0.0,1
1785492708,262673828,366.137,1.604,367.627,0.0,1
1785492708,329592529,389.647,1.794,391.312,66.72,1
1785492708,463034180,381.352,1.432,382.684,0.0,1
1785492708,529756348,392.596,1.454,393.949,0.0,1
1785492708,596479248,401.505,1.731,403.109,0.0,1
1785492708,663203125,415.494,1.42,416.792,66.725,1
1785492708,796653564,391.764,1.268,392.94,0.0,1
1785492708,863379883,435.027,5.523,440.419,0.0,1
1785492708,930107178,398.035,2.0,399.884,133.457,1
1785492709,130294434,304.21,1.376,305.489,0.0,1
1785492709,197025146,304.877,1.411,306.189,-66.731,1
1785492709,263756592,308.808,1.333,310.047,0.0,1
1785492709,330488770,312.651,1.337,313.888,0.0,1
1785492709,397294678,342.868,3.862,346.589,66.807,1
1785492709,464101563,326.21,2.171,328.155,0.0,1
1785492709,530909180,327.399,1.318,328.62,-66.808,1
1785492709,597717529,327.908,1.486,329.249,0.0,1
1785492709,664526855,324.647,1.28,325.835,0.0,1
1785492709,731336914,345.198,4.719,349.789,66.811,1
1785492709,798147949,327.824,1.575,329.217,0.0,1
1785492709,864959961,340.551,1.257,341.717,0.0,1
1785492709,931772705,345.478,1.414,346.772,0.0,1
1785492709,998586182,347.758,3.065,350.671,-66.813,1
1785492710,65400635,347.273,1.482,348.568,0.0,1
1785492710,132216064,349.04,1.369,350.265,0.0,1
1785492710,199032227,373.612,1.533,374.878,0.0,1
1785492710,265849121,378.299,1.588,379.781,0.0,1
1785492710,332666016,398.512,1.946,400.299,0.0,1
1785492710,399551025,397.298,2.671,399.832,-66.885,1
1785492710,466439209,399.626,2.678,402.177,0.0,1
1785492710,600225098,387.678,1.718,389.293,0.0,1
1785492710,667122559,388.415,1.388,389.709,0.0,1
1785492710,734023193,411.97,1.692,413.543,0.0,1
1785492710,867833984,325.913,4.632,330.417,-133.811,1
1785492710,934743896,323.157,1.51,324.549,66.913,1
1785492711,1656982,304.046,1.612,305.532,66.916,1
1785492711,68572998,294.952,1.463,296.309,0.0,1
1785492711,135492432,310.086,1.457,311.353,0.0,1
1785492711,202414795,307.687,1.642,309.222,0.0,1
1785492711,269340088,312.688,1.505,314.091,0.0,1
1785492711,336266602,308.912,1.375,310.187,0.0,1
1785492711,403058350,320.676,1.309,321.89,0.0,1
1785492711,469850830,340.521,1.42,341.847,0.0,1
1785492711,536643799,340.338,1.548,341.779,0.0,1
1785492711,603437500,339.305,1.643,340.751,0.0,1
1785492711,670231689,339.862,1.658,341.169,0.0,1
1785492711,737026611,343.047,1.398,344.347,0.0,1
1785492711,803822021,338.367,1.468,339.734,0.0,1
1785492711,870618164,337.952,1.399,339.252,-66.796,1
1785492711,937414795,338.505,1.411,339.818,0.0,1
1785492712,4212158,343.038,1.375,344.315,0.0,1
1785492712,71010010,349.952,10.941,360.599,0.0,1
1785492712,137808594,363.44,2.113,365.432,66.799,1
1785492712,204607666,358.119,1.819,359.811,0.0,1
1785492712,338207275,348.403,2.353,350.636,0.0,1
1785492712,404488770,348.406,1.556,349.847,0.0,1
1785492712,471112793,375.522,1.221,376.654,0.0,1
1785492712,537735107,374.254,1.459,375.611,0.0,1
1785492712,604355713,388.026,9.237,390.699,66.619,1
1785492712,670974854,377.75,1.808,379.416,0.0,1
1785492712,737592529,374.055,1.984,375.91,0.0,1
1785492712,804208252,385.348,3.492,388.648,66.615,1
1785492712,870822754,370.206,1.625,371.703,0.0,1
1785492712,937435303,365.051,2.003,366.925,-66.613,1
1785492713,4046631,363.046,1.22,364.176,0.0,1
1785492713,70656006,379.486,1.41,380.789,0.0,1
1785492713,137263916,408.794,1.425,410.114,0.0,1
1785492713,203872070,407.293,1.225,408.426,0.0,1
1785492713,270607910,409.746,1.717,411.352,0.0,1
1785492713,337343750,436.55,1.735,438.157,0.0,1
1785492713,403965332,440.623,1.524,442.042,0.0,1
1785492713,537203125,368.074,1.394,369.361,66.616,1
1785492713,603819580,341.905,1.59,343.388,0.0,1
1785492713,670434326,339.192,1.771,340.861,0.0,1
1785492713,737047363,339.344,1.36,340.614,0.0,1
1785492713,803658691,352.125,1.399,353.41,0.0,1
1785492714,3482910,225.984,1.713,227.587,0.0,1
1785492714,70087646,232.687,1.336,233.864,0.0,1
1785492714,136690674,240.635,1.462,241.993,0.0,1
1785492714,203292236,259.032,2.177,261.082,0.0,1
1785492714,269891846,255.199,1.742,256.845,0.0,1
1785492714,336491455,264.918,1.872,266.647,0.0,1
1785492714,403271729,286.04,3.466,289.371,0.0,1
1785492714,470052490,293.429,2.272,295.576,-66.781,1
1785492714,536833496,292.716,1.846,294.462,0.0,1
1785492714,603615234,304.133,1.906,305.938,0.0,1
1785492714,670396973,301.992,1.353,303.254,0.0,1
1785492714,737179443,306.191,1.439,307.535,-66.782,1
1785492714,803962158,307.447,3.267,310.607,0.0,1
1785492714,870745117,317.742,1.357,319.007,0.0,1
1785492714,937528564,327.743,4.939,332.525,0.0,1
1785492715,4312500,329.392,1.663,330.917,0.0,1
1785492715,71096924,337.872,1.599,339.351,0.0,1
1785492715,137881592,338.79,1.565,340.229,0.0,1
1785492715,204666504,340.508,1.594,342.004,0.0,1
1785492715,271452148,340.887,1.313,342.098,0.0,1
1785492715,338237305,341.885,1.278,343.062,-66.785,1
1785492715,404963623,349.144,1.331,350.376,0.0,1
1785492715,538490723,356.345,1.501,357.728,0.0,1
1785492715,605254639,350.575,1.367,351.822,0.0,1
1785492715,672018311,351.209,1.3,352.408,0.0,1
1785492715,738782227,353.162,1.281,354.325,0.0,1
1785492715,805546143,358.333,1.382,359.616,0.0,1
1785492715,872310303,361.961,1.366,363.226,0.0,1
1785492715,939074463,361.774,1.377,363.032,0.0,1
1785492716,5838623,362.756,1.304,363.961,0.0,1
1785492716,72603027,369.587,1.507,370.978,0.0,1
1785492716,139367432,379.858,4.508,384.255,66.765,1
1785492716,206132080,363.766,1.208,364.886,0.0,1
1785492716,272896729,380.754,1.545,382.156,0.0,1
1785492716,339661377,391.492,4.607,395.949,0.0,1
1785492716,406425781,402.412,1.502,403.817,0.0,1
1785492716,473277344,401.744,1.566,403.208,0.0,1
1785492716,540131348,403.191,1.542,404.633,0.0,1
1785492716,606987793,414.126,15.007,429.005,0.0,1
1785492716,740707275,348.76,1.838,350.478,66.863,1
1785492716,807570557,344.867,5.277,350.028,66.866,1
1785492716,874436279,328.813,1.746,330.439,66.868,1
1785492716,941303955,308.875,1.33,310.107,0.0,1
1785492717,8174316,306.229,1.349,307.483,0.0,1
1785492717,75046631,311.181,1.77,312.756,0.0,1
1785492717,141921631,316.042,2.673,317.339,0.0,1
1785492717,208798584,321.821,12.178,333.853,0.0,1
1785492717,275677979,319.826,1.219,320.954,-66.879,1
1785492717,342559814,315.064,1.725,316.688,-133.761,1
1785492717,475795166,322.668,6.732,329.265,0.0,1
1785492717,542502441,328.188,1.678,329.753,0.0,1
1785492717,609210449,322.605,6.217,328.623,0.0,1
1785492717,675919189,329.174,1.472,330.554,0.0,1
1785492717,742628662,329.705,1.869,331.456,0.0,1
1785492717,809338867,330.166,1.756,331.821,0.0,1
1785492717,876049805,326.381,4.189,329.874,0.0,1
1785492717,942761475,325.621,3.666,329.163,0.0,1
1785492718,9473877,356.801,1.641,358.326,66.713,1
1785492718,76187012,350.259,2.877,352.71,0.0,1
1785492718,142901123,344.132,1.589,345.626,-66.714,1
1785492718,209615723,356.526,5.217,360.232,0.0,1
1785492718,276331543,364.023,1.624,365.435,0.0,1
1785492718,343079102,369.161,1.447,370.508,0.0,1
1785492718,409826904,371.495,1.432,372.828,0.0,1
1785492718,476433105,381.79,1.6,383.287,0.0,1
1785492718,543037598,391.301,1.569,392.624,-66.604,1
1785492718,609640137,384.773,1.433,385.989,-133.207,1
1785492718,676240723,383.619,1.352,384.862,0.0,1
1785492718,742839355,411.259,1.415,412.575,0.0,1
1785492718,809436279,389.827,4.864,394.567,-66.597,1
1785492718,942624023,312.31,3.853,316.043,66.591,1
1785492719,9215088,292.072,1.659,293.503,0.0,1
1785492719,75804199,308.521,1.532,309.963,0.0,1
1785492719,142391357,317.39,1.344,318.64,0.0,1
1785492719,208976807,329.791,1.704,331.318,0.0,1
1785492719,275560059,334.849,1.341,336.09,0.0,1
1785492719,342141602,350.07,2.172,352.127,0.0,1
1785492719,408722900,361.687,1.583,363.157,0.0,1
1785492719,475329590,379.261,1.477,380.639,0.0,1
1785492719,541934570,380.44,1.621,381.958,0.0,1
1785492719,608537598,380.313,1.641,381.853,0.0,1
1785492719,675138428,381.159,1.563,382.624,0.0,1
1785492719,741737549,379.606,1.549,381.059,-66.599,1
1785492719,808334717,380.805,1.474,382.169,0.0,1
1785492719,874930176,381.129,1.616,382.647,0.0,1
1785492719,941523438,388.649,1.46,389.975,0.0,1
1785492720,8114990,388.185,1.485,389.564,-66.592,1
1785492720,74704346,389.185,1.502,390.589,0.0,1
1785492720,141291992,396.613,4.104,399.968,-66.588,1
1785492720,207877686,406.342,1.384,407.626,0.0,1
1785492720,274461670,399.958,1.729,401.461,66.582,1
1785492720,407625244,325.536,2.434,327.856,-66.582,1
1785492720,541558594,316.433,1.81,318.142,0.0,1
1785492720,608293945,317.435,1.729,318.895,0.0,1
1785492720,675028809,317.625,1.365,318.895,0.0,1
1785492720,741763428,325.343,1.425,326.649,0.0,1
1785492720,808497803,327.809,1.572,329.262,0.0,1
1785492720,875231689,327.56,1.489,328.935,0.0,1
1785492720,941965332,333.476,1.397,334.767,0.0,1
1785492721,8698730,334.436,1.629,335.954,0.0,1
1785492721,75431885,339.387,1.399,340.634,0.0,1
1785492721,142164551,342.579,1.511,343.992,0.0,1
1785492721,208896729,362.528,1.418,363.845,0.0,1
1785492721,275616211,365.525,2.332,367.604,0.0,1
1785492721,342335938,371.727,1.492,373.123,0.0,1
1785492721,409055420,411.644,1.812,413.328,66.747,1
1785492721,475802002,382.522,1.333,383.758,0.0,1
1785492721,542548584,407.68,1.472,409.058,0.0,1
1785492721,609294922,404.519,1.366,405.773,0.0,1
1785492721,676041016,417.922,1.45,419.273,0.0,1
1785492721,742787109,435.215,1.565,436.678,0.0,1
1785492721,876278320,360.146,1.769,361.803,66.745,1
1785492721,943023682,343.401,1.685,344.965,66.745,1
1785492722,9769043,318.181,1.305,319.391,0.0,1
1785492722,76513916,328.063,2.104,329.946,0.0,1
1785492722,143258789,324.549,1.438,325.875,-66.745,1
1785492722,210003418,344.214,1.623,345.71,0.0,1
1785492722,276747803,339.682,1.345,340.931,0.0,1
1785492722,343491943,345.424,2.194,347.495,0.0,1
1785492722,410235840,354.072,1.344,355.322,-66.744,1
1785492722,477357666,371.517,2.801,374.192,-133.866,1
1785492722,544229980,367.321,1.22,368.449,0.0,1
1785492722,611103760,372.811,1.333,374.051,0.0,1
1785492722,677978760,404.963,1.871,406.614,66.876,1
1785492722,744854736,402.129,1.632,403.632,0.0,1
1785492722,878610840,397.936,2.148,399.96,0.0,1
1785492722,945490723,396.486,1.59,397.969,0.0,1
1785492723,12372070,395.803,1.947,397.6,0.0,1
1785492723,213022949,301.003,1.375,302.288,0.0,1
1785492723,279907227,322.558,4.698,327.049,0.0,1
1785492723,346634766,321.464,1.571,322.935,0.0,1
1785492723,480000732,337.784,6.442,343.886,0.0,1
1785492723,546638428,333.622,1.782,335.294,0.0,1
1785492723,613275391,340.309,1.441,341.649,0.0,1
1785492723,679912109,335.396,2.06,337.347,0.0,1
1785492723,746548096,340.504,1.639,342.038,0.0,1
1785492723,813183350,337.806,1.361,339.072,0.0,1
1785492723,879818115,335.417,1.552,336.696,0.0,1
1785492723,946452393,337.643,1.562,339.105,0.0,1
1785492724,79718994,339.47,1.532,340.895,0.0,1
1785492724,146351318,341.747,1.392,343.044,0.0,1
1785492724,212983154,339.832,1.533,341.178,0.0,1
1785492724,279614502,338.731,1.374,340.007,0.0,1
1785492724,346245117,338.967,1.479,340.346,0.0,1
1785492724,412876465,369.981,1.517,371.389,66.398,1
1785492724,479274902,364.198,1.635,365.716,66.548,1
1785492724,678910645,342.751,1.791,344.437,0.0,1
1785492724,745450195,347.664,1.264,348.837,0.0,1
1785492724,811987305,345.689,1.322,346.916,0.0,1
1785492724,878521484,343.541,1.501,344.938,0.0,1
1785492724,945052979,345.939,1.307,347.097,0.0,1
1785492725,11581787,348.443,1.567,349.894,0.0,1
1785492725,78107910,346.851,1.331,348.035,0.0,1
1785492725,144631348,349.536,1.38,350.819,0.0,1
1785492725,211151855,352.494,1.427,353.74,0.0,1
1785492725,277671875,351.891,1.426,353.22,0.0,1
1785492725,344375244,353.146,1.809,354.848,0.0,1
1785492725,411078613,360.578,1.401,361.872,0.0,1
1785492725,477622314,371.324,2.166,373.336,-66.544,1
1785492725,544271484,367.045,1.568,368.506,-133.193,1
1785492725,610920410,368.999,1.471,370.374,0.0,1
1785492725,677569092,366.612,1.8,368.309,0.0,1
1785492725,744217041,368.605,1.649,370.156,0.0,1
1785492725,810864746,368.484,1.478,369.859,0.0,1
1785492725,877512207,371.687,1.428,373.018,0.0,1
1785492725,944159180,377.724,1.607,379.23,0.0,1
1785492726,10805664,388.353,1.495,389.681,0.0,1
1785492726,77451660,396.15,2.269,398.294,0.0,1
1785492726,144097412,394.958,2.352,397.159,0.0,1
1785492726,210742676,394.134,2.141,396.155,0.0,1
1785492726,277388428,395.169,2.084,397.125,0.0,1
1785492726,344088623,404.973,1.429,406.302,-66.7,1
1785492726,544050049,289.719,1.279,290.894,0.0,1
1785492726,610710938,291.275,1.908,293.076,0.0,1
1785492726,677371582,296.526,1.997,297.924,0.0,1
1785492726,744032227,297.143,1.992,299.024,0.0,1
1785492726,810692871,294.973,1.433,296.29,0.0,1
1785492726,877353271,293.905,1.464,295.273,0.0,1
1785492726,944013428,295.367,1.35,296.624,0.0,1
1785492727,10673340,296.062,1.334,297.287,0.0,1
1785492727,77333252,296.189,1.633,297.719,0.0,1
1785492727,143992920,307.548,1.758,309.206,0.0,1
1785492727,210653076,309.001,1.452,310.339,0.0,1
1785492727,277352295,305.696,1.441,306.921,0.0,1
1785492727,344051758,307.7,1.558,309.163,0.0,1
1785492727,410750977,309.906,2.665,312.459,0.0,1
1785492727,477432373,322.033,3.647,325.534,-66.681,1
1785492727,544113770,317.154,2.272,319.302,0.0,1
1785492727,610795410,314.779,2.017,316.685,0.0,1
1785492727,677477051,320.251,3.47,323.501,-66.682,1
1785492727,744158936,316.801,2.515,319.193,0.0,1
1785492727,810841064,336.88,2.198,338.956,66.682,1
1785492727,944205566,306.582,1.723,308.201,0.0,1
1785492728,10887939,312.204,1.887,313.86,0.0,1
1785492728,77570557,322.424,2.167,324.279,0.0,1
1785492728,144253418,355.266,1.877,357.039,0.0,1
1785492728,210936279,359.133,1.321,360.359,0.0,1
1785492728,344302490,359.367,1.211,360.488,0.0,1
1785492728,410986084,382.95,1.483,384.319,0.0,1
1785492728,477444092,385.807,2.697,388.38,-66.458,1
1785492728,544048584,401.225,4.014,405.095,0.0,1
1785492728,743851318,387.568,1.494,388.963,0.0,1
1785492728,877043945,325.125,1.481,326.291,-66.595,1
1785492729,10229004,260.414,1.269,261.59,0.0,1
1785492729,76818848,271.94,1.507,273.345,0.0,1
1785492729,143406738,285.847,1.39,287.063,0.0,1
1785492729,209992920,296.212,1.439,297.555,0.0,1
1785492729,276578613,313.879,1.557,315.277,0.0,1
1785492729,343264893,310.001,3.342,313.237,0.0,1
1785492729,409951416,310.094,1.364,311.364,0.0,1
1785492729,610330566,317.282,2.843,319.934,0.0,1
1785492729,677097412,319.557,1.753,320.897,0.0,1
1785492729,743864258,328.373,1.306,329.583,0.0,1
1785492729,810631348,326.327,1.31,327.545,0.0,1
1785492729,877398438,332.083,7.568,339.504,0.0,1
1785492729,944165771,346.267,2.021,348.171,66.767,1
1785492730,10933105,370.74,1.538,372.147,66.768,1
1785492730,77700684,351.02,1.369,352.295,0.0,1
1785492730,144468506,357.446,1.335,358.688,0.0,1
1785492730,211236328,362.885,1.252,364.044,0.0,1
1785492730,278004395,375.575,1.247,376.734,0.0,1
1785492730,344771484,392.882,1.34,394.115,66.688,1
1785492730,411458984,386.644,2.947,389.481,0.0,1
1785492730,478146484,410.396,1.291,411.59,0.0,1
1785492730,544985107,409.527,1.337,410.765,0.0,1
1785492730,611825684,415.229,1.369,416.508,0.0,1
1785492730,678668701,414.793,1.283,415.983,0.0,1
1785492730,745513916,438.241,1.628,439.749,0.0,1
1785492730,879210693,378.81,1.389,380.088,133.706,1
1785492730,946062256,349.939,1.539,351.385,66.854,1
1785492731,79772217,288.77,3.25,291.886,0.0,1
1785492731,146630371,278.35,1.48,279.65,0.0,1
1785492731,213490723,289.679,1.446,291.031,0.0,1
1785492731,280353516,310.04,2.303,312.209,0.0,1
1785492731,347218262,301.664,1.991,303.043,0.0,1
1785492731,414085205,299.82,4.085,303.759,-66.867,1
1785492731,480952393,314.698,3.063,317.259,0.0,1
1785492731,547791992,307.983,3.276,310.96,-66.84,1
1785492731,614633545,305.13,3.407,308.407,0.0,1
1785492731,681477539,298.636,1.651,300.184,0.0,1
1785492731,748323730,293.945,1.875,295.673,-66.846,1
1785492731,815172119,307.098,2.219,309.163,66.851,1
1785492731,882022705,293.191,2.025,295.091,0.0,1
1785492731,948875244,300.856,2.545,303.286,0.0,1
1785492732,82587402,294.903,1.828,296.611,66.859,1
1785492732,149446777,276.586,1.359,277.85,0.0,1
1785492732,216308350,279.635,1.371,280.918,0.0,1
1785492732,283171875,304.11,1.586,305.574,66.866,1
1785492732,350037842,291.316,1.375,292.593,0.0,1
1785492732,416906006,296.139,2.015,297.928,0.0,1
1785492732,483774414,296.038,1.772,297.703,0.0,1
1785492732,550465332,331.178,1.57,332.646,0.0,1
1785492732,617156494,332.39,1.506,333.794,0.0,1
1785492732,683848145,339.598,1.797,341.279,0.0,1
1785492732,750540039,337.682,1.919,339.44,-66.692,1
1785492732,817232666,340.369,1.51,341.758,0.0,1
1785492732,883925537,326.537,1.598,328.021,-66.693,1
1785492732,950618896,344.147,1.261,345.316,0.0,1
1785492733,17312500,359.984,1.764,361.628,0.0,1
1785492733,84006836,368.314,1.704,369.91,0.0,1
1785492733,150701416,381.556,1.431,382.89,0.0,1
1785492733,217396484,394.429,4.143,396.993,0.0,1
1785492733,350787842,392.677,1.906,394.306,0.0,1
1785492733,417484131,424.932,1.827,426.636,66.697,1
1785492733,484181152,408.888,1.354,410.153,0.0,1
1785492733,617405273,330.942,2.304,333.12,66.609,1
1785492733,684014648,324.315,1.934,326.135,66.608,1
1785492733,750622314,305.274,1.667,306.817,0.0,1
1785492733,817228271,311.593,2.244,313.716,0.0,1
1785492733,883832031,326.593,2.527,328.278,66.602,1
1785492733,950434326,328.29,1.733,329.894,66.6,1
1785492734,17034668,336.233,1.605,337.736,66.598,1
1785492734,83633057,334.079,1.67,335.572,66.597,1
1785492734,150229736,327.593,1.695,329.155,66.595,1
1785492734,216824707,309.619,1.873,311.359,66.593,1
1785492734,283417725,300.831,1.787,302.494,0.0,1
1785492734,350009033,294.717,1.454,296.055,0.0,1
1785492734,416598389,290.202,2.87,292.966,0.0,1
1785492734,483187500,323.286,1.363,324.446,66.611,1
1785492734,549798340,304.866,1.53,306.301,0.0,1
1785492734,616407471,309.646,1.377,310.927,0.0,1
1785492734,683014648,317.21,1.331,318.362,0.0,1
1785492734,749620117,320.802,1.218,321.933,0.0,1
1785492734,816223633,330.105,1.939,331.908,0.0,1
1785492734,882825195,321.253,1.218,322.383,0.0,1
1785492734,949425049,335.302,2.378,337.545,0.0,1
1785492735,16022949,357.172,1.829,358.803,66.596,1
1785492735,82618896,333.944,1.707,335.552,0.0,1
1785492735,149213379,351.303,1.264,352.477,0.0,1
1785492735,215805664,354.684,1.48,356.035,0.0,1
1785492735,282396240,363.66,1.33,364.9,0.0,1
1785492735,348984863,394.018,11.472,405.362,66.587,1
1785492735,415571777,406.896,1.808,408.579,0.0,1
1785492735,482157959,398.437,2.029,400.138,66.611,1
1785492735,548769287,399.202,1.604,400.646,66.609,1
1785492735,615378662,378.772,1.527,380.076,0.0,1
1785492735,681986328,388.033,1.328,389.256,0.0,1
1785492735,748592041,384.774,1.35,386.032,0.0,1
1785492735,815196045,395.51,2.86,398.237,-66.604,1
1785492735,881798096,412.816,7.446,420.142,66.6,1
1785492735,948398193,403.029,1.675,404.594,0.0,1
1785492736,14996582,414.584,1.564,416.051,0.0,1
1785492736,81593262,431.573,1.649,433.097,0.0,1
1785492736,148187744,416.49,3.141,419.522,133.184,1
1785492736,281371582,331.015,1.87,332.769,66.589,1
1785492736,347960693,304.984,1.323,306.214,0.0,1
1785492736,414547852,307.293,1.282,308.488,0.0,1
1785492736,481134521,317.592,1.883,319.282,0.0,1
1785492736,547832031,325.299,1.503,326.535,0.0,1
1785492736,614529785,329.684,1.548,331.129,0.0,1
1785492736,681228027,329.541,2.791,332.139,0.0,1
1785492736,747926758,332.991,1.479,334.356,0.0,1
1785492736,814625977,330.932,1.464,332.282,0.0,1
1785492736,881325439,349.145,6.101,355.119,0.0,1
1785492736,948025391,351.313,4.346,354.352,0.0,1
1785492737,14725830,368.467,4.62,372.905,0.0,1
1785492737,81426514,374.515,1.363,375.782,0.0,1
1785492737,148127930,377.633,1.422,378.952,0.0,1
1785492737,214829590,379.682,1.344,380.925,0.0,1
1785492737,281531738,381.29,1.407,382.594,0.0,1
1785492737,348234131,384.25,3.618,387.713,0.0,1
1785492737,414937256,393.375,1.287,394.577,0.0,1
1785492737,548351318,394.789,2.084,396.764,0.0,1
1785492737,615062988,390.208,1.204,391.325,0.0,1
1785492737,681775146,401.696,2.581,404.145,0.0,1
1785492737,815201660,347.065,1.624,348.39,-66.714,1
1785492737,881916016,340.76,1.631,342.27,66.715,1
1785492737,948631104,341.512,1.427,342.833,66.716,1
1785492738,15346680,341.951,1.637,343.47,66.716,1
1785492738,82062988,332.044,4.347,336.184,0.0,1
1785492738,148780029,344.414,1.366,345.69,0.0,1
1785492738,215497803,348.54,1.301,349.737,0.0,1
1785492738,282216064,353.705,1.276,354.888,0.0,1
1785492738,348935059,351.27,1.484,352.593,0.0,1
1785492738,415654785,361.181,1.431,362.416,0.0,1
1785492738,482375000,360.062,1.344,361.308,0.0,1
1785492738,549174805,381.981,1.26,383.131,0.0,1
1785492738,615977539,382.48,1.207,383.598,0.0,1
1785492738,682783203,387.33,1.544,388.674,0.0,1
1785492738,749591797,389.635,1.402,390.94,0.0,1
1785492738,816403320,389.783,1.437,391.122,-66.812,1
1785492738,883217773,403.328,3.326,406.353,-133.626,1
1785492738,950035156,395.527,1.71,397.125,0.0,1
1785492739,16855225,407.974,1.641,409.404,0.0,1
1785492739,83678467,404.292,1.352,405.55,133.655,1
1785492739,217333496,327.86,1.724,329.469,66.832,1
1785492739,284165283,328.238,1.821,329.934,66.835,1
1785492739,351000244,317.366,3.405,320.632,66.838,1
1785492739,417837891,312.955,4.665,317.487,66.839,1
1785492739,484677002,312.39,2.344,314.611,66.827,1
1785492739,618331543,279.893,1.477,281.269,0.0,1
1785492739,685160889,277.414,1.373,278.69,0.0,1
1785492739,751991211,276.956,1.408,278.27,0.0,1
1785492739,818822754,276.287,1.36,277.554,0.0,1
1785492739,885655518,277.648,1.972,279.514,0.0,1
1785492739,952489746,276.345,1.64,277.786,0.0,1
1785492740,19324951,293.961,4.531,298.368,0.0,1
1785492740,86161377,284.718,1.596,286.202,0.0,1
1785492740,152999023,287.974,1.738,289.605,0.0,1
1785492740,219838135,289.62,1.788,291.151,0.0,1
1785492740,286678223,280.925,1.579,282.391,0.0,1
1785492740,353519531,283.211,1.701,284.533,0.0,1
1785492740,420362061,284.94,9.79,294.594,0.0,1
1785492740,487204346,296.554,3.262,299.701,0.0,1
1785492740,620826416,295.565,1.275,296.745,0.0,1
1785492740,687638672,298.432,1.332,299.665,0.0,1
1785492740,754451904,301.743,1.401,303.041,0.0,1
1785492740,821266113,302.576,1.4,303.872,0.0,1
1785492740,888081299,303.538,1.348,304.788,0.0,1
1785492740,954897461,305.147,1.325,306.373,0.0,1
1785492741,21714355,339.826,1.598,341.305,66.818,1
1785492741,88532227,337.63,1.403,338.935,66.819,1
1785492741,155351074,322.691,3.021,325.583,0.0,1
1785492741,222170898,348.145,1.371,349.419,0.0,1
1785492741,288991699,354.035,1.415,355.303,0.0,1
1785492741,355813232,355.774,1.662,357.306,0.0,1
1785492741,422635986,354.754,1.343,356.011,0.0,1
1785492741,489458252,365.291,1.264,366.467,0.0,1
1785492741,556229736,372.627,1.354,373.878,0.0,1
1785492741,623036865,374.671,1.329,375.908,0.0,1
1785492741,689844482,375.76,1.532,377.196,0.0,1
1785492741,756653076,374.703,1.477,376.081,0.0,1
1785492741,823462402,377.869,1.937,379.699,0.0,1
1785492741,890272461,378.266,1.475,379.644,0.0,1
1785492741,957083252,380.027,1.627,381.553,0.0,1
1785492742,23894775,394.909,5.863,400.659,0.0,1
1785492742,90707031,411.373,4.594,415.808,66.813,1
1785492742,157520264,391.092,15.863,406.767,0.0,1
1785492742,224333984,385.241,1.53,386.677,0.0,1
1785492742,291148682,388.293,1.492,389.678,0.0,1
1785492742,357963135,415.401,1.346,416.64,0.0,1
1785492742,424696045,440.273,1.488,441.664,0.0,1
1785492742,558326904,388.316,1.376,389.597,0.0,1
1785492742,625122803,375.104,2.821,376.615,66.797,1
1785492742,691919434,371.192,2.076,373.133,0.0,1
1785492742,758716309,345.298,1.317,346.509,-66.797,1
1785492742,825513916,343.212,1.335,344.441,0.0,1
1785492742,892312256,357.188,1.506,358.586,0.0,1
1785492743,25910156,276.998,2.15,278.999,66.8,1
1785492743,92709961,273.285,1.632,274.801,66.801,1
1785492743,159510498,273.002,1.34,274.239,66.801,1
1785492743,226311523,258.324,1.479,259.693,0.0,1
1785492743,293112061,289.2,1.273,290.376,0.0,1
1785492743,359849121,287.819,1.479,289.134,0.0,1
1785492743,426585938,292.01,1.452,293.202,0.0,1
1785492743,493322998,333.53,2.943,336.347,66.481,1
1785492743,559803955,319.332,4.355,323.567,66.606,1
1785492743,626410400,301.828,1.331,303.012,0.0,1
1785492743,693014648,316.405,1.829,318.087,0.0,1
1785492743,759617188,307.797,1.336,308.986,0.0,1
1785492743,826217773,320.146,1.362,321.415,0.0,1
1785492743,892816406,321.488,1.42,322.809,0.0,1
1785492743,959413330,338.796,1.333,340.041,66.595,1
1785492744,26008057,352.16,1.608,353.668,66.593,1
1785492744,92601318,352.723,1.354,353.987,0.0,1
1785492744,159192383,357.77,1.371,359.047,0.0,1
1785492744,225781738,366.639,1.432,367.963,0.0,1
1785492744,292369141,372.236,1.391,373.529,0.0,1
1785492744,358954590,376.536,1.928,378.353,0.0,1
1785492744,425540039,391.513,1.819,393.206,0.0,1
1785492744,492262695,390.269,1.399,391.576,0.0,1
1785492744,558873047,387.33,1.434,388.667,-66.61,1
1785492744,625481445,395.281,1.813,396.982,0.0,1
1785492744,692087891,405.568,1.3,406.779,0.0,1
1785492744,758692383,411.588,1.249,412.751,0.0,1
1785492744,958495117,290.208,1.392,291.488,0.0,1
1785492745,25092041,294.635,1.414,295.885,0.0,1
1785492745,158280762,303.819,1.432,305.154,0.0,1
1785492745,291461670,306.359,1.309,307.575,0.0,1
1785492745,358049561,320.536,1.617,322.033,0.0,1
1785492745,424635254,324.114,1.249,325.27,0.0,1
1785492745,491220703,342.963,1.228,344.098,0.0,1
1785492745,558067871,342.724,1.495,344.011,0.0,1
1785492745,624917480,342.636,1.588,344.031,0.0,1
1785492745,691769531,339.854,1.44,341.094,0.0,1
1785492745,758623779,351.396,1.376,352.675,0.0,1
1785492745,825480469,356.536,1.648,358.077,0.0,1
1785492745,892339600,354.169,2.182,356.242,0.0,1
1785492745,959200928,353.439,1.325,354.673,0.0,1
1785492746,26064697,368.383,1.315,369.605,0.0,1
1785492746,92930908,376.145,1.331,377.379,0.0,1
1785492746,159799316,383.659,1.26,384.825,0.0,1
1785492746,226670166,386.403,1.391,387.687,0.0,1
1785492746,293543457,406.167,1.279,407.361,0.0,1
1785492746,360418945,415.998,1.59,417.488,0.0,1
1785492746,427297119,421.914,1.471,423.288,0.0,1
1785492746,494175537,443.758,1.555,445.216,0.0,1
1785492746,694603271,328.237,2.341,330.375,0.0,1
1785492746,761457520,338.802,1.287,340.003,0.0,1
1785492746,828313965,345.236,1.339,346.412,0.0,1
1785492746,895173096,361.697,1.372,362.969,0.0,1
1785492747,28898193,291.377,1.379,292.609,66.866,1
1785492747,95764160,293.248,1.4,294.533,66.869,1
1785492747,162632813,294.156,1.787,295.819,66.871,1
1785492747,229503662,267.45,1.364,268.72,0.0,1
1785492747,296376953,277.146,1.355,278.352,0.0,1
1785492747,363252686,283.319,3.603,285.729,0.0,1
1785492747,430130615,295.52,1.722,297.114,0.0,1
1785492747,497011230,294.658,4.804,299.286,0.0,1
1785492747,563892334,297.459,1.889,299.217,-66.881,1
1785492747,630741211,295.62,1.262,296.792,0.0,1
1785492747,697592529,302.287,1.349,303.533,0.0,1
1785492747,764446289,301.777,1.42,303.095,0.0,1
1785492747,831302490,300.462,1.343,301.71,0.0,1
1785492747,898160889,306.441,1.352,307.683,0.0,1
1785492747,965021729,316.299,1.516,317.598,0.0,1
1785492748,31885010,332.522,1.492,333.909,0.0,1
1785492748,98750732,348.328,1.331,349.555,0.0,1
1785492748,165618652,367.168,1.448,368.521,0.0,1
1785492748,232489258,374.037,1.497,375.438,0.0,1
1785492748,299362061,378.079,1.737,379.707,0.0,1
1785492748,366237305,403.154,1.642,404.677,66.877,1
1785492748,433114746,399.241,2.18,401.286,0.0,1
1785492748,499994873,393.708,1.571,395.183,0.0,1
1785492748,566875732,396.135,1.565,397.604,0.0,1
1785492748,633638428,404.165,2.093,406.151,0.0,1
1785492748,700400879,407.765,1.235,408.908,0.0,1
1785492748,767163818,390.867,1.797,392.548,133.526,1
1785492748,900689453,314.799,3.608,318.284,66.763,1
1785492748,967452637,328.38,1.884,330.144,66.763,1
1785492749,34215576,313.871,2.087,315.825,0.0,1
1785492749,100979004,300.286,1.58,301.663,-66.763,1
1785492749,167742188,314.208,1.362,315.477,0.0,1
1785492749,234505615,319.042,3.173,322.102,0.0,1
1785492749,301269043,321.529,1.409,322.828,0.0,1
1785492749,368032715,325.179,2.158,327.214,-66.764,1
1785492749,434796387,334.864,1.309,336.048,0.0,1
1785492749,501560059,341.123,1.534,342.548,0.0,1
1785492749,568323975,347.042,2.46,349.344,0.0,1
1785492749,635045654,355.071,1.397,356.317,0.0,1
1785492749,701795166,354.452,2.597,356.932,0.0,1
1785492749,768544678,354.408,1.332,355.645,0.0,1
1785492749,835293945,358.019,1.589,359.497,0.0,1
1785492749,902042969,357.537,1.316,358.755,0.0,1
1785492749,968791992,359.645,1.453,360.914,0.0,1
1785492750,35541016,355.893,1.389,357.177,0.0,1
1785492750,102289795,368.44,1.375,369.698,0.0,1
1785492750,169038330,371.672,3.254,374.815,0.0,1
1785492750,235787109,375.885,1.463,377.167,0.0,1
1785492750,302535400,375.606,1.487,376.983,0.0,1
1785492750,369283691,387.996,2.098,389.967,0.0,1
1785492750,502793945,393.674,1.354,394.925,0.0,1
1785492750,569555908,403.684,2.194,405.767,0.0,1
1785492750,636213379,399.735,1.392,401.026,133.462,1
1785492750,769675537,318.401,1.605,319.892,66.73,1
1785492750,836406006,315.435,1.601,316.925,66.73,1
1785492750,903135986,304.884,1.616,306.369,0.0,1
1785492750,969865479,315.681,1.816,317.375,66.729,1
1785492751,36594727,311.886,2.276,313.977,66.729,1
1785492751,170051514,296.551,1.409,297.786,0.0,1
1785492751,236779297,302.054,1.366,303.319,0.0,1
1785492751,303506592,303.484,1.491,304.789,0.0,1
1785492751,370233887,312.179,1.529,313.592,0.0,1
1785492751,436992676,323.238,1.673,324.784,66.759,1
1785492751,503751221,329.338,3.617,332.845,0.0,1
1785492751,570509766,332.744,1.673,334.213,0.0,1
1785492751,637228760,347.097,1.408,348.392,0.0,1
1785492751,703946777,346.169,1.253,347.334,0.0,1
1785492751,770664307,344.439,1.51,345.848,0.0,1
1785492751,837381104,349.649,1.413,350.956,0.0,1
1785492751,904097168,348.008,3.042,350.936,0.0,1
1785492751,970812744,347.04,1.645,348.584,0.0,1
1785492752,37527344,346.705,1.34,347.95,0.0,1
1785492752,104241455,367.111,1.354,368.366,0.0,1
1785492752,170954834,381.011,1.492,382.398,0.0,1
1785492752,237667480,387.273,1.942,388.865,0.0,1
1785492752,304379395,391.781,1.729,393.408,0.0,1
1785492752,371090576,398.997,8.634,407.515,0.0,1
1785492752,437801270,415.182,2.104,417.12,0.0,1
1785492752,571220947,324.15,2.536,326.582,66.753,1
1785492752,704678467,291.035,1.449,292.389,0.0,1
1785492752,771381592,295.591,1.228,296.73,0.0,1
1785492752,838083984,303.135,1.557,304.593,0.0,1
1785492752,971485596,315.658,1.718,317.243,0.0,1
1785492753,38185059,312.979,1.449,314.256,0.0,1
1785492753,104883789,328.318,1.348,329.565,0.0,1
1785492753,171581299,337.239,2.55,338.512,0.0,1
1785492753,238278076,339.029,1.404,340.337,0.0,1
1785492753,304973633,339.219,1.688,340.805,0.0,1
1785492753,371668457,352.18,1.577,353.65,0.0,1
1785492753,438362305,344.548,1.565,346.006,0.0,1
1785492753,505055420,366.322,1.498,367.711,0.0,1
1785492753,571747314,377.465,1.573,378.939,0.0,1
1785492753,638438965,380.143,1.518,381.562,0.0,1
1785492753,705126465,388.278,1.697,389.857,0.0,1
1785492753,771812744,387.221,1.451,388.55,0.0,1
1785492753,838497803,388.001,1.399,389.286,0.0,1
1785492754,105225830,278.335,1.48,279.703,0.0,1
1785492754,171904541,287.895,1.677,289.467,0.0,1
1785492754,238582275,284.255,2.018,285.85,-66.678,1
1785492754,305258789,285.128,1.424,286.457,0.0,1
1785492754,371933838,288.44,1.375,289.722,0.0,1
1785492754,438607910,288.985,1.333,290.209,0.0,1
1785492754,505280518,308.452,1.239,309.575,0.0,1
1785492754,571952148,312.654,1.513,314.055,0.0,1
1785492754,638623291,318.243,1.56,319.596,0.0,1
1785492754,705296875,335.692,2.165,337.739,66.672,1
1785492754,838639893,312.613,1.465,313.971,0.0,1
1785492754,905309326,309.41,1.874,311.17,-66.669,1
1785492754,971977051,311.809,1.803,313.49,0.0,1
1785492755,38643311,325.955,1.921,327.738,0.0,1
1785492755,105308350,320.357,1.635,321.88,-66.665,1
1785492755,238633545,310.304,1.874,312.071,0.0,1
1785492755,305293945,315.058,1.627,316.574,0.0,1
1785492755,371952881,317.059,1.561,318.509,0.0,1
1785492755,438610352,327.018,1.744,328.652,0.0,1
1785492755,571920898,326.679,4.848,331.409,0.0,1
1785492755,638574951,334.903,1.835,336.618,0.0,1
1785492755,705478760,332.515,1.296,333.719,0.0,1
1785492755,772217041,334.09,1.598,335.588,0.0,1
1785492755,838955322,332.483,1.609,333.889,-66.738,1
1785492755,905694336,334.258,2.781,336.924,0.0,1
1785492755,972433594,335.92,1.369,337.19,0.0,1
1785492756,39173096,336.976,1.555,338.42,0.0,1
1785492756,105912842,336.158,1.354,337.421,0.0,1
1785492756,172653076,337.902,1.619,339.405,0.0,1
1785492756,239393799,342.784,1.614,344.295,0.0,1
1785492756,306134766,348.593,1.323,349.823,0.0,1
1785492756,372875977,353.141,1.843,354.873,0.0,1
1785492756,439617676,366.87,1.629,368.33,0.0,1
1785492756,506359619,366.971,1.548,368.419,0.0,1
1785492756,573089844,369.269,1.544,370.711,0.0,1
1785492756,639820068,384.302,1.897,386.07,0.0,1
1785492756,706566162,380.576,2.962,383.072,0.0,1
1785492756,773312744,377.417,1.629,378.756,0.0,1
1785492756,906807373,377.159,1.643,378.699,0.0,1
1785492756,973555420,386.713,7.175,393.762,0.0,1
1785492757,40304199,409.096,5.691,414.628,66.749,1
1785492757,107053467,418.363,4.018,422.246,66.75,1
1785492757,173803223,400.925,3.806,403.251,0.0,1
1785492757,240553711,394.178,4.223,398.031,-66.75,1
1785492757,307304443,388.763,1.959,390.56,-133.501,1
1785492757,374055908,385.629,1.312,386.799,0.0,1
1785492757,440807861,404.785,1.677,406.101,0.0,1
1785492757,641066895,277.289,2.501,279.618,0.0,1
1785492757,707799316,280.856,1.375,282.125,0.0,1
1785492757,774546875,294.531,1.439,295.805,0.0,1
1785492757,841294922,303.254,1.615,304.762,0.0,1
1785492757,908043701,303.987,1.322,305.16,0.0,1
1785492757,974792725,320.713,1.993,322.557,66.75,1
1785492758,41542725,309.172,1.372,310.374,0.0,1
1785492758,108292969,329.128,1.706,330.649,0.0,1
1785492758,175043945,346.233,1.506,347.645,0.0,1
1785492758,241795654,370.52,1.606,372.022,0.0,1
1785492758,308547852,374.092,1.303,375.304,0.0,1
1785492758,375300537,380.239,1.288,381.435,0.0,1
1785492758,442053711,399.718,1.392,401.015,0.0,1
1785492758,508807373,406.07,1.329,407.304,0.0,1
1785492758,575545654,411.06,1.325,412.29,0.0,1
1785492758,642283936,413.022,1.819,414.727,0.0,1
1785492758,842570313,299.423,1.725,300.733,0.0,1
1785492758,909325439,302.213,1.624,303.734,0.0,1
1785492758,976081543,308.072,1.769,309.728,0.0,1
1785492759,42838379,303.837,1.847,305.418,0.0,1
1785492759,109595703,314.707,3.381,317.469,0.0,1
1785492759,176353760,316.927,1.572,318.221,0.0,1
1785492759,243112793,315.545,1.319,316.775,0.0,1
1785492759,376632813,314.57,1.31,315.789,0.0,1
1785492759,443393555,342.789,1.613,344.284,0.0,1
1785492759,576880127,333.282,1.358,334.534,0.0,1
1785492759,643623535,348.999,2.03,350.901,0.0,1
1785492759,777028076,338.692,1.506,339.957,0.0,1
1785492759,843687500,338.536,1.362,339.721,0.0,1
1785492759,910345215,353.897,1.284,355.087,0.0,1
1785492760,43655762,387.593,4.787,392.251,66.653,1
1785492760,110308594,391.597,2.154,393.409,66.651,1
1785492760,176959473,368.378,3.452,371.715,0.0,1
1785492760,243608887,375.611,1.396,376.903,0.0,1
1785492760,310256348,389.901,2.663,391.84,0.0,1
1785492760,376902344,451.848,1.301,453.045,66.644,1
1785492760,510188965,427.385,1.384,428.656,0.0,1
1785492760,576829834,463.74,1.408,465.041,0.0,1
1785492760,710107422,393.152,1.809,394.837,-133.278,1
1785492760,843087402,328.685,1.699,330.258,0.0,1
1785492760,909571533,325.996,1.371,327.27,0.0,1
1785492760,976051758,341.163,1.467,342.534,0.0,1
1785492761,109000244,313.42,2.213,315.47,132.933,1
1785492761,175468506,289.073,1.633,290.587,66.465,1
1785492761,241933105,272.652,2.063,274.608,0.0,1
1785492761,308393555,267.789,1.425,269.116,0.0,1
1785492761,374850098,271.075,1.348,272.33,0.0,1
1785492761,441302734,309.56,4.545,313.913,0.0,1
1785492761,507751465,329.986,1.206,331.105,66.445,1
1785492761,640637207,321.41,1.281,322.593,0.0,1
1785492761,707077393,327.142,1.473,328.502,0.0,1
1785492761,773808594,333.755,1.247,334.905,0.0,1
1785492761,840540039,339.959,3.876,343.715,0.0,1
1785492761,907271973,354.181,1.325,355.402,66.732,1
1785492762,40736084,334.681,1.355,335.938,0.0,1
1785492762,107468750,359.438,1.469,360.812,0.0,1
1785492762,174201416,366.322,1.861,368.07,0.0,1
1785492762,240934570,376.329,1.991,378.196,0.0,1
1785492762,307667969,374.376,1.793,376.04,66.734,1
1785492762,441135498,372.275,1.467,373.642,66.734,1
1785492762,507869629,353.982,1.379,355.268,0.0,1
1785492762,574604004,365.262,1.328,366.497,0.0,1
1785492762,641338623,363.302,1.308,364.515,0.0,1
1785492762,708073242,381.064,2.107,383.053,0.0,1
1785492762,774809814,382.946,2.124,384.932,0.0,1
1785492762,841546875,382.492,2.184,384.546,0.0,1
1785492762,975022217,387.359,4.92,392.15,66.738,1
1785492763,41760254,380.766,1.427,382.07,0.0,1
1785492763,108498779,412.666,2.662,415.117,66.739,1
1785492763,175237549,417.151,1.96,419.006,66.739,1
1785492763,241976563,406.021,2.663,408.556,66.74,1
1785492763,375455811,405.295,4.136,409.316,66.74,1
1785492763,508936523,368.721,1.431,370.037,0.0,1
1785492763,575677490,369.037,1.727,370.638,0.0,1
1785492763,709159668,358.84,1.618,360.338,0.0,1
1785492763,775733887,384.642,1.684,386.207,66.573,1
1785492763,842306396,359.458,1.824,361.039,0.0,1
1785492763,908877197,360.613,1.993,362.474,0.0,1
1785492763,975446289,375.589,1.586,376.956,66.567,1
1785492764,42013672,358.171,1.33,359.397,0.0,1
1785492764,175143066,380.82,1.832,382.528,0.0,1
1785492764,241705078,381.566,1.844,383.271,0.0,1
1785492764,308265381,382.291,1.992,384.155,0.0,1
1785492764,374823730,381.031,1.8,382.711,0.0,1
1785492764,441380615,415.094,1.53,416.456,199.66,1
1785492764,574489014,334.569,3.637,338.093,66.552,1
1785492764,641040527,337.953,4.504,342.332,66.552,1
1785492764,707592041,323.634,1.561,324.827,66.611,1
1785492764,774203369,316.299,1.973,318.165,66.579,1
1785492764,840782227,300.873,1.321,302.069,66.577,1
1785492764,907359619,297.061,1.659,298.613,66.576,1
1785492764,973935547,285.866,1.427,287.187,0.0,1
1785492765,40509766,284.614,1.371,285.886,66.573,1
1785492765,107082275,280.836,1.429,282.15,0.0,1
1785492765,240222900,291.345,1.319,292.572,0.0,1
1785492765,306790771,291.878,1.653,293.302,0.0,1
1785492765,373356934,290.341,1.736,291.955,0.0,1
1785492765,439921631,298.376,1.866,300.109,0.0,1
1785492765,506484863,315.916,1.302,317.118,66.562,1
1785492765,639607666,278.343,1.847,280.063,0.0,1
1785492765,706289307,301.293,1.796,302.967,66.835,1
1785492765,773124512,279.612,3.485,282.962,0.0,1
1785492765,839884033,268.91,1.853,270.494,-66.76,1
1785492765,906644531,262.686,1.647,264.194,0.0,1
1785492765,973405518,264.992,1.631,266.412,0.0,1
1785492766,40167236,270.103,2.01,271.976,0.0,1
1785492766,106929932,295.417,1.346,296.662,66.763,1
1785492766,173693359,292.93,1.502,294.315,66.764,1
1785492766,240457275,287.489,1.588,288.911,66.765,1
1785492766,307222168,287.263,1.343,288.498,66.766,1
1785492766,373987793,285.445,1.757,287.087,66.767,1
1785492766,440754395,270.944,3.847,274.421,0.0,1
1785492766,641057129,252.508,2.31,254.7,0.0,1
1785492766,707744141,254.078,1.897,255.84,0.0,1
1785492766,774573975,263.013,2.319,265.194,66.76,1
1785492766,841333496,246.399,4.321,249.859,0.0,1
1785492766,908093994,243.953,1.342,245.105,-66.76,1
1785492766,974855225,239.392,1.268,240.574,-133.522,1
1785492767,41616943,242.81,1.36,244.073,0.0,1
1785492767,108379639,252.788,1.474,254.161,0.0,1
1785492767,175143066,285.85,3.866,289.594,0.0,1
1785492767,241907227,287.82,1.576,289.277,0.0,1
1785492767,308672119,281.042,1.747,282.655,0.0,1
1785492767,375437988,276.964,2.469,279.314,0.0,1
1785492767,442204346,283.653,2.03,285.555,0.0,1
1785492767,508971680,268.588,4.147,272.628,-66.767,1
1785492767,575739502,305.923,1.786,307.448,0.0,1
1785492767,709200195,295.722,1.851,297.415,0.0,1
1785492767,776025391,288.113,2.131,290.133,0.0,1
1785492767,842785645,284.243,1.47,285.615,-66.76,1
1785492767,909546631,278.1,1.224,279.233,-133.521,1
1785492767,976308350,274.068,1.329,275.303,0.0,1
1785492768,43070801,282.204,1.6,283.686,0.0,1
1785492768,109834229,269.45,1.375,270.719,0.0,1
1785492768,176598389,290.513,1.33,291.638,0.0,1
1785492768,243363037,322.403,1.402,323.701,0.0,1
1785492768,310128662,340.068,1.331,341.309,0.0,1
1785492768,376895020,350.914,1.745,352.564,0.0,1
1785492768,443662354,361.717,4.623,366.232,0.0,1
1785492768,510430176,365.967,1.659,367.509,0.0,1
1785492768,577198975,375.266,1.362,376.538,0.0,1
1785492768,643967529,382.182,1.28,383.369,0.0,1
1785492768,710666260,388.684,1.367,389.957,0.0,1
1785492768,777364990,397.4,1.47,398.754,-66.699,1
1785492768,910887207,403.949,1.595,405.438,0.0,1
1785492768,977649658,446.048,2.406,448.339,200.292,1
1785492769,44412842,427.781,2.326,429.152,133.529,1
1785492769,177941406,361.882,4.707,366.48,66.766,1
1785492769,244707031,346.81,1.421,348.126,66.766,1
1785492769,311473389,331.427,1.701,333.008,0.0,1
1785492769,378240479,322.363,1.396,323.661,-66.767,1
1785492769,445008301,330.175,1.448,331.517,0.0,1
1785492769,511777100,349.817,2.051,351.382,0.0,1
1785492769,578546631,362.616,1.558,364.073,0.0,1
1785492769,645316895,359.264,1.41,360.462,0.0,1
1785492769,712087891,377.341,1.408,378.562,0.0,1
1785492769,778858887,378.257,1.335,379.501,0.0,1
1785492769,845618164,387.247,1.661,388.802,0.0,1
1785492769,912377930,389.549,1.604,391.032,0.0,1
1785492769,979138428,426.609,1.757,428.252,66.761,1
1785492770,45899902,432.023,1.816,433.72,66.762,1
1785492770,112661865,423.799,2.208,425.886,0.0,1
1785492770,312952881,275.535,1.525,276.943,0.0,1
1785492770,379718018,270.903,1.53,272.333,0.0,1
1785492770,446483887,276.044,1.294,277.245,0.0,1
1785492770,513250488,302.028,1.548,303.468,0.0,1
1785492770,580017822,317.639,1.48,318.953,0.0,1
1785492770,646786133,334.762,1.305,335.965,0.0,1
1785492770,713554932,343.302,1.485,344.687,0.0,1
1785492770,780323975,349.595,1.368,350.848,0.0,1
1785492770,846667480,363.153,1.361,364.423,0.0,1
1785492770,913292725,366.347,1.232,367.491,0.0,1
1785492770,979917236,373.329,1.468,374.695,0.0,1
1785492771,46540771,395.951,1.643,397.446,0.0,1
1785492771,113163330,398.921,1.461,400.287,0.0,1
1785492771,179784912,410.312,1.413,411.621,0.0,1
1785492771,246405762,408.24,2.501,410.575,0.0,1
1785492771,313025635,413.732,1.421,415.054,0.0,1
1785492771,379644531,437.369,1.307,438.584,0.0,1
1785492771,579495850,314.924,1.314,316.145,0.0,1
1785492771,646112305,338.593,1.502,339.917,0.0,1
1785492771,712814941,344.56,1.522,345.981,0.0,1
1785492771,779517578,342.722,1.678,344.293,0.0,1
1785492771,846134033,350.262,1.634,351.794,0.0,1
1785492771,912749268,350.669,1.422,351.996,0.0,1
1785492771,979363525,358.371,1.61,359.883,0.0,1
1785492772,45977051,367.726,2.704,370.3,0.0,1
1785492772,112589355,364.406,1.375,365.68,0.0,1
1785492772,179200684,384.263,1.861,385.705,0.0,1
1785492772,245811035,380.74,1.407,382.04,0.0,1
1785492772,312420410,391.966,3.826,395.668,0.0,1
1785492772,379028809,397.271,1.693,398.859,0.0,1
1785492772,445636230,419.509,1.335,420.757,0.0,1
1785492772,512242676,436.867,1.452,438.213,0.0,1
1785492772,645452637,368.369,1.398,369.668,66.604,1
1785492772,712056152,360.664,1.572,362.131,66.604,1
1785492772,778659668,350.18,1.744,351.81,66.632,1
1785492772,845291504,324.873,1.359,326.138,0.0,1
1785492772,911922852,336.405,1.63,337.886,0.0,1
1785492772,978553223,338.753,1.215,339.879,0.0,1
1785492773,45183105,349.221,1.332,350.45,0.0,1
1785492773,111812012,363.506,1.579,364.98,0.0,1
1785492773,178440430,372.961,1.378,374.239,0.0,1
1785492773,245068115,382.708,4.364,386.954,0.0,1
1785492773,311695068,387.212,1.625,388.733,0.0,1
1785492773,378321289,396.94,3.044,399.864,0.0,1
1785492773,444946777,418.724,1.612,420.228,0.0,1
1785492773,511571533,420.11,1.696,421.7,0.0,1
1785492773,578195557,426.893,1.944,428.61,0.0,1
1785492773,644818848,437.377,1.635,438.893,0.0,1
1785492773,711441406,429.401,1.417,430.717,133.422,1
1785492773,844863770,348.894,1.873,350.639,66.801,1
1785492773,911664795,322.879,3.2,325.175,0.0,1
1785492774,45271240,315.029,1.804,316.726,0.0,1
1785492774,112076660,316.302,1.233,317.441,0.0,1
1785492774,178883789,344.283,1.502,345.673,0.0,1
1785492774,245692139,350.771,1.462,352.137,0.0,1
1785492774,312502197,349.018,1.784,350.391,0.0,1
1785492774,379313721,352.714,1.721,354.239,0.0,1
1785492774,446126709,361.87,5.927,366.809,0.0,1
1785492774,512941162,371.39,1.472,372.767,0.0,1
1785492774,579757324,375.164,1.685,376.745,0.0,1
1785492774,646574707,393.367,6.078,399.322,66.819,1
1785492774,780212891,369.179,1.302,370.387,0.0,1
1785492774,847012451,373.353,1.461,374.718,0.0,1
1785492774,913813232,373.168,1.509,374.574,0.0,1
1785492775,47419678,378.853,1.631,380.254,0.0,1
1785492775,114225342,378.527,1.578,380.002,0.0,1
1785492775,181032227,380.803,1.279,381.992,0.0,1
1785492775,247840820,380.199,1.333,381.437,0.0,1
1785492775,314650879,381.402,1.979,383.273,0.0,1
1785492775,381462402,395.614,1.658,397.136,0.0,1
1785492775,448275391,403.686,1.643,405.184,0.0,1
1785492775,515090088,401.131,1.978,402.962,0.0,1
1785492775,581906250,417.565,1.595,418.935,0.0,1
1785492775,715542969,386.51,1.392,387.81,0.0,1
1785492775,782362305,390.355,1.472,391.72,0.0,1
1785492775,848577637,407.084,2.017,408.956,0.0,1
1785492775,915245117,408.715,1.448,410.055,133.335,1
1785492776,48579834,302.365,1.526,303.77,66.667,1
1785492776,115247070,278.744,1.379,280.027,0.0,1
1785492776,181914063,305.857,1.47,307.225,0.0,1
1785492776,248581055,314.842,1.457,316.202,0.0,1
1785492776,315247803,313.584,1.497,314.979,0.0,1
1785492776,381914551,320.841,1.598,322.334,0.0,1
1785492776,448581055,338.695,1.968,340.416,0.0,1
1785492776,581914307,329.851,1.641,331.381,0.0,1
1785492776,648623779,332.668,1.708,334.195,0.0,1
1785492776,782042480,330.139,1.522,331.555,0.0,1
1785492776,848363281,329.918,1.538,331.341,0.0,1
1785492776,914938232,334.622,1.887,336.399,0.0,1
1785492776,981510986,331.954,1.457,333.302,0.0,1
1785492777,48081055,340.314,1.632,341.777,0.0,1
1785492777,114648926,338.721,1.358,339.985,-66.568,1
1785492777,181214355,337.734,1.619,339.251,0.0,1
1785492777,247777588,341.754,1.667,343.279,0.0,1
1785492777,314338135,339.778,1.727,341.403,0.0,1
1785492777,380896240,356.759,3.966,360.606,0.0,1
1785492777,447452148,351.878,1.436,353.209,-66.556,1
1785492777,514005615,366.766,1.244,367.92,0.0,1
1785492777,580556641,372.159,1.427,373.416,0.0,1
1785492777,647107178,401.571,2.578,403.949,66.691,1
1785492777,713798584,385.474,1.579,386.938,0.0,1
1785492777,847197266,362.852,1.329,364.083,0.0,1
1785492777,913905273,366.568,1.281,367.757,0.0,1
1785492778,47322266,374.529,3.715,377.662,0.0,1
1785492778,114031250,400.917,4.845,405.544,66.71,1
1785492778,180740967,377.876,1.348,379.13,0.0,1
1785492778,247450684,387.229,1.756,388.88,0.0,1
1785492778,314161133,388.353,1.832,390.078,0.0,1
1785492778,380871826,392.49,1.605,393.99,0.0,1
1785492778,447583008,436.356,2.046,438.063,66.712,1
1785492778,514294678,425.669,1.739,427.282,0.0,1
1785492778,581006592,424.439,1.499,425.828,0.0,1
1785492778,714431885,349.134,4.41,353.413,66.713,1
1785492778,781144775,335.387,2.037,337.245,66.615,1
1785492778,847759277,332.809,1.848,334.528,0.0,1
1785492778,914439697,314.487,1.546,315.918,-66.68,1
1785492778,981120361,316.517,1.801,317.712,0.0,1
1785492779,47801270,349.474,1.742,351.098,66.681,1
1785492779,114482178,336.058,1.629,337.584,0.0,1
1785492779,181163330,338.097,1.475,339.482,0.0,1
1785492779,247844727,347.004,1.466,348.276,0.0,1
1785492779,314526367,349.11,1.478,350.42,0.0,1
1785492779,381208008,354.089,1.327,355.319,0.0,1
1785492779,447889893,392.942,6.63,399.336,0.0,1
1785492779,514572021,377.317,1.38,378.595,0.0,1
1785492779,581254150,378.189,1.369,379.458,0.0,1
1785492779,647936768,381.051,1.404,382.349,0.0,1
1785492779,714632324,383.26,1.381,384.545,0.0,1
1785492779,781327637,381.198,1.358,382.458,0.0,1
1785492779,847933838,386.255,1.355,387.508,0.0,1
1785492779,914538086,382.25,2.892,385.014,-66.604,1
1785492779,981140381,399.085,1.881,400.783,0.0,1
1785492780,47740967,393.653,1.36,394.921,-66.601,1
1785492780,114339355,412.9,1.53,414.331,0.0,1
1785492780,180935791,416.493,1.352,417.702,0.0,1
1785492780,247530518,416.521,1.401,417.831,0.0,1
1785492780,314123047,417.307,1.394,418.518,0.0,1
1785492780,380713867,426.039,1.681,427.605,0.0,1
1785492780,513889404,394.594,1.664,396.124,66.585,1
1785492780,580474365,393.359,1.657,394.909,0.0,1
1785492780,647057129,391.699,1.584,393.174,-66.583,1
1785492780,713638184,392.589,1.582,394.056,66.58,1
1785492780,780218506,381.928,2.613,384.427,66.619,1
1785492780,846837158,366.483,1.388,367.767,66.589,1
1785492780,980012695,354.07,2.556,356.519,0.0,1
1785492781,46597412,360.506,1.99,362.367,0.0,1
1785492781,113179688,361.201,1.425,362.535,0.0,1
1785492781,179759766,374.005,1.334,375.237,0.0,1
1785492781,246337402,384.532,1.611,385.921,0.0,1
1785492781,312913086,388.522,2.423,390.85,0.0,1
1785492781,379486572,390.493,1.286,391.696,0.0,1
1785492781,512626709,399.595,3.201,401.474,0.0,1
1785492781,579193604,408.433,1.976,410.306,0.0,1
1785492781,712425781,374.619,1.709,376.072,66.666,1
1785492781,779092041,362.211,1.467,363.576,0.0,1
1785492781,912614990,292.488,1.682,294.064,0.0,1
1785492781,979299561,291.662,1.614,293.172,0.0,1
1785492782,45984375,304.07,2.078,305.857,0.0,1
1785492782,112669434,299.604,1.705,301.2,0.0,1
1785492782,179354736,300.895,1.816,302.434,0.0,1
1785492782,246040039,302.352,1.683,303.933,0.0,1
1785492782,312725342,301.884,1.596,303.111,0.0,1
1785492782,379411133,302.883,1.679,304.456,0.0,1
1785492782,446096924,309.049,2.956,311.867,0.0,1
1785492782,512782715,318.379,1.488,319.726,-66.686,1
1785492782,579468750,307.996,1.455,309.293,-133.372,1
1785492782,646137207,326.2,1.335,327.428,0.0,1
1785492782,712805664,329.914,1.398,331.208,0.0,1
1785492782,779474121,331.291,1.228,332.427,0.0,1
1785492782,846177979,343.881,1.393,345.175,0.0,1
1785492782,912882568,350.497,1.304,351.71,0.0,1
1785492782,979587646,354.563,1.416,355.858,0.0,1
1785492783,46293213,361.543,1.262,362.705,0.0,1
1785492783,112999512,379.741,1.239,380.885,0.0,1
1785492783,179706299,384.62,1.307,385.832,0.0,1
1785492783,246413574,387.467,1.513,388.668,0.0,1
1785492783,313121582,389.695,1.543,391.026,0.0,1
1785492783,379830078,390.931,1.528,392.145,0.0,1
1785492783,446539063,397.108,1.667,398.669,0.0,1
1785492783,513248535,410.042,1.933,411.851,0.0,1
1785492783,579958496,409.957,1.892,411.737,0.0,1
1785492783,646669189,411.773,1.662,413.324,-66.711,1
1785492783,713380371,409.324,1.927,411.147,0.0,1
1785492783,780091797,423.347,1.841,424.761,0.0,1
1785492783,846864746,415.053,1.266,416.205,133.458,1
1785492783,980323242,339.694,1.656,341.194,66.731,1
1785492784,113785645,292.235,1.578,293.711,0.0,1
1785492784,180518311,292.757,1.355,294.02,0.0,1
1785492784,247251953,291.638,1.541,292.985,0.0,1
1785492784,313986572,290.102,1.378,291.386,0.0,1
1785492784,380721924,289.177,1.4,290.478,0.0,1
1785492784,447458496,290.463,1.405,291.771,0.0,1
1785492784,514195801,299.695,2.668,301.578,0.0,1
1785492784,647612061,290.669,1.679,292.237,0.0,1
1785492784,714291016,296.373,1.772,298.012,0.0,1
1785492784,780969971,288.832,1.542,290.088,0.0,1
1785492784,847706055,289.593,1.333,290.834,0.0,1
1785492784,914443359,288.54,1.621,289.804,0.0,1
1785492784,981181641,289.442,1.672,291.016,0.0,1
1785492785,47921143,304.811,1.693,306.397,0.0,1
1785492785,114661621,320.614,1.198,321.718,0.0,1
1785492785,181403564,338.478,1.776,339.953,0.0,1
1785492785,248146484,336.618,3.266,339.759,0.0,1
1785492785,314890381,332.859,4.649,337.366,0.0,1
1785492785,381635742,335.281,3.387,338.529,0.0,1
1785492785,515129395,364.77,1.812,366.461,66.749,1
1785492785,581877930,355.242,1.695,356.829,66.75,1
1785492785,648627686,346.686,2.256,348.814,0.0,1
1785492785,715378662,345.433,2.172,347.425,-66.751,1
1785492785,782129639,359.073,1.853,360.811,66.771,1
1785492785,915661133,330.549,1.66,331.855,0.0,1
1785492785,982423340,338.715,1.83,340.43,0.0,1
1785492786,49187012,345.769,1.847,347.51,0.0,1
1785492786,115952148,347.841,1.649,349.388,0.0,1
1785492786,182718994,356.657,1.594,358.15,0.0,1
1785492786,249487305,356.772,1.349,358.025,0.0,1
1785492786,316257080,357.024,1.626,358.547,0.0,1
1785492786,383028564,357.74,1.657,359.293,0.0,1
1785492786,449801514,368.131,2.833,370.844,0.0,1
1785492786,583351807,363.097,2.94,365.928,0.0,1
1785492786,650128418,362.94,1.447,364.292,0.0,1
1785492786,716826172,365.516,6.848,372.228,0.0,1
1785492786,783523926,363.265,1.355,364.524,0.0,1
1785492786,916901611,361.099,2.274,363.218,0.0,1
1785492786,983590088,363.374,1.434,364.704,0.0,1
1785492787,50278076,382.234,1.327,383.466,0.0,1
1785492787,116965576,391.367,1.335,392.611,0.0,1
1785492787,183652832,394.731,1.451,396.087,0.0,1
1785492787,250339600,392.626,1.533,394.06,0.0,1
1785492787,317025879,393.859,1.614,395.369,0.0,1
1785492787,383711914,398.388,3.95,402.22,0.0,1
1785492787,583767822,314.387,1.467,315.749,66.685,1
1785492787,650452393,299.969,1.367,301.24,0.0,1
1785492787,717136475,307.711,1.476,309.087,0.0,1
1785492787,783820313,311.797,1.435,313.115,0.0,1
1785492787,850655273,323.908,1.255,325.072,0.0,1
1785492787,917491455,328.044,1.226,329.182,0.0,1
1785492787,984329102,331.938,4.906,336.7,0.0,1
1785492788,51168213,334.31,4.731,338.914,-66.839,1
1785492788,118008545,342.814,2.559,344.103,0.0,1
1785492788,184850342,350.353,1.371,351.622,0.0,1
1785492788,251693604,357.136,3.208,360.221,0.0,1
1785492788,385384033,347.808,1.44,349.149,0.0,1
1785492788,452231201,393.118,11.613,404.55,0.0,1
1785492788,519079834,388.732,2.107,390.737,66.85,1
1785492788,585929932,389.405,1.491,390.79,66.852,1
1785492788,652781494,376.674,1.857,378.412,66.853,1
1785492788,719634277,371.404,2.303,373.082,0.0,1
1785492788,786486572,371.207,2.002,373.082,0.0,1
1785492788,853154297,373.568,1.261,374.733,0.0,1
1785492788,919821289,369.726,1.342,370.969,0.0,1
1785492788,986487549,378.127,1.405,379.43,0.0,1
1785492789,53152588,383.379,1.441,384.714,0.0,1
1785492789,186480713,380.352,1.566,381.813,0.0,1
1785492789,253143311,379.827,1.673,381.4,0.0,1
1785492789,319805176,378.955,1.64,380.488,0.0,1
1785492789,386466064,379.945,1.546,381.275,0.0,1
1785492789,453126221,382.967,1.617,384.483,0.0,1
1785492789,519785400,393.984,1.32,395.211,0.0,1
1785492789,586443848,390.579,1.403,391.886,0.0,1
1785492789,653101318,393.787,1.533,395.219,0.0,1
1785492789,719758057,391.318,1.374,392.596,0.0,1
1785492789,786414551,392.17,1.36,393.429,0.0,1
1785492789,853165039,396.578,1.348,397.833,0.0,1
1785492789,919916992,398.234,4.064,402.139,0.0,1
1785492789,986670166,385.804,1.598,387.29,133.511,1
1785492790,120180908,305.151,2.192,307.231,66.758,1
1785492790,186938477,289.39,1.599,290.886,0.0,1
1785492790,253697266,299.748,1.494,301.145,0.0,1
1785492790,320457520,299.033,1.551,300.39,0.0,1
1785492790,387218994,299.295,1.302,300.504,0.0,1
1785492790,453981934,312.462,2.128,314.46,0.0,1
1785492790,520746338,320.637,1.684,322.173,0.0,1
1785492790,587511963,316.589,1.415,317.905,0.0,1
1785492790,654279053,321.589,1.478,322.964,0.0,1
1785492790,721047363,322.902,1.933,324.726,0.0,1
1785492790,787816406,324.102,2.081,326.054,0.0,1
1785492790,854580322,321.815,1.733,323.31,0.0,1
1785492790,921345947,322.184,2.348,323.651,0.0,1
1785492790,988113037,334.05,1.781,335.714,0.0,1
1785492791,54881836,355.675,1.356,356.934,0.0,1
1785492791,121652100,382.209,1.299,383.415,0.0,1
1785492791,188424072,382.448,1.322,383.58,0.0,1
1785492791,255197754,394.165,1.596,395.641,0.0,1
1785492791,321972900,403.943,1.805,405.645,0.0,1
1785492791,388749756,414.24,2.215,416.308,0.0,1
1785492791,522308350,416.313,1.387,417.599,0.0,1
1785492791,655873047,353.371,4.607,357.849,66.785,1
1785492791,722657959,340.921,2.858,343.648,66.786,1
1785492791,789443604,336.645,1.605,338.137,66.615,1
1785492791,856058350,328.104,2.162,330.131,66.7,1
1785492791,922758301,313.923,1.921,315.585,66.7,1
1785492791,989458008,310.142,1.777,311.811,66.699,1
1785492792,56157227,310.822,3.77,313.914,66.699,1
1785492792,122856445,304.614,1.942,306.449,0.0,1
1785492792,189555420,305.799,1.604,307.031,0.0,1
1785492792,256254150,310.383,1.627,311.903,0.0,1
1785492792,322952637,310.864,1.879,312.558,0.0,1
1785492792,389650879,310.115,1.603,311.606,0.0,1
1785492792,456348877,308.562,1.613,310.07,0.0,1
1785492792,523046631,308.41,1.626,309.925,0.0,1
1785492792,589744141,319.583,1.678,321.157,0.0,1
1785492792,656441650,321.992,1.638,323.526,0.0,1
1785492792,723138916,321.938,1.464,323.238,-66.697,1
1785492792,789857422,325.333,1.565,326.801,-133.416,1
1785492792,856529053,323.427,1.641,324.705,-200.087,1
1785492792,923224365,323.677,1.49,325.072,-266.783,1
1785492792,989919189,348.918,1.731,350.398,66.694,1
1785492793,56613525,343.215,1.635,344.747,0.0,1
1785492793,123307617,370.433,1.434,371.69,0.0,1
1785492793,190001465,377.158,1.375,378.422,0.0,1
1785492793,256695068,380.966,1.437,382.304,0.0,1
1785492793,323388184,384.101,1.522,385.527,0.0,1
1785492793,390080811,384.647,1.388,385.936,0.0,1
1785492793,456773438,391.093,1.535,392.518,0.0,1
1785492793,523465576,410.042,1.517,411.455,0.0,1
1785492793,590157227,409.192,1.351,410.444,0.0,1
1785492793,656849121,410.666,1.496,411.966,0.0,1
1785492793,723565186,409.415,1.666,410.975,0.0,1
1785492793,857645996,419.791,1.347,420.991,0.0,1
1785492793,991403809,350.066,1.322,351.287,66.882,1
1785492794,58286133,363.957,1.426,365.167,66.885,1
1785492794,125170654,347.41,1.831,348.9,66.887,1
1785492794,192057373,347.641,1.557,349.082,66.889,1
1785492794,258946533,324.603,1.584,326.059,0.0,1
1785492794,325837891,320.59,1.392,321.891,0.0,1
1785492794,392731445,320.065,1.277,321.25,-66.894,1
1785492794,459627441,326.337,1.359,327.599,0.0,1
1785492794,526525635,354.027,1.404,355.329,0.0,1
1785492794,593423828,356.117,1.376,357.4,0.0,1
1785492794,660157227,363.822,3.409,367.094,0.0,1
1785492794,793623779,354.396,1.235,355.538,0.0,1
1785492794,860679932,354.094,1.372,355.369,0.0,1
1785492794,927523926,366.076,1.274,367.253,0.0,1
1785492794,994369385,403.642,1.57,405.102,66.847,1
1785492795,61216309,398.399,1.472,399.753,0.0,1
1785492795,128064453,398.488,1.395,399.788,0.0,1
1785492795,194914307,397.822,3.647,401.138,0.0,1
1785492795,261765625,403.14,1.725,404.759,0.0,1
1785492795,328618408,403.905,1.942,405.738,0.0,1
1785492795,395472656,408.576,1.626,410.103,0.0,1
1785492795,662903076,278.794,1.6,280.295,0.0,1
1785492795,729647461,310.228,1.606,311.721,66.744,1
1785492795,796391846,299.657,2.146,301.658,66.744,1
1785492795,863136230,290.742,2.185,292.8,0.0,1
1785492795,929962646,280.967,1.478,282.348,-66.826,1
1785492795,996790039,282.024,1.435,283.356,0.0,1
1785492796,130448730,285.413,1.492,286.801,0.0,1
1785492796,197279785,287.397,1.383,288.682,-66.831,1
1785492796,264112305,296.993,2.534,299.42,0.0,1
1785492796,330945801,292.593,1.377,293.776,-66.833,1
1785492796,397780518,293.32,1.35,294.571,0.0,1
1785492796,464616455,297.678,11.509,307.862,0.0,1
1785492796,531453613,311.159,1.82,312.69,0.0,1
1785492796,598291992,312.478,1.405,313.776,0.0,1
1785492796,665131836,323.574,1.45,324.891,66.841,1
1785492796,731972656,308.478,1.413,309.792,0.0,1
1785492796,798814697,327.734,1.859,329.479,0.0,1
1785492796,865656738,328.808,1.413,330.119,0.0,1
1785492796,932462646,328.621,1.407,329.924,0.0,1
1785492796,999295166,333.716,1.523,335.113,0.0,1
1785492797,66128662,333.961,1.485,335.25,0.0,1
1785492797,132963623,357.147,1.505,358.545,0.0,1
1785492797,199799561,364.45,1.408,365.699,0.0,1
1785492797,266636719,357.994,1.475,359.306,-66.837,1
1785492797,333475342,358.78,1.346,360.029,0.0,1
1785492797,400314941,367.865,1.739,369.382,0.0,1
1785492797,467155762,372.045,1.469,373.406,0.0,1
1785492797,533997803,377.347,1.318,378.521,0.0,1
1785492797,600841064,386.25,2.094,388.216,0.0,1
1785492797,667685547,382.846,1.554,384.3,0.0,1
1785492797,734530029,385.022,1.648,386.557,0.0,1
1785492797,801291260,382.965,1.677,384.538,0.0,1
1785492797,868052490,382.599,1.698,384.192,0.0,1
1785492797,934259277,402.437,1.519,403.833,0.0,1
1785492798,67538574,330.333,1.54,331.767,66.638,1
1785492798,134176270,340.998,1.712,342.539,66.636,1
1785492798,200812744,333.671,1.484,335.05,66.635,1
1785492798,267447998,340.964,1.603,342.45,66.634,1
1785492798,334082031,334.693,1.306,335.906,66.633,1
1785492798,400714600,328.087,1.499,329.462,66.631,1
1785492798,467345947,321.126,1.537,322.565,66.63,1
1785492798,533976074,332.915,1.505,334.314,66.629,1
1785492798,600604736,311.355,2.271,313.186,0.0,1
1785492798,667233887,309.613,1.499,311.01,0.0,1
1785492798,733985107,310.005,1.357,311.274,0.0,1
1785492798,800736328,309.414,1.286,310.61,0.0,1
1785492798,867487305,312.674,1.507,314.081,0.0,1
1785492798,934126709,329.146,2.384,331.398,0.0,1
1785492799,764893,361.554,3.298,364.749,66.637,1
1785492799,67401611,355.193,1.409,356.507,0.0,1
1785492799,134036865,362.304,1.324,363.536,0.0,1
1785492799,200670898,370.542,1.344,371.792,0.0,1
1785492799,333934814,369.948,1.429,371.28,0.0,1
1785492799,400564697,388.303,1.52,389.713,66.629,1
1785492799,533820557,375.276,1.309,376.491,0.0,1
1785492799,600446533,376.689,1.744,378.327,0.0,1
1785492799,667071045,398.43,1.807,399.886,0.0,1
1785492799,733694336,399.462,1.966,401.238,0.0,1
1785492799,800316162,398.695,2.016,400.436,0.0,1
1785492799,866937988,399.448,1.354,400.695,0.0,1
1785492799,933858643,410.433,1.638,411.953,66.923,1
1785492800,201563965,272.671,1.663,274.236,0.0,1
1785492800,268495850,269.973,1.68,271.555,0.0,1
1785492800,335430176,273.632,4.838,278.352,0.0,1
1785492800,402366699,268.497,1.611,270.006,0.0,1
1785492800,469305420,271.965,1.433,273.301,0.0,1
1785492800,536246582,297.714,1.681,299.278,66.943,1
1785492800,603189697,312.706,1.578,314.186,66.946,1
1785492800,670135498,327.215,1.9,328.983,66.948,1
1785492800,737083252,307.428,3.375,310.671,66.95,1
1785492800,804033447,298.946,1.787,300.602,66.95,1
1785492800,870983398,287.221,1.359,288.469,0.0,1
1785492800,937313477,282.259,1.253,283.422,0.0,1
1785492801,3951172,282.156,1.303,283.366,0.0,1
1785492801,70587646,288.426,1.435,289.742,0.0,1
1785492801,137222656,292.372,1.479,293.755,0.0,1
1785492801,203856201,304.289,1.534,305.704,0.0,1
1785492801,270488037,302.701,1.481,304.071,-66.632,1
1785492801,337118652,305.771,2.514,308.136,-133.262,1
1785492801,403747803,298.087,1.287,299.292,0.0,1
1785492801,470375244,312.769,1.337,314.011,0.0,1
1785492801,537001465,351.589,3.495,354.947,66.625,1
1785492801,603625977,335.305,2.73,337.92,0.0,1
1785492801,670249268,335.833,1.85,337.556,0.0,1
1785492801,736871094,330.002,1.321,331.229,0.0,1
1785492801,803492920,338.45,1.32,339.671,0.0,1
1785492801,870238770,338.062,2.591,340.535,-66.746,1
1785492801,936678467,336.059,1.277,337.245,0.0,1
1785492802,69873779,337.631,1.392,338.917,0.0,1
1785492802,136468506,337.749,1.271,338.928,0.0,1
1785492802,203061035,344.919,1.337,346.163,0.0,1
1785492802,269651855,343.899,1.261,345.071,0.0,1
1785492802,336240723,348.421,1.363,349.677,0.0,1
1785492802,402827393,344.139,1.312,345.361,0.0,1
1785492802,469412354,393.362,3.003,396.235,66.583,1
1785492802,535995361,363.677,1.316,364.903,0.0,1
1785492802,602576172,365.989,1.586,367.368,0.0,1
1785492802,669155273,382.294,2.847,385.018,0.0,1
1785492802,735734131,384.816,1.278,386.003,0.0,1
1785492802,802466064,386.355,1.334,387.595,0.0,1
1785492802,869197998,398.515,1.683,400.095,0.0,1
1785492802,935807861,397.28,2.076,399.242,0.0,1
1785492803,2416016,407.748,1.846,409.483,0.0,1
1785492803,69022217,437.627,1.728,439.236,199.808,1
1785492803,202229004,361.459,2.187,363.529,66.601,1
1785492803,268829834,353.106,2.861,355.839,66.599,1
1785492803,335428467,343.021,2.776,345.401,66.597,1
1785492803,402025391,321.112,1.687,322.689,0.0,1
1785492803,468620361,337.453,1.328,338.685,0.0,1
1785492803,535213379,375.27,1.481,376.643,66.591,1
1785492803,601804688,352.355,1.364,353.617,0.0,1
1785492803,668394043,350.023,1.367,351.293,0.0,1
1785492803,734981689,366.356,2.108,368.365,0.0,1
1785492803,801567383,369.399,1.416,370.723,0.0,1
1785492803,868152588,373.276,1.303,374.485,0.0,1
1785492803,934846680,379.142,1.63,380.509,0.0,1
1785492804,1540771,408.774,1.223,409.904,0.0,1
1785492804,68235596,422.231,1.397,423.526,0.0,1
1785492804,134930664,420.351,1.535,421.603,0.0,1
1785492804,201625977,427.344,1.326,428.565,0.0,1
1785492804,268321777,420.316,1.33,421.544,0.0,1
1785492804,335017822,423.68,1.288,424.865,0.0,1
1785492804,468411133,369.176,1.397,370.455,66.697,1
1785492804,535108398,371.399,1.528,372.816,66.698,1
1785492804,601806152,341.917,1.282,343.029,0.0,1
1785492804,668504150,348.507,1.522,349.937,0.0,1
1785492804,735202393,365.625,1.997,367.503,0.0,1
1785492804,801901367,365.012,2.33,367.185,-66.699,1
1785492804,868600586,366.729,2.406,369.01,0.0,1
1785492805,1853027,373.075,1.42,374.386,66.624,1
1785492805,135099121,359.38,1.491,360.748,0.0,1
1785492805,201719727,353.881,1.252,355.037,-66.621,1
1785492805,268338867,352.736,1.352,353.993,0.0,1
1785492805,334956299,363.129,1.534,364.533,0.0,1
1785492805,468186768,392.388,4.875,397.145,66.613,1
1785492805,534799561,378.817,1.878,380.572,0.0,1
1785492805,601410889,382.946,1.572,384.39,0.0,1
1785492805,668020508,375.251,1.296,376.45,0.0,1
1785492805,734628662,386.076,1.207,387.193,0.0,1
1785492805,801235352,400.837,1.68,402.416,0.0,1
1785492805,867841553,410.687,1.374,411.973,0.0,1
1785492805,934466797,411.775,1.434,412.943,0.0,1
1785492806,1090332,426.268,1.349,427.439,0.0,1
1785492806,67712158,424.93,1.333,426.171,0.0,1
1785492806,334184082,313.809,1.316,314.985,0.0,1
1785492806,400798096,322.055,1.392,323.35,0.0,1
1785492806,467410400,323.59,2.079,325.56,0.0,1
1785492806,534021240,348.588,12.494,355.908,0.0,1
1785492806,600630371,344.942,1.21,346.063,0.0,1
1785492806,667238037,338.261,1.71,339.819,-66.608,1
1785492806,733843994,344.492,1.335,345.734,0.0,1
1785492806,800448486,348.756,1.485,350.141,0.0,1
1785492806,867052246,348.242,1.304,349.358,0.0,1
1785492806,933687500,351.179,1.393,352.48,0.0,1
1785492807,298340,385.183,1.455,386.536,0.0,1
1785492807,66907471,392.919,1.953,394.744,0.0,1
1785492807,133514648,390.344,1.385,391.635,0.0,1
1785492807,200120117,401.874,1.442,403.219,0.0,1
1785492807,266723633,410.301,1.346,411.489,0.0,1
1785492807,333325439,417.464,1.481,418.842,0.0,1
1785492807,399925537,430.896,1.501,432.302,0.0,1
1785492807,599714844,305.31,1.465,306.673,-199.789,1
1785492807,666307617,325.893,1.834,327.6,0.0,1
1785492807,799584717,319.517,1.428,320.732,0.0,1
1785492807,866269775,319.157,1.31,320.323,0.0,1
1785492807,932895508,316.664,1.322,317.839,0.0,1
1785492807,999520020,330.397,1.427,331.668,0.0,1
1785492808,66142578,335.46,1.952,337.291,0.0,1
1785492808,132763916,345.788,8.01,353.676,0.0,1
1785492808,199383301,357.249,1.594,358.712,66.618,1
1785492808,266001465,346.779,2.689,349.342,0.0,1
1785492808,332617676,344.232,1.359,345.482,0.0,1
1785492808,399232422,345.941,1.689,347.517,0.0,1
1785492808,465845703,347.208,3.876,350.905,0.0,1
1785492808,532457275,367.144,1.645,368.558,66.61,1
1785492808,599067383,358.808,1.885,360.562,0.0,1
1785492808,665675781,359.41,1.412,360.726,0.0,1
1785492808,732282715,364.94,1.226,366.074,0.0,1
1785492808,798887939,371.048,1.31,372.262,0.0,1
1785492808,865492432,367.973,1.275,369.16,0.0,1
1785492808,932118164,390.556,1.691,392.133,-66.626,1
1785492808,998742432,414.673,1.333,415.865,0.0,1
1785492809,65364990,419.738,1.367,420.956,0.0,1
1785492809,131985840,428.457,1.634,429.991,0.0,1
1785492809,198605469,438.771,1.229,439.908,0.0,1
1785492809,265223145,443.368,1.215,444.495,0.0,1
1785492809,331839355,450.457,5.205,455.541,0.0,1
1785492809,398454102,438.662,2.45,440.725,133.224,1
1785492809,531678467,365.29,1.667,366.841,0.0,1
1785492809,598288330,365.2,2.692,367.777,0.0,1
1785492809,664896729,382.483,1.33,383.717,0.0,1
1785492809,731503174,382.131,1.306,383.347,0.0,1
1785492809,798108398,381.33,1.388,382.626,0.0,1
1785492809,864712646,382.833,1.758,384.489,0.0,1
1785492809,931421875,385.94,2.349,388.183,0.0,1
1785492809,998131836,399.499,2.472,401.78,0.0,1
1785492810,64842529,396.169,3.379,399.409,-66.711,1
1785492810,198265625,390.094,1.239,391.241,0.0,1
1785492810,264978271,392.713,1.304,393.887,0.0,1
1785492810,331691650,393.652,1.19,394.757,0.0,1
1785492810,465119873,352.539,1.607,354.016,-66.714,1
1785492810,598550781,286.903,1.533,288.315,0.0,1
1785492810,665267334,294.197,1.276,295.382,0.0,1
1785492810,731984375,302.807,1.718,304.415,0.0,1
1785492810,798702148,307.215,1.381,308.497,0.0,1
1785492810,865419922,322.375,1.235,323.521,0.0,1
1785492810,932297852,322.423,1.341,323.672,0.0,1
1785492810,999178711,319.349,1.498,320.742,0.0,1
1785492811,66062256,336.614,1.972,338.472,0.0,1
1785492811,132948975,337.948,1.952,339.775,0.0,1
1785492811,199838379,345.126,1.218,346.255,0.0,1
1785492811,266730713,348.947,1.401,350.248,0.0,1
1785492811,333626221,348.62,1.349,349.874,0.0,1
1785492811,400524414,351.321,1.719,352.836,0.0,1
1785492811,467425537,358.912,3.889,362.673,0.0,1
1785492811,534329590,360.613,1.561,362.075,0.0,1
1785492811,601236572,392.248,3.261,395.393,0.0,1
1785492811,668146484,393.631,1.687,395.208,0.0,1
1785492811,735059326,379.898,1.629,381.424,0.0,1
1785492811,801974854,376.653,1.707,378.166,0.0,1
1785492811,868890869,378.341,1.64,379.881,0.0,1
1785492811,935768311,375.689,1.41,377.004,0.0,1
1785492812,2648926,379.021,1.556,380.462,0.0,1
1785492812,69532227,383.21,1.865,384.967,0.0,1
1785492812,136418457,383.942,1.614,385.456,0.0,1
1785492812,203307617,382.479,1.346,383.729,0.0,1
1785492812,270199707,385.793,1.367,387.062,0.0,1
1785492812,337094727,384.045,1.619,385.294,0.0,1
1785492812,403992676,385.41,1.746,387.054,0.0,1
1785492812,470893555,392.123,1.254,393.284,0.0,1
1785492812,537797363,400.529,1.534,401.906,0.0,1
1785492812,604704102,428.141,2.971,430.963,66.909,1
1785492812,671613525,413.845,1.571,415.31,0.0,1
1785492812,738526123,421.181,1.357,422.446,0.0,1
1785492812,805441406,431.263,1.352,432.5,0.0,1
1785492812,938691650,374.01,4.401,377.533,-133.25,1
1785492813,72240723,317.225,1.382,318.509,0.0,1
1785492813,139017578,329.323,1.735,330.924,0.0,1
1785492813,205796387,344.729,1.848,346.481,0.0,1
1785492813,272576904,340.717,1.265,341.901,0.0,1
1785492813,339358887,351.258,1.314,352.428,0.0,1
1785492813,406142578,352.633,1.281,353.811,0.0,1
1785492813,472927979,366.667,1.755,368.295,0.0,1
1785492813,606503906,352.776,1.397,354.003,0.0,1
1785492813,673293457,374.312,3.255,377.435,0.0,1
1785492813,740011230,365.053,1.844,366.667,0.0,1
1785492813,806729248,352.746,1.334,353.932,0.0,1
1785492813,873447021,359.145,1.31,360.359,0.0,1
1785492813,939980957,373.701,1.371,374.918,0.0,1
1785492814,6635498,401.262,1.562,402.652,0.0,1
1785492814,73289063,414.316,1.255,415.485,0.0,1
1785492814,139941406,414.375,1.252,415.537,0.0,1
1785492814,206592773,421.542,1.355,422.719,0.0,1
1785492814,273242920,429.701,1.314,430.927,0.0,1
1785492814,339892334,428.452,1.399,429.702,0.0,1
1785492814,473187744,374.56,1.529,375.982,-66.647,1
1785492814,606478760,313.119,1.37,314.323,0.0,1
1785492814,739766602,308.272,1.329,309.49,0.0,1
1785492814,806476563,311.037,1.798,312.717,0.0,1
1785492814,873186768,309.443,1.309,310.61,0.0,1
1785492814,939843994,314.052,1.477,315.427,0.0,1
1785492815,6500488,318.853,1.305,320.06,0.0,1
1785492815,73156006,320.918,1.482,322.297,0.0,1
1785492815,139810303,340.62,2.042,342.401,0.0,1
1785492815,206463623,342.684,1.357,343.89,0.0,1
1785492815,273115967,343.145,1.433,344.478,0.0,1
1785492815,339767090,344.977,1.409,346.291,0.0,1
1785492815,406417480,345.189,1.368,346.378,0.0,1
1785492815,473066650,356.775,1.304,357.979,0.0,1
1785492815,539714844,359.395,1.402,360.693,0.0,1
1785492815,606361816,354.871,1.362,356.054,0.0,1
1785492815,673008057,361.851,1.254,363.007,0.0,1
1785492815,739653076,362.301,1.337,363.544,0.0,1
1785492815,806297119,373.443,1.922,375.243,0.0,1
1785492815,872940918,378.735,1.802,380.411,0.0,1
1785492815,940062744,372.225,1.271,373.399,0.0,1
1785492816,6871826,411.262,1.404,412.559,0.0,1
1785492816,73683838,415.098,1.393,416.379,0.0,1
1785492816,140498779,421.01,1.719,422.632,0.0,1
1785492816,207316650,418.518,1.248,419.67,0.0,1
1785492816,274137451,416.238,1.31,417.458,0.0,1
1785492816,340961426,429.365,1.66,430.862,0.0,1
1785492816,474617676,357.039,1.745,358.66,66.833,1
1785492816,541450439,331.084,1.505,332.475,66.835,1
1785492816,608285889,328.495,1.491,329.777,0.0,1
1785492816,675124268,337.585,1.601,338.993,0.0,1
1785492816,741964355,346.621,1.905,348.387,0.0,1
1785492816,808689697,343.115,1.995,344.965,0.0,1
1785492816,942043945,328.77,2.269,330.753,0.0,1
1785492817,8736572,362.426,6.294,368.607,66.692,1
1785492817,75428711,362.134,1.545,363.568,66.692,1
1785492817,142120850,345.699,1.828,347.417,66.692,1
1785492817,208812500,328.283,1.394,329.566,0.0,1
1785492817,275503662,341.501,1.275,342.68,0.0,1
1785492817,342194824,351.956,1.257,353.123,0.0,1
1785492817,408885498,351.942,1.295,353.143,0.0,1
1785492817,475575928,371.69,1.584,373.159,0.0,1
1785492817,542266113,357.656,1.324,358.884,0.0,1
1785492817,608955811,393.558,2.087,395.516,66.689,1
1785492817,675645264,384.284,1.577,385.754,0.0,1
1785492817,742334961,380.596,1.367,381.872,0.0,1
1785492817,809057861,381.829,1.542,383.188,0.0,1
1785492817,875781006,381.008,1.684,382.593,0.0,1
1785492817,942467041,383.704,1.387,384.977,0.0,1
1785492818,9152832,390.491,1.552,391.926,0.0,1
1785492818,75837891,414.601,1.577,416.076,0.0,1
1785492818,142522461,432.924,1.631,434.454,0.0,1
1785492818,209206543,432.108,1.712,433.385,0.0,1
1785492818,275890137,432.469,1.364,433.735,0.0,1
1785492818,342573242,432.398,1.399,433.698,0.0,1
1785492818,409255859,458.414,2.178,460.487,0.0,1
1785492818,542619385,380.556,2.971,383.422,-133.364,1
1785492818,609300293,367.025,1.331,368.253,66.68,1
1785492818,675980713,347.207,1.264,348.377,0.0,1
1785492818,742660889,350.692,1.414,352.003,0.0,1
1785492818,809340332,352.882,1.656,354.436,0.0,1
1785492818,876019531,352.102,1.609,353.614,0.0,1
1785492818,943177246,351.402,1.571,352.878,0.0,1
1785492819,10019043,365.377,1.496,366.653,0.0,1
1785492819,76862061,389.287,1.507,390.683,0.0,1
1785492819,143706787,397.993,3.739,401.609,0.0,1
1785492819,210552734,398.455,3.559,401.903,0.0,1
1785492819,277400146,398.369,4.141,402.377,0.0,1
1785492819,344249268,402.161,2.067,404.117,-66.849,1
1785492819,411099609,448.388,1.791,450.054,200.56,1
1785492819,611659424,296.991,12.627,309.505,0.0,1
1785492819,678515625,312.829,2.659,315.362,66.856,1
1785492819,745371582,311.656,1.73,313.242,66.73,1
1785492819,812102051,298.764,1.838,300.486,0.0,1
1785492819,878832764,291.119,4.343,294.073,-66.731,1
1785492819,945442139,299.86,2.916,302.626,0.0,1
1785492820,12110840,287.577,1.4,288.864,0.0,1
1785492820,78778809,287.188,2.993,290.063,0.0,1
1785492820,145446045,288.559,1.462,289.911,0.0,1
1785492820,212112305,305.41,1.498,306.803,0.0,1
1785492820,278777832,306.965,1.479,308.329,0.0,1
1785492820,345442627,309.108,1.36,310.377,0.0,1
1785492820,412106445,310.409,1.463,311.765,-66.664,1
1785492820,478769531,309.046,1.977,310.908,-133.327,1
1785492820,545431885,307.305,2.176,309.371,0.0,1
1785492820,612093506,339.767,1.527,341.179,66.661,1
1785492820,678754150,321.054,4.399,325.312,0.0,1
1785492820,745414063,310.786,1.382,312.07,-66.66,1
1785492820,812073975,308.537,1.256,309.703,-133.32,1
1785492820,878798340,312.46,1.372,313.685,0.0,1
1785492820,945463135,312.185,1.321,313.359,0.0,1
1785492821,12157227,312.397,1.362,313.602,0.0,1
1785492821,78850586,317.455,1.385,318.734,0.0,1
1785492821,145543701,342.887,6.559,346.856,0.0,1
1785492821,212236328,342.669,1.616,344.161,-66.693,1
1785492821,345619873,333.726,1.434,335.057,0.0,1
1785492821,412311035,338.274,1.337,339.513,0.0,1
1785492821,479001709,337.221,1.475,338.585,0.0,1
1785492821,545691650,338.245,1.452,339.601,0.0,1
1785492821,679070557,357.845,3.082,360.79,0.0,1
1785492821,745759277,344.536,1.712,346.125,0.0,1
1785492821,812447998,336.186,1.292,337.384,0.0,1
1785492821,945756348,332.036,1.531,333.451,0.0,1
1785492822,12420166,333.604,1.657,335.073,0.0,1
1785492822,79083008,336.606,1.528,338.03,0.0,1
1785492822,145745361,349.522,1.52,350.785,0.0,1
1785492822,212406494,350.049,1.326,351.233,0.0,1
1785492822,279066895,351.778,1.279,352.967,0.0,1
1785492822,345726318,353.72,1.325,354.899,0.0,1
1785492822,412384766,356.233,1.264,357.407,0.0,1
1785492822,479042480,372.074,1.773,373.706,0.0,1
1785492822,545699463,361.512,3.424,362.763,0.0,1
1785492822,679010254,357.669,1.275,358.854,-66.655,1
1785492822,745665283,361.463,1.369,362.692,0.0,1
1785492822,812379883,364.003,1.324,365.228,0.0,1
1785492822,879094238,369.528,1.73,371.123,0.0,1
1785492822,945670654,366.451,1.333,367.684,0.0,1
1785492823,12337402,385.084,1.651,386.575,0.0,1
1785492823,79003418,379.478,1.301,380.682,0.0,1
1785492823,145668457,404.176,1.57,405.492,0.0,1
1785492823,212332764,414.63,1.337,415.871,0.0,1
1785492823,278996094,432.256,1.446,433.409,0.0,1
1785492823,345658691,436.411,1.339,437.645,0.0,1
1785492823,412320557,445.898,1.328,447.133,0.0,1
1785492823,478981445,456.861,1.301,458.069,0.0,1
1785492823,612300781,374.1,1.247,375.252,66.658,1
1785492823,678959229,350.897,2.023,352.796,0.0,1
1785492823,745617432,341.556,1.728,343.178,0.0,1
1785492823,812325684,344.276,1.627,345.802,0.0,1
1785492823,879033691,345.963,1.373,347.238,0.0,1
1785492824,79386230,239.034,1.521,240.457,0.0,1
1785492824,146209961,255.06,1.926,256.849,0.0,1
1785492824,213034912,256.26,1.418,257.586,0.0,1
1785492824,279860840,269.402,1.324,270.629,0.0,1
1785492824,346688232,265.648,1.958,267.202,-66.827,1
1785492824,413516602,268.62,1.408,269.926,0.0,1
1785492824,480345947,275.456,1.397,276.763,0.0,1
1785492824,547176514,281.045,1.505,282.439,0.0,1
1785492824,614008301,289.291,1.499,290.681,0.0,1
1785492824,680841309,299.309,1.44,300.648,0.0,1
1785492824,747675293,311.504,1.387,312.791,0.0,1
1785492824,814510498,310.614,1.431,311.883,-66.835,1
1785492824,881346680,311.479,1.421,312.727,0.0,1
1785492824,948182861,310.405,1.402,311.706,-66.836,1
1785492825,14990723,313.974,1.787,315.637,-133.644,1
1785492825,81799561,313.536,1.785,315.128,0.0,1
1785492825,148609131,323.915,1.479,325.248,0.0,1
1785492825,215419678,326.741,1.41,328.047,0.0,1
1785492825,282231201,328.861,1.558,330.219,0.0,1
1785492825,349043457,334.333,2.641,336.854,0.0,1
1785492825,415856689,341.05,1.442,342.395,-66.813,1
1785492825,482670898,345.508,4.972,350.36,0.0,1
1785492825,616301758,348.449,1.321,349.664,0.0,1
1785492825,683118652,344.24,10.281,354.4,0.0,1
1785492825,749936279,346.048,1.423,347.318,0.0,1
1785492825,816754883,346.54,1.272,347.721,0.0,1
1785492825,883574463,343.739,1.337,344.982,0.0,1
1785492825,950393555,344.232,1.396,345.532,0.0,1
1785492826,17187988,376.691,1.592,378.154,66.795,1
1785492826,83982910,382.295,1.858,384.034,66.795,1
1785492826,150778320,375.41,1.736,376.993,0.0,1
1785492826,217574707,371.675,1.441,373.021,0.0,1
1785492826,284371338,374.688,1.656,376.239,0.0,1
1785492826,351168945,378.913,1.49,380.301,0.0,1
1785492826,417967041,383.805,1.602,385.308,-66.798,1
1785492826,484765869,388.204,1.448,389.481,0.0,1
1785492826,551565186,392.477,1.507,393.876,0.0,1
1785492826,618365234,391.608,1.224,392.728,0.0,1
1785492826,685166016,409.945,1.82,411.658,0.0,1
1785492826,751967285,420.301,1.602,421.781,0.0,1
1785492826,885572021,342.543,1.4,343.838,66.802,1
1785492826,952374268,329.739,2.304,331.916,67.011,1
1785492827,19385742,308.38,1.495,309.779,0.0,1
1785492827,86263184,323.728,1.38,324.947,0.0,1
1785492827,153143311,326.229,1.506,327.616,0.0,1
1785492827,220026123,336.009,1.295,337.205,0.0,1
1785492827,353800049,334.998,2.08,336.83,0.0,1
1785492827,420690918,336.757,1.322,337.977,0.0,1
1785492827,487584473,347.377,1.397,348.538,0.0,1
1785492827,554480957,356.364,1.293,357.555,0.0,1
1785492827,621379883,364.721,1.377,366.007,0.0,1
1785492827,688281738,373.318,1.23,374.457,0.0,1
1785492827,755186035,377.206,1.544,378.627,0.0,1
1785492827,822091064,379.661,1.376,380.941,0.0,1
1785492827,888838867,384.514,1.323,385.75,0.0,1
1785492827,955586670,389.523,6.455,395.369,0.0,1
1785492828,22447510,399.404,1.604,400.904,0.0,1
1785492828,89310791,412.988,1.495,414.382,0.0,1
1785492828,156176514,413.318,1.344,414.566,0.0,1
1785492828,223044922,427.817,1.499,429.211,0.0,1
1785492828,356789551,353.848,5.063,357.558,66.876,1
1785492828,423665527,342.862,1.533,344.295,66.879,1
1785492828,490544434,331.12,5.023,336.014,66.881,1
1785492828,557425537,310.687,1.276,311.875,0.0,1
1785492828,624309570,336.911,1.212,338.034,0.0,1
1785492828,691195801,338.384,1.362,339.645,0.0,1
1785492828,824976563,334.003,1.484,335.382,0.0,1
1785492828,891870605,333.085,1.624,334.517,0.0,1
1785492828,958765869,332.269,1.622,333.784,0.0,1
1785492829,25352783,334.541,1.619,336.058,0.0,1
1785492829,92146240,359.96,2.222,362.046,0.0,1
1785492829,158940430,353.629,1.475,355.008,0.0,1
1785492829,225735352,354.054,1.557,355.51,0.0,1
1785492829,292531006,353.237,1.608,354.741,0.0,1
1785492829,359327393,353.129,2.562,355.58,0.0,1
1785492829,426124512,379.44,1.753,381.069,66.798,1
1785492829,492922119,400.489,4.48,404.851,66.798,1
1785492829,559720459,382.131,2.394,384.405,0.0,1
1785492829,626519531,381.447,1.434,382.776,0.0,1
1785492829,693319336,381.095,1.395,382.395,0.0,1
1785492829,760119873,381.353,1.266,382.53,0.0,1
1785492829,826920654,391.329,1.448,392.683,0.0,1
1785492829,893690430,391.168,1.457,392.523,0.0,1
1785492829,960460205,423.202,1.663,424.745,0.0,1
1785492830,93993896,349.609,3.7,353.184,66.764,1
1785492830,160758057,320.309,1.946,322.088,0.0,1
1785492830,227522461,327.793,1.492,329.182,0.0,1
1785492830,294286621,323.339,1.522,324.74,0.0,1
1785492830,361051025,329.872,1.389,331.167,0.0,1
1785492830,427815674,331.872,1.379,333.1,0.0,1
1785492830,494580322,341.964,1.478,343.284,0.0,1
1785492830,561345215,350.385,1.45,351.728,0.0,1
1785492830,628110107,362.3,1.307,363.512,0.0,1
1785492830,694875000,363.598,1.334,364.834,0.0,1
1785492830,761640137,366.287,1.429,367.611,0.0,1
1785492830,828405273,363.088,1.406,364.398,0.0,1
1785492830,895170654,360.987,1.407,362.297,0.0,1
1785492830,961936035,362.308,1.945,364.038,0.0,1
1785492831,28701416,364.501,1.913,366.293,0.0,1
1785492831,95295654,368.012,1.964,369.867,0.0,1
1785492831,161887695,379.604,1.863,381.155,0.0,1
1785492831,228477295,382.564,1.609,384.069,0.0,1
1785492831,295065186,383.332,1.699,384.926,0.0,1
1785492831,361650635,383.201,1.491,384.594,0.0,1
1785492831,428234131,405.72,3.075,408.681,0.0,1
1785492831,561394287,331.048,5.867,336.797,66.577,1
1785492831,627971436,330.476,1.699,332.069,66.575,1
1785492831,694546143,307.842,1.217,308.969,0.0,1
1785492831,761118896,307.459,1.206,308.577,0.0,1
1785492831,827689453,313.681,1.294,314.883,0.0,1
1785492831,894257813,330.37,1.706,331.974,0.0,1
1785492831,960823975,331.63,1.661,333.187,0.0,1
1785492832,27390381,349.684,1.479,351.059,67.031,1
1785492832,94421875,352.048,1.674,353.505,0.0,1
1785492832,161142334,376.891,1.764,378.551,0.0,1
1785492832,227862061,380.967,1.936,382.696,0.0,1
1785492832,294581299,381.328,1.947,383.149,0.0,1
1785492832,361300293,380.872,1.908,382.68,0.0,1
1785492832,428018555,380.92,1.887,382.711,0.0,1
1785492832,494736328,389.708,2.121,391.714,0.0,1
1785492832,561453857,406.116,1.624,407.632,0.0,1
1785492832,761602783,285.414,1.25,286.576,0.0,1
1785492832,828318115,292.335,1.768,294.008,0.0,1
1785492832,895033447,298.643,1.399,299.935,0.0,1
1785492832,961786133,295.302,1.738,296.94,0.0,1
1785492833,28539063,310.653,3.1,313.629,0.0,1
1785492833,161997314,306.152,1.42,307.469,0.0,1
1785492833,228725830,305.406,2.681,307.978,0.0,1
1785492833,295453857,306.211,1.416,307.516,0.0,1
1785492833,362181396,309.602,1.973,311.468,0.0,1
1785492833,428908447,308.793,1.434,310.028,0.0,1
1785492833,495634766,348.335,2.544,350.759,66.726,1
1785492833,562360840,341.452,1.765,343.103,0.0,1
1785492833,629086426,349.299,1.699,350.858,0.0,1
1785492833,695811523,341.865,1.269,343.04,0.0,1
1785492833,762536133,346.384,1.616,347.905,0.0,1
1785492833,829260254,345.949,1.408,347.258,0.0,1
1785492833,895983887,353.073,1.663,354.631,0.0,1
1785492833,962707031,354.294,1.511,355.642,0.0,1
1785492834,29429932,358.01,1.797,359.578,0.0,1
1785492834,96158203,367.835,3.0,370.712,0.0,1
1785492834,229613281,362.374,1.617,363.883,0.0,1
1785492834,296340088,362.132,2.104,364.125,0.0,1
1785492834,363066162,361.978,1.617,363.244,0.0,1
1785492834,429791748,362.52,1.786,364.105,0.0,1
1785492834,496516602,395.544,2.172,397.359,66.724,1
1785492834,563240967,375.291,1.621,376.812,0.0,1
1785492834,629964844,377.72,3.867,381.468,-66.724,1
1785492834,696688232,380.186,1.549,381.456,-133.447,1
1785492834,763410889,380.656,1.565,382.124,-200.17,1
1785492834,830133057,381.944,1.359,383.21,0.0,1
1785492834,896854736,382.347,2.342,384.581,0.0,1
1785492835,96647705,282.542,2.073,284.417,66.627,1
1785492835,163274414,276.405,1.787,278.068,0.0,1
1785492835,229900391,264.164,1.392,265.463,0.0,1
1785492835,296525635,286.163,1.232,287.302,0.0,1
1785492835,363149902,287.808,1.646,289.353,0.0,1
1785492835,429773438,291.941,1.635,293.476,0.0,1
1785492835,496396240,306.585,1.941,308.401,66.622,1
1785492835,563018066,328.366,2.144,329.976,66.621,1
1785492835,629639404,312.391,3.928,316.184,0.0,1
1785492835,696259766,305.678,1.751,307.321,0.0,1
1785492835,762879150,309.876,8.555,318.283,0.0,1
1785492835,829499512,306.399,1.451,307.745,0.0,1
1785492835,896239502,304.26,1.408,305.57,0.0,1
1785492835,962979248,302.186,1.437,303.419,0.0,1
1785492836,29719238,306.026,1.56,307.482,0.0,1
1785492836,96281250,307.696,1.404,309.008,0.0,1
1785492836,162840576,310.534,1.278,311.724,0.0,1
1785492836,229397217,314.586,1.473,315.966,0.0,1
1785492836,295951172,313.224,1.32,314.448,0.0,1
1785492836,362502197,311.177,1.43,312.51,0.0,1
1785492836,429050781,310.99,1.431,312.326,-66.549,1
1785492836,495596436,313.236,1.483,314.615,0.0,1
1785492836,562139648,322.259,2.162,324.299,-66.543,1
1785492836,628679932,317.246,2.679,319.821,-133.083,1
1785492836,695217529,339.938,1.677,341.501,0.0,1
1785492836,761752686,352.265,4.346,356.498,0.0,1
1785492836,828284912,343.632,1.471,344.991,0.0,1
1785492836,894814209,346.732,1.311,347.953,0.0,1
1785492836,961341064,347.84,1.343,349.095,0.0,1
1785492837,27867676,353.908,1.622,355.408,0.0,1
1785492837,94931152,352.67,1.516,354.086,0.0,1
1785492837,161635254,369.879,1.214,371.005,0.0,1
1785492837,228338623,382.996,1.691,384.582,0.0,1
1785492837,295041260,381.068,1.719,382.687,0.0,1
1785492837,361743164,380.252,1.968,382.098,0.0,1
1785492837,428444336,382.007,1.384,383.295,0.0,1
1785492837,495144775,393.299,2.577,395.713,0.0,1
1785492837,561844238,409.028,2.138,411.001,0.0,1
1785492837,628543213,391.305,1.998,393.157,133.396,1
1785492837,761938721,299.245,1.3,300.453,0.0,1
1785492837,828635498,309.935,1.381,311.197,0.0,1
1785492837,895331543,312.668,1.332,313.908,0.0,1
1785492837,962048340,313.275,1.367,314.46,0.0,1
1785492838,28764893,319.312,1.493,320.694,0.0,1
1785492838,95468018,332.681,2.264,334.722,-66.703,1
1785492838,162170166,346.474,1.616,347.977,66.701,1
1785492838,228871338,343.672,2.352,345.55,0.0,1
1785492838,295571533,360.609,2.087,362.586,66.699,1
1785492838,362270752,350.374,1.481,351.751,0.0,1
1785492838,428968994,377.089,1.788,378.754,0.0,1
1785492838,562362793,395.498,1.695,397.038,66.695,1
1785492838,629058105,409.612,1.523,411.023,66.694,1
1785492838,695752441,398.985,4.333,403.193,66.694,1
1785492838,762446045,392.298,1.676,393.837,66.692,1
1785492838,829138428,389.985,1.542,391.324,0.0,1
1785492838,895830078,373.068,1.537,374.479,-66.692,1
1785492838,962520508,370.005,1.267,371.177,0.0,1
1785492839,29210449,369.159,1.427,370.391,0.0,1
1785492839,96020996,380.079,1.376,381.361,0.0,1
1785492839,162750000,383.378,1.246,384.54,0.0,1
1785492839,229477783,385.896,1.309,387.105,0.0,1
1785492839,296205078,386.626,1.366,387.828,0.0,1
1785492839,362931641,391.932,1.561,393.373,0.0,1
1785492839,429657227,390.633,2.416,392.837,0.0,1
1785492839,496382080,404.57,5.329,409.787,0.0,1
1785492839,629829346,326.573,1.488,327.949,-133.447,1
1785492839,696551758,328.491,1.655,329.982,66.722,1
1785492839,763273438,331.027,5.455,336.358,66.721,1
1785492839,829994385,323.694,1.528,325.094,0.0,1
1785492839,896714355,337.486,1.423,338.802,0.0,1
1785492839,963418701,350.816,1.595,352.3,0.0,1
1785492840,30123291,368.903,1.672,370.394,0.0,1
1785492840,96542969,388.933,1.372,390.158,0.0,1
1785492840,163150146,393.072,2.492,394.794,0.0,1
1785492840,229756104,393.403,1.633,394.918,0.0,1
1785492840,296360840,398.954,2.144,400.989,0.0,1
1785492840,362964600,402.017,1.495,403.34,0.0,1
1785492840,429567139,417.415,1.633,418.947,0.0,1
1785492840,562768555,342.867,1.353,344.117,66.599,1
1785492840,629367432,334.943,2.157,336.793,66.598,1
1785492840,695965332,316.675,1.219,317.805,0.0,1
1785492840,762561768,319.405,1.48,320.784,0.0,1
1785492840,829157227,320.935,1.598,322.415,0.0,1
1785492840,895752930,323.297,1.498,324.695,0.0,1
1785492840,962448486,324.754,1.346,326.003,0.0,1
1785492841,29144043,332.433,1.33,333.664,0.0,1
1785492841,95839844,338.406,1.521,339.824,0.0,1
1785492841,162606201,332.735,1.32,333.96,0.0,1
1785492841,229373779,336.064,1.58,337.45,0.0,1
1785492841,296142090,337.207,1.432,338.54,0.0,1
1785492841,362911377,336.37,1.471,337.74,0.0,1
1785492841,429681396,336.107,1.538,337.542,0.0,1
1785492841,496452637,339.158,2.672,341.717,0.0,1
1785492841,629997559,343.144,2.756,345.772,0.0,1
1785492841,696771240,343.556,2.158,344.81,0.0,1
1785492841,830321533,339.52,1.252,340.675,0.0,1
1785492841,897098145,340.078,1.402,341.379,0.0,1
1785492841,963875732,340.57,1.565,341.869,0.0,1
1785492842,30654053,339.026,1.644,340.568,0.0,1
1785492842,97432373,344.576,1.374,345.856,0.0,1
1785492842,164048340,340.277,1.537,341.713,0.0,1
1785492842,230663086,341.113,1.357,342.376,0.0,1
1785492842,363889648,338.519,1.577,339.992,0.0,1
1785492842,430501221,338.252,1.642,339.789,0.0,1
1785492842,497112061,347.555,1.877,349.306,0.0,1
1785492842,563721924,344.302,1.45,345.646,0.0,1
1785492842,630330566,364.16,2.004,365.854,66.608,1
1785492842,696938232,349.394,1.613,350.902,0.0,1
1785492842,763545166,351.631,1.614,353.144,0.0,1
1785492842,830150879,358.228,1.35,359.485,0.0,1
1785492842,896755615,360.172,1.603,361.668,0.0,1
1785492842,963359375,362.082,1.611,363.411,0.0,1
1785492843,29961914,366.926,1.459,368.283,0.0,1
1785492843,96564941,362.97,1.475,364.197,0.0,1
1785492843,163195068,366.823,1.77,368.487,0.0,1
1785492843,229824219,366.466,1.735,368.098,0.0,1
1785492843,296452881,367.918,1.703,369.518,0.0,1
1785492843,363080811,369.836,1.68,371.247,0.0,1
1785492843,429707764,377.335,2.15,379.161,0.0,1
1785492843,496334229,383.151,2.13,385.158,66.625,1
1785492843,562959717,408.49,1.541,409.932,66.625,1
1785492843,629584717,407.385,2.099,409.009,66.624,1
1785492843,696208740,387.995,1.801,389.674,0.0,1
1785492843,762832031,382.106,1.761,383.744,-66.623,1
1785492843,829454590,389.278,1.698,390.85,0.0,1
1785492843,896076416,382.478,1.357,383.731,-66.622,1
1785492844,29317871,382.945,1.27,384.116,0.0,1
1785492844,162741455,377.737,1.794,379.421,0.0,1
1785492844,229545898,387.963,1.495,389.251,0.0,1
1785492844,296352051,411.726,1.663,413.273,200.428,1
1785492844,429968994,343.34,1.758,344.807,133.623,1
1785492844,496779785,342.562,2.077,344.509,66.812,1
1785492844,563592041,329.045,1.518,330.449,66.814,1
1785492844,630405762,333.018,5.017,334.561,66.815,1
1785492844,697221191,309.761,3.109,312.719,0.0,1
1785492844,764038086,309.951,1.484,311.284,0.0,1
1785492844,830856445,311.886,1.453,313.189,0.0,1
1785492844,897676270,310.534,1.385,311.753,0.0,1
1785492844,964497803,312.269,1.305,313.463,0.0,1
1785492845,31320801,315.519,1.468,316.83,0.0,1
1785492845,98143799,319.848,3.658,323.35,0.0,1
1785492845,164787598,330.932,1.533,332.363,0.0,1
1785492845,231430664,334.943,1.42,336.261,0.0,1
1785492845,298073242,332.608,1.325,333.837,0.0,1
1785492845,364715332,333.176,1.407,334.456,0.0,1
1785492845,431356689,335.836,1.35,337.092,0.0,1
1785492845,497997803,350.188,1.755,351.82,0.0,1
1785492845,564638428,346.028,1.669,347.574,0.0,1
1785492845,631278320,350.843,1.345,352.084,0.0,1
1785492845,697917725,371.78,1.419,373.099,0.0,1
1785492845,764556885,374.155,1.334,375.395,0.0,1
1785492845,831195313,373.448,1.457,374.721,0.0,1
1785492845,897833252,372.475,1.607,373.982,0.0,1
1785492845,964470703,376.173,1.708,377.644,0.0,1
1785492846,31107422,381.284,1.76,382.93,0.0,1
1785492846,97744629,382.336,1.721,383.774,0.0,1
1785492846,164405273,379.117,1.733,380.746,0.0,1
1785492846,297726318,376.193,1.308,377.395,0.0,1
1785492846,364386230,377.954,1.473,379.33,0.0,1
1785492846,431046143,380.563,1.495,381.961,0.0,1
1785492846,564365479,414.657,1.628,416.171,66.659,1
1785492846,631024658,417.006,3.056,419.718,66.659,1
1785492846,697683838,407.773,1.72,409.382,0.0,1
1785492846,764342773,390.178,1.778,391.744,-66.659,1
1785492846,831001465,384.681,1.542,386.12,0.0,1
1785492846,897659912,394.046,1.315,395.263,0.0,1
1785492846,964318115,392.545,1.74,394.176,0.0,1
1785492847,30976318,400.08,1.448,401.378,0.0,1
1785492847,97634521,410.178,1.464,411.449,0.0,1
1785492847,163997070,418.473,1.329,419.647,0.0,1
1785492847,363726563,290.69,1.549,292.135,0.0,1
1785492847,430298584,299.205,1.739,300.815,0.0,1
1785492847,496868408,313.911,1.661,315.317,66.568,1
1785492847,630001465,302.08,1.886,303.832,0.0,1
1785492847,696564697,303.235,1.388,304.416,0.0,1
1785492847,763125488,303.172,1.482,304.507,-66.561,1
1785492847,829684326,305.361,1.424,306.682,0.0,1
1785492847,896242432,308.635,1.359,309.885,0.0,1
1785492848,29600342,304.287,1.302,305.495,0.0,1
1785492848,96279541,306.001,2.037,307.811,-66.679,1
1785492848,229629639,322.932,2.325,325.132,0.0,1
1785492848,296304932,321.322,3.997,325.178,-66.675,1
1785492848,362979980,306.875,1.692,308.44,-133.35,1
1785492848,429655273,300.413,1.426,301.641,0.0,1
1785492848,496330322,307.034,1.826,308.734,0.0,1
1785492848,563005615,310.447,1.598,311.906,0.0,1
1785492848,629680908,316.369,1.687,317.918,0.0,1
1785492848,696356201,316.879,1.634,318.385,0.0,1
1785492848,763031494,315.069,1.258,316.237,0.0,1
1785492848,829706787,318.175,1.348,319.427,0.0,1
1785492848,896382080,322.246,1.324,323.471,0.0,1
1785492848,963057617,318.79,1.319,320.02,0.0,1
1785492849,29732910,319.239,1.294,320.444,0.0,1
1785492849,96408447,324.319,1.413,325.623,0.0,1
1785492849,163097168,327.713,1.64,329.243,-66.689,1
1785492849,229786377,339.688,1.35,340.935,0.0,1
1785492849,296475830,337.376,1.403,338.676,-66.689,1
1785492849,363165527,334.14,1.519,335.542,-133.379,1
1785492849,429855469,335.746,2.108,337.747,0.0,1
1785492849,496545654,355.715,2.141,357.736,66.69,1
1785492849,563236084,341.381,1.369,342.646,0.0,1
1785492849,629927002,351.175,1.278,352.362,-66.691,1
1785492849,696617920,359.34,1.386,360.579,0.0,1
1785492849,763309082,368.292,1.695,369.876,0.0,1
1785492849,830000732,380.197,1.546,381.647,0.0,1
1785492849,896692627,379.39,1.565,380.783,0.0,1
1785492849,963384521,378.703,1.632,380.234,0.0,1
1785492850,30076904,383.574,1.5,384.977,0.0,1
1785492850,96769531,387.44,1.452,388.72,0.0,1
1785492850,163479492,382.132,1.768,383.797,-66.71,1
1785492850,230190430,382.592,1.544,384.039,0.0,1
1785492850,296901855,381.387,1.394,382.686,-66.711,1
1785492850,363614258,383.367,1.41,384.686,0.0,1
1785492850,430327148,387.597,1.355,388.857,0.0,1
1785492850,497040771,394.5,1.283,395.693,-66.714,1
1785492850,563755371,410.428,1.476,411.714,0.0,1
1785492850,630470459,410.304,1.459,411.666,0.0,1
1785492850,697186279,420.651,1.367,421.924,0.0,1
1785492850,830620117,344.318,1.328,345.552,66.718,1
1785492850,897338135,331.507,1.623,333.001,66.719,1
1785492850,964056885,314.669,1.432,315.925,0.0,1
1785492851,30776123,313.438,1.297,314.645,0.0,1
1785492851,97495850,316.042,1.374,317.322,0.0,1
1785492851,164132324,325.183,1.462,326.539,0.0,1
1785492851,230767090,324.661,1.316,325.887,0.0,1
1785492851,297400635,328.623,1.442,329.872,0.0,1
1785492851,364032715,338.125,3.055,341.043,0.0,1
1785492851,430663330,341.11,1.799,342.804,0.0,1
1785492851,497292725,342.116,1.625,343.627,0.0,1
1785492851,563920410,339.538,1.749,341.17,0.0,1
1785492851,630546875,357.31,4.559,361.745,0.0,1
1785492851,697171875,354.083,1.979,355.929,0.0,1
1785492851,763795654,347.727,1.341,348.973,0.0,1
1785492851,830417725,348.923,1.712,350.465,0.0,1
1785492851,897038574,351.504,1.733,353.134,0.0,1
1785492851,963657959,348.583,1.52,349.834,0.0,1
1785492852,30275879,352.459,2.371,354.715,0.0,1
1785492852,96893311,353.277,1.356,354.536,0.0,1
1785492852,163529785,349.65,1.517,351.069,0.0,1
1785492852,230164795,357.54,1.194,358.647,0.0,1
1785492852,296798584,358.664,1.438,360.003,0.0,1
1785492852,363430908,358.746,1.558,360.204,0.0,1
1785492852,430061768,365.159,2.248,367.293,0.0,1
1785492852,496691162,374.494,1.888,376.252,-66.629,1
1785492852,563319092,393.268,4.675,397.594,66.627,1
1785492852,629945801,375.756,1.865,377.48,0.0,1
1785492852,696571045,367.017,1.603,368.505,0.0,1
1785492852,763194824,365.37,1.732,366.996,0.0,1
1785492852,829817139,363.45,1.847,365.185,0.0,1
1785492852,896438232,364.178,1.61,365.666,0.0,1
1785492852,963057861,366.031,1.572,367.399,0.0,1
1785492853,563344971,394.101,1.764,395.611,66.725,1
