capture_sec,capture_nanosec,target3d_in_age_ms,target3d_compute_ms,target3d_out_age_ms,depth_vs_color_skew_ms,skew_if_latest_ms,depth_valid
1785856371,278703125,256.142,0.635,256.669,,199.866,0
1785856371,445259277,138.829,0.707,139.437,,66.62,0
1785856371,478569092,156.449,2940.095,3096.43,0.0,100.125,1
1785856373,849900879,727.669,2.328,729.888,-2271.207,-2271.207,1
1785856373,916576416,674.293,2.705,676.883,600.071,600.071,1
1785856373,983251953,613.193,2.412,615.492,533.396,533.396,1
1785856374,49927246,554.74,2.309,556.937,466.72,500.058,1
1785856374,116602295,492.801,2.055,494.757,400.045,433.383,1
1785856374,183276855,431.058,3.305,434.096,333.371,366.708,1
1785856374,249951416,372.242,2.872,374.98,266.696,300.033,1
1785856374,316625732,311.517,2.827,314.222,200.022,233.359,1
1785856374,383300049,250.85,2.209,252.95,133.347,166.685,1
1785856374,416636963,224.631,2.151,226.669,100.01,166.678,1
1785856374,483310547,162.632,2.331,164.847,33.337,100.005,1
1785856374,549984863,100.992,2.471,103.33,0.0,33.331,1
1785856374,616645508,88.364,2.176,90.438,0.0,0.0,1
1785856374,683305176,91.26,2.155,93.31,33.329,33.329,1
1785856374,749963623,119.615,2.569,122.074,33.329,66.657,1
1785856374,816620850,95.565,2.533,97.982,0.0,33.328,1
1785856374,883276611,91.815,2.59,94.289,0.0,33.328,1
1785856374,949931396,93.033,2.146,95.078,0.0,33.327,1
1785856375,16584961,105.73,2.991,108.462,0.0,0.0,1
1785856375,49911133,119.703,2.285,121.855,-33.326,33.326,1
1785856375,116562988,104.989,2.764,107.536,-33.326,-33.326,1
1785856375,183213379,93.395,2.662,95.95,0.0,33.325,1
1785856375,249862549,92.588,2.233,94.723,0.0,33.324,1
1785856375,316510742,88.918,3.6,92.4,0.0,33.323,1
1785856375,383157471,93.415,2.346,95.646,-33.323,-33.323,1
1785856375,449802979,100.926,7.947,108.757,0.0,33.323,1
1785856375,516447510,117.357,2.611,119.747,0.0,33.323,1
1785856375,549770020,141.391,3.025,144.277,0.0,66.857,1
1785856375,616626953,127.799,2.641,130.306,0.0,66.859,1
1785856375,683485596,125.683,3.873,129.422,0.0,0.0,1
1785856375,716915771,158.714,2.565,161.161,-33.43,100.293,1
1785856375,817208984,102.365,8.872,111.074,0.0,33.432,1
1785856375,850641113,127.167,2.155,129.211,0.0,66.866,1
1785856375,917506836,124.444,2.777,127.09,0.0,66.868,1
1785856375,984374512,100.965,2.737,103.558,0.0,33.435,1
1785856376,51244141,89.187,2.166,91.193,-33.435,33.436,1
1785856376,118115723,88.155,2.137,90.19,0.0,33.437,1
1785856376,184989258,87.214,1.997,89.114,0.0,33.438,1
1785856376,251864746,89.771,2.204,91.829,0.0,33.438,1
1785856376,318742188,85.836,2.205,87.937,0.0,33.44,1
1785856376,385621826,88.38,2.015,90.3,0.0,33.44,1
1785856376,452503174,84.85,2.162,86.91,0.0,33.441,1
1785856376,519386719,88.61,2.005,90.526,0.0,33.44,1
1785856376,586239014,87.96,2.103,89.96,0.0,33.412,1
1785856376,653063477,86.315,2.236,88.414,0.0,33.413,1
1785856376,719889160,97.139,2.655,99.545,0.0,33.413,1
1785856376,753302490,134.541,3.223,137.632,0.0,66.828,1
1785856376,820130127,115.627,2.515,118.014,0.0,33.414,1
1785856376,853544189,156.105,5.766,159.051,0.0,100.244,1
1785856376,920373535,139.705,5.433,144.995,0.0,66.831,1
1785856376,953788574,157.075,2.642,159.6,0.0,100.247,1
1785856377,54035645,110.503,2.794,113.151,0.0,33.417,1
1785856377,87452148,121.006,2.194,123.087,0.0,66.833,1
1785856377,187702637,88.021,2.221,90.134,0.0,33.417,1
1785856377,254537842,88.89,1.993,90.791,0.0,33.418,1
1785856377,321374268,85.985,2.054,87.939,0.0,33.419,1
1785856377,388211914,87.427,2.151,89.477,-33.419,33.419,1
1785856377,455050781,87.459,2.132,89.477,0.0,33.42,1
1785856377,521890869,86.18,3.802,89.871,0.0,33.419,1
1785856377,555310059,101.699,3.673,105.06,0.0,33.316,1
1785856377,655257568,87.058,2.718,89.673,0.0,33.315,1
1785856377,721887207,90.619,2.2,92.658,0.0,33.314,1
1785856377,788515381,87.465,2.377,89.734,0.0,33.313,1
1785856377,855141602,83.684,2.38,85.949,33.313,33.313,1
1785856377,921766602,90.074,2.124,92.094,0.0,33.312,1
1785856377,988389648,87.424,2.261,89.566,0.0,0.0,1
1785856378,55011230,83.391,2.053,85.345,0.0,33.31,1
1785856378,121631104,86.26,2.046,88.209,0.0,33.309,1
1785856378,188249268,86.776,2.259,88.936,33.309,33.309,1
1785856378,254865967,84.254,2.25,86.402,0.0,33.308,1
1785856378,321480957,83.93,2.364,86.177,0.0,33.307,1
1785856378,388094238,83.127,2.147,85.176,0.0,33.306,1
1785856378,454706055,84.097,2.177,86.175,33.305,33.305,1
1785856378,521316162,83.416,2.058,85.378,0.0,33.306,1
1785856378,587942627,84.251,2.58,86.621,0.0,33.321,1
1785856378,654583008,87.492,2.364,89.747,0.0,33.32,1
1785856378,721222168,101.337,3.324,104.481,0.0,33.319,1
1785856378,787859863,90.897,2.176,92.972,0.0,33.318,1
1785856378,854496338,85.631,2.099,87.631,0.0,33.318,1
1785856378,921131348,88.892,2.424,91.199,0.0,33.317,1
1785856378,987764893,94.637,3.139,97.506,33.316,33.316,1
1785856379,21081055,116.774,3.281,119.908,0.0,33.316,1
1785856379,87712646,89.964,2.206,92.064,33.315,33.315,1
1785856379,187657227,89.023,2.281,91.183,0.0,33.314,1
1785856379,287598877,83.526,2.067,85.497,0.0,33.313,1
1785856379,354224854,86.608,2.221,88.727,0.0,33.312,1
1785856379,420849609,83.393,2.142,85.433,-33.312,-33.312,1
1785856379,487472900,85.165,2.178,87.185,0.0,33.311,1
1785856379,554095703,85.457,2.045,87.407,-33.312,33.323,1
1785856379,620742188,85.073,2.336,87.298,0.0,0.0,1
1785856379,687387451,90.898,2.492,93.278,0.0,33.322,1
1785856379,754031250,104.861,10.579,114.539,0.0,33.322,1
1785856379,787352783,110.348,2.081,112.325,0.0,33.321,1
1785856379,887315430,87.903,2.066,89.871,0.0,0.0,1
1785856379,987275391,91.277,2.082,93.244,0.0,33.319,1
1785856380,53913818,86.988,2.168,89.058,0.0,33.319,1
1785856380,120551025,89.245,2.146,91.291,33.318,33.318,1
1785856380,187186768,89.454,2.468,91.807,0.0,33.318,1
1785856380,253821533,88.035,2.22,90.155,0.0,33.317,1
1785856380,320455078,88.023,2.022,89.935,0.0,33.316,1
1785856380,387087158,85.819,2.407,88.119,0.0,33.316,1
1785856380,453718262,85.987,2.154,88.036,0.0,0.0,1
1785856380,520347900,90.277,2.164,92.339,0.0,33.315,1
1785856380,587023193,87.68,2.061,89.642,0.0,33.36,1
1785856380,653743896,94.663,4.621,99.17,0.0,33.361,1
1785856380,687104492,153.746,5.747,159.021,0.0,100.083,1
1785856380,753826172,135.041,2.516,137.432,-33.361,66.723,1
1785856380,820548828,129.888,2.622,132.387,0.0,66.724,1
1785856380,887272461,119.698,2.233,121.831,0.0,66.724,1
1785856380,987359131,94.415,2.031,96.35,0.0,33.363,1
1785856381,54084717,90.52,2.096,92.491,0.0,33.363,1
1785856381,120811035,88.147,2.237,90.282,0.0,33.364,1
1785856381,187538330,90.315,2.159,92.37,0.0,33.364,1
1785856381,254266357,89.916,2.207,92.007,0.0,33.365,1
1785856381,320995361,88.678,2.194,90.77,0.0,33.365,1
1785856381,387725098,88.531,2.098,90.527,0.0,33.365,1
1785856381,454455566,86.381,2.181,88.459,-33.365,-33.365,1
1785856381,521187012,89.024,2.356,91.275,0.0,33.366,1
1785856381,587880615,86.714,2.192,88.803,0.0,33.328,1
1785856381,654535400,87.411,2.269,89.566,0.0,33.327,1
1785856381,687862305,123.559,2.686,126.111,0.0,66.653,1
1785856381,754515625,122.425,2.507,124.804,0.0,66.652,1
1785856381,821167725,121.769,2.785,124.428,0.0,66.651,1
1785856381,854493408,128.736,2.259,130.884,0.0,66.65,1
1785856381,987793213,89.1,2.616,91.601,0.0,33.324,1
1785856382,54441650,87.278,2.31,89.487,0.0,33.324,1
1785856382,121088867,88.613,2.159,90.669,0.0,33.323,1
1785856382,187735107,90.455,3.51,93.832,33.323,33.323,1
1785856382,254380127,89.324,2.224,91.448,0.0,33.322,1
1785856382,321024414,88.403,2.105,90.41,0.0,33.322,1
1785856382,387667236,91.278,2.169,93.346,0.0,33.321,1
1785856382,454309326,87.756,3.305,90.951,0.0,33.321,1
1785856382,520950195,86.428,2.212,88.517,0.0,0.0,1
1785856382,587598633,89.563,2.116,91.582,0.0,33.328,1
1785856382,654253418,87.803,2.999,90.685,0.0,0.0,1
1785856382,687580322,125.251,3.747,128.868,33.327,66.653,1
1785856382,754233398,120.43,2.012,122.324,0.0,66.652,1
1785856382,787559570,140.389,2.841,143.089,0.0,66.652,1
1785856382,854211182,121.172,2.187,123.255,0.0,33.325,1
1785856382,920861572,107.937,2.704,110.51,0.0,33.325,1
1785856382,954186279,136.854,3.051,139.783,0.0,66.649,1
1785856383,20835205,128.974,4.987,133.635,0.0,66.648,1
1785856383,87482910,123.161,2.561,125.599,0.0,66.646,1
1785856383,154129395,97.771,2.634,100.286,0.0,33.323,1
1785856383,220775146,91.455,2.291,93.578,0.0,33.322,1
1785856383,287419678,95.24,2.391,97.499,0.0,33.322,1
1785856383,320741455,128.451,2.786,131.104,0.0,66.643,1
1785856383,387384277,109.014,2.402,111.301,0.0,33.321,1
1785856383,420705566,130.137,2.242,132.269,0.0,66.641,1
1785856383,487346680,106.781,2.778,109.433,0.0,33.32,1
1785856383,520666992,123.205,4.896,127.969,0.0,66.691,1
1785856383,587358154,99.315,2.895,102.039,0.0,33.371,1
1785856383,687470947,97.013,2.315,99.22,0.0,33.372,1
1785856383,720842529,120.915,2.426,123.221,0.0,33.372,1
1785856383,787586670,112.055,2.67,114.578,0.0,33.373,1
1785856383,820959229,129.878,2.608,132.35,0.0,66.746,1
1785856383,887705078,118.861,3.794,122.516,0.0,33.373,1
1785856383,921078369,141.49,2.55,143.911,0.0,66.748,1
1785856383,987826172,108.289,2.364,110.538,0.0,33.374,1
1785856384,21200439,130.178,2.527,132.575,0.0,66.75,1
1785856384,87949951,124.728,2.835,127.448,0.0,66.751,1
1785856384,154700684,95.623,2.18,97.704,0.0,33.376,1
1785856384,221452393,92.061,2.076,94.038,0.0,33.376,1
1785856384,288205566,86.585,2.382,88.863,-33.377,33.377,1
1785856384,354959717,90.146,2.036,92.084,0.0,33.378,1
1785856384,421715332,87.328,2.044,89.273,0.0,33.378,1
1785856384,488471924,87.34,2.145,89.387,0.0,0.0,1
1785856384,555229248,86.683,2.052,88.638,33.335,33.335,1
1785856384,621899170,90.253,2.004,92.162,0.0,33.335,1
1785856384,688568359,88.265,2.545,90.697,0.0,33.334,1
1785856384,755236572,90.884,2.137,92.913,0.0,33.334,1
1785856384,821904053,90.265,2.253,92.398,0.0,33.333,1
1785856384,888570801,90.803,2.206,92.909,0.0,33.333,1
1785856384,955236816,90.968,2.433,93.295,0.0,33.333,1
1785856385,21901855,97.61,3.081,100.586,0.0,33.332,1
1785856385,55234131,125.085,2.118,127.099,0.0,66.664,1
1785856385,121897949,97.558,2.289,99.738,0.0,33.332,1
1785856385,188561035,91.264,2.347,93.499,0.0,33.331,1
1785856385,255223389,88.962,2.263,91.124,33.331,33.331,1
1785856385,321885010,88.634,2.197,90.73,0.0,33.33,1
1785856385,388545654,94.988,2.212,97.102,0.0,33.33,1
1785856385,455205322,88.526,2.234,90.657,0.0,33.33,1
1785856385,521864502,89.37,2.207,91.473,0.0,33.33,1
1785856385,588530029,87.399,2.282,89.577,0.0,0.0,1
1785856385,655201416,93.318,2.205,95.421,0.0,33.335,1
1785856385,721871826,94.39,2.172,96.454,0.0,33.335,1
1785856385,788541748,97.863,2.479,100.115,0.0,33.334,1
1785856385,855210693,91.913,2.141,93.954,0.0,33.334,1
1785856385,921878662,91.92,2.121,93.942,0.0,0.0,1
1785856385,988546143,88.889,2.25,90.971,0.0,33.333,1
1785856386,55212646,89.638,2.191,91.726,0.0,33.333,1
1785856386,121878662,88.149,2.063,90.113,0.0,0.0,1
1785856386,188543701,89.122,2.433,91.446,0.0,33.332,1
1785856386,255207764,91.175,2.096,93.175,0.0,33.332,1
1785856386,321871338,88.778,2.248,90.921,0.0,33.332,1
1785856386,388534180,89.702,2.037,91.643,0.0,33.331,1
1785856386,455196045,89.071,2.304,91.209,0.0,33.331,1
1785856386,521857178,89.108,2.304,91.251,0.0,33.331,1
1785856386,588524170,87.805,2.125,89.829,33.336,33.336,1
1785856386,655196045,94.819,3.564,98.272,0.0,33.336,1
1785856386,721867188,97.761,2.127,99.78,0.0,33.335,1
1785856386,755202637,119.972,4.403,124.24,0.0,66.67,1
1785856386,788537598,147.234,3.25,150.351,0.0,66.67,1
1785856386,855207275,132.006,2.68,134.556,0.0,66.669,1
1785856386,921876221,118.784,2.26,120.939,0.0,66.668,1
1785856386,955210449,124.598,2.348,126.835,0.0,66.668,1
1785856387,55211670,90.708,2.299,92.865,-33.333,33.333,1
1785856387,121878418,93.804,2.097,95.802,0.0,33.333,1
1785856387,188544189,89.701,2.454,92.043,0.0,33.333,1
1785856387,255209473,91.756,2.277,93.922,33.332,33.332,1
1785856387,321873779,90.967,2.201,93.07,0.0,33.332,1
1785856387,388537354,96.119,2.33,98.344,0.0,33.332,1
1785856387,455200195,90.211,2.433,92.532,0.0,33.331,1
1785856387,521862305,93.278,2.069,95.251,0.0,33.331,1
1785856387,588571533,89.703,2.261,91.865,0.0,33.378,1
1785856387,655328857,100.468,3.943,104.222,0.0,33.379,1
1785856387,688708252,114.223,8.46,121.635,0.0,33.38,1
1785856387,722087891,126.35,2.1,128.333,0.0,66.76,1
1785856387,788848145,113.658,2.648,116.186,0.0,33.381,1
1785856387,822228760,134.345,2.557,136.779,0.0,66.763,1
1785856387,888991455,132.577,4.144,136.59,0.0,66.764,1
1785856387,922373291,163.346,2.225,165.456,0.0,100.148,1
1785856388,22520996,102.434,3.536,105.841,0.0,33.383,1
1785856388,122672119,91.32,2.425,93.631,0.0,33.385,1
1785856388,189441406,90.378,2.522,92.789,0.0,33.385,1
1785856388,256212158,89.398,2.134,91.413,-33.385,33.386,1
1785856388,322984375,92.396,2.003,94.302,0.0,33.387,1
1785856388,389758301,90.043,2.079,91.976,0.0,33.387,1
1785856388,456533447,91.878,2.052,93.833,-33.388,33.388,1
1785856388,523310059,89.488,2.012,91.406,0.0,33.388,1
1785856388,590041992,89.741,2.273,91.912,0.0,33.344,1
1785856388,690072510,96.287,3.83,99.903,0.0,33.343,1
1785856388,723415771,112.024,8.886,120.305,0.0,33.343,1
1785856388,756759033,131.758,3.351,134.966,0.0,33.343,1
1785856388,823445068,113.467,3.565,116.108,33.343,33.343,1
1785856388,856787842,147.777,3.307,150.961,0.0,66.685,1
1785856388,923472900,141.208,2.875,143.958,0.0,66.685,1
1785856388,990157715,131.437,2.534,133.851,0.0,66.684,1
1785856389,56841797,117.424,2.707,120.003,0.0,33.342,1
1785856389,90183838,130.666,9.878,140.315,0.0,66.683,1
1785856389,156867188,111.845,3.612,115.328,0.0,33.342,1
1785856389,190208740,132.312,3.162,135.339,0.0,66.683,1
1785856389,256891357,113.76,2.555,116.19,0.0,33.341,1
1785856389,290232666,128.01,2.8,130.599,0.0,33.341,1
1785856389,356914551,105.782,2.843,108.496,33.341,33.341,1
1785856389,423595947,95.148,2.293,97.338,0.0,33.341,1
1785856389,490276855,93.694,2.085,95.677,0.0,33.34,1
1785856389,556957520,89.466,2.212,91.561,0.0,33.343,1
1785856389,623643066,89.632,2.097,91.63,-33.343,33.343,1
1785856389,690328369,97.069,2.645,99.587,0.0,33.342,1
1785856389,723670654,129.373,2.598,131.826,0.0,66.685,1
1785856389,790355225,123.573,2.482,125.92,0.0,66.684,1
1785856389,857039063,102.712,3.961,106.128,0.0,33.342,1
1785856389,923722412,114.713,3.502,118.097,0.0,33.341,1
1785856389,957063721,135.794,2.936,138.584,0.0,66.683,1
1785856390,23746338,121.754,2.909,124.557,0.0,66.682,1
1785856390,57087402,135.316,3.119,138.309,0.0,66.682,1
1785856390,123769043,124.191,2.412,126.414,0.0,66.681,1
1785856390,190450195,120.72,2.19,122.809,0.0,66.681,1
1785856390,223790771,133.891,3.066,136.776,0.0,66.68,1
1785856390,290471191,123.867,3.366,127.077,0.0,66.68,1
1785856390,323811035,131.32,2.098,133.315,0.0,66.68,1
1785856390,423830322,93.758,2.039,95.698,0.0,33.339,1
1785856390,490509033,90.661,2.169,92.732,0.0,33.339,1
1785856390,557187500,90.173,2.15,92.208,0.0,33.343,1
1785856390,623872803,89.609,2.186,91.68,0.0,33.342,1
1785856390,690557373,93.824,2.327,96.04,0.0,33.342,1
1785856390,757241455,98.838,2.874,101.564,0.0,33.342,1
1785856390,790583252,124.974,2.019,126.898,0.0,66.683,1
1785856390,857266357,118.997,2.334,121.213,0.0,33.342,1
1785856390,890607910,126.047,2.324,128.251,0.0,66.682,1
1785856390,957290283,99.014,4.517,103.383,0.0,0.0,1
1785856390,990631348,125.39,2.817,128.08,-33.341,66.682,1
1785856391,57312988,99.118,2.38,101.391,0.0,0.0,1
1785856391,123994141,95.264,2.554,97.713,0.0,33.34,1
1785856391,190674561,92.539,2.57,94.996,0.0,33.34,1
1785856391,257354736,93.909,2.287,96.08,33.34,33.34,1
1785856391,324034180,92.674,2.093,94.667,0.0,33.339,1
1785856391,390713135,90.534,2.108,92.536,0.0,0.0,1
1785856391,457391357,90.211,2.277,92.367,33.339,33.339,1
1785856391,524069336,93.399,2.099,95.398,0.0,33.339,1
1785856391,590792725,89.919,2.182,92.001,0.0,33.385,1
1785856391,657563477,95.312,2.427,97.631,0.0,33.386,1
1785856391,724335693,97.898,2.822,100.603,0.0,33.387,1
1785856391,791109619,99.131,3.624,102.623,0.0,0.0,1
1785856391,824497070,123.806,2.195,125.899,-33.387,-33.387,1
1785856391,891273682,102.362,3.423,105.653,33.389,33.389,1
1785856391,924662598,126.537,2.801,129.229,0.0,66.779,1
1785856391,991441650,100.059,2.645,102.574,0.0,33.39,1
1785856392,24831787,124.619,2.375,126.869,0.0,33.391,1
1785856392,91613281,94.34,2.272,96.511,-33.391,33.391,1
1785856392,158396484,91.63,2.138,93.67,0.0,33.392,1
1785856392,225181641,90.494,2.127,92.517,0.0,33.393,1
1785856392,291968262,91.56,2.189,93.648,0.0,33.394,1
1785856392,358756592,90.014,2.253,92.165,0.0,33.395,1
1785856392,425546631,94.055,2.034,95.99,0.0,33.396,1
1785856392,492338379,90.005,2.126,92.03,0.0,33.396,1
1785856392,559130615,92.473,2.096,94.47,0.0,33.392,1
1785856392,625915039,92.812,2.099,94.813,0.0,33.393,1
1785856392,692701416,95.463,2.135,97.493,0.0,33.394,1
1785856392,759489746,94.825,2.088,96.813,0.0,33.395,1
1785856392,826280029,95.345,2.11,97.352,0.0,33.396,1
1785856392,893072266,90.394,2.137,92.43,0.0,33.397,1
1785856392,959866455,90.047,2.293,92.238,0.0,33.398,1
1785856393,26662598,113.118,2.44,115.441,0.0,33.399,1
1785856393,93460693,95.805,2.038,97.746,0.0,33.4,1
1785856393,160260742,93.785,2.308,95.986,0.0,33.401,1
1785856393,227062988,89.347,4.905,94.093,-33.401,33.402,1
1785856393,327269775,91.641,2.347,93.878,0.0,33.403,1
1785856393,394076660,89.479,2.131,91.494,0.0,33.404,1
1785856393,460885498,89.216,2.091,91.209,0.0,33.405,1
1785856393,527696289,88.059,2.15,90.111,0.0,33.405,1
1785856393,594459229,88.035,2.036,89.974,33.358,33.358,1
1785856393,661175049,89.475,2.382,91.748,0.0,33.358,1
1785856393,727890869,92.476,2.134,94.51,0.0,33.358,1
1785856393,794606689,93.424,2.242,95.569,0.0,0.0,1
1785856393,861322510,88.553,2.278,90.729,0.0,33.358,1
1785856393,928038330,91.785,2.327,94.002,-33.358,33.358,1
1785856393,994754150,99.196,2.759,101.753,0.0,33.358,1
1785856394,61470215,91.158,2.231,93.279,0.0,33.358,1
1785856394,94828125,126.625,2.779,129.278,0.0,66.716,1
1785856394,161543945,104.006,3.616,107.481,0.0,33.358,1
1785856394,194901855,129.164,2.082,131.146,0.0,66.716,1
1785856394,261617676,95.47,2.16,97.528,0.0,33.358,1
1785856394,328333496,90.305,2.354,92.476,0.0,33.358,1
1785856394,395049316,91.696,2.153,93.745,0.0,33.358,1
1785856394,461765137,88.004,2.206,90.109,-33.358,33.358,1
1785856394,528480957,88.83,2.158,90.881,0.0,33.358,1
1785856394,595196289,88.973,2.166,91.039,0.0,33.357,1
1785856394,661910645,88.897,2.333,91.129,0.0,33.357,1
1785856394,728625244,97.233,2.573,99.692,0.0,33.357,1
1785856394,795339844,96.727,1.979,98.614,0.0,33.357,1
1785856394,862054199,90.347,2.057,92.303,0.0,33.357,1
1785856394,928768799,89.438,2.504,91.825,0.0,33.357,1
1785856394,995483154,94.929,2.23,96.952,0.0,33.357,1
1785856395,28840576,121.774,2.133,123.804,0.0,66.714,1
1785856395,95554932,112.532,2.822,115.235,0.0,33.357,1
1785856395,162269287,126.171,3.253,129.31,0.0,66.715,1
1785856395,228983887,99.353,2.461,101.689,0.0,33.357,1
1785856395,295698242,92.556,2.28,94.734,0.0,33.357,1
1785856395,362412598,94.095,2.531,96.493,0.0,0.0,1
1785856395,395769775,103.065,2.582,105.524,-33.357,33.357,1
1785856395,462484131,91.958,2.235,94.076,0.0,33.357,1
1785856395,529198486,88.951,2.099,90.951,0.0,33.357,1
1785856395,595913330,90.183,2.097,92.179,0.0,33.456,1
1785856395,662826660,89.184,2.394,91.468,0.0,0.0,1
1785856395,729742432,91.221,2.106,93.229,0.0,33.459,1
1785856395,796660889,96.997,2.6,99.48,0.0,33.46,1
1785856395,830120850,124.477,2.201,126.575,0.0,66.922,1
1785856395,897042969,108.201,2.632,110.68,0.0,33.462,1
1785856395,930505127,130.104,2.197,132.184,0.0,66.926,1
1785856395,997430908,123.068,2.613,125.552,0.0,66.929,1
1785856396,64359619,93.184,2.161,95.238,0.0,33.465,1
1785856396,131290527,95.519,2.096,97.506,0.0,33.467,1
1785856396,198224121,89.027,2.081,91.008,0.0,33.468,1
1785856396,265160156,88.082,2.052,90.03,0.0,33.469,1
1785856396,332098633,88.437,2.08,90.411,0.0,33.47,1
1785856396,399039795,86.982,2.112,88.992,-33.471,33.472,1
1785856396,465983643,84.96,2.241,87.1,-33.472,33.473,1
1785856396,532929688,88.368,1.984,90.26,0.0,33.474,1
1785856396,599875732,85.004,2.093,86.995,0.0,33.348,1
1785856396,666572021,93.713,3.967,97.429,0.0,33.348,1
1785856396,699919922,131.13,14.127,145.135,0.0,66.696,1
1785856396,766615723,128.511,2.524,130.887,0.0,66.695,1
1785856396,833311035,117.675,2.278,119.827,0.0,66.695,1
1785856396,900006104,96.975,2.405,99.255,0.0,33.347,1
1785856396,933353516,113.66,4.477,117.956,0.0,33.347,1
1785856396,966700684,127.411,3.02,130.304,0.0,66.694,1
1785856397,33395020,121.192,2.044,123.125,0.0,66.694,1
1785856397,100089111,92.934,2.361,95.193,0.0,33.347,1
1785856397,166782715,93.214,2.151,95.259,0.0,33.347,1
1785856397,233476074,87.428,2.058,89.386,0.0,33.347,1
1785856397,300169189,85.966,2.254,88.112,0.0,33.346,1
1785856397,366861816,88.848,2.767,91.152,0.0,33.346,1
1785856397,433554199,88.722,2.132,90.748,0.0,0.0,1
1785856397,500246094,88.41,2.118,90.428,0.0,33.346,1
1785856397,566937744,86.178,2.112,88.194,0.0,33.346,1
1785856397,633632324,86.063,2.523,88.48,0.0,33.348,1
1785856397,700328369,90.613,2.51,93.016,0.0,33.348,1
1785856397,767023926,89.923,2.051,91.878,0.0,33.348,1
1785856397,833719482,86.976,2.397,89.266,33.347,33.347,1
1785856397,900414551,84.601,2.179,86.685,0.0,0.0,1
1785856397,967109131,90.092,2.459,92.449,0.0,33.347,1
1785856398,33803467,88.33,2.168,90.4,-33.347,33.347,1
1785856398,100497559,87.263,2.167,89.332,0.0,33.347,1
1785856398,167191406,86.51,2.168,88.577,0.0,33.347,1
1785856398,233884766,95.532,9.699,98.862,0.0,33.346,1
1785856398,267231201,104.684,4.692,109.052,0.0,33.346,1
1785856398,333924072,88.886,2.108,90.89,0.0,33.346,1
1785856398,400616455,85.407,2.45,87.746,-33.346,33.346,1
1785856398,467308594,84.617,2.089,86.608,-33.346,-33.346,1
1785856398,534000488,84.636,2.234,86.768,0.0,0.0,1
1785856398,600692383,85.549,2.326,87.773,33.348,33.348,1
1785856398,667387939,86.131,2.335,88.315,0.0,33.347,1
1785856398,734082764,91.477,6.342,97.693,0.0,33.347,1
1785856398,767430176,121.666,2.925,124.447,0.0,66.695,1
1785856398,834124756,100.884,3.216,103.957,0.0,33.347,1
1785856398,867471924,120.195,2.794,122.86,0.0,66.694,1
1785856398,934166016,93.989,2.327,96.2,0.0,33.347,1
1785856399,859619,92.771,2.467,95.109,0.0,33.347,1
1785856399,67552734,90.316,2.193,92.409,0.0,33.347,1
1785856399,134245850,91.619,2.104,93.624,0.0,33.346,1
1785856399,200938232,86.039,2.43,88.358,-33.346,33.346,1
1785856399,267630615,89.331,3.599,92.824,0.0,33.346,1
1785856399,300976563,101.036,10.357,111.27,0.0,33.346,1
1785856399,334322510,112.618,2.467,114.963,0.0,33.346,1
1785856399,401013916,102.547,3.056,105.464,0.0,33.346,1
1785856399,467705078,90.489,2.123,92.512,0.0,33.345,1
1785856399,534395996,88.384,2.228,90.499,0.0,33.345,1
1785856399,601086914,85.782,2.159,87.842,0.0,0.0,1
1785856399,667782959,86.777,2.213,88.883,0.0,33.348,1
1785856399,734478760,96.072,12.166,108.087,0.0,33.348,1
1785856399,801174072,96.884,2.352,99.118,0.0,33.348,1
1785856399,867869141,90.253,2.166,92.319,0.0,33.347,1
1785856399,934563965,89.406,2.181,91.48,0.0,33.347,1
1785856400,1258301,89.249,2.274,91.414,33.347,33.347,1
1785856400,67952393,89.895,2.135,91.93,0.0,33.347,1
1785856400,134645996,88.175,2.128,90.198,0.0,33.347,1
1785856400,201339355,91.659,2.451,93.999,0.0,33.346,1
1785856400,234685791,118.187,3.132,121.181,0.0,66.693,1
1785856400,301378662,92.417,3.395,95.701,0.0,33.346,1
1785856400,334725098,114.017,2.93,116.758,0.0,66.692,1
1785856400,368071289,128.759,3.015,131.651,0.0,66.692,1
1785856400,434763428,120.165,2.849,122.678,0.0,66.692,1
1785856400,501455322,94.758,2.666,97.308,0.0,33.346,1
1785856400,568146729,93.384,2.068,95.298,0.0,33.346,1
1785856400,634840820,88.65,2.19,90.722,0.0,33.348,1
1785856400,701536621,95.146,2.872,97.897,0.0,33.348,1
1785856400,768232178,95.543,2.558,97.983,0.0,33.348,1
1785856400,868274902,89.367,2.213,91.479,0.0,33.347,1
1785856400,934969482,87.801,2.137,89.826,0.0,33.347,1
1785856401,1663818,87.349,2.21,89.447,-33.347,-33.347,1
1785856401,68357910,92.368,2.152,94.415,33.347,33.347,1
1785856401,135051514,95.363,4.122,97.339,0.0,33.347,1
1785856401,201744873,90.234,2.227,92.362,0.0,33.346,1
1785856401,301784180,89.443,2.058,91.405,0.0,33.346,1
1785856401,368476563,91.552,2.281,93.698,0.0,33.346,1
1785856401,401822754,118.852,2.841,121.568,0.0,66.692,1
1785856401,468514648,98.469,2.657,100.989,0.0,33.346,1
1785856401,501860352,120.616,2.569,123.055,0.0,66.691,1
1785856401,568551758,106.585,3.138,109.541,0.0,33.346,1
1785856401,601897705,124.541,2.471,126.892,0.0,66.696,1
1785856401,668593994,96.846,2.426,99.15,0.0,33.348,1
1785856401,735289795,107.391,2.687,109.946,0.0,33.348,1
1785856401,801985107,101.597,3.169,104.62,0.0,33.348,1
1785856401,868680420,92.866,2.184,94.947,0.0,33.347,1
1785856401,935375244,89.599,2.305,91.792,0.0,33.347,1
1785856402,2069580,95.946,2.312,98.139,0.0,33.347,1
1785856402,68763672,91.426,2.19,93.514,0.0,33.347,1
1785856402,135457520,86.891,2.237,89.026,0.0,0.0,1
1785856402,202151123,90.091,2.436,92.392,0.0,33.346,1
1785856402,268844238,88.644,2.246,90.775,0.0,33.346,1
1785856402,335537109,87.096,2.168,89.162,0.0,33.346,1
1785856402,402229492,89.781,2.064,91.746,0.0,33.346,1
1785856402,468921631,91.161,2.115,93.172,0.0,33.346,1
1785856402,535613281,87.373,2.229,89.501,0.0,33.346,1
1785856402,602305176,87.268,2.057,89.218,0.0,33.349,1
1785856402,669002686,88.246,2.141,90.282,0.0,33.349,1
1785856402,735699951,92.836,3.301,95.417,33.348,33.348,1
1785856402,802396729,98.732,2.794,101.395,0.0,33.348,1
1785856402,869093262,90.209,2.169,92.277,0.0,33.348,1
1785856402,935789551,90.967,2.254,93.104,0.0,0.0,1
1785856403,2485352,89.613,2.277,91.783,0.0,33.348,1
1785856403,69181152,89.055,2.569,91.52,0.0,33.348,1
1785856403,135876221,89.223,2.385,91.413,0.0,33.348,1
1785856403,202571289,91.412,1.989,93.306,0.0,33.347,1
1785856403,269265869,90.178,2.145,92.222,0.0,33.347,1
1785856403,335960205,87.956,2.094,89.951,0.0,33.347,1
1785856403,402654297,91.018,2.277,93.14,0.0,33.347,1
1785856403,469347900,89.902,2.261,92.045,0.0,33.347,1
1785856403,536041260,87.879,2.274,90.047,0.0,33.347,1
1785856403,602734619,90.485,2.125,92.511,0.0,33.348,1
1785856403,669431396,92.385,2.05,94.334,0.0,33.348,1
1785856403,736127930,94.636,2.104,96.637,0.0,33.348,1
1785856403,802823975,93.722,2.123,95.732,0.0,0.0,1
1785856403,869519775,89.283,2.206,91.323,0.0,33.348,1
1785856403,936215332,90.473,2.218,92.576,0.0,0.0,1
1785856404,2910400,91.497,1.984,93.39,0.0,33.348,1
1785856404,69605225,94.015,2.097,96.012,0.0,33.347,1
1785856404,136299805,88.278,2.157,90.334,0.0,33.347,1
1785856404,202993896,87.772,2.178,89.848,0.0,33.347,1
1785856404,269687744,88.92,2.286,91.092,0.0,33.347,1
1785856404,336381104,87.202,2.226,89.328,0.0,33.347,1
1785856404,403074463,93.857,3.013,96.73,0.0,33.346,1
1785856404,436420898,116.787,4.987,121.664,0.0,33.346,1
1785856404,469767090,129.092,2.181,131.16,0.0,66.693,1
1785856404,536459717,111.104,2.915,113.89,0.0,33.346,1
1785856404,569805664,132.458,3.867,136.156,0.0,66.695,1
1785856404,636500732,113.703,2.861,116.445,0.0,33.349,1
1785856404,669849365,133.029,3.069,135.668,0.0,66.697,1
1785856404,736546387,122.275,2.381,124.531,0.0,33.348,1
1785856404,803242920,95.22,2.206,97.311,33.348,33.348,1
1785856404,869939209,90.808,2.119,92.83,0.0,33.348,1
1785856404,936635254,94.119,2.077,96.102,0.0,33.348,1
1785856405,3331055,91.119,2.152,93.17,0.0,33.348,1
1785856405,70026611,92.382,2.544,94.812,0.0,33.347,1
1785856405,136721680,89.907,2.267,91.987,0.0,33.347,1
1785856405,203416504,91.097,2.233,93.222,0.0,33.347,1
1785856405,270110840,88.309,2.232,90.441,0.0,33.347,1
1785856405,336804932,90.142,2.305,92.346,0.0,33.347,1
1785856405,403498779,89.623,2.238,91.746,0.0,33.347,1
1785856405,436845703,130.241,2.342,132.456,0.0,66.693,1
1785856405,503539063,102.701,3.084,105.604,0.0,33.346,1
1785856405,570232178,91.518,2.121,93.536,0.0,33.346,1
1785856405,636927490,93.225,2.066,95.192,0.0,33.348,1
1785856405,670275879,112.334,2.505,114.724,0.0,0.0,1
1785856405,703624512,121.173,2.465,123.525,33.348,33.348,1
1785856405,770321289,128.584,2.304,130.779,0.0,66.696,1
1785856405,837017578,95.243,2.335,97.476,0.0,33.348,1
1785856405,903713623,91.736,2.018,93.662,0.0,33.348,1
1785856405,970409424,91.663,2.054,93.579,0.0,33.348,1
1785856406,37104980,93.384,2.488,95.294,0.0,33.347,1
1785856406,103800049,93.088,2.202,95.189,0.0,33.347,1
1785856406,170494873,89.932,2.355,92.187,0.0,33.347,1
1785856406,237189209,87.813,2.224,89.939,0.0,33.347,1
1785856406,303883545,89.557,2.076,91.52,0.0,33.347,1
1785856406,370577148,88.331,2.083,90.241,0.0,33.347,1
1785856406,437270752,92.175,2.146,94.213,0.0,33.347,1
1785856406,470617432,106.154,3.89,109.918,0.0,33.346,1
1785856406,537310303,89.798,2.115,91.814,33.346,33.346,1
1785856406,604003174,88.252,2.194,90.263,0.0,33.348,1
1785856406,670699463,92.074,3.676,95.647,0.0,33.348,1
1785856406,737395508,93.765,2.374,96.029,0.0,33.348,1
1785856406,804091064,103.377,3.153,106.41,0.0,33.348,1
1785856406,870786377,94.254,2.458,96.602,0.0,33.348,1
1785856406,937481445,92.618,2.427,94.939,0.0,0.0,1
1785856407,4176025,93.965,1.966,95.841,33.347,33.347,1
1785856407,70870117,89.699,2.103,91.69,0.0,33.347,1
1785856407,137564209,88.886,2.152,90.941,-33.347,-33.347,1
1785856407,204257813,91.674,2.277,93.835,0.0,33.347,1
1785856407,270950928,90.858,2.097,92.863,0.0,33.346,1
1785856407,337643799,90.17,2.079,92.15,0.0,33.346,1
1785856407,404336426,91.541,2.064,93.505,0.0,33.346,1
1785856407,471028564,97.624,2.253,99.711,-33.346,33.346,1
1785856407,504374512,125.238,2.141,127.191,0.0,66.692,1
1785856407,571066406,102.27,2.233,104.374,0.0,33.346,1
1785856407,671110107,94.518,2.115,96.526,0.0,33.349,1
1785856407,737807861,102.449,2.476,104.792,0.0,33.349,1
1785856407,804505127,90.796,2.596,93.29,0.0,33.348,1
1785856407,871201904,92.026,2.122,94.048,0.0,33.348,1
1785856407,937898682,91.212,2.293,93.395,0.0,33.348,1
1785856408,4594971,93.399,2.122,95.421,0.0,33.348,1
1785856408,71291016,92.88,2.039,94.822,0.0,33.348,1
1785856408,137986816,91.771,2.069,93.742,0.0,33.348,1
1785856408,204682129,92.147,2.221,94.266,0.0,33.348,1
1785856408,271377197,91.522,2.057,93.484,0.0,33.347,1
1785856408,338072021,90.229,2.109,92.241,0.0,33.347,1
1785856408,404766357,92.386,2.08,94.37,0.0,33.347,1
1785856408,471460449,90.703,2.404,92.996,0.0,33.347,1
1785856408,504807373,114.685,2.461,117.04,0.0,33.347,1
1785856408,538154297,130.443,2.915,133.201,0.0,66.694,1
1785856408,604847900,120.891,2.037,122.832,0.0,33.348,1
1785856408,638195801,141.456,2.725,144.06,0.0,66.695,1
1785856408,704891113,129.131,3.843,132.818,0.0,66.695,1
1785856408,771585938,108.645,2.533,111.07,0.0,33.347,1
1785856408,804933350,128.159,2.25,130.307,0.0,66.694,1
1785856408,871627686,96.526,2.261,98.687,0.0,33.347,1
1785856408,938321777,94.177,2.376,96.449,0.0,33.347,1
1785856409,5015625,94.19,2.124,96.217,0.0,33.347,1
1785856409,71708984,89.921,2.48,92.299,0.0,33.346,1
1785856409,138402100,91.882,2.157,93.942,0.0,33.346,1
1785856409,205094727,91.236,2.537,93.658,0.0,0.0,1
1785856409,271786865,89.861,2.973,92.729,0.0,33.346,1
1785856409,338479004,89.53,2.166,91.598,0.0,33.346,1
1785856409,405170410,91.026,2.072,92.999,0.0,33.346,1
1785856409,471861816,96.562,2.5,98.937,0.0,33.345,1
1785856409,505207275,122.065,2.288,124.225,0.0,33.345,1
1785856409,571897949,102.004,2.838,104.716,-33.345,33.345,1
1785856409,605243408,130.074,2.095,132.071,0.0,66.698,1
1785856409,671941162,126.081,7.595,133.555,0.0,66.698,1
1785856409,738638672,121.68,2.917,124.467,0.0,66.697,1
1785856409,805335693,110.093,3.12,112.948,0.0,33.348,1
1785856409,838684082,126.705,3.338,129.916,0.0,66.697,1
1785856409,905380859,104.027,6.568,110.465,0.0,33.348,1
1785856409,972077148,93.06,2.344,95.302,-33.348,33.348,1
1785856410,38773193,93.672,2.198,95.749,0.0,33.348,1
1785856410,105468994,88.677,2.127,90.707,33.348,33.348,1
1785856410,172164307,91.058,2.234,93.146,0.0,33.348,1
1785856410,238859375,91.069,2.639,93.601,0.0,33.347,1
1785856410,305554199,89.241,2.366,91.505,0.0,33.347,1
1785856410,372248535,88.873,2.135,90.908,-33.347,33.347,1
1785856410,438942627,89.952,2.277,92.128,0.0,33.347,1
1785856410,505636475,90.868,2.646,93.344,0.0,0.0,1
1785856410,572330078,92.355,2.032,94.284,0.0,33.347,1
1785856410,639024658,94.48,2.322,96.699,0.0,33.348,1
1785856410,705720215,91.162,2.917,93.964,0.0,33.348,1
1785856410,772415527,102.489,2.469,104.827,0.0,33.347,1
1785856410,805762939,122.445,2.583,124.755,0.0,33.347,1
1785856410,872457520,97.185,2.37,99.386,-33.347,33.347,1
1785856410,939151855,96.484,2.017,98.396,0.0,33.347,1
1785856411,5845947,91.925,2.09,93.918,0.0,33.347,1
1785856411,72539551,92.306,2.144,94.352,0.0,33.347,1
1785856411,139232910,96.415,2.312,98.623,0.0,33.346,1
1785856411,205925781,92.818,2.178,94.882,0.0,33.346,1
1785856411,272618408,94.549,2.307,96.752,0.0,33.346,1
1785856411,339310547,90.205,2.138,92.23,0.0,33.346,1
1785856411,406002441,89.346,2.003,91.257,0.0,33.346,1
1785856411,472694092,88.512,2.072,90.483,-33.346,-33.346,1
1785856411,539385254,100.15,2.436,102.462,0.0,33.345,1
1785856411,572730713,126.596,2.092,128.587,0.0,66.842,1
1785856411,639572510,94.067,2.28,96.242,0.0,33.498,1
1785856411,706569092,101.61,5.121,106.613,0.0,33.5,1
1785856411,807073242,95.553,2.295,97.752,-33.503,33.504,1
1785856411,874082275,89.351,2.216,91.468,0.0,33.506,1
1785856411,941095947,91.596,2.16,93.658,0.0,33.509,1
1785856412,8114990,98.604,2.546,101.027,0.0,33.511,1
1785856412,41626221,123.119,2.57,125.571,0.0,67.026,1
1785856412,108652344,92.722,2.535,95.106,0.0,33.515,1
1785856412,175683594,93.16,2.254,95.308,0.0,33.518,1
1785856412,242719971,86.597,2.358,88.853,0.0,0.0,1
1785856412,309760986,86.358,2.23,88.488,0.0,33.522,1
1785856412,376807129,85.763,2.168,87.833,-33.524,33.525,1
1785856412,443858154,85.212,2.13,87.236,0.0,33.527,1
1785856412,544444092,92.584,2.067,94.545,-33.53,33.531,1
1785856412,577975098,117.956,2.399,120.224,0.0,33.528,1
1785856412,644930176,93.428,2.093,95.424,-33.427,33.427,1
1785856412,711784424,87.999,2.506,90.396,0.0,33.428,1
1785856412,778640625,103.681,7.071,110.606,0.0,33.429,1
1785856412,812069336,121.903,2.581,124.316,0.0,66.858,1
1785856412,878927734,94.865,2.383,97.132,0.0,33.43,1
1785856412,945788086,91.54,2.142,93.582,0.0,33.431,1
1785856413,12650146,87.315,2.177,89.396,0.0,33.432,1
1785856413,79513672,87.368,2.119,89.392,0.0,33.433,1
1785856413,146379150,88.926,2.262,91.071,-33.433,33.433,1
1785856413,213246094,85.427,2.091,87.417,0.0,33.434,1
1785856413,280114746,87.016,2.772,89.596,0.0,33.435,1
1785856413,346985107,84.564,2.189,86.653,0.0,33.436,1
1785856413,413857178,82.59,2.027,84.521,0.0,0.0,1
1785856413,480730957,85.376,2.002,87.284,0.0,33.438,1
1785856413,547606201,84.951,2.245,87.088,0.0,33.438,1
1785856413,614481689,84.305,2.296,86.5,0.0,33.373,1
1785856413,681273682,83.678,2.22,85.799,0.0,0.0,1
1785856413,748112061,95.666,2.458,97.995,33.42,33.42,1
1785856413,781531738,116.119,2.682,118.684,0.0,66.841,1
1785856413,848372314,104.734,2.421,107.033,0.0,33.421,1
1785856413,881792969,118.322,2.009,120.238,0.0,66.843,1
1785856413,948635498,112.363,2.276,114.52,0.0,33.422,1
1785856413,982057373,116.874,2.565,119.327,0.0,0.0,1
1785856414,48902100,91.247,2.605,93.737,33.423,33.423,1
1785856414,115748047,85.561,2.353,87.813,-33.423,33.424,1
1785856414,182595703,84.821,2.136,86.86,0.0,33.424,1
1785856414,249444580,82.586,2.149,84.63,0.0,33.425,1
1785856414,316294922,82.857,2.2,84.959,0.0,0.0,1
1785856414,383146484,84.532,2.148,86.583,0.0,33.426,1
1785856414,449999512,81.314,2.624,83.83,0.0,33.427,1
1785856414,516854004,80.253,1.991,82.152,-33.427,-33.427,1
1785856414,583709961,86.461,2.022,88.387,33.428,33.428,1
1785856414,617138428,111.397,2.228,113.509,0.0,0.0,1
1785856414,683906494,89.181,2.129,91.206,33.34,33.34,1
1785856414,750586670,90.176,2.136,92.204,0.0,33.34,1
1785856414,817266357,91.639,2.26,93.781,0.0,33.339,1
1785856414,883945313,83.116,1.997,85.014,0.0,33.339,1
1785856414,950623535,86.17,2.09,88.162,0.0,33.339,1
1785856415,17301025,87.59,1.97,89.47,0.0,33.338,1
1785856415,83977783,83.843,2.08,85.825,33.338,33.338,1
1785856415,150654053,86.425,2.079,88.405,0.0,33.338,1
1785856415,217329346,82.241,2.334,84.43,0.0,33.338,1
1785856415,284004150,85.1,2.023,87.023,0.0,33.337,1
1785856415,350678223,81.99,2.141,84.031,0.0,33.337,1
1785856415,417351807,83.396,2.033,85.327,0.0,33.336,1
1785856415,484024414,80.503,2.107,82.496,-33.336,33.336,1
1785856415,550696533,81.307,2.01,83.218,0.0,33.336,1
1785856415,617367920,83.924,2.445,86.262,0.0,33.336,1
1785856415,684036621,84.384,2.402,86.676,33.332,33.332,1
1785856415,750700684,87.42,2.468,89.776,0.0,33.332,1
1785856415,817363770,84.501,2.322,86.721,33.331,33.331,1
1785856415,884026123,80.953,2.232,83.079,0.0,33.331,1
1785856415,950687500,87.616,2.557,90.074,0.0,33.33,1
1785856415,984017822,125.532,2.589,127.999,0.0,66.66,1
1785856416,50677979,100.585,4.429,104.881,0.0,33.33,1
1785856416,117336914,85.747,2.103,87.749,0.0,33.329,1
1785856416,183995361,84.725,2.062,86.647,0.0,33.329,1
1785856416,250652588,83.391,2.285,85.565,0.0,33.328,1
1785856416,317309082,85.625,2.1,87.627,0.0,33.328,1
1785856416,383964600,83.846,2.161,85.91,0.0,33.327,1
1785856416,450619141,82.271,2.1,84.27,0.0,33.327,1
1785856416,517272949,80.738,2.181,82.819,-33.327,-33.327,1
1785856416,583925781,84.066,2.137,86.104,0.0,33.326,1
1785856416,650578857,83.436,5.195,88.464,0.0,33.334,1
1785856416,683912598,106.344,9.009,113.74,0.0,33.334,1
1785856416,717246338,136.978,2.565,139.307,0.0,66.667,1
1785856416,783912842,131.8,7.408,139.074,0.0,33.333,1
1785856416,850578369,119.331,2.673,121.8,33.333,66.665,1
1785856416,917243164,92.92,2.631,95.422,0.0,33.332,1
1785856416,983906982,84.244,2.093,86.239,0.0,33.332,1
1785856417,50570068,89.751,2.567,92.202,0.0,33.331,1
1785856417,83901367,118.845,5.063,123.588,0.0,66.662,1
1785856417,150563232,91.6,2.471,93.95,0.0,33.331,1
1785856417,217224121,84.191,2.281,86.362,33.33,33.33,1
1785856417,283884033,83.614,2.082,85.598,0.0,33.33,1
1785856417,350543457,83.745,2.142,85.787,0.0,33.329,1
1785856417,417201660,82.525,2.087,84.515,0.0,33.329,1
1785856417,483859131,85.018,2.214,87.135,0.0,33.328,1
1785856417,550515869,86.054,2.18,88.135,0.0,33.328,1
1785856417,617171631,84.403,2.134,86.439,0.0,33.329,1
1785856417,683832520,87.863,2.568,90.314,0.0,33.332,1
1785856417,717164551,121.996,2.248,124.134,0.0,66.664,1
1785856417,783828125,119.11,2.504,121.493,0.0,66.663,1
1785856417,850490723,89.216,2.102,91.21,0.0,33.331,1
1785856417,917152344,86.725,2.147,88.769,0.0,33.331,1
1785856417,983813232,84.872,2.083,86.858,0.0,33.33,1
1785856418,50473145,85.971,2.2,88.066,0.0,33.33,1
1785856418,117132080,84.483,2.25,86.61,0.0,33.329,1
1785856418,183790283,86.394,2.093,88.39,0.0,33.329,1
1785856418,250447266,85.11,2.108,87.108,0.0,33.328,1
1785856418,317103760,82.782,2.215,84.758,0.0,33.328,1
1785856418,383759033,86.676,2.119,88.683,0.0,33.327,1
1785856418,450413574,86.896,2.283,89.074,0.0,33.327,1
1785856418,517067139,85.422,2.176,87.485,0.0,33.326,1
1785856418,583719971,85.301,2.199,87.389,0.0,33.326,1
1785856418,650372559,85.805,2.342,87.967,0.0,33.333,1
1785856418,717037842,88.801,2.273,90.962,0.0,33.332,1
1785856418,750369873,122.369,2.396,124.645,0.0,66.664,1
1785856418,817033691,93.806,2.464,96.157,0.0,33.332,1
1785856418,883696777,86.901,2.182,88.967,0.0,33.331,1
1785856418,950358887,85.805,2.252,87.947,-33.331,-33.331,1
1785856419,17020020,89.517,2.015,91.419,33.33,33.33,1
1785856419,83680176,82.556,2.072,84.524,-33.33,-33.33,1
1785856419,150339600,90.333,2.108,92.337,0.0,33.329,1
1785856419,216998047,85.275,2.191,87.356,0.0,33.329,1
1785856419,283655762,86.368,2.155,88.423,0.0,33.329,1
1785856419,350312500,85.695,2.253,87.848,0.0,33.328,1
1785856419,416968506,86.164,2.041,88.11,0.0,33.327,1
1785856419,483623291,85.791,2.099,87.779,0.0,33.327,1
1785856419,550277588,87.685,2.099,89.685,0.0,33.327,1
1785856419,616930664,85.596,2.138,87.618,0.0,33.327,1
1785856419,717076904,90.32,2.522,92.658,0.0,33.41,1
1785856419,750486816,119.65,2.949,122.471,0.0,66.821,1
1785856419,817307617,94.167,2.837,96.892,0.0,0.0,1
1785856419,850718262,117.116,2.426,119.41,-33.411,66.823,1
1785856419,917540771,108.825,5.739,114.439,0.0,33.411,1
1785856419,950952148,141.731,2.391,144.001,0.0,66.824,1
1785856420,17776123,123.909,2.7,126.48,0.0,66.825,1
1785856420,84601318,100.887,2.412,103.176,0.0,33.413,1
1785856420,151427490,91.088,2.135,93.106,0.0,33.413,1
1785856420,218254639,87.866,2.857,90.613,0.0,33.414,1
1785856420,285083008,85.736,2.213,87.784,0.0,33.415,1
1785856420,351912354,84.408,2.136,86.449,0.0,33.415,1
1785856420,418742676,84.848,2.044,86.795,-33.415,33.416,1
1785856420,485574219,82.519,2.079,84.499,-33.416,33.416,1
1785856420,552406982,86.852,2.303,89.049,0.0,33.417,1
1785856420,619240723,84.295,2.283,86.477,0.0,33.416,1
1785856420,686058105,89.506,2.128,91.527,0.0,33.401,1
1785856420,752861328,87.488,2.281,89.643,-33.402,33.402,1
1785856420,819665283,84.898,2.286,87.083,0.0,33.402,1
1785856420,886469971,83.55,2.144,85.591,0.0,33.403,1
1785856420,953275635,85.903,2.505,88.306,0.0,33.403,1
1785856421,20082031,87.906,2.043,89.854,-33.403,-33.403,1
1785856421,86889160,84.527,2.102,86.52,0.0,33.404,1
1785856421,153697266,85.732,2.115,87.743,0.0,33.404,1
1785856421,220506104,86.933,2.066,88.852,0.0,33.405,1
1785856421,287315674,85.942,2.322,88.155,0.0,33.405,1
1785856421,354126221,83.254,2.145,85.286,0.0,33.405,1
1785856421,420937256,87.129,2.068,89.1,0.0,33.406,1
1785856421,487749268,81.422,2.001,83.328,0.0,0.0,1
1785856421,554562256,83.429,2.273,85.602,0.0,33.407,1
1785856421,621375732,80.892,2.152,82.933,33.406,33.406,1
1785856421,688099609,85.544,2.056,87.5,0.0,33.317,1
1785856421,754734131,88.813,2.278,90.979,0.0,0.0,1
1785856421,788050537,122.764,4.08,126.715,0.0,66.632,1
1785856421,854682861,103.159,2.304,105.347,0.0,33.316,1
1785856421,887998535,125.982,5.529,131.239,0.0,66.63,1
1785856421,954628418,117.188,3.04,120.099,0.0,66.629,1
1785856422,21257080,91.77,2.553,94.202,0.0,0.0,1
1785856422,87884521,101.833,5.522,107.151,0.0,33.313,1
1785856422,121197510,120.985,2.533,123.404,0.0,66.625,1
1785856422,187822754,94.809,3.171,97.832,0.0,33.312,1
1785856422,254446533,87.247,2.127,89.271,33.311,33.311,1
1785856422,321068848,85.453,2.621,87.963,0.0,33.311,1
1785856422,387689697,81.98,2.069,83.952,0.0,33.31,1
1785856422,454309082,82.872,2.161,84.868,0.0,33.309,1
1785856422,520927246,85.853,2.002,87.76,0.0,33.309,1
1785856422,587543945,86.752,2.369,88.955,0.0,33.308,1
1785856422,654160645,92.271,5.91,98.057,0.0,33.318,1
1785856422,687478760,127.394,2.503,129.769,0.0,66.635,1
1785856422,754114014,119.897,2.699,122.457,0.0,66.634,1
1785856422,820747803,107.058,2.231,109.168,0.0,33.316,1
1785856422,854063965,129.154,2.859,131.882,0.0,66.632,1
1785856422,920695801,121.392,2.25,123.526,0.0,66.63,1
1785856422,954010986,149.679,2.492,152.045,0.0,99.944,1
1785856423,20640625,139.234,2.494,141.602,0.0,66.628,1
1785856423,87268799,119.781,2.62,122.238,0.0,66.627,1
1785856423,153895752,107.842,2.397,110.117,0.0,0.0,1
1785856423,187208496,122.949,2.194,125.031,33.312,66.625,1
1785856423,253833252,126.832,3.911,130.552,0.0,66.623,1
1785856423,320456543,121.349,2.872,124.056,0.0,66.622,1
1785856423,387078369,107.456,2.512,109.853,0.0,33.31,1
1785856423,420388672,124.601,2.427,126.91,0.0,33.31,1
1785856423,487008545,114.994,3.655,118.494,33.309,66.618,1
1785856423,553626953,93.583,3.065,96.528,0.0,33.309,1
1785856423,586935547,123.019,3.129,126.024,0.0,66.617,1
1785856423,653552979,95.317,3.127,98.322,0.0,33.397,1
1785856423,753744873,98.66,3.002,101.527,-33.397,33.397,1
1785856423,787142334,120.943,3.526,124.327,0.0,66.796,1
1785856423,853937988,95.381,3.753,99.013,0.0,33.398,1
1785856423,920734131,84.354,2.076,86.33,0.0,33.398,1
1785856423,987531006,87.459,2.146,89.502,0.0,33.399,1
1785856424,54328613,84.43,2.234,86.562,0.0,33.399,1
1785856424,121126709,86.584,2.32,88.793,-33.399,33.399,1
1785856424,187925537,87.104,2.267,89.271,0.0,33.4,1
1785856424,254725098,84.207,2.57,86.65,0.0,0.0,1
1785856424,321525146,82.619,2.018,84.541,-33.4,33.4,1
1785856424,388325684,85.576,2.135,87.609,0.0,33.401,1
1785856424,455126953,85.341,2.33,87.567,-33.401,33.401,1
1785856424,521928955,83.314,2.359,85.569,0.0,0.0,1
1785856424,588731689,85.154,2.166,87.222,0.0,33.401,1
1785856424,655533936,87.469,2.18,89.549,0.0,33.31,1
1785856424,722154053,89.118,2.062,91.084,0.0,33.31,1
1785856424,788772705,90.951,2.071,92.923,0.0,33.309,1
1785856424,822081299,102.923,2.516,105.301,0.0,33.308,1
1785856424,855389648,123.517,4.835,128.235,0.0,66.615,1
1785856424,922004639,123.183,3.343,126.408,0.0,66.614,1
1785856424,988618164,90.115,2.284,92.302,0.0,33.306,1
1785856425,55229980,84.608,2.362,86.864,0.0,33.305,1
1785856425,121840332,85.099,2.338,87.335,0.0,33.304,1
1785856425,188448730,87.23,2.358,89.476,0.0,33.303,1
1785856425,255055420,91.416,2.221,93.513,0.0,33.303,1
1785856425,321660645,90.342,2.039,92.29,0.0,33.302,1
1785856425,388263916,86.087,2.126,88.108,0.0,33.301,1
1785856425,454865723,86.04,2.113,88.052,0.0,0.0,1
1785856425,521465820,84.975,2.118,86.956,0.0,33.299,1
1785856425,588063965,85.044,2.019,86.968,0.0,33.299,1
1785856425,654662109,95.343,2.842,98.058,0.0,33.311,1
1785856425,687972900,120.579,2.577,123.027,0.0,66.621,1
1785856425,754593506,96.438,2.289,98.603,0.0,33.31,1
1785856425,821212402,88.348,2.194,90.444,0.0,33.309,1
1785856425,887829590,85.929,2.803,88.601,0.0,33.308,1
1785856425,954445313,85.549,2.685,88.116,33.307,33.307,1
1785856426,21059082,90.824,2.164,92.887,0.0,33.306,1
1785856426,87671387,85.768,2.463,88.13,0.0,33.305,1
1785856426,154281982,88.483,1.96,90.355,0.0,33.305,1
1785856426,220890869,88.902,2.15,90.946,0.0,33.304,1
1785856426,287498291,90.136,2.094,92.137,0.0,33.303,1
1785856426,354103760,89.052,2.105,91.059,0.0,33.302,1
1785856426,420707764,87.833,2.172,89.904,0.0,33.302,1
1785856426,487310059,86.549,2.095,88.545,0.0,33.301,1
1785856426,553910889,85.861,2.002,87.769,0.0,33.3,1
1785856426,620509766,87.144,2.097,89.14,0.0,33.3,1
1785856426,687120850,97.74,2.59,100.21,0.0,33.311,1
1785856426,720431641,140.881,2.538,143.295,0.0,66.62,1
1785856426,787051758,129.504,2.675,132.055,0.0,66.618,1
1785856426,853670166,112.197,3.043,115.107,0.0,33.309,1
1785856426,886978760,121.468,2.937,124.283,0.0,66.616,1
1785856426,953594727,113.104,2.669,115.648,0.0,66.614,1
1785856426,986901855,147.593,2.376,149.758,-33.307,33.307,1
1785856427,53515381,127.803,2.432,130.106,33.306,66.612,1
1785856427,120127197,117.129,2.87,119.88,0.0,66.61,1
1785856427,153432373,147.985,2.261,150.113,0.0,99.913,1
1785856427,220041748,128.146,3.096,131.127,0.0,66.607,1
1785856427,286649170,118.497,2.197,120.587,0.0,66.606,1
1785856427,353255127,104.204,5.487,109.561,0.0,33.302,1
1785856427,386557617,118.345,2.278,120.513,0.0,0.0,1
1785856427,453160889,106.817,6.501,113.195,0.0,33.301,1
1785856427,486462158,128.547,2.284,130.73,0.0,66.601,1
1785856427,553062988,122.357,3.103,125.327,0.0,66.599,1
1785856427,619662354,104.03,3.186,107.083,0.0,33.3,1
1785856427,652962402,126.061,2.726,128.658,0.0,66.724,1
1785856427,719686768,126.072,6.381,132.244,0.0,66.725,1
1785856427,786412109,112.338,2.681,114.888,0.0,33.363,1
1785856427,819775146,124.685,2.254,126.829,0.0,66.727,1
1785856427,886501953,94.763,2.021,96.688,0.0,33.364,1
1785856427,953229980,95.813,5.871,101.541,0.0,33.364,1
1785856427,986594238,114.113,2.237,116.243,0.0,0.0,1
1785856428,19958984,147.199,2.447,149.531,-33.365,66.73,1
1785856428,86688965,127.222,2.463,129.563,0.0,66.731,1
1785856428,153420166,117.233,2.255,119.325,0.0,33.366,1
1785856428,220152344,98.751,2.403,101.027,-33.366,-33.366,1
1785856428,253519043,114.074,2.671,116.629,33.367,33.367,1
1785856428,286885742,122.812,2.096,124.81,0.0,0.0,1
1785856428,386987549,91.229,2.228,93.358,0.0,33.368,1
1785856428,453723389,90.059,2.176,92.134,0.0,33.368,1
1785856428,520460449,90.688,2.09,92.679,0.0,33.369,1
1785856428,587198486,86.545,2.169,88.613,0.0,0.0,1
1785856428,653937012,91.154,2.324,93.331,0.0,33.363,1
1785856428,720663086,93.023,2.137,95.064,0.0,33.363,1
1785856428,787389893,91.484,2.099,93.485,0.0,33.364,1
1785856428,854117676,87.67,2.304,89.875,0.0,33.365,1
1785856428,920846680,87.972,2.411,90.279,0.0,0.0,1
1785856428,987576172,89.557,2.986,91.661,33.365,33.365,1
1785856429,54306885,88.045,2.276,90.201,0.0,33.366,1
1785856429,121038574,88.953,2.042,90.897,0.0,33.366,1
1785856429,187770996,90.981,2.121,93.002,0.0,33.367,1
1785856429,254504395,87.919,2.145,89.964,0.0,33.367,1
1785856429,321238770,93.781,2.214,95.891,0.0,33.368,1
1785856429,387974121,93.006,2.237,95.143,-33.368,33.368,1
1785856429,454710449,90.089,2.138,92.122,0.0,33.368,1
1785856429,521447510,89.422,2.104,91.43,0.0,33.369,1
1785856429,621554932,86.633,1.992,88.531,0.0,33.369,1
1785856429,688293457,91.119,3.258,94.269,-33.369,33.369,1
1785856429,755032471,95.261,2.092,97.251,0.0,33.37,1
1785856429,821772949,91.152,2.006,93.065,0.0,33.371,1
1785856429,888514404,89.038,2.018,90.957,0.0,33.371,1
1785856429,955257080,99.604,2.39,101.869,0.0,33.372,1
1785856429,988628906,120.404,2.093,122.395,0.0,66.745,1
1785856430,22000977,134.177,2.598,136.659,0.0,66.745,1
1785856430,88746094,121.113,2.8,123.766,0.0,66.746,1
1785856430,155492188,102.655,3.082,105.58,0.0,33.374,1
1785856430,188865723,122.313,3.255,125.385,0.0,66.748,1
1785856430,255613770,111.65,2.639,114.172,0.0,33.374,1
1785856430,288988037,125.165,2.724,127.758,0.0,33.375,1
1785856430,355737793,103.376,2.796,106.027,-33.375,33.375,1
1785856430,389113037,120.024,2.357,122.256,0.0,33.375,1
1785856430,455864502,94.739,2.205,96.83,-33.376,-33.376,1
1785856430,522616943,91.46,2.108,93.469,0.0,33.377,1
1785856430,589370605,90.293,2.07,92.266,0.0,33.377,1
1785856430,656125000,90.198,2.215,92.314,0.0,33.338,1
1785856430,722801758,91.395,2.425,93.719,0.0,33.338,1
1785856430,789477783,94.186,2.13,96.215,0.0,33.338,1
1785856430,856153320,91.417,2.184,93.5,0.0,33.338,1
1785856430,922828125,88.222,2.155,90.274,0.0,33.337,1
1785856430,989502441,90.889,2.074,92.863,0.0,33.337,1
1785856431,56176025,90.726,3.481,94.09,0.0,33.337,1
1785856431,89512695,101.813,2.528,104.218,0.0,33.336,1
1785856431,156185547,93.753,2.225,95.802,0.0,33.336,1
1785856431,222857666,91.24,2.052,93.193,0.0,33.336,1
1785856431,289529053,88.96,2.215,91.078,33.335,33.335,1
1785856431,356199951,88.754,7.29,95.926,0.0,33.335,1
1785856431,456205078,87.71,4.879,92.451,0.0,33.335,1
1785856431,522874512,88.617,2.105,90.623,0.0,33.334,1
1785856431,589543213,87.025,2.365,89.145,0.0,33.334,1
1785856431,656211914,90.629,2.245,92.772,0.0,33.335,1
1785856431,722881592,92.847,2.598,95.334,0.0,33.334,1
1785856431,789550537,110.295,5.974,116.117,0.0,33.334,1
1785856431,822884521,120.481,2.103,122.485,0.0,66.668,1
1785856431,922885742,91.224,2.089,93.213,0.0,33.333,1
1785856431,989552246,91.701,2.199,93.798,0.0,33.333,1
1785856432,56218018,89.941,2.071,91.907,0.0,33.333,1
1785856432,122882813,89.662,2.219,91.777,0.0,33.332,1
1785856432,189546875,88.247,2.029,90.174,0.0,0.0,1
1785856432,256210205,88.536,2.294,90.735,33.331,33.331,1
1785856432,322872559,87.758,2.271,89.926,33.331,33.331,1
1785856432,389534424,91.575,2.059,93.535,0.0,33.33,1
1785856432,456195068,89.467,2.387,91.741,0.0,33.33,1
1785856432,522855225,91.014,2.408,93.313,33.33,33.33,1
1785856432,589514404,90.793,2.252,92.931,0.0,33.329,1
1785856432,656173340,86.993,3.697,89.057,-33.33,-33.33,1
1785856432,722845215,94.729,3.605,98.229,0.0,33.336,1
1785856432,789516357,91.188,2.176,93.264,-33.335,33.335,1
1785856432,856186768,88.025,2.144,90.071,0.0,0.0,1
1785856432,922856445,90.776,2.287,92.958,33.335,33.335,1
1785856432,989525391,90.484,2.388,92.752,0.0,33.334,1
1785856433,56193604,90.495,2.25,92.645,0.0,33.334,1
1785856433,122861084,92.892,2.215,94.937,0.0,33.333,1
1785856433,189527588,91.288,2.092,93.279,0.0,33.333,1
1785856433,256193604,90.932,2.027,92.857,0.0,33.333,1
1785856433,356190918,89.002,2.212,91.109,0.0,33.332,1
1785856433,422854980,92.497,2.14,94.538,0.0,33.332,1
1785856433,489518066,90.641,2.206,92.743,33.331,33.331,1
1785856433,556180420,88.633,2.259,90.784,-33.331,33.331,1
1785856433,622842285,89.021,2.105,91.024,0.0,33.331,1
1785856433,689508789,90.575,2.196,92.668,0.0,33.335,1
1785856433,756179688,95.632,2.972,98.504,0.0,33.335,1
1785856433,822849609,90.965,2.189,93.053,0.0,33.335,1
1785856433,889518799,92.569,2.055,94.526,0.0,33.334,1
1785856433,956187256,91.346,2.385,93.622,33.334,33.334,1
1785856434,22854736,93.749,2.036,95.685,0.0,33.333,1
1785856434,89521729,90.996,2.487,93.376,0.0,33.333,1
1785856434,156187744,89.697,2.158,91.747,0.0,33.333,1
1785856434,222852783,92.499,2.512,94.898,0.0,33.333,1
1785856434,289517334,92.964,2.469,95.324,0.0,33.332,1
1785856434,356180908,89.386,2.044,91.332,0.0,33.332,1
1785856434,422843750,102.157,3.051,104.938,0.0,33.331,1
1785856434,456175049,109.747,7.532,117.093,0.0,33.331,1
1785856434,489505859,139.705,3.642,143.131,0.0,66.661,1
1785856434,556167236,98.425,2.033,100.36,0.0,33.33,1
1785856434,622827637,94.022,2.043,95.969,0.0,33.33,1
1785856434,689494141,96.738,2.333,98.958,0.0,33.336,1
1785856434,756165527,93.282,2.129,95.314,0.0,33.335,1
1785856434,822836182,91.994,2.263,94.155,0.0,33.335,1
1785856434,889506104,89.66,2.124,91.687,0.0,0.0,1
1785856434,956175293,93.867,2.466,96.093,33.334,33.334,1
1785856434,989509521,103.602,2.853,106.328,0.0,33.334,1
1785856435,56177246,93.579,2.309,95.786,0.0,33.334,1
1785856435,122844482,92.832,2.247,94.963,0.0,33.333,1
1785856435,189510986,93.666,2.316,95.882,33.333,33.333,1
1785856435,256176514,90.855,2.267,93.022,0.0,33.333,1
1785856435,322841309,90.953,2.104,92.956,0.0,33.332,1
1785856435,389505371,97.084,2.13,99.12,0.0,33.332,1
1785856435,456168457,94.065,2.169,96.134,0.0,33.331,1
1785856435,522831055,89.589,2.091,91.582,-33.331,-33.331,1
1785856435,589492676,92.322,2.181,94.4,0.0,33.331,1
1785856435,656153809,90.665,2.346,92.894,-33.331,-33.331,1
1785856435,722908447,94.868,2.151,96.907,0.0,33.378,1
1785856435,789664551,98.63,2.22,100.681,0.0,0.0,1
1785856435,856421875,92.142,2.175,94.221,33.379,33.379,1
1785856435,923180908,89.171,2.094,91.163,-33.38,-33.38,1
1785856435,989941162,100.615,2.69,103.19,0.0,33.381,1
1785856436,23322021,124.416,2.356,126.653,0.0,33.381,1
1785856436,90084473,95.377,2.124,97.401,-33.382,33.382,1
1785856436,156848389,96.805,2.477,99.164,0.0,33.383,1
1785856436,190230957,122.109,2.977,124.964,0.0,66.766,1
1785856436,256997070,94.612,2.674,97.177,0.0,33.384,1
1785856436,323764404,91.688,2.321,93.908,0.0,33.384,1
1785856436,390533447,90.119,2.197,92.157,0.0,33.385,1
1785856436,457303711,91.436,2.33,93.661,0.0,33.386,1
1785856436,524075684,91.634,2.329,93.771,0.0,33.386,1
1785856436,590848877,89.804,2.133,91.84,0.0,33.387,1
1785856436,657622559,90.631,2.531,93.063,0.0,0.0,1
1785856436,724392334,97.331,2.594,99.809,0.0,33.385,1
1785856436,757777832,142.142,2.529,144.553,0.0,66.772,1
1785856436,824550049,129.868,2.323,132.074,0.0,66.774,1
1785856436,891323975,108.036,3.367,111.266,0.0,33.387,1
1785856436,924711426,134.742,15.926,149.845,0.0,66.777,1
1785856436,991488037,114.81,7.77,122.434,0.0,0.0,1
1785856437,24876953,138.086,2.5,140.442,-33.389,66.779,1
1785856437,91655762,124.688,2.799,127.368,0.0,33.39,1
1785856437,158436523,95.594,4.519,99.935,-33.391,33.391,1
1785856437,225218994,91.842,2.843,94.573,0.0,33.392,1
1785856437,292002930,91.532,2.271,93.705,0.0,33.393,1
1785856437,358788818,90.851,2.065,92.818,-33.393,33.394,1
1785856437,425576172,92.301,2.073,94.272,0.0,33.394,1
1785856437,492365479,92.517,2.025,94.444,0.0,33.395,1
1785856437,559156250,90.726,2.07,92.698,0.0,33.396,1
1785856437,625948730,95.556,2.056,97.518,33.396,33.396,1
1785856437,692694092,96.141,2.427,98.454,0.0,0.0,1
1785856437,726043701,117.811,2.496,120.186,-33.35,33.35,1
1785856437,759393311,127.88,2.483,130.25,0.0,66.699,1
1785856437,859441406,93.183,2.235,95.317,0.0,33.349,1
1785856437,926139648,91.759,2.174,93.834,0.0,33.349,1
1785856437,992837891,96.154,2.539,98.562,33.349,33.349,1
1785856438,26186768,111.932,2.444,114.245,0.0,0.0,1
1785856438,59535645,126.334,6.471,132.683,-33.349,66.698,1
1785856438,126233154,110.913,2.848,113.552,0.0,33.349,1
1785856438,159581787,126.808,2.436,129.109,0.0,66.697,1
1785856438,226278809,116.424,2.389,118.629,0.0,33.348,1
1785856438,259627197,131.595,4.573,136.038,0.0,66.697,1
1785856438,326323730,111.912,6.649,118.424,0.0,33.348,1
1785856438,359671875,124.027,2.213,126.121,0.0,33.348,1
1785856438,426368164,96.822,2.161,98.885,0.0,33.348,1
1785856438,493063965,92.705,2.119,94.727,0.0,33.348,1
1785856438,559759521,92.336,2.088,94.325,0.0,33.348,1
1785856438,626454834,92.178,2.29,94.365,0.0,33.348,1
1785856438,693153809,93.596,2.212,95.66,0.0,33.351,1
1785856438,759856445,88.477,2.046,90.42,-33.351,33.351,1
1785856438,826558838,93.984,2.075,95.956,0.0,33.351,1
1785856438,893260986,90.868,2.02,92.792,0.0,33.351,1
1785856438,959962891,90.775,2.07,92.741,0.0,33.351,1
1785856439,26664551,93.939,2.007,95.853,0.0,33.351,1
1785856439,93365967,89.883,2.106,91.89,0.0,33.351,1
1785856439,160067139,96.148,2.296,98.315,0.0,33.35,1
1785856439,193417480,111.727,5.596,117.155,0.0,0.0,1
1785856439,226767822,122.327,2.089,124.32,-33.35,66.701,1
1785856439,326818848,89.624,2.085,91.598,33.35,33.35,1
1785856439,393519287,90.738,2.094,92.733,0.0,33.35,1
1785856439,460219238,92.571,1.952,94.434,0.0,33.35,1
1785856439,526919189,91.788,2.209,93.894,0.0,33.35,1
1785856439,593618652,93.453,2.323,95.617,0.0,33.35,1
1785856439,660318115,94.659,2.159,96.721,0.0,33.393,1
1785856439,727104736,97.77,2.016,99.693,0.0,33.394,1
1785856439,793893311,90.317,2.213,92.402,0.0,33.395,1
1785856439,860684082,89.829,2.088,91.763,0.0,33.396,1
1785856439,927476807,92.699,2.067,94.667,0.0,33.397,1
1785856439,994271484,91.251,2.055,93.133,0.0,33.398,1
1785856440,61068359,92.598,2.055,94.552,0.0,33.399,1
1785856440,127867188,89.265,2.171,91.338,0.0,33.4,1
1785856440,194667969,90.102,2.035,92.036,-33.401,33.401,1
1785856440,261470703,91.566,2.237,93.703,0.0,33.402,1
1785856440,328275635,91.482,2.352,93.725,0.0,33.403,1
1785856440,395082520,88.359,2.373,90.628,0.0,33.404,1
1785856440,461891357,88.451,2.072,90.422,0.0,33.405,1
1785856440,528702393,87.226,1.99,89.125,-33.406,33.406,1
1785856440,595515381,88.543,2.074,90.518,0.0,33.407,1
1785856440,662329102,88.689,2.161,90.744,0.0,33.358,1
1785856440,729045654,91.45,2.163,93.513,0.0,33.358,1
1785856440,795762207,91.798,2.124,93.817,0.0,33.358,1
1785856440,862479004,89.548,2.157,91.605,0.0,33.358,1
1785856440,929195557,90.465,2.109,92.476,0.0,33.358,1
1785856440,995912109,91.54,2.138,93.578,0.0,33.358,1
1785856441,62628906,89.934,2.017,91.852,0.0,33.358,1
1785856441,129345459,88.15,3.42,91.443,0.0,33.358,1
1785856441,162703857,108.791,2.839,111.462,0.0,33.358,1
1785856441,229420654,96.485,2.127,98.513,0.0,33.358,1
1785856441,296137207,89.941,2.24,92.072,0.0,33.358,1
1785856441,329495605,101.894,2.724,104.495,0.0,33.358,1
1785856441,396212402,90.636,2.071,92.61,0.0,33.358,1
1785856441,462928955,90.54,2.354,92.792,0.0,33.358,1
1785856441,529645752,90.566,2.143,92.617,0.0,33.358,1
1785856441,596362549,88.78,1.988,90.673,0.0,33.358,1
1785856441,663079346,91.553,2.248,93.657,0.0,33.358,1
1785856441,729794678,90.91,2.625,93.425,0.0,0.0,1
1785856441,796510254,95.486,2.123,97.502,0.0,33.358,1
1785856441,863225586,93.857,2.007,95.77,0.0,33.358,1
1785856441,929941162,90.023,2.016,91.941,0.0,33.358,1
1785856441,996656738,89.447,2.05,91.4,33.358,33.358,1
1785856442,63372070,90.982,2.102,92.984,0.0,33.358,1
1785856442,130087646,88.925,2.105,90.929,0.0,0.0,1
1785856442,196802979,90.592,2.041,92.486,0.0,33.358,1
1785856442,263518555,88.287,2.222,90.406,0.0,33.358,1
1785856442,330233887,87.935,3.001,90.825,0.0,0.0,1
1785856442,396949463,89.043,2.053,90.998,0.0,33.358,1
1785856442,463664795,88.02,2.192,90.111,0.0,33.358,1
1785856442,530380127,89.907,2.135,91.941,0.0,0.0,1
1785856442,597095703,88.641,2.265,90.789,0.0,33.358,1
1785856442,663811035,93.944,2.294,96.134,0.0,33.358,1
1785856442,730526367,96.195,2.487,98.574,0.0,33.358,1
1785856442,797241699,99.12,2.811,101.808,0.0,33.358,1
1785856442,863957031,91.925,2.341,94.153,0.0,33.358,1
1785856442,930672363,90.617,2.252,92.772,0.0,33.358,1
1785856442,997387695,95.108,3.381,98.359,-33.358,33.358,1
1785856443,30745361,120.834,2.61,123.308,0.0,66.715,1
1785856443,97460693,96.878,2.007,98.79,0.0,33.358,1
1785856443,164176025,93.523,2.022,95.445,0.0,0.0,1
1785856443,230891357,90.001,1.966,91.874,0.0,33.358,1
1785856443,297606934,88.913,2.115,90.914,0.0,0.0,1
1785856443,364322266,91.209,3.071,94.162,0.0,33.358,1
1785856443,397679932,102.866,2.857,105.535,0.0,33.358,1
1785856443,464395264,93.874,2.09,95.861,0.0,33.358,1
1785856443,531110596,89.593,2.429,91.914,0.0,33.358,1
1785856443,597825928,87.859,2.229,89.988,0.0,33.358,1
1785856443,664541260,91.596,2.439,93.925,0.0,33.358,1
1785856443,731256348,93.285,2.024,95.193,0.0,33.358,1
1785856443,797971680,92.697,2.116,94.712,0.0,33.357,1
1785856443,864686768,88.571,2.189,90.649,0.0,33.357,1
1785856443,931401855,89.494,2.109,91.505,0.0,33.358,1
1785856443,998116943,89.392,2.05,91.348,0.0,33.358,1
1785856444,64832031,89.399,2.064,91.368,0.0,33.358,1
1785856444,131547119,90.385,2.2,92.482,0.0,33.358,1
1785856444,198262207,93.751,2.103,95.754,0.0,33.358,1
1785856444,264977539,90.823,2.13,92.853,0.0,33.357,1
1785856444,331692627,89.484,2.098,91.48,0.0,33.357,1
1785856444,398407715,89.663,2.424,91.977,0.0,33.357,1
1785856444,431765137,115.905,2.98,118.161,0.0,33.358,1
1785856444,465122803,122.636,2.766,125.282,0.0,0.0,1
1785856444,531837646,96.436,7.984,104.288,33.358,33.358,1
1785856444,598552734,100.199,2.437,102.52,0.0,33.358,1
1785856444,698625732,92.33,2.065,94.295,0.0,33.437,1
1785856444,765499023,93.295,2.089,95.284,0.0,33.437,1
1785856444,832374268,88.38,2.225,90.498,0.0,33.438,1
1785856444,899251465,90.797,2.276,92.969,0.0,33.439,1
1785856444,966130859,89.292,2.389,91.569,0.0,33.44,1
1785856445,33012207,86.918,2.057,88.877,0.0,0.0,1
1785856445,99895508,87.879,2.411,90.185,0.0,33.442,1
1785856445,200224121,90.408,2.098,92.408,0.0,33.444,1
1785856445,267112549,87.848,2.133,89.881,0.0,33.445,1
1785856445,334003174,88.01,2.059,89.971,0.0,33.446,1
1785856445,400895508,86.007,2.074,87.984,-33.447,33.447,1
1785856445,467790039,95.129,2.064,97.089,0.0,33.448,1
1785856445,501238037,122.173,2.424,124.484,0.0,66.897,1
1785856445,568135498,97.676,3.311,100.847,0.0,33.45,1
1785856445,601585205,108.972,4.434,113.269,0.0,33.45,1
1785856445,668485596,89.034,2.342,91.268,0.0,33.449,1
1785856445,735284424,92.455,2.065,94.421,0.0,33.35,1
1785856445,801983643,93.849,2.076,95.825,0.0,33.35,1
1785856445,868682617,88.166,2.419,90.482,0.0,33.35,1
1785856445,935381592,85.899,3.43,89.183,0.0,33.349,1
1785856446,2079834,87.486,1.991,89.364,-33.349,33.349,1
1785856446,68778076,89.216,2.114,91.233,0.0,33.349,1
1785856446,135476074,84.919,2.083,86.903,0.0,33.349,1
1785856446,202173584,86.845,2.132,88.879,0.0,33.349,1
1785856446,268870850,85.447,2.254,87.582,33.349,33.349,1
1785856446,335567871,88.675,2.076,90.652,-33.348,33.349,1
1785856446,402264648,86.475,2.102,88.476,0.0,33.348,1
1785856446,468961182,94.885,2.878,97.613,0.0,33.348,1
1785856446,502309326,100.502,2.387,102.785,0.0,33.348,1
1785856446,569005371,92.193,2.45,94.41,0.0,33.348,1
1785856446,635701172,86.905,2.081,88.884,0.0,33.348,1
1785856446,702396973,92.015,2.214,94.032,0.0,33.375,1
1785856446,769147705,102.484,2.104,104.485,0.0,33.375,1
1785856446,802523193,116.12,2.285,118.123,0.0,66.751,1
1785856446,835898682,128.327,12.111,140.31,0.0,66.751,1
1785856446,902650146,115.278,5.004,120.152,0.0,66.752,1
1785856446,936025879,127.458,2.19,129.51,0.0,66.752,1
1785856447,2777832,123.127,2.207,125.223,0.0,66.752,1
1785856447,69530273,93.169,2.092,95.159,0.0,0.0,1
1785856447,136282959,88.793,2.095,90.793,0.0,33.376,1
1785856447,203035889,90.903,2.208,93.012,0.0,33.377,1
1785856447,269789551,87.399,2.059,89.36,0.0,33.377,1
1785856447,336543213,84.707,2.077,86.684,0.0,0.0,1
1785856447,403297363,86.451,2.111,88.462,0.0,33.377,1
1785856447,470052002,88.203,2.196,90.291,0.0,33.377,1
1785856447,503429443,116.9,2.352,119.105,0.0,66.755,1
1785856447,570184570,97.12,2.481,99.477,0.0,33.378,1
1785856447,636939941,94.984,3.175,98.036,0.0,33.378,1
1785856447,703695557,94.156,2.334,96.368,33.347,33.347,1
1785856447,770389404,90.537,2.036,92.475,-33.347,33.347,1
1785856447,837083008,84.297,2.13,86.301,0.0,0.0,1
1785856447,903776123,86.232,2.043,88.176,-66.693,-66.693,1
1785856447,970468994,87.58,2.255,89.726,0.0,0.0,1
1785856448,37161377,87.34,2.091,89.325,0.0,33.346,1
1785856448,103853271,87.051,2.206,89.159,0.0,33.346,1
1785856448,170544922,91.688,2.271,93.85,0.0,33.346,1
1785856448,237236084,87.723,2.162,89.746,0.0,33.345,1
1785856448,303927002,86.178,2.021,88.103,0.0,33.345,1
1785856448,370617432,85.341,2.018,87.267,0.0,33.345,1
1785856448,437307373,86.27,2.109,88.267,0.0,33.345,1
1785856448,503997070,84.855,2.251,87.002,-33.345,33.345,1
1785856448,570686523,87.872,1.974,89.741,0.0,33.344,1
1785856448,637375488,87.929,2.088,89.917,0.0,33.344,1
1785856448,704064453,88.809,2.26,90.913,0.0,33.347,1
1785856448,770758301,93.051,2.702,95.623,0.0,33.347,1
1785856448,804104980,117.749,2.82,120.419,0.0,66.693,1
1785856448,870798096,101.09,2.903,103.855,0.0,33.346,1
1785856448,904144531,117.575,3.242,120.689,0.0,66.693,1
1785856448,970837158,94.412,2.07,96.383,0.0,33.346,1
1785856449,37529541,86.875,2.021,88.799,0.0,33.346,1
1785856449,104221436,86.635,2.165,88.694,0.0,33.346,1
1785856449,170912842,89.47,1.992,91.371,0.0,0.0,1
1785856449,237604004,88.068,2.186,90.146,0.0,33.345,1
1785856449,304294678,86.618,2.018,88.537,-33.345,33.345,1
1785856449,370985107,85.762,2.052,87.715,33.345,33.345,1
1785856449,437675049,86.542,2.123,88.568,0.0,33.345,1
1785856449,504364746,90.5,2.232,92.621,0.0,33.344,1
1785856449,537709229,110.444,2.21,112.545,0.0,33.345,1
1785856449,604398438,88.155,2.091,90.132,33.344,33.344,1
1785856449,671086914,89.559,2.712,92.163,0.0,33.345,1
1785856449,737779053,92.244,2.122,94.265,-33.347,33.347,1
1785856449,804473633,98.35,2.905,101.033,0.0,33.347,1
1785856449,871167969,87.045,2.234,89.172,0.0,0.0,1
1785856449,937861816,88.45,1.986,90.342,0.0,33.347,1
1785856450,4555176,88.149,2.021,90.019,0.0,33.347,1
1785856450,71248535,88.312,2.096,90.289,0.0,33.346,1
1785856450,137941162,89.126,2.091,91.114,0.0,33.346,1
1785856450,204633545,94.083,2.229,96.208,0.0,33.346,1
1785856450,271325684,89.116,2.065,91.083,0.0,33.346,1
1785856450,338017334,86.663,2.024,88.585,-33.346,33.346,1
1785856450,404708740,87.512,2.049,89.468,0.0,33.345,1
1785856450,471399658,87.109,2.309,89.318,0.0,33.345,1
1785856450,538090332,88.326,2.313,90.527,0.0,33.345,1
1785856450,571435547,105.376,3.304,108.559,0.0,33.345,1
1785856450,638125488,93.978,2.117,95.998,0.0,33.345,1
1785856450,704815674,91.906,2.847,94.509,0.0,33.347,1
1785856450,771510498,100.463,2.955,103.283,0.0,33.347,1
1785856450,804857910,105.32,3.302,108.46,0.0,33.347,1
1785856450,904899170,88.612,2.221,90.733,0.0,0.0,1
1785856450,971593018,88.168,2.161,90.226,0.0,0.0,1
1785856451,38286377,87.711,2.246,89.86,0.0,33.346,1
1785856451,104979492,86.684,2.114,88.629,0.0,33.346,1
1785856451,171672119,89.958,1.925,91.79,0.0,33.346,1
1785856451,238364502,90.729,3.844,94.388,0.0,33.346,1
1785856451,305056396,86.907,2.188,88.995,0.0,33.346,1
1785856451,371748047,87.808,2.23,89.934,0.0,33.346,1
1785856451,438439453,89.27,2.048,91.223,0.0,33.345,1
1785856451,505130371,87.683,2.592,90.058,0.0,33.345,1
1785856451,571821045,88.442,2.462,90.798,33.345,33.345,1
1785856451,605166016,114.952,3.689,118.506,0.0,66.69,1
1785856451,671856201,98.42,6.942,104.243,0.0,33.345,1
1785856451,705201416,124.455,4.004,127.877,0.0,33.347,1
1785856451,771895996,130.318,2.262,132.462,-33.347,66.694,1
1785856451,838590088,121.933,2.446,124.259,0.0,66.694,1
1785856451,905283936,91.666,2.158,93.729,0.0,33.347,1
1785856451,971977539,88.233,2.186,90.311,0.0,33.346,1
1785856452,38670654,90.598,2.058,92.558,33.346,33.346,1
1785856452,105363281,86.639,2.012,88.553,0.0,33.346,1
1785856452,172055664,90.332,2.066,92.3,0.0,0.0,1
1785856452,238747559,86.899,3.505,90.296,0.0,33.346,1
1785856452,305439209,88.624,2.037,90.562,0.0,33.346,1
1785856452,372130615,86.942,1.994,88.838,0.0,33.345,1
1785856452,438821289,89.541,2.143,91.571,0.0,33.345,1
1785856452,505511963,88.098,2.012,90.012,0.0,33.345,1
1785856452,572202148,88.146,2.508,90.55,0.0,33.345,1
1785856452,605546875,103.806,2.081,105.791,0.0,0.0,1
1785856452,672236572,105.58,2.622,108.077,0.0,33.345,1
1785856452,738934082,94.824,2.648,97.337,0.0,33.353,1
1785856452,805639404,88.883,2.122,90.909,0.0,33.352,1
1785856452,872344238,87.635,2.171,89.708,0.0,33.352,1
1785856452,939048828,88.243,2.251,90.4,0.0,33.352,1
1785856453,5753418,89.548,2.039,91.491,0.0,33.352,1
1785856453,72457520,88.04,2.137,90.03,0.0,33.352,1
1785856453,139161621,88.114,2.195,90.204,0.0,33.352,1
1785856453,205865234,91.099,2.254,93.25,0.0,33.352,1
1785856453,272568848,87.61,2.08,89.586,0.0,33.352,1
1785856453,339272217,88.883,2.082,90.863,0.0,33.352,1
1785856453,405975342,88.241,2.165,90.307,0.0,33.351,1
1785856453,472678223,89.189,2.253,91.342,0.0,33.351,1
1785856453,539380859,90.91,2.765,93.568,0.0,33.351,1
1785856453,606083252,90.915,2.034,92.848,0.0,33.351,1
1785856453,672785400,100.559,2.539,102.973,0.0,33.351,1
1785856453,706136475,123.089,2.798,125.766,0.0,66.693,1
1785856453,772829346,96.372,2.562,98.815,0.0,33.346,1
1785856453,839521973,88.629,2.063,90.592,0.0,33.346,1
1785856453,906214111,88.041,2.068,90.015,0.0,33.346,1
1785856453,972905762,90.439,2.111,92.441,0.0,33.346,1
1785856454,39596924,91.168,2.0,93.07,0.0,33.346,1
1785856454,106287842,87.089,2.102,89.095,0.0,33.345,1
1785856454,172978516,88.58,2.795,90.778,0.0,0.0,1
1785856454,239668457,89.956,2.273,92.12,0.0,33.345,1
1785856454,306358154,90.033,2.026,91.955,0.0,33.345,1
1785856454,373047607,87.75,1.981,89.635,33.344,33.344,1
1785856454,439736572,86.436,1.99,88.333,0.0,0.0,1
1785856454,506425049,87.694,2.056,89.651,33.344,33.344,1
1785856454,573113037,87.636,2.084,89.616,0.0,33.344,1
1785856454,639800781,87.423,2.285,89.604,0.0,0.0,1
1785856454,673144531,109.523,2.212,111.571,-33.344,33.344,1
1785856454,739835938,99.672,10.177,109.695,0.0,33.347,1
1785856454,806530518,90.372,2.955,93.221,0.0,33.347,1
1785856454,873224854,87.756,1.999,89.654,0.0,33.347,1
1785856454,939918945,88.796,2.059,90.753,0.0,33.347,1
1785856455,6612549,88.689,2.051,90.645,0.0,33.346,1
1785856455,73305664,89.708,2.292,91.9,0.0,33.346,1
1785856455,139998535,87.938,2.057,89.89,0.0,33.346,1
1785856455,206691162,90.701,2.145,92.745,0.0,33.346,1
1785856455,273383301,90.851,2.057,92.812,0.0,33.346,1
1785856455,340075195,91.181,2.147,93.225,0.0,33.346,1
1785856455,406766846,88.072,1.983,89.959,0.0,33.345,1
1785856455,473458008,89.398,2.01,91.309,0.0,33.345,1
1785856455,540148682,89.407,2.125,91.392,0.0,33.345,1
1785856455,606839111,90.02,2.207,92.075,0.0,33.345,1
1785856455,673529297,94.5,3.535,97.824,0.0,33.345,1
1785856455,706874512,133.524,3.574,136.983,0.0,66.694,1
1785856455,773568359,120.355,2.411,122.629,0.0,66.693,1
1785856455,840261719,93.242,2.227,95.369,0.0,33.347,1
1785856455,906954834,89.977,2.245,92.122,0.0,33.346,1
1785856455,973647705,90.986,2.155,93.032,0.0,33.346,1
1785856456,40340088,87.916,2.044,89.862,0.0,0.0,1
1785856456,107031982,88.32,2.0,90.22,0.0,33.346,1
1785856456,173723633,92.002,2.278,94.18,0.0,33.346,1
1785856456,240414795,87.604,2.375,89.87,-33.345,33.345,1
1785856456,307105713,90.781,2.231,92.913,0.0,33.345,1
1785856456,373796143,88.552,2.257,90.687,33.345,33.345,1
1785856456,440486084,87.955,2.261,90.023,0.0,33.345,1
1785856456,507176025,88.302,2.112,90.3,0.0,33.344,1
1785856456,573865234,87.475,1.983,89.366,33.344,33.344,1
1785856456,640554199,88.557,2.135,90.591,0.0,33.344,1
1785856456,707242920,94.53,2.198,96.612,0.0,33.426,1
1785856456,740669189,134.236,5.004,139.105,0.0,66.854,1
1785856456,807523193,123.099,2.854,125.841,0.0,66.855,1
1785856456,874378662,99.382,2.652,101.885,0.0,33.428,1
1785856456,907806885,124.057,2.089,126.04,0.0,66.858,1
1785856456,974665039,95.454,2.091,97.439,0.0,33.43,1
1785856457,41524658,93.896,2.066,95.863,0.0,33.43,1
1785856457,108385986,88.282,2.057,90.241,0.0,33.431,1
1785856457,175249023,95.355,4.762,99.984,0.0,33.432,1
1785856457,208681152,106.476,3.554,109.906,0.0,33.433,1
1785856457,308980225,88.567,2.039,90.51,0.0,33.434,1
1785856457,375848389,87.806,2.203,89.904,0.0,33.435,1
1785856457,442718018,89.987,2.058,91.947,0.0,33.436,1
1785856457,509589355,87.187,2.117,89.204,0.0,33.436,1
1785856457,576462402,88.324,2.152,90.376,0.0,33.437,1
1785856457,643337158,87.061,2.142,89.087,0.0,33.438,1
1785856457,743551270,91.153,2.211,93.248,0.0,33.34,1
1785856457,776890869,122.441,2.129,124.458,0.0,66.678,1
1785856457,843569092,93.538,2.182,95.618,0.0,33.339,1
1785856457,910246826,88.921,2.027,90.854,0.0,33.339,1
1785856457,976924072,89.372,2.26,91.52,0.0,33.338,1
1785856458,43600586,92.059,2.058,94.008,0.0,33.338,1
1785856458,110276367,87.787,2.247,89.934,0.0,33.338,1
1785856458,176951660,88.338,2.269,90.513,0.0,0.0,1
1785856458,243626221,89.946,2.378,92.219,0.0,33.337,1
1785856458,310300049,95.713,2.165,97.765,0.0,33.337,1
1785856458,343636719,98.314,2.624,100.756,0.0,33.337,1
1785856458,410309814,87.794,2.196,89.886,0.0,33.336,1
1785856458,476982178,88.844,2.162,90.907,0.0,33.336,1
1785856458,543653809,86.239,2.076,88.217,0.0,33.335,1
1785856458,610324707,87.182,2.234,89.316,0.0,33.335,1
1785856458,676995117,86.905,2.177,88.977,0.0,33.336,1
1785856458,743670410,93.187,6.591,99.343,0.0,33.339,1
1785856458,777009766,124.965,2.0,126.867,0.0,66.678,1
1785856458,843688232,93.022,2.196,95.116,0.0,33.339,1
1785856458,910366211,90.739,2.177,92.753,33.339,33.339,1
1785856458,977043213,91.137,2.552,93.588,0.0,33.338,1
1785856459,43719727,92.388,2.139,94.428,0.0,33.338,1
1785856459,143733398,90.215,2.111,92.223,0.0,33.338,1
1785856459,210408447,92.277,2.211,94.384,0.0,33.337,1
1785856459,277082520,90.258,2.053,92.21,0.0,33.337,1
1785856459,343756348,87.918,2.069,89.887,0.0,33.336,1
1785856459,410429199,88.909,2.038,90.843,0.0,33.336,1
1785856459,477101563,89.258,2.072,91.229,0.0,33.336,1
1785856459,543773438,89.893,2.067,91.86,33.335,33.335,1
1785856459,610444336,89.431,2.084,91.414,0.0,33.335,1
1785856459,677114990,88.735,2.262,90.891,0.0,33.335,1
1785856459,743789795,92.592,6.492,98.965,0.0,33.339,1
1785856459,777128906,124.58,2.939,127.374,0.0,66.678,1
1785856459,843806641,99.865,2.851,102.571,0.0,33.339,1
1785856459,943822266,88.866,2.096,90.864,0.0,33.338,1
1785856460,10498535,89.761,2.067,91.727,0.0,33.338,1
1785856460,77174316,90.548,2.458,92.901,0.0,33.337,1
1785856460,143849121,86.694,2.093,88.673,0.0,0.0,1
1785856460,210523682,90.664,2.165,92.729,0.0,0.0,1
1785856460,277197266,91.372,2.081,93.341,0.0,33.337,1
1785856460,343870361,89.318,2.053,91.274,33.336,33.336,1
1785856460,410542725,88.627,2.003,90.533,0.0,33.336,1
1785856460,477214600,89.231,2.084,91.195,0.0,33.335,1
1785856460,543885498,90.718,2.018,92.629,0.0,33.335,1
1785856460,610556152,88.567,2.037,90.506,0.0,33.335,1
1785856460,677225830,89.183,2.279,91.338,0.0,33.335,1
1785856460,743943848,93.579,4.674,98.127,0.0,33.383,1
1785856460,777327148,108.95,3.03,111.82,0.0,33.384,1
1785856460,844094971,94.439,2.156,96.485,0.0,33.385,1
1785856460,910864258,89.687,2.14,91.729,0.0,33.385,1
1785856460,977635498,94.068,2.125,96.094,0.0,33.386,1
1785856461,44408203,92.989,2.195,95.087,0.0,33.387,1
1785856461,111182617,89.515,2.122,91.539,0.0,33.388,1
1785856461,177958740,95.977,2.15,98.028,0.0,33.388,1
1785856461,244736328,90.884,2.212,92.982,0.0,33.389,1
1785856461,311515625,90.281,2.036,92.218,0.0,33.39,1
1785856461,378296631,88.008,2.093,90.002,0.0,33.391,1
1785856461,445079346,90.182,2.025,92.109,0.0,33.392,1
1785856461,511863525,87.807,2.083,89.787,0.0,33.393,1
1785856461,578649658,87.745,2.238,89.882,0.0,33.394,1
1785856461,645437256,90.475,2.589,92.955,-33.394,33.394,1
1785856461,712225586,94.124,2.647,96.653,33.347,33.347,1
1785856461,745572754,132.153,2.901,134.887,0.0,66.694,1
1785856461,812266846,125.431,2.032,127.358,0.0,33.347,1
1785856461,845613770,130.653,3.645,134.084,0.0,66.694,1
1785856461,912307373,116.261,2.222,118.388,0.0,66.693,1
1785856461,979000488,102.124,2.255,104.247,0.0,33.346,1
1785856462,12346924,148.351,2.497,150.723,0.0,66.693,1
1785856462,45693359,167.221,2.307,169.399,0.0,100.038,1
1785856462,145731689,124.243,5.483,129.511,0.0,33.346,1
1785856462,179077881,125.295,2.418,127.587,0.0,0.0,1
1785856462,279115234,89.297,2.146,91.335,0.0,33.345,1
1785856462,379151611,95.3,2.477,97.669,0.0,33.345,1
1785856462,412497070,157.584,2.376,159.847,0.0,66.69,1
1785856462,512532471,109.874,5.465,114.996,33.345,33.345,1
1785856462,545877441,131.171,2.516,133.564,0.0,66.69,1
1785856462,612567139,129.514,2.414,131.807,0.0,66.689,1
1785856462,679256348,128.16,2.766,130.808,0.0,66.706,1
1785856462,745962646,104.357,2.911,107.081,0.0,33.361,1
1785856462,812685547,103.566,5.031,108.447,0.0,33.362,1
1785856462,846047119,139.445,3.543,142.865,0.0,66.723,1
1785856462,912770508,119.423,2.648,121.95,0.0,33.362,1
1785856462,946132568,135.697,2.759,138.289,0.0,0.0,1
1785856463,12856445,127.317,2.621,129.81,33.362,66.725,1
1785856463,46218750,134.641,2.761,137.275,0.0,66.725,1
1785856463,146305908,94.367,2.128,96.396,0.0,33.363,1
1785856463,213031006,95.615,2.342,97.841,-33.363,33.363,1
1785856463,279756592,95.374,2.101,97.374,0.0,33.363,1
1785856463,346482666,91.454,2.137,93.492,0.0,33.363,1
1785856463,413208984,88.451,2.048,90.356,0.0,33.363,1
1785856463,479935547,88.293,1.966,90.167,0.0,33.364,1
1785856463,546662598,87.73,2.003,89.635,0.0,33.364,1
1785856463,613390137,91.959,2.249,94.06,0.0,33.364,1
1785856463,680117920,95.938,2.159,97.991,0.0,33.364,1
1785856463,713481934,126.192,2.557,128.627,0.0,66.699,1
1785856463,780180908,108.8,4.047,112.707,0.0,33.349,1
1785856463,813530273,127.167,3.553,130.592,0.0,66.699,1
1785856463,880229004,117.001,2.423,119.3,0.0,66.698,1
1785856463,913578125,125.542,2.966,128.375,-33.349,66.698,1
1785856463,980276367,99.351,3.114,102.277,0.0,33.349,1
1785856464,46974121,93.649,2.252,95.79,0.0,33.349,1
1785856464,113671631,87.515,1.979,89.398,-33.349,33.349,1
1785856464,180369141,91.705,2.143,93.683,0.0,33.348,1
1785856464,247065918,87.629,2.461,89.976,0.0,33.349,1
1785856464,313762695,87.587,2.108,89.56,0.0,33.348,1
1785856464,380459229,87.58,2.051,89.529,0.0,33.348,1
1785856464,447155273,90.552,2.214,92.666,0.0,33.348,1
1785856464,513851074,87.288,2.269,89.39,0.0,33.348,1
1785856464,580546631,87.365,2.305,89.552,0.0,33.348,1
1785856464,647241943,91.425,2.679,93.999,0.0,33.348,1
1785856464,713937256,91.014,2.15,93.064,0.0,33.35,1
1785856464,780636719,88.327,2.233,90.463,0.0,33.35,1
1785856464,847335938,89.759,2.171,91.819,0.0,33.349,1
1785856464,914034668,88.275,2.054,90.228,0.0,33.349,1
1785856464,980733398,94.965,2.593,97.42,0.0,33.349,1
1785856465,14082520,106.324,10.394,116.192,0.0,33.349,1
1785856465,80780518,91.179,2.186,93.266,0.0,33.349,1
1785856465,147478516,90.339,2.28,92.444,0.0,33.349,1
1785856465,214176025,89.116,2.243,91.247,0.0,33.349,1
1785856465,280873291,88.17,2.059,90.131,0.0,33.349,1
1785856465,347570313,89.1,2.252,91.162,0.0,33.348,1
1785856465,414267090,87.587,2.104,89.593,0.0,33.348,1
1785856465,480963379,90.479,1.999,92.385,0.0,33.348,1
1785856465,547659668,86.458,2.127,88.486,0.0,0.0,1
1785856465,614355469,92.957,2.458,95.305,0.0,33.348,1
1785856465,681051025,89.758,2.269,91.918,0.0,33.348,1
1785856465,747825195,93.022,2.384,95.294,0.0,33.427,1
1785856465,814678955,90.283,2.26,92.441,0.0,33.427,1
1785856465,881534424,87.959,2.586,90.434,0.0,33.428,1
1785856465,914962891,106.282,3.103,109.258,0.0,33.429,1
1785856465,981820801,94.688,2.148,96.688,0.0,33.43,1
1785856466,48680420,90.408,2.205,92.505,0.0,33.43,1
1785856466,115541748,90.487,2.117,92.504,0.0,33.431,1
1785856466,182405029,88.52,1.988,90.41,0.0,0.0,1
1785856466,249269775,88.377,2.227,90.494,0.0,33.433,1
1785856466,316135986,88.661,2.035,90.595,0.0,33.434,1
1785856466,383004150,89.958,2.107,91.965,0.0,33.435,1
1785856466,449874023,90.968,2.063,92.929,-33.435,33.436,1
1785856466,516745605,89.707,2.036,91.646,0.0,33.436,1
1785856466,583618652,86.421,2.191,88.514,0.0,33.437,1
1785856466,650493652,89.968,2.555,92.412,0.0,33.438,1
1785856466,717368408,92.025,2.216,94.14,0.0,33.363,1
1785856466,784155518,95.119,3.169,98.145,0.0,33.424,1
1785856466,817579834,121.183,3.557,124.607,0.0,66.85,1
1785856466,884429443,117.547,2.173,119.61,0.0,66.851,1
1785856466,951280518,98.423,3.455,101.753,0.0,33.426,1
1785856467,51560303,89.356,2.147,91.404,0.0,0.0,1
1785856467,118415283,86.201,2.085,88.157,0.0,33.428,1
1785856467,185271973,92.732,2.246,94.88,0.0,33.429,1
1785856467,218700928,115.945,5.848,121.679,0.0,33.429,1
1785856467,285559814,109.527,4.405,113.75,-33.43,-33.43,1
1785856467,318989746,121.786,2.232,123.898,33.431,66.861,1
1785856467,385851074,92.106,2.025,94.029,0.0,33.431,1
1785856467,452713867,86.711,2.114,88.715,0.0,33.432,1
1785856467,519578369,85.296,2.089,87.248,0.0,33.433,1
1785856467,586444092,85.603,2.114,87.621,0.0,33.434,1
1785856467,653311523,88.055,2.313,90.218,0.0,33.434,1
1785856467,686745850,129.472,3.17,132.502,0.0,66.868,1
1785856467,753614014,115.543,3.546,118.873,0.0,66.669,1
1785856467,820282959,96.408,3.113,99.216,0.0,33.334,1
1785856467,886951172,87.122,2.143,89.167,0.0,33.334,1
1785856467,953618408,88.231,2.248,90.37,0.0,33.333,1
1785856467,986951904,112.223,2.426,114.535,0.0,66.666,1
1785856468,53617920,92.674,2.711,95.261,0.0,33.333,1
1785856468,120283203,88.463,2.086,90.442,0.0,33.332,1
1785856468,186947510,88.468,2.146,90.522,0.0,33.332,1
1785856468,286942871,85.272,2.205,87.377,0.0,33.331,1
1785856468,353605225,84.279,2.087,86.265,0.0,0.0,1
1785856468,420266846,87.557,1.997,89.459,0.0,33.33,1
1785856468,486927490,84.521,2.235,86.657,0.0,33.33,1
1785856468,553587402,86.343,2.218,88.453,0.0,33.33,1
1785856468,620246582,89.534,2.08,91.516,0.0,33.329,1
1785856468,686904785,93.325,13.133,106.343,0.0,33.329,1
1785856468,786900879,87.127,2.24,89.27,0.0,33.337,1
1785856468,853575195,84.167,2.278,86.349,0.0,33.337,1
1785856468,920249268,84.958,2.224,87.066,0.0,33.337,1
1785856468,986922363,86.388,2.032,88.317,0.0,0.0,1
1785856469,53594971,89.373,2.088,91.363,0.0,33.336,1
1785856469,120266846,87.953,2.138,89.991,0.0,33.336,1
1785856469,186937988,87.169,2.366,89.43,0.0,33.335,1
1785856469,253608398,84.853,2.32,87.06,0.0,33.335,1
1785856469,320278320,86.279,2.183,88.363,0.0,33.335,1
1785856469,386947510,83.779,2.021,85.708,33.334,33.334,1
1785856469,453615967,87.521,2.067,89.49,0.0,33.334,1
1785856469,520283936,83.648,2.065,85.609,33.334,33.334,1
1785856469,586951172,88.696,2.211,90.774,0.0,33.333,1
1785856469,653617676,86.207,2.329,88.424,0.0,0.0,1
1785856469,686950684,126.312,3.518,129.711,33.333,66.666,1
1785856469,753616943,104.9,4.075,108.845,0.0,33.335,1
1785856469,786951660,120.185,3.098,123.153,0.0,66.669,1
1785856469,853620605,96.809,2.503,99.187,0.0,33.334,1
1785856469,920288574,87.662,2.025,89.588,0.0,33.334,1
1785856469,986955811,97.246,4.668,101.729,0.0,33.333,1
1785856470,20289063,123.485,2.339,125.7,0.0,66.666,1
1785856470,86955078,94.026,2.102,96.023,0.0,33.333,1
1785856470,153620361,88.38,2.081,90.36,0.0,33.332,1
1785856470,220284912,88.771,2.099,90.771,0.0,33.332,1
1785856470,286948486,87.943,2.057,89.901,0.0,33.331,1
1785856470,353611084,91.133,2.595,93.602,0.0,33.331,1
1785856470,386942139,110.849,3.188,113.578,0.0,33.331,1
1785856470,420273193,118.501,2.142,120.547,0.0,66.661,1
1785856470,520264404,85.225,2.044,87.139,0.0,33.33,1
1785856470,586924316,87.062,2.092,89.057,0.0,33.33,1
1785856470,653583496,88.83,2.079,90.811,0.0,33.329,1
1785856470,720241699,91.681,2.545,94.04,0.0,33.33,1
1785856470,786906250,89.678,2.116,91.685,0.0,33.335,1
1785856470,853575684,87.547,2.319,89.748,0.0,33.334,1
1785856470,920244141,86.593,2.123,88.618,0.0,33.334,1
1785856470,986912109,89.213,2.269,91.375,0.0,33.333,1
1785856471,20245605,120.335,2.414,122.626,0.0,66.667,1
1785856471,86912109,98.578,4.438,102.858,0.0,33.333,1
1785856471,120245117,122.787,2.399,125.067,0.0,66.665,1
1785856471,186910400,110.793,5.167,115.856,0.0,33.333,1
1785856471,220242920,119.243,3.375,122.467,0.0,66.664,1
1785856471,286906982,94.472,2.068,96.437,0.0,33.332,1
1785856471,353570313,89.869,2.242,91.827,0.0,33.331,1
1785856471,420232666,86.89,2.053,88.843,0.0,33.331,1
1785856471,486894531,87.424,2.095,89.421,0.0,33.331,1
1785856471,553555420,86.111,1.987,88.005,0.0,33.33,1
1785856471,620215332,87.06,2.173,89.133,0.0,33.33,1
1785856471,686874756,91.623,2.331,93.838,0.0,33.329,1
1785856471,753533936,94.747,2.189,96.823,0.0,33.353,1
1785856471,820239502,96.152,2.545,98.308,0.0,33.353,1
1785856471,886944580,88.543,2.069,90.516,0.0,33.353,1
1785856471,953649658,89.566,2.069,91.538,0.0,33.352,1
1785856472,20354004,87.916,2.455,90.249,-33.352,33.352,1
1785856472,53706299,101.434,3.334,104.627,0.0,33.352,1
1785856472,120410156,88.834,2.109,90.839,0.0,33.352,1
1785856472,187114014,87.948,2.126,89.976,0.0,0.0,1
1785856472,253817383,86.724,3.035,89.442,0.0,33.351,1
1785856472,320520264,87.265,2.067,89.234,0.0,33.351,1
1785856472,387222900,86.463,2.006,88.371,0.0,33.351,1
1785856472,453925049,85.99,2.107,87.999,0.0,33.351,1
1785856472,520626953,87.343,2.052,89.296,0.0,33.351,1
1785856472,587328613,88.492,2.095,90.487,0.0,33.351,1
1785856472,654029785,85.506,2.01,87.402,-33.351,-33.351,1
1785856472,720730713,93.048,2.303,95.236,33.351,33.351,1
1785856472,787457764,93.521,2.016,95.44,0.0,33.377,1
1785856472,854211670,89.959,2.266,92.111,0.0,33.378,1
1785856472,920967285,87.467,1.984,89.356,0.0,33.378,1
1785856472,987724121,95.726,2.567,98.167,-33.379,33.379,1
1785856473,21103271,107.636,3.49,111.005,0.0,0.0,1
1785856473,54482666,125.234,2.166,127.299,-33.379,66.76,1
1785856473,154622803,91.777,2.178,93.857,0.0,33.381,1
1785856473,221384766,90.893,2.055,92.85,0.0,33.381,1
1785856473,288147949,88.068,2.115,90.084,0.0,33.382,1
1785856473,354912842,92.847,2.058,94.815,0.0,33.383,1
1785856473,421678955,87.165,2.347,89.408,0.0,33.384,1
1785856473,488446533,87.588,2.148,89.639,-33.384,33.385,1
1785856473,555215576,86.388,2.066,88.356,-33.385,33.385,1
1785856473,621986084,86.252,1.974,88.133,0.0,33.386,1
1785856473,688758057,107.102,3.217,110.191,0.0,33.386,1
1785856473,722144531,130.382,2.441,132.689,0.0,66.806,1
1785856473,788950195,99.41,3.472,102.726,0.0,33.42,1
1785856473,855789795,90.325,2.439,92.658,0.0,33.42,1
1785856473,922631104,86.115,2.239,88.249,0.0,33.421,1
1785856473,989473633,92.234,2.859,94.965,0.0,33.422,1
1785856474,22895508,99.019,3.68,102.509,0.0,33.422,1
1785856474,89740234,90.564,1.995,92.464,0.0,33.423,1
1785856474,156586426,85.891,2.345,88.134,0.0,33.424,1
1785856474,223434082,87.259,2.102,89.261,0.0,33.424,1
1785856474,290282959,87.798,2.046,89.743,0.0,33.425,1
1785856474,357133301,85.504,2.053,87.463,0.0,33.426,1
1785856474,423985107,84.774,2.021,86.696,0.0,33.427,1
1785856474,490838379,84.184,2.037,86.13,0.0,33.427,1
1785856474,557693115,85.512,2.11,87.525,0.0,33.428,1
1785856474,624549072,87.438,2.003,89.345,0.0,33.429,1
1785856474,691406738,87.39,2.183,89.464,0.0,33.429,1
1785856474,758263916,87.264,2.86,89.92,0.0,33.333,1
1785856474,824929932,83.47,2.03,85.404,0.0,33.333,1
1785856474,891594971,86.837,2.214,88.94,0.0,33.332,1
1785856474,958259033,83.985,2.104,85.992,0.0,33.332,1
1785856475,24922363,91.597,2.186,93.632,0.0,33.331,1
1785856475,91584961,84.875,2.091,86.868,0.0,33.331,1
1785856475,158246338,86.951,2.344,89.183,0.0,33.331,1
1785856475,191576904,98.712,2.757,101.345,0.0,33.33,1
1785856475,258237061,94.327,2.521,96.732,0.0,33.33,1
1785856475,324896484,84.422,2.011,86.336,0.0,33.329,1
1785856475,391554932,87.01,2.047,88.954,0.0,33.329,1
1785856475,458212646,85.381,2.154,87.423,0.0,33.328,1
1785856475,524869385,84.5,1.987,86.395,0.0,33.328,1
1785856475,624852783,87.306,2.044,89.207,0.0,33.327,1
1785856475,691507324,87.838,2.385,90.113,0.0,33.327,1
1785856475,758162109,95.299,2.516,97.702,0.0,33.333,1
1785856475,791494873,117.205,2.088,119.194,0.0,33.333,1
1785856475,858159668,106.937,2.82,109.627,-33.332,-33.332,1
1785856475,891491699,121.14,2.865,123.86,33.332,66.663,1
1785856475,958155029,112.832,2.764,115.477,0.0,33.332,1
1785856475,991486572,109.109,2.415,111.404,0.0,33.331,1
1785856476,58148682,90.608,3.205,93.702,33.331,33.331,1
1785856476,124810059,85.566,2.34,87.804,0.0,33.33,1
1785856476,191470459,87.377,2.282,89.56,0.0,33.33,1
1785856476,224800293,111.382,2.611,113.872,0.0,33.33,1
1785856476,258129883,121.139,2.107,123.146,0.0,66.659,1
1785856476,358117432,88.255,2.164,90.297,0.0,33.329,1
1785856476,424774658,85.461,1.991,87.359,0.0,33.328,1
1785856476,491431152,85.801,1.979,87.685,0.0,33.328,1
1785856476,558086670,86.647,2.051,88.597,0.0,33.327,1
1785856476,624741211,85.996,2.119,88.017,0.0,33.327,1
1785856476,691395020,89.396,2.372,91.658,0.0,33.327,1
1785856476,758048828,115.946,2.522,118.347,0.0,33.333,1
1785856476,791381592,132.519,3.178,135.558,0.0,66.665,1
1785856476,858046875,118.821,2.735,121.403,0.0,66.664,1
1785856476,924710938,91.472,2.244,93.607,0.0,33.332,1
1785856476,991374512,90.736,1.979,92.621,0.0,33.331,1
1785856477,58036865,89.971,2.028,91.902,0.0,33.331,1
1785856477,124698486,85.444,2.71,88.05,0.0,33.331,1
1785856477,191359375,89.5,2.312,91.699,0.0,33.33,1
1785856477,224689453,107.242,3.34,110.463,0.0,33.33,1
1785856477,291348877,89.129,2.187,91.204,33.329,33.329,1
1785856477,358007324,87.034,2.084,89.018,0.0,0.0,1
1785856477,424665039,86.912,2.108,88.87,0.0,33.329,1
1785856477,491321777,86.057,2.107,88.068,0.0,33.328,1
1785856477,557977783,85.672,2.258,87.787,0.0,0.0,1
1785856477,624632813,86.171,2.341,88.272,0.0,33.327,1
1785856477,691287109,99.528,8.072,107.48,0.0,33.327,1
1785856477,724613770,133.428,2.511,135.813,0.0,33.327,1
1785856477,791352051,124.99,2.364,127.207,-33.411,66.823,1
1785856477,858174561,107.397,2.681,109.866,0.0,33.412,1
1785856477,891586426,127.366,2.785,129.991,0.0,66.824,1
1785856477,958410645,104.098,9.454,113.419,0.0,33.413,1
1785856478,25236084,93.462,2.124,95.487,0.0,33.413,1
1785856478,92062500,92.579,2.103,94.537,0.0,33.414,1
1785856478,158890137,89.261,2.083,91.246,0.0,33.414,1
1785856478,225718994,86.301,4.453,90.629,0.0,33.415,1
1785856478,259133789,96.512,2.416,98.807,0.0,33.415,1
1785856478,325964355,89.42,2.046,91.364,0.0,33.416,1
1785856478,392795898,85.065,2.114,87.083,0.0,33.416,1
1785856478,459628662,85.049,2.091,87.042,0.0,0.0,1
1785856478,526462646,86.031,2.167,88.062,0.0,33.417,1
1785856478,593297607,85.71,2.061,87.674,0.0,33.418,1
1785856478,660133545,95.11,3.123,98.11,0.0,33.418,1
1785856478,693552002,124.324,3.933,128.139,0.0,66.836,1
1785856478,760388428,96.464,2.377,98.719,0.0,33.325,1
1785856478,827038818,91.731,2.245,93.88,0.0,33.325,1
1785856478,893688232,85.839,1.986,87.733,0.0,33.324,1
1785856478,960336426,86.072,2.798,88.759,0.0,33.324,1
1785856479,26983398,88.816,2.126,90.843,0.0,33.323,1
1785856479,93629395,87.587,2.278,89.765,0.0,33.323,1
1785856479,160274170,86.852,2.12,88.872,0.0,33.322,1
1785856479,226917725,85.385,2.366,87.625,0.0,33.321,1
1785856479,293560059,86.667,2.066,88.635,0.0,33.321,1
1785856479,360201416,87.23,2.176,89.301,0.0,0.0,1
1785856479,426841553,88.538,2.128,90.567,0.0,33.32,1
1785856479,493480713,85.429,2.121,87.449,0.0,0.0,1
1785856479,560118652,89.305,2.079,91.287,0.0,33.318,1
1785856479,626755371,86.015,2.045,87.961,0.0,33.318,1
1785856479,693390869,89.081,2.286,91.259,0.0,0.0,1
1785856479,760026123,92.844,2.172,94.911,33.325,33.325,1
1785856479,826676514,89.032,2.221,91.153,0.0,33.325,1
1785856479,893325684,86.354,2.18,88.433,33.324,33.324,1
1785856479,959973877,88.677,2.324,90.89,0.0,33.323,1
1785856480,26620850,87.814,2.149,89.861,0.0,33.323,1
1785856480,93266602,86.894,2.058,88.856,0.0,33.322,1
1785856480,159911133,86.937,2.098,88.935,0.0,33.322,1
1785856480,226554443,89.149,2.396,91.432,0.0,33.321,1
1785856480,259875732,109.08,2.729,111.689,0.0,0.0,1
1785856480,293196777,123.129,3.162,126.174,33.321,66.641,1
1785856480,359837891,107.47,3.361,110.702,0.0,33.32,1
1785856480,393158203,129.383,3.244,132.502,0.0,66.639,1
1785856480,459797607,105.626,2.885,108.379,0.0,33.319,1
1785856480,559754639,87.379,2.062,89.343,0.0,33.318,1
1785856480,626391113,86.328,2.173,88.405,0.0,33.318,1
1785856480,693026367,104.313,4.138,108.334,0.0,33.317,1
1785856480,726343750,114.266,2.357,116.472,0.0,33.318,1
1785856480,759661621,126.891,2.318,129.097,0.0,66.809,1
1785856480,826470703,96.041,2.209,98.126,0.0,33.405,1
1785856480,893281006,90.842,2.207,92.946,0.0,33.405,1
1785856480,960092041,86.459,3.046,89.397,0.0,33.406,1
1785856481,26904053,86.936,2.169,89.001,0.0,33.406,1
1785856481,93716797,88.975,4.171,93.018,0.0,33.407,1
1785856481,127123535,117.913,2.895,120.58,0.0,0.0,1
1785856481,193937744,94.502,2.105,96.51,33.407,33.407,1
1785856481,260752686,94.412,3.335,97.528,0.0,33.408,1
1785856481,294160645,102.018,3.316,105.08,0.0,33.408,1
1785856481,360977051,88.811,2.251,90.964,0.0,33.408,1
1785856481,427794189,85.868,2.065,87.837,0.0,33.409,1
1785856481,494612305,86.219,2.03,88.15,-33.409,33.409,1
1785856481,561431396,86.245,2.097,88.24,0.0,33.41,1
1785856481,628251465,89.861,2.194,91.956,0.0,33.41,1
1785856481,695072266,92.099,2.199,94.185,0.0,33.411,1
1785856481,761892578,100.51,2.815,103.208,0.0,33.359,1
1785856481,795251953,124.037,2.183,126.112,0.0,66.719,1
1785856481,861971436,101.52,2.94,104.295,0.0,33.36,1
1785856481,895331299,118.301,2.101,120.304,0.0,66.721,1
1785856481,962052002,98.905,2.449,101.197,0.0,33.361,1
1785856481,995412598,111.014,2.241,113.148,0.0,33.361,1
1785856482,62134277,93.524,2.218,95.633,-33.361,33.361,1
1785856482,128856934,87.313,2.133,89.281,0.0,33.362,1
1785856482,195580322,91.472,1.948,93.331,0.0,33.362,1
1785856482,262304443,87.584,2.37,89.836,0.0,33.362,1
1785856482,329029297,86.624,2.301,88.822,0.0,33.363,1
1785856482,362392090,100.608,2.649,103.104,0.0,33.363,1
1785856482,429118408,86.02,2.211,88.131,0.0,33.363,1
1785856482,495845459,87.114,2.061,89.077,0.0,33.364,1
1785856482,562573242,85.182,2.127,87.206,0.0,33.364,1
1785856482,629301758,83.665,2.163,85.731,-33.365,-33.365,1
1785856482,696031250,90.471,2.196,92.496,0.0,33.365,1
1785856482,762761230,92.539,2.375,94.752,0.0,33.371,1
1785856482,829502686,93.769,2.204,95.872,0.0,33.371,1
1785856482,896245361,87.471,2.254,89.55,0.0,33.372,1
1785856482,962989258,88.229,2.195,90.323,0.0,33.373,1
1785856483,29734375,85.933,2.063,87.894,0.0,33.373,1
1785856483,96480957,91.895,2.657,94.433,0.0,33.374,1
1785856483,129854492,103.384,5.111,108.368,0.0,33.374,1
1785856483,163228516,122.249,2.496,124.624,0.0,33.374,1
1785856483,229977295,101.7,5.341,106.898,-33.375,33.375,1
1785856483,263352295,121.419,2.136,123.446,0.0,66.751,1
1785856483,330103027,92.676,2.242,94.767,0.0,33.376,1
1785856483,396854980,88.698,2.109,90.696,0.0,33.376,1
1785856483,463608398,85.477,2.212,87.591,0.0,33.377,1
1785856483,530362793,84.905,2.106,86.847,0.0,33.378,1
1785856483,597118408,84.504,2.072,86.446,0.0,33.378,1
1785856483,663875488,92.258,2.303,94.425,0.0,33.379,1
1785856483,730633545,90.433,2.083,92.418,0.0,33.379,1
1785856483,797346191,86.173,2.117,88.179,0.0,33.333,1
1785856483,864012695,86.919,2.278,89.094,0.0,33.333,1
1785856483,930678223,85.63,1.997,87.53,0.0,33.333,1
1785856483,997343018,87.499,2.103,89.502,0.0,33.332,1
1785856484,64006836,89.953,2.065,91.922,0.0,33.332,1
1785856484,130669678,86.962,2.262,89.116,0.0,33.331,1
1785856484,197331787,86.889,2.296,89.005,0.0,33.331,1
1785856484,263993164,87.019,2.921,89.509,0.0,33.33,1
1785856484,330653564,85.245,2.064,87.205,0.0,0.0,1
1785856484,397312988,93.98,2.777,96.616,0.0,33.33,1
1785856484,430642578,98.068,2.695,100.636,0.0,33.329,1
1785856484,530629639,84.92,2.266,87.089,0.0,33.328,1
1785856484,597286377,87.812,2.076,89.787,0.0,33.328,1
1785856484,663942627,86.069,2.122,88.092,0.0,33.328,1
1785856484,763926025,120.769,3.896,124.551,-33.328,66.772,1
1785856484,830697998,92.964,2.217,95.081,0.0,33.412,1
1785856484,897522217,89.704,2.208,91.803,0.0,33.413,1
1785856484,964347900,87.469,2.189,89.556,0.0,33.413,1
1785856485,31174561,87.889,2.056,89.846,0.0,33.414,1
1785856485,98002197,85.732,2.066,87.699,0.0,33.415,1
1785856485,164831299,84.935,2.637,87.458,0.0,0.0,1
1785856485,231661377,87.483,2.055,89.438,33.416,33.416,1
1785856485,298492676,84.923,2.107,86.917,0.0,33.416,1
1785856485,365325195,84.533,3.027,87.452,0.0,33.417,1
1785856485,432158691,85.196,2.216,87.301,0.0,33.417,1
1785856485,465575928,97.594,3.189,100.651,0.0,33.417,1
1785856485,565829346,84.568,2.432,86.889,0.0,33.418,1
1785856485,632666504,84.135,2.086,86.118,0.0,33.419,1
1785856485,699504639,89.535,2.227,91.654,0.0,33.419,1
1785856485,766343994,88.189,2.474,90.556,0.0,33.419,1
1785856485,833089111,84.344,2.914,87.145,0.0,33.326,1
1785856485,899740723,85.917,2.023,87.841,0.0,33.326,1
1785856485,966391602,83.677,2.059,85.64,0.0,33.325,1
1785856486,33041016,87.915,2.054,89.872,33.324,33.324,1
1785856486,99689453,88.311,2.057,90.265,-33.324,33.324,1
1785856486,166336914,87.202,2.213,89.304,0.0,33.323,1
1785856486,232983154,85.268,2.087,87.256,33.323,33.323,1
1785856486,299628174,88.94,2.033,90.873,0.0,33.322,1
1785856486,366272217,87.383,2.345,89.613,0.0,33.322,1
1785856486,432915039,87.698,2.295,89.887,0.0,33.321,1
1785856486,499556641,85.417,2.067,87.386,0.0,33.321,1
1785856486,566197266,87.163,2.153,89.2,0.0,33.32,1
1785856486,632836914,85.022,2.047,86.969,0.0,33.319,1
1785856486,699475342,93.637,3.668,96.972,0.0,33.319,1
1785856486,732793945,128.903,2.929,131.704,0.0,66.638,1
1785856486,766112549,154.142,2.589,156.604,0.0,99.969,1
1785856486,866081543,97.019,2.562,99.458,0.0,33.325,1
1785856486,932730469,90.236,2.067,92.204,0.0,33.324,1
1785856486,999377930,88.684,2.059,90.643,0.0,33.323,1
1785856487,66024414,85.488,2.257,87.643,33.323,33.323,1
1785856487,132669678,85.98,2.03,87.912,0.0,33.322,1
1785856487,199313965,90.092,2.225,92.217,0.0,33.322,1
1785856487,265957031,87.582,2.509,89.983,0.0,33.321,1
1785856487,332598877,86.315,2.075,88.292,0.0,33.321,1
1785856487,399239502,88.605,2.073,90.579,0.0,33.32,1
1785856487,465879150,86.941,2.269,89.104,0.0,33.319,1
1785856487,499198486,117.725,2.64,120.22,0.0,66.638,1
1785856487,565836426,91.581,2.128,93.594,0.0,33.318,1
1785856487,632473145,89.291,2.123,91.316,0.0,33.318,1
1785856487,699108643,90.462,2.203,92.555,0.0,33.317,1
1785856487,765743164,88.29,2.083,90.27,-33.317,33.318,1
1785856487,832397949,88.59,2.001,90.494,0.0,33.337,1
1785856487,932408203,86.355,2.031,88.289,0.0,33.336,1
1785856487,999081055,87.776,2.147,89.821,0.0,33.336,1
1785856488,65753418,87.368,1.999,89.27,0.0,33.336,1
1785856488,132425049,90.845,1.979,92.732,0.0,33.336,1
1785856488,199096191,92.874,3.095,95.857,0.0,33.335,1
1785856488,265766846,88.68,2.036,90.574,0.0,33.335,1
1785856488,332436768,89.457,2.147,91.505,0.0,33.335,1
1785856488,399106201,86.886,2.181,88.97,0.0,33.334,1
1785856488,465775146,88.803,2.255,90.958,0.0,33.334,1
1785856488,499109375,102.609,2.754,105.247,0.0,33.334,1
1785856488,565777344,92.41,2.186,94.495,0.0,33.334,1
1785856488,665778320,88.387,2.478,90.757,0.0,33.333,1
1785856488,732444824,107.162,2.649,109.531,0.0,33.333,1
1785856488,765777832,123.423,2.598,125.889,0.0,66.662,1
1785856488,832439697,112.105,2.391,114.388,0.0,33.328,1
1785856488,865767822,129.31,2.715,131.903,0.0,66.655,1
1785856488,932423096,108.615,6.083,114.174,0.0,33.327,1
1785856488,965750244,122.093,5.153,125.897,0.0,66.654,1
1785856489,32404053,102.829,5.693,106.666,0.0,33.327,1
1785856489,65730713,122.545,2.31,124.735,0.0,66.652,1
1785856489,132382813,92.312,2.16,94.369,0.0,33.326,1
1785856489,199033936,90.636,2.235,92.763,0.0,33.325,1
1785856489,265684082,89.622,2.019,91.542,0.0,33.325,1
1785856489,332333008,93.163,1.978,95.042,0.0,33.324,1
1785856489,398981201,89.635,2.091,91.608,0.0,33.323,1
1785856489,465627930,93.982,2.448,96.301,0.0,33.323,1
1785856489,498951172,115.679,2.44,118.006,0.0,66.645,1
1785856489,565596436,90.862,2.161,92.926,0.0,33.322,1
1785856489,632240723,88.282,2.143,90.312,0.0,33.322,1
1785856489,698884033,87.974,2.857,90.717,0.0,0.0,1
1785856489,765526123,104.311,6.206,110.399,-33.321,33.322,1
1785856489,798847656,108.862,2.489,111.226,0.0,33.448,1
1785856489,865744141,93.648,2.357,95.89,0.0,33.449,1
1785856489,932643799,89.478,2.206,91.581,0.0,33.451,1
1785856489,999546631,94.459,2.733,97.072,0.0,33.453,1
1785856490,32999268,104.234,3.266,107.185,0.0,33.453,1
1785856490,99906982,93.577,2.062,95.537,0.0,33.455,1
1785856490,166817871,89.016,2.114,91.029,0.0,33.457,1
1785856490,233731934,87.826,2.129,89.812,0.0,33.458,1
1785856490,300649170,86.285,2.129,88.312,0.0,33.46,1
1785856490,367569580,85.836,2.038,87.782,-33.461,33.461,1
1785856490,434493164,85.569,2.056,87.528,-33.462,33.463,1
1785856490,501420166,89.292,2.537,91.725,0.0,33.465,1
1785856490,534884766,120.778,2.432,123.081,0.0,66.932,1
1785856490,601816406,90.147,2.099,92.15,0.0,33.467,1
1785856490,668751221,88.107,2.08,90.081,0.0,33.469,1
1785856490,735689209,88.337,2.458,90.683,0.0,33.47,1
1785856490,769159424,102.977,3.698,106.556,0.0,33.468,1
1785856490,835954590,89.391,2.187,91.476,33.327,33.327,1
1785856490,902607666,86.933,2.036,88.876,0.0,33.326,1
1785856490,969259521,85.992,2.067,87.966,0.0,33.326,1
1785856491,35910400,92.542,2.074,94.518,0.0,33.325,1
1785856491,102560059,86.89,2.116,88.888,0.0,33.324,1
1785856491,169208740,85.219,2.001,87.124,0.0,33.324,1
1785856491,235856201,87.579,2.13,89.59,0.0,33.323,1
1785856491,302502686,86.445,2.07,88.417,0.0,33.323,1
1785856491,369147949,85.296,2.185,87.315,0.0,33.322,1
1785856491,435792236,84.731,2.177,86.81,0.0,33.322,1
1785856491,502435547,88.909,2.259,91.067,0.0,33.321,1
1785856491,569077637,89.195,3.815,92.895,0.0,33.321,1
1785856491,602398193,118.325,2.654,120.852,0.0,66.64,1
1785856491,669038574,92.446,2.368,94.696,0.0,33.32,1
1785856491,735677979,95.498,2.093,97.485,0.0,33.319,1
1785856491,802317139,107.303,2.265,109.449,0.0,33.327,1
1785856491,868970947,96.494,2.881,99.248,0.0,33.326,1
1785856491,935623535,89.686,2.328,91.915,0.0,33.326,1
1785856492,2274902,86.962,2.003,88.869,0.0,33.325,1
1785856492,68925293,87.913,2.23,90.026,0.0,33.325,1
1785856492,135574463,86.311,2.069,88.281,33.324,33.324,1
1785856492,202222656,87.856,2.202,89.948,0.0,33.324,1
1785856492,268869873,90.313,4.49,94.691,0.0,33.323,1
1785856492,335515869,89.638,2.073,91.611,0.0,33.323,1
1785856492,402160645,86.823,2.358,89.082,0.0,33.322,1
1785856492,468804688,89.007,2.502,91.357,0.0,33.321,1
1785856492,535447266,86.991,2.176,89.067,0.0,33.321,1
1785856492,602088867,85.904,2.423,88.192,0.0,33.321,1
1785856492,668729492,88.259,2.438,90.569,0.0,33.32,1
1785856492,735368896,105.021,4.463,108.58,0.0,33.319,1
1785856492,768688232,121.386,2.8,123.973,0.0,66.726,1
1785856492,835414307,104.038,3.989,107.885,0.0,33.406,1
1785856492,868820801,120.302,2.445,122.591,0.0,66.814,1
1785856492,935634521,91.884,2.334,94.116,0.0,33.407,1
1785856493,2449219,103.678,3.56,107.015,0.0,33.408,1
1785856493,35856934,120.108,2.603,122.583,0.0,33.408,1
1785856493,102672852,117.262,2.412,119.552,-33.408,33.408,1
1785856493,136081299,111.963,2.831,114.673,0.0,0.0,1
1785856493,202898926,97.827,2.828,100.533,0.0,33.409,1
1785856493,269717285,88.768,2.292,90.956,0.0,33.409,1
1785856493,336536621,86.779,2.505,89.178,-33.41,33.41,1
1785856493,403356934,85.708,2.242,87.836,0.0,33.41,1
1785856493,470178223,86.703,2.034,88.638,0.0,33.411,1
1785856493,537000488,85.489,2.419,87.797,0.0,33.411,1
1785856493,603823486,93.623,2.105,95.626,0.0,33.412,1
1785856493,637235596,121.729,2.515,124.109,0.0,33.412,1
1785856493,670647705,144.469,2.558,146.875,0.0,66.825,1
1785856493,737472656,164.023,3.693,167.589,0.0,100.187,1
1785856493,837659180,125.651,2.474,127.997,0.0,66.724,1
1785856493,904383545,109.936,3.986,113.788,0.0,33.363,1
1785856493,937746094,151.288,2.259,153.436,0.0,100.089,1
1785856494,4471924,133.548,3.05,136.408,0.0,66.727,1
1785856494,71198486,123.028,2.458,125.298,0.0,66.728,1
1785856494,137926025,101.637,2.987,104.424,0.0,33.364,1
1785856494,204654541,103.954,10.538,106.391,0.0,33.365,1
1785856494,271383789,87.474,2.024,89.401,0.0,33.365,1
1785856494,338114014,86.635,2.429,88.9,0.0,33.365,1
1785856494,404845215,87.158,2.636,89.545,-33.366,33.366,1
1785856494,471577148,86.257,2.462,88.617,0.0,33.366,1
1785856494,538310303,85.599,2.16,87.643,0.0,33.367,1
1785856494,605044189,87.139,2.086,89.126,0.0,33.367,1
1785856494,671778809,96.126,2.517,98.491,0.0,33.368,1
1785856494,705146484,127.173,2.244,129.298,0.0,33.368,1
1785856494,771882813,119.841,2.605,122.25,33.368,66.716,1
1785856494,838599121,91.128,2.057,93.079,0.0,33.348,1
1785856494,905294922,87.776,2.448,90.113,0.0,33.348,1
1785856494,971990234,86.373,2.328,88.583,0.0,33.347,1
1785856495,38685059,84.382,2.171,86.455,33.347,33.347,1
1785856495,105379150,92.151,2.542,94.567,0.0,33.347,1
1785856495,138726074,119.909,3.016,122.801,0.0,66.693,1
1785856495,205419434,104.15,7.361,111.379,0.0,33.347,1
1785856495,238766113,119.955,2.811,122.649,0.0,0.0,1
1785856495,305458496,94.024,2.794,96.704,33.346,33.346,1
1785856495,372150635,94.947,2.372,97.201,0.0,33.346,1
1785856495,438842041,85.3,2.339,87.536,0.0,33.345,1
1785856495,505532959,86.825,2.101,88.827,0.0,33.345,1
1785856495,572223389,87.451,2.102,89.454,0.0,33.345,1
1785856495,638913330,88.403,2.542,90.839,0.0,33.345,1
1785856495,705602539,93.866,2.279,96.035,0.0,33.344,1
1785856495,738947021,120.46,2.675,123.021,0.0,66.689,1
1785856495,772291260,154.694,2.96,157.54,0.0,100.14,1
1785856495,872431641,91.043,2.414,93.353,0.0,33.438,1
1785856495,939307129,90.922,2.174,92.993,0.0,33.438,1
1785856496,6184570,86.202,2.094,88.2,0.0,33.439,1
1785856496,73063477,87.942,2.294,90.119,0.0,33.44,1
1785856496,139944092,87.897,2.019,89.815,0.0,33.441,1
1785856496,206826660,89.339,2.61,91.838,0.0,33.442,1
1785856496,273710693,84.729,2.486,87.106,0.0,33.443,1
1785856496,340596680,84.636,2.603,87.138,0.0,33.444,1
1785856496,407484131,84.966,2.139,87.013,0.0,33.445,1
1785856496,474373535,86.91,2.082,88.893,0.0,33.445,1
1785856496,541264404,86.156,2.646,88.695,0.0,33.446,1
1785856496,608157227,86.45,2.103,88.455,0.0,33.447,1
1785856496,675051758,87.815,2.198,89.908,0.0,33.448,1
1785856496,741947998,91.278,2.188,93.354,0.0,33.449,1
1785856496,842293213,89.39,2.042,91.332,0.0,33.357,1
1785856496,909008301,86.229,2.155,88.286,0.0,0.0,1
1785856497,9082275,85.377,2.072,87.353,0.0,33.358,1
1785856497,75799316,85.635,2.483,88.006,0.0,33.359,1
1785856497,142516846,83.826,2.25,85.797,0.0,33.359,1
1785856497,209235352,84.143,2.156,86.173,0.0,33.36,1
1785856497,275954590,85.207,2.273,87.371,0.0,33.36,1
1785856497,342674561,85.947,2.215,88.057,0.0,33.36,1
1785856497,409395264,83.602,2.114,85.618,0.0,33.361,1
1785856497,476116699,84.102,2.236,86.239,0.0,33.361,1
1785856497,542838867,82.642,2.352,84.896,0.0,33.361,1
1785856497,609561768,82.681,2.044,84.631,-33.362,33.362,1
1785856497,676285645,83.94,2.149,85.983,0.0,33.362,1
1785856497,743010010,88.472,2.341,90.7,0.0,0.0,1
1785856497,809735352,90.625,2.393,92.821,0.0,33.363,1
1785856497,843098389,122.714,2.496,125.09,0.0,66.642,1
1785856497,909740723,102.298,3.089,105.253,0.0,33.321,1
1785856497,943061523,119.685,2.34,121.905,0.0,66.641,1
1785856498,9702148,99.243,2.877,101.993,0.0,33.32,1
1785856498,43021973,116.444,2.317,118.653,0.0,66.639,1
1785856498,109660645,107.948,2.369,110.186,0.0,33.319,1
1785856498,142979492,127.039,5.473,132.381,0.0,66.637,1
1785856498,209616211,115.547,2.121,117.57,0.0,66.635,1
1785856498,276251709,93.437,3.649,96.934,0.0,0.0,1
1785856498,309569092,125.712,2.225,127.812,33.317,66.634,1
1785856498,376202637,107.27,3.492,110.625,0.0,33.316,1
1785856498,409518799,122.586,2.508,124.929,0.0,66.632,1
1785856498,476150391,98.229,2.073,100.202,0.0,33.315,1
1785856498,542780762,90.903,2.082,92.886,0.0,33.315,1
1785856498,609409668,85.693,2.06,87.657,-33.314,33.314,1
1785856498,676037598,88.627,2.346,90.865,0.0,33.313,1
1785856498,742664063,88.486,2.27,90.633,0.0,33.313,1
1785856498,809289063,86.663,2.015,88.577,0.0,33.313,1
1785856498,875924805,86.722,2.104,88.722,0.0,33.322,1
1785856498,942568604,84.557,2.036,86.498,33.322,33.322,1
1785856499,9211426,85.446,2.25,87.596,0.0,33.321,1
1785856499,75852783,87.596,5.707,93.197,0.0,33.32,1
1785856499,142492920,85.256,2.013,87.171,0.0,33.32,1
1785856499,209131592,88.672,2.284,90.855,0.0,33.319,1
1785856499,275769287,84.499,1.987,86.388,0.0,33.318,1
1785856499,342405762,85.679,2.153,87.733,0.0,33.318,1
1785856499,409040771,87.234,2.164,89.293,33.317,33.317,1
1785856499,475674805,84.634,2.164,86.697,0.0,33.316,1
1785856499,542307373,86.429,2.319,88.561,0.0,33.316,1
1785856499,608938721,88.256,2.072,90.228,0.0,33.315,1
1785856499,675569092,86.966,2.007,88.83,0.0,33.314,1
1785856499,742197998,89.385,2.109,91.361,33.314,33.314,1
1785856499,808825684,89.622,2.576,92.089,0.0,33.314,1
1785856499,842140137,112.15,2.714,114.739,0.0,66.643,1
1785856499,875461914,121.526,2.138,123.567,0.0,66.643,1
1785856499,975425781,87.594,2.222,89.707,0.0,33.321,1
1785856500,42066650,88.194,2.038,90.133,0.0,33.32,1
1785856500,108706543,88.367,2.338,90.595,0.0,33.319,1
1785856500,175344971,88.375,2.093,90.368,0.0,33.319,1
1785856500,241982178,87.906,2.056,89.86,0.0,33.318,1
1785856500,308617920,85.276,1.994,87.174,-33.318,33.318,1
1785856500,375252686,88.371,2.088,90.36,0.0,33.317,1
1785856500,441885986,87.321,2.052,89.272,0.0,33.316,1
1785856500,508518066,89.364,2.037,91.308,0.0,33.316,1
1785856500,575148926,87.719,2.112,89.731,0.0,33.315,1
1785856500,675093018,92.455,4.402,96.74,0.0,33.314,1
1785856500,708406982,125.509,2.155,127.552,0.0,66.627,1
1785856500,775033936,96.152,2.62,98.653,0.0,0.0,1
1785856500,841660889,93.71,2.746,96.305,0.0,33.365,1
1785856500,875025635,119.008,1.982,120.899,0.0,66.73,1
1785856500,941755859,101.067,7.459,108.38,0.0,33.365,1
1785856500,975121338,126.044,2.145,128.083,0.0,66.732,1
1785856501,41853271,94.008,2.186,96.023,0.0,33.366,1
1785856501,108586182,89.488,2.063,91.454,0.0,33.367,1
1785856501,175320068,87.762,2.066,89.732,0.0,33.367,1
1785856501,242054932,90.507,2.117,92.513,33.368,33.368,1
1785856501,308790771,86.626,2.14,88.652,0.0,33.368,1
1785856501,375527588,89.069,2.125,91.077,-33.369,33.369,1
1785856501,442265381,91.201,2.307,93.409,0.0,33.369,1
1785856501,509004395,86.922,2.036,88.863,0.0,33.37,1
1785856501,575744141,85.974,2.036,87.912,0.0,33.37,1
1785856501,642485107,92.531,2.122,94.549,0.0,33.371,1
1785856501,709227051,90.423,2.331,92.642,0.0,33.371,1
1785856501,775969971,95.531,2.51,97.888,0.0,33.372,1
1785856501,809341797,120.393,2.554,122.826,0.0,66.702,1
1785856501,842713623,136.697,4.201,140.768,0.0,66.659,1
1785856501,942702393,93.736,2.081,95.72,0.0,33.329,1
1785856502,9360107,91.804,2.053,93.76,0.0,33.329,1
1785856502,76017090,87.997,2.324,90.127,0.0,33.328,1
1785856502,142673096,88.326,1.998,90.23,0.0,33.328,1
1785856502,209327881,91.366,2.066,93.342,0.0,33.327,1
1785856502,275981934,89.829,2.585,92.301,0.0,33.327,1
1785856502,342635010,86.358,2.434,88.674,0.0,33.326,1
1785856502,409286865,87.251,2.144,89.297,0.0,33.326,1
1785856502,475937988,89.067,2.154,91.115,0.0,33.325,1
1785856502,542588135,88.796,2.218,90.828,0.0,33.325,1
1785856502,609237061,87.155,2.907,89.95,0.0,33.324,1
1785856502,675885254,91.915,2.06,93.873,0.0,33.324,1
1785856502,742532471,93.885,2.236,96.012,0.0,33.323,1
1785856502,809178467,88.52,2.055,90.481,-33.323,33.323,1
1785856502,875831787,90.223,2.191,92.307,0.0,0.0,1
1785856502,942491211,90.349,2.056,92.305,0.0,33.329,1
1785856503,9149170,89.846,2.27,92.007,0.0,33.329,1
1785856503,75806396,90.718,2.261,92.876,0.0,33.328,1
1785856503,142462646,87.473,2.044,89.423,0.0,33.328,1
1785856503,209117920,90.753,2.111,92.758,0.0,33.327,1
1785856503,275772217,93.79,2.16,95.851,0.0,33.327,1
1785856503,342425293,89.72,2.206,91.827,33.326,33.326,1
1785856503,409077637,88.007,2.189,90.099,0.0,33.326,1
1785856503,475728760,88.745,2.132,90.783,0.0,33.325,1
1785856503,542378906,87.741,2.571,90.211,0.0,33.325,1
1785856503,609028320,91.849,2.08,93.823,0.0,33.324,1
1785856503,675676514,95.379,2.203,97.475,0.0,33.324,1
1785856503,742323730,91.683,2.172,93.75,0.0,33.323,1
1785856503,808969971,92.212,2.089,94.201,0.0,33.323,1
1785856503,875702637,89.445,2.469,91.806,0.0,33.409,1
1785856503,942521973,87.937,2.489,90.319,0.0,0.0,1
1785856504,9342041,91.081,2.163,93.144,0.0,33.411,1
1785856504,76163574,94.485,2.184,96.556,0.0,33.411,1
1785856504,142985840,91.881,2.045,93.835,0.0,33.412,1
1785856504,209809570,89.775,2.068,91.742,0.0,33.412,1
1785856504,276634033,89.139,2.082,91.116,0.0,33.413,1
1785856504,376872803,88.349,2.112,90.36,0.0,33.414,1
1785856504,443700195,89.864,2.327,92.083,0.0,33.414,1
1785856504,510528564,91.944,2.234,94.077,0.0,33.415,1
1785856504,577357910,87.154,2.341,89.384,0.0,33.415,1
1785856504,644188477,96.204,2.246,98.331,0.0,33.416,1
1785856504,677604004,128.081,2.258,130.214,0.0,66.832,1
1785856504,744436035,106.442,3.836,110.137,0.0,33.417,1
1785856504,777852539,130.127,3.957,133.953,0.0,66.832,1
1785856504,844684570,92.897,2.161,94.961,0.0,33.323,1
1785856504,911328857,91.925,2.186,94.015,-33.322,33.322,1
1785856504,977971924,90.169,2.133,92.191,33.321,33.321,1
1785856505,11292969,121.856,2.623,124.361,0.0,66.641,1
1785856505,77934082,95.425,3.496,98.805,0.0,33.32,1
1785856505,111254150,119.743,2.566,122.177,0.0,66.639,1
1785856505,177893555,101.041,3.245,104.143,0.0,33.319,1
1785856505,211212646,122.932,2.117,124.941,0.0,66.637,1
1785856505,277850098,92.217,2.634,94.736,0.0,33.318,1
1785856505,344486328,88.681,1.98,90.564,0.0,33.318,1
1785856505,411121338,87.664,1.974,89.546,0.0,33.317,1
1785856505,477754883,87.395,1.979,89.282,0.0,33.316,1
1785856505,544387451,86.449,1.983,88.339,33.316,33.316,1
1785856505,611018555,87.709,2.083,89.689,0.0,33.315,1
1785856505,677648438,90.172,2.525,92.585,0.0,33.315,1
1785856505,744277344,94.328,2.073,96.302,33.314,33.314,1
1785856505,810904785,92.085,2.263,94.178,0.0,33.314,1
1785856505,877583496,87.293,2.21,89.336,0.0,33.365,1
1785856505,944313477,89.021,2.122,91.042,0.0,33.365,1
1785856506,11044189,95.438,3.846,99.149,0.0,33.366,1
1785856506,44410156,124.306,2.075,126.277,0.0,66.732,1
1785856506,111142334,126.379,2.479,128.707,0.0,66.733,1
1785856506,177875732,99.13,2.89,101.896,0.0,33.367,1
1785856506,244610107,94.721,2.193,96.813,0.0,33.368,1
1785856506,311345459,88.901,2.072,90.871,0.0,33.368,1
1785856506,378081787,89.589,2.073,91.559,-33.368,33.369,1
1785856506,444819336,88.7,2.292,90.887,0.0,33.369,1
1785856506,511557617,87.888,2.172,89.964,0.0,33.37,1
1785856506,578296875,86.586,2.186,88.676,0.0,33.37,1
1785856506,645037354,87.415,2.517,89.82,0.0,33.37,1
1785856506,711778564,92.767,2.795,95.45,0.0,33.371,1
1785856506,778520996,105.971,2.702,108.561,0.0,33.372,1
1785856506,845263916,110.377,3.021,113.239,0.0,0.0,1
1785856506,878672363,127.61,2.891,130.372,-33.408,66.818,1
1785856506,945489990,110.013,4.004,113.89,0.0,0.0,1
1785856506,978899170,131.068,2.376,133.325,-33.409,66.819,1
1785856507,45718262,121.456,5.575,126.902,0.0,66.82,1
1785856507,112538574,109.71,3.724,113.3,0.0,33.411,1
1785856507,145949219,125.214,2.491,127.581,0.0,66.822,1
1785856507,212770996,95.113,2.503,97.5,0.0,33.411,1
1785856507,279593750,88.884,2.45,91.22,0.0,33.412,1
1785856507,346417480,87.33,2.27,89.495,0.0,33.412,1
1785856507,413242432,86.888,2.186,88.976,0.0,33.413,1
1785856507,480068359,85.897,2.116,87.92,0.0,33.413,1
1785856507,546895264,89.6,2.234,91.731,0.0,33.414,1
1785856507,613723145,86.228,2.092,88.222,0.0,33.414,1
1785856507,680552246,90.986,2.059,92.943,0.0,33.415,1
1785856507,747382080,96.759,2.521,99.128,0.0,33.416,1
1785856507,780797607,120.934,2.505,123.326,0.0,66.83,1
1785856507,847627686,91.621,2.177,93.677,0.0,33.322,1
1785856507,914271973,91.836,2.176,93.91,0.0,33.322,1
1785856507,980915283,85.733,4.528,90.064,0.0,33.321,1
1785856508,47557129,86.511,2.079,88.452,0.0,0.0,1
1785856508,114197754,95.8,2.757,98.436,0.0,33.32,1
1785856508,147517578,122.582,2.95,125.305,0.0,66.639,1
1785856508,214156250,100.14,5.624,105.504,0.0,33.319,1
1785856508,247475098,124.389,2.483,126.748,0.0,66.637,1
1785856508,314111816,95.597,2.492,97.973,0.0,33.318,1
1785856508,380747314,91.719,2.103,93.724,0.0,33.317,1
1785856508,447381836,87.506,2.15,89.555,0.0,33.317,1
1785856508,514014648,89.287,2.019,91.211,0.0,33.316,1
1785856508,580646484,86.089,2.17,88.16,0.0,33.315,1
1785856508,647277100,88.302,3.703,91.897,0.0,33.315,1
1785856508,713906250,99.646,10.3,109.797,0.0,33.314,1
1785856508,747220459,120.243,2.414,122.53,0.0,66.627,1
1785856508,780534180,136.579,2.427,138.864,0.0,66.628,1
1785856508,847161865,113.626,2.285,115.802,0.0,0.0,1
1785856508,913894287,92.493,2.32,94.66,33.366,33.366,1
1785856508,980627441,85.507,2.462,87.848,-33.367,33.367,1
1785856509,47361816,88.663,2.145,90.644,0.0,33.368,1
1785856509,114097168,91.051,2.63,93.541,0.0,33.368,1
1785856509,147465332,113.418,4.203,117.496,0.0,33.368,1
1785856509,180833740,124.429,2.646,126.953,0.0,66.738,1
1785856509,247571289,105.653,6.702,110.125,0.0,33.369,1
1785856509,280940430,122.802,2.91,125.559,0.0,66.739,1
1785856509,347679443,101.561,3.147,104.502,0.0,0.0,1
1785856509,381049316,121.475,2.553,123.911,-33.37,66.741,1
1785856509,447790039,95.577,2.983,98.434,0.0,33.371,1
1785856509,481160889,112.684,2.373,114.94,0.0,33.371,1
1785856509,514531738,127.278,3.107,130.255,0.0,66.743,1
1785856509,581274658,103.922,3.269,107.015,0.0,33.372,1
1785856509,648018555,93.961,2.173,96.028,0.0,33.372,1
1785856509,714763428,99.982,3.426,103.252,0.0,33.373,1
1785856509,748136230,127.031,3.035,129.947,0.0,66.747,1
1785856509,814882813,107.369,4.443,111.683,0.0,33.373,1
1785856509,848256104,119.45,2.616,121.938,0.0,66.763,1
1785856509,915019531,96.403,2.541,98.828,0.0,33.407,1
1785856509,981834717,91.763,2.174,93.833,0.0,33.408,1
1785856510,48650879,89.701,2.274,91.871,0.0,33.408,1
1785856510,115468018,88.776,2.434,91.084,0.0,33.409,1
1785856510,148876953,108.527,2.584,110.991,0.0,0.0,1
1785856510,182286133,128.394,3.315,131.589,-33.409,66.819,1
1785856510,249105469,121.918,2.487,124.274,0.0,66.82,1
1785856510,315925537,97.121,2.959,99.928,0.0,33.41,1
1785856510,349335938,121.808,3.167,124.77,0.0,66.822,1
1785856510,416157715,95.921,2.529,98.335,0.0,33.411,1
1785856510,482980225,87.17,2.243,89.238,-33.411,33.412,1
1785856510,549803955,84.611,2.466,86.97,0.0,33.412,1
1785856510,616628418,87.897,2.146,89.93,0.0,33.413,1
1785856510,683454102,89.809,2.341,91.873,0.0,33.413,1
1785856510,750280762,107.15,2.341,109.369,0.0,33.414,1
1785856510,783694336,129.619,6.111,135.291,0.0,66.828,1
1785856510,850522461,117.309,2.487,119.669,0.0,66.826,1
1785856510,917348145,95.854,2.765,98.424,0.0,33.413,1
1785856510,950760986,123.973,2.211,126.065,0.0,66.827,1
1785856511,17587646,92.074,2.074,94.049,0.0,33.414,1
1785856511,84415771,90.691,2.881,93.473,0.0,33.415,1
1785856511,151245361,86.256,2.369,88.514,0.0,33.415,1
1785856511,184660645,102.94,4.234,107.051,0.0,0.0,1
1785856511,284908447,85.486,2.28,87.641,0.0,33.417,1
1785856511,351742188,84.496,2.173,86.568,0.0,33.417,1
1785856511,418577148,84.511,2.12,86.532,0.0,33.418,1
1785856511,485413574,83.741,2.157,85.791,0.0,33.419,1
1785856511,552251465,83.321,2.175,85.399,0.0,33.419,1
1785856511,619090576,86.07,2.176,88.144,-33.42,33.42,1
1785856511,685931152,89.049,2.405,91.347,0.0,33.421,1
1785856511,752772949,88.78,2.127,90.798,0.0,33.422,1
1785856511,853038574,83.105,2.483,85.484,0.0,33.421,1
1785856511,919837158,82.915,2.377,85.192,-33.377,33.378,1
1785856511,986593750,87.15,2.289,89.328,0.0,33.379,1
1785856512,53352051,82.926,1.981,84.811,0.0,33.38,1
1785856512,120112305,86.725,1.996,88.622,0.0,33.381,1
1785856512,186874268,85.312,3.598,88.657,0.0,33.382,1
1785856512,220255859,100.528,3.77,104.167,0.0,0.0,1
1785856512,287020508,90.19,2.24,92.32,33.383,33.383,1
1785856512,353786865,84.771,2.059,86.732,0.0,33.384,1
1785856512,420555176,83.153,2.058,85.107,0.0,33.385,1
1785856512,487325195,82.921,2.185,84.994,0.0,33.386,1
1785856512,554096924,83.553,2.139,85.595,0.0,33.387,1
1785856512,620870605,82.682,2.218,84.799,0.0,33.387,1
1785856512,687645996,89.549,3.029,92.446,0.0,33.388,1
1785856512,721034424,122.824,2.94,125.617,0.0,66.778,1
1785856512,787812500,121.133,2.108,123.141,0.0,66.78,1
1785856512,854592285,91.222,2.218,93.332,0.0,33.39,1
1785856512,921309570,87.615,2.2,89.713,0.0,33.327,1
1785856512,987962891,83.921,2.473,86.282,0.0,33.326,1
1785856513,54614990,85.149,1.983,87.038,0.0,33.326,1
1785856513,121266113,83.627,2.16,85.686,0.0,33.325,1
1785856513,187916260,85.844,2.313,88.046,0.0,33.324,1
1785856513,221240723,116.809,2.94,119.622,0.0,66.648,1
1785856513,287889160,88.83,2.191,90.918,0.0,33.324,1
1785856513,354536621,89.243,2.049,91.146,0.0,33.323,1
1785856513,421182861,84.095,2.036,86.035,0.0,33.323,1
1785856513,487828125,84.125,2.2,86.226,0.0,33.322,1
1785856513,554472168,83.857,3.359,87.089,0.0,33.322,1
1785856513,621114990,87.959,2.08,89.941,0.0,33.321,1
1785856513,687757080,90.31,3.059,93.236,0.0,33.321,1
1785856513,721077637,105.604,2.73,108.209,0.0,33.32,1
1785856513,754397949,123.578,2.876,126.317,0.0,66.64,1
1785856513,787717773,132.627,3.092,135.595,0.0,66.639,1
1785856513,887677490,86.756,2.74,89.394,0.0,33.406,1
1785856513,954489746,84.778,1.997,86.68,0.0,33.407,1
1785856514,21303223,84.688,2.078,86.666,0.0,33.407,1
1785856514,88117432,93.598,5.316,98.781,0.0,33.407,1
1785856514,121524902,118.944,2.983,121.744,0.0,66.816,1
1785856514,188340820,97.282,2.6,99.768,0.0,33.408,1
1785856514,221749023,116.635,2.136,118.67,0.0,66.817,1
1785856514,321975098,84.647,2.16,86.703,0.0,33.409,1
1785856514,388793457,84.049,2.109,86.065,0.0,33.41,1
1785856514,455613037,83.81,2.121,85.834,0.0,33.41,1
1785856514,522433594,82.224,2.012,84.137,0.0,33.41,1
1785856514,589254883,82.376,2.126,84.37,-33.411,33.411,1
1785856514,656077148,85.347,2.103,87.349,-33.411,33.412,1
1785856514,722900635,89.423,2.137,91.462,0.0,33.412,1
1785856514,756312500,119.649,2.608,122.14,0.0,66.825,1
1785856514,823137207,93.299,2.723,95.901,0.0,33.413,1
1785856514,889961914,87.136,2.339,89.366,0.0,33.321,1
1785856514,956602539,82.102,2.087,84.089,0.0,33.32,1
1785856515,23241943,83.581,2.26,85.674,0.0,33.319,1
1785856515,89879883,84.279,2.171,86.342,0.0,33.319,1
1785856515,156516602,86.68,2.007,88.59,0.0,33.318,1
1785856515,223152100,90.554,2.349,92.78,0.0,33.317,1
1785856515,256469238,118.066,2.503,120.385,0.0,66.633,1
1785856515,323102539,106.085,5.82,111.748,0.0,33.316,1
1785856515,356418701,120.131,2.968,122.902,0.0,66.632,1
1785856515,423050293,104.787,4.211,108.874,0.0,33.315,1
1785856515,456365479,115.277,2.989,118.121,0.0,66.629,1
1785856515,522994873,86.951,2.168,89.019,0.0,33.314,1
1785856515,622936523,87.613,2.172,89.626,0.0,33.313,1
1785856515,689562500,90.023,3.023,92.881,0.0,33.313,1
1785856515,722875244,99.636,3.48,102.95,0.0,33.312,1
1785856515,822810791,84.329,2.209,86.433,0.0,33.311,1
1785856515,889434326,84.019,2.066,85.989,0.0,33.366,1
1785856515,956197754,87.584,2.498,89.974,0.0,33.397,1
1785856516,22991943,84.036,2.227,86.122,0.0,33.397,1
1785856516,89786865,93.317,3.143,96.271,0.0,33.398,1
1785856516,123184570,115.82,3.031,118.736,0.0,66.796,1
1785856516,189980469,87.648,2.2,89.745,0.0,33.398,1
1785856516,256777100,85.975,2.827,88.695,0.0,33.398,1
1785856516,323574219,83.023,2.338,85.26,0.0,33.399,1
1785856516,390372070,82.925,2.032,84.86,0.0,33.399,1
1785856516,457170410,84.781,2.084,86.765,0.0,33.399,1
1785856516,523969482,84.633,2.088,86.593,0.0,33.4,1
1785856516,590769287,84.787,2.011,86.701,0.0,33.4,1
1785856516,657569580,83.026,2.348,85.132,0.0,33.4,1
1785856516,724370605,90.362,2.15,92.401,0.0,33.401,1
1785856516,791172119,96.609,2.503,98.992,0.0,33.401,1
1785856516,891375732,83.311,2.413,85.537,0.0,33.401,1
1785856516,958087891,81.453,2.159,83.511,0.0,33.311,1
1785856517,24709717,83.903,2.211,85.99,0.0,33.31,1
1785856517,91330078,87.106,2.304,89.294,0.0,33.309,1
1785856517,157948486,84.113,2.206,86.22,0.0,33.309,1
1785856517,224565430,86.742,2.498,89.135,0.0,33.308,1
1785856517,324488037,85.415,2.282,87.59,0.0,33.307,1
1785856517,357794678,109.101,2.36,111.346,0.0,33.306,1
1785856517,391100830,125.539,2.6,128.005,0.0,66.611,1
1785856517,457712158,118.107,2.054,120.056,0.0,66.61,1
1785856517,524321777,87.869,2.19,89.958,0.0,33.304,1
1785856517,590929688,84.873,2.051,86.825,0.0,33.303,1
1785856517,690838623,85.971,2.445,88.212,0.0,33.302,1
1785856517,824044922,86.441,2.195,88.518,0.0,33.301,1
1785856517,890645508,82.933,2.119,84.952,0.0,33.301,1
1785856517,957258789,83.983,1.997,85.887,0.0,33.312,1
1785856518,23881348,86.542,2.19,88.62,33.311,33.311,1
1785856518,90502197,88.89,2.217,91.004,0.0,33.31,1
1785856518,157121582,88.052,2.091,90.043,0.0,33.309,1
1785856518,223739258,87.345,2.459,89.697,33.308,33.308,1
1785856518,290355469,88.529,1.967,90.403,0.0,33.307,1
1785856518,356969971,84.992,2.185,87.07,-33.307,-33.307,1
1785856518,390276611,106.128,1.96,107.996,33.306,33.306,1
1785856518,490194092,84.503,2.067,86.469,0.0,33.305,1
1785856518,556803711,84.125,2.162,86.184,0.0,33.304,1
1785856518,623411621,84.557,2.185,86.634,0.0,33.303,1
1785856518,690018066,90.995,2.21,93.101,0.0,33.303,1
1785856518,756622803,86.926,2.251,89.077,33.302,33.302,1
1785856518,823226074,92.295,2.109,94.216,0.0,33.301,1
1785856518,889827637,88.435,2.118,90.453,0.0,33.302,1
1785856518,956519043,85.572,2.342,87.773,0.0,33.39,1
1785856519,23298828,88.367,2.617,90.791,0.0,33.39,1
1785856519,90079346,86.78,2.347,89.013,0.0,33.39,1
1785856519,156860107,84.406,2.065,86.373,0.0,33.39,1
1785856519,223641113,85.622,2.027,87.549,0.0,33.391,1
1785856519,290422607,86.872,2.071,88.842,-33.391,33.391,1
1785856519,357204590,89.223,2.504,91.611,0.0,33.391,1
1785856519,390595703,109.323,2.472,111.681,0.0,33.391,1
1785856519,423986816,125.688,2.598,128.159,0.0,66.783,1
1785856519,490769531,111.732,2.089,113.643,0.0,66.783,1
1785856519,557552734,92.043,2.066,94.009,0.0,33.392,1
1785856519,624336182,86.324,2.075,88.301,0.0,33.392,1
1785856519,691119873,90.345,2.495,92.734,0.0,33.392,1
1785856519,724511963,123.384,2.917,126.177,0.0,66.784,1
1785856519,791296387,110.766,7.777,118.418,0.0,66.785,1
1785856519,824688965,121.612,2.498,123.983,0.0,66.785,1
1785856519,891473877,106.364,2.585,108.83,0.0,33.392,1
1785856519,924865723,123.077,3.511,126.393,0.0,66.711,1
1785856519,991576660,98.203,3.099,101.182,0.0,33.356,1
1785856520,58288086,91.043,2.143,93.083,0.0,33.356,1
1785856520,125000244,87.944,2.014,89.858,0.0,33.356,1
1785856520,191713135,85.684,2.058,87.638,0.0,33.356,1
1785856520,258426514,86.637,1.987,88.53,0.0,33.357,1
1785856520,325140381,84.487,2.352,86.74,-33.357,33.357,1
1785856520,391854980,83.646,2.639,86.178,0.0,33.357,1
1785856520,458570068,84.731,2.238,86.871,0.0,33.358,1
1785856520,525285889,84.817,2.094,86.816,0.0,33.358,1
1785856520,592002441,84.224,2.127,86.254,0.0,33.358,1
1785856520,658719482,85.503,2.041,87.45,0.0,33.359,1
1785856520,725437012,95.272,2.557,97.706,0.0,33.359,1
1785856520,758796143,116.931,2.488,119.288,0.0,33.359,1
1785856520,825514648,93.299,2.3,95.486,-33.359,33.359,1
1785856520,892233643,87.747,2.079,89.725,0.0,33.36,1
1785856520,958905029,86.876,2.07,88.844,0.0,33.311,1
1785856521,25527344,86.929,2.132,88.963,0.0,33.31,1
1785856521,92147705,88.517,2.101,90.512,0.0,33.31,1
1785856521,158766602,90.239,2.159,92.295,0.0,33.309,1
1785856521,225383789,87.31,2.096,89.305,0.0,33.308,1
1785856521,291999268,86.891,2.259,89.039,0.0,33.307,1
1785856521,358613037,83.984,2.147,86.018,0.0,33.306,1
1785856521,425225342,87.478,2.202,89.57,0.0,33.306,1
1785856521,458531006,102.819,3.559,106.231,0.0,33.305,1
1785856521,558445068,85.498,2.022,87.424,0.0,33.304,1
1785856521,625052490,86.295,2.15,88.344,0.0,33.303,1
1785856521,691658203,89.558,2.546,91.994,33.302,33.302,1
1785856521,758262207,94.499,2.699,97.085,0.0,33.302,1
1785856521,791563721,116.234,2.161,118.293,0.0,33.301,1
1785856521,824864746,139.068,2.375,141.319,0.0,66.601,1
1785856521,891465576,122.493,3.395,125.555,0.0,66.612,1
1785856521,958077881,93.691,2.069,95.662,0.0,33.311,1
1785856522,24699463,88.521,2.029,90.452,0.0,33.31,1
1785856522,91319336,89.03,2.839,91.765,0.0,33.309,1
1785856522,157937500,89.285,2.276,91.451,0.0,33.309,1
1785856522,224554199,91.258,1.984,93.147,0.0,33.308,1
1785856522,291169189,87.693,2.252,89.756,33.307,33.307,1
1785856522,357782471,87.635,2.163,89.698,0.0,33.306,1
1785856522,424394043,86.293,2.065,88.256,0.0,33.305,1
1785856522,491004150,89.192,1.964,91.066,0.0,0.0,1
1785856522,557612549,86.571,2.005,88.477,0.0,33.303,1
1785856522,624219238,89.096,2.057,91.052,0.0,33.303,1
1785856522,690824219,89.948,2.105,91.949,-33.302,-33.302,1
1785856522,757427734,91.171,2.117,93.189,0.0,33.301,1
1785856522,824029541,91.785,2.162,93.85,0.0,33.3,1
1785856522,890629639,89.209,2.112,91.223,0.0,33.301,1
1785856522,957285156,93.838,4.879,98.593,0.0,33.355,1
1785856523,23995361,92.197,2.065,94.163,0.0,33.355,1
1785856523,90706299,91.795,2.258,93.954,0.0,33.356,1
1785856523,157417725,87.715,2.185,89.802,0.0,33.356,1
1785856523,224129883,90.477,2.534,92.89,0.0,33.356,1
1785856523,290842773,89.596,2.199,91.7,0.0,33.357,1
1785856523,357556396,90.39,2.232,92.525,0.0,0.0,1
1785856523,424270508,87.517,2.187,89.593,0.0,33.357,1
1785856523,490985352,86.761,2.117,88.778,-33.358,-33.358,1
1785856523,524343018,103.419,4.457,107.35,33.358,33.358,1
1785856523,591058838,90.522,2.175,92.601,0.0,0.0,1
1785856523,657775146,86.456,2.074,88.433,0.0,33.359,1
1785856523,724492432,101.101,5.382,106.333,0.0,33.359,1
1785856523,757851318,122.082,2.997,124.946,0.0,66.718,1
1785856523,791210205,129.103,2.071,131.067,0.0,66.719,1
1785856523,891288086,93.406,2.081,95.39,0.0,33.359,1
1785856523,958044922,91.841,2.131,93.872,0.0,0.0,1
1785856524,24840088,90.869,1.96,92.721,0.0,33.398,1
1785856524,91635986,92.997,1.978,94.884,0.0,33.398,1
1785856524,158432617,87.421,2.126,89.437,0.0,33.398,1
1785856524,225229736,88.239,1.972,90.12,0.0,33.399,1
1785856524,292027588,88.783,2.237,90.908,0.0,33.399,1
1785856524,358825928,88.416,2.132,90.382,0.0,33.4,1
1785856524,425625244,86.209,2.132,88.169,0.0,33.4,1
1785856524,492424805,87.795,2.113,89.804,0.0,33.4,1
1785856524,559225342,88.579,2.133,90.614,0.0,33.4,1
1785856524,626026367,86.114,2.037,88.048,0.0,33.401,1
1785856524,692828125,93.856,2.525,96.242,0.0,33.401,1
1785856524,726229248,121.923,2.487,124.266,0.0,66.803,1
1785856524,793031982,112.388,2.532,114.786,0.0,33.401,1
1785856524,826433350,123.686,2.105,125.68,0.0,33.402,1
1785856524,893237061,94.084,2.12,96.106,-33.402,-33.402,1
1785856524,959949951,86.937,2.217,89.053,0.0,33.312,1
1785856525,26572998,89.351,2.136,91.39,0.0,33.311,1
1785856525,93194336,92.283,2.099,94.287,0.0,33.31,1
1785856525,159813965,85.578,2.008,87.486,0.0,0.0,1
1785856525,226431885,91.05,2.157,93.112,0.0,33.309,1
1785856525,293048340,89.331,3.753,92.972,0.0,33.308,1
1785856525,359663330,88.325,2.038,90.268,0.0,33.307,1
1785856525,426276611,87.058,2.037,88.996,33.306,33.306,1
1785856525,492888184,86.354,2.336,88.582,0.0,33.305,1
1785856525,559498047,86.181,2.242,88.284,33.304,33.304,1
1785856525,626106445,86.807,2.176,88.883,0.0,33.304,1
1785856525,692713135,92.701,2.599,95.191,0.0,33.303,1
1785856525,759318359,91.421,2.095,93.416,0.0,33.302,1
1785856525,859223145,89.268,2.249,91.4,0.0,33.301,1
1785856525,925825439,87.615,2.113,89.628,0.0,33.354,1
1785856525,992533936,89.024,1.979,90.91,-33.354,-33.354,1
1785856526,59243164,86.323,2.045,88.268,33.355,33.355,1
1785856526,125952881,91.547,1.968,93.419,0.0,33.355,1
1785856526,192663330,88.936,1.997,90.836,0.0,33.355,1
1785856526,259374512,92.014,2.15,94.038,0.0,33.356,1
1785856526,326086182,88.374,2.197,90.45,0.0,33.356,1
1785856526,392798584,87.414,2.061,89.377,0.0,33.356,1
1785856526,459511475,87.78,2.406,90.075,0.0,33.357,1
1785856526,526225098,87.184,3.193,90.266,0.0,33.357,1
1785856526,559582031,102.376,3.204,105.447,0.0,33.357,1
1785856526,626296631,91.614,1.955,93.477,0.0,33.357,1
1785856526,693011719,90.127,2.277,92.297,0.0,33.358,1
1785856526,759727539,93.729,2.562,96.173,0.0,33.358,1
1785856526,793085693,128.63,2.069,130.603,0.0,33.358,1
1785856526,859802490,125.247,3.12,128.215,-33.358,66.717,1
1785856526,926519531,101.368,4.981,105.846,0.0,33.44,1
1785856526,959959229,119.134,2.466,121.486,0.0,66.881,1
1785856527,60282227,88.252,2.129,90.28,0.0,33.442,1
1785856527,127167969,92.593,2.139,94.627,-33.443,33.444,1
1785856527,194056396,88.012,2.127,90.04,0.0,33.446,1
1785856527,260947998,89.834,2.424,92.153,-33.446,33.447,1
1785856527,327842529,89.807,2.425,92.057,0.0,33.448,1
1785856527,394739746,87.018,2.256,89.171,0.0,33.45,1
1785856527,461639893,89.865,2.191,91.901,0.0,33.451,1
1785856527,528543213,86.798,2.297,88.979,0.0,33.453,1
1785856527,561995850,102.571,7.253,109.701,0.0,0.0,1
1785856527,628903320,87.592,2.134,89.629,0.0,33.455,1
1785856527,695813721,91.737,2.634,94.259,0.0,33.457,1
1785856527,729270264,119.135,2.694,121.701,0.0,66.915,1
1785856527,796185059,93.451,2.519,95.846,0.0,33.458,1
1785856527,863102783,89.371,2.064,91.333,0.0,33.46,1
1785856527,930020996,85.412,2.234,87.546,0.0,33.36,1
1785856527,996777832,89.362,3.904,93.148,0.0,33.397,1
1785856528,30174561,104.107,3.004,106.921,0.0,33.397,1
1785856528,96968506,91.75,2.459,94.105,0.0,0.0,1
1785856528,163763184,86.972,2.189,89.06,0.0,33.398,1
1785856528,230558594,87.22,2.107,89.221,0.0,0.0,1
1785856528,297354492,85.742,2.076,87.724,0.0,33.398,1
1785856528,364150879,86.372,2.572,88.84,0.0,33.398,1
1785856528,430947998,83.735,2.067,85.701,0.0,33.399,1
1785856528,497745850,84.127,2.051,86.078,33.399,33.399,1
1785856528,564544189,83.819,2.359,86.065,0.0,33.399,1
1785856528,631343018,85.715,2.208,87.822,0.0,33.4,1
1785856528,698142822,91.09,10.384,100.633,0.0,33.4,1
1785856528,731542725,117.011,2.547,119.445,0.0,66.801,1
1785856528,798343262,109.844,2.608,112.329,0.0,33.401,1
1785856528,831743896,119.172,2.665,121.712,0.0,66.802,1
1785856528,898545410,98.54,3.109,101.523,0.0,33.401,1
1785856528,998657959,84.732,2.243,86.87,0.0,33.311,1
1785856529,65279541,83.752,2.082,85.737,0.0,33.31,1
1785856529,131899414,85.279,2.066,87.247,0.0,33.31,1
1785856529,198517822,84.328,2.202,86.426,0.0,33.309,1
1785856529,265134521,86.727,2.28,88.9,0.0,33.308,1
1785856529,331749756,84.297,2.071,86.267,0.0,33.307,1
1785856529,398363037,84.128,2.065,86.053,0.0,33.306,1
1785856529,464974854,83.804,2.217,85.854,0.0,33.305,1
1785856529,531585205,86.747,2.064,88.711,0.0,33.304,1
1785856529,631497314,84.16,2.294,86.343,0.0,33.303,1
1785856529,664800537,103.805,2.546,106.225,0.0,33.303,1
1785856529,731405762,98.815,6.911,105.587,0.0,33.302,1
1785856529,798009521,85.892,2.263,88.057,0.0,33.301,1
1785856529,864611572,85.545,2.141,87.587,0.0,33.3,1
1785856529,931211914,84.643,2.087,86.63,0.0,33.301,1
1785856529,997868408,92.016,2.071,93.988,0.0,33.356,1
1785856530,31224121,119.766,2.346,122.008,0.0,66.712,1
1785856530,97935791,118.69,3.056,121.613,0.0,66.712,1
1785856530,164648193,92.289,2.238,94.429,0.0,33.357,1
1785856530,231361572,98.584,3.801,102.105,0.0,33.357,1
1785856530,264718262,119.273,2.549,121.696,0.0,66.714,1
1785856530,331432617,103.676,4.115,107.641,0.0,33.357,1
1785856530,364789795,121.723,2.471,124.082,0.0,66.715,1
1785856530,431505127,109.388,5.541,114.787,0.0,33.358,1
1785856530,464863037,118.936,1.98,120.823,0.0,66.716,1
1785856530,564937500,87.611,2.033,89.541,0.0,33.359,1
1785856530,631654785,88.501,2.293,90.68,0.0,33.359,1
1785856530,698372803,90.205,2.386,92.48,0.0,33.359,1
1785856530,765091309,88.341,2.086,90.321,0.0,33.36,1
1785856530,831810547,88.895,2.249,91.035,0.0,33.36,1
1785856530,898530518,90.177,2.161,92.233,0.0,33.36,1
1785856530,965251221,86.34,2.261,88.501,0.0,33.398,1
1785856531,32048340,90.0,2.222,92.124,0.0,33.399,1
1785856531,98845947,96.255,2.85,98.981,-33.399,33.399,1
1785856531,132245117,118.131,2.324,120.328,0.0,66.799,1
1785856531,199043945,100.341,2.913,103.11,0.0,33.4,1
1785856531,232443604,129.377,3.337,132.565,0.0,66.8,1
1785856531,299243408,90.821,2.44,93.149,0.0,33.4,1
1785856531,366043945,87.837,2.151,89.892,0.0,33.4,1
1785856531,432845215,86.783,2.274,88.698,0.0,33.401,1
1785856531,499646973,87.641,2.069,89.61,0.0,33.401,1
1785856531,566449463,85.629,2.032,87.567,0.0,33.402,1
1785856531,633252686,83.597,2.608,86.102,0.0,33.402,1
1785856531,700056641,94.29,2.188,96.345,0.0,33.402,1
1785856531,733458984,103.476,8.448,111.699,0.0,0.0,1
1785856531,800263916,91.833,2.053,93.791,0.0,33.403,1
1785856531,867069580,87.939,2.103,89.944,0.0,33.403,1
1785856531,933875977,85.929,2.286,88.114,0.0,33.402,1
1785856532,712158,91.572,2.23,93.683,0.0,33.435,1
1785856532,34146729,115.881,3.495,119.228,0.0,66.871,1
1785856532,101017822,91.837,2.169,93.905,0.0,33.437,1
1785856532,167891846,87.489,1.976,89.37,0.0,33.438,1
1785856532,234768311,86.985,2.224,89.111,0.0,33.439,1
1785856532,301647461,84.522,2.487,86.896,0.0,33.441,1
1785856532,368529297,82.452,2.491,84.834,-33.441,33.442,1
1785856532,435413818,85.163,2.448,87.511,0.0,33.443,1
1785856532,502301025,85.266,2.246,87.414,0.0,33.445,1
1785856532,569190918,81.737,2.454,84.063,0.0,33.446,1
1785856532,636083496,82.977,3.461,86.33,0.0,33.447,1
1785856532,669530762,112.358,2.699,114.929,0.0,33.448,1
1785856532,702978760,136.561,2.929,139.358,0.0,66.898,1
1785856532,769876709,118.965,2.691,121.535,0.0,66.901,1
1785856532,836777344,90.656,2.388,92.927,0.0,33.451,1
1785856532,903680664,84.978,2.034,86.913,-33.452,33.453,1
1785856532,970584473,81.749,2.072,83.721,0.0,33.312,1
1785856533,37207764,86.062,2.155,88.102,0.0,33.311,1
1785856533,103829346,85.699,2.124,87.708,0.0,33.31,1
1785856533,170449463,81.082,2.029,83.02,0.0,33.309,1
1785856533,237067871,81.439,2.052,83.397,0.0,33.309,1
1785856533,303684570,82.985,2.393,85.217,0.0,33.308,1
1785856533,370299805,84.106,1.965,85.979,0.0,33.307,1
1785856533,436913086,82.076,2.177,84.156,0.0,33.306,1
1785856533,503525146,85.1,2.599,87.52,0.0,33.305,1
1785856533,570135254,82.148,2.057,84.105,0.0,33.304,1
1785856533,636743896,84.577,2.054,86.528,0.0,33.304,1
1785856533,703350830,87.725,2.31,89.851,0.0,33.303,1
1785856533,769956299,84.733,2.314,86.936,0.0,33.302,1
1785856533,836559814,85.089,2.052,87.044,0.0,33.301,1
1785856533,903162109,83.947,2.007,85.855,0.0,33.3,1
1785856533,969763916,83.687,2.156,85.746,0.0,33.312,1
1785856534,36386719,84.084,2.247,86.231,0.0,33.311,1
1785856534,103007568,84.435,1.949,86.294,0.0,33.31,1
1785856534,169626953,83.82,2.273,85.992,0.0,33.309,1
1785856534,236244629,83.554,2.243,85.684,0.0,33.308,1
1785856534,302860840,86.506,2.162,88.549,33.307,33.307,1
1785856534,369475342,84.402,2.136,86.44,0.0,33.306,1
1785856534,436088135,83.723,2.293,85.916,33.306,33.306,1
1785856534,502699219,86.446,2.167,88.507,0.0,33.305,1
1785856534,569308838,82.998,2.304,85.204,0.0,33.304,1
1785856534,635916748,85.55,2.307,87.661,0.0,33.303,1
1785856534,702522949,86.64,2.211,88.746,0.0,33.302,1
1785856534,769127686,84.428,2.237,86.565,0.0,33.302,1
1785856534,835730469,86.182,2.08,88.159,0.0,33.301,1
1785856534,902332031,85.545,2.098,87.547,0.0,33.3,1
1785856534,968933105,85.254,2.125,87.277,0.0,33.354,1
1785856535,35641602,87.808,2.267,89.885,0.0,33.354,1
1785856535,102350830,88.36,2.03,90.295,-33.355,33.355,1
1785856535,169060547,85.676,2.049,87.627,0.0,33.355,1
1785856535,235770996,87.579,2.128,89.606,0.0,33.355,1
1785856535,302482178,86.38,2.119,88.385,0.0,33.356,1
1785856535,369193848,87.847,2.289,89.877,-33.356,33.356,1
1785856535,435906006,84.477,1.984,86.367,0.0,33.356,1
1785856535,502618896,85.766,2.084,87.756,0.0,33.357,1
1785856535,569332520,85.116,2.056,87.059,0.0,33.357,1
1785856535,636046631,86.275,2.063,88.233,0.0,33.357,1
1785856535,702761475,90.338,2.416,92.644,0.0,33.358,1
1785856535,769477051,94.957,2.409,97.239,0.0,33.358,1
1785856535,836192871,86.73,2.101,88.731,0.0,33.358,1
1785856535,902909668,84.537,2.355,86.791,0.0,33.359,1
1785856535,969626953,87.167,3.155,90.207,0.0,33.323,1
1785856536,36273926,86.891,1.984,88.781,0.0,33.323,1
1785856536,102919434,88.925,2.167,90.991,0.0,33.323,1
1785856536,169563965,84.188,2.136,86.218,0.0,33.322,1
1785856536,236207275,87.269,2.09,89.259,0.0,33.321,1
1785856536,302849609,91.654,2.205,93.753,0.0,33.321,1
1785856536,369490723,86.173,2.059,88.134,0.0,0.0,1
1785856536,436130615,85.629,2.06,87.592,33.32,33.32,1
1785856536,502769287,85.289,2.131,87.318,0.0,33.319,1
1785856536,569406982,84.473,2.066,86.442,0.0,33.318,1
1785856536,636043457,86.886,2.46,89.167,0.0,33.318,1
1785856536,702678955,92.231,2.21,94.333,0.0,33.317,1
1785856536,735996094,110.719,2.807,113.408,0.0,33.317,1
1785856536,769312988,132.202,6.445,138.448,0.0,66.633,1
1785856536,835946045,123.606,2.824,126.236,0.0,66.632,1
1785856536,902578125,99.526,2.91,102.32,0.0,33.315,1
1785856536,969209961,95.808,2.321,98.012,0.0,33.357,1
1785856537,69360352,84.748,2.076,86.678,0.0,33.397,1
1785856537,136153809,87.824,1.984,89.713,-33.397,33.397,1
1785856537,202948242,87.625,2.051,89.576,0.0,33.397,1
1785856537,269743164,86.62,2.357,88.778,0.0,33.398,1
1785856537,336538574,87.649,2.056,89.612,0.0,33.398,1
1785856537,403334717,84.609,2.288,86.799,0.0,33.398,1
1785856537,470131592,84.987,2.027,86.921,0.0,33.399,1
1785856537,536928955,87.321,2.237,89.456,-33.399,33.399,1
1785856537,603727051,84.267,2.289,86.407,0.0,33.399,1
1785856537,670525635,90.448,2.914,93.254,0.0,33.4,1
1785856537,703925293,122.798,2.274,124.952,0.0,66.8,1
1785856537,770724854,94.4,2.449,96.729,0.0,33.4,1
1785856537,837525146,87.789,2.117,89.806,0.0,33.4,1
1785856537,904326172,85.546,2.448,87.888,0.0,33.401,1
1785856537,971127686,86.972,2.199,88.986,0.0,33.4,1
1785856538,37916992,85.017,2.627,87.53,-33.389,33.389,1
1785856538,104696045,87.315,2.014,89.236,0.0,33.39,1
1785856538,171475586,83.488,2.009,85.402,-33.39,33.39,1
1785856538,238255371,89.318,1.964,91.173,0.0,33.39,1
1785856538,305035645,99.257,3.677,102.812,0.0,33.39,1
1785856538,338425781,119.677,3.047,122.597,0.0,66.781,1
1785856538,405206543,91.355,2.385,93.641,0.0,33.391,1
1785856538,471987793,86.063,2.265,88.229,-33.391,33.391,1
1785856538,538769287,84.421,2.093,86.419,0.0,33.391,1
1785856538,605551025,85.952,2.215,88.064,0.0,33.391,1
1785856538,672333252,88.916,2.324,91.091,0.0,33.391,1
1785856538,705724609,122.088,2.047,124.03,0.0,33.391,1
1785856538,772507324,100.925,3.788,104.579,0.0,0.0,1
1785856538,805898926,117.068,2.32,119.27,33.392,33.392,1
1785856538,872682373,88.888,2.335,91.112,-33.392,33.392,1
1785856538,939466064,85.24,2.144,87.282,0.0,33.392,1
1785856539,6249512,85.925,2.158,87.982,0.0,33.305,1
1785856539,72858154,83.622,2.075,85.602,0.0,33.304,1
1785856539,139465332,84.992,2.307,87.198,0.0,33.303,1
1785856539,206070313,84.822,2.309,86.93,0.0,33.302,1
1785856539,272673584,84.916,2.497,87.221,0.0,33.301,1
1785856539,339274902,86.48,2.328,88.708,0.0,33.3,1
1785856539,405874268,84.797,2.108,86.803,0.0,33.299,1
1785856539,472471924,84.375,2.034,86.313,0.0,33.298,1
1785856539,539067627,87.446,2.58,89.841,0.0,33.297,1
1785856539,605661377,84.826,2.136,86.854,0.0,33.296,1
1785856539,672253418,96.422,3.001,99.292,0.0,33.295,1
1785856539,705548584,123.039,2.021,124.96,0.0,66.589,1
1785856539,772137695,95.284,2.448,97.603,0.0,33.294,1
1785856539,838725098,86.396,2.179,88.475,0.0,33.293,1
1785856539,905310547,86.523,2.073,88.492,0.0,33.292,1
1785856539,971894043,85.095,1.991,86.992,0.0,0.0,1
1785856540,38534424,88.784,2.113,90.666,0.0,33.348,1
1785856540,105230225,89.974,2.132,92.001,0.0,33.348,1
1785856540,171926514,85.61,2.161,87.624,0.0,33.348,1
1785856540,238623291,89.105,2.057,91.062,0.0,33.348,1
1785856540,305320313,97.226,2.944,100.052,33.349,33.349,1
1785856540,338668945,122.887,3.609,126.374,0.0,66.698,1
1785856540,405366699,112.194,2.471,114.559,0.0,66.698,1
1785856540,438715820,127.529,2.75,130.152,0.0,66.698,1
1785856540,505414063,118.412,2.559,120.845,0.0,66.699,1
1785856540,572112793,91.263,2.145,93.315,0.0,33.35,1
1785856540,638812012,89.324,2.29,91.495,0.0,33.35,1
1785856540,705511475,93.691,6.368,99.86,0.0,33.35,1
1785856540,738861328,125.383,2.331,127.583,0.0,66.7,1
1785856540,805561523,101.512,8.051,109.43,0.0,33.35,1
1785856540,838911865,108.184,2.144,110.226,0.0,33.35,1
1785856540,938963135,90.786,1.981,92.677,0.0,33.351,1
1785856541,5664551,85.952,2.17,88.005,0.0,0.0,1
1785856541,72443359,85.936,2.113,87.949,33.389,33.389,1
1785856541,139222412,86.618,2.312,88.821,0.0,33.39,1
1785856541,206001953,84.721,2.106,86.726,0.0,0.0,1
1785856541,272781982,88.568,2.156,90.596,0.0,33.39,1
1785856541,339562256,86.531,2.123,88.554,0.0,33.39,1
1785856541,406343018,85.948,2.078,87.926,0.0,33.39,1
1785856541,473124023,85.91,2.068,87.879,0.0,33.391,1
1785856541,539905518,84.391,2.307,86.599,0.0,33.391,1
1785856541,606687256,84.214,2.036,86.157,-33.391,33.391,1
1785856541,673469482,87.315,2.294,89.504,0.0,33.391,1
1785856541,740251953,88.324,2.948,91.166,0.0,33.391,1
1785856541,773643311,120.717,3.438,123.891,0.0,66.783,1
1785856541,840426514,108.607,3.266,111.67,0.0,33.392,1
1785856541,873818115,125.039,2.175,127.114,0.0,66.784,1
1785856541,940601807,92.943,2.252,95.079,0.0,33.392,1
1785856542,7385010,92.404,2.187,94.491,0.0,33.357,1
1785856542,74125732,86.418,2.284,88.6,0.0,33.384,1
1785856542,174277100,83.737,2.061,85.701,0.0,33.384,1
1785856542,241044678,84.386,2.021,86.309,0.0,33.384,1
1785856542,307812500,85.09,2.042,87.035,-33.384,33.384,1
1785856542,374580566,85.732,2.102,87.73,0.0,33.384,1
1785856542,441348633,85.557,1.965,87.429,0.0,33.384,1
1785856542,508116943,83.919,2.057,85.877,0.0,33.384,1
1785856542,574885254,83.553,1.996,85.451,0.0,33.384,1
1785856542,641653809,84.299,2.115,86.313,0.0,33.385,1
1785856542,708422607,94.271,2.395,96.545,0.0,33.385,1
1785856542,741807129,117.852,2.405,120.145,0.0,66.769,1
1785856542,808576172,117.423,2.519,119.825,0.0,66.769,1
1785856542,875345215,92.172,2.333,94.203,0.0,33.385,1
1785856542,942114502,90.256,2.188,92.308,0.0,33.385,1
1785856543,8883789,89.052,1.912,90.875,33.384,33.384,1
1785856543,75607666,88.288,2.279,90.466,0.0,33.34,1
1785856543,142287354,85.702,2.201,87.804,0.0,33.34,1
1785856543,208967041,82.849,2.222,84.967,0.0,33.34,1
1785856543,275646729,87.712,2.155,89.736,0.0,33.34,1
1785856543,342326660,83.689,2.126,85.708,0.0,33.34,1
1785856543,409006592,84.392,2.199,86.448,0.0,33.34,1
1785856543,475686768,86.255,2.165,88.322,0.0,33.34,1
1785856543,542366943,83.538,2.104,85.542,0.0,33.34,1
1785856543,609047363,83.867,2.104,85.833,0.0,33.34,1
1785856543,675727783,87.971,2.057,89.923,0.0,33.34,1
1785856543,742408447,85.024,2.143,87.059,0.0,33.34,1
1785856543,809089111,84.279,2.223,86.393,0.0,33.34,1
1785856543,842429443,110.339,3.314,113.534,0.0,0.0,1
1785856543,909110352,88.125,2.078,90.104,33.341,33.341,1
1785856543,975791260,93.886,2.459,96.219,-33.34,33.341,1
1785856544,9131836,116.618,2.993,119.47,0.0,33.341,1
1785856544,75820557,89.382,2.031,91.315,-33.348,-33.348,1
1785856544,142516357,84.298,2.258,86.417,0.0,33.348,1
1785856544,209212402,85.526,2.202,87.533,0.0,33.348,1
1785856544,275908936,93.237,2.793,95.913,0.0,33.348,1
1785856544,309257324,118.524,3.126,121.521,0.0,66.697,1
1785856544,375954590,106.057,2.457,108.382,0.0,33.349,1
1785856544,409303223,117.809,2.411,120.089,0.0,66.698,1
1785856544,476000977,94.795,2.989,97.604,0.0,33.349,1
1785856544,542698975,83.765,2.339,85.993,0.0,33.349,1
1785856544,609397461,84.459,2.094,86.454,0.0,33.349,1
1785856544,676096436,87.644,2.221,89.756,0.0,33.35,1
1785856544,742795654,88.852,2.203,90.952,0.0,33.35,1
1785856544,809495361,86.7,2.156,88.754,0.0,33.35,1
1785856544,876195313,85.377,2.441,87.71,0.0,33.35,1
1785856544,942895752,84.128,2.085,86.115,0.0,33.351,1
1785856545,9596680,86.278,2.283,88.46,0.0,33.351,1
1785856545,76262695,83.94,2.397,86.237,0.0,33.315,1
1785856545,142892090,86.887,2.233,89.018,0.0,33.314,1
1785856545,209519775,85.32,2.067,87.291,0.0,33.313,1
1785856545,276145996,92.205,2.014,94.111,0.0,33.312,1
1785856545,342770752,86.137,2.008,88.049,0.0,33.312,1
1785856545,409393799,87.342,2.031,89.27,0.0,33.311,1
1785856545,476015381,87.985,2.075,89.96,0.0,33.31,1
1785856545,542635498,86.334,2.07,88.308,0.0,33.31,1
1785856545,609254150,84.922,3.025,87.832,0.0,33.309,1
1785856545,675871338,91.08,2.13,93.106,0.0,33.308,1
1785856545,742486816,88.339,2.615,90.781,0.0,33.307,1
1785856545,809100830,85.934,2.397,88.189,0.0,33.306,1
1785856545,842407227,114.25,3.051,117.176,0.0,66.612,1
1785856545,875713135,123.189,7.404,128.253,0.0,66.611,1
1785856545,942324219,106.148,3.792,109.815,0.0,33.305,1
1785856545,975628906,123.13,2.834,125.836,0.0,66.61,1
1785856546,42238770,114.092,2.372,116.316,0.0,66.625,1
1785856546,75551270,128.569,2.588,130.984,0.0,33.312,1
1785856546,142175049,122.832,2.788,125.492,33.311,66.622,1
1785856546,208797363,94.786,2.318,96.98,0.0,33.311,1
1785856546,275417969,94.811,2.244,96.94,0.0,33.31,1
1785856546,342036865,86.382,2.114,88.385,0.0,33.309,1
1785856546,408654297,87.375,2.114,89.391,0.0,33.308,1
1785856546,475270020,89.257,2.013,91.157,0.0,33.307,1
1785856546,541884277,87.881,2.424,90.203,0.0,33.307,1
1785856546,608496826,90.41,2.185,92.501,0.0,33.306,1
1785856546,675107910,94.689,2.099,96.68,33.305,33.305,1
1785856546,741717285,93.14,2.415,95.441,0.0,33.304,1
1785856546,808325195,117.748,2.715,120.356,0.0,66.606,1
1785856546,874931396,97.3,2.87,100.054,0.0,33.302,1
1785856546,941535889,90.462,2.305,92.66,0.0,33.302,1
1785856547,8138916,89.859,2.293,92.042,0.0,33.302,1
1785856547,74796143,91.592,1.974,93.471,0.0,33.355,1
1785856547,174862061,89.661,2.244,91.804,0.0,33.356,1
1785856547,241573730,91.303,1.991,93.199,0.0,33.356,1
1785856547,308285889,88.76,2.103,90.765,0.0,33.356,1
1785856547,374998779,86.73,2.082,88.719,0.0,33.357,1
1785856547,441712158,87.397,2.08,89.379,0.0,33.357,1
1785856547,508426514,88.929,1.994,90.829,0.0,33.357,1
1785856547,575141357,86.644,2.079,88.626,0.0,33.358,1
1785856547,641856934,89.467,2.395,91.758,0.0,33.358,1
1785856547,708572998,91.065,2.348,93.305,-33.358,-33.358,1
1785856547,775290039,89.546,2.218,91.657,33.359,33.359,1
1785856547,842007568,87.291,3.233,89.495,0.0,33.359,1
1785856547,875366455,101.419,2.889,104.184,0.0,33.359,1
1785856547,942085205,92.601,2.22,94.718,0.0,33.359,1
1785856548,8804443,88.576,2.07,90.548,0.0,33.36,1
1785856548,75670654,92.036,2.208,94.127,0.0,33.508,1
1785856548,142687500,91.823,2.097,93.821,0.0,33.51,1
1785856548,209708740,89.909,2.258,92.041,0.0,33.512,1
1785856548,276734863,88.445,2.142,90.475,-33.514,33.515,1
1785856548,343765625,85.845,2.086,87.804,0.0,33.517,1
1785856548,410800781,90.894,2.149,92.942,0.0,33.52,1
1785856548,477840820,86.764,2.059,88.726,0.0,33.522,1
1785856548,544885498,86.258,2.1,88.261,0.0,33.524,1
1785856548,611934814,87.737,2.053,89.689,0.0,33.526,1
1785856548,678988525,89.12,2.253,91.262,0.0,33.529,1
1785856548,746047119,86.883,2.079,88.863,0.0,33.531,1
1785856548,813110352,85.066,2.115,87.083,0.0,33.533,1
1785856548,880178223,83.853,3.726,87.468,0.0,33.536,1
1785856548,913713867,100.744,4.079,104.696,0.0,33.537,1
1785856548,980788818,86.877,2.152,88.924,0.0,33.539,1
1785856549,47864014,85.028,1.995,86.929,0.0,33.314,1
1785856549,114491699,88.145,3.142,91.17,0.0,33.313,1
1785856549,147804932,113.691,2.168,115.745,0.0,33.313,1
1785856549,181117676,120.345,4.31,124.505,0.0,66.625,1
1785856549,247742432,102.156,3.074,105.037,0.0,33.312,1
1785856549,281053955,116.219,2.706,118.79,0.0,66.622,1
1785856549,347676270,92.051,2.194,94.132,0.0,33.311,1
1785856549,414297119,87.729,2.205,89.833,0.0,33.31,1
1785856549,480916260,86.284,2.243,88.428,0.0,33.309,1
1785856549,547533936,81.232,2.166,83.295,33.308,33.308,1
1785856549,614150146,84.953,2.11,86.963,0.0,33.307,1
1785856549,680764648,85.672,2.415,87.976,0.0,0.0,1
1785856549,747377686,86.823,2.348,89.071,0.0,33.306,1
1785856549,813989258,82.883,2.115,84.899,0.0,33.305,1
1785856549,880599121,83.972,2.444,86.316,0.0,33.304,1
1785856549,913903564,105.392,5.598,110.873,0.0,33.304,1
1785856549,980511230,84.749,2.074,86.724,0.0,33.303,1
1785856550,47118652,84.942,2.331,87.168,0.0,33.314,1
1785856550,113745605,87.8,2.104,89.788,0.0,33.313,1
1785856550,180370850,84.048,2.109,86.058,33.312,33.312,1
1785856550,246994385,86.077,2.179,88.16,0.0,33.311,1
1785856550,313616699,88.799,2.262,90.932,33.31,33.31,1
1785856550,380237061,84.851,2.221,86.973,0.0,33.31,1
1785856550,446856201,84.685,2.213,86.796,0.0,33.309,1
1785856550,513473633,84.015,1.988,85.893,0.0,33.308,1
1785856550,580089600,84.438,1.99,86.317,0.0,0.0,1
1785856550,646703857,86.816,2.142,88.847,0.0,33.307,1
1785856550,713316650,91.058,2.143,93.099,0.0,33.306,1
1785856550,779927734,94.015,2.321,96.218,0.0,33.305,1
1785856550,879841553,85.489,2.221,87.607,33.304,33.304,1
1785856550,946448975,84.832,2.273,87.007,0.0,33.303,1
1785856551,13054688,85.369,2.258,87.492,0.0,33.303,1
1785856551,79671875,87.531,2.21,89.634,0.0,33.313,1
1785856551,146298096,86.653,2.016,88.572,0.0,33.312,1
1785856551,212922607,87.364,2.132,89.397,0.0,33.312,1
1785856551,279545654,90.211,2.281,92.388,0.0,33.311,1
1785856551,346167236,88.223,2.228,90.346,0.0,33.31,1
1785856551,412787109,85.076,2.116,87.095,0.0,33.309,1
1785856551,479405518,88.102,2.182,90.128,0.0,33.309,1
1785856551,546022217,88.608,2.396,90.604,0.0,33.308,1
1785856551,612637451,88.885,2.07,90.858,0.0,33.307,1
1785856551,679251221,91.676,2.763,94.289,0.0,33.306,1
1785856551,745863281,109.937,2.433,112.251,0.0,33.305,1
1785856551,779168701,137.784,4.036,141.687,0.0,66.61,1
1785856551,845778564,119.484,3.035,122.403,0.0,66.608,1
1785856551,912386719,95.51,2.972,98.364,0.0,33.303,1
1785856551,945690186,120.997,2.679,123.544,0.0,66.606,1
1785856552,12296143,97.209,2.374,99.467,0.0,0.0,1
1785856552,78991211,91.438,2.497,93.836,0.0,33.392,1
1785856552,145774902,87.507,2.051,89.461,0.0,33.392,1
1785856552,212558838,90.368,2.063,92.33,0.0,33.392,1
1785856552,279343262,91.249,2.606,93.736,0.0,33.393,1
1785856552,346128174,89.566,2.244,91.712,0.0,33.393,1
1785856552,412913574,89.222,2.02,91.146,0.0,33.393,1
1785856552,479699463,87.958,2.325,90.18,0.0,33.393,1
1785856552,546485596,85.458,2.043,87.405,0.0,33.393,1
1785856552,613272461,90.006,2.254,92.159,0.0,33.394,1
1785856552,680059570,91.596,2.163,93.653,0.0,33.394,1
1785856552,746847168,90.383,2.267,92.55,-33.394,33.394,1
1785856552,813635254,86.377,1.991,88.273,0.0,33.394,1
1785856552,880423828,84.98,2.415,87.296,0.0,33.394,1
1785856552,947212646,87.232,2.51,89.63,0.0,33.395,1
1785856552,980607422,100.512,10.036,110.422,0.0,33.395,1
1785856553,47395996,90.46,2.152,92.513,0.0,33.352,1
1785856553,114174316,98.272,3.552,101.556,0.0,33.427,1
1785856553,147601318,108.153,2.658,110.693,0.0,33.428,1
1785856553,181029053,124.531,2.683,127.079,0.0,66.857,1
1785856553,247886230,101.938,3.953,105.75,0.0,33.429,1
1785856553,314745605,92.529,2.096,94.522,0.0,33.431,1
1785856553,381607666,87.843,2.259,90.002,0.0,33.432,1
1785856553,448471924,85.173,2.413,87.485,-33.432,33.433,1
1785856553,515338623,85.739,2.187,87.825,0.0,33.434,1
1785856553,582207764,87.192,2.145,89.237,0.0,33.436,1
1785856553,649079346,90.417,2.197,92.47,0.0,0.0,1
1785856553,715953369,95.819,2.969,98.669,0.0,33.438,1
1785856553,749391113,120.774,2.436,123.1,0.0,66.878,1
1785856553,816268799,102.77,4.034,106.639,0.0,33.44,1
1785856553,849708496,122.736,2.77,125.375,0.0,66.881,1
1785856553,916589600,105.773,2.025,107.697,0.0,33.442,1
1785856553,950031250,125.798,2.924,128.587,0.0,66.885,1
1785856554,16916016,107.989,2.759,110.603,0.0,33.443,1
1785856554,50359375,126.952,2.468,129.292,0.0,66.869,1
1785856554,117228516,106.077,4.087,110.046,0.0,33.428,1
1785856554,150656494,120.315,2.571,122.767,0.0,66.858,1
1785856554,217514404,92.63,2.584,95.098,0.0,33.43,1
1785856554,284374512,90.331,2.19,92.419,0.0,33.431,1
1785856554,351237305,84.447,2.198,86.545,0.0,33.432,1
1785856554,418102295,84.702,2.165,86.764,0.0,33.433,1
1785856554,484969727,83.862,2.09,85.852,0.0,33.435,1
1785856554,551839844,82.692,2.201,84.774,0.0,33.436,1
1785856554,618712158,82.721,1.984,84.61,0.0,0.0,1
1785856554,685587158,85.658,2.457,87.965,0.0,33.438,1
1785856554,752464355,93.341,2.838,95.99,0.0,33.44,1
1785856554,785904053,117.043,2.227,119.099,0.0,66.881,1
1785856554,852784912,83.605,2.053,85.556,0.0,0.0,1
1785856554,919668213,81.462,2.116,83.479,0.0,0.0,1
1785856554,986554199,81.059,2.588,83.514,0.0,33.444,1
1785856555,19998047,95.411,2.954,98.227,0.0,33.444,1
1785856555,86885742,87.236,2.139,89.274,0.0,33.384,1
1785856555,153654053,86.471,2.229,88.592,0.0,33.384,1
1785856555,220422607,85.844,1.984,87.733,0.0,33.385,1
1785856555,287191406,83.669,2.061,85.63,0.0,0.0,1
1785856555,353960449,81.438,2.047,83.338,0.0,33.385,1
1785856555,420729492,81.981,2.108,83.991,0.0,33.385,1
1785856555,487498779,80.713,2.065,82.677,0.0,33.385,1
1785856555,554268311,81.41,2.181,83.492,0.0,33.385,1
1785856555,621038086,84.104,2.011,86.017,0.0,33.385,1
1785856555,687807861,87.608,2.642,90.043,0.0,33.385,1
1785856555,721192871,117.046,2.478,119.367,0.0,66.77,1
1785856555,787962891,89.848,2.459,92.191,0.0,33.385,1
1785856555,854733154,83.402,2.068,85.37,0.0,33.385,1
1785856555,921503662,85.266,2.097,87.264,0.0,33.385,1
1785856555,988274170,82.553,2.055,84.504,0.0,33.385,1
1785856556,55044922,81.517,2.062,83.48,0.0,33.385,1
1785856556,121729248,79.916,2.126,81.942,0.0,0.0,1
1785856556,188325928,82.012,2.391,84.296,0.0,33.297,1
1785856556,254920410,83.167,1.965,85.038,0.0,33.296,1
1785856556,321512695,84.527,2.319,86.736,0.0,33.295,1
1785856556,388103027,83.747,2.2,85.843,0.0,33.294,1
1785856556,454691406,81.701,2.053,83.661,0.0,33.293,1
1785856556,521277588,82.233,2.176,84.299,0.0,33.292,1
1785856556,587861572,81.84,2.186,83.925,0.0,33.291,1
1785856556,654443604,80.924,2.245,82.944,33.29,33.29,1
1785856556,721023438,84.076,2.132,86.11,33.289,33.289,1
1785856556,787601318,87.439,2.636,89.957,0.0,33.288,1
1785856556,820889404,117.11,2.573,119.564,0.0,66.575,1
1785856556,887464111,87.647,2.168,89.713,0.0,33.287,1
1785856556,954036865,86.415,2.224,88.539,0.0,33.286,1
1785856557,20607422,84.682,2.118,86.694,0.0,33.284,1
1785856557,87177734,82.742,2.216,84.86,0.0,33.34,1
1785856557,153857422,82.927,2.011,84.839,0.0,33.34,1
1785856557,220537354,82.73,2.068,84.694,0.0,33.34,1
1785856557,287217285,85.565,2.071,87.539,0.0,0.0,1
1785856557,353897461,85.096,2.063,87.062,0.0,33.34,1
1785856557,420577637,84.978,2.07,86.948,0.0,33.34,1
1785856557,487257813,82.24,2.093,84.212,0.0,33.34,1
1785856557,553938232,86.76,2.056,88.718,0.0,33.34,1
1785856557,620618896,84.17,2.075,86.144,0.0,33.34,1
1785856557,687299561,86.43,2.148,88.476,0.0,33.34,1
1785856557,753980225,91.769,2.423,94.075,0.0,33.34,1
1785856557,820661133,87.457,2.052,89.413,0.0,33.34,1
1785856557,887342041,82.66,2.057,84.619,0.0,33.341,1
1785856557,954023193,82.03,2.092,84.024,0.0,33.341,1
1785856558,20704346,83.501,2.05,85.458,0.0,33.341,1
1785856558,87386230,85.833,2.226,87.944,0.0,33.35,1
1785856558,120736328,109.476,2.305,111.633,0.0,33.35,1
1785856558,154086426,127.244,2.467,129.578,0.0,66.701,1
1785856558,220787109,120.898,2.464,123.243,0.0,66.701,1
1785856558,287488037,91.205,2.249,93.343,0.0,33.351,1
1785856558,354189697,87.845,2.004,89.749,0.0,33.351,1
1785856558,420891846,84.955,2.069,86.924,0.0,33.351,1
1785856558,487594238,84.858,2.412,87.159,0.0,33.352,1
1785856558,554297363,84.43,2.213,86.473,0.0,33.352,1
1785856558,621000732,84.96,2.053,86.918,0.0,33.352,1
1785856558,687704590,86.403,2.021,88.331,0.0,33.352,1
1785856558,754409180,86.257,1.993,88.149,0.0,33.352,1
1785856558,821114014,89.026,2.135,91.062,0.0,33.353,1
1785856558,887819336,83.233,2.214,85.346,-33.353,33.353,1
1785856558,954525146,83.467,2.056,85.426,0.0,33.353,1
1785856559,21231689,85.381,2.067,87.349,0.0,33.353,1
1785856559,87938721,85.491,2.23,87.59,0.0,33.365,1
1785856559,121303711,116.313,2.126,118.325,0.0,66.784,1
1785856559,188087402,97.44,3.607,100.899,0.0,33.392,1
1785856559,221479248,120.746,2.525,123.155,0.0,66.784,1
1785856559,288263428,91.986,2.174,94.055,0.0,33.392,1
1785856559,355048096,89.665,2.013,91.575,0.0,33.392,1
1785856559,421833008,84.304,2.083,86.289,0.0,33.393,1
1785856559,488618408,82.514,2.194,84.609,0.0,33.393,1
1785856559,555404297,84.478,2.095,86.474,0.0,33.393,1
1785856559,622190674,84.276,2.053,86.234,0.0,33.393,1
1785856559,688977539,93.276,2.367,95.508,0.0,33.394,1
1785856559,722371094,118.406,2.424,120.707,0.0,66.787,1
1785856559,789158447,89.695,2.242,91.839,0.0,33.394,1
1785856559,855946289,84.542,2.178,86.61,0.0,33.394,1
1785856559,922734619,83.896,2.165,85.955,0.0,33.394,1
1785856559,989523438,83.799,2.173,85.876,0.0,33.395,1
1785856560,56312500,86.153,2.111,88.138,0.0,33.395,1
1785856560,123101563,88.206,2.43,90.504,0.0,33.384,1
1785856560,156485840,106.611,3.544,110.031,0.0,33.384,1
1785856560,189870117,121.201,2.7,123.771,0.0,66.769,1
1785856560,256638916,110.078,2.424,112.379,0.0,66.769,1
1785856560,290023438,123.867,2.379,126.135,0.0,66.769,1
1785856560,356792480,117.734,2.342,119.954,0.0,66.769,1
1785856560,423561523,94.156,6.45,100.469,0.0,33.385,1
1785856560,456946289,115.068,2.979,117.914,0.0,66.77,1
1785856560,523715820,88.023,2.139,90.064,0.0,33.385,1
1785856560,590485352,84.341,2.204,86.446,0.0,33.385,1
1785856560,657255371,82.196,2.269,84.364,0.0,33.385,1
1785856560,724025391,86.857,2.137,88.887,0.0,33.385,1
1785856560,790795410,85.861,2.33,88.086,0.0,0.0,1
1785856560,857565918,81.918,2.063,83.853,0.0,33.385,1
1785856560,924336426,83.586,2.038,85.527,0.0,33.385,1
1785856560,991107178,80.885,2.191,82.976,-33.385,33.385,1
1785856561,57878174,81.938,2.118,83.959,0.0,33.385,1
1785856561,124648682,85.615,2.278,87.785,0.0,33.378,1
1785856561,191404785,80.687,1.975,82.57,0.0,33.378,1
1785856561,258160645,83.182,1.966,85.053,0.0,33.378,1
1785856561,324916504,81.165,2.403,83.455,0.0,33.378,1
1785856561,391672363,81.054,2.073,82.981,0.0,33.378,1
1785856561,458428223,80.004,2.098,82.002,0.0,33.378,1
1785856561,525184326,81.003,2.094,82.997,0.0,33.378,1
1785856561,591939941,80.656,2.132,82.672,0.0,33.378,1
1785856561,658695801,82.23,2.009,84.14,0.0,33.378,1
1785856561,725451660,84.542,4.422,88.846,0.0,33.378,1
1785856561,792207520,115.128,2.724,117.726,0.0,66.756,1
1785856561,858963379,97.105,3.184,100.168,0.0,33.378,1
1785856561,892341309,118.0,4.267,122.136,0.0,66.756,1
1785856561,959096924,107.068,2.262,109.219,0.0,66.756,1
1785856561,992474854,122.857,2.844,125.557,0.0,66.756,1
1785856562,59230469,114.321,2.563,116.759,0.0,66.756,1
1785856562,125986084,110.78,2.252,112.92,0.0,66.735,1
1785856562,192721436,101.764,7.005,108.653,0.0,33.368,1
1785856562,226089600,114.647,3.922,118.416,0.0,66.736,1
1785856562,292825195,100.311,4.694,104.874,0.0,33.368,1
1785856562,326192871,111.893,2.897,114.668,0.0,66.735,1
1785856562,392928223,89.633,2.168,91.687,0.0,33.367,1
1785856562,459662842,80.648,2.019,82.569,0.0,33.367,1
1785856562,526397217,80.657,2.23,82.786,33.367,33.367,1
1785856562,593131348,80.305,2.038,82.198,33.367,33.367,1
1785856562,659864990,80.187,2.141,82.226,0.0,0.0,1
1785856562,726598145,86.526,2.219,88.636,0.0,33.366,1
1785856562,793331055,80.451,2.057,82.409,0.0,33.366,1
1785856562,860063477,80.117,2.399,82.415,0.0,33.366,1
1785856562,926795654,79.759,2.023,81.683,0.0,33.366,1
1785856562,993527344,83.006,2.109,84.995,0.0,33.366,1
1785856563,60258789,81.868,2.019,83.788,0.0,33.365,1
1785856563,126989746,86.199,2.299,88.384,0.0,33.365,1
1785856563,160354980,115.463,2.435,117.775,0.0,66.752,1
1785856563,227107422,86.192,2.42,88.47,0.0,33.376,1
1785856563,293859619,85.105,2.194,87.193,0.0,33.376,1
1785856563,360611572,80.696,2.072,82.667,0.0,33.376,1
1785856563,427363281,81.409,2.266,83.565,0.0,0.0,1
1785856563,494114746,81.15,2.088,83.139,0.0,0.0,1
1785856563,560865967,83.493,2.123,85.506,0.0,33.375,1
1785856563,627616943,82.849,2.134,84.884,0.0,33.375,1
1785856563,694367676,84.153,2.266,86.309,0.0,33.375,1
1785856563,761118164,84.404,2.18,86.451,0.0,33.375,1
1785856563,827868408,81.399,2.427,83.722,0.0,33.375,1
1785856563,894618408,80.999,2.056,82.961,0.0,33.375,1
1785856563,961368164,82.387,2.056,84.345,0.0,33.375,1
1785856564,28117676,81.696,2.058,83.655,0.0,33.375,1
1785856564,94866943,82.099,2.08,84.079,0.0,33.375,1
1785856564,161615479,84.358,2.085,86.338,0.0,33.353,1
1785856564,194968018,103.736,2.084,105.704,0.0,33.353,1
1785856564,261673828,94.161,2.939,96.949,0.0,0.0,1
1785856564,295027344,113.268,2.071,115.241,33.354,66.708,1
1785856564,361734863,92.079,2.861,94.742,0.0,33.354,1
1785856564,428443848,83.069,2.414,85.377,33.355,33.355,1
1785856564,495153809,80.088,2.112,82.102,0.0,33.355,1
1785856564,561864990,86.697,2.439,89.042,0.0,33.356,1
1785856564,595221191,102.599,2.18,104.671,0.0,33.356,1
1785856564,628577637,128.771,2.831,131.441,0.0,66.714,1
1785856564,695291260,118.794,5.357,124.021,0.0,66.715,1
1785856564,762006104,114.601,3.959,118.426,0.0,66.716,1
1785856564,828722168,98.275,2.696,100.831,0.0,33.358,1
1785856564,862080566,116.769,2.244,118.895,0.0,66.718,1
1785856564,928798340,87.753,2.137,89.781,0.0,33.359,1
1785856564,995517334,82.348,2.01,84.262,0.0,33.36,1
1785856565,62237549,82.389,2.277,84.563,0.0,33.361,1
1785856565,128958984,86.547,2.86,89.2,0.0,33.361,1
1785856565,162320313,90.484,2.425,92.801,0.0,33.288,1
1785856565,228895752,87.988,2.136,90.025,0.0,33.287,1
1785856565,295468750,85.391,2.285,87.493,0.0,33.286,1
1785856565,362039307,81.262,2.391,83.55,0.0,33.284,1
1785856565,428607422,79.803,2.219,81.858,33.283,33.283,1
1785856565,495172852,79.564,2.308,81.764,0.0,33.282,1
1785856565,561736084,79.958,2.243,82.103,0.0,33.281,1
1785856565,628296631,80.664,2.357,82.919,0.0,0.0,1
1785856565,694854980,84.364,2.644,86.9,33.278,33.278,1
1785856565,761410645,91.943,2.776,94.557,0.0,33.277,1
1785856565,794687744,99.938,2.568,102.362,0.0,33.276,1
1785856565,861239746,84.693,1.979,86.579,0.0,33.275,1
1785856565,927789551,82.611,2.072,84.583,0.0,33.274,1
1785856565,994336670,82.523,2.094,84.517,0.0,33.273,1
1785856566,60881348,83.708,2.111,85.72,0.0,33.271,1
1785856566,127423584,86.598,1.992,88.491,0.0,33.272,1
1785856566,193983643,82.25,2.327,84.473,0.0,33.287,1
1785856566,260556885,83.671,2.314,85.883,0.0,33.286,1
1785856566,327127686,84.454,2.632,86.973,0.0,33.285,1
1785856566,393696289,82.774,2.231,84.904,0.0,33.283,1
1785856566,460262207,82.408,2.3,84.607,0.0,33.282,1
1785856566,526825439,88.119,4.201,92.21,0.0,33.281,1
1785856566,560106445,115.051,2.618,117.532,0.0,66.56,1
1785856566,626666016,87.976,2.149,90.031,0.0,33.279,1
1785856566,693223389,89.29,2.335,91.519,0.0,33.278,1
1785856566,759778076,88.323,2.246,90.47,0.0,33.277,1
1785856566,826330322,85.041,2.394,87.324,0.0,33.275,1
1785856566,892880371,84.573,1.99,86.471,0.0,33.274,1
1785856566,959427734,81.737,2.212,83.849,0.0,0.0,1
1785856567,25972656,83.885,2.224,86.002,0.0,33.271,1
1785856567,92514893,84.821,2.134,86.855,0.0,33.27,1
1785856567,192344971,85.458,2.295,87.64,0.0,33.287,1
1785856567,225632080,112.115,2.741,114.719,0.0,66.573,1
1785856567,258918945,125.72,2.248,127.839,0.0,66.572,1
1785856567,325490479,119.624,2.469,121.969,0.0,66.569,1
1785856567,392059570,106.263,2.538,108.658,0.0,33.284,1
1785856567,425343262,125.633,3.356,128.806,0.0,66.565,1
1785856567,491908691,109.816,2.505,112.19,0.0,0.0,1
1785856567,525190430,126.672,5.246,131.788,33.281,66.562,1
1785856567,591752197,97.245,2.56,99.666,0.0,33.28,1
1785856567,658311523,94.307,2.604,96.792,0.0,33.279,1
1785856567,724868164,91.689,2.284,93.871,0.0,33.278,1
1785856567,791422607,86.949,2.215,89.055,0.0,33.276,1
1785856567,857974365,87.238,2.252,89.343,0.0,33.275,1
1785856567,924523682,86.872,2.169,88.944,0.0,33.274,1
1785856567,991070557,86.227,2.246,88.372,0.0,33.273,1
1785856568,57614990,87.186,2.074,89.16,0.0,33.271,1
1785856568,124156982,92.983,2.868,95.718,0.0,33.272,1
1785856568,157428955,106.236,3.259,109.373,0.0,0.0,1
1785856568,224245117,94.371,2.006,96.278,33.409,33.409,1
1785856568,291062988,91.178,2.406,93.478,0.0,33.409,1
1785856568,357882568,89.837,2.186,91.923,0.0,33.41,1
1785856568,424703857,87.739,2.167,89.806,-33.411,33.411,1
1785856568,491527100,86.206,2.18,88.286,0.0,33.412,1
1785856568,558352051,85.391,2.026,87.321,-33.413,33.413,1
1785856568,625178955,88.968,2.385,91.242,0.0,33.414,1
1785856568,692007324,91.999,2.451,94.34,0.0,33.415,1
1785856568,758837646,93.503,2.091,95.493,0.0,33.416,1
1785856568,825669678,88.326,1.986,90.212,0.0,33.417,1
1785856568,892503418,85.33,1.973,87.205,0.0,0.0,1
1785856568,959339111,87.909,2.154,89.958,33.418,33.418,1
1785856569,26176514,87.741,2.056,89.698,0.0,33.419,1
1785856569,93015625,87.731,2.092,89.719,0.0,33.42,1
1785856569,193262207,85.262,2.144,87.27,0.0,33.408,1
1785856569,260078613,89.573,2.672,92.141,0.0,33.409,1
1785856569,293487549,118.2,2.669,120.742,0.0,33.409,1
1785856569,360306885,106.495,5.333,111.686,0.0,33.41,1
1785856569,393717041,122.327,2.535,124.749,0.0,66.822,1
1785856569,460538818,107.666,2.572,110.114,0.0,33.412,1
1785856569,493950439,121.193,2.034,123.134,0.0,66.824,1
1785856569,594187744,85.744,2.139,87.783,0.0,33.413,1
1785856569,661014893,85.612,2.528,88.033,0.0,33.414,1
1785856569,727843750,92.062,1.948,93.92,0.0,33.415,1
1785856569,794674316,84.043,2.104,86.035,0.0,33.416,1
1785856569,861506836,83.546,2.013,85.462,0.0,33.417,1
1785856569,928341064,85.582,1.983,87.471,0.0,33.418,1
1785856569,995177002,84.094,2.103,86.087,0.0,33.419,1
1785856570,62014648,83.015,2.289,85.147,0.0,33.42,1
1785856570,128854248,86.642,2.161,88.707,0.0,33.419,1
1785856570,195609375,83.583,1.986,85.475,0.0,33.336,1
1785856570,262281738,88.338,2.296,90.504,0.0,33.336,1
1785856570,295618164,117.897,6.486,124.095,0.0,66.672,1
1785856570,362290527,94.246,2.432,96.551,0.0,33.336,1
1785856570,428962891,87.487,2.091,89.476,0.0,33.336,1
1785856570,495635254,84.68,2.067,86.649,0.0,33.336,1
1785856570,562307617,84.094,2.001,86.001,0.0,33.336,1
1785856570,628979980,84.802,2.158,86.857,0.0,33.336,1
1785856570,695652100,89.524,2.578,91.988,0.0,33.336,1
1785856570,762324463,86.925,2.118,88.942,0.0,33.336,1
1785856570,828996582,84.264,2.195,86.36,0.0,33.336,1
1785856570,895668701,83.787,2.219,85.906,0.0,33.336,1
1785856570,962340576,82.64,2.067,84.606,0.0,0.0,1
1785856571,29012695,84.459,2.001,86.352,0.0,33.336,1
1785856571,95684570,83.96,2.11,85.969,0.0,33.336,1
1785856571,162356934,87.074,2.186,89.163,0.0,33.339,1
1785856571,229035645,83.689,2.204,85.791,0.0,33.339,1
1785856571,295714355,85.348,2.665,87.897,0.0,33.34,1
1785856571,329053955,121.848,2.236,123.965,0.0,66.679,1
1785856571,395732666,91.968,2.178,94.044,0.0,33.34,1
1785856571,495751221,85.638,2.393,87.878,0.0,33.34,1
1785856571,562430420,86.2,2.075,88.173,-33.34,33.34,1
1785856571,629109619,88.493,2.113,90.448,0.0,33.34,1
1785856571,695789063,89.21,2.278,91.376,33.34,33.34,1
1785856571,762468506,92.369,2.37,94.62,0.0,33.34,1
1785856571,795808350,124.45,2.549,126.882,0.0,66.679,1
1785856571,862487793,96.99,3.157,100.023,0.0,33.34,1
1785856571,929167480,89.109,2.062,91.071,0.0,0.0,1
1785856571,995847412,87.219,2.135,89.25,0.0,33.34,1
1785856572,62527100,84.501,2.445,86.795,0.0,33.34,1
1785856572,129207275,90.187,2.186,92.201,0.0,33.34,1
1785856572,195851807,85.392,2.025,87.321,0.0,33.304,1
1785856572,262458740,85.766,2.071,87.738,0.0,33.303,1
1785856572,329063721,86.821,2.223,88.93,0.0,33.302,1
1785856572,362365479,125.126,14.978,139.708,0.0,66.602,1
1785856572,428967529,106.092,4.903,110.864,0.0,33.301,1
1785856572,462268066,120.457,2.131,122.473,0.0,33.3,1
1785856572,528867188,88.739,2.111,90.745,33.299,33.299,1
1785856572,595464844,86.298,2.087,88.287,0.0,33.298,1
1785856572,662060303,88.987,2.073,90.955,0.0,33.297,1
1785856572,728653809,91.608,2.021,93.528,0.0,33.296,1
1785856572,795245605,94.004,2.182,96.074,33.295,33.295,1
1785856572,861835449,86.37,2.244,88.512,0.0,33.294,1
1785856572,928423340,88.757,2.13,90.788,0.0,33.293,1
1785856572,995009521,85.426,2.193,87.519,0.0,33.292,1
1785856573,61593750,87.182,2.047,89.131,0.0,33.291,1
1785856573,128176025,92.947,2.586,95.387,0.0,33.292,1
1785856573,161467773,113.888,4.081,117.828,0.0,33.348,1
1785856573,194815918,132.634,3.141,135.633,0.0,66.76,1
1785856573,261575439,116.464,2.674,119.024,0.0,33.38,1
1785856573,328334961,106.275,5.671,111.415,0.0,33.38,1
1785856573,361714844,125.101,2.78,127.689,0.0,66.76,1
1785856573,428474609,95.212,2.439,97.538,0.0,33.38,1
1785856573,495234131,88.928,2.62,91.445,0.0,33.38,1
1785856573,561993896,87.044,2.097,89.036,0.0,33.38,1
1785856573,628753418,89.014,2.234,91.148,0.0,33.38,1
1785856573,695513184,91.288,2.397,93.515,0.0,33.38,1
1785856573,762272949,98.037,2.893,100.797,0.0,0.0,1
1785856573,795652832,119.259,2.29,121.432,-33.38,66.76,1
1785856573,862412598,94.852,2.318,97.023,0.0,33.38,1
1785856573,929172363,87.756,2.046,89.703,0.0,33.38,1
1785856573,995932373,86.479,2.076,88.456,0.0,33.38,1
1785856574,62692139,88.468,2.055,90.426,0.0,33.38,1
1785856574,129451904,105.919,8.695,113.984,0.0,33.38,1
1785856574,162832031,118.293,2.812,120.972,0.0,66.752,1
1785856574,229583984,95.014,2.647,97.444,0.0,33.373,1
1785856574,296329346,86.975,2.406,89.269,33.373,33.373,1
1785856574,363074463,89.902,3.073,92.841,33.372,33.372,1
1785856574,396446777,97.73,2.937,100.547,0.0,33.373,1
1785856574,463191650,89.236,2.176,91.307,0.0,33.372,1
1785856574,529936279,86.07,2.168,88.14,0.0,33.372,1
1785856574,596680908,85.016,2.296,87.148,0.0,33.372,1
1785856574,663425049,88.381,2.518,90.792,-33.372,33.372,1
1785856574,730168945,90.939,2.124,92.961,0.0,33.372,1
1785856574,796912842,86.644,3.496,90.028,0.0,33.372,1
1785856574,863656494,85.3,2.032,87.229,0.0,33.372,1
1785856574,930399902,85.753,2.239,87.876,0.0,33.372,1
1785856574,997143066,86.302,2.101,88.287,0.0,33.372,1
1785856575,63886230,85.055,2.256,87.209,0.0,33.371,1
1785856575,130628906,86.346,2.142,88.391,0.0,33.371,1
1785856575,197371094,89.13,2.133,91.143,0.0,33.408,1
1785856575,264187256,86.976,2.21,89.017,-33.408,33.409,1
1785856575,331005615,85.747,2.023,87.671,0.0,33.41,1
1785856575,397825439,87.939,2.254,90.087,0.0,33.411,1
1785856575,431236084,110.115,4.062,114.044,0.0,33.411,1
1785856575,464647217,130.581,3.312,133.682,0.0,66.823,1
1785856575,531470703,115.825,2.998,118.699,0.0,66.825,1
1785856575,598296143,89.491,2.194,91.585,0.0,33.413,1
1785856575,665123291,91.091,2.48,93.463,0.0,33.414,1
1785856575,731952148,89.98,2.233,92.118,0.0,33.415,1
1785856575,798782959,89.374,2.184,91.454,0.0,33.416,1
1785856575,832198975,104.12,3.756,107.758,0.0,33.417,1
1785856575,865615479,117.671,2.652,120.217,0.0,66.834,1
1785856575,932449707,97.236,3.197,100.305,0.0,33.418,1
1785856576,32704590,84.633,2.174,86.705,0.0,33.419,1
1785856576,99543213,83.407,2.253,85.562,0.0,33.42,1
1785856576,166383789,88.517,2.009,90.431,33.419,33.419,1
1785856576,233157471,82.578,2.021,84.501,-33.354,33.409,1
1785856576,299976074,83.459,2.084,85.432,0.0,33.41,1
1785856576,366796387,86.798,2.147,88.833,0.0,33.411,1
1785856576,433618408,83.682,2.751,86.322,0.0,33.412,1
1785856576,467030273,105.638,2.51,108.023,0.0,33.412,1
1785856576,533855225,87.957,2.122,89.98,0.0,33.413,1
1785856576,600681885,82.5,2.32,84.712,-33.414,33.414,1
1785856576,667510254,85.298,2.237,87.434,0.0,0.0,1
1785856576,734340820,89.402,2.426,91.717,0.0,33.416,1
1785856576,801172852,89.039,3.872,92.794,0.0,33.417,1
1785856576,868006836,87.798,2.218,89.905,0.0,33.418,1
1785856576,934842529,83.064,2.683,85.644,0.0,33.419,1
1785856577,1680176,81.621,2.09,83.611,0.0,0.0,1
1785856577,68519531,82.561,2.1,84.563,0.0,33.42,1
1785856577,135360840,88.233,2.095,90.199,0.0,33.421,1
1785856577,202203857,83.182,1.968,85.057,0.0,33.421,1
1785856577,268955811,84.956,1.966,86.83,0.0,33.331,1
1785856577,335618408,84.584,2.492,86.954,0.0,33.331,1
1785856577,402280762,81.288,2.169,83.357,0.0,33.331,1
1785856577,468942871,84.309,2.046,86.253,0.0,33.331,1
1785856577,535604736,85.146,2.182,87.229,0.0,33.331,1
1785856577,602266602,84.723,1.986,86.615,0.0,33.331,1
1785856577,668928223,82.785,2.131,84.812,0.0,33.331,1
1785856577,735589600,84.709,2.196,86.799,0.0,33.331,1
1785856577,802250732,83.031,7.639,90.471,0.0,33.331,1
1785856577,868911865,82.575,2.115,84.593,0.0,33.331,1
1785856577,935572754,82.812,2.146,84.857,0.0,33.331,1
1785856578,2233643,81.163,2.024,83.09,0.0,33.33,1
1785856578,68894043,82.728,2.221,84.851,0.0,33.33,1
1785856578,135554443,86.837,2.131,88.87,0.0,33.33,1
1785856578,202214600,83.729,2.33,85.948,0.0,33.331,1
1785856578,302221924,83.853,2.105,85.852,0.0,0.0,1
1785856578,368898193,86.18,2.008,88.091,0.0,33.338,1
1785856578,435574707,84.431,2.084,86.413,0.0,0.0,1
1785856578,502251221,84.663,2.212,86.766,0.0,33.338,1
1785856578,535589600,103.854,2.395,106.122,0.0,33.338,1
1785856578,568927979,126.276,3.305,129.429,0.0,66.677,1
1785856578,635604736,122.622,2.395,124.895,0.0,66.677,1
1785856578,702281250,123.107,2.507,125.493,0.0,66.677,1
1785856578,768958252,106.625,2.358,108.851,0.0,33.338,1
1785856578,835635010,86.783,2.201,88.774,0.0,33.338,1
1785856578,902312012,82.245,2.084,84.232,33.338,33.338,1
1785856578,968989014,84.546,2.253,86.688,0.0,33.338,1
1785856579,35666016,86.894,1.925,88.727,0.0,33.338,1
1785856579,102343018,83.269,2.138,85.294,0.0,33.339,1
1785856579,235697998,81.868,2.105,83.862,0.0,0.0,1
1785856579,302406738,85.397,2.101,87.397,0.0,33.355,1
1785856579,369116211,86.489,2.039,88.399,0.0,33.355,1
1785856579,435826660,83.676,1.959,85.541,-33.355,33.355,1
1785856579,502537598,85.966,2.21,88.075,0.0,33.356,1
1785856579,569249512,87.49,2.356,89.735,0.0,33.356,1
1785856579,602605713,115.656,2.491,118.028,0.0,33.356,1
1785856579,669318848,94.164,3.112,97.141,0.0,33.357,1
1785856579,702675781,128.11,2.681,130.665,0.0,66.714,1
1785856579,769389893,98.061,3.129,101.062,0.0,33.357,1
1785856579,836104980,89.068,2.071,91.038,0.0,33.358,1
1785856579,902820801,84.005,2.24,86.138,0.0,33.358,1
1785856579,969537354,85.011,2.127,87.015,0.0,33.358,1
1785856580,36254639,84.812,1.977,86.696,0.0,33.359,1
1785856580,102972656,83.491,2.241,85.631,0.0,33.359,1
1785856580,169691650,89.901,2.089,91.889,-33.36,33.36,1
1785856580,236411377,81.7,2.123,83.723,0.0,33.312,1
1785856580,303035645,82.355,2.24,84.492,0.0,0.0,1
1785856580,369658447,85.457,2.215,87.413,0.0,33.311,1
1785856580,436279541,82.733,2.074,84.711,33.31,33.31,1
1785856580,502898926,85.937,2.208,88.044,33.309,33.309,1
1785856580,569516846,84.034,2.441,86.368,0.0,33.308,1
1785856580,636133057,86.986,2.194,89.084,0.0,33.308,1
1785856580,702747803,86.916,3.122,89.925,0.0,33.307,1
1785856580,769360840,87.207,2.004,89.112,33.306,33.306,1
1785856580,835972412,90.11,2.117,92.129,0.0,33.305,1
1785856580,902582275,84.443,1.986,86.337,0.0,33.304,1
1785856580,969190430,88.531,2.33,90.754,0.0,33.304,1
1785856581,35797119,85.709,2.466,88.007,0.0,33.303,1
1785856581,102402100,86.568,2.048,88.516,0.0,33.302,1
1785856581,169005615,94.832,2.465,97.17,0.0,33.301,1
1785856581,202306885,117.754,2.749,120.367,0.0,66.693,1
1785856581,268999756,90.771,2.236,92.905,0.0,33.391,1
1785856581,335781494,90.226,2.637,92.755,0.0,33.391,1
1785856581,402563477,85.19,2.025,87.117,0.0,33.391,1
1785856581,469346191,84.813,2.026,86.74,0.0,33.391,1
1785856581,536129150,87.912,2.117,89.93,0.0,33.392,1
1785856581,602912598,85.035,2.17,87.095,0.0,33.392,1
1785856581,636304443,123.147,9.259,132.282,0.0,66.784,1
1785856581,703088379,109.029,2.352,111.257,0.0,33.392,1
1785856581,736480713,135.179,3.288,138.342,0.0,66.784,1
1785856581,803265137,118.584,4.844,123.282,0.0,66.785,1
1785856581,870050293,94.606,2.33,96.818,0.0,33.393,1
1785856581,936835693,86.907,2.116,88.926,0.0,33.393,1
1785856582,3621582,84.277,2.173,86.344,0.0,33.393,1
1785856582,70407959,83.974,2.257,86.116,0.0,33.393,1
1785856582,137194580,89.354,2.828,91.209,0.0,33.393,1
1785856582,203981689,87.989,2.093,89.982,33.393,33.393,1
1785856582,270756348,87.169,2.115,89.187,0.0,33.382,1
1785856582,337520020,88.428,2.371,90.685,0.0,33.382,1
1785856582,404283691,82.948,2.176,85.015,-33.382,33.382,1
1785856582,471047607,82.821,2.144,84.864,-33.382,-33.382,1
1785856582,537811768,83.05,2.106,85.058,0.0,33.382,1
1785856582,604575928,84.647,2.334,86.739,0.0,33.382,1
1785856582,671340088,95.69,3.886,98.92,0.0,33.382,1
1785856582,704722168,120.546,2.487,122.907,0.0,66.764,1
1785856582,771486572,95.835,3.228,98.847,0.0,33.382,1
1785856582,804868652,115.692,2.539,118.115,0.0,66.765,1
1785856582,838250977,130.675,5.702,135.751,0.0,66.765,1
1785856582,905015625,118.642,2.395,120.878,0.0,66.765,1
1785856582,971780273,88.456,2.164,90.52,0.0,33.382,1
1785856583,38544922,85.409,2.217,87.517,0.0,33.383,1
1785856583,105309814,84.766,2.419,87.087,0.0,33.383,1
1785856583,172074951,87.112,2.085,89.097,0.0,33.382,1
1785856583,238839355,95.369,4.264,99.397,0.0,33.359,1
1785856583,272198730,116.244,2.177,118.321,0.0,66.748,1
1785856583,305572754,116.237,2.214,118.314,0.0,33.374,1
1785856583,405694336,86.973,2.145,89.017,0.0,33.374,1
1785856583,472441895,83.572,2.287,85.756,0.0,33.374,1
1785856583,539189209,83.69,2.112,85.7,0.0,33.374,1
1785856583,605936279,86.038,2.248,88.175,0.0,33.374,1
1785856583,639309814,115.875,2.335,118.1,0.0,66.747,1
1785856583,706056641,104.61,2.4,106.893,0.0,33.374,1
1785856583,739430176,141.336,2.391,143.614,0.0,66.747,1
1785856583,806176758,125.867,2.616,128.356,0.0,66.746,1
1785856583,872923096,106.318,3.242,109.368,0.0,33.373,1
1785856583,906296387,124.829,2.306,127.008,0.0,66.746,1
1785856583,973042725,99.667,3.481,103.008,0.0,33.373,1
1785856584,39788574,91.49,2.332,93.695,0.0,33.373,1
1785856584,106534668,85.467,2.126,87.495,0.0,33.373,1
1785856584,173280273,84.192,2.004,86.099,0.0,33.373,1
1785856584,240025879,88.874,2.185,90.959,0.0,33.372,1
1785856584,306807861,84.573,2.138,86.611,0.0,33.41,1
1785856584,407039307,82.178,2.469,84.538,-33.411,33.411,1
1785856584,473862305,82.264,2.121,84.287,0.0,33.412,1
1785856584,540687500,85.212,2.24,87.353,0.0,33.413,1
1785856584,607514404,83.614,2.677,86.185,-33.414,33.414,1
1785856584,640928467,119.681,2.404,121.963,0.0,66.83,1
1785856584,707758057,95.041,2.491,97.409,0.0,0.0,1
1785856584,774589355,96.058,3.475,99.406,0.0,33.417,1
1785856584,808005859,118.876,2.749,121.493,0.0,66.834,1
1785856584,874840088,98.25,6.834,103.863,0.0,0.0,1
1785856584,908257813,115.525,2.679,118.008,-33.418,66.837,1
1785856584,975094727,89.194,2.048,91.144,0.0,33.419,1
1785856585,41933594,85.696,2.057,87.662,0.0,33.42,1
1785856585,108774170,87.408,1.941,89.259,0.0,33.421,1
1785856585,175616455,83.906,2.135,85.926,0.0,33.422,1
1785856585,242460693,88.908,2.894,91.67,0.0,33.421,1
1785856585,275882080,113.035,2.425,115.336,0.0,33.409,1
1785856585,342701172,94.722,3.108,97.693,-33.41,33.41,1
1785856585,376111328,114.176,3.061,117.102,0.0,33.411,1
1785856585,442933105,87.455,2.357,89.712,-33.411,33.412,1
1785856585,509756592,83.029,2.185,85.114,0.0,33.413,1
1785856585,576582031,80.139,1.983,82.025,0.0,33.413,1
1785856585,643409180,83.423,2.376,85.685,0.0,33.414,1
1785856585,676823486,114.117,2.307,116.319,0.0,66.83,1
1785856585,743653320,111.83,2.004,113.738,0.0,66.832,1
1785856585,810485107,92.174,3.245,95.282,0.0,0.0,1
1785856585,843901611,108.401,4.238,112.508,-33.417,33.417,1
1785856585,877318604,120.997,2.652,123.519,0.0,66.835,1
1785856585,944154053,112.041,2.765,114.678,0.0,66.837,1
1785856586,10991211,93.216,3.286,96.359,0.0,33.419,1
1785856586,44410645,111.873,3.171,114.911,0.0,66.84,1
1785856586,111250488,88.998,2.939,91.817,0.0,33.421,1
1785856586,178092285,80.866,2.33,83.093,0.0,33.421,1
1785856586,244935791,80.176,2.623,82.53,0.0,33.421,1
1785856586,311729492,79.406,2.2,81.507,0.0,33.38,1
1785856586,378489990,94.643,8.096,102.611,0.0,33.38,1
1785856586,411870361,116.29,2.304,118.485,0.0,66.761,1
1785856586,478631104,87.823,2.74,90.449,0.0,33.38,1
1785856586,545391602,84.293,2.336,86.526,0.0,33.38,1
1785856586,612152344,82.005,2.112,84.02,0.0,33.38,1
1785856586,678913086,91.549,2.917,94.292,0.0,33.38,1
1785856586,712293213,117.546,2.984,120.395,0.0,66.761,1
1785856586,745673584,154.525,4.341,157.571,-33.38,66.761,1
1785856586,812434326,140.335,2.578,142.782,0.0,66.76,1
1785856586,879194824,112.3,2.471,114.653,0.0,66.761,1
1785856586,945955566,94.919,4.061,98.723,0.0,33.38,1
1785856586,979335938,113.367,2.206,115.461,0.0,66.76,1
1785856587,46096436,82.799,2.274,84.971,0.0,33.38,1
1785856587,112857178,79.549,2.059,81.511,0.0,33.38,1
1785856587,179617920,81.093,2.133,83.12,0.0,33.38,1
1785856587,246378418,78.952,2.133,80.984,0.0,33.38,1
1785856587,313138916,78.507,2.051,80.456,0.0,33.284,1
1785856587,379707275,79.762,2.065,81.727,0.0,33.283,1
1785856587,446272949,78.187,2.291,80.373,0.0,33.282,1
1785856587,512836182,80.201,2.216,82.319,0.0,33.281,1
1785856587,579396729,83.401,1.973,85.283,0.0,33.279,1
1785856587,645954834,79.819,2.224,81.943,0.0,33.278,1
1785856587,712510254,86.454,2.206,88.544,0.0,33.277,1
1785856587,745786865,121.358,2.022,123.274,0.0,66.552,1
1785856587,812338623,110.276,4.811,114.943,0.0,66.549,1
1785856587,878887451,83.649,2.087,85.637,0.0,33.273,1
1785856587,945433838,81.294,2.38,83.564,0.0,33.272,1
1785856588,45248535,79.834,2.108,81.829,0.0,33.27,1
1785856588,111788330,80.339,2.06,82.3,0.0,33.269,1
1785856588,178325684,83.794,2.021,85.717,0.0,33.268,1
1785856588,244860596,81.005,2.323,83.213,0.0,33.266,1
1785856588,311395020,84.245,2.368,86.364,0.0,33.281,1
1785856588,377957520,83.632,2.21,85.741,0.0,33.28,1
1785856588,444517090,82.743,2.54,85.18,0.0,33.279,1
1785856588,511074219,85.003,2.333,87.161,0.0,33.278,1
1785856588,577628662,82.467,2.156,84.521,0.0,33.276,1
1785856588,644180420,83.592,2.113,85.602,0.0,33.275,1
1785856588,710729492,87.657,2.55,90.099,0.0,33.274,1
1785856588,744003174,111.034,2.825,113.725,0.0,66.545,1
1785856588,777276123,124.468,2.176,126.535,0.0,66.544,1
1785856588,843819824,113.913,2.628,116.41,0.0,33.271,1
1785856588,910360840,85.769,2.362,88.028,33.27,33.27,1
1785856588,976899170,84.775,2.153,86.828,0.0,33.268,1
1785856589,43435059,82.349,2.21,84.459,0.0,0.0,1
1785856589,109968018,85.438,2.029,87.372,0.0,33.266,1
1785856589,176498535,85.873,2.096,87.866,0.0,33.264,1
1785856589,243026123,84.267,2.05,86.223,0.0,0.0,1
1785856589,309553467,85.652,2.085,87.636,33.324,33.324,1
1785856589,376201904,84.851,2.035,86.787,0.0,33.324,1
1785856589,442849854,84.41,2.095,86.408,0.0,33.324,1
1785856589,509497314,83.584,2.11,85.596,0.0,33.324,1
1785856589,576144531,84.237,2.153,86.291,0.0,33.323,1
1785856589,642791260,90.299,2.103,92.305,0.0,33.323,1
1785856589,709437500,95.498,4.391,99.496,0.0,33.323,1
1785856589,742760254,120.802,2.184,122.799,0.0,66.646,1
1785856589,809406006,103.586,3.206,106.65,0.0,33.323,1
1785856589,842728516,117.04,2.742,119.644,0.0,33.323,1
1785856589,909373535,94.225,4.486,98.588,33.322,33.322,1
1785856589,942695801,117.456,2.881,120.195,0.0,66.644,1
1785856590,9340088,94.7,3.35,97.843,0.0,33.322,1
1785856590,42662109,109.805,3.832,113.505,0.0,33.322,1
1785856590,75983887,124.744,2.92,127.512,0.0,66.644,1
1785856590,142627441,108.058,2.743,110.628,0.0,33.322,1
1785856590,175948975,133.122,5.103,138.106,0.0,66.643,1
1785856590,242591553,104.445,4.126,108.41,0.0,33.321,1
1785856590,275912842,126.315,2.628,128.81,0.0,66.653,1
1785856590,342566162,103.546,2.488,105.927,0.0,33.331,1
1785856590,375897461,123.552,2.63,126.06,0.0,66.663,1
1785856590,442560303,112.793,2.894,115.551,0.0,33.331,1
1785856590,475891602,120.957,2.125,122.979,0.0,66.662,1
1785856590,575885010,88.036,2.091,90.028,0.0,33.331,1
1785856590,642547119,84.535,2.217,86.58,0.0,33.331,1
1785856590,709209229,90.966,2.053,92.915,33.331,33.331,1
1785856590,775870850,96.624,4.159,100.624,0.0,33.331,1
1785856590,809201660,121.883,2.13,123.909,0.0,66.662,1
1785856590,875863281,90.976,2.068,92.943,0.0,33.331,1
1785856590,942524414,85.949,2.17,88.006,0.0,33.331,1
1785856591,9185547,85.193,2.082,87.139,0.0,33.331,1
1785856591,75846436,85.278,2.445,87.624,0.0,33.331,1
1785856591,142507324,88.388,2.033,90.321,0.0,0.0,1
1785856591,209167725,83.572,2.185,85.658,0.0,33.33,1
1785856591,275828125,87.029,2.401,89.322,0.0,33.331,1
1785856591,342576904,90.472,2.403,92.761,0.0,33.418,1
1785856591,409414307,85.66,2.253,87.813,0.0,33.419,1
1785856591,476253906,85.667,2.121,87.687,0.0,33.421,1
1785856591,543095703,86.318,2.059,88.28,0.0,33.422,1
1785856591,609939453,83.762,2.158,85.823,0.0,33.423,1
1785856591,676785400,88.262,2.223,90.379,0.0,33.424,1
1785856591,743633301,89.049,2.186,91.123,0.0,33.425,1
1785856591,810483643,93.558,2.257,95.689,0.0,33.426,1
1785856591,843909424,118.307,2.374,120.584,0.0,66.853,1
1785856591,910762695,98.159,3.119,101.147,0.0,0.0,1
1785856591,944190186,119.508,2.227,121.615,-33.427,66.856,1
1785856592,11046387,89.976,2.047,91.93,0.0,33.429,1
1785856592,77905029,84.846,1.988,86.74,0.0,33.43,1
1785856592,144765625,90.362,2.601,92.821,0.0,33.431,1
1785856592,178196777,101.153,2.632,103.644,0.0,33.432,1
1785856592,245060547,88.943,2.055,90.899,-33.432,33.433,1
1785856592,311924561,83.918,2.169,85.98,0.0,33.417,1
1785856592,378758789,87.294,2.265,89.463,0.0,33.418,1
1785856592,445594971,82.173,2.229,84.304,-33.418,33.419,1
1785856592,512433350,83.832,2.095,85.826,-33.419,33.42,1
1785856592,579273682,83.042,2.063,85.006,0.0,33.421,1
1785856592,646115967,87.066,2.243,89.202,0.0,33.422,1
1785856592,712960693,90.424,3.883,94.147,0.0,33.423,1
1785856592,746383545,115.918,3.085,118.871,0.0,33.424,1
1785856592,813231201,93.949,2.647,96.465,-33.424,-33.424,1
1785856592,846656006,117.032,5.16,122.069,33.425,66.851,1
1785856592,913506592,98.769,2.576,101.214,0.0,33.426,1
1785856592,946932861,118.62,4.594,123.035,0.0,66.854,1
1785856593,13786865,107.508,2.764,110.146,0.0,0.0,1
1785856593,47214600,118.829,2.71,121.405,-33.428,66.857,1
1785856593,114071533,103.56,3.334,106.752,0.0,33.429,1
1785856593,147500732,124.876,2.648,127.362,0.0,66.86,1
1785856593,214361084,99.053,3.401,102.319,0.0,0.0,1
1785856593,281223145,93.638,2.991,96.494,0.0,33.43,1
1785856593,314653564,111.12,2.393,113.385,0.0,33.296,1
1785856593,381246094,89.964,2.127,91.987,0.0,33.295,1
1785856593,447836426,82.551,2.254,84.702,33.294,33.294,1
1785856593,514424805,84.253,2.22,86.376,0.0,33.293,1
1785856593,581010742,82.011,2.128,84.043,0.0,33.292,1
1785856593,647594727,85.097,2.038,87.037,0.0,33.291,1
1785856593,714176514,89.154,2.231,91.264,0.0,33.29,1
1785856593,780756104,87.436,2.047,89.386,0.0,33.289,1
1785856593,847333496,83.002,2.204,85.097,0.0,33.288,1
1785856593,880621338,100.316,3.942,104.122,0.0,33.288,1
1785856593,947195557,84.513,1.989,86.409,0.0,33.286,1
1785856594,13767822,85.785,2.232,87.919,0.0,33.285,1
1785856594,80337646,86.56,1.938,88.408,0.0,33.284,1
1785856594,146905273,84.905,2.161,86.959,0.0,33.283,1
1785856594,213470947,82.966,2.394,85.248,0.0,33.282,1
1785856594,280034180,83.943,2.127,85.97,0.0,33.283,1
1785856594,346613281,87.963,2.868,90.723,0.0,33.296,1
1785856594,413204346,85.108,2.975,87.977,0.0,33.295,1
1785856594,479793213,84.259,2.018,86.182,0.0,33.294,1
1785856594,546379883,84.333,2.619,86.749,0.0,33.292,1
1785856594,612964355,84.048,2.269,86.216,0.0,33.292,1
1785856594,679546631,88.348,2.418,90.554,33.291,33.291,1
1785856594,746126953,93.31,4.063,97.078,0.0,33.289,1
1785856594,779416016,114.446,3.5,117.823,0.0,33.289,1
1785856594,812704834,131.594,3.2,134.657,0.0,66.576,1
1785856594,879280762,102.601,6.273,108.604,0.0,33.287,1
1785856594,912567627,120.092,2.842,122.707,0.0,66.573,1
1785856594,979140381,104.937,3.77,108.553,0.0,33.285,1
1785856595,12425781,119.469,2.949,122.282,0.0,66.569,1
1785856595,78995117,92.806,2.145,94.81,0.0,33.284,1
1785856595,145562256,93.318,4.126,97.206,0.0,33.283,1
1785856595,178844971,122.709,2.047,124.656,0.0,66.564,1
1785856595,245408691,92.714,2.094,94.709,0.0,33.281,1
1785856595,311972168,89.725,2.081,91.706,0.0,33.296,1
1785856595,378564209,94.685,2.626,97.188,0.0,33.295,1
1785856595,478447998,85.73,2.038,87.624,0.0,33.293,1
1785856595,545034424,87.159,2.054,89.119,0.0,33.292,1
1785856595,611618652,85.487,2.039,87.434,33.292,33.292,1
1785856595,678200928,90.982,2.308,93.183,0.0,33.29,1
1785856595,744780762,92.439,2.235,94.558,0.0,0.0,1
1785856595,811358643,88.192,1.999,90.08,0.0,33.288,1
1785856595,877934326,87.314,2.056,89.271,0.0,33.287,1
1785856595,944507813,88.728,2.019,90.649,0.0,33.286,1
1785856596,11078857,89.277,2.091,91.267,0.0,33.285,1
1785856596,77647949,86.84,2.178,88.895,0.0,33.284,1
1785856596,144214844,94.327,2.09,96.319,0.0,33.283,1
1785856596,177497559,122.064,2.427,124.371,0.0,66.564,1
1785856596,244061279,96.178,2.51,98.571,0.0,33.281,1
1785856596,310624268,91.046,2.244,93.19,0.0,33.296,1
1785856596,377215820,91.039,2.146,93.069,0.0,33.295,1
1785856596,443805420,93.155,1.944,95.009,0.0,33.294,1
1785856596,510393066,89.352,1.971,91.23,0.0,33.293,1
1785856596,576978271,90.745,2.224,92.868,0.0,33.292,1
1785856596,643561279,89.138,2.131,91.166,0.0,0.0,1
1785856596,710142090,102.869,2.925,105.391,0.0,33.29,1
1785856596,743431885,128.583,2.212,130.686,0.0,66.578,1
1785856596,810009521,125.287,2.135,127.322,0.0,66.575,1
1785856596,876584961,109.893,2.723,112.486,0.0,33.287,1
1785856596,909871826,133.656,2.831,136.364,0.0,66.572,1
1785856596,976443848,110.933,2.563,113.371,0.0,33.285,1
1785856597,9729248,133.009,2.72,135.519,0.0,66.569,1
1785856597,109581787,93.347,2.047,95.294,0.0,33.283,1
1785856597,176147461,92.121,2.199,94.223,0.0,33.282,1
1785856597,242710693,90.352,2.189,92.443,0.0,33.281,1
1785856597,309273438,89.938,2.081,91.921,0.0,33.339,1
1785856597,375952148,93.453,2.026,95.385,-33.339,33.339,1
1785856597,442631104,89.656,2.253,91.79,0.0,33.339,1
1785856597,509310059,90.443,2.16,92.502,0.0,0.0,1
1785856597,575989014,90.062,2.054,92.018,0.0,33.34,1
1785856597,642668213,92.561,2.06,94.523,0.0,33.34,1
1785856597,709347412,96.723,2.232,98.84,0.0,0.0,1
1785856597,776026855,93.716,1.991,95.613,0.0,33.34,1
1785856597,842706299,89.582,2.145,91.628,0.0,33.34,1
1785856597,909385986,90.538,2.345,92.78,0.0,33.34,1
1785856597,976065674,90.096,2.297,92.245,0.0,33.34,1
1785856598,42745605,90.745,2.202,92.824,33.34,33.34,1
1785856598,76085449,107.199,2.483,109.543,0.0,33.34,1
1785856598,142765381,96.909,1.957,98.773,0.0,33.34,1
1785856598,209445557,90.83,2.14,92.873,0.0,33.34,1
1785856598,276125732,90.796,2.145,92.841,0.0,33.34,1
1785856598,376157959,91.112,2.287,93.298,0.0,33.346,1
1785856598,442850586,90.582,2.577,93.055,0.0,33.346,1
1785856598,509543457,89.279,2.241,91.42,-33.346,33.347,1
1785856598,576236816,89.053,2.053,91.008,-33.347,33.347,1
1785856598,642930420,90.162,2.127,92.19,0.0,33.347,1
1785856598,709624512,91.433,2.349,93.672,0.0,33.347,1
1785856598,776318848,94.391,2.052,96.345,0.0,33.347,1
1785856598,843013428,91.473,2.143,93.505,0.0,0.0,1
1785856598,909708496,93.612,2.045,95.559,0.0,33.348,1
1785856598,976403809,93.724,2.075,95.698,0.0,33.348,1
1785856599,43099365,92.109,2.293,94.221,0.0,33.348,1
1785856599,76447510,121.916,2.744,124.529,0.0,66.696,1
1785856599,143143555,98.253,2.206,100.355,0.0,33.348,1
1785856599,209840088,94.097,2.08,96.078,0.0,33.348,1
1785856599,276536865,93.321,2.238,95.461,0.0,33.348,1
1785856599,343238525,92.8,2.221,94.918,0.0,33.354,1
1785856599,409945557,90.124,2.153,92.174,0.0,33.354,1
1785856599,476653076,89.988,2.09,91.974,0.0,33.354,1
1785856599,543361328,93.843,2.522,96.25,0.0,33.354,1
1785856599,610070313,93.566,2.037,95.506,0.0,33.354,1
1785856599,676779785,96.622,2.466,98.969,0.0,33.355,1
1785856599,710134521,124.89,2.345,127.125,0.0,66.71,1
1785856599,776844971,110.639,3.322,113.725,0.0,33.355,1
1785856599,810200195,130.418,3.027,133.195,0.0,66.711,1
1785856599,876911377,118.751,2.743,121.364,0.0,66.712,1
1785856599,910267334,125.276,2.168,127.309,-33.356,66.712,1
1785856600,10335449,89.623,2.087,91.615,0.0,0.0,1
1785856600,77048340,91.417,2.414,93.73,0.0,33.357,1
1785856600,110405029,125.041,2.678,127.592,0.0,33.357,1
1785856600,177118896,108.434,8.569,116.859,-33.357,33.357,1
1785856600,210476074,129.546,2.495,131.771,0.0,66.715,1
1785856600,277190674,100.296,2.384,102.559,0.0,33.357,1
1785856600,343909180,101.676,2.635,104.18,0.0,33.362,1
1785856600,410632324,92.353,2.091,94.341,0.0,33.362,1
1785856600,477356445,89.746,2.171,91.821,0.0,33.363,1
1785856600,544081543,92.939,2.087,94.927,0.0,33.363,1
1785856600,610807373,89.817,2.229,91.947,0.0,33.363,1
1785856600,677534180,96.531,2.984,98.752,0.0,33.364,1
1785856600,710897949,123.985,2.769,126.634,0.0,33.364,1
1785856600,777625977,105.954,6.383,111.041,0.0,33.364,1
1785856600,810990234,126.937,2.701,129.517,0.0,66.729,1
1785856600,877719727,99.133,2.489,101.499,0.0,33.365,1
1785856600,944449951,96.227,2.195,98.325,-33.365,33.365,1
1785856601,11181152,92.677,2.013,94.592,0.0,33.366,1
1785856601,77913086,91.428,1.979,93.31,0.0,33.366,1
1785856601,144645996,95.823,2.804,98.489,0.0,33.367,1
1785856601,178012695,122.825,2.251,124.955,0.0,66.734,1
1785856601,244746826,101.233,9.819,110.924,0.0,33.367,1
1785856601,278114258,109.424,4.006,113.242,0.0,33.367,1
1785856601,344849609,94.183,2.082,96.176,0.0,33.369,1
1785856601,411587402,91.165,2.041,93.103,0.0,33.369,1
1785856601,478326416,92.63,2.117,94.643,0.0,33.37,1
1785856601,545066406,92.765,2.077,94.743,0.0,33.37,1
1785856601,611807617,89.859,2.185,91.942,-33.371,33.371,1
1785856601,678549805,92.486,2.411,94.79,0.0,33.372,1
1785856601,745293213,99.035,2.405,101.271,0.0,33.372,1
1785856601,812037842,103.904,2.755,106.411,0.0,33.373,1
1785856601,845410645,128.811,2.658,131.338,0.0,66.746,1
1785856601,912156982,107.565,5.143,112.564,0.0,33.374,1
1785856601,978904297,93.733,2.014,95.636,0.0,33.374,1
1785856602,45652832,89.99,2.051,91.88,0.0,33.375,1
1785856602,112402588,89.823,2.006,91.727,0.0,33.375,1
1785856602,179153320,92.761,2.186,94.84,0.0,33.376,1
1785856602,245905273,91.202,2.198,93.29,0.0,33.376,1
1785856602,346039307,93.993,2.072,95.965,0.0,33.382,1
1785856602,412804199,91.862,1.973,93.726,0.0,33.383,1
1785856602,479570801,88.085,1.995,89.962,0.0,33.384,1
1785856602,546339111,92.613,2.203,94.709,0.0,33.385,1
1785856602,613109131,90.706,2.11,92.714,0.0,33.386,1
1785856602,679881104,90.441,2.182,92.52,0.0,33.386,1
1785856602,746654541,129.837,3.829,133.555,0.0,66.775,1
1785856602,813429688,100.3,2.568,102.705,0.0,33.388,1
1785856602,880206543,96.053,2.278,98.232,0.0,33.389,1
1785856602,946985107,92.99,2.13,94.964,0.0,33.39,1
1785856603,13765381,91.748,2.006,93.654,0.0,33.391,1
1785856603,80547363,90.314,2.156,92.369,0.0,33.392,1
1785856603,147331299,92.246,2.067,94.213,0.0,33.392,1
1785856603,214116699,92.499,2.949,95.323,0.0,33.393,1
1785856603,247510010,107.384,2.712,109.97,0.0,33.394,1
1785856603,314296875,94.757,2.076,96.734,0.0,33.344,1
1785856603,380984131,102.548,4.148,106.491,0.0,33.343,1
1785856603,447670654,91.53,2.305,93.721,0.0,33.343,1
1785856603,514356934,89.218,2.004,91.123,0.0,33.343,1
1785856603,581042480,91.887,2.404,94.188,0.0,33.343,1
1785856603,647727783,91.832,2.058,93.749,0.0,33.342,1
1785856603,714412354,95.637,2.18,97.712,0.0,33.342,1
1785856603,781096680,94.086,2.168,96.156,0.0,33.342,1
1785856603,847780518,91.957,2.02,93.882,0.0,33.342,1
1785856603,914463867,92.096,2.221,94.217,0.0,33.341,1
1785856603,981146729,88.602,2.101,90.603,33.341,33.341,1
1785856604,47829102,89.567,2.016,91.482,0.0,33.341,1
1785856604,114510986,89.352,2.043,91.297,33.341,33.341,1
1785856604,181192383,89.776,2.148,91.822,0.0,33.34,1
1785856604,247873291,91.75,4.036,95.656,0.0,33.34,1
1785856604,281213623,113.841,3.978,117.694,0.0,33.34,1
1785856604,314553955,130.831,15.814,146.237,0.0,66.684,1
1785856604,381238281,106.464,2.301,108.649,0.0,33.342,1
1785856604,447922119,98.616,2.77,101.269,0.0,33.342,1
1785856604,514605469,90.467,2.085,92.455,0.0,33.341,1
1785856604,581288086,89.48,2.428,91.808,0.0,33.341,1
1785856604,647970459,88.964,2.137,91.008,0.0,33.341,1
1785856604,714652100,93.966,9.379,103.225,0.0,33.341,1
1785856604,781333008,96.248,2.056,98.201,0.0,33.34,1
1785856604,848013672,94.238,2.222,96.351,0.0,33.34,1
1785856604,914693604,90.473,2.102,92.476,0.0,33.34,1
1785856604,981373047,93.166,2.064,95.133,0.0,33.34,1
1785856605,48052002,91.317,2.069,93.286,0.0,33.339,1
1785856605,114730225,92.263,2.063,94.225,0.0,33.339,1
1785856605,181408203,89.63,2.148,91.671,33.339,33.339,1
1785856605,248085449,94.779,5.095,99.743,0.0,33.338,1
1785856605,281423828,115.314,2.496,117.684,0.0,66.681,1
1785856605,314762207,128.794,4.184,132.754,0.0,66.685,1
1785856605,381446777,122.435,2.185,124.52,0.0,66.684,1
1785856605,448130859,112.323,2.632,114.815,0.0,33.342,1
1785856605,481472656,124.836,2.429,127.097,0.0,66.683,1
1785856605,548155762,104.225,2.863,106.963,0.0,33.342,1
1785856605,581497314,123.07,2.289,125.243,0.0,66.682,1
1785856605,648179688,104.705,2.657,107.248,0.0,33.341,1
1785856605,681520508,133.926,2.484,136.286,0.0,66.682,1
1785856605,748202148,124.162,2.5,126.532,0.0,66.681,1
1785856605,814883301,106.634,2.392,108.902,0.0,33.34,1
1785856605,848223633,125.742,2.009,127.647,0.0,66.68,1
1785856605,914903809,97.181,2.004,99.089,0.0,33.34,1
1785856605,981583496,93.199,2.145,95.245,0.0,33.34,1
1785856606,48262695,90.3,1.986,92.19,0.0,33.339,1
1785856606,114941162,93.159,2.058,95.118,0.0,33.339,1
1785856606,181619141,92.305,2.121,94.326,0.0,33.339,1
1785856606,248296631,94.452,2.096,96.443,0.0,33.339,1
1785856606,314973877,91.697,2.068,93.663,0.0,33.343,1
1785856606,381660156,92.421,2.025,94.345,0.0,0.0,1
1785856606,448346191,91.689,2.159,93.754,0.0,33.343,1
1785856606,515031494,89.315,2.075,91.289,-33.343,-33.343,1
1785856606,581716309,91.093,2.095,93.089,0.0,33.342,1
1785856606,648400635,90.898,2.127,92.921,0.0,33.342,1
1785856606,715084229,99.615,2.397,101.892,0.0,33.342,1
1785856606,748426025,136.215,2.55,138.59,0.0,66.683,1
1785856606,815108887,118.514,2.253,120.639,0.0,66.683,1
1785856606,848450195,133.999,2.502,136.383,0.0,66.682,1
1785856606,981814209,92.733,2.172,94.805,0.0,33.341,1
1785856607,48495361,89.915,2.052,91.867,0.0,33.34,1
1785856607,115176025,90.687,2.058,92.648,0.0,33.34,1
1785856607,181856201,94.944,2.25,97.095,0.0,33.34,1
1785856607,248535645,90.551,2.231,92.682,0.0,0.0,1
1785856607,315214844,94.031,2.949,96.159,0.0,33.465,1
1785856607,348679932,110.725,2.795,113.395,0.0,33.466,1
1785856607,382145752,125.634,2.606,128.114,0.0,66.935,1
1785856607,449080566,103.052,3.35,106.281,0.0,33.469,1
1785856607,516019043,94.981,2.051,96.935,0.0,33.47,1
1785856607,582961182,89.466,2.021,91.394,-33.472,33.473,1
1785856607,649907471,89.536,2.234,91.665,0.0,33.474,1
1785856607,716857178,97.717,2.069,99.679,0.0,33.477,1
1785856607,783811035,99.386,2.617,101.885,0.0,33.478,1
1785856607,884248779,91.714,2.016,93.635,0.0,33.481,1
1785856607,951211914,92.845,1.97,94.722,0.0,33.483,1
1785856608,18179199,87.293,2.18,89.375,0.0,33.485,1
1785856608,85149902,89.784,2.051,91.74,0.0,33.487,1
1785856608,152124756,91.673,2.236,93.802,0.0,33.489,1
1785856608,219103271,94.963,2.528,97.327,0.0,33.491,1
1785856608,252593994,124.8,1.997,126.699,0.0,66.981,1
1785856608,319574951,96.453,13.665,109.989,0.0,33.385,1
1785856608,352960449,124.76,2.182,126.839,0.0,66.772,1
1785856608,419732910,95.041,2.078,97.022,0.0,33.387,1
1785856608,486507324,87.696,2.071,89.67,0.0,33.388,1
1785856608,553283203,87.376,2.046,89.322,0.0,33.389,1
1785856608,620061035,88.221,2.177,90.3,0.0,33.389,1
1785856608,686840576,93.102,2.142,95.139,0.0,33.39,1
1785856608,753621826,106.926,2.897,109.673,0.0,0.0,1
1785856608,787012939,125.28,2.302,127.464,-33.391,66.784,1
1785856608,853796875,110.418,3.175,112.859,0.0,33.393,1
1785856608,887189453,124.576,2.487,126.944,0.0,66.787,1
1785856608,953976074,101.065,5.157,106.064,0.0,33.394,1
1785856608,987369873,119.644,2.411,121.925,0.0,66.789,1
1785856609,54158936,110.294,2.429,112.602,0.0,33.395,1
1785856609,87554199,121.889,2.742,124.501,0.0,66.792,1
1785856609,154345947,97.699,2.27,99.847,0.0,0.0,1
1785856609,221139404,91.398,2.061,93.36,0.0,33.397,1
1785856609,287934570,88.567,2.248,90.713,0.0,33.397,1
1785856609,354683105,89.326,3.123,92.332,0.0,0.0,1
1785856609,388034180,119.681,2.578,122.108,33.351,33.351,1
1785856609,454735840,93.118,2.304,95.318,-33.351,-33.351,1
1785856609,521437500,90.218,2.029,92.103,0.0,33.351,1
1785856609,588138672,85.378,2.213,87.49,0.0,33.351,1
1785856609,654839600,90.986,2.287,93.166,0.0,33.351,1
1785856609,721540527,96.65,2.405,98.87,0.0,33.35,1
1785856609,754890869,119.069,2.196,121.169,0.0,66.7,1
1785856609,821591309,99.076,2.328,101.277,0.0,33.35,1
1785856609,854941406,125.625,2.671,128.159,0.0,66.7,1
1785856609,921641357,112.401,3.691,115.962,0.0,33.35,1
1785856609,988341309,95.523,14.107,109.502,0.0,33.35,1
1785856610,21690918,120.877,2.659,123.401,0.0,66.699,1
1785856610,88390381,100.275,3.126,103.257,0.0,33.35,1
1785856610,121739990,124.989,2.783,127.632,0.0,66.699,1
1785856610,188439209,99.139,6.353,105.367,0.0,33.349,1
1785856610,255137939,95.158,2.067,97.122,0.0,33.349,1
1785856610,321836914,91.856,2.044,93.799,0.0,33.364,1
1785856610,388630371,88.658,2.019,90.577,0.0,0.0,1
1785856610,422061035,118.789,3.217,121.866,-33.431,66.862,1
1785856610,488923340,92.699,2.187,94.786,0.0,33.432,1
1785856610,555787598,88.54,2.123,90.565,0.0,33.433,1
1785856610,622653564,89.022,2.121,91.042,0.0,33.434,1
1785856610,689521240,93.005,2.496,95.374,0.0,33.435,1
1785856610,722955811,112.127,4.866,116.765,0.0,33.435,1
1785856610,756390625,129.21,5.557,134.64,0.0,66.871,1
1785856610,823261963,107.665,2.65,110.186,0.0,0.0,1
1785856610,890135010,95.959,2.597,98.436,0.0,33.437,1
1785856610,923572266,119.709,2.663,122.243,0.0,66.876,1
1785856610,990447998,93.998,3.105,96.989,0.0,33.439,1
1785856611,57325684,90.401,2.055,92.359,0.0,33.439,1
1785856611,124205078,86.036,2.25,88.183,0.0,0.0,1
1785856611,191086182,85.177,2.312,87.385,0.0,33.441,1
1785856611,257968994,88.141,1.961,90.008,0.0,33.442,1
1785856611,324853760,87.367,2.085,89.353,0.0,33.441,1
1785856611,391637451,86.245,2.12,88.259,0.0,33.343,1
1785856611,458322266,83.902,2.14,85.865,0.0,33.342,1
1785856611,525006592,86.379,2.536,88.782,0.0,33.342,1
1785856611,591690430,85.034,2.011,86.948,0.0,33.342,1
1785856611,658373535,85.256,2.16,87.31,33.341,33.341,1
1785856611,725056152,91.064,6.559,97.48,0.0,33.341,1
1785856611,791738281,91.195,2.261,93.346,0.0,33.341,1
1785856611,858419922,87.008,2.244,89.13,-33.341,-33.341,1
1785856611,925100830,82.571,2.147,84.618,-100.022,-100.022,1
1785856611,991781250,84.565,1.997,86.467,0.0,33.34,1
1785856612,58461426,84.594,1.999,86.498,0.0,0.0,1
1785856612,125140625,84.993,2.03,86.929,0.0,33.34,1
1785856612,191819580,83.743,2.229,85.871,-33.339,-33.339,1
1785856612,258498047,87.426,2.027,89.352,0.0,33.339,1
1785856612,325175781,85.64,2.007,87.552,0.0,33.339,1
1785856612,391857178,88.284,2.06,90.234,0.0,33.342,1
1785856612,458540771,88.287,2.144,90.319,0.0,33.342,1
1785856612,558565186,83.977,2.238,86.115,0.0,33.341,1
1785856612,625247314,85.117,2.138,87.139,0.0,33.341,1
1785856612,691928955,122.818,7.185,129.876,0.0,33.341,1
1785856612,725269531,128.883,2.956,131.71,0.0,66.681,1
1785856612,791950439,117.241,2.368,119.482,0.0,0.0,1
1785856612,858630615,99.019,3.856,102.701,33.34,33.34,1
1785856612,925310303,89.564,2.143,91.608,0.0,33.34,1
1785856612,991989502,86.211,2.057,88.16,0.0,33.339,1
1785856613,58667969,87.099,2.079,89.079,0.0,33.339,1
1785856613,125346191,84.823,2.37,87.002,0.0,33.339,1
1785856613,192023438,88.226,2.033,90.161,0.0,33.339,1
1785856613,258700439,86.202,2.064,88.168,0.0,33.338,1
1785856613,325376709,86.51,1.997,88.414,0.0,33.339,1
1785856613,392058105,87.367,2.13,89.379,0.0,33.343,1
1785856613,458742920,86.43,2.257,88.574,-33.342,33.342,1
1785856613,525427246,88.445,2.377,90.709,-33.342,33.342,1
1785856613,592111084,89.74,2.127,91.767,0.0,33.342,1
1785856613,658794434,90.01,2.112,92.022,0.0,33.341,1
1785856613,725477051,91.815,2.201,93.924,33.341,33.341,1
1785856613,792159424,87.806,2.061,89.767,0.0,33.341,1
1785856613,858841064,93.408,2.559,95.842,0.0,33.341,1
1785856613,892181641,101.295,2.912,104.062,0.0,33.341,1
1785856613,958862549,90.1,2.196,92.192,33.34,33.34,1
1785856614,25542725,85.143,2.128,87.168,-33.34,33.34,1
1785856614,92222656,86.355,2.171,88.423,0.0,33.34,1
1785856614,158901855,90.286,2.058,92.247,0.0,33.339,1
1785856614,225580566,88.234,1.97,90.11,0.0,0.0,1
1785856614,292258789,89.015,2.41,91.325,0.0,33.339,1
1785856614,358937012,87.284,2.227,89.411,0.0,33.342,1
1785856614,425621338,85.37,2.312,87.585,33.342,33.342,1
1785856614,492304932,85.17,2.503,87.565,0.0,33.342,1
1785856614,558988037,87.25,2.121,89.274,0.0,33.342,1
1785856614,625670654,85.642,2.231,87.774,0.0,33.341,1
1785856614,692352783,99.734,2.958,102.56,-33.341,33.341,1
1785856614,725693604,119.972,3.12,122.96,0.0,33.341,1
1785856614,792375000,96.173,2.354,98.407,33.34,33.34,1
1785856614,859055664,86.612,2.895,89.312,0.0,0.0,1
1785856614,925735840,87.151,2.271,89.315,0.0,33.34,1
1785856614,992415283,89.452,1.927,91.288,0.0,33.34,1
1785856615,59094482,95.493,2.68,98.044,0.0,33.339,1
1785856615,92433838,108.534,2.411,110.832,0.0,33.339,1
1785856615,159112061,93.447,2.004,95.337,0.0,33.339,1
1785856615,225789551,90.248,2.121,92.266,0.0,33.339,1
1785856615,292466797,87.293,2.135,89.329,0.0,33.338,1
1785856615,359143799,90.982,1.99,92.878,0.0,33.344,1
1785856615,425830811,88.047,2.129,90.076,0.0,33.343,1
1785856615,492517090,90.285,2.247,92.409,0.0,33.343,1
1785856615,525860107,116.089,2.522,118.477,0.0,66.686,1
1785856615,559202881,126.209,2.544,128.625,0.0,66.686,1
1785856615,625888428,104.779,2.515,107.17,0.0,33.342,1
1785856615,659230713,126.799,2.317,129.01,0.0,66.685,1
1785856615,725915283,122.767,2.359,125.015,0.0,66.684,1
1785856615,792599365,111.146,4.267,115.286,0.0,33.342,1
1785856615,825941162,130.624,2.459,132.961,0.0,66.683,1
1785856615,892624512,121.82,2.328,124.026,0.0,66.683,1
1785856615,959307373,95.655,2.245,97.798,0.0,33.341,1
1785856616,25989502,94.117,2.089,96.106,0.0,33.341,1
1785856616,92671143,86.411,2.293,88.603,0.0,33.341,1
1785856616,159352295,90.027,2.013,91.944,0.0,33.341,1
1785856616,226033203,89.121,2.121,91.143,0.0,33.34,1
1785856616,292713379,88.031,2.189,90.123,0.0,33.34,1
1785856616,359393311,88.091,2.226,90.22,0.0,33.342,1
1785856616,426077393,89.147,2.125,91.172,0.0,33.342,1
1785856616,492760742,85.918,2.281,88.09,-33.342,-33.342,1
1785856616,559443604,86.772,1.986,88.662,0.0,33.341,1
1785856616,626125977,88.812,2.192,90.906,0.0,33.341,1
1785856616,692807861,93.319,2.153,95.362,0.0,33.341,1
1785856616,826169678,89.656,2.052,91.609,0.0,33.34,1
1785856616,892849854,90.515,2.807,93.215,0.0,33.34,1
1785856616,959529297,86.445,2.173,88.516,0.0,33.34,1
1785856617,26208252,90.889,2.634,93.406,0.0,33.339,1
1785856617,92886719,89.822,2.216,91.932,0.0,33.339,1
1785856617,159564697,87.931,2.089,89.904,0.0,0.0,1
1785856617,226242188,87.764,2.0,89.665,0.0,33.338,1
1785856617,292918945,96.461,2.635,98.946,0.0,33.338,1
1785856617,326257080,122.62,2.977,125.48,0.0,66.761,1
1785856617,359595703,126.045,2.37,128.304,0.0,66.845,1
1785856617,459863281,92.227,2.189,94.317,0.0,33.423,1
1785856617,526710205,91.341,1.996,93.24,0.0,33.424,1
1785856617,560134277,114.86,2.281,117.011,0.0,66.849,1
1785856617,626983643,91.148,2.076,93.129,0.0,33.425,1
1785856617,693834229,88.358,2.388,90.633,0.0,33.426,1
1785856617,760686523,108.727,5.213,113.26,0.0,33.427,1
1785856617,794113281,118.388,3.342,121.612,0.0,33.427,1
1785856617,860967773,93.682,2.377,95.899,-33.427,33.428,1
1785856617,927823730,87.987,2.338,90.224,0.0,33.428,1
1785856617,994681152,85.754,2.186,87.833,0.0,33.429,1
1785856618,61540039,87.17,2.265,89.33,0.0,33.43,1
1785856618,128400635,85.939,2.145,87.973,-33.43,33.431,1
1785856618,195262695,87.918,2.166,89.984,-33.431,-33.431,1
1785856618,262126221,88.266,2.267,90.432,0.0,33.432,1
1785856618,328991211,85.188,1.997,87.088,0.0,33.431,1
1785856618,395756836,95.764,2.835,98.473,-33.334,-33.334,1
1785856618,429090820,109.742,2.214,111.846,33.334,33.334,1
1785856618,462424561,127.089,2.263,129.229,0.0,66.667,1
1785856618,529091797,117.446,5.471,122.792,0.0,66.666,1
1785856618,595758057,94.584,2.372,96.819,0.0,33.333,1
1785856618,662423584,88.783,2.181,90.861,0.0,33.332,1
1785856618,729088135,86.102,2.307,88.3,33.332,33.332,1
1785856618,795751953,87.555,2.151,89.609,0.0,33.332,1
1785856618,862414795,88.63,2.253,90.777,-33.331,33.331,1
1785856618,929076904,86.915,2.114,88.931,0.0,33.331,1
1785856618,995738281,90.994,2.039,92.932,0.0,33.33,1
1785856619,62398682,86.882,2.103,88.879,33.33,33.33,1
1785856619,129058350,86.6,2.197,88.696,0.0,33.33,1
1785856619,229046143,86.079,2.074,88.054,0.0,33.329,1
1785856619,295703613,87.051,2.186,89.129,0.0,33.329,1
1785856619,362361328,88.465,2.191,90.545,-33.329,33.41,1
1785856619,429181885,85.697,2.128,87.723,0.0,33.411,1
1785856619,496003662,84.677,2.08,86.657,0.0,33.411,1
1785856619,562826416,86.719,2.22,88.829,0.0,33.412,1
1785856619,596238281,119.44,2.232,121.57,0.0,66.825,1
1785856619,663062988,97.064,3.306,100.112,0.0,33.413,1
1785856619,696475586,139.251,5.008,144.117,0.0,66.826,1
1785856619,763301758,124.987,2.269,127.115,0.0,66.827,1
1785856619,830129150,95.298,2.263,97.444,0.0,33.414,1
1785856619,930372314,86.823,2.021,88.747,0.0,33.415,1
1785856619,997202393,83.807,2.928,86.629,0.0,33.416,1
1785856620,64033691,85.043,2.084,87.03,0.0,33.416,1
1785856620,130865967,86.526,2.274,88.658,0.0,33.417,1
1785856620,197699463,87.669,2.077,89.648,0.0,33.417,1
1785856620,264534180,86.031,2.199,87.92,0.0,33.418,1
1785856620,331369873,83.687,2.083,85.671,33.417,33.417,1
1785856620,398113525,86.816,2.094,88.811,0.0,0.0,1
1785856620,464765869,85.622,2.217,87.745,0.0,33.326,1
1785856620,531417236,83.461,2.062,85.425,0.0,33.325,1
1785856620,598067383,84.497,4.38,88.759,0.0,33.325,1
1785856620,631392090,99.113,2.474,101.455,0.0,33.324,1
1785856620,731364502,90.921,2.06,92.882,0.0,33.324,1
1785856620,798011475,88.44,2.131,90.42,0.0,33.323,1
1785856620,864657227,89.302,2.14,91.342,0.0,33.323,1
1785856620,931302002,88.363,2.051,90.314,0.0,33.322,1
1785856620,997945557,85.511,2.436,87.841,0.0,33.322,1
1785856621,64588135,85.712,2.061,87.674,0.0,33.321,1
1785856621,131229492,91.499,2.184,93.579,0.0,33.32,1
1785856621,197869873,88.432,2.086,90.422,0.0,33.32,1
1785856621,264509033,87.578,2.086,89.566,0.0,33.319,1
1785856621,331146973,88.667,2.179,90.746,0.0,33.32,1
1785856621,397793213,89.668,2.233,91.799,0.0,33.326,1
1785856621,464445557,86.188,2.142,88.191,0.0,33.326,1
1785856621,531096680,84.193,2.067,86.163,33.325,33.325,1
1785856621,597746826,84.338,2.061,86.302,0.0,33.324,1
1785856621,664395752,89.347,4.91,94.124,33.324,33.324,1
1785856621,697719727,141.707,2.479,144.069,0.0,33.324,1
1785856621,731043457,166.115,2.754,168.738,0.0,99.97,1
1785856621,831013184,122.271,2.431,124.582,0.0,33.323,1
1785856621,897658203,94.346,2.209,96.448,-33.322,33.322,1
1785856621,964302246,87.78,2.086,89.769,0.0,33.322,1
1785856622,30945068,86.581,2.074,88.497,0.0,33.321,1
1785856622,97586914,86.25,2.05,88.198,0.0,33.321,1
1785856622,164227539,87.28,2.539,89.627,0.0,33.32,1
1785856622,230867188,86.54,2.184,88.622,0.0,33.319,1
1785856622,297505615,86.924,2.277,89.087,0.0,33.319,1
1785856622,364143799,92.383,1.998,94.289,0.0,33.327,1
1785856622,430797852,86.673,2.257,88.83,0.0,33.326,1
1785856622,497450684,86.297,2.147,88.343,0.0,33.326,1
1785856622,564102295,89.453,2.219,91.573,0.0,33.325,1
1785856622,630752930,89.326,2.398,91.572,0.0,33.325,1
1785856622,697402588,97.479,4.461,101.256,0.0,33.324,1
1785856622,730727051,121.183,2.162,123.236,0.0,66.648,1
1785856622,764051025,120.368,2.061,122.322,0.0,66.647,1
1785856622,864021973,87.696,2.15,89.748,-33.323,-33.323,1
1785856622,930667725,89.686,2.176,91.748,0.0,33.323,1
1785856622,997312500,90.79,1.941,92.64,0.0,33.322,1
1785856623,63956055,85.985,2.086,87.975,0.0,33.322,1
1785856623,130598633,90.387,2.299,92.588,0.0,33.321,1
1785856623,197240234,89.098,2.587,91.572,0.0,33.32,1
1785856623,263880615,90.661,2.284,92.782,0.0,33.32,1
1785856623,330520020,88.688,2.076,90.666,0.0,0.0,1
1785856623,397210693,91.211,2.005,93.117,0.0,33.371,1
1785856623,497324219,88.059,2.025,89.984,0.0,33.372,1
1785856623,564068115,86.722,2.042,88.671,-33.372,33.372,1
1785856623,630813232,91.117,2.137,93.148,0.0,33.373,1
1785856623,697559570,98.207,6.473,104.539,0.0,33.374,1
1785856623,730933350,122.631,1.967,124.489,0.0,33.374,1
1785856623,797681396,104.04,2.707,106.626,-33.374,33.375,1
1785856623,831055908,122.851,2.234,124.974,0.0,66.75,1
1785856623,897805908,117.688,2.863,120.418,0.0,66.751,1
1785856623,931181396,128.705,2.137,130.746,0.0,66.752,1
1785856623,997933350,120.727,2.691,123.299,0.0,66.753,1
1785856624,64686279,92.262,2.405,94.504,0.0,33.377,1
1785856624,131440674,87.686,2.086,89.639,0.0,33.377,1
1785856624,198196045,89.791,2.449,92.129,-33.378,33.378,1
1785856624,264952637,87.218,2.229,89.331,-33.378,33.379,1
1785856624,331710693,86.579,2.116,88.592,0.0,33.379,1
1785856624,431758301,88.365,2.016,90.284,0.0,33.334,1
1785856624,498426270,88.257,2.046,90.205,0.0,33.334,1
1785856624,565093262,86.851,2.008,88.758,0.0,0.0,1
1785856624,631759766,86.355,2.158,88.417,0.0,33.333,1
1785856624,698425049,93.196,2.421,95.507,0.0,33.333,1
1785856624,765089844,90.402,2.319,92.609,0.0,33.332,1
1785856624,831753662,86.302,2.108,88.313,-33.332,-33.332,1
1785856624,898416748,85.425,2.052,87.381,-99.995,-99.995,1
1785856624,965078857,86.5,2.158,88.558,0.0,33.331,1
1785856625,31740234,98.267,3.105,101.226,0.0,33.33,1
1785856625,65070557,115.151,2.991,118.009,0.0,33.33,1
1785856625,98400879,129.087,2.84,131.797,0.0,66.66,1
1785856625,165060547,123.766,2.185,125.838,0.0,66.659,1
1785856625,231719482,94.611,2.144,96.651,0.0,33.329,1
1785856625,298377441,90.728,2.143,92.774,0.0,33.329,1
1785856625,365035400,94.031,2.229,96.162,0.0,33.335,1
1785856625,398370605,122.043,2.104,124.044,0.0,66.669,1
1785856625,465040039,102.343,2.897,105.042,0.0,33.334,1
1785856625,498374512,118.3,4.893,123.03,0.0,33.334,1
1785856625,565042725,92.845,2.116,94.87,0.0,33.334,1
1785856625,631710205,91.137,2.273,93.306,0.0,33.333,1
1785856625,698376953,95.861,3.569,98.921,0.0,33.333,1
1785856625,731709961,117.636,2.185,119.713,0.0,66.666,1
1785856625,765042725,127.259,2.424,129.583,0.0,66.665,1
1785856625,831707764,111.475,2.446,113.797,0.0,33.332,1
1785856625,898372070,93.945,2.076,95.922,-33.332,33.332,1
1785856625,965035645,89.055,2.182,91.138,0.0,33.332,1
1785856626,31698242,88.004,2.043,89.947,-33.331,33.331,1
1785856626,98360352,87.846,2.351,90.099,0.0,33.331,1
1785856626,165021240,88.386,2.176,90.463,0.0,33.33,1
1785856626,231681641,89.192,2.181,91.273,0.0,33.33,1
1785856626,298341064,88.214,2.19,90.286,0.0,33.33,1
1785856626,365000488,89.017,2.105,91.02,-33.33,-33.33,1
1785856626,431913574,92.658,2.031,94.597,0.0,33.458,1
1785856626,498830322,88.878,2.247,91.028,0.0,33.46,1
1785856626,565750488,87.844,2.046,89.79,0.0,33.462,1
1785856626,632674316,89.132,2.29,91.325,-33.462,33.463,1
1785856626,699601563,89.206,2.278,91.378,0.0,33.465,1
1785856626,766532471,90.697,2.49,93.079,0.0,0.0,1
1785856626,833466797,94.197,2.282,96.366,0.0,33.468,1
1785856626,866935059,127.437,2.231,129.552,0.0,66.94,1
1785856626,933874756,114.88,3.483,118.228,0.0,33.471,1
1785856626,967345703,128.905,2.454,131.233,0.0,66.945,1
1785856627,34290771,121.739,2.329,123.949,0.0,66.948,1
1785856627,101239014,91.189,2.244,93.331,0.0,33.476,1
1785856627,168190918,93.265,2.194,95.365,0.0,33.477,1
1785856627,235146240,87.708,2.079,89.686,0.0,33.479,1
1785856627,302105225,84.674,2.686,87.218,0.0,33.481,1
1785856627,369064697,86.897,2.183,88.981,0.0,0.0,1
1785856627,435736572,87.593,2.03,89.529,0.0,33.336,1
1785856627,502407471,85.366,2.093,87.359,0.0,33.335,1
1785856627,569077881,85.429,2.08,87.41,0.0,33.335,1
1785856627,635747314,85.091,2.066,87.057,0.0,33.334,1
1785856627,702416016,90.434,2.338,92.667,0.0,33.334,1
1785856627,769083984,89.788,2.235,91.922,0.0,33.334,1
1785856627,835751221,86.769,2.03,88.7,0.0,33.333,1
1785856627,902417725,88.692,2.1,90.693,0.0,33.333,1
1785856627,969083252,83.912,2.082,85.895,0.0,0.0,1
1785856628,35748047,88.399,2.015,90.315,0.0,33.332,1
1785856628,102412109,84.896,2.349,87.136,0.0,33.332,1
1785856628,169075439,88.428,1.981,90.314,0.0,33.332,1
1785856628,235738037,88.399,2.065,90.367,-33.331,33.331,1
1785856628,302399902,85.977,3.087,88.949,0.0,33.331,1
1785856628,369061523,87.103,2.117,89.12,0.0,0.0,1
1785856628,435732666,97.098,2.4,99.377,33.335,33.335,1
1785856628,469067871,111.779,3.275,114.921,0.0,33.335,1
1785856628,502402832,127.966,2.506,130.33,0.0,66.669,1
1785856628,569072266,97.096,2.449,99.422,0.0,33.334,1
1785856628,635740967,89.456,2.142,91.494,33.334,33.334,1
1785856628,702408691,91.636,2.226,93.755,0.0,33.334,1
1785856628,769075928,90.023,2.117,92.04,0.0,33.333,1
1785856628,835742188,85.691,2.593,88.169,0.0,33.333,1
1785856628,869074951,103.298,4.753,107.929,0.0,33.333,1
1785856628,969072266,85.703,2.125,87.728,0.0,0.0,1
1785856629,35736328,88.938,2.214,91.052,0.0,33.332,1
1785856629,102399414,88.221,2.191,90.308,0.0,33.331,1
1785856629,169061523,90.296,2.097,92.295,-33.331,33.331,1
1785856629,235723145,87.098,2.283,89.284,0.0,33.331,1
1785856629,302383789,87.158,2.391,89.431,0.0,33.33,1
1785856629,369044434,91.442,2.285,93.625,-33.331,33.358,1
1785856629,435815186,87.465,2.169,89.538,0.0,33.413,1
1785856629,502641357,89.242,2.195,91.334,0.0,33.413,1
1785856629,569468506,86.729,2.089,88.719,0.0,33.414,1
1785856629,636296875,87.0,2.613,89.506,0.0,33.415,1
1785856629,703126465,93.522,2.351,95.769,0.0,33.415,1
1785856629,769957275,89.685,1.994,91.582,0.0,33.416,1
1785856629,836789307,84.678,4.115,88.689,0.0,33.417,1
1785856629,903622559,86.872,2.041,88.82,0.0,33.417,1
1785856629,970456787,84.116,2.085,86.091,-33.417,-33.417,1
1785856630,37292480,84.705,2.57,87.147,0.0,33.418,1
1785856630,104129150,85.399,2.064,87.363,0.0,33.419,1
1785856630,170967285,84.897,2.128,86.914,0.0,33.419,1
1785856630,237806396,85.42,2.274,87.592,0.0,0.0,1
1785856630,304646729,84.099,2.166,86.153,0.0,33.421,1
1785856630,371488281,91.143,2.34,93.371,0.0,33.42,1
1785856630,438237061,88.37,2.145,90.324,0.0,33.329,1
1785856630,504894287,89.183,2.218,91.3,0.0,33.328,1
1785856630,571550537,84.936,2.204,87.04,0.0,33.328,1
1785856630,638205566,85.945,2.471,88.308,0.0,33.327,1
1785856630,704859619,87.751,2.31,89.956,-33.327,33.327,1
1785856630,771512939,88.477,2.344,90.662,33.326,33.326,1
1785856630,838165039,86.428,1.966,88.283,0.0,33.325,1
1785856630,904815918,90.027,2.434,92.341,0.0,33.325,1
1785856630,938141113,119.753,2.815,122.434,0.0,66.649,1
1785856631,4790527,112.353,2.389,114.629,0.0,33.324,1
1785856631,38114990,126.828,2.398,129.108,0.0,66.648,1
1785856631,104762939,103.682,3.504,106.88,0.0,33.323,1
1785856631,171409912,94.377,2.407,96.656,0.0,33.323,1
1785856631,238055664,88.312,2.131,90.347,0.0,33.323,1
1785856631,304700684,86.003,2.449,88.339,0.0,33.322,1
1785856631,371344482,87.058,2.026,88.987,0.0,33.323,1
1785856631,437995117,87.312,2.681,89.885,0.0,0.0,1
1785856631,504650635,86.623,2.018,88.545,0.0,33.327,1
1785856631,571304932,85.009,2.072,86.981,0.0,33.327,1
1785856631,637958496,87.306,2.159,89.352,0.0,33.326,1
1785856631,704610840,92.373,2.523,94.714,33.326,33.326,1
1785856631,737936523,127.043,9.087,135.898,0.0,66.651,1
1785856631,804587402,118.686,2.687,121.157,0.0,66.65,1
1785856631,871237305,97.079,2.582,99.475,0.0,33.324,1
1785856631,904561768,115.401,2.705,117.965,0.0,33.324,1
1785856631,971209961,100.331,2.951,103.073,0.0,0.0,1
1785856632,37857178,93.2,2.177,95.275,0.0,33.323,1
1785856632,104503418,86.97,2.185,89.043,0.0,33.323,1
1785856632,171148438,89.548,2.08,91.53,0.0,33.322,1
1785856632,237792725,87.179,2.132,89.214,0.0,33.322,1
1785856632,304435791,88.951,2.15,90.992,0.0,33.321,1
1785856632,371077637,86.862,2.093,88.86,0.0,0.0,1
1785856632,437726318,90.056,2.137,92.083,0.0,33.327,1
1785856632,504379883,89.625,2.195,91.721,0.0,33.326,1
1785856632,571032227,87.978,2.07,89.95,0.0,33.326,1
1785856632,637683350,86.436,2.301,88.556,0.0,33.325,1
1785856632,704333496,91.209,2.243,93.338,0.0,33.325,1
1785856632,770982666,95.292,2.175,97.368,33.324,33.324,1
1785856632,837630615,90.595,2.179,92.678,0.0,33.324,1
1785856632,904277588,90.285,2.058,92.243,0.0,33.323,1
1785856632,970923584,90.207,2.282,92.378,0.0,33.323,1
1785856633,4246094,119.401,2.271,121.556,0.0,66.644,1
1785856633,70890381,99.337,2.438,101.65,0.0,0.0,1
1785856633,104211914,122.625,2.63,125.128,-33.322,66.643,1
1785856633,170854492,101.376,3.247,104.37,0.0,0.0,1
1785856633,204175537,124.691,4.213,128.601,33.321,66.641,1
1785856633,270816406,110.403,2.898,113.179,0.0,0.0,1
1785856633,304136475,129.908,2.12,131.934,33.32,66.639,1
1785856633,370775879,125.526,2.67,128.075,0.0,66.692,1
1785856633,437467529,104.458,2.74,107.062,0.0,33.372,1
1785856633,537583740,89.614,2.019,91.534,0.0,33.373,1
1785856633,604329590,85.626,2.079,87.604,-33.373,-33.373,1
1785856633,671076660,92.43,2.163,94.483,0.0,33.374,1
1785856633,737824951,91.72,2.032,93.66,0.0,33.375,1
1785856633,804574463,89.097,2.275,91.267,0.0,33.375,1
1785856633,871325195,87.071,2.609,89.57,0.0,0.0,1
1785856633,938077393,86.532,2.138,88.569,33.376,33.376,1
1785856634,4830811,88.754,2.7,91.223,0.0,33.377,1
1785856634,71585449,89.974,2.089,91.953,0.0,33.378,1
1785856634,138341309,88.283,2.239,90.425,0.0,33.378,1
1785856634,205098389,90.201,2.287,92.384,0.0,33.379,1
1785856634,271856689,87.989,2.183,90.072,0.0,33.38,1
1785856634,338616455,86.207,2.158,88.27,-33.38,33.38,1
1785856634,405376709,89.557,2.084,91.541,0.0,33.336,1
1785856634,472048340,89.755,2.161,91.81,33.335,33.335,1
1785856634,538718994,87.264,2.103,89.267,0.0,33.335,1
1785856634,605388916,88.595,2.056,90.553,0.0,33.335,1
1785856634,672058105,93.233,2.118,95.245,0.0,33.334,1
1785856634,738726563,97.273,2.383,99.539,0.0,33.334,1
1785856634,805394287,95.257,1.981,97.146,0.0,33.333,1
1785856634,872061035,92.53,2.013,94.446,0.0,33.333,1
1785856634,938727051,90.362,1.98,92.248,0.0,33.333,1
1785856635,5392334,89.746,2.457,92.101,0.0,33.333,1
1785856635,38724854,104.584,2.916,107.363,0.0,33.332,1
1785856635,105388916,89.264,2.002,91.168,33.332,33.332,1
1785856635,172052246,90.397,1.979,92.284,0.0,33.331,1
1785856635,238714844,92.769,2.101,94.753,0.0,33.331,1
1785856635,305376465,91.237,2.133,93.27,0.0,33.331,1
1785856635,372037598,92.254,1.984,94.143,0.0,33.331,1
1785856635,438745117,90.753,2.209,92.86,0.0,33.377,1
1785856635,505500000,88.283,2.11,90.287,0.0,33.378,1
1785856635,572256104,87.84,2.361,90.099,0.0,33.379,1
1785856635,639013916,90.701,2.233,92.833,0.0,33.379,1
1785856635,705772949,92.01,2.23,94.134,-33.38,33.38,1
1785856635,772533203,90.261,2.331,92.486,0.0,0.0,1
1785856635,839295166,87.75,1.988,89.649,0.0,33.381,1
1785856635,906058350,89.227,2.162,91.23,0.0,33.382,1
1785856635,972823242,86.169,2.253,88.314,0.0,0.0,1
1785856636,39589111,89.062,2.398,91.343,0.0,33.384,1
1785856636,72972900,105.945,3.279,109.105,0.0,33.384,1
1785856636,106356689,125.247,2.618,127.738,0.0,66.769,1
1785856636,173125732,115.635,2.521,118.049,0.0,66.77,1
1785856636,206510742,130.604,2.503,132.989,0.0,66.771,1
1785856636,306667725,93.979,2.095,95.972,0.0,33.386,1
1785856636,373440918,92.253,2.293,94.447,0.0,33.386,1
1785856636,440169434,88.772,1.993,90.67,0.0,33.342,1
1785856636,506853027,89.374,2.222,91.487,0.0,33.342,1
1785856636,573536133,90.994,2.1,92.978,0.0,33.341,1
1785856636,640218750,91.567,2.235,93.696,0.0,33.341,1
1785856636,706900879,92.038,2.089,94.031,0.0,33.341,1
1785856636,773582275,99.09,2.471,101.439,0.0,33.341,1
1785856636,806922852,114.691,2.688,117.228,0.0,33.34,1
1785856636,840263184,133.645,3.044,136.56,0.0,33.34,1
1785856636,906943604,122.043,2.244,124.172,33.34,33.34,1
1785856636,973623291,92.102,2.264,94.262,-33.34,33.34,1
1785856637,40302490,90.214,2.297,92.405,-33.339,33.34,1
1785856637,106981201,86.988,2.106,89.003,0.0,33.339,1
1785856637,173659424,90.233,2.026,92.166,0.0,0.0,1
1785856637,240336914,89.28,1.98,91.167,0.0,33.339,1
1785856637,307013916,86.583,3.057,89.522,0.0,33.338,1
1785856637,373690430,90.151,2.092,92.143,0.0,33.339,1
1785856637,440386719,89.553,2.141,91.596,0.0,33.358,1
1785856637,507101807,91.422,2.176,93.464,0.0,33.358,1
1785856637,573817139,87.25,2.274,89.369,0.0,33.357,1
1785856637,640531982,90.133,2.175,92.196,0.0,33.357,1
1785856637,707246826,98.953,2.635,101.287,0.0,33.357,1
1785856637,773961426,104.368,2.202,106.453,0.0,33.357,1
1785856637,807318848,120.366,2.252,122.491,0.0,66.714,1
1785856637,874033203,106.126,8.001,113.993,0.0,33.357,1
1785856637,907390381,121.447,2.544,123.87,0.0,66.714,1
1785856637,974104492,101.536,3.7,105.01,0.0,33.357,1
1785856638,7461670,120.014,2.842,122.72,0.0,66.714,1
1785856638,74175537,96.685,3.564,100.076,0.0,0.0,1
1785856638,107532471,110.527,2.242,112.662,33.357,33.357,1
1785856638,174246094,92.626,2.239,94.765,0.0,33.357,1
1785856638,240959717,90.002,2.22,92.123,0.0,33.357,1
1785856638,307673096,91.575,2.105,93.582,0.0,33.357,1
1785856638,374386475,89.683,2.062,91.644,0.0,33.357,1
1785856638,441159668,90.772,2.079,92.752,0.0,33.417,1
1785856638,507994141,90.715,2.179,92.789,-33.417,33.418,1
1785856638,574830078,86.454,2.056,88.417,0.0,0.0,1
1785856638,641667236,87.435,2.106,89.441,0.0,33.419,1
1785856638,708505615,91.141,2.224,93.265,0.0,33.42,1
1785856638,775345459,88.638,2.142,90.678,-33.42,33.42,1
1785856638,842186768,88.591,1.986,90.483,0.0,33.421,1
1785856638,909029297,90.156,2.051,92.108,0.0,33.422,1
1785856638,975873291,86.867,2.291,89.05,0.0,33.422,1
1785856639,42718506,87.94,2.3,90.08,0.0,33.423,1
1785856639,109565186,87.556,2.213,89.659,0.0,33.424,1
1785856639,142989014,113.586,2.412,115.886,0.0,66.849,1
1785856639,176413086,131.397,2.583,133.854,0.0,33.425,1
1785856639,243262451,123.787,2.232,125.895,-33.425,66.851,1
1785856639,310113037,117.991,3.373,121.231,0.0,66.852,1
1785856639,376965088,119.306,2.768,121.959,0.0,66.758,1
1785856639,443723389,90.973,2.131,93.004,0.0,33.333,1
1785856639,510389893,86.301,2.156,88.359,0.0,33.333,1
1785856639,577055420,86.115,2.063,88.074,0.0,33.333,1
1785856639,643720215,87.777,2.081,89.757,0.0,33.332,1
1785856639,710384033,94.985,2.674,97.522,33.332,33.332,1
1785856639,743715576,108.724,2.765,111.353,0.0,33.331,1
1785856639,777046875,125.404,2.602,127.882,0.0,66.662,1
1785856639,843708984,97.645,2.352,99.878,0.0,33.331,1
1785856639,910370361,92.034,2.254,94.184,33.33,33.33,1
1785856639,977030762,86.648,2.147,88.694,0.0,33.33,1
1785856640,43690430,85.687,2.26,87.827,0.0,0.0,1
1785856640,110349121,87.041,2.186,89.097,0.0,33.329,1
1785856640,143678223,111.607,2.708,114.197,0.0,33.329,1
1785856640,177007080,134.145,8.118,142.133,0.0,66.657,1
1785856640,243664063,117.442,2.868,120.178,0.0,66.656,1
1785856640,276992188,128.08,2.06,130.039,0.0,66.656,1
1785856640,376975342,88.71,2.022,90.637,0.0,33.328,1
1785856640,443636719,89.231,2.031,91.163,33.333,33.333,1
1785856640,510302246,87.569,2.015,89.49,0.0,33.333,1
1785856640,576967041,87.581,2.174,89.646,0.0,33.332,1
1785856640,643630859,88.703,2.077,90.678,0.0,33.332,1
1785856640,710293945,91.589,2.267,93.748,0.0,33.331,1
1785856640,776956055,88.717,2.024,90.643,0.0,0.0,1
1785856640,843617188,88.963,1.958,90.816,33.33,33.33,1
1785856640,910277588,88.966,2.018,90.885,0.0,33.33,1
1785856640,976937012,89.99,2.35,92.144,0.0,33.33,1
1785856641,43595703,86.244,2.106,88.248,0.0,33.329,1
1785856641,110253418,90.069,2.203,92.163,0.0,33.329,1
1785856641,143582031,120.229,2.66,122.775,0.0,66.656,1
1785856641,210238525,109.225,2.458,111.56,0.0,33.328,1
1785856641,243566406,128.642,2.176,130.702,0.0,66.655,1
1785856641,310221436,111.569,2.951,114.306,0.0,33.327,1
1785856641,343548828,126.725,3.162,129.426,0.0,66.655,1
1785856641,410203369,111.794,2.657,114.296,0.0,33.333,1
1785856641,443536377,128.401,3.044,131.314,0.0,66.666,1
1785856641,510202148,110.496,2.379,112.757,0.0,33.333,1
1785856641,543534668,129.671,3.037,132.588,0.0,66.664,1
1785856641,610198975,121.631,2.386,123.91,0.0,66.664,1
1785856641,676862549,109.694,4.53,114.102,0.0,33.331,1
1785856641,710193848,159.358,3.522,162.753,0.0,99.993,1
1785856641,810186768,123.92,2.731,126.518,0.0,66.661,1
1785856641,876847656,96.432,2.445,98.749,0.0,33.33,1
1785856641,943507813,90.015,2.151,92.066,0.0,33.33,1
1785856642,10166992,88.882,2.146,90.936,0.0,33.329,1
1785856642,76825195,91.683,1.996,93.581,0.0,33.329,1
1785856642,143482666,89.985,2.032,91.915,0.0,33.328,1
1785856642,210139160,92.311,2.124,94.336,0.0,33.328,1
1785856642,276794922,88.583,2.232,90.695,0.0,33.327,1
1785856642,343449707,89.412,2.146,91.456,0.0,33.327,1
1785856642,410104248,90.535,2.03,92.447,0.0,33.376,1
1785856642,476856689,90.031,2.099,92.031,0.0,33.377,1
1785856642,543610596,89.634,2.062,91.598,0.0,33.377,1
1785856642,610365723,92.761,2.171,94.822,0.0,33.378,1
1785856642,677122314,88.329,2.257,90.479,0.0,33.379,1
1785856642,743880371,91.593,2.337,93.826,0.0,33.38,1
1785856642,810639893,88.126,2.723,90.739,0.0,0.0,1
1785856642,877400879,96.672,2.257,98.805,0.0,33.381,1
1785856642,944163086,95.717,2.196,97.804,0.0,33.382,1
1785856643,10926758,96.776,2.884,99.538,0.0,33.383,1
1785856643,77691895,106.32,3.698,109.894,0.0,33.383,1
1785856643,111074951,131.515,2.561,133.962,0.0,33.384,1
1785856643,177842285,132.561,3.615,136.034,0.0,66.769,1
1785856643,244610840,133.335,2.466,135.692,0.0,66.77,1
1785856643,344766357,110.142,2.583,112.6,0.0,33.386,1
1785856643,411537842,105.208,2.824,107.894,0.0,33.341,1
1785856643,444878906,124.224,2.363,126.468,0.0,33.341,1
1785856643,511560791,131.217,2.464,133.562,-33.341,66.681,1
1785856643,578242188,123.541,2.868,126.268,0.0,66.681,1
1785856643,644923096,107.093,2.465,109.44,0.0,33.34,1
1785856643,678263184,141.389,2.928,144.143,0.0,66.68,1
1785856643,744943115,134.817,8.287,142.842,0.0,66.679,1
1785856643,778282715,159.665,2.589,162.129,33.34,100.018,1
1785856643,878301025,120.182,2.243,122.328,0.0,66.678,1
1785856643,944979248,99.172,3.795,102.841,0.0,33.339,1
1785856643,978318115,126.225,2.222,128.322,0.0,66.677,1
1785856644,44995605,100.17,2.868,102.909,0.0,33.338,1
1785856644,145010498,89.927,2.221,92.046,0.0,33.338,1
1785856644,245023926,93.51,2.906,96.283,0.0,33.338,1
1785856644,278361572,118.891,3.193,121.964,0.0,66.675,1
1785856644,345036133,92.363,2.147,94.408,0.0,33.337,1
1785856644,411710693,91.541,2.124,93.567,0.0,33.342,1
1785856644,478393799,90.121,2.004,92.028,0.0,33.341,1
1785856644,545076172,89.03,2.206,91.13,0.0,33.341,1
1785856644,611758057,90.443,2.015,92.362,0.0,33.341,1
1785856644,678439209,100.461,7.498,107.318,0.0,33.341,1
1785856644,711779785,123.441,3.46,126.162,0.0,66.68,1
1785856644,778459961,111.448,2.223,113.542,0.0,33.34,1
1785856644,811800049,124.998,2.976,127.857,0.0,33.34,1
1785856644,878479736,105.026,2.682,107.577,33.339,33.339,1
1785856644,945158691,94.908,2.236,97.043,0.0,33.339,1
1785856645,11837158,87.362,2.244,89.49,0.0,0.0,1
1785856645,78514893,89.205,2.003,91.114,0.0,33.339,1
1785856645,145192139,90.84,2.051,92.789,33.338,33.338,1
1785856645,211868896,89.472,2.182,91.542,0.0,33.338,1
1785856645,278545166,93.101,2.915,95.874,33.338,33.338,1
1785856645,311883057,121.659,2.332,123.865,0.0,66.675,1
1785856645,378558350,103.608,2.403,105.881,0.0,33.338,1
1785856645,411895996,123.596,3.106,126.574,0.0,66.768,1
1785856645,478663818,99.41,2.631,101.922,0.0,33.385,1
1785856645,545433350,91.702,2.196,93.799,0.0,33.385,1
1785856645,612204590,88.331,2.062,90.226,0.0,33.386,1
1785856645,678977539,92.934,2.373,95.195,0.0,33.387,1
1785856645,745751953,97.892,2.363,100.142,0.0,33.388,1
1785856645,812528320,92.825,2.234,94.943,0.0,33.389,1
1785856645,879306152,91.664,2.237,93.786,0.0,33.39,1
1785856645,946085693,88.782,2.158,90.841,0.0,33.39,1
1785856646,12866943,90.582,2.082,92.552,0.0,33.391,1
1785856646,79649902,87.131,2.029,89.061,0.0,33.392,1
1785856646,146434326,89.139,2.146,91.182,0.0,33.393,1
1785856646,213220703,90.133,2.146,92.166,0.0,33.394,1
1785856646,280008545,87.434,2.312,89.632,-33.394,-33.394,1
1785856646,313403320,100.12,2.453,102.441,33.395,33.395,1
1785856646,380193604,90.131,2.027,92.065,0.0,33.395,1
1785856646,446937988,88.342,2.092,90.335,0.0,33.349,1
1785856646,513636719,89.714,2.034,91.647,0.0,33.349,1
1785856646,580335205,89.664,1.991,91.559,0.0,33.349,1
1785856646,647033203,89.495,2.532,91.875,0.0,33.349,1
1785856646,713731201,98.309,2.188,100.391,0.0,33.349,1
1785856646,747079834,125.744,2.157,127.794,0.0,66.698,1
1785856646,813777344,121.732,2.887,124.482,0.0,66.697,1
1785856646,880474609,104.285,2.723,106.857,0.0,33.348,1
1785856646,913822998,121.169,2.437,123.479,0.0,66.697,1
1785856646,980519775,97.913,2.32,100.11,0.0,33.348,1
1785856647,47216064,88.532,2.182,90.615,0.0,33.348,1
1785856647,113912354,88.298,2.238,90.374,0.0,33.348,1
1785856647,180608154,90.235,2.467,92.589,0.0,33.348,1
1785856647,247303955,89.448,2.158,91.506,0.0,33.348,1
1785856647,313999268,92.33,2.236,94.466,0.0,33.348,1
1785856647,347346924,127.667,2.403,129.94,0.0,66.695,1
1785856647,414041992,119.86,2.087,121.845,0.0,33.349,1
1785856647,480739746,103.426,2.335,105.643,33.349,33.349,1
1785856647,514088379,120.765,2.273,122.919,0.0,0.0,1
1785856647,580785889,101.581,4.171,105.368,33.348,33.348,1
1785856647,614134277,114.072,2.403,116.35,0.0,33.348,1
1785856647,647482666,131.166,2.7,133.655,0.0,66.697,1
1785856647,714179443,129.713,7.149,136.734,0.0,33.348,1
1785856647,780875732,119.24,2.825,121.939,0.0,33.348,1
1785856647,847571777,94.971,2.208,97.018,-33.348,33.348,1
1785856647,914267578,91.252,2.001,93.141,0.0,33.348,1
1785856647,980962891,88.079,2.113,90.089,0.0,33.348,1
1785856648,47657959,88.101,2.228,90.228,0.0,33.347,1
1785856648,114352783,86.854,2.138,88.897,-33.347,33.347,1
1785856648,181047363,91.326,2.343,93.527,0.0,33.347,1
1785856648,247741455,91.194,2.198,93.291,0.0,33.347,1
1785856648,314435303,90.162,2.188,92.243,0.0,33.347,1
1785856648,414475830,88.599,2.063,90.564,-33.347,33.349,1
1785856648,481173340,89.704,2.368,91.957,0.0,33.349,1
1785856648,547870361,90.825,2.062,92.789,0.0,33.349,1
1785856648,614567383,90.67,2.141,92.712,0.0,33.348,1
1785856648,681263916,92.378,2.176,94.448,0.0,33.348,1
1785856648,747959961,87.109,2.11,89.12,0.0,0.0,1
1785856648,814656006,88.443,2.171,90.514,0.0,33.348,1
1785856648,881351563,90.601,2.497,92.984,0.0,33.348,1
1785856648,948046875,89.171,2.097,91.17,0.0,33.347,1
1785856649,14741943,89.057,2.057,91.016,0.0,33.347,1
1785856649,81436523,91.698,2.07,93.672,0.0,33.347,1
1785856649,148130859,87.891,2.008,89.801,0.0,33.347,1
1785856649,214824707,93.533,2.216,95.65,0.0,33.347,1
1785856649,281518555,90.06,2.127,92.091,0.0,33.347,1
1785856649,348211914,91.319,3.016,93.534,33.346,33.346,1
1785856649,381558350,110.509,2.669,113.011,0.0,0.0,1
1785856649,414905029,128.388,2.43,130.619,-33.347,66.698,1
1785856649,481602539,118.045,5.147,122.559,0.0,33.349,1
1785856649,548299805,94.421,2.261,96.501,0.0,33.348,1
1785856649,614996582,89.227,1.969,91.104,0.0,33.348,1
1785856649,681693115,97.926,3.742,101.51,0.0,33.348,1
1785856649,715041260,124.245,2.856,126.974,0.0,66.696,1
1785856649,781737305,110.833,3.437,114.141,0.0,33.348,1
1785856649,815085205,132.154,2.229,134.262,0.0,66.696,1
1785856649,881780762,100.535,2.811,103.222,0.0,33.348,1
1785856649,948476074,93.838,2.061,95.798,0.0,33.347,1
1785856650,15170898,91.329,2.068,93.298,0.0,33.347,1
1785856650,81865479,88.887,2.089,90.878,0.0,33.347,1
1785856650,148559814,88.597,2.034,90.531,0.0,0.0,1
1785856650,248600586,88.259,2.153,90.31,-33.347,33.347,1
1785856650,315294189,88.384,2.229,90.511,0.0,33.347,1
1785856650,381987305,93.482,3.418,96.788,0.0,33.347,1
1785856650,415333984,121.036,2.342,123.202,0.0,66.698,1
1785856650,482032471,99.297,3.038,102.209,0.0,33.349,1
1785856650,515381592,125.731,2.252,127.867,0.0,66.698,1
1785856650,582079590,95.843,2.056,97.799,0.0,33.349,1
1785856650,648777344,92.634,2.249,94.733,0.0,33.349,1
1785856650,715474854,91.839,2.483,94.218,0.0,33.348,1
1785856650,782171875,90.607,2.208,92.649,0.0,33.348,1
1785856650,848868652,89.211,2.2,91.311,0.0,33.348,1
1785856650,915565186,92.586,2.749,95.236,0.0,33.348,1
1785856650,982261475,89.991,1.99,91.882,0.0,33.348,1
1785856651,48957520,94.096,2.062,96.064,0.0,33.348,1
1785856651,115653076,90.838,2.086,92.82,0.0,33.348,1
1785856651,182348389,93.023,2.41,95.32,0.0,33.348,1
1785856651,249043457,90.714,2.044,92.663,0.0,33.347,1
1785856651,315738281,92.838,2.201,94.93,0.0,33.347,1
1785856651,382432861,96.009,4.376,100.263,0.0,33.347,1
1785856651,415780029,125.79,2.961,128.623,0.0,66.699,1
1785856651,482478760,111.505,2.914,114.283,0.0,33.349,1
1785856651,515828125,125.482,2.499,127.853,0.0,66.698,1
1785856651,582526367,106.868,3.263,109.976,0.0,33.349,1
1785856651,615875488,128.481,2.198,130.562,0.0,66.698,1
1785856651,682573242,115.357,4.046,119.279,0.0,33.349,1
1785856651,715922119,126.716,20.757,147.345,0.0,0.0,1
1785856651,782619629,133.816,2.586,136.219,33.348,66.697,1
1785856651,849316650,130.579,6.799,137.231,0.0,66.697,1
1785856651,916013428,124.177,5.062,129.125,0.0,66.697,1
1785856651,982709961,113.801,2.698,116.38,0.0,33.348,1
1785856652,16058105,130.32,2.679,132.864,0.0,66.696,1
1785856652,82754150,123.469,6.267,129.549,0.0,66.696,1
1785856652,116102051,163.796,2.695,166.287,0.0,100.043,1
1785856652,216145508,124.513,2.735,127.041,0.0,66.695,1
1785856652,282840576,107.577,2.605,110.05,0.0,0.0,1
1785856652,316188232,125.788,2.68,128.306,33.347,66.695,1
1785856652,382882813,106.399,2.094,108.389,0.0,0.0,1
1785856652,416230225,157.041,2.35,159.279,-33.347,100.046,1
1785856652,482927490,125.809,2.149,127.858,-33.349,33.349,1
1785856652,582972900,91.824,2.065,93.789,0.0,33.348,1
1785856652,649669434,89.814,2.311,92.004,0.0,33.348,1
1785856652,716365723,91.953,2.315,94.167,0.0,33.348,1
1785856652,783061768,90.346,2.08,92.325,33.348,33.348,1
1785856652,849757324,92.38,2.317,94.546,0.0,33.348,1
1785856652,916452393,89.65,1.971,91.523,0.0,33.348,1
1785856652,983147461,92.864,2.078,94.839,0.0,33.347,1
1785856653,49842041,90.662,2.631,93.189,0.0,33.347,1
1785856653,116536377,92.076,1.99,93.966,0.0,33.347,1
1785856653,183230469,93.066,2.314,95.26,0.0,33.347,1
1785856653,249924072,111.813,12.119,123.813,0.0,33.347,1
1785856653,283270752,138.212,2.785,140.834,0.0,66.693,1
1785856653,349963867,156.148,2.981,158.834,0.0,66.693,1
1785856653,416656738,156.834,2.29,159.01,0.0,100.332,1
1785856653,516988525,132.848,2.65,135.378,0.0,66.891,1
1785856653,583879150,126.123,7.53,133.515,0.0,66.893,1
1785856653,617325439,143.369,3.68,146.933,0.0,66.894,1
1785856653,684219727,125.822,4.158,129.861,0.0,66.897,1
1785856653,751116455,121.511,3.146,124.507,0.0,66.899,1
1785856653,818015381,101.833,2.84,104.53,0.0,33.45,1
1785856653,851465820,113.251,5.563,118.673,0.0,33.451,1
1785856653,918368164,90.779,2.073,92.755,0.0,33.452,1
1785856653,985272949,88.854,2.146,90.902,0.0,33.453,1
1785856654,52180176,87.628,2.582,90.084,0.0,33.455,1
1785856654,119089844,87.139,2.245,89.282,0.0,0.0,1
1785856654,186001709,93.23,2.349,95.47,0.0,33.457,1
1785856654,252916016,90.137,1.96,92.002,0.0,33.458,1
1785856654,319832764,86.813,2.309,88.962,0.0,0.0,1
1785856654,386751709,90.526,2.5,92.912,0.0,0.0,1
1785856654,453593506,89.214,2.07,91.174,0.0,33.384,1
1785856654,520362549,87.333,2.178,89.412,-33.385,33.385,1
1785856654,587133301,87.76,2.147,89.809,0.0,33.386,1
1785856654,653905518,86.171,2.006,88.077,0.0,33.387,1
1785856654,720679688,85.887,2.126,87.915,0.0,33.388,1
1785856654,787455322,88.163,2.311,90.368,0.0,33.389,1
1785856654,854232910,85.947,2.217,88.048,0.0,33.389,1
1785856654,921011963,88.646,2.229,90.774,-33.39,33.39,1
1785856654,987792480,86.898,2.155,88.953,0.0,33.391,1
1785856655,54574951,86.045,2.809,88.717,0.0,33.392,1
1785856655,121359131,86.647,2.028,88.58,-33.392,33.393,1
1785856655,188144775,88.574,2.09,90.557,-33.393,33.394,1
1785856655,254932129,86.442,2.156,88.482,0.0,0.0,1
1785856655,321721436,85.006,2.061,86.969,0.0,33.395,1
1785856655,388511963,90.456,3.091,93.437,0.0,33.395,1
1785856655,455257080,89.008,2.241,91.143,0.0,33.35,1
1785856655,488606689,120.128,2.724,122.527,0.0,0.0,1
1785856655,555305664,92.681,2.171,94.747,33.349,33.349,1
1785856655,622004395,87.318,2.095,89.316,33.349,33.349,1
1785856655,688702881,84.98,2.066,86.946,0.0,33.349,1
1785856655,755401123,89.121,2.078,91.099,0.0,33.349,1
1785856655,822098877,89.687,2.053,91.638,0.0,33.349,1
1785856655,888796631,90.055,2.117,92.067,0.0,33.349,1
1785856655,955493896,87.462,2.229,89.592,0.0,33.349,1
1785856656,22190918,88.774,2.05,90.724,0.0,33.348,1
1785856656,88887695,85.562,2.254,87.704,0.0,33.348,1
1785856656,155583984,86.103,2.135,88.137,0.0,33.348,1
1785856656,222280273,89.838,2.048,91.784,0.0,33.348,1
1785856656,288976074,85.838,2.535,88.265,0.0,0.0,1
1785856656,355671631,86.624,2.053,88.578,0.0,33.348,1
1785856656,422367432,88.671,2.27,90.84,0.0,33.349,1
1785856656,489065918,90.8,3.891,94.571,0.0,0.0,1
1785856656,522415283,106.472,2.759,109.089,33.349,33.349,1
1785856656,589113281,91.295,2.166,93.359,0.0,33.349,1
1785856656,655811035,84.827,2.051,86.78,0.0,0.0,1
1785856656,722508789,87.013,2.103,88.976,0.0,33.349,1
1785856656,789206055,89.412,2.269,91.581,0.0,33.348,1
1785856656,855902832,85.85,2.143,87.895,0.0,0.0,1
1785856656,922599609,87.484,2.101,89.488,0.0,33.348,1
1785856656,989295898,88.376,2.236,90.512,0.0,33.348,1
1785856657,55991943,88.411,2.102,90.421,0.0,33.348,1
1785856657,122687744,86.254,2.263,88.412,0.0,33.348,1
1785856657,189383057,93.034,1.987,94.925,0.0,33.348,1
1785856657,256078369,88.714,2.101,90.718,0.0,33.347,1
1785856657,322773193,85.784,2.17,87.854,0.0,33.347,1
1785856657,389467773,88.898,2.305,91.079,-33.347,33.347,1
1785856657,456164551,87.474,2.064,89.443,0.0,33.349,1
1785856657,522862793,92.632,4.68,97.189,33.349,33.349,1
1785856657,556211670,121.479,3.1,124.456,0.0,66.698,1
1785856657,622909668,93.308,2.357,95.562,0.0,33.349,1
1785856657,689607178,87.785,2.125,89.809,0.0,33.349,1
1785856657,756304199,86.295,2.102,88.265,-33.348,-33.348,1
1785856657,823001221,90.162,2.166,92.229,0.0,33.348,1
1785856657,889697754,88.679,2.298,90.849,0.0,33.348,1
1785856657,956394043,89.377,2.18,91.455,0.0,33.348,1
1785856658,23090088,88.274,2.29,90.435,0.0,33.348,1
1785856658,89785889,87.08,2.154,89.092,0.0,33.348,1
1785856658,156481201,86.826,2.136,88.816,0.0,0.0,1
1785856658,223176270,88.907,2.009,90.821,33.347,33.347,1
1785856658,289871094,88.767,2.104,90.771,-33.347,33.347,1
1785856658,356565674,90.031,2.212,92.144,0.0,33.347,1
1785856658,423260254,90.398,2.068,92.369,0.0,33.349,1
1785856658,489958496,90.87,1.963,92.742,0.0,33.349,1
1785856658,556656494,92.156,6.882,98.917,-33.349,33.349,1
1785856658,590005371,128.969,2.724,131.542,0.0,66.698,1
1785856658,656702881,103.926,3.348,107.118,0.0,0.0,1
1785856658,723400146,90.118,2.128,92.147,0.0,33.348,1
1785856658,790096924,87.015,2.166,89.078,-33.348,33.348,1
1785856658,856793701,88.579,2.014,90.501,33.348,33.348,1
1785856658,923489990,88.191,2.376,90.467,0.0,33.348,1
1785856658,990186035,87.47,2.055,89.374,0.0,33.348,1
1785856659,56881592,86.019,2.23,88.149,0.0,33.348,1
1785856659,123577148,86.871,2.325,88.995,0.0,33.348,1
1785856659,190272217,92.246,2.158,94.293,0.0,33.347,1
1785856659,256967041,90.463,2.094,92.443,0.0,33.347,1
1785856659,323661621,88.242,2.246,90.389,0.0,33.347,1
1785856659,390355713,91.196,3.172,94.257,0.0,33.347,1
1785856659,457052246,87.861,2.11,89.871,0.0,33.349,1
1785856659,523750000,93.58,2.081,95.558,0.0,33.349,1
1785856659,590447754,89.628,2.156,91.68,0.0,33.349,1
1785856659,657145020,88.321,2.074,90.297,0.0,33.348,1
1785856659,723842041,87.666,2.16,89.686,0.0,33.348,1
1785856659,790538574,90.11,2.064,92.075,0.0,33.348,1
1785856659,857234863,88.398,2.061,90.361,-33.348,33.348,1
1785856659,923931152,87.98,2.228,90.107,0.0,33.348,1
1785856659,990626709,87.444,2.044,89.39,0.0,33.348,1
1785856660,57322266,86.834,2.038,88.772,0.0,0.0,1
1785856660,124017334,86.262,2.059,88.222,33.347,33.347,1
1785856660,190712158,86.701,2.147,88.721,-33.347,33.347,1
1785856660,257406738,87.981,2.07,89.946,0.0,33.347,1
1785856660,324101074,90.093,2.252,92.243,0.0,33.347,1
1785856660,390794922,96.691,3.266,99.82,0.0,33.347,1
1785856660,424142090,120.685,2.554,123.044,0.0,66.698,1
1785856660,490840576,97.729,2.658,100.269,0.0,33.349,1
1785856660,524189697,121.466,2.398,123.744,0.0,66.698,1
1785856660,590887695,101.39,2.943,104.207,0.0,33.349,1
1785856660,624236572,121.179,2.924,123.97,0.0,66.698,1
1785856660,690934326,95.544,2.337,97.78,0.0,33.349,1
1785856660,757631592,92.07,2.066,94.034,0.0,33.349,1
1785856660,824328613,88.662,2.006,90.569,0.0,33.348,1
1785856660,891025391,90.979,2.404,93.192,0.0,33.348,1
1785856660,957721924,86.343,2.761,88.991,0.0,0.0,1
1785856661,24417969,88.013,2.116,90.018,0.0,33.348,1
1785856661,91113770,90.254,2.111,92.266,0.0,33.348,1
1785856661,157809326,88.074,2.233,90.198,0.0,0.0,1
1785856661,224504639,92.177,2.258,94.334,0.0,33.347,1
1785856661,291199463,88.628,2.421,90.942,0.0,33.347,1
1785856661,357894287,86.646,2.116,88.647,33.347,33.347,1
1785856661,424588867,89.925,2.176,91.983,0.0,33.349,1
1785856661,491287354,91.789,2.642,94.315,0.0,33.349,1
1785856661,557985596,91.696,2.107,93.705,0.0,33.349,1
1785856661,624683594,89.639,2.399,91.838,0.0,33.349,1
1785856661,658032471,105.332,3.076,108.222,0.0,33.349,1
1785856661,724729980,94.365,2.17,96.435,0.0,33.349,1
1785856661,791427246,91.359,2.071,93.337,0.0,33.349,1
1785856661,858124268,90.262,2.233,92.343,0.0,33.348,1
1785856661,924820801,91.677,2.175,93.749,0.0,33.348,1
1785856661,991517334,90.318,2.21,92.429,0.0,33.348,1
1785856662,58213379,90.435,2.182,92.519,0.0,33.348,1
1785856662,124909180,87.317,2.043,89.268,0.0,33.348,1
1785856662,191604492,93.067,3.018,95.94,0.0,33.348,1
1785856662,291647217,91.133,2.117,93.142,0.0,33.347,1
1785856662,358341797,87.046,2.098,89.044,0.0,33.347,1
1785856662,425036621,90.465,2.178,92.543,0.0,33.349,1
1785856662,491735352,92.626,2.145,94.669,0.0,33.349,1
1785856662,558433594,89.662,2.055,91.619,0.0,33.349,1
1785856662,625131836,87.24,2.027,89.168,0.0,33.349,1
1785856662,691829590,91.283,2.468,93.645,0.0,33.349,1
1785856662,725178223,104.601,2.092,106.595,0.0,33.349,1
1785856662,791875732,94.056,2.066,96.023,0.0,33.349,1
1785856662,858572754,90.675,2.06,92.638,0.0,33.348,1
1785856662,925269531,91.065,2.015,92.983,0.0,33.348,1
1785856662,991966064,89.031,2.089,91.022,0.0,33.348,1
1785856663,58662109,88.828,2.42,91.143,0.0,33.348,1
1785856663,125357910,91.034,2.055,92.99,-33.348,33.348,1
1785856663,192053467,88.67,2.52,91.08,0.0,33.348,1
1785856663,258748779,89.151,2.367,91.417,0.0,33.348,1
1785856663,325443848,88.794,2.244,90.935,-33.347,33.347,1
1785856663,392138428,91.368,2.328,93.58,0.0,33.347,1
1785856663,458835205,88.028,2.41,90.331,0.0,33.349,1
1785856663,525533447,96.106,1.944,97.959,0.0,33.349,1
1785856663,592231201,91.576,2.424,93.885,0.0,33.349,1
1785856663,658928955,89.757,1.985,91.647,0.0,33.349,1
1785856663,725626221,89.475,2.296,91.66,0.0,33.348,1
1785856663,758974609,109.619,3.626,113.076,0.0,33.349,1
1785856663,792323242,128.462,2.4,130.735,0.0,66.697,1
1785856663,859019775,107.8,2.604,110.285,0.0,33.348,1
1785856663,892368164,123.764,2.458,126.091,0.0,66.696,1
1785856663,959064453,102.478,3.046,105.317,0.0,33.348,1
1785856664,25760254,89.171,2.011,91.081,0.0,33.348,1
1785856664,92456055,88.723,2.177,90.802,33.348,33.348,1
1785856664,159151367,87.178,2.055,89.134,-33.348,-33.348,1
1785856664,225846436,90.385,2.052,92.338,0.0,33.347,1
1785856664,292541260,89.069,2.175,91.13,0.0,33.347,1
1785856664,359235596,87.794,2.073,89.765,0.0,33.347,1
1785856664,425929932,89.247,2.096,91.244,0.0,33.349,1
1785856664,492628662,90.566,2.076,92.542,0.0,33.349,1
1785856664,559327148,90.763,2.053,92.727,0.0,33.349,1
1785856664,626025146,88.662,2.104,90.668,0.0,0.0,1
1785856664,692723145,91.269,2.055,93.223,0.0,33.349,1
1785856664,759420654,93.175,2.042,95.112,33.349,33.349,1
1785856664,792769287,124.362,2.79,127.027,0.0,66.697,1
1785856664,859466309,95.72,2.377,97.99,0.0,33.349,1
1785856664,926163330,96.904,3.001,99.774,0.0,33.348,1
1785856664,959511475,122.755,4.624,127.258,0.0,66.696,1
1785856665,26207764,98.807,2.468,101.158,0.0,33.348,1
1785856665,92904053,90.859,1.976,92.743,0.0,33.348,1
1785856665,159599609,89.024,2.112,91.023,0.0,33.348,1
1785856665,226295166,91.212,2.238,93.348,0.0,33.348,1
1785856665,292990479,92.002,1.969,93.879,0.0,33.347,1
1785856665,359685303,87.954,2.195,90.043,0.0,0.0,1
1785856665,426380127,91.604,2.155,93.662,0.0,33.349,1
1785856665,493078613,88.769,2.154,90.752,0.0,33.349,1
1785856665,559776855,89.407,2.144,91.455,0.0,33.349,1
1785856665,626474609,89.185,2.21,91.298,0.0,33.349,1
1785856665,693172363,90.526,2.054,92.438,0.0,33.349,1
1785856665,759869629,92.065,2.631,94.41,0.0,33.349,1
1785856665,793218262,116.663,3.206,119.755,0.0,66.697,1
1785856665,826566650,131.232,2.381,133.49,0.0,66.697,1
1785856665,893263428,103.637,2.614,105.937,0.0,33.348,1
1785856665,959959961,93.592,2.133,95.627,0.0,33.348,1
1785856666,26656006,89.718,2.029,91.651,0.0,0.0,1
1785856666,93351807,88.88,2.341,91.041,0.0,33.348,1
1785856666,160047363,88.867,1.998,90.767,0.0,33.348,1
1785856666,226742676,93.887,2.339,96.097,0.0,33.347,1
1785856666,293437500,88.635,2.183,90.718,0.0,0.0,1
1785856666,393479248,93.285,3.251,96.423,0.0,33.347,1
1785856666,460176270,89.927,2.071,91.9,0.0,33.349,1
1785856666,526875000,92.841,2.224,94.963,0.0,33.349,1
1785856666,593573730,91.593,1.966,93.469,0.0,33.349,1
1785856666,660271973,90.281,2.121,92.293,0.0,33.349,1
1785856666,726969971,89.847,2.134,91.882,0.0,33.349,1
1785856666,793667725,89.087,2.623,91.532,0.0,33.349,1
1785856666,827016602,105.919,2.493,108.286,0.0,33.349,1
1785856666,893713867,97.111,2.52,99.519,0.0,33.349,1
1785856666,960410889,90.067,2.266,92.233,0.0,33.348,1
1785856667,27107666,88.555,2.264,90.713,0.0,33.348,1
1785856667,93803955,88.612,2.304,90.818,0.0,33.348,1
1785856667,160500244,92.376,2.039,94.316,0.0,33.348,1
1785856667,227196045,88.72,2.05,90.676,-33.348,33.348,1
1785856667,293891602,92.498,2.258,94.655,33.348,33.348,1
1785856667,360586914,88.502,2.178,90.582,0.0,33.347,1
1785856667,427281982,88.346,2.191,90.389,0.0,33.35,1
1785856667,493980957,92.315,2.307,94.523,0.0,33.349,1
1785856667,560679688,90.385,2.294,92.579,0.0,0.0,1
1785856667,627377930,88.602,2.171,90.675,33.349,33.349,1
1785856667,694076172,90.89,2.103,92.894,33.349,33.349,1
1785856667,760773926,87.883,2.175,89.952,-33.349,-33.349,1
1785856667,827471436,92.672,2.126,94.704,33.349,33.349,1
1785856667,894168701,92.952,2.114,94.965,0.0,33.348,1
1785856667,960865479,89.834,2.198,91.932,0.0,33.348,1
1785856668,27562256,89.608,2.022,91.531,33.348,33.348,1
1785856668,94258545,90.969,2.05,92.919,0.0,33.348,1
1785856668,160954590,88.172,1.981,90.057,-33.348,-33.348,1
1785856668,227650391,92.653,2.059,94.615,33.348,33.348,1
1785856668,294345947,90.357,2.033,92.299,0.0,33.348,1
1785856668,361041260,92.176,2.227,94.285,0.0,33.347,1
1785856668,427736084,94.491,2.33,96.714,0.0,33.429,1
1785856668,494594482,91.351,2.004,93.256,0.0,33.43,1
1785856668,561454346,88.699,2.5,91.038,0.0,33.431,1
1785856668,628316162,91.489,2.247,93.636,0.0,33.431,1
1785856668,695179688,90.725,2.195,92.818,-33.432,33.432,1
1785856668,762044922,91.493,2.061,93.45,0.0,33.433,1
1785856668,828911865,93.183,2.251,95.323,0.0,33.434,1
1785856668,862345947,106.905,2.969,109.733,0.0,33.435,1
1785856668,929215576,95.111,2.245,97.126,0.0,33.436,1
1785856668,996087158,91.441,2.215,93.555,0.0,33.436,1
1785856669,62960205,88.201,1.98,90.086,0.0,33.437,1
1785856669,129835205,90.428,2.054,92.383,-33.438,33.438,1
1785856669,196711670,88.832,2.357,91.075,0.0,33.439,1
1785856669,263590088,90.241,2.048,92.188,0.0,33.44,1
1785856669,330470215,87.282,2.174,89.341,0.0,33.441,1
1785856669,397352295,86.663,2.042,88.605,0.0,33.439,1
1785856669,464181885,89.392,2.64,91.926,0.0,33.391,1
1785856669,530963623,89.476,2.177,91.554,0.0,33.392,1
1785856669,597747314,88.76,2.265,90.923,0.0,33.393,1
1785856669,664533203,88.075,2.168,90.149,0.0,33.394,1
1785856669,731320801,85.811,2.055,87.766,-33.394,-33.394,1
1785856669,798110596,87.808,2.161,89.87,0.0,33.396,1
1785856669,898298584,91.802,2.31,94.011,0.0,33.397,1
1785856669,931695801,107.2,2.454,109.528,0.0,0.0,1
1785856669,998491455,90.581,2.158,92.64,33.398,33.398,1
1785856670,65288818,86.921,2.066,88.89,0.0,33.4,1
1785856670,132088379,88.761,2.098,90.758,0.0,33.401,1
1785856670,198890137,86.253,2.615,88.757,0.0,33.401,1
1785856670,265693604,87.549,1.989,89.441,0.0,33.402,1
1785856670,332499023,89.219,2.066,91.188,0.0,33.404,1
1785856670,399306396,86.672,3.928,90.485,0.0,33.404,1
1785856670,466060547,87.998,2.081,89.971,0.0,33.351,1
1785856670,532761475,90.949,2.304,93.072,0.0,33.35,1
1785856670,599462158,86.263,2.042,88.204,0.0,33.35,1
1785856670,666162354,89.839,2.137,91.877,0.0,33.35,1
1785856670,732862549,86.952,2.104,88.957,0.0,33.35,1
1785856670,799562500,87.661,2.067,89.63,0.0,33.35,1
1785856670,866261963,85.899,2.091,87.893,0.0,33.35,1
1785856670,932961182,91.102,2.381,93.371,0.0,33.35,1
1785856670,966310791,114.294,2.157,116.349,0.0,66.699,1
1785856671,33009766,92.64,2.087,94.625,0.0,33.349,1
1785856671,99708496,87.914,2.061,89.873,0.0,33.349,1
1785856671,166406982,89.226,1.966,91.1,0.0,33.349,1
1785856671,233104980,87.193,2.139,89.234,0.0,33.349,1
1785856671,299802979,87.354,2.331,89.583,0.0,33.349,1
1785856671,866748779,118.489,8.748,127.104,0.0,33.35,1
