stamp_sec,stamp_nanosec,capture_sec,capture_nanosec,detect_period_ms,count,image_w,image_h,processing_ms,detect_ms,img_ms,worker_call_ms,ipc_overhead_ms,pre_ms,dpu_ms,post_ms,worker_ms,detection_publish_ms,overlay_ms,age_in_ms,frame_age_ms
1785992031,736127686,1785992031,736127686,,5,848,480,68.77,67.668,19.154,48.514,8.69,17.731,17.302,4.791,39.824,1.092,0.01,103.13,171.939
1785992031,836150879,1785992031,836150879,66.085,5,848,480,51.155,50.145,2.684,47.461,2.698,19.964,20.444,4.354,44.763,1.002,0.008,86.8,137.993
1785992031,902838379,1785992031,902838379,55.157,5,848,480,53.166,52.41,3.911,48.499,5.752,13.69,20.144,8.912,42.746,0.749,0.007,73.263,133.903
1785992031,969531494,1785992031,969531494,68.116,5,848,480,58.988,58.208,4.854,53.354,5.299,15.619,22.633,9.804,48.056,0.772,0.008,68.865,127.878
1785992032,36225098,1785992032,36225098,51.384,5,848,480,50.945,50.015,6.704,43.311,6.374,8.806,17.001,11.13,36.937,0.92,0.01,61.58,112.579
1785992032,69571777,1785992032,69571777,48.387,5,848,480,44.784,43.32,3.775,39.544,4.064,10.028,17.398,8.055,35.481,1.455,0.009,82.796,127.614
1785992032,136265381,1785992032,136265381,63.928,5,848,480,63.489,62.591,6.858,55.733,7.805,16.852,17.11,13.965,47.928,0.89,0.008,61.306,124.856
1785992032,202959229,1785992032,202959229,74.876,5,848,480,71.732,70.839,5.157,65.682,14.209,11.271,26.019,14.182,51.472,0.886,0.008,61.25,133.022
1785992032,269653076,1785992032,269653076,55.163,5,848,480,54.696,53.964,3.03,50.934,5.7,21.916,17.26,6.058,45.234,0.725,0.007,66.752,121.491
1785992032,336346924,1785992032,336346924,49.983,5,848,480,48.585,47.856,0.953,46.903,6.19,18.345,17.269,5.099,40.713,0.722,0.006,56.161,104.771
1785992032,369694092,1785992032,369694092,42.56,5,848,480,42.147,41.121,5.135,35.986,2.476,9.901,17.483,6.126,33.51,1.018,0.008,71.8,114.002
1785992032,403041260,1785992032,403041260,44.678,5,848,480,40.511,39.748,5.579,34.169,3.261,9.074,17.266,4.568,30.908,0.745,0.018,84.802,125.33
1785992032,469735596,1785992032,469735596,37.433,5,848,480,37.01,36.256,0.968,35.287,3.341,10.32,17.474,4.152,31.946,0.748,0.006,59.004,96.056
1785992032,503082764,1785992032,503082764,38.603,5,848,480,37.263,36.312,0.934,35.378,4.242,10.301,16.824,4.012,31.137,0.943,0.007,64.017,101.328
1785992032,569777100,1785992032,569777100,52.066,5,848,480,36.434,35.724,2.796,32.928,2.431,8.529,17.218,4.749,30.496,0.704,0.007,50.229,86.681
1785992032,603124512,1785992032,603124512,35.206,5,848,480,34.808,34.068,0.777,33.291,2.273,8.705,17.147,5.166,31.018,0.733,0.007,53.692,88.541
1785992032,636471924,1785992032,636471924,36.758,5,848,480,36.34,35.456,1.101,34.356,4.347,8.3,17.323,4.385,30.008,0.877,0.007,55.572,91.956
1785992032,669819336,1785992032,669819336,38.804,5,848,480,38.281,37.579,0.9,36.679,3.899,11.197,17.436,4.148,32.781,0.696,0.006,59.088,97.407
1785992032,703166748,1785992032,703166748,56.432,5,848,480,55.963,55.196,0.978,54.218,5.188,16.147,16.778,16.106,49.03,0.76,0.007,64.489,120.491
1785992032,769861572,1785992032,769861572,39.363,5,848,480,38.961,38.28,0.953,37.327,2.497,9.192,17.214,8.423,34.829,0.675,0.006,54.159,93.262
1785992032,803208984,1785992032,803208984,39.0,5,848,480,37.364,36.313,0.918,35.395,2.895,10.783,17.455,4.262,32.5,1.046,0.005,61.421,98.817
1785992032,869904053,1785992032,869904053,58.532,5,848,480,35.687,34.676,0.901,33.774,2.392,9.41,17.274,4.698,31.383,1.003,0.008,54.939,90.658
1785992032,903276367,1785992032,903276367,37.369,5,848,480,36.947,36.266,0.981,35.285,2.502,9.16,17.878,5.744,32.783,0.674,0.007,57.66,94.644
1785992032,936649658,1785992032,936649658,36.407,5,848,480,35.914,35.159,0.936,34.223,2.461,9.783,17.336,4.643,31.762,0.747,0.008,61.729,97.801
1785992032,970023438,1785992032,970023438,48.235,5,848,480,47.658,46.546,1.168,45.378,7.442,11.277,17.683,8.976,37.936,1.103,0.01,64.848,112.564
1785992033,3397705,1785992033,3397705,41.619,5,848,480,41.138,40.386,1.408,38.978,3.361,9.125,17.602,8.891,35.618,0.746,0.006,79.609,120.79
1785992033,70148438,1785992033,70148438,68.849,5,848,480,68.416,67.586,1.316,66.271,12.13,21.508,16.766,15.867,54.141,0.823,0.006,54.43,122.882
1785992033,136901611,1785992033,136901611,62.827,5,848,480,59.305,58.526,3.73,54.796,12.608,15.594,18.353,8.241,42.188,0.772,0.007,59.632,118.957
1785992033,203656982,1785992033,203656982,40.44,5,848,480,40.028,39.337,2.173,37.164,2.642,10.76,17.618,6.143,34.522,0.685,0.006,52.575,92.654
1785992033,237035889,1785992033,237035889,41.569,5,848,480,39.834,37.552,0.914,36.637,2.638,11.027,17.671,5.301,34.0,2.274,0.008,60.97,100.846
1785992033,270415039,1785992033,270415039,44.952,5,848,480,44.439,43.652,2.547,41.106,4.485,11.574,17.226,7.821,36.621,0.779,0.008,67.931,112.409
1785992033,303795166,1785992033,303795166,58.723,5,848,480,58.224,57.29,1.364,55.926,3.488,30.299,17.162,4.977,52.439,0.926,0.008,79.489,137.769
1785992033,370556885,1785992033,370556885,55.396,5,848,480,54.917,54.13,1.373,52.757,10.443,18.192,17.447,6.676,42.314,0.782,0.006,71.428,126.379
1785992033,437321045,1785992033,437321045,39.679,5,848,480,39.229,38.522,1.608,36.915,5.621,9.97,17.075,4.248,31.293,0.702,0.004,60.028,99.296
1785992033,504087891,1785992033,504087891,54.915,5,848,480,38.637,37.608,2.222,35.385,3.656,8.91,17.138,5.682,31.729,1.02,0.01,48.812,87.465
1785992033,537472168,1785992033,537472168,37.056,5,848,480,36.572,35.823,2.026,33.797,2.607,8.962,18.099,4.129,31.19,0.743,0.007,54.507,91.121
1785992033,570856934,1785992033,570856934,37.165,5,848,480,36.709,35.895,0.874,35.02,2.468,10.413,17.395,4.744,32.553,0.807,0.007,58.151,94.902
1785992033,604242432,1785992033,604242432,52.885,5,848,480,52.357,51.58,1.319,50.261,6.341,17.844,16.792,9.284,43.92,0.769,0.008,62.08,114.406
1785992033,637628662,1785992033,637628662,48.162,5,848,480,47.737,46.975,0.917,46.058,4.059,10.699,17.387,13.913,41.999,0.755,0.007,81.397,129.177
1785992033,704402588,1785992033,704402588,65.658,5,848,480,65.217,64.387,0.908,63.479,8.194,17.939,16.786,20.561,55.286,0.822,0.007,62.804,128.062
1785992033,771179199,1785992033,771179199,42.451,5,848,480,42.029,40.702,1.652,39.051,3.228,12.434,17.426,5.963,35.823,1.317,0.01,61.667,103.8
1785992033,804568604,1785992033,804568604,47.85,5,848,480,45.905,44.848,1.319,43.528,4.056,12.204,17.238,10.031,39.472,1.049,0.009,72.271,118.205
1785992033,871347656,1785992033,871347656,44.0,5,848,480,38.613,36.872,1.185,35.687,2.879,10.311,17.256,5.241,32.808,1.734,0.008,56.78,95.423
1785992033,904717285,1785992033,904717285,44.999,5,848,480,43.459,42.047,1.153,40.894,3.701,13.662,17.179,6.352,37.193,1.402,0.011,63.561,107.081
1785992033,938087158,1785992033,938087158,39.982,5,848,480,39.388,38.674,1.02,37.653,3.954,10.49,16.911,6.298,33.699,0.709,0.006,74.284,113.65
1785992033,971457031,1785992033,971457031,50.739,5,848,480,47.701,46.855,10.902,35.952,4.437,9.883,17.385,4.247,31.515,0.839,0.007,83.302,131.028
1785992034,38197510,1785992034,38197510,86.779,5,848,480,86.356,85.686,1.049,84.637,18.804,21.003,16.874,27.955,65.832,0.665,0.006,64.666,151.06
1785992034,138309570,1785992034,138309570,68.378,5,848,480,65.949,65.078,0.961,64.117,7.126,24.809,17.418,14.764,56.991,0.863,0.007,53.361,119.33
1785992034,205052002,1785992034,205052002,35.516,5,848,480,35.108,34.276,0.985,33.29,2.601,9.083,17.246,4.359,30.689,0.826,0.007,52.954,88.105
1785992034,271794922,1785992034,271794922,64.061,5,848,480,37.348,36.668,2.211,34.457,3.003,8.632,17.05,5.773,31.454,0.673,0.007,48.053,85.424
1785992034,305166748,1785992034,305166748,43.384,5,848,480,42.819,42.087,0.962,41.125,2.626,12.311,21.654,4.534,38.499,0.725,0.007,52.577,95.436
1785992034,338538574,1785992034,338538574,44.574,5,848,480,44.032,43.158,0.963,42.195,2.796,14.654,18.514,6.231,39.399,0.868,0.007,62.564,106.648
1785992034,371910645,1785992034,371910645,40.676,5,848,480,40.192,39.456,2.825,36.631,2.622,11.395,16.802,5.812,34.009,0.729,0.008,73.71,113.943
1785992034,405282959,1785992034,405282959,49.7,5,848,480,49.15,48.345,0.838,47.507,2.643,22.822,17.288,4.754,44.864,0.798,0.008,81.081,130.279
1785992034,472028076,1785992034,472028076,43.543,5,848,480,43.096,42.284,0.905,41.379,2.611,15.947,18.347,4.474,38.768,0.805,0.007,63.929,107.068
1785992034,505400879,1785992034,505400879,49.353,5,848,480,47.83,47.062,1.852,45.21,2.839,16.929,19.679,5.763,42.371,0.761,0.006,75.188,123.045
1785992034,572147217,1785992034,572147217,44.832,5,848,480,44.415,43.63,0.933,42.697,2.541,16.277,19.418,4.461,40.156,0.778,0.007,56.676,101.134
1785992034,605520508,1785992034,605520508,58.713,5,848,480,57.098,56.376,0.997,55.378,11.734,9.563,17.422,16.659,43.645,0.715,0.006,69.345,126.561
1785992034,672267822,1785992034,672267822,46.129,5,848,480,45.586,44.608,0.933,43.675,2.645,19.005,17.169,4.857,41.03,0.97,0.008,60.228,105.86
1785992034,705641602,1785992034,705641602,50.993,5,848,480,49.295,48.4,0.794,47.606,3.805,20.219,17.256,6.326,43.801,0.888,0.006,74.151,123.471
1785992034,772390137,1785992034,772390137,41.607,5,848,480,41.173,40.281,1.033,39.249,5.785,9.352,17.392,6.72,33.464,0.884,0.008,57.118,98.338
1785992034,805764404,1785992034,805764404,50.099,5,848,480,48.395,47.5,2.172,45.329,8.547,13.595,17.381,5.806,36.781,0.888,0.006,66.639,115.057
1785992034,839139160,1785992034,839139160,39.694,5,848,480,39.269,38.423,0.807,37.615,2.568,11.842,18.79,4.414,35.047,0.838,0.008,82.066,121.38
1785992034,872513184,1785992034,872513184,53.829,5,848,480,48.921,47.856,1.813,46.043,6.319,16.742,17.303,5.679,39.724,1.056,0.009,92.885,143.566
1785992034,939434570,1785992034,939434570,47.895,5,848,480,44.54,43.63,4.156,39.474,6.263,9.654,17.662,5.895,33.211,0.904,0.006,78.987,122.802
1785992035,6359619,1785992035,6359619,36.895,5,848,480,36.478,35.678,1.246,34.432,3.157,9.614,17.305,4.356,31.275,0.793,0.007,56.254,92.775
1785992035,39823730,1785992035,39823730,41.736,5,848,480,39.799,38.777,1.565,37.212,2.79,11.942,17.324,5.157,34.422,1.013,0.009,61.219,101.066
1785992035,73288574,1785992035,73288574,50.679,5,848,480,49.977,49.122,1.232,47.89,3.884,10.889,17.131,15.986,44.006,0.848,0.007,68.246,118.312
1785992035,106754639,1785992035,106754639,40.924,5,848,480,40.438,39.517,1.342,38.175,4.652,10.329,17.436,5.758,33.522,0.914,0.007,85.238,125.72
1785992035,173689209,1785992035,173689209,44.454,5,848,480,44.027,43.141,0.934,42.206,3.194,16.701,17.605,4.706,39.012,0.879,0.008,59.168,103.239
1785992035,207157959,1785992035,207157959,58.327,5,848,480,53.245,52.448,1.327,51.121,2.849,23.852,18.443,5.977,48.272,0.789,0.008,74.836,128.102
1785992035,240627686,1785992035,240627686,52.278,5,848,480,51.831,50.974,9.782,41.192,5.463,9.811,17.394,8.524,35.73,0.85,0.007,95.03,146.904
1785992035,307569824,1785992035,307569824,48.05,5,848,480,47.623,46.926,1.399,45.526,8.723,9.008,17.211,10.585,36.804,0.691,0.006,80.344,128.009
1785992035,374515869,1785992035,374515869,55.083,5,848,480,54.555,53.819,1.267,52.552,13.385,17.239,16.84,5.088,39.167,0.729,0.006,61.761,116.147
1785992035,407990479,1785992035,407990479,71.501,5,848,480,61.487,60.682,1.692,58.99,4.734,25.136,16.907,12.214,54.256,0.799,0.006,92.664,154.17
1785992035,508419434,1785992035,508419434,39.356,5,848,480,38.944,38.111,1.09,37.022,6.351,8.898,17.514,4.259,30.671,0.825,0.008,54.116,93.109
1785992035,541897705,1785992035,541897705,49.447,5,848,480,47.4,46.691,1.871,44.819,6.226,14.312,18.039,6.243,38.594,0.703,0.007,61.645,109.067
1785992035,575376953,1785992035,575376953,50.795,5,848,480,50.318,49.367,1.355,48.012,7.481,9.503,18.506,12.522,40.531,0.945,0.006,76.025,126.385
1785992035,642338135,1785992035,642338135,37.951,5,848,480,37.387,36.519,0.981,35.539,2.615,11.115,17.17,4.639,32.923,0.86,0.008,59.948,97.399
1785992035,675820313,1785992035,675820313,60.962,5,848,480,59.269,58.395,2.033,56.362,4.587,16.78,16.883,18.113,51.775,0.866,0.008,65.562,124.859
1785992035,742787354,1785992035,742787354,38.084,5,848,480,37.653,36.761,1.326,35.436,3.184,9.914,17.283,5.054,32.251,0.885,0.007,58.435,96.138
1785992035,776272217,1785992035,776272217,62.397,5,848,480,60.558,59.79,1.908,57.881,4.019,14.027,17.606,22.229,53.862,0.76,0.009,64.303,125.136
1785992035,843244873,1785992035,843244873,72.481,5,848,480,71.802,70.79,4.651,66.139,14.346,28.168,19.411,4.215,51.793,1.005,0.008,58.549,130.389
1785992035,910066162,1785992035,910066162,60.128,5,848,480,59.443,58.749,1.121,57.628,10.534,21.24,19.754,6.099,47.094,0.687,0.006,64.216,123.692
1785992035,976738281,1785992035,976738281,58.73,5,848,480,52.72,51.904,2.029,49.875,11.261,15.648,16.878,6.088,38.614,0.805,0.01,63.023,115.778
1785992036,43409180,1785992036,43409180,41.354,5,848,480,40.862,40.045,1.366,38.68,2.779,14.294,17.381,4.226,35.901,0.811,0.005,49.534,90.443
1785992036,110079346,1785992036,110079346,71.189,5,848,480,45.261,44.48,5.395,39.085,4.369,9.474,17.194,8.049,34.716,0.773,0.007,49.67,94.954
1785992036,143414063,1785992036,143414063,39.327,5,848,480,38.849,37.666,1.059,36.608,3.325,10.05,17.184,6.049,33.283,1.107,0.075,62.13,101.038
1785992036,176748291,1785992036,176748291,51.439,5,848,480,50.815,50.082,1.732,48.35,9.836,10.07,17.465,10.98,38.514,0.727,0.006,68.2,119.045
1785992036,243416260,1785992036,243416260,43.219,5,848,480,42.855,42.107,5.224,36.883,4.658,11.037,17.158,4.03,32.225,0.742,0.006,52.707,95.602
1785992036,310083252,1785992036,310083252,53.781,5,848,480,37.27,36.358,1.542,34.816,3.213,8.453,17.15,6.0,31.603,0.773,0.14,45.56,82.873
1785992036,343416260,1785992036,343416260,38.521,5,848,480,37.825,37.01,1.018,35.992,3.699,8.672,18.069,5.552,32.294,0.807,0.008,50.046,87.93
1785992036,376749023,1785992036,376749023,49.962,5,848,480,49.35,48.488,0.952,47.536,15.314,9.663,17.003,5.555,32.222,0.853,0.009,55.153,104.636
1785992036,410081543,1785992036,410081543,48.435,5,848,480,45.331,44.573,6.304,38.269,3.096,12.202,17.362,5.608,35.173,0.752,0.006,74.288,119.636
1785992036,476745850,1785992036,476745850,35.61,5,848,480,35.209,34.521,0.831,33.69,2.373,9.564,17.578,4.175,31.317,0.682,0.006,53.334,88.594
1785992036,510077637,1785992036,510077637,37.243,5,848,480,35.797,35.097,0.828,34.269,2.689,9.644,17.493,4.443,31.58,0.694,0.006,56.664,92.491
1785992036,543409180,1785992036,543409180,36.007,5,848,480,35.611,34.89,0.864,34.026,2.3,10.279,17.26,4.186,31.725,0.715,0.006,59.518,95.167
1785992036,576740479,1785992036,576740479,54.594,5,848,480,54.194,53.486,0.829,52.657,2.499,19.156,16.803,14.199,50.159,0.703,0.005,62.197,116.428
1785992036,643402100,1785992036,643402100,37.649,5,848,480,37.208,36.508,0.922,35.586,5.303,8.761,17.193,4.329,30.283,0.694,0.006,50.17,87.417
1785992036,676732666,1785992036,676732666,36.453,5,848,480,35.082,34.338,0.87,33.468,2.626,8.565,17.257,5.02,30.842,0.738,0.006,55.426,90.539
1785992036,710062744,1785992036,710062744,45.775,5,848,480,45.371,44.286,0.981,43.305,3.024,19.004,16.695,4.582,40.281,1.077,0.008,57.578,103.105
1785992036,743392578,1785992036,743392578,50.205,5,848,480,49.353,48.547,6.666,41.881,11.057,8.369,17.313,5.141,30.824,0.799,0.007,70.48,119.86
1785992036,810051758,1785992036,810051758,38.347,5,848,480,37.953,37.168,0.908,36.26,2.443,12.411,17.372,4.034,33.817,0.778,0.007,53.557,91.549
1785992036,843380859,1785992036,843380859,38.714,5,848,480,37.345,36.485,1.351,35.134,2.456,11.289,17.372,4.018,32.678,0.854,0.006,59.559,96.936
1785992036,876710449,1785992036,876710449,38.915,5,848,480,38.492,37.55,0.989,36.561,3.074,11.224,17.529,4.734,33.487,0.935,0.007,63.992,102.526
1785992036,910045898,1785992036,910045898,44.372,5,848,480,43.89,43.197,0.976,42.221,5.84,9.123,17.284,9.974,36.381,0.687,0.007,69.626,113.623
1785992036,976716064,1785992036,976716064,39.021,5,848,480,34.764,33.989,0.843,33.145,2.377,8.646,17.199,4.924,30.769,0.77,0.006,51.12,85.905
1785992037,10050781,1785992037,10050781,47.723,5,848,480,46.332,45.536,1.01,44.526,2.667,20.339,17.154,4.367,41.86,0.789,0.007,53.931,100.663
1785992037,43385254,1785992037,43385254,54.917,5,848,480,54.07,53.311,14.814,38.497,2.711,8.859,22.746,4.181,35.786,0.753,0.007,67.772,121.881
1785992037,110053467,1785992037,110053467,66.484,5,848,480,66.073,65.233,0.904,64.33,7.16,23.99,19.155,14.025,57.17,0.832,0.008,55.583,121.697
1785992037,176720947,1785992037,176720947,41.713,5,848,480,41.131,40.268,1.38,38.888,2.874,12.302,17.225,6.487,36.014,0.856,0.007,55.574,96.741
1785992037,210054199,1785992037,210054199,58.048,5,848,480,44.948,44.111,1.457,42.653,3.39,10.053,17.298,11.912,39.263,0.831,0.007,76.488,121.452
1785992037,276720215,1785992037,276720215,41.012,5,848,480,40.481,39.615,1.539,38.076,3.787,11.9,17.462,4.927,34.289,0.858,0.007,55.282,95.805
1785992037,310052979,1785992037,310052979,69.046,5,848,480,68.258,67.42,0.964,66.457,17.971,26.373,17.477,4.636,48.486,0.829,0.008,63.221,131.519
1785992037,376717529,1785992037,376717529,52.421,5,848,480,51.994,51.221,1.203,50.019,3.105,24.555,17.637,4.722,46.914,0.765,0.007,65.237,117.275
1785992037,410049316,1785992037,410049316,57.283,5,848,480,55.263,54.076,1.09,52.986,4.747,25.6,17.359,5.279,48.239,1.18,0.006,85.938,141.235
1785992037,510043945,1785992037,510043945,74.699,5,848,480,37.476,36.693,1.134,35.558,2.564,8.936,19.7,4.358,32.994,0.776,0.007,78.428,115.93
1785992037,543374756,1785992037,543374756,52.77,5,848,480,52.338,51.591,5.585,46.006,2.487,18.591,17.229,7.699,43.519,0.739,0.008,82.986,135.366
1785992037,576705566,1785992037,576705566,52.412,5,848,480,51.997,51.192,5.641,45.551,3.854,10.844,17.269,13.583,41.697,0.796,0.008,102.409,154.45
1785992037,610036133,1785992037,610036133,60.663,5,848,480,60.179,59.407,5.833,53.575,4.182,15.457,21.456,12.48,49.393,0.764,0.008,121.559,181.783
1785992037,676696533,1785992037,676696533,59.495,5,848,480,59.075,58.181,3.923,54.258,3.873,20.475,19.373,10.536,50.385,0.884,0.01,115.502,174.656
1785992037,743356201,1785992037,743356201,58.678,5,848,480,58.171,57.289,6.276,51.012,2.762,19.818,17.31,11.122,48.25,0.872,0.01,108.424,166.649
1785992037,843343750,1785992037,843343750,88.258,5,848,480,82.65,82.001,2.273,79.729,18.737,27.181,16.962,16.849,60.992,0.642,0.006,72.257,154.896
1785992037,943346191,1785992037,943346191,45.071,5,848,480,43.006,42.199,0.982,41.217,2.436,17.254,17.272,4.255,38.781,0.799,0.008,56.932,100.153
1785992037,976682373,1785992037,976682373,49.228,5,848,480,43.024,42.287,2.019,40.268,2.619,14.901,17.171,5.577,37.649,0.73,0.008,72.814,115.862
1785992038,10018555,1785992038,10018555,40.145,5,848,480,39.738,39.058,0.905,38.153,7.194,8.85,17.34,4.768,30.958,0.673,0.007,82.892,122.667
1785992038,76689941,1785992038,76689941,69.955,5,848,480,69.562,68.858,1.949,66.909,15.681,14.162,18.873,18.193,51.228,0.698,0.006,56.35,128.247
1785992038,143360840,1785992038,143360840,50.369,5,848,480,47.567,46.656,4.566,42.09,4.374,11.286,17.317,9.113,37.716,0.903,0.008,62.045,109.655
1785992038,176695801,1785992038,176695801,105.933,5,848,480,88.999,88.125,0.991,87.133,4.174,22.779,28.177,32.003,82.959,0.866,0.008,93.246,182.293
1785992038,276699951,1785992038,276699951,68.473,5,848,480,67.863,66.91,1.04,65.869,4.716,37.368,16.974,6.811,61.153,0.945,0.008,82.819,150.721
1785992038,376702393,1785992038,376702393,37.945,5,848,480,36.392,35.574,0.861,34.713,3.039,9.225,17.866,4.583,31.675,0.811,0.007,52.238,88.657
1785992038,410036133,1785992038,410036133,38.988,5,848,480,38.587,37.88,1.214,36.665,2.981,12.223,17.394,4.068,33.685,0.701,0.007,55.688,94.313
1785992038,443369629,1785992038,443369629,45.198,5,848,480,44.749,43.706,1.022,42.684,5.264,15.369,17.319,4.732,37.42,1.034,0.009,61.393,106.194
1785992038,476702881,1785992038,476702881,69.655,5,848,480,69.062,67.905,2.132,65.774,17.91,12.253,21.11,14.5,47.864,1.146,0.011,73.407,142.53
1785992038,543368896,1785992038,543368896,49.279,5,848,480,48.791,47.97,1.014,46.957,8.775,16.549,17.711,3.921,38.181,0.813,0.007,76.286,125.115
1785992038,610034424,1785992038,610034424,56.891,5,848,480,56.408,55.587,0.83,54.757,2.732,15.242,23.46,13.324,52.026,0.814,0.007,58.892,115.339
1785992038,676698730,1785992038,676698730,79.824,5,848,480,78.332,75.014,0.868,74.146,12.561,28.575,26.76,6.25,61.585,3.305,0.013,50.143,128.614
1785992038,743362549,1785992038,743362549,85.824,5,848,480,85.146,84.211,3.808,80.404,8.172,33.835,31.892,6.505,72.231,0.927,0.008,62.478,147.667
1785992038,810025635,1785992038,810025635,67.482,5,848,480,64.255,63.308,4.384,58.924,2.625,28.623,17.266,10.41,56.299,0.938,0.009,84.197,148.493
1785992038,876593018,1785992038,876593018,76.467,5,848,480,70.197,69.097,20.111,48.985,6.919,19.348,17.495,5.224,42.067,1.089,0.011,88.17,158.405
1785992038,976937988,1785992038,976937988,68.118,5,848,480,66.509,65.797,7.666,58.131,10.033,19.311,17.654,11.133,48.098,0.705,0.007,59.622,126.164
1785992039,10387939,1785992039,10387939,73.344,5,848,480,53.362,52.55,3.817,48.733,2.95,11.85,28.525,5.408,45.783,0.804,0.008,112.679,166.056
1785992039,77290283,1785992039,77290283,85.906,5,848,480,82.698,81.802,1.614,80.188,18.541,38.778,17.276,5.593,61.647,0.887,0.008,102.897,185.059
1785992039,110742676,1785992039,110742676,37.855,5,848,480,37.224,36.393,1.048,35.346,2.764,9.807,17.218,5.557,32.582,0.825,0.006,152.19,189.497
1785992039,144196045,1785992039,144196045,56.437,5,848,480,38.102,37.295,0.97,36.325,4.603,9.102,17.496,5.125,31.722,0.798,0.008,174.317,212.442
1785992039,177650391,1785992039,177650391,40.62,5,848,480,40.186,39.448,0.976,38.472,2.839,9.399,17.252,8.982,35.633,0.73,0.008,179.376,219.601
1785992039,244561279,1785992039,244561279,72.657,5,848,480,37.707,36.854,2.168,34.685,3.336,9.141,17.065,5.143,31.35,0.844,0.009,187.642,225.359
1785992039,311475586,1785992039,311475586,44.203,5,848,480,43.516,42.191,0.962,41.229,2.827,9.641,22.651,6.11,38.402,1.315,0.01,159.088,202.897
1785992039,344934082,1785992039,344934082,57.765,5,848,480,56.926,56.145,1.176,54.97,2.65,30.285,17.869,4.166,52.32,0.774,0.007,169.979,226.939
1785992039,512239014,1785992039,512239014,44.784,5,848,480,44.315,43.53,0.909,42.621,2.74,16.958,16.972,5.951,39.881,0.777,0.008,60.13,104.435
1785992039,545702637,1785992039,545702637,47.15,5,848,480,45.438,44.67,1.306,43.364,8.526,9.696,17.434,7.707,34.837,0.761,0.007,72.661,118.107
1785992039,612632324,1785992039,612632324,53.225,5,848,480,52.819,51.911,0.908,51.003,4.19,22.69,16.776,7.347,46.813,0.899,0.009,51.561,104.423
1785992039,646098389,1785992039,646098389,64.303,5,848,480,62.234,61.258,9.848,51.41,13.061,10.696,17.443,10.21,38.348,0.967,0.009,72.994,135.26
1785992039,713032959,1785992039,713032959,51.527,5,848,480,51.04,50.331,1.295,49.035,9.586,11.405,17.118,10.927,39.449,0.703,0.006,68.752,119.826
1785992039,779971191,1785992039,779971191,46.211,5,848,480,45.782,44.708,0.875,43.834,5.729,16.698,17.104,4.303,38.105,1.065,0.009,53.284,99.117
1785992039,813441406,1785992039,813441406,55.563,5,848,480,53.016,52.32,16.38,35.94,4.235,9.334,18.146,4.226,31.706,0.689,0.008,68.163,121.196
1785992039,880384766,1785992039,880384766,43.631,5,848,480,43.236,42.333,1.035,41.298,3.013,16.399,17.122,4.764,38.285,0.895,0.008,54.609,97.898
1785992039,913854980,1785992039,913854980,48.199,5,848,480,46.123,45.184,1.902,43.282,4.615,16.352,16.895,5.419,38.667,0.931,0.008,66.477,112.627
1785992039,980594727,1785992039,980594727,39.011,5,848,480,38.367,37.614,1.231,36.383,3.447,9.39,18.218,5.328,32.936,0.747,0.006,46.484,84.882
1785992040,13965088,1785992040,13965088,38.098,5,848,480,36.695,35.972,1.85,34.122,2.361,9.792,17.596,4.373,31.762,0.716,0.006,52.883,89.61
1785992040,47335693,1785992040,47335693,61.144,5,848,480,56.996,56.317,2.182,54.135,10.451,15.967,19.918,7.799,43.685,0.672,0.007,60.365,117.383
1785992040,114077881,1785992040,114077881,43.193,5,848,480,42.637,41.764,0.97,40.794,2.529,11.73,17.264,9.27,38.264,0.866,0.007,51.163,93.836
1785992040,147449219,1785992040,147449219,56.746,5,848,480,55.049,54.288,1.272,53.016,4.701,12.369,18.822,17.123,48.314,0.753,0.007,62.14,117.209
1785992040,214193115,1785992040,214193115,63.983,5,848,480,63.569,62.795,1.103,61.692,12.015,17.418,25.286,6.973,49.677,0.767,0.007,50.843,114.447
1785992040,280937744,1785992040,280937744,40.982,5,848,480,40.605,39.624,3.4,36.224,3.101,10.31,17.645,5.168,33.123,0.972,0.009,48.045,88.702
1785992040,314310547,1785992040,314310547,67.81,5,848,480,65.289,64.547,0.994,63.553,16.769,21.876,17.324,7.583,46.784,0.734,0.007,57.813,123.189
1785992040,381057129,1785992040,381057129,61.559,5,848,480,61.072,60.308,0.936,59.373,13.101,22.806,16.998,6.467,46.271,0.757,0.007,56.827,117.94
1785992040,447804688,1785992040,447804688,50.429,5,848,480,49.993,49.13,3.947,45.183,2.907,20.56,17.01,4.706,42.276,0.855,0.008,51.589,101.631
1785992040,481178711,1785992040,481178711,40.548,5,848,480,37.891,35.627,0.958,34.67,2.864,10.336,17.238,4.231,31.806,2.249,0.014,70.922,108.844
1785992040,514553223,1785992040,514553223,44.645,5,848,480,43.85,43.045,1.174,41.871,2.978,13.146,17.666,8.082,38.893,0.798,0.007,76.183,120.064
1785992040,581302979,1785992040,581302979,38.628,5,848,480,38.218,37.495,0.818,36.677,2.846,10.471,17.561,5.799,33.831,0.716,0.007,53.684,92.014
1785992040,614678223,1785992040,614678223,52.252,5,848,480,51.692,50.922,0.897,50.025,2.767,11.564,18.408,17.287,47.259,0.761,0.008,59.091,110.837
1785992040,648053711,1785992040,648053711,47.253,5,848,480,46.519,45.812,0.974,44.838,3.407,14.714,19.673,7.044,41.432,0.701,0.007,78.213,124.695
1785992040,714805420,1785992040,714805420,40.396,5,848,480,39.972,39.097,0.969,38.127,2.609,12.459,17.703,5.356,35.518,0.867,0.007,58.33,98.343
1785992040,748181885,1785992040,748181885,50.021,5,848,480,49.548,48.786,1.129,47.656,2.465,20.188,17.152,7.851,45.192,0.756,0.007,65.398,114.983
1785992040,814935303,1785992040,814935303,37.027,5,848,480,36.6,35.839,0.963,34.876,2.279,9.455,18.835,4.307,32.598,0.754,0.007,48.671,85.269
1785992040,848312500,1785992040,848312500,61.07,5,848,480,59.345,58.584,1.069,57.515,9.301,23.456,16.79,7.968,48.214,0.756,0.006,53.577,112.946
1785992040,915067383,1785992040,915067383,46.179,5,848,480,45.785,45.093,1.95,43.143,6.283,15.352,17.359,4.149,36.86,0.686,0.006,46.55,92.375
1785992040,948403076,1785992040,948403076,58.934,5,848,480,57.182,56.472,0.915,55.557,4.018,20.789,16.829,13.921,51.539,0.704,0.006,60.761,117.968
1785992041,15073975,1785992041,15073975,46.921,5,848,480,46.544,45.668,0.869,44.799,2.504,21.169,16.92,4.207,42.295,0.868,0.008,51.641,98.226
1785992041,48408936,1785992041,48408936,62.125,5,848,480,60.072,59.256,0.987,58.269,12.625,16.107,16.935,12.602,45.644,0.808,0.008,66.927,127.013
1785992041,115078613,1785992041,115078613,63.436,5,848,480,50.695,49.914,1.86,48.055,7.551,17.302,17.454,5.748,40.504,0.773,0.007,73.074,123.778
1785992041,181747314,1785992041,181747314,51.839,5,848,480,51.101,50.108,1.202,48.905,7.697,12.512,18.895,9.801,41.208,0.984,0.009,57.818,108.966
1785992041,215081543,1785992041,215081543,50.684,5,848,480,46.412,45.652,1.032,44.62,3.056,19.404,17.96,4.2,41.564,0.754,0.006,79.864,126.442
1785992041,281749023,1785992041,281749023,53.197,5,848,480,52.643,51.758,1.004,50.754,2.965,11.961,17.002,18.826,47.789,0.879,0.007,60.147,112.825
1785992041,348415771,1785992041,348415771,38.832,5,848,480,35.788,35.033,0.999,34.034,2.68,9.235,17.226,4.894,31.354,0.748,0.007,49.182,84.993
1785992041,381748779,1785992041,381748779,35.683,5,848,480,35.284,34.598,0.827,33.771,2.342,9.726,17.419,4.284,31.429,0.678,0.007,52.02,87.341
1785992041,415081543,1785992041,415081543,41.79,5,848,480,41.38,40.631,1.083,39.548,2.166,15.137,18.118,4.126,37.382,0.745,0.004,54.378,95.798
1785992041,481746582,1785992041,481746582,54.897,5,848,480,36.001,35.305,2.036,33.269,2.645,8.55,17.783,4.291,30.624,0.689,0.006,48.207,84.03
1785992041,515078857,1785992041,515078857,39.835,5,848,480,39.317,38.53,0.697,37.833,2.428,13.801,17.497,4.107,35.405,0.78,0.006,51.18,90.534
1785992041,548410889,1785992041,548410889,44.656,5,848,480,44.259,43.299,1.17,42.128,2.926,17.035,17.25,4.917,39.202,0.951,0.009,57.563,101.875
1785992041,581742676,1785992041,581742676,48.332,5,848,480,47.421,46.662,1.108,45.554,8.563,10.465,18.016,8.509,36.99,0.753,0.006,69.415,116.856
1785992041,648405518,1785992041,648405518,37.947,5,848,480,37.562,36.764,0.978,35.786,5.053,9.271,17.306,4.155,30.732,0.792,0.006,50.541,88.143
1785992041,681736816,1785992041,681736816,38.765,5,848,480,37.201,36.506,1.072,35.433,4.133,9.712,17.477,4.11,31.3,0.689,0.006,56.345,93.576
1785992041,715067627,1785992041,715067627,54.865,5,848,480,54.476,53.657,4.136,49.522,7.331,19.192,18.028,4.97,42.19,0.811,0.007,60.596,115.122
1785992041,781729004,1785992041,781729004,38.371,5,848,480,37.957,36.932,1.034,35.898,3.373,10.748,17.317,4.46,32.525,1.019,0.006,48.824,87.572
1785992041,848389648,1785992041,848389648,68.287,5,848,480,43.488,42.715,2.574,40.142,9.216,8.554,16.978,5.394,30.926,0.767,0.006,44.938,88.442
1785992041,881719482,1785992041,881719482,38.557,5,848,480,38.092,37.361,2.748,34.612,2.788,9.64,17.5,4.685,31.824,0.725,0.007,55.543,93.673
1785992041,915050293,1785992041,915050293,56.02,5,848,480,55.564,54.818,0.946,53.871,8.993,20.967,17.358,6.554,44.878,0.739,0.007,60.762,116.359
1785992041,981881104,1785992041,981881104,46.688,5,848,480,46.303,45.345,6.437,38.909,2.507,15.389,17.093,3.92,36.402,0.948,0.009,49.88,96.239
1785992042,15297119,1785992042,15297119,38.39,5,848,480,36.536,35.513,1.217,34.295,3.237,9.331,17.237,4.491,31.059,1.014,0.01,64.64,101.483
1785992042,48713379,1785992042,48713379,48.543,5,848,480,47.434,46.379,1.211,45.167,3.076,9.677,17.295,15.12,42.092,1.046,0.009,68.869,116.723
1785992042,115546875,1785992042,115546875,63.653,5,848,480,39.867,39.103,6.4,32.704,2.766,8.495,17.209,4.234,29.938,0.755,0.008,73.282,113.549
1785992042,148964111,1785992042,148964111,57.867,5,848,480,43.646,42.436,1.114,41.321,3.507,11.575,18.71,7.529,37.815,1.2,0.01,93.927,138.176
1785992042,215799316,1785992042,215799316,48.279,5,848,480,47.164,46.257,1.025,45.232,3.413,17.658,17.516,6.645,41.819,0.899,0.008,71.837,119.042
1785992042,282635986,1785992042,282635986,42.536,5,848,480,41.552,40.775,0.986,39.789,2.822,15.724,17.152,4.091,36.967,0.772,0.006,53.16,94.734
1785992042,316054932,1785992042,316054932,41.105,5,848,480,38.749,37.811,1.215,36.597,3.147,10.203,17.913,5.333,33.449,0.931,0.007,63.65,102.54
1785992042,382893555,1785992042,382893555,46.65,5,848,480,36.265,35.531,1.767,33.764,2.419,8.907,17.131,5.308,31.346,0.727,0.007,45.94,82.231
1785992042,416313232,1785992042,416313232,43.785,5,848,480,43.377,42.695,0.842,41.853,2.466,17.513,17.746,4.128,39.387,0.675,0.006,49.18,92.596
1785992042,449733398,1785992042,449733398,58.253,5,848,480,55.862,55.167,2.172,52.995,9.665,19.835,16.955,6.54,43.33,0.69,0.006,61.539,117.424
1785992042,516574463,1785992042,516574463,46.411,5,848,480,46.018,45.203,0.909,44.293,2.396,20.929,16.855,4.112,41.897,0.808,0.007,50.942,97.013
1785992042,549995605,1785992042,549995605,39.658,5,848,480,37.866,36.791,0.883,35.909,3.81,9.552,17.182,5.365,32.099,1.051,0.024,65.358,103.268
1785992042,616838623,1785992042,616838623,46.328,5,848,480,35.38,34.604,1.385,33.219,2.586,8.84,17.353,4.44,30.633,0.769,0.007,47.319,82.724
1785992042,650260742,1785992042,650260742,38.534,5,848,480,38.022,37.262,1.055,36.207,3.477,11.387,17.309,4.034,32.73,0.754,0.006,49.771,87.83
1785992042,683683105,1785992042,683683105,37.454,5,848,480,36.981,36.294,0.916,35.378,4.891,8.919,17.237,4.33,30.487,0.681,0.006,54.845,91.862
1785992042,717105713,1785992042,717105713,54.497,5,848,480,54.007,53.286,0.974,52.312,10.48,16.915,16.72,8.198,41.832,0.714,0.007,58.893,112.937
1785992042,783952148,1785992042,783952148,37.267,5,848,480,36.717,35.972,2.031,33.941,3.722,8.573,17.176,4.47,30.219,0.738,0.007,46.604,83.358
1785992042,817375732,1785992042,817375732,37.552,5,848,480,36.02,35.282,1.551,33.73,3.217,9.186,17.407,3.92,30.513,0.732,0.006,51.436,87.485
1785992042,850799561,1785992042,850799561,47.445,5,848,480,47.029,45.736,1.185,44.552,3.153,17.372,19.093,4.933,41.398,1.283,0.009,54.442,101.531
1785992042,884223877,1785992042,884223877,47.825,5,848,480,46.815,45.88,6.335,39.545,5.068,10.372,16.982,7.124,34.477,0.927,0.008,69.074,115.925
1785992042,950980225,1785992042,950980225,43.984,5,848,480,43.46,42.658,1.205,41.452,6.051,14.104,17.091,4.207,35.402,0.796,0.006,49.641,93.136
1785992042,984312988,1785992042,984312988,45.603,5,848,480,44.031,43.342,0.865,42.477,2.95,18.486,16.87,4.172,39.527,0.681,0.007,61.345,105.416
1785992043,17645508,1785992043,17645508,44.894,5,848,480,44.432,43.63,1.242,42.388,3.512,13.939,17.241,7.697,38.876,0.795,0.007,72.502,116.966
1785992043,84309814,1785992043,84309814,41.94,5,848,480,41.55,40.833,2.339,38.494,3.803,9.52,19.021,6.149,34.691,0.71,0.008,50.655,92.243
1785992043,117641846,1785992043,117641846,58.334,5,848,480,45.085,44.335,3.244,41.091,3.501,14.721,17.271,5.598,37.59,0.744,0.007,72.144,117.243
1785992043,184304932,1785992043,184304932,48.898,5,848,480,48.481,45.891,1.145,44.746,2.99,20.106,17.169,4.48,41.755,2.581,0.009,50.964,106.146
1785992043,217635986,1785992043,217635986,50.27,5,848,480,42.976,42.301,4.675,37.626,4.247,9.101,20.039,4.239,33.379,0.669,0.006,73.417,116.423
1785992043,284297852,1785992043,284297852,45.144,5,848,480,44.668,43.888,0.844,43.044,3.165,18.47,17.347,4.063,39.879,0.771,0.008,50.197,95.011
1785992043,317628418,1785992043,317628418,49.988,5,848,480,49.424,48.633,1.125,47.509,9.098,14.925,17.263,6.223,38.41,0.783,0.007,62.098,111.572
1785992043,384288818,1785992043,384288818,40.955,5,848,480,40.539,39.745,1.008,38.737,2.37,14.805,17.491,4.07,36.367,0.788,0.006,45.276,85.851
1785992043,417618896,1785992043,417618896,45.266,5,848,480,43.632,42.483,0.816,41.667,2.892,9.875,19.875,9.026,38.775,1.14,0.01,54.131,97.805
1785992043,450948486,1785992043,450948486,47.551,5,848,480,46.799,46.038,0.948,45.09,4.28,15.657,16.879,8.274,40.81,0.754,0.007,65.184,112.009
1785992043,517607178,1785992043,517607178,37.459,5,848,480,37.009,36.285,2.156,34.129,2.445,8.888,17.354,5.443,31.684,0.717,0.006,45.765,82.812
1785992043,550936279,1785992043,550936279,35.852,5,848,480,34.368,33.629,0.823,32.805,2.571,8.593,17.369,4.272,30.234,0.732,0.006,50.936,85.34
1785992043,584265137,1785992043,584265137,37.666,5,848,480,37.264,36.531,0.852,35.679,5.203,9.349,17.237,3.89,30.476,0.727,0.006,52.369,89.672
1785992043,617593750,1785992043,617593750,34.25,5,848,480,33.835,33.071,0.932,32.139,2.345,8.615,17.295,3.884,29.794,0.757,0.006,56.72,90.593
1785992043,650922119,1785992043,650922119,46.484,5,848,480,46.094,44.119,0.932,43.187,3.85,17.812,16.526,4.998,39.337,1.963,0.012,57.622,103.786
1785992043,684250244,1785992043,684250244,44.404,5,848,480,43.556,42.892,5.574,37.318,2.949,8.554,17.191,8.624,34.369,0.657,0.006,71.236,114.825
1785992043,750905762,1785992043,750905762,41.872,5,848,480,36.737,36.006,3.205,32.801,2.361,9.142,17.315,3.983,30.44,0.725,0.007,53.33,90.041
1785992043,784233398,1785992043,784233398,63.445,5,848,480,61.789,60.959,2.125,58.834,9.776,14.917,16.979,17.161,49.057,0.823,0.007,58.345,120.163
1785992043,850887695,1785992043,850887695,59.311,5,848,480,58.877,58.102,1.134,56.968,8.61,24.626,16.948,6.785,48.359,0.768,0.007,53.9,112.813
1785992043,917541992,1785992043,917541992,42.719,5,848,480,42.221,41.536,2.022,39.514,5.229,8.907,20.223,5.155,34.285,0.679,0.006,46.623,88.879
1785992043,950873779,1785992043,950873779,58.423,5,848,480,56.902,56.193,0.834,55.359,12.309,18.999,16.825,7.225,43.049,0.703,0.006,57.04,114.0
1785992044,17536865,1785992044,17536865,40.514,5,848,480,39.999,39.245,1.129,38.116,2.401,14.326,17.417,3.973,35.716,0.747,0.007,47.786,87.828
1785992044,50867920,1785992044,50867920,52.445,5,848,480,50.862,50.117,1.099,49.018,3.957,22.699,16.661,5.701,45.061,0.738,0.007,56.043,106.935
1785992044,84198730,1785992044,84198730,61.45,5,848,480,60.886,59.569,0.911,58.658,3.409,31.044,17.236,6.97,55.249,1.307,0.009,74.136,138.136
1785992044,184190186,1785992044,184190186,63.047,5,848,480,40.173,38.931,2.021,36.91,3.116,11.578,17.174,5.041,33.794,1.233,0.009,57.921,98.126
1785992044,217520020,1785992044,217520020,48.7,5,848,480,44.368,43.529,3.57,39.958,7.839,9.908,17.272,4.939,32.12,0.832,0.008,69.108,113.491
1785992044,284179443,1785992044,284179443,36.125,5,848,480,35.566,34.902,1.082,33.819,2.488,9.266,17.27,4.795,31.331,0.659,0.006,47.344,82.945
1785992044,317508789,1785992044,317508789,47.712,5,848,480,46.134,45.182,0.811,44.371,2.476,20.162,17.56,4.173,41.895,0.944,0.008,51.169,97.34
1785992044,350837891,1785992044,350837891,49.659,5,848,480,48.698,47.742,1.228,46.513,10.87,11.993,17.129,6.521,35.643,0.95,0.007,64.928,113.663
1785992044,417495117,1785992044,417495117,41.099,5,848,480,40.341,39.643,1.059,38.584,2.541,14.07,17.538,4.435,36.043,0.691,0.007,47.737,88.102
1785992044,450823486,1785992044,450823486,44.329,5,848,480,42.65,41.609,0.928,40.681,4.405,15.15,17.134,3.991,36.275,1.031,0.01,56.427,99.126
1785992044,484151855,1785992044,484151855,53.602,5,848,480,53.035,52.082,1.012,51.071,3.041,22.147,21.059,4.823,48.029,0.944,0.009,66.306,119.392
1785992044,550807373,1785992044,550807373,40.348,5,848,480,39.874,39.146,1.004,38.142,5.791,10.227,17.442,4.682,32.351,0.722,0.006,53.156,93.066
1785992044,584134766,1785992044,584134766,46.709,5,848,480,45.252,44.305,1.267,43.039,4.819,15.708,17.026,5.486,38.219,0.938,0.008,61.278,106.461
1785992044,617462158,1785992044,617462158,45.178,5,848,480,44.722,43.952,5.716,38.235,2.67,13.985,17.4,4.18,35.566,0.764,0.007,73.542,118.298
1785992044,684115967,1785992044,684115967,40.364,5,848,480,39.973,39.293,1.137,38.156,2.328,14.384,17.299,4.144,35.828,0.674,0.006,51.998,92.008
1785992044,717442383,1785992044,717442383,37.105,5,848,480,36.726,35.741,0.857,34.884,2.454,10.624,17.559,4.247,32.43,0.879,0.106,59.124,95.903
1785992044,750768799,1785992044,750768799,52.555,5,848,480,51.987,51.306,3.915,47.391,8.271,14.4,16.997,7.722,39.12,0.676,0.005,62.993,115.012
1785992044,817420654,1785992044,817420654,35.113,5,848,480,34.738,34.006,0.888,33.119,2.332,8.76,17.162,4.865,30.787,0.725,0.007,48.701,83.476
1785992044,850746338,1785992044,850746338,38.326,5,848,480,36.743,36.009,1.063,34.946,4.276,8.432,17.432,4.806,30.67,0.728,0.006,51.704,88.475
1785992044,884071777,1785992044,884071777,40.337,5,848,480,39.905,39.162,0.952,38.21,3.523,13.322,17.315,4.05,34.688,0.736,0.007,55.547,95.5
1785992044,917397949,1785992044,917397949,38.223,5,848,480,37.736,36.737,0.806,35.931,4.162,9.669,17.383,4.717,31.769,0.992,0.008,62.616,100.395
1785992044,950730469,1785992044,950730469,48.26,5,848,480,47.71,47.009,1.037,45.972,4.386,18.186,17.129,6.271,41.586,0.695,0.007,67.584,115.311
1785992045,17394775,1785992045,17394775,41.572,5,848,480,41.171,40.368,3.232,37.136,2.861,12.893,17.373,4.009,34.276,0.796,0.006,49.012,90.22
1785992045,50726563,1785992045,50726563,49.907,5,848,480,48.156,43.912,1.107,42.804,2.934,17.974,16.96,4.936,39.87,4.232,0.012,58.617,106.817
1785992045,84058105,1785992045,84058105,79.464,5,848,480,78.957,78.218,2.044,76.174,6.501,32.859,18.663,18.15,69.672,0.732,0.006,73.94,152.929
1785992045,184051758,1785992045,184051758,51.518,5,848,480,51.11,49.525,4.162,45.363,5.784,17.005,16.859,5.715,39.579,1.58,0.006,53.305,104.474
1785992045,284043213,1785992045,284043213,79.899,5,848,480,39.849,39.157,1.086,38.071,6.269,8.486,17.071,6.244,31.802,0.687,0.006,44.487,84.359
1785992045,317373291,1785992045,317373291,40.67,5,848,480,40.297,39.617,1.511,38.106,2.581,14.161,17.321,4.044,35.526,0.674,0.006,51.364,91.716
1785992045,350703125,1785992045,350703125,48.53,5,848,480,48.034,46.863,0.991,45.872,2.657,21.401,16.726,5.088,43.215,1.165,0.007,58.829,107.052
1785992045,417362061,1785992045,417362061,46.472,5,848,480,38.732,38.01,3.958,34.052,2.494,9.272,17.523,4.762,31.558,0.716,0.006,47.982,86.713
1785992045,450691406,1785992045,450691406,41.427,5,848,480,40.975,40.132,0.896,39.236,2.336,15.221,17.357,4.322,36.9,0.836,0.007,53.799,94.811
1785992045,484020264,1785992045,484020264,53.808,5,848,480,53.409,52.663,1.02,51.643,16.165,9.729,17.012,8.737,35.478,0.739,0.007,61.844,115.292
1785992045,550677490,1785992045,550677490,40.917,5,848,480,40.536,39.839,1.582,38.257,2.451,14.438,17.369,3.999,35.806,0.68,0.017,48.987,89.563
1785992045,584005615,1785992045,584005615,43.054,5,848,480,41.303,40.539,0.908,39.632,2.687,9.637,17.257,10.051,36.945,0.756,0.007,57.944,99.279
1785992045,617333740,1785992045,617333740,50.628,5,848,480,50.221,49.411,0.911,48.5,7.525,17.501,17.207,6.267,40.975,0.802,0.008,66.319,116.583
1785992045,683989258,1785992045,683989258,40.943,5,848,480,40.403,39.596,1.024,38.573,2.714,14.051,17.328,4.48,35.858,0.801,0.005,50.423,90.863
1785992045,717316650,1785992045,717316650,39.338,5,848,480,37.826,36.971,0.936,36.036,2.592,11.675,17.351,4.418,33.444,0.846,0.008,59.019,96.905
1785992045,750643799,1785992045,750643799,52.54,5,848,480,52.017,51.334,0.889,50.445,4.256,19.586,16.713,9.889,46.188,0.678,0.006,64.034,116.083
1785992045,817297363,1785992045,817297363,35.272,5,848,480,34.826,34.109,0.817,33.292,2.553,9.483,17.156,4.101,30.74,0.71,0.007,49.842,84.705
1785992045,850624023,1785992045,850624023,38.44,5,848,480,36.798,35.837,0.942,34.896,3.577,9.092,17.817,4.41,31.319,0.952,0.008,52.994,89.829
1785992045,883950195,1785992045,883950195,49.713,5,848,480,49.279,48.219,1.102,47.117,3.275,21.213,16.822,5.807,43.842,1.051,0.009,56.891,106.248
1785992045,917277100,1785992045,917277100,49.542,5,848,480,48.571,47.771,1.085,46.686,10.086,14.28,17.639,4.681,36.6,0.792,0.007,73.832,122.418
1785992045,983944580,1785992045,983944580,36.755,5,848,480,36.355,35.657,0.905,34.752,3.375,9.719,17.5,4.157,31.377,0.691,0.006,56.115,92.51
1785992046,17278076,1785992046,17278076,41.082,5,848,480,38.853,37.777,1.113,36.664,3.134,12.219,17.226,4.085,33.53,1.068,0.008,61.375,100.276
1785992046,50611084,1785992046,50611084,49.213,5,848,480,48.063,47.161,1.974,45.187,3.455,19.454,17.256,5.022,41.732,0.892,0.01,68.051,116.16
1785992046,117276855,1785992046,117276855,65.828,5,848,480,65.284,64.504,2.986,61.519,19.161,18.334,17.555,6.469,42.358,0.772,0.008,49.984,115.309
1785992046,183941895,1785992046,183941895,64.856,5,848,480,61.973,61.082,1.895,59.188,5.423,23.779,21.445,8.541,53.765,0.881,0.009,51.487,113.506
1785992046,250605957,1785992046,250605957,43.521,5,848,480,41.252,40.5,1.29,39.21,3.259,14.59,17.361,4.001,35.951,0.745,0.006,49.078,90.345
1785992046,283937500,1785992046,283937500,40.217,5,848,480,35.717,34.855,0.914,33.941,2.396,10.196,17.262,4.087,31.545,0.855,0.008,61.495,97.244
1785992046,317269043,1785992046,317269043,53.338,5,848,480,52.888,52.134,1.001,51.133,6.133,21.211,16.966,6.824,45.0,0.747,0.006,64.315,117.234
1785992046,383931396,1785992046,383931396,40.17,5,848,480,39.801,39.097,4.446,34.65,2.552,10.617,17.423,4.058,32.098,0.697,0.007,50.908,90.747
1785992046,417262207,1785992046,417262207,61.091,5,848,480,59.514,58.816,0.859,57.957,2.901,22.666,16.818,15.573,55.057,0.691,0.006,58.963,118.504
1785992046,483923340,1785992046,483923340,44.119,5,848,480,43.73,42.945,0.883,42.061,2.252,17.115,18.617,4.078,39.81,0.779,0.006,52.194,95.964
1785992046,517253418,1785992046,517253418,53.821,5,848,480,53.423,52.703,0.893,51.811,12.557,15.972,16.911,6.371,39.253,0.712,0.007,62.995,116.46
1785992046,550583496,1785992046,550583496,37.971,5,848,480,37.44,36.737,3.595,33.142,2.648,8.875,17.419,4.2,30.494,0.697,0.006,83.619,121.156
1785992046,617242676,1785992046,617242676,37.941,5,848,480,36.363,35.64,1.613,34.027,2.912,9.406,17.569,4.14,31.115,0.717,0.006,55.982,92.374
1785992046,650572021,1785992046,650572021,56.094,5,848,480,55.711,55.026,0.937,54.089,8.551,20.842,16.687,8.008,45.538,0.679,0.006,59.392,115.137
1785992046,717229980,1785992046,717229980,41.258,5,848,480,40.807,40.124,0.844,39.28,2.638,15.277,17.323,4.042,36.643,0.679,0.004,48.895,89.786
1785992046,783887207,1785992046,783887207,64.198,5,848,480,39.532,38.816,1.971,36.845,2.192,8.576,21.936,4.141,34.653,0.711,0.005,47.725,87.282
1785992046,817215576,1785992046,817215576,36.811,5,848,480,36.358,35.661,0.866,34.795,2.213,10.679,17.821,4.083,32.582,0.691,0.006,54.369,90.764
1785992046,850543457,1785992046,850543457,36.828,5,848,480,36.376,35.592,0.777,34.816,3.194,10.078,17.348,4.194,31.621,0.777,0.006,57.851,94.264
1785992046,883871338,1785992046,883871338,55.389,5,848,480,54.996,54.194,0.839,53.355,7.782,22.951,16.639,5.983,45.573,0.795,0.007,61.294,116.33
1785992046,950531250,1785992046,950531250,36.434,5,848,480,35.953,35.237,1.019,34.218,3.322,8.933,17.313,4.65,30.896,0.709,0.007,50.111,86.1
1785992046,983862549,1785992046,983862549,40.059,5,848,480,38.432,37.674,1.175,36.499,3.347,10.838,17.461,4.853,33.152,0.753,0.006,54.365,92.825
1785992047,17193848,1785992047,17193848,36.47,5,848,480,36.085,35.405,1.116,34.289,2.222,10.161,17.524,4.381,32.067,0.673,0.007,59.845,95.969
1785992047,50524658,1785992047,50524658,39.112,5,848,480,38.603,37.518,1.132,36.386,2.915,12.098,17.0,4.374,33.471,1.075,0.009,63.111,101.8
1785992047,83855225,1785992047,83855225,49.986,5,848,480,49.351,48.367,1.168,47.199,7.048,17.335,17.393,5.423,40.151,0.976,0.009,69.018,118.421
1785992047,150515869,1785992047,150515869,47.207,5,848,480,46.721,45.939,1.674,44.265,4.236,18.721,17.044,4.265,40.029,0.773,0.009,52.197,98.959
1785992047,183845947,1785992047,183845947,61.394,5,848,480,51.88,49.385,12.075,37.31,2.89,11.402,17.814,5.203,34.419,2.485,0.009,75.12,127.03
1785992047,250505127,1785992047,250505127,60.313,5,848,480,59.842,58.904,1.105,57.799,7.859,27.422,17.371,5.148,49.941,0.93,0.008,60.805,120.679
1785992047,317163574,1785992047,317163574,68.171,5,848,480,56.773,56.055,3.272,52.783,5.076,12.871,17.428,17.408,47.707,0.712,0.006,65.382,122.218
1785992047,383821045,1785992047,383821045,41.636,5,848,480,41.205,40.535,1.029,39.506,3.457,9.733,17.209,9.106,36.049,0.663,0.007,55.915,97.279
1785992047,417149414,1785992047,417149414,57.101,5,848,480,48.147,47.468,2.293,45.175,2.428,13.892,24.84,4.015,42.747,0.672,0.007,72.798,120.945
1785992047,483805420,1785992047,483805420,35.919,5,848,480,35.505,34.824,1.058,33.766,3.133,9.004,17.546,4.083,30.633,0.675,0.006,54.65,90.191
1785992047,517133301,1785992047,517133301,35.476,5,848,480,35.005,34.252,0.76,33.491,2.379,9.455,17.512,4.146,31.113,0.747,0.006,57.299,92.342
1785992047,550460693,1785992047,550460693,36.371,5,848,480,35.904,35.179,0.953,34.226,2.326,9.915,17.474,4.512,31.9,0.718,0.006,59.443,95.384
1785992047,583787842,1785992047,583787842,54.653,5,848,480,54.255,53.528,1.012,52.516,8.169,14.31,16.952,13.085,44.347,0.72,0.006,62.418,116.708
1785992047,650441650,1785992047,650441650,37.766,5,848,480,37.382,36.705,0.949,35.756,2.433,8.795,20.148,4.381,33.324,0.671,0.007,50.402,87.821
1785992047,683768311,1785992047,683768311,40.895,5,848,480,39.425,38.689,1.038,37.651,2.295,13.06,18.199,4.097,35.357,0.729,0.006,55.934,95.39
1785992047,717094482,1785992047,717094482,53.342,5,848,480,52.934,52.206,0.887,51.319,3.096,18.745,17.208,12.271,48.223,0.721,0.007,62.434,115.402
1785992047,783746582,1785992047,783746582,37.661,5,848,480,37.282,36.517,1.871,34.647,2.568,9.815,17.302,4.962,32.079,0.757,0.007,49.096,86.418
1785992047,817072266,1785992047,817072266,36.821,5,848,480,35.302,34.569,0.846,33.723,2.685,9.262,17.579,4.196,31.038,0.726,0.007,54.576,89.911
1785992047,850397705,1785992047,850397705,36.215,5,848,480,35.79,35.064,0.799,34.265,2.423,10.072,17.622,4.148,31.842,0.719,0.007,56.971,92.813
1785992047,883722656,1785992047,883722656,39.319,5,848,480,37.795,36.799,1.011,35.787,2.592,11.246,17.553,4.396,33.196,0.987,0.01,60.967,98.811
1785992047,917048340,1785992047,917048340,39.335,5,848,480,38.867,38.159,1.221,36.938,3.038,10.633,18.279,4.988,33.899,0.698,0.011,65.902,104.819
1785992047,950380127,1785992047,950380127,51.112,5,848,480,50.644,49.829,1.141,48.688,8.203,11.577,17.346,11.562,40.484,0.808,0.007,71.903,122.585
1785992048,17042725,1785992048,17042725,42.076,5,848,480,41.66,40.974,0.957,40.017,2.373,10.828,22.788,4.028,37.644,0.68,0.006,56.298,97.994
1785992048,50373779,1785992048,50373779,55.484,5,848,480,53.661,52.652,1.318,51.334,5.898,18.248,23.04,4.148,45.436,1.001,0.008,66.468,120.152
1785992048,117035156,1785992048,117035156,71.609,5,848,480,70.833,69.836,1.124,68.712,3.237,35.783,18.254,11.439,65.475,0.987,0.009,54.231,125.107
1785992048,183695557,1785992048,183695557,50.208,5,848,480,49.661,48.698,0.984,47.714,3.063,18.068,17.735,8.847,44.651,0.952,0.012,58.951,108.669
1785992048,217025391,1785992048,217025391,60.905,5,848,480,54.714,49.886,11.065,38.821,5.412,11.832,17.387,4.189,33.409,4.816,0.012,81.488,136.253
1785992048,283684570,1785992048,283684570,51.052,5,848,480,49.897,48.88,3.372,45.507,13.32,9.255,17.852,5.08,32.188,1.008,0.009,70.694,120.618
1785992048,350342529,1785992048,350342529,44.183,5,848,480,36.081,35.333,2.273,33.061,2.335,9.535,17.013,4.177,30.725,0.742,0.006,62.03,98.135
1785992048,383671387,1785992048,383671387,47.055,5,848,480,44.958,43.105,2.431,40.674,3.468,9.543,17.465,10.199,37.207,1.84,0.013,66.89,111.895
1785992048,416999756,1785992048,416999756,48.892,5,848,480,48.39,47.673,1.687,45.986,6.718,17.606,17.437,4.225,39.269,0.71,0.007,78.999,127.472
1785992048,483656006,1785992048,483656006,35.299,5,848,480,34.857,34.132,1.019,33.113,2.393,9.383,17.26,4.077,30.72,0.718,0.006,61.172,96.065
1785992048,516983887,1785992048,516983887,54.22,5,848,480,52.656,51.841,1.076,50.765,7.646,20.682,16.812,5.626,43.12,0.807,0.008,64.275,117.059
1785992048,583638672,1785992048,583638672,39.077,5,848,480,38.478,37.68,0.926,36.755,2.696,10.039,17.272,6.747,34.059,0.791,0.007,50.869,89.383
1785992048,616965820,1785992048,616965820,45.325,5,848,480,43.78,42.708,0.995,41.714,4.548,15.591,17.266,4.309,37.166,1.062,0.01,57.571,101.48
1785992048,650292725,1785992048,650292725,52.76,5,848,480,52.074,51.398,9.835,41.563,7.094,10.419,16.878,7.173,34.469,0.671,0.006,68.702,120.807
1785992048,716945801,1785992048,716945801,35.363,5,848,480,34.897,34.202,0.895,33.307,2.26,9.257,17.396,4.394,31.047,0.689,0.006,54.587,89.522
1785992048,750271973,1785992048,750271973,49.89,5,848,480,48.491,47.624,1.061,46.563,2.543,20.837,17.832,5.351,44.019,0.849,0.017,57.573,106.098
1785992048,783597900,1785992048,783597900,42.042,5,848,480,41.577,40.729,0.991,39.738,3.803,14.222,16.816,4.897,35.936,0.84,0.008,73.188,114.813
1785992048,850249268,1785992048,850249268,40.196,5,848,480,39.77,39.025,0.956,38.069,5.037,10.49,18.337,4.205,33.032,0.74,0.006,48.537,88.345
1785992048,883574463,1785992048,883574463,35.045,5,848,480,34.653,33.904,0.833,33.071,2.383,8.962,17.325,4.4,30.687,0.742,0.007,55.375,90.069
1785992048,916900146,1785992048,916900146,41.962,5,848,480,41.564,40.842,0.868,39.974,2.364,16.594,17.127,3.89,37.61,0.715,0.007,57.1,98.769
1785992048,950231689,1785992048,950231689,49.007,5,848,480,48.323,47.532,0.87,46.662,3.729,19.413,16.773,6.746,42.932,0.782,0.009,66.025,114.392
1785992049,16894287,1785992049,16894287,38.814,5,848,480,38.322,37.483,2.275,35.209,2.731,8.58,17.435,6.462,32.478,0.83,0.009,48.176,86.547
1785992049,50225342,1785992049,50225342,35.728,5,848,480,35.179,34.476,0.948,33.529,2.765,9.374,17.166,4.224,30.764,0.695,0.007,53.711,88.923
1785992049,83555908,1785992049,83555908,35.98,5,848,480,35.573,34.754,0.876,33.878,2.562,8.735,17.144,5.436,31.316,0.811,0.008,55.966,91.576
1785992049,116886475,1785992049,116886475,45.053,5,848,480,44.45,43.552,1.19,42.362,4.809,10.286,17.04,10.227,37.553,0.89,0.008,58.812,103.304
1785992049,150216797,1785992049,150216797,66.833,5,848,480,66.473,65.46,1.155,64.305,6.653,27.263,18.141,12.249,57.653,0.882,0.13,70.463,136.941
1785992049,216876465,1785992049,216876465,48.693,5,848,480,47.985,47.142,0.959,46.183,3.118,11.675,17.073,14.317,43.065,0.836,0.007,70.815,118.837
1785992049,283535400,1785992049,283535400,39.095,5,848,480,37.532,36.755,1.137,35.618,2.743,9.685,19.039,4.152,32.876,0.77,0.007,53.71,91.27
1785992049,316864502,1785992049,316864502,38.64,5,848,480,38.131,37.442,0.937,36.505,5.177,9.749,17.302,4.277,31.328,0.682,0.006,58.414,96.578
1785992049,350193359,1785992049,350193359,55.509,5,848,480,50.542,49.827,2.53,47.297,3.06,17.215,16.91,10.112,44.237,0.708,0.006,68.195,118.755
1785992049,416850586,1785992049,416850586,46.055,5,848,480,45.67,44.937,0.987,43.95,2.263,20.678,17.034,3.975,41.687,0.728,0.005,52.462,98.164
1785992049,483506836,1785992049,483506836,55.827,5,848,480,36.105,35.409,1.797,33.611,2.603,8.612,17.481,4.916,31.009,0.69,0.006,51.202,87.326
1785992049,516834473,1785992049,516834473,39.943,5,848,480,39.477,38.736,0.989,37.747,2.34,13.896,17.368,4.143,35.407,0.735,0.007,54.43,93.945
1785992049,550161865,1785992049,550161865,38.928,5,848,480,38.532,37.772,0.89,36.883,5.474,9.908,17.478,4.022,31.409,0.751,0.009,60.977,99.565
1785992049,583489258,1785992049,583489258,41.052,5,848,480,40.562,39.371,0.929,38.442,7.017,9.725,17.155,4.545,31.424,1.181,0.01,66.674,109.732
1785992049,616816406,1785992049,616816406,48.141,5,848,480,44.485,43.753,7.967,35.786,4.266,8.64,17.18,5.7,31.52,0.726,0.006,77.575,122.08
1785992049,683469727,1785992049,683469727,41.062,5,848,480,40.601,39.92,0.822,39.099,3.356,14.319,17.43,3.993,35.743,0.674,0.006,55.854,96.543
1785992049,716796143,1785992049,716796143,40.222,5,848,480,38.648,37.888,0.939,36.949,3.678,11.773,17.332,4.167,33.271,0.753,0.008,64.709,103.41
1785992049,750122314,1785992049,750122314,46.721,5,848,480,46.174,45.351,1.121,44.231,4.939,15.702,16.823,6.767,39.291,0.816,0.006,70.572,116.781
1785992049,816773926,1785992049,816773926,45.934,5,848,480,45.534,44.808,4.265,40.543,4.49,14.262,17.49,4.302,36.054,0.718,0.008,50.494,96.069
1785992049,850099365,1785992049,850099365,39.441,5,848,480,39.017,38.154,1.238,36.917,3.516,9.337,19.878,4.186,33.401,0.855,0.008,63.28,102.193
1785992049,883424561,1785992049,883424561,51.822,5,848,480,51.364,50.529,1.306,49.224,2.54,19.231,16.926,10.527,46.683,0.827,0.008,69.278,120.682
1785992049,950169678,1785992049,950169678,42.696,5,848,480,42.178,41.444,0.944,40.5,3.731,15.067,17.618,4.084,36.769,0.728,0.006,54.412,96.628
1785992049,983589600,1785992049,983589600,58.729,5,848,480,57.061,56.119,0.947,55.171,17.057,13.188,16.925,8.0,38.114,0.932,0.01,64.851,121.968
1785992050,17010010,1785992050,17010010,51.769,5,848,480,51.275,50.466,1.097,49.369,4.811,22.598,16.645,5.315,44.558,0.8,0.008,88.976,140.302
1785992050,83851807,1785992050,83851807,70.771,5,848,480,65.131,64.309,15.367,48.943,6.474,17.203,17.243,8.022,42.468,0.813,0.009,79.085,144.29
1785992050,150695068,1785992050,150695068,38.987,5,848,480,38.473,37.615,1.053,36.562,2.84,9.325,17.49,6.907,33.722,0.851,0.007,77.851,116.397
1785992050,184117188,1785992050,184117188,51.137,5,848,480,48.703,47.784,1.562,46.222,3.123,20.661,18.352,4.086,43.099,0.91,0.009,85.353,134.106
1785992050,250962891,1785992050,250962891,56.959,5,848,480,56.469,55.709,1.103,54.606,3.476,21.079,25.534,4.518,51.13,0.753,0.007,67.683,124.189
1785992050,317810059,1785992050,317810059,62.069,5,848,480,61.605,60.956,0.969,59.986,10.587,24.944,16.816,7.639,49.399,0.643,0.006,57.767,119.475
1785992050,384658691,1785992050,384658691,62.218,5,848,480,58.065,57.349,2.191,55.158,2.629,18.218,16.866,17.445,52.529,0.71,0.006,56.693,114.779
1785992050,451508789,1785992050,451508789,67.478,5,848,480,50.514,49.79,4.521,45.268,3.798,16.332,18.602,6.536,41.47,0.717,0.007,64.873,115.408
1785992050,484934570,1785992050,484934570,35.879,5,848,480,35.397,34.61,1.037,33.573,2.576,9.118,17.176,4.702,30.996,0.78,0.007,82.428,117.946
1785992050,551786865,1785992050,551786865,38.53,5,848,480,38.018,37.099,3.521,33.578,3.113,8.933,17.496,4.035,30.464,0.909,0.01,51.488,89.554
1785992050,585213867,1785992050,585213867,35.857,5,848,480,35.419,34.589,1.255,33.335,2.532,9.344,17.41,4.049,30.803,0.824,0.005,56.512,91.969
1785992050,618640869,1785992050,618640869,36.243,5,848,480,35.846,35.151,1.34,33.811,2.439,9.153,17.851,4.368,31.372,0.688,0.007,58.901,94.786
1785992050,652068604,1785992050,652068604,41.885,5,848,480,41.492,40.452,0.926,39.526,2.568,9.117,17.23,10.611,36.958,1.032,0.009,61.713,103.257
1785992050,685496338,1785992050,685496338,50.163,5,848,480,49.577,48.902,1.432,47.471,7.012,17.82,17.228,5.411,40.458,0.669,0.006,70.366,119.974
1785992050,752353516,1785992050,752353516,40.541,5,848,480,40.154,39.422,0.923,38.499,2.95,13.87,17.705,3.974,35.549,0.725,0.007,53.469,93.661
1785992050,785782471,1785992050,785782471,46.002,5,848,480,44.25,43.006,1.273,41.733,3.283,15.617,17.499,5.334,38.45,1.231,0.012,61.961,106.423
1785992050,819211914,1785992050,819211914,49.704,5,848,480,48.163,47.438,6.865,40.573,2.755,10.223,23.5,4.095,37.818,0.719,0.007,74.328,122.51
1785992050,886072021,1785992050,886072021,36.445,5,848,480,35.961,35.275,0.888,34.387,3.224,9.554,17.495,4.114,31.163,0.68,0.007,56.109,92.094
1785992050,919500732,1785992050,919500732,43.653,5,848,480,41.937,41.007,1.015,39.992,2.651,15.528,17.454,4.358,37.341,0.922,0.008,60.356,102.345
1785992050,952869141,1785992050,952869141,50.689,5,848,480,50.027,49.354,1.129,48.225,3.063,20.953,17.121,7.086,45.161,0.668,0.006,69.58,119.638
1785992051,19606689,1785992051,19606689,41.059,5,848,480,40.674,39.937,0.811,39.126,2.924,14.647,17.391,4.164,36.202,0.729,0.008,53.249,93.969
1785992051,52975830,1785992051,52975830,82.339,5,848,480,80.761,79.673,1.321,78.352,13.266,11.231,23.687,30.169,65.087,1.079,0.009,62.146,142.944
1785992051,119715088,1785992051,119715088,54.823,5,848,480,54.214,52.891,2.077,50.814,10.642,15.564,18.895,5.713,40.172,1.315,0.009,76.768,131.025
1785992051,186455566,1785992051,186455566,55.743,5,848,480,55.228,54.171,0.836,53.335,5.688,23.675,18.845,5.127,47.647,1.045,0.011,64.759,122.849
1785992051,219826172,1785992051,219826172,55.853,5,848,480,48.052,44.296,1.063,43.233,7.662,13.395,17.456,4.721,35.571,3.745,0.012,94.432,142.531
1785992051,286568359,1785992051,286568359,51.3,5,848,480,50.81,50.015,1.738,48.277,4.658,15.507,19.226,8.887,43.619,0.788,0.006,76.214,127.059
1785992051,353311523,1785992051,353311523,39.831,5,848,480,39.426,38.429,1.337,37.092,3.003,11.61,17.206,5.272,34.089,0.988,0.008,60.684,100.214
1785992051,386683594,1785992051,386683594,57.007,5,848,480,45.292,44.302,2.455,41.847,3.416,11.351,18.304,8.776,38.431,0.983,0.008,78.471,123.954
1785992051,453428711,1785992051,453428711,42.378,5,848,480,41.68,40.45,1.251,39.199,4.249,11.241,17.232,6.477,34.95,1.22,0.01,57.702,99.436
1785992051,486801758,1785992051,486801758,43.207,5,848,480,40.898,39.851,2.111,37.741,3.341,10.445,17.631,6.324,34.4,1.037,0.01,68.336,109.299
1785992051,520175049,1785992051,520175049,41.088,5,848,480,40.613,39.754,1.425,38.329,3.789,11.344,17.471,5.724,34.54,0.85,0.009,76.315,116.976
1785992051,553548584,1785992051,553548584,54.051,5,848,480,53.468,52.342,11.418,40.924,2.814,16.578,17.34,4.193,38.111,1.112,0.014,84.145,137.672
1785992051,620296387,1785992051,620296387,47.447,5,848,480,46.842,46.127,1.689,44.438,8.461,8.668,16.894,10.416,35.978,0.708,0.007,71.468,118.339
1785992051,687045410,1785992051,687045410,40.332,5,848,480,38.71,37.882,0.88,37.002,4.531,10.179,17.391,4.901,32.471,0.82,0.007,53.184,91.924
1785992051,720420410,1785992051,720420410,58.024,5,848,480,57.548,56.789,0.902,55.887,5.409,24.281,16.723,9.473,50.478,0.752,0.007,58.989,116.57
1785992051,787171387,1785992051,787171387,36.698,5,848,480,36.301,35.536,0.991,34.545,3.148,8.939,17.241,5.217,31.397,0.758,0.007,50.18,86.519
1785992051,820547119,1785992051,820547119,38.648,5,848,480,37.287,36.566,0.977,35.589,3.698,9.915,17.446,4.53,31.891,0.714,0.007,54.471,91.806
1785992051,853923340,1785992051,853923340,57.367,5,848,480,56.96,56.249,0.938,55.311,16.978,14.381,16.711,7.241,38.333,0.705,0.006,58.783,115.784
1785992051,920676025,1785992051,920676025,38.089,5,848,480,37.698,36.999,0.919,36.08,5.963,8.468,17.251,4.398,30.117,0.693,0.006,49.383,87.196
1785992051,954011719,1785992051,954011719,40.218,5,848,480,38.37,37.691,1.05,36.641,4.176,9.5,17.603,5.361,32.465,0.672,0.007,55.606,94.0
1785992051,987347168,1785992051,987347168,53.323,5,848,480,52.852,52.006,0.944,51.062,13.962,14.309,17.019,5.772,37.1,0.838,0.008,61.1,113.988
1785992052,20682617,1785992052,20682617,39.824,5,848,480,39.425,38.651,0.937,37.713,2.914,9.191,18.65,6.959,34.8,0.767,0.008,81.016,120.476
1785992052,87352783,1785992052,87352783,42.064,5,848,480,41.67,40.94,1.271,39.669,4.801,9.287,17.635,7.945,34.867,0.723,0.007,54.163,95.875
1785992052,120687744,1785992052,120687744,50.234,5,848,480,48.022,46.964,1.798,45.166,2.987,15.889,17.377,8.913,42.18,1.048,0.01,64.724,112.796
1785992052,154022217,1785992052,154022217,37.573,5,848,480,36.615,35.898,1.275,34.623,3.129,9.312,17.593,4.589,31.494,0.71,0.006,80.363,117.005
1785992052,187356689,1785992052,187356689,44.912,5,848,480,44.501,43.76,1.111,42.649,2.856,16.379,18.741,4.672,39.793,0.735,0.006,84.046,128.582
1785992052,254025146,1785992052,254025146,54.078,5,848,480,53.672,52.968,1.172,51.796,11.806,15.416,18.298,6.276,39.99,0.696,0.007,62.286,116.001
1785992052,287359131,1785992052,287359131,65.513,5,848,480,62.9,62.2,13.756,48.444,3.183,17.738,16.727,10.796,45.261,0.694,0.006,85.242,148.247
1785992052,387359863,1785992052,387359863,36.847,5,848,480,36.342,35.647,1.964,33.683,2.436,9.367,17.215,4.664,31.246,0.688,0.007,48.642,85.021
1785992052,420693115,1785992052,420693115,67.837,5,848,480,60.947,60.239,2.347,57.892,3.761,23.061,17.071,13.998,54.13,0.702,0.006,58.555,119.521
1785992052,487358887,1785992052,487358887,37.452,5,848,480,36.871,36.093,0.979,35.115,3.137,10.32,17.531,4.126,31.978,0.771,0.007,53.405,90.313
1785992052,520691650,1785992052,520691650,37.277,5,848,480,35.708,34.92,0.956,33.964,2.449,9.73,17.525,4.259,31.514,0.782,0.006,58.517,94.255
1785992052,554024170,1785992052,554024170,53.142,5,848,480,52.673,51.782,0.886,50.896,6.395,18.286,16.706,9.508,44.501,0.881,0.01,61.357,114.088
1785992052,620688721,1785992052,620688721,39.367,5,848,480,38.769,38.033,0.873,37.16,3.978,10.839,18.047,4.296,33.182,0.729,0.007,47.961,86.769
1785992052,654020752,1785992052,654020752,37.761,5,848,480,37.309,36.494,1.304,35.19,2.501,11.231,17.342,4.116,32.69,0.81,0.006,53.847,91.193
1785992052,687352539,1785992052,687352539,44.292,5,848,480,43.865,42.78,0.866,41.914,2.806,18.32,16.756,4.032,39.108,1.074,0.011,58.255,102.322
1785992052,720684082,1785992052,720684082,48.577,5,848,480,47.655,46.853,1.273,45.579,12.819,8.484,18.881,5.396,32.76,0.794,0.008,69.832,117.396
1785992052,787346680,1785992052,787346680,37.894,5,848,480,37.44,36.641,2.129,34.511,4.152,8.671,17.233,4.455,30.359,0.793,0.007,51.154,88.631
1785992052,820677734,1785992052,820677734,38.977,5,848,480,37.323,36.56,0.908,35.652,3.207,10.134,17.257,5.055,32.445,0.757,0.007,56.927,94.276
1785992052,854008789,1785992052,854008789,39.648,5,848,480,39.143,38.261,0.914,37.347,2.58,13.319,17.239,4.209,34.767,0.873,0.01,61.418,100.613
1785992052,887339355,1785992052,887339355,38.626,5,848,480,38.2,37.147,0.862,36.285,2.84,10.637,17.513,5.295,33.445,1.028,0.025,67.671,106.547
1785992052,920670654,1785992052,920670654,50.188,5,848,480,48.653,47.883,11.008,36.875,3.229,10.484,18.907,4.255,33.646,0.764,0.007,74.063,122.747
1785992052,987338867,1785992052,987338867,49.252,5,848,480,48.81,47.589,0.865,46.723,4.136,16.111,21.553,4.923,42.588,1.213,0.009,56.485,105.353
1785992053,20672607,1785992053,20672607,47.201,5,848,480,45.286,44.481,1.27,43.211,5.31,9.01,20.499,8.391,37.901,0.799,0.007,73.898,119.198
1785992053,87339600,1785992053,87339600,46.975,5,848,480,46.462,45.638,3.251,42.387,8.559,12.227,17.259,4.342,33.828,0.816,0.008,53.013,99.517
1785992053,120672852,1785992053,120672852,53.677,5,848,480,53.223,52.462,1.399,51.063,2.971,16.959,22.935,8.198,48.091,0.755,0.006,66.589,119.847
1785992053,187338623,1785992053,187338623,69.343,5,848,480,66.767,66.075,5.83,60.245,18.726,17.264,16.865,7.39,41.519,0.686,0.006,57.901,122.526
1785992053,254003662,1785992053,254003662,36.388,5,848,480,36.0,35.321,1.861,33.461,2.483,9.51,17.377,4.091,30.978,0.671,0.007,56.211,92.248
1785992053,287335938,1785992053,287335938,60.57,5,848,480,58.384,57.71,3.044,54.666,3.03,22.242,16.814,12.581,51.636,0.668,0.006,61.077,119.485
1785992053,353999756,1785992053,353999756,41.852,5,848,480,41.408,40.682,1.15,39.532,2.403,14.767,18.381,3.981,37.129,0.719,0.007,53.23,94.674
1785992053,387331299,1785992053,387331299,42.206,5,848,480,40.598,39.343,1.062,38.28,3.24,13.178,17.254,4.608,35.04,1.242,0.014,62.927,103.657
1785992053,420662842,1785992053,420662842,56.907,5,848,480,44.321,43.536,2.48,41.056,9.807,9.617,17.323,4.308,31.249,0.778,0.007,82.783,127.125
1785992053,487324951,1785992053,487324951,56.612,5,848,480,56.194,55.382,0.808,54.574,4.006,25.411,17.009,8.148,50.568,0.804,0.008,60.844,117.085
1785992053,553986328,1785992053,553986328,45.58,5,848,480,45.148,44.391,1.304,43.087,4.233,9.136,25.677,4.042,38.854,0.75,0.006,50.809,95.994
1785992053,587316650,1785992053,587316650,55.539,5,848,480,53.479,52.82,5.267,47.553,6.498,13.847,19.185,8.024,41.056,0.652,0.007,64.695,118.201
1785992053,653976807,1785992053,653976807,38.871,5,848,480,38.487,37.758,0.854,36.904,2.416,12.767,17.585,4.136,34.488,0.722,0.007,51.888,90.413
1785992053,687306641,1785992053,687306641,38.023,5,848,480,36.441,35.74,0.853,34.888,4.012,9.596,17.208,4.072,30.876,0.694,0.007,58.634,95.106
1785992053,720636230,1785992053,720636230,40.197,5,848,480,39.723,38.696,0.915,37.78,5.479,10.794,17.272,4.234,32.301,1.018,0.008,62.215,101.99
1785992053,753965820,1785992053,753965820,40.389,5,848,480,39.743,38.634,1.099,37.536,3.358,10.415,17.268,6.495,34.178,1.099,0.009,69.258,109.053
1785992053,787294922,1785992053,787294922,59.938,5,848,480,59.259,56.721,0.95,55.771,13.88,20.741,17.182,3.968,41.891,2.528,0.01,76.353,135.671
1785992053,853952637,1785992053,853952637,50.679,5,848,480,49.981,49.217,1.53,47.687,7.52,14.028,21.354,4.785,40.167,0.757,0.007,69.651,119.66
1785992053,920610107,1785992053,920610107,36.668,5,848,480,35.03,34.36,0.867,33.492,2.482,9.211,17.5,4.299,31.01,0.664,0.006,54.615,89.671
1785992053,953944092,1785992053,953944092,41.263,5,848,480,40.753,40.022,0.791,39.231,5.225,12.361,17.595,4.05,34.006,0.725,0.006,56.81,97.663
1785992053,987277832,1785992053,987277832,55.826,5,848,480,55.37,54.654,0.961,53.693,12.472,16.91,17.128,7.182,41.221,0.71,0.006,64.685,120.092
1785992054,53944580,1785992054,53944580,41.908,5,848,480,41.457,40.749,0.899,39.85,3.631,14.518,17.386,4.315,36.219,0.699,0.008,53.842,95.334
1785992054,87277588,1785992054,87277588,52.274,5,848,480,46.791,46.051,1.477,44.574,4.567,18.159,17.145,4.703,40.007,0.732,0.008,67.47,114.387
1785992054,120610596,1785992054,120610596,56.997,5,848,480,53.661,52.583,10.968,41.615,4.138,14.959,17.19,5.328,37.476,1.069,0.009,84.289,140.294
1785992054,187275635,1785992054,187275635,49.483,5,848,480,44.529,43.847,9.975,33.872,2.37,9.206,17.274,5.023,31.502,0.675,0.006,76.464,120.757
1785992054,220607910,1785992054,220607910,43.069,5,848,480,41.457,40.753,1.002,39.751,2.558,15.768,17.281,4.144,37.194,0.683,0.021,89.022,130.512
1785992054,287271729,1785992054,287271729,56.332,5,848,480,55.919,55.218,0.978,54.24,11.508,18.214,17.12,7.397,42.732,0.695,0.007,64.206,120.162
1785992054,353934814,1785992054,353934814,38.312,5,848,480,37.867,37.1,2.307,34.793,3.196,10.195,17.217,4.186,31.597,0.761,0.006,53.906,91.808
1785992054,387265869,1785992054,387265869,37.82,5,848,480,36.168,35.416,0.917,34.499,3.895,8.89,17.602,4.111,30.604,0.745,0.007,60.103,96.372
1785992054,420596924,1785992054,420596924,54.044,5,848,480,53.568,52.908,0.902,52.006,9.004,18.289,18.047,6.666,43.002,0.655,0.006,63.407,117.007
1785992054,487258301,1785992054,487258301,48.583,5,848,480,41.307,40.62,6.76,33.86,2.33,10.204,17.29,4.036,31.53,0.68,0.007,57.605,98.933
1785992054,520588623,1785992054,520588623,59.519,5,848,480,57.897,57.199,0.872,56.327,13.587,17.499,17.225,8.015,42.74,0.692,0.006,67.196,125.121
1785992054,587248535,1785992054,587248535,37.958,5,848,480,37.569,36.819,0.904,35.915,5.161,8.91,17.414,4.429,30.753,0.744,0.007,58.815,96.424
1785992054,620578369,1785992054,620578369,58.143,5,848,480,56.511,55.827,1.014,54.814,12.214,16.063,16.881,9.655,42.6,0.677,0.007,64.694,121.236
1785992054,687237061,1785992054,687237061,41.233,5,848,480,40.826,40.097,0.962,39.135,3.337,14.157,17.6,4.042,35.798,0.722,0.007,54.946,95.813
1785992054,720566162,1785992054,720566162,45.951,5,848,480,44.45,43.198,0.892,42.306,3.878,16.25,16.841,5.336,38.428,1.184,0.069,64.012,108.554
1785992054,753895264,1785992054,753895264,49.52,5,848,480,46.169,45.336,5.848,39.488,3.158,13.698,17.463,5.17,36.33,0.825,0.007,78.462,124.623
1785992054,820552246,1785992054,820552246,37.622,5,848,480,37.192,36.515,0.955,35.56,5.035,8.92,17.489,4.116,30.525,0.671,0.006,58.358,95.587
1785992054,853880615,1785992054,853880615,38.13,5,848,480,36.557,35.757,1.808,33.948,3.268,9.164,17.422,4.095,30.681,0.792,0.008,63.803,100.396
1785992054,887208496,1785992054,887208496,48.805,5,848,480,48.272,47.469,1.004,46.465,7.066,16.524,16.688,6.188,39.399,0.795,0.008,67.561,115.878
1785992054,953912354,1785992054,953912354,37.978,5,848,480,37.362,36.619,1.482,35.137,2.532,8.99,17.358,6.258,32.605,0.736,0.007,49.747,87.147
1785992054,987288330,1785992054,987288330,39.405,5,848,480,37.707,36.903,1.098,35.805,3.642,10.801,17.31,4.052,32.163,0.798,0.007,55.434,93.171
1785992055,20664551,1785992055,20664551,69.61,5,848,480,69.093,68.369,0.891,67.478,12.348,16.423,30.388,8.319,55.13,0.718,0.007,60.275,129.408
1785992055,54041016,1785992055,54041016,71.632,5,848,480,71.101,70.322,0.906,69.417,16.218,30.53,18.447,4.222,53.199,0.771,0.008,96.527,167.666
1785992055,154172607,1785992055,154172607,47.0,5,848,480,46.557,45.62,1.357,44.263,2.929,16.661,17.029,7.644,41.334,0.932,0.005,67.933,114.523
1785992055,220928711,1785992055,220928711,48.122,5,848,480,34.184,33.377,0.878,32.499,2.327,8.687,17.517,3.968,30.172,0.8,0.007,61.685,95.892
1785992055,254307373,1785992055,254307373,57.968,5,848,480,57.469,56.693,0.762,55.931,2.36,23.948,16.735,12.888,53.571,0.769,0.007,62.978,120.481
1785992055,321065674,1785992055,321065674,41.495,5,848,480,41.104,40.395,1.098,39.298,2.399,15.362,17.563,3.973,36.899,0.702,0.007,54.077,95.223
1785992055,354445313,1785992055,354445313,63.941,5,848,480,62.322,61.559,1.299,60.259,2.556,28.585,17.571,11.547,57.704,0.757,0.006,63.428,125.794
1785992055,421205811,1785992055,421205811,46.172,5,848,480,45.763,44.72,1.087,43.634,2.9,18.364,17.804,4.567,40.734,1.032,0.01,59.395,105.212
1785992055,454586426,1785992055,454586426,47.74,5,848,480,40.579,39.94,0.999,38.941,2.795,13.519,17.218,5.409,36.146,0.633,0.006,78.948,119.547
1785992055,521348877,1785992055,521348877,43.005,5,848,480,37.81,37.072,2.946,34.126,2.265,10.233,17.576,4.052,31.861,0.73,0.007,57.975,95.8
1785992055,554730713,1785992055,554730713,44.688,5,848,480,44.142,43.226,0.965,42.261,2.759,17.18,17.169,5.151,39.501,0.906,0.009,62.925,107.213
1785992055,588112793,1785992055,588112793,47.889,5,848,480,47.226,46.487,11.193,35.294,2.75,10.159,17.392,4.993,32.544,0.731,0.008,74.347,121.612
1785992055,654877930,1785992055,654877930,42.048,5,848,480,41.641,40.855,1.035,39.819,4.858,13.607,17.35,4.005,34.961,0.779,0.007,55.213,96.89
1785992055,688261230,1785992055,688261230,55.103,5,848,480,53.59,52.724,1.089,51.636,16.968,10.07,17.486,7.111,34.667,0.858,0.008,64.99,118.624
1785992055,755028564,1785992055,755028564,39.989,5,848,480,38.846,38.122,1.299,36.823,5.349,10.025,17.393,4.057,31.474,0.718,0.007,52.969,91.832
1785992055,788412598,1785992055,788412598,36.435,5,848,480,35.966,35.277,0.804,34.474,2.402,10.301,17.339,4.432,32.072,0.682,0.007,58.878,94.882
1785992055,821797119,1785992055,821797119,40.06,5,848,480,39.547,38.511,2.159,36.352,4.149,10.498,17.268,4.437,32.203,1.026,0.01,61.977,101.696
1785992055,855182129,1785992055,855182129,50.712,5,848,480,49.587,48.945,1.302,47.644,12.874,9.708,17.044,8.019,34.77,0.636,0.006,69.266,119.031
1785992055,921952148,1785992055,921952148,36.764,5,848,480,36.236,35.463,0.952,34.512,2.473,10.716,17.163,4.159,32.038,0.765,0.008,52.606,88.893
1785992055,955298584,1785992055,955298584,43.033,5,848,480,41.031,40.35,2.098,38.253,3.353,13.628,17.217,4.054,34.899,0.674,0.006,57.51,98.566
1785992055,988645020,1785992055,988645020,52.104,5,848,480,51.613,50.907,0.872,50.035,11.889,14.798,16.884,6.464,38.146,0.697,0.008,65.676,117.45
1785992056,55337646,1785992056,55337646,42.919,5,848,480,42.308,41.592,1.007,40.585,5.428,13.063,17.506,4.588,35.157,0.708,0.008,51.207,93.555
1785992056,88683838,1785992056,88683838,67.343,5,848,480,65.711,64.86,1.015,63.846,10.887,29.173,18.468,5.316,52.958,0.843,0.008,61.804,127.554
1785992056,155375977,1785992056,155375977,39.436,5,848,480,39.009,38.225,0.977,37.248,3.443,11.845,17.275,4.686,33.805,0.774,0.01,61.248,100.313
1785992056,188721924,1785992056,188721924,48.05,5,848,480,46.128,45.357,1.091,44.266,3.979,14.343,17.359,8.585,40.287,0.763,0.008,68.844,115.007
1785992056,222067871,1785992056,222067871,49.534,5,848,480,48.563,47.816,5.396,42.42,3.737,9.326,25.14,4.218,38.683,0.74,0.007,82.602,131.186
1785992056,288759277,1785992056,288759277,37.569,5,848,480,37.165,36.139,1.061,35.078,2.513,10.865,17.25,4.45,32.565,1.017,0.008,64.856,102.129
1785992056,322104980,1785992056,322104980,52.861,5,848,480,50.715,49.901,2.248,47.653,13.37,9.693,18.245,6.344,34.282,0.807,0.007,70.848,121.575
1785992056,388796143,1785992056,388796143,36.249,5,848,480,35.849,35.168,1.299,33.869,2.464,9.69,17.608,4.107,31.405,0.674,0.006,55.244,91.132
1785992056,422141602,1785992056,422141602,38.364,5,848,480,36.752,36.011,0.94,35.072,2.603,10.286,17.548,4.634,32.468,0.734,0.006,59.369,96.151
1785992056,455487061,1785992056,455487061,36.386,5,848,480,35.908,35.145,1.01,34.135,2.322,10.401,17.45,3.961,31.812,0.757,0.007,63.245,99.199
1785992056,488832275,1785992056,488832275,38.075,5,848,480,37.549,36.544,1.084,35.46,3.113,10.476,17.395,4.476,32.347,0.996,0.009,66.34,103.937
1785992056,555522705,1785992056,555522705,65.11,5,848,480,39.042,37.964,0.881,37.084,2.582,13.551,16.731,4.221,34.502,1.067,0.01,63.279,102.359
1785992056,588867676,1785992056,588867676,50.564,5,848,480,48.374,47.629,1.122,46.507,6.129,10.123,17.824,12.431,40.378,0.69,0.055,71.333,119.615
1785992056,655557617,1785992056,655557617,39.709,5,848,480,39.274,38.436,0.729,37.707,2.383,14.035,17.191,4.098,35.324,0.831,0.007,53.266,92.58
1785992056,688902588,1785992056,688902588,45.754,5,848,480,44.061,40.793,0.931,39.862,2.728,15.748,17.122,4.264,37.135,3.258,0.01,60.9,105.014
1785992056,722247314,1785992056,722247314,46.985,5,848,480,46.461,45.718,1.785,43.933,9.683,8.836,16.908,8.506,34.25,0.736,0.007,72.133,118.627
1785992056,788936523,1785992056,788936523,43.885,5,848,480,43.489,42.774,4.855,37.92,3.55,13.194,17.204,3.971,34.369,0.708,0.007,52.297,95.824
1785992056,822281250,1785992056,822281250,54.666,5,848,480,50.924,50.275,1.088,49.187,3.714,20.67,16.907,7.897,45.473,0.643,0.006,66.197,117.142
1785992056,888969971,1785992056,888969971,38.069,5,848,480,37.632,36.884,0.883,36.001,4.957,8.764,17.613,4.668,31.044,0.741,0.007,50.858,88.529
1785992056,922314697,1785992056,922314697,37.586,5,848,480,36.116,35.191,1.566,33.624,2.668,8.668,17.369,4.919,30.956,0.919,0.007,56.62,92.77
1785992056,955733887,1785992056,955733887,40.283,5,848,480,39.82,39.021,1.86,37.16,4.258,11.856,17.113,3.932,32.902,0.791,0.009,59.776,99.656
1785992056,989153809,1785992056,989153809,52.158,5,848,480,51.673,50.936,1.03,49.907,5.363,17.644,17.017,9.883,44.544,0.731,0.006,66.657,118.369
1785992057,55994141,1785992057,55994141,36.169,5,848,480,35.72,34.868,0.99,33.878,2.469,9.308,17.238,4.864,31.409,0.843,0.009,51.943,87.714
1785992057,89415039,1785992057,89415039,46.212,5,848,480,44.596,43.742,1.953,41.789,2.689,14.861,19.899,4.339,39.1,0.847,0.007,55.864,100.494
1785992057,122836182,1785992057,122836182,58.929,5,848,480,58.466,57.713,2.242,55.471,9.8,20.036,21.089,4.545,45.671,0.746,0.007,67.496,126.0
1785992057,189679688,1785992057,189679688,60.787,5,848,480,60.235,59.539,1.016,58.523,12.286,16.43,16.719,13.088,46.237,0.691,0.006,59.668,119.94
1785992057,256524414,1785992057,256524414,47.909,5,848,480,47.524,46.626,3.591,43.035,5.292,15.87,17.195,4.678,37.743,0.89,0.008,53.445,101.023
1785992057,289947510,1785992057,289947510,59.799,5,848,480,51.263,50.46,0.889,49.571,15.773,10.129,18.875,4.794,33.798,0.797,0.006,76.129,127.453
1785992057,356794434,1785992057,356794434,55.493,5,848,480,54.988,54.255,0.818,53.437,10.057,20.009,17.172,6.199,43.381,0.725,0.008,61.003,116.03
1785992057,423643066,1785992057,423643066,36.896,5,848,480,36.5,35.578,1.978,33.6,2.764,8.891,17.224,4.721,30.836,0.914,0.008,49.537,86.08
1785992057,457067627,1785992057,457067627,51.545,5,848,480,45.229,44.009,2.548,41.461,3.296,16.334,17.263,4.568,38.164,1.209,0.011,58.948,104.221
1785992057,490492920,1785992057,490492920,48.882,5,848,480,44.835,44.165,5.631,38.533,2.782,8.489,17.079,10.183,35.752,0.664,0.007,74.793,119.649
1785992057,557344238,1785992057,557344238,40.844,5,848,480,36.385,35.64,2.239,33.4,2.431,9.429,17.547,3.994,30.969,0.738,0.007,57.236,93.644
1785992057,590770264,1785992057,590770264,55.401,5,848,480,53.86,53.148,0.841,52.308,5.794,21.728,16.948,7.838,46.513,0.705,0.006,61.722,115.613
1785992057,657623779,1785992057,657623779,44.925,5,848,480,44.545,43.839,1.923,41.916,9.431,10.78,17.643,4.063,32.485,0.7,0.006,49.105,93.69
1785992057,691051025,1785992057,691051025,41.353,5,848,480,39.7,38.743,0.964,37.779,4.898,11.518,17.29,4.074,32.881,0.95,0.008,61.885,101.628
1785992057,724478760,1785992057,724478760,52.372,5,848,480,47.039,46.329,2.236,44.093,9.782,9.93,16.941,7.44,34.31,0.703,0.006,73.511,120.556
1785992057,791335205,1785992057,791335205,41.613,5,848,480,41.219,40.474,0.865,39.609,3.789,14.541,17.221,4.059,35.82,0.739,0.007,54.058,95.317
1785992057,824763916,1785992057,824763916,54.429,5,848,480,52.744,51.958,0.946,51.013,12.778,14.713,17.048,6.474,38.234,0.779,0.007,63.543,116.317
1785992057,891622314,1785992057,891622314,44.286,5,848,480,43.871,43.189,1.069,42.12,5.375,15.468,17.293,3.983,36.745,0.675,0.007,49.835,93.743
1785992057,925050293,1785992057,925050293,41.231,5,848,480,39.602,38.829,0.787,38.042,5.17,11.194,17.364,4.314,32.872,0.766,0.007,61.913,101.548
1785992057,958427734,1785992057,958427734,47.705,5,848,480,47.234,46.475,1.969,44.506,9.246,10.346,17.769,7.145,35.26,0.752,0.008,68.603,115.892
1785992058,25183594,1785992058,25183594,44.231,5,848,480,43.813,43.085,3.241,39.844,2.731,13.489,17.579,6.045,37.113,0.721,0.007,49.497,93.35
1785992058,58562256,1785992058,58562256,62.075,5,848,480,60.474,59.494,1.106,58.388,3.687,27.64,17.259,9.802,54.701,0.97,0.009,61.542,122.06
1785992058,125320068,1785992058,125320068,46.152,5,848,480,45.71,44.829,1.913,42.916,2.997,14.752,20.0,5.167,39.919,0.872,0.009,55.695,101.454
1785992058,158699707,1785992058,158699707,54.261,5,848,480,52.46,51.717,1.234,50.483,2.681,24.565,17.495,5.741,47.802,0.735,0.007,69.838,122.325
1785992058,225459961,1785992058,225459961,63.601,5,848,480,63.095,62.415,0.914,61.501,2.37,28.291,17.409,13.43,59.131,0.673,0.007,56.029,119.16
1785992058,292221680,1785992058,292221680,46.369,5,848,480,45.863,44.978,0.954,44.024,2.415,20.573,17.013,4.023,41.609,0.876,0.009,52.87,98.783
1785992058,325603027,1785992058,325603027,57.517,5,848,480,55.142,54.391,1.749,52.642,8.313,22.185,17.243,4.9,44.328,0.745,0.006,67.741,122.902
1785992058,392366943,1785992058,392366943,59.517,5,848,480,59.11,58.405,0.735,57.671,5.548,21.098,18.576,12.448,52.122,0.697,0.007,56.51,115.656
1785992058,459132080,1785992058,459132080,38.63,5,848,480,38.213,37.537,0.88,36.657,2.38,11.492,17.73,5.055,34.277,0.669,0.007,49.272,87.521
1785992058,492515381,1785992058,492515381,37.328,5,848,480,35.304,34.608,0.85,33.758,2.301,9.877,17.472,4.109,31.457,0.691,0.005,56.132,91.465
1785992058,525898926,1785992058,525898926,44.68,5,848,480,44.204,43.034,0.936,42.099,2.593,18.128,16.672,4.706,39.506,1.164,0.006,58.523,102.774
1785992058,592666992,1785992058,592666992,51.012,5,848,480,37.225,36.502,1.988,34.514,2.437,8.744,19.232,4.1,32.077,0.716,0.006,49.76,87.007
1785992058,626051514,1785992058,626051514,35.391,5,848,480,35.001,34.269,0.762,33.507,2.182,9.609,17.558,4.158,31.324,0.726,0.007,53.975,89.016
1785992058,659436523,1785992058,659436523,43.538,5,848,480,43.116,42.407,0.763,41.644,2.459,17.664,17.301,4.221,39.185,0.702,0.007,56.014,99.17
1785992058,692822021,1785992058,692822021,51.367,5,848,480,50.962,50.274,0.717,49.557,8.098,16.228,16.969,8.263,41.459,0.683,0.005,66.146,117.152
1785992058,759593750,1785992058,759593750,35.646,5,848,480,35.225,34.457,0.701,33.756,2.486,9.502,17.478,4.291,31.271,0.762,0.006,50.758,86.024
1785992058,792980225,1785992058,792980225,37.376,5,848,480,35.93,35.195,0.757,34.439,2.262,10.639,17.572,3.965,32.177,0.728,0.007,54.047,90.014
1785992058,826366943,1785992058,826366943,39.358,5,848,480,38.937,38.1,0.928,37.173,4.854,9.955,18.299,4.064,32.319,0.83,0.007,57.007,95.982
1785992058,859754150,1785992058,859754150,44.127,5,848,480,43.741,41.411,0.962,40.449,8.355,10.104,17.048,4.943,32.094,2.317,0.013,62.95,106.756
1785992058,893141602,1785992058,893141602,42.309,5,848,480,41.378,40.57,0.948,39.622,7.145,8.778,16.915,6.784,32.478,0.802,0.007,74.234,115.644
1785992058,959871094,1785992058,959871094,37.798,5,848,480,37.263,36.564,1.202,35.362,4.825,8.493,17.227,4.817,30.537,0.693,0.006,49.414,86.712
1785992058,993213379,1785992058,993213379,38.515,5,848,480,36.93,36.208,0.908,35.3,3.935,9.357,17.483,4.524,31.365,0.716,0.006,54.93,91.92
1785992059,26555176,1785992059,26555176,58.547,5,848,480,58.116,57.369,0.941,56.429,9.08,21.386,16.878,9.085,47.349,0.741,0.006,58.936,117.085
1785992059,93239014,1785992059,93239014,44.981,5,848,480,44.621,43.699,5.864,37.835,2.617,11.779,17.216,6.223,35.218,0.912,0.011,50.733,95.421
1785992059,126580566,1785992059,126580566,64.991,5,848,480,49.806,49.074,9.405,39.669,6.895,10.082,17.492,5.199,32.774,0.725,0.007,77.215,127.039
1785992059,193263428,1785992059,193263428,39.086,5,848,480,38.703,37.807,0.89,36.916,2.46,12.588,17.223,4.644,34.456,0.887,0.009,60.704,99.464
1785992059,226604736,1785992059,226604736,53.96,5,848,480,52.252,51.561,1.366,50.195,6.506,21.486,17.329,4.874,43.689,0.686,0.005,67.787,120.059
1785992059,293286621,1785992059,293286621,38.367,5,848,480,37.986,37.207,0.903,36.303,5.602,9.172,17.256,4.273,30.701,0.772,0.007,53.722,91.747
1785992059,326627441,1785992059,326627441,41.444,5,848,480,39.996,36.929,1.009,35.92,4.362,9.7,17.926,3.932,31.558,3.055,0.011,59.829,99.88
1785992059,359968262,1785992059,359968262,48.159,5,848,480,47.68,47.006,1.986,45.019,6.866,13.764,16.83,7.559,38.154,0.668,0.006,66.95,114.667
1785992059,426649170,1785992059,426649170,37.946,5,848,480,37.561,36.81,0.876,35.934,2.154,9.878,19.524,4.377,33.78,0.744,0.007,48.334,85.934
1785992059,459989502,1785992059,459989502,40.504,5,848,480,40.11,39.388,0.921,38.467,4.432,10.342,17.449,6.244,34.035,0.714,0.007,52.949,93.13
1785992059,493329834,1785992059,493329834,50.138,5,848,480,49.66,48.787,1.406,47.381,4.362,10.558,17.001,15.46,43.018,0.863,0.01,60.588,109.915
1785992059,526669678,1785992059,526669678,48.235,5,848,480,47.398,46.656,1.074,45.583,3.495,16.831,18.962,6.294,42.087,0.735,0.007,77.362,124.791
1785992059,593349365,1785992059,593349365,57.636,5,848,480,52.713,51.797,4.641,47.155,5.509,17.002,17.15,7.494,41.646,0.907,0.009,63.01,115.756
1785992059,660028564,1785992059,660028564,35.851,5,848,480,35.328,34.523,1.265,33.258,2.367,9.331,17.322,4.237,30.891,0.798,0.007,49.551,84.919
1785992059,693367920,1785992059,693367920,38.217,5,848,480,36.129,35.186,1.066,34.12,2.567,9.451,17.58,4.522,31.553,0.935,0.008,53.638,89.821
1785992059,726707275,1785992059,726707275,37.4,5,848,480,36.954,36.183,0.917,35.265,2.308,11.494,17.39,4.073,32.957,0.764,0.007,56.863,93.855
1785992059,760046387,1785992059,760046387,35.136,5,848,480,34.737,33.982,0.876,33.107,2.275,9.393,17.378,4.061,30.831,0.748,0.007,60.876,95.71
1785992059,793385254,1785992059,793385254,40.599,5,848,480,40.042,39.159,3.06,36.098,4.125,10.485,16.83,4.659,31.974,0.873,0.01,62.837,102.937
1785992059,826724121,1785992059,826724121,49.397,5,848,480,48.921,48.22,15.705,32.515,2.505,8.347,17.225,4.439,30.011,0.695,0.006,70.012,118.968
1785992059,893401367,1785992059,893401367,42.206,5,848,480,41.706,40.936,0.821,40.116,9.059,9.84,17.261,3.956,31.057,0.763,0.007,52.757,94.501
1785992059,926740479,1785992059,926740479,54.615,5,848,480,53.004,51.992,0.828,51.164,3.969,23.063,17.015,7.117,47.195,1.004,0.009,62.742,115.788
1785992059,993424561,1785992059,993424561,37.797,5,848,480,37.287,36.309,1.002,35.308,3.742,9.821,17.333,4.412,31.566,0.97,0.007,49.567,86.934
1785992060,26766357,1785992060,26766357,43.88,5,848,480,42.08,41.215,1.011,40.204,3.778,14.488,17.347,4.591,36.425,0.857,0.009,55.321,97.443
1785992060,60107910,1785992060,60107910,69.448,5,848,480,68.693,67.549,2.297,65.252,24.839,10.739,23.839,5.834,40.413,1.081,0.063,64.867,133.599
1785992060,126790771,1785992060,126790771,53.361,5,848,480,52.81,52.074,3.79,48.284,6.089,20.165,17.443,4.587,42.195,0.729,0.007,67.365,120.211
1785992060,193473145,1785992060,193473145,44.041,5,848,480,39.402,38.602,1.663,36.939,3.525,11.87,17.459,4.086,33.414,0.792,0.008,58.143,97.614
1785992060,226814209,1785992060,226814209,52.412,5,848,480,51.9,51.248,4.4,46.848,10.28,10.13,17.085,9.353,36.568,0.647,0.005,64.704,116.635
1785992060,293495605,1785992060,293495605,37.611,5,848,480,37.229,36.553,1.067,35.486,2.251,11.525,17.434,4.275,33.234,0.669,0.007,50.303,87.586
1785992060,326836182,1785992060,326836182,41.554,5,848,480,39.891,39.101,1.008,38.093,2.374,14.502,17.141,4.077,35.719,0.785,0.004,55.86,95.781
1785992060,393517090,1785992060,393517090,59.814,5,848,480,36.622,35.926,0.937,34.989,2.328,9.572,18.667,4.423,32.661,0.69,0.006,52.273,88.915
1785992060,426857178,1785992060,426857178,37.895,5,848,480,37.44,36.692,0.891,35.801,2.443,12.366,17.107,3.886,33.358,0.741,0.007,55.993,93.473
1785992060,460197266,1785992060,460197266,60.658,5,848,480,60.264,59.614,4.94,54.675,3.949,23.429,18.03,9.266,50.726,0.643,0.006,60.486,120.785
1785992060,526876709,1785992060,526876709,63.481,5,848,480,62.953,62.183,0.905,61.278,3.676,23.679,16.915,17.007,57.602,0.763,0.007,54.599,117.594
1785992060,593555908,1785992060,593555908,38.315,5,848,480,35.782,35.027,1.66,33.367,2.224,9.129,17.823,4.19,31.143,0.749,0.006,53.413,89.225
1785992060,626895264,1785992060,626895264,58.687,5,848,480,50.889,49.977,1.925,48.052,4.823,20.458,16.996,5.776,43.229,0.903,0.008,63.661,114.587
1785992060,693573486,1785992060,693573486,40.981,5,848,480,40.464,39.704,1.003,38.701,2.413,14.663,17.439,4.186,36.288,0.753,0.007,48.378,88.874
1785992060,726912354,1785992060,726912354,62.998,5,848,480,61.548,60.8,0.812,59.988,2.372,24.959,26.389,6.267,57.616,0.742,0.007,56.955,118.534
1785992060,793589844,1785992060,793589844,35.596,5,848,480,35.196,34.516,0.773,33.743,2.296,9.883,17.47,4.095,31.447,0.672,0.008,52.22,87.453
1785992060,826928223,1785992060,826928223,36.978,5,848,480,35.342,34.638,0.94,33.698,2.365,9.812,17.453,4.068,31.333,0.697,0.006,55.718,91.091
1785992060,860266602,1785992060,860266602,42.33,5,848,480,41.922,41.073,0.938,40.135,2.438,16.387,17.049,4.261,37.697,0.841,0.008,58.125,100.18
1785992060,893604980,1785992060,893604980,52.147,5,848,480,51.445,50.762,1.023,49.738,18.4,8.3,17.19,5.848,31.338,0.676,0.007,67.412,118.891
1785992060,960285645,1785992060,960285645,38.238,5,848,480,37.844,37.143,0.908,36.235,5.539,8.919,17.899,3.878,30.696,0.693,0.007,52.567,90.573
1785992060,993627686,1785992060,993627686,43.796,5,848,480,42.021,40.803,1.003,39.8,4.045,14.375,17.212,4.168,35.755,1.208,0.01,58.856,100.927
1785992061,26969727,1785992061,26969727,59.061,5,848,480,58.178,57.359,2.432,54.927,15.476,15.929,16.822,6.7,39.451,0.812,0.006,68.416,126.618
1785992061,60311279,1785992061,60311279,87.91,5,848,480,83.887,82.962,3.706,79.256,3.158,50.579,17.403,8.117,76.098,0.918,0.006,97.293,181.187
1785992061,160335938,1785992061,160335938,44.117,5,848,480,43.732,43.037,2.238,40.799,2.5,16.743,17.472,4.084,38.299,0.689,0.007,82.889,125.285
1785992061,227018311,1785992061,227018311,57.926,5,848,480,57.526,56.717,0.825,55.891,5.683,22.338,16.819,11.051,50.208,0.803,0.007,58.963,116.526
1785992061,293699951,1785992061,293699951,42.36,5,848,480,41.968,41.238,0.841,40.397,4.865,13.961,17.477,4.095,35.532,0.723,0.006,50.2,92.206
1785992061,327040771,1785992061,327040771,40.442,5,848,480,38.412,37.479,0.948,36.531,2.431,12.991,17.276,3.833,34.1,0.925,0.008,60.868,99.316
1785992061,360381104,1785992061,360381104,42.108,5,848,480,41.611,39.572,2.842,36.73,3.373,10.847,16.881,5.629,33.357,2.032,0.008,66.428,108.102
1785992061,427062012,1785992061,427062012,45.147,5,848,480,37.129,36.447,1.247,35.2,4.707,8.351,17.51,4.633,30.494,0.675,0.007,49.385,86.541
1785992061,460402100,1785992061,460402100,40.762,5,848,480,40.298,39.488,0.987,38.501,2.433,14.189,17.698,4.181,36.067,0.803,0.007,53.627,93.967
1785992061,493742188,1785992061,493742188,62.096,5,848,480,61.691,60.919,0.989,59.93,2.544,25.262,17.027,15.097,57.386,0.765,0.007,60.99,122.724
1785992061,560421631,1785992061,560421631,59.703,5,848,480,59.306,58.602,0.919,57.683,2.657,26.412,16.951,11.663,55.026,0.697,0.007,56.399,115.743
1785992061,627100830,1785992061,627100830,42.074,5,848,480,41.676,40.001,6.106,33.895,2.391,9.514,17.558,4.433,31.504,1.666,0.009,49.427,91.156
1785992061,660440186,1785992061,660440186,46.588,5,848,480,39.171,37.779,2.387,35.392,3.441,10.072,17.308,4.571,31.951,1.382,0.01,65.2,104.408
1785992061,693779297,1785992061,693779297,49.77,5,848,480,47.27,46.432,5.413,41.018,3.738,15.118,17.268,4.895,37.281,0.829,0.009,73.588,120.822
1785992061,760457275,1785992061,760457275,37.287,5,848,480,36.892,36.045,0.974,35.071,2.552,9.436,17.666,5.417,32.519,0.838,0.009,54.498,91.436
1785992061,793796143,1785992061,793796143,45.885,5,848,480,44.116,43.326,1.18,42.146,6.091,10.892,19.432,5.731,36.056,0.782,0.008,59.835,103.982
1785992061,827134766,1785992061,827134766,46.56,5,848,480,46.127,44.969,1.307,43.662,8.555,12.283,17.332,5.492,35.108,1.148,0.01,71.033,117.234
1785992061,860473389,1785992061,860473389,44.83,5,848,480,44.319,43.51,6.065,37.445,2.559,10.857,17.951,6.078,34.886,0.802,0.007,84.331,128.688
1785992061,927150391,1785992061,927150391,52.751,5,848,480,52.327,51.429,0.819,50.61,10.638,13.463,17.989,8.519,39.972,0.89,0.008,62.395,114.769
1785992061,993840332,1785992061,993840332,40.308,5,848,480,39.723,39.041,1.128,37.913,6.463,9.624,17.454,4.371,31.45,0.675,0.007,48.618,88.378
1785992062,27184814,1785992062,27184814,37.468,5,848,480,35.39,34.696,0.979,33.716,2.347,9.881,17.303,4.186,31.369,0.687,0.007,57.08,92.5
1785992062,60529541,1785992062,60529541,51.411,5,848,480,51.021,49.17,0.88,48.29,2.334,18.027,17.201,10.728,45.956,1.839,0.012,59.512,110.601
1785992062,93874023,1785992062,93874023,62.325,5,848,480,61.686,59.126,0.912,58.214,6.192,29.716,17.283,5.022,52.022,2.548,0.012,77.831,139.584
1785992062,160562744,1785992062,160562744,47.974,5,848,480,45.557,44.492,1.368,43.124,4.383,11.171,18.096,9.474,38.741,1.056,0.01,75.416,120.896
1785992062,227250732,1785992062,227250732,48.928,5,848,480,48.404,47.24,0.988,46.252,3.245,20.837,17.232,4.938,43.007,1.155,0.009,54.637,103.108
1785992062,260594727,1785992062,260594727,44.544,5,848,480,43.927,43.141,1.358,41.783,3.181,17.064,17.131,4.406,38.602,0.777,0.009,70.315,114.425
1785992062,293938477,1785992062,293938477,52.326,5,848,480,51.268,50.393,6.763,43.63,4.209,15.309,18.409,5.703,39.421,0.867,0.008,81.964,133.261
1785992062,360625977,1785992062,360625977,46.599,5,848,480,46.175,45.341,4.57,40.771,6.998,11.05,17.568,5.155,33.774,0.825,0.009,66.958,115.588
1785992062,393969482,1785992062,393969482,73.443,5,848,480,59.88,58.97,6.51,52.46,13.354,15.948,16.819,6.339,39.106,0.902,0.008,93.366,153.27
1785992062,493999268,1785992062,493999268,42.136,5,848,480,41.687,40.897,0.877,40.021,4.811,10.623,17.194,7.393,35.21,0.784,0.006,53.647,95.37
1785992062,527342285,1785992062,527342285,56.345,5,848,480,54.275,53.563,1.585,51.978,3.455,22.947,20.026,5.55,48.523,0.704,0.007,64.066,118.376
1785992062,560685059,1785992062,560685059,41.588,5,848,480,41.008,40.258,0.908,39.349,2.377,15.354,17.725,3.893,36.972,0.742,0.008,85.575,126.622
1785992062,627370605,1785992062,627370605,44.458,5,848,480,44.064,43.12,0.848,42.272,2.771,17.802,17.049,4.649,39.501,0.935,0.009,60.29,104.41
1785992062,660713379,1785992062,660713379,53.295,5,848,480,45.359,44.624,2.43,42.194,8.258,8.341,17.315,8.281,33.936,0.729,0.006,78.963,124.343
1785992062,727398193,1785992062,727398193,53.447,5,848,480,53.046,52.192,0.803,51.389,5.995,21.392,16.694,7.308,45.394,0.846,0.008,58.022,111.111
1785992062,760740479,1785992062,760740479,40.149,5,848,480,39.732,38.948,0.869,38.079,2.635,13.207,17.069,5.168,35.445,0.778,0.006,78.143,117.911
1785992062,827424561,1785992062,827424561,40.867,5,848,480,40.473,39.698,0.905,38.793,2.165,15.422,17.294,3.912,36.628,0.769,0.007,51.584,92.094
1785992062,860766602,1785992062,860766602,49.502,5,848,480,49.111,47.377,1.003,46.373,3.592,15.862,21.643,5.277,42.782,1.723,0.011,59.111,108.334
1785992062,894108398,1785992062,894108398,43.015,5,848,480,41.427,40.7,1.375,39.324,7.276,8.53,17.853,5.664,32.048,0.721,0.007,76.472,117.928
1785992062,960797363,1785992062,960797363,41.815,5,848,480,41.421,40.744,5.63,35.113,2.393,11.308,17.435,3.977,32.72,0.67,0.007,51.595,93.054
1785992062,994144287,1785992062,994144287,57.255,5,848,480,56.732,55.986,0.959,55.027,8.753,22.568,16.688,7.018,46.274,0.739,0.007,60.195,117.053
1785992063,60837646,1785992063,60837646,42.609,5,848,480,42.113,41.379,1.976,39.403,9.665,8.349,17.365,4.025,29.738,0.727,0.007,50.727,92.878
1785992063,94184082,1785992063,94184082,55.552,5,848,480,53.962,53.15,1.112,52.038,7.274,17.393,17.45,9.921,44.764,0.803,0.008,61.096,115.104
1785992063,160876953,1785992063,160876953,37.697,5,848,480,37.201,36.356,1.143,35.213,2.944,8.873,17.42,5.975,32.268,0.838,0.007,48.854,86.088
1785992063,194223145,1785992063,194223145,39.431,5,848,480,37.873,37.18,1.011,36.17,3.368,9.156,17.31,6.336,32.801,0.686,0.007,54.273,92.174
1785992063,227569336,1785992063,227569336,42.108,5,848,480,41.711,40.815,1.06,39.755,2.532,16.274,16.861,4.088,37.223,0.891,0.005,59.184,100.945
1785992063,294261230,1785992063,294261230,50.324,5,848,480,35.904,35.105,0.834,34.271,2.288,8.528,16.956,6.5,31.983,0.793,0.006,48.639,84.567
1785992063,327606934,1785992063,327606934,47.939,5,848,480,47.483,46.627,1.123,45.504,2.985,17.762,20.677,4.08,42.52,0.847,0.009,51.644,99.176
1785992063,360952637,1785992063,360952637,36.509,5,848,480,36.057,35.285,0.967,34.318,3.035,10.048,17.181,4.054,31.283,0.764,0.009,66.232,102.337
1785992063,394298096,1785992063,394298096,49.164,5,848,480,48.688,47.984,1.075,46.909,2.617,18.769,17.502,8.021,44.292,0.696,0.007,69.417,118.144
1785992063,460989014,1785992063,460989014,39.463,5,848,480,39.065,38.153,0.945,37.209,2.466,8.758,18.553,7.432,34.743,0.905,0.008,51.81,90.923
1785992063,494334229,1785992063,494334229,64.781,5,848,480,62.748,61.849,1.508,60.341,5.833,20.387,17.115,17.006,54.508,0.892,0.007,59.581,122.361
1785992063,561024414,1785992063,561024414,77.071,5,848,480,76.626,75.711,1.861,73.849,9.609,40.588,18.578,5.074,64.241,0.907,0.008,56.069,132.743
1785992063,627714355,1785992063,627714355,59.196,5,848,480,56.239,55.265,2.067,53.198,9.133,18.256,17.979,7.83,44.065,0.966,0.008,68.978,125.245
1785992063,694403564,1785992063,694403564,84.27,5,848,480,78.653,77.509,2.475,75.033,5.632,24.539,17.443,27.419,69.402,1.135,0.008,64.223,142.838
1785992063,761092529,1785992063,761092529,80.802,5,848,480,80.353,79.528,0.927,78.601,12.479,40.871,19.031,6.22,66.122,0.817,0.009,76.541,156.944
1785992063,861125000,1785992063,861125000,61.752,5,848,480,59.225,58.517,9.264,49.253,8.726,13.528,18.641,8.359,40.527,0.7,0.007,59.467,118.647
1785992063,927813232,1785992063,927813232,48.48,5,848,480,48.098,47.21,0.967,46.243,2.724,8.926,25.392,9.201,43.519,0.878,0.01,52.308,100.462
1785992063,961156738,1785992063,961156738,61.067,5,848,480,59.347,58.539,0.965,57.574,2.694,32.54,17.544,4.796,54.88,0.8,0.007,68.795,128.171
1785992064,27843506,1785992064,27843506,45.283,5,848,480,44.865,44.009,4.371,39.638,5.651,9.207,19.149,5.63,33.987,0.847,0.009,61.859,106.778
1785992064,61186768,1785992064,61186768,89.429,5,848,480,83.237,80.738,1.765,78.973,6.534,49.152,18.607,4.68,72.44,2.488,0.01,79.593,162.865
1785992064,161215332,1785992064,161215332,55.368,5,848,480,54.923,54.157,1.729,52.428,11.21,16.19,16.664,8.364,41.218,0.759,0.007,63.225,118.182
1785992064,227900635,1785992064,227900635,41.986,5,848,480,35.561,34.795,1.521,33.274,2.408,9.394,17.385,4.086,30.866,0.759,0.007,57.905,93.487
1785992064,261242920,1785992064,261242920,55.583,5,848,480,55.188,54.427,1.137,53.291,11.485,18.829,16.962,6.016,41.806,0.754,0.007,60.567,115.728
1785992064,294585205,1785992064,294585205,41.579,5,848,480,41.171,40.482,3.967,36.515,5.235,8.962,17.54,4.779,31.28,0.682,0.007,82.756,123.965
1785992064,361269287,1785992064,361269287,59.792,5,848,480,59.401,58.665,0.899,57.766,9.537,24.909,16.792,6.528,48.229,0.728,0.008,57.634,117.071
1785992064,427953125,1785992064,427953125,39.813,5,848,480,39.425,38.639,0.84,37.8,2.272,13.992,17.439,4.096,35.528,0.779,0.007,50.739,90.204
1785992064,461294678,1785992064,461294678,42.017,5,848,480,39.85,39.166,0.999,38.167,2.404,14.341,17.396,4.025,35.763,0.677,0.007,58.999,98.877
1785992064,494636230,1785992064,494636230,49.3,5,848,480,48.885,48.072,0.871,47.201,2.824,19.548,17.02,7.81,44.378,0.805,0.007,65.913,114.833
1785992064,527977539,1785992064,527977539,41.258,5,848,480,40.882,40.16,1.492,38.667,2.646,11.956,17.555,6.51,36.021,0.715,0.007,81.832,122.753
1785992064,594659912,1785992064,594659912,40.467,5,848,480,39.975,39.297,0.965,38.332,2.438,14.357,17.438,4.099,35.894,0.672,0.006,56.537,96.548
1785992064,628000732,1785992064,628000732,45.051,5,848,480,44.558,43.639,0.936,42.703,2.722,16.034,17.479,6.469,39.981,0.909,0.009,63.653,108.258
1785992064,661341797,1785992064,661341797,49.144,5,848,480,48.668,47.894,8.422,39.472,8.438,9.599,17.494,3.94,31.034,0.767,0.007,75.347,124.052
1785992064,728022949,1785992064,728022949,43.136,5,848,480,38.938,37.972,1.08,36.892,5.692,9.684,17.414,4.102,31.2,0.958,0.009,61.543,100.523
1785992064,761363525,1785992064,761363525,55.105,5,848,480,52.716,51.938,1.113,50.826,11.543,16.323,17.195,5.765,39.282,0.771,0.007,69.536,122.274
1785992064,828043945,1785992064,828043945,35.28,5,848,480,34.861,34.061,0.888,33.173,2.362,8.744,17.46,4.607,30.811,0.796,0.004,55.968,90.866
1785992064,894724121,1785992064,894724121,62.699,5,848,480,38.579,37.848,0.854,36.994,4.332,8.378,16.973,7.311,32.662,0.725,0.007,48.284,86.885
1785992064,928064209,1785992064,928064209,38.74,5,848,480,38.321,37.598,0.856,36.742,3.817,10.865,17.433,4.627,32.925,0.716,0.008,53.928,92.291
1785992064,961406982,1785992064,961406982,35.667,5,848,480,35.205,34.464,0.797,33.666,2.253,9.899,17.452,4.062,31.413,0.734,0.006,59.368,94.611
1785992064,994750000,1785992064,994750000,35.304,5,848,480,34.893,34.14,0.874,33.266,3.353,8.767,17.179,3.967,29.912,0.746,0.007,61.641,96.57
1785992065,28092529,1785992065,28092529,36.768,5,848,480,36.307,35.483,0.799,34.683,2.326,11.38,17.163,3.814,32.357,0.814,0.01,63.655,100.016
1785992065,61435059,1785992065,61435059,59.226,5,848,480,58.744,57.889,0.87,57.02,2.547,15.959,16.989,21.524,54.472,0.848,0.007,67.1,125.882
1785992065,128119873,1785992065,128119873,43.898,5,848,480,43.482,42.679,0.927,41.752,9.924,10.391,17.13,4.306,31.828,0.796,0.007,59.574,103.107
1785992065,161461914,1785992065,161461914,53.617,5,848,480,51.964,51.206,0.801,50.405,5.431,22.575,17.14,5.258,44.974,0.751,0.006,71.376,123.366
1785992065,228145996,1785992065,228145996,42.544,5,848,480,42.162,41.476,0.818,40.657,2.636,16.779,17.246,3.997,38.022,0.68,0.006,57.132,99.23
1785992065,261487549,1785992065,261487549,55.109,5,848,480,53.284,52.535,0.922,51.613,11.4,15.073,17.586,7.554,40.213,0.742,0.006,67.681,120.993
1785992065,328170654,1785992065,328170654,40.817,5,848,480,40.428,39.69,0.856,38.834,2.31,15.157,17.399,3.968,36.524,0.733,0.004,54.662,95.129
1785992065,394853271,1785992065,394853271,68.449,5,848,480,45.26,37.726,0.902,36.824,2.938,8.5,17.309,8.077,33.886,7.526,0.008,51.614,96.902
1785992065,428194336,1785992065,428194336,60.092,5,848,480,59.668,58.986,0.894,58.091,4.659,24.018,16.803,12.612,53.432,0.677,0.006,63.941,123.642
1785992065,494876221,1785992065,494876221,44.68,5,848,480,44.219,43.291,1.022,42.269,2.369,18.628,17.261,4.01,39.899,0.919,0.009,57.391,101.659
1785992065,528216797,1785992065,528216797,55.876,5,848,480,45.053,44.276,0.835,43.442,10.939,8.803,17.321,6.378,32.502,0.77,0.007,79.105,124.184
1785992065,594897705,1785992065,594897705,60.844,5,848,480,60.347,59.43,1.027,58.402,9.722,23.766,16.906,8.009,48.681,0.91,0.008,57.963,118.351
1785992065,628238037,1785992065,628238037,39.77,5,848,480,39.35,38.641,3.322,35.318,4.219,9.152,17.368,4.58,31.099,0.703,0.007,85.385,124.779
1785992065,694918213,1785992065,694918213,38.391,5,848,480,37.953,37.196,1.796,35.399,3.003,10.018,18.198,4.18,32.396,0.749,0.008,58.495,96.49
1785992065,728258057,1785992065,728258057,59.411,5,848,480,51.889,50.939,1.128,49.811,7.379,19.834,17.113,5.485,42.432,0.942,0.008,70.647,122.555
1785992065,794937256,1785992065,794937256,39.25,5,848,480,38.848,38.085,0.968,37.118,2.574,12.912,17.383,4.248,34.543,0.755,0.008,56.242,95.128
1785992065,828276855,1785992065,828276855,55.966,5,848,480,54.51,53.81,0.981,52.83,5.325,19.355,16.602,11.548,47.504,0.693,0.006,63.21,117.748
1785992065,894955322,1785992065,894955322,41.866,5,848,480,41.462,40.733,0.971,39.763,2.312,16.174,17.321,3.956,37.451,0.722,0.007,51.44,92.94
1785992065,928294678,1785992065,928294678,39.482,5,848,480,37.988,37.169,1.172,35.997,4.993,8.961,18.059,3.983,31.004,0.812,0.007,61.063,99.085
1785992065,961679932,1785992065,961679932,44.179,5,848,480,43.782,42.166,1.232,40.934,7.245,11.493,16.874,5.322,33.689,1.606,0.01,66.059,109.91
1785992065,995065918,1785992065,995065918,39.194,5,848,480,38.348,37.592,0.926,36.666,3.583,8.869,16.929,7.285,33.083,0.75,0.006,77.3,115.682
1785992066,61838867,1785992066,61838867,42.14,5,848,480,41.776,40.994,1.901,39.093,4.532,13.066,17.409,4.085,34.56,0.775,0.007,49.238,91.053
1785992066,95225830,1785992066,95225830,69.861,5,848,480,69.462,68.697,0.884,67.813,10.548,27.824,17.082,12.359,57.265,0.757,0.007,58.025,127.536
1785992066,162001465,1785992066,162001465,58.531,5,848,480,57.959,57.292,1.015,56.277,3.099,23.414,17.05,12.714,53.178,0.66,0.006,61.287,119.278
1785992066,228779053,1785992066,228779053,40.805,5,848,480,38.194,37.482,3.487,33.995,2.391,9.497,17.815,4.292,31.604,0.705,0.006,55.083,93.308
1785992066,262168457,1785992066,262168457,40.281,5,848,480,38.197,37.332,1.029,36.303,2.393,11.938,17.974,3.997,33.91,0.856,0.008,61.976,100.218
1785992066,295558105,1785992066,295558105,52.194,5,848,480,51.733,51.074,1.882,49.192,10.757,11.955,17.636,8.843,38.435,0.653,0.006,67.236,119.003
1785992066,362339111,1785992066,362339111,38.433,5,848,480,37.994,37.2,1.002,36.199,5.535,9.065,17.482,4.117,30.664,0.787,0.007,52.624,90.659
1785992066,395730469,1785992066,395730469,61.171,5,848,480,59.679,58.92,1.026,57.894,4.088,24.554,17.015,12.237,53.806,0.752,0.007,58.725,118.439
1785992066,462514160,1785992066,462514160,41.328,5,848,480,40.817,40.118,1.09,39.028,2.314,15.162,17.514,4.037,36.713,0.693,0.006,52.126,92.981
1785992066,495906494,1785992066,495906494,41.336,5,848,480,39.818,38.931,0.874,38.057,2.583,14.244,17.265,3.965,35.474,0.878,0.009,61.077,100.941
1785992066,529299561,1785992066,529299561,52.002,5,848,480,51.505,50.796,1.496,49.3,11.101,10.997,17.363,9.839,38.199,0.703,0.006,67.99,119.528
1785992066,596086914,1785992066,596086914,42.115,5,848,480,41.631,40.698,2.246,38.452,3.272,12.571,17.345,5.264,35.18,0.925,0.007,53.191,94.867
1785992066,629481201,1785992066,629481201,60.731,5,848,480,58.764,57.922,1.725,56.197,6.076,20.704,16.943,12.474,50.121,0.834,0.008,63.412,122.208
1785992066,696270996,1785992066,696270996,42.771,5,848,480,42.336,41.584,0.894,40.689,2.464,15.841,18.242,4.142,38.225,0.745,0.007,55.805,98.259
1785992066,796459229,1785992066,796459229,84.27,5,848,480,35.509,34.564,2.559,32.005,2.421,8.563,16.915,4.106,29.584,0.933,0.011,46.811,82.28
1785992066,863253662,1785992066,863253662,67.752,5,848,480,36.279,35.533,2.548,32.985,2.905,8.539,16.903,4.639,30.08,0.738,0.008,46.918,83.242
1785992066,896651611,1785992066,896651611,67.011,5,848,480,66.158,65.408,2.714,62.695,4.948,27.458,16.614,13.675,57.747,0.743,0.007,50.643,116.831
1785992066,963405518,1785992066,963405518,36.491,5,848,480,36.097,35.417,1.83,33.587,3.942,8.356,17.166,4.124,29.645,0.674,0.006,50.433,86.566
1785992066,996830566,1785992066,996830566,45.189,5,848,480,43.569,42.887,0.986,41.901,4.267,14.755,18.83,4.048,37.633,0.676,0.006,54.734,98.332
1785992067,30256104,1785992067,30256104,36.609,5,848,480,36.095,35.112,0.844,34.268,3.335,9.734,17.113,4.086,30.933,0.974,0.009,65.387,101.541
1785992067,63682129,1785992067,63682129,48.799,5,848,480,45.346,44.279,2.236,42.043,8.309,10.592,17.619,5.523,33.734,1.057,0.01,71.542,116.915
1785992067,97108398,1785992067,97108398,45.721,5,848,480,42.215,41.471,6.412,35.059,2.771,9.802,17.555,4.93,32.287,0.738,0.007,86.936,129.197
1785992067,163962158,1785992067,163962158,54.936,5,848,480,54.525,53.765,0.871,52.893,15.193,15.149,16.816,5.736,37.7,0.754,0.007,62.703,117.267
1785992067,230817627,1785992067,230817627,50.872,5,848,480,50.469,49.447,0.895,48.553,6.978,20.39,16.966,4.218,41.575,1.012,0.01,50.779,101.362
1785992067,264246094,1785992067,264246094,46.575,5,848,480,43.704,42.938,1.373,41.566,9.803,9.181,17.229,5.352,31.762,0.758,0.008,70.711,114.429
1785992067,297674805,1785992067,297674805,48.151,5,848,480,47.588,46.82,3.415,43.406,2.452,12.872,23.998,4.083,40.953,0.762,0.006,81.526,129.152
1785992067,364533447,1785992067,364533447,54.544,5,848,480,53.007,50.692,6.666,44.026,5.482,16.503,16.755,5.286,38.544,2.306,0.009,63.802,116.851
1785992067,431394043,1785992067,431394043,41.36,5,848,480,40.808,40.062,4.788,35.274,3.116,10.588,17.488,4.082,32.158,0.738,0.008,50.491,91.337
1785992067,464824951,1785992067,464824951,61.44,5,848,480,59.93,59.283,1.544,57.739,13.254,20.086,18.87,5.528,44.485,0.641,0.006,59.386,119.34
1785992067,531687744,1785992067,531687744,64.925,5,848,480,64.534,63.872,2.114,61.758,8.985,19.465,20.835,12.473,52.773,0.655,0.007,52.834,117.407
1785992067,598552246,1785992067,598552246,36.384,5,848,480,35.972,35.093,1.037,34.056,2.469,8.91,17.39,5.287,31.587,0.872,0.007,50.917,86.93
1785992067,631985107,1785992067,631985107,61.05,5,848,480,58.737,57.857,1.097,56.76,7.88,23.401,16.972,8.507,48.88,0.872,0.008,55.782,114.555
1785992067,698852295,1785992067,698852295,36.81,5,848,480,36.377,35.643,0.823,34.82,2.355,8.802,17.249,6.414,32.465,0.728,0.007,48.071,84.497
1785992067,732286377,1785992067,732286377,38.729,5,848,480,37.115,36.386,0.995,35.391,3.731,10.188,17.377,4.096,31.66,0.723,0.006,52.636,89.783
1785992067,765720947,1785992067,765720947,48.414,5,848,480,47.913,46.159,0.929,45.23,6.0,14.323,20.209,4.698,39.23,1.738,0.016,56.82,104.805
1785992067,799155762,1785992067,799155762,49.67,5,848,480,46.921,46.276,6.949,39.327,5.864,8.857,17.48,7.127,33.463,0.639,0.006,74.067,120.991
1785992067,866027100,1785992067,866027100,48.811,5,848,480,41.112,40.368,5.873,34.495,4.176,9.217,16.556,4.546,30.319,0.737,0.006,61.8,102.984
1785992067,932899902,1785992067,932899902,60.233,5,848,480,45.947,45.247,1.082,44.166,4.419,16.535,19.188,4.023,39.747,0.693,0.007,50.38,96.295
1785992067,999753418,1785992067,999753418,53.492,5,848,480,37.184,36.409,2.188,34.221,2.354,8.367,17.685,5.815,31.867,0.769,0.007,45.725,82.933
1785992068,33172119,1785992068,33172119,43.387,5,848,480,42.999,42.322,1.139,41.183,4.809,14.92,17.433,4.02,36.373,0.671,0.006,49.864,92.915
1785992068,66591064,1785992068,66591064,60.969,5,848,480,60.423,59.687,1.024,58.663,5.205,13.246,30.754,9.458,53.458,0.73,0.006,59.993,120.452
1785992068,133430420,1785992068,133430420,53.63,5,848,480,53.164,52.088,1.022,51.066,5.24,22.083,17.246,6.497,45.826,1.064,0.012,54.047,107.277
1785992068,166850342,1785992068,166850342,52.572,5,848,480,35.945,35.231,2.456,32.775,2.334,9.016,17.349,4.075,30.441,0.707,0.007,90.427,126.454
1785992068,233691650,1785992068,233691650,55.142,5,848,480,54.609,53.61,0.889,52.721,8.242,22.235,16.745,5.499,44.479,0.99,0.008,60.051,114.708
1785992068,267112793,1785992068,267112793,40.775,5,848,480,40.253,39.526,0.876,38.65,5.365,9.465,18.983,4.836,33.285,0.674,0.053,81.808,122.141
1785992068,333956299,1785992068,333956299,37.457,5,848,480,36.982,36.246,0.837,35.409,2.286,11.347,17.449,4.327,33.124,0.729,0.007,55.643,92.665
1785992068,367378418,1785992068,367378418,35.562,5,848,480,35.168,34.433,0.754,33.679,2.39,9.784,17.423,4.083,31.289,0.728,0.007,59.597,94.815
1785992068,400801025,1785992068,400801025,50.866,5,848,480,50.422,49.63,0.965,48.665,8.997,14.58,17.548,7.54,39.668,0.784,0.008,61.789,112.257
1785992068,467647217,1785992068,467647217,40.251,5,848,480,39.46,38.773,3.706,35.067,3.478,8.956,17.157,5.476,31.589,0.681,0.006,46.161,85.652
1785992068,501070801,1785992068,501070801,47.09,5,848,480,45.494,44.631,0.968,43.663,3.979,18.448,16.861,4.374,39.684,0.858,0.005,53.792,99.326
1785992068,567919189,1785992068,567919189,52.374,5,848,480,37.483,36.574,0.965,35.609,3.649,9.118,17.211,5.632,31.961,0.901,0.008,47.339,84.851
1785992068,601343994,1785992068,601343994,71.279,5,848,480,70.833,69.925,0.78,69.145,3.904,22.66,25.206,17.375,65.241,0.899,0.01,51.83,122.72
1785992068,634769043,1785992068,634769043,63.228,5,848,480,62.717,61.917,3.918,57.999,11.356,11.607,18.053,16.983,46.643,0.791,0.009,89.751,152.544
1785992068,701620117,1785992068,701620117,65.734,5,848,480,65.179,64.408,4.218,60.19,15.821,18.653,17.916,7.8,44.369,0.764,0.006,86.171,151.385
1785992068,801899414,1785992068,801899414,52.431,5,848,480,51.947,51.151,1.041,50.111,3.441,24.471,16.864,5.335,46.67,0.788,0.007,51.551,103.548
1785992068,835326416,1785992068,835326416,46.238,5,848,480,44.026,43.219,1.079,42.139,7.268,9.765,17.299,7.808,34.871,0.8,0.007,72.313,116.35
1785992068,902181885,1785992068,902181885,40.328,5,848,480,36.141,35.335,1.052,34.283,3.493,9.218,17.395,4.177,30.79,0.799,0.007,53.654,89.82
1785992068,935610107,1785992068,935610107,41.282,5,848,480,39.81,38.709,1.083,37.627,3.76,12.227,17.505,4.134,33.866,1.092,0.009,57.834,97.734
1785992068,969037109,1785992068,969037109,47.065,5,848,480,46.322,45.595,1.24,44.355,8.016,10.071,17.387,8.881,36.339,0.72,0.007,64.954,111.312
1785992069,35703857,1785992069,35703857,38.913,5,848,480,38.517,37.747,2.162,35.585,2.649,10.325,17.402,5.208,32.936,0.763,0.007,45.002,83.556
1785992069,69036865,1785992069,69036865,49.385,5,848,480,47.779,46.85,1.132,45.717,5.52,18.458,16.87,4.87,40.197,0.922,0.008,51.801,99.618
1785992069,102369629,1785992069,102369629,56.198,5,848,480,55.691,54.848,0.933,53.915,7.297,22.331,17.215,7.072,46.619,0.835,0.008,66.749,122.476
1785992069,169034668,1785992069,169034668,36.932,5,848,480,36.523,35.822,0.913,34.91,3.74,9.647,17.453,4.07,31.169,0.696,0.004,56.178,92.739
1785992069,235698730,1785992069,235698730,59.076,5,848,480,36.328,35.594,2.182,33.412,2.603,9.18,17.449,4.18,30.808,0.725,0.008,48.802,85.154
1785992069,269030518,1785992069,269030518,38.822,5,848,480,38.414,37.723,0.927,36.796,5.124,10.121,17.469,4.081,31.672,0.685,0.006,52.191,90.644
1785992069,302362061,1785992069,302362061,55.2,5,848,480,54.8,53.935,0.954,52.981,8.761,19.716,17.209,7.295,44.22,0.858,0.007,57.674,112.516
1785992069,369024414,1785992069,369024414,42.062,5,848,480,41.51,40.74,0.878,39.862,5.166,13.367,17.251,4.078,34.696,0.764,0.007,46.364,87.913
1785992069,402355225,1785992069,402355225,44.042,5,848,480,42.428,41.512,1.059,40.454,4.317,14.735,17.173,4.228,36.137,0.908,0.007,56.166,98.63
1785992069,435686035,1785992069,435686035,49.654,5,848,480,49.074,48.366,1.147,47.219,6.475,16.493,17.131,7.119,40.743,0.701,0.006,65.837,114.946
1785992069,502346680,1785992069,502346680,42.116,5,848,480,41.73,40.932,0.961,39.971,5.038,13.326,17.484,4.123,34.933,0.79,0.008,48.636,90.412
1785992069,535676758,1785992069,535676758,37.689,5,848,480,35.894,35.206,0.921,34.285,2.715,10.167,17.299,4.104,31.57,0.68,0.008,58.839,94.764
1785992069,569006592,1785992069,569006592,53.456,5,848,480,52.921,52.2,1.19,51.011,6.676,17.868,18.266,8.2,44.334,0.712,0.008,61.934,114.899
1785992069,635665527,1785992069,635665527,42.445,5,848,480,41.316,40.552,0.904,39.649,3.86,8.784,17.781,9.225,35.789,0.756,0.007,49.331,90.676
1785992069,668994873,1785992069,668994873,38.632,5,848,480,36.933,35.982,0.893,35.089,2.752,9.107,17.62,5.61,32.337,0.942,0.009,59.017,95.992
1785992069,702323730,1785992069,702323730,55.348,5,848,480,54.778,54.049,6.938,47.111,2.826,17.397,21.288,5.6,44.285,0.722,0.007,63.185,118.038
1785992069,768981201,1785992069,768981201,37.951,5,848,480,37.515,36.834,0.906,35.928,5.245,9.037,17.464,4.182,30.683,0.674,0.007,51.736,89.29
1785992069,802309570,1785992069,802309570,45.197,5,848,480,43.72,42.851,0.96,41.891,4.886,15.179,16.944,4.882,37.005,0.861,0.008,57.409,101.165
1785992069,835637695,1785992069,835637695,46.164,5,848,480,45.681,44.982,0.987,43.996,4.011,16.996,17.05,5.938,39.984,0.692,0.007,68.275,113.998
1785992069,902293213,1785992069,902293213,36.885,5,848,480,36.473,35.789,1.002,34.787,3.492,9.463,17.5,4.332,31.295,0.678,0.006,47.711,84.222
1785992069,935620850,1785992069,935620850,49.131,5,848,480,43.689,42.675,0.977,41.698,3.846,16.548,16.911,4.393,37.852,1.004,0.011,56.32,100.06
1785992069,968948975,1785992069,968948975,51.282,5,848,480,50.53,49.817,4.124,45.692,13.379,9.497,17.298,5.518,32.313,0.707,0.006,67.422,117.98
1785992070,35617432,1785992070,35617432,35.633,5,848,480,35.136,34.297,0.82,33.476,2.348,9.205,17.654,4.269,31.128,0.832,0.007,51.774,86.947
1785992070,68951416,1785992070,68951416,36.544,5,848,480,35.189,34.493,1.103,33.389,2.57,9.355,17.286,4.178,30.819,0.676,0.02,54.947,90.171
1785992070,102285156,1785992070,102285156,56.199,5,848,480,55.654,54.846,0.844,54.002,10.88,18.883,18.257,5.982,43.121,0.801,0.008,57.329,113.029
1785992070,135618652,1785992070,135618652,43.862,5,848,480,43.441,42.765,1.42,41.345,8.078,8.737,17.447,7.084,33.267,0.669,0.006,80.072,123.546
1785992070,202285156,1785992070,202285156,45.881,5,848,480,45.343,44.611,2.015,42.596,2.72,17.613,17.133,5.13,39.876,0.724,0.008,57.385,102.779
1785992070,235617920,1785992070,235617920,56.048,5,848,480,49.42,48.601,13.197,35.405,3.663,9.36,17.331,5.05,31.741,0.811,0.008,76.036,125.487
1785992070,302283203,1785992070,302283203,42.886,5,848,480,42.464,41.664,1.027,40.637,2.618,16.62,16.832,4.567,38.019,0.791,0.009,59.2,101.71
1785992070,335615479,1785992070,335615479,48.594,5,848,480,40.889,40.193,3.821,36.373,2.507,10.415,17.129,6.323,33.866,0.689,0.007,76.053,116.962
1785992070,402279541,1785992070,402279541,37.919,5,848,480,37.527,36.786,0.906,35.88,5.523,9.031,17.283,4.043,30.357,0.737,0.004,50.649,88.217
1785992070,468942627,1785992070,468942627,60.123,5,848,480,38.904,38.168,1.411,36.757,2.31,8.508,21.341,4.598,34.447,0.729,0.007,42.753,81.676
1785992070,502273926,1785992070,502273926,36.717,5,848,480,36.332,35.647,2.746,32.901,2.224,8.775,17.269,4.633,30.678,0.678,0.007,48.692,85.114
1785992070,535604980,1785992070,535604980,52.075,5,848,480,51.645,50.745,4.064,46.681,3.825,21.251,16.592,5.013,42.856,0.889,0.011,52.126,103.833
1785992070,568936035,1785992070,568936035,54.752,5,848,480,54.26,53.467,1.104,52.362,2.793,15.612,17.587,16.37,49.569,0.785,0.008,70.938,125.254
1785992070,635597168,1785992070,635597168,37.753,5,848,480,37.297,36.43,2.686,33.744,2.489,9.181,17.61,4.464,31.255,0.859,0.008,58.984,96.323
1785992070,668927246,1785992070,668927246,38.495,5,848,480,36.791,35.598,1.272,34.326,2.684,9.628,17.6,4.414,31.642,1.184,0.009,64.668,101.492
1785992070,702257324,1785992070,702257324,47.603,5,848,480,47.006,46.284,1.086,45.199,2.424,16.416,19.553,6.806,42.775,0.715,0.006,68.712,115.755
1785992070,735587158,1785992070,735587158,44.449,5,848,480,44.046,43.172,0.896,42.276,2.356,10.822,23.902,5.195,39.92,0.867,0.007,82.792,126.882
1785992070,802246338,1785992070,802246338,40.456,5,848,480,40.052,39.14,0.879,38.261,2.425,9.023,22.511,4.302,35.837,0.904,0.007,60.583,100.681
1785992070,835575439,1785992070,835575439,45.485,5,848,480,44.957,44.111,1.301,42.81,5.307,14.818,17.362,5.323,37.503,0.837,0.008,67.836,112.845
1785992070,902233398,1785992070,902233398,37.406,5,848,480,36.906,36.026,1.025,35.001,2.61,8.807,17.798,5.785,32.391,0.871,0.009,46.64,83.593
1785992070,935562012,1785992070,935562012,48.975,5,848,480,47.368,46.319,1.031,45.288,12.77,11.288,17.066,4.164,32.518,1.041,0.008,51.896,99.536
1785992070,968891357,1785992070,968891357,52.242,5,848,480,43.363,42.623,2.788,39.835,2.394,14.665,17.257,5.519,37.44,0.734,0.006,74.749,118.133
1785992071,35716797,1785992071,35716797,37.668,5,848,480,37.256,36.56,1.023,35.537,2.277,11.377,17.375,4.508,33.26,0.689,0.007,51.683,89.122
1785992071,69129883,1785992071,69129883,36.829,5,848,480,35.264,34.47,1.096,33.373,2.516,9.157,17.53,4.171,30.857,0.787,0.007,57.099,92.394
1785992071,102543213,1785992071,102543213,56.255,5,848,480,55.862,55.084,1.341,53.744,5.903,23.547,17.002,7.291,47.841,0.77,0.008,59.337,115.242
1785992071,169371094,1785992071,169371094,59.063,5,848,480,58.177,57.346,5.808,51.538,3.257,25.202,17.753,5.326,48.281,0.823,0.008,49.266,107.475
1785992071,202785400,1785992071,202785400,37.36,5,848,480,35.833,35.08,0.95,34.13,2.582,8.824,17.405,5.319,31.548,0.746,0.007,75.553,111.432
1785992071,236200195,1785992071,236200195,38.024,5,848,480,37.541,36.779,0.912,35.867,3.815,10.294,17.322,4.435,32.051,0.755,0.007,78.448,116.047
1785992071,303030273,1785992071,303030273,43.518,5,848,480,43.042,42.257,1.135,41.122,3.968,15.95,17.329,3.875,37.153,0.778,0.007,49.637,92.716
1785992071,336445801,1785992071,336445801,56.202,5,848,480,54.588,53.688,1.011,52.677,10.147,19.625,17.109,5.797,42.53,0.89,0.009,60.894,115.514
1785992071,369861572,1785992071,369861572,37.546,5,848,480,37.009,36.318,0.872,35.447,5.092,8.804,17.418,4.132,30.355,0.685,0.006,82.588,119.63
1785992071,436694092,1785992071,436694092,40.85,5,848,480,39.314,38.635,0.881,37.753,4.319,11.915,17.367,4.152,33.434,0.673,0.006,54.303,93.726
1785992071,470110840,1785992071,470110840,53.273,5,848,480,52.8,51.977,0.904,51.073,8.094,11.379,16.99,14.61,42.979,0.814,0.009,60.667,113.526
1785992071,536945313,1785992071,536945313,49.811,5,848,480,49.205,48.424,1.174,47.25,2.952,23.699,16.671,3.927,44.298,0.773,0.009,47.241,96.494
1785992071,570362793,1785992071,570362793,58.731,5,848,480,56.679,55.918,3.981,51.937,2.779,17.106,24.013,8.038,49.158,0.754,0.008,65.098,121.81
1785992071,637198975,1785992071,637198975,44.74,5,848,480,44.067,43.143,0.858,42.286,2.555,12.955,22.373,4.402,39.73,0.912,0.011,55.602,99.727
1785992071,670617432,1785992071,670617432,55.426,5,848,480,51.429,50.626,17.453,33.174,2.85,8.764,17.374,4.185,30.324,0.793,0.009,70.273,121.733
1785992071,737455322,1785992071,737455322,41.9,5,848,480,41.444,40.649,0.809,39.84,2.58,15.937,17.26,4.064,37.261,0.785,0.01,55.29,96.777
1785992071,770874756,1785992071,770874756,55.015,5,848,480,47.245,46.51,9.761,36.75,2.806,8.495,20.581,4.867,33.944,0.727,0.007,71.113,118.363
1785992071,837714355,1785992071,837714355,36.441,5,848,480,35.187,34.452,0.769,33.683,2.327,9.749,17.455,4.152,31.356,0.728,0.007,52.743,87.965
1785992071,871134521,1785992071,871134521,36.69,5,848,480,35.312,34.632,0.808,33.824,2.229,9.627,17.87,4.098,31.595,0.673,0.007,55.891,91.237
1785992071,904555176,1785992071,904555176,36.204,5,848,480,35.738,34.983,0.918,34.064,3.367,9.3,17.359,4.038,30.697,0.749,0.006,58.242,94.019
1785992071,937976074,1785992071,937976074,39.385,5,848,480,38.99,37.967,0.86,37.106,4.349,10.409,17.643,4.705,32.758,1.015,0.008,61.014,100.005
1785992072,4721924,1785992072,4721924,67.593,5,848,480,50.031,49.114,1.493,47.622,7.121,19.643,16.854,4.004,40.501,0.908,0.009,50.779,100.848
1785992072,38047852,1785992072,38047852,52.193,5,848,480,49.658,48.966,14.395,34.571,4.018,8.627,17.48,4.447,30.553,0.685,0.007,70.139,119.698
1785992072,104698975,1785992072,104698975,37.955,5,848,480,37.555,36.863,0.889,35.973,3.5,10.019,17.533,4.921,32.473,0.686,0.007,53.408,91.002
1785992072,138024170,1785992072,138024170,49.459,5,848,480,47.993,47.272,1.007,46.266,6.052,17.034,17.147,6.033,40.213,0.713,0.008,59.112,107.148
1785992072,171348877,1785992072,171348877,48.327,5,848,480,47.719,47.012,1.314,45.697,2.618,20.795,18.183,4.101,43.079,0.701,0.006,74.386,122.137
1785992072,237997803,1785992072,237997803,49.815,5,848,480,49.42,47.37,1.133,46.237,5.888,17.525,16.954,5.869,40.348,2.042,0.009,55.847,105.413
1785992072,271321777,1785992072,271321777,43.35,5,848,480,42.746,41.943,0.955,40.989,2.342,9.063,18.042,11.541,38.646,0.796,0.007,72.55,115.329
1785992072,337968994,1785992072,337968994,38.829,5,848,480,38.411,37.728,4.687,33.041,2.319,9.218,17.366,4.138,30.722,0.676,0.006,49.061,87.508
1785992072,371292236,1785992072,371292236,43.765,5,848,480,42.238,41.041,1.08,39.96,2.525,15.825,17.43,4.181,37.435,1.189,0.009,55.685,97.967
1785992072,404615234,1785992072,404615234,50.09,5,848,480,47.249,46.487,2.372,44.115,10.696,8.834,16.71,7.874,33.419,0.756,0.006,67.48,114.718
1785992072,471260010,1785992072,471260010,39.04,5,848,480,38.667,37.918,4.67,33.248,2.49,9.13,17.546,4.082,30.758,0.743,0.007,48.409,87.115
1785992072,504582275,1785992072,504582275,37.977,5,848,480,36.449,35.697,0.841,34.855,2.394,10.549,17.836,4.077,32.461,0.746,0.007,55.29,91.824
1785992072,537904053,1785992072,537904053,45.727,5,848,480,45.276,44.217,0.826,43.39,7.072,9.044,17.574,9.7,36.318,1.051,0.008,58.862,104.208
1785992072,571225586,1785992072,571225586,46.828,5,848,480,46.312,45.294,4.118,41.175,5.24,12.248,17.24,6.447,35.936,1.01,0.009,71.338,117.694
1785992072,637867676,1785992072,637867676,42.98,5,848,480,42.459,41.472,5.315,36.157,3.693,9.452,17.551,5.461,32.464,0.98,0.007,51.525,94.021
1785992072,671188477,1785992072,671188477,64.357,5,848,480,57.227,56.552,3.493,53.059,18.328,8.629,17.743,8.359,34.731,0.669,0.006,67.816,125.056
1785992072,737828857,1785992072,737828857,38.99,5,848,480,38.323,37.429,0.956,36.474,2.488,11.909,17.656,4.42,33.985,0.886,0.008,59.046,97.539
1785992072,771148926,1785992072,771148926,50.773,5,848,480,48.765,47.983,1.633,46.349,9.085,11.038,17.593,8.632,37.264,0.776,0.006,66.064,114.855
1785992072,837787842,1785992072,837787842,39.545,5,848,480,39.154,38.409,1.985,36.424,4.462,10.692,17.282,3.988,31.962,0.739,0.007,48.572,87.765
1785992072,871106689,1785992072,871106689,39.626,5,848,480,38.172,37.369,1.407,35.962,2.795,10.111,17.365,5.691,33.167,0.795,0.007,55.868,94.091
1785992072,904425537,1785992072,904425537,52.243,5,848,480,51.827,50.959,0.993,49.966,6.81,19.853,17.024,6.28,43.156,0.861,0.008,61.132,112.998
1785992072,971063232,1785992072,971063232,38.881,5,848,480,38.339,37.504,0.887,36.617,5.364,8.885,17.518,4.851,31.253,0.827,0.008,46.866,85.245
1785992073,4431885,1785992073,4431885,60.177,5,848,480,52.413,51.56,2.117,49.443,6.822,17.422,17.024,8.175,42.621,0.844,0.009,59.612,112.064
1785992073,71170166,1785992073,71170166,45.16,5,848,480,44.619,43.87,1.048,42.822,3.873,15.101,19.184,4.664,38.949,0.743,0.006,45.814,90.471
1785992073,104539795,1785992073,104539795,54.136,5,848,480,52.155,51.386,0.964,50.422,9.051,16.896,17.387,7.088,41.37,0.761,0.007,59.064,111.246
1785992073,171279785,1785992073,171279785,42.325,5,848,480,41.835,41.139,4.288,36.852,4.726,10.475,17.356,4.294,32.126,0.689,0.006,44.954,86.82
1785992073,204650391,1785992073,204650391,45.924,5,848,480,44.48,43.662,0.942,42.719,4.672,16.099,16.993,4.955,38.047,0.758,0.06,54.917,99.433
1785992073,238020996,1785992073,238020996,49.925,5,848,480,49.382,48.732,0.985,47.747,9.732,14.977,16.89,6.149,38.016,0.644,0.006,66.508,115.983
1785992073,304763428,1785992073,304763428,42.806,5,848,480,42.316,41.598,0.884,40.715,2.471,16.019,18.249,3.976,38.243,0.712,0.007,49.637,91.993
1785992073,338135010,1785992073,338135010,37.212,5,848,480,35.66,34.724,1.03,33.694,2.327,10.131,17.364,3.872,31.367,0.927,0.009,60.144,95.851
1785992073,371506836,1785992073,371506836,49.988,5,848,480,49.145,48.346,3.463,44.882,5.649,11.946,16.711,10.576,39.233,0.793,0.007,63.272,112.444
1785992073,438251465,1785992073,438251465,37.363,5,848,480,36.867,36.092,2.04,34.052,4.155,8.442,17.162,4.293,29.897,0.769,0.007,46.163,83.07
1785992073,471624268,1785992073,471624268,39.411,5,848,480,38.971,38.202,1.926,36.275,3.993,10.741,17.43,4.111,32.282,0.762,0.006,50.096,89.105
1785992073,504997070,1785992073,504997070,46.569,5,848,480,46.132,44.661,2.094,42.567,3.096,17.759,16.741,4.971,39.471,1.459,0.012,56.136,102.342
1785992073,538370605,1785992073,538370605,45.053,5,848,480,43.622,42.948,1.8,41.148,7.606,8.83,17.031,7.681,33.542,0.667,0.007,70.595,113.995
1785992073,605117920,1785992073,605117920,36.513,5,848,480,36.068,35.377,0.865,34.512,2.37,9.171,18.763,4.208,32.143,0.684,0.007,47.64,83.747
1785992073,638492188,1785992073,638492188,41.234,5,848,480,40.839,40.121,1.003,39.117,2.424,14.729,17.596,4.37,36.694,0.711,0.007,50.729,91.609
1785992073,671866699,1785992073,671866699,52.585,5,848,480,51.897,51.008,0.905,50.103,2.957,19.568,17.039,10.539,47.146,0.881,0.008,58.887,110.828
1785992073,738616455,1785992073,738616455,45.503,5,848,480,45.086,44.34,4.223,40.117,2.723,14.867,17.852,4.675,37.394,0.739,0.007,44.472,89.578
1785992073,771991943,1785992073,771991943,45.07,5,848,480,48.88,43.699,0.965,42.734,2.836,18.378,16.761,4.759,39.898,0.949,4.233,56.573,105.547
1785992073,805367432,1785992073,805367432,44.803,5,848,480,39.364,38.568,0.908,37.66,2.719,8.531,16.84,9.57,34.941,0.789,0.007,73.3,112.835
1785992073,872119629,1785992073,872119629,38.292,5,848,480,37.72,36.915,0.94,35.975,2.584,11.466,17.291,4.634,33.391,0.799,0.006,46.474,84.234
1785992073,905496094,1785992073,905496094,49.996,5,848,480,49.569,48.439,0.881,47.558,5.721,20.837,16.758,4.242,41.837,1.12,0.01,51.248,100.915
1785992073,938873047,1785992073,938873047,46.224,5,848,480,45.561,44.827,1.207,43.62,7.17,14.723,16.974,4.752,36.449,0.728,0.006,68.103,113.698
1785992073,972249756,1785992073,972249756,36.609,5,848,480,36.216,35.532,1.088,34.444,2.928,9.86,17.312,4.345,31.516,0.678,0.006,80.676,116.931
1785992074,38919434,1785992074,38919434,54.215,5,848,480,49.958,48.352,2.465,45.888,4.024,19.173,17.687,5.004,41.864,1.595,0.011,54.498,104.515
1785992074,72253906,1785992074,72253906,45.994,5,848,480,45.418,44.738,1.849,42.889,2.588,9.759,16.99,13.552,40.301,0.673,0.006,71.686,117.133
1785992074,138922363,1785992074,138922363,37.174,5,848,480,36.712,35.976,1.032,34.944,2.525,9.228,17.336,5.855,32.419,0.73,0.007,50.892,87.645
1785992074,172256104,1785992074,172256104,37.688,5,848,480,35.987,35.312,1.018,34.294,2.489,9.86,17.446,4.499,31.805,0.668,0.006,55.982,92.059
1785992074,205589844,1785992074,205589844,43.216,5,848,480,42.678,41.557,1.006,40.551,5.923,11.156,18.178,5.294,34.628,1.113,0.009,59.163,101.949
1785992074,238923340,1785992074,238923340,48.72,5,848,480,48.105,47.426,1.224,46.202,8.481,14.947,17.259,5.516,37.721,0.672,0.006,69.154,117.263
1785992074,305589844,1785992074,305589844,35.269,5,848,480,34.808,34.111,0.914,33.197,2.249,9.501,17.577,3.87,30.948,0.69,0.007,51.021,85.867
1785992074,338922607,1785992074,338922607,37.199,5,848,480,35.629,34.855,1.074,33.78,3.577,9.133,17.072,3.998,30.204,0.77,0.004,54.071,89.732
1785992074,405587891,1785992074,405587891,58.862,5,848,480,37.518,36.7,0.908,35.792,2.367,8.672,16.885,7.869,33.425,0.812,0.006,44.385,81.932
1785992074,438920166,1785992074,438920166,35.51,5,848,480,35.107,34.39,0.934,33.456,2.617,9.075,17.368,4.398,30.84,0.71,0.007,48.962,84.108
1785992074,472252197,1785992074,472252197,35.336,5,848,480,34.92,34.167,0.891,33.276,2.819,8.807,17.403,4.248,30.457,0.746,0.007,51.153,86.112
1785992074,505584229,1785992074,505584229,45.707,5,848,480,45.302,44.529,0.912,43.617,2.503,20.334,16.808,3.973,41.114,0.765,0.008,53.146,98.498
1785992074,538915771,1785992074,538915771,55.159,5,848,480,54.578,53.842,0.876,52.966,2.955,22.758,19.102,8.151,50.011,0.729,0.007,65.7,120.317
1785992074,605578613,1785992074,605578613,46.587,5,848,480,46.143,45.15,0.824,44.326,2.614,20.416,16.794,4.501,41.712,0.982,0.01,54.061,100.385
1785992074,638909912,1785992074,638909912,55.592,5,848,480,53.324,52.425,1.947,50.478,14.425,10.27,19.777,6.006,36.053,0.892,0.008,69.165,122.505
1785992074,705571533,1785992074,705571533,42.689,5,848,480,42.278,41.178,6.141,35.037,2.856,9.95,17.746,4.484,32.181,1.091,0.009,56.212,100.819
1785992074,738901855,1785992074,738901855,59.805,5,848,480,52.023,51.348,8.69,42.658,2.541,18.554,17.474,4.089,40.117,0.668,0.006,72.965,125.001
1785992074,805562256,1785992074,805562256,36.333,5,848,480,35.916,35.107,0.96,34.147,2.294,10.658,17.31,3.885,31.853,0.802,0.006,58.72,94.676
1785992074,838892334,1785992074,838892334,40.818,5,848,480,39.173,38.083,1.713,36.37,3.645,10.699,17.241,4.784,32.724,1.081,0.009,62.973,102.708
1785992074,872221924,1785992074,872221924,49.457,5,848,480,48.148,47.316,1.448,45.867,3.537,19.552,17.481,5.298,42.33,0.825,0.007,70.119,118.29
1785992074,938880859,1785992074,938880859,39.85,5,848,480,39.448,38.662,0.847,37.814,2.421,13.886,17.432,4.076,35.393,0.78,0.007,51.993,91.48
1785992074,972210693,1785992074,972210693,40.598,5,848,480,38.83,37.727,0.824,36.902,4.717,10.318,17.587,4.279,32.185,1.096,0.008,59.892,98.756
1785992075,5545166,1785992075,5545166,51.716,5,848,480,51.19,50.498,1.117,49.381,17.049,8.588,17.375,6.369,32.332,0.685,0.006,65.953,117.125
1785992075,72213623,1785992075,72213623,39.308,5,848,480,34.892,34.136,1.128,33.008,2.48,8.902,17.312,4.314,30.528,0.749,0.006,54.877,89.771
1785992075,105547363,1785992075,105547363,61.749,5,848,480,60.15,59.428,2.032,57.396,14.452,20.338,17.259,5.347,42.944,0.715,0.006,58.011,118.385
1785992075,172214355,1785992075,172214355,46.228,5,848,480,45.57,44.696,0.923,43.773,3.477,19.146,17.141,4.01,40.296,0.866,0.008,52.14,97.758
1785992075,205547607,1785992075,205547607,56.468,5,848,480,52.59,51.78,13.157,38.623,8.581,8.456,17.532,4.054,30.042,0.803,0.007,68.339,120.881
1785992075,272213623,1785992075,272213623,42.42,5,848,480,42.025,41.196,0.899,40.297,2.746,16.048,17.318,4.185,37.551,0.821,0.008,54.574,96.645
1785992075,305546143,1785992075,305546143,40.255,5,848,480,38.585,37.598,1.262,36.336,3.861,9.931,17.438,5.107,32.475,0.978,0.009,64.947,103.573
1785992075,338878418,1785992075,338878418,45.52,5,848,480,42.372,41.638,1.888,39.75,3.636,9.731,17.406,8.977,36.114,0.728,0.007,73.355,115.745
1785992075,405542725,1785992075,405542725,40.013,5,848,480,39.629,38.908,5.502,33.406,2.34,9.298,17.445,4.323,31.066,0.715,0.006,49.425,89.095
1785992075,438874512,1785992075,438874512,43.773,5,848,480,40.028,38.789,0.945,37.844,2.54,13.989,17.231,4.085,35.304,1.23,0.01,59.485,99.555
1785992075,472206055,1785992075,472206055,50.715,5,848,480,45.827,45.149,8.523,36.626,5.277,8.234,17.214,5.901,31.35,0.671,0.007,71.631,116.919
1785992075,538868652,1785992075,538868652,34.815,5,848,480,34.345,33.578,0.79,32.788,2.34,8.894,17.194,4.36,30.448,0.76,0.007,50.687,85.07
1785992075,572199707,1785992075,572199707,36.369,5,848,480,34.8,34.013,0.891,33.122,2.411,8.986,17.606,4.119,30.711,0.78,0.007,53.277,88.11
1785992075,605530273,1785992075,605530273,38.627,5,848,480,38.229,37.466,0.924,36.542,2.296,12.706,17.394,4.146,34.245,0.756,0.007,55.138,93.406
1785992075,638860840,1785992075,638860840,36.685,5,848,480,36.211,35.424,0.797,34.627,2.514,10.672,17.316,4.126,32.113,0.778,0.009,60.514,96.774
1785992075,672191162,1785992075,672191162,38.146,5,848,480,37.396,36.305,1.001,35.305,3.137,9.175,17.633,5.36,32.168,1.085,0.006,64.145,101.725
1785992075,738851318,1785992075,738851318,56.01,5,848,480,40.272,39.303,0.894,38.41,3.169,13.248,17.472,4.52,35.24,0.961,0.007,50.63,90.93
1785992075,772181152,1785992075,772181152,61.632,5,848,480,61.215,60.438,4.012,56.426,17.909,9.744,19.239,9.534,38.517,0.771,0.006,57.973,119.223
1785992075,838839844,1785992075,838839844,41.136,5,848,480,40.521,39.733,1.135,38.598,3.667,12.615,18.327,3.989,34.931,0.781,0.007,53.147,93.706
1785992075,872168945,1785992075,872168945,40.748,5,848,480,40.354,39.39,0.824,38.566,6.18,10.881,17.079,4.427,32.386,0.956,0.008,60.733,101.143
1785992075,905498047,1785992075,905498047,47.558,5,848,480,46.816,46.045,1.009,45.036,12.639,8.823,16.749,6.826,32.397,0.764,0.007,68.508,115.43
1785992075,972156006,1785992075,972156006,36.412,5,848,480,35.918,35.205,2.158,33.047,3.595,8.218,17.309,3.925,29.452,0.706,0.007,49.151,85.108
1785992076,38822754,1785992076,38822754,64.623,5,848,480,38.114,37.35,1.8,35.549,2.306,8.464,16.899,7.881,33.243,0.758,0.006,44.924,83.06
1785992076,72155762,1785992076,72155762,47.462,5,848,480,43.249,42.227,5.971,36.257,3.741,9.863,18.266,4.386,32.516,1.012,0.01,53.927,97.209
1785992076,105488770,1785992076,105488770,51.599,5,848,480,50.965,50.163,2.85,47.313,3.865,20.099,16.995,6.355,43.449,0.794,0.008,64.461,115.466
1785992076,172153809,1785992076,172153809,45.14,5,848,480,44.678,43.991,0.959,43.032,2.543,18.954,17.477,4.059,40.489,0.68,0.007,49.218,93.932
1785992076,205486084,1785992076,205486084,49.488,5,848,480,47.912,46.935,0.962,45.972,4.47,14.944,17.397,9.161,41.502,0.969,0.009,62.148,110.102
1785992076,238817871,1785992076,238817871,44.677,5,848,480,44.225,43.513,1.37,42.143,2.912,13.252,17.978,8.0,39.231,0.706,0.006,77.406,121.432
1785992076,305481445,1785992076,305481445,46.173,5,848,480,45.778,44.858,0.95,43.908,2.784,20.086,16.793,4.245,41.124,0.914,0.007,55.126,100.95
1785992076,338812744,1785992076,338812744,48.739,5,848,480,42.102,41.391,2.771,38.62,2.749,11.884,17.77,6.218,35.871,0.705,0.007,74.293,116.35
1785992076,405474854,1785992076,405474854,38.361,5,848,480,37.951,37.183,4.029,33.154,2.345,9.302,17.365,4.142,30.81,0.762,0.007,50.058,88.049
1785992076,438805664,1785992076,438805664,38.381,5,848,480,36.697,35.861,0.9,34.961,3.577,9.372,17.244,4.767,31.383,0.829,0.008,56.459,93.098
1785992076,472136230,1785992076,472136230,41.541,5,848,480,40.983,39.961,0.824,39.137,4.129,13.719,17.041,4.248,35.008,1.012,0.01,60.293,101.446
1785992076,505466553,1785992076,505466553,48.138,5,848,480,43.889,43.019,5.752,37.267,5.286,8.753,18.763,4.465,31.981,0.863,0.007,72.21,116.115
1785992076,572126465,1785992076,572126465,37.711,5,848,480,35.341,34.559,0.936,33.622,3.769,8.382,17.448,4.022,29.853,0.776,0.006,51.802,87.167
1785992076,605456299,1785992076,605456299,60.43,5,848,480,58.864,58.086,0.882,57.204,10.433,24.07,16.758,5.943,46.771,0.77,0.007,55.374,114.265
1785992076,672114990,1785992076,672114990,79.197,5,848,480,78.807,78.057,4.564,73.493,4.483,19.828,28.653,20.529,69.01,0.743,0.007,47.962,126.813
1785992076,738772949,1785992076,738772949,55.664,5,848,480,55.03,54.09,3.776,50.314,11.005,13.495,18.781,7.034,39.309,0.931,0.008,60.752,115.818
