stamp_sec,stamp_nanosec,capture_sec,capture_nanosec,detect_period_ms,count,image_w,image_h,processing_ms,detect_ms,img_ms,worker_call_ms,ipc_overhead_ms,pre_ms,dpu_ms,post_ms,worker_ms,detection_publish_ms,overlay_ms,age_in_ms,frame_age_ms
1785810078,625415527,1785810078,625415527,,1,848,480,148.735,147.868,52.19,95.678,17.639,57.664,17.262,3.113,78.039,0.859,0.008,74.111,222.866
1785810078,791865234,1785810078,791865234,58.665,1,848,480,45.555,44.607,2.249,42.358,12.386,9.71,17.163,3.099,29.972,0.939,0.008,69.508,115.086
1785810078,858438721,1785810078,858438721,49.227,1,848,480,48.821,48.143,1.054,47.089,7.397,16.731,20.301,2.659,39.692,0.669,0.008,48.876,97.733
1785810078,891724365,1785810078,891724365,49.949,1,848,480,48.458,47.809,1.799,46.01,16.127,8.946,17.318,3.62,29.883,0.641,0.009,65.922,114.402
1785810078,958292480,1785810078,958292480,42.82,1,848,480,42.144,41.393,3.943,37.451,7.39,9.929,17.332,2.8,30.061,0.743,0.007,48.469,90.65
1785810079,24856934,1785810079,24856934,60.349,1,848,480,38.291,37.515,1.836,35.679,6.664,8.651,17.201,3.162,29.014,0.768,0.008,46.119,84.439
1785810079,91554932,1785810079,91554932,73.843,1,848,480,44.171,42.896,2.86,40.036,6.994,11.881,17.834,3.327,33.042,1.26,0.015,47.393,91.674
1785810079,158253906,1785810079,158253906,72.103,1,848,480,46.521,40.104,1.273,38.832,8.843,9.663,17.146,3.179,29.988,6.404,0.013,50.45,97.006
1785810079,191603760,1785810079,191603760,61.703,1,848,480,60.665,59.955,3.86,56.095,25.22,9.77,17.318,3.788,30.875,0.699,0.01,64.641,125.348
1785810079,258304443,1785810079,258304443,40.056,1,848,480,39.617,38.906,0.913,37.993,9.714,8.648,16.965,2.665,28.279,0.702,0.008,59.038,98.697
1785810079,325006104,1785810079,325006104,66.634,1,848,480,46.437,45.772,1.022,44.75,6.508,18.065,17.103,3.073,38.242,0.655,0.009,52.166,98.632
1785810079,358357422,1785810079,358357422,60.386,1,848,480,54.275,53.593,0.913,52.68,13.122,18.948,17.848,2.761,39.557,0.675,0.007,71.365,125.658
1785810079,425060791,1785810079,425060791,49.096,1,848,480,48.695,47.993,1.092,46.9,8.918,13.934,19.468,4.579,37.982,0.694,0.008,59.32,108.054
1785810079,458412842,1785810079,458412842,49.376,1,848,480,48.072,47.409,1.08,46.329,17.366,8.983,16.974,3.007,28.963,0.655,0.007,75.972,124.078
1785810079,525117920,1785810079,525117920,45.307,1,848,480,44.885,44.143,3.454,40.689,11.379,9.133,16.689,3.488,29.311,0.731,0.011,57.757,102.7
1785810079,558470703,1785810079,558470703,45.616,1,848,480,44.326,43.666,3.39,40.277,10.426,8.975,17.692,3.183,29.851,0.651,0.008,70.582,114.951
1785810079,658531006,1785810079,658531006,71.736,1,848,480,41.614,40.606,3.157,37.449,7.646,8.549,17.302,3.952,29.803,0.999,0.009,44.988,86.631
1785810079,691885010,1785810079,691885010,54.134,1,848,480,46.97,46.124,2.25,43.873,14.717,9.19,16.854,3.112,29.156,0.836,0.01,60.41,107.45
1785810079,725239258,1785810079,725239258,45.855,1,848,480,45.307,44.652,7.277,37.374,7.866,9.13,17.387,2.991,29.508,0.647,0.008,74.556,119.905
1785810079,791948486,1785810079,791948486,64.767,1,848,480,64.186,63.435,3.638,59.798,13.55,17.361,16.643,12.244,46.247,0.743,0.008,53.735,117.962
1785810079,858658691,1785810079,858658691,57.109,1,848,480,56.684,55.988,2.799,53.189,8.671,18.726,16.961,8.831,44.518,0.689,0.007,51.66,108.361
1785810079,892014404,1785810079,892014404,59.09,1,848,480,57.001,56.262,1.476,54.787,16.709,18.545,16.703,2.829,38.078,0.73,0.009,77.062,134.1
1785810079,958726318,1785810079,958726318,48.829,1,848,480,48.323,47.673,0.941,46.732,13.017,10.386,19.116,4.213,33.715,0.643,0.007,67.846,116.203
1785810080,25439209,1785810080,25439209,37.323,1,848,480,36.93,36.282,1.05,35.232,6.784,8.646,17.133,2.669,28.448,0.641,0.007,49.847,86.818
1785810080,92109863,1785810080,92109863,62.042,1,848,480,35.995,35.36,0.887,34.472,6.216,8.512,16.987,2.757,28.256,0.629,0.007,46.167,82.185
1785810080,158779541,1785810080,158779541,68.636,1,848,480,37.936,37.261,2.432,34.829,6.622,8.45,17.051,2.707,28.208,0.666,0.008,46.193,84.154
1785810080,225447998,1785810080,225447998,67.467,1,848,480,40.21,39.552,1.749,37.803,9.02,8.631,17.344,2.808,28.783,0.65,0.008,44.722,84.956
1785810080,292115723,1785810080,292115723,66.884,1,848,480,39.425,38.758,2.288,36.47,8.006,8.656,17.032,2.776,28.464,0.659,0.008,45.723,85.175
1785810080,325449219,1785810080,325449219,64.629,1,848,480,50.958,50.288,2.247,48.041,15.066,12.454,16.913,3.608,32.975,0.662,0.008,65.493,116.467
1785810080,392115234,1785810080,392115234,44.535,1,848,480,44.079,43.426,1.05,42.375,10.07,11.636,17.082,3.588,32.305,0.645,0.008,50.218,94.377
1785810080,425447998,1785810080,425447998,50.728,1,848,480,49.363,48.683,1.27,47.413,10.349,16.768,17.173,3.123,37.064,0.671,0.009,62.338,111.736
1785810080,458780518,1785810080,458780518,50.006,1,848,480,49.485,48.836,3.635,45.2,15.766,8.995,17.159,3.28,29.434,0.642,0.008,78.881,128.405
1785810080,525444580,1785810080,525444580,57.941,1,848,480,57.502,56.828,6.1,50.728,14.996,15.793,17.117,2.822,35.732,0.666,0.008,62.14,119.681
1785810080,592107910,1785810080,592107910,51.295,1,848,480,50.863,49.83,1.048,48.781,17.71,11.049,16.909,3.114,31.072,1.022,0.011,53.414,104.382
1785810080,625439209,1785810080,625439209,44.281,1,848,480,42.474,41.793,2.375,39.418,6.817,11.641,17.297,3.663,32.602,0.673,0.008,72.76,115.265
1785810080,658770264,1785810080,658770264,47.145,1,848,480,44.536,43.698,2.714,40.984,9.621,10.719,17.038,3.607,31.363,0.829,0.009,84.529,129.082
1785810080,725431396,1785810080,725431396,61.595,1,848,480,52.798,45.153,3.682,41.472,11.721,8.933,17.057,3.761,29.751,7.63,0.015,71.199,124.047
1785810080,792091553,1785810080,792091553,44.096,1,848,480,43.463,42.528,2.6,39.928,9.236,10.924,16.823,2.944,30.692,0.925,0.01,57.948,101.459
1785810080,825421387,1785810080,825421387,50.994,1,848,480,44.605,43.952,7.887,36.065,7.75,8.264,17.365,2.685,28.315,0.647,0.007,74.495,119.118
1785810080,892080322,1785810080,892080322,39.949,1,848,480,39.549,38.747,0.991,37.756,7.11,10.732,16.964,2.951,30.646,0.794,0.008,52.812,92.403
1785810080,958738037,1785810080,958738037,62.581,1,848,480,40.095,39.436,1.213,38.223,8.1,8.878,18.223,3.022,30.123,0.651,0.009,48.203,88.326
1785810081,25395264,1785810081,25395264,63.341,1,848,480,39.697,38.988,1.984,37.004,7.253,8.867,18.117,2.767,29.751,0.702,0.007,45.285,85.002
1785810081,125453857,1785810081,125453857,106.414,1,848,480,46.252,45.517,0.858,44.659,8.348,9.348,24.108,2.855,36.311,0.728,0.007,45.084,91.358
1785810081,158806641,1785810081,158806641,51.243,1,848,480,50.851,50.157,4.493,45.664,10.515,13.77,16.964,4.415,35.149,0.686,0.009,58.361,109.26
1785810081,192159424,1785810081,192159424,66.663,1,848,480,66.136,64.34,9.259,55.082,9.328,9.218,33.075,3.462,45.754,1.785,0.011,76.394,145.461
1785810081,258864990,1785810081,258864990,50.216,1,848,480,46.86,46.029,1.46,44.569,15.939,8.725,17.237,2.668,28.63,0.823,0.008,79.176,126.075
1785810081,325570313,1785810081,325570313,60.542,1,848,480,57.167,56.363,9.379,46.984,14.052,12.873,17.131,2.928,32.932,0.796,0.007,62.828,119.905
1785810081,392275879,1785810081,392275879,43.801,1,848,480,43.419,42.777,0.781,41.996,13.624,8.796,16.833,2.743,28.372,0.634,0.008,53.546,97.004
1785810081,458981201,1785810081,458981201,56.279,1,848,480,40.888,40.164,1.663,38.501,6.338,8.351,21.128,2.684,32.163,0.716,0.008,45.664,86.622
1785810081,525686523,1785810081,525686523,64.56,1,848,480,39.952,39.248,1.775,37.473,6.753,8.668,19.412,2.64,30.72,0.696,0.008,44.455,84.438
1785810081,592391602,1785810081,592391602,68.206,1,848,480,40.543,39.87,1.261,38.609,8.796,8.299,18.76,2.754,29.813,0.664,0.009,45.363,85.944
1785810081,659096680,1785810081,659096680,73.869,1,848,480,49.493,46.103,2.056,44.046,6.94,16.251,17.669,3.186,37.106,0.598,2.792,46.361,95.927
1785810081,692449219,1785810081,692449219,64.386,1,848,480,60.56,59.716,1.511,58.205,13.336,20.634,21.592,2.644,44.87,0.836,0.008,63.535,124.132
1785810081,759154297,1785810081,759154297,54.506,1,848,480,43.898,43.231,2.604,40.627,8.744,10.151,18.7,3.033,31.883,0.659,0.009,68.009,111.939
1785810081,792506836,1785810081,792506836,48.484,1,848,480,47.235,46.437,10.532,35.906,6.601,8.81,17.449,3.045,29.305,0.789,0.009,79.794,127.114
1785810081,859211914,1785810081,859211914,57.3,1,848,480,56.707,55.949,7.545,48.404,17.936,8.922,16.921,4.625,30.469,0.751,0.007,60.911,117.651
1785810081,925916748,1785810081,925916748,49.706,1,848,480,47.12,46.392,3.381,43.011,10.97,10.476,17.006,4.559,32.041,0.718,0.009,53.512,100.662
1785810081,959269043,1785810081,959269043,73.254,1,848,480,59.74,58.995,1.857,57.137,21.721,14.426,17.071,3.92,35.416,0.736,0.01,80.799,140.574
1785810082,25973877,1785810082,25973877,57.701,1,848,480,57.063,56.395,6.646,49.749,12.528,16.481,17.177,3.563,37.221,0.659,0.009,74.458,131.648
1785810082,59315918,1785810082,59315918,51.044,1,848,480,46.29,45.684,5.388,40.296,10.406,9.027,17.57,3.293,29.89,0.598,0.007,102.943,149.353
1785810082,159341309,1785810082,159341309,46.346,1,848,480,45.857,45.003,0.758,44.245,10.855,11.634,17.126,4.63,33.389,0.844,0.01,49.683,95.651
1785810082,192682861,1785810082,192682861,76.635,1,848,480,76.029,75.373,1.121,74.252,26.958,26.781,17.162,3.35,47.293,0.648,0.008,62.806,138.89
1785810082,226024170,1785810082,226024170,42.872,1,848,480,42.438,41.738,0.828,40.91,11.1,9.086,17.137,3.587,29.811,0.69,0.01,105.927,148.412
1785810082,359388672,1785810082,359388672,83.004,1,848,480,51.735,50.944,0.828,50.116,8.085,11.197,20.622,10.213,42.031,0.782,0.009,46.283,98.058
1785810082,426070313,1785810082,426070313,84.891,1,848,480,68.15,67.533,0.806,66.728,17.696,20.807,24.648,3.577,49.032,0.61,0.007,48.081,116.246
1785810082,492751465,1785810082,492751465,40.667,1,848,480,40.242,39.58,0.823,38.757,9.391,9.82,17.045,2.501,29.366,0.654,0.008,49.956,90.235
1785810082,559432129,1785810082,559432129,59.056,1,848,480,35.879,35.276,1.511,33.765,5.924,8.204,16.92,2.718,27.842,0.595,0.007,46.705,82.607
1785810082,626112061,1785810082,626112061,67.125,1,848,480,37.505,36.846,1.708,35.138,6.672,8.544,17.132,2.791,28.467,0.651,0.007,45.526,83.053
1785810082,692791748,1785810082,692791748,66.692,1,848,480,37.145,36.497,0.925,35.572,7.351,8.575,17.043,2.602,28.221,0.641,0.007,45.899,83.066
1785810082,759470947,1785810082,759470947,64.231,1,848,480,35.717,35.02,1.55,33.469,5.858,8.13,16.815,2.666,27.611,0.689,0.008,44.878,80.618
1785810082,826149658,1785810082,826149658,67.086,1,848,480,36.15,35.527,1.473,34.054,6.018,8.46,16.776,2.8,28.036,0.615,0.008,44.849,81.092
1785810082,892827881,1785810082,892827881,71.409,1,848,480,36.785,36.155,1.483,34.672,6.419,8.565,17.05,2.638,28.254,0.607,0.023,48.961,85.771
1785810082,959505615,1785810082,959505615,64.771,1,848,480,35.878,35.259,1.416,33.842,6.054,8.118,17.11,2.56,27.788,0.612,0.007,47.945,83.85
1785810083,26183105,1785810083,26183105,65.511,1,848,480,38.034,37.407,1.626,35.781,7.872,8.26,16.947,2.702,27.909,0.62,0.008,44.622,82.682
1785810083,93076660,1785810083,93076660,64.994,1,848,480,36.091,35.453,1.449,34.003,6.08,8.081,16.879,2.964,27.923,0.631,0.007,44.666,80.781
1785810083,159973145,1785810083,159973145,72.143,1,848,480,36.622,35.992,1.568,34.424,6.173,8.612,16.988,2.651,28.251,0.622,0.008,49.385,86.03
1785810083,226873047,1785810083,226873047,61.32,1,848,480,36.22,35.632,1.553,34.08,6.058,8.165,16.958,2.899,28.022,0.581,0.007,44.204,80.446
1785810083,293775635,1785810083,293775635,69.391,1,848,480,37.94,37.178,1.762,35.416,6.736,8.537,17.153,2.991,28.681,0.754,0.008,44.974,82.944
1785810083,360681396,1785810083,360681396,65.051,1,848,480,36.147,35.424,1.586,33.839,6.357,8.077,16.766,2.639,27.482,0.715,0.007,44.966,81.083
1785810083,427590332,1785810083,427590332,66.545,1,848,480,36.875,36.291,1.608,34.682,6.656,8.132,16.99,2.904,28.027,0.577,0.007,43.86,80.715
1785810083,494502197,1785810083,494502197,67.519,1,848,480,37.692,37.054,2.823,34.23,6.009,8.732,16.969,2.52,28.221,0.631,0.007,43.608,81.327
1785810083,561417236,1785810083,561417236,64.783,1,848,480,35.607,34.987,1.348,33.64,5.976,8.153,16.829,2.682,27.664,0.612,0.007,43.562,79.192
1785810083,628335205,1785810083,628335205,67.067,1,848,480,35.745,35.115,1.424,33.691,5.967,8.098,16.773,2.853,27.724,0.621,0.008,43.574,79.341
1785810083,695256348,1785810083,695256348,66.703,1,848,480,36.209,35.614,1.51,34.104,6.248,8.081,16.835,2.94,27.856,0.588,0.007,42.891,79.121
1785810083,762180420,1785810083,762180420,66.599,1,848,480,35.96,35.348,1.609,33.739,5.864,8.089,16.885,2.901,27.875,0.604,0.008,42.815,78.798
1785810083,829107666,1785810083,829107666,66.407,1,848,480,36.053,35.465,1.579,33.886,5.879,8.101,16.92,2.986,28.007,0.581,0.007,42.202,78.278
1785810083,896037842,1785810083,896037842,67.261,1,848,480,36.465,35.855,1.508,34.347,6.258,8.479,16.853,2.758,28.089,0.603,0.007,42.12,78.61
1785810083,962971191,1785810083,962971191,66.797,1,848,480,36.643,36.055,1.498,34.557,6.902,8.127,16.803,2.725,27.655,0.58,0.007,41.804,78.473
1785810084,29905029,1785810084,29905029,66.319,1,848,480,36.021,35.408,1.345,34.063,6.119,8.227,16.899,2.818,27.945,0.605,0.008,41.812,77.857
1785810084,96562256,1785810084,96562256,67.281,1,848,480,36.346,35.694,1.522,34.172,6.108,8.57,16.854,2.64,28.064,0.644,0.008,42.112,78.482
1785810084,163218506,1785810084,163218506,65.967,1,848,480,35.979,35.347,1.527,33.82,6.154,8.143,16.825,2.698,27.666,0.625,0.007,41.789,77.79
1785810084,229873779,1785810084,229873779,66.664,1,848,480,35.885,35.261,1.478,33.784,6.183,8.087,16.84,2.673,27.601,0.617,0.007,41.891,77.799
1785810084,296527832,1785810084,296527832,67.469,1,848,480,36.789,36.157,1.208,34.949,6.588,8.189,17.017,3.155,28.361,0.624,0.008,41.802,78.615
1785810084,363180664,1785810084,363180664,75.587,1,848,480,38.264,37.381,2.037,35.343,6.651,8.862,17.184,2.646,28.692,0.874,0.008,49.266,87.606
1785810084,429832520,1785810084,429832520,61.144,1,848,480,37.844,37.117,1.655,35.462,6.375,8.265,18.025,2.798,29.088,0.719,0.008,44.175,82.044
1785810084,496482910,1785810084,496482910,63.516,1,848,480,36.723,36.072,1.544,34.528,6.607,8.071,16.847,3.002,27.921,0.644,0.008,42.159,78.905
1785810084,563132568,1785810084,563132568,66.128,1,848,480,35.684,35.092,1.534,33.558,5.933,8.076,16.832,2.716,27.625,0.585,0.007,42.676,78.383
1785810084,629780762,1785810084,629780762,67.216,1,848,480,36.504,35.896,2.081,33.815,6.28,8.091,16.835,2.609,27.535,0.601,0.008,42.426,78.953
1785810084,696427979,1785810084,696427979,66.639,1,848,480,36.716,36.113,1.183,34.93,6.718,8.737,16.941,2.535,28.212,0.595,0.007,42.203,78.942
1785810084,763073975,1785810084,763073975,66.903,1,848,480,36.631,36.033,1.52,34.513,6.187,8.555,16.94,2.831,28.327,0.591,0.008,42.547,79.201
1785810084,829718994,1785810084,829718994,73.824,1,848,480,40.734,40.045,2.079,37.965,8.176,9.471,17.157,3.162,29.79,0.681,0.008,45.624,86.385
1785810084,896362793,1785810084,896362793,60.728,1,848,480,35.393,34.752,0.86,33.892,6.212,8.213,16.945,2.523,27.68,0.634,0.008,45.048,80.464
1785810084,963005371,1785810084,963005371,65.375,1,848,480,36.668,36.017,1.464,34.553,6.008,8.698,16.943,2.905,28.546,0.644,0.007,42.504,79.197
1785810085,29647705,1785810085,29647705,65.999,1,848,480,35.969,35.283,1.185,34.098,6.397,8.108,16.798,2.794,27.701,0.679,0.007,42.557,78.551
1785810085,96312500,1785810085,96312500,66.88,1,848,480,36.168,35.518,1.697,33.821,6.101,8.179,16.835,2.705,27.72,0.643,0.008,42.575,78.767
1785810085,162976318,1785810085,162976318,66.852,1,848,480,35.797,35.159,1.53,33.629,6.115,8.07,16.815,2.629,27.514,0.63,0.008,43.136,78.953
1785810085,229639160,1785810085,229639160,66.672,1,848,480,36.232,35.581,1.48,34.101,6.218,8.177,16.817,2.889,27.883,0.645,0.007,42.709,78.967
1785810085,296301025,1785810085,296301025,68.946,1,848,480,36.931,36.099,1.407,34.692,6.092,8.349,17.225,3.026,28.6,0.824,0.008,44.296,81.323
1785810085,362962158,1785810085,362962158,71.149,1,848,480,42.003,41.247,1.63,39.617,9.871,8.438,17.288,4.021,29.746,0.749,0.007,43.716,85.741
1785810085,429622314,1785810085,429622314,61.701,1,848,480,36.697,36.095,0.889,35.206,7.087,8.548,16.938,2.634,28.119,0.595,0.008,44.058,81.447
1785810085,496281494,1785810085,496281494,66.222,1,848,480,36.478,35.844,1.603,34.241,6.095,8.368,16.885,2.893,28.147,0.627,0.007,43.838,80.341
1785810085,562939941,1785810085,562939941,65.445,1,848,480,35.712,35.094,1.563,33.53,5.918,8.147,16.802,2.663,27.612,0.611,0.007,43.391,79.125
1785810085,629597412,1785810085,629597412,66.593,1,848,480,35.821,35.207,1.614,33.593,5.848,8.133,16.873,2.739,27.745,0.606,0.007,43.218,79.063
1785810085,696253906,1785810085,696253906,67.351,1,848,480,36.388,35.69,1.467,34.223,6.14,8.581,16.865,2.637,28.083,0.691,0.008,43.346,79.76
1785810085,762909668,1785810085,762909668,69.701,1,848,480,39.037,37.755,1.482,36.272,6.069,8.539,17.359,4.305,30.204,1.275,0.008,43.744,82.804
1785810085,829564453,1785810085,829564453,69.419,1,848,480,41.826,41.132,1.466,39.666,6.341,8.701,20.702,3.922,33.325,0.686,0.008,43.718,85.574
1785810085,896218262,1785810085,896218262,69.715,1,848,480,42.494,41.71,1.798,39.912,9.672,9.497,17.278,3.465,30.24,0.775,0.009,46.116,88.641
1785810085,962871094,1785810085,962871094,64.416,1,848,480,41.537,40.474,0.735,39.738,9.067,10.143,17.441,3.087,30.671,1.052,0.012,44.837,87.172
1785810086,62872559,1785810086,62872559,94.319,1,848,480,36.79,36.151,1.431,34.72,6.173,8.368,17.207,2.973,28.548,0.631,0.008,43.895,80.713
1785810086,129712402,1785810086,129712402,68.251,1,848,480,37.533,36.84,1.411,35.429,6.226,9.288,17.361,2.554,29.203,0.685,0.008,44.564,82.123
1785810086,196553955,1785810086,196553955,65.258,1,848,480,37.363,36.724,1.537,35.187,6.125,8.342,17.669,3.05,29.062,0.631,0.008,43.149,80.534
1785810086,263396973,1785810086,263396973,70.377,1,848,480,40.884,40.203,1.461,38.742,9.082,9.982,17.173,2.506,29.66,0.674,0.008,43.162,84.072
1785810086,330241699,1785810086,330241699,64.731,1,848,480,37.994,37.055,1.802,35.253,6.598,8.352,17.512,2.79,28.654,0.931,0.008,43.942,82.01
1785810086,397087891,1785810086,397087891,64.497,1,848,480,36.565,35.881,1.517,34.364,6.331,8.197,17.177,2.659,28.034,0.677,0.007,43.019,79.68
1785810086,463935791,1785810086,463935791,67.591,1,848,480,37.551,36.902,1.642,35.26,6.59,8.193,17.356,3.122,28.67,0.641,0.007,42.853,80.368
1785810086,530785156,1785810086,530785156,68.638,1,848,480,38.958,38.301,3.407,34.893,6.688,8.373,17.288,2.543,28.205,0.65,0.007,43.158,82.139
1785810086,597636230,1785810086,597636230,64.296,1,848,480,37.126,36.527,1.35,35.177,6.054,9.356,17.218,2.549,29.123,0.592,0.007,42.435,79.582
1785810086,664489014,1785810086,664489014,66.011,1,848,480,36.621,36.038,1.235,34.803,6.049,8.113,17.328,3.314,28.754,0.575,0.008,42.098,78.741
1785810086,731343262,1785810086,731343262,67.449,1,848,480,36.8,36.091,1.479,34.612,6.572,8.3,17.157,2.583,28.04,0.701,0.008,42.515,79.336
1785810086,798198975,1785810086,798198975,66.233,1,848,480,36.679,36.082,1.536,34.546,6.257,8.224,17.284,2.781,28.29,0.589,0.007,42.012,78.714
1785810086,865056396,1785810086,865056396,66.269,1,848,480,36.297,35.711,1.583,34.128,5.888,8.29,17.189,2.76,28.239,0.579,0.008,41.804,78.122
1785810086,931915283,1785810086,931915283,68.271,1,848,480,37.676,37.065,1.535,35.53,6.184,9.164,17.292,2.89,29.346,0.603,0.008,41.838,79.539
1785810086,998775879,1785810086,998775879,65.349,1,848,480,36.816,36.176,1.49,34.685,6.267,8.204,17.217,2.997,28.418,0.633,0.008,41.187,78.028
1785810087,65636230,1785810087,65636230,66.737,1,848,480,36.632,36.048,1.533,34.514,6.383,8.142,17.143,2.846,28.132,0.577,0.007,41.247,77.919
1785810087,132340332,1785810087,132340332,69.234,1,848,480,38.619,37.984,1.513,36.471,6.225,8.154,19.619,2.473,30.246,0.628,0.007,41.789,80.436
1785810087,199045166,1785810087,199045166,64.09,1,848,480,36.603,36.006,1.403,34.603,6.496,8.167,17.181,2.758,28.107,0.59,0.007,41.19,77.816
1785810087,265750488,1785810087,265750488,69.97,1,848,480,39.349,38.667,2.149,36.519,7.099,8.388,18.378,2.654,29.42,0.674,0.008,41.71,81.085
1785810087,332456543,1785810087,332456543,65.827,1,848,480,38.014,37.365,1.906,35.459,6.53,8.721,17.153,3.055,28.929,0.64,0.008,42.169,80.207
1785810087,399163086,1785810087,399163086,65.349,1,848,480,37.244,36.598,1.471,35.126,5.93,9.252,17.301,2.643,29.196,0.639,0.008,41.579,78.846
1785810087,465870361,1785810087,465870361,69.604,1,848,480,39.96,39.328,0.791,38.537,7.162,8.575,20.111,2.689,31.374,0.626,0.007,41.766,81.743
1785810087,532578125,1785810087,532578125,73.252,1,848,480,46.473,45.78,1.757,44.024,7.756,16.203,17.312,2.752,36.268,0.685,0.008,41.794,88.296
1785810087,565932129,1785810087,565932129,43.128,1,848,480,42.722,42.044,0.823,41.221,7.654,13.293,16.628,3.646,33.567,0.671,0.007,55.303,98.064
1785810087,632640869,1785810087,632640869,53.975,1,848,480,37.068,36.43,1.598,34.833,6.245,8.671,17.234,2.683,28.588,0.629,0.008,48.236,85.33
1785810087,699350098,1785810087,699350098,64.016,1,848,480,36.829,36.172,1.044,35.128,6.893,8.345,17.302,2.588,28.235,0.649,0.008,45.788,82.638
1785810087,799415283,1785810087,799415283,108.97,1,848,480,45.081,44.434,1.327,43.106,7.355,15.826,17.245,2.679,35.751,0.64,0.008,46.436,91.546
1785810087,832770508,1785810087,832770508,75.623,1,848,480,65.233,64.414,14.307,50.106,21.333,8.722,17.044,3.006,28.773,0.719,0.101,80.445,133.913
1785810087,899481445,1785810087,899481445,43.874,1,848,480,43.339,42.728,1.049,41.678,7.789,13.515,17.223,3.153,33.89,0.604,0.008,67.596,110.98
1785810087,966193115,1785810087,966193115,44.217,1,848,480,37.943,37.135,1.603,35.532,7.001,9.047,17.002,2.482,28.531,0.801,0.007,50.51,88.476
1785810088,32905518,1785810088,32905518,57.337,1,848,480,36.492,35.767,1.633,34.134,6.128,8.345,16.846,2.816,28.007,0.717,0.009,42.585,79.118
1785810088,99590576,1785810088,99590576,67.099,1,848,480,36.984,36.39,1.92,34.469,6.634,8.076,16.968,2.791,27.835,0.588,0.007,42.505,79.512
1785810088,166247070,1785810088,166247070,65.953,1,848,480,36.92,36.276,1.484,34.791,6.782,8.585,16.893,2.532,28.01,0.638,0.007,41.867,78.81
1785810088,232902832,1785810088,232902832,65.607,1,848,480,36.161,35.488,1.511,33.978,6.218,8.139,16.859,2.762,27.76,0.664,0.009,41.578,77.772
1785810088,299557373,1785810088,299557373,71.014,1,848,480,40.068,39.407,1.684,37.723,6.533,8.816,19.608,2.766,31.19,0.654,0.008,42.034,82.127
1785810088,366210938,1785810088,366210938,63.098,1,848,480,35.656,35.039,1.525,33.514,5.899,8.141,16.811,2.663,27.615,0.609,0.007,42.886,78.568
1785810088,432863525,1785810088,432863525,66.613,1,848,480,36.537,35.881,1.588,34.292,6.134,8.598,16.866,2.694,28.158,0.649,0.008,41.965,78.529
1785810088,499514893,1785810088,499514893,66.325,1,848,480,36.129,35.535,1.447,34.089,6.432,8.125,16.777,2.754,27.656,0.587,0.007,42.046,78.199
1785810088,566165527,1785810088,566165527,66.902,1,848,480,35.981,35.371,1.478,33.893,6.137,8.125,16.877,2.755,27.756,0.603,0.007,42.446,78.452
1785810088,632814941,1785810088,632814941,66.241,1,848,480,36.308,35.716,1.235,34.481,6.86,8.135,16.706,2.779,27.621,0.585,0.007,41.711,78.04
1785810088,699463379,1785810088,699463379,71.925,1,848,480,41.084,40.395,1.924,38.471,9.923,8.142,17.671,2.736,28.548,0.682,0.007,42.211,83.323
1785810088,766110596,1785810088,766110596,61.528,1,848,480,36.037,35.453,1.5,33.953,5.985,8.169,16.803,2.996,27.968,0.576,0.007,42.139,78.2
1785810088,832757080,1785810088,832757080,66.975,1,848,480,36.178,35.59,1.541,34.049,6.221,8.159,16.784,2.886,27.828,0.581,0.007,42.326,78.528
1785810088,899402344,1785810088,899402344,66.584,1,848,480,36.058,35.447,1.455,33.992,5.969,8.125,16.881,3.016,28.022,0.604,0.007,42.385,78.468
1785810088,966046875,1785810088,966046875,67.374,1,848,480,36.528,35.92,1.51,34.41,6.148,8.527,16.869,2.866,28.262,0.6,0.007,42.646,79.196
1785810089,32690186,1785810089,32690186,66.617,1,848,480,37.031,36.411,1.479,34.931,6.411,8.688,16.789,3.043,28.52,0.613,0.007,42.115,79.172
1785810089,99341553,1785810089,99341553,67.06,1,848,480,36.82,36.152,2.101,34.051,6.057,8.523,16.912,2.558,27.994,0.661,0.007,42.734,79.581
1785810089,165999512,1785810089,165999512,65.617,1,848,480,36.137,35.521,1.44,34.081,6.471,8.075,16.732,2.804,27.611,0.609,0.007,42.376,78.534
1785810089,232656494,1785810089,232656494,66.848,1,848,480,36.09,35.504,1.305,34.199,6.028,8.694,16.82,2.657,28.171,0.579,0.008,42.616,78.727
1785810089,299312500,1785810089,299312500,70.15,1,848,480,38.455,37.801,1.209,36.592,7.173,8.795,17.959,2.665,29.419,0.647,0.008,43.744,82.229
1785810089,365967773,1785810089,365967773,67.089,1,848,480,37.105,36.45,1.864,34.586,6.271,8.636,17.091,2.588,28.315,0.647,0.007,45.53,82.657
1785810089,432621826,1785810089,432621826,62.771,1,848,480,36.048,35.46,1.504,33.957,6.291,8.086,16.801,2.779,27.665,0.58,0.008,42.703,78.773
1785810089,499274658,1785810089,499274658,67.299,1,848,480,35.972,35.242,1.471,33.771,6.216,8.086,16.801,2.667,27.555,0.721,0.008,43.427,79.477
1785810089,565926758,1785810089,565926758,67.512,1,848,480,36.852,36.244,1.656,34.588,6.576,8.459,16.815,2.738,28.011,0.601,0.007,43.407,80.283
1785810089,632577881,1785810089,632577881,65.37,1,848,480,36.294,35.677,1.555,34.121,6.504,8.08,16.762,2.776,27.617,0.61,0.007,42.68,78.997
1785810089,699228027,1785810089,699228027,66.418,1,848,480,35.987,35.331,1.23,34.102,6.141,8.075,16.791,3.094,27.961,0.648,0.008,42.755,78.773
1785810089,765877197,1785810089,765877197,79.498,1,848,480,48.248,36.152,1.614,34.538,6.545,8.429,16.955,2.609,27.993,12.082,0.014,43.352,91.76
1785810089,799201172,1785810089,799201172,40.678,1,848,480,40.071,39.221,2.671,36.55,6.816,10.458,16.669,2.607,29.734,0.839,0.011,58.87,98.994
1785810089,865848877,1785810089,865848877,54.48,1,848,480,38.984,38.267,1.546,36.721,6.295,9.511,18.417,2.498,30.426,0.709,0.008,47.797,86.811
1785810089,932495361,1785810089,932495361,60.539,1,848,480,37.286,36.671,2.476,34.195,5.989,8.397,17.199,2.61,28.206,0.607,0.007,43.386,80.697
1785810089,999141113,1785810089,999141113,66.839,1,848,480,37.767,37.106,1.486,35.62,6.111,9.562,17.317,2.63,29.509,0.653,0.008,43.099,80.893
1785810090,65786377,1785810090,65786377,65.53,1,848,480,36.262,35.648,1.517,34.132,5.787,8.391,17.182,2.773,28.345,0.606,0.007,43.488,79.775
1785810090,132525879,1785810090,132525879,66.846,1,848,480,36.545,35.942,1.523,34.419,6.153,8.405,17.227,2.634,28.266,0.596,0.007,43.311,79.943
1785810090,199266602,1785810090,199266602,70.146,1,848,480,39.688,39.013,1.501,37.512,6.255,10.151,18.375,2.73,31.257,0.668,0.008,43.576,83.297
1785810090,266008545,1785810090,266008545,77.458,1,848,480,50.347,49.584,1.893,47.691,6.791,20.945,17.152,2.803,40.901,0.754,0.008,43.634,94.01
1785810090,299380127,1785810090,299380127,54.023,1,848,480,53.612,52.924,0.823,52.101,16.411,9.099,17.039,9.551,35.689,0.681,0.008,61.007,114.658
1785810090,366123779,1785810090,366123779,41.6,1,848,480,41.206,40.253,1.124,39.129,8.688,9.854,17.277,3.311,30.442,0.944,0.009,48.271,89.58
1785810090,432868652,1785810090,432868652,61.619,1,848,480,40.077,39.37,4.169,35.202,6.974,8.704,17.06,2.464,28.227,0.698,0.008,44.285,84.387
1785810090,499614990,1785810090,499614990,63.459,1,848,480,35.701,35.081,1.672,33.409,5.767,8.161,16.938,2.543,27.642,0.613,0.008,45.372,81.098
1785810090,566362305,1785810090,566362305,65.388,1,848,480,36.596,36.006,1.506,34.5,6.211,8.795,16.917,2.577,28.289,0.583,0.008,43.118,79.737
1785810090,633110596,1785810090,633110596,68.865,1,848,480,38.215,37.458,1.529,35.928,6.042,8.894,16.913,4.079,29.886,0.749,0.008,43.616,81.864
1785810090,699860352,1785810090,699860352,67.308,1,848,480,38.889,38.245,1.571,36.674,6.421,9.013,16.956,4.284,30.254,0.636,0.008,43.5,82.419
1785810090,766611328,1785810090,766611328,64.912,1,848,480,36.159,35.51,1.617,33.893,6.214,8.224,16.823,2.632,27.679,0.642,0.008,44.395,80.573
1785810090,833363525,1785810090,833363525,65.199,1,848,480,36.086,35.488,1.532,33.956,5.904,8.227,16.828,2.997,28.052,0.591,0.007,42.91,79.02
1785810090,900116699,1785810090,900116699,66.92,1,848,480,36.287,35.703,1.562,34.141,6.134,8.278,16.797,2.931,28.007,0.577,0.008,42.876,79.185
1785810090,966871094,1785810090,966871094,66.915,1,848,480,36.413,35.76,1.607,34.153,6.307,8.076,16.824,2.945,27.846,0.645,0.008,42.912,79.348
1785810091,33626709,1785810091,33626709,67.183,1,848,480,36.758,36.162,1.55,34.611,6.336,8.1,16.904,3.271,28.275,0.589,0.007,42.996,79.794
1785810091,100460938,1785810091,100460938,71.006,1,848,480,41.117,40.296,1.527,38.77,7.329,8.333,17.418,5.69,31.441,0.814,0.007,42.807,83.951
1785810091,167376221,1785810091,167376221,65.383,1,848,480,38.099,37.418,2.683,34.736,6.298,8.493,17.218,2.727,28.437,0.674,0.007,44.293,82.419
1785810091,234295166,1785810091,234295166,63.469,1,848,480,36.246,35.644,1.499,34.145,6.252,8.224,16.809,2.86,27.893,0.594,0.008,42.697,78.966
1785810091,301217529,1785810091,301217529,67.942,1,848,480,36.057,35.441,0.756,34.685,6.452,8.594,16.992,2.647,28.233,0.609,0.007,43.905,79.989
1785810091,368143311,1785810091,368143311,67.702,1,848,480,37.654,36.889,2.943,33.946,6.135,8.285,16.979,2.547,27.811,0.757,0.008,43.086,80.763
1785810091,435072754,1785810091,435072754,64.917,1,848,480,35.886,35.263,1.608,33.655,6.084,8.081,16.787,2.703,27.571,0.616,0.008,42.839,78.748
1785810091,502005615,1785810091,502005615,66.896,1,848,480,36.367,35.719,1.518,34.202,6.095,8.497,16.92,2.689,28.107,0.64,0.007,42.321,78.711
1785810091,568941895,1785810091,568941895,66.119,1,848,480,36.53,35.893,1.47,34.423,6.62,8.122,16.84,2.841,27.803,0.629,0.008,41.341,77.898
1785810091,635881836,1785810091,635881836,68.265,1,848,480,37.818,37.116,2.432,34.684,6.231,8.214,16.816,3.424,28.453,0.695,0.007,41.378,79.225
1785810091,702825195,1785810091,702825195,65.772,1,848,480,37.427,36.781,1.08,35.701,8.007,8.195,16.749,2.75,27.694,0.639,0.007,40.598,78.05
1785810091,769772217,1785810091,769772217,65.572,1,848,480,36.031,35.453,1.161,34.293,6.646,8.091,16.808,2.747,27.646,0.571,0.007,40.618,76.675
1785810091,836722412,1785810091,836722412,66.861,1,848,480,36.188,35.611,1.533,34.077,6.309,8.101,16.801,2.866,27.768,0.57,0.007,40.373,76.582
1785810091,903676270,1785810091,903676270,66.906,1,848,480,36.287,35.701,1.556,34.146,6.042,8.614,16.793,2.697,28.104,0.579,0.007,40.226,76.536
1785810091,970633789,1785810091,970633789,69.016,1,848,480,37.907,37.285,1.91,35.376,7.137,8.336,16.948,2.954,28.239,0.614,0.008,40.668,78.6
1785810092,37594727,1785810092,37594727,67.459,1,848,480,39.301,38.633,3.345,35.288,6.784,8.689,16.975,2.841,28.504,0.659,0.008,39.774,79.099
1785810092,104407471,1785810092,104407471,64.273,1,848,480,37.324,36.686,1.424,35.262,6.777,8.51,16.854,3.121,28.485,0.631,0.007,39.207,76.554
1785810092,171074463,1785810092,171074463,67.84,1,848,480,36.419,35.772,1.434,34.338,5.995,8.506,17.069,2.768,28.343,0.64,0.007,41.287,77.728
1785810092,237740479,1785810092,237740479,70.409,1,848,480,41.67,40.898,1.339,39.559,10.012,9.462,17.037,3.049,29.547,0.764,0.008,39.777,81.482
1785810092,304405762,1785810092,304405762,70.402,1,848,480,40.663,39.64,3.487,36.153,6.73,8.736,17.421,3.266,29.423,0.773,0.25,44.765,85.47
1785810092,371070068,1785810092,371070068,62.0,1,848,480,37.382,36.589,0.894,35.694,7.594,8.487,17.077,2.536,28.101,0.785,0.008,43.138,80.547
1785810092,437733643,1785810092,437733643,62.05,1,848,480,36.017,35.373,1.485,33.888,6.043,8.402,16.791,2.652,27.845,0.637,0.007,39.889,75.93
1785810092,504396484,1785810092,504396484,67.508,1,848,480,35.939,35.34,1.527,33.813,6.042,8.256,16.819,2.697,27.772,0.591,0.008,40.812,76.775
1785810092,571058350,1785810092,571058350,69.629,1,848,480,39.743,38.979,1.523,37.456,7.004,9.527,17.973,2.952,30.452,0.756,0.008,39.977,79.751
1785810092,637719482,1785810092,637719482,69.174,1,848,480,38.087,37.168,0.842,36.325,8.06,8.367,17.275,2.623,28.265,0.912,0.008,44.146,82.262
1785810092,704379639,1785810092,704379639,77.91,1,848,480,51.619,50.933,0.86,50.073,20.516,8.719,17.513,3.324,29.556,0.678,0.008,41.865,93.515
1785810092,737709473,1785810092,737709473,73.308,1,848,480,60.355,59.718,4.813,54.905,10.119,24.467,17.151,3.169,44.787,0.629,0.007,73.112,133.488
1785810092,804368408,1785810092,804368408,58.778,1,848,480,56.059,55.388,4.282,51.107,16.67,9.546,17.388,7.503,34.437,0.663,0.008,69.519,125.604
1785810092,871026611,1785810092,871026611,50.632,1,848,480,49.856,49.183,1.046,48.137,18.843,8.463,17.689,3.142,29.294,0.665,0.008,59.688,109.584
1785810092,937683838,1785810092,937683838,43.098,1,848,480,41.71,40.93,3.269,37.661,8.419,8.814,17.304,3.124,29.242,0.77,0.01,44.291,86.035
1785810092,971012207,1785810092,971012207,58.35,1,848,480,52.41,51.694,0.918,50.776,11.763,15.051,17.351,6.61,39.012,0.708,0.009,58.609,111.044
1785810093,4340332,1785810093,4340332,65.671,1,848,480,62.062,61.227,1.497,59.729,18.723,18.485,17.403,5.119,41.007,0.826,0.01,81.355,143.404
1785810093,37668213,1785810093,37668213,65.227,1,848,480,64.752,63.721,1.242,62.478,26.497,13.115,17.501,5.365,35.981,1.021,0.01,110.501,175.79
1785810093,137666992,1785810093,137666992,44.082,1,848,480,43.105,42.252,1.53,40.723,9.633,9.866,17.518,3.706,31.089,0.844,0.009,76.231,119.377
1785810093,204332031,1785810093,204332031,55.447,1,848,480,46.557,45.801,5.623,40.178,8.638,11.14,17.073,3.326,31.539,0.747,0.009,61.598,108.159
1785810093,237664063,1785810093,237664063,65.218,1,848,480,64.394,58.52,0.942,57.578,17.244,20.327,16.971,3.035,40.334,5.862,0.012,75.735,140.058
1785810093,304327637,1785810093,304327637,55.269,1,848,480,54.818,54.135,10.525,43.61,10.165,8.954,21.881,2.61,33.445,0.675,0.008,73.789,128.645
1785810093,370990234,1785810093,370990234,60.322,1,848,480,59.905,59.242,7.691,51.551,18.549,11.564,17.084,4.354,33.002,0.655,0.008,62.359,122.308
1785810093,437652100,1785810093,437652100,45.283,1,848,480,44.862,44.123,1.079,43.043,11.932,10.976,16.808,3.328,31.111,0.729,0.01,56.025,100.936
1785810093,470982910,1785810093,470982910,43.715,1,848,480,40.699,40.112,4.051,36.062,6.972,8.997,16.873,3.22,29.09,0.58,0.007,70.588,111.301
1785810093,570973389,1785810093,570973389,65.658,1,848,480,36.609,35.968,1.454,34.514,6.178,8.513,16.911,2.911,28.336,0.634,0.007,40.338,76.97
1785810093,637632568,1785810093,637632568,67.88,1,848,480,36.407,35.79,1.449,34.341,6.314,8.517,16.849,2.661,28.027,0.609,0.008,41.76,78.194
1785810093,704291016,1785810093,704291016,66.984,1,848,480,37.716,37.027,1.173,35.854,7.031,8.6,16.875,3.349,28.823,0.681,0.008,40.778,78.519
1785810093,770948486,1785810093,770948486,67.103,1,848,480,37.677,37.06,1.434,35.626,6.29,9.698,17.047,2.59,29.335,0.61,0.008,41.262,78.96
1785810093,837605225,1785810093,837605225,65.006,1,848,480,36.625,35.991,1.506,34.485,6.053,8.679,16.819,2.934,28.432,0.627,0.007,40.662,77.31
1785810093,904261230,1785810093,904261230,66.79,1,848,480,36.561,35.933,1.573,34.36,5.937,8.666,16.869,2.887,28.423,0.621,0.007,40.86,77.445
1785810093,970916016,1785810093,970916016,66.827,1,848,480,36.622,35.963,1.61,34.353,6.209,8.571,16.791,2.781,28.143,0.652,0.007,40.972,77.622
1785810094,37571045,1785810094,37571045,67.337,1,848,480,37.282,36.678,1.401,35.276,7.052,8.526,16.868,2.83,28.224,0.597,0.008,40.995,78.3
1785810094,104265869,1785810094,104265869,66.487,1,848,480,36.955,36.344,1.49,34.854,6.354,8.831,16.93,2.739,28.499,0.604,0.008,41.115,78.092
1785810094,170933594,1785810094,170933594,66.007,1,848,480,35.979,35.393,1.48,33.912,6.26,8.073,16.789,2.789,27.652,0.579,0.007,41.43,77.43
1785810094,237600586,1785810094,237600586,66.61,1,848,480,36.145,35.548,1.619,33.929,6.028,8.187,16.81,2.904,27.901,0.59,0.007,41.205,77.373
1785810094,304266846,1785810094,304266846,70.236,1,848,480,37.235,36.596,1.622,34.973,6.571,8.435,17.063,2.904,28.402,0.632,0.008,43.689,80.951
1785810094,370932129,1785810094,370932129,63.546,1,848,480,35.749,35.118,1.601,33.518,5.92,8.168,16.789,2.641,27.598,0.623,0.007,42.052,77.825
1785810094,437596436,1785810094,437596436,66.624,1,848,480,36.311,35.734,1.541,34.193,6.413,8.128,16.798,2.855,27.781,0.569,0.007,41.45,77.783
1785810094,504260254,1785810094,504260254,66.83,1,848,480,35.827,35.243,1.483,33.76,6.042,8.102,16.808,2.808,27.718,0.576,0.007,42.102,77.948
1785810094,570923096,1785810094,570923096,66.801,1,848,480,36.58,35.952,1.655,34.297,6.033,8.546,16.877,2.841,28.264,0.622,0.007,41.52,78.155
1785810094,637584961,1785810094,637584961,66.647,1,848,480,36.839,36.155,1.489,34.666,6.273,8.578,16.928,2.888,28.393,0.676,0.008,41.212,78.08
1785810094,704246094,1785810094,704246094,66.332,1,848,480,36.444,35.828,1.415,34.412,6.249,8.502,16.859,2.802,28.164,0.609,0.007,41.278,77.743
1785810094,770906494,1785810094,770906494,67.985,1,848,480,37.4,36.761,1.491,35.27,6.543,8.182,16.847,3.697,28.727,0.631,0.008,41.647,79.071
1785810094,837565918,1785810094,837565918,65.713,1,848,480,36.462,35.863,1.495,34.367,5.849,8.635,16.871,3.013,28.518,0.592,0.007,41.639,78.122
1785810094,904224609,1785810094,904224609,67.057,1,848,480,36.778,36.138,1.509,34.629,6.318,8.504,17.063,2.744,28.311,0.632,0.007,41.72,78.521
1785810094,970882568,1785810094,970882568,66.17,1,848,480,36.104,35.505,1.512,33.993,6.196,8.098,16.843,2.856,27.797,0.592,0.007,41.905,78.03
1785810095,37539551,1785810095,37539551,66.895,1,848,480,36.652,36.039,1.472,34.568,5.946,8.642,16.998,2.983,28.622,0.605,0.007,41.595,78.268
1785810095,104202637,1785810095,104202637,66.392,1,848,480,36.423,35.841,1.44,34.401,6.339,8.165,16.962,2.935,28.062,0.574,0.008,41.553,77.999
1785810095,170870361,1785810095,170870361,66.734,1,848,480,36.231,35.634,1.547,34.087,6.411,8.102,16.83,2.744,27.676,0.59,0.007,41.809,78.064
1785810095,237537354,1785810095,237537354,67.353,1,848,480,36.544,35.87,1.517,34.353,6.27,8.347,16.821,2.915,28.084,0.666,0.007,42.185,78.755
1785810095,304203613,1785810095,304203613,73.022,1,848,480,42.8,42.087,1.536,40.551,7.434,8.514,17.092,7.51,33.116,0.705,0.008,42.285,86.771
1785810095,337536133,1785810095,337536133,54.709,1,848,480,52.452,51.574,4.334,47.241,14.28,9.255,20.695,3.01,32.96,0.868,0.009,54.009,106.506
1785810095,370868896,1785810095,370868896,59.511,1,848,480,55.643,54.93,10.524,44.406,12.246,11.858,17.308,2.994,32.16,0.706,0.008,77.02,132.67
1785810095,437533203,1785810095,437533203,47.243,1,848,480,46.825,46.185,5.302,40.883,10.494,9.053,18.363,2.973,30.389,0.633,0.007,66.382,113.243
1785810095,504196777,1785810095,504196777,42.088,1,848,480,40.51,39.692,3.35,36.342,7.161,9.481,17.103,2.598,29.181,0.72,0.098,48.285,88.775
1785810095,570859619,1785810095,570859619,56.154,1,848,480,35.811,35.229,1.48,33.749,5.972,8.089,16.801,2.887,27.777,0.574,0.008,42.323,78.158
1785810095,637521484,1785810095,637521484,66.462,1,848,480,35.895,35.288,1.422,33.867,6.104,8.123,16.818,2.822,27.763,0.599,0.007,42.038,77.956
1785810095,704182617,1785810095,704182617,67.606,1,848,480,36.442,35.749,1.487,34.262,5.933,8.517,16.804,3.007,28.328,0.686,0.007,42.436,78.901
1785810095,770843018,1785810095,770843018,69.114,1,848,480,39.276,38.659,1.515,37.144,8.125,9.056,16.904,3.058,29.019,0.61,0.008,42.056,81.36
1785810095,837502441,1785810095,837502441,65.116,1,848,480,37.56,36.925,2.436,34.488,6.624,8.165,16.809,2.89,27.864,0.627,0.008,42.229,79.821
1785810095,904161133,1785810095,904161133,66.189,1,848,480,36.69,35.976,1.55,34.426,6.03,8.654,16.794,2.948,28.396,0.706,0.008,42.63,79.348
1785810095,970818848,1785810095,970818848,66.743,1,848,480,36.544,35.943,1.495,34.448,6.371,8.458,16.888,2.731,28.077,0.594,0.008,42.86,79.428
1785810096,37475830,1785810096,37475830,66.39,1,848,480,36.596,35.968,1.562,34.406,6.028,8.652,16.843,2.882,28.378,0.621,0.007,42.541,79.161
1785810096,104139404,1785810096,104139404,66.508,1,848,480,36.502,35.922,1.403,34.519,6.066,8.175,16.929,3.35,28.453,0.573,0.007,42.48,79.005
1785810096,170808350,1785810096,170808350,71.031,1,848,480,36.053,35.349,1.29,34.059,6.095,8.327,17.031,2.607,27.965,0.696,0.008,47.292,83.37
1785810096,237476563,1785810096,237476563,70.103,1,848,480,43.871,43.136,1.481,41.655,6.045,8.674,21.066,5.871,35.611,0.726,0.008,42.909,86.812
1785810096,270810303,1785810096,270810303,56.075,1,848,480,51.877,50.89,0.885,50.005,15.358,14.143,17.277,3.227,34.647,0.978,0.01,57.646,109.566
1785810096,304143799,1785810096,304143799,51.857,1,848,480,44.4,43.769,6.706,37.063,7.478,9.341,17.398,2.847,29.585,0.623,0.008,83.675,128.069
1785810096,370810303,1785810096,370810303,51.72,1,848,480,51.183,50.513,1.079,49.434,21.048,8.359,16.916,3.11,28.386,0.662,0.008,61.904,113.122
1785810096,437476074,1785810096,437476074,44.125,1,848,480,43.749,42.991,1.941,41.05,12.199,8.718,17.122,3.011,28.851,0.749,0.009,46.795,90.593
1785810096,470808594,1785810096,470808594,56.922,1,848,480,54.432,53.662,2.352,51.31,23.072,8.493,16.693,3.052,28.238,0.762,0.008,59.72,114.172
1785810096,537473145,1785810096,537473145,52.503,1,848,480,52.057,51.354,1.228,50.126,22.462,8.641,16.548,2.474,27.664,0.695,0.008,47.916,100.022
1785810096,570805176,1785810096,570805176,47.934,1,848,480,47.384,46.787,0.966,45.82,17.283,8.621,16.99,2.926,28.537,0.59,0.007,67.191,114.608
1785810096,637468506,1785810096,637468506,42.154,1,848,480,41.768,40.879,0.863,40.016,11.863,8.356,17.07,2.728,28.153,0.879,0.01,48.299,90.12
1785810096,704130859,1785810096,704130859,58.76,1,848,480,37.067,36.431,1.539,34.893,6.206,8.236,17.025,3.425,28.686,0.628,0.008,45.109,82.201
1785810096,770792725,1785810096,770792725,67.228,1,848,480,38.805,38.077,1.804,36.273,7.043,8.302,17.084,3.844,29.23,0.718,0.009,43.938,86.457
1785810096,804123047,1785810096,804123047,66.545,1,848,480,60.134,59.464,2.793,56.671,26.653,9.552,16.993,3.472,30.018,0.662,0.008,55.827,115.979
1785810096,870783691,1785810096,870783691,52.502,1,848,480,49.651,48.791,10.123,38.668,9.921,8.985,16.758,3.004,28.747,0.85,0.01,52.157,101.846
1785810096,904113525,1785810096,904113525,49.273,1,848,480,47.656,46.969,1.1,45.869,16.541,8.689,17.259,3.38,29.329,0.68,0.007,70.092,117.765
1785810096,970772705,1785810096,970772705,41.502,1,848,480,41.069,40.13,0.873,39.257,6.923,11.567,17.392,3.375,32.334,0.93,0.009,51.502,92.619
1785810097,4102051,1785810097,4102051,52.844,1,848,480,40.793,40.062,2.94,37.122,7.224,9.049,17.437,3.411,29.898,0.722,0.008,71.308,112.125
1785810097,70760742,1785810097,70760742,81.02,1,848,480,58.7,57.831,1.005,56.826,13.661,21.307,18.614,3.244,43.164,0.859,0.01,67.763,126.496
1785810097,137596680,1785810097,137596680,58.477,1,848,480,57.963,57.069,7.394,49.675,13.86,14.932,17.597,3.286,35.816,0.885,0.008,60.127,118.126
1785810097,204434326,1785810097,204434326,61.55,1,848,480,56.139,55.52,5.906,49.614,10.138,17.107,17.399,4.971,39.476,0.611,0.008,56.674,112.839
1785810097,271273438,1785810097,271273438,45.15,1,848,480,43.601,42.948,1.007,41.941,13.079,8.622,17.323,2.917,28.862,0.644,0.009,47.522,91.151
1785810097,338113770,1785810097,338113770,76.793,1,848,480,53.951,53.165,1.961,51.204,12.237,16.379,19.076,3.512,38.968,0.778,0.009,47.127,101.108
1785810097,371534668,1785810097,371534668,73.162,1,848,480,69.874,69.127,4.892,64.235,18.819,21.746,17.587,6.082,45.416,0.738,0.008,70.944,140.853
1785810097,438377197,1785810097,438377197,53.105,1,848,480,52.667,51.914,5.163,46.751,15.833,10.813,17.259,2.846,30.918,0.744,0.009,74.401,127.11
1785810097,505221191,1785810097,505221191,71.479,1,848,480,68.934,68.043,5.193,62.85,24.595,17.198,17.529,3.529,38.255,0.878,0.013,62.827,131.781
1785810097,605489990,1785810097,605489990,85.781,1,848,480,50.214,49.429,4.662,44.768,14.779,9.666,17.014,3.31,29.989,0.776,0.009,67.018,117.261
1785810097,672337646,1785810097,672337646,69.999,1,848,480,63.822,61.429,4.273,57.157,28.729,8.682,17.226,2.52,28.428,2.377,0.016,56.559,120.444
1785810097,739186768,1785810097,739186768,57.555,1,848,480,56.009,52.604,6.839,45.765,15.899,9.948,16.839,3.079,29.866,3.391,0.013,55.085,111.137
1785810097,772611816,1785810097,772611816,45.738,1,848,480,45.145,44.375,2.181,42.195,11.585,10.325,17.255,3.029,30.61,0.759,0.01,78.245,123.44
1785810097,839463135,1785810097,839463135,57.612,1,848,480,57.062,56.258,1.11,55.148,24.289,9.892,17.446,3.521,30.859,0.794,0.01,57.086,114.192
1785810097,906315918,1785810097,906315918,53.23,1,848,480,52.808,51.951,0.898,51.053,14.288,16.074,17.569,3.122,36.766,0.847,0.01,47.715,102.789
1785810097,939742676,1785810097,939742676,61.77,1,848,480,54.052,53.373,12.636,40.737,6.246,10.666,17.377,6.448,34.491,0.671,0.008,74.828,128.906
1785810098,6597656,1785810098,6597656,41.263,1,848,480,40.658,39.929,2.138,37.791,8.255,9.618,16.942,2.975,29.536,0.72,0.009,62.616,103.326
1785810098,73452148,1785810098,73452148,52.874,1,848,480,39.274,38.64,2.211,36.428,7.549,9.423,16.95,2.506,28.879,0.627,0.007,50.032,89.328
1785810098,140107666,1785810098,140107666,77.119,1,848,480,52.088,51.354,2.452,48.903,7.663,21.873,16.655,2.712,41.24,0.725,0.009,47.691,99.933
1785810098,173435059,1785810098,173435059,45.299,1,848,480,44.716,44.019,0.87,43.15,12.432,10.15,17.102,3.466,30.718,0.689,0.008,67.011,111.762
1785810098,240088867,1785810098,240088867,39.291,1,848,480,38.841,37.894,0.866,37.028,8.624,8.343,17.115,2.947,28.404,0.938,0.009,45.523,84.498
1785810098,306741699,1785810098,306741699,64.927,1,848,480,37.464,36.515,1.518,34.998,6.244,8.248,17.195,3.311,28.754,0.941,0.008,45.186,82.679
1785810098,373393311,1785810098,373393311,87.802,1,848,480,60.064,59.424,0.754,58.67,12.394,26.114,17.17,2.992,46.276,0.631,0.009,43.737,103.835
1785810098,406718750,1785810098,406718750,48.542,1,848,480,48.053,47.318,1.099,46.219,17.869,8.568,17.205,2.577,28.35,0.726,0.009,70.956,119.056
1785810098,473368896,1785810098,473368896,46.337,1,848,480,45.869,45.166,1.285,43.881,16.034,8.611,16.593,2.643,27.846,0.695,0.008,52.825,98.739
1785810098,506693604,1785810098,506693604,47.493,1,848,480,46.094,45.492,1.059,44.433,15.758,8.696,16.934,3.045,28.675,0.595,0.007,66.772,112.891
1785810098,573342041,1785810098,573342041,43.027,1,848,480,42.653,42.009,1.972,40.036,10.245,9.261,17.037,3.493,29.792,0.637,0.008,46.584,89.278
1785810098,639989502,1785810098,639989502,57.392,1,848,480,35.778,35.124,1.487,33.638,6.028,8.17,16.902,2.539,27.61,0.646,0.007,44.217,80.02
1785810098,706635986,1785810098,706635986,65.041,1,848,480,36.237,35.586,1.498,34.088,6.047,8.177,16.833,3.031,28.041,0.643,0.008,42.153,78.413
1785810098,773281250,1785810098,773281250,66.809,1,848,480,36.387,35.72,1.614,34.106,6.182,8.309,16.814,2.8,27.923,0.66,0.008,42.166,78.577
1785810098,839925537,1785810098,839925537,67.791,1,848,480,37.398,36.735,1.995,34.741,6.603,8.683,16.835,2.621,28.138,0.655,0.007,42.303,79.724
1785810098,906568848,1785810098,906568848,65.648,1,848,480,36.142,35.534,1.516,34.018,5.924,8.548,16.867,2.68,28.094,0.601,0.007,42.56,78.729
1785810098,973210938,1785810098,973210938,66.994,1,848,480,36.234,35.506,1.476,34.03,6.194,8.484,16.762,2.59,27.836,0.721,0.008,42.822,79.096
1785810099,39852051,1785810099,39852051,66.201,1,848,480,35.955,35.351,1.493,33.858,5.863,8.145,16.827,3.024,27.995,0.597,0.008,42.66,78.638
1785810099,106493652,1785810099,106493652,66.903,1,848,480,36.191,35.559,1.514,34.046,5.968,8.297,16.847,2.933,28.077,0.623,0.009,42.687,78.909
1785810099,173390625,1785810099,173390625,66.604,1,848,480,36.027,35.27,1.521,33.75,6.112,8.106,16.87,2.662,27.638,0.749,0.007,42.557,78.657
1785810099,240291016,1785810099,240291016,66.86,1,848,480,36.428,35.778,1.447,34.331,6.206,8.659,16.818,2.647,28.125,0.643,0.008,42.115,78.566
1785810099,307194580,1785810099,307194580,76.674,1,848,480,46.096,44.876,1.736,43.14,6.932,8.794,19.128,8.286,36.208,1.211,0.009,42.223,88.614
1785810099,340647461,1785810099,340647461,47.789,1,848,480,47.001,46.163,1.047,45.116,11.354,13.598,16.668,3.496,33.762,0.829,0.009,55.665,102.936
1785810099,374101074,1785810099,374101074,46.805,1,848,480,46.004,45.262,4.088,41.174,12.998,8.667,16.973,2.535,28.176,0.734,0.008,69.988,116.027
1785810099,407555664,1785810099,407555664,42.997,1,848,480,42.608,41.791,1.553,40.239,10.878,9.4,17.069,2.892,29.361,0.808,0.008,82.923,125.573
1785810099,507924316,1785810099,507924316,54.827,1,848,480,38.21,37.483,1.523,35.96,7.3,8.271,17.019,3.37,28.66,0.718,0.008,41.793,80.033
1785810099,574840576,1785810099,574840576,64.228,1,848,480,36.384,35.775,1.434,34.341,6.632,8.091,16.811,2.808,27.71,0.601,0.008,40.929,77.336
1785810099,641760254,1785810099,641760254,66.744,1,848,480,36.041,35.394,1.466,33.929,6.275,8.136,16.839,2.679,27.654,0.639,0.008,41.095,77.159
1785810099,708683105,1785810099,708683105,67.697,1,848,480,36.551,35.838,1.55,34.289,6.48,8.122,16.841,2.845,27.808,0.705,0.008,41.363,77.941
1785810099,775609131,1785810099,775609131,65.838,1,848,480,36.331,35.703,1.503,34.2,6.414,8.166,16.776,2.844,27.787,0.583,0.045,40.53,76.888
1785810099,842538330,1785810099,842538330,67.118,1,848,480,36.627,35.961,1.635,34.326,5.976,8.573,16.925,2.853,28.351,0.658,0.008,40.385,77.037
1785810099,909470703,1785810099,909470703,66.931,1,848,480,36.686,36.053,1.47,34.583,6.44,8.423,16.927,2.792,28.142,0.625,0.008,40.324,77.04
1785810099,976406494,1785810099,976406494,66.41,1,848,480,36.9,36.264,1.496,34.768,6.505,8.655,16.883,2.725,28.263,0.629,0.007,39.584,76.511
1785810100,43345215,1785810100,43345215,66.332,1,848,480,36.132,35.544,1.492,34.052,6.32,8.123,16.812,2.797,27.732,0.58,0.008,39.748,75.908
1785810100,110287354,1785810100,110287354,67.389,1,848,480,36.649,35.991,2.164,33.827,5.923,8.214,16.869,2.822,27.904,0.65,0.007,39.679,76.351
1785810100,177099609,1785810100,177099609,66.079,1,848,480,36.276,35.642,1.482,34.16,6.409,8.068,16.84,2.842,27.75,0.627,0.007,39.331,75.616
1785810100,243912842,1785810100,243912842,67.598,1,848,480,36.893,36.266,1.474,34.792,6.37,8.659,16.884,2.879,28.422,0.619,0.007,39.497,76.402
1785810100,310726807,1785810100,310726807,75.796,1,848,480,40.578,39.908,1.561,38.347,9.541,8.443,17.121,3.242,28.806,0.661,0.008,44.785,85.388
1785810100,377541992,1785810100,377541992,58.52,1,848,480,37.612,36.948,1.615,35.332,6.807,8.476,17.018,3.031,28.525,0.657,0.007,39.452,77.091
1785810100,444358154,1785810100,444358154,68.001,1,848,480,38.481,37.714,1.958,35.755,6.617,8.815,17.249,3.074,29.139,0.76,0.007,39.77,78.274
1785810100,511175049,1785810100,511175049,65.609,1,848,480,37.537,36.899,1.561,35.338,6.236,8.571,16.962,3.569,29.103,0.63,0.008,39.504,77.071
1785810100,577992920,1785810100,577992920,64.879,1,848,480,36.56,35.953,1.497,34.456,6.098,8.622,17.027,2.71,28.358,0.601,0.007,38.576,75.123
1785810100,644812012,1785810100,644812012,66.903,1,848,480,36.574,35.929,1.232,34.697,6.743,8.089,16.905,2.961,27.955,0.637,0.008,38.626,75.211
1785810100,711631836,1785810100,711631836,66.315,1,848,480,36.512,35.923,1.442,34.481,6.342,8.533,16.899,2.708,28.14,0.581,0.007,38.168,74.703
1785810100,778452637,1785810100,778452637,66.867,1,848,480,36.024,35.374,1.53,33.845,6.053,8.097,16.829,2.866,27.792,0.643,0.007,38.701,74.75
1785810100,845274414,1785810100,845274414,67.271,1,848,480,37.228,35.946,1.435,34.511,6.08,8.432,16.9,3.099,28.431,1.271,0.01,37.951,75.22
1785810100,912097168,1785810100,912097168,69.424,1,848,480,38.498,37.772,2.343,35.428,6.19,8.196,18.456,2.587,29.239,0.719,0.008,39.282,77.808
1785810100,978920898,1785810100,978920898,63.575,1,848,480,36.202,35.605,1.457,34.148,5.963,8.089,16.871,3.225,28.185,0.589,0.008,38.327,74.551
1785810101,45745605,1785810101,45745605,67.375,1,848,480,36.923,36.263,1.64,34.622,6.096,8.618,16.893,3.016,28.527,0.652,0.008,38.157,75.105
1785810101,79158447,1785810101,79158447,51.196,1,848,480,36.389,35.622,0.802,34.82,6.75,8.663,16.832,2.576,28.07,0.759,0.007,56.475,92.887
1785810101,145967529,1785810101,145967529,54.442,1,848,480,39.928,39.094,1.699,37.396,7.636,9.068,17.316,3.376,29.76,0.825,0.008,40.568,80.525
1785810101,212762695,1785810101,212762695,61.52,1,848,480,37.198,36.555,1.74,34.814,6.686,8.532,16.879,2.718,28.128,0.636,0.007,38.022,75.241
1785810101,279558350,1785810101,279558350,68.566,1,848,480,38.962,38.263,1.744,36.519,7.157,8.959,17.802,2.601,29.362,0.691,0.008,38.027,77.02
1785810101,346354492,1785810101,346354492,67.485,1,848,480,38.98,38.32,2.068,36.252,7.264,8.771,17.21,3.007,28.988,0.652,0.009,38.701,77.707
1785810101,413151611,1785810101,413151611,64.686,1,848,480,37.501,36.891,1.638,35.253,6.629,8.46,16.97,3.194,28.625,0.604,0.007,38.066,75.589
1785810101,479949219,1785810101,479949219,67.263,1,848,480,38.274,37.645,1.598,36.047,6.974,9.134,17.018,2.921,29.073,0.622,0.007,37.76,76.061
1785810101,546747559,1785810101,546747559,68.995,1,848,480,38.417,37.782,1.637,36.145,8.262,8.374,16.968,2.541,27.884,0.627,0.008,39.814,78.257
1785810101,613546387,1785810101,613546387,63.099,1,848,480,37.221,36.555,1.663,34.892,7.024,8.501,16.787,2.58,27.868,0.659,0.007,37.309,74.554
1785810101,680345947,1785810101,680345947,66.73,1,848,480,37.192,36.587,1.594,34.994,6.516,9.091,16.844,2.543,28.478,0.597,0.007,37.269,74.483
1785810101,747146240,1785810101,747146240,71.693,1,848,480,41.371,40.755,1.665,39.089,10.676,8.719,17.056,2.637,28.413,0.609,0.007,37.984,79.391
1785810101,813947021,1785810101,813947021,63.453,1,848,480,38.931,38.273,1.625,36.648,6.874,10.31,16.954,2.51,29.774,0.65,0.008,37.074,76.032
1785810101,880748535,1785810101,880748535,65.346,1,848,480,37.43,36.83,1.753,35.077,6.456,9.066,16.916,2.64,28.622,0.593,0.007,37.12,74.572
1785810101,947550781,1785810101,947550781,67.135,1,848,480,37.821,37.174,1.671,35.502,6.714,9.178,16.89,2.72,28.788,0.599,0.049,37.103,74.95
1785810102,14353516,1785810102,14353516,67.104,1,848,480,38.237,37.571,1.7,35.871,6.985,9.416,16.924,2.546,28.886,0.658,0.008,36.947,75.21
1785810102,81156982,1785810102,81156982,64.591,1,848,480,36.192,35.603,1.645,33.959,6.042,8.408,16.78,2.73,27.917,0.582,0.007,36.779,72.993
1785810102,114558350,1785810102,114558350,54.966,1,848,480,39.94,39.233,0.822,38.411,6.878,11.834,16.948,2.75,31.532,0.698,0.009,54.602,94.574
1785810102,181424561,1785810102,181424561,47.786,1,848,480,37.301,36.647,2.077,34.57,6.163,8.513,16.952,2.941,28.406,0.646,0.007,38.157,75.484
1785810102,248293457,1785810102,248293457,65.956,1,848,480,38.179,37.504,1.474,36.03,7.695,8.823,16.923,2.589,28.335,0.667,0.008,36.365,74.569
1785810102,315165283,1785810102,315165283,82.054,1,848,480,52.38,51.631,0.951,50.681,12.983,8.764,18.331,10.603,37.698,0.74,0.009,37.35,89.763
1785810102,348602051,1785810102,348602051,55.325,1,848,480,54.759,54.035,6.407,47.629,19.655,8.37,17.002,2.601,27.974,0.715,0.009,56.85,111.647
1785810102,415477783,1785810102,415477783,48.637,1,848,480,48.129,46.166,5.364,40.802,11.89,9.674,16.53,2.709,28.913,1.95,0.013,45.243,93.439
1785810102,448916504,1785810102,448916504,44.336,1,848,480,42.012,41.235,2.695,38.54,8.021,10.762,16.896,2.861,30.519,0.769,0.008,62.263,104.301
1785810102,549237061,1785810102,549237061,70.996,1,848,480,38.32,37.658,1.057,36.601,8.749,8.327,17.071,2.455,27.853,0.654,0.007,36.63,74.973
1785810102,616120605,1785810102,616120605,68.062,1,848,480,41.026,40.345,1.595,38.75,6.442,12.916,16.946,2.447,32.308,0.674,0.008,35.1,76.165
1785810102,683006836,1785810102,683006836,63.662,1,848,480,37.51,36.873,1.626,35.247,6.608,9.111,16.899,2.628,28.638,0.629,0.008,35.393,72.923
1785810102,749895996,1785810102,749895996,66.122,1,848,480,37.185,36.541,1.57,34.971,7.206,8.484,16.722,2.559,27.765,0.637,0.008,34.951,72.156
1785810102,816787598,1785810102,816787598,72.738,1,848,480,42.824,41.981,1.714,40.266,7.322,12.518,17.508,2.918,32.944,0.834,0.009,35.159,78.021
1785810102,883681885,1785810102,883681885,66.535,1,848,480,40.499,39.854,1.979,37.875,7.157,10.82,17.105,2.793,30.718,0.638,0.008,37.129,77.652
1785810102,950578857,1785810102,950578857,63.138,1,848,480,39.127,37.971,1.595,36.376,7.328,9.137,16.96,2.951,29.049,1.145,0.011,34.74,73.907
1785810103,17478516,1785810103,17478516,75.13,1,848,480,46.904,46.213,1.858,44.355,16.004,8.49,17.1,2.761,28.351,0.683,0.008,35.189,82.121
1785810103,50929443,1785810103,50929443,40.352,1,848,480,39.945,39.248,3.314,35.934,7.178,9.207,16.994,2.554,28.755,0.69,0.007,49.037,89.02
1785810103,117831299,1785810103,117831299,55.974,1,848,480,39.816,39.044,1.233,37.81,6.411,8.534,19.619,3.246,31.399,0.765,0.007,38.25,78.092
1785810103,151212158,1785810103,151212158,51.025,1,848,480,40.694,40.007,2.436,37.571,8.365,9.561,16.582,3.062,29.206,0.677,0.01,55.024,95.748
1785810103,217991943,1785810103,217991943,51.282,1,848,480,39.968,39.171,1.903,37.268,7.589,8.52,17.259,3.9,29.679,0.789,0.009,40.25,80.251
1785810103,284771973,1785810103,284771973,64.908,1,848,480,43.932,42.704,2.753,39.951,8.908,9.568,17.07,4.405,31.043,1.219,0.009,34.412,78.386
1785810103,351552490,1785810103,351552490,65.028,1,848,480,41.621,40.979,1.037,39.942,10.748,9.491,17.121,2.583,29.194,0.635,0.008,34.97,76.62
1785810103,418333496,1785810103,418333496,65.001,1,848,480,41.045,40.368,1.56,38.808,6.647,12.693,16.979,2.49,32.162,0.669,0.007,33.765,74.834
1785810103,485114746,1785810103,485114746,64.465,1,848,480,38.542,37.883,1.817,36.066,7.175,9.05,17.202,2.639,28.891,0.651,0.008,33.954,72.522
1785810103,551896484,1785810103,551896484,70.671,1,848,480,42.986,42.311,1.555,40.756,12.711,8.352,17.241,2.452,28.045,0.667,0.008,33.397,76.427
1785810103,618678711,1785810103,618678711,61.672,1,848,480,37.526,36.875,1.607,35.269,6.787,9.081,16.888,2.512,28.482,0.644,0.006,33.789,71.295
1785810103,685461182,1785810103,685461182,66.837,1,848,480,37.666,37.031,1.607,35.424,6.92,8.834,16.903,2.767,28.504,0.628,0.007,33.661,71.349
1785810103,752244141,1785810103,752244141,72.789,1,848,480,43.702,43.041,2.194,40.847,6.963,13.814,17.279,2.79,33.883,0.654,0.006,33.629,77.357
1785810103,819027344,1785810103,819027344,60.793,1,848,480,37.811,37.206,1.57,35.636,6.832,9.191,16.917,2.696,28.804,0.598,0.007,33.531,71.365
1785810103,885811035,1785810103,885811035,65.841,1,848,480,36.815,36.205,1.686,34.52,6.61,8.4,16.761,2.748,27.91,0.602,0.007,33.619,70.422
1785810103,952594971,1785810103,952594971,69.8,1,848,480,39.885,39.271,1.634,37.637,6.7,11.313,17.123,2.5,30.936,0.607,0.008,33.532,73.442
1785810104,19379395,1785810104,19379395,66.298,1,848,480,39.48,38.852,1.728,37.123,6.72,10.737,17.208,2.459,30.403,0.605,0.023,33.465,72.972
1785810104,86164307,1785810104,86164307,63.674,1,848,480,36.929,36.225,1.63,34.594,6.674,8.342,16.85,2.729,27.921,0.697,0.008,32.889,69.844
1785810104,152949219,1785810104,152949219,71.428,1,848,480,41.542,40.925,1.548,39.377,6.892,13.026,17.008,2.451,32.485,0.61,0.007,32.919,74.502
1785810104,186252197,1785810104,186252197,42.341,1,848,480,37.476,36.779,2.722,34.057,6.077,8.544,16.94,2.496,27.98,0.69,0.007,46.185,83.529
1785810104,252857178,1785810104,252857178,52.75,1,848,480,36.155,35.514,1.997,33.517,5.84,8.198,16.828,2.652,27.678,0.633,0.008,33.491,69.671
1785810104,319459961,1785810104,319459961,68.299,1,848,480,37.923,37.277,2.344,34.932,6.271,8.634,16.868,3.159,28.662,0.638,0.008,33.422,71.372
1785810104,386060791,1785810104,386060791,67.604,1,848,480,37.211,36.577,1.472,35.106,6.43,8.599,16.973,3.103,28.676,0.625,0.008,35.136,83.398
1785810104,419360596,1785810104,419360596,47.366,1,848,480,35.915,35.254,0.82,34.434,6.359,8.845,16.731,2.499,28.075,0.654,0.007,50.486,86.438
1785810104,485958496,1785810104,485958496,54.783,1,848,480,38.04,37.285,1.676,35.609,6.903,8.645,17.202,2.859,28.706,0.729,0.025,36.575,74.644
1785810104,552554688,1785810104,552554688,62.705,1,848,480,37.18,36.584,1.683,34.901,6.702,8.572,17.011,2.616,28.2,0.588,0.008,33.524,70.728
1785810104,619148926,1785810104,619148926,70.088,1,848,480,40.505,39.874,0.971,38.902,6.674,12.74,17.003,2.486,32.228,0.623,0.008,33.693,74.223
1785810104,685741211,1785810104,685741211,65.616,1,848,480,38.748,38.065,2.122,35.944,7.4,8.328,17.229,2.988,28.544,0.675,0.008,34.475,73.257
1785810104,752331543,1785810104,752331543,66.693,1,848,480,38.687,38.017,0.968,37.049,8.338,9.128,17.082,2.501,28.711,0.662,0.008,34.641,73.35
1785810104,818919922,1785810104,818919922,65.837,1,848,480,38.054,37.441,1.673,35.768,6.896,9.148,17.004,2.72,28.872,0.606,0.008,34.519,72.597
1785810104,885506348,1785810104,885506348,73.808,1,848,480,43.756,43.136,2.229,40.908,12.698,8.706,16.98,2.523,28.21,0.612,0.007,36.048,79.841
1785810104,952090820,1785810104,952090820,65.279,1,848,480,43.557,42.896,1.745,41.151,6.664,14.734,17.08,2.673,34.486,0.654,0.008,34.933,78.518
1785810105,18673584,1785810105,18673584,59.497,1,848,480,36.908,36.245,1.607,34.637,6.679,8.563,16.832,2.564,27.959,0.656,0.008,34.495,71.428
1785810105,85254395,1785810105,85254395,66.847,1,848,480,37.183,36.532,1.489,35.043,6.393,9.139,16.792,2.719,28.65,0.644,0.007,34.488,71.692
1785810105,151835205,1785810105,151835205,77.151,1,848,480,46.34,45.686,2.187,43.499,14.673,9.127,17.081,2.618,28.826,0.647,0.008,35.901,82.266
1785810105,185217773,1785810105,185217773,45.993,1,848,480,42.138,41.218,2.284,38.934,9.488,9.474,17.115,2.856,29.445,0.91,0.01,52.717,95.723
1785810105,251982910,1785810105,251982910,47.933,1,848,480,37.801,36.988,2.47,34.518,6.254,8.179,17.081,3.003,28.264,0.804,0.009,38.223,76.812
1785810105,318748535,1785810105,318748535,70.644,1,848,480,44.459,43.591,3.562,40.03,9.666,8.791,17.215,4.357,30.364,0.858,0.009,35.442,79.927
1785810105,385513916,1785810105,385513916,61.262,1,848,480,38.868,38.055,1.068,36.987,7.678,9.027,17.144,3.139,29.31,0.802,0.011,35.533,74.436
1785810105,452279541,1785810105,452279541,64.774,1,848,480,37.474,36.732,1.287,35.445,6.633,8.618,16.99,3.204,28.811,0.735,0.008,34.929,72.428
1785810105,585811279,1785810105,585811279,132.225,1,848,480,36.443,35.841,1.674,34.167,6.404,8.246,16.809,2.708,27.764,0.595,0.007,34.653,71.118
1785810105,652577393,1785810105,652577393,67.213,1,848,480,35.547,34.931,1.442,33.489,5.975,8.093,16.787,2.633,27.513,0.608,0.008,35.996,71.566
1785810105,719343506,1785810105,719343506,66.167,1,848,480,36.344,35.717,1.595,34.122,6.244,8.443,16.751,2.684,27.878,0.62,0.008,34.599,70.972
1785810105,786109863,1785810105,786109863,66.725,1,848,480,36.412,35.783,1.493,34.29,5.84,8.102,16.992,3.356,28.45,0.622,0.007,34.489,70.965
1785810105,852876221,1785810105,852876221,66.956,1,848,480,36.736,36.07,1.496,34.574,5.926,8.653,16.938,3.057,28.648,0.659,0.008,34.357,71.117
1785810105,919642822,1785810105,919642822,66.932,1,848,480,37.074,36.436,1.44,34.996,6.312,8.589,16.983,3.112,28.684,0.631,0.008,34.183,71.282
1785810105,986409424,1785810105,986409424,66.346,1,848,480,36.662,35.965,1.525,34.44,6.145,8.086,16.872,3.338,28.295,0.689,0.008,34.173,70.862
1785810106,53176270,1785810106,53176270,66.259,1,848,480,36.502,35.888,1.524,34.364,6.047,8.191,16.832,3.293,28.316,0.606,0.008,33.827,70.408
1785810106,119943359,1785810106,119943359,70.75,1,848,480,39.466,38.66,1.533,37.127,6.54,9.173,18.103,3.311,30.588,0.797,0.009,34.846,74.353
1785810106,186622559,1785810106,186622559,72.681,1,848,480,45.163,44.507,1.4,43.108,6.929,11.728,17.398,7.053,36.179,0.647,0.009,35.151,80.343
1785810106,219917969,1785810106,219917969,47.366,1,848,480,43.698,42.765,2.29,40.475,7.263,13.849,16.546,2.817,33.212,0.724,0.208,50.888,94.636
1785810106,286507080,1785810106,286507080,50.657,1,848,480,40.293,39.624,4.091,35.533,6.867,8.854,17.132,2.68,28.667,0.661,0.008,38.162,78.478
1785810106,353093994,1785810106,353093994,61.376,1,848,480,38.409,37.722,2.453,35.27,6.725,9.012,17.072,2.46,28.544,0.679,0.008,34.833,73.27
1785810106,419678711,1785810106,419678711,65.049,1,848,480,36.556,35.872,1.682,34.19,6.487,8.26,16.848,2.596,27.703,0.676,0.007,35.151,71.729
1785810106,486261475,1785810106,486261475,67.391,1,848,480,37.975,37.341,1.561,35.78,6.898,8.938,16.967,2.977,28.882,0.628,0.007,34.539,72.538
1785810106,552841797,1785810106,552841797,66.221,1,848,480,36.911,36.313,1.636,34.678,6.81,8.504,16.801,2.563,27.868,0.591,0.007,35.243,72.177
1785810106,619420166,1785810106,619420166,73.259,1,848,480,43.778,43.097,1.608,41.489,13.115,8.194,17.265,2.914,28.374,0.674,0.008,35.058,78.867
1785810106,685996094,1785810106,685996094,69.569,1,848,480,41.714,40.842,2.344,38.498,7.073,9.058,18.79,3.577,31.425,0.863,0.009,40.12,81.872
1785810106,752570068,1785810106,752570068,68.621,1,848,480,40.536,39.838,1.28,38.558,7.279,10.971,17.354,2.953,31.279,0.69,0.008,43.349,83.904
1785810106,819141846,1785810106,819141846,70.651,1,848,480,47.156,46.446,1.295,45.15,8.683,16.514,17.146,2.807,36.467,0.702,0.009,40.811,87.992
1785810106,852427002,1785810106,852427002,52.709,1,848,480,51.222,50.505,4.338,46.167,11.811,13.543,17.155,3.658,34.356,0.708,0.009,56.161,107.419
1785810106,885711426,1785810106,885711426,48.119,1,848,480,47.661,46.996,1.065,45.93,17.991,8.558,16.869,2.512,27.939,0.658,0.007,74.543,122.238
1785810106,952278809,1785810106,952278809,52.325,1,848,480,51.939,51.084,4.3,46.784,18.15,8.303,16.663,3.667,28.634,0.844,0.01,56.024,108.057
1785810107,18844238,1785810107,18844238,45.289,1,848,480,44.747,44.05,4.19,39.86,7.907,12.521,16.923,2.509,31.953,0.689,0.007,41.94,86.721
1785810107,52125977,1785810107,52125977,43.218,1,848,480,41.384,40.494,0.778,39.716,9.109,11.026,16.663,2.918,30.607,0.881,0.01,55.248,96.671
1785810107,151970215,1785810107,151970215,76.419,1,848,480,36.622,36.013,1.685,34.328,6.492,8.525,16.812,2.498,27.836,0.602,0.007,36.585,73.228
1785810107,218653809,1785810107,218653809,67.872,1,848,480,37.763,37.104,1.665,35.439,6.653,9.028,16.894,2.864,28.786,0.651,0.008,36.633,74.42
1785810107,251995850,1785810107,251995850,46.798,1,848,480,36.139,35.47,0.779,34.691,6.276,8.735,16.991,2.69,28.416,0.661,0.008,51.713,87.876
1785810107,318679688,1785810107,318679688,54.961,1,848,480,37.268,36.561,0.971,35.589,7.675,8.175,17.054,2.685,27.915,0.698,0.009,38.865,76.167
1785810107,385364014,1785810107,385364014,63.894,1,848,480,36.933,36.262,1.486,34.776,6.31,8.538,16.827,3.101,28.466,0.661,0.009,36.407,73.368
1785810107,452048340,1785810107,452048340,66.404,1,848,480,36.533,35.928,1.475,34.454,6.478,8.483,16.773,2.72,27.976,0.597,0.008,36.524,73.082
1785810107,518732910,1785810107,518732910,67.258,1,848,480,36.794,35.721,1.547,34.174,6.015,8.215,16.95,2.994,28.159,1.063,0.01,36.843,73.68
1785810107,585417725,1785810107,585417725,67.783,1,848,480,37.047,36.287,1.432,34.855,6.469,8.584,17.124,2.678,28.386,0.751,0.01,37.684,74.768
1785810107,652102783,1785810107,652102783,64.923,1,848,480,36.427,35.767,1.525,34.242,6.135,8.08,16.862,3.165,28.107,0.652,0.008,36.54,72.992
1785810107,718787842,1785810107,718787842,67.417,1,848,480,37.082,36.427,1.486,34.941,7.099,8.113,16.827,2.903,27.842,0.647,0.008,36.618,73.781
1785810107,785473389,1785810107,785473389,66.601,1,848,480,37.166,36.323,1.559,34.764,7.133,8.205,16.8,2.626,27.631,0.831,0.011,36.451,73.662
1785810107,852158936,1785810107,852158936,69.257,1,848,480,39.514,38.834,1.497,37.337,6.521,8.083,19.951,2.782,30.816,0.671,0.009,36.673,76.226
1785810107,918844727,1785810107,918844727,63.752,1,848,480,36.688,36.077,1.577,34.5,6.276,8.537,16.91,2.777,28.225,0.604,0.007,36.577,73.274
1785810107,985530518,1785810107,985530518,66.712,1,848,480,36.604,35.775,1.499,34.276,5.885,8.178,16.786,3.427,28.391,0.821,0.008,36.673,73.306
1785810108,52216797,1785810108,52216797,66.87,1,848,480,36.74,35.8,1.562,34.238,5.96,8.222,16.888,3.168,28.278,0.93,0.01,36.724,73.512
1785810108,118903076,1785810108,118903076,66.293,1,848,480,36.802,36.168,1.498,34.67,6.18,8.426,16.906,3.158,28.49,0.626,0.008,36.266,73.096
1785810108,185625488,1785810108,185625488,66.554,1,848,480,36.396,35.749,1.577,34.172,5.879,8.142,16.774,3.376,28.293,0.64,0.007,36.503,72.942
1785810108,252232178,1785810108,252232178,69.8,1,848,480,39.647,38.953,1.533,37.42,6.715,9.329,18.322,3.054,30.705,0.685,0.01,36.446,76.134
1785810108,318836914,1785810108,318836914,66.066,1,848,480,37.469,36.827,1.798,35.029,6.507,8.7,17.141,2.681,28.522,0.633,0.009,38.09,75.611
1785810108,385439697,1785810108,385439697,69.934,1,848,480,42.125,41.402,1.665,39.737,10.434,8.142,17.05,4.111,29.303,0.714,0.009,36.761,78.917
1785810108,485340332,1785810108,485340332,97.825,1,848,480,39.84,39.229,1.624,37.604,9.57,8.258,17.183,2.594,28.035,0.604,0.008,36.969,76.834
1785810108,551938232,1785810108,551938232,66.805,1,848,480,39.838,39.204,1.648,37.556,9.513,8.441,17.127,2.474,28.042,0.627,0.007,37.178,77.041
1785810108,618534424,1785810108,618534424,70.203,1,848,480,41.364,40.729,1.66,39.069,9.617,9.815,17.178,2.458,29.451,0.628,0.007,39.26,80.648
1785810108,685128662,1785810108,685128662,60.296,1,848,480,36.32,35.722,1.626,34.096,6.624,8.097,16.803,2.572,27.472,0.59,0.008,38.007,74.347
1785810108,751721191,1785810108,751721191,67.085,1,848,480,37.354,36.616,1.747,34.869,7.14,8.284,16.791,2.654,27.729,0.731,0.008,37.463,74.842
1785810108,818311523,1785810108,818311523,73.306,1,848,480,43.354,42.69,1.664,41.026,12.24,8.926,17.216,2.644,28.786,0.656,0.008,38.18,81.559
1785810108,884900146,1785810108,884900146,61.069,1,848,480,38.119,37.479,1.628,35.852,7.291,8.882,16.889,2.791,28.561,0.632,0.007,37.895,76.037
1785810108,951486572,1785810108,951486572,66.531,1,848,480,37.528,36.914,1.512,35.402,6.906,8.737,16.899,2.86,28.496,0.606,0.007,38.429,75.981
1785810109,18071289,1785810109,18071289,73.67,1,848,480,43.982,43.157,1.742,41.415,10.597,10.499,17.399,2.919,30.818,0.816,0.009,39.064,83.077
1785810109,84654297,1785810109,84654297,63.664,1,848,480,40.118,39.455,2.239,37.216,8.809,8.604,17.111,2.692,28.407,0.656,0.007,40.008,80.15
1785810109,151235107,1785810109,151235107,64.353,1,848,480,38.609,37.958,2.411,35.547,7.217,8.745,17.136,2.448,28.33,0.644,0.007,39.3,77.921
1785810109,217829590,1785810109,217829590,64.713,1,848,480,37.658,36.997,1.612,35.385,7.363,8.301,16.812,2.91,28.022,0.654,0.007,38.357,76.039
1785810109,284442139,1785810109,284442139,69.352,1,848,480,40.214,39.498,1.69,37.808,8.352,8.877,17.412,3.166,29.455,0.709,0.007,38.54,78.783
1785810109,317747559,1785810109,317747559,47.207,1,848,480,37.589,36.832,1.539,35.293,6.621,8.986,17.132,2.554,28.672,0.75,0.007,55.073,92.685
1785810109,384357422,1785810109,384357422,52.744,1,848,480,37.279,36.542,1.585,34.958,6.463,8.061,17.11,3.323,28.495,0.727,0.01,41.516,78.833
1785810109,450965332,1785810109,450965332,66.688,1,848,480,39.999,38.829,1.487,37.342,6.682,10.526,17.161,2.973,30.66,1.161,0.01,38.875,78.912
1785810109,517571289,1785810109,517571289,64.122,1,848,480,37.113,36.234,1.678,34.557,6.3,8.454,16.95,2.853,28.257,0.868,0.011,39.278,76.557
1785810109,584175781,1785810109,584175781,68.311,1,848,480,39.074,38.22,1.515,36.705,6.486,8.437,17.175,4.607,30.219,0.844,0.009,39.022,78.137
1785810109,650778076,1785810109,650778076,64.869,1,848,480,36.675,35.831,1.532,34.299,6.595,8.137,16.787,2.78,27.704,0.834,0.01,39.691,76.408
1785810109,717378906,1785810109,717378906,66.639,1,848,480,37.015,36.26,1.49,34.77,6.316,8.751,16.795,2.908,28.454,0.746,0.01,39.385,76.446
1785810109,783977783,1785810109,783977783,66.566,1,848,480,36.937,36.251,1.573,34.678,6.421,8.672,16.84,2.745,28.257,0.678,0.008,39.467,76.405
1785810109,850574707,1785810109,850574707,66.749,1,848,480,37.209,36.373,1.496,34.877,7.045,8.175,16.793,2.864,27.832,0.825,0.011,39.312,76.567
1785810109,917170166,1785810109,917170166,72.026,1,848,480,41.732,40.464,1.761,38.703,8.123,8.389,18.019,4.172,30.58,1.258,0.01,40.221,81.988
1785810109,983763428,1785810109,983763428,61.499,1,848,480,36.87,36.137,2.19,33.947,6.256,8.073,16.858,2.76,27.691,0.722,0.011,39.988,76.897
1785810110,50355225,1785810110,50355225,71.409,1,848,480,42.013,36.018,1.454,34.564,6.077,8.177,16.949,3.361,28.487,5.881,0.114,39.765,81.962
1785810110,116944824,1785810110,116944824,62.29,1,848,480,37.721,36.951,1.845,35.106,7.283,8.118,16.803,2.902,27.823,0.761,0.009,39.651,77.409
1785810110,183531982,1785810110,183531982,65.227,1,848,480,35.959,35.275,1.399,33.876,6.169,8.095,16.74,2.871,27.706,0.675,0.01,40.055,76.071
1785810110,250138916,1785810110,250138916,68.069,1,848,480,36.988,36.147,1.631,34.516,6.301,8.087,16.829,3.3,28.215,0.831,0.01,40.489,77.56
1785810110,316744141,1785810110,316744141,66.744,1,848,480,37.028,36.387,1.62,34.767,6.94,8.268,16.811,2.749,27.827,0.631,0.01,40.585,77.649
1785810110,350046143,1785810110,350046143,49.177,1,848,480,39.249,38.619,2.626,35.993,6.92,9.607,16.835,2.63,29.073,0.623,0.008,54.239,93.532
1785810110,416648438,1785810110,416648438,56.374,1,848,480,36.181,35.527,0.954,34.573,6.293,8.305,17.083,2.891,28.28,0.646,0.008,47.08,83.283
1785810110,483248779,1785810110,483248779,63.627,1,848,480,38.421,37.712,1.832,35.88,7.805,8.496,17.094,2.485,28.075,0.702,0.008,41.865,80.312
1785810110,549847412,1785810110,549847412,66.597,1,848,480,37.722,37.109,2.021,35.088,6.917,8.399,17.187,2.585,28.171,0.606,0.007,42.564,80.306
1785810110,616444092,1785810110,616444092,69.112,1,848,480,37.81,37.191,1.472,35.72,7.401,8.699,16.997,2.623,28.319,0.611,0.008,44.996,82.823
1785810110,683038818,1785810110,683038818,64.049,1,848,480,39.315,38.69,1.731,36.959,8.804,8.563,17.002,2.59,28.155,0.617,0.008,40.937,80.278
1785810110,749631592,1785810110,749631592,64.184,1,848,480,36.628,35.972,1.676,34.296,6.519,8.171,16.895,2.711,27.777,0.648,0.008,41.218,77.871
1785810110,816222412,1785810110,816222412,67.02,1,848,480,36.956,36.312,1.644,34.668,6.84,8.2,16.916,2.712,27.828,0.637,0.008,41.317,78.298
1785810110,882811523,1785810110,882811523,69.155,1,848,480,38.939,38.284,2.089,36.195,8.011,8.3,17.14,2.743,28.183,0.647,0.008,41.9,80.869
1785810110,949398682,1785810110,949398682,67.315,1,848,480,39.077,38.421,1.934,36.487,7.63,9.121,17.093,2.643,28.857,0.649,0.007,42.49,81.593
1785810111,49275879,1785810111,49275879,97.01,1,848,480,37.05,36.368,1.59,34.778,6.843,8.198,16.796,2.94,27.935,0.674,0.008,41.652,78.736
1785810111,115858398,1785810111,115858398,67.334,1,848,480,37.571,36.844,1.477,35.367,6.618,8.637,16.913,3.2,28.75,0.716,0.011,41.884,79.5
1785810111,182437500,1785810111,182437500,71.0,1,848,480,41.857,41.234,1.548,39.685,11.695,8.096,17.193,2.702,27.99,0.616,0.008,42.016,83.901
1785810111,249044434,1785810111,249044434,62.274,1,848,480,37.097,36.359,1.571,34.788,6.364,8.132,16.865,3.426,28.423,0.728,0.01,42.447,79.583
1785810111,315649658,1785810111,315649658,67.839,1,848,480,38.585,37.513,1.816,35.698,7.508,8.388,16.843,2.958,28.189,1.062,0.009,42.191,80.83
1785810111,382252686,1785810111,382252686,65.996,1,848,480,37.103,36.277,1.483,34.794,6.153,8.352,16.93,3.36,28.641,0.816,0.01,43.066,80.204
1785810111,448854004,1785810111,448854004,68.345,1,848,480,38.029,37.377,1.504,35.873,7.066,8.586,17.082,3.14,28.807,0.644,0.008,43.882,82.057
1785810111,515453369,1785810111,515453369,64.961,1,848,480,37.622,37.007,1.518,35.489,6.196,8.582,17.073,3.637,29.293,0.607,0.008,42.651,80.3
1785810111,582050781,1785810111,582050781,69.029,1,848,480,39.973,39.134,1.498,37.636,9.044,8.524,16.83,3.237,28.592,0.83,0.009,42.732,82.738
1785810111,648646240,1785810111,648646240,64.286,1,848,480,37.712,37.153,1.551,35.602,7.787,8.157,16.794,2.864,27.815,0.551,0.007,42.681,80.417
1785810111,715239990,1785810111,715239990,66.652,1,848,480,37.1,36.173,1.541,34.632,6.234,8.079,16.9,3.42,28.398,0.913,0.014,43.359,80.507
1785810111,748536133,1785810111,748536133,46.717,1,848,480,37.42,36.789,1.777,35.012,6.272,9.312,16.811,2.618,28.74,0.624,0.008,56.448,93.939
1785810111,815126709,1785810111,815126709,62.601,1,848,480,43.208,42.534,0.933,41.601,13.357,8.542,17.074,2.628,28.244,0.665,0.008,46.683,89.915
1785810111,881715820,1785810111,881715820,61.488,1,848,480,41.587,40.948,1.859,39.089,11.38,8.172,16.974,2.564,27.71,0.632,0.008,43.197,84.81
1785810111,948302734,1785810111,948302734,65.24,1,848,480,39.472,38.839,3.23,35.609,7.325,8.571,17.049,2.664,28.284,0.625,0.008,43.966,83.462
1785810112,14887695,1785810112,14887695,64.046,1,848,480,36.652,36.001,1.948,34.053,6.357,8.134,16.876,2.686,27.697,0.643,0.007,44.246,80.921
1785810112,81470947,1785810112,81470947,67.544,1,848,480,38.42,37.81,1.817,35.993,7.54,8.825,16.961,2.667,28.452,0.603,0.008,43.438,81.884
1785810112,148052246,1785810112,148052246,66.688,1,848,480,38.131,37.529,1.692,35.837,7.582,8.856,16.887,2.51,28.254,0.594,0.008,43.834,81.989
1785810112,214645752,1785810112,214645752,67.19,1,848,480,38.652,37.989,2.669,35.32,7.497,8.183,17.002,2.638,27.823,0.656,0.008,43.91,82.587
1785810112,281253418,1785810112,281253418,66.899,1,848,480,38.989,38.29,1.704,36.586,7.633,8.626,17.049,3.279,28.953,0.692,0.008,43.866,82.883
1785810112,347859131,1785810112,347859131,70.473,1,848,480,40.479,39.629,1.646,37.983,9.365,8.827,17.025,2.766,28.618,0.842,0.008,46.248,86.755
1785810112,381161377,1785810112,381161377,49.266,1,848,480,43.396,39.64,0.837,38.803,6.436,12.761,17.113,2.492,32.367,3.742,0.014,59.298,102.737
1785810112,447764404,1785810112,447764404,49.555,1,848,480,39.166,38.511,1.469,37.042,6.067,8.144,19.996,2.834,30.975,0.647,0.008,46.472,85.663
1785810112,514365479,1785810112,514365479,66.03,1,848,480,40.676,40.075,1.483,38.591,10.387,8.103,16.987,3.116,28.205,0.594,0.008,44.39,85.091
1785810112,580964844,1785810112,580964844,63.524,1,848,480,37.511,36.772,1.609,35.163,6.711,8.077,16.787,3.588,28.452,0.73,0.01,44.481,86.681
1785810112,647562256,1785810112,647562256,66.876,1,848,480,37.426,36.671,1.567,35.104,6.509,8.12,16.878,3.597,28.595,0.745,0.01,44.879,88.013
1785810112,714157715,1785810112,714157715,70.687,1,848,480,41.993,41.331,2.142,39.189,8.233,8.272,19.527,3.156,30.956,0.655,0.007,44.368,86.39
1785810112,780751465,1785810112,780751465,63.467,1,848,480,38.313,37.529,2.571,34.958,6.669,8.235,16.893,3.162,28.29,0.776,0.008,44.922,83.264
1785810112,847343262,1785810112,847343262,66.118,1,848,480,37.194,36.491,0.918,35.572,6.716,8.31,17.017,3.53,28.856,0.694,0.009,45.573,82.801
1785810112,913933105,1785810112,913933105,68.823,1,848,480,39.795,38.924,1.471,37.453,8.741,8.564,16.84,3.309,28.712,0.86,0.011,45.202,85.04
1785810112,980520996,1785810112,980520996,68.19,1,848,480,39.639,39.018,1.417,37.601,6.379,9.136,18.91,3.176,31.221,0.613,0.008,46.958,86.624
1785810113,47107178,1785810113,47107178,67.287,1,848,480,42.058,41.422,2.184,39.238,8.077,8.766,18.99,3.405,31.161,0.628,0.008,45.241,87.338
1785810113,113691406,1785810113,113691406,63.651,1,848,480,38.738,37.886,1.592,36.294,6.458,8.538,16.964,4.334,29.836,0.84,0.011,45.63,84.417
1785810113,180270264,1785810113,180270264,64.2,1,848,480,36.594,35.93,1.483,34.446,6.365,8.085,16.747,3.249,28.081,0.655,0.009,45.393,82.022
1785810113,246964844,1785810113,246964844,68.211,1,848,480,37.33,36.678,1.55,35.128,6.274,8.309,17.091,3.453,28.853,0.642,0.01,46.174,83.549
1785810113,313659912,1785810113,313659912,70.564,1,848,480,41.444,40.778,1.625,39.153,6.647,8.393,16.915,7.197,32.506,0.658,0.008,45.925,87.396
1785810113,380355225,1785810113,380355225,62.662,1,848,480,37.579,36.917,1.476,35.441,6.291,8.708,16.919,3.523,29.149,0.654,0.009,45.757,83.37
1785810113,447051025,1785810113,447051025,71.186,1,848,480,42.503,41.866,1.449,40.417,11.88,8.559,16.849,3.129,28.538,0.629,0.008,45.322,87.851
1785810113,513747314,1785810113,513747314,64.429,1,848,480,39.774,39.118,1.574,37.544,8.773,8.442,16.997,3.333,28.771,0.648,0.008,45.788,85.581
1785810113,580444092,1785810113,580444092,65.236,1,848,480,38.273,37.554,1.454,36.1,6.25,8.473,16.88,4.496,29.849,0.711,0.008,45.825,84.128
1785810113,647141113,1785810113,647141113,66.335,1,848,480,37.648,36.884,1.62,35.264,6.35,8.165,16.855,3.893,28.914,0.755,0.009,46.091,83.769
1785810113,713838623,1785810113,713838623,68.356,1,848,480,39.539,38.935,1.548,37.387,9.045,8.096,16.893,3.353,28.342,0.597,0.008,45.855,85.416
1785810113,780536377,1785810113,780536377,65.372,1,848,480,37.462,36.815,0.81,36.005,6.669,8.651,17.054,3.632,29.336,0.64,0.007,46.608,84.095
1785810113,847234619,1785810113,847234619,68.344,1,848,480,39.75,39.096,1.775,37.322,6.969,8.671,17.005,4.677,30.353,0.645,0.008,45.967,85.739
1785810113,913933350,1785810113,913933350,63.267,1,848,480,36.358,35.719,1.538,34.18,5.953,8.114,16.894,3.22,28.228,0.63,0.009,45.925,82.319
1785810113,980632568,1785810113,980632568,67.813,1,848,480,37.283,36.632,1.46,35.172,6.882,8.262,16.803,3.225,28.29,0.645,0.007,46.112,83.42
1785810114,47332031,1785810114,47332031,67.262,1,848,480,38.164,37.593,1.656,35.937,8.031,8.107,16.815,2.984,27.906,0.564,0.007,45.795,83.981
1785810114,114031982,1785810114,114031982,70.463,1,848,480,41.868,36.643,1.584,35.06,6.715,8.257,16.788,3.3,28.345,5.214,0.011,45.857,87.765
1785810114,180734131,1785810114,180734131,62.567,1,848,480,38.074,37.396,1.488,35.908,6.46,8.152,16.888,4.408,29.448,0.669,0.009,45.513,83.623
1785810114,247358154,1785810114,247358154,66.234,1,848,480,36.908,36.183,1.542,34.641,5.836,8.317,17.128,3.359,28.805,0.717,0.009,46.289,83.229
1785810114,313980713,1785810114,313980713,70.029,1,848,480,40.322,39.678,2.55,37.128,6.525,8.598,19.09,2.915,30.604,0.636,0.008,46.282,86.635
1785810114,380601563,1785810114,380601563,64.223,1,848,480,38.152,37.509,1.512,35.998,5.858,8.651,16.84,4.649,30.14,0.635,0.008,46.054,84.232
1785810114,447220947,1785810114,447220947,68.816,1,848,480,39.787,39.137,1.967,37.17,6.302,8.845,19.542,2.481,30.867,0.643,0.008,46.617,86.427
1785810114,513838623,1785810114,513838623,68.175,1,848,480,41.569,40.848,1.525,39.324,9.608,8.218,17.095,4.403,29.716,0.712,0.008,46.391,87.985
1785810114,580454834,1785810114,580454834,63.019,1,848,480,37.913,37.257,1.551,35.705,6.935,8.435,16.916,3.419,28.77,0.648,0.007,46.45,84.389
1785810114,647069336,1785810114,647069336,67.198,1,848,480,38.568,37.93,1.563,36.368,7.513,8.477,16.865,3.513,28.855,0.631,0.007,46.376,84.973
1785810114,713682129,1785810114,713682129,66.17,1,848,480,37.779,37.167,1.537,35.629,6.662,8.542,16.934,3.492,28.968,0.605,0.008,46.762,84.529
1785810114,780293457,1785810114,780293457,74.024,1,848,480,45.05,39.666,1.489,38.177,8.643,8.346,18.392,2.796,29.534,5.372,0.012,46.87,91.959
1785810114,813598633,1785810114,813598633,53.274,1,848,480,52.714,48.464,2.342,46.122,17.47,8.486,17.31,2.855,28.651,4.237,0.013,59.165,111.946
1785810114,846903320,1785810114,846903320,45.447,1,848,480,44.989,44.331,0.928,43.403,14.577,8.962,17.143,2.721,28.826,0.65,0.007,79.027,124.051
1785810114,913511475,1785810114,913511475,40.755,1,848,480,40.368,39.652,0.805,38.846,6.608,11.733,17.429,3.076,32.238,0.708,0.009,57.794,98.21
1785810114,980117920,1785810114,980117920,56.666,1,848,480,38.051,37.339,1.522,35.817,6.246,8.75,17.998,2.823,29.571,0.703,0.008,50.184,88.262
1785810115,46722900,1785810115,46722900,63.778,1,848,480,38.184,37.427,1.582,35.845,6.021,8.158,16.89,4.776,29.824,0.745,0.012,47.228,85.458
1785810115,113326172,1785810115,113326172,66.187,1,848,480,38.087,37.392,1.529,35.863,7.043,8.128,16.831,3.861,28.82,0.686,0.008,46.903,85.021
1785810115,179926270,1785810115,179926270,66.596,1,848,480,37.88,37.28,1.491,35.789,6.807,8.509,16.892,3.581,28.982,0.592,0.007,47.106,85.009
1785810115,246634766,1785810115,246634766,69.845,1,848,480,40.649,40.013,1.563,38.45,9.118,8.143,16.807,4.382,29.332,0.628,0.008,47.474,88.148
1785810115,313343750,1785810115,313343750,66.528,1,848,480,40.128,39.511,1.681,37.831,9.272,8.624,16.963,2.972,28.558,0.609,0.008,47.814,88.042
1785810115,380053223,1785810115,380053223,65.738,1,848,480,39.605,38.927,1.525,37.402,6.075,8.185,16.939,6.203,31.327,0.67,0.007,47.365,86.998
1785810115,446763428,1785810115,446763428,65.104,1,848,480,37.927,37.186,1.697,35.489,6.346,8.556,16.925,3.662,29.142,0.732,0.009,47.439,85.402
1785810115,513474365,1785810115,513474365,66.771,1,848,480,37.943,37.236,1.552,35.684,6.078,8.534,17.081,3.992,29.607,0.698,0.009,47.483,85.461
1785810115,580186035,1785810115,580186035,66.141,1,848,480,37.101,36.419,1.525,34.895,6.008,8.069,16.953,3.864,28.886,0.672,0.01,47.755,84.9
1785810115,646898193,1785810115,646898193,67.508,1,848,480,38.136,37.522,1.51,36.012,6.786,8.252,17.152,3.824,29.227,0.606,0.008,47.514,85.728
1785810115,713610840,1785810115,713610840,69.764,1,848,480,41.651,36.501,1.468,35.034,6.316,8.119,16.864,3.734,28.718,5.138,0.012,47.055,88.74
1785810115,780324219,1785810115,780324219,62.561,1,848,480,37.264,36.635,1.407,35.228,6.238,8.142,16.889,3.959,28.99,0.622,0.008,47.285,84.581
1785810115,847038330,1785810115,847038330,67.603,1,848,480,38.344,37.609,1.453,36.157,6.037,8.119,16.81,5.191,30.12,0.727,0.009,47.094,85.465
1785810115,913753174,1785810115,913753174,66.22,1,848,480,37.867,37.122,1.429,35.693,6.283,8.65,16.972,3.788,29.41,0.737,0.009,47.077,84.979
1785810115,980468506,1785810115,980468506,71.407,1,848,480,42.51,41.925,1.525,40.401,8.01,8.202,17.836,6.353,32.39,0.577,0.007,47.124,89.657
1785810116,47184326,1785810116,47184326,67.138,1,848,480,42.425,41.739,1.373,40.367,6.22,8.3,23.333,2.513,34.147,0.678,0.008,47.634,90.102
1785810116,113901123,1785810116,113901123,69.477,1,848,480,45.109,44.475,1.488,42.987,6.211,8.092,26.218,2.466,36.776,0.627,0.007,47.708,92.841
1785810116,147259521,1785810116,147259521,36.974,1,848,480,36.551,35.924,0.989,34.935,6.44,9.001,16.967,2.528,28.495,0.62,0.007,59.87,96.459
1785810116,214057373,1785810116,214057373,67.03,1,848,480,43.807,43.1,1.635,41.464,7.03,14.58,17.056,2.798,34.434,0.698,0.009,52.862,96.702
1785810116,280939941,1785810116,280939941,55.275,1,848,480,36.96,36.291,1.888,34.403,6.531,8.266,16.814,2.792,27.872,0.66,0.008,48.103,85.091
1785810116,347825439,1785810116,347825439,67.499,1,848,480,37.609,36.997,2.128,34.869,6.606,8.552,17.092,2.619,28.263,0.604,0.007,48.067,85.741
1785810116,414713867,1785810116,414713867,65.224,1,848,480,36.824,36.213,1.856,34.357,6.131,8.411,17.084,2.731,28.226,0.604,0.007,47.186,84.03
1785810116,448159180,1785810116,448159180,48.374,1,848,480,39.382,38.693,2.014,36.679,6.501,10.186,17.231,2.761,30.178,0.68,0.008,59.56,98.968
1785810116,481605225,1785810116,481605225,59.372,1,848,480,52.687,51.946,2.446,49.5,14.198,8.386,22.155,4.76,35.302,0.732,0.009,72.172,124.9
1785810116,548499512,1785810116,548499512,47.483,1,848,480,41.584,40.566,2.268,38.297,8.263,9.254,17.106,3.674,30.034,1.008,0.01,63.875,105.557
1785810116,615396729,1785810116,615396729,65.539,1,848,480,38.584,37.715,2.374,35.34,6.663,8.976,16.76,2.941,28.678,0.861,0.009,65.513,104.132
1785810116,682296875,1785810116,682296875,57.59,1,848,480,36.934,36.26,1.511,34.748,6.524,8.765,16.897,2.562,28.224,0.667,0.008,57.849,94.81
1785810116,749199951,1785810116,749199951,62.994,1,848,480,36.915,36.255,1.642,34.613,6.127,8.741,17.19,2.555,28.486,0.652,0.008,53.959,90.902
1785810116,816105713,1785810116,816105713,61.44,1,848,480,39.262,38.54,3.033,35.508,7.68,8.191,17.077,2.561,27.828,0.713,0.008,46.151,85.436
1785810116,883014648,1785810116,883014648,66.777,1,848,480,37.293,36.674,2.081,34.593,6.583,8.387,17.153,2.469,28.009,0.611,0.008,47.986,85.302
1785810116,949926514,1785810116,949926514,65.428,1,848,480,37.937,37.236,1.862,35.374,6.194,8.25,18.323,2.607,29.18,0.693,0.008,45.861,83.819
1785810117,16841309,1785810117,16841309,67.132,1,848,480,37.79,37.161,2.578,34.583,6.462,8.524,16.966,2.632,28.122,0.622,0.007,46.223,84.035
1785810117,83758789,1785810117,83758789,66.546,1,848,480,37.992,37.243,2.713,34.53,6.407,8.189,16.907,3.027,28.122,0.741,0.007,45.654,83.668
1785810117,150679443,1785810117,150679443,69.073,1,848,480,39.22,38.601,3.127,35.473,6.428,9.457,16.968,2.62,29.046,0.612,0.008,46.573,85.816
1785810117,217580078,1785810117,217580078,63.676,1,848,480,36.448,35.83,0.975,34.855,6.687,8.536,16.907,2.725,28.168,0.61,0.008,46.12,82.59
1785810117,284464355,1785810117,284464355,68.334,1,848,480,38.952,38.312,2.956,35.356,6.815,8.539,17.051,2.951,28.541,0.632,0.007,45.068,84.043
1785810117,351351318,1785810117,351351318,65.466,1,848,480,37.229,36.627,2.283,34.344,6.358,8.486,16.931,2.569,27.986,0.594,0.008,45.369,82.618
1785810117,418241211,1785810117,418241211,68.678,1,848,480,35.681,35.024,1.589,33.434,5.838,8.118,16.999,2.479,27.596,0.65,0.008,48.703,84.41
1785810117,518581543,1785810117,518581543,100.422,1,848,480,40.719,40.088,1.596,38.491,6.317,8.597,17.385,6.192,32.174,0.625,0.007,43.744,84.487
1785810117,585479004,1785810117,585479004,64.34,1,848,480,38.211,37.603,1.486,36.117,6.475,8.789,17.084,3.769,29.642,0.6,0.007,43.695,81.928
1785810117,652379150,1785810117,652379150,67.573,1,848,480,39.531,38.771,1.435,37.336,6.22,8.553,17.128,5.435,31.116,0.753,0.007,43.047,82.609
1785810117,719282471,1785810117,719282471,64.867,1,848,480,37.189,36.589,1.451,35.138,6.653,8.094,16.917,3.474,28.485,0.592,0.007,43.355,80.565
1785810117,786188477,1785810117,786188477,70.201,1,848,480,40.696,40.008,1.534,38.474,6.194,8.087,18.859,5.333,32.279,0.681,0.007,43.142,83.865
1785810117,853097656,1785810117,853097656,64.395,1,848,480,38.338,37.745,1.492,36.253,6.722,8.099,16.903,4.53,29.532,0.586,0.008,42.986,81.35
1785810117,920009766,1785810117,920009766,65.63,1,848,480,37.315,36.709,1.603,35.107,6.438,8.331,17.18,3.157,28.668,0.599,0.007,42.728,80.067
1785810117,986924805,1785810117,986924805,67.964,1,848,480,38.572,37.785,1.553,36.232,5.81,8.751,19.043,2.628,30.422,0.78,0.007,42.519,81.115
1785810118,53842773,1785810118,53842773,65.79,1,848,480,37.514,36.877,1.472,35.405,6.326,8.473,17.067,3.538,29.079,0.63,0.007,42.45,79.989
1785810118,120763672,1785810118,120763672,66.19,1,848,480,37.45,36.792,1.521,35.271,6.17,8.466,16.915,3.72,29.101,0.65,0.008,41.799,79.258
1785810118,187684814,1785810118,187684814,67.743,1,848,480,38.041,37.423,1.49,35.933,5.886,8.132,17.005,4.91,30.047,0.611,0.008,42.015,80.079
1785810118,254567139,1785810118,254567139,68.685,1,848,480,39.907,39.329,1.47,37.859,8.197,8.817,17.986,2.858,29.661,0.571,0.007,41.951,81.879
1785810118,321452148,1785810118,321452148,63.635,1,848,480,36.968,36.293,1.594,34.7,6.495,8.198,16.986,3.022,28.205,0.667,0.007,41.64,78.633
1785810118,388340332,1785810118,388340332,66.555,1,848,480,37.024,36.409,1.527,34.881,5.835,8.346,16.936,3.765,29.046,0.608,0.007,41.254,78.299
1785810118,455231445,1785810118,455231445,65.986,1,848,480,36.451,35.852,1.488,34.364,6.085,8.078,16.841,3.36,28.28,0.591,0.008,40.918,77.393
1785810118,522125488,1785810118,522125488,71.828,1,848,480,41.425,40.787,1.521,39.266,6.584,8.082,16.928,7.672,32.682,0.63,0.008,40.88,82.33
1785810118,589022461,1785810118,589022461,62.802,1,848,480,37.243,36.66,1.522,35.137,6.581,8.118,16.965,3.474,28.557,0.576,0.007,40.965,78.232
1785810118,655922363,1785810118,655922363,70.007,1,848,480,41.057,40.341,1.497,38.844,6.091,8.119,21.407,3.227,32.753,0.707,0.009,40.26,81.35
1785810118,722825195,1785810118,722825195,63.35,1,848,480,37.315,36.696,1.528,35.168,6.447,8.554,16.908,3.259,28.721,0.611,0.007,40.449,77.787
1785810118,789730957,1785810118,789730957,67.289,1,848,480,37.823,37.207,1.577,35.63,6.882,8.533,16.947,3.268,28.748,0.609,0.007,40.323,78.169
1785810118,856639893,1785810118,856639893,65.331,1,848,480,36.694,36.114,1.613,34.501,5.967,8.216,16.821,3.497,28.534,0.573,0.007,39.874,76.701
1785810118,923551514,1785810118,923551514,67.023,1,848,480,37.289,36.48,1.447,35.033,6.611,8.091,16.949,3.381,28.422,0.8,0.009,39.394,76.717
1785810118,990466309,1785810118,990466309,74.653,1,848,480,41.276,40.578,1.141,39.437,10.129,8.667,17.431,3.211,29.308,0.689,0.008,43.152,84.444
1785810119,57383789,1785810119,57383789,62.281,1,848,480,39.38,38.681,1.877,36.804,6.891,8.956,17.174,3.783,29.913,0.691,0.008,40.405,79.813
1785810119,124304443,1785810119,124304443,71.807,1,848,480,43.743,42.977,1.951,41.026,7.266,8.849,21.846,3.065,33.76,0.758,0.008,40.93,84.694
1785810119,191225586,1785810119,191225586,63.913,1,848,480,41.727,40.887,1.147,39.74,7.024,9.52,20.549,2.646,32.715,0.832,0.008,39.935,81.689
1785810119,258107422,1785810119,258107422,68.705,1,848,480,43.31,42.655,0.841,41.815,12.442,9.018,17.272,3.083,29.373,0.647,0.007,40.191,83.507
1785810119,324992432,1785810119,324992432,64.471,1,848,480,37.83,37.132,1.889,35.243,6.67,8.683,17.24,2.65,28.573,0.689,0.009,43.244,81.108
1785810119,391880127,1785810119,391880127,61.624,1,848,480,36.708,36.08,1.639,34.441,6.073,8.357,17.351,2.66,28.368,0.621,0.007,39.097,75.831
1785810119,458770996,1785810119,458770996,71.651,1,848,480,41.599,40.993,1.843,39.151,7.475,8.817,19.409,3.45,31.676,0.599,0.008,38.968,82.549
1785810119,492217529,1785810119,492217529,56.458,1,848,480,46.261,45.511,7.25,38.261,8.033,8.954,16.957,4.318,30.228,0.739,0.01,57.322,103.624
1785810119,525664795,1785810119,525664795,69.028,1,848,480,68.231,67.464,1.214,66.25,31.649,13.292,17.17,4.139,34.601,0.756,0.01,70.926,139.2
1785810119,592561279,1785810119,592561279,48.698,1,848,480,47.945,47.189,3.653,43.537,12.913,10.591,17.331,2.703,30.624,0.747,0.009,73.008,120.996
1785810119,659460938,1785810119,659460938,64.977,1,848,480,64.564,63.897,1.078,62.819,33.026,9.978,17.284,2.531,29.792,0.659,0.008,54.46,119.074
1785810119,726363525,1785810119,726363525,57.124,1,848,480,51.614,50.98,6.812,44.168,15.629,8.441,16.959,3.138,28.538,0.627,0.007,57.646,109.281
1785810119,793269043,1785810119,793269043,42.439,1,848,480,42.052,41.398,2.325,39.073,10.641,8.704,17.25,2.478,28.432,0.647,0.007,42.728,84.818
1785810119,860177490,1785810119,860177490,59.913,1,848,480,38.488,37.645,1.298,36.347,6.762,8.074,19.024,2.487,29.585,0.834,0.009,39.311,77.828
1785810119,927088867,1785810119,927088867,67.324,1,848,480,41.31,40.682,1.552,39.13,6.055,8.352,22.216,2.507,33.075,0.621,0.007,36.899,78.235
1785810119,994003418,1785810119,994003418,65.695,1,848,480,40.163,39.503,1.555,37.948,6.131,9.751,19.493,2.573,31.817,0.653,0.007,36.826,77.015
1785810120,60920654,1785810120,60920654,64.211,1,848,480,37.962,37.35,1.195,36.155,7.402,8.266,17.032,3.454,28.752,0.605,0.008,36.321,74.307
1785810120,127840820,1785810120,127840820,71.919,1,848,480,40.611,39.987,2.505,37.482,9.156,8.346,17.43,2.55,28.326,0.616,0.007,38.677,79.306
1785810120,194761963,1785810120,194761963,64.996,1,848,480,41.003,40.385,1.529,38.856,6.116,8.239,17.12,7.381,32.74,0.611,0.007,36.354,77.381
1785810120,261556396,1785810120,261556396,62.531,1,848,480,36.305,35.61,1.263,34.347,6.05,8.132,17.425,2.74,28.297,0.687,0.008,36.79,73.124
1785810120,328351318,1785810120,328351318,69.759,1,848,480,39.882,39.291,2.251,37.04,9.164,8.199,16.891,2.785,27.875,0.584,0.007,36.214,76.097
1785810120,395146973,1785810120,395146973,65.067,1,848,480,38.103,37.427,1.561,35.866,7.458,8.077,17.455,2.876,28.408,0.668,0.008,36.225,74.352
1785810120,461943115,1785810120,461943115,72.214,1,848,480,43.662,42.967,1.45,41.518,10.467,9.125,16.871,5.056,31.051,0.688,0.007,36.083,79.772
1785810120,495341553,1785810120,495341553,47.19,1,848,480,42.982,42.126,1.031,41.095,12.768,9.212,16.494,2.621,28.327,0.846,0.009,50.561,93.631
1785810120,562138672,1785810120,562138672,56.013,1,848,480,41.315,40.648,2.103,38.545,9.589,9.189,17.167,2.6,28.956,0.659,0.008,41.44,82.779
1785810120,628936523,1785810120,628936523,62.119,1,848,480,37.082,36.427,1.619,34.808,6.373,8.609,17.197,2.628,28.434,0.648,0.008,40.994,78.103
1785810120,695735107,1785810120,695735107,69.849,1,848,480,37.133,36.494,1.594,34.901,6.29,8.767,17.198,2.646,28.611,0.631,0.008,43.994,81.151
1785810120,762534180,1785810120,762534180,62.197,1,848,480,35.783,35.09,1.418,33.672,6.105,8.085,16.983,2.498,27.567,0.685,0.008,40.742,76.552
1785810120,829333984,1785810120,829333984,64.856,1,848,480,38.179,37.49,2.809,34.681,6.923,8.16,17.005,2.594,27.759,0.681,0.008,36.402,74.606
1785810120,896134277,1785810120,896134277,69.327,1,848,480,37.054,36.446,2.061,34.385,6.217,8.537,16.971,2.661,28.169,0.6,0.008,40.053,77.134
1785810120,962935547,1785810120,962935547,65.374,1,848,480,35.637,34.723,1.22,33.503,5.953,8.07,17.032,2.448,27.55,0.904,0.01,40.045,75.788
1785810121,29737305,1785810121,29737305,65.121,1,848,480,38.196,37.563,1.075,36.488,8.851,8.132,16.968,2.537,27.637,0.625,0.007,35.819,74.024
1785810121,96539551,1785810121,96539551,67.175,1,848,480,37.918,37.282,2.751,34.531,6.22,8.509,17.14,2.662,28.311,0.628,0.008,36.457,74.4
1785810121,163342529,1785810121,163342529,65.385,1,848,480,35.852,35.249,1.619,33.63,5.943,8.149,17.053,2.484,27.687,0.596,0.008,37.103,73.002
1785810121,230121094,1785810121,230121094,67.741,1,848,480,37.406,36.712,1.524,35.188,6.7,8.217,16.985,3.285,28.487,0.686,0.008,36.512,73.945
1785810121,296944336,1785810121,296944336,67.948,1,848,480,37.995,37.284,1.723,35.561,6.742,8.643,17.141,3.035,28.819,0.703,0.008,37.047,75.073
1785810121,363827393,1785810121,363827393,66.356,1,848,480,36.846,36.13,2.285,33.845,6.075,8.15,17.177,2.443,27.77,0.708,0.008,37.669,74.542
1785810121,430713135,1785810121,430713135,64.881,1,848,480,36.917,36.307,1.91,34.398,6.274,8.506,16.951,2.666,28.123,0.602,0.008,35.599,72.534
1785810121,531047363,1785810121,531047363,101.977,1,848,480,39.857,39.274,1.528,37.745,9.59,8.54,16.847,2.769,28.156,0.576,0.007,34.294,74.176
1785810121,597940186,1785810121,597940186,67.765,1,848,480,40.407,39.739,1.539,38.199,6.545,8.679,19.723,3.252,31.654,0.661,0.007,34.616,75.049
1785810121,664836182,1785810121,664836182,68.25,1,848,480,42.791,42.183,1.449,40.734,7.201,8.52,21.603,3.41,33.533,0.599,0.008,33.627,76.404
1785810121,731734863,1785810121,731734863,62.573,1,848,480,38.542,37.924,1.547,36.377,7.438,8.485,16.905,3.55,28.939,0.611,0.007,33.508,72.077
1785810121,798636475,1785810121,798636475,65.203,1,848,480,37.08,36.452,1.571,34.881,6.342,8.143,17.184,3.212,28.539,0.621,0.008,33.273,70.379
1785810121,865540771,1785810121,865540771,66.579,1,848,480,37.09,36.439,1.426,35.014,6.373,8.082,17.137,3.422,28.641,0.642,0.008,32.94,70.058
1785810121,932447998,1785810121,932447998,67.614,1,848,480,37.388,36.8,1.513,35.287,6.734,8.525,16.918,3.11,28.553,0.58,0.007,33.346,70.756
1785810121,999358154,1785810121,999358154,70.099,1,848,480,40.821,40.163,1.535,38.628,6.332,8.615,21.032,2.648,32.296,0.651,0.008,33.104,73.951
1785810122,66271240,1785810122,66271240,66.114,1,848,480,40.474,39.859,1.571,38.288,6.47,8.715,20.454,2.648,31.818,0.608,0.008,32.65,73.164
1785810122,133187012,1785810122,133187012,63.901,1,848,480,37.05,36.467,1.469,34.998,6.779,8.189,16.912,3.117,28.219,0.576,0.008,33.059,70.134
1785810122,200105713,1785810122,200105713,65.19,1,848,480,36.37,35.621,1.523,34.099,6.107,8.098,16.964,2.93,27.992,0.74,0.008,32.011,68.412
1785810122,267010986,1785810122,267010986,67.757,1,848,480,37.177,36.591,1.511,35.08,6.624,8.154,16.944,3.358,28.456,0.579,0.007,32.055,69.254
1785810122,333630371,1785810122,333630371,69.888,1,848,480,41.918,40.009,1.49,38.519,6.964,8.351,20.741,2.464,31.555,0.615,1.294,31.869,73.866
1785810122,400247803,1785810122,400247803,63.215,1,848,480,36.516,35.888,1.488,34.4,6.102,8.17,16.886,3.241,28.298,0.619,0.009,32.584,69.126
1785810122,466863770,1785810122,466863770,69.911,1,848,480,40.393,39.734,1.429,38.305,9.453,8.677,16.945,3.229,28.851,0.652,0.007,32.001,72.438
1785810122,533477783,1785810122,533477783,65.719,1,848,480,38.862,38.218,1.553,36.665,6.272,8.601,19.06,2.732,30.393,0.637,0.008,32.637,71.523
1785810122,600090332,1785810122,600090332,66.441,1,848,480,38.495,37.844,1.588,36.257,7.83,8.082,16.856,3.489,28.427,0.643,0.007,32.832,71.39
1785810122,666701172,1785810122,666701172,67.381,1,848,480,39.181,38.475,1.589,36.885,6.024,8.081,19.977,2.803,30.861,0.698,0.009,32.919,72.134
1785810122,733310303,1785810122,733310303,65.422,1,848,480,37.968,37.381,1.536,35.845,6.478,8.284,17.04,4.043,29.367,0.579,0.008,32.943,70.934
1785810122,799917969,1785810122,799917969,65.72,1,848,480,37.042,36.168,1.524,34.643,6.531,8.089,17.089,2.935,28.112,0.75,0.124,33.099,70.185
1785810122,866523682,1785810122,866523682,70.987,1,848,480,41.186,40.511,1.453,39.058,10.479,8.506,16.923,3.15,28.579,0.668,0.007,33.217,74.426
1785810122,933127930,1785810122,933127930,61.295,1,848,480,36.365,35.639,1.458,34.182,5.917,8.11,17.347,2.808,28.265,0.718,0.008,32.73,69.124
1785810122,999730225,1785810122,999730225,69.816,1,848,480,38.86,38.204,1.512,36.692,7.298,8.802,17.398,3.195,29.394,0.649,0.007,33.449,72.335
1785810123,99630859,1785810123,99630859,102.126,1,848,480,36.664,36.024,1.627,34.397,6.307,8.482,17.002,2.606,28.09,0.633,0.007,37.871,74.559
1785810123,166229248,1785810123,166229248,68.058,1,848,480,36.892,36.278,1.436,34.842,6.275,8.741,17.16,2.667,28.567,0.606,0.007,39.101,76.017
1785810123,232825684,1785810123,232825684,62.561,1,848,480,36.716,36.093,2.277,33.815,6.236,8.155,16.881,2.544,27.58,0.616,0.008,35.243,71.983
1785810123,299437256,1785810123,299437256,66.332,1,848,480,36.187,35.019,1.65,33.369,5.901,8.123,16.796,2.548,27.467,1.159,0.009,35.494,71.715
1785810123,366059326,1785810123,366059326,67.415,1,848,480,36.911,36.248,1.703,34.545,6.371,8.5,17.035,2.64,28.175,0.654,0.008,35.563,72.5
1785810123,432679688,1785810123,432679688,65.759,1,848,480,36.552,35.955,1.643,34.312,6.386,8.534,16.902,2.49,27.927,0.59,0.007,35.06,71.658
1785810123,499298584,1785810123,499298584,67.363,1,848,480,36.887,36.084,1.487,34.597,6.45,8.154,16.85,3.143,28.147,0.794,0.008,35.471,72.39
1785810123,565916016,1785810123,565916016,67.319,1,848,480,36.286,35.658,0.83,34.828,6.303,8.912,17.004,2.609,28.525,0.621,0.008,36.772,73.082
1785810123,632531494,1785810123,632531494,68.926,1,848,480,36.198,35.534,1.432,34.102,6.476,8.074,17.004,2.549,27.626,0.657,0.007,39.17,75.394
